Unity Editor version:    6000.3.6f1 (bbb010bdb8a3)
Branch:                  6000.3/respin/6000.3.6f1-732c1ec89f18
Build type:              Release
Batch mode:              YES
System name:             Linux
Distro version:          #22~24.04.1-Ubuntu SMP PREEMPT_DYNAMIC Thu Mar 26 15:25:54 UTC 2
Kernel version:          6.17.0-22-generic
Architecture:            x86_64
Available memory:        15205 MB
Date:                    2026-05-04T20:20:22Z
[Licensing::Module] Trying to connect to existing licensing client channel...
[Licensing::IpcConnector] Successfully connected to: "LicenseClient-collector25061" at "2026-05-04T20:20:22.322401Z"
[SignatureVerifier] Application signature verification not supported on this platform.
[Licensing::Client] Handshaking with LicensingClient:
  Version:                 1.17.4+4293ba1
  Session Id:              8f16162134b449b68f833ae71062494e
  Correlation Id:          7d722a6262b458870b57e218da3e7073
  External correlation Id: 4149916377126645849
  Machine Id:              reyimwx9n/iaWxeQDpiYtRc7igQ=
[Licensing::Module] Successfully connected to LicensingClient on channel: "LicenseClient-collector25061" (connect: 0.00s, validation: 0.00s, handshake: 0.00s)
[Licensing::IpcConnector] Successfully connected to: "LicenseClient-collector25061-notifications" at "2026-05-04T20:20:22.326087Z"
[Licensing::Module] Licensing Background thread has ended after 0.00s
Selected window backend: (null) 
Desktop is 4480 x 1440 @ 60 Hz
Initialize udev device monitor.

COMMAND LINE ARGUMENTS:
Unity
-adb2
-batchMode
-noUpm
-name
AssetImportWorker0
-projectPath
/home/collector25061/Documents/GitHub/Cross-Study-Analysis-between-Virtual-Reality-Object-Manipulation-and-Spatial-Learning-SOFTWARE/My project
-logFile
Logs/AssetImportWorker0.log
-srvPort
39025
-licensingIpc
LicenseClient-collector25061
-job-worker-count
7
-background-job-worker-count
8
-gc-helper-count
1
Successfully changed project path to: /home/collector25061/Documents/GitHub/Cross-Study-Analysis-between-Virtual-Reality-Object-Manipulation-and-Spatial-Learning-SOFTWARE/My project
/home/collector25061/Documents/GitHub/Cross-Study-Analysis-between-Virtual-Reality-Object-Manipulation-and-Spatial-Learning-SOFTWARE/My project
[UnityMemory] Configuration Parameters - Can be set up in boot.config
    "memorysetup-allocator-temp-initial-block-size-main=262144"
    "memorysetup-allocator-temp-initial-block-size-worker=262144"
    "memorysetup-temp-allocator-size-background-worker=32768"
    "memorysetup-temp-allocator-size-job-worker=262144"
    "memorysetup-temp-allocator-size-preload-manager=33554432"
    "memorysetup-temp-allocator-size-nav-mesh-worker=65536"
    "memorysetup-temp-allocator-size-audio-worker=65536"
    "memorysetup-temp-allocator-size-cloud-worker=32768"
    "memorysetup-temp-allocator-size-gi-baking-worker=262144"
    "memorysetup-temp-allocator-size-gi-baking-worker=262144"
    "memorysetup-temp-allocator-size-gi-baking-worker=262144"
    "memorysetup-temp-allocator-size-gi-baking-worker=262144"
    "memorysetup-temp-allocator-size-gi-baking-worker=262144"
    "memorysetup-bucket-allocator-granularity=16"
    "memorysetup-bucket-allocator-bucket-count=8"
    "memorysetup-bucket-allocator-block-size=33554432"
    "memorysetup-bucket-allocator-block-count=8"
    "memorysetup-main-allocator-block-size=16777216"
    "memorysetup-thread-allocator-block-size=16777216"
    "memorysetup-gfx-main-allocator-block-size=16777216"
    "memorysetup-gfx-thread-allocator-block-size=16777216"
    "memorysetup-cache-allocator-block-size=4194304"
    "memorysetup-typetree-allocator-block-size=2097152"
    "memorysetup-profiler-bucket-allocator-granularity=16"
    "memorysetup-profiler-bucket-allocator-bucket-count=8"
    "memorysetup-profiler-bucket-allocator-block-size=33554432"
    "memorysetup-profiler-bucket-allocator-block-count=8"
    "memorysetup-profiler-allocator-block-size=16777216"
    "memorysetup-profiler-editor-allocator-block-size=1048576"
    "memorysetup-temp-allocator-size-main=16777216"
    "memorysetup-job-temp-allocator-block-size=2097152"
    "memorysetup-job-temp-allocator-block-size-background=1048576"
    "memorysetup-job-temp-allocator-reduction-small-platforms=262144"
    "memorysetup-temp-allocator-size-gfx=262144"
Player connection [135951302105920]  Target information:

Player connection [135951302105920]  * "[IP] 10.140.44.20 [Port] 0 [Flags] 2 [Guid] 3191376906 [EditorId] 3191376906 [Version] 1048832 [Id] LinuxEditor(16,10.140.44.20) [Debug] 1 [PackageName] LinuxEditor [ProjectName] Editor" 

Player connection [135951302105920]  * "[IP] 100.66.165.22 [Port] 0 [Flags] 2 [Guid] 3191376906 [EditorId] 3191376906 [Version] 1048832 [Id] LinuxEditor(16,10.140.44.20) [Debug] 1 [PackageName] LinuxEditor [ProjectName] Editor" 

Player connection [135951302105920] Host joined multi-casting on [225.0.0.222:54997]...
Player connection [135951302105920] Host joined alternative multi-casting on [225.0.0.222:34997]...
JobSystem: Creating JobQueue using job-worker-count value 7
Input System module state changed to: Initialized.
[Physics::Module] Initialized fallback backend.
[Physics::Module] Id: 0xdecafbad
Library Redirect Path: Library/
[Physics::Module] Selected backend.
[Physics::Module] Name: PhysX
[Physics::Module] Id: 0xf2b8ea05
[Physics::Module] SDK Version: 4.1.2
[Physics::Module] Integration Version: 1.0.0
[Physics::Module] Threading Mode: Multi-Threaded
[Licensing::Client] Successfully resolved entitlement details
[Licensing::Module] License group:
  Id: 2474148848911-UnityPersXXXX
  Product: Unity Personal
  Type: Assigned
  Expiration: Unlimited
Refreshing native plugins compatible for Editor in 79.41 ms, found 0 plugins.
Preloading 0 native plugins for Editor in 0.00 ms.
Initialize engine version: 6000.3.6f1 (bbb010bdb8a3)
[Subsystems] Discovering subsystems at path /home/collector25061/Unity/Hub/Editor/6000.3.6f1/Editor/Data/Resources/UnitySubsystems
[Subsystems] Discovering subsystems at path /home/collector25061/Documents/GitHub/Cross-Study-Analysis-between-Virtual-Reality-Object-Manipulation-and-Spatial-Learning-SOFTWARE/My project/Assets
kGfxThreadingModeNonThreaded is not supported on OpenGL Core. Reverting to kGfxThreadingModeDirect instead.
GfxDevice: creating device client; kGfxThreadingModeDirect
GLX Extensions: GLX_ARB_context_flush_control GLX_ARB_create_context GLX_ARB_create_context_no_error GLX_ARB_create_context_profile GLX_ARB_create_context_robustness GLX_ARB_fbconfig_float GLX_ARB_framebuffer_sRGB GLX_ARB_get_proc_address GLX_ARB_multisample GLX_EXT_buffer_age GLX_EXT_create_context_es2_profile GLX_EXT_create_context_es_profile GLX_EXT_fbconfig_packed_float GLX_EXT_framebuffer_sRGB GLX_EXT_no_config_context GLX_EXT_swap_control GLX_EXT_swap_control_tear GLX_EXT_texture_from_pixmap GLX_EXT_visual_info GLX_EXT_visual_rating GLX_INTEL_swap_event GLX_MESA_copy_sub_buffer GLX_MESA_gl_interop GLX_MESA_query_renderer GLX_MESA_swap_control GLX_OML_sync_control GLX_SGIS_multisample GLX_SGIX_fbconfig GLX_SGIX_pbuffer GLX_SGIX_visual_select_group GLX_SGI_make_current_read GLX_SGI_swap_control GLX_SGI_video_sync 
Renderer: AMD Radeon Graphics (radeonsi, renoir, ACO, DRM 3.64, 6.17.0-22-generic)
Vendor:   AMD
Version:  4.6 (Core Profile) Mesa 25.2.8-0ubuntu0.24.04.1
GLES:     0
 GL_AMD_conservative_depth GL_AMD_depth_clamp_separate GL_AMD_draw_buffers_blend GL_AMD_framebuffer_multisample_advanced GL_AMD_gpu_shader_int64 GL_AMD_multi_draw_indirect GL_AMD_performance_monitor GL_AMD_pinned_memory GL_AMD_query_buffer_object GL_AMD_seamless_cubemap_per_texture GL_AMD_shader_stencil_export GL_AMD_shader_trinary_minmax GL_AMD_texture_texture4 GL_AMD_vertex_shader_layer GL_AMD_vertex_shader_viewport_index GL_ANGLE_texture_compression_dxt3 GL_ANGLE_texture_compression_dxt5 GL_ARB_ES2_compatibility GL_ARB_ES3_1_compatibility GL_ARB_ES3_2_compatibility GL_ARB_ES3_compatibility GL_ARB_arrays_of_arrays GL_ARB_base_instance GL_ARB_bindless_texture GL_ARB_blend_func_extended GL_ARB_buffer_storage GL_ARB_clear_buffer_object GL_ARB_clear_texture GL_ARB_clip_control GL_ARB_color_buffer_float GL_ARB_compressed_texture_pixel_storage GL_ARB_compute_shader GL_ARB_compute_variable_group_size GL_ARB_conditional_render_inverted GL_ARB_conservative_depth GL_ARB_copy_buffer GL_ARB_copy_image GL_ARB_cull_dist
ance GL_ARB_debug_output GL_ARB_depth_buffer_float GL_ARB_depth_clamp GL_ARB_derivative_control GL_ARB_direct_state_access GL_ARB_draw_buffers GL_ARB_draw_buffers_blend GL_ARB_draw_elements_base_vertex GL_ARB_draw_indirect GL_ARB_draw_instanced GL_ARB_enhanced_layouts GL_ARB_explicit_attrib_location GL_ARB_explicit_uniform_location GL_ARB_fragment_coord_conventions GL_ARB_fragment_layer_viewport GL_ARB_fragment_shader GL_ARB_framebuffer_no_attachments GL_ARB_framebuffer_object GL_ARB_framebuffer_sRGB GL_ARB_get_program_binary GL_ARB_get_texture_sub_image GL_ARB_gl_spirv GL_ARB_gpu_shader5 GL_ARB_gpu_shader_fp64 GL_ARB_gpu_shader_int64 GL_ARB_half_float_pixel GL_ARB_half_float_vertex GL_ARB_indirect_parameters GL_ARB_instanced_arrays GL_ARB_internalformat_query GL_ARB_internalformat_query2 GL_ARB_invalidate_subdata GL_ARB_map_buffer_alignment GL_ARB_map_buffer_range GL_ARB_multi_bind GL_ARB_multi_draw_indirect GL_ARB_occlusion_query2 GL_ARB_parallel_shader_compile GL_ARB_pipeline_statistics_query GL_ARB_pixel
_buffer_object GL_ARB_point_sprite GL_ARB_polygon_offset_clamp GL_ARB_program_interface_query GL_ARB_provoking_vertex GL_ARB_query_buffer_object GL_ARB_robust_buffer_access_behavior GL_ARB_robustness GL_ARB_sample_shading GL_ARB_sampler_objects GL_ARB_seamless_cube_map GL_ARB_seamless_cubemap_per_texture GL_ARB_separate_shader_objects GL_ARB_shader_atomic_counter_ops GL_ARB_shader_atomic_counters GL_ARB_shader_ballot GL_ARB_shader_bit_encoding GL_ARB_shader_clock GL_ARB_shader_draw_parameters GL_ARB_shader_group_vote GL_ARB_shader_image_load_store GL_ARB_shader_image_size GL_ARB_shader_objects GL_ARB_shader_precision GL_ARB_shader_stencil_export GL_ARB_shader_storage_buffer_object GL_ARB_shader_subroutine GL_ARB_shader_texture_image_samples GL_ARB_shader_texture_lod GL_ARB_shader_viewport_layer_array GL_ARB_shading_language_420pack GL_ARB_shading_language_include GL_ARB_shading_language_packing GL_ARB_sparse_buffer GL_ARB_sparse_texture GL_ARB_sparse_texture2 GL_ARB_sparse_texture_clamp GL_ARB_spirv_extensio
ns GL_ARB_stencil_texturing GL_ARB_sync GL_ARB_tessellation_shader GL_ARB_texture_barrier GL_ARB_texture_border_clamp GL_ARB_texture_buffer_object GL_ARB_texture_buffer_object_rgb32 GL_ARB_texture_buffer_range GL_ARB_texture_compression_bptc GL_ARB_texture_compression_rgtc GL_ARB_texture_cube_map_array GL_ARB_texture_filter_anisotropic GL_ARB_texture_filter_minmax GL_ARB_texture_float GL_ARB_texture_gather GL_ARB_texture_mirror_clamp_to_edge GL_ARB_texture_multisample GL_ARB_texture_non_power_of_two GL_ARB_texture_query_levels GL_ARB_texture_query_lod GL_ARB_texture_rectangle GL_ARB_texture_rg GL_ARB_texture_rgb10_a2ui GL_ARB_texture_stencil8 GL_ARB_texture_storage GL_ARB_texture_storage_multisample GL_ARB_texture_swizzle GL_ARB_texture_view GL_ARB_timer_query GL_ARB_transform_feedback2 GL_ARB_transform_feedback3 GL_ARB_transform_feedback_instanced GL_ARB_transform_feedback_overflow_query GL_ARB_uniform_buffer_object GL_ARB_vertex_array_bgra GL_ARB_vertex_array_object GL_ARB_vertex_attrib_64bit GL_ARB_vertex
_attrib_binding GL_ARB_vertex_buffer_object GL_ARB_vertex_shader GL_ARB_vertex_type_10f_11f_11f_rev GL_ARB_vertex_type_2_10_10_10_rev GL_ARB_viewport_array GL_ATI_blend_equation_separate GL_ATI_meminfo GL_ATI_texture_float GL_ATI_texture_mirror_once GL_EXT_EGL_image_storage GL_EXT_EGL_image_storage_compression GL_EXT_EGL_sync GL_EXT_abgr GL_EXT_blend_equation_separate GL_EXT_debug_label GL_EXT_demote_to_helper_invocation GL_EXT_depth_bounds_test GL_EXT_draw_buffers2 GL_EXT_draw_instanced GL_EXT_framebuffer_blit GL_EXT_framebuffer_multisample GL_EXT_framebuffer_multisample_blit_scaled GL_EXT_framebuffer_object GL_EXT_framebuffer_sRGB GL_EXT_memory_object GL_EXT_memory_object_fd GL_EXT_packed_depth_stencil GL_EXT_packed_float GL_EXT_pixel_buffer_object GL_EXT_polygon_offset_clamp GL_EXT_provoking_vertex GL_EXT_semaphore GL_EXT_semaphore_fd GL_EXT_shader_clock GL_EXT_shader_image_load_formatted GL_EXT_shader_image_load_store GL_EXT_shader_integer_mix GL_EXT_shader_samples_identical GL_EXT_texture_array GL_EXT_t
exture_compression_dxt1 GL_EXT_texture_compression_rgtc GL_EXT_texture_compression_s3tc GL_EXT_texture_filter_anisotropic GL_EXT_texture_filter_minmax GL_EXT_texture_integer GL_EXT_texture_mirror_clamp GL_EXT_texture_sRGB GL_EXT_texture_sRGB_R8 GL_EXT_texture_sRGB_decode GL_EXT_texture_shadow_lod GL_EXT_texture_shared_exponent GL_EXT_texture_snorm GL_EXT_texture_storage GL_EXT_texture_swizzle GL_EXT_timer_query GL_EXT_transform_feedback GL_EXT_vertex_array_bgra GL_EXT_vertex_attrib_64bit GL_EXT_window_rectangles GL_IBM_multimode_draw_arrays GL_INTEL_blackhole_render GL_KHR_blend_equation_advanced GL_KHR_context_flush_control GL_KHR_debug GL_KHR_no_error GL_KHR_parallel_shader_compile GL_KHR_robust_buffer_access_behavior GL_KHR_robustness GL_KHR_shader_subgroup GL_KHR_texture_compression_astc_ldr GL_KHR_texture_compression_astc_sliced_3d GL_MESA_framebuffer_flip_y GL_MESA_pack_invert GL_MESA_shader_integer_functions GL_MESA_texture_const_bandwidth GL_MESA_texture_signed_rgba GL_NVX_gpu_memory_info GL_NV_alpha
_to_coverage_dither_control GL_NV_compute_shader_derivatives GL_NV_conditional_render GL_NV_copy_image GL_NV_depth_clamp GL_NV_packed_depth_stencil GL_NV_shader_atomic_int64 GL_NV_texture_barrier GL_NV_vdpau_interop GL_OES_EGL_image GL_S3_s3tc
OPENGL LOG: Creating OpenGL 4.6 graphics device ; Context level  <OpenGL 4.5> ; Context handle 78185120
Initialize mono
Mono path[0] = '/home/collector25061/Unity/Hub/Editor/6000.3.6f1/Editor/Data/Managed'
Mono path[1] = '/home/collector25061/Unity/Hub/Editor/6000.3.6f1/Editor/Data/MonoBleedingEdge/lib/mono/unityjit-linux'
Mono config path = '/home/collector25061/Unity/Hub/Editor/6000.3.6f1/Editor/Data/MonoBleedingEdge/etc'
Using monoOptions --debugger-agent=transport=dt_socket,embedding=1,server=y,suspend=n,address=127.0.0.1:56231
Begin MonoManager ReloadAssembly
Registering precompiled unity dll's ...
Register platform support module: /home/collector25061/Unity/Hub/Editor/6000.3.6f1/Editor/Data/PlaybackEngines/AndroidPlayer/UnityEditor.Android.Extensions.dll
Register platform support module: /home/collector25061/Unity/Hub/Editor/6000.3.6f1/Editor/Data/PlaybackEngines/LinuxStandaloneSupport/UnityEditor.LinuxStandalone.Extensions.dll
Registered in 0.003920 seconds.
- Loaded All Assemblies, in  0.812 seconds
Native extension for LinuxStandalone target not found
Native extension for Android target not found
Android Extension - Scanning For ADB Devices 609 ms
Package Manager log level set to [2]
[Package Manager] Failed to launch server process. Reason: Unity was launched with the -noUpm command-line argument
[Package Manager] Unable to send message (not connected to server process).
[Package Manager] Cannot connect to Unity Package Manager local server
ScheduleIndexationOnStartup MainProcess:False IndexOnStartup:True
Mono: successfully reloaded assembly
- Finished resetting the current domain, in  1.435 seconds
Domain Reload Profiling: 2247ms
	BeginReloadAssembly (216ms)
		ExecutionOrderSort (0ms)
		DisableScriptedObjects (0ms)
		BackupInstance (0ms)
		ReleaseScriptingObjects (0ms)
		CreateAndSetChildDomain (1ms)
	RebuildCommonClasses (139ms)
	RebuildNativeTypeToScriptingClass (19ms)
	initialDomainReloadingComplete (110ms)
	LoadAllAssembliesAndSetupDomain (326ms)
		LoadAssemblies (218ms)
		RebuildTransferFunctionScriptingTraits (0ms)
		AnalyzeDomain (318ms)
			TypeCache.Refresh (313ms)
				TypeCache.ScanAssembly (288ms)
			BuildScriptInfoCaches (0ms)
			ResolveRequiredComponents (1ms)
	FinalizeReload (1436ms)
		ReleaseScriptCaches (0ms)
		RebuildScriptCaches (0ms)
		SetupLoadedEditorAssemblies (1342ms)
			LogAssemblyErrors (0ms)
			InitializePlatformSupportModulesInManaged (734ms)
			SetLoadedEditorAssemblies (6ms)
			BeforeProcessingInitializeOnLoad (138ms)
			ProcessInitializeOnLoadAttributes (252ms)
			ProcessInitializeOnLoadMethodAttributes (212ms)
			AfterProcessingInitializeOnLoad (0ms)
			EditorAssembliesLoaded (0ms)
		ExecutionOrderSort2 (0ms)
		AwakeInstancesAfterBackupRestoration (0ms)
========================================================================
Worker process is ready to serve import requests
Import Worker Mode flag is 0x00
Begin MonoManager ReloadAssembly
[Licensing::Client] Successfully resolved entitlement details
- Loaded All Assemblies, in  1.908 seconds
Refreshing native plugins compatible for Editor in 4.10 ms, found 0 plugins.
Native extension for LinuxStandalone target not found
Native extension for Android target not found
[Package Manager] Failed to launch server process. Reason: Unity was launched with the -noUpm command-line argument
[Package Manager] Unable to send message (not connected to server process).
[Package Manager] Cannot connect to Unity Package Manager local server
ScheduleIndexationOnStartup MainProcess:False IndexOnStartup:True
Mono: successfully reloaded assembly
[Package Manager] Failed to launch server process. Reason: Unity was launched with the -noUpm command-line argument
[Package Manager] Unable to send message (not connected to server process).
[Package Manager] Cannot connect to Unity Package Manager local server
[Package Manager] Failed to launch server process. Reason: Unity was launched with the -noUpm command-line argument
[Package Manager] Unable to send message (not connected to server process).
[Package Manager] Cannot connect to Unity Package Manager local server
- Finished resetting the current domain, in  1.362 seconds
Domain Reload Profiling: 3260ms
	BeginReloadAssembly (256ms)
		ExecutionOrderSort (0ms)
		DisableScriptedObjects (6ms)
		BackupInstance (0ms)
		ReleaseScriptingObjects (0ms)
		CreateAndSetChildDomain (75ms)
	RebuildCommonClasses (74ms)
	RebuildNativeTypeToScriptingClass (13ms)
	initialDomainReloadingComplete (65ms)
	LoadAllAssembliesAndSetupDomain (1490ms)
		LoadAssemblies (1001ms)
		RebuildTransferFunctionScriptingTraits (0ms)
		AnalyzeDomain (606ms)
			TypeCache.Refresh (416ms)
				TypeCache.ScanAssembly (376ms)
			BuildScriptInfoCaches (164ms)
			ResolveRequiredComponents (18ms)
	FinalizeReload (1363ms)
		ReleaseScriptCaches (0ms)
		RebuildScriptCaches (0ms)
		SetupLoadedEditorAssemblies (998ms)
			LogAssemblyErrors (0ms)
			InitializePlatformSupportModulesInManaged (11ms)
			SetLoadedEditorAssemblies (16ms)
			BeforeProcessingInitializeOnLoad (264ms)
			ProcessInitializeOnLoadAttributes (497ms)
			ProcessInitializeOnLoadMethodAttributes (202ms)
			AfterProcessingInitializeOnLoad (8ms)
			EditorAssembliesLoaded (1ms)
		ExecutionOrderSort2 (0ms)
		AwakeInstancesAfterBackupRestoration (4ms)
WARNING: Shader Unsupported: 'Ultraleap/LegacyHandShader' - All subshaders removed
WARNING: Shader Did you use #pragma only_renderers and omit this platform?
WARNING: Shader If subshaders removal was intentional, you may have forgotten turning Fallback off?
WARNING: Shader Unsupported: 'Ultraleap/LegacyHandShader' - All subshaders removed
WARNING: Shader Did you use #pragma only_renderers and omit this platform?
WARNING: Shader If subshaders removal was intentional, you may have forgotten turning Fallback off?
AutoLocale: current locale expects 'C' but got 'en_US.UTF-8'Launched and connected shader compiler UnityShaderCompiler after 0.04 seconds
Refreshing native plugins compatible for Editor in 5.48 ms, found 0 plugins.
Preloading 0 native plugins for Editor in 0.00 ms.
Unloading 17 Unused Serialized files (Serialized files now loaded: 0)
Unloading 7742 unused Assets / (6.9 MB). Loaded Objects now: 8605.
Memory consumption went from 165.7 MB to 158.8 MB.
Total: 33.939816 ms (FindLiveObjects: 1.721209 ms CreateObjectMapping: 2.389472 ms MarkObjects: 15.721482 ms  DeleteObjects: 14.102183 ms)

========================================================================
Received Import Request.
  Time since last request: 123786.922450 seconds.
  path: Assets/Main/MainExperiment.unity
  artifactKey: Guid(3f854d4c273fb81b8a6b56f3497af1a9) Importer(2089858483,b0f066a214c2f5e87bad3c948f4d605d)
Start importing Assets/Main/MainExperiment.unity using Guid(3f854d4c273fb81b8a6b56f3497af1a9) Importer(2089858483,b0f066a214c2f5e87bad3c948f4d605d) (ScriptedImporter) -> (artifact id: '23fb1a59ab6d3718a48ab1d186e53346') in 0.107552993 seconds
Number of updated asset objects reloaded before import = 0Number of asset objects unloaded after import = 1

========================================================================
Received Prepare
[Licensing::Client] Successfully resolved entitlement details
Begin MonoManager ReloadAssembly
[Licensing::Client] Successfully resolved entitlement details
- Loaded All Assemblies, in  1.876 seconds
Refreshing native plugins compatible for Editor in 5.37 ms, found 0 plugins.
Native extension for LinuxStandalone target not found
Native extension for Android target not found
[Package Manager] Failed to launch server process. Reason: Unity was launched with the -noUpm command-line argument
[Package Manager] Unable to send message (not connected to server process).
[Package Manager] Cannot connect to Unity Package Manager local server
ScheduleIndexationOnStartup MainProcess:False IndexOnStartup:True
Mono: successfully reloaded assembly
[Package Manager] Failed to launch server process. Reason: Unity was launched with the -noUpm command-line argument
[Package Manager] Unable to send message (not connected to server process).
[Package Manager] Cannot connect to Unity Package Manager local server
- Finished resetting the current domain, in  1.496 seconds
Domain Reload Profiling: 3372ms
	BeginReloadAssembly (470ms)
		ExecutionOrderSort (0ms)
		DisableScriptedObjects (6ms)
		BackupInstance (0ms)
		ReleaseScriptingObjects (0ms)
		CreateAndSetChildDomain (127ms)
	RebuildCommonClasses (75ms)
	RebuildNativeTypeToScriptingClass (13ms)
	initialDomainReloadingComplete (48ms)
	LoadAllAssembliesAndSetupDomain (1269ms)
		LoadAssemblies (1083ms)
		RebuildTransferFunctionScriptingTraits (0ms)
		AnalyzeDomain (436ms)
			TypeCache.Refresh (16ms)
				TypeCache.ScanAssembly (0ms)
			BuildScriptInfoCaches (390ms)
			ResolveRequiredComponents (20ms)
	FinalizeReload (1498ms)
		ReleaseScriptCaches (0ms)
		RebuildScriptCaches (0ms)
		SetupLoadedEditorAssemblies (1151ms)
			LogAssemblyErrors (0ms)
			InitializePlatformSupportModulesInManaged (15ms)
			SetLoadedEditorAssemblies (6ms)
			BeforeProcessingInitializeOnLoad (251ms)
			ProcessInitializeOnLoadAttributes (672ms)
			ProcessInitializeOnLoadMethodAttributes (198ms)
			AfterProcessingInitializeOnLoad (10ms)
			EditorAssembliesLoaded (1ms)
		ExecutionOrderSort2 (0ms)
		AwakeInstancesAfterBackupRestoration (21ms)
WARNING: Shader Unsupported: 'Ultraleap/LegacyHandShader' - All subshaders removed
WARNING: Shader Did you use #pragma only_renderers and omit this platform?
WARNING: Shader If subshaders removal was intentional, you may have forgotten turning Fallback off?
WARNING: Shader Unsupported: 'Ultraleap/LegacyHandShader' - All subshaders removed
WARNING: Shader Did you use #pragma only_renderers and omit this platform?
WARNING: Shader If subshaders removal was intentional, you may have forgotten turning Fallback off?
Refreshing native plugins compatible for Editor in 6.08 ms, found 0 plugins.
Preloading 0 native plugins for Editor in 0.00 ms.
Unloading 17 Unused Serialized files (Serialized files now loaded: 0)
Unloading 7741 unused Assets / (6.7 MB). Loaded Objects now: 8623.
Memory consumption went from 201.0 MB to 194.3 MB.
Total: 38.593625 ms (FindLiveObjects: 2.350869 ms CreateObjectMapping: 3.150790 ms MarkObjects: 21.734160 ms  DeleteObjects: 11.352044 ms)

Prepare: number of updated asset objects reloaded= 0
========================================================================
Received Import Request.
  Time since last request: 3082.593565 seconds.
  path: Assets/New Material.mat
  artifactKey: Guid(c8cd5ef3daa0ae7699410065539c5dac) Importer(815301076,1909f56bfc062723c751e8b465ee728b)
Start importing Assets/New Material.mat using Guid(c8cd5ef3daa0ae7699410065539c5dac) Importer(815301076,1909f56bfc062723c751e8b465ee728b) (PreviewImporter) -> (artifact id: 'c3e6472d59a3a538bd25f843bad7bbbb') in 3.358619058 seconds
Number of updated asset objects reloaded before import = 0Number of asset objects unloaded after import = 1

========================================================================
Received Import Request.
  Time since last request: 90.246032 seconds.
  path: Assets/New Material.mat
  artifactKey: Guid(c8cd5ef3daa0ae7699410065539c5dac) Importer(815301076,1909f56bfc062723c751e8b465ee728b)
Start importing Assets/New Material.mat using Guid(c8cd5ef3daa0ae7699410065539c5dac) Importer(815301076,1909f56bfc062723c751e8b465ee728b) (PreviewImporter) -> (artifact id: '2f63ae69998815f73ec4ddc882960d1e') in 0.047791089 seconds
Number of updated asset objects reloaded before import = 0Number of asset objects unloaded after import = 1

========================================================================
Received Import Request.
  Time since last request: 0.797630 seconds.
  path: Assets/red.mat
  artifactKey: Guid(8f06609cf40b87582ab27de83053f4a5) Importer(2089858483,b0f066a214c2f5e87bad3c948f4d605d)
Start importing Assets/red.mat using Guid(8f06609cf40b87582ab27de83053f4a5) Importer(2089858483,b0f066a214c2f5e87bad3c948f4d605d) (ScriptedImporter) -> (artifact id: '19e39cfb355b2d29b2d597a3deb44de6') in 0.16405946 seconds
Number of updated asset objects reloaded before import = 0Number of asset objects unloaded after import = 1

========================================================================
Received Import Request.
  Time since last request: 0.000068 seconds.
  path: Assets/New Material.mat
  artifactKey: Guid(c8cd5ef3daa0ae7699410065539c5dac) Importer(2089858483,b0f066a214c2f5e87bad3c948f4d605d)
Start importing Assets/New Material.mat using Guid(c8cd5ef3daa0ae7699410065539c5dac) Importer(2089858483,b0f066a214c2f5e87bad3c948f4d605d) (ScriptedImporter) -> (artifact id: '33780e108b3a2c86559476937954b720') in 0.009148671 seconds
Number of updated asset objects reloaded before import = 0Number of asset objects unloaded after import = 1

========================================================================
Received Import Request.
  Time since last request: 25.052387 seconds.
  path: Assets/orange.mat
  artifactKey: Guid(884535da2ee0504d38622b402ff65f1d) Importer(815301076,1909f56bfc062723c751e8b465ee728b)
Start importing Assets/orange.mat using Guid(884535da2ee0504d38622b402ff65f1d) Importer(815301076,1909f56bfc062723c751e8b465ee728b) (PreviewImporter) -> (artifact id: '4a4314dba102fea44b720b75e0b10cfa') in 0.021241065 seconds
Number of updated asset objects reloaded before import = 0Number of asset objects unloaded after import = 1

========================================================================
Received Import Request.
  Time since last request: 0.906271 seconds.
  path: Assets/orange.mat
  artifactKey: Guid(884535da2ee0504d38622b402ff65f1d) Importer(2089858483,b0f066a214c2f5e87bad3c948f4d605d)
Start importing Assets/orange.mat using Guid(884535da2ee0504d38622b402ff65f1d) Importer(2089858483,b0f066a214c2f5e87bad3c948f4d605d) (ScriptedImporter) -> (artifact id: 'a39ff5040ba34b3a4e022b3120693580') in 0.011085464 seconds
Number of updated asset objects reloaded before import = 0Number of asset objects unloaded after import = 1

========================================================================
Received Import Request.
  Time since last request: 53.651164 seconds.
  path: Packages/com.ultraleap.tracking/Core/Runtime/Materials/Built In Render Pipeline (Dynamically Upgradable)/Attachment Hands Example Blue.mat
  artifactKey: Guid(136dded995f174e8695ec3012f15f770) Importer(815301076,1909f56bfc062723c751e8b465ee728b)
Start importing Packages/com.ultraleap.tracking/Core/Runtime/Materials/Built In Render Pipeline (Dynamically Upgradable)/Attachment Hands Example Blue.mat using Guid(136dded995f174e8695ec3012f15f770) Importer(815301076,1909f56bfc062723c751e8b465ee728b) (PreviewImporter) -> (artifact id: '38c60c9f2b6741c69b185f9a22488aa5') in 0.014712318 seconds
Number of updated asset objects reloaded before import = 0Number of asset objects unloaded after import = 1

========================================================================
Received Import Request.
  Time since last request: 0.242608 seconds.
  path: Packages/com.ultraleap.tracking/Core/Runtime/Materials/Built In Render Pipeline (Dynamically Upgradable)/UL Dark Gray Matte.mat
  artifactKey: Guid(0a4f0f53de1c05f4fbf6ae82bce5b695) Importer(815301076,1909f56bfc062723c751e8b465ee728b)
Start importing Packages/com.ultraleap.tracking/Core/Runtime/Materials/Built In Render Pipeline (Dynamically Upgradable)/UL Dark Gray Matte.mat using Guid(0a4f0f53de1c05f4fbf6ae82bce5b695) Importer(815301076,1909f56bfc062723c751e8b465ee728b) (PreviewImporter) -> (artifact id: '9915047a38cbd0cd587f5179527c61b2') in 0.019843243 seconds
Number of updated asset objects reloaded before import = 0Number of asset objects unloaded after import = 1

========================================================================
Received Import Request.
  Time since last request: 0.000129 seconds.
  path: Packages/com.ultraleap.tracking/Core/Runtime/Materials/Built In Render Pipeline (Dynamically Upgradable)/UL Gray Matte.mat
  artifactKey: Guid(1725b462e3e94af4786129e54ac54e94) Importer(815301076,1909f56bfc062723c751e8b465ee728b)
Start importing Packages/com.ultraleap.tracking/Core/Runtime/Materials/Built In Render Pipeline (Dynamically Upgradable)/UL Gray Matte.mat using Guid(1725b462e3e94af4786129e54ac54e94) Importer(815301076,1909f56bfc062723c751e8b465ee728b) (PreviewImporter) -> (artifact id: '4dbbc20993eabf37be89ac44cc320382') in 0.045022535 seconds
Number of updated asset objects reloaded before import = 0Number of asset objects unloaded after import = 1

========================================================================
Received Import Request.
  Time since last request: 0.000065 seconds.
  path: Packages/com.ultraleap.tracking/Core/Runtime/Materials/Built In Render Pipeline (Dynamically Upgradable)/UL Black Matte.mat
  artifactKey: Guid(882b8863c7b1ea74db22e368778634b2) Importer(815301076,1909f56bfc062723c751e8b465ee728b)
Start importing Packages/com.ultraleap.tracking/Core/Runtime/Materials/Built In Render Pipeline (Dynamically Upgradable)/UL Black Matte.mat using Guid(882b8863c7b1ea74db22e368778634b2) Importer(815301076,1909f56bfc062723c751e8b465ee728b) (PreviewImporter) -> (artifact id: '83b0314bdce67cfce1ac5067362b7e61') in 0.046967594 seconds
Number of updated asset objects reloaded before import = 0Number of asset objects unloaded after import = 1

========================================================================
Received Import Request.
  Time since last request: 182.352914 seconds.
  path: Assets/Main/Trials/TrialScene 2.prefab
  artifactKey: Guid(3a4991512f423181d9bb6fef754e3220) Importer(2089858483,b0f066a214c2f5e87bad3c948f4d605d)
Start importing Assets/Main/Trials/TrialScene 2.prefab using Guid(3a4991512f423181d9bb6fef754e3220) Importer(2089858483,b0f066a214c2f5e87bad3c948f4d605d) (ScriptedImporter) -> (artifact id: '3ccdff9f15f5b790933a1a7b28d988b6') in 0.36511577 seconds
Number of updated asset objects reloaded before import = 0Number of asset objects unloaded after import = 169

========================================================================
Received Import Request.
  Time since last request: 51.363280 seconds.
  path: Assets/Main/MainExperiment.unity
  artifactKey: Guid(3f854d4c273fb81b8a6b56f3497af1a9) Importer(2089858483,b0f066a214c2f5e87bad3c948f4d605d)
Start importing Assets/Main/MainExperiment.unity using Guid(3f854d4c273fb81b8a6b56f3497af1a9) Importer(2089858483,b0f066a214c2f5e87bad3c948f4d605d) (ScriptedImporter) -> (artifact id: 'e8e772c0b9ea6d345e530aada9505dd5') in 0.048189737 seconds
Number of updated asset objects reloaded before import = 0Number of asset objects unloaded after import = 1

========================================================================
Received Prepare
WARNING: Shader Unsupported: 'Ultraleap/LegacyHandShader' - All subshaders removed
WARNING: Shader Did you use #pragma only_renderers and omit this platform?
WARNING: Shader If subshaders removal was intentional, you may have forgotten turning Fallback off?
WARNING: Shader Unsupported: 'Ultraleap/LegacyHandShader' - All subshaders removed
WARNING: Shader Did you use #pragma only_renderers and omit this platform?
WARNING: Shader If subshaders removal was intentional, you may have forgotten turning Fallback off?
Refreshing native plugins compatible for Editor in 6.02 ms, found 0 plugins.
Preloading 0 native plugins for Editor in 0.00 ms.
Unloading 17 Unused Serialized files (Serialized files now loaded: 0)
Unloading 7679 unused Assets / (5.0 MB). Loaded Objects now: 8765.
Memory consumption went from 179.0 MB to 174.0 MB.
Total: 586.644875 ms (FindLiveObjects: 10.534912 ms CreateObjectMapping: 2.191651 ms MarkObjects: 568.829095 ms  DeleteObjects: 4.978649 ms)

Prepare: number of updated asset objects reloaded= 0
========================================================================
Received Import Request.
  Time since last request: 2097.757154 seconds.
  path: Assets/Main/Scripts/Director.cs
  artifactKey: Guid(0316f8295a4ef2072b114e942734abf0) Importer(2089858483,b0f066a214c2f5e87bad3c948f4d605d)
Start importing Assets/Main/Scripts/Director.cs using Guid(0316f8295a4ef2072b114e942734abf0) Importer(2089858483,b0f066a214c2f5e87bad3c948f4d605d) (ScriptedImporter) -> (artifact id: 'ded9be5c49568caaae9080701002efc8') in 0.080606435 seconds
Number of updated asset objects reloaded before import = 0Number of asset objects unloaded after import = 0

========================================================================
Received Prepare
[Licensing::Client] Successfully resolved entitlement details
Begin MonoManager ReloadAssembly
[Licensing::Client] Successfully resolved entitlement details
- Loaded All Assemblies, in  4.584 seconds
Refreshing native plugins compatible for Editor in 4.24 ms, found 0 plugins.
Native extension for LinuxStandalone target not found
Native extension for Android target not found
[Package Manager] Failed to launch server process. Reason: Unity was launched with the -noUpm command-line argument
[Package Manager] Unable to send message (not connected to server process).
[Package Manager] Cannot connect to Unity Package Manager local server
ScheduleIndexationOnStartup MainProcess:False IndexOnStartup:True
Mono: successfully reloaded assembly
[Package Manager] Failed to launch server process. Reason: Unity was launched with the -noUpm command-line argument
[Package Manager] Unable to send message (not connected to server process).
[Package Manager] Cannot connect to Unity Package Manager local server
- Finished resetting the current domain, in  1.763 seconds
Domain Reload Profiling: 6359ms
	BeginReloadAssembly (2707ms)
		ExecutionOrderSort (2ms)
		DisableScriptedObjects (380ms)
		BackupInstance (0ms)
		ReleaseScriptingObjects (3ms)
		CreateAndSetChildDomain (1034ms)
	RebuildCommonClasses (64ms)
	RebuildNativeTypeToScriptingClass (12ms)
	initialDomainReloadingComplete (63ms)
	LoadAllAssembliesAndSetupDomain (1750ms)
		LoadAssemblies (1627ms)
		RebuildTransferFunctionScriptingTraits (0ms)
		AnalyzeDomain (769ms)
			TypeCache.Refresh (78ms)
				TypeCache.ScanAssembly (2ms)
			BuildScriptInfoCaches (595ms)
			ResolveRequiredComponents (21ms)
	FinalizeReload (1763ms)
		ReleaseScriptCaches (0ms)
		RebuildScriptCaches (0ms)
		SetupLoadedEditorAssemblies (1439ms)
			LogAssemblyErrors (0ms)
			InitializePlatformSupportModulesInManaged (19ms)
			SetLoadedEditorAssemblies (5ms)
			BeforeProcessingInitializeOnLoad (279ms)
			ProcessInitializeOnLoadAttributes (900ms)
			ProcessInitializeOnLoadMethodAttributes (228ms)
			AfterProcessingInitializeOnLoad (7ms)
			EditorAssembliesLoaded (1ms)
		ExecutionOrderSort2 (0ms)
		AwakeInstancesAfterBackupRestoration (19ms)
WARNING: Shader Unsupported: 'Ultraleap/LegacyHandShader' - All subshaders removed
WARNING: Shader Did you use #pragma only_renderers and omit this platform?
WARNING: Shader If subshaders removal was intentional, you may have forgotten turning Fallback off?
WARNING: Shader Unsupported: 'Ultraleap/LegacyHandShader' - All subshaders removed
WARNING: Shader Did you use #pragma only_renderers and omit this platform?
WARNING: Shader If subshaders removal was intentional, you may have forgotten turning Fallback off?
Refreshing native plugins compatible for Editor in 4.30 ms, found 0 plugins.
Preloading 0 native plugins for Editor in 0.00 ms.
Unloading 17 Unused Serialized files (Serialized files now loaded: 0)
Unloading 7741 unused Assets / (4.4 MB). Loaded Objects now: 8691.
Memory consumption went from 203.0 MB to 198.6 MB.
Total: 16.852292 ms (FindLiveObjects: 1.265724 ms CreateObjectMapping: 1.891228 ms MarkObjects: 10.079828 ms  DeleteObjects: 3.613819 ms)

Prepare: number of updated asset objects reloaded= 0
========================================================================
Received Prepare
[Licensing::Client] Successfully resolved entitlement details
Begin MonoManager ReloadAssembly
[Licensing::Client] Successfully resolved entitlement details
- Loaded All Assemblies, in  4.670 seconds
Refreshing native plugins compatible for Editor in 11.30 ms, found 0 plugins.
Native extension for LinuxStandalone target not found
Native extension for Android target not found
[Package Manager] Failed to launch server process. Reason: Unity was launched with the -noUpm command-line argument
[Package Manager] Unable to send message (not connected to server process).
[Package Manager] Cannot connect to Unity Package Manager local server
ScheduleIndexationOnStartup MainProcess:False IndexOnStartup:True
Mono: successfully reloaded assembly
[Package Manager] Failed to launch server process. Reason: Unity was launched with the -noUpm command-line argument
[Package Manager] Unable to send message (not connected to server process).
[Package Manager] Cannot connect to Unity Package Manager local server
- Finished resetting the current domain, in  1.659 seconds
Domain Reload Profiling: 6346ms
	BeginReloadAssembly (2842ms)
		ExecutionOrderSort (4ms)
		DisableScriptedObjects (173ms)
		BackupInstance (0ms)
		ReleaseScriptingObjects (5ms)
		CreateAndSetChildDomain (1114ms)
	RebuildCommonClasses (68ms)
	RebuildNativeTypeToScriptingClass (13ms)
	initialDomainReloadingComplete (73ms)
	LoadAllAssembliesAndSetupDomain (1691ms)
		LoadAssemblies (1562ms)
		RebuildTransferFunctionScriptingTraits (0ms)
		AnalyzeDomain (686ms)
			TypeCache.Refresh (67ms)
				TypeCache.ScanAssembly (2ms)
			BuildScriptInfoCaches (526ms)
			ResolveRequiredComponents (25ms)
	FinalizeReload (1660ms)
		ReleaseScriptCaches (0ms)
		RebuildScriptCaches (0ms)
		SetupLoadedEditorAssemblies (1340ms)
			LogAssemblyErrors (0ms)
			InitializePlatformSupportModulesInManaged (23ms)
			SetLoadedEditorAssemblies (6ms)
			BeforeProcessingInitializeOnLoad (233ms)
			ProcessInitializeOnLoadAttributes (859ms)
			ProcessInitializeOnLoadMethodAttributes (211ms)
			AfterProcessingInitializeOnLoad (8ms)
			EditorAssembliesLoaded (1ms)
		ExecutionOrderSort2 (0ms)
		AwakeInstancesAfterBackupRestoration (17ms)
WARNING: Shader Unsupported: 'Ultraleap/LegacyHandShader' - All subshaders removed
WARNING: Shader Did you use #pragma only_renderers and omit this platform?
WARNING: Shader If subshaders removal was intentional, you may have forgotten turning Fallback off?
WARNING: Shader Unsupported: 'Ultraleap/LegacyHandShader' - All subshaders removed
WARNING: Shader Did you use #pragma only_renderers and omit this platform?
WARNING: Shader If subshaders removal was intentional, you may have forgotten turning Fallback off?
Refreshing native plugins compatible for Editor in 13.51 ms, found 0 plugins.
Preloading 0 native plugins for Editor in 0.00 ms.
Unloading 17 Unused Serialized files (Serialized files now loaded: 0)
Unloading 7741 unused Assets / (5.6 MB). Loaded Objects now: 8694.
Memory consumption went from 204.4 MB to 198.8 MB.
Total: 18.231770 ms (FindLiveObjects: 1.399686 ms CreateObjectMapping: 1.583280 ms MarkObjects: 11.086337 ms  DeleteObjects: 4.159903 ms)

Prepare: number of updated asset objects reloaded= 0
========================================================================
Received Import Request.
  Time since last request: 2576.155627 seconds.
  path: Assets/Main/MainExperiment.unity
  artifactKey: Guid(3f854d4c273fb81b8a6b56f3497af1a9) Importer(2089858483,b0f066a214c2f5e87bad3c948f4d605d)
Start importing Assets/Main/MainExperiment.unity using Guid(3f854d4c273fb81b8a6b56f3497af1a9) Importer(2089858483,b0f066a214c2f5e87bad3c948f4d605d) (ScriptedImporter) -> (artifact id: '627df3beae66f7530bfece365d130bb6') in 1.371078951 seconds
Number of updated asset objects reloaded before import = 0Number of asset objects unloaded after import = 1

========================================================================
Received Import Request.
  Time since last request: 0.001261 seconds.
  path: Assets/Main/ExperimentResults/Unity/eb1bf7b9-dc49-4d0a-9aef-5e61581cce32/Analytics/ArchivedEvents/177791155300000.5fdab35e/s
  artifactKey: Guid(d456cc987c2701735a4b821728265436) Importer(2089858483,b0f066a214c2f5e87bad3c948f4d605d)
Start importing Assets/Main/ExperimentResults/Unity/eb1bf7b9-dc49-4d0a-9aef-5e61581cce32/Analytics/ArchivedEvents/177791155300000.5fdab35e/s using Guid(d456cc987c2701735a4b821728265436) Importer(2089858483,b0f066a214c2f5e87bad3c948f4d605d) (ScriptedImporter) -> (artifact id: '90a20d723cd521bec0219c9c575b9e37') in 0.023340152 seconds
Number of updated asset objects reloaded before import = 0Number of asset objects unloaded after import = 1

========================================================================
Received Import Request.
  Time since last request: 0.000048 seconds.
  path: Assets/Main/ExperimentResults/Unity/eb1bf7b9-dc49-4d0a-9aef-5e61581cce32/Analytics/ArchivedEvents/177793019000000.bbb9beae/c
  artifactKey: Guid(7568dcd0009206387879ace8ee369935) Importer(2089858483,b0f066a214c2f5e87bad3c948f4d605d)
Start importing Assets/Main/ExperimentResults/Unity/eb1bf7b9-dc49-4d0a-9aef-5e61581cce32/Analytics/ArchivedEvents/177793019000000.bbb9beae/c using Guid(7568dcd0009206387879ace8ee369935) Importer(2089858483,b0f066a214c2f5e87bad3c948f4d605d) (ScriptedImporter) -> (artifact id: '1d9bf0114eacd28b83c32b9255bfd5f4') in 0.012989917 seconds
Number of updated asset objects reloaded before import = 0Number of asset objects unloaded after import = 1

========================================================================
Received Import Request.
  Time since last request: 0.000018 seconds.
  path: Assets/Main/ExperimentResults/Unity/eb1bf7b9-dc49-4d0a-9aef-5e61581cce32/Analytics/ArchivedEvents/177628938200000.36c46b16/g
  artifactKey: Guid(77f8c4b71b05540c3bf31497574bc0a0) Importer(2089858483,b0f066a214c2f5e87bad3c948f4d605d)
Start importing Assets/Main/ExperimentResults/Unity/eb1bf7b9-dc49-4d0a-9aef-5e61581cce32/Analytics/ArchivedEvents/177628938200000.36c46b16/g using Guid(77f8c4b71b05540c3bf31497574bc0a0) Importer(2089858483,b0f066a214c2f5e87bad3c948f4d605d) (ScriptedImporter) -> (artifact id: '277ac6e5ea94a9d6b4ee4d6b44bebc90') in 0.010838812 seconds
Number of updated asset objects reloaded before import = 0Number of asset objects unloaded after import = 1

========================================================================
Received Import Request.
  Time since last request: 0.000022 seconds.
  path: Assets/Main/ExperimentResults/Unity/eb1bf7b9-dc49-4d0a-9aef-5e61581cce32/Analytics/ArchivedEvents/177793032800002.bbb9beae
  artifactKey: Guid(81b7dea3a54eb570ba4b77cb6c466690) Importer(2089858483,b0f066a214c2f5e87bad3c948f4d605d)
Start importing Assets/Main/ExperimentResults/Unity/eb1bf7b9-dc49-4d0a-9aef-5e61581cce32/Analytics/ArchivedEvents/177793032800002.bbb9beae using Guid(81b7dea3a54eb570ba4b77cb6c466690) Importer(2089858483,b0f066a214c2f5e87bad3c948f4d605d) (ScriptedImporter) -> (artifact id: '9cfe2add61f2eb19175d9e0a976cb897') in 0.009583587 seconds
Number of updated asset objects reloaded before import = 0Number of asset objects unloaded after import = 1

========================================================================
Received Import Request.
  Time since last request: 0.000030 seconds.
  path: Assets/Main/ExperimentResults/Unity/eb1bf7b9-dc49-4d0a-9aef-5e61581cce32/Analytics/ArchivedEvents/177791867800004.56d351fc/s
  artifactKey: Guid(8c40668ce45271ea5ab31d292711d766) Importer(2089858483,b0f066a214c2f5e87bad3c948f4d605d)
Start importing Assets/Main/ExperimentResults/Unity/eb1bf7b9-dc49-4d0a-9aef-5e61581cce32/Analytics/ArchivedEvents/177791867800004.56d351fc/s using Guid(8c40668ce45271ea5ab31d292711d766) Importer(2089858483,b0f066a214c2f5e87bad3c948f4d605d) (ScriptedImporter) -> (artifact id: 'afdaaccecf7f28c63d2899ebda693fa2') in 0.024831169 seconds
Number of updated asset objects reloaded before import = 0Number of asset objects unloaded after import = 1

========================================================================
Received Import Request.
  Time since last request: 0.000051 seconds.
  path: Assets/Main/ExperimentResults/Unity/eb1bf7b9-dc49-4d0a-9aef-5e61581cce32/Analytics/ArchivedEvents/177791568900002.5f3d3d08/e
  artifactKey: Guid(a43d7811e34663e7da44b7559b75f32d) Importer(2089858483,b0f066a214c2f5e87bad3c948f4d605d)
Start importing Assets/Main/ExperimentResults/Unity/eb1bf7b9-dc49-4d0a-9aef-5e61581cce32/Analytics/ArchivedEvents/177791568900002.5f3d3d08/e using Guid(a43d7811e34663e7da44b7559b75f32d) Importer(2089858483,b0f066a214c2f5e87bad3c948f4d605d) (ScriptedImporter) -> (artifact id: '024d90254ccc2f2a8c6a49a71080caf0') in 0.025520642 seconds
Number of updated asset objects reloaded before import = 0Number of asset objects unloaded after import = 1

========================================================================
Received Import Request.
  Time since last request: 0.000052 seconds.
  path: Assets/Main/ExperimentResults/Unity/eb1bf7b9-dc49-4d0a-9aef-5e61581cce32/Analytics/ArchivedEvents/177792149600016.56d351fc/s
  artifactKey: Guid(2da1441ea3e14521abf7c9b56b6523e1) Importer(2089858483,b0f066a214c2f5e87bad3c948f4d605d)
Start importing Assets/Main/ExperimentResults/Unity/eb1bf7b9-dc49-4d0a-9aef-5e61581cce32/Analytics/ArchivedEvents/177792149600016.56d351fc/s using Guid(2da1441ea3e14521abf7c9b56b6523e1) Importer(2089858483,b0f066a214c2f5e87bad3c948f4d605d) (ScriptedImporter) -> (artifact id: 'e9c7519216d27ff4d9645d54a4078f60') in 0.010598321 seconds
Number of updated asset objects reloaded before import = 0Number of asset objects unloaded after import = 1

========================================================================
Received Import Request.
  Time since last request: 0.000025 seconds.
  path: Assets/Main/ExperimentResults/Unity/eb1bf7b9-dc49-4d0a-9aef-5e61581cce32/Analytics/ArchivedEvents/177791216500004.a9962222/e
  artifactKey: Guid(db98fccd3be4c3de5b3e40efd688a1b0) Importer(2089858483,b0f066a214c2f5e87bad3c948f4d605d)
Start importing Assets/Main/ExperimentResults/Unity/eb1bf7b9-dc49-4d0a-9aef-5e61581cce32/Analytics/ArchivedEvents/177791216500004.a9962222/e using Guid(db98fccd3be4c3de5b3e40efd688a1b0) Importer(2089858483,b0f066a214c2f5e87bad3c948f4d605d) (ScriptedImporter) -> (artifact id: '1393cc0341253779a006b52a5822fb13') in 0.008999061 seconds
Number of updated asset objects reloaded before import = 0Number of asset objects unloaded after import = 1

========================================================================
Received Import Request.
  Time since last request: 0.000028 seconds.
  path: Assets/Main/ExperimentResults/Unity/eb1bf7b9-dc49-4d0a-9aef-5e61581cce32/Analytics/ArchivedEvents/177791867800004.56d351fc/c
  artifactKey: Guid(4846fba53312b1657b651d66f62d2b0b) Importer(2089858483,b0f066a214c2f5e87bad3c948f4d605d)
Start importing Assets/Main/ExperimentResults/Unity/eb1bf7b9-dc49-4d0a-9aef-5e61581cce32/Analytics/ArchivedEvents/177791867800004.56d351fc/c using Guid(4846fba53312b1657b651d66f62d2b0b) Importer(2089858483,b0f066a214c2f5e87bad3c948f4d605d) (ScriptedImporter) -> (artifact id: '023a359490552ff1945adac01c5cfc0e') in 0.008650056 seconds
Number of updated asset objects reloaded before import = 0Number of asset objects unloaded after import = 1

========================================================================
Received Import Request.
  Time since last request: 0.000053 seconds.
  path: Assets/Main/ExperimentResults/Unity/eb1bf7b9-dc49-4d0a-9aef-5e61581cce32/Analytics/ArchivedEvents/177792554700005.1a133485/g
  artifactKey: Guid(ca27a1751aa29896ead025b1a62381b1) Importer(2089858483,b0f066a214c2f5e87bad3c948f4d605d)
Start importing Assets/Main/ExperimentResults/Unity/eb1bf7b9-dc49-4d0a-9aef-5e61581cce32/Analytics/ArchivedEvents/177792554700005.1a133485/g using Guid(ca27a1751aa29896ead025b1a62381b1) Importer(2089858483,b0f066a214c2f5e87bad3c948f4d605d) (ScriptedImporter) -> (artifact id: '8ab13f3c8b5101358c5fa3309c0151f2') in 0.006715106 seconds
Number of updated asset objects reloaded before import = 0Number of asset objects unloaded after import = 1

========================================================================
Received Import Request.
  Time since last request: 0.000027 seconds.
  path: Assets/Main/ExperimentResults/Unity/eb1bf7b9-dc49-4d0a-9aef-5e61581cce32/Analytics/ArchivedEvents/177793019000001.bbb9beae/s
  artifactKey: Guid(0bfb2d9ec037316ad9f2fe2c0436eb64) Importer(2089858483,b0f066a214c2f5e87bad3c948f4d605d)
Start importing Assets/Main/ExperimentResults/Unity/eb1bf7b9-dc49-4d0a-9aef-5e61581cce32/Analytics/ArchivedEvents/177793019000001.bbb9beae/s using Guid(0bfb2d9ec037316ad9f2fe2c0436eb64) Importer(2089858483,b0f066a214c2f5e87bad3c948f4d605d) (ScriptedImporter) -> (artifact id: '4f43daeae793fe49d60d4529d5476c45') in 0.007762191 seconds
Number of updated asset objects reloaded before import = 0Number of asset objects unloaded after import = 1

========================================================================
Received Import Request.
  Time since last request: 0.000048 seconds.
  path: Assets/Main/ExperimentResults/Unity/eb1bf7b9-dc49-4d0a-9aef-5e61581cce32/Analytics/ArchivedEvents/177791814500002.56d351fc
  artifactKey: Guid(87b233f9bbbfeda45b58680469dbf67a) Importer(2089858483,b0f066a214c2f5e87bad3c948f4d605d)
Start importing Assets/Main/ExperimentResults/Unity/eb1bf7b9-dc49-4d0a-9aef-5e61581cce32/Analytics/ArchivedEvents/177791814500002.56d351fc using Guid(87b233f9bbbfeda45b58680469dbf67a) Importer(2089858483,b0f066a214c2f5e87bad3c948f4d605d) (ScriptedImporter) -> (artifact id: '847b41e8f52347412fb2bd50166b8611') in 0.008377996 seconds
Number of updated asset objects reloaded before import = 0Number of asset objects unloaded after import = 1

========================================================================
Received Import Request.
  Time since last request: 0.000066 seconds.
  path: Assets/Main/ExperimentResults/Unity/eb1bf7b9-dc49-4d0a-9aef-5e61581cce32/Analytics/ArchivedEvents/177792181200018.56d351fc/s
  artifactKey: Guid(4f767858650a8c31b889977bd07b51ea) Importer(2089858483,b0f066a214c2f5e87bad3c948f4d605d)
Start importing Assets/Main/ExperimentResults/Unity/eb1bf7b9-dc49-4d0a-9aef-5e61581cce32/Analytics/ArchivedEvents/177792181200018.56d351fc/s using Guid(4f767858650a8c31b889977bd07b51ea) Importer(2089858483,b0f066a214c2f5e87bad3c948f4d605d) (ScriptedImporter) -> (artifact id: 'b66cdafccc64be24be8b98e47f2754cb') in 0.008154106 seconds
Number of updated asset objects reloaded before import = 0Number of asset objects unloaded after import = 1

========================================================================
Received Import Request.
  Time since last request: 0.000038 seconds.
  path: Assets/Main/ExperimentResults/Unity/eb1bf7b9-dc49-4d0a-9aef-5e61581cce32/Analytics/ArchivedEvents/177791271800003.fe1d62de/e
  artifactKey: Guid(ed89647bec32b5350a72988e066f7c5b) Importer(2089858483,b0f066a214c2f5e87bad3c948f4d605d)
Start importing Assets/Main/ExperimentResults/Unity/eb1bf7b9-dc49-4d0a-9aef-5e61581cce32/Analytics/ArchivedEvents/177791271800003.fe1d62de/e using Guid(ed89647bec32b5350a72988e066f7c5b) Importer(2089858483,b0f066a214c2f5e87bad3c948f4d605d) (ScriptedImporter) -> (artifact id: '075119b318a83a279c2dc4c3a2f9d7cb') in 0.008736969 seconds
Number of updated asset objects reloaded before import = 0Number of asset objects unloaded after import = 1

========================================================================
Received Import Request.
  Time since last request: 0.000123 seconds.
  path: Assets/Main/ExperimentResults/Unity/eb1bf7b9-dc49-4d0a-9aef-5e61581cce32/Analytics/ArchivedEvents/177792326200002.b9e46d99/e
  artifactKey: Guid(98093f099853a2997a0b9c3b35963972) Importer(2089858483,b0f066a214c2f5e87bad3c948f4d605d)
Start importing Assets/Main/ExperimentResults/Unity/eb1bf7b9-dc49-4d0a-9aef-5e61581cce32/Analytics/ArchivedEvents/177792326200002.b9e46d99/e using Guid(98093f099853a2997a0b9c3b35963972) Importer(2089858483,b0f066a214c2f5e87bad3c948f4d605d) (ScriptedImporter) -> (artifact id: 'c8b4ea735eb007f08847fbc78e3ded47') in 0.008557121 seconds
Number of updated asset objects reloaded before import = 0Number of asset objects unloaded after import = 1

========================================================================
Received Import Request.
  Time since last request: 0.000029 seconds.
  path: Assets/Main/ExperimentResults/Unity/eb1bf7b9-dc49-4d0a-9aef-5e61581cce32/Insights/0c297990a42b0f3e93f8cd946d0b877a.bin
  artifactKey: Guid(7c11a747894d7664ea447ce58771d217) Importer(2089858483,b0f066a214c2f5e87bad3c948f4d605d)
Start importing Assets/Main/ExperimentResults/Unity/eb1bf7b9-dc49-4d0a-9aef-5e61581cce32/Insights/0c297990a42b0f3e93f8cd946d0b877a.bin using Guid(7c11a747894d7664ea447ce58771d217) Importer(2089858483,b0f066a214c2f5e87bad3c948f4d605d) (ScriptedImporter) -> (artifact id: 'e5f28fce5ba0c12ea8e6e5acf0ec16ed') in 0.012505007 seconds
Number of updated asset objects reloaded before import = 0Number of asset objects unloaded after import = 1

========================================================================
Received Import Request.
  Time since last request: 0.000049 seconds.
  path: Assets/Main/ExperimentResults/Unity/eb1bf7b9-dc49-4d0a-9aef-5e61581cce32/Analytics/ArchivedEvents/177629040100003.36c46b16
  artifactKey: Guid(f1126e63195860e3f9c6e582f8e38f1a) Importer(2089858483,b0f066a214c2f5e87bad3c948f4d605d)
Start importing Assets/Main/ExperimentResults/Unity/eb1bf7b9-dc49-4d0a-9aef-5e61581cce32/Analytics/ArchivedEvents/177629040100003.36c46b16 using Guid(f1126e63195860e3f9c6e582f8e38f1a) Importer(2089858483,b0f066a214c2f5e87bad3c948f4d605d) (ScriptedImporter) -> (artifact id: '0071ac8e33eb6fac790e46c5be27820d') in 0.008955439 seconds
Number of updated asset objects reloaded before import = 0Number of asset objects unloaded after import = 1

========================================================================
Received Import Request.
  Time since last request: 0.000080 seconds.
  path: Assets/Main/ExperimentResults/Unity/eb1bf7b9-dc49-4d0a-9aef-5e61581cce32/Analytics/ArchivedEvents/177793235000002.77f618aa/s
  artifactKey: Guid(e757d1745dbd1549f8fe04a14f1d952a) Importer(2089858483,b0f066a214c2f5e87bad3c948f4d605d)
Start importing Assets/Main/ExperimentResults/Unity/eb1bf7b9-dc49-4d0a-9aef-5e61581cce32/Analytics/ArchivedEvents/177793235000002.77f618aa/s using Guid(e757d1745dbd1549f8fe04a14f1d952a) Importer(2089858483,b0f066a214c2f5e87bad3c948f4d605d) (ScriptedImporter) -> (artifact id: '6ef545b4a0869ee94ca5754179034057') in 0.008806319 seconds
Number of updated asset objects reloaded before import = 0Number of asset objects unloaded after import = 1

========================================================================
Received Import Request.
  Time since last request: 0.000034 seconds.
  path: Assets/Main/ExperimentResults/Unity/eb1bf7b9-dc49-4d0a-9aef-5e61581cce32/Analytics/ArchivedEvents/177628702600000.b351668c/g
  artifactKey: Guid(b465f4d431bcf5a899aad94efc8da4c0) Importer(2089858483,b0f066a214c2f5e87bad3c948f4d605d)
Start importing Assets/Main/ExperimentResults/Unity/eb1bf7b9-dc49-4d0a-9aef-5e61581cce32/Analytics/ArchivedEvents/177628702600000.b351668c/g using Guid(b465f4d431bcf5a899aad94efc8da4c0) Importer(2089858483,b0f066a214c2f5e87bad3c948f4d605d) (ScriptedImporter) -> (artifact id: '02ba0c9e75ff5f64a3ae49df7243cc72') in 0.009339409 seconds
Number of updated asset objects reloaded before import = 0Number of asset objects unloaded after import = 1

========================================================================
Received Import Request.
  Time since last request: 0.000034 seconds.
  path: Assets/Main/ExperimentResults/Unity/eb1bf7b9-dc49-4d0a-9aef-5e61581cce32/Analytics/ArchivedEvents/177791156900002.5fdab35e
  artifactKey: Guid(79f66890a5287d0f7a496183df80d109) Importer(2089858483,b0f066a214c2f5e87bad3c948f4d605d)
Start importing Assets/Main/ExperimentResults/Unity/eb1bf7b9-dc49-4d0a-9aef-5e61581cce32/Analytics/ArchivedEvents/177791156900002.5fdab35e using Guid(79f66890a5287d0f7a496183df80d109) Importer(2089858483,b0f066a214c2f5e87bad3c948f4d605d) (ScriptedImporter) -> (artifact id: '127c93ffaf3b37a8bc3a4742a7ec9cbd') in 0.011265132 seconds
Number of updated asset objects reloaded before import = 0Number of asset objects unloaded after import = 1

========================================================================
Received Import Request.
  Time since last request: 0.271154 seconds.
  path: Assets/Main/ExperimentResults/Unity/eb1bf7b9-dc49-4d0a-9aef-5e61581cce32/Analytics/ArchivedEvents/177628956900002.36c46b16
  artifactKey: Guid(f3ff862964e1079eda8d83e12b3d0d8f) Importer(2089858483,b0f066a214c2f5e87bad3c948f4d605d)
Start importing Assets/Main/ExperimentResults/Unity/eb1bf7b9-dc49-4d0a-9aef-5e61581cce32/Analytics/ArchivedEvents/177628956900002.36c46b16 using Guid(f3ff862964e1079eda8d83e12b3d0d8f) Importer(2089858483,b0f066a214c2f5e87bad3c948f4d605d) (ScriptedImporter) -> (artifact id: '4b9479eeff34d46111a4b40815b1da06') in 0.005573135 seconds
Number of updated asset objects reloaded before import = 0Number of asset objects unloaded after import = 1

========================================================================
Received Import Request.
  Time since last request: 0.474609 seconds.
  path: Assets/Main/ExperimentResults/Unity/eb1bf7b9-dc49-4d0a-9aef-5e61581cce32/Analytics/ArchivedEvents/177792264900024.56d351fc/c
  artifactKey: Guid(69f1ff40f6eaa11bcbd599d9b3a669da) Importer(2089858483,b0f066a214c2f5e87bad3c948f4d605d)
Start importing Assets/Main/ExperimentResults/Unity/eb1bf7b9-dc49-4d0a-9aef-5e61581cce32/Analytics/ArchivedEvents/177792264900024.56d351fc/c using Guid(69f1ff40f6eaa11bcbd599d9b3a669da) Importer(2089858483,b0f066a214c2f5e87bad3c948f4d605d) (ScriptedImporter) -> (artifact id: '40e7563123af661a3bc5747491440443') in 0.007747403 seconds
Number of updated asset objects reloaded before import = 0Number of asset objects unloaded after import = 1

========================================================================
Received Import Request.
  Time since last request: 0.523088 seconds.
  path: Assets/Main/ExperimentResults/Unity/eb1bf7b9-dc49-4d0a-9aef-5e61581cce32/Analytics/ArchivedEvents/177792143500015.56d351fc/e
  artifactKey: Guid(527cc8d6fc35d4b5b909e2d4bd4cbc56) Importer(2089858483,b0f066a214c2f5e87bad3c948f4d605d)
Start importing Assets/Main/ExperimentResults/Unity/eb1bf7b9-dc49-4d0a-9aef-5e61581cce32/Analytics/ArchivedEvents/177792143500015.56d351fc/e using Guid(527cc8d6fc35d4b5b909e2d4bd4cbc56) Importer(2089858483,b0f066a214c2f5e87bad3c948f4d605d) (ScriptedImporter) -> (artifact id: '9ee2597d183aaafc4ce80aa237a1294e') in 0.007295986 seconds
Number of updated asset objects reloaded before import = 0Number of asset objects unloaded after import = 1

========================================================================
Received Import Request.
  Time since last request: 0.478092 seconds.
  path: Assets/Main/ExperimentResults/Unity/eb1bf7b9-dc49-4d0a-9aef-5e61581cce32/Analytics/ArchivedEvents/177791219100005.a9962222
  artifactKey: Guid(0e44d4d518945e876ac3cecddcc4b89f) Importer(2089858483,b0f066a214c2f5e87bad3c948f4d605d)
Start importing Assets/Main/ExperimentResults/Unity/eb1bf7b9-dc49-4d0a-9aef-5e61581cce32/Analytics/ArchivedEvents/177791219100005.a9962222 using Guid(0e44d4d518945e876ac3cecddcc4b89f) Importer(2089858483,b0f066a214c2f5e87bad3c948f4d605d) (ScriptedImporter) -> (artifact id: '8ea290c35fef47d487843dba49bf2180') in 0.010816079 seconds
Number of updated asset objects reloaded before import = 0Number of asset objects unloaded after import = 1

========================================================================
Received Import Request.
  Time since last request: 0.434754 seconds.
  path: Assets/Main/ExperimentResults/Unity/eb1bf7b9-dc49-4d0a-9aef-5e61581cce32/Analytics/ArchivedEvents/177793019000000.bbb9beae
  artifactKey: Guid(836793e9365988ac2a9186d4bd3b0185) Importer(2089858483,b0f066a214c2f5e87bad3c948f4d605d)
Start importing Assets/Main/ExperimentResults/Unity/eb1bf7b9-dc49-4d0a-9aef-5e61581cce32/Analytics/ArchivedEvents/177793019000000.bbb9beae using Guid(836793e9365988ac2a9186d4bd3b0185) Importer(2089858483,b0f066a214c2f5e87bad3c948f4d605d) (ScriptedImporter) -> (artifact id: '0fb876d44b9d0d6cc744c48857938e35') in 0.010567613 seconds
Number of updated asset objects reloaded before import = 0Number of asset objects unloaded after import = 1

========================================================================
Received Import Request.
  Time since last request: 0.441183 seconds.
  path: Assets/Main/ExperimentResults/Unity/eb1bf7b9-dc49-4d0a-9aef-5e61581cce32/Analytics/ArchivedEvents/177628853000000.7918f323/g
  artifactKey: Guid(252113da9dcdf0a5683a635af2eafcb9) Importer(2089858483,b0f066a214c2f5e87bad3c948f4d605d)
Start importing Assets/Main/ExperimentResults/Unity/eb1bf7b9-dc49-4d0a-9aef-5e61581cce32/Analytics/ArchivedEvents/177628853000000.7918f323/g using Guid(252113da9dcdf0a5683a635af2eafcb9) Importer(2089858483,b0f066a214c2f5e87bad3c948f4d605d) (ScriptedImporter) -> (artifact id: '7c6097c6f4f647925f433081ff878e63') in 0.011062932 seconds
Number of updated asset objects reloaded before import = 0Number of asset objects unloaded after import = 1

========================================================================
Received Import Request.
  Time since last request: 0.439802 seconds.
  path: Assets/Main/ExperimentResults/Unity/eb1bf7b9-dc49-4d0a-9aef-5e61581cce32/Analytics/ArchivedEvents/177549855700006.4aa87372/e
  artifactKey: Guid(612e2e13ce140fa32924233559532147) Importer(2089858483,b0f066a214c2f5e87bad3c948f4d605d)
Start importing Assets/Main/ExperimentResults/Unity/eb1bf7b9-dc49-4d0a-9aef-5e61581cce32/Analytics/ArchivedEvents/177549855700006.4aa87372/e using Guid(612e2e13ce140fa32924233559532147) Importer(2089858483,b0f066a214c2f5e87bad3c948f4d605d) (ScriptedImporter) -> (artifact id: '5b2d8aeaf4fa7755a6dfa94f19860ab2') in 0.008093282 seconds
Number of updated asset objects reloaded before import = 0Number of asset objects unloaded after import = 1

========================================================================
Received Import Request.
  Time since last request: 0.451717 seconds.
  path: Assets/Main/ExperimentResults/Unity/eb1bf7b9-dc49-4d0a-9aef-5e61581cce32/Analytics/ArchivedEvents/177791158500000.a9962222/s
  artifactKey: Guid(d277e41fd5b71870995960a1f0a2587d) Importer(2089858483,b0f066a214c2f5e87bad3c948f4d605d)
Start importing Assets/Main/ExperimentResults/Unity/eb1bf7b9-dc49-4d0a-9aef-5e61581cce32/Analytics/ArchivedEvents/177791158500000.a9962222/s using Guid(d277e41fd5b71870995960a1f0a2587d) Importer(2089858483,b0f066a214c2f5e87bad3c948f4d605d) (ScriptedImporter) -> (artifact id: 'dfc59167f85560cfeb279a19db719f90') in 0.00945716 seconds
Number of updated asset objects reloaded before import = 0Number of asset objects unloaded after import = 1

========================================================================
Received Import Request.
  Time since last request: 0.461114 seconds.
  path: Assets/Main/ExperimentResults/Unity/eb1bf7b9-dc49-4d0a-9aef-5e61581cce32/Analytics/ArchivedEvents/177792077600010.56d351fc/e
  artifactKey: Guid(063fc964645b2276e94404b15912cd0c) Importer(2089858483,b0f066a214c2f5e87bad3c948f4d605d)
Start importing Assets/Main/ExperimentResults/Unity/eb1bf7b9-dc49-4d0a-9aef-5e61581cce32/Analytics/ArchivedEvents/177792077600010.56d351fc/e using Guid(063fc964645b2276e94404b15912cd0c) Importer(2089858483,b0f066a214c2f5e87bad3c948f4d605d) (ScriptedImporter) -> (artifact id: '5fecd6f98fc9c81636d18e93129a756b') in 0.007485271 seconds
Number of updated asset objects reloaded before import = 0Number of asset objects unloaded after import = 1

========================================================================
Received Import Request.
  Time since last request: 0.460702 seconds.
  path: Assets/Main/ExperimentResults/Unity/eb1bf7b9-dc49-4d0a-9aef-5e61581cce32/Analytics/ArchivedEvents/177568318100001.aadf2cc5/s
  artifactKey: Guid(18b23740ce4c6b66185f5c60ca95b806) Importer(2089858483,b0f066a214c2f5e87bad3c948f4d605d)
Start importing Assets/Main/ExperimentResults/Unity/eb1bf7b9-dc49-4d0a-9aef-5e61581cce32/Analytics/ArchivedEvents/177568318100001.aadf2cc5/s using Guid(18b23740ce4c6b66185f5c60ca95b806) Importer(2089858483,b0f066a214c2f5e87bad3c948f4d605d) (ScriptedImporter) -> (artifact id: 'e29c04e1957c354f3fbd27c491e71f6a') in 0.006979252 seconds
Number of updated asset objects reloaded before import = 0Number of asset objects unloaded after import = 1

========================================================================
Received Import Request.
  Time since last request: 0.455314 seconds.
  path: Assets/Main/ExperimentResults/Unity/eb1bf7b9-dc49-4d0a-9aef-5e61581cce32/Analytics/ArchivedEvents/177629040100003.36c46b16/g
  artifactKey: Guid(d6c1673437674621d9fa467e429bb18c) Importer(2089858483,b0f066a214c2f5e87bad3c948f4d605d)
Start importing Assets/Main/ExperimentResults/Unity/eb1bf7b9-dc49-4d0a-9aef-5e61581cce32/Analytics/ArchivedEvents/177629040100003.36c46b16/g using Guid(d6c1673437674621d9fa467e429bb18c) Importer(2089858483,b0f066a214c2f5e87bad3c948f4d605d) (ScriptedImporter) -> (artifact id: 'd86faeb5bd0920d70c9d44e8c48cab82') in 0.007379663 seconds
Number of updated asset objects reloaded before import = 0Number of asset objects unloaded after import = 1

========================================================================
Received Import Request.
  Time since last request: 0.458118 seconds.
  path: Assets/Main/ExperimentResults/Unity/eb1bf7b9-dc49-4d0a-9aef-5e61581cce32/Analytics/ArchivedEvents/177791156900002.5fdab35e/e
  artifactKey: Guid(c44aa61515882d211b68f352bc1272f7) Importer(2089858483,b0f066a214c2f5e87bad3c948f4d605d)
Start importing Assets/Main/ExperimentResults/Unity/eb1bf7b9-dc49-4d0a-9aef-5e61581cce32/Analytics/ArchivedEvents/177791156900002.5fdab35e/e using Guid(c44aa61515882d211b68f352bc1272f7) Importer(2089858483,b0f066a214c2f5e87bad3c948f4d605d) (ScriptedImporter) -> (artifact id: '514022b486bce51ac96c07dc3505a901') in 0.007991661 seconds
Number of updated asset objects reloaded before import = 0Number of asset objects unloaded after import = 1

========================================================================
Received Import Request.
  Time since last request: 2.744407 seconds.
  path: Assets/Main/ExperimentResults/Unity/eb1bf7b9-dc49-4d0a-9aef-5e61581cce32/Analytics/ArchivedEvents/177568318100001.aadf2cc5/e
  artifactKey: Guid(17bb8f58ad00927998bf5f18fe7f1bde) Importer(2089858483,b0f066a214c2f5e87bad3c948f4d605d)
Start importing Assets/Main/ExperimentResults/Unity/eb1bf7b9-dc49-4d0a-9aef-5e61581cce32/Analytics/ArchivedEvents/177568318100001.aadf2cc5/e using Guid(17bb8f58ad00927998bf5f18fe7f1bde) Importer(2089858483,b0f066a214c2f5e87bad3c948f4d605d) (ScriptedImporter) -> (artifact id: '7bd3b8e0dd16407907278def5abb99af') in 0.007332595 seconds
Number of updated asset objects reloaded before import = 0Number of asset objects unloaded after import = 1

========================================================================
Received Import Request.
  Time since last request: 0.000036 seconds.
  path: Assets/Main/ExperimentResults/Unity/eb1bf7b9-dc49-4d0a-9aef-5e61581cce32/Analytics/ArchivedEvents/177791784600000.56d351fc/s
  artifactKey: Guid(f2c8adbcdbdffb112957c79e2083cd30) Importer(2089858483,b0f066a214c2f5e87bad3c948f4d605d)
Start importing Assets/Main/ExperimentResults/Unity/eb1bf7b9-dc49-4d0a-9aef-5e61581cce32/Analytics/ArchivedEvents/177791784600000.56d351fc/s using Guid(f2c8adbcdbdffb112957c79e2083cd30) Importer(2089858483,b0f066a214c2f5e87bad3c948f4d605d) (ScriptedImporter) -> (artifact id: '1300199ed9a7745f840cd9f973d54c88') in 0.006287173 seconds
Number of updated asset objects reloaded before import = 0Number of asset objects unloaded after import = 1

========================================================================
Received Import Request.
  Time since last request: 0.000034 seconds.
  path: Assets/Main/ExperimentResults/Unity/eb1bf7b9-dc49-4d0a-9aef-5e61581cce32/Analytics/ArchivedEvents/177791814500002.56d351fc/g
  artifactKey: Guid(ff39b4bd57ad8b24ebfb2f11414f6550) Importer(2089858483,b0f066a214c2f5e87bad3c948f4d605d)
Start importing Assets/Main/ExperimentResults/Unity/eb1bf7b9-dc49-4d0a-9aef-5e61581cce32/Analytics/ArchivedEvents/177791814500002.56d351fc/g using Guid(ff39b4bd57ad8b24ebfb2f11414f6550) Importer(2089858483,b0f066a214c2f5e87bad3c948f4d605d) (ScriptedImporter) -> (artifact id: '6d1a87d7eafde6278aee4fb814f9dd39') in 0.006368176 seconds
Number of updated asset objects reloaded before import = 0Number of asset objects unloaded after import = 1

========================================================================
Received Import Request.
  Time since last request: 0.000035 seconds.
  path: Assets/Main/ExperimentResults/Unity/eb1bf7b9-dc49-4d0a-9aef-5e61581cce32/Analytics/ArchivedEvents/177791511400002.495d2e04/e
  artifactKey: Guid(1ca74795e50dda279a9b5fee40851c13) Importer(2089858483,b0f066a214c2f5e87bad3c948f4d605d)
Start importing Assets/Main/ExperimentResults/Unity/eb1bf7b9-dc49-4d0a-9aef-5e61581cce32/Analytics/ArchivedEvents/177791511400002.495d2e04/e using Guid(1ca74795e50dda279a9b5fee40851c13) Importer(2089858483,b0f066a214c2f5e87bad3c948f4d605d) (ScriptedImporter) -> (artifact id: 'f19bcd0b208cc94c55b1c96114962103') in 0.006737829 seconds
Number of updated asset objects reloaded before import = 0Number of asset objects unloaded after import = 1

========================================================================
Received Import Request.
  Time since last request: 0.000044 seconds.
  path: Assets/Main/ExperimentResults/Unity/eb1bf7b9-dc49-4d0a-9aef-5e61581cce32/Analytics/ArchivedEvents/177791546300001.5f3d3d08/e
  artifactKey: Guid(2b9ef3fec9a91a5a3aa4e1e90626d505) Importer(2089858483,b0f066a214c2f5e87bad3c948f4d605d)
Start importing Assets/Main/ExperimentResults/Unity/eb1bf7b9-dc49-4d0a-9aef-5e61581cce32/Analytics/ArchivedEvents/177791546300001.5f3d3d08/e using Guid(2b9ef3fec9a91a5a3aa4e1e90626d505) Importer(2089858483,b0f066a214c2f5e87bad3c948f4d605d) (ScriptedImporter) -> (artifact id: '7109f0a7bee8563835731891a7ee4308') in 0.006947011 seconds
Number of updated asset objects reloaded before import = 0Number of asset objects unloaded after import = 1

========================================================================
Received Import Request.
  Time since last request: 0.000068 seconds.
  path: Assets/Main/ExperimentResults/Unity/eb1bf7b9-dc49-4d0a-9aef-5e61581cce32/Analytics/ArchivedEvents/177791546300000.5f3d3d08/g
  artifactKey: Guid(42b582177deb38e77981915bc415375a) Importer(2089858483,b0f066a214c2f5e87bad3c948f4d605d)
Start importing Assets/Main/ExperimentResults/Unity/eb1bf7b9-dc49-4d0a-9aef-5e61581cce32/Analytics/ArchivedEvents/177791546300000.5f3d3d08/g using Guid(42b582177deb38e77981915bc415375a) Importer(2089858483,b0f066a214c2f5e87bad3c948f4d605d) (ScriptedImporter) -> (artifact id: '04ab37e199b3f34738dcce7c6bff2363') in 0.006323532 seconds
Number of updated asset objects reloaded before import = 0Number of asset objects unloaded after import = 1

========================================================================
Received Import Request.
  Time since last request: 0.000020 seconds.
  path: Assets/Main/ExperimentResults/Unity/eb1bf7b9-dc49-4d0a-9aef-5e61581cce32/Analytics/ArchivedEvents/177792223100021.56d351fc/c
  artifactKey: Guid(4e545accd07e26c139987523489cf0fc) Importer(2089858483,b0f066a214c2f5e87bad3c948f4d605d)
Start importing Assets/Main/ExperimentResults/Unity/eb1bf7b9-dc49-4d0a-9aef-5e61581cce32/Analytics/ArchivedEvents/177792223100021.56d351fc/c using Guid(4e545accd07e26c139987523489cf0fc) Importer(2089858483,b0f066a214c2f5e87bad3c948f4d605d) (ScriptedImporter) -> (artifact id: '40330b077e25ad39611f8ec68eee2411') in 0.005697187 seconds
Number of updated asset objects reloaded before import = 0Number of asset objects unloaded after import = 1

========================================================================
Received Import Request.
  Time since last request: 0.000024 seconds.
  path: Assets/Main/ExperimentResults/Unity/eb1bf7b9-dc49-4d0a-9aef-5e61581cce32/Analytics/ArchivedEvents/177792902600003.dd90318b/e
  artifactKey: Guid(11a7fad95fca9e86793e62f947578f34) Importer(2089858483,b0f066a214c2f5e87bad3c948f4d605d)
Start importing Assets/Main/ExperimentResults/Unity/eb1bf7b9-dc49-4d0a-9aef-5e61581cce32/Analytics/ArchivedEvents/177792902600003.dd90318b/e using Guid(11a7fad95fca9e86793e62f947578f34) Importer(2089858483,b0f066a214c2f5e87bad3c948f4d605d) (ScriptedImporter) -> (artifact id: '1860e055e559692cac16650ea5e1487a') in 0.00416327 seconds
Number of updated asset objects reloaded before import = 0Number of asset objects unloaded after import = 1

========================================================================
Received Import Request.
  Time since last request: 0.000025 seconds.
  path: Assets/Main/ExperimentResults/Unity/eb1bf7b9-dc49-4d0a-9aef-5e61581cce32/Analytics/ArchivedEvents/177791546300001.5f3d3d08/c
  artifactKey: Guid(ba0e55e737227c37b88144b16760ebe3) Importer(2089858483,b0f066a214c2f5e87bad3c948f4d605d)
Start importing Assets/Main/ExperimentResults/Unity/eb1bf7b9-dc49-4d0a-9aef-5e61581cce32/Analytics/ArchivedEvents/177791546300001.5f3d3d08/c using Guid(ba0e55e737227c37b88144b16760ebe3) Importer(2089858483,b0f066a214c2f5e87bad3c948f4d605d) (ScriptedImporter) -> (artifact id: 'ed3f7c2f38cd6e0e55f41192c292fd1e') in 0.004633672 seconds
Number of updated asset objects reloaded before import = 0Number of asset objects unloaded after import = 1

========================================================================
Received Import Request.
  Time since last request: 0.000021 seconds.
  path: Assets/Main/ExperimentResults/Unity/eb1bf7b9-dc49-4d0a-9aef-5e61581cce32/Analytics/ArchivedEvents/177791867800003.56d351fc/g
  artifactKey: Guid(c6c53b21a9ec30ca093826b0f91deee4) Importer(2089858483,b0f066a214c2f5e87bad3c948f4d605d)
Start importing Assets/Main/ExperimentResults/Unity/eb1bf7b9-dc49-4d0a-9aef-5e61581cce32/Analytics/ArchivedEvents/177791867800003.56d351fc/g using Guid(c6c53b21a9ec30ca093826b0f91deee4) Importer(2089858483,b0f066a214c2f5e87bad3c948f4d605d) (ScriptedImporter) -> (artifact id: '2c1fb7cfe36abc35b202764af72b5cec') in 0.005748704 seconds
Number of updated asset objects reloaded before import = 0Number of asset objects unloaded after import = 1

========================================================================
Received Import Request.
  Time since last request: 0.000023 seconds.
  path: Assets/Main/ExperimentResults/Unity/eb1bf7b9-dc49-4d0a-9aef-5e61581cce32/Analytics/ArchivedEvents/177792071500008.56d351fc/g
  artifactKey: Guid(58da8f5e19b01ab2abef1113a0c893aa) Importer(2089858483,b0f066a214c2f5e87bad3c948f4d605d)
Start importing Assets/Main/ExperimentResults/Unity/eb1bf7b9-dc49-4d0a-9aef-5e61581cce32/Analytics/ArchivedEvents/177792071500008.56d351fc/g using Guid(58da8f5e19b01ab2abef1113a0c893aa) Importer(2089858483,b0f066a214c2f5e87bad3c948f4d605d) (ScriptedImporter) -> (artifact id: '19eba42351de00659e95d77181d1af3b') in 0.005712286 seconds
Number of updated asset objects reloaded before import = 0Number of asset objects unloaded after import = 1

========================================================================
Received Import Request.
  Time since last request: 0.000046 seconds.
  path: Assets/Main/ExperimentResults/Unity/eb1bf7b9-dc49-4d0a-9aef-5e61581cce32/Analytics/ArchivedEvents/177791502100001.495d2e04/s
  artifactKey: Guid(91a61f50f1cc1d4e69f55df6c2ddadd1) Importer(2089858483,b0f066a214c2f5e87bad3c948f4d605d)
Start importing Assets/Main/ExperimentResults/Unity/eb1bf7b9-dc49-4d0a-9aef-5e61581cce32/Analytics/ArchivedEvents/177791502100001.495d2e04/s using Guid(91a61f50f1cc1d4e69f55df6c2ddadd1) Importer(2089858483,b0f066a214c2f5e87bad3c948f4d605d) (ScriptedImporter) -> (artifact id: 'a59ec6899ec2cb3940f044c0f85c419d') in 0.005857528 seconds
Number of updated asset objects reloaded before import = 0Number of asset objects unloaded after import = 1

========================================================================
Received Import Request.
  Time since last request: 0.000060 seconds.
  path: Assets/Main/ExperimentResults/Unity/eb1bf7b9-dc49-4d0a-9aef-5e61581cce32/Analytics/ArchivedEvents/177791957600007.56d351fc/e
  artifactKey: Guid(840eaa0b2c476f84f936803927c30f96) Importer(2089858483,b0f066a214c2f5e87bad3c948f4d605d)
Start importing Assets/Main/ExperimentResults/Unity/eb1bf7b9-dc49-4d0a-9aef-5e61581cce32/Analytics/ArchivedEvents/177791957600007.56d351fc/e using Guid(840eaa0b2c476f84f936803927c30f96) Importer(2089858483,b0f066a214c2f5e87bad3c948f4d605d) (ScriptedImporter) -> (artifact id: '0f11f55ff6a391b0abe358e756c444e8') in 0.005886602 seconds
Number of updated asset objects reloaded before import = 0Number of asset objects unloaded after import = 1

========================================================================
Received Import Request.
  Time since last request: 0.000039 seconds.
  path: Assets/Main/ExperimentResults/Unity/eb1bf7b9-dc49-4d0a-9aef-5e61581cce32/Analytics/ArchivedEvents/177792832400000.dd90318b/s
  artifactKey: Guid(c3c9d34648ab086499a5f01b73da97c3) Importer(2089858483,b0f066a214c2f5e87bad3c948f4d605d)
Start importing Assets/Main/ExperimentResults/Unity/eb1bf7b9-dc49-4d0a-9aef-5e61581cce32/Analytics/ArchivedEvents/177792832400000.dd90318b/s using Guid(c3c9d34648ab086499a5f01b73da97c3) Importer(2089858483,b0f066a214c2f5e87bad3c948f4d605d) (ScriptedImporter) -> (artifact id: '83d5db5151d1021e7c26c468e7811d3e') in 0.006435312 seconds
Number of updated asset objects reloaded before import = 0Number of asset objects unloaded after import = 1

========================================================================
Received Import Request.
  Time since last request: 0.000044 seconds.
  path: Assets/Main/ExperimentResults/Unity/eb1bf7b9-dc49-4d0a-9aef-5e61581cce32/Analytics/ArchivedEvents/177791254800002.fe1d62de/g
  artifactKey: Guid(ad7a2e5fd1fac13048cf21c018db8914) Importer(2089858483,b0f066a214c2f5e87bad3c948f4d605d)
Start importing Assets/Main/ExperimentResults/Unity/eb1bf7b9-dc49-4d0a-9aef-5e61581cce32/Analytics/ArchivedEvents/177791254800002.fe1d62de/g using Guid(ad7a2e5fd1fac13048cf21c018db8914) Importer(2089858483,b0f066a214c2f5e87bad3c948f4d605d) (ScriptedImporter) -> (artifact id: '44f4167a1a40cdef7d0c50cd5383f522') in 0.005582321 seconds
Number of updated asset objects reloaded before import = 0Number of asset objects unloaded after import = 1

========================================================================
Received Import Request.
  Time since last request: 0.000036 seconds.
  path: Assets/Main/ExperimentResults/Unity/eb1bf7b9-dc49-4d0a-9aef-5e61581cce32/Analytics/ArchivedEvents/177791158500001.a9962222
  artifactKey: Guid(dc8d0f55dba17a95d80e52774396e098) Importer(2089858483,b0f066a214c2f5e87bad3c948f4d605d)
Start importing Assets/Main/ExperimentResults/Unity/eb1bf7b9-dc49-4d0a-9aef-5e61581cce32/Analytics/ArchivedEvents/177791158500001.a9962222 using Guid(dc8d0f55dba17a95d80e52774396e098) Importer(2089858483,b0f066a214c2f5e87bad3c948f4d605d) (ScriptedImporter) -> (artifact id: '20e9ac108045e1a004e4cae5dfd14d89') in 0.006133065 seconds
Number of updated asset objects reloaded before import = 0Number of asset objects unloaded after import = 1

========================================================================
Received Import Request.
  Time since last request: 0.000029 seconds.
  path: Assets/Main/ExperimentResults/Unity/eb1bf7b9-dc49-4d0a-9aef-5e61581cce32/Analytics/ArchivedEvents/177792107500012.56d351fc/s
  artifactKey: Guid(594fc80faa49a89cf8b07794acbf2504) Importer(2089858483,b0f066a214c2f5e87bad3c948f4d605d)
Start importing Assets/Main/ExperimentResults/Unity/eb1bf7b9-dc49-4d0a-9aef-5e61581cce32/Analytics/ArchivedEvents/177792107500012.56d351fc/s using Guid(594fc80faa49a89cf8b07794acbf2504) Importer(2089858483,b0f066a214c2f5e87bad3c948f4d605d) (ScriptedImporter) -> (artifact id: 'f6fb14f3acd0becec730d59170de9eaa') in 0.007077846 seconds
Number of updated asset objects reloaded before import = 0Number of asset objects unloaded after import = 1

========================================================================
Received Import Request.
  Time since last request: 0.000037 seconds.
  path: Assets/Main/ExperimentResults/Unity/eb1bf7b9-dc49-4d0a-9aef-5e61581cce32/Analytics/ArchivedEvents/177791867800003.56d351fc/c
  artifactKey: Guid(e82667c68b7aea161bcfdcc0a81f54e8) Importer(2089858483,b0f066a214c2f5e87bad3c948f4d605d)
Start importing Assets/Main/ExperimentResults/Unity/eb1bf7b9-dc49-4d0a-9aef-5e61581cce32/Analytics/ArchivedEvents/177791867800003.56d351fc/c using Guid(e82667c68b7aea161bcfdcc0a81f54e8) Importer(2089858483,b0f066a214c2f5e87bad3c948f4d605d) (ScriptedImporter) -> (artifact id: '8db453b8dd649a889d42219f91e57a25') in 0.006634856 seconds
Number of updated asset objects reloaded before import = 0Number of asset objects unloaded after import = 1

========================================================================
Received Import Request.
  Time since last request: 0.000078 seconds.
  path: Assets/Main/ExperimentResults/Unity/eb1bf7b9-dc49-4d0a-9aef-5e61581cce32/Analytics/ArchivedEvents/177793217600001.77f618aa/e
  artifactKey: Guid(7be16698bcc62c431b63ee1e1cb32578) Importer(2089858483,b0f066a214c2f5e87bad3c948f4d605d)
Start importing Assets/Main/ExperimentResults/Unity/eb1bf7b9-dc49-4d0a-9aef-5e61581cce32/Analytics/ArchivedEvents/177793217600001.77f618aa/e using Guid(7be16698bcc62c431b63ee1e1cb32578) Importer(2089858483,b0f066a214c2f5e87bad3c948f4d605d) (ScriptedImporter) -> (artifact id: '9159007d3ba086cd14b30803b2372615') in 0.008777886 seconds
Number of updated asset objects reloaded before import = 0Number of asset objects unloaded after import = 1

========================================================================
Received Import Request.
  Time since last request: 0.000039 seconds.
  path: Assets/Main/ExperimentResults/Unity/eb1bf7b9-dc49-4d0a-9aef-5e61581cce32/Insights/ed5ce006a2bc148d6d4f4b3a3d71f4e8.bin
  artifactKey: Guid(b5f82040773fb6e8492ab9232dc7042f) Importer(2089858483,b0f066a214c2f5e87bad3c948f4d605d)
Start importing Assets/Main/ExperimentResults/Unity/eb1bf7b9-dc49-4d0a-9aef-5e61581cce32/Insights/ed5ce006a2bc148d6d4f4b3a3d71f4e8.bin using Guid(b5f82040773fb6e8492ab9232dc7042f) Importer(2089858483,b0f066a214c2f5e87bad3c948f4d605d) (ScriptedImporter) -> (artifact id: 'e771e1d6fa4757d19ad7982c3788535d') in 0.007024247 seconds
Number of updated asset objects reloaded before import = 0Number of asset objects unloaded after import = 1

========================================================================
Received Import Request.
  Time since last request: 0.000029 seconds.
  path: Assets/Main/ExperimentResults/Unity/eb1bf7b9-dc49-4d0a-9aef-5e61581cce32/Analytics/ArchivedEvents/177791224800000.fe1d62de/e
  artifactKey: Guid(1aefc2bd304628cd48870161d97965cc) Importer(2089858483,b0f066a214c2f5e87bad3c948f4d605d)
Start importing Assets/Main/ExperimentResults/Unity/eb1bf7b9-dc49-4d0a-9aef-5e61581cce32/Analytics/ArchivedEvents/177791224800000.fe1d62de/e using Guid(1aefc2bd304628cd48870161d97965cc) Importer(2089858483,b0f066a214c2f5e87bad3c948f4d605d) (ScriptedImporter) -> (artifact id: '6300b8b8be612f2f914f15b5b3bd161d') in 0.005146584 seconds
Number of updated asset objects reloaded before import = 0Number of asset objects unloaded after import = 1

========================================================================
Received Import Request.
  Time since last request: 0.000030 seconds.
  path: Assets/Main/ExperimentResults/Unity/eb1bf7b9-dc49-4d0a-9aef-5e61581cce32/Analytics/ArchivedEvents/177792862300002.dd90318b/s
  artifactKey: Guid(4b5d7edd5fbbf0182a1131c636ed2945) Importer(2089858483,b0f066a214c2f5e87bad3c948f4d605d)
Start importing Assets/Main/ExperimentResults/Unity/eb1bf7b9-dc49-4d0a-9aef-5e61581cce32/Analytics/ArchivedEvents/177792862300002.dd90318b/s using Guid(4b5d7edd5fbbf0182a1131c636ed2945) Importer(2089858483,b0f066a214c2f5e87bad3c948f4d605d) (ScriptedImporter) -> (artifact id: '43f80792d96628878fd4067be1b32574') in 0.005625292 seconds
Number of updated asset objects reloaded before import = 0Number of asset objects unloaded after import = 1

========================================================================
Received Import Request.
  Time since last request: 0.000037 seconds.
  path: Assets/Main/ExperimentResults/Unity/eb1bf7b9-dc49-4d0a-9aef-5e61581cce32/Analytics/ArchivedEvents/177792832400001.dd90318b/s
  artifactKey: Guid(bc41310c67f7c0a79a84a91f99f859c9) Importer(2089858483,b0f066a214c2f5e87bad3c948f4d605d)
Start importing Assets/Main/ExperimentResults/Unity/eb1bf7b9-dc49-4d0a-9aef-5e61581cce32/Analytics/ArchivedEvents/177792832400001.dd90318b/s using Guid(bc41310c67f7c0a79a84a91f99f859c9) Importer(2089858483,b0f066a214c2f5e87bad3c948f4d605d) (ScriptedImporter) -> (artifact id: '883e9a641cc62d1d861ae279f12d77f8') in 0.006703876 seconds
Number of updated asset objects reloaded before import = 0Number of asset objects unloaded after import = 1

========================================================================
Received Import Request.
  Time since last request: 0.000042 seconds.
  path: Assets/Main/ExperimentResults/Unity/eb1bf7b9-dc49-4d0a-9aef-5e61581cce32/Analytics/ArchivedEvents/177791254800002.fe1d62de/e
  artifactKey: Guid(adfa539f5663bbf28a2169fb0478df1a) Importer(2089858483,b0f066a214c2f5e87bad3c948f4d605d)
Start importing Assets/Main/ExperimentResults/Unity/eb1bf7b9-dc49-4d0a-9aef-5e61581cce32/Analytics/ArchivedEvents/177791254800002.fe1d62de/e using Guid(adfa539f5663bbf28a2169fb0478df1a) Importer(2089858483,b0f066a214c2f5e87bad3c948f4d605d) (ScriptedImporter) -> (artifact id: '8a66451ce2b5651d469dc8da9e3f41d6') in 0.006372474 seconds
Number of updated asset objects reloaded before import = 0Number of asset objects unloaded after import = 1

========================================================================
Received Import Request.
  Time since last request: 0.000040 seconds.
  path: Assets/Main/ExperimentResults/Unity/eb1bf7b9-dc49-4d0a-9aef-5e61581cce32/Analytics/ArchivedEvents/177791784600001.56d351fc/e
  artifactKey: Guid(f800ab436bb0a1c868c9171875e7adc8) Importer(2089858483,b0f066a214c2f5e87bad3c948f4d605d)
Start importing Assets/Main/ExperimentResults/Unity/eb1bf7b9-dc49-4d0a-9aef-5e61581cce32/Analytics/ArchivedEvents/177791784600001.56d351fc/e using Guid(f800ab436bb0a1c868c9171875e7adc8) Importer(2089858483,b0f066a214c2f5e87bad3c948f4d605d) (ScriptedImporter) -> (artifact id: '9b18a94d2f9b82dccd1349771bdb5728') in 0.006056572 seconds
Number of updated asset objects reloaded before import = 0Number of asset objects unloaded after import = 1

========================================================================
Received Import Request.
  Time since last request: 0.000031 seconds.
  path: Assets/Main/ExperimentResults/Unity/eb1bf7b9-dc49-4d0a-9aef-5e61581cce32/Analytics/ArchivedEvents/177791951500006.56d351fc/e
  artifactKey: Guid(1a04c76490907cfed9bdd66985eeb2ac) Importer(2089858483,b0f066a214c2f5e87bad3c948f4d605d)
Start importing Assets/Main/ExperimentResults/Unity/eb1bf7b9-dc49-4d0a-9aef-5e61581cce32/Analytics/ArchivedEvents/177791951500006.56d351fc/e using Guid(1a04c76490907cfed9bdd66985eeb2ac) Importer(2089858483,b0f066a214c2f5e87bad3c948f4d605d) (ScriptedImporter) -> (artifact id: 'f413ca2833d596ab8f132956701886fb') in 0.006632 seconds
Number of updated asset objects reloaded before import = 0Number of asset objects unloaded after import = 1

========================================================================
Received Import Request.
  Time since last request: 0.000032 seconds.
  path: Assets/Main/ExperimentResults/Unity/eb1bf7b9-dc49-4d0a-9aef-5e61581cce32/Analytics/ArchivedEvents/177791219100005.a9962222/c
  artifactKey: Guid(85d76dec24c8d2c9dac9f91277151d28) Importer(2089858483,b0f066a214c2f5e87bad3c948f4d605d)
Start importing Assets/Main/ExperimentResults/Unity/eb1bf7b9-dc49-4d0a-9aef-5e61581cce32/Analytics/ArchivedEvents/177791219100005.a9962222/c using Guid(85d76dec24c8d2c9dac9f91277151d28) Importer(2089858483,b0f066a214c2f5e87bad3c948f4d605d) (ScriptedImporter) -> (artifact id: '24e0686c80e7f9ca980fd5f9246be5ef') in 0.006805265 seconds
Number of updated asset objects reloaded before import = 0Number of asset objects unloaded after import = 1

========================================================================
Received Import Request.
  Time since last request: 0.000045 seconds.
  path: Assets/Main/ExperimentResults/Unity/eb1bf7b9-dc49-4d0a-9aef-5e61581cce32/Analytics/ArchivedEvents/177791784600001.56d351fc/c
  artifactKey: Guid(a969ef5cbbdc576139876ae3bec01c50) Importer(2089858483,b0f066a214c2f5e87bad3c948f4d605d)
Start importing Assets/Main/ExperimentResults/Unity/eb1bf7b9-dc49-4d0a-9aef-5e61581cce32/Analytics/ArchivedEvents/177791784600001.56d351fc/c using Guid(a969ef5cbbdc576139876ae3bec01c50) Importer(2089858483,b0f066a214c2f5e87bad3c948f4d605d) (ScriptedImporter) -> (artifact id: 'd4e659fdb21e306dab87ddf4a42158c2') in 0.006794095 seconds
Number of updated asset objects reloaded before import = 0Number of asset objects unloaded after import = 1

========================================================================
Received Import Request.
  Time since last request: 0.000029 seconds.
  path: Assets/Main/ExperimentResults/Unity/eb1bf7b9-dc49-4d0a-9aef-5e61581cce32/Analytics/ArchivedEvents/177791158500001.a9962222/e
  artifactKey: Guid(c7ce12c97290a846da78eb906e745327) Importer(2089858483,b0f066a214c2f5e87bad3c948f4d605d)
Start importing Assets/Main/ExperimentResults/Unity/eb1bf7b9-dc49-4d0a-9aef-5e61581cce32/Analytics/ArchivedEvents/177791158500001.a9962222/e using Guid(c7ce12c97290a846da78eb906e745327) Importer(2089858483,b0f066a214c2f5e87bad3c948f4d605d) (ScriptedImporter) -> (artifact id: 'db36b04243a5527d77544889039483e1') in 0.005962515 seconds
Number of updated asset objects reloaded before import = 0Number of asset objects unloaded after import = 1

========================================================================
Received Import Request.
  Time since last request: 0.000053 seconds.
  path: Assets/Main/ExperimentResults/Unity/eb1bf7b9-dc49-4d0a-9aef-5e61581cce32/Analytics/ArchivedEvents/177791224800000.fe1d62de/s
  artifactKey: Guid(f5aeb5fb43390c3fa9a4a563eb40b3f1) Importer(2089858483,b0f066a214c2f5e87bad3c948f4d605d)
Start importing Assets/Main/ExperimentResults/Unity/eb1bf7b9-dc49-4d0a-9aef-5e61581cce32/Analytics/ArchivedEvents/177791224800000.fe1d62de/s using Guid(f5aeb5fb43390c3fa9a4a563eb40b3f1) Importer(2089858483,b0f066a214c2f5e87bad3c948f4d605d) (ScriptedImporter) -> (artifact id: '727b1e1a2c61a3e0e0608a6530e065e5') in 0.006532334 seconds
Number of updated asset objects reloaded before import = 0Number of asset objects unloaded after import = 1

========================================================================
Received Import Request.
  Time since last request: 0.000054 seconds.
  path: Assets/Main/ExperimentResults/Unity/eb1bf7b9-dc49-4d0a-9aef-5e61581cce32/Analytics/ArchivedEvents/177629046100005.36c46b16/g
  artifactKey: Guid(a44a6b11c89c1bcfe8557d8d5dd9494e) Importer(2089858483,b0f066a214c2f5e87bad3c948f4d605d)
Start importing Assets/Main/ExperimentResults/Unity/eb1bf7b9-dc49-4d0a-9aef-5e61581cce32/Analytics/ArchivedEvents/177629046100005.36c46b16/g using Guid(a44a6b11c89c1bcfe8557d8d5dd9494e) Importer(2089858483,b0f066a214c2f5e87bad3c948f4d605d) (ScriptedImporter) -> (artifact id: 'e8b8096537004b92c107bf12304b5964') in 0.007105428 seconds
Number of updated asset objects reloaded before import = 0Number of asset objects unloaded after import = 1

========================================================================
Received Import Request.
  Time since last request: 0.000038 seconds.
  path: Assets/Main/ExperimentResults/Unity/eb1bf7b9-dc49-4d0a-9aef-5e61581cce32/Analytics/ArchivedEvents/177793235100003.77f618aa/s
  artifactKey: Guid(160819f84344e004a90fc3ff3d50be77) Importer(2089858483,b0f066a214c2f5e87bad3c948f4d605d)
Start importing Assets/Main/ExperimentResults/Unity/eb1bf7b9-dc49-4d0a-9aef-5e61581cce32/Analytics/ArchivedEvents/177793235100003.77f618aa/s using Guid(160819f84344e004a90fc3ff3d50be77) Importer(2089858483,b0f066a214c2f5e87bad3c948f4d605d) (ScriptedImporter) -> (artifact id: 'f1ce1fcb53fe6f6bf43a29a4db77ea06') in 0.005642684 seconds
Number of updated asset objects reloaded before import = 0Number of asset objects unloaded after import = 1

========================================================================
Received Import Request.
  Time since last request: 0.000025 seconds.
  path: Assets/Main/ExperimentResults/Unity/eb1bf7b9-dc49-4d0a-9aef-5e61581cce32/Analytics/ArchivedEvents/177793217600001.77f618aa/c
  artifactKey: Guid(6e743a2ea2a284cf78d9719660bf2017) Importer(2089858483,b0f066a214c2f5e87bad3c948f4d605d)
Start importing Assets/Main/ExperimentResults/Unity/eb1bf7b9-dc49-4d0a-9aef-5e61581cce32/Analytics/ArchivedEvents/177793217600001.77f618aa/c using Guid(6e743a2ea2a284cf78d9719660bf2017) Importer(2089858483,b0f066a214c2f5e87bad3c948f4d605d) (ScriptedImporter) -> (artifact id: '756b9c766dd691738178e3dda2134e02') in 0.005844964 seconds
Number of updated asset objects reloaded before import = 0Number of asset objects unloaded after import = 1

========================================================================
Received Import Request.
  Time since last request: 0.000028 seconds.
  path: Assets/Main/ExperimentResults/Unity/eb1bf7b9-dc49-4d0a-9aef-5e61581cce32/Analytics/ArchivedEvents/177791337500001.01d234e6/e
  artifactKey: Guid(9c293f55db3580d9b8819ac79e3f17d6) Importer(2089858483,b0f066a214c2f5e87bad3c948f4d605d)
Start importing Assets/Main/ExperimentResults/Unity/eb1bf7b9-dc49-4d0a-9aef-5e61581cce32/Analytics/ArchivedEvents/177791337500001.01d234e6/e using Guid(9c293f55db3580d9b8819ac79e3f17d6) Importer(2089858483,b0f066a214c2f5e87bad3c948f4d605d) (ScriptedImporter) -> (artifact id: '5bb16e347305b6ff503dc3b984739ed4') in 0.006253631 seconds
Number of updated asset objects reloaded before import = 0Number of asset objects unloaded after import = 1

========================================================================
Received Import Request.
  Time since last request: 0.000031 seconds.
  path: Assets/Main/ExperimentResults/Unity/eb1bf7b9-dc49-4d0a-9aef-5e61581cce32/Analytics/ArchivedEvents/177791546300001.5f3d3d08/s
  artifactKey: Guid(3fc1ea58b61ad9772995bf1e1ff4f956) Importer(2089858483,b0f066a214c2f5e87bad3c948f4d605d)
Start importing Assets/Main/ExperimentResults/Unity/eb1bf7b9-dc49-4d0a-9aef-5e61581cce32/Analytics/ArchivedEvents/177791546300001.5f3d3d08/s using Guid(3fc1ea58b61ad9772995bf1e1ff4f956) Importer(2089858483,b0f066a214c2f5e87bad3c948f4d605d) (ScriptedImporter) -> (artifact id: '46bd9fab97f8074bd64d7d449b297991') in 0.00686637 seconds
Number of updated asset objects reloaded before import = 0Number of asset objects unloaded after import = 1

========================================================================
Received Import Request.
  Time since last request: 0.000059 seconds.
  path: Assets/Main/ExperimentResults/Unity/eb1bf7b9-dc49-4d0a-9aef-5e61581cce32/Analytics/ArchivedEvents/177792296300000.b9e46d99/c
  artifactKey: Guid(ee86bd35147f7e1edb8d6422aa3585b9) Importer(2089858483,b0f066a214c2f5e87bad3c948f4d605d)
Start importing Assets/Main/ExperimentResults/Unity/eb1bf7b9-dc49-4d0a-9aef-5e61581cce32/Analytics/ArchivedEvents/177792296300000.b9e46d99/c using Guid(ee86bd35147f7e1edb8d6422aa3585b9) Importer(2089858483,b0f066a214c2f5e87bad3c948f4d605d) (ScriptedImporter) -> (artifact id: 'e84c72946c5b0703fecd90f3ee253eb2') in 0.007128522 seconds
Number of updated asset objects reloaded before import = 0Number of asset objects unloaded after import = 1

========================================================================
Received Import Request.
  Time since last request: 0.000040 seconds.
  path: Assets/Main/ExperimentResults/Unity/eb1bf7b9-dc49-4d0a-9aef-5e61581cce32/Analytics/ArchivedEvents/177792149600016.56d351fc
  artifactKey: Guid(603b1baf087d2ad6e98bf97386a29abb) Importer(2089858483,b0f066a214c2f5e87bad3c948f4d605d)
Start importing Assets/Main/ExperimentResults/Unity/eb1bf7b9-dc49-4d0a-9aef-5e61581cce32/Analytics/ArchivedEvents/177792149600016.56d351fc using Guid(603b1baf087d2ad6e98bf97386a29abb) Importer(2089858483,b0f066a214c2f5e87bad3c948f4d605d) (ScriptedImporter) -> (artifact id: 'fdb60dcaefd87aa7d1fbc3e0e20a7303') in 0.004501123 seconds
Number of updated asset objects reloaded before import = 0Number of asset objects unloaded after import = 1

========================================================================
Received Import Request.
  Time since last request: 0.000040 seconds.
  path: Assets/Main/ExperimentResults/Unity/eb1bf7b9-dc49-4d0a-9aef-5e61581cce32/Analytics/ArchivedEvents/177791337500001.01d234e6/g
  artifactKey: Guid(4514dd4a9cb779b70bf58cf4b1304cda) Importer(2089858483,b0f066a214c2f5e87bad3c948f4d605d)
Start importing Assets/Main/ExperimentResults/Unity/eb1bf7b9-dc49-4d0a-9aef-5e61581cce32/Analytics/ArchivedEvents/177791337500001.01d234e6/g using Guid(4514dd4a9cb779b70bf58cf4b1304cda) Importer(2089858483,b0f066a214c2f5e87bad3c948f4d605d) (ScriptedImporter) -> (artifact id: 'd8ec5d45a8f5c94448305a8144b30547') in 0.004240144 seconds
Number of updated asset objects reloaded before import = 0Number of asset objects unloaded after import = 1

========================================================================
Received Import Request.
  Time since last request: 0.000039 seconds.
  path: Assets/Main/ExperimentResults/Unity/eb1bf7b9-dc49-4d0a-9aef-5e61581cce32/Analytics/ArchivedEvents/177791546300001.5f3d3d08/g
  artifactKey: Guid(0a36f30414463e9ec8662c586fa573e3) Importer(2089858483,b0f066a214c2f5e87bad3c948f4d605d)
Start importing Assets/Main/ExperimentResults/Unity/eb1bf7b9-dc49-4d0a-9aef-5e61581cce32/Analytics/ArchivedEvents/177791546300001.5f3d3d08/g using Guid(0a36f30414463e9ec8662c586fa573e3) Importer(2089858483,b0f066a214c2f5e87bad3c948f4d605d) (ScriptedImporter) -> (artifact id: 'ac5282aa193f62dac61905c508fabea7') in 0.004074233 seconds
Number of updated asset objects reloaded before import = 0Number of asset objects unloaded after import = 1

========================================================================
Received Import Request.
  Time since last request: 0.000034 seconds.
  path: Assets/Main/ExperimentResults/Unity/eb1bf7b9-dc49-4d0a-9aef-5e61581cce32/Analytics/ArchivedEvents/177791155300001.5fdab35e/s
  artifactKey: Guid(fdcf0a7a9bc8dc596a13689f0683069a) Importer(2089858483,b0f066a214c2f5e87bad3c948f4d605d)
Start importing Assets/Main/ExperimentResults/Unity/eb1bf7b9-dc49-4d0a-9aef-5e61581cce32/Analytics/ArchivedEvents/177791155300001.5fdab35e/s using Guid(fdcf0a7a9bc8dc596a13689f0683069a) Importer(2089858483,b0f066a214c2f5e87bad3c948f4d605d) (ScriptedImporter) -> (artifact id: '65e88f1d9c0cc75fe6cccff61317cb17') in 0.004836522 seconds
Number of updated asset objects reloaded before import = 0Number of asset objects unloaded after import = 1

========================================================================
Received Import Request.
  Time since last request: 0.000038 seconds.
  path: Assets/Main/ExperimentResults/Unity/eb1bf7b9-dc49-4d0a-9aef-5e61581cce32/Analytics/ArchivedEvents/177791224800000.fe1d62de/g
  artifactKey: Guid(041a33079317e5fbe88ed1a2fe87f825) Importer(2089858483,b0f066a214c2f5e87bad3c948f4d605d)
Start importing Assets/Main/ExperimentResults/Unity/eb1bf7b9-dc49-4d0a-9aef-5e61581cce32/Analytics/ArchivedEvents/177791224800000.fe1d62de/g using Guid(041a33079317e5fbe88ed1a2fe87f825) Importer(2089858483,b0f066a214c2f5e87bad3c948f4d605d) (ScriptedImporter) -> (artifact id: 'ac3e115964a9beffe13c69860035a43a') in 0.003810758 seconds
Number of updated asset objects reloaded before import = 0Number of asset objects unloaded after import = 1

========================================================================
Received Import Request.
  Time since last request: 0.000042 seconds.
  path: Assets/Main/ExperimentResults/Unity/eb1bf7b9-dc49-4d0a-9aef-5e61581cce32/Analytics/ArchivedEvents/177791170300002.a9962222/g
  artifactKey: Guid(7630025770356e7a498a87ab3bb625d8) Importer(2089858483,b0f066a214c2f5e87bad3c948f4d605d)
Start importing Assets/Main/ExperimentResults/Unity/eb1bf7b9-dc49-4d0a-9aef-5e61581cce32/Analytics/ArchivedEvents/177791170300002.a9962222/g using Guid(7630025770356e7a498a87ab3bb625d8) Importer(2089858483,b0f066a214c2f5e87bad3c948f4d605d) (ScriptedImporter) -> (artifact id: 'cde66793a2fbfbe7b08485d7bd88966a') in 0.004230085 seconds
Number of updated asset objects reloaded before import = 0Number of asset objects unloaded after import = 1

========================================================================
Received Import Request.
  Time since last request: 0.000032 seconds.
  path: Assets/Main/Scripts/logging/IExperimentLogger.cs
  artifactKey: Guid(32f0d042751f1bd13bfd959a6c7dbfe1) Importer(2089858483,b0f066a214c2f5e87bad3c948f4d605d)
Start importing Assets/Main/Scripts/logging/IExperimentLogger.cs using Guid(32f0d042751f1bd13bfd959a6c7dbfe1) Importer(2089858483,b0f066a214c2f5e87bad3c948f4d605d) (ScriptedImporter) -> (artifact id: 'f451d6f2931e4b1ecb83353881aee830') in 0.611935607 seconds
Number of updated asset objects reloaded before import = 0Number of asset objects unloaded after import = 0

========================================================================
Received Import Request.
  Time since last request: 0.000070 seconds.
  path: Assets/Main/ExperimentResults/Unity/eb1bf7b9-dc49-4d0a-9aef-5e61581cce32/Insights/195104e26a24e4338153b173453dbed4.bin
  artifactKey: Guid(3b4cd75d09906cda2b8c249c5709dc0d) Importer(2089858483,b0f066a214c2f5e87bad3c948f4d605d)
Start importing Assets/Main/ExperimentResults/Unity/eb1bf7b9-dc49-4d0a-9aef-5e61581cce32/Insights/195104e26a24e4338153b173453dbed4.bin using Guid(3b4cd75d09906cda2b8c249c5709dc0d) Importer(2089858483,b0f066a214c2f5e87bad3c948f4d605d) (ScriptedImporter) -> (artifact id: 'b6c41202304462f4bb33bbf667e7bda7') in 0.006836675 seconds
Number of updated asset objects reloaded before import = 0Number of asset objects unloaded after import = 1

========================================================================
Received Import Request.
  Time since last request: 0.000063 seconds.
  path: Assets/Main/ExperimentResults/Unity/eb1bf7b9-dc49-4d0a-9aef-5e61581cce32/Analytics/ArchivedEvents/177792229200022.56d351fc/c
  artifactKey: Guid(e9613017c87f1f88ea656308aab75a85) Importer(2089858483,b0f066a214c2f5e87bad3c948f4d605d)
Start importing Assets/Main/ExperimentResults/Unity/eb1bf7b9-dc49-4d0a-9aef-5e61581cce32/Analytics/ArchivedEvents/177792229200022.56d351fc/c using Guid(e9613017c87f1f88ea656308aab75a85) Importer(2089858483,b0f066a214c2f5e87bad3c948f4d605d) (ScriptedImporter) -> (artifact id: '1cc0c9f3e9cf2f684c1f3d16d28347a4') in 0.007901732 seconds
Number of updated asset objects reloaded before import = 0Number of asset objects unloaded after import = 1

========================================================================
Received Import Request.
  Time since last request: 0.000071 seconds.
  path: Assets/Main/ExperimentResults/Unity/eb1bf7b9-dc49-4d0a-9aef-5e61581cce32/Analytics/ArchivedEvents/177792902600004.dd90318b/c
  artifactKey: Guid(25a5b975401b1cb56974fcd8c5e1c72b) Importer(2089858483,b0f066a214c2f5e87bad3c948f4d605d)
Start importing Assets/Main/ExperimentResults/Unity/eb1bf7b9-dc49-4d0a-9aef-5e61581cce32/Analytics/ArchivedEvents/177792902600004.dd90318b/c using Guid(25a5b975401b1cb56974fcd8c5e1c72b) Importer(2089858483,b0f066a214c2f5e87bad3c948f4d605d) (ScriptedImporter) -> (artifact id: '4471e60a695c22a068a171634172ae50') in 0.006828159 seconds
Number of updated asset objects reloaded before import = 0Number of asset objects unloaded after import = 1

========================================================================
Received Import Request.
  Time since last request: 0.000047 seconds.
  path: Assets/Main/ExperimentResults/Unity/eb1bf7b9-dc49-4d0a-9aef-5e61581cce32/Analytics/ArchivedEvents/177628911000000.8048bba4/c
  artifactKey: Guid(52c45132eed576b6ebef1b10b50b2ae6) Importer(2089858483,b0f066a214c2f5e87bad3c948f4d605d)
Start importing Assets/Main/ExperimentResults/Unity/eb1bf7b9-dc49-4d0a-9aef-5e61581cce32/Analytics/ArchivedEvents/177628911000000.8048bba4/c using Guid(52c45132eed576b6ebef1b10b50b2ae6) Importer(2089858483,b0f066a214c2f5e87bad3c948f4d605d) (ScriptedImporter) -> (artifact id: '041942525a05467c07420448ba09bbea') in 0.005062557 seconds
Number of updated asset objects reloaded before import = 0Number of asset objects unloaded after import = 1

========================================================================
Received Import Request.
  Time since last request: 0.000043 seconds.
  path: Assets/Main/ExperimentResults/Unity/eb1bf7b9-dc49-4d0a-9aef-5e61581cce32/Analytics/ArchivedEvents/177792271000025.56d351fc/e
  artifactKey: Guid(6fa6beb3c01f171ee8bd95ec9578f767) Importer(2089858483,b0f066a214c2f5e87bad3c948f4d605d)
Start importing Assets/Main/ExperimentResults/Unity/eb1bf7b9-dc49-4d0a-9aef-5e61581cce32/Analytics/ArchivedEvents/177792271000025.56d351fc/e using Guid(6fa6beb3c01f171ee8bd95ec9578f767) Importer(2089858483,b0f066a214c2f5e87bad3c948f4d605d) (ScriptedImporter) -> (artifact id: '09a2df4b2e9c3a6bf0e78dd7cec0d2f0') in 0.004124728 seconds
Number of updated asset objects reloaded before import = 0Number of asset objects unloaded after import = 1

========================================================================
Received Import Request.
  Time since last request: 0.000053 seconds.
  path: Assets/Main/ExperimentResults/Unity/eb1bf7b9-dc49-4d0a-9aef-5e61581cce32/Analytics/ArchivedEvents/177792143500015.56d351fc/c
  artifactKey: Guid(36a47fe9536c6c0008dbb9bc5383c094) Importer(2089858483,b0f066a214c2f5e87bad3c948f4d605d)
Start importing Assets/Main/ExperimentResults/Unity/eb1bf7b9-dc49-4d0a-9aef-5e61581cce32/Analytics/ArchivedEvents/177792143500015.56d351fc/c using Guid(36a47fe9536c6c0008dbb9bc5383c094) Importer(2089858483,b0f066a214c2f5e87bad3c948f4d605d) (ScriptedImporter) -> (artifact id: '26065b9c161b4baf28a6109960a06043') in 0.006233192 seconds
Number of updated asset objects reloaded before import = 0Number of asset objects unloaded after import = 1

========================================================================
Received Import Request.
  Time since last request: 0.000032 seconds.
  path: Assets/Main/ExperimentResults/Unity/eb1bf7b9-dc49-4d0a-9aef-5e61581cce32/Analytics/ArchivedEvents/177568318100001.aadf2cc5/g
  artifactKey: Guid(b1af2ddaba012227596872c517c0b4e3) Importer(2089858483,b0f066a214c2f5e87bad3c948f4d605d)
Start importing Assets/Main/ExperimentResults/Unity/eb1bf7b9-dc49-4d0a-9aef-5e61581cce32/Analytics/ArchivedEvents/177568318100001.aadf2cc5/g using Guid(b1af2ddaba012227596872c517c0b4e3) Importer(2089858483,b0f066a214c2f5e87bad3c948f4d605d) (ScriptedImporter) -> (artifact id: '195436f2c1168c095c0250c92ebf9e02') in 0.006625358 seconds
Number of updated asset objects reloaded before import = 0Number of asset objects unloaded after import = 1

========================================================================
Received Import Request.
  Time since last request: 0.000025 seconds.
  path: Assets/Main/ExperimentResults/Unity/eb1bf7b9-dc49-4d0a-9aef-5e61581cce32/Analytics/ArchivedEvents/177791337500001.01d234e6/c
  artifactKey: Guid(2e5e6bcf238627b5f806242fa1df12e1) Importer(2089858483,b0f066a214c2f5e87bad3c948f4d605d)
Start importing Assets/Main/ExperimentResults/Unity/eb1bf7b9-dc49-4d0a-9aef-5e61581cce32/Analytics/ArchivedEvents/177791337500001.01d234e6/c using Guid(2e5e6bcf238627b5f806242fa1df12e1) Importer(2089858483,b0f066a214c2f5e87bad3c948f4d605d) (ScriptedImporter) -> (artifact id: '629b1d4b233f2073fb994258b7953afb') in 0.005098845 seconds
Number of updated asset objects reloaded before import = 0Number of asset objects unloaded after import = 1

========================================================================
Received Import Request.
  Time since last request: 0.000035 seconds.
  path: Assets/Main/ExperimentResults/Unity/eb1bf7b9-dc49-4d0a-9aef-5e61581cce32/Analytics/ArchivedEvents/177792902600004.dd90318b/s
  artifactKey: Guid(1782692c98d590e12a2e6703a5e1f9de) Importer(2089858483,b0f066a214c2f5e87bad3c948f4d605d)
Start importing Assets/Main/ExperimentResults/Unity/eb1bf7b9-dc49-4d0a-9aef-5e61581cce32/Analytics/ArchivedEvents/177792902600004.dd90318b/s using Guid(1782692c98d590e12a2e6703a5e1f9de) Importer(2089858483,b0f066a214c2f5e87bad3c948f4d605d) (ScriptedImporter) -> (artifact id: '0c8bf1f647defd86b11d092c350858a6') in 0.004991083 seconds
Number of updated asset objects reloaded before import = 0Number of asset objects unloaded after import = 1

========================================================================
Received Import Request.
  Time since last request: 0.000081 seconds.
  path: Assets/Main/ExperimentResults/Unity/eb1bf7b9-dc49-4d0a-9aef-5e61581cce32/Analytics/ArchivedEvents/177792832400001.dd90318b/g
  artifactKey: Guid(3df22b7f96e965e0bbdf6fc387b79b6a) Importer(2089858483,b0f066a214c2f5e87bad3c948f4d605d)
Start importing Assets/Main/ExperimentResults/Unity/eb1bf7b9-dc49-4d0a-9aef-5e61581cce32/Analytics/ArchivedEvents/177792832400001.dd90318b/g using Guid(3df22b7f96e965e0bbdf6fc387b79b6a) Importer(2089858483,b0f066a214c2f5e87bad3c948f4d605d) (ScriptedImporter) -> (artifact id: '8b5139febdc2fcf3a97500700917164f') in 0.005020778 seconds
Number of updated asset objects reloaded before import = 0Number of asset objects unloaded after import = 1

========================================================================
Received Import Request.
  Time since last request: 0.000053 seconds.
  path: Assets/Main/ExperimentResults/Unity/eb1bf7b9-dc49-4d0a-9aef-5e61581cce32/Analytics/ArchivedEvents/177792113600013.56d351fc/e
  artifactKey: Guid(9209bdf367fc8bb0d924dead91a417b4) Importer(2089858483,b0f066a214c2f5e87bad3c948f4d605d)
Start importing Assets/Main/ExperimentResults/Unity/eb1bf7b9-dc49-4d0a-9aef-5e61581cce32/Analytics/ArchivedEvents/177792113600013.56d351fc/e using Guid(9209bdf367fc8bb0d924dead91a417b4) Importer(2089858483,b0f066a214c2f5e87bad3c948f4d605d) (ScriptedImporter) -> (artifact id: '8afc3ce5911b3fcbf2d6d3194c1944d3') in 0.004340162 seconds
Number of updated asset objects reloaded before import = 0Number of asset objects unloaded after import = 1

========================================================================
Received Import Request.
  Time since last request: 0.000042 seconds.
  path: Assets/Main/ExperimentResults/Unity/eb1bf7b9-dc49-4d0a-9aef-5e61581cce32/Analytics/ArchivedEvents/177628808900001.c898dc68/e
  artifactKey: Guid(99f7426da52e8e0bebda780f2c8564fc) Importer(2089858483,b0f066a214c2f5e87bad3c948f4d605d)
Start importing Assets/Main/ExperimentResults/Unity/eb1bf7b9-dc49-4d0a-9aef-5e61581cce32/Analytics/ArchivedEvents/177628808900001.c898dc68/e using Guid(99f7426da52e8e0bebda780f2c8564fc) Importer(2089858483,b0f066a214c2f5e87bad3c948f4d605d) (ScriptedImporter) -> (artifact id: 'b5f08c8e1abbd35571baa8c5f091ef19') in 0.004260141 seconds
Number of updated asset objects reloaded before import = 0Number of asset objects unloaded after import = 1

========================================================================
Received Import Request.
  Time since last request: 0.000023 seconds.
  path: Assets/Main/ExperimentResults/Unity/eb1bf7b9-dc49-4d0a-9aef-5e61581cce32/Analytics/ArchivedEvents/177792107500011.56d351fc/s
  artifactKey: Guid(488d6a1718c18e503bc533560532fede) Importer(2089858483,b0f066a214c2f5e87bad3c948f4d605d)
Start importing Assets/Main/ExperimentResults/Unity/eb1bf7b9-dc49-4d0a-9aef-5e61581cce32/Analytics/ArchivedEvents/177792107500011.56d351fc/s using Guid(488d6a1718c18e503bc533560532fede) Importer(2089858483,b0f066a214c2f5e87bad3c948f4d605d) (ScriptedImporter) -> (artifact id: '432971b1ca74c664c3c93f47f20df848') in 0.004413248 seconds
Number of updated asset objects reloaded before import = 0Number of asset objects unloaded after import = 1

========================================================================
Received Import Request.
  Time since last request: 0.000028 seconds.
  path: Assets/Main/ExperimentResults/Unity/eb1bf7b9-dc49-4d0a-9aef-5e61581cce32/Analytics/ArchivedEvents/177791337500001.01d234e6/s
  artifactKey: Guid(6102d53e78644d32298acee2f8aadb3a) Importer(2089858483,b0f066a214c2f5e87bad3c948f4d605d)
Start importing Assets/Main/ExperimentResults/Unity/eb1bf7b9-dc49-4d0a-9aef-5e61581cce32/Analytics/ArchivedEvents/177791337500001.01d234e6/s using Guid(6102d53e78644d32298acee2f8aadb3a) Importer(2089858483,b0f066a214c2f5e87bad3c948f4d605d) (ScriptedImporter) -> (artifact id: 'ec8235df1e649ee2bcc8575d09ecf76b') in 0.004735974 seconds
Number of updated asset objects reloaded before import = 0Number of asset objects unloaded after import = 1

========================================================================
Received Import Request.
  Time since last request: 0.000031 seconds.
  path: Assets/Main/Scripts/Director.cs
  artifactKey: Guid(0316f8295a4ef2072b114e942734abf0) Importer(2089858483,b0f066a214c2f5e87bad3c948f4d605d)
Start importing Assets/Main/Scripts/Director.cs using Guid(0316f8295a4ef2072b114e942734abf0) Importer(2089858483,b0f066a214c2f5e87bad3c948f4d605d) (ScriptedImporter) -> (artifact id: 'af3305d83b43b642c3be6017cd7f9406') in 0.005467126 seconds
Number of updated asset objects reloaded before import = 0Number of asset objects unloaded after import = 0

========================================================================
Received Import Request.
  Time since last request: 0.000037 seconds.
  path: Assets/Main/ExperimentResults/Unity/eb1bf7b9-dc49-4d0a-9aef-5e61581cce32/Analytics/ArchivedEvents/177791170300002.a9962222/e
  artifactKey: Guid(4c002f45e8a30c3d384732601a1c011b) Importer(2089858483,b0f066a214c2f5e87bad3c948f4d605d)
Start importing Assets/Main/ExperimentResults/Unity/eb1bf7b9-dc49-4d0a-9aef-5e61581cce32/Analytics/ArchivedEvents/177791170300002.a9962222/e using Guid(4c002f45e8a30c3d384732601a1c011b) Importer(2089858483,b0f066a214c2f5e87bad3c948f4d605d) (ScriptedImporter) -> (artifact id: '069afa4049a30e7a4ac2e238c4acd3cb') in 0.005553658 seconds
Number of updated asset objects reloaded before import = 0Number of asset objects unloaded after import = 1

========================================================================
Received Import Request.
  Time since last request: 0.000040 seconds.
  path: Assets/Main/ExperimentResults/Unity/eb1bf7b9-dc49-4d0a-9aef-5e61581cce32/Insights/ArchivedEvents/Logs/b8fe5d73f40f850f2947a0cd3a9e337c.bin
  artifactKey: Guid(7e556595d9dd7052687d5fe246310fc0) Importer(2089858483,b0f066a214c2f5e87bad3c948f4d605d)
Start importing Assets/Main/ExperimentResults/Unity/eb1bf7b9-dc49-4d0a-9aef-5e61581cce32/Insights/ArchivedEvents/Logs/b8fe5d73f40f850f2947a0cd3a9e337c.bin using Guid(7e556595d9dd7052687d5fe246310fc0) Importer(2089858483,b0f066a214c2f5e87bad3c948f4d605d) (ScriptedImporter) -> (artifact id: '19e5afb17c98195bb6aa966782b64587') in 0.004390897 seconds
Number of updated asset objects reloaded before import = 0Number of asset objects unloaded after import = 1

========================================================================
Received Import Request.
  Time since last request: 0.000067 seconds.
  path: Assets/Main/ExperimentResults/Unity/eb1bf7b9-dc49-4d0a-9aef-5e61581cce32/Analytics/ArchivedEvents/177792296300000.b9e46d99/g
  artifactKey: Guid(5c41ad5faf6848346b8f5bc635e3b4cf) Importer(2089858483,b0f066a214c2f5e87bad3c948f4d605d)
Start importing Assets/Main/ExperimentResults/Unity/eb1bf7b9-dc49-4d0a-9aef-5e61581cce32/Analytics/ArchivedEvents/177792296300000.b9e46d99/g using Guid(5c41ad5faf6848346b8f5bc635e3b4cf) Importer(2089858483,b0f066a214c2f5e87bad3c948f4d605d) (ScriptedImporter) -> (artifact id: 'dc950372864a16de63c1991a16c793b1') in 0.004766581 seconds
Number of updated asset objects reloaded before import = 0Number of asset objects unloaded after import = 1

========================================================================
Received Import Request.
  Time since last request: 0.000031 seconds.
  path: Assets/Main/ExperimentResults/Unity/eb1bf7b9-dc49-4d0a-9aef-5e61581cce32/Analytics/ArchivedEvents/177628853000001.7918f323/s
  artifactKey: Guid(22f49919a06db39d3b48c80f9c5a839c) Importer(2089858483,b0f066a214c2f5e87bad3c948f4d605d)
Start importing Assets/Main/ExperimentResults/Unity/eb1bf7b9-dc49-4d0a-9aef-5e61581cce32/Analytics/ArchivedEvents/177628853000001.7918f323/s using Guid(22f49919a06db39d3b48c80f9c5a839c) Importer(2089858483,b0f066a214c2f5e87bad3c948f4d605d) (ScriptedImporter) -> (artifact id: 'b3b0ad05a736e9851a9aa5c6742ee6b8') in 0.004716388 seconds
Number of updated asset objects reloaded before import = 0Number of asset objects unloaded after import = 1

========================================================================
Received Import Request.
  Time since last request: 0.000029 seconds.
  path: Assets/Main/ExperimentResults/Unity/eb1bf7b9-dc49-4d0a-9aef-5e61581cce32/Analytics/ArchivedEvents/177792296300000.b9e46d99/e
  artifactKey: Guid(734cc4310e46fcdc498ce59d69512c08) Importer(2089858483,b0f066a214c2f5e87bad3c948f4d605d)
Start importing Assets/Main/ExperimentResults/Unity/eb1bf7b9-dc49-4d0a-9aef-5e61581cce32/Analytics/ArchivedEvents/177792296300000.b9e46d99/e using Guid(734cc4310e46fcdc498ce59d69512c08) Importer(2089858483,b0f066a214c2f5e87bad3c948f4d605d) (ScriptedImporter) -> (artifact id: 'bf5524e3661f07ca24f58c7b8278ac8b') in 0.004439998 seconds
Number of updated asset objects reloaded before import = 0Number of asset objects unloaded after import = 1

========================================================================
Received Import Request.
  Time since last request: 0.000035 seconds.
  path: Assets/Main/ExperimentResults/Unity/eb1bf7b9-dc49-4d0a-9aef-5e61581cce32/Analytics/ArchivedEvents/177792264900024.56d351fc/s
  artifactKey: Guid(6f42e8852d1d74ea5bc63819153a411a) Importer(2089858483,b0f066a214c2f5e87bad3c948f4d605d)
Start importing Assets/Main/ExperimentResults/Unity/eb1bf7b9-dc49-4d0a-9aef-5e61581cce32/Analytics/ArchivedEvents/177792264900024.56d351fc/s using Guid(6f42e8852d1d74ea5bc63819153a411a) Importer(2089858483,b0f066a214c2f5e87bad3c948f4d605d) (ScriptedImporter) -> (artifact id: '16e727f5fb82ee96aaf178a4f152ce76') in 0.00501666 seconds
Number of updated asset objects reloaded before import = 0Number of asset objects unloaded after import = 1

========================================================================
Received Import Request.
  Time since last request: 0.000026 seconds.
  path: Assets/Main/ExperimentResults/Unity/eb1bf7b9-dc49-4d0a-9aef-5e61581cce32/Analytics/ArchivedEvents/177791254800002.fe1d62de/s
  artifactKey: Guid(f1e14a1a17926274d89094cd033d9b85) Importer(2089858483,b0f066a214c2f5e87bad3c948f4d605d)
Start importing Assets/Main/ExperimentResults/Unity/eb1bf7b9-dc49-4d0a-9aef-5e61581cce32/Analytics/ArchivedEvents/177791254800002.fe1d62de/s using Guid(f1e14a1a17926274d89094cd033d9b85) Importer(2089858483,b0f066a214c2f5e87bad3c948f4d605d) (ScriptedImporter) -> (artifact id: '5335007b1d334485e62c43e3b5f68215') in 0.005386624 seconds
Number of updated asset objects reloaded before import = 0Number of asset objects unloaded after import = 1

========================================================================
Received Import Request.
  Time since last request: 0.000044 seconds.
  path: Assets/Main/ExperimentResults/Unity/eb1bf7b9-dc49-4d0a-9aef-5e61581cce32/Analytics/ArchivedEvents/177549855700006.4aa87372/c
  artifactKey: Guid(21d842f9a7c6a78df87d517cb52a51a8) Importer(2089858483,b0f066a214c2f5e87bad3c948f4d605d)
Start importing Assets/Main/ExperimentResults/Unity/eb1bf7b9-dc49-4d0a-9aef-5e61581cce32/Analytics/ArchivedEvents/177549855700006.4aa87372/c using Guid(21d842f9a7c6a78df87d517cb52a51a8) Importer(2089858483,b0f066a214c2f5e87bad3c948f4d605d) (ScriptedImporter) -> (artifact id: '9ffd51d45dfb7747657390ceda32a391') in 0.006034349 seconds
Number of updated asset objects reloaded before import = 0Number of asset objects unloaded after import = 1

========================================================================
Received Import Request.
  Time since last request: 0.000074 seconds.
  path: Assets/Main/ExperimentResults/Unity/eb1bf7b9-dc49-4d0a-9aef-5e61581cce32/Insights/ArchivedEvents/Metrics/e3b8d49625be64ae25a9f1c4731b1131.bin
  artifactKey: Guid(07682e7e424421cf785fbdc7b02ac30f) Importer(2089858483,b0f066a214c2f5e87bad3c948f4d605d)
Start importing Assets/Main/ExperimentResults/Unity/eb1bf7b9-dc49-4d0a-9aef-5e61581cce32/Insights/ArchivedEvents/Metrics/e3b8d49625be64ae25a9f1c4731b1131.bin using Guid(07682e7e424421cf785fbdc7b02ac30f) Importer(2089858483,b0f066a214c2f5e87bad3c948f4d605d) (ScriptedImporter) -> (artifact id: '2e8087b550cc57fc3460fd74411026a4') in 0.005530314 seconds
Number of updated asset objects reloaded before import = 0Number of asset objects unloaded after import = 1

========================================================================
Received Import Request.
  Time since last request: 0.000031 seconds.
  path: Assets/Main/ExperimentResults/Unity/eb1bf7b9-dc49-4d0a-9aef-5e61581cce32/Analytics/ArchivedEvents/177628808900000.c898dc68/e
  artifactKey: Guid(f7285e83c4cbab1558fbb5ba50556775) Importer(2089858483,b0f066a214c2f5e87bad3c948f4d605d)
Start importing Assets/Main/ExperimentResults/Unity/eb1bf7b9-dc49-4d0a-9aef-5e61581cce32/Analytics/ArchivedEvents/177628808900000.c898dc68/e using Guid(f7285e83c4cbab1558fbb5ba50556775) Importer(2089858483,b0f066a214c2f5e87bad3c948f4d605d) (ScriptedImporter) -> (artifact id: 'a764ef5c148013a0efc6c8ea9a782e6e') in 0.006923497 seconds
Number of updated asset objects reloaded before import = 0Number of asset objects unloaded after import = 1

========================================================================
Received Import Request.
  Time since last request: 0.000053 seconds.
  path: Assets/Main/ExperimentResults/Unity/eb1bf7b9-dc49-4d0a-9aef-5e61581cce32/Analytics/ArchivedEvents/177791216500004.a9962222/g
  artifactKey: Guid(2da683ba0d0ee74a1a4acbd7bd21a32a) Importer(2089858483,b0f066a214c2f5e87bad3c948f4d605d)
Start importing Assets/Main/ExperimentResults/Unity/eb1bf7b9-dc49-4d0a-9aef-5e61581cce32/Analytics/ArchivedEvents/177791216500004.a9962222/g using Guid(2da683ba0d0ee74a1a4acbd7bd21a32a) Importer(2089858483,b0f066a214c2f5e87bad3c948f4d605d) (ScriptedImporter) -> (artifact id: '7d1bb421ce0738f68157d0e4f04363bd') in 0.006100724 seconds
Number of updated asset objects reloaded before import = 0Number of asset objects unloaded after import = 1

========================================================================
Received Import Request.
  Time since last request: 0.000036 seconds.
  path: Assets/Main/ExperimentResults/Unity/eb1bf7b9-dc49-4d0a-9aef-5e61581cce32/Analytics/ArchivedEvents/177791156900002.5fdab35e/c
  artifactKey: Guid(eb73ddaade5b456eca6bb6a6c7109421) Importer(2089858483,b0f066a214c2f5e87bad3c948f4d605d)
Start importing Assets/Main/ExperimentResults/Unity/eb1bf7b9-dc49-4d0a-9aef-5e61581cce32/Analytics/ArchivedEvents/177791156900002.5fdab35e/c using Guid(eb73ddaade5b456eca6bb6a6c7109421) Importer(2089858483,b0f066a214c2f5e87bad3c948f4d605d) (ScriptedImporter) -> (artifact id: 'e8d4ff0d1288094c70da5447289e1ac2') in 0.005657182 seconds
Number of updated asset objects reloaded before import = 0Number of asset objects unloaded after import = 1

========================================================================
Received Import Request.
  Time since last request: 0.000089 seconds.
  path: Assets/Main/ExperimentResults/Unity/eb1bf7b9-dc49-4d0a-9aef-5e61581cce32/Analytics/ArchivedEvents/177791156900003.5fdab35e/e
  artifactKey: Guid(fea5d1114bc4464599c7c47dd74ab9c9) Importer(2089858483,b0f066a214c2f5e87bad3c948f4d605d)
Start importing Assets/Main/ExperimentResults/Unity/eb1bf7b9-dc49-4d0a-9aef-5e61581cce32/Analytics/ArchivedEvents/177791156900003.5fdab35e/e using Guid(fea5d1114bc4464599c7c47dd74ab9c9) Importer(2089858483,b0f066a214c2f5e87bad3c948f4d605d) (ScriptedImporter) -> (artifact id: '48902186c512b61c2202852fa110a794') in 0.00962236 seconds
Number of updated asset objects reloaded before import = 0Number of asset objects unloaded after import = 1

========================================================================
Received Import Request.
  Time since last request: 0.000079 seconds.
  path: Assets/Main/ExperimentResults/Unity/eb1bf7b9-dc49-4d0a-9aef-5e61581cce32/Analytics/ArchivedEvents/177791784600001.56d351fc
  artifactKey: Guid(2a7787c158334c2faac1a18f30734ea1) Importer(2089858483,b0f066a214c2f5e87bad3c948f4d605d)
Start importing Assets/Main/ExperimentResults/Unity/eb1bf7b9-dc49-4d0a-9aef-5e61581cce32/Analytics/ArchivedEvents/177791784600001.56d351fc using Guid(2a7787c158334c2faac1a18f30734ea1) Importer(2089858483,b0f066a214c2f5e87bad3c948f4d605d) (ScriptedImporter) -> (artifact id: '63e00103d27a9fc306ca57c9cf468786') in 0.005792806 seconds
Number of updated asset objects reloaded before import = 0Number of asset objects unloaded after import = 1

========================================================================
Received Import Request.
  Time since last request: 0.000039 seconds.
  path: Assets/Main/ExperimentResults/Unity/eb1bf7b9-dc49-4d0a-9aef-5e61581cce32/Analytics/ArchivedEvents/177793340500003.9cafe185/e
  artifactKey: Guid(dd4b02ed1b290c50d810a0e3b4789265) Importer(2089858483,b0f066a214c2f5e87bad3c948f4d605d)
Start importing Assets/Main/ExperimentResults/Unity/eb1bf7b9-dc49-4d0a-9aef-5e61581cce32/Analytics/ArchivedEvents/177793340500003.9cafe185/e using Guid(dd4b02ed1b290c50d810a0e3b4789265) Importer(2089858483,b0f066a214c2f5e87bad3c948f4d605d) (ScriptedImporter) -> (artifact id: '61adfda6d0fc8235543a15fa5fc30181') in 0.007550855 seconds
Number of updated asset objects reloaded before import = 0Number of asset objects unloaded after import = 1

========================================================================
Received Import Request.
  Time since last request: 0.000035 seconds.
  path: Assets/Main/ExperimentResults/Unity/eb1bf7b9-dc49-4d0a-9aef-5e61581cce32/Analytics/ArchivedEvents/177793340500002.9cafe185/s
  artifactKey: Guid(843ea46f023093ffea70a2ac41d55aaf) Importer(2089858483,b0f066a214c2f5e87bad3c948f4d605d)
Start importing Assets/Main/ExperimentResults/Unity/eb1bf7b9-dc49-4d0a-9aef-5e61581cce32/Analytics/ArchivedEvents/177793340500002.9cafe185/s using Guid(843ea46f023093ffea70a2ac41d55aaf) Importer(2089858483,b0f066a214c2f5e87bad3c948f4d605d) (ScriptedImporter) -> (artifact id: '58bbbb51148aa86021b9a5440618df78') in 0.007413998 seconds
Number of updated asset objects reloaded before import = 0Number of asset objects unloaded after import = 1

========================================================================
Received Import Request.
  Time since last request: 0.000078 seconds.
  path: Assets/Main/ExperimentResults/Unity/eb1bf7b9-dc49-4d0a-9aef-5e61581cce32/Analytics/ArchivedEvents/177792229200022.56d351fc/e
  artifactKey: Guid(6c12b7132fdf1363cbc52840def09877) Importer(2089858483,b0f066a214c2f5e87bad3c948f4d605d)
Start importing Assets/Main/ExperimentResults/Unity/eb1bf7b9-dc49-4d0a-9aef-5e61581cce32/Analytics/ArchivedEvents/177792229200022.56d351fc/e using Guid(6c12b7132fdf1363cbc52840def09877) Importer(2089858483,b0f066a214c2f5e87bad3c948f4d605d) (ScriptedImporter) -> (artifact id: '80e5916fe7ac791ed5a9c397c692d795') in 0.005646051 seconds
Number of updated asset objects reloaded before import = 0Number of asset objects unloaded after import = 1

========================================================================
Received Import Request.
  Time since last request: 0.000077 seconds.
  path: Assets/Main/ExperimentResults/Unity/eb1bf7b9-dc49-4d0a-9aef-5e61581cce32/Analytics/ArchivedEvents/177793389700003.1f2feeef/c
  artifactKey: Guid(0b1005b73da65e12c88cb5a394db6a96) Importer(2089858483,b0f066a214c2f5e87bad3c948f4d605d)
Start importing Assets/Main/ExperimentResults/Unity/eb1bf7b9-dc49-4d0a-9aef-5e61581cce32/Analytics/ArchivedEvents/177793389700003.1f2feeef/c using Guid(0b1005b73da65e12c88cb5a394db6a96) Importer(2089858483,b0f066a214c2f5e87bad3c948f4d605d) (ScriptedImporter) -> (artifact id: 'b6feded451c78a07080b8581ee1c660d') in 0.007026591 seconds
Number of updated asset objects reloaded before import = 0Number of asset objects unloaded after import = 1

========================================================================
Received Import Request.
  Time since last request: 0.000086 seconds.
  path: Assets/Main/ExperimentResults/Unity/eb1bf7b9-dc49-4d0a-9aef-5e61581cce32/Analytics/ArchivedEvents/177793389700003.1f2feeef/s
  artifactKey: Guid(c0629e289418a00e6864f8d790d09d30) Importer(2089858483,b0f066a214c2f5e87bad3c948f4d605d)
Start importing Assets/Main/ExperimentResults/Unity/eb1bf7b9-dc49-4d0a-9aef-5e61581cce32/Analytics/ArchivedEvents/177793389700003.1f2feeef/s using Guid(c0629e289418a00e6864f8d790d09d30) Importer(2089858483,b0f066a214c2f5e87bad3c948f4d605d) (ScriptedImporter) -> (artifact id: '8122fa18dc462e323b9a6ba4982026b0') in 0.009417366 seconds
Number of updated asset objects reloaded before import = 0Number of asset objects unloaded after import = 1

========================================================================
Received Import Request.
  Time since last request: 0.000048 seconds.
  path: Assets/Main/ExperimentResults/Unity/eb1bf7b9-dc49-4d0a-9aef-5e61581cce32/Analytics/ArchivedEvents/177793340500003.9cafe185/s
  artifactKey: Guid(fd950a7d872744b5f9fb61ae7b3df9f0) Importer(2089858483,b0f066a214c2f5e87bad3c948f4d605d)
Start importing Assets/Main/ExperimentResults/Unity/eb1bf7b9-dc49-4d0a-9aef-5e61581cce32/Analytics/ArchivedEvents/177793340500003.9cafe185/s using Guid(fd950a7d872744b5f9fb61ae7b3df9f0) Importer(2089858483,b0f066a214c2f5e87bad3c948f4d605d) (ScriptedImporter) -> (artifact id: 'f452128ee53dca7f56eaf89fbb5e765b') in 0.02797709 seconds
Number of updated asset objects reloaded before import = 0Number of asset objects unloaded after import = 1

========================================================================
Received Import Request.
  Time since last request: 0.000051 seconds.
  path: Assets/Main/ExperimentResults/Unity/eb1bf7b9-dc49-4d0a-9aef-5e61581cce32/Analytics/ArchivedEvents/177793331400000.9cafe185/c
  artifactKey: Guid(22369da2badc3e4c593889b829bfaa10) Importer(2089858483,b0f066a214c2f5e87bad3c948f4d605d)
Start importing Assets/Main/ExperimentResults/Unity/eb1bf7b9-dc49-4d0a-9aef-5e61581cce32/Analytics/ArchivedEvents/177793331400000.9cafe185/c using Guid(22369da2badc3e4c593889b829bfaa10) Importer(2089858483,b0f066a214c2f5e87bad3c948f4d605d) (ScriptedImporter) -> (artifact id: 'b2a10d2bca4945ec36ff61821622975a') in 0.006996795 seconds
Number of updated asset objects reloaded before import = 0Number of asset objects unloaded after import = 1

========================================================================
Received Import Request.
  Time since last request: 0.000035 seconds.
  path: Assets/Main/ExperimentResults/Unity/eb1bf7b9-dc49-4d0a-9aef-5e61581cce32/Analytics/ArchivedEvents/177791216500003.a9962222
  artifactKey: Guid(d9a2077197e70d1c2839c917827c0a05) Importer(2089858483,b0f066a214c2f5e87bad3c948f4d605d)
Start importing Assets/Main/ExperimentResults/Unity/eb1bf7b9-dc49-4d0a-9aef-5e61581cce32/Analytics/ArchivedEvents/177791216500003.a9962222 using Guid(d9a2077197e70d1c2839c917827c0a05) Importer(2089858483,b0f066a214c2f5e87bad3c948f4d605d) (ScriptedImporter) -> (artifact id: '9e6e8e9d359e2a3af143790fe75d9ad3') in 0.004640244 seconds
Number of updated asset objects reloaded before import = 0Number of asset objects unloaded after import = 1

========================================================================
Received Import Request.
  Time since last request: 0.000035 seconds.
  path: Assets/Main/ExperimentResults/Unity/eb1bf7b9-dc49-4d0a-9aef-5e61581cce32/Analytics/ArchivedEvents/177792143500014.56d351fc/s
  artifactKey: Guid(46ac2ee701403e718b5ec0299b1ef3ea) Importer(2089858483,b0f066a214c2f5e87bad3c948f4d605d)
Start importing Assets/Main/ExperimentResults/Unity/eb1bf7b9-dc49-4d0a-9aef-5e61581cce32/Analytics/ArchivedEvents/177792143500014.56d351fc/s using Guid(46ac2ee701403e718b5ec0299b1ef3ea) Importer(2089858483,b0f066a214c2f5e87bad3c948f4d605d) (ScriptedImporter) -> (artifact id: 'b3770a548aa215f7a90992c642216656') in 0.006479846 seconds
Number of updated asset objects reloaded before import = 0Number of asset objects unloaded after import = 1

========================================================================
Received Import Request.
  Time since last request: 0.000061 seconds.
  path: Assets/Main/ExperimentResults/Unity/eb1bf7b9-dc49-4d0a-9aef-5e61581cce32/Analytics/ArchivedEvents/177791957600007.56d351fc/g
  artifactKey: Guid(4a93fbe85dc141573bf92d5a754392d4) Importer(2089858483,b0f066a214c2f5e87bad3c948f4d605d)
Start importing Assets/Main/ExperimentResults/Unity/eb1bf7b9-dc49-4d0a-9aef-5e61581cce32/Analytics/ArchivedEvents/177791957600007.56d351fc/g using Guid(4a93fbe85dc141573bf92d5a754392d4) Importer(2089858483,b0f066a214c2f5e87bad3c948f4d605d) (ScriptedImporter) -> (artifact id: '4647c6c20ae44b3cda124b704f45bc29') in 0.008630609 seconds
Number of updated asset objects reloaded before import = 0Number of asset objects unloaded after import = 1

========================================================================
Received Import Request.
  Time since last request: 0.000042 seconds.
  path: Assets/Main/ExperimentResults/Unity/eb1bf7b9-dc49-4d0a-9aef-5e61581cce32/Insights/e600c903986effdff23e60e376c417d1.bin
  artifactKey: Guid(8329bc8c1a24f7c7e9281cb7aa97bb0b) Importer(2089858483,b0f066a214c2f5e87bad3c948f4d605d)
Start importing Assets/Main/ExperimentResults/Unity/eb1bf7b9-dc49-4d0a-9aef-5e61581cce32/Insights/e600c903986effdff23e60e376c417d1.bin using Guid(8329bc8c1a24f7c7e9281cb7aa97bb0b) Importer(2089858483,b0f066a214c2f5e87bad3c948f4d605d) (ScriptedImporter) -> (artifact id: '969c4b468b29686d9856670356e4631d') in 0.004820563 seconds
Number of updated asset objects reloaded before import = 0Number of asset objects unloaded after import = 1

========================================================================
Received Import Request.
  Time since last request: 0.000046 seconds.
  path: Assets/Main/ExperimentResults/Unity/eb1bf7b9-dc49-4d0a-9aef-5e61581cce32/Analytics/ArchivedEvents/177628867900002.7918f323
  artifactKey: Guid(39303829f4c1f05918db43103864e2d0) Importer(2089858483,b0f066a214c2f5e87bad3c948f4d605d)
Start importing Assets/Main/ExperimentResults/Unity/eb1bf7b9-dc49-4d0a-9aef-5e61581cce32/Analytics/ArchivedEvents/177628867900002.7918f323 using Guid(39303829f4c1f05918db43103864e2d0) Importer(2089858483,b0f066a214c2f5e87bad3c948f4d605d) (ScriptedImporter) -> (artifact id: '3c432c7ae80a1563906456f3f7092907') in 0.005984616 seconds
Number of updated asset objects reloaded before import = 0Number of asset objects unloaded after import = 1

========================================================================
Received Import Request.
  Time since last request: 0.000041 seconds.
  path: Assets/Main/ExperimentResults/Unity/eb1bf7b9-dc49-4d0a-9aef-5e61581cce32/Analytics/ArchivedEvents/177628956900002.36c46b16/s
  artifactKey: Guid(3d2f4abd81a88bccea0d9c853e0682ac) Importer(2089858483,b0f066a214c2f5e87bad3c948f4d605d)
Start importing Assets/Main/ExperimentResults/Unity/eb1bf7b9-dc49-4d0a-9aef-5e61581cce32/Analytics/ArchivedEvents/177628956900002.36c46b16/s using Guid(3d2f4abd81a88bccea0d9c853e0682ac) Importer(2089858483,b0f066a214c2f5e87bad3c948f4d605d) (ScriptedImporter) -> (artifact id: 'c4ba088d57bdebced522c680e3761e6a') in 0.006322951 seconds
Number of updated asset objects reloaded before import = 0Number of asset objects unloaded after import = 1

========================================================================
Received Import Request.
  Time since last request: 0.000050 seconds.
  path: Assets/Main/ExperimentResults/Unity/eb1bf7b9-dc49-4d0a-9aef-5e61581cce32/Analytics/ArchivedEvents/177791337500000.01d234e6/c
  artifactKey: Guid(da623c6aeb7701adbac947b4bb98bb7f) Importer(2089858483,b0f066a214c2f5e87bad3c948f4d605d)
Start importing Assets/Main/ExperimentResults/Unity/eb1bf7b9-dc49-4d0a-9aef-5e61581cce32/Analytics/ArchivedEvents/177791337500000.01d234e6/c using Guid(da623c6aeb7701adbac947b4bb98bb7f) Importer(2089858483,b0f066a214c2f5e87bad3c948f4d605d) (ScriptedImporter) -> (artifact id: '55c5a1046fc71fcf17b899d6f0793ed4') in 0.005122749 seconds
Number of updated asset objects reloaded before import = 0Number of asset objects unloaded after import = 1

========================================================================
Received Import Request.
  Time since last request: 0.000052 seconds.
  path: Assets/Main/ExperimentResults/Unity/eb1bf7b9-dc49-4d0a-9aef-5e61581cce32/Analytics/ArchivedEvents/177793331400000.9cafe185/s
  artifactKey: Guid(af37420b872cac6c1a3ef7aa236c629e) Importer(2089858483,b0f066a214c2f5e87bad3c948f4d605d)
Start importing Assets/Main/ExperimentResults/Unity/eb1bf7b9-dc49-4d0a-9aef-5e61581cce32/Analytics/ArchivedEvents/177793331400000.9cafe185/s using Guid(af37420b872cac6c1a3ef7aa236c629e) Importer(2089858483,b0f066a214c2f5e87bad3c948f4d605d) (ScriptedImporter) -> (artifact id: 'ebf8d2d3dd3d2e68274fb93e5da16ce1') in 0.006857623 seconds
Number of updated asset objects reloaded before import = 0Number of asset objects unloaded after import = 1

========================================================================
Received Import Request.
  Time since last request: 0.000053 seconds.
  path: Assets/Main/ExperimentResults/Unity/eb1bf7b9-dc49-4d0a-9aef-5e61581cce32/Analytics/ArchivedEvents/177793378700001.1f2feeef
  artifactKey: Guid(0743b8f514228869eaf20e4da2bdd0d2) Importer(2089858483,b0f066a214c2f5e87bad3c948f4d605d)
Start importing Assets/Main/ExperimentResults/Unity/eb1bf7b9-dc49-4d0a-9aef-5e61581cce32/Analytics/ArchivedEvents/177793378700001.1f2feeef using Guid(0743b8f514228869eaf20e4da2bdd0d2) Importer(2089858483,b0f066a214c2f5e87bad3c948f4d605d) (ScriptedImporter) -> (artifact id: '99f0d2ea2e4dd787b22f80a052cc738b') in 0.004844107 seconds
Number of updated asset objects reloaded before import = 0Number of asset objects unloaded after import = 1

========================================================================
Received Import Request.
  Time since last request: 0.000061 seconds.
  path: Assets/Main/ExperimentResults/Unity/eb1bf7b9-dc49-4d0a-9aef-5e61581cce32/Analytics/ArchivedEvents/177793389700002.1f2feeef/e
  artifactKey: Guid(a1e1768ee528d4ac0b73abb99dc3eacc) Importer(2089858483,b0f066a214c2f5e87bad3c948f4d605d)
Start importing Assets/Main/ExperimentResults/Unity/eb1bf7b9-dc49-4d0a-9aef-5e61581cce32/Analytics/ArchivedEvents/177793389700002.1f2feeef/e using Guid(a1e1768ee528d4ac0b73abb99dc3eacc) Importer(2089858483,b0f066a214c2f5e87bad3c948f4d605d) (ScriptedImporter) -> (artifact id: '63f87e74ec130447b05f2c3837d6f711') in 0.005194404 seconds
Number of updated asset objects reloaded before import = 0Number of asset objects unloaded after import = 1

========================================================================
Received Import Request.
  Time since last request: 0.000030 seconds.
  path: Assets/Main/ExperimentResults/Unity/eb1bf7b9-dc49-4d0a-9aef-5e61581cce32/Analytics/ArchivedEvents/177793378700001.1f2feeef/g
  artifactKey: Guid(7bac189fa5f4f3b54b174bc97a73f061) Importer(2089858483,b0f066a214c2f5e87bad3c948f4d605d)
Start importing Assets/Main/ExperimentResults/Unity/eb1bf7b9-dc49-4d0a-9aef-5e61581cce32/Analytics/ArchivedEvents/177793378700001.1f2feeef/g using Guid(7bac189fa5f4f3b54b174bc97a73f061) Importer(2089858483,b0f066a214c2f5e87bad3c948f4d605d) (ScriptedImporter) -> (artifact id: 'afb48e761b325fb93267e09dec603f28') in 0.0050215 seconds
Number of updated asset objects reloaded before import = 0Number of asset objects unloaded after import = 1

========================================================================
Received Import Request.
  Time since last request: 0.000062 seconds.
  path: Assets/Main/ExperimentResults/Unity/eb1bf7b9-dc49-4d0a-9aef-5e61581cce32/Analytics/ArchivedEvents/177628702600000.b351668c/s
  artifactKey: Guid(30a208b333973ff46bbd3364f9ff5ec1) Importer(2089858483,b0f066a214c2f5e87bad3c948f4d605d)
Start importing Assets/Main/ExperimentResults/Unity/eb1bf7b9-dc49-4d0a-9aef-5e61581cce32/Analytics/ArchivedEvents/177628702600000.b351668c/s using Guid(30a208b333973ff46bbd3364f9ff5ec1) Importer(2089858483,b0f066a214c2f5e87bad3c948f4d605d) (ScriptedImporter) -> (artifact id: '87de6ffa2512e93e489c7edfd6fa2b63') in 0.007354546 seconds
Number of updated asset objects reloaded before import = 0Number of asset objects unloaded after import = 1

========================================================================
Received Import Request.
  Time since last request: 0.000037 seconds.
  path: Assets/Main/ExperimentResults/Unity/eb1bf7b9-dc49-4d0a-9aef-5e61581cce32/Analytics/ArchivedEvents/177792143500014.56d351fc/g
  artifactKey: Guid(f7ae85ba101a06c6d916466a951d5821) Importer(2089858483,b0f066a214c2f5e87bad3c948f4d605d)
Start importing Assets/Main/ExperimentResults/Unity/eb1bf7b9-dc49-4d0a-9aef-5e61581cce32/Analytics/ArchivedEvents/177792143500014.56d351fc/g using Guid(f7ae85ba101a06c6d916466a951d5821) Importer(2089858483,b0f066a214c2f5e87bad3c948f4d605d) (ScriptedImporter) -> (artifact id: '8ed70dd43d8fd71f2740d8d2a0428178') in 0.004369246 seconds
Number of updated asset objects reloaded before import = 0Number of asset objects unloaded after import = 1

========================================================================
Received Import Request.
  Time since last request: 0.000059 seconds.
  path: Assets/Main/ExperimentResults/Unity/eb1bf7b9-dc49-4d0a-9aef-5e61581cce32/Analytics/ArchivedEvents/177793019000001.bbb9beae
  artifactKey: Guid(17002cae1abc681bd90361536f3f4567) Importer(2089858483,b0f066a214c2f5e87bad3c948f4d605d)
Start importing Assets/Main/ExperimentResults/Unity/eb1bf7b9-dc49-4d0a-9aef-5e61581cce32/Analytics/ArchivedEvents/177793019000001.bbb9beae using Guid(17002cae1abc681bd90361536f3f4567) Importer(2089858483,b0f066a214c2f5e87bad3c948f4d605d) (ScriptedImporter) -> (artifact id: '3ec743e9d4ce8d1b0c65606cffbf638d') in 0.00618359 seconds
Number of updated asset objects reloaded before import = 0Number of asset objects unloaded after import = 1

========================================================================
Received Import Request.
  Time since last request: 0.000030 seconds.
  path: Assets/Main/ExperimentResults/Unity/eb1bf7b9-dc49-4d0a-9aef-5e61581cce32/Analytics/ArchivedEvents/177792296300001.b9e46d99/c
  artifactKey: Guid(3c740f912f4351957a7a851d2249d8e0) Importer(2089858483,b0f066a214c2f5e87bad3c948f4d605d)
Start importing Assets/Main/ExperimentResults/Unity/eb1bf7b9-dc49-4d0a-9aef-5e61581cce32/Analytics/ArchivedEvents/177792296300001.b9e46d99/c using Guid(3c740f912f4351957a7a851d2249d8e0) Importer(2089858483,b0f066a214c2f5e87bad3c948f4d605d) (ScriptedImporter) -> (artifact id: 'ff0416fe8e6fdcfdbfbf58f9c0fcc1e2') in 0.006678188 seconds
Number of updated asset objects reloaded before import = 0Number of asset objects unloaded after import = 1

========================================================================
Received Import Request.
  Time since last request: 0.000052 seconds.
  path: Assets/Main/ExperimentResults/Unity/eb1bf7b9-dc49-4d0a-9aef-5e61581cce32/Analytics/ArchivedEvents/177791224800001.fe1d62de/c
  artifactKey: Guid(ff00294452a8acf26b2b0e4ff21d5272) Importer(2089858483,b0f066a214c2f5e87bad3c948f4d605d)
Start importing Assets/Main/ExperimentResults/Unity/eb1bf7b9-dc49-4d0a-9aef-5e61581cce32/Analytics/ArchivedEvents/177791224800001.fe1d62de/c using Guid(ff00294452a8acf26b2b0e4ff21d5272) Importer(2089858483,b0f066a214c2f5e87bad3c948f4d605d) (ScriptedImporter) -> (artifact id: '4c73e0a5be52ff6e96b7f0242780a6fc') in 0.006375118 seconds
Number of updated asset objects reloaded before import = 0Number of asset objects unloaded after import = 1

========================================================================
Received Import Request.
  Time since last request: 0.000047 seconds.
  path: Assets/Main/ExperimentResults/Unity/eb1bf7b9-dc49-4d0a-9aef-5e61581cce32/Analytics/ArchivedEvents/177792181200017.56d351fc/g
  artifactKey: Guid(a69e900b9c7178cc1bee54a9b3fdf6d9) Importer(2089858483,b0f066a214c2f5e87bad3c948f4d605d)
Start importing Assets/Main/ExperimentResults/Unity/eb1bf7b9-dc49-4d0a-9aef-5e61581cce32/Analytics/ArchivedEvents/177792181200017.56d351fc/g using Guid(a69e900b9c7178cc1bee54a9b3fdf6d9) Importer(2089858483,b0f066a214c2f5e87bad3c948f4d605d) (ScriptedImporter) -> (artifact id: '821e319cfa4da31cb6280f546cae077b') in 0.007316995 seconds
Number of updated asset objects reloaded before import = 0Number of asset objects unloaded after import = 1

========================================================================
Received Import Request.
  Time since last request: 0.000043 seconds.
  path: Assets/Main/ExperimentResults/Unity/eb1bf7b9-dc49-4d0a-9aef-5e61581cce32/Analytics/ArchivedEvents/177791155300000.5fdab35e/g
  artifactKey: Guid(3239cfb47dcd4889ebe4b0c152f86062) Importer(2089858483,b0f066a214c2f5e87bad3c948f4d605d)
Start importing Assets/Main/ExperimentResults/Unity/eb1bf7b9-dc49-4d0a-9aef-5e61581cce32/Analytics/ArchivedEvents/177791155300000.5fdab35e/g using Guid(3239cfb47dcd4889ebe4b0c152f86062) Importer(2089858483,b0f066a214c2f5e87bad3c948f4d605d) (ScriptedImporter) -> (artifact id: 'ad85286ac5bc9c185aa02f06613f7f31') in 0.004557198 seconds
Number of updated asset objects reloaded before import = 0Number of asset objects unloaded after import = 1

========================================================================
Received Import Request.
  Time since last request: 0.000049 seconds.
  path: Assets/Main/ExperimentResults/Unity/eb1bf7b9-dc49-4d0a-9aef-5e61581cce32/Analytics/ArchivedEvents/177793378700000.1f2feeef/s
  artifactKey: Guid(9ebfeaec71f62ba5b8d624152eae346e) Importer(2089858483,b0f066a214c2f5e87bad3c948f4d605d)
Start importing Assets/Main/ExperimentResults/Unity/eb1bf7b9-dc49-4d0a-9aef-5e61581cce32/Analytics/ArchivedEvents/177793378700000.1f2feeef/s using Guid(9ebfeaec71f62ba5b8d624152eae346e) Importer(2089858483,b0f066a214c2f5e87bad3c948f4d605d) (ScriptedImporter) -> (artifact id: '52949c442353a29f887cfedb90302e0d') in 0.006334763 seconds
Number of updated asset objects reloaded before import = 0Number of asset objects unloaded after import = 1

========================================================================
Received Import Request.
  Time since last request: 0.000034 seconds.
  path: Assets/Main/ExperimentResults/Unity/eb1bf7b9-dc49-4d0a-9aef-5e61581cce32/Analytics/ArchivedEvents/177792187300019.56d351fc
  artifactKey: Guid(cfdd31018b50f8642a67f4d399301ee3) Importer(2089858483,b0f066a214c2f5e87bad3c948f4d605d)
Start importing Assets/Main/ExperimentResults/Unity/eb1bf7b9-dc49-4d0a-9aef-5e61581cce32/Analytics/ArchivedEvents/177792187300019.56d351fc using Guid(cfdd31018b50f8642a67f4d399301ee3) Importer(2089858483,b0f066a214c2f5e87bad3c948f4d605d) (ScriptedImporter) -> (artifact id: 'adfa2e3e2280daffa9f4b36cab4e357e') in 0.00722873 seconds
Number of updated asset objects reloaded before import = 0Number of asset objects unloaded after import = 1

========================================================================
Received Import Request.
  Time since last request: 0.000046 seconds.
  path: Assets/Main/ExperimentResults/Unity/eb1bf7b9-dc49-4d0a-9aef-5e61581cce32/Analytics/ArchivedEvents/177628853000000.7918f323
  artifactKey: Guid(4d01e6798333282c9a3fb5d0d8e586b6) Importer(2089858483,b0f066a214c2f5e87bad3c948f4d605d)
Start importing Assets/Main/ExperimentResults/Unity/eb1bf7b9-dc49-4d0a-9aef-5e61581cce32/Analytics/ArchivedEvents/177628853000000.7918f323 using Guid(4d01e6798333282c9a3fb5d0d8e586b6) Importer(2089858483,b0f066a214c2f5e87bad3c948f4d605d) (ScriptedImporter) -> (artifact id: '33822d12a320ae5488aa0aa2b046796e') in 0.005215574 seconds
Number of updated asset objects reloaded before import = 0Number of asset objects unloaded after import = 1

========================================================================
Received Import Request.
  Time since last request: 0.000037 seconds.
  path: Assets/Main/ExperimentResults/Unity/eb1bf7b9-dc49-4d0a-9aef-5e61581cce32/Analytics/ArchivedEvents/177791337500000.01d234e6/g
  artifactKey: Guid(e2527fc047a04bd22aeee2132558e6be) Importer(2089858483,b0f066a214c2f5e87bad3c948f4d605d)
Start importing Assets/Main/ExperimentResults/Unity/eb1bf7b9-dc49-4d0a-9aef-5e61581cce32/Analytics/ArchivedEvents/177791337500000.01d234e6/g using Guid(e2527fc047a04bd22aeee2132558e6be) Importer(2089858483,b0f066a214c2f5e87bad3c948f4d605d) (ScriptedImporter) -> (artifact id: '968286246c74784b45382bf66ff9d2f9') in 0.00372079 seconds
Number of updated asset objects reloaded before import = 0Number of asset objects unloaded after import = 1

========================================================================
Received Prepare
WARNING: Shader Unsupported: 'Ultraleap/LegacyHandShader' - All subshaders removed
WARNING: Shader Did you use #pragma only_renderers and omit this platform?
WARNING: Shader If subshaders removal was intentional, you may have forgotten turning Fallback off?
WARNING: Shader Unsupported: 'Ultraleap/LegacyHandShader' - All subshaders removed
WARNING: Shader Did you use #pragma only_renderers and omit this platform?
WARNING: Shader If subshaders removal was intentional, you may have forgotten turning Fallback off?
Refreshing native plugins compatible for Editor in 5.19 ms, found 0 plugins.
Preloading 0 native plugins for Editor in 0.00 ms.
Unloading 17 Unused Serialized files (Serialized files now loaded: 0)
Unloading 7678 unused Assets / (5.6 MB). Loaded Objects now: 8682.
Memory consumption went from 175.2 MB to 169.6 MB.
Total: 356.111429 ms (FindLiveObjects: 4.244603 ms CreateObjectMapping: 1.104422 ms MarkObjects: 345.720097 ms  DeleteObjects: 5.040074 ms)

Prepare: number of updated asset objects reloaded= 0
========================================================================
Received Prepare
[Licensing::Client] Successfully resolved entitlement details
Begin MonoManager ReloadAssembly
[Licensing::Client] Successfully resolved entitlement details
- Loaded All Assemblies, in  3.875 seconds
Refreshing native plugins compatible for Editor in 4.75 ms, found 0 plugins.
Native extension for LinuxStandalone target not found
Native extension for Android target not found
[Package Manager] Failed to launch server process. Reason: Unity was launched with the -noUpm command-line argument
[Package Manager] Unable to send message (not connected to server process).
[Package Manager] Cannot connect to Unity Package Manager local server
ScheduleIndexationOnStartup MainProcess:False IndexOnStartup:True
Mono: successfully reloaded assembly
[Package Manager] Failed to launch server process. Reason: Unity was launched with the -noUpm command-line argument
[Package Manager] Unable to send message (not connected to server process).
[Package Manager] Cannot connect to Unity Package Manager local server
- Finished resetting the current domain, in  1.856 seconds
Domain Reload Profiling: 5725ms
	BeginReloadAssembly (1769ms)
		ExecutionOrderSort (0ms)
		DisableScriptedObjects (70ms)
		BackupInstance (0ms)
		ReleaseScriptingObjects (1ms)
		CreateAndSetChildDomain (705ms)
	RebuildCommonClasses (95ms)
	RebuildNativeTypeToScriptingClass (19ms)
	initialDomainReloadingComplete (132ms)
	LoadAllAssembliesAndSetupDomain (1853ms)
		LoadAssemblies (1958ms)
		RebuildTransferFunctionScriptingTraits (0ms)
		AnalyzeDomain (582ms)
			TypeCache.Refresh (81ms)
				TypeCache.ScanAssembly (2ms)
			BuildScriptInfoCaches (415ms)
			ResolveRequiredComponents (21ms)
	FinalizeReload (1856ms)
		ReleaseScriptCaches (0ms)
		RebuildScriptCaches (0ms)
		SetupLoadedEditorAssemblies (1541ms)
			LogAssemblyErrors (0ms)
			InitializePlatformSupportModulesInManaged (23ms)
			SetLoadedEditorAssemblies (8ms)
			BeforeProcessingInitializeOnLoad (251ms)
			ProcessInitializeOnLoadAttributes (1014ms)
			ProcessInitializeOnLoadMethodAttributes (237ms)
			AfterProcessingInitializeOnLoad (7ms)
			EditorAssembliesLoaded (1ms)
		ExecutionOrderSort2 (0ms)
		AwakeInstancesAfterBackupRestoration (17ms)
WARNING: Shader Unsupported: 'Ultraleap/LegacyHandShader' - All subshaders removed
WARNING: Shader Did you use #pragma only_renderers and omit this platform?
WARNING: Shader If subshaders removal was intentional, you may have forgotten turning Fallback off?
WARNING: Shader Unsupported: 'Ultraleap/LegacyHandShader' - All subshaders removed
WARNING: Shader Did you use #pragma only_renderers and omit this platform?
WARNING: Shader If subshaders removal was intentional, you may have forgotten turning Fallback off?
Refreshing native plugins compatible for Editor in 4.62 ms, found 0 plugins.
Preloading 0 native plugins for Editor in 0.00 ms.
Unloading 17 Unused Serialized files (Serialized files now loaded: 0)
Unloading 7741 unused Assets / (4.8 MB). Loaded Objects now: 8697.
Memory consumption went from 204.6 MB to 199.8 MB.
Total: 14.496743 ms (FindLiveObjects: 1.208788 ms CreateObjectMapping: 1.107147 ms MarkObjects: 8.219228 ms  DeleteObjects: 3.958506 ms)

Prepare: number of updated asset objects reloaded= 0
========================================================================
Received Prepare
WARNING: Shader Unsupported: 'Ultraleap/LegacyHandShader' - All subshaders removed
WARNING: Shader Did you use #pragma only_renderers and omit this platform?
WARNING: Shader If subshaders removal was intentional, you may have forgotten turning Fallback off?
WARNING: Shader Unsupported: 'Ultraleap/LegacyHandShader' - All subshaders removed
WARNING: Shader Did you use #pragma only_renderers and omit this platform?
WARNING: Shader If subshaders removal was intentional, you may have forgotten turning Fallback off?
Refreshing native plugins compatible for Editor in 6.70 ms, found 0 plugins.
Preloading 0 native plugins for Editor in 0.00 ms.
Unloading 17 Unused Serialized files (Serialized files now loaded: 0)
Unloading 7678 unused Assets / (4.6 MB). Loaded Objects now: 8685.
Memory consumption went from 175.5 MB to 170.9 MB.
Total: 464.810783 ms (FindLiveObjects: 5.260278 ms CreateObjectMapping: 1.461762 ms MarkObjects: 450.691407 ms  DeleteObjects: 7.394851 ms)

Prepare: number of updated asset objects reloaded= 0
========================================================================
Received Import Request.
  Time since last request: 2266.539221 seconds.
  path: Assets/Main/MainExperiment.unity
  artifactKey: Guid(3f854d4c273fb81b8a6b56f3497af1a9) Importer(2089858483,b0f066a214c2f5e87bad3c948f4d605d)
Start importing Assets/Main/MainExperiment.unity using Guid(3f854d4c273fb81b8a6b56f3497af1a9) Importer(2089858483,b0f066a214c2f5e87bad3c948f4d605d) (ScriptedImporter) -> (artifact id: '38dc756c90efd6128e97eca250d4d1e6') in 0.489589704 seconds
Number of updated asset objects reloaded before import = 0Number of asset objects unloaded after import = 1

========================================================================
Received Import Request.
  Time since last request: 0.000037 seconds.
  path: Assets/Main/ExperimentResults/Unity/eb1bf7b9-dc49-4d0a-9aef-5e61581cce32/Analytics/ArchivedEvents/177793564900001.1cd394b8/s
  artifactKey: Guid(135c249b14aa43092b064f71ecccd14a) Importer(2089858483,b0f066a214c2f5e87bad3c948f4d605d)
Start importing Assets/Main/ExperimentResults/Unity/eb1bf7b9-dc49-4d0a-9aef-5e61581cce32/Analytics/ArchivedEvents/177793564900001.1cd394b8/s using Guid(135c249b14aa43092b064f71ecccd14a) Importer(2089858483,b0f066a214c2f5e87bad3c948f4d605d) (ScriptedImporter) -> (artifact id: '23d19881ca631e67e9fbffeb387d72b1') in 0.005219601 seconds
Number of updated asset objects reloaded before import = 0Number of asset objects unloaded after import = 1

========================================================================
Received Import Request.
  Time since last request: 0.000047 seconds.
  path: Assets/Main/ExperimentResults/Unity/eb1bf7b9-dc49-4d0a-9aef-5e61581cce32/Analytics/ArchivedEvents/177793465000000.93296d8a/c
  artifactKey: Guid(ce379fdc5f6a7e7138ac13eb876fa5bb) Importer(2089858483,b0f066a214c2f5e87bad3c948f4d605d)
Start importing Assets/Main/ExperimentResults/Unity/eb1bf7b9-dc49-4d0a-9aef-5e61581cce32/Analytics/ArchivedEvents/177793465000000.93296d8a/c using Guid(ce379fdc5f6a7e7138ac13eb876fa5bb) Importer(2089858483,b0f066a214c2f5e87bad3c948f4d605d) (ScriptedImporter) -> (artifact id: '5708da61303ba29e61e316d12cc81571') in 0.004386638 seconds
Number of updated asset objects reloaded before import = 0Number of asset objects unloaded after import = 1

========================================================================
Received Import Request.
  Time since last request: 0.000038 seconds.
  path: Assets/Main/ExperimentResults/Unity/eb1bf7b9-dc49-4d0a-9aef-5e61581cce32/Analytics/ArchivedEvents/177793606500004.1cd394b8/g
  artifactKey: Guid(29407468e43b754008d6d04f7b12f053) Importer(2089858483,b0f066a214c2f5e87bad3c948f4d605d)
Start importing Assets/Main/ExperimentResults/Unity/eb1bf7b9-dc49-4d0a-9aef-5e61581cce32/Analytics/ArchivedEvents/177793606500004.1cd394b8/g using Guid(29407468e43b754008d6d04f7b12f053) Importer(2089858483,b0f066a214c2f5e87bad3c948f4d605d) (ScriptedImporter) -> (artifact id: 'e164296a932cd7340867bde54270ee5f') in 0.007642396 seconds
Number of updated asset objects reloaded before import = 0Number of asset objects unloaded after import = 1

========================================================================
Received Import Request.
  Time since last request: 0.086785 seconds.
  path: Assets/Main/ExperimentResults/Unity/eb1bf7b9-dc49-4d0a-9aef-5e61581cce32/Analytics/ArchivedEvents/177793465000001.93296d8a/c
  artifactKey: Guid(c50551dbf546cc6e19c56995b590db6c) Importer(2089858483,b0f066a214c2f5e87bad3c948f4d605d)
Start importing Assets/Main/ExperimentResults/Unity/eb1bf7b9-dc49-4d0a-9aef-5e61581cce32/Analytics/ArchivedEvents/177793465000001.93296d8a/c using Guid(c50551dbf546cc6e19c56995b590db6c) Importer(2089858483,b0f066a214c2f5e87bad3c948f4d605d) (ScriptedImporter) -> (artifact id: 'c1f31389782275e4ee03a8d19764fa28') in 0.004004212 seconds
Number of updated asset objects reloaded before import = 0Number of asset objects unloaded after import = 1

========================================================================
Received Import Request.
  Time since last request: 0.300194 seconds.
  path: Assets/Main/ExperimentResults/Unity/eb1bf7b9-dc49-4d0a-9aef-5e61581cce32/Analytics/ArchivedEvents/177793465000000.93296d8a
  artifactKey: Guid(7e3a1795ea87101db99c53708b583491) Importer(2089858483,b0f066a214c2f5e87bad3c948f4d605d)
Start importing Assets/Main/ExperimentResults/Unity/eb1bf7b9-dc49-4d0a-9aef-5e61581cce32/Analytics/ArchivedEvents/177793465000000.93296d8a using Guid(7e3a1795ea87101db99c53708b583491) Importer(2089858483,b0f066a214c2f5e87bad3c948f4d605d) (ScriptedImporter) -> (artifact id: '4c7bf0c1ae5bfd989e6a89d0469be2b6') in 0.00754317 seconds
Number of updated asset objects reloaded before import = 0Number of asset objects unloaded after import = 1

========================================================================
Received Import Request.
  Time since last request: 0.000045 seconds.
  path: Assets/Main/ExperimentResults/Unity/eb1bf7b9-dc49-4d0a-9aef-5e61581cce32/Insights/8a1fd76be243fe9f062320af1e2d8a59.bin
  artifactKey: Guid(9f75b5cf2666688fb9c2f938225f480c) Importer(2089858483,b0f066a214c2f5e87bad3c948f4d605d)
Start importing Assets/Main/ExperimentResults/Unity/eb1bf7b9-dc49-4d0a-9aef-5e61581cce32/Insights/8a1fd76be243fe9f062320af1e2d8a59.bin using Guid(9f75b5cf2666688fb9c2f938225f480c) Importer(2089858483,b0f066a214c2f5e87bad3c948f4d605d) (ScriptedImporter) -> (artifact id: 'fd21674593c11d5e36a1261b7902f059') in 0.005379601 seconds
Number of updated asset objects reloaded before import = 0Number of asset objects unloaded after import = 1

========================================================================
Received Import Request.
  Time since last request: 0.397116 seconds.
  path: Assets/Main/ExperimentResults/Unity/eb1bf7b9-dc49-4d0a-9aef-5e61581cce32/Analytics/ArchivedEvents/177793481800003.93296d8a
  artifactKey: Guid(070ebff0c9c2db44b969c559d2352d9a) Importer(2089858483,b0f066a214c2f5e87bad3c948f4d605d)
Start importing Assets/Main/ExperimentResults/Unity/eb1bf7b9-dc49-4d0a-9aef-5e61581cce32/Analytics/ArchivedEvents/177793481800003.93296d8a using Guid(070ebff0c9c2db44b969c559d2352d9a) Importer(2089858483,b0f066a214c2f5e87bad3c948f4d605d) (ScriptedImporter) -> (artifact id: '20d7f2185dc91d4ccf5e8dbf26b975b8') in 0.007604545 seconds
Number of updated asset objects reloaded before import = 0Number of asset objects unloaded after import = 1

========================================================================
Received Import Request.
  Time since last request: 0.000061 seconds.
  path: Assets/Main/ExperimentResults/Unity/eb1bf7b9-dc49-4d0a-9aef-5e61581cce32/Analytics/ArchivedEvents/177793465000001.93296d8a
  artifactKey: Guid(fd5ac447001aa8e06917964f25a766ca) Importer(2089858483,b0f066a214c2f5e87bad3c948f4d605d)
Start importing Assets/Main/ExperimentResults/Unity/eb1bf7b9-dc49-4d0a-9aef-5e61581cce32/Analytics/ArchivedEvents/177793465000001.93296d8a using Guid(fd5ac447001aa8e06917964f25a766ca) Importer(2089858483,b0f066a214c2f5e87bad3c948f4d605d) (ScriptedImporter) -> (artifact id: 'cd111726a271bc045ad50288e10b1f55') in 0.007064603 seconds
Number of updated asset objects reloaded before import = 0Number of asset objects unloaded after import = 1

========================================================================
Received Import Request.
  Time since last request: 0.000083 seconds.
  path: Assets/Main/ExperimentResults/Unity/eb1bf7b9-dc49-4d0a-9aef-5e61581cce32/Analytics/ArchivedEvents/177793476800002.93296d8a/c
  artifactKey: Guid(febf08a234e41175d946ade7d3a03cd9) Importer(2089858483,b0f066a214c2f5e87bad3c948f4d605d)
Start importing Assets/Main/ExperimentResults/Unity/eb1bf7b9-dc49-4d0a-9aef-5e61581cce32/Analytics/ArchivedEvents/177793476800002.93296d8a/c using Guid(febf08a234e41175d946ade7d3a03cd9) Importer(2089858483,b0f066a214c2f5e87bad3c948f4d605d) (ScriptedImporter) -> (artifact id: 'fc5b8e2d47aa8ed3d43382c1230b0be0') in 0.007029958 seconds
Number of updated asset objects reloaded before import = 0Number of asset objects unloaded after import = 1

========================================================================
Received Import Request.
  Time since last request: 0.000034 seconds.
  path: Assets/Main/ExperimentResults/Unity/eb1bf7b9-dc49-4d0a-9aef-5e61581cce32/Analytics/ArchivedEvents/177793606500004.1cd394b8/s
  artifactKey: Guid(010d2db87efc6a23e97ca5dab994411e) Importer(2089858483,b0f066a214c2f5e87bad3c948f4d605d)
Start importing Assets/Main/ExperimentResults/Unity/eb1bf7b9-dc49-4d0a-9aef-5e61581cce32/Analytics/ArchivedEvents/177793606500004.1cd394b8/s using Guid(010d2db87efc6a23e97ca5dab994411e) Importer(2089858483,b0f066a214c2f5e87bad3c948f4d605d) (ScriptedImporter) -> (artifact id: '7a009ad465d1d686a14e50922157dd59') in 0.006990903 seconds
Number of updated asset objects reloaded before import = 0Number of asset objects unloaded after import = 1

========================================================================
Received Import Request.
  Time since last request: 0.000035 seconds.
  path: Assets/Main/ExperimentResults/Unity/eb1bf7b9-dc49-4d0a-9aef-5e61581cce32/Analytics/ArchivedEvents/177793481800004.93296d8a/g
  artifactKey: Guid(69558cd24c00bb9ef94db65dd20ad1d0) Importer(2089858483,b0f066a214c2f5e87bad3c948f4d605d)
Start importing Assets/Main/ExperimentResults/Unity/eb1bf7b9-dc49-4d0a-9aef-5e61581cce32/Analytics/ArchivedEvents/177793481800004.93296d8a/g using Guid(69558cd24c00bb9ef94db65dd20ad1d0) Importer(2089858483,b0f066a214c2f5e87bad3c948f4d605d) (ScriptedImporter) -> (artifact id: 'fa1ad7354428ea8898f0d0b30f5a55d7') in 0.007031099 seconds
Number of updated asset objects reloaded before import = 0Number of asset objects unloaded after import = 1

========================================================================
Received Import Request.
  Time since last request: 0.000059 seconds.
  path: Assets/Main/ExperimentResults/Unity/eb1bf7b9-dc49-4d0a-9aef-5e61581cce32/Analytics/ArchivedEvents/177793606500004.1cd394b8
  artifactKey: Guid(4dda54cd57bf21d3385c5fd899ba2f43) Importer(2089858483,b0f066a214c2f5e87bad3c948f4d605d)
Start importing Assets/Main/ExperimentResults/Unity/eb1bf7b9-dc49-4d0a-9aef-5e61581cce32/Analytics/ArchivedEvents/177793606500004.1cd394b8 using Guid(4dda54cd57bf21d3385c5fd899ba2f43) Importer(2089858483,b0f066a214c2f5e87bad3c948f4d605d) (ScriptedImporter) -> (artifact id: '1a449ae7e7ef538c02b13f2813418039') in 0.009655552 seconds
Number of updated asset objects reloaded before import = 0Number of asset objects unloaded after import = 1

========================================================================
Received Import Request.
  Time since last request: 0.000055 seconds.
  path: Assets/Main/ExperimentResults/Unity/eb1bf7b9-dc49-4d0a-9aef-5e61581cce32/Analytics/ArchivedEvents/177793606500003.1cd394b8
  artifactKey: Guid(2cb7976495cb80383b7e3b293a810284) Importer(2089858483,b0f066a214c2f5e87bad3c948f4d605d)
Start importing Assets/Main/ExperimentResults/Unity/eb1bf7b9-dc49-4d0a-9aef-5e61581cce32/Analytics/ArchivedEvents/177793606500003.1cd394b8 using Guid(2cb7976495cb80383b7e3b293a810284) Importer(2089858483,b0f066a214c2f5e87bad3c948f4d605d) (ScriptedImporter) -> (artifact id: 'dc434bbe5f71c6d9fe0171589fdc378b') in 0.010543658 seconds
Number of updated asset objects reloaded before import = 0Number of asset objects unloaded after import = 1

========================================================================
Received Import Request.
  Time since last request: 0.000140 seconds.
  path: Assets/Main/ExperimentResults/Unity/eb1bf7b9-dc49-4d0a-9aef-5e61581cce32/Analytics/ArchivedEvents/177793606500004.1cd394b8/e
  artifactKey: Guid(410dd4c612d3b7b50b4f90fb769a8848) Importer(2089858483,b0f066a214c2f5e87bad3c948f4d605d)
Start importing Assets/Main/ExperimentResults/Unity/eb1bf7b9-dc49-4d0a-9aef-5e61581cce32/Analytics/ArchivedEvents/177793606500004.1cd394b8/e using Guid(410dd4c612d3b7b50b4f90fb769a8848) Importer(2089858483,b0f066a214c2f5e87bad3c948f4d605d) (ScriptedImporter) -> (artifact id: 'd15bca8538d52679e5b2b6c4c1b5b7b4') in 0.008191165 seconds
Number of updated asset objects reloaded before import = 0Number of asset objects unloaded after import = 1

========================================================================
Received Import Request.
  Time since last request: 0.000053 seconds.
  path: Assets/Main/ExperimentResults/Unity/eb1bf7b9-dc49-4d0a-9aef-5e61581cce32/Analytics/ArchivedEvents/177793564900000.1cd394b8/c
  artifactKey: Guid(ae4b46000413b2200817364b7c3593fd) Importer(2089858483,b0f066a214c2f5e87bad3c948f4d605d)
Start importing Assets/Main/ExperimentResults/Unity/eb1bf7b9-dc49-4d0a-9aef-5e61581cce32/Analytics/ArchivedEvents/177793564900000.1cd394b8/c using Guid(ae4b46000413b2200817364b7c3593fd) Importer(2089858483,b0f066a214c2f5e87bad3c948f4d605d) (ScriptedImporter) -> (artifact id: '1df89dbb4a856d023dce34f6d6851973') in 0.008238675 seconds
Number of updated asset objects reloaded before import = 0Number of asset objects unloaded after import = 1

========================================================================
Received Import Request.
  Time since last request: 0.000052 seconds.
  path: Assets/Main/ExperimentResults/Unity/eb1bf7b9-dc49-4d0a-9aef-5e61581cce32/Analytics/ArchivedEvents/177793481800004.93296d8a
  artifactKey: Guid(ad4b7c1456ff8038d848c6ed9b0f8b69) Importer(2089858483,b0f066a214c2f5e87bad3c948f4d605d)
Start importing Assets/Main/ExperimentResults/Unity/eb1bf7b9-dc49-4d0a-9aef-5e61581cce32/Analytics/ArchivedEvents/177793481800004.93296d8a using Guid(ad4b7c1456ff8038d848c6ed9b0f8b69) Importer(2089858483,b0f066a214c2f5e87bad3c948f4d605d) (ScriptedImporter) -> (artifact id: '90b77b1802c1d94a294abd9d1aa297a3') in 0.007770155 seconds
Number of updated asset objects reloaded before import = 0Number of asset objects unloaded after import = 1

========================================================================
Received Import Request.
  Time since last request: 0.000044 seconds.
  path: Assets/Main/ExperimentResults/Unity/eb1bf7b9-dc49-4d0a-9aef-5e61581cce32/Analytics/ArchivedEvents/177793465000001.93296d8a/e
  artifactKey: Guid(0663d31d48e56545b80fdcfb871c4119) Importer(2089858483,b0f066a214c2f5e87bad3c948f4d605d)
Start importing Assets/Main/ExperimentResults/Unity/eb1bf7b9-dc49-4d0a-9aef-5e61581cce32/Analytics/ArchivedEvents/177793465000001.93296d8a/e using Guid(0663d31d48e56545b80fdcfb871c4119) Importer(2089858483,b0f066a214c2f5e87bad3c948f4d605d) (ScriptedImporter) -> (artifact id: 'f4afa7e311e005c978d774d2293538fb') in 0.007701437 seconds
Number of updated asset objects reloaded before import = 0Number of asset objects unloaded after import = 1

========================================================================
Received Import Request.
  Time since last request: 0.000062 seconds.
  path: Assets/Main/ExperimentResults/experiment_20260504_180048_events.jsonl
  artifactKey: Guid(59bf35b388ec0f09387c7174a0293c8e) Importer(2089858483,b0f066a214c2f5e87bad3c948f4d605d)
Start importing Assets/Main/ExperimentResults/experiment_20260504_180048_events.jsonl using Guid(59bf35b388ec0f09387c7174a0293c8e) Importer(2089858483,b0f066a214c2f5e87bad3c948f4d605d) (ScriptedImporter) -> (artifact id: '2abacfe548027fda66602c463ff79376') in 0.007267412 seconds
Number of updated asset objects reloaded before import = 0Number of asset objects unloaded after import = 1

========================================================================
Received Import Request.
  Time since last request: 0.000069 seconds.
  path: Assets/Main/ExperimentResults/Unity/eb1bf7b9-dc49-4d0a-9aef-5e61581cce32/Analytics/ArchivedEvents/177793564900001.1cd394b8/c
  artifactKey: Guid(7477428c85daa2c5fbc305697b147d5c) Importer(2089858483,b0f066a214c2f5e87bad3c948f4d605d)
Start importing Assets/Main/ExperimentResults/Unity/eb1bf7b9-dc49-4d0a-9aef-5e61581cce32/Analytics/ArchivedEvents/177793564900001.1cd394b8/c using Guid(7477428c85daa2c5fbc305697b147d5c) Importer(2089858483,b0f066a214c2f5e87bad3c948f4d605d) (ScriptedImporter) -> (artifact id: 'bc13e3b76d4fad86939c4575e181fff1') in 0.006086447 seconds
Number of updated asset objects reloaded before import = 0Number of asset objects unloaded after import = 1

========================================================================
Received Import Request.
  Time since last request: 0.000050 seconds.
  path: Assets/Main/ExperimentResults/Unity/eb1bf7b9-dc49-4d0a-9aef-5e61581cce32/Analytics/ArchivedEvents/177793465000001.93296d8a/g
  artifactKey: Guid(c0b62a9a2c2a6ef4d9e4b7f9b034358a) Importer(2089858483,b0f066a214c2f5e87bad3c948f4d605d)
Start importing Assets/Main/ExperimentResults/Unity/eb1bf7b9-dc49-4d0a-9aef-5e61581cce32/Analytics/ArchivedEvents/177793465000001.93296d8a/g using Guid(c0b62a9a2c2a6ef4d9e4b7f9b034358a) Importer(2089858483,b0f066a214c2f5e87bad3c948f4d605d) (ScriptedImporter) -> (artifact id: '9a233455f7273c288dc1e054f8278cb1') in 0.007707388 seconds
Number of updated asset objects reloaded before import = 0Number of asset objects unloaded after import = 1

========================================================================
Received Import Request.
  Time since last request: 0.000046 seconds.
  path: Assets/Main/ExperimentResults/Unity/eb1bf7b9-dc49-4d0a-9aef-5e61581cce32/Analytics/ArchivedEvents/177793606500003.1cd394b8/c
  artifactKey: Guid(e0dda05c28b56230aa8a7ae0d1c4a064) Importer(2089858483,b0f066a214c2f5e87bad3c948f4d605d)
Start importing Assets/Main/ExperimentResults/Unity/eb1bf7b9-dc49-4d0a-9aef-5e61581cce32/Analytics/ArchivedEvents/177793606500003.1cd394b8/c using Guid(e0dda05c28b56230aa8a7ae0d1c4a064) Importer(2089858483,b0f066a214c2f5e87bad3c948f4d605d) (ScriptedImporter) -> (artifact id: '976751135e3e5ae9e52c9df159c19732') in 0.006153273 seconds
Number of updated asset objects reloaded before import = 0Number of asset objects unloaded after import = 1

========================================================================
Received Import Request.
  Time since last request: 0.000051 seconds.
  path: Assets/Main/ExperimentResults/Unity/eb1bf7b9-dc49-4d0a-9aef-5e61581cce32/Analytics/ArchivedEvents/177793481800003.93296d8a/e
  artifactKey: Guid(5f1e0c1312ecfc39ea0070d988e522b2) Importer(2089858483,b0f066a214c2f5e87bad3c948f4d605d)
Start importing Assets/Main/ExperimentResults/Unity/eb1bf7b9-dc49-4d0a-9aef-5e61581cce32/Analytics/ArchivedEvents/177793481800003.93296d8a/e using Guid(5f1e0c1312ecfc39ea0070d988e522b2) Importer(2089858483,b0f066a214c2f5e87bad3c948f4d605d) (ScriptedImporter) -> (artifact id: '8f050a433c47b332a8c6e7aff63949dc') in 0.007470013 seconds
Number of updated asset objects reloaded before import = 0Number of asset objects unloaded after import = 1

========================================================================
Received Import Request.
  Time since last request: 0.000062 seconds.
  path: Assets/Main/ExperimentResults/Unity/eb1bf7b9-dc49-4d0a-9aef-5e61581cce32/Analytics/ArchivedEvents/177793476800002.93296d8a
  artifactKey: Guid(2d9ae0090ac59073eb2357080eb952fc) Importer(2089858483,b0f066a214c2f5e87bad3c948f4d605d)
Start importing Assets/Main/ExperimentResults/Unity/eb1bf7b9-dc49-4d0a-9aef-5e61581cce32/Analytics/ArchivedEvents/177793476800002.93296d8a using Guid(2d9ae0090ac59073eb2357080eb952fc) Importer(2089858483,b0f066a214c2f5e87bad3c948f4d605d) (ScriptedImporter) -> (artifact id: 'f67144a0cb9a474c6a8714538003a241') in 0.00610373 seconds
Number of updated asset objects reloaded before import = 0Number of asset objects unloaded after import = 1

========================================================================
Received Import Request.
  Time since last request: 0.000070 seconds.
  path: Assets/Main/ExperimentResults/Unity/eb1bf7b9-dc49-4d0a-9aef-5e61581cce32/Analytics/ArchivedEvents/177793494700005.93296d8a
  artifactKey: Guid(41b42ebea5f247d6daaa4475dd491fb6) Importer(2089858483,b0f066a214c2f5e87bad3c948f4d605d)
Start importing Assets/Main/ExperimentResults/Unity/eb1bf7b9-dc49-4d0a-9aef-5e61581cce32/Analytics/ArchivedEvents/177793494700005.93296d8a using Guid(41b42ebea5f247d6daaa4475dd491fb6) Importer(2089858483,b0f066a214c2f5e87bad3c948f4d605d) (ScriptedImporter) -> (artifact id: '6ce36836611c9c2ec1c5b672e1465d06') in 0.006086357 seconds
Number of updated asset objects reloaded before import = 0Number of asset objects unloaded after import = 1

========================================================================
Received Import Request.
  Time since last request: 0.000042 seconds.
  path: Assets/Main/ExperimentResults/Unity/eb1bf7b9-dc49-4d0a-9aef-5e61581cce32/Analytics/ArchivedEvents/177793564900000.1cd394b8/e
  artifactKey: Guid(e2f6fdaf400e521a19a656e01b7a7db1) Importer(2089858483,b0f066a214c2f5e87bad3c948f4d605d)
Start importing Assets/Main/ExperimentResults/Unity/eb1bf7b9-dc49-4d0a-9aef-5e61581cce32/Analytics/ArchivedEvents/177793564900000.1cd394b8/e using Guid(e2f6fdaf400e521a19a656e01b7a7db1) Importer(2089858483,b0f066a214c2f5e87bad3c948f4d605d) (ScriptedImporter) -> (artifact id: 'd27f806593580654c1d7f21c5e503b65') in 0.008095626 seconds
Number of updated asset objects reloaded before import = 0Number of asset objects unloaded after import = 1

========================================================================
Received Import Request.
  Time since last request: 0.000053 seconds.
  path: Assets/Main/ExperimentResults/Unity/eb1bf7b9-dc49-4d0a-9aef-5e61581cce32/Analytics/ArchivedEvents/177793481800004.93296d8a/s
  artifactKey: Guid(df026126b51ba935b9a5cd8d52590283) Importer(2089858483,b0f066a214c2f5e87bad3c948f4d605d)
Start importing Assets/Main/ExperimentResults/Unity/eb1bf7b9-dc49-4d0a-9aef-5e61581cce32/Analytics/ArchivedEvents/177793481800004.93296d8a/s using Guid(df026126b51ba935b9a5cd8d52590283) Importer(2089858483,b0f066a214c2f5e87bad3c948f4d605d) (ScriptedImporter) -> (artifact id: '8db7a994564505425c8649ffd6eeb265') in 0.007779713 seconds
Number of updated asset objects reloaded before import = 0Number of asset objects unloaded after import = 1

========================================================================
Received Import Request.
  Time since last request: 0.000044 seconds.
  path: Assets/Main/ExperimentResults/Unity/eb1bf7b9-dc49-4d0a-9aef-5e61581cce32/Analytics/ArchivedEvents/177793465000000.93296d8a/s
  artifactKey: Guid(8ac2ab5c0e6bb072f80bd971b0a17806) Importer(2089858483,b0f066a214c2f5e87bad3c948f4d605d)
Start importing Assets/Main/ExperimentResults/Unity/eb1bf7b9-dc49-4d0a-9aef-5e61581cce32/Analytics/ArchivedEvents/177793465000000.93296d8a/s using Guid(8ac2ab5c0e6bb072f80bd971b0a17806) Importer(2089858483,b0f066a214c2f5e87bad3c948f4d605d) (ScriptedImporter) -> (artifact id: 'a6eb3ded0aa23710a23cdf69d9987085') in 0.007727084 seconds
Number of updated asset objects reloaded before import = 0Number of asset objects unloaded after import = 1

========================================================================
Received Import Request.
  Time since last request: 0.000084 seconds.
  path: Assets/Main/ExperimentResults/Unity/eb1bf7b9-dc49-4d0a-9aef-5e61581cce32/Analytics/ArchivedEvents/177793606500003.1cd394b8/g
  artifactKey: Guid(7afb43ec01e75efa9b448654863cbdd4) Importer(2089858483,b0f066a214c2f5e87bad3c948f4d605d)
Start importing Assets/Main/ExperimentResults/Unity/eb1bf7b9-dc49-4d0a-9aef-5e61581cce32/Analytics/ArchivedEvents/177793606500003.1cd394b8/g using Guid(7afb43ec01e75efa9b448654863cbdd4) Importer(2089858483,b0f066a214c2f5e87bad3c948f4d605d) (ScriptedImporter) -> (artifact id: 'f01e2632cf5e0515f4d0d93853e1faac') in 0.007451047 seconds
Number of updated asset objects reloaded before import = 0Number of asset objects unloaded after import = 1

========================================================================
Received Import Request.
  Time since last request: 0.000083 seconds.
  path: Assets/Main/ExperimentResults/il2cpp/unity.ver
  artifactKey: Guid(c49c129f04c30b3c8bf2819fca9ee221) Importer(2089858483,b0f066a214c2f5e87bad3c948f4d605d)
Start importing Assets/Main/ExperimentResults/il2cpp/unity.ver using Guid(c49c129f04c30b3c8bf2819fca9ee221) Importer(2089858483,b0f066a214c2f5e87bad3c948f4d605d) (ScriptedImporter) -> (artifact id: '34c7dea888b9b36566efbc30b9ea01a9') in 0.004929276 seconds
Number of updated asset objects reloaded before import = 0Number of asset objects unloaded after import = 1

========================================================================
Received Import Request.
  Time since last request: 0.000042 seconds.
  path: Assets/Main/ExperimentResults/Unity/eb1bf7b9-dc49-4d0a-9aef-5e61581cce32/Analytics/ArchivedEvents/177793494700005.93296d8a/e
  artifactKey: Guid(d2c175fcb3b75a012a17d93a94a92067) Importer(2089858483,b0f066a214c2f5e87bad3c948f4d605d)
Start importing Assets/Main/ExperimentResults/Unity/eb1bf7b9-dc49-4d0a-9aef-5e61581cce32/Analytics/ArchivedEvents/177793494700005.93296d8a/e using Guid(d2c175fcb3b75a012a17d93a94a92067) Importer(2089858483,b0f066a214c2f5e87bad3c948f4d605d) (ScriptedImporter) -> (artifact id: 'de03881a68923852ebfe2defec87254a') in 0.005878888 seconds
Number of updated asset objects reloaded before import = 0Number of asset objects unloaded after import = 1

========================================================================
Received Import Request.
  Time since last request: 0.000032 seconds.
  path: Assets/Main/Scripts/SortingShelfManager.cs
  artifactKey: Guid(bd059a7ab5ccb1cc1b1154a40fffc450) Importer(2089858483,b0f066a214c2f5e87bad3c948f4d605d)
Start importing Assets/Main/Scripts/SortingShelfManager.cs using Guid(bd059a7ab5ccb1cc1b1154a40fffc450) Importer(2089858483,b0f066a214c2f5e87bad3c948f4d605d) (ScriptedImporter) -> (artifact id: '2b6061fd9e0eaf1e2ed85c3c1345727c') in 0.238721424 seconds
Number of updated asset objects reloaded before import = 0Number of asset objects unloaded after import = 0

========================================================================
Received Import Request.
  Time since last request: 0.000050 seconds.
  path: Assets/Main/ExperimentResults/Unity/eb1bf7b9-dc49-4d0a-9aef-5e61581cce32/Analytics/ArchivedEvents/177793564900000.1cd394b8
  artifactKey: Guid(f80cf6eee68be877bb66fcdcec57f909) Importer(2089858483,b0f066a214c2f5e87bad3c948f4d605d)
Start importing Assets/Main/ExperimentResults/Unity/eb1bf7b9-dc49-4d0a-9aef-5e61581cce32/Analytics/ArchivedEvents/177793564900000.1cd394b8 using Guid(f80cf6eee68be877bb66fcdcec57f909) Importer(2089858483,b0f066a214c2f5e87bad3c948f4d605d) (ScriptedImporter) -> (artifact id: 'da110ae30919563bc37d40bd10a7e7ba') in 0.005246742 seconds
Number of updated asset objects reloaded before import = 0Number of asset objects unloaded after import = 1

========================================================================
Received Import Request.
  Time since last request: 0.000046 seconds.
  path: Assets/Main/ExperimentResults/Unity/eb1bf7b9-dc49-4d0a-9aef-5e61581cce32/Analytics/ArchivedEvents/177793594800002.1cd394b8/g
  artifactKey: Guid(e24b84e912efaec68b84e63d478dfbd4) Importer(2089858483,b0f066a214c2f5e87bad3c948f4d605d)
Start importing Assets/Main/ExperimentResults/Unity/eb1bf7b9-dc49-4d0a-9aef-5e61581cce32/Analytics/ArchivedEvents/177793594800002.1cd394b8/g using Guid(e24b84e912efaec68b84e63d478dfbd4) Importer(2089858483,b0f066a214c2f5e87bad3c948f4d605d) (ScriptedImporter) -> (artifact id: 'ef2dbda961c9ecf698ee01468368b1d1') in 0.004480575 seconds
Number of updated asset objects reloaded before import = 0Number of asset objects unloaded after import = 1

========================================================================
Received Import Request.
  Time since last request: 0.000027 seconds.
  path: Assets/Main/ExperimentResults/experiment_20260504_174409_events.jsonl
  artifactKey: Guid(7762d06f4c6ed9183ab3871125c8ef88) Importer(2089858483,b0f066a214c2f5e87bad3c948f4d605d)
Start importing Assets/Main/ExperimentResults/experiment_20260504_174409_events.jsonl using Guid(7762d06f4c6ed9183ab3871125c8ef88) Importer(2089858483,b0f066a214c2f5e87bad3c948f4d605d) (ScriptedImporter) -> (artifact id: 'e1f04e4393f7774085cf56dba2feb1b0') in 0.003482874 seconds
Number of updated asset objects reloaded before import = 0Number of asset objects unloaded after import = 1

Editor requested this worker to shutdown with reason: Scaling down because of idle timeout
AssetImportWorker is now disconnected from the server
Process exiting

SDL leaked 2 allocations
Internal: Possible leak. All render target surfaces should be removed from IdMap when destructed using RenderTargetMap::Remove(RenderSurfaceBase* rs).
