Unity Editor version:    6000.3.6f1 (bbb010bdb8a3)
Branch:                  6000.3/respin/6000.3.6f1-732c1ec89f18
Build type:              Release
Batch mode:              YES
System name:             Linux
Distro version:          #22~24.04.1-Ubuntu SMP PREEMPT_DYNAMIC Thu Mar 26 15:25:54 UTC 2
Kernel version:          6.17.0-22-generic
Architecture:            x86_64
Available memory:        15205 MB
Date:                    2026-05-04T22:37:56Z
[Licensing::Module] Trying to connect to existing licensing client channel...
[Licensing::IpcConnector] Successfully connected to: "LicenseClient-collector25061" at "2026-05-04T22:37:56.084399Z"
[SignatureVerifier] Application signature verification not supported on this platform.
[Licensing::Client] Handshaking with LicensingClient:
  Version:                 1.17.4+4293ba1
  Session Id:              b7ac66f984954fce94284fcba7c955ed
  Correlation Id:          7d722a6262b458870b57e218da3e7073
  External correlation Id: 1212289019589603002
  Machine Id:              reyimwx9n/iaWxeQDpiYtRc7igQ=
[Licensing::Module] Successfully connected to LicensingClient on channel: "LicenseClient-collector25061" (connect: 0.00s, validation: 0.01s, handshake: 0.00s)
[Licensing::IpcConnector] Successfully connected to: "LicenseClient-collector25061-notifications" at "2026-05-04T22:37:56.092168Z"
[Licensing::Module] Licensing Background thread has ended after 0.01s
Selected window backend: (null) 
Desktop is 4480 x 1440 @ 60 Hz
Initialize udev device monitor.

COMMAND LINE ARGUMENTS:
Unity
-adb2
-batchMode
-noUpm
-name
AssetImportWorker4
-projectPath
/home/collector25061/Documents/GitHub/Cross-Study-Analysis-between-Virtual-Reality-Object-Manipulation-and-Spatial-Learning-SOFTWARE/My project
-logFile
Logs/AssetImportWorker4.log
-srvPort
39025
-licensingIpc
LicenseClient-collector25061
-job-worker-count
7
-background-job-worker-count
8
-gc-helper-count
1
Successfully changed project path to: /home/collector25061/Documents/GitHub/Cross-Study-Analysis-between-Virtual-Reality-Object-Manipulation-and-Spatial-Learning-SOFTWARE/My project
/home/collector25061/Documents/GitHub/Cross-Study-Analysis-between-Virtual-Reality-Object-Manipulation-and-Spatial-Learning-SOFTWARE/My project
[UnityMemory] Configuration Parameters - Can be set up in boot.config
    "memorysetup-allocator-temp-initial-block-size-main=262144"
    "memorysetup-allocator-temp-initial-block-size-worker=262144"
    "memorysetup-temp-allocator-size-background-worker=32768"
    "memorysetup-temp-allocator-size-job-worker=262144"
    "memorysetup-temp-allocator-size-preload-manager=33554432"
    "memorysetup-temp-allocator-size-nav-mesh-worker=65536"
    "memorysetup-temp-allocator-size-audio-worker=65536"
    "memorysetup-temp-allocator-size-cloud-worker=32768"
    "memorysetup-temp-allocator-size-gi-baking-worker=262144"
    "memorysetup-temp-allocator-size-gi-baking-worker=262144"
    "memorysetup-temp-allocator-size-gi-baking-worker=262144"
    "memorysetup-temp-allocator-size-gi-baking-worker=262144"
    "memorysetup-temp-allocator-size-gi-baking-worker=262144"
    "memorysetup-bucket-allocator-granularity=16"
    "memorysetup-bucket-allocator-bucket-count=8"
    "memorysetup-bucket-allocator-block-size=33554432"
    "memorysetup-bucket-allocator-block-count=8"
    "memorysetup-main-allocator-block-size=16777216"
    "memorysetup-thread-allocator-block-size=16777216"
    "memorysetup-gfx-main-allocator-block-size=16777216"
    "memorysetup-gfx-thread-allocator-block-size=16777216"
    "memorysetup-cache-allocator-block-size=4194304"
    "memorysetup-typetree-allocator-block-size=2097152"
    "memorysetup-profiler-bucket-allocator-granularity=16"
    "memorysetup-profiler-bucket-allocator-bucket-count=8"
    "memorysetup-profiler-bucket-allocator-block-size=33554432"
    "memorysetup-profiler-bucket-allocator-block-count=8"
    "memorysetup-profiler-allocator-block-size=16777216"
    "memorysetup-profiler-editor-allocator-block-size=1048576"
    "memorysetup-temp-allocator-size-main=16777216"
    "memorysetup-job-temp-allocator-block-size=2097152"
    "memorysetup-job-temp-allocator-block-size-background=1048576"
    "memorysetup-job-temp-allocator-reduction-small-platforms=262144"
    "memorysetup-temp-allocator-size-gfx=262144"
Player connection [132305208175424]  Target information:

Player connection [132305208175424]  * "[IP] 10.140.44.20 [Port] 0 [Flags] 2 [Guid] 1106087298 [EditorId] 1106087298 [Version] 1048832 [Id] LinuxEditor(16,10.140.44.20) [Debug] 1 [PackageName] LinuxEditor [ProjectName] Editor" 

Player connection [132305208175424]  * "[IP] 100.66.165.22 [Port] 0 [Flags] 2 [Guid] 1106087298 [EditorId] 1106087298 [Version] 1048832 [Id] LinuxEditor(16,10.140.44.20) [Debug] 1 [PackageName] LinuxEditor [ProjectName] Editor" 

Player connection [132305208175424] Host joined multi-casting on [225.0.0.222:54997]...
Player connection [132305208175424] Host joined alternative multi-casting on [225.0.0.222:34997]...
JobSystem: Creating JobQueue using job-worker-count value 7
Input System module state changed to: Initialized.
[Physics::Module] Initialized fallback backend.
[Physics::Module] Id: 0xdecafbad
Library Redirect Path: Library/
[Physics::Module] Selected backend.
[Physics::Module] Name: PhysX
[Physics::Module] Id: 0xf2b8ea05
[Physics::Module] SDK Version: 4.1.2
[Physics::Module] Integration Version: 1.0.0
[Physics::Module] Threading Mode: Multi-Threaded
[Licensing::Client] Successfully resolved entitlement details
[Licensing::Module] License group:
  Id: 2474148848911-UnityPersXXXX
  Product: Unity Personal
  Type: Assigned
  Expiration: Unlimited
Refreshing native plugins compatible for Editor in 45.51 ms, found 0 plugins.
Preloading 0 native plugins for Editor in 0.00 ms.
Initialize engine version: 6000.3.6f1 (bbb010bdb8a3)
[Subsystems] Discovering subsystems at path /home/collector25061/Unity/Hub/Editor/6000.3.6f1/Editor/Data/Resources/UnitySubsystems
[Subsystems] Discovering subsystems at path /home/collector25061/Documents/GitHub/Cross-Study-Analysis-between-Virtual-Reality-Object-Manipulation-and-Spatial-Learning-SOFTWARE/My project/Assets
kGfxThreadingModeNonThreaded is not supported on OpenGL Core. Reverting to kGfxThreadingModeDirect instead.
GfxDevice: creating device client; kGfxThreadingModeDirect
GLX Extensions: GLX_ARB_context_flush_control GLX_ARB_create_context GLX_ARB_create_context_no_error GLX_ARB_create_context_profile GLX_ARB_create_context_robustness GLX_ARB_fbconfig_float GLX_ARB_framebuffer_sRGB GLX_ARB_get_proc_address GLX_ARB_multisample GLX_EXT_buffer_age GLX_EXT_create_context_es2_profile GLX_EXT_create_context_es_profile GLX_EXT_fbconfig_packed_float GLX_EXT_framebuffer_sRGB GLX_EXT_no_config_context GLX_EXT_swap_control GLX_EXT_swap_control_tear GLX_EXT_texture_from_pixmap GLX_EXT_visual_info GLX_EXT_visual_rating GLX_INTEL_swap_event GLX_MESA_copy_sub_buffer GLX_MESA_gl_interop GLX_MESA_query_renderer GLX_MESA_swap_control GLX_OML_sync_control GLX_SGIS_multisample GLX_SGIX_fbconfig GLX_SGIX_pbuffer GLX_SGIX_visual_select_group GLX_SGI_make_current_read GLX_SGI_swap_control GLX_SGI_video_sync 
Renderer: AMD Radeon Graphics (radeonsi, renoir, ACO, DRM 3.64, 6.17.0-22-generic)
Vendor:   AMD
Version:  4.6 (Core Profile) Mesa 25.2.8-0ubuntu0.24.04.1
GLES:     0
 GL_AMD_conservative_depth GL_AMD_depth_clamp_separate GL_AMD_draw_buffers_blend GL_AMD_framebuffer_multisample_advanced GL_AMD_gpu_shader_int64 GL_AMD_multi_draw_indirect GL_AMD_performance_monitor GL_AMD_pinned_memory GL_AMD_query_buffer_object GL_AMD_seamless_cubemap_per_texture GL_AMD_shader_stencil_export GL_AMD_shader_trinary_minmax GL_AMD_texture_texture4 GL_AMD_vertex_shader_layer GL_AMD_vertex_shader_viewport_index GL_ANGLE_texture_compression_dxt3 GL_ANGLE_texture_compression_dxt5 GL_ARB_ES2_compatibility GL_ARB_ES3_1_compatibility GL_ARB_ES3_2_compatibility GL_ARB_ES3_compatibility GL_ARB_arrays_of_arrays GL_ARB_base_instance GL_ARB_bindless_texture GL_ARB_blend_func_extended GL_ARB_buffer_storage GL_ARB_clear_buffer_object GL_ARB_clear_texture GL_ARB_clip_control GL_ARB_color_buffer_float GL_ARB_compressed_texture_pixel_storage GL_ARB_compute_shader GL_ARB_compute_variable_group_size GL_ARB_conditional_render_inverted GL_ARB_conservative_depth GL_ARB_copy_buffer GL_ARB_copy_image GL_ARB_cull_dist
ance GL_ARB_debug_output GL_ARB_depth_buffer_float GL_ARB_depth_clamp GL_ARB_derivative_control GL_ARB_direct_state_access GL_ARB_draw_buffers GL_ARB_draw_buffers_blend GL_ARB_draw_elements_base_vertex GL_ARB_draw_indirect GL_ARB_draw_instanced GL_ARB_enhanced_layouts GL_ARB_explicit_attrib_location GL_ARB_explicit_uniform_location GL_ARB_fragment_coord_conventions GL_ARB_fragment_layer_viewport GL_ARB_fragment_shader GL_ARB_framebuffer_no_attachments GL_ARB_framebuffer_object GL_ARB_framebuffer_sRGB GL_ARB_get_program_binary GL_ARB_get_texture_sub_image GL_ARB_gl_spirv GL_ARB_gpu_shader5 GL_ARB_gpu_shader_fp64 GL_ARB_gpu_shader_int64 GL_ARB_half_float_pixel GL_ARB_half_float_vertex GL_ARB_indirect_parameters GL_ARB_instanced_arrays GL_ARB_internalformat_query GL_ARB_internalformat_query2 GL_ARB_invalidate_subdata GL_ARB_map_buffer_alignment GL_ARB_map_buffer_range GL_ARB_multi_bind GL_ARB_multi_draw_indirect GL_ARB_occlusion_query2 GL_ARB_parallel_shader_compile GL_ARB_pipeline_statistics_query GL_ARB_pixel
_buffer_object GL_ARB_point_sprite GL_ARB_polygon_offset_clamp GL_ARB_program_interface_query GL_ARB_provoking_vertex GL_ARB_query_buffer_object GL_ARB_robust_buffer_access_behavior GL_ARB_robustness GL_ARB_sample_shading GL_ARB_sampler_objects GL_ARB_seamless_cube_map GL_ARB_seamless_cubemap_per_texture GL_ARB_separate_shader_objects GL_ARB_shader_atomic_counter_ops GL_ARB_shader_atomic_counters GL_ARB_shader_ballot GL_ARB_shader_bit_encoding GL_ARB_shader_clock GL_ARB_shader_draw_parameters GL_ARB_shader_group_vote GL_ARB_shader_image_load_store GL_ARB_shader_image_size GL_ARB_shader_objects GL_ARB_shader_precision GL_ARB_shader_stencil_export GL_ARB_shader_storage_buffer_object GL_ARB_shader_subroutine GL_ARB_shader_texture_image_samples GL_ARB_shader_texture_lod GL_ARB_shader_viewport_layer_array GL_ARB_shading_language_420pack GL_ARB_shading_language_include GL_ARB_shading_language_packing GL_ARB_sparse_buffer GL_ARB_sparse_texture GL_ARB_sparse_texture2 GL_ARB_sparse_texture_clamp GL_ARB_spirv_extensio
ns GL_ARB_stencil_texturing GL_ARB_sync GL_ARB_tessellation_shader GL_ARB_texture_barrier GL_ARB_texture_border_clamp GL_ARB_texture_buffer_object GL_ARB_texture_buffer_object_rgb32 GL_ARB_texture_buffer_range GL_ARB_texture_compression_bptc GL_ARB_texture_compression_rgtc GL_ARB_texture_cube_map_array GL_ARB_texture_filter_anisotropic GL_ARB_texture_filter_minmax GL_ARB_texture_float GL_ARB_texture_gather GL_ARB_texture_mirror_clamp_to_edge GL_ARB_texture_multisample GL_ARB_texture_non_power_of_two GL_ARB_texture_query_levels GL_ARB_texture_query_lod GL_ARB_texture_rectangle GL_ARB_texture_rg GL_ARB_texture_rgb10_a2ui GL_ARB_texture_stencil8 GL_ARB_texture_storage GL_ARB_texture_storage_multisample GL_ARB_texture_swizzle GL_ARB_texture_view GL_ARB_timer_query GL_ARB_transform_feedback2 GL_ARB_transform_feedback3 GL_ARB_transform_feedback_instanced GL_ARB_transform_feedback_overflow_query GL_ARB_uniform_buffer_object GL_ARB_vertex_array_bgra GL_ARB_vertex_array_object GL_ARB_vertex_attrib_64bit GL_ARB_vertex
_attrib_binding GL_ARB_vertex_buffer_object GL_ARB_vertex_shader GL_ARB_vertex_type_10f_11f_11f_rev GL_ARB_vertex_type_2_10_10_10_rev GL_ARB_viewport_array GL_ATI_blend_equation_separate GL_ATI_meminfo GL_ATI_texture_float GL_ATI_texture_mirror_once GL_EXT_EGL_image_storage GL_EXT_EGL_image_storage_compression GL_EXT_EGL_sync GL_EXT_abgr GL_EXT_blend_equation_separate GL_EXT_debug_label GL_EXT_demote_to_helper_invocation GL_EXT_depth_bounds_test GL_EXT_draw_buffers2 GL_EXT_draw_instanced GL_EXT_framebuffer_blit GL_EXT_framebuffer_multisample GL_EXT_framebuffer_multisample_blit_scaled GL_EXT_framebuffer_object GL_EXT_framebuffer_sRGB GL_EXT_memory_object GL_EXT_memory_object_fd GL_EXT_packed_depth_stencil GL_EXT_packed_float GL_EXT_pixel_buffer_object GL_EXT_polygon_offset_clamp GL_EXT_provoking_vertex GL_EXT_semaphore GL_EXT_semaphore_fd GL_EXT_shader_clock GL_EXT_shader_image_load_formatted GL_EXT_shader_image_load_store GL_EXT_shader_integer_mix GL_EXT_shader_samples_identical GL_EXT_texture_array GL_EXT_t
exture_compression_dxt1 GL_EXT_texture_compression_rgtc GL_EXT_texture_compression_s3tc GL_EXT_texture_filter_anisotropic GL_EXT_texture_filter_minmax GL_EXT_texture_integer GL_EXT_texture_mirror_clamp GL_EXT_texture_sRGB GL_EXT_texture_sRGB_R8 GL_EXT_texture_sRGB_decode GL_EXT_texture_shadow_lod GL_EXT_texture_shared_exponent GL_EXT_texture_snorm GL_EXT_texture_storage GL_EXT_texture_swizzle GL_EXT_timer_query GL_EXT_transform_feedback GL_EXT_vertex_array_bgra GL_EXT_vertex_attrib_64bit GL_EXT_window_rectangles GL_IBM_multimode_draw_arrays GL_INTEL_blackhole_render GL_KHR_blend_equation_advanced GL_KHR_context_flush_control GL_KHR_debug GL_KHR_no_error GL_KHR_parallel_shader_compile GL_KHR_robust_buffer_access_behavior GL_KHR_robustness GL_KHR_shader_subgroup GL_KHR_texture_compression_astc_ldr GL_KHR_texture_compression_astc_sliced_3d GL_MESA_framebuffer_flip_y GL_MESA_pack_invert GL_MESA_shader_integer_functions GL_MESA_texture_const_bandwidth GL_MESA_texture_signed_rgba GL_NVX_gpu_memory_info GL_NV_alpha
_to_coverage_dither_control GL_NV_compute_shader_derivatives GL_NV_conditional_render GL_NV_copy_image GL_NV_depth_clamp GL_NV_packed_depth_stencil GL_NV_shader_atomic_int64 GL_NV_texture_barrier GL_NV_vdpau_interop GL_OES_EGL_image GL_S3_s3tc
OPENGL LOG: Creating OpenGL 4.6 graphics device ; Context level  <OpenGL 4.5> ; Context handle 786815648
Initialize mono
Mono path[0] = '/home/collector25061/Unity/Hub/Editor/6000.3.6f1/Editor/Data/Managed'
Mono path[1] = '/home/collector25061/Unity/Hub/Editor/6000.3.6f1/Editor/Data/MonoBleedingEdge/lib/mono/unityjit-linux'
Mono config path = '/home/collector25061/Unity/Hub/Editor/6000.3.6f1/Editor/Data/MonoBleedingEdge/etc'
Using monoOptions --debugger-agent=transport=dt_socket,embedding=1,server=y,suspend=n,address=127.0.0.1:56432
Begin MonoManager ReloadAssembly
Registering precompiled unity dll's ...
Register platform support module: /home/collector25061/Unity/Hub/Editor/6000.3.6f1/Editor/Data/PlaybackEngines/AndroidPlayer/UnityEditor.Android.Extensions.dll
Register platform support module: /home/collector25061/Unity/Hub/Editor/6000.3.6f1/Editor/Data/PlaybackEngines/LinuxStandaloneSupport/UnityEditor.LinuxStandalone.Extensions.dll
Registered in 0.005648 seconds.
- Loaded All Assemblies, in  0.877 seconds
Native extension for LinuxStandalone target not found
Native extension for Android target not found
Android Extension - Scanning For ADB Devices 668 ms
Package Manager log level set to [2]
[Package Manager] Failed to launch server process. Reason: Unity was launched with the -noUpm command-line argument
[Package Manager] Unable to send message (not connected to server process).
[Package Manager] Cannot connect to Unity Package Manager local server
ScheduleIndexationOnStartup MainProcess:False IndexOnStartup:True
Mono: successfully reloaded assembly
- Finished resetting the current domain, in  1.547 seconds
Domain Reload Profiling: 2423ms
	BeginReloadAssembly (234ms)
		ExecutionOrderSort (0ms)
		DisableScriptedObjects (0ms)
		BackupInstance (0ms)
		ReleaseScriptingObjects (0ms)
		CreateAndSetChildDomain (3ms)
	RebuildCommonClasses (101ms)
	RebuildNativeTypeToScriptingClass (16ms)
	initialDomainReloadingComplete (131ms)
	LoadAllAssembliesAndSetupDomain (394ms)
		LoadAssemblies (234ms)
		RebuildTransferFunctionScriptingTraits (0ms)
		AnalyzeDomain (382ms)
			TypeCache.Refresh (380ms)
				TypeCache.ScanAssembly (353ms)
			BuildScriptInfoCaches (0ms)
			ResolveRequiredComponents (1ms)
	FinalizeReload (1548ms)
		ReleaseScriptCaches (0ms)
		RebuildScriptCaches (0ms)
		SetupLoadedEditorAssemblies (1459ms)
			LogAssemblyErrors (0ms)
			InitializePlatformSupportModulesInManaged (799ms)
			SetLoadedEditorAssemblies (9ms)
			BeforeProcessingInitializeOnLoad (188ms)
			ProcessInitializeOnLoadAttributes (275ms)
			ProcessInitializeOnLoadMethodAttributes (187ms)
			AfterProcessingInitializeOnLoad (0ms)
			EditorAssembliesLoaded (0ms)
		ExecutionOrderSort2 (0ms)
		AwakeInstancesAfterBackupRestoration (0ms)
========================================================================
Worker process is ready to serve import requests
Import Worker Mode flag is 0x00
Begin MonoManager ReloadAssembly
[Licensing::Client] Successfully resolved entitlement details
- Loaded All Assemblies, in  1.487 seconds
Refreshing native plugins compatible for Editor in 4.78 ms, found 0 plugins.
Native extension for LinuxStandalone target not found
Native extension for Android target not found
[Package Manager] Failed to launch server process. Reason: Unity was launched with the -noUpm command-line argument
[Package Manager] Unable to send message (not connected to server process).
[Package Manager] Cannot connect to Unity Package Manager local server
ScheduleIndexationOnStartup MainProcess:False IndexOnStartup:True
Mono: successfully reloaded assembly
[Package Manager] Failed to launch server process. Reason: Unity was launched with the -noUpm command-line argument
[Package Manager] Unable to send message (not connected to server process).
[Package Manager] Cannot connect to Unity Package Manager local server
[Package Manager] Failed to launch server process. Reason: Unity was launched with the -noUpm command-line argument
[Package Manager] Unable to send message (not connected to server process).
[Package Manager] Cannot connect to Unity Package Manager local server
- Finished resetting the current domain, in  1.402 seconds
Domain Reload Profiling: 2880ms
	BeginReloadAssembly (340ms)
		ExecutionOrderSort (0ms)
		DisableScriptedObjects (11ms)
		BackupInstance (0ms)
		ReleaseScriptingObjects (0ms)
		CreateAndSetChildDomain (114ms)
	RebuildCommonClasses (82ms)
	RebuildNativeTypeToScriptingClass (14ms)
	initialDomainReloadingComplete (73ms)
	LoadAllAssembliesAndSetupDomain (969ms)
		LoadAssemblies (594ms)
		RebuildTransferFunctionScriptingTraits (0ms)
		AnalyzeDomain (507ms)
			TypeCache.Refresh (337ms)
				TypeCache.ScanAssembly (307ms)
			BuildScriptInfoCaches (148ms)
			ResolveRequiredComponents (16ms)
	FinalizeReload (1402ms)
		ReleaseScriptCaches (0ms)
		RebuildScriptCaches (0ms)
		SetupLoadedEditorAssemblies (1032ms)
			LogAssemblyErrors (0ms)
			InitializePlatformSupportModulesInManaged (19ms)
			SetLoadedEditorAssemblies (10ms)
			BeforeProcessingInitializeOnLoad (245ms)
			ProcessInitializeOnLoadAttributes (543ms)
			ProcessInitializeOnLoadMethodAttributes (207ms)
			AfterProcessingInitializeOnLoad (7ms)
			EditorAssembliesLoaded (1ms)
		ExecutionOrderSort2 (0ms)
		AwakeInstancesAfterBackupRestoration (4ms)
WARNING: Shader Unsupported: 'Ultraleap/LegacyHandShader' - All subshaders removed
WARNING: Shader Did you use #pragma only_renderers and omit this platform?
WARNING: Shader If subshaders removal was intentional, you may have forgotten turning Fallback off?
WARNING: Shader Unsupported: 'Ultraleap/LegacyHandShader' - All subshaders removed
WARNING: Shader Did you use #pragma only_renderers and omit this platform?
WARNING: Shader If subshaders removal was intentional, you may have forgotten turning Fallback off?
AutoLocale: current locale expects 'C' but got 'en_US.UTF-8'Launched and connected shader compiler UnityShaderCompiler after 0.05 seconds
Refreshing native plugins compatible for Editor in 5.01 ms, found 0 plugins.
Preloading 0 native plugins for Editor in 0.00 ms.
Unloading 17 Unused Serialized files (Serialized files now loaded: 0)
Unloading 7742 unused Assets / (8.2 MB). Loaded Objects now: 8605.
Memory consumption went from 167.6 MB to 159.4 MB.
Total: 32.748611 ms (FindLiveObjects: 2.040317 ms CreateObjectMapping: 2.464843 ms MarkObjects: 15.978884 ms  DeleteObjects: 12.262152 ms)

========================================================================
Received Import Request.
  Time since last request: 131963.456871 seconds.
  path: Assets/Main/ExperimentResults/Unity/eb1bf7b9-dc49-4d0a-9aef-5e61581cce32/Analytics/ArchivedEvents/177793235100003.77f618aa/c
  artifactKey: Guid(8e92ba47c03f080d09fd6d4534216b96) Importer(2089858483,b0f066a214c2f5e87bad3c948f4d605d)
Start importing Assets/Main/ExperimentResults/Unity/eb1bf7b9-dc49-4d0a-9aef-5e61581cce32/Analytics/ArchivedEvents/177793235100003.77f618aa/c using Guid(8e92ba47c03f080d09fd6d4534216b96) Importer(2089858483,b0f066a214c2f5e87bad3c948f4d605d) (ScriptedImporter) -> (artifact id: '3f6a07733fd100be54b6527d27f7ff8f') in 0.071538545 seconds
Number of updated asset objects reloaded before import = 0Number of asset objects unloaded after import = 1

========================================================================
Received Import Request.
  Time since last request: 0.408895 seconds.
  path: Assets/Main/ExperimentResults/Unity/eb1bf7b9-dc49-4d0a-9aef-5e61581cce32/Analytics/ArchivedEvents/177791502100001.495d2e04/c
  artifactKey: Guid(7ebfaeb0e6d38b916af06052e2381a21) Importer(2089858483,b0f066a214c2f5e87bad3c948f4d605d)
Start importing Assets/Main/ExperimentResults/Unity/eb1bf7b9-dc49-4d0a-9aef-5e61581cce32/Analytics/ArchivedEvents/177791502100001.495d2e04/c using Guid(7ebfaeb0e6d38b916af06052e2381a21) Importer(2089858483,b0f066a214c2f5e87bad3c948f4d605d) (ScriptedImporter) -> (artifact id: '695f6d032628e4680264d1dc55933c46') in 0.007935856 seconds
Number of updated asset objects reloaded before import = 0Number of asset objects unloaded after import = 1

========================================================================
Received Import Request.
  Time since last request: 0.444965 seconds.
  path: Assets/Main/ExperimentResults/Unity/eb1bf7b9-dc49-4d0a-9aef-5e61581cce32/Analytics/ArchivedEvents/177792107500012.56d351fc/c
  artifactKey: Guid(8942edb7ff3a5e98bac7c3ce6cd0db71) Importer(2089858483,b0f066a214c2f5e87bad3c948f4d605d)
Start importing Assets/Main/ExperimentResults/Unity/eb1bf7b9-dc49-4d0a-9aef-5e61581cce32/Analytics/ArchivedEvents/177792107500012.56d351fc/c using Guid(8942edb7ff3a5e98bac7c3ce6cd0db71) Importer(2089858483,b0f066a214c2f5e87bad3c948f4d605d) (ScriptedImporter) -> (artifact id: '6bd8cd770dcac4094ae99fac3cc5ca48') in 0.004646526 seconds
Number of updated asset objects reloaded before import = 0Number of asset objects unloaded after import = 1

========================================================================
Received Import Request.
  Time since last request: 0.686420 seconds.
  path: Assets/Main/ExperimentResults/Unity/eb1bf7b9-dc49-4d0a-9aef-5e61581cce32/Analytics/ArchivedEvents/177629040100004.36c46b16/e
  artifactKey: Guid(842fdf5b96f6773bf9ad9eec373e4e64) Importer(2089858483,b0f066a214c2f5e87bad3c948f4d605d)
Start importing Assets/Main/ExperimentResults/Unity/eb1bf7b9-dc49-4d0a-9aef-5e61581cce32/Analytics/ArchivedEvents/177629040100004.36c46b16/e using Guid(842fdf5b96f6773bf9ad9eec373e4e64) Importer(2089858483,b0f066a214c2f5e87bad3c948f4d605d) (ScriptedImporter) -> (artifact id: '7b30da7fa288fb9a3b4d5e7a1c2ea602') in 0.005869731 seconds
Number of updated asset objects reloaded before import = 0Number of asset objects unloaded after import = 1

========================================================================
Received Import Request.
  Time since last request: 0.462161 seconds.
  path: Assets/Main/ExperimentResults/il2cpp/Metadata/global-metadata.dat
  artifactKey: Guid(c914a29fcb3554c34b2caa8e6149b4f8) Importer(2089858483,b0f066a214c2f5e87bad3c948f4d605d)
Start importing Assets/Main/ExperimentResults/il2cpp/Metadata/global-metadata.dat using Guid(c914a29fcb3554c34b2caa8e6149b4f8) Importer(2089858483,b0f066a214c2f5e87bad3c948f4d605d) (ScriptedImporter) -> (artifact id: '103edc7284fbc050bbe02e0a5c716005') in 0.005213881 seconds
Number of updated asset objects reloaded before import = 0Number of asset objects unloaded after import = 1

========================================================================
Received Import Request.
  Time since last request: 0.000049 seconds.
  path: Assets/Main/ExperimentResults/Unity/eb1bf7b9-dc49-4d0a-9aef-5e61581cce32/Analytics/ArchivedEvents/177792560800006.1a133485/g
  artifactKey: Guid(a1793ad4e1f470974ab463553a9f8adb) Importer(2089858483,b0f066a214c2f5e87bad3c948f4d605d)
Start importing Assets/Main/ExperimentResults/Unity/eb1bf7b9-dc49-4d0a-9aef-5e61581cce32/Analytics/ArchivedEvents/177792560800006.1a133485/g using Guid(a1793ad4e1f470974ab463553a9f8adb) Importer(2089858483,b0f066a214c2f5e87bad3c948f4d605d) (ScriptedImporter) -> (artifact id: '019ed4477da84cb63342e2be77fa65a7') in 0.004656445 seconds
Number of updated asset objects reloaded before import = 0Number of asset objects unloaded after import = 1

========================================================================
Received Import Request.
  Time since last request: 0.000057 seconds.
  path: Assets/Main/ExperimentResults/Unity/eb1bf7b9-dc49-4d0a-9aef-5e61581cce32/Analytics/ArchivedEvents/177792554700005.1a133485/s
  artifactKey: Guid(7bca31f96d14fefb8b21d543bbdfc0ee) Importer(2089858483,b0f066a214c2f5e87bad3c948f4d605d)
Start importing Assets/Main/ExperimentResults/Unity/eb1bf7b9-dc49-4d0a-9aef-5e61581cce32/Analytics/ArchivedEvents/177792554700005.1a133485/s using Guid(7bca31f96d14fefb8b21d543bbdfc0ee) Importer(2089858483,b0f066a214c2f5e87bad3c948f4d605d) (ScriptedImporter) -> (artifact id: '4f9a2e9eb29e343a93a3e6ba96882aea') in 0.003562472 seconds
Number of updated asset objects reloaded before import = 0Number of asset objects unloaded after import = 1

========================================================================
Received Import Request.
  Time since last request: 0.000055 seconds.
  path: Assets/Main/ExperimentResults/Unity/eb1bf7b9-dc49-4d0a-9aef-5e61581cce32/Analytics/ArchivedEvents/177629040100003.36c46b16/s
  artifactKey: Guid(e314d7b3ccf7b9a05872748c035708dd) Importer(2089858483,b0f066a214c2f5e87bad3c948f4d605d)
Start importing Assets/Main/ExperimentResults/Unity/eb1bf7b9-dc49-4d0a-9aef-5e61581cce32/Analytics/ArchivedEvents/177629040100003.36c46b16/s using Guid(e314d7b3ccf7b9a05872748c035708dd) Importer(2089858483,b0f066a214c2f5e87bad3c948f4d605d) (ScriptedImporter) -> (artifact id: 'd1f88307a4428517359ddc9b3b2556ff') in 0.003849612 seconds
Number of updated asset objects reloaded before import = 0Number of asset objects unloaded after import = 1

========================================================================
Received Import Request.
  Time since last request: 0.000024 seconds.
  path: Assets/Main/ExperimentResults/Unity/eb1bf7b9-dc49-4d0a-9aef-5e61581cce32/Analytics/ArchivedEvents/177793019000000.bbb9beae/s
  artifactKey: Guid(2b216b43141c515f5b15f9e7d8ca56e6) Importer(2089858483,b0f066a214c2f5e87bad3c948f4d605d)
Start importing Assets/Main/ExperimentResults/Unity/eb1bf7b9-dc49-4d0a-9aef-5e61581cce32/Analytics/ArchivedEvents/177793019000000.bbb9beae/s using Guid(2b216b43141c515f5b15f9e7d8ca56e6) Importer(2089858483,b0f066a214c2f5e87bad3c948f4d605d) (ScriptedImporter) -> (artifact id: 'bc90118512bf49f2eaf9ba46f66aab06') in 0.003916517 seconds
Number of updated asset objects reloaded before import = 0Number of asset objects unloaded after import = 1

========================================================================
Received Import Request.
  Time since last request: 0.000039 seconds.
  path: Assets/Main/ExperimentResults/Unity/eb1bf7b9-dc49-4d0a-9aef-5e61581cce32/Analytics/ArchivedEvents/177791867800004.56d351fc/g
  artifactKey: Guid(6b02c9505a70a263891307dbd680b1c2) Importer(2089858483,b0f066a214c2f5e87bad3c948f4d605d)
Start importing Assets/Main/ExperimentResults/Unity/eb1bf7b9-dc49-4d0a-9aef-5e61581cce32/Analytics/ArchivedEvents/177791867800004.56d351fc/g using Guid(6b02c9505a70a263891307dbd680b1c2) Importer(2089858483,b0f066a214c2f5e87bad3c948f4d605d) (ScriptedImporter) -> (artifact id: 'bde4d6192b01088e254ffad03c9cef7e') in 0.004871428 seconds
Number of updated asset objects reloaded before import = 0Number of asset objects unloaded after import = 1

========================================================================
Received Import Request.
  Time since last request: 0.000055 seconds.
  path: Assets/Main/ExperimentResults/Unity/eb1bf7b9-dc49-4d0a-9aef-5e61581cce32/Analytics/ArchivedEvents/177791156900002.5fdab35e/s
  artifactKey: Guid(9889b944464ee10509811d5169e4cec6) Importer(2089858483,b0f066a214c2f5e87bad3c948f4d605d)
Start importing Assets/Main/ExperimentResults/Unity/eb1bf7b9-dc49-4d0a-9aef-5e61581cce32/Analytics/ArchivedEvents/177791156900002.5fdab35e/s using Guid(9889b944464ee10509811d5169e4cec6) Importer(2089858483,b0f066a214c2f5e87bad3c948f4d605d) (ScriptedImporter) -> (artifact id: 'f36485023c0b6a944c73ae7f6a71abf6') in 0.003035945 seconds
Number of updated asset objects reloaded before import = 0Number of asset objects unloaded after import = 1

========================================================================
Received Import Request.
  Time since last request: 0.000033 seconds.
  path: Assets/Main/ExperimentResults/Unity/eb1bf7b9-dc49-4d0a-9aef-5e61581cce32/Analytics/ArchivedEvents/177568318100001.aadf2cc5/c
  artifactKey: Guid(5b19f5f5c788086159b8492bc2459862) Importer(2089858483,b0f066a214c2f5e87bad3c948f4d605d)
Start importing Assets/Main/ExperimentResults/Unity/eb1bf7b9-dc49-4d0a-9aef-5e61581cce32/Analytics/ArchivedEvents/177568318100001.aadf2cc5/c using Guid(5b19f5f5c788086159b8492bc2459862) Importer(2089858483,b0f066a214c2f5e87bad3c948f4d605d) (ScriptedImporter) -> (artifact id: 'dfd7acd11cb636f5ed2e1e9ebbe202f9') in 0.003797263 seconds
Number of updated asset objects reloaded before import = 0Number of asset objects unloaded after import = 1

========================================================================
Received Import Request.
  Time since last request: 0.000056 seconds.
  path: Assets/Main/ExperimentResults/Unity/eb1bf7b9-dc49-4d0a-9aef-5e61581cce32/Analytics/ArchivedEvents/177792107500012.56d351fc/e
  artifactKey: Guid(d411dcd9053a3993dab57463e93bb69c) Importer(2089858483,b0f066a214c2f5e87bad3c948f4d605d)
Start importing Assets/Main/ExperimentResults/Unity/eb1bf7b9-dc49-4d0a-9aef-5e61581cce32/Analytics/ArchivedEvents/177792107500012.56d351fc/e using Guid(d411dcd9053a3993dab57463e93bb69c) Importer(2089858483,b0f066a214c2f5e87bad3c948f4d605d) (ScriptedImporter) -> (artifact id: '06df54f4e2383550a4bf3485e3f31f48') in 0.004334371 seconds
Number of updated asset objects reloaded before import = 0Number of asset objects unloaded after import = 1

========================================================================
Received Import Request.
  Time since last request: 0.000072 seconds.
  path: Assets/Main/ExperimentResults/Unity/eb1bf7b9-dc49-4d0a-9aef-5e61581cce32/Analytics/ArchivedEvents/177791224800001.fe1d62de/s
  artifactKey: Guid(7ccd111196632590190afaee51928a95) Importer(2089858483,b0f066a214c2f5e87bad3c948f4d605d)
Start importing Assets/Main/ExperimentResults/Unity/eb1bf7b9-dc49-4d0a-9aef-5e61581cce32/Analytics/ArchivedEvents/177791224800001.fe1d62de/s using Guid(7ccd111196632590190afaee51928a95) Importer(2089858483,b0f066a214c2f5e87bad3c948f4d605d) (ScriptedImporter) -> (artifact id: '37dde0374e0ac4022feeab52f2603b26') in 0.003744914 seconds
Number of updated asset objects reloaded before import = 0Number of asset objects unloaded after import = 1

========================================================================
Received Import Request.
  Time since last request: 0.000021 seconds.
  path: Assets/Main/ExperimentResults/Unity/eb1bf7b9-dc49-4d0a-9aef-5e61581cce32/Analytics/ArchivedEvents/177792077600010.56d351fc/c
  artifactKey: Guid(a012dad9421f6169f9b10cc72413dc2b) Importer(2089858483,b0f066a214c2f5e87bad3c948f4d605d)
Start importing Assets/Main/ExperimentResults/Unity/eb1bf7b9-dc49-4d0a-9aef-5e61581cce32/Analytics/ArchivedEvents/177792077600010.56d351fc/c using Guid(a012dad9421f6169f9b10cc72413dc2b) Importer(2089858483,b0f066a214c2f5e87bad3c948f4d605d) (ScriptedImporter) -> (artifact id: '2f334a96107e5e896ab1a02686b30a6c') in 0.003211515 seconds
Number of updated asset objects reloaded before import = 0Number of asset objects unloaded after import = 1

========================================================================
Received Import Request.
  Time since last request: 0.000025 seconds.
  path: Assets/Main/ExperimentResults/Unity/eb1bf7b9-dc49-4d0a-9aef-5e61581cce32/Analytics/ArchivedEvents/177792181200018.56d351fc/c
  artifactKey: Guid(6683184bc63d6738dab691b5851c6e2a) Importer(2089858483,b0f066a214c2f5e87bad3c948f4d605d)
Start importing Assets/Main/ExperimentResults/Unity/eb1bf7b9-dc49-4d0a-9aef-5e61581cce32/Analytics/ArchivedEvents/177792181200018.56d351fc/c using Guid(6683184bc63d6738dab691b5851c6e2a) Importer(2089858483,b0f066a214c2f5e87bad3c948f4d605d) (ScriptedImporter) -> (artifact id: 'b3715e16ce4500284f33578546ebaf7d') in 0.003952985 seconds
Number of updated asset objects reloaded before import = 0Number of asset objects unloaded after import = 1

========================================================================
Received Import Request.
  Time since last request: 0.000044 seconds.
  path: Assets/Main/ExperimentResults/Unity/eb1bf7b9-dc49-4d0a-9aef-5e61581cce32/Analytics/ArchivedEvents/177793217600001.77f618aa/g
  artifactKey: Guid(a3e187e3a098bf91abb64398e65ceaf9) Importer(2089858483,b0f066a214c2f5e87bad3c948f4d605d)
Start importing Assets/Main/ExperimentResults/Unity/eb1bf7b9-dc49-4d0a-9aef-5e61581cce32/Analytics/ArchivedEvents/177793217600001.77f618aa/g using Guid(a3e187e3a098bf91abb64398e65ceaf9) Importer(2089858483,b0f066a214c2f5e87bad3c948f4d605d) (ScriptedImporter) -> (artifact id: '0819ad49dcc0f730165355aac796be81') in 0.004157659 seconds
Number of updated asset objects reloaded before import = 0Number of asset objects unloaded after import = 1

========================================================================
Received Import Request.
  Time since last request: 0.000027 seconds.
  path: Assets/Main/ExperimentResults/Unity/eb1bf7b9-dc49-4d0a-9aef-5e61581cce32/Analytics/ArchivedEvents/177791814500002.56d351fc/c
  artifactKey: Guid(8ea2101a05e1fbc1f999268688a1b32b) Importer(2089858483,b0f066a214c2f5e87bad3c948f4d605d)
Start importing Assets/Main/ExperimentResults/Unity/eb1bf7b9-dc49-4d0a-9aef-5e61581cce32/Analytics/ArchivedEvents/177791814500002.56d351fc/c using Guid(8ea2101a05e1fbc1f999268688a1b32b) Importer(2089858483,b0f066a214c2f5e87bad3c948f4d605d) (ScriptedImporter) -> (artifact id: '47cbf84568786d022dbf46b8c077baa6') in 0.004410383 seconds
Number of updated asset objects reloaded before import = 0Number of asset objects unloaded after import = 1

========================================================================
Received Import Request.
  Time since last request: 0.000031 seconds.
  path: Assets/Main/ExperimentResults/Unity/eb1bf7b9-dc49-4d0a-9aef-5e61581cce32/Analytics/ArchivedEvents/177792832400001.dd90318b/c
  artifactKey: Guid(32a296117ab41e03d829f88773c8ce9c) Importer(2089858483,b0f066a214c2f5e87bad3c948f4d605d)
Start importing Assets/Main/ExperimentResults/Unity/eb1bf7b9-dc49-4d0a-9aef-5e61581cce32/Analytics/ArchivedEvents/177792832400001.dd90318b/c using Guid(32a296117ab41e03d829f88773c8ce9c) Importer(2089858483,b0f066a214c2f5e87bad3c948f4d605d) (ScriptedImporter) -> (artifact id: '1ffaf2f44e6e551c1da7b249f8b1bca1') in 0.004544275 seconds
Number of updated asset objects reloaded before import = 0Number of asset objects unloaded after import = 1

========================================================================
Received Import Request.
  Time since last request: 0.000038 seconds.
  path: Assets/Main/ExperimentResults/Unity/eb1bf7b9-dc49-4d0a-9aef-5e61581cce32/Analytics/ArchivedEvents/177792296300001.b9e46d99/e
  artifactKey: Guid(f6408d592800a956980fde1725653a31) Importer(2089858483,b0f066a214c2f5e87bad3c948f4d605d)
Start importing Assets/Main/ExperimentResults/Unity/eb1bf7b9-dc49-4d0a-9aef-5e61581cce32/Analytics/ArchivedEvents/177792296300001.b9e46d99/e using Guid(f6408d592800a956980fde1725653a31) Importer(2089858483,b0f066a214c2f5e87bad3c948f4d605d) (ScriptedImporter) -> (artifact id: 'b1e42b54989d7fed5117b5bbcef6647c') in 0.005007062 seconds
Number of updated asset objects reloaded before import = 0Number of asset objects unloaded after import = 1

========================================================================
Received Import Request.
  Time since last request: 0.000059 seconds.
  path: Assets/Main/ExperimentResults/Unity/eb1bf7b9-dc49-4d0a-9aef-5e61581cce32/Analytics/ArchivedEvents/177792149600016.56d351fc/e
  artifactKey: Guid(974d43ff10ca9badd896ecd92cedafc6) Importer(2089858483,b0f066a214c2f5e87bad3c948f4d605d)
Start importing Assets/Main/ExperimentResults/Unity/eb1bf7b9-dc49-4d0a-9aef-5e61581cce32/Analytics/ArchivedEvents/177792149600016.56d351fc/e using Guid(974d43ff10ca9badd896ecd92cedafc6) Importer(2089858483,b0f066a214c2f5e87bad3c948f4d605d) (ScriptedImporter) -> (artifact id: 'ff58e87905c0ff7afc396c6491920830') in 0.005244938 seconds
Number of updated asset objects reloaded before import = 0Number of asset objects unloaded after import = 1

========================================================================
Received Import Request.
  Time since last request: 0.000025 seconds.
  path: Assets/Main/ExperimentResults/Unity/eb1bf7b9-dc49-4d0a-9aef-5e61581cce32/Analytics/ArchivedEvents/177791347400002.01d234e6/s
  artifactKey: Guid(c0ad911b6e75e6005893d361ae5595a5) Importer(2089858483,b0f066a214c2f5e87bad3c948f4d605d)
Start importing Assets/Main/ExperimentResults/Unity/eb1bf7b9-dc49-4d0a-9aef-5e61581cce32/Analytics/ArchivedEvents/177791347400002.01d234e6/s using Guid(c0ad911b6e75e6005893d361ae5595a5) Importer(2089858483,b0f066a214c2f5e87bad3c948f4d605d) (ScriptedImporter) -> (artifact id: 'b148eaf0d82aa2014fc3f3ac29d32ed0') in 0.005521077 seconds
Number of updated asset objects reloaded before import = 0Number of asset objects unloaded after import = 1

========================================================================
Received Import Request.
  Time since last request: 0.000040 seconds.
  path: Assets/Main/ExperimentResults/Unity/eb1bf7b9-dc49-4d0a-9aef-5e61581cce32/Insights/fa01724b07db351a6b61e2816a2068ff.bin
  artifactKey: Guid(72e88dd81e35af1f5af9c0675605b6ab) Importer(2089858483,b0f066a214c2f5e87bad3c948f4d605d)
Start importing Assets/Main/ExperimentResults/Unity/eb1bf7b9-dc49-4d0a-9aef-5e61581cce32/Insights/fa01724b07db351a6b61e2816a2068ff.bin using Guid(72e88dd81e35af1f5af9c0675605b6ab) Importer(2089858483,b0f066a214c2f5e87bad3c948f4d605d) (ScriptedImporter) -> (artifact id: 'e0dbdf94660eebdef1a21dc56ac8c097') in 0.00443569 seconds
Number of updated asset objects reloaded before import = 0Number of asset objects unloaded after import = 1

========================================================================
Received Import Request.
  Time since last request: 0.000038 seconds.
  path: Assets/Main/ExperimentResults/Unity/eb1bf7b9-dc49-4d0a-9aef-5e61581cce32/Analytics/ArchivedEvents/177791271800003.fe1d62de/c
  artifactKey: Guid(0dd00d71ca43c5502a776d80e8faf602) Importer(2089858483,b0f066a214c2f5e87bad3c948f4d605d)
Start importing Assets/Main/ExperimentResults/Unity/eb1bf7b9-dc49-4d0a-9aef-5e61581cce32/Analytics/ArchivedEvents/177791271800003.fe1d62de/c using Guid(0dd00d71ca43c5502a776d80e8faf602) Importer(2089858483,b0f066a214c2f5e87bad3c948f4d605d) (ScriptedImporter) -> (artifact id: 'ca35915abb2409d6eb1ab48a4b58fd4e') in 0.007583906 seconds
Number of updated asset objects reloaded before import = 0Number of asset objects unloaded after import = 1

========================================================================
Received Import Request.
  Time since last request: 0.000033 seconds.
  path: Assets/Main/ExperimentResults/Unity/eb1bf7b9-dc49-4d0a-9aef-5e61581cce32/Analytics/ArchivedEvents/177792264900024.56d351fc/g
  artifactKey: Guid(8fe737364f160357cb3b46a1eaa02f0a) Importer(2089858483,b0f066a214c2f5e87bad3c948f4d605d)
Start importing Assets/Main/ExperimentResults/Unity/eb1bf7b9-dc49-4d0a-9aef-5e61581cce32/Analytics/ArchivedEvents/177792264900024.56d351fc/g using Guid(8fe737364f160357cb3b46a1eaa02f0a) Importer(2089858483,b0f066a214c2f5e87bad3c948f4d605d) (ScriptedImporter) -> (artifact id: '2d42bdfe2901d812b0e48cec8efc96a7') in 0.003672388 seconds
Number of updated asset objects reloaded before import = 0Number of asset objects unloaded after import = 1

========================================================================
Received Import Request.
  Time since last request: 0.000058 seconds.
  path: Assets/Main/ExperimentResults/Unity/eb1bf7b9-dc49-4d0a-9aef-5e61581cce32/Analytics/ArchivedEvents/177791156900002.5fdab35e/g
  artifactKey: Guid(7a2ab6b7b9d3d7dfb842ca42ce073c26) Importer(2089858483,b0f066a214c2f5e87bad3c948f4d605d)
Start importing Assets/Main/ExperimentResults/Unity/eb1bf7b9-dc49-4d0a-9aef-5e61581cce32/Analytics/ArchivedEvents/177791156900002.5fdab35e/g using Guid(7a2ab6b7b9d3d7dfb842ca42ce073c26) Importer(2089858483,b0f066a214c2f5e87bad3c948f4d605d) (ScriptedImporter) -> (artifact id: '7d4204fe04bfaba9771db1e785cb7eed') in 0.003727231 seconds
Number of updated asset objects reloaded before import = 0Number of asset objects unloaded after import = 1

========================================================================
Received Import Request.
  Time since last request: 0.000030 seconds.
  path: Assets/Main/ExperimentResults/Unity/eb1bf7b9-dc49-4d0a-9aef-5e61581cce32/Analytics/ArchivedEvents/177791784600000.56d351fc/g
  artifactKey: Guid(031c0fe7e37268be9a9f2ff65223bd33) Importer(2089858483,b0f066a214c2f5e87bad3c948f4d605d)
Start importing Assets/Main/ExperimentResults/Unity/eb1bf7b9-dc49-4d0a-9aef-5e61581cce32/Analytics/ArchivedEvents/177791784600000.56d351fc/g using Guid(031c0fe7e37268be9a9f2ff65223bd33) Importer(2089858483,b0f066a214c2f5e87bad3c948f4d605d) (ScriptedImporter) -> (artifact id: 'd8a9482d641ed3f3ffdee15e9e40f704') in 0.004369547 seconds
Number of updated asset objects reloaded before import = 0Number of asset objects unloaded after import = 1

========================================================================
Received Import Request.
  Time since last request: 0.000033 seconds.
  path: Assets/Main/ExperimentResults/Unity/eb1bf7b9-dc49-4d0a-9aef-5e61581cce32/Analytics/ArchivedEvents/177628808900000.c898dc68/c
  artifactKey: Guid(4e26dc7b02f0f411ca27889b54603e4e) Importer(2089858483,b0f066a214c2f5e87bad3c948f4d605d)
Start importing Assets/Main/ExperimentResults/Unity/eb1bf7b9-dc49-4d0a-9aef-5e61581cce32/Analytics/ArchivedEvents/177628808900000.c898dc68/c using Guid(4e26dc7b02f0f411ca27889b54603e4e) Importer(2089858483,b0f066a214c2f5e87bad3c948f4d605d) (ScriptedImporter) -> (artifact id: '85eaa71efcc91e90b458c3ea01adc61d') in 0.004653679 seconds
Number of updated asset objects reloaded before import = 0Number of asset objects unloaded after import = 1

========================================================================
Received Import Request.
  Time since last request: 0.000031 seconds.
  path: Assets/Main/ExperimentResults/Unity/eb1bf7b9-dc49-4d0a-9aef-5e61581cce32/Analytics/ArchivedEvents/177791347400002.01d234e6/e
  artifactKey: Guid(e1c49c52104127b6b87c14603db25c27) Importer(2089858483,b0f066a214c2f5e87bad3c948f4d605d)
Start importing Assets/Main/ExperimentResults/Unity/eb1bf7b9-dc49-4d0a-9aef-5e61581cce32/Analytics/ArchivedEvents/177791347400002.01d234e6/e using Guid(e1c49c52104127b6b87c14603db25c27) Importer(2089858483,b0f066a214c2f5e87bad3c948f4d605d) (ScriptedImporter) -> (artifact id: 'd0e6952b315d8f19ea911782ae288d04') in 0.00406231 seconds
Number of updated asset objects reloaded before import = 0Number of asset objects unloaded after import = 1

========================================================================
Received Import Request.
  Time since last request: 0.000047 seconds.
  path: Assets/Main/ExperimentResults/Unity/eb1bf7b9-dc49-4d0a-9aef-5e61581cce32/Insights/3ec4d43ecb69c698bb0bab64f79e61e7.bin
  artifactKey: Guid(fdbb24e867628dc78806b652c545e9ee) Importer(2089858483,b0f066a214c2f5e87bad3c948f4d605d)
Start importing Assets/Main/ExperimentResults/Unity/eb1bf7b9-dc49-4d0a-9aef-5e61581cce32/Insights/3ec4d43ecb69c698bb0bab64f79e61e7.bin using Guid(fdbb24e867628dc78806b652c545e9ee) Importer(2089858483,b0f066a214c2f5e87bad3c948f4d605d) (ScriptedImporter) -> (artifact id: 'c92a6834a7e4d63c42c3362aa7397bc3') in 0.004436822 seconds
Number of updated asset objects reloaded before import = 0Number of asset objects unloaded after import = 1

========================================================================
Received Import Request.
  Time since last request: 0.000026 seconds.
  path: Assets/Main/ExperimentResults/Unity/eb1bf7b9-dc49-4d0a-9aef-5e61581cce32/Analytics/ArchivedEvents/177792296300001.b9e46d99/s
  artifactKey: Guid(a81a7fcc7105bbd0391ca5c7f2d2d32c) Importer(2089858483,b0f066a214c2f5e87bad3c948f4d605d)
Start importing Assets/Main/ExperimentResults/Unity/eb1bf7b9-dc49-4d0a-9aef-5e61581cce32/Analytics/ArchivedEvents/177792296300001.b9e46d99/s using Guid(a81a7fcc7105bbd0391ca5c7f2d2d32c) Importer(2089858483,b0f066a214c2f5e87bad3c948f4d605d) (ScriptedImporter) -> (artifact id: '3ccab3bfda23d5211c14213c035f3d9b') in 0.004969593 seconds
Number of updated asset objects reloaded before import = 0Number of asset objects unloaded after import = 1

========================================================================
Received Import Request.
  Time since last request: 0.000068 seconds.
  path: Assets/Main/ExperimentResults/Unity/eb1bf7b9-dc49-4d0a-9aef-5e61581cce32/Analytics/ArchivedEvents/177792264900023.56d351fc/g
  artifactKey: Guid(7f72138c599ba65868946c5e05c0e8ba) Importer(2089858483,b0f066a214c2f5e87bad3c948f4d605d)
Start importing Assets/Main/ExperimentResults/Unity/eb1bf7b9-dc49-4d0a-9aef-5e61581cce32/Analytics/ArchivedEvents/177792264900023.56d351fc/g using Guid(7f72138c599ba65868946c5e05c0e8ba) Importer(2089858483,b0f066a214c2f5e87bad3c948f4d605d) (ScriptedImporter) -> (artifact id: 'bae6296d71909097004a5ed5e9aa7fcb') in 0.005247444 seconds
Number of updated asset objects reloaded before import = 0Number of asset objects unloaded after import = 1

========================================================================
Received Import Request.
  Time since last request: 0.000043 seconds.
  path: Assets/Main/ExperimentResults/Unity/eb1bf7b9-dc49-4d0a-9aef-5e61581cce32/Analytics/ArchivedEvents/177793032800002.bbb9beae/g
  artifactKey: Guid(ec381aca4530084a182c41aed650825a) Importer(2089858483,b0f066a214c2f5e87bad3c948f4d605d)
Start importing Assets/Main/ExperimentResults/Unity/eb1bf7b9-dc49-4d0a-9aef-5e61581cce32/Analytics/ArchivedEvents/177793032800002.bbb9beae/g using Guid(ec381aca4530084a182c41aed650825a) Importer(2089858483,b0f066a214c2f5e87bad3c948f4d605d) (ScriptedImporter) -> (artifact id: '5eb240c65ed2691e2b5407d1bf61c69d') in 0.004790777 seconds
Number of updated asset objects reloaded before import = 0Number of asset objects unloaded after import = 1

========================================================================
Received Import Request.
  Time since last request: 0.000033 seconds.
  path: Assets/Main/ExperimentResults/Unity/eb1bf7b9-dc49-4d0a-9aef-5e61581cce32/Analytics/ArchivedEvents/177792143500014.56d351fc/c
  artifactKey: Guid(40847f9db315a60c69ff5261018b756a) Importer(2089858483,b0f066a214c2f5e87bad3c948f4d605d)
Start importing Assets/Main/ExperimentResults/Unity/eb1bf7b9-dc49-4d0a-9aef-5e61581cce32/Analytics/ArchivedEvents/177792143500014.56d351fc/c using Guid(40847f9db315a60c69ff5261018b756a) Importer(2089858483,b0f066a214c2f5e87bad3c948f4d605d) (ScriptedImporter) -> (artifact id: 'db00deb36aa841b04c01cd948c623319') in 0.004031703 seconds
Number of updated asset objects reloaded before import = 0Number of asset objects unloaded after import = 1

========================================================================
Received Import Request.
  Time since last request: 0.000043 seconds.
  path: Assets/Main/ExperimentResults/Unity/eb1bf7b9-dc49-4d0a-9aef-5e61581cce32/Analytics/ArchivedEvents/177791216500003.a9962222/e
  artifactKey: Guid(70d513019b9c8690e8a810913a46d672) Importer(2089858483,b0f066a214c2f5e87bad3c948f4d605d)
Start importing Assets/Main/ExperimentResults/Unity/eb1bf7b9-dc49-4d0a-9aef-5e61581cce32/Analytics/ArchivedEvents/177791216500003.a9962222/e using Guid(70d513019b9c8690e8a810913a46d672) Importer(2089858483,b0f066a214c2f5e87bad3c948f4d605d) (ScriptedImporter) -> (artifact id: '4e5c4089f170c084a32730da749b19e4') in 0.004672215 seconds
Number of updated asset objects reloaded before import = 0Number of asset objects unloaded after import = 1

========================================================================
Received Import Request.
  Time since last request: 0.000028 seconds.
  path: Assets/Main/ExperimentResults/Unity/eb1bf7b9-dc49-4d0a-9aef-5e61581cce32/Analytics/ArchivedEvents/177792181200017.56d351fc
  artifactKey: Guid(82d416fd03d367d6b8effa5de6584a95) Importer(2089858483,b0f066a214c2f5e87bad3c948f4d605d)
Start importing Assets/Main/ExperimentResults/Unity/eb1bf7b9-dc49-4d0a-9aef-5e61581cce32/Analytics/ArchivedEvents/177792181200017.56d351fc using Guid(82d416fd03d367d6b8effa5de6584a95) Importer(2089858483,b0f066a214c2f5e87bad3c948f4d605d) (ScriptedImporter) -> (artifact id: '88655426a34b3e8908704f3ebdd57eb3') in 0.005328005 seconds
Number of updated asset objects reloaded before import = 0Number of asset objects unloaded after import = 1

========================================================================
Received Import Request.
  Time since last request: 0.000031 seconds.
  path: Assets/Main/ExperimentResults/Unity/eb1bf7b9-dc49-4d0a-9aef-5e61581cce32/Analytics/ArchivedEvents/177792560800006.1a133485/s
  artifactKey: Guid(b42b2ece67f6edfa28e76584a83f9c2b) Importer(2089858483,b0f066a214c2f5e87bad3c948f4d605d)
Start importing Assets/Main/ExperimentResults/Unity/eb1bf7b9-dc49-4d0a-9aef-5e61581cce32/Analytics/ArchivedEvents/177792560800006.1a133485/s using Guid(b42b2ece67f6edfa28e76584a83f9c2b) Importer(2089858483,b0f066a214c2f5e87bad3c948f4d605d) (ScriptedImporter) -> (artifact id: 'fdf31bfc92c8d2f9de6caf7eb18ec5f4') in 0.004626799 seconds
Number of updated asset objects reloaded before import = 0Number of asset objects unloaded after import = 1

========================================================================
Received Import Request.
  Time since last request: 0.000057 seconds.
  path: Assets/Main/ExperimentResults/Unity/eb1bf7b9-dc49-4d0a-9aef-5e61581cce32/Analytics/ArchivedEvents/177792113600013.56d351fc
  artifactKey: Guid(9078de7da967f5a4da7258bbc371edc6) Importer(2089858483,b0f066a214c2f5e87bad3c948f4d605d)
Start importing Assets/Main/ExperimentResults/Unity/eb1bf7b9-dc49-4d0a-9aef-5e61581cce32/Analytics/ArchivedEvents/177792113600013.56d351fc using Guid(9078de7da967f5a4da7258bbc371edc6) Importer(2089858483,b0f066a214c2f5e87bad3c948f4d605d) (ScriptedImporter) -> (artifact id: 'c18297f950a6dc77f0a6f043bc6281a9') in 0.004358326 seconds
Number of updated asset objects reloaded before import = 0Number of asset objects unloaded after import = 1

========================================================================
Received Import Request.
  Time since last request: 0.000027 seconds.
  path: Assets/Main/ExperimentResults/Unity/eb1bf7b9-dc49-4d0a-9aef-5e61581cce32/Analytics/ArchivedEvents/177792071500009.56d351fc/g
  artifactKey: Guid(d43ae68826636b2efa8b01b93d904054) Importer(2089858483,b0f066a214c2f5e87bad3c948f4d605d)
Start importing Assets/Main/ExperimentResults/Unity/eb1bf7b9-dc49-4d0a-9aef-5e61581cce32/Analytics/ArchivedEvents/177792071500009.56d351fc/g using Guid(d43ae68826636b2efa8b01b93d904054) Importer(2089858483,b0f066a214c2f5e87bad3c948f4d605d) (ScriptedImporter) -> (artifact id: '300fa505ae5d57eaad43c0101549fd9f') in 0.004721136 seconds
Number of updated asset objects reloaded before import = 0Number of asset objects unloaded after import = 1

========================================================================
Received Import Request.
  Time since last request: 0.000037 seconds.
  path: Assets/Main/ExperimentResults/Unity/eb1bf7b9-dc49-4d0a-9aef-5e61581cce32/Analytics/ArchivedEvents/177793235100003.77f618aa/e
  artifactKey: Guid(4f29f7444e110b39d9678717b365588a) Importer(2089858483,b0f066a214c2f5e87bad3c948f4d605d)
Start importing Assets/Main/ExperimentResults/Unity/eb1bf7b9-dc49-4d0a-9aef-5e61581cce32/Analytics/ArchivedEvents/177793235100003.77f618aa/e using Guid(4f29f7444e110b39d9678717b365588a) Importer(2089858483,b0f066a214c2f5e87bad3c948f4d605d) (ScriptedImporter) -> (artifact id: '8f03fb0216084d9a3dbadd4f195ba134') in 0.004659751 seconds
Number of updated asset objects reloaded before import = 0Number of asset objects unloaded after import = 1

========================================================================
Received Import Request.
  Time since last request: 0.000028 seconds.
  path: Assets/Main/ExperimentResults/Unity/eb1bf7b9-dc49-4d0a-9aef-5e61581cce32/Analytics/ArchivedEvents/177628702600001.b351668c/s
  artifactKey: Guid(4b7a7ca558dffa1579ad03ed48798dd7) Importer(2089858483,b0f066a214c2f5e87bad3c948f4d605d)
Start importing Assets/Main/ExperimentResults/Unity/eb1bf7b9-dc49-4d0a-9aef-5e61581cce32/Analytics/ArchivedEvents/177628702600001.b351668c/s using Guid(4b7a7ca558dffa1579ad03ed48798dd7) Importer(2089858483,b0f066a214c2f5e87bad3c948f4d605d) (ScriptedImporter) -> (artifact id: '2cf74b49893199b861ebb77d43974327') in 0.004033225 seconds
Number of updated asset objects reloaded before import = 0Number of asset objects unloaded after import = 1

========================================================================
Received Import Request.
  Time since last request: 0.000035 seconds.
  path: Assets/Main/ExperimentResults/Unity/eb1bf7b9-dc49-4d0a-9aef-5e61581cce32/Insights/ArchivedEvents/Session/session_end_event
  artifactKey: Guid(e5bba8ff3b76a5800b4fb3f571668e13) Importer(2089858483,b0f066a214c2f5e87bad3c948f4d605d)
Start importing Assets/Main/ExperimentResults/Unity/eb1bf7b9-dc49-4d0a-9aef-5e61581cce32/Insights/ArchivedEvents/Session/session_end_event using Guid(e5bba8ff3b76a5800b4fb3f571668e13) Importer(2089858483,b0f066a214c2f5e87bad3c948f4d605d) (ScriptedImporter) -> (artifact id: '92a66921799664acc168120598fdee2c') in 0.004494371 seconds
Number of updated asset objects reloaded before import = 0Number of asset objects unloaded after import = 1

========================================================================
Received Import Request.
  Time since last request: 0.000048 seconds.
  path: Assets/Main/ExperimentResults/Unity/eb1bf7b9-dc49-4d0a-9aef-5e61581cce32/Analytics/ArchivedEvents/177791158500000.a9962222/e
  artifactKey: Guid(6560aec68c4918f2c8265c62211220cf) Importer(2089858483,b0f066a214c2f5e87bad3c948f4d605d)
Start importing Assets/Main/ExperimentResults/Unity/eb1bf7b9-dc49-4d0a-9aef-5e61581cce32/Analytics/ArchivedEvents/177791158500000.a9962222/e using Guid(6560aec68c4918f2c8265c62211220cf) Importer(2089858483,b0f066a214c2f5e87bad3c948f4d605d) (ScriptedImporter) -> (artifact id: '5e9091194e77a8090e190e2f406312a8') in 0.006097909 seconds
Number of updated asset objects reloaded before import = 0Number of asset objects unloaded after import = 1

========================================================================
Received Import Request.
  Time since last request: 0.000048 seconds.
  path: Assets/Main/ExperimentResults/Unity/eb1bf7b9-dc49-4d0a-9aef-5e61581cce32/Analytics/ArchivedEvents/177791867800003.56d351fc
  artifactKey: Guid(8f5f5d895a5387cc5a1718664262b3b5) Importer(2089858483,b0f066a214c2f5e87bad3c948f4d605d)
Start importing Assets/Main/ExperimentResults/Unity/eb1bf7b9-dc49-4d0a-9aef-5e61581cce32/Analytics/ArchivedEvents/177791867800003.56d351fc using Guid(8f5f5d895a5387cc5a1718664262b3b5) Importer(2089858483,b0f066a214c2f5e87bad3c948f4d605d) (ScriptedImporter) -> (artifact id: 'ea35e69d34c11742323edc9bedae4e75') in 0.004458183 seconds
Number of updated asset objects reloaded before import = 0Number of asset objects unloaded after import = 1

========================================================================
Received Import Request.
  Time since last request: 0.000027 seconds.
  path: Assets/Main/ExperimentResults/Unity/eb1bf7b9-dc49-4d0a-9aef-5e61581cce32/Analytics/ArchivedEvents/177791546300000.5f3d3d08/c
  artifactKey: Guid(6d0b6f9ebe8a5f719a3e69231debcbd2) Importer(2089858483,b0f066a214c2f5e87bad3c948f4d605d)
Start importing Assets/Main/ExperimentResults/Unity/eb1bf7b9-dc49-4d0a-9aef-5e61581cce32/Analytics/ArchivedEvents/177791546300000.5f3d3d08/c using Guid(6d0b6f9ebe8a5f719a3e69231debcbd2) Importer(2089858483,b0f066a214c2f5e87bad3c948f4d605d) (ScriptedImporter) -> (artifact id: '77010072b09c65dceddc82286f511d39') in 0.0042273 seconds
Number of updated asset objects reloaded before import = 0Number of asset objects unloaded after import = 1

========================================================================
Received Import Request.
  Time since last request: 0.000022 seconds.
  path: Assets/Main/ExperimentResults/Unity/eb1bf7b9-dc49-4d0a-9aef-5e61581cce32/Analytics/ArchivedEvents/177792113600013.56d351fc/s
  artifactKey: Guid(94db14aff48f59cafb10e002f1928786) Importer(2089858483,b0f066a214c2f5e87bad3c948f4d605d)
Start importing Assets/Main/ExperimentResults/Unity/eb1bf7b9-dc49-4d0a-9aef-5e61581cce32/Analytics/ArchivedEvents/177792113600013.56d351fc/s using Guid(94db14aff48f59cafb10e002f1928786) Importer(2089858483,b0f066a214c2f5e87bad3c948f4d605d) (ScriptedImporter) -> (artifact id: 'bf8dac91397bc7d3f835e01c6322a0aa') in 0.00413118 seconds
Number of updated asset objects reloaded before import = 0Number of asset objects unloaded after import = 1

========================================================================
Received Import Request.
  Time since last request: 0.000029 seconds.
  path: Assets/Main/ExperimentResults/Unity/eb1bf7b9-dc49-4d0a-9aef-5e61581cce32/Analytics/ArchivedEvents/177791254800002.fe1d62de/c
  artifactKey: Guid(30d36f21746ea6186acaad54daf988a5) Importer(2089858483,b0f066a214c2f5e87bad3c948f4d605d)
Start importing Assets/Main/ExperimentResults/Unity/eb1bf7b9-dc49-4d0a-9aef-5e61581cce32/Analytics/ArchivedEvents/177791254800002.fe1d62de/c using Guid(30d36f21746ea6186acaad54daf988a5) Importer(2089858483,b0f066a214c2f5e87bad3c948f4d605d) (ScriptedImporter) -> (artifact id: '2816a594556e122184a6511840491624') in 0.006138816 seconds
Number of updated asset objects reloaded before import = 0Number of asset objects unloaded after import = 1

========================================================================
Received Import Request.
  Time since last request: 0.000066 seconds.
  path: Assets/Main/ExperimentResults/Unity/eb1bf7b9-dc49-4d0a-9aef-5e61581cce32/Analytics/ArchivedEvents/177791158500000.a9962222/c
  artifactKey: Guid(5ee7b0084b7159bea8eed36ec1abdc7b) Importer(2089858483,b0f066a214c2f5e87bad3c948f4d605d)
Start importing Assets/Main/ExperimentResults/Unity/eb1bf7b9-dc49-4d0a-9aef-5e61581cce32/Analytics/ArchivedEvents/177791158500000.a9962222/c using Guid(5ee7b0084b7159bea8eed36ec1abdc7b) Importer(2089858483,b0f066a214c2f5e87bad3c948f4d605d) (ScriptedImporter) -> (artifact id: 'edc858b3dd6f4cd646022ed59f871220') in 0.006735204 seconds
Number of updated asset objects reloaded before import = 0Number of asset objects unloaded after import = 1

========================================================================
Received Import Request.
  Time since last request: 0.000039 seconds.
  path: Assets/Main/ExperimentResults/Unity/eb1bf7b9-dc49-4d0a-9aef-5e61581cce32/Analytics/ArchivedEvents/177792264900024.56d351fc
  artifactKey: Guid(f8aecb0d789dc935aba9c78cfe360233) Importer(2089858483,b0f066a214c2f5e87bad3c948f4d605d)
Start importing Assets/Main/ExperimentResults/Unity/eb1bf7b9-dc49-4d0a-9aef-5e61581cce32/Analytics/ArchivedEvents/177792264900024.56d351fc using Guid(f8aecb0d789dc935aba9c78cfe360233) Importer(2089858483,b0f066a214c2f5e87bad3c948f4d605d) (ScriptedImporter) -> (artifact id: 'b8d2b53b7847f5bbf7350ba98f973d69') in 0.004569972 seconds
Number of updated asset objects reloaded before import = 0Number of asset objects unloaded after import = 1

========================================================================
Received Import Request.
  Time since last request: 0.000065 seconds.
  path: Assets/Main/ExperimentResults/Unity/eb1bf7b9-dc49-4d0a-9aef-5e61581cce32/Analytics/ArchivedEvents/177628702600000.b351668c/c
  artifactKey: Guid(b1daa071b507db2aba575753b6b5c1a9) Importer(2089858483,b0f066a214c2f5e87bad3c948f4d605d)
Start importing Assets/Main/ExperimentResults/Unity/eb1bf7b9-dc49-4d0a-9aef-5e61581cce32/Analytics/ArchivedEvents/177628702600000.b351668c/c using Guid(b1daa071b507db2aba575753b6b5c1a9) Importer(2089858483,b0f066a214c2f5e87bad3c948f4d605d) (ScriptedImporter) -> (artifact id: '810e6ca937e59711f788981d9f3259c7') in 0.006385779 seconds
Number of updated asset objects reloaded before import = 0Number of asset objects unloaded after import = 1

========================================================================
Received Import Request.
  Time since last request: 0.000043 seconds.
  path: Assets/Main/ExperimentResults/Unity/eb1bf7b9-dc49-4d0a-9aef-5e61581cce32/Analytics/ArchivedEvents/177791502100000.495d2e04
  artifactKey: Guid(71d2fe52b2f9c4756957248a1b394283) Importer(2089858483,b0f066a214c2f5e87bad3c948f4d605d)
Start importing Assets/Main/ExperimentResults/Unity/eb1bf7b9-dc49-4d0a-9aef-5e61581cce32/Analytics/ArchivedEvents/177791502100000.495d2e04 using Guid(71d2fe52b2f9c4756957248a1b394283) Importer(2089858483,b0f066a214c2f5e87bad3c948f4d605d) (ScriptedImporter) -> (artifact id: '87ebe66fb227639de8c5d09b9c422105') in 0.00570961 seconds
Number of updated asset objects reloaded before import = 0Number of asset objects unloaded after import = 1

========================================================================
Received Import Request.
  Time since last request: 0.000029 seconds.
  path: Assets/Main/ExperimentResults/Unity/eb1bf7b9-dc49-4d0a-9aef-5e61581cce32/Analytics/ArchivedEvents/177792832400001.dd90318b/e
  artifactKey: Guid(b1f9c819ef24a0ba8a0b31fa9cc13320) Importer(2089858483,b0f066a214c2f5e87bad3c948f4d605d)
Start importing Assets/Main/ExperimentResults/Unity/eb1bf7b9-dc49-4d0a-9aef-5e61581cce32/Analytics/ArchivedEvents/177792832400001.dd90318b/e using Guid(b1f9c819ef24a0ba8a0b31fa9cc13320) Importer(2089858483,b0f066a214c2f5e87bad3c948f4d605d) (ScriptedImporter) -> (artifact id: '899d34916ec06274f821713c22168050') in 0.009093618 seconds
Number of updated asset objects reloaded before import = 0Number of asset objects unloaded after import = 1

========================================================================
Received Import Request.
  Time since last request: 0.000039 seconds.
  path: Assets/Main/ExperimentResults/Unity/eb1bf7b9-dc49-4d0a-9aef-5e61581cce32/Analytics/ArchivedEvents/177628938200001.36c46b16
  artifactKey: Guid(c3b89b0d5f5804a5eb9f240ee0c6ef03) Importer(2089858483,b0f066a214c2f5e87bad3c948f4d605d)
Start importing Assets/Main/ExperimentResults/Unity/eb1bf7b9-dc49-4d0a-9aef-5e61581cce32/Analytics/ArchivedEvents/177628938200001.36c46b16 using Guid(c3b89b0d5f5804a5eb9f240ee0c6ef03) Importer(2089858483,b0f066a214c2f5e87bad3c948f4d605d) (ScriptedImporter) -> (artifact id: 'e87ddc1bb52a47c5fa33c64275ab6e40') in 0.006888492 seconds
Number of updated asset objects reloaded before import = 0Number of asset objects unloaded after import = 1

========================================================================
Received Import Request.
  Time since last request: 0.000076 seconds.
  path: Assets/Main/ExperimentResults/Unity/eb1bf7b9-dc49-4d0a-9aef-5e61581cce32/Analytics/ArchivedEvents/177792071500008.56d351fc/c
  artifactKey: Guid(c5b2edf03fc28b1cfbb03c7c9962ed8e) Importer(2089858483,b0f066a214c2f5e87bad3c948f4d605d)
Start importing Assets/Main/ExperimentResults/Unity/eb1bf7b9-dc49-4d0a-9aef-5e61581cce32/Analytics/ArchivedEvents/177792071500008.56d351fc/c using Guid(c5b2edf03fc28b1cfbb03c7c9962ed8e) Importer(2089858483,b0f066a214c2f5e87bad3c948f4d605d) (ScriptedImporter) -> (artifact id: 'e129144803f6422d5150fbf5aca45b00') in 0.005873207 seconds
Number of updated asset objects reloaded before import = 0Number of asset objects unloaded after import = 1

========================================================================
Received Import Request.
  Time since last request: 0.000066 seconds.
  path: Assets/Main/ExperimentResults/Unity/eb1bf7b9-dc49-4d0a-9aef-5e61581cce32/Analytics/ArchivedEvents/177791216500003.a9962222/c
  artifactKey: Guid(36b2216ce66a37481a330e112bf2f274) Importer(2089858483,b0f066a214c2f5e87bad3c948f4d605d)
Start importing Assets/Main/ExperimentResults/Unity/eb1bf7b9-dc49-4d0a-9aef-5e61581cce32/Analytics/ArchivedEvents/177791216500003.a9962222/c using Guid(36b2216ce66a37481a330e112bf2f274) Importer(2089858483,b0f066a214c2f5e87bad3c948f4d605d) (ScriptedImporter) -> (artifact id: '10e1f0e33b757539ca00aa2948f25efb') in 0.007102223 seconds
Number of updated asset objects reloaded before import = 0Number of asset objects unloaded after import = 1

========================================================================
Received Import Request.
  Time since last request: 0.000040 seconds.
  path: Assets/Main/ExperimentResults/Unity/eb1bf7b9-dc49-4d0a-9aef-5e61581cce32/Analytics/ArchivedEvents/177793019000001.bbb9beae/c
  artifactKey: Guid(5c4bf6c8a2db33b0982f12f88db6b3e5) Importer(2089858483,b0f066a214c2f5e87bad3c948f4d605d)
Start importing Assets/Main/ExperimentResults/Unity/eb1bf7b9-dc49-4d0a-9aef-5e61581cce32/Analytics/ArchivedEvents/177793019000001.bbb9beae/c using Guid(5c4bf6c8a2db33b0982f12f88db6b3e5) Importer(2089858483,b0f066a214c2f5e87bad3c948f4d605d) (ScriptedImporter) -> (artifact id: 'ec79cbcb521a345e72b7a6a52faa260c') in 0.00771371 seconds
Number of updated asset objects reloaded before import = 0Number of asset objects unloaded after import = 1

========================================================================
Received Import Request.
  Time since last request: 0.000057 seconds.
  path: Assets/Main/ExperimentResults/Unity/eb1bf7b9-dc49-4d0a-9aef-5e61581cce32/Analytics/ArchivedEvents/177792223100021.56d351fc/g
  artifactKey: Guid(6e8dffd2caa220895b53a3b35444b2cb) Importer(2089858483,b0f066a214c2f5e87bad3c948f4d605d)
Start importing Assets/Main/ExperimentResults/Unity/eb1bf7b9-dc49-4d0a-9aef-5e61581cce32/Analytics/ArchivedEvents/177792223100021.56d351fc/g using Guid(6e8dffd2caa220895b53a3b35444b2cb) Importer(2089858483,b0f066a214c2f5e87bad3c948f4d605d) (ScriptedImporter) -> (artifact id: '1074d3f635a25daa03c66cc63de4bca8') in 0.005798727 seconds
Number of updated asset objects reloaded before import = 0Number of asset objects unloaded after import = 1

========================================================================
Received Import Request.
  Time since last request: 0.000072 seconds.
  path: Assets/Main/ExperimentResults/Unity/eb1bf7b9-dc49-4d0a-9aef-5e61581cce32/Analytics/ArchivedEvents/177568326900002.aadf2cc5
  artifactKey: Guid(f19593df0f3787d23a2e834013d944e3) Importer(2089858483,b0f066a214c2f5e87bad3c948f4d605d)
Start importing Assets/Main/ExperimentResults/Unity/eb1bf7b9-dc49-4d0a-9aef-5e61581cce32/Analytics/ArchivedEvents/177568326900002.aadf2cc5 using Guid(f19593df0f3787d23a2e834013d944e3) Importer(2089858483,b0f066a214c2f5e87bad3c948f4d605d) (ScriptedImporter) -> (artifact id: 'cfb63f1ad0ec2e5a9de513d395d1c6a6') in 0.008062253 seconds
Number of updated asset objects reloaded before import = 0Number of asset objects unloaded after import = 1

========================================================================
Received Import Request.
  Time since last request: 0.000068 seconds.
  path: Assets/Main/ExperimentResults/Unity/eb1bf7b9-dc49-4d0a-9aef-5e61581cce32/Analytics/ArchivedEvents/177628938200001.36c46b16/g
  artifactKey: Guid(141953be595a8903ca5ddc43b172f5cf) Importer(2089858483,b0f066a214c2f5e87bad3c948f4d605d)
Start importing Assets/Main/ExperimentResults/Unity/eb1bf7b9-dc49-4d0a-9aef-5e61581cce32/Analytics/ArchivedEvents/177628938200001.36c46b16/g using Guid(141953be595a8903ca5ddc43b172f5cf) Importer(2089858483,b0f066a214c2f5e87bad3c948f4d605d) (ScriptedImporter) -> (artifact id: '2e4f85ddbb25ed84f079fdb6cf94c1d6') in 0.008216563 seconds
Number of updated asset objects reloaded before import = 0Number of asset objects unloaded after import = 1

========================================================================
Received Import Request.
  Time since last request: 0.000127 seconds.
  path: Assets/Main/ExperimentResults/Unity/eb1bf7b9-dc49-4d0a-9aef-5e61581cce32/Analytics/ArchivedEvents/177791156900003.5fdab35e/s
  artifactKey: Guid(23e4851d953bd8d269520e5b575fef3a) Importer(2089858483,b0f066a214c2f5e87bad3c948f4d605d)
Start importing Assets/Main/ExperimentResults/Unity/eb1bf7b9-dc49-4d0a-9aef-5e61581cce32/Analytics/ArchivedEvents/177791156900003.5fdab35e/s using Guid(23e4851d953bd8d269520e5b575fef3a) Importer(2089858483,b0f066a214c2f5e87bad3c948f4d605d) (ScriptedImporter) -> (artifact id: 'd8797de6f352b0b64c34b24055316a7d') in 0.011314094 seconds
Number of updated asset objects reloaded before import = 0Number of asset objects unloaded after import = 1

========================================================================
Received Import Request.
  Time since last request: 0.000043 seconds.
  path: Assets/Main/ExperimentResults/Unity/eb1bf7b9-dc49-4d0a-9aef-5e61581cce32/Analytics/ArchivedEvents/177791951500006.56d351fc
  artifactKey: Guid(1931851de4175d694916ab8db40fc3ad) Importer(2089858483,b0f066a214c2f5e87bad3c948f4d605d)
Start importing Assets/Main/ExperimentResults/Unity/eb1bf7b9-dc49-4d0a-9aef-5e61581cce32/Analytics/ArchivedEvents/177791951500006.56d351fc using Guid(1931851de4175d694916ab8db40fc3ad) Importer(2089858483,b0f066a214c2f5e87bad3c948f4d605d) (ScriptedImporter) -> (artifact id: '3af195fab590e94935e73c0484045688') in 0.007811113 seconds
Number of updated asset objects reloaded before import = 0Number of asset objects unloaded after import = 1

========================================================================
Received Import Request.
  Time since last request: 0.000033 seconds.
  path: Assets/Main/ExperimentResults/Unity/eb1bf7b9-dc49-4d0a-9aef-5e61581cce32/Analytics/ArchivedEvents/177792223100020.56d351fc/s
  artifactKey: Guid(c2b0528d3ecb1e900b3678e30cf8fbda) Importer(2089858483,b0f066a214c2f5e87bad3c948f4d605d)
Start importing Assets/Main/ExperimentResults/Unity/eb1bf7b9-dc49-4d0a-9aef-5e61581cce32/Analytics/ArchivedEvents/177792223100020.56d351fc/s using Guid(c2b0528d3ecb1e900b3678e30cf8fbda) Importer(2089858483,b0f066a214c2f5e87bad3c948f4d605d) (ScriptedImporter) -> (artifact id: '8264517dc0e637ab0446f930af94a428') in 0.006752236 seconds
Number of updated asset objects reloaded before import = 0Number of asset objects unloaded after import = 1

========================================================================
Received Import Request.
  Time since last request: 0.000074 seconds.
  path: Assets/Main/ExperimentResults/Unity/eb1bf7b9-dc49-4d0a-9aef-5e61581cce32/Analytics/ArchivedEvents/177792181200017.56d351fc/c
  artifactKey: Guid(f7b897c8d78ba30579f4bcaf59a29378) Importer(2089858483,b0f066a214c2f5e87bad3c948f4d605d)
Start importing Assets/Main/ExperimentResults/Unity/eb1bf7b9-dc49-4d0a-9aef-5e61581cce32/Analytics/ArchivedEvents/177792181200017.56d351fc/c using Guid(f7b897c8d78ba30579f4bcaf59a29378) Importer(2089858483,b0f066a214c2f5e87bad3c948f4d605d) (ScriptedImporter) -> (artifact id: '99bc1f97d941e4ece75631860bfd1a16') in 0.007929595 seconds
Number of updated asset objects reloaded before import = 0Number of asset objects unloaded after import = 1

========================================================================
Received Import Request.
  Time since last request: 0.000081 seconds.
  path: Assets/Main/ExperimentResults/Unity/eb1bf7b9-dc49-4d0a-9aef-5e61581cce32/Insights/4b1d3f997b9083b6ae6628c10ba1aaaf.bin
  artifactKey: Guid(31699957045efc8c1b3bed6b2cd2efaa) Importer(2089858483,b0f066a214c2f5e87bad3c948f4d605d)
Start importing Assets/Main/ExperimentResults/Unity/eb1bf7b9-dc49-4d0a-9aef-5e61581cce32/Insights/4b1d3f997b9083b6ae6628c10ba1aaaf.bin using Guid(31699957045efc8c1b3bed6b2cd2efaa) Importer(2089858483,b0f066a214c2f5e87bad3c948f4d605d) (ScriptedImporter) -> (artifact id: 'cb1d39a47bdd0acc03d8a10597a9c581') in 0.006807409 seconds
Number of updated asset objects reloaded before import = 0Number of asset objects unloaded after import = 1

========================================================================
Received Import Request.
  Time since last request: 0.000050 seconds.
  path: Assets/Main/ExperimentResults/Unity/eb1bf7b9-dc49-4d0a-9aef-5e61581cce32/Analytics/ArchivedEvents/177792071500008.56d351fc/e
  artifactKey: Guid(51474a6168d1b7615827a39c55f69c0d) Importer(2089858483,b0f066a214c2f5e87bad3c948f4d605d)
Start importing Assets/Main/ExperimentResults/Unity/eb1bf7b9-dc49-4d0a-9aef-5e61581cce32/Analytics/ArchivedEvents/177792071500008.56d351fc/e using Guid(51474a6168d1b7615827a39c55f69c0d) Importer(2089858483,b0f066a214c2f5e87bad3c948f4d605d) (ScriptedImporter) -> (artifact id: '63888597539e685a3dd32d434f90ae03') in 0.007029546 seconds
Number of updated asset objects reloaded before import = 0Number of asset objects unloaded after import = 1

========================================================================
Received Import Request.
  Time since last request: 0.000032 seconds.
  path: Assets/Main/ExperimentResults/Unity/eb1bf7b9-dc49-4d0a-9aef-5e61581cce32/Analytics/ArchivedEvents/177791568900002.5f3d3d08/c
  artifactKey: Guid(73e40822f2317475c99a82e61a2d6513) Importer(2089858483,b0f066a214c2f5e87bad3c948f4d605d)
Start importing Assets/Main/ExperimentResults/Unity/eb1bf7b9-dc49-4d0a-9aef-5e61581cce32/Analytics/ArchivedEvents/177791568900002.5f3d3d08/c using Guid(73e40822f2317475c99a82e61a2d6513) Importer(2089858483,b0f066a214c2f5e87bad3c948f4d605d) (ScriptedImporter) -> (artifact id: 'e319607b700ebe257a0fd625651649e5') in 0.007008808 seconds
Number of updated asset objects reloaded before import = 0Number of asset objects unloaded after import = 1

========================================================================
Received Import Request.
  Time since last request: 0.000031 seconds.
  path: Assets/Main/ExperimentResults/Unity/eb1bf7b9-dc49-4d0a-9aef-5e61581cce32/Analytics/ArchivedEvents/177792071500009.56d351fc/e
  artifactKey: Guid(cd6cf76d416920e769df736c6b8df00a) Importer(2089858483,b0f066a214c2f5e87bad3c948f4d605d)
Start importing Assets/Main/ExperimentResults/Unity/eb1bf7b9-dc49-4d0a-9aef-5e61581cce32/Analytics/ArchivedEvents/177792071500009.56d351fc/e using Guid(cd6cf76d416920e769df736c6b8df00a) Importer(2089858483,b0f066a214c2f5e87bad3c948f4d605d) (ScriptedImporter) -> (artifact id: '47668e31efa0b69ada7b6614adfe9545') in 0.007197231 seconds
Number of updated asset objects reloaded before import = 0Number of asset objects unloaded after import = 1

========================================================================
Received Import Request.
  Time since last request: 0.000057 seconds.
  path: Assets/Main/ExperimentResults/Unity/eb1bf7b9-dc49-4d0a-9aef-5e61581cce32/Analytics/ArchivedEvents/177629040100004.36c46b16/g
  artifactKey: Guid(55631dc118e15d416a70c6493a192f5f) Importer(2089858483,b0f066a214c2f5e87bad3c948f4d605d)
Start importing Assets/Main/ExperimentResults/Unity/eb1bf7b9-dc49-4d0a-9aef-5e61581cce32/Analytics/ArchivedEvents/177629040100004.36c46b16/g using Guid(55631dc118e15d416a70c6493a192f5f) Importer(2089858483,b0f066a214c2f5e87bad3c948f4d605d) (ScriptedImporter) -> (artifact id: '6224b976e01d8806310d9e55ece4a9e8') in 0.009199897 seconds
Number of updated asset objects reloaded before import = 0Number of asset objects unloaded after import = 1

========================================================================
Received Import Request.
  Time since last request: 0.000062 seconds.
  path: Assets/Main/ExperimentResults/Unity/eb1bf7b9-dc49-4d0a-9aef-5e61581cce32/Analytics/ArchivedEvents/177791502100001.495d2e04/g
  artifactKey: Guid(52b84f09fdf9f3d13989f47f2b268613) Importer(2089858483,b0f066a214c2f5e87bad3c948f4d605d)
Start importing Assets/Main/ExperimentResults/Unity/eb1bf7b9-dc49-4d0a-9aef-5e61581cce32/Analytics/ArchivedEvents/177791502100001.495d2e04/g using Guid(52b84f09fdf9f3d13989f47f2b268613) Importer(2089858483,b0f066a214c2f5e87bad3c948f4d605d) (ScriptedImporter) -> (artifact id: 'bbbb59b14a260c9ffe12cded2816d23c') in 0.006644073 seconds
Number of updated asset objects reloaded before import = 0Number of asset objects unloaded after import = 1

========================================================================
Received Import Request.
  Time since last request: 0.000049 seconds.
  path: Assets/Main/ExperimentResults/Unity/eb1bf7b9-dc49-4d0a-9aef-5e61581cce32/Analytics/ArchivedEvents/177793019000001.bbb9beae/g
  artifactKey: Guid(7fd658a89d7903bc388c8d2a18989984) Importer(2089858483,b0f066a214c2f5e87bad3c948f4d605d)
Start importing Assets/Main/ExperimentResults/Unity/eb1bf7b9-dc49-4d0a-9aef-5e61581cce32/Analytics/ArchivedEvents/177793019000001.bbb9beae/g using Guid(7fd658a89d7903bc388c8d2a18989984) Importer(2089858483,b0f066a214c2f5e87bad3c948f4d605d) (ScriptedImporter) -> (artifact id: '5b412ac04f7c9af0c07484cc19fd22f9') in 0.00678639 seconds
Number of updated asset objects reloaded before import = 0Number of asset objects unloaded after import = 1

========================================================================
Received Import Request.
  Time since last request: 0.000038 seconds.
  path: Assets/Main/ExperimentResults/Unity/eb1bf7b9-dc49-4d0a-9aef-5e61581cce32/Analytics/ArchivedEvents/177792107500012.56d351fc/g
  artifactKey: Guid(78499dc3f6934f89fa382649eb521000) Importer(2089858483,b0f066a214c2f5e87bad3c948f4d605d)
Start importing Assets/Main/ExperimentResults/Unity/eb1bf7b9-dc49-4d0a-9aef-5e61581cce32/Analytics/ArchivedEvents/177792107500012.56d351fc/g using Guid(78499dc3f6934f89fa382649eb521000) Importer(2089858483,b0f066a214c2f5e87bad3c948f4d605d) (ScriptedImporter) -> (artifact id: '4868037cbdfb9c5bd5476975fe82974a') in 0.00575197 seconds
Number of updated asset objects reloaded before import = 0Number of asset objects unloaded after import = 1

========================================================================
Received Import Request.
  Time since last request: 0.000031 seconds.
  path: Assets/Main/ExperimentResults/Unity/eb1bf7b9-dc49-4d0a-9aef-5e61581cce32/Analytics/ArchivedEvents/177792113600013.56d351fc/c
  artifactKey: Guid(16000b7dba75ae66498a4c4f7462f386) Importer(2089858483,b0f066a214c2f5e87bad3c948f4d605d)
Start importing Assets/Main/ExperimentResults/Unity/eb1bf7b9-dc49-4d0a-9aef-5e61581cce32/Analytics/ArchivedEvents/177792113600013.56d351fc/c using Guid(16000b7dba75ae66498a4c4f7462f386) Importer(2089858483,b0f066a214c2f5e87bad3c948f4d605d) (ScriptedImporter) -> (artifact id: 'd3f3b1cb11531323e8faa61572b3e8eb') in 0.00594415 seconds
Number of updated asset objects reloaded before import = 0Number of asset objects unloaded after import = 1

========================================================================
Received Import Request.
  Time since last request: 0.000061 seconds.
  path: Assets/Main/Scripts/logging/JsonEventLogger.cs
  artifactKey: Guid(fee36519ded392c68b80b63ee0c962db) Importer(2089858483,b0f066a214c2f5e87bad3c948f4d605d)
Start importing Assets/Main/Scripts/logging/JsonEventLogger.cs using Guid(fee36519ded392c68b80b63ee0c962db) Importer(2089858483,b0f066a214c2f5e87bad3c948f4d605d) (ScriptedImporter) -> (artifact id: '20f9451eeed4aa1b7bf4354330066581') in 0.062828407 seconds
Number of updated asset objects reloaded before import = 0Number of asset objects unloaded after import = 0

========================================================================
Received Import Request.
  Time since last request: 0.000057 seconds.
  path: Assets/Main/ExperimentResults/Unity/eb1bf7b9-dc49-4d0a-9aef-5e61581cce32/Analytics/ArchivedEvents/177628867900002.7918f323/s
  artifactKey: Guid(d6b8f412eeaa9a136a66512e597cd095) Importer(2089858483,b0f066a214c2f5e87bad3c948f4d605d)
Start importing Assets/Main/ExperimentResults/Unity/eb1bf7b9-dc49-4d0a-9aef-5e61581cce32/Analytics/ArchivedEvents/177628867900002.7918f323/s using Guid(d6b8f412eeaa9a136a66512e597cd095) Importer(2089858483,b0f066a214c2f5e87bad3c948f4d605d) (ScriptedImporter) -> (artifact id: '9dcc116a4730a7ee549296e936fe4672') in 0.005919033 seconds
Number of updated asset objects reloaded before import = 0Number of asset objects unloaded after import = 1

========================================================================
Received Import Request.
  Time since last request: 0.000067 seconds.
  path: Assets/Main/ExperimentResults/Unity/eb1bf7b9-dc49-4d0a-9aef-5e61581cce32/Analytics/ArchivedEvents/177791224800000.fe1d62de
  artifactKey: Guid(f977c41ef4da54dc2b0e0383b25c3971) Importer(2089858483,b0f066a214c2f5e87bad3c948f4d605d)
Start importing Assets/Main/ExperimentResults/Unity/eb1bf7b9-dc49-4d0a-9aef-5e61581cce32/Analytics/ArchivedEvents/177791224800000.fe1d62de using Guid(f977c41ef4da54dc2b0e0383b25c3971) Importer(2089858483,b0f066a214c2f5e87bad3c948f4d605d) (ScriptedImporter) -> (artifact id: '65ec75e4177534cbde4572b0c945894a') in 0.005328004 seconds
Number of updated asset objects reloaded before import = 0Number of asset objects unloaded after import = 1

========================================================================
Received Import Request.
  Time since last request: 0.000033 seconds.
  path: Assets/Main/ExperimentResults/Unity/eb1bf7b9-dc49-4d0a-9aef-5e61581cce32/Analytics/ArchivedEvents/177793217600000.77f618aa/c
  artifactKey: Guid(b8252db021352425fad7cc14eb699d4a) Importer(2089858483,b0f066a214c2f5e87bad3c948f4d605d)
Start importing Assets/Main/ExperimentResults/Unity/eb1bf7b9-dc49-4d0a-9aef-5e61581cce32/Analytics/ArchivedEvents/177793217600000.77f618aa/c using Guid(b8252db021352425fad7cc14eb699d4a) Importer(2089858483,b0f066a214c2f5e87bad3c948f4d605d) (ScriptedImporter) -> (artifact id: '94af2beeaeddfa8514ca75a8c04a7bb4') in 0.007814508 seconds
Number of updated asset objects reloaded before import = 0Number of asset objects unloaded after import = 1

========================================================================
Received Import Request.
  Time since last request: 0.000056 seconds.
  path: Assets/Main/ExperimentResults/Unity/eb1bf7b9-dc49-4d0a-9aef-5e61581cce32/Analytics/ArchivedEvents/177792229200022.56d351fc/g
  artifactKey: Guid(bc5641f96b5c37628b8100032bf89cf0) Importer(2089858483,b0f066a214c2f5e87bad3c948f4d605d)
Start importing Assets/Main/ExperimentResults/Unity/eb1bf7b9-dc49-4d0a-9aef-5e61581cce32/Analytics/ArchivedEvents/177792229200022.56d351fc/g using Guid(bc5641f96b5c37628b8100032bf89cf0) Importer(2089858483,b0f066a214c2f5e87bad3c948f4d605d) (ScriptedImporter) -> (artifact id: '917960333d49f625cb93902bf25410a0') in 0.007894098 seconds
Number of updated asset objects reloaded before import = 0Number of asset objects unloaded after import = 1

========================================================================
Received Import Request.
  Time since last request: 0.000081 seconds.
  path: Assets/Main/ExperimentResults/Unity/eb1bf7b9-dc49-4d0a-9aef-5e61581cce32/Analytics/ArchivedEvents/177791951500005.56d351fc/e
  artifactKey: Guid(9cec7db4d0e0e77bba17eba6c4784791) Importer(2089858483,b0f066a214c2f5e87bad3c948f4d605d)
Start importing Assets/Main/ExperimentResults/Unity/eb1bf7b9-dc49-4d0a-9aef-5e61581cce32/Analytics/ArchivedEvents/177791951500005.56d351fc/e using Guid(9cec7db4d0e0e77bba17eba6c4784791) Importer(2089858483,b0f066a214c2f5e87bad3c948f4d605d) (ScriptedImporter) -> (artifact id: '87a845cb05c34b2c5ac4ad63f8c63f7b') in 0.00771907 seconds
Number of updated asset objects reloaded before import = 0Number of asset objects unloaded after import = 1

========================================================================
Received Import Request.
  Time since last request: 0.000053 seconds.
  path: Assets/Main/ExperimentResults/Unity/eb1bf7b9-dc49-4d0a-9aef-5e61581cce32/Analytics/ArchivedEvents/177792338500003.b9e46d99
  artifactKey: Guid(68e9ddc54022464eb8416889922c945f) Importer(2089858483,b0f066a214c2f5e87bad3c948f4d605d)
Start importing Assets/Main/ExperimentResults/Unity/eb1bf7b9-dc49-4d0a-9aef-5e61581cce32/Analytics/ArchivedEvents/177792338500003.b9e46d99 using Guid(68e9ddc54022464eb8416889922c945f) Importer(2089858483,b0f066a214c2f5e87bad3c948f4d605d) (ScriptedImporter) -> (artifact id: '0c1532d6120eb505d204fc5798ef9fed') in 0.010031648 seconds
Number of updated asset objects reloaded before import = 0Number of asset objects unloaded after import = 1

========================================================================
Received Import Request.
  Time since last request: 0.000065 seconds.
  path: Assets/Main/ExperimentResults/experiment_20260504_172946_telemetry.csv
  artifactKey: Guid(4e38e717aefc47880985488de0437300) Importer(2089858483,b0f066a214c2f5e87bad3c948f4d605d)
Start importing Assets/Main/ExperimentResults/experiment_20260504_172946_telemetry.csv using Guid(4e38e717aefc47880985488de0437300) Importer(2089858483,b0f066a214c2f5e87bad3c948f4d605d) (ScriptedImporter) -> (artifact id: '73c30de84c1eebac10bf967074fe955f') in 0.011636889 seconds
Number of updated asset objects reloaded before import = 0Number of asset objects unloaded after import = 1

========================================================================
Received Import Request.
  Time since last request: 0.000067 seconds.
  path: Assets/Main/ExperimentResults/Unity/eb1bf7b9-dc49-4d0a-9aef-5e61581cce32/Analytics/ArchivedEvents/177793389700002.1f2feeef/s
  artifactKey: Guid(b9de0fa16f57942248000ad2fb20db23) Importer(2089858483,b0f066a214c2f5e87bad3c948f4d605d)
Start importing Assets/Main/ExperimentResults/Unity/eb1bf7b9-dc49-4d0a-9aef-5e61581cce32/Analytics/ArchivedEvents/177793389700002.1f2feeef/s using Guid(b9de0fa16f57942248000ad2fb20db23) Importer(2089858483,b0f066a214c2f5e87bad3c948f4d605d) (ScriptedImporter) -> (artifact id: 'b652cf568a141d78acb5c5bbe4074f75') in 0.010611225 seconds
Number of updated asset objects reloaded before import = 0Number of asset objects unloaded after import = 1

========================================================================
Received Import Request.
  Time since last request: 0.000073 seconds.
  path: Assets/Main/ExperimentResults/Unity/eb1bf7b9-dc49-4d0a-9aef-5e61581cce32/Insights/030c8807d87a6bdde31422123513351e.bin
  artifactKey: Guid(a3d142ad4b36b82adbeda3df6c8a9cc0) Importer(2089858483,b0f066a214c2f5e87bad3c948f4d605d)
Start importing Assets/Main/ExperimentResults/Unity/eb1bf7b9-dc49-4d0a-9aef-5e61581cce32/Insights/030c8807d87a6bdde31422123513351e.bin using Guid(a3d142ad4b36b82adbeda3df6c8a9cc0) Importer(2089858483,b0f066a214c2f5e87bad3c948f4d605d) (ScriptedImporter) -> (artifact id: 'f7a700ac73636f75c8c6ca9f411afa4a') in 0.008562532 seconds
Number of updated asset objects reloaded before import = 0Number of asset objects unloaded after import = 1

========================================================================
Received Import Request.
  Time since last request: 0.000121 seconds.
  path: Assets/Main/ExperimentResults/Unity/eb1bf7b9-dc49-4d0a-9aef-5e61581cce32/Analytics/ArchivedEvents/177793340500002.9cafe185/g
  artifactKey: Guid(ab21f41752cab14d49d9ac163c4e99ff) Importer(2089858483,b0f066a214c2f5e87bad3c948f4d605d)
Start importing Assets/Main/ExperimentResults/Unity/eb1bf7b9-dc49-4d0a-9aef-5e61581cce32/Analytics/ArchivedEvents/177793340500002.9cafe185/g using Guid(ab21f41752cab14d49d9ac163c4e99ff) Importer(2089858483,b0f066a214c2f5e87bad3c948f4d605d) (ScriptedImporter) -> (artifact id: 'e1f481d6018f535ee73c9b79aa4de763') in 0.007798329 seconds
Number of updated asset objects reloaded before import = 0Number of asset objects unloaded after import = 1

========================================================================
Received Import Request.
  Time since last request: 0.000042 seconds.
  path: Assets/Main/ExperimentResults/Unity/eb1bf7b9-dc49-4d0a-9aef-5e61581cce32/Analytics/ArchivedEvents/177793331400000.9cafe185/e
  artifactKey: Guid(6f84b80e9df4fda3cb1e21577a2f2332) Importer(2089858483,b0f066a214c2f5e87bad3c948f4d605d)
Start importing Assets/Main/ExperimentResults/Unity/eb1bf7b9-dc49-4d0a-9aef-5e61581cce32/Analytics/ArchivedEvents/177793331400000.9cafe185/e using Guid(6f84b80e9df4fda3cb1e21577a2f2332) Importer(2089858483,b0f066a214c2f5e87bad3c948f4d605d) (ScriptedImporter) -> (artifact id: '0f754094a82b2862ad8b83bcd28fef51') in 0.0063809 seconds
Number of updated asset objects reloaded before import = 0Number of asset objects unloaded after import = 1

========================================================================
Received Import Request.
  Time since last request: 0.000041 seconds.
  path: Assets/Main/ExperimentResults/Unity/eb1bf7b9-dc49-4d0a-9aef-5e61581cce32/Analytics/ArchivedEvents/177793217600000.77f618aa/g
  artifactKey: Guid(ed567ec3fe00667a09ae7872184432fe) Importer(2089858483,b0f066a214c2f5e87bad3c948f4d605d)
Start importing Assets/Main/ExperimentResults/Unity/eb1bf7b9-dc49-4d0a-9aef-5e61581cce32/Analytics/ArchivedEvents/177793217600000.77f618aa/g using Guid(ed567ec3fe00667a09ae7872184432fe) Importer(2089858483,b0f066a214c2f5e87bad3c948f4d605d) (ScriptedImporter) -> (artifact id: '9b581b45512762590cd64b7492bd166b') in 0.006276343 seconds
Number of updated asset objects reloaded before import = 0Number of asset objects unloaded after import = 1

========================================================================
Received Import Request.
  Time since last request: 0.000065 seconds.
  path: Assets/Main/ExperimentResults/Unity/eb1bf7b9-dc49-4d0a-9aef-5e61581cce32/Analytics/ArchivedEvents/177792181200018.56d351fc/g
  artifactKey: Guid(3905e5dfc1ee9a9db877fafd5e4625a8) Importer(2089858483,b0f066a214c2f5e87bad3c948f4d605d)
Start importing Assets/Main/ExperimentResults/Unity/eb1bf7b9-dc49-4d0a-9aef-5e61581cce32/Analytics/ArchivedEvents/177792181200018.56d351fc/g using Guid(3905e5dfc1ee9a9db877fafd5e4625a8) Importer(2089858483,b0f066a214c2f5e87bad3c948f4d605d) (ScriptedImporter) -> (artifact id: '31843ef8addefca44547000b78b1d2c7') in 0.007095711 seconds
Number of updated asset objects reloaded before import = 0Number of asset objects unloaded after import = 1

========================================================================
Received Import Request.
  Time since last request: 0.000068 seconds.
  path: Assets/Main/ExperimentResults/Unity/eb1bf7b9-dc49-4d0a-9aef-5e61581cce32/Analytics/ArchivedEvents/177793378700000.1f2feeef/g
  artifactKey: Guid(07ef2812e25712f98b23e6a7afbe9e8f) Importer(2089858483,b0f066a214c2f5e87bad3c948f4d605d)
Start importing Assets/Main/ExperimentResults/Unity/eb1bf7b9-dc49-4d0a-9aef-5e61581cce32/Analytics/ArchivedEvents/177793378700000.1f2feeef/g using Guid(07ef2812e25712f98b23e6a7afbe9e8f) Importer(2089858483,b0f066a214c2f5e87bad3c948f4d605d) (ScriptedImporter) -> (artifact id: 'dec302953567f2c9cdb6e6308c95e512') in 0.007489309 seconds
Number of updated asset objects reloaded before import = 0Number of asset objects unloaded after import = 1

========================================================================
Received Import Request.
  Time since last request: 0.000044 seconds.
  path: Assets/Main/ExperimentResults/Unity/eb1bf7b9-dc49-4d0a-9aef-5e61581cce32/Analytics/ArchivedEvents/177791216500004.a9962222/s
  artifactKey: Guid(4b29c3ac34397199ca7b4110f11dac37) Importer(2089858483,b0f066a214c2f5e87bad3c948f4d605d)
Start importing Assets/Main/ExperimentResults/Unity/eb1bf7b9-dc49-4d0a-9aef-5e61581cce32/Analytics/ArchivedEvents/177791216500004.a9962222/s using Guid(4b29c3ac34397199ca7b4110f11dac37) Importer(2089858483,b0f066a214c2f5e87bad3c948f4d605d) (ScriptedImporter) -> (artifact id: 'c772854fc9aed32090a0537cdcb9a867') in 0.008439932 seconds
Number of updated asset objects reloaded before import = 0Number of asset objects unloaded after import = 1

========================================================================
Received Import Request.
  Time since last request: 0.000050 seconds.
  path: Assets/Main/ExperimentResults/experiment_20260504_172946_events.jsonl
  artifactKey: Guid(8efdf7b00913f700296b615e21c8b048) Importer(2089858483,b0f066a214c2f5e87bad3c948f4d605d)
Start importing Assets/Main/ExperimentResults/experiment_20260504_172946_events.jsonl using Guid(8efdf7b00913f700296b615e21c8b048) Importer(2089858483,b0f066a214c2f5e87bad3c948f4d605d) (ScriptedImporter) -> (artifact id: '24b7ff8368ec7edb8db5b9fc7a05260a') in 0.009112975 seconds
Number of updated asset objects reloaded before import = 0Number of asset objects unloaded after import = 1

========================================================================
Received Import Request.
  Time since last request: 0.000048 seconds.
  path: Assets/Main/ExperimentResults/il2cpp/unity.ver
  artifactKey: Guid(c49c129f04c30b3c8bf2819fca9ee221) Importer(2089858483,b0f066a214c2f5e87bad3c948f4d605d)
Start importing Assets/Main/ExperimentResults/il2cpp/unity.ver using Guid(c49c129f04c30b3c8bf2819fca9ee221) Importer(2089858483,b0f066a214c2f5e87bad3c948f4d605d) (ScriptedImporter) -> (artifact id: '433a95c479dd00cb5ae46e1b24e1e8a0') in 0.007739268 seconds
Number of updated asset objects reloaded before import = 0Number of asset objects unloaded after import = 1

========================================================================
Received Import Request.
  Time since last request: 0.000057 seconds.
  path: Assets/Main/ExperimentResults/Unity/eb1bf7b9-dc49-4d0a-9aef-5e61581cce32/Analytics/ArchivedEvents/177793340500003.9cafe185
  artifactKey: Guid(ba1b45b52e9934c63b2f8c6f34c55562) Importer(2089858483,b0f066a214c2f5e87bad3c948f4d605d)
Start importing Assets/Main/ExperimentResults/Unity/eb1bf7b9-dc49-4d0a-9aef-5e61581cce32/Analytics/ArchivedEvents/177793340500003.9cafe185 using Guid(ba1b45b52e9934c63b2f8c6f34c55562) Importer(2089858483,b0f066a214c2f5e87bad3c948f4d605d) (ScriptedImporter) -> (artifact id: 'fcf756c9a37e6b04826eb9518dbe7a3e') in 0.007262012 seconds
Number of updated asset objects reloaded before import = 0Number of asset objects unloaded after import = 1

========================================================================
Received Import Request.
  Time since last request: 0.000043 seconds.
  path: Assets/Main/ExperimentResults/Unity/eb1bf7b9-dc49-4d0a-9aef-5e61581cce32/Analytics/ArchivedEvents/177628938200000.36c46b16/e
  artifactKey: Guid(1a77153cdca04eb908acfe7c4da18e33) Importer(2089858483,b0f066a214c2f5e87bad3c948f4d605d)
Start importing Assets/Main/ExperimentResults/Unity/eb1bf7b9-dc49-4d0a-9aef-5e61581cce32/Analytics/ArchivedEvents/177628938200000.36c46b16/e using Guid(1a77153cdca04eb908acfe7c4da18e33) Importer(2089858483,b0f066a214c2f5e87bad3c948f4d605d) (ScriptedImporter) -> (artifact id: '57884eb3934ee698ade2eb9e8ee5340e') in 0.008892051 seconds
Number of updated asset objects reloaded before import = 0Number of asset objects unloaded after import = 1

========================================================================
Received Import Request.
  Time since last request: 0.000060 seconds.
  path: Assets/Main/ExperimentResults/Unity/eb1bf7b9-dc49-4d0a-9aef-5e61581cce32/Analytics/ArchivedEvents/177628911000000.8048bba4/s
  artifactKey: Guid(44bc280f71cb070c49476c808e0dc848) Importer(2089858483,b0f066a214c2f5e87bad3c948f4d605d)
Start importing Assets/Main/ExperimentResults/Unity/eb1bf7b9-dc49-4d0a-9aef-5e61581cce32/Analytics/ArchivedEvents/177628911000000.8048bba4/s using Guid(44bc280f71cb070c49476c808e0dc848) Importer(2089858483,b0f066a214c2f5e87bad3c948f4d605d) (ScriptedImporter) -> (artifact id: '9d104134a8e00f124c25294db15f8803') in 0.007679716 seconds
Number of updated asset objects reloaded before import = 0Number of asset objects unloaded after import = 1

========================================================================
Received Import Request.
  Time since last request: 0.000078 seconds.
  path: Assets/Main/ExperimentResults/Unity/eb1bf7b9-dc49-4d0a-9aef-5e61581cce32/Analytics/ArchivedEvents/177791219100005.a9962222/g
  artifactKey: Guid(4872533aa275a04d0bc9e0244f88b894) Importer(2089858483,b0f066a214c2f5e87bad3c948f4d605d)
Start importing Assets/Main/ExperimentResults/Unity/eb1bf7b9-dc49-4d0a-9aef-5e61581cce32/Analytics/ArchivedEvents/177791219100005.a9962222/g using Guid(4872533aa275a04d0bc9e0244f88b894) Importer(2089858483,b0f066a214c2f5e87bad3c948f4d605d) (ScriptedImporter) -> (artifact id: '502b344f85fdba8297c991000d1ef941') in 0.009365448 seconds
Number of updated asset objects reloaded before import = 0Number of asset objects unloaded after import = 1

========================================================================
Received Import Request.
  Time since last request: 0.000096 seconds.
  path: Assets/Main/ExperimentResults/Unity/eb1bf7b9-dc49-4d0a-9aef-5e61581cce32/Analytics/ArchivedEvents/177792107500011.56d351fc/e
  artifactKey: Guid(f1d8a74742b918742b86c02b2286d587) Importer(2089858483,b0f066a214c2f5e87bad3c948f4d605d)
Start importing Assets/Main/ExperimentResults/Unity/eb1bf7b9-dc49-4d0a-9aef-5e61581cce32/Analytics/ArchivedEvents/177792107500011.56d351fc/e using Guid(f1d8a74742b918742b86c02b2286d587) Importer(2089858483,b0f066a214c2f5e87bad3c948f4d605d) (ScriptedImporter) -> (artifact id: 'e1e2f9360c325cd187ec9aee04577b8c') in 0.008035563 seconds
Number of updated asset objects reloaded before import = 0Number of asset objects unloaded after import = 1

========================================================================
Received Import Request.
  Time since last request: 0.000051 seconds.
  path: Assets/Main/ExperimentResults/Unity/eb1bf7b9-dc49-4d0a-9aef-5e61581cce32/Analytics/ArchivedEvents/177791216500004.a9962222/c
  artifactKey: Guid(bd36087898656738abb407197c7a5d85) Importer(2089858483,b0f066a214c2f5e87bad3c948f4d605d)
Start importing Assets/Main/ExperimentResults/Unity/eb1bf7b9-dc49-4d0a-9aef-5e61581cce32/Analytics/ArchivedEvents/177791216500004.a9962222/c using Guid(bd36087898656738abb407197c7a5d85) Importer(2089858483,b0f066a214c2f5e87bad3c948f4d605d) (ScriptedImporter) -> (artifact id: '7337ff6ea97e76c2c87b74f64423ad70') in 0.008338081 seconds
Number of updated asset objects reloaded before import = 0Number of asset objects unloaded after import = 1

========================================================================
Received Import Request.
  Time since last request: 0.000056 seconds.
  path: Assets/Main/ExperimentResults/Unity/eb1bf7b9-dc49-4d0a-9aef-5e61581cce32/Analytics/ArchivedEvents/177792223100020.56d351fc/e
  artifactKey: Guid(fe82ff54572080d08a1fa94b2976c01d) Importer(2089858483,b0f066a214c2f5e87bad3c948f4d605d)
Start importing Assets/Main/ExperimentResults/Unity/eb1bf7b9-dc49-4d0a-9aef-5e61581cce32/Analytics/ArchivedEvents/177792223100020.56d351fc/e using Guid(fe82ff54572080d08a1fa94b2976c01d) Importer(2089858483,b0f066a214c2f5e87bad3c948f4d605d) (ScriptedImporter) -> (artifact id: '6dda9ec43e883fd69f45e0864a9dd95a') in 0.007898947 seconds
Number of updated asset objects reloaded before import = 0Number of asset objects unloaded after import = 1

========================================================================
Received Import Request.
  Time since last request: 0.000070 seconds.
  path: Assets/Main/ExperimentResults/Unity/eb1bf7b9-dc49-4d0a-9aef-5e61581cce32/Analytics/ArchivedEvents/177628938200000.36c46b16/s
  artifactKey: Guid(475b42519bfae0ffc8fa6cf8d5d0600e) Importer(2089858483,b0f066a214c2f5e87bad3c948f4d605d)
Start importing Assets/Main/ExperimentResults/Unity/eb1bf7b9-dc49-4d0a-9aef-5e61581cce32/Analytics/ArchivedEvents/177628938200000.36c46b16/s using Guid(475b42519bfae0ffc8fa6cf8d5d0600e) Importer(2089858483,b0f066a214c2f5e87bad3c948f4d605d) (ScriptedImporter) -> (artifact id: 'e4b06824c5e36580e8c0c12ef3ce712d') in 0.008213828 seconds
Number of updated asset objects reloaded before import = 0Number of asset objects unloaded after import = 1

========================================================================
Received Import Request.
  Time since last request: 0.000077 seconds.
  path: Assets/Main/ExperimentResults/Unity/eb1bf7b9-dc49-4d0a-9aef-5e61581cce32/Analytics/ArchivedEvents/177791784600000.56d351fc/e
  artifactKey: Guid(a3ea172dadad53b34939a60d14bbfa12) Importer(2089858483,b0f066a214c2f5e87bad3c948f4d605d)
Start importing Assets/Main/ExperimentResults/Unity/eb1bf7b9-dc49-4d0a-9aef-5e61581cce32/Analytics/ArchivedEvents/177791784600000.56d351fc/e using Guid(a3ea172dadad53b34939a60d14bbfa12) Importer(2089858483,b0f066a214c2f5e87bad3c948f4d605d) (ScriptedImporter) -> (artifact id: '659cab5ca55060da9fe392b1d071c7a5') in 0.007890421 seconds
Number of updated asset objects reloaded before import = 0Number of asset objects unloaded after import = 1

========================================================================
Received Import Request.
  Time since last request: 0.398980 seconds.
  path: Assets/New Material 1.mat
  artifactKey: Guid(2f2adf0238fc9b504b378aaa2fd1f2ae) Importer(2089858483,b0f066a214c2f5e87bad3c948f4d605d)
Start importing Assets/New Material 1.mat using Guid(2f2adf0238fc9b504b378aaa2fd1f2ae) Importer(2089858483,b0f066a214c2f5e87bad3c948f4d605d) (ScriptedImporter) -> (artifact id: '55ecf282d697cc3f499e1ea189e396d8') in 0.055120948 seconds
Number of updated asset objects reloaded before import = 0Number of asset objects unloaded after import = 1

========================================================================
Received Import Request.
  Time since last request: 23.495877 seconds.
  path: Assets/Main/materialsforobjects/Bin.prefab
  artifactKey: Guid(8c630c38786781bbeb378dba8f7d5fe9) Importer(815301076,1909f56bfc062723c751e8b465ee728b)
Start importing Assets/Main/materialsforobjects/Bin.prefab using Guid(8c630c38786781bbeb378dba8f7d5fe9) Importer(815301076,1909f56bfc062723c751e8b465ee728b) (PreviewImporter) -> (artifact id: 'c93dc8a8e8959c9f5d5b83f81f7866ab') in 0.618126429 seconds
Number of updated asset objects reloaded before import = 0Number of asset objects unloaded after import = 38

========================================================================
Received Import Request.
  Time since last request: 45.729798 seconds.
  path: Assets/Main/Trials/TrialScene 1.prefab
  artifactKey: Guid(8891c2db6524d003690e88842a08ec91) Importer(2089858483,b0f066a214c2f5e87bad3c948f4d605d)
Start importing Assets/Main/Trials/TrialScene 1.prefab using Guid(8891c2db6524d003690e88842a08ec91) Importer(2089858483,b0f066a214c2f5e87bad3c948f4d605d) (ScriptedImporter) -> (artifact id: '5e2a4d2ebe71eecd6bcbce46a3112d31') in 0.106723326 seconds
Number of updated asset objects reloaded before import = 0Number of asset objects unloaded after import = 304

========================================================================
Received Import Request.
  Time since last request: 9.946795 seconds.
  path: Assets/Main/MainExperiment.unity
  artifactKey: Guid(3f854d4c273fb81b8a6b56f3497af1a9) Importer(815301076,1909f56bfc062723c751e8b465ee728b)
Start importing Assets/Main/MainExperiment.unity using Guid(3f854d4c273fb81b8a6b56f3497af1a9) Importer(815301076,1909f56bfc062723c751e8b465ee728b) (PreviewImporter) -> (artifact id: '8e0d6f7ba01559df23b258c2992e01a3') in 0.00119951 seconds
Number of updated asset objects reloaded before import = 0Number of asset objects unloaded after import = 0

========================================================================
Received Import Request.
  Time since last request: 120.640579 seconds.
  path: Assets/Main/MainExperiment.unity
  artifactKey: Guid(3f854d4c273fb81b8a6b56f3497af1a9) Importer(2089858483,b0f066a214c2f5e87bad3c948f4d605d)
Start importing Assets/Main/MainExperiment.unity using Guid(3f854d4c273fb81b8a6b56f3497af1a9) Importer(2089858483,b0f066a214c2f5e87bad3c948f4d605d) (ScriptedImporter) -> (artifact id: '562c222f2aa34a4d4118b854dcf8a5b0') in 0.024697659 seconds
Number of updated asset objects reloaded before import = 0Number of asset objects unloaded after import = 1

========================================================================
Received Import Request.
  Time since last request: 394.628681 seconds.
  path: Assets/Main/Tablet.prefab
  artifactKey: Guid(bbea684262453c72380e9b0df52b7d44) Importer(815301076,1909f56bfc062723c751e8b465ee728b)
Start importing Assets/Main/Tablet.prefab using Guid(bbea684262453c72380e9b0df52b7d44) Importer(815301076,1909f56bfc062723c751e8b465ee728b) (PreviewImporter) -> (artifact id: '16bf33a07d7090d20409626f7942da40') in 0.071494352 seconds
Number of updated asset objects reloaded before import = 0Number of asset objects unloaded after import = 60

========================================================================
Received Import Request.
  Time since last request: 0.773421 seconds.
  path: Assets/Main/Tablet.prefab
  artifactKey: Guid(bbea684262453c72380e9b0df52b7d44) Importer(2089858483,b0f066a214c2f5e87bad3c948f4d605d)
Start importing Assets/Main/Tablet.prefab using Guid(bbea684262453c72380e9b0df52b7d44) Importer(2089858483,b0f066a214c2f5e87bad3c948f4d605d) (ScriptedImporter) -> (artifact id: 'e65ba7104818cf91fc67ba78a089595f') in 0.042983951 seconds
Number of updated asset objects reloaded before import = 0Number of asset objects unloaded after import = 42

========================================================================
Received Prepare
WARNING: Shader Unsupported: 'Ultraleap/LegacyHandShader' - All subshaders removed
WARNING: Shader Did you use #pragma only_renderers and omit this platform?
WARNING: Shader If subshaders removal was intentional, you may have forgotten turning Fallback off?
WARNING: Shader Unsupported: 'Ultraleap/LegacyHandShader' - All subshaders removed
WARNING: Shader Did you use #pragma only_renderers and omit this platform?
WARNING: Shader If subshaders removal was intentional, you may have forgotten turning Fallback off?
Refreshing native plugins compatible for Editor in 5.15 ms, found 0 plugins.
Preloading 0 native plugins for Editor in 0.00 ms.
Unloading 17 Unused Serialized files (Serialized files now loaded: 0)
Unloading 7679 unused Assets / (5.5 MB). Loaded Objects now: 8717.
Memory consumption went from 173.6 MB to 168.2 MB.
Total: 139.506243 ms (FindLiveObjects: 2.225866 ms CreateObjectMapping: 2.019768 ms MarkObjects: 130.198241 ms  DeleteObjects: 5.059130 ms)

Prepare: number of updated asset objects reloaded= 0
========================================================================
Received Import Request.
  Time since last request: 354.532899 seconds.
  path: Assets/Main/Scripts/tablet.cs
  artifactKey: Guid(b381ca215e2bdf886851c8f802a3402c) Importer(2089858483,b0f066a214c2f5e87bad3c948f4d605d)
Start importing Assets/Main/Scripts/tablet.cs using Guid(b381ca215e2bdf886851c8f802a3402c) Importer(2089858483,b0f066a214c2f5e87bad3c948f4d605d) (ScriptedImporter) -> (artifact id: '54eed28b95af2d5296df15686d77ea3e') in 0.006969173 seconds
Number of updated asset objects reloaded before import = 0Number of asset objects unloaded after import = 0

========================================================================
Received Import Request.
  Time since last request: 0.000059 seconds.
  path: Assets/Main/Tablet.prefab
  artifactKey: Guid(bbea684262453c72380e9b0df52b7d44) Importer(815301076,1909f56bfc062723c751e8b465ee728b)
Start importing Assets/Main/Tablet.prefab using Guid(bbea684262453c72380e9b0df52b7d44) Importer(815301076,1909f56bfc062723c751e8b465ee728b) (PreviewImporter) -> (artifact id: '16c38aba681cca4b6952a981184ea618') in 0.082035626 seconds
Number of updated asset objects reloaded before import = 0Number of asset objects unloaded after import = 60

========================================================================
Received Prepare
[Licensing::Client] Successfully resolved entitlement details
Begin MonoManager ReloadAssembly
[Licensing::Client] Successfully resolved entitlement details
- Loaded All Assemblies, in  3.229 seconds
Refreshing native plugins compatible for Editor in 4.85 ms, found 0 plugins.
Native extension for LinuxStandalone target not found
Native extension for Android target not found
[Package Manager] Failed to launch server process. Reason: Unity was launched with the -noUpm command-line argument
[Package Manager] Unable to send message (not connected to server process).
[Package Manager] Cannot connect to Unity Package Manager local server
ScheduleIndexationOnStartup MainProcess:False IndexOnStartup:True
Mono: successfully reloaded assembly
[Package Manager] Failed to launch server process. Reason: Unity was launched with the -noUpm command-line argument
[Package Manager] Unable to send message (not connected to server process).
[Package Manager] Cannot connect to Unity Package Manager local server
- Finished resetting the current domain, in  1.546 seconds
Domain Reload Profiling: 4774ms
	BeginReloadAssembly (1260ms)
		ExecutionOrderSort (0ms)
		DisableScriptedObjects (65ms)
		BackupInstance (0ms)
		ReleaseScriptingObjects (1ms)
		CreateAndSetChildDomain (568ms)
	RebuildCommonClasses (88ms)
	RebuildNativeTypeToScriptingClass (12ms)
	initialDomainReloadingComplete (60ms)
	LoadAllAssembliesAndSetupDomain (1808ms)
		LoadAssemblies (1634ms)
		RebuildTransferFunctionScriptingTraits (0ms)
		AnalyzeDomain (654ms)
			TypeCache.Refresh (77ms)
				TypeCache.ScanAssembly (2ms)
			BuildScriptInfoCaches (528ms)
			ResolveRequiredComponents (32ms)
	FinalizeReload (1547ms)
		ReleaseScriptCaches (0ms)
		RebuildScriptCaches (0ms)
		SetupLoadedEditorAssemblies (1206ms)
			LogAssemblyErrors (0ms)
			InitializePlatformSupportModulesInManaged (20ms)
			SetLoadedEditorAssemblies (4ms)
			BeforeProcessingInitializeOnLoad (238ms)
			ProcessInitializeOnLoadAttributes (746ms)
			ProcessInitializeOnLoadMethodAttributes (191ms)
			AfterProcessingInitializeOnLoad (7ms)
			EditorAssembliesLoaded (1ms)
		ExecutionOrderSort2 (0ms)
		AwakeInstancesAfterBackupRestoration (18ms)
WARNING: Shader Unsupported: 'Ultraleap/LegacyHandShader' - All subshaders removed
WARNING: Shader Did you use #pragma only_renderers and omit this platform?
WARNING: Shader If subshaders removal was intentional, you may have forgotten turning Fallback off?
WARNING: Shader Unsupported: 'Ultraleap/LegacyHandShader' - All subshaders removed
WARNING: Shader Did you use #pragma only_renderers and omit this platform?
WARNING: Shader If subshaders removal was intentional, you may have forgotten turning Fallback off?
Refreshing native plugins compatible for Editor in 7.09 ms, found 0 plugins.
Preloading 0 native plugins for Editor in 0.00 ms.
Unloading 17 Unused Serialized files (Serialized files now loaded: 0)
Unloading 7741 unused Assets / (5.1 MB). Loaded Objects now: 8656.
Memory consumption went from 204.5 MB to 199.5 MB.
Total: 23.285430 ms (FindLiveObjects: 2.065214 ms CreateObjectMapping: 2.195329 ms MarkObjects: 14.116610 ms  DeleteObjects: 4.905331 ms)

Prepare: number of updated asset objects reloaded= 0
========================================================================
Received Import Request.
  Time since last request: 22.465357 seconds.
  path: Assets/Main/Tablet.prefab
  artifactKey: Guid(bbea684262453c72380e9b0df52b7d44) Importer(815301076,1909f56bfc062723c751e8b465ee728b)
Start importing Assets/Main/Tablet.prefab using Guid(bbea684262453c72380e9b0df52b7d44) Importer(815301076,1909f56bfc062723c751e8b465ee728b) (PreviewImporter) -> (artifact id: '3594815cd22615d8e57ef2578234a6ad') in 0.682745585 seconds
Number of updated asset objects reloaded before import = 0Number of asset objects unloaded after import = 60

========================================================================
Received Import Request.
  Time since last request: 20.106569 seconds.
  path: Assets/Main/Tablet.prefab
  artifactKey: Guid(bbea684262453c72380e9b0df52b7d44) Importer(815301076,1909f56bfc062723c751e8b465ee728b)
Start importing Assets/Main/Tablet.prefab using Guid(bbea684262453c72380e9b0df52b7d44) Importer(815301076,1909f56bfc062723c751e8b465ee728b) (PreviewImporter) -> (artifact id: '45c9929210ad8e4e44d6d1674ecd950b') in 0.042268469 seconds
Number of updated asset objects reloaded before import = 0Number of asset objects unloaded after import = 63

========================================================================
Received Import Request.
  Time since last request: 3.521668 seconds.
  path: Assets/Main/Tablet.prefab
  artifactKey: Guid(bbea684262453c72380e9b0df52b7d44) Importer(815301076,1909f56bfc062723c751e8b465ee728b)
Start importing Assets/Main/Tablet.prefab using Guid(bbea684262453c72380e9b0df52b7d44) Importer(815301076,1909f56bfc062723c751e8b465ee728b) (PreviewImporter) -> (artifact id: 'f2e5ea7be784024f2d3ee33c187f211b') in 0.078802992 seconds
Number of updated asset objects reloaded before import = 0Number of asset objects unloaded after import = 64

========================================================================
Received Import Request.
  Time since last request: 9.174930 seconds.
  path: Assets/Main/Tablet.prefab
  artifactKey: Guid(bbea684262453c72380e9b0df52b7d44) Importer(815301076,1909f56bfc062723c751e8b465ee728b)
Start importing Assets/Main/Tablet.prefab using Guid(bbea684262453c72380e9b0df52b7d44) Importer(815301076,1909f56bfc062723c751e8b465ee728b) (PreviewImporter) -> (artifact id: 'e32b969a5742188b1fbeb190a8618fac') in 0.045862892 seconds
Number of updated asset objects reloaded before import = 0Number of asset objects unloaded after import = 64

========================================================================
Received Import Request.
  Time since last request: 1.012538 seconds.
  path: Assets/Main/Tablet.prefab
  artifactKey: Guid(bbea684262453c72380e9b0df52b7d44) Importer(815301076,1909f56bfc062723c751e8b465ee728b)
Start importing Assets/Main/Tablet.prefab using Guid(bbea684262453c72380e9b0df52b7d44) Importer(815301076,1909f56bfc062723c751e8b465ee728b) (PreviewImporter) -> (artifact id: 'e85beef45d571e3ef89106da16b87523') in 0.042244094 seconds
Number of updated asset objects reloaded before import = 0Number of asset objects unloaded after import = 64

========================================================================
Received Import Request.
  Time since last request: 19.616203 seconds.
  path: Assets/Main/Tablet.prefab
  artifactKey: Guid(bbea684262453c72380e9b0df52b7d44) Importer(815301076,1909f56bfc062723c751e8b465ee728b)
Start importing Assets/Main/Tablet.prefab using Guid(bbea684262453c72380e9b0df52b7d44) Importer(815301076,1909f56bfc062723c751e8b465ee728b) (PreviewImporter) -> (artifact id: '4a2f35124d863c202f120ec1b955e506') in 0.036711384 seconds
Number of updated asset objects reloaded before import = 0Number of asset objects unloaded after import = 64

========================================================================
Received Import Request.
  Time since last request: 2.818648 seconds.
  path: Assets/Main/MainExperiment.unity
  artifactKey: Guid(3f854d4c273fb81b8a6b56f3497af1a9) Importer(815301076,1909f56bfc062723c751e8b465ee728b)
Start importing Assets/Main/MainExperiment.unity using Guid(3f854d4c273fb81b8a6b56f3497af1a9) Importer(815301076,1909f56bfc062723c751e8b465ee728b) (PreviewImporter) -> (artifact id: 'dc5b6bf0c767281f83b9cb6877e56d59') in 0.000913063 seconds
Number of updated asset objects reloaded before import = 0Number of asset objects unloaded after import = 0

========================================================================
Received Prepare
WARNING: Shader Unsupported: 'Ultraleap/LegacyHandShader' - All subshaders removed
WARNING: Shader Did you use #pragma only_renderers and omit this platform?
WARNING: Shader If subshaders removal was intentional, you may have forgotten turning Fallback off?
WARNING: Shader Unsupported: 'Ultraleap/LegacyHandShader' - All subshaders removed
WARNING: Shader Did you use #pragma only_renderers and omit this platform?
WARNING: Shader If subshaders removal was intentional, you may have forgotten turning Fallback off?
Refreshing native plugins compatible for Editor in 6.56 ms, found 0 plugins.
Preloading 0 native plugins for Editor in 0.00 ms.
Unloading 17 Unused Serialized files (Serialized files now loaded: 0)
Unloading 7678 unused Assets / (5.8 MB). Loaded Objects now: 8753.
Memory consumption went from 180.0 MB to 174.2 MB.
Total: 554.764282 ms (FindLiveObjects: 5.996859 ms CreateObjectMapping: 1.718223 ms MarkObjects: 541.712108 ms  DeleteObjects: 5.335088 ms)

Prepare: number of updated asset objects reloaded= 0
========================================================================
Received Import Request.
  Time since last request: 1234.701380 seconds.
  path: Assets/Main/Tablet.prefab
  artifactKey: Guid(bbea684262453c72380e9b0df52b7d44) Importer(2089858483,b0f066a214c2f5e87bad3c948f4d605d)
Start importing Assets/Main/Tablet.prefab using Guid(bbea684262453c72380e9b0df52b7d44) Importer(2089858483,b0f066a214c2f5e87bad3c948f4d605d) (ScriptedImporter) -> (artifact id: '71b71e0dd7952b3467f031cd635808d0') in 0.902771159 seconds
Number of updated asset objects reloaded before import = 0Number of asset objects unloaded after import = 45

========================================================================
Received Import Request.
  Time since last request: 0.226665 seconds.
  path: Assets/Main/ExperimentResults/Unity/eb1bf7b9-dc49-4d0a-9aef-5e61581cce32/Analytics/ArchivedEvents/177793564900001.1cd394b8/e
  artifactKey: Guid(50882ae24e0abe722a3df4035e6faef4) Importer(2089858483,b0f066a214c2f5e87bad3c948f4d605d)
Start importing Assets/Main/ExperimentResults/Unity/eb1bf7b9-dc49-4d0a-9aef-5e61581cce32/Analytics/ArchivedEvents/177793564900001.1cd394b8/e using Guid(50882ae24e0abe722a3df4035e6faef4) Importer(2089858483,b0f066a214c2f5e87bad3c948f4d605d) (ScriptedImporter) -> (artifact id: '1e059c0ea073b27d7fdf7efd4a3366ef') in 0.006597586 seconds
Number of updated asset objects reloaded before import = 0Number of asset objects unloaded after import = 1

========================================================================
Received Import Request.
  Time since last request: 0.000052 seconds.
  path: Assets/Main/ExperimentResults/Unity/eb1bf7b9-dc49-4d0a-9aef-5e61581cce32/Analytics/ArchivedEvents/177793476800002.93296d8a/s
  artifactKey: Guid(ca7b33373d85bc1129212a1c835ab91e) Importer(2089858483,b0f066a214c2f5e87bad3c948f4d605d)
Start importing Assets/Main/ExperimentResults/Unity/eb1bf7b9-dc49-4d0a-9aef-5e61581cce32/Analytics/ArchivedEvents/177793476800002.93296d8a/s using Guid(ca7b33373d85bc1129212a1c835ab91e) Importer(2089858483,b0f066a214c2f5e87bad3c948f4d605d) (ScriptedImporter) -> (artifact id: 'ac2a53fefbcf7e8fee142c05f4f7bb58') in 0.006629856 seconds
Number of updated asset objects reloaded before import = 0Number of asset objects unloaded after import = 1

========================================================================
Received Import Request.
  Time since last request: 0.000081 seconds.
  path: Assets/Main/ExperimentResults/Unity/eb1bf7b9-dc49-4d0a-9aef-5e61581cce32/Analytics/ArchivedEvents/177793606500003.1cd394b8/e
  artifactKey: Guid(f7b0b75d910a0b4ed90a767d8447913c) Importer(2089858483,b0f066a214c2f5e87bad3c948f4d605d)
Start importing Assets/Main/ExperimentResults/Unity/eb1bf7b9-dc49-4d0a-9aef-5e61581cce32/Analytics/ArchivedEvents/177793606500003.1cd394b8/e using Guid(f7b0b75d910a0b4ed90a767d8447913c) Importer(2089858483,b0f066a214c2f5e87bad3c948f4d605d) (ScriptedImporter) -> (artifact id: '8e810710a5bf875a1a2d82601182d0d1') in 0.011540058 seconds
Number of updated asset objects reloaded before import = 0Number of asset objects unloaded after import = 1

========================================================================
Received Import Request.
  Time since last request: 0.335284 seconds.
  path: Assets/Main/ExperimentResults/Unity/eb1bf7b9-dc49-4d0a-9aef-5e61581cce32/Analytics/ArchivedEvents/177793481800003.93296d8a/s
  artifactKey: Guid(5ed663fa9c60b3a1b9a89611ac3a28d5) Importer(2089858483,b0f066a214c2f5e87bad3c948f4d605d)
Start importing Assets/Main/ExperimentResults/Unity/eb1bf7b9-dc49-4d0a-9aef-5e61581cce32/Analytics/ArchivedEvents/177793481800003.93296d8a/s using Guid(5ed663fa9c60b3a1b9a89611ac3a28d5) Importer(2089858483,b0f066a214c2f5e87bad3c948f4d605d) (ScriptedImporter) -> (artifact id: 'd3ecca8d4a1acbae626008e3e103a971') in 0.006469055 seconds
Number of updated asset objects reloaded before import = 0Number of asset objects unloaded after import = 1

========================================================================
Received Import Request.
  Time since last request: 0.000058 seconds.
  path: Assets/Main/ExperimentResults/Unity/eb1bf7b9-dc49-4d0a-9aef-5e61581cce32/Analytics/ArchivedEvents/177793594800002.1cd394b8/e
  artifactKey: Guid(b85338e1fc17ed10480ab3264e5e0699) Importer(2089858483,b0f066a214c2f5e87bad3c948f4d605d)
Start importing Assets/Main/ExperimentResults/Unity/eb1bf7b9-dc49-4d0a-9aef-5e61581cce32/Analytics/ArchivedEvents/177793594800002.1cd394b8/e using Guid(b85338e1fc17ed10480ab3264e5e0699) Importer(2089858483,b0f066a214c2f5e87bad3c948f4d605d) (ScriptedImporter) -> (artifact id: 'afd02c6ddcd2514a56e060f7e6c603d4') in 0.006902588 seconds
Number of updated asset objects reloaded before import = 0Number of asset objects unloaded after import = 1

========================================================================
Received Import Request.
  Time since last request: 0.000079 seconds.
  path: Assets/Main/ExperimentResults/Unity/eb1bf7b9-dc49-4d0a-9aef-5e61581cce32/Analytics/ArchivedEvents/177793465000000.93296d8a/e
  artifactKey: Guid(ce49a3db0bd50c7999ef397a565361bc) Importer(2089858483,b0f066a214c2f5e87bad3c948f4d605d)
Start importing Assets/Main/ExperimentResults/Unity/eb1bf7b9-dc49-4d0a-9aef-5e61581cce32/Analytics/ArchivedEvents/177793465000000.93296d8a/e using Guid(ce49a3db0bd50c7999ef397a565361bc) Importer(2089858483,b0f066a214c2f5e87bad3c948f4d605d) (ScriptedImporter) -> (artifact id: '4b76fdc7ac6e8605acd74a0d341f899d') in 0.005795311 seconds
Number of updated asset objects reloaded before import = 0Number of asset objects unloaded after import = 1

========================================================================
Received Import Request.
  Time since last request: 0.000171 seconds.
  path: Assets/Main/ExperimentResults/Unity/eb1bf7b9-dc49-4d0a-9aef-5e61581cce32/Analytics/ArchivedEvents/177793465000001.93296d8a/s
  artifactKey: Guid(607a3121437e9986c9343dd26b61aaf1) Importer(2089858483,b0f066a214c2f5e87bad3c948f4d605d)
Start importing Assets/Main/ExperimentResults/Unity/eb1bf7b9-dc49-4d0a-9aef-5e61581cce32/Analytics/ArchivedEvents/177793465000001.93296d8a/s using Guid(607a3121437e9986c9343dd26b61aaf1) Importer(2089858483,b0f066a214c2f5e87bad3c948f4d605d) (ScriptedImporter) -> (artifact id: 'ae64e9fddca447881ed18efa027dccf8') in 0.006266045 seconds
Number of updated asset objects reloaded before import = 0Number of asset objects unloaded after import = 1

========================================================================
Received Import Request.
  Time since last request: 0.000111 seconds.
  path: Assets/Main/ExperimentResults/Unity/eb1bf7b9-dc49-4d0a-9aef-5e61581cce32/Analytics/ArchivedEvents/177793564900000.1cd394b8/g
  artifactKey: Guid(afd107a107bfbd498983dc1bf7be1871) Importer(2089858483,b0f066a214c2f5e87bad3c948f4d605d)
Start importing Assets/Main/ExperimentResults/Unity/eb1bf7b9-dc49-4d0a-9aef-5e61581cce32/Analytics/ArchivedEvents/177793564900000.1cd394b8/g using Guid(afd107a107bfbd498983dc1bf7be1871) Importer(2089858483,b0f066a214c2f5e87bad3c948f4d605d) (ScriptedImporter) -> (artifact id: '26f043c05e530c20dcd0fba7eb5da3a8') in 0.008614068 seconds
Number of updated asset objects reloaded before import = 0Number of asset objects unloaded after import = 1

========================================================================
Received Import Request.
  Time since last request: 0.000107 seconds.
  path: Assets/Main/ExperimentResults/Unity/eb1bf7b9-dc49-4d0a-9aef-5e61581cce32/Analytics/ArchivedEvents/177793606500004.1cd394b8/c
  artifactKey: Guid(edb8825cd590b4f6aa405bc4600cabde) Importer(2089858483,b0f066a214c2f5e87bad3c948f4d605d)
Start importing Assets/Main/ExperimentResults/Unity/eb1bf7b9-dc49-4d0a-9aef-5e61581cce32/Analytics/ArchivedEvents/177793606500004.1cd394b8/c using Guid(edb8825cd590b4f6aa405bc4600cabde) Importer(2089858483,b0f066a214c2f5e87bad3c948f4d605d) (ScriptedImporter) -> (artifact id: '60020974b59cb5cf5105619f62640c17') in 0.007759015 seconds
Number of updated asset objects reloaded before import = 0Number of asset objects unloaded after import = 1

========================================================================
Received Import Request.
  Time since last request: 0.000120 seconds.
  path: Assets/Main/ExperimentResults/Unity/eb1bf7b9-dc49-4d0a-9aef-5e61581cce32/Analytics/ArchivedEvents/177793481800003.93296d8a/g
  artifactKey: Guid(05ddbdd1c06a880f38ecb25507c04cc6) Importer(2089858483,b0f066a214c2f5e87bad3c948f4d605d)
Start importing Assets/Main/ExperimentResults/Unity/eb1bf7b9-dc49-4d0a-9aef-5e61581cce32/Analytics/ArchivedEvents/177793481800003.93296d8a/g using Guid(05ddbdd1c06a880f38ecb25507c04cc6) Importer(2089858483,b0f066a214c2f5e87bad3c948f4d605d) (ScriptedImporter) -> (artifact id: '524b24241388f488e52504bba46857ff') in 0.008890366 seconds
Number of updated asset objects reloaded before import = 0Number of asset objects unloaded after import = 1

========================================================================
Received Import Request.
  Time since last request: 0.000093 seconds.
  path: Assets/Main/ExperimentResults/Unity/eb1bf7b9-dc49-4d0a-9aef-5e61581cce32/Analytics/ArchivedEvents/177793494700005.93296d8a/c
  artifactKey: Guid(c58c2b29fab207e5e83f31c2d2dd3abc) Importer(2089858483,b0f066a214c2f5e87bad3c948f4d605d)
Start importing Assets/Main/ExperimentResults/Unity/eb1bf7b9-dc49-4d0a-9aef-5e61581cce32/Analytics/ArchivedEvents/177793494700005.93296d8a/c using Guid(c58c2b29fab207e5e83f31c2d2dd3abc) Importer(2089858483,b0f066a214c2f5e87bad3c948f4d605d) (ScriptedImporter) -> (artifact id: 'fffc776d889ec74bef2beb513a3737b2') in 0.008103842 seconds
Number of updated asset objects reloaded before import = 0Number of asset objects unloaded after import = 1

========================================================================
Received Import Request.
  Time since last request: 0.000085 seconds.
  path: Assets/Main/ExperimentResults/il2cpp/Metadata/global-metadata.dat
  artifactKey: Guid(c914a29fcb3554c34b2caa8e6149b4f8) Importer(2089858483,b0f066a214c2f5e87bad3c948f4d605d)
Start importing Assets/Main/ExperimentResults/il2cpp/Metadata/global-metadata.dat using Guid(c914a29fcb3554c34b2caa8e6149b4f8) Importer(2089858483,b0f066a214c2f5e87bad3c948f4d605d) (ScriptedImporter) -> (artifact id: '7dc6dfd53b5ac83a0fffa1751711ac6e') in 0.006609187 seconds
Number of updated asset objects reloaded before import = 0Number of asset objects unloaded after import = 1

========================================================================
Received Import Request.
  Time since last request: 0.000071 seconds.
  path: Assets/Main/ExperimentResults/experiment_20260504_174409_telemetry.csv
  artifactKey: Guid(4ad3f571d425a997ebbdfe9ad8e4f05d) Importer(2089858483,b0f066a214c2f5e87bad3c948f4d605d)
Start importing Assets/Main/ExperimentResults/experiment_20260504_174409_telemetry.csv using Guid(4ad3f571d425a997ebbdfe9ad8e4f05d) Importer(2089858483,b0f066a214c2f5e87bad3c948f4d605d) (ScriptedImporter) -> (artifact id: 'e8f8dd0be05eac52dfb36ad729c3ce97') in 0.01023519 seconds
Number of updated asset objects reloaded before import = 0Number of asset objects unloaded after import = 1

========================================================================
Received Import Request.
  Time since last request: 0.000113 seconds.
  path: Assets/Main/ExperimentResults/Unity/eb1bf7b9-dc49-4d0a-9aef-5e61581cce32/Analytics/ArchivedEvents/177793564900001.1cd394b8
  artifactKey: Guid(d42df2ea24940d6188a64e9e9b379481) Importer(2089858483,b0f066a214c2f5e87bad3c948f4d605d)
Start importing Assets/Main/ExperimentResults/Unity/eb1bf7b9-dc49-4d0a-9aef-5e61581cce32/Analytics/ArchivedEvents/177793564900001.1cd394b8 using Guid(d42df2ea24940d6188a64e9e9b379481) Importer(2089858483,b0f066a214c2f5e87bad3c948f4d605d) (ScriptedImporter) -> (artifact id: '0d848b440c8645522ac38a39442e638a') in 0.006683548 seconds
Number of updated asset objects reloaded before import = 0Number of asset objects unloaded after import = 1

========================================================================
Received Import Request.
  Time since last request: 0.000081 seconds.
  path: Assets/Main/ExperimentResults/Unity/eb1bf7b9-dc49-4d0a-9aef-5e61581cce32/Analytics/ArchivedEvents/177793481800004.93296d8a/e
  artifactKey: Guid(e5a84500c078f88b98d648f1f983a698) Importer(2089858483,b0f066a214c2f5e87bad3c948f4d605d)
Start importing Assets/Main/ExperimentResults/Unity/eb1bf7b9-dc49-4d0a-9aef-5e61581cce32/Analytics/ArchivedEvents/177793481800004.93296d8a/e using Guid(e5a84500c078f88b98d648f1f983a698) Importer(2089858483,b0f066a214c2f5e87bad3c948f4d605d) (ScriptedImporter) -> (artifact id: '67151b237e3664d36a0fe6bb3761cf3b') in 0.007269516 seconds
Number of updated asset objects reloaded before import = 0Number of asset objects unloaded after import = 1

========================================================================
Received Import Request.
  Time since last request: 0.000103 seconds.
  path: Assets/Main/ExperimentResults/Unity/eb1bf7b9-dc49-4d0a-9aef-5e61581cce32/Analytics/ArchivedEvents/177793606500003.1cd394b8/s
  artifactKey: Guid(3f4897622db68e2aabeb2a5a5e9e1f63) Importer(2089858483,b0f066a214c2f5e87bad3c948f4d605d)
Start importing Assets/Main/ExperimentResults/Unity/eb1bf7b9-dc49-4d0a-9aef-5e61581cce32/Analytics/ArchivedEvents/177793606500003.1cd394b8/s using Guid(3f4897622db68e2aabeb2a5a5e9e1f63) Importer(2089858483,b0f066a214c2f5e87bad3c948f4d605d) (ScriptedImporter) -> (artifact id: '634695a4b98ce7e3a278c1fdbaccc491') in 0.007900199 seconds
Number of updated asset objects reloaded before import = 0Number of asset objects unloaded after import = 1

========================================================================
Received Import Request.
  Time since last request: 0.000159 seconds.
  path: Assets/Main/ExperimentResults/Unity/eb1bf7b9-dc49-4d0a-9aef-5e61581cce32/Analytics/ArchivedEvents/177793476800002.93296d8a/e
  artifactKey: Guid(9e5c1b0bae6ef0d6a999c50ce81fb454) Importer(2089858483,b0f066a214c2f5e87bad3c948f4d605d)
Start importing Assets/Main/ExperimentResults/Unity/eb1bf7b9-dc49-4d0a-9aef-5e61581cce32/Analytics/ArchivedEvents/177793476800002.93296d8a/e using Guid(9e5c1b0bae6ef0d6a999c50ce81fb454) Importer(2089858483,b0f066a214c2f5e87bad3c948f4d605d) (ScriptedImporter) -> (artifact id: 'b142a878bde96f57f535ef20c0048cec') in 0.008591687 seconds
Number of updated asset objects reloaded before import = 0Number of asset objects unloaded after import = 1

========================================================================
Received Import Request.
  Time since last request: 0.000084 seconds.
  path: Assets/Main/ExperimentResults/Unity/eb1bf7b9-dc49-4d0a-9aef-5e61581cce32/Analytics/ArchivedEvents/177793564900000.1cd394b8/s
  artifactKey: Guid(8bbb48d8301dfc6caba3c1e1550fed60) Importer(2089858483,b0f066a214c2f5e87bad3c948f4d605d)
Start importing Assets/Main/ExperimentResults/Unity/eb1bf7b9-dc49-4d0a-9aef-5e61581cce32/Analytics/ArchivedEvents/177793564900000.1cd394b8/s using Guid(8bbb48d8301dfc6caba3c1e1550fed60) Importer(2089858483,b0f066a214c2f5e87bad3c948f4d605d) (ScriptedImporter) -> (artifact id: '25bfb468b950be54c58728ef2afac542') in 0.008563053 seconds
Number of updated asset objects reloaded before import = 0Number of asset objects unloaded after import = 1

========================================================================
Received Import Request.
  Time since last request: 0.000064 seconds.
  path: Assets/Main/ExperimentResults/Unity/eb1bf7b9-dc49-4d0a-9aef-5e61581cce32/Analytics/ArchivedEvents/177793594800002.1cd394b8
  artifactKey: Guid(13ef9db09ab3a8e3ab93bca819feaf0c) Importer(2089858483,b0f066a214c2f5e87bad3c948f4d605d)
Start importing Assets/Main/ExperimentResults/Unity/eb1bf7b9-dc49-4d0a-9aef-5e61581cce32/Analytics/ArchivedEvents/177793594800002.1cd394b8 using Guid(13ef9db09ab3a8e3ab93bca819feaf0c) Importer(2089858483,b0f066a214c2f5e87bad3c948f4d605d) (ScriptedImporter) -> (artifact id: 'e9ef6563f4f3515be345586809b64380') in 0.007847842 seconds
Number of updated asset objects reloaded before import = 0Number of asset objects unloaded after import = 1

========================================================================
Received Import Request.
  Time since last request: 0.000074 seconds.
  path: Assets/Main/ExperimentResults/Unity/eb1bf7b9-dc49-4d0a-9aef-5e61581cce32/Analytics/ArchivedEvents/177793494700005.93296d8a/g
  artifactKey: Guid(0d653c10079848a33affcd27323fe601) Importer(2089858483,b0f066a214c2f5e87bad3c948f4d605d)
Start importing Assets/Main/ExperimentResults/Unity/eb1bf7b9-dc49-4d0a-9aef-5e61581cce32/Analytics/ArchivedEvents/177793494700005.93296d8a/g using Guid(0d653c10079848a33affcd27323fe601) Importer(2089858483,b0f066a214c2f5e87bad3c948f4d605d) (ScriptedImporter) -> (artifact id: 'f8ef57585c25bd46cd19d81eb8eb0fbd') in 0.006866801 seconds
Number of updated asset objects reloaded before import = 0Number of asset objects unloaded after import = 1

========================================================================
Received Import Request.
  Time since last request: 0.000112 seconds.
  path: Assets/Main/ExperimentResults/Unity/eb1bf7b9-dc49-4d0a-9aef-5e61581cce32/Analytics/ArchivedEvents/177793594800002.1cd394b8/s
  artifactKey: Guid(92cfd869f230dadaaa1b32c02a4bcefb) Importer(2089858483,b0f066a214c2f5e87bad3c948f4d605d)
Start importing Assets/Main/ExperimentResults/Unity/eb1bf7b9-dc49-4d0a-9aef-5e61581cce32/Analytics/ArchivedEvents/177793594800002.1cd394b8/s using Guid(92cfd869f230dadaaa1b32c02a4bcefb) Importer(2089858483,b0f066a214c2f5e87bad3c948f4d605d) (ScriptedImporter) -> (artifact id: 'e5422cc9929bf520287943241ef43eef') in 0.008021707 seconds
Number of updated asset objects reloaded before import = 0Number of asset objects unloaded after import = 1

========================================================================
Received Import Request.
  Time since last request: 0.000072 seconds.
  path: Assets/Main/ExperimentResults/experiment_20260504_180048_telemetry.csv
  artifactKey: Guid(4d358ec4f405a7a5c99aea3a12c29075) Importer(2089858483,b0f066a214c2f5e87bad3c948f4d605d)
Start importing Assets/Main/ExperimentResults/experiment_20260504_180048_telemetry.csv using Guid(4d358ec4f405a7a5c99aea3a12c29075) Importer(2089858483,b0f066a214c2f5e87bad3c948f4d605d) (ScriptedImporter) -> (artifact id: 'd0ec4c7ece856ced31bd19e31c59b90a') in 0.008746818 seconds
Number of updated asset objects reloaded before import = 0Number of asset objects unloaded after import = 1

========================================================================
Received Import Request.
  Time since last request: 0.000061 seconds.
  path: Assets/Main/ExperimentResults/Unity/eb1bf7b9-dc49-4d0a-9aef-5e61581cce32/Analytics/ArchivedEvents/177793465000000.93296d8a/g
  artifactKey: Guid(f1542e2ae21aa573aa4f70f02b550c57) Importer(2089858483,b0f066a214c2f5e87bad3c948f4d605d)
Start importing Assets/Main/ExperimentResults/Unity/eb1bf7b9-dc49-4d0a-9aef-5e61581cce32/Analytics/ArchivedEvents/177793465000000.93296d8a/g using Guid(f1542e2ae21aa573aa4f70f02b550c57) Importer(2089858483,b0f066a214c2f5e87bad3c948f4d605d) (ScriptedImporter) -> (artifact id: '1e6d84e696bfa63e833509614b518889') in 0.014272853 seconds
Number of updated asset objects reloaded before import = 0Number of asset objects unloaded after import = 1

========================================================================
Received Import Request.
  Time since last request: 0.000223 seconds.
  path: Assets/Main/ExperimentResults/Unity/eb1bf7b9-dc49-4d0a-9aef-5e61581cce32/Analytics/ArchivedEvents/177793476800002.93296d8a/g
  artifactKey: Guid(34aebeb726b61c96989b37d48e6fea75) Importer(2089858483,b0f066a214c2f5e87bad3c948f4d605d)
Start importing Assets/Main/ExperimentResults/Unity/eb1bf7b9-dc49-4d0a-9aef-5e61581cce32/Analytics/ArchivedEvents/177793476800002.93296d8a/g using Guid(34aebeb726b61c96989b37d48e6fea75) Importer(2089858483,b0f066a214c2f5e87bad3c948f4d605d) (ScriptedImporter) -> (artifact id: '6c3dd79a48260595460d9623e0467d8b') in 0.013798354 seconds
Number of updated asset objects reloaded before import = 0Number of asset objects unloaded after import = 1

========================================================================
Received Import Request.
  Time since last request: 0.000080 seconds.
  path: Assets/Main/ExperimentResults/Unity/eb1bf7b9-dc49-4d0a-9aef-5e61581cce32/Insights/ArchivedEvents/Session/session_end_event
  artifactKey: Guid(e5bba8ff3b76a5800b4fb3f571668e13) Importer(2089858483,b0f066a214c2f5e87bad3c948f4d605d)
Start importing Assets/Main/ExperimentResults/Unity/eb1bf7b9-dc49-4d0a-9aef-5e61581cce32/Insights/ArchivedEvents/Session/session_end_event using Guid(e5bba8ff3b76a5800b4fb3f571668e13) Importer(2089858483,b0f066a214c2f5e87bad3c948f4d605d) (ScriptedImporter) -> (artifact id: 'cd225e7ba73650617744dfe9571eead5') in 0.006031324 seconds
Number of updated asset objects reloaded before import = 0Number of asset objects unloaded after import = 1

========================================================================
Received Import Request.
  Time since last request: 0.000055 seconds.
  path: Assets/Main/ExperimentResults/Unity/eb1bf7b9-dc49-4d0a-9aef-5e61581cce32/Analytics/ArchivedEvents/177793564900001.1cd394b8/g
  artifactKey: Guid(dbdb2357f7fd4af0aafc83146f44d795) Importer(2089858483,b0f066a214c2f5e87bad3c948f4d605d)
Start importing Assets/Main/ExperimentResults/Unity/eb1bf7b9-dc49-4d0a-9aef-5e61581cce32/Analytics/ArchivedEvents/177793564900001.1cd394b8/g using Guid(dbdb2357f7fd4af0aafc83146f44d795) Importer(2089858483,b0f066a214c2f5e87bad3c948f4d605d) (ScriptedImporter) -> (artifact id: '4013f5c499968623b4b42a8b3091352b') in 0.005735298 seconds
Number of updated asset objects reloaded before import = 0Number of asset objects unloaded after import = 1

========================================================================
Received Import Request.
  Time since last request: 0.000060 seconds.
  path: Assets/Main/ExperimentResults/Unity/eb1bf7b9-dc49-4d0a-9aef-5e61581cce32/Insights/fb94218b22ae63b8d6913686d8b2f80a.bin
  artifactKey: Guid(4569646e889483d20854fb750b78570b) Importer(2089858483,b0f066a214c2f5e87bad3c948f4d605d)
Start importing Assets/Main/ExperimentResults/Unity/eb1bf7b9-dc49-4d0a-9aef-5e61581cce32/Insights/fb94218b22ae63b8d6913686d8b2f80a.bin using Guid(4569646e889483d20854fb750b78570b) Importer(2089858483,b0f066a214c2f5e87bad3c948f4d605d) (ScriptedImporter) -> (artifact id: '3587e323b9bac015f3e1ba95efe5c2c7') in 0.008020826 seconds
Number of updated asset objects reloaded before import = 0Number of asset objects unloaded after import = 1

========================================================================
Received Import Request.
  Time since last request: 0.000120 seconds.
  path: Assets/Main/ExperimentResults/Unity/eb1bf7b9-dc49-4d0a-9aef-5e61581cce32/Analytics/ArchivedEvents/177793481800003.93296d8a/c
  artifactKey: Guid(70edaf97864ce84dcaa7515a8de156e9) Importer(2089858483,b0f066a214c2f5e87bad3c948f4d605d)
Start importing Assets/Main/ExperimentResults/Unity/eb1bf7b9-dc49-4d0a-9aef-5e61581cce32/Analytics/ArchivedEvents/177793481800003.93296d8a/c using Guid(70edaf97864ce84dcaa7515a8de156e9) Importer(2089858483,b0f066a214c2f5e87bad3c948f4d605d) (ScriptedImporter) -> (artifact id: '3a84b86fa3f6f5c77914a0ddd3bdef48') in 0.005712496 seconds
Number of updated asset objects reloaded before import = 0Number of asset objects unloaded after import = 1

========================================================================
Received Import Request.
  Time since last request: 0.000060 seconds.
  path: Assets/Main/ExperimentResults/Unity/eb1bf7b9-dc49-4d0a-9aef-5e61581cce32/Analytics/ArchivedEvents/177793481800004.93296d8a/c
  artifactKey: Guid(0d7e5aae63ed29e25897664984e6a05c) Importer(2089858483,b0f066a214c2f5e87bad3c948f4d605d)
Start importing Assets/Main/ExperimentResults/Unity/eb1bf7b9-dc49-4d0a-9aef-5e61581cce32/Analytics/ArchivedEvents/177793481800004.93296d8a/c using Guid(0d7e5aae63ed29e25897664984e6a05c) Importer(2089858483,b0f066a214c2f5e87bad3c948f4d605d) (ScriptedImporter) -> (artifact id: '9c3f1aecc2f156c5bf4da81a0d834fcd') in 0.006873874 seconds
Number of updated asset objects reloaded before import = 0Number of asset objects unloaded after import = 1

========================================================================
Received Import Request.
  Time since last request: 0.000116 seconds.
  path: Assets/Main/ExperimentResults/Unity/eb1bf7b9-dc49-4d0a-9aef-5e61581cce32/Analytics/ArchivedEvents/177793594800002.1cd394b8/c
  artifactKey: Guid(9c9a614019d8e2b67af6bf8be499a6fa) Importer(2089858483,b0f066a214c2f5e87bad3c948f4d605d)
Start importing Assets/Main/ExperimentResults/Unity/eb1bf7b9-dc49-4d0a-9aef-5e61581cce32/Analytics/ArchivedEvents/177793594800002.1cd394b8/c using Guid(9c9a614019d8e2b67af6bf8be499a6fa) Importer(2089858483,b0f066a214c2f5e87bad3c948f4d605d) (ScriptedImporter) -> (artifact id: 'a77a0e7b084c104d6625f3af74c85e74') in 0.008006559 seconds
Number of updated asset objects reloaded before import = 0Number of asset objects unloaded after import = 1

========================================================================
Received Import Request.
  Time since last request: 0.000058 seconds.
  path: Assets/Main/ExperimentResults/Unity/eb1bf7b9-dc49-4d0a-9aef-5e61581cce32/Analytics/ArchivedEvents/177793494700005.93296d8a/s
  artifactKey: Guid(822500b013591d51f8357608b4f57f7e) Importer(2089858483,b0f066a214c2f5e87bad3c948f4d605d)
Start importing Assets/Main/ExperimentResults/Unity/eb1bf7b9-dc49-4d0a-9aef-5e61581cce32/Analytics/ArchivedEvents/177793494700005.93296d8a/s using Guid(822500b013591d51f8357608b4f57f7e) Importer(2089858483,b0f066a214c2f5e87bad3c948f4d605d) (ScriptedImporter) -> (artifact id: '4e9d9ef1acc0dcaae4840c08379cc1b6') in 0.00546956 seconds
Number of updated asset objects reloaded before import = 0Number of asset objects unloaded after import = 1

Editor requested this worker to shutdown with reason: Scaling down because of idle timeout
AssetImportWorker is now disconnected from the server
Process exiting

SDL leaked 2 allocations
Internal: Possible leak. All render target surfaces should be removed from IdMap when destructed using RenderTargetMap::Remove(RenderSurfaceBase* rs).
