Unity Editor version:    6000.3.6f1 (bbb010bdb8a3)
Branch:                  6000.3/respin/6000.3.6f1-732c1ec89f18
Build type:              Release
Batch mode:              YES
System name:             Linux
Distro version:          #22~24.04.1-Ubuntu SMP PREEMPT_DYNAMIC Thu Mar 26 15:25:54 UTC 2
Kernel version:          6.17.0-22-generic
Architecture:            x86_64
Available memory:        15205 MB
Date:                    2026-05-04T17:35:17Z
[Licensing::Module] Trying to connect to existing licensing client channel...
[Licensing::IpcConnector] Successfully connected to: "LicenseClient-collector25061" at "2026-05-04T17:35:17.376375Z"
[SignatureVerifier] Application signature verification not supported on this platform.
[Licensing::Client] Handshaking with LicensingClient:
  Version:                 1.17.4+4293ba1
  Session Id:              e97a7b45680c4e4c8022eaf5b57b4f4f
  Correlation Id:          46d76688856074d3b052eb279a3744d8
  External correlation Id: 6716772763384859845
  Machine Id:              reyimwx9n/iaWxeQDpiYtRc7igQ=
[Licensing::Module] Successfully connected to LicensingClient on channel: "LicenseClient-collector25061" (connect: 0.00s, validation: 0.01s, handshake: 0.00s)
[Licensing::IpcConnector] Successfully connected to: "LicenseClient-collector25061-notifications" at "2026-05-04T17:35:17.38467Z"
[Licensing::Module] Licensing Background thread has ended after 0.01s
Selected window backend: (null) 
Desktop is 4480 x 1440 @ 60 Hz
Initialize udev device monitor.

COMMAND LINE ARGUMENTS:
Unity
-adb2
-batchMode
-noUpm
-name
AssetImportWorker29
-projectPath
/home/collector25061/Documents/GitHub/Cross-Study-Analysis-between-Virtual-Reality-Object-Manipulation-and-Spatial-Learning-SOFTWARE/My project
-logFile
Logs/AssetImportWorker29.log
-srvPort
37327
-licensingIpc
LicenseClient-collector25061
-job-worker-count
7
-background-job-worker-count
8
-gc-helper-count
1
Successfully changed project path to: /home/collector25061/Documents/GitHub/Cross-Study-Analysis-between-Virtual-Reality-Object-Manipulation-and-Spatial-Learning-SOFTWARE/My project
/home/collector25061/Documents/GitHub/Cross-Study-Analysis-between-Virtual-Reality-Object-Manipulation-and-Spatial-Learning-SOFTWARE/My project
[UnityMemory] Configuration Parameters - Can be set up in boot.config
    "memorysetup-allocator-temp-initial-block-size-main=262144"
    "memorysetup-allocator-temp-initial-block-size-worker=262144"
    "memorysetup-temp-allocator-size-background-worker=32768"
    "memorysetup-temp-allocator-size-job-worker=262144"
    "memorysetup-temp-allocator-size-preload-manager=33554432"
    "memorysetup-temp-allocator-size-nav-mesh-worker=65536"
    "memorysetup-temp-allocator-size-audio-worker=65536"
    "memorysetup-temp-allocator-size-cloud-worker=32768"
    "memorysetup-temp-allocator-size-gi-baking-worker=262144"
    "memorysetup-temp-allocator-size-gi-baking-worker=262144"
    "memorysetup-temp-allocator-size-gi-baking-worker=262144"
    "memorysetup-temp-allocator-size-gi-baking-worker=262144"
    "memorysetup-temp-allocator-size-gi-baking-worker=262144"
    "memorysetup-bucket-allocator-granularity=16"
    "memorysetup-bucket-allocator-bucket-count=8"
    "memorysetup-bucket-allocator-block-size=33554432"
    "memorysetup-bucket-allocator-block-count=8"
    "memorysetup-main-allocator-block-size=16777216"
    "memorysetup-thread-allocator-block-size=16777216"
    "memorysetup-gfx-main-allocator-block-size=16777216"
    "memorysetup-gfx-thread-allocator-block-size=16777216"
    "memorysetup-cache-allocator-block-size=4194304"
    "memorysetup-typetree-allocator-block-size=2097152"
    "memorysetup-profiler-bucket-allocator-granularity=16"
    "memorysetup-profiler-bucket-allocator-bucket-count=8"
    "memorysetup-profiler-bucket-allocator-block-size=33554432"
    "memorysetup-profiler-bucket-allocator-block-count=8"
    "memorysetup-profiler-allocator-block-size=16777216"
    "memorysetup-profiler-editor-allocator-block-size=1048576"
    "memorysetup-temp-allocator-size-main=16777216"
    "memorysetup-job-temp-allocator-block-size=2097152"
    "memorysetup-job-temp-allocator-block-size-background=1048576"
    "memorysetup-job-temp-allocator-reduction-small-platforms=262144"
    "memorysetup-temp-allocator-size-gfx=262144"
Player connection [125970074942272]  Target information:

Player connection [125970074942272]  * "[IP] 10.140.44.20 [Port] 0 [Flags] 2 [Guid] 2073463970 [EditorId] 2073463970 [Version] 1048832 [Id] LinuxEditor(16,10.140.44.20) [Debug] 1 [PackageName] LinuxEditor [ProjectName] Editor" 

Player connection [125970074942272]  * "[IP] 100.66.165.22 [Port] 0 [Flags] 2 [Guid] 2073463970 [EditorId] 2073463970 [Version] 1048832 [Id] LinuxEditor(16,10.140.44.20) [Debug] 1 [PackageName] LinuxEditor [ProjectName] Editor" 

Player connection [125970074942272] Host joined multi-casting on [225.0.0.222:54997]...
Player connection [125970074942272] Host joined alternative multi-casting on [225.0.0.222:34997]...
JobSystem: Creating JobQueue using job-worker-count value 7
Input System module state changed to: Initialized.
[Physics::Module] Initialized fallback backend.
[Physics::Module] Id: 0xdecafbad
Library Redirect Path: Library/
[Physics::Module] Selected backend.
[Physics::Module] Name: PhysX
[Physics::Module] Id: 0xf2b8ea05
[Physics::Module] SDK Version: 4.1.2
[Physics::Module] Integration Version: 1.0.0
[Physics::Module] Threading Mode: Multi-Threaded
[Licensing::Client] Successfully resolved entitlement details
[Licensing::Module] License group:
  Id: 2474148848911-UnityPersXXXX
  Product: Unity Personal
  Type: Assigned
  Expiration: Unlimited
Refreshing native plugins compatible for Editor in 35.89 ms, found 0 plugins.
Preloading 0 native plugins for Editor in 0.00 ms.
Initialize engine version: 6000.3.6f1 (bbb010bdb8a3)
[Subsystems] Discovering subsystems at path /home/collector25061/Unity/Hub/Editor/6000.3.6f1/Editor/Data/Resources/UnitySubsystems
[Subsystems] Discovering subsystems at path /home/collector25061/Documents/GitHub/Cross-Study-Analysis-between-Virtual-Reality-Object-Manipulation-and-Spatial-Learning-SOFTWARE/My project/Assets
kGfxThreadingModeNonThreaded is not supported on OpenGL Core. Reverting to kGfxThreadingModeDirect instead.
GfxDevice: creating device client; kGfxThreadingModeDirect
GLX Extensions: GLX_ARB_context_flush_control GLX_ARB_create_context GLX_ARB_create_context_no_error GLX_ARB_create_context_profile GLX_ARB_create_context_robustness GLX_ARB_fbconfig_float GLX_ARB_framebuffer_sRGB GLX_ARB_get_proc_address GLX_ARB_multisample GLX_EXT_buffer_age GLX_EXT_create_context_es2_profile GLX_EXT_create_context_es_profile GLX_EXT_fbconfig_packed_float GLX_EXT_framebuffer_sRGB GLX_EXT_no_config_context GLX_EXT_swap_control GLX_EXT_swap_control_tear GLX_EXT_texture_from_pixmap GLX_EXT_visual_info GLX_EXT_visual_rating GLX_INTEL_swap_event GLX_MESA_copy_sub_buffer GLX_MESA_gl_interop GLX_MESA_query_renderer GLX_MESA_swap_control GLX_OML_sync_control GLX_SGIS_multisample GLX_SGIX_fbconfig GLX_SGIX_pbuffer GLX_SGIX_visual_select_group GLX_SGI_make_current_read GLX_SGI_swap_control GLX_SGI_video_sync 
Renderer: AMD Radeon Graphics (radeonsi, renoir, ACO, DRM 3.64, 6.17.0-22-generic)
Vendor:   AMD
Version:  4.6 (Core Profile) Mesa 25.2.8-0ubuntu0.24.04.1
GLES:     0
 GL_AMD_conservative_depth GL_AMD_depth_clamp_separate GL_AMD_draw_buffers_blend GL_AMD_framebuffer_multisample_advanced GL_AMD_gpu_shader_int64 GL_AMD_multi_draw_indirect GL_AMD_performance_monitor GL_AMD_pinned_memory GL_AMD_query_buffer_object GL_AMD_seamless_cubemap_per_texture GL_AMD_shader_stencil_export GL_AMD_shader_trinary_minmax GL_AMD_texture_texture4 GL_AMD_vertex_shader_layer GL_AMD_vertex_shader_viewport_index GL_ANGLE_texture_compression_dxt3 GL_ANGLE_texture_compression_dxt5 GL_ARB_ES2_compatibility GL_ARB_ES3_1_compatibility GL_ARB_ES3_2_compatibility GL_ARB_ES3_compatibility GL_ARB_arrays_of_arrays GL_ARB_base_instance GL_ARB_bindless_texture GL_ARB_blend_func_extended GL_ARB_buffer_storage GL_ARB_clear_buffer_object GL_ARB_clear_texture GL_ARB_clip_control GL_ARB_color_buffer_float GL_ARB_compressed_texture_pixel_storage GL_ARB_compute_shader GL_ARB_compute_variable_group_size GL_ARB_conditional_render_inverted GL_ARB_conservative_depth GL_ARB_copy_buffer GL_ARB_copy_image GL_ARB_cull_dist
ance GL_ARB_debug_output GL_ARB_depth_buffer_float GL_ARB_depth_clamp GL_ARB_derivative_control GL_ARB_direct_state_access GL_ARB_draw_buffers GL_ARB_draw_buffers_blend GL_ARB_draw_elements_base_vertex GL_ARB_draw_indirect GL_ARB_draw_instanced GL_ARB_enhanced_layouts GL_ARB_explicit_attrib_location GL_ARB_explicit_uniform_location GL_ARB_fragment_coord_conventions GL_ARB_fragment_layer_viewport GL_ARB_fragment_shader GL_ARB_framebuffer_no_attachments GL_ARB_framebuffer_object GL_ARB_framebuffer_sRGB GL_ARB_get_program_binary GL_ARB_get_texture_sub_image GL_ARB_gl_spirv GL_ARB_gpu_shader5 GL_ARB_gpu_shader_fp64 GL_ARB_gpu_shader_int64 GL_ARB_half_float_pixel GL_ARB_half_float_vertex GL_ARB_indirect_parameters GL_ARB_instanced_arrays GL_ARB_internalformat_query GL_ARB_internalformat_query2 GL_ARB_invalidate_subdata GL_ARB_map_buffer_alignment GL_ARB_map_buffer_range GL_ARB_multi_bind GL_ARB_multi_draw_indirect GL_ARB_occlusion_query2 GL_ARB_parallel_shader_compile GL_ARB_pipeline_statistics_query GL_ARB_pixel
_buffer_object GL_ARB_point_sprite GL_ARB_polygon_offset_clamp GL_ARB_program_interface_query GL_ARB_provoking_vertex GL_ARB_query_buffer_object GL_ARB_robust_buffer_access_behavior GL_ARB_robustness GL_ARB_sample_shading GL_ARB_sampler_objects GL_ARB_seamless_cube_map GL_ARB_seamless_cubemap_per_texture GL_ARB_separate_shader_objects GL_ARB_shader_atomic_counter_ops GL_ARB_shader_atomic_counters GL_ARB_shader_ballot GL_ARB_shader_bit_encoding GL_ARB_shader_clock GL_ARB_shader_draw_parameters GL_ARB_shader_group_vote GL_ARB_shader_image_load_store GL_ARB_shader_image_size GL_ARB_shader_objects GL_ARB_shader_precision GL_ARB_shader_stencil_export GL_ARB_shader_storage_buffer_object GL_ARB_shader_subroutine GL_ARB_shader_texture_image_samples GL_ARB_shader_texture_lod GL_ARB_shader_viewport_layer_array GL_ARB_shading_language_420pack GL_ARB_shading_language_include GL_ARB_shading_language_packing GL_ARB_sparse_buffer GL_ARB_sparse_texture GL_ARB_sparse_texture2 GL_ARB_sparse_texture_clamp GL_ARB_spirv_extensio
ns GL_ARB_stencil_texturing GL_ARB_sync GL_ARB_tessellation_shader GL_ARB_texture_barrier GL_ARB_texture_border_clamp GL_ARB_texture_buffer_object GL_ARB_texture_buffer_object_rgb32 GL_ARB_texture_buffer_range GL_ARB_texture_compression_bptc GL_ARB_texture_compression_rgtc GL_ARB_texture_cube_map_array GL_ARB_texture_filter_anisotropic GL_ARB_texture_filter_minmax GL_ARB_texture_float GL_ARB_texture_gather GL_ARB_texture_mirror_clamp_to_edge GL_ARB_texture_multisample GL_ARB_texture_non_power_of_two GL_ARB_texture_query_levels GL_ARB_texture_query_lod GL_ARB_texture_rectangle GL_ARB_texture_rg GL_ARB_texture_rgb10_a2ui GL_ARB_texture_stencil8 GL_ARB_texture_storage GL_ARB_texture_storage_multisample GL_ARB_texture_swizzle GL_ARB_texture_view GL_ARB_timer_query GL_ARB_transform_feedback2 GL_ARB_transform_feedback3 GL_ARB_transform_feedback_instanced GL_ARB_transform_feedback_overflow_query GL_ARB_uniform_buffer_object GL_ARB_vertex_array_bgra GL_ARB_vertex_array_object GL_ARB_vertex_attrib_64bit GL_ARB_vertex
_attrib_binding GL_ARB_vertex_buffer_object GL_ARB_vertex_shader GL_ARB_vertex_type_10f_11f_11f_rev GL_ARB_vertex_type_2_10_10_10_rev GL_ARB_viewport_array GL_ATI_blend_equation_separate GL_ATI_meminfo GL_ATI_texture_float GL_ATI_texture_mirror_once GL_EXT_EGL_image_storage GL_EXT_EGL_image_storage_compression GL_EXT_EGL_sync GL_EXT_abgr GL_EXT_blend_equation_separate GL_EXT_debug_label GL_EXT_demote_to_helper_invocation GL_EXT_depth_bounds_test GL_EXT_draw_buffers2 GL_EXT_draw_instanced GL_EXT_framebuffer_blit GL_EXT_framebuffer_multisample GL_EXT_framebuffer_multisample_blit_scaled GL_EXT_framebuffer_object GL_EXT_framebuffer_sRGB GL_EXT_memory_object GL_EXT_memory_object_fd GL_EXT_packed_depth_stencil GL_EXT_packed_float GL_EXT_pixel_buffer_object GL_EXT_polygon_offset_clamp GL_EXT_provoking_vertex GL_EXT_semaphore GL_EXT_semaphore_fd GL_EXT_shader_clock GL_EXT_shader_image_load_formatted GL_EXT_shader_image_load_store GL_EXT_shader_integer_mix GL_EXT_shader_samples_identical GL_EXT_texture_array GL_EXT_t
exture_compression_dxt1 GL_EXT_texture_compression_rgtc GL_EXT_texture_compression_s3tc GL_EXT_texture_filter_anisotropic GL_EXT_texture_filter_minmax GL_EXT_texture_integer GL_EXT_texture_mirror_clamp GL_EXT_texture_sRGB GL_EXT_texture_sRGB_R8 GL_EXT_texture_sRGB_decode GL_EXT_texture_shadow_lod GL_EXT_texture_shared_exponent GL_EXT_texture_snorm GL_EXT_texture_storage GL_EXT_texture_swizzle GL_EXT_timer_query GL_EXT_transform_feedback GL_EXT_vertex_array_bgra GL_EXT_vertex_attrib_64bit GL_EXT_window_rectangles GL_IBM_multimode_draw_arrays GL_INTEL_blackhole_render GL_KHR_blend_equation_advanced GL_KHR_context_flush_control GL_KHR_debug GL_KHR_no_error GL_KHR_parallel_shader_compile GL_KHR_robust_buffer_access_behavior GL_KHR_robustness GL_KHR_shader_subgroup GL_KHR_texture_compression_astc_ldr GL_KHR_texture_compression_astc_sliced_3d GL_MESA_framebuffer_flip_y GL_MESA_pack_invert GL_MESA_shader_integer_functions GL_MESA_texture_const_bandwidth GL_MESA_texture_signed_rgba GL_NVX_gpu_memory_info GL_NV_alpha
_to_coverage_dither_control GL_NV_compute_shader_derivatives GL_NV_conditional_render GL_NV_copy_image GL_NV_depth_clamp GL_NV_packed_depth_stencil GL_NV_shader_atomic_int64 GL_NV_texture_barrier GL_NV_vdpau_interop GL_OES_EGL_image GL_S3_s3tc
OPENGL LOG: Creating OpenGL 4.6 graphics device ; Context level  <OpenGL 4.5> ; Context handle 1061689952
Initialize mono
Mono path[0] = '/home/collector25061/Unity/Hub/Editor/6000.3.6f1/Editor/Data/Managed'
Mono path[1] = '/home/collector25061/Unity/Hub/Editor/6000.3.6f1/Editor/Data/MonoBleedingEdge/lib/mono/unityjit-linux'
Mono config path = '/home/collector25061/Unity/Hub/Editor/6000.3.6f1/Editor/Data/MonoBleedingEdge/etc'
Using monoOptions --debugger-agent=transport=dt_socket,embedding=1,server=y,suspend=n,address=127.0.0.1:56523
Begin MonoManager ReloadAssembly
Registering precompiled unity dll's ...
Register platform support module: /home/collector25061/Unity/Hub/Editor/6000.3.6f1/Editor/Data/PlaybackEngines/AndroidPlayer/UnityEditor.Android.Extensions.dll
Register platform support module: /home/collector25061/Unity/Hub/Editor/6000.3.6f1/Editor/Data/PlaybackEngines/LinuxStandaloneSupport/UnityEditor.LinuxStandalone.Extensions.dll
Registered in 0.003307 seconds.
- Loaded All Assemblies, in  0.520 seconds
Native extension for LinuxStandalone target not found
Native extension for Android target not found
Android Extension - Scanning For ADB Devices 556 ms
Package Manager log level set to [2]
[Package Manager] Failed to launch server process. Reason: Unity was launched with the -noUpm command-line argument
[Package Manager] Unable to send message (not connected to server process).
[Package Manager] Cannot connect to Unity Package Manager local server
ScheduleIndexationOnStartup MainProcess:False IndexOnStartup:True
Mono: successfully reloaded assembly
- Finished resetting the current domain, in  1.275 seconds
Domain Reload Profiling: 1795ms
	BeginReloadAssembly (119ms)
		ExecutionOrderSort (0ms)
		DisableScriptedObjects (0ms)
		BackupInstance (0ms)
		ReleaseScriptingObjects (0ms)
		CreateAndSetChildDomain (1ms)
	RebuildCommonClasses (53ms)
	RebuildNativeTypeToScriptingClass (11ms)
	initialDomainReloadingComplete (67ms)
	LoadAllAssembliesAndSetupDomain (269ms)
		LoadAssemblies (118ms)
		RebuildTransferFunctionScriptingTraits (0ms)
		AnalyzeDomain (265ms)
			TypeCache.Refresh (262ms)
				TypeCache.ScanAssembly (239ms)
			BuildScriptInfoCaches (0ms)
			ResolveRequiredComponents (0ms)
	FinalizeReload (1276ms)
		ReleaseScriptCaches (0ms)
		RebuildScriptCaches (0ms)
		SetupLoadedEditorAssemblies (1197ms)
			LogAssemblyErrors (0ms)
			InitializePlatformSupportModulesInManaged (677ms)
			SetLoadedEditorAssemblies (9ms)
			BeforeProcessingInitializeOnLoad (164ms)
			ProcessInitializeOnLoadAttributes (237ms)
			ProcessInitializeOnLoadMethodAttributes (109ms)
			AfterProcessingInitializeOnLoad (0ms)
			EditorAssembliesLoaded (0ms)
		ExecutionOrderSort2 (0ms)
		AwakeInstancesAfterBackupRestoration (0ms)
========================================================================
Worker process is ready to serve import requests
Import Worker Mode flag is 0x00
Begin MonoManager ReloadAssembly
[Licensing::Client] Successfully resolved entitlement details
- Loaded All Assemblies, in  1.268 seconds
Refreshing native plugins compatible for Editor in 4.13 ms, found 0 plugins.
Native extension for LinuxStandalone target not found
Native extension for Android target not found
[Package Manager] Failed to launch server process. Reason: Unity was launched with the -noUpm command-line argument
[Package Manager] Unable to send message (not connected to server process).
[Package Manager] Cannot connect to Unity Package Manager local server
ScheduleIndexationOnStartup MainProcess:False IndexOnStartup:True
Mono: successfully reloaded assembly
[Package Manager] Failed to launch server process. Reason: Unity was launched with the -noUpm command-line argument
[Package Manager] Unable to send message (not connected to server process).
[Package Manager] Cannot connect to Unity Package Manager local server
[Package Manager] Failed to launch server process. Reason: Unity was launched with the -noUpm command-line argument
[Package Manager] Unable to send message (not connected to server process).
[Package Manager] Cannot connect to Unity Package Manager local server
- Finished resetting the current domain, in  1.423 seconds
Domain Reload Profiling: 2683ms
	BeginReloadAssembly (263ms)
		ExecutionOrderSort (0ms)
		DisableScriptedObjects (9ms)
		BackupInstance (0ms)
		ReleaseScriptingObjects (0ms)
		CreateAndSetChildDomain (82ms)
	RebuildCommonClasses (52ms)
	RebuildNativeTypeToScriptingClass (11ms)
	initialDomainReloadingComplete (57ms)
	LoadAllAssembliesAndSetupDomain (876ms)
		LoadAssemblies (491ms)
		RebuildTransferFunctionScriptingTraits (0ms)
		AnalyzeDomain (508ms)
			TypeCache.Refresh (329ms)
				TypeCache.ScanAssembly (299ms)
			BuildScriptInfoCaches (153ms)
			ResolveRequiredComponents (18ms)
	FinalizeReload (1423ms)
		ReleaseScriptCaches (0ms)
		RebuildScriptCaches (0ms)
		SetupLoadedEditorAssemblies (1059ms)
			LogAssemblyErrors (0ms)
			InitializePlatformSupportModulesInManaged (14ms)
			SetLoadedEditorAssemblies (18ms)
			BeforeProcessingInitializeOnLoad (259ms)
			ProcessInitializeOnLoadAttributes (548ms)
			ProcessInitializeOnLoadMethodAttributes (212ms)
			AfterProcessingInitializeOnLoad (7ms)
			EditorAssembliesLoaded (1ms)
		ExecutionOrderSort2 (0ms)
		AwakeInstancesAfterBackupRestoration (4ms)
WARNING: Shader Unsupported: 'Ultraleap/LegacyHandShader' - All subshaders removed
WARNING: Shader Did you use #pragma only_renderers and omit this platform?
WARNING: Shader If subshaders removal was intentional, you may have forgotten turning Fallback off?
WARNING: Shader Unsupported: 'Ultraleap/LegacyHandShader' - All subshaders removed
WARNING: Shader Did you use #pragma only_renderers and omit this platform?
WARNING: Shader If subshaders removal was intentional, you may have forgotten turning Fallback off?
AutoLocale: current locale expects 'C' but got 'en_US.UTF-8'Launched and connected shader compiler UnityShaderCompiler after 0.04 seconds
Refreshing native plugins compatible for Editor in 5.23 ms, found 0 plugins.
Preloading 0 native plugins for Editor in 0.00 ms.
Unloading 17 Unused Serialized files (Serialized files now loaded: 0)
Unloading 7742 unused Assets / (7.2 MB). Loaded Objects now: 8604.
Memory consumption went from 165.8 MB to 158.6 MB.
Total: 24.255589 ms (FindLiveObjects: 1.416597 ms CreateObjectMapping: 2.159040 ms MarkObjects: 12.533110 ms  DeleteObjects: 8.110574 ms)

========================================================================
Received Prepare
WARNING: Shader Unsupported: 'Ultraleap/LegacyHandShader' - All subshaders removed
WARNING: Shader Did you use #pragma only_renderers and omit this platform?
WARNING: Shader If subshaders removal was intentional, you may have forgotten turning Fallback off?
WARNING: Shader Unsupported: 'Ultraleap/LegacyHandShader' - All subshaders removed
WARNING: Shader Did you use #pragma only_renderers and omit this platform?
WARNING: Shader If subshaders removal was intentional, you may have forgotten turning Fallback off?
Refreshing native plugins compatible for Editor in 4.71 ms, found 0 plugins.
Preloading 0 native plugins for Editor in 0.00 ms.
Unloading 19 Unused Serialized files (Serialized files now loaded: 0)
Unloading 17 unused Assets / (1.9 MB). Loaded Objects now: 8607.
Memory consumption went from 160.0 MB to 158.0 MB.
Total: 15.022651 ms (FindLiveObjects: 0.836139 ms CreateObjectMapping: 0.422282 ms MarkObjects: 12.206367 ms  DeleteObjects: 1.555417 ms)

Prepare: number of updated asset objects reloaded= 0
========================================================================
Received Import Request.
  Time since last request: 113807.617301 seconds.
  path: Assets/Main/Trials/TrialScene.prefab
  artifactKey: Guid(872dba719f88c74baa0416a273dfd18b) Importer(815301076,1909f56bfc062723c751e8b465ee728b)
Start importing Assets/Main/Trials/TrialScene.prefab using Guid(872dba719f88c74baa0416a273dfd18b) Importer(815301076,1909f56bfc062723c751e8b465ee728b) (PreviewImporter) -> (artifact id: '119368c331f75be90dc3b62c3efb2024') in 0.893980068 seconds
Number of updated asset objects reloaded before import = 0Number of asset objects unloaded after import = 269

========================================================================
Received Import Request.
  Time since last request: 4.031462 seconds.
  path: Assets/Main/Trials/TrialScene.prefab
  artifactKey: Guid(872dba719f88c74baa0416a273dfd18b) Importer(815301076,1909f56bfc062723c751e8b465ee728b)
Start importing Assets/Main/Trials/TrialScene.prefab using Guid(872dba719f88c74baa0416a273dfd18b) Importer(815301076,1909f56bfc062723c751e8b465ee728b) (PreviewImporter) -> (artifact id: '39ad40e2cd2557296f66791134248c9c') in 0.076389134 seconds
Number of updated asset objects reloaded before import = 0Number of asset objects unloaded after import = 271

========================================================================
Received Import Request.
  Time since last request: 2.338739 seconds.
  path: Assets/Main/Trials/TrialScene.prefab
  artifactKey: Guid(872dba719f88c74baa0416a273dfd18b) Importer(815301076,1909f56bfc062723c751e8b465ee728b)
Start importing Assets/Main/Trials/TrialScene.prefab using Guid(872dba719f88c74baa0416a273dfd18b) Importer(815301076,1909f56bfc062723c751e8b465ee728b) (PreviewImporter) -> (artifact id: '7fa772690f40a0c947457327b9a97e30') in 0.058689652 seconds
Number of updated asset objects reloaded before import = 0Number of asset objects unloaded after import = 271

========================================================================
Received Import Request.
  Time since last request: 11.278426 seconds.
  path: Assets/Main/Trials/TrialScene.prefab
  artifactKey: Guid(872dba719f88c74baa0416a273dfd18b) Importer(815301076,1909f56bfc062723c751e8b465ee728b)
Start importing Assets/Main/Trials/TrialScene.prefab using Guid(872dba719f88c74baa0416a273dfd18b) Importer(815301076,1909f56bfc062723c751e8b465ee728b) (PreviewImporter) -> (artifact id: '634a3f7365b297328af8c3fac64eb182') in 0.075929422 seconds
Number of updated asset objects reloaded before import = 0Number of asset objects unloaded after import = 272

========================================================================
Received Import Request.
  Time since last request: 6.699954 seconds.
  path: Assets/Main/Trials/TrialScene.prefab
  artifactKey: Guid(872dba719f88c74baa0416a273dfd18b) Importer(815301076,1909f56bfc062723c751e8b465ee728b)
Start importing Assets/Main/Trials/TrialScene.prefab using Guid(872dba719f88c74baa0416a273dfd18b) Importer(815301076,1909f56bfc062723c751e8b465ee728b) (PreviewImporter) -> (artifact id: 'd4fefa21b95cb81e73a71272d4edfa26') in 0.064290769 seconds
Number of updated asset objects reloaded before import = 0Number of asset objects unloaded after import = 272

========================================================================
Received Import Request.
  Time since last request: 0.167922 seconds.
  path: Assets/Main/Trials/TrialScene.prefab
  artifactKey: Guid(872dba719f88c74baa0416a273dfd18b) Importer(815301076,1909f56bfc062723c751e8b465ee728b)
Start importing Assets/Main/Trials/TrialScene.prefab using Guid(872dba719f88c74baa0416a273dfd18b) Importer(815301076,1909f56bfc062723c751e8b465ee728b) (PreviewImporter) -> (artifact id: 'c546f3f4d8ad765cba48f694ebc20513') in 0.092664695 seconds
Number of updated asset objects reloaded before import = 0Number of asset objects unloaded after import = 272

========================================================================
Received Import Request.
  Time since last request: 0.438125 seconds.
  path: Assets/Main/Trials/TrialScene.prefab
  artifactKey: Guid(872dba719f88c74baa0416a273dfd18b) Importer(815301076,1909f56bfc062723c751e8b465ee728b)
Start importing Assets/Main/Trials/TrialScene.prefab using Guid(872dba719f88c74baa0416a273dfd18b) Importer(815301076,1909f56bfc062723c751e8b465ee728b) (PreviewImporter) -> (artifact id: 'f4870d272a1b94b56668f37b6d0efcfa') in 0.076095123 seconds
Number of updated asset objects reloaded before import = 0Number of asset objects unloaded after import = 272

========================================================================
Received Import Request.
  Time since last request: 11.768922 seconds.
  path: Assets/Main/Trials/TrialScene.prefab
  artifactKey: Guid(872dba719f88c74baa0416a273dfd18b) Importer(815301076,1909f56bfc062723c751e8b465ee728b)
Start importing Assets/Main/Trials/TrialScene.prefab using Guid(872dba719f88c74baa0416a273dfd18b) Importer(815301076,1909f56bfc062723c751e8b465ee728b) (PreviewImporter) -> (artifact id: 'a1e9f538cd643cebbc0773b12337c08f') in 0.077653607 seconds
Number of updated asset objects reloaded before import = 0Number of asset objects unloaded after import = 272

========================================================================
Received Import Request.
  Time since last request: 2.925595 seconds.
  path: Assets/Main/Trials/TrialScene.prefab
  artifactKey: Guid(872dba719f88c74baa0416a273dfd18b) Importer(815301076,1909f56bfc062723c751e8b465ee728b)
Start importing Assets/Main/Trials/TrialScene.prefab using Guid(872dba719f88c74baa0416a273dfd18b) Importer(815301076,1909f56bfc062723c751e8b465ee728b) (PreviewImporter) -> (artifact id: '4fc4d0e1fd94f72a3ecbf7a2d2701d0c') in 0.065902042 seconds
Number of updated asset objects reloaded before import = 0Number of asset objects unloaded after import = 272

========================================================================
Received Import Request.
  Time since last request: 6.084132 seconds.
  path: Assets/Main/Trials/TrialScene.prefab
  artifactKey: Guid(872dba719f88c74baa0416a273dfd18b) Importer(815301076,1909f56bfc062723c751e8b465ee728b)
Start importing Assets/Main/Trials/TrialScene.prefab using Guid(872dba719f88c74baa0416a273dfd18b) Importer(815301076,1909f56bfc062723c751e8b465ee728b) (PreviewImporter) -> (artifact id: 'ef8486696dda85d503bfacd5e780f016') in 0.074052521 seconds
Number of updated asset objects reloaded before import = 0Number of asset objects unloaded after import = 272

========================================================================
Received Import Request.
  Time since last request: 1.960823 seconds.
  path: Assets/Main/Trials/TrialScene.prefab
  artifactKey: Guid(872dba719f88c74baa0416a273dfd18b) Importer(815301076,1909f56bfc062723c751e8b465ee728b)
Start importing Assets/Main/Trials/TrialScene.prefab using Guid(872dba719f88c74baa0416a273dfd18b) Importer(815301076,1909f56bfc062723c751e8b465ee728b) (PreviewImporter) -> (artifact id: 'a14b08a1c106b5f60ca498ea0db89d5c') in 0.082176931 seconds
Number of updated asset objects reloaded before import = 0Number of asset objects unloaded after import = 272

========================================================================
Received Import Request.
  Time since last request: 5.336351 seconds.
  path: Assets/Main/Trials/TrialScene.prefab
  artifactKey: Guid(872dba719f88c74baa0416a273dfd18b) Importer(815301076,1909f56bfc062723c751e8b465ee728b)
Start importing Assets/Main/Trials/TrialScene.prefab using Guid(872dba719f88c74baa0416a273dfd18b) Importer(815301076,1909f56bfc062723c751e8b465ee728b) (PreviewImporter) -> (artifact id: '8071fb63045af4fb3792231428a45582') in 0.054450561 seconds
Number of updated asset objects reloaded before import = 0Number of asset objects unloaded after import = 272

========================================================================
Received Import Request.
  Time since last request: 7.298068 seconds.
  path: Assets/Main/Trials/TrialScene.prefab
  artifactKey: Guid(872dba719f88c74baa0416a273dfd18b) Importer(815301076,1909f56bfc062723c751e8b465ee728b)
Start importing Assets/Main/Trials/TrialScene.prefab using Guid(872dba719f88c74baa0416a273dfd18b) Importer(815301076,1909f56bfc062723c751e8b465ee728b) (PreviewImporter) -> (artifact id: '18a4a11b6c097f954e62a73714a662e3') in 0.068929912 seconds
Number of updated asset objects reloaded before import = 0Number of asset objects unloaded after import = 272

========================================================================
Received Import Request.
  Time since last request: 1.342319 seconds.
  path: Assets/Main/Trials/TrialScene.prefab
  artifactKey: Guid(872dba719f88c74baa0416a273dfd18b) Importer(815301076,1909f56bfc062723c751e8b465ee728b)
Start importing Assets/Main/Trials/TrialScene.prefab using Guid(872dba719f88c74baa0416a273dfd18b) Importer(815301076,1909f56bfc062723c751e8b465ee728b) (PreviewImporter) -> (artifact id: '895584b58d38a1383dc66427e803d5c9') in 0.056206114 seconds
Number of updated asset objects reloaded before import = 0Number of asset objects unloaded after import = 272

========================================================================
Received Import Request.
  Time since last request: 1.245053 seconds.
  path: Assets/Main/Trials/TrialScene.prefab
  artifactKey: Guid(872dba719f88c74baa0416a273dfd18b) Importer(815301076,1909f56bfc062723c751e8b465ee728b)
Start importing Assets/Main/Trials/TrialScene.prefab using Guid(872dba719f88c74baa0416a273dfd18b) Importer(815301076,1909f56bfc062723c751e8b465ee728b) (PreviewImporter) -> (artifact id: '3b8befd30a207140959b111b8995ab21') in 0.061093632 seconds
Number of updated asset objects reloaded before import = 0Number of asset objects unloaded after import = 275

========================================================================
Received Import Request.
  Time since last request: 2.859567 seconds.
  path: Assets/Main/Trials/TrialScene.prefab
  artifactKey: Guid(872dba719f88c74baa0416a273dfd18b) Importer(815301076,1909f56bfc062723c751e8b465ee728b)
Start importing Assets/Main/Trials/TrialScene.prefab using Guid(872dba719f88c74baa0416a273dfd18b) Importer(815301076,1909f56bfc062723c751e8b465ee728b) (PreviewImporter) -> (artifact id: 'dfa1153335dd84bf257b0d6eddd3999b') in 0.072952838 seconds
Number of updated asset objects reloaded before import = 0Number of asset objects unloaded after import = 275

========================================================================
Received Import Request.
  Time since last request: 4.816265 seconds.
  path: Assets/Main/Trials/TrialScene.prefab
  artifactKey: Guid(872dba719f88c74baa0416a273dfd18b) Importer(815301076,1909f56bfc062723c751e8b465ee728b)
Start importing Assets/Main/Trials/TrialScene.prefab using Guid(872dba719f88c74baa0416a273dfd18b) Importer(815301076,1909f56bfc062723c751e8b465ee728b) (PreviewImporter) -> (artifact id: '6dc201c3e3a3926bb2e86f84810522f8') in 0.06984042 seconds
Number of updated asset objects reloaded before import = 0Number of asset objects unloaded after import = 274

========================================================================
Received Import Request.
  Time since last request: 7.223814 seconds.
  path: Assets/Main/Trials/TrialScene.prefab
  artifactKey: Guid(872dba719f88c74baa0416a273dfd18b) Importer(815301076,1909f56bfc062723c751e8b465ee728b)
Start importing Assets/Main/Trials/TrialScene.prefab using Guid(872dba719f88c74baa0416a273dfd18b) Importer(815301076,1909f56bfc062723c751e8b465ee728b) (PreviewImporter) -> (artifact id: '64a801fe1bc7b3e329da5056319fb3d3') in 0.077714541 seconds
Number of updated asset objects reloaded before import = 0Number of asset objects unloaded after import = 275

========================================================================
Received Import Request.
  Time since last request: 5.128259 seconds.
  path: Assets/Main/Trials/TrialScene.prefab
  artifactKey: Guid(872dba719f88c74baa0416a273dfd18b) Importer(815301076,1909f56bfc062723c751e8b465ee728b)
Start importing Assets/Main/Trials/TrialScene.prefab using Guid(872dba719f88c74baa0416a273dfd18b) Importer(815301076,1909f56bfc062723c751e8b465ee728b) (PreviewImporter) -> (artifact id: 'f34fd8b6acfd1d5b548a495e31bf8fc8') in 0.048746932 seconds
Number of updated asset objects reloaded before import = 0Number of asset objects unloaded after import = 275

========================================================================
Received Import Request.
  Time since last request: 1.979743 seconds.
  path: Assets/Main/Trials/TrialScene.prefab
  artifactKey: Guid(872dba719f88c74baa0416a273dfd18b) Importer(815301076,1909f56bfc062723c751e8b465ee728b)
Start importing Assets/Main/Trials/TrialScene.prefab using Guid(872dba719f88c74baa0416a273dfd18b) Importer(815301076,1909f56bfc062723c751e8b465ee728b) (PreviewImporter) -> (artifact id: '6abb153c2fcd41eaf52ea5f487c92abf') in 0.058946595 seconds
Number of updated asset objects reloaded before import = 0Number of asset objects unloaded after import = 275

========================================================================
Received Import Request.
  Time since last request: 2.007791 seconds.
  path: Assets/Main/Trials/TrialScene.prefab
  artifactKey: Guid(872dba719f88c74baa0416a273dfd18b) Importer(815301076,1909f56bfc062723c751e8b465ee728b)
Start importing Assets/Main/Trials/TrialScene.prefab using Guid(872dba719f88c74baa0416a273dfd18b) Importer(815301076,1909f56bfc062723c751e8b465ee728b) (PreviewImporter) -> (artifact id: 'fe829f26f5804027d63e415b77012757') in 0.073647942 seconds
Number of updated asset objects reloaded before import = 0Number of asset objects unloaded after import = 274

========================================================================
Received Import Request.
  Time since last request: 3.816165 seconds.
  path: Assets/Main/Trials/TrialScene.prefab
  artifactKey: Guid(872dba719f88c74baa0416a273dfd18b) Importer(815301076,1909f56bfc062723c751e8b465ee728b)
Start importing Assets/Main/Trials/TrialScene.prefab using Guid(872dba719f88c74baa0416a273dfd18b) Importer(815301076,1909f56bfc062723c751e8b465ee728b) (PreviewImporter) -> (artifact id: '7ea533848048b7076e02daa78b66dcb3') in 0.083605111 seconds
Number of updated asset objects reloaded before import = 0Number of asset objects unloaded after import = 275

========================================================================
Received Import Request.
  Time since last request: 3.186375 seconds.
  path: Assets/Main/Trials/TrialScene.prefab
  artifactKey: Guid(872dba719f88c74baa0416a273dfd18b) Importer(815301076,1909f56bfc062723c751e8b465ee728b)
Start importing Assets/Main/Trials/TrialScene.prefab using Guid(872dba719f88c74baa0416a273dfd18b) Importer(815301076,1909f56bfc062723c751e8b465ee728b) (PreviewImporter) -> (artifact id: 'aaa63976038738464ffef63f68995fca') in 0.068771254 seconds
Number of updated asset objects reloaded before import = 0Number of asset objects unloaded after import = 275

========================================================================
Received Import Request.
  Time since last request: 5.271957 seconds.
  path: Assets/Main/Trials/TrialScene.prefab
  artifactKey: Guid(872dba719f88c74baa0416a273dfd18b) Importer(815301076,1909f56bfc062723c751e8b465ee728b)
Start importing Assets/Main/Trials/TrialScene.prefab using Guid(872dba719f88c74baa0416a273dfd18b) Importer(815301076,1909f56bfc062723c751e8b465ee728b) (PreviewImporter) -> (artifact id: 'a4e6a097a95dccd2d2f3211687735bd5') in 0.08393013 seconds
Number of updated asset objects reloaded before import = 0Number of asset objects unloaded after import = 275

========================================================================
Received Import Request.
  Time since last request: 12.317599 seconds.
  path: Assets/Main/Trials/TrialScene 1.prefab
  artifactKey: Guid(8891c2db6524d003690e88842a08ec91) Importer(815301076,1909f56bfc062723c751e8b465ee728b)
Start importing Assets/Main/Trials/TrialScene 1.prefab using Guid(8891c2db6524d003690e88842a08ec91) Importer(815301076,1909f56bfc062723c751e8b465ee728b) (PreviewImporter) -> (artifact id: '1c781bb73707a49ed7f64a5ebd04c707') in 0.061725858 seconds
Number of updated asset objects reloaded before import = 0Number of asset objects unloaded after import = 481

========================================================================
Received Import Request.
  Time since last request: 4.677729 seconds.
  path: Assets/Main/Trials/TrialScene 1.prefab
  artifactKey: Guid(8891c2db6524d003690e88842a08ec91) Importer(815301076,1909f56bfc062723c751e8b465ee728b)
Start importing Assets/Main/Trials/TrialScene 1.prefab using Guid(8891c2db6524d003690e88842a08ec91) Importer(815301076,1909f56bfc062723c751e8b465ee728b) (PreviewImporter) -> (artifact id: '75dbbe31a9efd19bc6652e9bfbfa9478') in 0.07579526 seconds
Number of updated asset objects reloaded before import = 0Number of asset objects unloaded after import = 480

========================================================================
Received Import Request.
  Time since last request: 1.742842 seconds.
  path: Assets/Main/Trials/TrialScene 1.prefab
  artifactKey: Guid(8891c2db6524d003690e88842a08ec91) Importer(815301076,1909f56bfc062723c751e8b465ee728b)
Start importing Assets/Main/Trials/TrialScene 1.prefab using Guid(8891c2db6524d003690e88842a08ec91) Importer(815301076,1909f56bfc062723c751e8b465ee728b) (PreviewImporter) -> (artifact id: 'd94b3c6cbc77cf5c120a22433fb9893d') in 0.091509027 seconds
Number of updated asset objects reloaded before import = 0Number of asset objects unloaded after import = 482

========================================================================
Received Import Request.
  Time since last request: 4.851997 seconds.
  path: Assets/Main/Trials/TrialScene 1.prefab
  artifactKey: Guid(8891c2db6524d003690e88842a08ec91) Importer(815301076,1909f56bfc062723c751e8b465ee728b)
Start importing Assets/Main/Trials/TrialScene 1.prefab using Guid(8891c2db6524d003690e88842a08ec91) Importer(815301076,1909f56bfc062723c751e8b465ee728b) (PreviewImporter) -> (artifact id: '889d36fce2321f3dfc802b15085e0d39') in 0.07471293 seconds
Number of updated asset objects reloaded before import = 0Number of asset objects unloaded after import = 482

========================================================================
Received Import Request.
  Time since last request: 1.954184 seconds.
  path: Assets/Main/Trials/TrialScene 1.prefab
  artifactKey: Guid(8891c2db6524d003690e88842a08ec91) Importer(815301076,1909f56bfc062723c751e8b465ee728b)
Start importing Assets/Main/Trials/TrialScene 1.prefab using Guid(8891c2db6524d003690e88842a08ec91) Importer(815301076,1909f56bfc062723c751e8b465ee728b) (PreviewImporter) -> (artifact id: 'd5bdf4047cb7cb4179eb2930f9524db5') in 0.079098196 seconds
Number of updated asset objects reloaded before import = 0Number of asset objects unloaded after import = 482

========================================================================
Received Import Request.
  Time since last request: 0.328781 seconds.
  path: Assets/Main/Trials/TrialScene 1.prefab
  artifactKey: Guid(8891c2db6524d003690e88842a08ec91) Importer(815301076,1909f56bfc062723c751e8b465ee728b)
Start importing Assets/Main/Trials/TrialScene 1.prefab using Guid(8891c2db6524d003690e88842a08ec91) Importer(815301076,1909f56bfc062723c751e8b465ee728b) (PreviewImporter) -> (artifact id: '96769943fc7ca5cb4691f830ad290a79') in 0.069848004 seconds
Number of updated asset objects reloaded before import = 0Number of asset objects unloaded after import = 482

========================================================================
Received Import Request.
  Time since last request: 13.248110 seconds.
  path: Assets/Main/Trials/TrialScene 1.prefab
  artifactKey: Guid(8891c2db6524d003690e88842a08ec91) Importer(815301076,1909f56bfc062723c751e8b465ee728b)
Start importing Assets/Main/Trials/TrialScene 1.prefab using Guid(8891c2db6524d003690e88842a08ec91) Importer(815301076,1909f56bfc062723c751e8b465ee728b) (PreviewImporter) -> (artifact id: '6eea332389378ef37754be4fdf119877') in 0.073618327 seconds
Number of updated asset objects reloaded before import = 0Number of asset objects unloaded after import = 482

========================================================================
Received Import Request.
  Time since last request: 0.708515 seconds.
  path: Assets/Main/Trials/TrialScene 1.prefab
  artifactKey: Guid(8891c2db6524d003690e88842a08ec91) Importer(815301076,1909f56bfc062723c751e8b465ee728b)
Start importing Assets/Main/Trials/TrialScene 1.prefab using Guid(8891c2db6524d003690e88842a08ec91) Importer(815301076,1909f56bfc062723c751e8b465ee728b) (PreviewImporter) -> (artifact id: '50688aaf9dadf3b6e5d57a78c2e6a10f') in 0.096283644 seconds
Number of updated asset objects reloaded before import = 0Number of asset objects unloaded after import = 482

========================================================================
Received Import Request.
  Time since last request: 9.541523 seconds.
  path: Assets/Main/Trials/TrialScene 1.prefab
  artifactKey: Guid(8891c2db6524d003690e88842a08ec91) Importer(815301076,1909f56bfc062723c751e8b465ee728b)
Start importing Assets/Main/Trials/TrialScene 1.prefab using Guid(8891c2db6524d003690e88842a08ec91) Importer(815301076,1909f56bfc062723c751e8b465ee728b) (PreviewImporter) -> (artifact id: 'd22667216f8f9cede605f0d6b34e4e6a') in 0.077290585 seconds
Number of updated asset objects reloaded before import = 0Number of asset objects unloaded after import = 483

========================================================================
Received Import Request.
  Time since last request: 4.821586 seconds.
  path: Assets/Main/Trials/TrialScene 1.prefab
  artifactKey: Guid(8891c2db6524d003690e88842a08ec91) Importer(815301076,1909f56bfc062723c751e8b465ee728b)
Start importing Assets/Main/Trials/TrialScene 1.prefab using Guid(8891c2db6524d003690e88842a08ec91) Importer(815301076,1909f56bfc062723c751e8b465ee728b) (PreviewImporter) -> (artifact id: '207f5520356ded2ea12a03082648f335') in 0.055123253 seconds
Number of updated asset objects reloaded before import = 0Number of asset objects unloaded after import = 483

========================================================================
Received Import Request.
  Time since last request: 1.978686 seconds.
  path: Assets/Main/Trials/TrialScene 1.prefab
  artifactKey: Guid(8891c2db6524d003690e88842a08ec91) Importer(815301076,1909f56bfc062723c751e8b465ee728b)
Start importing Assets/Main/Trials/TrialScene 1.prefab using Guid(8891c2db6524d003690e88842a08ec91) Importer(815301076,1909f56bfc062723c751e8b465ee728b) (PreviewImporter) -> (artifact id: '8bf6a4de9f1c8e262f9da191db1ff5d1') in 0.065739317 seconds
Number of updated asset objects reloaded before import = 0Number of asset objects unloaded after import = 483

========================================================================
Received Import Request.
  Time since last request: 0.739785 seconds.
  path: Assets/Main/Trials/TrialScene 1.prefab
  artifactKey: Guid(8891c2db6524d003690e88842a08ec91) Importer(815301076,1909f56bfc062723c751e8b465ee728b)
Start importing Assets/Main/Trials/TrialScene 1.prefab using Guid(8891c2db6524d003690e88842a08ec91) Importer(815301076,1909f56bfc062723c751e8b465ee728b) (PreviewImporter) -> (artifact id: '45dd0df7eafa87d875bd5ba480e11fb4') in 0.087898464 seconds
Number of updated asset objects reloaded before import = 0Number of asset objects unloaded after import = 483

========================================================================
Received Import Request.
  Time since last request: 0.706008 seconds.
  path: Assets/Main/Trials/TrialScene 1.prefab
  artifactKey: Guid(8891c2db6524d003690e88842a08ec91) Importer(815301076,1909f56bfc062723c751e8b465ee728b)
Start importing Assets/Main/Trials/TrialScene 1.prefab using Guid(8891c2db6524d003690e88842a08ec91) Importer(815301076,1909f56bfc062723c751e8b465ee728b) (PreviewImporter) -> (artifact id: '8be75b3c3e29009474b34ba3ca331cad') in 0.090758829 seconds
Number of updated asset objects reloaded before import = 0Number of asset objects unloaded after import = 483

========================================================================
Received Import Request.
  Time since last request: 0.901567 seconds.
  path: Assets/Main/Trials/TrialScene 1.prefab
  artifactKey: Guid(8891c2db6524d003690e88842a08ec91) Importer(815301076,1909f56bfc062723c751e8b465ee728b)
Start importing Assets/Main/Trials/TrialScene 1.prefab using Guid(8891c2db6524d003690e88842a08ec91) Importer(815301076,1909f56bfc062723c751e8b465ee728b) (PreviewImporter) -> (artifact id: '2eb491bb1cd90b2fe9fb6c24e70b8475') in 0.084979007 seconds
Number of updated asset objects reloaded before import = 0Number of asset objects unloaded after import = 483

========================================================================
Received Import Request.
  Time since last request: 140.031953 seconds.
  path: Assets/Main/Trials/TrialScene 1.prefab
  artifactKey: Guid(8891c2db6524d003690e88842a08ec91) Importer(815301076,1909f56bfc062723c751e8b465ee728b)
Start importing Assets/Main/Trials/TrialScene 1.prefab using Guid(8891c2db6524d003690e88842a08ec91) Importer(815301076,1909f56bfc062723c751e8b465ee728b) (PreviewImporter) -> (artifact id: '8010071cdc08e5642d120849a26306ec') in 0.073954127 seconds
Number of updated asset objects reloaded before import = 0Number of asset objects unloaded after import = 483

========================================================================
Received Import Request.
  Time since last request: 8.392662 seconds.
  path: Assets/Main/Trials/TrialScene 1.prefab
  artifactKey: Guid(8891c2db6524d003690e88842a08ec91) Importer(815301076,1909f56bfc062723c751e8b465ee728b)
Start importing Assets/Main/Trials/TrialScene 1.prefab using Guid(8891c2db6524d003690e88842a08ec91) Importer(815301076,1909f56bfc062723c751e8b465ee728b) (PreviewImporter) -> (artifact id: '389e569ddde0e88ab731d0620cf2f12d') in 0.061973252 seconds
Number of updated asset objects reloaded before import = 0Number of asset objects unloaded after import = 483

========================================================================
Received Import Request.
  Time since last request: 1.628599 seconds.
  path: Assets/Main/Trials/TrialScene 1.prefab
  artifactKey: Guid(8891c2db6524d003690e88842a08ec91) Importer(815301076,1909f56bfc062723c751e8b465ee728b)
Start importing Assets/Main/Trials/TrialScene 1.prefab using Guid(8891c2db6524d003690e88842a08ec91) Importer(815301076,1909f56bfc062723c751e8b465ee728b) (PreviewImporter) -> (artifact id: 'ac45001132801e5fee600402daf054b3') in 0.086892016 seconds
Number of updated asset objects reloaded before import = 0Number of asset objects unloaded after import = 483

========================================================================
Received Import Request.
  Time since last request: 1.951146 seconds.
  path: Assets/Main/Trials/TrialScene 1.prefab
  artifactKey: Guid(8891c2db6524d003690e88842a08ec91) Importer(815301076,1909f56bfc062723c751e8b465ee728b)
Start importing Assets/Main/Trials/TrialScene 1.prefab using Guid(8891c2db6524d003690e88842a08ec91) Importer(815301076,1909f56bfc062723c751e8b465ee728b) (PreviewImporter) -> (artifact id: '6817bdae0dd06222f21c9389d24cafee') in 0.075102691 seconds
Number of updated asset objects reloaded before import = 0Number of asset objects unloaded after import = 483

========================================================================
Received Import Request.
  Time since last request: 1.526092 seconds.
  path: Assets/Main/Trials/TrialScene 1.prefab
  artifactKey: Guid(8891c2db6524d003690e88842a08ec91) Importer(815301076,1909f56bfc062723c751e8b465ee728b)
Start importing Assets/Main/Trials/TrialScene 1.prefab using Guid(8891c2db6524d003690e88842a08ec91) Importer(815301076,1909f56bfc062723c751e8b465ee728b) (PreviewImporter) -> (artifact id: '26e5ea5f8ee354a2818bd01fb5345996') in 0.067923884 seconds
Number of updated asset objects reloaded before import = 0Number of asset objects unloaded after import = 483

========================================================================
Received Import Request.
  Time since last request: 1.602498 seconds.
  path: Assets/Main/Trials/TrialScene 1.prefab
  artifactKey: Guid(8891c2db6524d003690e88842a08ec91) Importer(815301076,1909f56bfc062723c751e8b465ee728b)
Start importing Assets/Main/Trials/TrialScene 1.prefab using Guid(8891c2db6524d003690e88842a08ec91) Importer(815301076,1909f56bfc062723c751e8b465ee728b) (PreviewImporter) -> (artifact id: 'd06a691880cb7f089e516b1ac5fae3ee') in 0.075747059 seconds
Number of updated asset objects reloaded before import = 0Number of asset objects unloaded after import = 483

========================================================================
Received Import Request.
  Time since last request: 3.024322 seconds.
  path: Assets/Main/Trials/TrialScene 1.prefab
  artifactKey: Guid(8891c2db6524d003690e88842a08ec91) Importer(815301076,1909f56bfc062723c751e8b465ee728b)
Start importing Assets/Main/Trials/TrialScene 1.prefab using Guid(8891c2db6524d003690e88842a08ec91) Importer(815301076,1909f56bfc062723c751e8b465ee728b) (PreviewImporter) -> (artifact id: 'b53e0f00ec0cad8f26b8d4758e524808') in 0.08713921 seconds
Number of updated asset objects reloaded before import = 0Number of asset objects unloaded after import = 483

========================================================================
Received Import Request.
  Time since last request: 4.041444 seconds.
  path: Assets/Main/Trials/TrialScene 1.prefab
  artifactKey: Guid(8891c2db6524d003690e88842a08ec91) Importer(815301076,1909f56bfc062723c751e8b465ee728b)
Start importing Assets/Main/Trials/TrialScene 1.prefab using Guid(8891c2db6524d003690e88842a08ec91) Importer(815301076,1909f56bfc062723c751e8b465ee728b) (PreviewImporter) -> (artifact id: '91d155bdf367825e9dc46cf942eb6b6d') in 0.071064686 seconds
Number of updated asset objects reloaded before import = 0Number of asset objects unloaded after import = 483

========================================================================
Received Import Request.
  Time since last request: 1.547687 seconds.
  path: Assets/Main/Trials/TrialScene 1.prefab
  artifactKey: Guid(8891c2db6524d003690e88842a08ec91) Importer(815301076,1909f56bfc062723c751e8b465ee728b)
Start importing Assets/Main/Trials/TrialScene 1.prefab using Guid(8891c2db6524d003690e88842a08ec91) Importer(815301076,1909f56bfc062723c751e8b465ee728b) (PreviewImporter) -> (artifact id: 'b2beaac06e4f69a37c3a881deb1114f7') in 0.081811515 seconds
Number of updated asset objects reloaded before import = 0Number of asset objects unloaded after import = 483

========================================================================
Received Import Request.
  Time since last request: 2.103269 seconds.
  path: Assets/Main/Trials/TrialScene 1.prefab
  artifactKey: Guid(8891c2db6524d003690e88842a08ec91) Importer(815301076,1909f56bfc062723c751e8b465ee728b)
Start importing Assets/Main/Trials/TrialScene 1.prefab using Guid(8891c2db6524d003690e88842a08ec91) Importer(815301076,1909f56bfc062723c751e8b465ee728b) (PreviewImporter) -> (artifact id: '4eeb4ad50d592e81ec09867efe040878') in 0.072931579 seconds
Number of updated asset objects reloaded before import = 0Number of asset objects unloaded after import = 483

========================================================================
Received Import Request.
  Time since last request: 8.044220 seconds.
  path: Assets/Main/Trials/TrialScene 1.prefab
  artifactKey: Guid(8891c2db6524d003690e88842a08ec91) Importer(815301076,1909f56bfc062723c751e8b465ee728b)
Start importing Assets/Main/Trials/TrialScene 1.prefab using Guid(8891c2db6524d003690e88842a08ec91) Importer(815301076,1909f56bfc062723c751e8b465ee728b) (PreviewImporter) -> (artifact id: '249218133b37e20b7fe5fceadbc2b7f7') in 0.083317491 seconds
Number of updated asset objects reloaded before import = 0Number of asset objects unloaded after import = 486

========================================================================
Received Import Request.
  Time since last request: 2.635046 seconds.
  path: Assets/Main/Trials/TrialScene 1.prefab
  artifactKey: Guid(8891c2db6524d003690e88842a08ec91) Importer(815301076,1909f56bfc062723c751e8b465ee728b)
Start importing Assets/Main/Trials/TrialScene 1.prefab using Guid(8891c2db6524d003690e88842a08ec91) Importer(815301076,1909f56bfc062723c751e8b465ee728b) (PreviewImporter) -> (artifact id: '9599634f2c8ff88061870863516e8964') in 0.087669575 seconds
Number of updated asset objects reloaded before import = 0Number of asset objects unloaded after import = 486

========================================================================
Received Import Request.
  Time since last request: 1.966988 seconds.
  path: Assets/Main/Trials/TrialScene 1.prefab
  artifactKey: Guid(8891c2db6524d003690e88842a08ec91) Importer(815301076,1909f56bfc062723c751e8b465ee728b)
Start importing Assets/Main/Trials/TrialScene 1.prefab using Guid(8891c2db6524d003690e88842a08ec91) Importer(815301076,1909f56bfc062723c751e8b465ee728b) (PreviewImporter) -> (artifact id: '1cbf97263509ff6dac7103dbcdfd77d0') in 0.075440284 seconds
Number of updated asset objects reloaded before import = 0Number of asset objects unloaded after import = 486

========================================================================
Received Import Request.
  Time since last request: 3.430172 seconds.
  path: Assets/Main/Trials/TrialScene 1.prefab
  artifactKey: Guid(8891c2db6524d003690e88842a08ec91) Importer(815301076,1909f56bfc062723c751e8b465ee728b)
Start importing Assets/Main/Trials/TrialScene 1.prefab using Guid(8891c2db6524d003690e88842a08ec91) Importer(815301076,1909f56bfc062723c751e8b465ee728b) (PreviewImporter) -> (artifact id: '2edaf0cb4f3949fdf62afdb6ec7b4f46') in 0.06713775 seconds
Number of updated asset objects reloaded before import = 0Number of asset objects unloaded after import = 486

========================================================================
Received Import Request.
  Time since last request: 4.268929 seconds.
  path: Assets/Main/Trials/TrialScene 1.prefab
  artifactKey: Guid(8891c2db6524d003690e88842a08ec91) Importer(815301076,1909f56bfc062723c751e8b465ee728b)
Start importing Assets/Main/Trials/TrialScene 1.prefab using Guid(8891c2db6524d003690e88842a08ec91) Importer(815301076,1909f56bfc062723c751e8b465ee728b) (PreviewImporter) -> (artifact id: 'efcd1ea01004e6a97a95f2fe4fe1e3e6') in 0.070849733 seconds
Number of updated asset objects reloaded before import = 0Number of asset objects unloaded after import = 486

========================================================================
Received Import Request.
  Time since last request: 4.490293 seconds.
  path: Assets/Main/Trials/TrialScene 1.prefab
  artifactKey: Guid(8891c2db6524d003690e88842a08ec91) Importer(815301076,1909f56bfc062723c751e8b465ee728b)
Start importing Assets/Main/Trials/TrialScene 1.prefab using Guid(8891c2db6524d003690e88842a08ec91) Importer(815301076,1909f56bfc062723c751e8b465ee728b) (PreviewImporter) -> (artifact id: 'be22a1983d4b950b6823b60502d67382') in 0.106043521 seconds
Number of updated asset objects reloaded before import = 0Number of asset objects unloaded after import = 486

========================================================================
Received Import Request.
  Time since last request: 1.367278 seconds.
  path: Assets/Main/Trials/TrialScene 1.prefab
  artifactKey: Guid(8891c2db6524d003690e88842a08ec91) Importer(815301076,1909f56bfc062723c751e8b465ee728b)
Start importing Assets/Main/Trials/TrialScene 1.prefab using Guid(8891c2db6524d003690e88842a08ec91) Importer(815301076,1909f56bfc062723c751e8b465ee728b) (PreviewImporter) -> (artifact id: '801b902d81c23066581f9c7cff70e78d') in 0.093254511 seconds
Number of updated asset objects reloaded before import = 0Number of asset objects unloaded after import = 486

========================================================================
Received Import Request.
  Time since last request: 8.696471 seconds.
  path: Assets/Main/Trials/TrialScene 1.prefab
  artifactKey: Guid(8891c2db6524d003690e88842a08ec91) Importer(815301076,1909f56bfc062723c751e8b465ee728b)
Start importing Assets/Main/Trials/TrialScene 1.prefab using Guid(8891c2db6524d003690e88842a08ec91) Importer(815301076,1909f56bfc062723c751e8b465ee728b) (PreviewImporter) -> (artifact id: 'e05805b1e6341de3d96226bb18c02f0c') in 0.059957381 seconds
Number of updated asset objects reloaded before import = 0Number of asset objects unloaded after import = 486

========================================================================
Received Import Request.
  Time since last request: 22.841973 seconds.
  path: Assets/Main/Trials/TrialScene 1.prefab
  artifactKey: Guid(8891c2db6524d003690e88842a08ec91) Importer(815301076,1909f56bfc062723c751e8b465ee728b)
Start importing Assets/Main/Trials/TrialScene 1.prefab using Guid(8891c2db6524d003690e88842a08ec91) Importer(815301076,1909f56bfc062723c751e8b465ee728b) (PreviewImporter) -> (artifact id: '2cc889cba17dedac4c7148ecc5855c15') in 0.090623345 seconds
Number of updated asset objects reloaded before import = 0Number of asset objects unloaded after import = 485

========================================================================
Received Import Request.
  Time since last request: 10.217041 seconds.
  path: Assets/Main/Trials/TrialScene 1.prefab
  artifactKey: Guid(8891c2db6524d003690e88842a08ec91) Importer(815301076,1909f56bfc062723c751e8b465ee728b)
Start importing Assets/Main/Trials/TrialScene 1.prefab using Guid(8891c2db6524d003690e88842a08ec91) Importer(815301076,1909f56bfc062723c751e8b465ee728b) (PreviewImporter) -> (artifact id: 'daa0e4ee41b0fdd72775fe5ff32c114c') in 0.075596708 seconds
Number of updated asset objects reloaded before import = 0Number of asset objects unloaded after import = 487

========================================================================
Received Import Request.
  Time since last request: 18.054877 seconds.
  path: Assets/Main/Trials/TrialScene 1.prefab
  artifactKey: Guid(8891c2db6524d003690e88842a08ec91) Importer(815301076,1909f56bfc062723c751e8b465ee728b)
Start importing Assets/Main/Trials/TrialScene 1.prefab using Guid(8891c2db6524d003690e88842a08ec91) Importer(815301076,1909f56bfc062723c751e8b465ee728b) (PreviewImporter) -> (artifact id: '3cfcbc6938016bb93d15b75c8e4ff175') in 0.070368751 seconds
Number of updated asset objects reloaded before import = 0Number of asset objects unloaded after import = 488

========================================================================
Received Import Request.
  Time since last request: 6.357734 seconds.
  path: Assets/Main/Trials/TrialScene 1.prefab
  artifactKey: Guid(8891c2db6524d003690e88842a08ec91) Importer(815301076,1909f56bfc062723c751e8b465ee728b)
Start importing Assets/Main/Trials/TrialScene 1.prefab using Guid(8891c2db6524d003690e88842a08ec91) Importer(815301076,1909f56bfc062723c751e8b465ee728b) (PreviewImporter) -> (artifact id: '2c5cf7b0b1f78635db24a4138fe4e777') in 0.073231792 seconds
Number of updated asset objects reloaded before import = 0Number of asset objects unloaded after import = 488

========================================================================
Received Import Request.
  Time since last request: 2.585030 seconds.
  path: Assets/Main/Trials/TrialScene 1.prefab
  artifactKey: Guid(8891c2db6524d003690e88842a08ec91) Importer(815301076,1909f56bfc062723c751e8b465ee728b)
Start importing Assets/Main/Trials/TrialScene 1.prefab using Guid(8891c2db6524d003690e88842a08ec91) Importer(815301076,1909f56bfc062723c751e8b465ee728b) (PreviewImporter) -> (artifact id: 'be7b95db736d1fc697e1b8e967974f6a') in 0.057404162 seconds
Number of updated asset objects reloaded before import = 0Number of asset objects unloaded after import = 488

========================================================================
Received Import Request.
  Time since last request: 2.586062 seconds.
  path: Assets/Main/Trials/TrialScene 1.prefab
  artifactKey: Guid(8891c2db6524d003690e88842a08ec91) Importer(815301076,1909f56bfc062723c751e8b465ee728b)
Start importing Assets/Main/Trials/TrialScene 1.prefab using Guid(8891c2db6524d003690e88842a08ec91) Importer(815301076,1909f56bfc062723c751e8b465ee728b) (PreviewImporter) -> (artifact id: '4bca1df5e369b146d7a835606143552d') in 0.060290085 seconds
Number of updated asset objects reloaded before import = 0Number of asset objects unloaded after import = 488

========================================================================
Received Import Request.
  Time since last request: 4.241745 seconds.
  path: Assets/Main/Trials/TrialScene 1.prefab
  artifactKey: Guid(8891c2db6524d003690e88842a08ec91) Importer(815301076,1909f56bfc062723c751e8b465ee728b)
Start importing Assets/Main/Trials/TrialScene 1.prefab using Guid(8891c2db6524d003690e88842a08ec91) Importer(815301076,1909f56bfc062723c751e8b465ee728b) (PreviewImporter) -> (artifact id: 'dbac0e7478ba4349eb05cc55c91ff693') in 0.053499607 seconds
Number of updated asset objects reloaded before import = 0Number of asset objects unloaded after import = 488

========================================================================
Received Import Request.
  Time since last request: 5.128626 seconds.
  path: Assets/Main/Trials/TrialScene 1.prefab
  artifactKey: Guid(8891c2db6524d003690e88842a08ec91) Importer(815301076,1909f56bfc062723c751e8b465ee728b)
Start importing Assets/Main/Trials/TrialScene 1.prefab using Guid(8891c2db6524d003690e88842a08ec91) Importer(815301076,1909f56bfc062723c751e8b465ee728b) (PreviewImporter) -> (artifact id: '5efe58d588d10319f3aa4716c08439b1') in 0.080505305 seconds
Number of updated asset objects reloaded before import = 0Number of asset objects unloaded after import = 488

========================================================================
Received Import Request.
  Time since last request: 7.266524 seconds.
  path: Assets/Main/Trials/TrialScene 1.prefab
  artifactKey: Guid(8891c2db6524d003690e88842a08ec91) Importer(815301076,1909f56bfc062723c751e8b465ee728b)
Start importing Assets/Main/Trials/TrialScene 1.prefab using Guid(8891c2db6524d003690e88842a08ec91) Importer(815301076,1909f56bfc062723c751e8b465ee728b) (PreviewImporter) -> (artifact id: 'a29a8feb1c5163c8a5195e91bc4d3673') in 0.087908122 seconds
Number of updated asset objects reloaded before import = 0Number of asset objects unloaded after import = 488

========================================================================
Received Import Request.
  Time since last request: 1.743833 seconds.
  path: Assets/Main/Trials/TrialScene 1.prefab
  artifactKey: Guid(8891c2db6524d003690e88842a08ec91) Importer(815301076,1909f56bfc062723c751e8b465ee728b)
Start importing Assets/Main/Trials/TrialScene 1.prefab using Guid(8891c2db6524d003690e88842a08ec91) Importer(815301076,1909f56bfc062723c751e8b465ee728b) (PreviewImporter) -> (artifact id: '83e9126ca5325e3a61df6e422dc2ff89') in 0.080642563 seconds
Number of updated asset objects reloaded before import = 0Number of asset objects unloaded after import = 488

========================================================================
Received Import Request.
  Time since last request: 3.448783 seconds.
  path: Assets/Main/Trials/TrialScene 1.prefab
  artifactKey: Guid(8891c2db6524d003690e88842a08ec91) Importer(815301076,1909f56bfc062723c751e8b465ee728b)
Start importing Assets/Main/Trials/TrialScene 1.prefab using Guid(8891c2db6524d003690e88842a08ec91) Importer(815301076,1909f56bfc062723c751e8b465ee728b) (PreviewImporter) -> (artifact id: 'bab073b955ade90847dc592a0747de5a') in 0.079243729 seconds
Number of updated asset objects reloaded before import = 0Number of asset objects unloaded after import = 488

========================================================================
Received Import Request.
  Time since last request: 2.366913 seconds.
  path: Assets/Main/Trials/TrialScene 1.prefab
  artifactKey: Guid(8891c2db6524d003690e88842a08ec91) Importer(815301076,1909f56bfc062723c751e8b465ee728b)
Start importing Assets/Main/Trials/TrialScene 1.prefab using Guid(8891c2db6524d003690e88842a08ec91) Importer(815301076,1909f56bfc062723c751e8b465ee728b) (PreviewImporter) -> (artifact id: '472d5c11a4388c4c1de05c012e46dc1d') in 0.073645999 seconds
Number of updated asset objects reloaded before import = 0Number of asset objects unloaded after import = 488

========================================================================
Received Import Request.
  Time since last request: 1.362519 seconds.
  path: Assets/Main/Trials/TrialScene 1.prefab
  artifactKey: Guid(8891c2db6524d003690e88842a08ec91) Importer(815301076,1909f56bfc062723c751e8b465ee728b)
Start importing Assets/Main/Trials/TrialScene 1.prefab using Guid(8891c2db6524d003690e88842a08ec91) Importer(815301076,1909f56bfc062723c751e8b465ee728b) (PreviewImporter) -> (artifact id: '7570f32ca2582f1bf71f388788cf4da9') in 0.093734211 seconds
Number of updated asset objects reloaded before import = 0Number of asset objects unloaded after import = 488

========================================================================
Received Import Request.
  Time since last request: 1.720835 seconds.
  path: Assets/Main/Trials/TrialScene 1.prefab
  artifactKey: Guid(8891c2db6524d003690e88842a08ec91) Importer(815301076,1909f56bfc062723c751e8b465ee728b)
Start importing Assets/Main/Trials/TrialScene 1.prefab using Guid(8891c2db6524d003690e88842a08ec91) Importer(815301076,1909f56bfc062723c751e8b465ee728b) (PreviewImporter) -> (artifact id: 'e448f812aab0f81428568ade8d2bbbde') in 0.087955952 seconds
Number of updated asset objects reloaded before import = 0Number of asset objects unloaded after import = 488

========================================================================
Received Import Request.
  Time since last request: 1.745576 seconds.
  path: Assets/Main/Trials/TrialScene 1.prefab
  artifactKey: Guid(8891c2db6524d003690e88842a08ec91) Importer(815301076,1909f56bfc062723c751e8b465ee728b)
Start importing Assets/Main/Trials/TrialScene 1.prefab using Guid(8891c2db6524d003690e88842a08ec91) Importer(815301076,1909f56bfc062723c751e8b465ee728b) (PreviewImporter) -> (artifact id: '4e4049802f69900cf40c9e6dc8685a9c') in 0.091131428 seconds
Number of updated asset objects reloaded before import = 0Number of asset objects unloaded after import = 488

========================================================================
Received Import Request.
  Time since last request: 4.566595 seconds.
  path: Assets/Main/Trials/TrialScene 1.prefab
  artifactKey: Guid(8891c2db6524d003690e88842a08ec91) Importer(815301076,1909f56bfc062723c751e8b465ee728b)
Start importing Assets/Main/Trials/TrialScene 1.prefab using Guid(8891c2db6524d003690e88842a08ec91) Importer(815301076,1909f56bfc062723c751e8b465ee728b) (PreviewImporter) -> (artifact id: 'b8b68201f0d5fe9db5bd6d9e1d67366b') in 0.072858411 seconds
Number of updated asset objects reloaded before import = 0Number of asset objects unloaded after import = 491

========================================================================
Received Import Request.
  Time since last request: 1.740771 seconds.
  path: Assets/Main/Trials/TrialScene 1.prefab
  artifactKey: Guid(8891c2db6524d003690e88842a08ec91) Importer(815301076,1909f56bfc062723c751e8b465ee728b)
Start importing Assets/Main/Trials/TrialScene 1.prefab using Guid(8891c2db6524d003690e88842a08ec91) Importer(815301076,1909f56bfc062723c751e8b465ee728b) (PreviewImporter) -> (artifact id: '793e2647c2fa6903f9d3795b71d82631') in 0.061310389 seconds
Number of updated asset objects reloaded before import = 0Number of asset objects unloaded after import = 491

========================================================================
Received Import Request.
  Time since last request: 1.976541 seconds.
  path: Assets/Main/Trials/TrialScene 1.prefab
  artifactKey: Guid(8891c2db6524d003690e88842a08ec91) Importer(815301076,1909f56bfc062723c751e8b465ee728b)
Start importing Assets/Main/Trials/TrialScene 1.prefab using Guid(8891c2db6524d003690e88842a08ec91) Importer(815301076,1909f56bfc062723c751e8b465ee728b) (PreviewImporter) -> (artifact id: '635689f99c3cacbc690b2e678f6f8ba5') in 0.074143562 seconds
Number of updated asset objects reloaded before import = 0Number of asset objects unloaded after import = 491

========================================================================
Received Import Request.
  Time since last request: 1.967016 seconds.
  path: Assets/Main/Trials/TrialScene 1.prefab
  artifactKey: Guid(8891c2db6524d003690e88842a08ec91) Importer(815301076,1909f56bfc062723c751e8b465ee728b)
Start importing Assets/Main/Trials/TrialScene 1.prefab using Guid(8891c2db6524d003690e88842a08ec91) Importer(815301076,1909f56bfc062723c751e8b465ee728b) (PreviewImporter) -> (artifact id: 'bc9fb4f0abedef30009e03f4ef771535') in 0.069945497 seconds
Number of updated asset objects reloaded before import = 0Number of asset objects unloaded after import = 491

========================================================================
Received Import Request.
  Time since last request: 2.762521 seconds.
  path: Assets/Main/Trials/TrialScene 1.prefab
  artifactKey: Guid(8891c2db6524d003690e88842a08ec91) Importer(815301076,1909f56bfc062723c751e8b465ee728b)
Start importing Assets/Main/Trials/TrialScene 1.prefab using Guid(8891c2db6524d003690e88842a08ec91) Importer(815301076,1909f56bfc062723c751e8b465ee728b) (PreviewImporter) -> (artifact id: 'd1b70e42b53980d553f653436c284f91') in 0.084391946 seconds
Number of updated asset objects reloaded before import = 0Number of asset objects unloaded after import = 491

========================================================================
Received Import Request.
  Time since last request: 1.984332 seconds.
  path: Assets/Main/Trials/TrialScene 1.prefab
  artifactKey: Guid(8891c2db6524d003690e88842a08ec91) Importer(815301076,1909f56bfc062723c751e8b465ee728b)
Start importing Assets/Main/Trials/TrialScene 1.prefab using Guid(8891c2db6524d003690e88842a08ec91) Importer(815301076,1909f56bfc062723c751e8b465ee728b) (PreviewImporter) -> (artifact id: '46c947b111fb264cd2194a2140bcaf88') in 0.08393058 seconds
Number of updated asset objects reloaded before import = 0Number of asset objects unloaded after import = 491

========================================================================
Received Import Request.
  Time since last request: 2.202819 seconds.
  path: Assets/Main/Trials/TrialScene 1.prefab
  artifactKey: Guid(8891c2db6524d003690e88842a08ec91) Importer(815301076,1909f56bfc062723c751e8b465ee728b)
Start importing Assets/Main/Trials/TrialScene 1.prefab using Guid(8891c2db6524d003690e88842a08ec91) Importer(815301076,1909f56bfc062723c751e8b465ee728b) (PreviewImporter) -> (artifact id: 'ea61125a9c97eaaa8caa8e10c468e047') in 0.065550222 seconds
Number of updated asset objects reloaded before import = 0Number of asset objects unloaded after import = 491

========================================================================
Received Import Request.
  Time since last request: 1.841643 seconds.
  path: Assets/Main/Trials/TrialScene 1.prefab
  artifactKey: Guid(8891c2db6524d003690e88842a08ec91) Importer(815301076,1909f56bfc062723c751e8b465ee728b)
Start importing Assets/Main/Trials/TrialScene 1.prefab using Guid(8891c2db6524d003690e88842a08ec91) Importer(815301076,1909f56bfc062723c751e8b465ee728b) (PreviewImporter) -> (artifact id: 'a0003af7b21e07d42210abba2232c6f7') in 0.085289881 seconds
Number of updated asset objects reloaded before import = 0Number of asset objects unloaded after import = 491

========================================================================
Received Import Request.
  Time since last request: 10.506352 seconds.
  path: Assets/Main/Trials/TrialScene 1.prefab
  artifactKey: Guid(8891c2db6524d003690e88842a08ec91) Importer(815301076,1909f56bfc062723c751e8b465ee728b)
Start importing Assets/Main/Trials/TrialScene 1.prefab using Guid(8891c2db6524d003690e88842a08ec91) Importer(815301076,1909f56bfc062723c751e8b465ee728b) (PreviewImporter) -> (artifact id: '401086be7d4ce6e5be40ab1ca051ff6c') in 0.070924102 seconds
Number of updated asset objects reloaded before import = 0Number of asset objects unloaded after import = 494

========================================================================
Received Import Request.
  Time since last request: 1.599820 seconds.
  path: Assets/Main/Trials/TrialScene 1.prefab
  artifactKey: Guid(8891c2db6524d003690e88842a08ec91) Importer(815301076,1909f56bfc062723c751e8b465ee728b)
Start importing Assets/Main/Trials/TrialScene 1.prefab using Guid(8891c2db6524d003690e88842a08ec91) Importer(815301076,1909f56bfc062723c751e8b465ee728b) (PreviewImporter) -> (artifact id: '0e8f9cd25aa0a6dc9b1f76bbb6e2e9f6') in 0.073132826 seconds
Number of updated asset objects reloaded before import = 0Number of asset objects unloaded after import = 494

========================================================================
Received Import Request.
  Time since last request: 1.950999 seconds.
  path: Assets/Main/Trials/TrialScene 1.prefab
  artifactKey: Guid(8891c2db6524d003690e88842a08ec91) Importer(815301076,1909f56bfc062723c751e8b465ee728b)
Start importing Assets/Main/Trials/TrialScene 1.prefab using Guid(8891c2db6524d003690e88842a08ec91) Importer(815301076,1909f56bfc062723c751e8b465ee728b) (PreviewImporter) -> (artifact id: 'b52c439a3f74fd080308ca872ffdec78') in 0.074070564 seconds
Number of updated asset objects reloaded before import = 0Number of asset objects unloaded after import = 494

========================================================================
Received Import Request.
  Time since last request: 1.539447 seconds.
  path: Assets/Main/Trials/TrialScene 1.prefab
  artifactKey: Guid(8891c2db6524d003690e88842a08ec91) Importer(815301076,1909f56bfc062723c751e8b465ee728b)
Start importing Assets/Main/Trials/TrialScene 1.prefab using Guid(8891c2db6524d003690e88842a08ec91) Importer(815301076,1909f56bfc062723c751e8b465ee728b) (PreviewImporter) -> (artifact id: 'c96c3f380b604d8b55899e63fb0703b9') in 0.077609273 seconds
Number of updated asset objects reloaded before import = 0Number of asset objects unloaded after import = 494

========================================================================
Received Import Request.
  Time since last request: 15.785075 seconds.
  path: Assets/Main/Trials/TrialScene 2.prefab
  artifactKey: Guid(3a4991512f423181d9bb6fef754e3220) Importer(815301076,1909f56bfc062723c751e8b465ee728b)
Start importing Assets/Main/Trials/TrialScene 2.prefab using Guid(3a4991512f423181d9bb6fef754e3220) Importer(815301076,1909f56bfc062723c751e8b465ee728b) (PreviewImporter) -> (artifact id: 'ddea5ff5f1520a173c9df5d1d81dc4bd') in 0.084037572 seconds
Number of updated asset objects reloaded before import = 0Number of asset objects unloaded after import = 327

========================================================================
Received Import Request.
  Time since last request: 6.409630 seconds.
  path: Assets/Main/Trials/TrialScene 2.prefab
  artifactKey: Guid(3a4991512f423181d9bb6fef754e3220) Importer(815301076,1909f56bfc062723c751e8b465ee728b)
Start importing Assets/Main/Trials/TrialScene 2.prefab using Guid(3a4991512f423181d9bb6fef754e3220) Importer(815301076,1909f56bfc062723c751e8b465ee728b) (PreviewImporter) -> (artifact id: '39ecd91900ec0041fdec33fbceb0f318') in 0.076070366 seconds
Number of updated asset objects reloaded before import = 0Number of asset objects unloaded after import = 326

========================================================================
Received Import Request.
  Time since last request: 18.746046 seconds.
  path: Assets/Main/Trials/TrialScene 2.prefab
  artifactKey: Guid(3a4991512f423181d9bb6fef754e3220) Importer(815301076,1909f56bfc062723c751e8b465ee728b)
Start importing Assets/Main/Trials/TrialScene 2.prefab using Guid(3a4991512f423181d9bb6fef754e3220) Importer(815301076,1909f56bfc062723c751e8b465ee728b) (PreviewImporter) -> (artifact id: '8a16a18673afa063b0e595312f514e27') in 0.074081796 seconds
Number of updated asset objects reloaded before import = 0Number of asset objects unloaded after import = 327

========================================================================
Received Import Request.
  Time since last request: 17.837893 seconds.
  path: Assets/Main/Trials/TrialScene 2.prefab
  artifactKey: Guid(3a4991512f423181d9bb6fef754e3220) Importer(815301076,1909f56bfc062723c751e8b465ee728b)
Start importing Assets/Main/Trials/TrialScene 2.prefab using Guid(3a4991512f423181d9bb6fef754e3220) Importer(815301076,1909f56bfc062723c751e8b465ee728b) (PreviewImporter) -> (artifact id: 'bea35a9a0b7f9f24640e44a3af78bbb5') in 0.068019805 seconds
Number of updated asset objects reloaded before import = 0Number of asset objects unloaded after import = 327

========================================================================
Received Import Request.
  Time since last request: 46.522833 seconds.
  path: Assets/Main/Trials/TrialScene 2.prefab
  artifactKey: Guid(3a4991512f423181d9bb6fef754e3220) Importer(815301076,1909f56bfc062723c751e8b465ee728b)
Start importing Assets/Main/Trials/TrialScene 2.prefab using Guid(3a4991512f423181d9bb6fef754e3220) Importer(815301076,1909f56bfc062723c751e8b465ee728b) (PreviewImporter) -> (artifact id: 'd16d5bf510dff60b6329dd96f2a98808') in 0.065204774 seconds
Number of updated asset objects reloaded before import = 0Number of asset objects unloaded after import = 327

========================================================================
Received Import Request.
  Time since last request: 2.002378 seconds.
  path: Assets/Main/Trials/TrialScene 2.prefab
  artifactKey: Guid(3a4991512f423181d9bb6fef754e3220) Importer(815301076,1909f56bfc062723c751e8b465ee728b)
Start importing Assets/Main/Trials/TrialScene 2.prefab using Guid(3a4991512f423181d9bb6fef754e3220) Importer(815301076,1909f56bfc062723c751e8b465ee728b) (PreviewImporter) -> (artifact id: '45641aedc0d8998e5e503e76d95711b2') in 0.077283793 seconds
Number of updated asset objects reloaded before import = 0Number of asset objects unloaded after import = 327

========================================================================
Received Import Request.
  Time since last request: 10.697481 seconds.
  path: Assets/Main/Trials/TrialScene 2.prefab
  artifactKey: Guid(3a4991512f423181d9bb6fef754e3220) Importer(815301076,1909f56bfc062723c751e8b465ee728b)
Start importing Assets/Main/Trials/TrialScene 2.prefab using Guid(3a4991512f423181d9bb6fef754e3220) Importer(815301076,1909f56bfc062723c751e8b465ee728b) (PreviewImporter) -> (artifact id: '7ea54525cec86f135e4e6d22987cdc38') in 0.088245545 seconds
Number of updated asset objects reloaded before import = 0Number of asset objects unloaded after import = 326

========================================================================
Received Import Request.
  Time since last request: 4.076494 seconds.
  path: Assets/Main/Trials/TrialScene 2.prefab
  artifactKey: Guid(3a4991512f423181d9bb6fef754e3220) Importer(815301076,1909f56bfc062723c751e8b465ee728b)
Start importing Assets/Main/Trials/TrialScene 2.prefab using Guid(3a4991512f423181d9bb6fef754e3220) Importer(815301076,1909f56bfc062723c751e8b465ee728b) (PreviewImporter) -> (artifact id: 'c0d2636a67d87a59f8f2bde881e07f0a') in 0.065956925 seconds
Number of updated asset objects reloaded before import = 0Number of asset objects unloaded after import = 327

========================================================================
Received Import Request.
  Time since last request: 23.411099 seconds.
  path: Assets/Main/Trials/TrialScene 3.prefab
  artifactKey: Guid(2ca7cceedcdb1ceafa6f3127f2a291f0) Importer(815301076,1909f56bfc062723c751e8b465ee728b)
Start importing Assets/Main/Trials/TrialScene 3.prefab using Guid(2ca7cceedcdb1ceafa6f3127f2a291f0) Importer(815301076,1909f56bfc062723c751e8b465ee728b) (PreviewImporter) -> (artifact id: 'e3fdbca161888977b960a1d3e5633976') in 0.059472121 seconds
Number of updated asset objects reloaded before import = 0Number of asset objects unloaded after import = 237

========================================================================
Received Import Request.
  Time since last request: 3.183814 seconds.
  path: Assets/Main/Trials/TrialScene 3.prefab
  artifactKey: Guid(2ca7cceedcdb1ceafa6f3127f2a291f0) Importer(815301076,1909f56bfc062723c751e8b465ee728b)
Start importing Assets/Main/Trials/TrialScene 3.prefab using Guid(2ca7cceedcdb1ceafa6f3127f2a291f0) Importer(815301076,1909f56bfc062723c751e8b465ee728b) (PreviewImporter) -> (artifact id: '78f77572d6f415b1bcea9e12b61a2177') in 0.099486421 seconds
Number of updated asset objects reloaded before import = 0Number of asset objects unloaded after import = 236

========================================================================
Received Import Request.
  Time since last request: 5.654048 seconds.
  path: Assets/Main/Trials/TrialScene 3.prefab
  artifactKey: Guid(2ca7cceedcdb1ceafa6f3127f2a291f0) Importer(815301076,1909f56bfc062723c751e8b465ee728b)
Start importing Assets/Main/Trials/TrialScene 3.prefab using Guid(2ca7cceedcdb1ceafa6f3127f2a291f0) Importer(815301076,1909f56bfc062723c751e8b465ee728b) (PreviewImporter) -> (artifact id: 'cda751ceeb8efc306236d5d35c443a3b') in 0.073432047 seconds
Number of updated asset objects reloaded before import = 0Number of asset objects unloaded after import = 238

========================================================================
Received Import Request.
  Time since last request: 9.004786 seconds.
  path: Assets/Main/Trials/TrialScene 3.prefab
  artifactKey: Guid(2ca7cceedcdb1ceafa6f3127f2a291f0) Importer(815301076,1909f56bfc062723c751e8b465ee728b)
Start importing Assets/Main/Trials/TrialScene 3.prefab using Guid(2ca7cceedcdb1ceafa6f3127f2a291f0) Importer(815301076,1909f56bfc062723c751e8b465ee728b) (PreviewImporter) -> (artifact id: 'd3f95dc4e2eabc70b3b53c3cac9864e9') in 0.067955635 seconds
Number of updated asset objects reloaded before import = 0Number of asset objects unloaded after import = 239

========================================================================
Received Import Request.
  Time since last request: 6.522630 seconds.
  path: Assets/Main/Trials/TrialScene 3.prefab
  artifactKey: Guid(2ca7cceedcdb1ceafa6f3127f2a291f0) Importer(815301076,1909f56bfc062723c751e8b465ee728b)
Start importing Assets/Main/Trials/TrialScene 3.prefab using Guid(2ca7cceedcdb1ceafa6f3127f2a291f0) Importer(815301076,1909f56bfc062723c751e8b465ee728b) (PreviewImporter) -> (artifact id: 'fb6136c6ddecc0ae28170a3562a2f0de') in 0.086095081 seconds
Number of updated asset objects reloaded before import = 0Number of asset objects unloaded after import = 239

========================================================================
Received Import Request.
  Time since last request: 2.191589 seconds.
  path: Assets/Main/Trials/TrialScene 3.prefab
  artifactKey: Guid(2ca7cceedcdb1ceafa6f3127f2a291f0) Importer(815301076,1909f56bfc062723c751e8b465ee728b)
Start importing Assets/Main/Trials/TrialScene 3.prefab using Guid(2ca7cceedcdb1ceafa6f3127f2a291f0) Importer(815301076,1909f56bfc062723c751e8b465ee728b) (PreviewImporter) -> (artifact id: '791636492b82040a93d5ac575213a43a') in 0.054770421 seconds
Number of updated asset objects reloaded before import = 0Number of asset objects unloaded after import = 239

========================================================================
Received Import Request.
  Time since last request: 1.341980 seconds.
  path: Assets/Main/Trials/TrialScene 3.prefab
  artifactKey: Guid(2ca7cceedcdb1ceafa6f3127f2a291f0) Importer(815301076,1909f56bfc062723c751e8b465ee728b)
Start importing Assets/Main/Trials/TrialScene 3.prefab using Guid(2ca7cceedcdb1ceafa6f3127f2a291f0) Importer(815301076,1909f56bfc062723c751e8b465ee728b) (PreviewImporter) -> (artifact id: '932e0fe7d4466f3fbab15a5f1116f76f') in 0.058386704 seconds
Number of updated asset objects reloaded before import = 0Number of asset objects unloaded after import = 239

========================================================================
Received Import Request.
  Time since last request: 1.785348 seconds.
  path: Assets/Main/Trials/TrialScene 3.prefab
  artifactKey: Guid(2ca7cceedcdb1ceafa6f3127f2a291f0) Importer(815301076,1909f56bfc062723c751e8b465ee728b)
Start importing Assets/Main/Trials/TrialScene 3.prefab using Guid(2ca7cceedcdb1ceafa6f3127f2a291f0) Importer(815301076,1909f56bfc062723c751e8b465ee728b) (PreviewImporter) -> (artifact id: '4b082dead00ff8a2c96197444d83b780') in 0.066844841 seconds
Number of updated asset objects reloaded before import = 0Number of asset objects unloaded after import = 239

========================================================================
Received Import Request.
  Time since last request: 1.303686 seconds.
  path: Assets/Main/Trials/TrialScene 3.prefab
  artifactKey: Guid(2ca7cceedcdb1ceafa6f3127f2a291f0) Importer(815301076,1909f56bfc062723c751e8b465ee728b)
Start importing Assets/Main/Trials/TrialScene 3.prefab using Guid(2ca7cceedcdb1ceafa6f3127f2a291f0) Importer(815301076,1909f56bfc062723c751e8b465ee728b) (PreviewImporter) -> (artifact id: 'e16448226cba06ee3177564a89a28471') in 0.053275516 seconds
Number of updated asset objects reloaded before import = 0Number of asset objects unloaded after import = 239

========================================================================
Received Import Request.
  Time since last request: 2.407099 seconds.
  path: Assets/Main/Trials/TrialScene 3.prefab
  artifactKey: Guid(2ca7cceedcdb1ceafa6f3127f2a291f0) Importer(815301076,1909f56bfc062723c751e8b465ee728b)
Start importing Assets/Main/Trials/TrialScene 3.prefab using Guid(2ca7cceedcdb1ceafa6f3127f2a291f0) Importer(815301076,1909f56bfc062723c751e8b465ee728b) (PreviewImporter) -> (artifact id: '6e96fedb53ebdc735020fe867c336fad') in 0.062818548 seconds
Number of updated asset objects reloaded before import = 0Number of asset objects unloaded after import = 239

========================================================================
Received Import Request.
  Time since last request: 6.193894 seconds.
  path: Assets/Main/Trials/TrialScene 3.prefab
  artifactKey: Guid(2ca7cceedcdb1ceafa6f3127f2a291f0) Importer(815301076,1909f56bfc062723c751e8b465ee728b)
Start importing Assets/Main/Trials/TrialScene 3.prefab using Guid(2ca7cceedcdb1ceafa6f3127f2a291f0) Importer(815301076,1909f56bfc062723c751e8b465ee728b) (PreviewImporter) -> (artifact id: 'd958570429fb2aff9065c55eae33d0d0') in 0.058578545 seconds
Number of updated asset objects reloaded before import = 0Number of asset objects unloaded after import = 239

========================================================================
Received Import Request.
  Time since last request: 8.381033 seconds.
  path: Assets/Main/Trials/TrialScene 3.prefab
  artifactKey: Guid(2ca7cceedcdb1ceafa6f3127f2a291f0) Importer(815301076,1909f56bfc062723c751e8b465ee728b)
Start importing Assets/Main/Trials/TrialScene 3.prefab using Guid(2ca7cceedcdb1ceafa6f3127f2a291f0) Importer(815301076,1909f56bfc062723c751e8b465ee728b) (PreviewImporter) -> (artifact id: '02ce759a93cc059637a36d33f3e9b263') in 0.080170407 seconds
Number of updated asset objects reloaded before import = 0Number of asset objects unloaded after import = 239

========================================================================
Received Import Request.
  Time since last request: 3.553531 seconds.
  path: Assets/Main/Trials/TrialScene 3.prefab
  artifactKey: Guid(2ca7cceedcdb1ceafa6f3127f2a291f0) Importer(815301076,1909f56bfc062723c751e8b465ee728b)
Start importing Assets/Main/Trials/TrialScene 3.prefab using Guid(2ca7cceedcdb1ceafa6f3127f2a291f0) Importer(815301076,1909f56bfc062723c751e8b465ee728b) (PreviewImporter) -> (artifact id: 'ebc5ca16b76b588cdc34a85f2d450f55') in 0.065767139 seconds
Number of updated asset objects reloaded before import = 0Number of asset objects unloaded after import = 239

========================================================================
Received Import Request.
  Time since last request: 24.546481 seconds.
  path: Assets/Main/Trials/TrialScene 3.prefab
  artifactKey: Guid(2ca7cceedcdb1ceafa6f3127f2a291f0) Importer(815301076,1909f56bfc062723c751e8b465ee728b)
Start importing Assets/Main/Trials/TrialScene 3.prefab using Guid(2ca7cceedcdb1ceafa6f3127f2a291f0) Importer(815301076,1909f56bfc062723c751e8b465ee728b) (PreviewImporter) -> (artifact id: '0416217972f590beb6015e267d180db6') in 0.071302783 seconds
Number of updated asset objects reloaded before import = 0Number of asset objects unloaded after import = 240

========================================================================
Received Import Request.
  Time since last request: 6.845605 seconds.
  path: Assets/Main/Trials/TrialScene 3.prefab
  artifactKey: Guid(2ca7cceedcdb1ceafa6f3127f2a291f0) Importer(815301076,1909f56bfc062723c751e8b465ee728b)
Start importing Assets/Main/Trials/TrialScene 3.prefab using Guid(2ca7cceedcdb1ceafa6f3127f2a291f0) Importer(815301076,1909f56bfc062723c751e8b465ee728b) (PreviewImporter) -> (artifact id: '422c390901062814be61f09351dfaa99') in 0.057323641 seconds
Number of updated asset objects reloaded before import = 0Number of asset objects unloaded after import = 239

========================================================================
Received Import Request.
  Time since last request: 4.696596 seconds.
  path: Assets/Main/Trials/TrialScene 3.prefab
  artifactKey: Guid(2ca7cceedcdb1ceafa6f3127f2a291f0) Importer(815301076,1909f56bfc062723c751e8b465ee728b)
Start importing Assets/Main/Trials/TrialScene 3.prefab using Guid(2ca7cceedcdb1ceafa6f3127f2a291f0) Importer(815301076,1909f56bfc062723c751e8b465ee728b) (PreviewImporter) -> (artifact id: '96876ea0f0d9363b9d0698c40d56025d') in 0.063845003 seconds
Number of updated asset objects reloaded before import = 0Number of asset objects unloaded after import = 239

========================================================================
Received Import Request.
  Time since last request: 0.919086 seconds.
  path: Assets/Main/Trials/TrialScene 3.prefab
  artifactKey: Guid(2ca7cceedcdb1ceafa6f3127f2a291f0) Importer(815301076,1909f56bfc062723c751e8b465ee728b)
Start importing Assets/Main/Trials/TrialScene 3.prefab using Guid(2ca7cceedcdb1ceafa6f3127f2a291f0) Importer(815301076,1909f56bfc062723c751e8b465ee728b) (PreviewImporter) -> (artifact id: '2dcacc6c3f89e8ffc5ce59feb68bf8b2') in 0.064852553 seconds
Number of updated asset objects reloaded before import = 0Number of asset objects unloaded after import = 239

========================================================================
Received Import Request.
  Time since last request: 2.529259 seconds.
  path: Assets/Main/Trials/TrialScene 3.prefab
  artifactKey: Guid(2ca7cceedcdb1ceafa6f3127f2a291f0) Importer(815301076,1909f56bfc062723c751e8b465ee728b)
Start importing Assets/Main/Trials/TrialScene 3.prefab using Guid(2ca7cceedcdb1ceafa6f3127f2a291f0) Importer(815301076,1909f56bfc062723c751e8b465ee728b) (PreviewImporter) -> (artifact id: '84e0032bd0fcf5cbd28a2570df1678f5') in 0.057567398 seconds
Number of updated asset objects reloaded before import = 0Number of asset objects unloaded after import = 239

========================================================================
Received Import Request.
  Time since last request: 5.038633 seconds.
  path: Assets/Main/Trials/TrialScene 3.prefab
  artifactKey: Guid(2ca7cceedcdb1ceafa6f3127f2a291f0) Importer(815301076,1909f56bfc062723c751e8b465ee728b)
Start importing Assets/Main/Trials/TrialScene 3.prefab using Guid(2ca7cceedcdb1ceafa6f3127f2a291f0) Importer(815301076,1909f56bfc062723c751e8b465ee728b) (PreviewImporter) -> (artifact id: '1dac0cecdff2ae44cc1a62090830d68e') in 0.080700892 seconds
Number of updated asset objects reloaded before import = 0Number of asset objects unloaded after import = 239

========================================================================
Received Import Request.
  Time since last request: 1.947810 seconds.
  path: Assets/Main/Trials/TrialScene 3.prefab
  artifactKey: Guid(2ca7cceedcdb1ceafa6f3127f2a291f0) Importer(815301076,1909f56bfc062723c751e8b465ee728b)
Start importing Assets/Main/Trials/TrialScene 3.prefab using Guid(2ca7cceedcdb1ceafa6f3127f2a291f0) Importer(815301076,1909f56bfc062723c751e8b465ee728b) (PreviewImporter) -> (artifact id: '3f4566a0e346ec0f7a9d71a93aaa4392') in 0.072546747 seconds
Number of updated asset objects reloaded before import = 0Number of asset objects unloaded after import = 239

========================================================================
Received Import Request.
  Time since last request: 1.530828 seconds.
  path: Assets/Main/Trials/TrialScene 3.prefab
  artifactKey: Guid(2ca7cceedcdb1ceafa6f3127f2a291f0) Importer(815301076,1909f56bfc062723c751e8b465ee728b)
Start importing Assets/Main/Trials/TrialScene 3.prefab using Guid(2ca7cceedcdb1ceafa6f3127f2a291f0) Importer(815301076,1909f56bfc062723c751e8b465ee728b) (PreviewImporter) -> (artifact id: 'e0a458a199452307823be94321aa70ca') in 0.049010877 seconds
Number of updated asset objects reloaded before import = 0Number of asset objects unloaded after import = 239

========================================================================
Received Import Request.
  Time since last request: 1.571500 seconds.
  path: Assets/Main/Trials/TrialScene 3.prefab
  artifactKey: Guid(2ca7cceedcdb1ceafa6f3127f2a291f0) Importer(815301076,1909f56bfc062723c751e8b465ee728b)
Start importing Assets/Main/Trials/TrialScene 3.prefab using Guid(2ca7cceedcdb1ceafa6f3127f2a291f0) Importer(815301076,1909f56bfc062723c751e8b465ee728b) (PreviewImporter) -> (artifact id: '9681794b0afc38cd8292bdcc923a23cd') in 0.067595118 seconds
Number of updated asset objects reloaded before import = 0Number of asset objects unloaded after import = 239

========================================================================
Received Import Request.
  Time since last request: 4.043368 seconds.
  path: Assets/Main/Trials/TrialScene 3.prefab
  artifactKey: Guid(2ca7cceedcdb1ceafa6f3127f2a291f0) Importer(815301076,1909f56bfc062723c751e8b465ee728b)
Start importing Assets/Main/Trials/TrialScene 3.prefab using Guid(2ca7cceedcdb1ceafa6f3127f2a291f0) Importer(815301076,1909f56bfc062723c751e8b465ee728b) (PreviewImporter) -> (artifact id: 'c71e269eadfb41081a485952acc1d604') in 0.059627332 seconds
Number of updated asset objects reloaded before import = 0Number of asset objects unloaded after import = 239

========================================================================
Received Import Request.
  Time since last request: 0.719435 seconds.
  path: Assets/Main/Trials/TrialScene 3.prefab
  artifactKey: Guid(2ca7cceedcdb1ceafa6f3127f2a291f0) Importer(815301076,1909f56bfc062723c751e8b465ee728b)
Start importing Assets/Main/Trials/TrialScene 3.prefab using Guid(2ca7cceedcdb1ceafa6f3127f2a291f0) Importer(815301076,1909f56bfc062723c751e8b465ee728b) (PreviewImporter) -> (artifact id: '4c269f8884ec500b234ae3f3d227193a') in 0.057581023 seconds
Number of updated asset objects reloaded before import = 0Number of asset objects unloaded after import = 239

========================================================================
Received Import Request.
  Time since last request: 0.954870 seconds.
  path: Assets/Main/Trials/TrialScene 3.prefab
  artifactKey: Guid(2ca7cceedcdb1ceafa6f3127f2a291f0) Importer(815301076,1909f56bfc062723c751e8b465ee728b)
Start importing Assets/Main/Trials/TrialScene 3.prefab using Guid(2ca7cceedcdb1ceafa6f3127f2a291f0) Importer(815301076,1909f56bfc062723c751e8b465ee728b) (PreviewImporter) -> (artifact id: '77f17b01ac7a07592917c4f537ad5b08') in 0.064136821 seconds
Number of updated asset objects reloaded before import = 0Number of asset objects unloaded after import = 239

========================================================================
Received Import Request.
  Time since last request: 1.746688 seconds.
  path: Assets/Main/Trials/TrialScene 3.prefab
  artifactKey: Guid(2ca7cceedcdb1ceafa6f3127f2a291f0) Importer(815301076,1909f56bfc062723c751e8b465ee728b)
Start importing Assets/Main/Trials/TrialScene 3.prefab using Guid(2ca7cceedcdb1ceafa6f3127f2a291f0) Importer(815301076,1909f56bfc062723c751e8b465ee728b) (PreviewImporter) -> (artifact id: 'd5ca9493e182e2a15199e1c9a8b503a8') in 0.063505606 seconds
Number of updated asset objects reloaded before import = 0Number of asset objects unloaded after import = 239

========================================================================
Received Import Request.
  Time since last request: 1.620845 seconds.
  path: Assets/Main/Trials/TrialScene 3.prefab
  artifactKey: Guid(2ca7cceedcdb1ceafa6f3127f2a291f0) Importer(815301076,1909f56bfc062723c751e8b465ee728b)
Start importing Assets/Main/Trials/TrialScene 3.prefab using Guid(2ca7cceedcdb1ceafa6f3127f2a291f0) Importer(815301076,1909f56bfc062723c751e8b465ee728b) (PreviewImporter) -> (artifact id: '10dae9bba499b0f3b9b488da9e738c3c') in 0.080527127 seconds
Number of updated asset objects reloaded before import = 0Number of asset objects unloaded after import = 242

========================================================================
Received Import Request.
  Time since last request: 5.742636 seconds.
  path: Assets/Main/Trials/TrialScene 3.prefab
  artifactKey: Guid(2ca7cceedcdb1ceafa6f3127f2a291f0) Importer(815301076,1909f56bfc062723c751e8b465ee728b)
Start importing Assets/Main/Trials/TrialScene 3.prefab using Guid(2ca7cceedcdb1ceafa6f3127f2a291f0) Importer(815301076,1909f56bfc062723c751e8b465ee728b) (PreviewImporter) -> (artifact id: '686064658ff230decd3fc8553771ebed') in 0.068238826 seconds
Number of updated asset objects reloaded before import = 0Number of asset objects unloaded after import = 242

========================================================================
Received Import Request.
  Time since last request: 1.952179 seconds.
  path: Assets/Main/Trials/TrialScene 3.prefab
  artifactKey: Guid(2ca7cceedcdb1ceafa6f3127f2a291f0) Importer(815301076,1909f56bfc062723c751e8b465ee728b)
Start importing Assets/Main/Trials/TrialScene 3.prefab using Guid(2ca7cceedcdb1ceafa6f3127f2a291f0) Importer(815301076,1909f56bfc062723c751e8b465ee728b) (PreviewImporter) -> (artifact id: '4df0cc8299045d8dc57dc7600cf386ee') in 0.067632628 seconds
Number of updated asset objects reloaded before import = 0Number of asset objects unloaded after import = 242

========================================================================
Received Import Request.
  Time since last request: 1.316645 seconds.
  path: Assets/Main/Trials/TrialScene 3.prefab
  artifactKey: Guid(2ca7cceedcdb1ceafa6f3127f2a291f0) Importer(815301076,1909f56bfc062723c751e8b465ee728b)
Start importing Assets/Main/Trials/TrialScene 3.prefab using Guid(2ca7cceedcdb1ceafa6f3127f2a291f0) Importer(815301076,1909f56bfc062723c751e8b465ee728b) (PreviewImporter) -> (artifact id: 'cccd6beec1ec9080a7f4e909c41124c2') in 0.070498103 seconds
Number of updated asset objects reloaded before import = 0Number of asset objects unloaded after import = 242

========================================================================
Received Import Request.
  Time since last request: 2.180977 seconds.
  path: Assets/Main/Trials/TrialScene 3.prefab
  artifactKey: Guid(2ca7cceedcdb1ceafa6f3127f2a291f0) Importer(815301076,1909f56bfc062723c751e8b465ee728b)
Start importing Assets/Main/Trials/TrialScene 3.prefab using Guid(2ca7cceedcdb1ceafa6f3127f2a291f0) Importer(815301076,1909f56bfc062723c751e8b465ee728b) (PreviewImporter) -> (artifact id: 'e25fe07f7c01c5f53ec4679485660196') in 0.054083993 seconds
Number of updated asset objects reloaded before import = 0Number of asset objects unloaded after import = 242

========================================================================
Received Import Request.
  Time since last request: 2.832731 seconds.
  path: Assets/Main/Trials/TrialScene 3.prefab
  artifactKey: Guid(2ca7cceedcdb1ceafa6f3127f2a291f0) Importer(815301076,1909f56bfc062723c751e8b465ee728b)
Start importing Assets/Main/Trials/TrialScene 3.prefab using Guid(2ca7cceedcdb1ceafa6f3127f2a291f0) Importer(815301076,1909f56bfc062723c751e8b465ee728b) (PreviewImporter) -> (artifact id: '307eb128309a9e15f998817d18239503') in 0.065234199 seconds
Number of updated asset objects reloaded before import = 0Number of asset objects unloaded after import = 242

========================================================================
Received Import Request.
  Time since last request: 0.914755 seconds.
  path: Assets/Main/Trials/TrialScene 3.prefab
  artifactKey: Guid(2ca7cceedcdb1ceafa6f3127f2a291f0) Importer(815301076,1909f56bfc062723c751e8b465ee728b)
Start importing Assets/Main/Trials/TrialScene 3.prefab using Guid(2ca7cceedcdb1ceafa6f3127f2a291f0) Importer(815301076,1909f56bfc062723c751e8b465ee728b) (PreviewImporter) -> (artifact id: '43cb8dd4ab31f3499e7d6def004230ea') in 0.070829766 seconds
Number of updated asset objects reloaded before import = 0Number of asset objects unloaded after import = 242

========================================================================
Received Import Request.
  Time since last request: 11.106028 seconds.
  path: Assets/Main/Trials/TrialScene 3.prefab
  artifactKey: Guid(2ca7cceedcdb1ceafa6f3127f2a291f0) Importer(815301076,1909f56bfc062723c751e8b465ee728b)
Start importing Assets/Main/Trials/TrialScene 3.prefab using Guid(2ca7cceedcdb1ceafa6f3127f2a291f0) Importer(815301076,1909f56bfc062723c751e8b465ee728b) (PreviewImporter) -> (artifact id: '881788ef4c7b300251edb4cfa89b9f4e') in 0.063066924 seconds
Number of updated asset objects reloaded before import = 0Number of asset objects unloaded after import = 242

========================================================================
Received Import Request.
  Time since last request: 74.655196 seconds.
  path: Assets/Main/Trials/TrialScene 3.prefab
  artifactKey: Guid(2ca7cceedcdb1ceafa6f3127f2a291f0) Importer(815301076,1909f56bfc062723c751e8b465ee728b)
Start importing Assets/Main/Trials/TrialScene 3.prefab using Guid(2ca7cceedcdb1ceafa6f3127f2a291f0) Importer(815301076,1909f56bfc062723c751e8b465ee728b) (PreviewImporter) -> (artifact id: 'c1d8bbfe7cce85a958f5a3e47583b1d2') in 0.070723005 seconds
Number of updated asset objects reloaded before import = 0Number of asset objects unloaded after import = 241

========================================================================
Received Import Request.
  Time since last request: 4.995733 seconds.
  path: Assets/Main/Trials/TrialScene 3.prefab
  artifactKey: Guid(2ca7cceedcdb1ceafa6f3127f2a291f0) Importer(815301076,1909f56bfc062723c751e8b465ee728b)
Start importing Assets/Main/Trials/TrialScene 3.prefab using Guid(2ca7cceedcdb1ceafa6f3127f2a291f0) Importer(815301076,1909f56bfc062723c751e8b465ee728b) (PreviewImporter) -> (artifact id: '847c4788b23d66543b797ded3f2c01de') in 0.065937809 seconds
Number of updated asset objects reloaded before import = 0Number of asset objects unloaded after import = 243

========================================================================
Received Import Request.
  Time since last request: 19.981757 seconds.
  path: Assets/Main/Trials/TrialScene 3.prefab
  artifactKey: Guid(2ca7cceedcdb1ceafa6f3127f2a291f0) Importer(815301076,1909f56bfc062723c751e8b465ee728b)
Start importing Assets/Main/Trials/TrialScene 3.prefab using Guid(2ca7cceedcdb1ceafa6f3127f2a291f0) Importer(815301076,1909f56bfc062723c751e8b465ee728b) (PreviewImporter) -> (artifact id: '937573d3fc7a6be5f2f79c85761669ee') in 0.087727212 seconds
Number of updated asset objects reloaded before import = 0Number of asset objects unloaded after import = 244

========================================================================
Received Import Request.
  Time since last request: 3.756389 seconds.
  path: Assets/Main/Trials/TrialScene 3.prefab
  artifactKey: Guid(2ca7cceedcdb1ceafa6f3127f2a291f0) Importer(815301076,1909f56bfc062723c751e8b465ee728b)
Start importing Assets/Main/Trials/TrialScene 3.prefab using Guid(2ca7cceedcdb1ceafa6f3127f2a291f0) Importer(815301076,1909f56bfc062723c751e8b465ee728b) (PreviewImporter) -> (artifact id: '6319612c65484f002b7f312d97ad1e25') in 0.058103383 seconds
Number of updated asset objects reloaded before import = 0Number of asset objects unloaded after import = 244

========================================================================
Received Import Request.
  Time since last request: 1.127164 seconds.
  path: Assets/Main/Trials/TrialScene 3.prefab
  artifactKey: Guid(2ca7cceedcdb1ceafa6f3127f2a291f0) Importer(815301076,1909f56bfc062723c751e8b465ee728b)
Start importing Assets/Main/Trials/TrialScene 3.prefab using Guid(2ca7cceedcdb1ceafa6f3127f2a291f0) Importer(815301076,1909f56bfc062723c751e8b465ee728b) (PreviewImporter) -> (artifact id: 'e9fdf68d5694b88eaf077293dd5f2016') in 0.06028225 seconds
Number of updated asset objects reloaded before import = 0Number of asset objects unloaded after import = 244

========================================================================
Received Import Request.
  Time since last request: 0.363747 seconds.
  path: Assets/Main/Trials/TrialScene 3.prefab
  artifactKey: Guid(2ca7cceedcdb1ceafa6f3127f2a291f0) Importer(815301076,1909f56bfc062723c751e8b465ee728b)
Start importing Assets/Main/Trials/TrialScene 3.prefab using Guid(2ca7cceedcdb1ceafa6f3127f2a291f0) Importer(815301076,1909f56bfc062723c751e8b465ee728b) (PreviewImporter) -> (artifact id: '67b91d361c590f74c37bbf0824109474') in 0.080480359 seconds
Number of updated asset objects reloaded before import = 0Number of asset objects unloaded after import = 244

========================================================================
Received Import Request.
  Time since last request: 20.255756 seconds.
  path: Assets/Main/Trials/TrialScene 3.prefab
  artifactKey: Guid(2ca7cceedcdb1ceafa6f3127f2a291f0) Importer(815301076,1909f56bfc062723c751e8b465ee728b)
Start importing Assets/Main/Trials/TrialScene 3.prefab using Guid(2ca7cceedcdb1ceafa6f3127f2a291f0) Importer(815301076,1909f56bfc062723c751e8b465ee728b) (PreviewImporter) -> (artifact id: 'cb1fa020975fa03ecebcce0cf7849dc7') in 0.048909947 seconds
Number of updated asset objects reloaded before import = 0Number of asset objects unloaded after import = 244

========================================================================
Received Import Request.
  Time since last request: 9.411760 seconds.
  path: Assets/Main/Trials/TrialScene 3.prefab
  artifactKey: Guid(2ca7cceedcdb1ceafa6f3127f2a291f0) Importer(815301076,1909f56bfc062723c751e8b465ee728b)
Start importing Assets/Main/Trials/TrialScene 3.prefab using Guid(2ca7cceedcdb1ceafa6f3127f2a291f0) Importer(815301076,1909f56bfc062723c751e8b465ee728b) (PreviewImporter) -> (artifact id: 'e817a9abdf9a25ef866036ced3ee9ea7') in 0.054174903 seconds
Number of updated asset objects reloaded before import = 0Number of asset objects unloaded after import = 244

========================================================================
Received Import Request.
  Time since last request: 0.549478 seconds.
  path: Assets/Main/Trials/TrialScene 3.prefab
  artifactKey: Guid(2ca7cceedcdb1ceafa6f3127f2a291f0) Importer(815301076,1909f56bfc062723c751e8b465ee728b)
Start importing Assets/Main/Trials/TrialScene 3.prefab using Guid(2ca7cceedcdb1ceafa6f3127f2a291f0) Importer(815301076,1909f56bfc062723c751e8b465ee728b) (PreviewImporter) -> (artifact id: '864ddb7e74d4568298cbf517293c0134') in 0.058454311 seconds
Number of updated asset objects reloaded before import = 0Number of asset objects unloaded after import = 244

========================================================================
Received Import Request.
  Time since last request: 0.724090 seconds.
  path: Assets/Main/Trials/TrialScene 3.prefab
  artifactKey: Guid(2ca7cceedcdb1ceafa6f3127f2a291f0) Importer(815301076,1909f56bfc062723c751e8b465ee728b)
Start importing Assets/Main/Trials/TrialScene 3.prefab using Guid(2ca7cceedcdb1ceafa6f3127f2a291f0) Importer(815301076,1909f56bfc062723c751e8b465ee728b) (PreviewImporter) -> (artifact id: '6f2116d99cf14d2ddb532d28a479d9c6') in 0.058174176 seconds
Number of updated asset objects reloaded before import = 0Number of asset objects unloaded after import = 244

========================================================================
Received Import Request.
  Time since last request: 4.073502 seconds.
  path: Assets/Main/Trials/TrialScene 3.prefab
  artifactKey: Guid(2ca7cceedcdb1ceafa6f3127f2a291f0) Importer(815301076,1909f56bfc062723c751e8b465ee728b)
Start importing Assets/Main/Trials/TrialScene 3.prefab using Guid(2ca7cceedcdb1ceafa6f3127f2a291f0) Importer(815301076,1909f56bfc062723c751e8b465ee728b) (PreviewImporter) -> (artifact id: 'b1ef577b2882c7e9ff0186c57f449710') in 0.062271962 seconds
Number of updated asset objects reloaded before import = 0Number of asset objects unloaded after import = 243

========================================================================
Received Import Request.
  Time since last request: 0.570834 seconds.
  path: Assets/Main/Trials/TrialScene 3.prefab
  artifactKey: Guid(2ca7cceedcdb1ceafa6f3127f2a291f0) Importer(815301076,1909f56bfc062723c751e8b465ee728b)
Start importing Assets/Main/Trials/TrialScene 3.prefab using Guid(2ca7cceedcdb1ceafa6f3127f2a291f0) Importer(815301076,1909f56bfc062723c751e8b465ee728b) (PreviewImporter) -> (artifact id: '055a972cf1d9211c77e19d9f8a0e4b1e') in 0.067839596 seconds
Number of updated asset objects reloaded before import = 0Number of asset objects unloaded after import = 244

========================================================================
Received Import Request.
  Time since last request: 2.334458 seconds.
  path: Assets/Main/Trials/TrialScene 3.prefab
  artifactKey: Guid(2ca7cceedcdb1ceafa6f3127f2a291f0) Importer(815301076,1909f56bfc062723c751e8b465ee728b)
Start importing Assets/Main/Trials/TrialScene 3.prefab using Guid(2ca7cceedcdb1ceafa6f3127f2a291f0) Importer(815301076,1909f56bfc062723c751e8b465ee728b) (PreviewImporter) -> (artifact id: '084572c510613ca74930a44734239937') in 0.06039412 seconds
Number of updated asset objects reloaded before import = 0Number of asset objects unloaded after import = 244

========================================================================
Received Import Request.
  Time since last request: 1.942973 seconds.
  path: Assets/Main/Trials/TrialScene 3.prefab
  artifactKey: Guid(2ca7cceedcdb1ceafa6f3127f2a291f0) Importer(815301076,1909f56bfc062723c751e8b465ee728b)
Start importing Assets/Main/Trials/TrialScene 3.prefab using Guid(2ca7cceedcdb1ceafa6f3127f2a291f0) Importer(815301076,1909f56bfc062723c751e8b465ee728b) (PreviewImporter) -> (artifact id: '5d0eed423e21be87026209bf7569a773') in 0.061578832 seconds
Number of updated asset objects reloaded before import = 0Number of asset objects unloaded after import = 244

========================================================================
Received Import Request.
  Time since last request: 0.904353 seconds.
  path: Assets/Main/Trials/TrialScene 3.prefab
  artifactKey: Guid(2ca7cceedcdb1ceafa6f3127f2a291f0) Importer(815301076,1909f56bfc062723c751e8b465ee728b)
Start importing Assets/Main/Trials/TrialScene 3.prefab using Guid(2ca7cceedcdb1ceafa6f3127f2a291f0) Importer(815301076,1909f56bfc062723c751e8b465ee728b) (PreviewImporter) -> (artifact id: 'e21c218c8cfb8001a77aecd21f3eb936') in 0.059586775 seconds
Number of updated asset objects reloaded before import = 0Number of asset objects unloaded after import = 244

========================================================================
Received Import Request.
  Time since last request: 4.451279 seconds.
  path: Assets/Main/Trials/TrialScene 3.prefab
  artifactKey: Guid(2ca7cceedcdb1ceafa6f3127f2a291f0) Importer(815301076,1909f56bfc062723c751e8b465ee728b)
Start importing Assets/Main/Trials/TrialScene 3.prefab using Guid(2ca7cceedcdb1ceafa6f3127f2a291f0) Importer(815301076,1909f56bfc062723c751e8b465ee728b) (PreviewImporter) -> (artifact id: 'd624e5a2e95091d3389cb655e8f67fdc') in 0.070626965 seconds
Number of updated asset objects reloaded before import = 0Number of asset objects unloaded after import = 244

========================================================================
Received Import Request.
  Time since last request: 4.166795 seconds.
  path: Assets/Main/Trials/TrialScene 3.prefab
  artifactKey: Guid(2ca7cceedcdb1ceafa6f3127f2a291f0) Importer(815301076,1909f56bfc062723c751e8b465ee728b)
Start importing Assets/Main/Trials/TrialScene 3.prefab using Guid(2ca7cceedcdb1ceafa6f3127f2a291f0) Importer(815301076,1909f56bfc062723c751e8b465ee728b) (PreviewImporter) -> (artifact id: 'b5fa04335c6e860e27d848cc3494b0f2') in 0.077615033 seconds
Number of updated asset objects reloaded before import = 0Number of asset objects unloaded after import = 244

========================================================================
Received Import Request.
  Time since last request: 3.792984 seconds.
  path: Assets/Main/Trials/TrialScene 3.prefab
  artifactKey: Guid(2ca7cceedcdb1ceafa6f3127f2a291f0) Importer(815301076,1909f56bfc062723c751e8b465ee728b)
Start importing Assets/Main/Trials/TrialScene 3.prefab using Guid(2ca7cceedcdb1ceafa6f3127f2a291f0) Importer(815301076,1909f56bfc062723c751e8b465ee728b) (PreviewImporter) -> (artifact id: '3d467ff56b55ad4b113a05eaa8edfd7b') in 0.063908532 seconds
Number of updated asset objects reloaded before import = 0Number of asset objects unloaded after import = 244

========================================================================
Received Import Request.
  Time since last request: 5.762204 seconds.
  path: Assets/Main/Trials/TrialScene 3.prefab
  artifactKey: Guid(2ca7cceedcdb1ceafa6f3127f2a291f0) Importer(815301076,1909f56bfc062723c751e8b465ee728b)
Start importing Assets/Main/Trials/TrialScene 3.prefab using Guid(2ca7cceedcdb1ceafa6f3127f2a291f0) Importer(815301076,1909f56bfc062723c751e8b465ee728b) (PreviewImporter) -> (artifact id: 'caa8008ef2dfea55e34bc8072a25f8fb') in 0.080705371 seconds
Number of updated asset objects reloaded before import = 0Number of asset objects unloaded after import = 244

========================================================================
Received Import Request.
  Time since last request: 0.534293 seconds.
  path: Assets/Main/Trials/TrialScene 3.prefab
  artifactKey: Guid(2ca7cceedcdb1ceafa6f3127f2a291f0) Importer(815301076,1909f56bfc062723c751e8b465ee728b)
Start importing Assets/Main/Trials/TrialScene 3.prefab using Guid(2ca7cceedcdb1ceafa6f3127f2a291f0) Importer(815301076,1909f56bfc062723c751e8b465ee728b) (PreviewImporter) -> (artifact id: 'a761b690a516ced6062984feb14698a3') in 0.067090371 seconds
Number of updated asset objects reloaded before import = 0Number of asset objects unloaded after import = 247

========================================================================
Received Import Request.
  Time since last request: 1.733920 seconds.
  path: Assets/Main/Trials/TrialScene 3.prefab
  artifactKey: Guid(2ca7cceedcdb1ceafa6f3127f2a291f0) Importer(815301076,1909f56bfc062723c751e8b465ee728b)
Start importing Assets/Main/Trials/TrialScene 3.prefab using Guid(2ca7cceedcdb1ceafa6f3127f2a291f0) Importer(815301076,1909f56bfc062723c751e8b465ee728b) (PreviewImporter) -> (artifact id: 'd8aaabc9b8b3c41661ce3a7f0315b642') in 0.098741944 seconds
Number of updated asset objects reloaded before import = 0Number of asset objects unloaded after import = 247

========================================================================
Received Import Request.
  Time since last request: 2.084448 seconds.
  path: Assets/Main/Trials/TrialScene 3.prefab
  artifactKey: Guid(2ca7cceedcdb1ceafa6f3127f2a291f0) Importer(815301076,1909f56bfc062723c751e8b465ee728b)
Start importing Assets/Main/Trials/TrialScene 3.prefab using Guid(2ca7cceedcdb1ceafa6f3127f2a291f0) Importer(815301076,1909f56bfc062723c751e8b465ee728b) (PreviewImporter) -> (artifact id: 'bd4b28530bd1106135e5b682c1b206e8') in 0.069211611 seconds
Number of updated asset objects reloaded before import = 0Number of asset objects unloaded after import = 247

========================================================================
Received Import Request.
  Time since last request: 1.147475 seconds.
  path: Assets/Main/Trials/TrialScene 3.prefab
  artifactKey: Guid(2ca7cceedcdb1ceafa6f3127f2a291f0) Importer(815301076,1909f56bfc062723c751e8b465ee728b)
Start importing Assets/Main/Trials/TrialScene 3.prefab using Guid(2ca7cceedcdb1ceafa6f3127f2a291f0) Importer(815301076,1909f56bfc062723c751e8b465ee728b) (PreviewImporter) -> (artifact id: '567485a43ec158b3c3f58d5431f60886') in 0.070227917 seconds
Number of updated asset objects reloaded before import = 0Number of asset objects unloaded after import = 250

========================================================================
Received Import Request.
  Time since last request: 1.754793 seconds.
  path: Assets/Main/Trials/TrialScene 3.prefab
  artifactKey: Guid(2ca7cceedcdb1ceafa6f3127f2a291f0) Importer(815301076,1909f56bfc062723c751e8b465ee728b)
Start importing Assets/Main/Trials/TrialScene 3.prefab using Guid(2ca7cceedcdb1ceafa6f3127f2a291f0) Importer(815301076,1909f56bfc062723c751e8b465ee728b) (PreviewImporter) -> (artifact id: '6ec02c570928e58d270ff1cb64de2083') in 0.05675829 seconds
Number of updated asset objects reloaded before import = 0Number of asset objects unloaded after import = 250

========================================================================
Received Import Request.
  Time since last request: 3.647188 seconds.
  path: Assets/Main/Trials/TrialScene 3.prefab
  artifactKey: Guid(2ca7cceedcdb1ceafa6f3127f2a291f0) Importer(815301076,1909f56bfc062723c751e8b465ee728b)
Start importing Assets/Main/Trials/TrialScene 3.prefab using Guid(2ca7cceedcdb1ceafa6f3127f2a291f0) Importer(815301076,1909f56bfc062723c751e8b465ee728b) (PreviewImporter) -> (artifact id: '62e869116c4645f5021792b9f9c822a7') in 0.073632503 seconds
Number of updated asset objects reloaded before import = 0Number of asset objects unloaded after import = 250

========================================================================
Received Import Request.
  Time since last request: 1.380814 seconds.
  path: Assets/Main/Trials/TrialScene 3.prefab
  artifactKey: Guid(2ca7cceedcdb1ceafa6f3127f2a291f0) Importer(815301076,1909f56bfc062723c751e8b465ee728b)
Start importing Assets/Main/Trials/TrialScene 3.prefab using Guid(2ca7cceedcdb1ceafa6f3127f2a291f0) Importer(815301076,1909f56bfc062723c751e8b465ee728b) (PreviewImporter) -> (artifact id: '9df942c02abbca203a84d393d8eb2bf9') in 0.073773408 seconds
Number of updated asset objects reloaded before import = 0Number of asset objects unloaded after import = 250

========================================================================
Received Import Request.
  Time since last request: 1.383953 seconds.
  path: Assets/Main/Trials/TrialScene 3.prefab
  artifactKey: Guid(2ca7cceedcdb1ceafa6f3127f2a291f0) Importer(815301076,1909f56bfc062723c751e8b465ee728b)
Start importing Assets/Main/Trials/TrialScene 3.prefab using Guid(2ca7cceedcdb1ceafa6f3127f2a291f0) Importer(815301076,1909f56bfc062723c751e8b465ee728b) (PreviewImporter) -> (artifact id: '5a770b166afbba2a2ddc53ec60ca610d') in 0.06972348 seconds
Number of updated asset objects reloaded before import = 0Number of asset objects unloaded after import = 253

========================================================================
Received Import Request.
  Time since last request: 1.727014 seconds.
  path: Assets/Main/Trials/TrialScene 3.prefab
  artifactKey: Guid(2ca7cceedcdb1ceafa6f3127f2a291f0) Importer(815301076,1909f56bfc062723c751e8b465ee728b)
Start importing Assets/Main/Trials/TrialScene 3.prefab using Guid(2ca7cceedcdb1ceafa6f3127f2a291f0) Importer(815301076,1909f56bfc062723c751e8b465ee728b) (PreviewImporter) -> (artifact id: '1abcd5e96cd24437cb0e9702563914da') in 0.075967062 seconds
Number of updated asset objects reloaded before import = 0Number of asset objects unloaded after import = 253

========================================================================
Received Import Request.
  Time since last request: 2.983034 seconds.
  path: Assets/Main/Trials/TrialScene 3.prefab
  artifactKey: Guid(2ca7cceedcdb1ceafa6f3127f2a291f0) Importer(815301076,1909f56bfc062723c751e8b465ee728b)
Start importing Assets/Main/Trials/TrialScene 3.prefab using Guid(2ca7cceedcdb1ceafa6f3127f2a291f0) Importer(815301076,1909f56bfc062723c751e8b465ee728b) (PreviewImporter) -> (artifact id: '0bba333c503db54b4a6936210b22863a') in 0.066217063 seconds
Number of updated asset objects reloaded before import = 0Number of asset objects unloaded after import = 253

========================================================================
Received Import Request.
  Time since last request: 1.178788 seconds.
  path: Assets/Main/Trials/TrialScene 3.prefab
  artifactKey: Guid(2ca7cceedcdb1ceafa6f3127f2a291f0) Importer(815301076,1909f56bfc062723c751e8b465ee728b)
Start importing Assets/Main/Trials/TrialScene 3.prefab using Guid(2ca7cceedcdb1ceafa6f3127f2a291f0) Importer(815301076,1909f56bfc062723c751e8b465ee728b) (PreviewImporter) -> (artifact id: 'c2d898eff7b07f89987da26a0d537057') in 0.08011874 seconds
Number of updated asset objects reloaded before import = 0Number of asset objects unloaded after import = 253

========================================================================
Received Import Request.
  Time since last request: 25.586959 seconds.
  path: Assets/Main/Trials/TrialScene 4.prefab
  artifactKey: Guid(1ea6880d62107af65adaf3fff0c29a62) Importer(815301076,1909f56bfc062723c751e8b465ee728b)
Start importing Assets/Main/Trials/TrialScene 4.prefab using Guid(1ea6880d62107af65adaf3fff0c29a62) Importer(815301076,1909f56bfc062723c751e8b465ee728b) (PreviewImporter) -> (artifact id: '7286d09370efff861427624e787e9e31') in 0.099850594 seconds
Number of updated asset objects reloaded before import = 0Number of asset objects unloaded after import = 250

========================================================================
Received Import Request.
  Time since last request: 10.954452 seconds.
  path: Assets/Main/Trials/TrialScene 4.prefab
  artifactKey: Guid(1ea6880d62107af65adaf3fff0c29a62) Importer(815301076,1909f56bfc062723c751e8b465ee728b)
Start importing Assets/Main/Trials/TrialScene 4.prefab using Guid(1ea6880d62107af65adaf3fff0c29a62) Importer(815301076,1909f56bfc062723c751e8b465ee728b) (PreviewImporter) -> (artifact id: 'a6dddeca2a15564c9bf776d056977280') in 0.075721632 seconds
Number of updated asset objects reloaded before import = 0Number of asset objects unloaded after import = 250

========================================================================
Received Import Request.
  Time since last request: 12.436433 seconds.
  path: Assets/Main/Trials/TrialScene 4.prefab
  artifactKey: Guid(1ea6880d62107af65adaf3fff0c29a62) Importer(815301076,1909f56bfc062723c751e8b465ee728b)
Start importing Assets/Main/Trials/TrialScene 4.prefab using Guid(1ea6880d62107af65adaf3fff0c29a62) Importer(815301076,1909f56bfc062723c751e8b465ee728b) (PreviewImporter) -> (artifact id: '8549555a2cb373726f2dc633d358c5a9') in 0.060844575 seconds
Number of updated asset objects reloaded before import = 0Number of asset objects unloaded after import = 250

========================================================================
Received Import Request.
  Time since last request: 109.853328 seconds.
  path: Assets/Main/Trials/TrialScene 4.prefab
  artifactKey: Guid(1ea6880d62107af65adaf3fff0c29a62) Importer(815301076,1909f56bfc062723c751e8b465ee728b)
Start importing Assets/Main/Trials/TrialScene 4.prefab using Guid(1ea6880d62107af65adaf3fff0c29a62) Importer(815301076,1909f56bfc062723c751e8b465ee728b) (PreviewImporter) -> (artifact id: 'b10a948a8fd4ede504a507addf879fcc') in 0.054123046 seconds
Number of updated asset objects reloaded before import = 0Number of asset objects unloaded after import = 250

========================================================================
Received Import Request.
  Time since last request: 9.767080 seconds.
  path: Assets/Main/Trials/TrialScene 4.prefab
  artifactKey: Guid(1ea6880d62107af65adaf3fff0c29a62) Importer(815301076,1909f56bfc062723c751e8b465ee728b)
Start importing Assets/Main/Trials/TrialScene 4.prefab using Guid(1ea6880d62107af65adaf3fff0c29a62) Importer(815301076,1909f56bfc062723c751e8b465ee728b) (PreviewImporter) -> (artifact id: 'b378f7f73e2338541dc67ae374e9203c') in 0.062583006 seconds
Number of updated asset objects reloaded before import = 0Number of asset objects unloaded after import = 250

========================================================================
Received Import Request.
  Time since last request: 18.350556 seconds.
  path: Assets/Main/Trials/TrialScene 5.prefab
  artifactKey: Guid(1b037d4756fadf39a9ba583336803f10) Importer(815301076,1909f56bfc062723c751e8b465ee728b)
Start importing Assets/Main/Trials/TrialScene 5.prefab using Guid(1b037d4756fadf39a9ba583336803f10) Importer(815301076,1909f56bfc062723c751e8b465ee728b) (PreviewImporter) -> (artifact id: '32910e2366bcfd79981beb9fa874ac02') in 0.066697333 seconds
Number of updated asset objects reloaded before import = 0Number of asset objects unloaded after import = 290

========================================================================
Received Import Request.
  Time since last request: 16.764236 seconds.
  path: Assets/Main/Trials/TrialScene 5.prefab
  artifactKey: Guid(1b037d4756fadf39a9ba583336803f10) Importer(815301076,1909f56bfc062723c751e8b465ee728b)
Start importing Assets/Main/Trials/TrialScene 5.prefab using Guid(1b037d4756fadf39a9ba583336803f10) Importer(815301076,1909f56bfc062723c751e8b465ee728b) (PreviewImporter) -> (artifact id: 'bdcfe9718ea2686cbfd8b320790caf04') in 0.065200425 seconds
Number of updated asset objects reloaded before import = 0Number of asset objects unloaded after import = 290

========================================================================
Received Import Request.
  Time since last request: 9.134009 seconds.
  path: Assets/Main/Trials/TrialScene 5.prefab
  artifactKey: Guid(1b037d4756fadf39a9ba583336803f10) Importer(815301076,1909f56bfc062723c751e8b465ee728b)
Start importing Assets/Main/Trials/TrialScene 5.prefab using Guid(1b037d4756fadf39a9ba583336803f10) Importer(815301076,1909f56bfc062723c751e8b465ee728b) (PreviewImporter) -> (artifact id: 'dfe4f699b798f371645583d86c2367a4') in 0.069590731 seconds
Number of updated asset objects reloaded before import = 0Number of asset objects unloaded after import = 290

========================================================================
Received Import Request.
  Time since last request: 11.652646 seconds.
  path: Assets/Main/Trials/TrialScene 5.prefab
  artifactKey: Guid(1b037d4756fadf39a9ba583336803f10) Importer(815301076,1909f56bfc062723c751e8b465ee728b)
Start importing Assets/Main/Trials/TrialScene 5.prefab using Guid(1b037d4756fadf39a9ba583336803f10) Importer(815301076,1909f56bfc062723c751e8b465ee728b) (PreviewImporter) -> (artifact id: 'a2b29b90ea7816aea0a7fd35201caea6') in 0.084355649 seconds
Number of updated asset objects reloaded before import = 0Number of asset objects unloaded after import = 289

========================================================================
Received Import Request.
  Time since last request: 44.917787 seconds.
  path: Assets/Main/Trials/TrialScene 5.prefab
  artifactKey: Guid(1b037d4756fadf39a9ba583336803f10) Importer(815301076,1909f56bfc062723c751e8b465ee728b)
Start importing Assets/Main/Trials/TrialScene 5.prefab using Guid(1b037d4756fadf39a9ba583336803f10) Importer(815301076,1909f56bfc062723c751e8b465ee728b) (PreviewImporter) -> (artifact id: 'fb279dced305fc21b8fb2c6d58ee96e5') in 0.06656212 seconds
Number of updated asset objects reloaded before import = 0Number of asset objects unloaded after import = 291

========================================================================
Received Import Request.
  Time since last request: 9.738659 seconds.
  path: Assets/Main/Trials/TrialScene 5.prefab
  artifactKey: Guid(1b037d4756fadf39a9ba583336803f10) Importer(815301076,1909f56bfc062723c751e8b465ee728b)
Start importing Assets/Main/Trials/TrialScene 5.prefab using Guid(1b037d4756fadf39a9ba583336803f10) Importer(815301076,1909f56bfc062723c751e8b465ee728b) (PreviewImporter) -> (artifact id: 'c418891e1fe8ddb46db95e7bc3e8a1a8') in 0.076779166 seconds
Number of updated asset objects reloaded before import = 0Number of asset objects unloaded after import = 292

========================================================================
Received Import Request.
  Time since last request: 9.770428 seconds.
  path: Assets/Main/Trials/TrialScene 5.prefab
  artifactKey: Guid(1b037d4756fadf39a9ba583336803f10) Importer(815301076,1909f56bfc062723c751e8b465ee728b)
Start importing Assets/Main/Trials/TrialScene 5.prefab using Guid(1b037d4756fadf39a9ba583336803f10) Importer(815301076,1909f56bfc062723c751e8b465ee728b) (PreviewImporter) -> (artifact id: '2ef322c4fb853bdd29eccdd0479dd2fb') in 0.068331249 seconds
Number of updated asset objects reloaded before import = 0Number of asset objects unloaded after import = 292

========================================================================
Received Import Request.
  Time since last request: 2.127006 seconds.
  path: Assets/Main/Trials/TrialScene 5.prefab
  artifactKey: Guid(1b037d4756fadf39a9ba583336803f10) Importer(815301076,1909f56bfc062723c751e8b465ee728b)
Start importing Assets/Main/Trials/TrialScene 5.prefab using Guid(1b037d4756fadf39a9ba583336803f10) Importer(815301076,1909f56bfc062723c751e8b465ee728b) (PreviewImporter) -> (artifact id: '5ede6c8a1fe8ecb39598823149f7be64') in 0.074047311 seconds
Number of updated asset objects reloaded before import = 0Number of asset objects unloaded after import = 292

========================================================================
Received Import Request.
  Time since last request: 6.435187 seconds.
  path: Assets/Main/Trials/TrialScene 5.prefab
  artifactKey: Guid(1b037d4756fadf39a9ba583336803f10) Importer(815301076,1909f56bfc062723c751e8b465ee728b)
Start importing Assets/Main/Trials/TrialScene 5.prefab using Guid(1b037d4756fadf39a9ba583336803f10) Importer(815301076,1909f56bfc062723c751e8b465ee728b) (PreviewImporter) -> (artifact id: 'f88b141488c28acb9303da80b20d9868') in 0.083079324 seconds
Number of updated asset objects reloaded before import = 0Number of asset objects unloaded after import = 292

========================================================================
Received Import Request.
  Time since last request: 5.756833 seconds.
  path: Assets/Main/Trials/TrialScene 5.prefab
  artifactKey: Guid(1b037d4756fadf39a9ba583336803f10) Importer(815301076,1909f56bfc062723c751e8b465ee728b)
Start importing Assets/Main/Trials/TrialScene 5.prefab using Guid(1b037d4756fadf39a9ba583336803f10) Importer(815301076,1909f56bfc062723c751e8b465ee728b) (PreviewImporter) -> (artifact id: '7a811babd350d69b5eaf3246fb0901e9') in 0.069799964 seconds
Number of updated asset objects reloaded before import = 0Number of asset objects unloaded after import = 292

========================================================================
Received Import Request.
  Time since last request: 10.455805 seconds.
  path: Assets/Main/Trials/TrialScene 5.prefab
  artifactKey: Guid(1b037d4756fadf39a9ba583336803f10) Importer(815301076,1909f56bfc062723c751e8b465ee728b)
Start importing Assets/Main/Trials/TrialScene 5.prefab using Guid(1b037d4756fadf39a9ba583336803f10) Importer(815301076,1909f56bfc062723c751e8b465ee728b) (PreviewImporter) -> (artifact id: 'efac4758945dbc59631ec9f5fa2f33ab') in 0.066141521 seconds
Number of updated asset objects reloaded before import = 0Number of asset objects unloaded after import = 292

========================================================================
Received Import Request.
  Time since last request: 3.673265 seconds.
  path: Assets/Main/Trials/TrialScene 5.prefab
  artifactKey: Guid(1b037d4756fadf39a9ba583336803f10) Importer(815301076,1909f56bfc062723c751e8b465ee728b)
Start importing Assets/Main/Trials/TrialScene 5.prefab using Guid(1b037d4756fadf39a9ba583336803f10) Importer(815301076,1909f56bfc062723c751e8b465ee728b) (PreviewImporter) -> (artifact id: '2ef32ab85e6f92e56ed915cdd0592106') in 0.080162292 seconds
Number of updated asset objects reloaded before import = 0Number of asset objects unloaded after import = 292

========================================================================
Received Import Request.
  Time since last request: 1.953069 seconds.
  path: Assets/Main/Trials/TrialScene 5.prefab
  artifactKey: Guid(1b037d4756fadf39a9ba583336803f10) Importer(815301076,1909f56bfc062723c751e8b465ee728b)
Start importing Assets/Main/Trials/TrialScene 5.prefab using Guid(1b037d4756fadf39a9ba583336803f10) Importer(815301076,1909f56bfc062723c751e8b465ee728b) (PreviewImporter) -> (artifact id: '8f23285a60759b667d4a44c190859ad0') in 0.091454644 seconds
Number of updated asset objects reloaded before import = 0Number of asset objects unloaded after import = 292

========================================================================
Received Import Request.
  Time since last request: 4.408775 seconds.
  path: Assets/Main/Trials/TrialScene 5.prefab
  artifactKey: Guid(1b037d4756fadf39a9ba583336803f10) Importer(815301076,1909f56bfc062723c751e8b465ee728b)
Start importing Assets/Main/Trials/TrialScene 5.prefab using Guid(1b037d4756fadf39a9ba583336803f10) Importer(815301076,1909f56bfc062723c751e8b465ee728b) (PreviewImporter) -> (artifact id: '5eddc4f4504bdb9009896900ec8b6258') in 0.076427106 seconds
Number of updated asset objects reloaded before import = 0Number of asset objects unloaded after import = 292

========================================================================
Received Import Request.
  Time since last request: 0.917210 seconds.
  path: Assets/Main/Trials/TrialScene 5.prefab
  artifactKey: Guid(1b037d4756fadf39a9ba583336803f10) Importer(815301076,1909f56bfc062723c751e8b465ee728b)
Start importing Assets/Main/Trials/TrialScene 5.prefab using Guid(1b037d4756fadf39a9ba583336803f10) Importer(815301076,1909f56bfc062723c751e8b465ee728b) (PreviewImporter) -> (artifact id: 'b6371576106e26a8d1f512946cb8d3ec') in 0.089105378 seconds
Number of updated asset objects reloaded before import = 0Number of asset objects unloaded after import = 292

========================================================================
Received Import Request.
  Time since last request: 4.450031 seconds.
  path: Assets/Main/Trials/TrialScene 5.prefab
  artifactKey: Guid(1b037d4756fadf39a9ba583336803f10) Importer(815301076,1909f56bfc062723c751e8b465ee728b)
Start importing Assets/Main/Trials/TrialScene 5.prefab using Guid(1b037d4756fadf39a9ba583336803f10) Importer(815301076,1909f56bfc062723c751e8b465ee728b) (PreviewImporter) -> (artifact id: 'ab397fe59ef00fdeda4927362817472f') in 0.083600051 seconds
Number of updated asset objects reloaded before import = 0Number of asset objects unloaded after import = 292

========================================================================
Received Import Request.
  Time since last request: 1.562948 seconds.
  path: Assets/Main/Trials/TrialScene 5.prefab
  artifactKey: Guid(1b037d4756fadf39a9ba583336803f10) Importer(815301076,1909f56bfc062723c751e8b465ee728b)
Start importing Assets/Main/Trials/TrialScene 5.prefab using Guid(1b037d4756fadf39a9ba583336803f10) Importer(815301076,1909f56bfc062723c751e8b465ee728b) (PreviewImporter) -> (artifact id: '79192e6d7279015a1bb4bc8bd90f8d1b') in 0.081391648 seconds
Number of updated asset objects reloaded before import = 0Number of asset objects unloaded after import = 292

========================================================================
Received Import Request.
  Time since last request: 1.289155 seconds.
  path: Assets/Main/Trials/TrialScene 5.prefab
  artifactKey: Guid(1b037d4756fadf39a9ba583336803f10) Importer(815301076,1909f56bfc062723c751e8b465ee728b)
Start importing Assets/Main/Trials/TrialScene 5.prefab using Guid(1b037d4756fadf39a9ba583336803f10) Importer(815301076,1909f56bfc062723c751e8b465ee728b) (PreviewImporter) -> (artifact id: 'ced2e585e5f6be33b54047e7ea35aa68') in 0.101625514 seconds
Number of updated asset objects reloaded before import = 0Number of asset objects unloaded after import = 292

========================================================================
Received Import Request.
  Time since last request: 1.927719 seconds.
  path: Assets/Main/Trials/TrialScene 5.prefab
  artifactKey: Guid(1b037d4756fadf39a9ba583336803f10) Importer(815301076,1909f56bfc062723c751e8b465ee728b)
Start importing Assets/Main/Trials/TrialScene 5.prefab using Guid(1b037d4756fadf39a9ba583336803f10) Importer(815301076,1909f56bfc062723c751e8b465ee728b) (PreviewImporter) -> (artifact id: 'da7201e0b0ccdc7ca64ddcaeddad4d75') in 0.071107527 seconds
Number of updated asset objects reloaded before import = 0Number of asset objects unloaded after import = 292

========================================================================
Received Import Request.
  Time since last request: 1.505427 seconds.
  path: Assets/Main/Trials/TrialScene 5.prefab
  artifactKey: Guid(1b037d4756fadf39a9ba583336803f10) Importer(815301076,1909f56bfc062723c751e8b465ee728b)
Start importing Assets/Main/Trials/TrialScene 5.prefab using Guid(1b037d4756fadf39a9ba583336803f10) Importer(815301076,1909f56bfc062723c751e8b465ee728b) (PreviewImporter) -> (artifact id: '3907b9f30b83c96fa35a5f17e819f937') in 0.08593477 seconds
Number of updated asset objects reloaded before import = 0Number of asset objects unloaded after import = 292

========================================================================
Received Import Request.
  Time since last request: 5.904208 seconds.
  path: Assets/Main/Trials/TrialScene 5.prefab
  artifactKey: Guid(1b037d4756fadf39a9ba583336803f10) Importer(815301076,1909f56bfc062723c751e8b465ee728b)
Start importing Assets/Main/Trials/TrialScene 5.prefab using Guid(1b037d4756fadf39a9ba583336803f10) Importer(815301076,1909f56bfc062723c751e8b465ee728b) (PreviewImporter) -> (artifact id: '7614e1917c28f5d6344318498c81bba1') in 0.091222739 seconds
Number of updated asset objects reloaded before import = 0Number of asset objects unloaded after import = 292

========================================================================
Received Import Request.
  Time since last request: 1.524223 seconds.
  path: Assets/Main/Trials/TrialScene 5.prefab
  artifactKey: Guid(1b037d4756fadf39a9ba583336803f10) Importer(815301076,1909f56bfc062723c751e8b465ee728b)
Start importing Assets/Main/Trials/TrialScene 5.prefab using Guid(1b037d4756fadf39a9ba583336803f10) Importer(815301076,1909f56bfc062723c751e8b465ee728b) (PreviewImporter) -> (artifact id: '887b5677854ffe2fee592f191479ea63') in 0.077065213 seconds
Number of updated asset objects reloaded before import = 0Number of asset objects unloaded after import = 292

========================================================================
Received Import Request.
  Time since last request: 0.688780 seconds.
  path: Assets/Main/Trials/TrialScene 5.prefab
  artifactKey: Guid(1b037d4756fadf39a9ba583336803f10) Importer(815301076,1909f56bfc062723c751e8b465ee728b)
Start importing Assets/Main/Trials/TrialScene 5.prefab using Guid(1b037d4756fadf39a9ba583336803f10) Importer(815301076,1909f56bfc062723c751e8b465ee728b) (PreviewImporter) -> (artifact id: 'd845240d133e7cc7127184a46b681cb1') in 0.096733306 seconds
Number of updated asset objects reloaded before import = 0Number of asset objects unloaded after import = 292

========================================================================
Received Import Request.
  Time since last request: 3.638936 seconds.
  path: Assets/Main/Trials/TrialScene 5.prefab
  artifactKey: Guid(1b037d4756fadf39a9ba583336803f10) Importer(815301076,1909f56bfc062723c751e8b465ee728b)
Start importing Assets/Main/Trials/TrialScene 5.prefab using Guid(1b037d4756fadf39a9ba583336803f10) Importer(815301076,1909f56bfc062723c751e8b465ee728b) (PreviewImporter) -> (artifact id: 'fccaeb789e9c63c1a345d38b0b6532a5') in 0.080100987 seconds
Number of updated asset objects reloaded before import = 0Number of asset objects unloaded after import = 292

========================================================================
Received Import Request.
  Time since last request: 1.406367 seconds.
  path: Assets/Main/Trials/TrialScene 5.prefab
  artifactKey: Guid(1b037d4756fadf39a9ba583336803f10) Importer(815301076,1909f56bfc062723c751e8b465ee728b)
Start importing Assets/Main/Trials/TrialScene 5.prefab using Guid(1b037d4756fadf39a9ba583336803f10) Importer(815301076,1909f56bfc062723c751e8b465ee728b) (PreviewImporter) -> (artifact id: '675b10ee851a75fc3cccbb26338a508c') in 0.071345894 seconds
Number of updated asset objects reloaded before import = 0Number of asset objects unloaded after import = 295

========================================================================
Received Import Request.
  Time since last request: 7.005364 seconds.
  path: Assets/Main/Trials/TrialScene 5.prefab
  artifactKey: Guid(1b037d4756fadf39a9ba583336803f10) Importer(815301076,1909f56bfc062723c751e8b465ee728b)
Start importing Assets/Main/Trials/TrialScene 5.prefab using Guid(1b037d4756fadf39a9ba583336803f10) Importer(815301076,1909f56bfc062723c751e8b465ee728b) (PreviewImporter) -> (artifact id: '0b9eca8f5e3afc7df6e6ba57585f9299') in 0.070998192 seconds
Number of updated asset objects reloaded before import = 0Number of asset objects unloaded after import = 295

========================================================================
Received Import Request.
  Time since last request: 0.920626 seconds.
  path: Assets/Main/Trials/TrialScene 5.prefab
  artifactKey: Guid(1b037d4756fadf39a9ba583336803f10) Importer(815301076,1909f56bfc062723c751e8b465ee728b)
Start importing Assets/Main/Trials/TrialScene 5.prefab using Guid(1b037d4756fadf39a9ba583336803f10) Importer(815301076,1909f56bfc062723c751e8b465ee728b) (PreviewImporter) -> (artifact id: '51103cc5d3d033527a00c1f40d6b9fc8') in 0.073507508 seconds
Number of updated asset objects reloaded before import = 0Number of asset objects unloaded after import = 295

========================================================================
Received Import Request.
  Time since last request: 2.398323 seconds.
  path: Assets/Main/Trials/TrialScene 5.prefab
  artifactKey: Guid(1b037d4756fadf39a9ba583336803f10) Importer(815301076,1909f56bfc062723c751e8b465ee728b)
Start importing Assets/Main/Trials/TrialScene 5.prefab using Guid(1b037d4756fadf39a9ba583336803f10) Importer(815301076,1909f56bfc062723c751e8b465ee728b) (PreviewImporter) -> (artifact id: 'b164ce0c51104e3e8e502892a6fc02e5') in 0.090859118 seconds
Number of updated asset objects reloaded before import = 0Number of asset objects unloaded after import = 295

========================================================================
Received Import Request.
  Time since last request: 1.908389 seconds.
  path: Assets/Main/Trials/TrialScene 5.prefab
  artifactKey: Guid(1b037d4756fadf39a9ba583336803f10) Importer(815301076,1909f56bfc062723c751e8b465ee728b)
Start importing Assets/Main/Trials/TrialScene 5.prefab using Guid(1b037d4756fadf39a9ba583336803f10) Importer(815301076,1909f56bfc062723c751e8b465ee728b) (PreviewImporter) -> (artifact id: 'e61e1bdafb9e356b93003c5edfbf07f9') in 0.087867677 seconds
Number of updated asset objects reloaded before import = 0Number of asset objects unloaded after import = 295

========================================================================
Received Import Request.
  Time since last request: 1.300534 seconds.
  path: Assets/Main/Trials/TrialScene 5.prefab
  artifactKey: Guid(1b037d4756fadf39a9ba583336803f10) Importer(815301076,1909f56bfc062723c751e8b465ee728b)
Start importing Assets/Main/Trials/TrialScene 5.prefab using Guid(1b037d4756fadf39a9ba583336803f10) Importer(815301076,1909f56bfc062723c751e8b465ee728b) (PreviewImporter) -> (artifact id: '389cb525dfc9cf5c67f3b5808242e911') in 0.075389329 seconds
Number of updated asset objects reloaded before import = 0Number of asset objects unloaded after import = 295

========================================================================
Received Import Request.
  Time since last request: 1.770795 seconds.
  path: Assets/Main/Trials/TrialScene 5.prefab
  artifactKey: Guid(1b037d4756fadf39a9ba583336803f10) Importer(815301076,1909f56bfc062723c751e8b465ee728b)
Start importing Assets/Main/Trials/TrialScene 5.prefab using Guid(1b037d4756fadf39a9ba583336803f10) Importer(815301076,1909f56bfc062723c751e8b465ee728b) (PreviewImporter) -> (artifact id: 'dc6889d7b327634347c9c29abf134b73') in 0.080136383 seconds
Number of updated asset objects reloaded before import = 0Number of asset objects unloaded after import = 295

========================================================================
Received Import Request.
  Time since last request: 3.655470 seconds.
  path: Assets/Main/Trials/TrialScene 5.prefab
  artifactKey: Guid(1b037d4756fadf39a9ba583336803f10) Importer(815301076,1909f56bfc062723c751e8b465ee728b)
Start importing Assets/Main/Trials/TrialScene 5.prefab using Guid(1b037d4756fadf39a9ba583336803f10) Importer(815301076,1909f56bfc062723c751e8b465ee728b) (PreviewImporter) -> (artifact id: '1a56b97093cc56c5dfc2235256f4e498') in 0.068181798 seconds
Number of updated asset objects reloaded before import = 0Number of asset objects unloaded after import = 295

========================================================================
Received Import Request.
  Time since last request: 1.221546 seconds.
  path: Assets/Main/Trials/TrialScene 5.prefab
  artifactKey: Guid(1b037d4756fadf39a9ba583336803f10) Importer(815301076,1909f56bfc062723c751e8b465ee728b)
Start importing Assets/Main/Trials/TrialScene 5.prefab using Guid(1b037d4756fadf39a9ba583336803f10) Importer(815301076,1909f56bfc062723c751e8b465ee728b) (PreviewImporter) -> (artifact id: '2a00d62f5266a1f1850f3ef31360f706') in 0.077591259 seconds
Number of updated asset objects reloaded before import = 0Number of asset objects unloaded after import = 295

========================================================================
Received Import Request.
  Time since last request: 1.930668 seconds.
  path: Assets/Main/Trials/TrialScene 5.prefab
  artifactKey: Guid(1b037d4756fadf39a9ba583336803f10) Importer(815301076,1909f56bfc062723c751e8b465ee728b)
Start importing Assets/Main/Trials/TrialScene 5.prefab using Guid(1b037d4756fadf39a9ba583336803f10) Importer(815301076,1909f56bfc062723c751e8b465ee728b) (PreviewImporter) -> (artifact id: 'bb0a08bfde077144f178f491021afef5') in 0.073968524 seconds
Number of updated asset objects reloaded before import = 0Number of asset objects unloaded after import = 295

========================================================================
Received Import Request.
  Time since last request: 1.595245 seconds.
  path: Assets/Main/Trials/TrialScene 5.prefab
  artifactKey: Guid(1b037d4756fadf39a9ba583336803f10) Importer(815301076,1909f56bfc062723c751e8b465ee728b)
Start importing Assets/Main/Trials/TrialScene 5.prefab using Guid(1b037d4756fadf39a9ba583336803f10) Importer(815301076,1909f56bfc062723c751e8b465ee728b) (PreviewImporter) -> (artifact id: '6b3166cf7578ad684bd824038c99ffdf') in 0.067737294 seconds
Number of updated asset objects reloaded before import = 0Number of asset objects unloaded after import = 295

========================================================================
Received Import Request.
  Time since last request: 1.403615 seconds.
  path: Assets/Main/Trials/TrialScene 5.prefab
  artifactKey: Guid(1b037d4756fadf39a9ba583336803f10) Importer(815301076,1909f56bfc062723c751e8b465ee728b)
Start importing Assets/Main/Trials/TrialScene 5.prefab using Guid(1b037d4756fadf39a9ba583336803f10) Importer(815301076,1909f56bfc062723c751e8b465ee728b) (PreviewImporter) -> (artifact id: '4b1357307d81b5b444149bd696121132') in 0.093832495 seconds
Number of updated asset objects reloaded before import = 0Number of asset objects unloaded after import = 295

========================================================================
Received Import Request.
  Time since last request: 3.746340 seconds.
  path: Assets/Main/Trials/TrialScene 5.prefab
  artifactKey: Guid(1b037d4756fadf39a9ba583336803f10) Importer(815301076,1909f56bfc062723c751e8b465ee728b)
Start importing Assets/Main/Trials/TrialScene 5.prefab using Guid(1b037d4756fadf39a9ba583336803f10) Importer(815301076,1909f56bfc062723c751e8b465ee728b) (PreviewImporter) -> (artifact id: '0dd89da7a862a020ef06727b7f1c2917') in 0.071654412 seconds
Number of updated asset objects reloaded before import = 0Number of asset objects unloaded after import = 295

========================================================================
Received Import Request.
  Time since last request: 21.508391 seconds.
  path: Assets/Main/Trials/TrialScene 5.prefab
  artifactKey: Guid(1b037d4756fadf39a9ba583336803f10) Importer(815301076,1909f56bfc062723c751e8b465ee728b)
Start importing Assets/Main/Trials/TrialScene 5.prefab using Guid(1b037d4756fadf39a9ba583336803f10) Importer(815301076,1909f56bfc062723c751e8b465ee728b) (PreviewImporter) -> (artifact id: 'db5ef26cd0b30066e1dce47447728aad') in 0.079694845 seconds
Number of updated asset objects reloaded before import = 0Number of asset objects unloaded after import = 295

========================================================================
Received Import Request.
  Time since last request: 6.804123 seconds.
  path: Assets/Main/Trials/TrialScene 5.prefab
  artifactKey: Guid(1b037d4756fadf39a9ba583336803f10) Importer(815301076,1909f56bfc062723c751e8b465ee728b)
Start importing Assets/Main/Trials/TrialScene 5.prefab using Guid(1b037d4756fadf39a9ba583336803f10) Importer(815301076,1909f56bfc062723c751e8b465ee728b) (PreviewImporter) -> (artifact id: '4bba93e7298ed859fee4ae9e3a4e8e78') in 0.067927312 seconds
Number of updated asset objects reloaded before import = 0Number of asset objects unloaded after import = 295

========================================================================
Received Import Request.
  Time since last request: 13.749797 seconds.
  path: Assets/Main/Trials/TrialScene 5.prefab
  artifactKey: Guid(1b037d4756fadf39a9ba583336803f10) Importer(815301076,1909f56bfc062723c751e8b465ee728b)
Start importing Assets/Main/Trials/TrialScene 5.prefab using Guid(1b037d4756fadf39a9ba583336803f10) Importer(815301076,1909f56bfc062723c751e8b465ee728b) (PreviewImporter) -> (artifact id: '3c7801230ba686fb8a76cd3c78d8b248') in 0.072227207 seconds
Number of updated asset objects reloaded before import = 0Number of asset objects unloaded after import = 294

========================================================================
Received Import Request.
  Time since last request: 2.613005 seconds.
  path: Assets/Main/Trials/TrialScene 5.prefab
  artifactKey: Guid(1b037d4756fadf39a9ba583336803f10) Importer(815301076,1909f56bfc062723c751e8b465ee728b)
Start importing Assets/Main/Trials/TrialScene 5.prefab using Guid(1b037d4756fadf39a9ba583336803f10) Importer(815301076,1909f56bfc062723c751e8b465ee728b) (PreviewImporter) -> (artifact id: '16b75f44bd7a7cf7451d967cbe3afb92') in 0.07368981 seconds
Number of updated asset objects reloaded before import = 0Number of asset objects unloaded after import = 295

========================================================================
Received Import Request.
  Time since last request: 49.310464 seconds.
  path: Assets/Main/Trials/TrialScene 6.prefab
  artifactKey: Guid(eea87f0553c1ab36ca47d8ef14ae72db) Importer(815301076,1909f56bfc062723c751e8b465ee728b)
Start importing Assets/Main/Trials/TrialScene 6.prefab using Guid(eea87f0553c1ab36ca47d8ef14ae72db) Importer(815301076,1909f56bfc062723c751e8b465ee728b) (PreviewImporter) -> (artifact id: '576d3415e0149cea65f3225da9973852') in 0.122434468 seconds
Number of updated asset objects reloaded before import = 0Number of asset objects unloaded after import = 603

========================================================================
Received Import Request.
  Time since last request: 4.930437 seconds.
  path: Assets/Main/Trials/TrialScene 6.prefab
  artifactKey: Guid(eea87f0553c1ab36ca47d8ef14ae72db) Importer(815301076,1909f56bfc062723c751e8b465ee728b)
Start importing Assets/Main/Trials/TrialScene 6.prefab using Guid(eea87f0553c1ab36ca47d8ef14ae72db) Importer(815301076,1909f56bfc062723c751e8b465ee728b) (PreviewImporter) -> (artifact id: '5523ee3d213d8cd1294ebade775ec9fe') in 0.09306208 seconds
Number of updated asset objects reloaded before import = 0Number of asset objects unloaded after import = 604

========================================================================
Received Import Request.
  Time since last request: 9.439201 seconds.
  path: Assets/Main/Trials/TrialScene 6.prefab
  artifactKey: Guid(eea87f0553c1ab36ca47d8ef14ae72db) Importer(815301076,1909f56bfc062723c751e8b465ee728b)
Start importing Assets/Main/Trials/TrialScene 6.prefab using Guid(eea87f0553c1ab36ca47d8ef14ae72db) Importer(815301076,1909f56bfc062723c751e8b465ee728b) (PreviewImporter) -> (artifact id: '9e3111c60f15af593072b0474b91a052') in 0.111821159 seconds
Number of updated asset objects reloaded before import = 0Number of asset objects unloaded after import = 604

========================================================================
Received Import Request.
  Time since last request: 8.862384 seconds.
  path: Assets/Main/Trials/TrialScene 6.prefab
  artifactKey: Guid(eea87f0553c1ab36ca47d8ef14ae72db) Importer(815301076,1909f56bfc062723c751e8b465ee728b)
Start importing Assets/Main/Trials/TrialScene 6.prefab using Guid(eea87f0553c1ab36ca47d8ef14ae72db) Importer(815301076,1909f56bfc062723c751e8b465ee728b) (PreviewImporter) -> (artifact id: 'a13eb70ad00c4c662e3ca7f3224b8d1f') in 0.099366376 seconds
Number of updated asset objects reloaded before import = 0Number of asset objects unloaded after import = 604

========================================================================
Received Import Request.
  Time since last request: 10.048308 seconds.
  path: Assets/Main/Trials/TrialScene 6.prefab
  artifactKey: Guid(eea87f0553c1ab36ca47d8ef14ae72db) Importer(815301076,1909f56bfc062723c751e8b465ee728b)
Start importing Assets/Main/Trials/TrialScene 6.prefab using Guid(eea87f0553c1ab36ca47d8ef14ae72db) Importer(815301076,1909f56bfc062723c751e8b465ee728b) (PreviewImporter) -> (artifact id: '7f79408d5bee74e1da59a960905a4e6b') in 0.095287885 seconds
Number of updated asset objects reloaded before import = 0Number of asset objects unloaded after import = 604

========================================================================
Received Import Request.
  Time since last request: 4.870496 seconds.
  path: Assets/Main/Trials/TrialScene 6.prefab
  artifactKey: Guid(eea87f0553c1ab36ca47d8ef14ae72db) Importer(815301076,1909f56bfc062723c751e8b465ee728b)
Start importing Assets/Main/Trials/TrialScene 6.prefab using Guid(eea87f0553c1ab36ca47d8ef14ae72db) Importer(815301076,1909f56bfc062723c751e8b465ee728b) (PreviewImporter) -> (artifact id: 'adc9a31ea75d5b7f2503c455586a4c8e') in 0.109382715 seconds
Number of updated asset objects reloaded before import = 0Number of asset objects unloaded after import = 604

========================================================================
Received Import Request.
  Time since last request: 10.053856 seconds.
  path: Assets/Main/Trials/TrialScene 6.prefab
  artifactKey: Guid(eea87f0553c1ab36ca47d8ef14ae72db) Importer(815301076,1909f56bfc062723c751e8b465ee728b)
Start importing Assets/Main/Trials/TrialScene 6.prefab using Guid(eea87f0553c1ab36ca47d8ef14ae72db) Importer(815301076,1909f56bfc062723c751e8b465ee728b) (PreviewImporter) -> (artifact id: '43906f5f89a576a8e5d98c245314e035') in 0.091117783 seconds
Number of updated asset objects reloaded before import = 0Number of asset objects unloaded after import = 604

========================================================================
Received Import Request.
  Time since last request: 7.015431 seconds.
  path: Assets/Main/Trials/TrialScene 6.prefab
  artifactKey: Guid(eea87f0553c1ab36ca47d8ef14ae72db) Importer(815301076,1909f56bfc062723c751e8b465ee728b)
Start importing Assets/Main/Trials/TrialScene 6.prefab using Guid(eea87f0553c1ab36ca47d8ef14ae72db) Importer(815301076,1909f56bfc062723c751e8b465ee728b) (PreviewImporter) -> (artifact id: '1662ca120ac82637dbd4fca30c2902a8') in 0.096704743 seconds
Number of updated asset objects reloaded before import = 0Number of asset objects unloaded after import = 604

========================================================================
Received Import Request.
  Time since last request: 19.028145 seconds.
  path: Assets/Main/Trials/TrialScene 6.prefab
  artifactKey: Guid(eea87f0553c1ab36ca47d8ef14ae72db) Importer(815301076,1909f56bfc062723c751e8b465ee728b)
Start importing Assets/Main/Trials/TrialScene 6.prefab using Guid(eea87f0553c1ab36ca47d8ef14ae72db) Importer(815301076,1909f56bfc062723c751e8b465ee728b) (PreviewImporter) -> (artifact id: '4e5b8d63488f23d6fc9c8909d4a1ae9c') in 0.093824511 seconds
Number of updated asset objects reloaded before import = 0Number of asset objects unloaded after import = 604

========================================================================
Received Import Request.
  Time since last request: 1285.819203 seconds.
  path: Assets/Main/Trials/TrialScene 4.prefab
  artifactKey: Guid(1ea6880d62107af65adaf3fff0c29a62) Importer(815301076,1909f56bfc062723c751e8b465ee728b)
Start importing Assets/Main/Trials/TrialScene 4.prefab using Guid(1ea6880d62107af65adaf3fff0c29a62) Importer(815301076,1909f56bfc062723c751e8b465ee728b) (PreviewImporter) -> (artifact id: '9a7f13203daed7c71026e6b85a2aacb7') in 0.20000583 seconds
Number of updated asset objects reloaded before import = 0Number of asset objects unloaded after import = 250

========================================================================
Received Import Request.
  Time since last request: 7.399530 seconds.
  path: Assets/Main/Trials/TrialScene 4.prefab
  artifactKey: Guid(1ea6880d62107af65adaf3fff0c29a62) Importer(815301076,1909f56bfc062723c751e8b465ee728b)
Start importing Assets/Main/Trials/TrialScene 4.prefab using Guid(1ea6880d62107af65adaf3fff0c29a62) Importer(815301076,1909f56bfc062723c751e8b465ee728b) (PreviewImporter) -> (artifact id: 'ddca1310bcde403dd3eda685f5a1b43a') in 0.165262577 seconds
Number of updated asset objects reloaded before import = 0Number of asset objects unloaded after import = 250

========================================================================
Received Import Request.
  Time since last request: 2.482485 seconds.
  path: Assets/Main/Trials/TrialScene 4.prefab
  artifactKey: Guid(1ea6880d62107af65adaf3fff0c29a62) Importer(815301076,1909f56bfc062723c751e8b465ee728b)
Start importing Assets/Main/Trials/TrialScene 4.prefab using Guid(1ea6880d62107af65adaf3fff0c29a62) Importer(815301076,1909f56bfc062723c751e8b465ee728b) (PreviewImporter) -> (artifact id: '81f992ac20067fc86fd9912732530e76') in 0.184950969 seconds
Number of updated asset objects reloaded before import = 0Number of asset objects unloaded after import = 250

========================================================================
Received Import Request.
  Time since last request: 2.266051 seconds.
  path: Assets/Main/Trials/TrialScene 4.prefab
  artifactKey: Guid(1ea6880d62107af65adaf3fff0c29a62) Importer(815301076,1909f56bfc062723c751e8b465ee728b)
Start importing Assets/Main/Trials/TrialScene 4.prefab using Guid(1ea6880d62107af65adaf3fff0c29a62) Importer(815301076,1909f56bfc062723c751e8b465ee728b) (PreviewImporter) -> (artifact id: '0b941cb266bc0f051e177c634b9cf315') in 0.101776106 seconds
Number of updated asset objects reloaded before import = 0Number of asset objects unloaded after import = 250

========================================================================
Received Import Request.
  Time since last request: 14.501863 seconds.
  path: Assets/Main/Trials/TrialScene 5.prefab
  artifactKey: Guid(1b037d4756fadf39a9ba583336803f10) Importer(815301076,1909f56bfc062723c751e8b465ee728b)
Start importing Assets/Main/Trials/TrialScene 5.prefab using Guid(1b037d4756fadf39a9ba583336803f10) Importer(815301076,1909f56bfc062723c751e8b465ee728b) (PreviewImporter) -> (artifact id: '9301407683797bc0803738bcd8cff4a8') in 0.094468458 seconds
Number of updated asset objects reloaded before import = 0Number of asset objects unloaded after import = 295

========================================================================
Received Import Request.
  Time since last request: 0.883001 seconds.
  path: Assets/Main/Trials/TrialScene 5.prefab
  artifactKey: Guid(1b037d4756fadf39a9ba583336803f10) Importer(815301076,1909f56bfc062723c751e8b465ee728b)
Start importing Assets/Main/Trials/TrialScene 5.prefab using Guid(1b037d4756fadf39a9ba583336803f10) Importer(815301076,1909f56bfc062723c751e8b465ee728b) (PreviewImporter) -> (artifact id: '62796b6866ccc2b5c8d00f612f13b2ce') in 0.11190194 seconds
Number of updated asset objects reloaded before import = 0Number of asset objects unloaded after import = 295

========================================================================
Received Import Request.
  Time since last request: 1.972970 seconds.
  path: Assets/Main/Trials/TrialScene 5.prefab
  artifactKey: Guid(1b037d4756fadf39a9ba583336803f10) Importer(815301076,1909f56bfc062723c751e8b465ee728b)
Start importing Assets/Main/Trials/TrialScene 5.prefab using Guid(1b037d4756fadf39a9ba583336803f10) Importer(815301076,1909f56bfc062723c751e8b465ee728b) (PreviewImporter) -> (artifact id: '95409a7784a7825a9f16675ef3342549') in 0.097034662 seconds
Number of updated asset objects reloaded before import = 0Number of asset objects unloaded after import = 295

========================================================================
Received Import Request.
  Time since last request: 2.250879 seconds.
  path: Assets/Main/Trials/TrialScene 5.prefab
  artifactKey: Guid(1b037d4756fadf39a9ba583336803f10) Importer(815301076,1909f56bfc062723c751e8b465ee728b)
Start importing Assets/Main/Trials/TrialScene 5.prefab using Guid(1b037d4756fadf39a9ba583336803f10) Importer(815301076,1909f56bfc062723c751e8b465ee728b) (PreviewImporter) -> (artifact id: 'd74f0c40a2bdc4d70891902dd93c89da') in 0.100241237 seconds
Number of updated asset objects reloaded before import = 0Number of asset objects unloaded after import = 295

========================================================================
Received Import Request.
  Time since last request: 2.636014 seconds.
  path: Assets/Main/Trials/TrialScene 5.prefab
  artifactKey: Guid(1b037d4756fadf39a9ba583336803f10) Importer(815301076,1909f56bfc062723c751e8b465ee728b)
Start importing Assets/Main/Trials/TrialScene 5.prefab using Guid(1b037d4756fadf39a9ba583336803f10) Importer(815301076,1909f56bfc062723c751e8b465ee728b) (PreviewImporter) -> (artifact id: '5ecf56be13ad1dd3c5df087f8bd0fd65') in 0.12391255 seconds
Number of updated asset objects reloaded before import = 0Number of asset objects unloaded after import = 295

========================================================================
Received Import Request.
  Time since last request: 0.685326 seconds.
  path: Assets/Main/Trials/TrialScene 5.prefab
  artifactKey: Guid(1b037d4756fadf39a9ba583336803f10) Importer(815301076,1909f56bfc062723c751e8b465ee728b)
Start importing Assets/Main/Trials/TrialScene 5.prefab using Guid(1b037d4756fadf39a9ba583336803f10) Importer(815301076,1909f56bfc062723c751e8b465ee728b) (PreviewImporter) -> (artifact id: 'ab8d546e94867160639d0c40fcb0e815') in 0.084019257 seconds
Number of updated asset objects reloaded before import = 0Number of asset objects unloaded after import = 295

========================================================================
Received Import Request.
  Time since last request: 25.658632 seconds.
  path: Assets/Main/Trials/TrialScene 3.prefab
  artifactKey: Guid(2ca7cceedcdb1ceafa6f3127f2a291f0) Importer(815301076,1909f56bfc062723c751e8b465ee728b)
Start importing Assets/Main/Trials/TrialScene 3.prefab using Guid(2ca7cceedcdb1ceafa6f3127f2a291f0) Importer(815301076,1909f56bfc062723c751e8b465ee728b) (PreviewImporter) -> (artifact id: '9d4461b451dc09510d224af3fbe05d1c') in 0.089243587 seconds
Number of updated asset objects reloaded before import = 0Number of asset objects unloaded after import = 253

========================================================================
Received Import Request.
  Time since last request: 0.698704 seconds.
  path: Assets/Main/Trials/TrialScene 3.prefab
  artifactKey: Guid(2ca7cceedcdb1ceafa6f3127f2a291f0) Importer(815301076,1909f56bfc062723c751e8b465ee728b)
Start importing Assets/Main/Trials/TrialScene 3.prefab using Guid(2ca7cceedcdb1ceafa6f3127f2a291f0) Importer(815301076,1909f56bfc062723c751e8b465ee728b) (PreviewImporter) -> (artifact id: 'd0c81e90d7f020a33028655b55ba1960') in 0.095122485 seconds
Number of updated asset objects reloaded before import = 0Number of asset objects unloaded after import = 253

========================================================================
Received Import Request.
  Time since last request: 2.749047 seconds.
  path: Assets/Main/Trials/TrialScene 3.prefab
  artifactKey: Guid(2ca7cceedcdb1ceafa6f3127f2a291f0) Importer(815301076,1909f56bfc062723c751e8b465ee728b)
Start importing Assets/Main/Trials/TrialScene 3.prefab using Guid(2ca7cceedcdb1ceafa6f3127f2a291f0) Importer(815301076,1909f56bfc062723c751e8b465ee728b) (PreviewImporter) -> (artifact id: '046d8d274ba6fe1ae2d6b48c114cba98') in 0.101081994 seconds
Number of updated asset objects reloaded before import = 0Number of asset objects unloaded after import = 253

