Unity Editor version:    6000.3.6f1 (bbb010bdb8a3)
Branch:                  6000.3/respin/6000.3.6f1-732c1ec89f18
Build type:              Release
Batch mode:              YES
System name:             Linux
Distro version:          #22~24.04.1-Ubuntu SMP PREEMPT_DYNAMIC Thu Mar 26 15:25:54 UTC 2
Kernel version:          6.17.0-22-generic
Architecture:            x86_64
Available memory:        15205 MB
Date:                    2026-05-01T20:50:11Z
[Licensing::Module] Trying to connect to existing licensing client channel...
[Licensing::IpcConnector] Successfully connected to: "LicenseClient-collector25061" at "2026-05-01T20:50:11.988141Z"
[SignatureVerifier] Application signature verification not supported on this platform.
[Licensing::Client] Handshaking with LicensingClient:
  Version:                 1.17.4+4293ba1
  Session Id:              733c13623c5742afb8b403e87c89fe4e
  Correlation Id:          46d76688856074d3b052eb279a3744d8
  External correlation Id: 563147346112220615
  Machine Id:              reyimwx9n/iaWxeQDpiYtRc7igQ=
[Licensing::Module] Successfully connected to LicensingClient on channel: "LicenseClient-collector25061" (connect: 0.00s, validation: 0.02s, handshake: 0.00s)
[Licensing::IpcConnector] Successfully connected to: "LicenseClient-collector25061-notifications" at "2026-05-01T20:50:12.013324Z"
[Licensing::Module] Licensing Background thread has ended after 0.03s
Selected window backend: (null) 
Desktop is 4480 x 1440 @ 60 Hz
Initialize udev device monitor.

COMMAND LINE ARGUMENTS:
Unity
-adb2
-batchMode
-noUpm
-name
AssetImportWorker11
-projectPath
/home/collector25061/Documents/GitHub/Cross-Study-Analysis-between-Virtual-Reality-Object-Manipulation-and-Spatial-Learning-SOFTWARE/My project
-logFile
Logs/AssetImportWorker11.log
-srvPort
37327
-licensingIpc
LicenseClient-collector25061
-job-worker-count
7
-background-job-worker-count
8
-gc-helper-count
1
Successfully changed project path to: /home/collector25061/Documents/GitHub/Cross-Study-Analysis-between-Virtual-Reality-Object-Manipulation-and-Spatial-Learning-SOFTWARE/My project
/home/collector25061/Documents/GitHub/Cross-Study-Analysis-between-Virtual-Reality-Object-Manipulation-and-Spatial-Learning-SOFTWARE/My project
[UnityMemory] Configuration Parameters - Can be set up in boot.config
    "memorysetup-allocator-temp-initial-block-size-main=262144"
    "memorysetup-allocator-temp-initial-block-size-worker=262144"
    "memorysetup-temp-allocator-size-background-worker=32768"
    "memorysetup-temp-allocator-size-job-worker=262144"
    "memorysetup-temp-allocator-size-preload-manager=33554432"
    "memorysetup-temp-allocator-size-nav-mesh-worker=65536"
    "memorysetup-temp-allocator-size-audio-worker=65536"
    "memorysetup-temp-allocator-size-cloud-worker=32768"
    "memorysetup-temp-allocator-size-gi-baking-worker=262144"
    "memorysetup-temp-allocator-size-gi-baking-worker=262144"
    "memorysetup-temp-allocator-size-gi-baking-worker=262144"
    "memorysetup-temp-allocator-size-gi-baking-worker=262144"
    "memorysetup-temp-allocator-size-gi-baking-worker=262144"
    "memorysetup-bucket-allocator-granularity=16"
    "memorysetup-bucket-allocator-bucket-count=8"
    "memorysetup-bucket-allocator-block-size=33554432"
    "memorysetup-bucket-allocator-block-count=8"
    "memorysetup-main-allocator-block-size=16777216"
    "memorysetup-thread-allocator-block-size=16777216"
    "memorysetup-gfx-main-allocator-block-size=16777216"
    "memorysetup-gfx-thread-allocator-block-size=16777216"
    "memorysetup-cache-allocator-block-size=4194304"
    "memorysetup-typetree-allocator-block-size=2097152"
    "memorysetup-profiler-bucket-allocator-granularity=16"
    "memorysetup-profiler-bucket-allocator-bucket-count=8"
    "memorysetup-profiler-bucket-allocator-block-size=33554432"
    "memorysetup-profiler-bucket-allocator-block-count=8"
    "memorysetup-profiler-allocator-block-size=16777216"
    "memorysetup-profiler-editor-allocator-block-size=1048576"
    "memorysetup-temp-allocator-size-main=16777216"
    "memorysetup-job-temp-allocator-block-size=2097152"
    "memorysetup-job-temp-allocator-block-size-background=1048576"
    "memorysetup-job-temp-allocator-reduction-small-platforms=262144"
    "memorysetup-temp-allocator-size-gfx=262144"
Player connection [130414411455296]  Target information:

Player connection [130414411455296]  * "[IP] 10.140.44.20 [Port] 0 [Flags] 2 [Guid] 1993280858 [EditorId] 1993280858 [Version] 1048832 [Id] LinuxEditor(16,10.140.44.20) [Debug] 1 [PackageName] LinuxEditor [ProjectName] Editor" 

Player connection [130414411455296]  * "[IP] 100.66.165.22 [Port] 0 [Flags] 2 [Guid] 1993280858 [EditorId] 1993280858 [Version] 1048832 [Id] LinuxEditor(16,10.140.44.20) [Debug] 1 [PackageName] LinuxEditor [ProjectName] Editor" 

Player connection [130414411455296] Host joined multi-casting on [225.0.0.222:54997]...
Player connection [130414411455296] Host joined alternative multi-casting on [225.0.0.222:34997]...
JobSystem: Creating JobQueue using job-worker-count value 7
Input System module state changed to: Initialized.
[Physics::Module] Initialized fallback backend.
[Physics::Module] Id: 0xdecafbad
Library Redirect Path: Library/
[Physics::Module] Selected backend.
[Physics::Module] Name: PhysX
[Physics::Module] Id: 0xf2b8ea05
[Physics::Module] SDK Version: 4.1.2
[Physics::Module] Integration Version: 1.0.0
[Physics::Module] Threading Mode: Multi-Threaded
[Licensing::Client] Successfully resolved entitlement details
[Licensing::Module] License group:
  Id: 2474148848911-UnityPersXXXX
  Product: Unity Personal
  Type: Assigned
  Expiration: Unlimited
Refreshing native plugins compatible for Editor in 96.25 ms, found 0 plugins.
Preloading 0 native plugins for Editor in 0.00 ms.
Initialize engine version: 6000.3.6f1 (bbb010bdb8a3)
[Subsystems] Discovering subsystems at path /home/collector25061/Unity/Hub/Editor/6000.3.6f1/Editor/Data/Resources/UnitySubsystems
[Subsystems] Discovering subsystems at path /home/collector25061/Documents/GitHub/Cross-Study-Analysis-between-Virtual-Reality-Object-Manipulation-and-Spatial-Learning-SOFTWARE/My project/Assets
kGfxThreadingModeNonThreaded is not supported on OpenGL Core. Reverting to kGfxThreadingModeDirect instead.
GfxDevice: creating device client; kGfxThreadingModeDirect
GLX Extensions: GLX_ARB_context_flush_control GLX_ARB_create_context GLX_ARB_create_context_no_error GLX_ARB_create_context_profile GLX_ARB_create_context_robustness GLX_ARB_fbconfig_float GLX_ARB_framebuffer_sRGB GLX_ARB_get_proc_address GLX_ARB_multisample GLX_EXT_buffer_age GLX_EXT_create_context_es2_profile GLX_EXT_create_context_es_profile GLX_EXT_fbconfig_packed_float GLX_EXT_framebuffer_sRGB GLX_EXT_no_config_context GLX_EXT_swap_control GLX_EXT_swap_control_tear GLX_EXT_texture_from_pixmap GLX_EXT_visual_info GLX_EXT_visual_rating GLX_INTEL_swap_event GLX_MESA_copy_sub_buffer GLX_MESA_gl_interop GLX_MESA_query_renderer GLX_MESA_swap_control GLX_OML_sync_control GLX_SGIS_multisample GLX_SGIX_fbconfig GLX_SGIX_pbuffer GLX_SGIX_visual_select_group GLX_SGI_make_current_read GLX_SGI_swap_control GLX_SGI_video_sync 
Renderer: AMD Radeon Graphics (radeonsi, renoir, ACO, DRM 3.64, 6.17.0-22-generic)
Vendor:   AMD
Version:  4.6 (Core Profile) Mesa 25.2.8-0ubuntu0.24.04.1
GLES:     0
 GL_AMD_conservative_depth GL_AMD_depth_clamp_separate GL_AMD_draw_buffers_blend GL_AMD_framebuffer_multisample_advanced GL_AMD_gpu_shader_int64 GL_AMD_multi_draw_indirect GL_AMD_performance_monitor GL_AMD_pinned_memory GL_AMD_query_buffer_object GL_AMD_seamless_cubemap_per_texture GL_AMD_shader_stencil_export GL_AMD_shader_trinary_minmax GL_AMD_texture_texture4 GL_AMD_vertex_shader_layer GL_AMD_vertex_shader_viewport_index GL_ANGLE_texture_compression_dxt3 GL_ANGLE_texture_compression_dxt5 GL_ARB_ES2_compatibility GL_ARB_ES3_1_compatibility GL_ARB_ES3_2_compatibility GL_ARB_ES3_compatibility GL_ARB_arrays_of_arrays GL_ARB_base_instance GL_ARB_bindless_texture GL_ARB_blend_func_extended GL_ARB_buffer_storage GL_ARB_clear_buffer_object GL_ARB_clear_texture GL_ARB_clip_control GL_ARB_color_buffer_float GL_ARB_compressed_texture_pixel_storage GL_ARB_compute_shader GL_ARB_compute_variable_group_size GL_ARB_conditional_render_inverted GL_ARB_conservative_depth GL_ARB_copy_buffer GL_ARB_copy_image GL_ARB_cull_dist
ance GL_ARB_debug_output GL_ARB_depth_buffer_float GL_ARB_depth_clamp GL_ARB_derivative_control GL_ARB_direct_state_access GL_ARB_draw_buffers GL_ARB_draw_buffers_blend GL_ARB_draw_elements_base_vertex GL_ARB_draw_indirect GL_ARB_draw_instanced GL_ARB_enhanced_layouts GL_ARB_explicit_attrib_location GL_ARB_explicit_uniform_location GL_ARB_fragment_coord_conventions GL_ARB_fragment_layer_viewport GL_ARB_fragment_shader GL_ARB_framebuffer_no_attachments GL_ARB_framebuffer_object GL_ARB_framebuffer_sRGB GL_ARB_get_program_binary GL_ARB_get_texture_sub_image GL_ARB_gl_spirv GL_ARB_gpu_shader5 GL_ARB_gpu_shader_fp64 GL_ARB_gpu_shader_int64 GL_ARB_half_float_pixel GL_ARB_half_float_vertex GL_ARB_indirect_parameters GL_ARB_instanced_arrays GL_ARB_internalformat_query GL_ARB_internalformat_query2 GL_ARB_invalidate_subdata GL_ARB_map_buffer_alignment GL_ARB_map_buffer_range GL_ARB_multi_bind GL_ARB_multi_draw_indirect GL_ARB_occlusion_query2 GL_ARB_parallel_shader_compile GL_ARB_pipeline_statistics_query GL_ARB_pixel
_buffer_object GL_ARB_point_sprite GL_ARB_polygon_offset_clamp GL_ARB_program_interface_query GL_ARB_provoking_vertex GL_ARB_query_buffer_object GL_ARB_robust_buffer_access_behavior GL_ARB_robustness GL_ARB_sample_shading GL_ARB_sampler_objects GL_ARB_seamless_cube_map GL_ARB_seamless_cubemap_per_texture GL_ARB_separate_shader_objects GL_ARB_shader_atomic_counter_ops GL_ARB_shader_atomic_counters GL_ARB_shader_ballot GL_ARB_shader_bit_encoding GL_ARB_shader_clock GL_ARB_shader_draw_parameters GL_ARB_shader_group_vote GL_ARB_shader_image_load_store GL_ARB_shader_image_size GL_ARB_shader_objects GL_ARB_shader_precision GL_ARB_shader_stencil_export GL_ARB_shader_storage_buffer_object GL_ARB_shader_subroutine GL_ARB_shader_texture_image_samples GL_ARB_shader_texture_lod GL_ARB_shader_viewport_layer_array GL_ARB_shading_language_420pack GL_ARB_shading_language_include GL_ARB_shading_language_packing GL_ARB_sparse_buffer GL_ARB_sparse_texture GL_ARB_sparse_texture2 GL_ARB_sparse_texture_clamp GL_ARB_spirv_extensio
ns GL_ARB_stencil_texturing GL_ARB_sync GL_ARB_tessellation_shader GL_ARB_texture_barrier GL_ARB_texture_border_clamp GL_ARB_texture_buffer_object GL_ARB_texture_buffer_object_rgb32 GL_ARB_texture_buffer_range GL_ARB_texture_compression_bptc GL_ARB_texture_compression_rgtc GL_ARB_texture_cube_map_array GL_ARB_texture_filter_anisotropic GL_ARB_texture_filter_minmax GL_ARB_texture_float GL_ARB_texture_gather GL_ARB_texture_mirror_clamp_to_edge GL_ARB_texture_multisample GL_ARB_texture_non_power_of_two GL_ARB_texture_query_levels GL_ARB_texture_query_lod GL_ARB_texture_rectangle GL_ARB_texture_rg GL_ARB_texture_rgb10_a2ui GL_ARB_texture_stencil8 GL_ARB_texture_storage GL_ARB_texture_storage_multisample GL_ARB_texture_swizzle GL_ARB_texture_view GL_ARB_timer_query GL_ARB_transform_feedback2 GL_ARB_transform_feedback3 GL_ARB_transform_feedback_instanced GL_ARB_transform_feedback_overflow_query GL_ARB_uniform_buffer_object GL_ARB_vertex_array_bgra GL_ARB_vertex_array_object GL_ARB_vertex_attrib_64bit GL_ARB_vertex
_attrib_binding GL_ARB_vertex_buffer_object GL_ARB_vertex_shader GL_ARB_vertex_type_10f_11f_11f_rev GL_ARB_vertex_type_2_10_10_10_rev GL_ARB_viewport_array GL_ATI_blend_equation_separate GL_ATI_meminfo GL_ATI_texture_float GL_ATI_texture_mirror_once GL_EXT_EGL_image_storage GL_EXT_EGL_image_storage_compression GL_EXT_EGL_sync GL_EXT_abgr GL_EXT_blend_equation_separate GL_EXT_debug_label GL_EXT_demote_to_helper_invocation GL_EXT_depth_bounds_test GL_EXT_draw_buffers2 GL_EXT_draw_instanced GL_EXT_framebuffer_blit GL_EXT_framebuffer_multisample GL_EXT_framebuffer_multisample_blit_scaled GL_EXT_framebuffer_object GL_EXT_framebuffer_sRGB GL_EXT_memory_object GL_EXT_memory_object_fd GL_EXT_packed_depth_stencil GL_EXT_packed_float GL_EXT_pixel_buffer_object GL_EXT_polygon_offset_clamp GL_EXT_provoking_vertex GL_EXT_semaphore GL_EXT_semaphore_fd GL_EXT_shader_clock GL_EXT_shader_image_load_formatted GL_EXT_shader_image_load_store GL_EXT_shader_integer_mix GL_EXT_shader_samples_identical GL_EXT_texture_array GL_EXT_t
exture_compression_dxt1 GL_EXT_texture_compression_rgtc GL_EXT_texture_compression_s3tc GL_EXT_texture_filter_anisotropic GL_EXT_texture_filter_minmax GL_EXT_texture_integer GL_EXT_texture_mirror_clamp GL_EXT_texture_sRGB GL_EXT_texture_sRGB_R8 GL_EXT_texture_sRGB_decode GL_EXT_texture_shadow_lod GL_EXT_texture_shared_exponent GL_EXT_texture_snorm GL_EXT_texture_storage GL_EXT_texture_swizzle GL_EXT_timer_query GL_EXT_transform_feedback GL_EXT_vertex_array_bgra GL_EXT_vertex_attrib_64bit GL_EXT_window_rectangles GL_IBM_multimode_draw_arrays GL_INTEL_blackhole_render GL_KHR_blend_equation_advanced GL_KHR_context_flush_control GL_KHR_debug GL_KHR_no_error GL_KHR_parallel_shader_compile GL_KHR_robust_buffer_access_behavior GL_KHR_robustness GL_KHR_shader_subgroup GL_KHR_texture_compression_astc_ldr GL_KHR_texture_compression_astc_sliced_3d GL_MESA_framebuffer_flip_y GL_MESA_pack_invert GL_MESA_shader_integer_functions GL_MESA_texture_const_bandwidth GL_MESA_texture_signed_rgba GL_NVX_gpu_memory_info GL_NV_alpha
_to_coverage_dither_control GL_NV_compute_shader_derivatives GL_NV_conditional_render GL_NV_copy_image GL_NV_depth_clamp GL_NV_packed_depth_stencil GL_NV_shader_atomic_int64 GL_NV_texture_barrier GL_NV_vdpau_interop GL_OES_EGL_image GL_S3_s3tc
OPENGL LOG: Creating OpenGL 4.6 graphics device ; Context level  <OpenGL 4.5> ; Context handle -576962864
Initialize mono
Mono path[0] = '/home/collector25061/Unity/Hub/Editor/6000.3.6f1/Editor/Data/Managed'
Mono path[1] = '/home/collector25061/Unity/Hub/Editor/6000.3.6f1/Editor/Data/MonoBleedingEdge/lib/mono/unityjit-linux'
Mono config path = '/home/collector25061/Unity/Hub/Editor/6000.3.6f1/Editor/Data/MonoBleedingEdge/etc'
Using monoOptions --debugger-agent=transport=dt_socket,embedding=1,server=y,suspend=n,address=127.0.0.1:56491
Begin MonoManager ReloadAssembly
Registering precompiled unity dll's ...
Register platform support module: /home/collector25061/Unity/Hub/Editor/6000.3.6f1/Editor/Data/PlaybackEngines/AndroidPlayer/UnityEditor.Android.Extensions.dll
Register platform support module: /home/collector25061/Unity/Hub/Editor/6000.3.6f1/Editor/Data/PlaybackEngines/LinuxStandaloneSupport/UnityEditor.LinuxStandalone.Extensions.dll
Registered in 0.004233 seconds.
- Loaded All Assemblies, in  0.633 seconds
Native extension for LinuxStandalone target not found
Native extension for Android target not found
Android Extension - Scanning For ADB Devices 870 ms
Package Manager log level set to [2]
[Package Manager] Failed to launch server process. Reason: Unity was launched with the -noUpm command-line argument
[Package Manager] Unable to send message (not connected to server process).
[Package Manager] Cannot connect to Unity Package Manager local server
ScheduleIndexationOnStartup MainProcess:False IndexOnStartup:True
Mono: successfully reloaded assembly
- Finished resetting the current domain, in  1.625 seconds
Domain Reload Profiling: 2258ms
	BeginReloadAssembly (231ms)
		ExecutionOrderSort (0ms)
		DisableScriptedObjects (0ms)
		BackupInstance (0ms)
		ReleaseScriptingObjects (0ms)
		CreateAndSetChildDomain (1ms)
	RebuildCommonClasses (58ms)
	RebuildNativeTypeToScriptingClass (12ms)
	initialDomainReloadingComplete (72ms)
	LoadAllAssembliesAndSetupDomain (259ms)
		LoadAssemblies (232ms)
		RebuildTransferFunctionScriptingTraits (0ms)
		AnalyzeDomain (252ms)
			TypeCache.Refresh (249ms)
				TypeCache.ScanAssembly (227ms)
			BuildScriptInfoCaches (0ms)
			ResolveRequiredComponents (1ms)
	FinalizeReload (1626ms)
		ReleaseScriptCaches (0ms)
		RebuildScriptCaches (0ms)
		SetupLoadedEditorAssemblies (1538ms)
			LogAssemblyErrors (0ms)
			InitializePlatformSupportModulesInManaged (998ms)
			SetLoadedEditorAssemblies (8ms)
			BeforeProcessingInitializeOnLoad (132ms)
			ProcessInitializeOnLoadAttributes (236ms)
			ProcessInitializeOnLoadMethodAttributes (164ms)
			AfterProcessingInitializeOnLoad (0ms)
			EditorAssembliesLoaded (0ms)
		ExecutionOrderSort2 (0ms)
		AwakeInstancesAfterBackupRestoration (0ms)
========================================================================
Worker process is ready to serve import requests
Import Worker Mode flag is 0x00
Begin MonoManager ReloadAssembly
[Licensing::Client] Successfully resolved entitlement details
- Loaded All Assemblies, in  1.671 seconds
Refreshing native plugins compatible for Editor in 6.21 ms, found 0 plugins.
Native extension for LinuxStandalone target not found
Native extension for Android target not found
[Package Manager] Failed to launch server process. Reason: Unity was launched with the -noUpm command-line argument
[Package Manager] Unable to send message (not connected to server process).
[Package Manager] Cannot connect to Unity Package Manager local server
ScheduleIndexationOnStartup MainProcess:False IndexOnStartup:True
Mono: successfully reloaded assembly
[Package Manager] Failed to launch server process. Reason: Unity was launched with the -noUpm command-line argument
[Package Manager] Unable to send message (not connected to server process).
[Package Manager] Cannot connect to Unity Package Manager local server
[Package Manager] Failed to launch server process. Reason: Unity was launched with the -noUpm command-line argument
[Package Manager] Unable to send message (not connected to server process).
[Package Manager] Cannot connect to Unity Package Manager local server
- Finished resetting the current domain, in  1.592 seconds
Domain Reload Profiling: 3254ms
	BeginReloadAssembly (333ms)
		ExecutionOrderSort (0ms)
		DisableScriptedObjects (7ms)
		BackupInstance (0ms)
		ReleaseScriptingObjects (0ms)
		CreateAndSetChildDomain (73ms)
	RebuildCommonClasses (64ms)
	RebuildNativeTypeToScriptingClass (13ms)
	initialDomainReloadingComplete (59ms)
	LoadAllAssembliesAndSetupDomain (1192ms)
		LoadAssemblies (858ms)
		RebuildTransferFunctionScriptingTraits (0ms)
		AnalyzeDomain (527ms)
			TypeCache.Refresh (338ms)
				TypeCache.ScanAssembly (306ms)
			BuildScriptInfoCaches (153ms)
			ResolveRequiredComponents (26ms)
	FinalizeReload (1593ms)
		ReleaseScriptCaches (0ms)
		RebuildScriptCaches (0ms)
		SetupLoadedEditorAssemblies (1123ms)
			LogAssemblyErrors (0ms)
			InitializePlatformSupportModulesInManaged (21ms)
			SetLoadedEditorAssemblies (14ms)
			BeforeProcessingInitializeOnLoad (295ms)
			ProcessInitializeOnLoadAttributes (582ms)
			ProcessInitializeOnLoadMethodAttributes (203ms)
			AfterProcessingInitializeOnLoad (8ms)
			EditorAssembliesLoaded (1ms)
		ExecutionOrderSort2 (0ms)
		AwakeInstancesAfterBackupRestoration (4ms)
WARNING: Shader Unsupported: 'Ultraleap/LegacyHandShader' - All subshaders removed
WARNING: Shader Did you use #pragma only_renderers and omit this platform?
WARNING: Shader If subshaders removal was intentional, you may have forgotten turning Fallback off?
WARNING: Shader Unsupported: 'Ultraleap/LegacyHandShader' - All subshaders removed
WARNING: Shader Did you use #pragma only_renderers and omit this platform?
WARNING: Shader If subshaders removal was intentional, you may have forgotten turning Fallback off?
AutoLocale: current locale expects 'C' but got 'en_US.UTF-8'Launched and connected shader compiler UnityShaderCompiler after 0.04 seconds
Refreshing native plugins compatible for Editor in 8.36 ms, found 0 plugins.
Preloading 0 native plugins for Editor in 0.00 ms.
Unloading 17 Unused Serialized files (Serialized files now loaded: 0)
Unloading 7742 unused Assets / (7.5 MB). Loaded Objects now: 8605.
Memory consumption went from 165.5 MB to 158.0 MB.
Total: 37.137044 ms (FindLiveObjects: 3.451966 ms CreateObjectMapping: 4.453364 ms MarkObjects: 18.362665 ms  DeleteObjects: 10.864780 ms)

========================================================================
Received Prepare
[Licensing::Client] Successfully resolved entitlement details
Begin MonoManager ReloadAssembly
[Licensing::Client] Successfully resolved entitlement details
- Loaded All Assemblies, in  5.630 seconds
Refreshing native plugins compatible for Editor in 11.73 ms, found 0 plugins.
Native extension for LinuxStandalone target not found
Native extension for Android target not found
[Package Manager] Failed to launch server process. Reason: Unity was launched with the -noUpm command-line argument
[Package Manager] Unable to send message (not connected to server process).
[Package Manager] Cannot connect to Unity Package Manager local server
ScheduleIndexationOnStartup MainProcess:False IndexOnStartup:True
Mono: successfully reloaded assembly
[Package Manager] Failed to launch server process. Reason: Unity was launched with the -noUpm command-line argument
[Package Manager] Unable to send message (not connected to server process).
[Package Manager] Cannot connect to Unity Package Manager local server
- Finished resetting the current domain, in  1.952 seconds
Domain Reload Profiling: 7602ms
	BeginReloadAssembly (3431ms)
		ExecutionOrderSort (12ms)
		DisableScriptedObjects (178ms)
		BackupInstance (0ms)
		ReleaseScriptingObjects (6ms)
		CreateAndSetChildDomain (1275ms)
	RebuildCommonClasses (105ms)
	RebuildNativeTypeToScriptingClass (20ms)
	initialDomainReloadingComplete (95ms)
	LoadAllAssembliesAndSetupDomain (1998ms)
		LoadAssemblies (1959ms)
		RebuildTransferFunctionScriptingTraits (0ms)
		AnalyzeDomain (813ms)
			TypeCache.Refresh (82ms)
				TypeCache.ScanAssembly (1ms)
			BuildScriptInfoCaches (638ms)
			ResolveRequiredComponents (21ms)
	FinalizeReload (1953ms)
		ReleaseScriptCaches (0ms)
		RebuildScriptCaches (0ms)
		SetupLoadedEditorAssemblies (1566ms)
			LogAssemblyErrors (0ms)
			InitializePlatformSupportModulesInManaged (19ms)
			SetLoadedEditorAssemblies (10ms)
			BeforeProcessingInitializeOnLoad (313ms)
			ProcessInitializeOnLoadAttributes (953ms)
			ProcessInitializeOnLoadMethodAttributes (261ms)
			AfterProcessingInitializeOnLoad (9ms)
			EditorAssembliesLoaded (2ms)
		ExecutionOrderSort2 (0ms)
		AwakeInstancesAfterBackupRestoration (28ms)
WARNING: Shader Unsupported: 'Ultraleap/LegacyHandShader' - All subshaders removed
WARNING: Shader Did you use #pragma only_renderers and omit this platform?
WARNING: Shader If subshaders removal was intentional, you may have forgotten turning Fallback off?
WARNING: Shader Unsupported: 'Ultraleap/LegacyHandShader' - All subshaders removed
WARNING: Shader Did you use #pragma only_renderers and omit this platform?
WARNING: Shader If subshaders removal was intentional, you may have forgotten turning Fallback off?
Refreshing native plugins compatible for Editor in 5.51 ms, found 0 plugins.
Preloading 0 native plugins for Editor in 0.00 ms.
Unloading 17 Unused Serialized files (Serialized files now loaded: 0)
Unloading 7741 unused Assets / (5.4 MB). Loaded Objects now: 8621.
Memory consumption went from 199.6 MB to 194.2 MB.
Total: 26.209565 ms (FindLiveObjects: 1.488051 ms CreateObjectMapping: 1.686794 ms MarkObjects: 15.894045 ms  DeleteObjects: 7.138241 ms)

Prepare: number of updated asset objects reloaded= 0
========================================================================
Received Prepare
[Licensing::Client] Successfully resolved entitlement details
Begin MonoManager ReloadAssembly
[Licensing::Client] Successfully resolved entitlement details
- Loaded All Assemblies, in  6.571 seconds
Refreshing native plugins compatible for Editor in 7.71 ms, found 0 plugins.
Native extension for LinuxStandalone target not found
Native extension for Android target not found
[Package Manager] Failed to launch server process. Reason: Unity was launched with the -noUpm command-line argument
[Package Manager] Unable to send message (not connected to server process).
[Package Manager] Cannot connect to Unity Package Manager local server
ScheduleIndexationOnStartup MainProcess:False IndexOnStartup:True
Mono: successfully reloaded assembly
[Package Manager] Failed to launch server process. Reason: Unity was launched with the -noUpm command-line argument
[Package Manager] Unable to send message (not connected to server process).
[Package Manager] Cannot connect to Unity Package Manager local server
- Finished resetting the current domain, in  3.419 seconds
Domain Reload Profiling: 10006ms
	BeginReloadAssembly (3614ms)
		ExecutionOrderSort (6ms)
		DisableScriptedObjects (138ms)
		BackupInstance (0ms)
		ReleaseScriptingObjects (5ms)
		CreateAndSetChildDomain (1429ms)
	RebuildCommonClasses (79ms)
	RebuildNativeTypeToScriptingClass (23ms)
	initialDomainReloadingComplete (102ms)
	LoadAllAssembliesAndSetupDomain (2768ms)
		LoadAssemblies (3173ms)
		RebuildTransferFunctionScriptingTraits (0ms)
		AnalyzeDomain (781ms)
			TypeCache.Refresh (42ms)
				TypeCache.ScanAssembly (0ms)
			BuildScriptInfoCaches (636ms)
			ResolveRequiredComponents (23ms)
	FinalizeReload (3420ms)
		ReleaseScriptCaches (0ms)
		RebuildScriptCaches (0ms)
		SetupLoadedEditorAssemblies (2849ms)
			LogAssemblyErrors (0ms)
			InitializePlatformSupportModulesInManaged (22ms)
			SetLoadedEditorAssemblies (15ms)
			BeforeProcessingInitializeOnLoad (394ms)
			ProcessInitializeOnLoadAttributes (1855ms)
			ProcessInitializeOnLoadMethodAttributes (547ms)
			AfterProcessingInitializeOnLoad (12ms)
			EditorAssembliesLoaded (2ms)
		ExecutionOrderSort2 (0ms)
		AwakeInstancesAfterBackupRestoration (42ms)
WARNING: Shader Unsupported: 'Ultraleap/LegacyHandShader' - All subshaders removed
WARNING: Shader Did you use #pragma only_renderers and omit this platform?
WARNING: Shader If subshaders removal was intentional, you may have forgotten turning Fallback off?
WARNING: Shader Unsupported: 'Ultraleap/LegacyHandShader' - All subshaders removed
WARNING: Shader Did you use #pragma only_renderers and omit this platform?
WARNING: Shader If subshaders removal was intentional, you may have forgotten turning Fallback off?
Refreshing native plugins compatible for Editor in 6.06 ms, found 0 plugins.
Preloading 0 native plugins for Editor in 0.00 ms.
Unloading 17 Unused Serialized files (Serialized files now loaded: 0)
Unloading 7741 unused Assets / (6.0 MB). Loaded Objects now: 8624.
Memory consumption went from 222.8 MB to 216.8 MB.
Total: 38.462420 ms (FindLiveObjects: 3.428852 ms CreateObjectMapping: 3.670936 ms MarkObjects: 20.830875 ms  DeleteObjects: 10.508653 ms)

Prepare: number of updated asset objects reloaded= 0
========================================================================
Received Prepare
WARNING: Shader Unsupported: 'Ultraleap/LegacyHandShader' - All subshaders removed
WARNING: Shader Did you use #pragma only_renderers and omit this platform?
WARNING: Shader If subshaders removal was intentional, you may have forgotten turning Fallback off?
WARNING: Shader Unsupported: 'Ultraleap/LegacyHandShader' - All subshaders removed
WARNING: Shader Did you use #pragma only_renderers and omit this platform?
WARNING: Shader If subshaders removal was intentional, you may have forgotten turning Fallback off?
Refreshing native plugins compatible for Editor in 14.52 ms, found 0 plugins.
Preloading 0 native plugins for Editor in 0.00 ms.
Unloading 17 Unused Serialized files (Serialized files now loaded: 0)
Unloading 17 unused Assets / (1.9 MB). Loaded Objects now: 8624.
Memory consumption went from 189.5 MB to 187.6 MB.
Total: 23.735805 ms (FindLiveObjects: 0.948630 ms CreateObjectMapping: 0.960081 ms MarkObjects: 19.983065 ms  DeleteObjects: 1.840462 ms)

Prepare: number of updated asset objects reloaded= 0
========================================================================
Received Prepare
WARNING: Shader Unsupported: 'Ultraleap/LegacyHandShader' - All subshaders removed
WARNING: Shader Did you use #pragma only_renderers and omit this platform?
WARNING: Shader If subshaders removal was intentional, you may have forgotten turning Fallback off?
WARNING: Shader Unsupported: 'Ultraleap/LegacyHandShader' - All subshaders removed
WARNING: Shader Did you use #pragma only_renderers and omit this platform?
WARNING: Shader If subshaders removal was intentional, you may have forgotten turning Fallback off?
Refreshing native plugins compatible for Editor in 9.61 ms, found 0 plugins.
Preloading 0 native plugins for Editor in 0.00 ms.
Unloading 17 Unused Serialized files (Serialized files now loaded: 0)
Unloading 7678 unused Assets / (6.3 MB). Loaded Objects now: 8612.
Memory consumption went from 193.8 MB to 187.5 MB.
Total: 59.629846 ms (FindLiveObjects: 1.795668 ms CreateObjectMapping: 2.697340 ms MarkObjects: 45.939295 ms  DeleteObjects: 9.193907 ms)

Prepare: number of updated asset objects reloaded= 0
========================================================================
Received Prepare
[Licensing::Client] Successfully resolved entitlement details
Begin MonoManager ReloadAssembly
[Licensing::Client] Successfully resolved entitlement details
- Loaded All Assemblies, in  5.680 seconds
Refreshing native plugins compatible for Editor in 5.11 ms, found 0 plugins.
Native extension for LinuxStandalone target not found
Native extension for Android target not found
[Package Manager] Failed to launch server process. Reason: Unity was launched with the -noUpm command-line argument
[Package Manager] Unable to send message (not connected to server process).
[Package Manager] Cannot connect to Unity Package Manager local server
ScheduleIndexationOnStartup MainProcess:False IndexOnStartup:True
Mono: successfully reloaded assembly
[Package Manager] Failed to launch server process. Reason: Unity was launched with the -noUpm command-line argument
[Package Manager] Unable to send message (not connected to server process).
[Package Manager] Cannot connect to Unity Package Manager local server
- Finished resetting the current domain, in  2.577 seconds
Domain Reload Profiling: 8266ms
	BeginReloadAssembly (3041ms)
		ExecutionOrderSort (0ms)
		DisableScriptedObjects (109ms)
		BackupInstance (0ms)
		ReleaseScriptingObjects (2ms)
		CreateAndSetChildDomain (994ms)
	RebuildCommonClasses (79ms)
	RebuildNativeTypeToScriptingClass (13ms)
	initialDomainReloadingComplete (78ms)
	LoadAllAssembliesAndSetupDomain (2477ms)
		LoadAssemblies (2957ms)
		RebuildTransferFunctionScriptingTraits (0ms)
		AnalyzeDomain (838ms)
			TypeCache.Refresh (151ms)
				TypeCache.ScanAssembly (2ms)
			BuildScriptInfoCaches (585ms)
			ResolveRequiredComponents (28ms)
	FinalizeReload (2578ms)
		ReleaseScriptCaches (0ms)
		RebuildScriptCaches (0ms)
		SetupLoadedEditorAssemblies (2190ms)
			LogAssemblyErrors (0ms)
			InitializePlatformSupportModulesInManaged (27ms)
			SetLoadedEditorAssemblies (11ms)
			BeforeProcessingInitializeOnLoad (343ms)
			ProcessInitializeOnLoadAttributes (1171ms)
			ProcessInitializeOnLoadMethodAttributes (629ms)
			AfterProcessingInitializeOnLoad (8ms)
			EditorAssembliesLoaded (1ms)
		ExecutionOrderSort2 (0ms)
		AwakeInstancesAfterBackupRestoration (22ms)
WARNING: Shader Unsupported: 'Ultraleap/LegacyHandShader' - All subshaders removed
WARNING: Shader Did you use #pragma only_renderers and omit this platform?
WARNING: Shader If subshaders removal was intentional, you may have forgotten turning Fallback off?
WARNING: Shader Unsupported: 'Ultraleap/LegacyHandShader' - All subshaders removed
WARNING: Shader Did you use #pragma only_renderers and omit this platform?
WARNING: Shader If subshaders removal was intentional, you may have forgotten turning Fallback off?
Refreshing native plugins compatible for Editor in 15.66 ms, found 0 plugins.
Preloading 0 native plugins for Editor in 0.00 ms.
Unloading 17 Unused Serialized files (Serialized files now loaded: 0)
Unloading 7741 unused Assets / (6.0 MB). Loaded Objects now: 8627.
Memory consumption went from 199.6 MB to 193.6 MB.
Total: 20.750615 ms (FindLiveObjects: 1.520673 ms CreateObjectMapping: 1.485947 ms MarkObjects: 10.151593 ms  DeleteObjects: 7.589717 ms)

Prepare: number of updated asset objects reloaded= 0
========================================================================
Received Prepare
Begin MonoManager ReloadAssembly
- Loaded All Assemblies, in  2.107 seconds
Refreshing native plugins compatible for Editor in 6.46 ms, found 0 plugins.
Native extension for LinuxStandalone target not found
Native extension for Android target not found
[Package Manager] Failed to launch server process. Reason: Unity was launched with the -noUpm command-line argument
[Package Manager] Unable to send message (not connected to server process).
[Package Manager] Cannot connect to Unity Package Manager local server
ScheduleIndexationOnStartup MainProcess:False IndexOnStartup:True
Mono: successfully reloaded assembly
[Package Manager] Failed to launch server process. Reason: Unity was launched with the -noUpm command-line argument
[Package Manager] Unable to send message (not connected to server process).
[Package Manager] Cannot connect to Unity Package Manager local server
- Finished resetting the current domain, in  1.502 seconds
Domain Reload Profiling: 3607ms
	BeginReloadAssembly (446ms)
		ExecutionOrderSort (0ms)
		DisableScriptedObjects (7ms)
		BackupInstance (0ms)
		ReleaseScriptingObjects (0ms)
		CreateAndSetChildDomain (95ms)
	RebuildCommonClasses (67ms)
	RebuildNativeTypeToScriptingClass (15ms)
	initialDomainReloadingComplete (41ms)
	LoadAllAssembliesAndSetupDomain (1534ms)
		LoadAssemblies (1353ms)
		RebuildTransferFunctionScriptingTraits (0ms)
		AnalyzeDomain (437ms)
			TypeCache.Refresh (13ms)
				TypeCache.ScanAssembly (0ms)
			BuildScriptInfoCaches (393ms)
			ResolveRequiredComponents (20ms)
	FinalizeReload (1503ms)
		ReleaseScriptCaches (0ms)
		RebuildScriptCaches (0ms)
		SetupLoadedEditorAssemblies (1209ms)
			LogAssemblyErrors (0ms)
			InitializePlatformSupportModulesInManaged (15ms)
			SetLoadedEditorAssemblies (13ms)
			BeforeProcessingInitializeOnLoad (278ms)
			ProcessInitializeOnLoadAttributes (683ms)
			ProcessInitializeOnLoadMethodAttributes (210ms)
			AfterProcessingInitializeOnLoad (9ms)
			EditorAssembliesLoaded (1ms)
		ExecutionOrderSort2 (0ms)
		AwakeInstancesAfterBackupRestoration (17ms)
WARNING: Shader Unsupported: 'Ultraleap/LegacyHandShader' - All subshaders removed
WARNING: Shader Did you use #pragma only_renderers and omit this platform?
WARNING: Shader If subshaders removal was intentional, you may have forgotten turning Fallback off?
WARNING: Shader Unsupported: 'Ultraleap/LegacyHandShader' - All subshaders removed
WARNING: Shader Did you use #pragma only_renderers and omit this platform?
WARNING: Shader If subshaders removal was intentional, you may have forgotten turning Fallback off?
Refreshing native plugins compatible for Editor in 4.96 ms, found 0 plugins.
Preloading 0 native plugins for Editor in 0.00 ms.
Unloading 17 Unused Serialized files (Serialized files now loaded: 0)
Unloading 7741 unused Assets / (5.1 MB). Loaded Objects now: 8630.
Memory consumption went from 199.7 MB to 194.6 MB.
Total: 18.240377 ms (FindLiveObjects: 1.088242 ms CreateObjectMapping: 1.622524 ms MarkObjects: 10.723515 ms  DeleteObjects: 4.803951 ms)

Prepare: number of updated asset objects reloaded= 0
========================================================================
Received Prepare
[Licensing::Client] Successfully resolved entitlement details
Begin MonoManager ReloadAssembly
[Licensing::Client] Successfully resolved entitlement details
- Loaded All Assemblies, in  2.692 seconds
Refreshing native plugins compatible for Editor in 5.64 ms, found 0 plugins.
Native extension for LinuxStandalone target not found
Native extension for Android target not found
[Package Manager] Failed to launch server process. Reason: Unity was launched with the -noUpm command-line argument
[Package Manager] Unable to send message (not connected to server process).
[Package Manager] Cannot connect to Unity Package Manager local server
ScheduleIndexationOnStartup MainProcess:False IndexOnStartup:True
Mono: successfully reloaded assembly
[Package Manager] Failed to launch server process. Reason: Unity was launched with the -noUpm command-line argument
[Package Manager] Unable to send message (not connected to server process).
[Package Manager] Cannot connect to Unity Package Manager local server
- Finished resetting the current domain, in  1.660 seconds
Domain Reload Profiling: 4348ms
	BeginReloadAssembly (823ms)
		ExecutionOrderSort (0ms)
		DisableScriptedObjects (15ms)
		BackupInstance (0ms)
		ReleaseScriptingObjects (1ms)
		CreateAndSetChildDomain (148ms)
	RebuildCommonClasses (62ms)
	RebuildNativeTypeToScriptingClass (15ms)
	initialDomainReloadingComplete (58ms)
	LoadAllAssembliesAndSetupDomain (1730ms)
		LoadAssemblies (1717ms)
		RebuildTransferFunctionScriptingTraits (0ms)
		AnalyzeDomain (526ms)
			TypeCache.Refresh (20ms)
				TypeCache.ScanAssembly (0ms)
			BuildScriptInfoCaches (477ms)
			ResolveRequiredComponents (21ms)
	FinalizeReload (1660ms)
		ReleaseScriptCaches (0ms)
		RebuildScriptCaches (0ms)
		SetupLoadedEditorAssemblies (1311ms)
			LogAssemblyErrors (0ms)
			InitializePlatformSupportModulesInManaged (15ms)
			SetLoadedEditorAssemblies (9ms)
			BeforeProcessingInitializeOnLoad (292ms)
			ProcessInitializeOnLoadAttributes (730ms)
			ProcessInitializeOnLoadMethodAttributes (256ms)
			AfterProcessingInitializeOnLoad (9ms)
			EditorAssembliesLoaded (1ms)
		ExecutionOrderSort2 (0ms)
		AwakeInstancesAfterBackupRestoration (16ms)
WARNING: Shader Unsupported: 'Ultraleap/LegacyHandShader' - All subshaders removed
WARNING: Shader Did you use #pragma only_renderers and omit this platform?
WARNING: Shader If subshaders removal was intentional, you may have forgotten turning Fallback off?
WARNING: Shader Unsupported: 'Ultraleap/LegacyHandShader' - All subshaders removed
WARNING: Shader Did you use #pragma only_renderers and omit this platform?
WARNING: Shader If subshaders removal was intentional, you may have forgotten turning Fallback off?
Refreshing native plugins compatible for Editor in 6.53 ms, found 0 plugins.
Preloading 0 native plugins for Editor in 0.00 ms.
Unloading 17 Unused Serialized files (Serialized files now loaded: 0)
Unloading 7741 unused Assets / (6.2 MB). Loaded Objects now: 8635.
Memory consumption went from 199.7 MB to 193.5 MB.
Total: 31.887827 ms (FindLiveObjects: 2.796566 ms CreateObjectMapping: 2.382269 ms MarkObjects: 17.739747 ms  DeleteObjects: 8.966500 ms)

Prepare: number of updated asset objects reloaded= 0
========================================================================
Received Import Request.
  Time since last request: 57617.453176 seconds.
  path: Assets/Main/Bubble.prefab
  artifactKey: Guid(e4f92432dd9d4b6fe9fd351cda6772f4) Importer(815301076,1909f56bfc062723c751e8b465ee728b)
Start importing Assets/Main/Bubble.prefab using Guid(e4f92432dd9d4b6fe9fd351cda6772f4) Importer(815301076,1909f56bfc062723c751e8b465ee728b) (PreviewImporter) -> (artifact id: '7c1a93fae79cf1ab8eba4bdc09097173') in 1.872085361 seconds
Number of updated asset objects reloaded before import = 0Number of asset objects unloaded after import = 9

========================================================================
Received Import Request.
  Time since last request: 5.684145 seconds.
  path: Assets/Main/Scripts/chunktesting/IntEventChannel.asset
  artifactKey: Guid(4d546a9dc078dd13b8e8142ec37e8a90) Importer(815301076,1909f56bfc062723c751e8b465ee728b)
Start importing Assets/Main/Scripts/chunktesting/IntEventChannel.asset using Guid(4d546a9dc078dd13b8e8142ec37e8a90) Importer(815301076,1909f56bfc062723c751e8b465ee728b) (PreviewImporter) -> (artifact id: '0998e7516dc55b02c3f7bd12441558d7') in 0.003467104 seconds
Number of updated asset objects reloaded before import = 0Number of asset objects unloaded after import = 1

========================================================================
Received Import Request.
  Time since last request: 0.000063 seconds.
  path: Assets/Main/Scripts/chunktesting/Word.prefab
  artifactKey: Guid(a9cc835dc3f39413790792717808509c) Importer(815301076,1909f56bfc062723c751e8b465ee728b)
Start importing Assets/Main/Scripts/chunktesting/Word.prefab using Guid(a9cc835dc3f39413790792717808509c) Importer(815301076,1909f56bfc062723c751e8b465ee728b) (PreviewImporter) -> (artifact id: '9e2b31a8357fa5d7b74f8363b80ff722') in 0.105156126 seconds
Number of updated asset objects reloaded before import = 0Number of asset objects unloaded after import = 48

========================================================================
Received Prepare
WARNING: Shader Unsupported: 'Ultraleap/LegacyHandShader' - All subshaders removed
WARNING: Shader Did you use #pragma only_renderers and omit this platform?
WARNING: Shader If subshaders removal was intentional, you may have forgotten turning Fallback off?
WARNING: Shader Unsupported: 'Ultraleap/LegacyHandShader' - All subshaders removed
WARNING: Shader Did you use #pragma only_renderers and omit this platform?
WARNING: Shader If subshaders removal was intentional, you may have forgotten turning Fallback off?
Refreshing native plugins compatible for Editor in 6.43 ms, found 0 plugins.
Preloading 0 native plugins for Editor in 0.00 ms.
Unloading 17 Unused Serialized files (Serialized files now loaded: 0)
Unloading 18 unused Assets / (1.9 MB). Loaded Objects now: 8747.
Memory consumption went from 169.7 MB to 167.8 MB.
Total: 24.386675 ms (FindLiveObjects: 1.030633 ms CreateObjectMapping: 0.344617 ms MarkObjects: 20.470079 ms  DeleteObjects: 2.536839 ms)

Prepare: number of updated asset objects reloaded= 0
========================================================================
Received Import Request.
  Time since last request: 13.780097 seconds.
  path: Assets/Main/Scripts/chunktesting/Word.prefab
  artifactKey: Guid(a9cc835dc3f39413790792717808509c) Importer(815301076,1909f56bfc062723c751e8b465ee728b)
Start importing Assets/Main/Scripts/chunktesting/Word.prefab using Guid(a9cc835dc3f39413790792717808509c) Importer(815301076,1909f56bfc062723c751e8b465ee728b) (PreviewImporter) -> (artifact id: 'd82e20d36dc934581a1d577f6f658a78') in 0.183100949 seconds
Number of updated asset objects reloaded before import = 0Number of asset objects unloaded after import = 48

========================================================================
Received Import Request.
  Time since last request: 4.927321 seconds.
  path: Assets/Main/Scripts/chunktesting/Word.prefab
  artifactKey: Guid(a9cc835dc3f39413790792717808509c) Importer(815301076,1909f56bfc062723c751e8b465ee728b)
Start importing Assets/Main/Scripts/chunktesting/Word.prefab using Guid(a9cc835dc3f39413790792717808509c) Importer(815301076,1909f56bfc062723c751e8b465ee728b) (PreviewImporter) -> (artifact id: '55b582eebe23354f6cebbf95271473ac') in 0.050096343 seconds
Number of updated asset objects reloaded before import = 0Number of asset objects unloaded after import = 48

========================================================================
Received Import Request.
  Time since last request: 3.527444 seconds.
  path: Assets/Main/Scripts/chunktesting/Word.prefab
  artifactKey: Guid(a9cc835dc3f39413790792717808509c) Importer(815301076,1909f56bfc062723c751e8b465ee728b)
Start importing Assets/Main/Scripts/chunktesting/Word.prefab using Guid(a9cc835dc3f39413790792717808509c) Importer(815301076,1909f56bfc062723c751e8b465ee728b) (PreviewImporter) -> (artifact id: '4f6116852eb997f3fd0644954805582a') in 0.059166717 seconds
Number of updated asset objects reloaded before import = 0Number of asset objects unloaded after import = 48

========================================================================
Received Import Request.
  Time since last request: 0.657250 seconds.
  path: Assets/Main/Scripts/chunktesting/Word.prefab
  artifactKey: Guid(a9cc835dc3f39413790792717808509c) Importer(815301076,1909f56bfc062723c751e8b465ee728b)
Start importing Assets/Main/Scripts/chunktesting/Word.prefab using Guid(a9cc835dc3f39413790792717808509c) Importer(815301076,1909f56bfc062723c751e8b465ee728b) (PreviewImporter) -> (artifact id: '7ee0bc121eb8ac37313521b025286303') in 0.060363442 seconds
Number of updated asset objects reloaded before import = 0Number of asset objects unloaded after import = 48

========================================================================
Received Prepare
[Licensing::Client] Successfully resolved entitlement details
Begin MonoManager ReloadAssembly
[Licensing::Client] Successfully resolved entitlement details
- Loaded All Assemblies, in  1.571 seconds
Refreshing native plugins compatible for Editor in 5.36 ms, found 0 plugins.
Native extension for LinuxStandalone target not found
Native extension for Android target not found
[Package Manager] Failed to launch server process. Reason: Unity was launched with the -noUpm command-line argument
[Package Manager] Unable to send message (not connected to server process).
[Package Manager] Cannot connect to Unity Package Manager local server
ScheduleIndexationOnStartup MainProcess:False IndexOnStartup:True
Mono: successfully reloaded assembly
[Package Manager] Failed to launch server process. Reason: Unity was launched with the -noUpm command-line argument
[Package Manager] Unable to send message (not connected to server process).
[Package Manager] Cannot connect to Unity Package Manager local server
- Finished resetting the current domain, in  1.594 seconds
Domain Reload Profiling: 3163ms
	BeginReloadAssembly (390ms)
		ExecutionOrderSort (0ms)
		DisableScriptedObjects (23ms)
		BackupInstance (0ms)
		ReleaseScriptingObjects (1ms)
		CreateAndSetChildDomain (126ms)
	RebuildCommonClasses (73ms)
	RebuildNativeTypeToScriptingClass (15ms)
	initialDomainReloadingComplete (45ms)
	LoadAllAssembliesAndSetupDomain (1046ms)
		LoadAssemblies (673ms)
		RebuildTransferFunctionScriptingTraits (0ms)
		AnalyzeDomain (478ms)
			TypeCache.Refresh (13ms)
				TypeCache.ScanAssembly (0ms)
			BuildScriptInfoCaches (433ms)
			ResolveRequiredComponents (21ms)
	FinalizeReload (1594ms)
		ReleaseScriptCaches (0ms)
		RebuildScriptCaches (0ms)
		SetupLoadedEditorAssemblies (1280ms)
			LogAssemblyErrors (0ms)
			InitializePlatformSupportModulesInManaged (14ms)
			SetLoadedEditorAssemblies (12ms)
			BeforeProcessingInitializeOnLoad (280ms)
			ProcessInitializeOnLoadAttributes (696ms)
			ProcessInitializeOnLoadMethodAttributes (268ms)
			AfterProcessingInitializeOnLoad (9ms)
			EditorAssembliesLoaded (1ms)
		ExecutionOrderSort2 (0ms)
		AwakeInstancesAfterBackupRestoration (26ms)
WARNING: Shader Unsupported: 'Ultraleap/LegacyHandShader' - All subshaders removed
WARNING: Shader Did you use #pragma only_renderers and omit this platform?
WARNING: Shader If subshaders removal was intentional, you may have forgotten turning Fallback off?
WARNING: Shader Unsupported: 'Ultraleap/LegacyHandShader' - All subshaders removed
WARNING: Shader Did you use #pragma only_renderers and omit this platform?
WARNING: Shader If subshaders removal was intentional, you may have forgotten turning Fallback off?
Refreshing native plugins compatible for Editor in 7.74 ms, found 0 plugins.
Preloading 0 native plugins for Editor in 0.00 ms.
Unloading 17 Unused Serialized files (Serialized files now loaded: 0)
Unloading 7742 unused Assets / (5.2 MB). Loaded Objects now: 8691.
Memory consumption went from 202.4 MB to 197.1 MB.
Total: 27.511027 ms (FindLiveObjects: 3.205132 ms CreateObjectMapping: 3.196816 ms MarkObjects: 14.484992 ms  DeleteObjects: 6.618295 ms)

Prepare: number of updated asset objects reloaded= 0
========================================================================
Received Prepare
WARNING: Shader Unsupported: 'Ultraleap/LegacyHandShader' - All subshaders removed
WARNING: Shader Did you use #pragma only_renderers and omit this platform?
WARNING: Shader If subshaders removal was intentional, you may have forgotten turning Fallback off?
WARNING: Shader Unsupported: 'Ultraleap/LegacyHandShader' - All subshaders removed
WARNING: Shader Did you use #pragma only_renderers and omit this platform?
WARNING: Shader If subshaders removal was intentional, you may have forgotten turning Fallback off?
Refreshing native plugins compatible for Editor in 7.48 ms, found 0 plugins.
Preloading 0 native plugins for Editor in 0.00 ms.
Unloading 17 Unused Serialized files (Serialized files now loaded: 0)
Unloading 17 unused Assets / (1.9 MB). Loaded Objects now: 8691.
Memory consumption went from 168.9 MB to 167.0 MB.
Total: 644.757325 ms (FindLiveObjects: 10.202108 ms CreateObjectMapping: 1.447335 ms MarkObjects: 629.861503 ms  DeleteObjects: 3.237664 ms)

Prepare: number of updated asset objects reloaded= 0
========================================================================
Received Prepare
[Licensing::Client] Successfully resolved entitlement details
Begin MonoManager ReloadAssembly
[Licensing::Client] Successfully resolved entitlement details
- Loaded All Assemblies, in 11.528 seconds
Refreshing native plugins compatible for Editor in 10.59 ms, found 0 plugins.
Native extension for LinuxStandalone target not found
Native extension for Android target not found
[Package Manager] Failed to launch server process. Reason: Unity was launched with the -noUpm command-line argument
[Package Manager] Unable to send message (not connected to server process).
[Package Manager] Cannot connect to Unity Package Manager local server
ScheduleIndexationOnStartup MainProcess:False IndexOnStartup:True
Mono: successfully reloaded assembly
[Package Manager] Failed to launch server process. Reason: Unity was launched with the -noUpm command-line argument
[Package Manager] Unable to send message (not connected to server process).
[Package Manager] Cannot connect to Unity Package Manager local server
- Finished resetting the current domain, in  3.736 seconds
Domain Reload Profiling: 15287ms
	BeginReloadAssembly (6462ms)
		ExecutionOrderSort (3ms)
		DisableScriptedObjects (487ms)
		BackupInstance (0ms)
		ReleaseScriptingObjects (15ms)
		CreateAndSetChildDomain (1718ms)
	RebuildCommonClasses (91ms)
	RebuildNativeTypeToScriptingClass (24ms)
	initialDomainReloadingComplete (115ms)
	LoadAllAssembliesAndSetupDomain (4858ms)
		LoadAssemblies (3761ms)
		RebuildTransferFunctionScriptingTraits (0ms)
		AnalyzeDomain (2059ms)
			TypeCache.Refresh (376ms)
				TypeCache.ScanAssembly (3ms)
			BuildScriptInfoCaches (1515ms)
			ResolveRequiredComponents (30ms)
	FinalizeReload (3737ms)
		ReleaseScriptCaches (0ms)
		RebuildScriptCaches (0ms)
		SetupLoadedEditorAssemblies (2952ms)
			LogAssemblyErrors (0ms)
			InitializePlatformSupportModulesInManaged (61ms)
			SetLoadedEditorAssemblies (37ms)
			BeforeProcessingInitializeOnLoad (802ms)
			ProcessInitializeOnLoadAttributes (1658ms)
			ProcessInitializeOnLoadMethodAttributes (381ms)
			AfterProcessingInitializeOnLoad (12ms)
			EditorAssembliesLoaded (1ms)
		ExecutionOrderSort2 (0ms)
		AwakeInstancesAfterBackupRestoration (23ms)
WARNING: Shader Unsupported: 'Ultraleap/LegacyHandShader' - All subshaders removed
WARNING: Shader Did you use #pragma only_renderers and omit this platform?
WARNING: Shader If subshaders removal was intentional, you may have forgotten turning Fallback off?
WARNING: Shader Unsupported: 'Ultraleap/LegacyHandShader' - All subshaders removed
WARNING: Shader Did you use #pragma only_renderers and omit this platform?
WARNING: Shader If subshaders removal was intentional, you may have forgotten turning Fallback off?
Refreshing native plugins compatible for Editor in 8.07 ms, found 0 plugins.
Preloading 0 native plugins for Editor in 0.00 ms.
Unloading 17 Unused Serialized files (Serialized files now loaded: 0)
Unloading 7741 unused Assets / (9.0 MB). Loaded Objects now: 8694.
Memory consumption went from 202.3 MB to 193.3 MB.
Total: 50.080744 ms (FindLiveObjects: 2.529154 ms CreateObjectMapping: 3.453438 ms MarkObjects: 25.894925 ms  DeleteObjects: 18.190032 ms)

Prepare: number of updated asset objects reloaded= 0
========================================================================
Received Prepare
[Licensing::Client] Successfully resolved entitlement details
Begin MonoManager ReloadAssembly
[Licensing::Client] Successfully resolved entitlement details
- Loaded All Assemblies, in  5.748 seconds
Refreshing native plugins compatible for Editor in 5.30 ms, found 0 plugins.
Native extension for LinuxStandalone target not found
Native extension for Android target not found
[Package Manager] Failed to launch server process. Reason: Unity was launched with the -noUpm command-line argument
[Package Manager] Unable to send message (not connected to server process).
[Package Manager] Cannot connect to Unity Package Manager local server
ScheduleIndexationOnStartup MainProcess:False IndexOnStartup:True
Mono: successfully reloaded assembly
[Package Manager] Failed to launch server process. Reason: Unity was launched with the -noUpm command-line argument
[Package Manager] Unable to send message (not connected to server process).
[Package Manager] Cannot connect to Unity Package Manager local server
- Finished resetting the current domain, in  2.721 seconds
Domain Reload Profiling: 8479ms
	BeginReloadAssembly (3206ms)
		ExecutionOrderSort (2ms)
		DisableScriptedObjects (157ms)
		BackupInstance (0ms)
		ReleaseScriptingObjects (3ms)
		CreateAndSetChildDomain (1209ms)
	RebuildCommonClasses (80ms)
	RebuildNativeTypeToScriptingClass (16ms)
	initialDomainReloadingComplete (86ms)
	LoadAllAssembliesAndSetupDomain (2368ms)
		LoadAssemblies (1923ms)
		RebuildTransferFunctionScriptingTraits (0ms)
		AnalyzeDomain (1165ms)
			TypeCache.Refresh (53ms)
				TypeCache.ScanAssembly (0ms)
			BuildScriptInfoCaches (1065ms)
			ResolveRequiredComponents (32ms)
	FinalizeReload (2724ms)
		ReleaseScriptCaches (0ms)
		RebuildScriptCaches (0ms)
		SetupLoadedEditorAssemblies (2151ms)
			LogAssemblyErrors (0ms)
			InitializePlatformSupportModulesInManaged (31ms)
			SetLoadedEditorAssemblies (20ms)
			BeforeProcessingInitializeOnLoad (407ms)
			ProcessInitializeOnLoadAttributes (1063ms)
			ProcessInitializeOnLoadMethodAttributes (614ms)
			AfterProcessingInitializeOnLoad (14ms)
			EditorAssembliesLoaded (1ms)
		ExecutionOrderSort2 (0ms)
		AwakeInstancesAfterBackupRestoration (40ms)
WARNING: Shader Unsupported: 'Ultraleap/LegacyHandShader' - All subshaders removed
WARNING: Shader Did you use #pragma only_renderers and omit this platform?
WARNING: Shader If subshaders removal was intentional, you may have forgotten turning Fallback off?
WARNING: Shader Unsupported: 'Ultraleap/LegacyHandShader' - All subshaders removed
WARNING: Shader Did you use #pragma only_renderers and omit this platform?
WARNING: Shader If subshaders removal was intentional, you may have forgotten turning Fallback off?
Refreshing native plugins compatible for Editor in 17.30 ms, found 0 plugins.
Preloading 0 native plugins for Editor in 0.00 ms.
Unloading 17 Unused Serialized files (Serialized files now loaded: 0)
Unloading 7741 unused Assets / (7.0 MB). Loaded Objects now: 8697.
Memory consumption went from 202.3 MB to 195.3 MB.
Total: 54.228024 ms (FindLiveObjects: 4.942522 ms CreateObjectMapping: 6.203467 ms MarkObjects: 30.698726 ms  DeleteObjects: 12.378771 ms)

Prepare: number of updated asset objects reloaded= 0
========================================================================
Received Prepare
WARNING: Shader Unsupported: 'Ultraleap/LegacyHandShader' - All subshaders removed
WARNING: Shader Did you use #pragma only_renderers and omit this platform?
WARNING: Shader If subshaders removal was intentional, you may have forgotten turning Fallback off?
WARNING: Shader Unsupported: 'Ultraleap/LegacyHandShader' - All subshaders removed
WARNING: Shader Did you use #pragma only_renderers and omit this platform?
WARNING: Shader If subshaders removal was intentional, you may have forgotten turning Fallback off?
Refreshing native plugins compatible for Editor in 5.90 ms, found 0 plugins.
Preloading 0 native plugins for Editor in 0.00 ms.
Unloading 17 Unused Serialized files (Serialized files now loaded: 0)
Unloading 7678 unused Assets / (5.6 MB). Loaded Objects now: 8685.
Memory consumption went from 173.4 MB to 167.7 MB.
Total: 36.408236 ms (FindLiveObjects: 2.345109 ms CreateObjectMapping: 2.668425 ms MarkObjects: 18.713884 ms  DeleteObjects: 12.676028 ms)

Prepare: number of updated asset objects reloaded= 0
========================================================================
Received Prepare
Begin MonoManager ReloadAssembly
- Loaded All Assemblies, in  2.334 seconds
Refreshing native plugins compatible for Editor in 5.51 ms, found 0 plugins.
Native extension for LinuxStandalone target not found
Native extension for Android target not found
[Package Manager] Failed to launch server process. Reason: Unity was launched with the -noUpm command-line argument
[Package Manager] Unable to send message (not connected to server process).
[Package Manager] Cannot connect to Unity Package Manager local server
ScheduleIndexationOnStartup MainProcess:False IndexOnStartup:True
Mono: successfully reloaded assembly
[Package Manager] Failed to launch server process. Reason: Unity was launched with the -noUpm command-line argument
[Package Manager] Unable to send message (not connected to server process).
[Package Manager] Cannot connect to Unity Package Manager local server
- Finished resetting the current domain, in  2.701 seconds
Domain Reload Profiling: 5033ms
	BeginReloadAssembly (411ms)
		ExecutionOrderSort (0ms)
		DisableScriptedObjects (8ms)
		BackupInstance (0ms)
		ReleaseScriptingObjects (1ms)
		CreateAndSetChildDomain (147ms)
	RebuildCommonClasses (88ms)
	RebuildNativeTypeToScriptingClass (20ms)
	initialDomainReloadingComplete (44ms)
	LoadAllAssembliesAndSetupDomain (1768ms)
		LoadAssemblies (1444ms)
		RebuildTransferFunctionScriptingTraits (0ms)
		AnalyzeDomain (488ms)
			TypeCache.Refresh (35ms)
				TypeCache.ScanAssembly (2ms)
			BuildScriptInfoCaches (416ms)
			ResolveRequiredComponents (21ms)
	FinalizeReload (2702ms)
		ReleaseScriptCaches (0ms)
		RebuildScriptCaches (0ms)
		SetupLoadedEditorAssemblies (2213ms)
			LogAssemblyErrors (0ms)
			InitializePlatformSupportModulesInManaged (44ms)
			SetLoadedEditorAssemblies (21ms)
			BeforeProcessingInitializeOnLoad (316ms)
			ProcessInitializeOnLoadAttributes (1540ms)
			ProcessInitializeOnLoadMethodAttributes (281ms)
			AfterProcessingInitializeOnLoad (10ms)
			EditorAssembliesLoaded (1ms)
		ExecutionOrderSort2 (0ms)
		AwakeInstancesAfterBackupRestoration (29ms)
WARNING: Shader Unsupported: 'Ultraleap/LegacyHandShader' - All subshaders removed
WARNING: Shader Did you use #pragma only_renderers and omit this platform?
WARNING: Shader If subshaders removal was intentional, you may have forgotten turning Fallback off?
WARNING: Shader Unsupported: 'Ultraleap/LegacyHandShader' - All subshaders removed
WARNING: Shader Did you use #pragma only_renderers and omit this platform?
WARNING: Shader If subshaders removal was intentional, you may have forgotten turning Fallback off?
Refreshing native plugins compatible for Editor in 8.21 ms, found 0 plugins.
Preloading 0 native plugins for Editor in 0.00 ms.
Unloading 17 Unused Serialized files (Serialized files now loaded: 0)
Unloading 7741 unused Assets / (7.1 MB). Loaded Objects now: 8700.
Memory consumption went from 202.3 MB to 195.2 MB.
Total: 36.756078 ms (FindLiveObjects: 2.054424 ms CreateObjectMapping: 4.010894 ms MarkObjects: 21.398630 ms  DeleteObjects: 9.288955 ms)

Prepare: number of updated asset objects reloaded= 0
========================================================================
Received Prepare
[Licensing::Client] Successfully resolved entitlement details
Begin MonoManager ReloadAssembly
[Licensing::Client] Successfully resolved entitlement details
- Loaded All Assemblies, in 16.594 seconds
Refreshing native plugins compatible for Editor in 7.00 ms, found 0 plugins.
Native extension for LinuxStandalone target not found
Native extension for Android target not found
[Package Manager] Failed to launch server process. Reason: Unity was launched with the -noUpm command-line argument
[Package Manager] Unable to send message (not connected to server process).
[Package Manager] Cannot connect to Unity Package Manager local server
ScheduleIndexationOnStartup MainProcess:False IndexOnStartup:True
Mono: successfully reloaded assembly
[Package Manager] Failed to launch server process. Reason: Unity was launched with the -noUpm command-line argument
[Package Manager] Unable to send message (not connected to server process).
[Package Manager] Cannot connect to Unity Package Manager local server
- Finished resetting the current domain, in  3.410 seconds
Domain Reload Profiling: 20137ms
	BeginReloadAssembly (5242ms)
		ExecutionOrderSort (2ms)
		DisableScriptedObjects (187ms)
		BackupInstance (0ms)
		ReleaseScriptingObjects (4ms)
		CreateAndSetChildDomain (2264ms)
	RebuildCommonClasses (99ms)
	RebuildNativeTypeToScriptingClass (18ms)
	initialDomainReloadingComplete (85ms)
	LoadAllAssembliesAndSetupDomain (11283ms)
		LoadAssemblies (6170ms)
		RebuildTransferFunctionScriptingTraits (0ms)
		AnalyzeDomain (6628ms)
			TypeCache.Refresh (223ms)
				TypeCache.ScanAssembly (0ms)
			BuildScriptInfoCaches (5816ms)
			ResolveRequiredComponents (235ms)
	FinalizeReload (3411ms)
		ReleaseScriptCaches (0ms)
		RebuildScriptCaches (0ms)
		SetupLoadedEditorAssemblies (2705ms)
			LogAssemblyErrors (0ms)
			InitializePlatformSupportModulesInManaged (42ms)
			SetLoadedEditorAssemblies (24ms)
			BeforeProcessingInitializeOnLoad (502ms)
			ProcessInitializeOnLoadAttributes (1793ms)
			ProcessInitializeOnLoadMethodAttributes (333ms)
			AfterProcessingInitializeOnLoad (10ms)
			EditorAssembliesLoaded (1ms)
		ExecutionOrderSort2 (0ms)
		AwakeInstancesAfterBackupRestoration (22ms)
WARNING: Shader Unsupported: 'Ultraleap/LegacyHandShader' - All subshaders removed
WARNING: Shader Did you use #pragma only_renderers and omit this platform?
WARNING: Shader If subshaders removal was intentional, you may have forgotten turning Fallback off?
WARNING: Shader Unsupported: 'Ultraleap/LegacyHandShader' - All subshaders removed
WARNING: Shader Did you use #pragma only_renderers and omit this platform?
WARNING: Shader If subshaders removal was intentional, you may have forgotten turning Fallback off?
Refreshing native plugins compatible for Editor in 4.95 ms, found 0 plugins.
Preloading 0 native plugins for Editor in 0.00 ms.
Unloading 17 Unused Serialized files (Serialized files now loaded: 0)
Unloading 7741 unused Assets / (6.2 MB). Loaded Objects now: 8703.
Memory consumption went from 202.4 MB to 196.2 MB.
Total: 66.044509 ms (FindLiveObjects: 6.579001 ms CreateObjectMapping: 6.040962 ms MarkObjects: 41.539882 ms  DeleteObjects: 11.842234 ms)

Prepare: number of updated asset objects reloaded= 0
========================================================================
Received Prepare
WARNING: Shader Unsupported: 'Ultraleap/LegacyHandShader' - All subshaders removed
WARNING: Shader Did you use #pragma only_renderers and omit this platform?
WARNING: Shader If subshaders removal was intentional, you may have forgotten turning Fallback off?
WARNING: Shader Unsupported: 'Ultraleap/LegacyHandShader' - All subshaders removed
WARNING: Shader Did you use #pragma only_renderers and omit this platform?
WARNING: Shader If subshaders removal was intentional, you may have forgotten turning Fallback off?
Refreshing native plugins compatible for Editor in 7.16 ms, found 0 plugins.
Preloading 0 native plugins for Editor in 0.00 ms.
Unloading 17 Unused Serialized files (Serialized files now loaded: 0)
Unloading 7678 unused Assets / (6.9 MB). Loaded Objects now: 8691.
Memory consumption went from 173.4 MB to 166.5 MB.
Total: 651.692824 ms (FindLiveObjects: 8.202978 ms CreateObjectMapping: 2.637808 ms MarkObjects: 629.923148 ms  DeleteObjects: 10.925705 ms)

Prepare: number of updated asset objects reloaded= 0
========================================================================
Received Prepare
[Licensing::Client] Successfully resolved entitlement details
Begin MonoManager ReloadAssembly
[Licensing::Client] Successfully resolved entitlement details
- Loaded All Assemblies, in  4.672 seconds
Refreshing native plugins compatible for Editor in 8.75 ms, found 0 plugins.
Native extension for LinuxStandalone target not found
Native extension for Android target not found
[Package Manager] Failed to launch server process. Reason: Unity was launched with the -noUpm command-line argument
[Package Manager] Unable to send message (not connected to server process).
[Package Manager] Cannot connect to Unity Package Manager local server
ScheduleIndexationOnStartup MainProcess:False IndexOnStartup:True
Mono: successfully reloaded assembly
[Package Manager] Failed to launch server process. Reason: Unity was launched with the -noUpm command-line argument
[Package Manager] Unable to send message (not connected to server process).
[Package Manager] Cannot connect to Unity Package Manager local server
- Finished resetting the current domain, in  2.343 seconds
Domain Reload Profiling: 7013ms
	BeginReloadAssembly (2012ms)
		ExecutionOrderSort (0ms)
		DisableScriptedObjects (98ms)
		BackupInstance (0ms)
		ReleaseScriptingObjects (1ms)
		CreateAndSetChildDomain (493ms)
	RebuildCommonClasses (80ms)
	RebuildNativeTypeToScriptingClass (13ms)
	initialDomainReloadingComplete (68ms)
	LoadAllAssembliesAndSetupDomain (2497ms)
		LoadAssemblies (2826ms)
		RebuildTransferFunctionScriptingTraits (0ms)
		AnalyzeDomain (628ms)
			TypeCache.Refresh (61ms)
				TypeCache.ScanAssembly (2ms)
			BuildScriptInfoCaches (469ms)
			ResolveRequiredComponents (22ms)
	FinalizeReload (2344ms)
		ReleaseScriptCaches (0ms)
		RebuildScriptCaches (0ms)
		SetupLoadedEditorAssemblies (1976ms)
			LogAssemblyErrors (0ms)
			InitializePlatformSupportModulesInManaged (22ms)
			SetLoadedEditorAssemblies (13ms)
			BeforeProcessingInitializeOnLoad (420ms)
			ProcessInitializeOnLoadAttributes (1241ms)
			ProcessInitializeOnLoadMethodAttributes (270ms)
			AfterProcessingInitializeOnLoad (8ms)
			EditorAssembliesLoaded (1ms)
		ExecutionOrderSort2 (0ms)
		AwakeInstancesAfterBackupRestoration (24ms)
WARNING: Shader Unsupported: 'Ultraleap/LegacyHandShader' - All subshaders removed
WARNING: Shader Did you use #pragma only_renderers and omit this platform?
WARNING: Shader If subshaders removal was intentional, you may have forgotten turning Fallback off?
WARNING: Shader Unsupported: 'Ultraleap/LegacyHandShader' - All subshaders removed
WARNING: Shader Did you use #pragma only_renderers and omit this platform?
WARNING: Shader If subshaders removal was intentional, you may have forgotten turning Fallback off?
Refreshing native plugins compatible for Editor in 7.25 ms, found 0 plugins.
Preloading 0 native plugins for Editor in 0.00 ms.
Unloading 17 Unused Serialized files (Serialized files now loaded: 0)
Unloading 7741 unused Assets / (5.4 MB). Loaded Objects now: 8706.
Memory consumption went from 202.4 MB to 197.0 MB.
Total: 29.470291 ms (FindLiveObjects: 2.100039 ms CreateObjectMapping: 2.947299 ms MarkObjects: 17.442610 ms  DeleteObjects: 6.976577 ms)

Prepare: number of updated asset objects reloaded= 0
========================================================================
Received Import Request.
  Time since last request: 4060.635441 seconds.
  path: Assets/Main/Scripts/chunktesting/Column.prefab
  artifactKey: Guid(795e23c81bf95bb0dae62efae8511a81) Importer(815301076,1909f56bfc062723c751e8b465ee728b)
Start importing Assets/Main/Scripts/chunktesting/Column.prefab using Guid(795e23c81bf95bb0dae62efae8511a81) Importer(815301076,1909f56bfc062723c751e8b465ee728b) (PreviewImporter) -> (artifact id: '7ce008180a23df5550853f662317f4d7') in 3.917555646 seconds
Number of updated asset objects reloaded before import = 0Number of asset objects unloaded after import = 48

========================================================================
Received Import Request.
  Time since last request: 167.899266 seconds.
  path: Assets/Main/Scripts/chunktesting/Column.prefab
  artifactKey: Guid(795e23c81bf95bb0dae62efae8511a81) Importer(815301076,1909f56bfc062723c751e8b465ee728b)
Start importing Assets/Main/Scripts/chunktesting/Column.prefab using Guid(795e23c81bf95bb0dae62efae8511a81) Importer(815301076,1909f56bfc062723c751e8b465ee728b) (PreviewImporter) -> (artifact id: '927535f0237a94886e71b0c7abdfc28a') in 0.299556361 seconds
Number of updated asset objects reloaded before import = 0Number of asset objects unloaded after import = 48

========================================================================
Received Import Request.
  Time since last request: 5.717540 seconds.
  path: Assets/Main/Scripts/chunktesting/Column.prefab
  artifactKey: Guid(795e23c81bf95bb0dae62efae8511a81) Importer(815301076,1909f56bfc062723c751e8b465ee728b)
Start importing Assets/Main/Scripts/chunktesting/Column.prefab using Guid(795e23c81bf95bb0dae62efae8511a81) Importer(815301076,1909f56bfc062723c751e8b465ee728b) (PreviewImporter) -> (artifact id: '1bcefe81158fbf25347325b83be58d63') in 0.048296396 seconds
Number of updated asset objects reloaded before import = 0Number of asset objects unloaded after import = 48

========================================================================
Received Import Request.
  Time since last request: 8.780886 seconds.
  path: Assets/Main/Tablet.prefab
  artifactKey: Guid(bbea684262453c72380e9b0df52b7d44) Importer(815301076,1909f56bfc062723c751e8b465ee728b)
Start importing Assets/Main/Tablet.prefab using Guid(bbea684262453c72380e9b0df52b7d44) Importer(815301076,1909f56bfc062723c751e8b465ee728b) (PreviewImporter) -> (artifact id: '987b1a132e6f902a19c9b0573a7b61c4') in 0.064213955 seconds
Number of updated asset objects reloaded before import = 0Number of asset objects unloaded after import = 60

========================================================================
Received Import Request.
  Time since last request: 1.220385 seconds.
  path: Assets/Main/MainExperiment.unity
  artifactKey: Guid(3f854d4c273fb81b8a6b56f3497af1a9) Importer(815301076,1909f56bfc062723c751e8b465ee728b)
Start importing Assets/Main/MainExperiment.unity using Guid(3f854d4c273fb81b8a6b56f3497af1a9) Importer(815301076,1909f56bfc062723c751e8b465ee728b) (PreviewImporter) -> (artifact id: '8b36b32d3b10663d37098b88394ae6f2') in 0.003043249 seconds
Number of updated asset objects reloaded before import = 0Number of asset objects unloaded after import = 0

========================================================================
Received Prepare
[Licensing::Client] Successfully resolved entitlement details
Begin MonoManager ReloadAssembly
[Licensing::Client] Successfully resolved entitlement details
- Loaded All Assemblies, in  9.674 seconds
Refreshing native plugins compatible for Editor in 6.03 ms, found 0 plugins.
Native extension for LinuxStandalone target not found
Native extension for Android target not found
[Package Manager] Failed to launch server process. Reason: Unity was launched with the -noUpm command-line argument
[Package Manager] Unable to send message (not connected to server process).
[Package Manager] Cannot connect to Unity Package Manager local server
ScheduleIndexationOnStartup MainProcess:False IndexOnStartup:True
Mono: successfully reloaded assembly
[Package Manager] Failed to launch server process. Reason: Unity was launched with the -noUpm command-line argument
[Package Manager] Unable to send message (not connected to server process).
[Package Manager] Cannot connect to Unity Package Manager local server
- Finished resetting the current domain, in  2.515 seconds
Domain Reload Profiling: 12209ms
	BeginReloadAssembly (5732ms)
		ExecutionOrderSort (2ms)
		DisableScriptedObjects (1099ms)
		BackupInstance (0ms)
		ReleaseScriptingObjects (6ms)
		CreateAndSetChildDomain (1637ms)
	RebuildCommonClasses (81ms)
	RebuildNativeTypeToScriptingClass (15ms)
	initialDomainReloadingComplete (71ms)
	LoadAllAssembliesAndSetupDomain (3794ms)
		LoadAssemblies (3862ms)
		RebuildTransferFunctionScriptingTraits (0ms)
		AnalyzeDomain (1310ms)
			TypeCache.Refresh (242ms)
				TypeCache.ScanAssembly (2ms)
			BuildScriptInfoCaches (979ms)
			ResolveRequiredComponents (23ms)
	FinalizeReload (2516ms)
		ReleaseScriptCaches (0ms)
		RebuildScriptCaches (0ms)
		SetupLoadedEditorAssemblies (1935ms)
			LogAssemblyErrors (0ms)
			InitializePlatformSupportModulesInManaged (23ms)
			SetLoadedEditorAssemblies (15ms)
			BeforeProcessingInitializeOnLoad (342ms)
			ProcessInitializeOnLoadAttributes (1191ms)
			ProcessInitializeOnLoadMethodAttributes (354ms)
			AfterProcessingInitializeOnLoad (10ms)
			EditorAssembliesLoaded (1ms)
		ExecutionOrderSort2 (0ms)
		AwakeInstancesAfterBackupRestoration (30ms)
WARNING: Shader Unsupported: 'Ultraleap/LegacyHandShader' - All subshaders removed
WARNING: Shader Did you use #pragma only_renderers and omit this platform?
WARNING: Shader If subshaders removal was intentional, you may have forgotten turning Fallback off?
WARNING: Shader Unsupported: 'Ultraleap/LegacyHandShader' - All subshaders removed
WARNING: Shader Did you use #pragma only_renderers and omit this platform?
WARNING: Shader If subshaders removal was intentional, you may have forgotten turning Fallback off?
Refreshing native plugins compatible for Editor in 11.97 ms, found 0 plugins.
Preloading 0 native plugins for Editor in 0.00 ms.
Unloading 17 Unused Serialized files (Serialized files now loaded: 0)
Unloading 7742 unused Assets / (5.1 MB). Loaded Objects now: 8730.
Memory consumption went from 202.6 MB to 197.6 MB.
Total: 25.968323 ms (FindLiveObjects: 2.640643 ms CreateObjectMapping: 1.933858 ms MarkObjects: 15.177932 ms  DeleteObjects: 6.211622 ms)

Prepare: number of updated asset objects reloaded= 0
========================================================================
Received Prepare
Begin MonoManager ReloadAssembly
- Loaded All Assemblies, in  3.801 seconds
Refreshing native plugins compatible for Editor in 14.37 ms, found 0 plugins.
Native extension for LinuxStandalone target not found
Native extension for Android target not found
[Package Manager] Failed to launch server process. Reason: Unity was launched with the -noUpm command-line argument
[Package Manager] Unable to send message (not connected to server process).
[Package Manager] Cannot connect to Unity Package Manager local server
ScheduleIndexationOnStartup MainProcess:False IndexOnStartup:True
Mono: successfully reloaded assembly
[Package Manager] Failed to launch server process. Reason: Unity was launched with the -noUpm command-line argument
[Package Manager] Unable to send message (not connected to server process).
[Package Manager] Cannot connect to Unity Package Manager local server
- Finished resetting the current domain, in  2.248 seconds
Domain Reload Profiling: 6134ms
	BeginReloadAssembly (549ms)
		ExecutionOrderSort (0ms)
		DisableScriptedObjects (10ms)
		BackupInstance (0ms)
		ReleaseScriptingObjects (1ms)
		CreateAndSetChildDomain (129ms)
	RebuildCommonClasses (74ms)
	RebuildNativeTypeToScriptingClass (16ms)
	initialDomainReloadingComplete (50ms)
	LoadAllAssembliesAndSetupDomain (3197ms)
		LoadAssemblies (1982ms)
		RebuildTransferFunctionScriptingTraits (0ms)
		AnalyzeDomain (1290ms)
			TypeCache.Refresh (117ms)
				TypeCache.ScanAssembly (0ms)
			BuildScriptInfoCaches (1111ms)
			ResolveRequiredComponents (40ms)
	FinalizeReload (2249ms)
		ReleaseScriptCaches (0ms)
		RebuildScriptCaches (0ms)
		SetupLoadedEditorAssemblies (1690ms)
			LogAssemblyErrors (0ms)
			InitializePlatformSupportModulesInManaged (27ms)
			SetLoadedEditorAssemblies (15ms)
			BeforeProcessingInitializeOnLoad (429ms)
			ProcessInitializeOnLoadAttributes (971ms)
			ProcessInitializeOnLoadMethodAttributes (234ms)
			AfterProcessingInitializeOnLoad (13ms)
			EditorAssembliesLoaded (1ms)
		ExecutionOrderSort2 (0ms)
		AwakeInstancesAfterBackupRestoration (27ms)
WARNING: Shader Unsupported: 'Ultraleap/LegacyHandShader' - All subshaders removed
WARNING: Shader Did you use #pragma only_renderers and omit this platform?
WARNING: Shader If subshaders removal was intentional, you may have forgotten turning Fallback off?
WARNING: Shader Unsupported: 'Ultraleap/LegacyHandShader' - All subshaders removed
WARNING: Shader Did you use #pragma only_renderers and omit this platform?
WARNING: Shader If subshaders removal was intentional, you may have forgotten turning Fallback off?
Refreshing native plugins compatible for Editor in 38.57 ms, found 0 plugins.
Preloading 0 native plugins for Editor in 0.00 ms.
Unloading 17 Unused Serialized files (Serialized files now loaded: 0)
Unloading 7741 unused Assets / (4.1 MB). Loaded Objects now: 8733.
Memory consumption went from 202.5 MB to 198.5 MB.
Total: 25.429271 ms (FindLiveObjects: 2.296107 ms CreateObjectMapping: 1.994652 ms MarkObjects: 15.232754 ms  DeleteObjects: 5.902883 ms)

Prepare: number of updated asset objects reloaded= 0
========================================================================
Received Prepare
[Licensing::Client] Successfully resolved entitlement details
Begin MonoManager ReloadAssembly
[Licensing::Client] Successfully resolved entitlement details
- Loaded All Assemblies, in 10.568 seconds
Refreshing native plugins compatible for Editor in 11.30 ms, found 0 plugins.
Native extension for LinuxStandalone target not found
Native extension for Android target not found
[Package Manager] Failed to launch server process. Reason: Unity was launched with the -noUpm command-line argument
[Package Manager] Unable to send message (not connected to server process).
[Package Manager] Cannot connect to Unity Package Manager local server
ScheduleIndexationOnStartup MainProcess:False IndexOnStartup:True
Mono: successfully reloaded assembly
[Package Manager] Failed to launch server process. Reason: Unity was launched with the -noUpm command-line argument
[Package Manager] Unable to send message (not connected to server process).
[Package Manager] Cannot connect to Unity Package Manager local server
- Finished resetting the current domain, in  3.599 seconds
Domain Reload Profiling: 14294ms
	BeginReloadAssembly (6700ms)
		ExecutionOrderSort (3ms)
		DisableScriptedObjects (367ms)
		BackupInstance (0ms)
		ReleaseScriptingObjects (5ms)
		CreateAndSetChildDomain (2718ms)
	RebuildCommonClasses (107ms)
	RebuildNativeTypeToScriptingClass (19ms)
	initialDomainReloadingComplete (108ms)
	LoadAllAssembliesAndSetupDomain (3761ms)
		LoadAssemblies (4271ms)
		RebuildTransferFunctionScriptingTraits (0ms)
		AnalyzeDomain (1033ms)
			TypeCache.Refresh (46ms)
				TypeCache.ScanAssembly (0ms)
			BuildScriptInfoCaches (662ms)
			ResolveRequiredComponents (32ms)
	FinalizeReload (3600ms)
		ReleaseScriptCaches (0ms)
		RebuildScriptCaches (0ms)
		SetupLoadedEditorAssemblies (3017ms)
			LogAssemblyErrors (0ms)
			InitializePlatformSupportModulesInManaged (35ms)
			SetLoadedEditorAssemblies (13ms)
			BeforeProcessingInitializeOnLoad (374ms)
			ProcessInitializeOnLoadAttributes (2195ms)
			ProcessInitializeOnLoadMethodAttributes (388ms)
			AfterProcessingInitializeOnLoad (10ms)
			EditorAssembliesLoaded (1ms)
		ExecutionOrderSort2 (0ms)
		AwakeInstancesAfterBackupRestoration (27ms)
WARNING: Shader Unsupported: 'Ultraleap/LegacyHandShader' - All subshaders removed
WARNING: Shader Did you use #pragma only_renderers and omit this platform?
WARNING: Shader If subshaders removal was intentional, you may have forgotten turning Fallback off?
WARNING: Shader Unsupported: 'Ultraleap/LegacyHandShader' - All subshaders removed
WARNING: Shader Did you use #pragma only_renderers and omit this platform?
WARNING: Shader If subshaders removal was intentional, you may have forgotten turning Fallback off?
Refreshing native plugins compatible for Editor in 6.98 ms, found 0 plugins.
Preloading 0 native plugins for Editor in 0.00 ms.
Unloading 17 Unused Serialized files (Serialized files now loaded: 0)
Unloading 7741 unused Assets / (2.7 MB). Loaded Objects now: 8736.
Memory consumption went from 202.6 MB to 199.8 MB.
Total: 49.543175 ms (FindLiveObjects: 3.787415 ms CreateObjectMapping: 2.505349 ms MarkObjects: 26.488318 ms  DeleteObjects: 16.756182 ms)

Prepare: number of updated asset objects reloaded= 0
========================================================================
Received Prepare
[Licensing::Client] Successfully resolved entitlement details
Begin MonoManager ReloadAssembly
[Licensing::Client] Successfully resolved entitlement details
- Loaded All Assemblies, in  7.900 seconds
Refreshing native plugins compatible for Editor in 6.00 ms, found 0 plugins.
Native extension for LinuxStandalone target not found
Native extension for Android target not found
[Package Manager] Failed to launch server process. Reason: Unity was launched with the -noUpm command-line argument
[Package Manager] Unable to send message (not connected to server process).
[Package Manager] Cannot connect to Unity Package Manager local server
ScheduleIndexationOnStartup MainProcess:False IndexOnStartup:True
Mono: successfully reloaded assembly
[Package Manager] Failed to launch server process. Reason: Unity was launched with the -noUpm command-line argument
[Package Manager] Unable to send message (not connected to server process).
[Package Manager] Cannot connect to Unity Package Manager local server
- Finished resetting the current domain, in  2.839 seconds
Domain Reload Profiling: 10975ms
	BeginReloadAssembly (3576ms)
		ExecutionOrderSort (2ms)
		DisableScriptedObjects (139ms)
		BackupInstance (0ms)
		ReleaseScriptingObjects (4ms)
		CreateAndSetChildDomain (925ms)
	RebuildCommonClasses (107ms)
	RebuildNativeTypeToScriptingClass (18ms)
	initialDomainReloadingComplete (102ms)
	LoadAllAssembliesAndSetupDomain (4332ms)
		LoadAssemblies (4298ms)
		RebuildTransferFunctionScriptingTraits (0ms)
		AnalyzeDomain (1496ms)
			TypeCache.Refresh (202ms)
				TypeCache.ScanAssembly (0ms)
			BuildScriptInfoCaches (1125ms)
			ResolveRequiredComponents (39ms)
	FinalizeReload (2840ms)
		ReleaseScriptCaches (0ms)
		RebuildScriptCaches (0ms)
		SetupLoadedEditorAssemblies (2418ms)
			LogAssemblyErrors (0ms)
			InitializePlatformSupportModulesInManaged (25ms)
			SetLoadedEditorAssemblies (14ms)
			BeforeProcessingInitializeOnLoad (320ms)
			ProcessInitializeOnLoadAttributes (1639ms)
			ProcessInitializeOnLoadMethodAttributes (407ms)
			AfterProcessingInitializeOnLoad (11ms)
			EditorAssembliesLoaded (2ms)
		ExecutionOrderSort2 (0ms)
		AwakeInstancesAfterBackupRestoration (24ms)
WARNING: Shader Unsupported: 'Ultraleap/LegacyHandShader' - All subshaders removed
WARNING: Shader Did you use #pragma only_renderers and omit this platform?
WARNING: Shader If subshaders removal was intentional, you may have forgotten turning Fallback off?
WARNING: Shader Unsupported: 'Ultraleap/LegacyHandShader' - All subshaders removed
WARNING: Shader Did you use #pragma only_renderers and omit this platform?
WARNING: Shader If subshaders removal was intentional, you may have forgotten turning Fallback off?
Refreshing native plugins compatible for Editor in 11.09 ms, found 0 plugins.
Preloading 0 native plugins for Editor in 0.00 ms.
Unloading 17 Unused Serialized files (Serialized files now loaded: 0)
Unloading 7741 unused Assets / (8.6 MB). Loaded Objects now: 8739.
Memory consumption went from 202.6 MB to 194.0 MB.
Total: 65.251281 ms (FindLiveObjects: 2.661823 ms CreateObjectMapping: 3.771124 ms MarkObjects: 33.096985 ms  DeleteObjects: 25.704408 ms)

Prepare: number of updated asset objects reloaded= 0
========================================================================
Received Prepare
WARNING: Shader Unsupported: 'Ultraleap/LegacyHandShader' - All subshaders removed
WARNING: Shader Did you use #pragma only_renderers and omit this platform?
WARNING: Shader If subshaders removal was intentional, you may have forgotten turning Fallback off?
WARNING: Shader Unsupported: 'Ultraleap/LegacyHandShader' - All subshaders removed
WARNING: Shader Did you use #pragma only_renderers and omit this platform?
WARNING: Shader If subshaders removal was intentional, you may have forgotten turning Fallback off?
Refreshing native plugins compatible for Editor in 8.72 ms, found 0 plugins.
Preloading 0 native plugins for Editor in 0.00 ms.
Unloading 17 Unused Serialized files (Serialized files now loaded: 0)
Unloading 17 unused Assets / (1.9 MB). Loaded Objects now: 8739.
Memory consumption went from 169.3 MB to 167.4 MB.
Total: 611.796154 ms (FindLiveObjects: 6.684760 ms CreateObjectMapping: 1.082390 ms MarkObjects: 601.941339 ms  DeleteObjects: 2.084611 ms)

Prepare: number of updated asset objects reloaded= 0
========================================================================
Received Prepare
[Licensing::Client] Successfully resolved entitlement details
Begin MonoManager ReloadAssembly
[Licensing::Client] Successfully resolved entitlement details
- Loaded All Assemblies, in  5.991 seconds
Refreshing native plugins compatible for Editor in 9.05 ms, found 0 plugins.
Native extension for LinuxStandalone target not found
Native extension for Android target not found
[Package Manager] Failed to launch server process. Reason: Unity was launched with the -noUpm command-line argument
[Package Manager] Unable to send message (not connected to server process).
[Package Manager] Cannot connect to Unity Package Manager local server
ScheduleIndexationOnStartup MainProcess:False IndexOnStartup:True
Mono: successfully reloaded assembly
[Package Manager] Failed to launch server process. Reason: Unity was launched with the -noUpm command-line argument
[Package Manager] Unable to send message (not connected to server process).
[Package Manager] Cannot connect to Unity Package Manager local server
- Finished resetting the current domain, in  2.749 seconds
Domain Reload Profiling: 8757ms
	BeginReloadAssembly (2905ms)
		ExecutionOrderSort (0ms)
		DisableScriptedObjects (106ms)
		BackupInstance (0ms)
		ReleaseScriptingObjects (5ms)
		CreateAndSetChildDomain (852ms)
	RebuildCommonClasses (86ms)
	RebuildNativeTypeToScriptingClass (17ms)
	initialDomainReloadingComplete (104ms)
	LoadAllAssembliesAndSetupDomain (2895ms)
		LoadAssemblies (3116ms)
		RebuildTransferFunctionScriptingTraits (0ms)
		AnalyzeDomain (928ms)
			TypeCache.Refresh (81ms)
				TypeCache.ScanAssembly (0ms)
			BuildScriptInfoCaches (754ms)
			ResolveRequiredComponents (26ms)
	FinalizeReload (2750ms)
		ReleaseScriptCaches (0ms)
		RebuildScriptCaches (0ms)
		SetupLoadedEditorAssemblies (2244ms)
			LogAssemblyErrors (0ms)
			InitializePlatformSupportModulesInManaged (31ms)
			SetLoadedEditorAssemblies (13ms)
			BeforeProcessingInitializeOnLoad (445ms)
			ProcessInitializeOnLoadAttributes (1432ms)
			ProcessInitializeOnLoadMethodAttributes (312ms)
			AfterProcessingInitializeOnLoad (9ms)
			EditorAssembliesLoaded (1ms)
		ExecutionOrderSort2 (0ms)
		AwakeInstancesAfterBackupRestoration (29ms)
WARNING: Shader Unsupported: 'Ultraleap/LegacyHandShader' - All subshaders removed
WARNING: Shader Did you use #pragma only_renderers and omit this platform?
WARNING: Shader If subshaders removal was intentional, you may have forgotten turning Fallback off?
WARNING: Shader Unsupported: 'Ultraleap/LegacyHandShader' - All subshaders removed
WARNING: Shader Did you use #pragma only_renderers and omit this platform?
WARNING: Shader If subshaders removal was intentional, you may have forgotten turning Fallback off?
Refreshing native plugins compatible for Editor in 6.50 ms, found 0 plugins.
Preloading 0 native plugins for Editor in 0.00 ms.
Unloading 17 Unused Serialized files (Serialized files now loaded: 0)
Unloading 7741 unused Assets / (6.0 MB). Loaded Objects now: 8742.
Memory consumption went from 202.7 MB to 196.6 MB.
Total: 26.158809 ms (FindLiveObjects: 2.119566 ms CreateObjectMapping: 1.892590 ms MarkObjects: 14.640453 ms  DeleteObjects: 7.502623 ms)

Prepare: number of updated asset objects reloaded= 0
========================================================================
Received Prepare
WARNING: Shader Unsupported: 'Ultraleap/LegacyHandShader' - All subshaders removed
WARNING: Shader Did you use #pragma only_renderers and omit this platform?
WARNING: Shader If subshaders removal was intentional, you may have forgotten turning Fallback off?
WARNING: Shader Unsupported: 'Ultraleap/LegacyHandShader' - All subshaders removed
WARNING: Shader Did you use #pragma only_renderers and omit this platform?
WARNING: Shader If subshaders removal was intentional, you may have forgotten turning Fallback off?
Refreshing native plugins compatible for Editor in 9.03 ms, found 0 plugins.
Preloading 0 native plugins for Editor in 0.00 ms.
Unloading 17 Unused Serialized files (Serialized files now loaded: 0)
Unloading 7678 unused Assets / (9.0 MB). Loaded Objects now: 8730.
Memory consumption went from 173.7 MB to 164.7 MB.
Total: 253.073377 ms (FindLiveObjects: 8.590234 ms CreateObjectMapping: 2.652115 ms MarkObjects: 228.243419 ms  DeleteObjects: 13.582589 ms)

Prepare: number of updated asset objects reloaded= 0
========================================================================
Received Prepare
WARNING: Shader Unsupported: 'Ultraleap/LegacyHandShader' - All subshaders removed
WARNING: Shader Did you use #pragma only_renderers and omit this platform?
WARNING: Shader If subshaders removal was intentional, you may have forgotten turning Fallback off?
WARNING: Shader Unsupported: 'Ultraleap/LegacyHandShader' - All subshaders removed
WARNING: Shader Did you use #pragma only_renderers and omit this platform?
WARNING: Shader If subshaders removal was intentional, you may have forgotten turning Fallback off?
Refreshing native plugins compatible for Editor in 17.42 ms, found 0 plugins.
Preloading 0 native plugins for Editor in 0.00 ms.
Unloading 17 Unused Serialized files (Serialized files now loaded: 0)
Unloading 7678 unused Assets / (8.6 MB). Loaded Objects now: 8730.
Memory consumption went from 173.6 MB to 165.0 MB.
Total: 584.717460 ms (FindLiveObjects: 8.183511 ms CreateObjectMapping: 2.628871 ms MarkObjects: 563.565692 ms  DeleteObjects: 10.335898 ms)

Prepare: number of updated asset objects reloaded= 0
========================================================================
Received Prepare
[Licensing::Client] Successfully resolved entitlement details
Begin MonoManager ReloadAssembly
[Licensing::Client] Successfully resolved entitlement details
- Loaded All Assemblies, in  5.628 seconds
Refreshing native plugins compatible for Editor in 5.87 ms, found 0 plugins.
Native extension for LinuxStandalone target not found
Native extension for Android target not found
[Package Manager] Failed to launch server process. Reason: Unity was launched with the -noUpm command-line argument
[Package Manager] Unable to send message (not connected to server process).
[Package Manager] Cannot connect to Unity Package Manager local server
ScheduleIndexationOnStartup MainProcess:False IndexOnStartup:True
Mono: successfully reloaded assembly
[Package Manager] Failed to launch server process. Reason: Unity was launched with the -noUpm command-line argument
[Package Manager] Unable to send message (not connected to server process).
[Package Manager] Cannot connect to Unity Package Manager local server
- Finished resetting the current domain, in  3.291 seconds
Domain Reload Profiling: 8918ms
	BeginReloadAssembly (2341ms)
		ExecutionOrderSort (0ms)
		DisableScriptedObjects (68ms)
		BackupInstance (0ms)
		ReleaseScriptingObjects (1ms)
		CreateAndSetChildDomain (653ms)
	RebuildCommonClasses (100ms)
	RebuildNativeTypeToScriptingClass (22ms)
	initialDomainReloadingComplete (95ms)
	LoadAllAssembliesAndSetupDomain (3067ms)
		LoadAssemblies (2795ms)
		RebuildTransferFunctionScriptingTraits (0ms)
		AnalyzeDomain (1283ms)
			TypeCache.Refresh (614ms)
				TypeCache.ScanAssembly (2ms)
			BuildScriptInfoCaches (573ms)
			ResolveRequiredComponents (19ms)
	FinalizeReload (3292ms)
		ReleaseScriptCaches (0ms)
		RebuildScriptCaches (0ms)
		SetupLoadedEditorAssemblies (2854ms)
			LogAssemblyErrors (0ms)
			InitializePlatformSupportModulesInManaged (29ms)
			SetLoadedEditorAssemblies (11ms)
			BeforeProcessingInitializeOnLoad (994ms)
			ProcessInitializeOnLoadAttributes (1515ms)
			ProcessInitializeOnLoadMethodAttributes (294ms)
			AfterProcessingInitializeOnLoad (9ms)
			EditorAssembliesLoaded (1ms)
		ExecutionOrderSort2 (0ms)
		AwakeInstancesAfterBackupRestoration (23ms)
WARNING: Shader Unsupported: 'Ultraleap/LegacyHandShader' - All subshaders removed
WARNING: Shader Did you use #pragma only_renderers and omit this platform?
WARNING: Shader If subshaders removal was intentional, you may have forgotten turning Fallback off?
WARNING: Shader Unsupported: 'Ultraleap/LegacyHandShader' - All subshaders removed
WARNING: Shader Did you use #pragma only_renderers and omit this platform?
WARNING: Shader If subshaders removal was intentional, you may have forgotten turning Fallback off?
Refreshing native plugins compatible for Editor in 4.57 ms, found 0 plugins.
Preloading 0 native plugins for Editor in 0.00 ms.
Unloading 17 Unused Serialized files (Serialized files now loaded: 0)
Unloading 7741 unused Assets / (5.8 MB). Loaded Objects now: 8745.
Memory consumption went from 202.7 MB to 196.9 MB.
Total: 26.315063 ms (FindLiveObjects: 1.754110 ms CreateObjectMapping: 1.951301 ms MarkObjects: 13.478664 ms  DeleteObjects: 9.128173 ms)

Prepare: number of updated asset objects reloaded= 0
========================================================================
Received Prepare
Begin MonoManager ReloadAssembly
- Loaded All Assemblies, in  1.554 seconds
Refreshing native plugins compatible for Editor in 5.56 ms, found 0 plugins.
Native extension for LinuxStandalone target not found
Native extension for Android target not found
[Package Manager] Failed to launch server process. Reason: Unity was launched with the -noUpm command-line argument
[Package Manager] Unable to send message (not connected to server process).
[Package Manager] Cannot connect to Unity Package Manager local server
ScheduleIndexationOnStartup MainProcess:False IndexOnStartup:True
Mono: successfully reloaded assembly
[Package Manager] Failed to launch server process. Reason: Unity was launched with the -noUpm command-line argument
[Package Manager] Unable to send message (not connected to server process).
[Package Manager] Cannot connect to Unity Package Manager local server
- Finished resetting the current domain, in  1.952 seconds
Domain Reload Profiling: 3506ms
	BeginReloadAssembly (401ms)
		ExecutionOrderSort (0ms)
		DisableScriptedObjects (13ms)
		BackupInstance (0ms)
		ReleaseScriptingObjects (1ms)
		CreateAndSetChildDomain (150ms)
	RebuildCommonClasses (94ms)
	RebuildNativeTypeToScriptingClass (16ms)
	initialDomainReloadingComplete (44ms)
	LoadAllAssembliesAndSetupDomain (998ms)
		LoadAssemblies (620ms)
		RebuildTransferFunctionScriptingTraits (0ms)
		AnalyzeDomain (506ms)
			TypeCache.Refresh (20ms)
				TypeCache.ScanAssembly (0ms)
			BuildScriptInfoCaches (458ms)
			ResolveRequiredComponents (19ms)
	FinalizeReload (1953ms)
		ReleaseScriptCaches (0ms)
		RebuildScriptCaches (0ms)
		SetupLoadedEditorAssemblies (1616ms)
			LogAssemblyErrors (0ms)
			InitializePlatformSupportModulesInManaged (16ms)
			SetLoadedEditorAssemblies (12ms)
			BeforeProcessingInitializeOnLoad (373ms)
			ProcessInitializeOnLoadAttributes (993ms)
			ProcessInitializeOnLoadMethodAttributes (212ms)
			AfterProcessingInitializeOnLoad (9ms)
			EditorAssembliesLoaded (1ms)
		ExecutionOrderSort2 (0ms)
		AwakeInstancesAfterBackupRestoration (23ms)
WARNING: Shader Unsupported: 'Ultraleap/LegacyHandShader' - All subshaders removed
WARNING: Shader Did you use #pragma only_renderers and omit this platform?
WARNING: Shader If subshaders removal was intentional, you may have forgotten turning Fallback off?
WARNING: Shader Unsupported: 'Ultraleap/LegacyHandShader' - All subshaders removed
WARNING: Shader Did you use #pragma only_renderers and omit this platform?
WARNING: Shader If subshaders removal was intentional, you may have forgotten turning Fallback off?
Refreshing native plugins compatible for Editor in 5.31 ms, found 0 plugins.
Preloading 0 native plugins for Editor in 0.00 ms.
Unloading 17 Unused Serialized files (Serialized files now loaded: 0)
Unloading 7741 unused Assets / (5.5 MB). Loaded Objects now: 8748.
Memory consumption went from 202.7 MB to 197.2 MB.
Total: 24.409138 ms (FindLiveObjects: 1.553394 ms CreateObjectMapping: 1.827528 ms MarkObjects: 12.444684 ms  DeleteObjects: 8.580826 ms)

Prepare: number of updated asset objects reloaded= 0
========================================================================
Received Prepare
WARNING: Shader Unsupported: 'Ultraleap/LegacyHandShader' - All subshaders removed
WARNING: Shader Did you use #pragma only_renderers and omit this platform?
WARNING: Shader If subshaders removal was intentional, you may have forgotten turning Fallback off?
WARNING: Shader Unsupported: 'Ultraleap/LegacyHandShader' - All subshaders removed
WARNING: Shader Did you use #pragma only_renderers and omit this platform?
WARNING: Shader If subshaders removal was intentional, you may have forgotten turning Fallback off?
Refreshing native plugins compatible for Editor in 4.96 ms, found 0 plugins.
Preloading 0 native plugins for Editor in 0.00 ms.
Unloading 17 Unused Serialized files (Serialized files now loaded: 0)
Unloading 7678 unused Assets / (6.8 MB). Loaded Objects now: 8736.
Memory consumption went from 173.8 MB to 167.0 MB.
Total: 498.900590 ms (FindLiveObjects: 6.783735 ms CreateObjectMapping: 1.494213 ms MarkObjects: 482.568774 ms  DeleteObjects: 8.050611 ms)

Prepare: number of updated asset objects reloaded= 0
========================================================================
Received Prepare
[Licensing::Client] Successfully resolved entitlement details
Begin MonoManager ReloadAssembly
[Licensing::Client] Successfully resolved entitlement details
- Loaded All Assemblies, in  6.237 seconds
Refreshing native plugins compatible for Editor in 5.05 ms, found 0 plugins.
Native extension for LinuxStandalone target not found
Native extension for Android target not found
[Package Manager] Failed to launch server process. Reason: Unity was launched with the -noUpm command-line argument
[Package Manager] Unable to send message (not connected to server process).
[Package Manager] Cannot connect to Unity Package Manager local server
ScheduleIndexationOnStartup MainProcess:False IndexOnStartup:True
Mono: successfully reloaded assembly
[Package Manager] Failed to launch server process. Reason: Unity was launched with the -noUpm command-line argument
[Package Manager] Unable to send message (not connected to server process).
[Package Manager] Cannot connect to Unity Package Manager local server
- Finished resetting the current domain, in  3.014 seconds
Domain Reload Profiling: 9332ms
	BeginReloadAssembly (2998ms)
		ExecutionOrderSort (0ms)
		DisableScriptedObjects (199ms)
		BackupInstance (0ms)
		ReleaseScriptingObjects (1ms)
		CreateAndSetChildDomain (633ms)
	RebuildCommonClasses (73ms)
	RebuildNativeTypeToScriptingClass (16ms)
	initialDomainReloadingComplete (79ms)
	LoadAllAssembliesAndSetupDomain (3151ms)
		LoadAssemblies (3373ms)
		RebuildTransferFunctionScriptingTraits (0ms)
		AnalyzeDomain (1257ms)
			TypeCache.Refresh (217ms)
				TypeCache.ScanAssembly (8ms)
			BuildScriptInfoCaches (923ms)
			ResolveRequiredComponents (33ms)
	FinalizeReload (3015ms)
		ReleaseScriptCaches (0ms)
		RebuildScriptCaches (0ms)
		SetupLoadedEditorAssemblies (2624ms)
			LogAssemblyErrors (0ms)
			InitializePlatformSupportModulesInManaged (22ms)
			SetLoadedEditorAssemblies (14ms)
			BeforeProcessingInitializeOnLoad (282ms)
			ProcessInitializeOnLoadAttributes (1055ms)
			ProcessInitializeOnLoadMethodAttributes (1240ms)
			AfterProcessingInitializeOnLoad (9ms)
			EditorAssembliesLoaded (2ms)
		ExecutionOrderSort2 (0ms)
		AwakeInstancesAfterBackupRestoration (23ms)
WARNING: Shader Unsupported: 'Ultraleap/LegacyHandShader' - All subshaders removed
WARNING: Shader Did you use #pragma only_renderers and omit this platform?
WARNING: Shader If subshaders removal was intentional, you may have forgotten turning Fallback off?
WARNING: Shader Unsupported: 'Ultraleap/LegacyHandShader' - All subshaders removed
WARNING: Shader Did you use #pragma only_renderers and omit this platform?
WARNING: Shader If subshaders removal was intentional, you may have forgotten turning Fallback off?
Refreshing native plugins compatible for Editor in 5.22 ms, found 0 plugins.
Preloading 0 native plugins for Editor in 0.00 ms.
Unloading 17 Unused Serialized files (Serialized files now loaded: 0)
Unloading 7741 unused Assets / (6.0 MB). Loaded Objects now: 8751.
Memory consumption went from 202.8 MB to 196.8 MB.
Total: 25.567110 ms (FindLiveObjects: 1.866862 ms CreateObjectMapping: 1.540570 ms MarkObjects: 13.586797 ms  DeleteObjects: 8.570066 ms)

Prepare: number of updated asset objects reloaded= 0
========================================================================
Received Prepare
[Licensing::Client] Successfully resolved entitlement details
Begin MonoManager ReloadAssembly
[Licensing::Client] Successfully resolved entitlement details
- Loaded All Assemblies, in  6.891 seconds
Refreshing native plugins compatible for Editor in 6.75 ms, found 0 plugins.
Native extension for LinuxStandalone target not found
Native extension for Android target not found
[Package Manager] Failed to launch server process. Reason: Unity was launched with the -noUpm command-line argument
[Package Manager] Unable to send message (not connected to server process).
[Package Manager] Cannot connect to Unity Package Manager local server
ScheduleIndexationOnStartup MainProcess:False IndexOnStartup:True
Mono: successfully reloaded assembly
[Package Manager] Failed to launch server process. Reason: Unity was launched with the -noUpm command-line argument
[Package Manager] Unable to send message (not connected to server process).
[Package Manager] Cannot connect to Unity Package Manager local server
- Finished resetting the current domain, in  2.592 seconds
Domain Reload Profiling: 9545ms
	BeginReloadAssembly (3223ms)
		ExecutionOrderSort (1ms)
		DisableScriptedObjects (75ms)
		BackupInstance (0ms)
		ReleaseScriptingObjects (3ms)
		CreateAndSetChildDomain (663ms)
	RebuildCommonClasses (118ms)
	RebuildNativeTypeToScriptingClass (18ms)
	initialDomainReloadingComplete (90ms)
	LoadAllAssembliesAndSetupDomain (3502ms)
		LoadAssemblies (3806ms)
		RebuildTransferFunctionScriptingTraits (0ms)
		AnalyzeDomain (1577ms)
			TypeCache.Refresh (112ms)
				TypeCache.ScanAssembly (0ms)
			BuildScriptInfoCaches (900ms)
			ResolveRequiredComponents (57ms)
	FinalizeReload (2593ms)
		ReleaseScriptCaches (0ms)
		RebuildScriptCaches (0ms)
		SetupLoadedEditorAssemblies (2023ms)
			LogAssemblyErrors (0ms)
			InitializePlatformSupportModulesInManaged (26ms)
			SetLoadedEditorAssemblies (15ms)
			BeforeProcessingInitializeOnLoad (481ms)
			ProcessInitializeOnLoadAttributes (1119ms)
			ProcessInitializeOnLoadMethodAttributes (367ms)
			AfterProcessingInitializeOnLoad (12ms)
			EditorAssembliesLoaded (2ms)
		ExecutionOrderSort2 (0ms)
		AwakeInstancesAfterBackupRestoration (29ms)
WARNING: Shader Unsupported: 'Ultraleap/LegacyHandShader' - All subshaders removed
WARNING: Shader Did you use #pragma only_renderers and omit this platform?
WARNING: Shader If subshaders removal was intentional, you may have forgotten turning Fallback off?
WARNING: Shader Unsupported: 'Ultraleap/LegacyHandShader' - All subshaders removed
WARNING: Shader Did you use #pragma only_renderers and omit this platform?
WARNING: Shader If subshaders removal was intentional, you may have forgotten turning Fallback off?
Refreshing native plugins compatible for Editor in 21.14 ms, found 0 plugins.
Preloading 0 native plugins for Editor in 0.00 ms.
Unloading 17 Unused Serialized files (Serialized files now loaded: 0)
Unloading 7741 unused Assets / (7.1 MB). Loaded Objects now: 8754.
Memory consumption went from 202.8 MB to 195.7 MB.
Total: 42.695860 ms (FindLiveObjects: 1.827337 ms CreateObjectMapping: 4.217591 ms MarkObjects: 22.039533 ms  DeleteObjects: 14.607091 ms)

Prepare: number of updated asset objects reloaded= 0
========================================================================
Received Prepare
WARNING: Shader Unsupported: 'Ultraleap/LegacyHandShader' - All subshaders removed
WARNING: Shader Did you use #pragma only_renderers and omit this platform?
WARNING: Shader If subshaders removal was intentional, you may have forgotten turning Fallback off?
WARNING: Shader Unsupported: 'Ultraleap/LegacyHandShader' - All subshaders removed
WARNING: Shader Did you use #pragma only_renderers and omit this platform?
WARNING: Shader If subshaders removal was intentional, you may have forgotten turning Fallback off?
Refreshing native plugins compatible for Editor in 6.41 ms, found 0 plugins.
Preloading 0 native plugins for Editor in 0.00 ms.
Unloading 17 Unused Serialized files (Serialized files now loaded: 0)
Unloading 7678 unused Assets / (5.5 MB). Loaded Objects now: 8742.
Memory consumption went from 173.9 MB to 168.4 MB.
Total: 36.529033 ms (FindLiveObjects: 3.210833 ms CreateObjectMapping: 3.201987 ms MarkObjects: 19.610456 ms  DeleteObjects: 10.502461 ms)

Prepare: number of updated asset objects reloaded= 0
========================================================================
Received Prepare
[Licensing::Client] Successfully resolved entitlement details
Begin MonoManager ReloadAssembly
[Licensing::Client] Successfully resolved entitlement details
- Loaded All Assemblies, in  3.975 seconds
Refreshing native plugins compatible for Editor in 14.51 ms, found 0 plugins.
Native extension for LinuxStandalone target not found
Native extension for Android target not found
[Package Manager] Failed to launch server process. Reason: Unity was launched with the -noUpm command-line argument
[Package Manager] Unable to send message (not connected to server process).
[Package Manager] Cannot connect to Unity Package Manager local server
ScheduleIndexationOnStartup MainProcess:False IndexOnStartup:True
Mono: successfully reloaded assembly
[Package Manager] Failed to launch server process. Reason: Unity was launched with the -noUpm command-line argument
[Package Manager] Unable to send message (not connected to server process).
[Package Manager] Cannot connect to Unity Package Manager local server
- Finished resetting the current domain, in  3.104 seconds
Domain Reload Profiling: 7094ms
	BeginReloadAssembly (1232ms)
		ExecutionOrderSort (0ms)
		DisableScriptedObjects (14ms)
		BackupInstance (0ms)
		ReleaseScriptingObjects (2ms)
		CreateAndSetChildDomain (268ms)
	RebuildCommonClasses (117ms)
	RebuildNativeTypeToScriptingClass (21ms)
	initialDomainReloadingComplete (144ms)
	LoadAllAssembliesAndSetupDomain (2476ms)
		LoadAssemblies (2544ms)
		RebuildTransferFunctionScriptingTraits (0ms)
		AnalyzeDomain (665ms)
			TypeCache.Refresh (56ms)
				TypeCache.ScanAssembly (3ms)
			BuildScriptInfoCaches (542ms)
			ResolveRequiredComponents (24ms)
	FinalizeReload (3105ms)
		ReleaseScriptCaches (0ms)
		RebuildScriptCaches (0ms)
		SetupLoadedEditorAssemblies (2663ms)
			LogAssemblyErrors (0ms)
			InitializePlatformSupportModulesInManaged (26ms)
			SetLoadedEditorAssemblies (13ms)
			BeforeProcessingInitializeOnLoad (387ms)
			ProcessInitializeOnLoadAttributes (1893ms)
			ProcessInitializeOnLoadMethodAttributes (335ms)
			AfterProcessingInitializeOnLoad (10ms)
			EditorAssembliesLoaded (1ms)
		ExecutionOrderSort2 (0ms)
		AwakeInstancesAfterBackupRestoration (39ms)
WARNING: Shader Unsupported: 'Ultraleap/LegacyHandShader' - All subshaders removed
WARNING: Shader Did you use #pragma only_renderers and omit this platform?
WARNING: Shader If subshaders removal was intentional, you may have forgotten turning Fallback off?
WARNING: Shader Unsupported: 'Ultraleap/LegacyHandShader' - All subshaders removed
WARNING: Shader Did you use #pragma only_renderers and omit this platform?
WARNING: Shader If subshaders removal was intentional, you may have forgotten turning Fallback off?
Refreshing native plugins compatible for Editor in 5.75 ms, found 0 plugins.
Preloading 0 native plugins for Editor in 0.00 ms.
Unloading 17 Unused Serialized files (Serialized files now loaded: 0)
Unloading 7741 unused Assets / (5.1 MB). Loaded Objects now: 8757.
Memory consumption went from 202.9 MB to 197.7 MB.
Total: 20.453628 ms (FindLiveObjects: 1.382032 ms CreateObjectMapping: 1.368286 ms MarkObjects: 12.460955 ms  DeleteObjects: 5.239328 ms)

Prepare: number of updated asset objects reloaded= 0
========================================================================
Received Import Request.
  Time since last request: 4298.803099 seconds.
  path: Assets/Main/Scripts/chunktesting/Column.prefab
  artifactKey: Guid(795e23c81bf95bb0dae62efae8511a81) Importer(815301076,1909f56bfc062723c751e8b465ee728b)
Start importing Assets/Main/Scripts/chunktesting/Column.prefab using Guid(795e23c81bf95bb0dae62efae8511a81) Importer(815301076,1909f56bfc062723c751e8b465ee728b) (PreviewImporter) -> (artifact id: '81a3de9afb5a12848b5d437a65a035ad') in 1.034033436 seconds
Number of updated asset objects reloaded before import = 0Number of asset objects unloaded after import = 48

========================================================================
Received Prepare
WARNING: Shader Unsupported: 'Ultraleap/LegacyHandShader' - All subshaders removed
WARNING: Shader Did you use #pragma only_renderers and omit this platform?
WARNING: Shader If subshaders removal was intentional, you may have forgotten turning Fallback off?
WARNING: Shader Unsupported: 'Ultraleap/LegacyHandShader' - All subshaders removed
WARNING: Shader Did you use #pragma only_renderers and omit this platform?
WARNING: Shader If subshaders removal was intentional, you may have forgotten turning Fallback off?
Refreshing native plugins compatible for Editor in 6.74 ms, found 0 plugins.
Preloading 0 native plugins for Editor in 0.00 ms.
Unloading 17 Unused Serialized files (Serialized files now loaded: 0)
Unloading 18 unused Assets / (1.9 MB). Loaded Objects now: 8855.
Memory consumption went from 170.3 MB to 168.4 MB.
Total: 24.092333 ms (FindLiveObjects: 0.950092 ms CreateObjectMapping: 0.430598 ms MarkObjects: 20.516526 ms  DeleteObjects: 2.191721 ms)

Prepare: number of updated asset objects reloaded= 0
========================================================================
Received Import Request.
  Time since last request: 13.660870 seconds.
  path: Assets/Main/Scripts/chunktesting/Column.prefab
  artifactKey: Guid(795e23c81bf95bb0dae62efae8511a81) Importer(815301076,1909f56bfc062723c751e8b465ee728b)
Start importing Assets/Main/Scripts/chunktesting/Column.prefab using Guid(795e23c81bf95bb0dae62efae8511a81) Importer(815301076,1909f56bfc062723c751e8b465ee728b) (PreviewImporter) -> (artifact id: 'dfd85f5b94f8fc54e2a9a1ee109d5e08') in 0.230509109 seconds
Number of updated asset objects reloaded before import = 0Number of asset objects unloaded after import = 48

========================================================================
Received Import Request.
  Time since last request: 1.786743 seconds.
  path: Assets/Main/Scripts/chunktesting/Word.prefab
  artifactKey: Guid(a9cc835dc3f39413790792717808509c) Importer(815301076,1909f56bfc062723c751e8b465ee728b)
Start importing Assets/Main/Scripts/chunktesting/Word.prefab using Guid(a9cc835dc3f39413790792717808509c) Importer(815301076,1909f56bfc062723c751e8b465ee728b) (PreviewImporter) -> (artifact id: '11916b7211d7276f30703e984285c74b') in 0.051139329 seconds
Number of updated asset objects reloaded before import = 0Number of asset objects unloaded after import = 48

========================================================================
Received Import Request.
  Time since last request: 8.219130 seconds.
  path: Assets/Main/Scripts/chunktesting/Word.prefab
  artifactKey: Guid(a9cc835dc3f39413790792717808509c) Importer(815301076,1909f56bfc062723c751e8b465ee728b)
Start importing Assets/Main/Scripts/chunktesting/Word.prefab using Guid(a9cc835dc3f39413790792717808509c) Importer(815301076,1909f56bfc062723c751e8b465ee728b) (PreviewImporter) -> (artifact id: '3d8aa051ddd321ecadd44a90bcc54af9') in 0.041915617 seconds
Number of updated asset objects reloaded before import = 0Number of asset objects unloaded after import = 48

========================================================================
Received Import Request.
  Time since last request: 4.812918 seconds.
  path: Assets/Main/Scripts/chunktesting/Word.prefab
  artifactKey: Guid(a9cc835dc3f39413790792717808509c) Importer(815301076,1909f56bfc062723c751e8b465ee728b)
Start importing Assets/Main/Scripts/chunktesting/Word.prefab using Guid(a9cc835dc3f39413790792717808509c) Importer(815301076,1909f56bfc062723c751e8b465ee728b) (PreviewImporter) -> (artifact id: '93543f92c17aed89d4c43d5edf7d9e71') in 0.040562338 seconds
Number of updated asset objects reloaded before import = 0Number of asset objects unloaded after import = 48

========================================================================
Received Import Request.
  Time since last request: 3.057322 seconds.
  path: Assets/Main/Scripts/chunktesting/Word.prefab
  artifactKey: Guid(a9cc835dc3f39413790792717808509c) Importer(815301076,1909f56bfc062723c751e8b465ee728b)
Start importing Assets/Main/Scripts/chunktesting/Word.prefab using Guid(a9cc835dc3f39413790792717808509c) Importer(815301076,1909f56bfc062723c751e8b465ee728b) (PreviewImporter) -> (artifact id: '03be47afac270f278c30b43639f6476d') in 0.052629695 seconds
Number of updated asset objects reloaded before import = 0Number of asset objects unloaded after import = 48

========================================================================
Received Import Request.
  Time since last request: 1.874849 seconds.
  path: Assets/Main/Scripts/chunktesting/Word.prefab
  artifactKey: Guid(a9cc835dc3f39413790792717808509c) Importer(815301076,1909f56bfc062723c751e8b465ee728b)
Start importing Assets/Main/Scripts/chunktesting/Word.prefab using Guid(a9cc835dc3f39413790792717808509c) Importer(815301076,1909f56bfc062723c751e8b465ee728b) (PreviewImporter) -> (artifact id: 'fb78cb1dc77b8f97d277516c7929d509') in 0.04124009 seconds
Number of updated asset objects reloaded before import = 0Number of asset objects unloaded after import = 48

========================================================================
Received Import Request.
  Time since last request: 2.603795 seconds.
  path: Assets/Main/Tablet.prefab
  artifactKey: Guid(bbea684262453c72380e9b0df52b7d44) Importer(815301076,1909f56bfc062723c751e8b465ee728b)
Start importing Assets/Main/Tablet.prefab using Guid(bbea684262453c72380e9b0df52b7d44) Importer(815301076,1909f56bfc062723c751e8b465ee728b) (PreviewImporter) -> (artifact id: '77ec0042dad1101842ef2787b8944669') in 0.045475706 seconds
Number of updated asset objects reloaded before import = 0Number of asset objects unloaded after import = 60

========================================================================
Received Import Request.
  Time since last request: 1.595790 seconds.
  path: Assets/Main/MainExperiment.unity
  artifactKey: Guid(3f854d4c273fb81b8a6b56f3497af1a9) Importer(815301076,1909f56bfc062723c751e8b465ee728b)
Start importing Assets/Main/MainExperiment.unity using Guid(3f854d4c273fb81b8a6b56f3497af1a9) Importer(815301076,1909f56bfc062723c751e8b465ee728b) (PreviewImporter) -> (artifact id: 'b9cd7835f42886e9122abbf01e6e1130') in 0.001665765 seconds
Number of updated asset objects reloaded before import = 0Number of asset objects unloaded after import = 0

========================================================================
Received Import Request.
  Time since last request: 27.792639 seconds.
  path: Assets/Main/ExperimentResults/participant_001_20260401_102744.csv
  artifactKey: Guid(c0922b5e6cb52a7a5a1cbff9f383dfaf) Importer(815301076,1909f56bfc062723c751e8b465ee728b)
Start importing Assets/Main/ExperimentResults/participant_001_20260401_102744.csv using Guid(c0922b5e6cb52a7a5a1cbff9f383dfaf) Importer(815301076,1909f56bfc062723c751e8b465ee728b) (PreviewImporter) -> (artifact id: '3b40e2f8812c33af2916009353030a49') in 0.008695782 seconds
Number of updated asset objects reloaded before import = 0Number of asset objects unloaded after import = 1

========================================================================
Received Import Request.
  Time since last request: 0.752248 seconds.
  path: Assets/Main/ExperimentResults/Unity
  artifactKey: Guid(5b6ee9f24302aa838aaec4244802a0e3) Importer(815301076,1909f56bfc062723c751e8b465ee728b)
Start importing Assets/Main/ExperimentResults/Unity using Guid(5b6ee9f24302aa838aaec4244802a0e3) Importer(815301076,1909f56bfc062723c751e8b465ee728b) (PreviewImporter) -> (artifact id: '0925129ce56425051e27e51148b1b58c') in 0.004945306 seconds
Number of updated asset objects reloaded before import = 0Number of asset objects unloaded after import = 0

========================================================================
Received Import Request.
  Time since last request: 81.040994 seconds.
  path: Assets/Main/Scripts/tablet.cs
  artifactKey: Guid(b381ca215e2bdf886851c8f802a3402c) Importer(2089858483,b0f066a214c2f5e87bad3c948f4d605d)
Start importing Assets/Main/Scripts/tablet.cs using Guid(b381ca215e2bdf886851c8f802a3402c) Importer(2089858483,b0f066a214c2f5e87bad3c948f4d605d) (ScriptedImporter) -> (artifact id: '7ce4a4bcfdbe0cb742a2c99019a34261') in 0.214862639 seconds
Number of updated asset objects reloaded before import = 0Number of asset objects unloaded after import = 0

========================================================================
Received Import Request.
  Time since last request: 0.235797 seconds.
  path: Assets/Main/Scripts/TrialScene.cs
  artifactKey: Guid(c8a2c954dc58e3ff99b4ce10b282586e) Importer(2089858483,b0f066a214c2f5e87bad3c948f4d605d)
Start importing Assets/Main/Scripts/TrialScene.cs using Guid(c8a2c954dc58e3ff99b4ce10b282586e) Importer(2089858483,b0f066a214c2f5e87bad3c948f4d605d) (ScriptedImporter) -> (artifact id: '3ef721b600f5ac890405140f6c34ccfe') in 0.008595925 seconds
Number of updated asset objects reloaded before import = 0Number of asset objects unloaded after import = 0

========================================================================
Received Import Request.
  Time since last request: 0.000069 seconds.
  path: Assets/Main/Scripts/chunktesting/Word.prefab
  artifactKey: Guid(a9cc835dc3f39413790792717808509c) Importer(2089858483,b0f066a214c2f5e87bad3c948f4d605d)
Start importing Assets/Main/Scripts/chunktesting/Word.prefab using Guid(a9cc835dc3f39413790792717808509c) Importer(2089858483,b0f066a214c2f5e87bad3c948f4d605d) (ScriptedImporter) -> (artifact id: 'a53b7bb7744764e6bdd5730534d62fc8') in 0.13832703 seconds
Number of updated asset objects reloaded before import = 0Number of asset objects unloaded after import = 30

========================================================================
Received Import Request.
  Time since last request: 0.248760 seconds.
  path: Assets/Main/Scripts/chunktesting/TestingEnviornmentManager.cs
  artifactKey: Guid(ddb9c73523958a14da9a8de541450f82) Importer(2089858483,b0f066a214c2f5e87bad3c948f4d605d)
Start importing Assets/Main/Scripts/chunktesting/TestingEnviornmentManager.cs using Guid(ddb9c73523958a14da9a8de541450f82) Importer(2089858483,b0f066a214c2f5e87bad3c948f4d605d) (ScriptedImporter) -> (artifact id: 'f036d6de8d97a6468d8ab054a6c38bf4') in 0.007179948 seconds
Number of updated asset objects reloaded before import = 0Number of asset objects unloaded after import = 0

========================================================================
Received Import Request.
  Time since last request: 0.000059 seconds.
  path: Assets/Main/Scripts/chunktesting/Column.prefab
  artifactKey: Guid(795e23c81bf95bb0dae62efae8511a81) Importer(2089858483,b0f066a214c2f5e87bad3c948f4d605d)
Start importing Assets/Main/Scripts/chunktesting/Column.prefab using Guid(795e23c81bf95bb0dae62efae8511a81) Importer(2089858483,b0f066a214c2f5e87bad3c948f4d605d) (ScriptedImporter) -> (artifact id: '0bf6c5c8888fff65b650029d90bcba9b') in 0.098696769 seconds
Number of updated asset objects reloaded before import = 0Number of asset objects unloaded after import = 30

========================================================================
Received Import Request.
  Time since last request: 64.705851 seconds.
  path: Assets/Main/Scripts/chunktesting/Word.prefab
  artifactKey: Guid(a9cc835dc3f39413790792717808509c) Importer(815301076,1909f56bfc062723c751e8b465ee728b)
Start importing Assets/Main/Scripts/chunktesting/Word.prefab using Guid(a9cc835dc3f39413790792717808509c) Importer(815301076,1909f56bfc062723c751e8b465ee728b) (PreviewImporter) -> (artifact id: '468925d97e0990c4c576993bf5a3c394') in 0.160440361 seconds
Number of updated asset objects reloaded before import = 0Number of asset objects unloaded after import = 48

========================================================================
Received Import Request.
  Time since last request: 0.664697 seconds.
  path: Assets/Main/Scripts/chunktesting/Word.prefab
  artifactKey: Guid(a9cc835dc3f39413790792717808509c) Importer(2089858483,b0f066a214c2f5e87bad3c948f4d605d)
Start importing Assets/Main/Scripts/chunktesting/Word.prefab using Guid(a9cc835dc3f39413790792717808509c) Importer(2089858483,b0f066a214c2f5e87bad3c948f4d605d) (ScriptedImporter) -> (artifact id: '0214210ea2aa8c5a50d95e4ff73144c4') in 0.031823486 seconds
Number of updated asset objects reloaded before import = 0Number of asset objects unloaded after import = 30

========================================================================
Received Import Request.
  Time since last request: 2.796892 seconds.
  path: Assets/Main/Scripts/chunktesting/Word.prefab
  artifactKey: Guid(a9cc835dc3f39413790792717808509c) Importer(815301076,1909f56bfc062723c751e8b465ee728b)
Start importing Assets/Main/Scripts/chunktesting/Word.prefab using Guid(a9cc835dc3f39413790792717808509c) Importer(815301076,1909f56bfc062723c751e8b465ee728b) (PreviewImporter) -> (artifact id: '4fa561d5e29af1363f8cc290eb790e2f') in 0.056894746 seconds
Number of updated asset objects reloaded before import = 0Number of asset objects unloaded after import = 48

========================================================================
Received Import Request.
  Time since last request: 0.773409 seconds.
  path: Assets/Main/Scripts/chunktesting/Word.prefab
  artifactKey: Guid(a9cc835dc3f39413790792717808509c) Importer(2089858483,b0f066a214c2f5e87bad3c948f4d605d)
Start importing Assets/Main/Scripts/chunktesting/Word.prefab using Guid(a9cc835dc3f39413790792717808509c) Importer(2089858483,b0f066a214c2f5e87bad3c948f4d605d) (ScriptedImporter) -> (artifact id: '0e14d1c50dd49b2b8d0d301cd77a963f') in 0.032361175 seconds
Number of updated asset objects reloaded before import = 0Number of asset objects unloaded after import = 30

========================================================================
Received Import Request.
  Time since last request: 6.483475 seconds.
  path: Assets/Main/Scripts/chunktesting/Word.prefab
  artifactKey: Guid(a9cc835dc3f39413790792717808509c) Importer(815301076,1909f56bfc062723c751e8b465ee728b)
Start importing Assets/Main/Scripts/chunktesting/Word.prefab using Guid(a9cc835dc3f39413790792717808509c) Importer(815301076,1909f56bfc062723c751e8b465ee728b) (PreviewImporter) -> (artifact id: 'adebc8ac05be9f6f85b3027176cca7e2') in 0.061500155 seconds
Number of updated asset objects reloaded before import = 0Number of asset objects unloaded after import = 48

========================================================================
Received Import Request.
  Time since last request: 0.811063 seconds.
  path: Assets/Main/Scripts/chunktesting/Word.prefab
  artifactKey: Guid(a9cc835dc3f39413790792717808509c) Importer(2089858483,b0f066a214c2f5e87bad3c948f4d605d)
Start importing Assets/Main/Scripts/chunktesting/Word.prefab using Guid(a9cc835dc3f39413790792717808509c) Importer(2089858483,b0f066a214c2f5e87bad3c948f4d605d) (ScriptedImporter) -> (artifact id: '13d3bb290aafb23efce46e31b7250bfe') in 0.253392255 seconds
Number of updated asset objects reloaded before import = 0Number of asset objects unloaded after import = 30

========================================================================
Received Import Request.
  Time since last request: 1.375715 seconds.
  path: Assets/Main/Scripts/chunktesting/Word.prefab
  artifactKey: Guid(a9cc835dc3f39413790792717808509c) Importer(815301076,1909f56bfc062723c751e8b465ee728b)
Start importing Assets/Main/Scripts/chunktesting/Word.prefab using Guid(a9cc835dc3f39413790792717808509c) Importer(815301076,1909f56bfc062723c751e8b465ee728b) (PreviewImporter) -> (artifact id: '669459e2d66b2eedf2f2a28be84d95a1') in 0.042820324 seconds
Number of updated asset objects reloaded before import = 0Number of asset objects unloaded after import = 48

========================================================================
Received Import Request.
  Time since last request: 0.833468 seconds.
  path: Assets/Main/Scripts/chunktesting/Word.prefab
  artifactKey: Guid(a9cc835dc3f39413790792717808509c) Importer(2089858483,b0f066a214c2f5e87bad3c948f4d605d)
Start importing Assets/Main/Scripts/chunktesting/Word.prefab using Guid(a9cc835dc3f39413790792717808509c) Importer(2089858483,b0f066a214c2f5e87bad3c948f4d605d) (ScriptedImporter) -> (artifact id: '9acee3d61931ceb5500ac6fd826b6bca') in 0.030878944 seconds
Number of updated asset objects reloaded before import = 0Number of asset objects unloaded after import = 30

========================================================================
Received Import Request.
  Time since last request: 1.541511 seconds.
  path: Assets/Main/Scripts/chunktesting/Word.prefab
  artifactKey: Guid(a9cc835dc3f39413790792717808509c) Importer(815301076,1909f56bfc062723c751e8b465ee728b)
Start importing Assets/Main/Scripts/chunktesting/Word.prefab using Guid(a9cc835dc3f39413790792717808509c) Importer(815301076,1909f56bfc062723c751e8b465ee728b) (PreviewImporter) -> (artifact id: '43fc370ed5081fac1833755c6c19fd2a') in 0.045846882 seconds
Number of updated asset objects reloaded before import = 0Number of asset objects unloaded after import = 48

========================================================================
Received Import Request.
  Time since last request: 0.820698 seconds.
  path: Assets/Main/Scripts/chunktesting/Word.prefab
  artifactKey: Guid(a9cc835dc3f39413790792717808509c) Importer(2089858483,b0f066a214c2f5e87bad3c948f4d605d)
Start importing Assets/Main/Scripts/chunktesting/Word.prefab using Guid(a9cc835dc3f39413790792717808509c) Importer(2089858483,b0f066a214c2f5e87bad3c948f4d605d) (ScriptedImporter) -> (artifact id: '3d40fce0b1874b0bdfc60f449c94bbae') in 0.028470987 seconds
Number of updated asset objects reloaded before import = 0Number of asset objects unloaded after import = 30

========================================================================
Received Import Request.
  Time since last request: 3.177223 seconds.
  path: Assets/Main/Scripts/chunktesting/Word.prefab
  artifactKey: Guid(a9cc835dc3f39413790792717808509c) Importer(815301076,1909f56bfc062723c751e8b465ee728b)
Start importing Assets/Main/Scripts/chunktesting/Word.prefab using Guid(a9cc835dc3f39413790792717808509c) Importer(815301076,1909f56bfc062723c751e8b465ee728b) (PreviewImporter) -> (artifact id: '3828fc7170b700ff13bd8f6f5ec079b3') in 0.042577068 seconds
Number of updated asset objects reloaded before import = 0Number of asset objects unloaded after import = 48

========================================================================
Received Import Request.
  Time since last request: 0.784674 seconds.
  path: Assets/Main/Scripts/chunktesting/Word.prefab
  artifactKey: Guid(a9cc835dc3f39413790792717808509c) Importer(2089858483,b0f066a214c2f5e87bad3c948f4d605d)
Start importing Assets/Main/Scripts/chunktesting/Word.prefab using Guid(a9cc835dc3f39413790792717808509c) Importer(2089858483,b0f066a214c2f5e87bad3c948f4d605d) (ScriptedImporter) -> (artifact id: 'a267a5e3d405dd56e18829e9afc47824') in 0.034726531 seconds
Number of updated asset objects reloaded before import = 0Number of asset objects unloaded after import = 30

========================================================================
Received Import Request.
  Time since last request: 8.860474 seconds.
  path: Assets/Main/Scripts/chunktesting/Word.prefab
  artifactKey: Guid(a9cc835dc3f39413790792717808509c) Importer(815301076,1909f56bfc062723c751e8b465ee728b)
Start importing Assets/Main/Scripts/chunktesting/Word.prefab using Guid(a9cc835dc3f39413790792717808509c) Importer(815301076,1909f56bfc062723c751e8b465ee728b) (PreviewImporter) -> (artifact id: '1a7d3b28e600bb09f89348ca33c74e81') in 0.059321408 seconds
Number of updated asset objects reloaded before import = 0Number of asset objects unloaded after import = 48

========================================================================
Received Import Request.
  Time since last request: 0.809926 seconds.
  path: Assets/Main/Scripts/chunktesting/Word.prefab
  artifactKey: Guid(a9cc835dc3f39413790792717808509c) Importer(2089858483,b0f066a214c2f5e87bad3c948f4d605d)
Start importing Assets/Main/Scripts/chunktesting/Word.prefab using Guid(a9cc835dc3f39413790792717808509c) Importer(2089858483,b0f066a214c2f5e87bad3c948f4d605d) (ScriptedImporter) -> (artifact id: '93fedfbcf977d871c885e331399dfdc2') in 0.050895552 seconds
Number of updated asset objects reloaded before import = 0Number of asset objects unloaded after import = 30

========================================================================
Received Import Request.
  Time since last request: 1.462084 seconds.
  path: Assets/Main/Scripts/chunktesting/Word.prefab
  artifactKey: Guid(a9cc835dc3f39413790792717808509c) Importer(815301076,1909f56bfc062723c751e8b465ee728b)
Start importing Assets/Main/Scripts/chunktesting/Word.prefab using Guid(a9cc835dc3f39413790792717808509c) Importer(815301076,1909f56bfc062723c751e8b465ee728b) (PreviewImporter) -> (artifact id: '94d937d3a5258ede21de4b51a0ca23f2') in 0.1002643 seconds
Number of updated asset objects reloaded before import = 0Number of asset objects unloaded after import = 48

========================================================================
Received Import Request.
  Time since last request: 0.715063 seconds.
  path: Assets/Main/Scripts/chunktesting/Word.prefab
  artifactKey: Guid(a9cc835dc3f39413790792717808509c) Importer(2089858483,b0f066a214c2f5e87bad3c948f4d605d)
Start importing Assets/Main/Scripts/chunktesting/Word.prefab using Guid(a9cc835dc3f39413790792717808509c) Importer(2089858483,b0f066a214c2f5e87bad3c948f4d605d) (ScriptedImporter) -> (artifact id: '168b43f2b40357ea1de7aa8f025e57d0') in 0.29582413 seconds
Number of updated asset objects reloaded before import = 0Number of asset objects unloaded after import = 30

========================================================================
Received Import Request.
  Time since last request: 1.353520 seconds.
  path: Assets/Main/Scripts/chunktesting/Word.prefab
  artifactKey: Guid(a9cc835dc3f39413790792717808509c) Importer(815301076,1909f56bfc062723c751e8b465ee728b)
Start importing Assets/Main/Scripts/chunktesting/Word.prefab using Guid(a9cc835dc3f39413790792717808509c) Importer(815301076,1909f56bfc062723c751e8b465ee728b) (PreviewImporter) -> (artifact id: 'fe6c7edc6ba550c1c4c3940bb696ce61') in 0.04922041 seconds
Number of updated asset objects reloaded before import = 0Number of asset objects unloaded after import = 48

========================================================================
Received Import Request.
  Time since last request: 1.220088 seconds.
  path: Assets/Main/Scripts/chunktesting/Word.prefab
  artifactKey: Guid(a9cc835dc3f39413790792717808509c) Importer(815301076,1909f56bfc062723c751e8b465ee728b)
Start importing Assets/Main/Scripts/chunktesting/Word.prefab using Guid(a9cc835dc3f39413790792717808509c) Importer(815301076,1909f56bfc062723c751e8b465ee728b) (PreviewImporter) -> (artifact id: 'bd98147339e379a42e950256e4341b54') in 0.048845697 seconds
Number of updated asset objects reloaded before import = 0Number of asset objects unloaded after import = 48

========================================================================
Received Import Request.
  Time since last request: 0.731241 seconds.
  path: Assets/Main/Scripts/chunktesting/Word.prefab
  artifactKey: Guid(a9cc835dc3f39413790792717808509c) Importer(2089858483,b0f066a214c2f5e87bad3c948f4d605d)
Start importing Assets/Main/Scripts/chunktesting/Word.prefab using Guid(a9cc835dc3f39413790792717808509c) Importer(2089858483,b0f066a214c2f5e87bad3c948f4d605d) (ScriptedImporter) -> (artifact id: 'ed6e2cbbdb7e5e67535e7aebadd83292') in 0.134039698 seconds
Number of updated asset objects reloaded before import = 0Number of asset objects unloaded after import = 30

========================================================================
Received Import Request.
  Time since last request: 2.866857 seconds.
  path: Assets/Main/MainExperiment.unity
  artifactKey: Guid(3f854d4c273fb81b8a6b56f3497af1a9) Importer(815301076,1909f56bfc062723c751e8b465ee728b)
Start importing Assets/Main/MainExperiment.unity using Guid(3f854d4c273fb81b8a6b56f3497af1a9) Importer(815301076,1909f56bfc062723c751e8b465ee728b) (PreviewImporter) -> (artifact id: 'e7c36100673380dc10beda6ca894ad9b') in 0.004982637 seconds
Number of updated asset objects reloaded before import = 0Number of asset objects unloaded after import = 0

========================================================================
Received Prepare
[Licensing::Client] Successfully resolved entitlement details
Begin MonoManager ReloadAssembly
[Licensing::Client] Successfully resolved entitlement details
- Loaded All Assemblies, in  9.514 seconds
Refreshing native plugins compatible for Editor in 6.96 ms, found 0 plugins.
Native extension for LinuxStandalone target not found
Native extension for Android target not found
[Package Manager] Failed to launch server process. Reason: Unity was launched with the -noUpm command-line argument
[Package Manager] Unable to send message (not connected to server process).
[Package Manager] Cannot connect to Unity Package Manager local server
ScheduleIndexationOnStartup MainProcess:False IndexOnStartup:True
Mono: successfully reloaded assembly
[Package Manager] Failed to launch server process. Reason: Unity was launched with the -noUpm command-line argument
[Package Manager] Unable to send message (not connected to server process).
[Package Manager] Cannot connect to Unity Package Manager local server
- Finished resetting the current domain, in  3.686 seconds
Domain Reload Profiling: 13253ms
	BeginReloadAssembly (5324ms)
		ExecutionOrderSort (0ms)
		DisableScriptedObjects (155ms)
		BackupInstance (0ms)
		ReleaseScriptingObjects (5ms)
		CreateAndSetChildDomain (2297ms)
	RebuildCommonClasses (853ms)
	RebuildNativeTypeToScriptingClass (22ms)
	initialDomainReloadingComplete (86ms)
	LoadAllAssembliesAndSetupDomain (3281ms)
		LoadAssemblies (4386ms)
		RebuildTransferFunctionScriptingTraits (0ms)
		AnalyzeDomain (1114ms)
			TypeCache.Refresh (43ms)
				TypeCache.ScanAssembly (0ms)
			BuildScriptInfoCaches (882ms)
			ResolveRequiredComponents (38ms)
	FinalizeReload (3687ms)
		ReleaseScriptCaches (0ms)
		RebuildScriptCaches (0ms)
		SetupLoadedEditorAssemblies (3073ms)
			LogAssemblyErrors (0ms)
			InitializePlatformSupportModulesInManaged (41ms)
			SetLoadedEditorAssemblies (24ms)
			BeforeProcessingInitializeOnLoad (511ms)
			ProcessInitializeOnLoadAttributes (1764ms)
			ProcessInitializeOnLoadMethodAttributes (510ms)
			AfterProcessingInitializeOnLoad (221ms)
			EditorAssembliesLoaded (1ms)
		ExecutionOrderSort2 (0ms)
		AwakeInstancesAfterBackupRestoration (60ms)
WARNING: Shader Unsupported: 'Ultraleap/LegacyHandShader' - All subshaders removed
WARNING: Shader Did you use #pragma only_renderers and omit this platform?
WARNING: Shader If subshaders removal was intentional, you may have forgotten turning Fallback off?
WARNING: Shader Unsupported: 'Ultraleap/LegacyHandShader' - All subshaders removed
WARNING: Shader Did you use #pragma only_renderers and omit this platform?
WARNING: Shader If subshaders removal was intentional, you may have forgotten turning Fallback off?
Refreshing native plugins compatible for Editor in 5.62 ms, found 0 plugins.
Preloading 0 native plugins for Editor in 0.00 ms.
Unloading 17 Unused Serialized files (Serialized files now loaded: 0)
Unloading 7742 unused Assets / (6.5 MB). Loaded Objects now: 8799.
Memory consumption went from 203.1 MB to 196.6 MB.
Total: 34.900658 ms (FindLiveObjects: 1.390018 ms CreateObjectMapping: 2.093507 ms MarkObjects: 20.606905 ms  DeleteObjects: 10.804839 ms)

Prepare: number of updated asset objects reloaded= 0
========================================================================
Received Prepare
WARNING: Shader Unsupported: 'Ultraleap/LegacyHandShader' - All subshaders removed
WARNING: Shader Did you use #pragma only_renderers and omit this platform?
WARNING: Shader If subshaders removal was intentional, you may have forgotten turning Fallback off?
WARNING: Shader Unsupported: 'Ultraleap/LegacyHandShader' - All subshaders removed
WARNING: Shader Did you use #pragma only_renderers and omit this platform?
WARNING: Shader If subshaders removal was intentional, you may have forgotten turning Fallback off?
Refreshing native plugins compatible for Editor in 6.67 ms, found 0 plugins.
Preloading 0 native plugins for Editor in 0.00 ms.
Unloading 17 Unused Serialized files (Serialized files now loaded: 0)
Unloading 7678 unused Assets / (7.0 MB). Loaded Objects now: 8787.
Memory consumption went from 174.0 MB to 167.0 MB.
Total: 483.537862 ms (FindLiveObjects: 7.147077 ms CreateObjectMapping: 1.303415 ms MarkObjects: 466.469384 ms  DeleteObjects: 8.615321 ms)

Prepare: number of updated asset objects reloaded= 0
========================================================================
Received Prepare
[Licensing::Client] Successfully resolved entitlement details
Begin MonoManager ReloadAssembly
[Licensing::Client] Successfully resolved entitlement details
- Loaded All Assemblies, in  5.496 seconds
Refreshing native plugins compatible for Editor in 7.05 ms, found 0 plugins.
Native extension for LinuxStandalone target not found
Native extension for Android target not found
[Package Manager] Failed to launch server process. Reason: Unity was launched with the -noUpm command-line argument
[Package Manager] Unable to send message (not connected to server process).
[Package Manager] Cannot connect to Unity Package Manager local server
ScheduleIndexationOnStartup MainProcess:False IndexOnStartup:True
Mono: successfully reloaded assembly
[Package Manager] Failed to launch server process. Reason: Unity was launched with the -noUpm command-line argument
[Package Manager] Unable to send message (not connected to server process).
[Package Manager] Cannot connect to Unity Package Manager local server
- Finished resetting the current domain, in  2.501 seconds
Domain Reload Profiling: 8038ms
	BeginReloadAssembly (2627ms)
		ExecutionOrderSort (0ms)
		DisableScriptedObjects (82ms)
		BackupInstance (0ms)
		ReleaseScriptingObjects (1ms)
		CreateAndSetChildDomain (850ms)
	RebuildCommonClasses (110ms)
	RebuildNativeTypeToScriptingClass (21ms)
	initialDomainReloadingComplete (96ms)
	LoadAllAssembliesAndSetupDomain (2682ms)
		LoadAssemblies (2787ms)
		RebuildTransferFunctionScriptingTraits (0ms)
		AnalyzeDomain (1041ms)
			TypeCache.Refresh (116ms)
				TypeCache.ScanAssembly (3ms)
			BuildScriptInfoCaches (782ms)
			ResolveRequiredComponents (44ms)
	FinalizeReload (2502ms)
		ReleaseScriptCaches (0ms)
		RebuildScriptCaches (0ms)
		SetupLoadedEditorAssemblies (2068ms)
			LogAssemblyErrors (0ms)
			InitializePlatformSupportModulesInManaged (21ms)
			SetLoadedEditorAssemblies (16ms)
			BeforeProcessingInitializeOnLoad (338ms)
			ProcessInitializeOnLoadAttributes (1378ms)
			ProcessInitializeOnLoadMethodAttributes (300ms)
			AfterProcessingInitializeOnLoad (12ms)
			EditorAssembliesLoaded (2ms)
		ExecutionOrderSort2 (0ms)
		AwakeInstancesAfterBackupRestoration (33ms)
WARNING: Shader Unsupported: 'Ultraleap/LegacyHandShader' - All subshaders removed
WARNING: Shader Did you use #pragma only_renderers and omit this platform?
WARNING: Shader If subshaders removal was intentional, you may have forgotten turning Fallback off?
WARNING: Shader Unsupported: 'Ultraleap/LegacyHandShader' - All subshaders removed
WARNING: Shader Did you use #pragma only_renderers and omit this platform?
WARNING: Shader If subshaders removal was intentional, you may have forgotten turning Fallback off?
Refreshing native plugins compatible for Editor in 11.26 ms, found 0 plugins.
Preloading 0 native plugins for Editor in 0.00 ms.
Unloading 17 Unused Serialized files (Serialized files now loaded: 0)
Unloading 7741 unused Assets / (6.2 MB). Loaded Objects now: 8802.
Memory consumption went from 203.0 MB to 196.8 MB.
Total: 28.963791 ms (FindLiveObjects: 2.228710 ms CreateObjectMapping: 2.096983 ms MarkObjects: 16.375598 ms  DeleteObjects: 8.258171 ms)

Prepare: number of updated asset objects reloaded= 0
========================================================================
Received Prepare
Begin MonoManager ReloadAssembly
- Loaded All Assemblies, in  1.555 seconds
Refreshing native plugins compatible for Editor in 6.06 ms, found 0 plugins.
Native extension for LinuxStandalone target not found
Native extension for Android target not found
[Package Manager] Failed to launch server process. Reason: Unity was launched with the -noUpm command-line argument
[Package Manager] Unable to send message (not connected to server process).
[Package Manager] Cannot connect to Unity Package Manager local server
ScheduleIndexationOnStartup MainProcess:False IndexOnStartup:True
Mono: successfully reloaded assembly
[Package Manager] Failed to launch server process. Reason: Unity was launched with the -noUpm command-line argument
[Package Manager] Unable to send message (not connected to server process).
[Package Manager] Cannot connect to Unity Package Manager local server
- Finished resetting the current domain, in  2.021 seconds
Domain Reload Profiling: 3573ms
	BeginReloadAssembly (389ms)
		ExecutionOrderSort (0ms)
		DisableScriptedObjects (9ms)
		BackupInstance (0ms)
		ReleaseScriptingObjects (1ms)
		CreateAndSetChildDomain (135ms)
	RebuildCommonClasses (89ms)
	RebuildNativeTypeToScriptingClass (19ms)
	initialDomainReloadingComplete (53ms)
	LoadAllAssembliesAndSetupDomain (1002ms)
		LoadAssemblies (641ms)
		RebuildTransferFunctionScriptingTraits (0ms)
		AnalyzeDomain (499ms)
			TypeCache.Refresh (15ms)
				TypeCache.ScanAssembly (0ms)
			BuildScriptInfoCaches (448ms)
			ResolveRequiredComponents (27ms)
	FinalizeReload (2022ms)
		ReleaseScriptCaches (0ms)
		RebuildScriptCaches (0ms)
		SetupLoadedEditorAssemblies (1625ms)
			LogAssemblyErrors (0ms)
			InitializePlatformSupportModulesInManaged (17ms)
			SetLoadedEditorAssemblies (14ms)
			BeforeProcessingInitializeOnLoad (336ms)
			ProcessInitializeOnLoadAttributes (891ms)
			ProcessInitializeOnLoadMethodAttributes (351ms)
			AfterProcessingInitializeOnLoad (15ms)
			EditorAssembliesLoaded (1ms)
		ExecutionOrderSort2 (0ms)
		AwakeInstancesAfterBackupRestoration (29ms)
WARNING: Shader Unsupported: 'Ultraleap/LegacyHandShader' - All subshaders removed
WARNING: Shader Did you use #pragma only_renderers and omit this platform?
WARNING: Shader If subshaders removal was intentional, you may have forgotten turning Fallback off?
WARNING: Shader Unsupported: 'Ultraleap/LegacyHandShader' - All subshaders removed
WARNING: Shader Did you use #pragma only_renderers and omit this platform?
WARNING: Shader If subshaders removal was intentional, you may have forgotten turning Fallback off?
Refreshing native plugins compatible for Editor in 8.54 ms, found 0 plugins.
Preloading 0 native plugins for Editor in 0.00 ms.
Unloading 17 Unused Serialized files (Serialized files now loaded: 0)
Unloading 7741 unused Assets / (5.5 MB). Loaded Objects now: 8805.
Memory consumption went from 203.0 MB to 197.6 MB.
Total: 31.951456 ms (FindLiveObjects: 2.131378 ms CreateObjectMapping: 2.046058 ms MarkObjects: 18.983150 ms  DeleteObjects: 8.787574 ms)

Prepare: number of updated asset objects reloaded= 0
========================================================================
Received Import Request.
  Time since last request: 1595.221456 seconds.
  path: Assets/Main/Scripts/chunktesting/Word.prefab
  artifactKey: Guid(a9cc835dc3f39413790792717808509c) Importer(815301076,1909f56bfc062723c751e8b465ee728b)
Start importing Assets/Main/Scripts/chunktesting/Word.prefab using Guid(a9cc835dc3f39413790792717808509c) Importer(815301076,1909f56bfc062723c751e8b465ee728b) (PreviewImporter) -> (artifact id: '1e92e308e51f563db46add40e8822bca') in 1.7013509 seconds
Number of updated asset objects reloaded before import = 0Number of asset objects unloaded after import = 48

========================================================================
Received Prepare
WARNING: Shader Unsupported: 'Ultraleap/LegacyHandShader' - All subshaders removed
WARNING: Shader Did you use #pragma only_renderers and omit this platform?
WARNING: Shader If subshaders removal was intentional, you may have forgotten turning Fallback off?
WARNING: Shader Unsupported: 'Ultraleap/LegacyHandShader' - All subshaders removed
WARNING: Shader Did you use #pragma only_renderers and omit this platform?
WARNING: Shader If subshaders removal was intentional, you may have forgotten turning Fallback off?
Refreshing native plugins compatible for Editor in 6.59 ms, found 0 plugins.
Preloading 0 native plugins for Editor in 0.00 ms.
Unloading 17 Unused Serialized files (Serialized files now loaded: 0)
Unloading 18 unused Assets / (1.9 MB). Loaded Objects now: 8903.
Memory consumption went from 170.5 MB to 168.5 MB.
Total: 111.856706 ms (FindLiveObjects: 3.116256 ms CreateObjectMapping: 1.239755 ms MarkObjects: 105.047192 ms  DeleteObjects: 2.448332 ms)

Prepare: number of updated asset objects reloaded= 0
========================================================================
Received Import Request.
  Time since last request: 13.849401 seconds.
  path: Assets/Main/Scripts/chunktesting/Word.prefab
  artifactKey: Guid(a9cc835dc3f39413790792717808509c) Importer(815301076,1909f56bfc062723c751e8b465ee728b)
Start importing Assets/Main/Scripts/chunktesting/Word.prefab using Guid(a9cc835dc3f39413790792717808509c) Importer(815301076,1909f56bfc062723c751e8b465ee728b) (PreviewImporter) -> (artifact id: 'c81c6ec79aed16922544ba78cb266bde') in 0.343346725 seconds
Number of updated asset objects reloaded before import = 0Number of asset objects unloaded after import = 48

========================================================================
Received Import Request.
  Time since last request: 11.036784 seconds.
  path: Assets/Main/Scripts/chunktesting/Word.prefab
  artifactKey: Guid(a9cc835dc3f39413790792717808509c) Importer(815301076,1909f56bfc062723c751e8b465ee728b)
Start importing Assets/Main/Scripts/chunktesting/Word.prefab using Guid(a9cc835dc3f39413790792717808509c) Importer(815301076,1909f56bfc062723c751e8b465ee728b) (PreviewImporter) -> (artifact id: '16794a7d1906c194646935d087d3fa10') in 0.050971314 seconds
Number of updated asset objects reloaded before import = 0Number of asset objects unloaded after import = 48

========================================================================
Received Import Request.
  Time since last request: 1.383613 seconds.
  path: Assets/Main/Scripts/chunktesting/Word.prefab
  artifactKey: Guid(a9cc835dc3f39413790792717808509c) Importer(815301076,1909f56bfc062723c751e8b465ee728b)
Start importing Assets/Main/Scripts/chunktesting/Word.prefab using Guid(a9cc835dc3f39413790792717808509c) Importer(815301076,1909f56bfc062723c751e8b465ee728b) (PreviewImporter) -> (artifact id: 'a8b2363435bfcb0327cf3e274a5480fb') in 0.054544708 seconds
Number of updated asset objects reloaded before import = 0Number of asset objects unloaded after import = 48

========================================================================
Received Import Request.
  Time since last request: 12.160538 seconds.
  path: Assets/Main/Scripts/chunktesting/Word.prefab
  artifactKey: Guid(a9cc835dc3f39413790792717808509c) Importer(815301076,1909f56bfc062723c751e8b465ee728b)
Start importing Assets/Main/Scripts/chunktesting/Word.prefab using Guid(a9cc835dc3f39413790792717808509c) Importer(815301076,1909f56bfc062723c751e8b465ee728b) (PreviewImporter) -> (artifact id: 'e2f8dc6fd1451c95677755ac7d91377f') in 0.045413458 seconds
Number of updated asset objects reloaded before import = 0Number of asset objects unloaded after import = 48

========================================================================
Received Import Request.
  Time since last request: 0.708184 seconds.
  path: Assets/Main/Scripts/chunktesting/Word.prefab
  artifactKey: Guid(a9cc835dc3f39413790792717808509c) Importer(815301076,1909f56bfc062723c751e8b465ee728b)
Start importing Assets/Main/Scripts/chunktesting/Word.prefab using Guid(a9cc835dc3f39413790792717808509c) Importer(815301076,1909f56bfc062723c751e8b465ee728b) (PreviewImporter) -> (artifact id: '28750bfd94f153a8d77270d93d92685a') in 0.044713897 seconds
Number of updated asset objects reloaded before import = 0Number of asset objects unloaded after import = 48

========================================================================
Received Import Request.
  Time since last request: 0.483725 seconds.
  path: Assets/Main/Scripts/chunktesting/Word.prefab
  artifactKey: Guid(a9cc835dc3f39413790792717808509c) Importer(815301076,1909f56bfc062723c751e8b465ee728b)
Start importing Assets/Main/Scripts/chunktesting/Word.prefab using Guid(a9cc835dc3f39413790792717808509c) Importer(815301076,1909f56bfc062723c751e8b465ee728b) (PreviewImporter) -> (artifact id: '765ce6b567735ab83a5d7037890443be') in 0.037930902 seconds
Number of updated asset objects reloaded before import = 0Number of asset objects unloaded after import = 48

========================================================================
Received Import Request.
  Time since last request: 5.545940 seconds.
  path: Assets/Main/Scripts/chunktesting/Word.prefab
  artifactKey: Guid(a9cc835dc3f39413790792717808509c) Importer(815301076,1909f56bfc062723c751e8b465ee728b)
Start importing Assets/Main/Scripts/chunktesting/Word.prefab using Guid(a9cc835dc3f39413790792717808509c) Importer(815301076,1909f56bfc062723c751e8b465ee728b) (PreviewImporter) -> (artifact id: '5c236bb7fd854f6f0233cfe96f026b58') in 0.042709176 seconds
Number of updated asset objects reloaded before import = 0Number of asset objects unloaded after import = 48

========================================================================
Received Import Request.
  Time since last request: 706.584659 seconds.
  path: Assets/Main/Tablet.prefab
  artifactKey: Guid(bbea684262453c72380e9b0df52b7d44) Importer(815301076,1909f56bfc062723c751e8b465ee728b)
Start importing Assets/Main/Tablet.prefab using Guid(bbea684262453c72380e9b0df52b7d44) Importer(815301076,1909f56bfc062723c751e8b465ee728b) (PreviewImporter) -> (artifact id: '9eaee535a73fb534f8b61c70682d3536') in 0.845346148 seconds
Number of updated asset objects reloaded before import = 0Number of asset objects unloaded after import = 60

========================================================================
Received Prepare
[Licensing::Client] Successfully resolved entitlement details
Begin MonoManager ReloadAssembly
[Licensing::Client] Successfully resolved entitlement details
- Loaded All Assemblies, in  6.157 seconds
Refreshing native plugins compatible for Editor in 45.86 ms, found 0 plugins.
Native extension for LinuxStandalone target not found
Native extension for Android target not found
[Package Manager] Failed to launch server process. Reason: Unity was launched with the -noUpm command-line argument
[Package Manager] Unable to send message (not connected to server process).
[Package Manager] Cannot connect to Unity Package Manager local server
ScheduleIndexationOnStartup MainProcess:False IndexOnStartup:True
Mono: successfully reloaded assembly
[Package Manager] Failed to launch server process. Reason: Unity was launched with the -noUpm command-line argument
[Package Manager] Unable to send message (not connected to server process).
[Package Manager] Cannot connect to Unity Package Manager local server
- Finished resetting the current domain, in  6.750 seconds
Domain Reload Profiling: 12969ms
	BeginReloadAssembly (2952ms)
		ExecutionOrderSort (1ms)
		DisableScriptedObjects (208ms)
		BackupInstance (0ms)
		ReleaseScriptingObjects (4ms)
		CreateAndSetChildDomain (1271ms)
	RebuildCommonClasses (63ms)
	RebuildNativeTypeToScriptingClass (15ms)
	initialDomainReloadingComplete (67ms)
	LoadAllAssembliesAndSetupDomain (3121ms)
		LoadAssemblies (1723ms)
		RebuildTransferFunctionScriptingTraits (0ms)
		AnalyzeDomain (2027ms)
			TypeCache.Refresh (51ms)
				TypeCache.ScanAssembly (0ms)
			BuildScriptInfoCaches (1567ms)
			ResolveRequiredComponents (188ms)
	FinalizeReload (6751ms)
		ReleaseScriptCaches (0ms)
		RebuildScriptCaches (0ms)
		SetupLoadedEditorAssemblies (4454ms)
			LogAssemblyErrors (0ms)
			InitializePlatformSupportModulesInManaged (135ms)
			SetLoadedEditorAssemblies (77ms)
			BeforeProcessingInitializeOnLoad (2496ms)
			ProcessInitializeOnLoadAttributes (1371ms)
			ProcessInitializeOnLoadMethodAttributes (364ms)
			AfterProcessingInitializeOnLoad (10ms)
			EditorAssembliesLoaded (1ms)
		ExecutionOrderSort2 (0ms)
		AwakeInstancesAfterBackupRestoration (28ms)
WARNING: Shader Unsupported: 'Ultraleap/LegacyHandShader' - All subshaders removed
WARNING: Shader Did you use #pragma only_renderers and omit this platform?
WARNING: Shader If subshaders removal was intentional, you may have forgotten turning Fallback off?
WARNING: Shader Unsupported: 'Ultraleap/LegacyHandShader' - All subshaders removed
WARNING: Shader Did you use #pragma only_renderers and omit this platform?
WARNING: Shader If subshaders removal was intentional, you may have forgotten turning Fallback off?
Refreshing native plugins compatible for Editor in 4.94 ms, found 0 plugins.
Preloading 0 native plugins for Editor in 0.00 ms.
Unloading 17 Unused Serialized files (Serialized files now loaded: 0)
Unloading 7742 unused Assets / (5.8 MB). Loaded Objects now: 8847.
Memory consumption went from 203.3 MB to 197.4 MB.
Total: 31.558299 ms (FindLiveObjects: 1.560577 ms CreateObjectMapping: 2.036180 ms MarkObjects: 18.024501 ms  DeleteObjects: 9.934686 ms)

Prepare: number of updated asset objects reloaded= 0
========================================================================
Received Import Request.
  Time since last request: 50.865546 seconds.
  path: Assets/Main/Tablet.prefab
  artifactKey: Guid(bbea684262453c72380e9b0df52b7d44) Importer(815301076,1909f56bfc062723c751e8b465ee728b)
Start importing Assets/Main/Tablet.prefab using Guid(bbea684262453c72380e9b0df52b7d44) Importer(815301076,1909f56bfc062723c751e8b465ee728b) (PreviewImporter) -> (artifact id: 'a25860764e9686474f2a0d45eef1b213') in 0.894842956 seconds
Number of updated asset objects reloaded before import = 0Number of asset objects unloaded after import = 60

========================================================================
Received Prepare
WARNING: Shader Unsupported: 'Ultraleap/LegacyHandShader' - All subshaders removed
WARNING: Shader Did you use #pragma only_renderers and omit this platform?
WARNING: Shader If subshaders removal was intentional, you may have forgotten turning Fallback off?
WARNING: Shader Unsupported: 'Ultraleap/LegacyHandShader' - All subshaders removed
WARNING: Shader Did you use #pragma only_renderers and omit this platform?
WARNING: Shader If subshaders removal was intentional, you may have forgotten turning Fallback off?
Refreshing native plugins compatible for Editor in 4.94 ms, found 0 plugins.
Preloading 0 native plugins for Editor in 0.00 ms.
Unloading 17 Unused Serialized files (Serialized files now loaded: 0)
Unloading 7678 unused Assets / (5.9 MB). Loaded Objects now: 8944.
Memory consumption went from 179.1 MB to 173.2 MB.
Total: 33.468863 ms (FindLiveObjects: 2.009730 ms CreateObjectMapping: 2.533222 ms MarkObjects: 19.641935 ms  DeleteObjects: 9.280098 ms)

Prepare: number of updated asset objects reloaded= 0
========================================================================
Received Import Request.
  Time since last request: 112.565938 seconds.
  path: Assets/Main/Scripts/Director.cs
  artifactKey: Guid(0316f8295a4ef2072b114e942734abf0) Importer(2089858483,b0f066a214c2f5e87bad3c948f4d605d)
Start importing Assets/Main/Scripts/Director.cs using Guid(0316f8295a4ef2072b114e942734abf0) Importer(2089858483,b0f066a214c2f5e87bad3c948f4d605d) (ScriptedImporter) -> (artifact id: '8b013fcd95345a42ec1676005b252c85') in 0.088273587 seconds
Number of updated asset objects reloaded before import = 0Number of asset objects unloaded after import = 0

========================================================================
Received Import Request.
  Time since last request: 0.277976 seconds.
  path: Assets/Main/MainExperiment.unity
  artifactKey: Guid(3f854d4c273fb81b8a6b56f3497af1a9) Importer(2089858483,b0f066a214c2f5e87bad3c948f4d605d)
Start importing Assets/Main/MainExperiment.unity using Guid(3f854d4c273fb81b8a6b56f3497af1a9) Importer(2089858483,b0f066a214c2f5e87bad3c948f4d605d) (ScriptedImporter) -> (artifact id: 'e206c647345217d63ec0767674665119') in 0.023761152 seconds
Number of updated asset objects reloaded before import = 0Number of asset objects unloaded after import = 1

========================================================================
Received Import Request.
  Time since last request: 0.000080 seconds.
  path: Assets/Main/Scripts/chunktesting/Word.prefab
  artifactKey: Guid(a9cc835dc3f39413790792717808509c) Importer(2089858483,b0f066a214c2f5e87bad3c948f4d605d)
Start importing Assets/Main/Scripts/chunktesting/Word.prefab using Guid(a9cc835dc3f39413790792717808509c) Importer(2089858483,b0f066a214c2f5e87bad3c948f4d605d) (ScriptedImporter) -> (artifact id: '5d221f893dae101f4bd2c1e73f08856c') in 0.083668089 seconds
Number of updated asset objects reloaded before import = 0Number of asset objects unloaded after import = 30

========================================================================
Received Import Request.
  Time since last request: 0.293308 seconds.
  path: Assets/Main/Scripts/tablet.cs
  artifactKey: Guid(b381ca215e2bdf886851c8f802a3402c) Importer(2089858483,b0f066a214c2f5e87bad3c948f4d605d)
Start importing Assets/Main/Scripts/tablet.cs using Guid(b381ca215e2bdf886851c8f802a3402c) Importer(2089858483,b0f066a214c2f5e87bad3c948f4d605d) (ScriptedImporter) -> (artifact id: 'dcff47039a3cd9d84bfe415103033dad') in 0.008615412 seconds
Number of updated asset objects reloaded before import = 0Number of asset objects unloaded after import = 0

========================================================================
Received Prepare
WARNING: Shader Unsupported: 'Ultraleap/LegacyHandShader' - All subshaders removed
WARNING: Shader Did you use #pragma only_renderers and omit this platform?
WARNING: Shader If subshaders removal was intentional, you may have forgotten turning Fallback off?
WARNING: Shader Unsupported: 'Ultraleap/LegacyHandShader' - All subshaders removed
WARNING: Shader Did you use #pragma only_renderers and omit this platform?
WARNING: Shader If subshaders removal was intentional, you may have forgotten turning Fallback off?
Refreshing native plugins compatible for Editor in 5.27 ms, found 0 plugins.
Preloading 0 native plugins for Editor in 0.00 ms.
Unloading 17 Unused Serialized files (Serialized files now loaded: 0)
Unloading 7678 unused Assets / (6.8 MB). Loaded Objects now: 8944.
Memory consumption went from 179.2 MB to 172.4 MB.
Total: 25.996996 ms (FindLiveObjects: 1.454529 ms CreateObjectMapping: 2.263335 ms MarkObjects: 16.290539 ms  DeleteObjects: 5.984717 ms)

Prepare: number of updated asset objects reloaded= 0
========================================================================
Received Import Request.
  Time since last request: 36.378156 seconds.
  path: Assets/Main/Scripts/tablet.cs
  artifactKey: Guid(b381ca215e2bdf886851c8f802a3402c) Importer(2089858483,b0f066a214c2f5e87bad3c948f4d605d)
Start importing Assets/Main/Scripts/tablet.cs using Guid(b381ca215e2bdf886851c8f802a3402c) Importer(2089858483,b0f066a214c2f5e87bad3c948f4d605d) (ScriptedImporter) -> (artifact id: 'a709988f9e7713a550a85f00be134bc5') in 0.004756573 seconds
Number of updated asset objects reloaded before import = 0Number of asset objects unloaded after import = 0

========================================================================
Received Import Request.
  Time since last request: 0.047395 seconds.
  path: Assets/Main/Tablet.prefab
  artifactKey: Guid(bbea684262453c72380e9b0df52b7d44) Importer(815301076,1909f56bfc062723c751e8b465ee728b)
Start importing Assets/Main/Tablet.prefab using Guid(bbea684262453c72380e9b0df52b7d44) Importer(815301076,1909f56bfc062723c751e8b465ee728b) (PreviewImporter) -> (artifact id: '90e2411d5c69aacdfcfc25fb95498f1a') in 0.065750198 seconds
Number of updated asset objects reloaded before import = 0Number of asset objects unloaded after import = 60

========================================================================
Received Prepare
WARNING: Shader Unsupported: 'Ultraleap/LegacyHandShader' - All subshaders removed
WARNING: Shader Did you use #pragma only_renderers and omit this platform?
WARNING: Shader If subshaders removal was intentional, you may have forgotten turning Fallback off?
WARNING: Shader Unsupported: 'Ultraleap/LegacyHandShader' - All subshaders removed
WARNING: Shader Did you use #pragma only_renderers and omit this platform?
WARNING: Shader If subshaders removal was intentional, you may have forgotten turning Fallback off?
Refreshing native plugins compatible for Editor in 4.15 ms, found 0 plugins.
Preloading 0 native plugins for Editor in 0.00 ms.
Unloading 17 Unused Serialized files (Serialized files now loaded: 0)
Unloading 7678 unused Assets / (5.4 MB). Loaded Objects now: 8944.
Memory consumption went from 179.2 MB to 173.8 MB.
Total: 26.259048 ms (FindLiveObjects: 1.355342 ms CreateObjectMapping: 1.314716 ms MarkObjects: 17.581500 ms  DeleteObjects: 6.004724 ms)

Prepare: number of updated asset objects reloaded= 0
========================================================================
Received Import Request.
  Time since last request: 107.100262 seconds.
  path: Assets/Main/Scripts/tablet.cs
  artifactKey: Guid(b381ca215e2bdf886851c8f802a3402c) Importer(2089858483,b0f066a214c2f5e87bad3c948f4d605d)
Start importing Assets/Main/Scripts/tablet.cs using Guid(b381ca215e2bdf886851c8f802a3402c) Importer(2089858483,b0f066a214c2f5e87bad3c948f4d605d) (ScriptedImporter) -> (artifact id: '5423c4e35f9609e395af9f14a9f2c480') in 0.005770966 seconds
Number of updated asset objects reloaded before import = 0Number of asset objects unloaded after import = 0

========================================================================
Received Import Request.
  Time since last request: 0.000073 seconds.
  path: Assets/Main/Tablet.prefab
  artifactKey: Guid(bbea684262453c72380e9b0df52b7d44) Importer(815301076,1909f56bfc062723c751e8b465ee728b)
Start importing Assets/Main/Tablet.prefab using Guid(bbea684262453c72380e9b0df52b7d44) Importer(815301076,1909f56bfc062723c751e8b465ee728b) (PreviewImporter) -> (artifact id: 'b564d0e477c2b7e463a505c327b55655') in 0.049387423 seconds
Number of updated asset objects reloaded before import = 0Number of asset objects unloaded after import = 60

========================================================================
Received Prepare
[Licensing::Client] Successfully resolved entitlement details
Begin MonoManager ReloadAssembly
[Licensing::Client] Successfully resolved entitlement details
- Loaded All Assemblies, in  2.315 seconds
Refreshing native plugins compatible for Editor in 5.27 ms, found 0 plugins.
Native extension for LinuxStandalone target not found
Native extension for Android target not found
[Package Manager] Failed to launch server process. Reason: Unity was launched with the -noUpm command-line argument
[Package Manager] Unable to send message (not connected to server process).
[Package Manager] Cannot connect to Unity Package Manager local server
ScheduleIndexationOnStartup MainProcess:False IndexOnStartup:True
Mono: successfully reloaded assembly
[Package Manager] Failed to launch server process. Reason: Unity was launched with the -noUpm command-line argument
[Package Manager] Unable to send message (not connected to server process).
[Package Manager] Cannot connect to Unity Package Manager local server
- Finished resetting the current domain, in  1.680 seconds
Domain Reload Profiling: 4093ms
	BeginReloadAssembly (360ms)
		ExecutionOrderSort (0ms)
		DisableScriptedObjects (28ms)
		BackupInstance (0ms)
		ReleaseScriptingObjects (0ms)
		CreateAndSetChildDomain (141ms)
	RebuildCommonClasses (100ms)
	RebuildNativeTypeToScriptingClass (26ms)
	initialDomainReloadingComplete (58ms)
	LoadAllAssembliesAndSetupDomain (1869ms)
		LoadAssemblies (806ms)
		RebuildTransferFunctionScriptingTraits (0ms)
		AnalyzeDomain (1064ms)
			TypeCache.Refresh (31ms)
				TypeCache.ScanAssembly (2ms)
			BuildScriptInfoCaches (977ms)
			ResolveRequiredComponents (29ms)
	FinalizeReload (1680ms)
		ReleaseScriptCaches (0ms)
		RebuildScriptCaches (0ms)
		SetupLoadedEditorAssemblies (1285ms)
			LogAssemblyErrors (0ms)
			InitializePlatformSupportModulesInManaged (20ms)
			SetLoadedEditorAssemblies (12ms)
			BeforeProcessingInitializeOnLoad (311ms)
			ProcessInitializeOnLoadAttributes (734ms)
			ProcessInitializeOnLoadMethodAttributes (199ms)
			AfterProcessingInitializeOnLoad (8ms)
			EditorAssembliesLoaded (0ms)
		ExecutionOrderSort2 (0ms)
		AwakeInstancesAfterBackupRestoration (18ms)
WARNING: Shader Unsupported: 'Ultraleap/LegacyHandShader' - All subshaders removed
WARNING: Shader Did you use #pragma only_renderers and omit this platform?
WARNING: Shader If subshaders removal was intentional, you may have forgotten turning Fallback off?
WARNING: Shader Unsupported: 'Ultraleap/LegacyHandShader' - All subshaders removed
WARNING: Shader Did you use #pragma only_renderers and omit this platform?
WARNING: Shader If subshaders removal was intentional, you may have forgotten turning Fallback off?
Refreshing native plugins compatible for Editor in 9.23 ms, found 0 plugins.
Preloading 0 native plugins for Editor in 0.00 ms.
Unloading 17 Unused Serialized files (Serialized files now loaded: 0)
Unloading 7741 unused Assets / (4.6 MB). Loaded Objects now: 8870.
Memory consumption went from 203.3 MB to 198.7 MB.
Total: 21.090893 ms (FindLiveObjects: 1.843448 ms CreateObjectMapping: 1.976047 ms MarkObjects: 11.827356 ms  DeleteObjects: 5.440215 ms)

Prepare: number of updated asset objects reloaded= 0
========================================================================
Received Import Request.
  Time since last request: 13.983893 seconds.
  path: Assets/Main/Tablet.prefab
  artifactKey: Guid(bbea684262453c72380e9b0df52b7d44) Importer(815301076,1909f56bfc062723c751e8b465ee728b)
Start importing Assets/Main/Tablet.prefab using Guid(bbea684262453c72380e9b0df52b7d44) Importer(815301076,1909f56bfc062723c751e8b465ee728b) (PreviewImporter) -> (artifact id: '7c006677187ac337aa7514ea007dfba8') in 0.605322561 seconds
Number of updated asset objects reloaded before import = 0Number of asset objects unloaded after import = 60

========================================================================
Received Import Request.
  Time since last request: 5.943981 seconds.
  path: Assets/Main/Tablet.prefab
  artifactKey: Guid(bbea684262453c72380e9b0df52b7d44) Importer(815301076,1909f56bfc062723c751e8b465ee728b)
Start importing Assets/Main/Tablet.prefab using Guid(bbea684262453c72380e9b0df52b7d44) Importer(815301076,1909f56bfc062723c751e8b465ee728b) (PreviewImporter) -> (artifact id: '2c52b029245aadab1a136a5af3301eff') in 0.051998451 seconds
Number of updated asset objects reloaded before import = 0Number of asset objects unloaded after import = 60

========================================================================
Received Import Request.
  Time since last request: 178.097314 seconds.
  path: Assets/Main/Scripts/TrialScene.cs
  artifactKey: Guid(c8a2c954dc58e3ff99b4ce10b282586e) Importer(815301076,1909f56bfc062723c751e8b465ee728b)
Start importing Assets/Main/Scripts/TrialScene.cs using Guid(c8a2c954dc58e3ff99b4ce10b282586e) Importer(815301076,1909f56bfc062723c751e8b465ee728b) (PreviewImporter) -> (artifact id: '00c9a70f4f09e535f63051906c63e0a4') in 0.001777564 seconds
Number of updated asset objects reloaded before import = 0Number of asset objects unloaded after import = 0

========================================================================
Received Import Request.
  Time since last request: 251.531458 seconds.
  path: Assets/Main/MainExperiment.unity
  artifactKey: Guid(3f854d4c273fb81b8a6b56f3497af1a9) Importer(815301076,1909f56bfc062723c751e8b465ee728b)
Start importing Assets/Main/MainExperiment.unity using Guid(3f854d4c273fb81b8a6b56f3497af1a9) Importer(815301076,1909f56bfc062723c751e8b465ee728b) (PreviewImporter) -> (artifact id: '0cc8d191d7e7b8fbe729c944f41ccb83') in 0.003809206 seconds
Number of updated asset objects reloaded before import = 0Number of asset objects unloaded after import = 0

========================================================================
Received Prepare
[Licensing::Client] Successfully resolved entitlement details
Begin MonoManager ReloadAssembly
[Licensing::Client] Successfully resolved entitlement details
- Loaded All Assemblies, in  4.038 seconds
Refreshing native plugins compatible for Editor in 5.33 ms, found 0 plugins.
Native extension for LinuxStandalone target not found
Native extension for Android target not found
[Package Manager] Failed to launch server process. Reason: Unity was launched with the -noUpm command-line argument
[Package Manager] Unable to send message (not connected to server process).
[Package Manager] Cannot connect to Unity Package Manager local server
ScheduleIndexationOnStartup MainProcess:False IndexOnStartup:True
Mono: successfully reloaded assembly
[Package Manager] Failed to launch server process. Reason: Unity was launched with the -noUpm command-line argument
[Package Manager] Unable to send message (not connected to server process).
[Package Manager] Cannot connect to Unity Package Manager local server
- Finished resetting the current domain, in  1.680 seconds
Domain Reload Profiling: 5716ms
	BeginReloadAssembly (1992ms)
		ExecutionOrderSort (1ms)
		DisableScriptedObjects (253ms)
		BackupInstance (0ms)
		ReleaseScriptingObjects (2ms)
		CreateAndSetChildDomain (608ms)
	RebuildCommonClasses (107ms)
	RebuildNativeTypeToScriptingClass (17ms)
	initialDomainReloadingComplete (86ms)
	LoadAllAssembliesAndSetupDomain (1832ms)
		LoadAssemblies (1673ms)
		RebuildTransferFunctionScriptingTraits (0ms)
		AnalyzeDomain (813ms)
			TypeCache.Refresh (86ms)
				TypeCache.ScanAssembly (3ms)
			BuildScriptInfoCaches (650ms)
			ResolveRequiredComponents (25ms)
	FinalizeReload (1681ms)
		ReleaseScriptCaches (0ms)
		RebuildScriptCaches (0ms)
		SetupLoadedEditorAssemblies (1371ms)
			LogAssemblyErrors (0ms)
			InitializePlatformSupportModulesInManaged (19ms)
			SetLoadedEditorAssemblies (8ms)
			BeforeProcessingInitializeOnLoad (250ms)
			ProcessInitializeOnLoadAttributes (860ms)
			ProcessInitializeOnLoadMethodAttributes (225ms)
			AfterProcessingInitializeOnLoad (8ms)
			EditorAssembliesLoaded (1ms)
		ExecutionOrderSort2 (0ms)
		AwakeInstancesAfterBackupRestoration (19ms)
WARNING: Shader Unsupported: 'Ultraleap/LegacyHandShader' - All subshaders removed
WARNING: Shader Did you use #pragma only_renderers and omit this platform?
WARNING: Shader If subshaders removal was intentional, you may have forgotten turning Fallback off?
WARNING: Shader Unsupported: 'Ultraleap/LegacyHandShader' - All subshaders removed
WARNING: Shader Did you use #pragma only_renderers and omit this platform?
WARNING: Shader If subshaders removal was intentional, you may have forgotten turning Fallback off?
Refreshing native plugins compatible for Editor in 4.93 ms, found 0 plugins.
Preloading 0 native plugins for Editor in 0.00 ms.
Unloading 17 Unused Serialized files (Serialized files now loaded: 0)
Unloading 7741 unused Assets / (6.9 MB). Loaded Objects now: 8893.
Memory consumption went from 203.4 MB to 196.4 MB.
Total: 23.769478 ms (FindLiveObjects: 1.505344 ms CreateObjectMapping: 1.652861 ms MarkObjects: 13.042365 ms  DeleteObjects: 7.566113 ms)

Prepare: number of updated asset objects reloaded= 0
========================================================================
Received Prepare
[Licensing::Client] Successfully resolved entitlement details
Begin MonoManager ReloadAssembly
[Licensing::Client] Successfully resolved entitlement details
- Loaded All Assemblies, in  6.070 seconds
Refreshing native plugins compatible for Editor in 6.07 ms, found 0 plugins.
Native extension for LinuxStandalone target not found
Native extension for Android target not found
[Package Manager] Failed to launch server process. Reason: Unity was launched with the -noUpm command-line argument
[Package Manager] Unable to send message (not connected to server process).
[Package Manager] Cannot connect to Unity Package Manager local server
ScheduleIndexationOnStartup MainProcess:False IndexOnStartup:True
Mono: successfully reloaded assembly
[Package Manager] Failed to launch server process. Reason: Unity was launched with the -noUpm command-line argument
[Package Manager] Unable to send message (not connected to server process).
[Package Manager] Cannot connect to Unity Package Manager local server
- Finished resetting the current domain, in  3.005 seconds
Domain Reload Profiling: 9099ms
	BeginReloadAssembly (3416ms)
		ExecutionOrderSort (4ms)
		DisableScriptedObjects (201ms)
		BackupInstance (0ms)
		ReleaseScriptingObjects (4ms)
		CreateAndSetChildDomain (1477ms)
	RebuildCommonClasses (89ms)
	RebuildNativeTypeToScriptingClass (17ms)
	initialDomainReloadingComplete (102ms)
	LoadAllAssembliesAndSetupDomain (2468ms)
		LoadAssemblies (2140ms)
		RebuildTransferFunctionScriptingTraits (0ms)
		AnalyzeDomain (960ms)
			TypeCache.Refresh (55ms)
				TypeCache.ScanAssembly (0ms)
			BuildScriptInfoCaches (797ms)
			ResolveRequiredComponents (31ms)
	FinalizeReload (3007ms)
		ReleaseScriptCaches (0ms)
		RebuildScriptCaches (0ms)
		SetupLoadedEditorAssemblies (2435ms)
			LogAssemblyErrors (0ms)
			InitializePlatformSupportModulesInManaged (35ms)
			SetLoadedEditorAssemblies (23ms)
			BeforeProcessingInitializeOnLoad (417ms)
			ProcessInitializeOnLoadAttributes (1563ms)
			ProcessInitializeOnLoadMethodAttributes (387ms)
			AfterProcessingInitializeOnLoad (9ms)
			EditorAssembliesLoaded (2ms)
		ExecutionOrderSort2 (0ms)
		AwakeInstancesAfterBackupRestoration (51ms)
WARNING: Shader Unsupported: 'Ultraleap/LegacyHandShader' - All subshaders removed
WARNING: Shader Did you use #pragma only_renderers and omit this platform?
WARNING: Shader If subshaders removal was intentional, you may have forgotten turning Fallback off?
WARNING: Shader Unsupported: 'Ultraleap/LegacyHandShader' - All subshaders removed
WARNING: Shader Did you use #pragma only_renderers and omit this platform?
WARNING: Shader If subshaders removal was intentional, you may have forgotten turning Fallback off?
Refreshing native plugins compatible for Editor in 19.20 ms, found 0 plugins.
Preloading 0 native plugins for Editor in 0.00 ms.
Unloading 17 Unused Serialized files (Serialized files now loaded: 0)
Unloading 7741 unused Assets / (8.6 MB). Loaded Objects now: 8896.
Memory consumption went from 203.3 MB to 194.7 MB.
Total: 41.494167 ms (FindLiveObjects: 1.755754 ms CreateObjectMapping: 2.319691 ms MarkObjects: 24.327755 ms  DeleteObjects: 13.086708 ms)

Prepare: number of updated asset objects reloaded= 0
Editor requested this worker to shutdown with reason: Scaling down because of idle timeout
AssetImportWorker is now disconnected from the server
Process exiting

SDL leaked 2 allocations
Internal: Possible leak. All render target surfaces should be removed from IdMap when destructed using RenderTargetMap::Remove(RenderSurfaceBase* rs).
