Timestamp,X,Y,Z
4.072,0.036,1.448,0.009
4.188,0.037,1.450,0.008
4.294,0.038,1.450,0.005
4.406,0.039,1.449,0.005
4.519,0.038,1.447,0.006
4.629,0.038,1.444,0.007
4.741,0.038,1.442,0.010
4.852,0.038,1.439,0.013
4.963,0.038,1.431,0.021
5.074,0.038,1.416,0.031
5.185,0.035,1.398,0.047
5.296,0.035,1.385,0.061
5.408,0.035,1.378,0.072
5.519,0.036,1.372,0.080
5.630,0.034,1.367,0.103
5.741,0.032,1.364,0.169
5.852,0.015,1.334,0.239
5.964,-0.006,1.236,0.233
6.075,-0.011,1.106,0.191
6.187,-0.022,1.048,0.142
6.298,-0.042,1.060,0.108
6.409,-0.057,1.077,0.123
6.520,-0.069,1.123,0.176
6.631,-0.075,1.136,0.228
6.743,-0.074,1.120,0.265
6.854,-0.078,1.117,0.279
6.965,-0.089,1.116,0.278
7.076,-0.099,1.112,0.268
7.187,-0.110,1.101,0.260
7.299,-0.122,1.101,0.259
7.410,-0.132,1.103,0.260
7.521,-0.140,1.098,0.258
7.634,-0.148,1.096,0.249
7.745,-0.164,1.086,0.236
7.856,-0.180,1.078,0.221
7.968,-0.194,1.078,0.203
8.079,-0.201,1.080,0.189
8.190,-0.206,1.087,0.181
8.301,-0.205,1.095,0.176
8.412,-0.204,1.108,0.170
8.523,-0.204,1.122,0.164
8.634,-0.202,1.136,0.157
8.746,-0.199,1.147,0.151
8.857,-0.190,1.159,0.146
8.968,-0.177,1.169,0.142
9.079,-0.160,1.171,0.143
9.191,-0.148,1.172,0.146
9.303,-0.140,1.172,0.146
9.413,-0.131,1.169,0.142
9.525,-0.127,1.165,0.136
9.635,-0.123,1.159,0.131
9.747,-0.129,1.151,0.131
9.858,-0.143,1.161,0.128
9.969,-0.159,1.171,0.126
10.080,-0.184,1.182,0.128
10.191,-0.221,1.196,0.133
10.302,-0.273,1.219,0.126
10.414,-0.336,1.254,0.111
10.524,-0.394,1.307,0.089
10.635,-0.444,1.371,0.071
10.748,-0.486,1.443,0.045
10.858,-0.521,1.510,0.015
10.969,-0.544,1.551,-0.005
11.080,-0.556,1.566,-0.022
11.190,-0.559,1.568,-0.031
11.302,-0.558,1.567,-0.035
11.413,-0.558,1.563,-0.040
11.525,-0.556,1.562,-0.045
11.636,-0.558,1.558,-0.050
11.747,-0.559,1.555,-0.055
11.858,-0.563,1.551,-0.059
11.969,-0.562,1.550,-0.061
12.080,-0.563,1.550,-0.064
12.191,-0.564,1.549,-0.066
12.302,-0.568,1.547,-0.068
12.414,-0.571,1.547,-0.067
12.525,-0.574,1.547,-0.067
12.637,-0.577,1.551,-0.068
12.748,-0.581,1.559,-0.068
12.859,-0.586,1.567,-0.068
12.971,-0.593,1.568,-0.067
13.082,-0.600,1.568,-0.068
13.193,-0.606,1.568,-0.070
13.304,-0.608,1.569,-0.070
13.416,-0.610,1.569,-0.070
13.527,-0.613,1.569,-0.067
13.638,-0.615,1.567,-0.063
13.749,-0.618,1.561,-0.060
13.860,-0.619,1.555,-0.059
13.971,-0.622,1.554,-0.054
14.082,-0.626,1.555,-0.048
14.192,-0.628,1.557,-0.041
14.303,-0.629,1.558,-0.036
14.414,-0.631,1.565,-0.031
14.526,-0.629,1.570,-0.026
14.637,-0.629,1.573,-0.022
14.748,-0.624,1.578,-0.018
14.859,-0.621,1.584,-0.019
14.969,-0.617,1.584,-0.016
15.082,-0.612,1.585,-0.011
15.193,-0.610,1.589,-0.011
15.304,-0.608,1.594,-0.015
15.415,-0.607,1.595,-0.020
15.526,-0.608,1.596,-0.023
15.638,-0.610,1.599,-0.026
15.749,-0.613,1.598,-0.029
15.860,-0.615,1.600,-0.031
15.971,-0.618,1.602,-0.035
16.082,-0.622,1.601,-0.039
16.193,-0.626,1.601,-0.045
16.304,-0.632,1.600,-0.052
16.415,-0.639,1.591,-0.061
16.526,-0.643,1.589,-0.065
16.638,-0.647,1.589,-0.065
16.749,-0.649,1.589,-0.055
16.860,-0.650,1.590,-0.038
16.971,-0.646,1.587,-0.015
17.082,-0.641,1.583,0.013
17.193,-0.629,1.579,0.038
17.305,-0.614,1.575,0.066
17.415,-0.592,1.571,0.096
17.527,-0.562,1.568,0.131
17.638,-0.524,1.568,0.169
17.749,-0.476,1.578,0.218
17.860,-0.424,1.586,0.271
17.971,-0.377,1.589,0.325
18.082,-0.333,1.591,0.387
18.193,-0.291,1.584,0.457
18.305,-0.244,1.574,0.539
18.415,-0.195,1.576,0.626
18.527,-0.142,1.585,0.711
18.637,-0.083,1.592,0.792
18.749,-0.018,1.589,0.868
18.860,0.053,1.573,0.938
18.972,0.128,1.566,1.005
19.082,0.188,1.568,1.060
19.193,0.227,1.570,1.095
19.304,0.247,1.576,1.117
19.415,0.250,1.577,1.123
19.527,0.237,1.577,1.117
19.638,0.212,1.579,1.102
19.749,0.184,1.585,1.083
19.860,0.154,1.598,1.057
19.971,0.125,1.611,1.026
20.083,0.098,1.617,0.987
20.193,0.069,1.617,0.938
20.301,0.038,1.615,0.885
20.413,0.004,1.614,0.827
20.524,-0.029,1.605,0.763
20.635,-0.055,1.586,0.696
20.745,-0.069,1.570,0.632
20.857,-0.074,1.552,0.564
20.969,-0.070,1.531,0.495
21.080,-0.053,1.514,0.427
21.191,-0.023,1.509,0.360
21.303,0.009,1.520,0.303
21.413,0.032,1.536,0.265
21.526,0.046,1.555,0.242
21.636,0.038,1.564,0.224
21.748,0.013,1.570,0.193
21.859,-0.012,1.582,0.147
21.970,-0.030,1.593,0.100
22.080,-0.050,1.604,0.056
22.191,-0.069,1.611,0.019
22.302,-0.087,1.613,-0.006
22.413,-0.102,1.614,-0.023
22.525,-0.115,1.615,-0.037
22.632,-0.127,1.617,-0.047
22.744,-0.139,1.620,-0.051
22.855,-0.146,1.621,-0.052
22.965,-0.147,1.620,-0.050
23.077,-0.144,1.620,-0.048
23.188,-0.144,1.619,-0.045
23.299,-0.144,1.617,-0.044
23.410,-0.143,1.615,-0.045
23.524,-0.140,1.614,-0.042
23.633,-0.138,1.611,-0.033
23.745,-0.137,1.609,-0.016
23.856,-0.141,1.606,0.005
23.967,-0.152,1.607,0.036
24.078,-0.171,1.604,0.075
24.189,-0.199,1.597,0.121
24.301,-0.230,1.602,0.171
24.411,-0.258,1.611,0.218
24.522,-0.280,1.616,0.254
24.634,-0.295,1.619,0.280
24.745,-0.300,1.621,0.298
24.856,-0.299,1.622,0.310
24.968,-0.297,1.622,0.320
25.078,-0.295,1.620,0.325
25.190,-0.291,1.615,0.325
25.301,-0.287,1.612,0.324
25.412,-0.283,1.609,0.323
25.524,-0.279,1.607,0.324
25.635,-0.275,1.606,0.327
25.746,-0.273,1.605,0.331
25.858,-0.268,1.606,0.335
25.969,-0.264,1.606,0.339
26.079,-0.260,1.606,0.343
26.190,-0.257,1.606,0.347
26.301,-0.255,1.606,0.350
26.411,-0.254,1.606,0.352
26.522,-0.254,1.606,0.352
26.634,-0.255,1.606,0.351
26.744,-0.256,1.606,0.350
26.855,-0.257,1.606,0.351
26.967,-0.258,1.606,0.350
27.078,-0.260,1.606,0.350
27.188,-0.261,1.605,0.350
27.302,-0.263,1.606,0.349
27.413,-0.265,1.606,0.348
27.525,-0.266,1.606,0.348
27.635,-0.268,1.606,0.347
27.746,-0.269,1.606,0.347
27.857,-0.271,1.607,0.347
27.969,-0.273,1.607,0.348
28.078,-0.274,1.607,0.349
28.189,-0.274,1.607,0.348
28.301,-0.272,1.608,0.349
28.413,-0.269,1.608,0.349
28.524,-0.265,1.608,0.350
28.634,-0.257,1.608,0.349
28.746,-0.247,1.607,0.346
28.857,-0.235,1.606,0.341
28.969,-0.224,1.605,0.333
29.080,-0.215,1.605,0.324
29.192,-0.214,1.601,0.315
29.303,-0.219,1.589,0.310
29.415,-0.229,1.580,0.308
29.526,-0.244,1.576,0.310
29.637,-0.256,1.574,0.315
29.747,-0.270,1.566,0.322
29.858,-0.281,1.561,0.322
29.969,-0.283,1.558,0.319
30.081,-0.281,1.558,0.312
30.192,-0.270,1.563,0.301
30.303,-0.253,1.565,0.285
30.414,-0.232,1.568,0.267
30.526,-0.216,1.572,0.240
30.637,-0.201,1.586,0.207
30.748,-0.190,1.599,0.174
30.859,-0.189,1.606,0.145
30.969,-0.198,1.608,0.119
31.081,-0.212,1.609,0.101
31.192,-0.227,1.609,0.090
31.303,-0.243,1.614,0.085
31.414,-0.256,1.615,0.082
31.525,-0.263,1.617,0.079
31.636,-0.263,1.618,0.081
31.747,-0.252,1.615,0.084
31.858,-0.235,1.611,0.085
31.969,-0.216,1.612,0.090
32.080,-0.198,1.612,0.098
32.192,-0.185,1.615,0.110
32.302,-0.177,1.616,0.121
32.414,-0.175,1.618,0.133
32.525,-0.173,1.619,0.143
32.636,-0.170,1.617,0.149
32.747,-0.167,1.616,0.154
32.858,-0.164,1.616,0.156
32.969,-0.162,1.616,0.157
33.080,-0.160,1.616,0.158
33.192,-0.156,1.614,0.159
33.303,-0.152,1.614,0.159
33.414,-0.148,1.614,0.159
33.525,-0.144,1.614,0.158
33.636,-0.140,1.614,0.157
33.747,-0.138,1.614,0.155
33.858,-0.137,1.615,0.155
33.969,-0.140,1.616,0.156
34.081,-0.145,1.617,0.156
34.191,-0.153,1.617,0.155
34.302,-0.161,1.618,0.153
34.413,-0.168,1.618,0.149
34.525,-0.172,1.618,0.143
34.635,-0.173,1.619,0.140
34.747,-0.174,1.619,0.139
34.858,-0.174,1.619,0.138
34.969,-0.171,1.619,0.136
35.080,-0.168,1.619,0.133
35.190,-0.162,1.621,0.130
35.302,-0.154,1.621,0.127
35.413,-0.145,1.621,0.126
35.524,-0.136,1.619,0.125
35.636,-0.130,1.619,0.123
35.747,-0.125,1.619,0.123
35.858,-0.121,1.620,0.122
35.969,-0.116,1.620,0.119
36.081,-0.110,1.620,0.116
36.191,-0.105,1.619,0.115
36.302,-0.101,1.618,0.114
36.415,-0.099,1.617,0.114
36.525,-0.097,1.616,0.115
36.637,-0.098,1.615,0.117
36.748,-0.101,1.615,0.120
36.859,-0.104,1.615,0.123
36.970,-0.109,1.616,0.127
37.081,-0.112,1.617,0.129
37.191,-0.112,1.617,0.127
37.303,-0.112,1.617,0.125
37.414,-0.113,1.617,0.124
37.525,-0.115,1.615,0.124
37.636,-0.116,1.614,0.122
37.747,-0.117,1.613,0.122
37.858,-0.119,1.614,0.121
37.970,-0.120,1.613,0.121
38.080,-0.119,1.613,0.121
38.192,-0.118,1.613,0.122
38.303,-0.117,1.613,0.122
38.414,-0.117,1.614,0.122
38.525,-0.117,1.615,0.123
38.637,-0.117,1.615,0.123
38.747,-0.116,1.617,0.122
38.858,-0.116,1.618,0.120
38.969,-0.114,1.619,0.118
39.082,-0.114,1.619,0.116
39.192,-0.116,1.620,0.114
39.303,-0.119,1.621,0.114
39.414,-0.121,1.621,0.114
39.525,-0.121,1.622,0.114
39.636,-0.119,1.622,0.114
39.748,-0.119,1.622,0.113
39.858,-0.119,1.622,0.113
39.970,-0.120,1.621,0.114
40.081,-0.122,1.621,0.114
40.192,-0.123,1.620,0.113
40.303,-0.125,1.620,0.112
40.414,-0.126,1.620,0.112
40.525,-0.127,1.620,0.111
40.636,-0.127,1.619,0.111
40.747,-0.127,1.618,0.111
40.859,-0.127,1.618,0.110
40.970,-0.127,1.617,0.110
41.081,-0.127,1.616,0.110
41.192,-0.127,1.616,0.111
41.303,-0.127,1.615,0.111
41.414,-0.126,1.615,0.112
41.525,-0.126,1.615,0.112
41.636,-0.126,1.615,0.112
41.748,-0.127,1.615,0.113
41.859,-0.127,1.614,0.112
41.970,-0.127,1.615,0.112
42.080,-0.126,1.615,0.113
42.192,-0.126,1.615,0.113
42.302,-0.125,1.615,0.113
42.413,-0.125,1.616,0.114
42.526,-0.124,1.617,0.113
42.637,-0.124,1.617,0.113
42.747,-0.124,1.617,0.113
42.859,-0.123,1.618,0.112
42.969,-0.123,1.618,0.111
43.081,-0.123,1.618,0.111
43.191,-0.124,1.618,0.111
43.302,-0.124,1.617,0.111
43.413,-0.125,1.617,0.111
43.524,0.000,1.617,-0.001
43.635,0.001,1.617,-0.002
43.746,0.001,1.617,-0.003
43.856,0.000,1.621,-0.003
43.967,-0.001,1.621,-0.001
44.078,-0.002,1.621,0.000
44.190,-0.003,1.621,0.003
44.301,-0.005,1.622,0.006
44.412,-0.007,1.621,0.008
44.523,-0.008,1.622,0.011
44.634,-0.008,1.622,0.013
44.746,-0.008,1.622,0.013
44.856,-0.008,1.622,0.013
44.967,-0.010,1.623,0.014
45.079,-0.011,1.623,0.015
45.190,-0.013,1.622,0.016
45.301,-0.014,1.622,0.018
45.412,-0.013,1.622,0.019
45.523,-0.012,1.622,0.019
45.634,-0.010,1.622,0.019
45.746,-0.008,1.622,0.019
45.857,-0.008,1.622,0.019
45.968,-0.008,1.622,0.020
46.079,-0.009,1.622,0.023
46.190,-0.015,1.620,0.033
46.301,-0.022,1.619,0.044
46.412,-0.030,1.617,0.056
46.524,-0.040,1.616,0.069
46.635,-0.051,1.614,0.082
46.747,-0.065,1.611,0.096
46.857,-0.079,1.607,0.111
46.969,-0.092,1.604,0.129
47.080,-0.104,1.602,0.149
47.191,-0.114,1.599,0.172
47.302,-0.122,1.597,0.198
47.413,-0.126,1.596,0.230
47.525,-0.127,1.596,0.272
47.636,-0.127,1.599,0.325
47.747,-0.128,1.599,0.386
47.858,-0.128,1.594,0.451
47.969,-0.133,1.591,0.521
48.080,-0.141,1.594,0.596
48.191,-0.154,1.596,0.675
48.302,-0.168,1.590,0.757
48.413,-0.185,1.586,0.843
48.524,-0.197,1.591,0.932
48.635,-0.205,1.596,1.021
48.747,-0.210,1.599,1.108
48.857,-0.214,1.594,1.198
48.968,-0.215,1.587,1.291
49.081,-0.215,1.595,1.388
49.191,-0.222,1.607,1.481
49.303,-0.238,1.613,1.571
49.413,-0.261,1.613,1.658
49.524,-0.291,1.602,1.745
49.635,-0.326,1.592,1.836
49.746,-0.364,1.603,1.931
49.858,-0.395,1.612,2.027
49.968,-0.423,1.615,2.125
50.080,-0.449,1.611,2.221
50.191,-0.479,1.598,2.315
50.302,-0.511,1.597,2.402
50.413,-0.549,1.606,2.478
50.525,-0.596,1.615,2.541
50.637,-0.648,1.613,2.595
50.748,-0.709,1.600,2.642
50.859,-0.775,1.597,2.681
50.970,-0.839,1.608,2.717
51.081,-0.903,1.614,2.756
51.192,-0.966,1.616,2.799
51.304,-1.029,1.613,2.851
51.415,-1.091,1.603,2.920
51.526,-1.146,1.606,2.999
51.636,-1.192,1.616,3.075
51.748,-1.232,1.617,3.138
51.858,-1.273,1.616,3.188
51.969,-1.316,1.612,3.229
52.080,-1.365,1.605,3.260
52.191,-1.416,1.612,3.288
52.302,-1.458,1.622,3.310
52.413,-1.494,1.624,3.320
52.525,-1.523,1.624,3.315
52.636,-1.548,1.622,3.293
52.748,-1.578,1.622,3.256
52.859,-1.619,1.622,3.214
52.970,-1.669,1.618,3.174
53.081,-1.724,1.616,3.143
53.192,-1.778,1.615,3.120
53.304,-1.824,1.614,3.101
53.415,-1.863,1.610,3.085
53.526,-1.892,1.604,3.072
53.637,-1.913,1.602,3.062
53.748,-1.927,1.601,3.057
53.859,-1.932,1.600,3.058
53.970,-1.920,1.602,3.069
54.081,-1.905,1.604,3.084
54.192,-1.889,1.608,3.100
54.304,-1.870,1.608,3.121
54.415,-1.848,1.611,3.148
54.526,-1.825,1.615,3.188
54.637,-1.806,1.615,3.235
54.748,-1.791,1.613,3.279
54.858,-1.777,1.609,3.315
54.970,-1.764,1.604,3.347
55.080,-1.752,1.595,3.377
55.192,-1.744,1.589,3.404
55.302,-1.741,1.584,3.427
55.413,-1.745,1.579,3.445
55.524,-1.750,1.579,3.461
55.635,-1.755,1.576,3.477
55.747,-1.763,1.569,3.491
55.858,-1.769,1.562,3.503
55.969,-1.775,1.567,3.519
56.080,-1.781,1.567,3.532
56.191,-1.788,1.562,3.539
56.302,-1.790,1.564,3.544
56.413,-1.788,1.568,3.549
56.525,-1.786,1.566,3.550
56.636,-1.783,1.566,3.546
56.747,-1.780,1.564,3.542
56.858,-1.776,1.565,3.537
56.969,-1.775,1.564,3.531
57.081,-1.778,1.562,3.526
57.192,-1.780,1.561,3.521
57.303,-1.783,1.560,3.517
57.414,-1.784,1.559,3.513
57.525,-1.783,1.563,3.512
57.636,-1.781,1.567,3.509
57.747,-1.778,1.566,3.506
57.858,-1.778,1.567,3.508
57.969,-1.780,1.567,3.507
58.081,-1.779,1.566,3.506
58.191,-1.779,1.565,3.504
58.302,-1.779,1.564,3.500
58.414,-1.780,1.564,3.498
58.525,-1.780,1.564,3.496
58.636,-1.779,1.565,3.493
58.749,-1.777,1.565,3.489
58.858,-1.774,1.567,3.486
58.970,-1.771,1.567,3.481
59.081,-1.769,1.567,3.478
59.192,-1.767,1.566,3.478
59.303,-1.765,1.566,3.477
59.414,-1.763,1.566,3.475
59.525,-1.761,1.568,3.472
59.636,-1.760,1.566,3.471
59.748,-1.757,1.564,3.471
59.859,-1.753,1.564,3.470
59.970,-1.750,1.566,3.470
60.081,-1.748,1.567,3.471
60.192,-1.744,1.568,3.471
60.302,-1.742,1.568,3.470
60.413,-1.743,1.565,3.468
60.525,-1.745,1.564,3.469
60.636,-1.750,1.564,3.470
60.746,-1.756,1.565,3.471
60.857,-1.762,1.566,3.471
60.968,-1.768,1.566,3.471
61.080,-1.774,1.566,3.471
61.190,-1.780,1.568,3.469
61.301,-1.786,1.567,3.468
61.413,-1.790,1.566,3.466
61.524,-1.792,1.565,3.462
61.635,-1.793,1.564,3.461
61.746,-1.789,1.566,3.470
61.857,-1.781,1.569,3.485
61.969,-1.775,1.570,3.499
62.080,-1.776,1.569,3.506
62.192,-1.782,1.570,3.511
62.301,-1.790,1.570,3.515
62.413,-1.796,1.570,3.519
62.524,-1.802,1.564,3.520
62.635,-1.803,1.560,3.518
62.746,-1.802,1.559,3.517
62.857,-1.799,1.557,3.515
62.968,-1.794,1.555,3.513
63.079,-1.789,1.553,3.510
63.190,-1.782,1.550,3.507
63.301,-1.775,1.549,3.506
63.412,-1.767,1.548,3.505
63.523,-1.762,1.547,3.506
63.635,-1.758,1.546,3.509
63.746,-1.755,1.544,3.511
63.857,-1.755,1.543,3.514
63.968,-1.755,1.543,3.517
64.079,-1.753,1.543,3.521
64.190,-1.750,1.544,3.524
64.301,-1.748,1.546,3.526
64.413,-1.743,1.548,3.528
64.524,-1.738,1.549,3.530
64.635,-1.733,1.550,3.533
64.746,-1.729,1.551,3.536
64.858,-1.724,1.552,3.539
64.969,-1.720,1.553,3.542
65.081,-1.716,1.555,3.545
65.188,-1.713,1.556,3.548
65.301,-1.710,1.557,3.550
65.412,-1.708,1.558,3.551
65.523,-1.707,1.559,3.551
65.634,-1.706,1.559,3.551
65.745,-1.707,1.560,3.550
65.856,-1.709,1.561,3.547
65.968,-1.710,1.561,3.543
66.079,-1.711,1.562,3.537
66.190,-1.711,1.563,3.531
66.301,-1.712,1.564,3.525
66.412,-1.714,1.566,3.522
66.524,-1.717,1.568,3.520
66.635,-1.718,1.569,3.520
66.746,-1.720,1.571,3.521
66.857,-1.719,1.577,3.526
66.968,-1.715,1.582,3.541
67.079,-1.704,1.578,3.564
67.190,-1.685,1.574,3.588
67.302,-1.662,1.577,3.608
67.413,-1.641,1.598,3.620
67.525,-1.629,1.612,3.623
67.636,-1.632,1.609,3.621
67.748,-1.647,1.616,3.617
67.859,-1.671,1.619,3.616
67.970,-1.700,1.615,3.626
68.081,-1.731,1.614,3.643
68.192,-1.759,1.610,3.663
68.303,-1.782,1.611,3.679
68.414,-1.806,1.605,3.687
68.525,-1.834,1.604,3.688
68.637,-1.865,1.606,3.680
68.747,-1.899,1.604,3.665
68.859,-1.929,1.610,3.643
68.969,-1.957,1.616,3.619
69.082,-1.979,1.616,3.599
69.192,-1.996,1.613,3.582
69.304,-2.007,1.609,3.568
69.414,-2.015,1.607,3.556
69.525,-2.023,1.605,3.544
69.637,-2.031,1.604,3.536
69.748,-2.038,1.601,3.531
69.859,-2.045,1.599,3.528
69.970,-2.051,1.599,3.528
70.081,-2.054,1.598,3.527
70.192,-2.057,1.598,3.528
70.303,-2.058,1.599,3.531
70.415,-2.059,1.598,3.535
70.525,-2.060,1.598,3.539
70.637,-2.060,1.596,3.542
70.747,-2.061,1.593,3.543
70.859,-2.061,1.593,3.544
70.970,-2.057,1.595,3.548
71.081,-2.042,1.600,3.560
71.192,-2.022,1.599,3.585
71.303,-2.002,1.606,3.622
71.415,-1.985,1.612,3.663
71.526,-1.973,1.613,3.701
71.637,-1.966,1.612,3.736
71.748,-1.964,1.613,3.766
71.859,-1.965,1.614,3.791
71.970,-1.967,1.616,3.810
72.081,-1.965,1.616,3.822
72.192,-1.960,1.612,3.830
72.303,-1.950,1.604,3.834
72.414,-1.939,1.598,3.832
72.526,-1.931,1.594,3.829
72.636,-1.924,1.592,3.824
72.748,-1.921,1.590,3.818
72.859,-1.922,1.588,3.810
72.970,-1.923,1.591,3.801
73.081,-1.927,1.592,3.793
73.192,-1.932,1.593,3.789
73.303,-1.937,1.594,3.786
73.414,-1.943,1.595,3.784
73.526,-1.948,1.596,3.782
73.636,-1.953,1.599,3.779
73.747,-1.955,1.602,3.776
73.859,-1.953,1.598,3.771
73.972,-1.949,1.601,3.765
74.078,-1.952,1.617,3.754
74.189,-1.952,1.622,3.743
74.301,-1.946,1.616,3.739
74.412,-1.939,1.615,3.728
74.523,-1.940,1.620,3.711
74.635,-1.945,1.623,3.692
74.746,-1.949,1.619,3.672
74.857,-1.955,1.615,3.651
74.968,-1.971,1.619,3.634
75.079,-1.988,1.622,3.621
75.190,-2.004,1.618,3.609
75.301,-2.020,1.618,3.600
75.412,-2.034,1.621,3.596
75.524,-2.041,1.624,3.593
75.635,-2.040,1.624,3.590
75.746,-2.035,1.624,3.587
75.857,-2.028,1.622,3.587
75.969,-2.018,1.623,3.589
76.080,-2.008,1.622,3.596
76.191,-1.995,1.622,3.609
76.302,-1.983,1.622,3.627
76.414,-1.971,1.621,3.647
76.525,-1.960,1.617,3.670
76.636,-1.953,1.611,3.695
76.748,-1.949,1.608,3.719
76.859,-1.952,1.604,3.741
76.969,-1.958,1.600,3.759
77.081,-1.964,1.597,3.772
77.192,-1.968,1.595,3.780
77.303,-1.972,1.591,3.784
77.413,-1.974,1.588,3.787
77.526,-1.975,1.587,3.787
77.636,-1.976,1.587,3.789
77.747,-1.978,1.586,3.792
77.859,-1.980,1.585,3.794
77.970,-1.983,1.583,3.796
78.081,-1.989,1.581,3.798
78.192,-1.997,1.579,3.800
78.302,-2.012,1.574,3.807
78.414,-2.038,1.564,3.817
78.525,-2.062,1.556,3.823
78.637,-2.078,1.552,3.824
78.746,-2.085,1.550,3.823
78.858,-2.087,1.550,3.822
78.969,-2.084,1.550,3.821
79.081,-2.078,1.551,3.821
79.192,-2.072,1.552,3.822
79.302,-2.066,1.552,3.823
79.414,-2.059,1.554,3.826
79.525,-2.052,1.554,3.829
79.636,-2.038,1.569,3.834
79.746,-2.018,1.594,3.826
79.858,-1.998,1.609,3.808
79.970,-1.975,1.612,3.787
80.081,-1.953,1.610,3.754
80.193,-1.946,1.614,3.711
80.303,-1.955,1.616,3.666
80.414,-1.976,1.613,3.629
80.526,-1.999,1.609,3.608
80.637,-2.017,1.611,3.598
80.748,-2.024,1.614,3.594
80.859,-2.020,1.618,3.591
80.970,-2.010,1.619,3.589
81.081,-1.998,1.619,3.590
81.192,-1.990,1.621,3.594
81.304,-1.987,1.620,3.599
81.415,-1.985,1.622,3.604
81.526,-1.981,1.624,3.612
81.637,-1.975,1.627,3.623
81.748,-1.969,1.628,3.637
81.860,-1.966,1.628,3.649
81.970,-1.964,1.628,3.661
82.081,-1.962,1.628,3.676
82.193,-1.962,1.627,3.693
82.304,-1.965,1.628,3.714
82.415,-1.971,1.627,3.735
82.526,-1.982,1.630,3.754
82.638,-1.993,1.633,3.768
82.748,-2.002,1.637,3.777
82.859,-2.003,1.638,3.780
82.970,-1.992,1.638,3.771
83.081,-1.978,1.636,3.748
83.192,-1.970,1.633,3.717
83.303,-1.974,1.631,3.685
83.415,-1.984,1.630,3.659
83.525,-2.002,1.627,3.636
83.637,-2.023,1.625,3.618
83.747,-2.041,1.625,3.608
83.859,-2.054,1.625,3.603
83.970,-2.062,1.630,3.599
84.081,-2.063,1.642,3.599
84.193,-2.058,1.654,3.607
84.303,-2.048,1.664,3.621
84.415,-2.044,1.666,3.637
84.527,-2.045,1.666,3.648
84.638,-2.049,1.665,3.657
84.747,-2.054,1.662,3.670
84.858,-2.057,1.660,3.682
84.969,-2.058,1.658,3.689
85.081,-2.048,1.657,3.687
85.192,-2.027,1.651,3.679
85.302,-2.005,1.644,3.663
85.413,-1.986,1.636,3.647
85.525,-1.977,1.632,3.638
85.638,-1.975,1.633,3.638
85.748,-1.973,1.635,3.648
85.860,-1.971,1.635,3.661
85.971,-1.971,1.636,3.674
86.081,-1.974,1.638,3.689
86.192,-1.977,1.639,3.706
86.303,-1.983,1.638,3.725
86.414,-1.990,1.634,3.743
86.525,-1.991,1.630,3.756
86.637,-1.987,1.623,3.765
86.747,-1.981,1.613,3.772
86.859,-1.972,1.605,3.776
86.969,-1.962,1.597,3.779
87.081,-1.951,1.591,3.781
87.192,-1.939,1.588,3.785
87.303,-1.929,1.584,3.792
87.414,-1.921,1.581,3.803
87.525,-1.916,1.578,3.821
87.636,-1.913,1.576,3.845
87.748,-1.912,1.571,3.876
87.859,-1.909,1.564,3.909
87.970,-1.903,1.559,3.941
88.081,-1.899,1.556,3.969
88.192,-1.894,1.549,3.995
88.302,-1.886,1.538,4.012
88.413,-1.880,1.528,4.021
88.524,-1.866,1.525,4.031
88.635,-1.846,1.519,4.046
88.746,-1.827,1.518,4.066
88.857,-1.816,1.514,4.082
88.968,-1.812,1.509,4.089
89.080,-1.820,1.505,4.086
89.187,-1.832,1.506,4.080
89.300,-1.843,1.509,4.074
89.411,-1.850,1.510,4.070
89.522,-1.855,1.511,4.065
89.634,-1.859,1.512,4.059
89.745,-1.864,1.514,4.051
89.856,-1.870,1.520,4.044
89.968,-1.878,1.524,4.039
90.079,-1.882,1.527,4.034
90.190,-1.886,1.530,4.030
90.301,-1.888,1.533,4.027
90.413,-1.889,1.535,4.026
90.523,-1.890,1.534,4.024
90.635,-1.893,1.535,4.023
90.746,-1.896,1.535,4.021
90.857,-1.898,1.534,4.018
90.968,-1.899,1.536,4.015
91.079,-1.900,1.536,4.013
91.191,-1.900,1.537,4.012
91.302,-1.900,1.536,4.011
91.413,-1.900,1.536,4.011
91.524,-1.899,1.535,4.009
91.635,-1.898,1.535,4.006
91.746,-1.896,1.535,4.004
91.857,-1.895,1.535,4.002
91.968,-1.894,1.535,4.001
92.079,-1.894,1.535,3.999
92.191,-1.893,1.535,3.998
92.301,-1.893,1.536,3.998
92.413,-1.892,1.536,3.998
92.524,-1.891,1.536,3.999
92.634,-1.890,1.537,4.001
92.746,-1.890,1.537,4.002
92.857,-1.890,1.537,4.004
92.969,-1.890,1.536,4.005
93.079,-1.890,1.536,4.005
93.191,-1.889,1.535,4.005
93.302,-1.888,1.535,4.005
93.413,-1.887,1.534,4.003
93.524,-1.886,1.534,4.002
93.635,-1.885,1.533,4.000
93.746,-1.884,1.533,3.997
93.858,-1.883,1.533,3.995
93.969,-1.882,1.533,3.993
94.081,-1.880,1.533,3.990
94.192,-1.878,1.533,3.986
94.303,-1.876,1.533,3.983
94.414,-1.874,1.533,3.979
94.525,-1.872,1.533,3.976
94.636,-1.870,1.534,3.973
94.747,-1.869,1.534,3.972
94.858,-1.868,1.534,3.971
94.969,-1.868,1.534,3.970
95.080,-1.869,1.533,3.969
95.192,-1.869,1.534,3.967
95.303,-1.869,1.535,3.966
95.414,-1.873,1.536,3.968
95.525,-1.879,1.537,3.970
95.636,-1.886,1.539,3.972
95.747,-1.895,1.540,3.972
95.858,-1.904,1.542,3.969
95.970,-1.912,1.543,3.965
96.080,-1.919,1.543,3.961
96.191,-1.925,1.544,3.958
96.303,-1.929,1.547,3.956
96.413,-1.933,1.548,3.955
96.525,-1.935,1.549,3.954
96.636,-1.937,1.550,3.953
96.747,-1.939,1.551,3.952
96.858,-1.942,1.551,3.950
96.969,-1.945,1.551,3.948
97.080,-1.948,1.550,3.946
97.191,-1.952,1.549,3.943
97.302,-1.957,1.548,3.942
97.413,-1.960,1.548,3.941
97.524,-1.963,1.549,3.939
97.635,-1.964,1.549,3.938
97.747,-1.964,1.549,3.938
97.858,-1.962,1.550,3.937
97.969,-1.961,1.549,3.937
98.080,-1.962,1.549,3.936
98.191,-1.968,1.542,3.931
98.302,-1.975,1.541,3.926
98.414,-1.976,1.541,3.924
98.524,-1.973,1.537,3.924
98.636,-1.971,1.533,3.925
98.747,-1.969,1.531,3.926
98.859,-1.967,1.528,3.928
98.969,-1.966,1.526,3.931
99.081,-1.964,1.525,3.935
99.191,-1.965,1.522,3.938
99.303,-1.967,1.521,3.941
99.414,-1.971,1.523,3.941
99.525,-1.979,1.527,3.940
99.636,-1.986,1.529,3.940
99.747,-1.990,1.529,3.940
99.858,-1.990,1.532,3.942
99.969,-1.987,1.535,3.944
100.081,-1.979,1.542,3.946
100.192,-1.970,1.547,3.946
100.303,-1.964,1.548,3.944
100.414,-1.957,1.546,3.943
100.525,-1.953,1.543,3.940
100.636,-1.950,1.542,3.938
100.746,-1.952,1.539,3.937
100.858,-1.957,1.536,3.932
100.969,-1.963,1.534,3.928
101.080,-1.969,1.533,3.925
101.191,-1.971,1.533,3.926
101.300,-1.972,1.533,3.926
101.412,-1.970,1.534,3.927
101.523,-1.969,1.535,3.928
101.635,-1.967,1.537,3.930
101.746,-1.966,1.538,3.932
101.857,-1.965,1.538,3.933
101.968,-1.964,1.538,3.933
102.079,-1.964,1.538,3.932
102.190,-1.963,1.539,3.931
102.301,-1.963,1.539,3.931
102.413,-1.963,1.540,3.930
102.524,-1.964,1.539,3.929
102.635,-1.966,1.539,3.928
102.746,-1.970,1.538,3.928
102.857,-1.974,1.538,3.929
102.968,-1.977,1.538,3.930
103.080,-1.980,1.538,3.931
103.190,-1.982,1.538,3.932
103.302,-1.984,1.538,3.933
103.413,-1.984,1.538,3.934
103.524,-1.985,1.538,3.935
103.636,-1.985,1.540,3.936
103.746,-1.986,1.545,3.938
103.857,-1.988,1.550,3.940
103.969,-1.990,1.552,3.942
104.080,-1.994,1.553,3.944
104.191,-1.997,1.554,3.945
104.302,-1.998,1.556,3.945
104.414,-1.998,1.559,3.944
104.524,-1.995,1.560,3.943
104.636,-1.992,1.561,3.943
104.747,-1.991,1.562,3.944
104.858,-1.989,1.562,3.945
104.969,-1.988,1.561,3.946
105.080,-1.988,1.560,3.947
105.191,-1.989,1.559,3.947
105.302,-1.988,1.560,3.946
105.414,-1.987,1.560,3.946
105.525,-1.986,1.560,3.944
105.636,-1.984,1.559,3.942
105.748,-1.983,1.557,3.941
105.858,-1.983,1.558,3.940
105.968,-1.982,1.559,3.939
106.080,-1.980,1.558,3.938
106.191,-1.979,1.557,3.937
106.302,-1.979,1.556,3.936
106.413,-1.979,1.555,3.936
106.524,-1.980,1.555,3.936
106.635,-1.981,1.554,3.935
106.747,-1.982,1.553,3.935
106.858,-1.984,1.554,3.936
106.969,-1.986,1.554,3.938
107.080,-1.988,1.555,3.939
107.192,-1.989,1.556,3.941
107.302,-1.987,1.558,3.942
107.414,-1.985,1.559,3.942
107.524,-1.981,1.559,3.943
107.635,-1.975,1.558,3.944
107.747,-1.971,1.556,3.946
107.858,-1.967,1.557,3.946
107.969,-1.963,1.557,3.946
108.080,-1.960,1.557,3.945
108.191,-1.957,1.558,3.943
108.303,-1.955,1.557,3.942
108.413,-1.953,1.556,3.941
108.525,-1.951,1.556,3.943
108.636,-1.950,1.556,3.945
108.747,-1.948,1.557,3.950
108.858,-1.946,1.557,3.954
108.969,-1.945,1.556,3.959
109.080,-1.944,1.556,3.965
109.191,-1.944,1.556,3.969
109.303,-1.943,1.557,3.974
109.414,-1.941,1.558,3.979
109.525,-1.939,1.559,3.983
109.636,-1.938,1.559,3.985
109.748,-1.939,1.559,3.986
109.858,-1.940,1.560,3.986
109.965,-1.941,1.562,3.984
110.077,-1.944,1.564,3.983
110.188,-1.946,1.564,3.981
110.300,-1.951,1.563,3.976
110.410,-1.956,1.561,3.971
110.521,-1.958,1.560,3.966
110.633,-1.959,1.558,3.962
110.745,-1.959,1.553,3.958
110.856,-1.949,1.550,3.957
110.968,-1.931,1.553,3.961
111.079,-1.916,1.552,3.964
111.190,-1.912,1.551,3.966
111.301,-1.915,1.552,3.966
111.412,-1.923,1.552,3.963
111.524,-1.938,1.546,3.955
111.635,-1.953,1.542,3.943
111.746,-1.958,1.546,3.934
111.857,-1.954,1.551,3.929
111.968,-1.947,1.553,3.930
112.079,-1.942,1.553,3.933
112.190,-1.937,1.555,3.937
112.302,-1.933,1.555,3.940
112.413,-1.930,1.555,3.943
112.524,-1.929,1.554,3.945
112.635,-1.928,1.555,3.946
112.746,-1.928,1.554,3.946
112.857,-1.929,1.553,3.945
112.969,-1.931,1.552,3.945
113.080,-1.933,1.552,3.946
113.191,-1.935,1.553,3.947
113.302,-1.936,1.553,3.948
113.414,-1.937,1.552,3.949
113.524,-1.938,1.553,3.949
113.636,-1.938,1.553,3.949
113.747,-1.939,1.553,3.948
113.858,-1.938,1.554,3.947
113.970,-1.939,1.553,3.946
114.081,-1.938,1.553,3.944
114.192,-1.938,1.554,3.942
114.303,-1.937,1.555,3.939
114.414,-1.937,1.555,3.938
114.525,-1.936,1.556,3.936
114.637,-1.935,1.556,3.934
114.747,-1.935,1.555,3.932
114.858,-1.935,1.555,3.930
114.970,-1.935,1.554,3.928
115.081,-1.935,1.554,3.927
115.192,-1.934,1.553,3.926
115.303,-1.933,1.552,3.925
115.415,-1.932,1.551,3.923
115.525,-1.932,1.550,3.921
115.636,-1.931,1.549,3.919
115.747,-1.930,1.548,3.918
115.859,-1.930,1.548,3.918
115.970,-1.929,1.548,3.919
116.081,-1.929,1.548,3.919
116.192,-1.929,1.548,3.918
116.303,-1.928,1.548,3.918
116.414,-1.928,1.547,3.918
116.525,-1.927,1.548,3.919
116.637,-1.926,1.547,3.918
116.748,-1.926,1.547,3.918
116.859,-1.925,1.548,3.919
116.969,-1.925,1.547,3.920
117.081,-1.925,1.548,3.920
117.192,-1.926,1.549,3.921
117.304,-1.926,1.550,3.922
117.414,-1.925,1.551,3.923
117.525,-1.924,1.550,3.924
117.636,-1.924,1.550,3.924
117.748,-1.925,1.550,3.925
117.859,-1.926,1.550,3.927
117.970,-1.926,1.550,3.929
118.081,-1.929,1.552,3.931
118.192,-1.936,1.551,3.935
118.303,-1.947,1.550,3.938
118.415,-1.958,1.548,3.943
118.525,-1.966,1.547,3.947
118.636,-1.971,1.550,3.949
118.748,-1.972,1.552,3.950
118.859,-1.973,1.552,3.950
118.969,-1.974,1.552,3.949
119.080,-1.974,1.552,3.948
119.191,-1.974,1.551,3.948
119.302,-1.973,1.551,3.946
119.415,-1.972,1.551,3.945
119.525,-1.971,1.551,3.943
119.636,-1.970,1.551,3.942
119.747,-1.969,1.551,3.941
119.858,-1.969,1.550,3.939
119.969,-1.968,1.550,3.938
120.081,-1.967,1.551,3.936
120.193,-1.966,1.551,3.935
120.303,-1.964,1.551,3.934
120.414,-1.964,1.551,3.933
120.525,-1.963,1.551,3.933
120.637,-1.963,1.551,3.934
120.745,-1.963,1.551,3.935
120.857,-1.963,1.551,3.935
120.968,-1.962,1.552,3.934
121.079,-1.962,1.552,3.934
121.190,-1.963,1.551,3.934
121.302,-1.964,1.551,3.935
121.413,-1.966,1.551,3.935
121.524,-1.967,1.551,3.936
121.635,-1.968,1.550,3.937
121.746,-1.969,1.551,3.938
121.857,-1.970,1.550,3.938
121.969,-1.971,1.550,3.938
122.080,-1.972,1.551,3.938
122.191,-1.972,1.551,3.938
122.302,-1.973,1.551,3.939
122.413,-1.973,1.551,3.940
122.524,-1.974,1.551,3.942
122.636,-1.974,1.551,3.942
122.746,-1.974,1.551,3.941
122.858,-1.974,1.551,3.940
122.969,-1.975,1.551,3.940
123.080,-1.975,1.551,3.941
123.191,-1.974,1.551,3.941
123.302,-1.974,1.550,3.942
123.413,-1.974,1.550,3.942
123.524,-1.974,1.550,3.943
123.636,-1.974,1.551,3.942
123.747,-1.973,1.551,3.942
123.858,-1.971,1.552,3.942
123.969,-1.968,1.551,3.942
124.080,-1.967,1.551,3.941
124.191,-1.966,1.551,3.940
124.302,-1.964,1.551,3.939
124.413,-1.962,1.552,3.939
124.525,-1.959,1.551,3.938
124.636,-1.957,1.550,3.937
124.747,-1.956,1.550,3.937
124.858,-1.956,1.549,3.936
124.969,-1.954,1.548,3.936
125.080,-1.952,1.548,3.935
125.191,-1.950,1.548,3.935
125.302,-1.949,1.547,3.934
125.413,-1.948,1.546,3.934
125.524,-1.948,1.546,3.933
125.636,-1.948,1.546,3.932
125.747,-1.948,1.547,3.931
125.858,-1.948,1.547,3.929
125.969,-1.948,1.547,3.928
126.080,-1.949,1.547,3.927
126.191,-1.950,1.547,3.927
126.303,-1.951,1.547,3.926
126.414,-1.952,1.547,3.926
126.525,-1.951,1.551,3.926
126.636,-1.950,1.554,3.927
126.748,-1.949,1.554,3.928
126.859,-1.950,1.553,3.928
126.970,-1.949,1.555,3.929
127.081,-1.950,1.556,3.931
127.192,-1.950,1.555,3.934
127.303,-1.951,1.554,3.937
127.414,-1.952,1.553,3.939
127.526,-1.953,1.553,3.939
127.637,-1.955,1.552,3.940
127.748,-1.957,1.551,3.940
127.858,-1.959,1.552,3.941
127.970,-1.960,1.552,3.942
128.081,-1.960,1.551,3.946
128.192,-1.957,1.554,3.951
128.302,-1.952,1.556,3.959
128.414,-1.946,1.558,3.972
128.525,-1.939,1.558,3.987
128.636,-1.929,1.559,4.000
128.748,-1.922,1.559,4.010
128.859,-1.918,1.559,4.019
128.970,-1.919,1.559,4.026
129.081,-1.926,1.558,4.027
129.192,-1.937,1.554,4.021
129.303,-1.950,1.550,4.012
129.415,-1.964,1.548,4.004
129.525,-1.975,1.549,3.998
129.637,-1.982,1.555,3.987
129.748,-1.982,1.568,3.970
129.858,-1.981,1.575,3.955
129.970,-1.982,1.576,3.942
130.081,-1.983,1.579,3.932
130.192,-1.985,1.580,3.925
130.303,-1.988,1.580,3.922
130.414,-1.995,1.582,3.919
130.525,-2.004,1.583,3.916
130.636,-2.013,1.583,3.910
130.747,-2.022,1.584,3.901
130.858,-2.028,1.587,3.890
130.969,-2.033,1.590,3.879
131.081,-2.038,1.591,3.867
131.191,-2.042,1.591,3.854
131.302,-2.045,1.592,3.841
131.414,-2.046,1.592,3.827
131.525,-2.046,1.591,3.813
131.636,-2.048,1.589,3.802
131.747,-2.050,1.588,3.795
131.859,-2.052,1.588,3.790
131.969,-2.054,1.588,3.785
132.081,-2.056,1.588,3.781
132.192,-2.055,1.589,3.778
132.303,-2.054,1.590,3.777
132.415,-2.052,1.590,3.777
132.525,-2.051,1.588,3.778
132.636,-2.049,1.587,3.780
132.747,-2.047,1.587,3.782
132.858,-2.047,1.587,3.785
132.970,-2.046,1.587,3.787
133.081,-2.046,1.588,3.790
133.192,-2.046,1.588,3.791
133.303,-2.047,1.587,3.792
133.414,-2.048,1.586,3.792
133.525,-2.050,1.586,3.791
133.637,-2.051,1.586,3.790
133.748,-2.052,1.587,3.790
133.859,-2.051,1.588,3.788
133.970,-2.051,1.588,3.786
134.081,-2.050,1.587,3.784
134.192,-2.049,1.586,3.782
134.303,-2.047,1.585,3.780
134.414,-2.046,1.584,3.778
134.525,-2.044,1.585,3.776
134.636,-2.042,1.586,3.775
134.747,-2.038,1.588,3.777
134.858,-2.034,1.590,3.778
134.969,-2.030,1.592,3.778
135.081,-2.027,1.594,3.777
135.192,-2.024,1.595,3.778
135.303,-2.023,1.593,3.777
135.415,-2.024,1.591,3.776
135.525,-2.025,1.590,3.776
135.636,-2.027,1.589,3.776
135.748,-2.029,1.589,3.778
135.859,-2.030,1.590,3.780
135.970,-2.030,1.590,3.782
136.081,-2.030,1.590,3.785
136.192,-2.030,1.589,3.787
136.303,-2.032,1.589,3.789
136.415,-2.032,1.590,3.789
136.525,-2.033,1.588,3.791
136.637,-2.033,1.587,3.792
136.747,-2.034,1.587,3.792
136.858,-2.033,1.587,3.791
136.970,-2.027,1.588,3.791
137.081,-2.017,1.589,3.792
137.190,-2.002,1.593,3.789
137.300,-1.986,1.601,3.776
137.412,-1.976,1.606,3.757
137.524,-1.973,1.607,3.739
137.635,-1.975,1.605,3.724
137.746,-1.982,1.604,3.710
137.858,-1.990,1.602,3.701
137.969,-1.994,1.601,3.696
138.081,-1.994,1.599,3.700
138.192,-1.989,1.598,3.711
138.302,-1.983,1.597,3.727
138.413,-1.978,1.595,3.744
138.524,-1.973,1.593,3.761
138.635,-1.971,1.591,3.777
138.746,-1.970,1.589,3.790
138.857,-1.969,1.587,3.798
138.968,-1.968,1.587,3.803
139.079,-1.967,1.587,3.805
139.190,-1.969,1.587,3.805
139.301,-1.970,1.587,3.807
139.413,-1.974,1.588,3.813
139.523,-1.977,1.592,3.821
139.635,-1.976,1.596,3.824
139.746,-1.968,1.603,3.815
139.858,-1.956,1.617,3.788
139.970,-1.955,1.621,3.750
140.081,-1.966,1.616,3.713
140.192,-1.979,1.618,3.680
140.303,-1.988,1.616,3.648
140.414,-1.993,1.612,3.615
140.525,-1.992,1.613,3.578
140.636,-1.986,1.607,3.539
140.747,-1.971,1.599,3.496
140.859,-1.944,1.591,3.446
140.968,-1.904,1.582,3.392
141.080,-1.854,1.579,3.330
141.192,-1.801,1.597,3.260
141.304,-1.753,1.609,3.190
141.413,-1.715,1.615,3.122
141.525,-1.688,1.617,3.055
141.636,-1.672,1.611,2.989
141.748,-1.666,1.612,2.920
141.858,-1.659,1.617,2.860
141.967,-1.652,1.620,2.815
142.079,-1.644,1.622,2.789
142.190,-1.632,1.622,2.781
142.302,-1.612,1.618,2.790
142.412,-1.587,1.612,2.812
142.524,-1.563,1.610,2.842
142.635,-1.541,1.613,2.870
142.747,-1.526,1.614,2.896
142.858,-1.521,1.612,2.921
142.969,-1.522,1.612,2.942
143.080,-1.526,1.614,2.959
143.192,-1.529,1.614,2.972
143.303,-1.530,1.614,2.978
143.414,-1.530,1.614,2.982
143.525,-1.528,1.613,2.984
143.637,-1.527,1.612,2.987
143.750,-1.528,1.612,2.989
143.858,-1.527,1.614,2.988
143.970,-1.527,1.614,2.986
144.080,-1.526,1.613,2.985
144.192,-1.527,1.612,2.982
144.303,-1.525,1.610,2.980
144.414,-1.527,1.609,2.978
144.525,-1.532,1.609,2.975
144.636,-1.536,1.609,2.972
144.747,-1.540,1.608,2.968
144.858,-1.543,1.607,2.965
144.970,-1.544,1.607,2.962
145.081,-1.545,1.607,2.960
145.192,-1.545,1.607,2.958
145.304,-1.544,1.608,2.956
145.414,-1.542,1.609,2.954
145.526,-1.541,1.608,2.952
145.637,-1.538,1.607,2.950
145.748,-1.536,1.605,2.948
145.859,-1.534,1.605,2.947
145.970,-1.533,1.606,2.947
146.082,-1.532,1.605,2.946
146.192,-1.532,1.605,2.945
146.304,-1.533,1.605,2.946
146.415,-1.534,1.605,2.947
146.526,-1.535,1.605,2.949
146.637,-1.537,1.606,2.951
146.748,-1.538,1.606,2.954
146.860,-1.539,1.606,2.956
146.970,-1.541,1.606,2.957
147.082,-1.544,1.606,2.959
147.192,-1.546,1.607,2.961
147.303,-1.549,1.606,2.964
147.414,-1.551,1.607,2.968
147.525,-1.553,1.608,2.972
147.637,-1.553,1.608,2.976
147.748,-1.553,1.608,2.978
147.859,-1.552,1.608,2.981
147.970,-1.552,1.607,2.982
148.081,-1.551,1.607,2.984
148.192,-1.547,1.609,2.984
148.304,-1.540,1.611,2.980
148.414,-1.527,1.611,2.975
148.525,-1.508,1.610,2.968
148.637,-1.486,1.608,2.960
148.748,-1.465,1.598,2.949
148.859,-1.446,1.590,2.933
148.970,-1.427,1.588,2.914
149.082,-1.409,1.584,2.891
149.192,-1.391,1.576,2.864
149.303,-1.371,1.571,2.831
149.415,-1.348,1.573,2.796
149.525,-1.328,1.571,2.768
149.625,-1.317,1.567,2.755
149.734,-1.311,1.564,2.753
149.845,-1.312,1.561,2.757
149.956,-1.319,1.559,2.761
150.068,-1.329,1.556,2.765
150.178,-1.341,1.553,2.769
150.290,-1.350,1.551,2.775
150.400,-1.358,1.550,2.777
150.512,-1.361,1.553,2.776
150.623,-1.357,1.557,2.769
150.733,-1.348,1.559,2.758
150.845,-1.337,1.560,2.747
150.956,-1.327,1.558,2.740
151.067,-1.321,1.555,2.736
151.179,-1.318,1.552,2.735
151.290,-1.319,1.551,2.737
151.400,-1.321,1.550,2.742
151.511,-1.325,1.551,2.751
151.623,-1.331,1.554,2.765
151.734,-1.342,1.558,2.786
151.845,-1.360,1.559,2.814
151.957,-1.382,1.571,2.839
152.068,-1.406,1.580,2.865
152.178,-1.429,1.588,2.888
152.290,-1.451,1.590,2.909
152.400,-1.471,1.593,2.926
152.512,-1.489,1.599,2.937
152.623,-1.503,1.608,2.943
152.734,-1.511,1.613,2.946
152.845,-1.512,1.617,2.946
152.956,-1.511,1.620,2.944
153.068,-1.510,1.621,2.942
153.179,-1.511,1.620,2.940
153.290,-1.515,1.619,2.938
153.401,-1.518,1.617,2.937
153.512,-1.522,1.615,2.938
153.623,-1.527,1.614,2.938
153.734,-1.532,1.616,2.937
153.846,-1.538,1.616,2.935
153.957,-1.541,1.616,2.934
154.067,-1.543,1.615,2.934
154.178,-1.542,1.616,2.933
154.290,-1.541,1.616,2.933
154.401,-1.539,1.615,2.935
154.511,-1.536,1.614,2.938
154.623,-1.533,1.615,2.941
154.734,-1.529,1.615,2.943
154.845,-1.524,1.616,2.944
154.957,-1.517,1.616,2.942
155.068,-1.508,1.617,2.936
155.178,-1.496,1.615,2.927
155.290,-1.485,1.609,2.913
155.401,-1.478,1.606,2.892
155.512,-1.476,1.601,2.865
155.623,-1.478,1.591,2.837
155.734,-1.481,1.591,2.806
155.845,-1.482,1.589,2.778
155.956,-1.482,1.584,2.759
156.067,-1.482,1.578,2.750
156.178,-1.482,1.575,2.751
156.289,-1.485,1.575,2.756
156.401,-1.490,1.576,2.763
156.512,-1.498,1.578,2.771
156.623,-1.509,1.578,2.777
156.734,-1.521,1.578,2.779
156.845,-1.533,1.579,2.780
156.956,-1.544,1.579,2.778
157.067,-1.554,1.579,2.775
157.178,-1.560,1.579,2.775
157.289,-1.561,1.580,2.781
157.400,-1.560,1.580,2.793
157.511,-1.556,1.581,2.809
157.623,-1.549,1.579,2.825
157.734,-1.539,1.577,2.841
157.845,-1.530,1.574,2.859
157.957,-1.519,1.572,2.879
158.068,-1.510,1.570,2.901
158.179,-1.503,1.570,2.921
158.289,-1.498,1.574,2.937
158.400,-1.496,1.578,2.949
158.512,-1.498,1.584,2.959
158.623,-1.505,1.592,2.968
158.734,-1.514,1.605,2.973
158.845,-1.523,1.616,2.972
158.956,-1.533,1.617,2.968
159.067,-1.544,1.617,2.962
159.178,-1.554,1.617,2.959
159.289,-1.561,1.616,2.957
159.400,-1.565,1.615,2.955
159.512,-1.567,1.614,2.952
159.623,-1.566,1.613,2.950
159.734,-1.563,1.612,2.949
159.845,-1.559,1.613,2.948
159.956,-1.557,1.614,2.949
160.067,-1.555,1.614,2.951
160.179,-1.556,1.614,2.955
160.290,-1.558,1.614,2.959
160.401,-1.559,1.613,2.963
160.512,-1.559,1.613,2.969
160.623,-1.557,1.614,2.973
160.734,-1.556,1.613,2.976
160.845,-1.555,1.613,2.980
160.957,-1.554,1.613,2.983
161.067,-1.554,1.613,2.985
161.178,-1.554,1.614,2.987
161.289,-1.554,1.615,2.988
161.401,-1.554,1.615,2.989
161.512,-1.554,1.616,2.991
161.623,-1.554,1.615,2.993
161.734,-1.554,1.615,2.995
161.845,-1.555,1.615,2.997
161.959,-1.556,1.616,2.999
162.067,-1.556,1.617,3.001
162.178,-1.556,1.617,3.002
162.290,-1.556,1.617,3.003
162.401,-1.557,1.618,3.002
162.512,-1.559,1.618,3.002
162.623,-1.559,1.620,3.001
162.734,-1.556,1.624,2.998
162.845,-1.551,1.631,2.993
162.956,-1.545,1.636,2.989
163.067,-1.538,1.636,2.983
163.178,-1.530,1.633,2.976
163.290,-1.524,1.634,2.968
163.401,-1.522,1.638,2.957
163.511,-1.525,1.646,2.944
163.623,-1.527,1.657,2.931
163.734,-1.528,1.667,2.917
163.846,-1.531,1.669,2.904
163.957,-1.535,1.661,2.902
164.068,-1.541,1.656,2.910
164.178,-1.546,1.644,2.924
164.289,-1.544,1.628,2.943
164.400,-1.541,1.613,2.966
164.511,-1.541,1.606,2.985
164.622,-1.543,1.603,2.999
164.734,-1.548,1.601,3.007
164.844,-1.553,1.598,3.012
164.955,-1.555,1.597,3.014
165.067,-1.553,1.597,3.015
165.178,-1.549,1.597,3.018
165.289,-1.543,1.599,3.021
165.400,-1.539,1.600,3.023
165.511,-1.535,1.600,3.024
165.623,-1.532,1.600,3.023
165.733,-1.531,1.600,3.022
165.844,-1.532,1.600,3.021
165.955,-1.533,1.600,3.020
166.067,-1.532,1.600,3.019
166.178,-1.531,1.600,3.018
166.290,-1.529,1.600,3.018
166.401,-1.528,1.600,3.018
166.512,-1.527,1.601,3.017
166.623,-1.526,1.600,3.018
166.734,-1.524,1.599,3.019
166.845,-1.523,1.598,3.021
166.956,-1.521,1.596,3.023
167.071,-1.521,1.594,3.025
167.177,-1.521,1.594,3.026
167.288,-1.522,1.594,3.026
167.400,-1.523,1.594,3.026
167.511,-1.524,1.594,3.026
167.621,-1.525,1.594,3.025
167.733,-1.526,1.594,3.024
167.844,-1.527,1.595,3.023
167.955,-1.528,1.595,3.022
168.067,-1.530,1.595,3.022
168.178,-1.530,1.594,3.021
168.289,-1.529,1.596,3.019
168.400,-1.529,1.596,3.018
168.511,-1.528,1.596,3.018
168.622,-1.529,1.598,3.017
168.734,-1.530,1.600,3.015
168.845,-1.533,1.600,3.013
168.956,-1.535,1.603,3.009
169.067,-1.538,1.606,3.001
169.178,-1.538,1.610,2.988
169.289,-1.534,1.612,2.971
169.400,-1.519,1.615,2.949
169.511,-1.494,1.613,2.924
169.622,-1.462,1.609,2.897
169.733,-1.426,1.618,2.871
169.844,-1.390,1.627,2.846
169.956,-1.359,1.631,2.822
170.066,-1.332,1.633,2.803
170.178,-1.309,1.631,2.789
170.289,-1.292,1.630,2.781
170.400,-1.281,1.625,2.780
170.510,-1.278,1.618,2.785
170.622,-1.285,1.614,2.790
170.733,-1.296,1.610,2.796
170.844,-1.309,1.606,2.801
170.955,-1.320,1.603,2.805
171.066,-1.332,1.599,2.809
171.178,-1.342,1.597,2.815
171.289,-1.349,1.595,2.820
171.400,-1.356,1.593,2.826
171.512,-1.361,1.592,2.832
171.622,-1.366,1.592,2.838
171.729,-1.369,1.593,2.843
171.841,-1.370,1.594,2.848
171.953,-1.371,1.594,2.854
172.065,-1.371,1.595,2.858
172.175,-1.372,1.595,2.862
172.286,-1.373,1.595,2.865
172.398,-1.374,1.594,2.866
172.509,-1.375,1.593,2.867
172.620,-1.377,1.593,2.866
172.731,-1.379,1.594,2.864
172.842,-1.382,1.595,2.860
172.954,-1.387,1.595,2.855
173.065,-1.393,1.597,2.850
173.176,-1.403,1.598,2.846
173.288,-1.416,1.599,2.848
173.398,-1.432,1.598,2.857
173.510,-1.450,1.596,2.873
173.621,-1.468,1.593,2.891
173.732,-1.486,1.592,2.909
173.844,-1.498,1.593,2.922
173.954,-1.506,1.594,2.929
174.066,-1.511,1.595,2.932
174.177,-1.514,1.595,2.932
174.288,-1.515,1.594,2.932
174.399,-1.515,1.599,2.929
174.511,-1.514,1.600,2.925
174.622,-1.511,1.600,2.923
174.733,-1.506,1.601,2.921
174.844,-1.498,1.601,2.919
174.955,-1.490,1.600,2.918
175.067,-1.483,1.599,2.916
175.177,-1.477,1.598,2.912
175.289,-1.474,1.598,2.909
175.399,-1.473,1.598,2.906
175.510,-1.472,1.598,2.904
175.622,-1.472,1.598,2.901
175.733,-1.473,1.598,2.899
175.844,-1.474,1.599,2.897
175.955,-1.476,1.598,2.895
176.066,-1.477,1.598,2.894
176.177,-1.478,1.597,2.893
176.289,-1.481,1.597,2.894
176.400,-1.483,1.596,2.895
176.511,-1.486,1.596,2.896
176.622,-1.488,1.596,2.898
176.733,-1.490,1.595,2.899
176.844,-1.492,1.595,2.900
176.956,-1.493,1.595,2.901
177.066,-1.494,1.595,2.902
177.178,-1.494,1.596,2.902
177.290,-1.492,1.596,2.901
177.400,-1.488,1.596,2.900
177.511,-1.483,1.595,2.900
177.622,-1.478,1.595,2.901
177.733,-1.475,1.595,2.902
177.844,-1.474,1.595,2.903
177.955,-1.474,1.595,2.903
178.066,-1.475,1.595,2.904
178.177,-1.476,1.595,2.903
178.289,-1.478,1.595,2.902
178.400,-1.479,1.596,2.900
178.512,-1.480,1.596,2.898
178.623,-1.480,1.595,2.896
178.733,-1.480,1.595,2.895
178.845,-1.479,1.595,2.894
178.956,-1.478,1.595,2.895
179.067,-1.478,1.594,2.896
179.178,-1.478,1.594,2.897
179.289,-1.477,1.594,2.900
179.401,-1.476,1.595,2.901
179.511,-1.474,1.595,2.902
179.623,-1.472,1.595,2.903
179.733,-1.470,1.595,2.903
179.844,-1.468,1.595,2.904
179.955,-1.467,1.595,2.905
180.066,-1.467,1.595,2.905
180.178,-1.467,1.595,2.905
180.290,-1.468,1.595,2.904
180.400,-1.470,1.595,2.903
180.511,-1.473,1.595,2.902
180.622,-1.475,1.595,2.901
180.732,-1.476,1.594,2.901
180.844,-1.477,1.594,2.901
180.955,-1.479,1.594,2.901
181.066,-1.479,1.594,2.901
181.177,-1.479,1.594,2.900
181.289,-1.478,1.593,2.899
181.400,-1.475,1.593,2.898
181.511,-1.471,1.592,2.896
181.622,-1.466,1.592,2.893
181.733,-1.460,1.592,2.889
181.845,-1.454,1.593,2.884
181.955,-1.448,1.594,2.879
182.067,-1.443,1.595,2.874
182.178,-1.440,1.599,2.869
182.289,-1.441,1.598,2.868
182.400,-1.448,1.597,2.872
182.511,-1.464,1.594,2.880
182.623,-1.485,1.590,2.890
182.733,-1.503,1.589,2.901
182.844,-1.521,1.585,2.915
182.955,-1.538,1.585,2.935
183.066,-1.555,1.587,2.962
183.177,-1.579,1.586,2.995
183.288,-1.608,1.584,3.026
183.399,-1.638,1.588,3.059
183.510,-1.669,1.589,3.098
183.621,-1.704,1.586,3.147
183.732,-1.742,1.577,3.203
183.843,-1.780,1.569,3.261
183.954,-1.811,1.564,3.314
184.065,-1.834,1.561,3.369
184.176,-1.849,1.557,3.425
184.288,-1.860,1.552,3.487
184.398,-1.862,1.542,3.552
184.510,-1.858,1.537,3.619
184.621,-1.851,1.545,3.693
184.732,-1.844,1.547,3.766
184.843,-1.841,1.546,3.835
184.954,-1.841,1.542,3.906
185.065,-1.847,1.530,3.980
185.176,-1.859,1.517,4.064
185.287,-1.873,1.515,4.163
185.399,-1.884,1.513,4.268
185.509,-1.887,1.498,4.364
185.621,-1.882,1.475,4.452
185.732,-1.872,1.444,4.525
185.843,-1.860,1.412,4.586
185.954,-1.846,1.377,4.638
186.066,-1.833,1.343,4.677
186.176,-1.822,1.317,4.703
186.287,-1.815,1.305,4.719
186.399,-1.809,1.307,4.726
186.510,-1.805,1.311,4.726
186.621,-1.799,1.321,4.719
186.732,-1.792,1.334,4.710
186.843,-1.789,1.347,4.697
186.954,-1.787,1.360,4.680
187.065,-1.786,1.371,4.661
187.176,-1.787,1.385,4.640
187.288,-1.790,1.400,4.617
187.398,-1.793,1.418,4.593
187.509,-1.800,1.438,4.569
187.621,-1.810,1.458,4.540
187.732,-1.824,1.476,4.509
187.843,-1.843,1.489,4.475
187.955,-1.862,1.499,4.444
188.065,-1.878,1.507,4.416
188.177,-1.890,1.512,4.394
188.287,-1.900,1.513,4.379
188.398,-1.905,1.513,4.369
188.509,-1.906,1.512,4.362
188.621,-1.898,1.512,4.357
188.732,-1.880,1.509,4.354
188.843,-1.854,1.499,4.358
188.954,-1.828,1.495,4.372
189.065,-1.818,1.490,4.390
189.177,-1.829,1.477,4.400
189.287,-1.854,1.459,4.400
189.399,-1.882,1.444,4.396
189.510,-1.909,1.434,4.382
189.621,-1.935,1.426,4.360
189.734,-1.954,1.409,4.336
189.844,-1.968,1.379,4.324
189.955,-1.983,1.339,4.324
190.066,-2.003,1.288,4.332
190.177,-2.028,1.224,4.346
190.289,-2.060,1.157,4.363
190.400,-2.099,1.084,4.372
190.511,-2.139,1.009,4.371
190.623,-2.176,0.933,4.365
190.733,-2.208,0.863,4.357
190.845,-2.233,0.811,4.350
190.955,-2.247,0.795,4.344
191.066,-2.249,0.822,4.344
191.177,-2.241,0.885,4.346
191.288,-2.227,0.971,4.344
191.399,-2.207,1.072,4.335
191.510,-2.182,1.182,4.316
191.621,-2.160,1.292,4.281
191.732,-2.140,1.389,4.238
191.843,-2.122,1.459,4.190
191.954,-2.102,1.496,4.149
192.066,-2.073,1.516,4.121
192.179,-2.035,1.539,4.104
192.289,-1.991,1.554,4.090
192.397,-1.945,1.566,4.080
192.509,-1.903,1.578,4.069
192.621,-1.870,1.586,4.057
192.732,-1.850,1.594,4.044
192.843,-1.846,1.603,4.035
192.954,-1.856,1.610,4.034
193.065,-1.873,1.615,4.040
193.177,-1.884,1.617,4.054
193.288,-1.887,1.616,4.067
193.399,-1.887,1.612,4.079
193.510,-1.885,1.611,4.087
193.621,-1.883,1.609,4.092
193.732,-1.881,1.609,4.093
193.843,-1.880,1.608,4.091
193.955,-1.879,1.607,4.090
194.066,-1.878,1.605,4.089
194.177,-1.878,1.604,4.090
194.288,-1.877,1.602,4.092
194.399,-1.876,1.601,4.095
194.511,-1.875,1.599,4.098
194.622,-1.875,1.599,4.099
194.733,-1.877,1.599,4.099
194.844,-1.878,1.599,4.098
194.956,-1.880,1.600,4.096
195.067,-1.882,1.600,4.096
195.178,-1.882,1.601,4.095
195.289,-1.876,1.603,4.095
195.400,-1.849,1.596,4.107
195.511,-1.818,1.590,4.142
195.622,-1.811,1.586,4.182
195.733,-1.819,1.586,4.206
195.845,-1.829,1.586,4.215
195.956,-1.833,1.583,4.216
196.067,-1.832,1.579,4.216
196.177,-1.826,1.577,4.218
196.288,-1.820,1.576,4.222
196.399,-1.816,1.574,4.226
196.510,-1.813,1.572,4.228
196.622,-1.811,1.571,4.230
196.732,-1.810,1.572,4.230
196.844,-1.810,1.573,4.229
196.956,-1.810,1.573,4.229
197.067,-1.811,1.573,4.229
197.177,-1.811,1.573,4.228
197.289,-1.811,1.573,4.229
197.399,-1.812,1.574,4.230
197.510,-1.814,1.575,4.233
197.622,-1.816,1.575,4.236
197.733,-1.816,1.576,4.238
197.843,-1.812,1.580,4.237
197.956,-1.807,1.584,4.232
198.067,-1.801,1.587,4.225
198.178,-1.795,1.590,4.213
198.290,-1.791,1.593,4.197
198.401,-1.790,1.595,4.180
198.512,-1.794,1.599,4.159
198.623,-1.806,1.607,4.132
198.734,-1.827,1.611,4.109
198.845,-1.847,1.610,4.095
198.956,-1.862,1.609,4.090
199.067,-1.873,1.608,4.089
199.178,-1.881,1.606,4.088
199.290,-1.887,1.605,4.087
199.400,-1.891,1.605,4.086
199.511,-1.894,1.605,4.083
199.622,-1.896,1.605,4.080
199.733,-1.899,1.604,4.079
199.844,-1.901,1.603,4.080
199.956,-1.904,1.604,4.080
200.066,-1.905,1.606,4.081
200.177,-1.905,1.606,4.081
200.289,-1.906,1.606,4.083
200.400,-1.908,1.606,4.084
200.512,-1.908,1.606,4.084
200.622,-1.908,1.605,4.084
200.733,-1.906,1.605,4.084
200.845,-1.904,1.603,4.084
200.956,-1.901,1.597,4.083
201.067,-1.891,1.580,4.079
201.179,-1.865,1.566,4.058
201.289,-1.837,1.557,4.019
201.401,-1.815,1.548,3.962
201.512,-1.798,1.535,3.895
201.623,-1.778,1.532,3.824
201.734,-1.751,1.526,3.749
201.845,-1.717,1.513,3.673
201.956,-1.672,1.491,3.588
202.067,-1.614,1.465,3.490
202.178,-1.540,1.449,3.367
202.290,-1.478,1.416,3.247
202.400,-1.429,1.364,3.137
202.512,-1.387,1.287,3.045
202.623,-1.353,1.184,2.974
202.734,-1.324,1.066,2.917
202.845,-1.301,0.956,2.876
202.957,-1.286,0.871,2.851
203.067,-1.287,0.819,2.844
203.179,-1.290,0.826,2.848
203.289,-1.285,0.892,2.851
203.401,-1.291,0.990,2.859
203.512,-1.306,1.096,2.874
203.623,-1.324,1.202,2.896
203.734,-1.347,1.307,2.933
203.845,-1.372,1.400,2.985
203.956,-1.393,1.482,3.044
204.068,-1.413,1.543,3.099
204.178,-1.432,1.581,3.143
204.289,-1.450,1.598,3.179
204.400,-1.466,1.607,3.206
204.512,-1.478,1.610,3.224
204.623,-1.487,1.611,3.236
204.735,-1.494,1.613,3.241
204.845,-1.501,1.615,3.241
204.956,-1.509,1.616,3.241
205.067,-1.518,1.615,3.240
205.178,-1.528,1.610,3.238
205.289,-1.536,1.609,3.236
205.401,-1.543,1.609,3.234
205.511,-1.549,1.607,3.232
205.623,-1.554,1.608,3.232
205.734,-1.557,1.607,3.233
205.845,-1.560,1.605,3.235
205.956,-1.561,1.604,3.238
206.067,-1.562,1.603,3.240
206.178,-1.562,1.605,3.241
206.289,-1.561,1.607,3.241
206.401,-1.559,1.608,3.240
206.512,-1.557,1.610,3.237
206.622,-1.555,1.610,3.234
206.734,-1.551,1.611,3.230
206.844,-1.548,1.611,3.227
206.956,-1.546,1.610,3.225
207.068,-1.543,1.609,3.223
207.178,-1.538,1.608,3.221
207.290,-1.531,1.607,3.220
207.400,-1.522,1.607,3.219
207.511,-1.510,1.606,3.222
207.623,-1.499,1.603,3.226
207.734,-1.497,1.598,3.235
207.845,-1.503,1.593,3.251
207.956,-1.520,1.589,3.277
208.067,-1.542,1.588,3.306
208.178,-1.568,1.585,3.335
208.289,-1.591,1.585,3.372
208.400,-1.611,1.579,3.420
208.510,-1.626,1.575,3.482
208.621,-1.640,1.571,3.558
208.733,-1.652,1.570,3.641
208.843,-1.660,1.570,3.724
208.955,-1.661,1.567,3.801
209.066,-1.652,1.563,3.871
209.177,-1.629,1.553,3.939
209.288,-1.592,1.542,4.012
209.399,-1.537,1.532,4.096
209.510,-1.470,1.535,4.196
209.621,-1.403,1.531,4.289
209.733,-1.345,1.516,4.366
209.844,-1.301,1.493,4.423
209.956,-1.265,1.470,4.466
210.067,-1.235,1.447,4.496
210.178,-1.209,1.428,4.515
210.289,-1.191,1.416,4.524
210.400,-1.180,1.413,4.524
210.511,-1.176,1.415,4.521
210.623,-1.175,1.419,4.516
210.733,-1.174,1.424,4.510
210.845,-1.175,1.430,4.503
210.956,-1.176,1.434,4.496
211.067,-1.177,1.437,4.489
211.178,-1.177,1.439,4.482
211.289,-1.178,1.440,4.477
211.400,-1.178,1.440,4.473
211.511,-1.178,1.440,4.469
211.622,-1.177,1.441,4.466
211.733,-1.177,1.442,4.463
211.844,-1.177,1.443,4.462
211.955,-1.177,1.444,4.462
212.066,-1.176,1.442,4.466
212.177,-1.173,1.431,4.472
212.288,-1.172,1.426,4.479
212.400,-1.173,1.427,4.490
212.510,-1.175,1.421,4.503
212.622,-1.177,1.417,4.513
212.733,-1.179,1.417,4.518
212.844,-1.182,1.418,4.520
212.955,-1.183,1.420,4.521
213.065,-1.182,1.418,4.522
213.177,-1.178,1.415,4.525
213.288,-1.172,1.407,4.531
213.400,-1.167,1.396,4.542
213.510,-1.161,1.378,4.560
213.621,-1.155,1.345,4.585
213.733,-1.153,1.313,4.606
213.843,-1.153,1.298,4.618
213.955,-1.155,1.299,4.622
214.066,-1.156,1.316,4.616
214.177,-1.155,1.339,4.601
214.289,-1.160,1.364,4.580
214.400,-1.167,1.394,4.557
214.511,-1.174,1.423,4.533
214.622,-1.178,1.441,4.514
214.733,-1.177,1.445,4.498
214.845,-1.174,1.445,4.486
214.956,-1.172,1.446,4.478
215.067,-1.172,1.447,4.475
215.178,-1.174,1.446,4.473
215.289,-1.175,1.446,4.472
215.400,-1.176,1.447,4.471
215.511,-1.174,1.446,4.472
215.621,-1.173,1.444,4.472
215.732,-1.172,1.446,4.470
215.843,-1.170,1.445,4.470
215.955,-1.169,1.442,4.470
216.066,-1.169,1.441,4.471
216.177,-1.168,1.440,4.472
216.288,-1.168,1.439,4.474
216.399,-1.169,1.440,4.475
216.510,-1.170,1.441,4.476
216.621,-1.170,1.441,4.477
216.732,-1.170,1.442,4.478
216.843,-1.170,1.442,4.478
216.955,-1.171,1.442,4.479
217.066,-1.173,1.444,4.479
217.177,-1.178,1.447,4.478
217.288,-1.188,1.452,4.472
217.400,-1.205,1.465,4.460
217.511,-1.235,1.483,4.437
217.622,-1.281,1.506,4.404
217.733,-1.346,1.526,4.357
217.844,-1.421,1.535,4.301
217.956,-1.504,1.533,4.249
218.066,-1.582,1.540,4.208
218.178,-1.650,1.550,4.172
218.288,-1.703,1.560,4.134
218.398,-1.745,1.566,4.088
218.510,-1.780,1.568,4.033
218.621,-1.812,1.568,3.965
218.732,-1.843,1.565,3.887
218.844,-1.880,1.566,3.811
218.955,-1.913,1.570,3.742
219.066,-1.939,1.575,3.689
219.178,-1.960,1.580,3.650
219.289,-1.978,1.580,3.622
219.400,-1.990,1.580,3.607
219.511,-1.999,1.579,3.604
219.622,-2.006,1.573,3.604
219.733,-2.011,1.566,3.602
219.844,-2.012,1.566,3.599
219.955,-2.013,1.567,3.594
220.066,-2.015,1.567,3.589
220.178,-2.018,1.567,3.581
220.289,-2.023,1.567,3.574
220.400,-2.028,1.566,3.565
220.511,-2.033,1.564,3.557
220.622,-2.039,1.565,3.551
220.731,-2.044,1.564,3.548
220.842,-2.048,1.566,3.547
220.953,-2.050,1.568,3.546
221.065,-2.048,1.572,3.539
221.176,-2.040,1.579,3.511
221.288,-2.040,1.586,3.466
221.399,-2.059,1.589,3.419
221.509,-2.083,1.588,3.391
221.621,-2.098,1.588,3.377
221.732,-2.106,1.589,3.369
221.843,-2.110,1.591,3.364
221.955,-2.111,1.593,3.360
222.065,-2.110,1.594,3.358
222.177,-2.110,1.595,3.356
222.288,-2.110,1.596,3.353
222.399,-2.109,1.596,3.350
222.510,-2.107,1.595,3.347
222.622,-2.103,1.595,3.345
222.733,-2.097,1.596,3.342
222.844,-2.092,1.595,3.338
222.955,-2.085,1.597,3.330
223.067,-2.075,1.596,3.320
223.177,-2.062,1.596,3.309
223.289,-2.048,1.599,3.296
223.400,-2.031,1.604,3.281
223.511,-2.010,1.608,3.264
223.622,-1.988,1.608,3.247
223.733,-1.970,1.608,3.233
223.844,-1.954,1.611,3.217
223.955,-1.940,1.610,3.201
224.066,-1.929,1.608,3.183
224.178,-1.920,1.604,3.161
224.289,-1.912,1.600,3.134
224.400,-1.902,1.596,3.103
224.511,-1.890,1.593,3.069
224.622,-1.878,1.593,3.032
224.733,-1.867,1.598,2.998
224.844,-1.855,1.604,2.968
224.956,-1.844,1.607,2.944
225.066,-1.836,1.608,2.926
225.178,-1.832,1.607,2.915
225.289,-1.829,1.607,2.909
225.400,-1.828,1.606,2.907
225.511,-1.826,1.606,2.908
225.623,-1.826,1.605,2.910
225.733,-1.824,1.605,2.913
225.845,-1.822,1.606,2.916
225.956,-1.820,1.606,2.918
226.066,-1.822,1.600,2.926
226.178,-1.825,1.594,2.940
226.289,-1.826,1.589,2.961
226.400,-1.828,1.583,2.986
226.511,-1.834,1.580,3.015
226.623,-1.842,1.577,3.046
226.733,-1.850,1.574,3.074
226.845,-1.855,1.576,3.097
226.956,-1.856,1.576,3.116
227.067,-1.855,1.574,3.133
227.178,-1.853,1.574,3.147
227.290,-1.852,1.579,3.154
227.401,-1.852,1.580,3.161
227.512,-1.851,1.581,3.167
227.623,-1.849,1.582,3.172
227.734,-1.847,1.585,3.174
227.846,-1.850,1.587,3.176
227.956,-1.853,1.586,3.178
228.067,-1.858,1.585,3.179
228.178,-1.865,1.585,3.180
228.289,-1.873,1.584,3.183
228.400,-1.883,1.582,3.186
228.512,-1.892,1.580,3.189
228.623,-1.901,1.582,3.191
228.734,-1.907,1.582,3.192
228.845,-1.909,1.582,3.190
228.956,-1.908,1.580,3.188
229.067,-1.908,1.579,3.188
229.178,-1.907,1.578,3.189
229.290,-1.905,1.578,3.188
229.400,-1.904,1.577,3.186
229.512,-1.900,1.575,3.182
229.623,-1.897,1.574,3.180
229.734,-1.897,1.574,3.181
229.845,-1.896,1.572,3.179
229.956,-1.895,1.569,3.178
230.067,-1.894,1.568,3.178
230.179,-1.894,1.568,3.178
230.290,-1.895,1.570,3.178
230.401,-1.895,1.571,3.179
230.512,-1.895,1.573,3.182
230.622,-1.895,1.574,3.184
230.733,-1.895,1.573,3.188
230.846,-1.894,1.572,3.196
230.957,-1.894,1.574,3.202
231.067,-1.893,1.574,3.207
231.178,-1.893,1.576,3.212
231.290,-1.893,1.580,3.217
231.401,-1.895,1.584,3.222
231.512,-1.897,1.586,3.222
231.623,-1.896,1.588,3.214
231.729,-1.890,1.590,3.202
231.841,-1.883,1.591,3.195
231.953,-1.874,1.597,3.191
232.064,-1.865,1.600,3.188
232.176,-1.860,1.596,3.187
232.287,-1.853,1.597,3.184
232.398,-1.848,1.594,3.181
232.509,-1.844,1.594,3.178
232.621,-1.841,1.592,3.176
232.732,-1.835,1.589,3.176
232.843,-1.824,1.588,3.178
232.955,-1.813,1.590,3.182
233.065,-1.803,1.589,3.188
233.176,-1.794,1.589,3.194
233.286,-1.785,1.589,3.202
233.398,-1.777,1.588,3.213
233.510,-1.767,1.587,3.236
233.622,-1.764,1.586,3.269
233.731,-1.771,1.583,3.305
233.842,-1.786,1.578,3.330
233.953,-1.804,1.571,3.345
234.065,-1.828,1.563,3.356
234.176,-1.852,1.559,3.357
234.288,-1.868,1.556,3.351
234.399,-1.877,1.553,3.339
234.511,-1.879,1.553,3.323
234.622,-1.876,1.558,3.302
234.733,-1.868,1.566,3.276
234.845,-1.863,1.573,3.244
234.956,-1.864,1.581,3.205
235.067,-1.874,1.586,3.165
235.178,-1.892,1.591,3.128
235.289,-1.914,1.600,3.098
235.400,-1.934,1.609,3.076
235.511,-1.953,1.609,3.061
235.623,-1.971,1.610,3.056
235.733,-1.987,1.607,3.056
235.844,-1.999,1.609,3.057
235.956,-2.008,1.611,3.057
236.067,-2.015,1.609,3.057
236.178,-2.019,1.609,3.057
236.289,-2.018,1.609,3.058
236.400,-2.010,1.610,3.061
236.511,-1.995,1.610,3.063
236.623,-1.973,1.606,3.068
236.734,-1.942,1.600,3.075
236.845,-1.903,1.592,3.083
236.955,-1.859,1.582,3.093
237.067,-1.814,1.572,3.098
237.178,-1.768,1.567,3.096
237.290,-1.716,1.560,3.084
237.400,-1.658,1.551,3.063
237.511,-1.591,1.551,3.033
237.623,-1.517,1.560,2.997
237.734,-1.444,1.575,2.963
237.845,-1.372,1.577,2.930
237.956,-1.302,1.573,2.898
238.067,-1.234,1.568,2.866
238.178,-1.162,1.561,2.834
238.290,-1.085,1.557,2.802
238.401,-1.000,1.572,2.765
238.512,-0.924,1.577,2.720
238.623,-0.861,1.571,2.664
238.735,-0.807,1.563,2.604
238.845,-0.757,1.547,2.540
238.956,-0.710,1.534,2.468
239.067,-0.663,1.542,2.392
239.178,-0.618,1.551,2.322
239.290,-0.572,1.552,2.258
239.400,-0.528,1.548,2.192
239.512,-0.485,1.537,2.122
239.623,-0.445,1.531,2.048
239.734,-0.410,1.539,1.973
239.845,-0.393,1.546,1.899
239.956,-0.389,1.549,1.833
240.067,-0.392,1.550,1.768
240.178,-0.401,1.545,1.701
240.290,-0.416,1.537,1.632
240.401,-0.435,1.536,1.558
240.512,-0.452,1.547,1.484
240.623,-0.466,1.553,1.413
240.734,-0.478,1.553,1.346
240.844,-0.491,1.552,1.282
240.956,-0.505,1.545,1.216
241.067,-0.516,1.536,1.147
241.178,-0.524,1.539,1.072
241.290,-0.531,1.555,0.999
241.401,-0.540,1.563,0.933
241.511,-0.548,1.569,0.875
241.622,-0.553,1.573,0.825
241.732,-0.557,1.571,0.783
241.844,-0.562,1.570,0.751
241.956,-0.571,1.576,0.728
242.067,-0.585,1.584,0.713
242.178,-0.600,1.589,0.706
242.286,-0.617,1.591,0.709
242.398,-0.637,1.596,0.720
242.509,-0.655,1.600,0.734
242.621,-0.672,1.607,0.752
242.732,-0.688,1.611,0.769
242.843,-0.704,1.612,0.786
242.955,-0.730,1.611,0.799
243.066,-0.760,1.615,0.807
243.177,-0.785,1.617,0.811
243.289,-0.805,1.618,0.812
243.398,-0.819,1.619,0.807
243.510,-0.829,1.619,0.800
243.622,-0.836,1.619,0.793
243.733,-0.838,1.619,0.787
243.844,-0.840,1.620,0.782
243.955,-0.841,1.619,0.779
244.066,-0.847,1.618,0.776
244.177,-0.867,1.619,0.771
244.288,-0.900,1.618,0.757
244.399,-0.935,1.613,0.729
244.510,-0.955,1.605,0.704
244.624,-0.963,1.602,0.700
244.733,-0.963,1.602,0.706
244.844,-0.959,1.603,0.715
244.956,-0.949,1.607,0.727
245.066,-0.931,1.619,0.746
245.178,-0.908,1.628,0.761
245.288,-0.888,1.630,0.770
245.399,-0.876,1.626,0.775
245.510,-0.874,1.625,0.784
245.622,-0.881,1.624,0.804
245.732,-0.888,1.625,0.832
245.844,-0.889,1.624,0.860
245.955,-0.884,1.623,0.884
246.066,-0.878,1.620,0.898
246.177,-0.868,1.619,0.901
246.288,-0.857,1.623,0.901
246.399,-0.850,1.624,0.899
246.512,-0.839,1.622,0.893
246.623,-0.830,1.618,0.883
246.733,-0.823,1.611,0.868
246.845,-0.820,1.610,0.852
246.956,-0.811,1.609,0.832
247.068,-0.800,1.608,0.807
247.178,-0.789,1.607,0.783
247.290,-0.779,1.606,0.759
247.401,-0.772,1.605,0.735
247.512,-0.767,1.608,0.713
247.623,-0.765,1.617,0.695
247.735,-0.769,1.632,0.679
247.846,-0.777,1.645,0.667
247.957,-0.793,1.662,0.658
248.069,-0.823,1.673,0.646
248.178,-0.853,1.673,0.635
248.288,-0.875,1.668,0.628
248.399,-0.891,1.662,0.619
248.510,-0.901,1.653,0.606
248.621,-0.904,1.645,0.599
248.732,-0.902,1.640,0.601
248.843,-0.899,1.636,0.611
248.955,-0.894,1.638,0.634
249.065,-0.890,1.644,0.660
249.177,-0.882,1.651,0.690
249.288,-0.870,1.659,0.725
249.399,-0.844,1.661,0.765
249.510,-0.808,1.656,0.794
249.621,-0.782,1.652,0.805
249.732,-0.771,1.651,0.805
249.843,-0.762,1.649,0.800
249.955,-0.756,1.645,0.794
250.066,-0.752,1.640,0.788
250.178,-0.747,1.638,0.780
250.290,-0.742,1.633,0.768
250.401,-0.736,1.632,0.754
250.512,-0.730,1.629,0.741
250.623,-0.725,1.627,0.733
250.734,-0.718,1.629,0.726
250.846,-0.713,1.630,0.715
250.957,-0.712,1.630,0.706
251.068,-0.714,1.627,0.701
251.179,-0.717,1.625,0.700
251.290,-0.722,1.623,0.701
251.401,-0.728,1.623,0.699
251.512,-0.735,1.622,0.697
251.624,-0.745,1.621,0.697
251.735,-0.755,1.623,0.699
251.846,-0.766,1.625,0.705
251.957,-0.781,1.626,0.716
252.068,-0.800,1.626,0.730
252.180,-0.820,1.627,0.742
252.290,-0.838,1.628,0.752
252.401,-0.854,1.629,0.760
252.512,-0.864,1.629,0.767
252.624,-0.868,1.627,0.773
252.734,-0.865,1.623,0.778
252.845,-0.857,1.620,0.780
252.957,-0.849,1.617,0.781
253.067,-0.841,1.615,0.780
253.179,-0.833,1.613,0.781
253.290,-0.826,1.610,0.781
253.402,-0.821,1.607,0.782
253.512,-0.819,1.607,0.783
253.623,-0.819,1.608,0.786
253.735,-0.819,1.609,0.789
253.846,-0.821,1.612,0.792
253.957,-0.820,1.611,0.789
254.068,-0.818,1.613,0.790
254.179,-0.820,1.610,0.791
254.289,-0.824,1.610,0.792
254.401,-0.825,1.610,0.787
254.512,-0.824,1.615,0.781
254.623,-0.822,1.614,0.773
254.734,-0.823,1.613,0.763
254.845,-0.825,1.613,0.756
254.957,-0.825,1.613,0.745
255.067,-0.826,1.612,0.734
255.178,-0.828,1.610,0.725
255.289,-0.830,1.607,0.718
255.400,-0.832,1.604,0.712
255.512,-0.834,1.602,0.707
255.623,-0.838,1.601,0.703
255.734,-0.841,1.600,0.699
255.845,-0.845,1.599,0.696
255.956,-0.848,1.597,0.693
256.067,-0.851,1.598,0.690
256.178,-0.854,1.600,0.689
256.287,-0.856,1.601,0.688
256.399,-0.856,1.603,0.688
256.509,-0.856,1.605,0.690
256.621,-0.858,1.605,0.691
256.732,-0.860,1.607,0.697
256.843,-0.868,1.598,0.700
256.954,-0.877,1.586,0.705
257.065,-0.889,1.570,0.712
257.177,-0.901,1.561,0.726
257.288,-0.914,1.551,0.743
257.399,-0.925,1.543,0.755
257.510,-0.928,1.548,0.767
257.621,-0.915,1.557,0.781
257.732,-0.890,1.572,0.799
257.844,-0.870,1.573,0.819
257.955,-0.853,1.576,0.840
258.067,-0.847,1.582,0.864
258.178,-0.853,1.573,0.887
258.289,-0.864,1.565,0.903
258.400,-0.877,1.560,0.919
258.511,-0.890,1.567,0.941
258.622,-0.902,1.578,0.964
258.733,-0.914,1.586,0.983
258.845,-0.922,1.594,1.000
258.956,-0.929,1.593,1.013
259.066,-0.938,1.583,1.022
259.178,-0.945,1.574,1.022
259.289,-0.953,1.566,1.013
259.399,-0.955,1.561,0.997
259.510,-0.952,1.559,0.974
259.622,-0.943,1.556,0.946
259.732,-0.926,1.553,0.921
259.844,-0.907,1.559,0.902
259.955,-0.882,1.572,0.887
260.065,-0.857,1.580,0.871
260.176,-0.838,1.584,0.851
260.288,-0.824,1.589,0.829
260.399,-0.814,1.599,0.807
260.510,-0.805,1.606,0.786
260.622,-0.796,1.608,0.765
260.732,-0.787,1.607,0.745
260.844,-0.780,1.606,0.725
260.955,-0.773,1.607,0.708
261.066,-0.765,1.607,0.694
261.179,-0.756,1.608,0.685
261.290,-0.747,1.610,0.679
261.401,-0.739,1.610,0.674
261.512,-0.728,1.609,0.669
261.623,-0.717,1.605,0.666
261.734,-0.707,1.603,0.664
261.845,-0.701,1.601,0.666
261.957,-0.702,1.603,0.671
262.068,-0.708,1.608,0.678
262.179,-0.719,1.614,0.688
262.290,-0.730,1.617,0.701
262.401,-0.742,1.616,0.716
262.512,-0.753,1.617,0.728
262.623,-0.760,1.621,0.735
262.734,-0.763,1.639,0.736
262.844,-0.766,1.653,0.729
262.956,-0.766,1.657,0.722
263.066,-0.763,1.655,0.720
263.177,-0.763,1.656,0.719
263.289,-0.764,1.658,0.712
263.399,-0.768,1.664,0.696
263.510,-0.773,1.667,0.665
263.622,-0.774,1.663,0.635
263.733,-0.771,1.660,0.620
263.844,-0.767,1.658,0.613
263.956,-0.762,1.656,0.612
264.067,-0.754,1.654,0.624
264.178,-0.742,1.650,0.647
264.289,-0.731,1.645,0.670
264.400,-0.722,1.641,0.691
264.511,-0.721,1.638,0.711
264.623,-0.726,1.636,0.730
264.733,-0.731,1.634,0.747
264.845,-0.735,1.631,0.762
264.956,-0.739,1.623,0.774
265.067,-0.742,1.621,0.780
265.178,-0.745,1.624,0.783
265.290,-0.749,1.627,0.784
265.401,-0.753,1.626,0.784
265.512,-0.757,1.622,0.782
265.623,-0.761,1.622,0.780
265.733,-0.766,1.623,0.779
265.845,-0.773,1.621,0.777
265.956,-0.779,1.620,0.774
266.067,-0.787,1.617,0.770
266.178,-0.794,1.616,0.764
266.289,-0.801,1.616,0.757
266.400,-0.806,1.615,0.750
266.511,-0.808,1.616,0.744
266.623,-0.809,1.616,0.739
266.733,-0.810,1.616,0.735
266.845,-0.811,1.613,0.731
266.956,-0.809,1.610,0.727
267.067,-0.803,1.601,0.722
267.178,-0.796,1.595,0.718
267.289,-0.792,1.589,0.714
267.400,-0.791,1.585,0.711
267.511,-0.792,1.584,0.710
267.623,-0.792,1.584,0.711
267.734,-0.792,1.584,0.711
267.845,-0.792,1.584,0.712
267.957,-0.791,1.582,0.712
268.068,-0.791,1.582,0.712
268.179,-0.792,1.580,0.712
268.290,-0.793,1.580,0.713
268.401,-0.795,1.579,0.713
268.512,-0.794,1.579,0.713
268.623,-0.792,1.579,0.713
268.734,-0.790,1.578,0.714
268.845,-0.789,1.577,0.714
268.956,-0.788,1.577,0.714
269.068,-0.788,1.578,0.714
269.179,-0.787,1.578,0.715
269.290,-0.786,1.579,0.715
269.400,-0.785,1.580,0.714
269.512,-0.785,1.580,0.715
269.623,-0.785,1.580,0.714
269.734,-0.785,1.581,0.715
269.845,-0.784,1.580,0.715
269.957,-0.781,1.582,0.712
270.068,-0.777,1.586,0.710
270.179,-0.770,1.589,0.706
270.290,-0.763,1.591,0.703
270.402,-0.755,1.595,0.702
270.513,-0.750,1.597,0.701
270.624,-0.748,1.597,0.699
270.734,-0.747,1.597,0.694
270.846,-0.747,1.598,0.689
270.957,-0.748,1.598,0.684
271.068,-0.749,1.598,0.681
271.179,-0.749,1.600,0.677
271.291,-0.747,1.601,0.673
271.401,-0.743,1.602,0.669
271.513,-0.738,1.601,0.665
271.624,-0.734,1.600,0.659
271.735,-0.731,1.599,0.655
271.846,-0.728,1.599,0.651
271.957,-0.725,1.599,0.649
272.068,-0.722,1.599,0.649
272.179,-0.719,1.599,0.650
272.291,-0.718,1.600,0.653
272.401,-0.718,1.600,0.656
272.513,-0.717,1.601,0.660
272.624,-0.717,1.602,0.663
272.735,-0.718,1.602,0.667
272.846,-0.719,1.602,0.669
272.957,-0.720,1.601,0.672
273.069,-0.722,1.601,0.675
273.179,-0.724,1.600,0.678
273.291,-0.726,1.600,0.681
273.402,-0.727,1.599,0.682
273.513,-0.728,1.599,0.683
273.624,-0.729,1.599,0.684
273.735,-0.730,1.598,0.684
273.846,-0.731,1.598,0.685
273.957,-0.732,1.598,0.685
274.068,-0.733,1.598,0.684
274.179,-0.734,1.599,0.684
274.291,-0.735,1.599,0.683
274.402,-0.737,1.599,0.683
274.513,-0.738,1.600,0.682
274.623,-0.738,1.599,0.682
274.735,-0.739,1.599,0.681
274.846,-0.739,1.598,0.680
274.957,-0.740,1.598,0.678
275.068,-0.741,1.598,0.677
275.179,-0.742,1.599,0.675
275.290,-0.743,1.599,0.675
275.401,-0.744,1.600,0.674
275.513,-0.744,1.600,0.674
275.624,-0.745,1.600,0.675
275.734,-0.745,1.601,0.676
275.846,-0.744,1.601,0.677
275.957,-0.744,1.600,0.679
276.068,-0.745,1.599,0.680
276.179,-0.747,1.599,0.682
276.290,-0.749,1.599,0.683
276.402,-0.751,1.599,0.683
276.512,-0.753,1.598,0.683
276.624,-0.755,1.598,0.683
276.734,-0.758,1.598,0.683
276.845,-0.761,1.598,0.683
276.957,-0.763,1.599,0.683
277.068,-0.765,1.600,0.684
277.179,-0.767,1.600,0.684
277.290,-0.768,1.599,0.683
277.401,-0.768,1.599,0.683
277.512,-0.769,1.599,0.683
277.624,-0.770,1.599,0.682
277.733,-0.771,1.599,0.682
277.843,-0.771,1.598,0.681
277.954,-0.771,1.598,0.681
278.066,-0.771,1.598,0.681
278.177,-0.771,1.598,0.682
278.289,-0.771,1.598,0.681
278.400,-0.770,1.599,0.681
278.511,-0.769,1.599,0.681
278.622,-0.768,1.600,0.680
278.734,-0.767,1.602,0.680
278.845,-0.766,1.603,0.679
278.957,-0.766,1.604,0.679
279.067,-0.765,1.604,0.679
279.179,-0.766,1.605,0.679
279.290,-0.766,1.605,0.679
279.401,-0.766,1.605,0.679
279.512,-0.766,1.605,0.679
279.623,-0.766,1.605,0.679
279.733,-0.766,1.605,0.679
279.845,-0.765,1.606,0.680
279.956,-0.764,1.606,0.681
280.067,-0.762,1.606,0.682
280.179,-0.760,1.606,0.683
280.289,-0.757,1.605,0.684
280.401,-0.753,1.604,0.685
280.512,-0.750,1.604,0.685
280.623,-0.746,1.605,0.685
280.732,-0.741,1.611,0.680
280.843,-0.737,1.617,0.669
280.954,-0.737,1.620,0.656
281.065,-0.742,1.624,0.642
281.176,-0.753,1.626,0.629
281.288,-0.765,1.628,0.618
281.399,-0.775,1.628,0.610
281.511,-0.780,1.628,0.605
281.622,-0.782,1.626,0.602
281.733,-0.779,1.625,0.601
281.844,-0.776,1.623,0.602
281.956,-0.773,1.623,0.603
282.067,-0.771,1.622,0.605
282.178,-0.771,1.621,0.605
282.289,-0.772,1.621,0.603
282.401,-0.773,1.621,0.603
282.512,-0.774,1.621,0.603
282.623,-0.778,1.621,0.603
282.734,-0.781,1.621,0.603
282.845,-0.783,1.622,0.602
282.957,-0.785,1.622,0.601
283.067,-0.786,1.623,0.599
283.179,-0.788,1.622,0.597
283.290,-0.790,1.623,0.597
283.401,-0.793,1.623,0.597
283.512,-0.795,1.624,0.597
283.623,-0.797,1.624,0.597
283.734,-0.798,1.624,0.597
283.845,-0.799,1.623,0.597
283.957,-0.799,1.623,0.598
284.068,-0.800,1.623,0.599
284.179,-0.799,1.624,0.600
284.290,-0.798,1.623,0.602
284.401,-0.797,1.623,0.602
284.512,-0.796,1.622,0.602
284.623,-0.797,1.622,0.601
284.734,-0.797,1.621,0.600
284.846,-0.797,1.621,0.599
284.957,-0.796,1.621,0.598
285.068,-0.795,1.620,0.597
285.179,-0.794,1.620,0.597
285.290,-0.793,1.619,0.597
285.401,-0.792,1.619,0.598
285.512,-0.790,1.618,0.599
285.624,-0.789,1.617,0.601
285.734,-0.787,1.616,0.603
285.846,-0.785,1.614,0.605
285.957,-0.783,1.613,0.608
286.068,-0.781,1.611,0.611
286.179,-0.777,1.608,0.616
286.291,-0.772,1.606,0.624
286.401,-0.765,1.604,0.636
286.513,-0.760,1.603,0.648
286.624,-0.757,1.601,0.662
286.735,-0.757,1.601,0.674
286.846,-0.757,1.603,0.683
286.957,-0.756,1.602,0.691
287.068,-0.754,1.601,0.698
287.179,-0.752,1.599,0.705
287.291,-0.750,1.599,0.711
287.401,-0.749,1.597,0.718
287.513,-0.748,1.597,0.724
287.623,-0.749,1.598,0.731
287.735,-0.748,1.598,0.737
287.846,-0.749,1.598,0.742
287.957,-0.749,1.598,0.746
288.067,-0.750,1.598,0.750
288.178,-0.752,1.598,0.754
288.289,-0.754,1.598,0.757
288.400,-0.757,1.596,0.759
288.512,-0.761,1.596,0.760
288.622,-0.764,1.595,0.761
288.734,-0.768,1.595,0.761
288.844,-0.770,1.595,0.761
288.956,-0.772,1.594,0.761
289.067,-0.772,1.594,0.762
289.180,-0.773,1.594,0.762
289.290,-0.773,1.595,0.764
289.400,-0.774,1.595,0.768
289.512,-0.776,1.594,0.774
289.622,-0.779,1.592,0.783
289.733,-0.781,1.590,0.793
289.845,-0.783,1.589,0.805
289.956,-0.785,1.587,0.819
290.067,-0.787,1.586,0.831
290.178,-0.790,1.584,0.842
290.289,-0.794,1.582,0.852
290.400,-0.798,1.580,0.861
290.511,-0.804,1.579,0.869
290.622,-0.810,1.579,0.878
290.733,-0.816,1.579,0.886
290.844,-0.823,1.579,0.894
290.956,-0.829,1.578,0.902
291.067,-0.835,1.577,0.908
291.178,-0.840,1.575,0.913
291.289,-0.843,1.573,0.915
291.401,-0.845,1.568,0.913
291.512,-0.848,1.563,0.909
291.623,-0.850,1.559,0.902
291.733,-0.852,1.559,0.895
291.845,-0.853,1.559,0.887
291.956,-0.850,1.557,0.878
292.067,-0.846,1.557,0.867
292.179,-0.836,1.556,0.849
292.290,-0.821,1.559,0.824
292.401,-0.806,1.561,0.796
292.512,-0.794,1.562,0.773
292.624,-0.781,1.573,0.754
292.735,-0.769,1.580,0.739
292.846,-0.761,1.589,0.727
292.957,-0.757,1.588,0.719
293.068,-0.754,1.584,0.711
293.179,-0.754,1.582,0.705
293.290,-0.756,1.581,0.701
293.401,-0.760,1.580,0.698
293.513,-0.762,1.580,0.695
293.624,-0.764,1.580,0.693
293.735,-0.767,1.580,0.694
293.846,-0.768,1.580,0.696
293.957,-0.771,1.580,0.698
294.068,-0.774,1.579,0.699
294.179,-0.776,1.578,0.700
294.290,-0.778,1.578,0.698
294.401,-0.778,1.578,0.696
294.513,-0.778,1.575,0.692
294.624,-0.775,1.574,0.692
294.735,-0.771,1.571,0.691
294.846,-0.767,1.567,0.691
294.957,-0.764,1.564,0.693
295.068,-0.761,1.562,0.697
295.180,-0.759,1.562,0.700
295.290,-0.757,1.562,0.704
295.401,-0.754,1.562,0.707
295.512,-0.753,1.562,0.710
295.624,-0.752,1.562,0.711
295.735,-0.752,1.562,0.713
295.846,-0.751,1.563,0.714
295.957,-0.751,1.564,0.715
296.068,-0.751,1.565,0.715
296.179,-0.751,1.565,0.715
296.290,-0.752,1.564,0.715
296.401,-0.755,1.564,0.714
296.512,-0.758,1.565,0.712
296.624,-0.760,1.566,0.709
296.735,-0.762,1.567,0.706
296.846,-0.764,1.568,0.705
296.957,-0.766,1.568,0.705
297.068,-0.769,1.568,0.706
297.179,-0.771,1.568,0.708
297.291,-0.772,1.567,0.711
297.402,-0.774,1.567,0.715
297.512,-0.774,1.567,0.717
297.623,-0.774,1.567,0.719
297.735,-0.774,1.566,0.719
297.846,-0.774,1.566,0.720
297.957,-0.775,1.565,0.720
298.068,-0.775,1.565,0.720
298.179,-0.776,1.565,0.720
298.290,-0.777,1.565,0.720
298.401,-0.777,1.565,0.720
298.513,-0.778,1.565,0.720
298.623,-0.779,1.565,0.719
298.734,-0.779,1.565,0.719
298.846,-0.780,1.565,0.718
298.957,-0.780,1.565,0.716
299.068,-0.780,1.564,0.715
299.179,-0.780,1.564,0.714
299.290,-0.780,1.564,0.712
299.401,-0.780,1.564,0.710
299.513,-0.779,1.564,0.708
299.623,-0.778,1.564,0.705
299.735,-0.777,1.564,0.703
299.846,-0.775,1.564,0.700
299.957,-0.774,1.566,0.696
300.068,-0.772,1.576,0.687
300.179,-0.775,1.580,0.677
300.290,-0.779,1.580,0.669
300.401,-0.780,1.580,0.665
300.513,-0.782,1.581,0.661
300.624,-0.783,1.578,0.657
300.730,-0.782,1.580,0.651
300.842,-0.778,1.584,0.644
300.954,-0.772,1.583,0.640
301.065,-0.765,1.580,0.640
301.177,-0.757,1.577,0.642
301.288,-0.749,1.573,0.644
301.399,-0.743,1.568,0.646
301.511,-0.740,1.566,0.648
301.622,-0.739,1.565,0.650
301.733,-0.738,1.565,0.651
301.845,-0.737,1.565,0.651
301.956,-0.736,1.566,0.651
302.067,-0.735,1.566,0.653
302.179,-0.734,1.566,0.656
302.290,-0.735,1.567,0.659
302.401,-0.736,1.567,0.662
302.512,-0.737,1.566,0.663
302.624,-0.739,1.566,0.664
302.734,-0.742,1.566,0.664
302.845,-0.743,1.566,0.663
302.957,-0.744,1.567,0.661
303.068,-0.745,1.568,0.659
303.179,-0.743,1.571,0.656
303.291,-0.743,1.571,0.656
303.401,-0.745,1.571,0.662
303.512,-0.749,1.574,0.671
303.623,-0.755,1.576,0.679
303.734,-0.761,1.576,0.686
303.845,-0.767,1.575,0.694
303.957,-0.772,1.573,0.703
304.068,-0.777,1.571,0.713
304.179,-0.782,1.570,0.724
304.290,-0.786,1.569,0.736
304.401,-0.789,1.567,0.749
304.512,-0.792,1.568,0.760
304.623,-0.794,1.573,0.770
304.734,-0.792,1.577,0.777
304.846,-0.785,1.580,0.782
304.957,-0.772,1.583,0.784
305.068,-0.755,1.586,0.782
305.179,-0.732,1.588,0.774
305.290,-0.705,1.589,0.764
305.401,-0.673,1.589,0.750
305.512,-0.636,1.591,0.736
305.624,-0.598,1.598,0.723
305.734,-0.561,1.600,0.715
305.846,-0.534,1.597,0.711
305.957,-0.514,1.591,0.708
306.068,-0.501,1.588,0.704
306.179,-0.495,1.584,0.709
306.290,-0.497,1.584,0.713
306.402,-0.503,1.586,0.714
306.512,-0.511,1.586,0.712
306.623,-0.518,1.586,0.708
306.735,-0.523,1.584,0.700
306.845,-0.528,1.580,0.689
306.956,-0.531,1.579,0.680
307.068,-0.536,1.577,0.673
307.179,-0.536,1.577,0.669
307.290,-0.536,1.580,0.668
307.401,-0.537,1.581,0.667
307.512,-0.540,1.582,0.667
307.623,-0.535,1.585,0.667
307.734,-0.531,1.583,0.661
307.845,-0.529,1.583,0.655
307.956,-0.527,1.582,0.649
308.068,-0.525,1.577,0.641
308.179,-0.522,1.577,0.635
308.290,-0.520,1.575,0.632
308.401,-0.519,1.574,0.630
308.512,-0.518,1.574,0.628
308.623,-0.518,1.573,0.626
308.734,-0.519,1.574,0.624
308.846,-0.522,1.574,0.621
308.957,-0.526,1.579,0.618
309.068,-0.530,1.583,0.613
309.179,-0.536,1.585,0.607
309.290,-0.541,1.590,0.603
309.401,-0.546,1.594,0.601
309.513,-0.547,1.596,0.600
309.624,-0.548,1.597,0.599
309.735,-0.545,1.600,0.599
309.846,-0.543,1.600,0.598
309.957,-0.540,1.601,0.597
310.068,-0.539,1.603,0.597
310.179,-0.537,1.605,0.598
310.290,-0.537,1.605,0.599
310.401,-0.539,1.605,0.602
310.513,-0.542,1.606,0.604
310.624,-0.543,1.608,0.605
310.735,-0.543,1.610,0.605
310.846,-0.541,1.611,0.604
310.957,-0.538,1.608,0.601
311.068,-0.537,1.601,0.596
311.179,-0.539,1.596,0.590
311.290,-0.541,1.591,0.582
311.401,-0.544,1.586,0.574
311.513,-0.548,1.582,0.567
311.624,-0.549,1.581,0.561
311.735,-0.549,1.580,0.558
311.846,-0.547,1.580,0.556
311.957,-0.546,1.580,0.557
312.068,-0.546,1.582,0.560
312.179,-0.544,1.584,0.566
312.290,-0.544,1.582,0.573
312.401,-0.544,1.582,0.578
312.513,-0.544,1.582,0.583
312.624,-0.544,1.581,0.587
312.735,-0.545,1.581,0.591
312.846,-0.547,1.581,0.595
312.957,-0.549,1.581,0.598
313.068,-0.551,1.582,0.598
313.179,-0.553,1.582,0.597
313.290,-0.553,1.583,0.598
313.401,-0.553,1.583,0.599
313.513,-0.552,1.584,0.600
313.623,-0.550,1.584,0.600
313.735,-0.548,1.583,0.600
313.846,-0.547,1.582,0.600
313.957,-0.547,1.582,0.601
314.070,-0.548,1.581,0.601
314.179,-0.550,1.581,0.601
314.290,-0.551,1.581,0.600
314.401,-0.552,1.580,0.600
314.513,-0.554,1.580,0.599
314.623,-0.555,1.580,0.598
314.735,-0.556,1.580,0.597
314.846,-0.556,1.580,0.597
314.957,-0.556,1.579,0.596
315.068,-0.556,1.579,0.595
315.179,-0.556,1.578,0.595
315.290,-0.556,1.578,0.594
315.399,-0.557,1.577,0.593
315.510,-0.556,1.576,0.594
315.622,-0.556,1.576,0.594
315.733,-0.555,1.575,0.595
315.844,-0.555,1.575,0.595
315.955,-0.554,1.575,0.596
316.066,-0.553,1.575,0.598
316.178,-0.550,1.576,0.603
316.290,-0.545,1.577,0.607
316.400,-0.540,1.580,0.611
316.512,-0.537,1.586,0.612
316.623,-0.536,1.591,0.613
316.734,-0.536,1.594,0.613
316.846,-0.537,1.596,0.613
316.957,-0.538,1.598,0.613
317.068,-0.538,1.598,0.613
317.179,-0.537,1.598,0.613
317.289,-0.536,1.599,0.613
317.399,-0.535,1.598,0.613
317.511,-0.533,1.597,0.612
317.623,-0.532,1.596,0.611
317.734,-0.531,1.595,0.610
317.845,-0.526,1.595,0.613
317.956,-0.517,1.595,0.627
318.067,-0.507,1.597,0.644
318.178,-0.495,1.596,0.658
318.289,-0.478,1.593,0.667
318.401,-0.454,1.593,0.677
318.512,-0.425,1.591,0.690
318.623,-0.389,1.585,0.710
318.734,-0.351,1.577,0.735
318.845,-0.309,1.569,0.768
318.956,-0.263,1.571,0.806
319.068,-0.215,1.582,0.847
319.178,-0.169,1.589,0.884
319.290,-0.123,1.590,0.918
319.401,-0.074,1.589,0.944
319.512,-0.024,1.583,0.967
319.623,0.025,1.573,0.986
319.734,0.072,1.572,1.004
319.845,0.115,1.577,1.024
319.956,0.151,1.577,1.042
320.067,0.178,1.576,1.060
320.178,0.198,1.575,1.073
320.290,0.213,1.572,1.084
320.401,0.223,1.568,1.091
320.512,0.231,1.566,1.094
320.623,0.235,1.565,1.097
320.733,0.236,1.563,1.098
320.844,0.232,1.565,1.101
320.956,0.219,1.570,1.107
321.067,0.200,1.575,1.108
321.178,0.178,1.576,1.105
321.289,0.158,1.571,1.099
321.400,0.137,1.568,1.092
321.511,0.117,1.566,1.083
321.622,0.097,1.565,1.070
321.733,0.081,1.565,1.054
321.844,0.066,1.565,1.037
321.955,0.051,1.562,1.020
322.066,0.036,1.560,1.007
322.178,0.023,1.553,0.996
322.289,0.012,1.547,0.987
322.400,0.004,1.544,0.975
322.512,0.001,1.541,0.959
322.622,0.001,1.545,0.941
322.733,0.004,1.550,0.923
322.845,0.009,1.553,0.906
322.956,0.016,1.555,0.890
323.067,0.019,1.557,0.875
323.178,0.020,1.559,0.860
323.290,0.020,1.561,0.844
323.399,0.020,1.565,0.831
323.511,0.023,1.572,0.823
323.622,0.027,1.579,0.817
323.733,0.028,1.582,0.813
323.844,0.028,1.584,0.810
323.956,0.026,1.585,0.808
324.067,0.024,1.587,0.808
324.178,0.025,1.588,0.811
324.289,0.027,1.587,0.817
324.401,0.030,1.585,0.823
324.511,0.033,1.586,0.832
324.623,0.036,1.582,0.840
324.734,0.040,1.579,0.850
324.845,0.049,1.575,0.862
324.956,0.066,1.574,0.880
325.067,0.087,1.573,0.899
325.178,0.100,1.583,0.921
325.289,0.090,1.593,0.941
325.400,0.055,1.598,0.944
325.511,0.011,1.601,0.926
325.622,-0.033,1.601,0.894
325.734,-0.072,1.601,0.849
325.844,-0.099,1.597,0.802
325.956,-0.115,1.592,0.771
326.068,-0.137,1.596,0.759
326.179,-0.163,1.598,0.758
326.290,-0.194,1.601,0.766
326.401,-0.232,1.607,0.788
326.512,-0.273,1.613,0.813
326.624,-0.317,1.614,0.835
326.734,-0.364,1.613,0.851
326.845,-0.415,1.610,0.859
326.957,-0.463,1.609,0.860
327.067,-0.508,1.601,0.844
327.179,-0.547,1.590,0.813
327.290,-0.582,1.592,0.780
327.401,-0.613,1.593,0.754
327.512,-0.640,1.590,0.736
327.624,-0.658,1.584,0.728
327.735,-0.672,1.579,0.728
327.846,-0.686,1.575,0.740
327.957,-0.700,1.572,0.762
328.068,-0.709,1.570,0.790
328.180,-0.718,1.570,0.823
328.291,-0.724,1.572,0.854
328.402,-0.723,1.575,0.884
328.513,-0.715,1.578,0.913
328.624,-0.701,1.580,0.938
328.735,-0.682,1.582,0.960
328.846,-0.664,1.587,0.975
328.958,-0.649,1.588,0.987
329.068,-0.640,1.586,0.996
329.179,-0.637,1.586,1.003
329.291,-0.639,1.586,1.006
329.402,-0.648,1.585,1.007
329.513,-0.659,1.586,1.005
329.624,-0.672,1.586,1.003
329.736,-0.687,1.586,1.001
329.846,-0.706,1.587,0.998
329.957,-0.729,1.586,0.994
330.069,-0.755,1.585,0.986
330.179,-0.783,1.583,0.975
330.290,-0.814,1.581,0.965
330.402,-0.843,1.580,0.957
330.512,-0.870,1.582,0.953
330.623,-0.895,1.585,0.948
330.734,-0.917,1.584,0.942
330.845,-0.934,1.584,0.934
330.956,-0.948,1.588,0.926
331.067,-0.957,1.590,0.919
331.177,-0.961,1.587,0.912
331.289,-0.960,1.585,0.900
331.401,-0.952,1.584,0.889
331.511,-0.939,1.580,0.885
331.622,-0.922,1.576,0.888
331.734,-0.906,1.573,0.896
331.845,-0.890,1.572,0.906
331.957,-0.870,1.570,0.915
332.068,-0.847,1.569,0.927
332.179,-0.822,1.571,0.941
332.290,-0.796,1.572,0.956
332.401,-0.771,1.574,0.972
332.512,-0.750,1.577,0.986
332.624,-0.727,1.581,0.996
332.735,-0.702,1.585,1.003
332.845,-0.676,1.589,1.008
332.957,-0.653,1.588,1.012
333.068,-0.633,1.589,1.014
333.179,-0.618,1.589,1.016
333.289,-0.607,1.588,1.018
333.401,-0.601,1.589,1.020
333.512,-0.598,1.591,1.021
333.623,-0.597,1.592,1.021
333.734,-0.597,1.593,1.019
333.845,-0.598,1.592,1.017
333.957,-0.599,1.592,1.013
334.068,-0.600,1.592,1.009
334.179,-0.602,1.592,1.006
334.290,-0.603,1.591,1.002
334.401,-0.605,1.590,0.999
334.512,-0.606,1.590,0.998
334.624,-0.608,1.590,0.996
334.735,-0.609,1.591,0.994
334.846,-0.609,1.591,0.992
334.957,-0.610,1.591,0.990
335.069,-0.610,1.591,0.988
335.179,-0.609,1.591,0.987
335.290,-0.608,1.592,0.986
335.401,-0.605,1.593,0.984
335.513,-0.602,1.596,0.983
335.623,-0.597,1.598,0.982
335.735,-0.588,1.599,0.980
335.846,-0.576,1.600,0.978
335.957,-0.559,1.598,0.976
336.068,-0.538,1.597,0.974
336.179,-0.514,1.596,0.971
336.290,-0.487,1.591,0.965
336.401,-0.460,1.588,0.956
336.512,-0.436,1.583,0.944
336.624,-0.416,1.575,0.930
336.735,-0.400,1.570,0.912
336.846,-0.388,1.571,0.886
336.957,-0.379,1.568,0.850
337.069,-0.371,1.565,0.804
337.180,-0.362,1.567,0.757
337.291,-0.354,1.571,0.716
337.402,-0.347,1.572,0.682
337.513,-0.339,1.569,0.654
337.624,-0.331,1.566,0.629
337.735,-0.324,1.563,0.607
337.846,-0.315,1.561,0.588
337.957,-0.306,1.558,0.570
338.069,-0.295,1.555,0.553
338.180,-0.285,1.552,0.536
338.290,-0.275,1.550,0.518
338.402,-0.266,1.548,0.501
338.513,-0.259,1.546,0.485
338.624,-0.254,1.543,0.471
338.736,-0.252,1.541,0.461
338.846,-0.253,1.540,0.453
338.958,-0.255,1.541,0.449
339.069,-0.259,1.542,0.447
339.180,-0.262,1.542,0.447
339.291,-0.266,1.542,0.446
339.402,-0.269,1.542,0.447
339.513,-0.272,1.542,0.447
339.624,-0.273,1.542,0.447
339.735,-0.271,1.542,0.446
339.846,-0.266,1.543,0.445
339.958,-0.259,1.542,0.443
340.069,-0.249,1.542,0.442
340.179,-0.238,1.541,0.439
340.290,-0.226,1.540,0.436
340.402,-0.215,1.538,0.433
340.513,-0.205,1.536,0.431
340.624,-0.197,1.535,0.429
340.734,-0.190,1.533,0.428
340.845,-0.186,1.532,0.427
340.957,-0.184,1.532,0.427
341.068,-0.187,1.531,0.429
341.179,-0.190,1.534,0.432
341.290,-0.195,1.536,0.435
341.401,-0.200,1.538,0.440
341.513,-0.205,1.541,0.447
341.624,-0.210,1.544,0.455
341.734,-0.218,1.548,0.467
341.845,-0.230,1.552,0.483
341.957,-0.245,1.560,0.507
342.069,-0.262,1.565,0.540
342.180,-0.279,1.570,0.582
342.291,-0.293,1.575,0.626
342.402,-0.296,1.576,0.667
342.513,-0.297,1.578,0.696
342.624,-0.299,1.578,0.711
342.735,-0.299,1.578,0.714
342.846,-0.298,1.579,0.699
342.957,-0.294,1.579,0.672
343.069,-0.286,1.578,0.636
343.179,-0.275,1.575,0.598
343.291,-0.261,1.572,0.564
343.402,-0.247,1.568,0.534
343.513,-0.233,1.564,0.509
343.624,-0.219,1.560,0.489
343.735,-0.206,1.556,0.473
343.846,-0.195,1.552,0.460
343.957,-0.187,1.548,0.450
344.068,-0.181,1.546,0.443
344.179,-0.176,1.544,0.436
344.291,-0.173,1.543,0.430
344.402,-0.170,1.541,0.425
344.513,-0.167,1.540,0.422
344.625,-0.167,1.540,0.421
344.736,-0.167,1.540,0.421
344.846,-0.169,1.541,0.422
344.957,-0.171,1.541,0.424
345.069,-0.174,1.543,0.426
345.180,-0.178,1.545,0.429
345.291,-0.183,1.547,0.433
345.402,-0.189,1.549,0.438
345.513,-0.197,1.551,0.444
345.624,-0.207,1.554,0.454
345.736,-0.219,1.559,0.468
345.846,-0.233,1.564,0.485
345.958,-0.247,1.569,0.506
346.069,-0.261,1.573,0.532
346.180,-0.273,1.576,0.563
346.291,-0.285,1.578,0.599
346.403,-0.296,1.580,0.640
346.513,-0.307,1.582,0.681
346.624,-0.318,1.586,0.717
346.735,-0.330,1.591,0.746
346.846,-0.344,1.594,0.770
346.957,-0.362,1.596,0.789
347.069,-0.386,1.597,0.806
347.179,-0.417,1.597,0.821
347.291,-0.456,1.598,0.837
347.402,-0.502,1.597,0.854
347.512,-0.550,1.597,0.873
347.623,-0.599,1.596,0.893
347.734,-0.648,1.594,0.911
347.845,-0.695,1.593,0.926
347.957,-0.738,1.591,0.937
348.068,-0.778,1.589,0.943
348.179,-0.817,1.586,0.943
348.290,-0.859,1.584,0.935
348.401,-0.905,1.580,0.920
348.512,-0.958,1.577,0.898
348.623,-1.016,1.584,0.872
348.734,-1.073,1.590,0.847
348.846,-1.128,1.593,0.826
348.957,-1.180,1.593,0.808
349.068,-1.231,1.590,0.794
349.179,-1.285,1.582,0.782
349.290,-1.342,1.572,0.773
349.401,-1.408,1.562,0.767
349.513,-1.484,1.557,0.762
349.623,-1.569,1.561,0.754
349.734,-1.652,1.567,0.743
349.846,-1.726,1.567,0.728
349.957,-1.785,1.562,0.713
350.068,-1.831,1.558,0.696
350.179,-1.865,1.550,0.681
350.290,-1.888,1.543,0.669
350.402,-1.900,1.539,0.662
350.512,-1.905,1.536,0.659
350.623,-1.896,1.537,0.654
350.734,-1.865,1.549,0.640
350.846,-1.811,1.564,0.626
350.957,-1.740,1.577,0.621
351.068,-1.659,1.587,0.628
351.180,-1.576,1.594,0.646
351.291,-1.494,1.598,0.670
351.402,-1.413,1.597,0.696
351.513,-1.340,1.593,0.719
351.624,-1.276,1.591,0.734
351.730,-1.221,1.589,0.744
351.843,-1.170,1.586,0.751
351.955,-1.122,1.581,0.752
352.067,-1.073,1.575,0.747
352.177,-1.022,1.573,0.734
352.289,-0.966,1.578,0.716
352.400,-0.904,1.588,0.695
352.511,-0.840,1.592,0.681
352.622,-0.780,1.591,0.670
352.733,-0.722,1.590,0.661
352.845,-0.662,1.584,0.652
352.956,-0.598,1.578,0.646
353.068,-0.529,1.578,0.644
353.178,-0.458,1.590,0.643
353.289,-0.392,1.599,0.636
353.400,-0.334,1.599,0.620
353.512,-0.284,1.596,0.597
353.623,-0.242,1.589,0.568
353.734,-0.207,1.580,0.532
353.845,-0.175,1.576,0.490
353.957,-0.142,1.577,0.443
354.068,-0.110,1.574,0.399
354.179,-0.083,1.568,0.361
354.290,-0.061,1.559,0.333
354.401,-0.045,1.551,0.313
354.512,-0.032,1.546,0.298
354.624,-0.025,1.543,0.289
354.735,-0.022,1.543,0.285
354.846,-0.025,1.545,0.289
354.957,-0.034,1.549,0.300
355.069,-0.051,1.555,0.320
355.180,-0.076,1.565,0.350
355.290,-0.108,1.573,0.393
355.402,-0.148,1.574,0.444
355.513,-0.196,1.574,0.494
355.624,-0.250,1.578,0.538
355.735,-0.309,1.584,0.575
355.846,-0.375,1.585,0.611
355.957,-0.445,1.583,0.644
356.068,-0.521,1.581,0.673
356.179,-0.603,1.580,0.695
356.290,-0.681,1.580,0.714
356.401,-0.753,1.580,0.734
356.512,-0.819,1.580,0.752
356.623,-0.884,1.579,0.766
356.734,-0.950,1.576,0.778
356.844,-1.021,1.574,0.786
356.956,-1.096,1.576,0.790
357.067,-1.173,1.589,0.792
357.178,-1.247,1.594,0.800
357.289,-1.316,1.591,0.816
357.400,-1.385,1.585,0.841
357.511,-1.456,1.573,0.875
357.622,-1.534,1.561,0.917
357.733,-1.619,1.562,0.963
357.844,-1.701,1.571,1.004
357.956,-1.773,1.571,1.035
358.066,-1.833,1.563,1.055
358.177,-1.879,1.553,1.065
358.288,-1.913,1.544,1.069
358.399,-1.935,1.536,1.068
358.510,-1.945,1.529,1.062
358.622,-1.947,1.527,1.053
358.733,-1.941,1.527,1.041
358.844,-1.928,1.529,1.027
358.955,-1.905,1.537,1.008
359.067,-1.872,1.555,0.983
359.178,-1.824,1.573,0.959
359.290,-1.762,1.596,0.937
359.401,-1.690,1.613,0.920
359.512,-1.621,1.618,0.908
359.623,-1.559,1.619,0.900
359.734,-1.511,1.617,0.892
359.845,-1.469,1.610,0.874
359.957,-1.424,1.597,0.836
360.068,-1.372,1.581,0.796
360.179,-1.326,1.569,0.761
360.290,-1.291,1.557,0.725
360.402,-1.263,1.547,0.682
360.512,-1.237,1.545,0.630
360.624,-1.215,1.552,0.577
360.733,-1.195,1.555,0.534
360.845,-1.176,1.554,0.508
360.956,-1.159,1.556,0.497
361.068,-1.151,1.559,0.504
361.179,-1.149,1.559,0.528
361.290,-1.150,1.564,0.557
361.401,-1.161,1.569,0.592
361.512,-1.180,1.572,0.632
361.623,-1.204,1.573,0.675
361.734,-1.235,1.572,0.718
361.845,-1.277,1.572,0.756
361.956,-1.329,1.571,0.788
362.067,-1.381,1.564,0.796
362.178,-1.430,1.551,0.787
362.289,-1.462,1.542,0.782
362.400,-1.483,1.527,0.777
362.512,-1.509,1.509,0.763
362.622,-1.536,1.461,0.739
362.734,-1.555,1.404,0.706
362.845,-1.554,1.361,0.682
362.956,-1.540,1.365,0.678
363.067,-1.515,1.401,0.698
363.176,-1.484,1.449,0.729
363.288,-1.446,1.491,0.760
363.399,-1.398,1.511,0.793
363.511,-1.352,1.520,0.830
363.622,-1.308,1.521,0.872
363.733,-1.267,1.518,0.918
363.844,-1.225,1.504,0.961
363.956,-1.186,1.463,0.988
364.066,-1.148,1.392,0.992
364.178,-1.112,1.295,0.976
364.289,-1.087,1.178,0.947
364.400,-1.080,1.066,0.911
364.511,-1.093,0.959,0.870
364.623,-1.114,0.863,0.827
364.733,-1.132,0.778,0.784
364.845,-1.134,0.723,0.733
364.956,-1.120,0.689,0.669
365.068,-1.092,0.672,0.606
365.179,-1.072,0.650,0.549
365.290,-1.067,0.631,0.508
365.401,-1.062,0.617,0.484
365.512,-1.060,0.611,0.471
365.624,-1.061,0.615,0.471
365.734,-1.062,0.622,0.480
365.846,-1.065,0.632,0.499
365.958,-1.075,0.649,0.524
366.068,-1.093,0.668,0.556
366.179,-1.118,0.698,0.597
366.290,-1.149,0.749,0.647
366.401,-1.170,0.826,0.693
366.512,-1.196,0.920,0.722
366.623,-1.229,1.018,0.749
366.735,-1.264,1.119,0.782
366.846,-1.302,1.223,0.826
366.956,-1.346,1.324,0.875
367.068,-1.395,1.408,0.926
367.178,-1.453,1.469,0.968
367.290,-1.520,1.505,0.987
367.401,-1.595,1.521,0.981
367.512,-1.677,1.530,0.951
367.623,-1.753,1.531,0.915
367.734,-1.815,1.526,0.882
367.846,-1.859,1.521,0.859
367.956,-1.888,1.518,0.848
368.067,-1.907,1.515,0.842
368.179,-1.922,1.511,0.837
368.289,-1.933,1.507,0.832
368.401,-1.942,1.506,0.829
368.512,-1.947,1.506,0.826
368.623,-1.948,1.508,0.825
368.734,-1.944,1.511,0.830
368.845,-1.931,1.517,0.837
368.957,-1.897,1.530,0.842
369.068,-1.837,1.545,0.847
369.179,-1.773,1.557,0.860
369.290,-1.709,1.563,0.875
369.401,-1.647,1.566,0.888
369.512,-1.592,1.569,0.888
369.623,-1.547,1.572,0.875
369.734,-1.512,1.575,0.845
369.845,-1.487,1.572,0.798
369.957,-1.470,1.565,0.735
370.068,-1.460,1.558,0.661
370.179,-1.448,1.562,0.590
370.290,-1.435,1.564,0.534
370.401,-1.427,1.560,0.494
370.512,-1.424,1.557,0.469
370.623,-1.423,1.555,0.457
370.735,-1.420,1.558,0.458
370.846,-1.414,1.562,0.471
370.957,-1.402,1.564,0.495
371.069,-1.381,1.564,0.530
371.179,-1.354,1.564,0.575
371.290,-1.325,1.566,0.621
371.402,-1.303,1.573,0.663
371.512,-1.287,1.579,0.700
371.624,-1.278,1.582,0.734
371.735,-1.275,1.584,0.765
371.846,-1.277,1.584,0.795
371.957,-1.283,1.586,0.824
372.068,-1.294,1.587,0.852
372.179,-1.306,1.588,0.882
372.290,-1.320,1.590,0.910
372.401,-1.336,1.591,0.936
372.512,-1.351,1.592,0.960
372.623,-1.366,1.592,0.981
372.734,-1.379,1.592,1.000
372.845,-1.390,1.591,1.018
372.956,-1.399,1.588,1.034
373.067,-1.407,1.586,1.048
373.178,-1.411,1.584,1.059
373.289,-1.415,1.583,1.067
373.400,-1.420,1.582,1.074
373.512,-1.427,1.580,1.080
373.622,-1.439,1.579,1.090
373.733,-1.460,1.575,1.102
373.845,-1.486,1.568,1.111
373.956,-1.519,1.560,1.116
374.067,-1.561,1.551,1.115
374.178,-1.612,1.541,1.108
374.289,-1.673,1.531,1.096
374.400,-1.742,1.526,1.083
374.512,-1.811,1.523,1.074
374.622,-1.868,1.516,1.069
374.734,-1.914,1.510,1.071
374.845,-1.949,1.500,1.077
374.955,-1.974,1.489,1.087
375.066,-1.988,1.483,1.102
375.177,-1.997,1.488,1.110
375.289,-1.991,1.501,1.100
375.400,-1.958,1.519,1.075
375.512,-1.900,1.542,1.040
375.623,-1.823,1.558,1.010
375.734,-1.743,1.565,0.982
375.846,-1.659,1.567,0.950
375.957,-1.574,1.570,0.912
376.068,-1.500,1.574,0.869
376.179,-1.441,1.576,0.818
376.290,-1.399,1.574,0.758
376.401,-1.370,1.569,0.690
376.512,-1.352,1.558,0.619
376.624,-1.339,1.553,0.545
376.735,-1.327,1.558,0.483
376.846,-1.315,1.559,0.447
376.958,-1.309,1.559,0.438
377.068,-1.310,1.558,0.454
377.179,-1.323,1.559,0.485
377.290,-1.350,1.564,0.515
377.402,-1.384,1.568,0.541
377.512,-1.417,1.571,0.557
377.623,-1.452,1.571,0.564
377.735,-1.495,1.569,0.559
377.846,-1.550,1.566,0.540
377.957,-1.616,1.560,0.507
378.068,-1.687,1.553,0.464
378.179,-1.744,1.542,0.422
378.290,-1.781,1.526,0.389
378.401,-1.801,1.513,0.372
378.512,-1.809,1.509,0.366
378.623,-1.804,1.511,0.367
378.734,-1.785,1.517,0.374
378.846,-1.743,1.529,0.390
378.957,-1.689,1.542,0.420
379.068,-1.630,1.550,0.458
379.179,-1.572,1.555,0.497
379.290,-1.513,1.559,0.530
379.401,-1.455,1.559,0.554
379.513,-1.402,1.557,0.568
379.624,-1.360,1.556,0.577
379.735,-1.333,1.556,0.582
379.846,-1.322,1.553,0.585
379.956,-1.328,1.552,0.586
380.068,-1.346,1.555,0.587
380.179,-1.378,1.559,0.586
380.290,-1.427,1.565,0.583
380.401,-1.485,1.569,0.580
380.513,-1.545,1.569,0.572
380.624,-1.611,1.567,0.552
380.734,-1.684,1.561,0.520
380.846,-1.761,1.552,0.477
380.957,-1.830,1.536,0.433
381.068,-1.882,1.519,0.393
381.179,-1.915,1.502,0.364
381.288,-1.929,1.495,0.348
381.400,-1.930,1.496,0.340
381.511,-1.916,1.500,0.340
381.622,-1.885,1.511,0.347
381.734,-1.831,1.528,0.362
381.845,-1.765,1.544,0.391
381.956,-1.698,1.557,0.428
382.067,-1.632,1.564,0.467
382.179,-1.567,1.567,0.502
382.290,-1.504,1.569,0.528
382.401,-1.445,1.569,0.545
382.512,-1.387,1.571,0.546
382.623,-1.329,1.570,0.531
382.734,-1.273,1.561,0.498
382.845,-1.220,1.555,0.452
382.957,-1.172,1.555,0.412
383.068,-1.137,1.552,0.386
383.179,-1.121,1.549,0.375
383.290,-1.122,1.549,0.378
383.401,-1.142,1.552,0.396
383.512,-1.176,1.555,0.430
383.624,-1.220,1.555,0.474
383.734,-1.263,1.553,0.515
383.846,-1.303,1.560,0.548
383.957,-1.339,1.570,0.570
384.068,-1.378,1.576,0.586
384.179,-1.418,1.581,0.593
384.290,-1.465,1.583,0.590
384.401,-1.522,1.580,0.576
384.512,-1.587,1.574,0.549
384.623,-1.660,1.570,0.508
384.734,-1.732,1.564,0.461
384.845,-1.796,1.558,0.419
384.957,-1.846,1.550,0.385
385.068,-1.886,1.540,0.360
385.179,-1.917,1.532,0.342
385.290,-1.935,1.525,0.331
385.398,-1.938,1.523,0.324
385.509,-1.928,1.527,0.323
385.621,-1.906,1.538,0.327
385.733,-1.872,1.553,0.339
385.844,-1.834,1.562,0.363
385.956,-1.796,1.569,0.398
386.067,-1.758,1.579,0.431
386.178,-1.724,1.588,0.458
386.289,-1.696,1.594,0.478
386.398,-1.676,1.594,0.495
386.510,-1.661,1.595,0.509
386.622,-1.652,1.594,0.519
386.733,-1.648,1.593,0.526
386.845,-1.646,1.593,0.531
386.955,-1.647,1.595,0.535
387.067,-1.648,1.600,0.540
387.178,-1.648,1.608,0.548
387.289,-1.648,1.613,0.560
387.400,-1.645,1.615,0.575
387.511,-1.641,1.616,0.590
387.622,-1.638,1.617,0.602
387.733,-1.637,1.616,0.610
387.845,-1.637,1.616,0.615
387.956,-1.638,1.616,0.616
388.067,-1.638,1.615,0.613
388.179,-1.638,1.616,0.606
388.289,-1.639,1.617,0.597
388.401,-1.643,1.623,0.581
388.512,-1.652,1.626,0.564
388.623,-1.666,1.627,0.552
388.734,-1.683,1.627,0.546
388.845,-1.704,1.628,0.543
388.956,-1.727,1.630,0.552
389.067,-1.749,1.633,0.571
389.178,-1.764,1.638,0.594
389.290,-1.771,1.644,0.618
389.401,-1.770,1.643,0.636
389.512,-1.766,1.643,0.647
389.623,-1.760,1.647,0.655
389.733,-1.756,1.650,0.658
389.845,-1.755,1.650,0.655
389.955,-1.757,1.650,0.646
390.067,-1.763,1.648,0.634
390.178,-1.771,1.645,0.620
390.290,-1.775,1.639,0.605
390.401,-1.777,1.631,0.591
390.513,-1.774,1.626,0.580
390.623,-1.772,1.622,0.574
390.735,-1.768,1.621,0.569
390.846,-1.765,1.620,0.567
390.957,-1.761,1.620,0.564
391.068,-1.759,1.618,0.562
391.179,-1.757,1.615,0.560
391.290,-1.754,1.615,0.560
391.401,-1.752,1.615,0.562
391.512,-1.747,1.616,0.565
391.624,-1.742,1.613,0.569
391.734,-1.736,1.612,0.576
391.846,-1.732,1.612,0.580
391.957,-1.724,1.614,0.580
392.068,-1.709,1.616,0.578
392.179,-1.687,1.615,0.578
392.290,-1.657,1.612,0.587
392.402,-1.624,1.607,0.602
392.513,-1.585,1.602,0.622
392.623,-1.541,1.601,0.640
392.735,-1.493,1.608,0.653
392.846,-1.445,1.610,0.661
392.957,-1.396,1.610,0.660
393.068,-1.337,1.602,0.652
393.179,-1.269,1.593,0.635
393.290,-1.197,1.593,0.611
393.401,-1.131,1.608,0.585
393.512,-1.072,1.613,0.567
393.624,-1.016,1.611,0.557
393.735,-0.962,1.613,0.552
393.846,-0.907,1.610,0.553
393.957,-0.853,1.602,0.565
394.069,-0.800,1.601,0.585
394.179,-0.748,1.609,0.606
394.291,-0.699,1.615,0.622
394.403,-0.654,1.617,0.631
394.513,-0.613,1.619,0.633
394.624,-0.575,1.618,0.629
394.735,-0.539,1.617,0.619
394.846,-0.510,1.614,0.607
394.957,-0.486,1.613,0.594
395.069,-0.468,1.610,0.580
395.179,-0.454,1.610,0.561
395.291,-0.446,1.614,0.542
395.402,-0.443,1.620,0.525
395.513,-0.442,1.621,0.509
395.624,-0.441,1.621,0.496
395.735,-0.438,1.620,0.485
395.846,-0.433,1.615,0.471
395.957,-0.429,1.608,0.454
396.068,-0.428,1.600,0.436
396.180,-0.428,1.596,0.420
396.291,-0.432,1.589,0.408
396.402,-0.438,1.578,0.396
396.513,-0.444,1.565,0.384
396.624,-0.450,1.551,0.374
396.735,-0.453,1.540,0.366
396.846,-0.453,1.532,0.359
396.957,-0.454,1.522,0.355
397.068,-0.456,1.513,0.350
397.180,-0.459,1.505,0.345
397.290,-0.462,1.498,0.341
397.402,-0.466,1.492,0.338
397.513,-0.470,1.487,0.337
397.623,-0.475,1.483,0.336
397.735,-0.480,1.479,0.333
397.846,-0.483,1.476,0.331
397.957,-0.485,1.473,0.329
398.068,-0.487,1.470,0.326
398.179,-0.488,1.468,0.323
398.291,-0.487,1.465,0.321
398.402,-0.486,1.462,0.320
398.513,-0.484,1.458,0.319
398.623,-0.484,1.453,0.317
398.735,-0.483,1.447,0.314
398.846,-0.483,1.441,0.310
398.957,-0.480,1.436,0.305
399.069,-0.475,1.430,0.302
399.179,-0.469,1.427,0.304
399.290,-0.461,1.427,0.307
399.402,-0.454,1.424,0.310
399.513,-0.449,1.422,0.311
399.624,-0.445,1.421,0.313
399.735,-0.442,1.420,0.314
399.846,-0.440,1.420,0.315
399.957,-0.439,1.422,0.316
400.069,-0.437,1.424,0.319
400.179,-0.435,1.427,0.323
400.290,-0.433,1.431,0.326
400.402,-0.432,1.434,0.329
400.513,-0.430,1.436,0.331
400.624,-0.429,1.438,0.333
400.734,-0.428,1.438,0.333
400.846,-0.425,1.439,0.333
400.957,-0.423,1.439,0.333
401.068,-0.419,1.438,0.333
401.179,-0.417,1.437,0.333
401.288,-0.414,1.436,0.332
401.401,-0.413,1.436,0.332
401.512,-0.412,1.436,0.333
401.623,-0.413,1.436,0.334
401.734,-0.414,1.437,0.335
401.844,-0.414,1.437,0.336
401.956,-0.414,1.438,0.336
402.066,-0.412,1.439,0.337
402.178,-0.410,1.440,0.339
402.290,-0.409,1.440,0.340
402.400,-0.408,1.442,0.339
402.511,-0.407,1.443,0.337
402.622,-0.406,1.442,0.337
402.734,-0.406,1.442,0.337
402.845,-0.406,1.442,0.337
402.956,-0.406,1.444,0.339
403.067,-0.403,1.451,0.347
403.178,-0.399,1.470,0.365
403.289,-0.387,1.497,0.397
403.401,-0.378,1.529,0.442
403.512,-0.384,1.556,0.489
403.623,-0.400,1.576,0.525
403.734,-0.415,1.591,0.548
403.846,-0.429,1.600,0.562
403.957,-0.441,1.607,0.569
404.068,-0.450,1.612,0.571
404.179,-0.454,1.620,0.572
404.290,-0.454,1.629,0.571
404.402,-0.450,1.633,0.570
404.513,-0.443,1.633,0.569
404.623,-0.437,1.633,0.566
404.735,-0.430,1.631,0.562
404.845,-0.424,1.627,0.559
404.957,-0.414,1.622,0.558
405.067,-0.402,1.616,0.561
405.179,-0.384,1.605,0.570
405.287,-0.360,1.596,0.588
405.398,-0.329,1.590,0.617
405.510,-0.294,1.580,0.655
405.622,-0.255,1.573,0.704
405.732,-0.209,1.576,0.761
405.844,-0.162,1.588,0.816
405.955,-0.113,1.590,0.864
406.066,-0.060,1.591,0.904
406.178,-0.005,1.590,0.936
406.289,0.054,1.586,0.961
406.400,0.108,1.587,0.981
406.512,0.146,1.588,0.997
406.623,0.170,1.588,1.006
406.733,0.180,1.587,1.012
406.844,0.176,1.584,1.010
406.956,0.162,1.585,0.999
407.067,0.144,1.589,0.987
407.178,0.117,1.592,0.972
407.289,0.088,1.597,0.958
407.400,0.064,1.599,0.944
407.511,0.048,1.602,0.935
407.622,0.038,1.597,0.932
407.735,0.033,1.587,0.933
407.844,0.032,1.580,0.938
407.955,0.032,1.573,0.941
408.067,0.032,1.570,0.947
408.177,0.032,1.568,0.951
408.289,0.034,1.565,0.955
408.414,0.040,1.564,0.961
408.525,0.049,1.564,0.964
408.636,0.059,1.565,0.965
408.748,0.070,1.565,0.965
408.859,0.080,1.567,0.963
408.970,0.088,1.568,0.962
409.081,0.093,1.569,0.962
409.192,0.094,1.571,0.962
409.303,0.094,1.572,0.964
409.414,0.094,1.573,0.965
409.525,0.091,1.577,0.965
409.637,0.080,1.586,0.965
409.748,0.056,1.601,0.962
409.859,0.020,1.613,0.950
409.970,-0.012,1.617,0.930
410.081,-0.033,1.618,0.906
410.191,-0.043,1.617,0.885
410.302,-0.046,1.618,0.873
410.414,-0.046,1.617,0.866
410.525,-0.047,1.616,0.858
410.637,-0.052,1.613,0.848
410.748,-0.067,1.603,0.835
410.858,-0.095,1.590,0.819
410.970,-0.125,1.577,0.807
411.082,-0.155,1.574,0.804
411.192,-0.181,1.572,0.808
411.303,-0.203,1.571,0.816
411.415,-0.230,1.568,0.833
411.525,-0.256,1.567,0.856
411.637,-0.278,1.568,0.883
411.743,-0.298,1.577,0.912
411.855,-0.314,1.582,0.934
411.966,-0.324,1.583,0.952
412.079,-0.326,1.585,0.966
412.190,-0.326,1.589,0.978
412.302,-0.327,1.589,0.986
412.413,-0.328,1.591,0.992
412.524,-0.328,1.595,0.994
412.635,-0.327,1.597,0.992
412.746,-0.324,1.598,0.987
412.858,-0.322,1.599,0.979
412.969,-0.321,1.599,0.972
413.079,-0.324,1.601,0.967
413.191,-0.327,1.600,0.964
413.302,-0.332,1.600,0.965
413.413,-0.336,1.600,0.967
413.525,-0.340,1.601,0.968
413.635,-0.344,1.602,0.969
413.747,-0.348,1.601,0.970
413.858,-0.349,1.600,0.971
413.969,-0.349,1.599,0.973
414.080,-0.349,1.597,0.977
414.191,-0.351,1.598,0.981
414.302,-0.352,1.597,0.985
414.413,-0.351,1.597,0.988
414.524,-0.349,1.597,0.991
414.635,-0.347,1.597,0.993
414.746,-0.344,1.596,0.994
414.857,-0.340,1.596,0.995
414.969,-0.336,1.596,0.997
415.081,-0.332,1.596,0.998
415.191,-0.326,1.596,0.999
415.303,-0.319,1.597,0.999
415.414,-0.310,1.597,1.001
415.525,-0.302,1.598,1.002
415.637,-0.294,1.598,1.003
415.748,-0.287,1.599,1.004
415.859,-0.282,1.598,1.006
415.970,-0.278,1.598,1.007
416.081,-0.275,1.599,1.007
416.193,-0.273,1.599,1.006
416.304,-0.272,1.598,1.006
416.415,-0.272,1.598,1.005
416.526,-0.273,1.598,1.006
416.637,-0.274,1.598,1.006
416.748,-0.276,1.597,1.006
416.859,-0.279,1.597,1.006
416.970,-0.282,1.597,1.004
417.081,-0.286,1.596,1.002
417.192,-0.292,1.596,1.000
417.304,-0.299,1.595,0.999
417.414,-0.313,1.594,1.001
417.525,-0.329,1.595,1.006
417.636,-0.342,1.597,1.012
417.747,-0.350,1.600,1.012
417.858,-0.360,1.604,1.010
417.970,-0.370,1.598,1.012
418.081,-0.377,1.600,1.019
418.192,-0.385,1.604,1.030
418.303,-0.389,1.605,1.039
418.414,-0.389,1.607,1.044
418.526,-0.387,1.608,1.046
418.637,-0.385,1.608,1.043
418.748,-0.382,1.604,1.040
418.859,-0.373,1.603,1.032
418.970,-0.349,1.599,1.016
419.081,-0.307,1.594,0.997
419.192,-0.261,1.590,0.975
419.303,-0.211,1.580,0.946
419.415,-0.153,1.572,0.908
419.526,-0.089,1.566,0.859
419.637,-0.025,1.566,0.804
419.749,0.030,1.567,0.756
419.860,0.076,1.567,0.717
419.971,0.112,1.564,0.688
420.082,0.136,1.561,0.676
420.193,0.150,1.559,0.676
420.304,0.153,1.563,0.686
420.415,0.148,1.568,0.711
420.526,0.134,1.576,0.747
420.637,0.114,1.580,0.789
420.746,0.091,1.585,0.830
420.858,0.067,1.590,0.868
420.970,0.044,1.592,0.901
421.081,0.026,1.590,0.928
421.192,0.010,1.586,0.948
421.303,-0.002,1.583,0.963
421.414,-0.011,1.583,0.972
421.525,-0.018,1.583,0.975
421.637,-0.022,1.584,0.972
421.748,-0.022,1.585,0.963
421.859,-0.018,1.586,0.951
421.970,-0.013,1.587,0.939
422.081,-0.008,1.588,0.927
422.192,-0.005,1.589,0.917
422.304,-0.004,1.588,0.910
422.414,-0.003,1.587,0.905
422.526,-0.003,1.587,0.902
422.637,-0.003,1.586,0.900
422.748,-0.002,1.585,0.900
422.859,-0.002,1.584,0.900
422.971,-0.001,1.584,0.901
423.082,-0.001,1.583,0.903
423.193,-0.008,1.583,0.904
423.304,-0.022,1.581,0.905
423.415,-0.043,1.576,0.906
423.526,-0.066,1.569,0.907
423.638,-0.086,1.569,0.902
423.748,-0.103,1.569,0.887
423.859,-0.118,1.567,0.856
423.969,-0.126,1.564,0.810
424.081,-0.130,1.562,0.753
424.192,-0.131,1.563,0.699
424.304,-0.130,1.560,0.654
424.415,-0.129,1.558,0.624
424.526,-0.128,1.561,0.609
424.638,-0.130,1.566,0.610
424.748,-0.136,1.568,0.626
424.859,-0.146,1.572,0.654
424.971,-0.160,1.576,0.689
425.082,-0.178,1.580,0.724
425.193,-0.199,1.584,0.755
425.304,-0.228,1.585,0.779
425.415,-0.268,1.580,0.798
425.525,-0.307,1.575,0.805
425.637,-0.342,1.573,0.792
425.748,-0.373,1.569,0.760
425.858,-0.398,1.561,0.713
425.970,-0.419,1.561,0.660
426.081,-0.437,1.564,0.621
426.192,-0.449,1.568,0.604
426.304,-0.458,1.573,0.603
426.414,-0.473,1.577,0.614
426.526,-0.495,1.579,0.634
426.638,-0.529,1.580,0.659
426.748,-0.576,1.577,0.679
426.859,-0.630,1.569,0.688
426.970,-0.676,1.564,0.682
427.081,-0.711,1.563,0.664
427.193,-0.735,1.561,0.635
427.303,-0.750,1.561,0.607
427.414,-0.761,1.566,0.587
427.525,-0.775,1.572,0.582
427.637,-0.794,1.577,0.586
427.748,-0.817,1.578,0.597
427.859,-0.844,1.577,0.618
427.970,-0.875,1.576,0.641
428.082,-0.908,1.576,0.661
428.193,-0.942,1.573,0.673
428.304,-0.980,1.567,0.674
428.415,-1.012,1.560,0.658
428.526,-1.037,1.552,0.635
428.637,-1.054,1.544,0.616
428.748,-1.059,1.545,0.616
428.859,-1.054,1.551,0.628
428.971,-1.042,1.556,0.651
429.081,-1.026,1.565,0.682
429.193,-1.010,1.571,0.714
429.304,-0.996,1.574,0.742
429.415,-0.986,1.573,0.766
429.526,-0.979,1.574,0.785
429.637,-0.977,1.575,0.795
429.748,-0.985,1.575,0.798
429.859,-1.004,1.574,0.793
429.971,-1.032,1.570,0.777
430.081,-1.070,1.566,0.748
430.193,-1.116,1.563,0.706
430.304,-1.162,1.560,0.660
430.415,-1.198,1.553,0.620
430.526,-1.223,1.545,0.595
430.637,-1.240,1.544,0.587
430.748,-1.249,1.545,0.595
430.859,-1.252,1.543,0.609
430.971,-1.252,1.544,0.619
431.082,-1.255,1.547,0.624
431.192,-1.264,1.547,0.621
431.304,-1.273,1.546,0.613
431.415,-1.282,1.545,0.606
431.526,-1.289,1.545,0.601
431.638,-1.292,1.545,0.606
431.748,-1.293,1.550,0.621
431.859,-1.288,1.554,0.645
431.971,-1.279,1.558,0.677
432.082,-1.264,1.560,0.714
432.193,-1.247,1.563,0.755
432.304,-1.233,1.565,0.796
432.415,-1.224,1.565,0.837
432.526,-1.219,1.566,0.873
432.637,-1.216,1.566,0.900
432.748,-1.213,1.566,0.918
432.859,-1.206,1.569,0.926
432.970,-1.188,1.576,0.925
433.082,-1.160,1.582,0.917
433.192,-1.134,1.584,0.905
433.303,-1.110,1.586,0.886
433.415,-1.082,1.589,0.860
433.526,-1.046,1.586,0.836
433.637,-0.999,1.581,0.818
433.749,-0.942,1.573,0.806
433.860,-0.872,1.565,0.798
433.971,-0.792,1.562,0.793
434.082,-0.709,1.566,0.788
434.192,-0.630,1.571,0.773
434.304,-0.554,1.573,0.750
434.415,-0.483,1.566,0.719
434.526,-0.421,1.562,0.682
434.637,-0.370,1.567,0.655
434.749,-0.332,1.576,0.642
434.859,-0.307,1.582,0.641
434.971,-0.293,1.584,0.653
435.083,-0.284,1.581,0.678
435.193,-0.276,1.579,0.712
435.304,-0.265,1.573,0.749
435.415,-0.255,1.570,0.785
435.527,-0.247,1.566,0.817
435.637,-0.242,1.564,0.842
435.748,-0.237,1.561,0.862
435.859,-0.234,1.557,0.876
435.970,-0.233,1.555,0.887
436.082,-0.233,1.553,0.894
436.192,-0.234,1.552,0.899
436.303,-0.233,1.551,0.901
436.414,-0.230,1.551,0.901
436.525,-0.227,1.551,0.900
436.637,-0.224,1.551,0.899
436.747,-0.220,1.551,0.897
436.859,-0.217,1.551,0.896
436.971,-0.215,1.551,0.895
437.081,-0.214,1.552,0.895
437.192,-0.213,1.553,0.895
437.304,-0.213,1.554,0.896
437.415,-0.214,1.555,0.897
437.526,-0.214,1.555,0.899
437.637,-0.215,1.555,0.901
437.748,-0.216,1.555,0.902
437.859,-0.217,1.556,0.904
437.971,-0.218,1.556,0.905
438.081,-0.218,1.557,0.905
438.192,-0.217,1.557,0.905
438.304,-0.215,1.557,0.904
438.415,-0.211,1.558,0.904
438.525,-0.203,1.558,0.903
438.637,-0.188,1.560,0.903
438.748,-0.165,1.561,0.899
438.859,-0.135,1.564,0.883
438.971,-0.100,1.564,0.852
439.082,-0.061,1.557,0.808
439.193,-0.020,1.552,0.755
439.304,0.021,1.552,0.707
439.415,0.058,1.552,0.674
439.526,0.087,1.553,0.658
439.638,0.105,1.556,0.656
439.749,0.119,1.565,0.662
439.860,0.136,1.569,0.679
439.971,0.155,1.574,0.703
440.082,0.175,1.578,0.729
440.193,0.197,1.576,0.753
440.304,0.217,1.571,0.774
440.415,0.233,1.566,0.790
440.526,0.244,1.563,0.800
440.637,0.250,1.559,0.804
440.746,0.251,1.553,0.806
440.859,0.250,1.549,0.805
440.969,0.248,1.549,0.799
441.080,0.246,1.553,0.791
441.191,0.246,1.553,0.781
441.302,0.248,1.553,0.770
441.414,0.249,1.553,0.759
441.525,0.252,1.553,0.748
441.637,0.256,1.552,0.736
441.748,0.260,1.551,0.722
441.859,0.263,1.551,0.711
441.970,0.267,1.550,0.703
442.081,0.270,1.550,0.701
442.192,0.270,1.552,0.704
442.303,0.266,1.550,0.713
442.414,0.262,1.548,0.723
442.525,0.251,1.547,0.733
442.636,0.234,1.547,0.740
442.747,0.216,1.549,0.741
442.858,0.198,1.556,0.738
442.970,0.180,1.558,0.736
443.081,0.157,1.558,0.729
443.192,0.120,1.556,0.713
443.303,0.069,1.553,0.688
443.415,0.014,1.554,0.655
443.525,-0.036,1.552,0.624
443.637,-0.074,1.551,0.607
443.748,-0.098,1.556,0.604
443.859,-0.116,1.562,0.614
443.971,-0.129,1.566,0.636
444.082,-0.135,1.565,0.667
444.192,-0.137,1.565,0.703
444.303,-0.136,1.567,0.735
444.415,-0.136,1.566,0.764
444.526,-0.137,1.563,0.791
444.637,-0.138,1.561,0.810
444.748,-0.137,1.563,0.820
444.858,-0.135,1.565,0.816
444.970,-0.128,1.567,0.798
445.081,-0.119,1.570,0.775
445.193,-0.111,1.570,0.750
445.304,-0.106,1.569,0.731
445.415,-0.104,1.566,0.725
445.526,-0.109,1.564,0.731
445.637,-0.123,1.565,0.742
445.748,-0.145,1.564,0.749
445.859,-0.182,1.563,0.750
445.970,-0.230,1.562,0.744
446.081,-0.286,1.559,0.726
446.192,-0.345,1.555,0.698
446.303,-0.402,1.555,0.662
446.415,-0.448,1.553,0.632
446.526,-0.483,1.554,0.618
446.637,-0.510,1.560,0.615
446.748,-0.534,1.562,0.619
446.859,-0.552,1.566,0.626
446.970,-0.561,1.569,0.633
447.082,-0.562,1.571,0.642
447.193,-0.559,1.575,0.650
447.304,-0.553,1.577,0.654
447.415,-0.545,1.576,0.658
447.525,-0.539,1.576,0.663
447.637,-0.534,1.576,0.671
447.747,-0.531,1.576,0.681
447.859,-0.528,1.576,0.691
447.970,-0.525,1.577,0.700
448.081,-0.522,1.578,0.707
448.192,-0.520,1.579,0.713
448.304,-0.520,1.579,0.719
448.414,-0.519,1.579,0.724
448.522,-0.519,1.580,0.728
448.634,-0.518,1.580,0.730
448.746,-0.517,1.579,0.731
448.857,-0.517,1.578,0.730
448.968,-0.517,1.578,0.729
449.080,-0.517,1.578,0.728
449.190,-0.517,1.578,0.726
449.302,-0.517,1.577,0.725
449.413,-0.517,1.577,0.725
449.525,-0.518,1.577,0.725
449.635,-0.519,1.576,0.726
449.747,-0.520,1.577,0.727
449.857,-0.522,1.577,0.728
449.968,-0.523,1.578,0.728
450.079,-0.523,1.578,0.727
450.191,-0.523,1.578,0.726
450.302,-0.522,1.579,0.724
450.413,-0.521,1.579,0.722
450.525,-0.519,1.578,0.718
450.636,-0.517,1.578,0.714
450.747,-0.514,1.578,0.710
450.858,-0.510,1.579,0.706
450.970,-0.505,1.579,0.702
451.081,-0.501,1.580,0.698
451.192,-0.499,1.580,0.694
451.303,-0.497,1.580,0.689
451.414,-0.496,1.580,0.684
451.525,-0.495,1.579,0.680
451.637,-0.494,1.578,0.676
451.748,-0.491,1.577,0.673
451.859,-0.489,1.577,0.669
451.971,-0.487,1.577,0.665
452.081,-0.485,1.576,0.661
452.192,-0.483,1.575,0.657
452.304,-0.482,1.575,0.654
452.415,-0.483,1.574,0.653
452.526,-0.484,1.574,0.652
452.637,-0.486,1.574,0.655
452.748,-0.488,1.573,0.659
452.859,-0.492,1.572,0.668
452.970,-0.498,1.572,0.680
453.081,-0.506,1.572,0.694
453.191,-0.519,1.574,0.706
453.303,-0.540,1.574,0.712
453.414,-0.572,1.572,0.712
453.526,-0.614,1.569,0.705
453.637,-0.662,1.567,0.690
453.748,-0.710,1.565,0.666
453.859,-0.751,1.563,0.640
453.970,-0.782,1.562,0.623
454.081,-0.804,1.565,0.615
454.192,-0.819,1.566,0.615
454.303,-0.828,1.568,0.619
454.415,-0.832,1.572,0.626
454.526,-0.833,1.575,0.637
454.637,-0.832,1.577,0.649
454.748,-0.831,1.579,0.661
454.859,-0.830,1.580,0.671
454.970,-0.829,1.581,0.679
455.082,-0.827,1.581,0.684
455.192,-0.826,1.581,0.688
455.304,-0.823,1.581,0.689
455.415,-0.821,1.581,0.691
455.525,-0.818,1.582,0.693
455.638,-0.816,1.582,0.693
455.748,-0.815,1.583,0.691
455.859,-0.815,1.582,0.690
455.970,-0.817,1.582,0.688
456.081,-0.819,1.581,0.687
456.193,-0.821,1.580,0.687
456.304,-0.822,1.579,0.687
456.414,-0.823,1.579,0.686
456.526,-0.824,1.579,0.686
456.637,-0.824,1.579,0.687
456.748,-0.824,1.580,0.688
456.859,-0.824,1.580,0.688
456.970,-0.824,1.580,0.688
457.081,-0.823,1.581,0.687
457.192,-0.819,1.581,0.684
457.304,-0.815,1.582,0.681
457.415,-0.811,1.583,0.677
457.526,-0.806,1.583,0.672
457.637,-0.801,1.583,0.668
457.749,-0.798,1.582,0.665
457.860,-0.795,1.582,0.661
457.971,-0.793,1.581,0.658
458.082,-0.791,1.581,0.655
458.193,-0.789,1.580,0.652
458.304,-0.787,1.580,0.649
458.415,-0.784,1.580,0.646
458.526,-0.782,1.580,0.644
458.637,-0.780,1.580,0.642
458.749,-0.779,1.580,0.641
458.860,-0.780,1.580,0.641
458.971,-0.789,1.583,0.640
459.082,-0.808,1.580,0.643
459.193,-0.837,1.578,0.646
459.303,-0.876,1.575,0.643
459.415,-0.923,1.568,0.639
459.526,-0.975,1.562,0.628
459.636,-1.028,1.561,0.612
459.748,-1.071,1.564,0.599
459.859,-1.101,1.566,0.595
459.971,-1.123,1.568,0.602
460.082,-1.139,1.568,0.621
460.193,-1.150,1.570,0.645
460.304,-1.157,1.574,0.668
460.416,-1.159,1.578,0.690
460.526,-1.158,1.580,0.709
460.637,-1.154,1.581,0.725
460.748,-1.151,1.581,0.738
460.859,-1.148,1.582,0.747
460.970,-1.147,1.584,0.751
461.081,-1.147,1.585,0.750
461.192,-1.148,1.584,0.745
461.302,-1.149,1.584,0.737
461.413,-1.149,1.585,0.729
461.525,-1.149,1.585,0.718
461.636,-1.147,1.585,0.706
461.747,-1.145,1.584,0.694
461.858,-1.143,1.583,0.682
461.970,-1.141,1.582,0.670
462.081,-1.140,1.580,0.659
462.192,-1.140,1.580,0.649
462.303,-1.139,1.580,0.643
462.415,-1.138,1.579,0.641
462.526,-1.137,1.580,0.644
462.637,-1.138,1.581,0.654
462.748,-1.140,1.580,0.670
462.859,-1.150,1.580,0.688
462.970,-1.165,1.577,0.704
463.081,-1.187,1.577,0.707
463.192,-1.218,1.576,0.699
463.303,-1.253,1.576,0.682
463.415,-1.288,1.574,0.661
463.527,-1.321,1.571,0.642
463.637,-1.348,1.570,0.629
463.748,-1.369,1.568,0.624
463.859,-1.385,1.569,0.628
463.971,-1.395,1.571,0.637
464.081,-1.399,1.570,0.648
464.192,-1.399,1.572,0.655
464.303,-1.395,1.573,0.657
464.415,-1.390,1.574,0.656
464.526,-1.383,1.575,0.653
464.637,-1.376,1.575,0.649
464.748,-1.371,1.573,0.645
464.859,-1.368,1.573,0.645
464.970,-1.366,1.573,0.647
465.081,-1.365,1.574,0.651
465.192,-1.365,1.573,0.657
465.304,-1.365,1.573,0.665
465.415,-1.363,1.573,0.678
465.526,-1.353,1.575,0.695
465.637,-1.335,1.578,0.715
465.748,-1.311,1.580,0.740
465.858,-1.288,1.582,0.767
465.970,-1.269,1.583,0.794
466.081,-1.261,1.584,0.822
466.192,-1.262,1.584,0.849
466.303,-1.271,1.583,0.874
466.414,-1.286,1.581,0.892
466.525,-1.301,1.580,0.909
466.637,-1.313,1.578,0.928
466.748,-1.321,1.577,0.948
466.859,-1.326,1.577,0.965
466.970,-1.328,1.578,0.978
467.082,-1.330,1.576,0.987
467.192,-1.334,1.575,0.995
467.304,-1.339,1.576,1.004
467.415,-1.343,1.578,1.013
467.525,-1.347,1.578,1.021
467.637,-1.352,1.579,1.027
467.748,-1.357,1.577,1.031
467.859,-1.359,1.575,1.033
467.970,-1.356,1.573,1.036
468.081,-1.346,1.574,1.038
468.192,-1.334,1.575,1.039
468.304,-1.325,1.578,1.036
468.415,-1.322,1.576,1.032
468.526,-1.323,1.575,1.027
468.637,-1.327,1.573,1.024
468.748,-1.333,1.569,1.021
468.859,-1.342,1.567,1.018
468.971,-1.351,1.568,1.015
469.081,-1.361,1.568,1.013
469.192,-1.370,1.566,1.012
469.303,-1.380,1.564,1.010
469.414,-1.390,1.563,1.010
469.525,-1.400,1.563,1.008
469.637,-1.412,1.561,1.002
469.747,-1.426,1.552,0.993
469.858,-1.441,1.544,0.984
469.970,-1.451,1.541,0.976
470.081,-1.456,1.545,0.962
470.192,-1.455,1.547,0.949
470.304,-1.458,1.547,0.935
470.415,-1.461,1.547,0.921
470.525,-1.463,1.546,0.907
470.637,-1.460,1.546,0.892
470.747,-1.454,1.545,0.877
470.858,-1.443,1.541,0.866
470.969,-1.429,1.540,0.858
471.081,-1.418,1.540,0.851
471.192,-1.413,1.537,0.845
471.303,-1.413,1.537,0.837
471.403,-1.416,1.537,0.828
471.510,-1.419,1.535,0.819
471.622,-1.421,1.533,0.812
471.733,-1.423,1.534,0.811
471.844,-1.420,1.536,0.817
471.956,-1.416,1.538,0.830
472.068,-1.412,1.540,0.846
472.179,-1.409,1.541,0.868
472.291,-1.404,1.542,0.890
472.402,-1.399,1.545,0.914
472.512,-1.394,1.546,0.937
472.623,-1.386,1.550,0.960
472.735,-1.374,1.556,0.981
472.846,-1.361,1.562,0.999
472.957,-1.347,1.566,1.014
473.069,-1.332,1.567,1.026
473.180,-1.311,1.573,1.042
473.288,-1.288,1.591,1.057
473.399,-1.268,1.602,1.073
473.510,-1.253,1.610,1.085
473.621,-1.245,1.614,1.095
473.732,-1.242,1.616,1.102
473.843,-1.242,1.615,1.102
473.955,-1.246,1.619,1.095
474.065,-1.251,1.619,1.085
474.177,-1.257,1.620,1.068
474.288,-1.265,1.622,1.047
474.399,-1.278,1.623,1.026
474.510,-1.291,1.623,1.009
474.622,-1.308,1.623,0.994
474.733,-1.329,1.622,0.981
474.844,-1.356,1.619,0.974
474.955,-1.382,1.615,0.975
475.066,-1.400,1.611,0.981
475.171,-1.409,1.608,0.988
475.282,-1.414,1.606,0.992
475.393,-1.413,1.604,0.992
475.504,-1.407,1.603,0.986
475.615,-1.394,1.599,0.976
475.727,-1.376,1.594,0.967
475.838,-1.357,1.593,0.962
475.949,-1.339,1.593,0.963
476.060,-1.322,1.594,0.969
476.171,-1.309,1.595,0.979
476.282,-1.301,1.597,0.990
476.394,-1.294,1.597,1.004
476.505,-1.286,1.597,1.019
476.616,-1.280,1.597,1.035
476.727,-1.275,1.598,1.051
476.839,-1.271,1.599,1.065
476.950,-1.268,1.598,1.076
477.061,-1.266,1.598,1.083
477.173,-1.263,1.599,1.087
477.284,-1.262,1.599,1.090
477.395,-1.260,1.597,1.091
477.506,-1.257,1.592,1.090
477.617,-1.255,1.586,1.088
477.729,-1.254,1.581,1.087
477.840,-1.254,1.578,1.085
477.951,-1.255,1.574,1.082
478.063,-1.258,1.571,1.077
478.174,-1.263,1.569,1.069
478.285,-1.270,1.568,1.059
478.397,-1.278,1.568,1.047
478.508,-1.285,1.569,1.034
478.619,-1.290,1.568,1.023
478.731,-1.291,1.568,1.010
478.842,-1.284,1.567,0.998
478.953,-1.268,1.569,0.987
479.065,-1.245,1.571,0.978
479.176,-1.216,1.576,0.973
479.287,-1.182,1.582,0.970
479.398,-1.145,1.589,0.966
479.510,-1.109,1.598,0.960
479.621,-1.072,1.600,0.947
479.731,-1.036,1.602,0.930
479.843,-1.001,1.604,0.905
479.954,-0.969,1.604,0.871
480.065,-0.939,1.602,0.831
480.176,-0.910,1.608,0.790
480.288,-0.886,1.612,0.753
480.399,-0.868,1.611,0.724
480.511,-0.857,1.608,0.695
480.622,-0.852,1.606,0.671
480.733,-0.852,1.603,0.654
480.844,-0.857,1.601,0.642
480.956,-0.865,1.600,0.631
481.067,-0.875,1.600,0.623
481.178,-0.884,1.602,0.618
481.289,-0.888,1.603,0.622
481.401,-0.888,1.604,0.632
481.511,-0.883,1.607,0.646
481.623,-0.877,1.607,0.661
481.734,-0.870,1.608,0.678
481.845,-0.865,1.608,0.695
481.957,-0.862,1.608,0.710
482.068,-0.863,1.606,0.720
482.179,-0.865,1.604,0.728
482.290,-0.868,1.604,0.732
482.401,-0.869,1.603,0.736
482.512,-0.870,1.599,0.738
482.623,-0.868,1.596,0.739
482.734,-0.868,1.596,0.741
482.846,-0.870,1.599,0.746
482.957,-0.873,1.597,0.751
483.068,-0.873,1.593,0.754
483.179,-0.864,1.594,0.758
483.290,-0.845,1.596,0.757
483.402,-0.814,1.600,0.755
483.512,-0.778,1.599,0.750
483.624,-0.733,1.597,0.742
483.735,-0.676,1.601,0.736
483.846,-0.617,1.602,0.736
483.957,-0.554,1.600,0.746
484.068,-0.488,1.591,0.764
484.179,-0.417,1.581,0.794
484.290,-0.344,1.578,0.833
484.401,-0.271,1.585,0.870
484.512,-0.199,1.592,0.901
484.623,-0.128,1.598,0.927
484.735,-0.056,1.592,0.950
484.846,0.018,1.584,0.970
484.957,0.086,1.581,0.991
485.058,0.126,1.578,1.007
485.164,0.146,1.577,1.015
485.276,0.141,1.580,1.011
485.387,0.118,1.587,0.996
485.498,0.079,1.587,0.970
485.610,0.022,1.577,0.937
485.721,-0.047,1.567,0.901
485.832,-0.114,1.569,0.865
485.942,-0.169,1.583,0.830
486.053,-0.206,1.597,0.798
486.164,-0.231,1.604,0.769
486.276,-0.244,1.606,0.745
486.386,-0.250,1.610,0.727
486.497,-0.253,1.611,0.716
486.608,-0.255,1.607,0.709
486.719,-0.257,1.602,0.702
486.829,-0.258,1.603,0.695
486.941,-0.260,1.602,0.691
487.052,-0.261,1.599,0.687
487.163,-0.262,1.597,0.686
487.275,-0.261,1.595,0.685
487.386,-0.259,1.597,0.687
487.497,-0.258,1.598,0.689
487.609,-0.255,1.600,0.692
487.719,-0.254,1.605,0.692
487.831,-0.254,1.614,0.692
487.942,-0.253,1.616,0.688
488.053,-0.252,1.616,0.685
488.164,-0.253,1.615,0.683
488.274,-0.254,1.612,0.682
488.385,-0.259,1.610,0.683
488.497,-0.263,1.606,0.688
488.608,-0.267,1.604,0.694
488.719,-0.272,1.603,0.701
488.830,-0.277,1.602,0.708
488.941,-0.280,1.602,0.716
489.052,-0.288,1.601,0.725
489.163,-0.293,1.599,0.733
489.274,-0.298,1.594,0.743
489.386,-0.305,1.590,0.757
489.496,-0.313,1.586,0.775
489.608,-0.322,1.582,0.796
489.719,-0.326,1.579,0.824
489.830,-0.328,1.582,0.857
489.940,-0.325,1.578,0.897
490.052,-0.317,1.578,0.948
490.163,-0.302,1.580,1.015
490.274,-0.281,1.591,1.098
490.384,-0.258,1.611,1.188
490.496,-0.240,1.614,1.277
490.607,-0.230,1.613,1.362
490.718,-0.230,1.606,1.448
490.829,-0.241,1.595,1.538
490.941,-0.257,1.592,1.631
491.051,-0.271,1.604,1.729
491.163,-0.277,1.610,1.828
491.272,-0.279,1.611,1.926
491.384,-0.279,1.603,2.028
491.495,-0.272,1.593,2.133
491.607,-0.268,1.599,2.238
491.718,-0.272,1.613,2.342
491.829,-0.292,1.617,2.441
491.940,-0.328,1.611,2.531
492.051,-0.380,1.595,2.611
492.162,-0.446,1.584,2.684
492.273,-0.515,1.596,2.751
492.385,-0.578,1.603,2.815
492.496,-0.635,1.602,2.877
492.608,-0.688,1.597,2.936
492.719,-0.735,1.587,2.990
492.830,-0.780,1.590,3.043
492.942,-0.824,1.600,3.087
493.053,-0.869,1.601,3.117
493.164,-0.912,1.596,3.133
493.276,-0.952,1.589,3.141
493.387,-1.000,1.586,3.143
493.498,-1.055,1.593,3.143
493.609,-1.117,1.601,3.152
493.720,-1.176,1.603,3.177
493.831,-1.220,1.603,3.214
493.943,-1.247,1.598,3.258
494.053,-1.261,1.594,3.299
494.164,-1.272,1.597,3.331
494.275,-1.277,1.596,3.354
494.386,-1.280,1.597,3.362
494.496,-1.283,1.602,3.355
494.608,-1.288,1.602,3.337
494.719,-1.294,1.602,3.314
494.830,-1.300,1.606,3.287
494.941,-1.306,1.611,3.260
495.052,-1.301,1.611,3.239
495.163,-1.292,1.613,3.217
495.274,-1.280,1.611,3.199
495.386,-1.262,1.618,3.184
495.496,-1.239,1.619,3.173
495.608,-1.217,1.618,3.167
495.719,-1.197,1.614,3.164
495.830,-1.182,1.611,3.160
495.941,-1.170,1.609,3.153
496.052,-1.157,1.609,3.146
496.163,-1.143,1.606,3.141
496.274,-1.136,1.604,3.134
496.386,-1.132,1.601,3.126
496.497,-1.131,1.599,3.120
496.609,-1.134,1.597,3.117
496.720,-1.135,1.601,3.120
496.831,-1.131,1.605,3.127
496.942,-1.121,1.610,3.132
497.053,-1.107,1.610,3.134
497.165,-1.090,1.610,3.136
497.275,-1.073,1.606,3.139
497.386,-1.059,1.600,3.139
497.497,-1.047,1.596,3.139
497.609,-1.035,1.595,3.141
497.720,-1.019,1.596,3.152
497.831,-1.004,1.596,3.173
497.942,-0.994,1.596,3.207
498.053,-0.986,1.595,3.255
498.164,-0.980,1.590,3.315
498.275,-0.977,1.586,3.385
498.386,-0.971,1.592,3.458
498.498,-0.959,1.597,3.526
498.608,-0.940,1.595,3.587
498.720,-0.914,1.592,3.643
498.831,-0.880,1.586,3.696
498.942,-0.838,1.575,3.745
499.053,-0.787,1.569,3.794
499.164,-0.730,1.574,3.844
499.276,-0.672,1.584,3.895
499.386,-0.619,1.585,3.948
499.497,-0.571,1.579,4.001
499.609,-0.521,1.571,4.055
499.720,-0.473,1.561,4.112
499.831,-0.427,1.551,4.173
499.942,-0.382,1.557,4.238
500.053,-0.339,1.569,4.295
500.164,-0.298,1.572,4.341
500.276,-0.261,1.572,4.375
500.387,-0.229,1.570,4.399
500.498,-0.201,1.563,4.412
500.609,-0.179,1.558,4.415
500.720,-0.162,1.556,4.416
500.830,-0.150,1.554,4.416
500.943,-0.146,1.551,4.412
501.054,-0.145,1.550,4.407
501.164,-0.150,1.547,4.397
501.275,-0.153,1.546,4.387
501.387,-0.155,1.546,4.379
501.498,-0.158,1.546,4.372
501.609,-0.161,1.546,4.368
501.719,-0.163,1.547,4.365
501.828,-0.165,1.548,4.363
501.940,-0.169,1.549,4.360
502.050,-0.172,1.549,4.360
502.162,-0.173,1.549,4.360
502.273,-0.171,1.551,4.363
502.384,-0.170,1.550,4.366
502.495,-0.168,1.550,4.367
502.606,-0.170,1.549,4.363
502.717,-0.171,1.550,4.356
502.829,-0.170,1.553,4.343
502.941,-0.169,1.556,4.331
503.052,-0.168,1.560,4.323
503.162,-0.166,1.563,4.321
503.275,-0.165,1.564,4.320
503.385,-0.163,1.566,4.318
503.497,-0.160,1.567,4.314
503.608,-0.153,1.570,4.308
503.719,-0.147,1.577,4.297
503.830,-0.144,1.590,4.281
503.941,-0.152,1.595,4.269
504.053,-0.161,1.599,4.262
504.164,-0.170,1.602,4.256
504.275,-0.175,1.607,4.254
504.385,-0.177,1.613,4.258
504.496,-0.178,1.621,4.262
504.607,-0.180,1.626,4.265
504.718,-0.183,1.629,4.268
504.830,-0.186,1.632,4.273
504.937,-0.190,1.633,4.275
505.047,-0.195,1.632,4.277
505.159,-0.201,1.632,4.280
505.271,-0.204,1.633,4.282
505.382,-0.207,1.634,4.283
505.493,-0.209,1.634,4.282
505.604,-0.211,1.634,4.281
505.716,-0.212,1.635,4.280
505.827,-0.210,1.637,4.278
505.938,-0.208,1.637,4.276
506.050,-0.207,1.637,4.275
506.160,-0.207,1.637,4.275
506.271,-0.209,1.636,4.277
506.383,-0.211,1.636,4.279
506.494,-0.212,1.637,4.281
506.605,-0.211,1.637,4.282
506.718,-0.209,1.636,4.282
506.830,-0.207,1.635,4.282
506.941,-0.206,1.636,4.282
507.053,-0.205,1.635,4.283
507.164,-0.203,1.635,4.283
507.275,-0.201,1.635,4.283
507.386,-0.198,1.635,4.283
507.497,-0.195,1.635,4.283
507.608,-0.194,1.634,4.282
507.720,-0.193,1.633,4.283
507.830,-0.192,1.634,4.285
507.942,-0.191,1.634,4.285
508.053,-0.190,1.633,4.285
508.164,-0.189,1.633,4.285
508.275,-0.188,1.633,4.285
508.386,-0.188,1.633,4.284
508.497,-0.186,1.632,4.285
508.608,-0.177,1.627,4.297
508.720,-0.166,1.620,4.327
508.831,-0.163,1.616,4.353
508.942,-0.161,1.612,4.369
509.053,-0.159,1.608,4.379
509.164,-0.160,1.605,4.388
509.276,-0.165,1.601,4.395
509.387,-0.174,1.597,4.403
509.497,-0.189,1.594,4.409
509.608,-0.207,1.594,4.412
509.718,-0.230,1.594,4.414
509.829,-0.258,1.596,4.419
509.941,-0.290,1.597,4.426
510.052,-0.325,1.597,4.438
510.159,-0.362,1.598,4.456
510.270,-0.396,1.597,4.481
510.382,-0.426,1.595,4.513
510.493,-0.448,1.596,4.552
510.604,-0.464,1.594,4.600
510.716,-0.477,1.585,4.657
510.827,-0.485,1.574,4.725
510.939,-0.489,1.566,4.802
511.050,-0.488,1.569,4.893
511.161,-0.495,1.571,4.991
511.273,-0.507,1.563,5.086
511.384,-0.523,1.553,5.178
511.495,-0.545,1.541,5.273
511.606,-0.574,1.531,5.371
511.717,-0.605,1.541,5.476
511.828,-0.628,1.558,5.580
511.940,-0.642,1.561,5.680
512.051,-0.649,1.558,5.778
512.162,-0.651,1.545,5.874
512.273,-0.643,1.533,5.966
512.384,-0.635,1.547,6.067
512.496,-0.631,1.558,6.169
512.607,-0.636,1.558,6.269
512.719,-0.647,1.549,6.368
512.829,-0.668,1.533,6.468
512.940,-0.701,1.522,6.576
513.051,-0.736,1.518,6.693
513.162,-0.765,1.505,6.804
513.274,-0.792,1.478,6.904
513.385,-0.818,1.439,6.985
513.496,-0.840,1.402,7.049
513.608,-0.854,1.369,7.100
513.719,-0.860,1.344,7.130
513.830,-0.859,1.343,7.145
513.941,-0.855,1.363,7.145
514.052,-0.851,1.393,7.129
514.163,-0.848,1.434,7.094
514.274,-0.846,1.479,7.041
514.386,-0.840,1.515,6.969
514.497,-0.831,1.542,6.887
514.608,-0.818,1.560,6.807
514.719,-0.805,1.569,6.740
514.829,-0.798,1.577,6.688
514.941,-0.799,1.581,6.648
515.052,-0.808,1.582,6.616
515.163,-0.824,1.582,6.594
515.274,-0.846,1.582,6.584
515.385,-0.872,1.585,6.583
515.497,-0.898,1.596,6.585
515.608,-0.919,1.599,6.589
515.718,-0.937,1.602,6.594
515.829,-0.951,1.606,6.600
515.941,-0.963,1.607,6.606
516.051,-0.972,1.610,6.606
516.163,-0.975,1.613,6.602
516.274,-0.978,1.615,6.592
516.386,-0.977,1.618,6.574
516.496,-0.976,1.620,6.549
516.608,-0.975,1.621,6.515
516.718,-0.972,1.623,6.475
516.830,-0.964,1.628,6.431
516.941,-0.950,1.632,6.381
517.051,-0.935,1.640,6.328
517.163,-0.924,1.644,6.274
517.274,-0.913,1.641,6.211
517.386,-0.904,1.630,6.141
517.497,-0.904,1.618,6.067
517.607,-0.912,1.609,5.993
517.719,-0.927,1.606,5.918
517.830,-0.943,1.613,5.841
517.942,-0.955,1.610,5.765
518.053,-0.961,1.608,5.692
518.164,-0.964,1.604,5.617
518.275,-0.961,1.595,5.541
518.386,-0.952,1.588,5.464
518.497,-0.941,1.596,5.386
518.608,-0.937,1.604,5.308
518.720,-0.941,1.605,5.232
518.831,-0.949,1.603,5.159
518.942,-0.963,1.594,5.086
519.052,-0.980,1.582,5.010
519.164,-1.003,1.577,4.933
519.275,-1.028,1.588,4.849
519.385,-1.046,1.593,4.765
519.496,-1.056,1.595,4.685
519.608,-1.061,1.596,4.607
519.719,-1.062,1.587,4.532
519.830,-1.060,1.578,4.452
519.941,-1.055,1.571,4.373
520.053,-1.054,1.580,4.293
520.163,-1.063,1.589,4.215
520.275,-1.079,1.589,4.151
520.386,-1.098,1.584,4.095
520.497,-1.124,1.576,4.046
520.609,-1.156,1.562,3.995
520.719,-1.194,1.555,3.943
520.829,-1.238,1.563,3.892
520.941,-1.281,1.574,3.847
521.052,-1.319,1.575,3.809
521.163,-1.355,1.574,3.776
521.274,-1.389,1.575,3.749
521.386,-1.419,1.572,3.722
521.497,-1.447,1.571,3.693
521.608,-1.474,1.574,3.662
521.719,-1.496,1.581,3.629
521.830,-1.516,1.598,3.592
521.942,-1.531,1.606,3.560
522.052,-1.543,1.606,3.532
522.163,-1.549,1.603,3.510
522.275,-1.550,1.600,3.496
522.385,-1.550,1.595,3.491
522.496,-1.546,1.590,3.494
522.607,-1.537,1.584,3.502
522.718,-1.522,1.582,3.520
522.829,-1.502,1.577,3.543
522.941,-1.479,1.576,3.568
523.051,-1.456,1.575,3.592
523.163,-1.430,1.574,3.616
523.274,-1.403,1.572,3.637
523.384,-1.376,1.570,3.653
523.496,-1.352,1.571,3.669
523.607,-1.330,1.573,3.682
523.718,-1.315,1.581,3.695
523.829,-1.307,1.586,3.710
523.941,-1.308,1.588,3.733
524.052,-1.315,1.581,3.768
524.163,-1.324,1.568,3.810
524.274,-1.331,1.562,3.855
524.386,-1.338,1.559,3.903
524.496,-1.343,1.567,3.953
524.608,-1.343,1.576,4.002
524.719,-1.343,1.581,4.047
524.830,-1.341,1.584,4.091
524.941,-1.341,1.588,4.135
525.052,-1.344,1.586,4.181
525.164,-1.347,1.578,4.225
525.275,-1.345,1.572,4.274
525.385,-1.338,1.572,4.327
525.497,-1.331,1.578,4.383
525.608,-1.325,1.584,4.444
525.719,-1.320,1.586,4.506
525.830,-1.318,1.583,4.567
525.942,-1.319,1.582,4.623
526.052,-1.323,1.578,4.678
526.164,-1.333,1.575,4.735
526.275,-1.346,1.571,4.793
526.386,-1.365,1.569,4.850
526.497,-1.391,1.578,4.907
526.608,-1.417,1.591,4.962
526.719,-1.439,1.597,5.016
526.830,-1.456,1.599,5.072
526.941,-1.466,1.599,5.125
527.052,-1.470,1.597,5.179
527.163,-1.467,1.592,5.231
527.275,-1.457,1.585,5.283
527.387,-1.445,1.582,5.333
527.496,-1.434,1.594,5.383
527.607,-1.423,1.601,5.430
527.718,-1.411,1.599,5.475
527.829,-1.395,1.597,5.518
527.940,-1.378,1.594,5.557
528.052,-1.360,1.591,5.592
528.162,-1.341,1.590,5.625
528.274,-1.321,1.591,5.660
528.385,-1.298,1.587,5.696
528.496,-1.269,1.581,5.737
528.608,-1.234,1.580,5.781
528.719,-1.195,1.588,5.826
528.830,-1.156,1.600,5.866
528.942,-1.121,1.605,5.899
529.051,-1.089,1.605,5.925
529.164,-1.061,1.602,5.939
529.274,-1.039,1.602,5.941
529.386,-1.024,1.603,5.930
529.497,-1.017,1.603,5.907
529.608,-1.025,1.601,5.874
529.719,-1.043,1.604,5.836
529.830,-1.067,1.610,5.793
529.941,-1.092,1.611,5.750
530.052,-1.119,1.610,5.704
530.163,-1.148,1.609,5.656
530.274,-1.179,1.607,5.611
530.385,-1.211,1.606,5.570
530.497,-1.242,1.607,5.533
530.608,-1.269,1.609,5.499
530.719,-1.289,1.606,5.466
530.830,-1.304,1.604,5.430
530.941,-1.313,1.602,5.387
531.052,-1.315,1.598,5.336
531.163,-1.308,1.599,5.275
531.275,-1.297,1.607,5.207
531.385,-1.283,1.608,5.139
531.496,-1.271,1.604,5.076
531.607,-1.264,1.600,5.014
531.733,-1.259,1.591,4.945
531.841,-1.259,1.578,4.884
531.954,-1.263,1.567,4.820
532.065,-1.271,1.561,4.750
532.176,-1.281,1.568,4.674
532.287,-1.292,1.584,4.598
532.399,-1.297,1.593,4.528
532.510,-1.295,1.596,4.462
532.621,-1.289,1.594,4.399
532.732,-1.279,1.588,4.335
532.843,-1.261,1.580,4.268
532.955,-1.238,1.578,4.193
533.065,-1.207,1.596,4.117
533.177,-1.178,1.609,4.049
533.288,-1.150,1.610,3.988
533.400,-1.121,1.609,3.936
533.511,-1.090,1.605,3.892
533.622,-1.056,1.601,3.855
533.733,-1.022,1.599,3.824
533.844,-0.996,1.601,3.796
533.956,-0.974,1.612,3.771
534.067,-0.958,1.616,3.751
534.178,-0.951,1.614,3.737
534.289,-0.950,1.614,3.731
534.400,-0.960,1.617,3.734
534.511,-0.977,1.618,3.743
534.622,-0.999,1.618,3.756
534.732,-1.027,1.616,3.773
534.843,-1.055,1.615,3.794
534.954,-1.085,1.614,3.819
535.065,-1.118,1.611,3.849
535.177,-1.151,1.610,3.879
535.288,-1.181,1.609,3.911
535.399,-1.205,1.611,3.942
535.510,-1.221,1.611,3.975
535.622,-1.226,1.609,4.012
535.733,-1.220,1.606,4.054
535.844,-1.206,1.599,4.100
535.955,-1.185,1.597,4.153
536.066,-1.160,1.602,4.210
536.177,-1.134,1.610,4.268
536.288,-1.111,1.613,4.323
536.400,-1.088,1.612,4.373
536.510,-1.069,1.609,4.417
536.622,-1.053,1.610,4.458
536.733,-1.038,1.609,4.502
536.844,-1.023,1.603,4.551
536.955,-1.011,1.596,4.606
537.067,-1.002,1.589,4.666
537.177,-0.992,1.593,4.728
537.289,-0.977,1.603,4.788
537.401,-0.955,1.605,4.845
537.511,-0.930,1.603,4.898
537.623,-0.901,1.599,4.947
537.734,-0.867,1.589,4.994
537.845,-0.826,1.585,5.043
537.956,-0.779,1.584,5.093
538.067,-0.725,1.596,5.142
538.178,-0.674,1.607,5.191
538.289,-0.630,1.609,5.241
538.401,-0.593,1.607,5.292
538.508,-0.558,1.602,5.344
538.620,-0.526,1.594,5.400
538.732,-0.496,1.592,5.460
538.843,-0.466,1.600,5.521
538.954,-0.437,1.602,5.581
539.066,-0.410,1.593,5.638
539.177,-0.385,1.581,5.689
539.288,-0.359,1.574,5.731
539.399,-0.329,1.565,5.769
539.510,-0.296,1.555,5.803
539.622,-0.255,1.546,5.836
539.733,-0.204,1.539,5.868
539.844,-0.144,1.539,5.902
539.956,-0.080,1.543,5.937
540.066,-0.026,1.538,5.967
540.178,0.014,1.531,5.988
540.289,0.038,1.526,6.000
540.400,0.052,1.522,6.004
540.511,0.060,1.519,6.005
540.623,0.064,1.520,6.004
540.733,0.068,1.519,6.005
540.844,0.070,1.519,6.005
540.955,0.071,1.519,6.005
541.066,0.072,1.520,6.005
541.178,0.073,1.520,6.004
541.289,0.073,1.519,6.003
541.401,0.073,1.520,6.001
541.511,0.073,1.520,6.000
541.622,0.073,1.519,5.999
541.734,0.074,1.520,5.999
541.845,0.075,1.520,6.000
541.956,0.076,1.521,6.002
542.067,0.079,1.522,6.007
542.178,0.082,1.524,6.015
542.289,0.084,1.528,6.027
542.401,0.081,1.529,6.041
542.511,0.073,1.527,6.054
542.622,0.060,1.528,6.068
542.734,0.043,1.531,6.082
542.845,0.022,1.533,6.096
542.956,-0.005,1.539,6.111
543.068,-0.037,1.546,6.128
543.178,-0.073,1.554,6.148
543.290,-0.114,1.563,6.170
543.401,-0.156,1.570,6.192
543.512,-0.193,1.576,6.210
543.623,-0.225,1.580,6.227
543.734,-0.247,1.583,6.243
543.845,-0.263,1.585,6.259
543.956,-0.271,1.585,6.268
544.068,-0.272,1.584,6.271
544.179,-0.271,1.588,6.271
544.288,-0.267,1.590,6.272
544.400,-0.260,1.591,6.273
544.511,-0.251,1.591,6.275
544.623,-0.241,1.593,6.278
544.734,-0.229,1.594,6.280
544.845,-0.219,1.595,6.280
544.956,-0.209,1.597,6.281
545.067,-0.200,1.599,6.283
545.178,-0.191,1.600,6.289
545.289,-0.183,1.600,6.296
545.400,-0.174,1.600,6.303
545.512,-0.165,1.599,6.310
545.622,-0.159,1.599,6.316
545.734,-0.155,1.599,6.320
545.845,-0.152,1.598,6.322
545.956,-0.148,1.598,6.324
546.067,-0.144,1.598,6.328
546.178,-0.139,1.599,6.332
546.289,-0.134,1.597,6.336
546.401,-0.128,1.596,6.338
546.512,-0.121,1.595,6.338
546.622,-0.115,1.596,6.338
546.735,-0.109,1.595,6.335
546.845,-0.106,1.595,6.327
546.956,-0.106,1.594,6.315
547.067,-0.107,1.596,6.306
547.178,-0.105,1.598,6.302
547.290,-0.101,1.601,6.305
547.401,-0.098,1.603,6.312
547.512,-0.099,1.603,6.320
547.623,-0.106,1.602,6.325
547.734,-0.112,1.602,6.328
547.845,-0.117,1.603,6.331
547.956,-0.119,1.604,6.334
548.068,-0.118,1.605,6.337
548.178,-0.119,1.605,6.337
548.289,-0.122,1.606,6.337
548.400,-0.123,1.606,6.336
548.512,-0.124,1.606,6.336
548.623,-0.122,1.606,6.338
548.734,-0.121,1.607,6.339
548.845,-0.121,1.607,6.340
548.956,-0.121,1.606,6.341
549.068,-0.120,1.607,6.342
549.179,-0.119,1.607,6.342
549.290,-0.119,1.607,6.341
549.401,-0.120,1.607,6.340
549.512,-0.120,1.607,6.338
549.623,-0.121,1.608,6.335
549.734,-0.122,1.609,6.331
549.845,-0.124,1.609,6.329
549.957,-0.124,1.609,6.330
550.069,-0.126,1.607,6.339
550.178,-0.139,1.604,6.355
550.289,-0.167,1.600,6.364
550.401,-0.205,1.598,6.365
550.511,-0.247,1.593,6.360
550.622,-0.295,1.590,6.352
550.733,-0.348,1.593,6.344
550.844,-0.403,1.592,6.334
550.955,-0.457,1.592,6.320
551.066,-0.506,1.590,6.305
551.178,-0.555,1.591,6.291
551.289,-0.604,1.591,6.280
551.400,-0.657,1.589,6.273
551.511,-0.714,1.587,6.265
551.623,-0.771,1.587,6.258
551.734,-0.827,1.593,6.251
551.843,-0.878,1.597,6.240
551.956,-0.920,1.593,6.221
552.066,-0.955,1.591,6.194
552.176,-0.981,1.589,6.158
552.288,-1.004,1.586,6.111
552.399,-1.024,1.583,6.053
552.510,-1.043,1.586,5.985
552.621,-1.064,1.585,5.920
552.732,-1.087,1.576,5.863
552.843,-1.114,1.567,5.815
552.955,-1.144,1.559,5.769
553.067,-1.177,1.553,5.723
553.177,-1.214,1.546,5.677
553.289,-1.257,1.548,5.626
553.400,-1.299,1.559,5.575
553.511,-1.334,1.567,5.524
553.622,-1.363,1.565,5.477
553.733,-1.391,1.558,5.431
553.844,-1.412,1.553,5.384
553.956,-1.424,1.545,5.340
554.066,-1.432,1.540,5.292
554.177,-1.442,1.538,5.257
554.288,-1.452,1.541,5.229
554.399,-1.459,1.542,5.211
554.510,-1.463,1.542,5.199
554.622,-1.464,1.545,5.192
554.732,-1.463,1.546,5.187
554.843,-1.462,1.553,5.182
554.955,-1.466,1.564,5.177
555.067,-1.476,1.575,5.173
555.174,-1.497,1.584,5.171
555.285,-1.527,1.587,5.171
555.397,-1.556,1.587,5.168
555.508,-1.576,1.590,5.154
555.620,-1.589,1.593,5.130
555.731,-1.597,1.592,5.096
555.843,-1.602,1.588,5.052
555.955,-1.600,1.585,5.001
556.065,-1.593,1.590,4.940
556.176,-1.585,1.590,4.873
556.288,-1.579,1.591,4.804
556.398,-1.578,1.591,4.736
556.509,-1.583,1.590,4.672
556.621,-1.588,1.587,4.608
556.732,-1.599,1.581,4.545
556.843,-1.617,1.583,4.483
556.954,-1.640,1.594,4.422
557.065,-1.665,1.596,4.367
557.177,-1.687,1.593,4.318
557.287,-1.710,1.591,4.277
557.399,-1.736,1.586,4.242
557.510,-1.764,1.582,4.208
557.621,-1.794,1.581,4.170
557.733,-1.830,1.583,4.126
557.843,-1.872,1.589,4.077
557.955,-1.916,1.590,4.029
558.066,-1.960,1.587,3.987
558.178,-2.002,1.585,3.950
558.289,-2.042,1.585,3.916
558.401,-2.078,1.582,3.884
558.511,-2.113,1.579,3.852
558.622,-2.145,1.580,3.819
558.734,-2.171,1.586,3.780
558.845,-2.187,1.583,3.741
558.956,-2.197,1.582,3.698
559.067,-2.200,1.578,3.648
559.178,-2.193,1.575,3.592
559.290,-2.179,1.571,3.529
559.401,-2.158,1.574,3.463
559.512,-2.136,1.580,3.403
559.623,-2.114,1.583,3.346
559.734,-2.093,1.584,3.296
559.845,-2.064,1.589,3.250
559.956,-2.034,1.587,3.209
560.068,-2.008,1.585,3.166
560.178,-1.981,1.585,3.122
560.290,-1.951,1.595,3.081
560.400,-1.917,1.604,3.047
560.511,-1.876,1.606,3.026
560.622,-1.830,1.603,3.020
560.731,-1.780,1.597,3.026
560.843,-1.726,1.594,3.047
560.955,-1.674,1.598,3.080
561.066,-1.631,1.606,3.114
561.177,-1.591,1.612,3.141
561.288,-1.554,1.613,3.160
561.399,-1.517,1.613,3.174
561.508,-1.484,1.610,3.185
561.619,-1.452,1.605,3.193
561.730,-1.415,1.606,3.195
561.841,-1.371,1.607,3.191
561.953,-1.323,1.614,3.186
562.063,-1.277,1.617,3.183
562.175,-1.239,1.614,3.184
562.287,-1.209,1.612,3.186
562.397,-1.188,1.612,3.185
562.508,-1.175,1.614,3.184
562.619,-1.169,1.611,3.181
562.731,-1.167,1.610,3.179
562.842,-1.167,1.610,3.177
562.953,-1.166,1.609,3.175
563.065,-1.166,1.608,3.175
563.175,-1.166,1.607,3.174
563.286,-1.166,1.607,3.173
563.398,-1.168,1.607,3.174
563.509,-1.169,1.607,3.174
563.620,-1.169,1.606,3.174
563.732,-1.168,1.607,3.173
563.842,-1.164,1.608,3.173
563.953,-1.159,1.610,3.174
564.065,-1.155,1.610,3.174
564.176,-1.151,1.610,3.174
564.287,-1.147,1.611,3.173
564.398,-1.145,1.612,3.172
564.509,-1.141,1.614,3.171
564.621,-1.137,1.615,3.170
564.732,-1.133,1.617,3.169
564.843,-1.125,1.618,3.167
564.954,-1.115,1.617,3.167
565.065,-1.105,1.616,3.165
565.176,-1.096,1.615,3.162
565.288,-1.089,1.614,3.158
565.399,-1.084,1.614,3.155
565.510,-1.081,1.612,3.153
565.622,-1.081,1.611,3.151
565.734,-1.082,1.611,3.153
565.845,-1.084,1.610,3.157
565.956,-1.087,1.611,3.164
566.067,-1.092,1.611,3.173
566.178,-1.102,1.610,3.184
566.288,-1.117,1.607,3.195
566.400,-1.136,1.605,3.202
566.510,-1.156,1.603,3.204
566.621,-1.175,1.602,3.202
566.732,-1.189,1.602,3.199
566.843,-1.198,1.601,3.197
566.955,-1.202,1.602,3.197
567.066,-1.204,1.604,3.200
567.177,-1.206,1.606,3.207
567.288,-1.209,1.605,3.216
567.399,-1.208,1.603,3.229
567.510,-1.200,1.606,3.248
567.621,-1.189,1.606,3.272
567.732,-1.171,1.602,3.303
567.843,-1.143,1.596,3.340
567.955,-1.109,1.593,3.382
568.067,-1.075,1.603,3.427
568.177,-1.045,1.610,3.471
568.289,-1.019,1.608,3.511
568.400,-1.001,1.603,3.554
568.511,-0.992,1.603,3.600
568.622,-0.987,1.601,3.651
568.733,-0.990,1.598,3.710
568.844,-1.000,1.596,3.778
568.955,-1.010,1.597,3.853
569.066,-1.019,1.607,3.928
569.178,-1.024,1.616,3.999
569.289,-1.028,1.616,4.066
569.400,-1.031,1.615,4.129
569.511,-1.034,1.611,4.192
569.622,-1.035,1.600,4.258
569.733,-1.030,1.592,4.326
569.844,-1.024,1.595,4.396
569.956,-1.016,1.606,4.468
570.067,-1.012,1.610,4.538
570.178,-1.014,1.607,4.604
570.289,-1.021,1.603,4.666
570.400,-1.034,1.598,4.729
570.511,-1.056,1.592,4.796
570.622,-1.083,1.582,4.864
570.733,-1.117,1.587,4.936
570.843,-1.146,1.594,5.004
570.955,-1.166,1.595,5.070
571.066,-1.177,1.594,5.134
571.177,-1.183,1.592,5.197
571.289,-1.184,1.584,5.263
571.400,-1.176,1.575,5.328
571.511,-1.164,1.580,5.392
571.622,-1.153,1.579,5.448
571.733,-1.143,1.578,5.492
571.844,-1.134,1.579,5.526
571.955,-1.125,1.574,5.555
572.066,-1.116,1.576,5.580
572.177,-1.112,1.576,5.601
572.289,-1.111,1.575,5.620
572.400,-1.112,1.576,5.638
572.509,-1.114,1.581,5.655
572.621,-1.122,1.587,5.676
572.732,-1.132,1.591,5.701
572.844,-1.149,1.598,5.729
572.955,-1.168,1.598,5.758
573.067,-1.185,1.593,5.790
573.178,-1.198,1.597,5.825
573.288,-1.212,1.602,5.864
573.400,-1.223,1.602,5.906
573.511,-1.233,1.601,5.952
573.622,-1.238,1.600,6.001
573.734,-1.239,1.595,6.054
573.844,-1.234,1.585,6.111
573.955,-1.224,1.576,6.173
574.067,-1.212,1.576,6.239
574.178,-1.202,1.591,6.304
574.289,-1.193,1.597,6.364
574.400,-1.190,1.594,6.418
574.511,-1.190,1.590,6.467
574.622,-1.196,1.584,6.511
574.733,-1.210,1.577,6.553
574.844,-1.234,1.572,6.597
574.956,-1.267,1.571,6.645
575.066,-1.306,1.577,6.697
575.178,-1.341,1.579,6.742
575.289,-1.369,1.580,6.782
575.400,-1.389,1.577,6.813
575.511,-1.405,1.576,6.837
575.622,-1.418,1.574,6.855
575.733,-1.428,1.572,6.868
575.843,-1.435,1.571,6.878
575.955,-1.441,1.571,6.887
576.066,-1.445,1.569,6.894
576.177,-1.448,1.568,6.899
576.289,-1.451,1.567,6.903
576.400,-1.453,1.566,6.905
576.511,-1.454,1.566,6.908
576.621,-1.454,1.565,6.910
576.733,-1.455,1.564,6.911
576.844,-1.456,1.563,6.911
576.955,-1.456,1.563,6.912
577.067,-1.455,1.562,6.914
577.178,-1.456,1.562,6.915
577.289,-1.456,1.561,6.916
577.401,-1.456,1.561,6.917
577.511,-1.457,1.561,6.918
577.622,-1.458,1.560,6.919
577.733,-1.459,1.559,6.920
577.844,-1.458,1.560,6.922
577.955,-1.457,1.558,6.922
578.067,-1.459,1.558,6.926
578.178,-1.461,1.555,6.929
578.289,-1.463,1.552,6.928
578.401,-1.465,1.550,6.926
578.511,-1.467,1.549,6.923
578.622,-1.467,1.551,6.921
578.733,-1.466,1.552,6.922
578.844,-1.464,1.550,6.923
578.955,-1.462,1.551,6.924
579.067,-1.461,1.550,6.924
579.177,-1.461,1.550,6.924
579.289,-1.461,1.551,6.926
579.400,-1.461,1.549,6.926
579.511,-1.460,1.548,6.926
579.622,-1.459,1.545,6.928
579.733,-1.459,1.542,6.927
579.844,-1.458,1.539,6.925
579.955,-1.457,1.537,6.923
580.067,-1.456,1.536,6.922
580.178,-1.456,1.537,6.921
580.289,-1.456,1.537,6.923
580.401,-1.456,1.537,6.924
580.511,-1.455,1.537,6.924
580.623,-1.455,1.537,6.925
580.733,-1.456,1.536,6.927
580.843,-1.456,1.536,6.928
580.954,-1.457,1.535,6.929
581.066,-1.457,1.535,6.929
581.177,-1.458,1.535,6.929
581.288,-1.457,1.535,6.930
581.400,-1.458,1.534,6.931
581.510,-1.458,1.534,6.931
581.622,-1.458,1.533,6.931
581.733,-1.458,1.533,6.932
581.844,-1.457,1.533,6.933
581.955,-1.457,1.533,6.934
582.066,-1.457,1.533,6.935
582.177,-1.456,1.532,6.936
582.288,-1.455,1.532,6.936
582.400,-1.455,1.533,6.935
582.510,-1.455,1.532,6.935
582.621,-1.455,1.532,6.935
582.733,-1.454,1.533,6.936
582.844,-1.453,1.532,6.937
582.955,-1.454,1.532,6.937
583.067,-1.455,1.532,6.936
583.177,-1.457,1.532,6.936
583.289,-1.458,1.532,6.937
583.400,-1.459,1.532,6.938
583.511,-1.460,1.533,6.939
583.622,-1.461,1.534,6.941
583.733,-1.462,1.534,6.942
583.844,-1.464,1.532,6.942
583.955,-1.464,1.532,6.941
584.067,-1.463,1.532,6.939
584.178,-1.463,1.532,6.936
584.289,-1.463,1.532,6.935
584.401,-1.463,1.532,6.933
584.511,-1.462,1.532,6.931
584.622,-1.461,1.532,6.927
584.733,-1.460,1.532,6.924
584.845,-1.459,1.531,6.922
584.956,-1.457,1.532,6.921
585.067,-1.456,1.532,6.919
585.178,-1.453,1.532,6.918
585.289,-1.451,1.532,6.918
585.400,-1.449,1.532,6.918
585.511,-1.448,1.532,6.919
585.623,-1.446,1.532,6.920
585.734,-1.445,1.532,6.921
585.845,-1.444,1.532,6.922
585.956,-1.444,1.532,6.923
586.067,-1.442,1.533,6.926
586.177,-1.441,1.532,6.928
586.289,-1.440,1.532,6.929
586.400,-1.441,1.532,6.929
586.511,-1.441,1.533,6.929
586.622,-1.442,1.533,6.930
586.733,-1.442,1.533,6.930
586.844,-1.442,1.533,6.931
586.955,-1.443,1.532,6.931
587.067,-1.446,1.532,6.929
587.178,-1.447,1.532,6.928
587.289,-1.448,1.532,6.929
587.400,-1.448,1.532,6.929
587.511,-1.446,1.531,6.930
587.622,-1.445,1.532,6.930
587.734,-1.444,1.531,6.930
587.844,-1.443,1.532,6.930
587.956,-1.442,1.532,6.931
588.067,-1.441,1.532,6.933
588.177,-1.440,1.531,6.934
588.289,-1.438,1.530,6.935
588.401,-1.438,1.530,6.935
588.511,-1.437,1.530,6.935
588.622,-1.436,1.530,6.935
588.733,-1.435,1.530,6.936
588.844,-1.434,1.530,6.937
588.955,-1.433,1.530,6.939
589.067,-1.431,1.529,6.944
589.178,-1.432,1.527,6.945
589.289,-1.435,1.526,6.946
589.400,-1.437,1.527,6.945
589.511,-1.439,1.527,6.943
589.622,-1.439,1.528,6.942
589.733,-1.439,1.527,6.941
589.844,-1.440,1.528,6.940
589.956,-1.440,1.528,6.939
590.067,-1.440,1.528,6.939
590.178,-1.441,1.528,6.938
590.289,-1.442,1.528,6.937
590.400,-1.441,1.528,6.937
590.511,-1.440,1.528,6.937
590.622,-1.438,1.528,6.939
590.734,-1.437,1.528,6.940
590.845,-1.435,1.527,6.942
590.956,-1.434,1.527,6.944
591.067,-1.433,1.526,6.946
591.178,-1.432,1.526,6.948
591.289,-1.431,1.525,6.950
591.400,-1.431,1.524,6.951
591.511,-1.430,1.524,6.953
591.622,-1.430,1.524,6.954
591.733,-1.431,1.523,6.953
591.844,-1.433,1.522,6.953
591.955,-1.434,1.522,6.953
592.066,-1.434,1.522,6.953
592.177,-1.433,1.522,6.956
592.288,-1.432,1.521,6.958
592.400,-1.433,1.521,6.959
592.510,-1.434,1.521,6.959
592.622,-1.434,1.521,6.958
592.733,-1.434,1.522,6.957
592.844,-1.432,1.523,6.958
592.955,-1.430,1.523,6.960
593.066,-1.429,1.522,6.960
593.177,-1.429,1.521,6.960
593.289,-1.429,1.521,6.959
593.400,-1.430,1.521,6.957
593.511,-1.431,1.521,6.955
593.622,-1.433,1.521,6.954
593.734,-1.435,1.520,6.953
593.844,-1.436,1.520,6.953
593.956,-1.437,1.521,6.953
594.067,-1.438,1.520,6.954
594.178,-1.439,1.518,6.955
594.289,-1.440,1.518,6.956
594.400,-1.440,1.519,6.956
594.511,-1.440,1.519,6.956
594.622,-1.438,1.519,6.957
594.734,-1.435,1.520,6.959
594.844,-1.432,1.519,6.962
594.956,-1.431,1.519,6.964
595.067,-1.430,1.518,6.965
595.178,-1.431,1.518,6.965
595.289,-1.433,1.518,6.964
595.401,-1.435,1.518,6.963
595.509,-1.437,1.518,6.961
595.621,-1.438,1.518,6.959
595.732,-1.440,1.518,6.957
595.843,-1.441,1.518,6.954
595.954,-1.442,1.518,6.952
596.066,-1.443,1.519,6.950
596.177,-1.443,1.519,6.949
596.288,-1.442,1.519,6.948
596.399,-1.443,1.519,6.946
596.510,-1.444,1.520,6.943
596.621,-1.445,1.520,6.940
596.732,-1.447,1.520,6.936
596.843,-1.450,1.521,6.933
596.954,-1.451,1.521,6.931
597.066,-1.453,1.521,6.930
597.177,-1.453,1.522,6.931
597.288,-1.453,1.521,6.934
597.399,-1.455,1.520,6.936
597.509,-1.456,1.520,6.938
597.621,-1.455,1.521,6.941
597.732,-1.452,1.520,6.945
597.843,-1.449,1.519,6.948
597.954,-1.446,1.519,6.950
598.066,-1.444,1.519,6.951
598.177,-1.441,1.518,6.951
598.288,-1.439,1.518,6.952
598.399,-1.438,1.517,6.952
598.510,-1.438,1.517,6.953
598.621,-1.438,1.517,6.953
598.733,-1.440,1.516,6.953
598.844,-1.441,1.516,6.953
598.955,-1.440,1.516,6.954
599.066,-1.439,1.514,6.955
599.177,-1.440,1.512,6.955
599.288,-1.442,1.512,6.954
599.400,-1.444,1.512,6.951
599.510,-1.444,1.511,6.949
599.622,-1.443,1.514,6.947
599.733,-1.440,1.516,6.944
599.844,-1.434,1.521,6.942
599.956,-1.419,1.531,6.936
600.067,-1.394,1.551,6.924
600.178,-1.363,1.569,6.903
600.290,-1.335,1.583,6.875
600.401,-1.306,1.590,6.843
600.512,-1.276,1.593,6.807
600.625,-1.243,1.595,6.764
600.734,-1.205,1.594,6.709
600.842,-1.171,1.596,6.643
600.954,-1.144,1.595,6.577
601.065,-1.123,1.594,6.523
601.176,-1.103,1.595,6.479
601.287,-1.082,1.596,6.445
601.398,-1.055,1.595,6.424
601.510,-1.018,1.593,6.413
601.621,-0.977,1.596,6.402
601.733,-0.935,1.600,6.393
601.844,-0.894,1.600,6.386
601.955,-0.851,1.598,6.378
602.066,-0.810,1.593,6.366
602.178,-0.771,1.591,6.348
602.288,-0.730,1.589,6.320
602.400,-0.689,1.581,6.284
602.511,-0.649,1.575,6.238
602.622,-0.609,1.586,6.186
602.733,-0.567,1.599,6.132
602.845,-0.523,1.600,6.084
602.956,-0.478,1.600,6.044
603.067,-0.428,1.597,6.011
603.178,-0.374,1.590,5.984
603.290,-0.318,1.580,5.962
603.400,-0.260,1.590,5.943
603.512,-0.213,1.597,5.923
603.622,-0.178,1.599,5.902
603.734,-0.155,1.601,5.882
603.845,-0.141,1.599,5.864
603.956,-0.134,1.597,5.846
604.067,-0.129,1.598,5.830
604.178,-0.123,1.597,5.820
604.289,-0.116,1.594,5.814
604.400,-0.114,1.593,5.810
604.511,-0.114,1.593,5.807
604.622,-0.115,1.593,5.805
604.733,-0.115,1.592,5.806
604.844,-0.115,1.594,5.809
604.956,-0.115,1.596,5.811
605.067,-0.114,1.597,5.815
605.178,-0.112,1.597,5.825
605.288,-0.112,1.599,5.837
605.400,-0.112,1.601,5.845
605.511,-0.115,1.601,5.845
605.622,-0.120,1.608,5.833
605.733,-0.135,1.617,5.806
605.844,-0.168,1.620,5.778
605.956,-0.209,1.621,5.752
606.067,-0.256,1.621,5.730
606.178,-0.307,1.613,5.707
606.289,-0.357,1.607,5.674
606.400,-0.407,1.600,5.631
606.511,-0.459,1.582,5.578
606.622,-0.512,1.565,5.511
606.733,-0.565,1.555,5.435
606.845,-0.620,1.564,5.355
606.956,-0.676,1.578,5.281
607.067,-0.733,1.584,5.207
607.178,-0.795,1.581,5.133
607.290,-0.862,1.569,5.059
607.400,-0.933,1.565,4.985
607.511,-1.003,1.588,4.902
607.622,-1.065,1.601,4.814
607.734,-1.117,1.601,4.720
607.845,-1.168,1.590,4.623
607.955,-1.216,1.575,4.519
608.068,-1.256,1.576,4.409
608.179,-1.294,1.586,4.300
608.289,-1.334,1.590,4.196
608.401,-1.376,1.584,4.097
608.511,-1.425,1.567,4.000
608.622,-1.487,1.555,3.904
608.734,-1.554,1.563,3.802
608.845,-1.608,1.561,3.704
608.956,-1.657,1.561,3.610
609.068,-1.702,1.553,3.528
609.178,-1.738,1.531,3.451
609.289,-1.765,1.530,3.373
609.401,-1.778,1.542,3.304
609.512,-1.784,1.551,3.237
609.622,-1.790,1.557,3.170
609.734,-1.797,1.561,3.099
609.845,-1.796,1.565,3.030
609.957,-1.797,1.566,2.974
610.067,-1.802,1.579,2.918
610.178,-1.805,1.587,2.871
610.289,-1.805,1.592,2.835
610.401,-1.801,1.593,2.813
610.512,-1.794,1.596,2.799
610.623,-1.783,1.598,2.794
610.734,-1.765,1.596,2.799
610.845,-1.738,1.595,2.813
610.956,-1.697,1.593,2.836
611.068,-1.647,1.593,2.861
611.178,-1.605,1.596,2.888
611.290,-1.574,1.601,2.914
611.401,-1.555,1.603,2.937
611.512,-1.546,1.603,2.957
611.624,-1.544,1.607,2.972
611.734,-1.545,1.609,2.982
611.845,-1.548,1.608,2.989
611.956,-1.553,1.607,2.993
612.068,-1.557,1.609,2.993
612.179,-1.562,1.611,2.992
612.289,-1.564,1.610,2.989
612.401,-1.564,1.608,2.985
612.512,-1.565,1.605,2.982
612.623,-1.567,1.604,2.981
612.734,-1.570,1.604,2.981
612.845,-1.572,1.604,2.980
612.956,-1.575,1.604,2.979
613.068,-1.577,1.604,2.976
613.178,-1.579,1.603,2.975
613.289,-1.581,1.602,2.973
613.401,-1.582,1.599,2.971
613.512,-1.583,1.595,2.972
613.623,-1.584,1.596,2.975
613.734,-1.585,1.599,2.977
613.845,-1.586,1.601,2.978
613.957,-1.584,1.601,2.979
614.068,-1.580,1.602,2.979
614.178,-1.575,1.603,2.978
614.289,-1.570,1.603,2.978
614.401,-1.566,1.603,2.979
614.512,-1.562,1.604,2.980
614.623,-1.559,1.606,2.982
614.734,-1.557,1.608,2.984
614.845,-1.556,1.610,2.984
614.956,-1.555,1.611,2.984
615.068,-1.554,1.610,2.984
615.179,-1.554,1.610,2.985
615.289,-1.554,1.607,2.987
615.401,-1.554,1.606,2.988
615.512,-1.556,1.605,2.988
615.623,-1.559,1.604,2.987
615.734,-1.561,1.603,2.985
615.845,-1.561,1.603,2.983
615.956,-1.560,1.602,2.979
616.068,-1.560,1.601,2.975
616.179,-1.559,1.602,2.970
616.290,-1.558,1.602,2.964
616.401,-1.559,1.600,2.959
616.512,-1.560,1.599,2.953
616.623,-1.563,1.596,2.948
616.735,-1.564,1.596,2.940
616.845,-1.566,1.594,2.934
616.956,-1.566,1.594,2.927
617.067,-1.567,1.595,2.920
617.178,-1.570,1.597,2.913
617.290,-1.572,1.598,2.908
617.400,-1.573,1.599,2.905
617.512,-1.573,1.601,2.904
617.623,-1.573,1.602,2.907
617.734,-1.573,1.604,2.913
617.845,-1.574,1.607,2.920
617.956,-1.575,1.607,2.931
618.067,-1.577,1.609,2.946
618.178,-1.579,1.605,2.963
618.289,-1.579,1.603,2.975
618.401,-1.580,1.604,2.980
618.511,-1.581,1.602,2.982
618.622,-1.580,1.598,2.982
618.734,-1.576,1.594,2.984
618.845,-1.572,1.595,2.988
618.956,-1.569,1.592,2.992
619.068,-1.566,1.589,2.995
619.177,-1.563,1.586,2.996
619.289,-1.561,1.583,2.996
619.400,-1.559,1.585,2.993
619.511,-1.556,1.585,2.990
619.623,-1.551,1.586,2.990
619.734,-1.547,1.590,2.992
619.845,-1.543,1.598,2.997
619.956,-1.543,1.602,3.005
620.067,-1.544,1.601,3.008
620.178,-1.544,1.601,3.007
620.289,-1.543,1.601,3.010
620.401,-1.540,1.601,3.015
620.512,-1.537,1.603,3.014
620.623,-1.534,1.603,3.009
620.734,-1.529,1.597,3.004
620.844,-1.522,1.589,3.003
620.956,-1.516,1.584,3.003
621.068,-1.512,1.583,3.003
621.178,-1.505,1.582,3.001
621.290,-1.497,1.578,2.995
621.401,-1.486,1.577,2.991
621.512,-1.475,1.582,2.985
621.622,-1.462,1.582,2.980
621.734,-1.453,1.583,2.977
621.845,-1.450,1.585,2.976
621.956,-1.447,1.584,2.973
622.067,-1.445,1.581,2.972
622.179,-1.443,1.578,2.971
622.289,-1.444,1.571,2.972
622.401,-1.442,1.571,2.970
622.511,-1.443,1.572,2.969
622.623,-1.446,1.573,2.965
622.734,-1.450,1.573,2.963
622.845,-1.453,1.572,2.960
622.956,-1.457,1.571,2.959
623.067,-1.461,1.571,2.959
623.178,-1.463,1.571,2.958
623.289,-1.464,1.572,2.958
623.400,-1.467,1.572,2.958
623.511,-1.470,1.572,2.958
623.622,-1.471,1.572,2.958
623.734,-1.468,1.571,2.960
623.845,-1.465,1.571,2.961
623.956,-1.463,1.569,2.962
624.067,-1.460,1.569,2.960
624.178,-1.454,1.571,2.959
624.290,-1.447,1.576,2.956
624.401,-1.439,1.577,2.950
624.512,-1.435,1.581,2.940
624.623,-1.435,1.582,2.932
624.734,-1.440,1.580,2.928
624.845,-1.447,1.577,2.928
624.956,-1.457,1.576,2.930
625.068,-1.465,1.574,2.932
625.179,-1.471,1.572,2.935
625.290,-1.475,1.570,2.937
625.401,-1.476,1.569,2.938
625.511,-1.473,1.565,2.934
625.623,-1.470,1.563,2.927
625.734,-1.463,1.561,2.913
625.846,-1.453,1.557,2.896
625.956,-1.444,1.563,2.877
626.068,-1.432,1.570,2.854
626.178,-1.417,1.578,2.829
626.289,-1.402,1.578,2.807
626.400,-1.389,1.578,2.787
626.512,-1.379,1.577,2.771
626.623,-1.372,1.575,2.760
626.735,-1.372,1.573,2.753
626.845,-1.376,1.570,2.753
626.956,-1.385,1.569,2.756
627.068,-1.395,1.569,2.761
627.178,-1.407,1.568,2.765
627.289,-1.420,1.569,2.768
627.401,-1.432,1.567,2.769
627.512,-1.442,1.566,2.770
627.623,-1.450,1.564,2.773
627.734,-1.454,1.561,2.777
627.846,-1.452,1.557,2.778
627.956,-1.448,1.556,2.781
628.068,-1.447,1.552,2.790
628.179,-1.447,1.547,2.802
628.290,-1.446,1.543,2.814
628.401,-1.443,1.540,2.826
628.512,-1.441,1.541,2.835
628.623,-1.440,1.544,2.840
628.734,-1.438,1.549,2.841
628.846,-1.434,1.552,2.841
628.956,-1.429,1.555,2.837
629.067,-1.423,1.557,2.830
629.179,-1.420,1.559,2.819
629.289,-1.416,1.562,2.807
629.401,-1.414,1.562,2.796
629.512,-1.412,1.562,2.785
629.623,-1.411,1.562,2.775
629.734,-1.411,1.562,2.766
629.846,-1.410,1.561,2.758
629.956,-1.409,1.561,2.749
630.068,-1.408,1.560,2.741
630.179,-1.407,1.559,2.735
630.290,-1.406,1.558,2.730
630.401,-1.407,1.556,2.727
630.512,-1.408,1.555,2.726
630.623,-1.412,1.555,2.725
630.733,-1.417,1.554,2.726
630.845,-1.424,1.554,2.726
630.956,-1.430,1.553,2.728
631.067,-1.435,1.552,2.731
631.178,-1.439,1.553,2.734
631.289,-1.442,1.554,2.738
631.400,-1.444,1.556,2.744
631.511,-1.444,1.558,2.753
631.622,-1.443,1.560,2.766
631.733,-1.441,1.562,2.782
631.843,-1.440,1.561,2.800
631.955,-1.440,1.560,2.820
632.066,-1.441,1.560,2.841
632.177,-1.444,1.559,2.865
632.289,-1.450,1.561,2.890
632.400,-1.457,1.567,2.914
632.511,-1.465,1.571,2.937
632.622,-1.475,1.571,2.958
632.733,-1.486,1.565,2.980
632.844,-1.496,1.562,2.997
632.955,-1.505,1.563,3.008
633.067,-1.512,1.564,3.011
633.178,-1.517,1.562,3.011
633.289,-1.519,1.564,3.009
633.401,-1.517,1.564,3.005
633.511,-1.513,1.564,3.000
633.623,-1.508,1.564,2.996
633.733,-1.504,1.564,2.992
633.845,-1.502,1.565,2.989
633.956,-1.500,1.566,2.986
634.067,-1.498,1.566,2.983
634.178,-1.497,1.567,2.981
634.289,-1.498,1.567,2.978
634.401,-1.499,1.567,2.976
634.511,-1.500,1.568,2.975
634.622,-1.500,1.568,2.975
634.734,-1.500,1.566,2.974
634.844,-1.497,1.566,2.975
634.955,-1.487,1.566,2.979
635.066,-1.476,1.569,2.981
635.177,-1.466,1.572,2.983
635.288,-1.460,1.572,2.984
635.399,-1.459,1.572,2.986
635.511,-1.464,1.571,2.987
635.622,-1.470,1.571,2.988
635.734,-1.476,1.569,2.988
635.845,-1.480,1.568,2.988
635.956,-1.482,1.567,2.987
636.067,-1.480,1.566,2.986
636.178,-1.476,1.566,2.986
636.289,-1.472,1.567,2.986
636.401,-1.470,1.567,2.986
636.511,-1.470,1.567,2.985
636.622,-1.472,1.567,2.984
636.734,-1.473,1.568,2.982
636.844,-1.474,1.569,2.978
636.956,-1.475,1.568,2.976
637.067,-1.477,1.567,2.975
637.178,-1.479,1.566,2.973
637.289,-1.481,1.565,2.973
637.400,-1.484,1.564,2.974
637.512,-1.488,1.563,2.975
637.623,-1.491,1.562,2.975
637.734,-1.495,1.562,2.975
637.844,-1.497,1.562,2.974
637.956,-1.497,1.563,2.972
638.067,-1.500,1.563,2.970
638.178,-1.503,1.563,2.969
638.289,-1.508,1.564,2.968
638.400,-1.514,1.565,2.967
638.511,-1.521,1.569,2.967
638.622,-1.533,1.575,2.969
638.734,-1.545,1.580,2.972
638.844,-1.558,1.583,2.973
638.956,-1.570,1.587,2.970
639.067,-1.585,1.586,2.963
639.178,-1.604,1.586,2.949
639.290,-1.631,1.584,2.926
639.400,-1.667,1.578,2.893
639.512,-1.715,1.568,2.847
639.623,-1.776,1.558,2.786
639.733,-1.848,1.542,2.713
639.844,-1.916,1.523,2.637
639.955,-1.971,1.508,2.569
640.066,-2.007,1.495,2.512
640.177,-2.029,1.479,2.467
640.289,-2.044,1.466,2.429
640.400,-2.054,1.457,2.402
640.511,-2.059,1.453,2.387
640.623,-2.062,1.454,2.383
640.734,-2.061,1.459,2.387
640.845,-2.058,1.463,2.393
640.956,-2.051,1.466,2.409
641.067,-2.041,1.473,2.445
641.178,-2.017,1.493,2.495
641.287,-1.974,1.515,2.555
641.399,-1.924,1.530,2.618
641.510,-1.877,1.539,2.673
641.621,-1.833,1.546,2.718
641.732,-1.781,1.556,2.753
641.844,-1.726,1.566,2.784
641.955,-1.680,1.574,2.813
642.066,-1.651,1.577,2.837
642.177,-1.634,1.576,2.854
642.288,-1.621,1.573,2.866
642.399,-1.606,1.573,2.878
642.510,-1.586,1.570,2.893
642.621,-1.563,1.569,2.909
642.733,-1.538,1.568,2.921
642.844,-1.515,1.567,2.926
642.955,-1.494,1.568,2.920
643.066,-1.474,1.570,2.904
643.177,-1.451,1.569,2.877
643.288,-1.424,1.566,2.841
643.401,-1.393,1.573,2.796
643.510,-1.357,1.584,2.749
643.622,-1.321,1.589,2.703
643.733,-1.291,1.592,2.668
643.844,-1.272,1.594,2.652
643.955,-1.262,1.594,2.657
644.067,-1.262,1.591,2.684
644.178,-1.271,1.587,2.732
644.289,-1.283,1.579,2.794
644.400,-1.294,1.580,2.858
644.510,-1.300,1.588,2.915
644.622,-1.302,1.593,2.963
644.733,-1.306,1.600,2.999
644.844,-1.313,1.603,3.026
644.955,-1.323,1.602,3.045
645.066,-1.334,1.602,3.059
645.177,-1.343,1.601,3.072
645.288,-1.344,1.596,3.089
645.400,-1.346,1.593,3.112
645.511,-1.352,1.592,3.133
645.622,-1.358,1.590,3.154
645.733,-1.361,1.591,3.180
645.845,-1.360,1.594,3.211
645.956,-1.356,1.594,3.246
646.067,-1.341,1.592,3.288
646.178,-1.314,1.588,3.340
646.289,-1.270,1.585,3.404
646.401,-1.217,1.582,3.479
646.511,-1.167,1.577,3.553
646.622,-1.110,1.583,3.622
646.733,-1.050,1.584,3.684
646.844,-0.980,1.578,3.743
646.955,-0.900,1.562,3.798
647.067,-0.807,1.555,3.851
647.178,-0.706,1.568,3.906
647.289,-0.611,1.581,3.965
647.399,-0.524,1.585,4.026
647.511,-0.440,1.581,4.090
647.622,-0.357,1.567,4.162
647.734,-0.273,1.561,4.238
647.844,-0.190,1.568,4.312
647.956,-0.124,1.576,4.368
648.067,-0.079,1.577,4.406
648.178,-0.054,1.567,4.432
648.289,-0.045,1.561,4.450
648.401,-0.044,1.560,4.463
648.511,-0.048,1.559,4.470
648.623,-0.062,1.560,4.466
648.734,-0.089,1.562,4.450
648.845,-0.131,1.565,4.419
648.956,-0.189,1.566,4.372
649.067,-0.260,1.570,4.311
649.178,-0.343,1.577,4.239
649.289,-0.432,1.585,4.168
649.401,-0.516,1.590,4.104
649.512,-0.589,1.587,4.041
649.622,-0.650,1.581,3.973
649.734,-0.701,1.580,3.896
649.845,-0.750,1.596,3.816
649.956,-0.801,1.606,3.739
650.067,-0.855,1.609,3.666
650.178,-0.912,1.607,3.597
650.289,-0.973,1.594,3.532
650.401,-1.039,1.589,3.467
650.511,-1.102,1.604,3.403
650.622,-1.154,1.614,3.338
650.733,-1.193,1.619,3.274
650.844,-1.220,1.617,3.207
650.956,-1.236,1.608,3.134
651.067,-1.241,1.602,3.054
651.178,-1.237,1.616,2.968
651.289,-1.234,1.630,2.888
651.401,-1.233,1.641,2.820
651.511,-1.233,1.645,2.768
651.622,-1.232,1.645,2.734
651.723,-1.231,1.642,2.718
651.828,-1.233,1.640,2.715
651.940,-1.234,1.637,2.728
652.051,-1.235,1.631,2.756
652.162,-1.237,1.625,2.798
652.273,-1.241,1.614,2.847
652.384,-1.246,1.601,2.898
652.496,-1.243,1.602,2.960
652.607,-1.230,1.609,3.029
652.718,-1.214,1.607,3.103
652.829,-1.194,1.601,3.183
652.940,-1.168,1.594,3.273
653.051,-1.137,1.593,3.370
653.163,-1.104,1.595,3.464
653.274,-1.068,1.593,3.555
653.385,-1.027,1.587,3.641
653.496,-0.980,1.576,3.727
653.608,-0.930,1.564,3.811
653.718,-0.877,1.573,3.896
653.829,-0.832,1.580,3.982
653.940,-0.796,1.581,4.067
654.051,-0.768,1.574,4.154
654.162,-0.748,1.559,4.246
654.273,-0.733,1.548,4.347
654.385,-0.717,1.553,4.455
654.495,-0.693,1.550,4.560
654.607,-0.674,1.539,4.662
654.718,-0.660,1.524,4.758
654.829,-0.655,1.499,4.837
654.940,-0.648,1.477,4.909
655.051,-0.642,1.450,4.971
655.162,-0.633,1.405,5.027
655.273,-0.618,1.325,5.075
655.385,-0.603,1.198,5.106
655.496,-0.598,1.042,5.118
655.607,-0.600,0.890,5.123
655.718,-0.608,0.774,5.130
655.830,-0.611,0.700,5.137
655.941,-0.605,0.684,5.143
656.052,-0.597,0.691,5.148
656.164,-0.581,0.701,5.147
656.275,-0.560,0.710,5.142
656.386,-0.535,0.718,5.128
656.497,-0.511,0.720,5.103
656.608,-0.495,0.710,5.077
656.719,-0.476,0.698,5.057
656.830,-0.448,0.702,5.044
656.942,-0.409,0.713,5.030
657.053,-0.371,0.718,5.009
657.164,-0.339,0.713,4.980
657.275,-0.316,0.694,4.954
657.386,-0.300,0.667,4.943
657.497,-0.293,0.648,4.942
657.608,-0.294,0.645,4.949
657.720,-0.302,0.647,4.956
657.831,-0.315,0.652,4.960
657.942,-0.328,0.675,4.965
658.053,-0.338,0.736,4.969
658.165,-0.352,0.840,4.962
658.275,-0.377,0.977,4.930
658.386,-0.428,1.136,4.871
658.497,-0.507,1.293,4.797
658.609,-0.606,1.420,4.721
658.720,-0.710,1.513,4.651
658.831,-0.810,1.562,4.589
658.942,-0.902,1.592,4.524
659.053,-0.982,1.604,4.454
659.165,-1.054,1.607,4.374
659.275,-1.108,1.614,4.294
659.386,-1.149,1.621,4.209
659.498,-1.179,1.617,4.119
659.609,-1.198,1.609,4.025
659.720,-1.209,1.600,3.930
659.831,-1.217,1.601,3.831
659.942,-1.226,1.610,3.732
660.053,-1.239,1.616,3.638
660.164,-1.261,1.613,3.550
660.276,-1.292,1.600,3.465
660.387,-1.330,1.587,3.381
660.498,-1.370,1.596,3.299
660.609,-1.405,1.611,3.220
660.720,-1.437,1.619,3.148
660.829,-1.457,1.621,3.080
660.940,-1.466,1.616,3.013
661.052,-1.464,1.608,2.945
661.163,-1.456,1.613,2.879
661.274,-1.446,1.622,2.819
661.384,-1.434,1.624,2.772
661.496,-1.427,1.625,2.738
661.607,-1.423,1.625,2.720
661.718,-1.422,1.624,2.716
661.828,-1.426,1.622,2.728
661.938,-1.433,1.620,2.751
662.050,-1.445,1.616,2.788
662.161,-1.459,1.613,2.835
662.272,-1.472,1.607,2.890
662.384,-1.482,1.597,2.949
662.495,-1.488,1.588,3.008
662.607,-1.489,1.585,3.059
662.717,-1.483,1.584,3.105
662.829,-1.466,1.581,3.145
662.940,-1.440,1.580,3.181
663.051,-1.408,1.581,3.215
663.162,-1.372,1.585,3.246
663.274,-1.335,1.594,3.274
663.385,-1.303,1.596,3.301
663.496,-1.283,1.596,3.328
663.607,-1.278,1.596,3.358
663.718,-1.294,1.593,3.393
663.829,-1.324,1.589,3.440
663.940,-1.356,1.583,3.495
664.051,-1.381,1.579,3.547
664.163,-1.406,1.577,3.592
664.274,-1.429,1.574,3.628
664.385,-1.454,1.572,3.654
664.495,-1.484,1.570,3.666
664.608,-1.522,1.567,3.664
664.718,-1.570,1.561,3.646
664.830,-1.633,1.551,3.613
664.941,-1.713,1.540,3.565
665.053,-1.800,1.540,3.515
665.164,-1.879,1.530,3.475
665.275,-1.943,1.519,3.449
665.386,-1.991,1.514,3.432
665.497,-2.026,1.509,3.424
665.608,-2.054,1.511,3.420
665.719,-2.073,1.514,3.420
665.830,-2.081,1.514,3.424
665.942,-2.084,1.516,3.429
666.053,-2.083,1.518,3.433
666.164,-2.078,1.522,3.429
666.275,-2.062,1.536,3.407
666.387,-2.031,1.560,3.369
666.498,-1.989,1.575,3.331
666.609,-1.945,1.581,3.289
666.720,-1.902,1.584,3.239
666.831,-1.864,1.589,3.184
666.942,-1.837,1.593,3.128
667.053,-1.823,1.599,3.069
667.164,-1.823,1.603,3.011
667.275,-1.833,1.599,2.955
667.386,-1.857,1.593,2.899
667.498,-1.887,1.599,2.840
667.609,-1.913,1.606,2.788
667.720,-1.933,1.606,2.744
667.830,-1.951,1.603,2.708
667.942,-1.963,1.599,2.684
668.053,-1.967,1.597,2.673
668.164,-1.960,1.596,2.676
668.275,-1.950,1.597,2.687
668.386,-1.941,1.596,2.705
668.498,-1.937,1.595,2.726
668.609,-1.930,1.598,2.756
668.720,-1.917,1.599,2.791
668.831,-1.898,1.598,2.831
668.942,-1.876,1.593,2.871
669.053,-1.848,1.589,2.913
669.165,-1.814,1.583,2.955
669.276,-1.773,1.580,2.998
669.387,-1.726,1.575,3.047
669.498,-1.677,1.569,3.102
669.608,-1.630,1.562,3.155
669.720,-1.583,1.563,3.212
669.831,-1.541,1.579,3.268
669.942,-1.501,1.589,3.323
670.052,-1.467,1.594,3.382
670.163,-1.439,1.591,3.447
670.273,-1.419,1.580,3.521
670.385,-1.406,1.570,3.606
670.496,-1.396,1.576,3.700
670.607,-1.381,1.593,3.794
670.718,-1.360,1.604,3.885
670.829,-1.333,1.605,3.975
670.941,-1.299,1.594,4.066
671.051,-1.257,1.582,4.159
671.163,-1.213,1.585,4.256
671.274,-1.180,1.601,4.357
671.385,-1.160,1.614,4.455
671.496,-1.148,1.613,4.553
671.607,-1.145,1.596,4.653
671.719,-1.153,1.581,4.760
671.829,-1.168,1.590,4.872
671.941,-1.176,1.600,4.981
672.052,-1.177,1.604,5.087
672.163,-1.178,1.598,5.191
672.274,-1.175,1.584,5.296
672.385,-1.176,1.579,5.403
672.497,-1.186,1.595,5.508
672.608,-1.206,1.607,5.610
672.719,-1.234,1.608,5.706
672.831,-1.272,1.599,5.802
672.941,-1.319,1.583,5.894
673.052,-1.378,1.580,5.984
673.163,-1.434,1.592,6.066
673.275,-1.478,1.601,6.142
673.386,-1.513,1.606,6.215
673.498,-1.544,1.604,6.290
673.609,-1.573,1.597,6.368
673.720,-1.601,1.594,6.447
673.831,-1.628,1.604,6.519
673.942,-1.652,1.615,6.578
674.053,-1.669,1.616,6.622
674.164,-1.682,1.616,6.650
674.275,-1.690,1.614,6.668
674.386,-1.693,1.610,6.677
674.497,-1.692,1.608,6.678
674.608,-1.689,1.606,6.675
674.720,-1.684,1.605,6.670
674.831,-1.680,1.605,6.661
674.942,-1.675,1.607,6.642
675.053,-1.665,1.608,6.603
675.165,-1.645,1.609,6.541
675.276,-1.610,1.608,6.469
675.386,-1.569,1.603,6.401
675.498,-1.530,1.599,6.338
675.608,-1.497,1.598,6.273
675.719,-1.471,1.599,6.205
675.830,-1.450,1.595,6.133
675.941,-1.432,1.588,6.054
676.053,-1.418,1.584,5.967
676.163,-1.404,1.600,5.872
676.275,-1.387,1.609,5.778
676.386,-1.366,1.612,5.687
676.497,-1.340,1.611,5.599
676.608,-1.307,1.603,5.512
676.719,-1.267,1.597,5.423
676.831,-1.224,1.613,5.335
676.942,-1.191,1.623,5.250
677.053,-1.169,1.625,5.168
677.164,-1.158,1.620,5.087
677.275,-1.154,1.603,5.003
677.387,-1.160,1.593,4.914
677.498,-1.171,1.603,4.821
677.609,-1.181,1.617,4.728
677.720,-1.186,1.622,4.636
677.832,-1.190,1.618,4.544
677.942,-1.195,1.605,4.452
678.053,-1.203,1.587,4.360
678.164,-1.216,1.587,4.267
678.274,-1.230,1.605,4.181
678.385,-1.247,1.609,4.104
678.497,-1.270,1.609,4.035
678.609,-1.296,1.604,3.967
678.719,-1.322,1.595,3.899
678.831,-1.349,1.588,3.828
678.943,-1.375,1.592,3.758
679.053,-1.400,1.607,3.695
679.164,-1.425,1.614,3.639
679.275,-1.446,1.611,3.589
679.386,-1.463,1.609,3.541
679.498,-1.473,1.603,3.493
679.609,-1.481,1.599,3.441
679.720,-1.485,1.597,3.390
679.831,-1.489,1.606,3.336
679.942,-1.496,1.613,3.288
680.053,-1.508,1.615,3.246
680.165,-1.528,1.619,3.212
680.275,-1.552,1.616,3.181
680.386,-1.578,1.616,3.151
680.498,-1.603,1.617,3.129
680.609,-1.620,1.625,3.112
680.720,-1.634,1.623,3.103
680.829,-1.642,1.620,3.099
680.941,-1.644,1.617,3.097
681.052,-1.644,1.617,3.091
681.163,-1.638,1.616,3.089
681.274,-1.632,1.611,3.089
681.385,-1.628,1.613,3.088
681.497,-1.626,1.615,3.088
681.607,-1.626,1.615,3.092
681.719,-1.623,1.612,3.094
681.831,-1.618,1.613,3.098
681.941,-1.613,1.613,3.102
682.052,-1.609,1.614,3.106
682.163,-1.607,1.612,3.109
682.274,-1.607,1.606,3.109
682.386,-1.605,1.610,3.109
682.497,-1.606,1.613,3.109
682.608,-1.608,1.615,3.107
682.720,-1.610,1.611,3.103
682.831,-1.608,1.610,3.101
682.942,-1.604,1.608,3.104
683.052,-1.601,1.606,3.106
683.163,-1.600,1.605,3.108
683.273,-1.602,1.608,3.110
683.385,-1.606,1.608,3.111
683.497,-1.608,1.607,3.111
683.608,-1.604,1.604,3.115
683.719,-1.601,1.605,3.118
683.830,-1.602,1.602,3.119
683.941,-1.605,1.601,3.117
684.052,-1.606,1.601,3.117
684.163,-1.603,1.600,3.119
684.274,-1.597,1.601,3.116
684.385,-1.586,1.603,3.111
684.497,-1.577,1.605,3.104
684.608,-1.566,1.604,3.101
684.719,-1.554,1.601,3.100
684.830,-1.541,1.603,3.102
684.941,-1.525,1.605,3.102
685.052,-1.508,1.605,3.098
685.164,-1.490,1.604,3.090
685.275,-1.473,1.601,3.079
685.386,-1.459,1.596,3.072
685.498,-1.449,1.596,3.065
685.609,-1.441,1.593,3.057
685.719,-1.433,1.583,3.052
685.831,-1.425,1.574,3.046
685.942,-1.418,1.572,3.038
686.053,-1.411,1.575,3.031
686.165,-1.405,1.577,3.019
686.273,-1.398,1.579,3.006
686.385,-1.391,1.579,2.991
686.497,-1.386,1.578,2.979
686.607,-1.386,1.578,2.970
686.718,-1.388,1.579,2.965
686.830,-1.391,1.578,2.963
686.941,-1.396,1.574,2.965
687.052,-1.402,1.572,2.970
687.164,-1.408,1.573,2.978
687.275,-1.412,1.574,2.987
687.386,-1.414,1.574,2.995
687.497,-1.416,1.573,3.001
687.609,-1.419,1.571,3.007
687.720,-1.421,1.570,3.013
687.831,-1.423,1.571,3.016
687.942,-1.423,1.576,3.014
688.053,-1.420,1.576,3.007
688.165,-1.416,1.573,2.994
688.275,-1.408,1.574,2.973
688.386,-1.397,1.577,2.945
688.497,-1.382,1.580,2.914
688.608,-1.366,1.582,2.884
688.719,-1.354,1.583,2.859
688.830,-1.345,1.582,2.840
688.941,-1.340,1.582,2.826
689.052,-1.336,1.583,2.816
689.163,-1.333,1.583,2.809
689.274,-1.331,1.583,2.803
689.386,-1.330,1.582,2.799
689.497,-1.329,1.583,2.795
689.609,-1.328,1.582,2.791
689.720,-1.328,1.582,2.788
689.831,-1.328,1.581,2.785
689.942,-1.330,1.580,2.785
690.053,-1.330,1.581,2.784
690.164,-1.331,1.580,2.784
690.275,-1.331,1.580,2.784
690.386,-1.332,1.580,2.783
690.498,-1.332,1.581,2.782
690.608,-1.332,1.580,2.780
690.719,-1.332,1.580,2.778
690.831,-1.332,1.579,2.778
690.942,-1.333,1.579,2.777
691.052,-1.334,1.579,2.776
691.164,-1.335,1.578,2.776
691.275,-1.335,1.578,2.776
691.386,-1.336,1.578,2.776
691.498,-1.338,1.578,2.776
691.609,-1.340,1.578,2.776
691.720,-1.342,1.578,2.776
691.831,-1.343,1.578,2.775
691.942,-1.343,1.578,2.774
692.053,-1.342,1.578,2.773
692.164,-1.343,1.577,2.772
692.276,-1.344,1.577,2.772
692.387,-1.344,1.576,2.773
692.498,-1.344,1.576,2.775
692.609,-1.343,1.576,2.777
692.720,-1.343,1.576,2.780
692.831,-1.342,1.576,2.783
692.942,-1.341,1.575,2.786
693.053,-1.340,1.577,2.791
693.164,-1.339,1.579,2.797
693.276,-1.342,1.573,2.809
693.387,-1.350,1.570,2.828
693.498,-1.361,1.568,2.857
693.609,-1.374,1.564,2.893
693.721,-1.387,1.560,2.931
693.832,-1.400,1.560,2.963
693.942,-1.411,1.556,2.991
694.053,-1.419,1.554,3.012
694.165,-1.421,1.562,3.022
694.275,-1.424,1.565,3.022
694.387,-1.426,1.562,3.012
694.498,-1.429,1.558,2.999
694.609,-1.433,1.557,2.986
694.720,-1.434,1.558,2.975
694.831,-1.434,1.565,2.962
694.942,-1.433,1.565,2.947
695.053,-1.432,1.564,2.934
695.164,-1.431,1.564,2.923
695.273,-1.431,1.563,2.913
695.385,-1.431,1.561,2.905
695.496,-1.431,1.558,2.900
695.608,-1.429,1.556,2.898
695.719,-1.427,1.555,2.898
695.831,-1.426,1.556,2.900
695.941,-1.425,1.555,2.901
696.053,-1.425,1.555,2.904
696.164,-1.425,1.555,2.905
696.275,-1.425,1.554,2.907
696.386,-1.425,1.553,2.909
696.498,-1.427,1.549,2.915
696.609,-1.431,1.547,2.925
696.720,-1.433,1.547,2.933
696.831,-1.431,1.548,2.940
696.942,-1.426,1.548,2.946
697.053,-1.421,1.547,2.952
697.164,-1.416,1.547,2.956
697.275,-1.412,1.546,2.960
697.386,-1.408,1.545,2.964
697.497,-1.405,1.545,2.967
697.608,-1.403,1.545,2.970
697.719,-1.401,1.545,2.973
697.831,-1.400,1.544,2.976
697.942,-1.401,1.544,2.980
698.052,-1.402,1.543,2.983
698.164,-1.404,1.543,2.984
698.275,-1.405,1.543,2.985
698.386,-1.405,1.543,2.985
698.497,-1.406,1.542,2.985
698.608,-1.407,1.541,2.984
698.720,-1.408,1.545,2.980
698.831,-1.408,1.544,2.978
698.942,-1.407,1.544,2.976
699.052,-1.406,1.543,2.975
699.164,-1.405,1.542,2.976
699.276,-1.405,1.541,2.978
699.387,-1.406,1.542,2.980
699.499,-1.406,1.541,2.982
699.609,-1.407,1.540,2.984
699.720,-1.408,1.540,2.984
699.831,-1.408,1.540,2.985
699.942,-1.409,1.540,2.984
700.053,-1.409,1.540,2.980
700.165,-1.409,1.542,2.974
700.276,-1.409,1.543,2.967
700.387,-1.410,1.543,2.958
700.498,-1.410,1.543,2.952
700.609,-1.410,1.541,2.948
700.720,-1.409,1.539,2.946
700.830,-1.408,1.539,2.947
700.941,-1.408,1.539,2.948
701.052,-1.408,1.539,2.949
701.164,-1.410,1.539,2.950
701.275,-1.412,1.540,2.951
701.386,-1.413,1.540,2.952
701.497,-1.414,1.539,2.953
701.608,-1.413,1.539,2.953
701.719,-1.412,1.540,2.953
701.831,-1.411,1.541,2.952
701.942,-1.408,1.541,2.950
702.053,-1.404,1.542,2.947
702.164,-1.400,1.543,2.940
702.276,-1.394,1.545,2.931
702.386,-1.387,1.548,2.915
702.497,-1.377,1.552,2.892
702.608,-1.365,1.557,2.864
702.719,-1.353,1.561,2.832
702.830,-1.342,1.563,2.797
702.941,-1.332,1.562,2.765
703.052,-1.324,1.560,2.738
703.164,-1.318,1.559,2.717
703.275,-1.314,1.559,2.698
703.387,-1.312,1.558,2.682
703.498,-1.311,1.557,2.667
703.609,-1.312,1.555,2.655
703.720,-1.313,1.554,2.647
703.831,-1.314,1.554,2.644
703.942,-1.317,1.553,2.645
704.053,-1.320,1.553,2.652
704.165,-1.325,1.553,2.664
704.275,-1.332,1.553,2.683
704.387,-1.342,1.554,2.708
704.495,-1.355,1.556,2.739
704.607,-1.371,1.557,2.773
704.719,-1.390,1.557,2.809
704.830,-1.410,1.556,2.847
704.941,-1.430,1.553,2.883
705.052,-1.448,1.551,2.914
705.161,-1.464,1.547,2.940
705.272,-1.479,1.546,2.959
705.383,-1.491,1.546,2.970
705.495,-1.499,1.550,2.969
705.606,-1.503,1.553,2.958
705.716,-1.515,1.559,2.936
705.828,-1.531,1.570,2.904
705.939,-1.541,1.585,2.865
706.050,-1.536,1.603,2.828
706.162,-1.515,1.613,2.796
706.273,-1.480,1.614,2.770
706.384,-1.433,1.610,2.751
706.495,-1.374,1.602,2.740
706.606,-1.306,1.595,2.735
706.718,-1.234,1.595,2.732
706.829,-1.162,1.599,2.723
706.940,-1.098,1.601,2.703
707.052,-1.039,1.599,2.674
707.163,-0.983,1.589,2.636
707.275,-0.931,1.579,2.588
707.386,-0.884,1.583,2.529
707.497,-0.840,1.592,2.472
707.608,-0.797,1.597,2.419
707.719,-0.754,1.597,2.370
707.830,-0.708,1.595,2.316
707.941,-0.656,1.586,2.259
708.052,-0.600,1.570,2.194
708.163,-0.548,1.567,2.119
708.275,-0.510,1.565,2.042
708.386,-0.489,1.560,1.964
708.497,-0.480,1.551,1.883
708.608,-0.483,1.538,1.798
708.719,-0.498,1.534,1.707
708.831,-0.520,1.549,1.614
708.942,-0.543,1.563,1.528
709.053,-0.564,1.569,1.445
709.164,-0.589,1.571,1.362
709.275,-0.616,1.569,1.278
709.386,-0.647,1.573,1.195
709.498,-0.686,1.593,1.120
709.609,-0.736,1.607,1.061
709.720,-0.786,1.612,1.019
709.832,-0.833,1.606,0.992
709.942,-0.872,1.595,0.980
710.053,-0.905,1.602,0.973
710.164,-0.923,1.604,0.960
710.275,-0.930,1.611,0.942
710.386,-0.929,1.614,0.914
710.498,-0.932,1.608,0.876
710.609,-0.941,1.604,0.833
710.721,-0.949,1.603,0.790
710.832,-0.954,1.603,0.752
710.943,-0.956,1.606,0.718
711.055,-0.953,1.611,0.688
711.165,-0.943,1.613,0.664
711.277,-0.930,1.613,0.643
711.388,-0.910,1.613,0.626
711.499,-0.884,1.613,0.611
711.610,-0.851,1.612,0.601
711.735,-0.810,1.607,0.598
711.839,-0.758,1.601,0.603
711.951,-0.703,1.594,0.619
712.063,-0.638,1.578,0.645
712.174,-0.565,1.566,0.684
712.285,-0.487,1.577,0.732
712.396,-0.411,1.592,0.778
712.507,-0.341,1.591,0.817
712.618,-0.281,1.588,0.848
712.729,-0.227,1.583,0.871
712.841,-0.174,1.578,0.890
712.952,-0.118,1.577,0.906
713.063,-0.064,1.585,0.922
713.174,-0.015,1.596,0.941
713.286,0.028,1.599,0.958
713.397,0.061,1.598,0.970
713.509,0.083,1.595,0.974
713.620,0.097,1.595,0.974
713.732,0.106,1.594,0.975
713.843,0.113,1.594,0.978
713.954,0.119,1.592,0.982
714.066,0.126,1.592,0.987
714.178,0.135,1.591,0.993
714.289,0.144,1.589,1.001
714.400,0.156,1.587,1.010
714.511,0.170,1.586,1.019
714.622,0.182,1.584,1.030
714.733,0.188,1.580,1.037
714.844,0.187,1.580,1.044
714.955,0.174,1.584,1.054
715.066,0.141,1.590,1.062
715.177,0.082,1.597,1.060
715.288,0.011,1.597,1.037
715.399,-0.059,1.599,0.996
715.511,-0.115,1.599,0.948
715.621,-0.159,1.600,0.906
715.733,-0.194,1.597,0.871
715.845,-0.224,1.598,0.850
715.956,-0.249,1.600,0.838
716.067,-0.269,1.596,0.838
716.178,-0.289,1.594,0.850
716.290,-0.311,1.594,0.870
716.401,-0.333,1.596,0.891
716.512,-0.352,1.594,0.908
716.623,-0.366,1.595,0.923
716.735,-0.369,1.596,0.933
716.845,-0.366,1.594,0.936
716.956,-0.360,1.596,0.935
717.068,-0.352,1.596,0.934
717.179,-0.345,1.595,0.934
717.291,-0.340,1.596,0.937
717.401,-0.337,1.599,0.939
717.516,-0.336,1.602,0.939
717.624,-0.337,1.604,0.938
717.734,-0.339,1.605,0.937
717.846,-0.343,1.604,0.935
717.957,-0.349,1.602,0.933
718.068,-0.356,1.598,0.931
718.179,-0.364,1.590,0.929
718.290,-0.375,1.580,0.928
718.402,-0.387,1.571,0.929
718.513,-0.399,1.567,0.933
718.623,-0.410,1.568,0.943
718.735,-0.425,1.574,0.959
718.846,-0.434,1.581,0.978
718.957,-0.436,1.586,0.996
719.068,-0.435,1.587,1.011
719.179,-0.432,1.586,1.022
719.290,-0.428,1.584,1.029
719.401,-0.423,1.581,1.028
719.513,-0.417,1.578,1.019
719.622,-0.410,1.576,1.007
719.735,-0.400,1.572,0.995
719.835,-0.391,1.570,0.984
719.943,-0.381,1.568,0.976
720.054,-0.373,1.567,0.969
720.165,-0.366,1.567,0.965
720.276,-0.363,1.567,0.962
720.388,-0.359,1.568,0.960
720.499,-0.354,1.570,0.956
720.609,-0.346,1.571,0.948
720.721,-0.336,1.569,0.936
720.831,-0.325,1.567,0.918
720.943,-0.315,1.564,0.892
721.054,-0.305,1.558,0.861
721.165,-0.296,1.552,0.826
721.276,-0.288,1.550,0.789
721.387,-0.282,1.546,0.751
721.498,-0.280,1.546,0.713
721.609,-0.281,1.549,0.678
721.721,-0.283,1.551,0.653
721.832,-0.287,1.553,0.638
721.943,-0.295,1.555,0.635
722.054,-0.304,1.557,0.642
722.165,-0.314,1.562,0.658
722.277,-0.324,1.567,0.683
722.388,-0.333,1.569,0.717
722.499,-0.344,1.569,0.758
722.610,-0.356,1.570,0.800
722.721,-0.371,1.575,0.837
722.832,-0.392,1.579,0.870
722.943,-0.421,1.583,0.897
723.054,-0.459,1.582,0.921
723.165,-0.505,1.581,0.940
723.276,-0.558,1.581,0.954
723.387,-0.613,1.583,0.965
723.499,-0.667,1.584,0.972
723.609,-0.721,1.584,0.972
723.721,-0.778,1.582,0.966
723.832,-0.840,1.578,0.952
723.943,-0.907,1.570,0.931
724.053,-0.979,1.562,0.902
724.165,-1.054,1.570,0.865
724.277,-1.128,1.581,0.830
724.387,-1.198,1.583,0.803
724.499,-1.267,1.582,0.784
724.609,-1.339,1.575,0.771
724.721,-1.418,1.566,0.764
724.832,-1.506,1.557,0.760
724.942,-1.603,1.556,0.752
725.054,-1.695,1.558,0.738
725.165,-1.765,1.549,0.721
725.276,-1.806,1.538,0.701
725.387,-1.822,1.530,0.689
725.498,-1.817,1.528,0.678
725.610,-1.790,1.533,0.669
725.721,-1.743,1.545,0.664
725.832,-1.685,1.556,0.669
725.943,-1.623,1.566,0.681
726.054,-1.557,1.574,0.695
726.165,-1.488,1.577,0.709
726.277,-1.419,1.575,0.720
726.388,-1.354,1.573,0.725
726.499,-1.297,1.570,0.718
726.610,-1.246,1.568,0.698
726.721,-1.199,1.562,0.668
726.832,-1.152,1.553,0.627
726.944,-1.108,1.552,0.580
727.055,-1.074,1.559,0.543
727.166,-1.062,1.561,0.532
727.277,-1.072,1.565,0.544
727.388,-1.105,1.565,0.578
727.499,-1.153,1.561,0.625
727.610,-1.194,1.559,0.668
727.721,-1.227,1.568,0.701
727.832,-1.250,1.575,0.715
727.943,-1.262,1.576,0.705
728.054,-1.267,1.570,0.677
728.166,-1.272,1.556,0.636
728.277,-1.275,1.542,0.589
728.388,-1.275,1.531,0.552
728.499,-1.271,1.527,0.539
728.610,-1.272,1.534,0.550
728.721,-1.279,1.544,0.578
728.832,-1.290,1.554,0.616
728.944,-1.308,1.562,0.655
729.054,-1.338,1.567,0.690
729.165,-1.381,1.570,0.721
729.276,-1.432,1.572,0.750
729.388,-1.485,1.571,0.774
729.499,-1.546,1.567,0.791
729.610,-1.615,1.564,0.796
729.721,-1.684,1.560,0.791
729.833,-1.742,1.552,0.780
729.942,-1.777,1.541,0.763
730.054,-1.788,1.535,0.740
730.165,-1.768,1.538,0.710
730.276,-1.726,1.544,0.684
730.387,-1.675,1.547,0.663
730.498,-1.615,1.547,0.641
730.610,-1.545,1.546,0.612
730.721,-1.467,1.547,0.568
730.832,-1.394,1.548,0.519
730.944,-1.335,1.546,0.475
731.054,-1.295,1.539,0.445
731.166,-1.271,1.536,0.429
731.277,-1.260,1.537,0.423
731.388,-1.264,1.541,0.425
731.499,-1.280,1.543,0.435
731.610,-1.306,1.545,0.450
731.721,-1.336,1.547,0.469
731.832,-1.353,1.542,0.487
731.943,-1.350,1.536,0.491
732.054,-1.329,1.531,0.483
732.166,-1.298,1.526,0.459
732.277,-1.259,1.518,0.426
732.388,-1.227,1.508,0.399
732.499,-1.208,1.505,0.383
732.611,-1.207,1.508,0.381
732.721,-1.224,1.519,0.389
732.833,-1.250,1.533,0.405
732.943,-1.253,1.546,0.424
733.055,-1.226,1.552,0.436
733.166,-1.164,1.555,0.440
733.277,-1.076,1.544,0.439
733.388,-0.979,1.518,0.440
733.499,-0.908,1.496,0.448
733.610,-0.875,1.500,0.466
733.721,-0.859,1.520,0.489
733.832,-0.842,1.542,0.512
733.943,-0.814,1.559,0.532
734.054,-0.774,1.568,0.545
734.166,-0.730,1.560,0.554
734.277,-0.682,1.563,0.566
734.388,-0.628,1.567,0.590
734.499,-0.567,1.566,0.622
734.610,-0.504,1.564,0.649
734.721,-0.445,1.561,0.665
734.832,-0.390,1.565,0.659
734.944,-0.342,1.569,0.632
735.055,-0.300,1.567,0.588
735.166,-0.260,1.561,0.528
735.277,-0.214,1.566,0.455
735.388,-0.169,1.569,0.389
735.500,-0.134,1.565,0.350
735.611,-0.115,1.564,0.341
735.721,-0.109,1.566,0.359
735.833,-0.116,1.566,0.406
735.944,-0.124,1.564,0.461
736.055,-0.145,1.574,0.505
736.166,-0.185,1.585,0.543
736.277,-0.243,1.592,0.577
736.388,-0.320,1.594,0.618
736.499,-0.403,1.591,0.662
736.610,-0.491,1.589,0.706
736.721,-0.579,1.586,0.745
736.832,-0.661,1.592,0.771
736.943,-0.741,1.591,0.784
737.054,-0.823,1.583,0.784
737.165,-0.907,1.568,0.773
737.276,-1.000,1.561,0.748
737.387,-1.102,1.578,0.713
737.498,-1.198,1.587,0.687
737.610,-1.288,1.591,0.674
737.721,-1.375,1.589,0.670
737.832,-1.467,1.575,0.672
737.943,-1.567,1.562,0.677
738.054,-1.672,1.561,0.678
738.165,-1.764,1.562,0.670
738.275,-1.825,1.559,0.660
738.387,-1.852,1.556,0.645
738.499,-1.842,1.556,0.627
738.610,-1.797,1.560,0.613
738.721,-1.729,1.567,0.611
738.832,-1.658,1.568,0.618
738.943,-1.586,1.566,0.624
739.054,-1.521,1.562,0.624
739.165,-1.474,1.555,0.619
739.277,-1.449,1.552,0.612
739.387,-1.443,1.552,0.603
739.499,-1.446,1.553,0.597
739.610,-1.458,1.554,0.590
739.721,-1.483,1.556,0.577
739.832,-1.526,1.557,0.558
739.943,-1.579,1.553,0.528
740.054,-1.637,1.549,0.485
740.165,-1.686,1.542,0.442
740.277,-1.712,1.535,0.404
740.388,-1.709,1.530,0.377
740.498,-1.680,1.529,0.369
740.610,-1.637,1.530,0.377
740.721,-1.587,1.532,0.395
740.831,-1.533,1.531,0.420
740.943,-1.475,1.532,0.442
741.054,-1.420,1.536,0.458
741.165,-1.379,1.538,0.468
741.276,-1.359,1.538,0.470
741.387,-1.370,1.538,0.467
741.498,-1.414,1.542,0.461
741.610,-1.481,1.547,0.453
741.721,-1.562,1.548,0.444
741.832,-1.643,1.544,0.425
741.943,-1.719,1.536,0.401
742.054,-1.779,1.530,0.379
742.165,-1.822,1.520,0.363
742.277,-1.842,1.511,0.351
742.385,-1.841,1.509,0.345
742.497,-1.824,1.512,0.342
742.609,-1.795,1.516,0.341
742.720,-1.749,1.522,0.347
742.831,-1.697,1.529,0.354
742.942,-1.640,1.532,0.358
743.053,-1.583,1.529,0.354
743.164,-1.534,1.522,0.348
743.276,-1.502,1.517,0.352
743.387,-1.483,1.525,0.371
743.498,-1.478,1.538,0.403
743.609,-1.486,1.549,0.451
743.720,-1.502,1.552,0.516
743.831,-1.519,1.552,0.591
743.942,-1.539,1.547,0.675
744.053,-1.569,1.540,0.766
744.164,-1.605,1.535,0.855
744.275,-1.651,1.536,0.928
744.386,-1.695,1.539,0.979
744.497,-1.727,1.532,1.006
744.608,-1.737,1.523,1.012
744.719,-1.719,1.528,0.987
744.831,-1.669,1.542,0.941
744.943,-1.585,1.556,0.899
745.054,-1.482,1.565,0.867
745.165,-1.372,1.567,0.839
745.277,-1.262,1.563,0.813
745.388,-1.167,1.569,0.783
745.499,-1.089,1.571,0.748
745.610,-1.025,1.569,0.709
745.721,-0.976,1.560,0.668
745.833,-0.940,1.551,0.623
745.943,-0.912,1.557,0.580
746.054,-0.896,1.568,0.554
746.165,-0.901,1.573,0.552
746.276,-0.927,1.574,0.575
746.388,-0.970,1.570,0.619
746.499,-1.025,1.561,0.671
746.609,-1.085,1.564,0.722
746.720,-1.149,1.572,0.776
746.832,-1.212,1.576,0.829
746.943,-1.275,1.573,0.878
747.054,-1.345,1.567,0.922
747.166,-1.424,1.558,0.963
747.276,-1.509,1.556,1.000
747.387,-1.586,1.562,1.029
747.498,-1.641,1.568,1.045
747.609,-1.679,1.567,1.051
747.720,-1.698,1.562,1.050
747.832,-1.706,1.562,1.042
747.943,-1.705,1.563,1.026
748.054,-1.694,1.564,1.000
748.166,-1.678,1.564,0.967
748.277,-1.659,1.563,0.930
748.388,-1.646,1.557,0.894
748.499,-1.642,1.554,0.863
748.610,-1.649,1.553,0.841
748.721,-1.660,1.551,0.831
748.832,-1.671,1.555,0.829
748.943,-1.681,1.557,0.837
749.054,-1.688,1.554,0.855
749.165,-1.689,1.551,0.876
749.277,-1.689,1.549,0.896
749.387,-1.691,1.548,0.917
749.498,-1.697,1.546,0.938
749.609,-1.709,1.544,0.960
749.720,-1.728,1.543,0.982
749.832,-1.754,1.542,1.003
749.943,-1.785,1.538,1.021
750.054,-1.821,1.532,1.037
750.164,-1.862,1.524,1.053
750.276,-1.906,1.513,1.066
750.387,-1.948,1.501,1.077
750.498,-1.982,1.492,1.082
750.609,-2.004,1.487,1.080
750.720,-2.015,1.484,1.072
750.830,-2.015,1.484,1.059
750.942,-2.004,1.489,1.039
751.053,-1.975,1.500,1.009
751.164,-1.920,1.520,0.970
751.276,-1.833,1.543,0.936
751.387,-1.728,1.561,0.919
751.499,-1.617,1.572,0.913
751.610,-1.509,1.577,0.913
751.721,-1.407,1.576,0.917
751.832,-1.316,1.578,0.916
751.943,-1.234,1.579,0.908
752.054,-1.158,1.573,0.892
752.165,-1.083,1.561,0.867
752.277,-1.007,1.551,0.831
752.388,-0.926,1.554,0.784
752.499,-0.847,1.565,0.738
752.610,-0.774,1.570,0.703
752.721,-0.709,1.570,0.676
752.832,-0.649,1.568,0.654
752.944,-0.592,1.565,0.637
753.055,-0.538,1.566,0.627
753.165,-0.488,1.577,0.617
753.277,-0.454,1.583,0.612
753.388,-0.440,1.585,0.608
753.499,-0.450,1.585,0.609
753.610,-0.488,1.589,0.624
753.721,-0.548,1.589,0.655
753.832,-0.621,1.587,0.700
753.943,-0.701,1.588,0.750
754.054,-0.777,1.585,0.800
754.166,-0.844,1.587,0.842
754.276,-0.908,1.589,0.876
754.387,-0.972,1.583,0.905
754.499,-1.040,1.569,0.927
754.609,-1.114,1.556,0.941
754.720,-1.198,1.553,0.945
754.832,-1.288,1.566,0.940
754.942,-1.372,1.570,0.936
755.054,-1.447,1.567,0.935
755.164,-1.518,1.563,0.937
755.276,-1.584,1.556,0.942
755.387,-1.645,1.549,0.949
755.498,-1.707,1.554,0.944
755.609,-1.756,1.557,0.926
755.720,-1.791,1.556,0.893
755.832,-1.812,1.557,0.851
755.943,-1.825,1.557,0.801
756.054,-1.831,1.554,0.741
756.166,-1.834,1.550,0.667
756.277,-1.839,1.548,0.581
756.388,-1.845,1.543,0.493
756.498,-1.852,1.532,0.419
756.599,-1.852,1.521,0.379
756.707,-1.844,1.518,0.362
756.818,-1.833,1.526,0.370
756.929,-1.812,1.535,0.401
757.040,-1.777,1.546,0.447
757.151,-1.740,1.561,0.495
757.263,-1.705,1.574,0.537
757.374,-1.667,1.577,0.571
757.485,-1.620,1.578,0.601
757.596,-1.560,1.577,0.624
757.707,-1.486,1.578,0.648
757.818,-1.401,1.586,0.673
757.930,-1.315,1.598,0.694
758.040,-1.229,1.602,0.705
758.151,-1.145,1.597,0.705
758.262,-1.059,1.584,0.695
758.373,-0.970,1.567,0.675
758.485,-0.870,1.560,0.640
758.596,-0.765,1.574,0.600
758.707,-0.668,1.583,0.571
758.818,-0.585,1.584,0.555
758.929,-0.521,1.580,0.551
759.041,-0.477,1.577,0.560
759.151,-0.457,1.575,0.580
759.263,-0.455,1.579,0.608
759.374,-0.460,1.587,0.638
759.485,-0.483,1.591,0.667
759.596,-0.524,1.595,0.697
759.707,-0.587,1.594,0.732
759.818,-0.663,1.591,0.770
759.930,-0.748,1.593,0.803
760.040,-0.832,1.586,0.837
760.151,-0.909,1.582,0.870
760.263,-0.978,1.586,0.893
760.373,-1.043,1.586,0.909
760.484,-1.109,1.583,0.916
760.595,-1.180,1.575,0.912
760.706,-1.256,1.568,0.903
760.817,-1.338,1.581,0.890
760.929,-1.418,1.590,0.882
761.040,-1.492,1.589,0.886
761.151,-1.561,1.584,0.902
761.262,-1.627,1.576,0.927
761.372,-1.696,1.566,0.956
761.484,-1.773,1.562,0.988
761.595,-1.845,1.558,1.017
761.705,-1.894,1.551,1.033
761.817,-1.912,1.550,1.031
761.929,-1.899,1.554,1.011
762.040,-1.847,1.565,0.983
762.151,-1.761,1.578,0.965
762.262,-1.657,1.587,0.960
762.374,-1.547,1.588,0.961
762.485,-1.431,1.586,0.959
762.596,-1.320,1.586,0.960
762.707,-1.216,1.591,0.953
762.819,-1.122,1.588,0.939
762.929,-1.031,1.576,0.916
763.041,-0.942,1.563,0.885
763.152,-0.848,1.565,0.843
763.266,-0.754,1.579,0.797
763.374,-0.664,1.585,0.761
763.485,-0.580,1.587,0.730
763.596,-0.499,1.581,0.701
763.707,-0.415,1.569,0.670
763.818,-0.322,1.568,0.634
763.930,-0.228,1.574,0.597
764.041,-0.154,1.574,0.566
764.152,-0.109,1.571,0.542
764.263,-0.091,1.572,0.526
764.374,-0.099,1.577,0.520
764.485,-0.130,1.585,0.524
764.596,-0.181,1.592,0.539
764.707,-0.251,1.599,0.567
764.818,-0.335,1.599,0.607
764.930,-0.429,1.600,0.652
765.041,-0.523,1.596,0.695
765.152,-0.613,1.595,0.734
765.263,-0.689,1.588,0.765
765.374,-0.759,1.580,0.785
765.485,-0.833,1.569,0.794
765.596,-0.915,1.560,0.791
765.707,-1.004,1.572,0.780
765.818,-1.087,1.584,0.771
765.930,-1.160,1.587,0.768
766.040,-1.226,1.586,0.769
766.152,-1.291,1.581,0.773
766.263,-1.356,1.575,0.781
766.374,-1.425,1.570,0.793
766.485,-1.498,1.574,0.804
766.597,-1.570,1.581,0.814
766.707,-1.632,1.581,0.820
766.818,-1.681,1.575,0.823
766.930,-1.719,1.572,0.823
767.040,-1.749,1.568,0.825
767.152,-1.773,1.564,0.829
767.264,-1.793,1.560,0.834
767.374,-1.807,1.557,0.837
767.485,-1.817,1.555,0.839
767.596,-1.824,1.555,0.841
767.707,-1.831,1.554,0.846
767.817,-1.837,1.551,0.851
767.928,-1.840,1.547,0.860
768.039,-1.842,1.543,0.871
768.151,-1.841,1.541,0.882
768.262,-1.841,1.540,0.892
768.373,-1.846,1.539,0.900
768.484,-1.857,1.535,0.901
768.612,-1.866,1.529,0.886
768.719,-1.853,1.525,0.857
768.831,-1.814,1.528,0.818
768.942,-1.743,1.537,0.780
769.054,-1.654,1.546,0.759
769.165,-1.555,1.551,0.752
769.277,-1.450,1.549,0.755
769.388,-1.362,1.545,0.764
769.499,-1.297,1.543,0.768
769.610,-1.251,1.546,0.758
769.721,-1.221,1.547,0.735
769.832,-1.205,1.540,0.706
769.943,-1.199,1.539,0.678
770.054,-1.201,1.542,0.664
770.165,-1.210,1.549,0.672
770.276,-1.229,1.556,0.698
770.387,-1.259,1.564,0.738
770.499,-1.299,1.589,0.787
770.610,-1.332,1.611,0.844
770.721,-1.356,1.626,0.892
770.832,-1.384,1.623,0.926
770.943,-1.416,1.616,0.952
771.054,-1.449,1.600,0.968
771.165,-1.480,1.586,0.973
771.277,-1.508,1.582,0.972
771.387,-1.534,1.576,0.967
771.499,-1.561,1.574,0.955
771.610,-1.592,1.570,0.939
771.721,-1.625,1.570,0.922
771.828,-1.639,1.568,0.906
771.940,-1.645,1.568,0.880
772.052,-1.641,1.567,0.844
772.164,-1.628,1.563,0.801
772.275,-1.620,1.556,0.754
772.386,-1.626,1.553,0.708
772.497,-1.647,1.554,0.658
772.609,-1.680,1.551,0.604
772.719,-1.727,1.543,0.541
772.831,-1.779,1.539,0.471
772.942,-1.820,1.535,0.405
773.057,-1.845,1.528,0.357
773.164,-1.854,1.522,0.327
773.275,-1.850,1.520,0.309
773.387,-1.826,1.521,0.302
773.497,-1.792,1.529,0.310
773.609,-1.759,1.535,0.324
773.719,-1.727,1.539,0.340
773.831,-1.692,1.544,0.362
773.942,-1.654,1.545,0.389
774.053,-1.618,1.550,0.414
774.165,-1.598,1.553,0.432
774.276,-1.601,1.553,0.445
774.387,-1.627,1.553,0.452
774.498,-1.665,1.552,0.453
774.609,-1.712,1.552,0.442
774.720,-1.761,1.548,0.423
774.832,-1.797,1.544,0.399
774.943,-1.813,1.539,0.380
775.052,-1.803,1.539,0.373
775.163,-1.771,1.545,0.380
775.275,-1.721,1.553,0.402
775.387,-1.663,1.559,0.439
775.498,-1.602,1.561,0.480
775.609,-1.548,1.559,0.512
775.720,-1.508,1.556,0.528
775.831,-1.482,1.554,0.534
775.942,-1.467,1.558,0.539
776.053,-1.463,1.561,0.539
776.165,-1.474,1.559,0.545
776.276,-1.493,1.560,0.561
776.387,-1.506,1.563,0.584
776.499,-1.514,1.563,0.609
776.609,-1.520,1.560,0.635
776.720,-1.518,1.562,0.656
776.831,-1.507,1.567,0.663
776.943,-1.486,1.574,0.651
777.054,-1.454,1.572,0.619
777.165,-1.416,1.568,0.577
777.276,-1.378,1.575,0.534
777.387,-1.350,1.577,0.498
777.498,-1.334,1.573,0.470
777.609,-1.334,1.568,0.452
777.721,-1.350,1.568,0.447
777.832,-1.373,1.568,0.455
777.943,-1.402,1.573,0.481
778.054,-1.435,1.575,0.520
778.165,-1.469,1.573,0.571
778.276,-1.500,1.572,0.634
778.387,-1.529,1.568,0.708
778.497,-1.561,1.562,0.787
778.609,-1.600,1.559,0.864
778.720,-1.639,1.551,0.932
778.830,-1.676,1.551,0.984
778.942,-1.707,1.552,1.021
779.053,-1.732,1.549,1.049
779.164,-1.752,1.543,1.067
779.275,-1.765,1.535,1.077
779.386,-1.774,1.531,1.076
779.497,-1.769,1.530,1.067
779.607,-1.752,1.536,1.046
779.719,-1.722,1.543,1.016
779.831,-1.674,1.551,0.980
779.943,-1.602,1.561,0.941
780.054,-1.520,1.571,0.917
780.165,-1.443,1.578,0.902
780.277,-1.374,1.585,0.893
780.387,-1.308,1.588,0.894
780.499,-1.245,1.592,0.904
780.609,-1.190,1.597,0.917
780.721,-1.152,1.600,0.925
780.832,-1.130,1.601,0.929
780.943,-1.117,1.602,0.926
781.054,-1.112,1.605,0.915
781.165,-1.112,1.609,0.899
781.276,-1.114,1.613,0.882
781.387,-1.118,1.613,0.867
781.499,-1.124,1.615,0.855
781.610,-1.130,1.616,0.846
781.721,-1.134,1.616,0.839
781.832,-1.135,1.618,0.832
781.943,-1.136,1.620,0.826
782.054,-1.136,1.623,0.820
782.165,-1.137,1.623,0.816
782.277,-1.141,1.621,0.811
782.388,-1.147,1.621,0.806
782.499,-1.151,1.622,0.801
782.610,-1.155,1.621,0.795
782.721,-1.156,1.616,0.788
782.832,-1.158,1.607,0.781
782.943,-1.157,1.599,0.780
783.054,-1.153,1.598,0.785
783.165,-1.147,1.600,0.795
783.276,-1.140,1.602,0.807
783.388,-1.135,1.602,0.823
783.499,-1.134,1.596,0.835
783.610,-1.136,1.593,0.845
783.721,-1.137,1.590,0.847
783.832,-1.139,1.590,0.845
783.944,-1.138,1.591,0.842
784.055,-1.138,1.591,0.838
784.165,-1.141,1.589,0.835
784.276,-1.145,1.588,0.832
784.388,-1.149,1.587,0.830
784.498,-1.152,1.589,0.829
784.610,-1.155,1.589,0.827
784.721,-1.156,1.589,0.826
784.832,-1.156,1.589,0.822
784.944,-1.154,1.589,0.818
785.054,-1.152,1.588,0.815
785.165,-1.151,1.587,0.813
785.276,-1.152,1.585,0.813
785.388,-1.151,1.586,0.812
785.499,-1.151,1.586,0.813
785.610,-1.152,1.587,0.811
785.721,-1.157,1.581,0.815
785.832,-1.155,1.584,0.814
785.943,-1.153,1.587,0.813
786.054,-1.153,1.590,0.809
786.165,-1.154,1.591,0.808
786.277,-1.154,1.592,0.807
786.388,-1.153,1.594,0.802
786.499,-1.154,1.596,0.801
786.610,-1.153,1.602,0.802
786.721,-1.155,1.599,0.804
786.832,-1.156,1.601,0.807
786.943,-1.157,1.600,0.812
787.054,-1.159,1.601,0.817
787.165,-1.159,1.599,0.820
787.277,-1.156,1.593,0.823
787.388,-1.150,1.586,0.833
787.499,-1.144,1.584,0.843
787.610,-1.137,1.584,0.855
787.721,-1.129,1.584,0.867
787.832,-1.120,1.587,0.878
787.943,-1.109,1.591,0.891
788.055,-1.095,1.594,0.903
788.166,-1.078,1.596,0.914
788.276,-1.059,1.599,0.922
788.388,-1.035,1.606,0.927
788.499,-1.012,1.606,0.934
788.610,-0.985,1.605,0.938
788.721,-0.957,1.604,0.939
788.832,-0.926,1.604,0.936
788.942,-0.892,1.611,0.929
789.053,-0.856,1.623,0.920
789.165,-0.826,1.626,0.911
789.276,-0.803,1.627,0.904
789.388,-0.787,1.631,0.901
789.498,-0.777,1.631,0.900
789.610,-0.772,1.632,0.904
789.720,-0.770,1.629,0.909
789.831,-0.769,1.627,0.914
789.941,-0.768,1.626,0.918
790.052,-0.766,1.624,0.921
790.164,-0.765,1.624,0.924
790.274,-0.763,1.623,0.928
790.386,-0.760,1.622,0.932
790.497,-0.758,1.620,0.935
790.608,-0.755,1.619,0.935
790.720,-0.753,1.619,0.935
790.831,-0.753,1.619,0.935
790.943,-0.754,1.619,0.934
791.054,-0.755,1.619,0.932
791.165,-0.758,1.620,0.929
791.276,-0.761,1.622,0.926
791.388,-0.764,1.622,0.924
791.499,-0.767,1.622,0.923
791.610,-0.768,1.623,0.922
791.721,-0.768,1.623,0.922
791.832,-0.768,1.622,0.922
791.943,-0.767,1.621,0.923
792.054,-0.767,1.621,0.923
792.165,-0.768,1.620,0.924
792.276,-0.768,1.620,0.926
792.388,-0.769,1.620,0.928
792.499,-0.769,1.619,0.930
792.610,-0.770,1.619,0.931
792.721,-0.771,1.618,0.933
792.832,-0.770,1.619,0.934
792.943,-0.757,1.618,0.927
793.054,-0.730,1.611,0.917
793.165,-0.691,1.605,0.907
793.277,-0.638,1.597,0.902
793.388,-0.573,1.586,0.898
793.499,-0.497,1.581,0.895
793.610,-0.420,1.581,0.899
793.722,-0.348,1.579,0.910
793.832,-0.279,1.574,0.930
793.943,-0.203,1.568,0.961
794.054,-0.118,1.560,1.006
794.166,-0.026,1.553,1.058
794.276,0.064,1.553,1.102
794.387,0.133,1.549,1.130
794.498,0.169,1.556,1.141
794.610,0.178,1.568,1.128
794.721,0.161,1.583,1.092
794.832,0.121,1.592,1.050
794.944,0.068,1.597,1.014
795.055,0.013,1.607,0.986
795.166,-0.040,1.610,0.966
795.276,-0.084,1.611,0.951
795.387,-0.117,1.608,0.944
795.498,-0.139,1.605,0.940
795.609,-0.151,1.601,0.941
795.720,-0.156,1.603,0.944
795.830,-0.154,1.602,0.948
795.942,-0.149,1.602,0.948
796.054,-0.145,1.600,0.943
796.165,-0.138,1.592,0.928
796.276,-0.117,1.586,0.900
796.387,-0.084,1.578,0.867
796.498,-0.041,1.569,0.824
796.610,0.012,1.562,0.772
796.721,0.068,1.560,0.718
796.832,0.117,1.563,0.674
796.942,0.153,1.566,0.642
797.054,0.175,1.569,0.626
797.165,0.189,1.574,0.620
797.276,0.194,1.575,0.622
797.387,0.193,1.575,0.627
797.498,0.191,1.576,0.632
797.609,0.190,1.575,0.636
797.720,0.189,1.574,0.638
797.831,0.189,1.572,0.638
797.943,0.190,1.571,0.637
798.054,0.191,1.570,0.636
798.165,0.194,1.571,0.635
798.276,0.199,1.572,0.634
798.387,0.202,1.571,0.633
798.498,0.205,1.572,0.631
798.610,0.203,1.574,0.628
798.721,0.192,1.574,0.625
798.832,0.167,1.567,0.622
798.943,0.127,1.562,0.623
799.054,0.075,1.558,0.625
799.164,0.013,1.554,0.624
799.276,-0.050,1.554,0.616
799.387,-0.104,1.556,0.608
799.498,-0.140,1.559,0.607
799.609,-0.162,1.565,0.609
799.720,-0.174,1.570,0.613
799.832,-0.177,1.572,0.620
799.943,-0.174,1.576,0.627
800.054,-0.171,1.577,0.632
800.165,-0.169,1.578,0.638
800.276,-0.168,1.578,0.641
800.387,-0.167,1.577,0.644
800.499,-0.166,1.578,0.644
800.609,-0.166,1.576,0.643
800.720,-0.165,1.575,0.642
800.830,-0.164,1.574,0.641
800.942,-0.162,1.573,0.638
801.053,-0.160,1.572,0.637
801.164,-0.157,1.572,0.636
801.275,-0.157,1.571,0.633
801.387,-0.157,1.569,0.630
801.497,-0.156,1.571,0.625
801.609,-0.151,1.573,0.619
801.720,-0.147,1.573,0.613
801.831,-0.147,1.572,0.608
801.942,-0.159,1.572,0.603
802.053,-0.191,1.569,0.601
802.164,-0.236,1.566,0.601
802.275,-0.288,1.560,0.599
802.387,-0.342,1.554,0.592
802.497,-0.392,1.552,0.583
802.609,-0.430,1.557,0.577
802.720,-0.454,1.562,0.581
802.831,-0.467,1.565,0.588
802.943,-0.474,1.566,0.599
803.054,-0.476,1.569,0.611
803.165,-0.476,1.573,0.622
803.276,-0.476,1.576,0.631
803.387,-0.475,1.577,0.639
803.498,-0.474,1.578,0.645
803.609,-0.471,1.579,0.648
803.721,-0.468,1.579,0.650
803.831,-0.467,1.579,0.651
803.943,-0.465,1.579,0.650
804.054,-0.465,1.578,0.649
804.165,-0.465,1.576,0.649
804.276,-0.466,1.576,0.648
804.387,-0.467,1.575,0.649
804.498,-0.467,1.576,0.650
804.609,-0.465,1.575,0.649
804.721,-0.462,1.574,0.647
804.831,-0.458,1.575,0.642
804.942,-0.453,1.576,0.634
805.053,-0.450,1.574,0.631
805.165,-0.448,1.573,0.632
805.276,-0.451,1.572,0.634
805.387,-0.467,1.569,0.634
805.498,-0.499,1.564,0.634
805.609,-0.546,1.561,0.634
805.720,-0.607,1.555,0.631
805.832,-0.676,1.551,0.617
805.943,-0.740,1.550,0.603
806.054,-0.784,1.553,0.599
806.164,-0.809,1.560,0.600
806.276,-0.824,1.563,0.605
806.386,-0.832,1.566,0.613
806.498,-0.835,1.569,0.621
806.609,-0.834,1.572,0.629
806.721,-0.832,1.572,0.635
806.832,-0.827,1.572,0.639
806.943,-0.821,1.573,0.642
807.054,-0.813,1.573,0.643
807.165,-0.806,1.573,0.642
807.276,-0.798,1.574,0.639
807.387,-0.789,1.574,0.633
807.498,-0.779,1.573,0.629
807.609,-0.770,1.573,0.625
807.721,-0.765,1.572,0.621
807.832,-0.763,1.571,0.621
807.943,-0.766,1.568,0.622
808.054,-0.770,1.562,0.625
808.164,-0.775,1.556,0.634
808.276,-0.769,1.551,0.646
808.387,-0.753,1.553,0.659
808.498,-0.733,1.556,0.676
808.609,-0.717,1.560,0.695
808.720,-0.710,1.560,0.710
808.831,-0.709,1.559,0.718
808.942,-0.719,1.559,0.718
809.054,-0.734,1.560,0.713
809.164,-0.742,1.562,0.706
809.275,-0.745,1.561,0.700
809.386,-0.746,1.561,0.691
809.497,-0.746,1.561,0.682
809.609,-0.747,1.561,0.672
809.720,-0.748,1.560,0.661
809.832,-0.750,1.560,0.649
809.943,-0.753,1.558,0.637
810.053,-0.758,1.558,0.626
810.164,-0.761,1.556,0.618
810.276,-0.759,1.557,0.613
810.385,-0.760,1.556,0.612
810.497,-0.761,1.557,0.613
810.607,-0.760,1.557,0.614
810.719,-0.757,1.558,0.615
810.830,-0.756,1.558,0.615
810.942,-0.753,1.558,0.614
811.052,-0.753,1.558,0.613
811.164,-0.752,1.558,0.613
811.276,-0.753,1.558,0.617
811.386,-0.759,1.559,0.622
811.498,-0.775,1.557,0.631
811.609,-0.797,1.554,0.644
811.720,-0.832,1.552,0.663
811.831,-0.875,1.551,0.682
811.942,-0.914,1.553,0.702
812.053,-0.949,1.562,0.727
812.164,-0.983,1.569,0.750
812.276,-1.012,1.578,0.768
812.388,-1.040,1.581,0.778
812.498,-1.060,1.580,0.778
812.609,-1.069,1.580,0.770
812.720,-1.069,1.576,0.756
812.831,-1.065,1.574,0.738
812.942,-1.058,1.571,0.712
813.053,-1.049,1.568,0.684
813.164,-1.041,1.562,0.659
813.275,-1.036,1.558,0.643
813.386,-1.031,1.558,0.635
813.498,-1.027,1.559,0.632
813.609,-1.028,1.560,0.633
813.720,-1.032,1.560,0.638
813.831,-1.038,1.558,0.644
813.943,-1.045,1.558,0.644
814.054,-1.053,1.556,0.640
814.165,-1.059,1.555,0.635
814.277,-1.064,1.554,0.629
814.387,-1.068,1.555,0.625
814.498,-1.071,1.556,0.622
814.609,-1.072,1.554,0.622
814.721,-1.072,1.551,0.625
814.832,-1.073,1.548,0.632
814.943,-1.074,1.544,0.641
815.054,-1.073,1.541,0.652
815.165,-1.072,1.541,0.662
815.276,-1.071,1.542,0.670
815.387,-1.071,1.541,0.676
815.498,-1.070,1.541,0.680
815.609,-1.069,1.543,0.682
815.720,-1.069,1.545,0.682
815.832,-1.069,1.547,0.681
815.942,-1.067,1.547,0.677
816.054,-1.068,1.547,0.671
816.164,-1.068,1.549,0.659
816.276,-1.067,1.552,0.644
816.387,-1.067,1.554,0.633
816.499,-1.066,1.556,0.628
816.609,-1.067,1.556,0.631
816.721,-1.070,1.551,0.642
816.832,-1.077,1.547,0.656
816.943,-1.082,1.545,0.669
817.054,-1.086,1.545,0.674
817.165,-1.092,1.547,0.672
817.276,-1.096,1.548,0.665
817.387,-1.095,1.549,0.661
817.498,-1.088,1.547,0.661
817.610,-1.083,1.543,0.663
817.720,-1.081,1.544,0.667
817.831,-1.080,1.541,0.672
817.942,-1.081,1.540,0.681
818.054,-1.081,1.541,0.688
818.164,-1.082,1.543,0.693
818.275,-1.081,1.544,0.695
818.387,-1.080,1.544,0.695
818.498,-1.080,1.545,0.692
818.609,-1.079,1.547,0.685
818.720,-1.076,1.551,0.673
818.831,-1.071,1.553,0.659
818.943,-1.065,1.552,0.646
819.054,-1.063,1.550,0.637
819.165,-1.063,1.551,0.632
819.276,-1.064,1.549,0.631
819.387,-1.067,1.543,0.634
819.497,-1.070,1.541,0.637
819.610,-1.074,1.542,0.636
819.720,-1.076,1.541,0.633
819.829,-1.075,1.541,0.633
819.941,-1.071,1.541,0.635
820.052,-1.066,1.540,0.640
820.163,-1.062,1.540,0.647
820.274,-1.061,1.540,0.655
820.385,-1.061,1.541,0.663
820.497,-1.062,1.542,0.668
820.607,-1.062,1.544,0.671
820.719,-1.062,1.545,0.673
820.830,-1.064,1.545,0.673
820.941,-1.067,1.545,0.671
821.052,-1.070,1.546,0.666
821.163,-1.072,1.546,0.660
821.275,-1.074,1.546,0.653
821.386,-1.076,1.545,0.647
821.498,-1.078,1.543,0.643
821.609,-1.080,1.542,0.640
821.720,-1.081,1.540,0.637
821.831,-1.082,1.538,0.634
821.942,-1.083,1.538,0.632
822.053,-1.080,1.541,0.629
822.164,-1.074,1.542,0.625
822.275,-1.068,1.542,0.622
822.387,-1.065,1.544,0.621
822.497,-1.065,1.545,0.623
822.608,-1.071,1.547,0.630
822.719,-1.086,1.545,0.643
822.831,-1.109,1.544,0.653
822.942,-1.139,1.547,0.655
823.053,-1.180,1.550,0.645
823.164,-1.228,1.553,0.626
823.276,-1.274,1.558,0.606
823.387,-1.310,1.555,0.592
823.498,-1.336,1.551,0.588
823.609,-1.356,1.549,0.595
823.720,-1.371,1.548,0.609
823.831,-1.380,1.547,0.623
823.942,-1.384,1.545,0.638
824.053,-1.389,1.544,0.650
824.165,-1.394,1.544,0.662
824.276,-1.401,1.543,0.673
824.387,-1.406,1.544,0.682
824.498,-1.410,1.545,0.689
824.609,-1.413,1.545,0.694
824.720,-1.415,1.544,0.697
824.831,-1.416,1.544,0.698
824.942,-1.417,1.542,0.697
825.053,-1.418,1.541,0.695
825.165,-1.419,1.541,0.691
825.276,-1.420,1.539,0.687
825.387,-1.420,1.538,0.683
825.498,-1.420,1.538,0.679
825.610,-1.418,1.537,0.675
825.720,-1.417,1.536,0.672
825.831,-1.417,1.536,0.670
825.942,-1.417,1.537,0.668
826.054,-1.417,1.537,0.664
826.165,-1.419,1.536,0.661
826.276,-1.420,1.536,0.659
826.387,-1.420,1.536,0.658
826.498,-1.420,1.536,0.658
826.609,-1.421,1.536,0.657
826.721,-1.421,1.537,0.657
826.831,-1.421,1.537,0.657
826.942,-1.421,1.537,0.659
827.053,-1.421,1.539,0.661
827.165,-1.420,1.543,0.662
827.276,-1.417,1.548,0.662
827.387,-1.413,1.551,0.661
827.498,-1.409,1.552,0.660
827.610,-1.407,1.552,0.660
827.721,-1.406,1.552,0.659
827.832,-1.407,1.550,0.658
827.943,-1.418,1.545,0.657
828.054,-1.434,1.539,0.657
828.165,-1.447,1.534,0.659
828.277,-1.454,1.530,0.663
828.387,-1.454,1.528,0.666
828.499,-1.452,1.526,0.670
828.609,-1.449,1.523,0.673
828.720,-1.446,1.520,0.676
828.832,-1.441,1.521,0.678
828.941,-1.434,1.520,0.680
829.053,-1.426,1.523,0.682
829.165,-1.415,1.527,0.683
829.276,-1.402,1.535,0.687
829.387,-1.387,1.546,0.704
829.498,-1.371,1.554,0.739
829.610,-1.348,1.563,0.779
829.720,-1.318,1.574,0.819
829.832,-1.286,1.587,0.859
829.943,-1.258,1.592,0.898
830.054,-1.235,1.594,0.932
830.165,-1.213,1.595,0.962
830.277,-1.188,1.597,0.991
830.387,-1.161,1.597,1.018
830.499,-1.134,1.602,1.033
830.638,-1.103,1.601,1.031
830.749,-1.078,1.602,1.012
830.860,-1.057,1.600,0.984
830.971,-1.040,1.604,0.949
831.082,-1.023,1.610,0.912
831.193,-1.003,1.615,0.879
831.304,-0.987,1.615,0.850
831.416,-0.974,1.611,0.828
831.527,-0.961,1.608,0.811
831.638,-0.946,1.611,0.802
831.749,-0.932,1.608,0.798
831.860,-0.916,1.601,0.804
831.971,-0.898,1.598,0.816
832.081,-0.875,1.602,0.828
832.192,-0.842,1.603,0.841
832.304,-0.805,1.599,0.858
832.415,-0.771,1.590,0.871
832.526,-0.743,1.583,0.880
832.637,-0.716,1.581,0.883
832.749,-0.689,1.576,0.875
832.860,-0.655,1.574,0.862
832.971,-0.620,1.572,0.842
833.082,-0.583,1.577,0.815
833.193,-0.558,1.586,0.785
833.304,-0.547,1.598,0.755
833.415,-0.546,1.605,0.727
833.526,-0.548,1.609,0.709
833.636,-0.550,1.613,0.702
833.747,-0.554,1.615,0.704
833.859,-0.562,1.614,0.703
833.970,-0.570,1.610,0.700
834.081,-0.579,1.602,0.694
834.192,-0.586,1.593,0.686
834.304,-0.591,1.589,0.680
834.415,-0.587,1.589,0.677
834.526,-0.568,1.593,0.678
834.637,-0.538,1.595,0.674
834.748,-0.508,1.596,0.667
834.859,-0.482,1.597,0.662
834.971,-0.459,1.595,0.661
835.082,-0.435,1.595,0.663
835.194,-0.409,1.596,0.674
835.305,-0.381,1.593,0.692
835.416,-0.353,1.589,0.715
835.527,-0.322,1.584,0.745
835.638,-0.288,1.581,0.785
835.749,-0.251,1.587,0.828
835.860,-0.218,1.595,0.867
835.971,-0.190,1.595,0.898
836.082,-0.167,1.597,0.920
836.193,-0.146,1.597,0.935
836.304,-0.124,1.596,0.947
836.415,-0.098,1.595,0.960
836.526,-0.064,1.597,0.974
836.638,-0.027,1.598,0.991
836.749,0.009,1.595,1.008
836.860,0.037,1.590,1.023
836.971,0.059,1.587,1.036
837.082,0.074,1.585,1.045
837.193,0.085,1.583,1.051
837.304,0.092,1.582,1.054
837.415,0.096,1.582,1.054
837.526,0.098,1.581,1.052
837.637,0.098,1.581,1.051
837.749,0.093,1.581,1.050
837.859,0.083,1.583,1.047
837.970,0.065,1.584,1.044
838.082,0.045,1.584,1.037
838.192,0.028,1.585,1.029
838.303,0.014,1.586,1.023
838.415,0.003,1.587,1.019
838.526,-0.005,1.587,1.017
838.637,0.004,1.588,1.015
838.748,0.026,1.585,1.004
838.859,0.045,1.581,0.993
838.971,0.059,1.574,0.988
839.082,0.071,1.570,0.990
839.193,0.083,1.567,0.996
839.305,0.094,1.563,1.005
839.415,0.100,1.558,1.011
839.526,0.105,1.555,1.017
839.637,0.108,1.554,1.023
839.748,0.109,1.553,1.027
839.859,0.109,1.552,1.031
839.971,0.111,1.552,1.035
840.081,0.111,1.551,1.038
840.193,0.111,1.551,1.041
840.304,0.112,1.550,1.046
840.415,0.114,1.549,1.048
840.526,0.115,1.549,1.050
840.637,0.114,1.549,1.051
840.748,0.115,1.550,1.054
840.860,0.115,1.548,1.056
840.971,0.114,1.548,1.059
841.082,0.112,1.547,1.060
841.193,0.114,1.548,1.065
841.304,0.115,1.547,1.073
841.415,0.108,1.550,1.095
841.525,0.083,1.554,1.132
841.637,0.050,1.563,1.175
841.748,0.021,1.563,1.223
841.859,-0.010,1.561,1.282
841.969,-0.042,1.558,1.351
842.081,-0.069,1.575,1.431
842.192,-0.087,1.589,1.508
842.303,-0.100,1.595,1.588
842.414,-0.110,1.596,1.671
842.525,-0.115,1.586,1.759
842.636,-0.119,1.579,1.850
842.748,-0.123,1.591,1.942
842.859,-0.132,1.606,2.033
842.970,-0.147,1.611,2.118
843.082,-0.168,1.608,2.201
843.192,-0.195,1.598,2.282
843.303,-0.230,1.588,2.361
843.415,-0.268,1.595,2.439
843.525,-0.303,1.607,2.517
843.637,-0.329,1.611,2.597
843.748,-0.349,1.608,2.678
843.859,-0.363,1.597,2.762
843.970,-0.373,1.581,2.851
844.081,-0.381,1.571,2.943
844.192,-0.388,1.582,3.043
844.303,-0.397,1.595,3.145
844.414,-0.409,1.601,3.246
844.525,-0.423,1.593,3.346
844.636,-0.438,1.575,3.448
844.748,-0.460,1.564,3.554
844.859,-0.481,1.580,3.661
844.970,-0.492,1.596,3.760
845.081,-0.494,1.602,3.856
845.192,-0.488,1.594,3.945
845.303,-0.473,1.574,4.034
845.415,-0.449,1.560,4.126
845.526,-0.420,1.571,4.221
845.637,-0.393,1.586,4.317
845.749,-0.373,1.584,4.413
845.859,-0.358,1.568,4.508
845.970,-0.343,1.547,4.605
846.080,-0.330,1.524,4.707
846.181,-0.321,1.515,4.804
846.288,-0.309,1.524,4.915
846.400,-0.293,1.536,4.998
846.511,-0.280,1.541,5.056
846.622,-0.273,1.539,5.097
846.733,-0.267,1.538,5.132
846.844,-0.258,1.536,5.159
846.956,-0.237,1.537,5.186
847.066,-0.189,1.526,5.219
847.178,-0.115,1.500,5.273
847.289,-0.031,1.446,5.341
847.401,0.025,1.361,5.388
847.512,0.061,1.286,5.416
847.623,0.082,1.229,5.427
847.734,0.088,1.213,5.429
847.845,0.087,1.233,5.421
847.956,0.080,1.279,5.410
848.067,0.066,1.334,5.398
848.179,0.046,1.389,5.383
848.290,0.024,1.442,5.365
848.402,-0.001,1.480,5.346
848.512,-0.035,1.505,5.322
848.623,-0.066,1.527,5.297
848.734,-0.094,1.534,5.269
848.846,-0.106,1.539,5.243
848.957,-0.094,1.546,5.219
849.068,-0.058,1.548,5.192
849.179,-0.001,1.534,5.159
849.290,0.079,1.509,5.125
849.402,0.183,1.480,5.089
849.512,0.297,1.450,5.047
849.624,0.397,1.430,5.010
849.735,0.465,1.411,4.983
849.846,0.504,1.403,4.967
849.957,0.515,1.418,4.961
850.068,0.502,1.444,4.971
850.179,0.467,1.473,4.994
850.291,0.404,1.508,5.029
850.401,0.313,1.539,5.067
850.513,0.211,1.564,5.101
850.624,0.111,1.583,5.136
850.735,0.020,1.592,5.170
850.846,-0.052,1.598,5.204
850.957,-0.106,1.599,5.235
851.068,-0.146,1.595,5.270
851.180,-0.175,1.587,5.313
851.290,-0.193,1.580,5.361
851.400,-0.201,1.573,5.418
851.512,-0.199,1.571,5.484
851.622,-0.196,1.584,5.555
851.734,-0.196,1.592,5.625
851.844,-0.200,1.593,5.688
851.956,-0.207,1.592,5.753
852.067,-0.218,1.585,5.823
852.177,-0.236,1.580,5.904
852.289,-0.252,1.584,5.997
852.400,-0.266,1.595,6.086
852.512,-0.279,1.597,6.159
852.623,-0.286,1.596,6.215
852.733,-0.290,1.591,6.266
852.842,-0.291,1.581,6.317
852.951,-0.289,1.569,6.371
853.063,-0.276,1.556,6.428
853.175,-0.253,1.547,6.484
853.286,-0.225,1.551,6.538
853.397,-0.199,1.552,6.582
853.509,-0.179,1.552,6.614
853.620,-0.160,1.556,6.637
853.732,-0.141,1.560,6.655
853.842,-0.121,1.559,6.668
853.954,-0.098,1.565,6.671
854.066,-0.073,1.562,6.664
854.177,-0.047,1.556,6.647
854.288,-0.016,1.546,6.621
854.400,0.025,1.533,6.590
854.511,0.070,1.523,6.553
854.623,0.120,1.523,6.509
854.733,0.167,1.540,6.471
854.845,0.205,1.554,6.449
854.956,0.230,1.564,6.441
855.065,0.246,1.574,6.443
855.176,0.255,1.581,6.456
855.286,0.260,1.588,6.478
855.398,0.262,1.592,6.509
855.509,0.259,1.596,6.545
855.620,0.254,1.601,6.580
855.732,0.250,1.602,6.604
855.844,0.248,1.607,6.613
855.955,0.246,1.610,6.608
856.067,0.243,1.611,6.589
856.178,0.240,1.612,6.560
856.289,0.239,1.614,6.523
856.401,0.240,1.614,6.488
856.512,0.244,1.613,6.461
856.623,0.248,1.612,6.449
856.734,0.251,1.609,6.453
856.846,0.250,1.606,6.474
856.956,0.245,1.601,6.509
857.068,0.235,1.591,6.559
857.179,0.223,1.581,6.619
857.290,0.213,1.573,6.685
857.401,0.207,1.563,6.750
857.512,0.207,1.551,6.807
857.622,0.208,1.542,6.859
857.733,0.210,1.533,6.904
857.844,0.211,1.531,6.946
857.956,0.213,1.533,6.981
858.067,0.219,1.541,7.008
858.179,0.231,1.550,7.018
858.289,0.236,1.556,7.016
858.400,0.239,1.553,7.011
858.511,0.238,1.543,7.006
858.622,0.229,1.531,7.000
858.732,0.211,1.522,6.992
858.843,0.185,1.515,6.985
858.955,0.147,1.512,6.983
859.066,0.101,1.504,6.985
859.177,0.059,1.496,6.988
859.289,0.021,1.496,6.998
859.400,-0.007,1.491,7.010
859.511,-0.035,1.490,7.022
859.622,-0.055,1.489,7.032
859.733,-0.070,1.491,7.042
859.844,-0.086,1.494,7.052
859.955,-0.098,1.497,7.059
860.066,-0.107,1.502,7.065
860.177,-0.122,1.515,7.075
860.289,-0.142,1.529,7.093
860.400,-0.173,1.543,7.120
860.511,-0.211,1.551,7.149
860.622,-0.256,1.555,7.175
860.734,-0.306,1.555,7.192
860.842,-0.362,1.551,7.199
860.954,-0.427,1.547,7.197
861.065,-0.500,1.542,7.188
861.176,-0.579,1.540,7.170
861.287,-0.658,1.552,7.150
861.398,-0.733,1.555,7.137
861.510,-0.804,1.551,7.129
861.622,-0.873,1.544,7.122
861.732,-0.942,1.532,7.115
861.844,-1.017,1.522,7.110
861.955,-1.098,1.520,7.106
862.066,-1.183,1.530,7.097
862.177,-1.256,1.540,7.083
862.289,-1.312,1.540,7.057
862.400,-1.355,1.537,7.018
862.511,-1.388,1.527,6.972
862.622,-1.407,1.510,6.913
862.733,-1.413,1.503,6.854
862.844,-1.408,1.489,6.807
862.955,-1.389,1.473,6.776
863.066,-1.362,1.452,6.764
863.177,-1.339,1.419,6.772
863.289,-1.322,1.365,6.786
863.400,-1.316,1.302,6.815
863.511,-1.300,1.226,6.858
863.623,-1.299,1.123,6.905
863.734,-1.306,1.017,6.940
863.845,-1.318,0.915,6.969
863.956,-1.335,0.827,6.990
864.067,-1.361,0.753,7.005
864.178,-1.400,0.700,7.015
864.290,-1.450,0.675,7.023
864.401,-1.512,0.680,7.034
864.512,-1.582,0.692,7.047
864.623,-1.655,0.704,7.056
864.735,-1.730,0.716,7.058
864.845,-1.808,0.713,7.055
864.956,-1.898,0.694,7.042
865.068,-1.989,0.683,7.029
865.179,-2.059,0.680,7.022
865.290,-2.095,0.686,7.014
865.401,-2.107,0.690,7.011
865.512,-2.103,0.693,7.012
865.623,-2.086,0.704,7.011
865.734,-2.054,0.715,7.010
865.845,-2.013,0.717,7.009
865.956,-1.974,0.716,7.006
866.067,-1.943,0.710,7.001
866.179,-1.923,0.702,6.993
866.288,-1.906,0.689,6.989
866.399,-1.894,0.678,6.987
866.510,-1.888,0.665,6.986
866.622,-1.884,0.657,6.981
866.733,-1.885,0.654,6.971
866.845,-1.893,0.649,6.959
866.956,-1.909,0.643,6.944
867.067,-1.939,0.642,6.929
867.178,-1.983,0.653,6.919
867.288,-2.029,0.670,6.923
867.399,-2.074,0.685,6.935
867.511,-2.098,0.692,6.950
867.622,-2.098,0.699,6.952
867.734,-2.073,0.703,6.957
867.844,-2.036,0.697,6.982
867.955,-2.002,0.683,7.009
868.067,-1.968,0.658,7.028
868.178,-1.925,0.646,7.033
868.289,-1.880,0.640,7.026
868.401,-1.844,0.632,7.009
868.512,-1.808,0.636,6.996
868.623,-1.766,0.658,6.999
868.734,-1.725,0.688,7.001
868.846,-1.686,0.717,6.986
868.956,-1.648,0.721,6.959
869.067,-1.604,0.716,6.908
869.179,-1.569,0.712,6.834
869.289,-1.547,0.758,6.771
869.400,-1.542,0.856,6.711
869.511,-1.558,0.974,6.665
869.622,-1.590,1.104,6.634
869.734,-1.638,1.252,6.623
869.845,-1.694,1.387,6.621
869.956,-1.746,1.487,6.626
870.067,-1.799,1.545,6.629
870.177,-1.847,1.567,6.626
870.289,-1.886,1.573,6.616
870.400,-1.916,1.577,6.600
870.511,-1.941,1.583,6.577
870.622,-1.959,1.593,6.544
870.734,-1.969,1.594,6.505
870.845,-1.972,1.590,6.458
870.956,-1.967,1.587,6.399
871.068,-1.957,1.585,6.326
871.178,-1.946,1.593,6.247
871.290,-1.939,1.604,6.167
871.400,-1.936,1.611,6.097
871.511,-1.937,1.615,6.039
871.623,-1.939,1.616,5.992
871.734,-1.944,1.605,5.950
871.845,-1.956,1.594,5.911
871.956,-1.974,1.583,5.876
872.067,-1.995,1.577,5.840
872.178,-2.020,1.582,5.805
872.289,-2.041,1.589,5.776
872.400,-2.063,1.593,5.753
872.511,-2.082,1.593,5.732
872.623,-2.097,1.596,5.713
872.733,-2.111,1.598,5.696
872.845,-2.121,1.597,5.684
872.956,-2.130,1.594,5.677
873.067,-2.138,1.588,5.675
873.178,-2.143,1.582,5.675
873.289,-2.145,1.577,5.678
873.401,-2.144,1.567,5.685
873.511,-2.141,1.554,5.694
873.622,-2.139,1.541,5.697
873.733,-2.137,1.522,5.697
873.845,-2.133,1.505,5.697
873.955,-2.130,1.499,5.695
874.067,-2.129,1.496,5.692
874.178,-2.128,1.495,5.689
874.289,-2.126,1.496,5.690
874.401,-2.122,1.498,5.693
874.512,-2.117,1.500,5.697
874.623,-2.113,1.502,5.701
874.734,-2.109,1.500,5.704
874.845,-2.108,1.497,5.706
874.955,-2.107,1.491,5.707
875.067,-2.108,1.485,5.704
875.177,-2.114,1.480,5.691
875.289,-2.129,1.479,5.666
875.400,-2.146,1.481,5.634
875.511,-2.163,1.496,5.592
875.622,-2.179,1.521,5.546
875.733,-2.191,1.535,5.507
875.845,-2.199,1.539,5.473
875.956,-2.200,1.539,5.441
876.067,-2.195,1.541,5.405
876.178,-2.193,1.546,5.374
876.289,-2.196,1.548,5.350
876.400,-2.206,1.547,5.334
876.511,-2.222,1.545,5.325
876.622,-2.240,1.538,5.320
876.733,-2.258,1.531,5.321
876.845,-2.276,1.530,5.328
876.955,-2.292,1.528,5.341
877.067,-2.304,1.527,5.359
877.178,-2.314,1.526,5.379
877.289,-2.321,1.526,5.397
877.400,-2.328,1.525,5.409
877.511,-2.332,1.523,5.417
877.622,-2.334,1.523,5.421
877.733,-2.337,1.521,5.422
877.844,-2.338,1.520,5.424
877.956,-2.337,1.519,5.424
878.067,-2.335,1.517,5.423
878.178,-2.330,1.517,5.421
878.288,-2.326,1.520,5.416
878.400,-2.322,1.521,5.411
878.511,-2.321,1.522,5.406
878.622,-2.321,1.522,5.401
878.734,-2.323,1.522,5.398
878.845,-2.327,1.521,5.400
878.955,-2.329,1.520,5.404
879.067,-2.331,1.518,5.407
879.179,-2.332,1.517,5.412
879.289,-2.335,1.517,5.415
879.400,-2.338,1.515,5.414
879.512,-2.336,1.513,5.411
879.622,-2.333,1.514,5.407
879.734,-2.331,1.517,5.404
879.845,-2.329,1.520,5.402
879.956,-2.328,1.521,5.401
880.067,-2.326,1.523,5.401
880.178,-2.324,1.523,5.400
880.289,-2.322,1.524,5.398
880.399,-2.316,1.526,5.391
880.511,-2.305,1.534,5.376
880.622,-2.284,1.543,5.345
880.733,-2.253,1.554,5.297
880.844,-2.215,1.567,5.242
880.956,-2.178,1.578,5.192
881.068,-2.148,1.583,5.148
881.178,-2.127,1.589,5.104
881.289,-2.114,1.591,5.059
881.401,-2.108,1.591,5.009
881.512,-2.109,1.592,4.960
881.623,-2.109,1.607,4.907
881.735,-2.107,1.622,4.854
881.845,-2.098,1.623,4.805
881.956,-2.085,1.621,4.758
882.068,-2.064,1.614,4.717
882.179,-2.033,1.599,4.683
882.290,-1.997,1.593,4.652
882.402,-1.966,1.597,4.623
882.512,-1.938,1.597,4.596
882.623,-1.915,1.596,4.568
882.735,-1.896,1.593,4.539
882.846,-1.882,1.590,4.508
882.957,-1.878,1.594,4.475
883.068,-1.883,1.604,4.443
883.179,-1.891,1.611,4.417
883.290,-1.902,1.611,4.398
883.401,-1.913,1.607,4.385
883.512,-1.926,1.608,4.379
883.623,-1.938,1.604,4.377
883.734,-1.945,1.600,4.380
883.845,-1.942,1.596,4.388
883.955,-1.930,1.596,4.404
884.067,-1.913,1.599,4.427
884.178,-1.896,1.602,4.453
884.289,-1.878,1.603,4.477
884.400,-1.859,1.606,4.500
884.512,-1.842,1.608,4.528
884.622,-1.820,1.607,4.558
884.733,-1.788,1.606,4.578
884.845,-1.753,1.602,4.595
884.956,-1.708,1.595,4.607
885.068,-1.656,1.588,4.611
885.179,-1.599,1.592,4.614
885.290,-1.535,1.605,4.616
885.402,-1.477,1.611,4.615
885.512,-1.425,1.611,4.617
885.623,-1.379,1.611,4.621
885.735,-1.335,1.612,4.627
885.846,-1.279,1.604,4.637
885.957,-1.222,1.596,4.648
886.068,-1.171,1.594,4.658
886.179,-1.119,1.593,4.670
886.290,-1.067,1.594,4.684
886.402,-1.010,1.599,4.698
886.513,-0.953,1.598,4.710
886.624,-0.900,1.601,4.716
886.735,-0.848,1.600,4.715
886.846,-0.793,1.596,4.712
886.957,-0.736,1.588,4.704
887.068,-0.678,1.582,4.691
887.179,-0.621,1.593,4.682
887.290,-0.568,1.597,4.675
887.401,-0.521,1.598,4.672
887.513,-0.479,1.591,4.675
887.623,-0.444,1.589,4.686
887.735,-0.412,1.586,4.700
887.846,-0.379,1.583,4.720
887.957,-0.346,1.579,4.742
888.068,-0.315,1.573,4.766
888.175,-0.285,1.578,4.790
888.287,-0.255,1.594,4.816
888.398,-0.226,1.603,4.843
888.509,-0.200,1.606,4.872
888.621,-0.168,1.610,4.902
888.732,-0.130,1.610,4.931
888.843,-0.089,1.610,4.960
888.955,-0.047,1.609,4.985
889.066,-0.010,1.614,5.007
889.177,0.017,1.618,5.028
889.288,0.033,1.613,5.047
889.400,0.039,1.608,5.069
889.512,0.038,1.607,5.098
889.622,0.034,1.604,5.135
889.733,0.025,1.602,5.177
889.845,0.016,1.601,5.220
889.956,0.009,1.597,5.258
890.067,0.006,1.582,5.287
890.178,0.002,1.576,5.309
890.289,-0.004,1.573,5.322
890.400,-0.005,1.568,5.331
890.511,-0.004,1.563,5.339
890.622,-0.006,1.560,5.346
890.734,-0.011,1.558,5.359
890.844,-0.016,1.558,5.378
890.956,-0.018,1.564,5.406
891.067,-0.017,1.565,5.443
891.178,-0.012,1.563,5.487
891.289,-0.006,1.561,5.535
891.400,0.006,1.562,5.586
891.511,0.017,1.581,5.643
891.621,0.030,1.594,5.692
891.732,0.037,1.599,5.732
891.841,0.037,1.602,5.762
891.952,0.029,1.601,5.783
892.064,0.017,1.599,5.801
892.175,0.000,1.598,5.822
892.286,-0.027,1.592,5.849
892.398,-0.063,1.584,5.880
892.509,-0.110,1.575,5.911
892.620,-0.167,1.577,5.944
892.731,-0.222,1.591,5.994
892.843,-0.260,1.591,6.046
892.951,-0.292,1.590,6.093
893.064,-0.323,1.591,6.142
893.175,-0.364,1.585,6.196
893.285,-0.412,1.571,6.252
893.396,-0.461,1.559,6.312
893.509,-0.510,1.571,6.373
893.620,-0.561,1.589,6.427
893.731,-0.616,1.589,6.468
893.843,-0.671,1.585,6.496
893.954,-0.734,1.585,6.514
894.066,-0.805,1.576,6.526
894.176,-0.885,1.567,6.532
894.288,-0.971,1.573,6.533
894.399,-1.050,1.582,6.538
894.511,-1.124,1.586,6.552
894.622,-1.192,1.582,6.571
894.734,-1.262,1.577,6.593
894.844,-1.336,1.571,6.618
894.955,-1.412,1.570,6.639
895.066,-1.494,1.583,6.651
895.178,-1.574,1.603,6.651
895.289,-1.643,1.611,6.642
895.398,-1.703,1.613,6.625
895.510,-1.755,1.610,6.602
895.621,-1.800,1.604,6.568
895.732,-1.843,1.598,6.523
895.843,-1.884,1.596,6.464
895.955,-1.926,1.601,6.398
896.066,-1.965,1.601,6.338
896.177,-1.998,1.596,6.285
896.288,-2.027,1.587,6.241
896.399,-2.057,1.577,6.198
896.510,-2.087,1.565,6.157
896.621,-2.117,1.556,6.115
896.733,-2.153,1.547,6.067
896.844,-2.195,1.540,6.008
896.955,-2.233,1.534,5.943
897.066,-2.261,1.526,5.883
897.177,-2.278,1.514,5.837
897.288,-2.288,1.505,5.802
897.399,-2.296,1.499,5.779
897.510,-2.302,1.494,5.764
897.621,-2.305,1.490,5.755
897.732,-2.307,1.487,5.751
897.844,-2.309,1.485,5.748
897.955,-2.312,1.485,5.747
898.065,-2.315,1.484,5.748
898.177,-2.315,1.484,5.748
898.288,-2.315,1.485,5.748
898.399,-2.314,1.483,5.748
898.510,-2.313,1.483,5.749
898.621,-2.312,1.484,5.750
898.733,-2.311,1.485,5.751
898.843,-2.310,1.485,5.752
898.955,-2.309,1.486,5.754
899.066,-2.308,1.487,5.755
899.178,-2.308,1.488,5.754
899.289,-2.308,1.487,5.754
899.400,-2.308,1.486,5.754
899.511,-2.307,1.487,5.754
899.622,-2.306,1.487,5.754
899.733,-2.305,1.486,5.754
899.845,-2.304,1.486,5.755
899.955,-2.303,1.486,5.757
900.067,-2.304,1.486,5.759
900.177,-2.304,1.486,5.760
900.288,-2.305,1.486,5.760
900.399,-2.306,1.485,5.757
900.511,-2.306,1.483,5.754
900.622,-2.306,1.481,5.749
900.733,-2.306,1.479,5.742
900.841,-2.307,1.473,5.729
900.953,-2.310,1.462,5.709
901.065,-2.316,1.441,5.681
901.176,-2.319,1.412,5.649
901.287,-2.324,1.382,5.616
901.398,-2.330,1.353,5.589
901.510,-2.334,1.327,5.569
901.621,-2.336,1.309,5.556
901.732,-2.338,1.293,5.542
901.844,-2.339,1.277,5.532
901.955,-2.340,1.261,5.524
902.066,-2.342,1.247,5.517
902.177,-2.345,1.230,5.509
902.288,-2.351,1.211,5.503
902.400,-2.360,1.193,5.495
902.511,-2.368,1.175,5.488
902.622,-2.374,1.154,5.485
902.733,-2.376,1.135,5.484
902.844,-2.375,1.117,5.483
902.955,-2.374,1.100,5.482
903.067,-2.374,1.081,5.482
903.178,-2.373,1.082,5.482
903.289,-2.369,1.107,5.482
903.400,-2.365,1.139,5.487
903.511,-2.365,1.164,5.492
903.622,-2.365,1.178,5.497
903.734,-2.369,1.178,5.500
903.845,-2.373,1.167,5.500
903.956,-2.377,1.156,5.504
904.067,-2.379,1.151,5.504
904.178,-2.380,1.148,5.506
904.289,-2.382,1.146,5.508
904.401,-2.382,1.152,5.508
904.511,-2.380,1.157,5.507
904.622,-2.380,1.161,5.509
904.734,-2.380,1.167,5.508
904.845,-2.381,1.169,5.510
904.956,-2.381,1.170,5.508
905.067,-2.381,1.169,5.506
905.179,-2.381,1.170,5.504
905.289,-2.380,1.170,5.501
905.401,-2.379,1.169,5.500
905.511,-2.377,1.170,5.500
905.623,-2.377,1.172,5.500
905.734,-2.377,1.173,5.501
905.846,-2.378,1.173,5.503
905.956,-2.379,1.174,5.505
906.067,-2.380,1.174,5.508
906.179,-2.380,1.174,5.510
906.289,-2.380,1.173,5.511
906.401,-2.379,1.173,5.513
906.512,-2.378,1.173,5.515
906.623,-2.378,1.173,5.516
906.734,-2.379,1.173,5.517
906.845,-2.380,1.175,5.518
906.956,-2.381,1.176,5.518
907.068,-2.382,1.174,5.519
907.179,-2.383,1.175,5.519
907.290,-2.380,1.182,5.517
907.402,-2.375,1.192,5.517
907.512,-2.369,1.215,5.518
907.623,-2.356,1.256,5.523
907.735,-2.324,1.324,5.529
907.845,-2.284,1.398,5.543
907.957,-2.246,1.458,5.558
908.068,-2.209,1.500,5.568
908.179,-2.176,1.531,5.569
908.289,-2.143,1.557,5.561
908.401,-2.109,1.581,5.546
908.512,-2.078,1.599,5.523
908.622,-2.056,1.605,5.489
908.734,-2.039,1.609,5.446
908.845,-2.021,1.610,5.400
908.956,-1.996,1.610,5.353
909.067,-1.968,1.613,5.314
909.179,-1.944,1.620,5.283
909.289,-1.928,1.625,5.264
909.401,-1.912,1.626,5.253
909.512,-1.897,1.623,5.251
909.623,-1.884,1.614,5.257
909.735,-1.877,1.609,5.272
909.846,-1.877,1.607,5.296
909.957,-1.882,1.612,5.324
910.068,-1.892,1.611,5.353
910.179,-1.901,1.606,5.385
910.290,-1.906,1.597,5.419
910.402,-1.903,1.594,5.453
910.513,-1.888,1.592,5.486
910.624,-1.862,1.585,5.520
910.735,-1.823,1.578,5.557
910.846,-1.773,1.576,5.595
910.957,-1.714,1.585,5.632
911.068,-1.654,1.597,5.671
911.179,-1.597,1.601,5.714
911.290,-1.542,1.600,5.760
911.402,-1.485,1.596,5.811
911.513,-1.429,1.582,5.868
911.622,-1.372,1.568,5.931
911.732,-1.314,1.566,6.001
911.844,-1.255,1.577,6.072
911.954,-1.193,1.581,6.135
912.066,-1.128,1.576,6.189
912.177,-1.058,1.568,6.236
912.288,-0.985,1.554,6.280
912.400,-0.905,1.545,6.322
912.511,-0.825,1.557,6.367
912.622,-0.749,1.567,6.410
912.734,-0.678,1.566,6.452
912.845,-0.610,1.564,6.490
912.956,-0.542,1.553,6.529
913.067,-0.474,1.537,6.574
913.179,-0.406,1.529,6.629
913.289,-0.333,1.533,6.685
913.401,-0.263,1.534,6.730
913.512,-0.201,1.529,6.755
913.622,-0.145,1.524,6.769
913.734,-0.092,1.513,6.779
913.845,-0.033,1.501,6.789
913.956,0.033,1.491,6.802
914.067,0.105,1.488,6.811
914.178,0.174,1.493,6.818
914.290,0.236,1.500,6.824
914.401,0.283,1.493,6.829
914.512,0.319,1.487,6.837
914.623,0.347,1.484,6.842
914.733,0.368,1.480,6.841
914.844,0.388,1.478,6.840
914.955,0.405,1.475,6.842
915.067,0.422,1.475,6.845
915.178,0.438,1.477,6.848
915.289,0.446,1.477,6.851
915.400,0.447,1.477,6.855
915.511,0.440,1.477,6.858
915.622,0.433,1.478,6.863
915.733,0.430,1.478,6.868
915.845,0.430,1.476,6.872
915.956,0.438,1.471,6.882
916.067,0.461,1.449,6.902
916.178,0.496,1.387,6.928
916.289,0.531,1.287,6.953
916.400,0.554,1.157,6.974
916.510,0.564,1.016,6.991
916.622,0.567,0.887,7.001
916.733,0.566,0.789,7.004
916.844,0.567,0.722,7.007
916.955,0.566,0.676,7.003
917.066,0.563,0.661,6.996
917.177,0.556,0.650,6.991
917.288,0.552,0.656,6.984
917.399,0.554,0.705,6.983
917.510,0.552,0.806,6.986
917.622,0.542,0.939,6.978
917.734,0.520,1.090,6.963
917.845,0.483,1.242,6.939
917.956,0.427,1.369,6.916
918.068,0.358,1.457,6.896
918.179,0.287,1.518,6.879
918.290,0.223,1.557,6.863
918.401,0.166,1.573,6.851
918.512,0.116,1.584,6.836
918.623,0.070,1.585,6.818
918.734,0.031,1.583,6.796
918.845,-0.004,1.582,6.766
918.956,-0.040,1.576,6.733
919.067,-0.074,1.575,6.702
919.178,-0.097,1.575,6.678
919.290,-0.109,1.575,6.657
919.401,-0.114,1.570,6.636
919.512,-0.115,1.563,6.614
919.623,-0.112,1.559,6.592
919.734,-0.102,1.551,6.570
919.845,-0.081,1.541,6.549
919.956,-0.049,1.535,6.526
920.068,-0.003,1.531,6.504
920.179,0.055,1.526,6.482
920.291,0.115,1.523,6.462
920.401,0.165,1.522,6.447
920.512,0.200,1.521,6.434
920.623,0.222,1.519,6.426
920.734,0.241,1.518,6.418
920.842,0.258,1.516,6.410
920.953,0.273,1.514,6.403
921.065,0.295,1.508,6.393
921.176,0.334,1.487,6.375
921.287,0.402,1.448,6.346
921.399,0.476,1.379,6.310
921.510,0.539,1.289,6.278
921.621,0.580,1.198,6.257
921.732,0.604,1.118,6.247
921.843,0.615,1.063,6.245
921.954,0.617,1.037,6.246
922.065,0.613,1.039,6.248
922.177,0.609,1.060,6.247
922.288,0.603,1.075,6.246
922.399,0.599,1.074,6.244
922.510,0.596,1.060,6.241
922.621,0.597,1.042,6.239
922.732,0.600,1.024,6.239
922.843,0.603,1.009,6.238
922.955,0.607,1.003,6.238
923.066,0.612,1.002,6.237
923.178,0.617,1.003,6.234
923.289,0.622,1.000,6.231
923.400,0.629,0.995,6.228
923.511,0.636,0.990,6.227
923.622,0.645,0.983,6.227
923.734,0.654,0.976,6.231
923.845,0.662,0.969,6.234
923.955,0.669,0.959,6.237
924.067,0.673,0.944,6.237
924.178,0.676,0.929,6.236
924.289,0.677,0.917,6.234
924.400,0.678,0.910,6.230
924.512,0.678,0.906,6.227
924.622,0.677,0.902,6.223
924.733,0.677,0.900,6.219
924.845,0.675,0.898,6.216
924.956,0.673,0.899,6.213
925.067,0.671,0.901,6.210
925.178,0.669,0.900,6.207
925.289,0.666,0.889,6.203
925.400,0.661,0.868,6.197
925.511,0.655,0.845,6.189
925.622,0.652,0.826,6.182
925.734,0.652,0.819,6.179
925.845,0.656,0.830,6.175
925.956,0.659,0.848,6.175
926.067,0.658,0.869,6.181
926.178,0.656,0.898,6.192
926.289,0.649,0.945,6.207
926.401,0.640,1.038,6.223
926.512,0.617,1.160,6.243
926.623,0.573,1.290,6.269
926.734,0.512,1.395,6.293
926.846,0.447,1.481,6.306
926.956,0.377,1.532,6.320
927.067,0.310,1.564,6.330
927.179,0.248,1.584,6.339
927.290,0.193,1.595,6.346
927.396,0.145,1.602,6.352
927.505,0.103,1.605,6.354
927.617,0.061,1.603,6.350
927.729,0.018,1.602,6.342
927.841,-0.027,1.602,6.331
927.952,-0.075,1.601,6.316
928.063,-0.116,1.604,6.296
928.174,-0.149,1.604,6.269
928.285,-0.187,1.597,6.235
928.396,-0.228,1.587,6.193
928.507,-0.272,1.578,6.142
928.619,-0.314,1.571,6.085
928.729,-0.359,1.582,6.023
928.841,-0.412,1.605,5.969
928.952,-0.463,1.613,5.932
929.063,-0.517,1.620,5.902
929.174,-0.577,1.621,5.882
929.286,-0.645,1.612,5.865
929.398,-0.723,1.605,5.848
929.509,-0.805,1.614,5.835
929.620,-0.884,1.626,5.821
929.731,-0.956,1.631,5.804
929.842,-1.020,1.630,5.785
929.954,-1.078,1.624,5.769
930.065,-1.138,1.615,5.753
930.177,-1.195,1.611,5.735
930.287,-1.253,1.622,5.712
930.398,-1.309,1.630,5.691
930.510,-1.358,1.631,5.676
930.621,-1.395,1.636,5.669
930.732,-1.420,1.637,5.664
930.843,-1.440,1.635,5.665
930.954,-1.453,1.635,5.669
931.066,-1.461,1.635,5.673
931.177,-1.465,1.633,5.676
931.288,-1.466,1.632,5.677
931.400,-1.466,1.632,5.677
931.511,-1.465,1.631,5.675
931.622,-1.464,1.630,5.673
931.733,-1.462,1.630,5.671
931.844,-1.460,1.630,5.669
931.955,-1.457,1.630,5.666
932.067,-1.455,1.630,5.664
932.178,-1.453,1.629,5.662
932.289,-1.451,1.628,5.661
932.400,-1.449,1.628,5.660
932.511,-1.447,1.628,5.659
932.622,-1.446,1.627,5.658
932.733,-1.445,1.625,5.659
932.845,-1.444,1.625,5.661
932.956,-1.443,1.626,5.665
933.067,-1.442,1.625,5.667
933.178,-1.441,1.625,5.674
933.289,-1.440,1.626,5.689
933.400,-1.436,1.625,5.706
933.511,-1.430,1.621,5.723
933.622,-1.424,1.619,5.736
933.734,-1.419,1.616,5.749
933.844,-1.411,1.614,5.761
933.956,-1.405,1.612,5.771
934.067,-1.397,1.611,5.780
934.178,-1.389,1.610,5.787
934.289,-1.381,1.609,5.793
934.400,-1.371,1.609,5.796
934.512,-1.362,1.610,5.799
934.623,-1.353,1.609,5.801
934.734,-1.350,1.610,5.804
934.845,-1.356,1.612,5.808
934.957,-1.373,1.614,5.811
935.067,-1.397,1.615,5.814
935.179,-1.426,1.615,5.811
935.289,-1.457,1.613,5.801
935.400,-1.488,1.611,5.783
935.511,-1.514,1.605,5.757
935.623,-1.537,1.603,5.727
935.734,-1.563,1.598,5.697
935.845,-1.594,1.590,5.669
935.956,-1.629,1.583,5.643
936.068,-1.669,1.580,5.620
936.179,-1.713,1.585,5.596
936.290,-1.760,1.596,5.578
936.401,-1.805,1.601,5.565
936.511,-1.850,1.599,5.558
936.623,-1.897,1.601,5.556
936.734,-1.952,1.598,5.559
936.845,-2.016,1.590,5.567
936.957,-2.089,1.578,5.581
937.068,-2.170,1.565,5.599
937.178,-2.246,1.573,5.615
937.289,-2.312,1.588,5.627
937.401,-2.369,1.596,5.636
937.512,-2.413,1.597,5.638
937.623,-2.450,1.596,5.637
937.735,-2.481,1.594,5.639
937.845,-2.508,1.596,5.639
937.955,-2.534,1.601,5.637
938.067,-2.557,1.603,5.636
938.177,-2.574,1.602,5.633
938.283,-2.589,1.599,5.629
938.384,-2.600,1.598,5.622
938.493,-2.608,1.597,5.610
938.604,-2.613,1.598,5.596
938.715,-2.621,1.595,5.579
938.827,-2.626,1.599,5.557
938.937,-2.619,1.606,5.532
939.049,-2.603,1.609,5.511
939.161,-2.587,1.602,5.498
939.270,-2.576,1.599,5.490
939.382,-2.573,1.599,5.484
939.494,-2.579,1.598,5.480
939.606,-2.593,1.595,5.478
939.717,-2.612,1.593,5.476
939.827,-2.631,1.594,5.473
939.938,-2.651,1.595,5.470
940.050,-2.668,1.598,5.469
940.161,-2.681,1.598,5.467
940.273,-2.689,1.598,5.465
940.384,-2.693,1.598,5.462
940.495,-2.697,1.599,5.458
940.606,-2.703,1.600,5.456
940.717,-2.708,1.600,5.454
940.828,-2.714,1.599,5.453
940.940,-2.719,1.598,5.453
941.051,-2.724,1.597,5.454
941.163,-2.729,1.596,5.454
941.274,-2.733,1.596,5.455
941.385,-2.735,1.595,5.455
941.497,-2.739,1.594,5.455
941.608,-2.743,1.593,5.456
941.719,-2.747,1.593,5.456
941.831,-2.751,1.593,5.456
941.942,-2.754,1.592,5.456
942.053,-2.756,1.591,5.456
942.165,-2.751,1.593,5.454
942.276,-2.733,1.597,5.448
942.386,-2.694,1.600,5.437
942.497,-2.638,1.604,5.422
942.607,-2.570,1.602,5.402
942.719,-2.496,1.601,5.378
942.830,-2.422,1.606,5.351
942.941,-2.357,1.608,5.323
943.053,-2.300,1.607,5.293
943.164,-2.250,1.604,5.259
943.276,-2.208,1.599,5.217
943.387,-2.170,1.593,5.167
943.498,-2.135,1.593,5.111
943.610,-2.100,1.604,5.055
943.720,-2.063,1.609,5.004
943.831,-2.023,1.610,4.960
943.943,-1.983,1.608,4.920
944.053,-1.937,1.603,4.878
944.165,-1.886,1.594,4.830
944.276,-1.829,1.591,4.773
944.387,-1.773,1.604,4.716
944.498,-1.724,1.615,4.660
944.609,-1.682,1.616,4.601
944.720,-1.649,1.617,4.540
944.831,-1.619,1.611,4.476
944.943,-1.596,1.597,4.407
945.053,-1.576,1.591,4.331
945.165,-1.557,1.602,4.251
945.276,-1.537,1.614,4.172
945.387,-1.514,1.618,4.093
945.498,-1.492,1.616,4.015
945.609,-1.470,1.607,3.935
945.720,-1.442,1.593,3.851
945.831,-1.411,1.588,3.767
945.942,-1.380,1.603,3.682
946.053,-1.359,1.610,3.603
946.164,-1.346,1.608,3.528
946.275,-1.342,1.602,3.455
946.387,-1.348,1.590,3.380
946.498,-1.363,1.578,3.302
946.609,-1.382,1.582,3.221
946.720,-1.399,1.598,3.136
946.831,-1.410,1.603,3.054
946.942,-1.415,1.605,2.980
947.054,-1.414,1.602,2.910
947.165,-1.407,1.592,2.843
947.276,-1.395,1.582,2.777
947.386,-1.383,1.587,2.714
947.498,-1.376,1.595,2.663
947.609,-1.371,1.594,2.624
947.720,-1.368,1.589,2.596
947.831,-1.366,1.585,2.575
947.942,-1.367,1.583,2.562
948.053,-1.369,1.581,2.555
948.165,-1.370,1.579,2.549
948.276,-1.371,1.577,2.551
948.387,-1.370,1.577,2.555
948.498,-1.370,1.575,2.560
948.609,-1.369,1.575,2.564
948.721,-1.368,1.577,2.566
948.831,-1.367,1.575,2.567
948.943,-1.364,1.576,2.568
949.054,-1.361,1.576,2.569
949.165,-1.359,1.576,2.569
949.276,-1.358,1.577,2.569
949.387,-1.357,1.577,2.568
949.499,-1.355,1.577,2.567
949.609,-1.355,1.575,2.566
949.720,-1.356,1.575,2.566
949.832,-1.358,1.575,2.563
949.943,-1.361,1.574,2.562
950.053,-1.362,1.574,2.562
950.165,-1.362,1.575,2.564
950.276,-1.362,1.575,2.564
950.387,-1.360,1.575,2.563
950.498,-1.358,1.575,2.562
950.609,-1.356,1.575,2.560
950.720,-1.353,1.575,2.559
950.831,-1.352,1.575,2.556
950.943,-1.350,1.573,2.556
951.053,-1.348,1.573,2.559
951.165,-1.347,1.574,2.562
951.276,-1.345,1.575,2.563
951.387,-1.345,1.576,2.565
951.499,-1.345,1.578,2.567
951.609,-1.347,1.576,2.567
951.720,-1.348,1.575,2.570
951.829,-1.348,1.578,2.572
951.941,-1.351,1.575,2.575
952.052,-1.354,1.576,2.577
952.163,-1.356,1.576,2.579
952.274,-1.358,1.578,2.578
952.385,-1.363,1.576,2.580
952.497,-1.367,1.579,2.580
952.608,-1.372,1.580,2.583
952.719,-1.378,1.584,2.583
952.831,-1.382,1.590,2.581
952.942,-1.386,1.591,2.580
953.053,-1.389,1.590,2.581
953.164,-1.390,1.586,2.583
953.275,-1.392,1.581,2.587
953.386,-1.394,1.584,2.582
953.497,-1.400,1.583,2.574
953.608,-1.405,1.579,2.569
953.719,-1.410,1.574,2.569
953.831,-1.416,1.574,2.571
953.942,-1.420,1.580,2.565
954.053,-1.425,1.583,2.558
954.165,-1.431,1.584,2.551
954.276,-1.439,1.586,2.542
954.387,-1.452,1.584,2.533
954.498,-1.465,1.588,2.522
954.608,-1.477,1.592,2.509
954.720,-1.486,1.590,2.500
954.831,-1.492,1.587,2.495
954.942,-1.494,1.585,2.492
955.053,-1.495,1.583,2.490
955.164,-1.494,1.583,2.490
955.275,-1.493,1.582,2.491
955.386,-1.492,1.581,2.492
955.497,-1.491,1.580,2.495
955.609,-1.490,1.580,2.498
955.720,-1.489,1.581,2.501
955.832,-1.488,1.581,2.503
955.942,-1.487,1.582,2.505
956.053,-1.486,1.582,2.506
956.165,-1.484,1.581,2.506
956.275,-1.482,1.581,2.506
956.387,-1.481,1.581,2.505
956.498,-1.479,1.581,2.504
956.609,-1.477,1.581,2.501
956.720,-1.477,1.581,2.498
956.831,-1.477,1.581,2.494
956.942,-1.477,1.581,2.491
957.053,-1.478,1.581,2.488
957.164,-1.478,1.581,2.485
957.276,-1.478,1.581,2.483
957.387,-1.478,1.580,2.480
957.498,-1.478,1.579,2.478
957.609,-1.479,1.579,2.475
957.720,-1.483,1.579,2.473
957.831,-1.495,1.581,2.474
957.943,-1.512,1.584,2.479
958.053,-1.526,1.586,2.480
958.165,-1.538,1.587,2.479
958.276,-1.550,1.588,2.484
958.387,-1.552,1.590,2.493
958.497,-1.546,1.594,2.498
958.609,-1.532,1.590,2.508
958.720,-1.508,1.587,2.519
958.831,-1.482,1.589,2.533
958.943,-1.457,1.590,2.556
959.054,-1.438,1.589,2.593
959.164,-1.426,1.588,2.636
959.276,-1.424,1.584,2.684
959.387,-1.428,1.583,2.731
959.498,-1.435,1.584,2.777
959.609,-1.445,1.578,2.820
959.719,-1.453,1.576,2.860
959.831,-1.461,1.576,2.891
959.942,-1.468,1.576,2.917
960.053,-1.475,1.578,2.937
960.164,-1.482,1.579,2.955
960.276,-1.487,1.578,2.969
960.387,-1.490,1.579,2.980
960.498,-1.491,1.581,2.984
960.609,-1.491,1.582,2.985
960.720,-1.492,1.580,2.981
960.830,-1.493,1.578,2.970
960.943,-1.492,1.575,2.955
961.052,-1.487,1.574,2.941
961.164,-1.482,1.575,2.929
961.275,-1.477,1.569,2.922
961.386,-1.474,1.568,2.916
961.497,-1.472,1.571,2.912
961.608,-1.470,1.571,2.907
961.719,-1.469,1.568,2.904
961.830,-1.465,1.565,2.902
961.941,-1.462,1.564,2.904
962.053,-1.460,1.564,2.907
962.164,-1.458,1.563,2.911
962.275,-1.457,1.562,2.913
962.386,-1.456,1.562,2.915
962.497,-1.458,1.562,2.916
962.608,-1.458,1.562,2.916
962.720,-1.459,1.562,2.917
962.831,-1.459,1.562,2.918
962.942,-1.456,1.562,2.918
963.053,-1.450,1.565,2.919
963.164,-1.445,1.564,2.920
963.275,-1.441,1.563,2.922
963.386,-1.438,1.563,2.923
963.498,-1.435,1.563,2.924
963.609,-1.432,1.562,2.923
963.720,-1.431,1.561,2.921
963.831,-1.430,1.561,2.918
963.942,-1.429,1.560,2.917
964.053,-1.428,1.561,2.918
964.165,-1.427,1.561,2.917
964.275,-1.428,1.559,2.914
964.387,-1.432,1.558,2.911
964.498,-1.438,1.556,2.910
964.609,-1.447,1.556,2.912
964.720,-1.456,1.554,2.916
964.831,-1.464,1.556,2.919
964.942,-1.471,1.558,2.922
965.053,-1.475,1.559,2.924
965.165,-1.476,1.559,2.925
965.276,-1.477,1.559,2.925
965.387,-1.476,1.558,2.925
965.497,-1.474,1.558,2.928
965.609,-1.474,1.559,2.930
965.720,-1.475,1.558,2.930
965.831,-1.475,1.558,2.928
965.942,-1.474,1.558,2.927
966.053,-1.471,1.558,2.927
966.165,-1.469,1.559,2.928
966.276,-1.470,1.557,2.928
966.386,-1.470,1.557,2.927
966.498,-1.469,1.558,2.925
966.609,-1.468,1.557,2.923
966.720,-1.467,1.557,2.921
966.831,-1.464,1.557,2.919
966.942,-1.459,1.556,2.918
967.053,-1.456,1.557,2.917
967.165,-1.454,1.557,2.916
967.276,-1.454,1.557,2.914
967.387,-1.454,1.558,2.913
967.498,-1.454,1.557,2.911
967.609,-1.454,1.557,2.909
967.720,-1.454,1.555,2.906
967.831,-1.453,1.554,2.906
967.942,-1.453,1.553,2.905
968.051,-1.454,1.553,2.903
968.162,-1.454,1.553,2.902
968.273,-1.454,1.551,2.901
968.384,-1.454,1.550,2.900
968.495,-1.455,1.551,2.900
968.607,-1.457,1.551,2.898
968.717,-1.459,1.550,2.895
968.829,-1.460,1.551,2.893
968.940,-1.461,1.552,2.890
969.051,-1.462,1.552,2.889
969.163,-1.462,1.552,2.887
969.274,-1.463,1.552,2.888
969.385,-1.465,1.552,2.891
969.497,-1.467,1.555,2.892
969.606,-1.468,1.557,2.888
969.717,-1.469,1.557,2.885
969.829,-1.470,1.558,2.884
969.940,-1.472,1.557,2.885
970.051,-1.475,1.558,2.880
970.162,-1.478,1.558,2.875
970.274,-1.481,1.558,2.869
970.384,-1.485,1.559,2.862
970.496,-1.489,1.560,2.853
970.607,-1.491,1.560,2.840
970.718,-1.492,1.559,2.823
970.829,-1.490,1.559,2.802
970.941,-1.485,1.559,2.780
971.052,-1.477,1.559,2.755
971.163,-1.469,1.560,2.730
971.274,-1.462,1.561,2.709
971.385,-1.456,1.563,2.691
971.496,-1.454,1.564,2.676
971.607,-1.453,1.564,2.664
971.718,-1.454,1.564,2.655
971.829,-1.455,1.563,2.649
971.941,-1.457,1.561,2.644
972.052,-1.459,1.561,2.641
972.163,-1.460,1.563,2.637
972.275,-1.460,1.563,2.634
972.386,-1.461,1.563,2.630
972.497,-1.460,1.564,2.628
972.609,-1.453,1.569,2.626
972.720,-1.442,1.575,2.626
972.831,-1.435,1.578,2.632
972.942,-1.433,1.580,2.643
973.053,-1.435,1.579,2.659
973.164,-1.442,1.580,2.680
973.276,-1.455,1.576,2.708
973.387,-1.470,1.576,2.739
973.498,-1.485,1.578,2.772
973.609,-1.494,1.579,2.806
973.720,-1.498,1.586,2.839
973.831,-1.494,1.589,2.872
973.942,-1.485,1.590,2.902
974.053,-1.475,1.589,2.928
974.165,-1.467,1.588,2.949
974.276,-1.462,1.592,2.961
974.387,-1.465,1.589,2.971
974.498,-1.475,1.589,2.976
974.609,-1.487,1.587,2.976
974.720,-1.498,1.584,2.971
974.831,-1.509,1.580,2.964
974.942,-1.517,1.577,2.960
975.053,-1.519,1.573,2.959
975.165,-1.520,1.573,2.956
975.276,-1.521,1.575,2.953
975.387,-1.522,1.577,2.950
975.498,-1.525,1.579,2.948
975.609,-1.527,1.580,2.948
975.720,-1.529,1.582,2.948
975.831,-1.531,1.585,2.947
975.942,-1.535,1.586,2.947
976.053,-1.535,1.585,2.947
976.165,-1.532,1.585,2.948
976.276,-1.526,1.584,2.950
976.387,-1.519,1.584,2.950
976.498,-1.517,1.582,2.948
976.609,-1.516,1.581,2.946
976.720,-1.515,1.582,2.945
976.832,-1.518,1.584,2.945
976.943,-1.517,1.584,2.947
977.053,-1.516,1.582,2.950
977.165,-1.515,1.579,2.951
977.276,-1.511,1.577,2.952
977.387,-1.506,1.575,2.953
977.498,-1.498,1.575,2.953
977.609,-1.491,1.574,2.954
977.720,-1.487,1.572,2.956
977.831,-1.488,1.569,2.955
977.943,-1.495,1.565,2.952
978.053,-1.502,1.559,2.951
978.164,-1.510,1.555,2.950
978.276,-1.514,1.555,2.948
978.386,-1.515,1.555,2.946
978.496,-1.514,1.556,2.942
978.608,-1.515,1.556,2.938
978.718,-1.518,1.555,2.934
978.830,-1.522,1.553,2.931
978.941,-1.526,1.552,2.928
979.052,-1.529,1.552,2.924
979.163,-1.532,1.551,2.921
979.274,-1.538,1.552,2.915
979.385,-1.543,1.553,2.907
979.497,-1.551,1.552,2.904
979.608,-1.558,1.554,2.905
979.719,-1.566,1.553,2.909
979.831,-1.566,1.555,2.912
979.941,-1.562,1.556,2.915
980.053,-1.555,1.559,2.916
980.164,-1.550,1.562,2.917
980.275,-1.552,1.563,2.915
980.386,-1.555,1.563,2.907
980.497,-1.557,1.563,2.898
980.607,-1.559,1.561,2.891
980.719,-1.558,1.559,2.891
980.825,-1.555,1.561,2.895
980.938,-1.548,1.565,2.898
981.049,-1.540,1.571,2.897
981.160,-1.530,1.572,2.893
981.272,-1.517,1.572,2.883
981.383,-1.496,1.573,2.867
981.494,-1.469,1.576,2.843
981.605,-1.439,1.579,2.815
981.716,-1.408,1.592,2.788
981.828,-1.377,1.605,2.765
981.939,-1.348,1.615,2.745
982.050,-1.321,1.622,2.728
982.161,-1.297,1.629,2.711
982.273,-1.274,1.636,2.696
982.384,-1.252,1.640,2.682
982.495,-1.232,1.641,2.669
982.606,-1.214,1.641,2.655
982.718,-1.201,1.640,2.643
982.829,-1.190,1.637,2.636
982.940,-1.183,1.635,2.636
983.051,-1.180,1.631,2.646
983.162,-1.185,1.628,2.666
983.273,-1.204,1.622,2.693
983.384,-1.232,1.618,2.725
983.496,-1.263,1.612,2.765
983.607,-1.299,1.602,2.808
983.718,-1.333,1.591,2.852
983.829,-1.356,1.592,2.896
983.940,-1.369,1.600,2.941
984.051,-1.376,1.604,2.990
984.163,-1.379,1.606,3.050
984.275,-1.382,1.608,3.120
984.385,-1.384,1.612,3.189
984.497,-1.382,1.609,3.261
984.609,-1.377,1.604,3.344
984.719,-1.366,1.608,3.438
984.831,-1.352,1.642,3.531
984.942,-1.346,1.676,3.599
985.053,-1.338,1.680,3.650
985.164,-1.334,1.667,3.693
985.264,-1.321,1.655,3.714
985.372,-1.307,1.641,3.728
985.484,-1.300,1.631,3.735
985.595,-1.301,1.620,3.736
985.706,-1.309,1.609,3.732
985.817,-1.319,1.602,3.718
985.928,-1.327,1.597,3.697
986.040,-1.334,1.597,3.672
986.151,-1.338,1.600,3.641
986.262,-1.333,1.602,3.597
986.373,-1.325,1.603,3.535
986.485,-1.321,1.604,3.464
986.596,-1.327,1.605,3.395
986.707,-1.334,1.604,3.336
986.817,-1.333,1.603,3.288
986.929,-1.323,1.604,3.241
987.040,-1.309,1.612,3.192
987.150,-1.297,1.620,3.145
987.261,-1.295,1.626,3.100
987.372,-1.302,1.632,3.056
987.483,-1.320,1.632,3.011
987.594,-1.348,1.630,2.965
987.706,-1.383,1.630,2.920
987.817,-1.418,1.639,2.878
987.928,-1.449,1.644,2.842
988.040,-1.475,1.645,2.813
988.151,-1.494,1.644,2.792
988.261,-1.508,1.640,2.781
988.372,-1.515,1.634,2.780
988.483,-1.512,1.625,2.790
988.594,-1.504,1.611,2.810
988.705,-1.494,1.601,2.841
988.816,-1.486,1.590,2.876
988.927,-1.486,1.581,2.909
989.038,-1.489,1.575,2.938
989.149,-1.492,1.571,2.964
989.261,-1.493,1.566,2.986
989.371,-1.495,1.562,3.001
989.483,-1.496,1.558,3.011
989.593,-1.498,1.557,3.016
989.705,-1.498,1.556,3.018
989.816,-1.497,1.556,3.020
989.927,-1.498,1.557,3.019
990.039,-1.502,1.557,3.016
990.149,-1.506,1.558,3.011
990.260,-1.508,1.559,3.007
990.372,-1.513,1.560,3.005
990.483,-1.516,1.561,3.002
990.594,-1.520,1.560,2.999
990.705,-1.522,1.559,2.997
990.817,-1.524,1.559,2.995
990.927,-1.525,1.558,2.994
991.039,-1.524,1.557,2.993
991.149,-1.523,1.557,2.992
991.260,-1.520,1.558,2.993
991.372,-1.516,1.561,2.992
991.483,-1.508,1.569,2.987
991.593,-1.494,1.580,2.980
991.703,-1.475,1.592,2.971
991.815,-1.454,1.598,2.971
991.926,-1.434,1.612,2.986
992.038,-1.424,1.618,3.018
992.150,-1.426,1.617,3.071
992.262,-1.440,1.613,3.144
992.373,-1.470,1.613,3.232
992.484,-1.512,1.627,3.320
992.595,-1.552,1.652,3.388
992.706,-1.593,1.664,3.429
992.817,-1.624,1.671,3.453
992.928,-1.643,1.665,3.468
993.038,-1.656,1.661,3.482
993.149,-1.659,1.652,3.490
993.260,-1.654,1.646,3.491
993.371,-1.647,1.643,3.487
993.483,-1.637,1.640,3.479
993.594,-1.621,1.635,3.465
993.705,-1.594,1.630,3.442
993.817,-1.557,1.625,3.396
993.928,-1.521,1.621,3.317
994.039,-1.500,1.619,3.214
994.151,-1.506,1.612,3.107
994.262,-1.528,1.604,3.019
994.373,-1.544,1.604,2.956
994.483,-1.554,1.612,2.906
994.594,-1.561,1.614,2.865
994.705,-1.559,1.615,2.827
994.816,-1.549,1.614,2.786
994.927,-1.534,1.616,2.740
995.038,-1.520,1.625,2.692
995.150,-1.511,1.630,2.651
995.262,-1.509,1.630,2.621
995.371,-1.513,1.627,2.606
995.483,-1.525,1.624,2.607
995.594,-1.539,1.622,2.621
995.705,-1.552,1.621,2.645
995.816,-1.564,1.618,2.669
995.928,-1.572,1.620,2.684
996.037,-1.576,1.622,2.687
996.148,-1.575,1.624,2.682
996.259,-1.570,1.624,2.677
996.370,-1.567,1.621,2.679
996.481,-1.567,1.619,2.688
996.593,-1.569,1.620,2.701
996.705,-1.571,1.620,2.718
996.816,-1.575,1.626,2.737
996.927,-1.577,1.630,2.756
997.039,-1.582,1.633,2.780
997.150,-1.594,1.643,2.811
997.261,-1.606,1.654,2.858
997.373,-1.615,1.658,2.906
997.483,-1.619,1.658,2.953
997.594,-1.613,1.656,2.997
997.706,-1.600,1.651,3.035
997.817,-1.578,1.641,3.066
997.928,-1.555,1.629,3.097
998.040,-1.533,1.606,3.130
998.150,-1.517,1.575,3.159
998.261,-1.513,1.550,3.176
998.372,-1.524,1.538,3.191
998.483,-1.550,1.524,3.211
998.595,-1.580,1.501,3.230
998.705,-1.622,1.485,3.251
998.816,-1.669,1.479,3.276
998.927,-1.719,1.466,3.299
999.039,-1.781,1.431,3.316
999.150,-1.848,1.349,3.341
999.261,-1.923,1.225,3.382
999.372,-1.984,1.074,3.432
999.484,-2.021,0.918,3.483
999.594,-2.045,0.798,3.526
999.706,-2.060,0.737,3.559
999.817,-2.069,0.758,3.589
999.928,-2.074,0.836,3.619
1000.039,-2.067,0.950,3.655
1000.150,-2.045,1.084,3.699
1000.261,-2.008,1.216,3.750
1000.372,-1.962,1.340,3.801
1000.483,-1.904,1.442,3.839
1000.594,-1.848,1.511,3.871
1000.705,-1.809,1.551,3.911
1000.812,-1.786,1.566,3.965
1000.924,-1.775,1.563,4.038
1001.035,-1.776,1.558,4.127
1001.146,-1.785,1.572,4.230
1001.258,-1.791,1.591,4.337
1001.369,-1.785,1.602,4.445
1001.481,-1.768,1.603,4.550
1001.592,-1.744,1.589,4.657
1001.703,-1.717,1.587,4.762
1001.814,-1.698,1.607,4.864
1001.925,-1.688,1.618,4.955
1002.035,-1.690,1.617,5.037
1002.146,-1.702,1.605,5.112
1002.257,-1.725,1.594,5.181
1002.368,-1.750,1.590,5.247
1002.479,-1.778,1.603,5.308
1002.591,-1.799,1.611,5.364
1002.702,-1.819,1.609,5.414
1002.813,-1.840,1.605,5.459
1002.924,-1.863,1.602,5.502
1003.035,-1.888,1.597,5.541
1003.148,-1.917,1.588,5.578
1003.258,-1.952,1.584,5.610
1003.370,-1.988,1.576,5.634
1003.481,-2.023,1.564,5.649
1003.592,-2.051,1.552,5.644
1003.703,-2.065,1.543,5.622
1003.814,-2.065,1.540,5.583
1003.925,-2.049,1.544,5.528
1004.037,-2.015,1.558,5.454
1004.148,-1.965,1.573,5.375
1004.260,-1.917,1.588,5.303
1004.371,-1.880,1.596,5.235
1004.482,-1.854,1.601,5.165
1004.594,-1.836,1.602,5.092
1004.704,-1.826,1.598,5.016
1004.816,-1.824,1.596,4.938
1004.927,-1.827,1.607,4.855
1005.038,-1.825,1.619,4.768
1005.149,-1.815,1.623,4.681
1005.261,-1.798,1.621,4.597
1005.372,-1.772,1.611,4.515
1005.483,-1.737,1.604,4.431
1005.594,-1.693,1.611,4.348
1005.706,-1.649,1.623,4.266
1005.816,-1.614,1.626,4.186
1005.927,-1.588,1.625,4.109
1006.039,-1.568,1.615,4.036
1006.150,-1.557,1.601,3.964
1006.260,-1.553,1.594,3.891
1006.372,-1.550,1.603,3.814
1006.483,-1.544,1.615,3.741
1006.595,-1.535,1.615,3.675
1006.706,-1.525,1.617,3.618
1006.817,-1.515,1.616,3.565
1006.928,-1.503,1.608,3.517
1007.040,-1.488,1.600,3.471
1007.150,-1.470,1.598,3.424
1007.261,-1.452,1.608,3.377
1007.372,-1.434,1.615,3.333
1007.484,-1.418,1.623,3.294
1007.594,-1.406,1.628,3.262
1007.705,-1.397,1.625,3.238
1007.817,-1.391,1.628,3.217
1007.928,-1.389,1.628,3.202
1008.039,-1.391,1.634,3.187
1008.150,-1.396,1.637,3.173
1008.262,-1.405,1.637,3.158
1008.373,-1.414,1.636,3.142
1008.484,-1.425,1.635,3.128
1008.596,-1.437,1.630,3.119
1008.706,-1.445,1.628,3.110
1008.817,-1.450,1.626,3.104
1008.928,-1.455,1.622,3.100
1009.040,-1.458,1.615,3.098
1009.150,-1.459,1.608,3.097
1009.261,-1.461,1.604,3.097
1009.373,-1.465,1.602,3.097
1009.483,-1.470,1.600,3.102
1009.595,-1.471,1.605,3.110
1009.706,-1.473,1.616,3.119
1009.817,-1.474,1.623,3.127
1009.928,-1.475,1.628,3.125
1010.040,-1.474,1.631,3.112
1010.151,-1.467,1.631,3.093
1010.262,-1.457,1.629,3.075
1010.373,-1.443,1.621,3.058
1010.484,-1.431,1.615,3.041
1010.595,-1.425,1.611,3.022
1010.706,-1.426,1.609,2.994
1010.817,-1.431,1.615,2.951
1010.928,-1.440,1.615,2.902
1011.039,-1.448,1.621,2.855
1011.151,-1.452,1.630,2.818
1011.262,-1.448,1.633,2.791
1011.374,-1.447,1.629,2.778
1011.484,-1.446,1.623,2.782
1011.595,-1.446,1.614,2.797
1011.705,-1.446,1.606,2.818
1011.815,-1.447,1.601,2.839
1011.927,-1.448,1.602,2.856
1012.039,-1.449,1.605,2.866
1012.150,-1.451,1.605,2.869
1012.261,-1.452,1.606,2.865
1012.372,-1.450,1.608,2.854
1012.483,-1.448,1.609,2.840
1012.594,-1.446,1.612,2.824
1012.706,-1.443,1.614,2.807
1012.817,-1.441,1.616,2.791
1012.928,-1.440,1.615,2.776
1013.039,-1.439,1.614,2.762
1013.150,-1.439,1.612,2.751
1013.261,-1.439,1.611,2.741
1013.372,-1.441,1.610,2.737
1013.483,-1.443,1.605,2.743
1013.594,-1.446,1.601,2.754
1013.706,-1.448,1.597,2.770
1013.816,-1.451,1.595,2.791
1013.928,-1.450,1.596,2.820
1014.039,-1.446,1.593,2.858
1014.150,-1.441,1.590,2.899
1014.262,-1.437,1.593,2.939
1014.373,-1.438,1.597,2.973
1014.483,-1.442,1.597,3.002
1014.595,-1.449,1.598,3.025
1014.706,-1.457,1.602,3.041
1014.817,-1.467,1.609,3.051
1014.928,-1.477,1.611,3.059
1015.040,-1.485,1.613,3.064
1015.150,-1.490,1.613,3.068
1015.262,-1.494,1.612,3.071
1015.373,-1.497,1.612,3.072
1015.484,-1.499,1.611,3.073
1015.595,-1.502,1.611,3.073
1015.706,-1.504,1.611,3.072
1015.817,-1.506,1.610,3.072
1015.928,-1.507,1.611,3.073
1016.040,-1.508,1.611,3.074
1016.150,-1.508,1.611,3.075
1016.262,-1.508,1.611,3.076
1016.374,-1.509,1.611,3.075
1016.484,-1.509,1.611,3.074
1016.595,-1.509,1.611,3.074
1016.706,-1.509,1.611,3.074
1016.817,-1.509,1.611,3.075
1016.928,-1.509,1.610,3.075
1017.040,-1.510,1.610,3.076
1017.150,-1.511,1.610,3.076
1017.262,-1.513,1.611,3.077
1017.373,-1.514,1.611,3.076
1017.483,-1.515,1.610,3.076
1017.595,-1.516,1.611,3.077
1017.706,-1.517,1.612,3.078
1017.817,-1.518,1.612,3.078
1017.928,-1.519,1.612,3.078
1018.040,-1.520,1.613,3.078
1018.150,-1.522,1.613,3.079
1018.262,-1.524,1.613,3.079
1018.373,-1.526,1.613,3.079
1018.484,-1.528,1.612,3.080
1018.595,-1.529,1.612,3.080
1018.707,-1.530,1.613,3.080
1018.817,-1.530,1.613,3.081
1018.929,-1.531,1.613,3.082
1019.040,-1.531,1.613,3.082
1019.151,-1.530,1.613,3.084
1019.262,-1.529,1.613,3.085
1019.373,-1.529,1.612,3.086
1019.484,-1.529,1.612,3.087
1019.595,-1.529,1.611,3.087
1019.706,-1.529,1.611,3.088
1019.817,-1.529,1.610,3.089
1019.928,-1.529,1.611,3.091
1020.039,-1.530,1.612,3.093
1020.151,-1.530,1.612,3.094
1020.262,-1.530,1.613,3.096
1020.373,-1.531,1.614,3.097
1020.484,-1.531,1.614,3.099
1020.595,-1.531,1.615,3.100
1020.706,-1.532,1.615,3.102
1020.814,-1.532,1.615,3.104
1020.927,-1.532,1.615,3.106
1021.038,-1.532,1.616,3.107
1021.149,-1.532,1.615,3.107
1021.261,-1.532,1.614,3.106
1021.371,-1.532,1.614,3.106
1021.482,-1.532,1.613,3.106
1021.594,-1.533,1.613,3.106
1021.705,-1.533,1.613,3.105
1021.816,-1.534,1.613,3.104
1021.928,-1.535,1.612,3.104
1022.039,-1.537,1.612,3.103
1022.150,-1.538,1.612,3.103
1022.261,-1.540,1.611,3.103
1022.373,-1.541,1.611,3.102
1022.483,-1.542,1.611,3.102
1022.594,-1.542,1.611,3.101
1022.706,-1.542,1.611,3.099
1022.817,-1.542,1.611,3.098
1022.928,-1.542,1.610,3.096
1023.040,-1.542,1.609,3.094
1023.150,-1.539,1.609,3.093
1023.261,-1.536,1.608,3.092
1023.372,-1.531,1.607,3.090
1023.483,-1.524,1.606,3.089
1023.595,-1.517,1.605,3.087
1023.706,-1.511,1.604,3.085
1023.817,-1.504,1.604,3.081
1023.928,-1.498,1.604,3.077
1024.039,-1.493,1.604,3.073
1024.150,-1.487,1.603,3.068
1024.261,-1.481,1.602,3.064
1024.373,-1.475,1.603,3.058
1024.485,-1.469,1.601,3.054
1024.595,-1.463,1.601,3.052
1024.706,-1.456,1.601,3.049
1024.817,-1.449,1.600,3.048
1024.928,-1.442,1.599,3.049
1025.040,-1.436,1.599,3.050
1025.151,-1.430,1.597,3.051
1025.261,-1.426,1.593,3.052
1025.373,-1.422,1.594,3.049
1025.484,-1.418,1.589,3.042
1025.595,-1.414,1.580,3.034
1025.707,-1.413,1.575,3.024
1025.817,-1.413,1.576,3.008
1025.929,-1.411,1.578,2.989
1026.039,-1.404,1.582,2.965
1026.150,-1.396,1.585,2.937
1026.261,-1.388,1.587,2.912
1026.372,-1.381,1.589,2.890
1026.483,-1.375,1.591,2.871
1026.594,-1.370,1.595,2.851
1026.705,-1.366,1.598,2.830
1026.816,-1.363,1.600,2.808
1026.927,-1.360,1.600,2.789
1027.039,-1.359,1.599,2.773
1027.150,-1.358,1.600,2.759
1027.261,-1.358,1.602,2.747
1027.373,-1.358,1.605,2.734
1027.484,-1.359,1.608,2.721
1027.595,-1.361,1.610,2.710
1027.706,-1.362,1.611,2.701
1027.817,-1.363,1.612,2.692
1027.928,-1.362,1.612,2.684
1028.039,-1.358,1.612,2.675
1028.151,-1.351,1.614,2.665
1028.262,-1.341,1.615,2.656
1028.372,-1.328,1.619,2.650
1028.483,-1.310,1.623,2.650
1028.595,-1.292,1.623,2.661
1028.706,-1.278,1.618,2.688
1028.817,-1.268,1.616,2.731
1028.928,-1.261,1.612,2.785
1029.039,-1.258,1.608,2.845
1029.151,-1.259,1.604,2.905
1029.262,-1.265,1.598,2.959
1029.373,-1.274,1.589,3.004
1029.484,-1.284,1.584,3.036
1029.595,-1.294,1.582,3.057
1029.706,-1.304,1.579,3.069
1029.817,-1.314,1.574,3.078
1029.928,-1.324,1.571,3.082
1030.039,-1.333,1.570,3.082
1030.150,-1.340,1.572,3.076
1030.261,-1.345,1.574,3.066
1030.373,-1.348,1.576,3.052
1030.484,-1.351,1.574,3.036
1030.595,-1.354,1.572,3.017
1030.707,-1.357,1.571,2.995
1030.817,-1.360,1.569,2.972
1030.929,-1.362,1.568,2.950
1031.040,-1.364,1.566,2.928
1031.150,-1.364,1.563,2.909
1031.261,-1.364,1.560,2.893
1031.373,-1.363,1.557,2.879
1031.483,-1.362,1.555,2.868
1031.595,-1.361,1.553,2.858
1031.706,-1.361,1.551,2.849
1031.817,-1.360,1.549,2.840
1031.928,-1.358,1.548,2.832
1032.039,-1.355,1.550,2.824
1032.151,-1.352,1.551,2.822
1032.262,-1.351,1.550,2.826
1032.373,-1.349,1.550,2.834
1032.484,-1.349,1.551,2.843
1032.595,-1.349,1.552,2.852
1032.706,-1.349,1.552,2.858
1032.818,-1.350,1.553,2.862
1032.928,-1.350,1.555,2.865
1033.040,-1.348,1.558,2.867
1033.150,-1.346,1.559,2.869
1033.261,-1.345,1.559,2.866
1033.372,-1.346,1.558,2.858
1033.483,-1.349,1.558,2.845
1033.594,-1.353,1.556,2.829
1033.706,-1.357,1.553,2.813
1033.816,-1.361,1.548,2.800
1033.929,-1.364,1.544,2.793
1034.039,-1.366,1.542,2.790
1034.150,-1.366,1.542,2.790
1034.261,-1.364,1.541,2.792
1034.373,-1.361,1.542,2.793
1034.484,-1.357,1.542,2.794
1034.595,-1.353,1.543,2.796
1034.706,-1.347,1.543,2.797
1034.817,-1.341,1.543,2.798
1034.928,-1.334,1.543,2.798
1035.039,-1.327,1.544,2.797
1035.150,-1.320,1.544,2.796
1035.262,-1.312,1.545,2.795
1035.373,-1.304,1.545,2.795
1035.484,-1.297,1.546,2.795
1035.595,-1.289,1.546,2.796
1035.706,-1.282,1.547,2.798
1035.817,-1.277,1.547,2.799
1035.928,-1.275,1.547,2.799
1036.040,-1.275,1.548,2.797
1036.151,-1.277,1.548,2.792
1036.262,-1.281,1.547,2.786
1036.373,-1.286,1.545,2.781
1036.484,-1.293,1.543,2.777
1036.595,-1.301,1.546,2.773
1036.706,-1.307,1.550,2.768
1036.817,-1.314,1.554,2.761
1036.929,-1.323,1.555,2.753
1037.040,-1.335,1.554,2.744
1037.150,-1.348,1.551,2.736
1037.262,-1.363,1.547,2.728
1037.373,-1.379,1.544,2.720
1037.484,-1.395,1.542,2.712
1037.596,-1.409,1.539,2.705
1037.707,-1.423,1.537,2.700
1037.818,-1.437,1.535,2.695
1037.928,-1.447,1.535,2.695
1038.040,-1.450,1.538,2.705
1038.151,-1.446,1.546,2.723
1038.262,-1.433,1.555,2.749
1038.373,-1.419,1.562,2.783
1038.484,-1.409,1.563,2.824
1038.595,-1.399,1.560,2.870
1038.706,-1.390,1.561,2.917
1038.818,-1.383,1.566,2.961
1038.929,-1.379,1.567,2.998
1039.040,-1.375,1.569,3.026
1039.151,-1.371,1.570,3.045
1039.262,-1.367,1.572,3.059
1039.373,-1.364,1.572,3.066
1039.484,-1.362,1.572,3.070
1039.595,-1.361,1.570,3.069
1039.707,-1.360,1.572,3.060
1039.818,-1.360,1.572,3.044
1039.929,-1.360,1.575,3.019
1040.040,-1.361,1.577,2.986
1040.151,-1.361,1.576,2.950
1040.262,-1.358,1.578,2.915
1040.370,-1.354,1.576,2.885
1040.482,-1.348,1.575,2.865
1040.593,-1.344,1.576,2.853
1040.704,-1.343,1.578,2.849
1040.814,-1.347,1.579,2.853
1040.927,-1.354,1.578,2.860
1041.038,-1.364,1.578,2.868
1041.149,-1.375,1.579,2.873
1041.260,-1.388,1.579,2.876
1041.371,-1.400,1.579,2.879
1041.482,-1.413,1.579,2.880
1041.593,-1.424,1.578,2.881
1041.704,-1.433,1.577,2.883
1041.816,-1.440,1.577,2.885
1041.927,-1.446,1.577,2.886
1042.038,-1.449,1.579,2.885
1042.149,-1.453,1.579,2.882
1042.260,-1.457,1.579,2.880
1042.371,-1.460,1.579,2.877
1042.482,-1.462,1.578,2.875
1042.593,-1.463,1.578,2.873
1042.706,-1.464,1.576,2.871
1042.816,-1.466,1.576,2.870
1042.927,-1.468,1.576,2.870
1043.039,-1.471,1.575,2.869
1043.149,-1.473,1.575,2.870
1043.260,-1.474,1.576,2.869
1043.369,-1.475,1.576,2.868
1043.480,-1.476,1.576,2.865
1043.592,-1.476,1.575,2.862
1043.703,-1.476,1.576,2.859
1043.814,-1.475,1.575,2.857
1043.926,-1.473,1.576,2.854
1044.037,-1.470,1.575,2.853
1044.148,-1.464,1.575,2.854
1044.260,-1.452,1.577,2.853
1044.371,-1.435,1.578,2.853
1044.482,-1.419,1.579,2.852
1044.593,-1.404,1.581,2.850
1044.704,-1.390,1.583,2.844
1044.815,-1.378,1.584,2.839
1044.926,-1.369,1.584,2.832
1045.038,-1.363,1.583,2.827
1045.149,-1.360,1.582,2.824
1045.260,-1.359,1.581,2.823
1045.371,-1.360,1.580,2.823
1045.482,-1.360,1.580,2.823
1045.593,-1.362,1.579,2.823
1045.705,-1.362,1.578,2.822
1045.817,-1.363,1.576,2.822
1045.927,-1.364,1.575,2.821
1046.039,-1.367,1.575,2.821
1046.150,-1.368,1.575,2.820
1046.261,-1.370,1.575,2.820
1046.373,-1.370,1.575,2.819
1046.483,-1.370,1.575,2.816
1046.594,-1.371,1.574,2.814
1046.705,-1.372,1.573,2.813
1046.817,-1.373,1.573,2.812
1046.928,-1.375,1.571,2.811
1047.039,-1.377,1.571,2.810
1047.150,-1.380,1.570,2.810
1047.262,-1.382,1.571,2.810
1047.372,-1.383,1.571,2.811
1047.483,-1.384,1.572,2.811
1047.594,-1.384,1.572,2.812
1047.706,-1.381,1.574,2.811
1047.816,-1.378,1.574,2.808
1047.928,-1.376,1.574,2.806
1048.039,-1.374,1.575,2.803
1048.149,-1.372,1.575,2.802
1048.261,-1.370,1.574,2.801
1048.373,-1.370,1.574,2.801
1048.473,-1.370,1.574,2.801
1048.580,-1.371,1.574,2.802
1048.692,-1.372,1.573,2.803
1048.803,-1.373,1.573,2.804
1048.914,-1.375,1.573,2.808
1049.026,-1.375,1.573,2.815
1049.136,-1.371,1.575,2.827
1049.248,-1.361,1.577,2.849
1049.359,-1.343,1.574,2.881
1049.470,-1.318,1.570,2.919
1049.581,-1.292,1.569,2.956
1049.692,-1.267,1.566,2.984
1049.803,-1.242,1.567,3.000
1049.914,-1.214,1.566,3.002
1050.026,-1.182,1.564,2.985
1050.137,-1.150,1.563,2.951
1050.248,-1.118,1.567,2.908
1050.359,-1.086,1.580,2.861
1050.471,-1.052,1.583,2.815
1050.581,-1.015,1.582,2.770
1050.693,-0.972,1.580,2.725
1050.803,-0.921,1.574,2.680
1050.915,-0.865,1.573,2.634
1051.026,-0.805,1.583,2.584
1051.137,-0.752,1.590,2.531
1051.248,-0.709,1.585,2.475
1051.359,-0.677,1.576,2.417
1051.471,-0.650,1.564,2.355
1051.582,-0.631,1.550,2.289
1051.693,-0.617,1.546,2.217
1051.801,-0.605,1.555,2.143
1051.913,-0.591,1.558,2.072
1052.024,-0.577,1.560,2.008
1052.135,-0.560,1.561,1.948
1052.246,-0.536,1.558,1.887
1052.357,-0.498,1.555,1.823
1052.469,-0.456,1.560,1.752
1052.580,-0.417,1.573,1.679
1052.692,-0.385,1.579,1.606
1052.803,-0.362,1.580,1.533
1052.914,-0.343,1.576,1.458
1053.025,-0.324,1.566,1.384
1053.136,-0.305,1.561,1.311
1053.248,-0.283,1.573,1.241
1053.359,-0.256,1.584,1.182
1053.470,-0.222,1.585,1.138
1053.581,-0.185,1.579,1.107
1053.692,-0.142,1.571,1.090
1053.803,-0.095,1.571,1.080
1053.915,-0.055,1.577,1.077
1054.026,-0.019,1.581,1.077
1054.137,0.008,1.582,1.073
1054.248,0.023,1.579,1.065
1054.359,0.033,1.575,1.054
1054.470,0.039,1.577,1.042
1054.581,0.046,1.583,1.030
1054.692,0.053,1.586,1.019
1054.803,0.059,1.588,1.010
1054.915,0.063,1.589,1.004
1055.026,0.068,1.588,1.000
1055.137,0.072,1.588,0.996
1055.249,0.077,1.587,0.993
1055.359,0.082,1.587,0.991
1055.470,0.086,1.587,0.989
1055.581,0.090,1.586,0.987
1055.692,0.091,1.586,0.985
1055.803,0.092,1.586,0.983
1055.915,0.092,1.586,0.980
1056.026,0.092,1.586,0.977
1056.137,0.092,1.586,0.975
1056.248,0.093,1.587,0.974
1056.359,0.096,1.587,0.974
1056.471,0.099,1.586,0.974
1056.581,0.101,1.585,0.974
1056.693,0.103,1.584,0.975
1056.804,0.105,1.585,0.977
1056.915,0.107,1.584,0.980
1057.026,0.110,1.583,0.982
1057.137,0.113,1.583,0.984
1057.248,0.116,1.582,0.985
1057.360,0.119,1.582,0.986
1057.471,0.122,1.582,0.988
1057.583,0.126,1.581,0.988
1057.693,0.129,1.581,0.988
1057.805,0.132,1.581,0.988
1057.915,0.135,1.583,0.988
1058.026,0.137,1.583,0.989
1058.138,0.137,1.581,0.986
1058.248,0.139,1.586,0.975
1058.360,0.138,1.591,0.942
1058.471,0.117,1.594,0.897
1058.582,0.085,1.590,0.856
1058.693,0.052,1.587,0.815
1058.794,0.019,1.585,0.777
1058.900,-0.021,1.584,0.737
1059.012,-0.054,1.583,0.709
1059.123,-0.073,1.589,0.693
1059.235,-0.088,1.591,0.680
1059.346,-0.104,1.592,0.676
1059.458,-0.113,1.593,0.679
1059.568,-0.119,1.597,0.686
1059.679,-0.117,1.596,0.696
1059.790,-0.111,1.596,0.704
1059.901,-0.103,1.598,0.711
1060.012,-0.095,1.602,0.716
1060.123,-0.089,1.605,0.718
1060.234,-0.087,1.608,0.720
1060.345,-0.086,1.611,0.724
1060.456,-0.086,1.615,0.730
1060.567,-0.086,1.619,0.736
1060.678,-0.085,1.623,0.741
1060.790,-0.084,1.626,0.745
1060.901,-0.082,1.629,0.748
1061.010,-0.078,1.630,0.749
1061.122,-0.073,1.636,0.749
1061.233,-0.064,1.643,0.750
1061.345,-0.051,1.653,0.753
1061.455,-0.038,1.659,0.756
1061.566,-0.031,1.664,0.760
1061.678,-0.032,1.657,0.769
1061.788,-0.050,1.646,0.783
1061.899,-0.077,1.626,0.798
1062.011,-0.115,1.603,0.823
1062.122,-0.161,1.580,0.857
1062.234,-0.208,1.557,0.893
1062.345,-0.239,1.556,0.921
1062.456,-0.254,1.566,0.941
1062.567,-0.267,1.571,0.951
1062.679,-0.281,1.565,0.951
1062.790,-0.295,1.556,0.941
1062.901,-0.308,1.552,0.917
1063.012,-0.315,1.549,0.878
1063.123,-0.315,1.543,0.826
1063.234,-0.309,1.546,0.766
1063.345,-0.303,1.550,0.708
1063.456,-0.300,1.550,0.658
1063.568,-0.303,1.549,0.621
1063.679,-0.309,1.551,0.596
1063.791,-0.316,1.551,0.584
1063.901,-0.323,1.555,0.579
1064.013,-0.329,1.562,0.577
1064.124,-0.335,1.563,0.577
1064.235,-0.340,1.564,0.576
1064.346,-0.343,1.566,0.574
1064.457,-0.348,1.565,0.573
1064.569,-0.353,1.566,0.571
1064.680,-0.358,1.566,0.570
1064.791,-0.362,1.566,0.568
1064.902,-0.366,1.565,0.566
1065.013,-0.368,1.566,0.562
1065.125,-0.370,1.565,0.558
1065.235,-0.372,1.565,0.555
1065.347,-0.374,1.564,0.553
1065.458,-0.375,1.564,0.550
1065.569,-0.377,1.563,0.546
1065.680,-0.377,1.562,0.541
1065.791,-0.372,1.560,0.534
1065.902,-0.364,1.558,0.528
1066.013,-0.353,1.559,0.526
1066.125,-0.346,1.560,0.527
1066.235,-0.347,1.563,0.528
1066.346,-0.362,1.569,0.539
1066.458,-0.390,1.576,0.559
1066.568,-0.429,1.578,0.589
1066.679,-0.476,1.580,0.623
1066.790,-0.528,1.578,0.662
1066.901,-0.587,1.579,0.702
1067.012,-0.647,1.579,0.739
1067.124,-0.708,1.583,0.764
1067.234,-0.772,1.583,0.777
1067.345,-0.840,1.577,0.779
1067.457,-0.914,1.564,0.771
1067.568,-0.996,1.554,0.750
1067.679,-1.084,1.564,0.715
1067.790,-1.165,1.578,0.677
1067.901,-1.238,1.581,0.646
1068.013,-1.307,1.580,0.617
1068.124,-1.377,1.572,0.591
1068.235,-1.452,1.562,0.564
1068.346,-1.535,1.555,0.533
1068.457,-1.623,1.556,0.490
1068.569,-1.703,1.562,0.439
1068.680,-1.757,1.552,0.392
1068.791,-1.788,1.536,0.358
1068.902,-1.796,1.524,0.343
1069.012,-1.783,1.522,0.341
1069.124,-1.750,1.526,0.351
1069.234,-1.700,1.532,0.377
1069.346,-1.652,1.539,0.409
1069.457,-1.609,1.545,0.439
1069.568,-1.574,1.548,0.462
1069.678,-1.553,1.548,0.476
1069.789,-1.548,1.546,0.480
1069.901,-1.568,1.545,0.476
1070.012,-1.609,1.544,0.462
1070.123,-1.662,1.539,0.439
1070.234,-1.714,1.529,0.408
1070.345,-1.751,1.515,0.381
1070.446,-1.759,1.505,0.367
1070.553,-1.733,1.506,0.362
1070.665,-1.688,1.514,0.377
1070.776,-1.636,1.523,0.404
1070.887,-1.575,1.525,0.435
1070.998,-1.501,1.526,0.464
1071.109,-1.430,1.525,0.485
1071.220,-1.376,1.526,0.501
1071.331,-1.350,1.529,0.519
1071.442,-1.351,1.534,0.543
1071.553,-1.376,1.543,0.574
1071.665,-1.424,1.554,0.614
1071.771,-1.482,1.561,0.664
1071.884,-1.560,1.565,0.743
1071.996,-1.624,1.562,0.818
1072.107,-1.682,1.555,0.892
1072.218,-1.732,1.547,0.964
1072.329,-1.773,1.536,1.029
1072.440,-1.805,1.529,1.080
1072.552,-1.827,1.526,1.116
1072.662,-1.840,1.524,1.137
1072.773,-1.844,1.522,1.148
1072.885,-1.844,1.521,1.151
1072.996,-1.842,1.520,1.149
1073.107,-1.841,1.522,1.143
1073.219,-1.840,1.524,1.137
1073.331,-1.840,1.524,1.130
1073.441,-1.842,1.525,1.117
1073.552,-1.843,1.525,1.095
1073.664,-1.842,1.527,1.068
1073.775,-1.838,1.532,1.031
1073.887,-1.825,1.531,0.982
1073.998,-1.805,1.529,0.924
1074.109,-1.777,1.532,0.856
1074.220,-1.751,1.534,0.782
1074.331,-1.733,1.535,0.709
1074.443,-1.725,1.535,0.644
1074.554,-1.730,1.532,0.584
1074.665,-1.743,1.531,0.525
1074.776,-1.757,1.524,0.466
1074.888,-1.763,1.521,0.411
1074.999,-1.759,1.527,0.367
1075.109,-1.756,1.530,0.340
1075.221,-1.755,1.531,0.324
1075.332,-1.753,1.535,0.319
1075.443,-1.747,1.538,0.323
1075.553,-1.733,1.542,0.334
1075.665,-1.711,1.547,0.354
1075.776,-1.683,1.549,0.387
1075.887,-1.654,1.549,0.435
1075.999,-1.626,1.546,0.492
1076.110,-1.604,1.551,0.549
1076.221,-1.596,1.562,0.602
1076.332,-1.601,1.572,0.652
1076.443,-1.621,1.574,0.705
1076.554,-1.649,1.571,0.764
1076.665,-1.677,1.569,0.823
1076.776,-1.707,1.567,0.876
1076.888,-1.741,1.562,0.929
1076.999,-1.772,1.556,0.982
1077.109,-1.805,1.554,1.033
1077.220,-1.837,1.551,1.078
1077.332,-1.867,1.546,1.115
1077.442,-1.892,1.539,1.143
1077.553,-1.912,1.533,1.159
1077.665,-1.928,1.528,1.164
1077.776,-1.937,1.521,1.163
1077.887,-1.941,1.516,1.160
1077.998,-1.942,1.511,1.147
1078.109,-1.936,1.511,1.128
1078.220,-1.921,1.513,1.102
1078.331,-1.892,1.519,1.069
1078.443,-1.840,1.533,1.027
1078.554,-1.759,1.552,0.978
1078.665,-1.658,1.566,0.935
1078.776,-1.558,1.574,0.902
1078.888,-1.471,1.578,0.874
1078.999,-1.396,1.580,0.842
1079.110,-1.332,1.576,0.805
1079.221,-1.273,1.564,0.760
1079.333,-1.218,1.549,0.705
1079.443,-1.163,1.539,0.639
1079.555,-1.107,1.542,0.560
1079.666,-1.051,1.549,0.487
1079.776,-1.001,1.548,0.435
1079.888,-0.962,1.547,0.408
1079.999,-0.936,1.548,0.407
1080.110,-0.924,1.549,0.430
1080.221,-0.922,1.554,0.475
1080.332,-0.928,1.559,0.531
1080.443,-0.940,1.566,0.586
1080.555,-0.963,1.576,0.635
1080.666,-0.993,1.588,0.676
1080.777,-1.029,1.595,0.715
1080.886,-1.075,1.595,0.754
1080.998,-1.129,1.595,0.793
1081.109,-1.193,1.588,0.833
1081.220,-1.264,1.583,0.875
1081.332,-1.330,1.578,0.912
1081.443,-1.390,1.576,0.936
1081.554,-1.442,1.574,0.947
1081.665,-1.489,1.570,0.939
1081.776,-1.531,1.568,0.917
1081.888,-1.569,1.563,0.880
1081.999,-1.605,1.562,0.829
1082.110,-1.644,1.571,0.769
1082.221,-1.683,1.578,0.710
1082.331,-1.725,1.578,0.655
1082.443,-1.769,1.573,0.604
1082.554,-1.815,1.564,0.555
1082.665,-1.864,1.553,0.508
1082.776,-1.915,1.544,0.457
1082.887,-1.949,1.529,0.414
1082.998,-1.961,1.520,0.385
1083.110,-1.952,1.520,0.369
1083.221,-1.919,1.525,0.369
1083.332,-1.873,1.538,0.387
1083.443,-1.820,1.552,0.419
1083.554,-1.761,1.561,0.461
1083.665,-1.691,1.569,0.509
1083.776,-1.613,1.574,0.559
1083.887,-1.538,1.580,0.601
1083.998,-1.466,1.583,0.630
1084.109,-1.396,1.584,0.648
1084.221,-1.325,1.580,0.656
1084.332,-1.250,1.570,0.655
1084.443,-1.170,1.564,0.643
1084.555,-1.083,1.568,0.622
1084.665,-0.995,1.577,0.599
1084.776,-0.911,1.576,0.581
1084.888,-0.830,1.571,0.570
1084.999,-0.743,1.561,0.564
1085.110,-0.643,1.549,0.561
1085.221,-0.525,1.546,0.564
1085.332,-0.396,1.551,0.567
1085.443,-0.282,1.554,0.569
1085.555,-0.196,1.552,0.567
1085.666,-0.143,1.548,0.563
1085.777,-0.119,1.550,0.556
1085.888,-0.128,1.559,0.545
1085.999,-0.170,1.572,0.537
1086.110,-0.239,1.582,0.539
1086.222,-0.328,1.591,0.551
1086.333,-0.431,1.591,0.575
1086.444,-0.535,1.588,0.610
1086.555,-0.625,1.584,0.649
1086.666,-0.704,1.585,0.680
1086.776,-0.777,1.582,0.702
1086.888,-0.846,1.572,0.713
1086.999,-0.918,1.561,0.711
1087.110,-0.995,1.552,0.696
1087.221,-1.083,1.557,0.667
1087.333,-1.170,1.569,0.639
1087.443,-1.252,1.573,0.618
1087.555,-1.331,1.574,0.604
1087.666,-1.412,1.568,0.591
1087.777,-1.500,1.559,0.577
1087.888,-1.594,1.558,0.557
1087.999,-1.688,1.570,0.526
1088.110,-1.767,1.571,0.488
1088.221,-1.822,1.557,0.447
1088.333,-1.842,1.542,0.413
1088.443,-1.827,1.538,0.393
1088.554,-1.783,1.545,0.390
1088.665,-1.712,1.558,0.410
1088.777,-1.631,1.569,0.453
1088.888,-1.546,1.575,0.508
1088.999,-1.463,1.575,0.564
1089.110,-1.388,1.576,0.610
1089.221,-1.317,1.580,0.645
1089.333,-1.249,1.578,0.669
1089.443,-1.180,1.570,0.681
1089.554,-1.107,1.558,0.683
1089.666,-1.025,1.549,0.674
1089.777,-0.936,1.550,0.657
1089.888,-0.845,1.568,0.640
1089.999,-0.761,1.578,0.628
1090.110,-0.684,1.580,0.619
1090.221,-0.607,1.574,0.612
1090.332,-0.525,1.562,0.607
1090.443,-0.434,1.559,0.604
1090.555,-0.337,1.565,0.600
1090.666,-0.253,1.572,0.593
1090.777,-0.191,1.573,0.584
1090.888,-0.150,1.572,0.576
1090.999,-0.130,1.573,0.568
1091.110,-0.133,1.575,0.563
1091.222,-0.157,1.579,0.563
1091.333,-0.204,1.585,0.568
1091.444,-0.271,1.590,0.578
1091.555,-0.354,1.593,0.596
1091.666,-0.444,1.594,0.627
1091.777,-0.530,1.591,0.665
1091.888,-0.603,1.589,0.699
1091.999,-0.669,1.588,0.723
1092.110,-0.732,1.583,0.741
1092.221,-0.795,1.576,0.753
1092.332,-0.863,1.567,0.759
1092.443,-0.936,1.560,0.759
1092.554,-1.014,1.571,0.753
1092.665,-1.093,1.587,0.751
1092.776,-1.168,1.590,0.757
1092.888,-1.234,1.587,0.770
1092.999,-1.294,1.581,0.787
1093.110,-1.350,1.572,0.812
1093.221,-1.408,1.562,0.841
1093.332,-1.472,1.553,0.875
1093.443,-1.545,1.559,0.914
1093.554,-1.617,1.568,0.950
1093.665,-1.684,1.570,0.981
1093.776,-1.746,1.563,1.006
1093.887,-1.804,1.556,1.025
1093.998,-1.854,1.546,1.039
1094.109,-1.891,1.538,1.050
1094.221,-1.918,1.530,1.057
1094.332,-1.938,1.526,1.060
1094.443,-1.951,1.521,1.061
1094.554,-1.965,1.515,1.061
1094.665,-1.977,1.510,1.055
1094.776,-1.980,1.510,1.035
1094.887,-1.963,1.513,0.998
1094.999,-1.912,1.529,0.944
1095.109,-1.824,1.552,0.891
1095.221,-1.710,1.574,0.856
1095.332,-1.588,1.587,0.836
1095.444,-1.471,1.589,0.824
1095.555,-1.366,1.587,0.817
1095.666,-1.277,1.591,0.808
1095.777,-1.200,1.590,0.795
1095.888,-1.132,1.584,0.774
1095.999,-1.068,1.572,0.743
1096.110,-1.005,1.559,0.699
1096.221,-0.936,1.552,0.637
1096.333,-0.857,1.563,0.559
1096.444,-0.780,1.571,0.489
1096.555,-0.710,1.571,0.438
1096.666,-0.665,1.559,0.404
1096.777,-0.647,1.553,0.396
1096.888,-0.643,1.560,0.416
1097.000,-0.650,1.568,0.462
1097.110,-0.668,1.574,0.525
1097.222,-0.700,1.571,0.597
1097.332,-0.739,1.577,0.664
1097.443,-0.779,1.586,0.722
1097.554,-0.824,1.590,0.771
1097.665,-0.874,1.587,0.815
1097.776,-0.929,1.582,0.858
1097.887,-0.989,1.579,0.899
1097.999,-1.055,1.574,0.941
1098.109,-1.128,1.576,0.982
1098.220,-1.199,1.572,1.018
1098.331,-1.270,1.567,1.043
1098.442,-1.344,1.557,1.059
1098.553,-1.425,1.538,1.069
1098.665,-1.517,1.517,1.075
1098.776,-1.622,1.503,1.075
1098.887,-1.738,1.498,1.074
1098.998,-1.839,1.490,1.076
1099.109,-1.914,1.478,1.084
1099.221,-1.974,1.470,1.091
1099.332,-2.015,1.459,1.096
1099.443,-2.041,1.453,1.099
1099.554,-2.055,1.457,1.104
1099.664,-2.062,1.468,1.103
1099.776,-2.052,1.485,1.084
1099.888,-2.011,1.513,1.047
1099.999,-1.934,1.543,1.011
1100.110,-1.840,1.568,0.984
1100.221,-1.737,1.580,0.965
1100.332,-1.639,1.584,0.947
1100.443,-1.551,1.584,0.929
1100.555,-1.477,1.589,0.907
1100.666,-1.413,1.592,0.881
1100.777,-1.355,1.592,0.851
1100.888,-1.300,1.587,0.815
1100.999,-1.246,1.578,0.772
1101.110,-1.195,1.573,0.718
1101.222,-1.153,1.577,0.653
1101.333,-1.118,1.578,0.595
1101.443,-1.087,1.578,0.552
1101.555,-1.063,1.577,0.525
1101.666,-1.052,1.574,0.514
1101.777,-1.053,1.575,0.519
1101.888,-1.065,1.574,0.543
1101.999,-1.085,1.573,0.581
1102.111,-1.113,1.568,0.627
1102.222,-1.144,1.565,0.674
1102.333,-1.172,1.565,0.716
1102.444,-1.199,1.569,0.757
1102.555,-1.225,1.577,0.795
1102.666,-1.255,1.585,0.830
1102.777,-1.288,1.586,0.861
1102.888,-1.325,1.585,0.891
1102.999,-1.368,1.583,0.923
1103.110,-1.420,1.580,0.960
1103.221,-1.479,1.580,1.000
1103.333,-1.540,1.581,1.039
1103.443,-1.597,1.576,1.079
1103.555,-1.645,1.575,1.112
1103.666,-1.688,1.574,1.137
1103.776,-1.723,1.567,1.155
1103.888,-1.751,1.558,1.168
1103.998,-1.775,1.551,1.174
1104.110,-1.796,1.543,1.173
1104.220,-1.813,1.537,1.171
1104.332,-1.823,1.532,1.166
1104.443,-1.822,1.532,1.150
1104.554,-1.812,1.536,1.127
1104.666,-1.798,1.541,1.099
1104.777,-1.782,1.546,1.063
1104.888,-1.764,1.546,1.020
1104.999,-1.745,1.546,0.970
1105.110,-1.729,1.548,0.916
1105.221,-1.724,1.551,0.862
1105.333,-1.725,1.546,0.822
1105.444,-1.735,1.540,0.794
1105.554,-1.755,1.535,0.774
1105.666,-1.784,1.527,0.759
1105.777,-1.819,1.521,0.747
1105.888,-1.857,1.521,0.735
1105.999,-1.895,1.520,0.726
1106.110,-1.927,1.518,0.718
1106.221,-1.948,1.516,0.709
1106.332,-1.957,1.516,0.697
1106.443,-1.945,1.519,0.683
1106.555,-1.905,1.531,0.667
1106.666,-1.839,1.547,0.663
1106.776,-1.762,1.563,0.672
1106.888,-1.684,1.570,0.687
1107.000,-1.600,1.572,0.707
1107.110,-1.513,1.572,0.725
1107.222,-1.432,1.574,0.740
1107.333,-1.356,1.580,0.747
1107.443,-1.282,1.583,0.747
1107.554,-1.207,1.581,0.737
1107.666,-1.126,1.573,0.717
1107.777,-1.034,1.563,0.688
1107.888,-0.931,1.557,0.650
1108.000,-0.821,1.571,0.610
1108.110,-0.723,1.576,0.578
1108.222,-0.648,1.573,0.554
1108.333,-0.598,1.568,0.539
1108.444,-0.573,1.566,0.538
1108.555,-0.567,1.571,0.548
1108.666,-0.580,1.577,0.569
1108.777,-0.609,1.578,0.603
1108.888,-0.652,1.576,0.646
1108.999,-0.699,1.580,0.689
1109.110,-0.750,1.587,0.726
1109.221,-0.808,1.592,0.758
1109.332,-0.872,1.592,0.787
1109.443,-0.945,1.588,0.812
1109.555,-1.026,1.581,0.835
1109.665,-1.109,1.578,0.854
1109.777,-1.185,1.580,0.866
1109.888,-1.252,1.579,0.868
1109.999,-1.312,1.560,0.854
1110.110,-1.378,1.528,0.833
1110.221,-1.446,1.505,0.800
1110.331,-1.505,1.482,0.757
1110.442,-1.570,1.460,0.717
1110.554,-1.620,1.448,0.706
1110.665,-1.657,1.447,0.712
1110.776,-1.680,1.457,0.720
1110.887,-1.681,1.476,0.724
1110.999,-1.659,1.507,0.722
1111.110,-1.620,1.532,0.728
1111.221,-1.574,1.551,0.727
1111.333,-1.528,1.560,0.712
1111.444,-1.485,1.562,0.679
1111.555,-1.444,1.564,0.623
1111.666,-1.405,1.562,0.552
1111.778,-1.374,1.563,0.483
1111.888,-1.352,1.558,0.431
1111.999,-1.341,1.555,0.401
1112.110,-1.349,1.557,0.391
1112.222,-1.374,1.559,0.396
1112.333,-1.405,1.559,0.420
1112.444,-1.427,1.563,0.443
1112.555,-1.434,1.564,0.458
1112.666,-1.427,1.565,0.460
1112.777,-1.412,1.565,0.447
1112.888,-1.394,1.562,0.423
1112.999,-1.377,1.555,0.395
1113.110,-1.362,1.548,0.375
1113.222,-1.350,1.547,0.370
1113.333,-1.344,1.550,0.374
1113.444,-1.342,1.555,0.385
1113.555,-1.349,1.562,0.401
1113.666,-1.361,1.564,0.422
1113.777,-1.372,1.566,0.442
1113.888,-1.374,1.570,0.457
1113.999,-1.368,1.578,0.469
1114.111,-1.361,1.580,0.492
1114.222,-1.362,1.580,0.522
1114.333,-1.367,1.580,0.553
1114.444,-1.361,1.586,0.579
1114.555,-1.342,1.590,0.603
1114.666,-1.311,1.587,0.623
1114.777,-1.268,1.587,0.640
1114.888,-1.207,1.589,0.656
1114.999,-1.136,1.589,0.671
1115.110,-1.064,1.592,0.683
1115.221,-0.988,1.598,0.686
1115.333,-0.910,1.598,0.683
1115.443,-0.826,1.591,0.672
1115.555,-0.735,1.572,0.651
1115.666,-0.630,1.563,0.620
1115.777,-0.510,1.564,0.580
1115.888,-0.397,1.556,0.547
1116.000,-0.301,1.548,0.521
1116.110,-0.222,1.539,0.498
1116.222,-0.166,1.528,0.478
1116.333,-0.132,1.521,0.466
1116.444,-0.119,1.521,0.466
1116.555,-0.120,1.530,0.476
1116.666,-0.132,1.539,0.500
1116.777,-0.154,1.552,0.538
1116.888,-0.184,1.561,0.590
1116.999,-0.220,1.568,0.654
1117.110,-0.249,1.575,0.716
1117.222,-0.278,1.581,0.765
1117.333,-0.318,1.587,0.803
1117.444,-0.371,1.593,0.832
1117.555,-0.432,1.596,0.858
1117.666,-0.498,1.597,0.883
1117.777,-0.569,1.597,0.907
1117.889,-0.643,1.600,0.928
1118.000,-0.714,1.597,0.948
1118.110,-0.777,1.598,0.964
1118.221,-0.832,1.602,0.974
1118.332,-0.881,1.603,0.980
1118.443,-0.928,1.598,0.981
1118.555,-0.974,1.592,0.975
1118.666,-1.024,1.587,0.964
1118.776,-1.080,1.583,0.946
1118.888,-1.142,1.583,0.920
1118.999,-1.207,1.591,0.895
1119.110,-1.273,1.593,0.876
1119.221,-1.335,1.590,0.865
1119.332,-1.390,1.585,0.863
1119.443,-1.434,1.580,0.867
1119.554,-1.469,1.583,0.874
1119.665,-1.496,1.584,0.880
1119.776,-1.516,1.579,0.889
1119.887,-1.531,1.573,0.899
1119.999,-1.550,1.561,0.912
1120.109,-1.580,1.546,0.935
1120.221,-1.627,1.532,0.969
1120.332,-1.692,1.514,1.012
1120.443,-1.768,1.499,1.059
1120.554,-1.849,1.490,1.102
1120.665,-1.918,1.480,1.134
1120.776,-1.971,1.468,1.156
1120.886,-2.006,1.460,1.167
1120.997,-2.027,1.458,1.168
1121.109,-2.032,1.462,1.157
1121.220,-2.018,1.478,1.130
1121.331,-1.981,1.504,1.092
1121.443,-1.916,1.532,1.050
1121.554,-1.821,1.558,1.014
1121.665,-1.710,1.581,0.988
1121.777,-1.597,1.596,0.974
1121.888,-1.495,1.602,0.963
1121.999,-1.409,1.600,0.951
1122.110,-1.334,1.599,0.929
1122.222,-1.270,1.595,0.900
1122.332,-1.215,1.589,0.860
1122.433,-1.172,1.578,0.816
1122.539,-1.122,1.563,0.755
1122.651,-1.069,1.551,0.681
1122.762,-1.015,1.568,0.611
1122.873,-0.965,1.586,0.566
1122.984,-0.922,1.596,0.546
1123.095,-0.889,1.601,0.548
1123.207,-0.869,1.604,0.559
1123.318,-0.857,1.606,0.581
1123.433,-0.855,1.608,0.612
1123.540,-0.862,1.607,0.646
1123.651,-0.877,1.606,0.682
1123.762,-0.897,1.607,0.717
1123.874,-0.915,1.602,0.748
1123.985,-0.920,1.601,0.775
1124.096,-0.914,1.601,0.796
1124.207,-0.894,1.601,0.813
1124.318,-0.859,1.596,0.825
1124.429,-0.812,1.591,0.833
1124.540,-0.758,1.589,0.839
1124.651,-0.701,1.596,0.846
1124.763,-0.641,1.599,0.856
1124.874,-0.578,1.601,0.873
1124.985,-0.511,1.594,0.895
1125.096,-0.442,1.582,0.923
1125.207,-0.372,1.570,0.959
1125.318,-0.300,1.569,0.997
1125.429,-0.235,1.575,1.029
1125.540,-0.169,1.578,1.051
1125.652,-0.098,1.582,1.070
1125.762,-0.030,1.580,1.090
1125.874,0.027,1.570,1.098
1125.975,0.066,1.567,1.096
1126.082,0.093,1.571,1.092
1126.193,0.099,1.576,1.080
1126.304,0.091,1.579,1.061
1126.415,0.076,1.586,1.039
1126.527,0.056,1.595,1.019
1126.638,0.036,1.600,1.006
1126.749,0.022,1.601,0.999
1126.860,0.008,1.605,0.997
1126.972,-0.006,1.607,0.999
1127.082,-0.022,1.604,1.001
1127.193,-0.044,1.599,1.000
1127.303,-0.066,1.597,0.998
1127.415,-0.086,1.598,0.991
1127.526,-0.109,1.602,0.978
1127.636,-0.125,1.604,0.963
1127.747,-0.135,1.606,0.954
1127.859,-0.143,1.608,0.946
1127.970,-0.148,1.610,0.938
1128.081,-0.150,1.611,0.935
1128.192,-0.150,1.610,0.931
1128.303,-0.151,1.610,0.928
1128.414,-0.155,1.610,0.928
1128.526,-0.158,1.608,0.928
1128.637,-0.152,1.595,0.926
1128.748,-0.140,1.588,0.927
1128.859,-0.129,1.584,0.925
1128.971,-0.124,1.587,0.912
1129.081,-0.125,1.581,0.887
1129.192,-0.129,1.575,0.850
1129.304,-0.137,1.572,0.810
1129.415,-0.148,1.574,0.776
1129.526,-0.157,1.571,0.750
1129.637,-0.162,1.577,0.734
1129.748,-0.166,1.580,0.722
1129.860,-0.171,1.576,0.712
1129.971,-0.174,1.572,0.704
1130.082,-0.169,1.571,0.698
1130.193,-0.151,1.571,0.693
1130.304,-0.118,1.569,0.687
1130.415,-0.074,1.561,0.679
1130.526,-0.022,1.557,0.668
1130.637,0.029,1.560,0.659
1130.749,0.071,1.561,0.656
1130.859,0.104,1.563,0.659
1130.971,0.126,1.568,0.667
1131.082,0.140,1.573,0.677
1131.193,0.147,1.576,0.687
1131.304,0.147,1.580,0.694
1131.416,0.144,1.582,0.700
1131.527,0.140,1.580,0.706
1131.638,0.136,1.578,0.710
1131.749,0.132,1.580,0.712
1131.853,0.130,1.580,0.713
1131.966,0.132,1.583,0.714
1132.077,0.137,1.585,0.711
1132.189,0.144,1.586,0.707
1132.300,0.153,1.587,0.701
1132.412,0.162,1.587,0.696
1132.523,0.169,1.585,0.692
1132.634,0.172,1.584,0.688
1132.745,0.171,1.583,0.684
1132.857,0.167,1.582,0.681
1132.968,0.159,1.576,0.680
1133.079,0.147,1.578,0.674
1133.190,0.125,1.575,0.670
1133.301,0.088,1.573,0.670
1133.412,0.040,1.570,0.669
1133.523,-0.017,1.564,0.663
1133.635,-0.075,1.565,0.651
1133.746,-0.122,1.569,0.639
1133.857,-0.153,1.573,0.634
1133.969,-0.174,1.576,0.637
1134.080,-0.189,1.576,0.642
1134.192,-0.198,1.575,0.649
1134.303,-0.201,1.578,0.657
1134.413,-0.200,1.580,0.661
1134.525,-0.197,1.580,0.664
1134.636,-0.193,1.580,0.665
1134.747,-0.189,1.581,0.666
1134.859,-0.185,1.581,0.665
1134.969,-0.181,1.581,0.664
1135.081,-0.177,1.581,0.664
1135.192,-0.174,1.582,0.664
1135.303,-0.171,1.582,0.665
1135.415,-0.166,1.582,0.666
1135.526,-0.161,1.581,0.666
1135.636,-0.155,1.584,0.664
1135.748,-0.150,1.583,0.663
1135.859,-0.146,1.582,0.661
1135.970,-0.143,1.582,0.660
1136.081,-0.145,1.582,0.658
1136.193,-0.154,1.583,0.655
1136.304,-0.172,1.579,0.652
1136.414,-0.202,1.574,0.650
1136.526,-0.241,1.572,0.648
1136.636,-0.281,1.569,0.644
1136.747,-0.299,1.570,0.642
1136.858,-0.302,1.569,0.642
1136.970,-0.292,1.565,0.644
1137.081,-0.271,1.564,0.647
1137.192,-0.244,1.563,0.651
1137.304,-0.219,1.560,0.655
1137.415,-0.199,1.559,0.660
1137.526,-0.182,1.554,0.665
1137.637,-0.169,1.550,0.669
1137.749,-0.159,1.547,0.674
1137.859,-0.151,1.546,0.677
1137.971,-0.144,1.544,0.679
1138.082,-0.138,1.543,0.681
1138.193,-0.134,1.542,0.680
1138.304,-0.132,1.541,0.677
1138.415,-0.133,1.542,0.673
1138.526,-0.132,1.542,0.668
1138.638,-0.133,1.541,0.660
1138.748,-0.136,1.543,0.652
1138.859,-0.148,1.543,0.644
1138.971,-0.166,1.542,0.639
1139.081,-0.184,1.543,0.637
1139.193,-0.199,1.546,0.636
1139.304,-0.214,1.548,0.634
1139.415,-0.233,1.549,0.632
1139.526,-0.261,1.551,0.629
1139.637,-0.296,1.554,0.624
1139.748,-0.334,1.558,0.620
1139.859,-0.368,1.561,0.616
1139.971,-0.396,1.562,0.611
1140.082,-0.419,1.562,0.612
1140.193,-0.438,1.565,0.620
1140.304,-0.448,1.563,0.632
1140.415,-0.451,1.560,0.646
1140.526,-0.451,1.559,0.660
1140.638,-0.454,1.558,0.673
1140.749,-0.457,1.558,0.684
1140.855,-0.460,1.558,0.693
1140.967,-0.462,1.560,0.701
1141.079,-0.461,1.562,0.706
1141.190,-0.457,1.562,0.710
1141.301,-0.445,1.563,0.713
1141.413,-0.432,1.564,0.714
1141.524,-0.419,1.566,0.714
1141.635,-0.401,1.571,0.707
1141.747,-0.374,1.571,0.696
1141.858,-0.336,1.571,0.682
1141.969,-0.291,1.568,0.665
1142.081,-0.246,1.563,0.653
1142.192,-0.207,1.561,0.651
1142.303,-0.178,1.558,0.655
1142.414,-0.160,1.554,0.662
1142.525,-0.150,1.550,0.669
1142.636,-0.144,1.548,0.675
1142.748,-0.139,1.548,0.679
1142.859,-0.137,1.547,0.682
1142.970,-0.136,1.547,0.683
1143.081,-0.136,1.549,0.684
1143.192,-0.138,1.550,0.683
1143.303,-0.146,1.554,0.680
1143.415,-0.161,1.557,0.678
1143.526,-0.183,1.557,0.676
1143.637,-0.205,1.561,0.674
1143.748,-0.228,1.565,0.669
1143.859,-0.254,1.565,0.663
1143.971,-0.282,1.566,0.656
1144.081,-0.313,1.565,0.650
1144.193,-0.345,1.564,0.644
1144.304,-0.377,1.566,0.639
1144.415,-0.405,1.569,0.638
1144.527,-0.428,1.572,0.641
1144.637,-0.444,1.574,0.646
1144.748,-0.453,1.574,0.654
1144.859,-0.457,1.575,0.661
1144.971,-0.458,1.577,0.665
1145.081,-0.456,1.579,0.669
1145.192,-0.450,1.581,0.670
1145.304,-0.442,1.583,0.667
1145.415,-0.431,1.584,0.664
1145.526,-0.420,1.584,0.661
1145.638,-0.412,1.583,0.658
1145.748,-0.407,1.582,0.653
1145.859,-0.409,1.582,0.650
1145.971,-0.418,1.578,0.646
1146.082,-0.438,1.572,0.642
1146.192,-0.470,1.570,0.640
1146.303,-0.516,1.566,0.636
1146.414,-0.573,1.559,0.629
1146.526,-0.632,1.555,0.618
1146.637,-0.687,1.556,0.600
1146.749,-0.733,1.556,0.586
1146.860,-0.767,1.557,0.586
1146.971,-0.790,1.562,0.588
1147.082,-0.806,1.565,0.594
1147.193,-0.815,1.566,0.603
1147.304,-0.818,1.567,0.615
1147.415,-0.818,1.568,0.626
1147.526,-0.815,1.568,0.633
1147.637,-0.811,1.568,0.639
1147.748,-0.807,1.568,0.643
1147.859,-0.801,1.567,0.645
1147.970,-0.795,1.568,0.645
1148.082,-0.790,1.568,0.643
1148.193,-0.785,1.568,0.639
1148.304,-0.779,1.569,0.634
1148.415,-0.774,1.566,0.629
1148.526,-0.771,1.564,0.626
1148.637,-0.769,1.563,0.623
1148.749,-0.769,1.562,0.622
1148.860,-0.769,1.561,0.621
1148.971,-0.769,1.560,0.622
1149.081,-0.768,1.559,0.623
1149.193,-0.767,1.560,0.626
1149.305,-0.766,1.560,0.628
1149.415,-0.766,1.561,0.629
1149.526,-0.766,1.561,0.631
1149.637,-0.767,1.562,0.632
1149.748,-0.767,1.564,0.633
1149.860,-0.768,1.565,0.635
1149.971,-0.768,1.566,0.638
1150.082,-0.769,1.568,0.640
1150.193,-0.768,1.569,0.642
1150.304,-0.767,1.571,0.643
1150.415,-0.767,1.572,0.643
1150.526,-0.765,1.572,0.643
1150.638,-0.763,1.573,0.640
1150.748,-0.766,1.576,0.636
1150.860,-0.780,1.577,0.631
1150.971,-0.808,1.575,0.631
1151.081,-0.846,1.571,0.631
1151.192,-0.892,1.568,0.629
1151.305,-0.945,1.564,0.620
1151.415,-0.999,1.560,0.606
1151.526,-1.042,1.560,0.592
1151.637,-1.073,1.561,0.586
1151.747,-1.094,1.561,0.588
1151.858,-1.107,1.563,0.598
1151.970,-1.112,1.565,0.610
1152.081,-1.113,1.569,0.623
1152.192,-1.109,1.570,0.633
1152.304,-1.103,1.571,0.638
1152.415,-1.096,1.571,0.641
1152.524,-1.089,1.569,0.643
1152.635,-1.082,1.569,0.643
1152.747,-1.076,1.571,0.645
1152.858,-1.070,1.574,0.646
1152.970,-1.064,1.577,0.645
1153.081,-1.055,1.581,0.644
1153.192,-1.047,1.581,0.642
1153.303,-1.041,1.580,0.639
1153.414,-1.037,1.579,0.637
1153.526,-1.035,1.579,0.633
1153.637,-1.040,1.578,0.629
1153.748,-1.057,1.576,0.625
1153.859,-1.085,1.572,0.622
1153.970,-1.123,1.569,0.617
1154.082,-1.169,1.566,0.606
1154.192,-1.216,1.562,0.592
1154.304,-1.253,1.559,0.580
1154.415,-1.278,1.560,0.577
1154.526,-1.295,1.563,0.585
1154.637,-1.306,1.570,0.604
1154.748,-1.313,1.579,0.626
1154.860,-1.317,1.586,0.646
1154.971,-1.321,1.587,0.663
1155.082,-1.326,1.587,0.674
1155.193,-1.329,1.585,0.681
1155.304,-1.330,1.584,0.685
1155.415,-1.330,1.582,0.687
1155.526,-1.329,1.582,0.686
1155.638,-1.327,1.582,0.683
1155.748,-1.325,1.582,0.680
1155.859,-1.322,1.582,0.675
1155.971,-1.319,1.582,0.671
1156.082,-1.317,1.582,0.666
1156.193,-1.317,1.582,0.663
1156.304,-1.318,1.582,0.660
1156.415,-1.319,1.582,0.658
1156.526,-1.319,1.582,0.656
1156.638,-1.320,1.582,0.655
1156.749,-1.320,1.581,0.654
1156.860,-1.321,1.579,0.653
1156.971,-1.324,1.572,0.652
1157.081,-1.329,1.565,0.650
1157.193,-1.333,1.562,0.648
1157.304,-1.339,1.559,0.648
1157.415,-1.345,1.557,0.649
1157.525,-1.349,1.557,0.651
1157.637,-1.350,1.557,0.653
1157.748,-1.347,1.558,0.653
1157.859,-1.336,1.560,0.652
1157.971,-1.311,1.566,0.655
1158.082,-1.281,1.573,0.667
1158.193,-1.255,1.579,0.684
1158.305,-1.233,1.583,0.703
1158.416,-1.211,1.589,0.726
1158.526,-1.188,1.591,0.754
1158.638,-1.166,1.592,0.783
1158.748,-1.141,1.596,0.812
1158.860,-1.111,1.600,0.837
1158.971,-1.075,1.603,0.855
1159.082,-1.037,1.599,0.865
1159.194,-0.996,1.596,0.866
1159.305,-0.954,1.591,0.858
1159.416,-0.909,1.585,0.841
1159.527,-0.862,1.583,0.816
1159.638,-0.814,1.595,0.783
1159.749,-0.770,1.609,0.754
1159.860,-0.731,1.614,0.734
1159.971,-0.702,1.616,0.719
1160.082,-0.682,1.617,0.710
1160.193,-0.672,1.616,0.708
1160.302,-0.671,1.614,0.711
1160.413,-0.672,1.612,0.717
1160.525,-0.671,1.611,0.724
1160.636,-0.668,1.608,0.730
1160.748,-0.658,1.607,0.737
1160.858,-0.644,1.608,0.745
1160.969,-0.629,1.607,0.752
1161.081,-0.618,1.604,0.754
1161.192,-0.612,1.605,0.754
1161.303,-0.610,1.604,0.754
1161.414,-0.610,1.604,0.753
1161.525,-0.610,1.604,0.749
1161.637,-0.609,1.603,0.743
1161.748,-0.608,1.602,0.734
1161.859,-0.606,1.602,0.722
1161.970,-0.606,1.602,0.709
1162.081,-0.607,1.601,0.696
1162.193,-0.610,1.602,0.685
1162.304,-0.613,1.603,0.677
1162.415,-0.614,1.603,0.671
1162.526,-0.614,1.603,0.669
1162.637,-0.614,1.602,0.671
1162.748,-0.613,1.601,0.678
1162.859,-0.612,1.602,0.687
1162.971,-0.607,1.604,0.696
1163.082,-0.599,1.603,0.705
1163.193,-0.586,1.602,0.714
1163.303,-0.567,1.601,0.722
1163.415,-0.543,1.599,0.730
1163.526,-0.514,1.593,0.741
1163.638,-0.483,1.587,0.754
1163.749,-0.448,1.582,0.771
1163.859,-0.408,1.576,0.798
1163.971,-0.365,1.576,0.837
1164.081,-0.318,1.587,0.885
1164.193,-0.273,1.595,0.933
1164.304,-0.228,1.597,0.972
1164.415,-0.183,1.600,1.004
1164.526,-0.138,1.600,1.030
1164.637,-0.099,1.596,1.048
1164.749,-0.066,1.595,1.058
1164.860,-0.035,1.596,1.064
1164.971,-0.009,1.597,1.067
1165.082,0.009,1.597,1.068
1165.193,0.018,1.594,1.066
1165.304,0.022,1.594,1.062
1165.415,0.020,1.593,1.057
1165.527,0.014,1.594,1.051
1165.637,0.004,1.596,1.046
1165.749,-0.005,1.596,1.042
1165.860,-0.019,1.597,1.040
1165.972,-0.036,1.596,1.037
1166.082,-0.052,1.599,1.036
1166.193,-0.067,1.595,1.033
1166.304,-0.077,1.592,1.032
1166.415,-0.084,1.594,1.030
1166.526,-0.088,1.592,1.029
1166.637,-0.089,1.591,1.028
1166.748,-0.085,1.591,1.028
1166.859,-0.079,1.588,1.031
1166.970,-0.071,1.583,1.035
1167.080,-0.063,1.572,1.039
1167.192,-0.052,1.561,1.045
1167.302,-0.041,1.556,1.049
1167.413,-0.031,1.554,1.053
1167.525,-0.023,1.555,1.053
1167.636,-0.018,1.558,1.053
1167.747,-0.015,1.561,1.050
1167.858,-0.012,1.564,1.047
1167.969,-0.012,1.567,1.045
1168.080,-0.012,1.571,1.046
1168.191,-0.012,1.576,1.049
1168.302,-0.012,1.577,1.055
1168.414,-0.009,1.579,1.063
1168.525,-0.001,1.581,1.075
1168.637,0.016,1.580,1.083
1168.747,0.033,1.574,1.088
1168.859,0.046,1.569,1.096
1168.970,0.057,1.567,1.116
1169.082,0.067,1.564,1.144
1169.192,0.077,1.559,1.180
1169.303,0.083,1.552,1.224
1169.414,0.083,1.553,1.281
1169.526,0.075,1.558,1.350
1169.637,0.055,1.568,1.425
1169.747,0.033,1.574,1.493
1169.858,0.022,1.580,1.551
1169.969,0.021,1.583,1.605
1170.080,0.026,1.582,1.653
1170.192,0.031,1.589,1.699
1170.303,0.033,1.602,1.747
1170.413,0.032,1.607,1.799
1170.524,0.025,1.610,1.853
1170.635,0.016,1.608,1.909
1170.747,0.002,1.601,1.967
1170.858,-0.018,1.597,2.029
1170.969,-0.040,1.599,2.093
1171.080,-0.062,1.610,2.159
1171.191,-0.079,1.613,2.224
1171.303,-0.088,1.613,2.289
1171.413,-0.089,1.614,2.351
1171.525,-0.086,1.611,2.411
1171.637,-0.077,1.602,2.469
1171.748,-0.062,1.598,2.529
1171.859,-0.046,1.605,2.590
1171.969,-0.034,1.613,2.652
1172.080,-0.024,1.613,2.712
1172.191,-0.021,1.612,2.767
1172.303,-0.022,1.611,2.820
1172.413,-0.032,1.608,2.874
1172.524,-0.049,1.601,2.930
1172.635,-0.076,1.595,2.988
1172.746,-0.111,1.600,3.046
1172.858,-0.148,1.611,3.104
1172.970,-0.180,1.613,3.157
1173.081,-0.207,1.610,3.207
1173.192,-0.229,1.607,3.253
1173.303,-0.249,1.599,3.300
1173.413,-0.263,1.590,3.349
1173.525,-0.273,1.581,3.402
1173.636,-0.280,1.574,3.460
1173.747,-0.287,1.574,3.525
1173.858,-0.294,1.577,3.591
1173.969,-0.303,1.576,3.652
1174.080,-0.316,1.568,3.705
1174.191,-0.331,1.565,3.756
1174.303,-0.348,1.559,3.808
1174.414,-0.365,1.550,3.863
1174.525,-0.386,1.541,3.921
1174.636,-0.411,1.537,3.982
1174.747,-0.435,1.545,4.049
1174.858,-0.454,1.549,4.110
1174.970,-0.463,1.544,4.162
1175.081,-0.465,1.539,4.205
1175.192,-0.463,1.531,4.245
1175.303,-0.458,1.521,4.284
1175.414,-0.447,1.513,4.323
1175.525,-0.430,1.504,4.367
1175.636,-0.405,1.496,4.419
1175.747,-0.374,1.495,4.479
1175.859,-0.337,1.500,4.543
1175.970,-0.299,1.506,4.602
1176.081,-0.261,1.508,4.657
1176.192,-0.228,1.504,4.700
1176.304,-0.200,1.499,4.733
1176.414,-0.177,1.496,4.761
1176.525,-0.155,1.490,4.790
1176.636,-0.135,1.483,4.823
1176.747,-0.118,1.476,4.866
1176.858,-0.102,1.480,4.920
1176.970,-0.087,1.494,4.978
1177.081,-0.072,1.506,5.029
1177.192,-0.054,1.509,5.070
1177.303,-0.029,1.508,5.099
1177.415,-0.005,1.509,5.117
1177.526,0.020,1.507,5.134
1177.637,0.048,1.502,5.150
1177.748,0.078,1.497,5.166
1177.859,0.112,1.493,5.179
1177.970,0.146,1.491,5.189
1178.082,0.171,1.486,5.194
1178.193,0.188,1.481,5.197
1178.303,0.198,1.476,5.195
1178.415,0.202,1.471,5.191
1178.526,0.205,1.468,5.185
1178.637,0.207,1.466,5.178
1178.748,0.209,1.465,5.173
1178.860,0.211,1.465,5.169
1178.971,0.210,1.465,5.166
1179.082,0.207,1.465,5.164
1179.193,0.204,1.466,5.163
1179.304,0.202,1.469,5.163
1179.415,0.200,1.471,5.161
1179.526,0.199,1.473,5.160
1179.637,0.200,1.474,5.160
1179.748,0.202,1.473,5.160
1179.860,0.204,1.472,5.160
1179.971,0.205,1.472,5.161
1180.082,0.204,1.473,5.161
1180.193,0.204,1.473,5.161
1180.304,0.203,1.473,5.160
1180.415,0.202,1.475,5.160
1180.526,0.200,1.476,5.160
1180.638,0.199,1.477,5.160
1180.749,0.196,1.478,5.160
1180.858,0.193,1.479,5.160
1180.969,0.190,1.479,5.160
1181.080,0.188,1.480,5.160
1181.192,0.186,1.480,5.160
1181.302,0.186,1.480,5.161
1181.414,0.186,1.480,5.163
1181.525,0.186,1.480,5.165
1181.636,0.187,1.480,5.168
1181.747,0.187,1.479,5.171
1181.858,0.187,1.479,5.175
1181.969,0.186,1.479,5.178
1182.080,0.185,1.480,5.180
1182.191,0.189,1.480,5.180
1182.302,0.190,1.481,5.178
1182.414,0.195,1.479,5.174
1182.525,0.204,1.475,5.171
1182.636,0.219,1.470,5.171
1182.747,0.237,1.465,5.173
1182.859,0.255,1.463,5.178
1182.970,0.270,1.461,5.188
1183.081,0.283,1.462,5.202
1183.192,0.292,1.465,5.216
1183.303,0.296,1.470,5.237
1183.414,0.293,1.475,5.269
1183.525,0.274,1.480,5.310
1183.636,0.240,1.496,5.355
1183.747,0.194,1.517,5.391
1183.857,0.146,1.536,5.419
1183.970,0.096,1.551,5.451
1184.081,0.042,1.563,5.487
1184.192,-0.005,1.575,5.524
1184.304,-0.044,1.585,5.554
1184.414,-0.072,1.592,5.587
1184.525,-0.090,1.597,5.628
1184.636,-0.101,1.597,5.681
1184.747,-0.103,1.591,5.744
1184.859,-0.100,1.581,5.814
1184.970,-0.100,1.591,5.888
1185.081,-0.104,1.605,5.962
1185.192,-0.115,1.609,6.031
1185.303,-0.134,1.608,6.093
1185.414,-0.162,1.602,6.152
1185.525,-0.200,1.595,6.210
1185.636,-0.253,1.595,6.267
1185.747,-0.315,1.609,6.322
1185.858,-0.370,1.621,6.374
1185.970,-0.414,1.628,6.424
1186.081,-0.445,1.630,6.468
1186.192,-0.468,1.626,6.502
1186.303,-0.482,1.620,6.525
1186.414,-0.487,1.614,6.539
1186.525,-0.487,1.606,6.546
1186.634,-0.483,1.596,6.546
1186.745,-0.473,1.587,6.540
1186.857,-0.462,1.584,6.529
1186.967,-0.450,1.582,6.516
1187.079,-0.441,1.575,6.504
1187.191,-0.437,1.574,6.500
1187.302,-0.435,1.570,6.498
1187.413,-0.434,1.571,6.498
1187.524,-0.436,1.571,6.503
1187.636,-0.437,1.574,6.509
1187.747,-0.437,1.580,6.518
1187.858,-0.433,1.585,6.529
1187.969,-0.420,1.587,6.541
1188.080,-0.400,1.587,6.555
1188.191,-0.376,1.591,6.567
1188.302,-0.353,1.599,6.580
1188.413,-0.333,1.604,6.589
1188.524,-0.322,1.602,6.593
1188.635,-0.322,1.605,6.587
1188.746,-0.332,1.606,6.573
1188.857,-0.350,1.604,6.550
1188.966,-0.373,1.602,6.526
1189.078,-0.403,1.603,6.505
1189.189,-0.437,1.605,6.487
1189.301,-0.471,1.612,6.471
1189.411,-0.502,1.621,6.464
1189.523,-0.531,1.625,6.466
1189.634,-0.559,1.626,6.477
1189.745,-0.588,1.626,6.496
1189.857,-0.620,1.622,6.523
1189.968,-0.657,1.619,6.558
1190.079,-0.700,1.624,6.594
1190.191,-0.749,1.633,6.629
1190.302,-0.802,1.636,6.660
1190.413,-0.854,1.637,6.683
1190.524,-0.908,1.637,6.701
1190.635,-0.964,1.634,6.714
1190.746,-1.023,1.629,6.721
1190.858,-1.086,1.624,6.723
1190.970,-1.153,1.626,6.721
1191.080,-1.219,1.627,6.718
1191.192,-1.281,1.627,6.717
1191.303,-1.338,1.626,6.718
1191.414,-1.390,1.628,6.719
1191.525,-1.439,1.628,6.721
1191.636,-1.489,1.625,6.724
1191.747,-1.539,1.620,6.731
1191.858,-1.592,1.629,6.739
1191.970,-1.645,1.633,6.748
1192.081,-1.693,1.633,6.752
1192.192,-1.735,1.628,6.745
1192.303,-1.765,1.617,6.726
1192.414,-1.784,1.608,6.695
1192.525,-1.789,1.602,6.655
1192.636,-1.781,1.595,6.609
1192.747,-1.763,1.591,6.555
1192.858,-1.743,1.588,6.495
1192.969,-1.725,1.585,6.439
1193.080,-1.703,1.579,6.392
1193.191,-1.681,1.574,6.353
1193.302,-1.658,1.576,6.317
1193.414,-1.636,1.584,6.284
1193.525,-1.617,1.583,6.251
1193.637,-1.603,1.581,6.213
1193.747,-1.595,1.581,6.168
1193.859,-1.601,1.578,6.112
1193.970,-1.614,1.578,6.052
1194.080,-1.626,1.573,6.004
1194.192,-1.633,1.563,5.967
1194.302,-1.638,1.557,5.937
1194.414,-1.642,1.550,5.908
1194.524,-1.648,1.544,5.878
1194.636,-1.654,1.539,5.843
1194.747,-1.657,1.533,5.801
1194.858,-1.656,1.527,5.751
1194.970,-1.650,1.521,5.697
1195.081,-1.645,1.524,5.643
1195.191,-1.638,1.523,5.600
1195.303,-1.631,1.524,5.569
1195.414,-1.624,1.526,5.546
1195.526,-1.618,1.527,5.522
1195.636,-1.611,1.529,5.494
1195.747,-1.603,1.533,5.465
1195.858,-1.596,1.532,5.442
1195.970,-1.595,1.533,5.431
1196.081,-1.600,1.547,5.423
1196.192,-1.611,1.557,5.417
1196.302,-1.623,1.561,5.414
1196.413,-1.630,1.557,5.413
1196.524,-1.629,1.552,5.412
1196.636,-1.620,1.545,5.412
1196.747,-1.611,1.547,5.411
1196.858,-1.603,1.551,5.411
1196.970,-1.601,1.553,5.415
1197.080,-1.602,1.557,5.423
1197.191,-1.605,1.564,5.432
1197.303,-1.610,1.573,5.438
1197.413,-1.623,1.579,5.443
1197.525,-1.637,1.582,5.452
1197.636,-1.651,1.580,5.468
1197.747,-1.664,1.580,5.489
1197.858,-1.675,1.579,5.516
1197.970,-1.685,1.576,5.547
1198.080,-1.692,1.568,5.573
1198.191,-1.697,1.561,5.597
1198.302,-1.696,1.554,5.616
1198.413,-1.692,1.556,5.630
1198.522,-1.688,1.557,5.643
1198.634,-1.687,1.554,5.657
1198.745,-1.691,1.551,5.670
1198.857,-1.697,1.549,5.683
1198.968,-1.706,1.548,5.696
1199.079,-1.716,1.545,5.709
1199.190,-1.726,1.548,5.725
1199.302,-1.739,1.554,5.742
1199.413,-1.756,1.553,5.759
1199.524,-1.778,1.550,5.777
1199.635,-1.802,1.545,5.796
1199.746,-1.831,1.545,5.812
1199.857,-1.856,1.543,5.826
1199.969,-1.881,1.550,5.837
1200.080,-1.905,1.551,5.847
1200.191,-1.928,1.549,5.860
1200.302,-1.953,1.545,5.874
1200.413,-1.977,1.541,5.889
1200.524,-1.998,1.540,5.906
1200.635,-2.020,1.544,5.926
1200.746,-2.034,1.543,5.951
1200.855,-2.042,1.539,5.974
1200.966,-2.048,1.534,5.994
1201.078,-2.054,1.528,6.014
1201.189,-2.065,1.526,6.038
1201.300,-2.080,1.522,6.067
1201.412,-2.103,1.515,6.102
1201.523,-2.135,1.508,6.133
1201.635,-2.172,1.503,6.161
1201.745,-2.209,1.490,6.183
1201.857,-2.242,1.475,6.193
1201.968,-2.263,1.462,6.193
1202.079,-2.273,1.455,6.183
1202.190,-2.267,1.455,6.167
1202.301,-2.251,1.472,6.142
1202.412,-2.212,1.498,6.099
1202.523,-2.142,1.527,6.054
1202.635,-2.064,1.551,6.024
1202.747,-1.992,1.569,5.999
1202.858,-1.912,1.585,5.978
1202.969,-1.836,1.596,5.965
1203.080,-1.766,1.603,5.946
1203.191,-1.703,1.599,5.926
1203.303,-1.643,1.599,5.904
1203.414,-1.585,1.596,5.880
1203.526,-1.533,1.593,5.857
1203.636,-1.487,1.593,5.830
1203.747,-1.445,1.599,5.798
1203.858,-1.404,1.614,5.766
1203.969,-1.363,1.615,5.739
1204.081,-1.321,1.614,5.726
1204.191,-1.276,1.616,5.728
1204.302,-1.232,1.612,5.738
1204.413,-1.190,1.609,5.760
1204.526,-1.148,1.606,5.797
1204.637,-1.104,1.607,5.840
1204.748,-1.057,1.611,5.884
1204.859,-1.010,1.613,5.926
1204.970,-0.961,1.615,5.967
1205.082,-0.911,1.611,6.004
1205.193,-0.858,1.602,6.040
1205.304,-0.802,1.598,6.074
1205.415,-0.740,1.605,6.110
1205.526,-0.673,1.615,6.149
1205.637,-0.609,1.614,6.189
1205.748,-0.554,1.610,6.232
1205.860,-0.509,1.605,6.277
1205.971,-0.469,1.601,6.324
1206.082,-0.433,1.593,6.372
1206.193,-0.400,1.592,6.422
1206.304,-0.367,1.600,6.474
1206.415,-0.333,1.603,6.519
1206.526,-0.301,1.606,6.559
1206.639,-0.271,1.606,6.588
1206.748,-0.239,1.594,6.607
1206.860,-0.202,1.573,6.616
1206.970,-0.152,1.569,6.624
1207.081,-0.104,1.567,6.633
1207.192,-0.066,1.565,6.641
1207.303,-0.040,1.560,6.649
1207.414,-0.025,1.555,6.652
1207.525,-0.019,1.552,6.651
1207.636,-0.020,1.549,6.648
1207.747,-0.023,1.548,6.645
1207.858,-0.027,1.547,6.644
1207.969,-0.030,1.547,6.644
1208.080,-0.031,1.546,6.646
1208.191,-0.032,1.545,6.649
1208.302,-0.031,1.545,6.652
1208.413,-0.028,1.544,6.653
1208.525,-0.025,1.543,6.653
1208.636,-0.022,1.543,6.652
1208.746,-0.019,1.542,6.652
1208.858,-0.017,1.543,6.653
1208.969,-0.015,1.545,6.653
1209.079,-0.012,1.547,6.651
1209.191,-0.009,1.545,6.649
1209.302,-0.008,1.546,6.650
1209.414,-0.009,1.546,6.653
1209.524,-0.011,1.546,6.657
1209.636,-0.013,1.545,6.660
1209.746,-0.014,1.544,6.662
1209.858,-0.015,1.544,6.664
1209.969,-0.015,1.543,6.665
1210.080,-0.015,1.540,6.667
1210.192,-0.015,1.540,6.668
1210.302,-0.015,1.539,6.669
1210.413,-0.015,1.539,6.670
1210.524,-0.015,1.538,6.672
1210.636,-0.015,1.538,6.675
1210.747,-0.014,1.537,6.678
1210.859,-0.013,1.536,6.681
1210.970,-0.011,1.536,6.682
1211.080,-0.010,1.536,6.682
1211.191,-0.009,1.536,6.683
1211.303,-0.010,1.535,6.684
1211.414,-0.010,1.536,6.686
1211.525,-0.012,1.536,6.688
1211.636,-0.013,1.536,6.690
1211.747,-0.015,1.536,6.691
1211.859,-0.016,1.535,6.692
1211.970,-0.018,1.535,6.692
1212.081,-0.019,1.535,6.693
1212.192,-0.020,1.534,6.693
1212.303,-0.020,1.533,6.694
1212.414,-0.020,1.532,6.695
1212.525,-0.020,1.532,6.696
1212.636,-0.019,1.531,6.697
1212.747,-0.017,1.531,6.697
1212.859,-0.015,1.531,6.697
1212.970,-0.013,1.531,6.696
1213.081,-0.011,1.531,6.695
1213.192,-0.011,1.531,6.695
1213.303,-0.011,1.531,6.695
1213.414,-0.011,1.531,6.695
1213.525,-0.011,1.531,6.695
1213.636,-0.011,1.532,6.695
1213.747,-0.011,1.532,6.695
1213.858,-0.011,1.532,6.695
1213.970,-0.010,1.532,6.696
1214.080,-0.010,1.532,6.696
1214.191,-0.010,1.532,6.696
1214.302,-0.010,1.532,6.697
1214.414,-0.011,1.532,6.697
1214.525,-0.011,1.532,6.698
1214.636,-0.011,1.532,6.699
1214.747,-0.011,1.531,6.700
1214.858,-0.011,1.531,6.702
1214.970,-0.011,1.531,6.702
1215.081,-0.010,1.531,6.703
1215.192,-0.010,1.531,6.705
1215.304,-0.010,1.531,6.706
1215.414,-0.009,1.531,6.708
1215.525,-0.009,1.530,6.710
1215.636,-0.009,1.529,6.710
1215.746,-0.011,1.531,6.710
1215.858,-0.014,1.531,6.710
1215.969,-0.017,1.531,6.709
1216.081,-0.017,1.531,6.709
1216.191,-0.016,1.531,6.707
1216.303,-0.016,1.532,6.705
1216.413,-0.016,1.533,6.702
1216.525,-0.018,1.534,6.701
1216.637,-0.021,1.535,6.700
1216.747,-0.025,1.536,6.701
1216.858,-0.029,1.536,6.702
1216.970,-0.031,1.536,6.703
1217.080,-0.033,1.537,6.705
1217.191,-0.034,1.537,6.707
1217.303,-0.033,1.537,6.708
1217.414,-0.032,1.537,6.711
1217.525,-0.030,1.536,6.713
1217.636,-0.029,1.535,6.714
1217.747,-0.027,1.536,6.717
1217.859,-0.024,1.535,6.719
1217.970,-0.021,1.534,6.720
1218.081,-0.019,1.535,6.722
1218.192,-0.020,1.535,6.726
1218.304,-0.022,1.535,6.730
1218.414,-0.022,1.537,6.734
1218.525,-0.019,1.545,6.738
1218.637,-0.017,1.552,6.737
1218.748,-0.019,1.561,6.733
1218.859,-0.021,1.571,6.721
1218.970,-0.026,1.581,6.701
1219.082,-0.040,1.588,6.683
1219.193,-0.048,1.589,6.662
1219.305,-0.062,1.579,6.621
1219.416,-0.078,1.571,6.574
1219.527,-0.093,1.573,6.525
1219.638,-0.103,1.573,6.473
1219.748,-0.116,1.574,6.413
1219.860,-0.126,1.576,6.354
1219.971,-0.130,1.579,6.296
1220.081,-0.125,1.576,6.240
1220.193,-0.113,1.578,6.183
1220.303,-0.094,1.576,6.126
1220.415,-0.069,1.566,6.066
1220.526,-0.038,1.553,6.000
1220.637,-0.002,1.543,5.923
1220.748,0.038,1.543,5.836
1220.859,0.076,1.550,5.747
1220.970,0.102,1.549,5.669
1221.081,0.118,1.545,5.603
1221.193,0.131,1.541,5.544
1221.303,0.142,1.532,5.492
1221.415,0.152,1.525,5.447
1221.525,0.160,1.516,5.408
1221.636,0.164,1.511,5.371
1221.747,0.168,1.507,5.339
1221.858,0.173,1.501,5.313
1221.969,0.182,1.498,5.292
1222.081,0.192,1.496,5.277
1222.191,0.203,1.492,5.269
1222.303,0.213,1.492,5.263
1222.414,0.223,1.492,5.257
1222.525,0.231,1.489,5.253
1222.636,0.235,1.487,5.249
1222.748,0.237,1.485,5.247
1222.861,0.238,1.485,5.246
1222.970,0.239,1.486,5.245
1223.080,0.241,1.486,5.245
1223.192,0.241,1.487,5.245
1223.301,0.242,1.488,5.247
1223.413,0.244,1.489,5.248
1223.524,0.244,1.489,5.249
1223.635,0.245,1.490,5.249
1223.746,0.246,1.490,5.249
1223.857,0.246,1.490,5.247
1223.969,0.246,1.490,5.244
1224.080,0.247,1.489,5.241
1224.190,0.248,1.487,5.237
1224.302,0.249,1.486,5.232
1224.413,0.250,1.484,5.227
1224.524,0.251,1.482,5.223
1224.636,0.252,1.480,5.220
1224.747,0.253,1.480,5.218
1224.858,0.254,1.480,5.217
1224.970,0.257,1.479,5.216
1225.080,0.260,1.479,5.215
1225.191,0.264,1.478,5.215
1225.303,0.267,1.477,5.214
1225.413,0.269,1.476,5.214
1225.525,0.271,1.475,5.213
1225.636,0.273,1.474,5.211
1225.747,0.276,1.471,5.209
1225.858,0.278,1.467,5.208
1225.969,0.280,1.465,5.208
1226.080,0.282,1.464,5.208
1226.192,0.281,1.464,5.210
1226.301,0.280,1.465,5.211
1226.413,0.277,1.466,5.212
1226.524,0.274,1.466,5.212
1226.635,0.271,1.466,5.211
1226.746,0.266,1.466,5.209
1226.857,0.261,1.466,5.205
1226.968,0.257,1.464,5.198
1227.080,0.261,1.455,5.184
1227.191,0.272,1.437,5.163
1227.302,0.282,1.423,5.148
1227.412,0.284,1.416,5.144
1227.524,0.287,1.417,5.139
1227.636,0.291,1.425,5.139
1227.746,0.292,1.435,5.142
1227.857,0.291,1.443,5.146
1227.969,0.286,1.452,5.145
1228.080,0.279,1.457,5.145
1228.191,0.274,1.460,5.144
1228.302,0.270,1.464,5.143
1228.412,0.263,1.470,5.143
1228.522,0.248,1.481,5.141
1228.634,0.224,1.494,5.132
1228.745,0.192,1.506,5.119
1228.856,0.155,1.516,5.102
1228.967,0.107,1.531,5.081
1229.078,0.054,1.553,5.062
1229.190,0.006,1.574,5.041
1229.301,-0.039,1.585,5.016
1229.413,-0.082,1.590,4.986
1229.524,-0.129,1.591,4.957
1229.635,-0.181,1.587,4.929
1229.746,-0.233,1.583,4.897
1229.857,-0.287,1.586,4.863
1229.969,-0.343,1.598,4.829
1230.080,-0.400,1.605,4.798
1230.191,-0.458,1.603,4.777
1230.302,-0.515,1.600,4.770
1230.413,-0.570,1.595,4.778
1230.524,-0.624,1.587,4.796
1230.635,-0.680,1.584,4.825
1230.747,-0.731,1.591,4.854
1230.858,-0.776,1.596,4.879
1230.968,-0.820,1.600,4.901
1231.079,-0.861,1.604,4.919
1231.190,-0.904,1.603,4.935
1231.301,-0.951,1.598,4.949
1231.413,-1.003,1.596,4.963
1231.524,-1.056,1.605,4.973
1231.635,-1.103,1.614,4.981
1231.746,-1.142,1.618,4.988
1231.858,-1.172,1.617,4.994
1231.970,-1.191,1.613,4.996
1232.081,-1.201,1.609,4.992
1232.192,-1.200,1.610,4.985
1232.299,-1.193,1.611,4.976
1232.411,-1.183,1.612,4.966
1232.523,-1.172,1.610,4.952
1232.635,-1.165,1.609,4.937
1232.745,-1.158,1.611,4.923
1232.856,-1.152,1.611,4.911
1232.968,-1.148,1.611,4.901
1233.079,-1.148,1.612,4.895
1233.190,-1.149,1.612,4.893
1233.302,-1.150,1.613,4.893
1233.413,-1.150,1.615,4.897
1233.524,-1.150,1.616,4.904
1233.635,-1.152,1.616,4.913
1233.746,-1.155,1.616,4.922
1233.857,-1.156,1.615,4.928
1233.969,-1.153,1.610,4.926
1234.079,-1.139,1.603,4.906
1234.191,-1.130,1.596,4.882
1234.303,-1.126,1.590,4.863
1234.414,-1.125,1.588,4.853
1234.525,-1.125,1.587,4.849
1234.636,-1.125,1.589,4.851
1234.748,-1.121,1.595,4.862
1234.859,-1.118,1.601,4.881
1234.970,-1.121,1.607,4.911
1235.081,-1.133,1.612,4.941
1235.192,-1.147,1.614,4.964
1235.299,-1.161,1.615,4.980
1235.411,-1.177,1.615,4.990
1235.523,-1.198,1.617,4.996
1235.634,-1.223,1.616,4.998
1235.745,-1.248,1.615,4.996
1235.856,-1.268,1.613,4.989
1235.966,-1.282,1.614,4.983
1236.078,-1.292,1.616,4.979
1236.189,-1.299,1.612,4.977
1236.300,-1.307,1.609,4.975
1236.411,-1.316,1.606,4.975
1236.522,-1.327,1.605,4.978
1236.634,-1.339,1.605,4.985
1236.745,-1.353,1.603,4.994
1236.856,-1.367,1.599,5.004
1236.968,-1.383,1.593,5.013
1237.078,-1.397,1.592,5.027
1237.190,-1.413,1.592,5.048
1237.301,-1.432,1.589,5.077
1237.412,-1.450,1.583,5.114
1237.523,-1.469,1.575,5.159
1237.634,-1.491,1.571,5.214
1237.745,-1.517,1.582,5.273
1237.856,-1.546,1.590,5.330
1237.968,-1.577,1.587,5.379
1238.079,-1.608,1.579,5.419
1238.191,-1.635,1.572,5.452
1238.302,-1.666,1.566,5.484
1238.413,-1.701,1.555,5.516
1238.525,-1.746,1.544,5.550
1238.635,-1.805,1.536,5.588
1238.746,-1.875,1.535,5.630
1238.857,-1.943,1.533,5.670
1238.969,-2.001,1.525,5.706
1239.080,-2.047,1.517,5.740
1239.191,-2.082,1.507,5.765
1239.302,-2.111,1.501,5.784
1239.413,-2.135,1.493,5.803
1239.524,-2.151,1.484,5.823
1239.635,-2.150,1.482,5.845
1239.746,-2.152,1.492,5.872
1239.858,-2.159,1.494,5.900
1239.969,-2.175,1.493,5.922
1240.080,-2.197,1.489,5.933
1240.191,-2.221,1.478,5.934
1240.302,-2.247,1.468,5.925
1240.413,-2.273,1.459,5.912
1240.524,-2.298,1.447,5.898
1240.635,-2.321,1.433,5.882
1240.746,-2.341,1.420,5.869
1240.854,-2.357,1.411,5.856
1240.966,-2.367,1.403,5.845
1241.077,-2.375,1.397,5.837
1241.188,-2.382,1.391,5.832
1241.299,-2.387,1.386,5.829
1241.412,-2.390,1.381,5.827
1241.522,-2.392,1.377,5.826
1241.634,-2.392,1.375,5.826
1241.745,-2.391,1.374,5.828
1241.856,-2.391,1.374,5.832
1241.968,-2.390,1.377,5.836
1242.078,-2.388,1.381,5.839
1242.189,-2.387,1.384,5.842
1242.301,-2.385,1.385,5.844
1242.412,-2.384,1.384,5.844
1242.523,-2.383,1.384,5.844
1242.634,-2.383,1.381,5.842
1242.745,-2.384,1.376,5.839
1242.857,-2.385,1.371,5.835
1242.968,-2.386,1.369,5.832
1243.078,-2.386,1.368,5.830
1243.190,-2.386,1.367,5.828
1243.301,-2.387,1.366,5.827
1243.412,-2.387,1.365,5.826
1243.524,-2.387,1.363,5.826
1243.634,-2.388,1.362,5.826
1243.746,-2.388,1.360,5.827
1243.857,-2.388,1.359,5.827
1243.969,-2.388,1.357,5.827
1244.079,-2.388,1.355,5.826
1244.191,-2.387,1.355,5.824
1244.302,-2.386,1.355,5.822
1244.413,-2.386,1.354,5.820
1244.524,-2.385,1.354,5.817
1244.636,-2.384,1.354,5.815
1244.747,-2.383,1.353,5.813
1244.858,-2.382,1.352,5.811
1244.969,-2.381,1.351,5.808
1245.080,-2.381,1.349,5.806
1245.191,-2.382,1.345,5.805
1245.302,-2.383,1.341,5.805
1245.413,-2.384,1.336,5.806
1245.524,-2.385,1.330,5.806
1245.635,-2.385,1.327,5.806
1245.746,-2.385,1.323,5.806
1245.857,-2.386,1.319,5.804
1245.969,-2.386,1.314,5.802
1246.079,-2.387,1.310,5.801
1246.191,-2.385,1.308,5.800
1246.302,-2.381,1.311,5.800
1246.413,-2.376,1.321,5.802
1246.524,-2.371,1.334,5.806
1246.635,-2.366,1.346,5.809
1246.746,-2.363,1.355,5.812
1246.858,-2.360,1.358,5.812
1246.969,-2.359,1.359,5.811
1247.079,-2.361,1.357,5.809
1247.191,-2.363,1.354,5.806
1247.302,-2.365,1.350,5.804
1247.413,-2.367,1.346,5.803
1247.524,-2.368,1.344,5.802
1247.635,-2.369,1.342,5.801
1247.746,-2.370,1.341,5.800
1247.857,-2.372,1.339,5.799
1247.969,-2.374,1.337,5.798
1248.080,-2.376,1.335,5.796
1248.191,-2.378,1.339,5.794
1248.302,-2.374,1.362,5.791
1248.413,-2.352,1.411,5.790
1248.525,-2.314,1.472,5.787
1248.636,-2.256,1.523,5.777
1248.747,-2.199,1.566,5.770
1248.858,-2.150,1.596,5.761
1248.970,-2.105,1.607,5.749
1249.081,-2.065,1.610,5.732
1249.192,-2.032,1.608,5.711
1249.303,-2.006,1.602,5.685
1249.415,-1.987,1.592,5.652
1249.527,-1.976,1.586,5.612
1249.636,-1.970,1.578,5.561
1249.748,-1.967,1.570,5.499
1249.859,-1.966,1.564,5.427
1249.970,-1.964,1.567,5.347
1250.082,-1.959,1.587,5.265
1250.193,-1.951,1.602,5.186
1250.303,-1.938,1.606,5.108
1250.414,-1.919,1.605,5.030
1250.526,-1.896,1.598,4.946
1250.637,-1.865,1.588,4.858
1250.748,-1.831,1.590,4.764
1250.860,-1.799,1.607,4.669
1250.971,-1.776,1.616,4.574
1251.081,-1.760,1.617,4.479
1251.192,-1.752,1.606,4.384
1251.305,-1.755,1.587,4.288
1251.414,-1.764,1.589,4.187
1251.526,-1.769,1.595,4.090
1251.637,-1.766,1.599,3.994
1251.747,-1.758,1.597,3.903
1251.853,-1.744,1.586,3.811
1251.966,-1.725,1.572,3.716
1252.077,-1.701,1.573,3.617
1252.188,-1.679,1.590,3.521
1252.300,-1.664,1.600,3.431
1252.411,-1.654,1.603,3.347
1252.522,-1.646,1.598,3.267
1252.634,-1.640,1.586,3.189
1252.745,-1.636,1.583,3.111
1252.856,-1.633,1.597,3.034
1252.968,-1.627,1.610,2.961
1253.079,-1.617,1.616,2.902
1253.190,-1.606,1.618,2.859
1253.301,-1.593,1.616,2.830
1253.412,-1.582,1.614,2.814
1253.524,-1.572,1.614,2.803
1253.635,-1.564,1.610,2.794
1253.745,-1.554,1.609,2.787
1253.857,-1.545,1.607,2.781
1253.968,-1.539,1.605,2.778
1254.079,-1.533,1.604,2.776
1254.191,-1.523,1.605,2.773
1254.302,-1.507,1.606,2.773
1254.413,-1.491,1.607,2.771
1254.524,-1.474,1.607,2.771
1254.636,-1.459,1.607,2.772
1254.746,-1.453,1.604,2.775
1254.858,-1.451,1.604,2.775
1254.969,-1.455,1.602,2.772
1255.080,-1.466,1.599,2.768
1255.191,-1.485,1.598,2.764
1255.302,-1.507,1.597,2.760
1255.413,-1.528,1.595,2.759
1255.524,-1.544,1.596,2.758
1255.635,-1.557,1.596,2.758
1255.746,-1.563,1.597,2.760
1255.858,-1.565,1.598,2.762
1255.969,-1.564,1.598,2.763
1256.080,-1.558,1.600,2.762
1256.192,-1.548,1.601,2.760
1256.303,-1.534,1.601,2.759
1256.414,-1.517,1.601,2.758
1256.525,-1.497,1.601,2.758
1256.637,-1.476,1.601,2.761
1256.747,-1.456,1.601,2.766
1256.859,-1.440,1.600,2.772
1256.969,-1.427,1.601,2.777
1257.080,-1.420,1.600,2.780
1257.192,-1.417,1.601,2.780
1257.303,-1.419,1.600,2.776
1257.414,-1.421,1.598,2.767
1257.525,-1.427,1.592,2.756
1257.637,-1.443,1.587,2.746
1257.747,-1.463,1.586,2.741
1257.859,-1.484,1.587,2.738
1257.970,-1.503,1.590,2.740
1258.081,-1.516,1.594,2.745
1258.192,-1.524,1.597,2.750
1258.299,-1.526,1.598,2.755
1258.411,-1.522,1.598,2.757
1258.523,-1.515,1.598,2.758
1258.634,-1.508,1.598,2.757
1258.745,-1.505,1.597,2.756
1258.856,-1.506,1.594,2.755
1258.968,-1.511,1.593,2.755
1259.079,-1.515,1.596,2.751
1259.189,-1.520,1.596,2.746
1259.301,-1.524,1.595,2.742
1259.412,-1.526,1.594,2.740
1259.524,-1.525,1.594,2.739
1259.635,-1.527,1.597,2.736
1259.746,-1.529,1.600,2.734
1259.857,-1.530,1.600,2.734
1259.968,-1.530,1.597,2.735
1260.080,-1.529,1.596,2.738
1260.191,-1.530,1.596,2.742
1260.302,-1.533,1.598,2.743
1260.413,-1.537,1.598,2.743
1260.524,-1.541,1.597,2.743
1260.635,-1.541,1.596,2.745
1260.747,-1.538,1.596,2.747
1260.856,-1.536,1.597,2.746
1260.968,-1.535,1.597,2.745
1261.079,-1.534,1.597,2.744
1261.191,-1.533,1.596,2.744
1261.301,-1.530,1.596,2.744
1261.413,-1.527,1.595,2.745
1261.524,-1.525,1.595,2.746
1261.635,-1.526,1.593,2.748
1261.746,-1.527,1.593,2.748
1261.858,-1.526,1.592,2.750
1261.969,-1.523,1.591,2.752
1262.080,-1.517,1.591,2.755
1262.191,-1.508,1.591,2.759
1262.303,-1.495,1.590,2.763
1262.413,-1.481,1.590,2.765
1262.525,-1.467,1.589,2.766
1262.636,-1.459,1.586,2.766
1262.747,-1.455,1.583,2.766
1262.858,-1.455,1.579,2.766
1262.970,-1.458,1.577,2.766
1263.081,-1.460,1.577,2.764
1263.192,-1.466,1.577,2.759
1263.303,-1.473,1.577,2.754
1263.414,-1.482,1.579,2.750
1263.525,-1.491,1.581,2.746
1263.637,-1.498,1.582,2.743
1263.747,-1.506,1.584,2.739
1263.858,-1.513,1.586,2.736
1263.969,-1.520,1.586,2.732
1264.080,-1.526,1.586,2.729
1264.191,-1.531,1.587,2.725
1264.303,-1.535,1.587,2.720
1264.414,-1.538,1.587,2.716
1264.525,-1.540,1.586,2.712
1264.636,-1.540,1.586,2.708
1264.747,-1.539,1.585,2.705
1264.859,-1.537,1.585,2.703
1264.970,-1.534,1.585,2.700
1265.081,-1.531,1.584,2.698
1265.192,-1.529,1.583,2.696
1265.303,-1.527,1.582,2.694
1265.414,-1.524,1.582,2.693
1265.525,-1.521,1.582,2.692
1265.637,-1.518,1.582,2.691
1265.747,-1.515,1.581,2.689
1265.859,-1.513,1.581,2.688
1265.970,-1.511,1.581,2.687
1266.081,-1.510,1.581,2.685
1266.193,-1.511,1.580,2.683
1266.303,-1.511,1.579,2.681
1266.414,-1.512,1.580,2.680
1266.526,-1.513,1.579,2.679
1266.637,-1.515,1.579,2.681
1266.748,-1.517,1.579,2.684
1266.859,-1.518,1.580,2.686
1266.970,-1.517,1.581,2.687
1267.081,-1.515,1.580,2.688
1267.193,-1.510,1.582,2.691
1267.303,-1.501,1.583,2.696
1267.414,-1.484,1.586,2.706
1267.526,-1.453,1.594,2.719
1267.637,-1.414,1.602,2.748
1267.748,-1.380,1.609,2.796
1267.859,-1.364,1.608,2.856
1267.972,-1.365,1.606,2.912
1268.082,-1.371,1.605,2.952
1268.193,-1.373,1.609,2.982
1268.303,-1.368,1.611,3.008
1268.414,-1.359,1.613,3.036
1268.525,-1.346,1.613,3.064
1268.636,-1.323,1.616,3.094
1268.747,-1.297,1.622,3.123
1268.859,-1.276,1.624,3.148
1268.969,-1.261,1.623,3.169
1269.080,-1.251,1.628,3.184
1269.191,-1.244,1.633,3.195
1269.303,-1.240,1.631,3.203
1269.414,-1.240,1.628,3.208
1269.525,-1.243,1.626,3.209
1269.636,-1.247,1.625,3.209
1269.747,-1.250,1.623,3.203
1269.859,-1.253,1.627,3.196
1269.969,-1.256,1.627,3.190
1270.080,-1.259,1.626,3.186
1270.192,-1.260,1.626,3.184
1270.303,-1.260,1.625,3.185
1270.414,-1.258,1.624,3.186
1270.525,-1.256,1.621,3.186
1270.636,-1.254,1.620,3.185
1270.747,-1.252,1.620,3.184
1270.858,-1.250,1.621,3.183
1270.970,-1.249,1.622,3.183
1271.081,-1.248,1.623,3.184
1271.192,-1.246,1.624,3.186
1271.303,-1.243,1.624,3.188
1271.414,-1.242,1.626,3.190
1271.525,-1.241,1.639,3.190
1271.636,-1.242,1.657,3.182
1271.747,-1.247,1.668,3.169
1271.858,-1.251,1.675,3.154
1271.970,-1.255,1.676,3.142
1272.082,-1.259,1.676,3.135
1272.192,-1.264,1.676,3.130
1272.304,-1.267,1.675,3.127
1272.414,-1.269,1.674,3.128
1272.526,-1.270,1.674,3.130
1272.637,-1.270,1.674,3.133
1272.748,-1.272,1.673,3.133
1272.859,-1.269,1.673,3.128
1272.970,-1.261,1.674,3.121
1273.081,-1.257,1.673,3.120
1273.193,-1.254,1.672,3.123
1273.304,-1.254,1.672,3.136
1273.416,-1.261,1.672,3.152
1273.526,-1.268,1.673,3.165
1273.637,-1.277,1.676,3.170
1273.748,-1.284,1.676,3.170
1273.859,-1.287,1.675,3.170
1273.971,-1.289,1.674,3.176
1274.082,-1.296,1.676,3.186
1274.193,-1.307,1.676,3.198
1274.302,-1.311,1.677,3.211
1274.414,-1.305,1.679,3.221
1274.525,-1.288,1.677,3.227
1274.636,-1.266,1.673,3.229
1274.747,-1.241,1.671,3.224
1274.859,-1.216,1.666,3.216
1274.970,-1.195,1.669,3.203
1275.081,-1.186,1.671,3.188
1275.193,-1.187,1.675,3.173
1275.304,-1.194,1.676,3.159
1275.415,-1.206,1.674,3.145
1275.526,-1.217,1.670,3.127
1275.637,-1.231,1.667,3.103
1275.749,-1.252,1.665,3.083
1275.859,-1.277,1.663,3.068
1275.971,-1.310,1.665,3.059
1276.082,-1.344,1.665,3.054
1276.193,-1.373,1.665,3.052
1276.304,-1.392,1.666,3.049
1276.415,-1.397,1.668,3.042
1276.526,-1.387,1.672,3.042
1276.637,-1.371,1.676,3.049
1276.748,-1.354,1.677,3.062
1276.860,-1.339,1.678,3.083
1276.970,-1.326,1.680,3.103
1277.081,-1.314,1.679,3.114
1277.193,-1.301,1.679,3.118
1277.304,-1.290,1.678,3.117
1277.415,-1.279,1.675,3.117
1277.525,-1.268,1.672,3.123
1277.637,-1.265,1.662,3.134
1277.748,-1.262,1.652,3.147
1277.858,-1.260,1.645,3.161
1277.969,-1.259,1.639,3.173
1278.080,-1.260,1.633,3.184
1278.192,-1.258,1.628,3.192
1278.303,-1.255,1.627,3.199
1278.414,-1.252,1.625,3.207
1278.525,-1.249,1.623,3.215
1278.636,-1.248,1.620,3.223
1278.748,-1.251,1.610,3.232
1278.859,-1.260,1.604,3.239
1278.969,-1.272,1.594,3.242
1279.080,-1.281,1.575,3.248
1279.192,-1.287,1.556,3.256
1279.303,-1.287,1.538,3.266
1279.413,-1.283,1.519,3.281
1279.526,-1.277,1.491,3.297
1279.636,-1.273,1.464,3.316
1279.747,-1.270,1.443,3.333
1279.858,-1.275,1.429,3.344
1279.969,-1.288,1.420,3.346
1280.081,-1.310,1.418,3.342
1280.192,-1.335,1.418,3.333
1280.303,-1.362,1.423,3.318
1280.414,-1.389,1.438,3.293
1280.524,-1.411,1.458,3.259
1280.635,-1.424,1.481,3.215
1280.746,-1.426,1.501,3.169
1280.855,-1.416,1.510,3.130
1280.966,-1.403,1.516,3.107
1281.078,-1.394,1.521,3.097
1281.190,-1.389,1.530,3.097
1281.301,-1.389,1.541,3.102
1281.412,-1.389,1.552,3.104
1281.523,-1.385,1.563,3.102
1281.635,-1.381,1.574,3.099
1281.746,-1.374,1.585,3.097
1281.857,-1.366,1.596,3.098
1281.968,-1.358,1.602,3.099
1282.079,-1.352,1.606,3.099
1282.191,-1.343,1.609,3.102
1282.302,-1.334,1.610,3.104
1282.413,-1.327,1.610,3.107
1282.524,-1.322,1.611,3.106
1282.635,-1.318,1.610,3.103
1282.747,-1.312,1.607,3.099
1282.858,-1.305,1.606,3.096
1282.969,-1.300,1.605,3.097
1283.081,-1.297,1.605,3.099
1283.192,-1.296,1.605,3.102
1283.302,-1.294,1.604,3.105
1283.414,-1.291,1.604,3.111
1283.525,-1.291,1.603,3.116
1283.635,-1.292,1.601,3.122
1283.746,-1.295,1.599,3.128
1283.858,-1.299,1.597,3.134
1283.969,-1.303,1.593,3.140
1284.080,-1.305,1.592,3.147
1284.191,-1.308,1.590,3.154
1284.302,-1.311,1.589,3.162
1284.413,-1.314,1.588,3.168
1284.524,-1.318,1.587,3.174
1284.635,-1.322,1.587,3.179
1284.746,-1.326,1.587,3.184
1284.858,-1.331,1.587,3.190
1284.969,-1.336,1.587,3.199
1285.080,-1.343,1.586,3.209
1285.191,-1.351,1.586,3.220
1285.302,-1.363,1.583,3.234
1285.413,-1.377,1.574,3.249
1285.524,-1.391,1.563,3.264
1285.635,-1.397,1.568,3.282
1285.746,-1.394,1.575,3.307
1285.857,-1.384,1.578,3.337
1285.969,-1.367,1.586,3.372
1286.080,-1.343,1.597,3.401
1286.192,-1.320,1.603,3.411
1286.303,-1.308,1.612,3.407
1286.414,-1.311,1.614,3.386
1286.526,-1.330,1.619,3.349
1286.637,-1.365,1.611,3.310
1286.749,-1.408,1.608,3.276
1286.859,-1.447,1.609,3.248
1286.970,-1.479,1.608,3.224
1287.081,-1.511,1.606,3.200
1287.192,-1.543,1.607,3.174
1287.303,-1.574,1.608,3.138
1287.415,-1.604,1.608,3.093
1287.526,-1.635,1.606,3.035
1287.637,-1.664,1.610,2.972
1287.748,-1.689,1.619,2.912
1287.859,-1.708,1.623,2.867
1287.969,-1.721,1.623,2.840
1288.080,-1.724,1.621,2.828
1288.192,-1.718,1.617,2.830
1288.303,-1.704,1.614,2.845
1288.414,-1.677,1.610,2.874
1288.526,-1.649,1.605,2.912
1288.637,-1.623,1.598,2.954
1288.748,-1.603,1.592,2.994
1288.859,-1.589,1.586,3.031
1288.970,-1.580,1.581,3.063
1289.081,-1.574,1.576,3.087
1289.193,-1.568,1.573,3.103
1289.303,-1.564,1.569,3.112
1289.415,-1.562,1.568,3.118
1289.526,-1.560,1.571,3.120
1289.637,-1.559,1.571,3.121
1289.748,-1.557,1.573,3.120
1289.859,-1.555,1.575,3.115
1289.971,-1.555,1.574,3.111
1290.081,-1.555,1.574,3.105
1290.193,-1.554,1.573,3.099
1290.304,-1.553,1.572,3.094
1290.415,-1.554,1.573,3.089
1290.526,-1.558,1.575,3.083
1290.638,-1.566,1.574,3.078
1290.748,-1.573,1.576,3.072
1290.859,-1.576,1.578,3.068
1290.970,-1.577,1.577,3.068
1291.081,-1.579,1.577,3.065
1291.192,-1.580,1.578,3.065
1291.304,-1.581,1.576,3.068
1291.414,-1.580,1.575,3.070
1291.526,-1.575,1.574,3.073
1291.637,-1.569,1.573,3.075
1291.748,-1.565,1.573,3.077
1291.859,-1.563,1.573,3.078
1291.970,-1.562,1.572,3.079
1292.082,-1.562,1.572,3.079
1292.193,-1.562,1.572,3.080
1292.303,-1.562,1.572,3.081
1292.414,-1.562,1.571,3.081
1292.526,-1.561,1.571,3.082
1292.637,-1.561,1.571,3.083
1292.748,-1.561,1.571,3.085
1292.859,-1.561,1.571,3.087
1292.970,-1.561,1.571,3.088
1293.081,-1.563,1.570,3.089
1293.193,-1.566,1.570,3.089
1293.304,-1.569,1.571,3.089
1293.415,-1.571,1.571,3.088
1293.526,-1.572,1.571,3.086
1293.637,-1.572,1.571,3.085
1293.748,-1.572,1.572,3.083
1293.859,-1.572,1.572,3.081
1293.970,-1.572,1.571,3.079
1294.081,-1.571,1.573,3.078
1294.193,-1.570,1.574,3.077
1294.304,-1.569,1.574,3.076
1294.415,-1.567,1.572,3.075
1294.526,-1.566,1.570,3.076
1294.637,-1.566,1.569,3.076
1294.748,-1.567,1.569,3.077
1294.859,-1.567,1.568,3.078
1294.970,-1.568,1.568,3.078
1295.082,-1.569,1.569,3.079
1295.193,-1.570,1.571,3.079
1295.303,-1.572,1.569,3.079
1295.415,-1.573,1.569,3.079
1295.526,-1.573,1.570,3.080
1295.637,-1.572,1.571,3.079
1295.748,-1.570,1.569,3.079
1295.859,-1.568,1.569,3.080
1295.971,-1.566,1.569,3.082
1296.082,-1.564,1.569,3.085
1296.192,-1.562,1.567,3.088
1296.304,-1.560,1.568,3.090
1296.415,-1.560,1.569,3.090
1296.526,-1.562,1.568,3.091
1296.637,-1.564,1.569,3.092
1296.748,-1.566,1.570,3.091
1296.859,-1.567,1.570,3.089
1296.970,-1.569,1.571,3.086
1297.082,-1.570,1.572,3.083
1297.193,-1.572,1.572,3.080
1297.304,-1.573,1.571,3.078
1297.414,-1.575,1.571,3.077
1297.526,-1.577,1.571,3.076
1297.637,-1.579,1.568,3.077
1297.748,-1.580,1.567,3.078
1297.859,-1.580,1.565,3.080
1297.970,-1.580,1.562,3.082
1298.081,-1.579,1.560,3.084
1298.192,-1.579,1.560,3.085
1298.302,-1.580,1.560,3.085
1298.414,-1.582,1.558,3.086
1298.525,-1.583,1.557,3.087
1298.636,-1.584,1.557,3.087
1298.748,-1.584,1.558,3.087
1298.859,-1.585,1.559,3.086
1298.970,-1.585,1.559,3.085
1299.081,-1.586,1.559,3.084
1299.192,-1.583,1.561,3.085
1299.303,-1.580,1.563,3.086
1299.414,-1.576,1.564,3.089
1299.525,-1.574,1.564,3.092
1299.636,-1.573,1.565,3.094
1299.748,-1.573,1.564,3.097
1299.859,-1.572,1.564,3.101
1299.970,-1.570,1.563,3.105
1300.081,-1.570,1.562,3.109
1300.192,-1.570,1.563,3.113
1300.303,-1.570,1.562,3.117
1300.415,-1.570,1.560,3.121
1300.525,-1.570,1.560,3.122
1300.637,-1.570,1.561,3.120
1300.746,-1.569,1.559,3.119
1300.855,-1.569,1.557,3.117
1300.966,-1.567,1.553,3.115
1301.077,-1.565,1.556,3.112
1301.189,-1.562,1.558,3.109
1301.301,-1.558,1.559,3.107
1301.412,-1.557,1.561,3.101
1301.523,-1.554,1.561,3.096
1301.634,-1.552,1.560,3.093
1301.745,-1.551,1.559,3.092
1301.856,-1.550,1.560,3.093
1301.968,-1.546,1.561,3.095
1302.079,-1.541,1.562,3.099
1302.191,-1.537,1.563,3.104
1302.302,-1.534,1.566,3.109
1302.413,-1.532,1.569,3.115
1302.524,-1.531,1.570,3.120
1302.635,-1.531,1.571,3.123
1302.746,-1.533,1.571,3.125
1302.857,-1.534,1.572,3.125
1302.969,-1.533,1.572,3.123
1303.079,-1.532,1.572,3.117
1303.191,-1.532,1.575,3.107
1303.302,-1.532,1.580,3.088
1303.414,-1.535,1.579,3.060
1303.525,-1.540,1.582,3.023
1303.636,-1.547,1.588,2.979
1303.747,-1.556,1.590,2.931
1303.858,-1.566,1.593,2.884
1303.969,-1.575,1.595,2.847
1304.080,-1.586,1.593,2.815
1304.192,-1.600,1.585,2.787
1304.303,-1.613,1.576,2.760
1304.414,-1.621,1.573,2.739
1304.525,-1.628,1.578,2.723
1304.636,-1.636,1.585,2.708
1304.747,-1.633,1.589,2.692
1304.858,-1.614,1.589,2.685
1304.970,-1.602,1.589,2.680
1305.081,-1.595,1.588,2.674
1305.192,-1.589,1.588,2.669
1305.303,-1.580,1.589,2.665
1305.414,-1.567,1.590,2.666
1305.525,-1.551,1.590,2.673
1305.637,-1.533,1.589,2.685
1305.747,-1.518,1.590,2.695
1305.859,-1.502,1.592,2.705
1305.970,-1.486,1.593,2.714
1306.081,-1.473,1.592,2.725
1306.192,-1.465,1.592,2.734
1306.303,-1.458,1.590,2.742
1306.415,-1.447,1.591,2.749
1306.526,-1.440,1.593,2.756
1306.637,-1.437,1.591,2.762
1306.747,-1.438,1.591,2.767
1306.859,-1.438,1.591,2.771
1306.970,-1.442,1.591,2.771
1307.081,-1.449,1.590,2.770
1307.192,-1.455,1.590,2.768
1307.303,-1.462,1.590,2.766
1307.414,-1.469,1.590,2.766
1307.526,-1.475,1.591,2.765
1307.637,-1.483,1.590,2.766
1307.747,-1.489,1.590,2.766
1307.858,-1.492,1.591,2.767
1307.969,-1.495,1.591,2.768
1308.080,-1.497,1.593,2.769
1308.191,-1.498,1.595,2.770
1308.302,-1.497,1.596,2.770
1308.413,-1.495,1.594,2.769
1308.524,-1.491,1.593,2.769
1308.636,-1.488,1.593,2.770
1308.747,-1.480,1.594,2.771
1308.859,-1.475,1.593,2.776
1308.969,-1.470,1.592,2.779
1309.080,-1.465,1.592,2.782
1309.191,-1.459,1.592,2.785
1309.302,-1.452,1.592,2.788
1309.413,-1.445,1.592,2.790
1309.524,-1.440,1.596,2.791
1309.635,-1.438,1.598,2.790
1309.746,-1.438,1.602,2.789
1309.857,-1.440,1.608,2.788
1309.968,-1.443,1.613,2.790
1310.079,-1.444,1.618,2.793
1310.191,-1.443,1.619,2.794
1310.302,-1.442,1.621,2.795
1310.413,-1.440,1.623,2.792
1310.524,-1.435,1.623,2.788
1310.636,-1.429,1.621,2.787
1310.746,-1.420,1.619,2.787
1310.858,-1.408,1.617,2.787
1310.968,-1.401,1.618,2.786
1311.079,-1.399,1.620,2.785
1311.191,-1.402,1.622,2.783
1311.302,-1.406,1.624,2.780
1311.413,-1.411,1.625,2.774
1311.524,-1.417,1.625,2.768
1311.635,-1.422,1.624,2.765
1311.746,-1.426,1.620,2.765
1311.856,-1.429,1.612,2.771
1311.966,-1.428,1.600,2.783
1312.078,-1.424,1.591,2.800
1312.189,-1.423,1.587,2.812
1312.301,-1.424,1.586,2.819
1312.411,-1.427,1.586,2.821
1312.524,-1.431,1.587,2.821
1312.634,-1.435,1.587,2.822
1312.745,-1.437,1.586,2.822
1312.857,-1.438,1.585,2.821
1312.971,-1.440,1.584,2.820
1313.078,-1.439,1.585,2.818
1313.190,-1.436,1.585,2.817
1313.301,-1.431,1.585,2.816
1313.412,-1.426,1.584,2.815
1313.523,-1.418,1.584,2.815
1313.635,-1.407,1.585,2.815
1313.746,-1.393,1.583,2.814
1313.857,-1.375,1.582,2.812
1313.968,-1.356,1.580,2.809
1314.079,-1.338,1.582,2.804
1314.191,-1.321,1.582,2.796
1314.302,-1.308,1.578,2.785
1314.412,-1.296,1.569,2.773
1314.524,-1.283,1.563,2.759
1314.635,-1.265,1.562,2.743
1314.746,-1.237,1.565,2.730
1314.857,-1.205,1.569,2.718
1314.968,-1.185,1.570,2.715
1315.083,-1.175,1.567,2.717
1315.191,-1.177,1.565,2.727
1315.301,-1.196,1.563,2.740
1315.412,-1.230,1.562,2.754
1315.523,-1.270,1.563,2.769
1315.635,-1.302,1.562,2.784
1315.746,-1.326,1.561,2.799
1315.856,-1.343,1.565,2.809
1315.968,-1.355,1.566,2.816
1316.078,-1.360,1.565,2.823
1316.190,-1.371,1.564,2.828
1316.301,-1.397,1.568,2.827
1316.412,-1.429,1.579,2.825
1316.523,-1.460,1.584,2.821
1316.634,-1.489,1.587,2.816
1316.745,-1.513,1.588,2.813
1316.858,-1.533,1.589,2.811
1316.968,-1.549,1.589,2.808
1317.082,-1.559,1.588,2.804
1317.190,-1.566,1.586,2.801
1317.302,-1.569,1.585,2.799
1317.412,-1.571,1.585,2.797
1317.523,-1.577,1.585,2.794
1317.634,-1.586,1.586,2.791
1317.745,-1.593,1.586,2.790
1317.857,-1.601,1.586,2.790
1317.968,-1.607,1.586,2.791
1318.079,-1.612,1.587,2.789
1318.190,-1.616,1.588,2.788
1318.301,-1.617,1.588,2.788
1318.412,-1.616,1.588,2.788
1318.523,-1.615,1.588,2.791
1318.635,-1.611,1.588,2.794
1318.746,-1.605,1.587,2.798
1318.857,-1.599,1.587,2.801
1318.964,-1.593,1.586,2.805
1319.076,-1.591,1.586,2.807
1319.188,-1.589,1.586,2.808
1319.298,-1.587,1.587,2.809
1319.410,-1.589,1.588,2.809
1319.521,-1.600,1.595,2.808
1319.632,-1.610,1.598,2.813
1319.743,-1.609,1.601,2.817
1319.854,-1.599,1.600,2.820
1319.965,-1.581,1.587,2.825
1320.076,-1.566,1.578,2.827
1320.188,-1.560,1.574,2.828
1320.299,-1.559,1.574,2.825
1320.410,-1.557,1.574,2.823
1320.521,-1.557,1.573,2.819
1320.633,-1.558,1.573,2.815
1320.744,-1.560,1.572,2.812
1320.853,-1.564,1.573,2.807
1320.965,-1.567,1.573,2.804
1321.077,-1.568,1.573,2.801
1321.188,-1.567,1.574,2.797
1321.299,-1.566,1.573,2.795
1321.410,-1.562,1.573,2.795
1321.521,-1.555,1.568,2.797
1321.632,-1.545,1.562,2.799
1321.743,-1.536,1.557,2.800
1321.854,-1.530,1.551,2.801
1321.966,-1.525,1.545,2.803
1322.077,-1.525,1.543,2.804
1322.188,-1.526,1.544,2.802
1322.299,-1.517,1.545,2.796
1322.410,-1.497,1.538,2.787
1322.522,-1.458,1.527,2.782
1322.633,-1.389,1.513,2.782
1322.745,-1.297,1.487,2.786
1322.856,-1.199,1.447,2.789
1322.968,-1.112,1.386,2.791
1323.079,-1.039,1.308,2.790
1323.191,-0.983,1.216,2.784
1323.302,-0.938,1.119,2.773
1323.413,-0.899,1.016,2.764
1323.524,-0.873,0.919,2.755
1323.636,-0.856,0.850,2.745
1323.747,-0.844,0.819,2.735
1323.858,-0.837,0.831,2.728
1323.969,-0.834,0.882,2.723
1324.081,-0.838,0.961,2.722
1324.192,-0.850,1.062,2.729
1324.303,-0.865,1.135,2.737
1324.413,-0.870,1.139,2.739
1324.524,-0.861,1.080,2.735
1324.635,-0.847,0.980,2.730
1324.747,-0.832,0.879,2.730
1324.858,-0.817,0.814,2.735
1324.969,-0.805,0.809,2.742
1325.080,-0.802,0.869,2.742
1325.191,-0.808,0.963,2.743
1325.302,-0.829,1.080,2.751
1325.413,-0.866,1.204,2.767
1325.524,-0.919,1.319,2.788
1325.635,-0.986,1.413,2.814
1325.746,-1.055,1.473,2.839
1325.858,-1.109,1.518,2.858
1325.968,-1.156,1.547,2.874
1326.079,-1.199,1.559,2.889
1326.190,-1.236,1.564,2.904
1326.305,-1.270,1.568,2.917
1326.411,-1.303,1.569,2.931
1326.523,-1.341,1.565,2.948
1326.634,-1.380,1.566,2.963
1326.745,-1.423,1.577,2.970
1326.857,-1.471,1.583,2.979
1326.968,-1.514,1.585,2.990
1327.079,-1.550,1.590,2.995
1327.191,-1.584,1.592,2.993
1327.302,-1.614,1.590,2.985
1327.413,-1.636,1.585,2.968
1327.524,-1.645,1.580,2.943
1327.635,-1.650,1.585,2.914
1327.746,-1.661,1.591,2.880
1327.857,-1.676,1.598,2.845
1327.967,-1.695,1.603,2.813
1328.079,-1.721,1.600,2.788
1328.190,-1.756,1.595,2.769
1328.301,-1.799,1.596,2.753
1328.413,-1.849,1.596,2.741
1328.525,-1.897,1.597,2.729
1328.635,-1.937,1.599,2.718
1328.747,-1.966,1.595,2.714
1328.857,-1.979,1.590,2.715
1328.968,-1.979,1.583,2.726
1329.079,-1.971,1.574,2.737
1329.190,-1.961,1.565,2.746
1329.302,-1.950,1.558,2.752
1329.412,-1.937,1.549,2.758
1329.524,-1.923,1.542,2.762
1329.635,-1.911,1.539,2.766
1329.746,-1.903,1.542,2.769
1329.857,-1.897,1.543,2.770
1329.971,-1.893,1.545,2.769
1330.079,-1.891,1.548,2.767
1330.190,-1.890,1.550,2.764
1330.301,-1.890,1.554,2.759
1330.413,-1.891,1.559,2.752
1330.523,-1.890,1.552,2.751
1330.634,-1.886,1.550,2.746
1330.746,-1.888,1.556,2.738
1330.857,-1.890,1.568,2.734
1330.968,-1.892,1.578,2.734
1331.079,-1.895,1.587,2.734
1331.190,-1.904,1.595,2.731
1331.302,-1.928,1.609,2.719
1331.413,-1.958,1.621,2.712
1331.525,-1.977,1.627,2.713
1331.637,-1.989,1.630,2.716
1331.748,-1.995,1.627,2.720
1331.859,-1.999,1.626,2.722
1331.971,-1.997,1.626,2.723
1332.081,-1.990,1.624,2.722
1332.192,-1.969,1.612,2.727
1332.302,-1.941,1.593,2.742
1332.413,-1.920,1.586,2.761
1332.524,-1.913,1.583,2.772
1332.635,-1.910,1.578,2.781
1332.745,-1.907,1.579,2.788
1332.857,-1.905,1.579,2.793
1332.968,-1.903,1.578,2.797
1333.079,-1.901,1.577,2.801
1333.190,-1.900,1.576,2.805
1333.300,-1.899,1.575,2.807
1333.412,-1.898,1.575,2.810
1333.523,-1.897,1.575,2.812
1333.635,-1.895,1.583,2.810
1333.745,-1.890,1.595,2.803
1333.856,-1.876,1.606,2.796
1333.968,-1.851,1.610,2.791
1334.079,-1.816,1.610,2.791
1334.191,-1.779,1.607,2.794
1334.302,-1.744,1.606,2.795
1334.413,-1.710,1.611,2.793
1334.524,-1.676,1.614,2.783
1334.635,-1.641,1.615,2.767
1334.747,-1.603,1.615,2.746
1334.858,-1.563,1.617,2.722
1334.970,-1.522,1.620,2.701
1335.081,-1.485,1.624,2.685
1335.192,-1.454,1.622,2.674
1335.303,-1.431,1.616,2.672
1335.413,-1.414,1.607,2.678
1335.524,-1.406,1.605,2.678
1335.635,-1.405,1.606,2.673
1335.746,-1.407,1.607,2.671
1335.857,-1.411,1.608,2.671
1335.969,-1.413,1.612,2.671
1336.079,-1.414,1.612,2.672
1336.190,-1.414,1.612,2.672
1336.302,-1.411,1.610,2.676
1336.413,-1.404,1.606,2.685
1336.524,-1.396,1.600,2.700
1336.635,-1.394,1.596,2.713
1336.745,-1.393,1.595,2.723
1336.857,-1.392,1.594,2.729
1336.968,-1.391,1.594,2.733
1337.079,-1.388,1.594,2.734
1337.191,-1.383,1.594,2.733
1337.304,-1.378,1.594,2.731
1337.412,-1.373,1.594,2.729
1337.524,-1.369,1.593,2.726
1337.634,-1.367,1.596,2.720
1337.746,-1.365,1.600,2.706
1337.857,-1.362,1.604,2.690
1337.968,-1.356,1.609,2.672
1338.079,-1.347,1.615,2.652
1338.191,-1.331,1.620,2.631
1338.302,-1.309,1.628,2.615
1338.413,-1.281,1.632,2.605
1338.524,-1.247,1.635,2.599
1338.636,-1.209,1.634,2.599
1338.748,-1.170,1.638,2.604
1338.859,-1.134,1.642,2.610
1338.970,-1.103,1.640,2.616
1339.081,-1.080,1.630,2.624
1339.192,-1.064,1.617,2.637
1339.302,-1.059,1.606,2.649
1339.413,-1.062,1.598,2.658
1339.525,-1.068,1.593,2.665
1339.635,-1.073,1.585,2.671
1339.746,-1.075,1.578,2.676
1339.857,-1.076,1.573,2.676
1339.968,-1.077,1.570,2.673
1340.079,-1.079,1.567,2.669
1340.190,-1.081,1.565,2.664
1340.301,-1.084,1.563,2.660
1340.412,-1.088,1.562,2.656
1340.523,-1.090,1.561,2.652
1340.634,-1.092,1.560,2.649
1340.745,-1.093,1.560,2.647
1340.854,-1.093,1.560,2.647
1340.966,-1.094,1.562,2.646
1341.077,-1.093,1.564,2.647
1341.188,-1.094,1.566,2.648
1341.299,-1.097,1.570,2.645
1341.410,-1.104,1.573,2.639
1341.522,-1.118,1.576,2.631
1341.633,-1.139,1.578,2.621
1341.744,-1.162,1.579,2.614
1341.856,-1.188,1.577,2.608
1341.967,-1.219,1.578,2.599
1342.078,-1.252,1.582,2.588
1342.190,-1.278,1.590,2.580
1342.302,-1.301,1.594,2.580
1342.413,-1.324,1.595,2.586
1342.525,-1.347,1.597,2.599
1342.636,-1.365,1.597,2.620
1342.747,-1.381,1.596,2.649
1342.858,-1.395,1.591,2.683
1342.969,-1.409,1.587,2.719
1343.081,-1.422,1.586,2.755
1343.191,-1.434,1.591,2.788
1343.302,-1.447,1.595,2.820
1343.413,-1.458,1.600,2.850
1343.525,-1.466,1.603,2.876
1343.635,-1.475,1.607,2.895
1343.747,-1.485,1.609,2.908
1343.859,-1.495,1.610,2.917
1343.969,-1.505,1.608,2.924
1344.080,-1.512,1.609,2.928
1344.192,-1.515,1.609,2.931
1344.303,-1.519,1.608,2.933
1344.414,-1.523,1.608,2.933
1344.525,-1.527,1.608,2.932
1344.636,-1.532,1.607,2.932
1344.747,-1.536,1.607,2.930
1344.859,-1.540,1.607,2.929
1344.970,-1.544,1.608,2.928
1345.081,-1.550,1.607,2.926
1345.192,-1.556,1.607,2.925
1345.303,-1.562,1.608,2.925
1345.414,-1.568,1.609,2.924
1345.525,-1.568,1.611,2.923
1345.637,-1.564,1.615,2.921
1345.748,-1.551,1.617,2.923
1345.859,-1.531,1.617,2.936
1345.970,-1.501,1.615,2.965
1346.081,-1.466,1.614,3.019
1346.192,-1.433,1.613,3.090
1346.304,-1.405,1.612,3.168
1346.415,-1.383,1.607,3.245
1346.526,-1.363,1.599,3.319
1346.637,-1.338,1.592,3.382
1346.748,-1.308,1.589,3.438
1346.859,-1.277,1.578,3.489
1346.969,-1.250,1.560,3.538
1347.079,-1.215,1.548,3.587
1347.190,-1.169,1.543,3.635
1347.301,-1.114,1.557,3.685
1347.412,-1.062,1.566,3.737
1347.522,-1.020,1.566,3.792
1347.633,-0.989,1.561,3.852
1347.744,-0.963,1.551,3.921
1347.855,-0.941,1.538,4.000
1347.967,-0.924,1.532,4.087
1348.077,-0.908,1.540,4.178
1348.188,-0.885,1.548,4.261
1348.298,-0.855,1.550,4.334
1348.409,-0.819,1.547,4.402
1348.520,-0.774,1.537,4.463
1348.632,-0.724,1.530,4.517
1348.743,-0.673,1.539,4.577
1348.854,-0.626,1.544,4.638
1348.965,-0.586,1.539,4.692
1349.076,-0.559,1.534,4.738
1349.188,-0.540,1.529,4.776
1349.299,-0.529,1.522,4.812
1349.410,-0.518,1.501,4.859
1349.522,-0.511,1.465,4.917
1349.633,-0.506,1.395,4.981
1349.743,-0.503,1.291,5.043
1349.855,-0.506,1.164,5.095
1349.966,-0.514,1.041,5.135
1350.078,-0.524,0.931,5.170
1350.190,-0.533,0.847,5.198
1350.301,-0.544,0.803,5.217
1350.412,-0.549,0.829,5.229
1350.523,-0.554,0.917,5.234
1350.634,-0.554,1.038,5.231
1350.745,-0.549,1.179,5.218
1350.856,-0.547,1.275,5.204
1350.968,-0.540,1.297,5.214
1351.079,-0.528,1.231,5.231
1351.190,-0.521,1.111,5.249
1351.301,-0.523,0.983,5.254
1351.412,-0.532,0.879,5.253
1351.524,-0.541,0.816,5.246
1351.635,-0.548,0.797,5.240
1351.746,-0.552,0.828,5.236
1351.858,-0.556,0.878,5.231
1351.969,-0.560,0.921,5.229
1352.080,-0.564,0.945,5.229
1352.191,-0.562,0.930,5.234
1352.302,-0.558,0.875,5.235
1352.413,-0.552,0.817,5.238
1352.525,-0.546,0.788,5.240
1352.635,-0.539,0.795,5.240
1352.746,-0.533,0.848,5.241
1352.857,-0.528,0.922,5.238
1352.969,-0.525,1.011,5.232
1353.079,-0.522,1.129,5.223
1353.191,-0.517,1.259,5.203
1353.302,-0.511,1.362,5.170
1353.413,-0.496,1.435,5.137
1353.524,-0.466,1.482,5.110
1353.636,-0.424,1.506,5.090
1353.747,-0.367,1.516,5.080
1353.859,-0.293,1.525,5.083
1353.970,-0.214,1.537,5.094
1354.081,-0.141,1.536,5.111
1354.192,-0.079,1.526,5.126
1354.303,-0.030,1.512,5.138
1354.414,0.005,1.500,5.147
1354.526,0.028,1.491,5.153
1354.636,0.042,1.486,5.155
1354.748,0.049,1.483,5.157
1354.859,0.051,1.482,5.157
1354.970,0.052,1.481,5.158
1355.081,0.052,1.479,5.158
1355.192,0.051,1.479,5.157
1355.303,0.047,1.480,5.157
1355.414,0.043,1.482,5.156
1355.526,0.040,1.484,5.156
1355.636,0.039,1.484,5.157
1355.748,0.037,1.484,5.159
1355.859,0.035,1.485,5.162
1355.970,0.032,1.485,5.164
1356.081,0.031,1.486,5.165
1356.192,0.028,1.488,5.165
1356.303,0.022,1.490,5.166
1356.414,0.006,1.496,5.173
1356.525,-0.031,1.507,5.188
1356.636,-0.085,1.520,5.200
1356.746,-0.145,1.534,5.202
1356.856,-0.201,1.546,5.197
1356.967,-0.256,1.557,5.195
1357.078,-0.309,1.565,5.198
1357.189,-0.359,1.571,5.212
1357.301,-0.405,1.569,5.228
1357.412,-0.441,1.567,5.245
1357.523,-0.469,1.569,5.265
1357.634,-0.490,1.569,5.287
1357.745,-0.506,1.570,5.316
1357.857,-0.517,1.570,5.356
1357.968,-0.522,1.569,5.408
1358.079,-0.520,1.565,5.472
1358.190,-0.514,1.560,5.546
1358.302,-0.507,1.575,5.628
1358.413,-0.503,1.590,5.708
1358.524,-0.506,1.597,5.781
1358.635,-0.514,1.600,5.853
1358.746,-0.532,1.596,5.926
1358.857,-0.559,1.595,5.999
1358.969,-0.590,1.612,6.072
1359.080,-0.614,1.629,6.138
1359.192,-0.630,1.642,6.201
1359.303,-0.637,1.655,6.263
1359.415,-0.637,1.659,6.326
1359.526,-0.628,1.656,6.391
1359.637,-0.618,1.668,6.448
1359.748,-0.610,1.681,6.496
1359.859,-0.606,1.684,6.535
1359.970,-0.604,1.685,6.562
1360.082,-0.602,1.687,6.580
1360.192,-0.601,1.690,6.591
1360.304,-0.602,1.691,6.595
1360.415,-0.601,1.691,6.596
1360.526,-0.600,1.691,6.596
1360.637,-0.596,1.690,6.594
1360.748,-0.589,1.690,6.591
1360.856,-0.581,1.689,6.586
1360.968,-0.573,1.687,6.580
1361.080,-0.567,1.685,6.575
1361.191,-0.564,1.677,6.572
1361.302,-0.569,1.665,6.567
1361.413,-0.582,1.649,6.556
1361.524,-0.600,1.627,6.531
1361.635,-0.610,1.606,6.491
1361.744,-0.611,1.600,6.450
1361.856,-0.609,1.599,6.414
1361.967,-0.607,1.600,6.378
1362.077,-0.605,1.597,6.348
1362.188,-0.608,1.595,6.318
1362.299,-0.616,1.597,6.293
1362.410,-0.626,1.608,6.270
1362.521,-0.642,1.618,6.254
1362.633,-0.671,1.621,6.247
1362.744,-0.714,1.619,6.245
1362.855,-0.766,1.612,6.247
1362.966,-0.828,1.613,6.251
1363.077,-0.893,1.619,6.252
1363.189,-0.953,1.621,6.251
1363.300,-1.012,1.620,6.243
1363.411,-1.074,1.614,6.228
1363.522,-1.142,1.604,6.202
1363.633,-1.208,1.590,6.161
1363.745,-1.277,1.575,6.104
1363.856,-1.350,1.580,6.034
1363.968,-1.423,1.589,5.966
1364.079,-1.491,1.591,5.905
1364.190,-1.558,1.586,5.848
1364.301,-1.626,1.575,5.788
1364.412,-1.699,1.560,5.728
1364.523,-1.779,1.553,5.661
1364.635,-1.860,1.564,5.586
1364.746,-1.928,1.568,5.514
1364.857,-1.978,1.563,5.447
1364.968,-2.011,1.555,5.384
1365.080,-2.027,1.548,5.323
1365.191,-2.031,1.542,5.260
1365.302,-2.023,1.538,5.186
1365.413,-2.003,1.547,5.096
1365.525,-1.967,1.575,4.998
1365.635,-1.930,1.595,4.913
1365.747,-1.910,1.603,4.839
1365.857,-1.903,1.604,4.762
1365.969,-1.906,1.596,4.680
1366.080,-1.916,1.587,4.593
1366.192,-1.929,1.597,4.500
1366.303,-1.935,1.610,4.407
1366.414,-1.932,1.617,4.316
1366.525,-1.920,1.611,4.227
1366.636,-1.898,1.593,4.136
1366.747,-1.863,1.578,4.043
1366.858,-1.825,1.591,3.948
1366.970,-1.794,1.603,3.858
1367.081,-1.773,1.610,3.777
1367.192,-1.759,1.608,3.705
1367.303,-1.751,1.596,3.635
1367.414,-1.750,1.583,3.566
1367.525,-1.754,1.574,3.496
1367.635,-1.756,1.584,3.423
1367.747,-1.754,1.598,3.356
1367.858,-1.754,1.601,3.298
1367.969,-1.754,1.602,3.251
1368.080,-1.755,1.601,3.214
1368.191,-1.755,1.598,3.187
1368.302,-1.752,1.594,3.170
1368.413,-1.749,1.592,3.161
1368.524,-1.748,1.593,3.158
1368.635,-1.749,1.595,3.162
1368.746,-1.750,1.595,3.175
1368.858,-1.752,1.594,3.196
1368.969,-1.754,1.598,3.230
1369.080,-1.756,1.598,3.269
1369.191,-1.757,1.597,3.315
1369.302,-1.757,1.594,3.368
1369.413,-1.757,1.589,3.425
1369.524,-1.760,1.583,3.480
1369.636,-1.763,1.579,3.532
1369.746,-1.766,1.578,3.581
1369.858,-1.766,1.576,3.628
1369.969,-1.760,1.570,3.676
1370.080,-1.748,1.566,3.722
1370.191,-1.731,1.565,3.773
1370.302,-1.706,1.568,3.829
1370.413,-1.684,1.573,3.893
1370.523,-1.671,1.573,3.958
1370.634,-1.669,1.572,4.018
1370.745,-1.675,1.570,4.077
1370.856,-1.688,1.564,4.139
1370.967,-1.709,1.555,4.205
1371.078,-1.736,1.556,4.282
1371.190,-1.760,1.566,4.360
1371.301,-1.775,1.571,4.435
1371.412,-1.786,1.573,4.506
1371.524,-1.791,1.567,4.580
1371.635,-1.790,1.553,4.655
1371.745,-1.783,1.541,4.736
1371.846,-1.770,1.541,4.826
1371.947,-1.757,1.549,4.905
1372.060,-1.745,1.556,4.991
1372.172,-1.732,1.563,5.076
1372.283,-1.725,1.564,5.157
1372.395,-1.729,1.560,5.236
1372.506,-1.745,1.556,5.321
1372.617,-1.774,1.564,5.413
1372.728,-1.800,1.583,5.504
1372.839,-1.816,1.593,5.590
1372.951,-1.826,1.596,5.675
1373.062,-1.830,1.594,5.765
1373.174,-1.830,1.582,5.858
1373.285,-1.825,1.568,5.954
1373.396,-1.830,1.580,6.051
1373.507,-1.845,1.587,6.140
1373.618,-1.868,1.586,6.218
1373.730,-1.902,1.584,6.292
1373.841,-1.948,1.573,6.363
1373.952,-2.007,1.559,6.429
1374.063,-2.082,1.556,6.497
1374.174,-2.152,1.549,6.554
1374.285,-2.210,1.541,6.600
1374.396,-2.255,1.526,6.644
1374.507,-2.291,1.505,6.681
1374.618,-2.315,1.487,6.707
1374.729,-2.333,1.482,6.725
1374.840,-2.348,1.483,6.740
1374.953,-2.362,1.484,6.756
1375.063,-2.377,1.484,6.771
1375.174,-2.389,1.479,6.784
1375.286,-2.402,1.473,6.795
1375.397,-2.412,1.468,6.801
1375.508,-2.416,1.469,6.803
1375.619,-2.410,1.477,6.802
1375.731,-2.395,1.492,6.796
1375.842,-2.373,1.510,6.785
1375.953,-2.342,1.530,6.771
1376.064,-2.309,1.548,6.751
1376.176,-2.277,1.559,6.726
1376.287,-2.247,1.564,6.698
1376.398,-2.228,1.569,6.678
1376.509,-2.210,1.570,6.659
1376.620,-2.193,1.568,6.636
1376.732,-2.173,1.568,6.620
1376.842,-2.148,1.567,6.612
1376.953,-2.120,1.571,6.608
1377.064,-2.096,1.580,6.605
1377.176,-2.077,1.581,6.602
1377.287,-2.060,1.587,6.604
1377.398,-2.042,1.595,6.609
1377.509,-2.027,1.596,6.610
1377.621,-2.022,1.590,6.608
1377.732,-2.024,1.570,6.610
1377.843,-2.030,1.547,6.618
1377.943,-2.035,1.537,6.633
1378.052,-2.044,1.525,6.660
1378.163,-2.051,1.509,6.685
1378.274,-2.053,1.496,6.697
1378.385,-2.057,1.492,6.697
1378.497,-2.066,1.494,6.684
1378.608,-2.085,1.503,6.660
1378.719,-2.103,1.512,6.628
1378.831,-2.114,1.523,6.600
1378.942,-2.117,1.540,6.581
1379.053,-2.105,1.553,6.568
1379.164,-2.074,1.567,6.560
1379.275,-2.032,1.580,6.550
1379.386,-1.988,1.587,6.542
1379.497,-1.954,1.596,6.519
1379.609,-1.922,1.599,6.483
1379.720,-1.886,1.600,6.436
1379.831,-1.841,1.604,6.381
1379.942,-1.784,1.601,6.317
1380.053,-1.721,1.596,6.250
1380.164,-1.662,1.595,6.183
1380.276,-1.608,1.594,6.113
1380.387,-1.559,1.591,6.040
1380.497,-1.509,1.580,5.961
1380.609,-1.464,1.566,5.875
1380.720,-1.424,1.574,5.781
1380.829,-1.387,1.596,5.686
1380.940,-1.348,1.609,5.593
1381.052,-1.306,1.610,5.503
1381.163,-1.256,1.600,5.408
1381.275,-1.202,1.584,5.311
1381.387,-1.142,1.594,5.209
1381.497,-1.089,1.618,5.108
1381.608,-1.047,1.626,5.007
1381.719,-1.016,1.620,4.908
1381.830,-0.990,1.601,4.806
1381.941,-0.968,1.587,4.698
1382.053,-0.948,1.600,4.585
1382.163,-0.925,1.614,4.472
1382.273,-0.898,1.617,4.360
1382.384,-0.868,1.607,4.250
1382.496,-0.833,1.583,4.144
1382.607,-0.789,1.572,4.035
1382.718,-0.743,1.583,3.927
1382.831,-0.711,1.589,3.824
1382.939,-0.686,1.591,3.724
1383.051,-0.668,1.581,3.626
1383.162,-0.652,1.565,3.528
1383.274,-0.640,1.571,3.424
1383.385,-0.631,1.587,3.325
1383.497,-0.613,1.596,3.230
1383.607,-0.592,1.597,3.137
1383.719,-0.569,1.581,3.047
1383.830,-0.539,1.567,2.952
1383.942,-0.503,1.568,2.851
1384.052,-0.468,1.585,2.749
1384.164,-0.440,1.594,2.651
1384.275,-0.418,1.591,2.551
1384.386,-0.402,1.572,2.444
1384.497,-0.396,1.553,2.337
1384.609,-0.397,1.548,2.227
1384.719,-0.403,1.558,2.118
1384.831,-0.400,1.563,2.014
1384.942,-0.391,1.560,1.918
1385.053,-0.375,1.553,1.821
1385.165,-0.355,1.537,1.721
1385.276,-0.327,1.531,1.616
1385.387,-0.291,1.545,1.512
1385.498,-0.252,1.558,1.422
1385.609,-0.213,1.565,1.351
1385.721,-0.179,1.573,1.290
1385.831,-0.152,1.569,1.231
1385.943,-0.123,1.566,1.174
1386.053,-0.089,1.570,1.126
1386.165,-0.050,1.575,1.098
1386.276,-0.013,1.573,1.090
1386.386,0.019,1.568,1.095
1386.498,0.040,1.563,1.102
1386.609,0.049,1.567,1.110
1386.720,0.046,1.572,1.108
1386.831,0.038,1.578,1.096
1386.942,0.025,1.584,1.078
1387.053,0.012,1.589,1.054
1387.163,-0.001,1.595,1.020
1387.273,-0.014,1.599,0.975
1387.385,-0.036,1.599,0.922
1387.496,-0.060,1.600,0.874
1387.608,-0.085,1.598,0.835
1387.719,-0.103,1.597,0.808
1387.830,-0.115,1.593,0.792
1387.941,-0.120,1.593,0.782
1388.053,-0.117,1.598,0.778
1388.164,-0.111,1.608,0.778
1388.276,-0.104,1.610,0.779
1388.387,-0.100,1.608,0.778
1388.497,-0.102,1.601,0.778
1388.609,-0.112,1.599,0.779
1388.720,-0.126,1.597,0.786
1388.832,-0.140,1.597,0.794
1388.943,-0.153,1.602,0.803
1389.053,-0.165,1.609,0.811
1389.165,-0.176,1.614,0.820
1389.276,-0.186,1.614,0.832
1389.388,-0.195,1.615,0.847
1389.499,-0.201,1.617,0.864
1389.610,-0.207,1.618,0.880
1389.721,-0.211,1.619,0.895
1389.832,-0.214,1.620,0.907
1389.943,-0.215,1.619,0.913
1390.053,-0.214,1.614,0.913
1390.165,-0.210,1.610,0.908
1390.276,-0.205,1.608,0.903
1390.387,-0.200,1.609,0.899
1390.498,-0.198,1.610,0.899
1390.609,-0.195,1.609,0.898
1390.721,-0.191,1.610,0.898
1390.832,-0.187,1.611,0.898
1390.943,-0.184,1.611,0.897
1391.054,-0.181,1.609,0.896
1391.165,-0.180,1.606,0.895
1391.276,-0.177,1.603,0.893
1391.387,-0.174,1.600,0.889
1391.498,-0.169,1.598,0.883
1391.610,-0.163,1.595,0.875
1391.721,-0.156,1.592,0.864
1391.832,-0.150,1.589,0.855
1391.943,-0.146,1.586,0.848
1392.055,-0.143,1.583,0.843
1392.166,-0.139,1.580,0.837
1392.277,-0.135,1.578,0.832
1392.388,-0.131,1.576,0.828
1392.499,-0.127,1.573,0.824
1392.610,-0.125,1.571,0.819
1392.721,-0.125,1.571,0.814
1392.832,-0.125,1.571,0.807
1392.943,-0.125,1.570,0.801
1393.055,-0.124,1.570,0.796
1393.166,-0.124,1.569,0.794
1393.277,-0.126,1.569,0.794
1393.388,-0.128,1.569,0.797
1393.499,-0.131,1.570,0.800
1393.610,-0.132,1.572,0.804
1393.721,-0.134,1.573,0.808
1393.832,-0.136,1.574,0.813
1393.944,-0.139,1.575,0.817
1394.055,-0.143,1.576,0.821
1394.165,-0.147,1.578,0.825
1394.277,-0.153,1.579,0.830
1394.388,-0.160,1.579,0.834
1394.499,-0.167,1.579,0.840
1394.610,-0.174,1.580,0.845
1394.721,-0.174,1.581,0.847
1394.832,-0.170,1.583,0.847
1394.942,-0.162,1.583,0.843
1395.054,-0.139,1.582,0.837
1395.165,-0.100,1.575,0.837
1395.276,-0.064,1.569,0.846
1395.387,-0.039,1.565,0.860
1395.498,-0.025,1.562,0.873
1395.610,-0.016,1.560,0.882
1395.721,-0.009,1.559,0.892
1395.832,-0.005,1.560,0.904
1395.943,-0.003,1.564,0.914
1396.054,0.000,1.568,0.922
1396.165,-0.010,1.557,0.934
1396.276,-0.021,1.554,0.939
1396.388,-0.027,1.551,0.940
1396.499,-0.022,1.546,0.943
1396.610,-0.004,1.541,0.954
1396.721,0.033,1.536,0.970
1396.832,0.088,1.528,0.986
1396.943,0.152,1.513,0.995
1397.054,0.218,1.499,0.994
1397.166,0.276,1.482,0.983
1397.276,0.331,1.464,0.966
1397.388,0.381,1.441,0.945
1397.499,0.426,1.417,0.919
1397.610,0.468,1.395,0.888
1397.721,0.504,1.377,0.855
1397.832,0.534,1.357,0.823
1397.943,0.555,1.342,0.795
1398.055,0.566,1.340,0.772
1398.166,0.567,1.352,0.755
1398.277,0.562,1.368,0.742
1398.388,0.556,1.378,0.732
1398.499,0.552,1.382,0.722
1398.610,0.558,1.368,0.711
1398.721,0.571,1.338,0.697
1398.832,0.582,1.307,0.680
1398.943,0.587,1.295,0.671
1399.054,0.588,1.304,0.668
1399.165,0.584,1.322,0.667
1399.277,0.577,1.345,0.668
1399.388,0.567,1.368,0.670
1399.499,0.556,1.385,0.672
1399.610,0.551,1.393,0.671
1399.721,0.547,1.393,0.669
1399.832,0.534,1.407,0.670
1399.943,0.502,1.432,0.680
1400.055,0.449,1.468,0.699
1400.166,0.380,1.502,0.728
1400.277,0.316,1.529,0.755
1400.388,0.265,1.550,0.773
1400.499,0.221,1.563,0.774
1400.610,0.177,1.568,0.761
1400.722,0.136,1.569,0.733
1400.831,0.102,1.570,0.692
1400.942,0.074,1.572,0.642
1401.054,0.055,1.571,0.593
1401.165,0.043,1.568,0.548
1401.276,0.034,1.564,0.510
1401.387,0.026,1.560,0.480
1401.498,0.020,1.554,0.458
1401.610,0.017,1.549,0.443
1401.721,0.016,1.547,0.433
1401.832,0.016,1.546,0.428
1401.943,0.017,1.545,0.426
1402.054,0.018,1.546,0.427
1402.166,0.019,1.548,0.431
1402.276,0.020,1.552,0.439
1402.388,0.021,1.559,0.453
1402.499,0.023,1.567,0.474
1402.610,0.026,1.573,0.502
1402.721,0.029,1.583,0.528
1402.832,0.028,1.589,0.548
1402.943,0.018,1.594,0.566
1403.055,-0.002,1.598,0.585
1403.165,-0.034,1.599,0.605
1403.277,-0.076,1.597,0.628
1403.388,-0.128,1.594,0.652
1403.498,-0.188,1.594,0.677
1403.609,-0.249,1.597,0.699
1403.721,-0.307,1.597,0.719
1403.832,-0.362,1.595,0.735
1403.943,-0.416,1.591,0.746
1404.054,-0.473,1.585,0.751
1404.165,-0.534,1.580,0.751
1404.276,-0.601,1.576,0.745
1404.387,-0.670,1.584,0.737
1404.499,-0.739,1.591,0.731
1404.610,-0.804,1.592,0.734
1404.720,-0.865,1.591,0.742
1404.831,-0.926,1.584,0.755
1404.943,-0.991,1.574,0.774
1405.054,-1.058,1.567,0.798
1405.163,-1.129,1.570,0.826
1405.275,-1.200,1.579,0.851
1405.386,-1.269,1.582,0.872
1405.498,-1.331,1.579,0.888
1405.609,-1.389,1.576,0.902
1405.720,-1.443,1.568,0.912
1405.831,-1.497,1.563,0.917
1405.942,-1.556,1.567,0.919
1406.053,-1.611,1.570,0.920
1406.165,-1.658,1.567,0.923
1406.276,-1.694,1.562,0.929
1406.386,-1.724,1.560,0.939
1406.498,-1.752,1.557,0.953
1406.609,-1.777,1.553,0.970
1406.720,-1.805,1.552,0.994
1406.832,-1.839,1.550,1.023
1406.942,-1.880,1.548,1.055
1407.053,-1.921,1.546,1.080
1407.165,-1.957,1.539,1.093
1407.275,-1.981,1.531,1.094
1407.386,-1.986,1.531,1.082
1407.497,-1.975,1.535,1.059
1407.609,-1.944,1.542,1.028
1407.720,-1.888,1.557,0.993
1407.832,-1.814,1.572,0.962
1407.942,-1.732,1.581,0.941
1408.054,-1.650,1.584,0.930
1408.165,-1.574,1.583,0.920
1408.276,-1.509,1.580,0.907
1408.388,-1.455,1.578,0.887
1408.499,-1.412,1.576,0.859
1408.606,-1.377,1.573,0.824
1408.719,-1.347,1.567,0.782
1408.830,-1.320,1.556,0.732
1408.942,-1.296,1.552,0.675
1409.053,-1.276,1.560,0.619
1409.164,-1.259,1.564,0.576
1409.275,-1.251,1.560,0.551
1409.386,-1.252,1.560,0.548
1409.498,-1.261,1.562,0.565
1409.609,-1.275,1.563,0.596
1409.720,-1.299,1.558,0.638
1409.831,-1.323,1.551,0.686
1409.943,-1.345,1.555,0.726
1410.053,-1.373,1.561,0.755
1410.165,-1.400,1.561,0.769
1410.276,-1.428,1.557,0.766
1410.387,-1.466,1.554,0.746
1410.498,-1.518,1.550,0.708
1410.609,-1.584,1.549,0.652
1410.720,-1.653,1.549,0.583
1410.831,-1.711,1.545,0.515
1410.943,-1.753,1.529,0.461
1411.054,-1.777,1.518,0.423
1411.165,-1.786,1.512,0.398
1411.276,-1.778,1.511,0.385
1411.387,-1.757,1.516,0.383
1411.499,-1.723,1.528,0.391
1411.609,-1.689,1.539,0.410
1411.721,-1.658,1.550,0.437
1411.832,-1.628,1.562,0.466
1411.943,-1.595,1.573,0.490
1412.054,-1.563,1.580,0.505
1412.166,-1.537,1.581,0.513
1412.277,-1.529,1.580,0.514
1412.388,-1.545,1.577,0.510
1412.499,-1.577,1.575,0.503
1412.610,-1.618,1.573,0.487
1412.721,-1.664,1.569,0.464
1412.832,-1.707,1.560,0.440
1412.943,-1.741,1.551,0.420
1413.054,-1.760,1.544,0.405
1413.165,-1.762,1.541,0.392
1413.277,-1.751,1.541,0.385
1413.388,-1.732,1.542,0.386
1413.499,-1.710,1.545,0.391
1413.610,-1.689,1.549,0.399
1413.722,-1.666,1.552,0.412
1413.832,-1.643,1.554,0.431
1413.944,-1.618,1.557,0.458
1414.055,-1.598,1.560,0.492
1414.166,-1.581,1.565,0.527
1414.277,-1.573,1.568,0.563
1414.388,-1.574,1.569,0.603
1414.500,-1.581,1.570,0.646
1414.610,-1.593,1.571,0.688
1414.722,-1.609,1.572,0.730
1414.833,-1.628,1.574,0.770
1414.944,-1.653,1.578,0.806
1415.055,-1.682,1.580,0.842
1415.166,-1.714,1.581,0.877
1415.277,-1.744,1.581,0.910
1415.388,-1.772,1.575,0.940
1415.499,-1.794,1.567,0.968
1415.609,-1.814,1.559,0.991
1415.721,-1.828,1.550,1.012
1415.832,-1.839,1.544,1.029
1415.932,-1.848,1.543,1.034
1416.040,-1.855,1.547,1.022
1416.151,-1.848,1.554,0.991
1416.263,-1.817,1.567,0.950
1416.374,-1.765,1.576,0.918
1416.485,-1.711,1.584,0.897
1416.597,-1.662,1.589,0.878
1416.708,-1.611,1.593,0.856
1416.819,-1.555,1.597,0.828
1416.930,-1.497,1.596,0.796
1417.041,-1.444,1.595,0.761
1417.152,-1.400,1.591,0.721
1417.263,-1.360,1.585,0.678
1417.374,-1.323,1.577,0.633
1417.485,-1.291,1.568,0.583
1417.596,-1.268,1.559,0.527
1417.708,-1.249,1.559,0.473
1417.819,-1.236,1.563,0.436
1417.930,-1.234,1.564,0.426
1418.041,-1.240,1.562,0.441
1418.152,-1.257,1.556,0.474
1418.263,-1.286,1.552,0.523
1418.374,-1.317,1.552,0.573
1418.485,-1.352,1.559,0.615
1418.596,-1.390,1.565,0.653
1418.707,-1.429,1.569,0.685
1418.819,-1.474,1.569,0.710
1418.930,-1.531,1.567,0.728
1419.041,-1.607,1.565,0.737
1419.152,-1.697,1.560,0.738
1419.263,-1.777,1.550,0.733
1419.364,-1.820,1.545,0.722
1419.471,-1.837,1.544,0.700
1419.582,-1.815,1.552,0.673
1419.693,-1.752,1.568,0.652
1419.805,-1.670,1.579,0.652
1419.916,-1.587,1.585,0.666
1420.027,-1.503,1.590,0.686
1420.138,-1.421,1.591,0.706
1420.249,-1.345,1.590,0.723
1420.360,-1.276,1.586,0.731
1420.472,-1.215,1.579,0.734
1420.583,-1.158,1.574,0.730
1420.693,-1.102,1.567,0.720
1420.804,-1.047,1.562,0.704
1420.914,-0.993,1.568,0.679
1421.025,-0.940,1.589,0.648
1421.137,-0.891,1.604,0.624
1421.245,-0.852,1.613,0.606
1421.357,-0.820,1.617,0.593
1421.468,-0.795,1.617,0.582
1421.580,-0.776,1.617,0.575
1421.691,-0.762,1.616,0.570
1421.802,-0.752,1.614,0.568
1421.914,-0.744,1.605,0.563
1422.025,-0.735,1.586,0.546
1422.136,-0.724,1.565,0.526
1422.248,-0.709,1.553,0.510
1422.359,-0.687,1.549,0.495
1422.471,-0.659,1.547,0.480
1422.582,-0.626,1.545,0.465
1422.693,-0.594,1.545,0.450
1422.804,-0.568,1.556,0.431
1422.915,-0.559,1.564,0.416
1423.026,-0.574,1.570,0.413
1423.138,-0.610,1.579,0.427
1423.249,-0.659,1.583,0.459
1423.360,-0.712,1.584,0.502
1423.471,-0.767,1.585,0.549
1423.582,-0.821,1.581,0.597
1423.693,-0.871,1.577,0.641
1423.804,-0.918,1.578,0.673
1423.915,-0.967,1.579,0.696
1424.026,-1.019,1.576,0.712
1424.137,-1.078,1.571,0.725
1424.248,-1.148,1.565,0.736
1424.359,-1.226,1.563,0.741
1424.470,-1.305,1.574,0.745
1424.582,-1.374,1.576,0.747
1424.692,-1.434,1.573,0.746
1424.804,-1.488,1.571,0.739
1424.915,-1.536,1.567,0.728
1425.026,-1.584,1.562,0.715
1425.138,-1.635,1.562,0.700
1425.250,-1.690,1.569,0.678
1425.360,-1.743,1.581,0.652
1425.471,-1.792,1.587,0.623
1425.582,-1.830,1.585,0.591
1425.693,-1.861,1.578,0.557
1425.805,-1.885,1.565,0.526
1425.916,-1.903,1.552,0.498
1426.027,-1.912,1.544,0.468
1426.127,-1.909,1.535,0.447
1426.234,-1.892,1.529,0.429
1426.346,-1.859,1.533,0.422
1426.457,-1.806,1.547,0.432
1426.568,-1.742,1.561,0.458
1426.679,-1.673,1.572,0.494
1426.790,-1.598,1.578,0.534
1426.901,-1.523,1.582,0.566
1427.013,-1.456,1.586,0.584
1427.124,-1.400,1.587,0.590
1427.235,-1.350,1.585,0.591
1427.345,-1.305,1.582,0.584
1427.457,-1.264,1.573,0.567
1427.568,-1.227,1.567,0.537
1427.679,-1.193,1.564,0.496
1427.791,-1.158,1.570,0.445
1427.902,-1.126,1.573,0.400
1428.013,-1.101,1.570,0.369
1428.124,-1.085,1.571,0.356
1428.235,-1.077,1.574,0.358
1428.346,-1.067,1.576,0.375
1428.457,-1.041,1.576,0.408
1428.568,-1.010,1.578,0.453
1428.680,-0.980,1.581,0.500
1428.791,-0.956,1.586,0.542
1428.901,-0.938,1.587,0.571
1429.012,-0.926,1.588,0.585
1429.124,-0.917,1.589,0.590
1429.235,-0.909,1.590,0.586
1429.346,-0.900,1.589,0.577
1429.457,-0.891,1.588,0.564
1429.568,-0.877,1.587,0.551
1429.680,-0.854,1.586,0.543
1429.791,-0.814,1.581,0.547
1429.901,-0.757,1.572,0.562
1430.013,-0.683,1.556,0.591
1430.124,-0.587,1.534,0.630
1430.235,-0.465,1.530,0.668
1430.346,-0.347,1.520,0.688
1430.457,-0.225,1.495,0.697
1430.569,-0.104,1.453,0.700
1430.679,0.016,1.402,0.700
1430.791,0.146,1.359,0.698
1430.901,0.252,1.336,0.702
1431.013,0.311,1.329,0.714
1431.124,0.331,1.349,0.735
1431.235,0.318,1.388,0.760
1431.346,0.274,1.434,0.784
1431.457,0.202,1.478,0.807
1431.568,0.106,1.518,0.828
1431.679,-0.004,1.547,0.843
1431.805,-0.114,1.562,0.853
1431.911,-0.227,1.567,0.863
1432.024,-0.311,1.568,0.872
1432.135,-0.385,1.567,0.885
1432.246,-0.454,1.568,0.901
1432.358,-0.518,1.565,0.918
1432.469,-0.579,1.561,0.935
1432.581,-0.635,1.556,0.954
1432.691,-0.692,1.568,0.977
1432.803,-0.751,1.582,1.002
1432.914,-0.815,1.583,1.021
1433.025,-0.885,1.583,1.028
1433.136,-0.961,1.578,1.026
1433.247,-1.040,1.564,1.016
1433.359,-1.120,1.552,0.997
1433.470,-1.196,1.562,0.976
1433.581,-1.266,1.573,0.961
1433.692,-1.330,1.578,0.953
1433.803,-1.393,1.576,0.951
1433.915,-1.458,1.568,0.957
1434.026,-1.531,1.561,0.969
1434.137,-1.611,1.558,0.984
1434.248,-1.696,1.561,0.998
1434.359,-1.773,1.565,1.011
1434.470,-1.834,1.563,1.022
1434.570,-1.872,1.562,1.029
1434.679,-1.902,1.559,1.034
1434.790,-1.922,1.557,1.036
1434.901,-1.933,1.557,1.035
1435.012,-1.935,1.558,1.028
1435.124,-1.924,1.562,1.012
1435.235,-1.896,1.570,0.989
1435.346,-1.846,1.581,0.964
1435.458,-1.778,1.592,0.942
1435.568,-1.700,1.601,0.929
1435.679,-1.616,1.605,0.922
1435.791,-1.532,1.603,0.920
1435.902,-1.454,1.599,0.918
1436.013,-1.383,1.599,0.910
1436.124,-1.320,1.600,0.895
1436.235,-1.263,1.599,0.872
1436.346,-1.208,1.593,0.840
1436.458,-1.157,1.586,0.798
1436.568,-1.107,1.587,0.748
1436.680,-1.057,1.603,0.700
1436.791,-1.006,1.611,0.661
1436.902,-0.954,1.609,0.633
1437.013,-0.901,1.602,0.612
1437.124,-0.842,1.591,0.597
1437.235,-0.775,1.576,0.586
1437.346,-0.698,1.563,0.580
1437.457,-0.609,1.562,0.579
1437.569,-0.518,1.571,0.575
1437.679,-0.437,1.578,0.568
1437.791,-0.375,1.578,0.562
1437.902,-0.331,1.576,0.554
1438.012,-0.303,1.573,0.547
1438.124,-0.294,1.571,0.538
1438.235,-0.295,1.570,0.532
1438.346,-0.295,1.569,0.528
1438.458,-0.289,1.569,0.522
1438.568,-0.282,1.561,0.518
1438.679,-0.278,1.555,0.514
1438.791,-0.277,1.554,0.514
1438.902,-0.283,1.554,0.514
1439.013,-0.303,1.560,0.512
1439.125,-0.336,1.568,0.510
1439.235,-0.384,1.578,0.507
1439.345,-0.450,1.587,0.507
1439.457,-0.527,1.594,0.513
1439.568,-0.613,1.596,0.525
1439.679,-0.703,1.593,0.545
1439.790,-0.792,1.590,0.567
1439.901,-0.869,1.587,0.595
1440.012,-0.934,1.587,0.617
1440.123,-0.987,1.585,0.634
1440.235,-1.037,1.582,0.649
1440.345,-1.088,1.578,0.668
1440.457,-1.141,1.574,0.681
1440.568,-1.197,1.573,0.690
1440.679,-1.259,1.583,0.694
1440.789,-1.326,1.593,0.698
1440.899,-1.391,1.596,0.710
1441.010,-1.452,1.595,0.735
1441.121,-1.515,1.588,0.775
1441.233,-1.584,1.575,0.826
1441.344,-1.663,1.562,0.886
1441.455,-1.750,1.563,0.941
1441.567,-1.815,1.561,0.975
1441.677,-1.852,1.553,0.982
1441.789,-1.852,1.555,0.957
1441.900,-1.810,1.568,0.921
1442.012,-1.736,1.581,0.895
1442.123,-1.645,1.588,0.884
1442.234,-1.545,1.592,0.882
1442.346,-1.440,1.595,0.884
1442.457,-1.339,1.595,0.888
1442.568,-1.251,1.597,0.889
1442.679,-1.169,1.600,0.889
1442.790,-1.096,1.596,0.883
1442.901,-1.027,1.585,0.872
1443.013,-0.957,1.573,0.852
1443.123,-0.881,1.572,0.824
1443.234,-0.800,1.587,0.788
1443.346,-0.727,1.597,0.757
1443.457,-0.663,1.600,0.732
1443.568,-0.610,1.598,0.708
1443.679,-0.559,1.592,0.684
1443.790,-0.508,1.584,0.661
1443.901,-0.453,1.577,0.637
1444.012,-0.396,1.577,0.613
1444.124,-0.338,1.588,0.589
1444.235,-0.288,1.596,0.565
1444.346,-0.251,1.597,0.542
1444.457,-0.227,1.595,0.522
1444.569,-0.213,1.591,0.508
1444.680,-0.206,1.588,0.501
1444.791,-0.203,1.587,0.498
1444.902,-0.201,1.586,0.497
1445.013,-0.199,1.586,0.496
1445.124,-0.198,1.585,0.497
1445.236,-0.197,1.580,0.494
1445.346,-0.197,1.572,0.490
1445.458,-0.197,1.567,0.485
1445.569,-0.197,1.563,0.484
1445.680,-0.196,1.561,0.482
1445.791,-0.194,1.559,0.479
1445.902,-0.192,1.559,0.476
1446.013,-0.192,1.560,0.471
1446.124,-0.191,1.560,0.465
1446.235,-0.188,1.561,0.454
1446.346,-0.187,1.560,0.441
1446.457,-0.186,1.560,0.426
1446.569,-0.188,1.562,0.415
1446.682,-0.194,1.563,0.408
1446.791,-0.205,1.566,0.406
1446.902,-0.218,1.567,0.408
1447.013,-0.235,1.570,0.413
1447.124,-0.259,1.578,0.423
1447.235,-0.293,1.583,0.443
1447.346,-0.337,1.590,0.477
1447.457,-0.389,1.594,0.526
1447.569,-0.446,1.598,0.583
1447.679,-0.502,1.596,0.645
1447.790,-0.550,1.590,0.704
1447.901,-0.585,1.586,0.756
1448.013,-0.616,1.590,0.793
1448.123,-0.651,1.592,0.820
1448.235,-0.693,1.589,0.839
1448.346,-0.748,1.584,0.851
1448.457,-0.813,1.575,0.858
1448.569,-0.892,1.571,0.859
1448.679,-0.982,1.584,0.855
1448.790,-1.063,1.593,0.851
1448.901,-1.136,1.596,0.850
1449.013,-1.205,1.598,0.850
1449.124,-1.271,1.594,0.848
1449.235,-1.339,1.586,0.844
1449.346,-1.409,1.582,0.838
1449.458,-1.486,1.580,0.834
1449.569,-1.571,1.587,0.831
1449.679,-1.653,1.595,0.827
1449.791,-1.718,1.591,0.824
1449.902,-1.766,1.588,0.820
1450.013,-1.797,1.585,0.817
1450.124,-1.818,1.581,0.818
1450.235,-1.830,1.579,0.820
1450.346,-1.838,1.579,0.821
1450.457,-1.844,1.579,0.821
1450.569,-1.848,1.579,0.817
1450.679,-1.849,1.579,0.812
1450.790,-1.833,1.584,0.797
1450.901,-1.792,1.593,0.779
1451.013,-1.726,1.603,0.776
1451.124,-1.651,1.610,0.787
1451.235,-1.575,1.614,0.803
1451.346,-1.499,1.612,0.819
1451.457,-1.422,1.607,0.836
1451.569,-1.349,1.605,0.850
1451.677,-1.276,1.606,0.859
1451.789,-1.204,1.601,0.863
1451.901,-1.134,1.591,0.863
1452.012,-1.064,1.583,0.854
1452.123,-0.993,1.574,0.840
1452.234,-0.920,1.586,0.823
1452.345,-0.851,1.604,0.817
1452.457,-0.792,1.614,0.821
1452.568,-0.747,1.618,0.826
1452.679,-0.719,1.615,0.831
1452.790,-0.702,1.612,0.835
1452.901,-0.694,1.613,0.840
1453.012,-0.688,1.615,0.846
1453.124,-0.684,1.616,0.852
1453.235,-0.684,1.614,0.860
1453.346,-0.685,1.610,0.869
1453.457,-0.688,1.609,0.877
1453.568,-0.691,1.610,0.884
1453.680,-0.692,1.611,0.891
1453.791,-0.693,1.610,0.897
1453.902,-0.692,1.612,0.903
1454.013,-0.683,1.614,0.911
1454.124,-0.668,1.612,0.920
1454.235,-0.649,1.609,0.929
1454.346,-0.624,1.603,0.939
1454.458,-0.587,1.601,0.951
1454.568,-0.536,1.596,0.963
1454.679,-0.475,1.587,0.972
1454.791,-0.410,1.584,0.973
1454.902,-0.347,1.587,0.965
1455.013,-0.295,1.593,0.945
1455.124,-0.260,1.595,0.919
1455.235,-0.241,1.597,0.900
1455.346,-0.227,1.600,0.895
1455.457,-0.214,1.598,0.900
1455.568,-0.203,1.596,0.912
1455.680,-0.200,1.597,0.928
1455.791,-0.203,1.599,0.946
1455.902,-0.213,1.600,0.964
1456.013,-0.229,1.601,0.980
1456.124,-0.249,1.602,0.997
1456.235,-0.269,1.601,1.014
1456.347,-0.287,1.603,1.028
1456.458,-0.302,1.606,1.039
1456.569,-0.313,1.606,1.048
1456.679,-0.318,1.607,1.054
1456.791,-0.318,1.607,1.059
1456.902,-0.316,1.609,1.062
1457.013,-0.314,1.611,1.065
1457.124,-0.311,1.611,1.066
1457.235,-0.307,1.611,1.066
1457.346,-0.304,1.609,1.066
1457.458,-0.303,1.608,1.067
1457.569,-0.302,1.608,1.067
1457.680,-0.300,1.608,1.067
1457.792,-0.297,1.607,1.066
1457.902,-0.295,1.607,1.066
1458.013,-0.292,1.607,1.066
1458.125,-0.289,1.607,1.067
1458.236,-0.287,1.607,1.068
1458.346,-0.284,1.608,1.069
1458.458,-0.282,1.607,1.070
1458.569,-0.281,1.607,1.070
1458.680,-0.280,1.607,1.069
1458.791,-0.278,1.606,1.067
1458.902,-0.277,1.605,1.065
1459.013,-0.278,1.604,1.063
1459.125,-0.278,1.603,1.062
1459.236,-0.279,1.603,1.060
1459.347,-0.281,1.603,1.058
1459.458,-0.283,1.602,1.056
1459.569,-0.284,1.602,1.054
1459.680,-0.285,1.601,1.053
1459.791,-0.284,1.601,1.051
1459.902,-0.283,1.601,1.050
1460.013,-0.281,1.601,1.048
1460.125,-0.279,1.601,1.045
1460.235,-0.276,1.601,1.043
1460.346,-0.273,1.602,1.040
1460.458,-0.270,1.603,1.039
1460.569,-0.265,1.604,1.038
1460.680,-0.261,1.605,1.037
1460.791,-0.257,1.605,1.036
1460.899,-0.253,1.605,1.037
1461.011,-0.248,1.605,1.038
1461.122,-0.243,1.605,1.040
1461.233,-0.238,1.605,1.042
1461.344,-0.236,1.604,1.044
1461.456,-0.236,1.605,1.046
1461.567,-0.237,1.608,1.046
1461.678,-0.238,1.607,1.045
1461.790,-0.240,1.607,1.046
1461.901,-0.243,1.607,1.047
1462.012,-0.246,1.607,1.049
1462.124,-0.249,1.608,1.050
1462.235,-0.252,1.607,1.050
1462.346,-0.254,1.607,1.050
1462.457,-0.256,1.607,1.052
1462.568,-0.257,1.607,1.053
1462.679,-0.257,1.606,1.053
1462.791,-0.258,1.604,1.054
1462.902,-0.258,1.604,1.055
1463.013,-0.259,1.603,1.056
1463.124,-0.261,1.601,1.057
1463.235,-0.262,1.601,1.058
1463.346,-0.264,1.601,1.059
1463.458,-0.267,1.603,1.060
1463.569,-0.273,1.605,1.061
1463.679,-0.283,1.608,1.061
1463.791,-0.293,1.609,1.063
1463.902,-0.303,1.611,1.066
1464.013,-0.313,1.612,1.069
1464.125,-0.323,1.612,1.074
1464.235,-0.332,1.612,1.080
1464.346,-0.339,1.612,1.087
1464.458,-0.345,1.612,1.095
1464.569,-0.351,1.613,1.103
1464.680,-0.354,1.613,1.108
1464.791,-0.355,1.613,1.111
1464.902,-0.356,1.615,1.114
1465.013,-0.359,1.617,1.119
1465.124,-0.362,1.619,1.124
1465.235,-0.364,1.620,1.126
1465.346,-0.366,1.620,1.126
1465.457,-0.365,1.622,1.123
1465.568,-0.363,1.623,1.119
1465.679,-0.359,1.626,1.114
1465.791,-0.354,1.627,1.110
1465.902,-0.350,1.628,1.107
1466.013,-0.344,1.630,1.103
1466.124,-0.338,1.631,1.098
1466.236,-0.330,1.630,1.092
1466.346,-0.317,1.627,1.083
1466.458,-0.301,1.624,1.075
1466.568,-0.288,1.620,1.069
1466.679,-0.277,1.617,1.064
1466.791,-0.268,1.613,1.059
1466.902,-0.261,1.608,1.056
1467.012,-0.256,1.605,1.054
1467.124,-0.253,1.602,1.053
1467.235,-0.250,1.601,1.053
1467.346,-0.249,1.600,1.053
1467.457,-0.249,1.599,1.054
1467.568,-0.250,1.598,1.056
1467.680,-0.252,1.599,1.059
1467.791,-0.255,1.600,1.061
1467.902,-0.256,1.601,1.063
1468.013,-0.258,1.601,1.065
1468.124,-0.262,1.601,1.067
1468.235,-0.271,1.602,1.068
1468.347,-0.282,1.602,1.069
1468.458,-0.293,1.603,1.070
1468.568,-0.305,1.603,1.073
1468.680,-0.317,1.603,1.078
1468.791,-0.328,1.603,1.084
1468.902,-0.337,1.602,1.088
1469.013,-0.344,1.601,1.092
1469.125,-0.348,1.601,1.094
1469.236,-0.348,1.602,1.092
1469.346,-0.339,1.604,1.081
1469.458,-0.316,1.605,1.062
1469.569,-0.280,1.605,1.048
1469.680,-0.240,1.606,1.044
1469.791,-0.203,1.607,1.049
1469.902,-0.172,1.608,1.058
1470.013,-0.148,1.606,1.069
1470.125,-0.129,1.602,1.080
1470.235,-0.120,1.598,1.090
1470.347,-0.119,1.596,1.099
1470.458,-0.124,1.593,1.106
1470.569,-0.132,1.591,1.107
1470.680,-0.142,1.587,1.104
1470.791,-0.153,1.585,1.097
1470.902,-0.161,1.584,1.091
1471.013,-0.168,1.581,1.085
1471.124,-0.176,1.580,1.078
1471.235,-0.185,1.580,1.069
1471.347,-0.198,1.581,1.058
1471.458,-0.211,1.584,1.046
1471.569,-0.225,1.587,1.035
1471.680,-0.240,1.591,1.025
1471.791,-0.253,1.594,1.016
1471.902,-0.263,1.597,1.011
1472.013,-0.264,1.599,1.010
1472.124,-0.249,1.602,1.021
1472.236,-0.228,1.598,1.041
1472.346,-0.203,1.592,1.069
1472.459,-0.176,1.583,1.100
1472.568,-0.147,1.573,1.132
1472.680,-0.109,1.569,1.162
1472.791,-0.068,1.572,1.190
1472.902,-0.029,1.572,1.214
1473.013,0.005,1.568,1.234
1473.114,0.028,1.564,1.246
1473.221,0.048,1.561,1.251
1473.332,0.057,1.563,1.241
1473.443,0.053,1.571,1.214
1473.555,0.033,1.581,1.177
1473.666,-0.002,1.588,1.138
1473.776,-0.043,1.594,1.105
1473.887,-0.084,1.599,1.079
1473.999,-0.127,1.600,1.060
1474.109,-0.167,1.601,1.046
1474.221,-0.206,1.599,1.036
1474.332,-0.240,1.597,1.031
1474.443,-0.264,1.596,1.030
1474.553,-0.276,1.598,1.031
1474.664,-0.278,1.598,1.031
1474.776,-0.269,1.600,1.025
1474.887,-0.255,1.599,1.013
1474.998,-0.236,1.597,0.994
1475.109,-0.210,1.590,0.968
1475.221,-0.173,1.580,0.936
1475.332,-0.124,1.574,0.897
1475.443,-0.064,1.574,0.851
1475.554,-0.002,1.575,0.806
1475.666,0.053,1.579,0.767
1475.776,0.094,1.577,0.738
1475.888,0.122,1.573,0.722
1475.999,0.143,1.573,0.715
1476.111,0.158,1.572,0.713
1476.221,0.167,1.567,0.714
1476.332,0.172,1.559,0.716
1476.443,0.175,1.553,0.715
1476.555,0.180,1.551,0.711
1476.666,0.185,1.553,0.703
1476.777,0.189,1.552,0.697
1476.888,0.194,1.552,0.690
1476.999,0.199,1.548,0.684
1477.110,0.202,1.545,0.679
1477.223,0.203,1.543,0.677
1477.332,0.203,1.542,0.675
1477.443,0.204,1.541,0.674
1477.555,0.204,1.540,0.673
1477.665,0.204,1.539,0.672
1477.777,0.205,1.539,0.671
1477.888,0.207,1.537,0.670
1477.999,0.209,1.537,0.667
1478.110,0.211,1.535,0.666
1478.221,0.214,1.539,0.663
1478.332,0.217,1.543,0.661
1478.443,0.217,1.544,0.659
1478.554,0.212,1.543,0.660
1478.666,0.203,1.544,0.662
1478.776,0.186,1.541,0.665
1478.888,0.164,1.537,0.666
1478.999,0.138,1.540,0.662
1479.109,0.110,1.544,0.659
1479.221,0.082,1.548,0.655
1479.332,0.051,1.548,0.650
1479.442,0.014,1.550,0.641
1479.553,-0.023,1.558,0.627
1479.665,-0.055,1.564,0.615
1479.776,-0.081,1.564,0.610
1479.887,-0.099,1.564,0.611
1479.999,-0.111,1.563,0.614
1480.109,-0.116,1.563,0.617
1480.221,-0.118,1.563,0.622
1480.332,-0.117,1.563,0.627
1480.443,-0.114,1.564,0.631
1480.554,-0.111,1.564,0.636
1480.666,-0.107,1.565,0.639
1480.776,-0.102,1.566,0.642
1480.884,-0.097,1.568,0.644
1480.996,-0.090,1.569,0.645
1481.107,-0.082,1.571,0.645
1481.219,-0.073,1.573,0.645
1481.329,-0.061,1.572,0.645
1481.441,-0.055,1.571,0.646
1481.552,-0.062,1.567,0.645
1481.663,-0.086,1.560,0.643
1481.774,-0.129,1.554,0.634
1481.885,-0.188,1.547,0.618
1481.997,-0.251,1.546,0.597
1482.108,-0.302,1.552,0.581
1482.219,-0.335,1.560,0.575
1482.330,-0.359,1.566,0.577
1482.441,-0.375,1.567,0.586
1482.553,-0.386,1.568,0.599
1482.664,-0.392,1.570,0.610
1482.776,-0.395,1.572,0.617
1482.886,-0.394,1.570,0.623
1482.998,-0.390,1.569,0.627
1483.109,-0.387,1.568,0.630
1483.220,-0.385,1.568,0.630
1483.332,-0.385,1.568,0.627
1483.443,-0.385,1.566,0.624
1483.554,-0.384,1.566,0.622
1483.665,-0.383,1.565,0.620
1483.775,-0.382,1.565,0.619
1483.887,-0.380,1.566,0.619
1483.998,-0.378,1.566,0.619
1484.109,-0.377,1.566,0.619
1484.220,-0.376,1.567,0.620
1484.332,-0.376,1.567,0.620
1484.443,-0.376,1.567,0.621
1484.554,-0.374,1.567,0.620
1484.665,-0.373,1.566,0.620
1484.776,-0.372,1.567,0.619
1484.887,-0.370,1.567,0.618
1484.998,-0.367,1.567,0.617
1485.109,-0.363,1.568,0.616
1485.220,-0.362,1.568,0.615
1485.332,-0.366,1.568,0.615
1485.442,-0.379,1.568,0.614
1485.553,-0.408,1.567,0.613
1485.665,-0.452,1.566,0.610
1485.776,-0.510,1.563,0.606
1485.887,-0.578,1.557,0.592
1485.999,-0.645,1.554,0.572
1486.109,-0.696,1.554,0.550
1486.220,-0.729,1.558,0.537
1486.332,-0.749,1.560,0.531
1486.443,-0.763,1.559,0.533
1486.554,-0.772,1.559,0.542
1486.665,-0.777,1.561,0.556
1486.776,-0.779,1.565,0.570
1486.888,-0.778,1.568,0.582
1486.999,-0.776,1.569,0.592
1487.110,-0.771,1.569,0.599
1487.221,-0.766,1.570,0.605
1487.332,-0.759,1.569,0.611
1487.442,-0.753,1.570,0.616
1487.554,-0.748,1.571,0.620
1487.666,-0.744,1.571,0.623
1487.776,-0.742,1.572,0.625
1487.887,-0.743,1.572,0.626
1487.999,-0.744,1.572,0.625
1488.109,-0.745,1.572,0.624
1488.221,-0.746,1.571,0.623
1488.326,-0.746,1.571,0.622
1488.439,-0.746,1.571,0.620
1488.551,-0.746,1.571,0.619
1488.662,-0.745,1.572,0.618
1488.774,-0.743,1.573,0.619
1488.885,-0.741,1.573,0.619
1488.996,-0.739,1.573,0.618
1489.107,-0.736,1.573,0.618
1489.219,-0.733,1.574,0.619
1489.330,-0.730,1.574,0.619
1489.441,-0.728,1.574,0.618
1489.553,-0.728,1.574,0.618
1489.664,-0.728,1.574,0.617
1489.775,-0.729,1.573,0.618
1489.886,-0.729,1.573,0.618
1489.998,-0.729,1.573,0.618
1490.108,-0.728,1.573,0.618
1490.219,-0.729,1.572,0.619
1490.330,-0.729,1.573,0.621
1490.442,-0.729,1.573,0.623
1490.553,-0.728,1.573,0.624
1490.664,-0.727,1.573,0.625
1490.775,-0.730,1.571,0.627
1490.886,-0.735,1.569,0.629
1490.998,-0.738,1.567,0.633
1491.109,-0.732,1.564,0.638
1491.220,-0.716,1.564,0.642
1491.331,-0.695,1.566,0.648
1491.442,-0.681,1.569,0.656
1491.554,-0.676,1.571,0.662
1491.664,-0.684,1.574,0.666
1491.775,-0.702,1.573,0.669
1491.885,-0.732,1.572,0.671
1491.996,-0.774,1.573,0.672
1492.108,-0.826,1.571,0.670
1492.219,-0.885,1.567,0.661
1492.330,-0.944,1.568,0.646
1492.441,-0.995,1.567,0.632
1492.552,-1.032,1.569,0.623
1492.665,-1.056,1.573,0.618
1492.775,-1.069,1.575,0.617
1492.886,-1.067,1.576,0.620
1492.997,-1.055,1.577,0.626
1493.108,-1.039,1.576,0.631
1493.219,-1.018,1.575,0.630
1493.330,-0.990,1.573,0.626
1493.441,-0.960,1.574,0.622
1493.549,-0.932,1.572,0.622
1493.661,-0.909,1.570,0.628
1493.772,-0.892,1.568,0.640
1493.884,-0.879,1.561,0.652
1493.995,-0.871,1.556,0.663
1494.106,-0.867,1.551,0.672
1494.217,-0.864,1.549,0.676
1494.329,-0.859,1.547,0.678
1494.440,-0.855,1.545,0.677
1494.551,-0.851,1.544,0.677
1494.663,-0.847,1.542,0.679
1494.774,-0.845,1.542,0.681
1494.885,-0.843,1.543,0.682
1494.996,-0.842,1.543,0.682
1495.107,-0.841,1.543,0.681
1495.218,-0.841,1.543,0.679
1495.330,-0.842,1.544,0.676
1495.441,-0.844,1.543,0.673
1495.552,-0.847,1.542,0.669
1495.663,-0.852,1.542,0.663
1495.775,-0.863,1.542,0.656
1495.885,-0.883,1.542,0.649
1495.998,-0.903,1.542,0.642
1496.108,-0.921,1.544,0.635
1496.220,-0.936,1.548,0.628
1496.331,-0.950,1.551,0.622
1496.442,-0.966,1.552,0.619
1496.553,-0.984,1.555,0.617
1496.664,-1.000,1.559,0.616
1496.775,-1.012,1.562,0.614
1496.887,-1.019,1.563,0.616
1496.998,-1.025,1.565,0.619
1497.109,-1.029,1.566,0.623
1497.220,-1.031,1.566,0.628
1497.332,-1.033,1.566,0.634
1497.442,-1.035,1.569,0.638
1497.554,-1.035,1.569,0.640
1497.665,-1.035,1.569,0.641
1497.776,-1.036,1.568,0.642
1497.887,-1.036,1.568,0.641
1497.998,-1.036,1.567,0.641
1498.109,-1.036,1.566,0.642
1498.220,-1.035,1.566,0.643
1498.332,-1.034,1.566,0.644
1498.442,-1.033,1.565,0.644
1498.554,-1.033,1.565,0.645
1498.664,-1.032,1.565,0.645
1498.776,-1.030,1.566,0.644
1498.887,-1.030,1.566,0.643
1498.998,-1.029,1.567,0.643
1499.109,-1.024,1.568,0.641
1499.221,-1.017,1.569,0.636
1499.332,-1.008,1.569,0.631
1499.442,-0.999,1.570,0.627
1499.554,-0.992,1.570,0.624
1499.665,-0.986,1.570,0.624
1499.776,-0.987,1.573,0.624
1499.887,-1.002,1.575,0.626
1499.998,-1.033,1.574,0.627
1500.109,-1.076,1.572,0.623
1500.221,-1.128,1.567,0.614
1500.332,-1.182,1.564,0.601
1500.444,-1.230,1.562,0.588
1500.554,-1.268,1.554,0.585
1500.665,-1.294,1.543,0.589
1500.776,-1.314,1.535,0.598
1500.888,-1.332,1.534,0.605
1500.999,-1.345,1.534,0.610
1501.109,-1.354,1.533,0.615
1501.221,-1.362,1.533,0.619
1501.332,-1.368,1.532,0.623
1501.443,-1.370,1.531,0.626
1501.554,-1.371,1.532,0.627
1501.666,-1.370,1.531,0.629
1501.776,-1.369,1.532,0.631
1501.887,-1.367,1.532,0.632
1501.999,-1.364,1.532,0.633
1502.109,-1.362,1.533,0.633
1502.221,-1.361,1.533,0.632
1502.332,-1.360,1.534,0.629
1502.443,-1.360,1.535,0.627
1502.554,-1.359,1.535,0.624
1502.665,-1.359,1.536,0.623
1502.776,-1.359,1.536,0.622
1502.888,-1.360,1.536,0.621
1502.999,-1.360,1.536,0.621
1503.110,-1.361,1.536,0.621
1503.221,-1.362,1.536,0.622
1503.332,-1.363,1.535,0.623
1503.443,-1.364,1.531,0.624
1503.554,-1.363,1.530,0.626
1503.665,-1.363,1.528,0.629
1503.775,-1.365,1.527,0.631
1503.887,-1.368,1.526,0.634
1503.998,-1.370,1.524,0.637
1504.110,-1.368,1.524,0.639
1504.221,-1.360,1.525,0.640
1504.333,-1.342,1.531,0.642
1504.443,-1.314,1.542,0.647
1504.554,-1.285,1.553,0.658
1504.666,-1.260,1.559,0.669
1504.777,-1.235,1.565,0.679
1504.888,-1.209,1.569,0.689
1504.999,-1.184,1.572,0.701
1505.110,-1.163,1.580,0.714
1505.221,-1.147,1.587,0.725
1505.333,-1.134,1.591,0.737
1505.444,-1.121,1.594,0.746
1505.555,-1.111,1.596,0.754
1505.666,-1.103,1.603,0.759
1505.777,-1.103,1.616,0.760
1505.888,-1.108,1.625,0.762
1506.000,-1.120,1.634,0.762
1506.110,-1.147,1.646,0.758
1506.221,-1.192,1.654,0.757
1506.332,-1.228,1.653,0.760
1506.443,-1.251,1.651,0.758
1506.554,-1.268,1.650,0.749
1506.665,-1.287,1.649,0.734
1506.776,-1.308,1.644,0.715
1506.888,-1.334,1.634,0.711
1506.999,-1.341,1.622,0.727
1507.110,-1.331,1.612,0.744
1507.221,-1.312,1.602,0.750
1507.334,-1.296,1.598,0.745
1507.443,-1.287,1.595,0.733
1507.554,-1.284,1.597,0.711
1507.666,-1.278,1.601,0.681
1507.777,-1.256,1.607,0.647
1507.888,-1.212,1.610,0.632
1508.000,-1.168,1.611,0.652
1508.110,-1.147,1.607,0.688
1508.221,-1.140,1.602,0.713
1508.331,-1.132,1.598,0.731
1508.442,-1.117,1.592,0.745
1508.554,-1.090,1.591,0.756
1508.665,-1.052,1.593,0.767
1508.776,-1.005,1.598,0.779
1508.887,-0.952,1.600,0.791
1508.999,-0.896,1.599,0.794
1509.110,-0.842,1.596,0.790
1509.220,-0.789,1.594,0.784
1509.332,-0.736,1.589,0.770
1509.443,-0.682,1.581,0.746
1509.554,-0.632,1.573,0.716
1509.666,-0.583,1.579,0.687
1509.776,-0.539,1.588,0.662
1509.888,-0.503,1.589,0.643
1509.999,-0.474,1.590,0.631
1510.110,-0.449,1.590,0.630
1510.221,-0.425,1.593,0.645
1510.332,-0.404,1.600,0.671
1510.443,-0.378,1.604,0.700
1510.555,-0.349,1.601,0.734
1510.666,-0.317,1.597,0.774
1510.777,-0.283,1.593,0.823
1510.888,-0.246,1.592,0.875
1511.000,-0.209,1.596,0.922
1511.110,-0.169,1.600,0.962
1511.221,-0.129,1.600,1.000
1511.333,-0.089,1.600,1.033
1511.443,-0.048,1.592,1.062
1511.558,-0.015,1.586,1.081
1511.665,0.010,1.588,1.088
1511.776,0.028,1.592,1.087
1511.887,0.038,1.599,1.079
1511.999,0.039,1.603,1.067
1512.110,0.032,1.605,1.052
1512.221,0.016,1.607,1.039
1512.332,-0.004,1.607,1.029
1512.443,-0.023,1.606,1.020
1512.554,-0.037,1.607,1.014
1512.665,-0.046,1.599,1.009
1512.776,-0.055,1.588,1.008
1512.887,-0.061,1.579,1.007
1512.998,-0.064,1.574,1.005
1513.109,-0.066,1.572,1.004
1513.220,-0.069,1.572,1.001
1513.331,-0.071,1.575,0.999
1513.442,-0.070,1.578,1.000
1513.553,-0.067,1.583,1.003
1513.664,-0.063,1.583,1.003
1513.775,-0.058,1.585,1.001
1513.887,-0.054,1.591,1.004
1513.998,-0.045,1.598,1.007
1514.110,-0.032,1.603,1.007
1514.220,-0.010,1.597,0.998
1514.331,0.017,1.599,0.991
1514.442,0.041,1.596,0.987
1514.553,0.055,1.595,0.994
1514.665,0.055,1.598,1.012
1514.775,0.044,1.601,1.032
1514.886,0.030,1.606,1.048
1514.997,0.019,1.609,1.058
1515.108,0.012,1.609,1.062
1515.218,0.010,1.610,1.067
1515.330,0.009,1.606,1.078
1515.441,0.004,1.605,1.097
1515.552,-0.004,1.604,1.125
1515.663,-0.015,1.606,1.163
1515.774,-0.028,1.609,1.208
1515.885,-0.045,1.613,1.259
1515.996,-0.065,1.618,1.316
1516.107,-0.080,1.626,1.376
1516.218,-0.093,1.624,1.440
1516.330,-0.105,1.620,1.507
1516.440,-0.120,1.613,1.577
1516.552,-0.141,1.598,1.651
1516.663,-0.164,1.587,1.728
1516.774,-0.181,1.588,1.807
1516.885,-0.196,1.606,1.883
1516.996,-0.214,1.617,1.949
1517.107,-0.242,1.621,1.997
1517.218,-0.266,1.615,2.048
1517.330,-0.293,1.605,2.111
1517.442,-0.330,1.588,2.177
1517.553,-0.377,1.583,2.244
1517.664,-0.418,1.597,2.328
1517.775,-0.447,1.613,2.421
1517.886,-0.465,1.622,2.514
1517.997,-0.482,1.620,2.604
1518.107,-0.496,1.607,2.694
1518.218,-0.506,1.598,2.785
1518.330,-0.516,1.601,2.877
1518.441,-0.531,1.616,2.966
1518.552,-0.552,1.620,3.049
1518.664,-0.574,1.618,3.127
1518.774,-0.600,1.613,3.204
1518.885,-0.635,1.602,3.282
1518.996,-0.680,1.595,3.362
1519.108,-0.726,1.605,3.444
1519.219,-0.763,1.619,3.525
1519.331,-0.788,1.624,3.606
1519.441,-0.803,1.621,3.686
1519.552,-0.812,1.609,3.767
1519.663,-0.814,1.594,3.850
1519.774,-0.813,1.586,3.935
1519.885,-0.814,1.600,4.023
1519.996,-0.822,1.613,4.108
1520.108,-0.832,1.615,4.189
1520.219,-0.842,1.611,4.268
1520.330,-0.854,1.602,4.348
1520.441,-0.868,1.595,4.430
1520.553,-0.884,1.592,4.514
1520.665,-0.901,1.607,4.600
1520.775,-0.910,1.619,4.684
1520.887,-0.914,1.623,4.767
1520.998,-0.913,1.620,4.847
1521.109,-0.908,1.606,4.928
1521.221,-0.897,1.591,5.010
1521.332,-0.885,1.588,5.098
1521.443,-0.870,1.603,5.185
1521.554,-0.857,1.606,5.265
1521.665,-0.848,1.608,5.336
1521.776,-0.841,1.611,5.402
1521.887,-0.833,1.610,5.466
1521.998,-0.829,1.606,5.532
1522.109,-0.827,1.609,5.600
1522.220,-0.821,1.622,5.668
1522.331,-0.811,1.629,5.729
1522.443,-0.796,1.632,5.779
1522.554,-0.781,1.635,5.815
1522.665,-0.766,1.635,5.840
1522.776,-0.750,1.635,5.854
1522.887,-0.734,1.637,5.861
1522.999,-0.720,1.637,5.867
1523.109,-0.711,1.634,5.871
1523.221,-0.704,1.632,5.874
1523.332,-0.702,1.630,5.876
1523.442,-0.705,1.626,5.875
1523.554,-0.711,1.622,5.871
1523.665,-0.718,1.618,5.866
1523.776,-0.725,1.617,5.856
1523.887,-0.731,1.616,5.845
1523.998,-0.738,1.617,5.834
1524.109,-0.744,1.616,5.824
1524.220,-0.750,1.615,5.814
1524.332,-0.753,1.618,5.805
1524.443,-0.754,1.619,5.796
1524.554,-0.754,1.619,5.787
1524.665,-0.752,1.620,5.780
1524.776,-0.750,1.621,5.773
1524.887,-0.747,1.622,5.767
1524.999,-0.744,1.625,5.764
1525.110,-0.742,1.624,5.762
1525.221,-0.741,1.625,5.759
1525.332,-0.741,1.624,5.756
1525.443,-0.741,1.624,5.754
1525.554,-0.742,1.624,5.753
1525.665,-0.743,1.624,5.754
1525.776,-0.746,1.624,5.755
1525.887,-0.748,1.623,5.757
1525.999,-0.751,1.622,5.760
1526.109,-0.754,1.622,5.764
1526.220,-0.758,1.622,5.769
1526.332,-0.759,1.622,5.773
1526.443,-0.761,1.621,5.774
1526.554,-0.761,1.620,5.774
1526.665,-0.762,1.620,5.773
1526.776,-0.760,1.620,5.771
1526.887,-0.757,1.619,5.768
1526.998,-0.754,1.620,5.766
1527.109,-0.754,1.621,5.767
1527.220,-0.754,1.621,5.768
1527.332,-0.755,1.621,5.770
1527.442,-0.756,1.621,5.774
1527.554,-0.757,1.622,5.779
1527.665,-0.756,1.623,5.786
1527.776,-0.753,1.624,5.795
1527.887,-0.749,1.624,5.806
1527.998,-0.743,1.623,5.820
1528.109,-0.736,1.622,5.834
1528.221,-0.728,1.620,5.849
1528.332,-0.721,1.618,5.863
1528.443,-0.714,1.618,5.875
1528.554,-0.703,1.619,5.883
1528.665,-0.685,1.614,5.885
1528.776,-0.661,1.611,5.879
1528.887,-0.637,1.605,5.865
1528.998,-0.608,1.603,5.841
1529.109,-0.581,1.603,5.813
1529.221,-0.558,1.602,5.784
1529.332,-0.537,1.598,5.753
1529.443,-0.517,1.592,5.729
1529.554,-0.496,1.590,5.716
1529.665,-0.469,1.594,5.708
1529.776,-0.437,1.597,5.704
1529.887,-0.402,1.597,5.703
1529.998,-0.366,1.601,5.705
1530.108,-0.335,1.609,5.708
1530.219,-0.311,1.617,5.712
1530.330,-0.293,1.619,5.718
1530.441,-0.282,1.619,5.724
1530.553,-0.280,1.620,5.730
1530.663,-0.290,1.618,5.736
1530.775,-0.305,1.619,5.743
1530.885,-0.324,1.623,5.752
1530.996,-0.347,1.624,5.761
1531.108,-0.372,1.629,5.768
1531.219,-0.395,1.645,5.775
1531.331,-0.418,1.656,5.786
1531.442,-0.441,1.660,5.799
1531.553,-0.466,1.661,5.811
1531.664,-0.493,1.661,5.821
1531.775,-0.518,1.659,5.824
1531.887,-0.549,1.654,5.816
1531.997,-0.583,1.647,5.805
1532.108,-0.610,1.643,5.786
1532.220,-0.638,1.641,5.766
1532.331,-0.671,1.639,5.739
1532.442,-0.707,1.631,5.712
1532.553,-0.746,1.632,5.683
1532.665,-0.787,1.639,5.659
1532.776,-0.827,1.636,5.636
1532.886,-0.869,1.624,5.618
1532.998,-0.913,1.622,5.608
1533.109,-0.958,1.615,5.606
1533.221,-1.003,1.607,5.614
1533.331,-1.047,1.610,5.627
1533.443,-1.088,1.618,5.641
1533.553,-1.127,1.620,5.655
1533.665,-1.163,1.620,5.668
1533.776,-1.196,1.620,5.679
1533.887,-1.227,1.621,5.690
1533.999,-1.260,1.622,5.695
1534.109,-1.296,1.623,5.696
1534.220,-1.334,1.624,5.695
1534.332,-1.373,1.623,5.691
1534.442,-1.411,1.624,5.687
1534.554,-1.442,1.628,5.688
1534.665,-1.466,1.624,5.693
1534.776,-1.483,1.623,5.703
1534.887,-1.493,1.620,5.720
1534.998,-1.505,1.617,5.741
1535.109,-1.515,1.614,5.767
1535.220,-1.523,1.618,5.802
1535.332,-1.531,1.625,5.839
1535.442,-1.540,1.631,5.877
1535.553,-1.546,1.630,5.910
1535.665,-1.556,1.629,5.935
1535.775,-1.569,1.634,5.952
1535.887,-1.584,1.635,5.966
1535.999,-1.601,1.637,5.975
1536.109,-1.615,1.635,5.982
1536.220,-1.626,1.635,5.984
1536.331,-1.634,1.634,5.985
1536.442,-1.641,1.633,5.982
1536.553,-1.648,1.632,5.976
1536.665,-1.655,1.632,5.970
1536.775,-1.660,1.633,5.966
1536.887,-1.664,1.633,5.964
1536.998,-1.665,1.633,5.963
1537.109,-1.663,1.633,5.962
1537.220,-1.658,1.633,5.961
1537.331,-1.652,1.633,5.961
1537.442,-1.645,1.632,5.961
1537.553,-1.640,1.631,5.962
1537.665,-1.637,1.630,5.963
1537.775,-1.637,1.627,5.963
1537.887,-1.637,1.624,5.962
1537.998,-1.638,1.622,5.963
1538.109,-1.637,1.621,5.966
1538.220,-1.636,1.621,5.969
1538.331,-1.635,1.620,5.971
1538.443,-1.635,1.620,5.974
1538.553,-1.636,1.620,5.977
1538.665,-1.637,1.621,5.983
1538.776,-1.638,1.622,5.990
1538.887,-1.640,1.624,5.998
1538.998,-1.641,1.626,6.011
1539.109,-1.641,1.628,6.028
1539.220,-1.641,1.629,6.048
1539.331,-1.640,1.629,6.068
1539.443,-1.642,1.628,6.086
1539.554,-1.646,1.628,6.100
1539.666,-1.651,1.630,6.112
1539.776,-1.658,1.627,6.120
1539.887,-1.666,1.625,6.124
1540.000,-1.670,1.624,6.134
1540.109,-1.671,1.621,6.146
1540.221,-1.668,1.621,6.160
1540.332,-1.665,1.621,6.179
1540.443,-1.663,1.621,6.204
1540.554,-1.657,1.620,6.234
1540.665,-1.650,1.623,6.269
1540.775,-1.645,1.624,6.307
1540.885,-1.641,1.623,6.344
1540.996,-1.637,1.625,6.378
1541.108,-1.635,1.627,6.409
1541.219,-1.635,1.627,6.435
1541.331,-1.634,1.623,6.458
1541.442,-1.633,1.621,6.480
1541.552,-1.629,1.624,6.502
1541.665,-1.623,1.629,6.523
1541.776,-1.623,1.628,6.543
1541.887,-1.629,1.629,6.559
1541.998,-1.639,1.629,6.574
1542.109,-1.649,1.627,6.587
1542.220,-1.658,1.622,6.597
1542.331,-1.663,1.619,6.605
1542.442,-1.662,1.618,6.611
1542.553,-1.653,1.619,6.615
1542.665,-1.642,1.619,6.619
1542.775,-1.631,1.621,6.622
1542.886,-1.622,1.621,6.625
1542.998,-1.610,1.620,6.626
1543.109,-1.597,1.620,6.622
1543.220,-1.584,1.623,6.614
1543.332,-1.577,1.623,6.600
1543.443,-1.576,1.625,6.579
1543.554,-1.584,1.627,6.558
1543.665,-1.597,1.628,6.540
1543.776,-1.617,1.629,6.524
1543.887,-1.641,1.632,6.506
1543.995,-1.670,1.632,6.486
1544.106,-1.705,1.631,6.470
1544.217,-1.738,1.624,6.456
1544.329,-1.772,1.616,6.442
1544.439,-1.811,1.613,6.430
1544.550,-1.853,1.616,6.420
1544.662,-1.895,1.622,6.409
1544.773,-1.934,1.626,6.398
1544.885,-1.965,1.629,6.387
1544.996,-1.989,1.629,6.381
1545.107,-2.006,1.628,6.383
1545.219,-2.016,1.625,6.395
1545.328,-2.019,1.620,6.418
1545.440,-2.013,1.618,6.448
1545.553,-2.003,1.616,6.481
1545.664,-1.989,1.619,6.518
1545.775,-1.975,1.624,6.555
1545.886,-1.962,1.630,6.592
1545.998,-1.951,1.635,6.626
1546.109,-1.945,1.637,6.658
1546.220,-1.943,1.638,6.690
1546.331,-1.943,1.637,6.722
1546.442,-1.944,1.634,6.753
1546.553,-1.947,1.632,6.783
1546.665,-1.948,1.634,6.812
1546.776,-1.947,1.635,6.839
1546.887,-1.944,1.637,6.862
1546.998,-1.940,1.638,6.883
1547.109,-1.938,1.640,6.902
1547.220,-1.938,1.641,6.918
1547.331,-1.939,1.641,6.931
1547.442,-1.941,1.640,6.941
1547.553,-1.943,1.641,6.945
1547.665,-1.944,1.646,6.945
1547.776,-1.944,1.654,6.939
1547.887,-1.944,1.663,6.928
1547.998,-1.945,1.670,6.913
1548.109,-1.947,1.672,6.899
1548.220,-1.949,1.672,6.883
1548.331,-1.950,1.672,6.865
1548.442,-1.950,1.671,6.845
1548.553,-1.949,1.666,6.824
1548.665,-1.949,1.659,6.803
1548.776,-1.952,1.648,6.784
1548.887,-1.959,1.636,6.767
1548.998,-1.969,1.630,6.752
1549.109,-1.980,1.630,6.739
1549.220,-1.994,1.627,6.732
1549.331,-2.011,1.622,6.731
1549.442,-2.031,1.620,6.734
1549.553,-2.056,1.617,6.742
1549.664,-2.085,1.617,6.753
1549.775,-2.116,1.614,6.766
1549.887,-2.146,1.614,6.782
1549.998,-2.173,1.610,6.796
1550.108,-2.200,1.599,6.807
1550.220,-2.223,1.584,6.818
1550.327,-2.240,1.571,6.827
1550.438,-2.253,1.563,6.839
1550.550,-2.261,1.553,6.848
1550.660,-2.263,1.549,6.855
1550.771,-2.261,1.551,6.863
1550.882,-2.258,1.552,6.872
1550.993,-2.256,1.560,6.886
1551.105,-2.256,1.563,6.899
1551.217,-2.256,1.564,6.912
1551.328,-2.256,1.565,6.923
1551.439,-2.257,1.566,6.934
1551.551,-2.260,1.568,6.941
1551.663,-2.260,1.572,6.948
1551.774,-2.256,1.576,6.941
1551.883,-2.245,1.577,6.920
1551.995,-2.227,1.571,6.889
1552.099,-2.216,1.563,6.854
1552.210,-2.206,1.570,6.827
1552.321,-2.187,1.577,6.789
1552.432,-2.158,1.587,6.740
1552.544,-2.123,1.594,6.684
1552.656,-2.085,1.596,6.623
1552.768,-2.046,1.602,6.556
1552.879,-2.013,1.602,6.491
1552.991,-1.983,1.599,6.427
1553.103,-1.964,1.597,6.370
1553.214,-1.951,1.598,6.321
1553.324,-1.944,1.597,6.276
1553.435,-1.944,1.597,6.235
1553.547,-1.941,1.598,6.192
1553.658,-1.925,1.594,6.150
1553.771,-1.898,1.588,6.104
1553.880,-1.865,1.585,6.050
1553.992,-1.824,1.592,5.990
1554.102,-1.788,1.602,5.934
1554.213,-1.760,1.609,5.877
1554.324,-1.734,1.611,5.822
1554.436,-1.704,1.607,5.762
1554.547,-1.671,1.596,5.700
1554.658,-1.637,1.586,5.636
1554.770,-1.597,1.597,5.567
1554.880,-1.553,1.609,5.499
1554.992,-1.505,1.609,5.435
1555.103,-1.450,1.605,5.381
1555.214,-1.388,1.595,5.337
1555.326,-1.318,1.579,5.298
1555.437,-1.238,1.568,5.266
1555.546,-1.151,1.577,5.236
1555.657,-1.068,1.590,5.205
1555.768,-0.991,1.596,5.171
1555.880,-0.919,1.596,5.136
1555.992,-0.848,1.583,5.100
1556.103,-0.778,1.570,5.061
1556.214,-0.709,1.564,5.017
1556.325,-0.642,1.577,4.973
1556.436,-0.583,1.582,4.940
1556.547,-0.538,1.582,4.915
1556.659,-0.506,1.579,4.897
1556.770,-0.480,1.575,4.886
1556.881,-0.458,1.571,4.879
1556.989,-0.441,1.567,4.877
1557.101,-0.429,1.564,4.875
1557.213,-0.420,1.564,4.872
1557.321,-0.414,1.565,4.869
1557.432,-0.410,1.565,4.865
1557.543,-0.406,1.564,4.860
1557.653,-0.403,1.561,4.854
1557.766,-0.399,1.562,4.847
1557.877,-0.392,1.559,4.841
1557.988,-0.379,1.549,4.837
1558.100,-0.359,1.537,4.835
1558.212,-0.331,1.532,4.836
1558.323,-0.288,1.526,4.842
1558.434,-0.222,1.514,4.853
1558.546,-0.137,1.485,4.867
1558.656,-0.044,1.439,4.885
1558.767,0.047,1.384,4.907
1558.879,0.126,1.333,4.933
1558.990,0.178,1.286,4.951
1559.103,0.206,1.251,4.956
1559.214,0.221,1.236,4.946
1559.326,0.222,1.237,4.925
1559.438,0.212,1.243,4.889
1559.549,0.195,1.247,4.842
1559.660,0.179,1.242,4.784
1559.772,0.162,1.237,4.731
1559.883,0.141,1.245,4.683
1559.994,0.121,1.266,4.647
1560.106,0.102,1.297,4.629
1560.217,0.081,1.340,4.621
1560.328,0.059,1.389,4.615
1560.440,0.031,1.442,4.612
1560.551,-0.009,1.488,4.613
1560.662,-0.054,1.525,4.613
1560.773,-0.100,1.545,4.613
1560.885,-0.138,1.557,4.613
1560.995,-0.166,1.563,4.610
1561.107,-0.181,1.563,4.604
1561.218,-0.187,1.561,4.592
1561.329,-0.186,1.557,4.569
1561.440,-0.177,1.551,4.526
1561.551,-0.159,1.537,4.462
1561.662,-0.130,1.518,4.375
1561.774,-0.087,1.496,4.261
1561.885,-0.030,1.471,4.137
1561.997,0.030,1.446,4.021
1562.107,0.080,1.413,3.930
1562.219,0.122,1.381,3.867
1562.330,0.154,1.347,3.824
1562.440,0.176,1.316,3.792
1562.552,0.191,1.293,3.774
1562.662,0.199,1.281,3.768
1562.774,0.200,1.286,3.775
1562.885,0.192,1.312,3.796
1562.996,0.174,1.348,3.829
1563.107,0.145,1.388,3.881
1563.219,0.104,1.432,3.955
1563.330,0.051,1.480,4.054
1563.441,-0.009,1.518,4.162
1563.552,-0.067,1.542,4.263
1563.664,-0.116,1.568,4.342
1563.775,-0.159,1.596,4.393
1563.887,-0.200,1.611,4.425
1563.998,-0.240,1.618,4.439
1564.109,-0.278,1.623,4.440
1564.220,-0.312,1.630,4.434
1564.331,-0.345,1.628,4.428
1564.443,-0.375,1.629,4.424
1564.553,-0.404,1.630,4.422
1564.664,-0.432,1.630,4.421
1564.776,-0.460,1.624,4.420
1564.887,-0.485,1.618,4.418
1564.997,-0.510,1.614,4.415
1565.108,-0.536,1.609,4.411
1565.220,-0.565,1.606,4.406
1565.331,-0.594,1.600,4.395
1565.441,-0.626,1.592,4.379
1565.553,-0.662,1.583,4.358
1565.664,-0.705,1.587,4.335
1565.775,-0.751,1.596,4.318
1565.886,-0.791,1.596,4.305
1565.997,-0.827,1.597,4.295
1566.108,-0.861,1.600,4.288
1566.219,-0.896,1.600,4.286
1566.331,-0.933,1.599,4.290
1566.442,-0.974,1.597,4.300
1566.553,-1.018,1.594,4.316
1566.664,-1.062,1.593,4.339
1566.775,-1.109,1.598,4.365
1566.886,-1.155,1.607,4.389
1566.998,-1.201,1.606,4.412
1567.109,-1.243,1.602,4.433
1567.220,-1.283,1.598,4.453
1567.331,-1.327,1.592,4.470
1567.442,-1.375,1.582,4.481
1567.553,-1.430,1.573,4.483
1567.665,-1.494,1.568,4.484
1567.776,-1.567,1.582,4.484
1567.887,-1.637,1.589,4.486
1567.998,-1.696,1.589,4.490
1568.109,-1.744,1.588,4.498
1568.220,-1.785,1.590,4.507
1568.331,-1.823,1.586,4.518
1568.443,-1.857,1.581,4.529
1568.553,-1.888,1.577,4.543
1568.665,-1.919,1.574,4.561
1568.776,-1.953,1.578,4.581
1568.887,-1.985,1.583,4.603
1568.998,-2.012,1.579,4.624
1569.109,-2.033,1.575,4.640
1569.220,-2.050,1.572,4.653
1569.331,-2.063,1.569,4.664
1569.442,-2.073,1.566,4.672
1569.553,-2.081,1.564,4.676
1569.664,-2.089,1.563,4.679
1569.775,-2.094,1.562,4.681
1569.887,-2.100,1.560,4.684
1569.998,-2.107,1.559,4.689
1570.110,-2.114,1.558,4.693
1570.220,-2.119,1.556,4.697
1570.331,-2.124,1.554,4.699
1570.442,-2.128,1.553,4.701
1570.553,-2.132,1.552,4.704
1570.664,-2.136,1.551,4.706
1570.775,-2.140,1.550,4.707
1570.886,-2.144,1.550,4.709
1570.997,-2.148,1.548,4.710
1571.109,-2.151,1.546,4.711
1571.220,-2.153,1.546,4.713
1571.330,-2.153,1.547,4.714
1571.442,-2.150,1.547,4.716
1571.553,-2.148,1.549,4.717
1571.664,-2.146,1.551,4.718
1571.775,-2.145,1.551,4.718
1571.886,-2.143,1.552,4.720
1571.997,-2.142,1.553,4.722
1572.108,-2.141,1.554,4.725
1572.219,-2.139,1.555,4.727
1572.331,-2.137,1.556,4.728
1572.442,-2.136,1.557,4.729
1572.553,-2.135,1.558,4.730
1572.664,-2.135,1.557,4.731
1572.775,-2.135,1.557,4.732
1572.886,-2.135,1.557,4.733
1572.998,-2.136,1.557,4.735
1573.109,-2.136,1.557,4.737
1573.220,-2.137,1.557,4.738
1573.331,-2.138,1.557,4.740
1573.442,-2.138,1.559,4.741
1573.553,-2.136,1.562,4.741
1573.664,-2.133,1.563,4.740
1573.776,-2.126,1.559,4.739
1573.887,-2.117,1.559,4.739
1573.997,-2.110,1.560,4.736
1574.108,-2.105,1.560,4.731
1574.220,-2.100,1.560,4.728
1574.331,-2.098,1.562,4.724
1574.442,-2.097,1.563,4.722
1574.553,-2.097,1.563,4.723
1574.664,-2.097,1.564,4.723
1574.775,-2.097,1.564,4.724
1574.887,-2.097,1.565,4.725
1574.997,-2.097,1.564,4.726
1575.109,-2.096,1.565,4.727
1575.220,-2.096,1.565,4.728
1575.331,-2.095,1.565,4.728
1575.442,-2.094,1.566,4.729
1575.553,-2.092,1.566,4.729
1575.664,-2.091,1.567,4.730
1575.776,-2.090,1.567,4.731
1575.887,-2.089,1.567,4.731
1575.998,-2.088,1.568,4.732
1576.109,-2.087,1.568,4.732
1576.220,-2.085,1.568,4.733
1576.331,-2.084,1.569,4.734
1576.442,-2.084,1.569,4.734
1576.553,-2.087,1.570,4.733
1576.665,-2.088,1.569,4.733
1576.775,-2.089,1.570,4.733
1576.886,-2.093,1.574,4.730
1576.997,-2.092,1.574,4.728
1577.109,-2.094,1.579,4.723
1577.220,-2.092,1.580,4.719
1577.331,-2.092,1.586,4.712
1577.442,-2.092,1.591,4.701
1577.553,-2.094,1.594,4.695
1577.665,-2.097,1.597,4.693
1577.776,-2.097,1.600,4.691
1577.887,-2.091,1.601,4.686
1577.998,-2.077,1.602,4.674
1578.109,-2.054,1.607,4.646
1578.220,-2.022,1.609,4.599
1578.331,-1.977,1.612,4.546
1578.442,-1.936,1.611,4.501
1578.554,-1.898,1.613,4.460
1578.664,-1.866,1.611,4.422
1578.775,-1.837,1.610,4.385
1578.887,-1.814,1.605,4.352
1578.998,-1.794,1.600,4.319
1579.108,-1.776,1.599,4.287
1579.219,-1.760,1.607,4.254
1579.330,-1.748,1.620,4.223
1579.442,-1.742,1.629,4.193
1579.553,-1.740,1.631,4.169
1579.664,-1.742,1.633,4.153
1579.775,-1.747,1.637,4.149
1579.887,-1.751,1.640,4.156
1579.997,-1.755,1.641,4.165
1580.108,-1.759,1.638,4.175
1580.219,-1.766,1.637,4.186
1580.330,-1.772,1.640,4.197
1580.442,-1.781,1.643,4.208
1580.554,-1.792,1.645,4.217
1580.664,-1.803,1.645,4.225
1580.775,-1.815,1.642,4.231
1580.885,-1.827,1.641,4.236
1580.996,-1.837,1.642,4.239
1581.108,-1.846,1.643,4.241
1581.219,-1.853,1.646,4.242
1581.330,-1.859,1.646,4.243
1581.442,-1.863,1.647,4.242
1581.553,-1.861,1.654,4.239
1581.664,-1.853,1.665,4.224
1581.775,-1.841,1.674,4.197
1581.886,-1.829,1.673,4.172
1581.997,-1.822,1.670,4.151
1582.108,-1.814,1.666,4.132
1582.219,-1.807,1.663,4.113
1582.331,-1.802,1.660,4.098
1582.442,-1.803,1.658,4.084
1582.552,-1.810,1.660,4.071
1582.664,-1.822,1.660,4.060
1582.774,-1.834,1.660,4.055
1582.886,-1.844,1.659,4.054
1582.998,-1.847,1.656,4.054
1583.109,-1.844,1.656,4.056
1583.220,-1.842,1.659,4.057
1583.329,-1.839,1.657,4.058
1583.441,-1.836,1.657,4.058
1583.552,-1.828,1.657,4.058
1583.663,-1.817,1.656,4.058
1583.775,-1.806,1.657,4.060
1583.886,-1.796,1.659,4.066
1583.997,-1.792,1.660,4.072
1584.109,-1.796,1.661,4.076
1584.219,-1.805,1.661,4.075
1584.330,-1.816,1.663,4.072
1584.441,-1.825,1.664,4.068
1584.553,-1.830,1.661,4.063
1584.663,-1.833,1.660,4.058
1584.775,-1.834,1.656,4.056
1584.886,-1.832,1.652,4.059
1584.997,-1.828,1.646,4.065
1585.108,-1.824,1.635,4.074
1585.219,-1.819,1.626,4.082
1585.330,-1.814,1.619,4.087
1585.441,-1.806,1.618,4.089
1585.552,-1.794,1.618,4.091
1585.663,-1.783,1.619,4.092
1585.774,-1.773,1.619,4.093
1585.885,-1.764,1.613,4.092
1585.996,-1.756,1.609,4.090
1586.107,-1.751,1.605,4.087
1586.218,-1.751,1.606,4.088
1586.326,-1.751,1.606,4.091
1586.437,-1.750,1.605,4.093
1586.549,-1.751,1.607,4.095
1586.660,-1.754,1.608,4.100
1586.771,-1.756,1.608,4.109
1586.882,-1.762,1.608,4.116
1586.993,-1.769,1.609,4.121
1587.104,-1.775,1.612,4.126
1587.215,-1.781,1.610,4.128
1587.326,-1.785,1.609,4.130
1587.437,-1.786,1.608,4.128
1587.548,-1.783,1.611,4.126
1587.659,-1.779,1.609,4.127
1587.771,-1.772,1.608,4.125
1587.882,-1.771,1.606,4.121
1587.993,-1.772,1.604,4.124
1588.104,-1.770,1.607,4.123
1588.216,-1.765,1.612,4.121
1588.327,-1.759,1.617,4.121
1588.439,-1.754,1.616,4.120
1588.550,-1.749,1.613,4.123
1588.661,-1.745,1.610,4.129
1588.772,-1.743,1.608,4.132
1588.883,-1.738,1.603,4.132
1588.995,-1.733,1.605,4.132
1589.106,-1.735,1.607,4.133
1589.217,-1.736,1.609,4.133
1589.329,-1.738,1.610,4.133
1589.441,-1.738,1.608,4.130
1589.551,-1.738,1.607,4.129
1589.662,-1.740,1.604,4.130
1589.773,-1.744,1.601,4.129
1589.884,-1.746,1.603,4.129
1589.995,-1.747,1.602,4.128
1590.107,-1.748,1.601,4.127
1590.218,-1.746,1.603,4.124
1590.330,-1.745,1.603,4.123
1590.441,-1.743,1.604,4.123
1590.552,-1.743,1.603,4.123
1590.663,-1.742,1.605,4.122
1590.774,-1.742,1.606,4.121
1590.885,-1.744,1.604,4.121
1590.997,-1.748,1.603,4.122
1591.107,-1.752,1.603,4.123
1591.218,-1.756,1.606,4.126
1591.330,-1.762,1.609,4.129
1591.441,-1.767,1.612,4.132
1591.552,-1.765,1.614,4.137
1591.663,-1.757,1.618,4.148
1591.774,-1.751,1.618,4.159
1591.885,-1.752,1.613,4.166
1591.996,-1.758,1.615,4.175
1592.107,-1.767,1.614,4.185
1592.219,-1.779,1.612,4.197
1592.329,-1.793,1.614,4.211
1592.441,-1.808,1.616,4.227
1592.552,-1.820,1.621,4.242
1592.664,-1.827,1.625,4.255
1592.774,-1.830,1.627,4.264
1592.886,-1.830,1.625,4.268
1592.997,-1.826,1.629,4.269
1593.108,-1.822,1.633,4.269
1593.219,-1.816,1.634,4.270
1593.330,-1.813,1.630,4.271
1593.440,-1.812,1.628,4.270
1593.552,-1.813,1.628,4.268
1593.664,-1.813,1.631,4.266
1593.775,-1.812,1.631,4.267
1593.886,-1.812,1.628,4.268
1593.997,-1.812,1.629,4.270
1594.108,-1.812,1.629,4.274
1594.219,-1.812,1.628,4.276
1594.330,-1.813,1.628,4.277
1594.441,-1.812,1.628,4.277
1594.553,-1.809,1.628,4.276
1594.663,-1.805,1.628,4.275
1594.774,-1.801,1.627,4.273
1594.886,-1.798,1.627,4.272
1594.997,-1.796,1.627,4.271
1595.108,-1.795,1.626,4.270
1595.220,-1.794,1.626,4.269
1595.329,-1.794,1.626,4.269
1595.441,-1.794,1.626,4.269
1595.552,-1.793,1.625,4.269
1595.663,-1.793,1.625,4.269
1595.774,-1.792,1.625,4.268
1595.885,-1.790,1.625,4.268
1595.997,-1.789,1.625,4.268
1596.107,-1.787,1.626,4.269
1596.219,-1.786,1.626,4.270
1596.330,-1.785,1.626,4.271
1596.441,-1.784,1.625,4.273
1596.552,-1.784,1.625,4.274
1596.664,-1.785,1.624,4.275
1596.775,-1.785,1.624,4.275
1596.885,-1.785,1.624,4.275
1596.997,-1.785,1.624,4.273
1597.108,-1.786,1.623,4.272
1597.219,-1.787,1.623,4.270
1597.330,-1.788,1.622,4.268
1597.441,-1.790,1.622,4.266
1597.553,-1.791,1.622,4.264
1597.663,-1.793,1.622,4.262
1597.774,-1.794,1.622,4.261
1597.886,-1.795,1.622,4.259
1597.997,-1.795,1.623,4.258
1598.108,-1.795,1.623,4.259
1598.219,-1.795,1.622,4.259
1598.330,-1.797,1.623,4.260
1598.441,-1.797,1.623,4.261
1598.553,-1.798,1.623,4.263
1598.664,-1.798,1.622,4.266
1598.774,-1.798,1.622,4.267
1598.886,-1.798,1.623,4.268
1598.997,-1.798,1.623,4.271
1599.108,-1.798,1.624,4.275
1599.219,-1.797,1.624,4.280
1599.330,-1.796,1.624,4.285
1599.441,-1.795,1.623,4.292
1599.552,-1.793,1.624,4.300
1599.663,-1.792,1.623,4.309
1599.774,-1.792,1.621,4.318
1599.886,-1.795,1.619,4.327
1599.996,-1.799,1.618,4.336
1600.108,-1.802,1.617,4.346
1600.219,-1.805,1.619,4.356
1600.330,-1.804,1.620,4.368
1600.441,-1.799,1.620,4.382
1600.549,-1.787,1.616,4.397
1600.661,-1.770,1.611,4.416
1600.772,-1.746,1.605,4.436
1600.882,-1.714,1.603,4.459
1600.993,-1.676,1.603,4.485
1601.105,-1.635,1.608,4.515
1601.215,-1.595,1.611,4.546
1601.327,-1.560,1.611,4.573
1601.437,-1.529,1.609,4.599
1601.549,-1.504,1.609,4.622
1601.660,-1.482,1.608,4.647
1601.771,-1.462,1.601,4.686
1601.883,-1.440,1.594,4.737
1601.993,-1.414,1.589,4.795
1602.106,-1.385,1.593,4.858
1602.217,-1.355,1.598,4.924
1602.328,-1.324,1.597,4.988
1602.440,-1.297,1.601,5.042
1602.550,-1.273,1.603,5.092
1602.662,-1.254,1.604,5.136
1602.773,-1.235,1.604,5.178
1602.882,-1.214,1.599,5.217
1602.994,-1.190,1.597,5.258
1603.105,-1.160,1.596,5.299
1603.217,-1.127,1.604,5.344
1603.327,-1.094,1.613,5.392
1603.439,-1.065,1.616,5.436
1603.551,-1.045,1.614,5.477
1603.662,-1.033,1.615,5.517
1603.773,-1.027,1.612,5.556
1603.885,-1.027,1.610,5.598
1603.996,-1.031,1.605,5.644
1604.107,-1.042,1.602,5.695
1604.219,-1.056,1.610,5.748
1604.329,-1.069,1.614,5.795
1604.441,-1.080,1.615,5.835
1604.552,-1.087,1.613,5.867
1604.664,-1.092,1.611,5.891
1604.775,-1.096,1.608,5.909
1604.886,-1.100,1.606,5.925
1604.997,-1.102,1.604,5.938
1605.109,-1.102,1.603,5.950
1605.219,-1.103,1.601,5.961
1605.331,-1.103,1.597,5.971
1605.442,-1.103,1.598,5.980
1605.553,-1.105,1.598,5.989
1605.665,-1.109,1.598,5.992
1605.775,-1.110,1.599,5.993
1605.886,-1.111,1.601,5.991
1605.997,-1.113,1.604,5.990
1606.109,-1.116,1.609,5.989
1606.220,-1.121,1.612,5.988
1606.331,-1.125,1.615,5.988
1606.442,-1.127,1.617,5.989
1606.554,-1.121,1.619,5.989
1606.666,-1.109,1.618,5.988
1606.776,-1.097,1.615,5.984
1606.887,-1.078,1.613,5.974
1606.998,-1.051,1.614,5.953
1607.109,-1.028,1.613,5.922
1607.220,-1.013,1.611,5.884
1607.331,-1.004,1.613,5.838
1607.442,-1.002,1.617,5.785
1607.553,-1.007,1.618,5.731
1607.664,-1.016,1.619,5.677
1607.775,-1.026,1.618,5.626
1607.886,-1.038,1.616,5.577
1607.997,-1.049,1.614,5.532
1608.108,-1.060,1.613,5.491
1608.219,-1.070,1.611,5.455
1608.330,-1.078,1.606,5.421
1608.441,-1.083,1.599,5.386
1608.552,-1.084,1.594,5.348
1608.660,-1.080,1.592,5.306
1608.771,-1.073,1.603,5.260
1608.882,-1.068,1.614,5.214
1608.993,-1.067,1.618,5.168
1609.104,-1.072,1.614,5.125
1609.215,-1.083,1.606,5.082
1609.327,-1.100,1.597,5.039
1609.438,-1.125,1.585,4.998
1609.549,-1.157,1.572,4.958
1609.660,-1.192,1.563,4.916
1609.771,-1.233,1.558,4.871
1609.882,-1.271,1.567,4.826
1609.994,-1.296,1.584,4.788
1610.106,-1.310,1.597,4.759
1610.217,-1.315,1.605,4.738
1610.328,-1.312,1.607,4.723
1610.439,-1.301,1.610,4.707
1610.551,-1.278,1.613,4.689
1610.662,-1.246,1.616,4.672
1610.774,-1.207,1.620,4.661
1610.885,-1.170,1.619,4.657
1610.996,-1.136,1.621,4.659
1611.107,-1.108,1.620,4.665
1611.218,-1.085,1.619,4.671
1611.330,-1.070,1.620,4.675
1611.441,-1.059,1.624,4.675
1611.553,-1.052,1.626,4.674
1611.664,-1.049,1.627,4.669
1611.775,-1.048,1.631,4.660
1611.885,-1.050,1.631,4.650
1611.997,-1.052,1.629,4.641
1612.108,-1.054,1.630,4.634
1612.219,-1.057,1.632,4.628
1612.331,-1.060,1.634,4.625
1612.442,-1.063,1.635,4.623
1612.553,-1.066,1.636,4.622
1612.664,-1.070,1.635,4.619
1612.775,-1.075,1.633,4.616
1612.886,-1.080,1.633,4.611
1612.998,-1.085,1.634,4.606
1613.109,-1.087,1.635,4.601
1613.220,-1.087,1.636,4.595
1613.331,-1.084,1.634,4.590
1613.443,-1.082,1.633,4.587
1613.554,-1.080,1.632,4.583
1613.665,-1.077,1.632,4.580
1613.776,-1.074,1.632,4.578
1613.887,-1.070,1.632,4.579
1613.998,-1.067,1.632,4.580
1614.110,-1.064,1.631,4.580
1614.220,-1.062,1.630,4.580
1614.331,-1.059,1.629,4.581
1614.443,-1.058,1.628,4.581
1614.554,-1.057,1.627,4.582
1614.665,-1.056,1.626,4.583
1614.776,-1.055,1.625,4.587
1614.887,-1.056,1.628,4.609
1614.998,-1.066,1.630,4.643
1615.109,-1.090,1.629,4.676
1615.220,-1.125,1.628,4.697
1615.331,-1.156,1.625,4.703
1615.442,-1.177,1.623,4.701
1615.553,-1.187,1.622,4.699
1615.664,-1.188,1.622,4.698
1615.774,-1.180,1.624,4.703
1615.886,-1.160,1.625,4.713
1615.997,-1.123,1.624,4.722
1616.109,-1.079,1.619,4.717
1616.220,-1.040,1.620,4.703
1616.331,-1.009,1.617,4.685
1616.442,-0.983,1.610,4.672
1616.553,-0.954,1.603,4.660
1616.665,-0.923,1.595,4.646
1616.776,-0.885,1.589,4.630
1616.887,-0.840,1.582,4.606
1616.998,-0.795,1.579,4.577
1617.109,-0.754,1.585,4.546
1617.220,-0.719,1.600,4.514
1617.332,-0.693,1.608,4.484
1617.442,-0.669,1.608,4.460
1617.553,-0.647,1.611,4.441
1617.664,-0.628,1.617,4.428
1617.775,-0.612,1.615,4.424
1617.887,-0.597,1.611,4.430
1617.998,-0.580,1.613,4.441
1618.109,-0.562,1.614,4.454
1618.220,-0.546,1.612,4.468
1618.331,-0.538,1.612,4.483
1618.442,-0.541,1.610,4.498
1618.553,-0.554,1.608,4.518
1618.664,-0.574,1.607,4.541
1618.775,-0.598,1.605,4.569
1618.886,-0.628,1.607,4.598
1618.997,-0.663,1.609,4.628
1619.109,-0.698,1.608,4.657
1619.220,-0.732,1.609,4.685
1619.331,-0.761,1.607,4.710
1619.442,-0.790,1.609,4.730
1619.553,-0.821,1.608,4.746
1619.664,-0.850,1.605,4.759
1619.775,-0.880,1.602,4.771
1619.886,-0.912,1.597,4.784
1619.997,-0.947,1.593,4.798
1620.109,-0.985,1.603,4.815
1620.220,-1.023,1.611,4.832
1620.331,-1.060,1.616,4.848
1620.442,-1.097,1.616,4.862
1620.553,-1.137,1.617,4.871
1620.664,-1.179,1.620,4.874
1620.776,-1.220,1.618,4.874
1620.887,-1.257,1.617,4.877
1620.998,-1.286,1.615,4.880
1621.109,-1.307,1.619,4.887
1621.220,-1.318,1.620,4.894
1621.331,-1.320,1.618,4.900
1621.441,-1.315,1.613,4.907
1621.552,-1.302,1.609,4.917
1621.663,-1.283,1.605,4.930
1621.775,-1.257,1.606,4.951
1621.884,-1.233,1.610,4.981
1621.996,-1.212,1.619,5.015
1622.108,-1.198,1.628,5.050
1622.219,-1.188,1.629,5.084
1622.331,-1.181,1.630,5.113
1622.441,-1.180,1.629,5.136
1622.553,-1.184,1.628,5.153
1622.664,-1.193,1.620,5.162
1622.776,-1.207,1.616,5.167
1622.887,-1.221,1.612,5.166
1622.998,-1.233,1.605,5.160
1623.109,-1.241,1.599,5.150
1623.220,-1.245,1.597,5.139
1623.331,-1.247,1.597,5.127
1623.442,-1.247,1.599,5.115
1623.553,-1.247,1.599,5.103
1623.664,-1.245,1.603,5.086
1623.776,-1.243,1.608,5.066
1623.886,-1.248,1.611,5.041
1623.998,-1.262,1.611,5.006
1624.108,-1.289,1.609,4.966
1624.219,-1.325,1.603,4.923
1624.330,-1.365,1.598,4.879
1624.441,-1.410,1.593,4.829
1624.552,-1.451,1.591,4.778
1624.664,-1.482,1.589,4.726
1624.774,-1.503,1.586,4.670
1624.885,-1.518,1.577,4.611
1624.996,-1.524,1.565,4.547
1625.107,-1.518,1.555,4.481
1625.219,-1.503,1.555,4.410
1625.330,-1.483,1.570,4.340
1625.441,-1.468,1.589,4.274
1625.553,-1.459,1.595,4.210
1625.664,-1.456,1.597,4.147
1625.775,-1.456,1.596,4.080
1625.887,-1.464,1.590,4.009
1625.998,-1.477,1.583,3.933
1626.110,-1.493,1.591,3.853
1626.220,-1.510,1.607,3.774
1626.332,-1.525,1.616,3.698
1626.443,-1.537,1.617,3.625
1626.553,-1.544,1.610,3.550
1626.665,-1.546,1.601,3.476
1626.776,-1.542,1.596,3.400
1626.887,-1.537,1.607,3.328
1626.998,-1.535,1.612,3.265
1627.109,-1.538,1.614,3.211
1627.220,-1.544,1.616,3.165
1627.331,-1.551,1.612,3.127
1627.443,-1.562,1.609,3.095
1627.554,-1.573,1.615,3.077
1627.665,-1.584,1.622,3.074
1627.776,-1.603,1.623,3.082
1627.887,-1.624,1.626,3.096
1627.997,-1.642,1.626,3.114
1628.108,-1.660,1.627,3.133
1628.219,-1.679,1.625,3.148
1628.330,-1.697,1.627,3.158
1628.441,-1.713,1.629,3.165
1628.552,-1.725,1.630,3.170
1628.664,-1.732,1.634,3.171
1628.775,-1.733,1.639,3.167
1628.886,-1.732,1.642,3.162
1628.997,-1.730,1.641,3.157
1629.108,-1.728,1.640,3.151
1629.219,-1.728,1.641,3.145
1629.330,-1.727,1.642,3.139
1629.441,-1.725,1.643,3.133
1629.553,-1.725,1.650,3.124
1629.663,-1.729,1.657,3.110
1629.775,-1.734,1.663,3.093
1629.886,-1.740,1.666,3.076
1629.998,-1.747,1.666,3.064
1630.109,-1.750,1.665,3.056
1630.219,-1.751,1.664,3.051
1630.331,-1.749,1.663,3.049
1630.442,-1.746,1.662,3.049
1630.553,-1.743,1.660,3.051
1630.665,-1.740,1.659,3.054
1630.775,-1.736,1.658,3.057
1630.886,-1.733,1.657,3.060
1630.997,-1.731,1.657,3.064
1631.108,-1.730,1.656,3.068
1631.219,-1.731,1.655,3.070
1631.330,-1.732,1.656,3.071
1631.441,-1.729,1.656,3.069
1631.552,-1.728,1.656,3.067
1631.664,-1.725,1.656,3.064
1631.775,-1.721,1.655,3.059
1631.886,-1.716,1.654,3.056
1631.997,-1.712,1.653,3.055
1632.108,-1.706,1.653,3.051
1632.219,-1.694,1.647,3.036
1632.331,-1.686,1.635,3.009
1632.443,-1.687,1.623,2.971
1632.554,-1.699,1.615,2.935
1632.665,-1.709,1.605,2.905
1632.776,-1.716,1.594,2.877
1632.887,-1.719,1.590,2.855
1632.998,-1.717,1.591,2.835
1633.109,-1.706,1.595,2.814
1633.220,-1.684,1.595,2.796
1633.332,-1.654,1.602,2.779
1633.442,-1.620,1.606,2.764
1633.543,-1.589,1.607,2.752
1633.650,-1.562,1.605,2.747
1633.761,-1.539,1.603,2.748
1633.873,-1.515,1.604,2.757
1633.984,-1.497,1.605,2.776
1634.095,-1.488,1.605,2.804
1634.206,-1.488,1.609,2.831
1634.318,-1.493,1.610,2.855
1634.429,-1.496,1.611,2.876
1634.540,-1.496,1.609,2.895
1634.651,-1.492,1.610,2.913
1634.762,-1.483,1.612,2.928
1634.873,-1.468,1.616,2.940
1634.984,-1.452,1.616,2.950
1635.096,-1.437,1.616,2.959
1635.207,-1.427,1.616,2.966
1635.318,-1.422,1.614,2.973
1635.429,-1.421,1.616,2.977
1635.540,-1.421,1.620,2.979
1635.651,-1.421,1.620,2.978
1635.763,-1.423,1.618,2.977
1635.873,-1.425,1.617,2.976
1635.984,-1.427,1.617,2.976
1636.096,-1.428,1.616,2.977
1636.207,-1.429,1.617,2.977
1636.318,-1.431,1.617,2.976
1636.429,-1.434,1.617,2.975
1636.540,-1.437,1.615,2.972
1636.651,-1.440,1.615,2.970
1636.763,-1.444,1.614,2.968
1636.873,-1.446,1.614,2.968
1636.985,-1.449,1.614,2.968
1637.096,-1.451,1.614,2.968
1637.206,-1.450,1.616,2.970
1637.318,-1.445,1.618,2.973
1637.429,-1.442,1.618,2.974
1637.539,-1.439,1.618,2.975
1637.651,-1.439,1.617,2.977
1637.762,-1.439,1.617,2.978
1637.873,-1.439,1.617,2.979
1637.984,-1.440,1.616,2.979
1638.095,-1.441,1.616,2.980
1638.207,-1.441,1.616,2.981
1638.318,-1.441,1.615,2.983
1638.428,-1.441,1.615,2.985
1638.540,-1.442,1.615,2.986
1638.651,-1.442,1.616,2.987
1638.762,-1.442,1.615,2.987
1638.873,-1.442,1.615,2.987
1638.984,-1.443,1.615,2.987
1639.096,-1.444,1.614,2.986
1639.206,-1.445,1.614,2.984
1639.317,-1.446,1.614,2.982
1639.429,-1.447,1.614,2.979
1639.540,-1.448,1.614,2.977
1639.650,-1.450,1.614,2.975
1639.762,-1.451,1.614,2.974
1639.873,-1.453,1.614,2.973
1639.984,-1.454,1.613,2.974
1640.095,-1.455,1.613,2.975
1640.206,-1.455,1.612,2.977
1640.316,-1.455,1.612,2.978
1640.428,-1.454,1.613,2.977
1640.539,-1.454,1.612,2.977
1640.650,-1.452,1.613,2.977
1640.761,-1.451,1.613,2.977
1640.872,-1.450,1.614,2.977
1640.984,-1.450,1.614,2.977
1641.095,-1.450,1.613,2.976
1641.206,-1.451,1.614,2.975
1641.317,-1.451,1.613,2.974
1641.428,-1.451,1.613,2.972
1641.540,-1.451,1.613,2.969
1641.651,-1.450,1.613,2.965
1641.762,-1.450,1.612,2.961
1641.873,-1.448,1.612,2.955
1641.984,-1.448,1.611,2.947
1642.095,-1.447,1.611,2.938
1642.205,-1.447,1.611,2.928
1642.317,-1.447,1.609,2.919
1642.428,-1.446,1.607,2.911
1642.539,-1.445,1.605,2.906
1642.650,-1.443,1.606,2.905
1642.761,-1.442,1.607,2.906
1642.872,-1.441,1.603,2.909
1642.983,-1.444,1.606,2.914
1643.094,-1.448,1.613,2.924
1643.206,-1.450,1.614,2.934
1643.312,-1.451,1.616,2.944
1643.424,-1.451,1.617,2.952
1643.536,-1.451,1.614,2.958
1643.648,-1.449,1.619,2.960
1643.759,-1.447,1.618,2.961
1643.870,-1.446,1.617,2.961
1643.981,-1.446,1.615,2.961
1644.093,-1.445,1.614,2.961
1644.204,-1.444,1.614,2.959
1644.315,-1.440,1.614,2.959
1644.427,-1.432,1.614,2.958
1644.537,-1.421,1.614,2.959
1644.649,-1.407,1.611,2.961
1644.760,-1.391,1.607,2.963
1644.871,-1.378,1.603,2.965
1644.982,-1.369,1.603,2.965
1645.093,-1.362,1.597,2.963
1645.205,-1.354,1.592,2.956
1645.316,-1.347,1.586,2.948
1645.427,-1.341,1.585,2.939
1645.538,-1.336,1.588,2.932
1645.649,-1.333,1.584,2.927
1645.760,-1.333,1.583,2.923
1645.871,-1.334,1.581,2.919
1645.982,-1.336,1.577,2.916
1646.094,-1.339,1.578,2.912
1646.205,-1.342,1.578,2.908
1646.316,-1.344,1.576,2.904
1646.427,-1.345,1.576,2.903
1646.539,-1.344,1.578,2.903
1646.649,-1.344,1.581,2.903
1646.761,-1.344,1.584,2.904
1646.872,-1.344,1.585,2.904
1646.983,-1.340,1.578,2.902
1647.095,-1.334,1.570,2.900
1647.206,-1.331,1.565,2.898
1647.317,-1.330,1.566,2.895
1647.428,-1.331,1.567,2.892
1647.540,-1.330,1.570,2.890
1647.651,-1.329,1.577,2.888
1647.762,-1.328,1.581,2.885
1647.873,-1.326,1.582,2.882
1647.984,-1.325,1.579,2.879
1648.095,-1.325,1.574,2.878
1648.206,-1.325,1.570,2.879
1648.313,-1.325,1.570,2.883
1648.425,-1.326,1.573,2.888
1648.536,-1.326,1.575,2.894
1648.648,-1.326,1.577,2.900
1648.759,-1.326,1.575,2.906
1648.871,-1.327,1.571,2.912
1648.982,-1.328,1.567,2.918
1649.093,-1.328,1.564,2.924
1649.204,-1.331,1.562,2.931
1649.315,-1.336,1.562,2.937
1649.426,-1.343,1.562,2.942
1649.538,-1.350,1.563,2.944
1649.649,-1.358,1.564,2.944
1649.761,-1.364,1.563,2.942
1649.871,-1.369,1.561,2.940
1649.982,-1.374,1.563,2.939
1650.094,-1.378,1.565,2.940
1650.205,-1.380,1.563,2.942
1650.316,-1.380,1.560,2.943
1650.427,-1.380,1.559,2.946
1650.538,-1.382,1.562,2.946
1650.649,-1.384,1.561,2.946
1650.761,-1.386,1.560,2.948
1650.872,-1.387,1.561,2.950
1650.983,-1.388,1.560,2.953
1651.095,-1.390,1.558,2.955
1651.206,-1.391,1.558,2.957
1651.317,-1.392,1.558,2.957
1651.428,-1.392,1.557,2.956
1651.539,-1.390,1.556,2.957
1651.650,-1.387,1.556,2.957
1651.762,-1.385,1.555,2.957
1651.872,-1.382,1.554,2.957
1651.984,-1.380,1.553,2.957
1652.095,-1.378,1.554,2.957
1652.206,-1.377,1.554,2.955
1652.317,-1.377,1.553,2.953
1652.428,-1.378,1.552,2.951
1652.539,-1.377,1.552,2.948
1652.650,-1.377,1.551,2.948
1652.761,-1.376,1.552,2.950
1652.872,-1.374,1.553,2.953
1652.983,-1.372,1.554,2.956
1653.095,-1.371,1.557,2.957
1653.205,-1.370,1.559,2.958
1653.317,-1.370,1.560,2.958
1653.428,-1.368,1.559,2.960
1653.540,-1.366,1.559,2.963
1653.650,-1.365,1.559,2.965
1653.761,-1.363,1.560,2.966
1653.872,-1.357,1.561,2.962
1653.983,-1.350,1.565,2.954
1654.094,-1.342,1.565,2.945
1654.205,-1.336,1.567,2.930
1654.316,-1.330,1.569,2.911
1654.427,-1.324,1.572,2.889
1654.538,-1.318,1.573,2.867
1654.649,-1.312,1.574,2.845
1654.761,-1.307,1.575,2.829
1654.871,-1.305,1.575,2.819
1654.983,-1.305,1.573,2.817
1655.094,-1.308,1.571,2.823
1655.204,-1.313,1.568,2.837
1655.313,-1.321,1.568,2.856
1655.424,-1.330,1.569,2.877
1655.536,-1.340,1.569,2.897
1655.646,-1.348,1.568,2.915
1655.757,-1.353,1.566,2.929
1655.869,-1.353,1.565,2.941
1655.980,-1.346,1.567,2.950
1656.091,-1.343,1.567,2.957
1656.203,-1.343,1.565,2.964
1656.314,-1.344,1.563,2.969
1656.426,-1.345,1.562,2.973
1656.537,-1.343,1.563,2.974
1656.648,-1.339,1.568,2.969
1656.759,-1.334,1.567,2.963
1656.871,-1.327,1.569,2.952
1656.982,-1.320,1.574,2.938
1657.093,-1.310,1.579,2.920
1657.204,-1.296,1.581,2.899
1657.315,-1.279,1.585,2.875
1657.426,-1.257,1.588,2.851
1657.537,-1.236,1.591,2.830
1657.649,-1.217,1.595,2.814
1657.760,-1.202,1.595,2.801
1657.871,-1.193,1.592,2.794
1657.982,-1.189,1.586,2.794
1658.093,-1.187,1.581,2.801
1658.205,-1.190,1.578,2.814
1658.316,-1.196,1.578,2.828
1658.427,-1.205,1.578,2.840
1658.538,-1.215,1.577,2.850
1658.649,-1.223,1.577,2.858
1658.760,-1.230,1.577,2.864
1658.871,-1.236,1.577,2.868
1658.982,-1.243,1.576,2.869
1659.093,-1.251,1.575,2.868
1659.204,-1.256,1.574,2.868
1659.316,-1.258,1.573,2.869
1659.427,-1.259,1.573,2.871
1659.538,-1.256,1.573,2.874
1659.649,-1.253,1.574,2.878
1659.760,-1.251,1.573,2.881
1659.871,-1.250,1.570,2.882
1659.982,-1.246,1.565,2.884
1660.093,-1.239,1.559,2.886
1660.204,-1.230,1.549,2.887
1660.316,-1.220,1.536,2.883
1660.427,-1.211,1.518,2.876
1660.538,-1.198,1.503,2.867
1660.649,-1.177,1.491,2.856
1660.760,-1.135,1.475,2.840
1660.869,-1.072,1.431,2.824
1660.980,-0.999,1.373,2.816
1661.091,-0.933,1.307,2.809
1661.202,-0.881,1.226,2.812
1661.313,-0.839,1.131,2.826
1661.423,-0.803,1.024,2.843
1661.535,-0.782,0.915,2.863
1661.646,-0.771,0.822,2.879
1661.757,-0.766,0.762,2.889
1661.868,-0.761,0.745,2.896
1661.979,-0.758,0.780,2.900
1662.091,-0.754,0.853,2.898
1662.202,-0.758,0.952,2.897
1662.313,-0.777,1.072,2.899
1662.425,-0.816,1.210,2.899
1662.537,-0.873,1.343,2.904
1662.647,-0.942,1.444,2.915
1662.758,-1.009,1.516,2.925
1662.870,-1.069,1.559,2.936
1662.982,-1.117,1.578,2.949
1663.092,-1.155,1.589,2.958
1663.204,-1.187,1.597,2.961
1663.315,-1.215,1.599,2.964
1663.426,-1.237,1.601,2.965
1663.537,-1.255,1.601,2.967
1663.648,-1.268,1.600,2.968
1663.760,-1.279,1.598,2.970
1663.870,-1.287,1.595,2.970
1663.981,-1.292,1.593,2.969
1664.093,-1.295,1.592,2.968
1664.204,-1.297,1.592,2.967
1664.315,-1.298,1.597,2.965
1664.426,-1.297,1.599,2.962
1664.538,-1.289,1.598,2.955
1664.649,-1.270,1.600,2.944
1664.760,-1.241,1.598,2.930
1664.871,-1.208,1.597,2.913
1664.982,-1.172,1.598,2.893
1665.093,-1.136,1.603,2.872
1665.204,-1.102,1.611,2.853
1665.316,-1.073,1.612,2.840
1665.430,-1.051,1.612,2.832
1665.538,-1.034,1.611,2.829
1665.650,-1.022,1.610,2.831
1665.760,-1.017,1.608,2.835
1665.871,-1.026,1.607,2.840
1665.982,-1.051,1.603,2.846
1666.093,-1.079,1.600,2.854
1666.204,-1.105,1.598,2.862
1666.316,-1.123,1.595,2.868
1666.427,-1.132,1.591,2.870
1666.539,-1.129,1.586,2.868
1666.649,-1.116,1.582,2.860
1666.760,-1.100,1.578,2.852
1666.871,-1.085,1.579,2.844
1666.982,-1.070,1.582,2.837
1667.092,-1.057,1.585,2.830
1667.204,-1.042,1.588,2.826
1667.316,-1.031,1.590,2.826
1667.427,-1.026,1.591,2.829
1667.538,-1.028,1.590,2.833
1667.649,-1.028,1.590,2.836
1667.760,-1.024,1.593,2.837
1667.871,-1.019,1.595,2.836
1667.983,-1.012,1.598,2.833
1668.094,-1.006,1.601,2.828
1668.204,-1.001,1.601,2.825
1668.316,-0.997,1.600,2.822
1668.427,-0.995,1.598,2.822
1668.538,-0.996,1.596,2.824
1668.649,-1.000,1.591,2.827
1668.760,-1.009,1.585,2.834
1668.871,-1.023,1.579,2.843
1668.982,-1.042,1.573,2.857
1669.093,-1.058,1.570,2.872
1669.205,-1.072,1.570,2.887
1669.316,-1.086,1.571,2.900
1669.427,-1.098,1.578,2.912
1669.538,-1.108,1.582,2.926
1669.649,-1.117,1.585,2.939
1669.760,-1.125,1.585,2.951
1669.871,-1.133,1.586,2.962
1669.983,-1.140,1.587,2.971
1670.093,-1.148,1.589,2.980
1670.205,-1.157,1.594,2.990
1670.316,-1.167,1.594,2.999
1670.426,-1.177,1.594,3.004
1670.538,-1.186,1.594,3.009
1670.648,-1.194,1.594,3.012
1670.760,-1.202,1.593,3.014
1670.871,-1.208,1.591,3.016
1670.981,-1.214,1.589,3.017
1671.092,-1.220,1.590,3.016
1671.203,-1.223,1.593,3.012
1671.315,-1.223,1.598,3.006
1671.426,-1.220,1.598,2.996
1671.537,-1.214,1.597,2.985
1671.648,-1.208,1.596,2.973
1671.760,-1.201,1.593,2.962
1671.862,-1.193,1.591,2.952
1671.976,-1.186,1.590,2.943
1672.090,-1.180,1.587,2.938
1672.199,-1.175,1.585,2.935
1672.311,-1.173,1.585,2.933
1672.422,-1.173,1.586,2.930
1672.533,-1.171,1.589,2.928
1672.645,-1.170,1.590,2.926
1672.756,-1.170,1.588,2.923
1672.867,-1.170,1.590,2.919
1672.978,-1.171,1.592,2.914
1673.089,-1.171,1.596,2.909
1673.201,-1.173,1.601,2.903
1673.312,-1.174,1.604,2.897
1673.423,-1.172,1.601,2.890
1673.534,-1.171,1.597,2.885
1673.646,-1.167,1.590,2.881
1673.756,-1.165,1.582,2.881
1673.868,-1.167,1.578,2.883
1673.979,-1.170,1.577,2.886
1674.090,-1.175,1.576,2.893
1674.201,-1.179,1.576,2.900
1674.313,-1.180,1.575,2.907
1674.424,-1.181,1.575,2.913
1674.535,-1.181,1.575,2.917
1674.646,-1.180,1.575,2.919
1674.757,-1.180,1.575,2.919
1674.868,-1.180,1.576,2.917
1674.979,-1.180,1.576,2.915
1675.080,-1.181,1.576,2.912
1675.187,-1.183,1.575,2.909
1675.298,-1.185,1.575,2.905
1675.398,-1.188,1.574,2.903
1675.506,-1.191,1.575,2.899
1675.618,-1.195,1.574,2.894
1675.730,-1.200,1.574,2.889
1675.841,-1.203,1.574,2.884
1675.951,-1.205,1.575,2.878
1676.063,-1.208,1.575,2.873
1676.174,-1.211,1.575,2.869
1676.285,-1.214,1.578,2.866
1676.396,-1.218,1.583,2.863
1676.507,-1.226,1.593,2.863
1676.619,-1.236,1.604,2.866
1676.730,-1.251,1.608,2.870
1676.841,-1.274,1.610,2.871
1676.952,-1.308,1.606,2.871
1677.064,-1.356,1.600,2.867
1677.175,-1.403,1.601,2.859
1677.286,-1.439,1.608,2.850
1677.397,-1.463,1.610,2.847
1677.508,-1.480,1.610,2.849
1677.620,-1.490,1.608,2.854
1677.731,-1.494,1.603,2.861
1677.842,-1.495,1.599,2.868
1677.953,-1.494,1.598,2.874
1678.065,-1.490,1.598,2.876
1678.176,-1.483,1.599,2.875
1678.286,-1.475,1.597,2.874
1678.398,-1.467,1.595,2.872
1678.510,-1.464,1.597,2.868
1678.620,-1.475,1.604,2.862
1678.731,-1.502,1.610,2.860
1678.843,-1.540,1.616,2.861
1678.954,-1.582,1.619,2.859
1679.066,-1.627,1.615,2.852
1679.177,-1.673,1.615,2.841
1679.287,-1.713,1.616,2.831
1679.398,-1.744,1.619,2.825
1679.510,-1.768,1.618,2.823
1679.620,-1.779,1.614,2.823
1679.731,-1.776,1.607,2.826
1679.842,-1.763,1.598,2.835
1679.953,-1.751,1.589,2.844
1680.065,-1.744,1.586,2.849
1680.176,-1.740,1.583,2.853
1680.287,-1.738,1.581,2.854
1680.398,-1.736,1.579,2.854
1680.508,-1.735,1.579,2.854
1680.620,-1.734,1.578,2.856
1680.731,-1.734,1.576,2.857
1680.841,-1.734,1.574,2.858
1680.953,-1.734,1.573,2.858
1681.064,-1.734,1.573,2.857
1681.175,-1.735,1.571,2.853
1681.286,-1.737,1.568,2.849
1681.398,-1.741,1.569,2.840
1681.508,-1.751,1.573,2.830
1681.620,-1.769,1.577,2.820
1681.732,-1.791,1.582,2.810
1681.843,-1.811,1.587,2.803
1681.954,-1.826,1.589,2.797
1682.066,-1.832,1.589,2.790
1682.176,-1.826,1.590,2.781
1682.288,-1.816,1.592,2.773
1682.399,-1.806,1.595,2.771
1682.510,-1.800,1.594,2.772
1682.621,-1.796,1.591,2.776
1682.732,-1.791,1.584,2.781
1682.843,-1.786,1.580,2.787
1682.954,-1.782,1.575,2.796
1683.065,-1.779,1.571,2.802
1683.176,-1.777,1.569,2.808
1683.287,-1.776,1.569,2.813
1683.401,-1.773,1.569,2.817
1683.510,-1.769,1.569,2.820
1683.620,-1.765,1.569,2.822
1683.732,-1.762,1.570,2.823
1683.842,-1.760,1.572,2.823
1683.953,-1.757,1.575,2.823
1684.065,-1.756,1.582,2.822
1684.176,-1.756,1.586,2.821
1684.289,-1.755,1.589,2.820
1684.399,-1.753,1.590,2.819
1684.510,-1.749,1.591,2.818
1684.620,-1.741,1.591,2.818
1684.732,-1.733,1.592,2.818
1684.843,-1.725,1.591,2.817
1684.954,-1.718,1.590,2.817
1685.065,-1.710,1.590,2.816
1685.176,-1.703,1.590,2.814
1685.287,-1.695,1.588,2.811
1685.399,-1.687,1.587,2.808
1685.510,-1.680,1.591,2.805
1685.620,-1.675,1.598,2.801
1685.732,-1.674,1.601,2.794
1685.844,-1.681,1.600,2.788
1685.955,-1.692,1.600,2.781
1686.066,-1.702,1.602,2.774
1686.177,-1.712,1.605,2.768
1686.288,-1.718,1.606,2.766
1686.399,-1.719,1.601,2.780
1686.509,-1.722,1.595,2.808
1686.620,-1.723,1.594,2.839
1686.732,-1.721,1.592,2.874
1686.842,-1.719,1.585,2.917
1686.953,-1.716,1.581,2.971
1687.063,-1.711,1.580,3.034
1687.173,-1.702,1.579,3.098
1687.285,-1.690,1.579,3.161
1687.396,-1.673,1.580,3.222
1687.506,-1.651,1.576,3.284
1687.618,-1.619,1.566,3.347
1687.729,-1.579,1.556,3.409
1687.840,-1.529,1.551,3.474
1687.951,-1.469,1.567,3.542
1688.063,-1.408,1.584,3.608
1688.174,-1.355,1.594,3.672
1688.286,-1.306,1.594,3.738
1688.397,-1.258,1.585,3.808
1688.508,-1.209,1.578,3.885
1688.619,-1.160,1.583,3.965
1688.731,-1.109,1.597,4.042
1688.843,-1.056,1.606,4.108
1688.953,-0.998,1.605,4.164
1689.065,-0.934,1.594,4.211
1689.176,-0.862,1.581,4.249
1689.287,-0.784,1.571,4.283
1689.399,-0.698,1.577,4.318
1689.510,-0.612,1.586,4.353
1689.621,-0.533,1.588,4.386
1689.732,-0.459,1.585,4.415
1689.843,-0.381,1.576,4.443
1689.955,-0.298,1.567,4.474
1690.065,-0.220,1.568,4.504
1690.173,-0.119,1.578,4.532
1690.286,-0.032,1.585,4.543
1690.397,0.044,1.587,4.547
1690.508,0.114,1.581,4.543
1690.620,0.178,1.574,4.530
1690.731,0.240,1.577,4.518
1690.843,0.290,1.579,4.512
1690.954,0.324,1.576,4.508
1691.065,0.346,1.571,4.502
1691.177,0.358,1.571,4.497
1691.287,0.363,1.567,4.494
1691.399,0.361,1.562,4.496
1691.510,0.355,1.560,4.501
1691.621,0.349,1.558,4.507
1691.732,0.341,1.555,4.515
1691.843,0.329,1.552,4.522
1691.954,0.316,1.549,4.527
1692.065,0.304,1.548,4.528
1692.176,0.293,1.547,4.530
1692.287,0.279,1.547,4.534
1692.398,0.263,1.546,4.539
1692.509,0.246,1.546,4.543
1692.619,0.234,1.546,4.543
1692.730,0.223,1.546,4.543
1692.840,0.213,1.547,4.547
1692.952,0.201,1.548,4.552
1693.063,0.187,1.547,4.560
1693.174,0.171,1.549,4.569
1693.285,0.151,1.552,4.582
1693.396,0.131,1.555,4.598
1693.507,0.110,1.557,4.618
1693.618,0.095,1.556,4.642
1693.730,0.087,1.556,4.673
1693.841,0.089,1.558,4.713
1693.952,0.098,1.553,4.763
1694.064,0.114,1.543,4.825
1694.175,0.137,1.534,4.903
1694.286,0.164,1.531,4.998
1694.397,0.191,1.538,5.103
1694.509,0.214,1.538,5.206
1694.620,0.232,1.529,5.300
1694.732,0.249,1.511,5.383
1694.842,0.266,1.488,5.455
1694.954,0.280,1.465,5.512
1695.065,0.291,1.448,5.555
1695.176,0.301,1.438,5.587
1695.287,0.314,1.432,5.609
1695.399,0.326,1.430,5.624
1695.510,0.334,1.429,5.630
1695.620,0.337,1.434,5.626
1695.732,0.335,1.440,5.617
1695.844,0.326,1.449,5.601
1695.954,0.308,1.463,5.578
1696.065,0.276,1.476,5.545
1696.177,0.232,1.493,5.500
1696.286,0.185,1.513,5.438
1696.398,0.142,1.533,5.381
1696.508,0.098,1.547,5.334
1696.618,0.052,1.557,5.296
1696.729,0.005,1.563,5.261
1696.840,-0.040,1.568,5.234
1696.952,-0.081,1.570,5.216
1697.063,-0.115,1.571,5.205
1697.174,-0.145,1.574,5.203
1697.285,-0.171,1.576,5.210
1697.397,-0.194,1.579,5.230
1697.508,-0.213,1.580,5.266
1697.619,-0.233,1.586,5.314
1697.732,-0.254,1.604,5.372
1697.843,-0.275,1.621,5.430
1697.955,-0.295,1.634,5.484
1698.067,-0.314,1.651,5.530
1698.179,-0.334,1.668,5.572
1698.288,-0.355,1.685,5.610
1698.401,-0.373,1.701,5.644
1698.511,-0.386,1.703,5.669
1698.623,-0.393,1.701,5.685
1698.729,-0.395,1.703,5.697
1698.841,-0.399,1.706,5.705
1698.953,-0.407,1.708,5.709
1699.064,-0.424,1.707,5.710
1699.175,-0.449,1.703,5.708
1699.287,-0.482,1.695,5.706
1699.398,-0.524,1.682,5.700
1699.509,-0.579,1.651,5.687
1699.620,-0.649,1.614,5.667
1699.730,-0.717,1.589,5.650
1699.841,-0.773,1.578,5.641
1699.952,-0.824,1.573,5.638
1700.062,-0.869,1.573,5.636
1700.173,-0.904,1.586,5.633
1700.284,-0.937,1.596,5.632
1700.396,-0.970,1.599,5.635
1700.506,-1.008,1.601,5.644
1700.618,-1.051,1.608,5.652
1700.729,-1.095,1.608,5.654
1700.840,-1.134,1.612,5.649
1700.950,-1.168,1.614,5.634
1701.062,-1.197,1.616,5.611
1701.173,-1.222,1.617,5.581
1701.285,-1.244,1.618,5.548
1701.396,-1.263,1.625,5.518
1701.507,-1.279,1.631,5.489
1701.618,-1.293,1.634,5.464
1701.729,-1.305,1.636,5.443
1701.840,-1.315,1.638,5.427
1701.952,-1.324,1.643,5.415
1702.063,-1.332,1.645,5.406
1702.174,-1.338,1.644,5.398
1702.285,-1.342,1.643,5.392
1702.397,-1.344,1.643,5.389
1702.508,-1.345,1.642,5.389
1702.620,-1.344,1.643,5.391
1702.730,-1.343,1.644,5.394
1702.842,-1.342,1.645,5.398
1702.953,-1.343,1.645,5.402
1703.064,-1.344,1.646,5.406
1703.175,-1.345,1.646,5.411
1703.286,-1.347,1.646,5.416
1703.397,-1.350,1.646,5.421
1703.508,-1.354,1.648,5.425
1703.620,-1.365,1.648,5.428
1703.731,-1.387,1.643,5.437
1703.843,-1.418,1.637,5.459
1703.954,-1.446,1.625,5.488
1704.066,-1.473,1.613,5.518
1704.177,-1.500,1.606,5.553
1704.288,-1.528,1.603,5.591
1704.399,-1.557,1.603,5.628
1704.510,-1.585,1.601,5.661
1704.621,-1.617,1.602,5.690
1704.732,-1.650,1.607,5.717
1704.844,-1.682,1.613,5.741
1704.954,-1.715,1.614,5.758
1705.066,-1.751,1.628,5.771
1705.177,-1.784,1.638,5.783
1705.288,-1.810,1.645,5.798
1705.399,-1.829,1.648,5.816
1705.510,-1.837,1.652,5.836
1705.622,-1.833,1.654,5.860
1705.733,-1.821,1.662,5.887
1705.844,-1.809,1.679,5.911
1705.954,-1.799,1.685,5.933
1706.066,-1.795,1.689,5.949
1706.177,-1.793,1.689,5.961
1706.288,-1.796,1.687,5.971
1706.399,-1.816,1.673,5.984
1706.510,-1.856,1.645,5.992
1706.621,-1.917,1.608,5.982
1706.732,-1.982,1.585,5.964
1706.842,-2.029,1.575,5.952
1706.953,-2.064,1.574,5.950
1707.065,-2.091,1.566,5.951
1707.175,-2.114,1.560,5.958
1707.286,-2.134,1.553,5.974
1707.398,-2.145,1.550,5.998
1707.509,-2.145,1.555,6.032
1707.620,-2.133,1.567,6.074
1707.732,-2.112,1.584,6.122
1707.843,-2.087,1.601,6.174
1707.954,-2.067,1.615,6.233
1708.066,-2.053,1.633,6.295
1708.177,-2.043,1.652,6.354
1708.288,-2.035,1.668,6.404
1708.400,-2.030,1.681,6.444
1708.511,-2.024,1.688,6.473
1708.622,-2.018,1.687,6.489
1708.733,-2.014,1.687,6.494
1708.845,-2.011,1.684,6.491
1708.956,-2.007,1.683,6.484
1709.067,-2.002,1.679,6.477
1709.178,-1.996,1.674,6.470
1709.289,-1.990,1.668,6.467
1709.401,-1.988,1.649,6.471
1709.511,-1.988,1.625,6.479
1709.622,-1.990,1.598,6.483
1709.733,-1.996,1.572,6.479
1709.843,-2.008,1.548,6.462
1709.954,-2.025,1.530,6.435
1710.065,-2.044,1.522,6.399
1710.177,-2.065,1.520,6.360
1710.287,-2.092,1.521,6.315
1710.398,-2.114,1.530,6.270
1710.509,-2.123,1.538,6.232
1710.621,-2.123,1.542,6.203
1710.732,-2.117,1.546,6.179
1710.844,-2.106,1.551,6.161
1710.954,-2.092,1.555,6.149
1711.065,-2.079,1.556,6.136
1711.177,-2.067,1.551,6.118
1711.286,-2.053,1.543,6.090
1711.397,-2.039,1.530,6.053
1711.508,-2.030,1.519,6.008
1711.619,-2.026,1.514,5.962
1711.729,-2.028,1.514,5.915
1711.840,-2.034,1.512,5.876
1711.952,-2.045,1.511,5.846
1712.063,-2.063,1.514,5.818
1712.174,-2.092,1.518,5.788
1712.285,-2.130,1.521,5.750
1712.396,-2.171,1.534,5.698
1712.507,-2.210,1.549,5.638
1712.619,-2.238,1.554,5.571
1712.729,-2.253,1.552,5.497
1712.841,-2.260,1.538,5.419
1712.952,-2.264,1.515,5.339
1713.063,-2.266,1.502,5.260
1713.174,-2.264,1.502,5.189
1713.285,-2.268,1.497,5.138
1713.398,-2.282,1.494,5.101
1713.509,-2.300,1.490,5.080
1713.619,-2.322,1.483,5.071
1713.731,-2.355,1.470,5.058
1713.842,-2.402,1.427,5.031
1713.953,-2.452,1.339,4.999
1714.064,-2.490,1.235,4.980
1714.175,-2.517,1.125,4.969
1714.286,-2.531,1.011,4.961
1714.398,-2.539,0.914,4.953
1714.509,-2.541,0.851,4.943
1714.620,-2.540,0.823,4.934
1714.731,-2.541,0.840,4.927
1714.843,-2.542,0.893,4.923
1714.953,-2.540,0.951,4.925
1715.065,-2.536,1.003,4.932
1715.175,-2.531,1.033,4.938
1715.286,-2.530,1.026,4.944
1715.397,-2.532,0.981,4.949
1715.508,-2.540,0.926,4.960
1715.619,-2.540,0.873,4.971
1715.730,-2.537,0.832,4.981
1715.842,-2.535,0.804,4.988
1715.953,-2.532,0.789,4.993
1716.065,-2.529,0.790,4.996
1716.176,-2.529,0.803,4.996
1716.286,-2.526,0.813,4.996
1716.398,-2.523,0.819,4.996
1716.509,-2.522,0.834,4.991
1716.620,-2.521,0.849,4.986
1716.731,-2.523,0.844,4.982
1716.843,-2.532,0.815,4.975
1716.954,-2.543,0.777,4.977
1717.065,-2.548,0.744,4.982
1717.176,-2.555,0.739,4.987
1717.287,-2.567,0.756,4.987
1717.398,-2.572,0.778,4.988
1717.510,-2.575,0.806,4.987
1717.621,-2.576,0.823,4.986
1717.732,-2.570,0.805,4.992
1717.844,-2.561,0.769,5.001
1717.954,-2.552,0.733,5.011
1718.065,-2.544,0.713,5.017
1718.177,-2.540,0.712,5.021
1718.287,-2.542,0.732,5.020
1718.398,-2.545,0.768,5.016
1718.509,-2.549,0.812,5.011
1718.620,-2.550,0.867,5.004
1718.731,-2.545,0.929,4.995
1718.843,-2.532,0.989,4.980
1718.953,-2.513,1.037,4.964
1719.064,-2.493,1.063,4.946
1719.176,-2.473,1.070,4.926
1719.287,-2.455,1.065,4.902
1719.398,-2.437,1.052,4.879
1719.508,-2.419,1.038,4.858
1719.619,-2.402,1.025,4.841
1719.731,-2.384,1.014,4.830
1719.842,-2.368,1.006,4.825
1719.953,-2.353,1.005,4.824
1720.063,-2.338,1.011,4.824
1720.174,-2.325,1.019,4.825
1720.284,-2.314,1.030,4.826
1720.396,-2.304,1.034,4.832
1720.507,-2.291,1.042,4.837
1720.618,-2.276,1.051,4.842
1720.729,-2.258,1.062,4.847
1720.840,-2.232,1.093,4.851
1720.950,-2.201,1.142,4.857
1721.062,-2.169,1.211,4.870
1721.173,-2.137,1.294,4.893
1721.284,-2.109,1.383,4.920
1721.396,-2.085,1.458,4.955
1721.507,-2.066,1.523,4.983
1721.619,-2.051,1.564,5.005
1721.730,-2.039,1.584,5.016
1721.842,-2.025,1.595,5.014
1721.953,-2.005,1.602,5.001
1722.064,-1.982,1.612,4.976
1722.175,-1.958,1.619,4.943
1722.286,-1.935,1.626,4.904
1722.398,-1.907,1.629,4.857
1722.510,-1.875,1.625,4.807
1722.620,-1.841,1.622,4.751
1722.731,-1.802,1.614,4.690
1722.843,-1.757,1.607,4.622
1722.954,-1.707,1.609,4.553
1723.065,-1.661,1.619,4.484
1723.177,-1.623,1.622,4.416
1723.288,-1.595,1.622,4.347
1723.399,-1.571,1.616,4.276
1723.510,-1.553,1.603,4.202
1723.621,-1.543,1.592,4.122
1723.734,-1.538,1.598,4.038
1723.844,-1.529,1.610,3.958
1723.956,-1.511,1.616,3.875
1724.066,-1.486,1.610,3.793
1724.178,-1.456,1.597,3.708
1724.289,-1.420,1.580,3.620
1724.400,-1.376,1.579,3.523
1724.512,-1.333,1.586,3.429
1724.623,-1.295,1.586,3.337
1724.734,-1.259,1.580,3.244
1724.845,-1.228,1.566,3.149
1724.956,-1.201,1.553,3.052
1725.068,-1.175,1.552,2.953
1725.178,-1.140,1.564,2.855
1725.290,-1.096,1.568,2.764
1725.401,-1.045,1.562,2.680
1725.511,-0.985,1.550,2.601
1725.623,-0.915,1.545,2.523
1725.734,-0.843,1.560,2.443
1725.845,-0.783,1.570,2.366
1725.957,-0.735,1.574,2.289
1726.068,-0.696,1.571,2.209
1726.179,-0.662,1.561,2.124
1726.290,-0.634,1.552,2.032
1726.401,-0.605,1.563,1.935
1726.512,-0.571,1.573,1.844
1726.623,-0.533,1.578,1.761
1726.734,-0.492,1.574,1.684
1726.846,-0.443,1.560,1.606
1726.958,-0.378,1.557,1.526
1727.068,-0.309,1.575,1.453
1727.179,-0.258,1.580,1.391
1727.290,-0.211,1.582,1.336
1727.401,-0.164,1.582,1.286
1727.512,-0.120,1.575,1.236
1727.623,-0.069,1.573,1.184
1727.735,-0.014,1.586,1.136
1727.845,0.034,1.595,1.095
1727.957,0.068,1.598,1.067
1728.068,0.085,1.596,1.050
1728.179,0.087,1.598,1.038
1728.290,0.075,1.605,1.032
1728.401,0.051,1.611,1.027
1728.512,0.030,1.614,1.019
1728.620,0.010,1.615,1.012
1728.732,-0.015,1.615,1.008
1728.843,-0.042,1.613,1.001
1728.954,-0.060,1.611,0.986
1729.065,-0.063,1.610,0.964
1729.177,-0.058,1.609,0.947
1729.287,-0.061,1.613,0.931
1729.399,-0.074,1.618,0.915
1729.510,-0.091,1.618,0.896
1729.622,-0.116,1.617,0.877
1729.733,-0.148,1.618,0.857
1729.845,-0.182,1.615,0.835
1729.956,-0.214,1.620,0.817
1730.068,-0.244,1.624,0.805
1730.178,-0.276,1.624,0.801
1730.289,-0.310,1.620,0.802
1730.401,-0.345,1.616,0.810
1730.512,-0.380,1.617,0.823
1730.623,-0.412,1.618,0.844
1730.734,-0.446,1.631,0.865
1730.846,-0.473,1.639,0.887
1730.956,-0.497,1.644,0.904
1731.068,-0.516,1.643,0.917
1731.179,-0.534,1.640,0.924
1731.290,-0.548,1.640,0.920
1731.401,-0.560,1.641,0.904
1731.513,-0.562,1.641,0.893
1731.624,-0.562,1.637,0.889
1731.735,-0.562,1.629,0.888
1731.846,-0.561,1.628,0.888
1731.956,-0.560,1.630,0.891
1732.068,-0.556,1.631,0.898
1732.179,-0.554,1.634,0.904
1732.290,-0.554,1.637,0.903
1732.401,-0.556,1.634,0.894
1732.512,-0.558,1.633,0.881
1732.623,-0.560,1.629,0.872
1732.734,-0.560,1.625,0.864
1732.846,-0.558,1.618,0.860
1732.957,-0.554,1.611,0.861
1733.068,-0.551,1.605,0.864
1733.179,-0.548,1.603,0.866
1733.290,-0.543,1.601,0.864
1733.401,-0.534,1.599,0.861
1733.512,-0.523,1.596,0.859
1733.624,-0.512,1.594,0.855
1733.735,-0.498,1.593,0.851
1733.846,-0.482,1.592,0.844
1733.957,-0.464,1.591,0.834
1734.069,-0.445,1.590,0.816
1734.180,-0.424,1.586,0.791
1734.290,-0.408,1.579,0.765
1734.402,-0.397,1.572,0.745
1734.512,-0.389,1.566,0.732
1734.624,-0.386,1.562,0.724
1734.735,-0.386,1.561,0.719
1734.846,-0.388,1.561,0.715
1734.957,-0.390,1.562,0.712
1735.069,-0.393,1.563,0.709
1735.180,-0.393,1.562,0.705
1735.291,-0.390,1.560,0.696
1735.402,-0.383,1.557,0.683
1735.513,-0.375,1.550,0.671
1735.624,-0.367,1.544,0.662
1735.735,-0.361,1.540,0.658
1735.846,-0.358,1.539,0.660
1735.958,-0.358,1.542,0.667
1736.069,-0.360,1.545,0.675
1736.180,-0.363,1.551,0.684
1736.291,-0.367,1.556,0.693
1736.402,-0.373,1.565,0.705
1736.513,-0.381,1.574,0.720
1736.625,-0.394,1.581,0.735
1736.735,-0.414,1.588,0.747
1736.847,-0.436,1.595,0.759
1736.958,-0.460,1.602,0.772
1737.069,-0.484,1.604,0.783
1737.180,-0.507,1.605,0.794
1737.291,-0.526,1.604,0.805
1737.402,-0.541,1.602,0.815
1737.513,-0.551,1.603,0.824
1737.624,-0.557,1.602,0.830
1737.736,-0.564,1.602,0.833
1737.847,-0.570,1.603,0.835
1737.958,-0.575,1.601,0.835
1738.068,-0.578,1.599,0.833
1738.180,-0.580,1.596,0.831
1738.290,-0.581,1.596,0.829
1738.401,-0.581,1.596,0.826
1738.512,-0.578,1.596,0.823
1738.624,-0.573,1.597,0.819
1738.734,-0.566,1.596,0.816
1738.846,-0.560,1.596,0.812
1738.957,-0.556,1.595,0.810
1739.068,-0.553,1.594,0.808
1739.179,-0.550,1.593,0.807
1739.290,-0.547,1.592,0.806
1739.402,-0.543,1.592,0.805
1739.513,-0.540,1.591,0.805
1739.624,-0.539,1.592,0.805
1739.735,-0.537,1.591,0.804
1739.846,-0.536,1.591,0.804
1739.957,-0.536,1.590,0.805
1740.068,-0.535,1.590,0.805
1740.179,-0.535,1.590,0.806
1740.291,-0.534,1.590,0.807
1740.402,-0.533,1.590,0.807
1740.513,-0.532,1.590,0.808
1740.624,-0.531,1.589,0.809
1740.735,-0.530,1.589,0.811
1740.842,-0.531,1.589,0.812
1740.954,-0.532,1.588,0.813
1741.066,-0.534,1.588,0.815
1741.177,-0.536,1.588,0.816
1741.288,-0.538,1.590,0.817
1741.400,-0.542,1.591,0.816
1741.512,-0.545,1.590,0.816
1741.622,-0.547,1.589,0.817
1741.733,-0.548,1.588,0.819
1741.845,-0.546,1.588,0.822
1741.956,-0.543,1.589,0.824
1742.068,-0.539,1.590,0.827
1742.178,-0.535,1.592,0.829
1742.290,-0.531,1.595,0.831
1742.401,-0.526,1.599,0.832
1742.512,-0.525,1.604,0.832
1742.623,-0.529,1.609,0.833
1742.734,-0.537,1.614,0.833
1742.845,-0.551,1.617,0.834
1742.957,-0.574,1.614,0.839
1743.068,-0.604,1.609,0.846
1743.179,-0.640,1.603,0.857
1743.290,-0.684,1.598,0.871
1743.401,-0.731,1.595,0.886
1743.512,-0.779,1.594,0.897
1743.624,-0.828,1.591,0.902
1743.734,-0.878,1.588,0.902
1743.846,-0.931,1.586,0.894
1743.957,-0.988,1.581,0.879
1744.068,-1.051,1.575,0.857
1744.179,-1.121,1.574,0.827
1744.290,-1.195,1.584,0.794
1744.402,-1.267,1.590,0.768
1744.513,-1.335,1.588,0.751
1744.623,-1.402,1.583,0.739
1744.735,-1.470,1.572,0.734
1744.846,-1.546,1.560,0.732
1744.957,-1.631,1.553,0.731
1745.068,-1.719,1.554,0.727
1745.179,-1.791,1.548,0.722
1745.291,-1.839,1.538,0.715
1745.401,-1.864,1.531,0.704
1745.513,-1.869,1.530,0.693
1745.624,-1.857,1.530,0.684
1745.735,-1.826,1.537,0.677
1745.846,-1.774,1.546,0.671
1745.957,-1.705,1.558,0.673
1746.068,-1.633,1.570,0.681
1746.180,-1.564,1.577,0.694
1746.291,-1.497,1.580,0.704
1746.402,-1.434,1.578,0.710
1746.513,-1.375,1.580,0.708
1746.624,-1.322,1.581,0.698
1746.735,-1.274,1.578,0.678
1746.847,-1.230,1.568,0.648
1746.957,-1.187,1.559,0.608
1747.069,-1.138,1.560,0.557
1747.180,-1.086,1.566,0.506
1747.291,-1.040,1.565,0.462
1747.402,-1.004,1.560,0.429
1747.513,-0.978,1.556,0.406
1747.624,-0.961,1.552,0.393
1747.735,-0.952,1.552,0.393
1747.846,-0.947,1.556,0.407
1747.958,-0.948,1.560,0.434
1748.068,-0.953,1.566,0.475
1748.180,-0.958,1.573,0.525
1748.291,-0.963,1.577,0.579
1748.402,-0.976,1.579,0.630
1748.514,-0.998,1.586,0.673
1748.625,-1.029,1.592,0.712
1748.735,-1.065,1.594,0.751
1748.846,-1.104,1.595,0.792
1748.958,-1.146,1.595,0.834
1749.068,-1.191,1.594,0.873
1749.179,-1.239,1.594,0.907
1749.291,-1.288,1.594,0.933
1749.401,-1.334,1.595,0.946
1749.512,-1.372,1.596,0.943
1749.624,-1.405,1.595,0.929
1749.735,-1.437,1.590,0.903
1749.847,-1.469,1.583,0.864
1749.957,-1.501,1.579,0.815
1750.068,-1.534,1.584,0.762
1750.179,-1.567,1.584,0.715
1750.291,-1.603,1.584,0.671
1750.402,-1.644,1.582,0.627
1750.513,-1.689,1.573,0.584
1750.625,-1.739,1.564,0.536
1750.735,-1.794,1.561,0.485
1750.847,-1.842,1.562,0.434
1750.958,-1.875,1.556,0.394
1751.069,-1.892,1.547,0.366
1751.180,-1.898,1.545,0.348
1751.291,-1.895,1.545,0.339
1751.401,-1.881,1.547,0.336
1751.512,-1.859,1.550,0.340
1751.624,-1.838,1.554,0.351
1751.735,-1.817,1.559,0.367
1751.846,-1.792,1.565,0.386
1751.958,-1.765,1.569,0.409
1752.068,-1.736,1.574,0.435
1752.179,-1.702,1.578,0.461
1752.291,-1.663,1.580,0.482
1752.402,-1.626,1.581,0.497
1752.513,-1.602,1.582,0.504
1752.625,-1.597,1.580,0.505
1752.735,-1.610,1.576,0.502
1752.846,-1.639,1.573,0.497
1752.958,-1.679,1.572,0.490
1753.068,-1.726,1.569,0.478
1753.180,-1.776,1.564,0.460
1753.291,-1.823,1.559,0.437
1753.402,-1.864,1.552,0.412
1753.513,-1.893,1.545,0.386
1753.625,-1.908,1.536,0.365
1753.735,-1.911,1.529,0.349
1753.847,-1.897,1.527,0.338
1753.957,-1.867,1.531,0.334
1754.068,-1.816,1.537,0.345
1754.179,-1.757,1.545,0.369
1754.290,-1.698,1.552,0.397
1754.401,-1.634,1.557,0.424
1754.513,-1.565,1.561,0.451
1754.624,-1.501,1.561,0.475
1754.735,-1.445,1.559,0.498
1754.846,-1.401,1.557,0.518
1754.957,-1.370,1.555,0.531
1755.068,-1.356,1.553,0.540
1755.180,-1.362,1.553,0.548
1755.291,-1.387,1.558,0.559
1755.401,-1.429,1.564,0.575
1755.513,-1.485,1.568,0.599
1755.624,-1.550,1.570,0.635
1755.735,-1.617,1.568,0.686
1755.846,-1.673,1.565,0.744
1755.957,-1.713,1.563,0.800
1756.068,-1.742,1.566,0.848
1756.179,-1.760,1.572,0.881
1756.291,-1.771,1.581,0.893
1756.402,-1.776,1.583,0.889
1756.513,-1.775,1.582,0.867
1756.624,-1.768,1.582,0.829
1756.735,-1.753,1.585,0.780
1756.847,-1.739,1.586,0.730
1756.958,-1.732,1.582,0.681
1757.068,-1.734,1.577,0.634
1757.180,-1.749,1.574,0.586
1757.291,-1.774,1.565,0.536
1757.402,-1.807,1.559,0.484
1757.513,-1.836,1.559,0.431
1757.625,-1.854,1.555,0.388
1757.736,-1.859,1.548,0.359
1757.846,-1.848,1.547,0.342
1757.958,-1.828,1.548,0.337
1758.068,-1.809,1.547,0.341
1758.180,-1.789,1.550,0.354
1758.291,-1.764,1.556,0.375
1758.402,-1.737,1.559,0.396
1758.513,-1.701,1.558,0.415
1758.624,-1.660,1.555,0.440
1758.735,-1.622,1.559,0.467
1758.846,-1.597,1.565,0.495
1758.958,-1.591,1.568,0.525
1759.069,-1.603,1.573,0.562
1759.179,-1.628,1.573,0.608
1759.291,-1.653,1.576,0.658
1759.402,-1.682,1.580,0.711
1759.513,-1.709,1.577,0.767
1759.624,-1.740,1.573,0.826
1759.735,-1.773,1.568,0.885
1759.846,-1.812,1.561,0.940
1759.957,-1.852,1.549,0.991
1760.068,-1.885,1.539,1.024
1760.179,-1.905,1.537,1.041
1760.290,-1.909,1.537,1.045
1760.401,-1.898,1.543,1.035
1760.512,-1.869,1.555,1.011
1760.624,-1.817,1.568,0.974
1760.735,-1.739,1.580,0.934
1760.844,-1.647,1.585,0.901
1760.956,-1.554,1.585,0.877
1761.067,-1.472,1.583,0.856
1761.179,-1.404,1.581,0.832
1761.290,-1.351,1.580,0.802
1761.401,-1.307,1.576,0.766
1761.512,-1.269,1.568,0.724
1761.625,-1.237,1.559,0.671
1761.734,-1.208,1.561,0.613
1761.846,-1.182,1.570,0.561
1761.957,-1.161,1.573,0.521
1762.068,-1.148,1.574,0.495
1762.179,-1.142,1.574,0.482
1762.291,-1.144,1.572,0.483
1762.401,-1.154,1.574,0.497
1762.512,-1.169,1.573,0.527
1762.624,-1.181,1.568,0.565
1762.735,-1.188,1.555,0.601
1762.846,-1.183,1.550,0.620
1762.957,-1.170,1.557,0.620
1763.068,-1.152,1.560,0.600
1763.179,-1.128,1.560,0.565
1763.291,-1.103,1.560,0.526
1763.401,-1.087,1.557,0.495
1763.512,-1.081,1.557,0.480
1763.624,-1.089,1.557,0.484
1763.735,-1.107,1.560,0.504
1763.846,-1.128,1.565,0.532
1763.957,-1.140,1.569,0.558
1764.068,-1.137,1.576,0.567
1764.179,-1.126,1.579,0.560
1764.291,-1.114,1.577,0.535
1764.402,-1.104,1.569,0.498
1764.513,-1.092,1.562,0.456
1764.624,-1.084,1.554,0.416
1764.735,-1.080,1.547,0.388
1764.846,-1.081,1.544,0.372
1764.958,-1.085,1.546,0.369
1765.068,-1.092,1.549,0.380
1765.180,-1.099,1.554,0.400
1765.291,-1.106,1.554,0.422
1765.402,-1.109,1.557,0.433
1765.513,-1.107,1.559,0.429
1765.624,-1.103,1.556,0.408
1765.735,-1.097,1.551,0.375
1765.846,-1.092,1.542,0.345
1765.958,-1.087,1.536,0.327
1766.068,-1.084,1.537,0.322
1766.179,-1.085,1.541,0.331
1766.291,-1.083,1.545,0.356
1766.402,-1.076,1.548,0.391
1766.513,-1.067,1.556,0.420
1766.624,-1.056,1.563,0.432
1766.735,-1.042,1.564,0.425
1766.847,-1.024,1.560,0.404
1766.958,-1.004,1.553,0.377
1767.069,-0.983,1.544,0.352
1767.180,-0.966,1.535,0.333
1767.291,-0.955,1.529,0.322
1767.402,-0.952,1.528,0.319
1767.513,-0.954,1.530,0.320
1767.625,-0.957,1.532,0.326
1767.735,-0.958,1.540,0.337
1767.847,-0.954,1.551,0.359
1767.957,-0.955,1.555,0.394
1768.069,-0.966,1.558,0.425
1768.180,-0.985,1.561,0.447
1768.291,-1.010,1.565,0.458
1768.402,-1.043,1.573,0.475
1768.513,-1.087,1.576,0.501
1768.625,-1.136,1.575,0.537
1768.736,-1.190,1.568,0.583
1768.847,-1.243,1.567,0.636
1768.958,-1.289,1.570,0.686
1769.069,-1.332,1.570,0.732
1769.180,-1.376,1.566,0.777
1769.291,-1.425,1.561,0.822
1769.402,-1.485,1.556,0.867
1769.512,-1.558,1.553,0.913
1769.624,-1.641,1.550,0.959
1769.735,-1.713,1.549,0.999
1769.846,-1.767,1.544,1.027
1769.957,-1.801,1.539,1.039
1770.068,-1.818,1.542,1.033
1770.179,-1.815,1.547,1.009
1770.290,-1.787,1.558,0.967
1770.402,-1.727,1.570,0.922
1770.513,-1.648,1.582,0.888
1770.624,-1.562,1.589,0.867
1770.735,-1.479,1.594,0.851
1770.847,-1.398,1.592,0.840
1770.958,-1.324,1.586,0.828
1771.068,-1.259,1.583,0.816
1771.181,-1.202,1.580,0.802
1771.291,-1.149,1.576,0.784
1771.402,-1.098,1.568,0.761
1771.513,-1.044,1.560,0.727
1771.624,-0.987,1.553,0.682
1771.735,-0.921,1.554,0.624
1771.847,-0.852,1.565,0.565
1771.957,-0.791,1.570,0.517
1772.068,-0.740,1.566,0.482
1772.180,-0.697,1.560,0.457
1772.291,-0.666,1.555,0.439
1772.402,-0.648,1.550,0.429
1772.513,-0.644,1.550,0.427
1772.624,-0.653,1.555,0.434
1772.736,-0.673,1.566,0.450
1772.846,-0.702,1.580,0.477
1772.958,-0.735,1.590,0.516
1773.069,-0.768,1.587,0.564
1773.180,-0.795,1.584,0.610
1773.291,-0.821,1.592,0.648
1773.402,-0.854,1.601,0.675
1773.514,-0.892,1.604,0.698
1773.624,-0.931,1.605,0.719
1773.736,-0.976,1.605,0.739
1773.847,-1.024,1.606,0.758
1773.958,-1.076,1.607,0.778
1774.069,-1.131,1.607,0.798
1774.180,-1.188,1.608,0.819
1774.291,-1.245,1.608,0.840
1774.402,-1.301,1.601,0.863
1774.513,-1.356,1.588,0.887
1774.624,-1.405,1.576,0.909
1774.735,-1.444,1.568,0.929
1774.846,-1.476,1.567,0.942
1774.958,-1.503,1.566,0.945
1775.068,-1.530,1.564,0.933
1775.179,-1.558,1.565,0.908
1775.291,-1.589,1.568,0.871
1775.402,-1.626,1.574,0.825
1775.514,-1.660,1.577,0.780
1775.624,-1.690,1.576,0.738
1775.736,-1.721,1.574,0.701
1775.847,-1.754,1.573,0.664
1775.958,-1.789,1.570,0.626
1776.069,-1.831,1.564,0.587
1776.180,-1.879,1.560,0.542
1776.291,-1.922,1.557,0.496
1776.402,-1.953,1.547,0.454
1776.513,-1.968,1.537,0.421
1776.624,-1.968,1.534,0.400
1776.735,-1.953,1.536,0.389
1776.847,-1.925,1.542,0.388
1776.958,-1.882,1.552,0.401
1777.069,-1.828,1.564,0.430
1777.180,-1.770,1.575,0.469
1777.291,-1.713,1.582,0.511
1777.402,-1.653,1.585,0.553
1777.513,-1.590,1.585,0.594
1777.625,-1.529,1.575,0.630
1777.735,-1.469,1.572,0.661
1777.847,-1.412,1.569,0.685
1777.957,-1.354,1.567,0.702
1778.068,-1.294,1.560,0.710
1778.180,-1.230,1.552,0.707
1778.291,-1.158,1.551,0.694
1778.402,-1.079,1.563,0.674
1778.513,-1.008,1.575,0.653
1778.624,-0.946,1.578,0.633
1778.736,-0.894,1.577,0.610
1778.846,-0.844,1.571,0.590
1778.958,-0.791,1.562,0.571
1779.068,-0.731,1.555,0.553
1779.180,-0.664,1.556,0.531
1779.291,-0.600,1.569,0.504
1779.402,-0.549,1.579,0.478
1779.513,-0.515,1.579,0.453
1779.625,-0.500,1.577,0.435
1779.736,-0.503,1.579,0.425
1779.847,-0.515,1.576,0.428
1779.958,-0.527,1.580,0.441
1780.069,-0.538,1.585,0.462
1780.180,-0.537,1.585,0.481
1780.291,-0.530,1.580,0.494
1780.402,-0.519,1.571,0.504
1780.513,-0.503,1.567,0.508
1780.625,-0.487,1.563,0.509
1780.735,-0.468,1.557,0.509
1780.847,-0.446,1.554,0.506
1780.958,-0.424,1.555,0.505
1781.069,-0.410,1.553,0.505
1781.180,-0.404,1.552,0.508
1781.291,-0.398,1.552,0.505
1781.402,-0.390,1.553,0.495
1781.513,-0.380,1.553,0.477
1781.624,-0.372,1.552,0.466
1781.734,-0.359,1.556,0.472
1781.846,-0.359,1.558,0.472
1781.957,-0.370,1.559,0.471
1782.068,-0.394,1.563,0.476
1782.179,-0.433,1.571,0.484
1782.291,-0.502,1.578,0.498
1782.402,-0.584,1.589,0.531
1782.513,-0.665,1.594,0.584
1782.624,-0.736,1.595,0.644
1782.735,-0.796,1.591,0.705
1782.846,-0.849,1.592,0.757
1782.957,-0.897,1.595,0.796
1783.068,-0.945,1.591,0.826
1783.179,-0.999,1.583,0.842
1783.290,-1.062,1.573,0.846
1783.402,-1.137,1.571,0.839
1783.513,-1.217,1.586,0.829
1783.624,-1.293,1.591,0.829
1783.735,-1.365,1.583,0.843
1783.846,-1.434,1.574,0.864
1783.957,-1.505,1.562,0.888
1784.068,-1.584,1.549,0.918
1784.179,-1.673,1.545,0.953
1784.290,-1.764,1.554,0.985
1784.401,-1.840,1.560,1.006
1784.512,-1.890,1.561,1.012
1784.623,-1.915,1.561,1.001
1784.734,-1.911,1.565,0.975
1784.846,-1.874,1.575,0.940
1784.957,-1.810,1.586,0.911
1785.068,-1.732,1.592,0.896
1785.180,-1.653,1.598,0.888
1785.291,-1.575,1.599,0.882
1785.402,-1.502,1.595,0.877
1785.513,-1.437,1.594,0.870
1785.624,-1.378,1.596,0.858
1785.735,-1.325,1.598,0.842
1785.846,-1.276,1.592,0.822
1785.958,-1.224,1.587,0.794
1786.068,-1.168,1.586,0.761
1786.179,-1.111,1.596,0.722
1786.291,-1.050,1.611,0.682
1786.402,-0.983,1.614,0.651
1786.513,-0.915,1.610,0.635
1786.624,-0.844,1.604,0.631
1786.735,-0.773,1.593,0.631
1786.846,-0.696,1.581,0.635
1786.958,-0.617,1.583,0.644
1787.067,-0.541,1.596,0.646
1787.179,-0.477,1.593,0.641
1787.290,-0.417,1.586,0.622
1787.402,-0.358,1.577,0.599
1787.512,-0.303,1.565,0.568
1787.624,-0.249,1.555,0.529
1787.734,-0.195,1.559,0.489
1787.846,-0.146,1.562,0.458
1787.957,-0.107,1.559,0.439
1788.068,-0.087,1.559,0.434
1788.179,-0.083,1.557,0.442
1788.290,-0.091,1.557,0.462
1788.401,-0.107,1.559,0.489
1788.513,-0.132,1.560,0.519
1788.624,-0.164,1.563,0.549
1788.735,-0.208,1.575,0.572
1788.846,-0.262,1.586,0.595
1788.958,-0.324,1.589,0.618
1789.069,-0.391,1.591,0.640
1789.180,-0.463,1.589,0.664
1789.291,-0.542,1.588,0.688
1789.402,-0.618,1.588,0.709
1789.513,-0.691,1.589,0.724
1789.624,-0.763,1.589,0.734
1789.735,-0.837,1.583,0.734
1789.846,-0.915,1.573,0.726
1789.957,-0.999,1.564,0.704
1790.068,-1.085,1.573,0.674
1790.180,-1.163,1.583,0.648
1790.291,-1.235,1.587,0.627
1790.402,-1.304,1.586,0.607
1790.513,-1.372,1.578,0.588
1790.624,-1.442,1.571,0.572
1790.735,-1.515,1.569,0.553
1790.846,-1.588,1.573,0.534
1790.957,-1.656,1.589,0.512
1791.069,-1.713,1.595,0.492
1791.180,-1.757,1.593,0.473
1791.291,-1.787,1.590,0.460
1791.402,-1.807,1.585,0.449
1791.513,-1.822,1.584,0.442
1791.624,-1.832,1.584,0.436
1791.736,-1.839,1.582,0.431
1791.842,-1.843,1.581,0.428
1791.954,-1.844,1.580,0.426
1792.066,-1.840,1.579,0.424
1792.178,-1.817,1.585,0.424
1792.289,-1.771,1.595,0.436
1792.401,-1.719,1.602,0.463
1792.512,-1.662,1.602,0.496
1792.623,-1.603,1.599,0.531
1792.734,-1.539,1.600,0.567
1792.845,-1.476,1.595,0.604
1792.946,-1.425,1.592,0.633
1793.052,-1.367,1.592,0.657
1793.164,-1.310,1.590,0.672
1793.275,-1.252,1.587,0.676
1793.386,-1.190,1.580,0.673
1793.497,-1.125,1.574,0.673
1793.609,-1.061,1.585,0.675
1793.720,-1.002,1.602,0.678
1793.832,-0.953,1.610,0.687
1793.932,-0.920,1.614,0.696
1794.038,-0.895,1.613,0.703
1794.149,-0.882,1.610,0.709
1794.260,-0.874,1.603,0.721
1794.371,-0.858,1.601,0.742
1794.482,-0.835,1.598,0.776
1794.594,-0.806,1.586,0.822
1794.705,-0.767,1.580,0.871
1794.817,-0.720,1.580,0.913
1794.929,-0.667,1.582,0.945
1795.039,-0.607,1.579,0.974
1795.151,-0.539,1.571,0.998
1795.262,-0.465,1.569,1.017
1795.374,-0.384,1.579,1.035
1795.485,-0.303,1.581,1.057
1795.596,-0.227,1.581,1.083
1795.707,-0.157,1.579,1.111
1795.818,-0.091,1.573,1.142
1795.929,-0.027,1.570,1.177
1796.040,0.031,1.576,1.207
1796.141,0.074,1.579,1.224
1796.248,0.109,1.579,1.230
1796.359,0.126,1.580,1.221
1796.470,0.122,1.583,1.192
1796.582,0.092,1.588,1.145
1796.693,0.038,1.592,1.101
1796.804,-0.024,1.595,1.068
1796.915,-0.085,1.593,1.048
1797.026,-0.137,1.591,1.035
1797.137,-0.185,1.589,1.027
1797.248,-0.224,1.588,1.021
1797.359,-0.252,1.591,1.017
1797.470,-0.272,1.591,1.018
1797.581,-0.282,1.591,1.022
1797.692,-0.285,1.593,1.024
1797.803,-0.279,1.595,1.021
1797.914,-0.265,1.593,1.012
1798.026,-0.242,1.590,0.996
1798.137,-0.212,1.587,0.974
1798.248,-0.173,1.581,0.947
1798.359,-0.125,1.575,0.913
1798.471,-0.068,1.573,0.873
1798.582,-0.013,1.576,0.833
1798.693,0.035,1.579,0.795
1798.804,0.075,1.578,0.763
1798.915,0.106,1.577,0.737
1799.026,0.127,1.572,0.720
1799.138,0.139,1.566,0.711
1799.249,0.144,1.561,0.708
1799.360,0.142,1.559,0.709
1799.471,0.141,1.560,0.714
1799.582,0.140,1.559,0.722
1799.693,0.139,1.554,0.728
1799.804,0.138,1.552,0.731
1799.916,0.138,1.551,0.728
1800.026,0.137,1.548,0.726
1800.138,0.136,1.545,0.725
1800.249,0.135,1.544,0.724
1800.360,0.134,1.543,0.723
1800.471,0.135,1.542,0.721
1800.582,0.138,1.541,0.721
1800.693,0.143,1.539,0.721
1800.805,0.148,1.537,0.722
1800.915,0.152,1.536,0.723
1801.026,0.154,1.536,0.725
1801.137,0.156,1.537,0.726
1801.249,0.159,1.541,0.723
1801.360,0.164,1.543,0.717
1801.471,0.172,1.545,0.707
1801.582,0.182,1.547,0.695
1801.693,0.193,1.549,0.680
1801.804,0.201,1.548,0.668
1801.915,0.203,1.548,0.657
1802.027,0.194,1.547,0.651
1802.138,0.174,1.543,0.645
1802.249,0.149,1.544,0.640
1802.359,0.118,1.544,0.639
1802.470,0.083,1.547,0.641
1802.581,0.050,1.551,0.640
1802.692,0.021,1.555,0.638
1802.804,-0.004,1.560,0.635
1802.915,-0.024,1.562,0.633
1803.026,-0.042,1.562,0.634
1803.137,-0.056,1.562,0.638
1803.248,-0.067,1.562,0.642
1803.360,-0.077,1.561,0.646
1803.471,-0.083,1.561,0.648
1803.581,-0.087,1.562,0.648
1803.693,-0.089,1.564,0.649
1803.804,-0.090,1.565,0.650
1803.915,-0.088,1.565,0.651
1804.026,-0.087,1.566,0.652
1804.137,-0.085,1.565,0.652
1804.248,-0.085,1.564,0.652
1804.360,-0.083,1.564,0.653
1804.471,-0.081,1.563,0.654
1804.582,-0.080,1.562,0.654
1804.693,-0.079,1.562,0.655
1804.804,-0.077,1.562,0.655
1804.916,-0.073,1.562,0.654
1805.026,-0.069,1.563,0.652
1805.138,-0.066,1.562,0.649
1805.249,-0.063,1.561,0.646
1805.360,-0.061,1.561,0.644
1805.471,-0.062,1.559,0.642
1805.582,-0.068,1.561,0.640
1805.693,-0.083,1.561,0.638
1805.804,-0.114,1.555,0.638
1805.916,-0.163,1.552,0.634
1806.026,-0.227,1.543,0.625
1806.137,-0.295,1.541,0.609
1806.249,-0.345,1.546,0.598
1806.360,-0.377,1.556,0.597
1806.471,-0.396,1.562,0.606
1806.582,-0.407,1.566,0.619
1806.693,-0.411,1.571,0.637
1806.805,-0.412,1.574,0.650
1806.916,-0.413,1.575,0.659
1807.026,-0.414,1.574,0.667
1807.137,-0.414,1.575,0.670
1807.248,-0.414,1.573,0.671
1807.360,-0.411,1.573,0.670
1807.471,-0.407,1.572,0.667
1807.582,-0.406,1.571,0.664
1807.693,-0.403,1.571,0.663
1807.804,-0.402,1.572,0.662
1807.915,-0.400,1.572,0.660
1808.026,-0.400,1.573,0.660
1808.138,-0.400,1.572,0.660
1808.249,-0.401,1.572,0.660
1808.360,-0.401,1.572,0.659
1808.471,-0.401,1.572,0.659
1808.582,-0.399,1.571,0.660
1808.693,-0.397,1.571,0.661
1808.804,-0.393,1.572,0.661
1808.915,-0.390,1.571,0.661
1809.026,-0.390,1.569,0.662
1809.137,-0.392,1.569,0.664
1809.249,-0.393,1.569,0.669
1809.359,-0.392,1.572,0.674
1809.471,-0.390,1.574,0.677
1809.582,-0.387,1.574,0.677
1809.693,-0.385,1.574,0.676
1809.804,-0.383,1.575,0.673
1809.915,-0.383,1.574,0.671
1810.026,-0.390,1.572,0.669
1810.137,-0.401,1.572,0.666
1810.249,-0.421,1.570,0.664
1810.360,-0.457,1.570,0.664
1810.471,-0.503,1.567,0.659
1810.582,-0.561,1.561,0.651
1810.693,-0.624,1.560,0.633
1810.804,-0.682,1.561,0.612
1810.915,-0.724,1.566,0.599
1811.026,-0.751,1.572,0.594
1811.138,-0.770,1.570,0.600
1811.249,-0.784,1.571,0.609
1811.360,-0.792,1.570,0.620
1811.471,-0.794,1.572,0.630
1811.583,-0.792,1.574,0.636
1811.693,-0.787,1.574,0.640
1811.804,-0.781,1.574,0.643
1811.916,-0.776,1.574,0.644
1812.027,-0.774,1.574,0.645
1812.137,-0.772,1.576,0.645
1812.249,-0.768,1.577,0.645
1812.360,-0.764,1.577,0.646
1812.471,-0.760,1.577,0.647
1812.582,-0.758,1.578,0.648
1812.694,-0.758,1.576,0.650
1812.805,-0.756,1.576,0.653
1812.915,-0.754,1.576,0.655
1813.026,-0.751,1.575,0.658
1813.137,-0.749,1.573,0.660
1813.248,-0.749,1.570,0.660
1813.359,-0.752,1.569,0.660
1813.471,-0.756,1.565,0.661
1813.581,-0.757,1.564,0.664
1813.693,-0.756,1.566,0.665
1813.804,-0.754,1.567,0.666
1813.914,-0.753,1.567,0.666
1814.026,-0.751,1.568,0.665
1814.137,-0.750,1.568,0.663
1814.249,-0.752,1.567,0.660
1814.359,-0.761,1.571,0.655
1814.471,-0.784,1.569,0.651
1814.582,-0.820,1.565,0.646
1814.693,-0.868,1.562,0.636
1814.804,-0.924,1.557,0.623
1814.915,-0.981,1.556,0.605
1815.026,-1.030,1.557,0.587
1815.138,-1.065,1.559,0.579
1815.249,-1.088,1.562,0.581
1815.360,-1.104,1.564,0.589
1815.471,-1.112,1.565,0.600
1815.583,-1.115,1.568,0.611
1815.693,-1.115,1.569,0.620
1815.804,-1.112,1.570,0.626
1815.915,-1.108,1.570,0.632
1816.026,-1.105,1.570,0.636
1816.138,-1.101,1.570,0.638
1816.249,-1.098,1.570,0.639
1816.360,-1.096,1.570,0.640
1816.471,-1.094,1.570,0.639
1816.582,-1.092,1.570,0.640
1816.693,-1.089,1.571,0.639
1816.804,-1.086,1.571,0.639
1816.915,-1.083,1.571,0.638
1817.026,-1.080,1.571,0.636
1817.138,-1.081,1.570,0.633
1817.249,-1.091,1.571,0.628
1817.360,-1.114,1.566,0.624
1817.471,-1.150,1.561,0.617
1817.582,-1.197,1.558,0.606
1817.693,-1.249,1.556,0.587
1817.804,-1.297,1.555,0.570
1817.916,-1.331,1.556,0.562
1818.027,-1.350,1.559,0.562
1818.138,-1.361,1.560,0.565
1818.249,-1.365,1.560,0.574
1818.360,-1.365,1.563,0.584
1818.471,-1.363,1.566,0.594
1818.582,-1.359,1.568,0.604
1818.693,-1.354,1.570,0.612
1818.805,-1.350,1.571,0.618
1818.916,-1.347,1.571,0.624
1819.027,-1.344,1.572,0.629
1819.138,-1.341,1.573,0.632
1819.249,-1.337,1.573,0.634
1819.360,-1.335,1.572,0.636
1819.472,-1.334,1.572,0.636
1819.582,-1.334,1.572,0.637
1819.693,-1.334,1.571,0.636
1819.805,-1.334,1.570,0.634
1819.916,-1.334,1.569,0.632
1820.027,-1.334,1.568,0.629
1820.138,-1.333,1.568,0.628
1820.249,-1.333,1.567,0.627
1820.360,-1.333,1.567,0.626
1820.471,-1.334,1.566,0.625
1820.582,-1.334,1.566,0.625
1820.693,-1.332,1.565,0.625
1820.804,-1.330,1.565,0.625
1820.915,-1.328,1.565,0.625
1821.026,-1.326,1.564,0.625
1821.137,-1.326,1.563,0.623
1821.249,-1.330,1.559,0.622
1821.359,-1.335,1.552,0.619
1821.471,-1.340,1.549,0.615
1821.581,-1.346,1.547,0.614
1821.692,-1.352,1.545,0.614
1821.802,-1.357,1.544,0.614
1821.914,-1.361,1.544,0.614
1822.025,-1.362,1.545,0.614
1822.137,-1.359,1.546,0.615
1822.248,-1.346,1.551,0.617
1822.359,-1.325,1.559,0.625
1822.470,-1.302,1.568,0.642
1822.582,-1.279,1.575,0.666
1822.693,-1.255,1.583,0.694
1822.804,-1.229,1.592,0.722
1822.915,-1.203,1.600,0.748
1823.027,-1.178,1.603,0.773
1823.138,-1.153,1.605,0.798
1823.249,-1.129,1.606,0.825
1823.360,-1.107,1.601,0.853
1823.471,-1.088,1.595,0.881
1823.583,-1.072,1.592,0.905
1823.693,-1.062,1.595,0.924
1823.805,-1.058,1.594,0.938
1823.916,-1.057,1.592,0.946
1824.027,-1.059,1.593,0.948
1824.138,-1.065,1.592,0.946
1824.249,-1.070,1.592,0.940
1824.360,-1.072,1.589,0.930
1824.471,-1.075,1.583,0.917
1824.583,-1.078,1.582,0.901
1824.694,-1.085,1.577,0.886
1824.805,-1.089,1.575,0.875
1824.916,-1.092,1.573,0.860
1825.027,-1.087,1.569,0.841
1825.138,-1.075,1.570,0.816
1825.249,-1.063,1.570,0.789
1825.360,-1.046,1.570,0.758
1825.471,-1.024,1.575,0.729
1825.583,-0.999,1.583,0.701
1825.694,-0.972,1.594,0.676
1825.804,-0.945,1.603,0.659
1825.916,-0.920,1.608,0.649
1826.027,-0.896,1.611,0.645
1826.138,-0.867,1.617,0.646
1826.250,-0.835,1.621,0.654
1826.358,-0.804,1.620,0.664
1826.469,-0.769,1.616,0.679
1826.581,-0.730,1.612,0.695
1826.692,-0.694,1.610,0.712
1826.803,-0.662,1.607,0.726
1826.914,-0.632,1.601,0.740
1827.026,-0.602,1.594,0.752
1827.137,-0.571,1.591,0.760
1827.248,-0.540,1.586,0.763
1827.360,-0.503,1.580,0.763
1827.470,-0.462,1.580,0.759
1827.582,-0.422,1.581,0.753
1827.693,-0.383,1.586,0.747
1827.804,-0.341,1.597,0.742
1827.916,-0.294,1.605,0.742
1828.026,-0.245,1.605,0.745
1828.138,-0.198,1.604,0.756
1828.248,-0.158,1.604,0.773
1828.360,-0.120,1.602,0.797
1828.471,-0.085,1.594,0.828
1828.582,-0.047,1.588,0.870
1828.693,-0.006,1.585,0.914
1828.804,0.031,1.585,0.958
1828.915,0.062,1.579,0.997
1829.026,0.086,1.574,1.027
1829.136,0.105,1.568,1.046
1829.248,0.117,1.564,1.054
1829.358,0.123,1.568,1.054
1829.469,0.123,1.570,1.043
1829.581,0.116,1.576,1.019
1829.692,0.106,1.581,0.989
1829.803,0.091,1.581,0.957
1829.914,0.079,1.583,0.921
1830.025,0.071,1.583,0.887
1830.135,0.064,1.581,0.859
1830.247,0.057,1.578,0.837
1830.358,0.048,1.570,0.822
1830.469,0.039,1.562,0.815
1830.580,0.029,1.555,0.812
1830.691,0.019,1.551,0.810
1830.802,0.014,1.549,0.806
1830.914,0.014,1.551,0.798
1831.025,0.019,1.555,0.790
1831.136,0.025,1.559,0.782
1831.247,0.032,1.564,0.776
1831.358,0.037,1.564,0.775
1831.469,0.044,1.563,0.776
1831.580,0.051,1.565,0.779
1831.691,0.057,1.567,0.786
1831.802,0.059,1.569,0.795
1831.913,0.054,1.574,0.808
1832.024,0.046,1.578,0.823
1832.135,0.040,1.581,0.845
1832.246,0.033,1.583,0.873
1832.357,0.023,1.583,0.908
1832.469,0.008,1.579,0.950
1832.581,-0.015,1.579,1.002
1832.692,-0.043,1.583,1.061
1832.802,-0.070,1.592,1.122
1832.914,-0.093,1.592,1.188
1833.025,-0.115,1.591,1.257
1833.135,-0.136,1.583,1.330
1833.247,-0.152,1.570,1.407
1833.358,-0.160,1.567,1.488
1833.469,-0.166,1.584,1.575
1833.580,-0.175,1.594,1.659
1833.691,-0.187,1.597,1.741
1833.803,-0.205,1.595,1.820
1833.914,-0.231,1.586,1.902
1834.025,-0.264,1.573,1.987
1834.135,-0.306,1.575,2.077
1834.246,-0.351,1.600,2.170
1834.358,-0.388,1.611,2.259
1834.468,-0.420,1.614,2.346
1834.579,-0.451,1.608,2.432
1834.691,-0.480,1.592,2.521
1834.802,-0.511,1.586,2.613
1834.913,-0.545,1.603,2.709
1835.024,-0.591,1.612,2.803
1835.135,-0.643,1.612,2.892
1835.245,-0.698,1.599,2.978
1835.357,-0.762,1.576,3.064
1835.468,-0.837,1.563,3.151
1835.579,-0.918,1.581,3.243
1835.691,-0.989,1.589,3.336
1835.802,-1.047,1.586,3.431
1835.913,-1.097,1.575,3.526
1836.024,-1.139,1.558,3.619
1836.135,-1.178,1.555,3.720
1836.246,-1.224,1.572,3.825
1836.357,-1.274,1.580,3.923
1836.469,-1.326,1.576,4.017
1836.581,-1.378,1.563,4.108
1836.691,-1.435,1.550,4.202
1836.802,-1.493,1.547,4.301
1836.914,-1.536,1.559,4.405
1837.025,-1.569,1.562,4.506
1837.136,-1.588,1.549,4.600
1837.247,-1.597,1.525,4.692
1837.358,-1.603,1.508,4.797
1837.469,-1.603,1.500,4.923
1837.581,-1.604,1.468,5.043
1837.692,-1.608,1.408,5.141
1837.804,-1.608,1.322,5.237
1837.915,-1.605,1.212,5.326
1838.026,-1.598,1.093,5.392
1838.137,-1.594,0.990,5.430
1838.248,-1.597,0.904,5.447
1838.355,-1.614,0.830,5.452
1838.468,-1.647,0.766,5.455
1838.579,-1.693,0.741,5.463
1838.690,-1.737,0.754,5.441
1838.801,-1.789,0.763,5.403
1838.912,-1.850,0.776,5.377
1839.024,-1.911,0.775,5.358
1839.135,-1.962,0.763,5.332
1839.247,-1.999,0.759,5.295
1839.358,-2.027,0.748,5.255
1839.469,-2.047,0.740,5.219
1839.580,-2.060,0.741,5.195
1839.691,-2.059,0.744,5.182
1839.803,-2.043,0.747,5.180
1839.914,-2.018,0.748,5.181
1840.025,-1.992,0.739,5.184
1840.136,-1.964,0.734,5.192
1840.247,-1.945,0.729,5.199
1840.358,-1.940,0.727,5.206
1840.470,-1.943,0.731,5.219
1840.581,-1.954,0.731,5.231
1840.692,-1.971,0.724,5.234
1840.804,-1.988,0.720,5.235
1840.913,-1.993,0.728,5.240
1841.024,-1.982,0.729,5.242
1841.135,-1.961,0.732,5.242
1841.247,-1.938,0.733,5.241
1841.359,-1.920,0.733,5.242
1841.469,-1.913,0.732,5.243
1841.581,-1.915,0.733,5.242
1841.692,-1.920,0.734,5.243
1841.803,-1.927,0.736,5.245
1841.914,-1.936,0.742,5.248
1842.025,-1.945,0.746,5.253
1842.136,-1.950,0.745,5.258
1842.248,-1.953,0.747,5.260
1842.358,-1.956,0.746,5.261
1842.469,-1.958,0.744,5.260
1842.581,-1.959,0.743,5.261
1842.692,-1.959,0.741,5.260
1842.803,-1.961,0.740,5.257
1842.914,-1.966,0.740,5.254
1843.025,-1.974,0.741,5.252
1843.137,-1.985,0.739,5.252
1843.247,-2.004,0.738,5.255
1843.358,-2.035,0.736,5.266
1843.469,-2.071,0.741,5.283
1843.580,-2.096,0.748,5.298
1843.692,-2.105,0.747,5.309
1843.803,-2.092,0.747,5.314
1843.915,-2.076,0.744,5.313
1844.025,-2.063,0.744,5.310
1844.137,-2.050,0.745,5.302
1844.248,-2.036,0.747,5.292
1844.359,-2.020,0.750,5.276
1844.471,-2.009,0.753,5.256
1844.581,-2.008,0.757,5.238
1844.692,-2.022,0.766,5.225
1844.803,-2.054,0.774,5.222
1844.914,-2.091,0.779,5.227
1845.025,-2.124,0.782,5.229
1845.137,-2.160,0.783,5.228
1845.247,-2.190,0.780,5.232
1845.359,-2.214,0.777,5.230
1845.470,-2.232,0.772,5.226
1845.581,-2.242,0.769,5.224
1845.693,-2.242,0.767,5.221
1845.804,-2.238,0.764,5.211
1845.915,-2.230,0.760,5.194
1846.026,-2.217,0.752,5.168
1846.137,-2.203,0.743,5.146
1846.248,-2.191,0.736,5.127
1846.359,-2.182,0.732,5.114
1846.470,-2.172,0.729,5.106
1846.582,-2.162,0.727,5.103
1846.692,-2.155,0.727,5.103
1846.803,-2.150,0.728,5.103
1846.914,-2.147,0.730,5.105
1847.025,-2.148,0.735,5.114
1847.136,-2.154,0.745,5.135
1847.248,-2.161,0.754,5.167
1847.359,-2.165,0.758,5.203
1847.470,-2.163,0.762,5.237
1847.581,-2.152,0.764,5.271
1847.692,-2.136,0.760,5.303
1847.803,-2.121,0.750,5.330
1847.914,-2.109,0.742,5.349
1848.025,-2.099,0.739,5.355
1848.136,-2.091,0.742,5.344
1848.248,-2.086,0.744,5.323
1848.358,-2.079,0.743,5.296
1848.469,-2.064,0.741,5.269
1848.581,-2.044,0.739,5.241
1848.693,-2.023,0.737,5.217
1848.803,-2.002,0.735,5.201
1848.915,-1.987,0.733,5.191
1849.025,-1.983,0.731,5.185
1849.137,-1.993,0.729,5.179
1849.248,-2.016,0.729,5.173
1849.359,-2.042,0.729,5.168
1849.469,-2.066,0.727,5.162
1849.581,-2.086,0.725,5.158
1849.692,-2.105,0.722,5.156
1849.804,-2.124,0.715,5.153
1849.914,-2.141,0.708,5.148
1850.025,-2.153,0.703,5.143
1850.136,-2.159,0.697,5.135
1850.247,-2.156,0.691,5.125
1850.356,-2.145,0.688,5.116
1850.468,-2.134,0.684,5.109
1850.579,-2.121,0.682,5.104
1850.690,-2.107,0.682,5.102
1850.803,-2.092,0.683,5.104
1850.913,-2.074,0.687,5.109
1851.024,-2.046,0.694,5.120
1851.136,-2.013,0.704,5.144
1851.247,-1.990,0.707,5.173
1851.357,-1.980,0.711,5.197
1851.469,-1.980,0.712,5.216
1851.580,-1.987,0.713,5.233
1851.691,-2.003,0.711,5.245
1851.802,-2.027,0.714,5.254
1851.907,-2.057,0.718,5.262
1852.020,-2.085,0.720,5.269
1852.132,-2.094,0.724,5.268
1852.243,-2.094,0.725,5.267
1852.355,-2.084,0.721,5.266
1852.466,-2.068,0.716,5.267
1852.578,-2.053,0.713,5.269
1852.688,-2.037,0.713,5.267
1852.800,-2.024,0.714,5.264
1852.911,-2.014,0.716,5.265
1853.022,-2.007,0.721,5.267
1853.133,-2.009,0.722,5.271
1853.245,-2.019,0.724,5.274
1853.354,-2.034,0.728,5.273
1853.466,-2.051,0.731,5.270
1853.577,-2.069,0.730,5.268
1853.688,-2.087,0.731,5.267
1853.800,-2.103,0.734,5.268
1853.910,-2.113,0.737,5.271
1854.022,-2.120,0.740,5.279
1854.134,-2.120,0.742,5.283
1854.245,-2.115,0.744,5.283
1854.356,-2.108,0.743,5.281
1854.467,-2.100,0.744,5.279
1854.579,-2.090,0.744,5.277
1854.690,-2.076,0.745,5.276
1854.802,-2.061,0.745,5.275
1854.912,-2.048,0.745,5.275
1855.024,-2.038,0.744,5.276
1855.135,-2.035,0.741,5.277
1855.246,-2.040,0.738,5.278
1855.357,-2.050,0.738,5.279
1855.468,-2.063,0.738,5.278
1855.579,-2.076,0.739,5.275
1855.691,-2.089,0.738,5.272
1855.801,-2.099,0.736,5.266
1855.912,-2.104,0.734,5.258
1856.023,-2.107,0.734,5.253
1856.135,-2.103,0.736,5.248
1856.247,-2.095,0.738,5.244
1856.357,-2.083,0.742,5.239
1856.468,-2.067,0.746,5.236
1856.579,-2.050,0.745,5.229
1856.691,-2.038,0.743,5.220
1856.802,-2.034,0.741,5.210
1856.914,-2.040,0.737,5.201
1857.024,-2.051,0.734,5.195
1857.136,-2.065,0.732,5.188
1857.247,-2.080,0.731,5.182
1857.358,-2.095,0.729,5.177
1857.469,-2.111,0.725,5.172
1857.580,-2.128,0.721,5.169
1857.691,-2.146,0.717,5.164
1857.802,-2.162,0.715,5.158
1857.913,-2.171,0.714,5.153
1858.024,-2.172,0.713,5.148
1858.135,-2.167,0.712,5.145
1858.247,-2.162,0.710,5.142
1858.358,-2.162,0.707,5.139
1858.470,-2.164,0.705,5.137
1858.581,-2.163,0.703,5.136
1858.691,-2.154,0.701,5.132
1858.803,-2.140,0.696,5.127
1858.914,-2.126,0.692,5.123
1859.025,-2.112,0.689,5.119
1859.136,-2.098,0.688,5.116
1859.247,-2.088,0.685,5.116
1859.357,-2.083,0.684,5.117
1859.468,-2.083,0.684,5.120
1859.579,-2.086,0.685,5.122
1859.691,-2.092,0.686,5.125
1859.802,-2.095,0.687,5.125
1859.913,-2.095,0.688,5.125
1860.024,-2.093,0.688,5.124
1860.135,-2.091,0.689,5.123
1860.246,-2.093,0.691,5.124
1860.358,-2.099,0.692,5.126
1860.469,-2.109,0.694,5.130
1860.580,-2.121,0.694,5.132
1860.691,-2.132,0.694,5.132
1860.802,-2.135,0.694,5.129
1860.912,-2.126,0.692,5.118
1861.023,-2.099,0.689,5.097
1861.135,-2.060,0.689,5.065
1861.246,-2.015,0.685,5.030
1861.357,-1.965,0.674,5.008
1861.469,-1.913,0.669,4.992
1861.580,-1.879,0.656,4.980
1861.691,-1.861,0.643,4.974
1861.802,-1.851,0.638,4.978
1861.913,-1.854,0.636,4.987
1862.024,-1.862,0.640,4.997
1862.135,-1.861,0.643,5.013
1862.247,-1.861,0.646,5.031
1862.358,-1.866,0.652,5.049
1862.469,-1.871,0.657,5.069
1862.580,-1.882,0.666,5.086
1862.691,-1.881,0.671,5.106
1862.802,-1.866,0.669,5.148
1862.913,-1.858,0.680,5.201
1863.024,-1.866,0.704,5.242
1863.135,-1.880,0.717,5.268
1863.247,-1.894,0.719,5.286
1863.358,-1.907,0.717,5.298
1863.469,-1.927,0.719,5.311
1863.581,-1.938,0.717,5.315
1863.692,-1.939,0.715,5.313
1863.803,-1.932,0.710,5.308
1863.915,-1.927,0.706,5.307
1864.026,-1.925,0.703,5.312
1864.137,-1.926,0.698,5.321
1864.248,-1.931,0.694,5.330
1864.359,-1.934,0.693,5.335
1864.470,-1.941,0.695,5.337
1864.581,-1.950,0.705,5.329
1864.692,-1.963,0.713,5.313
1864.803,-1.978,0.717,5.299
1864.914,-1.986,0.720,5.289
1865.025,-1.987,0.724,5.281
1865.136,-1.981,0.729,5.275
1865.247,-1.973,0.729,5.270
1865.358,-1.968,0.732,5.265
1865.470,-1.962,0.736,5.261
1865.581,-1.958,0.746,5.260
1865.692,-1.961,0.747,5.263
1865.803,-1.971,0.750,5.265
1865.914,-1.984,0.751,5.265
1866.025,-1.995,0.752,5.263
1866.136,-2.000,0.752,5.254
1866.247,-1.997,0.752,5.243
1866.358,-1.987,0.751,5.236
1866.470,-1.976,0.749,5.234
1866.581,-1.971,0.751,5.236
1866.692,-1.972,0.752,5.244
1866.803,-1.979,0.756,5.256
1866.915,-1.995,0.763,5.264
1867.026,-2.017,0.766,5.271
1867.137,-2.042,0.769,5.273
1867.248,-2.071,0.772,5.267
1867.359,-2.103,0.774,5.255
1867.470,-2.127,0.773,5.246
1867.581,-2.141,0.773,5.240
1867.692,-2.147,0.772,5.239
1867.804,-2.142,0.770,5.241
1867.915,-2.130,0.768,5.241
1868.026,-2.116,0.765,5.239
1868.137,-2.102,0.763,5.232
1868.248,-2.084,0.759,5.226
1868.359,-2.061,0.755,5.223
1868.471,-2.041,0.754,5.221
1868.582,-2.023,0.750,5.222
1868.692,-2.013,0.745,5.223
1868.803,-2.008,0.739,5.220
1868.915,-1.997,0.733,5.216
1869.025,-1.978,0.728,5.214
1869.136,-1.960,0.728,5.214
1869.247,-1.949,0.729,5.214
1869.359,-1.947,0.732,5.216
1869.470,-1.955,0.737,5.218
1869.581,-1.971,0.744,5.220
1869.692,-1.992,0.748,5.223
1869.804,-2.014,0.752,5.226
1869.915,-2.038,0.755,5.230
1870.026,-2.064,0.757,5.233
1870.137,-2.090,0.758,5.237
1870.248,-2.110,0.759,5.239
1870.359,-2.119,0.759,5.240
1870.470,-2.120,0.759,5.241
1870.581,-2.116,0.759,5.242
1870.692,-2.113,0.759,5.241
1870.803,-2.111,0.759,5.239
1870.914,-2.108,0.759,5.238
1871.025,-2.102,0.759,5.238
1871.137,-2.094,0.759,5.237
1871.248,-2.085,0.759,5.236
1871.359,-2.074,0.759,5.237
1871.470,-2.059,0.759,5.238
1871.581,-2.038,0.759,5.238
1871.693,-2.014,0.760,5.236
1871.804,-1.996,0.760,5.236
1871.915,-1.985,0.760,5.235
1872.026,-1.977,0.760,5.231
1872.137,-1.973,0.762,5.226
1872.248,-1.977,0.766,5.223
1872.359,-1.983,0.771,5.224
1872.470,-1.983,0.769,5.229
1872.581,-1.973,0.765,5.233
1872.693,-1.954,0.762,5.233
1872.804,-1.940,0.759,5.235
1872.915,-1.924,0.754,5.237
1873.026,-1.909,0.753,5.240
1873.137,-1.898,0.748,5.245
1873.249,-1.883,0.742,5.249
1873.359,-1.871,0.739,5.248
1873.471,-1.872,0.739,5.251
1873.582,-1.880,0.742,5.251
1873.693,-1.890,0.746,5.248
1873.804,-1.901,0.750,5.245
1873.915,-1.909,0.750,5.245
1874.026,-1.907,0.750,5.247
1874.137,-1.897,0.747,5.250
1874.248,-1.880,0.741,5.254
1874.358,-1.862,0.737,5.259
1874.469,-1.850,0.733,5.263
1874.580,-1.848,0.734,5.263
1874.692,-1.851,0.736,5.261
1874.803,-1.851,0.737,5.259
1874.914,-1.848,0.737,5.260
1875.025,-1.845,0.737,5.260
1875.137,-1.842,0.736,5.262
1875.248,-1.839,0.736,5.264
1875.359,-1.835,0.735,5.265
1875.470,-1.830,0.730,5.262
1875.581,-1.826,0.726,5.254
1875.692,-1.820,0.721,5.249
1875.803,-1.813,0.716,5.246
1875.914,-1.808,0.715,5.242
1876.025,-1.806,0.718,5.239
1876.136,-1.806,0.721,5.238
1876.248,-1.807,0.721,5.237
1876.359,-1.808,0.722,5.237
1876.471,-1.811,0.720,5.237
1876.581,-1.811,0.719,5.237
1876.692,-1.810,0.719,5.239
1876.803,-1.809,0.719,5.243
1876.914,-1.809,0.718,5.248
1877.026,-1.811,0.717,5.253
1877.137,-1.813,0.715,5.256
1877.248,-1.814,0.715,5.256
1877.359,-1.815,0.716,5.253
1877.470,-1.815,0.716,5.250
1877.581,-1.816,0.717,5.248
1877.691,-1.816,0.717,5.245
1877.803,-1.817,0.716,5.245
1877.913,-1.816,0.716,5.246
1878.024,-1.816,0.716,5.248
1878.136,-1.816,0.716,5.252
1878.247,-1.816,0.716,5.255
1878.359,-1.817,0.716,5.258
1878.470,-1.818,0.716,5.258
1878.581,-1.818,0.716,5.255
1878.692,-1.818,0.715,5.250
1878.803,-1.817,0.714,5.243
1878.915,-1.817,0.713,5.237
1879.025,-1.816,0.711,5.233
1879.136,-1.816,0.710,5.232
1879.247,-1.817,0.710,5.235
1879.358,-1.817,0.710,5.239
1879.470,-1.818,0.709,5.243
1879.581,-1.817,0.703,5.247
1879.692,-1.816,0.696,5.252
1879.804,-1.815,0.690,5.255
1879.915,-1.813,0.683,5.254
1880.025,-1.809,0.675,5.252
1880.136,-1.805,0.673,5.253
1880.247,-1.804,0.674,5.252
1880.358,-1.804,0.674,5.253
1880.470,-1.804,0.672,5.256
1880.581,-1.804,0.671,5.259
1880.692,-1.804,0.671,5.262
1880.803,-1.804,0.670,5.264
1880.911,-1.805,0.670,5.266
1881.022,-1.805,0.670,5.266
1881.133,-1.805,0.670,5.265
1881.243,-1.805,0.670,5.264
1881.354,-1.805,0.670,5.263
1881.465,-1.804,0.670,5.262
1881.577,-1.804,0.670,5.262
1881.689,-1.805,0.669,5.262
1881.800,-1.805,0.670,5.262
1881.911,-1.805,0.670,5.262
1882.022,-1.805,0.670,5.262
1882.133,-1.805,0.669,5.262
1882.245,-1.805,0.669,5.262
1882.356,-1.805,0.669,5.262
1882.467,-1.805,0.669,5.262
1882.579,-1.805,0.669,5.262
1882.690,-1.805,0.669,5.261
1882.802,-1.805,0.669,5.261
1882.913,-1.805,0.669,5.262
1883.024,-1.805,0.669,5.262
1883.136,-1.805,0.669,5.262
1883.247,-1.805,0.669,5.262
1883.359,-1.805,0.669,5.261
1883.470,-1.805,0.668,5.261
1883.581,-1.805,0.668,5.260
1883.692,-1.805,0.668,5.260
1883.803,-1.805,0.668,5.261
1883.915,-1.805,0.668,5.261
1884.025,-1.806,0.668,5.261
1884.136,-1.806,0.668,5.260
1884.248,-1.806,0.668,5.260
1884.359,-1.806,0.668,5.260
1884.470,-1.806,0.668,5.260
1884.581,-1.806,0.668,5.260
1884.692,-1.806,0.668,5.260
1884.803,-1.806,0.668,5.260
1884.914,-1.806,0.668,5.260
1885.025,-1.806,0.668,5.260
1885.136,-1.806,0.668,5.260
1885.248,-1.806,0.669,5.260
1885.359,-1.806,0.669,5.261
1885.469,-1.806,0.669,5.262
1885.580,-1.807,0.669,5.263
1885.689,-1.806,0.669,5.262
1885.800,-1.806,0.669,5.262
1885.911,-1.807,0.669,5.261
1886.023,-1.807,0.669,5.262
1886.133,-1.807,0.668,5.262
1886.245,-1.806,0.668,5.262
1886.358,-1.807,0.669,5.262
1886.468,-1.807,0.669,5.261
1886.580,-1.807,0.669,5.261
1886.691,-1.806,0.668,5.260
1886.802,-1.806,0.668,5.260
1886.914,-1.806,0.668,5.260
1887.025,-1.806,0.668,5.261
1887.136,-1.807,0.668,5.262
1887.248,-1.807,0.667,5.262
1887.359,-1.807,0.667,5.262
1887.470,-1.807,0.667,5.262
1887.581,-1.807,0.667,5.262
1887.692,-1.807,0.667,5.263
1887.803,-1.807,0.667,5.263
1887.915,-1.807,0.668,5.263
1888.026,-1.807,0.668,5.263
1888.137,-1.807,0.668,5.262
1888.248,-1.807,0.668,5.262
1888.359,-1.807,0.668,5.262
1888.471,-1.807,0.668,5.263
1888.581,-1.807,0.668,5.263
1888.693,-1.807,0.667,5.263
1888.804,-1.808,0.668,5.263
1888.915,-1.808,0.668,5.262
1889.026,-1.808,0.667,5.262
1889.137,-1.808,0.667,5.262
1889.248,-1.808,0.667,5.262
1889.359,-1.808,0.667,5.261
1889.470,-1.808,0.667,5.260
1889.582,-1.808,0.667,5.259
1889.693,-1.808,0.667,5.258
1889.804,-1.808,0.667,5.258
1889.915,-1.808,0.667,5.259
1890.026,-1.808,0.667,5.260
1890.137,-1.807,0.667,5.260
1890.248,-1.807,0.667,5.260
1890.359,-1.807,0.667,5.260
1890.470,-1.807,0.667,5.260
1890.581,-1.808,0.665,5.263
1890.693,-1.808,0.661,5.272
1890.803,-1.808,0.657,5.281
1890.914,-1.809,0.655,5.285
1891.025,-1.809,0.655,5.288
1891.137,-1.809,0.655,5.289
1891.248,-1.809,0.655,5.289
1891.359,-1.809,0.655,5.288
1891.470,-1.809,0.656,5.286
1891.581,-1.809,0.656,5.283
1891.692,-1.808,0.657,5.281
1891.803,-1.808,0.657,5.279
1891.914,-1.808,0.657,5.278
1892.025,-1.808,0.657,5.278
1892.136,-1.808,0.657,5.278
1892.247,-1.808,0.657,5.278
1892.359,-1.808,0.656,5.279
1892.470,-1.808,0.656,5.279
1892.581,-1.808,0.656,5.280
1892.692,-1.808,0.657,5.280
1892.803,-1.808,0.657,5.279
1892.914,-1.808,0.656,5.279
1893.026,-1.808,0.656,5.279
1893.136,-1.808,0.656,5.279
1893.247,-1.808,0.656,5.279
1893.358,-1.808,0.656,5.280
1893.469,-1.808,0.656,5.280
1893.581,-1.808,0.656,5.280
1893.692,-1.808,0.656,5.280
1893.803,-1.808,0.656,5.280
1893.914,-1.808,0.656,5.280
1894.025,-1.808,0.656,5.280
1894.136,-1.808,0.656,5.280
1894.247,-1.808,0.656,5.281
1894.359,-1.808,0.656,5.281
1894.470,-1.808,0.656,5.280
1894.581,-1.808,0.656,5.280
1894.692,-1.808,0.657,5.279
1894.803,-1.808,0.657,5.279
1894.914,-1.808,0.657,5.279
1895.026,-1.808,0.656,5.279
1895.137,-1.808,0.656,5.279
1895.248,-1.808,0.656,5.280
1895.359,-1.806,0.661,5.282
1895.470,-1.809,0.670,5.289
1895.581,-1.812,0.685,5.291
1895.692,-1.820,0.689,5.290
1895.804,-1.821,0.693,5.288
1895.915,-1.821,0.695,5.283
1896.026,-1.822,0.696,5.275
1896.136,-1.822,0.697,5.271
1896.247,-1.823,0.697,5.268
1896.359,-1.824,0.697,5.270
1896.470,-1.826,0.697,5.272
1896.581,-1.829,0.698,5.274
1896.692,-1.832,0.697,5.275
1896.803,-1.832,0.696,5.276
1896.914,-1.832,0.697,5.278
1897.025,-1.833,0.697,5.279
1897.136,-1.835,0.699,5.281
1897.248,-1.838,0.702,5.283
1897.359,-1.840,0.704,5.284
1897.470,-1.839,0.704,5.286
1897.581,-1.837,0.702,5.287
1897.692,-1.837,0.702,5.287
1897.803,-1.838,0.701,5.285
1897.914,-1.837,0.701,5.283
1898.025,-1.837,0.700,5.282
1898.136,-1.837,0.700,5.280
1898.247,-1.838,0.699,5.279
1898.358,-1.838,0.699,5.278
1898.469,-1.838,0.698,5.277
1898.581,-1.837,0.698,5.276
1898.692,-1.837,0.698,5.276
1898.803,-1.836,0.697,5.275
1898.915,-1.836,0.696,5.275
1899.026,-1.836,0.696,5.274
1899.136,-1.836,0.695,5.273
1899.248,-1.835,0.695,5.274
1899.359,-1.835,0.695,5.274
1899.470,-1.835,0.695,5.274
1899.581,-1.835,0.694,5.274
1899.692,-1.836,0.694,5.274
1899.803,-1.835,0.694,5.274
1899.914,-1.835,0.694,5.275
1900.025,-1.834,0.694,5.277
1900.137,-1.833,0.693,5.279
1900.247,-1.833,0.692,5.282
1900.359,-1.833,0.692,5.284
1900.470,-1.833,0.692,5.285
1900.581,-1.832,0.692,5.286
1900.692,-1.832,0.692,5.287
1900.803,-1.832,0.692,5.288
1900.911,-1.832,0.692,5.288
1901.024,-1.833,0.692,5.286
1901.134,-1.834,0.692,5.285
1901.246,-1.835,0.693,5.283
1901.357,-1.835,0.693,5.281
1901.468,-1.836,0.692,5.280
1901.579,-1.838,0.693,5.278
1901.690,-1.838,0.693,5.278
1901.802,-1.838,0.692,5.277
1901.913,-1.837,0.691,5.278
1902.024,-1.837,0.690,5.279
1902.135,-1.836,0.689,5.281
1902.246,-1.836,0.689,5.283
1902.357,-1.836,0.690,5.284
1902.468,-1.835,0.690,5.285
1902.580,-1.836,0.689,5.284
1902.691,-1.836,0.689,5.283
1902.803,-1.835,0.689,5.283
1902.913,-1.834,0.689,5.284
1903.025,-1.834,0.689,5.283
1903.136,-1.835,0.689,5.282
1903.247,-1.835,0.688,5.282
1903.358,-1.835,0.688,5.282
1903.469,-1.834,0.689,5.283
1903.580,-1.833,0.688,5.284
1903.692,-1.834,0.689,5.284
1903.803,-1.835,0.689,5.283
1903.914,-1.836,0.689,5.283
1904.025,-1.836,0.690,5.284
1904.136,-1.836,0.690,5.285
1904.247,-1.835,0.689,5.284
1904.359,-1.836,0.689,5.283
1904.470,-1.836,0.689,5.282
1904.581,-1.836,0.689,5.282
1904.692,-1.835,0.689,5.283
1904.803,-1.834,0.688,5.284
1904.914,-1.834,0.688,5.284
1905.025,-1.835,0.689,5.283
1905.137,-1.836,0.689,5.283
1905.248,-1.835,0.688,5.283
1905.359,-1.834,0.688,5.284
1905.470,-1.834,0.688,5.284
1905.581,-1.834,0.688,5.283
1905.692,-1.834,0.687,5.282
1905.803,-1.834,0.687,5.283
1905.914,-1.835,0.687,5.283
1906.025,-1.834,0.688,5.284
1906.136,-1.834,0.688,5.284
1906.248,-1.833,0.688,5.285
1906.359,-1.833,0.689,5.284
1906.470,-1.833,0.688,5.283
1906.581,-1.834,0.688,5.282
1906.692,-1.835,0.688,5.283
1906.803,-1.834,0.688,5.286
1906.915,-1.834,0.688,5.289
1907.026,-1.834,0.688,5.289
1907.137,-1.835,0.688,5.288
1907.248,-1.835,0.688,5.287
1907.359,-1.835,0.688,5.286
1907.469,-1.835,0.687,5.286
1907.580,-1.835,0.687,5.286
1907.690,-1.835,0.687,5.286
1907.802,-1.835,0.688,5.286
1907.913,-1.835,0.688,5.286
1908.024,-1.835,0.688,5.287
1908.135,-1.835,0.688,5.288
1908.247,-1.835,0.688,5.288
1908.358,-1.835,0.688,5.289
1908.469,-1.835,0.688,5.289
1908.581,-1.835,0.688,5.289
1908.692,-1.834,0.687,5.288
1908.802,-1.834,0.687,5.288
1908.914,-1.834,0.687,5.288
1909.025,-1.834,0.687,5.288
1909.136,-1.834,0.687,5.288
1909.248,-1.834,0.687,5.288
1909.358,-1.834,0.687,5.288
1909.469,-1.834,0.687,5.288
1909.580,-1.835,0.687,5.288
1909.692,-1.834,0.687,5.288
1909.803,-1.835,0.687,5.288
1909.914,-1.835,0.687,5.288
1910.025,-1.835,0.687,5.288
1910.136,-1.835,0.687,5.287
1910.247,-1.835,0.687,5.287
1910.358,-1.835,0.687,5.287
1910.469,-1.835,0.687,5.287
1910.580,-1.835,0.687,5.287
1910.692,-1.835,0.687,5.287
1910.803,-1.835,0.687,5.287
1910.914,-1.835,0.687,5.287
1911.025,-1.835,0.687,5.287
1911.136,-1.835,0.686,5.287
1911.246,-1.835,0.686,5.287
1911.357,-1.836,0.686,5.286
1911.469,-1.836,0.686,5.286
1911.580,-1.836,0.686,5.285
1911.691,-1.836,0.686,5.285
1911.802,-1.836,0.686,5.285
1911.913,-1.836,0.686,5.285
1912.025,-1.836,0.686,5.285
1912.136,-1.836,0.686,5.285
1912.247,-1.836,0.686,5.285
1912.359,-1.836,0.686,5.286
1912.470,-1.836,0.686,5.286
1912.580,-1.836,0.686,5.286
1912.692,-1.836,0.686,5.285
1912.803,-1.836,0.686,5.285
1912.914,-1.836,0.686,5.285
1913.025,-1.836,0.686,5.285
1913.136,-1.836,0.686,5.285
1913.248,-1.836,0.686,5.285
1913.355,-1.836,0.686,5.285
1913.467,-1.836,0.687,5.285
1913.578,-1.837,0.688,5.286
1913.690,-1.837,0.689,5.288
1913.801,-1.838,0.690,5.289
1913.912,-1.839,0.691,5.291
1914.023,-1.840,0.692,5.293
1914.135,-1.839,0.693,5.294
1914.245,-1.839,0.692,5.293
1914.355,-1.840,0.692,5.292
1914.467,-1.840,0.692,5.290
1914.578,-1.839,0.691,5.289
1914.689,-1.840,0.691,5.289
1914.800,-1.840,0.691,5.289
1914.911,-1.840,0.691,5.290
1915.022,-1.840,0.691,5.290
1915.133,-1.841,0.692,5.289
1915.245,-1.841,0.691,5.289
1915.356,-1.840,0.691,5.290
1915.467,-1.841,0.691,5.290
1915.578,-1.841,0.691,5.289
1915.689,-1.841,0.691,5.288
1915.801,-1.841,0.691,5.289
1915.913,-1.840,0.690,5.289
1916.023,-1.840,0.690,5.288
1916.135,-1.840,0.690,5.288
1916.246,-1.841,0.690,5.291
1916.357,-1.841,0.690,5.292
1916.468,-1.841,0.691,5.294
1916.579,-1.841,0.691,5.294
1916.690,-1.841,0.691,5.292
1916.802,-1.841,0.690,5.291
1916.913,-1.841,0.690,5.289
1917.024,-1.841,0.690,5.288
1917.136,-1.841,0.689,5.288
1917.247,-1.840,0.689,5.289
1917.358,-1.840,0.688,5.289
1917.469,-1.840,0.688,5.290
1917.580,-1.839,0.687,5.289
1917.691,-1.839,0.687,5.289
1917.802,-1.839,0.687,5.289
1917.913,-1.839,0.687,5.289
1918.025,-1.839,0.686,5.289
1918.135,-1.838,0.686,5.289
1918.247,-1.838,0.686,5.289
1918.358,-1.838,0.686,5.289
1918.469,-1.838,0.686,5.290
1918.581,-1.838,0.686,5.290
1918.692,-1.838,0.686,5.290
1918.803,-1.837,0.686,5.290
1918.914,-1.837,0.686,5.290
1919.025,-1.837,0.686,5.289
1919.136,-1.837,0.686,5.289
1919.247,-1.836,0.687,5.290
1919.358,-1.836,0.687,5.290
1919.470,-1.837,0.687,5.290
1919.581,-1.836,0.688,5.291
1919.691,-1.836,0.688,5.291
1919.802,-1.836,0.688,5.291
1919.914,-1.835,0.688,5.291
1920.024,-1.835,0.688,5.291
1920.135,-1.836,0.688,5.291
1920.247,-1.835,0.688,5.292
1920.357,-1.835,0.688,5.292
1920.469,-1.836,0.688,5.292
1920.580,-1.835,0.688,5.293
1920.691,-1.834,0.688,5.292
1920.802,-1.835,0.688,5.292
1920.912,-1.835,0.689,5.292
1921.024,-1.835,0.689,5.293
1921.135,-1.835,0.688,5.293
1921.246,-1.834,0.688,5.293
1921.357,-1.834,0.688,5.292
1921.469,-1.834,0.688,5.292
1921.579,-1.835,0.688,5.293
1921.691,-1.835,0.688,5.294
1921.803,-1.834,0.688,5.296
1921.914,-1.833,0.688,5.296
1922.024,-1.833,0.688,5.294
1922.136,-1.834,0.688,5.293
1922.247,-1.833,0.688,5.293
1922.358,-1.833,0.687,5.294
1922.470,-1.833,0.688,5.296
1922.581,-1.834,0.688,5.297
1922.692,-1.834,0.688,5.297
1922.802,-1.834,0.688,5.298
1922.914,-1.834,0.688,5.298
1923.024,-1.833,0.689,5.299
1923.136,-1.832,0.688,5.298
1923.247,-1.832,0.688,5.298
1923.358,-1.833,0.687,5.297
1923.469,-1.834,0.687,5.296
1923.581,-1.834,0.687,5.296
1923.692,-1.832,0.687,5.296
1923.803,-1.830,0.687,5.297
1923.914,-1.831,0.686,5.295
1924.025,-1.832,0.686,5.293
1924.137,-1.832,0.687,5.293
1924.248,-1.831,0.686,5.293
1924.359,-1.831,0.686,5.294
1924.470,-1.831,0.686,5.294
1924.581,-1.832,0.686,5.294
1924.692,-1.831,0.686,5.295
1924.803,-1.831,0.686,5.295
1924.915,-1.831,0.686,5.294
1925.026,-1.832,0.686,5.294
1925.137,-1.831,0.686,5.294
1925.248,-1.831,0.686,5.295
1925.359,-1.832,0.686,5.295
1925.470,-1.832,0.686,5.296
1925.581,-1.832,0.686,5.296
1925.692,-1.833,0.685,5.295
1925.803,-1.833,0.685,5.296
1925.914,-1.832,0.686,5.297
1926.025,-1.832,0.686,5.298
1926.136,-1.834,0.686,5.298
1926.247,-1.835,0.687,5.298
1926.358,-1.834,0.687,5.299
1926.468,-1.833,0.686,5.298
1926.579,-1.833,0.686,5.297
1926.691,-1.833,0.685,5.296
1926.803,-1.834,0.685,5.296
1926.914,-1.834,0.686,5.299
1927.025,-1.834,0.686,5.300
1927.136,-1.835,0.686,5.301
1927.247,-1.834,0.687,5.301
1927.359,-1.833,0.686,5.301
1927.469,-1.834,0.687,5.300
1927.581,-1.835,0.687,5.301
1927.692,-1.834,0.687,5.302
1927.803,-1.834,0.687,5.302
1927.914,-1.834,0.687,5.302
1928.025,-1.834,0.686,5.303
1928.136,-1.833,0.686,5.302
1928.247,-1.834,0.686,5.301
1928.358,-1.834,0.686,5.301
1928.470,-1.833,0.685,5.301
1928.570,-1.834,0.685,5.301
1928.678,-1.834,0.685,5.301
1928.789,-1.834,0.685,5.300
1928.900,-1.834,0.685,5.300
1929.011,-1.835,0.686,5.299
1929.122,-1.841,0.695,5.295
1929.232,-1.850,0.704,5.291
1929.344,-1.861,0.718,5.288
1929.456,-1.875,0.735,5.287
1929.567,-1.888,0.742,5.290
1929.678,-1.896,0.743,5.290
1929.789,-1.897,0.745,5.286
1929.899,-1.898,0.746,5.283
1930.009,-1.891,0.744,5.283
1930.121,-1.877,0.740,5.283
1930.232,-1.865,0.736,5.286
1930.343,-1.857,0.733,5.285
1930.454,-1.851,0.730,5.282
1930.565,-1.847,0.730,5.274
1930.676,-1.849,0.729,5.265
1930.788,-1.850,0.730,5.251
1930.899,-1.854,0.730,5.234
1931.011,-1.857,0.729,5.222
1931.122,-1.859,0.727,5.213
1931.233,-1.860,0.728,5.207
1931.344,-1.865,0.729,5.201
1931.455,-1.871,0.730,5.197
1931.566,-1.876,0.731,5.193
1931.677,-1.882,0.731,5.189
1931.788,-1.892,0.731,5.183
1931.899,-1.904,0.733,5.180
1932.011,-1.912,0.735,5.178
1932.122,-1.911,0.734,5.176
1932.233,-1.910,0.734,5.172
1932.345,-1.911,0.729,5.167
1932.456,-1.912,0.724,5.162
1932.567,-1.915,0.720,5.157
1932.678,-1.920,0.715,5.146
1932.788,-1.926,0.707,5.132
1932.900,-1.925,0.702,5.121
1933.011,-1.921,0.700,5.116
1933.122,-1.918,0.700,5.117
1933.233,-1.914,0.701,5.120
1933.344,-1.909,0.703,5.129
1933.455,-1.906,0.701,5.142
1933.566,-1.907,0.693,5.152
1933.678,-1.910,0.682,5.154
1933.789,-1.907,0.678,5.154
1933.900,-1.895,0.679,5.154
1934.011,-1.873,0.688,5.160
1934.122,-1.848,0.699,5.183
1934.233,-1.829,0.709,5.224
1934.342,-1.835,0.717,5.279
1934.454,-1.863,0.722,5.318
1934.565,-1.881,0.723,5.338
1934.676,-1.884,0.720,5.350
1934.788,-1.889,0.714,5.364
1934.899,-1.891,0.710,5.378
1935.010,-1.894,0.711,5.388
1935.122,-1.894,0.710,5.396
1935.233,-1.895,0.712,5.398
1935.344,-1.888,0.726,5.377
1935.456,-1.888,0.741,5.340
1935.567,-1.896,0.751,5.301
1935.678,-1.900,0.754,5.271
1935.790,-1.900,0.753,5.247
1935.901,-1.895,0.752,5.226
1936.012,-1.891,0.752,5.210
1936.123,-1.889,0.751,5.207
1936.234,-1.888,0.751,5.214
1936.345,-1.885,0.751,5.226
1936.457,-1.881,0.750,5.240
1936.567,-1.879,0.751,5.251
1936.678,-1.879,0.752,5.260
1936.790,-1.877,0.751,5.265
1936.900,-1.873,0.752,5.268
1937.011,-1.871,0.751,5.267
1937.122,-1.868,0.748,5.264
1937.234,-1.866,0.747,5.256
1937.345,-1.861,0.742,5.249
1937.455,-1.853,0.738,5.246
1937.567,-1.845,0.735,5.249
1937.679,-1.840,0.732,5.256
1937.789,-1.836,0.730,5.262
1937.901,-1.836,0.730,5.265
1938.011,-1.836,0.728,5.267
1938.123,-1.837,0.727,5.269
1938.234,-1.837,0.728,5.268
1938.345,-1.837,0.725,5.266
1938.456,-1.839,0.726,5.263
1938.567,-1.840,0.727,5.258
1938.678,-1.841,0.728,5.255
1938.790,-1.843,0.728,5.253
1938.901,-1.843,0.728,5.251
1939.012,-1.843,0.728,5.252
1939.123,-1.843,0.729,5.251
1939.234,-1.842,0.731,5.246
1939.345,-1.842,0.732,5.246
1939.457,-1.845,0.730,5.248
1939.567,-1.847,0.731,5.250
1939.678,-1.848,0.732,5.249
1939.790,-1.849,0.732,5.249
1939.901,-1.847,0.732,5.249
1940.012,-1.844,0.732,5.250
1940.123,-1.842,0.732,5.251
1940.234,-1.842,0.732,5.251
1940.344,-1.844,0.733,5.252
1940.456,-1.846,0.735,5.252
1940.567,-1.850,0.736,5.253
1940.678,-1.853,0.737,5.254
1940.789,-1.852,0.738,5.257
1940.899,-1.849,0.736,5.261
1941.010,-1.845,0.734,5.261
1941.122,-1.844,0.731,5.260
1941.233,-1.842,0.730,5.260
1941.344,-1.842,0.728,5.260
1941.455,-1.840,0.727,5.259
1941.566,-1.837,0.725,5.256
1941.677,-1.835,0.724,5.254
1941.789,-1.836,0.722,5.249
1941.899,-1.835,0.720,5.242
1942.011,-1.834,0.719,5.238
1942.123,-1.833,0.718,5.240
1942.234,-1.834,0.718,5.244
1942.345,-1.837,0.718,5.246
1942.456,-1.839,0.717,5.245
1942.567,-1.839,0.717,5.246
1942.678,-1.838,0.716,5.246
1942.790,-1.837,0.716,5.246
1942.901,-1.835,0.716,5.247
1943.012,-1.835,0.715,5.248
1943.123,-1.835,0.715,5.250
1943.234,-1.834,0.715,5.251
1943.345,-1.834,0.715,5.252
1943.456,-1.835,0.715,5.252
1943.567,-1.835,0.715,5.252
1943.678,-1.835,0.715,5.251
1943.790,-1.835,0.715,5.251
1943.901,-1.835,0.715,5.251
1944.012,-1.835,0.715,5.251
1944.123,-1.835,0.715,5.251
1944.234,-1.836,0.715,5.251
1944.343,-1.835,0.715,5.251
1944.455,-1.835,0.715,5.251
1944.566,-1.836,0.715,5.251
1944.678,-1.836,0.714,5.252
1944.789,-1.840,0.714,5.255
1944.900,-1.843,0.714,5.258
1945.011,-1.846,0.715,5.261
1945.123,-1.848,0.715,5.262
1945.233,-1.848,0.714,5.264
1945.344,-1.845,0.711,5.264
1945.455,-1.841,0.709,5.264
1945.566,-1.838,0.707,5.264
1945.677,-1.837,0.706,5.265
1945.789,-1.837,0.705,5.265
1945.899,-1.837,0.705,5.263
1946.010,-1.836,0.705,5.262
1946.121,-1.835,0.704,5.261
1946.233,-1.833,0.704,5.258
1946.343,-1.833,0.703,5.256
1946.454,-1.832,0.702,5.255
1946.566,-1.831,0.702,5.255
1946.677,-1.831,0.702,5.254
1946.789,-1.829,0.701,5.254
1946.899,-1.827,0.700,5.254
1947.010,-1.826,0.701,5.255
1947.121,-1.824,0.702,5.255
1947.233,-1.823,0.701,5.255
1947.344,-1.823,0.702,5.254
1947.454,-1.824,0.705,5.253
1947.566,-1.825,0.709,5.255
1947.677,-1.826,0.711,5.257
1947.788,-1.828,0.708,5.259
1947.899,-1.828,0.707,5.260
1948.010,-1.828,0.707,5.260
1948.122,-1.829,0.708,5.261
1948.233,-1.833,0.709,5.262
1948.344,-1.837,0.711,5.261
1948.455,-1.839,0.711,5.260
1948.566,-1.839,0.711,5.259
1948.678,-1.838,0.710,5.259
1948.789,-1.837,0.709,5.258
1948.900,-1.837,0.709,5.257
1949.011,-1.837,0.708,5.257
1949.122,-1.838,0.709,5.258
1949.233,-1.839,0.710,5.258
1949.344,-1.838,0.710,5.257
1949.456,-1.838,0.709,5.256
1949.566,-1.838,0.709,5.256
1949.677,-1.839,0.710,5.255
1949.788,-1.846,0.711,5.255
1949.900,-1.870,0.713,5.257
1950.010,-1.908,0.719,5.262
1950.122,-1.956,0.714,5.269
1950.233,-2.005,0.703,5.279
1950.344,-2.041,0.688,5.295
1950.455,-2.057,0.677,5.312
1950.567,-2.052,0.676,5.320
1950.678,-2.041,0.680,5.318
1950.789,-2.017,0.691,5.305
1950.900,-1.974,0.714,5.289
1951.011,-1.925,0.726,5.261
1951.123,-1.869,0.748,5.232
1951.233,-1.816,0.772,5.175
1951.345,-1.775,0.783,5.109
1951.456,-1.747,0.839,5.044
1951.567,-1.728,0.932,5.001
1951.678,-1.723,1.050,4.965
1951.789,-1.733,1.180,4.927
1951.900,-1.750,1.328,4.891
1952.011,-1.776,1.473,4.849
1952.123,-1.804,1.561,4.800
1952.234,-1.832,1.589,4.747
1952.345,-1.846,1.593,4.688
1952.456,-1.841,1.595,4.619
1952.567,-1.820,1.588,4.543
1952.678,-1.789,1.579,4.461
1952.790,-1.754,1.591,4.368
1952.901,-1.729,1.596,4.269
1953.012,-1.717,1.597,4.168
1953.123,-1.713,1.590,4.062
1953.234,-1.719,1.578,3.951
1953.345,-1.732,1.585,3.836
1953.456,-1.744,1.598,3.721
1953.568,-1.750,1.602,3.612
1953.679,-1.755,1.596,3.504
1953.790,-1.758,1.582,3.395
1953.901,-1.753,1.594,3.282
1954.012,-1.750,1.605,3.180
1954.123,-1.749,1.611,3.085
1954.234,-1.749,1.614,2.998
1954.345,-1.753,1.607,2.921
1954.456,-1.755,1.611,2.851
1954.566,-1.750,1.619,2.797
1954.678,-1.737,1.622,2.764
1954.789,-1.714,1.622,2.752
1954.901,-1.686,1.618,2.759
1955.011,-1.656,1.610,2.784
1955.123,-1.626,1.606,2.813
1955.234,-1.600,1.604,2.843
1955.345,-1.578,1.608,2.871
1955.456,-1.563,1.612,2.893
1955.567,-1.554,1.616,2.914
1955.678,-1.549,1.616,2.933
1955.790,-1.547,1.617,2.947
1955.901,-1.546,1.617,2.957
1956.012,-1.547,1.616,2.966
1956.124,-1.550,1.615,2.972
1956.234,-1.553,1.618,2.974
1956.345,-1.557,1.617,2.975
1956.457,-1.560,1.614,2.980
1956.568,-1.563,1.612,2.983
1956.678,-1.566,1.613,2.983
1956.789,-1.567,1.612,2.981
1956.901,-1.567,1.611,2.980
1957.011,-1.564,1.610,2.981
1957.123,-1.565,1.609,2.981
1957.234,-1.564,1.608,2.981
1957.344,-1.565,1.610,2.977
1957.455,-1.564,1.607,2.979
1957.566,-1.564,1.607,2.981
1957.678,-1.560,1.609,2.982
1957.789,-1.553,1.614,2.982
1957.900,-1.550,1.617,2.979
1958.011,-1.549,1.617,2.974
1958.123,-1.549,1.616,2.965
1958.234,-1.548,1.616,2.954
1958.345,-1.547,1.613,2.946
1958.456,-1.543,1.613,2.944
1958.567,-1.537,1.609,2.947
1958.678,-1.531,1.605,2.952
1958.789,-1.524,1.603,2.959
1958.901,-1.515,1.601,2.965
1959.011,-1.506,1.597,2.969
1959.123,-1.496,1.594,2.964
1959.234,-1.494,1.591,2.961
1959.345,-1.491,1.584,2.957
1959.457,-1.487,1.575,2.952
1959.567,-1.482,1.566,2.953
1959.678,-1.476,1.560,2.958
1959.789,-1.469,1.568,2.958
1959.901,-1.464,1.571,2.962
1960.012,-1.459,1.580,2.968
1960.123,-1.456,1.584,2.975
1960.234,-1.454,1.585,2.980
1960.345,-1.453,1.588,2.985
1960.456,-1.454,1.589,2.991
1960.567,-1.454,1.588,2.998
1960.679,-1.452,1.588,3.003
1960.790,-1.447,1.591,3.002
1960.897,-1.441,1.593,2.999
1961.009,-1.430,1.592,2.995
1961.121,-1.421,1.588,2.994
1961.232,-1.419,1.582,2.994
1961.343,-1.424,1.579,2.992
1961.455,-1.433,1.577,2.990
1961.565,-1.445,1.578,2.988
1961.677,-1.459,1.583,2.985
1961.788,-1.475,1.584,2.984
1961.899,-1.488,1.586,2.984
1962.010,-1.496,1.588,2.981
1962.122,-1.501,1.590,2.979
1962.233,-1.501,1.591,2.975
1962.343,-1.501,1.591,2.970
1962.455,-1.500,1.589,2.962
1962.565,-1.501,1.585,2.952
1962.677,-1.503,1.585,2.940
1962.789,-1.506,1.587,2.928
1962.900,-1.509,1.585,2.920
1963.011,-1.512,1.591,2.906
1963.123,-1.508,1.590,2.890
1963.233,-1.505,1.581,2.877
1963.344,-1.504,1.582,2.866
1963.456,-1.503,1.575,2.856
1963.567,-1.505,1.579,2.845
1963.677,-1.508,1.582,2.835
1963.788,-1.512,1.582,2.827
1963.899,-1.515,1.581,2.820
1964.010,-1.518,1.577,2.816
1964.121,-1.522,1.572,2.814
1964.232,-1.523,1.571,2.814
1964.342,-1.520,1.568,2.816
1964.453,-1.518,1.566,2.817
1964.564,-1.516,1.565,2.819
1964.676,-1.514,1.565,2.822
1964.787,-1.512,1.565,2.824
1964.899,-1.509,1.566,2.828
1965.010,-1.505,1.569,2.833
1965.121,-1.503,1.570,2.839
1965.232,-1.504,1.570,2.844
1965.343,-1.507,1.570,2.849
1965.455,-1.511,1.571,2.855
1965.565,-1.516,1.568,2.861
1965.677,-1.519,1.563,2.871
1965.788,-1.521,1.559,2.882
1965.899,-1.520,1.558,2.890
1966.010,-1.519,1.560,2.894
1966.121,-1.518,1.560,2.893
1966.233,-1.518,1.564,2.886
1966.344,-1.518,1.569,2.875
1966.456,-1.519,1.572,2.863
1966.567,-1.521,1.572,2.854
1966.677,-1.525,1.572,2.847
1966.789,-1.530,1.569,2.845
1966.901,-1.533,1.566,2.851
1967.012,-1.535,1.564,2.859
1967.123,-1.533,1.563,2.869
1967.233,-1.529,1.563,2.879
1967.344,-1.524,1.565,2.885
1967.455,-1.521,1.567,2.886
1967.566,-1.519,1.569,2.883
1967.677,-1.520,1.569,2.876
1967.789,-1.521,1.570,2.869
1967.900,-1.523,1.568,2.861
1968.011,-1.525,1.568,2.854
1968.123,-1.527,1.568,2.847
1968.234,-1.529,1.568,2.841
1968.344,-1.528,1.568,2.834
1968.456,-1.528,1.566,2.828
1968.567,-1.525,1.567,2.820
1968.678,-1.522,1.567,2.812
1968.790,-1.519,1.567,2.803
1968.901,-1.515,1.567,2.793
1969.011,-1.513,1.565,2.781
1969.123,-1.511,1.563,2.766
1969.234,-1.511,1.561,2.749
1969.345,-1.512,1.561,2.732
1969.457,-1.511,1.562,2.717
1969.567,-1.510,1.564,2.702
1969.678,-1.507,1.562,2.692
1969.790,-1.500,1.564,2.689
1969.901,-1.491,1.561,2.693
1970.012,-1.484,1.559,2.703
1970.123,-1.481,1.560,2.718
1970.234,-1.480,1.560,2.738
1970.345,-1.479,1.555,2.760
1970.456,-1.480,1.556,2.779
1970.567,-1.481,1.559,2.800
1970.678,-1.480,1.561,2.821
1970.790,-1.480,1.563,2.841
1970.900,-1.480,1.567,2.858
1971.012,-1.481,1.569,2.873
1971.123,-1.483,1.569,2.886
1971.234,-1.486,1.565,2.897
1971.345,-1.487,1.561,2.907
1971.456,-1.489,1.561,2.912
1971.567,-1.489,1.561,2.915
1971.678,-1.486,1.563,2.917
1971.789,-1.484,1.565,2.917
1971.900,-1.481,1.567,2.914
1972.012,-1.480,1.569,2.907
1972.123,-1.481,1.569,2.901
1972.234,-1.483,1.566,2.897
1972.345,-1.485,1.565,2.894
1972.457,-1.487,1.567,2.891
1972.568,-1.488,1.567,2.888
1972.678,-1.488,1.569,2.888
1972.790,-1.485,1.569,2.889
1972.901,-1.484,1.568,2.894
1973.012,-1.481,1.566,2.900
1973.123,-1.478,1.569,2.899
1973.234,-1.480,1.568,2.902
1973.345,-1.488,1.570,2.909
1973.457,-1.503,1.571,2.920
1973.568,-1.527,1.574,2.936
1973.679,-1.560,1.579,2.956
1973.790,-1.600,1.594,2.974
1973.901,-1.638,1.595,2.988
1974.012,-1.677,1.593,3.001
1974.123,-1.710,1.590,3.020
1974.234,-1.732,1.587,3.039
1974.345,-1.746,1.581,3.058
1974.457,-1.750,1.583,3.067
1974.567,-1.746,1.585,3.064
1974.678,-1.735,1.586,3.051
1974.789,-1.716,1.588,3.036
1974.900,-1.695,1.591,3.019
1975.011,-1.674,1.592,3.004
1975.122,-1.652,1.591,2.989
1975.233,-1.629,1.591,2.975
1975.345,-1.609,1.595,2.962
1975.456,-1.588,1.598,2.952
1975.567,-1.563,1.597,2.945
1975.677,-1.536,1.592,2.937
1975.788,-1.513,1.592,2.930
1975.899,-1.495,1.596,2.926
1976.011,-1.482,1.595,2.920
1976.122,-1.472,1.591,2.916
1976.233,-1.465,1.590,2.912
1976.344,-1.457,1.593,2.909
1976.455,-1.449,1.601,2.906
1976.566,-1.445,1.602,2.904
1976.678,-1.436,1.603,2.903
1976.789,-1.421,1.607,2.903
1976.899,-1.405,1.608,2.904
1977.011,-1.389,1.610,2.901
1977.122,-1.377,1.609,2.897
1977.233,-1.370,1.609,2.893
1977.344,-1.368,1.607,2.891
1977.455,-1.368,1.606,2.892
1977.566,-1.374,1.599,2.895
1977.677,-1.382,1.593,2.904
1977.788,-1.388,1.593,2.913
1977.899,-1.387,1.599,2.913
1978.010,-1.383,1.604,2.906
1978.122,-1.379,1.606,2.897
1978.233,-1.376,1.604,2.891
1978.344,-1.372,1.602,2.890
1978.455,-1.370,1.601,2.892
1978.566,-1.370,1.600,2.894
1978.677,-1.371,1.604,2.895
1978.789,-1.375,1.606,2.898
1978.900,-1.381,1.602,2.900
1979.012,-1.387,1.594,2.900
1979.123,-1.391,1.586,2.902
1979.233,-1.392,1.580,2.906
1979.341,-1.387,1.578,2.911
1979.453,-1.377,1.577,2.918
1979.564,-1.363,1.575,2.924
1979.675,-1.348,1.572,2.928
1979.787,-1.333,1.573,2.928
1979.899,-1.324,1.574,2.924
1980.009,-1.318,1.574,2.920
1980.121,-1.310,1.573,2.917
1980.232,-1.305,1.572,2.916
1980.343,-1.307,1.569,2.915
1980.454,-1.315,1.567,2.913
1980.565,-1.326,1.567,2.909
1980.677,-1.336,1.566,2.905
1980.788,-1.343,1.565,2.902
1980.898,-1.351,1.564,2.898
1981.010,-1.359,1.564,2.894
1981.121,-1.367,1.563,2.890
1981.232,-1.375,1.563,2.890
1981.344,-1.382,1.563,2.892
1981.455,-1.389,1.564,2.895
1981.565,-1.398,1.565,2.897
1981.677,-1.404,1.564,2.898
1981.788,-1.408,1.565,2.900
1981.899,-1.411,1.567,2.900
1982.010,-1.413,1.566,2.902
1982.121,-1.412,1.565,2.903
1982.233,-1.410,1.565,2.906
1982.344,-1.409,1.565,2.907
1982.455,-1.409,1.565,2.908
1982.566,-1.410,1.564,2.908
1982.677,-1.411,1.565,2.908
1982.788,-1.412,1.565,2.908
1982.899,-1.414,1.564,2.908
1983.011,-1.416,1.564,2.907
1983.122,-1.417,1.564,2.905
1983.233,-1.419,1.564,2.903
1983.344,-1.422,1.564,2.900
1983.456,-1.425,1.565,2.897
1983.566,-1.428,1.565,2.895
1983.677,-1.431,1.565,2.894
1983.789,-1.434,1.565,2.893
1983.899,-1.436,1.565,2.892
1984.010,-1.436,1.566,2.892
1984.122,-1.433,1.566,2.891
1984.233,-1.430,1.567,2.889
1984.344,-1.427,1.568,2.887
1984.456,-1.423,1.570,2.883
1984.566,-1.417,1.573,2.877
1984.678,-1.406,1.577,2.868
1984.789,-1.389,1.573,2.857
1984.901,-1.371,1.566,2.841
1985.011,-1.352,1.563,2.823
1985.123,-1.330,1.567,2.801
1985.234,-1.307,1.577,2.776
1985.345,-1.285,1.588,2.752
1985.456,-1.263,1.595,2.730
1985.567,-1.246,1.594,2.711
1985.678,-1.235,1.593,2.697
1985.789,-1.229,1.592,2.686
1985.900,-1.227,1.592,2.681
1986.011,-1.226,1.591,2.679
1986.122,-1.226,1.591,2.681
1986.233,-1.227,1.591,2.687
1986.344,-1.228,1.593,2.695
1986.455,-1.230,1.596,2.709
1986.567,-1.234,1.595,2.731
1986.678,-1.243,1.590,2.767
1986.790,-1.260,1.583,2.815
1986.900,-1.284,1.582,2.874
1987.012,-1.310,1.580,2.929
1987.123,-1.331,1.582,2.975
1987.234,-1.341,1.585,3.011
1987.345,-1.331,1.583,3.043
1987.456,-1.305,1.573,3.072
1987.568,-1.261,1.563,3.098
1987.678,-1.200,1.563,3.125
1987.790,-1.125,1.577,3.150
1987.901,-1.055,1.579,3.174
1988.012,-0.985,1.575,3.195
1988.124,-0.910,1.570,3.213
1988.234,-0.826,1.560,3.231
1988.345,-0.736,1.545,3.250
1988.457,-0.635,1.541,3.270
1988.568,-0.531,1.554,3.283
1988.679,-0.433,1.558,3.282
1988.790,-0.342,1.555,3.267
1988.902,-0.252,1.545,3.241
1989.012,-0.159,1.524,3.207
1989.123,-0.056,1.508,3.159
1989.235,0.047,1.501,3.113
1989.345,0.131,1.490,3.080
1989.457,0.184,1.482,3.059
1989.568,0.209,1.482,3.049
1989.679,0.213,1.488,3.053
1989.790,0.200,1.495,3.070
1989.901,0.176,1.502,3.098
1990.012,0.139,1.510,3.136
1990.123,0.092,1.519,3.172
1990.234,0.040,1.530,3.196
1990.345,-0.019,1.542,3.213
1990.456,-0.084,1.556,3.224
1990.568,-0.162,1.572,3.228
1990.679,-0.254,1.590,3.235
1990.790,-0.351,1.598,3.240
1990.901,-0.444,1.602,3.238
1991.012,-0.528,1.607,3.236
1991.123,-0.596,1.611,3.231
1991.233,-0.657,1.614,3.217
1991.344,-0.711,1.611,3.192
1991.456,-0.764,1.602,3.156
1991.566,-0.818,1.595,3.109
1991.677,-0.872,1.603,3.054
1991.789,-0.923,1.620,2.999
1991.900,-0.966,1.632,2.951
1992.012,-1.005,1.639,2.916
1992.123,-1.040,1.643,2.895
1992.234,-1.071,1.643,2.890
1992.348,-1.098,1.639,2.903
1992.455,-1.121,1.635,2.931
1992.566,-1.143,1.633,2.966
1992.677,-1.162,1.632,2.998
1992.789,-1.175,1.632,3.021
1992.899,-1.181,1.630,3.035
1993.011,-1.181,1.632,3.032
1993.121,-1.174,1.635,3.015
1993.233,-1.163,1.639,2.984
1993.344,-1.150,1.648,2.943
1993.455,-1.135,1.654,2.895
1993.566,-1.120,1.656,2.847
1993.678,-1.104,1.656,2.806
1993.789,-1.089,1.655,2.775
1993.900,-1.079,1.652,2.752
1994.011,-1.071,1.647,2.740
1994.122,-1.069,1.643,2.739
1994.233,-1.072,1.638,2.748
1994.344,-1.080,1.634,2.769
1994.455,-1.092,1.630,2.800
1994.566,-1.107,1.627,2.840
1994.677,-1.126,1.623,2.889
1994.788,-1.148,1.620,2.945
1994.899,-1.172,1.620,3.002
1995.010,-1.189,1.618,3.052
1995.122,-1.200,1.614,3.092
1995.233,-1.207,1.606,3.121
1995.344,-1.220,1.598,3.147
1995.455,-1.247,1.592,3.173
1995.566,-1.284,1.587,3.200
1995.677,-1.330,1.579,3.232
1995.788,-1.388,1.576,3.272
1995.899,-1.464,1.589,3.328
1996.010,-1.537,1.602,3.398
1996.121,-1.592,1.602,3.476
1996.233,-1.630,1.599,3.555
1996.344,-1.661,1.589,3.633
1996.455,-1.683,1.572,3.715
1996.566,-1.705,1.565,3.796
1996.677,-1.732,1.573,3.872
1996.788,-1.763,1.572,3.934
1996.899,-1.792,1.570,3.982
1997.010,-1.823,1.564,4.016
1997.122,-1.860,1.555,4.034
1997.233,-1.911,1.555,4.040
1997.344,-1.970,1.548,4.038
1997.456,-2.024,1.530,4.038
1997.566,-2.064,1.507,4.040
1997.678,-2.089,1.483,4.037
1997.789,-2.096,1.451,4.037
1997.900,-2.086,1.429,4.045
1998.011,-2.064,1.417,4.060
1998.123,-2.041,1.402,4.070
1998.233,-2.030,1.382,4.068
1998.344,-2.031,1.338,4.047
1998.456,-2.038,1.266,4.006
1998.567,-2.048,1.162,3.964
1998.678,-2.051,1.036,3.929
1998.789,-2.044,0.908,3.897
1998.900,-2.036,0.807,3.870
1999.010,-2.028,0.743,3.849
1999.122,-2.025,0.727,3.834
1999.233,-2.031,0.753,3.823
1999.344,-2.038,0.792,3.818
1999.455,-2.045,0.832,3.814
1999.566,-2.054,0.845,3.813
1999.677,-2.063,0.812,3.825
1999.788,-2.078,0.757,3.833
1999.899,-2.092,0.704,3.841
2000.011,-2.102,0.677,3.841
2000.122,-2.106,0.695,3.833
2000.233,-2.105,0.751,3.818
2000.344,-2.103,0.820,3.805
2000.455,-2.098,0.888,3.795
2000.567,-2.095,0.948,3.789
2000.677,-2.088,0.996,3.788
2000.789,-2.079,1.034,3.789
2000.896,-2.068,1.073,3.779
2001.008,-2.052,1.128,3.754
2001.120,-2.030,1.193,3.726
2001.230,-2.003,1.274,3.704
2001.342,-1.969,1.365,3.692
2001.454,-1.933,1.450,3.672
2001.565,-1.891,1.511,3.646
2001.677,-1.856,1.548,3.622
2001.777,-1.838,1.570,3.595
2001.885,-1.824,1.591,3.548
2001.996,-1.809,1.607,3.488
2002.107,-1.787,1.611,3.428
2002.219,-1.759,1.613,3.367
2002.329,-1.727,1.606,3.305
2002.441,-1.688,1.593,3.244
2002.553,-1.639,1.599,3.185
2002.664,-1.592,1.614,3.130
2002.775,-1.555,1.617,3.081
2002.886,-1.533,1.616,3.044
2002.997,-1.519,1.614,3.014
2003.109,-1.510,1.612,2.988
2003.220,-1.506,1.611,2.966
2003.330,-1.506,1.611,2.949
2003.442,-1.511,1.613,2.931
2003.554,-1.513,1.612,2.916
2003.664,-1.519,1.611,2.900
2003.775,-1.525,1.608,2.886
2003.886,-1.533,1.604,2.873
2003.997,-1.541,1.605,2.861
2004.108,-1.545,1.604,2.853
2004.219,-1.549,1.606,2.845
2004.330,-1.557,1.610,2.836
2004.441,-1.569,1.614,2.831
2004.553,-1.584,1.620,2.826
2004.664,-1.598,1.623,2.822
2004.775,-1.611,1.623,2.817
2004.886,-1.621,1.624,2.812
2004.997,-1.627,1.628,2.805
2005.108,-1.631,1.629,2.799
2005.220,-1.633,1.627,2.794
2005.331,-1.635,1.623,2.789
2005.442,-1.639,1.620,2.786
2005.553,-1.639,1.614,2.782
2005.664,-1.639,1.609,2.778
2005.775,-1.638,1.607,2.774
2005.886,-1.636,1.605,2.770
2005.996,-1.630,1.605,2.773
2006.108,-1.617,1.603,2.787
2006.219,-1.600,1.602,2.816
2006.331,-1.579,1.607,2.857
2006.442,-1.554,1.611,2.905
2006.553,-1.524,1.613,2.958
2006.665,-1.490,1.613,3.019
2006.776,-1.460,1.609,3.088
2006.887,-1.439,1.604,3.155
2006.998,-1.422,1.607,3.217
2007.109,-1.406,1.609,3.272
2007.220,-1.388,1.607,3.327
2007.330,-1.362,1.602,3.383
2007.441,-1.329,1.592,3.443
2007.552,-1.291,1.595,3.510
2007.663,-1.255,1.607,3.580
2007.774,-1.225,1.614,3.651
2007.886,-1.209,1.619,3.721
2007.996,-1.201,1.618,3.794
2008.108,-1.201,1.605,3.875
2008.220,-1.209,1.588,3.967
2008.331,-1.223,1.577,4.064
2008.442,-1.236,1.577,4.160
2008.554,-1.253,1.613,4.245
2008.665,-1.276,1.698,4.304
2008.775,-1.290,1.733,4.339
2008.887,-1.306,1.716,4.363
2008.998,-1.316,1.705,4.379
2009.109,-1.325,1.694,4.393
2009.220,-1.329,1.681,4.403
2009.331,-1.329,1.664,4.405
2009.442,-1.324,1.650,4.405
2009.554,-1.311,1.636,4.404
2009.664,-1.289,1.627,4.405
2009.775,-1.260,1.625,4.409
2009.886,-1.236,1.629,4.417
2009.996,-1.219,1.632,4.434
2010.108,-1.215,1.629,4.447
2010.219,-1.229,1.624,4.444
2010.330,-1.259,1.618,4.416
2010.441,-1.294,1.615,4.366
2010.553,-1.326,1.618,4.302
2010.664,-1.350,1.617,4.232
2010.775,-1.365,1.616,4.167
2010.887,-1.376,1.612,4.109
2010.998,-1.393,1.613,4.056
2011.109,-1.412,1.609,4.000
2011.220,-1.433,1.603,3.941
2011.331,-1.459,1.596,3.879
2011.442,-1.494,1.592,3.810
2011.554,-1.534,1.601,3.734
2011.665,-1.573,1.601,3.652
2011.776,-1.605,1.575,3.567
2011.887,-1.623,1.528,3.488
2011.998,-1.616,1.494,3.413
2012.109,-1.583,1.476,3.347
2012.220,-1.535,1.472,3.289
2012.331,-1.487,1.482,3.246
2012.442,-1.460,1.485,3.224
2012.553,-1.460,1.487,3.211
2012.664,-1.484,1.493,3.200
2012.775,-1.538,1.491,3.185
2012.885,-1.607,1.495,3.162
2012.996,-1.669,1.515,3.134
2013.107,-1.710,1.529,3.110
2013.218,-1.735,1.540,3.090
2013.330,-1.739,1.559,3.063
2013.441,-1.730,1.579,3.017
2013.554,-1.732,1.607,2.958
2013.665,-1.763,1.622,2.915
2013.776,-1.801,1.631,2.895
2013.887,-1.824,1.633,2.890
2013.998,-1.838,1.630,2.888
2014.109,-1.852,1.624,2.885
2014.220,-1.867,1.620,2.879
2014.331,-1.881,1.618,2.867
2014.443,-1.895,1.617,2.849
2014.554,-1.908,1.616,2.833
2014.664,-1.917,1.615,2.826
2014.776,-1.921,1.617,2.833
2014.886,-1.920,1.621,2.854
2014.998,-1.913,1.622,2.885
2015.109,-1.904,1.620,2.919
2015.220,-1.895,1.620,2.937
2015.330,-1.886,1.621,2.938
2015.442,-1.874,1.622,2.934
2015.553,-1.871,1.610,2.942
2015.664,-1.868,1.594,2.959
2015.775,-1.861,1.598,2.962
2015.886,-1.853,1.603,2.956
2015.998,-1.849,1.611,2.949
2016.109,-1.840,1.620,2.941
2016.220,-1.824,1.627,2.944
2016.331,-1.808,1.630,2.973
2016.443,-1.813,1.626,3.022
2016.553,-1.840,1.618,3.062
2016.664,-1.862,1.614,3.082
2016.774,-1.874,1.610,3.095
2016.884,-1.873,1.607,3.107
2016.996,-1.867,1.606,3.116
2017.107,-1.862,1.606,3.121
2017.218,-1.857,1.607,3.123
2017.329,-1.838,1.606,3.115
2017.443,-1.807,1.605,3.088
2017.552,-1.785,1.611,3.046
2017.664,-1.780,1.615,3.007
2017.776,-1.786,1.614,2.978
2017.887,-1.795,1.612,2.953
2017.998,-1.803,1.609,2.935
2018.109,-1.805,1.610,2.926
2018.220,-1.804,1.611,2.921
2018.330,-1.797,1.612,2.919
2018.441,-1.786,1.613,2.921
2018.552,-1.769,1.613,2.928
2018.664,-1.751,1.613,2.939
2018.774,-1.733,1.612,2.950
2018.885,-1.719,1.610,2.960
2018.996,-1.705,1.612,2.969
2019.108,-1.692,1.614,2.977
2019.219,-1.680,1.612,2.985
2019.330,-1.669,1.607,2.991
2019.441,-1.658,1.603,2.996
2019.553,-1.649,1.600,2.998
2019.664,-1.639,1.597,2.996
2019.775,-1.628,1.596,2.988
2019.886,-1.616,1.595,2.971
2019.998,-1.605,1.593,2.946
2020.109,-1.596,1.593,2.915
2020.220,-1.588,1.598,2.877
2020.331,-1.579,1.599,2.841
2020.442,-1.569,1.602,2.808
2020.553,-1.558,1.604,2.782
2020.664,-1.549,1.604,2.760
2020.776,-1.542,1.606,2.741
2020.882,-1.541,1.604,2.727
2020.994,-1.545,1.601,2.717
2021.106,-1.547,1.600,2.709
2021.218,-1.549,1.599,2.703
2021.328,-1.551,1.597,2.701
2021.440,-1.548,1.597,2.698
2021.551,-1.539,1.597,2.694
2021.662,-1.525,1.599,2.689
2021.773,-1.510,1.601,2.683
2021.885,-1.495,1.603,2.672
2021.995,-1.477,1.604,2.654
2022.107,-1.457,1.605,2.628
2022.218,-1.432,1.603,2.605
2022.329,-1.408,1.597,2.593
2022.440,-1.393,1.594,2.599
2022.552,-1.385,1.597,2.622
2022.663,-1.380,1.603,2.659
2022.774,-1.375,1.609,2.705
2022.885,-1.367,1.612,2.757
2022.996,-1.355,1.611,2.822
2023.108,-1.340,1.608,2.897
2023.219,-1.331,1.603,2.974
2023.330,-1.326,1.601,3.043
2023.441,-1.323,1.597,3.103
2023.552,-1.318,1.589,3.158
2023.663,-1.308,1.582,3.209
2023.774,-1.292,1.577,3.258
2023.883,-1.268,1.580,3.307
2023.994,-1.241,1.595,3.355
2024.105,-1.226,1.602,3.399
2024.217,-1.220,1.611,3.447
2024.328,-1.222,1.618,3.491
2024.439,-1.231,1.624,3.531
2024.551,-1.247,1.629,3.559
2024.661,-1.276,1.640,3.577
2024.772,-1.321,1.644,3.585
2024.883,-1.374,1.647,3.579
2024.995,-1.430,1.641,3.564
2025.106,-1.479,1.633,3.542
2025.218,-1.521,1.637,3.522
2025.328,-1.557,1.635,3.505
2025.440,-1.588,1.631,3.491
2025.552,-1.611,1.626,3.480
2025.663,-1.619,1.625,3.470
2025.774,-1.616,1.622,3.464
2025.886,-1.610,1.622,3.457
2025.997,-1.603,1.623,3.452
2026.108,-1.581,1.620,3.458
2026.219,-1.546,1.612,3.486
2026.330,-1.513,1.600,3.538
2026.441,-1.489,1.590,3.606
2026.553,-1.470,1.584,3.678
2026.663,-1.449,1.578,3.749
2026.774,-1.429,1.564,3.816
2026.885,-1.404,1.555,3.878
2026.996,-1.371,1.546,3.938
2027.107,-1.329,1.531,3.999
2027.217,-1.276,1.509,4.061
2027.328,-1.203,1.479,4.129
2027.440,-1.108,1.432,4.209
2027.551,-1.004,1.363,4.303
2027.662,-0.922,1.265,4.385
2027.774,-0.864,1.147,4.453
2027.885,-0.826,1.028,4.499
2027.997,-0.802,0.918,4.529
2028.108,-0.789,0.836,4.548
2028.220,-0.781,0.785,4.560
2028.331,-0.776,0.766,4.567
2028.442,-0.776,0.786,4.571
2028.553,-0.777,0.839,4.574
2028.664,-0.786,0.890,4.571
2028.776,-0.793,0.955,4.563
2028.887,-0.798,1.038,4.551
2028.997,-0.807,1.137,4.532
2029.108,-0.822,1.245,4.504
2029.219,-0.847,1.345,4.468
2029.330,-0.876,1.429,4.425
2029.441,-0.903,1.491,4.380
2029.552,-0.923,1.533,4.341
2029.664,-0.938,1.558,4.308
2029.775,-0.946,1.579,4.278
2029.887,-0.950,1.601,4.253
2029.998,-0.955,1.613,4.237
2030.109,-0.960,1.620,4.229
2030.220,-0.964,1.625,4.228
2030.328,-0.967,1.628,4.232
2030.440,-0.973,1.624,4.242
2030.552,-0.980,1.624,4.251
2030.663,-0.990,1.624,4.261
2030.774,-1.002,1.624,4.270
2030.885,-1.016,1.628,4.275
2030.996,-1.036,1.631,4.272
2031.107,-1.061,1.633,4.260
2031.218,-1.089,1.628,4.244
2031.329,-1.119,1.630,4.214
2031.441,-1.154,1.629,4.177
2031.552,-1.187,1.627,4.137
2031.665,-1.217,1.625,4.100
2031.774,-1.244,1.623,4.066
2031.882,-1.268,1.612,4.035
2031.994,-1.296,1.609,4.003
2032.105,-1.323,1.610,3.974
2032.217,-1.346,1.611,3.949
2032.328,-1.365,1.608,3.928
2032.439,-1.380,1.608,3.911
2032.551,-1.395,1.609,3.896
2032.662,-1.408,1.605,3.881
2032.773,-1.418,1.601,3.877
2032.884,-1.428,1.599,3.886
2032.995,-1.439,1.595,3.905
2033.106,-1.452,1.589,3.934
2033.217,-1.465,1.586,3.971
2033.328,-1.478,1.585,4.013
2033.440,-1.482,1.585,4.058
2033.550,-1.481,1.584,4.100
2033.662,-1.482,1.584,4.140
2033.773,-1.486,1.581,4.179
2033.884,-1.494,1.580,4.217
2033.995,-1.510,1.578,4.258
2034.106,-1.528,1.577,4.306
2034.218,-1.545,1.581,4.355
2034.329,-1.564,1.591,4.409
2034.440,-1.583,1.595,4.462
2034.552,-1.597,1.593,4.511
2034.663,-1.606,1.593,4.557
2034.774,-1.611,1.590,4.602
2034.885,-1.611,1.585,4.650
2034.995,-1.606,1.572,4.703
2035.107,-1.595,1.561,4.761
2035.218,-1.578,1.554,4.827
2035.329,-1.555,1.561,4.899
2035.441,-1.531,1.570,4.972
2035.552,-1.511,1.568,5.045
2035.663,-1.503,1.563,5.117
2035.774,-1.508,1.553,5.191
2035.885,-1.524,1.536,5.271
2035.996,-1.543,1.516,5.365
2036.107,-1.557,1.507,5.474
2036.218,-1.565,1.498,5.594
2036.329,-1.564,1.464,5.704
2036.441,-1.554,1.420,5.791
2036.552,-1.537,1.373,5.863
2036.664,-1.518,1.324,5.917
2036.775,-1.497,1.288,5.958
2036.886,-1.477,1.262,5.986
2036.997,-1.458,1.244,6.002
2037.109,-1.443,1.233,6.011
2037.220,-1.430,1.227,6.017
2037.331,-1.418,1.223,6.021
2037.442,-1.409,1.219,6.022
2037.553,-1.403,1.213,6.020
2037.665,-1.399,1.208,6.018
2037.776,-1.396,1.203,6.016
2037.887,-1.394,1.200,6.013
2037.998,-1.393,1.200,6.010
2038.109,-1.393,1.201,6.008
2038.220,-1.393,1.202,6.005
2038.331,-1.393,1.204,6.003
2038.442,-1.393,1.209,5.999
2038.553,-1.392,1.214,5.993
2038.665,-1.390,1.218,5.985
2038.776,-1.389,1.220,5.977
2038.887,-1.388,1.219,5.971
2038.998,-1.387,1.215,5.967
2039.109,-1.388,1.212,5.964
2039.220,-1.389,1.212,5.963
2039.331,-1.390,1.214,5.963
2039.443,-1.391,1.215,5.963
2039.553,-1.392,1.215,5.964
2039.665,-1.393,1.215,5.964
2039.776,-1.393,1.216,5.962
2039.887,-1.393,1.216,5.960
2039.998,-1.392,1.217,5.957
2040.109,-1.391,1.217,5.954
2040.220,-1.391,1.217,5.952
2040.331,-1.394,1.219,5.952
2040.442,-1.397,1.227,5.954
2040.553,-1.399,1.244,5.955
2040.665,-1.401,1.277,5.951
2040.776,-1.406,1.328,5.937
2040.884,-1.410,1.393,5.912
2040.995,-1.414,1.462,5.877
2041.107,-1.416,1.525,5.836
2041.219,-1.421,1.570,5.788
2041.331,-1.428,1.597,5.742
2041.441,-1.437,1.612,5.702
2041.553,-1.449,1.621,5.672
2041.664,-1.464,1.622,5.653
2041.776,-1.483,1.620,5.647
2041.886,-1.499,1.625,5.644
2041.997,-1.517,1.621,5.634
2042.108,-1.539,1.616,5.614
2042.219,-1.561,1.612,5.585
2042.329,-1.586,1.606,5.549
2042.441,-1.610,1.608,5.505
2042.551,-1.631,1.614,5.458
2042.663,-1.645,1.615,5.411
2042.774,-1.659,1.611,5.361
2042.885,-1.668,1.601,5.310
2042.996,-1.672,1.596,5.257
2043.107,-1.667,1.590,5.200
2043.219,-1.659,1.590,5.140
2043.329,-1.648,1.601,5.079
2043.441,-1.634,1.610,5.014
2043.552,-1.628,1.617,4.953
2043.663,-1.624,1.617,4.891
2043.774,-1.619,1.611,4.830
2043.885,-1.622,1.606,4.771
2043.997,-1.628,1.602,4.712
2044.108,-1.640,1.596,4.652
2044.219,-1.654,1.607,4.588
2044.331,-1.658,1.617,4.524
2044.442,-1.660,1.619,4.466
2044.553,-1.656,1.619,4.414
2044.664,-1.649,1.617,4.366
2044.776,-1.639,1.615,4.321
2044.886,-1.627,1.610,4.279
2044.998,-1.610,1.611,4.239
2045.110,-1.589,1.614,4.199
2045.220,-1.567,1.614,4.160
2045.330,-1.544,1.613,4.118
2045.441,-1.525,1.609,4.073
2045.553,-1.509,1.609,4.021
2045.664,-1.494,1.607,3.965
2045.776,-1.479,1.601,3.904
2045.887,-1.464,1.596,3.838
2045.997,-1.447,1.603,3.769
2046.109,-1.425,1.610,3.694
2046.220,-1.400,1.609,3.621
2046.331,-1.374,1.608,3.553
2046.442,-1.340,1.608,3.496
2046.553,-1.303,1.602,3.447
2046.665,-1.267,1.600,3.402
2046.776,-1.229,1.612,3.360
2046.886,-1.196,1.622,3.323
2046.998,-1.169,1.625,3.292
2047.109,-1.154,1.627,3.262
2047.220,-1.143,1.626,3.237
2047.332,-1.132,1.624,3.222
2047.442,-1.125,1.624,3.206
2047.553,-1.126,1.625,3.192
2047.664,-1.129,1.624,3.181
2047.775,-1.133,1.623,3.173
2047.886,-1.138,1.622,3.170
2047.997,-1.144,1.619,3.168
2048.109,-1.150,1.617,3.167
2048.220,-1.151,1.616,3.168
2048.331,-1.150,1.618,3.170
2048.442,-1.151,1.618,3.173
2048.553,-1.154,1.618,3.173
2048.664,-1.153,1.616,3.172
2048.776,-1.153,1.611,3.173
2048.887,-1.154,1.609,3.172
2048.998,-1.154,1.607,3.174
2049.109,-1.153,1.608,3.174
2049.220,-1.153,1.609,3.172
2049.331,-1.151,1.608,3.172
2049.443,-1.147,1.605,3.169
2049.553,-1.144,1.604,3.162
2049.665,-1.135,1.609,3.157
2049.776,-1.118,1.613,3.151
2049.887,-1.094,1.613,3.140
2049.998,-1.069,1.604,3.123
2050.109,-1.048,1.599,3.097
2050.220,-1.027,1.598,3.068
2050.332,-1.008,1.595,3.031
2050.443,-0.989,1.588,2.985
2050.553,-0.968,1.583,2.923
2050.665,-0.940,1.600,2.851
2050.776,-0.908,1.607,2.776
2050.887,-0.869,1.605,2.697
2050.999,-0.824,1.595,2.614
2051.109,-0.772,1.579,2.528
2051.221,-0.713,1.568,2.440
2051.331,-0.657,1.581,2.351
2051.442,-0.613,1.587,2.268
2051.553,-0.583,1.589,2.186
2051.665,-0.559,1.587,2.102
2051.776,-0.538,1.577,2.014
2051.887,-0.517,1.575,1.918
2051.998,-0.493,1.592,1.816
2052.109,-0.457,1.601,1.721
2052.221,-0.411,1.604,1.638
2052.332,-0.360,1.595,1.568
2052.443,-0.302,1.578,1.506
2052.554,-0.238,1.577,1.446
2052.665,-0.185,1.580,1.390
2052.777,-0.140,1.585,1.338
2052.887,-0.098,1.587,1.288
2052.998,-0.059,1.582,1.239
2053.110,-0.018,1.577,1.189
2053.221,0.022,1.581,1.141
2053.332,0.055,1.587,1.101
2053.443,0.072,1.587,1.070
2053.554,0.074,1.589,1.048
2053.665,0.065,1.593,1.033
2053.776,0.045,1.600,1.023
2053.887,0.023,1.603,1.017
2053.999,0.001,1.605,1.008
2054.110,-0.015,1.607,1.000
2054.221,-0.023,1.607,0.994
2054.332,-0.018,1.606,0.990
2054.443,0.002,1.608,0.985
2054.554,0.031,1.610,0.972
2054.665,0.057,1.611,0.952
2054.777,0.074,1.610,0.922
2054.888,0.071,1.615,0.886
2054.999,0.044,1.615,0.857
2055.110,0.008,1.608,0.849
2055.221,-0.026,1.602,0.852
2055.332,-0.059,1.607,0.850
2055.443,-0.098,1.610,0.851
2055.554,-0.141,1.605,0.848
2055.665,-0.182,1.608,0.839
2055.776,-0.214,1.617,0.831
2055.888,-0.234,1.649,0.833
2055.999,-0.244,1.668,0.855
2056.110,-0.245,1.671,0.870
2056.222,-0.245,1.670,0.877
2056.333,-0.246,1.669,0.876
2056.444,-0.253,1.661,0.871
2056.554,-0.260,1.654,0.868
2056.665,-0.263,1.647,0.867
2056.777,-0.262,1.640,0.871
2056.888,-0.261,1.636,0.875
2056.999,-0.260,1.632,0.879
2057.110,-0.259,1.633,0.885
2057.221,-0.258,1.633,0.889
2057.333,-0.255,1.638,0.890
2057.443,-0.251,1.642,0.888
2057.555,-0.247,1.637,0.887
2057.666,-0.245,1.635,0.883
2057.777,-0.241,1.636,0.880
2057.888,-0.238,1.635,0.877
2057.999,-0.235,1.631,0.874
2058.110,-0.234,1.627,0.869
2058.221,-0.236,1.624,0.863
2058.333,-0.236,1.617,0.854
2058.444,-0.233,1.611,0.844
2058.554,-0.234,1.606,0.829
2058.666,-0.240,1.603,0.811
2058.777,-0.246,1.598,0.791
2058.888,-0.250,1.588,0.773
2059.000,-0.247,1.575,0.754
2059.110,-0.237,1.568,0.732
2059.221,-0.225,1.566,0.700
2059.333,-0.210,1.558,0.664
2059.444,-0.191,1.557,0.626
2059.555,-0.174,1.560,0.585
2059.666,-0.165,1.561,0.548
2059.777,-0.160,1.564,0.519
2059.888,-0.154,1.564,0.499
2059.999,-0.148,1.557,0.484
2060.110,-0.143,1.552,0.470
2060.222,-0.138,1.545,0.463
2060.332,-0.131,1.542,0.457
2060.444,-0.122,1.540,0.452
2060.554,-0.117,1.539,0.452
2060.666,-0.118,1.542,0.452
2060.777,-0.130,1.549,0.451
2060.888,-0.161,1.558,0.456
2061.000,-0.204,1.565,0.472
2061.110,-0.257,1.571,0.497
2061.222,-0.321,1.576,0.532
2061.332,-0.389,1.580,0.576
2061.444,-0.455,1.582,0.620
2061.555,-0.516,1.586,0.658
2061.666,-0.573,1.588,0.686
2061.777,-0.631,1.587,0.706
2061.888,-0.695,1.582,0.718
2061.999,-0.766,1.572,0.721
2062.110,-0.845,1.564,0.716
2062.221,-0.931,1.571,0.705
2062.332,-1.016,1.585,0.697
2062.444,-1.095,1.592,0.698
2062.555,-1.168,1.593,0.705
2062.666,-1.237,1.587,0.718
2062.777,-1.307,1.577,0.739
2062.888,-1.382,1.570,0.768
2062.999,-1.463,1.566,0.804
2063.110,-1.549,1.569,0.847
2063.221,-1.634,1.577,0.889
2063.332,-1.705,1.580,0.927
2063.443,-1.761,1.579,0.955
2063.554,-1.804,1.575,0.975
2063.665,-1.837,1.570,0.986
2063.776,-1.861,1.567,0.993
2063.887,-1.880,1.565,0.996
2063.998,-1.893,1.563,0.997
2064.110,-1.904,1.562,0.997
2064.221,-1.912,1.560,0.997
2064.332,-1.919,1.558,0.998
2064.443,-1.923,1.557,0.998
2064.554,-1.927,1.556,0.999
2064.666,-1.930,1.555,0.999
2064.776,-1.933,1.552,1.000
2064.887,-1.935,1.548,1.002
2064.999,-1.938,1.546,0.995
2065.109,-1.937,1.545,0.980
2065.221,-1.924,1.551,0.950
2065.332,-1.890,1.563,0.903
2065.444,-1.823,1.574,0.860
2065.555,-1.743,1.582,0.834
2065.666,-1.664,1.588,0.817
2065.777,-1.589,1.590,0.804
2065.888,-1.515,1.590,0.793
2066.000,-1.443,1.583,0.786
2066.110,-1.380,1.580,0.782
2066.221,-1.327,1.580,0.776
2066.330,-1.281,1.577,0.769
2066.442,-1.241,1.575,0.760
2066.553,-1.205,1.569,0.743
2066.665,-1.177,1.560,0.714
2066.776,-1.152,1.550,0.677
2066.887,-1.125,1.546,0.636
2066.998,-1.098,1.547,0.600
2067.109,-1.074,1.549,0.570
2067.220,-1.062,1.552,0.553
2067.332,-1.058,1.553,0.551
2067.443,-1.067,1.557,0.569
2067.554,-1.082,1.563,0.595
2067.665,-1.102,1.565,0.629
2067.777,-1.119,1.570,0.657
2067.887,-1.141,1.573,0.675
2067.998,-1.169,1.576,0.689
2068.110,-1.202,1.575,0.693
2068.221,-1.242,1.572,0.684
2068.332,-1.295,1.567,0.661
2068.443,-1.365,1.558,0.626
2068.554,-1.454,1.551,0.576
2068.666,-1.557,1.551,0.515
2068.777,-1.651,1.547,0.458
2068.887,-1.723,1.536,0.413
2068.999,-1.773,1.522,0.380
2069.110,-1.802,1.516,0.357
2069.221,-1.810,1.513,0.338
2069.331,-1.798,1.513,0.327
2069.443,-1.773,1.516,0.327
2069.554,-1.748,1.520,0.337
2069.665,-1.724,1.529,0.352
2069.777,-1.700,1.540,0.372
2069.887,-1.673,1.552,0.392
2069.999,-1.643,1.562,0.417
2070.110,-1.608,1.572,0.444
2070.221,-1.571,1.578,0.470
2070.332,-1.538,1.582,0.495
2070.443,-1.513,1.583,0.516
2070.555,-1.499,1.584,0.532
2070.666,-1.499,1.585,0.546
2070.777,-1.517,1.584,0.563
2070.888,-1.545,1.582,0.590
2070.999,-1.577,1.580,0.620
2071.110,-1.614,1.577,0.655
2071.221,-1.654,1.574,0.692
2071.332,-1.695,1.571,0.728
2071.443,-1.733,1.567,0.764
2071.555,-1.768,1.564,0.799
2071.666,-1.796,1.561,0.825
2071.776,-1.821,1.562,0.832
2071.887,-1.840,1.565,0.813
2071.999,-1.842,1.562,0.779
2072.110,-1.835,1.563,0.736
2072.221,-1.827,1.562,0.682
2072.332,-1.818,1.559,0.619
2072.443,-1.810,1.556,0.558
2072.555,-1.804,1.555,0.506
2072.667,-1.801,1.551,0.467
2072.777,-1.803,1.551,0.441
2072.888,-1.807,1.552,0.427
2072.999,-1.811,1.550,0.422
2073.111,-1.812,1.556,0.421
2073.222,-1.804,1.561,0.423
2073.333,-1.790,1.563,0.434
2073.444,-1.768,1.564,0.449
2073.554,-1.737,1.563,0.466
2073.665,-1.699,1.563,0.481
2073.776,-1.653,1.563,0.493
2073.888,-1.602,1.563,0.500
2073.999,-1.555,1.564,0.505
2074.110,-1.518,1.568,0.510
2074.221,-1.497,1.566,0.516
2074.332,-1.490,1.566,0.523
2074.444,-1.497,1.567,0.535
2074.555,-1.518,1.569,0.554
2074.666,-1.551,1.571,0.580
2074.777,-1.588,1.573,0.614
2074.888,-1.626,1.573,0.653
2074.999,-1.664,1.573,0.698
2075.110,-1.698,1.572,0.744
2075.222,-1.728,1.575,0.787
2075.333,-1.754,1.578,0.825
2075.443,-1.776,1.577,0.859
2075.554,-1.792,1.574,0.887
2075.666,-1.804,1.571,0.907
2075.777,-1.810,1.570,0.921
2075.888,-1.812,1.569,0.930
2075.999,-1.812,1.568,0.935
2076.110,-1.810,1.568,0.938
2076.222,-1.808,1.569,0.938
2076.333,-1.805,1.569,0.936
2076.443,-1.802,1.570,0.934
2076.555,-1.801,1.570,0.936
2076.666,-1.807,1.569,0.949
2076.777,-1.813,1.564,0.971
2076.888,-1.821,1.559,0.996
2076.999,-1.828,1.553,1.018
2077.110,-1.835,1.546,1.035
2077.221,-1.843,1.540,1.050
2077.332,-1.851,1.536,1.061
2077.443,-1.859,1.533,1.069
2077.554,-1.864,1.531,1.072
2077.666,-1.868,1.530,1.072
2077.777,-1.870,1.531,1.070
2077.888,-1.872,1.533,1.070
2077.999,-1.868,1.532,1.073
2078.110,-1.866,1.530,1.075
2078.221,-1.871,1.533,1.072
2078.332,-1.871,1.534,1.060
2078.443,-1.863,1.541,1.029
2078.554,-1.841,1.554,0.980
2078.665,-1.797,1.565,0.932
2078.777,-1.746,1.572,0.897
2078.888,-1.701,1.580,0.867
2078.999,-1.659,1.584,0.835
2079.110,-1.619,1.587,0.799
2079.221,-1.579,1.585,0.756
2079.333,-1.538,1.579,0.704
2079.443,-1.499,1.572,0.650
2079.555,-1.466,1.564,0.605
2079.666,-1.442,1.557,0.572
2079.777,-1.428,1.554,0.550
2079.888,-1.424,1.552,0.538
2079.999,-1.428,1.552,0.533
2080.111,-1.439,1.554,0.536
2080.222,-1.462,1.558,0.548
2080.333,-1.500,1.562,0.569
2080.444,-1.552,1.567,0.593
2080.555,-1.608,1.570,0.622
2080.666,-1.659,1.571,0.656
2080.777,-1.702,1.570,0.687
2080.887,-1.740,1.571,0.713
2080.998,-1.773,1.571,0.734
2081.110,-1.802,1.567,0.754
2081.220,-1.828,1.563,0.771
2081.332,-1.853,1.559,0.784
2081.443,-1.873,1.553,0.795
2081.554,-1.888,1.549,0.804
2081.665,-1.899,1.545,0.811
2081.776,-1.906,1.542,0.817
2081.887,-1.910,1.539,0.822
2081.999,-1.911,1.536,0.825
2082.110,-1.908,1.534,0.825
2082.221,-1.900,1.535,0.822
2082.332,-1.885,1.540,0.811
2082.443,-1.856,1.550,0.790
2082.554,-1.810,1.562,0.766
2082.665,-1.756,1.572,0.745
2082.777,-1.700,1.578,0.728
2082.887,-1.645,1.583,0.712
2082.999,-1.587,1.587,0.697
2083.110,-1.529,1.586,0.683
2083.221,-1.474,1.586,0.667
2083.332,-1.425,1.590,0.644
2083.443,-1.379,1.596,0.614
2083.555,-1.336,1.591,0.573
2083.666,-1.300,1.576,0.519
2083.777,-1.267,1.569,0.458
2083.888,-1.236,1.571,0.400
2083.999,-1.210,1.574,0.353
2084.110,-1.191,1.572,0.320
2084.221,-1.179,1.571,0.304
2084.333,-1.176,1.571,0.300
2084.444,-1.182,1.571,0.309
2084.554,-1.187,1.566,0.327
2084.666,-1.192,1.562,0.344
2084.777,-1.196,1.563,0.354
2084.888,-1.200,1.561,0.357
2084.999,-1.206,1.560,0.359
2085.110,-1.212,1.562,0.360
2085.222,-1.219,1.564,0.366
2085.333,-1.216,1.567,0.377
2085.444,-1.210,1.566,0.397
2085.554,-1.192,1.559,0.425
2085.666,-1.170,1.554,0.453
2085.777,-1.154,1.551,0.475
2085.888,-1.143,1.551,0.487
2086.000,-1.134,1.552,0.491
2086.108,-1.129,1.552,0.491
2086.219,-1.131,1.552,0.492
2086.332,-1.140,1.555,0.494
2086.442,-1.159,1.555,0.499
2086.554,-1.185,1.555,0.505
2086.665,-1.217,1.552,0.514
2086.776,-1.257,1.550,0.527
2086.888,-1.298,1.551,0.548
2086.999,-1.338,1.555,0.575
2087.110,-1.373,1.557,0.602
2087.221,-1.404,1.558,0.622
2087.332,-1.436,1.559,0.633
2087.443,-1.473,1.562,0.636
2087.554,-1.520,1.563,0.631
2087.665,-1.578,1.568,0.616
2087.777,-1.640,1.575,0.595
2087.888,-1.696,1.579,0.574
2087.999,-1.745,1.578,0.559
2088.110,-1.785,1.577,0.546
2088.221,-1.817,1.576,0.534
2088.332,-1.844,1.574,0.523
2088.443,-1.865,1.570,0.514
2088.555,-1.882,1.567,0.507
2088.666,-1.895,1.565,0.501
2088.777,-1.904,1.563,0.497
2088.888,-1.910,1.561,0.493
2088.999,-1.914,1.560,0.489
2089.110,-1.917,1.559,0.486
2089.221,-1.919,1.558,0.483
2089.333,-1.922,1.557,0.481
2089.444,-1.924,1.556,0.480
2089.554,-1.927,1.556,0.480
2089.666,-1.929,1.555,0.480
2089.777,-1.931,1.554,0.480
2089.888,-1.933,1.554,0.481
2089.999,-1.935,1.554,0.482
2090.110,-1.938,1.553,0.482
2090.221,-1.940,1.554,0.480
2090.333,-1.943,1.554,0.479
2090.444,-1.945,1.552,0.477
2090.554,-1.946,1.550,0.475
2090.666,-1.947,1.549,0.472
2090.777,-1.946,1.547,0.467
2090.888,-1.942,1.546,0.462
2090.999,-1.937,1.544,0.457
2091.110,-1.926,1.544,0.452
2091.221,-1.902,1.549,0.446
2091.332,-1.858,1.557,0.445
2091.443,-1.809,1.569,0.455
2091.554,-1.765,1.581,0.470
2091.666,-1.725,1.591,0.486
2091.777,-1.689,1.598,0.504
2091.888,-1.648,1.603,0.523
2091.997,-1.603,1.608,0.544
2092.108,-1.554,1.612,0.570
2092.220,-1.501,1.612,0.599
2092.331,-1.448,1.607,0.627
2092.443,-1.395,1.600,0.650
2092.553,-1.342,1.598,0.667
2092.665,-1.291,1.597,0.679
2092.776,-1.240,1.589,0.685
2092.886,-1.185,1.575,0.681
2092.998,-1.121,1.561,0.668
2093.109,-1.048,1.549,0.649
2093.220,-0.963,1.546,0.623
2093.331,-0.875,1.560,0.593
2093.443,-0.801,1.565,0.569
2093.553,-0.744,1.563,0.552
2093.665,-0.699,1.566,0.538
2093.776,-0.659,1.565,0.527
2093.887,-0.624,1.562,0.519
2093.999,-0.595,1.564,0.520
2094.110,-0.572,1.576,0.524
2094.221,-0.562,1.586,0.530
2094.332,-0.568,1.588,0.537
2094.443,-0.595,1.588,0.548
2094.554,-0.637,1.590,0.571
2094.665,-0.686,1.587,0.605
2094.777,-0.735,1.584,0.646
2094.887,-0.787,1.584,0.686
2094.999,-0.839,1.583,0.724
2095.110,-0.889,1.584,0.755
2095.221,-0.939,1.588,0.776
2095.332,-0.988,1.586,0.791
2095.443,-1.039,1.580,0.803
2095.554,-1.094,1.573,0.810
2095.665,-1.156,1.568,0.812
2095.776,-1.225,1.568,0.808
2095.888,-1.300,1.580,0.804
2095.999,-1.368,1.585,0.803
2096.110,-1.430,1.584,0.804
2096.221,-1.490,1.580,0.803
2096.332,-1.547,1.575,0.801
2096.443,-1.602,1.571,0.798
2096.554,-1.651,1.574,0.790
2096.666,-1.696,1.585,0.773
2096.777,-1.734,1.585,0.752
2096.888,-1.764,1.583,0.728
2096.999,-1.779,1.580,0.707
2097.110,-1.782,1.579,0.686
2097.221,-1.764,1.578,0.665
2097.333,-1.726,1.575,0.652
2097.444,-1.677,1.571,0.647
2097.554,-1.620,1.572,0.644
2097.665,-1.571,1.576,0.635
2097.777,-1.535,1.573,0.623
2097.887,-1.507,1.570,0.613
2097.999,-1.487,1.567,0.606
2098.110,-1.473,1.564,0.599
2098.221,-1.465,1.561,0.598
2098.332,-1.465,1.560,0.601
2098.443,-1.473,1.560,0.608
2098.554,-1.486,1.560,0.618
2098.666,-1.505,1.561,0.630
2098.777,-1.531,1.562,0.646
2098.888,-1.561,1.563,0.666
2098.999,-1.596,1.563,0.690
2099.110,-1.631,1.563,0.713
2099.221,-1.665,1.563,0.731
2099.332,-1.699,1.561,0.746
2099.443,-1.733,1.556,0.757
2099.555,-1.767,1.550,0.765
2099.665,-1.801,1.543,0.769
2099.776,-1.835,1.532,0.771
2099.887,-1.867,1.520,0.773
2099.998,-1.896,1.507,0.774
2100.110,-1.920,1.497,0.775
2100.220,-1.936,1.491,0.773
2100.332,-1.938,1.491,0.765
2100.443,-1.922,1.498,0.750
2100.554,-1.888,1.510,0.733
2100.665,-1.833,1.526,0.717
2100.776,-1.748,1.552,0.701
2100.886,-1.641,1.578,0.695
2100.997,-1.535,1.593,0.700
2101.109,-1.443,1.594,0.707
2101.220,-1.366,1.596,0.705
2101.331,-1.293,1.596,0.694
2101.443,-1.224,1.587,0.672
2101.554,-1.156,1.573,0.638
2101.665,-1.084,1.559,0.592
2101.776,-1.004,1.557,0.531
2101.888,-0.920,1.566,0.466
2101.999,-0.845,1.568,0.417
2102.110,-0.787,1.567,0.387
2102.221,-0.748,1.568,0.377
2102.332,-0.722,1.569,0.387
2102.443,-0.707,1.573,0.418
2102.554,-0.700,1.579,0.464
2102.666,-0.702,1.586,0.514
2102.777,-0.710,1.589,0.560
2102.888,-0.729,1.591,0.600
2102.999,-0.758,1.596,0.632
2103.110,-0.794,1.597,0.660
2103.221,-0.837,1.598,0.682
2103.332,-0.885,1.601,0.700
2103.443,-0.937,1.603,0.716
2103.554,-0.993,1.602,0.733
2103.666,-1.046,1.600,0.752
2103.777,-1.094,1.598,0.772
2103.887,-1.136,1.596,0.791
2103.999,-1.172,1.591,0.809
2104.110,-1.207,1.584,0.823
2104.221,-1.240,1.578,0.830
2104.332,-1.277,1.572,0.833
2104.443,-1.322,1.572,0.832
2104.554,-1.375,1.578,0.827
2104.665,-1.437,1.591,0.820
2104.776,-1.498,1.595,0.815
2104.887,-1.554,1.592,0.814
2104.998,-1.604,1.590,0.820
2105.109,-1.648,1.585,0.829
2105.221,-1.691,1.577,0.845
2105.332,-1.734,1.573,0.867
2105.443,-1.780,1.571,0.896
2105.554,-1.828,1.573,0.930
2105.666,-1.872,1.570,0.962
2105.776,-1.902,1.563,0.988
2105.887,-1.919,1.558,1.003
2105.999,-1.924,1.555,1.010
2106.110,-1.920,1.558,1.003
2106.221,-1.907,1.564,0.981
2106.332,-1.880,1.571,0.957
2106.444,-1.837,1.579,0.931
2106.555,-1.780,1.587,0.907
2106.666,-1.714,1.591,0.889
2106.777,-1.644,1.595,0.876
2106.888,-1.573,1.597,0.867
2106.999,-1.504,1.599,0.857
2107.110,-1.442,1.601,0.848
2107.221,-1.382,1.600,0.836
2107.333,-1.326,1.593,0.819
2107.444,-1.270,1.587,0.800
2107.554,-1.214,1.581,0.775
2107.665,-1.154,1.577,0.743
2107.777,-1.092,1.578,0.704
2107.888,-1.025,1.592,0.662
2107.999,-0.955,1.600,0.625
2108.110,-0.884,1.600,0.598
2108.221,-0.812,1.597,0.578
2108.332,-0.734,1.588,0.566
2108.444,-0.647,1.571,0.559
2108.554,-0.549,1.559,0.557
2108.666,-0.443,1.569,0.559
2108.777,-0.348,1.578,0.559
2108.888,-0.271,1.581,0.553
2108.999,-0.215,1.578,0.545
2109.111,-0.176,1.576,0.536
2109.221,-0.153,1.572,0.529
2109.333,-0.142,1.570,0.526
2109.444,-0.140,1.572,0.524
2109.555,-0.151,1.574,0.523
2109.666,-0.178,1.580,0.519
2109.777,-0.225,1.586,0.517
2109.888,-0.287,1.592,0.521
2110.000,-0.361,1.596,0.531
2110.111,-0.444,1.600,0.545
2110.222,-0.531,1.599,0.569
2110.333,-0.611,1.594,0.599
2110.444,-0.681,1.592,0.633
2110.555,-0.742,1.593,0.660
2110.666,-0.797,1.594,0.679
2110.777,-0.851,1.589,0.687
2110.888,-0.907,1.577,0.686
2110.999,-0.970,1.563,0.672
2111.111,-1.042,1.560,0.644
2111.222,-1.121,1.575,0.607
2111.332,-1.194,1.586,0.573
2111.444,-1.259,1.584,0.548
2111.555,-1.316,1.583,0.531
2111.666,-1.370,1.577,0.518
2111.777,-1.427,1.568,0.508
2111.888,-1.492,1.559,0.497
2111.999,-1.565,1.558,0.486
2112.110,-1.643,1.574,0.469
2112.221,-1.717,1.585,0.449
2112.333,-1.780,1.586,0.428
2112.444,-1.829,1.584,0.406
2112.555,-1.863,1.580,0.387
2112.666,-1.884,1.576,0.373
2112.776,-1.890,1.573,0.364
2112.887,-1.877,1.573,0.358
2112.999,-1.842,1.579,0.360
2113.110,-1.794,1.589,0.373
2113.221,-1.742,1.597,0.395
2113.332,-1.687,1.602,0.422
2113.444,-1.627,1.606,0.452
2113.555,-1.560,1.608,0.488
2113.666,-1.494,1.605,0.524
2113.777,-1.434,1.601,0.558
2113.888,-1.381,1.601,0.587
2113.999,-1.334,1.600,0.610
2114.110,-1.290,1.596,0.625
2114.221,-1.243,1.589,0.632
2114.333,-1.190,1.580,0.631
2114.444,-1.126,1.569,0.620
2114.554,-1.047,1.562,0.598
2114.666,-0.955,1.565,0.568
2114.777,-0.873,1.574,0.542
2114.888,-0.815,1.572,0.527
2114.999,-0.786,1.576,0.524
2115.110,-0.787,1.580,0.527
2115.222,-0.816,1.582,0.536
2115.333,-0.866,1.580,0.553
2115.444,-0.930,1.582,0.569
2115.555,-0.996,1.583,0.581
2115.667,-1.060,1.583,0.585
2115.776,-1.122,1.583,0.576
2115.888,-1.184,1.580,0.553
2115.999,-1.255,1.580,0.511
2116.110,-1.316,1.579,0.462
2116.221,-1.347,1.575,0.424
2116.332,-1.359,1.571,0.404
2116.443,-1.365,1.571,0.399
2116.555,-1.370,1.575,0.400
2116.665,-1.380,1.578,0.401
2116.777,-1.395,1.580,0.404
2116.888,-1.408,1.578,0.411
2116.999,-1.405,1.576,0.414
2117.110,-1.377,1.570,0.415
2117.220,-1.345,1.568,0.415
2117.331,-1.318,1.566,0.419
2117.443,-1.311,1.565,0.431
2117.554,-1.322,1.567,0.461
2117.666,-1.335,1.568,0.497
2117.776,-1.348,1.573,0.526
2117.887,-1.361,1.575,0.550
2117.998,-1.373,1.573,0.564
2118.109,-1.374,1.563,0.556
2118.220,-1.356,1.552,0.534
2118.332,-1.331,1.548,0.516
2118.443,-1.309,1.550,0.507
2118.553,-1.294,1.549,0.505
2118.664,-1.281,1.550,0.507
2118.776,-1.265,1.559,0.506
2118.887,-1.247,1.562,0.512
2118.998,-1.232,1.570,0.523
2119.109,-1.223,1.580,0.544
2119.221,-1.225,1.591,0.580
2119.332,-1.238,1.599,0.625
2119.444,-1.261,1.606,0.676
2119.554,-1.292,1.608,0.726
2119.665,-1.321,1.602,0.778
2119.776,-1.344,1.600,0.830
2119.887,-1.366,1.605,0.874
2119.998,-1.383,1.610,0.915
2120.109,-1.393,1.615,0.952
2120.221,-1.401,1.623,0.981
2120.331,-1.404,1.627,0.997
2120.443,-1.400,1.636,1.001
2120.554,-1.384,1.635,0.992
2120.665,-1.360,1.630,0.971
2120.777,-1.335,1.625,0.944
2120.887,-1.306,1.618,0.911
2120.999,-1.271,1.613,0.881
2121.110,-1.229,1.607,0.855
2121.221,-1.182,1.602,0.827
2121.332,-1.128,1.600,0.804
2121.443,-1.065,1.604,0.790
2121.554,-0.994,1.599,0.783
2121.666,-0.914,1.586,0.782
2121.777,-0.825,1.569,0.793
2121.888,-0.728,1.565,0.818
2121.999,-0.631,1.584,0.847
2122.109,-0.549,1.593,0.871
2122.221,-0.475,1.599,0.893
2122.333,-0.401,1.598,0.919
2122.444,-0.328,1.587,0.949
2122.555,-0.250,1.574,0.980
2122.666,-0.161,1.578,1.012
2122.777,-0.072,1.591,1.049
2122.888,0.007,1.600,1.087
2123.000,0.067,1.602,1.115
2123.109,0.103,1.601,1.131
2123.221,0.119,1.600,1.138
2123.332,0.122,1.600,1.136
2123.443,0.108,1.599,1.116
2123.554,0.076,1.596,1.094
2123.666,0.040,1.598,1.081
2123.777,0.004,1.596,1.075
2123.888,-0.033,1.597,1.068
2123.999,-0.076,1.593,1.057
2124.110,-0.124,1.592,1.044
2124.221,-0.171,1.593,1.028
2124.332,-0.214,1.597,1.010
2124.443,-0.247,1.600,0.993
2124.554,-0.268,1.599,0.975
2124.665,-0.275,1.597,0.958
2124.776,-0.267,1.593,0.938
2124.887,-0.246,1.586,0.915
2124.999,-0.210,1.581,0.887
2125.110,-0.159,1.574,0.854
2125.221,-0.090,1.569,0.814
2125.332,-0.008,1.576,0.770
2125.443,0.064,1.580,0.734
2125.554,0.117,1.583,0.708
2125.665,0.151,1.585,0.697
2125.776,0.172,1.586,0.694
2125.888,0.185,1.582,0.696
2125.999,0.190,1.577,0.700
2126.110,0.190,1.569,0.704
2126.221,0.188,1.562,0.703
2126.332,0.188,1.556,0.700
2126.443,0.190,1.554,0.694
2126.555,0.194,1.555,0.686
2126.666,0.199,1.553,0.677
2126.777,0.204,1.550,0.669
2126.888,0.209,1.550,0.666
2126.999,0.213,1.548,0.662
2127.110,0.218,1.547,0.660
2127.221,0.221,1.549,0.658
2127.333,0.223,1.548,0.659
2127.443,0.225,1.549,0.659
2127.555,0.225,1.548,0.655
2127.666,0.223,1.546,0.654
2127.777,0.224,1.546,0.656
2127.888,0.227,1.548,0.657
2127.999,0.229,1.552,0.655
2128.110,0.229,1.555,0.651
2128.222,0.226,1.556,0.648
2128.332,0.213,1.554,0.646
2128.443,0.195,1.550,0.646
2128.554,0.175,1.547,0.646
2128.666,0.154,1.548,0.645
2128.776,0.129,1.550,0.641
2128.887,0.097,1.551,0.634
2128.998,0.057,1.550,0.624
2129.109,0.011,1.550,0.612
2129.221,-0.034,1.563,0.596
2129.332,-0.069,1.567,0.588
2129.442,-0.095,1.567,0.586
2129.554,-0.113,1.566,0.590
2129.666,-0.125,1.562,0.593
2129.777,-0.133,1.560,0.597
2129.888,-0.137,1.559,0.602
2129.999,-0.138,1.559,0.606
2130.110,-0.137,1.558,0.608
2130.221,-0.135,1.559,0.610
2130.332,-0.130,1.560,0.611
2130.443,-0.125,1.560,0.612
2130.554,-0.119,1.561,0.610
2130.666,-0.117,1.562,0.608
2130.777,-0.119,1.562,0.603
2130.888,-0.132,1.559,0.597
2130.999,-0.159,1.555,0.592
2131.110,-0.193,1.552,0.588
2131.221,-0.227,1.551,0.582
2131.332,-0.259,1.548,0.576
2131.443,-0.284,1.549,0.570
2131.554,-0.301,1.548,0.568
2131.665,-0.310,1.548,0.578
2131.776,-0.311,1.548,0.593
2131.887,-0.309,1.547,0.615
2131.998,-0.303,1.555,0.631
2132.110,-0.297,1.560,0.642
2132.221,-0.292,1.564,0.649
2132.331,-0.291,1.568,0.653
2132.442,-0.294,1.570,0.654
2132.553,-0.308,1.570,0.657
2132.664,-0.330,1.566,0.660
2132.776,-0.356,1.560,0.664
2132.887,-0.382,1.560,0.669
2132.998,-0.402,1.561,0.674
2133.109,-0.416,1.558,0.681
2133.221,-0.425,1.560,0.686
2133.331,-0.432,1.561,0.686
2133.441,-0.444,1.563,0.683
2133.554,-0.466,1.565,0.675
2133.664,-0.499,1.563,0.661
2133.776,-0.537,1.564,0.642
2133.887,-0.570,1.562,0.626
2133.998,-0.592,1.561,0.622
2134.109,-0.604,1.566,0.628
2134.221,-0.611,1.568,0.644
2134.332,-0.613,1.570,0.668
2134.443,-0.612,1.570,0.698
2134.554,-0.611,1.573,0.725
2134.665,-0.613,1.573,0.744
2134.776,-0.619,1.571,0.755
2134.888,-0.630,1.569,0.755
2134.998,-0.643,1.568,0.746
2135.110,-0.656,1.569,0.731
2135.220,-0.669,1.572,0.713
2135.331,-0.679,1.571,0.695
2135.443,-0.685,1.571,0.680
2135.554,-0.688,1.570,0.669
2135.665,-0.689,1.569,0.661
2135.776,-0.690,1.568,0.655
2135.887,-0.692,1.567,0.652
2135.998,-0.693,1.566,0.653
2136.109,-0.693,1.566,0.656
2136.221,-0.692,1.567,0.663
2136.332,-0.691,1.568,0.673
2136.443,-0.694,1.568,0.686
2136.554,-0.703,1.570,0.699
2136.665,-0.726,1.570,0.704
2136.776,-0.764,1.569,0.698
2136.887,-0.814,1.564,0.682
2136.998,-0.872,1.559,0.653
2137.107,-0.932,1.555,0.617
2137.219,-0.980,1.551,0.590
2137.331,-1.013,1.549,0.576
2137.442,-1.037,1.549,0.572
2137.554,-1.055,1.549,0.575
2137.663,-1.065,1.550,0.586
2137.775,-1.068,1.558,0.597
2137.885,-1.068,1.561,0.607
2137.997,-1.065,1.563,0.614
2138.108,-1.061,1.564,0.620
2138.220,-1.057,1.566,0.624
2138.329,-1.053,1.567,0.628
2138.440,-1.049,1.570,0.634
2138.552,-1.046,1.571,0.639
2138.663,-1.044,1.572,0.644
2138.774,-1.043,1.574,0.649
2138.886,-1.043,1.575,0.654
2138.997,-1.043,1.577,0.657
2139.109,-1.042,1.579,0.660
2139.219,-1.041,1.580,0.663
2139.331,-1.041,1.581,0.662
2139.442,-1.039,1.583,0.660
2139.553,-1.037,1.581,0.661
2139.664,-1.036,1.579,0.662
2139.775,-1.035,1.578,0.663
2139.886,-1.034,1.577,0.663
2139.997,-1.032,1.577,0.664
2140.109,-1.028,1.577,0.663
2140.220,-1.024,1.576,0.662
2140.331,-1.020,1.576,0.661
2140.442,-1.017,1.576,0.660
2140.553,-1.014,1.577,0.658
2140.665,-1.011,1.577,0.656
2140.776,-1.014,1.580,0.654
2140.885,-1.025,1.583,0.653
2140.996,-1.052,1.580,0.650
2141.108,-1.091,1.579,0.642
2141.219,-1.138,1.574,0.631
2141.330,-1.192,1.573,0.616
2141.441,-1.242,1.574,0.605
2141.553,-1.284,1.572,0.597
2141.664,-1.314,1.566,0.595
2141.776,-1.334,1.559,0.600
2141.887,-1.350,1.553,0.608
2141.998,-1.363,1.549,0.619
2142.108,-1.374,1.549,0.630
2142.219,-1.383,1.550,0.642
2142.331,-1.390,1.551,0.651
2142.442,-1.395,1.551,0.659
2142.553,-1.398,1.551,0.665
2142.664,-1.401,1.550,0.669
2142.776,-1.402,1.548,0.672
2142.886,-1.402,1.548,0.675
2142.998,-1.400,1.549,0.675
2143.109,-1.398,1.549,0.675
2143.220,-1.397,1.548,0.675
2143.331,-1.395,1.547,0.675
2143.442,-1.395,1.546,0.674
2143.553,-1.396,1.546,0.673
2143.665,-1.396,1.545,0.672
2143.776,-1.398,1.545,0.671
2143.887,-1.401,1.545,0.671
2143.998,-1.403,1.547,0.667
2144.110,-1.407,1.545,0.666
2144.219,-1.411,1.544,0.669
2144.330,-1.413,1.546,0.670
2144.442,-1.410,1.546,0.668
2144.553,-1.406,1.544,0.662
2144.664,-1.401,1.541,0.655
2144.775,-1.400,1.531,0.651
2144.886,-1.403,1.525,0.649
2144.998,-1.404,1.521,0.649
2145.109,-1.395,1.517,0.653
2145.219,-1.377,1.517,0.656
2145.331,-1.360,1.517,0.661
2145.442,-1.356,1.514,0.663
2145.552,-1.362,1.510,0.661
2145.663,-1.365,1.509,0.658
2145.775,-1.363,1.509,0.658
2145.887,-1.357,1.511,0.660
2145.998,-1.344,1.516,0.663
2146.109,-1.322,1.526,0.668
2146.220,-1.296,1.537,0.673
2146.332,-1.270,1.547,0.678
2146.443,-1.240,1.554,0.686
2146.554,-1.200,1.567,0.697
2146.665,-1.149,1.586,0.717
2146.777,-1.096,1.598,0.741
2146.887,-1.042,1.606,0.769
2146.999,-0.992,1.609,0.800
2147.110,-0.948,1.614,0.827
2147.221,-0.916,1.623,0.846
2147.332,-0.895,1.632,0.854
2147.443,-0.883,1.632,0.849
2147.554,-0.875,1.633,0.835
2147.665,-0.876,1.635,0.818
2147.777,-0.877,1.637,0.802
2147.887,-0.876,1.640,0.787
2147.999,-0.876,1.635,0.774
2148.110,-0.879,1.632,0.763
2148.221,-0.880,1.630,0.754
2148.332,-0.882,1.630,0.746
2148.443,-0.881,1.628,0.739
2148.555,-0.881,1.623,0.735
2148.666,-0.878,1.622,0.731
2148.777,-0.874,1.626,0.729
2148.888,-0.870,1.626,0.726
2148.999,-0.865,1.629,0.724
2149.110,-0.863,1.631,0.718
2149.221,-0.858,1.631,0.708
2149.333,-0.851,1.628,0.697
2149.443,-0.844,1.624,0.687
2149.555,-0.841,1.620,0.676
2149.666,-0.841,1.615,0.666
2149.776,-0.845,1.609,0.661
2149.888,-0.850,1.605,0.658
2149.999,-0.853,1.604,0.657
2150.110,-0.844,1.606,0.661
2150.221,-0.829,1.608,0.667
2150.333,-0.812,1.609,0.674
2150.444,-0.796,1.609,0.684
2150.555,-0.783,1.609,0.701
2150.666,-0.776,1.607,0.714
2150.777,-0.770,1.604,0.722
2150.889,-0.758,1.602,0.725
2151.000,-0.735,1.589,0.729
2151.111,-0.703,1.580,0.740
2151.222,-0.656,1.574,0.760
2151.333,-0.597,1.565,0.792
2151.444,-0.532,1.553,0.836
2151.555,-0.465,1.559,0.885
2151.666,-0.400,1.567,0.926
2151.777,-0.333,1.575,0.958
2151.883,-0.263,1.576,0.988
2151.995,-0.188,1.567,1.014
2152.107,-0.104,1.565,1.042
2152.219,-0.020,1.575,1.075
2152.330,0.041,1.581,1.104
2152.441,0.069,1.585,1.123
2152.553,0.067,1.587,1.128
2152.664,0.045,1.583,1.122
2152.776,0.010,1.579,1.105
2152.887,-0.032,1.576,1.083
2152.998,-0.071,1.573,1.061
2153.109,-0.101,1.574,1.037
2153.220,-0.123,1.570,1.013
2153.331,-0.139,1.562,0.994
2153.442,-0.152,1.552,0.979
2153.554,-0.159,1.541,0.971
2153.665,-0.163,1.536,0.967
2153.776,-0.165,1.531,0.965
2153.887,-0.165,1.524,0.964
2153.998,-0.165,1.520,0.962
2154.110,-0.165,1.519,0.959
2154.220,-0.162,1.519,0.956
2154.331,-0.155,1.521,0.953
2154.442,-0.145,1.526,0.950
2154.554,-0.136,1.530,0.947
2154.664,-0.130,1.534,0.946
2154.775,-0.123,1.537,0.947
2154.886,-0.118,1.541,0.949
2154.998,-0.117,1.546,0.953
2155.109,-0.122,1.552,0.958
2155.220,-0.132,1.560,0.964
2155.330,-0.148,1.568,0.966
2155.441,-0.159,1.572,0.965
2155.553,-0.166,1.573,0.967
2155.664,-0.168,1.574,0.972
2155.775,-0.165,1.575,0.984
2155.886,-0.156,1.576,1.003
2155.997,-0.140,1.579,1.032
2156.108,-0.115,1.580,1.071
2156.220,-0.083,1.580,1.118
2156.331,-0.051,1.584,1.169
2156.442,-0.027,1.598,1.228
2156.553,-0.016,1.603,1.288
2156.664,-0.016,1.600,1.352
2156.775,-0.026,1.589,1.419
2156.886,-0.048,1.581,1.491
2156.997,-0.079,1.581,1.567
2157.108,-0.111,1.596,1.645
2157.219,-0.138,1.600,1.723
2157.330,-0.160,1.598,1.798
2157.441,-0.178,1.595,1.876
2157.553,-0.197,1.583,1.957
2157.664,-0.215,1.581,2.043
2157.775,-0.236,1.601,2.132
2157.886,-0.262,1.612,2.211
2157.997,-0.297,1.614,2.282
2158.109,-0.338,1.608,2.346
2158.220,-0.386,1.596,2.407
2158.331,-0.442,1.583,2.472
2158.442,-0.499,1.583,2.540
2158.553,-0.552,1.594,2.602
2158.663,-0.605,1.598,2.662
2158.775,-0.655,1.596,2.719
2158.886,-0.703,1.588,2.775
2158.997,-0.751,1.570,2.833
2159.108,-0.801,1.561,2.900
2159.219,-0.851,1.571,2.972
2159.331,-0.901,1.579,3.040
2159.442,-0.952,1.582,3.104
2159.553,-1.000,1.582,3.165
2159.664,-1.049,1.573,3.229
2159.775,-1.101,1.556,3.294
2159.886,-1.156,1.548,3.362
2159.998,-1.208,1.560,3.433
2160.108,-1.245,1.570,3.500
2160.219,-1.266,1.568,3.558
2160.330,-1.275,1.557,3.608
2160.442,-1.273,1.545,3.656
2160.554,-1.257,1.542,3.710
2160.664,-1.233,1.540,3.771
2160.775,-1.204,1.549,3.838
2160.886,-1.176,1.563,3.906
2160.997,-1.152,1.571,3.974
2161.108,-1.133,1.571,4.039
2161.220,-1.114,1.569,4.105
2161.330,-1.096,1.562,4.173
2161.442,-1.077,1.551,4.247
2161.553,-1.062,1.547,4.329
2161.664,-1.047,1.565,4.418
2161.776,-1.032,1.587,4.502
2161.886,-1.012,1.595,4.578
2161.998,-0.991,1.598,4.647
2162.108,-0.967,1.598,4.716
2162.219,-0.944,1.589,4.789
2162.331,-0.918,1.582,4.866
2162.442,-0.888,1.587,4.944
2162.553,-0.858,1.603,5.023
2162.664,-0.837,1.604,5.099
2162.775,-0.824,1.598,5.171
2162.887,-0.812,1.590,5.241
2162.998,-0.800,1.580,5.315
2163.109,-0.789,1.567,5.394
2163.220,-0.781,1.563,5.479
2163.331,-0.777,1.577,5.565
2163.442,-0.775,1.588,5.643
2163.553,-0.775,1.588,5.713
2163.664,-0.777,1.589,5.775
2163.775,-0.779,1.584,5.840
2163.886,-0.785,1.575,5.911
2163.998,-0.796,1.572,5.991
2164.109,-0.809,1.575,6.075
2164.220,-0.825,1.586,6.159
2164.331,-0.853,1.596,6.232
2164.441,-0.890,1.600,6.286
2164.553,-0.927,1.599,6.323
2164.664,-0.966,1.592,6.353
2164.775,-1.013,1.582,6.384
2164.887,-1.069,1.579,6.415
2164.998,-1.127,1.582,6.445
2165.109,-1.183,1.588,6.476
2165.220,-1.234,1.586,6.507
2165.331,-1.285,1.587,6.536
2165.442,-1.341,1.587,6.556
2165.553,-1.399,1.580,6.572
2165.664,-1.464,1.575,6.588
2165.775,-1.532,1.577,6.603
2165.886,-1.602,1.591,6.612
2165.998,-1.666,1.603,6.611
2166.109,-1.721,1.608,6.597
2166.219,-1.768,1.608,6.574
2166.330,-1.811,1.602,6.544
2166.441,-1.854,1.593,6.502
2166.552,-1.895,1.586,6.448
2166.664,-1.937,1.595,6.389
2166.775,-1.977,1.603,6.332
2166.886,-2.018,1.603,6.277
2166.998,-2.056,1.604,6.223
2167.109,-2.093,1.599,6.164
2167.219,-2.130,1.586,6.102
2167.331,-2.168,1.577,6.039
2167.442,-2.209,1.582,5.971
2167.553,-2.243,1.596,5.901
2167.664,-2.263,1.602,5.830
2167.775,-2.265,1.603,5.761
2167.887,-2.260,1.595,5.692
2167.998,-2.249,1.581,5.619
2168.109,-2.228,1.570,5.537
2168.220,-2.203,1.579,5.451
2168.331,-2.182,1.596,5.366
2168.442,-2.165,1.603,5.285
2168.551,-2.152,1.606,5.207
2168.663,-2.142,1.601,5.130
2168.774,-2.136,1.591,5.050
2168.885,-2.133,1.589,4.966
2168.997,-2.130,1.596,4.877
2169.108,-2.124,1.609,4.788
2169.220,-2.111,1.615,4.701
2169.331,-2.097,1.612,4.619
2169.442,-2.083,1.598,4.539
2169.554,-2.068,1.578,4.455
2169.665,-2.047,1.562,4.368
2169.775,-2.012,1.571,4.280
2169.886,-1.979,1.581,4.198
2169.998,-1.944,1.587,4.123
2170.109,-1.911,1.589,4.056
2170.220,-1.882,1.585,3.987
2170.331,-1.857,1.577,3.913
2170.442,-1.836,1.575,3.834
2170.554,-1.810,1.594,3.751
2170.664,-1.780,1.607,3.675
2170.776,-1.744,1.612,3.609
2170.887,-1.703,1.607,3.557
2170.998,-1.654,1.596,3.512
2171.109,-1.593,1.583,3.473
2171.222,-1.518,1.577,3.439
2171.331,-1.435,1.589,3.407
2171.443,-1.361,1.601,3.374
2171.554,-1.293,1.601,3.340
2171.666,-1.226,1.603,3.305
2171.776,-1.159,1.597,3.275
2171.888,-1.090,1.585,3.247
2171.998,-1.018,1.580,3.226
2172.109,-0.944,1.593,3.209
2172.221,-0.871,1.606,3.201
2172.331,-0.802,1.608,3.203
2172.442,-0.740,1.604,3.215
2172.553,-0.682,1.595,3.234
2172.664,-0.621,1.588,3.266
2172.775,-0.560,1.579,3.309
2172.887,-0.499,1.589,3.358
2172.998,-0.443,1.597,3.402
2173.109,-0.389,1.599,3.445
2173.220,-0.336,1.598,3.488
2173.331,-0.281,1.592,3.537
2173.442,-0.225,1.581,3.590
2173.553,-0.168,1.576,3.649
2173.664,-0.111,1.585,3.714
2173.775,-0.058,1.597,3.783
2173.886,-0.017,1.599,3.852
2173.997,0.008,1.595,3.920
2174.108,0.026,1.588,3.988
2174.219,0.041,1.577,4.060
2174.330,0.052,1.567,4.141
2174.441,0.058,1.572,4.229
2174.552,0.062,1.590,4.315
2174.664,0.073,1.597,4.396
2174.775,0.089,1.598,4.474
2174.886,0.108,1.597,4.551
2174.997,0.134,1.588,4.629
2175.108,0.165,1.581,4.710
2175.219,0.195,1.593,4.793
2175.330,0.217,1.602,4.873
2175.441,0.231,1.604,4.952
2175.552,0.238,1.601,5.028
2175.663,0.238,1.592,5.103
2175.775,0.235,1.579,5.182
2175.885,0.225,1.573,5.267
2175.996,0.213,1.584,5.357
2176.108,0.204,1.593,5.445
2176.219,0.201,1.593,5.527
2176.330,0.199,1.589,5.601
2176.442,0.197,1.582,5.673
2176.553,0.198,1.573,5.747
2176.664,0.200,1.572,5.821
2176.775,0.202,1.587,5.899
2176.886,0.194,1.592,5.973
2176.997,0.177,1.591,6.040
2177.108,0.152,1.583,6.099
2177.220,0.117,1.573,6.153
2177.331,0.072,1.565,6.203
2177.441,0.020,1.562,6.248
2177.553,-0.022,1.563,6.293
2177.664,-0.059,1.561,6.333
2177.775,-0.096,1.558,6.361
2177.885,-0.137,1.554,6.378
2177.996,-0.177,1.545,6.389
2178.108,-0.212,1.535,6.392
2178.219,-0.238,1.524,6.390
2178.330,-0.261,1.510,6.381
2178.441,-0.277,1.483,6.362
2178.552,-0.286,1.426,6.334
2178.664,-0.290,1.343,6.304
2178.775,-0.292,1.244,6.276
2178.886,-0.293,1.144,6.254
2178.997,-0.294,1.044,6.244
2179.108,-0.296,0.943,6.242
2179.219,-0.294,0.852,6.248
2179.330,-0.290,0.783,6.258
2179.442,-0.281,0.743,6.256
2179.552,-0.259,0.734,6.253
2179.664,-0.230,0.732,6.260
2179.774,-0.197,0.725,6.276
2179.886,-0.152,0.710,6.293
2179.997,-0.099,0.702,6.309
2180.108,-0.048,0.702,6.333
2180.221,-0.009,0.708,6.370
2180.330,0.019,0.715,6.413
2180.441,0.042,0.711,6.458
2180.552,0.070,0.708,6.507
2180.663,0.101,0.704,6.555
2180.774,0.131,0.706,6.597
2180.885,0.143,0.697,6.629
2180.995,0.139,0.696,6.648
2181.106,0.125,0.701,6.655
2181.218,0.108,0.706,6.653
2181.329,0.090,0.719,6.642
2181.440,0.069,0.731,6.627
2181.552,0.045,0.735,6.611
2181.662,0.024,0.741,6.591
2181.774,0.005,0.740,6.573
2181.885,-0.014,0.732,6.561
2181.995,-0.033,0.737,6.557
2182.107,-0.045,0.735,6.559
2182.218,-0.053,0.733,6.567
2182.329,-0.060,0.734,6.572
2182.440,-0.063,0.733,6.572
2182.551,-0.061,0.732,6.571
2182.660,-0.059,0.731,6.569
2182.772,-0.058,0.727,6.564
2182.883,-0.056,0.720,6.557
2182.995,-0.056,0.718,6.547
2183.106,-0.059,0.715,6.540
2183.217,-0.062,0.717,6.532
2183.328,-0.064,0.719,6.520
2183.439,-0.067,0.723,6.514
2183.550,-0.062,0.733,6.525
2183.662,-0.046,0.746,6.548
2183.772,-0.025,0.758,6.573
2183.883,-0.009,0.763,6.590
2183.995,-0.002,0.765,6.590
2184.106,-0.004,0.768,6.589
2184.218,-0.008,0.768,6.586
2184.329,-0.012,0.768,6.580
2184.440,-0.013,0.766,6.577
2184.552,-0.012,0.766,6.577
2184.663,-0.012,0.765,6.580
2184.773,-0.013,0.765,6.582
2184.885,-0.012,0.765,6.583
2184.996,-0.016,0.757,6.581
2185.107,-0.020,0.757,6.576
2185.218,-0.030,0.748,6.563
2185.329,-0.044,0.733,6.548
2185.440,-0.061,0.719,6.534
2185.551,-0.077,0.710,6.520
2185.662,-0.088,0.699,6.508
2185.773,-0.094,0.691,6.500
2185.885,-0.095,0.690,6.496
2185.997,-0.093,0.690,6.494
2186.107,-0.089,0.686,6.493
2186.219,-0.086,0.684,6.493
2186.329,-0.087,0.685,6.493
2186.440,-0.089,0.685,6.494
2186.552,-0.088,0.683,6.494
2186.663,-0.086,0.683,6.492
2186.774,-0.084,0.685,6.488
2186.885,-0.084,0.685,6.483
2186.996,-0.084,0.684,6.482
2187.107,-0.084,0.684,6.483
2187.218,-0.085,0.683,6.483
2187.329,-0.086,0.682,6.482
2187.440,-0.088,0.682,6.480
2187.552,-0.089,0.680,6.479
2187.663,-0.088,0.680,6.479
2187.775,-0.086,0.678,6.478
2187.886,-0.084,0.678,6.475
2187.998,-0.083,0.679,6.474
2188.108,-0.082,0.679,6.473
2188.220,-0.081,0.679,6.472
2188.331,-0.079,0.678,6.470
2188.442,-0.073,0.675,6.466
2188.553,-0.069,0.675,6.465
2188.664,-0.067,0.674,6.463
2188.775,-0.065,0.675,6.462
2188.886,-0.062,0.675,6.459
2188.998,-0.060,0.675,6.458
2189.108,-0.060,0.675,6.457
2189.220,-0.061,0.674,6.457
2189.331,-0.061,0.675,6.457
2189.442,-0.056,0.677,6.455
2189.553,-0.049,0.678,6.451
2189.664,-0.037,0.677,6.445
2189.775,-0.027,0.676,6.439
2189.886,-0.021,0.676,6.437
2189.998,-0.018,0.679,6.438
2190.108,-0.020,0.682,6.442
2190.220,-0.025,0.684,6.448
2190.331,-0.033,0.687,6.458
2190.443,-0.044,0.689,6.468
2190.553,-0.055,0.689,6.478
2190.664,-0.068,0.686,6.489
2190.775,-0.081,0.686,6.501
2190.875,-0.091,0.687,6.511
2190.983,-0.102,0.685,6.521
2191.094,-0.115,0.682,6.530
2191.206,-0.130,0.679,6.542
2191.317,-0.146,0.672,6.554
2191.429,-0.159,0.665,6.564
2191.539,-0.168,0.655,6.570
2191.651,-0.176,0.645,6.571
2191.762,-0.179,0.639,6.568
2191.873,-0.178,0.642,6.564
2191.984,-0.172,0.652,6.557
2192.095,-0.162,0.662,6.552
2192.206,-0.152,0.670,6.549
2192.317,-0.144,0.678,6.549
2192.428,-0.137,0.687,6.550
2192.539,-0.128,0.697,6.552
2192.650,-0.116,0.706,6.550
2192.761,-0.100,0.715,6.547
2192.873,-0.083,0.724,6.541
2192.984,-0.062,0.732,6.534
2193.094,-0.039,0.736,6.525
2193.206,-0.023,0.736,6.514
2193.317,-0.014,0.736,6.508
2193.427,-0.012,0.736,6.508
2193.539,-0.017,0.736,6.511
2193.650,-0.024,0.735,6.515
2193.761,-0.034,0.733,6.520
2193.872,-0.046,0.730,6.524
2193.983,-0.056,0.727,6.525
2194.095,-0.064,0.724,6.523
2194.206,-0.065,0.722,6.516
2194.317,-0.065,0.720,6.511
2194.428,-0.068,0.718,6.507
2194.539,-0.072,0.717,6.505
2194.650,-0.073,0.715,6.504
2194.761,-0.072,0.711,6.502
2194.872,-0.069,0.710,6.500
2194.983,-0.067,0.707,6.500
2195.094,-0.067,0.703,6.500
2195.205,-0.068,0.704,6.500
2195.316,-0.068,0.703,6.501
2195.428,-0.068,0.703,6.501
2195.538,-0.069,0.703,6.502
2195.650,-0.070,0.703,6.502
2195.760,-0.069,0.702,6.501
2195.872,-0.068,0.702,6.501
2195.983,-0.067,0.702,6.500
2196.094,-0.067,0.702,6.501
2196.206,-0.068,0.702,6.501
2196.316,-0.068,0.702,6.502
2196.427,-0.067,0.701,6.502
2196.539,-0.066,0.701,6.501
2196.650,-0.066,0.701,6.501
2196.761,-0.065,0.701,6.501
2196.872,-0.065,0.701,6.501
2196.983,-0.065,0.701,6.501
2197.094,-0.065,0.701,6.501
2197.205,-0.066,0.701,6.501
2197.316,-0.066,0.701,6.502
2197.427,-0.066,0.701,6.502
2197.538,-0.066,0.700,6.501
2197.650,-0.065,0.700,6.500
2197.760,-0.065,0.700,6.500
2197.872,-0.065,0.700,6.500
2197.982,-0.065,0.700,6.501
2198.094,-0.065,0.700,6.502
2198.205,-0.065,0.699,6.502
2198.316,-0.066,0.699,6.503
2198.427,-0.066,0.699,6.503
2198.539,-0.066,0.699,6.503
2198.650,-0.065,0.699,6.503
2198.760,-0.065,0.699,6.503
2198.873,-0.065,0.699,6.503
2198.983,-0.065,0.699,6.503
2199.094,-0.066,0.699,6.503
2199.205,-0.066,0.698,6.504
2199.316,-0.067,0.698,6.504
2199.427,-0.067,0.698,6.505
2199.538,-0.068,0.698,6.506
2199.649,-0.070,0.698,6.507
2199.761,-0.072,0.698,6.508
2199.873,-0.073,0.698,6.509
2199.983,-0.072,0.698,6.509
2200.094,-0.070,0.699,6.506
2200.206,-0.067,0.698,6.503
2200.317,-0.063,0.698,6.500
2200.428,-0.060,0.698,6.498
2200.539,-0.059,0.698,6.499
2200.650,-0.063,0.698,6.503
2200.761,-0.068,0.698,6.509
2200.872,-0.074,0.698,6.514
2200.980,-0.078,0.697,6.518
2201.092,-0.081,0.697,6.520
2201.203,-0.082,0.697,6.520
2201.314,-0.078,0.697,6.519
2201.426,-0.073,0.697,6.515
2201.536,-0.067,0.697,6.510
2201.647,-0.063,0.697,6.506
2201.759,-0.061,0.697,6.504
2201.870,-0.059,0.696,6.503
2201.982,-0.060,0.696,6.506
2202.093,-0.064,0.696,6.510
2202.204,-0.068,0.696,6.514
2202.315,-0.071,0.696,6.517
2202.426,-0.072,0.696,6.518
2202.538,-0.071,0.696,6.518
2202.649,-0.068,0.696,6.515
2202.759,-0.066,0.696,6.513
2202.871,-0.064,0.695,6.512
2202.982,-0.065,0.695,6.513
2203.093,-0.067,0.695,6.514
2203.204,-0.069,0.695,6.516
2203.316,-0.071,0.695,6.518
2203.427,-0.072,0.695,6.518
2203.538,-0.072,0.695,6.518
2203.649,-0.072,0.695,6.518
2203.760,-0.071,0.695,6.517
2203.872,-0.070,0.695,6.517
2203.983,-0.070,0.695,6.517
2204.093,-0.070,0.694,6.517
2204.204,-0.071,0.694,6.518
2204.316,-0.071,0.694,6.518
2204.427,-0.072,0.695,6.519
2204.538,-0.074,0.695,6.520
2204.650,-0.076,0.694,6.521
2204.761,-0.076,0.694,6.522
2204.872,-0.074,0.694,6.522
2204.984,-0.073,0.694,6.520
2205.094,-0.071,0.694,6.518
2205.205,-0.070,0.694,6.517
2205.317,-0.069,0.694,6.516
2205.427,-0.067,0.694,6.515
2205.539,-0.066,0.694,6.514
2205.650,-0.066,0.694,6.515
2205.760,-0.069,0.694,6.518
2205.872,-0.073,0.694,6.522
2205.983,-0.078,0.693,6.525
2206.094,-0.081,0.693,6.528
2206.205,-0.081,0.693,6.528
2206.317,-0.078,0.693,6.525
2206.427,-0.073,0.693,6.521
2206.539,-0.068,0.693,6.516
2206.649,-0.062,0.693,6.513
2206.760,-0.059,0.693,6.510
2206.872,-0.059,0.695,6.510
2206.983,-0.059,0.693,6.512
2207.094,-0.064,0.690,6.513
2207.206,-0.070,0.687,6.513
2207.316,-0.074,0.685,6.514
2207.428,-0.076,0.684,6.514
2207.539,-0.078,0.682,6.513
2207.650,-0.079,0.682,6.510
2207.761,-0.077,0.682,6.509
2207.872,-0.075,0.681,6.510
2207.983,-0.073,0.682,6.510
2208.094,-0.072,0.682,6.509
2208.206,-0.073,0.682,6.508
2208.316,-0.074,0.683,6.507
2208.427,-0.075,0.683,6.506
2208.539,-0.075,0.683,6.505
2208.649,-0.075,0.683,6.504
2208.760,-0.076,0.682,6.503
2208.872,-0.076,0.680,6.503
2208.983,-0.075,0.680,6.501
2209.094,-0.074,0.680,6.502
2209.205,-0.074,0.680,6.502
2209.316,-0.075,0.680,6.503
2209.427,-0.076,0.680,6.503
2209.538,-0.075,0.680,6.503
2209.649,-0.074,0.680,6.503
2209.760,-0.074,0.680,6.502
2209.873,-0.074,0.680,6.502
2209.983,-0.074,0.681,6.501
2210.094,-0.072,0.681,6.500
2210.205,-0.070,0.682,6.499
2210.316,-0.070,0.682,6.501
2210.426,-0.073,0.681,6.503
2210.538,-0.077,0.681,6.506
2210.649,-0.080,0.681,6.508
2210.760,-0.082,0.681,6.509
2210.873,-0.082,0.681,6.509
2210.982,-0.080,0.681,6.507
2211.094,-0.077,0.681,6.505
2211.205,-0.074,0.682,6.502
2211.316,-0.070,0.682,6.498
2211.427,-0.068,0.682,6.496
2211.538,-0.067,0.682,6.496
2211.649,-0.069,0.682,6.498
2211.760,-0.073,0.681,6.501
2211.871,-0.077,0.681,6.504
2211.981,-0.078,0.681,6.505
2212.093,-0.078,0.681,6.506
2212.204,-0.077,0.681,6.504
2212.316,-0.076,0.681,6.502
2212.426,-0.074,0.681,6.500
2212.537,-0.073,0.681,6.499
2212.649,-0.073,0.681,6.499
2212.760,-0.074,0.681,6.500
2212.871,-0.075,0.680,6.501
2212.982,-0.076,0.680,6.501
2213.093,-0.076,0.680,6.500
2213.204,-0.077,0.680,6.500
2213.315,-0.077,0.680,6.498
2213.427,-0.075,0.680,6.498
2213.538,-0.074,0.680,6.498
2213.649,-0.074,0.680,6.498
2213.760,-0.074,0.680,6.498
2213.871,-0.075,0.680,6.498
2213.983,-0.075,0.680,6.498
2214.093,-0.075,0.680,6.498
2214.205,-0.075,0.680,6.498
2214.316,-0.075,0.680,6.498
2214.427,-0.075,0.680,6.498
2214.538,-0.076,0.680,6.498
2214.650,-0.075,0.680,6.499
2214.761,-0.075,0.680,6.498
2214.872,-0.074,0.680,6.498
2214.983,-0.073,0.680,6.496
2215.094,-0.071,0.680,6.495
2215.206,-0.069,0.680,6.494
2215.316,-0.069,0.681,6.493
2215.427,-0.070,0.680,6.495
2215.538,-0.073,0.681,6.496
2215.650,-0.075,0.681,6.498
2215.760,-0.076,0.681,6.498
2215.872,-0.076,0.680,6.498
2215.983,-0.074,0.681,6.496
2216.093,-0.071,0.681,6.494
2216.206,-0.069,0.680,6.493
2216.317,-0.068,0.681,6.492
2216.428,-0.068,0.681,6.492
2216.539,-0.069,0.681,6.493
2216.650,-0.070,0.681,6.494
2216.761,-0.072,0.681,6.495
2216.872,-0.073,0.680,6.496
2216.983,-0.072,0.681,6.496
2217.094,-0.071,0.681,6.496
2217.205,-0.070,0.681,6.495
2217.317,-0.070,0.681,6.494
2217.428,-0.070,0.680,6.494
2217.539,-0.070,0.681,6.493
2217.650,-0.069,0.680,6.492
2217.760,-0.067,0.681,6.492
2217.872,-0.067,0.681,6.492
2217.984,-0.068,0.681,6.492
2218.094,-0.070,0.681,6.493
2218.205,-0.072,0.681,6.494
2218.316,-0.073,0.681,6.495
2218.427,-0.073,0.681,6.495
2218.539,-0.072,0.681,6.495
2218.650,-0.071,0.681,6.493
2218.760,-0.069,0.681,6.492
2218.872,-0.068,0.681,6.491
2218.982,-0.066,0.681,6.489
2219.094,-0.066,0.682,6.489
2219.205,-0.067,0.681,6.490
2219.316,-0.068,0.681,6.492
2219.427,-0.068,0.681,6.493
2219.538,-0.065,0.682,6.493
2219.650,-0.061,0.683,6.491
2219.761,-0.058,0.684,6.492
2219.873,-0.058,0.684,6.494
2219.984,-0.060,0.683,6.495
2220.094,-0.062,0.682,6.496
2220.206,-0.062,0.682,6.496
2220.316,-0.061,0.682,6.496
2220.427,-0.060,0.682,6.495
2220.538,-0.058,0.683,6.494
2220.649,-0.057,0.683,6.494
2220.760,-0.057,0.683,6.495
2220.872,-0.058,0.682,6.496
2220.980,-0.059,0.682,6.496
2221.091,-0.059,0.682,6.495
2221.203,-0.059,0.681,6.494
2221.314,-0.058,0.681,6.493
2221.425,-0.056,0.681,6.492
2221.536,-0.055,0.682,6.492
2221.648,-0.054,0.682,6.492
2221.759,-0.054,0.682,6.493
2221.870,-0.054,0.681,6.493
2221.982,-0.055,0.680,6.492
2222.092,-0.053,0.678,6.491
2222.204,-0.053,0.677,6.489
2222.315,-0.052,0.677,6.489
2222.426,-0.052,0.677,6.489
2222.537,-0.052,0.677,6.488
2222.649,-0.052,0.677,6.487
2222.760,-0.052,0.677,6.486
2222.871,-0.053,0.677,6.487
2222.982,-0.054,0.677,6.487
2223.093,-0.055,0.676,6.487
2223.205,-0.056,0.676,6.487
2223.316,-0.057,0.675,6.488
2223.427,-0.057,0.675,6.488
2223.538,-0.058,0.675,6.487
2223.649,-0.058,0.675,6.486
2223.760,-0.059,0.675,6.485
2223.871,-0.061,0.676,6.484
2223.982,-0.062,0.676,6.484
2224.093,-0.063,0.676,6.483
2224.205,-0.064,0.675,6.483
2224.316,-0.065,0.675,6.485
2224.427,-0.065,0.674,6.485
2224.538,-0.066,0.674,6.485
2224.649,-0.066,0.675,6.486
2224.760,-0.066,0.675,6.486
2224.871,-0.065,0.675,6.486
2224.982,-0.065,0.675,6.487
2225.093,-0.066,0.675,6.486
2225.205,-0.066,0.674,6.486
2225.316,-0.065,0.674,6.486
2225.427,-0.065,0.675,6.487
2225.538,-0.065,0.675,6.487
2225.649,-0.065,0.675,6.487
2225.760,-0.065,0.675,6.488
2225.871,-0.066,0.674,6.488
2225.983,-0.066,0.674,6.489
2226.094,-0.067,0.674,6.489
2226.205,-0.066,0.674,6.489
2226.316,-0.066,0.674,6.488
2226.427,-0.065,0.674,6.488
2226.538,-0.065,0.674,6.489
2226.649,-0.065,0.673,6.488
2226.760,-0.064,0.673,6.487
2226.872,-0.064,0.673,6.487
2226.983,-0.063,0.674,6.488
2227.094,-0.064,0.673,6.489
2227.205,-0.065,0.673,6.489
2227.316,-0.065,0.673,6.489
2227.427,-0.065,0.673,6.489
2227.538,-0.064,0.673,6.488
2227.650,-0.064,0.673,6.488
2227.760,-0.063,0.673,6.488
2227.872,-0.063,0.673,6.488
2227.983,-0.064,0.673,6.488
2228.094,-0.064,0.673,6.488
2228.205,-0.065,0.672,6.489
2228.316,-0.064,0.672,6.489
2228.427,-0.064,0.672,6.489
2228.538,-0.064,0.673,6.489
2228.650,-0.064,0.673,6.488
2228.761,-0.064,0.673,6.489
2228.872,-0.064,0.672,6.489
2228.983,-0.064,0.672,6.488
2229.093,-0.064,0.672,6.488
2229.205,-0.064,0.672,6.488
2229.316,-0.064,0.672,6.489
2229.427,-0.065,0.672,6.490
2229.539,-0.065,0.672,6.489
2229.650,-0.065,0.672,6.489
2229.760,-0.064,0.672,6.489
2229.872,-0.063,0.672,6.488
2229.983,-0.063,0.672,6.488
2230.094,-0.062,0.672,6.488
2230.205,-0.063,0.673,6.488
2230.316,-0.063,0.672,6.489
2230.427,-0.064,0.672,6.489
2230.538,-0.064,0.672,6.489
2230.649,-0.064,0.672,6.489
2230.760,-0.063,0.672,6.488
2230.872,-0.063,0.672,6.488
2230.983,-0.063,0.672,6.488
2231.094,-0.063,0.672,6.488
2231.205,-0.064,0.672,6.489
2231.316,-0.064,0.672,6.489
2231.427,-0.064,0.672,6.489
2231.538,-0.064,0.672,6.489
2231.650,-0.064,0.672,6.489
2231.761,-0.064,0.672,6.489
2231.873,-0.064,0.672,6.489
2231.984,-0.064,0.672,6.489
2232.094,-0.065,0.671,6.488
2232.206,-0.065,0.671,6.488
2232.316,-0.066,0.671,6.489
2232.428,-0.066,0.671,6.489
2232.539,-0.066,0.671,6.490
2232.650,-0.066,0.671,6.490
2232.761,-0.066,0.671,6.491
2232.872,-0.067,0.671,6.491
2232.983,-0.066,0.671,6.492
2233.094,-0.066,0.671,6.492
2233.206,-0.066,0.671,6.491
2233.317,-0.066,0.671,6.491
2233.427,-0.065,0.671,6.491
2233.539,-0.065,0.671,6.492
2233.650,-0.066,0.671,6.492
2233.761,-0.066,0.671,6.492
2233.873,-0.066,0.670,6.492
2233.984,-0.066,0.670,6.492
2234.094,-0.066,0.670,6.492
2234.206,-0.066,0.671,6.492
2234.316,-0.065,0.671,6.493
2234.427,-0.066,0.671,6.493
2234.538,-0.066,0.670,6.493
2234.650,-0.066,0.670,6.493
2234.760,-0.066,0.670,6.493
2234.872,-0.066,0.670,6.492
2234.983,-0.066,0.670,6.492
2235.094,-0.065,0.670,6.492
2235.206,-0.065,0.671,6.492
2235.317,-0.066,0.671,6.492
2235.428,-0.066,0.670,6.492
2235.539,-0.066,0.670,6.492
2235.650,-0.066,0.670,6.492
2235.761,-0.066,0.670,6.492
2235.872,-0.066,0.670,6.491
2235.984,-0.066,0.670,6.492
2236.094,-0.066,0.670,6.492
2236.205,-0.066,0.670,6.492
2236.316,-0.066,0.670,6.492
2236.428,-0.066,0.670,6.491
2236.539,-0.066,0.670,6.492
2236.650,-0.066,0.670,6.492
2236.761,-0.066,0.670,6.492
2236.872,-0.066,0.670,6.492
2236.983,-0.066,0.670,6.492
2237.094,-0.066,0.670,6.493
2237.206,-0.066,0.670,6.493
2237.317,-0.066,0.670,6.493
2237.427,-0.066,0.670,6.493
2237.539,-0.066,0.670,6.493
2237.650,-0.066,0.670,6.493
2237.760,-0.066,0.670,6.493
2237.872,-0.066,0.670,6.493
2237.983,-0.066,0.670,6.493
2238.095,-0.066,0.669,6.493
2238.205,-0.066,0.670,6.493
2238.316,-0.067,0.671,6.492
2238.427,-0.067,0.671,6.491
2238.539,-0.067,0.671,6.491
2238.650,-0.066,0.671,6.492
2238.761,-0.065,0.672,6.491
2238.873,-0.064,0.671,6.490
2238.983,-0.064,0.671,6.491
2239.094,-0.064,0.671,6.492
2239.206,-0.065,0.671,6.492
2239.316,-0.064,0.670,6.491
2239.428,-0.064,0.670,6.491
2239.539,-0.064,0.670,6.492
2239.649,-0.063,0.671,6.491
2239.760,-0.064,0.670,6.491
2239.872,-0.064,0.670,6.491
2239.983,-0.063,0.671,6.491
2240.094,-0.064,0.670,6.491
2240.205,-0.064,0.670,6.493
2240.315,-0.064,0.671,6.493
2240.427,-0.065,0.670,6.491
2240.538,-0.065,0.670,6.492
2240.649,-0.063,0.670,6.494
2240.760,-0.064,0.670,6.494
2240.871,-0.064,0.669,6.492
2240.982,-0.063,0.669,6.493
2241.093,-0.063,0.670,6.495
2241.205,-0.064,0.669,6.494
2241.316,-0.064,0.669,6.494
2241.427,-0.063,0.669,6.495
2241.539,-0.064,0.669,6.494
2241.650,-0.063,0.668,6.492
2241.761,-0.062,0.669,6.491
2241.873,-0.062,0.669,6.491
2241.983,-0.062,0.669,6.490
2242.094,-0.062,0.670,6.490
2242.205,-0.062,0.670,6.490
2242.316,-0.062,0.670,6.489
2242.424,-0.061,0.670,6.490
2242.535,-0.061,0.670,6.491
2242.647,-0.062,0.670,6.491
2242.758,-0.062,0.670,6.489
2242.870,-0.061,0.670,6.489
2242.981,-0.061,0.671,6.490
2243.092,-0.062,0.670,6.491
2243.203,-0.062,0.670,6.489
2243.312,-0.061,0.670,6.490
2243.424,-0.061,0.670,6.490
2243.535,-0.061,0.670,6.490
2243.646,-0.061,0.670,6.490
2243.757,-0.061,0.670,6.490
2243.869,-0.061,0.670,6.491
2243.980,-0.060,0.670,6.491
2244.091,-0.061,0.670,6.491
2244.203,-0.061,0.669,6.492
2244.314,-0.061,0.669,6.493
2244.425,-0.061,0.669,6.492
2244.536,-0.061,0.670,6.492
2244.648,-0.061,0.670,6.492
2244.759,-0.060,0.670,6.491
2244.870,-0.061,0.670,6.491
2244.981,-0.061,0.670,6.492
2245.093,-0.061,0.670,6.491
2245.204,-0.061,0.670,6.490
2245.315,-0.060,0.670,6.491
2245.426,-0.061,0.671,6.493
2245.537,-0.062,0.670,6.492
2245.649,-0.062,0.670,6.491
2245.759,-0.060,0.670,6.491
2245.871,-0.060,0.671,6.491
2245.982,-0.060,0.671,6.490
2246.093,-0.061,0.670,6.489
2246.204,-0.062,0.670,6.488
2246.316,-0.062,0.670,6.487
2246.426,-0.061,0.670,6.486
2246.538,-0.061,0.670,6.486
2246.649,-0.060,0.670,6.485
2246.760,-0.060,0.670,6.484
2246.871,-0.060,0.670,6.484
2246.982,-0.061,0.669,6.483
2247.093,-0.062,0.669,6.480
2247.205,-0.063,0.669,6.476
2247.316,-0.063,0.669,6.472
2247.427,-0.062,0.669,6.468
2247.538,-0.060,0.670,6.464
2247.649,-0.058,0.671,6.458
2247.760,-0.057,0.672,6.453
2247.871,-0.059,0.672,6.449
2247.983,-0.060,0.672,6.445
2248.094,-0.061,0.671,6.441
2248.205,-0.063,0.670,6.438
2248.315,-0.066,0.669,6.437
2248.427,-0.069,0.669,6.440
2248.538,-0.070,0.668,6.443
2248.649,-0.072,0.668,6.443
2248.760,-0.072,0.667,6.443
2248.872,-0.072,0.667,6.444
2248.983,-0.071,0.667,6.445
2249.094,-0.072,0.667,6.445
2249.205,-0.073,0.666,6.444
2249.316,-0.074,0.665,6.445
2249.427,-0.075,0.665,6.445
2249.539,-0.075,0.665,6.446
2249.650,-0.076,0.664,6.447
2249.760,-0.076,0.664,6.447
2249.872,-0.076,0.664,6.448
2249.983,-0.076,0.664,6.448
2250.094,-0.076,0.664,6.448
2250.205,-0.077,0.663,6.447
2250.316,-0.076,0.663,6.448
2250.427,-0.076,0.663,6.448
2250.539,-0.076,0.663,6.448
2250.649,-0.076,0.663,6.449
2250.761,-0.075,0.663,6.450
2250.872,-0.074,0.662,6.451
2250.983,-0.073,0.663,6.454
2251.094,-0.073,0.665,6.459
2251.205,-0.073,0.669,6.464
2251.316,-0.072,0.676,6.470
2251.427,-0.077,0.684,6.481
2251.538,-0.076,0.686,6.487
2251.652,-0.074,0.690,6.489
2251.760,-0.077,0.694,6.490
2251.872,-0.084,0.690,6.491
2251.983,-0.090,0.683,6.489
2252.093,-0.091,0.678,6.487
2252.205,-0.089,0.676,6.484
2252.316,-0.086,0.675,6.484
2252.427,-0.086,0.675,6.486
2252.538,-0.086,0.676,6.488
2252.649,-0.089,0.676,6.489
2252.760,-0.094,0.675,6.488
2252.871,-0.097,0.673,6.488
2252.983,-0.099,0.671,6.489
2253.094,-0.099,0.670,6.490
2253.205,-0.100,0.671,6.492
2253.317,-0.101,0.671,6.492
2253.427,-0.103,0.669,6.492
2253.538,-0.103,0.669,6.493
2253.649,-0.105,0.669,6.495
2253.760,-0.108,0.668,6.495
2253.872,-0.111,0.667,6.495
2253.983,-0.113,0.665,6.494
2254.094,-0.113,0.665,6.494
2254.205,-0.112,0.665,6.495
2254.316,-0.111,0.665,6.495
2254.427,-0.111,0.665,6.494
2254.538,-0.111,0.664,6.493
2254.649,-0.111,0.663,6.493
2254.760,-0.110,0.663,6.492
2254.872,-0.110,0.663,6.492
2254.983,-0.110,0.663,6.492
2255.094,-0.111,0.663,6.493
2255.206,-0.111,0.663,6.493
2255.316,-0.111,0.662,6.493
2255.427,-0.112,0.662,6.493
2255.539,-0.113,0.661,6.493
2255.649,-0.113,0.660,6.493
2255.760,-0.114,0.659,6.491
2255.872,-0.114,0.659,6.490
2255.983,-0.114,0.658,6.490
2256.094,-0.114,0.659,6.491
2256.205,-0.115,0.659,6.491
2256.316,-0.115,0.659,6.490
2256.427,-0.115,0.659,6.490
2256.539,-0.114,0.659,6.489
2256.650,-0.115,0.659,6.489
2256.760,-0.115,0.659,6.489
2256.872,-0.116,0.659,6.490
2256.983,-0.116,0.659,6.490
2257.094,-0.116,0.659,6.491
2257.205,-0.117,0.659,6.491
2257.316,-0.117,0.658,6.491
2257.427,-0.117,0.658,6.491
2257.539,-0.117,0.658,6.491
2257.650,-0.117,0.657,6.491
2257.760,-0.116,0.657,6.491
2257.872,-0.115,0.657,6.491
2257.983,-0.116,0.657,6.491
2258.094,-0.116,0.657,6.492
2258.205,-0.117,0.657,6.493
2258.316,-0.117,0.658,6.494
2258.427,-0.117,0.658,6.494
2258.539,-0.117,0.658,6.494
2258.650,-0.118,0.657,6.494
2258.760,-0.118,0.657,6.493
2258.872,-0.118,0.656,6.493
2258.983,-0.118,0.656,6.493
2259.094,-0.119,0.656,6.493
2259.205,-0.119,0.656,6.494
2259.316,-0.121,0.656,6.495
2259.427,-0.122,0.656,6.495
2259.538,-0.124,0.656,6.496
2259.649,-0.128,0.657,6.497
2259.760,-0.134,0.659,6.497
2259.872,-0.140,0.656,6.495
2259.983,-0.147,0.654,6.494
2260.094,-0.153,0.652,6.492
2260.205,-0.157,0.647,6.487
2260.316,-0.158,0.643,6.481
2260.427,-0.151,0.643,6.474
2260.538,-0.144,0.645,6.470
2260.650,-0.137,0.647,6.470
2260.760,-0.131,0.648,6.471
2260.873,-0.129,0.649,6.470
2260.983,-0.129,0.648,6.470
2261.094,-0.131,0.647,6.470
2261.205,-0.132,0.648,6.471
2261.316,-0.131,0.648,6.471
2261.427,-0.130,0.649,6.471
2261.539,-0.127,0.650,6.472
2261.649,-0.127,0.650,6.471
2261.760,-0.127,0.650,6.471
2261.872,-0.127,0.649,6.471
2261.982,-0.127,0.649,6.471
2262.094,-0.128,0.648,6.471
2262.205,-0.128,0.648,6.471
2262.317,-0.128,0.648,6.471
2262.427,-0.128,0.648,6.471
2262.538,-0.128,0.648,6.471
2262.649,-0.128,0.647,6.471
2262.760,-0.128,0.647,6.470
2262.872,-0.127,0.647,6.470
2262.983,-0.127,0.647,6.470
2263.094,-0.128,0.647,6.470
2263.205,-0.128,0.646,6.470
2263.316,-0.129,0.647,6.471
2263.427,-0.130,0.648,6.472
2263.539,-0.130,0.648,6.473
2263.650,-0.129,0.648,6.472
2263.760,-0.128,0.647,6.471
2263.873,-0.127,0.647,6.469
2263.983,-0.126,0.646,6.468
2264.094,-0.126,0.645,6.468
2264.206,-0.127,0.645,6.469
2264.316,-0.128,0.645,6.470
2264.427,-0.129,0.644,6.470
2264.535,-0.129,0.644,6.470
2264.647,-0.128,0.644,6.471
2264.759,-0.128,0.644,6.471
2264.870,-0.128,0.644,6.471
2264.981,-0.128,0.643,6.471
2265.092,-0.129,0.644,6.472
2265.204,-0.129,0.644,6.473
2265.315,-0.130,0.644,6.473
2265.426,-0.130,0.643,6.473
2265.537,-0.130,0.643,6.473
2265.648,-0.130,0.643,6.472
2265.760,-0.130,0.643,6.472
2265.871,-0.130,0.643,6.472
2265.982,-0.130,0.643,6.472
2266.093,-0.131,0.642,6.473
2266.205,-0.132,0.641,6.472
2266.315,-0.132,0.641,6.472
2266.426,-0.132,0.641,6.472
2266.538,-0.132,0.642,6.471
2266.649,-0.131,0.642,6.471
2266.760,-0.131,0.641,6.470
2266.871,-0.130,0.641,6.469
2266.982,-0.130,0.642,6.470
2267.093,-0.131,0.642,6.471
2267.204,-0.132,0.641,6.470
2267.315,-0.131,0.641,6.470
2267.427,-0.131,0.642,6.471
2267.538,-0.131,0.643,6.472
2267.649,-0.132,0.643,6.473
2267.760,-0.134,0.642,6.474
2267.871,-0.135,0.642,6.473
2267.982,-0.135,0.641,6.473
2268.093,-0.135,0.641,6.473
2268.205,-0.134,0.641,6.473
2268.316,-0.135,0.641,6.473
2268.427,-0.135,0.641,6.473
2268.538,-0.136,0.640,6.474
2268.649,-0.136,0.640,6.474
2268.760,-0.136,0.640,6.474
2268.871,-0.136,0.640,6.474
2268.983,-0.137,0.640,6.474
2269.093,-0.137,0.639,6.474
2269.205,-0.137,0.640,6.474
2269.316,-0.137,0.639,6.473
2269.427,-0.137,0.639,6.473
2269.538,-0.137,0.640,6.473
2269.650,-0.137,0.640,6.473
2269.760,-0.137,0.640,6.473
2269.872,-0.137,0.640,6.472
2269.983,-0.137,0.640,6.472
2270.094,-0.137,0.640,6.471
2270.205,-0.137,0.640,6.472
2270.316,-0.137,0.640,6.472
2270.427,-0.137,0.640,6.472
2270.539,-0.137,0.640,6.471
2270.649,-0.137,0.639,6.470
2270.760,-0.137,0.639,6.470
2270.872,-0.136,0.639,6.469
2270.982,-0.136,0.640,6.469
2271.094,-0.136,0.640,6.468
2271.205,-0.136,0.639,6.467
2271.316,-0.136,0.639,6.467
2271.427,-0.136,0.639,6.467
2271.538,-0.135,0.639,6.467
2271.650,-0.135,0.639,6.467
2271.760,-0.135,0.639,6.467
2271.887,-0.135,0.638,6.467
2271.993,-0.136,0.638,6.467
2272.105,-0.136,0.638,6.467
2272.216,-0.136,0.638,6.467
2272.327,-0.136,0.637,6.467
2272.439,-0.136,0.637,6.466
2272.550,-0.136,0.637,6.466
2272.661,-0.136,0.637,6.467
2272.772,-0.137,0.637,6.467
2272.884,-0.137,0.637,6.467
2272.995,-0.137,0.636,6.467
2273.106,-0.135,0.639,6.467
2273.218,-0.123,0.651,6.469
2273.329,-0.103,0.669,6.483
2273.440,-0.078,0.684,6.503
2273.551,-0.051,0.695,6.525
2273.662,-0.015,0.707,6.548
2273.773,0.029,0.718,6.576
2273.885,0.078,0.724,6.607
2273.996,0.128,0.718,6.631
2274.107,0.174,0.712,6.640
2274.219,0.205,0.707,6.633
2274.330,0.213,0.705,6.615
2274.440,0.207,0.717,6.592
2274.552,0.185,0.731,6.563
2274.663,0.162,0.733,6.539
2274.774,0.128,0.736,6.513
2274.885,0.075,0.739,6.477
2274.997,-0.013,0.738,6.442
2275.108,-0.113,0.740,6.424
2275.219,-0.182,0.780,6.422
2275.330,-0.241,0.877,6.419
2275.441,-0.272,1.000,6.421
2275.552,-0.290,1.125,6.422
2275.663,-0.299,1.262,6.418
2275.774,-0.289,1.400,6.409
2275.885,-0.265,1.514,6.401
2275.996,-0.240,1.574,6.389
2276.107,-0.228,1.594,6.368
2276.219,-0.233,1.595,6.338
2276.330,-0.256,1.590,6.300
2276.441,-0.293,1.585,6.258
2276.552,-0.340,1.584,6.216
2276.663,-0.397,1.596,6.165
2276.774,-0.454,1.614,6.105
2276.886,-0.511,1.623,6.036
2276.997,-0.568,1.623,5.957
2277.108,-0.619,1.610,5.866
2277.219,-0.667,1.588,5.767
2277.330,-0.716,1.584,5.657
2277.441,-0.767,1.602,5.546
2277.553,-0.824,1.613,5.448
2277.664,-0.884,1.613,5.354
2277.775,-0.940,1.599,5.256
2277.886,-0.996,1.585,5.153
2277.997,-1.053,1.600,5.042
2278.109,-1.104,1.609,4.927
2278.219,-1.146,1.613,4.809
2278.332,-1.181,1.603,4.687
2278.442,-1.209,1.583,4.566
2278.554,-1.231,1.598,4.439
2278.664,-1.254,1.611,4.319
2278.776,-1.280,1.617,4.206
2278.887,-1.313,1.612,4.094
2278.998,-1.349,1.597,3.983
2279.109,-1.393,1.591,3.870
2279.220,-1.437,1.600,3.756
2279.332,-1.474,1.611,3.645
2279.443,-1.505,1.609,3.536
2279.554,-1.532,1.592,3.427
2279.665,-1.552,1.581,3.315
2279.777,-1.567,1.596,3.206
2279.887,-1.583,1.608,3.108
2279.999,-1.601,1.620,3.017
2280.109,-1.621,1.623,2.929
2280.221,-1.646,1.620,2.849
2280.332,-1.667,1.621,2.781
2280.439,-1.675,1.625,2.738
2280.552,-1.672,1.621,2.720
2280.663,-1.657,1.615,2.723
2280.775,-1.631,1.612,2.745
2280.886,-1.601,1.608,2.780
2280.997,-1.571,1.603,2.819
2281.108,-1.547,1.600,2.858
2281.219,-1.532,1.602,2.891
2281.330,-1.523,1.607,2.916
2281.441,-1.521,1.608,2.937
2281.552,-1.521,1.611,2.952
2281.664,-1.524,1.612,2.961
2281.775,-1.528,1.613,2.965
2281.886,-1.534,1.613,2.969
2281.998,-1.541,1.611,2.973
2282.109,-1.546,1.614,2.974
2282.220,-1.549,1.614,2.975
2282.332,-1.553,1.613,2.975
2282.442,-1.557,1.612,2.975
2282.553,-1.562,1.610,2.975
2282.664,-1.568,1.608,2.975
2282.776,-1.573,1.608,2.973
2282.887,-1.578,1.606,2.970
2282.997,-1.581,1.605,2.967
2283.109,-1.581,1.605,2.963
2283.220,-1.577,1.604,2.960
2283.328,-1.573,1.603,2.956
2283.441,-1.568,1.601,2.951
2283.552,-1.564,1.600,2.949
2283.663,-1.556,1.599,2.950
2283.775,-1.546,1.598,2.951
2283.886,-1.535,1.593,2.954
2283.997,-1.524,1.587,2.954
2284.109,-1.514,1.583,2.951
2284.219,-1.507,1.579,2.947
2284.331,-1.500,1.571,2.941
2284.442,-1.496,1.568,2.933
2284.553,-1.497,1.564,2.926
2284.664,-1.496,1.566,2.918
2284.776,-1.492,1.565,2.910
2284.887,-1.490,1.562,2.902
2284.998,-1.488,1.561,2.894
2285.108,-1.485,1.562,2.883
2285.220,-1.482,1.563,2.873
2285.331,-1.473,1.564,2.866
2285.442,-1.458,1.563,2.862
2285.552,-1.450,1.562,2.860
2285.664,-1.446,1.563,2.859
2285.775,-1.445,1.562,2.859
2285.886,-1.443,1.562,2.859
2285.997,-1.444,1.560,2.860
2286.108,-1.445,1.561,2.860
2286.220,-1.446,1.561,2.860
2286.331,-1.447,1.560,2.859
2286.442,-1.448,1.559,2.860
2286.553,-1.448,1.559,2.860
2286.665,-1.448,1.559,2.860
2286.775,-1.447,1.559,2.859
2286.887,-1.448,1.559,2.859
2286.998,-1.448,1.559,2.860
2287.109,-1.449,1.559,2.861
2287.221,-1.450,1.560,2.862
2287.332,-1.450,1.560,2.863
2287.443,-1.450,1.560,2.863
2287.553,-1.450,1.560,2.863
2287.665,-1.450,1.559,2.864
2287.776,-1.450,1.560,2.864
2287.887,-1.451,1.559,2.866
2287.998,-1.451,1.559,2.866
2288.110,-1.450,1.557,2.867
2288.221,-1.449,1.558,2.867
2288.333,-1.451,1.558,2.865
2288.443,-1.453,1.558,2.862
2288.554,-1.455,1.557,2.860
2288.666,-1.453,1.557,2.858
2288.776,-1.449,1.556,2.859
2288.887,-1.444,1.556,2.862
2288.999,-1.440,1.556,2.864
2289.110,-1.436,1.556,2.866
2289.221,-1.434,1.556,2.867
2289.332,-1.433,1.556,2.867
2289.442,-1.432,1.554,2.866
2289.554,-1.431,1.555,2.866
2289.665,-1.431,1.555,2.864
2289.776,-1.431,1.556,2.862
2289.888,-1.433,1.555,2.860
2289.999,-1.436,1.555,2.859
2290.109,-1.438,1.555,2.859
2290.221,-1.441,1.555,2.859
2290.332,-1.442,1.555,2.859
2290.443,-1.444,1.553,2.860
2290.554,-1.445,1.551,2.862
2290.666,-1.446,1.551,2.865
2290.776,-1.446,1.552,2.867
2290.888,-1.443,1.552,2.869
2290.999,-1.439,1.554,2.870
2291.110,-1.435,1.556,2.870
2291.221,-1.431,1.557,2.870
2291.332,-1.428,1.559,2.871
2291.443,-1.425,1.560,2.872
2291.554,-1.423,1.560,2.873
2291.666,-1.422,1.561,2.873
2291.777,-1.424,1.560,2.875
2291.887,-1.425,1.560,2.876
2291.999,-1.427,1.559,2.878
2292.110,-1.428,1.560,2.880
2292.221,-1.428,1.561,2.880
2292.332,-1.429,1.561,2.879
2292.443,-1.431,1.559,2.878
2292.555,-1.433,1.561,2.877
2292.666,-1.436,1.561,2.875
2292.776,-1.439,1.561,2.874
2292.887,-1.441,1.561,2.873
2292.999,-1.443,1.561,2.873
2293.110,-1.446,1.560,2.872
2293.221,-1.448,1.562,2.872
2293.332,-1.449,1.564,2.873
2293.443,-1.450,1.563,2.874
2293.554,-1.451,1.562,2.874
2293.666,-1.451,1.563,2.874
2293.776,-1.449,1.562,2.876
2293.888,-1.444,1.562,2.877
2293.999,-1.439,1.560,2.878
2294.110,-1.435,1.560,2.879
2294.221,-1.434,1.559,2.879
2294.332,-1.435,1.558,2.879
2294.443,-1.436,1.557,2.878
2294.555,-1.438,1.556,2.877
2294.666,-1.441,1.555,2.875
2294.776,-1.444,1.555,2.875
2294.887,-1.446,1.556,2.874
2294.999,-1.448,1.555,2.873
2295.110,-1.448,1.554,2.872
2295.221,-1.449,1.555,2.871
2295.332,-1.449,1.556,2.871
2295.443,-1.449,1.557,2.870
2295.555,-1.449,1.557,2.868
2295.666,-1.450,1.557,2.867
2295.776,-1.451,1.556,2.866
2295.888,-1.452,1.555,2.864
2295.999,-1.453,1.554,2.862
2296.110,-1.452,1.555,2.861
2296.221,-1.451,1.555,2.862
2296.333,-1.452,1.556,2.863
2296.443,-1.453,1.555,2.865
2296.555,-1.453,1.555,2.866
2296.666,-1.454,1.554,2.867
2296.776,-1.455,1.554,2.869
2296.887,-1.457,1.554,2.870
2296.999,-1.458,1.554,2.870
2297.110,-1.458,1.554,2.870
2297.221,-1.457,1.555,2.870
2297.331,-1.456,1.556,2.871
2297.442,-1.452,1.558,2.870
2297.553,-1.448,1.559,2.867
2297.665,-1.444,1.560,2.863
2297.776,-1.440,1.560,2.857
2297.887,-1.436,1.560,2.850
2297.998,-1.432,1.558,2.844
2298.109,-1.429,1.558,2.836
2298.220,-1.427,1.558,2.829
2298.331,-1.427,1.560,2.823
2298.443,-1.427,1.561,2.815
2298.554,-1.428,1.561,2.803
2298.666,-1.428,1.559,2.789
2298.776,-1.427,1.557,2.772
2298.887,-1.427,1.554,2.756
2298.999,-1.427,1.552,2.743
2299.110,-1.427,1.550,2.734
2299.221,-1.427,1.549,2.727
2299.332,-1.427,1.547,2.722
2299.443,-1.428,1.546,2.719
2299.554,-1.431,1.546,2.717
2299.665,-1.434,1.547,2.716
2299.776,-1.436,1.547,2.718
2299.887,-1.437,1.547,2.723
2299.999,-1.438,1.547,2.729
2300.110,-1.439,1.548,2.736
2300.220,-1.440,1.549,2.741
2300.332,-1.442,1.550,2.743
2300.442,-1.443,1.552,2.743
2300.554,-1.442,1.552,2.743
2300.665,-1.441,1.552,2.745
2300.776,-1.438,1.554,2.747
2300.887,-1.435,1.555,2.750
2300.998,-1.434,1.557,2.754
2301.109,-1.434,1.561,2.759
2301.220,-1.433,1.568,2.766
2301.332,-1.431,1.574,2.776
2301.443,-1.425,1.573,2.790
2301.554,-1.416,1.565,2.808
2301.666,-1.408,1.557,2.827
2301.776,-1.403,1.551,2.845
2301.887,-1.401,1.553,2.861
2301.999,-1.406,1.562,2.872
2302.109,-1.415,1.572,2.884
2302.220,-1.420,1.581,2.892
2302.332,-1.421,1.589,2.896
2302.443,-1.419,1.593,2.896
2302.554,-1.415,1.597,2.892
2302.665,-1.410,1.600,2.886
2302.776,-1.405,1.604,2.878
2302.887,-1.402,1.604,2.871
2302.999,-1.399,1.605,2.862
2303.109,-1.395,1.601,2.857
2303.221,-1.395,1.600,2.859
2303.332,-1.398,1.599,2.867
2303.443,-1.404,1.596,2.881
2303.553,-1.416,1.593,2.903
2303.665,-1.428,1.596,2.930
2303.775,-1.439,1.596,2.956
2303.888,-1.446,1.593,2.980
2303.998,-1.452,1.591,3.004
2304.108,-1.457,1.589,3.031
2304.219,-1.464,1.588,3.060
2304.331,-1.472,1.587,3.088
2304.442,-1.482,1.584,3.117
2304.553,-1.495,1.586,3.150
2304.664,-1.510,1.590,3.189
2304.775,-1.525,1.591,3.231
2304.886,-1.536,1.590,3.272
2304.998,-1.541,1.587,3.309
2305.109,-1.541,1.588,3.339
2305.220,-1.539,1.592,3.363
2305.332,-1.536,1.595,3.381
2305.442,-1.530,1.597,3.396
2305.554,-1.523,1.601,3.407
2305.665,-1.515,1.606,3.413
2305.776,-1.505,1.606,3.416
2305.887,-1.494,1.604,3.418
2305.998,-1.481,1.603,3.419
2306.109,-1.471,1.602,3.418
2306.220,-1.465,1.602,3.416
2306.331,-1.462,1.601,3.413
2306.442,-1.463,1.600,3.409
2306.554,-1.466,1.599,3.406
2306.665,-1.471,1.599,3.404
2306.776,-1.476,1.598,3.403
2306.887,-1.481,1.598,3.402
2306.999,-1.484,1.598,3.402
2307.109,-1.487,1.599,3.403
2307.220,-1.488,1.600,3.403
2307.332,-1.488,1.601,3.404
2307.443,-1.487,1.604,3.405
2307.554,-1.483,1.606,3.405
2307.665,-1.478,1.607,3.407
2307.776,-1.474,1.608,3.409
2307.887,-1.470,1.607,3.411
2307.999,-1.468,1.606,3.414
2308.109,-1.468,1.606,3.415
2308.217,-1.468,1.607,3.414
2308.328,-1.467,1.606,3.413
2308.440,-1.469,1.606,3.411
2308.551,-1.468,1.609,3.410
2308.662,-1.470,1.609,3.409
2308.773,-1.472,1.610,3.409
2308.884,-1.470,1.608,3.411
2308.995,-1.466,1.611,3.410
2309.106,-1.464,1.614,3.408
2309.217,-1.460,1.614,3.406
2309.329,-1.461,1.615,3.406
2309.440,-1.470,1.612,3.404
2309.551,-1.478,1.609,3.401
2309.662,-1.483,1.607,3.397
2309.774,-1.484,1.604,3.394
2309.885,-1.485,1.602,3.392
2309.997,-1.486,1.600,3.391
2310.108,-1.487,1.599,3.390
2310.220,-1.489,1.598,3.389
2310.330,-1.490,1.598,3.388
2310.440,-1.492,1.599,3.387
2310.551,-1.494,1.600,3.386
2310.662,-1.495,1.603,3.385
2310.774,-1.494,1.604,3.386
2310.885,-1.493,1.604,3.387
2310.996,-1.489,1.604,3.388
2311.107,-1.484,1.604,3.389
2311.219,-1.478,1.605,3.390
2311.330,-1.473,1.607,3.389
2311.441,-1.468,1.609,3.389
2311.552,-1.466,1.610,3.387
2311.663,-1.469,1.609,3.383
2311.774,-1.474,1.605,3.381
2311.885,-1.477,1.601,3.385
2311.996,-1.473,1.598,3.400
2312.108,-1.469,1.594,3.428
2312.220,-1.466,1.592,3.468
2312.331,-1.464,1.589,3.514
2312.442,-1.463,1.585,3.568
2312.553,-1.463,1.579,3.630
2312.663,-1.459,1.575,3.696
2312.775,-1.451,1.570,3.762
2312.885,-1.441,1.564,3.823
2312.996,-1.421,1.556,3.884
2313.107,-1.398,1.548,3.943
2313.218,-1.374,1.543,4.002
2313.330,-1.351,1.537,4.060
2313.441,-1.327,1.538,4.118
2313.552,-1.301,1.550,4.180
2313.663,-1.280,1.560,4.240
2313.773,-1.268,1.563,4.298
2313.885,-1.262,1.560,4.352
2313.996,-1.261,1.553,4.407
2314.107,-1.264,1.544,4.470
2314.218,-1.268,1.536,4.543
2314.330,-1.271,1.536,4.631
2314.440,-1.269,1.535,4.722
2314.552,-1.256,1.517,4.813
2314.663,-1.229,1.478,4.899
2314.774,-1.192,1.425,4.981
2314.885,-1.154,1.354,5.046
2314.997,-1.114,1.274,5.106
2315.108,-1.079,1.192,5.153
2315.220,-1.053,1.118,5.184
2315.330,-1.032,1.065,5.205
2315.441,-1.014,1.032,5.221
2315.552,-1.003,1.017,5.233
2315.664,-0.994,1.009,5.241
2315.775,-0.989,1.003,5.247
2315.887,-0.987,0.997,5.250
2315.998,-0.987,0.992,5.251
2316.109,-0.989,0.990,5.250
2316.220,-0.992,0.989,5.248
2316.332,-0.995,0.987,5.245
2316.442,-0.998,0.984,5.242
2316.553,-1.000,0.980,5.239
2316.665,-1.001,0.976,5.236
2316.775,-0.999,0.974,5.233
2316.887,-0.997,0.973,5.230
2316.998,-0.994,0.974,5.228
2317.109,-0.991,0.973,5.227
2317.220,-0.989,0.970,5.226
2317.331,-0.988,0.965,5.225
2317.442,-0.988,0.958,5.225
2317.553,-0.989,0.946,5.225
2317.665,-0.991,0.935,5.225
2317.775,-0.992,0.928,5.225
2317.887,-0.993,0.927,5.225
2317.998,-0.995,0.931,5.226
2318.109,-0.997,0.934,5.226
2318.220,-0.999,0.935,5.227
2318.332,-1.001,0.937,5.227
2318.442,-1.002,0.941,5.228
2318.553,-1.002,0.946,5.228
2318.665,-1.002,0.947,5.229
2318.775,-1.002,0.948,5.230
2318.887,-1.002,0.949,5.231
2318.999,-1.002,0.949,5.233
2319.109,-1.000,0.946,5.234
2319.221,-0.997,0.940,5.235
2319.332,-0.993,0.932,5.236
2319.443,-0.990,0.925,5.238
2319.552,-0.988,0.927,5.240
2319.663,-0.988,0.933,5.243
2319.775,-0.988,0.936,5.244
2319.886,-0.988,0.934,5.242
2319.998,-0.989,0.929,5.239
2320.109,-0.991,0.926,5.236
2320.220,-0.992,0.928,5.236
2320.331,-0.993,0.934,5.238
2320.442,-0.996,0.940,5.241
2320.553,-0.999,0.945,5.243
2320.665,-1.001,0.951,5.244
2320.775,-1.004,0.956,5.245
2320.886,-1.007,0.954,5.244
2320.996,-1.011,0.947,5.243
2321.108,-1.014,0.944,5.242
2321.219,-1.017,0.944,5.244
2321.330,-1.020,0.945,5.244
2321.441,-1.020,0.946,5.244
2321.552,-1.019,0.943,5.242
2321.664,-1.017,0.939,5.240
2321.775,-1.014,0.935,5.238
2321.886,-1.012,0.934,5.237
2321.997,-1.010,0.936,5.238
2322.108,-1.008,0.934,5.238
2322.220,-1.005,0.934,5.237
2322.331,-1.003,0.935,5.238
2322.442,-1.003,0.939,5.239
2322.553,-1.004,0.942,5.242
2322.665,-1.005,0.944,5.243
2322.775,-1.006,0.946,5.244
2322.886,-1.007,0.946,5.244
2322.997,-1.008,0.949,5.244
2323.109,-1.009,0.959,5.245
2323.220,-1.010,0.980,5.246
2323.331,-1.011,1.015,5.245
2323.442,-1.016,1.077,5.239
2323.553,-1.030,1.166,5.225
2323.664,-1.057,1.256,5.193
2323.775,-1.093,1.340,5.150
2323.886,-1.146,1.411,5.092
2323.998,-1.203,1.463,5.032
2324.109,-1.254,1.506,4.976
2324.220,-1.298,1.542,4.922
2324.331,-1.337,1.568,4.861
2324.442,-1.373,1.584,4.792
2324.555,-1.408,1.600,4.707
2324.665,-1.446,1.612,4.619
2324.776,-1.485,1.620,4.532
2324.887,-1.524,1.618,4.453
2324.998,-1.556,1.621,4.385
2325.109,-1.575,1.625,4.323
2325.220,-1.583,1.623,4.260
2325.331,-1.579,1.615,4.197
2325.442,-1.564,1.604,4.130
2325.554,-1.543,1.598,4.058
2325.664,-1.521,1.608,3.981
2325.776,-1.505,1.611,3.904
2325.887,-1.496,1.605,3.832
2325.999,-1.495,1.599,3.759
2326.109,-1.502,1.591,3.686
2326.220,-1.514,1.582,3.615
2326.331,-1.531,1.585,3.543
2326.443,-1.549,1.603,3.474
2326.554,-1.566,1.613,3.410
2326.665,-1.573,1.616,3.355
2326.776,-1.574,1.617,3.311
2326.887,-1.571,1.617,3.275
2326.998,-1.565,1.617,3.242
2327.109,-1.553,1.619,3.214
2327.220,-1.537,1.619,3.188
2327.332,-1.524,1.616,3.158
2327.443,-1.516,1.614,3.126
2327.554,-1.511,1.609,3.094
2327.665,-1.506,1.607,3.059
2327.776,-1.500,1.604,3.019
2327.887,-1.499,1.597,2.972
2327.999,-1.505,1.591,2.920
2328.109,-1.516,1.590,2.862
2328.221,-1.530,1.597,2.804
2328.332,-1.540,1.599,2.761
2328.443,-1.545,1.598,2.737
2328.553,-1.550,1.594,2.724
2328.665,-1.554,1.588,2.719
2328.776,-1.554,1.586,2.714
2328.888,-1.556,1.583,2.710
2328.999,-1.558,1.583,2.705
2329.110,-1.562,1.581,2.704
2329.221,-1.561,1.584,2.702
2329.332,-1.559,1.586,2.695
2329.443,-1.557,1.583,2.693
2329.554,-1.555,1.582,2.695
2329.665,-1.554,1.583,2.689
2329.776,-1.554,1.580,2.683
2329.887,-1.553,1.579,2.679
2329.998,-1.553,1.578,2.677
2330.109,-1.552,1.577,2.678
2330.221,-1.551,1.577,2.679
2330.332,-1.550,1.576,2.681
2330.442,-1.549,1.575,2.686
2330.554,-1.546,1.575,2.687
2330.666,-1.545,1.574,2.683
2330.777,-1.546,1.574,2.674
2330.887,-1.548,1.573,2.665
2330.999,-1.549,1.572,2.662
2331.110,-1.546,1.574,2.661
2331.221,-1.545,1.572,2.663
2331.333,-1.545,1.571,2.663
2331.444,-1.547,1.571,2.662
2331.554,-1.550,1.571,2.659
2331.666,-1.552,1.571,2.658
2331.776,-1.553,1.572,2.658
2331.901,-1.553,1.572,2.661
2332.013,-1.553,1.572,2.666
2332.124,-1.552,1.572,2.673
2332.235,-1.550,1.572,2.681
2332.346,-1.547,1.573,2.689
2332.457,-1.543,1.573,2.699
2332.568,-1.537,1.574,2.711
2332.680,-1.531,1.575,2.727
2332.790,-1.524,1.576,2.746
2332.902,-1.515,1.577,2.768
2333.013,-1.508,1.577,2.793
2333.123,-1.506,1.577,2.818
2333.235,-1.505,1.576,2.841
2333.346,-1.504,1.572,2.861
2333.457,-1.504,1.569,2.879
2333.568,-1.502,1.569,2.892
2333.679,-1.499,1.569,2.899
2333.790,-1.497,1.572,2.900
2333.901,-1.498,1.570,2.898
2334.013,-1.501,1.565,2.895
2334.123,-1.506,1.565,2.894
2334.235,-1.510,1.569,2.893
2334.346,-1.513,1.572,2.892
2334.457,-1.515,1.573,2.891
2334.568,-1.518,1.574,2.892
2334.679,-1.520,1.574,2.892
2334.790,-1.521,1.574,2.893
2334.902,-1.520,1.569,2.897
2335.013,-1.517,1.567,2.903
2335.124,-1.516,1.572,2.908
2335.235,-1.515,1.577,2.910
2335.346,-1.514,1.578,2.912
2335.457,-1.513,1.575,2.918
2335.568,-1.511,1.573,2.925
2335.680,-1.507,1.573,2.933
2335.790,-1.501,1.573,2.937
2335.902,-1.497,1.572,2.940
2336.012,-1.498,1.571,2.940
2336.124,-1.501,1.570,2.938
2336.235,-1.505,1.568,2.935
2336.347,-1.511,1.571,2.936
2336.457,-1.515,1.573,2.939
2336.568,-1.520,1.576,2.936
2336.679,-1.524,1.580,2.926
2336.790,-1.526,1.579,2.914
2336.901,-1.527,1.577,2.907
2337.013,-1.526,1.574,2.906
2337.124,-1.526,1.575,2.907
2337.235,-1.525,1.576,2.905
2337.346,-1.526,1.570,2.903
2337.456,-1.532,1.569,2.898
2337.568,-1.544,1.568,2.892
2337.679,-1.557,1.572,2.880
2337.791,-1.574,1.588,2.864
2337.902,-1.588,1.587,2.847
2338.013,-1.590,1.588,2.832
2338.124,-1.588,1.586,2.821
2338.235,-1.587,1.582,2.815
2338.346,-1.586,1.579,2.812
2338.457,-1.587,1.577,2.810
2338.568,-1.588,1.574,2.811
2338.680,-1.588,1.570,2.813
2338.790,-1.585,1.567,2.814
2338.901,-1.583,1.565,2.817
2339.012,-1.575,1.562,2.822
2339.123,-1.568,1.564,2.823
2339.235,-1.569,1.562,2.827
2339.345,-1.566,1.564,2.830
2339.457,-1.567,1.563,2.835
2339.568,-1.566,1.565,2.839
2339.679,-1.564,1.567,2.841
2339.790,-1.564,1.565,2.843
2339.901,-1.564,1.565,2.844
2340.012,-1.564,1.564,2.845
2340.123,-1.563,1.564,2.846
2340.235,-1.562,1.565,2.846
2340.346,-1.561,1.564,2.846
2340.457,-1.560,1.563,2.847
2340.568,-1.558,1.562,2.847
2340.679,-1.556,1.561,2.848
2340.790,-1.555,1.561,2.848
2340.901,-1.553,1.560,2.848
2341.012,-1.552,1.559,2.848
2341.123,-1.553,1.557,2.848
2341.235,-1.555,1.557,2.849
2341.345,-1.556,1.558,2.850
2341.457,-1.557,1.559,2.850
2341.568,-1.558,1.559,2.849
2341.679,-1.558,1.559,2.849
2341.790,-1.560,1.559,2.848
2341.901,-1.561,1.559,2.848
2342.012,-1.561,1.559,2.849
2342.124,-1.562,1.559,2.850
2342.235,-1.562,1.559,2.852
2342.346,-1.562,1.558,2.854
2342.457,-1.563,1.559,2.857
2342.568,-1.562,1.559,2.859
2342.679,-1.561,1.559,2.861
2342.790,-1.559,1.560,2.862
2342.902,-1.558,1.560,2.862
2343.012,-1.557,1.559,2.862
2343.124,-1.555,1.559,2.862
2343.235,-1.553,1.559,2.861
2343.346,-1.551,1.559,2.860
2343.456,-1.549,1.558,2.860
2343.568,-1.547,1.558,2.860
2343.679,-1.546,1.558,2.859
2343.790,-1.546,1.558,2.858
2343.901,-1.547,1.558,2.858
2344.013,-1.547,1.558,2.859
2344.123,-1.548,1.558,2.859
2344.234,-1.548,1.558,2.861
2344.346,-1.549,1.558,2.862
2344.457,-1.550,1.557,2.863
2344.567,-1.554,1.556,2.863
2344.679,-1.557,1.556,2.864
2344.790,-1.557,1.557,2.865
2344.902,-1.557,1.557,2.865
2345.013,-1.557,1.557,2.865
2345.120,-1.558,1.557,2.865
2345.232,-1.559,1.557,2.865
2345.343,-1.561,1.557,2.865
2345.454,-1.560,1.557,2.866
2345.566,-1.560,1.557,2.866
2345.677,-1.561,1.556,2.867
2345.788,-1.561,1.557,2.868
2345.899,-1.560,1.557,2.868
2346.011,-1.560,1.557,2.868
2346.122,-1.562,1.556,2.868
2346.233,-1.563,1.556,2.869
2346.345,-1.562,1.557,2.869
2346.455,-1.563,1.556,2.869
2346.566,-1.566,1.556,2.870
2346.677,-1.567,1.556,2.871
2346.788,-1.567,1.557,2.871
2346.901,-1.566,1.556,2.870
2347.011,-1.566,1.556,2.871
2347.122,-1.566,1.562,2.871
2347.233,-1.573,1.568,2.866
2347.345,-1.585,1.574,2.853
2347.455,-1.595,1.578,2.831
2347.567,-1.599,1.582,2.806
2347.679,-1.596,1.580,2.788
2347.790,-1.590,1.577,2.772
2347.901,-1.591,1.575,2.751
2348.012,-1.600,1.572,2.724
2348.123,-1.613,1.569,2.693
2348.234,-1.624,1.567,2.664
2348.345,-1.629,1.566,2.646
2348.456,-1.628,1.561,2.631
2348.567,-1.626,1.557,2.618
2348.679,-1.626,1.557,2.604
2348.790,-1.630,1.556,2.586
2348.901,-1.638,1.555,2.564
2349.012,-1.648,1.564,2.534
2349.123,-1.664,1.570,2.503
2349.234,-1.682,1.567,2.469
2349.346,-1.697,1.560,2.433
2349.457,-1.707,1.548,2.394
2349.568,-1.707,1.527,2.354
2349.679,-1.697,1.502,2.315
2349.790,-1.683,1.472,2.284
2349.901,-1.669,1.446,2.265
2350.013,-1.661,1.430,2.255
2350.123,-1.659,1.425,2.255
2350.234,-1.660,1.428,2.259
2350.345,-1.662,1.431,2.262
2350.456,-1.663,1.432,2.262
2350.568,-1.665,1.430,2.260
2350.678,-1.667,1.429,2.258
2350.790,-1.669,1.430,2.259
2350.901,-1.668,1.433,2.263
2351.012,-1.668,1.437,2.267
2351.123,-1.667,1.439,2.272
2351.235,-1.665,1.442,2.273
2351.346,-1.661,1.446,2.277
2351.457,-1.657,1.454,2.283
2351.568,-1.654,1.459,2.296
2351.679,-1.649,1.469,2.309
2351.790,-1.642,1.478,2.333
2351.902,-1.632,1.492,2.369
2352.013,-1.616,1.506,2.425
2352.124,-1.594,1.520,2.496
2352.235,-1.569,1.532,2.580
2352.346,-1.544,1.546,2.666
2352.457,-1.528,1.553,2.745
2352.568,-1.529,1.558,2.811
2352.679,-1.536,1.565,2.859
2352.791,-1.546,1.568,2.895
2352.901,-1.556,1.570,2.920
2353.012,-1.562,1.572,2.936
2353.124,-1.563,1.572,2.948
2353.235,-1.560,1.573,2.956
2353.347,-1.550,1.572,2.966
2353.457,-1.539,1.573,2.975
2353.568,-1.533,1.574,2.981
2353.679,-1.529,1.576,2.984
2353.790,-1.526,1.582,2.983
2353.901,-1.521,1.584,2.981
2354.013,-1.517,1.581,2.978
2354.124,-1.515,1.581,2.974
2354.235,-1.516,1.581,2.969
2354.346,-1.518,1.582,2.962
2354.457,-1.521,1.582,2.955
2354.568,-1.524,1.582,2.949
2354.679,-1.526,1.583,2.942
2354.790,-1.527,1.583,2.938
2354.902,-1.528,1.588,2.935
2355.013,-1.527,1.593,2.934
2355.124,-1.525,1.594,2.936
2355.235,-1.527,1.593,2.939
2355.346,-1.529,1.594,2.943
2355.457,-1.530,1.597,2.946
2355.568,-1.528,1.600,2.946
2355.679,-1.526,1.602,2.945
2355.790,-1.524,1.602,2.942
2355.900,-1.522,1.603,2.936
2356.012,-1.519,1.605,2.928
2356.123,-1.518,1.605,2.919
2356.234,-1.515,1.607,2.908
2356.346,-1.514,1.609,2.891
2356.457,-1.514,1.610,2.867
2356.568,-1.516,1.616,2.840
2356.680,-1.518,1.625,2.811
2356.790,-1.522,1.634,2.784
2356.901,-1.528,1.642,2.760
2357.013,-1.534,1.647,2.741
2357.124,-1.540,1.649,2.723
2357.235,-1.544,1.650,2.708
2357.346,-1.549,1.650,2.694
2357.457,-1.553,1.650,2.683
2357.569,-1.555,1.650,2.673
2357.679,-1.558,1.652,2.667
2357.790,-1.560,1.655,2.664
2357.901,-1.561,1.659,2.666
2358.013,-1.562,1.663,2.670
2358.123,-1.562,1.666,2.677
2358.235,-1.562,1.669,2.687
2358.346,-1.561,1.668,2.702
2358.457,-1.559,1.669,2.718
2358.568,-1.556,1.665,2.735
2358.679,-1.557,1.654,2.757
2358.790,-1.555,1.642,2.784
2358.902,-1.547,1.630,2.811
2359.013,-1.532,1.623,2.833
2359.124,-1.525,1.611,2.856
2359.235,-1.527,1.600,2.879
2359.346,-1.532,1.595,2.902
2359.457,-1.539,1.593,2.925
2359.568,-1.547,1.592,2.946
2359.679,-1.553,1.590,2.963
2359.791,-1.558,1.590,2.975
2359.901,-1.561,1.592,2.984
2360.013,-1.564,1.592,2.988
2360.123,-1.565,1.592,2.986
2360.235,-1.566,1.588,2.980
2360.346,-1.565,1.588,2.972
2360.457,-1.564,1.592,2.959
2360.568,-1.562,1.596,2.945
2360.679,-1.561,1.598,2.929
2360.791,-1.559,1.598,2.913
2360.901,-1.558,1.599,2.894
2361.013,-1.556,1.598,2.876
2361.123,-1.554,1.598,2.863
2361.235,-1.551,1.600,2.860
2361.346,-1.547,1.605,2.869
2361.457,-1.544,1.601,2.887
2361.568,-1.539,1.601,2.907
2361.679,-1.536,1.606,2.922
2361.789,-1.539,1.610,2.934
2361.901,-1.547,1.613,2.944
2362.011,-1.558,1.620,2.949
2362.123,-1.569,1.626,2.952
2362.234,-1.582,1.626,2.953
2362.345,-1.593,1.624,2.953
2362.457,-1.603,1.621,2.952
2362.567,-1.611,1.620,2.950
2362.679,-1.618,1.619,2.946
2362.790,-1.625,1.619,2.943
2362.901,-1.634,1.619,2.939
2363.012,-1.644,1.618,2.937
2363.123,-1.654,1.618,2.935
2363.235,-1.664,1.616,2.933
2363.345,-1.669,1.614,2.930
2363.457,-1.673,1.612,2.929
2363.568,-1.673,1.612,2.926
2363.679,-1.668,1.611,2.920
2363.790,-1.660,1.613,2.915
2363.901,-1.652,1.615,2.909
2364.013,-1.646,1.616,2.904
2364.123,-1.641,1.616,2.901
2364.235,-1.638,1.616,2.901
2364.346,-1.637,1.616,2.902
2364.457,-1.637,1.619,2.901
2364.569,-1.641,1.618,2.899
2364.679,-1.644,1.619,2.898
2364.790,-1.646,1.621,2.900
2364.901,-1.647,1.623,2.903
2365.012,-1.649,1.626,2.904
2365.123,-1.652,1.630,2.902
2365.235,-1.653,1.630,2.900
2365.346,-1.652,1.629,2.899
2365.457,-1.651,1.627,2.900
2365.568,-1.653,1.628,2.900
2365.679,-1.657,1.627,2.901
2365.790,-1.659,1.626,2.903
2365.901,-1.661,1.626,2.905
2366.012,-1.662,1.626,2.906
2366.123,-1.665,1.625,2.906
2366.234,-1.667,1.624,2.904
2366.345,-1.670,1.624,2.903
2366.456,-1.670,1.624,2.902
2366.568,-1.672,1.624,2.900
2366.678,-1.673,1.624,2.899
2366.790,-1.674,1.624,2.898
2366.901,-1.673,1.623,2.898
2367.013,-1.673,1.623,2.896
2367.123,-1.673,1.623,2.895
2367.235,-1.673,1.622,2.895
2367.346,-1.673,1.621,2.895
2367.456,-1.673,1.621,2.895
2367.568,-1.672,1.621,2.894
2367.679,-1.671,1.620,2.894
2367.790,-1.670,1.620,2.894
2367.901,-1.669,1.619,2.894
2368.012,-1.667,1.619,2.895
2368.124,-1.666,1.620,2.894
2368.234,-1.665,1.619,2.894
2368.345,-1.664,1.619,2.893
2368.457,-1.663,1.619,2.892
2368.568,-1.662,1.619,2.890
2368.679,-1.661,1.619,2.887
2368.790,-1.659,1.618,2.883
2368.901,-1.659,1.617,2.879
2369.012,-1.658,1.617,2.876
2369.123,-1.658,1.617,2.873
2369.234,-1.658,1.617,2.869
2369.346,-1.658,1.617,2.866
2369.457,-1.659,1.616,2.863
2369.568,-1.660,1.616,2.861
2369.680,-1.660,1.615,2.859
2369.790,-1.661,1.615,2.857
2369.902,-1.661,1.615,2.856
2370.012,-1.662,1.615,2.854
2370.123,-1.664,1.614,2.853
2370.235,-1.665,1.614,2.851
2370.346,-1.667,1.614,2.848
2370.456,-1.670,1.614,2.845
2370.568,-1.672,1.614,2.841
2370.679,-1.674,1.614,2.836
2370.790,-1.675,1.615,2.831
2370.902,-1.673,1.614,2.829
2371.012,-1.665,1.612,2.833
2371.123,-1.652,1.610,2.838
2371.235,-1.642,1.612,2.843
2371.346,-1.636,1.617,2.847
2371.457,-1.632,1.619,2.855
2371.568,-1.627,1.620,2.862
2371.679,-1.617,1.620,2.865
2371.790,-1.597,1.619,2.864
2371.901,-1.566,1.619,2.860
2372.012,-1.523,1.615,2.853
2372.124,-1.466,1.609,2.843
2372.235,-1.398,1.609,2.831
2372.344,-1.326,1.611,2.813
2372.455,-1.259,1.609,2.791
2372.567,-1.191,1.605,2.758
2372.678,-1.125,1.591,2.715
2372.789,-1.060,1.570,2.657
2372.901,-0.994,1.558,2.586
2373.012,-0.924,1.566,2.503
2373.123,-0.855,1.578,2.422
2373.234,-0.786,1.580,2.346
2373.346,-0.718,1.578,2.275
2373.457,-0.646,1.565,2.206
2373.567,-0.567,1.552,2.137
2373.679,-0.480,1.559,2.065
2373.790,-0.400,1.578,1.990
2373.901,-0.337,1.585,1.913
2374.012,-0.286,1.585,1.835
2374.123,-0.242,1.574,1.755
2374.235,-0.204,1.560,1.673
2374.346,-0.168,1.568,1.585
2374.457,-0.133,1.584,1.505
2374.568,-0.101,1.589,1.439
2374.679,-0.075,1.591,1.384
2374.790,-0.047,1.588,1.336
2374.902,-0.017,1.579,1.293
2375.013,0.022,1.574,1.254
2375.124,0.064,1.579,1.218
2375.236,0.099,1.582,1.188
2375.345,0.126,1.579,1.162
2375.456,0.142,1.577,1.140
2375.568,0.150,1.577,1.122
2375.679,0.149,1.577,1.107
2375.790,0.142,1.577,1.094
2375.901,0.130,1.578,1.082
2376.012,0.116,1.582,1.064
2376.123,0.102,1.588,1.040
2376.234,0.084,1.596,1.007
2376.346,0.060,1.603,0.974
2376.457,0.028,1.609,0.945
2376.569,-0.010,1.614,0.927
2376.680,-0.043,1.616,0.920
2376.791,-0.068,1.615,0.920
2376.902,-0.085,1.613,0.922
2377.013,-0.100,1.613,0.925
2377.124,-0.114,1.614,0.928
2377.235,-0.124,1.615,0.932
2377.346,-0.132,1.618,0.936
2377.457,-0.136,1.621,0.941
2377.569,-0.138,1.622,0.946
2377.680,-0.139,1.624,0.950
2377.791,-0.139,1.626,0.953
2377.902,-0.139,1.631,0.956
2378.013,-0.136,1.645,0.960
2378.124,-0.125,1.664,0.972
2378.236,-0.109,1.677,0.990
2378.346,-0.100,1.680,1.008
2378.457,-0.095,1.679,1.021
2378.568,-0.092,1.679,1.031
2378.680,-0.088,1.679,1.037
2378.790,-0.085,1.678,1.039
2378.902,-0.084,1.677,1.037
2379.013,-0.083,1.675,1.027
2379.124,-0.082,1.673,1.012
2379.235,-0.077,1.672,0.997
2379.346,-0.073,1.669,0.984
2379.458,-0.070,1.664,0.972
2379.569,-0.068,1.654,0.961
2379.680,-0.066,1.647,0.955
2379.792,-0.064,1.640,0.951
2379.902,-0.062,1.634,0.951
2380.013,-0.060,1.629,0.953
2380.125,-0.060,1.625,0.955
2380.236,-0.060,1.620,0.959
2380.347,-0.061,1.613,0.963
2380.458,-0.063,1.609,0.965
2380.569,-0.066,1.606,0.966
2380.680,-0.074,1.607,0.966
2380.791,-0.083,1.605,0.967
2380.902,-0.096,1.603,0.966
2381.013,-0.109,1.604,0.956
2381.125,-0.118,1.605,0.939
2381.236,-0.123,1.599,0.914
2381.347,-0.126,1.591,0.880
2381.458,-0.119,1.585,0.837
2381.569,-0.101,1.578,0.786
2381.680,-0.074,1.567,0.732
2381.792,-0.044,1.563,0.679
2381.903,-0.015,1.566,0.632
2382.013,0.008,1.567,0.592
2382.125,0.022,1.568,0.560
2382.236,0.022,1.568,0.536
2382.347,0.007,1.570,0.522
2382.458,-0.025,1.574,0.517
2382.570,-0.070,1.572,0.522
2382.681,-0.121,1.568,0.532
2382.792,-0.171,1.563,0.542
2382.902,-0.221,1.560,0.553
2383.013,-0.274,1.555,0.559
2383.125,-0.327,1.548,0.565
2383.236,-0.380,1.544,0.574
2383.346,-0.430,1.541,0.581
2383.458,-0.477,1.539,0.585
2383.569,-0.527,1.536,0.584
2383.680,-0.581,1.531,0.579
2383.791,-0.648,1.532,0.575
2383.902,-0.723,1.545,0.569
2384.014,-0.800,1.560,0.566
2384.125,-0.874,1.564,0.568
2384.236,-0.947,1.566,0.573
2384.347,-1.022,1.562,0.582
2384.458,-1.101,1.551,0.596
2384.569,-1.186,1.547,0.615
2384.680,-1.277,1.562,0.631
2384.792,-1.364,1.575,0.638
2384.900,-1.442,1.580,0.636
2385.012,-1.514,1.580,0.624
2385.123,-1.583,1.572,0.601
2385.235,-1.654,1.563,0.563
2385.346,-1.732,1.565,0.510
2385.457,-1.808,1.569,0.455
2385.568,-1.874,1.565,0.403
2385.679,-1.925,1.554,0.363
2385.790,-1.958,1.543,0.333
2385.902,-1.973,1.535,0.310
2386.012,-1.975,1.531,0.298
2386.124,-1.964,1.530,0.297
2386.235,-1.947,1.534,0.309
2386.346,-1.928,1.539,0.329
2386.457,-1.902,1.539,0.357
2386.568,-1.872,1.539,0.388
2386.680,-1.840,1.540,0.419
2386.791,-1.802,1.548,0.440
2386.902,-1.748,1.555,0.461
2387.013,-1.691,1.555,0.481
2387.124,-1.631,1.552,0.492
2387.236,-1.567,1.553,0.495
2387.346,-1.505,1.556,0.494
2387.458,-1.456,1.561,0.489
2387.569,-1.427,1.562,0.482
2387.681,-1.425,1.562,0.472
2387.791,-1.450,1.564,0.463
2387.902,-1.494,1.567,0.459
2388.014,-1.546,1.567,0.453
2388.125,-1.602,1.567,0.443
2388.235,-1.655,1.567,0.431
2388.347,-1.700,1.565,0.419
2388.458,-1.734,1.563,0.406
2388.569,-1.749,1.563,0.393
2388.684,-1.741,1.565,0.380
2388.790,-1.713,1.566,0.375
2388.902,-1.672,1.567,0.384
2389.013,-1.631,1.569,0.399
2389.124,-1.592,1.569,0.415
2389.235,-1.550,1.567,0.431
2389.346,-1.509,1.566,0.446
2389.457,-1.471,1.564,0.458
2389.568,-1.439,1.561,0.469
2389.679,-1.416,1.561,0.476
2389.790,-1.406,1.562,0.479
2389.901,-1.413,1.561,0.479
2390.013,-1.438,1.564,0.478
2390.124,-1.478,1.567,0.478
2390.236,-1.526,1.570,0.481
2390.346,-1.573,1.573,0.485
2390.457,-1.614,1.573,0.487
2390.568,-1.650,1.573,0.483
2390.680,-1.680,1.571,0.474
2390.790,-1.704,1.571,0.461
2390.902,-1.719,1.572,0.445
2391.013,-1.714,1.570,0.427
2391.123,-1.689,1.567,0.417
2391.235,-1.657,1.564,0.417
2391.346,-1.623,1.563,0.424
2391.458,-1.587,1.563,0.432
2391.568,-1.548,1.563,0.438
2391.680,-1.510,1.561,0.444
2391.791,-1.475,1.558,0.450
2391.897,-1.451,1.557,0.455
2392.009,-1.433,1.558,0.461
2392.122,-1.432,1.560,0.470
2392.233,-1.435,1.561,0.481
2392.345,-1.447,1.562,0.493
2392.456,-1.468,1.567,0.505
2392.568,-1.500,1.569,0.517
2392.679,-1.541,1.569,0.535
2392.790,-1.589,1.568,0.560
2392.902,-1.638,1.566,0.587
2393.012,-1.687,1.565,0.612
2393.123,-1.736,1.562,0.634
2393.234,-1.780,1.556,0.650
2393.347,-1.816,1.549,0.659
2393.457,-1.836,1.545,0.664
2393.568,-1.836,1.547,0.663
2393.679,-1.812,1.552,0.657
2393.791,-1.765,1.563,0.647
2393.902,-1.702,1.571,0.642
2394.013,-1.633,1.576,0.637
2394.124,-1.563,1.581,0.633
2394.236,-1.495,1.581,0.628
2394.347,-1.432,1.581,0.621
2394.457,-1.378,1.581,0.607
2394.569,-1.331,1.580,0.590
2394.681,-1.290,1.577,0.566
2394.791,-1.256,1.569,0.535
2394.902,-1.229,1.560,0.497
2395.013,-1.206,1.558,0.451
2395.124,-1.183,1.563,0.405
2395.236,-1.166,1.568,0.368
2395.346,-1.158,1.566,0.347
2395.458,-1.158,1.568,0.347
2395.569,-1.166,1.571,0.368
2395.680,-1.179,1.572,0.401
2395.791,-1.187,1.567,0.431
2395.902,-1.190,1.567,0.452
2396.014,-1.195,1.572,0.459
2396.124,-1.202,1.572,0.452
2396.236,-1.210,1.572,0.430
2396.346,-1.219,1.568,0.401
2396.457,-1.225,1.563,0.373
2396.568,-1.225,1.560,0.354
2396.679,-1.225,1.557,0.348
2396.790,-1.226,1.559,0.352
2396.901,-1.226,1.562,0.368
2397.013,-1.228,1.565,0.392
2397.124,-1.230,1.568,0.420
2397.235,-1.236,1.570,0.448
2397.346,-1.243,1.571,0.467
2397.457,-1.250,1.572,0.475
2397.569,-1.256,1.572,0.474
2397.679,-1.261,1.570,0.466
2397.791,-1.263,1.566,0.459
2397.902,-1.261,1.562,0.457
2398.013,-1.256,1.561,0.460
2398.124,-1.246,1.560,0.467
2398.235,-1.239,1.561,0.476
2398.347,-1.239,1.563,0.486
2398.458,-1.249,1.565,0.497
2398.569,-1.272,1.569,0.510
2398.680,-1.307,1.572,0.527
2398.791,-1.353,1.572,0.549
2398.902,-1.405,1.570,0.572
2399.013,-1.464,1.567,0.594
2399.124,-1.530,1.563,0.615
2399.236,-1.600,1.559,0.632
2399.347,-1.669,1.554,0.646
2399.458,-1.726,1.551,0.656
2399.569,-1.770,1.546,0.664
2399.680,-1.801,1.540,0.670
2399.791,-1.823,1.536,0.673
2399.902,-1.837,1.533,0.674
2400.013,-1.847,1.531,0.674
2400.125,-1.854,1.530,0.674
2400.236,-1.859,1.530,0.674
2400.346,-1.862,1.530,0.673
2400.458,-1.866,1.530,0.672
2400.569,-1.870,1.530,0.672
2400.680,-1.873,1.530,0.672
2400.791,-1.877,1.530,0.672
2400.902,-1.881,1.529,0.672
2401.013,-1.884,1.529,0.671
2401.125,-1.887,1.528,0.669
2401.236,-1.890,1.527,0.668
2401.347,-1.893,1.526,0.667
2401.458,-1.896,1.526,0.667
2401.569,-1.899,1.526,0.668
2401.680,-1.902,1.526,0.668
2401.792,-1.905,1.526,0.668
2401.903,-1.908,1.525,0.668
2402.013,-1.911,1.525,0.668
2402.125,-1.914,1.524,0.669
2402.236,-1.918,1.524,0.670
2402.347,-1.920,1.523,0.670
2402.458,-1.923,1.523,0.671
2402.569,-1.925,1.524,0.671
2402.680,-1.927,1.524,0.671
2402.791,-1.928,1.523,0.671
2402.903,-1.930,1.522,0.670
2403.014,-1.930,1.522,0.669
2403.125,-1.930,1.521,0.668
2403.236,-1.930,1.521,0.667
2403.347,-1.929,1.521,0.666
2403.458,-1.928,1.521,0.665
2403.569,-1.927,1.521,0.664
2403.680,-1.926,1.521,0.664
2403.791,-1.925,1.521,0.663
2403.902,-1.924,1.521,0.662
2404.013,-1.923,1.521,0.661
2404.125,-1.922,1.520,0.659
2404.236,-1.921,1.520,0.657
2404.347,-1.920,1.520,0.655
2404.458,-1.918,1.520,0.651
2404.569,-1.913,1.522,0.645
2404.680,-1.906,1.524,0.635
2404.792,-1.893,1.525,0.622
2404.903,-1.869,1.530,0.607
2405.014,-1.829,1.540,0.587
2405.125,-1.769,1.552,0.568
2405.236,-1.692,1.568,0.560
2405.347,-1.613,1.581,0.568
2405.458,-1.541,1.589,0.579
2405.570,-1.471,1.591,0.589
2405.681,-1.407,1.587,0.597
2405.792,-1.349,1.584,0.601
2405.903,-1.297,1.584,0.599
2406.014,-1.248,1.583,0.589
2406.125,-1.200,1.577,0.570
2406.236,-1.155,1.568,0.542
2406.347,-1.111,1.559,0.505
2406.458,-1.069,1.559,0.463
2406.569,-1.033,1.565,0.430
2406.681,-1.005,1.567,0.412
2406.792,-0.990,1.567,0.409
2406.903,-0.990,1.568,0.420
2407.014,-0.999,1.568,0.444
2407.125,-1.013,1.570,0.472
2407.236,-1.030,1.570,0.501
2407.347,-1.048,1.578,0.528
2407.458,-1.068,1.587,0.552
2407.570,-1.091,1.592,0.577
2407.680,-1.121,1.591,0.605
2407.791,-1.156,1.587,0.633
2407.903,-1.192,1.584,0.655
2408.014,-1.233,1.580,0.669
2408.125,-1.284,1.576,0.675
2408.236,-1.347,1.573,0.678
2408.347,-1.418,1.579,0.675
2408.458,-1.488,1.591,0.661
2408.569,-1.549,1.594,0.641
2408.680,-1.600,1.592,0.621
2408.792,-1.637,1.588,0.602
2408.903,-1.658,1.583,0.588
2409.014,-1.666,1.581,0.579
2409.125,-1.664,1.580,0.573
2409.235,-1.649,1.581,0.573
2409.347,-1.624,1.584,0.575
2409.458,-1.588,1.586,0.576
2409.570,-1.540,1.589,0.578
2409.680,-1.482,1.594,0.582
2409.792,-1.419,1.597,0.588
2409.903,-1.355,1.598,0.592
2410.014,-1.293,1.594,0.597
2410.125,-1.233,1.589,0.602
2410.236,-1.181,1.587,0.606
2410.348,-1.134,1.584,0.606
2410.458,-1.089,1.581,0.601
2410.569,-1.047,1.575,0.584
2410.681,-1.008,1.568,0.555
2410.791,-0.971,1.569,0.510
2410.903,-0.933,1.576,0.459
2411.014,-0.896,1.585,0.412
2411.124,-0.868,1.583,0.376
2411.236,-0.854,1.578,0.359
2411.347,-0.857,1.579,0.357
2411.458,-0.874,1.577,0.374
2411.570,-0.901,1.577,0.405
2411.680,-0.937,1.575,0.441
2411.792,-0.979,1.568,0.479
2411.903,-1.025,1.573,0.514
2412.014,-1.070,1.581,0.542
2412.125,-1.114,1.583,0.562
2412.236,-1.161,1.582,0.571
2412.347,-1.215,1.576,0.568
2412.458,-1.284,1.568,0.551
2412.570,-1.370,1.558,0.520
2412.680,-1.470,1.564,0.475
2412.792,-1.564,1.575,0.429
2412.903,-1.642,1.571,0.388
2413.014,-1.696,1.559,0.358
2413.125,-1.731,1.555,0.337
2413.239,-1.747,1.552,0.323
2413.347,-1.744,1.552,0.311
2413.458,-1.722,1.554,0.302
2413.570,-1.691,1.554,0.306
2413.680,-1.673,1.554,0.327
2413.792,-1.671,1.563,0.355
2413.902,-1.684,1.565,0.385
2414.013,-1.701,1.564,0.416
2414.125,-1.714,1.565,0.435
2414.236,-1.719,1.566,0.441
2414.347,-1.707,1.569,0.435
2414.458,-1.665,1.576,0.421
2414.569,-1.596,1.583,0.417
2414.680,-1.511,1.587,0.429
2414.792,-1.423,1.586,0.455
2414.902,-1.337,1.584,0.485
2415.014,-1.259,1.579,0.513
2415.125,-1.188,1.577,0.531
2415.236,-1.124,1.576,0.536
2415.347,-1.062,1.572,0.526
2415.458,-1.003,1.562,0.502
2415.569,-0.946,1.561,0.469
2415.680,-0.893,1.573,0.445
2415.791,-0.849,1.575,0.433
2415.903,-0.817,1.576,0.433
2416.014,-0.789,1.572,0.447
2416.125,-0.762,1.561,0.476
2416.236,-0.730,1.557,0.513
2416.347,-0.693,1.559,0.545
2416.458,-0.665,1.561,0.570
2416.569,-0.652,1.562,0.594
2416.680,-0.658,1.566,0.616
2416.792,-0.686,1.574,0.632
2416.903,-0.733,1.580,0.644
2417.014,-0.797,1.582,0.662
2417.125,-0.873,1.583,0.693
2417.236,-0.950,1.584,0.734
2417.347,-1.022,1.586,0.781
2417.458,-1.083,1.583,0.827
2417.570,-1.132,1.584,0.867
2417.680,-1.175,1.585,0.898
2417.792,-1.214,1.586,0.920
2417.903,-1.256,1.583,0.934
2418.014,-1.304,1.576,0.939
2418.125,-1.360,1.571,0.937
2418.236,-1.425,1.575,0.933
2418.345,-1.491,1.588,0.927
2418.457,-1.554,1.589,0.926
2418.568,-1.612,1.583,0.932
2418.679,-1.668,1.575,0.948
2418.791,-1.727,1.568,0.972
2418.902,-1.791,1.557,1.004
2419.013,-1.855,1.544,1.042
2419.124,-1.918,1.543,1.078
2419.235,-1.968,1.541,1.106
2419.346,-2.003,1.534,1.123
2419.461,-2.022,1.530,1.128
2419.568,-2.026,1.532,1.121
2419.679,-2.014,1.542,1.099
2419.791,-1.978,1.561,1.064
2419.902,-1.919,1.581,1.032
2420.013,-1.851,1.594,1.008
2420.124,-1.780,1.600,0.992
2420.236,-1.708,1.603,0.977
2420.347,-1.636,1.599,0.963
2420.458,-1.568,1.597,0.948
2420.568,-1.505,1.599,0.926
2420.679,-1.447,1.595,0.898
2420.791,-1.390,1.587,0.863
2420.904,-1.334,1.573,0.821
2421.013,-1.282,1.561,0.765
2421.124,-1.230,1.563,0.698
2421.236,-1.178,1.570,0.634
2421.347,-1.134,1.570,0.586
2421.458,-1.097,1.572,0.558
2421.569,-1.068,1.575,0.541
2421.680,-1.046,1.574,0.537
2421.791,-1.028,1.571,0.541
2421.903,-1.010,1.566,0.552
2422.013,-0.984,1.565,0.563
2422.124,-0.958,1.561,0.571
2422.235,-0.933,1.560,0.577
2422.347,-0.912,1.560,0.579
2422.458,-0.895,1.563,0.579
2422.569,-0.883,1.565,0.583
2422.681,-0.871,1.566,0.589
2422.792,-0.863,1.569,0.595
2422.903,-0.862,1.571,0.599
2423.014,-0.867,1.573,0.603
2423.125,-0.881,1.576,0.608
2423.236,-0.906,1.577,0.618
2423.346,-0.941,1.578,0.632
2423.458,-0.986,1.580,0.655
2423.569,-1.040,1.581,0.683
2423.680,-1.097,1.583,0.712
2423.791,-1.155,1.581,0.741
2423.902,-1.210,1.579,0.771
2424.014,-1.260,1.579,0.798
2424.125,-1.304,1.578,0.819
2424.236,-1.345,1.568,0.831
2424.347,-1.384,1.548,0.836
2424.458,-1.420,1.534,0.838
2424.569,-1.453,1.522,0.833
2424.680,-1.481,1.516,0.826
2424.791,-1.500,1.515,0.823
2424.902,-1.513,1.514,0.827
2425.013,-1.520,1.514,0.839
2425.124,-1.529,1.506,0.859
2425.236,-1.549,1.490,0.890
2425.347,-1.584,1.466,0.941
2425.458,-1.631,1.425,1.011
2425.569,-1.695,1.363,1.093
2425.680,-1.768,1.278,1.171
2425.791,-1.824,1.175,1.226
2425.902,-1.855,1.072,1.261
2426.013,-1.865,0.979,1.285
2426.125,-1.860,0.897,1.298
2426.236,-1.845,0.831,1.302
2426.348,-1.827,0.785,1.301
2426.458,-1.816,0.770,1.299
2426.570,-1.814,0.791,1.297
2426.680,-1.821,0.835,1.295
2426.792,-1.830,0.887,1.287
2426.903,-1.837,0.946,1.274
2427.013,-1.841,1.020,1.260
2427.125,-1.837,1.103,1.246
2427.236,-1.828,1.191,1.231
2427.346,-1.810,1.277,1.216
2427.458,-1.788,1.358,1.202
2427.569,-1.761,1.422,1.182
2427.680,-1.739,1.466,1.158
2427.791,-1.722,1.491,1.134
2427.903,-1.709,1.495,1.116
2428.013,-1.712,1.487,1.112
2428.114,-1.730,1.471,1.119
2428.222,-1.764,1.439,1.146
2428.333,-1.809,1.385,1.184
2428.444,-1.853,1.307,1.223
2428.555,-1.895,1.212,1.256
2428.667,-1.922,1.106,1.279
2428.778,-1.934,1.013,1.289
2428.889,-1.938,0.947,1.286
2429.000,-1.943,0.919,1.280
2429.111,-1.946,0.934,1.276
2429.222,-1.949,0.986,1.269
2429.333,-1.948,1.040,1.254
2429.444,-1.944,1.055,1.230
2429.555,-1.935,1.022,1.197
2429.667,-1.923,0.967,1.159
2429.778,-1.909,0.912,1.120
2429.889,-1.893,0.878,1.082
2430.000,-1.883,0.889,1.050
2430.111,-1.878,0.939,1.028
2430.222,-1.868,0.993,1.006
2430.333,-1.853,1.047,0.983
2430.444,-1.842,1.073,0.957
2430.555,-1.837,1.046,0.935
2430.667,-1.835,0.980,0.919
2430.777,-1.830,0.907,0.906
2430.889,-1.825,0.857,0.894
2431.000,-1.823,0.847,0.882
2431.111,-1.830,0.878,0.876
2431.222,-1.835,0.922,0.872
2431.334,-1.833,0.961,0.867
2431.444,-1.826,1.000,0.859
2431.555,-1.818,1.063,0.843
2431.666,-1.805,1.151,0.814
2431.777,-1.779,1.249,0.779
2431.889,-1.740,1.341,0.742
2432.000,-1.699,1.416,0.715
2432.111,-1.670,1.473,0.697
2432.222,-1.653,1.506,0.691
2432.333,-1.662,1.526,0.693
2432.444,-1.691,1.535,0.698
2432.555,-1.740,1.539,0.701
2432.667,-1.798,1.545,0.699
2432.777,-1.847,1.546,0.693
2432.888,-1.883,1.543,0.686
2433.000,-1.908,1.541,0.681
2433.110,-1.925,1.538,0.672
2433.222,-1.934,1.533,0.660
2433.333,-1.937,1.531,0.647
2433.444,-1.938,1.529,0.635
2433.555,-1.939,1.525,0.616
2433.666,-1.941,1.520,0.594
2433.777,-1.940,1.514,0.569
2433.888,-1.927,1.511,0.547
2434.000,-1.893,1.517,0.530
2434.111,-1.843,1.532,0.525
2434.222,-1.785,1.550,0.534
2434.333,-1.724,1.564,0.558
2434.444,-1.656,1.574,0.593
2434.556,-1.581,1.585,0.632
2434.667,-1.504,1.592,0.667
2434.777,-1.433,1.594,0.697
2434.889,-1.370,1.595,0.718
2435.000,-1.312,1.594,0.730
2435.111,-1.254,1.589,0.733
2435.222,-1.194,1.578,0.731
2435.333,-1.129,1.569,0.722
2435.444,-1.061,1.560,0.704
2435.555,-0.989,1.568,0.682
2435.667,-0.923,1.577,0.665
2435.778,-0.862,1.577,0.652
2435.889,-0.807,1.574,0.639
2436.000,-0.751,1.568,0.626
2436.111,-0.690,1.559,0.614
2436.222,-0.626,1.551,0.602
2436.333,-0.555,1.550,0.589
2436.444,-0.482,1.557,0.572
2436.555,-0.419,1.563,0.553
2436.667,-0.368,1.564,0.532
2436.778,-0.331,1.563,0.510
2436.888,-0.304,1.559,0.492
2437.000,-0.289,1.557,0.476
2437.111,-0.288,1.556,0.465
2437.222,-0.302,1.557,0.461
2437.333,-0.329,1.560,0.464
2437.445,-0.365,1.563,0.477
2437.556,-0.394,1.561,0.493
2437.667,-0.409,1.559,0.507
2437.778,-0.419,1.561,0.517
2437.889,-0.423,1.562,0.522
2438.000,-0.419,1.563,0.520
2438.111,-0.406,1.562,0.514
2438.223,-0.386,1.561,0.507
2438.334,-0.364,1.561,0.495
2438.444,-0.343,1.556,0.482
2438.556,-0.324,1.554,0.469
2438.667,-0.309,1.552,0.458
2438.778,-0.299,1.549,0.450
2438.889,-0.293,1.548,0.445
2439.000,-0.293,1.547,0.442
2439.111,-0.299,1.552,0.444
2439.222,-0.312,1.560,0.452
2439.333,-0.329,1.563,0.463
2439.445,-0.347,1.564,0.473
2439.556,-0.350,1.559,0.485
2439.667,-0.341,1.556,0.499
2439.778,-0.326,1.558,0.511
2439.889,-0.304,1.556,0.517
2440.000,-0.279,1.552,0.516
2440.111,-0.256,1.548,0.504
2440.222,-0.228,1.545,0.489
2440.333,-0.201,1.539,0.467
2440.445,-0.175,1.531,0.440
2440.554,-0.150,1.523,0.411
2440.667,-0.130,1.517,0.385
2440.778,-0.116,1.519,0.360
2440.889,-0.116,1.522,0.347
2440.996,-0.125,1.531,0.350
2441.108,-0.133,1.543,0.368
2441.220,-0.133,1.555,0.394
2441.332,-0.129,1.567,0.424
2441.444,-0.128,1.576,0.446
2441.554,-0.129,1.581,0.461
2441.665,-0.131,1.590,0.469
2441.776,-0.131,1.596,0.477
2441.887,-0.125,1.597,0.490
2441.999,-0.115,1.597,0.515
2442.110,-0.101,1.592,0.551
2442.221,-0.084,1.583,0.598
2442.332,-0.064,1.579,0.654
2442.444,-0.042,1.581,0.712
2442.555,-0.017,1.580,0.772
2442.666,0.013,1.580,0.831
2442.777,0.051,1.576,0.887
2442.888,0.095,1.568,0.939
2442.999,0.145,1.565,0.988
2443.110,0.189,1.572,1.034
2443.221,0.217,1.572,1.070
2443.333,0.230,1.573,1.091
2443.443,0.229,1.578,1.096
2443.554,0.209,1.582,1.084
2443.666,0.168,1.585,1.071
2443.777,0.120,1.585,1.062
2443.888,0.073,1.585,1.055
2443.999,0.023,1.585,1.047
2444.110,-0.026,1.584,1.039
2444.221,-0.070,1.583,1.032
2444.332,-0.113,1.585,1.027
2444.443,-0.153,1.586,1.021
2444.555,-0.191,1.588,1.009
2444.665,-0.222,1.588,0.992
2444.777,-0.240,1.587,0.970
2444.888,-0.242,1.583,0.946
2444.999,-0.227,1.577,0.917
2445.110,-0.192,1.565,0.881
2445.221,-0.136,1.552,0.835
2445.333,-0.063,1.555,0.778
2445.444,0.009,1.567,0.721
2445.555,0.067,1.572,0.673
2445.666,0.109,1.567,0.641
2445.777,0.134,1.566,0.623
2445.888,0.142,1.567,0.620
2446.000,0.139,1.567,0.624
2446.111,0.124,1.566,0.633
2446.221,0.107,1.567,0.644
2446.333,0.092,1.569,0.653
2446.444,0.081,1.569,0.658
2446.555,0.071,1.569,0.661
2446.666,0.066,1.569,0.663
2446.777,0.064,1.570,0.665
2446.888,0.064,1.570,0.666
2446.999,0.065,1.570,0.667
2447.110,0.068,1.570,0.667
2447.221,0.075,1.570,0.664
2447.333,0.084,1.570,0.660
2447.443,0.098,1.571,0.653
2447.555,0.115,1.572,0.646
2447.666,0.128,1.569,0.639
2447.777,0.137,1.566,0.632
2447.889,0.135,1.563,0.622
2448.000,0.123,1.562,0.610
2448.110,0.100,1.560,0.600
2448.222,0.068,1.554,0.601
2448.333,0.029,1.554,0.607
2448.443,-0.010,1.549,0.614
2448.555,-0.051,1.553,0.619
2448.666,-0.091,1.553,0.626
2448.777,-0.124,1.554,0.630
2448.888,-0.148,1.557,0.634
2449.000,-0.166,1.561,0.638
2449.110,-0.176,1.563,0.641
2449.222,-0.180,1.565,0.646
2449.333,-0.179,1.567,0.651
2449.444,-0.174,1.568,0.652
2449.555,-0.168,1.567,0.652
2449.666,-0.162,1.566,0.650
2449.777,-0.157,1.566,0.649
2449.888,-0.153,1.565,0.647
2450.000,-0.152,1.565,0.645
2450.111,-0.151,1.564,0.644
2450.221,-0.150,1.564,0.643
2450.333,-0.149,1.565,0.644
2450.444,-0.148,1.565,0.645
2450.555,-0.148,1.565,0.645
2450.666,-0.146,1.564,0.646
2450.777,-0.145,1.563,0.648
2450.888,-0.144,1.564,0.649
2451.000,-0.143,1.564,0.650
2451.110,-0.142,1.563,0.650
2451.221,-0.140,1.563,0.651
2451.333,-0.139,1.562,0.651
2451.444,-0.139,1.562,0.649
2451.555,-0.139,1.562,0.648
2451.667,-0.139,1.562,0.647
2451.777,-0.138,1.563,0.646
2451.888,-0.135,1.564,0.643
2451.993,-0.131,1.564,0.639
2452.106,-0.128,1.563,0.635
2452.217,-0.126,1.562,0.629
2452.329,-0.125,1.562,0.620
2452.440,-0.130,1.566,0.607
2452.552,-0.145,1.568,0.593
2452.663,-0.172,1.562,0.590
2452.774,-0.207,1.565,0.591
2452.885,-0.249,1.565,0.593
2452.996,-0.297,1.562,0.594
2453.107,-0.349,1.562,0.592
2453.219,-0.395,1.562,0.593
2453.330,-0.430,1.564,0.600
2453.441,-0.457,1.566,0.609
2453.552,-0.474,1.570,0.619
2453.664,-0.482,1.573,0.626
2453.775,-0.483,1.576,0.628
2453.886,-0.479,1.576,0.626
2453.998,-0.471,1.577,0.622
2454.109,-0.463,1.578,0.615
2454.220,-0.464,1.580,0.603
2454.331,-0.482,1.575,0.593
2454.443,-0.520,1.570,0.587
2454.553,-0.568,1.566,0.583
2454.665,-0.622,1.557,0.581
2454.776,-0.681,1.552,0.576
2454.888,-0.731,1.557,0.570
2454.998,-0.769,1.559,0.570
2455.109,-0.796,1.562,0.574
2455.220,-0.814,1.564,0.578
2455.332,-0.824,1.565,0.582
2455.443,-0.827,1.567,0.585
2455.554,-0.824,1.567,0.588
2455.665,-0.819,1.567,0.588
2455.776,-0.812,1.567,0.588
2455.887,-0.805,1.567,0.588
2455.999,-0.801,1.567,0.588
2456.110,-0.798,1.567,0.588
2456.221,-0.797,1.568,0.587
2456.332,-0.798,1.570,0.584
2456.443,-0.797,1.570,0.580
2456.554,-0.797,1.570,0.579
2456.666,-0.795,1.570,0.578
2456.776,-0.792,1.572,0.576
2456.888,-0.790,1.571,0.573
2456.999,-0.790,1.574,0.568
2457.110,-0.802,1.575,0.560
2457.221,-0.830,1.571,0.554
2457.333,-0.867,1.565,0.553
2457.444,-0.911,1.562,0.551
2457.555,-0.963,1.560,0.549
2457.666,-1.018,1.560,0.544
2457.777,-1.062,1.561,0.539
2457.888,-1.094,1.562,0.541
2457.999,-1.117,1.562,0.550
2458.111,-1.132,1.563,0.563
2458.221,-1.138,1.565,0.574
2458.332,-1.137,1.567,0.583
2458.443,-1.131,1.567,0.590
2458.555,-1.123,1.568,0.594
2458.666,-1.117,1.569,0.597
2458.776,-1.115,1.570,0.600
2458.888,-1.113,1.569,0.601
2458.999,-1.110,1.569,0.602
2459.110,-1.109,1.568,0.602
2459.221,-1.105,1.569,0.602
2459.332,-1.102,1.569,0.602
2459.444,-1.100,1.569,0.601
2459.555,-1.098,1.570,0.600
2459.666,-1.096,1.570,0.599
2459.777,-1.098,1.570,0.599
2459.888,-1.099,1.572,0.598
2459.999,-1.100,1.573,0.598
2460.110,-1.100,1.574,0.599
2460.221,-1.100,1.574,0.599
2460.333,-1.100,1.575,0.599
2460.444,-1.099,1.575,0.600
2460.555,-1.097,1.575,0.600
2460.666,-1.094,1.576,0.600
2460.777,-1.090,1.576,0.599
2460.888,-1.090,1.581,0.593
2460.995,-1.101,1.581,0.586
2461.107,-1.133,1.575,0.582
2461.219,-1.172,1.571,0.574
2461.330,-1.220,1.564,0.565
2461.442,-1.272,1.562,0.554
2461.553,-1.316,1.562,0.545
2461.665,-1.348,1.563,0.539
2461.776,-1.369,1.562,0.538
2461.887,-1.383,1.562,0.543
2461.998,-1.391,1.563,0.549
2462.109,-1.394,1.566,0.555
2462.220,-1.391,1.568,0.560
2462.332,-1.385,1.569,0.563
2462.443,-1.378,1.569,0.565
2462.554,-1.368,1.569,0.568
2462.665,-1.359,1.568,0.571
2462.776,-1.351,1.568,0.573
2462.887,-1.347,1.565,0.573
2462.998,-1.349,1.558,0.573
2463.109,-1.354,1.553,0.572
2463.221,-1.361,1.550,0.574
2463.332,-1.367,1.548,0.577
2463.443,-1.372,1.546,0.579
2463.553,-1.374,1.546,0.579
2463.665,-1.374,1.545,0.581
2463.776,-1.371,1.546,0.582
2463.887,-1.365,1.549,0.585
2463.999,-1.356,1.554,0.589
2464.110,-1.343,1.562,0.593
2464.221,-1.329,1.571,0.604
2464.332,-1.318,1.582,0.627
2464.443,-1.313,1.592,0.661
2464.555,-1.308,1.601,0.698
2464.666,-1.295,1.608,0.738
2464.777,-1.276,1.609,0.783
2464.888,-1.251,1.607,0.836
2464.999,-1.224,1.603,0.893
2465.110,-1.196,1.599,0.943
2465.221,-1.165,1.597,0.978
2465.333,-1.128,1.593,1.002
2465.444,-1.084,1.587,1.014
2465.555,-1.030,1.580,1.014
2465.666,-0.964,1.571,1.003
2465.777,-0.883,1.584,0.991
2465.888,-0.801,1.594,0.986
2466.000,-0.715,1.601,0.986
2466.111,-0.628,1.598,0.990
2466.222,-0.537,1.585,1.000
2466.333,-0.442,1.570,1.022
2466.444,-0.336,1.575,1.060
2466.555,-0.230,1.587,1.096
2466.666,-0.131,1.595,1.126
2466.777,-0.055,1.596,1.144
2466.888,-0.003,1.595,1.148
2467.000,0.030,1.593,1.139
2467.111,0.048,1.589,1.120
2467.221,0.055,1.588,1.092
2467.332,0.059,1.586,1.057
2467.443,0.060,1.590,1.024
2467.555,0.053,1.597,0.996
2467.666,0.032,1.598,0.971
2467.777,0.003,1.600,0.947
2467.888,-0.028,1.599,0.924
2468.000,-0.055,1.597,0.904
2468.111,-0.081,1.593,0.885
2468.222,-0.108,1.587,0.866
2468.333,-0.131,1.579,0.848
2468.444,-0.150,1.575,0.833
2468.555,-0.165,1.566,0.821
2468.666,-0.177,1.560,0.813
2468.777,-0.183,1.557,0.804
2468.888,-0.185,1.556,0.797
2469.000,-0.183,1.558,0.790
2469.111,-0.183,1.558,0.782
2469.222,-0.182,1.562,0.774
2469.333,-0.183,1.564,0.767
2469.444,-0.187,1.568,0.761
2469.556,-0.191,1.571,0.754
2469.666,-0.194,1.573,0.747
2469.777,-0.195,1.575,0.741
2469.889,-0.195,1.576,0.737
2470.000,-0.190,1.580,0.734
2470.111,-0.171,1.583,0.735
2470.222,-0.142,1.579,0.734
2470.333,-0.105,1.580,0.741
2470.444,-0.059,1.580,0.758
2470.555,-0.005,1.578,0.782
2470.666,0.051,1.580,0.809
2470.777,0.097,1.588,0.837
2470.892,0.131,1.593,0.857
2470.998,0.155,1.593,0.870
2471.110,0.168,1.589,0.873
2471.221,0.172,1.590,0.874
2471.332,0.171,1.589,0.870
2471.443,0.166,1.590,0.861
2471.554,0.158,1.591,0.852
2471.666,0.151,1.591,0.845
2471.777,0.146,1.588,0.841
2471.888,0.144,1.586,0.836
2471.999,0.144,1.584,0.831
2472.110,0.144,1.585,0.825
2472.221,0.142,1.596,0.822
2472.333,0.137,1.625,0.817
2472.444,0.134,1.646,0.802
2472.555,0.132,1.649,0.794
2472.666,0.131,1.644,0.794
2472.777,0.132,1.633,0.797
2472.888,0.137,1.617,0.802
2473.000,0.143,1.602,0.809
2473.111,0.150,1.596,0.817
2473.222,0.158,1.594,0.825
2473.333,0.164,1.591,0.833
2473.444,0.167,1.590,0.842
2473.555,0.168,1.589,0.853
2473.666,0.169,1.586,0.865
2473.776,0.170,1.583,0.877
2473.888,0.172,1.581,0.886
2474.000,0.173,1.579,0.894
2474.110,0.173,1.578,0.901
2474.221,0.174,1.577,0.907
2474.333,0.174,1.573,0.909
2474.443,0.172,1.572,0.910
2474.554,0.170,1.572,0.911
2474.666,0.167,1.573,0.910
2474.777,0.166,1.575,0.907
2474.888,0.163,1.575,0.896
2474.999,0.157,1.579,0.888
2475.110,0.148,1.583,0.887
2475.221,0.139,1.583,0.879
2475.333,0.127,1.586,0.867
2475.443,0.116,1.591,0.854
2475.555,0.108,1.596,0.841
2475.666,0.103,1.597,0.835
2475.777,0.098,1.594,0.833
2475.888,0.094,1.591,0.833
2475.999,0.091,1.597,0.838
2476.111,0.088,1.603,0.841
2476.222,0.088,1.606,0.841
2476.333,0.089,1.614,0.846
2476.444,0.090,1.624,0.848
2476.555,0.093,1.644,0.851
2476.666,0.095,1.672,0.850
2476.777,0.097,1.712,0.841
2476.888,0.101,1.753,0.817
2477.000,0.103,1.786,0.784
2477.111,0.099,1.804,0.755
2477.222,0.079,1.804,0.737
2477.333,0.051,1.811,0.741
2477.444,0.043,1.840,0.764
2477.555,0.073,1.864,0.789
2477.666,0.126,1.861,0.793
2477.778,0.170,1.815,0.760
2477.889,0.193,1.759,0.695
2477.999,0.197,1.702,0.594
2478.111,0.172,1.641,0.463
2478.222,0.118,1.589,0.327
2478.333,0.076,1.546,0.204
2478.444,0.057,1.509,0.103
2478.555,0.066,1.474,0.019
2478.666,0.100,1.436,-0.053
2478.777,0.146,1.389,-0.111
2478.888,0.196,1.345,-0.161
2479.000,0.247,1.319,-0.212
2479.112,0.299,1.312,-0.270
2479.223,0.345,1.317,-0.330
2479.333,0.376,1.325,-0.381
2479.445,0.394,1.321,-0.416
2479.556,0.408,1.311,-0.444
2479.667,0.419,1.301,-0.474
2479.778,0.426,1.297,-0.506
2479.889,0.435,1.283,-0.535
2480.000,0.439,1.273,-0.576
2480.112,0.441,1.252,-0.622
2480.223,0.460,1.204,-0.703
2480.334,0.487,1.159,-0.749
2480.445,0.516,1.111,-0.781
2480.557,0.549,1.078,-0.816
2480.668,0.578,1.066,-0.847
2480.779,0.596,1.072,-0.865
2480.890,0.600,1.080,-0.877
2481.001,0.599,1.088,-0.883
2481.112,0.591,1.093,-0.891
2481.223,0.574,1.087,-0.907
2481.334,0.553,1.069,-0.933
2481.445,0.539,1.070,-0.955
2481.557,0.532,1.083,-0.967
2481.668,0.529,1.072,-0.979
2481.778,0.534,1.057,-0.991
2481.890,0.546,1.030,-0.990
2482.001,0.572,1.001,-0.972
2482.112,0.599,0.986,-0.951
2482.223,0.615,0.992,-0.937
2482.334,0.617,1.031,-0.934
2482.445,0.611,1.068,-0.938
2482.556,0.618,1.069,-0.929
2482.667,0.631,1.040,-0.928
2482.778,0.659,1.006,-0.932
2482.889,0.710,0.992,-0.939
2483.001,0.767,0.996,-0.943
2483.112,0.812,1.015,-0.937
2483.223,0.839,1.042,-0.932
2483.334,0.852,1.044,-0.924
2483.445,0.856,1.088,-0.921
2483.556,0.833,1.153,-0.929
2483.667,0.806,1.160,-0.924
2483.778,0.755,1.135,-0.957
2483.889,0.724,1.123,-0.991
2484.001,0.710,1.119,-0.987
2484.112,0.693,1.116,-0.993
2484.223,0.694,1.120,-1.000
2484.334,0.695,1.125,-1.000
2484.445,0.695,1.130,-1.003
2484.556,0.698,1.111,-1.005
2484.667,0.714,1.093,-1.014
2484.779,0.749,1.085,-1.025
2484.890,0.792,1.084,-1.037
2485.001,0.841,1.082,-1.061
2485.112,0.901,1.076,-1.100
2485.223,0.966,1.067,-1.147
2485.334,1.028,1.042,-1.198
2485.446,1.088,1.010,-1.260
2485.557,1.147,0.979,-1.318
2485.668,1.198,0.933,-1.350
2485.779,1.222,0.893,-1.343
2485.891,1.205,0.841,-1.301
2486.001,1.158,0.741,-1.232
2486.112,1.113,0.663,-1.151
2486.222,1.075,0.628,-1.091
2486.334,1.067,0.613,-1.069
2486.445,1.070,0.579,-1.060
2486.556,1.050,0.546,-1.054
2486.667,1.014,0.510,-1.059
2486.778,0.964,0.446,-1.076
2486.889,0.908,0.351,-1.103
2487.000,0.862,0.260,-1.133
2487.112,0.841,0.209,-1.161
2487.224,0.853,0.185,-1.177
2487.335,0.895,0.192,-1.169
2487.447,0.946,0.234,-1.153
2487.557,0.983,0.287,-1.137
2487.669,0.989,0.310,-1.123
2487.779,0.962,0.303,-1.113
2487.891,0.917,0.292,-1.112
2488.002,0.876,0.303,-1.124
2488.113,0.848,0.331,-1.141
2488.225,0.848,0.380,-1.143
2488.336,0.882,0.439,-1.127
2488.447,0.935,0.507,-1.097
2488.558,1.000,0.580,-1.064
2488.669,1.069,0.667,-1.039
2488.780,1.126,0.759,-1.032
2488.891,1.163,0.822,-1.040
2489.002,1.197,0.843,-1.048
2489.113,1.216,0.827,-1.071
2489.225,1.228,0.823,-1.081
2489.336,1.250,0.834,-1.071
2489.448,1.276,0.844,-1.050
2489.559,1.295,0.839,-1.026
2489.669,1.313,0.844,-1.022
2489.781,1.323,0.839,-1.032
2489.892,1.306,0.807,-1.043
2490.003,1.264,0.750,-1.037
2490.114,1.224,0.704,-1.010
2490.224,1.215,0.705,-0.982
2490.336,1.222,0.735,-0.968
2490.447,1.227,0.766,-0.968
2490.558,1.222,0.794,-0.972
2490.668,1.214,0.825,-0.980
2490.780,1.220,0.867,-1.001
2490.891,1.234,0.913,-1.018
2491.002,1.245,0.946,-1.028
2491.114,1.251,0.964,-1.032
2491.225,1.256,0.973,-1.033
2491.336,1.258,0.979,-1.037
2491.447,1.261,0.986,-1.046
2491.558,1.260,0.984,-1.048
2491.669,1.256,0.982,-1.045
2491.781,1.255,0.979,-1.049
2491.892,1.260,0.981,-1.051
2492.003,1.267,0.984,-1.058
2492.114,1.267,0.964,-1.046
2492.225,1.285,0.947,-1.062
2492.335,1.313,0.922,-1.081
2492.445,1.347,0.890,-1.111
2492.557,1.409,0.846,-1.176
2492.666,1.475,0.800,-1.262
2492.777,1.548,0.746,-1.341
2492.883,1.622,0.664,-1.445
2492.996,1.683,0.589,-1.554
2493.108,1.715,0.545,-1.639
2493.221,1.729,0.509,-1.694
2493.332,1.735,0.502,-1.702
2493.444,1.731,0.488,-1.701
2493.556,1.727,0.488,-1.702
2493.667,1.728,0.488,-1.703
2493.777,1.727,0.489,-1.700
2493.889,1.724,0.488,-1.703
2494.000,1.716,0.492,-1.708
2494.111,1.718,0.489,-1.706
2494.222,1.718,0.489,-1.706
2494.333,1.719,0.489,-1.706
2494.445,1.718,0.489,-1.706
2494.557,1.718,0.489,-1.706
2494.667,1.719,0.490,-1.705
2494.778,1.719,0.490,-1.705
2494.890,1.719,0.490,-1.705
2495.000,1.719,0.490,-1.705
2495.112,1.719,0.490,-1.705
2495.223,1.719,0.490,-1.705
2495.335,1.719,0.491,-1.705
2495.445,1.720,0.491,-1.705
2495.556,1.720,0.491,-1.705
2495.667,1.720,0.491,-1.705
2495.779,1.720,0.491,-1.705
2495.889,1.720,0.491,-1.705
2496.000,1.720,0.491,-1.705
2496.112,1.720,0.491,-1.705
2496.224,1.720,0.491,-1.705
2496.334,1.720,0.491,-1.705
2496.446,1.720,0.491,-1.705
2496.557,1.720,0.491,-1.705
2496.668,1.720,0.491,-1.705
2496.779,1.720,0.491,-1.705
2496.890,1.720,0.491,-1.705
2497.001,1.720,0.491,-1.705
2497.113,1.720,0.491,-1.705
2497.224,1.720,0.491,-1.705
2497.335,1.720,0.491,-1.705
2497.446,1.720,0.491,-1.705
2497.557,1.720,0.491,-1.705
2497.668,1.720,0.491,-1.705
2497.779,1.720,0.491,-1.705
2497.890,1.720,0.491,-1.705
2498.002,1.720,0.491,-1.705
2498.113,1.720,0.491,-1.705
2498.224,1.720,0.491,-1.705
2498.335,1.720,0.491,-1.705
2498.446,1.720,0.491,-1.705
2498.555,1.720,0.491,-1.705
2498.667,1.720,0.491,-1.705
2498.779,1.720,0.491,-1.705
2498.890,1.720,0.491,-1.705
2499.001,1.720,0.491,-1.705
2499.112,1.720,0.491,-1.705
2499.224,1.720,0.491,-1.705
2499.335,1.719,0.491,-1.705
2499.445,1.719,0.491,-1.705
2499.557,1.719,0.491,-1.705
2499.668,1.719,0.491,-1.705
2499.779,1.719,0.491,-1.705
2499.890,1.719,0.491,-1.705
2500.001,1.720,0.491,-1.705
2500.112,1.719,0.491,-1.705
2500.224,1.719,0.491,-1.705
2500.335,1.719,0.490,-1.705
2500.446,1.719,0.490,-1.705
2500.557,1.719,0.490,-1.705
2500.668,1.719,0.490,-1.705
2500.779,1.719,0.490,-1.705
2500.891,1.719,0.490,-1.705
2501.001,1.719,0.490,-1.705
2501.112,1.719,0.490,-1.705
2501.223,1.719,0.490,-1.705
2501.334,1.719,0.490,-1.705
2501.445,1.719,0.490,-1.705
2501.557,1.719,0.490,-1.705
2501.668,1.719,0.490,-1.705
2501.779,1.719,0.490,-1.705
2501.890,1.719,0.490,-1.705
2502.001,1.719,0.490,-1.705
2502.113,1.719,0.490,-1.705
2502.224,1.719,0.490,-1.705
2502.335,1.719,0.490,-1.705
2502.446,1.719,0.490,-1.705
2502.557,1.719,0.490,-1.705
2502.668,1.719,0.490,-1.705
2502.779,1.719,0.490,-1.705
2502.890,1.719,0.490,-1.705
2503.002,1.719,0.490,-1.705
2503.113,1.719,0.490,-1.705
2503.224,1.719,0.490,-1.705
2503.335,1.719,0.490,-1.705
2503.446,1.719,0.490,-1.705
2503.557,1.719,0.490,-1.705
2503.669,1.719,0.490,-1.705
2503.779,1.719,0.490,-1.705
2503.891,1.719,0.490,-1.705
2504.002,1.719,0.490,-1.705
2504.113,1.719,0.490,-1.705
2504.225,1.719,0.490,-1.705
2504.335,1.719,0.490,-1.705
2504.446,1.719,0.490,-1.705
2504.558,1.719,0.490,-1.705
2504.668,1.719,0.490,-1.705
2504.780,1.719,0.490,-1.705
2504.891,1.719,0.490,-1.705
2505.002,1.719,0.490,-1.705
2505.113,1.719,0.490,-1.705
2505.223,1.719,0.490,-1.705
2505.335,1.719,0.490,-1.705
2505.446,1.719,0.490,-1.705
2505.558,1.719,0.490,-1.705
2505.669,1.719,0.490,-1.705
2505.780,1.719,0.490,-1.705
2505.891,1.719,0.490,-1.705
2506.002,1.719,0.490,-1.705
2506.113,1.719,0.490,-1.705
2506.224,1.719,0.490,-1.705
2506.335,1.719,0.490,-1.705
2506.446,1.719,0.490,-1.705
2506.558,1.719,0.490,-1.705
2506.669,1.719,0.490,-1.705
2506.780,1.719,0.490,-1.705
2506.891,1.719,0.490,-1.705
2507.002,1.719,0.490,-1.705
2507.113,1.719,0.490,-1.705
2507.224,1.719,0.490,-1.705
2507.335,1.719,0.490,-1.705
2507.447,1.719,0.490,-1.705
2507.558,1.719,0.490,-1.705
2507.669,1.719,0.490,-1.705
2507.780,1.719,0.490,-1.705
2507.891,1.719,0.490,-1.705
2508.002,1.719,0.490,-1.705
2508.113,1.719,0.490,-1.705
2508.224,1.719,0.490,-1.705
2508.335,1.719,0.490,-1.705
2508.446,1.719,0.490,-1.705
2508.557,1.719,0.490,-1.705
2508.669,1.719,0.490,-1.705
2508.780,1.719,0.490,-1.705
2508.891,1.719,0.490,-1.705
2509.002,1.719,0.490,-1.705
2509.114,1.719,0.490,-1.705
2509.224,1.719,0.490,-1.705
2509.335,1.719,0.490,-1.705
2509.447,1.719,0.490,-1.705
2509.558,1.719,0.490,-1.705
2509.669,1.719,0.490,-1.705
2509.780,1.719,0.490,-1.705
2509.891,1.719,0.490,-1.705
2510.002,1.719,0.490,-1.705
2510.113,1.719,0.490,-1.705
2510.224,1.719,0.490,-1.705
2510.335,1.719,0.490,-1.705
2510.447,1.719,0.490,-1.705
2510.558,1.719,0.490,-1.705
2510.669,1.719,0.490,-1.705
2510.780,1.719,0.490,-1.705
2510.891,1.719,0.490,-1.705
2511.002,1.719,0.490,-1.705
2511.114,1.719,0.490,-1.705
2511.225,1.719,0.490,-1.705
2511.336,1.719,0.490,-1.705
2511.447,1.719,0.490,-1.705
2511.558,1.719,0.490,-1.705
2511.669,1.719,0.490,-1.705
2511.780,1.719,0.490,-1.705
2511.891,1.719,0.490,-1.705
2512.001,1.719,0.490,-1.705
2512.113,1.719,0.490,-1.705
2512.224,1.719,0.490,-1.705
2512.335,1.719,0.490,-1.705
2512.446,1.719,0.490,-1.705
2512.557,1.719,0.490,-1.705
2512.668,1.719,0.490,-1.705
2512.779,1.719,0.490,-1.705
2512.891,1.719,0.490,-1.705
2513.002,1.719,0.490,-1.705
2513.113,1.719,0.490,-1.705
2513.224,1.719,0.490,-1.705
2513.335,1.719,0.490,-1.705
2513.446,1.719,0.490,-1.705
2513.557,1.719,0.490,-1.705
2513.668,1.719,0.490,-1.705
2513.780,1.719,0.490,-1.705
2513.891,1.719,0.490,-1.705
2514.002,1.719,0.490,-1.705
2514.113,1.719,0.490,-1.705
2514.224,1.719,0.490,-1.705
2514.335,1.719,0.490,-1.705
2514.446,1.719,0.490,-1.705
2514.557,1.719,0.490,-1.705
2514.668,1.719,0.490,-1.705
2514.780,1.719,0.490,-1.705
2514.891,1.719,0.490,-1.705
2515.002,1.719,0.490,-1.705
2515.113,1.719,0.490,-1.705
2515.224,1.719,0.490,-1.705
2515.335,1.719,0.490,-1.705
2515.446,1.719,0.490,-1.705
2515.558,1.719,0.490,-1.705
2515.669,1.719,0.490,-1.705
2515.780,1.719,0.490,-1.705
2515.891,1.719,0.490,-1.705
2516.002,1.719,0.490,-1.705
2516.113,1.719,0.490,-1.705
2516.224,1.719,0.490,-1.705
2516.334,1.719,0.490,-1.705
2516.446,1.719,0.490,-1.705
2516.557,1.719,0.490,-1.705
2516.668,1.719,0.490,-1.705
2516.779,1.719,0.490,-1.705
2516.890,1.719,0.490,-1.705
2517.001,1.719,0.490,-1.705
2517.112,1.719,0.490,-1.705
2517.224,1.719,0.490,-1.705
2517.335,1.719,0.490,-1.704
2517.446,1.719,0.490,-1.705
2517.557,1.719,0.490,-1.705
2517.668,1.719,0.490,-1.705
2517.779,1.719,0.490,-1.705
2517.891,1.719,0.490,-1.705
2518.002,1.719,0.490,-1.705
2518.112,1.719,0.490,-1.705
2518.224,1.719,0.490,-1.705
2518.335,1.719,0.490,-1.705
2518.446,1.719,0.490,-1.705
2518.557,1.719,0.490,-1.705
2518.668,1.719,0.490,-1.705
2518.779,1.719,0.490,-1.705
2518.891,1.719,0.490,-1.705
2519.002,1.719,0.490,-1.705
2519.113,1.719,0.490,-1.705
2519.224,1.719,0.490,-1.705
2519.334,1.719,0.490,-1.705
2519.445,1.719,0.490,-1.705
2519.556,1.719,0.490,-1.705
2519.668,1.719,0.490,-1.705
2519.779,1.719,0.490,-1.705
2519.890,1.719,0.490,-1.705
2520.001,1.719,0.490,-1.705
2520.112,1.719,0.490,-1.705
2520.224,1.719,0.490,-1.705
2520.335,1.718,0.490,-1.705
2520.446,1.719,0.490,-1.705
2520.557,1.719,0.490,-1.705
2520.668,1.718,0.490,-1.705
2520.779,1.719,0.490,-1.705
2520.890,1.719,0.490,-1.705
2521.002,1.718,0.490,-1.705
2521.113,1.718,0.490,-1.705
2521.224,1.719,0.490,-1.705
2521.335,1.719,0.490,-1.705
2521.446,1.719,0.490,-1.705
2521.557,1.719,0.490,-1.705
2521.668,1.719,0.490,-1.705
2521.779,1.719,0.490,-1.705
2521.891,1.719,0.490,-1.705
2522.002,1.719,0.490,-1.705
2522.113,1.719,0.490,-1.705
2522.224,1.719,0.490,-1.705
2522.335,1.719,0.490,-1.705
2522.446,1.719,0.490,-1.705
2522.558,1.719,0.490,-1.705
2522.669,1.719,0.490,-1.705
2522.780,1.719,0.490,-1.705
2522.891,1.719,0.490,-1.705
2523.002,1.719,0.490,-1.705
2523.113,1.719,0.490,-1.705
2523.224,1.719,0.490,-1.705
2523.336,1.719,0.490,-1.705
2523.447,1.719,0.490,-1.705
2523.558,1.719,0.490,-1.705
2523.669,1.719,0.490,-1.705
2523.780,1.719,0.490,-1.705
2523.891,1.719,0.490,-1.705
2524.002,1.719,0.490,-1.705
2524.113,1.719,0.490,-1.705
2524.225,1.719,0.490,-1.705
2524.335,1.719,0.490,-1.705
2524.446,1.719,0.490,-1.705
2524.558,1.719,0.490,-1.705
2524.669,1.719,0.490,-1.705
2524.780,1.719,0.490,-1.705
2524.891,1.719,0.490,-1.705
2525.002,1.718,0.490,-1.705
2525.113,1.718,0.490,-1.705
2525.224,1.718,0.490,-1.705
2525.336,1.718,0.490,-1.705
2525.447,1.718,0.490,-1.705
2525.558,1.718,0.490,-1.705
2525.669,1.718,0.490,-1.705
2525.780,1.718,0.490,-1.705
2525.891,1.718,0.490,-1.705
2526.002,1.718,0.490,-1.705
2526.113,1.718,0.490,-1.705
2526.224,1.718,0.490,-1.705
2526.336,1.718,0.490,-1.705
2526.447,1.718,0.490,-1.705
2526.558,1.718,0.490,-1.705
2526.669,1.718,0.490,-1.705
2526.780,1.718,0.490,-1.705
2526.891,1.718,0.490,-1.705
2527.003,1.719,0.490,-1.705
2527.114,1.719,0.490,-1.705
2527.214,1.719,0.490,-1.705
2527.322,1.719,0.490,-1.705
2527.433,1.719,0.490,-1.705
2527.544,1.719,0.490,-1.705
2527.655,1.719,0.490,-1.705
2527.766,1.719,0.490,-1.705
2527.877,1.719,0.490,-1.705
2527.988,1.719,0.489,-1.705
2528.099,1.719,0.489,-1.705
2528.211,1.719,0.489,-1.705
2528.322,1.719,0.490,-1.705
2528.433,1.719,0.490,-1.705
2528.544,1.719,0.490,-1.705
2528.655,1.719,0.490,-1.705
2528.766,1.720,0.490,-1.705
2528.877,1.720,0.489,-1.705
2528.988,1.720,0.490,-1.705
2529.100,1.720,0.490,-1.705
2529.211,1.720,0.489,-1.705
2529.322,1.720,0.489,-1.705
2529.433,1.720,0.489,-1.705
2529.544,1.720,0.489,-1.705
2529.655,1.720,0.489,-1.705
2529.766,1.720,0.489,-1.705
2529.877,1.720,0.489,-1.705
2529.988,1.720,0.489,-1.705
2530.100,1.720,0.489,-1.705
2530.211,1.720,0.490,-1.705
2530.322,1.720,0.490,-1.705
2530.433,1.720,0.490,-1.705
2530.544,1.720,0.490,-1.705
2530.656,1.720,0.490,-1.705
2530.766,1.720,0.490,-1.705
2530.878,1.720,0.490,-1.705
2530.989,1.720,0.490,-1.705
2531.099,1.720,0.490,-1.705
2531.210,1.720,0.490,-1.705
2531.321,1.720,0.490,-1.705
2531.432,1.720,0.490,-1.705
2531.544,1.720,0.490,-1.705
2531.655,1.720,0.490,-1.705
2531.766,1.720,0.490,-1.705
2531.877,1.720,0.490,-1.705
2531.988,1.720,0.490,-1.705
2532.100,1.720,0.490,-1.705
2532.210,1.720,0.490,-1.705
2532.322,1.720,0.490,-1.705
2532.433,1.720,0.490,-1.705
2532.544,1.720,0.490,-1.705
2532.655,1.720,0.490,-1.705
2532.766,1.720,0.490,-1.705
2532.877,1.720,0.490,-1.705
2532.989,1.720,0.490,-1.705
2533.100,1.720,0.490,-1.705
2533.211,1.720,0.490,-1.705
2533.322,1.720,0.490,-1.705
2533.433,1.720,0.490,-1.705
2533.544,1.720,0.490,-1.705
2533.655,1.720,0.490,-1.705
2533.766,1.720,0.490,-1.705
2533.877,1.720,0.490,-1.705
2533.989,1.720,0.490,-1.705
2534.100,1.720,0.490,-1.705
2534.211,1.720,0.490,-1.705
2534.322,1.720,0.490,-1.705
2534.433,1.720,0.490,-1.705
2534.544,1.720,0.490,-1.705
2534.656,1.720,0.490,-1.705
2534.766,1.720,0.490,-1.705
2534.878,1.720,0.490,-1.705
2534.988,1.720,0.490,-1.705
2535.100,1.720,0.490,-1.705
2535.211,1.720,0.490,-1.705
2535.322,1.720,0.490,-1.705
2535.433,1.720,0.490,-1.705
2535.544,1.720,0.490,-1.705
2535.655,1.720,0.490,-1.705
2535.766,1.720,0.490,-1.705
2535.877,1.720,0.490,-1.705
2535.988,1.720,0.490,-1.705
2536.100,1.720,0.490,-1.705
2536.211,1.720,0.490,-1.705
2536.322,1.720,0.490,-1.705
2536.433,1.720,0.490,-1.705
2536.544,1.720,0.490,-1.705
2536.655,1.720,0.490,-1.705
2536.766,1.720,0.490,-1.705
2536.877,1.720,0.490,-1.705
2536.989,1.720,0.490,-1.705
2537.100,1.720,0.490,-1.705
2537.211,1.720,0.490,-1.705
2537.322,1.720,0.490,-1.705
2537.433,1.720,0.490,-1.705
2537.544,1.720,0.490,-1.705
2537.655,1.720,0.490,-1.705
2537.766,1.720,0.490,-1.705
2537.877,1.720,0.490,-1.705
2537.989,1.720,0.490,-1.705
2538.100,1.720,0.490,-1.705
2538.211,1.720,0.490,-1.705
2538.322,1.721,0.490,-1.705
2538.433,1.721,0.490,-1.705
2538.544,1.721,0.490,-1.705
2538.655,1.721,0.490,-1.705
2538.766,1.721,0.490,-1.705
2538.878,1.721,0.490,-1.705
2538.988,1.721,0.490,-1.705
2539.100,1.721,0.490,-1.705
2539.211,1.721,0.490,-1.705
2539.322,1.721,0.490,-1.705
2539.433,1.721,0.490,-1.705
2539.544,1.721,0.490,-1.705
2539.655,1.721,0.490,-1.705
2539.767,1.721,0.490,-1.705
2539.877,1.721,0.490,-1.705
2539.988,1.721,0.490,-1.705
2540.099,1.721,0.490,-1.705
2540.211,1.721,0.490,-1.705
2540.322,1.721,0.490,-1.705
2540.433,1.721,0.490,-1.705
2540.544,1.721,0.490,-1.705
2540.655,1.721,0.490,-1.705
2540.766,1.721,0.490,-1.705
2540.878,1.721,0.490,-1.705
2540.988,1.721,0.490,-1.705
2541.100,1.721,0.490,-1.705
2541.211,1.721,0.490,-1.705
2541.322,1.721,0.490,-1.705
2541.433,1.721,0.490,-1.705
2541.545,1.721,0.490,-1.705
2541.655,1.721,0.490,-1.705
2541.766,1.721,0.490,-1.705
2541.878,1.721,0.490,-1.705
2541.989,1.721,0.490,-1.705
2542.100,1.721,0.490,-1.705
2542.211,1.721,0.490,-1.705
2542.317,1.721,0.490,-1.705
2542.429,1.721,0.490,-1.705
2542.542,1.721,0.490,-1.705
2542.653,1.721,0.490,-1.705
2542.764,1.720,0.490,-1.705
2542.875,1.720,0.490,-1.705
2542.986,1.720,0.490,-1.705
2543.097,1.720,0.490,-1.705
2543.209,1.720,0.490,-1.705
2543.319,1.720,0.490,-1.705
2543.430,1.720,0.490,-1.705
2543.542,1.720,0.490,-1.705
2543.653,1.720,0.490,-1.705
2543.764,1.720,0.490,-1.705
2543.875,1.720,0.490,-1.705
2543.986,1.720,0.490,-1.705
2544.097,1.720,0.490,-1.705
2544.209,1.720,0.490,-1.705
2544.320,1.721,0.490,-1.705
2544.430,1.720,0.490,-1.705
2544.542,1.720,0.490,-1.705
2544.653,1.720,0.490,-1.705
2544.765,1.720,0.490,-1.705
2544.876,1.720,0.490,-1.705
2544.987,1.720,0.490,-1.705
2545.098,1.721,0.490,-1.705
2545.209,1.721,0.490,-1.705
2545.321,1.721,0.490,-1.705
2545.432,1.721,0.490,-1.705
2545.543,1.721,0.490,-1.705
2545.654,1.721,0.490,-1.705
2545.765,1.721,0.490,-1.705
2545.876,1.720,0.490,-1.705
2545.987,1.720,0.490,-1.705
2546.098,1.721,0.490,-1.705
2546.210,1.720,0.490,-1.705
2546.320,1.720,0.490,-1.705
2546.431,1.720,0.490,-1.705
2546.543,1.720,0.490,-1.705
2546.654,1.720,0.490,-1.705
2546.765,1.720,0.490,-1.705
2546.875,1.720,0.490,-1.705
2546.988,1.720,0.490,-1.705
2547.098,1.721,0.490,-1.705
2547.209,1.721,0.490,-1.705
2547.321,1.721,0.490,-1.705
2547.432,1.721,0.490,-1.705
2547.543,1.721,0.490,-1.705
2547.654,1.721,0.490,-1.705
2547.765,1.721,0.490,-1.705
2547.877,1.721,0.490,-1.705
2547.988,1.721,0.490,-1.705
2548.099,1.721,0.490,-1.705
2548.210,1.721,0.490,-1.705
2548.321,1.721,0.490,-1.705
2548.432,1.721,0.490,-1.705
2548.544,1.721,0.490,-1.705
2548.654,1.721,0.490,-1.705
2548.766,1.721,0.490,-1.705
2548.877,1.721,0.490,-1.705
2548.988,1.720,0.490,-1.705
2549.099,1.721,0.490,-1.705
2549.210,1.721,0.490,-1.705
2549.321,1.721,0.490,-1.705
2549.433,1.721,0.490,-1.705
2549.544,1.720,0.490,-1.705
2549.655,1.720,0.490,-1.705
2549.766,1.720,0.490,-1.705
2549.877,1.720,0.490,-1.705
2549.988,1.721,0.490,-1.705
2550.099,1.721,0.490,-1.705
2550.210,1.721,0.490,-1.705
2550.321,1.721,0.490,-1.705
2550.432,1.721,0.490,-1.705
2550.543,1.721,0.490,-1.705
2550.655,1.721,0.490,-1.705
2550.766,1.721,0.490,-1.705
2550.877,1.721,0.490,-1.705
2550.988,1.721,0.490,-1.705
2551.099,1.721,0.490,-1.705
2551.211,1.721,0.490,-1.705
2551.321,1.721,0.490,-1.705
2551.433,1.721,0.490,-1.705
2551.544,1.720,0.490,-1.705
2551.655,1.721,0.490,-1.705
2551.766,1.720,0.490,-1.705
2551.877,1.720,0.490,-1.705
2551.988,1.720,0.490,-1.705
2552.099,1.720,0.490,-1.705
2552.210,1.721,0.490,-1.705
2552.322,1.721,0.490,-1.705
2552.433,1.721,0.490,-1.705
2552.544,1.721,0.490,-1.705
2552.655,1.721,0.490,-1.705
2552.766,1.721,0.490,-1.705
2552.877,1.721,0.490,-1.705
2552.988,1.721,0.490,-1.705
2553.099,1.720,0.490,-1.705
2553.211,1.720,0.490,-1.705
2553.322,1.720,0.490,-1.705
2553.433,1.721,0.490,-1.705
2553.544,1.721,0.490,-1.705
2553.655,1.721,0.490,-1.705
2553.766,1.721,0.490,-1.705
2553.877,1.721,0.490,-1.705
2553.989,1.721,0.490,-1.705
2554.100,1.721,0.490,-1.705
2554.211,1.721,0.490,-1.705
2554.322,1.721,0.490,-1.705
2554.433,1.721,0.490,-1.705
2554.544,1.721,0.490,-1.705
2554.655,1.721,0.490,-1.705
2554.766,1.721,0.490,-1.705
2554.877,1.721,0.490,-1.705
2554.988,1.721,0.490,-1.705
2555.099,1.721,0.490,-1.705
2555.211,1.721,0.490,-1.705
2555.322,1.721,0.490,-1.705
2555.433,1.721,0.490,-1.705
2555.545,1.721,0.490,-1.705
2555.655,1.721,0.490,-1.705
2555.766,1.721,0.490,-1.705
2555.878,1.721,0.490,-1.705
2555.988,1.721,0.490,-1.705
2556.100,1.721,0.490,-1.705
2556.211,1.721,0.490,-1.705
2556.323,1.721,0.490,-1.705
2556.433,1.721,0.490,-1.705
2556.544,1.721,0.490,-1.705
2556.656,1.721,0.490,-1.705
2556.766,1.721,0.490,-1.705
2556.878,1.720,0.490,-1.705
2556.988,1.720,0.490,-1.705
2557.099,1.721,0.490,-1.705
2557.211,1.721,0.490,-1.705
2557.322,1.721,0.490,-1.705
2557.432,1.721,0.490,-1.705
2557.544,1.721,0.490,-1.705
2557.656,1.721,0.490,-1.705
2557.766,1.721,0.490,-1.705
2557.878,1.721,0.490,-1.705
2557.989,1.721,0.490,-1.705
2558.100,1.721,0.490,-1.705
2558.211,1.721,0.490,-1.705
2558.322,1.721,0.490,-1.705
2558.433,1.721,0.490,-1.705
2558.544,1.721,0.490,-1.705
2558.655,1.721,0.490,-1.705
2558.766,1.721,0.490,-1.705
2558.877,1.721,0.490,-1.705
2558.988,1.721,0.490,-1.705
2559.100,1.721,0.490,-1.705
2559.211,1.721,0.490,-1.705
2559.322,1.721,0.490,-1.705
2559.433,1.721,0.490,-1.705
2559.544,1.721,0.490,-1.705
2559.655,1.721,0.490,-1.705
2559.767,1.721,0.490,-1.706
2559.877,1.721,0.490,-1.705
2559.988,1.721,0.490,-1.705
2560.099,1.721,0.489,-1.706
2560.211,1.721,0.490,-1.705
2560.321,1.721,0.490,-1.705
2560.433,1.721,0.490,-1.706
2560.544,1.721,0.490,-1.706
2560.655,1.721,0.490,-1.705
2560.766,1.721,0.490,-1.705
2560.877,1.721,0.490,-1.705
2560.988,1.721,0.490,-1.705
2561.099,1.721,0.490,-1.705
2561.211,1.720,0.490,-1.705
2561.322,1.721,0.490,-1.705
2561.433,1.720,0.490,-1.705
2561.544,1.720,0.490,-1.705
2561.655,1.720,0.490,-1.705
2561.766,1.720,0.490,-1.705
2561.877,1.720,0.490,-1.705
2561.988,1.720,0.490,-1.705
2562.100,1.720,0.490,-1.706
2562.211,1.720,0.490,-1.706
2562.322,1.720,0.490,-1.705
2562.433,1.720,0.490,-1.705
2562.544,1.720,0.490,-1.705
2562.654,1.720,0.490,-1.705
2562.765,1.720,0.490,-1.705
2562.877,1.720,0.490,-1.705
2562.988,1.720,0.490,-1.705
2563.099,1.720,0.490,-1.705
2563.210,1.720,0.490,-1.705
2563.321,1.720,0.490,-1.705
2563.432,1.720,0.490,-1.706
2563.543,1.720,0.490,-1.706
2563.654,1.720,0.489,-1.706
2563.765,1.720,0.490,-1.706
2563.877,1.720,0.489,-1.706
2563.988,1.721,0.489,-1.706
2564.099,1.721,0.489,-1.706
2564.210,1.721,0.490,-1.706
2564.321,1.721,0.490,-1.706
2564.432,1.721,0.490,-1.706
2564.544,1.721,0.490,-1.706
2564.654,1.721,0.490,-1.706
2564.766,1.721,0.490,-1.706
2564.877,1.721,0.490,-1.706
2564.988,1.721,0.490,-1.706
2565.099,1.721,0.490,-1.706
2565.210,1.721,0.490,-1.706
2565.322,1.721,0.490,-1.706
2565.432,1.721,0.490,-1.706
2565.544,1.721,0.490,-1.706
2565.655,1.721,0.490,-1.706
2565.766,1.721,0.490,-1.706
2565.877,1.721,0.490,-1.706
2565.988,1.721,0.490,-1.706
2566.099,1.721,0.489,-1.706
2566.210,1.720,0.489,-1.706
2566.321,1.720,0.489,-1.706
2566.432,1.720,0.490,-1.706
2566.544,1.720,0.490,-1.706
2566.655,1.720,0.490,-1.705
2566.766,1.720,0.490,-1.705
2566.877,1.720,0.489,-1.706
2566.988,1.720,0.489,-1.706
2567.099,1.720,0.490,-1.706
2567.210,1.720,0.490,-1.706
2567.322,1.720,0.490,-1.705
2567.433,1.720,0.490,-1.705
2567.544,1.720,0.490,-1.705
2567.655,1.720,0.490,-1.705
2567.766,1.720,0.490,-1.705
2567.877,1.720,0.490,-1.705
2567.989,1.720,0.490,-1.705
2568.099,1.720,0.490,-1.705
2568.211,1.720,0.490,-1.705
2568.322,1.720,0.490,-1.705
2568.433,1.720,0.490,-1.705
2568.544,1.720,0.490,-1.705
2568.655,1.720,0.490,-1.705
2568.766,1.720,0.490,-1.705
2568.877,1.720,0.490,-1.705
2568.989,1.720,0.490,-1.706
2569.099,1.720,0.490,-1.706
2569.211,1.720,0.490,-1.706
2569.322,1.720,0.490,-1.705
2569.433,1.720,0.490,-1.705
2569.544,1.720,0.490,-1.705
2569.655,1.720,0.490,-1.705
2569.766,1.720,0.490,-1.705
2569.877,1.720,0.490,-1.705
2569.989,1.720,0.490,-1.705
2570.100,1.720,0.490,-1.705
2570.211,1.720,0.490,-1.705
2570.322,1.720,0.490,-1.705
2570.433,1.720,0.490,-1.705
2570.544,1.720,0.490,-1.705
2570.655,1.720,0.490,-1.705
2570.766,1.720,0.490,-1.705
2570.878,1.720,0.490,-1.705
2570.989,1.720,0.490,-1.705
2571.100,1.720,0.490,-1.705
2571.211,1.720,0.490,-1.705
2571.322,1.720,0.490,-1.705
2571.433,1.720,0.490,-1.705
2571.544,1.720,0.490,-1.705
2571.655,1.720,0.490,-1.705
2571.766,1.720,0.490,-1.705
2571.878,1.720,0.490,-1.705
2571.989,1.720,0.490,-1.705
2572.100,1.720,0.490,-1.705
2572.211,1.720,0.490,-1.705
2572.323,1.720,0.490,-1.705
2572.433,1.720,0.490,-1.705
2572.544,1.720,0.490,-1.705
2572.655,1.720,0.490,-1.705
2572.767,1.720,0.490,-1.705
2572.878,1.720,0.490,-1.705
2572.989,1.720,0.490,-1.705
2573.099,1.720,0.490,-1.705
2573.211,1.720,0.490,-1.705
2573.322,1.720,0.490,-1.705
2573.433,1.720,0.490,-1.705
2573.544,1.720,0.490,-1.705
2573.655,1.720,0.490,-1.705
2573.766,1.720,0.490,-1.705
2573.877,1.720,0.490,-1.705
2573.989,1.720,0.490,-1.705
2574.100,1.720,0.490,-1.705
2574.211,1.720,0.490,-1.705
2574.322,1.720,0.490,-1.705
2574.433,1.720,0.490,-1.705
2574.544,1.720,0.490,-1.705
2574.655,1.720,0.490,-1.705
2574.766,1.720,0.490,-1.705
2574.878,1.720,0.490,-1.705
2574.989,1.720,0.490,-1.705
2575.100,1.720,0.490,-1.705
2575.211,1.720,0.490,-1.705
2575.322,1.720,0.490,-1.705
2575.433,1.720,0.490,-1.705
2575.544,1.720,0.490,-1.705
2575.655,1.720,0.490,-1.705
2575.766,1.720,0.490,-1.705
2575.878,1.720,0.490,-1.705
2575.989,1.720,0.490,-1.705
2576.100,1.720,0.490,-1.705
2576.211,1.720,0.490,-1.705
2576.322,1.720,0.490,-1.705
2576.433,1.720,0.490,-1.705
2576.544,1.720,0.490,-1.705
2576.655,1.720,0.490,-1.705
2576.766,1.720,0.490,-1.705
2576.877,1.720,0.490,-1.705
2576.989,1.720,0.490,-1.705
2577.100,1.720,0.490,-1.705
2577.211,1.720,0.489,-1.705
2577.322,1.720,0.490,-1.705
2577.433,1.720,0.490,-1.705
2577.544,1.720,0.490,-1.705
2577.655,1.720,0.490,-1.705
2577.767,1.720,0.490,-1.705
2577.877,1.720,0.490,-1.705
2577.989,1.720,0.490,-1.705
2578.100,1.720,0.490,-1.705
2578.211,1.720,0.490,-1.705
2578.322,1.720,0.490,-1.705
2578.433,1.720,0.490,-1.706
2578.544,1.720,0.490,-1.706
2578.655,1.720,0.490,-1.705
2578.766,1.720,0.490,-1.705
2578.878,1.720,0.490,-1.705
2578.989,1.720,0.490,-1.705
2579.100,1.720,0.490,-1.705
2579.211,1.720,0.490,-1.705
2579.322,1.720,0.490,-1.705
2579.433,1.720,0.490,-1.705
2579.545,1.720,0.490,-1.705
2579.655,1.720,0.490,-1.705
2579.766,1.720,0.490,-1.705
2579.878,1.720,0.490,-1.705
2579.989,1.720,0.490,-1.705
2580.100,1.720,0.490,-1.705
2580.211,1.720,0.490,-1.705
2580.322,1.720,0.490,-1.705
2580.433,1.720,0.490,-1.705
2580.544,1.719,0.490,-1.705
2580.655,1.720,0.490,-1.705
2580.766,1.720,0.490,-1.705
2580.877,1.720,0.490,-1.705
2580.988,1.720,0.490,-1.705
2581.099,1.720,0.490,-1.705
2581.211,1.720,0.490,-1.706
2581.322,1.720,0.490,-1.705
2581.433,1.720,0.490,-1.705
2581.544,1.720,0.490,-1.705
2581.655,1.720,0.490,-1.705
2581.766,1.720,0.490,-1.705
2581.877,1.720,0.490,-1.705
2581.988,1.720,0.490,-1.705
2582.099,1.720,0.490,-1.705
2582.211,1.720,0.490,-1.705
2582.322,1.720,0.490,-1.705
2582.433,1.719,0.490,-1.705
2582.545,1.719,0.490,-1.705
2582.655,1.720,0.490,-1.705
2582.766,1.720,0.490,-1.705
2582.878,1.720,0.490,-1.705
2582.989,1.720,0.490,-1.705
2583.099,1.720,0.490,-1.705
2583.211,1.720,0.490,-1.705
2583.322,1.719,0.490,-1.705
2583.433,1.719,0.490,-1.705
2583.544,1.719,0.490,-1.705
2583.655,1.719,0.490,-1.705
2583.766,1.719,0.490,-1.705
2583.878,1.719,0.490,-1.705
2583.988,1.719,0.490,-1.705
2584.100,1.719,0.490,-1.705
2584.211,1.719,0.490,-1.705
2584.322,1.719,0.490,-1.705
2584.433,1.719,0.490,-1.705
2584.545,1.719,0.490,-1.705
2584.655,1.719,0.490,-1.705
2584.766,1.719,0.490,-1.705
2584.878,1.719,0.490,-1.705
2584.989,1.719,0.490,-1.705
2585.100,1.719,0.490,-1.705
2585.211,1.719,0.490,-1.705
2585.323,1.719,0.490,-1.705
2585.433,1.719,0.490,-1.705
2585.544,1.719,0.490,-1.705
2585.655,1.719,0.490,-1.705
2585.766,1.719,0.490,-1.705
2585.878,1.719,0.490,-1.705
2585.988,1.719,0.490,-1.705
2586.100,1.719,0.490,-1.705
2586.211,1.719,0.490,-1.705
2586.322,1.719,0.490,-1.705
2586.433,1.719,0.490,-1.705
2586.544,1.719,0.490,-1.705
2586.656,1.719,0.490,-1.705
2586.766,1.719,0.490,-1.705
2586.878,1.719,0.490,-1.705
2586.988,1.719,0.490,-1.705
2587.100,1.719,0.490,-1.705
2587.211,1.719,0.490,-1.705
2587.322,1.719,0.490,-1.705
2587.433,1.720,0.490,-1.705
2587.545,1.720,0.490,-1.705
2587.655,1.720,0.490,-1.705
2587.766,1.720,0.490,-1.705
2587.878,1.720,0.490,-1.705
2587.989,1.720,0.490,-1.705
2588.100,1.720,0.490,-1.705
2588.211,1.720,0.490,-1.705
2588.322,1.720,0.490,-1.705
2588.433,1.719,0.490,-1.705
2588.544,1.719,0.490,-1.705
2588.655,1.719,0.490,-1.705
2588.767,1.719,0.490,-1.705
2588.878,1.719,0.490,-1.705
2588.988,1.719,0.490,-1.705
2589.100,1.719,0.490,-1.705
2589.211,1.719,0.490,-1.705
2589.322,1.719,0.490,-1.705
2589.433,1.719,0.490,-1.705
2589.544,1.719,0.490,-1.705
2589.655,1.719,0.490,-1.705
2589.766,1.719,0.490,-1.705
2589.878,1.719,0.490,-1.705
2589.989,1.719,0.490,-1.705
2590.100,1.719,0.490,-1.705
2590.211,1.719,0.490,-1.705
2590.323,1.719,0.490,-1.705
2590.433,1.719,0.490,-1.705
2590.544,1.719,0.490,-1.705
2590.655,1.719,0.490,-1.705
2590.767,1.719,0.490,-1.705
2590.878,1.719,0.490,-1.705
2590.989,1.719,0.490,-1.705
2591.100,1.719,0.490,-1.705
2591.211,1.719,0.490,-1.705
2591.323,1.719,0.490,-1.705
2591.433,1.719,0.490,-1.705
2591.545,1.719,0.490,-1.705
2591.655,1.719,0.490,-1.705
2591.766,1.719,0.490,-1.705
2591.878,1.719,0.490,-1.705
2591.988,1.719,0.490,-1.705
2592.099,1.719,0.490,-1.705
2592.210,1.719,0.490,-1.705
2592.322,1.719,0.490,-1.705
2592.433,1.719,0.490,-1.705
2592.544,1.719,0.490,-1.705
2592.655,1.719,0.490,-1.705
2592.766,1.719,0.490,-1.705
2592.877,1.719,0.490,-1.705
2592.989,1.719,0.490,-1.705
2593.100,1.719,0.490,-1.705
2593.211,1.719,0.490,-1.705
2593.322,1.719,0.490,-1.705
2593.433,1.719,0.490,-1.705
2593.544,1.719,0.490,-1.705
2593.655,1.719,0.490,-1.705
2593