Timestamp,X,Y,Z
4.144,0.471,2.078,1.711
4.246,0.486,2.081,1.715
4.356,0.494,2.082,1.714
4.468,0.503,2.082,1.714
4.579,0.513,2.083,1.716
4.685,0.520,2.082,1.715
4.796,0.531,2.079,1.710
4.907,0.539,2.075,1.704
5.018,0.544,2.074,1.697
5.127,0.545,2.075,1.693
5.238,0.544,2.075,1.690
5.350,0.543,2.074,1.685
5.461,0.541,2.074,1.682
5.573,0.538,2.079,1.681
5.684,0.535,2.081,1.676
5.795,0.531,2.083,1.675
5.906,0.528,2.085,1.675
6.018,0.527,2.087,1.676
6.129,0.527,2.087,1.676
6.240,0.527,2.086,1.675
6.351,0.527,2.086,1.674
6.462,0.528,2.086,1.672
6.573,0.528,2.086,1.669
6.684,0.528,2.086,1.667
6.795,0.528,2.085,1.666
6.907,0.528,2.085,1.666
7.018,0.528,2.086,1.665
7.129,0.528,2.086,1.664
7.240,0.528,2.087,1.664
7.351,0.527,2.088,1.662
7.462,0.527,2.088,1.660
7.573,0.527,2.088,1.658
7.685,0.527,2.088,1.657
7.796,0.527,2.089,1.656
7.907,0.527,2.089,1.656
8.018,0.527,2.089,1.656
8.129,0.000,2.090,0.001
8.232,-0.002,2.090,0.001
8.343,-0.004,2.090,0.003
8.455,-0.007,2.088,0.004
8.566,-0.011,2.082,0.010
8.666,-0.014,2.070,0.016
8.777,-0.017,2.056,0.022
8.889,-0.019,2.049,0.027
9.000,-0.020,2.049,0.029
9.110,-0.018,2.052,0.028
9.222,-0.017,2.059,0.026
9.333,-0.015,2.064,0.023
9.444,-0.014,2.065,0.022
9.555,-0.013,2.060,0.023
9.667,-0.015,2.053,0.025
9.777,-0.016,2.045,0.027
9.889,-0.019,2.039,0.028
10.002,-0.020,2.036,0.028
10.110,-0.021,2.037,0.026
10.229,-0.023,2.040,0.023
10.342,-0.025,2.047,0.020
10.450,-0.028,2.059,0.016
10.560,-0.029,2.073,0.010
10.672,-0.030,2.080,0.003
10.783,-0.034,2.091,-0.004
10.894,-0.037,2.106,-0.013
11.006,-0.035,2.115,-0.022
11.116,-0.032,2.119,-0.026
11.228,-0.030,2.119,-0.027
11.339,-0.028,2.118,-0.027
11.450,-0.027,2.118,-0.026
11.562,-0.025,2.115,-0.024
11.673,-0.023,2.110,-0.021
11.783,-0.026,2.108,-0.018
11.895,-0.028,2.108,-0.013
12.008,-0.027,2.106,-0.011
12.120,-0.026,2.105,-0.010
12.231,-0.026,2.104,-0.008
12.343,-0.026,2.103,-0.008
12.454,-0.027,2.102,-0.008
12.566,-0.028,2.101,-0.009
12.677,-0.029,2.100,-0.010
12.788,-0.030,2.100,-0.010
12.899,-0.030,2.101,-0.010
13.011,-0.029,2.101,-0.012
13.122,-0.028,2.102,-0.013
13.234,-0.027,2.103,-0.014
13.344,-0.026,2.103,-0.015
13.456,-0.026,2.103,-0.016
13.567,-0.025,2.102,-0.016
13.679,-0.025,2.102,-0.015
13.790,-0.024,2.102,-0.015
13.900,-0.022,2.102,-0.016
14.010,-0.021,2.101,-0.016
14.122,-0.021,2.101,-0.015
14.233,-0.020,2.101,-0.015
14.344,-0.019,2.101,-0.016
14.456,-0.018,2.101,-0.015
14.567,-0.019,2.101,-0.015
14.679,-0.021,2.102,-0.015
14.790,-0.023,2.103,-0.015
14.902,-0.026,2.104,-0.015
15.012,-0.026,2.103,-0.015
15.123,-0.027,2.103,-0.016
15.234,-0.027,2.103,-0.016
15.345,-0.027,2.102,-0.016
15.456,-0.026,2.102,-0.017
15.567,-0.026,2.101,-0.017
15.679,-0.026,2.102,-0.017
15.790,-0.026,2.102,-0.017
15.900,-0.025,2.101,-0.017
16.012,-0.024,2.102,-0.017
16.123,-0.022,2.101,-0.017
16.234,-0.020,2.101,-0.018
16.346,-0.018,2.101,-0.020
16.456,-0.017,2.101,-0.021
16.567,-0.017,2.101,-0.022
16.678,-0.017,2.102,-0.024
16.790,-0.016,2.103,-0.024
16.901,-0.015,2.103,-0.025
17.012,-0.015,2.104,-0.027
17.121,-0.016,2.104,-0.027
17.234,-0.016,2.104,-0.026
17.345,-0.017,2.105,-0.026
17.456,-0.016,2.104,-0.025
17.568,-0.015,2.104,-0.025
17.679,-0.014,2.103,-0.024
17.790,-0.013,2.103,-0.025
17.901,-0.013,2.103,-0.025
18.012,-0.013,2.103,-0.025
18.123,-0.013,2.102,-0.025
18.235,-0.014,2.102,-0.025
18.346,-0.016,2.102,-0.024
18.456,-0.017,2.103,-0.024
18.567,-0.018,2.103,-0.023
18.679,-0.019,2.103,-0.022
18.790,-0.020,2.103,-0.022
18.901,-0.022,2.103,-0.022
19.012,-0.024,2.103,-0.023
19.123,-0.023,2.103,-0.023
19.234,-0.023,2.103,-0.024
19.345,-0.023,2.102,-0.024
19.456,-0.024,2.102,-0.023
19.567,-0.023,2.101,-0.023
19.679,-0.022,2.101,-0.023
19.790,-0.023,2.101,-0.022
19.902,-0.022,2.101,-0.022
20.012,-0.022,2.101,-0.021
20.123,-0.023,2.102,-0.020
20.234,-0.024,2.102,-0.019
20.345,-0.025,2.102,-0.018
20.456,-0.025,2.101,-0.017
20.568,-0.025,2.101,-0.016
20.679,-0.025,2.101,-0.017
20.790,-0.024,2.101,-0.018
20.901,-0.024,2.101,-0.019
21.012,-0.023,2.101,-0.020
21.123,-0.023,2.101,-0.021
21.234,-0.023,2.101,-0.022
21.346,-0.023,2.101,-0.023
21.456,-0.023,2.102,-0.024
21.568,-0.024,2.103,-0.024
21.679,-0.024,2.103,-0.023
21.790,-0.023,2.103,-0.023
21.902,-0.022,2.103,-0.023
22.012,-0.021,2.103,-0.024
22.123,-0.020,2.103,-0.023
22.235,-0.020,2.102,-0.023
22.346,-0.019,2.102,-0.022
22.457,-0.019,2.102,-0.022
22.568,-0.020,2.102,-0.021
22.679,-0.021,2.102,-0.019
22.790,-0.022,2.102,-0.019
22.901,-0.022,2.102,-0.018
23.012,-0.022,2.101,-0.018
23.123,-0.021,2.101,-0.019
23.234,-0.020,2.100,-0.019
23.346,-0.020,2.100,-0.021
23.456,-0.019,2.101,-0.021
23.568,-0.018,2.101,-0.022
23.679,-0.018,2.101,-0.022
23.790,-0.018,2.101,-0.022
23.901,-0.018,2.101,-0.022
24.012,-0.019,2.101,-0.021
24.123,-0.019,2.101,-0.021
24.232,-0.019,2.101,-0.022
24.345,-0.017,2.102,-0.024
24.456,-0.017,2.102,-0.026
24.568,-0.016,2.104,-0.028
24.678,-0.014,2.105,-0.029
24.790,-0.013,2.105,-0.029
24.900,-0.012,2.105,-0.028
25.012,-0.011,2.104,-0.027
25.123,-0.011,2.103,-0.026
25.234,-0.011,2.103,-0.025
25.345,-0.011,2.103,-0.024
25.456,-0.010,2.102,-0.023
25.568,-0.009,2.102,-0.023
25.679,-0.007,2.101,-0.023
25.788,-0.006,2.102,-0.023
25.900,-0.006,2.102,-0.022
26.011,-0.005,2.101,-0.021
26.123,-0.006,2.101,-0.021
26.234,-0.006,2.101,-0.020
26.345,-0.007,2.100,-0.020
26.454,-0.007,2.100,-0.020
26.566,-0.007,2.100,-0.020
26.676,-0.007,2.100,-0.020
26.788,-0.006,2.100,-0.020
26.900,-0.005,2.100,-0.019
27.011,-0.004,2.100,-0.019
27.122,-0.003,2.100,-0.019
27.234,-0.002,2.101,-0.020
27.345,-0.001,2.102,-0.020
27.455,-0.001,2.101,-0.020
27.567,0.000,2.102,-0.020
27.679,-0.001,2.102,-0.020
27.787,0.001,2.098,-0.020
27.901,0.004,2.081,-0.019
28.012,0.008,2.065,-0.014
28.121,0.032,2.051,0.005
28.232,0.090,2.029,0.026
28.343,0.138,1.969,0.017
28.455,0.169,1.865,-0.034
28.567,0.199,1.743,-0.132
28.679,0.241,1.640,-0.269
28.790,0.290,1.600,-0.397
28.901,0.339,1.606,-0.493
29.012,0.387,1.602,-0.568
29.123,0.447,1.582,-0.624
29.235,0.530,1.566,-0.684
29.345,0.632,1.549,-0.766
29.457,0.740,1.527,-0.857
29.569,0.839,1.538,-0.924
29.680,0.926,1.561,-0.952
29.791,1.013,1.526,-0.963
29.903,1.109,1.480,-0.969
30.014,1.194,1.442,-0.965
30.125,1.263,1.403,-0.985
30.236,1.311,1.372,-1.021
30.347,1.323,1.346,-1.058
30.458,1.321,1.286,-1.090
30.570,1.331,1.217,-1.121
30.681,1.332,1.180,-1.157
30.792,1.324,1.125,-1.201
30.903,1.327,1.076,-1.240
31.014,1.348,1.051,-1.272
31.123,1.363,1.055,-1.310
31.234,1.386,1.070,-1.317
31.346,1.416,1.083,-1.306
31.457,1.433,1.085,-1.315
31.568,1.452,1.067,-1.318
31.679,1.468,1.033,-1.303
31.790,1.482,1.004,-1.292
31.903,1.503,0.986,-1.290
32.014,1.528,0.976,-1.291
32.125,1.545,0.969,-1.285
32.237,1.548,0.965,-1.270
32.348,1.535,0.959,-1.255
32.458,1.520,0.954,-1.247
32.570,1.514,0.952,-1.246
32.680,1.520,0.953,-1.249
32.792,1.528,0.953,-1.255
32.903,1.531,0.953,-1.260
33.015,1.526,0.953,-1.261
33.125,1.518,0.953,-1.257
33.236,1.512,0.953,-1.252
33.347,1.512,0.953,-1.251
33.459,1.516,0.953,-1.253
33.570,1.520,0.953,-1.256
33.681,1.522,0.953,-1.257
33.792,1.521,0.953,-1.256
33.903,1.519,0.952,-1.255
34.014,1.519,0.952,-1.255
34.125,1.520,0.953,-1.256
34.236,1.521,0.953,-1.257
34.347,1.520,0.953,-1.257
34.459,1.519,0.952,-1.257
34.570,1.515,0.952,-1.259
34.680,1.511,0.952,-1.260
34.792,1.505,0.952,-1.260
34.903,1.496,0.951,-1.258
35.014,1.490,0.950,-1.257
35.125,1.486,0.950,-1.258
35.236,1.484,0.948,-1.258
35.347,1.476,0.951,-1.261
35.458,1.476,0.945,-1.264
35.569,1.484,0.930,-1.268
35.680,1.497,0.930,-1.270
35.792,1.508,0.932,-1.265
35.903,1.517,0.935,-1.257
36.014,1.527,0.945,-1.255
36.126,1.538,0.950,-1.265
36.236,1.548,0.946,-1.285
36.348,1.547,0.945,-1.306
36.459,1.543,0.942,-1.308
36.570,1.532,0.937,-1.293
36.681,1.526,0.936,-1.266
36.792,1.528,0.949,-1.239
36.903,1.534,0.955,-1.226
37.015,1.536,0.957,-1.226
37.125,1.529,0.955,-1.230
37.236,1.520,0.953,-1.228
37.348,1.510,0.947,-1.226
37.459,1.499,0.942,-1.226
37.570,1.493,0.940,-1.226
37.681,1.494,0.940,-1.224
37.792,1.494,0.938,-1.220
37.903,1.487,0.938,-1.212
38.015,1.479,0.938,-1.209
38.125,1.475,0.940,-1.207
38.236,1.476,0.939,-1.204
38.348,1.477,0.939,-1.203
38.459,1.478,0.938,-1.205
38.570,1.480,0.938,-1.204
38.680,1.482,0.937,-1.204
38.792,1.483,0.936,-1.205
38.903,1.482,0.933,-1.208
39.014,1.481,0.932,-1.211
39.126,1.481,0.931,-1.215
39.237,1.484,0.932,-1.216
39.347,1.486,0.932,-1.213
39.459,1.488,0.933,-1.210
39.570,1.488,0.933,-1.208
39.681,1.489,0.934,-1.209
39.792,1.494,0.935,-1.206
39.903,1.501,0.937,-1.201
40.014,1.503,0.935,-1.205
40.126,1.502,0.935,-1.213
40.236,1.507,0.929,-1.221
40.348,1.512,0.931,-1.228
40.459,1.511,0.929,-1.236
40.570,1.506,0.923,-1.247
40.681,1.504,0.924,-1.246
40.792,1.507,0.922,-1.233
40.903,1.508,0.923,-1.219
41.014,1.506,0.926,-1.213
41.125,1.500,0.926,-1.214
41.236,1.500,0.928,-1.221
41.347,1.504,0.930,-1.225
41.458,1.507,0.931,-1.226
41.569,1.508,0.931,-1.223
41.680,1.506,0.931,-1.219
41.792,1.505,0.931,-1.216
41.903,1.503,0.931,-1.217
42.014,1.503,0.930,-1.220
42.125,1.504,0.931,-1.221
42.236,1.505,0.932,-1.219
42.347,1.506,0.933,-1.214
42.458,1.505,0.932,-1.213
42.569,1.502,0.932,-1.215
42.681,1.499,0.933,-1.213
42.792,1.496,0.932,-1.204
42.903,1.491,0.931,-1.201
43.014,1.488,0.932,-1.201
43.124,1.488,0.931,-1.200
43.236,1.490,0.931,-1.201
43.612,0.009,1.652,0.017
43.716,0.003,1.665,0.009
43.830,0.001,1.675,0.001
43.943,0.001,1.679,-0.003
44.054,0.000,1.681,-0.005
44.157,0.000,1.682,-0.006
44.270,0.001,1.682,-0.006
44.382,0.003,1.681,-0.005
44.493,0.004,1.680,-0.004
44.604,0.004,1.682,-0.006
44.716,0.008,1.679,-0.004
44.827,0.013,1.675,-0.001
44.939,0.016,1.673,0.001
45.049,0.017,1.672,0.002
45.161,0.017,1.671,0.003
45.272,0.017,1.671,0.003
45.384,0.017,1.670,0.003
45.495,0.016,1.670,0.004
45.607,0.015,1.670,0.004
45.717,0.014,1.669,0.005
45.829,0.004,1.695,-0.052
45.940,0.000,1.693,-0.052
46.051,-0.004,1.693,-0.053
46.162,-0.006,1.693,-0.053
46.274,-0.006,1.691,-0.054
46.385,-0.008,1.692,-0.055
46.496,-0.010,1.693,-0.055
46.607,-0.010,1.695,-0.054
46.718,-0.012,1.701,-0.055
46.829,-0.012,1.705,-0.058
46.940,-0.013,1.707,-0.061
47.052,-0.013,1.708,-0.062
47.163,-0.014,1.709,-0.064
47.274,-0.015,1.711,-0.066
47.385,-0.016,1.712,-0.068
47.497,-0.015,1.710,-0.069
47.608,-0.014,1.707,-0.070
47.719,-0.012,1.704,-0.069
47.830,-0.012,1.702,-0.068
47.940,-0.012,1.702,-0.067
48.051,-0.012,1.702,-0.067
48.162,-0.012,1.701,-0.066
48.274,-0.013,1.701,-0.066
48.382,-0.017,1.704,-0.066
48.494,-0.021,1.707,-0.067
48.603,-0.025,1.708,-0.070
48.713,-0.030,1.709,-0.073
48.813,-0.034,1.710,-0.076
48.926,-0.040,1.711,-0.081
49.036,-0.047,1.713,-0.086
49.148,-0.052,1.719,-0.093
49.255,-0.057,1.728,-0.101
49.367,-0.061,1.734,-0.107
49.480,-0.066,1.739,-0.113
49.591,-0.067,1.740,-0.117
49.703,-0.064,1.740,-0.117
49.815,-0.057,1.736,-0.111
49.926,-0.052,1.735,-0.101
50.037,-0.046,1.732,-0.093
50.148,-0.040,1.729,-0.086
50.259,-0.033,1.725,-0.080
50.370,-0.028,1.720,-0.075
50.482,-0.025,1.718,-0.073
50.593,-0.023,1.718,-0.074
50.704,-0.021,1.716,-0.073
50.815,-0.019,1.715,-0.071
50.926,-0.017,1.713,-0.068
51.036,-0.014,1.712,-0.065
51.147,-0.011,1.711,-0.062
51.259,-0.010,1.709,-0.058
51.369,-0.009,1.707,-0.056
51.479,-0.007,1.706,-0.054
51.585,-0.007,1.707,-0.053
51.699,-0.007,1.707,-0.053
51.806,-0.009,1.706,-0.053
51.907,-0.010,1.706,-0.053
52.020,-0.011,1.708,-0.054
52.132,-0.011,1.708,-0.054
52.240,-0.010,1.707,-0.054
52.352,-0.010,1.707,-0.055
52.464,-0.009,1.708,-0.056
52.575,-0.009,1.708,-0.056
52.688,-0.009,1.708,-0.056
52.797,-0.010,1.708,-0.057
52.909,-0.012,1.710,-0.057
53.019,-0.014,1.711,-0.058
53.125,-0.016,1.711,-0.059
53.233,-0.017,1.711,-0.061
53.333,-0.017,1.712,-0.062
53.444,-0.015,1.709,-0.063
53.546,-0.014,1.708,-0.063
53.657,-0.014,1.710,-0.062
53.769,-0.012,1.709,-0.061
53.881,-0.012,1.707,-0.060
53.993,-0.012,1.705,-0.058
54.103,-0.013,1.705,-0.057
54.215,-0.014,1.704,-0.056
54.327,-0.014,1.705,-0.057
54.436,-0.014,1.704,-0.056
54.549,-0.014,1.704,-0.055
54.661,-0.015,1.704,-0.054
54.771,-0.015,1.703,-0.054
54.883,-0.016,1.704,-0.054
54.994,-0.016,1.705,-0.054
55.106,-0.018,1.706,-0.054
55.217,-0.020,1.709,-0.055
55.329,-0.021,1.711,-0.056
55.440,-0.021,1.711,-0.058
55.548,-0.021,1.711,-0.058
55.660,-0.021,1.711,-0.059
55.772,-0.021,1.712,-0.060
55.882,-0.019,1.711,-0.060
55.994,-0.017,1.710,-0.060
56.106,-0.017,1.711,-0.059
56.217,-0.017,1.711,-0.060
56.327,-0.016,1.712,-0.061
56.439,-0.014,1.712,-0.060
56.551,-0.013,1.712,-0.060
56.661,-0.013,1.711,-0.060
56.772,-0.014,1.711,-0.060
56.883,-0.015,1.711,-0.062
56.994,-0.016,1.712,-0.062
57.106,-0.016,1.712,-0.063
57.217,-0.016,1.713,-0.063
57.327,-0.017,1.713,-0.063
57.440,-0.018,1.713,-0.063
57.550,-0.019,1.713,-0.064
57.662,-0.019,1.712,-0.064
57.773,-0.019,1.711,-0.063
57.883,-0.018,1.711,-0.063
57.995,-0.018,1.711,-0.062
58.106,-0.019,1.710,-0.062
58.217,-0.019,1.710,-0.062
58.329,-0.020,1.710,-0.062
58.439,-0.021,1.711,-0.062
58.549,-0.022,1.711,-0.063
58.659,-0.022,1.711,-0.063
58.772,-0.022,1.711,-0.063
58.883,-0.022,1.711,-0.063
58.994,-0.022,1.712,-0.063
59.106,-0.019,1.715,-0.064
59.214,-0.016,1.717,-0.065
59.326,-0.013,1.719,-0.066
59.439,-0.011,1.720,-0.067
59.551,-0.010,1.719,-0.068
59.662,-0.009,1.719,-0.069
59.773,-0.012,1.720,-0.072
59.884,-0.014,1.720,-0.073
59.995,-0.014,1.720,-0.073
60.107,-0.014,1.720,-0.074
60.216,-0.013,1.720,-0.075
60.328,-0.014,1.720,-0.075
60.440,-0.014,1.719,-0.075
60.550,-0.014,1.719,-0.075
60.662,-0.015,1.719,-0.075
60.772,-0.017,1.719,-0.075
60.885,-0.018,1.719,-0.074
60.994,-0.020,1.719,-0.074
61.107,-0.020,1.719,-0.074
61.217,-0.020,1.718,-0.073
61.328,-0.019,1.718,-0.072
61.440,-0.017,1.718,-0.071
61.549,-0.014,1.720,-0.071
61.660,-0.010,1.721,-0.072
61.773,-0.008,1.721,-0.072
61.884,-0.006,1.721,-0.072
61.996,-0.006,1.720,-0.072
62.106,-0.006,1.719,-0.072
62.217,-0.007,1.718,-0.072
62.328,-0.008,1.718,-0.072
62.440,-0.008,1.718,-0.071
62.551,-0.010,1.717,-0.070
62.662,-0.011,1.716,-0.068
62.772,-0.010,1.715,-0.068
62.884,-0.010,1.716,-0.069
62.995,-0.011,1.717,-0.069
63.105,-0.011,1.716,-0.068
63.218,-0.012,1.716,-0.068
63.328,-0.012,1.716,-0.068
63.440,-0.014,1.717,-0.068
63.551,-0.014,1.717,-0.068
63.662,-0.015,1.717,-0.068
63.773,-0.016,1.718,-0.069
63.883,-0.017,1.718,-0.069
63.995,-0.017,1.717,-0.070
64.106,-0.017,1.717,-0.071
64.217,-0.017,1.717,-0.071
64.328,-0.017,1.717,-0.071
64.439,-0.017,1.717,-0.071
64.551,-0.016,1.717,-0.071
64.662,-0.016,1.717,-0.071
64.773,-0.015,1.718,-0.072
64.884,-0.014,1.720,-0.073
64.994,-0.013,1.721,-0.075
65.106,-0.013,1.721,-0.076
65.217,-0.015,1.721,-0.077
65.329,-0.020,1.722,-0.078
65.439,-0.036,1.723,-0.079
65.550,-0.072,1.716,-0.077
65.662,-0.123,1.716,-0.066
65.774,-0.175,1.709,-0.067
65.882,-0.211,1.699,-0.071
65.993,-0.246,1.694,-0.059
66.106,-0.295,1.692,-0.030
66.216,-0.359,1.693,0.017
66.328,-0.421,1.717,0.043
66.439,-0.474,1.784,0.037
66.550,-0.524,1.872,0.022
66.661,-0.572,1.954,0.013
66.773,-0.613,2.012,0.010
66.884,-0.669,2.037,0.015
66.995,-0.745,2.028,0.023
67.106,-0.835,2.001,0.044
67.217,-0.931,1.999,0.067
67.328,-1.021,2.023,0.075
67.440,-1.111,2.038,0.071
67.549,-1.209,2.035,0.060
67.662,-1.311,2.011,0.045
67.773,-1.415,2.010,0.031
67.884,-1.513,2.033,0.028
67.995,-1.600,2.046,0.036
68.106,-1.682,2.034,0.056
68.216,-1.758,2.010,0.089
68.320,-1.829,2.009,0.125
68.430,-1.894,2.028,0.148
68.541,-1.960,2.047,0.156
68.654,-2.020,2.052,0.148
68.765,-2.068,2.054,0.125
68.876,-2.109,2.065,0.098
68.986,-2.140,2.065,0.075
69.099,-2.163,2.062,0.058
69.211,-2.183,2.067,0.045
69.314,-2.195,2.069,0.037
69.421,-2.206,2.071,0.031
69.532,-2.214,2.071,0.025
69.642,-2.218,2.072,0.019
69.754,-2.219,2.071,0.014
69.869,-2.219,2.070,0.009
69.980,-2.220,2.071,0.005
70.085,-2.221,2.071,0.005
70.196,-2.222,2.072,0.005
70.307,-2.225,2.070,0.005
70.419,-2.232,2.076,0.003
70.533,-2.234,2.079,0.002
70.645,-2.232,2.078,0.000
70.757,-2.231,2.079,-0.004
70.869,-2.231,2.081,-0.005
70.980,-2.233,2.081,-0.005
71.091,-2.235,2.079,-0.003
71.203,-2.237,2.079,-0.002
71.314,-2.241,2.081,-0.001
71.427,-2.243,2.081,-0.001
71.535,-2.246,2.080,0.000
71.648,-2.249,2.080,0.000
71.758,-2.252,2.080,0.000
71.868,-2.254,2.080,0.001
71.980,-2.256,2.080,0.001
72.090,-2.257,2.080,0.000
72.202,-2.257,2.080,-0.002
72.313,-2.256,2.081,-0.004
72.425,-2.255,2.081,-0.006
72.534,-2.255,2.081,-0.009
72.646,-2.254,2.081,-0.010
72.757,-2.252,2.080,-0.011
72.869,-2.249,2.080,-0.012
72.980,-2.245,2.081,-0.013
73.090,-2.240,2.083,-0.013
73.201,-2.233,2.084,-0.011
73.313,-2.227,2.087,-0.011
73.426,-2.224,2.096,-0.016
73.534,-2.219,2.099,-0.020
73.647,-2.214,2.100,-0.022
73.757,-2.210,2.099,-0.023
73.869,-2.206,2.098,-0.023
73.979,-2.200,2.098,-0.023
74.090,-2.195,2.096,-0.022
74.203,-2.194,2.095,-0.021
74.314,-2.195,2.094,-0.019
74.424,-2.197,2.094,-0.017
74.535,-2.199,2.094,-0.015
74.646,-2.200,2.094,-0.014
74.757,-2.201,2.094,-0.013
74.869,-2.202,2.093,-0.013
74.979,-2.201,2.093,-0.014
75.089,-2.202,2.094,-0.016
75.203,-2.202,2.094,-0.017
75.313,-2.202,2.094,-0.018
75.423,-2.203,2.095,-0.018
75.535,-2.204,2.095,-0.018
75.647,-2.204,2.093,-0.017
75.758,-2.205,2.094,-0.015
75.869,-2.206,2.093,-0.015
75.980,-2.207,2.093,-0.014
76.091,-2.208,2.093,-0.013
76.203,-2.208,2.092,-0.012
76.314,-2.208,2.092,-0.012
76.424,-2.208,2.092,-0.012
76.536,-2.208,2.091,-0.012
76.646,-2.208,2.091,-0.010
76.757,-2.209,2.090,-0.010
76.868,-2.209,2.090,-0.009
76.980,-2.208,2.089,-0.008
77.091,-2.209,2.089,-0.007
77.202,-2.208,2.089,-0.007
77.314,-2.208,2.089,-0.007
77.424,-2.208,2.089,-0.007
77.535,-2.208,2.089,-0.006
77.647,-2.208,2.090,-0.005
77.757,-2.208,2.091,-0.006
77.869,-2.209,2.092,-0.007
77.978,-2.212,2.095,-0.008
78.091,-2.214,2.095,-0.010
78.203,-2.215,2.096,-0.010
78.313,-2.216,2.096,-0.010
78.423,-2.217,2.096,-0.011
78.535,-2.219,2.099,-0.012
78.646,-2.219,2.097,-0.012
78.759,-2.221,2.098,-0.011
78.869,-2.222,2.096,-0.010
78.979,-2.222,2.095,-0.010
79.090,-2.220,2.094,-0.011
79.202,-2.218,2.093,-0.012
79.313,-2.216,2.092,-0.012
79.425,-2.215,2.091,-0.012
79.535,-2.214,2.091,-0.011
79.646,-2.212,2.091,-0.013
79.757,-2.211,2.091,-0.014
79.869,-2.210,2.091,-0.014
79.980,-2.211,2.091,-0.014
80.090,-2.212,2.092,-0.013
80.202,-2.215,2.094,-0.014
80.313,-2.217,2.097,-0.012
80.424,-2.219,2.096,-0.010
80.535,-2.221,2.094,-0.010
80.646,-2.223,2.093,-0.012
80.757,-2.224,2.092,-0.012
80.871,-2.224,2.092,-0.012
80.979,-2.224,2.092,-0.013
81.091,-2.223,2.092,-0.012
81.201,-2.223,2.092,-0.011
81.312,-2.221,2.092,-0.009
81.423,-2.220,2.093,-0.007
81.535,-2.224,2.093,-0.004
81.646,-2.228,2.093,0.000
81.757,-2.229,2.094,0.001
81.868,-2.227,2.093,0.001
81.979,-2.227,2.094,0.001
82.090,-2.226,2.093,0.001
82.201,-2.226,2.092,0.001
82.313,-2.227,2.091,0.001
82.424,-2.229,2.091,0.000
82.535,-2.230,2.091,0.000
82.646,-2.231,2.090,0.000
82.758,-2.231,2.090,0.000
82.869,-2.229,2.090,0.001
82.979,-2.224,2.089,0.003
83.090,-2.215,2.090,0.006
83.202,-2.201,2.091,0.010
83.313,-2.187,2.092,0.016
83.424,-2.173,2.097,0.023
83.534,-2.160,2.100,0.030
83.646,-2.148,2.104,0.038
83.758,-2.134,2.106,0.045
83.869,-2.119,2.107,0.050
83.980,-2.105,2.107,0.052
84.090,-2.094,2.106,0.052
84.203,-2.083,2.101,0.050
84.313,-2.070,2.093,0.046
84.424,-2.061,2.093,0.044
84.534,-2.056,2.095,0.043
84.646,-2.052,2.095,0.042
84.757,-2.049,2.095,0.041
84.867,-2.047,2.094,0.041
84.980,-2.048,2.092,0.039
85.090,-2.049,2.092,0.037
85.202,-2.050,2.092,0.036
85.313,-2.050,2.092,0.037
85.424,-2.049,2.093,0.038
85.533,-2.048,2.093,0.039
85.646,-2.046,2.093,0.041
85.757,-2.044,2.093,0.042
85.868,-2.042,2.093,0.043
85.978,-2.039,2.091,0.045
86.090,-2.036,2.090,0.046
86.202,-2.034,2.090,0.047
86.313,-2.033,2.090,0.049
86.423,-2.031,2.089,0.051
86.535,-2.031,2.089,0.052
86.646,-2.030,2.088,0.053
86.756,-2.030,2.088,0.054
86.868,-2.031,2.087,0.055
86.979,-2.032,2.087,0.055
87.090,-2.034,2.086,0.054
87.202,-2.035,2.085,0.054
87.313,-2.036,2.085,0.054
87.424,-2.037,2.085,0.055
87.535,-2.037,2.084,0.055
87.646,-2.036,2.084,0.055
87.757,-2.036,2.084,0.056
87.867,-2.035,2.083,0.057
87.979,-2.035,2.083,0.058
88.089,0.000,1.453,0.000
88.201,-0.001,1.454,0.001
88.312,-0.003,1.454,0.002
88.423,-0.005,1.454,0.003
88.535,-0.008,1.453,0.005
88.646,-0.012,1.455,0.006
88.756,-0.014,1.455,0.007
88.867,-0.017,1.456,0.009
88.979,-0.017,1.455,0.011
89.091,-0.018,1.455,0.012
89.201,-0.019,1.457,0.011
89.312,-0.019,1.457,0.009
89.423,-0.020,1.457,0.008
89.535,-0.021,1.458,0.006
89.646,0.000,1.458,-0.001
89.756,-0.001,1.458,-0.002
89.867,-0.001,1.457,-0.002
89.978,-0.001,1.457,-0.003
90.089,-0.002,1.457,-0.003
90.201,-0.003,1.456,-0.002
90.311,-0.005,1.457,-0.001
90.423,-0.005,1.456,0.000
90.533,-0.004,1.456,0.001
90.645,-0.004,1.456,0.001
90.756,-0.003,1.456,0.001
90.866,-0.002,1.457,0.002
90.979,-0.002,1.456,0.002
91.089,-0.002,1.456,0.003
91.201,-0.002,1.456,0.004
91.312,-0.003,1.455,0.004
91.423,-0.004,1.455,0.004
91.534,-0.006,1.455,0.003
91.645,-0.007,1.456,0.002
91.756,-0.008,1.457,0.001
91.868,-0.009,1.457,0.001
91.979,-0.010,1.457,0.003
92.089,-0.010,1.457,0.005
92.201,-0.011,1.456,0.007
92.311,-0.011,1.454,0.009
92.423,-0.007,1.444,0.015
92.534,0.001,1.413,0.025
92.645,0.004,1.384,0.037
92.757,0.000,1.369,0.053
92.868,-0.004,1.363,0.068
92.979,-0.008,1.357,0.083
93.089,-0.014,1.351,0.097
93.200,-0.024,1.349,0.113
93.312,-0.038,1.347,0.136
93.422,-0.057,1.341,0.163
93.533,-0.079,1.336,0.208
93.645,-0.103,1.328,0.271
93.756,-0.113,1.300,0.335
93.867,-0.106,1.234,0.403
93.978,-0.089,1.119,0.462
94.091,-0.076,0.969,0.504
94.202,-0.075,0.830,0.533
94.313,-0.080,0.733,0.548
94.423,-0.079,0.675,0.554
94.534,-0.076,0.648,0.560
94.646,-0.070,0.636,0.569
94.757,-0.060,0.629,0.581
94.867,-0.051,0.627,0.590
94.978,-0.045,0.624,0.592
95.090,-0.043,0.626,0.592
95.202,-0.042,0.628,0.591
95.313,-0.045,0.638,0.587
95.424,-0.056,0.704,0.575
95.534,-0.067,0.819,0.562
95.646,-0.083,0.958,0.540
95.757,-0.104,1.095,0.507
95.867,-0.127,1.220,0.464
95.978,-0.143,1.304,0.408
96.089,-0.161,1.354,0.360
96.200,-0.173,1.389,0.314
96.312,-0.177,1.409,0.273
96.423,-0.181,1.424,0.239
96.534,-0.184,1.437,0.214
96.645,-0.188,1.451,0.198
96.755,-0.189,1.460,0.185
96.866,-0.191,1.465,0.180
96.978,-0.189,1.458,0.180
97.089,-0.189,1.450,0.188
97.200,-0.187,1.442,0.198
97.311,-0.186,1.434,0.210
97.422,-0.188,1.428,0.225
97.534,-0.191,1.420,0.240
97.645,-0.187,1.401,0.258
97.756,-0.178,1.382,0.282
97.867,-0.166,1.368,0.310
97.979,-0.152,1.354,0.347
98.090,-0.132,1.330,0.387
98.201,-0.105,1.289,0.439
98.311,-0.080,1.216,0.491
98.422,-0.058,1.105,0.528
98.535,-0.042,0.971,0.552
98.646,-0.039,0.837,0.565
98.757,-0.040,0.731,0.571
98.867,-0.043,0.668,0.575
98.979,-0.042,0.640,0.578
99.090,-0.038,0.642,0.576
99.202,-0.035,0.648,0.577
99.313,-0.031,0.645,0.574
99.423,-0.026,0.641,0.573
99.534,-0.021,0.640,0.572
99.646,-0.019,0.640,0.572
99.757,-0.019,0.641,0.570
99.869,-0.019,0.644,0.568
99.979,-0.023,0.652,0.563
100.090,-0.030,0.680,0.556
100.202,-0.038,0.760,0.551
100.313,-0.056,0.887,0.540
100.423,-0.080,1.032,0.513
100.534,-0.105,1.186,0.474
100.645,-0.126,1.322,0.419
100.756,-0.137,1.411,0.359
100.867,-0.136,1.451,0.299
100.977,-0.128,1.467,0.242
101.089,-0.120,1.473,0.193
101.200,-0.109,1.476,0.155
101.311,-0.097,1.481,0.130
101.422,-0.085,1.490,0.107
101.533,-0.069,1.491,0.080
101.644,-0.055,1.489,0.055
101.756,-0.042,1.479,0.036
101.867,-0.030,1.471,0.021
101.978,-0.022,1.474,0.008
102.089,-0.014,1.474,0.001
102.199,-0.008,1.471,-0.003
102.310,-0.004,1.472,-0.006
102.422,-0.001,1.472,-0.007
102.533,0.002,1.472,-0.007
102.645,0.005,1.471,-0.005
102.755,0.007,1.470,-0.003
102.867,0.006,1.469,0.000
102.978,0.004,1.468,0.004
103.089,0.002,1.467,0.009
103.199,0.000,1.468,0.011
103.311,-0.001,1.468,0.012
103.422,-0.001,1.467,0.012
103.533,0.001,1.467,0.011
103.645,0.004,1.466,0.009
103.755,0.008,1.465,0.007
103.866,0.012,1.465,0.005
103.978,0.016,1.464,0.003
104.089,0.019,1.464,0.002
104.200,0.021,1.464,0.001
104.311,0.021,1.464,0.001
104.422,0.022,1.462,0.000
104.533,0.022,1.461,0.000
104.644,0.021,1.461,0.001
104.755,0.019,1.461,0.002
104.867,0.016,1.460,0.004
104.977,0.014,1.460,0.005
105.089,0.011,1.460,0.006
105.200,0.007,1.459,0.006
105.311,0.003,1.460,0.005
105.422,0.000,1.459,0.005
105.533,-0.002,1.459,0.005
105.644,-0.004,1.459,0.005
105.756,-0.004,1.458,0.005
105.866,-0.004,1.458,0.006
105.977,-0.004,1.456,0.008
106.089,-0.005,1.455,0.015
106.199,-0.002,1.462,0.031
106.310,-0.001,1.475,0.041
106.422,-0.003,1.486,0.046
106.533,-0.003,1.490,0.046
106.644,-0.001,1.489,0.045
106.755,0.001,1.487,0.045
106.867,0.003,1.483,0.044
106.978,0.006,1.469,0.037
107.089,0.007,1.449,0.021
107.200,0.008,1.451,0.021
107.311,0.009,1.451,0.020
107.422,0.009,1.452,0.020
107.533,0.007,1.451,0.022
107.645,0.006,1.453,0.024
107.755,0.005,1.452,0.025
107.868,0.005,1.449,0.024
107.978,0.005,1.445,0.024
108.089,0.006,1.444,0.022
108.199,0.007,1.443,0.020
108.311,0.008,1.443,0.018
108.422,0.008,1.443,0.016
108.533,0.009,1.442,0.015
108.644,0.009,1.441,0.016
108.756,0.008,1.440,0.018
108.866,0.008,1.439,0.020
108.977,0.007,1.443,0.022
109.089,0.006,1.442,0.023
109.199,0.004,1.443,0.027
109.311,0.003,1.441,0.029
109.422,0.003,1.442,0.031
109.533,0.002,1.439,0.031
109.644,0.000,1.440,0.032
109.754,0.002,1.441,0.030
109.866,0.003,1.441,0.028
109.978,0.004,1.442,0.027
110.089,0.006,1.441,0.026
110.199,0.007,1.439,0.028
110.310,0.007,1.439,0.030
110.422,0.008,1.437,0.032
110.531,0.010,1.437,0.033
110.644,0.011,1.437,0.035
110.753,0.012,1.436,0.037
110.866,0.012,1.439,0.038
110.977,0.012,1.440,0.038
111.088,0.013,1.439,0.038
111.199,0.013,1.437,0.038
111.310,0.015,1.437,0.038
111.422,0.016,1.437,0.036
111.533,0.017,1.436,0.035
111.643,0.016,1.435,0.033
111.754,0.015,1.434,0.031
111.866,0.014,1.434,0.031
111.977,0.014,1.434,0.031
112.089,0.013,1.437,0.031
112.200,0.013,1.443,0.027
112.311,0.016,1.443,0.021
112.422,0.022,1.432,0.016
112.533,0.026,1.422,0.012
112.644,0.024,1.423,0.013
112.755,0.021,1.423,0.012
112.866,0.017,1.424,0.012
112.977,0.013,1.425,0.010
113.089,0.009,1.426,0.008
113.199,0.005,1.428,0.006
113.311,0.001,1.431,0.005
113.421,-0.004,1.437,0.003
113.531,-0.007,1.440,-0.001
113.642,-0.009,1.440,-0.003
113.752,-0.011,1.440,-0.003
113.863,-0.013,1.442,-0.003
113.976,-0.013,1.441,-0.003
114.087,-0.014,1.440,-0.003
114.198,-0.014,1.440,-0.004
114.309,-0.015,1.440,-0.003
114.421,-0.016,1.441,-0.002
114.531,-0.017,1.441,-0.003
114.643,-0.021,1.444,-0.003
114.754,-0.025,1.449,-0.004
114.865,-0.027,1.450,-0.005
114.976,-0.029,1.450,-0.005
115.087,-0.030,1.450,-0.004
115.198,-0.029,1.447,-0.002
115.309,-0.028,1.444,-0.001
115.421,-0.023,1.442,0.001
115.531,-0.017,1.440,0.004
115.631,-0.010,1.437,0.007
115.741,-0.005,1.434,0.009
115.851,0.000,1.432,0.009
115.963,0.003,1.432,0.008
116.074,0.006,1.432,0.007
116.185,0.007,1.432,0.008
116.295,0.008,1.433,0.009
116.406,0.010,1.434,0.010
116.518,0.012,1.433,0.012
116.629,0.015,1.433,0.013
116.741,0.016,1.432,0.014
116.852,0.018,1.432,0.014
116.962,0.019,1.432,0.014
117.074,0.021,1.434,0.013
117.185,0.023,1.434,0.012
117.294,0.024,1.436,0.011
117.406,0.022,1.438,0.009
117.517,0.023,1.438,0.008
117.629,0.025,1.438,0.008
117.739,0.028,1.437,0.007
117.851,0.032,1.437,0.006
117.962,0.036,1.440,0.005
118.073,0.036,1.442,0.004
118.184,0.036,1.441,0.003
118.295,0.037,1.439,0.003
118.407,0.036,1.438,0.003
118.517,0.035,1.440,0.002
118.628,0.034,1.441,0.001
118.740,0.033,1.441,0.002
118.850,0.034,1.440,0.004
118.962,0.033,1.439,0.006
119.073,0.031,1.440,0.008
119.184,0.030,1.440,0.009
119.295,0.030,1.440,0.009
119.407,0.029,1.440,0.011
119.518,0.030,1.439,0.012
119.628,0.031,1.438,0.014
119.739,0.032,1.439,0.016
119.850,0.033,1.440,0.017
119.961,0.033,1.440,0.017
120.072,0.035,1.439,0.017
120.183,0.036,1.439,0.018
120.294,0.037,1.438,0.019
120.407,0.037,1.438,0.019
120.517,0.037,1.438,0.020
120.629,0.038,1.437,0.019
120.739,0.040,1.438,0.017
120.850,0.042,1.438,0.015
120.961,0.045,1.440,0.014
121.073,0.047,1.445,0.012
121.184,0.049,1.449,0.007
121.294,0.049,1.448,0.004
121.405,0.051,1.447,0.003
121.517,0.054,1.445,0.003
121.628,0.056,1.447,0.002
121.739,0.056,1.448,0.001
121.850,0.055,1.448,0.001
121.961,0.055,1.447,0.001
122.072,0.055,1.446,0.000
122.184,0.055,1.447,-0.001
122.294,0.056,1.445,-0.001
122.405,0.056,1.445,0.000
122.516,0.056,1.443,0.000
122.627,0.057,1.443,0.000
122.739,0.056,1.443,0.000
122.850,0.053,1.443,0.000
122.962,0.052,1.443,0.001
123.073,0.051,1.443,0.003
123.183,0.049,1.442,0.003
123.294,0.047,1.441,0.004
123.406,0.043,1.440,0.006
123.517,0.039,1.440,0.008
123.627,0.038,1.439,0.009
123.739,0.039,1.438,0.010
123.850,0.040,1.437,0.010
123.961,0.041,1.435,0.011
124.071,0.043,1.434,0.012
124.182,0.045,1.433,0.013
124.293,0.047,1.434,0.013
124.404,0.048,1.434,0.013
124.515,0.049,1.434,0.014
124.626,0.051,1.434,0.015
124.738,0.052,1.434,0.016
124.849,0.052,1.435,0.018
124.960,0.053,1.435,0.019
125.072,0.053,1.436,0.020
125.183,0.054,1.437,0.020
125.294,0.054,1.438,0.021
125.406,0.054,1.438,0.022
125.517,0.056,1.438,0.023
125.627,0.057,1.439,0.022
125.738,0.059,1.438,0.021
125.850,0.061,1.438,0.020
125.961,0.061,1.438,0.019
126.072,0.061,1.437,0.019
126.183,0.061,1.436,0.021
126.294,0.061,1.436,0.021
126.405,0.060,1.436,0.021
126.516,0.059,1.436,0.021
126.627,0.058,1.437,0.020
126.738,0.057,1.437,0.019
126.850,0.055,1.437,0.017
126.960,0.054,1.437,0.015
127.071,0.052,1.436,0.014
127.182,0.051,1.436,0.013
127.294,0.050,1.436,0.013
127.405,0.049,1.436,0.013
127.517,0.048,1.436,0.013
127.627,0.047,1.437,0.012
127.739,0.047,1.437,0.013
127.850,0.045,1.436,0.015
127.961,0.042,1.438,0.016
128.072,0.040,1.439,0.018
128.183,0.039,1.440,0.020
128.294,0.039,1.440,0.022
128.406,0.040,1.440,0.023
128.515,0.041,1.440,0.023
128.626,0.041,1.439,0.023
128.737,0.041,1.440,0.023
128.849,0.041,1.440,0.023
128.960,0.041,1.441,0.023
129.071,0.041,1.441,0.022
129.182,0.041,1.441,0.022
129.294,0.041,1.441,0.022
129.405,0.040,1.442,0.022
129.516,0.039,1.442,0.021
129.626,0.039,1.441,0.021
129.738,0.037,1.439,0.022
129.850,0.035,1.439,0.021
129.960,0.034,1.438,0.020
130.071,0.033,1.438,0.019
130.182,0.033,1.438,0.020
130.293,0.032,1.438,0.019
130.405,0.030,1.439,0.019
130.515,0.029,1.439,0.019
130.626,0.029,1.438,0.019
130.736,0.028,1.438,0.019
130.849,0.028,1.438,0.018
130.959,0.028,1.438,0.018
131.072,0.028,1.438,0.018
131.181,0.028,1.438,0.017
131.292,0.027,1.437,0.017
131.405,0.026,1.438,0.016
131.516,0.024,1.439,0.016
131.626,0.023,1.439,0.016
131.738,0.023,1.438,0.016
131.849,0.022,1.438,0.016
131.960,0.021,1.439,0.015
132.072,0.020,1.439,0.015
132.183,0.020,1.439,0.014
132.294,0.020,1.439,0.014
132.405,0.020,1.438,0.014
132.516,0.020,1.438,0.014
132.627,0.020,1.438,0.015
132.739,0.020,1.438,0.017
132.850,0.019,1.438,0.018
132.961,0.018,1.438,0.020
133.071,0.018,1.438,0.022
133.182,0.018,1.438,0.023
133.293,0.018,1.438,0.024
133.405,0.018,1.438,0.025
133.515,0.019,1.438,0.026
133.627,0.020,1.437,0.026
133.738,0.022,1.437,0.026
133.849,0.023,1.437,0.026
133.961,0.024,1.437,0.025
134.071,0.025,1.437,0.024
134.183,0.026,1.437,0.023
134.293,0.025,1.438,0.022
134.405,0.025,1.441,0.021
134.515,0.025,1.442,0.019
134.626,0.025,1.443,0.018
134.737,0.026,1.446,0.016
134.848,0.028,1.453,0.014
134.958,0.028,1.455,0.012
135.071,0.028,1.454,0.010
135.182,0.028,1.454,0.010
135.293,0.030,1.454,0.011
135.405,0.032,1.452,0.011
135.516,0.035,1.449,0.011
135.627,0.035,1.447,0.013
135.738,0.033,1.447,0.014
135.850,0.031,1.446,0.014
135.960,0.029,1.444,0.013
136.072,0.029,1.443,0.012
136.183,0.029,1.443,0.012
136.294,0.029,1.444,0.012
136.405,0.029,1.444,0.011
136.517,0.029,1.444,0.011
136.627,0.029,1.444,0.011
136.738,0.028,1.444,0.011
136.850,0.028,1.444,0.011
136.961,0.028,1.444,0.011
137.080,0.028,1.444,0.011
137.209,0.032,1.444,0.020
137.327,0.053,1.440,0.028
137.428,0.069,1.437,0.028
137.540,0.080,1.452,0.036
137.651,0.088,1.455,0.035
137.754,0.090,1.453,0.033
137.866,0.090,1.450,0.030
137.977,0.088,1.456,0.024
138.089,0.088,1.466,0.029
138.200,0.083,1.479,0.046
138.312,0.071,1.488,0.067
138.424,0.046,1.490,0.095
138.535,0.021,1.487,0.127
138.646,-0.002,1.487,0.157
138.758,-0.025,1.484,0.183
138.870,-0.042,1.479,0.204
138.981,-0.059,1.464,0.219
139.093,-0.078,1.445,0.226
139.203,-0.092,1.437,0.236
139.315,-0.105,1.433,0.241
139.426,-0.112,1.434,0.249
139.537,-0.114,1.436,0.258
139.648,-0.113,1.432,0.262
139.759,-0.111,1.428,0.263
139.870,-0.109,1.427,0.264
139.982,-0.114,1.426,0.264
140.093,-0.116,1.426,0.266
140.204,-0.117,1.423,0.266
140.316,-0.117,1.420,0.265
140.427,-0.120,1.422,0.261
140.538,-0.119,1.422,0.256
140.649,-0.118,1.416,0.250
140.760,-0.116,1.412,0.245
140.871,-0.114,1.410,0.241
140.982,-0.115,1.410,0.236
141.094,-0.116,1.409,0.231
141.205,-0.116,1.408,0.230
141.316,-0.118,1.408,0.233
141.427,-0.121,1.406,0.239
141.538,-0.124,1.403,0.246
141.649,-0.129,1.400,0.250
141.761,-0.133,1.400,0.252
141.871,-0.136,1.401,0.252
141.983,-0.140,1.402,0.252
142.094,-0.147,1.401,0.251
142.205,-0.151,1.401,0.251
142.316,-0.149,1.399,0.253
142.427,-0.148,1.397,0.255
142.538,-0.147,1.397,0.257
142.649,-0.148,1.396,0.257
142.761,-0.148,1.396,0.256
142.872,-0.146,1.394,0.255
142.983,-0.145,1.393,0.254
143.094,-0.143,1.393,0.252
143.205,-0.141,1.392,0.249
143.316,-0.139,1.391,0.247
143.427,-0.138,1.390,0.245
143.538,-0.137,1.390,0.245
143.649,-0.139,1.392,0.245
143.760,-0.141,1.396,0.247
143.871,-0.145,1.396,0.251
143.982,-0.153,1.396,0.254
144.094,-0.168,1.398,0.259
144.205,-0.188,1.401,0.259
144.315,-0.210,1.407,0.249
144.427,-0.228,1.414,0.236
144.538,-0.237,1.420,0.225
144.649,-0.241,1.424,0.219
144.760,-0.246,1.428,0.214
144.871,-0.247,1.431,0.207
144.982,-0.246,1.429,0.205
145.093,-0.244,1.422,0.204
145.204,-0.240,1.421,0.207
145.315,-0.231,1.422,0.213
145.427,-0.221,1.419,0.218
145.538,-0.210,1.412,0.221
145.649,-0.199,1.410,0.223
145.761,-0.187,1.407,0.223
145.871,-0.175,1.405,0.223
145.982,-0.161,1.407,0.227
146.094,-0.148,1.411,0.232
146.204,-0.141,1.411,0.231
146.316,-0.135,1.407,0.228
146.427,-0.131,1.402,0.230
146.538,-0.128,1.401,0.228
146.649,-0.126,1.402,0.229
146.760,-0.122,1.396,0.233
146.871,-0.121,1.387,0.238
146.983,-0.119,1.376,0.248
147.094,-0.118,1.363,0.258
147.204,-0.118,1.357,0.271
147.315,-0.116,1.354,0.280
147.426,-0.116,1.353,0.283
147.538,-0.120,1.356,0.279
147.649,-0.123,1.363,0.276
147.760,-0.127,1.368,0.274
147.871,-0.130,1.372,0.274
147.983,-0.133,1.375,0.270
148.093,-0.136,1.377,0.266
148.205,-0.140,1.377,0.260
148.315,-0.141,1.377,0.257
148.427,-0.144,1.377,0.253
148.538,-0.143,1.377,0.250
148.649,-0.140,1.377,0.250
148.760,-0.131,1.378,0.264
148.871,-0.118,1.372,0.292
148.982,-0.104,1.356,0.321
149.092,-0.093,1.341,0.341
149.202,-0.086,1.334,0.350
149.314,-0.083,1.332,0.350
149.425,-0.083,1.335,0.342
149.536,-0.088,1.353,0.323
149.647,-0.098,1.384,0.293
149.759,-0.108,1.403,0.256
149.869,-0.118,1.401,0.229
149.981,-0.007,1.396,-0.017
150.092,-0.008,1.397,-0.020
150.203,-0.009,1.396,-0.020
150.314,-0.010,1.397,-0.019
150.426,-0.012,1.397,-0.018
150.536,-0.015,1.397,-0.017
150.647,-0.017,1.397,-0.016
150.759,-0.018,1.396,-0.015
150.870,-0.019,1.397,-0.014
150.981,-0.019,1.396,-0.013
151.093,-0.019,1.395,-0.012
151.203,-0.018,1.394,-0.006
151.315,-0.013,1.396,0.021
151.426,-0.005,1.388,0.061
151.536,0.004,1.357,0.099
151.648,-0.002,1.302,0.134
151.759,-0.013,1.246,0.157
151.870,-0.013,1.220,0.175
151.982,-0.023,1.203,0.194
152.093,-0.026,1.187,0.208
152.203,-0.028,1.156,0.213
152.314,-0.027,1.114,0.216
152.425,-0.016,1.074,0.209
152.536,0.010,1.023,0.189
152.647,0.023,0.965,0.182
152.759,0.037,0.924,0.184
152.870,0.066,0.882,0.186
152.981,0.048,0.843,0.166
153.091,0.018,0.846,0.163
153.203,0.019,0.873,0.175
153.314,0.030,0.899,0.185
153.425,0.039,0.907,0.186
153.536,0.042,0.906,0.188
153.647,0.044,0.901,0.188
153.759,0.037,0.898,0.188
153.869,0.030,0.885,0.185
153.981,0.032,0.872,0.182
154.092,0.036,0.865,0.180
154.203,0.034,0.863,0.180
154.314,0.030,0.859,0.179
154.425,0.031,0.855,0.178
154.536,0.032,0.852,0.178
154.647,0.033,0.846,0.175
154.759,0.037,0.832,0.168
154.870,0.052,0.821,0.157
154.981,0.074,0.820,0.153
155.092,0.090,0.821,0.148
155.204,0.098,0.821,0.142
155.315,0.096,0.826,0.142
155.425,0.087,0.836,0.146
155.537,0.075,0.847,0.146
155.648,0.065,0.852,0.142
155.758,0.055,0.852,0.136
155.870,0.047,0.858,0.132
155.980,0.067,0.860,0.121
156.092,0.075,0.887,0.125
156.203,0.086,0.923,0.137
156.315,0.101,0.961,0.135
156.426,0.113,0.989,0.113
156.536,0.127,1.007,0.092
156.648,0.137,1.017,0.070
156.759,0.144,1.027,0.045
156.870,0.140,1.034,0.018
156.981,0.145,1.039,0.000
157.092,0.145,1.046,-0.011
157.203,0.140,1.051,-0.022
157.315,0.139,1.052,-0.035
157.425,0.142,1.050,-0.044
157.537,0.145,1.047,-0.045
157.647,0.145,1.044,-0.042
157.759,0.143,1.044,-0.040
157.870,0.143,1.044,-0.038
157.981,0.140,1.041,-0.040
158.092,0.137,1.054,-0.053
158.203,0.138,1.082,-0.055
158.315,0.132,1.106,-0.052
158.426,0.130,1.128,-0.059
158.537,0.121,1.147,-0.036
158.648,0.122,1.171,-0.004
158.759,0.120,1.191,0.014
158.870,0.099,1.208,0.010
158.981,0.088,1.222,0.010
159.093,0.081,1.235,0.022
159.203,0.077,1.255,0.037
159.315,0.076,1.277,0.051
159.426,0.078,1.287,0.059
159.537,0.086,1.277,0.052
159.648,0.094,1.264,0.047
159.759,0.099,1.261,0.045
159.870,0.102,1.263,0.044
159.981,0.094,1.254,0.035
160.092,0.078,1.214,0.008
160.203,0.082,1.154,-0.022
160.314,0.106,1.164,-0.031
160.425,0.146,1.219,-0.015
160.536,0.177,1.278,0.008
160.647,0.182,1.322,0.029
160.759,0.178,1.332,0.061
160.870,0.148,1.322,0.076
160.981,0.118,1.323,0.091
161.092,0.099,1.332,0.103
161.203,0.083,1.335,0.107
161.314,0.069,1.339,0.111
161.425,0.059,1.346,0.108
161.537,0.051,1.356,0.102
161.648,0.044,1.364,0.098
161.759,0.037,1.372,0.092
161.870,0.034,1.380,0.091
161.981,0.035,1.384,0.089
162.092,0.040,1.388,0.085
162.203,0.041,1.394,0.085
162.314,0.040,1.397,0.082
162.426,0.040,1.397,0.078
162.536,0.040,1.400,0.078
162.647,0.042,1.402,0.078
162.758,0.044,1.402,0.078
162.870,0.045,1.401,0.078
162.981,0.045,1.400,0.079
163.092,0.046,1.404,0.079
163.203,0.047,1.408,0.083
163.314,0.050,1.413,0.086
163.425,0.054,1.425,0.091
163.536,0.067,1.439,0.089
163.647,0.094,1.453,0.073
163.759,0.129,1.466,0.056
163.869,0.160,1.479,0.047
163.980,0.182,1.492,0.043
164.092,0.200,1.507,0.041
164.202,0.226,1.529,0.037
164.314,0.256,1.553,0.034
164.425,0.286,1.568,0.031
164.535,0.307,1.571,0.030
164.647,0.005,1.566,-0.010
164.759,0.010,1.567,-0.014
164.870,0.009,1.565,-0.016
164.981,0.009,1.559,-0.019
165.092,0.012,1.555,-0.025
165.203,0.019,1.555,-0.028
165.314,0.025,1.545,-0.031
165.425,0.025,1.546,-0.031
165.536,0.025,1.546,-0.034
165.647,0.024,1.545,-0.038
165.758,0.022,1.546,-0.040
165.870,0.023,1.549,-0.045
165.981,0.024,1.555,-0.048
166.092,0.026,1.561,-0.052
166.203,0.027,1.567,-0.058
166.314,0.027,1.570,-0.061
166.425,0.027,1.572,-0.063
166.535,0.029,1.570,-0.062
166.647,0.031,1.569,-0.060
166.758,0.033,1.569,-0.059
166.869,0.040,1.569,-0.058
166.980,0.042,1.570,-0.058
167.092,0.042,1.568,-0.060
167.202,0.041,1.567,-0.067
167.314,0.039,1.565,-0.069
167.425,0.038,1.563,-0.068
167.536,0.038,1.559,-0.064
167.647,0.034,1.553,-0.058
167.759,0.037,1.549,-0.055
167.869,0.039,1.544,-0.053
167.981,0.041,1.541,-0.051
168.092,0.041,1.541,-0.048
168.203,0.039,1.538,-0.043
168.314,0.043,1.535,-0.038
168.425,0.043,1.537,-0.041
168.536,0.045,1.542,-0.047
168.647,0.042,1.547,-0.052
168.758,0.042,1.552,-0.055
168.870,0.045,1.556,-0.059
168.979,0.049,1.558,-0.061
169.090,0.051,1.559,-0.062
169.201,0.053,1.561,-0.064
169.313,0.045,1.558,-0.063
169.424,0.037,1.550,-0.063
169.535,0.031,1.546,-0.064
169.646,0.027,1.541,-0.068
169.758,0.023,1.534,-0.072
169.869,0.018,1.529,-0.075
169.979,0.014,1.528,-0.075
170.091,0.009,1.524,-0.075
170.202,0.004,1.515,-0.075
170.313,-0.002,1.510,-0.074
170.425,-0.007,1.506,-0.074
170.535,-0.012,1.504,-0.073
170.647,-0.014,1.506,-0.071
170.758,-0.014,1.505,-0.068
170.869,-0.007,1.505,-0.065
170.981,0.004,1.512,-0.060
171.092,0.023,1.518,-0.056
171.203,0.047,1.521,-0.049
171.314,0.073,1.524,-0.043
171.426,0.093,1.524,-0.036
171.536,0.110,1.525,-0.031
171.647,0.118,1.530,-0.029
171.758,0.115,1.532,-0.024
171.869,0.102,1.530,-0.013
171.981,0.082,1.523,0.001
172.092,0.061,1.520,0.017
172.203,0.041,1.512,0.035
172.314,0.027,1.495,0.054
172.425,0.019,1.482,0.070
172.536,0.016,1.468,0.079
172.647,0.018,1.449,0.084
172.759,0.026,1.433,0.088
172.869,0.036,1.426,0.085
172.980,0.046,1.423,0.075
173.092,0.060,1.425,0.059
173.203,0.072,1.427,0.044
173.314,0.083,1.428,0.029
173.425,0.094,1.430,0.016
173.536,0.101,1.433,0.007
173.647,0.107,1.435,0.003
173.758,0.108,1.438,0.003
173.869,0.104,1.441,0.010
173.980,0.095,1.443,0.021
174.091,0.085,1.448,0.036
174.202,0.074,1.452,0.048
174.314,0.067,1.456,0.057
174.425,0.062,1.458,0.063
174.536,0.058,1.460,0.066
174.647,0.056,1.463,0.069
174.758,0.057,1.464,0.071
174.869,0.059,1.466,0.073
174.979,0.062,1.465,0.075
175.090,0.064,1.461,0.078
175.201,0.062,1.451,0.083
175.314,0.068,1.451,0.084
175.425,0.072,1.453,0.082
175.536,0.074,1.455,0.082
175.647,0.077,1.458,0.081
175.757,0.079,1.460,0.078
175.868,0.082,1.463,0.075
175.979,0.084,1.464,0.072
176.090,0.086,1.464,0.070
176.202,0.087,1.464,0.069
176.313,0.088,1.464,0.069
176.424,0.089,1.464,0.068
176.535,0.089,1.464,0.067
176.646,0.088,1.465,0.066
176.757,0.087,1.465,0.064
176.869,0.086,1.465,0.063
176.980,0.084,1.466,0.062
177.091,0.083,1.466,0.062
177.202,0.082,1.466,0.061
177.313,0.081,1.466,0.061
177.424,0.081,1.467,0.061
177.536,0.082,1.467,0.061
177.647,0.083,1.467,0.062
177.758,0.083,1.467,0.062
177.869,0.084,1.468,0.063
177.980,0.084,1.469,0.064
178.091,0.085,1.470,0.065
178.203,0.085,1.471,0.065
178.313,0.086,1.475,0.066
178.425,0.087,1.478,0.064
178.535,0.085,1.474,0.064
178.647,0.080,1.470,0.073
178.758,0.081,1.468,0.068
178.869,0.079,1.456,0.070
178.980,0.077,1.455,0.074
179.091,0.076,1.456,0.072
179.202,0.074,1.456,0.073
179.313,0.071,1.458,0.073
179.425,0.070,1.460,0.073
179.535,0.069,1.462,0.072
179.646,0.069,1.465,0.072
179.758,0.068,1.466,0.072
179.868,0.068,1.465,0.073
179.980,0.067,1.467,0.074
180.091,0.066,1.468,0.075
180.202,0.065,1.469,0.074
180.312,0.064,1.471,0.073
180.424,0.059,1.472,0.072
180.535,0.056,1.478,0.070
180.647,0.057,1.483,0.060
180.758,0.053,1.488,0.056
180.869,0.050,1.490,0.053
180.980,0.043,1.494,0.056
181.091,0.043,1.496,0.053
181.203,0.041,1.497,0.051
181.314,0.041,1.497,0.051
181.425,0.039,1.499,0.050
181.536,0.037,1.499,0.052
181.647,0.037,1.500,0.052
181.758,0.036,1.500,0.052
181.869,0.036,1.502,0.051
181.980,0.038,1.503,0.050
182.092,0.039,1.502,0.050
182.203,0.040,1.501,0.050
182.314,0.042,1.501,0.051
182.425,0.042,1.501,0.053
182.536,0.043,1.501,0.053
182.647,0.044,1.500,0.054
182.758,0.044,1.498,0.054
182.869,0.044,1.497,0.055
182.981,0.043,1.498,0.054
183.092,0.044,1.496,0.052
183.203,0.046,1.496,0.051
183.314,0.046,1.495,0.049
183.425,0.045,1.497,0.048
183.536,0.046,1.496,0.044
183.647,0.047,1.494,0.042
183.758,0.049,1.494,0.040
183.869,0.050,1.494,0.039
183.981,0.050,1.494,0.038
184.092,0.050,1.497,0.037
184.203,0.050,1.498,0.037
184.314,0.051,1.499,0.039
184.425,0.050,1.499,0.041
184.536,0.048,1.499,0.044
184.647,0.047,1.500,0.046
184.758,0.046,1.502,0.048
184.869,0.045,1.504,0.048
184.981,0.045,1.506,0.046
185.092,0.044,1.508,0.046
185.203,0.044,1.509,0.047
185.314,0.044,1.509,0.048
185.425,0.042,1.509,0.049
185.536,0.040,1.508,0.051
185.647,0.039,1.507,0.054
185.758,0.038,1.507,0.054
185.869,0.038,1.506,0.053
185.980,0.038,1.503,0.052
186.091,0.037,1.503,0.051
186.202,0.037,1.504,0.049
186.313,0.037,1.504,0.049
186.424,0.037,1.504,0.049
186.535,0.038,1.503,0.050
186.646,0.038,1.503,0.051
186.757,0.039,1.501,0.052
186.868,0.041,1.500,0.053
186.978,0.042,1.499,0.055
187.091,0.044,1.499,0.056
187.201,0.047,1.499,0.057
187.313,0.049,1.498,0.058
187.424,0.051,1.498,0.059
187.535,0.052,1.498,0.060
187.646,0.054,1.497,0.060
187.757,0.056,1.497,0.061
187.868,0.057,1.497,0.061
187.979,0.059,1.497,0.062
188.091,0.059,1.497,0.063
188.201,0.061,1.497,0.064
188.313,0.062,1.496,0.065
188.424,0.062,1.496,0.065
188.535,0.063,1.496,0.065
188.646,0.063,1.496,0.066
188.757,0.064,1.496,0.066
188.869,0.064,1.496,0.066
188.979,0.064,1.496,0.066
189.090,0.064,1.497,0.066
189.201,0.064,1.497,0.066
189.312,0.064,1.497,0.067
189.424,0.063,1.497,0.067
189.535,0.063,1.497,0.067
189.646,0.063,1.497,0.067
189.757,0.063,1.497,0.066
189.868,0.063,1.497,0.067
189.979,0.064,1.497,0.067
190.091,0.065,1.497,0.068
190.202,0.066,1.497,0.068
190.313,0.067,1.497,0.069
190.424,0.068,1.496,0.070
190.535,0.069,1.496,0.070
190.646,0.069,1.496,0.071
190.757,0.069,1.496,0.071
190.868,0.068,1.496,0.072
190.979,0.068,1.496,0.072
191.090,0.069,1.497,0.072
191.201,0.069,1.497,0.072
191.313,0.069,1.497,0.072
191.424,0.069,1.496,0.072
191.535,0.070,1.497,0.072
191.646,0.070,1.497,0.072
191.757,0.070,1.496,0.072
191.868,0.070,1.496,0.072
191.979,0.069,1.496,0.071
192.090,0.068,1.496,0.071
192.202,0.067,1.496,0.070
192.313,0.066,1.496,0.070
192.424,0.065,1.495,0.069
192.535,0.063,1.495,0.068
192.646,0.061,1.496,0.067
192.757,0.060,1.496,0.065
192.868,0.060,1.496,0.064
192.979,0.060,1.496,0.063
193.090,0.060,1.496,0.063
193.201,0.061,1.496,0.063
193.313,0.062,1.496,0.064
193.424,0.063,1.495,0.065
193.535,0.064,1.495,0.065
193.646,0.064,1.495,0.066
193.757,0.064,1.495,0.066
193.868,0.064,1.495,0.067
193.979,0.064,1.495,0.067
194.087,0.064,1.495,0.068
194.200,0.065,1.495,0.068
194.311,0.065,1.495,0.068
194.423,0.066,1.495,0.069
194.532,0.065,1.495,0.069
194.645,0.064,1.495,0.068
194.756,0.064,1.495,0.067
194.867,0.060,1.494,0.064
194.978,0.055,1.497,0.060
195.090,0.050,1.498,0.057
195.200,0.047,1.499,0.055
195.312,0.046,1.500,0.053
195.423,0.046,1.500,0.051
195.534,0.048,1.502,0.050
195.645,0.050,1.503,0.048
195.756,0.051,1.504,0.049
195.867,0.052,1.504,0.051
195.979,0.051,1.504,0.051
196.090,0.049,1.504,0.052
196.201,0.047,1.504,0.053
196.312,0.047,1.504,0.055
196.423,0.048,1.504,0.055
196.534,0.051,1.503,0.055
196.645,0.054,1.502,0.054
196.757,0.055,1.501,0.051
196.868,0.058,1.501,0.046
196.978,0.064,1.502,0.033
197.090,0.071,1.502,0.017
197.200,0.077,1.498,0.000
197.312,0.080,1.490,-0.008
197.423,0.082,1.471,-0.002
197.534,0.087,1.464,0.009
197.645,0.089,1.462,0.017
197.756,0.092,1.457,0.021
197.867,0.098,1.453,0.023
197.978,0.107,1.451,0.021
198.089,0.120,1.450,0.021
198.201,0.133,1.448,0.029
198.311,0.145,1.449,0.045
198.423,0.154,1.449,0.072
198.533,0.155,1.451,0.109
198.645,0.150,1.456,0.152
198.756,0.146,1.460,0.195
198.867,0.146,1.464,0.233
198.979,0.150,1.465,0.262
199.090,0.158,1.466,0.281
199.201,0.170,1.464,0.290
199.312,0.186,1.459,0.293
199.423,0.204,1.456,0.290
199.534,0.226,1.451,0.281
199.645,0.252,1.443,0.269
199.756,0.285,1.439,0.258
199.867,0.315,1.440,0.249
199.978,0.338,1.440,0.247
200.090,0.354,1.440,0.253
200.201,0.361,1.440,0.263
200.311,0.360,1.440,0.277
200.422,0.354,1.444,0.295
200.533,0.348,1.451,0.309
200.645,0.341,1.459,0.319
200.756,0.336,1.475,0.323
200.867,0.332,1.491,0.323
200.978,0.328,1.501,0.319
201.090,0.327,1.506,0.315
201.201,0.329,1.506,0.313
201.312,0.335,1.502,0.312
201.423,0.341,1.498,0.312
201.534,0.346,1.494,0.314
201.645,0.351,1.490,0.316
201.756,0.353,1.487,0.319
201.867,0.355,1.484,0.321
201.978,0.357,1.480,0.324
202.090,0.358,1.478,0.327
202.201,0.358,1.476,0.329
202.312,0.357,1.476,0.331
202.423,0.356,1.476,0.331
202.534,0.355,1.477,0.332
202.645,0.355,1.477,0.333
202.757,0.357,1.477,0.335
202.867,0.358,1.476,0.335
202.979,0.360,1.476,0.334
203.090,0.360,1.477,0.331
203.201,0.362,1.481,0.329
203.312,0.361,1.483,0.326
203.424,0.362,1.484,0.324
203.534,0.363,1.487,0.323
203.646,0.364,1.489,0.324
203.757,0.364,1.493,0.327
203.868,0.361,1.499,0.328
203.979,0.358,1.505,0.328
204.090,0.356,1.510,0.327
204.201,0.353,1.517,0.326
204.312,0.349,1.524,0.325
204.424,0.346,1.529,0.321
204.534,0.342,1.536,0.318
204.646,0.337,1.540,0.316
204.757,0.332,1.542,0.313
204.868,0.329,1.545,0.309
204.979,0.325,1.548,0.305
205.090,0.321,1.551,0.302
205.201,0.318,1.555,0.298
205.312,0.314,1.559,0.295
205.424,0.309,1.564,0.291
205.529,0.303,1.570,0.287
205.640,0.297,1.575,0.281
205.750,0.291,1.579,0.276
205.862,0.286,1.582,0.272
205.978,0.284,1.581,0.270
206.089,0.282,1.582,0.271
206.200,0.281,1.583,0.273
206.311,0.281,1.583,0.276
206.423,0.283,1.582,0.280
206.534,0.285,1.580,0.282
206.645,0.286,1.579,0.284
206.756,0.286,1.577,0.285
206.867,0.286,1.577,0.287
206.978,0.285,1.576,0.289
207.090,0.284,1.574,0.290
207.200,0.283,1.572,0.290
207.312,0.282,1.572,0.290
207.423,0.281,1.571,0.289
207.534,0.279,1.571,0.289
207.645,0.278,1.571,0.289
207.756,0.277,1.570,0.289
207.867,0.277,1.571,0.288
207.978,0.276,1.571,0.287
208.090,0.276,1.571,0.286
208.200,0.275,1.570,0.285
208.312,0.274,1.569,0.284
208.423,0.274,1.569,0.284
208.534,0.275,1.569,0.284
208.645,0.276,1.569,0.284
208.757,0.278,1.569,0.283
208.867,0.279,1.569,0.283
208.979,0.278,1.568,0.282
209.090,0.277,1.567,0.279
209.201,0.275,1.567,0.277
209.312,0.275,1.566,0.276
209.423,0.276,1.566,0.276
209.534,0.277,1.565,0.276
209.645,0.278,1.565,0.275
209.755,0.279,1.565,0.272
209.865,0.278,1.566,0.271
209.977,0.279,1.567,0.269
210.088,0.279,1.567,0.270
210.199,0.279,1.567,0.271
210.311,0.280,1.567,0.272
210.422,0.281,1.568,0.271
210.533,0.283,1.568,0.271
210.644,0.284,1.568,0.271
210.755,0.286,1.567,0.270
210.866,0.288,1.567,0.268
210.977,0.290,1.568,0.268
211.089,0.292,1.568,0.267
211.200,0.293,1.568,0.268
211.310,0.294,1.568,0.268
211.422,0.295,1.568,0.269
211.533,0.296,1.568,0.270
211.644,0.296,1.568,0.270
211.756,0.297,1.568,0.271
211.866,0.298,1.567,0.271
211.977,0.299,1.568,0.271
212.089,0.298,1.568,0.271
212.200,0.295,1.569,0.274
212.311,0.291,1.570,0.276
212.422,0.287,1.570,0.279
212.533,0.284,1.570,0.280
212.645,0.280,1.570,0.278
212.756,0.276,1.571,0.277
212.866,0.273,1.571,0.275
212.978,0.273,1.570,0.272
213.088,0.272,1.571,0.270
213.200,0.269,1.570,0.268
213.311,0.267,1.569,0.268
213.422,0.265,1.568,0.268
213.533,0.265,1.568,0.269
213.644,0.265,1.568,0.270
213.756,0.265,1.568,0.271
213.866,0.264,1.568,0.272
213.978,0.264,1.568,0.272
214.089,0.264,1.568,0.272
214.200,0.264,1.569,0.273
214.311,0.264,1.569,0.273
214.423,0.264,1.570,0.272
214.533,0.264,1.570,0.272
214.644,0.265,1.571,0.272
214.756,0.265,1.572,0.273
214.866,0.265,1.571,0.273
214.978,0.266,1.571,0.272
215.089,0.266,1.571,0.272
215.200,0.266,1.571,0.271
215.311,0.265,1.571,0.270
215.422,0.265,1.570,0.269
215.533,0.265,1.570,0.269
215.644,0.265,1.571,0.268
215.756,0.264,1.571,0.268
215.866,0.264,1.571,0.267
215.978,0.264,1.571,0.267
216.089,0.265,1.571,0.266
216.200,0.265,1.570,0.266
216.311,0.265,1.570,0.266
216.422,0.266,1.570,0.266
216.533,0.266,1.570,0.267
216.644,0.267,1.570,0.267
216.756,0.268,1.570,0.268
216.867,0.268,1.571,0.269
216.977,0.269,1.571,0.270
217.089,0.270,1.572,0.271
217.199,0.271,1.572,0.272
217.311,0.272,1.572,0.272
217.422,0.272,1.572,0.271
217.533,0.271,1.572,0.271
217.644,0.270,1.572,0.271
217.755,0.270,1.572,0.271
217.865,0.000,1.573,-0.001
217.976,-0.001,1.573,-0.001
218.088,0.000,1.574,-0.001
218.199,0.000,1.574,-0.002
218.310,0.002,1.575,-0.002
218.421,0.011,1.572,-0.001
218.532,0.019,1.569,-0.001
218.643,0.025,1.570,-0.002
218.754,0.028,1.569,-0.003
218.865,0.029,1.570,-0.004
218.977,0.031,1.572,-0.006
219.088,0.031,1.573,-0.007
219.199,0.032,1.573,-0.009
219.310,0.032,1.573,-0.010
219.421,0.032,1.573,-0.010
219.532,0.029,1.573,-0.012
219.643,0.018,1.575,-0.011
219.754,0.006,1.577,-0.011
219.865,-0.003,1.578,-0.013
219.977,-0.007,1.577,-0.014
220.087,-0.008,1.576,-0.016
220.199,-0.007,1.576,-0.017
220.310,-0.005,1.577,-0.017
220.421,-0.003,1.577,-0.017
220.532,-0.001,1.577,-0.017
220.643,0.000,1.577,-0.017
220.754,0.003,1.577,-0.016
220.865,0.008,1.576,-0.015
220.976,0.010,1.576,-0.014
221.088,0.011,1.575,-0.013
221.198,0.011,1.575,-0.012
221.310,0.011,1.574,-0.012
221.420,0.012,1.574,-0.012
221.532,0.012,1.574,-0.012
221.643,0.012,1.574,-0.013
221.755,0.012,1.574,-0.014
221.865,0.012,1.574,-0.015
221.976,0.013,1.574,-0.015
222.088,0.013,1.575,-0.015
222.199,0.014,1.574,-0.014
222.310,0.015,1.575,-0.014
222.421,0.015,1.574,-0.013
222.532,0.014,1.574,-0.011
222.643,0.015,1.575,-0.010
222.755,0.016,1.575,-0.009
222.865,0.016,1.575,-0.008
222.977,0.017,1.576,-0.007
223.087,0.018,1.576,-0.005
223.199,0.018,1.576,-0.004
223.310,0.018,1.576,-0.004
223.421,0.018,1.576,-0.004
223.532,0.018,1.575,-0.003
223.643,0.018,1.573,0.000
223.754,0.018,1.572,0.002
223.866,0.018,1.572,0.004
223.977,0.018,1.571,0.006
224.087,0.018,1.570,0.008
224.199,0.018,1.570,0.009
224.310,0.018,1.570,0.011
224.421,0.017,1.570,0.013
224.532,0.017,1.569,0.015
224.643,0.017,1.569,0.017
224.754,0.017,1.568,0.018
224.865,0.017,1.568,0.020
224.976,0.016,1.567,0.021
225.087,0.015,1.567,0.023
225.198,0.014,1.567,0.025
225.310,0.013,1.567,0.026
225.421,0.013,1.566,0.028
225.532,0.014,1.566,0.030
225.643,0.015,1.567,0.031
225.754,0.014,1.568,0.034
225.865,0.014,1.567,0.037
225.976,0.014,1.567,0.040
226.088,0.014,1.567,0.043
226.199,0.014,1.567,0.045
226.310,0.015,1.566,0.046
226.421,0.015,1.565,0.047
226.532,0.016,1.565,0.049
226.643,0.016,1.564,0.051
226.754,0.017,1.564,0.053
226.865,0.017,1.565,0.055
226.976,0.016,1.565,0.057
227.087,0.016,1.567,0.059
227.198,0.016,1.568,0.061
227.310,0.017,1.568,0.066
227.421,0.020,1.565,0.069
227.532,0.025,1.561,0.073
227.642,0.033,1.556,0.076
227.754,0.043,1.548,0.080
227.865,0.054,1.539,0.082
227.976,0.064,1.531,0.084
228.087,0.073,1.527,0.083
228.198,0.076,1.524,0.084
228.310,0.078,1.522,0.085
228.421,0.076,1.521,0.087
228.532,0.074,1.520,0.088
228.643,0.073,1.515,0.090
228.754,0.073,1.510,0.090
228.865,0.072,1.504,0.090
228.976,0.064,1.502,0.092
229.087,0.040,1.505,0.098
229.198,0.005,1.509,0.098
229.309,-0.031,1.514,0.087
229.420,-0.058,1.520,0.069
229.531,-0.074,1.524,0.051
229.642,-0.078,1.528,0.037
229.754,-0.078,1.531,0.027
229.865,-0.076,1.534,0.020
229.976,-0.074,1.536,0.015
230.087,-0.072,1.539,0.014
230.198,-0.071,1.542,0.014
230.309,-0.071,1.543,0.014
230.421,-0.070,1.541,0.016
230.532,-0.069,1.537,0.016
230.643,-0.068,1.528,0.016
230.753,-0.065,1.521,0.015
230.864,-0.060,1.515,0.013
230.976,-0.054,1.511,0.011
231.087,-0.047,1.508,0.011
231.198,-0.044,1.506,0.013
231.309,-0.048,1.504,0.011
231.420,-0.060,1.499,0.004
231.531,-0.084,1.498,-0.005
231.642,-0.109,1.496,-0.013
231.754,-0.130,1.493,-0.018
231.864,-0.145,1.492,-0.024
231.976,-0.156,1.493,-0.028
232.087,-0.164,1.493,-0.031
232.198,-0.167,1.493,-0.033
232.309,-0.164,1.498,-0.030
232.420,-0.154,1.500,-0.022
232.531,-0.138,1.500,-0.011
232.642,-0.125,1.498,0.003
232.753,-0.117,1.484,0.014
232.864,-0.116,1.477,0.021
232.976,-0.119,1.472,0.023
233.087,-0.129,1.468,0.019
233.198,-0.143,1.465,0.007
233.309,-0.159,1.466,-0.012
233.420,-0.175,1.468,-0.031
233.531,-0.192,1.470,-0.047
233.642,-0.210,1.477,-0.057
233.754,-0.226,1.481,-0.061
233.864,-0.244,1.484,-0.057
233.976,-0.263,1.484,-0.046
234.087,-0.282,1.483,-0.027
234.198,-0.304,1.483,-0.001
234.309,-0.328,1.485,0.029
234.420,-0.352,1.488,0.054
234.531,-0.373,1.488,0.073
234.642,-0.395,1.489,0.083
234.754,-0.421,1.490,0.089
234.865,-0.448,1.490,0.091
234.975,-0.475,1.490,0.088
235.087,-0.503,1.489,0.077
235.198,-0.532,1.490,0.059
235.309,-0.563,1.492,0.041
235.420,-0.592,1.495,0.025
235.531,-0.614,1.496,0.012
235.642,-0.633,1.497,0.007
235.753,-0.653,1.496,0.010
235.864,-0.674,1.494,0.020
235.976,-0.692,1.491,0.036
236.086,-0.708,1.492,0.054
236.197,-0.719,1.492,0.070
236.309,-0.723,1.491,0.084
236.420,-0.722,1.490,0.097
236.531,-0.720,1.487,0.107
236.643,-0.719,1.487,0.115
236.753,-0.719,1.487,0.121
236.864,-0.720,1.487,0.125
236.975,-0.720,1.487,0.130
237.086,-0.721,1.487,0.135
237.197,-0.722,1.485,0.140
237.309,-0.724,1.485,0.145
237.419,-0.726,1.484,0.150
237.530,-0.730,1.484,0.155
237.642,-0.735,1.482,0.162
237.753,-0.741,1.480,0.171
237.864,-0.747,1.479,0.179
237.975,-0.757,1.478,0.184
238.086,-0.771,1.476,0.188
238.198,-0.790,1.473,0.187
238.308,-0.812,1.470,0.183
238.420,-0.838,1.470,0.175
238.531,-0.866,1.471,0.166
238.642,-0.894,1.472,0.157
238.753,-0.920,1.472,0.148
238.864,-0.941,1.472,0.142
238.975,-0.957,1.471,0.139
239.086,-0.969,1.473,0.141
239.197,-0.981,1.473,0.146
239.309,-0.992,1.471,0.157
239.420,-1.001,1.469,0.175
239.530,-1.012,1.471,0.200
239.642,-1.026,1.472,0.227
239.753,-1.040,1.473,0.251
239.864,-1.053,1.473,0.270
239.975,-1.063,1.472,0.282
240.086,-1.073,1.470,0.285
240.197,-1.081,1.468,0.279
240.308,-1.085,1.465,0.263
240.420,-1.083,1.464,0.244
240.531,-1.075,1.464,0.227
240.643,-1.065,1.467,0.217
240.754,-1.056,1.468,0.214
240.864,-1.050,1.469,0.214
240.976,-1.048,1.469,0.218
241.087,-1.053,1.470,0.227
241.198,-1.065,1.473,0.243
241.309,-1.076,1.473,0.265
241.420,-1.082,1.472,0.282
241.530,-1.082,1.472,0.296
241.642,-1.079,1.472,0.307
241.753,-1.074,1.472,0.317
241.864,-1.071,1.468,0.330
241.975,-1.069,1.462,0.344
242.086,-1.059,1.453,0.357
242.197,-1.048,1.450,0.362
242.309,-1.035,1.445,0.374
242.419,-1.012,1.440,0.396
242.530,-0.987,1.435,0.430
242.641,-0.963,1.433,0.481
242.753,-0.944,1.430,0.531
242.863,-0.935,1.430,0.567
242.975,-0.939,1.432,0.591
243.086,-0.951,1.430,0.603
243.197,-0.968,1.429,0.603
243.309,-0.984,1.429,0.605
243.419,-0.992,1.433,0.614
243.530,-0.997,1.434,0.632
243.642,-0.997,1.429,0.657
243.752,-0.992,1.427,0.695
243.863,-0.985,1.428,0.733
243.975,-0.974,1.427,0.761
244.085,-0.965,1.426,0.777
244.197,-0.958,1.428,0.782
244.308,-0.950,1.427,0.777
244.419,-0.946,1.428,0.765
244.530,-0.946,1.428,0.756
244.641,-0.945,1.428,0.754
244.753,-0.942,1.429,0.762
244.864,-0.939,1.430,0.776
244.975,-0.940,1.438,0.794
245.086,-0.942,1.441,0.814
245.197,-0.945,1.442,0.829
245.308,-0.946,1.443,0.837
245.419,-0.947,1.443,0.841
245.530,-0.946,1.443,0.843
245.642,-0.944,1.445,0.840
245.753,-0.940,1.445,0.830
245.863,-0.931,1.448,0.815
245.975,-0.915,1.453,0.794
246.086,-0.891,1.458,0.774
246.197,-0.865,1.465,0.758
246.309,-0.843,1.470,0.749
246.420,-0.827,1.475,0.741
246.531,-0.816,1.478,0.733
246.642,-0.808,1.480,0.725
246.754,-0.803,1.481,0.721
246.864,-0.796,1.483,0.719
246.975,-0.788,1.486,0.721
247.086,-0.780,1.488,0.724
247.197,-0.773,1.490,0.727
247.309,-0.768,1.491,0.728
247.420,-0.764,1.491,0.729
247.531,-0.761,1.491,0.727
247.642,-0.760,1.491,0.725
247.753,-0.759,1.489,0.722
247.864,-0.758,1.489,0.720
247.975,-0.758,1.489,0.718
248.086,-0.760,1.489,0.717
248.197,-0.761,1.489,0.716
248.309,-0.767,1.490,0.714
248.420,-0.798,1.492,0.713
248.531,-0.840,1.491,0.727
248.642,-0.873,1.491,0.747
248.753,-0.896,1.495,0.772
248.864,-0.908,1.498,0.793
248.975,-0.915,1.500,0.811
249.085,-0.919,1.500,0.825
249.197,-0.922,1.499,0.835
249.308,-0.924,1.499,0.843
249.419,-0.928,1.500,0.849
249.530,-0.933,1.500,0.851
249.641,-0.940,1.500,0.852
249.752,-0.945,1.500,0.851
249.863,-0.949,1.499,0.849
249.975,-0.952,1.499,0.846
250.086,-0.952,1.498,0.844
250.196,-0.952,1.498,0.842
250.308,-0.952,1.498,0.840
250.419,-0.952,1.499,0.839
250.530,-0.952,1.499,0.838
250.641,-0.954,1.498,0.837
250.752,-0.954,1.498,0.838
250.863,-0.955,1.498,0.838
250.975,-0.954,1.498,0.838
251.085,-0.953,1.498,0.837
251.196,-0.953,1.498,0.835
251.307,-0.953,1.498,0.833
251.419,-0.953,1.498,0.831
251.530,-0.952,1.498,0.830
251.641,-0.952,1.498,0.829
251.752,-0.952,1.498,0.830
251.863,-0.951,1.498,0.832
251.974,-0.951,1.499,0.833
252.085,-0.950,1.500,0.834
252.196,-0.949,1.500,0.835
252.307,-0.949,1.500,0.834
252.418,-0.949,1.500,0.833
252.529,-0.949,1.500,0.833
252.640,-0.949,1.500,0.832
252.751,-0.948,1.501,0.834
252.863,-0.949,1.503,0.836
252.974,-0.951,1.514,0.838
253.085,-0.946,1.518,0.836
253.196,-0.944,1.510,0.832
253.307,-0.942,1.518,0.827
253.418,-0.939,1.519,0.823
253.530,-0.938,1.516,0.821
253.641,-0.935,1.523,0.821
253.752,-0.932,1.519,0.824
253.863,-0.932,1.518,0.827
253.974,-0.931,1.520,0.830
254.085,-0.930,1.517,0.831
254.196,-0.930,1.516,0.831
254.307,-0.929,1.516,0.831
254.418,-0.928,1.516,0.830
254.529,-0.929,1.516,0.828
254.641,-0.928,1.515,0.826
254.752,-0.928,1.515,0.822
254.863,-0.929,1.517,0.815
254.974,-0.930,1.520,0.808
255.085,-0.931,1.521,0.799
255.196,-0.931,1.523,0.790
255.307,-0.931,1.524,0.779
255.418,-0.930,1.527,0.769
255.530,-0.930,1.528,0.760
255.641,-0.929,1.529,0.750
255.751,-0.928,1.529,0.741
255.863,-0.928,1.529,0.733
255.974,-0.928,1.530,0.726
256.085,-0.929,1.530,0.719
256.196,-0.932,1.530,0.712
256.308,-0.935,1.531,0.704
256.418,-0.940,1.532,0.695
256.529,-0.944,1.533,0.686
256.641,-0.948,1.534,0.681
256.752,-0.951,1.534,0.677
256.863,-0.951,1.534,0.676
256.974,-0.947,1.538,0.685
257.085,-0.941,1.541,0.706
257.196,-0.937,1.545,0.731
257.308,-0.934,1.549,0.757
257.419,-0.932,1.551,0.781
257.530,-0.929,1.552,0.800
257.641,-0.924,1.553,0.816
257.752,-0.921,1.555,0.828
257.863,-0.920,1.555,0.837
257.974,-0.919,1.556,0.844
258.086,-0.918,1.556,0.849
258.197,-0.918,1.555,0.851
258.307,-0.917,1.555,0.852
258.418,-0.917,1.555,0.850
258.529,-0.918,1.555,0.844
258.641,-0.919,1.555,0.837
258.752,-0.919,1.556,0.833
258.862,-0.919,1.555,0.829
258.974,-0.919,1.554,0.826
259.085,-0.918,1.554,0.827
259.196,-0.918,1.554,0.828
259.307,-0.919,1.553,0.830
259.419,-0.920,1.552,0.833
259.530,-0.921,1.551,0.836
259.641,-0.922,1.551,0.839
259.752,-0.923,1.551,0.841
259.863,-0.923,1.551,0.842
259.974,-0.924,1.550,0.844
260.085,-0.924,1.550,0.845
260.196,-0.924,1.550,0.847
260.307,-0.924,1.549,0.848
260.418,-0.924,1.549,0.848
260.530,-0.924,1.549,0.848
260.640,-0.923,1.549,0.848
260.752,-0.922,1.549,0.847
260.863,-0.920,1.549,0.847
260.974,-0.918,1.548,0.848
261.085,-0.916,1.547,0.851
261.196,-0.917,1.546,0.857
261.307,-0.920,1.544,0.870
261.418,-0.925,1.543,0.887
261.530,-0.931,1.541,0.908
261.641,-0.935,1.539,0.927
261.752,-0.939,1.537,0.944
261.863,-0.943,1.536,0.959
261.974,-0.949,1.534,0.969
262.085,-0.957,1.532,0.974
262.196,-0.966,1.529,0.972
262.307,-0.979,1.528,0.963
262.419,-0.992,1.525,0.949
262.529,-1.006,1.525,0.923
262.641,-1.023,1.527,0.891
262.752,-1.039,1.527,0.859
262.863,-1.052,1.528,0.827
262.974,-1.061,1.529,0.797
263.084,-1.070,1.530,0.771
263.196,-1.080,1.530,0.748
263.307,-1.088,1.529,0.729
263.418,-1.095,1.526,0.717
263.529,-1.104,1.523,0.713
263.640,-1.112,1.520,0.717
263.751,-1.120,1.515,0.728
263.862,-1.129,1.511,0.745
263.974,-1.139,1.509,0.767
264.084,-1.153,1.506,0.790
264.196,-1.169,1.502,0.813
264.307,-1.184,1.497,0.837
264.418,-1.198,1.493,0.859
264.529,-1.212,1.489,0.878
264.640,-1.227,1.485,0.891
264.751,-1.242,1.482,0.896
264.862,-1.260,1.480,0.889
264.973,-1.277,1.477,0.869
265.084,-1.292,1.473,0.839
265.195,-1.306,1.470,0.809
265.307,-1.321,1.467,0.783
265.418,-1.334,1.463,0.763
265.529,-1.342,1.461,0.754
265.643,-1.364,1.458,0.745
265.754,-1.382,1.455,0.746
265.865,-1.402,1.451,0.756
265.976,-1.423,1.447,0.772
266.084,-1.441,1.444,0.787
266.195,-1.458,1.442,0.801
266.307,-1.468,1.442,0.810
266.417,-1.473,1.441,0.816
266.528,-1.476,1.441,0.821
266.640,-1.478,1.441,0.825
266.750,-1.478,1.442,0.827
266.862,-1.477,1.443,0.827
266.973,-1.475,1.445,0.824
267.084,-1.470,1.447,0.820
267.195,-1.463,1.450,0.811
267.307,-1.454,1.450,0.798
267.417,-1.445,1.447,0.783
267.529,-1.439,1.448,0.774
267.641,-1.436,1.451,0.772
267.751,-1.432,1.453,0.771
267.862,-1.430,1.454,0.769
267.974,-1.429,1.455,0.766
268.084,-1.427,1.455,0.763
268.195,-1.425,1.455,0.762
268.307,-1.425,1.455,0.762
268.417,-1.425,1.455,0.763
268.529,-1.425,1.455,0.762
268.640,-1.425,1.454,0.762
268.750,-1.425,1.454,0.760
268.862,-1.424,1.454,0.760
268.974,-1.424,1.454,0.759
269.084,-1.423,1.454,0.759
269.195,-1.422,1.454,0.758
269.307,-1.421,1.454,0.758
269.418,-1.421,1.454,0.758
269.529,-1.420,1.454,0.758
269.640,-1.421,1.454,0.758
269.751,-1.423,1.454,0.765
269.862,-1.427,1.454,0.774
269.973,-1.430,1.454,0.780
270.083,-1.433,1.455,0.784
270.195,-1.435,1.457,0.792
270.306,-1.437,1.457,0.800
270.417,-1.438,1.455,0.806
270.528,-1.439,1.452,0.816
270.639,-1.443,1.450,0.826
270.750,-1.446,1.448,0.834
270.861,-1.451,1.445,0.843
270.972,-1.457,1.441,0.852
271.083,-1.465,1.435,0.861
271.195,-1.477,1.426,0.865
271.306,-1.490,1.419,0.866
271.416,-1.504,1.413,0.868
271.528,-1.513,1.408,0.872
271.639,-1.519,1.404,0.875
271.750,-1.522,1.401,0.877
271.861,-1.522,1.400,0.876
271.973,-1.521,1.401,0.875
272.083,-1.519,1.401,0.874
272.194,-1.516,1.403,0.873
272.306,-1.510,1.405,0.870
272.417,-1.502,1.409,0.865
272.527,-1.491,1.415,0.856
272.639,-1.476,1.423,0.837
272.750,-1.462,1.428,0.823
272.861,-1.453,1.431,0.815
272.972,-1.447,1.433,0.814
273.084,-1.442,1.435,0.812
273.195,-1.440,1.437,0.808
273.306,-1.438,1.438,0.805
273.417,-1.436,1.440,0.802
273.528,-1.433,1.441,0.799
273.640,-1.431,1.442,0.796
273.751,-1.429,1.444,0.794
273.861,-1.427,1.445,0.793
273.973,-1.425,1.445,0.791
274.083,-1.423,1.447,0.790
274.195,-1.419,1.448,0.790
274.306,-1.417,1.450,0.788
274.417,-1.413,1.450,0.787
274.528,-1.410,1.450,0.787
274.640,-1.409,1.450,0.786
274.750,-1.409,1.449,0.787
274.862,-1.408,1.449,0.786
274.973,-1.408,1.449,0.785
275.084,-1.408,1.448,0.784
275.195,-1.409,1.447,0.783
275.306,-1.409,1.446,0.783
275.417,-1.410,1.445,0.785
275.528,-1.412,1.445,0.786
275.639,-1.414,1.444,0.786
275.750,-1.416,1.444,0.787
275.861,-1.418,1.444,0.788
275.972,-1.420,1.444,0.789
276.083,-1.422,1.445,0.792
276.194,-1.428,1.444,0.800
276.306,-1.431,1.443,0.806
276.416,-1.432,1.444,0.809
276.527,-1.432,1.444,0.811
276.639,-1.433,1.445,0.815
276.750,-1.434,1.445,0.819
276.860,-1.439,1.445,0.822
276.972,-1.447,1.445,0.823
277.083,-1.456,1.443,0.817
277.194,-1.463,1.441,0.801
277.306,-1.467,1.439,0.776
277.416,-1.473,1.438,0.746
277.527,-1.482,1.435,0.720
277.639,-1.494,1.431,0.702
277.750,-1.510,1.428,0.691
277.861,-1.529,1.423,0.685
277.972,-1.550,1.417,0.685
278.083,-1.567,1.412,0.684
278.195,-1.580,1.408,0.684
278.306,-1.587,1.406,0.684
278.416,-1.591,1.407,0.685
278.528,-1.591,1.409,0.686
278.639,-1.588,1.412,0.688
278.750,-1.584,1.416,0.690
278.861,-1.576,1.420,0.692
278.972,-1.567,1.425,0.694
279.083,-1.558,1.432,0.696
279.194,-1.546,1.437,0.699
279.305,-1.532,1.441,0.694
279.417,-1.521,1.443,0.690
279.527,-1.515,1.445,0.689
279.639,-1.512,1.447,0.689
279.750,-1.511,1.449,0.688
279.861,-1.511,1.451,0.687
279.973,-1.511,1.452,0.687
280.083,-1.511,1.453,0.689
280.194,-1.509,1.454,0.690
280.306,-1.507,1.454,0.690
280.416,-1.506,1.455,0.690
280.528,-1.505,1.456,0.690
280.639,-1.505,1.456,0.691
280.750,-1.505,1.457,0.691
280.861,-1.505,1.457,0.691
280.972,-1.505,1.457,0.691
281.083,-1.504,1.458,0.692
281.194,-1.504,1.458,0.691
281.305,-1.505,1.458,0.691
281.416,-1.504,1.458,0.691
281.527,-1.504,1.458,0.692
281.639,-1.505,1.458,0.692
281.750,-1.508,1.459,0.696
281.861,-1.513,1.459,0.703
281.972,-1.519,1.458,0.713
282.083,-1.523,1.458,0.720
282.194,-1.528,1.457,0.726
282.305,-1.534,1.455,0.733
282.416,-1.542,1.452,0.743
282.527,-1.553,1.448,0.754
282.638,-1.570,1.441,0.765
282.749,-1.594,1.430,0.776
282.861,-1.622,1.417,0.786
282.972,-1.651,1.399,0.794
283.083,-1.677,1.379,0.801
283.194,-1.695,1.365,0.805
283.305,-1.700,1.360,0.806
283.416,-1.693,1.366,0.803
283.527,-1.677,1.379,0.793
283.638,-1.648,1.395,0.779
283.750,-1.614,1.412,0.764
283.861,-1.587,1.428,0.756
283.972,-1.564,1.439,0.754
284.083,-1.548,1.450,0.753
284.194,-1.534,1.460,0.752
284.305,-1.524,1.469,0.752
284.416,-1.517,1.475,0.751
284.528,-1.513,1.477,0.751
284.639,-1.512,1.478,0.749
284.750,-1.512,1.478,0.748
284.861,-1.512,1.478,0.746
284.972,-1.513,1.477,0.745
285.083,-1.516,1.477,0.745
285.194,-1.520,1.475,0.745
285.306,-1.528,1.473,0.747
285.416,-1.541,1.467,0.750
285.528,-1.556,1.460,0.750
285.639,-1.570,1.454,0.750
285.749,-1.587,1.448,0.751
285.860,-1.606,1.438,0.750
285.972,-1.626,1.422,0.742
286.083,-1.643,1.404,0.729
286.194,-1.660,1.384,0.713
286.306,-1.675,1.366,0.696
286.416,-1.686,1.351,0.681
286.528,-1.689,1.344,0.672
286.639,-1.682,1.350,0.668
286.750,-1.667,1.367,0.669
286.861,-1.642,1.391,0.676
286.972,-1.611,1.415,0.688
287.083,-1.573,1.435,0.701
287.195,-1.539,1.453,0.712
287.306,-1.514,1.465,0.720
287.416,-1.499,1.472,0.726
287.527,-1.492,1.477,0.731
287.639,-1.490,1.481,0.733
287.750,-1.493,1.481,0.734
287.860,-1.497,1.480,0.736
287.972,-1.501,1.481,0.738
288.083,-1.504,1.481,0.739
288.194,-1.506,1.480,0.739
288.305,-1.509,1.480,0.739
288.416,-1.511,1.479,0.740
288.527,-1.514,1.476,0.739
288.639,-1.521,1.474,0.730
288.749,-1.534,1.470,0.711
288.861,-1.547,1.463,0.679
288.972,-1.563,1.455,0.634
289.083,-1.581,1.446,0.588
289.194,-1.595,1.437,0.551
289.305,-1.602,1.432,0.525
289.416,-1.603,1.433,0.511
289.527,-1.601,1.433,0.505
289.638,-1.598,1.434,0.507
289.750,-1.597,1.438,0.515
289.860,-1.591,1.441,0.521
289.972,-1.591,1.445,0.532
290.082,-1.595,1.448,0.546
290.194,-1.597,1.451,0.558
290.305,-1.598,1.454,0.571
290.416,-1.599,1.456,0.582
290.527,-1.599,1.458,0.589
290.638,-1.599,1.460,0.595
290.749,-1.599,1.461,0.598
290.860,-1.599,1.462,0.601
290.973,-1.599,1.463,0.604
291.082,-1.600,1.464,0.609
291.194,-1.602,1.464,0.615
291.305,-1.612,1.463,0.627
291.416,-1.635,1.460,0.652
291.527,-1.655,1.453,0.688
291.638,-1.666,1.446,0.723
291.749,-1.673,1.441,0.755
291.860,-1.680,1.437,0.781
291.971,-1.687,1.432,0.801
292.082,-1.699,1.425,0.820
292.193,-1.716,1.410,0.842
292.304,-1.736,1.386,0.866
292.416,-1.750,1.363,0.887
292.527,-1.756,1.349,0.899
292.638,-1.755,1.352,0.899
292.749,-1.750,1.361,0.892
292.860,-1.744,1.371,0.884
292.972,-1.738,1.383,0.873
293.082,-1.729,1.394,0.862
293.193,-1.721,1.408,0.846
293.304,-1.710,1.420,0.821
293.415,-1.697,1.430,0.791
293.527,-1.670,1.429,0.743
293.638,-1.644,1.430,0.707
293.749,-1.635,1.433,0.692
293.861,-1.629,1.435,0.681
293.972,-1.623,1.437,0.671
294.082,-1.615,1.436,0.660
294.193,-1.609,1.437,0.649
294.305,-1.605,1.438,0.642
294.416,-1.602,1.440,0.638
294.527,-1.601,1.445,0.635
294.638,-1.605,1.451,0.634
294.749,-1.612,1.454,0.636
294.860,-1.621,1.456,0.639
294.971,-1.630,1.458,0.640
295.082,-1.639,1.460,0.642
295.193,-1.645,1.461,0.645
295.304,-1.647,1.463,0.648
295.415,-1.648,1.467,0.651
295.527,-1.646,1.470,0.652
295.638,-1.639,1.474,0.653
295.749,-1.630,1.475,0.652
295.860,-1.622,1.476,0.650
295.971,-1.615,1.477,0.650
296.082,-1.611,1.478,0.650
296.194,-1.608,1.480,0.650
296.305,-1.605,1.477,0.650
296.416,-1.603,1.475,0.649
296.527,-1.601,1.476,0.647
296.638,-1.597,1.472,0.646
296.749,-1.593,1.459,0.643
296.860,-1.588,1.453,0.640
296.971,-1.585,1.458,0.639
297.082,-1.585,1.465,0.642
297.193,-1.583,1.471,0.643
297.304,-1.581,1.474,0.645
297.415,-1.577,1.473,0.646
297.527,-1.574,1.473,0.646
297.638,-1.572,1.472,0.645
297.748,-1.571,1.472,0.645
297.860,-1.570,1.472,0.644
297.971,-1.569,1.472,0.644
298.082,-1.568,1.472,0.643
298.193,-1.566,1.473,0.643
298.305,-1.563,1.474,0.642
298.415,-1.560,1.475,0.642
298.527,-1.557,1.476,0.642
298.638,-1.555,1.476,0.642
298.748,-1.554,1.477,0.644
298.860,-1.554,1.478,0.646
298.971,-1.553,1.478,0.649
299.082,-1.553,1.478,0.651
299.193,-1.552,1.478,0.654
299.304,-1.552,1.479,0.656
299.415,-1.554,1.483,0.657
299.527,-1.556,1.486,0.660
299.637,-1.556,1.488,0.664
299.749,-1.557,1.490,0.674
299.860,-1.559,1.494,0.688
299.971,-1.562,1.493,0.700
300.082,-1.563,1.493,0.706
300.194,-1.556,1.498,0.700
300.305,-1.545,1.503,0.688
300.416,-1.527,1.508,0.664
300.527,-1.507,1.509,0.631
300.638,-1.480,1.501,0.598
300.749,-1.454,1.496,0.570
300.860,-1.434,1.492,0.550
300.972,-1.420,1.490,0.538
301.082,-1.412,1.490,0.539
301.193,-1.412,1.496,0.552
301.305,-1.419,1.506,0.571
301.415,-1.429,1.513,0.590
301.527,-1.440,1.517,0.605
301.638,-1.450,1.520,0.618
301.749,-1.458,1.524,0.630
301.860,-1.464,1.525,0.639
301.971,-1.469,1.527,0.647
302.082,-1.477,1.525,0.655
302.193,-1.488,1.524,0.663
302.304,-1.493,1.522,0.669
302.415,-1.493,1.522,0.674
302.526,-1.494,1.523,0.677
302.638,-1.496,1.523,0.678
302.748,-1.498,1.524,0.679
302.860,-1.499,1.524,0.679
302.971,-1.499,1.524,0.678
303.082,-1.497,1.524,0.678
303.193,-1.495,1.523,0.678
303.305,-1.493,1.523,0.678
303.415,-1.491,1.523,0.679
303.527,-1.489,1.523,0.678
303.638,-1.486,1.522,0.678
303.748,-1.484,1.520,0.679
303.860,-1.482,1.519,0.681
303.971,-1.479,1.521,0.683
304.082,-1.479,1.520,0.685
304.193,-1.479,1.520,0.685
304.304,-1.475,1.520,0.684
304.415,-1.471,1.520,0.686
304.527,-1.469,1.520,0.689
304.638,-1.470,1.519,0.692
304.749,-1.468,1.520,0.693
304.860,-1.465,1.520,0.694
304.971,-1.465,1.520,0.697
305.082,-1.467,1.521,0.699
305.193,-1.468,1.521,0.700
305.304,-1.467,1.522,0.703
305.415,-1.469,1.522,0.702
305.526,-1.468,1.521,0.699
305.638,-1.464,1.521,0.698
305.748,-1.463,1.520,0.697
305.860,-1.462,1.519,0.698
305.971,-1.461,1.520,0.698
306.082,-1.462,1.520,0.698
306.193,-1.461,1.520,0.698
306.305,-1.459,1.519,0.697
306.415,-1.458,1.518,0.696
306.526,-1.459,1.516,0.696
306.638,-1.468,1.511,0.691
306.748,-1.484,1.508,0.683
306.860,-1.498,1.508,0.680
306.971,-1.502,1.507,0.679
307.081,-1.501,1.506,0.678
307.193,-1.498,1.505,0.677
307.304,-1.497,1.503,0.673
307.415,-1.495,1.503,0.669
307.525,-1.495,1.504,0.666
307.637,-1.494,1.506,0.663
307.748,-1.493,1.507,0.660
307.859,-1.492,1.509,0.658
307.970,-1.491,1.510,0.657
308.081,-1.490,1.511,0.655
308.192,-1.489,1.511,0.653
308.303,-1.489,1.512,0.650
308.414,-1.489,1.511,0.648
308.526,-1.489,1.510,0.647
308.637,-1.490,1.510,0.646
308.748,-1.491,1.510,0.645
308.859,-1.492,1.508,0.644
308.970,-1.492,1.505,0.642
309.081,-1.491,1.502,0.640
309.192,-1.489,1.498,0.638
309.303,-1.487,1.496,0.638
309.414,-1.486,1.494,0.640
309.526,-1.485,1.494,0.642
309.637,-1.484,1.493,0.644
309.748,-1.484,1.493,0.646
309.848,-1.483,1.492,0.647
309.956,-1.482,1.492,0.647
310.067,-1.482,1.491,0.647
310.178,-1.482,1.492,0.648
310.289,-1.482,1.493,0.649
310.401,-1.483,1.494,0.649
310.511,-1.483,1.498,0.648
310.623,-1.483,1.502,0.646
310.734,-1.485,1.504,0.645
310.845,-1.485,1.504,0.645
310.956,-1.485,1.505,0.645
311.067,-1.485,1.505,0.645
311.178,-1.485,1.504,0.646
311.290,-1.486,1.504,0.645
311.401,-1.487,1.503,0.645
311.512,-1.485,1.503,0.645
311.622,-1.482,1.504,0.646
311.734,-1.480,1.504,0.648
311.845,-1.479,1.505,0.648
311.956,-1.481,1.506,0.648
312.067,-1.482,1.506,0.648
312.178,-1.483,1.506,0.648
312.290,-1.486,1.506,0.648
312.401,-1.487,1.506,0.648
312.512,-1.489,1.506,0.647
312.623,-1.490,1.506,0.647
312.734,-1.489,1.506,0.647
312.845,-1.488,1.506,0.646
312.956,-1.487,1.505,0.645
313.067,-1.486,1.505,0.644
313.178,-1.486,1.504,0.644
313.289,-1.486,1.504,0.644
313.400,-1.486,1.504,0.643
313.511,-1.487,1.504,0.643
313.623,-1.487,1.503,0.643
313.733,-1.488,1.503,0.643
313.845,-1.488,1.503,0.642
313.956,-1.488,1.503,0.642
314.067,-1.488,1.503,0.642
314.178,-1.489,1.504,0.642
314.289,-1.489,1.505,0.641
314.400,-1.490,1.505,0.640
314.511,-1.491,1.505,0.639
314.623,-1.492,1.504,0.638
314.734,-1.493,1.504,0.637
314.845,-1.493,1.504,0.636
314.955,-1.493,1.504,0.636
315.067,-1.492,1.504,0.637
315.178,-1.492,1.505,0.637
315.289,-1.491,1.505,0.639
315.400,-1.491,1.505,0.639
315.511,-1.492,1.503,0.640
315.622,-1.494,1.499,0.641
315.733,-1.497,1.497,0.641
315.844,-1.499,1.496,0.643
315.956,-1.502,1.496,0.645
316.066,-1.503,1.498,0.648
316.178,-1.504,1.499,0.649
316.289,-1.505,1.499,0.650
316.400,-1.505,1.499,0.650
316.511,-1.505,1.499,0.650
316.622,-1.504,1.500,0.650
316.733,-1.500,1.501,0.647
316.845,-1.494,1.501,0.644
316.956,-1.480,1.504,0.643
317.066,-1.460,1.508,0.646
317.178,-1.440,1.511,0.652
317.289,-1.420,1.514,0.660
317.400,-1.401,1.516,0.665
317.511,-1.383,1.517,0.668
317.622,-1.362,1.517,0.666
317.734,-1.339,1.516,0.667
317.845,-1.323,1.516,0.676
317.955,-1.325,1.520,0.690
318.067,-1.347,1.521,0.705
318.178,-1.378,1.523,0.721
318.289,-1.403,1.527,0.738
318.400,-1.420,1.529,0.755
318.511,-1.428,1.530,0.770
318.622,-1.430,1.529,0.788
318.733,-1.423,1.526,0.813
318.844,-1.407,1.525,0.849
318.955,-1.389,1.525,0.889
319.066,-1.369,1.525,0.928
319.178,-1.350,1.524,0.958
319.289,-1.333,1.526,0.978
319.400,-1.320,1.527,0.989
319.510,-1.305,1.527,0.988
319.622,-1.288,1.526,0.979
319.733,-1.268,1.524,0.962
319.844,-1.248,1.520,0.936
319.956,-1.225,1.518,0.903
320.066,-1.195,1.516,0.870
320.177,-1.166,1.516,0.842
320.289,-1.133,1.513,0.822
320.400,-1.093,1.510,0.814
320.511,-1.047,1.502,0.817
320.622,-1.000,1.496,0.828
320.733,-0.955,1.492,0.851
320.844,-0.906,1.496,0.878
320.955,-0.859,1.501,0.900
321.066,-0.817,1.502,0.913
321.178,-0.773,1.504,0.917
321.289,-0.725,1.503,0.916
321.399,-0.677,1.500,0.905
321.511,-0.631,1.495,0.884
321.622,-0.583,1.498,0.859
321.733,-0.541,1.501,0.841
321.844,-0.506,1.502,0.835
321.955,-0.468,1.500,0.841
322.066,-0.429,1.490,0.856
322.177,-0.388,1.481,0.883
322.289,-0.346,1.478,0.914
322.400,-0.304,1.481,0.938
322.511,-0.267,1.482,0.953
322.622,-0.229,1.480,0.960
322.733,-0.192,1.474,0.961
322.844,-0.156,1.468,0.953
322.955,-0.121,1.462,0.935
323.066,-0.082,1.462,0.909
323.177,-0.044,1.463,0.883
323.288,-0.012,1.462,0.861
323.399,0.014,1.462,0.847
323.511,0.039,1.461,0.841
323.622,0.061,1.458,0.842
323.733,0.081,1.454,0.854
323.844,0.102,1.453,0.871
323.955,0.123,1.454,0.887
324.066,0.141,1.454,0.896
324.177,0.156,1.456,0.893
324.288,0.171,1.457,0.883
324.399,0.184,1.456,0.865
324.510,0.201,1.459,0.845
324.622,0.218,1.458,0.823
324.733,0.236,1.455,0.802
324.844,0.251,1.450,0.785
324.955,0.259,1.445,0.774
325.066,0.262,1.439,0.768
325.177,0.262,1.436,0.765
325.289,0.259,1.437,0.766
325.399,0.252,1.435,0.777
325.533,0.246,1.436,0.792
325.641,0.239,1.437,0.797
325.752,0.235,1.437,0.798
325.863,0.231,1.438,0.797
325.975,0.228,1.440,0.794
326.079,0.228,1.440,0.792
326.190,0.227,1.441,0.790
326.302,0.227,1.442,0.785
326.412,0.228,1.444,0.775
326.524,0.230,1.445,0.765
326.635,0.232,1.445,0.758
326.746,0.233,1.444,0.754
326.857,0.233,1.443,0.753
326.968,0.233,1.442,0.755
327.079,0.231,1.440,0.760
327.190,0.229,1.439,0.767
327.301,0.227,1.440,0.771
327.412,0.224,1.440,0.774
327.524,0.220,1.440,0.776
327.635,0.216,1.441,0.778
327.746,0.214,1.441,0.779
327.858,0.212,1.442,0.778
327.969,0.211,1.443,0.774
328.079,0.211,1.444,0.770
328.191,0.210,1.444,0.767
328.302,0.209,1.444,0.770
328.413,0.210,1.446,0.777
328.524,0.209,1.446,0.783
328.635,0.209,1.447,0.785
328.746,0.208,1.448,0.786
328.858,0.206,1.449,0.787
328.968,0.205,1.451,0.788
329.079,0.204,1.453,0.790
329.191,0.203,1.454,0.791
329.302,0.202,1.455,0.791
329.413,0.201,1.457,0.791
329.524,0.200,1.459,0.791
329.635,0.200,1.462,0.791
329.746,0.202,1.463,0.795
329.857,0.203,1.463,0.797
329.969,0.203,1.463,0.796
330.079,0.203,1.463,0.795
330.191,0.205,1.463,0.796
330.302,0.207,1.463,0.797
330.413,0.210,1.463,0.799
330.524,0.211,1.463,0.801
330.635,0.212,1.464,0.802
330.746,0.212,1.464,0.804
330.857,0.214,1.464,0.806
330.968,0.215,1.464,0.808
331.080,0.216,1.464,0.809
331.191,0.217,1.463,0.806
331.302,0.219,1.463,0.800
331.413,0.221,1.462,0.792
331.524,0.223,1.461,0.785
331.635,0.223,1.460,0.781
331.746,0.224,1.460,0.783
331.857,0.221,1.461,0.794
331.968,0.217,1.464,0.811
332.080,0.211,1.466,0.818
332.190,0.203,1.471,0.817
332.302,0.196,1.476,0.816
332.413,0.190,1.478,0.816
332.524,0.188,1.478,0.818
332.635,0.188,1.478,0.821
332.746,0.190,1.478,0.823
332.857,0.191,1.478,0.822
332.968,0.193,1.477,0.818
333.079,0.195,1.475,0.809
333.191,0.197,1.472,0.796
333.301,0.198,1.469,0.782
333.413,0.200,1.467,0.772
333.524,0.201,1.465,0.765
333.635,0.202,1.464,0.762
333.746,0.203,1.463,0.762
333.857,0.204,1.462,0.764
333.969,0.206,1.459,0.770
334.079,0.206,1.456,0.788
334.190,0.201,1.451,0.803
334.301,0.197,1.441,0.810
334.412,0.198,1.438,0.816
334.524,0.197,1.438,0.821
334.634,0.197,1.440,0.824
334.745,0.196,1.443,0.827
334.857,0.196,1.445,0.830
334.967,0.196,1.444,0.831
335.078,0.196,1.442,0.831
335.190,0.197,1.445,0.832
335.301,0.196,1.451,0.832
335.412,0.193,1.457,0.830
335.523,0.189,1.464,0.827
335.634,0.186,1.467,0.828
335.745,0.183,1.469,0.832
335.856,0.181,1.472,0.834
335.967,0.176,1.476,0.833
336.078,0.170,1.480,0.832
336.190,0.166,1.483,0.831
336.301,0.163,1.484,0.830
336.412,0.161,1.484,0.829
336.523,0.162,1.484,0.825
336.635,0.167,1.481,0.813
336.746,0.177,1.476,0.795
336.857,0.188,1.469,0.775
336.969,0.200,1.463,0.759
337.079,0.206,1.459,0.749
337.190,0.206,1.457,0.751
337.301,0.202,1.454,0.761
337.412,0.196,1.451,0.777
337.523,0.190,1.450,0.792
337.634,0.185,1.451,0.796
337.745,0.180,1.453,0.800
337.856,0.174,1.454,0.804
337.967,0.171,1.455,0.807
338.078,0.169,1.455,0.809
338.189,0.168,1.456,0.810
338.300,0.168,1.456,0.809
338.411,0.167,1.456,0.810
338.523,0.166,1.458,0.810
338.634,0.165,1.460,0.809
338.744,0.168,1.462,0.800
338.856,0.174,1.463,0.788
338.968,0.179,1.465,0.782
339.079,0.184,1.469,0.782
339.190,0.186,1.474,0.784
339.301,0.186,1.474,0.785
339.412,0.182,1.473,0.781
339.524,0.177,1.476,0.777
339.634,0.172,1.477,0.776
339.745,0.168,1.477,0.774
339.857,0.164,1.477,0.772
339.968,0.164,1.477,0.770
340.079,0.169,1.477,0.772
340.190,0.176,1.476,0.774
340.301,0.188,1.476,0.777
340.412,0.201,1.474,0.789
340.523,0.208,1.471,0.811
340.635,0.210,1.470,0.836
340.745,0.210,1.469,0.860
340.857,0.210,1.467,0.881
340.968,0.208,1.465,0.898
341.079,0.211,1.462,0.910
341.190,0.219,1.458,0.914
341.301,0.225,1.454,0.908
341.412,0.225,1.452,0.889
341.523,0.222,1.452,0.860
341.634,0.221,1.453,0.821
341.746,0.219,1.452,0.781
341.857,0.218,1.451,0.746
341.967,0.217,1.446,0.719
342.080,0.217,1.439,0.709
342.190,0.218,1.431,0.719
342.301,0.217,1.428,0.740
342.412,0.221,1.430,0.761
342.523,0.225,1.432,0.772
342.634,0.229,1.432,0.776
342.745,0.231,1.431,0.779
342.856,0.234,1.431,0.781
342.967,0.237,1.431,0.783
343.079,0.239,1.430,0.785
343.190,0.241,1.430,0.786
343.301,0.243,1.429,0.787
343.412,0.244,1.428,0.787
343.523,0.244,1.427,0.789
343.634,0.244,1.427,0.791
343.745,0.243,1.427,0.792
343.857,0.242,1.427,0.793
343.967,0.244,1.426,0.793
344.079,0.249,1.422,0.792
344.190,0.259,1.413,0.791
344.300,0.274,1.395,0.790
344.412,0.291,1.371,0.790
344.523,0.309,1.341,0.789
344.634,0.325,1.308,0.789
344.745,0.340,1.267,0.791
344.856,0.353,1.223,0.793
344.967,0.363,1.184,0.793
345.078,0.371,1.151,0.793
345.190,0.378,1.115,0.792
345.300,0.382,1.082,0.791
345.412,0.384,1.060,0.791
345.523,0.383,1.049,0.789
345.634,0.380,1.051,0.787
345.745,0.377,1.074,0.786
345.856,0.371,1.121,0.788
345.967,0.357,1.186,0.789
346.078,0.338,1.245,0.789
346.190,0.324,1.280,0.790
346.301,0.318,1.284,0.793
346.411,0.325,1.263,0.795
346.523,0.337,1.231,0.797
346.634,0.351,1.195,0.801
346.745,0.363,1.159,0.805
346.856,0.373,1.121,0.810
346.967,0.380,1.083,0.813
347.078,0.386,1.051,0.815
347.189,0.388,1.030,0.816
347.300,0.388,1.024,0.815
347.411,0.387,1.034,0.814
347.522,0.383,1.060,0.812
347.633,0.375,1.107,0.810
347.744,0.364,1.169,0.807
347.856,0.350,1.232,0.803
347.967,0.338,1.286,0.796
348.078,0.326,1.323,0.791
348.189,0.319,1.349,0.785
348.300,0.314,1.367,0.782
348.412,0.311,1.381,0.778
348.523,0.309,1.392,0.778
348.634,0.309,1.398,0.778
348.745,0.309,1.400,0.777
348.856,0.309,1.400,0.776
348.967,0.311,1.398,0.773
349.078,0.310,1.399,0.767
349.190,0.306,1.401,0.759
349.301,0.303,1.404,0.748
349.412,0.298,1.409,0.734
349.523,0.293,1.413,0.719
349.634,0.288,1.416,0.703
349.745,0.283,1.418,0.689
349.856,0.278,1.420,0.680
349.967,0.275,1.424,0.673
350.078,0.272,1.429,0.666
350.190,0.269,1.434,0.659
350.301,0.266,1.439,0.652
350.411,0.263,1.445,0.648
350.523,0.259,1.446,0.648
350.634,0.254,1.437,0.649
350.745,0.249,1.416,0.643
350.856,0.232,1.396,0.643
350.967,0.206,1.387,0.656
351.078,0.185,1.387,0.673
351.189,0.166,1.384,0.682
351.300,0.149,1.379,0.682
351.412,0.139,1.368,0.671
351.523,0.138,1.349,0.653
351.634,0.143,1.325,0.638
351.745,0.153,1.300,0.629
351.856,0.166,1.270,0.620
351.967,0.181,1.226,0.609
352.078,0.194,1.172,0.598
352.189,0.204,1.117,0.587
352.301,0.209,1.064,0.577
352.411,0.209,1.012,0.572
352.523,0.215,0.952,0.569
352.633,0.224,0.896,0.571
352.745,0.231,0.847,0.571
352.856,0.238,0.802,0.570
352.967,0.242,0.758,0.569
353.078,0.245,0.722,0.568
353.189,0.245,0.694,0.568
353.300,0.245,0.679,0.568
353.412,0.244,0.682,0.570
353.523,0.245,0.706,0.573
353.634,0.246,0.754,0.578
353.745,0.246,0.827,0.582
353.856,0.248,0.914,0.588
353.967,0.247,1.005,0.595
354.078,0.243,1.092,0.604
354.189,0.238,1.175,0.615
354.300,0.228,1.248,0.631
354.411,0.218,1.303,0.654
354.523,0.222,1.342,0.681
354.634,0.235,1.369,0.711
354.745,0.257,1.390,0.739
354.856,0.280,1.403,0.765
354.967,0.298,1.410,0.782
355.078,0.311,1.416,0.786
355.189,0.315,1.420,0.780
355.300,0.312,1.420,0.768
355.411,0.309,1.423,0.754
355.523,0.305,1.424,0.740
355.633,0.299,1.426,0.726
355.745,0.292,1.430,0.712
355.856,0.284,1.435,0.696
355.967,0.276,1.438,0.683
356.078,0.268,1.439,0.671
356.189,0.262,1.442,0.665
356.300,0.257,1.444,0.662
356.411,0.253,1.446,0.662
356.522,0.248,1.447,0.658
356.634,0.243,1.448,0.649
356.744,0.236,1.448,0.637
356.856,0.229,1.449,0.623
356.967,0.224,1.450,0.609
357.078,0.217,1.449,0.597
357.189,0.211,1.449,0.586
357.300,0.205,1.449,0.577
357.411,0.199,1.450,0.568
357.522,0.194,1.450,0.561
357.634,0.190,1.450,0.553
357.744,0.188,1.448,0.548
357.856,0.193,1.447,0.547
357.967,0.204,1.446,0.548
358.078,0.222,1.443,0.554
358.189,0.244,1.441,0.565
358.300,0.271,1.443,0.576
358.411,0.293,1.442,0.582
358.522,0.310,1.441,0.577
358.633,0.324,1.441,0.561
358.744,0.335,1.436,0.536
358.855,0.343,1.431,0.499
358.966,0.348,1.426,0.451
359.077,0.356,1.419,0.404
359.189,0.369,1.411,0.371
359.299,0.390,1.403,0.346
359.411,0.416,1.391,0.327
359.522,0.445,1.376,0.311
359.633,0.480,1.359,0.296
359.744,0.514,1.339,0.281
359.855,0.539,1.314,0.267
359.966,0.561,1.284,0.247
360.077,0.580,1.248,0.223
360.189,0.598,1.212,0.200
360.300,0.615,1.177,0.178
360.411,0.630,1.142,0.163
360.522,0.642,1.109,0.149
360.633,0.651,1.078,0.137
360.744,0.659,1.048,0.124
360.856,0.667,1.017,0.114
360.966,0.676,0.988,0.104
361.077,0.686,0.959,0.096
361.189,0.694,0.931,0.087
361.300,0.702,0.906,0.079
361.411,0.708,0.883,0.073
361.522,0.715,0.860,0.069
361.633,0.722,0.835,0.068
361.744,0.726,0.814,0.065
361.856,0.729,0.796,0.060
361.966,0.731,0.785,0.057
362.078,0.732,0.792,0.056
362.189,0.733,0.821,0.057
362.300,0.729,0.872,0.062
362.411,0.720,0.941,0.073
362.522,0.707,1.019,0.093
362.633,0.691,1.105,0.126
362.744,0.671,1.189,0.169
362.855,0.647,1.258,0.215
362.966,0.620,1.311,0.259
363.077,0.591,1.353,0.301
363.189,0.551,1.385,0.343
363.299,0.498,1.408,0.378
363.410,0.447,1.428,0.408
363.522,0.406,1.443,0.437
363.633,0.374,1.453,0.466
363.744,0.354,1.459,0.501
363.855,0.340,1.462,0.541
363.966,0.329,1.462,0.585
364.077,0.319,1.462,0.626
364.189,0.310,1.462,0.658
364.300,0.301,1.461,0.684
364.411,0.294,1.461,0.705
364.522,0.288,1.462,0.722
364.633,0.282,1.462,0.737
364.744,0.272,1.461,0.743
364.855,0.259,1.459,0.739
364.966,0.244,1.456,0.727
365.077,0.236,1.456,0.708
365.189,0.228,1.454,0.688
365.300,0.215,1.460,0.668
365.410,0.196,1.487,0.649
365.522,0.165,1.514,0.640
365.633,0.130,1.532,0.656
365.744,0.104,1.545,0.695
365.855,0.087,1.550,0.735
365.966,0.075,1.552,0.765
366.077,0.064,1.554,0.782
366.189,0.052,1.551,0.791
366.300,0.039,1.548,0.788
366.411,0.029,1.551,0.773
366.522,0.024,1.547,0.755
366.633,0.027,1.531,0.740
366.744,0.041,1.525,0.737
366.855,0.047,1.518,0.748
366.966,0.047,1.505,0.758
367.077,0.041,1.514,0.777
367.188,0.033,1.510,0.803
367.299,0.028,1.508,0.834
367.410,0.024,1.515,0.873
367.522,0.027,1.507,0.912
367.633,0.036,1.509,0.944
367.743,0.044,1.507,0.966
367.855,0.049,1.499,0.974
367.966,0.048,1.494,0.965
368.077,0.046,1.493,0.942
368.188,0.045,1.492,0.914
368.299,0.044,1.489,0.886
368.410,0.043,1.489,0.863
368.522,0.041,1.490,0.846
368.633,0.040,1.489,0.835
368.744,0.038,1.487,0.831
368.855,0.034,1.487,0.829
368.966,0.032,1.485,0.831
369.077,0.031,1.484,0.836
369.188,0.031,1.483,0.841
369.299,0.032,1.481,0.846
369.410,0.033,1.479,0.848
369.522,0.035,1.476,0.847
369.633,0.037,1.475,0.846
369.744,0.039,1.474,0.843
369.855,0.041,1.473,0.841
369.966,0.043,1.473,0.838
370.077,0.045,1.473,0.835
370.188,0.048,1.472,0.833
370.299,0.049,1.470,0.833
370.410,0.049,1.469,0.833
370.522,0.049,1.469,0.833
370.632,0.048,1.469,0.833
370.743,0.048,1.470,0.832
370.855,0.048,1.469,0.833
370.966,0.050,1.469,0.833
371.077,0.052,1.468,0.833
371.188,0.053,1.467,0.832
371.299,0.054,1.467,0.833
371.410,0.055,1.467,0.833
371.522,0.057,1.466,0.833
371.632,0.058,1.465,0.833
371.743,0.059,1.465,0.833
371.855,0.060,1.465,0.834
371.965,0.061,1.465,0.835
372.077,0.062,1.464,0.836
372.188,0.063,1.464,0.836
372.299,0.064,1.464,0.836
372.410,0.065,1.463,0.836
372.521,0.065,1.463,0.836
372.632,0.065,1.464,0.836
372.743,0.065,1.463,0.836
372.855,0.064,1.463,0.835
372.965,0.062,1.463,0.832
373.077,0.057,1.463,0.828
373.188,0.049,1.462,0.826
373.299,0.040,1.463,0.827
373.410,0.031,1.463,0.828
373.521,0.023,1.465,0.829
373.632,0.015,1.466,0.830
373.743,0.008,1.466,0.830
373.854,0.002,1.466,0.830
373.965,-0.003,1.466,0.831
374.076,-0.006,1.467,0.832
374.188,-0.009,1.467,0.833
374.299,-0.010,1.468,0.833
374.410,-0.011,1.468,0.833
374.521,-0.012,1.469,0.833
374.632,-0.012,1.470,0.833
374.743,-0.010,1.471,0.832
374.854,-0.008,1.473,0.831
374.965,-0.005,1.473,0.830
375.076,-0.003,1.472,0.830
375.188,-0.001,1.472,0.829
375.299,0.000,1.472,0.828
375.410,0.000,1.472,0.826
375.521,-0.001,1.472,0.826
375.632,-0.001,1.473,0.825
375.743,-0.001,1.474,0.826
375.855,0.002,1.477,0.823
375.965,0.002,1.482,0.819
376.077,0.005,1.492,0.811
376.187,0.005,1.505,0.796
376.299,0.003,1.517,0.780
376.410,-0.004,1.523,0.767
376.522,-0.009,1.518,0.763
376.632,-0.009,1.524,0.764
376.743,-0.006,1.522,0.775
376.855,0.004,1.509,0.785
376.965,0.014,1.513,0.794
377.076,0.021,1.509,0.806
377.187,0.030,1.505,0.818
377.298,0.034,1.514,0.832
377.410,0.035,1.508,0.846
377.521,0.037,1.512,0.858
377.632,0.033,1.515,0.864
377.743,0.035,1.506,0.867
377.854,0.038,1.514,0.868
377.966,0.039,1.514,0.868
378.077,0.045,1.502,0.866
378.188,0.051,1.511,0.864
378.298,0.053,1.510,0.861
378.410,0.056,1.502,0.856
378.521,0.056,1.510,0.852
378.632,0.055,1.508,0.849
378.743,0.055,1.504,0.845
378.855,0.055,1.511,0.844
378.965,0.055,1.508,0.844
379.076,0.055,1.505,0.844
379.188,0.054,1.507,0.847
379.299,0.052,1.507,0.852
379.409,0.050,1.507,0.857
379.521,0.049,1.508,0.861
379.632,0.047,1.508,0.865
379.743,0.047,1.508,0.868
379.855,0.046,1.508,0.872
379.965,0.046,1.508,0.876
380.076,0.045,1.508,0.882
380.187,0.046,1.507,0.888
380.298,0.049,1.506,0.897
380.409,0.054,1.505,0.908
380.521,0.065,1.503,0.925
380.632,0.083,1.498,0.949
380.743,0.112,1.485,0.977
380.854,0.152,1.458,1.012
380.965,0.194,1.423,1.047
381.076,0.218,1.398,1.068
381.187,0.223,1.394,1.072
381.299,0.212,1.414,1.066
381.410,0.193,1.437,1.052
381.521,0.173,1.452,1.030
381.632,0.152,1.463,1.001
381.743,0.130,1.470,0.970
381.854,0.111,1.475,0.936
381.965,0.099,1.478,0.907
382.076,0.091,1.479,0.880
382.187,0.081,1.481,0.845
382.298,0.066,1.482,0.800
382.409,0.046,1.484,0.746
382.521,0.021,1.487,0.693
382.632,-0.010,1.490,0.649
382.743,-0.044,1.495,0.623
382.854,-0.066,1.504,0.612
382.965,-0.068,1.504,0.621
383.076,-0.058,1.506,0.647
383.187,-0.042,1.515,0.675
383.298,-0.030,1.521,0.695
383.409,-0.027,1.524,0.712
383.521,-0.036,1.529,0.733
383.631,-0.055,1.532,0.755
383.742,-0.086,1.533,0.783
383.853,-0.122,1.534,0.811
383.964,-0.151,1.535,0.835
384.075,-0.169,1.537,0.856
384.186,-0.176,1.537,0.879
384.297,-0.172,1.534,0.893
384.408,-0.157,1.533,0.898
384.519,-0.135,1.534,0.891
384.630,-0.113,1.539,0.875
384.741,-0.099,1.542,0.858
384.852,-0.092,1.546,0.846
384.963,-0.079,1.552,0.844
385.074,-0.063,1.558,0.849
385.186,-0.045,1.562,0.860
385.296,-0.027,1.562,0.882
385.407,-0.011,1.558,0.904
385.544,-0.001,1.555,0.925
385.655,-0.006,1.553,0.934
385.767,-0.025,1.548,0.935
385.877,-0.056,1.541,0.929
385.989,-0.088,1.541,0.921
386.102,-0.115,1.541,0.915
386.213,-0.135,1.541,0.913
386.324,-0.148,1.544,0.912
386.436,-0.148,1.545,0.910
386.546,-0.138,1.544,0.909
386.657,-0.122,1.544,0.912
386.768,-0.106,1.544,0.917
386.879,-0.089,1.544,0.924
386.991,-0.074,1.543,0.930
387.102,-0.063,1.542,0.937
387.213,-0.054,1.542,0.941
387.324,-0.048,1.547,0.942
387.435,-0.042,1.553,0.941
387.546,-0.037,1.564,0.940
387.658,-0.032,1.572,0.939
387.769,-0.031,1.575,0.939
387.879,-0.030,1.578,0.937
387.991,-0.026,1.583,0.934
388.102,-0.022,1.592,0.929
388.213,-0.016,1.598,0.919
388.324,-0.011,1.602,0.912
388.435,-0.005,1.605,0.907
388.546,0.005,1.605,0.906
388.657,0.014,1.603,0.908
388.768,0.025,1.598,0.914
388.879,0.033,1.594,0.919
388.990,0.037,1.590,0.923
389.101,0.032,1.582,0.930
389.212,0.018,1.570,0.943
389.324,-0.003,1.538,0.962
389.435,-0.036,1.526,0.979
389.546,-0.072,1.522,0.999
389.657,-0.102,1.520,1.021
389.768,-0.122,1.519,1.043
389.879,-0.135,1.513,1.065
389.990,-0.139,1.512,1.089
390.102,-0.134,1.503,1.118
390.213,-0.113,1.488,1.150
390.324,-0.067,1.460,1.181
390.435,-0.008,1.439,1.213
390.546,0.044,1.433,1.245
390.657,0.079,1.433,1.273
390.769,0.091,1.437,1.300
390.880,0.108,1.439,1.318
390.991,0.124,1.434,1.329
391.103,0.120,1.433,1.346
391.213,0.089,1.436,1.384
391.325,0.033,1.451,1.447
391.435,-0.036,1.472,1.507
391.546,-0.090,1.482,1.545
391.657,-0.109,1.487,1.576
391.769,-0.103,1.490,1.603
391.879,-0.081,1.493,1.628
391.991,-0.058,1.498,1.649
392.102,-0.058,1.506,1.666
392.212,-0.064,1.510,1.671
392.323,-0.067,1.511,1.674
392.435,-0.072,1.514,1.677
392.546,-0.082,1.517,1.683
392.657,-0.100,1.518,1.690
392.769,-0.122,1.514,1.702
392.879,-0.135,1.517,1.723
392.990,-0.128,1.520,1.750
393.102,-0.121,1.523,1.766
393.212,-0.128,1.524,1.777
393.324,-0.136,1.524,1.787
393.435,-0.143,1.525,1.796
393.546,-0.144,1.526,1.808
393.657,-0.138,1.524,1.824
393.769,-0.127,1.518,1.846
393.879,-0.109,1.512,1.867
393.991,-0.085,1.508,1.888
394.102,-0.062,1.505,1.908
394.212,-0.039,1.505,1.927
394.324,-0.019,1.503,1.944
394.435,-0.003,1.502,1.958
394.546,0.005,1.500,1.969
394.657,-0.004,1.503,1.978
394.768,-0.029,1.510,1.985
394.879,-0.057,1.511,1.990
394.990,-0.091,1.510,1.990
395.101,-0.129,1.514,1.986
395.212,-0.172,1.519,1.981
395.323,-0.209,1.520,1.980
395.434,-0.239,1.521,1.986
395.546,-0.260,1.520,1.996
395.657,-0.272,1.522,2.013
395.768,-0.273,1.524,2.039
395.879,-0.265,1.524,2.065
395.990,-0.245,1.525,2.090
396.101,-0.217,1.529,2.121
396.212,-0.191,1.531,2.157
396.323,-0.172,1.531,2.191
396.434,-0.155,1.530,2.228
396.546,-0.131,1.523,2.279
396.656,-0.098,1.519,2.333
396.767,-0.082,1.513,2.368
396.878,-0.094,1.507,2.385
396.990,-0.119,1.510,2.394
397.101,-0.144,1.515,2.402
397.212,-0.164,1.516,2.410
397.323,-0.182,1.515,2.418
397.434,-0.194,1.514,2.428
397.545,-0.200,1.514,2.441
397.656,-0.197,1.513,2.458
397.768,-0.186,1.511,2.478
397.878,-0.165,1.509,2.501
397.990,-0.133,1.508,2.527
398.101,-0.098,1.509,2.559
398.212,-0.067,1.511,2.596
398.323,-0.043,1.512,2.637
398.434,-0.029,1.512,2.679
398.546,-0.026,1.508,2.726
398.656,-0.038,1.501,2.769
398.768,-0.065,1.501,2.812
398.878,-0.098,1.505,2.855
398.989,-0.123,1.509,2.894
399.101,-0.137,1.508,2.929
399.212,-0.140,1.508,2.966
399.323,-0.131,1.504,3.004
399.434,-0.111,1.497,3.039
399.545,-0.081,1.492,3.071
399.656,-0.044,1.493,3.106
399.767,-0.013,1.491,3.141
399.878,0.008,1.486,3.177
399.990,0.020,1.483,3.221
400.101,0.020,1.474,3.263
400.212,0.014,1.469,3.308
400.323,0.010,1.463,3.355
400.434,0.020,1.451,3.396
400.545,0.042,1.437,3.433
400.657,0.076,1.414,3.468
400.768,0.116,1.381,3.499
400.879,0.154,1.346,3.525
400.990,0.187,1.309,3.546
401.101,0.212,1.270,3.563
401.212,0.231,1.229,3.575
401.323,0.244,1.193,3.583
401.434,0.253,1.163,3.588
401.546,0.259,1.143,3.592
401.657,0.260,1.142,3.593
401.768,0.259,1.167,3.594
401.879,0.256,1.201,3.592
401.990,0.253,1.239,3.587
402.101,0.249,1.276,3.579
402.212,0.245,1.310,3.569
402.323,0.235,1.337,3.561
402.435,0.217,1.353,3.560
402.545,0.192,1.358,3.569
402.657,0.158,1.356,3.587
402.768,0.112,1.353,3.612
402.879,0.074,1.355,3.638
402.990,0.053,1.356,3.653
403.101,0.055,1.351,3.659
403.212,0.079,1.333,3.655
403.323,0.106,1.306,3.647
403.435,0.127,1.279,3.635
403.545,0.143,1.260,3.627
403.657,0.154,1.240,3.625
403.768,0.157,1.214,3.630
403.879,0.162,1.187,3.638
403.990,0.165,1.163,3.644
404.102,0.169,1.139,3.649
404.212,0.173,1.122,3.647
404.323,0.174,1.116,3.643
404.435,0.174,1.115,3.640
404.545,0.172,1.114,3.640
404.656,0.170,1.115,3.640
404.768,0.166,1.116,3.641
404.878,0.162,1.116,3.642
404.990,0.156,1.116,3.644
405.101,0.150,1.120,3.645
405.212,0.146,1.121,3.646
405.323,0.146,1.117,3.648
405.434,0.148,1.108,3.649
405.545,0.150,1.104,3.649
405.657,0.153,1.101,3.649
405.768,0.156,1.100,3.648
405.878,0.156,1.103,3.646
405.990,0.156,1.107,3.645
406.101,0.155,1.113,3.646
406.212,0.153,1.117,3.649
406.323,0.151,1.122,3.657
406.434,0.149,1.132,3.682
406.545,0.137,1.153,3.718
406.656,0.118,1.179,3.759
406.767,0.103,1.191,3.803
406.878,0.092,1.183,3.859
406.989,0.085,1.168,3.920
407.100,0.085,1.154,3.970
407.211,0.087,1.141,4.005
407.322,0.093,1.121,4.024
407.433,0.104,1.098,4.031
407.544,0.116,1.072,4.031
407.656,0.126,1.051,4.027
407.767,0.132,1.045,4.024
407.878,0.133,1.049,4.025
407.989,0.131,1.056,4.026
408.100,0.127,1.067,4.030
408.211,0.121,1.081,4.034
408.322,0.112,1.099,4.039
408.433,0.099,1.124,4.045
408.544,0.079,1.159,4.052
408.654,0.051,1.207,4.062
408.765,0.016,1.260,4.065
408.876,-0.017,1.310,4.059
408.988,-0.041,1.345,4.048
409.099,-0.055,1.361,4.043
409.210,-0.062,1.362,4.052
409.321,-0.071,1.355,4.083
409.432,-0.078,1.343,4.133
409.543,-0.075,1.327,4.179
409.655,-0.053,1.302,4.204
409.766,-0.021,1.269,4.213
409.877,0.018,1.234,4.215
409.988,0.058,1.198,4.218
410.100,0.092,1.160,4.230
410.210,0.123,1.126,4.246
410.322,0.143,1.099,4.264
410.433,0.160,1.082,4.283
410.544,0.171,1.072,4.298
410.655,0.176,1.068,4.307
410.767,0.177,1.071,4.311
410.877,0.176,1.075,4.312
410.989,0.175,1.080,4.313
411.100,0.174,1.090,4.318
411.211,0.173,1.105,4.326
411.322,0.170,1.123,4.331
411.433,0.164,1.145,4.335
411.544,0.154,1.172,4.337
411.655,0.137,1.207,4.344
411.767,0.115,1.256,4.360
411.878,0.088,1.314,4.388
411.988,0.051,1.370,4.418
412.100,0.009,1.416,4.438
412.211,-0.038,1.450,4.461
412.322,-0.083,1.468,4.499
412.433,-0.126,1.478,4.544
412.545,-0.163,1.485,4.586
412.655,-0.183,1.498,4.622
412.766,-0.181,1.499,4.649
412.877,-0.160,1.495,4.669
412.989,-0.129,1.494,4.686
413.101,-0.095,1.494,4.706
413.212,-0.049,1.496,4.726
413.323,-0.003,1.495,4.729
413.434,0.024,1.497,4.740
413.545,0.032,1.503,4.763
413.656,0.020,1.509,4.788
413.768,0.002,1.528,4.812
413.879,-0.014,1.543,4.829
413.990,-0.029,1.554,4.841
414.101,-0.041,1.559,4.849
414.212,-0.042,1.560,4.854
414.324,-0.031,1.564,4.848
414.434,-0.013,1.562,4.821
414.546,0.011,1.559,4.770
414.657,0.038,1.551,4.698
414.768,0.073,1.548,4.615
414.879,0.110,1.548,4.538
414.990,0.139,1.549,4.482
415.102,0.163,1.549,4.448
415.212,0.179,1.554,4.438
415.324,0.185,1.554,4.446
415.435,0.192,1.560,4.454
415.546,0.197,1.564,4.455
415.657,0.198,1.569,4.446
415.768,0.191,1.568,4.428
415.879,0.186,1.570,4.404
415.990,0.185,1.573,4.382
416.101,0.191,1.577,4.367
416.212,0.204,1.580,4.359
416.323,0.219,1.581,4.358
416.435,0.234,1.582,4.361
416.545,0.248,1.583,4.365
416.657,0.263,1.583,4.369
416.768,0.276,1.583,4.373
416.879,0.286,1.582,4.375
416.990,0.291,1.582,4.375
417.101,0.293,1.582,4.372
417.212,0.289,1.583,4.367
417.323,0.283,1.581,4.364
417.434,0.277,1.578,4.363
417.545,0.274,1.576,4.377
417.657,0.263,1.570,4.420
417.768,0.233,1.557,4.496
417.879,0.182,1.539,4.584
417.990,0.131,1.531,4.665
418.100,0.091,1.528,4.735
418.211,0.069,1.524,4.800
418.322,0.066,1.515,4.867
418.433,0.079,1.497,4.934
418.544,0.108,1.478,5.006
418.655,0.145,1.474,5.090
418.767,0.167,1.473,5.168
418.877,0.173,1.470,5.241
418.989,0.173,1.456,5.314
419.100,0.164,1.434,5.385
419.210,0.152,1.413,5.456
419.322,0.153,1.393,5.526
419.433,0.169,1.368,5.591
419.544,0.198,1.332,5.649
419.655,0.235,1.282,5.701
419.766,0.280,1.227,5.744
419.877,0.319,1.180,5.778
419.989,0.347,1.146,5.796
420.100,0.364,1.123,5.805
420.210,0.372,1.110,5.811
420.322,0.375,1.098,5.813
420.434,0.375,1.086,5.815
420.544,0.373,1.082,5.817
420.655,0.366,1.105,5.819
420.767,0.353,1.153,5.823
420.877,0.332,1.206,5.823
420.989,0.306,1.253,5.820
421.100,0.273,1.292,5.820
421.210,0.229,1.327,5.828
421.322,0.156,1.362,5.843
421.433,0.055,1.394,5.859
421.543,-0.043,1.415,5.869
421.655,-0.115,1.429,5.880
421.766,-0.163,1.433,5.899
421.877,-0.194,1.419,5.931
421.988,-0.215,1.391,5.975
422.099,-0.227,1.354,6.030
422.210,-0.237,1.304,6.091
422.321,-0.257,1.246,6.145
422.432,-0.278,1.183,6.194
422.543,-0.297,1.122,6.229
422.654,-0.316,1.075,6.257
422.766,-0.327,1.036,6.278
422.877,-0.336,1.006,6.292
422.988,-0.344,0.988,6.298
423.099,-0.352,0.985,6.298
423.210,-0.362,1.011,6.292
423.322,-0.385,1.071,6.274
423.433,-0.417,1.151,6.236
423.543,-0.445,1.232,6.182
423.655,-0.475,1.308,6.115
423.766,-0.514,1.371,6.037
423.876,-0.559,1.428,5.946
423.988,-0.593,1.477,5.866
424.099,-0.618,1.511,5.813
424.210,-0.641,1.535,5.784
424.322,-0.668,1.542,5.771
424.432,-0.701,1.545,5.774
424.543,-0.744,1.548,5.793
424.655,-0.789,1.556,5.814
424.766,-0.832,1.564,5.832
424.877,-0.877,1.569,5.843
424.988,-0.926,1.569,5.848
425.099,-0.978,1.565,5.845
425.210,-1.032,1.571,5.836
425.322,-1.075,1.581,5.821
425.433,-1.108,1.586,5.809
425.544,-1.132,1.586,5.802
425.655,-1.149,1.587,5.798
425.767,-1.159,1.590,5.798
425.877,-1.164,1.593,5.803
425.989,-1.165,1.594,5.810
426.100,-1.160,1.595,5.815
426.211,-1.149,1.596,5.818
426.322,-1.133,1.596,5.819
426.433,-1.115,1.597,5.821
426.544,-1.098,1.597,5.825
426.655,-1.084,1.598,5.830
426.766,-1.071,1.598,5.836
426.877,-1.061,1.596,5.842
426.989,-1.052,1.595,5.846
427.100,-1.041,1.597,5.850
427.211,-1.033,1.598,5.852
427.322,-1.023,1.602,5.853
427.433,-1.015,1.606,5.854
427.544,-1.009,1.609,5.857
427.656,-1.005,1.611,5.862
427.766,-1.002,1.611,5.866
427.878,-1.002,1.611,5.868
427.989,-1.002,1.611,5.868
428.100,-1.003,1.611,5.870
428.211,-1.014,1.606,5.880
428.322,-1.036,1.592,5.895
428.433,-1.071,1.575,5.899
428.543,-1.104,1.560,5.888
428.655,-1.135,1.548,5.864
428.766,-1.167,1.539,5.840
428.877,-1.205,1.532,5.815
428.987,-1.252,1.528,5.790
429.098,-1.301,1.525,5.764
429.210,-1.350,1.522,5.741
429.321,-1.385,1.524,5.733
429.432,-1.407,1.530,5.738
429.543,-1.426,1.531,5.752
429.655,-1.445,1.536,5.779
429.766,-1.469,1.543,5.816
429.877,-1.501,1.551,5.851
429.988,-1.540,1.555,5.874
430.099,-1.588,1.555,5.892
430.210,-1.643,1.546,5.906
430.321,-1.703,1.521,5.909
430.432,-1.768,1.506,5.909
430.543,-1.822,1.499,5.909
430.654,-1.859,1.489,5.914
430.765,-1.887,1.488,5.928
430.876,-1.908,1.484,5.955
430.987,-1.918,1.475,5.995
431.098,-1.919,1.471,6.044
431.209,-1.922,1.482,6.089
431.321,-1.937,1.499,6.127
431.432,-1.959,1.520,6.157
431.544,-1.988,1.534,6.183
431.654,-2.026,1.540,6.208
431.766,-2.073,1.545,6.230
431.877,-2.122,1.554,6.255
431.988,-2.164,1.564,6.281
432.099,-2.193,1.568,6.305
432.210,-2.215,1.569,6.326
432.321,-2.234,1.563,6.348
432.433,-2.239,1.553,6.372
432.543,-2.231,1.541,6.402
432.654,-2.213,1.533,6.434
432.766,-2.211,1.528,6.465
432.876,-2.243,1.521,6.465
432.988,-2.268,1.518,6.414
433.099,-2.256,1.520,6.337
433.210,-2.224,1.521,6.266
433.321,-2.182,1.521,6.201
433.432,-2.140,1.517,6.136
433.542,-2.107,1.515,6.066
433.654,-2.083,1.510,6.000
433.765,-2.066,1.505,5.947
433.876,-2.060,1.508,5.902
433.987,-2.069,1.504,5.861
434.098,-2.091,1.497,5.824
434.209,-2.124,1.489,5.791
434.321,-2.163,1.488,5.757
434.431,-2.199,1.490,5.715
434.543,-2.216,1.486,5.669
434.653,-2.216,1.483,5.616
434.765,-2.200,1.472,5.557
434.876,-2.170,1.459,5.492
434.987,-2.134,1.449,5.420
435.098,-2.106,1.439,5.346
435.209,-2.094,1.424,5.276
435.320,-2.095,1.400,5.209
435.431,-2.103,1.364,5.145
435.542,-2.120,1.321,5.086
435.653,-2.135,1.261,5.031
435.764,-2.143,1.186,4.980
435.875,-2.147,1.106,4.942
435.987,-2.152,1.034,4.910
436.098,-2.156,0.973,4.885
436.208,-2.160,0.913,4.871
436.320,-2.165,0.858,4.865
436.431,-2.170,0.812,4.865
436.542,-2.169,0.791,4.867
436.653,-2.163,0.795,4.872
436.764,-2.154,0.829,4.877
436.875,-2.141,0.891,4.883
436.987,-2.122,0.977,4.892
437.098,-2.093,1.081,4.903
437.209,-2.056,1.188,4.912
437.320,-2.021,1.278,4.924
437.431,-1.978,1.356,4.939
437.542,-1.932,1.409,4.953
437.654,-1.892,1.447,4.962
437.765,-1.870,1.478,4.962
437.876,-1.864,1.505,4.951
437.987,-1.864,1.515,4.927
438.098,-1.865,1.518,4.888
438.209,-1.874,1.523,4.833
438.320,-1.887,1.535,4.770
438.432,-1.884,1.546,4.716
438.543,-1.873,1.553,4.664
438.654,-1.850,1.549,4.603
438.765,-1.812,1.540,4.538
438.876,-1.764,1.535,4.476
438.987,-1.717,1.545,4.409
439.099,-1.690,1.552,4.344
439.210,-1.674,1.557,4.280
439.322,-1.665,1.553,4.213
439.432,-1.666,1.541,4.141
439.543,-1.676,1.536,4.064
439.654,-1.686,1.545,3.980
439.765,-1.684,1.550,3.902
439.876,-1.670,1.551,3.826
439.987,-1.647,1.542,3.750
440.098,-1.613,1.528,3.676
440.209,-1.569,1.519,3.602
440.321,-1.525,1.527,3.525
440.432,-1.494,1.532,3.454
440.543,-1.475,1.530,3.385
440.654,-1.467,1.522,3.316
440.765,-1.470,1.512,3.246
440.876,-1.480,1.512,3.173
440.987,-1.485,1.520,3.102
441.099,-1.483,1.527,3.041
441.210,-1.472,1.530,2.985
441.321,-1.454,1.526,2.931
441.432,-1.429,1.519,2.880
441.543,-1.394,1.515,2.825
441.655,-1.359,1.518,2.764
441.766,-1.332,1.518,2.712
441.877,-1.317,1.516,2.671
441.988,-1.312,1.514,2.641
442.099,-1.317,1.511,2.620
442.210,-1.332,1.507,2.609
442.321,-1.353,1.506,2.601
442.432,-1.374,1.504,2.590
442.543,-1.389,1.499,2.580
442.655,-1.394,1.499,2.569
442.766,-1.391,1.497,2.558
442.877,-1.387,1.497,2.549
442.988,-1.396,1.495,2.535
443.099,-1.447,1.495,2.524
443.210,-1.485,1.492,2.533
443.321,-1.497,1.491,2.537
443.432,-1.497,1.491,2.539
443.543,-1.496,1.492,2.539
443.654,-1.493,1.492,2.540
443.765,-1.493,1.491,2.537
443.876,-1.493,1.492,2.527
443.988,-1.485,1.488,2.538
444.099,-1.469,1.489,2.550
444.210,-1.446,1.488,2.538
444.321,-1.429,1.471,2.547
444.432,-1.420,1.509,2.564
444.543,-1.415,1.536,2.573
444.655,-1.423,1.518,2.570
444.766,-1.435,1.521,2.581
444.877,-1.441,1.545,2.581
444.987,-1.450,1.535,2.574
445.099,-1.461,1.543,2.582
445.210,-1.474,1.568,2.593
445.321,-1.491,1.581,2.598
445.432,-1.512,1.592,2.603
445.556,-1.523,1.596,2.607
445.657,-1.551,1.605,2.615
445.768,-1.573,1.607,2.629
445.879,-1.587,1.608,2.652
445.990,-1.589,1.610,2.680
446.097,-1.580,1.609,2.702
446.209,-1.560,1.606,2.726
446.320,-1.531,1.600,2.753
446.431,-1.505,1.588,2.768
446.541,-1.482,1.580,2.780
446.652,-1.453,1.581,2.806
446.763,-1.417,1.582,2.843
446.873,-1.379,1.580,2.881
446.985,-1.351,1.586,2.921
447.096,-1.328,1.588,2.956
447.207,-1.311,1.591,2.979
447.319,-1.306,1.600,2.994
447.429,-1.317,1.605,3.007
447.541,-1.338,1.610,3.010
447.653,-1.367,1.611,3.011
447.764,-1.387,1.618,3.008
447.875,-1.413,1.624,3.007
447.987,-1.439,1.629,3.009
448.098,-1.466,1.633,3.022
448.209,-1.495,1.638,3.045
448.319,-1.523,1.640,3.057
448.430,-1.548,1.641,3.051
448.542,-1.562,1.641,3.042
448.653,-1.572,1.639,3.034
448.763,-1.577,1.638,3.029
448.875,-1.577,1.637,3.029
448.986,-1.574,1.635,3.036
449.096,-1.569,1.629,3.047
449.208,-1.550,1.625,3.052
449.319,-1.511,1.614,3.054
449.430,-1.453,1.593,3.047
449.541,-1.394,1.582,3.040
449.654,-1.326,1.569,3.033
449.764,-1.258,1.564,3.024
449.875,-1.198,1.562,3.011
449.987,-1.148,1.551,3.006
450.097,-1.108,1.527,3.017
450.209,-1.072,1.519,3.040
450.320,-1.042,1.510,3.077
450.430,-1.021,1.502,3.130
450.542,-1.001,1.505,3.192
450.653,-0.971,1.509,3.248
450.764,-0.939,1.507,3.289
450.875,-0.906,1.508,3.319
450.986,-0.867,1.507,3.341
451.097,-0.825,1.503,3.350
451.208,-0.781,1.502,3.345
451.319,-0.737,1.513,3.338
451.430,-0.696,1.521,3.335
451.541,-0.662,1.522,3.338
451.652,-0.637,1.526,3.349
451.763,-0.613,1.523,3.368
451.874,-0.593,1.516,3.397
451.985,-0.584,1.511,3.433
452.096,-0.578,1.508,3.473
452.207,-0.569,1.512,3.515
452.319,-0.558,1.513,3.551
452.430,-0.547,1.514,3.582
452.541,-0.537,1.516,3.611
452.652,-0.526,1.517,3.638
452.763,-0.507,1.521,3.659
452.874,-0.481,1.524,3.672
452.985,-0.442,1.523,3.680
453.096,-0.394,1.531,3.688
453.207,-0.347,1.535,3.693
453.318,-0.306,1.534,3.697
453.429,-0.272,1.534,3.702
453.541,-0.247,1.533,3.709
453.652,-0.238,1.535,3.725
453.763,-0.254,1.539,3.747
453.874,-0.274,1.539,3.766
453.985,-0.295,1.542,3.784
454.096,-0.317,1.549,3.801
454.207,-0.343,1.553,3.822
454.318,-0.375,1.553,3.847
454.429,-0.409,1.543,3.862
454.540,-0.430,1.542,3.866
454.652,-0.435,1.540,3.865
454.763,-0.426,1.537,3.865
454.873,-0.414,1.536,3.866
454.985,-0.401,1.534,3.874
455.096,-0.393,1.532,3.884
455.207,-0.384,1.529,3.903
455.318,-0.346,1.522,3.941
455.429,-0.267,1.512,3.968
455.541,-0.181,1.501,3.968
455.652,-0.100,1.485,3.966
455.763,-0.015,1.471,3.965
455.875,0.069,1.458,3.964
455.986,0.144,1.445,3.963
456.097,0.208,1.429,3.967
456.208,0.265,1.404,3.973
456.320,0.320,1.370,3.985
456.430,0.362,1.330,3.997
456.542,0.391,1.297,4.007
456.653,0.406,1.284,4.015
456.764,0.410,1.284,4.024
456.875,0.405,1.293,4.037
456.986,0.391,1.313,4.056
457.097,0.366,1.346,4.086
457.208,0.328,1.388,4.124
457.320,0.274,1.425,4.157
457.431,0.214,1.458,4.191
457.542,0.156,1.482,4.225
457.653,0.111,1.496,4.255
457.764,0.082,1.502,4.278
457.875,0.066,1.507,4.295
457.986,0.067,1.507,4.313
458.097,0.085,1.503,4.329
458.208,0.116,1.500,4.338
458.320,0.154,1.507,4.344
458.431,0.191,1.518,4.353
458.542,0.223,1.522,4.362
458.654,0.248,1.526,4.370
458.765,0.267,1.530,4.378
458.875,0.283,1.531,4.386
458.987,0.295,1.532,4.394
459.098,0.301,1.531,4.403
459.209,0.300,1.530,4.418
459.320,0.290,1.528,4.441
459.431,0.273,1.528,4.468
459.542,0.249,1.527,4.495
459.653,0.216,1.527,4.529
459.765,0.169,1.528,4.576
459.876,0.112,1.529,4.624
459.987,0.063,1.530,4.663
460.097,0.025,1.532,4.699
460.208,0.003,1.530,4.738
460.319,-0.002,1.518,4.781
460.429,0.010,1.501,4.829
460.541,0.036,1.485,4.881
460.652,0.070,1.474,4.936
460.763,0.101,1.469,4.991
460.874,0.123,1.460,5.040
460.985,0.136,1.453,5.088
461.096,0.145,1.443,5.141
461.207,0.148,1.428,5.193
461.319,0.147,1.414,5.245
461.429,0.158,1.408,5.291
461.541,0.182,1.398,5.323
461.652,0.215,1.384,5.346
461.763,0.258,1.369,5.357
461.874,0.301,1.357,5.361
461.986,0.343,1.342,5.369
462.096,0.389,1.316,5.382
462.208,0.437,1.280,5.396
462.319,0.478,1.235,5.411
462.430,0.513,1.182,5.427
462.541,0.539,1.128,5.438
462.652,0.559,1.072,5.441
462.763,0.571,1.013,5.438
462.874,0.583,0.961,5.433
462.986,0.595,0.914,5.430
463.096,0.605,0.871,5.427
463.208,0.616,0.835,5.426
463.319,0.625,0.802,5.427
463.430,0.633,0.772,5.429
463.541,0.640,0.748,5.430
463.652,0.645,0.727,5.431
463.763,0.649,0.707,5.431
463.874,0.652,0.690,5.431
463.985,0.654,0.677,5.430
464.096,0.656,0.668,5.430
464.208,0.657,0.660,5.430
464.319,0.658,0.654,5.430
464.430,0.659,0.651,5.428
464.540,0.662,0.650,5.426
464.651,0.663,0.650,5.425
464.762,0.663,0.650,5.424
464.873,0.664,0.651,5.424
464.984,0.664,0.652,5.425
465.095,0.664,0.655,5.425
465.206,0.665,0.658,5.425
465.318,0.665,0.659,5.424
465.429,0.664,0.660,5.424
465.540,0.663,0.660,5.422
465.651,0.663,0.659,5.421
465.763,0.662,0.658,5.420
465.873,0.662,0.657,5.420
465.985,0.662,0.658,5.421
466.096,0.661,0.659,5.422
466.207,0.661,0.660,5.422
466.318,0.660,0.662,5.421
466.429,0.659,0.661,5.420
466.540,0.659,0.659,5.420
466.652,0.659,0.659,5.420
466.762,0.660,0.659,5.420
466.874,0.660,0.658,5.421
466.985,0.662,0.657,5.418
467.096,0.662,0.657,5.419
467.207,0.663,0.660,5.419
467.319,0.664,0.664,5.421
467.429,0.664,0.665,5.421
467.540,0.663,0.662,5.422
467.651,0.660,0.663,5.425
467.762,0.656,0.669,5.428
467.874,0.655,0.692,5.433
467.985,0.653,0.740,5.447
468.096,0.650,0.812,5.477
468.207,0.636,0.909,5.524
468.319,0.593,0.995,5.560
468.429,0.535,1.062,5.567
468.540,0.471,1.139,5.552
468.651,0.402,1.214,5.536
468.762,0.328,1.276,5.523
468.873,0.256,1.324,5.516
468.984,0.189,1.356,5.512
469.095,0.121,1.373,5.516
469.206,0.052,1.382,5.523
469.318,0.000,1.396,5.528
469.428,-0.027,1.409,5.536
469.540,-0.035,1.414,5.555
469.651,-0.031,1.423,5.581
469.762,-0.024,1.439,5.613
469.873,-0.014,1.449,5.640
469.985,-0.011,1.455,5.661
470.095,-0.029,1.455,5.673
470.206,-0.056,1.456,5.679
470.317,-0.094,1.455,5.682
470.428,-0.146,1.449,5.681
470.540,-0.209,1.440,5.679
470.651,-0.268,1.431,5.680
470.761,-0.314,1.423,5.676
470.872,-0.343,1.420,5.670
470.984,-0.358,1.418,5.662
471.094,-0.358,1.415,5.654
471.206,-0.349,1.404,5.651
471.317,-0.343,1.376,5.654
471.428,-0.354,1.330,5.656
471.539,-0.379,1.275,5.646
471.650,-0.416,1.225,5.628
471.761,-0.462,1.170,5.601
471.872,-0.514,1.102,5.557
471.982,-0.553,1.038,5.504
472.094,-0.575,0.972,5.468
472.205,-0.598,0.902,5.448
472.316,-0.609,0.829,5.441
472.427,-0.610,0.769,5.446
472.539,-0.610,0.728,5.461
472.650,-0.606,0.705,5.489
472.760,-0.601,0.700,5.526
472.871,-0.590,0.692,5.561
472.983,-0.560,0.681,5.578
473.094,-0.526,0.656,5.587
473.206,-0.498,0.619,5.579
473.317,-0.493,0.586,5.553
473.427,-0.499,0.567,5.520
473.538,-0.511,0.560,5.490
473.650,-0.521,0.565,5.466
473.761,-0.526,0.575,5.452
473.872,-0.526,0.573,5.445
473.983,-0.528,0.566,5.442
474.094,-0.532,0.558,5.447
474.205,-0.535,0.550,5.463
474.316,-0.539,0.546,5.480
474.427,-0.540,0.544,5.502
474.539,-0.543,0.540,5.528
474.650,-0.553,0.539,5.559
474.761,-0.560,0.532,5.598
474.872,-0.564,0.506,5.631
474.983,-0.575,0.478,5.651
475.094,-0.586,0.459,5.662
475.205,-0.594,0.443,5.665
475.316,-0.600,0.435,5.663
475.427,-0.609,0.440,5.655
475.539,-0.627,0.458,5.639
475.649,-0.643,0.510,5.629
475.760,-0.647,0.554,5.624
475.871,-0.646,0.609,5.617
475.983,-0.643,0.696,5.620
476.094,-0.611,0.802,5.666
476.205,-0.557,0.904,5.722
476.317,-0.487,0.985,5.754
476.428,-0.435,1.056,5.750
476.539,-0.415,1.132,5.722
476.650,-0.401,1.205,5.668
476.762,-0.381,1.271,5.585
476.872,-0.377,1.322,5.493
476.984,-0.383,1.350,5.413
477.095,-0.384,1.364,5.358
477.206,-0.381,1.375,5.316
477.317,-0.369,1.395,5.279
477.428,-0.351,1.411,5.237
477.539,-0.321,1.420,5.188
477.650,-0.278,1.421,5.132
477.761,-0.233,1.425,5.073
477.872,-0.199,1.433,5.022
477.984,-0.184,1.437,4.976
478.095,-0.186,1.445,4.940
478.206,-0.203,1.450,4.921
478.317,-0.235,1.451,4.913
478.428,-0.268,1.449,4.917
478.538,-0.282,1.447,4.937
478.650,-0.279,1.436,4.975
478.761,-0.258,1.414,5.031
478.872,-0.219,1.383,5.106
478.983,-0.181,1.333,5.192
479.094,-0.157,1.281,5.272
479.206,-0.140,1.231,5.345
479.317,-0.126,1.182,5.420
479.427,-0.117,1.134,5.503
479.538,-0.108,1.076,5.585
479.650,-0.089,1.006,5.646
479.761,-0.060,0.936,5.686
479.872,-0.027,0.868,5.711
479.984,0.002,0.794,5.734
480.095,0.027,0.720,5.754
480.206,0.048,0.658,5.771
480.317,0.063,0.608,5.781
480.428,0.074,0.573,5.786
480.539,0.078,0.548,5.786
480.651,0.076,0.534,5.787
480.761,0.074,0.532,5.788
480.873,0.074,0.531,5.788
480.984,0.072,0.531,5.787
481.095,0.068,0.535,5.789
481.206,0.065,0.537,5.791
481.317,0.067,0.533,5.790
481.428,0.070,0.530,5.790
481.540,0.069,0.530,5.791
481.651,0.070,0.531,5.792
481.762,0.072,0.530,5.792
481.873,0.076,0.528,5.791
481.984,0.079,0.528,5.791
482.095,0.081,0.529,5.792
482.206,0.082,0.531,5.795
482.318,0.083,0.530,5.801
482.428,0.078,0.544,5.807
482.540,0.072,0.576,5.823
482.651,0.060,0.611,5.834
482.761,0.049,0.667,5.844
482.873,0.034,0.733,5.855
482.984,0.020,0.810,5.863
483.095,-0.003,0.912,5.873
483.206,-0.045,1.034,5.884
483.317,-0.107,1.167,5.875
483.428,-0.163,1.286,5.841
483.539,-0.204,1.375,5.795
483.650,-0.213,1.421,5.750
483.761,-0.164,1.406,5.731
483.872,-0.082,1.375,5.748
483.983,0.002,1.341,5.772
484.094,0.076,1.296,5.781
484.206,0.125,1.243,5.794
484.317,0.144,1.190,5.806
484.428,0.144,1.140,5.822
484.538,0.133,1.100,5.844
484.650,0.123,1.067,5.862
484.760,0.120,1.038,5.869
484.872,0.121,1.017,5.867
484.984,0.128,1.006,5.858
485.094,0.131,0.996,5.849
485.205,0.132,0.992,5.843
485.317,0.129,0.990,5.843
485.427,0.120,0.990,5.846
485.539,0.107,0.990,5.852
485.650,0.093,0.993,5.858
485.760,0.080,0.999,5.861
485.872,0.073,1.006,5.863
485.983,0.071,1.007,5.860
486.094,0.078,1.001,5.854
486.205,0.090,0.994,5.846
486.316,0.103,0.986,5.837
486.427,0.113,0.982,5.832
486.538,0.117,0.980,5.832
486.650,0.120,0.980,5.834
486.760,0.120,0.979,5.837
486.872,0.119,0.979,5.841
486.983,0.117,0.980,5.845
487.093,0.114,0.981,5.849
487.205,0.111,0.985,5.852
487.316,0.112,0.996,5.853
487.427,0.113,1.015,5.854
487.538,0.111,1.051,5.858
487.650,0.097,1.117,5.873
487.761,0.071,1.202,5.886
487.873,0.037,1.285,5.887
487.984,-0.005,1.358,5.878
488.095,-0.044,1.417,5.855
488.206,-0.058,1.456,5.816
488.318,-0.051,1.478,5.768
488.428,-0.030,1.489,5.725
488.539,-0.006,1.494,5.688
488.650,0.013,1.498,5.663
488.761,0.023,1.501,5.654
488.872,0.028,1.498,5.662
488.984,0.029,1.491,5.686
489.094,0.027,1.481,5.722
489.206,0.028,1.467,5.764
489.317,0.040,1.448,5.798
489.427,0.068,1.427,5.819
489.539,0.106,1.401,5.834
489.650,0.148,1.369,5.852
489.761,0.195,1.337,5.880
489.872,0.245,1.303,5.916
489.984,0.286,1.261,5.958
490.094,0.318,1.212,5.999
490.206,0.338,1.159,6.043
490.317,0.352,1.108,6.087
490.428,0.364,1.066,6.121
490.539,0.373,1.036,6.147
490.650,0.378,1.020,6.164
490.761,0.381,1.021,6.173
490.872,0.382,1.027,6.177
490.984,0.382,1.036,6.179
491.094,0.382,1.046,6.180
491.206,0.382,1.058,6.179
491.317,0.385,1.069,6.174
491.428,0.388,1.077,6.169
491.539,0.394,1.082,6.165
491.650,0.399,1.084,6.164
491.761,0.405,1.082,6.165
491.872,0.416,1.077,6.165
491.984,0.429,1.070,6.161
492.094,0.445,1.060,6.155
492.206,0.458,1.049,6.151
492.317,0.470,1.035,6.154
492.428,0.478,1.019,6.162
492.539,0.485,1.005,6.170
492.650,0.487,0.999,6.175
492.761,0.486,0.999,6.178
492.872,0.483,1.004,6.179
492.983,0.478,1.012,6.179
493.094,0.471,1.023,6.176
493.206,0.463,1.036,6.171
493.317,0.455,1.054,6.159
493.428,0.445,1.079,6.130
493.539,0.436,1.109,6.077
493.651,0.418,1.150,5.971
493.761,0.363,1.217,5.845
493.872,0.287,1.294,5.753
493.983,0.210,1.360,5.702
494.093,0.134,1.413,5.690
494.204,0.067,1.457,5.711
494.315,0.016,1.491,5.759
494.426,-0.017,1.515,5.804
494.538,-0.049,1.529,5.835
494.649,-0.080,1.542,5.852
494.760,-0.113,1.551,5.859
494.871,-0.149,1.555,5.851
494.982,-0.194,1.555,5.833
495.093,-0.251,1.554,5.807
495.205,-0.311,1.551,5.786
495.315,-0.361,1.548,5.771
495.426,-0.392,1.546,5.754
495.537,-0.404,1.545,5.726
495.649,-0.402,1.544,5.690
495.759,-0.385,1.543,5.649
495.869,-0.359,1.549,5.602
495.980,-0.336,1.558,5.555
496.091,-0.319,1.561,5.517
496.202,-0.312,1.565,5.482
496.314,-0.315,1.566,5.452
496.425,-0.331,1.566,5.428
496.536,-0.361,1.566,5.410
496.647,-0.400,1.565,5.396
496.759,-0.449,1.570,5.381
496.870,-0.488,1.574,5.362
496.981,-0.518,1.578,5.340
497.092,-0.541,1.578,5.312
497.203,-0.555,1.581,5.281
497.315,-0.557,1.579,5.247
497.426,-0.544,1.574,5.211
497.537,-0.526,1.575,5.169
497.648,-0.511,1.575,5.117
497.759,-0.503,1.574,5.060
497.870,-0.506,1.562,5.005
497.982,-0.524,1.553,4.950
498.092,-0.558,1.541,4.901
498.203,-0.609,1.529,4.859
498.315,-0.674,1.520,4.823
498.426,-0.742,1.519,4.787
498.537,-0.796,1.518,4.756
498.648,-0.838,1.516,4.724
498.759,-0.871,1.512,4.685
498.870,-0.893,1.502,4.635
498.981,-0.901,1.492,4.577
499.092,-0.903,1.492,4.516
499.203,-0.918,1.497,4.465
499.315,-0.952,1.497,4.446
499.425,-0.987,1.495,4.447
499.536,-1.023,1.491,4.461
499.647,-1.055,1.489,4.490
499.758,-1.082,1.485,4.524
499.869,-1.108,1.486,4.564
499.981,-1.123,1.488,4.595
500.091,-1.129,1.490,4.613
500.203,-1.130,1.494,4.622
500.314,-1.133,1.496,4.619
500.425,-1.144,1.499,4.601
500.536,-1.165,1.502,4.570
500.647,-1.196,1.506,4.533
500.758,-1.230,1.506,4.498
500.870,-1.264,1.503,4.468
500.981,-1.295,1.505,4.443
501.092,-1.316,1.510,4.420
501.203,-1.324,1.515,4.396
501.315,-1.316,1.516,4.368
501.425,-1.291,1.516,4.337
501.537,-1.262,1.518,4.301
501.648,-1.230,1.520,4.262
501.759,-1.197,1.523,4.218
501.870,-1.165,1.526,4.172
501.981,-1.133,1.522,4.123
502.093,-1.089,1.520,4.060
502.204,-1.059,1.526,3.999
502.316,-1.053,1.536,3.951
502.427,-1.064,1.541,3.915
502.538,-1.090,1.546,3.893
502.649,-1.120,1.549,3.885
502.760,-1.153,1.545,3.875
502.871,-1.183,1.543,3.866
502.983,-1.208,1.545,3.856
503.094,-1.231,1.546,3.841
503.205,-1.252,1.547,3.819
503.316,-1.268,1.548,3.789
503.427,-1.278,1.551,3.752
503.539,-1.289,1.553,3.714
503.650,-1.304,1.554,3.679
503.760,-1.320,1.554,3.652
503.872,-1.328,1.555,3.632
503.983,-1.323,1.558,3.614
504.094,-1.308,1.559,3.600
504.205,-1.289,1.561,3.597
504.317,-1.267,1.564,3.601
504.427,-1.246,1.564,3.608
504.539,-1.228,1.563,3.617
504.649,-1.212,1.563,3.623
504.761,-1.197,1.564,3.626
504.872,-1.186,1.565,3.628
504.983,-1.174,1.565,3.626
505.094,-1.149,1.563,3.622
505.205,-1.108,1.558,3.623
505.316,-1.076,1.558,3.639
505.427,-1.069,1.560,3.653
505.546,-1.080,1.557,3.656
505.652,-1.117,1.561,3.645
505.763,-1.142,1.559,3.629
505.874,-1.165,1.556,3.617
505.985,-1.186,1.559,3.611
506.092,-1.200,1.560,3.612
506.203,-1.214,1.560,3.629
506.314,-1.226,1.560,3.657
506.425,-1.238,1.564,3.695
506.536,-1.255,1.569,3.734
506.648,-1.271,1.571,3.764
506.758,-1.286,1.571,3.785
506.869,-1.300,1.573,3.804
506.980,-1.317,1.573,3.817
507.092,-1.338,1.573,3.820
507.203,-1.346,1.577,3.812
507.314,-1.330,1.574,3.794
507.425,-1.298,1.576,3.774
507.536,-1.266,1.581,3.756
507.647,-1.240,1.578,3.740
507.759,-1.224,1.575,3.724
507.870,-1.224,1.571,3.707
507.981,-1.244,1.569,3.678
508.092,-1.268,1.567,3.635
508.204,-1.295,1.565,3.567
508.316,-1.314,1.559,3.490
508.427,-1.331,1.554,3.422
508.538,-1.353,1.551,3.361
508.649,-1.380,1.548,3.304
508.760,-1.408,1.543,3.254
508.871,-1.427,1.543,3.211
508.983,-1.441,1.549,3.176
509.094,-1.456,1.552,3.150
509.205,-1.479,1.554,3.130
509.316,-1.508,1.555,3.117
509.427,-1.546,1.556,3.104
509.538,-1.588,1.563,3.084
509.650,-1.621,1.563,3.059
509.761,-1.641,1.561,3.035
509.871,-1.651,1.562,3.011
509.983,-1.649,1.559,2.985
510.093,-1.632,1.552,2.960
510.205,-1.606,1.549,2.937
510.316,-1.581,1.553,2.910
510.427,-1.561,1.553,2.881
510.538,-1.549,1.551,2.853
510.649,-1.548,1.552,2.828
510.760,-1.557,1.550,2.802
510.872,-1.577,1.547,2.777
510.983,-1.602,1.545,2.750
511.094,-1.627,1.540,2.725
511.205,-1.650,1.534,2.703
511.316,-1.667,1.532,2.687
511.427,-1.676,1.531,2.676
511.538,-1.676,1.529,2.670
511.649,-1.675,1.530,2.667
511.760,-1.672,1.529,2.666
511.871,-1.668,1.530,2.667
511.982,-1.662,1.531,2.668
512.094,-1.653,1.531,2.668
512.205,-1.638,1.531,2.667
512.316,-1.615,1.529,2.667
512.427,-1.593,1.526,2.672
512.538,-1.580,1.524,2.678
512.649,-1.571,1.524,2.679
512.760,-1.562,1.523,2.679
512.871,-1.552,1.522,2.678
512.983,-1.543,1.522,2.678
513.093,-1.534,1.523,2.677
513.205,-1.525,1.524,2.674
513.316,-1.518,1.524,2.670
513.426,-1.516,1.524,2.664
513.538,-1.524,1.525,2.658
513.649,-1.544,1.526,2.653
513.760,-1.565,1.526,2.651
513.871,-1.581,1.526,2.649
513.982,-1.596,1.526,2.647
514.093,-1.610,1.525,2.644
514.205,-1.623,1.525,2.640
514.315,-1.634,1.524,2.636
514.427,-1.641,1.523,2.634
514.538,-1.645,1.523,2.633
514.649,-1.646,1.523,2.633
514.760,-1.645,1.523,2.633
514.871,-1.644,1.523,2.632
514.982,-1.642,1.523,2.632
515.093,-1.640,1.523,2.632
515.204,-1.638,1.523,2.632
515.315,-1.634,1.523,2.633
515.426,-1.629,1.523,2.633
515.537,-1.623,1.523,2.635
515.649,-1.615,1.522,2.638
515.760,-1.605,1.523,2.643
515.872,-1.590,1.524,2.647
515.982,-1.563,1.526,2.650
516.093,-1.526,1.526,2.655
516.204,-1.486,1.524,2.665
516.316,-1.452,1.522,2.679
516.427,-1.428,1.520,2.692
516.538,-1.412,1.519,2.702
516.649,-1.400,1.518,2.710
516.760,-1.392,1.517,2.717
516.871,-1.387,1.517,2.722
516.982,-1.384,1.518,2.724
517.093,-1.382,1.518,2.724
517.205,-1.382,1.517,2.721
517.315,-1.383,1.517,2.717
517.426,-1.390,1.517,2.713
517.537,-1.407,1.516,2.712
517.649,-1.431,1.518,2.719
517.760,-1.459,1.521,2.728
517.871,-1.491,1.522,2.739
517.982,-1.528,1.522,2.750
518.093,-1.569,1.518,2.759
518.204,-1.610,1.509,2.765
518.315,-1.646,1.500,2.768
518.426,-1.677,1.494,2.774
518.537,-1.702,1.491,2.781
518.648,-1.719,1.492,2.789
518.760,-1.729,1.494,2.801
518.871,-1.733,1.494,2.814
518.982,-1.727,1.496,2.827
519.093,-1.712,1.497,2.841
519.204,-1.690,1.497,2.858
519.315,-1.661,1.499,2.877
519.426,-1.629,1.500,2.894
519.537,-1.595,1.498,2.911
519.649,-1.563,1.495,2.925
519.760,-1.536,1.495,2.940
519.871,-1.517,1.502,2.952
519.982,-1.508,1.509,2.961
520.093,-1.511,1.511,2.969
520.204,-1.518,1.510,2.967
520.315,-1.534,1.511,2.953
520.426,-1.556,1.513,2.934
520.537,-1.579,1.512,2.912
520.648,-1.607,1.514,2.885
520.759,-1.638,1.518,2.854
520.870,-1.664,1.520,2.823
520.982,-1.684,1.520,2.795
521.093,-1.697,1.520,2.771
521.204,-1.703,1.522,2.751
521.315,-1.701,1.521,2.732
521.426,-1.689,1.521,2.717
521.537,-1.669,1.523,2.705
521.649,-1.647,1.524,2.697
521.760,-1.621,1.525,2.693
521.871,-1.589,1.524,2.693
521.982,-1.551,1.525,2.698
522.093,-1.518,1.525,2.710
522.204,-1.494,1.524,2.720
522.315,-1.474,1.525,2.729
522.426,-1.458,1.526,2.735
522.538,-1.444,1.526,2.737
522.648,-1.432,1.525,2.739
522.760,-1.425,1.524,2.747
522.870,-1.426,1.525,2.762
522.982,-1.432,1.526,2.781
523.093,-1.446,1.527,2.802
523.204,-1.463,1.530,2.821
523.315,-1.481,1.530,2.838
523.426,-1.496,1.530,2.855
523.537,-1.508,1.532,2.871
523.648,-1.516,1.534,2.886
523.760,-1.513,1.538,2.901
523.870,-1.503,1.538,2.914
523.982,-1.489,1.539,2.924
524.092,-1.469,1.542,2.930
524.204,-1.447,1.543,2.932
524.315,-1.427,1.544,2.932
524.426,-1.408,1.543,2.930
524.537,-1.392,1.543,2.925
524.648,-1.384,1.543,2.919
524.759,-1.387,1.543,2.915
524.870,-1.400,1.541,2.916
524.981,-1.413,1.542,2.916
525.093,-1.425,1.543,2.913
525.204,-1.437,1.544,2.907
525.315,-1.448,1.544,2.900
525.426,-1.457,1.543,2.895
525.537,-1.462,1.541,2.894
525.648,-1.464,1.538,2.895
525.759,-1.458,1.535,2.893
525.870,-1.452,1.536,2.892
525.981,-1.448,1.532,2.889
526.092,-1.448,1.526,2.886
526.203,-1.449,1.527,2.884
526.315,-1.451,1.527,2.882
526.426,-1.454,1.528,2.881
526.537,-1.456,1.529,2.881
526.648,-1.458,1.530,2.882
526.759,-1.457,1.531,2.882
526.870,-1.456,1.532,2.882
526.981,-1.455,1.532,2.885
527.092,-1.456,1.533,2.888
527.203,-1.456,1.534,2.888
527.315,-1.456,1.535,2.888
527.426,-1.457,1.536,2.891
527.537,-1.459,1.537,2.893
527.648,-1.461,1.536,2.893
527.759,-1.463,1.537,2.895
527.870,-1.464,1.538,2.899
527.981,-1.465,1.540,2.899
528.092,-1.466,1.539,2.898
528.203,-1.465,1.538,2.898
528.315,-1.464,1.539,2.898
528.426,-1.463,1.539,2.897
528.537,-1.456,1.538,2.897
528.648,-1.449,1.537,2.898
528.759,-1.443,1.538,2.899
528.870,-1.437,1.538,2.899
528.982,-1.433,1.538,2.898
529.092,-1.429,1.538,2.898
529.203,-1.425,1.538,2.898
529.315,-1.419,1.539,2.898
529.425,-1.412,1.539,2.897
529.537,-1.405,1.539,2.896
529.648,-1.396,1.538,2.896
529.759,-1.387,1.537,2.895
529.870,-1.378,1.536,2.893
529.981,-1.368,1.535,2.894
530.092,-1.356,1.534,2.896
530.203,-1.344,1.533,2.901
530.314,-1.332,1.537,2.908
530.426,-1.320,1.540,2.915
530.537,-1.311,1.542,2.922
530.648,-1.305,1.544,2.926
530.759,-1.303,1.543,2.927
530.870,-1.307,1.543,2.926
530.981,-1.318,1.542,2.925
531.092,-1.337,1.542,2.923
531.203,-1.365,1.543,2.922
531.314,-1.399,1.546,2.917
531.425,-1.435,1.545,2.907
531.536,-1.472,1.549,2.895
531.648,-1.504,1.554,2.885
531.759,-1.530,1.552,2.873
531.870,-1.549,1.545,2.861
531.981,-1.564,1.546,2.853
532.092,-1.570,1.548,2.850
532.203,-1.564,1.549,2.849
532.314,-1.548,1.546,2.849
532.425,-1.524,1.547,2.851
532.536,-1.494,1.550,2.853
532.647,-1.460,1.550,2.854
532.759,-1.421,1.546,2.854
532.870,-1.386,1.544,2.852
532.981,-1.357,1.549,2.853
533.092,-1.333,1.554,2.856
533.203,-1.315,1.553,2.856
533.314,-1.303,1.548,2.854
533.425,-1.296,1.547,2.851
533.536,-1.297,1.549,2.850
533.647,-1.307,1.550,2.853
533.759,-1.327,1.553,2.855
533.869,-1.351,1.551,2.850
533.981,-1.374,1.547,2.842
534.092,-1.395,1.548,2.835
534.203,-1.415,1.548,2.829
534.314,-1.433,1.546,2.824
534.425,-1.450,1.546,2.820
534.536,-1.464,1.543,2.818
534.647,-1.476,1.540,2.820
534.759,-1.488,1.540,2.825
534.870,-1.499,1.544,2.829
534.981,-1.509,1.548,2.830
535.092,-1.517,1.548,2.825
535.203,-1.520,1.544,2.819
535.314,-1.522,1.541,2.817
535.425,-1.522,1.543,2.821
535.536,-1.521,1.546,2.824
535.647,-1.519,1.549,2.826
535.758,-1.515,1.548,2.825
535.869,-1.511,1.546,2.827
535.980,-1.506,1.544,2.829
536.092,-1.500,1.542,2.828
536.203,-1.491,1.541,2.826
536.314,-1.485,1.540,2.825
536.425,-1.481,1.537,2.824
536.536,-1.478,1.540,2.823
536.647,-1.476,1.542,2.823
536.758,-1.475,1.542,2.823
536.869,-1.474,1.542,2.824
536.980,-1.471,1.543,2.822
537.091,-1.468,1.543,2.822
537.202,-1.467,1.544,2.823
537.314,-1.465,1.545,2.825
537.424,-1.463,1.547,2.825
537.536,-1.459,1.546,2.823
537.647,-1.453,1.543,2.823
537.758,-1.447,1.544,2.827
537.869,-1.441,1.549,2.833
537.980,-1.436,1.551,2.837
538.091,-1.432,1.549,2.839
538.202,-1.429,1.546,2.842
538.314,-1.425,1.550,2.846
538.425,-1.420,1.552,2.849
538.536,-1.414,1.553,2.849
538.647,-1.405,1.550,2.846
538.758,-1.396,1.547,2.842
538.869,-1.386,1.545,2.840
538.980,-1.375,1.546,2.840
539.091,-1.363,1.548,2.843
539.203,-1.352,1.550,2.846
539.314,-1.342,1.548,2.848
539.425,-1.336,1.546,2.849
539.536,-1.332,1.547,2.852
539.647,-1.327,1.550,2.855
539.758,-1.318,1.551,2.856
539.869,-1.310,1.550,2.855
539.980,-1.305,1.545,2.850
540.091,-1.302,1.543,2.846
540.202,-1.305,1.546,2.844
540.314,-1.314,1.548,2.840
540.425,-1.333,1.544,2.833
540.535,-1.363,1.543,2.823
540.647,-1.398,1.543,2.812
540.758,-1.431,1.540,2.804
540.869,-1.464,1.537,2.799
540.980,-1.494,1.537,2.797
541.091,-1.521,1.535,2.797
541.202,-1.544,1.532,2.798
541.313,-1.562,1.529,2.800
541.425,-1.576,1.529,2.802
541.536,-1.588,1.528,2.802
541.647,-1.598,1.529,2.804
541.758,-1.603,1.529,2.810
541.869,-1.597,1.531,2.822
541.980,-1.579,1.534,2.841
542.091,-1.554,1.537,2.865
542.202,-1.527,1.539,2.889
542.313,-1.501,1.542,2.913
542.424,-1.480,1.544,2.936
542.535,-1.459,1.547,2.958
542.646,-1.436,1.550,2.980
542.757,-1.414,1.554,3.005
542.868,-1.398,1.560,3.030
542.979,-1.396,1.569,3.059
543.090,-1.408,1.575,3.089
543.201,-1.425,1.577,3.116
543.313,-1.450,1.576,3.134
543.424,-1.482,1.576,3.144
543.535,-1.517,1.575,3.153
543.646,-1.549,1.574,3.162
543.757,-1.576,1.572,3.169
543.868,-1.599,1.570,3.173
543.979,-1.619,1.567,3.173
544.090,-1.636,1.563,3.171
544.202,-1.647,1.562,3.167
544.312,-1.651,1.560,3.160
544.424,-1.648,1.558,3.151
544.535,-1.639,1.555,3.142
544.646,-1.618,1.550,3.134
544.757,-1.571,1.549,3.128
544.868,-1.530,1.549,3.124
544.979,-1.497,1.551,3.115
545.091,-1.465,1.555,3.104
545.201,-1.436,1.558,3.091
545.313,-1.411,1.559,3.077
545.424,-1.392,1.558,3.064
545.535,-1.381,1.561,3.048
545.646,-1.378,1.560,3.029
545.757,-1.385,1.556,3.011
545.868,-1.401,1.558,2.992
545.979,-1.423,1.567,2.971
546.090,-1.443,1.571,2.952
546.202,-1.456,1.575,2.939
546.312,-1.462,1.575,2.930
546.424,-1.463,1.575,2.925
546.535,-1.459,1.575,2.924
546.646,-1.448,1.574,2.926
546.757,-1.431,1.575,2.930
546.868,-1.412,1.574,2.936
546.979,-1.392,1.574,2.941
547.090,-1.378,1.570,2.945
547.201,-1.365,1.561,2.949
547.312,-1.351,1.558,2.951
547.423,-1.340,1.555,2.955
547.534,-1.332,1.554,2.957
547.645,-1.327,1.555,2.957
547.756,-1.324,1.555,2.954
547.868,-1.319,1.557,2.950
547.979,-1.315,1.560,2.949
548.090,-1.311,1.564,2.948
548.201,-1.308,1.566,2.948
548.312,-1.307,1.567,2.946
548.423,-1.315,1.567,2.943
548.534,-1.336,1.567,2.939
548.645,-1.366,1.566,2.933
548.757,-1.403,1.563,2.924
548.868,-1.445,1.563,2.913
548.979,-1.486,1.567,2.896
549.090,-1.525,1.571,2.878
549.201,-1.560,1.576,2.859
549.312,-1.592,1.579,2.842
549.423,-1.618,1.582,2.828
549.535,-1.636,1.582,2.817
549.645,-1.646,1.581,2.809
549.757,-1.651,1.579,2.804
549.868,-1.651,1.578,2.801
549.979,-1.650,1.578,2.799
550.090,-1.650,1.578,2.799
550.201,-1.651,1.580,2.798
550.312,-1.656,1.582,2.796
550.424,-1.662,1.584,2.791
550.534,-1.670,1.587,2.783
550.645,-1.676,1.588,2.774
550.757,-1.679,1.587,2.768
550.868,-1.678,1.585,2.766
550.979,-1.674,1.584,2.769
551.090,-1.666,1.582,2.779
551.201,-1.650,1.582,2.796
551.312,-1.625,1.578,2.815
551.423,-1.591,1.568,2.831
551.534,-1.558,1.564,2.851
551.645,-1.535,1.566,2.876
551.756,-1.520,1.568,2.896
551.868,-1.510,1.570,2.908
551.979,-1.515,1.571,2.910
552.090,-1.533,1.572,2.902
552.201,-1.566,1.573,2.881
552.312,-1.607,1.576,2.851
552.423,-1.648,1.581,2.819
552.535,-1.683,1.585,2.792
552.646,-1.709,1.587,2.773
552.756,-1.724,1.587,2.763
552.868,-1.729,1.586,2.761
552.979,-1.727,1.585,2.770
553.090,-1.718,1.586,2.790
553.201,-1.702,1.585,2.817
553.312,-1.676,1.582,2.849
553.423,-1.635,1.572,2.881
553.534,-1.582,1.559,2.912
553.642,-1.544,1.554,2.941
553.755,-1.519,1.554,2.963
553.866,-1.504,1.555,2.977
553.978,-1.498,1.553,2.985
554.089,-1.496,1.551,2.988
554.200,-1.497,1.552,2.988
554.309,-1.502,1.553,2.985
554.421,-1.510,1.554,2.980
554.532,-1.522,1.555,2.974
554.643,-1.536,1.557,2.967
554.754,-1.550,1.559,2.960
554.865,-1.565,1.562,2.953
554.977,-1.588,1.568,2.942
555.088,-1.610,1.571,2.928
555.199,-1.627,1.572,2.910
555.310,-1.636,1.576,2.889
555.421,-1.633,1.582,2.868
555.533,-1.620,1.588,2.846
555.644,-1.602,1.591,2.825
555.755,-1.581,1.597,2.804
555.866,-1.561,1.599,2.789
555.977,-1.544,1.600,2.782
556.089,-1.534,1.599,2.782
556.200,-1.530,1.597,2.788
556.310,-1.530,1.594,2.798
556.422,-1.536,1.590,2.810
556.533,-1.545,1.588,2.820
556.644,-1.554,1.588,2.826
556.755,-1.562,1.587,2.830
556.866,-1.569,1.589,2.832
556.977,-1.573,1.590,2.831
557.089,-1.577,1.593,2.825
557.200,-1.579,1.595,2.813
557.311,-1.583,1.596,2.798
557.422,-1.584,1.597,2.785
557.533,-1.585,1.598,2.778
557.644,-1.584,1.598,2.775
557.755,-1.583,1.598,2.776
557.867,-1.580,1.597,2.779
557.977,-1.577,1.597,2.783
558.089,-1.576,1.596,2.791
558.201,-1.580,1.596,2.800
558.311,-1.586,1.595,2.810
558.422,-1.593,1.594,2.821
558.533,-1.600,1.592,2.832
558.644,-1.609,1.589,2.841
558.755,-1.616,1.586,2.849
558.866,-1.620,1.583,2.855
558.977,-1.622,1.580,2.858
559.088,-1.623,1.578,2.860
559.200,-1.624,1.577,2.859
559.310,-1.626,1.576,2.858
559.422,-1.626,1.575,2.858
559.533,-1.625,1.574,2.856
559.644,-1.623,1.571,2.854
559.755,-1.615,1.563,2.852
559.866,-1.602,1.553,2.852
559.977,-1.592,1.546,2.853
560.088,-1.588,1.545,2.855
560.200,-1.587,1.545,2.857
560.311,-1.585,1.545,2.858
560.422,-1.583,1.545,2.859
560.534,-1.581,1.545,2.863
560.644,-1.578,1.547,2.865
560.755,-1.575,1.547,2.867
560.866,-1.574,1.546,2.867
560.977,-1.574,1.545,2.866
561.089,-1.574,1.543,2.865
561.200,-1.572,1.542,2.866
561.315,-1.572,1.538,2.865
561.422,-1.574,1.536,2.863
561.533,-1.579,1.532,2.861
561.644,-1.589,1.528,2.860
561.755,-1.613,1.530,2.851
561.866,-1.663,1.535,2.837
561.977,-1.709,1.536,2.837
562.089,-1.734,1.537,2.840
562.200,-1.751,1.536,2.840
562.311,-1.763,1.535,2.837
562.422,-1.773,1.537,2.829
562.534,-1.776,1.538,2.815
562.644,-1.770,1.540,2.800
562.756,-1.757,1.540,2.789
562.867,-1.744,1.541,2.775
562.977,-1.747,1.542,2.760
563.089,-1.763,1.541,2.740
563.200,-1.786,1.539,2.715
563.311,-1.810,1.537,2.696
563.422,-1.828,1.534,2.682
563.534,-1.839,1.531,2.674
563.645,-1.845,1.528,2.667
563.756,-1.842,1.529,2.668
563.867,-1.830,1.528,2.682
563.978,-1.807,1.523,2.705
564.089,-1.776,1.517,2.734
564.200,-1.734,1.511,2.764
564.311,-1.682,1.508,2.797
564.421,-1.629,1.507,2.829
564.532,-1.572,1.495,2.862
564.643,-1.541,1.491,2.886
564.754,-1.532,1.490,2.903
564.866,-1.533,1.490,2.914
564.976,-1.538,1.491,2.920
565.087,-1.544,1.493,2.923
565.199,-1.549,1.497,2.924
565.310,-1.555,1.502,2.923
565.421,-1.561,1.507,2.921
565.559,-1.566,1.512,2.919
565.664,-1.569,1.517,2.918
565.775,-1.570,1.519,2.920
565.887,-1.568,1.520,2.922
565.998,-1.566,1.522,2.926
566.100,-1.563,1.523,2.930
566.212,-1.558,1.527,2.937
566.323,-1.550,1.544,2.948
566.434,-1.538,1.554,2.963
566.546,-1.523,1.561,2.970
566.656,-1.507,1.569,2.963
566.768,-1.491,1.574,2.945
566.879,-1.476,1.577,2.918
566.990,-1.462,1.577,2.884
567.102,-1.449,1.579,2.845
567.213,-1.430,1.583,2.806
567.324,-1.408,1.586,2.774
567.435,-1.382,1.587,2.756
567.546,-1.360,1.587,2.752
567.657,-1.340,1.587,2.762
567.768,-1.318,1.585,2.782
567.879,-1.294,1.579,2.815
567.990,-1.264,1.565,2.854
568.101,-1.231,1.541,2.890
568.213,-1.206,1.526,2.918
568.323,-1.188,1.518,2.939
568.435,-1.177,1.515,2.953
568.546,-1.172,1.513,2.961
568.656,-1.169,1.512,2.964
568.768,-1.168,1.511,2.966
568.879,-1.167,1.511,2.966
568.990,-1.166,1.512,2.966
569.102,-1.165,1.513,2.966
569.212,-1.163,1.515,2.967
569.314,-1.162,1.517,2.967
569.420,-1.157,1.520,2.969
569.532,-1.151,1.523,2.971
569.643,-1.144,1.531,2.975
569.754,-1.143,1.553,2.977
569.865,-1.142,1.572,2.976
569.977,-1.137,1.579,2.964
570.088,-1.129,1.582,2.941
570.199,-1.124,1.581,2.908
570.310,-1.119,1.584,2.867
570.421,-1.114,1.591,2.824
570.533,-1.111,1.595,2.786
570.643,-1.107,1.599,2.756
570.755,-1.102,1.603,2.733
570.866,-1.096,1.605,2.717
570.977,-1.089,1.605,2.709
571.088,-1.082,1.605,2.711
571.200,-1.075,1.604,2.724
571.310,-1.068,1.601,2.748
571.422,-1.061,1.597,2.784
571.533,-1.050,1.592,2.830
571.643,-1.040,1.587,2.875
571.755,-1.030,1.580,2.915
571.866,-1.018,1.574,2.948
571.977,-1.008,1.569,2.973
572.088,-1.004,1.564,2.992
572.199,-1.006,1.560,3.005
572.309,-1.014,1.555,3.012
572.421,-1.031,1.548,3.013
572.532,-1.052,1.543,3.010
572.643,-1.078,1.542,3.007
572.754,-1.105,1.540,3.006
572.865,-1.129,1.537,3.004
572.976,-1.146,1.522,3.006
573.087,-1.164,1.513,3.004
573.198,-1.179,1.506,3.003
573.309,-1.192,1.504,3.004
573.420,-1.205,1.505,3.007
573.531,-1.214,1.508,3.009
573.642,-1.219,1.509,3.009
573.753,-1.216,1.510,3.007
573.864,-1.209,1.510,3.002
573.976,-1.196,1.510,2.996
574.087,-1.178,1.509,2.990
574.198,-1.154,1.510,2.985
574.309,-1.125,1.511,2.983
574.420,-1.096,1.515,2.983
574.531,-1.070,1.528,2.984
574.642,-1.052,1.538,2.984
574.754,-1.039,1.544,2.973
574.865,-1.031,1.546,2.950
574.976,-1.030,1.546,2.917
575.087,-1.031,1.547,2.875
575.199,-1.029,1.550,2.831
575.310,-1.025,1.553,2.789
575.421,-1.021,1.555,2.750
575.532,-1.017,1.554,2.718
575.643,-1.015,1.550,2.698
575.754,-1.013,1.548,2.693
575.866,-1.012,1.548,2.700
575.977,-1.010,1.546,2.718
576.088,-1.004,1.541,2.748
576.198,-0.994,1.527,2.791
576.309,-0.976,1.502,2.840
576.420,-0.961,1.485,2.884
576.531,-0.953,1.472,2.925
576.642,-0.949,1.466,2.957
576.753,-0.949,1.466,2.981
576.864,-0.951,1.470,2.999
576.975,-0.955,1.477,3.010
577.086,-0.960,1.483,3.018
577.197,-0.967,1.488,3.026
577.308,-0.975,1.492,3.037
577.419,-0.983,1.495,3.046
577.519,-0.992,1.498,3.053
577.628,-1.005,1.505,3.060
577.740,-1.027,1.519,3.068
577.850,-1.060,1.541,3.073
577.962,-1.099,1.552,3.082
578.073,-1.148,1.558,3.088
578.185,-1.205,1.558,3.090
578.296,-1.266,1.558,3.089
578.407,-1.323,1.558,3.089
578.519,-1.363,1.558,3.094
578.629,-1.384,1.556,3.104
578.741,-1.388,1.555,3.118
578.852,-1.374,1.552,3.136
578.961,-1.353,1.552,3.155
579.073,-1.332,1.552,3.170
579.184,-1.315,1.550,3.184
579.295,-1.307,1.551,3.195
579.407,-1.312,1.553,3.204
579.518,-1.328,1.552,3.207
579.629,-1.352,1.551,3.204
579.740,-1.384,1.552,3.194
579.852,-1.417,1.550,3.182
579.963,-1.448,1.547,3.172
580.073,-1.473,1.545,3.168
580.185,-1.490,1.543,3.166
580.296,-1.501,1.542,3.165
580.407,-1.508,1.541,3.162
580.518,-1.513,1.542,3.158
580.629,-1.518,1.542,3.156
580.740,-1.521,1.543,3.152
580.851,-1.523,1.543,3.149
580.962,-1.524,1.544,3.145
581.073,-1.518,1.544,3.142
581.185,-1.506,1.544,3.144
581.296,-1.483,1.545,3.146
581.407,-1.457,1.547,3.150
581.518,-1.430,1.549,3.158
581.629,-1.402,1.550,3.165
581.740,-1.379,1.550,3.175
581.852,-1.359,1.551,3.185
581.963,-1.341,1.552,3.191
582.074,-1.331,1.551,3.195
582.185,-1.328,1.551,3.195
582.296,-1.332,1.551,3.187
582.407,-1.344,1.549,3.171
582.518,-1.364,1.546,3.147
582.630,-1.392,1.545,3.112
582.741,-1.419,1.547,3.067
582.852,-1.436,1.550,3.025
582.963,-1.441,1.548,2.993
583.074,-1.442,1.551,2.982
583.185,-1.441,1.559,2.994
583.296,-1.452,1.560,3.008
583.407,-1.469,1.555,3.023
583.519,-1.480,1.550,3.046
583.630,-1.482,1.548,3.076
583.740,-1.483,1.547,3.110
583.852,-1.480,1.547,3.143
583.963,-1.475,1.542,3.173
584.073,-1.472,1.541,3.203
584.185,-1.471,1.545,3.233
584.296,-1.466,1.546,3.260
584.407,-1.454,1.539,3.277
584.518,-1.448,1.532,3.284
584.630,-1.444,1.540,3.284
584.741,-1.428,1.544,3.280
584.852,-1.400,1.538,3.266
584.963,-1.371,1.532,3.246
585.073,-1.343,1.532,3.217
585.185,-1.308,1.531,3.187
585.296,-1.249,1.525,3.180
585.406,-1.199,1.514,3.196
585.516,-1.170,1.501,3.216
585.627,-1.150,1.497,3.237
585.737,-1.133,1.494,3.263
585.848,-1.116,1.490,3.296
585.960,-1.106,1.486,3.341
586.071,-1.100,1.486,3.391
586.182,-1.099,1.486,3.436
586.293,-1.102,1.487,3.470
586.404,-1.103,1.489,3.492
586.516,-1.103,1.491,3.506
586.627,-1.097,1.491,3.516
586.738,-1.086,1.492,3.524
586.849,-1.069,1.492,3.526
586.960,-1.049,1.491,3.524
587.071,-1.023,1.492,3.520
587.182,-0.997,1.492,3.512
587.293,-0.978,1.491,3.504
587.404,-0.962,1.491,3.498
587.515,-0.951,1.491,3.493
587.625,-0.941,1.492,3.491
587.736,-0.933,1.495,3.490
587.848,-0.927,1.496,3.489
587.959,-0.922,1.497,3.489
588.070,-0.919,1.497,3.490
588.182,-0.916,1.497,3.489
588.292,-0.914,1.497,3.491
588.404,-0.912,1.496,3.492
588.519,-0.913,1.495,3.495
588.625,-0.913,1.495,3.498
588.736,-0.914,1.494,3.500
588.847,-0.915,1.495,3.502
588.958,-0.916,1.494,3.504
589.069,-0.916,1.494,3.506
589.180,-0.918,1.495,3.508
589.291,-0.919,1.497,3.510
589.402,-0.921,1.498,3.516
589.514,-0.930,1.499,3.530
589.624,-0.952,1.504,3.550
589.736,-1.012,1.516,3.573
589.848,-1.084,1.527,3.574
589.959,-1.136,1.526,3.578
590.071,-1.179,1.524,3.593
590.182,-1.210,1.524,3.619
590.293,-1.219,1.525,3.652
590.403,-1.213,1.526,3.681
590.515,-1.188,1.533,3.710
590.626,-1.149,1.534,3.733
590.737,-1.117,1.531,3.759
590.848,-1.083,1.524,3.790
590.959,-1.046,1.528,3.831
591.071,-1.012,1.533,3.873
591.182,-0.982,1.533,3.914
591.293,-0.962,1.534,3.958
591.404,-0.951,1.537,4.007
591.515,-0.951,1.532,4.058
591.627,-0.961,1.526,4.106
591.738,-0.967,1.530,4.148
591.849,-0.966,1.529,4.181
591.960,-0.959,1.527,4.203
592.072,-0.942,1.523,4.221
592.183,-0.914,1.519,4.231
592.294,-0.875,1.515,4.233
592.405,-0.826,1.513,4.226
592.516,-0.772,1.514,4.213
592.627,-0.723,1.516,4.191
592.738,-0.687,1.514,4.164
592.850,-0.663,1.519,4.140
592.961,-0.645,1.523,4.128
593.072,-0.629,1.524,4.131
593.183,-0.613,1.525,4.152
593.294,-0.594,1.530,4.183
593.406,-0.561,1.529,4.217
593.516,-0.530,1.525,4.249
593.627,-0.502,1.533,4.264
593.738,-0.479,1.542,4.260
593.850,-0.461,1.541,4.243
593.960,-0.439,1.536,4.216
594.072,-0.404,1.534,4.201
594.183,-0.372,1.535,4.192
594.293,-0.348,1.531,4.177
594.404,-0.331,1.524,4.169
594.516,-0.316,1.522,4.163
594.626,-0.298,1.520,4.162
594.738,-0.278,1.518,4.170
594.849,-0.258,1.516,4.188
594.960,-0.240,1.512,4.220
595.071,-0.218,1.510,4.259
595.183,-0.199,1.509,4.295
595.293,-0.181,1.506,4.319
595.405,-0.162,1.503,4.325
595.516,-0.138,1.498,4.316
595.627,-0.111,1.492,4.299
595.738,-0.076,1.486,4.276
595.849,-0.033,1.477,4.247
595.961,0.024,1.464,4.211
596.071,0.094,1.458,4.173
596.183,0.156,1.450,4.140
596.294,0.203,1.437,4.113
596.405,0.239,1.423,4.094
596.516,0.264,1.412,4.081
596.627,0.280,1.402,4.071
596.738,0.289,1.396,4.064
596.850,0.295,1.392,4.060
596.961,0.297,1.391,4.059
597.072,0.294,1.393,4.058
597.183,0.291,1.393,4.058
597.294,0.287,1.396,4.060
597.405,0.278,1.400,4.068
597.516,0.261,1.411,4.094
597.626,0.218,1.430,4.136
597.737,0.158,1.456,4.171
597.848,0.098,1.476,4.201
597.959,0.042,1.487,4.227
598.070,-0.006,1.490,4.250
598.181,-0.048,1.487,4.270
598.292,-0.085,1.482,4.287
598.403,-0.117,1.478,4.297
598.514,-0.141,1.475,4.303
598.625,-0.157,1.474,4.308
598.735,-0.165,1.473,4.311
598.847,-0.168,1.474,4.312
598.957,-0.161,1.475,4.307
599.069,-0.147,1.477,4.301
599.180,-0.130,1.481,4.298
599.291,-0.109,1.483,4.294
599.402,-0.088,1.486,4.290
599.514,-0.069,1.489,4.284
599.625,-0.053,1.492,4.278
599.736,-0.045,1.496,4.273
599.847,-0.046,1.501,4.274
599.958,-0.059,1.504,4.280
600.069,-0.081,1.505,4.290
600.180,-0.112,1.506,4.302
600.291,-0.148,1.508,4.313
600.402,-0.182,1.510,4.322
600.514,-0.214,1.511,4.330
600.625,-0.242,1.510,4.336
600.736,-0.266,1.510,4.340
600.847,-0.284,1.510,4.344
600.958,-0.296,1.510,4.348
601.069,-0.302,1.510,4.352
601.180,-0.300,1.508,4.358
601.292,-0.292,1.507,4.363
601.403,-0.279,1.507,4.367
601.514,-0.261,1.506,4.367
601.625,-0.244,1.505,4.364
601.736,-0.228,1.504,4.356
601.847,-0.206,1.504,4.346
601.960,-0.173,1.505,4.318
602.071,-0.148,1.503,4.264
602.183,-0.137,1.500,4.206
602.294,-0.131,1.498,4.155
602.405,-0.126,1.494,4.101
602.516,-0.117,1.488,4.046
602.627,-0.116,1.483,3.989
602.738,-0.122,1.485,3.944
602.849,-0.128,1.486,3.918
602.960,-0.134,1.485,3.913
603.071,-0.133,1.486,3.917
603.182,-0.134,1.482,3.921
603.293,-0.134,1.481,3.929
603.405,-0.134,1.478,3.937
603.516,-0.132,1.470,3.931
603.627,-0.130,1.458,3.931
603.738,-0.128,1.449,3.930
603.849,-0.123,1.447,3.910
603.960,-0.116,1.442,3.864
604.071,-0.102,1.426,3.797
604.182,-0.076,1.404,3.708
604.294,-0.040,1.377,3.626
604.404,0.003,1.345,3.565
604.516,0.050,1.306,3.521
604.626,0.100,1.258,3.487
604.738,0.152,1.206,3.462
604.849,0.202,1.143,3.438
604.960,0.241,1.076,3.417
605.071,0.267,1.009,3.400
605.182,0.283,0.940,3.382
605.293,0.298,0.877,3.364
605.404,0.310,0.825,3.347
605.516,0.316,0.787,3.330
605.627,0.317,0.759,3.316
605.738,0.317,0.728,3.307
605.849,0.311,0.710,3.305
605.960,0.302,0.720,3.306
606.071,0.284,0.776,3.310
606.182,0.262,0.854,3.316
606.293,0.245,0.924,3.323
606.404,0.231,0.975,3.333
606.516,0.216,0.988,3.353
606.626,0.203,0.980,3.374
606.738,0.207,0.966,3.382
606.849,0.213,0.931,3.379
606.960,0.224,0.884,3.369
607.071,0.237,0.832,3.358
607.182,0.248,0.784,3.346
607.294,0.254,0.746,3.337
607.405,0.256,0.731,3.334
607.516,0.256,0.745,3.337
607.627,0.254,0.770,3.343
607.738,0.254,0.768,3.346
607.849,0.255,0.742,3.344
607.960,0.261,0.717,3.337
608.071,0.268,0.698,3.330
608.182,0.274,0.690,3.326
608.294,0.277,0.701,3.326
608.405,0.277,0.743,3.329
608.516,0.267,0.803,3.342
608.627,0.250,0.881,3.364
608.738,0.226,0.974,3.398
608.849,0.197,1.087,3.448
608.960,0.151,1.192,3.511
609.070,0.079,1.273,3.555
609.181,-0.003,1.343,3.564
609.291,-0.094,1.399,3.563
609.402,-0.180,1.436,3.558
609.512,-0.260,1.459,3.556
609.623,-0.326,1.469,3.560
609.735,-0.390,1.466,3.576
609.846,-0.469,1.468,3.605
609.957,-0.559,1.484,3.633
610.069,-0.638,1.509,3.660
610.180,-0.696,1.521,3.689
610.291,-0.740,1.520,3.727
610.402,-0.773,1.512,3.779
610.514,-0.799,1.510,3.839
610.625,-0.829,1.521,3.895
610.735,-0.866,1.528,3.939
610.847,-0.909,1.525,3.984
610.958,-0.966,1.513,4.030
611.069,-1.034,1.499,4.069
611.180,-1.112,1.498,4.110
611.291,-1.177,1.500,4.152
611.402,-1.225,1.502,4.194
611.513,-1.267,1.501,4.240
611.624,-1.303,1.494,4.291
611.738,-1.331,1.491,4.344
611.849,-1.364,1.494,4.401
611.960,-1.405,1.497,4.445
612.071,-1.452,1.496,4.475
612.182,-1.501,1.489,4.496
612.293,-1.556,1.484,4.496
612.405,-1.616,1.479,4.485
612.516,-1.675,1.470,4.476
612.627,-1.727,1.466,4.473
612.738,-1.779,1.462,4.477
612.849,-1.825,1.451,4.485
612.960,-1.864,1.436,4.496
613.071,-1.903,1.432,4.503
613.182,-1.934,1.430,4.497
613.293,-1.959,1.427,4.480
613.404,-1.982,1.431,4.456
613.515,-1.998,1.434,4.429
613.627,-2.007,1.434,4.413
613.738,-2.011,1.437,4.414
613.849,-2.011,1.438,4.421
613.960,-2.010,1.442,4.433
614.071,-2.008,1.452,4.453
614.182,-1.998,1.471,4.491
614.293,-1.972,1.487,4.534
614.404,-1.937,1.499,4.569
614.516,-1.901,1.507,4.595
614.627,-1.867,1.515,4.605
614.738,-1.838,1.522,4.598
614.849,-1.824,1.529,4.576
614.960,-1.825,1.529,4.540
615.072,-1.839,1.532,4.505
615.183,-1.844,1.532,4.478
615.294,-1.830,1.529,4.438
615.405,-1.811,1.528,4.387
615.517,-1.794,1.531,4.322
615.628,-1.781,1.531,4.254
615.738,-1.769,1.530,4.190
615.849,-1.762,1.529,4.138
615.961,-1.756,1.535,4.103
616.071,-1.745,1.537,4.082
616.183,-1.734,1.537,4.073
616.294,-1.724,1.541,4.074
616.405,-1.707,1.547,4.082
616.516,-1.680,1.554,4.088
616.627,-1.646,1.555,4.093
616.738,-1.607,1.553,4.099
616.849,-1.566,1.550,4.113
616.960,-1.534,1.549,4.136
617.071,-1.515,1.549,4.163
617.182,-1.508,1.546,4.187
617.294,-1.502,1.547,4.206
617.405,-1.497,1.547,4.221
617.516,-1.491,1.547,4.233
617.627,-1.483,1.546,4.240
617.738,-1.473,1.543,4.245
617.849,-1.469,1.540,4.248
617.960,-1.476,1.541,4.245
618.071,-1.490,1.542,4.234
618.182,-1.508,1.543,4.217
618.293,-1.525,1.541,4.198
618.404,-1.539,1.539,4.178
618.516,-1.548,1.538,4.158
618.627,-1.557,1.538,4.141
618.738,-1.567,1.538,4.130
618.849,-1.577,1.538,4.122
618.961,-1.584,1.540,4.115
619.072,-1.590,1.540,4.108
619.183,-1.596,1.540,4.104
619.294,-1.601,1.540,4.102
619.405,-1.606,1.541,4.101
619.516,-1.609,1.542,4.101
619.628,-1.613,1.544,4.101
619.738,-1.616,1.544,4.100
619.849,-1.620,1.544,4.100
619.960,-1.623,1.545,4.099
620.071,-1.626,1.546,4.098
620.183,-1.628,1.546,4.097
620.294,-1.630,1.548,4.097
620.405,-1.632,1.551,4.098
620.516,-1.634,1.555,4.101
620.627,-1.636,1.559,4.105
620.738,-1.637,1.563,4.109
620.849,-1.638,1.566,4.113
620.960,-1.639,1.568,4.118
621.072,-1.639,1.570,4.122
621.182,-1.637,1.571,4.126
621.294,-1.628,1.572,4.134
621.405,-1.609,1.572,4.153
621.516,-1.589,1.566,4.182
621.627,-1.580,1.563,4.217
621.738,-1.581,1.561,4.244
621.849,-1.588,1.560,4.262
621.961,-1.597,1.561,4.276
622.072,-1.606,1.561,4.285
622.183,-1.614,1.562,4.293
622.294,-1.623,1.560,4.300
622.405,-1.630,1.559,4.304
622.516,-1.635,1.559,4.305
622.627,-1.635,1.558,4.301
622.738,-1.624,1.555,4.283
622.850,-1.609,1.554,4.242
622.961,-1.609,1.551,4.180
623.071,-1.634,1.549,4.117
623.182,-1.670,1.547,4.072
623.294,-1.692,1.548,4.042
623.405,-1.697,1.549,4.015
623.515,-1.687,1.547,3.989
623.627,-1.663,1.545,3.962
623.737,-1.626,1.546,3.931
623.849,-1.582,1.550,3.894
623.960,-1.537,1.554,3.857
624.071,-1.500,1.554,3.823
624.182,-1.472,1.557,3.782
624.293,-1.448,1.554,3.731
624.404,-1.431,1.543,3.673
624.515,-1.422,1.531,3.613
624.627,-1.412,1.535,3.550
624.737,-1.394,1.538,3.493
624.849,-1.361,1.535,3.446
624.960,-1.319,1.530,3.401
625.071,-1.268,1.520,3.362
625.182,-1.204,1.510,3.329
625.293,-1.132,1.505,3.298
625.404,-1.062,1.511,3.264
625.569,-1.007,1.518,3.226
625.671,-0.938,1.515,3.157
625.782,-0.895,1.505,3.097
625.893,-0.860,1.495,3.027
626.005,-0.830,1.496,2.948
626.112,-0.804,1.504,2.887
626.223,-0.768,1.510,2.832
626.334,-0.727,1.514,2.782
626.445,-0.679,1.510,2.736
626.556,-0.619,1.503,2.695
626.668,-0.551,1.504,2.655
626.778,-0.485,1.517,2.609
626.890,-0.434,1.528,2.560
627.001,-0.393,1.535,2.508
627.112,-0.364,1.532,2.451
627.223,-0.347,1.524,2.387
627.334,-0.339,1.521,2.317
627.445,-0.333,1.529,2.247
627.557,-0.322,1.523,2.186
627.668,-0.302,1.521,2.126
627.779,-0.276,1.511,2.068
627.890,-0.241,1.499,2.013
628.001,-0.197,1.493,1.961
628.112,-0.154,1.501,1.907
628.223,-0.130,1.508,1.854
628.334,-0.122,1.510,1.802
628.445,-0.124,1.502,1.744
628.557,-0.140,1.488,1.678
628.668,-0.176,1.479,1.612
628.779,-0.212,1.478,1.553
628.890,-0.235,1.482,1.508
629.001,-0.250,1.487,1.468
629.112,-0.257,1.485,1.423
629.223,-0.250,1.478,1.371
629.335,-0.232,1.473,1.315
629.446,-0.215,1.477,1.256
629.557,-0.210,1.484,1.205
629.668,-0.213,1.485,1.162
629.779,-0.226,1.487,1.120
629.890,-0.249,1.480,1.079
630.000,-0.283,1.472,1.046
630.112,-0.321,1.474,1.017
630.223,-0.350,1.479,0.994
630.334,-0.366,1.487,0.974
630.445,-0.375,1.498,0.953
630.556,-0.373,1.503,0.926
630.668,-0.362,1.507,0.888
630.779,-0.344,1.517,0.844
630.890,-0.327,1.524,0.798
631.001,-0.315,1.531,0.760
631.113,-0.310,1.538,0.736
631.223,-0.315,1.543,0.723
631.334,-0.330,1.544,0.716
631.445,-0.353,1.543,0.717
631.557,-0.377,1.546,0.716
631.668,-0.391,1.552,0.702
631.779,-0.386,1.556,0.681
631.890,-0.367,1.559,0.669
632.002,-0.345,1.563,0.667
632.113,-0.318,1.564,0.668
632.224,-0.285,1.566,0.669
632.335,-0.252,1.567,0.670
632.446,-0.221,1.560,0.668
632.557,-0.197,1.553,0.662
632.668,-0.185,1.548,0.655
632.779,-0.185,1.538,0.643
632.890,-0.196,1.531,0.631
633.001,-0.214,1.529,0.618
633.112,-0.228,1.526,0.606
633.224,-0.240,1.521,0.600
633.335,-0.250,1.517,0.601
633.445,-0.259,1.513,0.609
633.557,-0.270,1.509,0.619
633.667,-0.280,1.505,0.627
633.779,-0.287,1.504,0.634
633.890,-0.291,1.505,0.635
634.001,-0.295,1.503,0.633
634.112,-0.298,1.503,0.630
634.223,-0.301,1.503,0.626
634.334,-0.302,1.502,0.624
634.445,-0.300,1.505,0.625
634.556,-0.300,1.505,0.622
634.668,-0.308,1.508,0.608
634.779,-0.335,1.512,0.584
634.890,-0.374,1.515,0.564
635.001,-0.427,1.522,0.555
635.112,-0.480,1.525,0.562
635.224,-0.521,1.525,0.577
635.334,-0.549,1.526,0.589
635.445,-0.566,1.526,0.599
635.557,-0.573,1.528,0.607
635.668,-0.569,1.532,0.612
635.779,-0.552,1.534,0.613
635.890,-0.524,1.534,0.608
636.000,-0.494,1.538,0.600
636.112,-0.465,1.537,0.590
636.223,-0.442,1.535,0.581
636.334,-0.424,1.532,0.573
636.445,-0.412,1.532,0.571
636.556,-0.406,1.533,0.576
636.667,-0.405,1.534,0.590
636.778,-0.412,1.534,0.614
636.889,-0.425,1.536,0.642
637.000,-0.443,1.537,0.665
637.111,-0.458,1.536,0.683
637.222,-0.470,1.533,0.694
637.333,-0.474,1.530,0.704
637.444,-0.476,1.531,0.713
637.556,-0.480,1.530,0.720
637.667,-0.485,1.529,0.722
637.778,-0.488,1.528,0.722
637.889,-0.490,1.528,0.724
638.000,-0.488,1.526,0.728
638.111,-0.484,1.525,0.733
638.223,-0.482,1.523,0.739
638.333,-0.478,1.522,0.743
638.445,-0.473,1.523,0.747
638.556,-0.469,1.525,0.750
638.667,-0.466,1.526,0.750
638.778,-0.464,1.525,0.750
638.889,-0.462,1.525,0.748
639.000,-0.459,1.526,0.746
639.112,-0.457,1.526,0.743
639.223,-0.457,1.527,0.741
639.333,-0.459,1.527,0.738
639.445,-0.461,1.527,0.736
639.556,-0.460,1.526,0.736
639.667,-0.459,1.526,0.736
639.778,-0.460,1.527,0.736
639.889,-0.461,1.528,0.733
640.000,-0.462,1.527,0.732
640.111,-0.461,1.527,0.731
640.222,-0.461,1.528,0.729
640.334,-0.461,1.528,0.727
640.444,-0.460,1.528,0.726
640.556,-0.459,1.529,0.726
640.667,-0.457,1.528,0.726
640.778,-0.457,1.528,0.727
640.889,-0.457,1.528,0.728
641.000,-0.456,1.527,0.728
641.111,-0.455,1.527,0.730
641.222,-0.454,1.528,0.732
641.333,-0.453,1.528,0.733
641.445,-0.454,1.528,0.736
641.556,-0.455,1.528,0.739
641.667,-0.458,1.528,0.742
641.778,-0.460,1.528,0.744
641.889,-0.462,1.528,0.748
642.000,-0.463,1.528,0.750
642.111,-0.462,1.527,0.750
642.222,-0.460,1.527,0.749
642.334,-0.461,1.524,0.747
642.445,-0.460,1.523,0.741
642.555,-0.449,1.523,0.732
642.667,-0.428,1.525,0.716
642.778,-0.405,1.525,0.694
642.889,-0.383,1.523,0.671
643.000,-0.362,1.521,0.651
643.111,-0.340,1.518,0.632
643.223,-0.316,1.513,0.617
643.334,-0.294,1.511,0.609
643.445,-0.277,1.511,0.610
643.556,-0.274,1.511,0.620
643.667,-0.289,1.510,0.637
643.778,-0.314,1.509,0.653
643.889,-0.339,1.506,0.666
644.000,-0.358,1.504,0.679
644.112,-0.373,1.505,0.692
644.223,-0.383,1.507,0.705
644.333,-0.387,1.508,0.720
644.445,-0.387,1.508,0.737
644.556,-0.381,1.510,0.754
644.667,-0.368,1.513,0.771
644.778,-0.346,1.516,0.786
644.889,-0.321,1.516,0.799
645.000,-0.297,1.516,0.810
645.111,-0.273,1.515,0.818
645.222,-0.250,1.515,0.823
645.333,-0.230,1.515,0.826
645.445,-0.213,1.515,0.826
645.556,-0.202,1.513,0.822
645.666,-0.197,1.514,0.814
645.778,-0.201,1.516,0.798
645.889,-0.218,1.521,0.779
646.000,-0.255,1.526,0.766
646.111,-0.306,1.530,0.760
646.223,-0.369,1.531,0.759
646.334,-0.433,1.530,0.761
646.445,-0.491,1.527,0.764
646.556,-0.536,1.521,0.770
646.667,-0.561,1.517,0.776
646.778,-0.567,1.518,0.777
646.889,-0.555,1.515,0.771
647.000,-0.532,1.516,0.754
647.111,-0.511,1.522,0.731
647.222,-0.496,1.514,0.714
647.333,-0.483,1.520,0.700
647.444,-0.476,1.520,0.698
647.555,-0.474,1.520,0.713
647.666,-0.474,1.522,0.744
647.777,-0.483,1.524,0.781
647.888,-0.502,1.520,0.815
648.000,-0.523,1.518,0.847
648.110,-0.543,1.518,0.874
648.222,-0.562,1.517,0.893
648.332,-0.577,1.515,0.906
648.443,-0.587,1.510,0.914
648.555,-0.593,1.512,0.917
648.666,-0.596,1.514,0.919
648.777,-0.597,1.519,0.918
648.888,-0.597,1.524,0.909
648.999,-0.594,1.528,0.892
649.111,-0.584,1.534,0.867
649.222,-0.568,1.537,0.839
649.333,-0.552,1.538,0.809
649.444,-0.535,1.535,0.782
649.555,-0.519,1.534,0.757
649.666,-0.504,1.531,0.734
649.777,-0.491,1.525,0.715
649.888,-0.480,1.516,0.702
649.999,-0.472,1.514,0.694
650.110,-0.466,1.514,0.688
650.221,-0.461,1.512,0.682
650.332,-0.461,1.510,0.678
650.443,-0.468,1.509,0.676
650.554,-0.483,1.509,0.678
650.666,-0.504,1.511,0.676
650.777,-0.518,1.520,0.666
650.888,-0.521,1.524,0.659
650.999,-0.523,1.526,0.662
651.111,-0.525,1.528,0.672
651.222,-0.524,1.532,0.685
651.333,-0.521,1.534,0.698
651.444,-0.516,1.539,0.705
651.556,-0.508,1.539,0.700
651.667,-0.487,1.535,0.687
651.778,-0.481,1.537,0.671
651.889,-0.488,1.539,0.659
652.000,-0.506,1.539,0.659
652.111,-0.526,1.540,0.674
652.222,-0.535,1.537,0.687
652.333,-0.536,1.535,0.696
652.444,-0.542,1.537,0.705
652.555,-0.554,1.539,0.716
652.666,-0.577,1.540,0.734
652.777,-0.606,1.546,0.755
652.888,-0.637,1.548,0.773
653.000,-0.665,1.545,0.786
653.111,-0.687,1.543,0.796
653.222,-0.704,1.541,0.802
653.333,-0.711,1.540,0.806
653.444,-0.710,1.539,0.806
653.555,-0.706,1.543,0.803
653.666,-0.698,1.544,0.789
653.777,-0.681,1.549,0.758
653.889,-0.645,1.557,0.716
654.000,-0.588,1.563,0.682
654.111,-0.526,1.567,0.665
654.222,-0.471,1.567,0.661
654.333,-0.427,1.565,0.663
654.444,-0.388,1.560,0.667
654.555,-0.355,1.558,0.669
654.666,-0.330,1.555,0.662
654.778,-0.304,1.551,0.654
654.889,-0.285,1.548,0.650
655.000,-0.278,1.543,0.650
655.111,-0.291,1.536,0.647
655.222,-0.323,1.537,0.638
655.333,-0.357,1.538,0.623
655.444,-0.389,1.530,0.607
655.555,-0.418,1.525,0.600
655.666,-0.447,1.524,0.602
655.777,-0.471,1.522,0.606
655.889,-0.489,1.520,0.609
655.999,-0.497,1.519,0.608
656.110,-0.500,1.519,0.607
656.222,-0.497,1.520,0.607
656.333,-0.492,1.521,0.607
656.444,-0.485,1.521,0.605
656.555,-0.478,1.520,0.604
656.666,-0.471,1.519,0.603
656.777,-0.463,1.519,0.601
656.888,-0.455,1.518,0.600
656.999,-0.446,1.516,0.600
657.111,-0.437,1.515,0.600
657.222,-0.427,1.514,0.601
657.333,-0.416,1.512,0.602
657.444,-0.404,1.509,0.603
657.555,-0.389,1.505,0.605
657.666,-0.374,1.502,0.608
657.777,-0.357,1.498,0.612
657.888,-0.339,1.494,0.619
657.999,-0.320,1.491,0.625
658.110,-0.301,1.489,0.630
658.221,-0.283,1.487,0.635
658.332,-0.268,1.485,0.640
658.444,-0.254,1.484,0.647
658.555,-0.242,1.483,0.656
658.666,-0.232,1.482,0.664
658.777,-0.224,1.482,0.672
658.888,-0.223,1.481,0.678
658.999,-0.229,1.480,0.680
659.110,-0.243,1.480,0.681
659.221,-0.266,1.484,0.678
659.333,-0.290,1.490,0.666
659.443,-0.315,1.493,0.647
659.555,-0.341,1.495,0.609
659.666,-0.377,1.500,0.566
659.777,-0.429,1.510,0.528
659.888,-0.492,1.516,0.510
659.999,-0.541,1.515,0.514
660.110,-0.570,1.515,0.525
660.221,-0.586,1.517,0.540
660.332,-0.594,1.518,0.558
660.443,-0.596,1.519,0.573
660.555,-0.594,1.519,0.586
660.666,-0.590,1.519,0.596
660.777,-0.586,1.518,0.604
660.888,-0.584,1.518,0.611
660.999,-0.584,1.518,0.616
661.110,-0.584,1.517,0.617
661.221,-0.578,1.515,0.608
661.332,-0.559,1.511,0.585
661.443,-0.528,1.506,0.565
661.554,-0.497,1.502,0.555
661.666,-0.465,1.501,0.554
661.777,-0.434,1.503,0.563
661.888,-0.408,1.506,0.579
661.999,-0.392,1.506,0.598
662.110,-0.389,1.506,0.611
662.221,-0.389,1.505,0.615
662.332,-0.393,1.504,0.615
662.443,-0.399,1.509,0.618
662.554,-0.405,1.513,0.628
662.666,-0.407,1.517,0.648
662.777,-0.402,1.521,0.673
662.888,-0.392,1.523,0.702
662.999,-0.379,1.526,0.733
663.110,-0.368,1.528,0.764
663.221,-0.361,1.532,0.795
663.332,-0.355,1.534,0.819
663.443,-0.347,1.536,0.830
663.554,-0.335,1.541,0.829
663.666,-0.322,1.538,0.818
663.777,-0.305,1.529,0.796
663.887,-0.288,1.530,0.771
663.999,-0.273,1.535,0.742
664.109,-0.259,1.541,0.721
664.221,-0.246,1.542,0.709
664.332,-0.231,1.539,0.709
664.443,-0.216,1.536,0.720
664.554,-0.204,1.536,0.742
664.665,-0.195,1.536,0.775
664.777,-0.190,1.535,0.818
664.887,-0.184,1.529,0.861
664.999,-0.178,1.529,0.897
665.110,-0.168,1.530,0.922
665.221,-0.158,1.529,0.941
665.332,-0.142,1.529,0.954
665.443,-0.122,1.526,0.958
665.554,-0.098,1.524,0.950
665.665,-0.074,1.522,0.930
665.776,-0.049,1.527,0.904
665.887,-0.024,1.526,0.882
665.998,0.001,1.525,0.869
666.110,0.022,1.526,0.862
666.221,0.035,1.525,0.865
666.332,0.049,1.522,0.878
666.443,0.062,1.517,0.898
666.554,0.070,1.515,0.928
666.665,0.076,1.514,0.963
666.776,0.082,1.512,0.996
666.887,0.090,1.512,1.019
666.999,0.098,1.513,1.029
667.109,0.103,1.513,1.027
667.221,0.104,1.516,1.015
667.332,0.100,1.522,1.002
667.443,0.094,1.526,0.989
667.554,0.089,1.526,0.975
667.665,0.085,1.526,0.957
667.776,0.082,1.528,0.932
667.887,0.080,1.527,0.901
667.999,0.080,1.525,0.872
668.109,0.080,1.520,0.848
668.221,0.079,1.518,0.831
668.332,0.084,1.515,0.826
668.443,0.093,1.510,0.840
668.554,0.098,1.508,0.856
668.665,0.101,1.507,0.872
668.776,0.103,1.511,0.889
668.887,0.105,1.513,0.906
668.998,0.110,1.511,0.923
669.109,0.115,1.508,0.942
669.221,0.119,1.507,0.962
669.332,0.120,1.505,0.982
669.443,0.121,1.505,1.000
669.554,0.122,1.503,1.017
669.665,0.124,1.502,1.033
669.776,0.125,1.502,1.046
669.887,0.127,1.500,1.055
669.998,0.133,1.499,1.058
670.110,0.143,1.498,1.053
670.221,0.153,1.494,1.039
670.332,0.169,1.492,1.016
670.443,0.186,1.488,0.987
670.554,0.201,1.483,0.958
670.665,0.212,1.481,0.941
670.776,0.216,1.478,0.936
670.887,0.214,1.475,0.933
670.998,0.213,1.473,0.922
671.109,0.213,1.471,0.901
671.221,0.214,1.470,0.884
671.331,0.216,1.470,0.879
671.443,0.221,1.469,0.879
671.554,0.226,1.465,0.885
671.665,0.231,1.457,0.897
671.776,0.237,1.453,0.915
671.887,0.245,1.451,0.940
671.998,0.250,1.450,0.971
672.109,0.253,1.454,0.998
672.220,0.260,1.454,1.023
672.331,0.267,1.447,1.041
672.442,0.273,1.445,1.056
672.553,0.281,1.439,1.063
672.665,0.286,1.432,1.067
672.776,0.290,1.433,1.072
672.886,0.292,1.438,1.075
672.998,0.293,1.440,1.077
673.109,0.292,1.442,1.079
673.220,0.292,1.445,1.080
673.331,0.291,1.447,1.082
673.442,0.291,1.450,1.084
673.553,0.292,1.452,1.086
673.665,0.295,1.453,1.085
673.776,0.302,1.454,1.066
673.887,0.302,1.455,1.031
673.998,0.294,1.456,1.001
674.109,0.288,1.457,0.990
674.220,0.285,1.456,0.987
674.331,0.281,1.456,0.985
674.442,0.272,1.459,0.979
674.553,0.250,1.465,0.965
674.665,0.216,1.468,0.943
674.776,0.168,1.472,0.910
674.887,0.106,1.477,0.873
674.998,0.041,1.481,0.845
675.109,-0.026,1.489,0.831
675.220,-0.089,1.496,0.835
675.331,-0.134,1.501,0.848
675.442,-0.161,1.506,0.863
675.553,-0.172,1.509,0.873
675.665,-0.168,1.511,0.883
675.775,-0.151,1.511,0.889
675.886,-0.126,1.512,0.883
675.998,-0.085,1.507,0.844
676.109,-0.009,1.502,0.800
676.220,0.071,1.497,0.804
676.331,0.119,1.488,0.839
676.442,0.139,1.480,0.878
676.553,0.141,1.475,0.914
676.665,0.138,1.472,0.948
676.775,0.137,1.471,0.976
676.887,0.139,1.472,1.008
676.999,0.146,1.475,1.041
677.108,0.157,1.476,1.067
677.220,0.167,1.474,1.089
677.331,0.175,1.471,1.101
677.442,0.187,1.475,1.083
677.553,0.194,1.481,1.030
677.665,0.191,1.490,0.965
677.775,0.176,1.494,0.896
677.886,0.152,1.495,0.838
677.998,0.129,1.494,0.796
678.109,0.108,1.495,0.766
678.220,0.093,1.495,0.749
678.331,0.088,1.493,0.746
678.442,0.088,1.489,0.754
678.552,0.100,1.492,0.769
678.664,0.118,1.492,0.781
678.775,0.136,1.490,0.788
678.886,0.145,1.490,0.795
678.997,0.139,1.493,0.807
679.108,0.114,1.496,0.822
679.219,0.075,1.495,0.835
679.330,0.022,1.496,0.843
679.441,-0.037,1.496,0.846
679.552,-0.090,1.495,0.849
679.664,-0.131,1.496,0.846
679.775,-0.158,1.499,0.833
679.886,-0.172,1.499,0.811
679.997,-0.176,1.497,0.784
680.108,-0.167,1.496,0.751
680.219,-0.156,1.499,0.714
680.330,-0.151,1.499,0.678
680.441,-0.153,1.495,0.649
680.552,-0.166,1.492,0.631
680.664,-0.190,1.487,0.622
680.775,-0.229,1.484,0.621
680.886,-0.279,1.484,0.624
680.997,-0.331,1.486,0.626
681.108,-0.376,1.486,0.623
681.219,-0.411,1.484,0.617
681.330,-0.434,1.482,0.606
681.442,-0.445,1.480,0.590
681.553,-0.444,1.478,0.571
681.664,-0.434,1.476,0.548
681.775,-0.424,1.475,0.524
681.886,-0.421,1.474,0.500
681.998,-0.431,1.474,0.489
682.108,-0.453,1.480,0.491
682.219,-0.478,1.481,0.495
682.331,-0.507,1.485,0.500
682.441,-0.540,1.490,0.505
682.552,-0.574,1.493,0.514
682.664,-0.604,1.496,0.523
682.775,-0.627,1.496,0.526
682.886,-0.634,1.495,0.525
682.997,-0.616,1.486,0.504
683.108,-0.573,1.471,0.474
683.219,-0.538,1.465,0.449
683.331,-0.512,1.460,0.423
683.442,-0.500,1.449,0.397
683.553,-0.502,1.438,0.378
683.664,-0.505,1.430,0.366
683.775,-0.504,1.430,0.365
683.886,-0.504,1.440,0.374
683.998,-0.500,1.449,0.384
684.108,-0.495,1.449,0.392
684.219,-0.481,1.445,0.394
684.330,-0.458,1.444,0.398
684.441,-0.444,1.444,0.412
684.552,-0.449,1.446,0.430
684.664,-0.466,1.447,0.444
684.775,-0.478,1.446,0.454
684.886,-0.476,1.447,0.463
684.997,-0.461,1.448,0.467
685.108,-0.435,1.446,0.469
685.219,-0.408,1.445,0.468
685.330,-0.385,1.444,0.473
685.441,-0.376,1.447,0.483
685.566,-0.374,1.450,0.492
685.666,-0.376,1.454,0.511
685.777,-0.379,1.458,0.521
685.889,-0.385,1.465,0.529
686.000,-0.400,1.476,0.536
686.107,-0.423,1.488,0.549
686.219,-0.456,1.499,0.572
686.330,-0.500,1.506,0.601
686.441,-0.561,1.510,0.636
686.552,-0.636,1.511,0.680
686.663,-0.712,1.512,0.725
686.774,-0.777,1.517,0.755
686.885,-0.838,1.519,0.768
686.997,-0.896,1.515,0.761
687.107,-0.946,1.507,0.735
687.218,-0.988,1.501,0.695
687.329,-1.039,1.502,0.656
687.440,-1.090,1.505,0.634
687.551,-1.139,1.507,0.627
687.663,-1.189,1.502,0.632
687.774,-1.239,1.496,0.649
687.885,-1.294,1.493,0.678
687.996,-1.353,1.497,0.707
688.107,-1.405,1.496,0.731
688.218,-1.449,1.496,0.736
688.330,-1.489,1.497,0.713
688.441,-1.520,1.493,0.674
688.552,-1.545,1.492,0.624
688.664,-1.572,1.494,0.575
688.775,-1.606,1.496,0.536
688.886,-1.648,1.496,0.502
688.997,-1.697,1.486,0.471
689.108,-1.752,1.474,0.445
689.219,-1.808,1.471,0.415
689.330,-1.849,1.464,0.391
689.441,-1.875,1.455,0.370
689.552,-1.886,1.446,0.351
689.664,-1.885,1.437,0.339
689.774,-1.875,1.434,0.340
689.885,-1.843,1.441,0.356
689.997,-1.785,1.452,0.390
690.107,-1.708,1.461,0.447
690.219,-1.640,1.461,0.509
690.330,-1.580,1.463,0.567
690.441,-1.539,1.470,0.608
690.552,-1.513,1.480,0.630
690.663,-1.494,1.485,0.637
690.774,-1.480,1.485,0.626
690.885,-1.472,1.481,0.602
690.997,-1.466,1.478,0.565
691.107,-1.460,1.474,0.527
691.218,-1.455,1.470,0.498
691.330,-1.452,1.467,0.482
691.441,-1.453,1.468,0.477
691.552,-1.456,1.470,0.486
691.663,-1.463,1.475,0.511
691.774,-1.473,1.482,0.541
691.885,-1.488,1.488,0.565
691.997,-1.507,1.492,0.582
692.107,-1.530,1.494,0.587
692.219,-1.562,1.493,0.585
692.330,-1.604,1.491,0.572
692.441,-1.659,1.485,0.547
692.552,-1.727,1.479,0.508
692.664,-1.793,1.473,0.466
692.774,-1.844,1.462,0.429
692.886,-1.883,1.452,0.399
692.997,-1.909,1.444,0.378
693.108,-1.924,1.435,0.360
693.219,-1.929,1.427,0.347
693.330,-1.921,1.423,0.342
693.441,-1.899,1.426,0.346
693.552,-1.858,1.435,0.363
693.664,-1.785,1.446,0.393
693.774,-1.697,1.453,0.444
693.885,-1.619,1.459,0.503
693.997,-1.554,1.467,0.557
694.107,-1.502,1.474,0.601
694.219,-1.464,1.480,0.631
694.330,-1.432,1.484,0.643
694.441,-1.399,1.482,0.638
694.552,-1.369,1.476,0.615
694.663,-1.338,1.473,0.581
694.774,-1.308,1.472,0.553
694.885,-1.283,1.471,0.539
694.996,-1.268,1.473,0.536
695.107,-1.267,1.476,0.544
695.218,-1.286,1.479,0.564
695.330,-1.320,1.482,0.593
695.440,-1.354,1.487,0.624
695.552,-1.382,1.493,0.648
695.663,-1.411,1.497,0.662
695.774,-1.446,1.499,0.666
695.885,-1.489,1.499,0.655
695.996,-1.542,1.496,0.631
696.107,-1.610,1.488,0.591
696.219,-1.687,1.481,0.538
696.330,-1.758,1.474,0.482
696.441,-1.811,1.463,0.439
696.552,-1.850,1.448,0.411
696.663,-1.874,1.438,0.397
696.774,-1.886,1.434,0.392
696.885,-1.886,1.435,0.393
696.997,-1.875,1.439,0.399
697.107,-1.846,1.447,0.409
697.218,-1.784,1.460,0.426
697.329,-1.706,1.474,0.464
697.440,-1.633,1.482,0.517
697.551,-1.559,1.488,0.573
697.663,-1.491,1.495,0.625
697.773,-1.438,1.502,0.659
697.885,-1.395,1.507,0.673
697.996,-1.353,1.505,0.666
698.107,-1.311,1.498,0.641
698.218,-1.269,1.487,0.598
698.329,-1.224,1.478,0.538
698.440,-1.175,1.478,0.475
698.552,-1.129,1.475,0.424
698.663,-1.091,1.470,0.388
698.774,-1.066,1.463,0.366
698.885,-1.055,1.460,0.359
698.997,-1.052,1.461,0.367
699.107,-1.055,1.468,0.390
699.218,-1.062,1.477,0.430
699.330,-1.072,1.488,0.487
699.441,-1.077,1.497,0.548
699.552,-1.088,1.505,0.601
699.663,-1.115,1.512,0.646
699.774,-1.154,1.515,0.688
699.885,-1.202,1.517,0.730
699.996,-1.262,1.513,0.773
700.107,-1.336,1.508,0.818
700.218,-1.421,1.502,0.860
700.329,-1.497,1.498,0.898
700.440,-1.558,1.498,0.924
700.551,-1.606,1.493,0.931
700.662,-1.639,1.488,0.924
700.773,-1.660,1.486,0.902
700.884,-1.674,1.488,0.865
700.996,-1.688,1.491,0.820
701.106,-1.697,1.493,0.776
701.218,-1.700,1.494,0.733
701.329,-1.699,1.494,0.700
701.440,-1.701,1.499,0.672
701.551,-1.709,1.502,0.644
701.663,-1.726,1.500,0.616
701.774,-1.755,1.495,0.586
701.884,-1.796,1.492,0.551
701.996,-1.840,1.492,0.511
702.107,-1.877,1.484,0.473
702.218,-1.909,1.473,0.438
702.330,-1.930,1.461,0.407
702.440,-1.939,1.452,0.387
702.551,-1.934,1.450,0.378
702.663,-1.916,1.454,0.379
702.773,-1.882,1.460,0.390
702.885,-1.827,1.467,0.412
702.996,-1.740,1.475,0.452
703.107,-1.635,1.484,0.517
703.217,-1.539,1.493,0.586
703.329,-1.458,1.504,0.643
703.440,-1.392,1.514,0.685
703.551,-1.331,1.519,0.710
703.662,-1.264,1.513,0.722
703.773,-1.184,1.503,0.719
703.884,-1.090,1.492,0.712
703.996,-0.988,1.495,0.712
704.106,-0.901,1.506,0.727
704.218,-0.819,1.511,0.746
704.329,-0.740,1.505,0.769
704.440,-0.669,1.493,0.796
704.551,-0.600,1.499,0.821
704.662,-0.535,1.511,0.836
704.773,-0.474,1.517,0.834
704.884,-0.414,1.514,0.821
704.996,-0.350,1.502,0.792
705.107,-0.283,1.491,0.746
705.218,-0.209,1.490,0.690
705.329,-0.146,1.486,0.642
705.440,-0.101,1.479,0.604
705.551,-0.073,1.470,0.574
705.663,-0.061,1.463,0.557
705.773,-0.061,1.464,0.552
705.884,-0.071,1.471,0.557
705.996,-0.085,1.480,0.573
706.107,-0.103,1.490,0.602
706.218,-0.129,1.500,0.646
706.329,-0.162,1.506,0.696
706.440,-0.205,1.509,0.739
706.551,-0.254,1.516,0.770
706.662,-0.315,1.523,0.793
706.773,-0.385,1.527,0.812
706.884,-0.466,1.527,0.827
706.995,-0.563,1.522,0.837
707.107,-0.675,1.515,0.847
707.218,-0.780,1.518,0.851
707.329,-0.865,1.531,0.849
707.440,-0.938,1.532,0.839
707.550,-1.002,1.527,0.815
707.662,-1.060,1.518,0.776
707.773,-1.112,1.507,0.721
707.884,-1.168,1.513,0.658
707.995,-1.225,1.521,0.607
708.106,-1.281,1.525,0.572
708.218,-1.337,1.522,0.542
708.329,-1.399,1.513,0.513
708.440,-1.473,1.504,0.482
708.551,-1.559,1.497,0.447
708.662,-1.648,1.496,0.409
708.773,-1.721,1.487,0.379
708.884,-1.774,1.477,0.355
708.995,-1.811,1.465,0.332
709.106,-1.836,1.452,0.312
709.217,-1.844,1.444,0.300
709.328,-1.835,1.444,0.303
709.440,-1.808,1.451,0.318
709.551,-1.761,1.462,0.343
709.662,-1.690,1.470,0.381
709.773,-1.587,1.477,0.428
709.884,-1.475,1.481,0.488
709.995,-1.380,1.488,0.544
710.106,-1.301,1.500,0.590
710.217,-1.233,1.507,0.623
710.328,-1.174,1.506,0.642
710.439,-1.114,1.501,0.648
710.550,-1.050,1.496,0.638
710.662,-0.977,1.499,0.617
710.773,-0.901,1.509,0.603
710.884,-0.833,1.511,0.610
710.995,-0.769,1.509,0.629
711.106,-0.704,1.505,0.662
711.217,-0.642,1.494,0.706
711.328,-0.577,1.487,0.754
711.439,-0.504,1.495,0.794
711.551,-0.441,1.499,0.806
711.662,-0.392,1.504,0.782
711.772,-0.355,1.503,0.743
711.884,-0.327,1.496,0.700
711.995,-0.304,1.499,0.649
712.106,-0.287,1.497,0.610
712.217,-0.275,1.497,0.587
712.329,-0.265,1.500,0.577
712.439,-0.257,1.501,0.586
712.550,-0.239,1.506,0.604
712.662,-0.219,1.506,0.623
712.772,-0.200,1.503,0.636
712.884,-0.187,1.501,0.645
712.995,-0.181,1.504,0.654
713.106,-0.189,1.505,0.665
713.217,-0.209,1.506,0.675
713.328,-0.235,1.511,0.681
713.439,-0.266,1.515,0.680
713.550,-0.300,1.517,0.677
713.661,-0.335,1.517,0.670
713.772,-0.372,1.515,0.662
713.883,-0.409,1.514,0.658
713.995,-0.443,1.514,0.659
714.106,-0.470,1.514,0.660
714.217,-0.489,1.516,0.652
714.328,-0.497,1.516,0.636
714.439,-0.492,1.515,0.614
714.550,-0.476,1.517,0.586
714.661,-0.460,1.517,0.556
714.772,-0.450,1.513,0.531
714.884,-0.447,1.510,0.512
714.995,-0.449,1.509,0.494
715.105,-0.459,1.506,0.474
715.217,-0.481,1.501,0.459
715.328,-0.516,1.497,0.448
715.439,-0.546,1.496,0.430
715.550,-0.554,1.489,0.415
715.661,-0.538,1.485,0.412
715.772,-0.519,1.484,0.418
715.883,-0.506,1.484,0.424
715.995,-0.501,1.482,0.428
716.106,-0.494,1.481,0.418
716.217,-0.506,1.474,0.388
716.328,-0.537,1.461,0.341
716.439,-0.578,1.443,0.285
716.550,-0.615,1.424,0.240
716.662,-0.643,1.415,0.217
716.773,-0.664,1.421,0.216
716.884,-0.685,1.436,0.239
716.995,-0.711,1.455,0.283
717.106,-0.744,1.472,0.346
717.217,-0.785,1.484,0.422
717.328,-0.826,1.495,0.487
717.439,-0.872,1.509,0.533
717.550,-0.930,1.512,0.570
717.661,-1.009,1.508,0.607
717.772,-1.113,1.499,0.647
717.883,-1.224,1.494,0.696
717.994,-1.313,1.498,0.735
718.105,-1.386,1.502,0.757
718.216,-1.450,1.498,0.763
718.327,-1.509,1.491,0.751
718.438,-1.557,1.486,0.723
718.549,-1.610,1.491,0.697
718.661,-1.665,1.492,0.692
718.772,-1.718,1.494,0.708
718.883,-1.772,1.487,0.737
718.994,-1.831,1.477,0.778
719.105,-1.890,1.470,0.823
719.216,-1.932,1.463,0.861
719.327,-1.951,1.457,0.890
719.438,-1.951,1.457,0.907
719.549,-1.934,1.462,0.907
719.661,-1.895,1.473,0.876
719.772,-1.813,1.486,0.821
719.883,-1.693,1.495,0.779
719.995,-1.570,1.497,0.761
720.105,-1.472,1.497,0.754
720.216,-1.398,1.502,0.743
720.328,-1.333,1.503,0.726
720.439,-1.299,1.491,0.692
720.550,-1.288,1.476,0.644
720.661,-1.281,1.467,0.583
720.772,-1.274,1.462,0.522
720.883,-1.273,1.453,0.481
720.994,-1.271,1.453,0.463
721.105,-1.270,1.456,0.464
721.216,-1.268,1.463,0.480
721.328,-1.261,1.474,0.510
721.439,-1.252,1.483,0.552
721.550,-1.248,1.488,0.604
721.661,-1.251,1.488,0.658
721.772,-1.267,1.495,0.709
721.883,-1.297,1.500,0.759
721.994,-1.338,1.500,0.809
722.105,-1.394,1.495,0.852
722.216,-1.473,1.483,0.897
722.327,-1.572,1.474,0.945
722.438,-1.665,1.474,0.988
722.549,-1.738,1.471,1.019
722.660,-1.788,1.459,1.043
722.771,-1.820,1.447,1.057
722.883,-1.834,1.440,1.063
722.994,-1.834,1.439,1.061
723.104,-1.821,1.442,1.048
723.216,-1.787,1.452,1.026
723.327,-1.723,1.466,0.986
723.438,-1.618,1.478,0.927
723.549,-1.483,1.488,0.882
723.661,-1.358,1.497,0.863
723.771,-1.260,1.505,0.855
723.883,-1.182,1.511,0.845
723.994,-1.117,1.511,0.825
724.105,-1.059,1.505,0.796
724.216,-1.010,1.498,0.757
724.327,-0.964,1.497,0.709
724.438,-0.912,1.505,0.664
724.549,-0.851,1.508,0.637
724.660,-0.786,1.508,0.623
724.772,-0.717,1.502,0.622
724.883,-0.648,1.494,0.636
724.994,-0.576,1.497,0.656
725.105,-0.508,1.507,0.665
725.216,-0.447,1.513,0.658
725.328,-0.391,1.510,0.637
725.439,-0.338,1.499,0.602
725.549,-0.289,1.485,0.549
725.660,-0.237,1.477,0.485
725.772,-0.191,1.476,0.436
725.883,-0.154,1.480,0.403
725.994,-0.125,1.480,0.385
726.105,-0.097,1.479,0.378
726.216,-0.067,1.480,0.378
726.327,-0.031,1.477,0.386
726.438,0.008,1.474,0.391
726.549,0.048,1.466,0.387
726.661,0.078,1.454,0.379
726.771,0.096,1.443,0.372
726.883,0.103,1.437,0.366
726.994,0.095,1.436,0.366
727.105,0.079,1.439,0.373
727.216,0.058,1.447,0.383
727.327,0.041,1.455,0.393
727.438,0.029,1.462,0.401
727.549,0.025,1.465,0.404
727.661,0.022,1.459,0.397
727.771,0.019,1.450,0.385
727.882,0.015,1.443,0.375
727.994,0.006,1.442,0.372
728.105,-0.015,1.449,0.385
728.216,-0.053,1.463,0.420
728.327,-0.108,1.472,0.470
728.438,-0.170,1.471,0.529
728.549,-0.221,1.474,0.575
728.660,-0.252,1.484,0.598
728.771,-0.261,1.485,0.604
728.882,-0.251,1.483,0.589
728.994,-0.220,1.478,0.557
729.104,-0.172,1.472,0.509
729.216,-0.121,1.466,0.457
729.327,-0.076,1.458,0.408
729.438,-0.041,1.445,0.367
729.549,-0.016,1.432,0.339
729.660,0.002,1.422,0.323
729.771,0.014,1.416,0.314
729.883,0.020,1.414,0.310
729.994,0.022,1.416,0.313
730.105,0.018,1.424,0.320
730.216,0.009,1.436,0.334
730.327,-0.008,1.451,0.354
730.438,-0.031,1.467,0.379
730.549,-0.062,1.483,0.412
730.660,-0.109,1.497,0.454
730.771,-0.183,1.506,0.513
730.882,-0.279,1.508,0.599
730.994,-0.372,1.509,0.700
731.104,-0.445,1.517,0.778
731.215,-0.502,1.524,0.828
731.327,-0.561,1.525,0.861
731.437,-0.626,1.519,0.876
731.548,-0.698,1.509,0.875
731.659,-0.780,1.504,0.864
731.770,-0.867,1.509,0.856
731.882,-0.946,1.514,0.867
731.993,-1.019,1.516,0.886
732.104,-1.093,1.506,0.907
732.215,-1.169,1.493,0.938
732.326,-1.252,1.490,0.977
732.437,-1.333,1.494,1.009
732.548,-1.408,1.495,1.022
732.660,-1.479,1.494,1.025
732.771,-1.544,1.482,1.014
732.882,-1.599,1.474,0.990
732.993,-1.655,1.475,0.975
733.104,-1.708,1.474,0.979
733.215,-1.753,1.470,0.996
733.326,-1.792,1.460,1.020
733.437,-1.825,1.454,1.049
733.548,-1.850,1.448,1.084
733.659,-1.860,1.444,1.117
733.770,-1.847,1.432,1.137
733.881,-1.812,1.414,1.134
733.993,-1.766,1.396,1.104
734.104,-1.720,1.382,1.065
734.215,-1.681,1.381,1.040
734.326,-1.644,1.383,1.026
734.437,-1.626,1.377,1.019
734.548,-1.618,1.361,1.015
734.659,-1.612,1.345,1.001
734.770,-1.613,1.331,0.977
734.881,-1.624,1.315,0.938
734.993,-1.641,1.287,0.892
735.103,-1.663,1.236,0.843
735.215,-1.688,1.154,0.785
735.326,-1.703,1.061,0.729
735.437,-1.712,0.969,0.689
735.549,-1.715,0.888,0.660
735.659,-1.717,0.819,0.638
735.771,-1.712,0.754,0.616
735.882,-1.704,0.703,0.599
735.994,-1.699,0.688,0.588
736.104,-1.694,0.713,0.586
736.215,-1.691,0.776,0.591
736.327,-1.687,0.863,0.605
736.437,-1.680,0.964,0.627
736.549,-1.670,1.071,0.659
736.660,-1.656,1.179,0.702
736.771,-1.636,1.287,0.763
736.881,-1.599,1.374,0.825
736.993,-1.554,1.421,0.867
737.104,-1.528,1.442,0.889
737.214,-1.533,1.453,0.901
737.325,-1.563,1.456,0.912
737.437,-1.617,1.454,0.916
737.548,-1.691,1.453,0.916
737.660,-1.759,1.455,0.921
737.770,-1.806,1.454,0.929
737.881,-1.838,1.456,0.934
737.992,-1.859,1.460,0.941
738.104,-1.870,1.464,0.951
738.214,-1.872,1.469,0.958
738.325,-1.861,1.478,0.952
738.437,-1.830,1.493,0.940
738.548,-1.779,1.501,0.936
738.659,-1.714,1.510,0.938
738.770,-1.643,1.517,0.942
738.882,-1.566,1.522,0.943
738.993,-1.488,1.528,0.940
739.104,-1.417,1.541,0.941
739.215,-1.361,1.551,0.941
739.326,-1.319,1.556,0.942
739.437,-1.291,1.560,0.940
739.548,-1.272,1.563,0.927
739.660,-1.264,1.561,0.899
739.770,-1.263,1.557,0.854
739.882,-1.261,1.551,0.805
739.993,-1.261,1.544,0.766
740.104,-1.263,1.541,0.743
740.215,-1.258,1.537,0.739
740.326,-1.237,1.531,0.754
740.437,-1.203,1.532,0.777
740.548,-1.172,1.531,0.796
740.660,-1.152,1.529,0.806
740.770,-1.145,1.528,0.811
740.882,-1.155,1.527,0.815
740.993,-1.176,1.525,0.819
741.104,-1.204,1.524,0.819
741.215,-1.240,1.520,0.821
741.326,-1.284,1.522,0.822
741.437,-1.326,1.517,0.824
741.548,-1.358,1.509,0.824
741.660,-1.379,1.510,0.822
741.770,-1.385,1.510,0.820
741.881,-1.376,1.508,0.816
741.993,-1.358,1.511,0.807
742.104,-1.336,1.516,0.788
742.215,-1.300,1.516,0.754
742.326,-1.240,1.522,0.712
742.437,-1.166,1.528,0.690
742.548,-1.099,1.532,0.689
742.660,-1.042,1.535,0.699
742.770,-0.990,1.538,0.718
742.882,-0.946,1.540,0.738
742.993,-0.911,1.538,0.759
743.104,-0.885,1.539,0.776
743.215,-0.867,1.541,0.776
743.326,-0.857,1.539,0.759
743.437,-0.855,1.538,0.726
743.548,-0.853,1.547,0.689
743.659,-0.846,1.551,0.652
743.770,-0.842,1.549,0.626
743.882,-0.836,1.553,0.615
743.993,-0.826,1.559,0.617
744.104,-0.807,1.563,0.633
744.215,-0.783,1.565,0.662
744.326,-0.761,1.571,0.702
744.437,-0.737,1.579,0.738
744.548,-0.712,1.586,0.765
744.659,-0.690,1.588,0.780
744.770,-0.673,1.589,0.785
744.882,-0.657,1.592,0.779
744.993,-0.638,1.594,0.760
745.104,-0.623,1.594,0.726
745.215,-0.608,1.597,0.684
745.326,-0.594,1.600,0.645
745.437,-0.580,1.600,0.608
745.546,-0.572,1.598,0.581
745.652,-0.559,1.585,0.537
745.763,-0.554,1.567,0.507
745.873,-0.547,1.549,0.496
745.985,-0.535,1.538,0.506
746.087,-0.525,1.533,0.522
746.199,-0.512,1.529,0.545
746.310,-0.500,1.522,0.563
746.421,-0.488,1.513,0.577
746.532,-0.479,1.504,0.589
746.643,-0.485,1.501,0.601
746.755,-0.513,1.501,0.620
746.866,-0.558,1.505,0.647
746.977,-0.609,1.507,0.674
747.088,-0.665,1.507,0.699
747.199,-0.717,1.502,0.720
747.311,-0.763,1.497,0.743
747.422,-0.796,1.495,0.769
747.533,-0.812,1.494,0.789
747.644,-0.813,1.493,0.804
747.755,-0.811,1.497,0.812
747.866,-0.808,1.500,0.812
747.977,-0.806,1.499,0.803
748.088,-0.802,1.499,0.782
748.200,-0.781,1.502,0.740
748.311,-0.735,1.503,0.699
748.422,-0.672,1.496,0.684
748.533,-0.616,1.493,0.694
748.645,-0.564,1.499,0.717
748.756,-0.512,1.505,0.749
748.867,-0.459,1.511,0.780
748.978,-0.414,1.511,0.806
749.089,-0.383,1.508,0.826
749.200,-0.367,1.508,0.841
749.312,-0.364,1.512,0.843
749.423,-0.370,1.514,0.827
749.533,-0.380,1.514,0.797
749.645,-0.383,1.515,0.757
749.756,-0.380,1.508,0.721
749.867,-0.381,1.498,0.694
749.978,-0.384,1.491,0.675
750.089,-0.393,1.485,0.665
750.200,-0.400,1.483,0.666
750.311,-0.401,1.481,0.668
750.422,-0.398,1.482,0.669
750.533,-0.394,1.482,0.671
750.645,-0.392,1.484,0.675
750.756,-0.391,1.488,0.681
750.867,-0.389,1.492,0.688
750.978,-0.386,1.497,0.697
751.089,-0.380,1.501,0.709
751.200,-0.371,1.503,0.723
751.312,-0.362,1.502,0.739
751.422,-0.354,1.502,0.756
751.533,-0.351,1.503,0.773
751.645,-0.349,1.505,0.788
751.755,-0.348,1.508,0.801
751.867,-0.346,1.510,0.811
751.978,-0.342,1.511,0.819
752.089,-0.339,1.510,0.825
752.200,-0.338,1.510,0.828
752.311,-0.338,1.509,0.827
752.423,-0.339,1.509,0.822
752.533,-0.341,1.510,0.813
752.645,-0.342,1.510,0.800
752.756,-0.344,1.510,0.780
752.867,-0.348,1.511,0.755
752.978,-0.354,1.516,0.724
753.089,-0.358,1.524,0.692
753.200,-0.364,1.531,0.666
753.312,-0.372,1.537,0.643
753.422,-0.380,1.542,0.622
753.533,-0.389,1.548,0.607
753.645,-0.400,1.557,0.596
753.756,-0.414,1.567,0.590
753.867,-0.429,1.580,0.587
753.979,-0.443,1.591,0.586
754.089,-0.457,1.601,0.586
754.200,-0.471,1.609,0.588
754.312,-0.484,1.613,0.591
754.423,-0.494,1.618,0.594
754.534,-0.499,1.619,0.599
754.645,-0.496,1.619,0.607
754.756,-0.489,1.617,0.624
754.867,-0.479,1.619,0.649
754.978,-0.467,1.622,0.678
755.089,-0.453,1.625,0.709
755.201,-0.439,1.625,0.741
755.312,-0.429,1.626,0.768
755.423,-0.421,1.626,0.794
755.534,-0.413,1.625,0.817
755.645,-0.406,1.620,0.835
755.756,-0.399,1.613,0.849
755.867,-0.388,1.598,0.857
755.978,-0.371,1.577,0.860
756.089,-0.358,1.561,0.852
756.200,-0.344,1.551,0.833
756.311,-0.328,1.541,0.799
756.422,-0.307,1.535,0.756
756.533,-0.291,1.522,0.707
756.645,-0.281,1.510,0.656
756.756,-0.278,1.499,0.595
756.867,-0.288,1.485,0.539
756.978,-0.307,1.481,0.494
757.089,-0.327,1.480,0.460
757.200,-0.337,1.475,0.441
757.311,-0.336,1.469,0.431
757.422,-0.325,1.464,0.430
757.533,-0.307,1.464,0.447
757.645,-0.279,1.465,0.488
757.756,-0.251,1.469,0.549
757.866,-0.225,1.479,0.617
757.977,-0.206,1.484,0.680
758.089,-0.193,1.486,0.728
758.200,-0.179,1.488,0.765
758.311,-0.171,1.484,0.796
758.422,-0.167,1.493,0.826
758.533,-0.163,1.496,0.848
758.644,-0.152,1.497,0.861
758.755,-0.137,1.507,0.864
758.866,-0.128,1.517,0.850
758.978,-0.110,1.520,0.818
759.089,-0.084,1.518,0.784
759.200,-0.054,1.514,0.758
759.311,-0.027,1.506,0.740
759.422,-0.008,1.501,0.731
759.533,0.005,1.499,0.734
759.644,0.014,1.494,0.749
759.755,0.017,1.492,0.774
759.866,0.013,1.491,0.804
759.977,0.007,1.490,0.834
760.088,0.003,1.485,0.862
760.199,-0.001,1.482,0.885
760.311,-0.004,1.482,0.898
760.422,-0.002,1.482,0.903
760.533,0.006,1.478,0.903
760.644,0.022,1.475,0.899
760.755,0.044,1.473,0.891
760.866,0.069,1.472,0.884
760.978,0.094,1.469,0.878
761.088,0.115,1.467,0.873
761.199,0.129,1.465,0.868
761.311,0.136,1.465,0.863
761.422,0.138,1.466,0.859
761.532,0.142,1.467,0.859
761.644,0.144,1.468,0.862
761.755,0.144,1.468,0.864
761.866,0.142,1.469,0.864
761.977,0.140,1.471,0.866
762.088,0.138,1.470,0.868
762.199,0.136,1.470,0.869
762.311,0.136,1.470,0.869
762.422,0.136,1.469,0.871
762.533,0.133,1.469,0.875
762.644,0.129,1.469,0.879
762.755,0.125,1.469,0.880
762.866,0.123,1.473,0.877
762.977,0.122,1.480,0.874
763.088,0.120,1.492,0.874
763.199,0.117,1.508,0.873
763.311,0.113,1.532,0.870
763.422,0.107,1.557,0.867
763.533,0.100,1.579,0.864
763.644,0.092,1.595,0.862
763.755,0.086,1.607,0.856
763.866,0.081,1.616,0.847
763.977,0.079,1.624,0.835
764.088,0.077,1.627,0.826
764.199,0.076,1.625,0.824
764.310,0.072,1.623,0.828
764.421,0.067,1.621,0.833
764.532,0.062,1.619,0.837
764.644,0.052,1.619,0.843
764.755,0.049,1.615,0.846
764.866,0.053,1.613,0.846
764.977,0.057,1.610,0.843
765.088,0.057,1.610,0.838
765.199,0.056,1.611,0.835
765.310,0.055,1.611,0.834
765.421,0.056,1.612,0.835
765.532,0.058,1.613,0.840
765.644,0.058,1.613,0.845
765.755,0.057,1.611,0.850
765.866,0.055,1.610,0.854
765.977,0.054,1.612,0.857
766.088,0.057,1.613,0.857
766.199,0.062,1.613,0.858
766.310,0.068,1.614,0.858
766.421,0.074,1.614,0.858
766.532,0.079,1.613,0.858
766.644,0.081,1.612,0.859
766.754,0.084,1.610,0.860
766.865,0.084,1.611,0.859
766.977,0.081,1.612,0.858
767.088,0.080,1.612,0.858
767.199,0.079,1.611,0.856
767.310,0.080,1.610,0.853
767.421,0.081,1.609,0.853
767.532,0.081,1.610,0.852
767.643,0.080,1.610,0.849
767.755,0.080,1.611,0.846
767.866,0.082,1.611,0.844
767.977,0.084,1.611,0.843
768.088,0.083,1.610,0.842
768.199,0.081,1.611,0.840
768.310,0.080,1.611,0.837
768.421,0.082,1.609,0.834
768.532,0.083,1.609,0.832
768.643,0.084,1.610,0.832
768.754,0.086,1.609,0.831
768.865,0.084,1.612,0.828
768.977,0.082,1.614,0.824
769.088,0.079,1.615,0.820
769.199,0.079,1.616,0.818
769.310,0.080,1.616,0.817
769.421,0.078,1.614,0.815
769.532,0.073,1.616,0.811
769.644,0.068,1.616,0.806
769.754,0.066,1.615,0.802
769.865,0.067,1.615,0.798
769.976,0.067,1.614,0.793
770.087,0.063,1.614,0.787
770.199,0.059,1.614,0.781
770.310,0.053,1.616,0.774
770.421,0.045,1.617,0.768
770.532,0.037,1.621,0.761
770.643,0.029,1.625,0.753
770.754,0.020,1.628,0.747
770.865,0.015,1.630,0.741
770.976,0.013,1.631,0.734
771.087,0.012,1.631,0.727
771.198,0.010,1.630,0.719
771.309,0.009,1.628,0.712
771.420,0.008,1.627,0.705
771.531,0.006,1.628,0.698
771.642,0.005,1.630,0.694
771.754,0.007,1.631,0.694
771.865,0.007,1.632,0.695
771.976,0.004,1.633,0.697
772.087,0.002,1.633,0.704
772.198,0.002,1.634,0.714
772.310,0.007,1.632,0.729
772.420,0.014,1.631,0.747
772.531,0.023,1.628,0.765
772.642,0.032,1.624,0.783
772.754,0.039,1.621,0.798
772.865,0.044,1.620,0.811
772.976,0.049,1.620,0.821
773.087,0.051,1.618,0.830
773.198,0.052,1.617,0.838
773.310,0.054,1.614,0.842
773.420,0.055,1.611,0.844
773.532,0.055,1.611,0.842
773.643,0.055,1.611,0.842
773.754,0.056,1.612,0.842
773.865,0.057,1.611,0.840
773.976,0.058,1.611,0.837
774.087,0.059,1.613,0.834
774.198,0.060,1.614,0.833
774.310,0.062,1.614,0.831
774.421,0.065,1.611,0.830
774.532,0.065,1.610,0.827
774.643,0.063,1.610,0.825
774.754,0.058,1.609,0.824
774.865,0.051,1.609,0.824
774.976,0.042,1.611,0.824
775.087,0.036,1.612,0.825
775.198,0.031,1.610,0.833
775.310,0.024,1.607,0.844
775.421,0.013,1.606,0.853
775.532,0.000,1.607,0.862
775.643,-0.014,1.608,0.872
775.754,-0.027,1.609,0.881
775.865,-0.034,1.609,0.889
775.977,-0.038,1.607,0.898
776.088,-0.039,1.604,0.906
776.198,-0.037,1.604,0.911
776.310,-0.030,1.604,0.912
776.421,-0.018,1.605,0.909
776.532,0.000,1.605,0.902
776.643,0.026,1.607,0.893
776.754,0.059,1.607,0.882
776.865,0.094,1.603,0.871
776.977,0.128,1.602,0.859
777.088,0.164,1.597,0.848
777.199,0.203,1.586,0.838
777.310,0.244,1.566,0.834
777.421,0.281,1.542,0.829
777.532,0.305,1.526,0.830
777.643,0.313,1.518,0.837
777.754,0.309,1.511,0.852
777.865,0.294,1.507,0.872
777.976,0.269,1.507,0.898
778.087,0.247,1.505,0.920
778.198,0.217,1.504,0.951
778.307,0.185,1.502,0.980
778.418,0.166,1.498,0.999
778.529,0.157,1.492,1.012
778.641,0.146,1.489,1.025
778.752,0.143,1.488,1.032
778.863,0.152,1.485,1.034
778.974,0.171,1.482,1.033
779.085,0.198,1.481,1.031
779.196,0.225,1.479,1.031
779.307,0.248,1.476,1.033
779.419,0.267,1.473,1.035
779.530,0.282,1.471,1.038
779.641,0.293,1.469,1.040
779.752,0.301,1.469,1.043
779.863,0.308,1.470,1.046
779.974,0.316,1.469,1.047
780.085,0.324,1.468,1.047
780.197,0.329,1.469,1.045
780.308,0.332,1.470,1.044
780.419,0.336,1.468,1.043
780.530,0.337,1.467,1.040
780.641,0.331,1.468,1.034
780.752,0.314,1.472,1.025
780.864,0.287,1.477,1.012
780.975,0.254,1.483,0.998
781.085,0.220,1.486,0.985
781.197,0.184,1.485,0.974
781.308,0.147,1.485,0.968
781.419,0.113,1.483,0.963
781.530,0.087,1.479,0.958
781.642,0.069,1.477,0.950
781.753,0.058,1.477,0.940
781.864,0.052,1.480,0.930
781.975,0.052,1.484,0.924
782.086,0.059,1.485,0.920
782.197,0.071,1.485,0.917
782.308,0.083,1.485,0.919
782.419,0.095,1.484,0.925
782.530,0.106,1.484,0.930
782.642,0.116,1.483,0.936
782.753,0.127,1.482,0.941
782.864,0.138,1.481,0.946
782.975,0.150,1.480,0.951
783.086,0.163,1.478,0.957
783.197,0.175,1.476,0.963
783.309,0.185,1.475,0.968
783.420,0.193,1.474,0.973
783.531,0.200,1.474,0.978
783.642,0.204,1.472,0.982
783.753,0.206,1.471,0.984
783.864,0.207,1.472,0.986
783.975,0.208,1.471,0.989
784.086,0.209,1.470,0.993
784.198,0.210,1.469,0.996
784.309,0.211,1.469,0.999
784.419,0.213,1.468,1.002
784.531,0.214,1.468,1.003
784.642,0.217,1.468,1.004
784.753,0.220,1.467,1.004
784.864,0.224,1.467,1.003
784.975,0.227,1.467,1.002
785.086,0.230,1.466,1.003
785.198,0.232,1.466,1.005
785.309,0.234,1.466,1.008
785.420,0.235,1.466,1.011
785.531,0.232,1.466,1.016
785.642,0.217,1.468,1.023
785.753,0.186,1.475,1.028
785.864,0.133,1.488,1.020
785.975,0.074,1.501,0.991
786.086,0.027,1.510,0.952
786.196,-0.009,1.516,0.917
786.308,-0.035,1.520,0.887
786.419,-0.054,1.523,0.864
786.530,-0.064,1.524,0.844
786.641,-0.061,1.525,0.832
786.752,-0.050,1.525,0.823
786.863,-0.040,1.525,0.818
786.975,-0.035,1.521,0.811
787.085,-0.038,1.518,0.800
787.197,-0.042,1.512,0.780
787.308,-0.050,1.511,0.752
787.419,-0.053,1.505,0.725
787.530,-0.056,1.500,0.707
787.641,-0.062,1.500,0.701
787.752,-0.071,1.496,0.706
787.863,-0.083,1.493,0.727
787.975,-0.106,1.495,0.752
788.086,-0.125,1.492,0.772
788.197,-0.142,1.487,0.790
788.306,-0.153,1.491,0.805
788.420,-0.155,1.495,0.817
788.530,-0.148,1.499,0.828
788.641,-0.134,1.500,0.837
788.752,-0.116,1.502,0.843
788.864,-0.099,1.502,0.846
788.975,-0.084,1.502,0.848
789.086,-0.071,1.501,0.846
789.197,-0.058,1.498,0.839
789.308,-0.045,1.493,0.830
789.419,-0.036,1.491,0.824
789.530,-0.036,1.489,0.825
789.641,-0.044,1.488,0.828
789.752,-0.057,1.490,0.831
789.864,-0.072,1.492,0.834
789.974,-0.089,1.493,0.835
790.085,-0.103,1.493,0.834
790.197,-0.111,1.493,0.829
790.308,-0.110,1.493,0.822
790.419,-0.098,1.493,0.812
790.530,-0.073,1.492,0.801
790.642,-0.042,1.493,0.790
790.752,-0.013,1.492,0.780
790.864,0.013,1.494,0.770
790.974,0.034,1.494,0.762
791.085,0.051,1.493,0.755
791.197,0.063,1.493,0.748
791.307,0.069,1.493,0.742
791.419,0.067,1.492,0.736
791.531,0.056,1.491,0.730
791.641,0.039,1.490,0.725
791.752,0.020,1.491,0.718
791.863,0.000,1.490,0.709
791.974,-0.019,1.488,0.699
792.086,-0.032,1.485,0.690
792.197,-0.032,1.483,0.681
792.308,-0.017,1.481,0.669
792.419,0.011,1.478,0.657
792.530,0.047,1.477,0.645
792.641,0.083,1.474,0.633
792.752,0.112,1.472,0.621
792.864,0.134,1.472,0.612
792.975,0.151,1.473,0.604
793.085,0.161,1.475,0.597
793.197,0.165,1.477,0.590
793.309,0.166,1.479,0.584
793.419,0.167,1.482,0.580
793.530,0.168,1.485,0.578
793.641,0.169,1.486,0.579
793.752,0.172,1.486,0.582
793.864,0.174,1.487,0.587
793.974,0.175,1.489,0.592
794.086,0.176,1.490,0.595
794.197,0.176,1.490,0.597
794.307,0.176,1.490,0.597
794.419,0.175,1.490,0.597
794.530,0.175,1.489,0.598
794.641,0.175,1.489,0.599
794.752,0.175,1.489,0.599
794.863,0.176,1.489,0.600
794.974,0.178,1.488,0.600
795.085,0.178,1.488,0.600
795.196,0.179,1.488,0.600
795.307,0.179,1.488,0.600
795.419,0.180,1.488,0.600
795.530,0.180,1.488,0.600
795.641,0.181,1.488,0.600
795.752,0.181,1.488,0.599
795.864,0.181,1.487,0.598
795.974,0.181,1.487,0.597
796.086,0.182,1.487,0.597
796.196,0.182,1.487,0.596
796.307,0.182,1.487,0.595
796.419,0.182,1.487,0.595
796.530,0.182,1.487,0.595
796.641,0.182,1.487,0.595
796.752,0.182,1.487,0.595
796.864,0.183,1.487,0.595
796.974,0.185,1.487,0.594
797.085,0.186,1.486,0.594
797.197,0.188,1.486,0.595
797.307,0.189,1.486,0.596
797.419,0.190,1.486,0.598
797.530,0.192,1.487,0.599
797.641,0.194,1.487,0.600
797.752,0.197,1.488,0.599
797.863,0.200,1.487,0.598
797.974,0.203,1.487,0.597
798.085,0.205,1.488,0.596
798.196,0.207,1.488,0.596
798.307,0.207,1.489,0.597
798.419,0.206,1.488,0.597
798.530,0.201,1.487,0.599
798.640,0.197,1.485,0.600
798.752,0.193,1.483,0.603
798.863,0.188,1.482,0.606
798.974,0.183,1.481,0.609
799.085,0.179,1.481,0.612
799.196,0.177,1.482,0.613
799.307,0.172,1.481,0.614
799.418,0.163,1.482,0.617
799.530,0.147,1.483,0.621
799.640,0.123,1.483,0.623
799.752,0.092,1.484,0.625
799.862,0.057,1.485,0.625
799.974,0.023,1.485,0.626
800.085,-0.009,1.484,0.627
800.196,-0.037,1.483,0.628
800.307,-0.061,1.483,0.630
800.418,-0.079,1.483,0.629
800.529,-0.094,1.483,0.628
800.640,-0.106,1.483,0.624
800.751,-0.114,1.484,0.621
800.863,-0.119,1.486,0.617
800.973,-0.123,1.486,0.614
801.084,-0.124,1.487,0.611
801.196,-0.125,1.488,0.609
801.307,-0.125,1.488,0.607
801.418,-0.126,1.487,0.605
801.530,-0.126,1.486,0.605
801.640,-0.127,1.486,0.605
801.751,-0.127,1.486,0.606
801.862,-0.128,1.486,0.607
801.974,-0.127,1.486,0.608
802.085,-0.126,1.486,0.608
802.196,-0.125,1.486,0.608
802.307,-0.125,1.487,0.608
802.418,-0.124,1.488,0.608
802.529,-0.122,1.488,0.608
802.640,-0.121,1.488,0.608
802.751,-0.121,1.488,0.608
802.863,-0.120,1.488,0.609
802.974,-0.120,1.489,0.609
803.085,-0.121,1.488,0.609
803.196,-0.121,1.488,0.611
803.307,-0.121,1.488,0.611
803.418,-0.120,1.489,0.613
803.529,-0.119,1.489,0.614
803.640,-0.118,1.489,0.615
803.751,-0.116,1.489,0.617
803.862,-0.115,1.489,0.619
803.973,-0.113,1.489,0.619
804.085,-0.110,1.488,0.620
804.196,-0.107,1.488,0.621
804.307,-0.104,1.489,0.622
804.418,-0.101,1.488,0.623
804.529,-0.097,1.488,0.624
804.640,-0.093,1.489,0.625
804.751,-0.090,1.489,0.626
804.863,-0.087,1.489,0.627
804.973,-0.085,1.489,0.627
805.084,-0.082,1.490,0.626
805.196,-0.080,1.489,0.625
805.307,-0.078,1.490,0.624
805.418,-0.076,1.490,0.624
805.529,-0.075,1.491,0.624
805.635,-0.074,1.492,0.624
805.747,-0.072,1.492,0.625
805.857,-0.071,1.492,0.624
805.968,-0.070,1.492,0.624
806.069,-0.069,1.491,0.625
806.181,-0.068,1.491,0.626
806.292,-0.067,1.492,0.627
806.403,-0.066,1.492,0.627
806.514,-0.066,1.492,0.627
806.625,-0.065,1.492,0.628
806.737,-0.064,1.493,0.628
806.848,-0.064,1.493,0.628
806.959,-0.063,1.494,0.628
807.070,-0.063,1.494,0.627
807.181,-0.063,1.493,0.627
807.292,-0.062,1.493,0.626
807.403,-0.062,1.493,0.626
807.514,-0.062,1.493,0.627
807.626,-0.062,1.494,0.627
807.737,-0.062,1.494,0.627
807.848,-0.061,1.495,0.627
807.959,-0.060,1.496,0.626
808.070,-0.059,1.497,0.625
808.181,-0.057,1.497,0.624
808.293,-0.054,1.498,0.622
808.403,-0.051,1.499,0.620
808.515,-0.048,1.500,0.617
808.626,-0.045,1.500,0.615
808.737,-0.043,1.500,0.614
808.848,-0.042,1.501,0.614
808.959,-0.041,1.501,0.615
809.070,-0.040,1.502,0.617
809.182,-0.039,1.503,0.617
809.293,-0.038,1.503,0.617
809.403,-0.036,1.504,0.615
809.514,-0.035,1.504,0.612
809.626,-0.034,1.504,0.609
809.737,-0.033,1.504,0.606
809.848,-0.033,1.504,0.602
809.959,-0.032,1.504,0.598
810.070,-0.032,1.504,0.596
810.181,-0.033,1.504,0.595
810.293,-0.035,1.503,0.594
810.404,-0.042,1.498,0.593
810.515,-0.052,1.495,0.593
810.628,-0.063,1.494,0.595
810.737,-0.077,1.493,0.601
810.848,-0.093,1.491,0.608
810.959,-0.111,1.489,0.614
811.070,-0.126,1.487,0.620
811.181,-0.132,1.489,0.625
811.292,-0.128,1.488,0.632
811.403,-0.117,1.491,0.638
811.514,-0.107,1.493,0.642
811.625,-0.104,1.492,0.643
811.736,-0.115,1.492,0.643
811.848,-0.140,1.490,0.643
811.959,-0.180,1.488,0.643
812.069,-0.235,1.483,0.639
812.181,-0.297,1.481,0.633
812.292,-0.349,1.479,0.624
812.403,-0.384,1.478,0.615
812.514,-0.408,1.477,0.601
812.625,-0.420,1.473,0.582
812.737,-0.422,1.467,0.563
812.848,-0.418,1.467,0.546
812.959,-0.410,1.468,0.529
813.070,-0.402,1.467,0.520
813.181,-0.395,1.470,0.516
813.292,-0.393,1.475,0.519
813.403,-0.399,1.480,0.526
813.514,-0.416,1.482,0.538
813.625,-0.442,1.485,0.549
813.737,-0.472,1.487,0.558
813.848,-0.499,1.485,0.565
813.959,-0.519,1.485,0.572
814.069,-0.530,1.490,0.580
814.181,-0.532,1.494,0.588
814.292,-0.526,1.495,0.598
814.403,-0.512,1.497,0.607
814.514,-0.497,1.500,0.614
814.626,-0.484,1.503,0.618
814.736,-0.474,1.504,0.621
814.847,-0.467,1.506,0.622
814.959,-0.461,1.506,0.623
815.069,-0.458,1.507,0.624
815.181,-0.455,1.508,0.625
815.292,-0.452,1.509,0.627
815.403,-0.450,1.510,0.628
815.514,-0.448,1.510,0.629
815.625,-0.446,1.511,0.630
815.736,-0.445,1.511,0.630
815.847,-0.443,1.512,0.629
815.958,-0.442,1.513,0.628
816.069,-0.439,1.513,0.626
816.181,-0.436,1.514,0.623
816.292,-0.432,1.514,0.620
816.403,-0.428,1.514,0.616
816.514,-0.425,1.513,0.613
816.625,-0.422,1.513,0.610
816.736,-0.418,1.514,0.607
816.847,-0.416,1.513,0.603
816.959,-0.415,1.512,0.601
817.070,-0.414,1.512,0.600
817.181,-0.413,1.511,0.598
817.292,-0.412,1.511,0.598
817.403,-0.411,1.511,0.597
817.514,-0.410,1.511,0.596
817.625,-0.410,1.511,0.595
817.736,-0.410,1.511,0.593
817.848,-0.409,1.511,0.593
817.958,-0.409,1.511,0.592
818.069,-0.409,1.512,0.591
818.180,-0.410,1.512,0.589
818.292,-0.409,1.512,0.587
818.401,-0.407,1.511,0.586
818.513,-0.405,1.511,0.586
818.622,-0.404,1.508,0.588
818.735,-0.404,1.504,0.591
818.846,-0.403,1.499,0.595
818.957,-0.404,1.495,0.598
819.068,-0.407,1.492,0.601
819.179,-0.420,1.491,0.609
819.291,-0.446,1.492,0.619
819.402,-0.483,1.491,0.631
819.513,-0.532,1.488,0.639
819.624,-0.588,1.486,0.644
819.735,-0.638,1.480,0.645
819.846,-0.676,1.480,0.642
819.958,-0.704,1.476,0.631
820.069,-0.718,1.471,0.614
820.180,-0.719,1.466,0.592
820.291,-0.717,1.464,0.567
820.402,-0.715,1.459,0.542
820.513,-0.715,1.454,0.520
820.624,-0.717,1.452,0.503
820.736,-0.719,1.454,0.492
820.847,-0.725,1.460,0.489
820.958,-0.736,1.466,0.493
821.069,-0.754,1.470,0.505
821.180,-0.781,1.477,0.521
821.291,-0.813,1.483,0.538
821.402,-0.840,1.485,0.552
821.513,-0.861,1.488,0.564
821.625,-0.872,1.491,0.576
821.736,-0.874,1.494,0.587
821.847,-0.868,1.497,0.595
821.958,-0.857,1.499,0.600
822.069,-0.843,1.502,0.605
822.180,-0.829,1.505,0.607
822.291,-0.817,1.507,0.608
822.402,-0.806,1.509,0.612
822.514,-0.799,1.513,0.615
822.625,-0.793,1.516,0.615
822.735,-0.787,1.516,0.615
822.847,-0.783,1.518,0.615
822.958,-0.779,1.520,0.615
823.069,-0.776,1.520,0.615
823.180,-0.776,1.519,0.615
823.291,-0.776,1.519,0.615
823.402,-0.776,1.519,0.614
823.513,-0.776,1.519,0.614
823.625,-0.777,1.518,0.613
823.735,-0.777,1.518,0.613
823.847,-0.775,1.519,0.612
823.958,-0.773,1.519,0.611
824.069,-0.769,1.520,0.609
824.180,-0.763,1.520,0.606
824.291,-0.757,1.520,0.601
824.402,-0.751,1.520,0.596
824.513,-0.745,1.521,0.590
824.625,-0.741,1.520,0.585
824.736,-0.738,1.521,0.580
824.847,-0.737,1.520,0.577
824.958,-0.736,1.519,0.576
825.069,-0.738,1.514,0.577
825.180,-0.739,1.511,0.581
825.291,-0.739,1.509,0.587
825.402,-0.738,1.506,0.592
825.513,-0.739,1.503,0.593
825.625,-0.748,1.498,0.598
825.735,-0.765,1.497,0.606
825.846,-0.792,1.496,0.616
825.958,-0.830,1.495,0.626
826.069,-0.876,1.495,0.633
826.180,-0.923,1.492,0.637
826.291,-0.963,1.488,0.637
826.402,-0.991,1.484,0.629
826.513,-1.006,1.481,0.614
826.624,-1.010,1.476,0.595
826.736,-1.006,1.472,0.576
826.846,-1.001,1.471,0.553
826.958,-0.995,1.468,0.533
827.069,-0.992,1.468,0.514
827.180,-0.990,1.469,0.501
827.291,-0.988,1.471,0.494
827.402,-0.990,1.475,0.492
827.513,-0.998,1.480,0.497
827.624,-1.013,1.483,0.507
827.735,-1.037,1.487,0.522
827.846,-1.067,1.492,0.538
827.958,-1.099,1.494,0.552
828.068,-1.128,1.492,0.563
828.179,-1.148,1.490,0.572
828.290,-1.160,1.491,0.581
828.401,-1.166,1.493,0.592
828.513,-1.165,1.496,0.605
828.624,-1.154,1.499,0.619
828.735,-1.135,1.502,0.631
828.846,-1.115,1.503,0.639
828.957,-1.099,1.502,0.646
829.068,-1.087,1.502,0.650
829.179,-1.079,1.501,0.653
829.291,-1.076,1.500,0.653
829.401,-1.075,1.499,0.651
829.513,-1.076,1.499,0.646
829.624,-1.077,1.499,0.640
829.735,-1.077,1.498,0.634
829.846,-1.077,1.498,0.630
829.957,-1.077,1.497,0.627
830.069,-1.076,1.497,0.627
830.180,-1.076,1.497,0.625
830.291,-1.076,1.497,0.623
830.402,-1.076,1.497,0.621
830.513,-1.077,1.497,0.619
830.624,-1.078,1.497,0.618
830.735,-1.079,1.497,0.619
830.846,-1.080,1.498,0.618
830.957,-1.081,1.499,0.617
831.068,-1.081,1.499,0.616
831.179,-1.081,1.499,0.615
831.290,-1.082,1.498,0.616
831.402,-1.083,1.499,0.618
831.513,-1.081,1.501,0.618
831.624,-1.078,1.503,0.617
831.735,-1.073,1.505,0.616
831.846,-1.067,1.506,0.613
831.957,-1.061,1.506,0.609
832.068,-1.055,1.506,0.604
832.179,-1.049,1.506,0.598
832.290,-1.044,1.507,0.591
832.402,-1.040,1.507,0.586
832.513,-1.038,1.506,0.583
832.624,-1.037,1.505,0.581
832.735,-1.036,1.503,0.584
832.846,-1.035,1.502,0.590
832.957,-1.033,1.502,0.598
833.068,-1.031,1.503,0.605
833.179,-1.029,1.502,0.608
833.291,-1.030,1.500,0.611
833.401,-1.040,1.499,0.615
833.513,-1.060,1.498,0.618
833.624,-1.091,1.496,0.617
833.735,-1.133,1.492,0.612
833.846,-1.184,1.489,0.603
833.957,-1.235,1.484,0.591
834.069,-1.279,1.480,0.580
834.180,-1.316,1.476,0.571
834.291,-1.344,1.471,0.563
834.402,-1.361,1.467,0.556
834.513,-1.369,1.466,0.551
834.624,-1.368,1.467,0.546
834.735,-1.357,1.469,0.546
834.846,-1.340,1.476,0.550
834.957,-1.319,1.485,0.555
835.068,-1.295,1.490,0.559
835.179,-1.272,1.491,0.560
835.290,-1.258,1.491,0.560
835.402,-1.250,1.494,0.562
835.512,-1.249,1.495,0.568
835.624,-1.255,1.497,0.576
835.735,-1.265,1.501,0.583
835.846,-1.288,1.503,0.593
835.957,-1.319,1.506,0.600
836.068,-1.346,1.506,0.608
836.179,-1.376,1.506,0.614
836.290,-1.400,1.505,0.618
836.401,-1.416,1.507,0.623
836.512,-1.424,1.509,0.628
836.624,-1.424,1.509,0.633
836.735,-1.420,1.509,0.637
836.846,-1.415,1.508,0.639
836.957,-1.410,1.506,0.639
837.068,-1.407,1.505,0.640
837.179,-1.407,1.504,0.641
837.290,-1.404,1.504,0.643
837.401,-1.400,1.504,0.644
837.512,-1.396,1.504,0.644
837.624,-1.392,1.504,0.642
837.734,-1.387,1.505,0.639
837.846,-1.384,1.505,0.635
837.957,-1.381,1.506,0.630
838.068,-1.378,1.506,0.624
838.179,-1.374,1.505,0.618
838.290,-1.370,1.504,0.611
838.401,-1.365,1.503,0.604
838.512,-1.361,1.502,0.599
838.624,-1.357,1.502,0.594
838.735,-1.354,1.502,0.590
838.846,-1.351,1.502,0.587
838.957,-1.348,1.502,0.585
839.068,-1.347,1.501,0.585
839.179,-1.349,1.499,0.587
839.290,-1.352,1.494,0.592
839.401,-1.358,1.492,0.597
839.512,-1.368,1.488,0.603
839.623,-1.379,1.483,0.608
839.734,-1.391,1.478,0.612
839.846,-1.405,1.470,0.615
839.957,-1.417,1.465,0.619
840.068,-1.425,1.462,0.629
840.179,-1.422,1.463,0.648
840.290,-1.406,1.465,0.671
840.401,-1.379,1.465,0.695
840.512,-1.346,1.464,0.718
840.623,-1.315,1.464,0.739
840.734,-1.294,1.465,0.753
840.846,-1.282,1.466,0.757
840.957,-1.279,1.466,0.753
841.067,-1.282,1.463,0.742
841.179,-1.287,1.461,0.729
841.290,-1.294,1.458,0.715
841.401,-1.300,1.456,0.702
841.512,-1.306,1.452,0.693
841.623,-1.312,1.451,0.687
841.734,-1.316,1.450,0.686
841.846,-1.316,1.451,0.690
841.957,-1.310,1.455,0.696
842.068,-1.300,1.458,0.708
842.179,-1.285,1.462,0.723
842.290,-1.266,1.467,0.742
842.401,-1.245,1.472,0.761
842.513,-1.219,1.477,0.779
842.626,-1.193,1.485,0.796
842.734,-1.178,1.491,0.813
842.846,-1.175,1.495,0.831
842.957,-1.182,1.499,0.844
843.068,-1.187,1.503,0.850
843.179,-1.194,1.503,0.856
843.290,-1.195,1.501,0.869
843.401,-1.193,1.506,0.892
843.512,-1.187,1.513,0.921
843.624,-1.177,1.518,0.951
843.735,-1.157,1.518,0.978
843.846,-1.129,1.514,1.008
843.957,-1.099,1.510,1.037
844.068,-1.071,1.504,1.058
844.179,-1.049,1.500,1.065
844.290,-1.029,1.497,1.061
844.401,-1.012,1.496,1.041
844.512,-1.003,1.494,1.004
844.623,-1.006,1.488,0.952
844.734,-1.015,1.484,0.896
844.846,-1.021,1.483,0.846
844.957,-1.023,1.482,0.802
845.068,-1.025,1.476,0.770
845.179,-1.028,1.476,0.742
845.290,-1.032,1.476,0.717
845.401,-1.036,1.475,0.694
845.512,-1.038,1.474,0.677
845.623,-1.041,1.476,0.668
845.734,-1.047,1.482,0.668
845.846,-1.047,1.489,0.677
845.957,-1.044,1.492,0.690
846.068,-1.037,1.493,0.700
846.179,-1.027,1.490,0.706
846.290,-1.015,1.489,0.710
846.401,-1.006,1.490,0.716
846.512,-1.007,1.493,0.727
846.623,-1.015,1.495,0.747
846.734,-1.031,1.497,0.769
846.845,-1.047,1.497,0.785
846.956,-1.061,1.496,0.792
847.067,-1.068,1.492,0.789
847.178,-1.070,1.490,0.787
847.290,-1.070,1.483,0.786
847.401,-1.072,1.469,0.791
847.512,-1.075,1.460,0.798
847.623,-1.077,1.455,0.800
847.734,-1.073,1.450,0.791
847.845,-1.050,1.449,0.755
847.956,-1.006,1.459,0.724
848.068,-0.967,1.466,0.712
848.179,-0.949,1.462,0.715
848.290,-0.944,1.456,0.714
848.401,-0.952,1.457,0.712
848.512,-0.976,1.459,0.719
848.623,-1.008,1.462,0.730
848.734,-1.030,1.462,0.735
848.845,-1.054,1.461,0.751
848.956,-1.083,1.460,0.772
849.067,-1.112,1.457,0.797
849.178,-1.128,1.457,0.812
849.289,-1.132,1.460,0.814
849.400,-1.131,1.475,0.815
849.512,-1.119,1.481,0.816
849.623,-1.108,1.481,0.816
849.734,-1.101,1.479,0.817
849.845,-1.098,1.479,0.816
849.956,-1.095,1.475,0.816
850.067,-1.093,1.468,0.816
850.178,-1.096,1.471,0.809
850.289,-1.098,1.473,0.802
850.400,-1.098,1.467,0.799
850.512,-1.100,1.469,0.795
850.622,-1.100,1.472,0.787
850.734,-1.095,1.466,0.780
850.845,-1.090,1.470,0.775
850.956,-1.085,1.475,0.771
851.067,-1.080,1.469,0.771
851.178,-1.077,1.473,0.771
851.289,-1.068,1.480,0.765
851.400,-1.048,1.480,0.755
851.512,-1.023,1.492,0.746
851.623,-1.001,1.498,0.744
851.734,-0.981,1.497,0.747
851.845,-0.956,1.497,0.745
851.956,-0.937,1.493,0.745
852.067,-0.931,1.492,0.750
852.178,-0.927,1.491,0.750
852.290,-0.931,1.491,0.751
852.400,-0.946,1.490,0.755
852.512,-0.959,1.493,0.759
852.623,-0.973,1.493,0.768
852.734,-0.988,1.493,0.775
852.845,-1.000,1.498,0.772
852.956,-0.990,1.505,0.759
853.067,-0.943,1.507,0.757
853.178,-0.876,1.506,0.775
853.290,-0.800,1.506,0.801
853.401,-0.731,1.505,0.832
853.512,-0.678,1.505,0.860
853.623,-0.640,1.511,0.884
853.734,-0.613,1.513,0.896
853.845,-0.591,1.514,0.893
853.956,-0.574,1.518,0.874
854.067,-0.559,1.522,0.845
854.179,-0.540,1.528,0.811
854.290,-0.515,1.529,0.789
854.401,-0.485,1.528,0.783
854.512,-0.452,1.523,0.794
854.623,-0.419,1.513,0.823
854.734,-0.388,1.505,0.864
854.845,-0.356,1.505,0.910
854.956,-0.326,1.511,0.947
855.067,-0.296,1.514,0.976
855.179,-0.262,1.514,0.997
855.289,-0.221,1.511,1.012
855.401,-0.171,1.506,1.022
855.512,-0.111,1.502,1.030
855.623,-0.043,1.502,1.042
855.734,0.019,1.497,1.056
855.845,0.065,1.492,1.068
855.956,0.094,1.490,1.076
856.067,0.110,1.491,1.082
856.178,0.118,1.492,1.084
856.289,0.121,1.493,1.081
856.400,0.117,1.493,1.077
856.511,0.108,1.493,1.076
856.622,0.093,1.495,1.083
856.733,0.066,1.497,1.087
856.845,0.025,1.499,1.082
856.956,-0.026,1.507,1.073
857.067,-0.076,1.514,1.060
857.178,-0.118,1.519,1.045
857.289,-0.156,1.521,1.030
857.400,-0.190,1.522,1.018
857.512,-0.223,1.521,1.004
857.622,-0.255,1.520,0.987
857.733,-0.281,1.520,0.969
857.844,-0.301,1.520,0.950
857.955,-0.311,1.521,0.932
858.066,-0.312,1.527,0.912
858.177,-0.302,1.530,0.899
858.289,-0.286,1.532,0.894
858.400,-0.269,1.531,0.893
858.511,-0.253,1.529,0.897
858.622,-0.239,1.529,0.902
858.733,-0.230,1.529,0.917
858.844,-0.219,1.529,0.959
858.955,-0.193,1.532,0.993
859.066,-0.172,1.538,1.003
859.178,-0.163,1.547,0.998
859.288,-0.164,1.555,0.987
859.399,-0.170,1.560,0.976
859.510,-0.177,1.560,0.967
859.622,-0.186,1.558,0.963
859.732,-0.196,1.556,0.961
859.844,-0.206,1.552,0.961
859.955,-0.215,1.548,0.963
860.066,-0.225,1.543,0.968
860.177,-0.229,1.536,0.978
860.288,-0.225,1.521,0.997
860.399,-0.209,1.508,1.020
860.510,-0.181,1.494,1.045
860.621,-0.147,1.478,1.077
860.732,-0.110,1.467,1.115
860.844,-0.080,1.461,1.152
860.954,-0.064,1.458,1.187
861.066,-0.059,1.456,1.225
861.178,-0.065,1.452,1.264
861.288,-0.085,1.447,1.309
861.399,-0.114,1.439,1.357
861.510,-0.147,1.438,1.417
861.621,-0.176,1.448,1.472
861.732,-0.194,1.460,1.519
861.844,-0.203,1.474,1.560
861.954,-0.208,1.483,1.607
862.066,-0.203,1.485,1.657
862.177,-0.187,1.487,1.713
862.288,-0.163,1.494,1.775
862.399,-0.137,1.510,1.835
862.510,-0.122,1.517,1.888
862.621,-0.116,1.525,1.936
862.733,-0.115,1.528,1.985
862.844,-0.123,1.525,2.032
862.954,-0.143,1.521,2.080
863.066,-0.171,1.525,2.132
863.177,-0.196,1.534,2.184
863.288,-0.210,1.538,2.231
863.399,-0.212,1.544,2.277
863.510,-0.206,1.543,2.325
863.621,-0.189,1.539,2.374
863.733,-0.161,1.535,2.423
863.843,-0.130,1.536,2.475
863.954,-0.108,1.537,2.520
864.066,-0.098,1.534,2.560
864.177,-0.095,1.531,2.598
864.290,-0.100,1.524,2.639
864.399,-0.115,1.516,2.678
864.510,-0.141,1.509,2.718
864.621,-0.169,1.510,2.758
864.732,-0.191,1.517,2.798
864.844,-0.215,1.521,2.835
864.954,-0.248,1.525,2.865
865.066,-0.297,1.533,2.885
865.177,-0.336,1.536,2.884
865.288,-0.345,1.532,2.879
865.399,-0.328,1.532,2.878
865.510,-0.298,1.538,2.891
865.612,-0.272,1.538,2.911
865.723,-0.253,1.541,2.932
865.835,-0.241,1.565,2.957
865.946,-0.225,1.585,2.985
866.051,-0.214,1.601,3.009
866.163,-0.200,1.614,3.036
866.274,-0.184,1.623,3.058
866.384,-0.166,1.624,3.080
866.495,-0.147,1.621,3.100
866.607,-0.127,1.616,3.117
866.718,-0.116,1.613,3.122
866.829,-0.119,1.610,3.124
866.940,-0.137,1.597,3.132
867.051,-0.166,1.581,3.138
867.162,-0.203,1.572,3.138
867.273,-0.244,1.565,3.136
867.384,-0.286,1.559,3.134
867.495,-0.323,1.553,3.137
867.606,-0.353,1.545,3.145
867.718,-0.375,1.539,3.159
867.829,-0.390,1.534,3.180
867.940,-0.396,1.525,3.210
868.051,-0.390,1.515,3.251
868.162,-0.376,1.508,3.298
868.273,-0.362,1.506,3.349
868.385,-0.352,1.501,3.399
868.496,-0.350,1.494,3.440
868.606,-0.360,1.494,3.476
868.718,-0.380,1.489,3.514
868.829,-0.409,1.482,3.549
868.940,-0.447,1.476,3.573
869.051,-0.488,1.480,3.595
869.162,-0.523,1.478,3.616
869.273,-0.544,1.476,3.636
869.384,-0.554,1.476,3.661
869.496,-0.558,1.473,3.691
869.607,-0.554,1.470,3.729
869.717,-0.541,1.467,3.772
869.829,-0.526,1.466,3.820
869.940,-0.517,1.459,3.866
870.051,-0.519,1.452,3.903
870.162,-0.533,1.447,3.938
870.273,-0.556,1.439,3.969
870.384,-0.587,1.430,3.994
870.495,-0.619,1.422,4.019
870.607,-0.647,1.405,4.048
870.717,-0.670,1.383,4.087
870.828,-0.688,1.352,4.126
870.940,-0.701,1.312,4.167
871.051,-0.709,1.265,4.201
871.162,-0.714,1.222,4.226
871.273,-0.716,1.192,4.240
871.384,-0.718,1.178,4.248
871.495,-0.720,1.174,4.250
871.606,-0.722,1.171,4.252
871.718,-0.720,1.170,4.252
871.829,-0.715,1.170,4.250
871.940,-0.713,1.170,4.250
872.051,-0.715,1.168,4.251
872.162,-0.714,1.171,4.249
872.273,-0.713,1.178,4.244
872.384,-0.718,1.192,4.238
872.495,-0.734,1.220,4.226
872.607,-0.752,1.259,4.209
872.717,-0.777,1.298,4.180
872.829,-0.802,1.332,4.143
872.939,-0.818,1.356,4.113
873.050,-0.823,1.376,4.099
873.162,-0.828,1.392,4.097
873.273,-0.839,1.399,4.110
873.384,-0.846,1.404,4.138
873.495,-0.853,1.408,4.176
873.606,-0.859,1.411,4.212
873.717,-0.866,1.413,4.237
873.828,-0.877,1.417,4.254
873.939,-0.892,1.420,4.263
874.050,-0.910,1.418,4.268
874.162,-0.922,1.416,4.279
874.273,-0.926,1.409,4.300
874.384,-0.924,1.395,4.332
874.495,-0.918,1.368,4.376
874.606,-0.909,1.341,4.417
874.717,-0.903,1.330,4.437
874.828,-0.897,1.332,4.445
874.940,-0.893,1.331,4.447
875.050,-0.890,1.333,4.446
875.162,-0.888,1.337,4.444
875.273,-0.888,1.340,4.442
875.384,-0.886,1.341,4.443
875.495,-0.885,1.341,4.445
875.606,-0.885,1.342,4.445
875.717,-0.885,1.344,4.444
875.828,-0.883,1.346,4.444
875.940,-0.881,1.347,4.442
876.051,-0.882,1.349,4.439
876.162,-0.882,1.353,4.436
876.273,-0.880,1.357,4.431
876.384,-0.877,1.360,4.428
876.495,-0.876,1.362,4.427
876.606,-0.878,1.366,4.426
876.717,-0.882,1.369,4.421
876.829,-0.887,1.374,4.408
876.939,-0.897,1.384,4.384
877.051,-0.917,1.396,4.347
877.162,-0.943,1.408,4.299
877.273,-0.971,1.420,4.242
877.384,-1.000,1.426,4.187
877.495,-1.026,1.426,4.142
877.606,-1.051,1.428,4.117
877.717,-1.075,1.430,4.112
877.828,-1.099,1.428,4.120
877.939,-1.121,1.417,4.137
878.050,-1.145,1.398,4.170
878.161,-1.171,1.364,4.210
878.273,-1.193,1.323,4.242
878.384,-1.208,1.289,4.259
878.495,-1.217,1.273,4.265
878.606,-1.224,1.264,4.262
878.717,-1.229,1.249,4.252
878.829,-1.235,1.224,4.239
878.939,-1.242,1.187,4.221
879.050,-1.249,1.151,4.204
879.161,-1.253,1.121,4.187
879.272,-1.256,1.099,4.172
879.384,-1.258,1.082,4.160
879.495,-1.262,1.070,4.148
879.605,-1.270,1.068,4.133
879.717,-1.279,1.070,4.119
879.828,-1.289,1.070,4.107
879.939,-1.298,1.071,4.098
880.050,-1.307,1.064,4.096
880.162,-1.307,1.052,4.103
880.273,-1.296,1.066,4.115
880.383,-1.276,1.100,4.124
880.495,-1.249,1.139,4.126
880.606,-1.222,1.168,4.109
880.717,-1.201,1.192,4.076
880.828,-1.182,1.216,4.025
880.939,-1.163,1.246,3.971
881.050,-1.139,1.277,3.927
881.161,-1.113,1.296,3.901
881.273,-1.084,1.295,3.884
881.384,-1.059,1.271,3.870
881.495,-1.047,1.244,3.856
881.606,-1.052,1.225,3.843
881.717,-1.070,1.214,3.829
881.828,-1.106,1.201,3.812
881.939,-1.149,1.182,3.801
882.050,-1.182,1.168,3.797
882.161,-1.203,1.158,3.791
882.273,-1.211,1.151,3.790
882.383,-1.210,1.150,3.784
882.494,-1.207,1.151,3.779
882.606,-1.204,1.155,3.774
882.717,-1.201,1.163,3.768
882.828,-1.198,1.174,3.763
882.939,-1.194,1.184,3.755
883.050,-1.190,1.195,3.741
883.161,-1.186,1.210,3.728
883.272,-1.183,1.223,3.718
883.383,-1.184,1.223,3.715
883.495,-1.185,1.215,3.718
883.606,-1.187,1.208,3.727
883.717,-1.191,1.201,3.737
883.828,-1.195,1.194,3.749
883.939,-1.199,1.187,3.761
884.050,-1.202,1.181,3.767
884.161,-1.204,1.179,3.772
884.272,-1.205,1.179,3.770
884.383,-1.205,1.180,3.767
884.494,-1.205,1.178,3.760
884.606,-1.205,1.176,3.750
884.717,-1.205,1.177,3.737
884.828,-1.207,1.180,3.721
884.939,-1.208,1.188,3.711
885.050,-1.208,1.192,3.708
885.162,-1.208,1.191,3.711
885.272,-1.206,1.188,3.719
885.383,-1.203,1.189,3.729
885.494,-1.199,1.194,3.743
885.605,-1.197,1.194,3.759
885.717,-1.195,1.185,3.774
885.828,-1.197,1.173,3.785
885.939,-1.198,1.165,3.791
886.050,-1.199,1.163,3.792
886.161,-1.200,1.167,3.788
886.272,-1.200,1.176,3.781
886.383,-1.198,1.195,3.770
886.495,-1.196,1.229,3.761
886.605,-1.208,1.272,3.751
886.716,-1.243,1.317,3.743
886.828,-1.301,1.352,3.734
886.939,-1.377,1.380,3.722
887.050,-1.463,1.405,3.710
887.161,-1.529,1.423,3.700
887.272,-1.568,1.437,3.707
887.383,-1.602,1.442,3.728
887.494,-1.634,1.440,3.763
887.605,-1.663,1.435,3.807
887.716,-1.687,1.431,3.863
887.827,-1.710,1.434,3.919
887.939,-1.738,1.436,3.960
888.050,-1.776,1.439,3.987
888.161,-1.819,1.437,4.004
888.272,-1.872,1.433,4.006
888.383,-1.930,1.437,4.005
888.494,-1.978,1.442,4.005
888.606,-2.007,1.440,4.004
888.716,-2.008,1.438,3.996
888.828,-1.993,1.434,3.986
888.939,-1.977,1.433,3.980
889.050,-1.966,1.432,3.976
889.161,-1.961,1.432,3.971
889.272,-1.960,1.432,3.965
889.383,-1.963,1.433,3.959
889.494,-1.969,1.433,3.956
889.605,-1.978,1.434,3.954
889.717,-1.988,1.434,3.954
889.828,-1.999,1.434,3.954
889.939,-2.012,1.435,3.955
890.049,-2.025,1.437,3.955
890.161,-2.041,1.438,3.955
890.272,-2.062,1.441,3.955
890.383,-2.087,1.442,3.959
890.495,-2.110,1.440,3.969
890.605,-2.127,1.439,3.992
890.716,-2.139,1.437,4.028
890.827,-2.141,1.431,4.072
890.938,-2.134,1.423,4.120
891.049,-2.128,1.419,4.176
891.161,-2.133,1.419,4.227
891.271,-2.152,1.410,4.276
891.383,-2.180,1.389,4.325
891.494,-2.216,1.359,4.375
891.605,-2.254,1.323,4.422
891.716,-2.286,1.282,4.468
891.828,-2.304,1.231,4.514
891.939,-2.308,1.178,4.555
892.050,-2.307,1.126,4.584
892.161,-2.313,1.071,4.607
892.272,-2.322,1.004,4.627
892.383,-2.330,0.934,4.644
892.494,-2.341,0.871,4.660
892.605,-2.352,0.814,4.673
892.716,-2.364,0.756,4.681
892.828,-2.372,0.702,4.686
892.939,-2.376,0.674,4.689
893.050,-2.372,0.646,4.691
893.161,-2.366,0.618,4.696
893.272,-2.362,0.596,4.698
893.383,-2.362,0.586,4.696
893.494,-2.366,0.581,4.694
893.605,-2.374,0.577,4.691
893.716,-2.378,0.575,4.691
893.828,-2.380,0.576,4.692
893.939,-2.380,0.574,4.691
894.050,-2.382,0.565,4.689
894.161,-2.379,0.558,4.691
894.272,-2.373,0.557,4.691
894.383,-2.370,0.567,4.692
894.495,-2.364,0.598,4.695
894.605,-2.358,0.671,4.695
894.717,-2.350,0.784,4.696
894.828,-2.330,0.919,4.694
894.938,-2.290,1.046,4.684
895.049,-2.246,1.144,4.655
895.160,-2.210,1.227,4.627
895.271,-2.180,1.295,4.593
895.382,-2.152,1.340,4.558
895.494,-2.140,1.368,4.531
895.605,-2.140,1.386,4.533
895.716,-2.156,1.397,4.551
895.827,-2.182,1.402,4.584
895.938,-2.203,1.399,4.634
896.049,-2.214,1.390,4.685
896.160,-2.211,1.378,4.730
896.271,-2.190,1.359,4.766
896.383,-2.151,1.326,4.796
896.494,-2.101,1.274,4.826
896.605,-2.050,1.221,4.848
896.716,-2.011,1.175,4.859
896.827,-1.990,1.143,4.871
896.939,-1.988,1.127,4.887
897.049,-2.003,1.129,4.917
897.161,-2.030,1.134,4.959
897.272,-2.066,1.130,5.010
897.383,-2.097,1.116,5.057
897.494,-2.109,1.082,5.092
897.605,-2.103,1.023,5.117
897.716,-2.093,0.947,5.129
897.827,-2.081,0.870,5.135
897.938,-2.073,0.804,5.141
898.049,-2.067,0.756,5.147
898.161,-2.056,0.718,5.146
898.271,-2.037,0.683,5.145
898.382,-2.022,0.656,5.147
898.494,-2.007,0.636,5.149
898.605,-1.996,0.618,5.144
898.716,-1.989,0.595,5.135
898.827,-1.985,0.570,5.133
898.938,-1.982,0.554,5.127
899.049,-1.976,0.545,5.120
899.161,-1.971,0.545,5.116
899.272,-1.970,0.546,5.113
899.383,-1.971,0.551,5.112
899.494,-1.975,0.555,5.112
899.605,-1.980,0.553,5.110
899.716,-1.990,0.558,5.109
899.828,-2.001,0.568,5.110
899.938,-2.009,0.583,5.112
900.049,-2.013,0.619,5.118
900.161,-2.012,0.682,5.125
900.271,-2.009,0.766,5.144
900.383,-2.005,0.881,5.167
900.494,-2.003,1.005,5.177
900.604,-1.998,1.125,5.172
900.716,-1.995,1.237,5.162
900.827,-2.005,1.327,5.148
900.938,-2.033,1.390,5.145
901.049,-2.059,1.435,5.154
901.160,-2.086,1.464,5.176
901.271,-2.121,1.485,5.215
901.382,-2.143,1.497,5.257
901.494,-2.147,1.509,5.291
901.605,-2.137,1.518,5.322
901.716,-2.113,1.520,5.355
901.827,-2.075,1.519,5.388
901.938,-2.025,1.515,5.414
902.049,-1.965,1.519,5.439
902.161,-1.912,1.525,5.471
902.271,-1.878,1.520,5.516
902.382,-1.850,1.516,5.566
902.494,-1.828,1.506,5.625
902.605,-1.818,1.496,5.690
902.716,-1.809,1.497,5.761
902.827,-1.793,1.499,5.826
902.938,-1.771,1.494,5.878
903.049,-1.743,1.488,5.923
903.160,-1.707,1.476,5.963
903.271,-1.662,1.463,5.993
903.383,-1.609,1.458,6.022
903.494,-1.567,1.453,6.057
903.604,-1.539,1.445,6.102
903.715,-1.521,1.429,6.156
903.827,-1.519,1.406,6.223
903.938,-1.526,1.370,6.303
904.049,-1.533,1.302,6.374
904.160,-1.535,1.226,6.435
904.271,-1.535,1.155,6.466
904.382,-1.541,1.095,6.485
904.493,-1.542,1.037,6.491
904.604,-1.540,0.984,6.493
904.715,-1.537,0.956,6.495
904.827,-1.532,0.944,6.497
904.938,-1.528,0.947,6.497
905.049,-1.523,0.968,6.495
905.160,-1.510,1.008,6.492
905.271,-1.479,1.068,6.489
905.382,-1.438,1.128,6.482
905.493,-1.388,1.174,6.463
905.604,-1.337,1.211,6.437
905.715,-1.296,1.238,6.406
905.827,-1.269,1.258,6.391
905.937,-1.249,1.270,6.386
906.049,-1.236,1.280,6.390
906.160,-1.227,1.285,6.402
906.270,-1.222,1.285,6.421
906.382,-1.220,1.277,6.438
906.493,-1.218,1.271,6.450
906.604,-1.216,1.274,6.454
906.715,-1.216,1.290,6.450
906.827,-1.208,1.319,6.433
906.937,-1.195,1.350,6.402
907.048,-1.178,1.373,6.360
907.160,-1.160,1.391,6.308
907.271,-1.143,1.411,6.246
907.382,-1.134,1.430,6.185
907.493,-1.130,1.446,6.142
907.604,-1.123,1.455,6.119
907.715,-1.106,1.457,6.113
907.827,-1.081,1.453,6.123
907.937,-1.051,1.443,6.147
908.049,-1.019,1.432,6.178
908.160,-0.992,1.422,6.205
908.270,-0.974,1.414,6.226
908.382,-0.965,1.408,6.243
908.494,-0.961,1.405,6.256
908.604,-0.960,1.404,6.266
908.715,-0.960,1.403,6.272
908.827,-0.961,1.402,6.272
908.937,-0.960,1.405,6.268
909.048,-0.958,1.407,6.260
909.160,-0.949,1.408,6.247
909.270,-0.936,1.410,6.227
909.382,-0.914,1.413,6.191
909.493,-0.878,1.420,6.139
909.604,-0.842,1.428,6.083
909.715,-0.816,1.432,6.040
909.827,-0.801,1.436,6.019
909.937,-0.787,1.435,6.013
910.048,-0.768,1.430,6.025
910.160,-0.741,1.418,6.052
910.270,-0.705,1.403,6.096
910.382,-0.663,1.381,6.152
910.493,-0.615,1.350,6.203
910.604,-0.575,1.314,6.246
910.715,-0.549,1.283,6.277
910.826,-0.534,1.266,6.298
910.937,-0.522,1.256,6.313
911.048,-0.511,1.249,6.325
911.160,-0.501,1.249,6.333
911.270,-0.493,1.257,6.334
911.382,-0.479,1.276,6.328
911.493,-0.459,1.300,6.312
911.604,-0.434,1.324,6.289
911.715,-0.406,1.337,6.260
911.826,-0.373,1.338,6.236
911.937,-0.339,1.330,6.223
912.048,-0.307,1.309,6.228
912.160,-0.277,1.273,6.249
912.270,-0.251,1.221,6.277
912.381,-0.229,1.157,6.310
912.493,-0.211,1.083,6.343
912.604,-0.202,1.015,6.368
912.715,-0.198,0.971,6.384
912.826,-0.192,0.954,6.393
912.937,-0.186,0.951,6.399
913.048,-0.178,0.951,6.407
913.160,-0.169,0.966,6.421
913.270,-0.150,1.015,6.443
913.381,-0.131,1.090,6.465
913.493,-0.117,1.171,6.478
913.603,-0.101,1.242,6.475
913.715,-0.076,1.300,6.462
913.827,-0.048,1.347,6.444
913.937,-0.013,1.384,6.420
914.048,0.031,1.417,6.392
914.160,0.071,1.450,6.368
914.270,0.099,1.469,6.357
914.382,0.120,1.475,6.367
914.493,0.139,1.471,6.394
914.604,0.163,1.461,6.435
914.715,0.190,1.450,6.493
914.826,0.222,1.445,6.570
914.937,0.258,1.439,6.639
915.049,0.299,1.429,6.701
915.160,0.339,1.415,6.756
915.271,0.381,1.400,6.800
915.381,0.425,1.383,6.842
915.493,0.458,1.372,6.880
915.604,0.478,1.371,6.912
915.715,0.486,1.370,6.936
915.826,0.482,1.371,6.950
915.937,0.472,1.376,6.961
916.048,0.461,1.377,6.966
916.160,0.451,1.382,6.965
916.270,0.443,1.387,6.956
916.382,0.444,1.392,6.950
916.493,0.442,1.398,6.937
916.604,0.433,1.404,6.919
916.715,0.426,1.411,6.906
916.827,0.417,1.418,6.893
916.937,0.408,1.422,6.883
917.048,0.401,1.423,6.877
917.160,0.392,1.424,6.872
917.270,0.391,1.426,6.874
917.381,0.387,1.426,6.870
917.492,0.387,1.426,6.873
917.603,0.392,1.422,6.883
917.714,0.405,1.405,6.907
917.826,0.424,1.371,6.942
917.937,0.444,1.336,6.976
918.048,0.457,1.311,6.997
918.159,0.462,1.302,7.006
918.270,0.464,1.299,7.012
918.381,0.463,1.304,7.010
918.492,0.459,1.310,7.009
918.603,0.457,1.311,7.006
918.714,0.456,1.312,7.005
918.825,0.452,1.313,7.005
918.937,0.454,1.314,7.006
919.047,0.454,1.315,7.008
919.159,0.452,1.316,7.007
919.270,0.452,1.318,7.013
919.381,0.448,1.322,7.013
919.492,0.437,1.331,7.008
919.603,0.426,1.339,7.013
919.714,0.403,1.355,7.012
919.826,0.377,1.377,7.005
919.936,0.362,1.398,6.999
920.048,0.361,1.414,6.986
920.159,0.368,1.429,6.975
920.270,0.362,1.443,6.962
920.381,0.341,1.462,6.928
920.492,0.317,1.482,6.866
920.603,0.309,1.500,6.783
920.714,0.313,1.511,6.697
920.825,0.329,1.517,6.607
920.936,0.361,1.520,6.517
921.047,0.397,1.523,6.444
921.159,0.425,1.524,6.394
921.270,0.438,1.528,6.362
921.381,0.438,1.528,6.341
921.493,0.426,1.529,6.332
921.603,0.395,1.535,6.334
921.714,0.349,1.538,6.343
921.826,0.301,1.549,6.347
921.937,0.258,1.555,6.344
922.048,0.223,1.565,6.339
922.159,0.197,1.593,6.339
922.270,0.180,1.610,6.338
922.381,0.178,1.612,6.324
922.493,0.190,1.601,6.297
922.603,0.208,1.589,6.275
922.714,0.220,1.591,6.267
922.825,0.241,1.603,6.269
922.936,0.271,1.615,6.269
923.047,0.294,1.619,6.265
923.158,0.311,1.620,6.258
923.269,0.321,1.623,6.251
923.380,0.325,1.624,6.246
923.492,0.325,1.623,6.246
923.603,0.321,1.624,6.246
923.714,0.318,1.624,6.242
923.825,0.319,1.624,6.237
923.936,0.323,1.625,6.232
924.047,0.330,1.626,6.230
924.158,0.337,1.626,6.232
924.269,0.340,1.625,6.236
924.380,0.343,1.624,6.239
924.492,0.346,1.624,6.236
924.602,0.346,1.623,6.231
924.713,0.344,1.622,6.225
924.825,0.341,1.620,6.219
924.936,0.337,1.618,6.212
925.047,0.327,1.617,6.202
925.158,0.310,1.614,6.190
925.269,0.284,1.609,6.176
925.380,0.249,1.604,6.162
925.492,0.211,1.594,6.140
925.603,0.190,1.585,6.127
925.716,0.134,1.555,6.083
925.828,0.110,1.540,6.064
925.939,0.095,1.532,6.049
926.050,0.087,1.528,6.037
926.158,0.086,1.525,6.025
926.269,0.091,1.522,6.008
926.380,0.104,1.519,5.990
926.491,0.127,1.518,5.972
926.602,0.160,1.521,5.950
926.713,0.204,1.533,5.924
926.825,0.255,1.543,5.903
926.936,0.304,1.549,5.884
927.047,0.343,1.552,5.870
927.159,0.368,1.552,5.858
927.269,0.385,1.552,5.850
927.380,0.396,1.553,5.844
927.492,0.399,1.554,5.836
927.602,0.393,1.554,5.828
927.713,0.379,1.554,5.819
927.825,0.354,1.554,5.810
927.936,0.318,1.554,5.801
928.047,0.277,1.556,5.789
928.158,0.231,1.557,5.772
928.269,0.189,1.557,5.755
928.380,0.157,1.556,5.738
928.492,0.135,1.553,5.721
928.602,0.119,1.552,5.699
928.714,0.106,1.547,5.669
928.825,0.103,1.538,5.633
928.935,0.107,1.529,5.593
929.047,0.123,1.518,5.556
929.159,0.149,1.509,5.518
929.269,0.172,1.506,5.482
929.380,0.184,1.502,5.454
929.491,0.186,1.500,5.434
929.602,0.179,1.498,5.414
929.713,0.164,1.493,5.394
929.825,0.138,1.486,5.375
929.935,0.101,1.477,5.362
930.046,0.056,1.471,5.348
930.158,0.014,1.465,5.332
930.269,-0.022,1.458,5.318
930.379,-0.048,1.453,5.302
930.491,-0.063,1.450,5.281
930.602,-0.073,1.448,5.255
930.713,-0.073,1.444,5.225
930.825,-0.061,1.443,5.191
930.935,-0.044,1.444,5.154
931.046,-0.025,1.443,5.117
931.157,-0.006,1.442,5.084
931.268,0.010,1.440,5.058
931.380,0.022,1.439,5.039
931.491,0.027,1.440,5.026
931.602,0.022,1.441,5.018
931.713,0.007,1.439,5.011
931.824,-0.015,1.436,5.009
931.935,-0.043,1.436,5.013
932.046,-0.073,1.436,5.018
932.157,-0.101,1.434,5.023
932.267,-0.128,1.433,5.028
932.377,-0.152,1.432,5.034
932.489,-0.173,1.431,5.040
932.599,-0.191,1.430,5.047
932.711,-0.204,1.429,5.052
932.822,-0.215,1.429,5.057
932.934,-0.222,1.429,5.060
933.045,-0.226,1.430,5.061
933.156,-0.228,1.431,5.061
933.267,-0.227,1.430,5.057
933.378,-0.222,1.430,5.049
933.489,-0.213,1.429,5.035
933.600,-0.198,1.427,5.016
933.712,-0.173,1.427,4.992
933.824,-0.143,1.431,4.963
933.934,-0.111,1.432,4.935
934.045,-0.081,1.432,4.911
934.156,-0.058,1.430,4.892
934.268,-0.045,1.424,4.872
934.379,-0.043,1.417,4.851
934.490,-0.051,1.408,4.827
934.600,-0.068,1.389,4.798
934.713,-0.094,1.363,4.764
934.823,-0.127,1.337,4.730
934.934,-0.152,1.310,4.707
935.045,-0.171,1.289,4.696
935.157,-0.183,1.270,4.691
935.268,-0.189,1.245,4.688
935.379,-0.189,1.214,4.686
935.490,-0.186,1.181,4.688
935.601,-0.183,1.154,4.694
935.712,-0.180,1.139,4.699
935.824,-0.174,1.139,4.705
935.935,-0.168,1.147,4.712
936.047,-0.162,1.162,4.715
936.157,-0.157,1.181,4.715
936.268,-0.154,1.188,4.716
936.379,-0.155,1.180,4.715
936.490,-0.156,1.174,4.714
936.601,-0.157,1.176,4.712
936.712,-0.156,1.179,4.712
936.823,-0.156,1.184,4.712
936.934,-0.154,1.190,4.712
937.046,-0.152,1.199,4.713
937.157,-0.149,1.212,4.714
937.268,-0.145,1.230,4.718
937.379,-0.141,1.247,4.724
937.491,-0.139,1.257,4.731
937.602,-0.146,1.256,4.746
937.712,-0.163,1.250,4.772
937.824,-0.185,1.248,4.799
937.935,-0.211,1.239,4.822
938.046,-0.238,1.219,4.836
938.157,-0.262,1.192,4.849
938.268,-0.285,1.161,4.854
938.379,-0.298,1.145,4.861
938.490,-0.307,1.144,4.869
938.601,-0.315,1.154,4.881
938.712,-0.325,1.174,4.896
938.824,-0.336,1.199,4.916
938.935,-0.343,1.220,4.935
939.045,-0.342,1.236,4.947
939.157,-0.336,1.250,4.953
939.268,-0.327,1.262,4.960
939.379,-0.332,1.272,4.971
939.490,-0.354,1.273,4.984
939.601,-0.390,1.258,4.995
939.712,-0.431,1.231,5.001
939.824,-0.465,1.197,5.005
939.934,-0.488,1.168,5.003
940.046,-0.500,1.153,5.001
940.157,-0.503,1.147,4.998
940.268,-0.503,1.146,4.998
940.379,-0.502,1.147,4.996
940.490,-0.499,1.148,4.995
940.601,-0.497,1.149,4.993
940.712,-0.493,1.150,4.992
940.823,-0.491,1.152,4.990
940.935,-0.487,1.154,4.990
941.046,-0.485,1.162,4.989
941.156,-0.480,1.178,4.990
941.268,-0.475,1.211,4.992
941.379,-0.463,1.255,4.999
941.490,-0.444,1.303,5.010
941.601,-0.409,1.343,5.019
941.712,-0.366,1.378,5.028
941.823,-0.324,1.411,5.034
941.934,-0.289,1.430,5.044
942.045,-0.270,1.439,5.059
942.157,-0.260,1.450,5.087
942.267,-0.257,1.461,5.132
942.378,-0.264,1.468,5.198
942.490,-0.273,1.470,5.277
942.601,-0.270,1.471,5.359
942.712,-0.260,1.472,5.419
942.824,-0.246,1.474,5.458
942.934,-0.232,1.479,5.475
943.046,-0.219,1.482,5.474
943.157,-0.210,1.485,5.460
943.268,-0.209,1.488,5.443
943.379,-0.209,1.488,5.422
943.491,-0.210,1.489,5.401
943.601,-0.218,1.485,5.368
943.712,-0.231,1.474,5.303
943.823,-0.226,1.465,5.232
943.934,-0.216,1.457,5.183
944.045,-0.209,1.451,5.152
944.157,-0.215,1.448,5.139
944.267,-0.234,1.444,5.134
944.378,-0.264,1.438,5.134
944.490,-0.304,1.433,5.137
944.600,-0.345,1.429,5.139
944.712,-0.376,1.425,5.141
944.823,-0.397,1.425,5.144
944.934,-0.410,1.426,5.147
945.045,-0.415,1.428,5.147
945.156,-0.413,1.431,5.148
945.268,-0.403,1.436,5.150
945.378,-0.383,1.441,5.160
945.490,-0.352,1.444,5.174
945.601,-0.310,1.450,5.189
945.712,-0.261,1.455,5.200
945.823,-0.218,1.456,5.207
945.934,-0.184,1.466,5.211
946.045,-0.160,1.479,5.220
946.156,-0.148,1.483,5.233
946.267,-0.152,1.486,5.254
946.378,-0.169,1.489,5.281
946.490,-0.195,1.493,5.322
946.601,-0.223,1.501,5.371
946.712,-0.247,1.512,5.415
946.823,-0.258,1.520,5.443
946.934,-0.265,1.526,5.467
947.045,-0.270,1.529,5.487
947.157,-0.282,1.527,5.508
947.267,-0.309,1.525,5.528
947.378,-0.346,1.522,5.541
947.490,-0.389,1.513,5.544
947.601,-0.427,1.500,5.532
947.712,-0.462,1.495,5.505
947.823,-0.496,1.492,5.479
947.934,-0.530,1.488,5.465
948.045,-0.564,1.488,5.463
948.157,-0.606,1.488,5.474
948.267,-0.654,1.485,5.498
948.378,-0.710,1.481,5.533
948.490,-0.770,1.476,5.576
948.601,-0.833,1.479,5.616
948.712,-0.886,1.482,5.640
948.823,-0.931,1.486,5.651
948.934,-0.975,1.489,5.649
949.045,-1.025,1.482,5.633
949.156,-1.082,1.465,5.605
949.268,-1.146,1.451,5.562
949.379,-1.211,1.453,5.511
949.490,-1.267,1.454,5.480
949.601,-1.317,1.459,5.464
949.712,-1.364,1.460,5.454
949.823,-1.412,1.458,5.453
949.934,-1.468,1.456,5.458
950.045,-1.538,1.452,5.469
950.156,-1.618,1.456,5.483
950.267,-1.684,1.463,5.491
950.378,-1.726,1.467,5.487
950.490,-1.764,1.470,5.477
950.601,-1.802,1.465,5.458
950.712,-1.839,1.457,5.426
950.823,-1.874,1.455,5.386
950.934,-1.912,1.460,5.345
951.045,-1.944,1.461,5.322
951.156,-1.970,1.467,5.307
951.267,-1.979,1.466,5.308
951.378,-1.974,1.471,5.340
951.490,-1.982,1.481,5.378
951.601,-1.999,1.484,5.416
951.712,-2.013,1.488,5.454
951.823,-2.022,1.493,5.496
951.934,-2.023,1.498,5.538
952.045,-2.017,1.499,5.581
952.157,-2.001,1.499,5.625
952.268,-1.982,1.499,5.667
952.379,-1.964,1.499,5.701
952.490,-1.951,1.503,5.729
952.601,-1.946,1.505,5.756
952.712,-1.945,1.503,5.781
952.824,-1.943,1.502,5.799
952.934,-1.938,1.502,5.813
953.045,-1.927,1.502,5.812
953.157,-1.917,1.501,5.776
953.268,-1.921,1.499,5.721
953.378,-1.949,1.494,5.674
953.490,-1.989,1.483,5.636
953.601,-2.029,1.478,5.606
953.712,-2.071,1.475,5.583
953.823,-2.117,1.473,5.561
953.934,-2.166,1.469,5.535
954.045,-2.217,1.462,5.505
954.157,-2.264,1.444,5.477
954.267,-2.307,1.431,5.451
954.379,-2.339,1.430,5.429
954.490,-2.359,1.431,5.402
954.600,-2.368,1.428,5.372
954.712,-2.369,1.423,5.335
954.823,-2.360,1.419,5.288
954.934,-2.341,1.419,5.231
955.045,-2.321,1.425,5.168
955.156,-2.307,1.432,5.110
955.267,-2.303,1.436,5.061
955.378,-2.307,1.437,5.012
955.489,-2.319,1.431,4.960
955.600,-2.341,1.424,4.906
955.711,-2.371,1.422,4.848
955.823,-2.400,1.431,4.787
955.934,-2.415,1.437,4.735
956.045,-2.413,1.449,4.685
956.156,-2.405,1.451,4.631
956.267,-2.386,1.451,4.574
956.378,-2.355,1.454,4.512
956.489,-2.314,1.465,4.450
956.601,-2.277,1.482,4.392
956.712,-2.252,1.497,4.344
956.823,-2.236,1.510,4.295
956.934,-2.226,1.509,4.242
957.045,-2.218,1.503,4.181
957.156,-2.221,1.502,4.116
957.267,-2.227,1.514,4.043
957.379,-2.227,1.522,3.977
957.490,-2.220,1.528,3.921
957.601,-2.205,1.529,3.866
957.712,-2.178,1.522,3.811
957.823,-2.139,1.513,3.758
957.934,-2.092,1.517,3.706
958.045,-2.047,1.530,3.653
958.157,-2.015,1.535,3.596
958.267,-1.989,1.534,3.538
958.378,-1.968,1.522,3.474
958.489,-1.957,1.502,3.406
958.601,-1.956,1.491,3.332
958.712,-1.954,1.492,3.262
958.823,-1.941,1.489,3.206
958.934,-1.919,1.489,3.162
959.045,-1.889,1.486,3.123
959.156,-1.848,1.480,3.090
959.267,-1.796,1.476,3.062
959.378,-1.738,1.484,3.036
959.489,-1.686,1.495,3.008
959.600,-1.647,1.499,2.982
959.711,-1.622,1.504,2.953
959.823,-1.603,1.505,2.915
959.934,-1.594,1.498,2.871
960.045,-1.599,1.490,2.822
960.156,-1.613,1.489,2.772
960.267,-1.625,1.490,2.727
960.378,-1.630,1.488,2.690
960.489,-1.624,1.488,2.663
960.600,-1.606,1.489,2.641
960.711,-1.576,1.488,2.623
960.822,-1.533,1.487,2.610
960.934,-1.479,1.489,2.596
961.045,-1.413,1.485,2.587
961.156,-1.360,1.484,2.584
961.267,-1.334,1.484,2.582
961.379,-1.324,1.484,2.580
961.489,-1.322,1.484,2.575
961.600,-1.321,1.484,2.570
961.712,-1.321,1.483,2.565
961.823,-1.320,1.484,2.563
961.934,-1.321,1.484,2.563
962.045,-1.319,1.483,2.563
962.156,-1.318,1.483,2.562
962.267,-1.318,1.483,2.561
962.378,-1.330,1.484,2.557
962.489,-1.373,1.489,2.555
962.600,-1.408,1.490,2.564
962.712,-1.422,1.486,2.569
962.822,-1.429,1.486,2.571
962.934,-1.434,1.488,2.571
963.045,-1.439,1.489,2.571
963.156,-1.443,1.489,2.569
963.267,-1.449,1.490,2.568
963.378,-1.459,1.491,2.569
963.489,-1.472,1.492,2.570
963.599,-1.483,1.491,2.570
963.711,-1.492,1.491,2.569
963.822,-1.499,1.491,2.567
963.933,-1.502,1.491,2.566
964.044,-1.503,1.492,2.564
964.155,-1.502,1.493,2.562
964.266,-1.500,1.493,2.560
964.378,-1.483,1.491,2.554
964.489,-1.453,1.489,2.550
964.600,-1.429,1.483,2.549
964.711,-1.420,1.482,2.554
964.822,-1.420,1.482,2.557
964.933,-1.420,1.483,2.550
965.044,-1.424,1.479,2.560
965.155,-1.423,1.484,2.551
965.267,-1.427,1.472,2.557
965.378,-1.424,1.480,2.550
965.489,-1.423,1.481,2.560
965.600,-1.419,1.487,2.559
965.711,-1.415,1.486,2.567
965.822,-1.410,1.485,2.566
965.933,-1.406,1.486,2.568
966.045,-1.402,1.483,2.574
966.156,-1.394,1.484,2.573
966.266,-1.383,1.487,2.573
966.378,-1.368,1.488,2.569
966.489,-1.354,1.491,2.567
966.600,-1.337,1.497,2.573
966.711,-1.325,1.508,2.583
966.822,-1.316,1.518,2.599
966.933,-1.309,1.529,2.611
967.044,-1.304,1.535,2.617
967.156,-1.306,1.538,2.618
967.266,-1.309,1.542,2.621
967.378,-1.312,1.546,2.625
967.489,-1.314,1.545,2.628
967.600,-1.318,1.543,2.631
967.711,-1.321,1.543,2.634
967.822,-1.322,1.543,2.636
967.933,-1.318,1.545,2.634
968.045,-1.313,1.545,2.630
968.156,-1.311,1.546,2.624
968.266,-1.312,1.547,2.617
968.378,-1.312,1.546,2.611
968.489,-1.310,1.545,2.608
968.600,-1.305,1.544,2.606
968.711,-1.302,1.543,2.605
968.822,-1.302,1.543,2.604
968.933,-1.305,1.543,2.603
969.044,-1.309,1.543,2.603
969.155,-1.311,1.543,2.606
969.266,-1.310,1.542,2.609
969.377,-1.303,1.542,2.611
969.489,-1.293,1.541,2.611
969.599,-1.283,1.539,2.611
969.711,-1.275,1.538,2.613
969.822,-1.268,1.537,2.615
969.933,-1.260,1.537,2.617
970.044,-1.251,1.537,2.620
970.155,-1.241,1.537,2.624
970.266,-1.234,1.537,2.626
970.377,-1.232,1.537,2.625
970.488,-1.235,1.536,2.621
970.599,-1.243,1.535,2.617
970.711,-1.254,1.536,2.611
970.822,-1.269,1.537,2.605
970.933,-1.290,1.538,2.599
971.044,-1.316,1.538,2.592
971.155,-1.344,1.539,2.587
971.266,-1.375,1.539,2.584
971.377,-1.404,1.539,2.586
971.489,-1.434,1.541,2.589
971.599,-1.465,1.541,2.592
971.711,-1.494,1.539,2.597
971.822,-1.522,1.537,2.601
971.933,-1.550,1.533,2.605
972.044,-1.578,1.526,2.607
972.155,-1.606,1.520,2.611
972.266,-1.630,1.513,2.618
972.377,-1.646,1.510,2.626
972.489,-1.654,1.509,2.633
972.599,-1.652,1.508,2.641
972.710,-1.644,1.508,2.652
972.822,-1.630,1.509,2.667
972.933,-1.607,1.511,2.684
973.044,-1.572,1.515,2.702
973.155,-1.530,1.516,2.725
973.266,-1.484,1.519,2.753
973.378,-1.433,1.525,2.787
973.489,-1.385,1.532,2.834
973.600,-1.357,1.540,2.893
973.710,-1.363,1.541,2.951
973.822,-1.397,1.536,2.983
973.932,-1.442,1.533,3.003
974.044,-1.479,1.527,3.019
974.155,-1.508,1.525,3.036
974.265,-1.533,1.535,3.063
974.377,-1.559,1.541,3.095
974.488,-1.585,1.542,3.135
974.598,-1.613,1.541,3.184
974.710,-1.638,1.537,3.242
974.821,-1.662,1.526,3.297
974.932,-1.681,1.519,3.343
975.043,-1.691,1.502,3.377
975.154,-1.693,1.482,3.405
975.265,-1.687,1.468,3.426
975.376,-1.668,1.466,3.441
975.487,-1.633,1.477,3.450
975.598,-1.585,1.486,3.450
975.709,-1.524,1.494,3.447
975.821,-1.465,1.500,3.452
975.932,-1.415,1.500,3.460
976.043,-1.380,1.497,3.469
976.154,-1.356,1.499,3.486
976.265,-1.335,1.498,3.512
976.376,-1.323,1.492,3.547
976.487,-1.312,1.494,3.578
976.598,-1.290,1.507,3.586
976.710,-1.272,1.520,3.560
976.822,-1.277,1.526,3.522
976.933,-1.295,1.526,3.494
977.044,-1.315,1.524,3.467
977.155,-1.350,1.527,3.424
977.266,-1.391,1.526,3.377
977.377,-1.437,1.524,3.322
977.488,-1.485,1.520,3.256
977.599,-1.534,1.519,3.193
977.710,-1.576,1.526,3.142
977.822,-1.608,1.530,3.099
977.932,-1.629,1.529,3.062
978.044,-1.633,1.528,3.030
978.155,-1.626,1.526,2.998
978.266,-1.608,1.525,2.964
978.377,-1.588,1.532,2.924
978.488,-1.572,1.532,2.889
978.599,-1.564,1.530,2.854
978.710,-1.565,1.531,2.819
978.821,-1.573,1.528,2.783
978.932,-1.589,1.523,2.748
979.044,-1.611,1.523,2.714
979.155,-1.633,1.520,2.680
979.266,-1.651,1.516,2.646
979.377,-1.664,1.512,2.619
979.488,-1.673,1.509,2.597
979.599,-1.676,1.507,2.582
979.710,-1.675,1.505,2.574
979.822,-1.674,1.505,2.570
979.932,-1.670,1.505,2.567
980.044,-1.662,1.506,2.566
980.155,-1.644,1.506,2.567
980.266,-1.616,1.509,2.572
980.377,-1.590,1.513,2.579
980.488,-1.567,1.516,2.588
980.599,-1.540,1.519,2.601
980.710,-1.510,1.521,2.618
980.821,-1.474,1.522,2.643
980.932,-1.432,1.523,2.667
981.043,-1.390,1.519,2.684
981.155,-1.354,1.517,2.689
981.266,-1.328,1.513,2.689
981.377,-1.307,1.512,2.687
981.488,-1.297,1.513,2.692
981.599,-1.300,1.519,2.705
981.710,-1.306,1.529,2.722
981.822,-1.315,1.535,2.741
981.932,-1.334,1.537,2.752
982.044,-1.359,1.534,2.760
982.155,-1.385,1.535,2.770
982.266,-1.412,1.538,2.780
982.377,-1.439,1.542,2.788
982.488,-1.462,1.540,2.796
982.599,-1.481,1.536,2.805
982.710,-1.494,1.536,2.814
982.822,-1.504,1.533,2.821
982.932,-1.511,1.530,2.824
983.043,-1.512,1.527,2.823
983.155,-1.511,1.527,2.824
983.266,-1.510,1.527,2.826
983.377,-1.511,1.526,2.826
983.488,-1.510,1.521,2.825
983.599,-1.509,1.519,2.824
983.710,-1.508,1.518,2.822
983.821,-1.507,1.517,2.820
983.932,-1.506,1.516,2.818
984.043,-1.507,1.516,2.816
984.155,-1.507,1.516,2.814
984.265,-1.508,1.515,2.811
984.376,-1.510,1.516,2.810
984.488,-1.511,1.516,2.809
984.599,-1.515,1.517,2.809
984.710,-1.519,1.517,2.811
984.821,-1.523,1.517,2.812
984.932,-1.528,1.517,2.813
985.043,-1.533,1.517,2.813
985.154,-1.538,1.517,2.812
985.265,-1.543,1.518,2.812
985.376,-1.547,1.518,2.810
985.488,-1.551,1.519,2.808
985.611,-1.553,1.519,2.807
985.713,-1.562,1.516,2.798
985.824,-1.562,1.510,2.792
985.935,-1.563,1.506,2.786
986.046,-1.565,1.505,2.782
986.154,-1.568,1.504,2.779
986.265,-1.570,1.505,2.777
986.376,-1.566,1.509,2.782
986.487,-1.552,1.519,2.795
986.598,-1.527,1.528,2.813
986.709,-1.497,1.536,2.832
986.821,-1.464,1.537,2.851
986.932,-1.429,1.538,2.866
987.043,-1.395,1.540,2.875
987.154,-1.367,1.539,2.879
987.265,-1.342,1.536,2.883
987.376,-1.320,1.532,2.887
987.487,-1.302,1.532,2.889
987.598,-1.286,1.534,2.893
987.709,-1.273,1.535,2.897
987.821,-1.265,1.540,2.903
987.932,-1.264,1.546,2.917
988.043,-1.271,1.551,2.935
988.154,-1.283,1.556,2.954
988.265,-1.301,1.559,2.971
988.376,-1.329,1.562,2.989
988.487,-1.366,1.565,3.010
988.598,-1.407,1.567,3.030
988.709,-1.448,1.567,3.042
988.820,-1.485,1.561,3.053
988.932,-1.514,1.556,3.069
989.043,-1.534,1.554,3.083
989.154,-1.537,1.546,3.097
989.265,-1.534,1.547,3.111
989.376,-1.534,1.546,3.122
989.487,-1.536,1.544,3.127
989.598,-1.539,1.541,3.127
989.709,-1.539,1.542,3.124
989.820,-1.533,1.545,3.117
989.931,-1.526,1.543,3.103
990.043,-1.513,1.540,3.084
990.154,-1.490,1.539,3.059
990.265,-1.462,1.539,3.030
990.376,-1.434,1.538,3.002
990.487,-1.408,1.543,2.976
990.598,-1.387,1.545,2.951
990.709,-1.368,1.544,2.926
990.820,-1.350,1.541,2.904
990.931,-1.334,1.539,2.891
991.043,-1.324,1.541,2.885
991.154,-1.323,1.541,2.882
991.265,-1.330,1.542,2.878
991.376,-1.347,1.543,2.879
991.487,-1.374,1.545,2.886
991.598,-1.404,1.543,2.891
991.709,-1.433,1.543,2.890
991.821,-1.463,1.542,2.885
991.932,-1.490,1.541,2.879
992.043,-1.513,1.543,2.871
992.154,-1.537,1.543,2.864
992.265,-1.562,1.542,2.858
992.376,-1.583,1.541,2.856
992.487,-1.602,1.541,2.859
992.598,-1.617,1.541,2.866
992.709,-1.628,1.540,2.869
992.820,-1.637,1.541,2.865
992.931,-1.642,1.540,2.853
993.042,-1.640,1.538,2.845
993.153,-1.628,1.539,2.857
993.265,-1.613,1.550,2.884
993.376,-1.587,1.563,2.913
993.487,-1.549,1.568,2.943
993.598,-1.506,1.567,2.970
993.709,-1.466,1.567,2.995
993.820,-1.431,1.565,3.017
993.931,-1.399,1.559,3.038
994.042,-1.376,1.561,3.060
994.153,-1.360,1.564,3.078
994.264,-1.349,1.564,3.090
994.376,-1.342,1.564,3.100
994.487,-1.340,1.567,3.110
994.598,-1.339,1.568,3.116
994.709,-1.338,1.568,3.118
994.820,-1.336,1.568,3.114
994.931,-1.338,1.565,3.106
995.042,-1.343,1.561,3.091
995.153,-1.355,1.561,3.072
995.265,-1.374,1.561,3.048
995.376,-1.396,1.559,3.017
995.487,-1.422,1.556,2.987
995.598,-1.446,1.559,2.965
995.709,-1.477,1.564,2.951
995.820,-1.510,1.567,2.940
995.931,-1.541,1.566,2.926
996.042,-1.569,1.560,2.913
996.154,-1.594,1.559,2.904
996.265,-1.614,1.560,2.902
996.376,-1.627,1.560,2.904
996.487,-1.635,1.559,2.905
996.597,-1.642,1.558,2.900
996.709,-1.646,1.561,2.896
996.820,-1.647,1.566,2.893
996.931,-1.641,1.562,2.886
997.042,-1.629,1.558,2.883
997.153,-1.611,1.564,2.890
997.264,-1.586,1.568,2.900
997.376,-1.553,1.567,2.913
997.487,-1.516,1.560,2.923
997.598,-1.477,1.559,2.932
997.709,-1.436,1.562,2.943
997.820,-1.395,1.559,2.951
997.931,-1.361,1.550,2.959
998.042,-1.337,1.541,2.966
998.153,-1.322,1.546,2.974
998.264,-1.312,1.551,2.983
998.375,-1.298,1.558,2.988
998.487,-1.284,1.560,2.992
998.598,-1.275,1.556,2.993
998.709,-1.271,1.555,2.994
998.820,-1.275,1.559,2.995
998.931,-1.284,1.558,2.994
999.042,-1.297,1.556,2.991
999.153,-1.313,1.558,2.982
999.264,-1.330,1.558,2.971
999.375,-1.353,1.561,2.963
999.486,-1.387,1.566,2.956
999.598,-1.427,1.566,2.949
999.709,-1.467,1.564,2.940
999.820,-1.505,1.562,2.928
999.931,-1.540,1.560,2.916
1000.042,-1.570,1.559,2.907
1000.153,-1.596,1.557,2.904
1000.264,-1.618,1.558,2.905
1000.375,-1.634,1.561,2.903
1000.486,-1.643,1.563,2.897
1000.597,-1.646,1.567,2.889
1000.708,-1.640,1.573,2.883
1000.819,-1.628,1.577,2.877
1000.930,-1.608,1.578,2.870
1001.042,-1.585,1.580,2.860
1001.152,-1.560,1.582,2.852
1001.264,-1.535,1.585,2.842
1001.375,-1.510,1.588,2.831
1001.486,-1.486,1.592,2.818
1001.597,-1.465,1.596,2.803
1001.708,-1.454,1.600,2.788
1001.820,-1.451,1.603,2.776
1001.930,-1.457,1.603,2.764
1002.042,-1.472,1.603,2.755
1002.153,-1.496,1.602,2.752
1002.264,-1.522,1.601,2.750
1002.375,-1.546,1.602,2.749
1002.486,-1.565,1.604,2.747
1002.597,-1.579,1.605,2.744
1002.709,-1.592,1.606,2.741
1002.820,-1.604,1.610,2.737
1002.930,-1.618,1.613,2.733
1003.042,-1.628,1.613,2.732
1003.153,-1.633,1.612,2.735
1003.264,-1.634,1.611,2.738
1003.377,-1.636,1.609,2.742
1003.486,-1.635,1.606,2.754
1003.597,-1.627,1.607,2.777
1003.709,-1.609,1.606,2.808
1003.819,-1.579,1.601,2.842
1003.930,-1.534,1.594,2.876
1004.042,-1.490,1.584,2.911
1004.152,-1.450,1.574,2.943
1004.264,-1.412,1.556,2.972
1004.375,-1.382,1.538,2.997
1004.486,-1.370,1.533,3.015
1004.597,-1.369,1.531,3.028
1004.708,-1.371,1.529,3.034
1004.819,-1.374,1.528,3.039
1004.930,-1.377,1.527,3.042
1005.041,-1.379,1.526,3.046
1005.152,-1.380,1.527,3.050
1005.263,-1.379,1.527,3.052
1005.375,-1.378,1.526,3.055
1005.486,-1.375,1.526,3.057
1005.596,-1.371,1.526,3.058
1005.708,-1.367,1.528,3.059
1005.819,-1.362,1.530,3.059
1005.930,-1.355,1.534,3.059
1006.041,-1.351,1.544,3.057
1006.152,-1.352,1.557,3.054
1006.263,-1.353,1.563,3.041
1006.374,-1.354,1.569,3.017
1006.485,-1.358,1.573,2.985
1006.597,-1.364,1.576,2.944
1006.707,-1.371,1.575,2.894
1006.819,-1.375,1.584,2.839
1006.930,-1.379,1.591,2.790
1007.041,-1.379,1.596,2.751
1007.152,-1.373,1.597,2.722
1007.264,-1.368,1.597,2.703
1007.374,-1.363,1.597,2.694
1007.485,-1.357,1.595,2.694
1007.596,-1.353,1.589,2.703
1007.708,-1.346,1.577,2.721
1007.818,-1.337,1.562,2.755
1007.930,-1.324,1.546,2.801
1008.041,-1.304,1.532,2.850
1008.152,-1.286,1.522,2.893
1008.263,-1.276,1.522,2.929
1008.374,-1.273,1.525,2.959
1008.485,-1.273,1.525,2.984
1008.596,-1.269,1.515,3.000
1008.708,-1.269,1.507,3.016
1008.819,-1.284,1.507,3.041
1008.930,-1.305,1.509,3.070
1009.041,-1.328,1.512,3.100
1009.152,-1.350,1.515,3.130
1009.263,-1.368,1.516,3.155
1009.374,-1.383,1.517,3.172
1009.485,-1.396,1.520,3.185
1009.596,-1.406,1.521,3.195
1009.707,-1.412,1.521,3.199
1009.819,-1.414,1.521,3.201
1009.930,-1.413,1.522,3.200
1010.041,-1.413,1.521,3.199
1010.152,-1.412,1.521,3.195
1010.263,-1.412,1.521,3.191
1010.374,-1.414,1.523,3.186
1010.485,-1.415,1.525,3.180
1010.596,-1.415,1.527,3.173
1010.707,-1.414,1.528,3.164
1010.818,-1.410,1.531,3.151
1010.930,-1.405,1.545,3.137
1011.040,-1.397,1.566,3.121
1011.152,-1.384,1.575,3.101
1011.263,-1.368,1.578,3.076
1011.374,-1.353,1.578,3.051
1011.485,-1.342,1.575,3.028
1011.596,-1.346,1.579,3.008
1011.708,-1.366,1.579,3.005
1011.819,-1.399,1.572,3.013
1011.930,-1.439,1.553,3.025
1012.041,-1.478,1.534,3.031
1012.152,-1.509,1.512,3.038
1012.263,-1.525,1.501,3.041
1012.375,-1.521,1.496,3.039
1012.485,-1.501,1.486,3.024
1012.596,-1.477,1.478,3.002
1012.707,-1.462,1.474,2.995
1012.818,-1.449,1.474,3.007
1012.929,-1.438,1.476,3.032
1013.040,-1.424,1.480,3.066
1013.151,-1.415,1.484,3.097
1013.262,-1.407,1.483,3.121
1013.374,-1.396,1.478,3.144
1013.487,-1.389,1.474,3.164
1013.596,-1.392,1.470,3.174
1013.707,-1.403,1.462,3.167
1013.819,-1.418,1.452,3.135
1013.930,-1.441,1.432,3.084
1014.041,-1.466,1.404,3.028
1014.152,-1.494,1.367,2.977
1014.263,-1.520,1.321,2.928
1014.375,-1.548,1.260,2.884
1014.485,-1.578,1.183,2.845
1014.596,-1.606,1.099,2.809
1014.707,-1.627,1.012,2.780
1014.818,-1.637,0.922,2.761
1014.930,-1.642,0.834,2.749
1015.041,-1.645,0.755,2.743
1015.152,-1.645,0.688,2.740
1015.263,-1.647,0.639,2.737
1015.374,-1.651,0.614,2.733
1015.485,-1.656,0.618,2.729
1015.596,-1.661,0.656,2.727
1015.707,-1.662,0.732,2.728
1015.818,-1.661,0.837,2.732
1015.930,-1.653,0.963,2.739
1016.041,-1.624,1.113,2.741
1016.152,-1.577,1.261,2.761
1016.263,-1.534,1.378,2.801
1016.374,-1.502,1.452,2.841
1016.485,-1.477,1.492,2.871
1016.596,-1.457,1.513,2.890
1016.707,-1.440,1.524,2.904
1016.818,-1.419,1.529,2.912
1016.929,-1.395,1.526,2.914
1017.041,-1.372,1.524,2.912
1017.152,-1.354,1.524,2.912
1017.263,-1.344,1.526,2.920
1017.374,-1.338,1.528,2.937
1017.485,-1.331,1.529,2.957
1017.596,-1.329,1.531,2.983
1017.707,-1.336,1.535,3.013
1017.818,-1.347,1.539,3.045
1017.929,-1.360,1.540,3.074
1018.040,-1.372,1.542,3.100
1018.151,-1.376,1.545,3.119
1018.262,-1.367,1.547,3.132
1018.374,-1.349,1.549,3.135
1018.485,-1.323,1.549,3.129
1018.595,-1.289,1.549,3.120
1018.706,-1.256,1.550,3.108
1018.818,-1.232,1.546,3.095
1018.929,-1.220,1.539,3.085
1019.040,-1.209,1.532,3.082
1019.151,-1.204,1.526,3.091
1019.262,-1.195,1.526,3.105
1019.373,-1.187,1.529,3.125
1019.484,-1.183,1.530,3.155
1019.595,-1.188,1.531,3.201
1019.707,-1.200,1.531,3.259
1019.818,-1.220,1.528,3.320
1019.929,-1.260,1.524,3.388
1020.040,-1.297,1.524,3.465
1020.150,-1.319,1.520,3.528
1020.262,-1.337,1.517,3.577
1020.373,-1.361,1.513,3.608
1020.484,-1.396,1.505,3.624
1020.595,-1.442,1.497,3.628
1020.706,-1.494,1.498,3.629
1020.817,-1.547,1.499,3.633
1020.928,-1.593,1.497,3.644
1021.040,-1.637,1.497,3.667
1021.150,-1.679,1.489,3.702
1021.262,-1.716,1.476,3.748
1021.373,-1.750,1.464,3.808
1021.484,-1.789,1.461,3.872
1021.595,-1.830,1.456,3.922
1021.707,-1.876,1.451,3.966
1021.817,-1.924,1.439,4.009
1021.928,-1.976,1.425,4.045
1022.040,-2.034,1.415,4.080
1022.150,-2.086,1.406,4.121
1022.262,-2.126,1.396,4.166
1022.373,-2.159,1.381,4.216
1022.484,-2.187,1.358,4.274
1022.595,-2.211,1.330,4.332
1022.706,-2.234,1.296,4.395
1022.817,-2.260,1.254,4.453
1022.929,-2.288,1.208,4.503
1023.040,-2.324,1.159,4.535
1023.151,-2.360,1.119,4.561
1023.261,-2.389,1.071,4.580
1023.373,-2.405,1.015,4.607
1023.484,-2.416,0.956,4.625
1023.595,-2.425,0.902,4.644
1023.706,-2.432,0.848,4.658
1023.817,-2.438,0.798,4.668
1023.928,-2.446,0.750,4.676
1024.039,-2.453,0.703,4.682
1024.151,-2.461,0.661,4.688
1024.262,-2.473,0.623,4.680
1024.373,-2.481,0.618,4.688
1024.484,-2.486,0.633,4.694
1024.595,-2.486,0.661,4.699
1024.707,-2.482,0.706,4.702
1024.818,-2.476,0.774,4.706
1024.929,-2.467,0.859,4.708
1025.040,-2.454,0.945,4.701
1025.151,-2.438,1.033,4.688
1025.262,-2.422,1.129,4.668
1025.373,-2.410,1.207,4.635
1025.484,-2.398,1.267,4.603
1025.594,-2.385,1.321,4.576
1025.706,-2.371,1.366,4.551
1025.817,-2.355,1.393,4.528
1025.928,-2.342,1.409,4.512
1026.039,-2.331,1.421,4.503
1026.150,-2.321,1.432,4.498
1026.261,-2.308,1.442,4.497
1026.373,-2.294,1.450,4.499
1026.483,-2.279,1.454,4.504
1026.594,-2.268,1.457,4.508
1026.706,-2.263,1.459,4.514
1026.817,-2.263,1.460,4.524
1026.927,-2.263,1.459,4.543
1027.039,-2.267,1.459,4.561
1027.150,-2.276,1.465,4.574
1027.261,-2.291,1.478,4.581
1027.372,-2.309,1.485,4.587
1027.483,-2.321,1.489,4.591
1027.594,-2.322,1.490,4.595
1027.705,-2.312,1.490,4.599
1027.816,-2.288,1.489,4.598
1027.927,-2.264,1.480,4.602
1028.039,-2.247,1.470,4.617
1028.150,-2.243,1.455,4.634
1028.260,-2.243,1.445,4.669
1028.372,-2.251,1.435,4.716
1028.483,-2.269,1.428,4.773
1028.594,-2.289,1.435,4.837
1028.705,-2.300,1.460,4.894
1028.816,-2.305,1.482,4.938
1028.927,-2.300,1.494,4.982
1029.039,-2.278,1.494,5.030
1029.149,-2.242,1.489,5.077
1029.261,-2.187,1.484,5.120
1029.372,-2.118,1.490,5.148
1029.483,-2.075,1.494,5.170
1029.595,-2.046,1.500,5.192
1029.706,-2.021,1.500,5.217
1029.817,-2.006,1.496,5.253
1029.928,-1.999,1.495,5.297
1030.039,-1.985,1.500,5.337
1030.150,-1.963,1.501,5.362
1030.261,-1.930,1.499,5.372
1030.372,-1.888,1.492,5.366
1030.484,-1.840,1.484,5.344
1030.595,-1.786,1.480,5.310
1030.706,-1.735,1.481,5.283
1030.817,-1.685,1.481,5.269
1030.927,-1.630,1.478,5.263
1031.039,-1.570,1.471,5.264
1031.150,-1.504,1.462,5.273
1031.261,-1.433,1.460,5.278
1031.372,-1.371,1.458,5.271
1031.483,-1.315,1.454,5.250
1031.594,-1.262,1.445,5.221
1031.706,-1.216,1.433,5.182
1031.816,-1.174,1.419,5.132
1031.928,-1.133,1.410,5.084
1032.039,-1.099,1.401,5.049
1032.150,-1.072,1.392,5.026
1032.261,-1.051,1.384,5.013
1032.372,-1.036,1.379,5.006
1032.483,-1.021,1.374,5.000
1032.594,-1.011,1.368,4.995
1032.706,-1.002,1.362,4.991
1032.816,-0.995,1.356,4.987
1032.928,-0.991,1.353,4.984
1033.039,-0.991,1.353,4.984
1033.150,-0.993,1.355,4.983
1033.261,-0.997,1.358,4.982
1033.372,-1.003,1.363,4.980
1033.483,-1.008,1.366,4.978
1033.595,-1.013,1.369,4.977
1033.706,-1.018,1.370,4.976
1033.817,-1.022,1.371,4.975
1033.927,-1.026,1.372,4.975
1034.039,-1.029,1.373,4.976
1034.149,-1.032,1.374,4.978
1034.261,-1.036,1.377,4.980
1034.372,-1.040,1.382,4.983
1034.483,-1.045,1.389,4.986
1034.594,-1.051,1.397,4.990
1034.705,-1.057,1.403,4.993
1034.816,-1.063,1.409,4.996
1034.927,-1.068,1.414,4.998
1035.039,-1.073,1.419,5.001
1035.150,-1.076,1.420,5.002
1035.261,-1.076,1.419,5.001
1035.372,-1.075,1.416,5.000
1035.483,-1.074,1.412,4.998
1035.594,-1.072,1.409,4.996
1035.706,-1.071,1.407,4.995
1035.816,-1.071,1.408,4.996
1035.927,-1.069,1.410,4.997
1036.039,-1.068,1.410,4.997
1036.149,-1.067,1.410,4.997
1036.260,-1.066,1.410,4.998
1036.372,-1.067,1.411,4.999
1036.483,-1.067,1.412,5.000
1036.594,-1.068,1.412,5.001
1036.705,-1.068,1.412,5.003
1036.816,-1.068,1.413,5.005
1036.927,-1.069,1.413,5.007
1037.038,-1.069,1.414,5.009
1037.149,-1.069,1.414,5.012
1037.261,-1.069,1.415,5.017
1037.372,-1.069,1.417,5.025
1037.483,-1.069,1.420,5.039
1037.594,-1.067,1.427,5.066
1037.705,-1.061,1.434,5.105
1037.816,-1.058,1.438,5.154
1037.927,-1.056,1.439,5.218
1038.038,-1.050,1.438,5.300
1038.149,-1.037,1.432,5.380
1038.261,-1.025,1.424,5.441
1038.371,-1.016,1.425,5.481
1038.483,-1.006,1.426,5.502
1038.594,-0.990,1.428,5.501
1038.705,-0.966,1.427,5.487
1038.816,-0.935,1.424,5.464
1038.927,-0.900,1.419,5.430
1039.039,-0.859,1.419,5.388
1039.150,-0.813,1.420,5.357
1039.261,-0.766,1.420,5.331
1039.372,-0.720,1.418,5.313
1039.482,-0.678,1.415,5.307
1039.593,-0.643,1.415,5.287
1039.704,-0.623,1.415,5.250
1039.815,-0.617,1.405,5.200
1039.927,-0.616,1.386,5.136
1040.038,-0.616,1.357,5.052
1040.149,-0.617,1.319,4.970
1040.260,-0.618,1.271,4.904
1040.372,-0.622,1.230,4.857
1040.483,-0.626,1.205,4.827
1040.594,-0.630,1.194,4.809
1040.705,-0.632,1.189,4.799
1040.816,-0.632,1.190,4.795
1040.927,-0.633,1.199,4.794
1041.038,-0.634,1.206,4.796
1041.149,-0.635,1.214,4.797
1041.260,-0.637,1.230,4.801
1041.371,-0.641,1.255,4.810
1041.482,-0.646,1.286,4.826
1041.594,-0.651,1.316,4.851
1041.705,-0.654,1.346,4.885
1041.816,-0.655,1.381,4.925
1041.926,-0.654,1.408,4.960
1042.038,-0.652,1.426,4.987
1042.149,-0.655,1.435,5.002
1042.260,-0.661,1.435,5.003
1042.371,-0.670,1.427,4.994
1042.482,-0.678,1.419,4.985
1042.593,-0.686,1.417,4.978
1042.705,-0.694,1.417,4.974
1042.816,-0.699,1.418,4.972
1042.926,-0.702,1.419,4.971
1043.038,-0.704,1.420,4.970
1043.149,-0.705,1.423,4.971
1043.260,-0.705,1.428,4.973
1043.371,-0.705,1.433,4.977
1043.482,-0.704,1.438,4.983
1043.594,-0.702,1.443,4.991
1043.704,-0.699,1.448,4.998
1043.816,-0.698,1.463,5.005
1043.927,-0.695,1.487,5.017
1044.038,-0.691,1.500,5.035
1044.149,-0.688,1.508,5.053
1044.260,-0.681,1.513,5.069
1044.371,-0.669,1.518,5.094
1044.482,-0.657,1.522,5.133
1044.593,-0.643,1.525,5.179
1044.705,-0.626,1.525,5.224
1044.816,-0.611,1.523,5.264
1044.926,-0.601,1.523,5.295
1045.038,-0.599,1.525,5.315
1045.148,-0.603,1.527,5.328
1045.260,-0.616,1.528,5.333
1045.371,-0.636,1.531,5.329
1045.482,-0.667,1.532,5.318
1045.606,-0.693,1.534,5.308
1045.708,-0.762,1.532,5.284
1045.819,-0.805,1.526,5.268
1045.929,-0.843,1.522,5.259
1046.041,-0.869,1.522,5.258
1046.148,-0.881,1.523,5.260
1046.259,-0.888,1.521,5.258
1046.370,-0.888,1.516,5.248
1046.481,-0.882,1.512,5.235
1046.593,-0.868,1.510,5.222
1046.704,-0.845,1.511,5.214
1046.815,-0.814,1.516,5.206
1046.927,-0.781,1.521,5.198
1047.037,-0.748,1.522,5.187
1047.149,-0.722,1.521,5.178
1047.259,-0.705,1.522,5.171
1047.371,-0.697,1.524,5.166
1047.482,-0.695,1.525,5.160
1047.593,-0.702,1.525,5.153
1047.704,-0.715,1.525,5.145
1047.815,-0.725,1.524,5.137
1047.926,-0.730,1.521,5.133
1048.038,-0.733,1.520,5.130
1048.148,-0.733,1.517,5.130
1048.260,-0.733,1.515,5.127
1048.371,-0.735,1.505,5.120
1048.481,-0.751,1.476,5.115
1048.592,-0.768,1.445,5.105
1048.704,-0.777,1.418,5.098
1048.815,-0.791,1.400,5.091
1048.926,-0.805,1.383,5.078
1049.037,-0.821,1.362,5.061
1049.148,-0.836,1.339,5.039
1049.259,-0.847,1.313,5.012
1049.370,-0.855,1.282,4.985
1049.481,-0.859,1.250,4.963
1049.593,-0.863,1.225,4.947
1049.705,-0.867,1.205,4.935
1049.815,-0.870,1.189,4.929
1049.926,-0.872,1.195,4.931
1050.038,-0.875,1.214,4.936
1050.148,-0.879,1.237,4.946
1050.259,-0.883,1.264,4.959
1050.370,-0.886,1.292,4.973
1050.481,-0.884,1.319,4.986
1050.593,-0.882,1.336,4.998
1050.704,-0.882,1.344,5.005
1050.815,-0.885,1.347,5.009
1050.926,-0.888,1.351,5.013
1051.037,-0.890,1.365,5.019
1051.148,-0.891,1.375,5.022
1051.259,-0.895,1.375,5.018
1051.370,-0.902,1.370,5.011
1051.481,-0.913,1.361,5.003
1051.593,-0.927,1.356,4.998
1051.704,-0.940,1.353,4.994
1051.815,-0.952,1.349,4.990
1051.926,-0.964,1.344,4.989
1052.037,-0.975,1.340,4.989
1052.148,-0.985,1.339,4.993
1052.259,-0.992,1.341,4.998
1052.370,-0.998,1.343,5.003
1052.481,-1.002,1.345,5.008
1052.592,-1.005,1.347,5.010
1052.704,-1.005,1.348,5.012
1052.815,-1.002,1.351,5.012
1052.926,-0.997,1.354,5.011
1053.037,-0.992,1.357,5.008
1053.148,-0.987,1.360,5.004
1053.259,-0.981,1.362,4.999
1053.370,-0.977,1.364,4.994
1053.481,-0.973,1.366,4.991
1053.592,-0.968,1.368,4.988
1053.704,-0.965,1.369,4.983
1053.815,-0.962,1.364,4.976
1053.926,-0.960,1.354,4.966
1054.037,-0.960,1.339,4.953
1054.148,-0.963,1.326,4.941
1054.259,-0.970,1.308,4.927
1054.371,-0.980,1.282,4.913
1054.482,-0.991,1.256,4.901
1054.593,-1.003,1.232,4.892
1054.704,-1.016,1.210,4.887
1054.815,-1.027,1.193,4.885
1054.926,-1.036,1.181,4.886
1055.037,-1.043,1.182,4.889
1055.148,-1.049,1.186,4.892
1055.259,-1.054,1.191,4.897
1055.371,-1.057,1.198,4.902
1055.482,-1.060,1.213,4.911
1055.592,-1.060,1.231,4.920
1055.704,-1.060,1.250,4.930
1055.814,-1.059,1.273,4.941
1055.926,-1.057,1.293,4.952
1056.037,-1.054,1.311,4.963
1056.148,-1.051,1.324,4.971
1056.259,-1.046,1.322,4.972
1056.370,-1.042,1.305,4.968
1056.481,-1.040,1.283,4.960
1056.592,-1.039,1.258,4.948
1056.704,-1.039,1.232,4.935
1056.815,-1.037,1.205,4.925
1056.926,-1.035,1.184,4.919
1057.037,-1.032,1.172,4.915
1057.148,-1.030,1.165,4.913
1057.259,-1.028,1.165,4.913
1057.370,-1.025,1.168,4.913
1057.481,-1.021,1.171,4.915
1057.593,-1.017,1.175,4.918
1057.704,-1.011,1.184,4.922
1057.814,-1.004,1.202,4.927
1057.926,-0.997,1.224,4.935
1058.037,-0.989,1.244,4.944
1058.148,-0.982,1.264,4.953
1058.259,-0.974,1.279,4.961
1058.370,-0.966,1.289,4.966
1058.481,-0.959,1.292,4.968
1058.590,-0.950,1.294,4.970
1058.703,-0.937,1.295,4.970
1058.814,-0.922,1.297,4.969
1058.925,-0.904,1.298,4.968
1059.037,-0.888,1.297,4.967
1059.147,-0.871,1.299,4.967
1059.258,-0.856,1.305,4.969
1059.369,-0.843,1.312,4.972
1059.480,-0.833,1.320,4.978
1059.592,-0.825,1.329,4.986
1059.703,-0.819,1.342,4.994
1059.814,-0.813,1.356,5.005
1059.925,-0.806,1.373,5.019
1060.036,-0.796,1.393,5.036
1060.147,-0.782,1.410,5.059
1060.258,-0.763,1.428,5.086
1060.370,-0.742,1.439,5.116
1060.481,-0.726,1.443,5.142
1060.592,-0.719,1.450,5.170
1060.703,-0.725,1.455,5.206
1060.814,-0.742,1.456,5.243
1060.925,-0.769,1.458,5.283
1061.036,-0.804,1.459,5.324
1061.147,-0.848,1.458,5.365
1061.259,-0.891,1.460,5.403
1061.370,-0.918,1.468,5.443
1061.481,-0.932,1.477,5.482
1061.592,-0.930,1.483,5.520
1061.704,-0.913,1.489,5.550
1061.814,-0.880,1.491,5.573
1061.925,-0.844,1.493,5.591
1062.036,-0.806,1.494,5.608
1062.147,-0.771,1.501,5.625
1062.258,-0.737,1.516,5.638
1062.369,-0.714,1.534,5.659
1062.480,-0.710,1.541,5.683
1062.592,-0.723,1.545,5.703
1062.703,-0.750,1.547,5.722
1062.814,-0.789,1.554,5.738
1062.925,-0.832,1.559,5.751
1063.036,-0.871,1.560,5.763
1063.147,-0.908,1.561,5.775
1063.258,-0.938,1.565,5.786
1063.370,-0.953,1.565,5.793
1063.481,-0.956,1.565,5.800
1063.592,-0.951,1.567,5.806
1063.703,-0.941,1.569,5.807
1063.814,-0.924,1.571,5.805
1063.925,-0.902,1.571,5.800
1064.036,-0.880,1.571,5.792
1064.147,-0.865,1.576,5.782
1064.258,-0.853,1.580,5.776
1064.370,-0.833,1.579,5.777
1064.481,-0.810,1.577,5.784
1064.592,-0.784,1.580,5.791
1064.703,-0.758,1.579,5.796
1064.814,-0.743,1.577,5.801
1064.925,-0.739,1.576,5.808
1065.036,-0.742,1.580,5.815
1065.147,-0.745,1.578,5.817
1065.258,-0.748,1.574,5.817
1065.369,-0.749,1.573,5.819
1065.480,-0.751,1.573,5.824
1065.592,-0.753,1.572,5.826
1065.703,-0.754,1.572,5.826
1065.814,-0.754,1.572,5.825
1065.925,-0.753,1.572,5.823
1066.036,-0.751,1.571,5.822
1066.147,-0.748,1.571,5.823
1066.258,-0.745,1.572,5.824
1066.369,-0.742,1.573,5.825
1066.481,-0.737,1.572,5.825
1066.592,-0.730,1.570,5.823
1066.703,-0.724,1.573,5.824
1066.814,-0.718,1.573,5.828
1066.925,-0.716,1.570,5.827
1067.036,-0.716,1.571,5.829
1067.147,-0.713,1.573,5.832
1067.258,-0.708,1.572,5.832
1067.370,-0.703,1.569,5.829
1067.480,-0.700,1.573,5.830
1067.591,-0.699,1.573,5.831
1067.703,-0.701,1.568,5.829
1067.814,-0.704,1.563,5.826
1067.925,-0.706,1.566,5.827
1068.036,-0.709,1.566,5.825
1068.147,-0.713,1.565,5.819
1068.258,-0.718,1.563,5.810
1068.369,-0.732,1.562,5.803
1068.480,-0.760,1.561,5.802
1068.592,-0.803,1.559,5.803
1068.703,-0.859,1.562,5.803
1068.814,-0.918,1.564,5.801
1068.925,-0.970,1.562,5.800
1069.036,-1.016,1.564,5.800
1069.147,-1.051,1.563,5.801
1069.258,-1.077,1.561,5.804
1069.369,-1.095,1.558,5.806
1069.480,-1.109,1.559,5.807
1069.591,-1.116,1.565,5.804
1069.702,-1.124,1.565,5.793
1069.814,-1.127,1.560,5.774
1069.923,-1.117,1.562,5.753
1070.034,-1.096,1.566,5.731
1070.146,-1.071,1.566,5.705
1070.257,-1.045,1.564,5.674
1070.368,-1.022,1.545,5.640
1070.479,-1.009,1.530,5.609
1070.590,-1.001,1.518,5.589
1070.702,-0.994,1.505,5.574
1070.813,-0.990,1.497,5.562
1070.924,-0.996,1.491,5.550
1071.035,-1.014,1.484,5.539
1071.146,-1.043,1.477,5.525
1071.257,-1.077,1.472,5.517
1071.369,-1.114,1.471,5.509
1071.480,-1.154,1.474,5.500
1071.591,-1.189,1.474,5.491
1071.702,-1.215,1.474,5.484
1071.813,-1.233,1.473,5.482
1071.924,-1.242,1.472,5.483
1072.036,-1.242,1.473,5.479
1072.146,-1.234,1.474,5.471
1072.258,-1.213,1.477,5.456
1072.369,-1.177,1.479,5.440
1072.480,-1.129,1.481,5.425
1072.592,-1.072,1.483,5.411
1072.702,-1.016,1.484,5.397
1072.813,-0.970,1.483,5.386
1072.925,-0.935,1.482,5.379
1073.036,-0.910,1.483,5.373
1073.145,-0.893,1.479,5.365
1073.257,-0.878,1.472,5.351
1073.367,-0.866,1.463,5.329
1073.480,-0.860,1.453,5.298
1073.591,-0.857,1.439,5.256
1073.702,-0.860,1.431,5.200
1073.813,-0.875,1.433,5.135
1073.924,-0.897,1.441,5.075
1074.034,-0.913,1.450,5.028
1074.147,-0.912,1.461,4.983
1074.257,-0.899,1.463,4.936
1074.369,-0.870,1.456,4.888
1074.479,-0.823,1.446,4.837
1074.591,-0.764,1.449,4.777
1074.702,-0.713,1.464,4.723
1074.812,-0.682,1.480,4.676
1074.924,-0.665,1.492,4.627
1075.035,-0.653,1.492,4.569
1075.146,-0.649,1.484,4.500
1075.257,-0.656,1.478,4.422
1075.368,-0.668,1.488,4.338
1075.479,-0.674,1.504,4.264
1075.590,-0.665,1.513,4.197
1075.702,-0.643,1.512,4.125
1075.813,-0.607,1.498,4.049
1075.925,-0.553,1.483,3.974
1076.036,-0.496,1.489,3.903
1076.146,-0.457,1.506,3.836
1076.258,-0.434,1.516,3.765
1076.369,-0.417,1.516,3.687
1076.480,-0.410,1.504,3.603
1076.591,-0.412,1.492,3.513
1076.702,-0.419,1.499,3.415
1076.813,-0.417,1.511,3.332
1076.925,-0.407,1.520,3.259
1077.036,-0.393,1.518,3.184
1077.146,-0.372,1.506,3.106
1077.258,-0.340,1.493,3.024
1077.369,-0.304,1.494,2.941
1077.480,-0.279,1.505,2.868
1077.591,-0.266,1.512,2.800
1077.702,-0.260,1.509,2.731
1077.813,-0.261,1.500,2.661
1077.924,-0.270,1.489,2.587
1078.035,-0.288,1.491,2.506
1078.147,-0.301,1.500,2.429
1078.258,-0.298,1.508,2.360
1078.369,-0.291,1.512,2.292
1078.479,-0.279,1.505,2.224
1078.591,-0.256,1.493,2.155
1078.702,-0.225,1.490,2.087
1078.813,-0.195,1.497,2.019
1078.924,-0.179,1.504,1.954
1079.036,-0.174,1.507,1.890
1079.146,-0.177,1.501,1.824
1079.257,-0.190,1.491,1.757
1079.369,-0.216,1.484,1.691
1079.480,-0.245,1.490,1.618
1079.591,-0.262,1.496,1.555
1079.702,-0.269,1.501,1.498
1079.813,-0.271,1.501,1.440
1079.924,-0.266,1.494,1.380
1080.036,-0.252,1.487,1.318
1080.146,-0.233,1.489,1.250
1080.258,-0.219,1.498,1.187
1080.369,-0.216,1.501,1.134
1080.480,-0.217,1.504,1.080
1080.591,-0.221,1.500,1.026
1080.702,-0.228,1.493,0.972
1080.813,-0.244,1.494,0.920
1080.924,-0.267,1.500,0.868
1081.035,-0.280,1.500,0.824
1081.146,-0.267,1.503,0.785
1081.258,-0.228,1.502,0.756
1081.369,-0.170,1.496,0.750
1081.480,-0.110,1.498,0.758
1081.591,-0.060,1.496,0.770
1081.702,-0.031,1.490,0.781
1081.813,-0.016,1.494,0.786
1081.925,-0.012,1.497,0.786
1082.036,-0.020,1.499,0.775
1082.146,-0.022,1.502,0.763
1082.258,-0.014,1.505,0.763
1082.369,0.003,1.503,0.775
1082.480,0.030,1.500,0.800
1082.591,0.066,1.495,0.836
1082.703,0.103,1.485,0.871
1082.813,0.132,1.477,0.898
1082.924,0.150,1.473,0.916
1083.036,0.163,1.470,0.930
1083.146,0.171,1.467,0.942
1083.258,0.178,1.465,0.949
1083.369,0.183,1.466,0.950
1083.480,0.185,1.469,0.947
1083.592,0.186,1.472,0.943
1083.702,0.182,1.475,0.937
1083.813,0.176,1.480,0.925
1083.924,0.172,1.487,0.904
1084.036,0.169,1.493,0.870
1084.147,0.159,1.500,0.825
1084.258,0.124,1.507,0.774
1084.369,0.064,1.518,0.738
1084.480,0.009,1.522,0.720
1084.591,-0.043,1.523,0.709
1084.703,-0.097,1.526,0.701
1084.814,-0.150,1.527,0.696
1084.925,-0.204,1.526,0.692
1085.036,-0.256,1.524,0.694
1085.147,-0.299,1.524,0.704
1085.258,-0.329,1.524,0.716
1085.369,-0.348,1.526,0.730
1085.480,-0.352,1.529,0.745
1085.591,-0.340,1.529,0.762
1085.702,-0.318,1.534,0.775
1085.813,-0.292,1.540,0.780
1085.924,-0.264,1.548,0.780
1086.036,-0.238,1.554,0.778
1086.147,-0.215,1.556,0.776
1086.258,-0.199,1.561,0.778
1086.369,-0.195,1.565,0.787
1086.480,-0.200,1.565,0.798
1086.591,-0.215,1.559,0.804
1086.702,-0.237,1.553,0.808
1086.813,-0.258,1.550,0.806
1086.925,-0.280,1.547,0.809
1087.036,-0.302,1.544,0.815
1087.147,-0.319,1.542,0.823
1087.258,-0.333,1.542,0.832
1087.369,-0.346,1.540,0.841
1087.480,-0.359,1.539,0.847
1087.591,-0.371,1.535,0.850
1087.704,-0.383,1.527,0.848
1087.814,-0.394,1.519,0.845
1087.925,-0.399,1.514,0.844
1088.036,-0.395,1.508,0.848
1088.146,-0.378,1.508,0.859
1088.258,-0.350,1.512,0.874
1088.369,-0.313,1.515,0.886
1088.480,-0.274,1.517,0.893
1088.591,-0.243,1.516,0.896
1088.702,-0.220,1.513,0.896
1088.813,-0.206,1.510,0.897
1088.924,-0.203,1.509,0.895
1089.035,-0.213,1.508,0.890
1089.146,-0.235,1.506,0.877
1089.257,-0.269,1.502,0.859
1089.369,-0.310,1.501,0.836
1089.479,-0.350,1.498,0.812
1089.591,-0.381,1.494,0.787
1089.702,-0.399,1.492,0.763
1089.813,-0.409,1.490,0.736
1089.924,-0.410,1.486,0.707
1090.035,-0.398,1.482,0.677
1090.146,-0.375,1.478,0.646
1090.257,-0.346,1.477,0.610
1090.369,-0.323,1.475,0.576
1090.479,-0.313,1.470,0.543
1090.590,-0.313,1.465,0.517
1090.702,-0.318,1.458,0.495
1090.813,-0.325,1.453,0.480
1090.924,-0.326,1.453,0.471
1091.035,-0.321,1.455,0.469
1091.146,-0.315,1.458,0.474
1091.258,-0.308,1.461,0.478
1091.368,-0.307,1.463,0.480
1091.479,-0.314,1.467,0.484
1091.591,-0.329,1.473,0.493
1091.702,-0.352,1.479,0.505
1091.813,-0.386,1.482,0.521
1091.924,-0.433,1.482,0.548
1092.035,-0.490,1.482,0.580
1092.146,-0.550,1.480,0.612
1092.258,-0.604,1.480,0.635
1092.368,-0.649,1.483,0.643
1092.479,-0.688,1.481,0.634
1092.590,-0.720,1.476,0.612
1092.698,-0.748,1.470,0.575
1092.812,-0.776,1.461,0.522
1092.923,-0.807,1.452,0.453
1093.034,-0.839,1.441,0.385
1093.145,-0.866,1.429,0.335
1093.257,-0.884,1.425,0.304
1093.368,-0.896,1.423,0.286
1093.479,-0.902,1.423,0.278
1093.590,-0.905,1.426,0.279
1093.701,-0.908,1.435,0.289
1093.812,-0.914,1.446,0.307
1093.924,-0.923,1.457,0.332
1094.035,-0.938,1.467,0.362
1094.146,-0.961,1.477,0.401
1094.257,-1.002,1.486,0.459
1094.369,-1.049,1.494,0.532
1094.479,-1.096,1.500,0.607
1094.591,-1.136,1.504,0.662
1094.702,-1.173,1.508,0.693
1094.808,-1.214,1.507,0.704
1094.909,-1.253,1.503,0.698
1095.021,-1.301,1.496,0.674
1095.132,-1.352,1.490,0.634
1095.243,-1.407,1.496,0.589
1095.354,-1.457,1.501,0.558
1095.465,-1.503,1.505,0.536
1095.576,-1.551,1.504,0.516
1095.688,-1.605,1.499,0.496
1095.798,-1.670,1.492,0.473
1095.910,-1.748,1.485,0.446
1096.021,-1.828,1.484,0.417
1096.132,-1.890,1.479,0.394
1096.243,-1.933,1.474,0.375
1096.354,-1.960,1.469,0.361
1096.465,-1.974,1.466,0.352
1096.576,-1.980,1.466,0.347
1096.688,-1.985,1.468,0.347
1096.798,-1.992,1.469,0.349
1096.909,-2.002,1.468,0.353
1097.021,-2.016,1.462,0.357
1097.132,-2.028,1.457,0.360
1097.243,-2.039,1.452,0.364
1097.354,-2.045,1.448,0.368
1097.465,-2.046,1.447,0.372
1097.576,-2.039,1.448,0.377
1097.688,-2.026,1.453,0.382
1097.798,-2.012,1.460,0.386
1097.909,-1.994,1.464,0.385
1098.021,-1.957,1.467,0.381
1098.131,-1.890,1.476,0.389
1098.243,-1.813,1.488,0.420
1098.354,-1.741,1.495,0.466
1098.465,-1.672,1.495,0.520
1098.576,-1.610,1.493,0.576
1098.687,-1.562,1.495,0.623
1098.798,-1.526,1.501,0.651
1098.909,-1.500,1.502,0.659
1099.021,-1.477,1.499,0.644
1099.132,-1.458,1.490,0.611
1099.243,-1.444,1.485,0.564
1099.354,-1.426,1.484,0.516
1099.465,-1.405,1.480,0.481
1099.576,-1.380,1.474,0.464
1099.688,-1.352,1.472,0.458
1099.799,-1.323,1.472,0.460
1099.909,-1.289,1.472,0.470
1100.021,-1.252,1.472,0.485
1100.131,-1.219,1.469,0.497
1100.243,-1.195,1.462,0.506
1100.354,-1.180,1.460,0.511
1100.465,-1.173,1.458,0.516
1100.576,-1.172,1.459,0.518
1100.687,-1.179,1.460,0.518
1100.798,-1.197,1.463,0.519
1100.909,-1.227,1.466,0.523
1101.021,-1.270,1.470,0.532
1101.132,-1.331,1.471,0.553
1101.243,-1.413,1.474,0.584
1101.354,-1.504,1.479,0.619
1101.465,-1.580,1.483,0.649
1101.576,-1.637,1.489,0.658
1101.688,-1.680,1.487,0.649
1101.798,-1.708,1.486,0.623
1101.909,-1.721,1.482,0.585
1102.021,-1.734,1.487,0.538
1102.131,-1.756,1.489,0.500
1102.242,-1.790,1.490,0.467
1102.354,-1.829,1.483,0.434
1102.465,-1.880,1.473,0.405
1102.576,-1.936,1.464,0.377
1102.687,-1.980,1.453,0.359
1102.798,-2.010,1.448,0.348
1102.909,-2.029,1.445,0.340
1103.021,-2.043,1.442,0.334
1103.131,-2.054,1.438,0.330
1103.242,-2.058,1.436,0.332
1103.354,-2.054,1.437,0.337
1103.464,-2.046,1.441,0.339
1103.576,-2.027,1.446,0.341
1103.687,-1.983,1.458,0.347
1103.798,-1.901,1.474,0.365
1103.909,-1.798,1.485,0.414
1104.020,-1.703,1.486,0.476
1104.131,-1.614,1.486,0.545
1104.242,-1.536,1.493,0.607
1104.354,-1.468,1.507,0.653
1104.465,-1.402,1.513,0.678
1104.576,-1.330,1.509,0.686
1104.687,-1.250,1.500,0.677
1104.798,-1.164,1.492,0.653
1104.909,-1.073,1.502,0.625
1105.020,-0.988,1.518,0.618
1105.131,-0.902,1.525,0.625
1105.243,-0.814,1.513,0.638
1105.354,-0.727,1.496,0.661
1105.465,-0.638,1.495,0.691
1105.619,-0.562,1.506,0.711
1105.732,-0.434,1.517,0.713
1105.844,-0.355,1.507,0.698
1105.955,-0.280,1.486,0.665
1106.066,-0.203,1.474,0.617
1106.173,-0.140,1.473,0.580
1106.284,-0.082,1.474,0.550
1106.395,-0.041,1.473,0.532
1106.506,-0.016,1.471,0.524
1106.617,-0.002,1.473,0.529
1106.729,0.007,1.476,0.546
1106.840,0.011,1.481,0.577
1106.951,0.016,1.487,0.614
1107.062,0.019,1.490,0.642
1107.173,0.016,1.490,0.656
1107.284,0.007,1.491,0.655
1107.395,-0.010,1.488,0.642
1107.506,-0.030,1.485,0.617
1107.617,-0.045,1.483,0.591
1107.729,-0.053,1.483,0.563
1107.839,-0.050,1.479,0.536
1107.951,-0.037,1.474,0.512
1108.062,-0.021,1.462,0.488
1108.173,-0.013,1.443,0.465
1108.284,-0.013,1.428,0.447
1108.395,-0.014,1.416,0.441
1108.506,-0.017,1.410,0.453
1108.617,-0.018,1.409,0.475
1108.728,-0.020,1.408,0.502
1108.840,-0.027,1.406,0.526
1108.951,-0.032,1.405,0.545
1109.062,-0.037,1.408,0.554
1109.173,-0.043,1.412,0.555
1109.284,-0.047,1.413,0.543
1109.395,-0.051,1.406,0.522
1109.506,-0.056,1.398,0.500
1109.617,-0.056,1.393,0.483
1109.729,-0.053,1.391,0.472
1109.839,-0.050,1.391,0.469
1109.950,-0.052,1.388,0.479
1110.062,-0.058,1.387,0.507
1110.173,-0.066,1.394,0.549
1110.283,-0.075,1.400,0.606
1110.395,-0.086,1.403,0.671
1110.506,-0.099,1.403,0.727
1110.617,-0.115,1.394,0.764
1110.728,-0.132,1.379,0.783
1110.840,-0.150,1.355,0.789
1110.950,-0.166,1.319,0.781
1111.062,-0.174,1.269,0.761
1111.172,-0.174,1.213,0.738
1111.283,-0.173,1.153,0.714
1111.395,-0.172,1.088,0.690
1111.506,-0.169,1.022,0.668
1111.617,-0.166,0.952,0.649
1111.727,-0.161,0.882,0.633
1111.839,-0.161,0.822,0.624
1111.950,-0.165,0.774,0.618
1112.061,-0.169,0.740,0.613
1112.172,-0.177,0.736,0.612
1112.283,-0.189,0.768,0.617
1112.395,-0.202,0.822,0.629
1112.505,-0.219,0.896,0.652
1112.616,-0.235,0.974,0.687
1112.727,-0.254,1.050,0.739
1112.839,-0.264,1.117,0.805
1112.950,-0.249,1.161,0.869
1113.061,-0.229,1.183,0.908
1113.172,-0.190,1.199,0.924
1113.283,-0.141,1.220,0.932
1113.394,-0.088,1.244,0.946
1113.506,-0.026,1.266,0.968
1113.616,0.041,1.281,0.993
1113.727,0.111,1.284,1.018
1113.839,0.174,1.283,1.033
1113.949,0.213,1.288,1.043
1114.060,0.217,1.303,1.049
1114.172,0.184,1.328,1.054
1114.283,0.106,1.362,1.049
1114.394,0.004,1.404,1.014
1114.505,-0.097,1.437,0.948
1114.616,-0.180,1.463,0.880
1114.728,-0.238,1.482,0.835
1114.838,-0.289,1.496,0.815
1114.949,-0.339,1.501,0.822
1115.061,-0.391,1.497,0.846
1115.172,-0.445,1.497,0.886
1115.282,-0.511,1.512,0.915
1115.394,-0.578,1.524,0.922
1115.505,-0.650,1.525,0.909
1115.616,-0.723,1.514,0.878
1115.727,-0.793,1.504,0.828
1115.839,-0.860,1.514,0.772
1115.950,-0.921,1.524,0.735
1116.061,-0.982,1.530,0.713
1116.172,-1.051,1.528,0.697
1116.284,-1.128,1.521,0.690
1116.394,-1.211,1.516,0.693
1116.506,-1.295,1.525,0.689
1116.616,-1.365,1.531,0.672
1116.728,-1.426,1.530,0.646
1116.839,-1.478,1.520,0.610
1116.950,-1.520,1.509,0.564
1117.062,-1.559,1.507,0.508
1117.172,-1.602,1.506,0.465
1117.283,-1.652,1.505,0.430
1117.395,-1.707,1.496,0.396
1117.505,-1.771,1.480,0.365
1117.616,-1.836,1.463,0.338
1117.728,-1.888,1.450,0.320
1117.839,-1.919,1.444,0.317
1117.950,-1.931,1.446,0.319
1118.061,-1.924,1.455,0.328
1118.172,-1.896,1.468,0.345
1118.283,-1.841,1.481,0.371
1118.394,-1.755,1.492,0.411
1118.505,-1.657,1.496,0.472
1118.616,-1.562,1.499,0.539
1118.727,-1.481,1.504,0.602
1118.839,-1.419,1.511,0.649
1118.950,-1.365,1.517,0.679
1119.061,-1.307,1.515,0.691
1119.172,-1.238,1.507,0.688
1119.283,-1.163,1.495,0.672
1119.394,-1.084,1.486,0.638
1119.505,-1.011,1.494,0.612
1119.616,-0.949,1.503,0.604
1119.728,-0.885,1.505,0.603
1119.839,-0.816,1.497,0.608
1119.950,-0.746,1.488,0.624
1120.061,-0.675,1.491,0.639
1120.172,-0.608,1.499,0.641
1120.283,-0.549,1.498,0.625
1120.395,-0.497,1.491,0.594
1120.506,-0.453,1.477,0.555
1120.616,-0.416,1.471,0.508
1120.728,-0.383,1.475,0.464
1120.839,-0.357,1.480,0.435
1120.950,-0.337,1.485,0.418
1121.061,-0.314,1.486,0.405
1121.172,-0.283,1.486,0.394
1121.283,-0.243,1.485,0.380
1121.394,-0.197,1.484,0.360
1121.506,-0.148,1.481,0.332
1121.616,-0.106,1.471,0.302
1121.728,-0.072,1.458,0.274
1121.839,-0.051,1.449,0.257
1121.950,-0.038,1.445,0.251
1122.061,-0.031,1.448,0.253
1122.172,-0.030,1.456,0.260
1122.283,-0.033,1.465,0.270
1122.394,-0.041,1.473,0.282
1122.505,-0.051,1.479,0.295
1122.617,-0.066,1.487,0.309
1122.728,-0.088,1.494,0.328
1122.839,-0.118,1.500,0.354
1122.949,-0.159,1.495,0.386
1123.061,-0.214,1.468,0.425
1123.172,-0.276,1.449,0.467
1123.282,-0.331,1.438,0.512
1123.394,-0.368,1.426,0.555
1123.504,-0.381,1.420,0.584
1123.615,-0.378,1.410,0.603
1123.726,-0.373,1.403,0.616
1123.838,-0.366,1.400,0.641
1123.949,-0.363,1.403,0.684
1124.060,-0.368,1.402,0.743
1124.171,-0.386,1.389,0.820
1124.282,-0.408,1.361,0.907
1124.393,-0.432,1.322,0.982
1124.504,-0.463,1.271,1.046
1124.615,-0.494,1.205,1.096
1124.727,-0.525,1.129,1.131
1124.838,-0.554,1.050,1.154
1124.949,-0.577,0.976,1.174
1125.060,-0.589,0.905,1.193
1125.172,-0.594,0.835,1.207
1125.282,-0.597,0.772,1.220
1125.393,-0.598,0.726,1.230
1125.505,-0.597,0.702,1.236
1125.615,-0.596,0.696,1.237
1125.727,-0.597,0.704,1.236
1125.838,-0.597,0.717,1.234
1125.949,-0.599,0.751,1.231
1126.060,-0.606,0.815,1.223
1126.171,-0.617,0.904,1.207
1126.282,-0.628,1.002,1.183
1126.394,-0.642,1.100,1.149
1126.505,-0.661,1.187,1.107
1126.615,-0.680,1.258,1.057
1126.726,-0.700,1.313,1.004
1126.838,-0.717,1.356,0.952
1126.948,-0.736,1.396,0.916
1127.059,-0.760,1.428,0.895
1127.171,-0.789,1.442,0.886
1127.282,-0.831,1.445,0.887
1127.393,-0.892,1.449,0.901
1127.504,-0.954,1.462,0.910
1127.615,-1.010,1.473,0.908
1127.726,-1.069,1.476,0.904
1127.838,-1.129,1.469,0.893
1127.948,-1.192,1.465,0.874
1128.059,-1.261,1.472,0.856
1128.171,-1.326,1.480,0.847
1128.282,-1.390,1.486,0.850
1128.393,-1.454,1.485,0.862
1128.504,-1.520,1.477,0.886
1128.615,-1.594,1.471,0.921
1128.726,-1.677,1.470,0.961
1128.837,-1.754,1.469,0.996
1128.948,-1.819,1.459,1.023
1129.059,-1.872,1.442,1.044
1129.170,-1.913,1.425,1.061
1129.281,-1.943,1.407,1.076
1129.393,-1.963,1.394,1.091
1129.504,-1.976,1.385,1.104
1129.615,-1.981,1.378,1.112
1129.726,-1.978,1.377,1.112
1129.839,-1.969,1.385,1.107
1129.948,-1.955,1.400,1.091
1130.059,-1.936,1.419,1.066
1130.171,-1.914,1.441,1.031
1130.281,-1.877,1.467,0.969
1130.393,-1.798,1.492,0.883
1130.505,-1.682,1.507,0.806
1130.615,-1.572,1.509,0.757
1130.727,-1.490,1.501,0.726
1130.838,-1.431,1.502,0.695
1130.948,-1.395,1.503,0.658
1131.060,-1.376,1.492,0.618
1131.171,-1.370,1.478,0.573
1131.282,-1.371,1.468,0.513
1131.393,-1.366,1.460,0.450
1131.505,-1.344,1.455,0.404
1131.616,-1.306,1.459,0.382
1131.726,-1.252,1.465,0.381
1131.838,-1.196,1.470,0.389
1131.949,-1.135,1.468,0.396
1132.060,-1.062,1.463,0.404
1132.171,-0.979,1.468,0.404
1132.282,-0.913,1.472,0.392
1132.394,-0.871,1.469,0.374
1132.505,-0.846,1.462,0.355
1132.615,-0.831,1.454,0.337
1132.727,-0.824,1.449,0.325
1132.838,-0.820,1.449,0.322
1132.949,-0.820,1.455,0.329
1133.059,-0.825,1.464,0.341
1133.171,-0.836,1.474,0.356
1133.281,-0.854,1.484,0.376
1133.393,-0.877,1.488,0.397
1133.504,-0.899,1.483,0.406
1133.615,-0.907,1.474,0.402
1133.726,-0.899,1.468,0.385
1133.837,-0.882,1.461,0.357
1133.948,-0.864,1.452,0.334
1134.060,-0.850,1.446,0.321
1134.171,-0.841,1.447,0.318
1134.282,-0.835,1.451,0.323
1134.394,-0.832,1.456,0.334
1134.504,-0.830,1.464,0.349
1134.615,-0.836,1.475,0.365
1134.726,-0.856,1.485,0.385
1134.838,-0.893,1.494,0.419
1134.949,-0.939,1.500,0.468
1135.060,-0.984,1.503,0.530
1135.171,-1.027,1.504,0.596
1135.281,-1.075,1.502,0.669
1135.392,-1.126,1.501,0.743
1135.504,-1.175,1.508,0.804
1135.614,-1.227,1.513,0.852
1135.726,-1.283,1.505,0.890
1135.837,-1.348,1.493,0.915
1135.947,-1.420,1.481,0.923
1136.059,-1.503,1.480,0.924
1136.170,-1.578,1.487,0.933
1136.281,-1.641,1.494,0.953
1136.392,-1.702,1.491,0.980
1136.503,-1.762,1.477,1.016
1136.614,-1.827,1.463,1.061
1136.726,-1.893,1.457,1.107
1136.837,-1.947,1.454,1.143
1136.948,-1.986,1.447,1.165
1137.059,-2.015,1.434,1.178
1137.170,-2.032,1.423,1.184
1137.281,-2.037,1.419,1.183
1137.392,-2.036,1.421,1.181
1137.503,-2.028,1.427,1.172
1137.613,-2.008,1.441,1.140
1137.726,-1.952,1.466,1.077
1137.837,-1.850,1.491,1.016
1137.948,-1.716,1.500,0.977
1138.059,-1.582,1.502,0.958
1138.171,-1.470,1.504,0.948
1138.281,-1.384,1.513,0.936
1138.392,-1.315,1.515,0.912
1138.504,-1.258,1.510,0.878
1138.615,-1.210,1.497,0.830
1138.726,-1.172,1.478,0.760
1138.837,-1.134,1.473,0.674
1138.948,-1.098,1.476,0.608
1139.059,-1.064,1.476,0.562
1139.170,-1.026,1.474,0.531
1139.282,-0.982,1.471,0.510
1139.393,-0.934,1.467,0.495
1139.504,-0.886,1.460,0.483
1139.615,-0.841,1.458,0.470
1139.726,-0.807,1.458,0.455
1139.837,-0.786,1.453,0.446
1139.948,-0.775,1.449,0.440
1140.059,-0.777,1.443,0.432
1140.170,-0.792,1.433,0.422
1140.281,-0.809,1.424,0.416
1140.393,-0.823,1.420,0.416
1140.504,-0.832,1.422,0.423
1140.615,-0.836,1.429,0.431
1140.726,-0.839,1.436,0.439
1140.837,-0.843,1.439,0.448
1140.948,-0.843,1.440,0.456
1141.059,-0.830,1.440,0.461
1141.170,-0.795,1.446,0.468
1141.281,-0.740,1.448,0.471
1141.392,-0.678,1.448,0.464
1141.504,-0.612,1.450,0.450
1141.615,-0.560,1.454,0.429
1141.726,-0.527,1.456,0.403
1141.837,-0.508,1.453,0.377
1141.950,-0.499,1.442,0.360
1142.059,-0.477,1.438,0.340
1142.171,-0.439,1.436,0.313
1142.281,-0.396,1.424,0.278
1142.393,-0.356,1.414,0.246
1142.504,-0.327,1.411,0.228
1142.615,-0.313,1.415,0.224
1142.726,-0.310,1.422,0.229
1142.837,-0.318,1.428,0.239
1142.948,-0.335,1.435,0.247
1143.059,-0.355,1.438,0.251
1143.170,-0.377,1.443,0.257
1143.281,-0.407,1.447,0.264
1143.392,-0.442,1.448,0.271
1143.504,-0.481,1.441,0.271
1143.615,-0.517,1.428,0.271
1143.725,-0.544,1.424,0.283
1143.837,-0.564,1.431,0.303
1143.948,-0.579,1.435,0.330
1144.059,-0.587,1.431,0.353
1144.170,-0.587,1.430,0.358
1144.281,-0.580,1.426,0.344
1144.393,-0.565,1.427,0.321
1144.504,-0.551,1.430,0.297
1144.615,-0.545,1.431,0.278
1144.726,-0.542,1.429,0.261
1144.837,-0.541,1.428,0.241
1144.947,-0.539,1.424,0.216
1145.059,-0.538,1.414,0.191
1145.170,-0.535,1.406,0.175
1145.281,-0.532,1.406,0.171
1145.392,-0.533,1.412,0.176
1145.503,-0.539,1.421,0.189
1145.614,-0.551,1.431,0.213
1145.725,-0.569,1.443,0.248
1145.837,-0.593,1.452,0.287
1145.948,-0.627,1.457,0.333
1146.059,-0.668,1.462,0.387
1146.170,-0.714,1.470,0.444
1146.281,-0.754,1.474,0.489
1146.392,-0.786,1.475,0.515
1146.503,-0.818,1.476,0.521
1146.614,-0.852,1.472,0.510
1146.725,-0.887,1.463,0.478
1146.837,-0.930,1.458,0.428
1146.947,-0.972,1.452,0.378
1147.059,-1.008,1.442,0.342
1147.170,-1.041,1.434,0.317
1147.281,-1.069,1.428,0.303
1147.392,-1.089,1.427,0.303
1147.503,-1.104,1.436,0.315
1147.614,-1.126,1.450,0.341
1147.725,-1.154,1.464,0.380
1147.837,-1.174,1.473,0.406
1147.947,-1.185,1.480,0.426
1148.059,-1.198,1.482,0.448
1148.170,-1.203,1.488,0.465
1148.281,-1.200,1.490,0.478
1148.392,-1.178,1.490,0.481
1148.504,-1.144,1.490,0.474
1148.614,-1.117,1.487,0.461
1148.725,-1.096,1.483,0.454
1148.836,-1.082,1.486,0.449
1148.947,-1.073,1.487,0.447
1149.059,-1.066,1.487,0.446
1149.170,-1.068,1.487,0.452
1149.280,-1.081,1.490,0.470
1149.391,-1.105,1.494,0.496
1149.503,-1.138,1.497,0.523
1149.614,-1.173,1.496,0.550
1149.725,-1.215,1.494,0.575
1149.836,-1.265,1.494,0.607
1149.947,-1.305,1.496,0.650
1150.059,-1.322,1.497,0.690
1150.170,-1.319,1.499,0.723
1150.280,-1.301,1.501,0.746
1150.391,-1.275,1.505,0.759
1150.502,-1.252,1.507,0.765
1150.613,-1.231,1.501,0.769
1150.724,-1.210,1.501,0.786
1150.836,-1.182,1.505,0.818
1150.946,-1.147,1.507,0.860
1151.058,-1.112,1.510,0.901
1151.169,-1.085,1.506,0.931
1151.280,-1.066,1.504,0.949
1151.391,-1.050,1.510,0.948
1151.502,-1.045,1.513,0.928
1151.614,-1.052,1.515,0.890
1151.725,-1.069,1.518,0.855
1151.836,-1.090,1.510,0.825
1151.947,-1.105,1.504,0.794
1152.058,-1.109,1.509,0.760
1152.170,-1.100,1.514,0.720
1152.280,-1.080,1.516,0.682
1152.391,-1.044,1.515,0.648
1152.503,-0.993,1.512,0.615
1152.614,-0.931,1.507,0.581
1152.725,-0.871,1.500,0.547
1152.836,-0.824,1.493,0.528
1152.947,-0.784,1.487,0.527
1153.058,-0.749,1.477,0.540
1153.170,-0.720,1.464,0.570
1153.280,-0.697,1.459,0.613
1153.392,-0.679,1.458,0.663
1153.503,-0.660,1.463,0.713
1153.614,-0.641,1.466,0.752
1153.725,-0.623,1.465,0.779
1153.836,-0.601,1.467,0.794
1153.947,-0.573,1.465,0.799
1154.058,-0.536,1.461,0.796
1154.169,-0.496,1.457,0.783
1154.280,-0.451,1.459,0.765
1154.392,-0.401,1.465,0.748
1154.503,-0.357,1.471,0.733
1154.614,-0.321,1.472,0.725
1154.725,-0.293,1.474,0.727
1154.837,-0.264,1.476,0.736
1154.947,-0.236,1.472,0.755
1155.058,-0.212,1.471,0.782
1155.169,-0.192,1.476,0.811
1155.280,-0.179,1.480,0.838
1155.392,-0.166,1.483,0.856
1155.503,-0.157,1.481,0.863
1155.613,-0.145,1.482,0.856
1155.724,-0.130,1.484,0.840
1155.836,-0.122,1.485,0.813
1155.947,-0.114,1.487,0.779
1156.056,-0.098,1.486,0.748
1156.167,-0.079,1.485,0.723
1156.278,-0.061,1.481,0.711
1156.390,-0.048,1.478,0.711
1156.501,-0.032,1.478,0.720
1156.612,-0.018,1.475,0.737
1156.724,-0.006,1.474,0.767
1156.834,0.006,1.479,0.811
1156.946,0.018,1.480,0.859
1157.056,0.028,1.479,0.906
1157.168,0.037,1.480,0.940
1157.279,0.043,1.481,0.962
1157.390,0.051,1.483,0.976
1157.502,0.064,1.484,0.985
1157.612,0.085,1.484,0.988
1157.723,0.111,1.483,0.981
1157.834,0.142,1.484,0.970
1157.945,0.174,1.489,0.959
1158.057,0.201,1.493,0.955
1158.167,0.206,1.503,0.959
1158.277,0.209,1.510,0.955
1158.390,0.212,1.523,0.951
1158.501,0.210,1.540,0.948
1158.612,0.195,1.559,0.937
1158.724,0.164,1.574,0.920
1158.835,0.120,1.585,0.903
1158.946,0.072,1.596,0.886
1159.057,0.025,1.597,0.873
1159.168,-0.019,1.593,0.866
1159.279,-0.057,1.593,0.862
1159.390,-0.089,1.593,0.860
1159.501,-0.116,1.597,0.860
1159.612,-0.136,1.600,0.857
1159.723,-0.147,1.605,0.850
1159.834,-0.149,1.610,0.843
1159.945,-0.141,1.614,0.839
1160.057,-0.123,1.615,0.843
1160.168,-0.092,1.616,0.854
1160.278,-0.051,1.618,0.873
1160.389,-0.012,1.617,0.898
1160.501,0.024,1.617,0.927
1160.612,0.054,1.614,0.958
1160.723,0.076,1.608,0.985
1160.835,0.092,1.604,1.002
1160.945,0.098,1.602,1.008
1161.057,0.092,1.603,1.002
1161.168,0.075,1.607,0.983
1161.279,0.049,1.608,0.952
1161.390,0.016,1.607,0.912
1161.501,-0.020,1.607,0.869
1161.612,-0.057,1.604,0.830
1161.723,-0.092,1.607,0.797
1161.834,-0.116,1.607,0.773
1161.945,-0.132,1.608,0.756
1162.057,-0.145,1.608,0.743
1162.167,-0.153,1.605,0.733
1162.278,-0.157,1.604,0.727
1162.389,-0.158,1.606,0.726
1162.502,-0.157,1.607,0.733
1162.612,-0.150,1.608,0.747
1162.723,-0.135,1.607,0.770
1162.834,-0.112,1.609,0.800
1162.945,-0.083,1.612,0.834
1163.057,-0.052,1.615,0.866
1163.167,-0.023,1.618,0.893
1163.278,0.000,1.617,0.918
1163.390,0.020,1.618,0.939
1163.501,0.036,1.615,0.958
1163.612,0.045,1.612,0.971
1163.724,0.048,1.609,0.976
1163.834,0.044,1.607,0.982
1163.945,0.030,1.603,0.985
1164.057,0.003,1.600,0.981
1164.168,-0.038,1.604,0.975
1164.279,-0.081,1.604,0.968
1164.390,-0.123,1.600,0.960
1164.502,-0.164,1.600,0.954
1164.612,-0.200,1.599,0.947
1164.724,-0.230,1.600,0.941
1164.835,-0.256,1.600,0.936
1164.946,-0.279,1.600,0.934
1165.057,-0.299,1.598,0.934
1165.168,-0.311,1.596,0.939
1165.279,-0.310,1.593,0.941
1165.390,-0.291,1.597,0.933
1165.502,-0.263,1.601,0.915
1165.606,-0.245,1.604,0.904
1165.712,-0.180,1.614,0.866
1165.823,-0.127,1.616,0.842
1165.935,-0.070,1.618,0.819
1166.046,-0.016,1.617,0.800
1166.154,0.028,1.613,0.793
1166.265,0.068,1.606,0.791
1166.376,0.093,1.599,0.792
1166.488,0.103,1.589,0.795
1166.599,0.108,1.578,0.807
1166.709,0.108,1.573,0.827
1166.821,0.101,1.567,0.849
1166.932,0.083,1.562,0.874
1167.043,0.055,1.561,0.901
1167.154,0.027,1.557,0.928
1167.265,0.009,1.548,0.952
1167.376,-0.004,1.533,0.975
1167.488,-0.014,1.521,0.995
1167.599,-0.019,1.512,1.010
1167.710,-0.020,1.511,1.022
1167.821,-0.012,1.508,1.030
1167.932,0.005,1.505,1.034
1168.043,0.032,1.502,1.034
1168.155,0.065,1.502,1.034
1168.265,0.098,1.500,1.037
1168.376,0.132,1.497,1.042
1168.488,0.163,1.495,1.048
1168.598,0.188,1.493,1.052
1168.709,0.206,1.489,1.050
1168.821,0.218,1.489,1.044
1168.931,0.225,1.492,1.038
1169.043,0.229,1.493,1.034
1169.154,0.234,1.494,1.035
1169.265,0.237,1.492,1.039
1169.376,0.239,1.490,1.042
1169.487,0.241,1.489,1.046
1169.598,0.244,1.488,1.049
1169.709,0.247,1.486,1.050
1169.821,0.249,1.487,1.054
1169.932,0.251,1.486,1.060
1170.058,0.256,1.483,1.063
1170.168,0.261,1.480,1.063
1170.279,0.265,1.477,1.068
1170.390,0.266,1.472,1.076
1170.501,0.256,1.469,1.087
1170.612,0.217,1.474,1.094
1170.723,0.146,1.487,1.080
1170.834,0.062,1.505,1.034
1170.945,-0.009,1.516,0.965
1171.056,-0.059,1.522,0.890
1171.167,-0.092,1.523,0.822
1171.280,-0.114,1.522,0.764
1171.389,-0.129,1.521,0.720
1171.516,-0.145,1.518,0.687
1171.626,-0.161,1.518,0.667
1171.737,-0.174,1.515,0.654
1171.848,-0.184,1.511,0.654
1171.959,-0.191,1.510,0.667
1172.070,-0.203,1.514,0.684
1172.181,-0.211,1.513,0.696
1172.292,-0.208,1.512,0.702
1172.404,-0.190,1.510,0.699
1172.515,-0.159,1.509,0.691
1172.626,-0.118,1.509,0.679
1172.737,-0.076,1.509,0.663
1172.848,-0.037,1.505,0.649
1172.959,-0.008,1.505,0.635
1173.070,0.011,1.506,0.619
1173.181,0.017,1.502,0.606
1173.293,0.016,1.499,0.589
1173.404,0.015,1.497,0.562
1173.515,0.016,1.493,0.532
1173.626,0.020,1.492,0.509
1173.737,0.028,1.493,0.495
1173.848,0.039,1.494,0.491
1173.959,0.053,1.494,0.498
1174.071,0.069,1.497,0.512
1174.182,0.086,1.502,0.527
1174.293,0.099,1.503,0.537
1174.406,0.108,1.503,0.541
1174.515,0.112,1.502,0.542
1174.626,0.113,1.500,0.542
1174.737,0.115,1.498,0.541
1174.849,0.115,1.497,0.543
1174.959,0.115,1.498,0.546
1175.071,0.115,1.498,0.549
1175.181,0.115,1.499,0.552
1175.293,0.114,1.499,0.554
1175.404,0.114,1.499,0.555
1175.515,0.113,1.499,0.556
1175.626,0.113,1.500,0.556
1175.737,0.113,1.500,0.556
1175.848,0.114,1.501,0.556
1175.960,0.114,1.501,0.555
1176.070,0.115,1.502,0.554
1176.182,0.116,1.501,0.553
1176.293,0.118,1.501,0.552
1176.404,0.120,1.501,0.551
1176.515,0.122,1.501,0.551
1176.626,0.124,1.501,0.551
1176.737,0.126,1.502,0.553
1176.848,0.130,1.502,0.556
1176.959,0.134,1.502,0.559
1177.070,0.140,1.503,0.563
1177.181,0.147,1.503,0.568
1177.292,0.155,1.504,0.571
1177.404,0.164,1.505,0.573
1177.515,0.173,1.506,0.573
1177.626,0.181,1.505,0.572
1177.737,0.189,1.505,0.570
1177.848,0.195,1.504,0.568
1177.959,0.199,1.503,0.566
1178.070,0.200,1.502,0.564
1178.181,0.200,1.502,0.562
1178.292,0.200,1.501,0.561
1178.403,0.200,1.501,0.562
1178.514,0.201,1.500,0.566
1178.625,0.203,1.499,0.573
1178.736,0.200,1.495,0.578
1178.847,0.190,1.492,0.581
1178.958,0.168,1.490,0.584
1179.069,0.136,1.486,0.586
1179.180,0.100,1.483,0.581
1179.292,0.059,1.481,0.569
1179.402,0.015,1.477,0.558
1179.514,-0.025,1.475,0.549
1179.625,-0.059,1.471,0.541
1179.737,-0.084,1.469,0.536
1179.847,-0.101,1.469,0.533
1179.959,-0.113,1.468,0.530
1180.070,-0.123,1.464,0.525
1180.180,-0.131,1.460,0.521
1180.292,-0.138,1.460,0.519
1180.403,-0.142,1.463,0.519
1180.514,-0.144,1.466,0.523
1180.625,-0.144,1.470,0.527
1180.736,-0.147,1.472,0.531
1180.847,-0.149,1.474,0.536
1180.959,-0.147,1.478,0.545
1181.070,-0.139,1.483,0.558
1181.180,-0.125,1.488,0.576
1181.292,-0.108,1.496,0.596
1181.403,-0.091,1.501,0.615
1181.514,-0.074,1.503,0.632
1181.625,-0.059,1.503,0.645
1181.736,-0.050,1.505,0.656
1181.847,-0.048,1.508,0.665
1181.958,-0.053,1.509,0.671
1182.069,-0.063,1.510,0.674
1182.180,-0.080,1.512,0.674
1182.292,-0.101,1.515,0.672
1182.403,-0.120,1.515,0.671
1182.514,-0.138,1.516,0.670
1182.625,-0.152,1.515,0.671
1182.736,-0.161,1.515,0.674
1182.847,-0.165,1.515,0.675
1182.958,-0.167,1.515,0.674
1183.069,-0.165,1.514,0.675
1183.180,-0.162,1.513,0.677
1183.291,-0.159,1.513,0.680
1183.403,-0.155,1.513,0.683
1183.514,-0.150,1.514,0.685
1183.625,-0.144,1.513,0.685
1183.736,-0.138,1.512,0.685
1183.847,-0.131,1.511,0.685
1183.958,-0.124,1.511,0.685
1184.069,-0.115,1.511,0.686
1184.180,-0.106,1.511,0.686
1184.292,-0.095,1.511,0.687
1184.403,-0.083,1.511,0.689
1184.514,-0.070,1.511,0.693
1184.625,-0.057,1.511,0.697
1184.736,-0.046,1.512,0.701
1184.847,-0.037,1.512,0.705
1184.958,-0.031,1.512,0.705
1185.069,-0.028,1.514,0.700
1185.180,-0.028,1.514,0.689
1185.291,-0.030,1.513,0.673
1185.402,-0.034,1.511,0.655
1185.513,-0.039,1.511,0.634
1185.625,-0.045,1.509,0.613
1185.736,-0.049,1.507,0.595
1185.847,-0.053,1.506,0.579
1185.958,-0.057,1.506,0.566
1186.070,-0.060,1.507,0.554
1186.180,-0.062,1.508,0.544
1186.292,-0.065,1.507,0.540
1186.403,-0.068,1.506,0.546
1186.514,-0.072,1.504,0.559
1186.625,-0.075,1.504,0.579
1186.736,-0.077,1.503,0.601
1186.847,-0.082,1.504,0.618
1186.958,-0.093,1.504,0.628
1187.069,-0.112,1.504,0.630
1187.180,-0.142,1.501,0.624
1187.291,-0.184,1.497,0.614
1187.402,-0.239,1.491,0.601
1187.513,-0.298,1.486,0.584
1187.625,-0.351,1.483,0.568
1187.736,-0.394,1.481,0.558
1187.847,-0.429,1.479,0.552
1187.958,-0.455,1.477,0.548
1188.069,-0.476,1.476,0.543
1188.180,-0.487,1.475,0.538
1188.291,-0.493,1.477,0.537
1188.402,-0.492,1.479,0.539
1188.513,-0.489,1.481,0.547
1188.625,-0.481,1.483,0.560
1188.736,-0.468,1.488,0.576
1188.846,-0.452,1.492,0.595
1188.958,-0.435,1.498,0.614
1189.069,-0.417,1.501,0.632
1189.180,-0.402,1.503,0.646
1189.291,-0.390,1.503,0.655
1189.402,-0.384,1.505,0.657
1189.513,-0.381,1.505,0.652
1189.625,-0.381,1.506,0.639
1189.736,-0.383,1.505,0.624
1189.846,-0.384,1.504,0.611
1189.958,-0.384,1.503,0.600
1190.069,-0.382,1.502,0.592
1190.180,-0.382,1.501,0.585
1190.291,-0.383,1.502,0.580
1190.402,-0.383,1.502,0.576
1190.513,-0.385,1.502,0.574
1190.625,-0.387,1.501,0.573
1190.736,-0.388,1.502,0.571
1190.847,-0.391,1.502,0.566
1190.958,-0.394,1.499,0.557
1191.069,-0.396,1.496,0.549
1191.180,-0.397,1.493,0.542
1191.291,-0.397,1.491,0.541
1191.403,-0.395,1.493,0.547
1191.513,-0.392,1.495,0.560
1191.625,-0.389,1.497,0.579
1191.736,-0.389,1.498,0.599
1191.846,-0.390,1.497,0.619
1191.958,-0.391,1.495,0.634
1192.069,-0.395,1.492,0.644
1192.180,-0.404,1.491,0.650
1192.291,-0.420,1.491,0.653
1192.402,-0.443,1.490,0.651
1192.513,-0.474,1.490,0.645
1192.624,-0.515,1.488,0.633
1192.735,-0.565,1.487,0.617
1192.846,-0.616,1.484,0.601
1192.957,-0.659,1.478,0.585
1193.069,-0.692,1.473,0.574
1193.180,-0.719,1.471,0.566
1193.291,-0.740,1.469,0.560
1193.402,-0.755,1.468,0.556
1193.513,-0.766,1.466,0.554
1193.624,-0.772,1.467,0.555
1193.735,-0.772,1.470,0.559
1193.846,-0.768,1.473,0.568
1193.957,-0.762,1.477,0.585
1194.068,-0.750,1.483,0.608
1194.179,-0.734,1.490,0.633
1194.291,-0.715,1.499,0.656
1194.401,-0.696,1.504,0.673
1194.513,-0.679,1.506,0.686
1194.624,-0.669,1.508,0.694
1194.735,-0.667,1.509,0.697
1194.846,-0.674,1.509,0.693
1194.957,-0.685,1.508,0.686
1195.068,-0.701,1.510,0.676
1195.179,-0.715,1.510,0.664
1195.290,-0.728,1.508,0.653
1195.401,-0.738,1.507,0.645
1195.513,-0.744,1.506,0.639
1195.624,-0.748,1.506,0.636
1195.735,-0.750,1.506,0.634
1195.846,-0.751,1.507,0.632
1195.957,-0.749,1.508,0.632
1196.068,-0.748,1.509,0.632
1196.179,-0.746,1.509,0.633
1196.290,-0.744,1.511,0.635
1196.401,-0.742,1.512,0.637
1196.512,-0.740,1.512,0.638
1196.624,-0.738,1.512,0.639
1196.735,-0.736,1.512,0.640
1196.846,-0.733,1.512,0.641
1196.957,-0.730,1.512,0.642
1197.068,-0.728,1.512,0.643
1197.179,-0.725,1.513,0.643
1197.290,-0.722,1.512,0.642
1197.401,-0.718,1.512,0.640
1197.512,-0.717,1.512,0.637
1197.624,-0.717,1.511,0.634
1197.735,-0.717,1.510,0.630
1197.846,-0.717,1.509,0.627
1197.957,-0.718,1.508,0.625
1198.068,-0.719,1.508,0.622
1198.179,-0.721,1.508,0.619
1198.290,-0.723,1.507,0.615
1198.401,-0.723,1.507,0.611
1198.512,-0.723,1.506,0.607
1198.622,-0.723,1.506,0.604
1198.734,-0.723,1.507,0.600
1198.845,-0.723,1.507,0.595
1198.956,-0.723,1.507,0.591
1199.067,-0.722,1.506,0.585
1199.178,-0.722,1.506,0.579
1199.289,-0.722,1.505,0.575
1199.401,-0.722,1.506,0.569
1199.511,-0.724,1.506,0.562
1199.623,-0.728,1.506,0.556
1199.734,-0.733,1.503,0.550
1199.845,-0.742,1.499,0.546
1199.957,-0.756,1.495,0.543
1200.068,-0.774,1.489,0.540
1200.178,-0.795,1.483,0.537
1200.290,-0.816,1.476,0.540
1200.401,-0.833,1.474,0.553
1200.512,-0.844,1.476,0.576
1200.623,-0.847,1.482,0.599
1200.734,-0.848,1.484,0.612
1200.846,-0.857,1.482,0.616
1200.957,-0.875,1.483,0.611
1201.068,-0.903,1.481,0.597
1201.179,-0.941,1.479,0.576
1201.290,-0.983,1.479,0.556
1201.401,-1.018,1.477,0.540
1201.512,-1.043,1.477,0.528
1201.624,-1.060,1.476,0.522
1201.735,-1.071,1.478,0.518
1201.846,-1.076,1.480,0.520
1201.957,-1.075,1.483,0.527
1202.068,-1.065,1.486,0.544
1202.179,-1.049,1.494,0.563
1202.290,-1.032,1.500,0.581
1202.401,-1.016,1.502,0.598
1202.512,-1.000,1.502,0.612
1202.624,-0.982,1.501,0.624
1202.735,-0.964,1.502,0.634
1202.845,-0.954,1.504,0.638
1202.957,-0.948,1.505,0.630
1203.068,-0.945,1.501,0.613
1203.178,-0.941,1.496,0.588
1203.290,-0.936,1.490,0.560
1203.401,-0.925,1.488,0.543
1203.512,-0.909,1.487,0.532
1203.623,-0.889,1.485,0.529
1203.734,-0.868,1.485,0.532
1203.845,-0.847,1.487,0.539
1203.957,-0.832,1.489,0.550
1204.068,-0.820,1.491,0.562
1204.179,-0.808,1.492,0.573
1204.290,-0.795,1.492,0.584
1204.401,-0.783,1.491,0.593
1204.512,-0.776,1.490,0.602
1204.623,-0.771,1.488,0.610
1204.734,-0.767,1.487,0.619
1204.845,-0.765,1.486,0.627
1204.956,-0.765,1.488,0.633
1205.068,-0.763,1.490,0.635
1205.178,-0.760,1.489,0.636
1205.290,-0.758,1.488,0.635
1205.401,-0.757,1.488,0.634
1205.512,-0.756,1.487,0.634
1205.623,-0.756,1.488,0.634
1205.734,-0.756,1.488,0.635
1205.845,-0.756,1.489,0.636
1205.957,-0.754,1.491,0.635
1206.067,-0.752,1.491,0.632
1206.178,-0.748,1.491,0.626
1206.290,-0.744,1.492,0.618
1206.401,-0.740,1.492,0.607
1206.511,-0.737,1.491,0.596
1206.623,-0.734,1.490,0.587
1206.735,-0.732,1.490,0.581
1206.845,-0.731,1.491,0.579
1206.956,-0.729,1.493,0.581
1207.068,-0.729,1.494,0.586
1207.178,-0.731,1.494,0.592
1207.290,-0.738,1.492,0.596
1207.401,-0.756,1.491,0.601
1207.511,-0.783,1.491,0.606
1207.623,-0.819,1.489,0.608
1207.734,-0.862,1.487,0.607
1207.845,-0.915,1.486,0.601
1207.956,-0.970,1.485,0.594
1208.067,-1.019,1.482,0.587
1208.178,-1.054,1.482,0.579
1208.289,-1.077,1.481,0.571
1208.401,-1.088,1.479,0.565
1208.512,-1.090,1.476,0.559
1208.623,-1.090,1.474,0.556
1208.734,-1.089,1.474,0.554
1208.845,-1.086,1.476,0.554
1208.956,-1.081,1.479,0.555
1209.067,-1.077,1.481,0.555
1209.178,-1.075,1.483,0.553
1209.290,-1.076,1.484,0.549
1209.401,-1.077,1.483,0.543
1209.511,-1.079,1.482,0.539
1209.623,-1.079,1.482,0.537
1209.734,-1.078,1.484,0.539
1209.845,-1.078,1.486,0.542
1209.956,-1.082,1.487,0.545
1210.068,-1.086,1.487,0.548
1210.178,-1.090,1.487,0.553
1210.290,-1.089,1.488,0.560
1210.401,-1.081,1.491,0.571
1210.512,-1.069,1.496,0.582
1210.623,-1.054,1.500,0.590
1210.734,-1.038,1.502,0.596
1210.845,-1.023,1.504,0.597
1210.956,-1.009,1.505,0.593
1211.067,-0.998,1.506,0.587
1211.178,-0.990,1.505,0.579
1211.289,-0.985,1.504,0.571
1211.400,-0.983,1.504,0.564
1211.511,-0.981,1.505,0.562
1211.623,-0.979,1.505,0.564
1211.734,-0.974,1.506,0.569
1211.845,-0.969,1.506,0.576
1211.956,-0.965,1.504,0.583
1212.067,-0.969,1.501,0.590
1212.178,-0.986,1.502,0.597
1212.289,-1.016,1.502,0.600
1212.400,-1.060,1.497,0.596
1212.511,-1.117,1.493,0.586
1212.623,-1.178,1.490,0.573
1212.734,-1.227,1.486,0.560
1212.845,-1.264,1.485,0.548
1212.956,-1.290,1.483,0.538
1213.067,-1.309,1.481,0.529
1213.178,-1.322,1.480,0.523
1213.290,-1.331,1.480,0.520
1213.401,-1.336,1.482,0.520
1213.512,-1.340,1.484,0.523
1213.623,-1.340,1.484,0.527
1213.734,-1.337,1.486,0.534
1213.845,-1.327,1.490,0.545
1213.956,-1.312,1.493,0.560
1214.067,-1.290,1.500,0.575
1214.178,-1.268,1.506,0.590
1214.289,-1.247,1.507,0.602
1214.400,-1.230,1.507,0.610
1214.511,-1.224,1.508,0.613
1214.623,-1.223,1.507,0.609
1214.734,-1.226,1.505,0.600
1214.845,-1.231,1.503,0.592
1214.956,-1.235,1.503,0.585
1215.067,-1.240,1.503,0.581
1215.178,-1.243,1.502,0.576
1215.289,-1.245,1.502,0.572
1215.400,-1.246,1.502,0.568
1215.511,-1.247,1.501,0.564
1215.622,-1.247,1.500,0.559
1215.734,-1.248,1.499,0.554
1215.845,-1.251,1.497,0.549
1215.956,-1.254,1.495,0.545
1216.067,-1.256,1.494,0.544
1216.178,-1.253,1.495,0.546
1216.289,-1.246,1.495,0.551
1216.400,-1.234,1.495,0.563
1216.511,-1.219,1.495,0.579
1216.622,-1.201,1.490,0.598
1216.733,-1.188,1.486,0.616
1216.844,-1.180,1.482,0.630
1216.956,-1.176,1.476,0.638
1217.067,-1.181,1.473,0.646
1217.177,-1.193,1.473,0.652
1217.289,-1.215,1.473,0.655
1217.400,-1.242,1.472,0.651
1217.511,-1.271,1.467,0.644
1217.622,-1.296,1.464,0.640
1217.733,-1.314,1.461,0.638
1217.844,-1.326,1.460,0.637
1217.956,-1.335,1.459,0.635
1218.066,-1.341,1.457,0.632
1218.178,-1.344,1.454,0.629
1218.289,-1.343,1.453,0.627
1218.400,-1.340,1.454,0.627
1218.511,-1.334,1.456,0.628
1218.623,-1.326,1.458,0.631
1218.733,-1.319,1.460,0.635
1218.845,-1.312,1.463,0.640
1218.956,-1.303,1.467,0.646
1219.109,-1.280,1.476,0.660
1219.220,-1.261,1.485,0.677
1219.331,-1.240,1.493,0.701
1219.442,-1.215,1.500,0.732
1219.554,-1.184,1.506,0.772
1219.664,-1.145,1.512,0.818
1219.775,-1.103,1.516,0.868
1219.887,-1.067,1.517,0.913
1219.998,-1.035,1.518,0.952
1220.109,-1.010,1.516,0.971
1220.220,-0.987,1.515,0.976
1220.331,-0.966,1.512,0.970
1220.442,-0.943,1.511,0.952
1220.553,-0.920,1.508,0.922
1220.664,-0.892,1.510,0.883
1220.775,-0.860,1.504,0.851
1220.887,-0.834,1.491,0.832
1220.998,-0.813,1.484,0.822
1221.108,-0.790,1.480,0.824
1221.220,-0.765,1.471,0.841
1221.331,-0.746,1.465,0.873
1221.442,-0.731,1.461,0.911
1221.553,-0.715,1.461,0.941
1221.664,-0.702,1.460,0.962
1221.775,-0.693,1.455,0.976
1221.886,-0.686,1.455,0.983
1221.997,-0.680,1.453,0.983
1222.108,-0.675,1.453,0.974
1222.219,-0.672,1.453,0.957
1222.330,-0.671,1.455,0.935
1222.442,-0.669,1.459,0.906
1222.553,-0.668,1.458,0.876
1222.664,-0.669,1.458,0.848
1222.775,-0.670,1.457,0.822
1222.886,-0.672,1.456,0.802
1222.997,-0.673,1.456,0.786
1223.108,-0.671,1.456,0.775
1223.220,-0.664,1.456,0.770
1223.331,-0.648,1.459,0.773
1223.442,-0.627,1.468,0.792
1223.553,-0.603,1.477,0.822
1223.664,-0.575,1.485,0.860
1223.775,-0.550,1.491,0.903
1223.886,-0.526,1.495,0.938
1223.997,-0.504,1.499,0.962
1224.108,-0.475,1.503,0.978
1224.220,-0.437,1.501,0.984
1224.331,-0.394,1.496,0.982
1224.441,-0.347,1.491,0.967
1224.553,-0.293,1.494,0.945
1224.664,-0.237,1.500,0.928
1224.775,-0.188,1.498,0.921
1224.886,-0.149,1.501,0.921
1224.997,-0.115,1.502,0.931
1225.108,-0.084,1.499,0.950
1225.220,-0.060,1.496,0.982
1225.330,-0.039,1.497,1.020
1225.441,-0.017,1.495,1.051
1225.553,0.009,1.494,1.070
1225.653,0.042,1.492,1.083
1225.765,0.075,1.488,1.093
1225.876,0.111,1.483,1.099
1225.987,0.147,1.480,1.104
1226.094,0.175,1.477,1.108
1226.205,0.199,1.474,1.112
1226.316,0.214,1.473,1.112
1226.427,0.221,1.476,1.106
1226.538,0.223,1.480,1.099
1226.649,0.224,1.483,1.095
1226.760,0.227,1.484,1.094
1226.871,0.232,1.483,1.095
1226.982,0.237,1.481,1.099
1227.093,0.237,1.479,1.105
1227.205,0.231,1.478,1.109
1227.316,0.210,1.482,1.106
1227.427,0.179,1.492,1.096
1227.538,0.143,1.500,1.084
1227.649,0.104,1.508,1.073
1227.760,0.069,1.516,1.058
1227.871,0.037,1.522,1.043
1227.982,0.004,1.524,1.030
1228.094,-0.025,1.519,1.020
1228.205,-0.046,1.516,1.008
1228.316,-0.059,1.521,0.992
1228.427,-0.060,1.526,0.973
1228.538,-0.051,1.532,0.958
1228.649,-0.035,1.546,0.947
1228.760,-0.016,1.558,0.939
1228.871,0.002,1.566,0.933
1228.982,0.015,1.567,0.931
1229.093,0.023,1.567,0.932
1229.204,0.027,1.568,0.935
1229.315,0.025,1.569,0.940
1229.427,0.020,1.569,0.947
1229.537,0.011,1.569,0.955
1229.649,-0.001,1.568,0.965
1229.760,-0.014,1.566,0.976
1229.871,-0.026,1.564,0.987
1229.982,-0.035,1.566,1.004
1230.093,-0.040,1.566,1.030
1230.204,-0.037,1.563,1.064
1230.315,-0.026,1.560,1.103
1230.427,-0.007,1.562,1.150
1230.538,0.014,1.563,1.195
1230.649,0.026,1.561,1.234
1230.760,0.024,1.561,1.268
1230.871,0.011,1.563,1.305
1230.982,-0.016,1.558,1.341
1231.093,-0.055,1.550,1.372
1231.204,-0.099,1.533,1.408
1231.315,-0.126,1.495,1.451
1231.426,-0.145,1.475,1.497
1231.537,-0.162,1.465,1.537
1231.649,-0.173,1.453,1.574
1231.760,-0.175,1.450,1.615
1231.871,-0.172,1.455,1.663
1231.982,-0.167,1.479,1.719
1232.093,-0.154,1.512,1.774
1232.204,-0.136,1.533,1.824
1232.315,-0.129,1.539,1.874
1232.426,-0.141,1.541,1.924
1232.537,-0.164,1.539,1.977
1232.648,-0.194,1.533,2.032
1232.760,-0.231,1.527,2.079
1232.871,-0.273,1.531,2.125
1232.982,-0.311,1.540,2.170
1233.093,-0.337,1.540,2.215
1233.204,-0.360,1.539,2.263
1233.315,-0.381,1.533,2.314
1233.426,-0.400,1.524,2.363
1233.537,-0.406,1.521,2.407
1233.649,-0.408,1.529,2.459
1233.760,-0.412,1.532,2.510
1233.871,-0.421,1.534,2.554
1233.982,-0.440,1.534,2.594
1234.093,-0.473,1.527,2.643
1234.204,-0.511,1.522,2.713
1234.315,-0.535,1.521,2.782
1234.426,-0.553,1.527,2.832
1234.537,-0.572,1.530,2.872
1234.648,-0.584,1.532,2.911
1234.759,-0.596,1.530,2.957
1234.870,-0.600,1.524,3.016
1234.982,-0.590,1.519,3.082
1235.093,-0.572,1.526,3.149
1235.204,-0.559,1.528,3.205
1235.315,-0.554,1.530,3.255
1235.426,-0.553,1.531,3.306
1235.537,-0.560,1.525,3.360
1235.648,-0.578,1.515,3.416
1235.759,-0.606,1.509,3.468
1235.870,-0.626,1.513,3.521
1235.982,-0.641,1.516,3.573
1236.093,-0.643,1.519,3.623
1236.204,-0.631,1.516,3.677
1236.315,-0.601,1.507,3.733
1236.426,-0.555,1.500,3.787
1236.537,-0.502,1.505,3.841
1236.649,-0.460,1.513,3.892
1236.760,-0.429,1.515,3.940
1236.871,-0.409,1.518,3.989
1236.981,-0.398,1.514,4.044
1237.093,-0.401,1.508,4.103
1237.204,-0.417,1.506,4.165
1237.315,-0.432,1.514,4.228
1237.426,-0.436,1.519,4.282
1237.537,-0.428,1.522,4.328
1237.648,-0.411,1.521,4.375
1237.759,-0.385,1.514,4.422
1237.870,-0.348,1.507,4.466
1237.982,-0.302,1.508,4.509
1238.093,-0.259,1.512,4.553
1238.203,-0.230,1.510,4.593
1238.314,-0.212,1.515,4.634
1238.426,-0.200,1.511,4.677
1238.536,-0.197,1.502,4.726
1238.648,-0.205,1.496,4.777
1238.759,-0.216,1.496,4.831
1238.870,-0.224,1.496,4.884
1238.981,-0.224,1.492,4.929
1239.092,-0.213,1.488,4.965
1239.203,-0.191,1.480,5.003
1239.314,-0.158,1.468,5.041
1239.425,-0.116,1.458,5.076
1239.537,-0.071,1.452,5.110
1239.647,-0.039,1.440,5.140
1239.759,-0.017,1.431,5.170
1239.870,-0.003,1.424,5.203
1239.980,-0.002,1.415,5.235
1240.092,-0.007,1.410,5.266
1240.203,-0.005,1.395,5.297
1240.314,0.007,1.369,5.329
1240.426,0.027,1.332,5.360
1240.536,0.052,1.278,5.386
1240.648,0.076,1.222,5.407
1240.759,0.092,1.174,5.420
1240.869,0.103,1.134,5.429
1240.981,0.109,1.106,5.438
1241.092,0.112,1.093,5.446
1241.203,0.112,1.095,5.446
1241.314,0.112,1.099,5.450
1241.426,0.110,1.108,5.446
1241.537,0.106,1.121,5.441
1241.647,0.101,1.141,5.431
1241.759,0.094,1.183,5.428
1241.870,0.084,1.244,5.419
1241.981,0.071,1.319,5.403
1242.093,0.054,1.380,5.380
1242.203,0.043,1.414,5.355
1242.314,0.053,1.431,5.337
1242.426,0.082,1.444,5.325
1242.537,0.127,1.453,5.317
1242.648,0.186,1.459,5.316
1242.759,0.240,1.460,5.321
1242.870,0.281,1.459,5.326
1242.981,0.311,1.459,5.332
1243.092,0.333,1.460,5.341
1243.203,0.343,1.459,5.348
1243.314,0.347,1.458,5.350
1243.426,0.354,1.454,5.350
1243.537,0.362,1.451,5.345
1243.648,0.365,1.448,5.332
1243.759,0.366,1.445,5.316
1243.870,0.361,1.441,5.308
1243.981,0.344,1.439,5.300
1244.092,0.313,1.442,5.298
1244.204,0.265,1.450,5.307
1244.314,0.210,1.459,5.329
1244.426,0.145,1.459,5.359
1244.537,0.085,1.462,5.386
1244.647,0.040,1.464,5.409
1244.758,0.010,1.466,5.429
1244.869,-0.006,1.468,5.450
1244.980,-0.012,1.466,5.475
1245.092,-0.010,1.462,5.500
1245.203,0.004,1.459,5.526
1245.314,0.019,1.458,5.557
1245.426,0.019,1.455,5.592
1245.536,-0.017,1.457,5.620
1245.647,-0.061,1.467,5.636
1245.759,-0.113,1.473,5.637
1245.870,-0.167,1.479,5.627
1245.980,-0.225,1.487,5.610
1246.092,-0.274,1.493,5.603
1246.203,-0.310,1.490,5.610
1246.314,-0.327,1.485,5.630
1246.426,-0.311,1.484,5.662
1246.536,-0.278,1.483,5.690
1246.647,-0.238,1.480,5.714
1246.759,-0.192,1.478,5.740
1246.870,-0.142,1.476,5.767
1246.980,-0.100,1.472,5.792
1247.092,-0.064,1.467,5.812
1247.203,-0.035,1.464,5.835
1247.313,-0.013,1.457,5.865
1247.425,-0.002,1.449,5.893
1247.536,-0.004,1.445,5.922
1247.647,-0.007,1.446,5.955
1247.758,-0.001,1.445,5.986
1247.869,0.012,1.441,6.009
1247.980,0.036,1.438,6.028
1248.091,0.072,1.430,6.039
1248.203,0.120,1.420,6.049
1248.314,0.177,1.402,6.061
1248.425,0.230,1.379,6.075
1248.536,0.277,1.351,6.098
1248.647,0.313,1.314,6.119
1248.758,0.343,1.267,6.138
1248.869,0.368,1.210,6.153
1248.980,0.389,1.153,6.163
1249.091,0.408,1.099,6.173
1249.203,0.422,1.047,6.182
1249.313,0.431,1.011,6.188
1249.425,0.436,0.989,6.191
1249.536,0.438,0.975,6.195
1249.647,0.438,0.969,6.197
1249.758,0.436,0.971,6.197
1249.869,0.437,0.976,6.199
1249.980,0.437,0.978,6.199
1250.091,0.437,0.983,6.198
1250.203,0.434,1.003,6.196
1250.313,0.429,1.046,6.199
1250.425,0.418,1.114,6.202
1250.536,0.403,1.198,6.204
1250.647,0.376,1.283,6.210
1250.757,0.332,1.354,6.217
1250.869,0.277,1.416,6.226
1250.980,0.218,1.448,6.223
1251.091,0.160,1.467,6.208
1251.202,0.104,1.483,6.191
1251.313,0.046,1.490,6.179
1251.424,-0.016,1.486,6.179
1251.536,-0.083,1.479,6.182
1251.646,-0.144,1.470,6.191
1251.758,-0.191,1.458,6.199
1251.869,-0.224,1.456,6.210
1251.980,-0.249,1.455,6.232
1252.091,-0.267,1.451,6.261
1252.203,-0.274,1.443,6.296
1252.313,-0.271,1.440,6.327
1252.424,-0.272,1.439,6.353
1252.535,-0.276,1.439,6.372
1252.646,-0.281,1.441,6.388
1252.758,-0.289,1.443,6.400
1252.869,-0.301,1.447,6.410
1252.980,-0.319,1.451,6.417
1253.091,-0.343,1.458,6.423
1253.202,-0.372,1.468,6.427
1253.314,-0.400,1.471,6.430
1253.425,-0.422,1.473,6.437
1253.536,-0.436,1.475,6.453
1253.647,-0.434,1.474,6.478
1253.758,-0.416,1.471,6.500
1253.869,-0.387,1.468,6.516
1253.980,-0.360,1.465,6.530
1254.092,-0.341,1.465,6.545
1254.202,-0.328,1.466,6.561
1254.314,-0.326,1.470,6.579
1254.425,-0.324,1.473,6.601
1254.536,-0.317,1.475,6.621
1254.647,-0.319,1.478,6.641
1254.758,-0.321,1.481,6.659
1254.869,-0.325,1.482,6.675
1254.980,-0.332,1.479,6.690
1255.091,-0.340,1.476,6.709
1255.203,-0.352,1.476,6.724
1255.313,-0.359,1.477,6.732
1255.424,-0.367,1.477,6.734
1255.536,-0.369,1.479,6.733
1255.646,-0.366,1.479,6.728
1255.758,-0.355,1.477,6.722
1255.869,-0.343,1.478,6.720
1255.980,-0.337,1.481,6.722
1256.091,-0.335,1.482,6.728
1256.202,-0.337,1.482,6.734
1256.313,-0.341,1.484,6.738
1256.424,-0.342,1.484,6.741
1256.536,-0.338,1.485,6.739
1256.646,-0.331,1.486,6.734
1256.758,-0.319,1.487,6.729
1256.869,-0.303,1.487,6.725
1256.980,-0.283,1.487,6.722
1257.091,-0.260,1.490,6.720
1257.202,-0.234,1.497,6.723
1257.313,-0.211,1.513,6.735
1257.425,-0.191,1.534,6.749
1257.536,-0.173,1.546,6.750
1257.647,-0.156,1.554,6.746
1257.759,-0.147,1.563,6.746
1257.870,-0.146,1.566,6.750
1257.981,-0.150,1.547,6.767
1258.092,-0.152,1.525,6.797
1258.202,-0.154,1.497,6.832
1258.313,-0.157,1.476,6.866
1258.424,-0.157,1.462,6.901
1258.536,-0.157,1.453,6.932
1258.646,-0.153,1.442,6.958
1258.757,-0.141,1.430,6.977
1258.868,-0.126,1.426,6.989
1258.979,-0.103,1.415,6.998
1259.090,-0.069,1.397,7.000
1259.201,-0.023,1.372,6.996
1259.312,0.036,1.340,6.996
1259.423,0.098,1.287,7.004
1259.535,0.156,1.188,7.020
1259.645,0.195,1.065,7.030
1259.757,0.224,0.937,7.041
1259.868,0.244,0.816,7.051
1259.979,0.257,0.721,7.061
1260.089,0.261,0.659,7.070
1260.201,0.263,0.644,7.078
1260.311,0.261,0.660,7.084
1260.423,0.260,0.703,7.087
1260.534,0.259,0.780,7.088
1260.645,0.260,0.900,7.088
1260.757,0.254,1.058,7.084
1260.869,0.220,1.229,7.075
1260.980,0.160,1.384,7.061
1261.092,0.089,1.489,7.049
1261.203,0.027,1.551,7.033
1261.314,-0.021,1.587,7.021
1261.425,-0.066,1.615,7.012
1261.536,-0.106,1.629,7.007
1261.647,-0.136,1.634,7.008
1261.759,-0.159,1.636,7.013
1261.869,-0.171,1.633,7.021
1261.980,-0.169,1.626,7.024
1262.092,-0.158,1.620,7.026
1262.203,-0.144,1.616,7.025
1262.314,-0.128,1.613,7.018
1262.425,-0.109,1.608,7.006
1262.536,-0.081,1.605,6.997
1262.647,-0.048,1.601,7.004
1262.758,-0.030,1.597,7.021
1262.869,-0.019,1.594,7.025
1262.980,-0.032,1.593,7.020
1263.092,-0.048,1.590,6.996
1263.202,-0.062,1.590,6.968
1263.313,-0.080,1.590,6.937
1263.424,-0.102,1.587,6.917
1263.535,-0.126,1.570,6.919
1263.646,-0.149,1.549,6.922
1263.758,-0.163,1.529,6.925
1263.868,-0.170,1.510,6.923
1263.979,-0.184,1.502,6.914
1264.091,-0.206,1.496,6.899
1264.202,-0.239,1.496,6.879
1264.313,-0.273,1.500,6.858
1264.424,-0.300,1.497,6.846
1264.535,-0.319,1.493,6.847
1264.645,-0.330,1.494,6.862
1264.757,-0.340,1.498,6.887
1264.868,-0.355,1.502,6.913
1264.979,-0.370,1.503,6.931
1265.090,-0.382,1.503,6.936
1265.202,-0.395,1.503,6.931
1265.312,-0.413,1.499,6.914
1265.423,-0.430,1.496,6.880
1265.535,-0.446,1.495,6.830
1265.646,-0.459,1.489,6.783
1265.757,-0.476,1.485,6.749
1265.868,-0.494,1.481,6.727
1265.979,-0.518,1.478,6.720
1266.090,-0.551,1.472,6.723
1266.202,-0.591,1.463,6.738
1266.313,-0.634,1.455,6.767
1266.423,-0.682,1.453,6.809
1266.535,-0.731,1.449,6.846
1266.646,-0.773,1.440,6.871
1266.757,-0.814,1.432,6.887
1266.868,-0.856,1.423,6.894
1266.979,-0.895,1.410,6.891
1267.090,-0.939,1.395,6.880
1267.201,-0.988,1.379,6.862
1267.312,-1.038,1.365,6.844
1267.424,-1.081,1.344,6.831
1267.535,-1.124,1.309,6.830
1267.646,-1.166,1.259,6.844
1267.757,-1.205,1.196,6.860
1267.868,-1.238,1.122,6.875
1267.979,-1.267,1.035,6.883
1268.090,-1.291,0.941,6.883
1268.202,-1.306,0.869,6.885
1268.313,-1.315,0.830,6.888
1268.424,-1.320,0.814,6.890
1268.535,-1.323,0.805,6.893
1268.646,-1.322,0.797,6.896
1268.757,-1.322,0.798,6.898
1268.868,-1.319,0.803,6.898
1268.979,-1.314,0.806,6.898
1269.091,-1.307,0.814,6.898
1269.202,-1.302,0.823,6.897
1269.312,-1.296,0.836,6.895
1269.423,-1.290,0.871,6.893
1269.535,-1.284,0.927,6.888
1269.646,-1.283,1.019,6.879
1269.757,-1.278,1.133,6.865
1269.868,-1.261,1.247,6.849
1269.979,-1.233,1.332,6.832
1270.090,-1.206,1.389,6.814
1270.202,-1.174,1.429,6.788
1270.312,-1.141,1.459,6.745
1270.424,-1.107,1.480,6.689
1270.535,-1.073,1.491,6.636
1270.646,-1.051,1.491,6.596
1270.757,-1.046,1.497,6.564
1270.868,-1.053,1.501,6.537
1270.979,-1.073,1.499,6.514
1271.090,-1.107,1.499,6.497
1271.201,-1.153,1.506,6.486
1271.312,-1.203,1.515,6.474
1271.423,-1.245,1.513,6.456
1271.535,-1.276,1.513,6.434
1271.645,-1.305,1.517,6.409
1271.757,-1.331,1.515,6.377
1271.868,-1.353,1.512,6.334
1271.979,-1.369,1.510,6.279
1272.090,-1.384,1.512,6.222
1272.201,-1.401,1.514,6.172
1272.312,-1.420,1.516,6.133
1272.423,-1.440,1.515,6.101
1272.535,-1.468,1.510,6.072
1272.646,-1.510,1.501,6.048
1272.757,-1.565,1.495,6.030
1272.868,-1.627,1.499,6.016
1272.979,-1.685,1.497,6.001
1273.090,-1.732,1.490,5.983
1273.201,-1.775,1.491,5.959
1273.312,-1.816,1.487,5.925
1273.423,-1.847,1.481,5.883
1273.534,-1.873,1.483,5.834
1273.645,-1.900,1.482,5.795
1273.757,-1.928,1.480,5.769
1273.868,-1.964,1.480,5.753
1273.979,-2.013,1.472,5.743
1274.090,-2.074,1.457,5.743
1274.201,-2.143,1.439,5.750
1274.312,-2.209,1.417,5.754
1274.423,-2.263,1.389,5.749
1274.534,-2.313,1.349,5.742
1274.645,-2.346,1.315,5.735
1274.757,-2.366,1.291,5.728
1274.868,-2.375,1.280,5.723
1274.978,-2.381,1.274,5.720
1275.090,-2.386,1.271,5.720
1275.201,-2.389,1.274,5.719
1275.312,-2.392,1.277,5.713
1275.423,-2.392,1.279,5.709
1275.534,-2.391,1.284,5.709
1275.645,-2.391,1.291,5.707
1275.756,-2.386,1.308,5.704
1275.867,-2.377,1.334,5.701
1275.978,-2.366,1.359,5.698
1276.090,-2.352,1.377,5.698
1276.201,-2.340,1.391,5.701
1276.311,-2.331,1.401,5.704
1276.422,-2.324,1.407,5.707
1276.534,-2.320,1.409,5.709
1276.645,-2.320,1.410,5.705
1276.756,-2.319,1.411,5.700
1276.867,-2.317,1.412,5.700
1276.978,-2.313,1.414,5.702
1277.090,-2.308,1.416,5.702
1277.201,-2.305,1.417,5.702
1277.311,-2.301,1.417,5.702
1277.423,-2.299,1.415,5.702
1277.534,-2.295,1.414,5.702
1277.645,-2.293,1.414,5.698
1277.756,-2.290,1.413,5.695
1277.867,-2.286,1.414,5.692
1277.978,-2.282,1.415,5.689
1278.090,-2.278,1.417,5.687
1278.201,-2.276,1.418,5.688
1278.312,-2.275,1.419,5.691
1278.423,-2.276,1.419,5.694
1278.533,-2.278,1.418,5.695
1278.645,-2.281,1.416,5.694
1278.756,-2.284,1.415,5.693
1278.867,-2.286,1.414,5.693
1278.978,-2.286,1.414,5.692
1279.089,-2.285,1.417,5.693
1279.200,-2.283,1.421,5.694
1279.311,-2.279,1.426,5.698
1279.423,-2.276,1.433,5.702
1279.534,-2.273,1.440,5.706
1279.645,-2.268,1.450,5.710
1279.756,-2.263,1.468,5.715
1279.867,-2.257,1.486,5.720
1279.978,-2.251,1.499,5.727
1280.089,-2.245,1.510,5.734
1280.201,-2.239,1.518,5.739
1280.311,-2.236,1.525,5.736
1280.423,-2.230,1.528,5.734
1280.534,-2.221,1.531,5.731
1280.645,-2.221,1.532,5.721
1280.756,-2.222,1.529,5.712
1280.867,-2.217,1.525,5.697
1280.978,-2.200,1.526,5.669
1281.090,-2.166,1.527,5.634
1281.200,-2.118,1.529,5.605
1281.311,-2.070,1.532,5.582
1281.423,-2.027,1.537,5.562
1281.534,-1.984,1.543,5.544
1281.645,-1.946,1.545,5.529
1281.756,-1.899,1.541,5.514
1281.867,-1.845,1.540,5.509
1281.978,-1.799,1.545,5.510
1282.089,-1.763,1.544,5.511
1282.201,-1.739,1.536,5.511
1282.312,-1.731,1.533,5.506
1282.423,-1.739,1.530,5.495
1282.534,-1.755,1.532,5.480
1282.645,-1.774,1.544,5.458
1282.756,-1.790,1.553,5.432
1282.867,-1.801,1.553,5.405
1282.978,-1.806,1.554,5.386
1283.089,-1.805,1.562,5.376
1283.201,-1.793,1.580,5.375
1283.312,-1.778,1.600,5.382
1283.423,-1.756,1.610,5.402
1283.533,-1.726,1.613,5.432
1283.645,-1.696,1.613,5.462
1283.757,-1.670,1.610,5.488
1283.867,-1.643,1.601,5.499
1283.978,-1.609,1.579,5.490
1284.090,-1.578,1.569,5.462
1284.201,-1.553,1.562,5.424
1284.312,-1.533,1.556,5.378
1284.423,-1.512,1.556,5.325
1284.534,-1.486,1.555,5.276
1284.645,-1.462,1.550,5.241
1284.756,-1.440,1.546,5.220
1284.867,-1.412,1.541,5.211
1284.978,-1.375,1.532,5.213
1285.089,-1.334,1.523,5.230
1285.200,-1.287,1.512,5.261
1285.311,-1.234,1.502,5.297
1285.423,-1.180,1.500,5.330
1285.534,-1.135,1.498,5.350
1285.638,-1.091,1.496,5.363
1285.745,-1.041,1.489,5.370
1285.856,-0.986,1.480,5.369
1285.968,-0.929,1.470,5.356
1286.089,-0.864,1.470,5.339
1286.200,-0.806,1.468,5.331
1286.310,-0.751,1.464,5.336
1286.422,-0.695,1.457,5.350
1286.533,-0.638,1.444,5.370
1286.644,-0.574,1.428,5.400
1286.755,-0.501,1.410,5.435
1286.866,-0.425,1.385,5.472
1286.977,-0.360,1.355,5.495
1287.089,-0.306,1.321,5.500
1287.200,-0.257,1.292,5.492
1287.310,-0.217,1.262,5.478
1287.422,-0.182,1.231,5.465
1287.533,-0.149,1.201,5.467
1287.644,-0.119,1.169,5.480
1287.755,-0.091,1.133,5.496
1287.866,-0.065,1.096,5.509
1287.977,-0.044,1.061,5.517
1288.089,-0.029,1.028,5.522
1288.200,-0.018,1.005,5.524
1288.310,-0.013,0.998,5.525
1288.422,-0.009,1.000,5.526
1288.533,-0.008,0.999,5.524
1288.644,-0.008,1.002,5.522
1288.755,-0.007,1.005,5.520
1288.866,-0.006,1.007,5.518
1288.977,-0.008,1.017,5.518
1289.089,-0.011,1.042,5.519
1289.200,-0.015,1.079,5.521
1289.311,-0.020,1.119,5.524
1289.422,-0.026,1.154,5.525
1289.533,-0.035,1.176,5.526
1289.644,-0.039,1.199,5.527
1289.755,-0.046,1.226,5.527
1289.866,-0.054,1.255,5.526
1289.977,-0.064,1.288,5.526
1290.089,-0.077,1.323,5.526
1290.200,-0.080,1.336,5.524
1290.311,-0.062,1.305,5.518
1290.422,-0.037,1.247,5.512
1290.533,-0.018,1.188,5.510
1290.644,-0.005,1.139,5.512
1290.755,0.004,1.100,5.513
1290.867,0.006,1.075,5.516
1290.977,0.008,1.065,5.519
1291.088,0.008,1.059,5.519
1291.200,0.006,1.057,5.518
1291.310,0.005,1.059,5.516
1291.422,0.002,1.070,5.516
1291.533,-0.002,1.094,5.515
1291.644,-0.009,1.132,5.517
1291.755,-0.019,1.177,5.518
1291.866,-0.034,1.224,5.518
1291.977,-0.050,1.273,5.518
1292.088,-0.070,1.316,5.518
1292.200,-0.092,1.355,5.517
1292.311,-0.117,1.400,5.511
1292.422,-0.147,1.440,5.507
1292.533,-0.175,1.469,5.505
1292.644,-0.191,1.480,5.509
1292.755,-0.188,1.471,5.522
1292.866,-0.170,1.457,5.538
1292.977,-0.150,1.433,5.558
1293.089,-0.131,1.405,5.579
1293.199,-0.114,1.378,5.595
1293.310,-0.096,1.354,5.596
1293.422,-0.069,1.328,5.581
1293.533,-0.039,1.294,5.554
1293.644,-0.008,1.249,5.526
1293.755,0.020,1.210,5.506
1293.866,0.045,1.178,5.500
1293.977,0.064,1.148,5.503
1294.088,0.080,1.126,5.510
1294.199,0.096,1.110,5.518
1294.310,0.111,1.097,5.525
1294.422,0.124,1.086,5.532
1294.532,0.132,1.076,5.537
1294.643,0.138,1.069,5.539
1294.755,0.142,1.073,5.539
1294.866,0.145,1.088,5.534
1294.977,0.143,1.098,5.530
1295.088,0.142,1.101,5.527
1295.199,0.143,1.104,5.523
1295.310,0.145,1.113,5.522
1295.421,0.148,1.121,5.521
1295.532,0.148,1.120,5.521
1295.644,0.150,1.121,5.523
1295.754,0.152,1.126,5.524
1295.866,0.157,1.124,5.524
1295.977,0.164,1.121,5.524
1296.088,0.176,1.119,5.522
1296.199,0.189,1.120,5.518
1296.311,0.193,1.129,5.516
1296.422,0.190,1.150,5.514
1296.532,0.177,1.180,5.511
1296.644,0.157,1.215,5.509
1296.755,0.134,1.245,5.504
1296.866,0.112,1.280,5.497
1296.977,0.092,1.319,5.486
1297.088,0.075,1.355,5.469
1297.199,0.061,1.385,5.444
1297.311,0.044,1.414,5.415
1297.422,0.024,1.434,5.390
1297.533,0.003,1.446,5.382
1297.644,-0.015,1.455,5.396
1297.755,-0.027,1.458,5.427
1297.866,-0.022,1.461,5.468
1297.977,-0.002,1.459,5.517
1298.088,0.031,1.454,5.578
1298.199,0.082,1.451,5.649
1298.310,0.136,1.446,5.715
1298.421,0.188,1.440,5.768
1298.532,0.233,1.428,5.806
1298.644,0.267,1.417,5.832
1298.755,0.291,1.408,5.849
1298.866,0.305,1.403,5.855
1298.977,0.320,1.404,5.852
1299.088,0.331,1.405,5.844
1299.200,0.329,1.413,5.838
1299.311,0.319,1.423,5.830
1299.422,0.306,1.432,5.816
1299.533,0.290,1.438,5.794
1299.644,0.269,1.447,5.759
1299.755,0.233,1.458,5.712
1299.866,0.185,1.470,5.656
1299.977,0.128,1.477,5.593
1300.088,0.072,1.479,5.527
1300.200,0.021,1.476,5.473
1300.310,-0.019,1.476,5.433
1300.422,-0.044,1.478,5.405
1300.533,-0.053,1.477,5.380
1300.643,-0.046,1.473,5.356
1300.755,-0.022,1.467,5.335
1300.866,0.019,1.462,5.315
1300.977,0.076,1.456,5.290
1301.088,0.135,1.445,5.270
1301.199,0.181,1.435,5.255
1301.310,0.214,1.430,5.244
1301.421,0.237,1.426,5.237
1301.533,0.250,1.425,5.238
1301.643,0.253,1.427,5.236
1301.755,0.247,1.428,5.221
1301.866,0.239,1.429,5.194
1301.977,0.233,1.431,5.157
1302.088,0.225,1.437,5.114
1302.199,0.217,1.447,5.059
1302.310,0.208,1.456,5.007
1302.422,0.204,1.461,4.970
1302.533,0.201,1.463,4.944
1302.644,0.205,1.465,4.926
1302.755,0.219,1.462,4.913
1302.866,0.246,1.456,4.905
1302.977,0.282,1.448,4.900
1303.088,0.329,1.443,4.898
1303.199,0.381,1.438,4.896
1303.310,0.437,1.425,4.898
1303.421,0.490,1.402,4.903
1303.533,0.535,1.375,4.911
1303.643,0.571,1.348,4.921
1303.755,0.593,1.316,4.926
1303.865,0.602,1.286,4.929
1303.977,0.609,1.258,4.931
1304.088,0.613,1.219,4.930
1304.199,0.599,1.185,4.927
1304.310,0.570,1.167,4.918
1304.420,0.533,1.159,4.904
1304.532,0.504,1.143,4.890
1304.643,0.484,1.112,4.881
1304.754,0.472,1.072,4.885
1304.865,0.465,1.027,4.899
1304.976,0.458,0.995,4.909
1305.087,0.453,0.980,4.914
1305.198,0.450,0.978,4.917
1305.310,0.447,0.985,4.918
1305.421,0.444,0.992,4.918
1305.532,0.443,0.996,4.919
1305.643,0.443,0.992,4.920
1305.754,0.444,0.982,4.921
1305.865,0.446,0.972,4.922
1305.976,0.446,0.965,4.924
1306.088,0.448,0.965,4.927
1306.199,0.453,0.972,4.930
1306.310,0.459,0.980,4.931
1306.421,0.459,0.985,4.931
1306.532,0.458,0.995,4.930
1306.643,0.455,1.000,4.928
1306.754,0.451,1.001,4.926
1306.866,0.448,1.001,4.924
1306.976,0.448,1.000,4.921
1307.088,0.449,1.000,4.919
1307.199,0.451,1.000,4.918
1307.310,0.452,1.001,4.918
1307.421,0.452,1.001,4.919
1307.532,0.453,0.999,4.920
1307.643,0.453,0.998,4.922
1307.754,0.454,0.998,4.925
1307.865,0.454,0.999,4.929
1307.976,0.453,0.997,4.932
1308.088,0.453,0.994,4.935
1308.198,0.453,0.992,4.937
1308.310,0.453,0.994,4.937
1308.421,0.454,0.998,4.937
1308.532,0.455,1.002,4.934
1308.643,0.458,1.003,4.931
1308.754,0.461,1.001,4.928
1308.865,0.464,0.998,4.926
1308.976,0.467,0.994,4.923
1309.087,0.469,0.990,4.920
1309.198,0.470,0.988,4.917
1309.310,0.470,0.988,4.913
1309.421,0.470,0.986,4.913
1309.532,0.468,0.984,4.914
1309.643,0.467,0.986,4.916
1309.754,0.466,0.995,4.920
1309.865,0.465,1.002,4.928
1309.976,0.463,1.020,4.938
1310.087,0.464,1.056,4.950
1310.199,0.460,1.100,4.966
1310.310,0.450,1.144,4.983
1310.421,0.435,1.186,5.003
1310.532,0.416,1.224,5.022
1310.643,0.393,1.260,5.041
1310.755,0.369,1.293,5.055
1310.865,0.352,1.321,5.061
1310.976,0.343,1.339,5.057
1311.088,0.332,1.359,5.053
1311.199,0.320,1.387,5.059
1311.310,0.303,1.414,5.070
1311.421,0.284,1.436,5.078
1311.532,0.259,1.458,5.089
1311.643,0.229,1.471,5.106
1311.754,0.195,1.475,5.126
1311.865,0.169,1.483,5.138
1311.976,0.152,1.483,5.150
1312.087,0.145,1.479,5.166
1312.198,0.155,1.479,5.171
1312.309,0.181,1.477,5.167
1312.420,0.215,1.476,5.156
1312.531,0.255,1.481,5.142
1312.642,0.296,1.484,5.135
1312.753,0.328,1.483,5.133
1312.864,0.352,1.482,5.132
1312.975,0.368,1.481,5.135
1313.086,0.374,1.481,5.140
1313.197,0.367,1.483,5.142
1313.309,0.349,1.487,5.135
1313.420,0.319,1.492,5.130
1313.531,0.274,1.497,5.129
1313.642,0.218,1.506,5.130
1313.753,0.159,1.511,5.129
1313.864,0.112,1.510,5.127
1313.975,0.070,1.508,5.117
1314.087,0.025,1.516,5.106
1314.197,-0.016,1.525,5.097
1314.309,-0.054,1.537,5.089
1314.420,-0.087,1.551,5.083
1314.531,-0.116,1.563,5.082
1314.642,-0.139,1.568,5.089
1314.753,-0.157,1.569,5.105
1314.864,-0.173,1.571,5.132
1314.975,-0.180,1.572,5.173
1315.087,-0.190,1.581,5.226
1315.197,-0.214,1.583,5.277
1315.309,-0.240,1.569,5.323
1315.420,-0.265,1.564,5.354
1315.531,-0.289,1.566,5.374
1315.642,-0.318,1.562,5.394
1315.753,-0.358,1.554,5.408
1315.864,-0.411,1.549,5.412
1315.975,-0.470,1.553,5.400
1316.087,-0.529,1.562,5.385
1316.198,-0.585,1.560,5.372
1316.309,-0.640,1.559,5.350
1316.420,-0.682,1.561,5.327
1316.531,-0.713,1.560,5.317
1316.642,-0.747,1.558,5.321
1316.754,-0.781,1.554,5.336
1316.864,-0.814,1.553,5.365
1316.975,-0.850,1.559,5.399
1317.087,-0.886,1.572,5.433
1317.198,-0.920,1.578,5.458
1317.309,-0.948,1.578,5.471
1317.420,-0.969,1.586,5.472
1317.531,-0.985,1.590,5.462
1317.642,-1.006,1.589,5.447
1317.753,-1.030,1.589,5.421
1317.865,-1.054,1.580,5.385
1317.976,-1.077,1.566,5.337
1318.087,-1.098,1.556,5.280
1318.198,-1.115,1.547,5.226
1318.309,-1.130,1.543,5.183
1318.420,-1.145,1.544,5.153
1318.531,-1.164,1.546,5.132
1318.642,-1.192,1.545,5.116
1318.754,-1.227,1.545,5.105
1318.865,-1.269,1.546,5.102
1318.976,-1.316,1.543,5.109
1319.087,-1.372,1.552,5.119
1319.198,-1.427,1.559,5.127
1319.309,-1.478,1.559,5.137
1319.420,-1.517,1.557,5.145
1319.531,-1.546,1.559,5.148
1319.642,-1.574,1.560,5.140
1319.753,-1.605,1.557,5.125
1319.865,-1.632,1.555,5.106
1319.976,-1.642,1.554,5.076
1320.087,-1.650,1.559,5.038
1320.198,-1.661,1.565,5.000
1320.309,-1.675,1.566,4.966
1320.420,-1.691,1.569,4.940
1320.531,-1.712,1.574,4.923
1320.642,-1.739,1.576,4.912
1320.753,-1.774,1.576,4.908
1320.864,-1.819,1.575,4.908
1320.975,-1.874,1.571,4.916
1321.086,-1.940,1.579,4.928
1321.197,-2.005,1.585,4.935
1321.309,-2.056,1.586,4.937
1321.420,-2.091,1.584,4.938
1321.531,-2.116,1.582,4.935
1321.642,-2.135,1.580,4.928
1321.753,-2.147,1.580,4.920
1321.865,-2.156,1.580,4.908
1321.975,-2.167,1.583,4.897
1322.087,-2.178,1.584,4.887
1322.198,-2.181,1.582,4.873
1322.309,-2.169,1.582,4.852
1322.420,-2.142,1.579,4.827
1322.531,-2.102,1.577,4.799
1322.642,-2.063,1.577,4.769
1322.753,-2.026,1.576,4.744
1322.864,-1.996,1.579,4.724
1322.975,-1.973,1.578,4.706
1323.087,-1.956,1.574,4.689
1323.198,-1.943,1.571,4.680
1323.309,-1.931,1.567,4.677
1323.420,-1.923,1.567,4.670
1323.531,-1.920,1.567,4.658
1323.642,-1.921,1.568,4.647
1323.753,-1.926,1.568,4.636
1323.865,-1.939,1.570,4.627
1323.975,-1.959,1.570,4.618
1324.087,-1.980,1.569,4.608
1324.198,-2.001,1.567,4.596
1324.309,-2.026,1.567,4.585
1324.420,-2.054,1.567,4.575
1324.532,-2.083,1.567,4.569
1324.642,-2.108,1.568,4.565
1324.754,-2.131,1.568,4.561
1324.865,-2.151,1.566,4.558
1324.975,-2.165,1.564,4.556
1325.087,-2.174,1.564,4.553
1325.198,-2.179,1.563,4.548
1325.309,-2.182,1.562,4.543
1325.419,-2.184,1.562,4.540
1325.531,-2.184,1.563,4.539
1325.642,-2.184,1.563,4.537
1325.753,-2.185,1.563,4.534
1325.864,-2.187,1.562,4.528
1325.975,-2.189,1.559,4.516
1326.086,-2.190,1.555,4.500
1326.197,-2.179,1.551,4.468
1326.308,-2.148,1.549,4.423
1326.420,-2.087,1.544,4.374
1326.531,-2.017,1.541,4.337
1326.642,-1.952,1.542,4.308
1326.753,-1.899,1.547,4.284
1326.864,-1.859,1.555,4.265
1326.975,-1.832,1.553,4.251
1327.086,-1.818,1.555,4.233
1327.197,-1.808,1.555,4.212
1327.308,-1.802,1.552,4.185
1327.419,-1.803,1.551,4.155
1327.530,-1.813,1.550,4.120
1327.641,-1.823,1.553,4.076
1327.753,-1.832,1.555,4.027
1327.863,-1.840,1.555,3.981
1327.975,-1.845,1.551,3.941
1328.086,-1.842,1.550,3.902
1328.197,-1.832,1.551,3.862
1328.308,-1.815,1.548,3.822
1328.419,-1.788,1.543,3.784
1328.527,-1.751,1.537,3.749
1328.639,-1.707,1.544,3.711
1328.750,-1.664,1.548,3.672
1328.861,-1.630,1.545,3.637
1328.973,-1.606,1.548,3.602
1329.084,-1.585,1.547,3.567
1329.195,-1.570,1.542,3.528
1329.307,-1.564,1.537,3.483
1329.418,-1.566,1.532,3.433
1329.529,-1.573,1.534,3.377
1329.640,-1.581,1.538,3.317
1329.751,-1.584,1.535,3.269
1329.862,-1.584,1.535,3.230
1329.973,-1.579,1.534,3.194
1330.085,-1.568,1.532,3.162
1330.196,-1.554,1.530,3.131
1330.307,-1.535,1.527,3.099
1330.418,-1.512,1.520,3.071
1330.529,-1.482,1.518,3.038
1330.640,-1.450,1.518,3.000
1330.752,-1.422,1.519,2.966
1330.863,-1.404,1.513,2.936
1330.974,-1.396,1.510,2.909
1331.085,-1.395,1.500,2.878
1331.196,-1.404,1.488,2.842
1331.307,-1.420,1.478,2.804
1331.419,-1.442,1.470,2.763
1331.530,-1.465,1.465,2.719
1331.641,-1.486,1.458,2.679
1331.752,-1.505,1.448,2.649
1331.863,-1.514,1.441,2.626
1331.974,-1.515,1.438,2.605
1332.085,-1.508,1.431,2.586
1332.197,-1.495,1.427,2.570
1332.307,-1.480,1.425,2.557
1332.419,-1.466,1.423,2.546
1332.530,-1.455,1.421,2.536
1332.641,-1.448,1.419,2.527
1332.752,-1.445,1.416,2.518
1332.863,-1.443,1.414,2.510
1332.974,-1.440,1.414,2.505
1333.086,-1.437,1.416,2.502
1333.196,-1.435,1.419,2.501
1333.307,-1.434,1.420,2.500
1333.419,-1.433,1.422,2.500
1333.528,-1.432,1.424,2.501
1333.639,-1.431,1.428,2.503
1333.752,-1.431,1.433,2.506
1333.863,-1.431,1.438,2.510
1333.974,-1.433,1.444,2.515
1334.086,-1.434,1.451,2.520
1334.196,-1.435,1.457,2.525
1334.307,-1.436,1.464,2.531
1334.418,-1.437,1.470,2.536
1334.530,-1.438,1.476,2.541
1334.641,-1.439,1.480,2.546
1334.752,-1.439,1.484,2.551
1334.863,-1.439,1.488,2.554
1334.974,-1.439,1.491,2.554
1335.085,-1.440,1.493,2.553
1335.196,-1.440,1.495,2.552
1335.307,-1.441,1.495,2.548
1335.419,-1.441,1.493,2.545
1335.529,-1.442,1.490,2.541
1335.641,-1.442,1.486,2.538
1335.752,-1.442,1.483,2.536
1335.863,-1.441,1.480,2.536
1335.974,-1.441,1.479,2.536
1336.085,-1.439,1.477,2.535
1336.196,-1.437,1.474,2.537
1336.307,-1.435,1.473,2.539
1336.419,-1.434,1.473,2.539
1336.530,-1.438,1.476,2.537
1336.641,-1.459,1.476,2.542
1336.752,-1.478,1.476,2.550
1336.863,-1.490,1.477,2.557
1336.974,-1.495,1.478,2.563
1337.085,-1.496,1.480,2.567
1337.196,-1.494,1.482,2.569
1337.307,-1.489,1.483,2.571
1337.418,-1.482,1.483,2.571
1337.529,-1.471,1.482,2.569
1337.640,-1.450,1.480,2.565
1337.752,-1.419,1.479,2.562
1337.862,-1.390,1.479,2.566
1337.974,-1.374,1.480,2.573
1338.085,-1.368,1.482,2.579
1338.196,-1.365,1.482,2.584
1338.307,-1.360,1.483,2.587
1338.419,-1.351,1.485,2.588
1338.530,-1.341,1.485,2.587
1338.641,-1.330,1.483,2.584
1338.752,-1.319,1.481,2.580
1338.863,-1.308,1.481,2.577
1338.974,-1.299,1.481,2.573
1339.085,-1.292,1.481,2.568
1339.196,-1.286,1.481,2.563
1339.307,-1.280,1.480,2.556
1339.418,-1.275,1.479,2.550
1339.530,-1.272,1.478,2.545
1339.641,-1.270,1.477,2.541
1339.752,-1.268,1.476,2.540
1339.863,-1.268,1.476,2.539
1339.974,-1.269,1.476,2.539
1340.085,-1.271,1.476,2.539
1340.195,-1.273,1.476,2.538
1340.307,-1.275,1.476,2.537
1340.419,-1.277,1.475,2.536
1340.529,-1.280,1.475,2.534
1340.640,-1.283,1.475,2.533
1340.752,-1.286,1.476,2.534
1340.862,-1.290,1.477,2.534
1340.974,-1.293,1.478,2.536
1341.085,-1.298,1.480,2.538
1341.196,-1.304,1.483,2.541
1341.307,-1.311,1.485,2.545
1341.418,-1.321,1.488,2.550
1341.529,-1.332,1.491,2.554
1341.640,-1.345,1.495,2.559
1341.752,-1.360,1.500,2.565
1341.863,-1.377,1.504,2.571
1341.974,-1.396,1.509,2.578
1342.085,-1.417,1.519,2.587
1342.196,-1.437,1.526,2.595
1342.307,-1.455,1.531,2.602
1342.418,-1.472,1.535,2.609
1342.529,-1.485,1.540,2.613
1342.640,-1.497,1.543,2.615
1342.752,-1.510,1.547,2.618
1342.862,-1.524,1.548,2.620
1342.974,-1.535,1.547,2.624
1343.085,-1.545,1.548,2.634
1343.197,-1.555,1.550,2.645
1343.307,-1.561,1.555,2.656
1343.418,-1.559,1.557,2.658
1343.529,-1.547,1.556,2.653
1343.640,-1.532,1.552,2.644
1343.752,-1.520,1.551,2.636
1343.862,-1.503,1.551,2.633
1343.974,-1.477,1.554,2.637
1344.085,-1.446,1.559,2.637
1344.196,-1.418,1.556,2.629
1344.307,-1.386,1.553,2.621
1344.418,-1.336,1.547,2.630
1344.529,-1.297,1.542,2.677
1344.641,-1.304,1.544,2.742
1344.752,-1.339,1.547,2.791
1344.863,-1.384,1.546,2.826
1344.976,-1.432,1.542,2.831
1345.085,-1.470,1.546,2.814
1345.195,-1.490,1.546,2.796
1345.307,-1.496,1.539,2.786
1345.418,-1.504,1.538,2.785
1345.529,-1.523,1.549,2.793
1345.636,-1.552,1.552,2.807
1345.746,-1.582,1.556,2.830
1345.857,-1.611,1.556,2.862
1345.969,-1.640,1.554,2.895
1346.084,-1.667,1.554,2.923
1346.195,-1.690,1.556,2.951
1346.307,-1.702,1.557,2.977
1346.418,-1.703,1.558,3.003
1346.528,-1.694,1.558,3.030
1346.640,-1.674,1.557,3.057
1346.751,-1.639,1.555,3.077
1346.862,-1.592,1.553,3.085
1346.972,-1.537,1.556,3.087
1347.084,-1.481,1.553,3.073
1347.194,-1.450,1.550,3.030
1347.306,-1.460,1.541,2.972
1347.418,-1.501,1.533,2.934
1347.528,-1.532,1.526,2.926
1347.639,-1.552,1.528,2.918
1347.751,-1.574,1.532,2.899
1347.861,-1.596,1.532,2.870
1347.973,-1.616,1.532,2.829
1348.084,-1.633,1.532,2.777
1348.195,-1.648,1.529,2.727
1348.306,-1.658,1.528,2.684
1348.417,-1.663,1.529,2.652
1348.528,-1.664,1.527,2.636
1348.640,-1.658,1.528,2.626
1348.751,-1.638,1.528,2.629
1348.862,-1.596,1.527,2.643
1348.973,-1.544,1.525,2.672
1349.084,-1.484,1.525,2.709
1349.195,-1.426,1.525,2.749
1349.306,-1.378,1.526,2.783
1349.418,-1.345,1.527,2.804
1349.529,-1.317,1.528,2.812
1349.640,-1.297,1.525,2.812
1349.751,-1.280,1.523,2.804
1349.862,-1.270,1.518,2.796
1349.973,-1.280,1.515,2.792
1350.085,-1.306,1.516,2.797
1350.195,-1.339,1.519,2.807
1350.306,-1.376,1.524,2.819
1350.417,-1.414,1.524,2.829
1350.529,-1.446,1.522,2.835
1350.640,-1.476,1.518,2.838
1350.751,-1.499,1.519,2.840
1350.862,-1.517,1.519,2.838
1350.973,-1.529,1.516,2.834
1351.084,-1.531,1.516,2.839
1351.195,-1.523,1.519,2.856
1351.306,-1.501,1.525,2.881
1351.418,-1.464,1.532,2.911
1351.529,-1.417,1.534,2.942
1351.640,-1.368,1.533,2.971
1351.751,-1.327,1.532,2.995
1351.862,-1.299,1.530,3.018
1351.973,-1.283,1.531,3.038
1352.084,-1.273,1.532,3.055
1352.196,-1.264,1.529,3.065
1352.306,-1.259,1.527,3.070
1352.418,-1.256,1.532,3.072
1352.529,-1.253,1.533,3.070
1352.640,-1.251,1.532,3.064
1352.751,-1.253,1.532,3.053
1352.862,-1.257,1.527,3.034
1352.973,-1.265,1.523,3.013
1353.084,-1.278,1.521,2.995
1353.196,-1.301,1.521,2.979
1353.306,-1.334,1.522,2.962
1353.418,-1.374,1.522,2.943
1353.529,-1.419,1.522,2.927
1353.640,-1.463,1.524,2.919
1353.751,-1.503,1.527,2.914
1353.862,-1.537,1.521,2.907
1353.973,-1.561,1.506,2.898
1354.084,-1.575,1.506,2.892
1354.195,-1.583,1.506,2.888
1354.306,-1.588,1.503,2.885
1354.418,-1.592,1.501,2.882
1354.529,-1.589,1.501,2.882
1354.640,-1.573,1.502,2.885
1354.751,-1.555,1.501,2.889
1354.862,-1.537,1.499,2.889
1354.973,-1.517,1.499,2.892
1355.085,-1.493,1.500,2.897
1355.195,-1.463,1.500,2.907
1355.306,-1.426,1.502,2.921
1355.417,-1.384,1.505,2.935
1355.528,-1.342,1.505,2.948
1355.640,-1.301,1.502,2.959
1355.751,-1.264,1.495,2.967
1355.862,-1.235,1.493,2.978
1355.973,-1.215,1.497,2.992
1356.084,-1.199,1.498,3.004
1356.195,-1.189,1.499,3.011
1356.306,-1.183,1.502,3.017
1356.418,-1.176,1.504,3.023
1356.528,-1.171,1.506,3.028
1356.639,-1.171,1.509,3.033
1356.751,-1.177,1.510,3.037
1356.861,-1.188,1.511,3.036
1356.973,-1.206,1.513,3.031
1357.084,-1.228,1.514,3.024
1357.195,-1.254,1.515,3.016
1357.306,-1.286,1.517,3.006
1357.417,-1.328,1.520,2.996
1357.529,-1.374,1.526,2.985
1357.639,-1.422,1.531,2.973
1357.750,-1.470,1.535,2.962
1357.862,-1.515,1.542,2.951
1357.973,-1.552,1.544,2.944
1358.084,-1.581,1.541,2.939
1358.195,-1.599,1.540,2.935
1358.306,-1.613,1.537,2.936
1358.417,-1.623,1.535,2.935
1358.528,-1.615,1.537,2.930
1358.639,-1.591,1.535,2.922
1358.750,-1.558,1.532,2.917
1358.861,-1.518,1.532,2.921
1358.973,-1.484,1.537,2.928
1359.084,-1.452,1.540,2.936
1359.195,-1.417,1.539,2.942
1359.306,-1.378,1.536,2.949
1359.417,-1.337,1.535,2.955
1359.528,-1.299,1.533,2.959
1359.639,-1.264,1.532,2.960
1359.750,-1.234,1.534,2.961
1359.861,-1.207,1.535,2.961
1359.972,-1.180,1.530,2.962
1360.084,-1.151,1.523,2.963
1360.195,-1.128,1.520,2.969
1360.306,-1.114,1.520,2.980
1360.417,-1.113,1.522,2.996
1360.528,-1.133,1.533,3.016
1360.639,-1.164,1.538,3.039
1360.750,-1.202,1.543,3.066
1360.861,-1.247,1.545,3.096
1360.972,-1.296,1.551,3.123
1361.084,-1.344,1.552,3.146
1361.195,-1.388,1.551,3.165
1361.306,-1.420,1.555,3.185
1361.417,-1.443,1.558,3.205
1361.528,-1.458,1.563,3.222
1361.639,-1.465,1.566,3.235
1361.750,-1.465,1.570,3.243
1361.861,-1.461,1.571,3.244
1361.972,-1.451,1.571,3.238
1362.084,-1.438,1.570,3.224
1362.194,-1.418,1.568,3.204
1362.306,-1.389,1.565,3.180
1362.417,-1.345,1.563,3.157
1362.528,-1.292,1.566,3.135
1362.639,-1.240,1.566,3.109
1362.750,-1.203,1.568,3.087
1362.861,-1.176,1.572,3.074
1362.972,-1.158,1.572,3.068
1363.084,-1.149,1.571,3.062
1363.194,-1.146,1.574,3.059
1363.305,-1.147,1.577,3.057
1363.417,-1.150,1.576,3.056
1363.528,-1.156,1.575,3.056
1363.639,-1.169,1.577,3.066
1363.750,-1.190,1.582,3.084
1363.861,-1.220,1.584,3.105
1363.972,-1.256,1.583,3.128
1364.084,-1.289,1.585,3.153
1364.194,-1.324,1.583,3.182
1364.305,-1.357,1.581,3.209
1364.417,-1.387,1.579,3.231
1364.527,-1.418,1.581,3.248
1364.639,-1.448,1.584,3.269
1364.750,-1.475,1.584,3.289
1364.861,-1.495,1.585,3.305
1364.972,-1.511,1.585,3.317
1365.083,-1.523,1.583,3.325
1365.194,-1.529,1.581,3.335
1365.305,-1.527,1.582,3.354
1365.416,-1.515,1.586,3.379
1365.528,-1.492,1.587,3.403
1365.639,-1.462,1.585,3.421
1365.750,-1.427,1.584,3.432
1365.861,-1.394,1.585,3.439
1365.972,-1.373,1.577,3.444
1366.083,-1.363,1.568,3.444
1366.194,-1.354,1.566,3.438
1366.305,-1.350,1.565,3.431
1366.416,-1.358,1.566,3.423
1366.527,-1.375,1.572,3.410
1366.638,-1.403,1.576,3.396
1366.750,-1.438,1.578,3.381
1366.861,-1.470,1.578,3.367
1366.971,-1.495,1.576,3.355
1367.083,-1.513,1.575,3.349
1367.194,-1.526,1.575,3.347
1367.305,-1.535,1.575,3.345
1367.416,-1.540,1.574,3.340
1367.528,-1.542,1.573,3.331
1367.639,-1.540,1.572,3.322
1367.750,-1.530,1.572,3.313
1367.861,-1.515,1.572,3.305
1367.972,-1.500,1.573,3.293
1368.083,-1.487,1.570,3.277
1368.194,-1.464,1.569,3.260
1368.305,-1.429,1.569,3.242
1368.416,-1.387,1.569,3.219
1368.527,-1.344,1.565,3.194
1368.639,-1.308,1.562,3.175
1368.750,-1.283,1.559,3.165
1368.860,-1.262,1.556,3.160
1368.971,-1.245,1.557,3.155
1369.082,-1.230,1.558,3.148
1369.194,-1.223,1.561,3.142
1369.305,-1.225,1.561,3.137
1369.416,-1.233,1.561,3.134
1369.527,-1.244,1.564,3.130
1369.638,-1.262,1.567,3.118
1369.749,-1.290,1.569,3.097
1369.860,-1.328,1.568,3.066
1369.971,-1.378,1.564,3.027
1370.082,-1.435,1.568,2.982
1370.193,-1.482,1.577,2.943
1370.305,-1.516,1.583,2.912
1370.416,-1.537,1.591,2.889
1370.526,-1.545,1.596,2.868
1370.637,-1.544,1.599,2.846
1370.749,-1.535,1.602,2.828
1370.860,-1.524,1.602,2.816
1370.971,-1.508,1.600,2.810
1371.082,-1.489,1.595,2.807
1371.193,-1.465,1.590,2.807
1371.304,-1.437,1.585,2.810
1371.415,-1.405,1.577,2.813
1371.526,-1.367,1.563,2.813
1371.638,-1.328,1.544,2.814
1371.749,-1.302,1.528,2.825
1371.859,-1.295,1.519,2.847
1371.971,-1.305,1.514,2.874
1372.082,-1.325,1.513,2.899
1372.193,-1.348,1.510,2.923
1372.304,-1.369,1.509,2.945
1372.416,-1.384,1.508,2.965
1372.526,-1.393,1.508,2.978
1372.637,-1.398,1.509,2.985
1372.749,-1.400,1.507,2.987
1372.859,-1.400,1.505,2.985
1372.970,-1.397,1.505,2.981
1373.082,-1.393,1.507,2.973
1373.193,-1.389,1.511,2.964
1373.304,-1.386,1.522,2.954
1373.415,-1.381,1.539,2.941
1373.526,-1.372,1.554,2.926
1373.637,-1.353,1.561,2.911
1373.748,-1.328,1.563,2.894
1373.859,-1.299,1.567,2.875
1373.970,-1.275,1.571,2.853
1374.082,-1.257,1.578,2.827
1374.193,-1.247,1.582,2.798
1374.304,-1.245,1.581,2.769
1374.415,-1.249,1.585,2.741
1374.526,-1.250,1.589,2.717
1374.638,-1.250,1.587,2.706
1374.749,-1.246,1.581,2.709
1374.859,-1.240,1.571,2.719
1374.970,-1.238,1.556,2.734
1375.082,-1.232,1.545,2.755
1375.192,-1.224,1.540,2.775
1375.303,-1.219,1.536,2.791
1375.415,-1.217,1.532,2.805
1375.526,-1.210,1.520,2.821
1375.637,-1.209,1.511,2.835
1375.749,-1.219,1.507,2.849
1375.859,-1.240,1.504,2.866
1375.970,-1.267,1.501,2.886
1376.082,-1.298,1.500,2.909
1376.193,-1.326,1.499,2.932
1376.304,-1.348,1.497,2.955
1376.415,-1.366,1.497,2.976
1376.526,-1.378,1.499,2.993
1376.637,-1.387,1.500,3.002
1376.748,-1.390,1.503,3.004
1376.859,-1.390,1.507,2.997
1376.970,-1.388,1.514,2.981
1377.082,-1.393,1.533,2.956
1377.192,-1.394,1.549,2.930
1377.304,-1.388,1.552,2.905
1377.415,-1.389,1.555,2.880
1377.526,-1.404,1.560,2.855
1377.637,-1.433,1.561,2.831
1377.748,-1.475,1.559,2.807
1377.859,-1.527,1.558,2.781
1377.970,-1.579,1.564,2.753
1378.082,-1.620,1.565,2.731
1378.193,-1.649,1.568,2.716
1378.304,-1.667,1.568,2.708
1378.415,-1.679,1.569,2.704
1378.526,-1.688,1.569,2.704
1378.637,-1.696,1.569,2.706
1378.749,-1.702,1.571,2.708
1378.859,-1.706,1.573,2.709
1378.970,-1.710,1.576,2.705
1379.082,-1.713,1.578,2.699
1379.192,-1.714,1.578,2.693
1379.304,-1.713,1.575,2.688
1379.415,-1.708,1.573,2.688
1379.526,-1.700,1.569,2.695
1379.637,-1.686,1.567,2.710
1379.749,-1.666,1.565,2.734
1379.859,-1.641,1.564,2.768
1379.970,-1.613,1.563,2.803
1380.082,-1.587,1.557,2.835
1380.193,-1.566,1.558,2.858
1380.303,-1.561,1.561,2.862
1380.415,-1.573,1.561,2.848
1380.526,-1.602,1.559,2.824
1380.637,-1.638,1.561,2.791
1380.748,-1.671,1.563,2.761
1380.859,-1.695,1.567,2.736
1380.970,-1.710,1.570,2.719
1381.082,-1.719,1.571,2.709
1381.193,-1.725,1.572,2.704
1381.303,-1.729,1.573,2.702
1381.415,-1.730,1.573,2.705
1381.526,-1.725,1.573,2.713
1381.637,-1.714,1.572,2.726
1381.748,-1.696,1.571,2.745
1381.859,-1.669,1.571,2.771
1381.970,-1.633,1.568,2.801
1382.081,-1.591,1.561,2.831
1382.192,-1.545,1.548,2.858
1382.303,-1.503,1.540,2.882
1382.415,-1.471,1.540,2.901
1382.526,-1.452,1.543,2.923
1382.637,-1.446,1.542,2.948
1382.748,-1.449,1.540,2.973
1382.859,-1.461,1.540,2.994
1382.970,-1.475,1.544,3.008
1383.081,-1.486,1.541,3.020
1383.192,-1.490,1.537,3.035
1383.303,-1.483,1.541,3.054
1383.414,-1.462,1.545,3.075
1383.525,-1.432,1.544,3.094
1383.637,-1.395,1.546,3.108
1383.748,-1.360,1.544,3.118
1383.858,-1.328,1.541,3.128
1383.970,-1.304,1.540,3.138
1384.081,-1.290,1.540,3.148
1384.192,-1.290,1.539,3.157
1384.303,-1.303,1.541,3.166
1384.414,-1.327,1.542,3.169
1384.526,-1.359,1.545,3.168
1384.636,-1.390,1.546,3.161
1384.747,-1.420,1.545,3.154
1384.859,-1.444,1.544,3.152
1384.970,-1.458,1.542,3.153
1385.081,-1.465,1.542,3.159
1385.192,-1.470,1.542,3.171
1385.304,-1.477,1.544,3.190
1385.414,-1.481,1.545,3.214
1385.525,-1.479,1.546,3.247
1385.636,-1.471,1.547,3.285
1385.748,-1.463,1.551,3.329
1385.859,-1.456,1.553,3.373
1385.970,-1.452,1.551,3.411
1386.081,-1.449,1.549,3.441
1386.192,-1.446,1.547,3.463
1386.303,-1.442,1.545,3.478
1386.415,-1.428,1.545,3.488
1386.526,-1.410,1.545,3.491
1386.637,-1.387,1.543,3.485
1386.748,-1.360,1.539,3.473
1386.859,-1.328,1.536,3.459
1386.969,-1.285,1.538,3.447
1387.081,-1.221,1.538,3.460
1387.192,-1.158,1.534,3.515
1387.303,-1.134,1.529,3.578
1387.414,-1.120,1.529,3.618
1387.525,-1.102,1.528,3.653
1387.636,-1.084,1.524,3.694
1387.747,-1.070,1.518,3.747
1387.858,-1.059,1.514,3.811
1387.969,-1.049,1.516,3.879
1388.080,-1.033,1.524,3.941
1388.191,-1.007,1.530,3.995
1388.302,-0.973,1.529,4.050
1388.414,-0.931,1.521,4.106
1388.524,-0.880,1.512,4.154
1388.636,-0.817,1.510,4.196
1388.747,-0.756,1.518,4.241
1388.857,-0.713,1.525,4.291
1388.969,-0.694,1.525,4.343
1389.080,-0.709,1.521,4.395
1389.191,-0.748,1.519,4.439
1389.302,-0.799,1.523,4.478
1389.413,-0.836,1.523,4.517
1389.524,-0.862,1.523,4.557
1389.635,-0.884,1.529,4.601
1389.747,-0.907,1.530,4.655
1389.857,-0.930,1.523,4.715
1389.969,-0.948,1.516,4.779
1390.080,-0.972,1.519,4.844
1390.190,-1.009,1.526,4.899
1390.302,-1.054,1.530,4.944
1390.413,-1.108,1.520,4.981
1390.524,-1.174,1.506,5.006
1390.635,-1.249,1.502,5.023
1390.746,-1.322,1.511,5.041
1390.857,-1.387,1.518,5.063
1390.968,-1.443,1.522,5.093
1391.080,-1.499,1.518,5.132
1391.190,-1.553,1.510,5.182
1391.302,-1.604,1.506,5.241
1391.413,-1.660,1.512,5.297
1391.524,-1.717,1.512,5.338
1391.635,-1.774,1.511,5.369
1391.747,-1.831,1.502,5.390
1391.857,-1.890,1.490,5.400
1391.969,-1.948,1.488,5.409
1392.079,-2.000,1.487,5.421
1392.191,-2.047,1.487,5.438
1392.302,-2.093,1.482,5.461
1392.413,-2.135,1.472,5.489
1392.524,-2.171,1.466,5.522
1392.635,-2.197,1.459,5.550
1392.747,-2.214,1.452,5.572
1392.858,-2.221,1.449,5.588
1392.969,-2.222,1.449,5.599
1393.080,-2.221,1.452,5.606
1393.191,-2.218,1.454,5.611
1393.302,-2.214,1.456,5.611
1393.414,-2.210,1.456,5.605
1393.524,-2.190,1.459,5.581
1393.635,-2.148,1.467,5.541
1393.746,-2.096,1.470,5.498
1393.857,-2.043,1.472,5.456
1393.969,-1.991,1.477,5.417
1394.080,-1.944,1.484,5.385
1394.191,-1.900,1.491,5.357
1394.302,-1.861,1.496,5.338
1394.413,-1.831,1.502,5.324
1394.524,-1.811,1.507,5.315
1394.635,-1.801,1.511,5.306
1394.746,-1.799,1.515,5.294
1394.857,-1.802,1.516,5.281
1394.969,-1.813,1.520,5.263
1395.079,-1.830,1.526,5.241
1395.191,-1.847,1.532,5.219
1395.302,-1.864,1.538,5.198
1395.413,-1.878,1.540,5.180
1395.524,-1.886,1.538,5.164
1395.635,-1.886,1.539,5.148
1395.747,-1.875,1.540,5.129
1395.858,-1.853,1.538,5.106
1395.969,-1.818,1.533,5.083
1396.079,-1.774,1.532,5.063
1396.191,-1.728,1.537,5.045
1396.302,-1.690,1.539,5.031
1396.413,-1.664,1.540,5.019
1396.524,-1.645,1.546,5.005
1396.635,-1.634,1.549,4.986
1396.746,-1.629,1.547,4.962
1396.857,-1.630,1.543,4.933
1396.968,-1.637,1.539,4.904
1397.079,-1.653,1.544,4.871
1397.190,-1.674,1.557,4.832
1397.302,-1.696,1.564,4.792
1397.413,-1.714,1.567,4.755
1397.524,-1.725,1.568,4.724
1397.635,-1.726,1.570,4.700
1397.746,-1.717,1.572,4.680
1397.857,-1.697,1.572,4.666
1397.969,-1.668,1.571,4.664
1398.079,-1.637,1.571,4.668
1398.191,-1.606,1.569,4.674
1398.302,-1.578,1.569,4.680
1398.413,-1.552,1.570,4.683
1398.524,-1.531,1.570,4.683
1398.635,-1.519,1.569,4.683
1398.747,-1.516,1.569,4.681
1398.858,-1.521,1.574,4.675
1398.969,-1.527,1.577,4.668
1399.080,-1.534,1.576,4.662
1399.191,-1.541,1.576,4.656
1399.302,-1.548,1.577,4.652
1399.413,-1.554,1.579,4.648
1399.524,-1.558,1.582,4.644
1399.635,-1.560,1.583,4.642
1399.747,-1.559,1.582,4.641
1399.858,-1.554,1.581,4.643
1399.969,-1.548,1.581,4.647
1400.080,-1.539,1.580,4.653
1400.191,-1.527,1.579,4.659
1400.302,-1.514,1.578,4.666
1400.413,-1.499,1.575,4.674
1400.524,-1.487,1.575,4.679
1400.635,-1.477,1.574,4.677
1400.747,-1.466,1.574,4.669
1400.858,-1.456,1.573,4.652
1400.969,-1.452,1.571,4.627
1401.080,-1.452,1.572,4.595
1401.191,-1.452,1.573,4.560
1401.302,-1.448,1.571,4.526
1401.413,-1.439,1.569,4.500
1401.524,-1.425,1.564,4.484
1401.635,-1.413,1.562,4.479
1401.746,-1.400,1.560,4.486
1401.858,-1.384,1.559,4.506
1401.969,-1.369,1.558,4.540
1402.080,-1.358,1.558,4.581
1402.191,-1.352,1.554,4.622
1402.302,-1.343,1.553,4.657
1402.413,-1.331,1.552,4.687
1402.525,-1.316,1.553,4.710
1402.636,-1.292,1.554,4.726
1402.746,-1.244,1.549,4.750
1402.857,-1.186,1.538,4.788
1402.969,-1.140,1.528,4.822
1403.080,-1.096,1.529,4.836
1403.191,-1.053,1.533,4.844
1403.302,-1.012,1.531,4.847
1403.413,-0.976,1.525,4.849
1403.524,-0.943,1.525,4.860
1403.635,-0.910,1.523,4.883
1403.746,-0.883,1.516,4.917
1403.857,-0.866,1.510,4.959
1403.969,-0.856,1.516,5.006
1404.079,-0.841,1.525,5.047
1404.191,-0.820,1.525,5.076
1404.302,-0.788,1.528,5.097
1404.413,-0.748,1.529,5.102
1404.524,-0.706,1.533,5.078
1404.636,-0.680,1.542,5.034
1404.746,-0.674,1.547,5.000
1404.858,-0.668,1.548,4.985
1404.969,-0.661,1.552,4.982
1405.080,-0.650,1.553,4.991
1405.191,-0.634,1.553,5.009
1405.302,-0.614,1.552,5.040
1405.413,-0.595,1.549,5.086
1405.524,-0.575,1.550,5.142
1405.630,-0.563,1.551,5.169
1405.735,-0.529,1.549,5.238
1405.847,-0.510,1.546,5.272
1405.958,-0.490,1.544,5.297
1406.069,-0.450,1.537,5.315
1406.176,-0.391,1.518,5.335
1406.288,-0.325,1.496,5.363
1406.399,-0.275,1.479,5.375
1406.510,-0.225,1.468,5.377
1406.621,-0.171,1.455,5.382
1406.732,-0.121,1.437,5.397
1406.843,-0.067,1.417,5.420
1406.954,-0.018,1.382,5.447
1407.066,0.027,1.341,5.474
1407.177,0.061,1.300,5.495
1407.288,0.084,1.261,5.508
1407.399,0.099,1.236,5.515
1407.510,0.105,1.227,5.520
1407.621,0.102,1.239,5.523
1407.733,0.093,1.266,5.526
1407.843,0.078,1.299,5.528
1407.955,0.056,1.335,5.536
1408.066,0.016,1.364,5.557
1408.176,-0.026,1.387,5.576
1408.287,-0.067,1.401,5.591
1408.398,-0.101,1.409,5.605
1408.509,-0.129,1.411,5.610
1408.620,-0.146,1.411,5.614
1408.731,-0.156,1.413,5.615
1408.842,-0.161,1.417,5.614
1408.953,-0.163,1.421,5.613
1409.064,-0.161,1.425,5.610
1409.175,-0.159,1.427,5.609
1409.287,-0.158,1.427,5.611
1409.398,-0.158,1.428,5.614
1409.509,-0.159,1.429,5.619
1409.620,-0.162,1.430,5.623
1409.731,-0.167,1.431,5.626
1409.842,-0.172,1.434,5.630
1409.953,-0.175,1.436,5.634
1410.064,-0.178,1.440,5.638
1410.175,-0.184,1.445,5.644
1410.287,-0.193,1.450,5.650
1410.397,-0.203,1.457,5.650
1410.508,-0.210,1.464,5.641
1410.620,-0.220,1.470,5.628
1410.731,-0.231,1.479,5.617
1410.842,-0.239,1.483,5.609
1410.953,-0.254,1.482,5.600
1411.064,-0.271,1.487,5.592
1411.175,-0.299,1.494,5.590
1411.286,-0.340,1.496,5.592
1411.397,-0.389,1.497,5.600
1411.509,-0.447,1.496,5.611
1411.619,-0.499,1.496,5.619
1411.731,-0.539,1.499,5.629
1411.842,-0.573,1.501,5.646
1411.953,-0.601,1.499,5.670
1412.065,-0.620,1.497,5.704
1412.175,-0.628,1.494,5.745
1412.286,-0.627,1.492,5.794
1412.397,-0.621,1.496,5.851
1412.509,-0.615,1.497,5.906
1412.620,-0.616,1.490,5.950
1412.731,-0.627,1.490,5.984
1412.842,-0.649,1.489,6.015
1412.953,-0.681,1.483,6.040
1413.064,-0.724,1.479,6.059
1413.176,-0.764,1.482,6.081
1413.287,-0.787,1.495,6.109
1413.398,-0.803,1.495,6.129
1413.509,-0.816,1.490,6.146
1413.620,-0.826,1.489,6.166
1413.731,-0.831,1.485,6.194
1413.842,-0.830,1.480,6.228
1413.953,-0.835,1.474,6.269
1414.065,-0.846,1.474,6.310
1414.175,-0.860,1.479,6.347
1414.287,-0.880,1.482,6.376
1414.398,-0.902,1.480,6.396
1414.509,-0.930,1.480,6.417
1414.621,-0.969,1.474,6.437
1414.732,-1.016,1.468,6.447
1414.842,-1.068,1.471,6.449
1414.954,-1.112,1.470,6.456
1415.065,-1.146,1.470,6.473
1415.176,-1.173,1.469,6.506
1415.287,-1.198,1.461,6.549
1415.398,-1.220,1.455,6.601
1415.509,-1.241,1.455,6.649
1415.620,-1.259,1.451,6.684
1415.731,-1.268,1.445,6.705
1415.842,-1.273,1.442,6.720
1415.954,-1.276,1.441,6.729
1416.065,-1.280,1.443,6.730
1416.176,-1.283,1.444,6.730
1416.287,-1.287,1.444,6.725
1416.398,-1.292,1.446,6.720
1416.509,-1.297,1.448,6.713
1416.620,-1.301,1.449,6.710
1416.731,-1.309,1.448,6.712
1416.842,-1.317,1.446,6.715
1416.954,-1.314,1.446,6.713
1417.064,-1.296,1.452,6.695
1417.176,-1.266,1.463,6.660
1417.287,-1.231,1.470,6.610
1417.398,-1.190,1.474,6.548
1417.509,-1.146,1.475,6.480
1417.620,-1.100,1.470,6.424
1417.731,-1.059,1.466,6.386
1417.843,-1.021,1.470,6.349
1417.954,-0.975,1.478,6.292
1418.065,-0.904,1.487,6.229
1418.176,-0.823,1.492,6.187
1418.287,-0.756,1.489,6.163
1418.398,-0.713,1.486,6.134
1418.509,-0.681,1.489,6.094
1418.620,-0.654,1.500,6.052
1418.732,-0.629,1.496,6.011
1418.843,-0.599,1.494,5.976
1418.954,-0.558,1.489,5.943
1419.065,-0.503,1.478,5.917
1419.176,-0.438,1.468,5.901
1419.287,-0.372,1.462,5.885
1419.398,-0.316,1.443,5.865
1419.509,-0.259,1.431,5.838
1419.620,-0.203,1.412,5.808
1419.731,-0.147,1.372,5.772
1419.842,-0.092,1.324,5.734
1419.954,-0.044,1.273,5.702
1420.065,-0.011,1.225,5.680
1420.176,0.009,1.200,5.667
1420.287,0.016,1.197,5.657
1420.398,0.015,1.210,5.649
1420.509,0.010,1.236,5.639
1420.621,0.003,1.264,5.628
1420.732,-0.002,1.292,5.614
1420.843,-0.007,1.314,5.598
1420.953,-0.013,1.338,5.581
1421.065,-0.018,1.359,5.569
1421.176,-0.016,1.367,5.565
1421.287,0.001,1.369,5.567
1421.398,0.028,1.367,5.579
1421.509,0.058,1.362,5.597
1421.620,0.095,1.345,5.608
1421.731,0.135,1.321,5.606
1421.843,0.179,1.289,5.598
1421.953,0.222,1.243,5.586
1422.065,0.261,1.205,5.573
1422.176,0.294,1.177,5.562
1422.287,0.318,1.151,5.554
1422.398,0.334,1.136,5.547
1422.509,0.343,1.131,5.542
1422.620,0.346,1.135,5.538
1422.731,0.345,1.148,5.535
1422.843,0.339,1.171,5.534
1422.953,0.328,1.202,5.536
1423.065,0.311,1.235,5.539
1423.176,0.290,1.268,5.542
1423.287,0.268,1.293,5.543
1423.398,0.253,1.307,5.537
1423.509,0.247,1.304,5.525
1423.620,0.247,1.288,5.507
1423.731,0.248,1.269,5.485
1423.842,0.247,1.250,5.465
1423.953,0.246,1.240,5.456
1424.064,0.244,1.242,5.452
1424.176,0.238,1.253,5.450
1424.287,0.228,1.265,5.448
1424.399,0.218,1.276,5.442
1424.509,0.210,1.282,5.431
1424.620,0.207,1.275,5.413
1424.731,0.212,1.249,5.384
1424.842,0.218,1.216,5.349
1424.953,0.223,1.198,5.318
1425.064,0.226,1.203,5.299
1425.175,0.222,1.210,5.289
1425.287,0.204,1.209,5.279
1425.398,0.176,1.204,5.267
1425.509,0.142,1.194,5.262
1425.620,0.116,1.169,5.258
1425.731,0.112,1.137,5.244
1425.842,0.127,1.095,5.215
1425.953,0.148,1.039,5.176
1426.065,0.157,0.979,5.135
1426.175,0.162,0.922,5.106
1426.287,0.167,0.856,5.088
1426.398,0.167,0.777,5.081
1426.509,0.166,0.693,5.078
1426.620,0.164,0.636,5.075
1426.731,0.163,0.620,5.074
1426.842,0.162,0.631,5.076
1426.954,0.160,0.669,5.077
1427.065,0.159,0.735,5.077
1427.176,0.159,0.822,5.080
1427.287,0.160,0.921,5.085
1427.398,0.160,1.008,5.103
1427.509,0.155,1.075,5.139
1427.620,0.149,1.123,5.185
1427.731,0.138,1.149,5.240
1427.842,0.131,1.162,5.300
1427.953,0.126,1.168,5.358
1428.064,0.122,1.167,5.405
1428.175,0.116,1.164,5.435
1428.286,0.111,1.165,5.452
1428.398,0.107,1.170,5.462
1428.508,0.103,1.173,5.468
1428.620,0.098,1.178,5.473
1428.731,0.094,1.199,5.480
1428.842,0.089,1.226,5.480
1428.953,0.087,1.256,5.463
1429.064,0.080,1.290,5.426
1429.175,0.064,1.332,5.383
1429.286,0.035,1.373,5.332
1429.398,-0.004,1.408,5.282
1429.509,-0.055,1.432,5.242
1429.620,-0.097,1.453,5.218
1429.731,-0.135,1.471,5.207
1429.842,-0.169,1.495,5.196
1429.953,-0.212,1.516,5.191
1430.064,-0.254,1.524,5.200
1430.175,-0.292,1.519,5.224
1430.286,-0.325,1.530,5.250
1430.398,-0.363,1.542,5.274
1430.509,-0.412,1.549,5.295
1430.619,-0.469,1.550,5.309
1430.731,-0.537,1.550,5.314
1430.842,-0.605,1.552,5.314
1430.953,-0.664,1.556,5.312
1431.064,-0.711,1.564,5.307
1431.175,-0.748,1.567,5.294
1431.286,-0.774,1.568,5.273
1431.397,-0.782,1.567,5.244
1431.508,-0.771,1.561,5.205
1431.620,-0.754,1.567,5.155
1431.730,-0.740,1.573,5.096
1431.841,-0.725,1.571,5.042
1431.953,-0.720,1.575,5.002
1432.064,-0.724,1.576,4.974
1432.174,-0.734,1.573,4.955
1432.286,-0.755,1.574,4.945
1432.397,-0.790,1.571,4.938
1432.508,-0.829,1.578,4.939
1432.619,-0.872,1.587,4.937
1432.730,-0.920,1.584,4.929
1432.842,-0.965,1.588,4.923
1432.952,-1.005,1.592,4.919
1433.064,-1.045,1.583,4.913
1433.175,-1.080,1.578,4.911
1433.286,-1.098,1.583,4.912
1433.397,-1.104,1.585,4.900
1433.508,-1.102,1.580,4.873
1433.619,-1.094,1.577,4.837
1433.730,-1.072,1.581,4.796
1433.841,-1.043,1.580,4.748
1433.953,-1.019,1.574,4.695
1434.064,-0.999,1.578,4.649
1434.174,-0.987,1.585,4.625
1434.286,-0.986,1.585,4.609
1434.398,-0.992,1.580,4.590
1434.508,-1.005,1.578,4.573
1434.620,-1.024,1.582,4.568
1434.730,-1.050,1.579,4.567
1434.841,-1.086,1.571,4.563
1434.953,-1.127,1.578,4.556
1435.064,-1.165,1.579,4.549
1435.174,-1.192,1.574,4.546
1435.285,-1.199,1.568,4.547
1435.396,-1.185,1.570,4.570
1435.508,-1.163,1.575,4.619
1435.619,-1.135,1.572,4.682
1435.730,-1.105,1.563,4.749
1435.841,-1.077,1.560,4.813
1435.952,-1.054,1.555,4.874
1436.064,-1.035,1.549,4.923
1436.174,-1.022,1.547,4.959
1436.286,-1.010,1.547,4.982
1436.397,-0.996,1.543,4.994
1436.508,-0.980,1.540,4.996
1436.619,-0.958,1.538,4.988
1436.730,-0.932,1.535,4.967
1436.841,-0.898,1.533,4.938
1436.952,-0.857,1.538,4.906
1437.063,-0.813,1.544,4.876
1437.174,-0.770,1.547,4.850
1437.286,-0.733,1.543,4.833
1437.396,-0.702,1.541,4.825
1437.507,-0.676,1.541,4.831
1437.619,-0.650,1.539,4.851
1437.730,-0.629,1.534,4.883
1437.841,-0.617,1.530,4.925
1437.952,-0.608,1.533,4.971
1438.063,-0.603,1.537,5.009
1438.174,-0.587,1.534,5.039
1438.285,-0.567,1.527,5.057
1438.397,-0.547,1.525,5.070
1438.507,-0.520,1.524,5.080
1438.619,-0.485,1.519,5.085
1438.731,-0.445,1.515,5.084
1438.841,-0.396,1.516,5.081
1438.953,-0.341,1.519,5.080
1439.064,-0.292,1.518,5.083
1439.175,-0.252,1.518,5.087
1439.286,-0.222,1.518,5.091
1439.397,-0.201,1.520,5.096
1439.508,-0.191,1.523,5.103
1439.620,-0.197,1.525,5.106
1439.731,-0.219,1.528,5.099
1439.842,-0.249,1.531,5.082
1439.953,-0.286,1.532,5.061
1440.064,-0.329,1.537,5.039
1440.175,-0.373,1.543,5.008
1440.286,-0.418,1.543,4.969
1440.397,-0.465,1.542,4.918
1440.508,-0.513,1.540,4.854
1440.619,-0.562,1.537,4.779
1440.730,-0.604,1.540,4.699
1440.841,-0.639,1.548,4.623
1440.952,-0.663,1.545,4.550
1441.064,-0.671,1.535,4.477
1441.174,-0.663,1.523,4.398
1441.286,-0.637,1.511,4.316
1441.397,-0.597,1.516,4.232
1441.508,-0.575,1.534,4.153
1441.619,-0.572,1.543,4.075
1441.730,-0.569,1.535,3.989
1441.841,-0.565,1.517,3.888
1441.952,-0.571,1.498,3.776
1442.064,-0.584,1.502,3.659
1442.174,-0.585,1.515,3.558
1442.286,-0.571,1.523,3.471
1442.397,-0.551,1.518,3.387
1442.508,-0.519,1.502,3.302
1442.619,-0.472,1.492,3.212
1442.730,-0.423,1.501,3.124
1442.841,-0.394,1.508,3.038
1442.952,-0.375,1.509,2.953
1443.064,-0.361,1.496,2.862
1443.174,-0.356,1.477,2.763
1443.285,-0.360,1.474,2.657
1443.397,-0.358,1.484,2.554
1443.508,-0.344,1.486,2.468
1443.619,-0.326,1.483,2.389
1443.730,-0.303,1.471,2.309
1443.841,-0.269,1.456,2.231
1443.952,-0.226,1.455,2.149
1444.063,-0.197,1.462,2.065
1444.174,-0.183,1.466,1.989
1444.285,-0.176,1.463,1.913
1444.396,-0.179,1.452,1.834
1444.507,-0.194,1.442,1.757
1444.619,-0.213,1.449,1.674
1444.730,-0.220,1.452,1.599
1444.840,-0.212,1.453,1.535
1444.952,-0.194,1.451,1.471
1445.063,-0.168,1.443,1.412
1445.174,-0.130,1.438,1.356
1445.285,-0.087,1.448,1.300
1445.396,-0.055,1.457,1.253
1445.507,-0.023,1.461,1.217
1445.619,0.002,1.462,1.183
1445.730,0.017,1.459,1.145
1445.841,0.024,1.458,1.100
1445.952,0.021,1.462,1.052
1446.063,0.021,1.476,1.002
1446.174,0.026,1.480,0.963
1446.285,0.038,1.481,0.938
1446.397,0.059,1.485,0.919
1446.507,0.085,1.482,0.911
1446.619,0.114,1.483,0.915
1446.730,0.138,1.482,0.920
1446.841,0.152,1.480,0.922
1446.952,0.163,1.487,0.918
1447.063,0.166,1.488,0.903
1447.174,0.165,1.495,0.877
1447.285,0.165,1.499,0.845
1447.397,0.167,1.501,0.816
1447.507,0.174,1.503,0.794
1447.618,0.183,1.502,0.784
1447.730,0.195,1.503,0.788
1447.841,0.210,1.502,0.804
1447.952,0.223,1.502,0.827
1448.063,0.238,1.500,0.851
1448.174,0.251,1.498,0.873
1448.285,0.259,1.495,0.891
1448.396,0.263,1.493,0.906
1448.507,0.266,1.492,0.918
1448.619,0.268,1.490,0.926
1448.730,0.269,1.488,0.932
1448.841,0.268,1.486,0.936
1448.952,0.272,1.484,0.939
1449.063,0.277,1.482,0.944
1449.174,0.280,1.480,0.950
1449.285,0.282,1.478,0.954
1449.396,0.280,1.478,0.955
1449.507,0.281,1.483,0.948
1449.618,0.293,1.492,0.929
1449.730,0.313,1.502,0.886
1449.841,0.313,1.503,0.829
1449.952,0.280,1.498,0.780
1450.063,0.232,1.495,0.753
1450.174,0.179,1.500,0.742
1450.285,0.121,1.505,0.738
1450.397,0.057,1.510,0.737
1450.507,-0.013,1.513,0.736
1450.618,-0.084,1.514,0.738
1450.730,-0.149,1.513,0.746
1450.841,-0.204,1.513,0.755
1450.952,-0.247,1.516,0.758
1451.063,-0.280,1.518,0.750
1451.174,-0.303,1.516,0.734
1451.285,-0.311,1.513,0.714
1451.396,-0.300,1.513,0.689
1451.507,-0.278,1.515,0.658
1451.619,-0.259,1.511,0.627
1451.730,-0.249,1.505,0.598
1451.841,-0.249,1.504,0.584
1451.952,-0.262,1.502,0.581
1452.063,-0.287,1.499,0.583
1452.174,-0.323,1.499,0.586
1452.286,-0.366,1.500,0.590
1452.397,-0.407,1.495,0.590
1452.507,-0.438,1.496,0.593
1452.619,-0.457,1.503,0.598
1452.730,-0.462,1.512,0.606
1452.841,-0.452,1.509,0.618
1452.952,-0.432,1.504,0.631
1453.063,-0.408,1.500,0.640
1453.174,-0.381,1.497,0.646
1453.285,-0.356,1.494,0.646
1453.396,-0.333,1.487,0.643
1453.507,-0.317,1.481,0.640
1453.619,-0.312,1.479,0.644
1453.730,-0.317,1.478,0.656
1453.840,-0.333,1.478,0.668
1453.952,-0.358,1.479,0.676
1454.063,-0.387,1.478,0.683
1454.173,-0.414,1.476,0.691
1454.284,-0.438,1.475,0.697
1454.397,-0.456,1.475,0.701
1454.507,-0.464,1.477,0.703
1454.618,-0.459,1.480,0.707
1454.730,-0.442,1.483,0.710
1454.841,-0.414,1.487,0.711
1454.952,-0.381,1.491,0.709
1455.063,-0.348,1.491,0.705
1455.174,-0.319,1.489,0.698
1455.285,-0.299,1.488,0.688
1455.396,-0.289,1.487,0.673
1455.507,-0.289,1.485,0.653
1455.618,-0.299,1.481,0.628
1455.730,-0.318,1.477,0.600
1455.840,-0.341,1.475,0.568
1455.952,-0.361,1.472,0.536
1456.063,-0.378,1.470,0.508
1456.174,-0.391,1.466,0.487
1456.285,-0.400,1.465,0.475
1456.396,-0.405,1.465,0.468
1456.507,-0.407,1.465,0.466
1456.618,-0.406,1.467,0.467
1456.730,-0.401,1.468,0.469
1456.841,-0.391,1.468,0.474
1456.952,-0.376,1.469,0.482
1457.063,-0.352,1.470,0.495
1457.174,-0.321,1.474,0.513
1457.285,-0.290,1.478,0.531
1457.396,-0.264,1.480,0.545
1457.507,-0.250,1.482,0.553
1457.619,-0.252,1.482,0.560
1457.730,-0.273,1.485,0.566
1457.840,-0.310,1.489,0.573
1457.952,-0.360,1.491,0.578
1458.063,-0.425,1.490,0.585
1458.174,-0.500,1.490,0.590
1458.285,-0.568,1.492,0.598
1458.397,-0.625,1.494,0.600
1458.507,-0.671,1.495,0.591
1458.618,-0.706,1.493,0.572
1458.729,-0.732,1.489,0.543
1458.840,-0.753,1.487,0.502
1458.952,-0.774,1.481,0.451
1459.063,-0.792,1.469,0.399
1459.174,-0.806,1.454,0.354
1459.285,-0.817,1.444,0.318
1459.396,-0.825,1.435,0.295
1459.507,-0.830,1.429,0.279
1459.618,-0.834,1.424,0.270
1459.729,-0.835,1.428,0.271
1459.840,-0.840,1.442,0.284
1459.951,-0.846,1.460,0.309
1460.063,-0.852,1.479,0.340
1460.174,-0.864,1.492,0.376
1460.285,-0.884,1.499,0.417
1460.396,-0.913,1.504,0.463
1460.507,-0.952,1.506,0.519
1460.618,-1.005,1.511,0.584
1460.729,-1.059,1.520,0.640
1460.840,-1.110,1.531,0.679
1460.952,-1.155,1.535,0.701
1461.062,-1.200,1.534,0.709
1461.173,-1.246,1.527,0.700
1461.285,-1.294,1.519,0.675
1461.396,-1.347,1.516,0.636
1461.507,-1.403,1.520,0.595
1461.618,-1.451,1.522,0.563
1461.729,-1.495,1.524,0.537
1461.840,-1.544,1.524,0.514
1461.951,-1.604,1.522,0.493
1462.063,-1.674,1.512,0.470
1462.173,-1.759,1.498,0.440
1462.285,-1.844,1.492,0.406
1462.396,-1.910,1.486,0.376
1462.506,-1.954,1.478,0.351
1462.618,-1.981,1.468,0.333
1462.730,-1.999,1.460,0.321
1462.840,-2.012,1.455,0.314
1462.951,-2.023,1.450,0.311
1463.062,-2.032,1.447,0.308
1463.173,-2.041,1.442,0.305
1463.284,-2.052,1.433,0.298
1463.396,-2.063,1.421,0.289
1463.506,-2.073,1.407,0.281
1463.618,-2.082,1.395,0.274
1463.729,-2.089,1.386,0.268
1463.840,-2.091,1.378,0.264
1463.951,-2.089,1.379,0.265
1464.062,-2.078,1.393,0.271
1464.173,-2.052,1.410,0.274
1464.285,-2.005,1.426,0.275
1464.396,-1.933,1.444,0.284
1464.506,-1.853,1.464,0.319
1464.617,-1.774,1.485,0.370
1464.729,-1.696,1.497,0.432
1464.840,-1.626,1.501,0.488
1464.951,-1.569,1.501,0.530
1465.062,-1.526,1.503,0.557
1465.173,-1.490,1.507,0.567
1465.284,-1.462,1.503,0.558
1465.396,-1.436,1.494,0.534
1465.506,-1.415,1.486,0.501
1465.637,-1.398,1.481,0.480
1465.745,-1.364,1.473,0.455
1465.856,-1.336,1.473,0.453
1465.968,-1.304,1.472,0.462
1466.089,-1.271,1.470,0.484
1466.200,-1.237,1.471,0.511
1466.311,-1.212,1.471,0.534
1466.422,-1.193,1.469,0.546
1466.533,-1.183,1.465,0.546
1466.644,-1.181,1.454,0.540
1466.756,-1.189,1.442,0.532
1466.867,-1.199,1.433,0.524
1466.978,-1.204,1.428,0.521
1467.089,-1.206,1.429,0.522
1467.200,-1.205,1.433,0.524
1467.311,-1.204,1.438,0.526
1467.422,-1.211,1.445,0.529
1467.534,-1.231,1.454,0.535
1467.645,-1.268,1.464,0.544
1467.756,-1.329,1.474,0.556
1467.867,-1.398,1.477,0.576
1467.978,-1.474,1.478,0.596
1468.089,-1.551,1.481,0.611
1468.200,-1.620,1.485,0.617
1468.311,-1.676,1.489,0.611
1468.422,-1.722,1.488,0.592
1468.534,-1.762,1.482,0.560
1468.645,-1.795,1.471,0.514
1468.756,-1.824,1.462,0.456
1468.867,-1.856,1.457,0.394
1468.978,-1.888,1.444,0.349
1469.089,-1.912,1.428,0.320
1469.200,-1.931,1.419,0.302
1469.311,-1.942,1.410,0.292
1469.422,-1.945,1.412,0.281
1469.533,-1.939,1.418,0.272
1469.644,-1.931,1.424,0.269
1469.755,-1.929,1.426,0.269
1469.867,-1.937,1.424,0.276
1469.978,-1.953,1.422,0.291
1470.089,-1.976,1.414,0.309
1470.201,-1.995,1.405,0.333
1470.311,-2.004,1.403,0.353
1470.422,-1.994,1.407,0.367
1470.534,-1.954,1.415,0.375
1470.645,-1.883,1.432,0.398
1470.756,-1.804,1.454,0.441
1470.867,-1.719,1.470,0.495
1470.979,-1.624,1.479,0.562
1471.090,-1.534,1.488,0.625
1471.200,-1.457,1.500,0.676
1471.312,-1.391,1.511,0.709
1471.423,-1.334,1.507,0.717
1471.533,-1.280,1.496,0.707
1471.645,-1.222,1.481,0.680
1471.756,-1.154,1.471,0.636
1471.867,-1.082,1.478,0.588
1471.978,-1.017,1.482,0.557
1472.089,-0.954,1.483,0.526
1472.200,-0.891,1.475,0.495
1472.311,-0.832,1.465,0.471
1472.423,-0.779,1.461,0.446
1472.534,-0.742,1.457,0.411
1472.645,-0.721,1.453,0.374
1472.756,-0.714,1.445,0.345
1472.867,-0.717,1.442,0.325
1472.978,-0.720,1.446,0.314
1473.089,-0.722,1.453,0.310
1473.200,-0.716,1.459,0.311
1473.312,-0.702,1.464,0.315
1473.423,-0.679,1.469,0.318
1473.534,-0.652,1.470,0.315
1473.645,-0.620,1.468,0.307
1473.756,-0.588,1.463,0.292
1473.867,-0.565,1.454,0.276
1473.978,-0.547,1.445,0.265
1474.089,-0.534,1.442,0.262
1474.200,-0.526,1.445,0.267
1474.311,-0.527,1.451,0.274
1474.423,-0.541,1.461,0.288
1474.533,-0.565,1.472,0.310
1474.644,-0.602,1.483,0.340
1474.756,-0.658,1.493,0.382
1474.867,-0.726,1.497,0.444
1474.978,-0.797,1.500,0.519
1475.089,-0.867,1.504,0.593
1475.200,-0.925,1.511,0.644
1475.311,-0.985,1.512,0.681
1475.422,-1.050,1.507,0.706
1475.533,-1.119,1.497,0.716
1475.644,-1.186,1.488,0.712
1475.755,-1.258,1.493,0.708
1475.866,-1.326,1.501,0.715
1475.977,-1.388,1.506,0.734
1476.089,-1.449,1.501,0.762
1476.200,-1.507,1.491,0.802
1476.310,-1.564,1.485,0.856
1476.422,-1.624,1.491,0.914
1476.533,-1.680,1.494,0.961
1476.644,-1.732,1.495,0.995
1476.755,-1.783,1.492,1.022
1476.866,-1.830,1.481,1.039
1476.977,-1.872,1.472,1.044
1477.088,-1.914,1.470,1.042
1477.200,-1.947,1.467,1.038
1477.310,-1.973,1.468,1.037
1477.422,-1.995,1.472,1.039
1477.533,-2.012,1.472,1.046
1477.644,-2.026,1.472,1.061
1477.755,-2.043,1.472,1.077
1477.866,-2.059,1.465,1.079
1477.977,-2.076,1.459,1.064
1478.088,-2.091,1.449,1.033
1478.200,-2.111,1.432,1.005
1478.311,-2.128,1.420,0.985
1478.422,-2.137,1.414,0.976
1478.533,-2.141,1.412,0.975
1478.644,-2.139,1.414,0.980
1478.755,-2.134,1.419,0.990
1478.866,-2.124,1.426,1.008
1478.978,-2.111,1.434,1.030
1479.088,-2.098,1.439,1.059
1479.200,-2.088,1.441,1.090
1479.310,-2.084,1.437,1.118
1479.422,-2.086,1.426,1.142
1479.533,-2.089,1.414,1.158
1479.644,-2.084,1.405,1.166
1479.755,-2.065,1.406,1.167
1479.866,-2.035,1.414,1.159
1479.977,-1.995,1.427,1.141
1480.088,-1.950,1.437,1.113
1480.199,-1.905,1.459,1.072
1480.311,-1.846,1.477,1.035
1480.422,-1.770,1.489,1.026
1480.533,-1.695,1.504,1.030
1480.644,-1.610,1.508,1.034
1480.755,-1.518,1.501,1.031
1480.866,-1.436,1.496,1.017
1480.977,-1.385,1.500,0.991
1481.089,-1.357,1.507,0.959
1481.200,-1.341,1.504,0.916
1481.311,-1.336,1.495,0.855
1481.422,-1.342,1.480,0.778
1481.533,-1.360,1.465,0.681
1481.644,-1.376,1.454,0.578
1481.755,-1.388,1.437,0.496
1481.866,-1.396,1.421,0.439
1481.977,-1.399,1.410,0.406
1482.089,-1.396,1.407,0.392
1482.200,-1.384,1.418,0.393
1482.311,-1.361,1.438,0.405
1482.422,-1.323,1.457,0.428
1482.533,-1.272,1.470,0.458
1482.644,-1.199,1.478,0.499
1482.755,-1.112,1.485,0.553
1482.866,-1.027,1.490,0.611
1482.978,-0.953,1.500,0.656
1483.089,-0.892,1.513,0.681
1483.199,-0.837,1.517,0.687
1483.311,-0.781,1.512,0.676
1483.422,-0.729,1.502,0.647
1483.533,-0.678,1.494,0.599
1483.644,-0.622,1.497,0.547
1483.755,-0.565,1.499,0.512
1483.866,-0.510,1.501,0.488
1483.977,-0.451,1.499,0.467
1484.089,-0.380,1.493,0.445
1484.199,-0.296,1.481,0.422
1484.311,-0.201,1.473,0.394
1484.422,-0.118,1.467,0.360
1484.533,-0.064,1.454,0.334
1484.644,-0.028,1.445,0.320
1484.755,-0.007,1.436,0.310
1484.866,0.007,1.425,0.301
1484.977,0.017,1.417,0.296
1485.088,0.021,1.414,0.297
1485.199,0.018,1.419,0.303
1485.310,0.010,1.431,0.313
1485.422,-0.004,1.444,0.329
1485.532,-0.023,1.457,0.346
1485.644,-0.048,1.471,0.365
1485.755,-0.086,1.485,0.390
1485.866,-0.139,1.497,0.423
1485.977,-0.213,1.507,0.467
1486.089,-0.301,1.508,0.527
1486.200,-0.390,1.505,0.591
1486.310,-0.467,1.507,0.646
1486.422,-0.537,1.513,0.681
1486.533,-0.608,1.513,0.706
1486.643,-0.683,1.507,0.719
1486.754,-0.760,1.498,0.718
1486.866,-0.843,1.499,0.706
1486.976,-0.927,1.513,0.704
1487.087,-1.001,1.522,0.717
1487.199,-1.072,1.524,0.738
1487.310,-1.145,1.515,0.769
1487.421,-1.216,1.504,0.814
1487.532,-1.292,1.511,0.867
1487.643,-1.368,1.518,0.909
1487.754,-1.442,1.519,0.937
1487.865,-1.516,1.513,0.961
1487.976,-1.591,1.501,0.975
1488.087,-1.672,1.490,0.980
1488.199,-1.755,1.491,0.991
1488.310,-1.827,1.491,1.013
1488.421,-1.889,1.487,1.040
1488.532,-1.940,1.474,1.069
1488.643,-1.986,1.462,1.105
1488.754,-2.030,1.451,1.140
1488.866,-2.058,1.442,1.167
1488.977,-2.073,1.439,1.185
1489.088,-2.081,1.438,1.196
1489.199,-2.084,1.439,1.202
1489.310,-2.084,1.440,1.205
1489.421,-2.086,1.439,1.206
1489.532,-2.093,1.431,1.205
1489.643,-2.104,1.420,1.201
1489.755,-2.115,1.404,1.198
1489.865,-2.124,1.389,1.196
1489.977,-2.129,1.378,1.197
1490.088,-2.129,1.373,1.200
1490.199,-2.123,1.380,1.203
1490.310,-2.109,1.401,1.203
1490.421,-2.089,1.427,1.184
1490.532,-2.046,1.455,1.141
1490.643,-1.971,1.485,1.106
1490.754,-1.875,1.511,1.078
1490.866,-1.768,1.524,1.055
1490.977,-1.660,1.527,1.038
1491.088,-1.566,1.530,1.024
1491.199,-1.485,1.534,1.009
1491.310,-1.410,1.540,0.988
1491.421,-1.337,1.536,0.959
1491.532,-1.269,1.524,0.921
1491.643,-1.207,1.512,0.869
1491.755,-1.140,1.515,0.802
1491.865,-1.060,1.523,0.742
1491.976,-0.976,1.525,0.708
1492.088,-0.890,1.521,0.686
1492.199,-0.802,1.507,0.675
1492.310,-0.714,1.493,0.679
1492.422,-0.621,1.501,0.687
1492.532,-0.539,1.513,0.681
1492.643,-0.466,1.518,0.661
1492.755,-0.398,1.511,0.630
1492.866,-0.335,1.495,0.586
1492.977,-0.270,1.482,0.527
1493.088,-0.206,1.477,0.469
1493.199,-0.153,1.474,0.427
1493.310,-0.122,1.467,0.396
1493.421,-0.108,1.462,0.381
1493.532,-0.101,1.463,0.374
1493.643,-0.093,1.466,0.376
1493.754,-0.082,1.469,0.386
1493.865,-0.068,1.472,0.403
1493.976,-0.050,1.475,0.425
1494.088,-0.026,1.478,0.443
1494.198,-0.004,1.474,0.454
1494.310,0.011,1.468,0.456
1494.421,0.018,1.463,0.451
1494.532,0.015,1.459,0.442
1494.643,0.007,1.459,0.432
1494.754,-0.005,1.461,0.425
1494.865,-0.020,1.464,0.421
1494.976,-0.033,1.466,0.422
1495.088,-0.035,1.466,0.428
1495.199,-0.027,1.466,0.436
1495.310,-0.006,1.466,0.443
1495.421,0.027,1.465,0.451
1495.532,0.062,1.465,0.454
1495.643,0.093,1.461,0.455
1495.754,0.117,1.453,0.450
1495.865,0.134,1.444,0.441
1495.976,0.145,1.435,0.432
1496.087,0.148,1.425,0.426
1496.198,0.146,1.417,0.419
1496.309,0.141,1.409,0.416
1496.420,0.133,1.403,0.418
1496.532,0.125,1.404,0.424
1496.642,0.117,1.413,0.435
1496.754,0.105,1.429,0.448
1496.865,0.089,1.444,0.468
1496.976,0.066,1.459,0.495
1497.087,0.036,1.473,0.534
1497.198,-0.006,1.487,0.587
1497.309,-0.070,1.502,0.660
1497.421,-0.139,1.513,0.743
1497.532,-0.195,1.518,0.808
1497.642,-0.250,1.521,0.849
1497.753,-0.304,1.515,0.866
1497.864,-0.363,1.506,0.862
1497.975,-0.424,1.496,0.841
1498.087,-0.493,1.499,0.813
1498.198,-0.564,1.510,0.794
1498.309,-0.632,1.518,0.793
1498.420,-0.703,1.520,0.807
1498.531,-0.777,1.511,0.830
1498.642,-0.852,1.498,0.869
1498.753,-0.933,1.498,0.916
1498.865,-1.010,1.506,0.952
1498.975,-1.077,1.509,0.970
1499.087,-1.144,1.510,0.978
1499.197,-1.215,1.500,0.976
1499.309,-1.288,1.489,0.959
1499.419,-1.372,1.491,0.936
1499.531,-1.452,1.500,0.919
1499.642,-1.519,1.505,0.916
1499.754,-1.580,1.508,0.924
1499.864,-1.639,1.506,0.940
1499.976,-1.699,1.501,0.968
1500.087,-1.760,1.498,1.004
1500.198,-1.822,1.502,1.041
1500.309,-1.876,1.501,1.067
1500.420,-1.923,1.496,1.083
1500.531,-1.966,1.488,1.094
1500.642,-2.006,1.477,1.103
1500.753,-2.040,1.464,1.110
1500.865,-2.067,1.449,1.115
1500.976,-2.086,1.437,1.121
1501.087,-2.097,1.430,1.125
1501.198,-2.100,1.430,1.128
1501.309,-2.096,1.436,1.131
1501.420,-2.087,1.444,1.135
1501.532,-2.073,1.450,1.141
1501.642,-2.061,1.453,1.147
1501.753,-2.055,1.454,1.156
1501.864,-2.054,1.455,1.165
1501.975,-2.060,1.455,1.172
1502.087,-2.072,1.452,1.175
1502.198,-2.088,1.446,1.178
1502.309,-2.100,1.435,1.180
1502.420,-2.106,1.427,1.178
1502.532,-2.102,1.428,1.172
1502.642,-2.094,1.435,1.162
1502.753,-2.083,1.444,1.148
1502.864,-2.073,1.446,1.133
1502.975,-2.063,1.449,1.108
1503.086,-2.044,1.456,1.061
1503.198,-2.016,1.465,1.008
1503.309,-1.988,1.469,0.954
1503.420,-1.964,1.467,0.894
1503.531,-1.935,1.463,0.820
1503.642,-1.910,1.467,0.736
1503.753,-1.895,1.472,0.666
1503.865,-1.895,1.474,0.614
1503.975,-1.907,1.472,0.578
1504.087,-1.924,1.466,0.556
1504.198,-1.943,1.462,0.530
1504.309,-1.965,1.463,0.487
1504.420,-1.988,1.453,0.434
1504.531,-2.013,1.442,0.369
1504.642,-2.035,1.429,0.308
1504.753,-2.053,1.413,0.261
1504.865,-2.065,1.397,0.228
1504.975,-2.070,1.386,0.205
1505.087,-2.069,1.383,0.193
1505.198,-2.061,1.388,0.191
1505.308,-2.050,1.399,0.198
1505.420,-2.038,1.409,0.209
1505.531,-2.023,1.421,0.227
1505.642,-2.005,1.437,0.255
1505.753,-1.982,1.452,0.296
1505.865,-1.944,1.465,0.343
1505.975,-1.892,1.469,0.399
1506.087,-1.839,1.472,0.457
1506.198,-1.791,1.486,0.508
1506.309,-1.752,1.499,0.550
1506.420,-1.718,1.500,0.580
1506.531,-1.677,1.502,0.603
1506.642,-1.623,1.504,0.627
1506.753,-1.554,1.505,0.655
1506.865,-1.475,1.506,0.685
1506.975,-1.409,1.503,0.706
1507.086,-1.367,1.500,0.705
1507.198,-1.330,1.496,0.693
1507.308,-1.296,1.486,0.671
1507.419,-1.265,1.473,0.638
1507.531,-1.237,1.463,0.593
1507.642,-1.206,1.460,0.545
1507.753,-1.173,1.455,0.517
1507.865,-1.133,1.457,0.502
1507.975,-1.087,1.455,0.501
1508.087,-1.027,1.454,0.518
1508.198,-0.962,1.462,0.534
1508.309,-0.911,1.465,0.546
1508.420,-0.884,1.471,0.546
1508.531,-0.873,1.473,0.535
1508.642,-0.878,1.472,0.518
1508.753,-0.891,1.476,0.494
1508.864,-0.900,1.474,0.467
1508.975,-0.899,1.472,0.435
1509.086,-0.886,1.467,0.402
1509.198,-0.870,1.461,0.369
1509.309,-0.855,1.451,0.338
1509.420,-0.848,1.434,0.308
1509.531,-0.849,1.413,0.281
1509.642,-0.854,1.391,0.265
1509.753,-0.862,1.378,0.259
1509.864,-0.869,1.376,0.264
1509.975,-0.875,1.387,0.278
1510.086,-0.883,1.403,0.298
1510.198,-0.899,1.424,0.327
1510.308,-0.924,1.449,0.363
1510.420,-0.955,1.465,0.404
1510.531,-0.991,1.474,0.447
1510.642,-1.035,1.479,0.495
1510.753,-1.085,1.484,0.550
1510.864,-1.139,1.489,0.600
1510.975,-1.189,1.495,0.635
1511.086,-1.240,1.499,0.651
1511.198,-1.297,1.494,0.651
1511.308,-1.357,1.485,0.631
1511.420,-1.413,1.478,0.591
1511.531,-1.471,1.486,0.544
1511.642,-1.526,1.490,0.510
1511.753,-1.578,1.490,0.489
1511.864,-1.634,1.485,0.476
1511.975,-1.691,1.476,0.477
1512.086,-1.747,1.472,0.487
1512.198,-1.805,1.477,0.495
1512.308,-1.857,1.479,0.496
1512.419,-1.901,1.477,0.487
1512.531,-1.937,1.473,0.468
1512.642,-1.965,1.467,0.437
1512.753,-1.988,1.461,0.395
1512.864,-2.008,1.456,0.347
1512.975,-2.024,1.447,0.305
1513.089,-2.035,1.441,0.272
1513.197,-2.042,1.438,0.249
1513.308,-2.047,1.434,0.232
1513.419,-2.050,1.432,0.218
1513.531,-2.049,1.430,0.206
1513.641,-2.048,1.426,0.194
1513.753,-2.047,1.423,0.185
1513.864,-2.041,1.422,0.181
1513.975,-2.030,1.423,0.182
1514.086,-2.015,1.424,0.190
1514.197,-1.994,1.428,0.209
1514.308,-1.961,1.432,0.240
1514.419,-1.913,1.438,0.292
1514.530,-1.874,1.448,0.351
1514.641,-1.842,1.461,0.405
1514.753,-1.802,1.481,0.453
1514.864,-1.756,1.494,0.499
1514.975,-1.704,1.504,0.548
1515.086,-1.644,1.510,0.595
1515.197,-1.579,1.514,0.638
1515.308,-1.521,1.513,0.672
1515.419,-1.472,1.513,0.695
1515.530,-1.422,1.518,0.722
1515.641,-1.370,1.518,0.756
1515.753,-1.323,1.512,0.777
1515.864,-1.286,1.503,0.772
1515.975,-1.244,1.517,0.744
1516.086,-1.200,1.525,0.712
1516.197,-1.156,1.518,0.692
1516.308,-1.112,1.525,0.690
1516.419,-1.062,1.528,0.705
1516.531,-1.005,1.520,0.726
1516.642,-0.950,1.516,0.739
1516.753,-0.905,1.517,0.739
1516.864,-0.872,1.512,0.728
1516.975,-0.849,1.509,0.704
1517.086,-0.834,1.498,0.672
1517.197,-0.824,1.484,0.631
1517.308,-0.821,1.481,0.580
1517.419,-0.817,1.480,0.532
1517.530,-0.817,1.475,0.503
1517.641,-0.820,1.488,0.491
1517.753,-0.813,1.489,0.503
1517.864,-0.788,1.490,0.531
1517.975,-0.754,1.499,0.558
1518.085,-0.726,1.500,0.583
1518.197,-0.702,1.504,0.609
1518.308,-0.685,1.508,0.638
1518.419,-0.670,1.513,0.662
1518.530,-0.658,1.515,0.675
1518.640,-0.645,1.515,0.676
1518.752,-0.634,1.517,0.662
1518.863,-0.619,1.522,0.626
1518.975,-0.593,1.525,0.589
1519.086,-0.566,1.532,0.569
1519.197,-0.543,1.547,0.566
1519.308,-0.530,1.553,0.576
1519.419,-0.530,1.547,0.582
1519.531,-0.538,1.540,0.582
1519.641,-0.548,1.537,0.579
1519.753,-0.552,1.543,0.584
1519.864,-0.556,1.545,0.603
1519.975,-0.559,1.548,0.632
1520.086,-0.555,1.552,0.667
1520.197,-0.541,1.553,0.707
1520.308,-0.521,1.552,0.747
1520.419,-0.494,1.549,0.784
1520.531,-0.470,1.545,0.812
1520.641,-0.449,1.543,0.828
1520.752,-0.428,1.539,0.832
1520.864,-0.399,1.532,0.821
1520.975,-0.367,1.523,0.794
1521.086,-0.339,1.515,0.754
1521.197,-0.309,1.506,0.716
1521.308,-0.271,1.501,0.678
1521.419,-0.248,1.495,0.632
1521.530,-0.250,1.493,0.580
1521.641,-0.262,1.493,0.563
1521.752,-0.271,1.493,0.575
1521.863,-0.261,1.494,0.611
1521.974,-0.225,1.492,0.669
1522.085,-0.185,1.490,0.752
1522.197,-0.169,1.499,0.828
1522.307,-0.163,1.506,0.870
1522.419,-0.147,1.509,0.888
1522.530,-0.119,1.510,0.895
1522.641,-0.084,1.508,0.892
1522.752,-0.046,1.512,0.883
1522.864,-0.010,1.513,0.879
1522.974,0.020,1.508,0.883
1523.086,0.046,1.508,0.897
1523.197,0.067,1.510,0.918
1523.307,0.076,1.510,0.941
1523.419,0.068,1.516,0.963
1523.530,0.054,1.528,0.988
1523.641,0.038,1.540,1.011
1523.752,0.025,1.556,1.027
1523.863,0.020,1.572,1.031
1523.974,0.024,1.581,1.028
1524.085,0.038,1.591,1.021
1524.195,0.061,1.599,1.013
1524.306,0.090,1.602,1.009
1524.417,0.118,1.604,1.012
1524.528,0.142,1.599,1.021
1524.639,0.158,1.592,1.030
1524.751,0.165,1.583,1.037
1524.862,0.160,1.577,1.036
1524.973,0.148,1.580,1.032
1525.084,0.139,1.584,1.028
1525.195,0.132,1.587,1.027
1525.306,0.127,1.588,1.026
1525.418,0.122,1.593,1.025
1525.529,0.117,1.598,1.021
1525.636,0.114,1.602,1.018
1525.746,0.112,1.613,1.019
1525.857,0.109,1.619,1.023
1525.968,0.109,1.621,1.026
1526.083,0.109,1.622,1.029
1526.195,0.110,1.624,1.033
1526.306,0.109,1.622,1.033
1526.418,0.105,1.623,1.031
1526.529,0.099,1.628,1.030
1526.640,0.093,1.629,1.029
1526.751,0.088,1.626,1.030
1526.862,0.086,1.630,1.030
1526.973,0.088,1.631,1.032
1527.084,0.092,1.631,1.033
1527.196,0.095,1.630,1.031
1527.306,0.094,1.631,1.026
1527.418,0.092,1.630,1.022
1527.529,0.091,1.633,1.019
1527.640,0.092,1.634,1.017
1527.750,0.096,1.631,1.015
1527.862,0.104,1.631,1.014
1527.973,0.113,1.628,1.014
1528.084,0.121,1.631,1.013
1528.196,0.128,1.629,1.014
1528.306,0.136,1.629,1.017
1528.418,0.144,1.627,1.021
1528.529,0.152,1.625,1.024
1528.640,0.157,1.623,1.028
1528.751,0.159,1.623,1.033
1528.862,0.157,1.624,1.035
1528.973,0.151,1.616,1.037
1529.084,0.148,1.619,1.039
1529.196,0.147,1.619,1.043
1529.307,0.145,1.617,1.048
1529.418,0.141,1.617,1.050
1529.530,0.137,1.614,1.051
1529.640,0.135,1.618,1.050
1529.752,0.133,1.618,1.047
1529.863,0.131,1.622,1.047
1529.974,0.129,1.625,1.049
1530.085,0.124,1.620,1.052
1530.196,0.119,1.625,1.053
1530.307,0.113,1.623,1.056
1530.418,0.109,1.622,1.057
1530.529,0.106,1.622,1.058
1530.640,0.106,1.621,1.059
1530.751,0.109,1.621,1.059
1530.863,0.115,1.620,1.060
1530.973,0.120,1.624,1.064
1531.084,0.124,1.627,1.068
1531.196,0.129,1.618,1.073
1531.307,0.131,1.622,1.078
1531.418,0.133,1.619,1.085
1531.532,0.136,1.618,1.091
1531.640,0.137,1.621,1.097
1531.751,0.136,1.615,1.103
1531.863,0.137,1.619,1.107
1531.973,0.135,1.615,1.107
1532.085,0.134,1.618,1.104
1532.196,0.131,1.617,1.100
1532.306,0.128,1.617,1.093
1532.418,0.125,1.619,1.085
1532.529,0.121,1.616,1.078
1532.640,0.116,1.621,1.070
1532.751,0.110,1.617,1.064
1532.862,0.105,1.619,1.056
1532.973,0.103,1.622,1.049
1533.084,0.101,1.623,1.043
1533.196,0.099,1.623,1.036
1533.306,0.097,1.623,1.029
1533.417,0.093,1.622,1.022
1533.529,0.091,1.622,1.016
1533.640,0.092,1.621,1.009
1533.751,0.093,1.620,1.002
1533.862,0.094,1.619,0.993
1533.973,0.094,1.617,0.982
1534.084,0.092,1.616,0.970
1534.196,0.089,1.615,0.957
1534.307,0.085,1.614,0.948
1534.417,0.085,1.616,0.943
1534.529,0.087,1.618,0.940
1534.640,0.093,1.620,0.938
1534.751,0.099,1.620,0.938
1534.862,0.105,1.619,0.940
1534.973,0.108,1.616,0.945
1535.084,0.110,1.613,0.951
1535.195,0.110,1.610,0.957
1535.306,0.107,1.607,0.963
1535.418,0.101,1.602,0.971
1535.529,0.096,1.598,0.976
1535.640,0.092,1.595,0.980
1535.751,0.085,1.592,0.981
1535.863,0.076,1.591,0.980
1535.973,0.066,1.593,0.979
1536.084,0.055,1.594,0.981
1536.196,0.044,1.595,0.985
1536.307,0.033,1.595,0.992
1536.417,0.024,1.594,1.000
1536.529,0.016,1.593,1.010
1536.640,0.007,1.592,1.020
1536.751,-0.001,1.590,1.030
1536.862,-0.009,1.590,1.036
1536.973,-0.019,1.591,1.042
1537.085,-0.027,1.593,1.049
1537.196,-0.031,1.596,1.057
1537.307,-0.029,1.596,1.064
1537.418,-0.027,1.595,1.067
1537.529,-0.024,1.594,1.069
1537.640,-0.024,1.594,1.067
1537.751,-0.025,1.595,1.063
1537.864,-0.027,1.595,1.059
1537.973,-0.028,1.594,1.056
1538.084,-0.028,1.592,1.053
1538.196,-0.025,1.591,1.052
1538.307,-0.017,1.591,1.049
1538.418,-0.001,1.589,1.043
1538.529,0.028,1.588,1.033
1538.639,0.067,1.592,1.024
1538.750,0.107,1.591,1.016
1538.861,0.145,1.586,1.010
1538.972,0.176,1.577,1.002
1539.083,0.198,1.576,0.993
1539.194,0.211,1.576,0.989
1539.305,0.219,1.572,0.992
1539.417,0.216,1.562,1.001
1539.528,0.210,1.555,1.018
1539.639,0.197,1.554,1.034
1539.750,0.178,1.547,1.051
1539.861,0.160,1.539,1.066
1539.972,0.153,1.529,1.072
1540.083,0.154,1.523,1.074
1540.195,0.164,1.519,1.079
1540.306,0.184,1.511,1.084
1540.417,0.210,1.507,1.092
1540.528,0.241,1.510,1.103
1540.642,0.271,1.506,1.117
1540.750,0.299,1.504,1.140
1540.861,0.322,1.500,1.164
1540.972,0.330,1.498,1.185
1541.083,0.308,1.503,1.207
1541.195,0.252,1.514,1.206
1541.306,0.176,1.532,1.163
1541.416,0.114,1.539,1.086
1541.528,0.068,1.537,1.003
1541.639,0.033,1.534,0.917
1541.750,0.009,1.528,0.840
1541.861,-0.008,1.522,0.785
1541.972,-0.021,1.523,0.743
1542.083,-0.033,1.519,0.712
1542.195,-0.048,1.512,0.690
1542.305,-0.064,1.507,0.671
1542.416,-0.082,1.504,0.662
1542.528,-0.102,1.507,0.654
1542.639,-0.123,1.502,0.642
1542.750,-0.130,1.499,0.627
1542.861,-0.125,1.495,0.613
1542.972,-0.106,1.491,0.599
1543.083,-0.072,1.484,0.586
1543.195,-0.024,1.481,0.574
1543.306,0.028,1.481,0.560
1543.417,0.073,1.480,0.545
1543.528,0.109,1.478,0.533
1543.639,0.134,1.476,0.527
1543.750,0.152,1.475,0.522
1543.861,0.166,1.476,0.519
1543.972,0.178,1.478,0.517
1544.083,0.188,1.481,0.517
1544.195,0.195,1.483,0.516
1544.306,0.199,1.485,0.516
1544.417,0.200,1.486,0.515
1544.529,0.201,1.488,0.515
1544.639,0.201,1.488,0.517
1544.750,0.203,1.489,0.520
1544.861,0.206,1.491,0.524
1544.972,0.210,1.492,0.529
1545.083,0.216,1.494,0.534
1545.195,0.223,1.496,0.538
1545.305,0.228,1.497,0.541
1545.417,0.231,1.497,0.544
1545.528,0.232,1.497,0.546
1545.639,0.233,1.496,0.547
1545.750,0.232,1.497,0.546
1545.861,0.228,1.497,0.546
1545.972,0.225,1.497,0.545
1546.083,0.223,1.498,0.544
1546.195,0.223,1.498,0.543
1546.305,0.223,1.498,0.542
1546.417,0.223,1.499,0.540
1546.528,0.223,1.499,0.538
1546.639,0.223,1.499,0.535
1546.750,0.225,1.498,0.532
1546.861,0.227,1.496,0.529
1546.972,0.228,1.495,0.528
1547.083,0.228,1.495,0.528
1547.194,0.227,1.495,0.528
1547.305,0.225,1.495,0.528
1547.417,0.223,1.495,0.528
1547.528,0.222,1.495,0.528
1547.638,0.222,1.495,0.526
1547.750,0.223,1.495,0.524
1547.861,0.225,1.495,0.522
1547.972,0.226,1.495,0.519
1548.083,0.225,1.495,0.518
1548.194,0.219,1.495,0.516
1548.305,0.205,1.492,0.514
1548.416,0.188,1.490,0.511
1548.528,0.165,1.487,0.511
1548.639,0.135,1.483,0.513
1548.749,0.100,1.479,0.516
1548.861,0.058,1.477,0.521
1548.972,0.010,1.476,0.523
1549.083,-0.038,1.474,0.525
1549.194,-0.074,1.474,0.525
1549.305,-0.100,1.474,0.528
1549.416,-0.119,1.476,0.530
1549.528,-0.135,1.479,0.530
1549.639,-0.147,1.481,0.527
1549.750,-0.154,1.483,0.524
1549.861,-0.157,1.484,0.523
1549.972,-0.161,1.484,0.524
1550.083,-0.166,1.486,0.528
1550.194,-0.172,1.488,0.536
1550.305,-0.178,1.489,0.546
1550.416,-0.183,1.491,0.555
1550.527,-0.186,1.492,0.561
1550.638,-0.184,1.494,0.564
1550.749,-0.175,1.496,0.566
1550.860,-0.160,1.498,0.565
1550.972,-0.140,1.501,0.561
1551.083,-0.115,1.504,0.558
1551.194,-0.090,1.505,0.556
1551.305,-0.068,1.505,0.554
1551.416,-0.049,1.504,0.551
1551.528,-0.035,1.503,0.549
1551.638,-0.029,1.501,0.548
1551.749,-0.028,1.501,0.548
1551.861,-0.033,1.502,0.548
1551.972,-0.041,1.503,0.548
1552.083,-0.050,1.502,0.548
1552.194,-0.059,1.502,0.546
1552.305,-0.067,1.502,0.544
1552.416,-0.074,1.501,0.541
1552.527,-0.078,1.500,0.539
1552.639,-0.080,1.501,0.538
1552.749,-0.081,1.502,0.539
1552.861,-0.081,1.502,0.539
1552.972,-0.081,1.503,0.540
1553.083,-0.080,1.503,0.541
1553.194,-0.079,1.503,0.542
1553.305,-0.079,1.504,0.543
1553.416,-0.078,1.504,0.545
1553.527,-0.077,1.504,0.547
1553.638,-0.075,1.503,0.548
1553.749,-0.074,1.503,0.549
1553.860,-0.074,1.503,0.550
1553.971,-0.075,1.502,0.551
1554.082,-0.076,1.501,0.552
1554.194,-0.077,1.501,0.553
1554.305,-0.078,1.501,0.553
1554.416,-0.079,1.502,0.552
1554.527,-0.080,1.502,0.550
1554.638,-0.081,1.502,0.547
1554.749,-0.082,1.502,0.544
1554.860,-0.083,1.501,0.542
1554.971,-0.084,1.500,0.541
1555.082,-0.084,1.500,0.541
1555.193,-0.084,1.500,0.541
1555.305,-0.084,1.501,0.542
1555.416,-0.083,1.502,0.543
1555.527,-0.082,1.502,0.543
1555.638,-0.081,1.502,0.544
1555.749,-0.080,1.503,0.544
1555.860,-0.079,1.503,0.544
1555.971,-0.078,1.503,0.544
1556.082,-0.077,1.503,0.544
1556.194,-0.077,1.502,0.543
1556.305,-0.077,1.502,0.543
1556.415,-0.077,1.502,0.543
1556.527,-0.076,1.502,0.542
1556.638,-0.076,1.501,0.541
1556.749,-0.075,1.501,0.540
1556.860,-0.074,1.501,0.538
1556.971,-0.072,1.501,0.536
1557.082,-0.071,1.501,0.534
1557.193,-0.070,1.501,0.531
1557.305,-0.069,1.501,0.529
1557.416,-0.068,1.501,0.527
1557.527,-0.068,1.502,0.526
1557.638,-0.068,1.502,0.524
1557.749,-0.069,1.503,0.522
1557.860,-0.071,1.504,0.519
1557.971,-0.072,1.504,0.516
1558.082,-0.072,1.504,0.513
1558.193,-0.071,1.503,0.511
1558.305,-0.070,1.499,0.510
1558.415,-0.073,1.497,0.510
1558.527,-0.084,1.494,0.513
1558.637,-0.107,1.493,0.517
1558.748,-0.144,1.490,0.521
1558.859,-0.196,1.488,0.523
1558.970,-0.255,1.488,0.521
1559.082,-0.309,1.482,0.520
1559.193,-0.353,1.480,0.518
1559.304,-0.387,1.480,0.516
1559.415,-0.412,1.480,0.515
1559.527,-0.431,1.480,0.515
1559.638,-0.443,1.482,0.514
1559.748,-0.449,1.484,0.511
1559.860,-0.452,1.484,0.508
1559.971,-0.455,1.483,0.508
1560.082,-0.457,1.482,0.509
1560.193,-0.458,1.481,0.510
1560.304,-0.456,1.480,0.512
1560.416,-0.452,1.480,0.514
1560.526,-0.443,1.482,0.515
1560.637,-0.430,1.484,0.517
1560.748,-0.413,1.488,0.520
1560.860,-0.395,1.493,0.526
1560.970,-0.376,1.498,0.532
1561.082,-0.358,1.502,0.539
1561.193,-0.341,1.505,0.543
1561.304,-0.326,1.506,0.546
1561.415,-0.316,1.506,0.548
1561.526,-0.313,1.509,0.549
1561.637,-0.316,1.511,0.548
1561.748,-0.324,1.513,0.545
1561.860,-0.336,1.515,0.540
1561.971,-0.350,1.518,0.533
1562.082,-0.367,1.519,0.525
1562.193,-0.387,1.519,0.518
1562.304,-0.408,1.518,0.510
1562.415,-0.429,1.514,0.501
1562.526,-0.448,1.505,0.494
1562.638,-0.465,1.500,0.497
1562.749,-0.477,1.496,0.511
1562.859,-0.480,1.497,0.531
1562.971,-0.479,1.495,0.545
1563.082,-0.482,1.488,0.557
1563.193,-0.494,1.487,0.564
1563.304,-0.514,1.487,0.564
1563.415,-0.546,1.484,0.557
1563.526,-0.588,1.483,0.544
1563.637,-0.634,1.481,0.528
1563.748,-0.674,1.476,0.513
1563.860,-0.700,1.473,0.498
1563.970,-0.720,1.469,0.489
1564.082,-0.734,1.462,0.484
1564.193,-0.746,1.465,0.482
1564.304,-0.754,1.472,0.485
1564.415,-0.762,1.478,0.490
1564.526,-0.767,1.483,0.496
1564.637,-0.770,1.486,0.502
1564.749,-0.769,1.489,0.508
1564.860,-0.763,1.492,0.517
1564.970,-0.751,1.495,0.527
1565.082,-0.734,1.500,0.536
1565.193,-0.716,1.503,0.543
1565.304,-0.697,1.505,0.548
1565.415,-0.679,1.503,0.550
1565.526,-0.663,1.498,0.552
1565.637,-0.655,1.497,0.555
1565.749,-0.653,1.498,0.560
1565.859,-0.659,1.500,0.565
1565.970,-0.674,1.502,0.569
1566.081,-0.697,1.503,0.572
1566.193,-0.722,1.505,0.574
1566.303,-0.745,1.507,0.574
1566.415,-0.762,1.508,0.574
1566.526,-0.773,1.510,0.575
1566.637,-0.780,1.512,0.576
1566.748,-0.783,1.513,0.579
1566.859,-0.784,1.513,0.582
1566.970,-0.784,1.513,0.584
1567.081,-0.783,1.513,0.584
1567.192,-0.781,1.513,0.584
1567.303,-0.780,1.512,0.583
1567.415,-0.778,1.512,0.583
1567.526,-0.777,1.511,0.583
1567.637,-0.774,1.511,0.583
1567.748,-0.769,1.511,0.583
1567.859,-0.764,1.511,0.582
1567.970,-0.756,1.510,0.581
1568.081,-0.748,1.510,0.580
1568.192,-0.739,1.510,0.578
1568.303,-0.731,1.509,0.577
1568.415,-0.722,1.509,0.575
1568.526,-0.713,1.510,0.573
1568.637,-0.706,1.512,0.571
1568.748,-0.701,1.513,0.569
1568.859,-0.699,1.513,0.569
1568.970,-0.697,1.514,0.569
1569.081,-0.697,1.514,0.568
1569.193,-0.696,1.514,0.568
1569.303,-0.694,1.514,0.567
1569.415,-0.691,1.513,0.567
1569.526,-0.688,1.513,0.568
1569.637,-0.688,1.512,0.566
1569.748,-0.692,1.508,0.561
1569.859,-0.704,1.502,0.556
1569.970,-0.722,1.497,0.553
1570.081,-0.756,1.493,0.552
1570.192,-0.804,1.490,0.549
1570.303,-0.866,1.484,0.545
1570.414,-0.933,1.478,0.539
1570.526,-0.991,1.467,0.530
1570.637,-1.034,1.461,0.521
1570.748,-1.063,1.461,0.515
1570.859,-1.083,1.460,0.513
1570.970,-1.095,1.466,0.512
1571.081,-1.098,1.472,0.512
1571.192,-1.093,1.476,0.519
1571.303,-1.084,1.482,0.528
1571.415,-1.068,1.488,0.537
1571.526,-1.050,1.492,0.545
1571.636,-1.031,1.494,0.550
1571.748,-1.014,1.494,0.555
1571.858,-0.998,1.490,0.558
1571.969,-0.987,1.488,0.562
1572.081,-0.983,1.491,0.566
1572.192,-0.989,1.495,0.569
1572.303,-1.004,1.498,0.571
1572.414,-1.026,1.502,0.572
1572.526,-1.050,1.505,0.569
1572.636,-1.072,1.505,0.567
1572.747,-1.091,1.504,0.566
1572.859,-1.103,1.505,0.569
1572.970,-1.110,1.506,0.573
1573.083,-1.113,1.508,0.577
1573.192,-1.112,1.511,0.581
1573.303,-1.109,1.512,0.583
1573.414,-1.106,1.513,0.584
1573.525,-1.102,1.515,0.586
1573.636,-1.097,1.520,0.587
1573.747,-1.092,1.523,0.587
1573.859,-1.089,1.525,0.588
1573.970,-1.087,1.526,0.588
1574.081,-1.085,1.526,0.589
1574.192,-1.083,1.525,0.590
1574.303,-1.080,1.526,0.592
1574.414,-1.077,1.528,0.593
1574.526,-1.072,1.528,0.593
1574.636,-1.067,1.529,0.591
1574.748,-1.060,1.530,0.588
1574.859,-1.053,1.530,0.584
1574.969,-1.048,1.532,0.580
1575.081,-1.044,1.533,0.575
1575.192,-1.040,1.533,0.572
1575.303,-1.037,1.531,0.571
1575.414,-1.038,1.528,0.570
1575.525,-1.042,1.523,0.570
1575.636,-1.044,1.518,0.572
1575.748,-1.053,1.515,0.575
1575.859,-1.076,1.512,0.576
1575.969,-1.115,1.506,0.571
1576.081,-1.166,1.504,0.559
1576.192,-1.214,1.498,0.543
1576.303,-1.253,1.491,0.530
1576.414,-1.286,1.486,0.521
1576.525,-1.311,1.486,0.517
1576.636,-1.328,1.486,0.516
1576.748,-1.340,1.487,0.517
1576.859,-1.348,1.490,0.518
1576.969,-1.354,1.492,0.522
1577.081,-1.359,1.491,0.527
1577.192,-1.363,1.491,0.530
1577.303,-1.367,1.491,0.532
1577.414,-1.369,1.489,0.532
1577.525,-1.371,1.489,0.529
1577.636,-1.373,1.488,0.525
1577.747,-1.375,1.490,0.520
1577.859,-1.375,1.490,0.517
1577.970,-1.376,1.489,0.514
1578.080,-1.376,1.488,0.513
1578.192,-1.375,1.489,0.520
1578.303,-1.369,1.494,0.533
1578.414,-1.355,1.498,0.551
1578.525,-1.331,1.503,0.574
1578.636,-1.305,1.508,0.593
1578.747,-1.281,1.507,0.607
1578.859,-1.261,1.504,0.618
1578.969,-1.252,1.506,0.625
1579.081,-1.256,1.509,0.627
1579.192,-1.268,1.510,0.621
1579.302,-1.285,1.511,0.609
1579.414,-1.304,1.511,0.594
1579.525,-1.319,1.511,0.580
1579.636,-1.333,1.510,0.568
1579.747,-1.344,1.509,0.560
1579.859,-1.353,1.510,0.555
1579.969,-1.359,1.511,0.553
1580.080,-1.362,1.511,0.551
1580.192,-1.366,1.511,0.550
1580.303,-1.367,1.511,0.548
1580.414,-1.369,1.511,0.548
1580.525,-1.369,1.512,0.547
1580.636,-1.369,1.512,0.548
1580.747,-1.366,1.512,0.550
1580.858,-1.361,1.511,0.553
1580.969,-1.355,1.510,0.557
1581.080,-1.347,1.508,0.564
1581.191,-1.339,1.505,0.574
1581.302,-1.328,1.502,0.586
1581.413,-1.314,1.498,0.599
1581.524,-1.297,1.493,0.611
1581.636,-1.279,1.487,0.622
1581.747,-1.261,1.482,0.629
1581.858,-1.248,1.476,0.633
1581.969,-1.247,1.474,0.637
1582.080,-1.261,1.470,0.637
1582.191,-1.284,1.469,0.630
1582.302,-1.305,1.466,0.619
1582.413,-1.322,1.464,0.608
1582.525,-1.335,1.461,0.599
1582.635,-1.346,1.460,0.593
1582.747,-1.356,1.459,0.591
1582.858,-1.363,1.460,0.591
1582.969,-1.370,1.462,0.594
1583.080,-1.375,1.463,0.597
1583.192,-1.380,1.463,0.600
1583.303,-1.382,1.462,0.601
1583.414,-1.380,1.460,0.601
1583.524,-1.371,1.460,0.607
1583.635,-1.357,1.468,0.623
1583.747,-1.339,1.480,0.649
1583.858,-1.314,1.491,0.684
1583.969,-1.281,1.502,0.727
1584.080,-1.243,1.514,0.777
1584.191,-1.205,1.522,0.827
1584.303,-1.172,1.526,0.874
1584.414,-1.149,1.530,0.915
1584.525,-1.132,1.537,0.948
1584.636,-1.117,1.540,0.970
1584.747,-1.101,1.541,0.981
1584.858,-1.083,1.542,0.978
1584.969,-1.064,1.542,0.961
1585.080,-1.044,1.541,0.931
1585.192,-1.024,1.541,0.889
1585.302,-1.006,1.541,0.843
1585.414,-0.991,1.541,0.801
1585.525,-0.982,1.542,0.764
1585.630,-0.979,1.541,0.745
1585.737,-0.979,1.539,0.707
1585.848,-0.989,1.536,0.672
1585.960,-1.010,1.527,0.647
1586.071,-1.028,1.522,0.650
1586.177,-1.031,1.524,0.667
1586.288,-1.025,1.525,0.690
1586.399,-1.014,1.526,0.713
1586.511,-1.000,1.524,0.735
1586.621,-0.987,1.528,0.752
1586.733,-0.980,1.527,0.765
1586.844,-0.977,1.527,0.773
1586.955,-0.970,1.528,0.773
1587.066,-0.957,1.529,0.762
1587.177,-0.921,1.534,0.731
1587.288,-0.853,1.535,0.705
1587.400,-0.776,1.535,0.712
1587.511,-0.721,1.536,0.740
1587.622,-0.692,1.533,0.772
1587.733,-0.686,1.533,0.790
1587.845,-0.692,1.534,0.789
1587.955,-0.702,1.537,0.771
1588.066,-0.707,1.544,0.741
1588.178,-0.707,1.539,0.712
1588.290,-0.706,1.541,0.692
1588.400,-0.710,1.544,0.678
1588.511,-0.716,1.548,0.674
1588.622,-0.727,1.552,0.679
1588.733,-0.747,1.576,0.689
1588.844,-0.772,1.605,0.694
1588.956,-0.787,1.613,0.698
1589.066,-0.792,1.618,0.702
1589.178,-0.794,1.618,0.706
1589.289,-0.800,1.618,0.711
1589.400,-0.803,1.620,0.715
1589.511,-0.802,1.619,0.718
1589.622,-0.797,1.620,0.720
1589.733,-0.791,1.620,0.721
1589.845,-0.785,1.620,0.723
1589.956,-0.780,1.619,0.727
1590.066,-0.778,1.619,0.730
1590.178,-0.775,1.619,0.735
1590.289,-0.775,1.618,0.740
1590.400,-0.777,1.618,0.747
1590.511,-0.779,1.619,0.756
1590.622,-0.780,1.618,0.763
1590.733,-0.782,1.617,0.765
1590.844,-0.781,1.618,0.767
1590.956,-0.779,1.619,0.769
1591.066,-0.779,1.619,0.765
1591.178,-0.780,1.621,0.760
1591.289,-0.780,1.624,0.755
1591.400,-0.779,1.627,0.751
1591.511,-0.784,1.629,0.747
1591.622,-0.784,1.629,0.742
1591.733,-0.781,1.631,0.740
1591.833,-0.778,1.631,0.738
1591.941,-0.776,1.631,0.737
1592.053,-0.776,1.630,0.735
1592.163,-0.775,1.630,0.733
1592.275,-0.770,1.626,0.731
1592.386,-0.755,1.610,0.721
1592.497,-0.739,1.592,0.707
1592.608,-0.723,1.571,0.703
1592.719,-0.710,1.548,0.706
1592.830,-0.705,1.535,0.706
1592.942,-0.705,1.527,0.702
1593.052,-0.711,1.521,0.692
1593.164,-0.723,1.517,0.676
1593.275,-0.741,1.512,0.656
1593.386,-0.762,1.504,0.634
1593.497,-0.783,1.500,0.611
1593.608,-0.805,1.497,0.590
1593.719,-0.832,1.495,0.576
1593.830,-0.857,1.496,0.568
1593.941,-0.877,1.495,0.570
1594.052,-0.881,1.492,0.581
1594.164,-0.861,1.491,0.597
1594.274,-0.811,1.490,0.618
1594.385,-0.735,1.492,0.633
1594.497,-0.623,1.494,0.635
1594.608,-0.494,1.503,0.661
1594.719,-0.391,1.517,0.717
1594.830,-0.320,1.523,0.769
1594.941,-0.271,1.523,0.803
1595.052,-0.231,1.523,0.816
1595.163,-0.190,1.529,0.815
1595.274,-0.151,1.528,0.816
1595.385,-0.118,1.528,0.824
1595.497,-0.087,1.526,0.843
1595.607,-0.067,1.521,0.874
1595.719,-0.055,1.520,0.913
1595.830,-0.041,1.522,0.949
1595.941,-0.023,1.521,0.974
1596.052,-0.002,1.522,0.994
1596.163,0.023,1.522,1.007
1596.274,0.052,1.520,1.013
1596.385,0.083,1.521,1.012
1596.497,0.112,1.520,1.008
1596.608,0.139,1.519,1.003
1596.718,0.162,1.517,1.001
1596.830,0.175,1.515,0.999
1596.941,0.178,1.514,1.002
1597.052,0.171,1.516,1.010
1597.163,0.162,1.518,1.021
1597.274,0.154,1.517,1.031
1597.385,0.148,1.516,1.039
1597.496,0.144,1.516,1.045
1597.607,0.141,1.516,1.052
1597.719,0.139,1.517,1.060
1597.830,0.138,1.518,1.069
1597.941,0.139,1.519,1.075
1598.052,0.141,1.519,1.077
1598.163,0.144,1.519,1.076
1598.274,0.147,1.520,1.071
1598.385,0.150,1.520,1.064
1598.496,0.153,1.520,1.053
1598.607,0.156,1.521,1.043
1598.719,0.157,1.520,1.034
1598.830,0.158,1.520,1.030
1598.941,0.158,1.521,1.029
1599.052,0.157,1.521,1.030
1599.163,0.155,1.521,1.033
1599.274,0.153,1.521,1.035
1599.385,0.154,1.522,1.034
1599.496,0.154,1.521,1.033
1599.607,0.155,1.521,1.029
1599.718,0.155,1.521,1.024
1599.830,0.156,1.521,1.019
1599.940,0.156,1.521,1.016
1600.052,0.156,1.521,1.013
1600.163,0.156,1.521,1.010
1600.274,0.156,1.521,1.009
1600.385,0.157,1.521,1.008
1600.497,0.157,1.520,1.007
1600.607,0.157,1.520,1.006
1600.718,0.158,1.520,1.005
1600.830,0.158,1.520,1.005
1600.940,0.159,1.520,1.006
1601.052,0.158,1.519,1.014
1601.163,0.155,1.519,1.027
1601.274,0.151,1.521,1.039
1601.385,0.147,1.522,1.049
1601.496,0.144,1.522,1.055
1601.607,0.143,1.522,1.058
1601.718,0.144,1.523,1.060
1601.830,0.145,1.523,1.060
1601.940,0.147,1.523,1.060
1602.052,0.148,1.524,1.060
1602.163,0.150,1.524,1.059
1602.274,0.152,1.523,1.059
1602.385,0.155,1.523,1.059
1602.496,0.158,1.523,1.059
1602.607,0.160,1.523,1.059
1602.718,0.162,1.522,1.060
1602.829,0.164,1.522,1.061
1602.940,0.165,1.521,1.061
1603.052,0.165,1.521,1.062
1603.163,0.166,1.521,1.062
1603.274,0.168,1.521,1.064
1603.385,0.170,1.521,1.065
1603.497,0.173,1.520,1.068
1603.607,0.173,1.520,1.071
1603.718,0.174,1.522,1.079
1603.829,0.175,1.522,1.090
1603.940,0.175,1.521,1.098
1604.052,0.169,1.523,1.106
1604.162,0.159,1.526,1.110
1604.273,0.155,1.527,1.104
1604.385,0.157,1.526,1.095
1604.495,0.164,1.525,1.086
1604.607,0.173,1.519,1.080
1604.717,0.178,1.512,1.076
1604.829,0.174,1.508,1.072
1604.939,0.157,1.508,1.068
1605.050,0.128,1.511,1.066
1605.162,0.092,1.514,1.066
1605.272,0.054,1.516,1.069
1605.384,0.017,1.515,1.074
1605.495,-0.016,1.512,1.083
1605.605,-0.046,1.504,1.089
1605.717,-0.066,1.502,1.089
1605.828,-0.076,1.506,1.084
1605.939,-0.073,1.506,1.074
1606.050,-0.062,1.510,1.066
1606.161,-0.051,1.511,1.062
1606.272,-0.042,1.512,1.060
1606.384,-0.035,1.517,1.058
1606.495,-0.029,1.534,1.057
1606.605,-0.026,1.558,1.050
1606.717,-0.025,1.572,1.041
1606.828,-0.029,1.578,1.037
1606.939,-0.038,1.577,1.039
1607.050,-0.051,1.574,1.045
1607.161,-0.069,1.570,1.058
1607.272,-0.088,1.564,1.080
1607.383,-0.104,1.551,1.112
1607.494,-0.113,1.530,1.153
1607.605,-0.115,1.510,1.202
1607.716,-0.109,1.494,1.257
1607.827,-0.092,1.480,1.315
1607.938,-0.065,1.474,1.379
1608.050,-0.036,1.482,1.445
1608.161,-0.016,1.486,1.501
1608.272,-0.011,1.491,1.550
1608.383,-0.012,1.493,1.599
1608.494,-0.020,1.490,1.648
1608.605,-0.041,1.485,1.696
1608.716,-0.072,1.484,1.747
1608.827,-0.106,1.492,1.802
1608.938,-0.133,1.502,1.856
1609.050,-0.144,1.507,1.902
1609.161,-0.150,1.509,1.945
1609.272,-0.150,1.504,1.990
1609.383,-0.146,1.497,2.041
1609.494,-0.149,1.493,2.095
1609.605,-0.159,1.502,2.142
1609.716,-0.164,1.519,2.182
1609.827,-0.164,1.523,2.218
1609.938,-0.162,1.524,2.253
1610.049,-0.167,1.526,2.292
1610.161,-0.176,1.520,2.342
1610.271,-0.184,1.509,2.406
1610.383,-0.179,1.498,2.469
1610.493,-0.162,1.498,2.514
1610.605,-0.156,1.499,2.540
1610.716,-0.160,1.498,2.560
1610.827,-0.159,1.496,2.579
1610.939,-0.151,1.497,2.602
1611.050,-0.133,1.493,2.625
1611.161,-0.102,1.487,2.648
1611.272,-0.058,1.484,2.662
1611.383,-0.008,1.483,2.677
1611.495,0.037,1.478,2.693
1611.605,0.071,1.470,2.709
1611.717,0.093,1.467,2.726
1611.828,0.107,1.462,2.747
1611.939,0.111,1.457,2.776
1612.050,0.103,1.455,2.806
1612.161,0.091,1.457,2.838
1612.272,0.087,1.454,2.868
1612.383,0.098,1.455,2.892
1612.495,0.120,1.451,2.914
1612.605,0.153,1.438,2.937
1612.716,0.201,1.423,2.959
1612.828,0.258,1.404,2.981
1612.939,0.311,1.376,3.002
1613.050,0.352,1.347,3.016
1613.161,0.382,1.332,3.025
1613.272,0.402,1.323,3.032
1613.383,0.412,1.316,3.038
1613.494,0.415,1.314,3.042
1613.605,0.414,1.316,3.043
1613.716,0.411,1.321,3.044
1613.827,0.410,1.324,3.043
1613.939,0.411,1.329,3.040
1614.050,0.411,1.335,3.038
1614.161,0.411,1.338,3.037
1614.272,0.409,1.343,3.038
1614.383,0.399,1.351,3.041
1614.494,0.378,1.360,3.050
1614.605,0.346,1.376,3.067
1614.716,0.297,1.395,3.085
1614.827,0.235,1.414,3.102
1614.938,0.160,1.435,3.111
1615.049,0.082,1.457,3.114
1615.161,0.010,1.471,3.115
1615.272,-0.051,1.477,3.117
1615.382,-0.094,1.480,3.125
1615.493,-0.118,1.486,3.135
1615.604,-0.131,1.488,3.154
1615.715,-0.133,1.491,3.179
1615.827,-0.124,1.494,3.211
1615.938,-0.108,1.493,3.248
1616.049,-0.089,1.500,3.291
1616.160,-0.071,1.509,3.334
1616.271,-0.051,1.515,3.376
1616.382,-0.037,1.517,3.408
1616.494,-0.032,1.519,3.434
1616.605,-0.035,1.520,3.459
1616.716,-0.047,1.519,3.482
1616.827,-0.073,1.515,3.496
1616.939,-0.112,1.514,3.503
1617.050,-0.151,1.514,3.509
1617.161,-0.185,1.518,3.515
1617.272,-0.213,1.523,3.521
1617.383,-0.230,1.528,3.527
1617.495,-0.236,1.533,3.536
1617.605,-0.232,1.539,3.547
1617.716,-0.219,1.544,3.557
1617.828,-0.200,1.548,3.566
1617.939,-0.177,1.550,3.574
1618.050,-0.153,1.550,3.582
1618.161,-0.128,1.548,3.589
1618.272,-0.096,1.544,3.602
1618.383,-0.068,1.538,3.620
1618.494,-0.056,1.530,3.651
1618.605,-0.058,1.524,3.682
1618.715,-0.066,1.523,3.701
1618.827,-0.072,1.524,3.718
1618.937,-0.081,1.522,3.741
1619.049,-0.097,1.518,3.772
1619.160,-0.127,1.514,3.811
1619.271,-0.174,1.512,3.853
1619.382,-0.229,1.516,3.891
1619.493,-0.271,1.516,3.921
1619.604,-0.297,1.513,3.945
1619.715,-0.310,1.510,3.972
1619.826,-0.304,1.501,4.012
1619.937,-0.263,1.488,4.055
1620.048,-0.210,1.474,4.096
1620.160,-0.153,1.466,4.137
1620.271,-0.103,1.465,4.176
1620.382,-0.067,1.461,4.216
1620.494,-0.047,1.455,4.255
1620.604,-0.034,1.455,4.300
1620.715,-0.029,1.450,4.352
1620.827,-0.039,1.446,4.408
1620.937,-0.062,1.456,4.468
1621.049,-0.080,1.461,4.521
1621.160,-0.078,1.460,4.566
1621.271,-0.060,1.458,4.612
1621.382,-0.025,1.454,4.663
1621.494,0.025,1.430,4.719
1621.604,0.092,1.397,4.783
1621.715,0.158,1.353,4.847
1621.827,0.211,1.297,4.898
1621.938,0.256,1.244,4.931
1622.049,0.285,1.207,4.948
1622.160,0.303,1.190,4.958
1622.271,0.315,1.182,4.966
1622.382,0.322,1.178,4.970
1622.494,0.325,1.176,4.973
1622.605,0.328,1.169,4.974
1622.715,0.330,1.162,4.970
1622.827,0.328,1.173,4.965
1622.938,0.320,1.193,4.963
1623.049,0.307,1.228,4.957
1623.160,0.281,1.278,4.948
1623.271,0.238,1.340,4.929
1623.382,0.172,1.412,4.904
1623.493,0.079,1.463,4.863
1623.604,-0.028,1.493,4.820
1623.715,-0.138,1.515,4.767
1623.825,-0.231,1.518,4.711
1623.936,-0.297,1.516,4.668
1624.048,-0.344,1.518,4.639
1624.159,-0.379,1.513,4.625
1624.270,-0.407,1.505,4.629
1624.381,-0.436,1.496,4.648
1624.492,-0.468,1.483,4.684
1624.603,-0.511,1.465,4.739
1624.714,-0.574,1.434,4.814
1624.826,-0.637,1.388,4.881
1624.937,-0.693,1.331,4.930
1625.048,-0.731,1.270,4.963
1625.160,-0.754,1.219,4.980
1625.270,-0.769,1.190,4.986
1625.381,-0.781,1.176,4.989
1625.493,-0.784,1.177,4.989
1625.604,-0.784,1.184,4.989
1625.715,-0.786,1.193,4.986
1625.826,-0.784,1.202,4.986
1625.937,-0.776,1.217,4.987
1626.048,-0.766,1.241,4.985
1626.159,-0.749,1.283,4.984
1626.270,-0.714,1.342,4.974
1626.381,-0.666,1.407,4.953
1626.492,-0.614,1.459,4.909
1626.603,-0.560,1.496,4.852
1626.714,-0.510,1.514,4.795
1626.826,-0.467,1.526,4.758
1626.937,-0.425,1.534,4.740
1627.047,-0.392,1.539,4.741
1627.159,-0.361,1.541,4.754
1627.270,-0.331,1.542,4.782
1627.381,-0.301,1.540,4.825
1627.492,-0.266,1.540,4.877
1627.603,-0.232,1.542,4.930
1627.715,-0.207,1.545,4.977
1627.826,-0.196,1.549,5.020
1627.937,-0.200,1.551,5.065
1628.047,-0.216,1.547,5.107
1628.159,-0.247,1.540,5.149
1628.270,-0.293,1.535,5.192
1628.381,-0.343,1.542,5.241
1628.492,-0.384,1.542,5.292
1628.603,-0.416,1.536,5.338
1628.714,-0.441,1.533,5.371
1628.825,-0.454,1.530,5.394
1628.936,-0.454,1.530,5.413
1629.047,-0.443,1.530,5.431
1629.159,-0.424,1.531,5.448
1629.270,-0.398,1.535,5.467
1629.381,-0.368,1.541,5.489
1629.492,-0.337,1.546,5.511
1629.603,-0.308,1.548,5.530
1629.714,-0.286,1.549,5.545
1629.826,-0.271,1.550,5.557
1629.937,-0.263,1.550,5.566
1630.048,-0.257,1.549,5.574
1630.159,-0.255,1.549,5.582
1630.270,-0.256,1.549,5.587
1630.381,-0.264,1.549,5.591
1630.492,-0.278,1.547,5.596
1630.603,-0.298,1.545,5.605
1630.714,-0.323,1.542,5.617
1630.826,-0.353,1.540,5.630
1630.936,-0.381,1.540,5.642
1631.048,-0.408,1.541,5.651
1631.159,-0.433,1.541,5.658
1631.270,-0.455,1.542,5.664
1631.381,-0.469,1.542,5.671
1631.493,-0.480,1.546,5.681
1631.604,-0.482,1.548,5.698
1631.714,-0.468,1.552,5.735
1631.826,-0.433,1.556,5.786
1631.936,-0.377,1.552,5.841
1632.047,-0.311,1.545,5.888
1632.159,-0.250,1.541,5.927
1632.270,-0.199,1.534,5.955
1632.381,-0.152,1.520,5.981
1632.492,-0.114,1.508,5.995
1632.604,-0.093,1.509,6.010
1632.715,-0.090,1.512,6.032
1632.827,-0.100,1.514,6.061
1632.937,-0.124,1.516,6.088
1633.049,-0.160,1.524,6.104
1633.160,-0.200,1.532,6.121
1633.271,-0.227,1.536,6.144
1633.382,-0.237,1.535,6.172
1633.493,-0.230,1.537,6.203
1633.604,-0.207,1.537,6.238
1633.715,-0.171,1.536,6.272
1633.826,-0.126,1.541,6.300
1633.937,-0.083,1.543,6.329
1634.049,-0.048,1.543,6.353
1634.160,-0.021,1.542,6.374
1634.271,-0.006,1.541,6.395
1634.382,-0.006,1.541,6.420
1634.493,-0.017,1.541,6.452
1634.604,-0.036,1.540,6.489
1634.715,-0.054,1.542,6.534
1634.826,-0.070,1.545,6.583
1634.937,-0.084,1.548,6.630
1635.049,-0.097,1.549,6.666
1635.159,-0.110,1.552,6.696
1635.270,-0.115,1.549,6.720
1635.382,-0.111,1.547,6.731
1635.493,-0.099,1.546,6.729
1635.604,-0.081,1.545,6.720
1635.715,-0.059,1.544,6.702
1635.826,-0.040,1.543,6.684
1635.938,-0.024,1.542,6.669
1636.049,-0.013,1.542,6.659
1636.160,-0.005,1.543,6.651
1636.271,-0.002,1.542,6.646
1636.382,-0.002,1.542,6.646
1636.493,-0.007,1.541,6.650
1636.604,-0.016,1.540,6.661
1636.715,-0.028,1.539,6.677
1636.827,-0.044,1.539,6.696
1636.937,-0.062,1.540,6.712
1637.049,-0.080,1.542,6.728
1637.160,-0.097,1.544,6.742
1637.271,-0.107,1.545,6.755
1637.382,-0.111,1.544,6.768
1637.493,-0.112,1.541,6.779
1637.603,-0.110,1.540,6.784
1637.715,-0.107,1.541,6.784
1637.826,-0.102,1.543,6.782
1637.937,-0.094,1.544,6.779
1638.048,-0.084,1.542,6.774
1638.160,-0.072,1.541,6.767
1638.270,-0.059,1.540,6.756
1638.382,-0.046,1.540,6.744
1638.493,-0.033,1.540,6.732
1638.604,-0.020,1.541,6.720
1638.715,-0.006,1.539,6.707
1638.826,0.006,1.538,6.694
1638.937,0.015,1.537,6.684
1639.049,0.020,1.537,6.677
1639.160,0.019,1.537,6.672
1639.270,0.013,1.536,6.670
1639.382,0.001,1.536,6.673
1639.493,-0.014,1.536,6.681
1639.604,-0.035,1.536,6.689
1639.715,-0.061,1.536,6.696
1639.826,-0.096,1.537,6.700
1639.937,-0.139,1.539,6.707
1640.048,-0.195,1.537,6.716
1640.159,-0.258,1.537,6.714
1640.269,-0.301,1.537,6.707
1640.380,-0.316,1.536,6.709
1640.491,-0.328,1.534,6.720
1640.602,-0.352,1.530,6.739
1640.713,-0.379,1.525,6.769
1640.824,-0.401,1.520,6.814
1640.935,-0.413,1.513,6.870
1641.046,-0.428,1.520,6.922
1641.157,-0.441,1.520,6.960
1641.268,-0.449,1.523,6.982
1641.379,-0.456,1.526,6.991
1641.490,-0.469,1.527,6.987
1641.601,-0.488,1.530,6.981
1641.713,-0.504,1.528,6.970
1641.823,-0.521,1.528,6.947
1641.935,-0.539,1.530,6.910
1642.046,-0.564,1.533,6.881
1642.157,-0.587,1.527,6.852
1642.268,-0.616,1.523,6.820
1642.379,-0.656,1.517,6.785
1642.491,-0.692,1.508,6.750
1642.602,-0.718,1.503,6.729
1642.713,-0.748,1.499,6.728
1642.825,-0.783,1.496,6.745
1642.935,-0.821,1.491,6.771
1643.047,-0.863,1.490,6.809
1643.158,-0.910,1.494,6.851
1643.269,-0.951,1.492,6.883
1643.380,-0.986,1.488,6.905
1643.491,-1.023,1.485,6.915
1643.602,-1.066,1.478,6.909
1643.714,-1.114,1.471,6.890
1643.825,-1.163,1.464,6.860
1643.936,-1.214,1.459,6.826
1644.047,-1.266,1.459,6.792
1644.158,-1.311,1.457,6.767
1644.269,-1.354,1.455,6.755
1644.380,-1.406,1.452,6.750
1644.491,-1.466,1.438,6.750
1644.602,-1.534,1.422,6.759
1644.714,-1.612,1.402,6.774
1644.825,-1.692,1.377,6.786
1644.935,-1.763,1.339,6.787
1645.047,-1.821,1.290,6.782
1645.158,-1.869,1.225,6.775
1645.269,-1.903,1.148,6.770
1645.380,-1.929,1.072,6.766
1645.491,-1.947,1.001,6.762
1645.642,-1.959,0.937,6.757
1645.745,-1.974,0.850,6.752
1645.855,-1.984,0.795,6.746
1645.967,-1.991,0.752,6.739
1646.077,-1.990,0.722,6.732
1646.186,-1.987,0.708,6.728
1646.296,-1.982,0.695,6.724
1646.407,-1.972,0.697,6.720
1646.518,-1.951,0.714,6.718
1646.629,-1.921,0.739,6.716
1646.740,-1.892,0.756,6.716
1646.852,-1.875,0.773,6.714
1646.963,-1.861,0.786,6.711
1647.073,-1.846,0.800,6.707
1647.185,-1.842,0.795,6.714
1647.296,-1.839,0.786,6.728
1647.407,-1.832,0.790,6.736
1647.518,-1.821,0.793,6.740
1647.630,-1.815,0.789,6.738
1647.741,-1.813,0.791,6.733
1647.851,-1.812,0.789,6.737
1647.963,-1.812,0.795,6.757
1648.074,-1.818,0.814,6.784
1648.185,-1.827,0.853,6.799
1648.296,-1.836,0.926,6.787
1648.407,-1.848,1.016,6.749
1648.518,-1.850,1.110,6.692
1648.630,-1.837,1.212,6.629
1648.741,-1.798,1.309,6.573
1648.852,-1.740,1.381,6.538
1648.963,-1.677,1.422,6.526
1649.074,-1.619,1.446,6.533
1649.185,-1.571,1.466,6.538
1649.296,-1.527,1.481,6.523
1649.407,-1.490,1.485,6.489
1649.518,-1.461,1.484,6.437
1649.630,-1.437,1.482,6.369
1649.740,-1.419,1.481,6.309
1649.852,-1.414,1.479,6.270
1649.963,-1.423,1.484,6.239
1650.074,-1.443,1.481,6.209
1650.185,-1.474,1.476,6.179
1650.296,-1.516,1.471,6.151
1650.407,-1.569,1.470,6.124
1650.518,-1.625,1.478,6.092
1650.630,-1.665,1.475,6.062
1650.740,-1.693,1.477,6.034
1650.851,-1.713,1.477,5.995
1650.963,-1.721,1.472,5.946
1651.074,-1.720,1.465,5.884
1651.184,-1.717,1.453,5.815
1651.296,-1.725,1.444,5.742
1651.407,-1.739,1.433,5.683
1651.518,-1.761,1.423,5.639
1651.630,-1.794,1.408,5.601
1651.740,-1.836,1.393,5.568
1651.851,-1.887,1.382,5.538
1651.963,-1.942,1.355,5.497
1652.074,-1.994,1.298,5.445
1652.185,-2.040,1.213,5.395
1652.296,-2.074,1.118,5.356
1652.407,-2.097,1.031,5.329
1652.518,-2.113,0.961,5.314
1652.629,-2.123,0.911,5.308
1652.740,-2.127,0.892,5.306
1652.851,-2.126,0.895,5.303
1652.962,-2.122,0.909,5.301
1653.073,-2.117,0.939,5.296
1653.185,-2.111,0.992,5.284
1653.296,-2.096,1.070,5.261
1653.407,-2.070,1.168,5.229
1653.518,-2.026,1.268,5.198
1653.629,-1.969,1.353,5.172
1653.741,-1.903,1.421,5.154
1653.852,-1.840,1.475,5.149
1653.963,-1.798,1.502,5.149
1654.074,-1.778,1.510,5.135
1654.185,-1.772,1.504,5.108
1654.296,-1.782,1.496,5.068
1654.407,-1.805,1.483,5.024
1654.518,-1.834,1.476,4.974
1654.630,-1.854,1.475,4.927
1654.741,-1.853,1.476,4.888
1654.851,-1.841,1.486,4.847
1654.963,-1.814,1.489,4.796
1655.074,-1.766,1.491,4.734
1655.185,-1.708,1.500,4.668
1655.296,-1.667,1.517,4.615
1655.407,-1.644,1.528,4.570
1655.518,-1.637,1.526,4.526
1655.630,-1.648,1.521,4.479
1655.741,-1.675,1.514,4.433
1655.852,-1.717,1.510,4.388
1655.963,-1.766,1.520,4.341
1656.074,-1.801,1.528,4.291
1656.185,-1.821,1.527,4.244
1656.296,-1.836,1.531,4.198
1656.407,-1.850,1.528,4.152
1656.519,-1.850,1.528,4.112
1656.630,-1.830,1.529,4.073
1656.741,-1.798,1.535,4.035
1656.852,-1.776,1.538,3.994
1656.963,-1.763,1.537,3.956
1657.074,-1.756,1.540,3.925
1657.185,-1.750,1.537,3.896
1657.297,-1.762,1.532,3.863
1657.407,-1.785,1.520,3.841
1657.519,-1.817,1.514,3.837
1657.630,-1.848,1.509,3.834
1657.741,-1.873,1.501,3.824
1657.852,-1.887,1.499,3.816
1657.963,-1.885,1.495,3.820
1658.074,-1.866,1.487,3.828
1658.185,-1.828,1.485,3.830
1658.296,-1.776,1.481,3.821
1658.407,-1.716,1.475,3.809
1658.518,-1.661,1.484,3.801
1658.629,-1.610,1.496,3.802
1658.740,-1.562,1.499,3.821
1658.851,-1.522,1.501,3.850
1658.962,-1.491,1.500,3.888
1659.073,-1.471,1.501,3.928
1659.185,-1.454,1.502,3.966
1659.296,-1.444,1.512,3.997
1659.407,-1.438,1.519,4.022
1659.518,-1.420,1.523,4.040
1659.629,-1.401,1.527,4.052
1659.740,-1.380,1.526,4.055
1659.851,-1.365,1.528,4.048
1659.963,-1.348,1.528,4.030
1660.073,-1.334,1.529,4.002
1660.185,-1.313,1.533,3.967
1660.296,-1.287,1.538,3.930
1660.407,-1.253,1.540,3.892
1660.518,-1.219,1.535,3.855
1660.629,-1.193,1.527,3.818
1660.740,-1.175,1.518,3.787
1660.851,-1.160,1.515,3.768
1660.963,-1.151,1.516,3.756
1661.074,-1.148,1.514,3.746
1661.185,-1.149,1.516,3.734
1661.296,-1.147,1.512,3.723
1661.407,-1.144,1.512,3.717
1661.518,-1.139,1.516,3.715
1661.629,-1.136,1.515,3.722
1661.740,-1.136,1.514,3.730
1661.851,-1.136,1.513,3.746
1661.963,-1.131,1.511,3.772
1662.073,-1.117,1.510,3.804
1662.184,-1.095,1.510,3.829
1662.295,-1.077,1.510,3.845
1662.406,-1.062,1.510,3.859
1662.517,-1.048,1.512,3.874
1662.629,-1.031,1.518,3.888
1662.740,-1.012,1.523,3.904
1662.851,-0.991,1.529,3.924
1662.962,-0.968,1.536,3.950
1663.073,-0.943,1.541,3.979
1663.184,-0.914,1.548,4.013
1663.295,-0.885,1.548,4.043
1663.406,-0.856,1.548,4.066
1663.517,-0.835,1.549,4.081
1663.629,-0.822,1.546,4.097
1663.740,-0.818,1.545,4.120
1663.851,-0.824,1.541,4.149
1663.962,-0.845,1.541,4.177
1664.073,-0.870,1.548,4.209
1664.185,-0.883,1.545,4.242
1664.296,-0.883,1.529,4.272
1664.407,-0.881,1.520,4.300
1664.518,-0.875,1.514,4.325
1664.629,-0.858,1.510,4.347
1664.740,-0.829,1.506,4.362
1664.851,-0.789,1.501,4.366
1664.962,-0.738,1.499,4.361
1665.073,-0.681,1.498,4.355
1665.184,-0.624,1.496,4.355
1665.296,-0.575,1.491,4.357
1665.407,-0.539,1.487,4.366
1665.517,-0.511,1.482,4.384
1665.629,-0.487,1.475,4.410
1665.739,-0.470,1.469,4.446
1665.850,-0.462,1.464,4.486
1665.962,-0.458,1.464,4.530
1666.073,-0.452,1.463,4.566
1666.184,-0.448,1.461,4.596
1666.295,-0.446,1.460,4.623
1666.406,-0.440,1.460,4.646
1666.518,-0.423,1.461,4.664
1666.643,-0.393,1.458,4.678
1666.751,-0.357,1.453,4.684
1666.864,-0.316,1.450,4.689
1666.974,-0.269,1.447,4.701
1667.085,-0.224,1.440,4.722
1667.197,-0.189,1.424,4.749
1667.308,-0.165,1.409,4.786
1667.419,-0.153,1.391,4.833
1667.530,-0.154,1.363,4.884
1667.642,-0.156,1.328,4.934
1667.753,-0.148,1.285,4.978
1667.864,-0.135,1.227,5.018
1667.975,-0.111,1.142,5.052
1668.086,-0.083,1.037,5.087
1668.197,-0.055,0.937,5.117
1668.309,-0.029,0.855,5.137
1668.420,-0.010,0.798,5.144
1668.531,0.005,0.771,5.147
1668.643,0.011,0.765,5.147
1668.753,0.014,0.770,5.144
1668.865,0.013,0.786,5.139
1668.976,0.006,0.832,5.135
1669.087,-0.007,0.899,5.132
1669.198,-0.020,0.981,5.124
1669.309,-0.036,1.078,5.108
1669.420,-0.060,1.188,5.087
1669.531,-0.091,1.291,5.060
1669.642,-0.124,1.381,5.019
1669.753,-0.155,1.446,4.971
1669.864,-0.185,1.490,4.928
1669.975,-0.213,1.517,4.894
1670.086,-0.238,1.527,4.867
1670.197,-0.257,1.533,4.849
1670.309,-0.266,1.533,4.833
1670.420,-0.267,1.534,4.821
1670.530,-0.269,1.535,4.809
1670.642,-0.272,1.539,4.802
1670.753,-0.273,1.543,4.804
1670.862,-0.270,1.545,4.812
1670.973,-0.260,1.547,4.826
1671.084,-0.245,1.545,4.848
1671.196,-0.227,1.542,4.875
1671.307,-0.199,1.541,4.904
1671.418,-0.161,1.545,4.932
1671.529,-0.128,1.548,4.962
1671.641,-0.106,1.550,4.990
1671.752,-0.092,1.550,5.019
1671.863,-0.088,1.551,5.051
1671.974,-0.090,1.545,5.086
1672.085,-0.102,1.536,5.128
1672.196,-0.129,1.527,5.173
1672.307,-0.166,1.524,5.216
1672.418,-0.204,1.534,5.257
1672.530,-0.235,1.532,5.296
1672.641,-0.259,1.523,5.335
1672.752,-0.274,1.519,5.376
1672.863,-0.279,1.514,5.417
1672.974,-0.276,1.509,5.462
1673.085,-0.267,1.500,5.512
1673.197,-0.251,1.493,5.568
1673.308,-0.231,1.500,5.634
1673.419,-0.214,1.507,5.696
1673.530,-0.204,1.508,5.745
1673.641,-0.201,1.512,5.779
1673.752,-0.204,1.515,5.809
1673.863,-0.215,1.512,5.841
1673.974,-0.234,1.507,5.873
1674.085,-0.265,1.503,5.904
1674.196,-0.305,1.499,5.930
1674.306,-0.357,1.505,5.960
1674.419,-0.408,1.514,5.987
1674.530,-0.445,1.514,6.010
1674.641,-0.472,1.513,6.033
1674.752,-0.494,1.516,6.057
1674.863,-0.515,1.515,6.081
1674.975,-0.531,1.514,6.112
1675.086,-0.539,1.514,6.154
1675.197,-0.543,1.516,6.209
1675.308,-0.549,1.533,6.269
1675.419,-0.557,1.539,6.322
1675.530,-0.571,1.534,6.363
1675.641,-0.595,1.536,6.392
1675.752,-0.630,1.530,6.413
1675.862,-0.678,1.521,6.426
1675.973,-0.733,1.510,6.427
1676.084,-0.794,1.505,6.417
1676.197,-0.853,1.510,6.405
1676.308,-0.908,1.510,6.400
1676.419,-0.953,1.508,6.402
1676.530,-0.997,1.508,6.408
1676.642,-1.040,1.505,6.420
1676.752,-1.087,1.502,6.439
1676.863,-1.136,1.498,6.464
1676.974,-1.190,1.504,6.492
1677.085,-1.247,1.512,6.516
1677.196,-1.293,1.510,6.531
1677.308,-1.327,1.516,6.535
1677.419,-1.360,1.517,6.531
1677.530,-1.394,1.512,6.519
1677.641,-1.432,1.505,6.495
1677.752,-1.469,1.497,6.461
1677.863,-1.503,1.489,6.414
1677.974,-1.538,1.491,6.362
1678.085,-1.570,1.490,6.319
1678.197,-1.602,1.487,6.288
1678.308,-1.639,1.485,6.268
1678.418,-1.682,1.479,6.255
1678.530,-1.733,1.470,6.248
1678.641,-1.792,1.461,6.244
1678.752,-1.860,1.454,6.244
1678.863,-1.930,1.457,6.243
1678.974,-1.992,1.452,6.236
1679.085,-2.035,1.447,6.230
1679.197,-2.069,1.444,6.222
1679.308,-2.094,1.438,6.211
1679.419,-2.110,1.435,6.198
1679.530,-2.119,1.433,6.183
1679.641,-2.122,1.432,6.160
1679.752,-2.114,1.431,6.124
1679.864,-2.091,1.432,6.078
1679.974,-2.050,1.436,6.020
1680.085,-2.001,1.448,5.949
1680.197,-1.949,1.458,5.879
1680.308,-1.902,1.468,5.823
1680.418,-1.869,1.476,5.784
1680.530,-1.852,1.479,5.754
1680.641,-1.846,1.480,5.726
1680.752,-1.850,1.480,5.697
1680.863,-1.858,1.480,5.664
1680.974,-1.874,1.475,5.629
1681.085,-1.899,1.476,5.588
1681.196,-1.927,1.481,5.541
1681.307,-1.949,1.480,5.497
1681.418,-1.958,1.479,5.459
1681.529,-1.955,1.484,5.418
1681.641,-1.935,1.484,5.371
1681.752,-1.906,1.480,5.324
1681.863,-1.865,1.476,5.276
1681.974,-1.812,1.474,5.233
1682.085,-1.763,1.485,5.187
1682.196,-1.725,1.484,5.146
1682.307,-1.701,1.482,5.108
1682.419,-1.687,1.483,5.070
1682.530,-1.682,1.478,5.029
1682.641,-1.685,1.473,4.985
1682.752,-1.695,1.468,4.937
1682.863,-1.712,1.465,4.885
1682.974,-1.730,1.473,4.832
1683.085,-1.740,1.479,4.783
1683.196,-1.741,1.478,4.744
1683.307,-1.739,1.481,4.707
1683.419,-1.731,1.480,4.670
1683.530,-1.709,1.478,4.633
1683.641,-1.671,1.477,4.596
1683.752,-1.617,1.477,4.562
1683.863,-1.556,1.489,4.529
1683.974,-1.501,1.496,4.499
1684.086,-1.457,1.496,4.470
1684.196,-1.425,1.497,4.441
1684.308,-1.399,1.497,4.409
1684.419,-1.365,1.495,4.372
1684.530,-1.332,1.495,4.336
1684.641,-1.308,1.495,4.304
1684.752,-1.295,1.502,4.268
1684.864,-1.288,1.510,4.228
1684.974,-1.284,1.514,4.193
1685.085,-1.275,1.516,4.165
1685.197,-1.262,1.515,4.150
1685.308,-1.243,1.515,4.139
1685.419,-1.212,1.512,4.133
1685.530,-1.174,1.507,4.131
1685.641,-1.128,1.504,4.136
1685.752,-1.078,1.506,4.149
1685.863,-1.022,1.513,4.162
1685.974,-0.970,1.513,4.172
1686.085,-0.926,1.511,4.168
1686.197,-0.893,1.517,4.151
1686.308,-0.859,1.520,4.129
1686.419,-0.824,1.522,4.101
1686.530,-0.791,1.525,4.063
1686.641,-0.766,1.527,4.016
1686.753,-0.744,1.542,3.962
1686.864,-0.727,1.558,3.914
1686.975,-0.711,1.567,3.873
1687.086,-0.693,1.572,3.840
1687.197,-0.663,1.561,3.813
1687.309,-0.617,1.546,3.790
1687.419,-0.563,1.533,3.776
1687.531,-0.505,1.521,3.771
1687.642,-0.447,1.527,3.771
1687.752,-0.397,1.563,3.774
1687.864,-0.361,1.584,3.767
1687.975,-0.336,1.590,3.751
1688.086,-0.320,1.600,3.727
1688.197,-0.312,1.608,3.697
1688.308,-0.309,1.610,3.655
1688.419,-0.311,1.606,3.603
1688.531,-0.318,1.609,3.548
1688.642,-0.328,1.618,3.495
1688.752,-0.337,1.624,3.450
1688.864,-0.345,1.629,3.415
1688.975,-0.353,1.633,3.390
1689.085,-0.357,1.634,3.372
1689.197,-0.359,1.634,3.358
1689.308,-0.358,1.634,3.349
1689.419,-0.353,1.634,3.343
1689.530,-0.348,1.633,3.346
1689.642,-0.343,1.633,3.359
1689.752,-0.341,1.634,3.385
1689.864,-0.340,1.632,3.416
1689.975,-0.337,1.628,3.444
1690.086,-0.334,1.630,3.469
1690.197,-0.330,1.628,3.485
1690.308,-0.327,1.629,3.492
1690.419,-0.326,1.625,3.489
1690.530,-0.328,1.619,3.483
1690.641,-0.336,1.607,3.482
1690.752,-0.353,1.592,3.490
1690.863,-0.372,1.588,3.506
1690.975,-0.394,1.616,3.533
1691.086,-0.417,1.631,3.556
1691.197,-0.437,1.631,3.574
1691.308,-0.453,1.627,3.589
1691.419,-0.465,1.627,3.597
1691.530,-0.474,1.626,3.601
1691.641,-0.480,1.625,3.606
1691.752,-0.483,1.623,3.614
1691.863,-0.485,1.622,3.623
1691.975,-0.480,1.622,3.636
1692.086,-0.469,1.621,3.647
1692.198,-0.457,1.621,3.646
1692.309,-0.449,1.621,3.635
1692.419,-0.448,1.619,3.617
1692.531,-0.456,1.623,3.593
1692.642,-0.465,1.626,3.569
1692.753,-0.474,1.624,3.551
1692.864,-0.487,1.623,3.540
1692.975,-0.501,1.625,3.538
1693.086,-0.517,1.625,3.543
1693.197,-0.533,1.626,3.551
1693.308,-0.548,1.624,3.557
1693.419,-0.560,1.615,3.565
1693.530,-0.569,1.605,3.576
1693.641,-0.576,1.602,3.588
1693.752,-0.578,1.608,3.595
1693.863,-0.579,1.618,3.602
1693.974,-0.579,1.622,3.608
1694.085,-0.578,1.620,3.615
1694.197,-0.576,1.621,3.618
1694.308,-0.573,1.620,3.620
1694.419,-0.576,1.619,3.622
1694.530,-0.583,1.618,3.626
1694.641,-0.584,1.618,3.629
1694.752,-0.581,1.619,3.631
1694.863,-0.581,1.616,3.633
1694.975,-0.583,1.613,3.635
1695.086,-0.586,1.610,3.636
1695.197,-0.589,1.613,3.635
1695.307,-0.591,1.618,3.634
1695.419,-0.594,1.620,3.633
1695.530,-0.596,1.616,3.633
1695.641,-0.598,1.618,3.632
1695.752,-0.600,1.618,3.633
1695.863,-0.604,1.617,3.635
1695.974,-0.607,1.614,3.639
1696.085,-0.601,1.609,3.644
1696.197,-0.575,1.600,3.642
1696.308,-0.530,1.585,3.628
1696.419,-0.472,1.560,3.600
1696.530,-0.424,1.518,3.562
1696.641,-0.386,1.499,3.506
1696.752,-0.352,1.485,3.440
1696.863,-0.324,1.473,3.380
1696.974,-0.304,1.466,3.337
1697.085,-0.283,1.459,3.308
1697.196,-0.252,1.451,3.287
1697.307,-0.213,1.443,3.274
1697.418,-0.169,1.436,3.274
1697.530,-0.122,1.436,3.287
1697.641,-0.072,1.443,3.303
1697.752,-0.026,1.440,3.312
1697.863,0.007,1.433,3.311
1697.974,0.043,1.434,3.303
1698.085,0.085,1.426,3.288
1698.196,0.128,1.415,3.266
1698.307,0.179,1.407,3.234
1698.418,0.237,1.398,3.194
1698.530,0.296,1.382,3.167
1698.640,0.342,1.366,3.148
1698.751,0.373,1.350,3.135
1698.863,0.391,1.339,3.127
1698.974,0.401,1.334,3.121
1699.084,0.403,1.332,3.113
1699.196,0.403,1.334,3.108
1699.307,0.406,1.336,3.112
1699.418,0.409,1.333,3.124
1699.529,0.407,1.333,3.138
1699.641,0.395,1.340,3.152
1699.751,0.371,1.355,3.171
1699.862,0.333,1.375,3.191
1699.973,0.276,1.398,3.218
1700.084,0.207,1.428,3.249
1700.196,0.133,1.447,3.276
1700.306,0.060,1.454,3.295
1700.418,-0.005,1.460,3.309
1700.529,-0.062,1.464,3.316
1700.640,-0.111,1.473,3.320
1700.750,-0.156,1.484,3.322
1700.862,-0.201,1.496,3.324
1700.973,-0.246,1.506,3.329
1701.084,-0.294,1.511,3.337
1701.195,-0.344,1.511,3.351
1701.306,-0.388,1.507,3.381
1701.417,-0.432,1.508,3.431
1701.528,-0.475,1.510,3.493
1701.639,-0.510,1.504,3.550
1701.750,-0.533,1.494,3.591
1701.862,-0.556,1.484,3.621
1701.973,-0.581,1.464,3.646
1702.083,-0.615,1.430,3.665
1702.195,-0.667,1.392,3.670
1702.306,-0.732,1.362,3.656
1702.417,-0.802,1.336,3.629
1702.529,-0.864,1.323,3.596
1702.640,-0.916,1.321,3.563
1702.750,-0.958,1.321,3.543
1702.861,-0.986,1.319,3.532
1702.973,-1.001,1.314,3.534
1703.084,-1.008,1.301,3.553
1703.195,-1.004,1.285,3.588
1703.306,-0.989,1.268,3.636
1703.417,-0.966,1.258,3.698
1703.528,-0.932,1.257,3.767
1703.639,-0.884,1.271,3.845
1703.750,-0.812,1.297,3.915
1703.861,-0.734,1.324,3.959
1703.973,-0.663,1.350,3.981
1704.083,-0.609,1.373,3.984
1704.194,-0.577,1.388,3.980
1704.306,-0.566,1.399,3.969
1704.417,-0.581,1.421,3.954
1704.529,-0.622,1.447,3.946
1704.640,-0.680,1.474,3.954
1704.751,-0.749,1.498,3.972
1704.862,-0.819,1.518,3.989
1704.973,-0.881,1.534,4.000
1705.084,-0.932,1.539,4.005
1705.196,-0.973,1.541,4.010
1705.307,-1.010,1.543,4.013
1705.417,-1.042,1.544,4.014
1705.529,-1.069,1.546,4.013
1705.640,-1.092,1.551,4.010
1705.751,-1.113,1.555,4.004
1705.862,-1.128,1.558,3.997
1705.974,-1.139,1.560,3.993
1706.085,-1.145,1.560,3.988
1706.196,-1.151,1.559,3.985
1706.307,-1.157,1.559,3.981
1706.417,-1.160,1.561,3.977
1706.529,-1.160,1.563,3.973
1706.640,-1.158,1.567,3.969
1706.751,-1.153,1.570,3.964
1706.862,-1.148,1.572,3.960
1706.973,-1.144,1.573,3.956
1707.084,-1.143,1.575,3.952
1707.195,-1.145,1.576,3.949
1707.306,-1.147,1.577,3.944
1707.417,-1.148,1.579,3.938
1707.529,-1.150,1.579,3.930
1707.640,-1.151,1.577,3.916
1707.751,-1.149,1.576,3.894
1707.862,-1.142,1.575,3.861
1707.973,-1.132,1.580,3.822
1708.084,-1.119,1.588,3.784
1708.195,-1.107,1.595,3.752
1708.306,-1.097,1.602,3.726
1708.417,-1.093,1.606,3.711
1708.529,-1.098,1.604,3.710
1708.640,-1.105,1.604,3.717
1708.750,-1.113,1.603,3.730
1708.862,-1.120,1.603,3.746
1708.973,-1.124,1.604,3.762
1709.084,-1.126,1.606,3.779
1709.195,-1.127,1.604,3.797
1709.306,-1.128,1.602,3.812
1709.417,-1.129,1.601,3.826
1709.528,-1.129,1.599,3.839
1709.640,-1.128,1.597,3.852
1709.750,-1.125,1.596,3.863
1709.862,-1.121,1.595,3.872
1709.972,-1.117,1.596,3.882
1710.083,-1.113,1.597,3.893
1710.195,-1.110,1.598,3.905
1710.306,-1.106,1.598,3.917
1710.417,-1.102,1.599,3.929
1710.528,-1.098,1.598,3.940
1710.640,-1.095,1.597,3.950
1710.751,-1.092,1.596,3.961
1710.862,-1.084,1.596,3.970
1710.973,-1.074,1.598,3.978
1711.084,-1.060,1.597,3.985
1711.195,-1.041,1.597,3.991
1711.306,-1.016,1.595,4.002
1711.417,-0.987,1.594,4.017
1711.529,-0.959,1.593,4.037
1711.639,-0.939,1.582,4.072
1711.750,-0.918,1.573,4.118
1711.862,-0.882,1.572,4.164
1711.973,-0.854,1.570,4.189
1712.083,-0.842,1.569,4.207
1712.194,-0.844,1.558,4.216
1712.306,-0.863,1.548,4.217
1712.416,-0.894,1.539,4.206
1712.527,-0.942,1.538,4.175
1712.638,-1.001,1.540,4.121
1712.749,-1.056,1.541,4.059
1712.860,-1.097,1.534,4.012
1712.972,-1.131,1.525,3.977
1713.083,-1.159,1.522,3.942
1713.195,-1.182,1.521,3.907
1713.306,-1.197,1.521,3.873
1713.417,-1.205,1.521,3.851
1713.528,-1.211,1.513,3.853
1713.639,-1.236,1.492,3.884
1713.750,-1.265,1.472,3.911
1713.861,-1.292,1.449,3.931
1713.972,-1.312,1.434,3.941
1714.083,-1.327,1.430,3.945
1714.195,-1.333,1.428,3.947
1714.306,-1.336,1.427,3.941
1714.417,-1.341,1.425,3.924
1714.528,-1.343,1.418,3.898
1714.639,-1.340,1.414,3.862
1714.750,-1.328,1.421,3.813
1714.861,-1.312,1.425,3.767
1714.972,-1.295,1.422,3.731
1715.083,-1.282,1.412,3.700
1715.195,-1.267,1.397,3.677
1715.306,-1.259,1.389,3.659
1715.416,-1.255,1.390,3.643
1715.528,-1.254,1.392,3.630
1715.639,-1.256,1.391,3.615
1715.750,-1.263,1.395,3.595
1715.861,-1.281,1.407,3.569
1715.972,-1.312,1.423,3.536
1716.083,-1.351,1.439,3.501
1716.194,-1.391,1.452,3.472
1716.305,-1.426,1.462,3.451
1716.417,-1.451,1.471,3.434
1716.528,-1.464,1.477,3.418
1716.639,-1.465,1.489,3.395
1716.750,-1.462,1.496,3.367
1716.862,-1.456,1.500,3.337
1716.972,-1.438,1.505,3.310
1717.083,-1.409,1.521,3.283
1717.195,-1.383,1.534,3.253
1717.306,-1.368,1.538,3.218
1717.417,-1.360,1.537,3.184
1717.528,-1.355,1.533,3.157
1717.639,-1.353,1.532,3.137
1717.750,-1.360,1.531,3.125
1717.862,-1.377,1.531,3.120
1717.972,-1.407,1.534,3.128
1718.083,-1.444,1.538,3.137
1718.195,-1.483,1.538,3.137
1718.305,-1.515,1.540,3.133
1718.416,-1.541,1.540,3.128
1718.528,-1.561,1.536,3.126
1718.639,-1.576,1.537,3.128
1718.750,-1.587,1.535,3.131
1718.861,-1.595,1.533,3.134
1718.972,-1.602,1.531,3.137
1719.083,-1.608,1.529,3.140
1719.195,-1.612,1.528,3.143
1719.306,-1.616,1.526,3.147
1719.417,-1.619,1.525,3.152
1719.528,-1.623,1.525,3.157
1719.639,-1.629,1.527,3.161
1719.750,-1.635,1.529,3.158
1719.861,-1.637,1.530,3.153
1719.972,-1.639,1.530,3.146
1720.083,-1.643,1.530,3.135
1720.194,-1.646,1.530,3.118
1720.306,-1.645,1.527,3.094
1720.416,-1.642,1.526,3.062
1720.528,-1.645,1.528,3.036
1720.639,-1.650,1.529,3.020
1720.750,-1.655,1.529,3.015
1720.861,-1.657,1.523,3.018
1720.972,-1.653,1.516,3.023
1721.082,-1.647,1.516,3.033
1721.194,-1.639,1.515,3.045
1721.305,-1.637,1.515,3.058
1721.416,-1.633,1.514,3.077
1721.528,-1.629,1.515,3.106
1721.638,-1.622,1.515,3.146
1721.749,-1.612,1.517,3.192
1721.860,-1.608,1.519,3.245
1721.971,-1.605,1.517,3.298
1722.082,-1.600,1.514,3.347
1722.193,-1.591,1.514,3.389
1722.304,-1.582,1.516,3.420
1722.415,-1.578,1.518,3.446
1722.527,-1.575,1.518,3.464
1722.637,-1.575,1.517,3.473
1722.749,-1.587,1.518,3.479
1722.859,-1.609,1.518,3.484
1722.970,-1.639,1.520,3.479
1723.082,-1.678,1.526,3.469
1723.193,-1.716,1.528,3.462
1723.304,-1.747,1.531,3.465
1723.415,-1.770,1.532,3.464
1723.526,-1.787,1.530,3.456
1723.637,-1.798,1.526,3.451
1723.748,-1.805,1.523,3.455
1723.859,-1.808,1.521,3.464
1723.971,-1.807,1.514,3.475
1724.081,-1.798,1.511,3.485
1724.193,-1.770,1.514,3.485
1724.304,-1.720,1.518,3.473
1724.415,-1.649,1.527,3.441
1724.527,-1.576,1.534,3.391
1724.638,-1.522,1.530,3.333
1724.749,-1.490,1.525,3.281
1724.860,-1.478,1.518,3.233
1724.971,-1.487,1.516,3.193
1725.082,-1.513,1.515,3.169
1725.194,-1.546,1.519,3.159
1725.305,-1.570,1.519,3.156
1725.416,-1.586,1.516,3.149
1725.527,-1.601,1.521,3.126
1725.638,-1.618,1.523,3.087
1725.749,-1.635,1.523,3.032
1725.860,-1.649,1.524,2.963
1725.972,-1.663,1.525,2.891
1726.082,-1.675,1.529,2.825
1726.193,-1.683,1.526,2.768
1726.305,-1.684,1.520,2.728
1726.416,-1.679,1.517,2.704
1726.527,-1.661,1.517,2.689
1726.638,-1.629,1.519,2.689
1726.749,-1.594,1.523,2.709
1726.860,-1.560,1.527,2.747
1726.972,-1.520,1.526,2.796
1727.082,-1.471,1.529,2.843
1727.194,-1.422,1.530,2.880
1727.305,-1.378,1.532,2.906
1727.416,-1.344,1.533,2.927
1727.527,-1.322,1.534,2.942
1727.638,-1.306,1.534,2.954
1727.749,-1.292,1.536,2.960
1727.860,-1.279,1.538,2.965
1727.971,-1.278,1.541,2.974
1728.083,-1.290,1.544,2.985
1728.194,-1.313,1.548,2.994
1728.305,-1.349,1.550,2.998
1728.416,-1.393,1.552,2.998
1728.527,-1.445,1.554,2.997
1728.638,-1.489,1.553,2.994
1728.749,-1.528,1.549,2.987
1728.861,-1.563,1.543,2.981
1728.971,-1.596,1.544,2.980
1729.083,-1.619,1.545,2.984
1729.194,-1.631,1.544,2.989
1729.305,-1.629,1.548,2.991
1729.416,-1.620,1.545,2.998
1729.527,-1.612,1.545,3.006
1729.638,-1.605,1.545,3.008
1729.749,-1.598,1.544,3.007
1729.861,-1.593,1.545,3.005
1729.972,-1.589,1.548,3.001
1730.082,-1.590,1.546,2.994
1730.194,-1.597,1.543,2.986
1730.305,-1.608,1.539,2.979
1730.415,-1.621,1.536,2.974
1730.527,-1.629,1.536,2.981
1730.638,-1.627,1.542,2.998
1730.749,-1.611,1.545,3.023
1730.860,-1.587,1.550,3.052
1730.971,-1.557,1.557,3.088
1731.082,-1.525,1.560,3.127
1731.194,-1.497,1.561,3.167
1731.304,-1.468,1.558,3.202
1731.415,-1.442,1.555,3.233
1731.526,-1.418,1.553,3.257
1731.637,-1.399,1.551,3.275
1731.748,-1.384,1.550,3.290
1731.860,-1.373,1.547,3.302
1731.971,-1.366,1.544,3.312
1732.082,-1.363,1.545,3.322
1732.193,-1.361,1.550,3.327
1732.304,-1.363,1.556,3.327
1732.415,-1.372,1.560,3.323
1732.527,-1.386,1.563,3.313
1732.638,-1.405,1.565,3.299
1732.748,-1.427,1.569,3.279
1732.860,-1.451,1.573,3.255
1732.971,-1.469,1.573,3.228
1733.082,-1.488,1.566,3.210
1733.193,-1.505,1.565,3.201
1733.304,-1.521,1.563,3.198
1733.415,-1.535,1.565,3.199
1733.527,-1.547,1.567,3.200
1733.638,-1.558,1.570,3.197
1733.749,-1.571,1.568,3.192
1733.860,-1.581,1.566,3.188
1733.971,-1.589,1.557,3.184
1734.082,-1.596,1.546,3.177
1734.193,-1.602,1.543,3.171
1734.304,-1.606,1.544,3.164
1734.416,-1.609,1.543,3.156
1734.527,-1.609,1.537,3.148
1734.638,-1.606,1.538,3.140
1734.749,-1.600,1.535,3.132
1734.860,-1.587,1.535,3.126
1734.971,-1.566,1.540,3.122
1735.082,-1.549,1.548,3.120
1735.193,-1.524,1.550,3.122
1735.304,-1.498,1.542,3.122
1735.416,-1.471,1.530,3.124
1735.527,-1.442,1.531,3.127
1735.638,-1.411,1.534,3.125
1735.749,-1.380,1.534,3.115
1735.860,-1.353,1.527,3.100
1735.971,-1.331,1.520,3.090
1736.082,-1.312,1.519,3.090
1736.193,-1.294,1.520,3.101
1736.304,-1.282,1.523,3.115
1736.415,-1.282,1.530,3.129
1736.526,-1.293,1.542,3.144
1736.637,-1.311,1.548,3.162
1736.748,-1.330,1.551,3.187
1736.859,-1.352,1.554,3.221
1736.970,-1.375,1.561,3.261
1737.082,-1.403,1.561,3.302
1737.193,-1.437,1.566,3.337
1737.304,-1.471,1.565,3.368
1737.415,-1.500,1.563,3.396
1737.526,-1.522,1.566,3.420
1737.637,-1.537,1.570,3.443
1737.748,-1.533,1.578,3.466
1737.860,-1.521,1.581,3.483
1737.971,-1.514,1.579,3.487
1738.082,-1.511,1.577,3.483
1738.194,-1.506,1.576,3.475
1738.304,-1.498,1.575,3.461
1738.415,-1.483,1.573,3.441
1738.527,-1.453,1.572,3.417
1738.637,-1.416,1.575,3.393
1738.749,-1.367,1.573,3.368
1738.860,-1.314,1.573,3.334
1738.971,-1.267,1.570,3.300
1739.082,-1.232,1.571,3.269
1739.193,-1.210,1.572,3.247
1739.304,-1.198,1.571,3.232
1739.415,-1.192,1.571,3.221
1739.527,-1.187,1.572,3.216
1739.637,-1.177,1.572,3.215
1739.748,-1.167,1.571,3.216
1739.860,-1.160,1.571,3.221
1739.970,-1.158,1.573,3.223
1740.082,-1.162,1.573,3.224
1740.193,-1.175,1.573,3.228
1740.304,-1.199,1.574,3.241
1740.415,-1.229,1.575,3.260
1740.526,-1.265,1.577,3.282
1740.637,-1.303,1.580,3.305
1740.748,-1.345,1.580,3.325
1740.860,-1.387,1.577,3.345
1740.971,-1.431,1.576,3.360
1741.082,-1.475,1.571,3.373
1741.193,-1.515,1.569,3.387
1741.304,-1.546,1.569,3.402
1741.415,-1.564,1.569,3.417
1741.526,-1.567,1.572,3.433
1741.637,-1.559,1.578,3.450
1741.748,-1.548,1.583,3.458
1741.859,-1.536,1.583,3.456
1741.971,-1.520,1.579,3.448
1742.082,-1.510,1.577,3.435
1742.193,-1.504,1.573,3.417
1742.304,-1.498,1.570,3.392
1742.415,-1.483,1.566,3.363
1742.526,-1.455,1.562,3.337
1742.637,-1.414,1.565,3.310
1742.748,-1.371,1.569,3.280
1742.859,-1.331,1.571,3.245
1742.971,-1.293,1.566,3.208
1743.082,-1.259,1.558,3.176
1743.193,-1.232,1.554,3.156
1743.304,-1.214,1.551,3.141
1743.415,-1.205,1.550,3.127
1743.527,-1.204,1.547,3.119
1743.637,-1.206,1.546,3.124
1743.749,-1.210,1.549,3.139
1743.860,-1.220,1.557,3.157
1743.971,-1.242,1.556,3.191
1744.081,-1.270,1.565,3.240
1744.193,-1.310,1.568,3.291
1744.304,-1.359,1.567,3.339
1744.415,-1.409,1.560,3.378
1744.526,-1.453,1.555,3.407
1744.637,-1.488,1.558,3.433
1744.748,-1.513,1.561,3.459
1744.859,-1.529,1.565,3.481
1744.970,-1.534,1.569,3.500
1745.081,-1.529,1.572,3.518
1745.193,-1.519,1.575,3.526
1745.303,-1.506,1.575,3.523
1745.414,-1.494,1.572,3.507
1745.526,-1.481,1.566,3.477
1745.637,-1.463,1.560,3.440
1745.748,-1.434,1.551,3.398
1745.859,-1.392,1.543,3.357
1745.970,-1.339,1.549,3.312
1746.081,-1.283,1.558,3.271
1746.193,-1.237,1.557,3.236
1746.304,-1.202,1.557,3.206
1746.415,-1.184,1.557,3.185
1746.526,-1.179,1.555,3.164
1746.637,-1.186,1.554,3.146
1746.747,-1.198,1.556,3.136
1746.859,-1.212,1.558,3.136
1746.970,-1.227,1.563,3.143
1747.081,-1.253,1.568,3.151
1747.192,-1.287,1.572,3.155
1747.303,-1.329,1.578,3.155
1747.414,-1.371,1.578,3.156
1747.525,-1.407,1.576,3.155
1747.636,-1.429,1.578,3.148
1747.747,-1.442,1.579,3.132
1747.859,-1.442,1.576,3.105
1747.969,-1.439,1.572,3.074
1748.081,-1.429,1.570,3.039
1748.192,-1.417,1.574,2.999
1748.303,-1.407,1.574,2.959
1748.413,-1.405,1.577,2.920
1748.526,-1.413,1.580,2.882
1748.636,-1.437,1.578,2.843
1748.747,-1.470,1.574,2.803
1748.859,-1.505,1.580,2.764
1748.970,-1.534,1.582,2.729
1749.081,-1.555,1.584,2.699
1749.192,-1.571,1.586,2.676
1749.303,-1.584,1.587,2.662
1749.414,-1.595,1.586,2.653
1749.525,-1.602,1.587,2.650
1749.636,-1.606,1.589,2.649
1749.747,-1.607,1.592,2.645
1749.858,-1.607,1.594,2.638
1749.969,-1.606,1.593,2.634
1750.080,-1.598,1.589,2.641
1750.191,-1.580,1.584,2.663
1750.303,-1.552,1.574,2.695
1750.413,-1.516,1.555,2.729
1750.525,-1.475,1.530,2.764
1750.636,-1.440,1.513,2.796
1750.747,-1.419,1.511,2.823
1750.858,-1.408,1.510,2.844
1750.969,-1.402,1.509,2.856
1751.080,-1.401,1.509,2.863
1751.191,-1.402,1.509,2.867
1751.302,-1.405,1.509,2.872
1751.413,-1.411,1.510,2.877
1751.525,-1.417,1.512,2.882
1751.635,-1.425,1.513,2.884
1751.746,-1.438,1.515,2.883
1751.858,-1.467,1.521,2.878
1751.969,-1.519,1.531,2.871
1752.080,-1.577,1.531,2.859
1752.191,-1.637,1.533,2.836
1752.303,-1.693,1.533,2.814
1752.413,-1.740,1.538,2.790
1752.525,-1.777,1.541,2.766
1752.636,-1.805,1.542,2.742
1752.747,-1.823,1.542,2.720
1752.859,-1.832,1.540,2.705
1752.969,-1.835,1.539,2.701
1753.080,-1.833,1.540,2.703
1753.192,-1.829,1.542,2.712
1753.302,-1.823,1.544,2.724
1753.413,-1.817,1.546,2.736
1753.525,-1.816,1.548,2.745
1753.635,-1.823,1.550,2.745
1753.747,-1.836,1.549,2.736
1753.858,-1.849,1.546,2.717
1753.969,-1.860,1.540,2.699
1754.080,-1.866,1.535,2.690
1754.192,-1.866,1.535,2.693
1754.303,-1.857,1.539,2.706
1754.413,-1.837,1.545,2.730
1754.525,-1.802,1.547,2.765
1754.635,-1.748,1.536,2.804
1754.746,-1.683,1.516,2.842
1754.857,-1.624,1.501,2.878
1754.968,-1.577,1.495,2.912
1755.079,-1.537,1.493,2.943
1755.191,-1.506,1.492,2.971
1755.302,-1.480,1.495,2.995
1755.412,-1.460,1.498,3.016
1755.524,-1.445,1.500,3.030
1755.635,-1.435,1.502,3.037
1755.746,-1.427,1.504,3.036
1755.858,-1.420,1.508,3.026
1755.968,-1.413,1.511,3.009
1756.079,-1.404,1.513,2.985
1756.191,-1.394,1.525,2.951
1756.302,-1.387,1.539,2.913
1756.413,-1.379,1.551,2.879
1756.524,-1.370,1.559,2.851
1756.635,-1.357,1.568,2.831
1756.746,-1.336,1.577,2.820
1756.858,-1.310,1.579,2.819
1756.969,-1.285,1.581,2.825
1757.080,-1.260,1.581,2.830
1757.191,-1.243,1.582,2.826
1757.302,-1.238,1.584,2.815
1757.413,-1.245,1.586,2.796
1757.524,-1.259,1.589,2.770
1757.635,-1.274,1.591,2.743
1757.746,-1.288,1.592,2.718
1757.858,-1.299,1.592,2.697
1757.969,-1.307,1.592,2.680
1758.080,-1.310,1.589,2.674
1758.191,-1.305,1.584,2.687
1758.302,-1.284,1.571,2.715
1758.413,-1.246,1.541,2.747
1758.524,-1.201,1.507,2.784
1758.635,-1.166,1.485,2.822
1758.746,-1.145,1.477,2.852
1758.858,-1.132,1.476,2.874
1758.968,-1.126,1.476,2.892
1759.079,-1.123,1.476,2.905
1759.191,-1.123,1.477,2.911
1759.302,-1.124,1.478,2.912
1759.413,-1.126,1.479,2.910
1759.524,-1.128,1.480,2.906
1759.635,-1.128,1.482,2.901
1759.746,-1.128,1.484,2.898
1759.857,-1.124,1.489,2.898
1759.968,-1.118,1.496,2.905
1760.079,-1.112,1.506,2.914
1760.190,-1.109,1.529,2.918
1760.301,-1.105,1.550,2.917
1760.412,-1.094,1.557,2.905
1760.524,-1.080,1.557,2.880
1760.635,-1.067,1.554,2.846
1760.746,-1.050,1.556,2.805
1760.857,-1.025,1.561,2.758
1760.968,-0.999,1.564,2.709
1761.079,-0.975,1.563,2.664
1761.191,-0.956,1.558,2.633
1761.302,-0.943,1.556,2.616
1761.413,-0.937,1.555,2.615
1761.524,-0.936,1.554,2.629
1761.635,-0.936,1.550,2.663
1761.746,-0.933,1.540,2.713
1761.857,-0.927,1.527,2.768
1761.968,-0.923,1.511,2.821
1762.079,-0.921,1.498,2.865
1762.190,-0.922,1.492,2.897
1762.301,-0.929,1.489,2.919
1762.412,-0.939,1.485,2.932
1762.524,-0.950,1.485,2.936
1762.634,-0.965,1.486,2.933
1762.745,-0.978,1.489,2.927
1762.857,-0.993,1.489,2.927
1762.968,-1.004,1.492,2.926
1763.079,-1.011,1.496,2.926
1763.179,-1.014,1.501,2.924
1763.287,-1.016,1.508,2.923
1763.398,-1.014,1.519,2.923
1763.509,-1.019,1.539,2.917
1763.621,-1.023,1.552,2.918
1763.732,-1.024,1.558,2.916
1763.843,-1.031,1.566,2.906
1763.954,-1.046,1.570,2.888
1764.065,-1.064,1.572,2.860
1764.177,-1.090,1.574,2.822
1764.288,-1.113,1.579,2.783
1764.399,-1.132,1.584,2.751
1764.510,-1.148,1.584,2.727
1764.621,-1.157,1.576,2.709
1764.732,-1.164,1.570,2.697
1764.843,-1.171,1.569,2.695
1764.954,-1.176,1.567,2.704
1765.065,-1.174,1.563,2.727
1765.176,-1.165,1.561,2.764
1765.288,-1.145,1.561,2.804
1765.399,-1.119,1.558,2.842
1765.510,-1.091,1.552,2.874
1765.637,-1.071,1.549,2.895
1765.749,-1.058,1.550,2.922
1765.860,-1.061,1.548,2.939
1765.971,-1.068,1.547,2.953
1766.082,-1.076,1.547,2.961
1766.190,-1.089,1.546,2.968
1766.300,-1.110,1.545,2.975
1766.411,-1.134,1.540,2.981
1766.523,-1.161,1.532,2.990
1766.634,-1.177,1.531,3.008
1766.745,-1.180,1.537,3.027
1766.857,-1.173,1.542,3.047
1766.967,-1.155,1.548,3.065
1767.078,-1.134,1.550,3.081
1767.190,-1.118,1.548,3.094
1767.301,-1.121,1.551,3.109
1767.412,-1.143,1.554,3.121
1767.523,-1.178,1.554,3.121
1767.634,-1.221,1.550,3.110
1767.745,-1.262,1.548,3.089
1767.857,-1.294,1.544,3.066
1767.968,-1.318,1.541,3.051
1768.079,-1.337,1.542,3.044
1768.190,-1.352,1.542,3.045
1768.301,-1.363,1.544,3.054
1768.412,-1.368,1.545,3.072
1768.523,-1.369,1.544,3.100
1768.634,-1.368,1.543,3.139
1768.745,-1.365,1.541,3.187
1768.857,-1.363,1.539,3.237
1768.967,-1.362,1.538,3.285
1769.079,-1.363,1.535,3.329
1769.190,-1.366,1.533,3.364
1769.301,-1.365,1.533,3.392
1769.412,-1.357,1.535,3.413
1769.524,-1.336,1.533,3.434
1769.634,-1.304,1.529,3.460
1769.745,-1.268,1.524,3.482
1769.857,-1.231,1.523,3.495
1769.967,-1.194,1.526,3.501
1770.078,-1.162,1.527,3.508
1770.190,-1.138,1.524,3.516
1770.300,-1.123,1.524,3.531
1770.411,-1.117,1.523,3.558
1770.522,-1.121,1.519,3.597
1770.633,-1.137,1.514,3.645
1770.744,-1.164,1.513,3.698
1770.855,-1.187,1.513,3.751
1770.967,-1.200,1.505,3.796
1771.077,-1.199,1.503,3.834
1771.189,-1.190,1.502,3.873
1771.299,-1.173,1.497,3.913
1771.411,-1.146,1.492,3.955
1771.522,-1.107,1.488,3.993
1771.633,-1.058,1.494,4.037
1771.744,-1.011,1.498,4.083
1771.855,-0.978,1.493,4.125
1771.966,-0.957,1.495,4.164
1772.077,-0.938,1.495,4.203
1772.188,-0.923,1.492,4.245
1772.299,-0.919,1.491,4.282
1772.411,-0.937,1.495,4.323
1772.523,-0.962,1.500,4.371
1772.633,-0.983,1.498,4.414
1772.744,-1.000,1.496,4.456
1772.855,-1.009,1.498,4.496
1772.966,-1.003,1.494,4.532
1773.077,-0.981,1.494,4.562
1773.189,-0.947,1.498,4.582
1773.300,-0.909,1.502,4.590
1773.411,-0.875,1.506,4.581
1773.523,-0.856,1.511,4.543
1773.634,-0.855,1.515,4.497
1773.745,-0.861,1.516,4.459
1773.857,-0.862,1.522,4.422
1773.967,-0.856,1.526,4.382
1774.079,-0.839,1.525,4.335
1774.190,-0.806,1.524,4.275
1774.301,-0.763,1.522,4.204
1774.412,-0.718,1.525,4.133
1774.524,-0.673,1.530,4.078
1774.635,-0.627,1.534,4.036
1774.745,-0.579,1.531,4.006
1774.857,-0.527,1.525,3.987
1774.967,-0.470,1.518,3.980
1775.078,-0.404,1.517,3.979
1775.190,-0.337,1.522,3.977
1775.301,-0.287,1.524,3.968
1775.412,-0.247,1.530,3.955
1775.523,-0.205,1.531,3.935
1775.634,-0.157,1.529,3.911
1775.745,-0.107,1.528,3.881
1775.857,-0.051,1.534,3.849
1775.968,-0.002,1.533,3.824
1776.079,0.033,1.530,3.806
1776.190,0.048,1.528,3.795
1776.301,0.049,1.528,3.791
1776.412,0.041,1.528,3.794
1776.524,0.023,1.529,3.804
1776.634,-0.007,1.527,3.821
1776.746,-0.045,1.525,3.842
1776.857,-0.085,1.519,3.865
1776.968,-0.119,1.510,3.890
1777.078,-0.147,1.500,3.912
1777.190,-0.169,1.492,3.930
1777.301,-0.187,1.483,3.939
1777.412,-0.206,1.478,3.935
1777.523,-0.229,1.477,3.919
1777.634,-0.262,1.474,3.893
1777.745,-0.304,1.468,3.858
1777.856,-0.354,1.460,3.818
1777.967,-0.407,1.454,3.777
1778.078,-0.462,1.444,3.740
1778.189,-0.514,1.435,3.712
1778.300,-0.560,1.426,3.694
1778.411,-0.598,1.415,3.685
1778.522,-0.628,1.411,3.683
1778.632,-0.646,1.412,3.683
1778.743,-0.657,1.412,3.685
1778.855,-0.660,1.416,3.695
1778.966,-0.661,1.422,3.716
1779.077,-0.662,1.427,3.741
1779.188,-0.662,1.433,3.770
1779.299,-0.661,1.438,3.802
1779.410,-0.663,1.444,3.837
1779.522,-0.666,1.450,3.872
1779.633,-0.670,1.449,3.905
1779.744,-0.675,1.449,3.945
1779.855,-0.689,1.456,3.983
1779.965,-0.709,1.460,3.998
1780.077,-0.725,1.463,3.996
1780.188,-0.727,1.466,3.970
1780.299,-0.717,1.478,3.923
1780.411,-0.715,1.491,3.883
1780.522,-0.719,1.502,3.857
1780.633,-0.724,1.510,3.838
1780.744,-0.729,1.516,3.821
1780.855,-0.733,1.521,3.807
1780.967,-0.737,1.524,3.794
1781.078,-0.738,1.527,3.782
1781.189,-0.736,1.528,3.772
1781.300,-0.727,1.526,3.766
1781.411,-0.706,1.526,3.767
1781.522,-0.670,1.525,3.778
1781.633,-0.629,1.519,3.802
1781.744,-0.586,1.519,3.835
1781.856,-0.545,1.523,3.863
1781.967,-0.504,1.528,3.880
1782.078,-0.458,1.530,3.886
1782.189,-0.405,1.525,3.882
1782.300,-0.343,1.518,3.866
1782.411,-0.272,1.513,3.843
1782.523,-0.199,1.517,3.821
1782.634,-0.136,1.516,3.805
1782.745,-0.090,1.510,3.796
1782.856,-0.063,1.505,3.795
1782.967,-0.054,1.505,3.800
1783.078,-0.062,1.508,3.811
1783.190,-0.088,1.508,3.830
1783.300,-0.134,1.499,3.862
1783.411,-0.200,1.486,3.905
1783.521,-0.278,1.471,3.942
1783.632,-0.347,1.461,3.967
1783.743,-0.401,1.457,3.983
1783.855,-0.443,1.458,3.992
1783.965,-0.475,1.462,3.992
1784.076,-0.500,1.467,3.991
1784.188,-0.519,1.469,3.991
1784.298,-0.532,1.469,3.993
1784.410,-0.541,1.468,3.996
1784.521,-0.545,1.468,3.997
1784.632,-0.543,1.468,3.990
1784.743,-0.535,1.469,3.977
1784.854,-0.521,1.473,3.958
1784.966,-0.502,1.477,3.926
1785.077,-0.484,1.480,3.883
1785.188,-0.473,1.483,3.832
1785.300,-0.469,1.484,3.780
1785.411,-0.469,1.483,3.729
1785.522,-0.479,1.484,3.675
1785.633,-0.511,1.491,3.633
1785.745,-0.551,1.498,3.621
1785.856,-0.596,1.509,3.630
1785.966,-0.638,1.527,3.655
1786.078,-0.662,1.529,3.688
1786.189,-0.678,1.527,3.716
1786.300,-0.694,1.533,3.735
1786.411,-0.714,1.538,3.746
1786.522,-0.734,1.540,3.751
1786.633,-0.757,1.542,3.748
1786.745,-0.782,1.548,3.738
1786.855,-0.807,1.550,3.725
1786.966,-0.832,1.552,3.710
1787.077,-0.853,1.554,3.695
1787.189,-0.871,1.555,3.680
1787.300,-0.887,1.553,3.666
1787.410,-0.899,1.550,3.655
1787.522,-0.909,1.548,3.646
1787.633,-0.918,1.547,3.639
1787.744,-0.926,1.546,3.633
1787.855,-0.932,1.546,3.629
1787.966,-0.937,1.546,3.624
1788.077,-0.938,1.546,3.618
1788.188,-0.939,1.545,3.614
1788.299,-0.940,1.544,3.612
1788.410,-0.937,1.543,3.615
1788.522,-0.928,1.543,3.621
1788.633,-0.914,1.544,3.630
1788.744,-0.893,1.545,3.642
1788.855,-0.867,1.546,3.657
1788.966,-0.841,1.545,3.676
1789.077,-0.819,1.544,3.696
1789.188,-0.802,1.544,3.712
1789.300,-0.786,1.541,3.724
1789.411,-0.778,1.539,3.731
1789.522,-0.776,1.542,3.731
1789.633,-0.759,1.539,3.727
1789.744,-0.715,1.523,3.758
1789.855,-0.724,1.503,3.827
1789.965,-0.781,1.495,3.861
1790.077,-0.832,1.500,3.874
1790.187,-0.878,1.506,3.885
1790.299,-0.917,1.510,3.901
1790.410,-0.958,1.513,3.926
1790.521,-1.004,1.513,3.964
1790.632,-1.063,1.509,4.012
1790.743,-1.129,1.506,4.071
1790.854,-1.184,1.511,4.136
1790.965,-1.225,1.516,4.209
1791.076,-1.253,1.509,4.289
1791.187,-1.268,1.494,4.376
1791.298,-1.269,1.482,4.471
1791.410,-1.266,1.486,4.570
1791.521,-1.277,1.497,4.655
1791.631,-1.296,1.502,4.736
1791.743,-1.324,1.492,4.816
1791.855,-1.360,1.481,4.889
1791.966,-1.394,1.485,4.961
1792.077,-1.420,1.495,5.034
1792.187,-1.425,1.501,5.103
1792.298,-1.415,1.495,5.172
1792.410,-1.390,1.482,5.240
1792.521,-1.347,1.471,5.307
1792.632,-1.294,1.467,5.377
1792.744,-1.253,1.466,5.437
1792.855,-1.221,1.463,5.481
1792.966,-1.195,1.455,5.508
1793.077,-1.175,1.443,5.521
1793.188,-1.161,1.438,5.519
1793.299,-1.155,1.438,5.510
1793.410,-1.157,1.439,5.501
1793.522,-1.170,1.440,5.492
1793.632,-1.196,1.445,5.483
1793.744,-1.236,1.452,5.469
1793.855,-1.293,1.460,5.452
1793.966,-1.354,1.466,5.434
1794.077,-1.409,1.465,5.419
1794.188,-1.453,1.463,5.408
1794.299,-1.484,1.461,5.402
1794.410,-1.506,1.463,5.393
1794.521,-1.517,1.461,5.378
1794.632,-1.512,1.460,5.360
1794.743,-1.490,1.457,5.341
1794.854,-1.460,1.448,5.328
1794.965,-1.450,1.437,5.326
1795.076,-1.463,1.433,5.341
1795.187,-1.495,1.430,5.363
1795.298,-1.521,1.427,5.381
1795.409,-1.543,1.425,5.396
1795.519,-1.556,1.422,5.408
1795.630,-1.563,1.419,5.415
1795.742,-1.565,1.417,5.415
1795.853,-1.567,1.417,5.409
1795.963,-1.570,1.423,5.396
1796.075,-1.575,1.430,5.374
1796.186,-1.581,1.436,5.343
1796.297,-1.581,1.444,5.306
1796.408,-1.578,1.449,5.266
1796.519,-1.572,1.453,5.228
1796.630,-1.566,1.454,5.192
1796.742,-1.562,1.457,5.161
1796.853,-1.556,1.458,5.138
1796.964,-1.546,1.460,5.122
1797.075,-1.529,1.461,5.112
1797.186,-1.506,1.461,5.103
1797.298,-1.481,1.461,5.096
1797.409,-1.454,1.465,5.091
1797.520,-1.426,1.466,5.077
1797.631,-1.405,1.469,5.050
1797.742,-1.388,1.476,5.010
1797.854,-1.372,1.486,4.959
1797.965,-1.358,1.494,4.897
1798.076,-1.350,1.496,4.825
1798.187,-1.341,1.503,4.748
1798.299,-1.330,1.513,4.681
1798.410,-1.311,1.519,4.629
1798.521,-1.282,1.524,4.584
1798.632,-1.242,1.519,4.539
1798.743,-1.186,1.509,4.506
1798.854,-1.115,1.498,4.501
1798.966,-1.040,1.501,4.497
1799.076,-0.977,1.507,4.478
1799.187,-0.924,1.519,4.436
1799.299,-0.885,1.531,4.368
1799.410,-0.861,1.531,4.306
1799.521,-0.829,1.526,4.256
1799.632,-0.786,1.529,4.219
1799.743,-0.737,1.533,4.206
1799.854,-0.692,1.538,4.210
1799.966,-0.650,1.538,4.229
1800.077,-0.612,1.532,4.267
1800.188,-0.570,1.529,4.324
1800.299,-0.528,1.532,4.379
1800.410,-0.497,1.537,4.419
1800.522,-0.469,1.537,4.448
1800.632,-0.440,1.539,4.467
1800.744,-0.410,1.537,4.474
1800.855,-0.379,1.533,4.470
1800.966,-0.346,1.532,4.461
1801.077,-0.315,1.534,4.451
1801.188,-0.287,1.530,4.443
1801.299,-0.264,1.527,4.451
1801.410,-0.244,1.528,4.478
1801.521,-0.229,1.525,4.528
1801.632,-0.219,1.526,4.593
1801.743,-0.208,1.530,4.657
1801.854,-0.197,1.531,4.710
1801.965,-0.186,1.532,4.754
1802.076,-0.172,1.533,4.790
1802.187,-0.156,1.535,4.811
1802.298,-0.131,1.534,4.820
1802.410,-0.101,1.528,4.819
1802.521,-0.072,1.525,4.810
1802.632,-0.042,1.525,4.798
1802.743,-0.015,1.525,4.785
1802.854,0.008,1.520,4.774
1802.965,0.034,1.513,4.767
1803.076,0.059,1.506,4.768
1803.187,0.067,1.500,4.786
1803.298,0.063,1.497,4.825
1803.410,0.056,1.501,4.880
1803.520,0.052,1.507,4.937
1803.632,0.049,1.506,4.987
1803.742,0.047,1.509,5.029
1803.854,0.047,1.514,5.061
1803.965,0.048,1.518,5.083
1804.076,0.051,1.521,5.094
1804.187,0.054,1.522,5.094
1804.298,0.060,1.523,5.080
1804.409,0.069,1.521,5.055
1804.520,0.086,1.515,5.018
1804.631,0.128,1.486,4.975
1804.743,0.199,1.441,4.954
1804.854,0.257,1.401,4.959
1804.965,0.297,1.359,4.964
1805.076,0.329,1.308,4.971
1805.188,0.354,1.254,4.979
1805.299,0.373,1.209,4.984
1805.410,0.384,1.178,4.984
1805.521,0.388,1.155,4.976
1805.632,0.386,1.136,4.960
1805.743,0.379,1.124,4.940
1805.854,0.368,1.123,4.922
1805.965,0.359,1.132,4.910
1806.076,0.351,1.139,4.903
1806.188,0.346,1.143,4.899
1806.299,0.342,1.163,4.895
1806.410,0.335,1.209,4.894
1806.520,0.321,1.269,4.902
1806.632,0.302,1.328,4.920
1806.743,0.281,1.385,4.943
1806.854,0.258,1.434,4.974
1806.965,0.232,1.476,5.012
1807.077,0.204,1.513,5.061
1807.187,0.178,1.549,5.110
1807.298,0.163,1.577,5.151
1807.409,0.144,1.595,5.177
1807.521,0.115,1.608,5.187
1807.632,0.088,1.613,5.192
1807.743,0.074,1.619,5.199
1807.854,0.071,1.620,5.212
1807.965,0.074,1.622,5.233
1808.077,0.084,1.620,5.253
1808.188,0.094,1.618,5.272
1808.299,0.102,1.617,5.289
1808.410,0.113,1.610,5.295
1808.521,0.129,1.581,5.288
1808.631,0.145,1.538,5.280
1808.743,0.158,1.511,5.273
1808.853,0.165,1.493,5.267
1808.964,0.164,1.479,5.260
1809.076,0.162,1.468,5.252
1809.187,0.156,1.464,5.245
1809.298,0.141,1.457,5.246
1809.409,0.119,1.457,5.263
1809.520,0.092,1.461,5.287
1809.631,0.059,1.463,5.318
1809.742,0.026,1.462,5.355
1809.853,-0.006,1.460,5.400
1809.964,-0.038,1.455,5.443
1810.075,-0.069,1.451,5.476
1810.186,-0.094,1.449,5.502
1810.297,-0.116,1.448,5.520
1810.408,-0.132,1.449,5.532
1810.519,-0.142,1.451,5.539
1810.630,-0.143,1.453,5.544
1810.742,-0.138,1.455,5.549
1810.852,-0.126,1.457,5.553
1810.963,-0.107,1.459,5.557
1811.075,-0.081,1.462,5.566
1811.186,-0.054,1.462,5.574
1811.297,-0.029,1.461,5.583
1811.408,-0.009,1.459,5.591
1811.519,0.006,1.456,5.599
1811.630,0.013,1.446,5.609
1811.742,0.010,1.433,5.621
1811.853,-0.014,1.427,5.633
1811.963,-0.050,1.424,5.643
1812.075,-0.090,1.426,5.652
1812.186,-0.121,1.428,5.655
1812.297,-0.148,1.428,5.657
1812.409,-0.171,1.428,5.657
1812.519,-0.191,1.429,5.658
1812.631,-0.207,1.429,5.657
1812.741,-0.217,1.430,5.658
1812.852,-0.219,1.431,5.660
1812.964,-0.207,1.430,5.668
1813.075,-0.175,1.429,5.678
1813.186,-0.131,1.428,5.683
1813.297,-0.081,1.423,5.677
1813.409,-0.021,1.419,5.661
1813.519,0.046,1.412,5.634
1813.631,0.106,1.405,5.595
1813.742,0.147,1.403,5.561
1813.853,0.171,1.404,5.536
1813.964,0.182,1.406,5.518
1814.076,0.187,1.409,5.508
1814.187,0.188,1.410,5.503
1814.297,0.187,1.412,5.500
1814.409,0.186,1.412,5.499
1814.520,0.185,1.408,5.504
1814.631,0.179,1.404,5.517
1814.742,0.163,1.403,5.541
1814.853,0.137,1.404,5.579
1814.964,0.099,1.403,5.631
1815.075,0.056,1.401,5.697
1815.187,0.012,1.387,5.767
1815.297,-0.021,1.370,5.834
1815.409,-0.035,1.333,5.898
1815.519,-0.041,1.261,5.958
1815.630,-0.035,1.168,6.004
1815.742,-0.029,1.056,6.032
1815.853,-0.025,0.938,6.049
1815.964,-0.024,0.833,6.056
1816.075,-0.025,0.748,6.060
1816.186,-0.027,0.696,6.061
1816.299,-0.028,0.689,6.063
1816.409,-0.025,0.735,6.065
1816.520,-0.022,0.826,6.068
1816.631,-0.021,0.943,6.071
1816.742,-0.020,1.070,6.068
1816.854,-0.015,1.197,6.050
1816.964,-0.005,1.305,6.010
1817.076,0.010,1.388,5.953
1817.187,0.027,1.445,5.876
1817.298,0.039,1.474,5.787
1817.409,0.039,1.483,5.696
1817.520,0.020,1.485,5.627
1817.631,-0.012,1.491,5.585
1817.742,-0.051,1.498,5.574
1817.854,-0.097,1.507,5.587
1817.964,-0.140,1.517,5.614
1818.076,-0.176,1.517,5.642
1818.187,-0.205,1.514,5.660
1818.298,-0.232,1.523,5.663
1818.409,-0.261,1.526,5.656
1818.520,-0.289,1.529,5.634
1818.631,-0.313,1.530,5.590
1818.742,-0.342,1.530,5.532
1818.853,-0.375,1.532,5.478
1818.964,-0.398,1.539,5.435
1819.075,-0.408,1.545,5.390
1819.186,-0.409,1.546,5.339
1819.297,-0.400,1.540,5.284
1819.408,-0.377,1.530,5.224
1819.519,-0.343,1.524,5.153
1819.630,-0.311,1.531,5.073
1819.742,-0.292,1.540,5.000
1819.853,-0.281,1.545,4.929
1819.964,-0.277,1.541,4.857
1820.075,-0.281,1.529,4.780
1820.186,-0.295,1.521,4.698
1820.297,-0.314,1.529,4.606
1820.409,-0.321,1.537,4.515
1820.520,-0.314,1.542,4.434
1820.631,-0.299,1.541,4.360
1820.742,-0.276,1.530,4.294
1820.853,-0.240,1.524,4.231
1820.964,-0.194,1.537,4.163
1821.076,-0.160,1.555,4.093
1821.187,-0.143,1.559,4.016
1821.297,-0.135,1.556,3.935
1821.409,-0.138,1.544,3.842
1821.520,-0.153,1.525,3.743
1821.631,-0.175,1.520,3.641
1821.742,-0.183,1.516,3.540
1821.853,-0.176,1.501,3.456
1821.964,-0.169,1.491,3.375
1822.075,-0.157,1.475,3.288
1822.187,-0.137,1.455,3.197
1822.297,-0.109,1.450,3.099
1822.409,-0.089,1.461,3.005
1822.520,-0.084,1.471,2.923
1822.631,-0.085,1.475,2.843
1822.742,-0.090,1.464,2.760
1822.853,-0.103,1.451,2.675
1822.964,-0.128,1.455,2.584
1823.075,-0.146,1.469,2.496
1823.187,-0.143,1.472,2.420
1823.298,-0.133,1.473,2.347
1823.409,-0.120,1.465,2.272
1823.520,-0.097,1.453,2.196
1823.631,-0.064,1.451,2.119
1823.742,-0.035,1.462,2.040
1823.853,-0.021,1.470,1.968
1823.964,-0.016,1.474,1.902
1824.075,-0.016,1.469,1.834
1824.186,-0.028,1.461,1.767
1824.297,-0.048,1.460,1.695
1824.408,-0.064,1.470,1.620
1824.520,-0.064,1.474,1.556
1824.631,-0.055,1.478,1.501
1824.742,-0.031,1.479,1.447
1824.853,-0.001,1.472,1.397
1824.964,0.043,1.466,1.349
1825.075,0.090,1.468,1.301
1825.186,0.124,1.471,1.250
1825.298,0.137,1.470,1.204
1825.409,0.144,1.471,1.158
1825.520,0.149,1.466,1.113
1825.648,0.148,1.464,1.073
1825.748,0.133,1.471,1.019
1825.859,0.123,1.482,0.976
1825.970,0.119,1.484,0.942
1826.082,0.125,1.487,0.912
1826.186,0.139,1.485,0.888
1826.297,0.165,1.481,0.870
1826.408,0.196,1.481,0.854
1826.519,0.225,1.478,0.827
1826.630,0.239,1.477,0.794
1826.741,0.242,1.479,0.763
1826.853,0.236,1.479,0.739
1826.964,0.232,1.482,0.715
1827.074,0.227,1.478,0.696
1827.186,0.220,1.480,0.685
1827.297,0.212,1.481,0.681
1827.408,0.207,1.483,0.679
1827.519,0.204,1.483,0.679
1827.630,0.202,1.484,0.685
1827.742,0.200,1.484,0.696
1827.853,0.198,1.486,0.706
1827.964,0.195,1.488,0.712
1828.075,0.191,1.488,0.716
1828.186,0.187,1.490,0.717
1828.297,0.183,1.492,0.716
1828.408,0.178,1.494,0.715
1828.519,0.174,1.496,0.714
1828.630,0.168,1.499,0.711
1828.742,0.164,1.502,0.706
1828.853,0.160,1.504,0.699
1828.964,0.156,1.507,0.692
1829.075,0.153,1.508,0.684
1829.186,0.153,1.510,0.679
1829.297,0.152,1.511,0.675
1829.408,0.152,1.511,0.674
1829.519,0.151,1.510,0.674
1829.630,0.151,1.511,0.675
1829.742,0.151,1.511,0.673
1829.853,0.152,1.511,0.671
1829.964,0.155,1.512,0.667
1830.075,0.158,1.511,0.665
1830.186,0.161,1.510,0.666
1830.297,0.166,1.508,0.670
1830.408,0.172,1.506,0.677
1830.520,0.178,1.505,0.687
1830.631,0.186,1.503,0.699
1830.742,0.196,1.501,0.714
1830.853,0.208,1.498,0.733
1830.964,0.222,1.494,0.754
1831.075,0.237,1.489,0.779
1831.186,0.252,1.483,0.805
1831.297,0.264,1.476,0.830
1831.408,0.276,1.468,0.854
1831.520,0.283,1.459,0.874
1831.630,0.286,1.453,0.888
1831.742,0.289,1.451,0.898
1831.853,0.292,1.451,0.903
1831.964,0.292,1.450,0.903
1832.075,0.299,1.456,0.881
1832.186,0.307,1.464,0.832
1832.297,0.294,1.469,0.775
1832.408,0.254,1.476,0.729
1832.520,0.199,1.484,0.702
1832.630,0.140,1.490,0.687
1832.742,0.076,1.496,0.680
1832.853,0.007,1.502,0.677
1832.964,-0.061,1.509,0.679
1833.075,-0.121,1.512,0.684
1833.186,-0.169,1.518,0.693
1833.297,-0.202,1.523,0.702
1833.408,-0.220,1.524,0.709
1833.520,-0.221,1.525,0.719
1833.631,-0.202,1.524,0.734
1833.742,-0.174,1.524,0.745
1833.853,-0.148,1.521,0.748
1833.964,-0.123,1.516,0.742
1834.075,-0.101,1.506,0.734
1834.186,-0.089,1.503,0.736
1834.297,-0.089,1.508,0.749
1834.408,-0.100,1.507,0.766
1834.520,-0.125,1.506,0.783
1834.631,-0.159,1.507,0.796
1834.742,-0.193,1.505,0.807
1834.853,-0.225,1.502,0.819
1834.964,-0.258,1.502,0.832
1835.075,-0.288,1.505,0.845
1835.187,-0.310,1.505,0.860
1835.298,-0.320,1.502,0.872
1835.409,-0.324,1.496,0.879
1835.520,-0.336,1.490,0.886
1835.630,-0.357,1.488,0.892
1835.742,-0.373,1.486,0.895
1835.854,-0.386,1.486,0.888
1835.964,-0.392,1.485,0.866
1836.075,-0.398,1.481,0.834
1836.186,-0.399,1.476,0.798
1836.297,-0.404,1.474,0.766
1836.408,-0.417,1.472,0.751
1836.519,-0.438,1.477,0.751
1836.630,-0.459,1.479,0.760
1836.742,-0.485,1.485,0.777
1836.853,-0.525,1.492,0.797
1836.964,-0.547,1.488,0.799
1837.075,-0.550,1.486,0.790
1837.186,-0.545,1.485,0.771
1837.297,-0.528,1.481,0.735
1837.408,-0.499,1.473,0.686
1837.519,-0.466,1.468,0.633
1837.630,-0.435,1.468,0.586
1837.742,-0.412,1.469,0.554
1837.853,-0.394,1.468,0.530
1837.965,-0.381,1.464,0.508
1838.075,-0.375,1.459,0.495
1838.186,-0.371,1.458,0.492
1838.297,-0.368,1.459,0.499
1838.408,-0.371,1.465,0.516
1838.519,-0.384,1.474,0.534
1838.630,-0.395,1.476,0.544
1838.741,-0.397,1.477,0.553
1838.852,-0.384,1.483,0.563
1838.963,-0.359,1.485,0.572
1839.074,-0.321,1.484,0.577
1839.185,-0.270,1.480,0.577
1839.296,-0.207,1.476,0.575
1839.407,-0.145,1.470,0.570
1839.518,-0.100,1.465,0.566
1839.630,-0.069,1.461,0.559
1839.741,-0.048,1.457,0.554
1839.852,-0.036,1.454,0.551
1839.963,-0.031,1.451,0.546
1840.074,-0.029,1.450,0.543
1840.185,-0.033,1.450,0.542
1840.297,-0.041,1.453,0.544
1840.408,-0.052,1.458,0.547
1840.519,-0.063,1.464,0.553
1840.630,-0.075,1.469,0.559
1840.741,-0.087,1.473,0.563
1840.852,-0.096,1.474,0.563
1840.963,-0.098,1.472,0.557
1841.074,-0.098,1.466,0.548
1841.185,-0.094,1.457,0.538
1841.297,-0.089,1.450,0.531
1841.408,-0.084,1.446,0.527
1841.519,-0.080,1.447,0.528
1841.630,-0.078,1.450,0.533
1841.741,-0.082,1.456,0.540
1841.852,-0.095,1.463,0.549
1841.963,-0.114,1.468,0.558
1842.075,-0.137,1.472,0.563
1842.185,-0.171,1.474,0.564
1842.297,-0.218,1.473,0.563
1842.408,-0.268,1.472,0.557
1842.519,-0.315,1.468,0.547
1842.630,-0.352,1.462,0.536
1842.741,-0.382,1.458,0.527
1842.852,-0.404,1.457,0.521
1842.963,-0.418,1.458,0.517
1843.075,-0.426,1.460,0.515
1843.186,-0.428,1.463,0.517
1843.297,-0.421,1.467,0.527
1843.408,-0.403,1.475,0.543
1843.519,-0.376,1.484,0.563
1843.630,-0.348,1.490,0.581
1843.741,-0.321,1.489,0.598
1843.852,-0.303,1.488,0.608
1843.964,-0.299,1.487,0.609
1844.074,-0.310,1.483,0.598
1844.185,-0.330,1.476,0.575
1844.297,-0.353,1.467,0.551
1844.407,-0.368,1.461,0.532
1844.519,-0.374,1.461,0.522
1844.630,-0.372,1.465,0.523
1844.741,-0.363,1.471,0.532
1844.852,-0.349,1.480,0.549
1844.963,-0.332,1.489,0.572
1845.075,-0.317,1.496,0.594
1845.186,-0.312,1.501,0.611
1845.297,-0.326,1.502,0.633
1845.408,-0.359,1.503,0.666
1845.519,-0.404,1.504,0.705
1845.630,-0.461,1.502,0.748
1845.741,-0.529,1.498,0.802
1845.852,-0.603,1.500,0.853
1845.963,-0.665,1.505,0.888
1846.074,-0.723,1.508,0.901
1846.185,-0.780,1.503,0.895
1846.297,-0.839,1.495,0.876
1846.407,-0.901,1.486,0.844
1846.519,-0.971,1.490,0.804
1846.630,-1.040,1.505,0.774
1846.741,-1.109,1.516,0.757
1846.852,-1.185,1.518,0.743
1846.963,-1.263,1.510,0.731
1847.074,-1.342,1.504,0.725
1847.185,-1.424,1.511,0.712
1847.296,-1.499,1.517,0.682
1847.407,-1.568,1.513,0.639
1847.518,-1.625,1.499,0.587
1847.630,-1.670,1.495,0.527
1847.741,-1.715,1.493,0.478
1847.852,-1.764,1.493,0.438
1847.963,-1.813,1.485,0.405
1848.074,-1.863,1.472,0.381
1848.185,-1.919,1.460,0.359
1848.297,-1.970,1.453,0.344
1848.408,-2.006,1.449,0.338
1848.519,-2.032,1.447,0.336
1848.630,-2.055,1.443,0.333
1848.741,-2.075,1.437,0.330
1848.852,-2.089,1.427,0.324
1848.963,-2.097,1.416,0.316
1849.074,-2.097,1.409,0.310
1849.185,-2.091,1.405,0.309
1849.296,-2.082,1.407,0.312
1849.407,-2.072,1.414,0.323
1849.519,-2.058,1.425,0.334
1849.629,-2.039,1.436,0.349
1849.741,-2.002,1.452,0.368
1849.852,-1.938,1.471,0.392
1849.963,-1.853,1.485,0.433
1850.074,-1.766,1.488,0.488
1850.185,-1.686,1.489,0.546
1850.296,-1.624,1.493,0.593
1850.407,-1.577,1.501,0.620
1850.519,-1.536,1.501,0.630
1850.629,-1.500,1.496,0.620
1850.740,-1.463,1.488,0.590
1850.852,-1.423,1.479,0.547
1850.963,-1.380,1.476,0.496
1851.074,-1.344,1.480,0.455
1851.185,-1.313,1.480,0.432
1851.296,-1.289,1.484,0.420
1851.407,-1.266,1.487,0.410
1851.518,-1.239,1.488,0.399
1851.629,-1.204,1.487,0.386
1851.741,-1.162,1.482,0.369
1851.852,-1.112,1.477,0.347
1851.963,-1.060,1.471,0.320
1852.074,-1.017,1.459,0.300
1852.185,-0.985,1.450,0.289
1852.296,-0.965,1.447,0.287
1852.407,-0.954,1.449,0.292
1852.519,-0.951,1.455,0.299
1852.630,-0.956,1.460,0.308
1852.740,-0.969,1.466,0.325
1852.852,-0.991,1.474,0.351
1852.963,-1.029,1.483,0.385
1853.074,-1.077,1.490,0.432
1853.185,-1.133,1.495,0.490
1853.296,-1.192,1.499,0.550
1853.407,-1.247,1.499,0.604
1853.518,-1.295,1.504,0.639
1853.629,-1.344,1.504,0.651
1853.740,-1.395,1.497,0.641
1853.851,-1.443,1.486,0.609
1853.963,-1.483,1.480,0.560
1854.074,-1.522,1.487,0.509
1854.185,-1.558,1.491,0.474
1854.296,-1.592,1.493,0.449
1854.407,-1.630,1.491,0.426
1854.518,-1.674,1.485,0.406
1854.629,-1.728,1.476,0.388
1854.740,-1.795,1.467,0.374
1854.852,-1.865,1.466,0.355
1854.963,-1.917,1.456,0.341
1855.073,-1.955,1.450,0.329
1855.185,-1.983,1.444,0.320
1855.298,-2.003,1.438,0.311
1855.407,-2.017,1.434,0.305
1855.518,-2.024,1.432,0.302
1855.630,-2.028,1.432,0.303
1855.740,-2.031,1.435,0.306
1855.851,-2.034,1.437,0.309
1855.962,-2.037,1.440,0.313
1856.074,-2.041,1.441,0.318
1856.185,-2.048,1.439,0.322
1856.296,-2.056,1.436,0.325
1856.407,-2.064,1.432,0.327
1856.518,-2.072,1.428,0.325
1856.629,-2.079,1.422,0.323
1856.740,-2.086,1.416,0.321
1856.851,-2.090,1.411,0.320
1856.962,-2.090,1.409,0.321
1857.073,-2.088,1.412,0.323
1857.185,-2.084,1.416,0.326
1857.295,-2.075,1.422,0.328
1857.407,-2.058,1.428,0.329
1857.518,-2.027,1.436,0.331
1857.629,-1.977,1.448,0.338
1857.740,-1.906,1.459,0.356
1857.851,-1.828,1.467,0.389
1857.962,-1.747,1.475,0.434
1858.073,-1.667,1.480,0.498
1858.185,-1.594,1.484,0.566
1858.295,-1.532,1.496,0.617
1858.407,-1.473,1.503,0.650
1858.518,-1.411,1.504,0.666
1858.628,-1.344,1.499,0.667
1858.740,-1.282,1.481,0.643
1858.851,-1.216,1.473,0.595
1858.962,-1.163,1.464,0.558
1859.073,-1.116,1.464,0.538
1859.184,-1.075,1.465,0.532
1859.296,-1.037,1.466,0.541
1859.406,-0.999,1.470,0.568
1859.518,-0.951,1.475,0.605
1859.629,-0.906,1.479,0.634
1859.740,-0.872,1.479,0.644
1859.851,-0.851,1.477,0.637
1859.962,-0.849,1.474,0.618
1860.073,-0.864,1.472,0.590
1860.183,-0.886,1.471,0.560
1860.295,-0.908,1.469,0.531
1860.406,-0.925,1.466,0.505
1860.517,-0.931,1.462,0.480
1860.628,-0.928,1.463,0.452
1860.740,-0.920,1.460,0.426
1860.851,-0.905,1.459,0.408
1860.963,-0.888,1.462,0.391
1861.073,-0.873,1.464,0.378
1861.184,-0.860,1.466,0.370
1861.296,-0.852,1.467,0.366
1861.406,-0.850,1.467,0.368
1861.517,-0.856,1.468,0.378
1861.629,-0.872,1.472,0.398
1861.740,-0.897,1.475,0.424
1861.851,-0.929,1.476,0.457
1861.962,-0.969,1.476,0.493
1862.073,-1.012,1.474,0.529
1862.184,-1.048,1.471,0.559
1862.295,-1.077,1.472,0.574
1862.406,-1.097,1.470,0.576
1862.517,-1.109,1.465,0.565
1862.629,-1.116,1.460,0.547
1862.740,-1.120,1.457,0.528
1862.850,-1.123,1.455,0.512
1862.961,-1.125,1.453,0.497
1863.073,-1.126,1.450,0.482
1863.184,-1.127,1.446,0.468
1863.295,-1.126,1.441,0.456
1863.406,-1.122,1.439,0.448
1863.517,-1.118,1.440,0.444
1863.628,-1.115,1.445,0.445
1863.740,-1.113,1.450,0.451
1863.850,-1.111,1.456,0.459
1863.962,-1.112,1.460,0.470
1864.073,-1.114,1.462,0.483
1864.183,-1.119,1.460,0.487
1864.296,-1.124,1.451,0.479
1864.406,-1.123,1.441,0.468
1864.517,-1.119,1.434,0.456
1864.629,-1.112,1.430,0.446
1864.739,-1.107,1.427,0.436
1864.850,-1.101,1.427,0.430
1864.961,-1.097,1.431,0.427
1865.073,-1.096,1.437,0.428
1865.184,-1.098,1.442,0.433
1865.295,-1.101,1.447,0.442
1865.406,-1.108,1.452,0.457
1865.517,-1.115,1.453,0.474
1865.628,-1.121,1.453,0.485
1865.739,-1.121,1.450,0.486
1865.850,-1.115,1.445,0.473
1865.962,-1.105,1.437,0.454
1866.073,-1.096,1.426,0.434
1866.184,-1.089,1.420,0.421
1866.295,-1.086,1.422,0.416
1866.406,-1.085,1.433,0.417
1866.517,-1.089,1.448,0.424
1866.628,-1.091,1.461,0.429
1866.739,-1.092,1.466,0.431
1866.850,-1.105,1.475,0.448
1866.961,-1.117,1.481,0.473
1867.072,-1.128,1.486,0.500
1867.183,-1.142,1.491,0.528
1867.295,-1.161,1.494,0.558
1867.406,-1.188,1.494,0.594
1867.516,-1.220,1.494,0.637
1867.628,-1.259,1.494,0.679
1867.739,-1.301,1.492,0.708
1867.850,-1.348,1.490,0.719
1867.961,-1.401,1.482,0.714
1868.072,-1.450,1.471,0.692
1868.183,-1.499,1.473,0.663
1868.295,-1.545,1.475,0.647
1868.406,-1.594,1.480,0.645
1868.516,-1.648,1.479,0.652
1868.628,-1.708,1.474,0.668
1868.739,-1.773,1.476,0.693
1868.850,-1.821,1.478,0.717
1868.961,-1.846,1.480,0.739
1869.072,-1.850,1.485,0.756
1869.183,-1.833,1.492,0.765
1869.294,-1.798,1.508,0.767
1869.406,-1.750,1.529,0.761
1869.516,-1.702,1.547,0.753
1869.628,-1.655,1.560,0.749
1869.739,-1.611,1.574,0.745
1869.850,-1.585,1.563,0.733
1869.962,-1.593,1.513,0.717
1870.073,-1.607,1.494,0.722
1870.183,-1.621,1.499,0.740
1870.295,-1.638,1.500,0.765
1870.406,-1.661,1.526,0.792
1870.517,-1.669,1.549,0.816
1870.628,-1.676,1.551,0.829
1870.739,-1.682,1.550,0.837
1870.850,-1.691,1.526,0.836
1870.961,-1.704,1.503,0.826
1871.073,-1.716,1.489,0.822
1871.183,-1.735,1.490,0.833
1871.294,-1.762,1.490,0.841
1871.405,-1.790,1.492,0.839
1871.516,-1.809,1.498,0.827
1871.628,-1.815,1.502,0.813
1871.739,-1.802,1.504,0.796
1871.850,-1.770,1.506,0.779
1871.961,-1.733,1.509,0.757
1872.072,-1.704,1.506,0.737
1872.183,-1.688,1.504,0.721
1872.294,-1.678,1.502,0.710
1872.406,-1.678,1.501,0.696
1872.516,-1.696,1.499,0.674
1872.628,-1.732,1.491,0.640
1872.739,-1.789,1.479,0.596
1872.850,-1.870,1.463,0.540
1872.961,-1.957,1.455,0.472
1873.072,-2.021,1.449,0.409
1873.183,-2.061,1.440,0.356
1873.295,-2.087,1.430,0.315
1873.406,-2.107,1.421,0.281
1873.517,-2.123,1.411,0.256
1873.628,-2.133,1.408,0.242
1873.739,-2.136,1.412,0.237
1873.850,-2.127,1.422,0.241
1873.962,-2.107,1.436,0.259
1874.072,-2.075,1.453,0.291
1874.183,-2.028,1.461,0.341
1874.295,-1.977,1.458,0.407
1874.405,-1.927,1.455,0.467
1874.516,-1.890,1.455,0.514
1874.627,-1.867,1.457,0.553
1874.738,-1.856,1.454,0.587
1874.849,-1.861,1.451,0.618
1874.960,-1.883,1.449,0.646
1875.072,-1.918,1.440,0.669
1875.182,-1.948,1.420,0.691
1875.294,-1.968,1.406,0.706
1875.405,-1.975,1.400,0.717
1875.516,-1.970,1.398,0.723
1875.627,-1.955,1.401,0.724
1875.738,-1.915,1.414,0.720
1875.849,-1.832,1.436,0.704
1875.961,-1.716,1.455,0.703
1876.072,-1.595,1.462,0.727
1876.183,-1.487,1.467,0.756
1876.294,-1.411,1.471,0.780
1876.405,-1.350,1.480,0.792
1876.516,-1.289,1.482,0.791
1876.627,-1.231,1.477,0.774
1876.738,-1.186,1.465,0.745
1876.849,-1.153,1.465,0.698
1876.961,-1.110,1.467,0.662
1877.069,-1.059,1.471,0.669
1877.181,-1.015,1.475,0.669
1877.292,-0.966,1.474,0.677
1877.403,-0.909,1.469,0.698
1877.514,-0.857,1.465,0.714
1877.625,-0.795,1.471,0.735
1877.736,-0.736,1.471,0.756
1877.847,-0.691,1.473,0.746
1877.959,-0.648,1.469,0.721
1878.070,-0.606,1.465,0.695
1878.181,-0.577,1.462,0.644
1878.293,-0.555,1.461,0.571
1878.405,-0.531,1.459,0.501
1878.516,-0.497,1.455,0.457
1878.627,-0.458,1.453,0.428
1878.737,-0.420,1.447,0.404
1878.848,-0.378,1.440,0.389
1878.960,-0.329,1.440,0.379
1879.071,-0.279,1.438,0.368
1879.182,-0.236,1.432,0.359
1879.293,-0.202,1.426,0.352
1879.404,-0.184,1.422,0.345
1879.515,-0.186,1.423,0.332
1879.627,-0.216,1.426,0.315
1879.738,-0.254,1.428,0.301
1879.849,-0.294,1.428,0.288
1879.960,-0.335,1.430,0.270
1880.071,-0.373,1.427,0.247
1880.182,-0.404,1.418,0.221
1880.294,-0.427,1.410,0.199
1880.405,-0.438,1.408,0.186
1880.515,-0.442,1.409,0.184
1880.627,-0.440,1.415,0.194
1880.738,-0.435,1.426,0.217
1880.849,-0.425,1.440,0.256
1880.960,-0.412,1.452,0.310
1881.071,-0.399,1.460,0.370
1881.182,-0.385,1.462,0.421
1881.294,-0.381,1.466,0.463
1881.404,-0.393,1.465,0.500
1881.515,-0.410,1.452,0.531
1881.627,-0.445,1.447,0.565
1881.738,-0.515,1.453,0.621
1881.849,-0.607,1.467,0.702
1881.960,-0.689,1.479,0.773
1882.072,-0.767,1.490,0.832
1882.182,-0.842,1.487,0.877
1882.293,-0.914,1.476,0.901
1882.404,-0.986,1.467,0.896
1882.515,-1.062,1.468,0.871
1882.627,-1.137,1.483,0.850
1882.738,-1.206,1.490,0.850
1882.849,-1.276,1.488,0.863
1882.961,-1.346,1.476,0.889
1883.071,-1.414,1.465,0.931
1883.182,-1.488,1.466,0.980
1883.293,-1.560,1.469,1.017
1883.404,-1.625,1.470,1.036
1883.515,-1.685,1.466,1.053
1883.627,-1.742,1.457,1.057
1883.737,-1.800,1.448,1.052
1883.849,-1.856,1.446,1.049
1883.960,-1.902,1.444,1.049
1884.071,-1.941,1.442,1.050
1884.182,-1.975,1.434,1.059
1884.293,-2.001,1.420,1.077
1884.404,-2.016,1.407,1.101
1884.515,-2.021,1.404,1.122
1884.626,-2.023,1.412,1.132
1884.737,-2.014,1.424,1.126
1884.849,-1.974,1.441,1.087
1884.960,-1.890,1.462,1.032
1885.071,-1.770,1.471,0.989
1885.182,-1.641,1.474,0.954
1885.293,-1.527,1.481,0.922
1885.404,-1.443,1.492,0.888
1885.516,-1.377,1.492,0.855
1885.667,-1.310,1.478,0.794
1885.778,-1.280,1.466,0.727
1885.889,-1.262,1.447,0.630
1885.999,-1.249,1.436,0.506
1886.110,-1.244,1.414,0.406
1886.224,-1.244,1.378,0.338
1886.335,-1.252,1.351,0.292
1886.446,-1.257,1.339,0.269
1886.558,-1.246,1.352,0.266
1886.668,-1.216,1.381,0.273
1886.779,-1.159,1.411,0.288
1886.891,-1.091,1.431,0.306
1887.002,-1.016,1.443,0.319
1887.113,-0.940,1.448,0.315
1887.224,-0.872,1.451,0.293
1887.334,-0.826,1.445,0.269
1887.446,-0.798,1.437,0.252
1887.557,-0.786,1.431,0.245
1887.669,-0.790,1.429,0.246
1887.779,-0.807,1.435,0.262
1887.891,-0.834,1.449,0.300
1888.001,-0.871,1.465,0.357
1888.112,-0.924,1.476,0.433
1888.224,-1.007,1.485,0.535
1888.335,-1.091,1.499,0.653
1888.446,-1.142,1.505,0.757
1888.557,-1.186,1.505,0.821
1888.668,-1.238,1.499,0.857
1888.779,-1.301,1.489,0.875
1888.890,-1.370,1.474,0.878
1889.001,-1.444,1.468,0.871
1889.112,-1.519,1.476,0.867
1889.224,-1.583,1.486,0.881
1889.334,-1.640,1.487,0.905
1889.445,-1.696,1.479,0.937
1889.557,-1.753,1.467,0.980
1889.668,-1.819,1.458,1.031
1889.779,-1.885,1.455,1.074
1889.890,-1.928,1.448,1.104
1890.001,-1.957,1.444,1.128
1890.112,-1.977,1.440,1.145
1890.223,-1.989,1.435,1.160
1890.334,-1.995,1.428,1.172
1890.446,-2.002,1.419,1.176
1890.557,-2.007,1.409,1.177
1890.684,-2.005,1.408,1.176
1890.792,-1.990,1.418,1.167
1890.903,-1.962,1.428,1.143
1891.014,-1.909,1.444,1.102
1891.126,-1.822,1.465,1.044
1891.237,-1.699,1.478,0.996
1891.348,-1.578,1.487,0.967
1891.460,-1.476,1.492,0.943
1891.571,-1.399,1.498,0.921
1891.682,-1.333,1.501,0.895
1891.793,-1.275,1.497,0.867
1891.904,-1.224,1.493,0.835
1892.015,-1.181,1.489,0.799
1892.126,-1.140,1.500,0.754
1892.238,-1.099,1.509,0.707
1892.348,-1.057,1.507,0.675
1892.460,-1.016,1.509,0.651
1892.571,-0.974,1.506,0.634
1892.682,-0.923,1.499,0.633
1892.793,-0.865,1.495,0.651
1892.904,-0.805,1.497,0.682
1893.015,-0.746,1.505,0.709
1893.126,-0.697,1.508,0.725
1893.238,-0.657,1.506,0.730
1893.348,-0.616,1.509,0.726
1893.460,-0.575,1.504,0.708
1893.571,-0.536,1.496,0.678
1893.682,-0.501,1.494,0.636
1893.793,-0.465,1.502,0.591
1893.904,-0.430,1.496,0.556
1894.015,-0.401,1.490,0.534
1894.126,-0.367,1.491,0.523
1894.237,-0.329,1.486,0.522
1894.348,-0.289,1.486,0.524
1894.460,-0.253,1.489,0.527
1894.571,-0.220,1.482,0.531
1894.682,-0.191,1.473,0.534
1894.793,-0.168,1.462,0.531
1894.904,-0.150,1.450,0.529
1895.015,-0.137,1.443,0.527
1895.126,-0.130,1.438,0.526
1895.237,-0.125,1.435,0.524
1895.348,-0.121,1.436,0.522
1895.459,-0.124,1.442,0.523
1895.570,-0.137,1.453,0.527
1895.681,-0.166,1.467,0.530
1895.793,-0.209,1.481,0.531
1895.904,-0.257,1.486,0.526
1896.015,-0.319,1.489,0.519
1896.126,-0.372,1.489,0.500
1896.237,-0.404,1.479,0.467
1896.348,-0.426,1.471,0.431
1896.459,-0.435,1.468,0.386
1896.570,-0.426,1.463,0.338
1896.681,-0.403,1.461,0.288
1896.792,-0.382,1.451,0.237
1896.904,-0.366,1.439,0.201
1897.015,-0.355,1.438,0.187
1897.126,-0.358,1.448,0.189
1897.237,-0.385,1.465,0.212
1897.348,-0.418,1.483,0.258
1897.460,-0.449,1.497,0.314
1897.570,-0.483,1.506,0.371
1897.681,-0.522,1.518,0.429
1897.792,-0.559,1.523,0.479
1897.903,-0.590,1.526,0.521
1898.014,-0.616,1.530,0.552
1898.125,-0.627,1.530,0.576
1898.237,-0.615,1.533,0.596
1898.347,-0.582,1.540,0.606
1898.459,-0.537,1.546,0.610
1898.570,-0.484,1.551,0.615
1898.681,-0.434,1.548,0.623
1898.793,-0.394,1.539,0.634
1898.904,-0.364,1.535,0.653
1899.015,-0.357,1.531,0.680
1899.126,-0.368,1.524,0.704
1899.237,-0.391,1.519,0.719
1899.348,-0.417,1.513,0.726
1899.459,-0.436,1.499,0.733
1899.570,-0.453,1.485,0.741
1899.681,-0.473,1.484,0.758
1899.792,-0.487,1.491,0.782
1899.904,-0.490,1.495,0.817
1900.014,-0.481,1.500,0.862
1900.126,-0.464,1.502,0.912
1900.237,-0.443,1.504,0.961
1900.347,-0.420,1.503,1.005
1900.459,-0.400,1.502,1.044
1900.570,-0.384,1.501,1.078
1900.681,-0.371,1.499,1.105
1900.792,-0.363,1.499,1.123
1900.903,-0.358,1.500,1.134
1901.014,-0.354,1.498,1.139
1901.125,-0.352,1.497,1.136
1901.236,-0.354,1.496,1.126
1901.347,-0.358,1.497,1.111
1901.458,-0.368,1.497,1.088
1901.569,-0.384,1.496,1.063
1901.681,-0.402,1.494,1.030
1901.792,-0.421,1.491,0.994
1901.903,-0.441,1.488,0.960
1902.014,-0.461,1.486,0.929
1902.125,-0.480,1.485,0.901
1902.236,-0.497,1.485,0.877
1902.347,-0.513,1.484,0.858
1902.458,-0.527,1.484,0.844
1902.569,-0.540,1.484,0.835
1902.680,-0.550,1.485,0.826
1902.792,-0.557,1.486,0.819
1902.903,-0.561,1.486,0.819
1903.013,-0.557,1.486,0.821
1903.125,-0.546,1.486,0.823
1903.236,-0.527,1.483,0.828
1903.347,-0.504,1.484,0.840
1903.458,-0.476,1.488,0.860
1903.569,-0.441,1.499,0.888
1903.680,-0.401,1.512,0.922
1903.792,-0.361,1.520,0.959
1903.903,-0.324,1.527,0.995
1904.014,-0.300,1.541,1.027
1904.125,-0.282,1.551,1.052
1904.236,-0.269,1.562,1.073
1904.347,-0.260,1.570,1.088
1904.458,-0.256,1.580,1.092
1904.570,-0.252,1.586,1.084
1904.681,-0.249,1.591,1.068
1904.792,-0.246,1.592,1.044
1904.903,-0.238,1.597,1.012
1905.014,-0.224,1.603,0.976
1905.125,-0.203,1.608,0.941
1905.237,-0.177,1.608,0.911
1905.348,-0.148,1.602,0.886
1905.459,-0.119,1.591,0.866
1905.570,-0.096,1.587,0.856
1905.681,-0.075,1.587,0.854
1905.792,-0.061,1.586,0.863
1905.903,-0.057,1.587,0.886
1906.014,-0.061,1.589,0.918
1906.126,-0.067,1.589,0.954
1906.236,-0.072,1.589,0.989
1906.347,-0.078,1.590,1.020
1906.459,-0.082,1.592,1.048
1906.570,-0.086,1.595,1.075
1906.681,-0.089,1.596,1.096
1906.792,-0.093,1.597,1.106
1906.903,-0.098,1.597,1.106
1907.014,-0.107,1.606,1.100
1907.125,-0.111,1.608,1.086
1907.237,-0.106,1.608,1.064
1907.347,-0.095,1.607,1.037
1907.458,-0.080,1.605,1.009
1907.570,-0.064,1.604,0.981
1907.680,-0.048,1.600,0.955
1907.792,-0.033,1.598,0.929
1907.903,-0.022,1.596,0.912
1908.014,-0.013,1.595,0.904
1908.125,-0.004,1.597,0.898
1908.236,0.004,1.598,0.897
1908.347,0.009,1.598,0.899
1908.458,0.015,1.598,0.904
1908.570,0.016,1.601,0.911
1908.681,0.014,1.594,0.921
1908.792,0.009,1.595,0.929
1908.903,0.001,1.601,0.937
1909.014,-0.006,1.606,0.945
1909.125,-0.011,1.611,0.950
1909.236,-0.014,1.614,0.954
1909.347,-0.010,1.614,0.959
1909.459,-0.005,1.614,0.963
1909.569,0.000,1.615,0.965
1909.681,0.006,1.611,0.968
1909.792,0.010,1.611,0.969
1909.903,0.014,1.609,0.969
1910.014,0.017,1.608,0.968
1910.125,0.019,1.607,0.964
1910.237,0.020,1.610,0.962
1910.347,0.019,1.615,0.962
1910.458,0.017,1.608,0.965
1910.570,0.019,1.609,0.965
1910.680,0.030,1.608,0.964
1910.792,0.038,1.606,0.962
1910.903,0.038,1.607,0.960
1911.014,0.035,1.608,0.961
1911.125,0.031,1.611,0.964
1911.236,0.028,1.604,0.965
1911.347,0.030,1.606,0.965
1911.458,0.035,1.606,0.964
1911.570,0.038,1.604,0.966
1911.680,0.037,1.604,0.967
1911.791,0.035,1.608,0.969
1911.903,0.031,1.608,0.969
1912.014,0.028,1.605,0.969
1912.125,0.026,1.608,0.967
1912.236,0.026,1.608,0.968
1912.347,0.026,1.614,0.970
1912.458,0.027,1.613,0.973
1912.569,0.029,1.608,0.975
1912.680,0.032,1.609,0.977
1912.792,0.035,1.608,0.979
1912.903,0.035,1.610,0.980
1913.014,0.032,1.606,0.980
1913.125,0.030,1.605,0.981
1913.236,0.029,1.608,0.983
1913.347,0.029,1.605,0.985
1913.458,0.029,1.604,0.986
1913.569,0.029,1.599,0.979
1913.680,0.029,1.591,0.966
1913.792,0.033,1.589,0.953
1913.903,0.038,1.586,0.941
1914.014,0.043,1.585,0.924
1914.125,0.049,1.584,0.904
1914.236,0.058,1.582,0.885
1914.347,0.069,1.581,0.870
1914.459,0.081,1.576,0.859
1914.569,0.093,1.572,0.856
1914.680,0.102,1.569,0.864
1914.792,0.104,1.567,0.885
1914.903,0.094,1.567,0.924
1915.013,0.075,1.573,0.976
1915.125,0.058,1.576,1.034
1915.236,0.040,1.575,1.094
1915.347,0.027,1.574,1.139
1915.458,0.024,1.573,1.171
1915.569,0.027,1.569,1.193
1915.680,0.035,1.569,1.202
1915.792,0.047,1.569,1.197
1915.903,0.064,1.572,1.178
1916.014,0.084,1.579,1.145
1916.125,0.108,1.587,1.106
1916.236,0.139,1.591,1.067
1916.347,0.172,1.592,1.036
1916.458,0.206,1.591,1.013
1916.569,0.237,1.585,0.998
1916.680,0.261,1.582,0.986
1916.791,0.278,1.579,0.979
1916.903,0.291,1.573,0.981
1917.013,0.300,1.569,0.996
1917.125,0.305,1.563,1.024
1917.236,0.307,1.552,1.059
1917.347,0.307,1.542,1.095
1917.458,0.305,1.530,1.127
1917.569,0.301,1.515,1.154
1917.680,0.299,1.504,1.177
1917.792,0.301,1.497,1.196
1917.902,0.303,1.492,1.212
1918.013,0.304,1.488,1.222
1918.125,0.302,1.486,1.228
1918.235,0.297,1.484,1.232
1918.346,0.291,1.482,1.231
1918.458,0.287,1.483,1.226
1918.569,0.287,1.484,1.216
1918.680,0.290,1.486,1.204
1918.791,0.298,1.486,1.193
1918.902,0.306,1.484,1.181
1919.013,0.316,1.483,1.166
1919.125,0.326,1.483,1.150
1919.235,0.325,1.486,1.131
1919.346,0.311,1.493,1.108
1919.458,0.283,1.501,1.076
1919.569,0.231,1.503,1.051
1919.680,0.173,1.498,1.043
1919.791,0.122,1.500,1.037
1919.901,0.071,1.505,1.024
1920.012,0.018,1.504,1.005
1920.124,-0.032,1.501,0.980
1920.235,-0.079,1.497,0.944
1920.346,-0.126,1.494,0.900
1920.457,-0.166,1.492,0.860
1920.568,-0.192,1.494,0.827
1920.679,-0.202,1.494,0.798
1920.790,-0.198,1.489,0.774
1920.901,-0.178,1.485,0.752
1921.013,-0.142,1.482,0.735
1921.124,-0.091,1.478,0.718
1921.235,-0.033,1.476,0.700
1921.346,0.018,1.478,0.681
1921.457,0.055,1.476,0.660
1921.568,0.081,1.473,0.639
1921.679,0.097,1.470,0.616
1921.791,0.101,1.467,0.596
1921.901,0.101,1.468,0.576
1922.012,0.101,1.467,0.559
1922.124,0.103,1.466,0.547
1922.234,0.106,1.466,0.538
1922.346,0.107,1.467,0.531
1922.457,0.106,1.469,0.525
1922.568,0.103,1.471,0.519
1922.679,0.102,1.472,0.517
1922.790,0.102,1.474,0.517
1922.901,0.103,1.475,0.519
1923.012,0.104,1.476,0.523
1923.124,0.107,1.478,0.531
1923.234,0.110,1.480,0.542
1923.346,0.115,1.483,0.555
1923.457,0.120,1.486,0.569
1923.568,0.125,1.488,0.582
1923.679,0.131,1.491,0.596
1923.790,0.137,1.494,0.609
1923.901,0.143,1.495,0.620
1924.012,0.149,1.496,0.629
1924.124,0.153,1.497,0.637
1924.234,0.155,1.499,0.644
1924.346,0.157,1.500,0.649
1924.457,0.159,1.502,0.653
1924.568,0.160,1.503,0.655
1924.679,0.162,1.505,0.655
1924.790,0.163,1.506,0.653
1924.901,0.164,1.507,0.649
1925.012,0.164,1.508,0.645
1925.123,0.162,1.509,0.640
1925.234,0.161,1.509,0.634
1925.346,0.159,1.508,0.628
1925.457,0.157,1.508,0.623
1925.568,0.155,1.508,0.618
1925.679,0.152,1.508,0.611
1925.790,0.150,1.507,0.605
1925.901,0.148,1.507,0.600
1926.012,0.147,1.507,0.596
1926.124,0.144,1.508,0.592
1926.234,0.143,1.508,0.590
1926.346,0.141,1.510,0.589
1926.457,0.139,1.509,0.588
1926.568,0.136,1.506,0.589
1926.679,0.131,1.503,0.592
1926.790,0.119,1.499,0.599
1926.901,0.109,1.496,0.606
1927.012,0.098,1.491,0.612
1927.124,0.083,1.490,0.615
1927.234,0.063,1.489,0.610
1927.345,0.036,1.488,0.599
1927.457,0.004,1.488,0.581
1927.568,-0.027,1.485,0.563
1927.678,-0.056,1.482,0.549
1927.790,-0.078,1.480,0.539
1927.901,-0.095,1.479,0.532
1928.012,-0.107,1.479,0.528
1928.123,-0.114,1.481,0.525
1928.234,-0.120,1.483,0.524
1928.345,-0.126,1.484,0.524
1928.457,-0.132,1.484,0.522
1928.568,-0.138,1.482,0.520
1928.679,-0.144,1.480,0.522
1928.790,-0.145,1.481,0.531
1928.901,-0.141,1.484,0.546
1929.012,-0.132,1.489,0.568
1929.123,-0.119,1.497,0.592
1929.234,-0.106,1.500,0.615
1929.345,-0.096,1.501,0.635
1929.457,-0.086,1.501,0.652
1929.567,-0.077,1.499,0.667
1929.678,-0.070,1.497,0.679
1929.790,-0.065,1.499,0.689
1929.901,-0.062,1.499,0.698
1930.011,-0.061,1.501,0.703
1930.123,-0.063,1.503,0.705
1930.234,-0.067,1.502,0.704
1930.345,-0.074,1.504,0.700
1930.456,-0.080,1.506,0.696
1930.567,-0.086,1.506,0.694
1930.678,-0.091,1.507,0.693
1930.790,-0.095,1.508,0.693
1930.901,-0.097,1.508,0.694
1931.012,-0.099,1.508,0.695
1931.123,-0.099,1.508,0.696
1931.234,-0.099,1.507,0.697
1931.345,-0.100,1.506,0.699
1931.456,-0.101,1.506,0.702
1931.567,-0.101,1.506,0.705
1931.678,-0.100,1.505,0.709
1931.789,-0.098,1.506,0.711
1931.901,-0.096,1.506,0.712
1932.011,-0.094,1.505,0.712
1932.123,-0.093,1.505,0.713
1932.234,-0.091,1.505,0.713
1932.345,-0.090,1.504,0.713
1932.456,-0.089,1.504,0.713
1932.567,-0.086,1.505,0.713
1932.678,-0.082,1.505,0.712
1932.789,-0.076,1.504,0.713
1932.900,-0.070,1.502,0.715
1933.011,-0.064,1.501,0.718
1933.123,-0.059,1.500,0.722
1933.234,-0.054,1.500,0.724
1933.345,-0.051,1.501,0.721
1933.456,-0.048,1.501,0.712
1933.567,-0.047,1.500,0.696
1933.678,-0.047,1.499,0.676
1933.789,-0.047,1.498,0.653
1933.900,-0.048,1.497,0.629
1934.012,-0.048,1.496,0.609
1934.123,-0.048,1.495,0.593
1934.234,-0.049,1.494,0.581
1934.345,-0.049,1.493,0.577
1934.456,-0.051,1.494,0.580
1934.567,-0.054,1.494,0.590
1934.678,-0.059,1.494,0.606
1934.789,-0.065,1.493,0.624
1934.900,-0.073,1.492,0.640
1935.011,-0.087,1.492,0.651
1935.123,-0.105,1.492,0.657
1935.233,-0.130,1.492,0.658
1935.344,-0.162,1.491,0.652
1935.456,-0.205,1.489,0.638
1935.566,-0.257,1.489,0.618
1935.678,-0.311,1.490,0.592
1935.789,-0.358,1.484,0.570
1935.900,-0.386,1.481,0.554
1936.011,-0.409,1.483,0.545
1936.123,-0.426,1.484,0.542
1936.233,-0.436,1.486,0.548
1936.344,-0.440,1.489,0.563
1936.456,-0.438,1.493,0.587
1936.567,-0.431,1.496,0.615
1936.678,-0.420,1.499,0.644
1936.789,-0.410,1.501,0.671
1936.900,-0.406,1.502,0.690
1937.011,-0.410,1.504,0.698
1937.122,-0.421,1.505,0.696
1937.233,-0.436,1.507,0.683
1937.344,-0.454,1.509,0.663
1937.456,-0.471,1.508,0.644
1937.566,-0.482,1.506,0.626
1937.677,-0.489,1.504,0.612
1937.789,-0.492,1.504,0.601
1937.900,-0.491,1.505,0.594
1938.011,-0.487,1.504,0.591
1938.122,-0.479,1.505,0.592
1938.233,-0.471,1.506,0.595
1938.344,-0.463,1.505,0.600
1938.456,-0.454,1.505,0.605
1938.566,-0.446,1.505,0.610
1938.677,-0.438,1.506,0.613
1938.789,-0.431,1.507,0.615
1938.899,-0.426,1.507,0.615
1939.011,-0.422,1.506,0.614
1939.122,-0.419,1.506,0.613
1939.233,-0.418,1.505,0.613
1939.344,-0.417,1.506,0.615
1939.456,-0.414,1.508,0.615
1939.567,-0.412,1.508,0.616
1939.678,-0.410,1.509,0.616
1939.789,-0.408,1.509,0.616
1939.900,-0.406,1.507,0.616
1940.010,-0.405,1.507,0.616
1940.122,-0.404,1.507,0.616
1940.233,-0.404,1.507,0.615
1940.344,-0.404,1.508,0.613
1940.456,-0.404,1.508,0.610
1940.567,-0.404,1.507,0.607
1940.678,-0.404,1.506,0.604
1940.789,-0.404,1.506,0.602
1940.900,-0.406,1.505,0.601
1941.011,-0.407,1.506,0.601
1941.122,-0.409,1.506,0.600
1941.233,-0.410,1.506,0.599
1941.344,-0.412,1.505,0.599
1941.455,-0.419,1.503,0.599
1941.566,-0.424,1.503,0.602
1941.677,-0.425,1.504,0.605
1941.789,-0.424,1.506,0.608
1941.900,-0.424,1.507,0.609
1942.011,-0.424,1.507,0.609
1942.122,-0.424,1.507,0.609
1942.233,-0.425,1.507,0.609
1942.344,-0.425,1.508,0.610
1942.456,-0.426,1.508,0.611
1942.567,-0.426,1.508,0.611
1942.677,-0.426,1.509,0.611
1942.789,-0.425,1.510,0.611
1942.899,-0.425,1.510,0.611
1943.011,-0.424,1.511,0.611
1943.122,-0.424,1.511,0.610
1943.233,-0.423,1.510,0.610
1943.344,-0.423,1.509,0.610
1943.455,-0.423,1.508,0.610
1943.566,-0.423,1.507,0.611
1943.678,-0.423,1.506,0.612
1943.789,-0.420,1.500,0.613
1943.899,-0.416,1.494,0.613
1944.010,-0.418,1.488,0.612
1944.122,-0.430,1.486,0.611
1944.232,-0.440,1.486,0.606
1944.343,-0.448,1.487,0.598
1944.455,-0.458,1.485,0.593
1944.566,-0.454,1.485,0.592
1944.677,-0.432,1.486,0.595
1944.789,-0.393,1.485,0.602
1944.899,-0.344,1.484,0.611
1945.010,-0.294,1.484,0.620
1945.122,-0.254,1.488,0.627
1945.233,-0.228,1.492,0.624
1945.344,-0.214,1.492,0.612
1945.456,-0.210,1.492,0.595
1945.566,-0.210,1.493,0.580
1945.673,-0.211,1.491,0.575
1945.778,-0.212,1.489,0.574
1945.889,-0.213,1.490,0.578
1946.000,-0.214,1.490,0.581
1946.111,-0.215,1.490,0.585
1946.219,-0.215,1.491,0.588
1946.329,-0.216,1.493,0.592
1946.441,-0.215,1.493,0.595
1946.552,-0.213,1.494,0.600
1946.663,-0.210,1.495,0.604
1946.774,-0.206,1.496,0.609
1946.885,-0.201,1.496,0.615
1946.996,-0.196,1.496,0.621
1947.107,-0.189,1.496,0.629
1947.218,-0.182,1.496,0.638
1947.330,-0.175,1.498,0.646
1947.441,-0.169,1.498,0.654
1947.552,-0.163,1.498,0.659
1947.663,-0.158,1.500,0.659
1947.774,-0.155,1.500,0.652
1947.885,-0.152,1.501,0.640
1947.996,-0.151,1.502,0.628
1948.107,-0.151,1.501,0.619
1948.219,-0.152,1.501,0.613
1948.330,-0.153,1.502,0.609
1948.441,-0.154,1.503,0.607
1948.552,-0.154,1.504,0.606
1948.663,-0.153,1.504,0.606
1948.774,-0.150,1.505,0.606
1948.886,-0.148,1.505,0.607
1948.996,-0.146,1.505,0.608
1949.108,-0.144,1.506,0.609
1949.219,-0.144,1.506,0.609
1949.330,-0.143,1.506,0.609
1949.441,-0.143,1.506,0.608
1949.552,-0.142,1.506,0.607
1949.663,-0.140,1.506,0.606
1949.774,-0.139,1.507,0.604
1949.886,-0.138,1.508,0.601
1949.997,-0.139,1.508,0.598
1950.108,-0.140,1.508,0.598
1950.219,-0.142,1.508,0.601
1950.330,-0.147,1.506,0.608
1950.441,-0.155,1.503,0.618
1950.552,-0.164,1.501,0.626
1950.663,-0.175,1.499,0.631
1950.774,-0.189,1.499,0.632
1950.885,-0.208,1.498,0.628
1950.996,-0.232,1.497,0.617
1951.107,-0.259,1.497,0.599
1951.219,-0.289,1.493,0.577
1951.330,-0.318,1.486,0.555
1951.440,-0.346,1.482,0.538
1951.552,-0.373,1.478,0.525
1951.663,-0.399,1.474,0.517
1951.774,-0.420,1.472,0.519
1951.885,-0.434,1.474,0.533
1951.996,-0.439,1.476,0.557
1952.107,-0.437,1.479,0.586
1952.218,-0.431,1.482,0.612
1952.329,-0.424,1.483,0.634
1952.441,-0.421,1.481,0.648
1952.551,-0.423,1.482,0.655
1952.663,-0.434,1.484,0.657
1952.774,-0.454,1.483,0.654
1952.885,-0.486,1.482,0.646
1952.996,-0.532,1.479,0.629
1953.107,-0.588,1.478,0.604
1953.218,-0.641,1.477,0.576
1953.329,-0.676,1.480,0.551
1953.441,-0.699,1.481,0.536
1953.552,-0.718,1.482,0.527
1953.663,-0.731,1.484,0.524
1953.774,-0.738,1.486,0.529
1953.885,-0.737,1.487,0.545
1953.996,-0.732,1.491,0.569
1954.107,-0.724,1.496,0.598
1954.218,-0.716,1.499,0.627
1954.329,-0.709,1.501,0.652
1954.440,-0.703,1.502,0.669
1954.551,-0.702,1.502,0.680
1954.662,-0.706,1.503,0.684
1954.774,-0.717,1.503,0.681
1954.885,-0.732,1.505,0.669
1954.996,-0.749,1.506,0.649
1955.107,-0.763,1.504,0.630
1955.218,-0.772,1.504,0.617
1955.329,-0.778,1.503,0.610
1955.440,-0.779,1.502,0.609
1955.551,-0.778,1.502,0.614
1955.662,-0.777,1.503,0.619
1955.773,-0.774,1.505,0.624
1955.885,-0.769,1.506,0.627
1955.996,-0.764,1.506,0.628
1956.107,-0.761,1.506,0.631
1956.218,-0.758,1.506,0.634
1956.329,-0.756,1.507,0.636
1956.440,-0.754,1.508,0.637
1956.551,-0.752,1.508,0.637
1956.662,-0.752,1.509,0.638
1956.773,-0.752,1.510,0.638
1956.885,-0.751,1.511,0.638
1956.996,-0.751,1.512,0.638
1957.107,-0.752,1.512,0.637
1957.218,-0.753,1.513,0.636
1957.329,-0.754,1.512,0.634
1957.441,-0.757,1.512,0.634
1957.551,-0.760,1.513,0.634
1957.662,-0.762,1.513,0.633
1957.773,-0.762,1.513,0.631
1957.884,-0.763,1.512,0.631
1957.995,-0.763,1.512,0.631
1958.107,-0.763,1.513,0.633
1958.218,-0.762,1.513,0.634
1958.329,-0.762,1.513,0.635
1958.440,-0.760,1.513,0.635
1958.551,-0.758,1.513,0.635
1958.662,-0.756,1.513,0.635
1958.773,-0.755,1.512,0.636
1958.884,-0.755,1.512,0.637
1958.995,-0.755,1.512,0.637
1959.107,-0.754,1.513,0.637
1959.218,-0.752,1.513,0.635
1959.329,-0.751,1.512,0.634
1959.440,-0.750,1.513,0.633
1959.551,-0.750,1.512,0.632
1959.662,-0.752,1.512,0.631
1959.773,-0.753,1.512,0.631
1959.884,-0.752,1.512,0.630
1959.996,-0.752,1.511,0.629
1960.107,-0.753,1.512,0.626
1960.218,-0.755,1.512,0.622
1960.329,-0.757,1.513,0.617
1960.440,-0.757,1.511,0.613
1960.551,-0.756,1.508,0.614
1960.662,-0.754,1.506,0.619
1960.773,-0.750,1.503,0.628
1960.884,-0.746,1.500,0.639
1960.995,-0.745,1.496,0.649
1961.106,-0.750,1.494,0.654
1961.218,-0.768,1.494,0.653
1961.328,-0.798,1.491,0.644
1961.440,-0.842,1.487,0.626
1961.551,-0.893,1.487,0.601
1961.662,-0.942,1.482,0.574
1961.773,-0.981,1.478,0.550
1961.884,-1.012,1.478,0.532
1961.996,-1.034,1.477,0.523
1962.106,-1.050,1.477,0.523
1962.218,-1.060,1.477,0.534
1962.329,-1.062,1.479,0.552
1962.440,-1.055,1.482,0.577
1962.551,-1.045,1.487,0.605
1962.662,-1.034,1.490,0.632
1962.773,-1.023,1.491,0.658
1962.884,-1.013,1.490,0.681
1962.995,-1.005,1.490,0.700
1963.106,-1.000,1.491,0.713
1963.217,-1.002,1.492,0.720
1963.328,-1.006,1.493,0.721
1963.440,-1.012,1.493,0.715
1963.551,-1.021,1.496,0.706
1963.662,-1.030,1.497,0.696
1963.773,-1.037,1.499,0.689
1963.884,-1.042,1.502,0.684
1963.995,-1.044,1.503,0.681
1964.106,-1.045,1.503,0.679
1964.217,-1.044,1.504,0.679
1964.328,-1.043,1.505,0.680
1964.439,-1.040,1.507,0.681
1964.551,-1.038,1.508,0.681
1964.662,-1.037,1.509,0.681
1964.773,-1.036,1.509,0.681
1964.884,-1.035,1.510,0.682
1964.995,-1.034,1.511,0.682
1965.106,-1.034,1.511,0.681
1965.217,-1.033,1.512,0.681
1965.328,-1.032,1.514,0.679
1965.440,-1.030,1.515,0.676
1965.551,-1.029,1.516,0.670
1965.662,-1.030,1.517,0.662
1965.773,-1.031,1.517,0.655
1965.884,-1.032,1.516,0.648
1965.995,-1.032,1.516,0.643
1966.106,-1.033,1.518,0.638
1966.217,-1.032,1.521,0.635
1966.328,-1.029,1.522,0.634
1966.439,-1.026,1.521,0.637
1966.551,-1.025,1.519,0.645
1966.662,-1.024,1.516,0.656
1966.773,-1.025,1.511,0.667
1966.884,-1.028,1.507,0.679
1966.995,-1.034,1.505,0.687
1967.106,-1.048,1.503,0.691
1967.217,-1.069,1.503,0.688
1967.328,-1.096,1.502,0.678
1967.439,-1.129,1.501,0.660
1967.550,-1.165,1.500,0.638
1967.662,-1.199,1.498,0.615
1967.773,-1.226,1.496,0.595
1967.884,-1.248,1.494,0.579
1967.995,-1.265,1.494,0.570
1968.106,-1.275,1.495,0.566
1968.217,-1.281,1.496,0.566
1968.328,-1.281,1.497,0.568
1968.440,-1.277,1.498,0.576
1968.550,-1.265,1.501,0.595
1968.662,-1.245,1.506,0.618
1968.773,-1.221,1.512,0.639
1968.884,-1.197,1.512,0.658
1968.995,-1.175,1.514,0.672
1969.106,-1.152,1.514,0.685
1969.217,-1.134,1.512,0.697
1969.328,-1.124,1.511,0.705
1969.439,-1.124,1.512,0.711
1969.550,-1.134,1.513,0.713
1969.661,-1.156,1.515,0.710
1969.772,-1.188,1.515,0.705
1969.883,-1.223,1.516,0.696
1969.995,-1.255,1.516,0.686
1970.106,-1.277,1.515,0.674
1970.217,-1.292,1.515,0.669
1970.328,-1.303,1.514,0.667
1970.439,-1.310,1.516,0.664
1970.550,-1.314,1.515,0.665
1970.661,-1.315,1.517,0.666
1970.773,-1.316,1.518,0.669
1970.884,-1.314,1.521,0.673
1970.995,-1.311,1.523,0.676
1971.106,-1.308,1.527,0.679
1971.217,-1.304,1.530,0.681
1971.328,-1.298,1.533,0.680
1971.440,-1.294,1.533,0.677
1971.550,-1.292,1.532,0.671
1971.662,-1.292,1.530,0.666
1971.773,-1.294,1.528,0.663
1971.883,-1.299,1.526,0.661
1971.995,-1.301,1.523,0.660
1972.106,-1.298,1.518,0.657
1972.217,-1.296,1.513,0.654
1972.328,-1.294,1.507,0.652
1972.439,-1.293,1.502,0.652
1972.550,-1.288,1.496,0.653
1972.661,-1.279,1.492,0.655
1972.772,-1.271,1.489,0.657
1972.884,-1.268,1.486,0.659
1972.995,-1.271,1.483,0.661
1973.106,-1.276,1.482,0.663
1973.217,-1.282,1.481,0.662
1973.328,-1.289,1.480,0.661
1973.439,-1.297,1.480,0.658
1973.550,-1.304,1.479,0.656
1973.661,-1.309,1.479,0.653
1973.773,-1.312,1.478,0.651
1973.883,-1.314,1.478,0.649
1973.995,-1.314,1.479,0.647
1974.106,-1.315,1.479,0.645
1974.216,-1.314,1.479,0.644
1974.328,-1.313,1.481,0.643
1974.439,-1.311,1.481,0.643
1974.550,-1.309,1.481,0.644
1974.662,-1.307,1.480,0.647
1974.773,-1.302,1.480,0.650
1974.883,-1.295,1.480,0.654
1974.995,-1.287,1.480,0.660
1975.106,-1.276,1.480,0.666
1975.217,-1.261,1.481,0.672
1975.328,-1.241,1.482,0.677
1975.440,-1.209,1.482,0.682
1975.551,-1.167,1.483,0.690
1975.662,-1.122,1.484,0.704
1975.773,-1.084,1.485,0.721
1975.884,-1.054,1.487,0.739
1975.995,-1.029,1.490,0.757
1976.106,-1.011,1.492,0.774
1976.217,-0.999,1.495,0.787
1976.328,-0.990,1.497,0.791
1976.439,-0.985,1.498,0.786
1976.550,-0.985,1.499,0.772
1976.662,-0.986,1.505,0.747
1976.773,-0.986,1.510,0.715
1976.884,-0.986,1.513,0.683
1976.995,-0.985,1.514,0.654
1977.106,-0.981,1.513,0.635
1977.217,-0.978,1.511,0.623
1977.328,-0.974,1.514,0.620
1977.439,-0.964,1.517,0.629
1977.550,-0.946,1.516,0.652
1977.662,-0.925,1.516,0.690
1977.773,-0.902,1.519,0.735
1977.884,-0.880,1.521,0.777
1977.995,-0.859,1.522,0.810
1978.106,-0.833,1.523,0.833
1978.217,-0.796,1.521,0.846
1978.328,-0.749,1.516,0.850
1978.439,-0.695,1.509,0.845
1978.550,-0.636,1.504,0.828
1978.661,-0.573,1.509,0.810
1978.773,-0.516,1.509,0.802
1978.883,-0.470,1.509,0.801
1978.995,-0.427,1.512,0.811
1979.106,-0.386,1.508,0.832
1979.217,-0.351,1.504,0.867
1979.328,-0.328,1.503,0.911
1979.439,-0.309,1.513,0.953
1979.550,-0.286,1.520,0.982
1979.661,-0.260,1.521,1.008
1979.772,-0.230,1.523,1.028
1979.883,-0.196,1.522,1.043
1979.995,-0.154,1.519,1.054
1980.106,-0.104,1.515,1.061
1980.217,-0.048,1.512,1.063
1980.328,0.012,1.514,1.067
1980.439,0.066,1.512,1.074
1980.550,0.108,1.509,1.083
1980.664,0.139,1.505,1.089
1980.772,0.160,1.505,1.093
1980.883,0.174,1.505,1.094
1980.994,0.179,1.505,1.096
1981.106,0.174,1.505,1.097
1981.217,0.159,1.507,1.096
1981.327,0.131,1.510,1.097
1981.439,0.091,1.517,1.100
1981.549,0.046,1.522,1.103
1981.661,0.003,1.525,1.104
1981.772,-0.034,1.528,1.106
1981.883,-0.067,1.528,1.107
1981.994,-0.094,1.528,1.104
1982.105,-0.109,1.531,1.094
1982.216,-0.112,1.532,1.082
1982.327,-0.102,1.534,1.069
1982.438,-0.083,1.540,1.058
1982.549,-0.063,1.549,1.050
1982.660,-0.046,1.556,1.042
1982.771,-0.032,1.561,1.033
1982.882,-0.023,1.566,1.026
1982.993,-0.019,1.569,1.020
1983.105,-0.016,1.571,1.014
1983.215,-0.013,1.571,1.010
1983.327,-0.011,1.572,1.008
1983.438,-0.010,1.571,1.008
1983.549,-0.010,1.571,1.009
1983.660,-0.011,1.571,1.011
1983.771,-0.010,1.570,1.012
1983.882,-0.007,1.569,1.016
1983.993,-0.003,1.565,1.027
1984.104,0.004,1.549,1.052
1984.215,0.013,1.523,1.087
1984.326,0.019,1.495,1.127
1984.437,0.013,1.471,1.174
1984.548,-0.009,1.447,1.225
1984.659,-0.051,1.438,1.278
1984.771,-0.086,1.436,1.323
1984.881,-0.103,1.436,1.359
1984.993,-0.105,1.434,1.403
1985.104,-0.095,1.424,1.458
1985.215,-0.075,1.415,1.521
1985.326,-0.043,1.414,1.597
1985.437,-0.006,1.424,1.675
1985.548,0.013,1.453,1.750
1985.659,0.016,1.486,1.812
1985.771,0.014,1.506,1.871
1985.882,0.001,1.504,1.936
1985.993,-0.025,1.499,2.008
1986.104,-0.057,1.509,2.083
1986.215,-0.082,1.525,2.156
1986.326,-0.094,1.532,2.226
1986.437,-0.097,1.532,2.296
1986.548,-0.088,1.523,2.371
1986.659,-0.064,1.511,2.450
1986.771,-0.040,1.516,2.530
1986.881,-0.027,1.528,2.602
1986.992,-0.025,1.532,2.664
1987.104,-0.029,1.532,2.727
1987.214,-0.041,1.526,2.794
1987.326,-0.064,1.517,2.867
1987.437,-0.088,1.514,2.947
1987.548,-0.104,1.525,3.025
1987.659,-0.114,1.533,3.094
1987.770,-0.120,1.534,3.158
1987.881,-0.125,1.526,3.228
1987.993,-0.122,1.514,3.304
1988.104,-0.107,1.509,3.386
1988.215,-0.091,1.517,3.465
1988.327,-0.087,1.521,3.537
1988.437,-0.087,1.520,3.604
1988.548,-0.092,1.512,3.672
1988.659,-0.111,1.500,3.740
1988.770,-0.143,1.490,3.813
1988.882,-0.169,1.490,3.888
1988.993,-0.181,1.487,3.955
1989.104,-0.185,1.486,4.012
1989.214,-0.182,1.483,4.068
1989.326,-0.169,1.474,4.121
1989.437,-0.144,1.467,4.170
1989.548,-0.112,1.465,4.225
1989.659,-0.090,1.462,4.276
1989.770,-0.082,1.456,4.330
1989.881,-0.077,1.441,4.393
1989.992,-0.074,1.416,4.458
1990.104,-0.080,1.392,4.517
1990.214,-0.085,1.365,4.569
1990.325,-0.086,1.338,4.617
1990.437,-0.083,1.301,4.660
1990.548,-0.080,1.252,4.691
1990.659,-0.078,1.198,4.714
1990.770,-0.075,1.148,4.726
1990.881,-0.076,1.112,4.731
1990.992,-0.078,1.093,4.734
1991.104,-0.077,1.087,4.736
1991.214,-0.069,1.091,4.739
1991.326,-0.048,1.104,4.739
1991.437,-0.009,1.124,4.737
1991.548,0.029,1.138,4.730
1991.659,0.064,1.146,4.726
1991.771,0.091,1.148,4.724
1991.881,0.111,1.145,4.727
1991.992,0.131,1.133,4.730
1992.104,0.154,1.117,4.732
1992.215,0.169,1.106,4.732
1992.326,0.178,1.099,4.731
1992.437,0.181,1.104,4.729
1992.548,0.178,1.123,4.731
1992.659,0.168,1.153,4.735
1992.770,0.155,1.188,4.739
1992.881,0.141,1.218,4.742
1992.992,0.124,1.234,4.747
1993.104,0.108,1.235,4.752
1993.215,0.094,1.232,4.756
1993.326,0.082,1.234,4.760
1993.437,0.071,1.240,4.763
1993.548,0.065,1.246,4.765
1993.658,0.064,1.253,4.764
1993.770,0.069,1.260,4.757
1993.881,0.076,1.270,4.748
1993.992,0.076,1.299,4.739
1994.104,0.069,1.342,4.726
1994.214,0.054,1.387,4.711
1994.326,0.028,1.426,4.699
1994.437,-0.014,1.448,4.688
1994.548,-0.071,1.461,4.680
1994.659,-0.143,1.473,4.674
1994.770,-0.204,1.481,4.673
1994.880,-0.236,1.484,4.680
1994.992,-0.256,1.489,4.702
1995.103,-0.280,1.489,4.738
1995.214,-0.305,1.487,4.785
1995.325,-0.323,1.483,4.834
1995.437,-0.338,1.491,4.887
1995.547,-0.360,1.504,4.928
1995.658,-0.392,1.517,4.961
1995.770,-0.429,1.524,4.994
1995.881,-0.470,1.522,5.029
1995.992,-0.521,1.521,5.062
1996.104,-0.579,1.528,5.094
1996.214,-0.628,1.541,5.127
1996.325,-0.661,1.549,5.162
1996.437,-0.680,1.555,5.201
1996.548,-0.687,1.554,5.249
1996.659,-0.677,1.550,5.307
1996.770,-0.654,1.547,5.367
1996.881,-0.628,1.555,5.431
1996.993,-0.607,1.560,5.489
1997.104,-0.593,1.563,5.549
1997.215,-0.592,1.565,5.610
1997.326,-0.603,1.556,5.670
1997.437,-0.624,1.552,5.728
1997.548,-0.648,1.560,5.787
1997.659,-0.660,1.569,5.842
1997.771,-0.662,1.569,5.892
1997.881,-0.651,1.569,5.943
1997.992,-0.627,1.564,5.994
1998.104,-0.590,1.558,6.040
1998.215,-0.546,1.563,6.082
1998.326,-0.507,1.568,6.124
1998.437,-0.475,1.570,6.165
1998.548,-0.452,1.572,6.210
1998.659,-0.436,1.569,6.258
1998.770,-0.436,1.563,6.308
1998.881,-0.443,1.566,6.356
1998.993,-0.444,1.572,6.404
1999.104,-0.438,1.572,6.448
1999.215,-0.426,1.573,6.487
1999.326,-0.404,1.574,6.520
1999.437,-0.371,1.573,6.549
1999.548,-0.328,1.571,6.573
1999.659,-0.279,1.574,6.598
1999.770,-0.234,1.575,6.622
1999.881,-0.199,1.573,6.639
1999.993,-0.173,1.572,6.650
2000.104,-0.152,1.571,6.655
2000.215,-0.138,1.570,6.658
2000.326,-0.133,1.570,6.661
2000.437,-0.144,1.577,6.665
2000.548,-0.164,1.590,6.661
2000.659,-0.182,1.597,6.653
2000.770,-0.199,1.603,6.639
2000.881,-0.216,1.607,6.624
2000.992,-0.232,1.610,6.612
2001.103,-0.247,1.612,6.604
2001.214,-0.259,1.614,6.597
2001.326,-0.268,1.618,6.592
2001.437,-0.276,1.622,6.590
2001.547,-0.281,1.623,6.593
2001.659,-0.281,1.622,6.598
2001.770,-0.279,1.621,6.601
2001.881,-0.278,1.620,6.602
2001.992,-0.278,1.620,6.602
2002.104,-0.278,1.621,6.604
2002.214,-0.279,1.619,6.608
2002.326,-0.285,1.615,6.612
2002.437,-0.298,1.601,6.624
2002.548,-0.320,1.568,6.637
2002.658,-0.344,1.540,6.645
2002.770,-0.373,1.530,6.651
2002.880,-0.403,1.523,6.652
2002.991,-0.426,1.515,6.648
2003.103,-0.443,1.498,6.655
2003.214,-0.452,1.482,6.677
2003.325,-0.452,1.463,6.720
2003.436,-0.443,1.439,6.769
2003.547,-0.436,1.419,6.808
2003.658,-0.437,1.396,6.832
2003.769,-0.442,1.380,6.843
2003.880,-0.449,1.370,6.847
2003.992,-0.456,1.369,6.849
2004.102,-0.462,1.372,6.848
2004.214,-0.471,1.380,6.846
2004.324,-0.485,1.384,6.844
2004.435,-0.508,1.377,6.836
2004.546,-0.535,1.375,6.824
2004.658,-0.564,1.382,6.804
2004.769,-0.603,1.401,6.771
2004.880,-0.639,1.424,6.727
2004.991,-0.672,1.445,6.687
2005.103,-0.699,1.459,6.655
2005.213,-0.723,1.464,6.635
2005.324,-0.748,1.466,6.629
2005.436,-0.774,1.465,6.633
2005.547,-0.806,1.460,6.649
2005.699,-0.836,1.453,6.670
2005.800,-0.922,1.434,6.733
2005.911,-0.981,1.424,6.771
2006.022,-1.032,1.415,6.804
2006.134,-1.071,1.415,6.825
2006.241,-1.098,1.420,6.830
2006.352,-1.123,1.427,6.828
2006.463,-1.149,1.431,6.822
2006.574,-1.180,1.432,6.812
2006.685,-1.218,1.432,6.797
2006.797,-1.260,1.431,6.775
2006.908,-1.306,1.433,6.759
2007.019,-1.354,1.431,6.751
2007.130,-1.397,1.421,6.756
2007.241,-1.439,1.408,6.773
2007.352,-1.477,1.385,6.802
2007.463,-1.519,1.353,6.842
2007.574,-1.562,1.319,6.885
2007.686,-1.596,1.286,6.921
2007.797,-1.624,1.249,6.948
2007.908,-1.647,1.211,6.966
2008.019,-1.664,1.177,6.980
2008.130,-1.672,1.148,6.995
2008.241,-1.673,1.125,7.012
2008.353,-1.671,1.119,7.026
2008.464,-1.667,1.126,7.034
2008.574,-1.662,1.143,7.039
2008.686,-1.658,1.170,7.038
2008.797,-1.654,1.201,7.029
2008.908,-1.649,1.236,7.015
2009.019,-1.642,1.274,6.995
2009.130,-1.628,1.313,6.969
2009.241,-1.608,1.353,6.941
2009.352,-1.583,1.386,6.909
2009.463,-1.559,1.409,6.871
2009.574,-1.541,1.425,6.837
2009.685,-1.527,1.431,6.810
2009.796,-1.516,1.435,6.784
2009.907,-1.503,1.443,6.751
2010.019,-1.492,1.457,6.706
2010.129,-1.485,1.470,6.663
2010.241,-1.483,1.474,6.630
2010.352,-1.488,1.478,6.609
2010.463,-1.507,1.481,6.598
2010.574,-1.539,1.483,6.605
2010.685,-1.576,1.478,6.636
2010.796,-1.621,1.469,6.680
2010.907,-1.676,1.468,6.725
2011.019,-1.729,1.466,6.761
2011.130,-1.769,1.466,6.782
2011.241,-1.791,1.477,6.791
2011.353,-1.800,1.490,6.794
2011.463,-1.796,1.496,6.799
2011.574,-1.786,1.509,6.792
2011.686,-1.772,1.521,6.765
2011.796,-1.758,1.533,6.721
2011.908,-1.753,1.541,6.670
2012.019,-1.754,1.544,6.620
2012.130,-1.758,1.545,6.575
2012.241,-1.759,1.549,6.538
2012.352,-1.760,1.552,6.511
2012.463,-1.763,1.556,6.493
2012.574,-1.769,1.557,6.481
2012.686,-1.773,1.558,6.472
2012.796,-1.777,1.557,6.468
2012.908,-1.779,1.557,6.465
2013.019,-1.780,1.557,6.462
2013.130,-1.785,1.558,6.458
2013.241,-1.797,1.560,6.455
2013.350,-1.804,1.561,6.446
2013.461,-1.814,1.554,6.432
2013.572,-1.826,1.546,6.420
2013.683,-1.837,1.538,6.411
2013.795,-1.844,1.531,6.407
2013.906,-1.849,1.528,6.407
2014.017,-1.857,1.525,6.412
2014.128,-1.866,1.523,6.422
2014.239,-1.879,1.519,6.439
2014.351,-1.895,1.516,6.462
2014.462,-1.918,1.513,6.495
2014.573,-1.948,1.506,6.538
2014.684,-1.989,1.497,6.591
2014.795,-2.043,1.492,6.652
2014.906,-2.104,1.492,6.706
2015.018,-2.161,1.485,6.748
2015.129,-2.206,1.476,6.781
2015.240,-2.240,1.471,6.804
2015.351,-2.265,1.464,6.821
2015.462,-2.280,1.459,6.831
2015.573,-2.290,1.456,6.836
2015.684,-2.294,1.454,6.836
2015.796,-2.294,1.453,6.834
2015.907,-2.287,1.455,6.828
2016.018,-2.276,1.456,6.811
2016.129,-2.259,1.456,6.773
2016.240,-2.228,1.456,6.723
2016.352,-2.184,1.456,6.679
2016.462,-2.135,1.457,6.639
2016.573,-2.082,1.455,6.605
2016.685,-2.032,1.454,6.578
2016.796,-1.993,1.456,6.557
2016.907,-1.971,1.459,6.537
2017.018,-1.962,1.458,6.519
2017.129,-1.967,1.451,6.498
2017.240,-1.986,1.443,6.475
2017.351,-2.023,1.438,6.450
2017.462,-2.067,1.432,6.423
2017.573,-2.114,1.423,6.397
2017.685,-2.159,1.408,6.374
2017.795,-2.200,1.391,6.358
2017.907,-2.232,1.378,6.352
2018.018,-2.253,1.373,6.353
2018.129,-2.266,1.373,6.356
2018.240,-2.275,1.372,6.359
2018.352,-2.281,1.371,6.360
2018.463,-2.283,1.367,6.360
2018.574,-2.283,1.364,6.358
2018.685,-2.279,1.370,6.351
2018.796,-2.271,1.380,6.339
2018.906,-2.261,1.391,6.334
2019.018,-2.249,1.402,6.328
2019.129,-2.234,1.410,6.321
2019.240,-2.215,1.417,6.312
2019.351,-2.194,1.421,6.303
2019.462,-2.170,1.422,6.292
2019.573,-2.140,1.423,6.275
2019.685,-2.103,1.426,6.257
2019.796,-2.057,1.430,6.239
2019.907,-2.000,1.440,6.223
2020.018,-1.946,1.444,6.209
2020.129,-1.910,1.451,6.195
2020.240,-1.896,1.455,6.179
2020.352,-1.900,1.452,6.156
2020.462,-1.922,1.448,6.128
2020.573,-1.960,1.441,6.098
2020.685,-2.011,1.433,6.062
2020.795,-2.066,1.423,6.021
2020.907,-2.114,1.407,5.988
2021.018,-2.152,1.391,5.967
2021.129,-2.178,1.378,5.957
2021.242,-2.197,1.373,5.951
2021.351,-2.210,1.370,5.950
2021.462,-2.219,1.370,5.949
2021.573,-2.227,1.369,5.949
2021.684,-2.231,1.366,5.948
2021.795,-2.235,1.363,5.947
2021.907,-2.240,1.360,5.944
2022.018,-2.245,1.356,5.940
2022.129,-2.248,1.353,5.937
2022.240,-2.250,1.352,5.934
2022.351,-2.251,1.354,5.931
2022.462,-2.250,1.357,5.927
2022.573,-2.249,1.357,5.921
2022.684,-2.247,1.357,5.912
2022.795,-2.247,1.353,5.900
2022.907,-2.247,1.348,5.888
2023.018,-2.246,1.346,5.877
2023.129,-2.239,1.350,5.868
2023.240,-2.226,1.357,5.859
2023.351,-2.211,1.363,5.847
2023.462,-2.192,1.368,5.835
2023.573,-2.170,1.370,5.824
2023.685,-2.144,1.372,5.813
2023.795,-2.110,1.378,5.802
2023.906,-2.060,1.394,5.790
2024.017,-1.997,1.420,5.768
2024.129,-1.935,1.438,5.748
2024.240,-1.891,1.445,5.730
2024.351,-1.865,1.448,5.716
2024.462,-1.848,1.447,5.700
2024.573,-1.843,1.442,5.681
2024.684,-1.852,1.441,5.657
2024.795,-1.871,1.436,5.629
2024.906,-1.901,1.429,5.594
2025.018,-1.939,1.430,5.552
2025.128,-1.979,1.432,5.506
2025.239,-2.018,1.428,5.469
2025.351,-2.058,1.424,5.439
2025.462,-2.092,1.418,5.418
2025.573,-2.120,1.413,5.401
2025.684,-2.143,1.405,5.391
2025.795,-2.159,1.403,5.390
2025.907,-2.165,1.406,5.391
2026.018,-2.165,1.404,5.394
2026.129,-2.160,1.399,5.403
2026.240,-2.148,1.398,5.411
2026.351,-2.127,1.395,5.413
2026.462,-2.092,1.391,5.407
2026.573,-2.043,1.383,5.391
2026.684,-1.984,1.368,5.363
2026.795,-1.927,1.345,5.328
2026.906,-1.887,1.311,5.293
2027.017,-1.873,1.267,5.265
2027.128,-1.880,1.204,5.244
2027.240,-1.891,1.128,5.236
2027.351,-1.900,1.050,5.234
2027.462,-1.913,0.982,5.231
2027.573,-1.929,0.917,5.229
2027.685,-1.942,0.868,5.230
2027.795,-1.949,0.822,5.239
2027.906,-1.957,0.781,5.247
2028.017,-1.951,0.757,5.255
2028.128,-1.938,0.753,5.266
2028.239,-1.928,0.749,5.284
2028.351,-1.920,0.743,5.298
2028.462,-1.915,0.733,5.308
2028.573,-1.911,0.728,5.315
2028.684,-1.910,0.728,5.319
2028.795,-1.911,0.726,5.323
2028.906,-1.909,0.725,5.327
2029.018,-1.905,0.725,5.330
2029.128,-1.901,0.725,5.333
2029.239,-1.898,0.726,5.332
2029.350,-1.896,0.727,5.330
2029.462,-1.893,0.728,5.328
2029.573,-1.891,0.728,5.327
2029.684,-1.889,0.727,5.326
2029.795,-1.887,0.728,5.326
2029.906,-1.884,0.727,5.327
2030.016,-1.881,0.727,5.326
2030.128,-1.880,0.727,5.324
2030.239,-1.879,0.726,5.320
2030.351,-1.878,0.725,5.317
2030.462,-1.876,0.724,5.314
2030.573,-1.873,0.724,5.311
2030.684,-1.869,0.723,5.310
2030.795,-1.867,0.722,5.310
2030.905,-1.864,0.721,5.310
2031.016,-1.859,0.721,5.312
2031.128,-1.858,0.724,5.314
2031.239,-1.859,0.725,5.317
2031.350,-1.860,0.724,5.318
2031.461,-1.861,0.722,5.317
2031.572,-1.863,0.723,5.316
2031.683,-1.864,0.722,5.315
2031.794,-1.866,0.721,5.316
2031.906,-1.868,0.720,5.317
2032.017,-1.869,0.719,5.317
2032.128,-1.870,0.718,5.317
2032.239,-1.870,0.717,5.318
2032.350,-1.870,0.718,5.318
2032.461,-1.868,0.718,5.318
2032.573,-1.866,0.718,5.318
2032.683,-1.864,0.718,5.318
2032.794,-1.863,0.718,5.318
2032.906,-1.862,0.719,5.318
2033.017,-1.862,0.718,5.317
2033.128,-1.863,0.718,5.316
2033.239,-1.864,0.718,5.314
2033.350,-1.864,0.717,5.313
2033.461,-1.864,0.716,5.312
2033.572,-1.864,0.716,5.312
2033.683,-1.864,0.716,5.313
2033.795,-1.864,0.716,5.313
2033.906,-1.865,0.715,5.313
2034.017,-1.865,0.715,5.313
2034.128,-1.864,0.715,5.314
2034.239,-1.862,0.715,5.315
2034.350,-1.860,0.715,5.317
2034.461,-1.859,0.716,5.319
2034.572,-1.859,0.717,5.321
2034.683,-1.858,0.717,5.323
2034.794,-1.858,0.717,5.327
2034.906,-1.857,0.718,5.329
2035.017,-1.856,0.719,5.329
2035.128,-1.854,0.722,5.331
2035.239,-1.854,0.725,5.334
2035.350,-1.853,0.727,5.336
2035.461,-1.854,0.729,5.336
2035.572,-1.857,0.730,5.332
2035.683,-1.863,0.732,5.323
2035.794,-1.874,0.744,5.304
2035.906,-1.875,0.786,5.279
2036.017,-1.885,0.836,5.258
2036.128,-1.895,0.881,5.236
2036.239,-1.903,0.924,5.217
2036.350,-1.913,0.966,5.206
2036.461,-1.921,1.012,5.202
2036.572,-1.922,1.052,5.200
2036.684,-1.913,1.097,5.196
2036.795,-1.896,1.146,5.193
2036.906,-1.870,1.198,5.193
2037.017,-1.838,1.250,5.197
2037.128,-1.798,1.298,5.209
2037.239,-1.756,1.346,5.224
2037.350,-1.715,1.391,5.244
2037.461,-1.672,1.435,5.264
2037.572,-1.627,1.477,5.286
2037.684,-1.581,1.513,5.308
2037.794,-1.542,1.540,5.324
2037.905,-1.515,1.559,5.336
2038.016,-1.506,1.568,5.336
2038.127,-1.512,1.569,5.331
2038.239,-1.528,1.569,5.324
2038.349,-1.554,1.569,5.318
2038.460,-1.586,1.564,5.315
2038.572,-1.625,1.561,5.309
2038.683,-1.669,1.567,5.294
2038.794,-1.710,1.569,5.274
2038.905,-1.747,1.566,5.253
2039.017,-1.772,1.564,5.235
2039.128,-1.782,1.567,5.214
2039.239,-1.788,1.566,5.190
2039.350,-1.777,1.566,5.163
2039.461,-1.753,1.565,5.135
2039.572,-1.725,1.565,5.107
2039.683,-1.694,1.569,5.076
2039.794,-1.665,1.571,5.047
2039.906,-1.642,1.573,5.021
2040.016,-1.626,1.574,4.998
2040.127,-1.619,1.575,4.974
2040.239,-1.620,1.575,4.947
2040.350,-1.629,1.573,4.918
2040.460,-1.646,1.569,4.891
2040.572,-1.670,1.562,4.864
2040.683,-1.696,1.565,4.831
2040.795,-1.719,1.566,4.795
2040.906,-1.739,1.564,4.758
2041.017,-1.752,1.560,4.727
2041.127,-1.756,1.560,4.695
2041.239,-1.749,1.557,4.656
2041.350,-1.730,1.553,4.612
2041.461,-1.699,1.549,4.572
2041.572,-1.663,1.552,4.537
2041.683,-1.631,1.556,4.502
2041.794,-1.607,1.558,4.469
2041.906,-1.590,1.559,4.438
2042.017,-1.582,1.561,4.405
2042.127,-1.584,1.559,4.369
2042.239,-1.595,1.556,4.328
2042.351,-1.613,1.552,4.288
2042.461,-1.634,1.555,4.247
2042.572,-1.656,1.561,4.205
2042.683,-1.673,1.562,4.166
2042.794,-1.684,1.560,4.130
2042.906,-1.687,1.565,4.097
2043.017,-1.685,1.566,4.064
2043.128,-1.672,1.564,4.029
2043.239,-1.644,1.558,3.997
2043.350,-1.604,1.557,3.972
2043.461,-1.563,1.560,3.945
2043.572,-1.528,1.558,3.914
2043.683,-1.505,1.552,3.885
2043.795,-1.493,1.551,3.862
2043.906,-1.486,1.545,3.838
2044.017,-1.489,1.541,3.811
2044.128,-1.497,1.539,3.785
2044.239,-1.512,1.534,3.764
2044.350,-1.536,1.530,3.745
2044.461,-1.567,1.530,3.726
2044.572,-1.599,1.529,3.707
2044.683,-1.625,1.528,3.685
2044.794,-1.639,1.521,3.658
2044.905,-1.632,1.513,3.632
2045.016,-1.609,1.508,3.627
2045.128,-1.593,1.503,3.635
2045.239,-1.580,1.497,3.643
2045.350,-1.566,1.497,3.651
2045.461,-1.548,1.498,3.655
2045.572,-1.515,1.498,3.665
2045.683,-1.470,1.499,3.680
2045.794,-1.412,1.503,3.696
2045.906,-1.349,1.502,3.716
2046.017,-1.293,1.505,3.739
2046.128,-1.256,1.504,3.762
2046.239,-1.233,1.507,3.782
2046.350,-1.222,1.509,3.798
2046.461,-1.214,1.511,3.802
2046.572,-1.207,1.513,3.791
2046.683,-1.198,1.518,3.766
2046.795,-1.184,1.531,3.735
2046.905,-1.165,1.540,3.710
2047.016,-1.143,1.536,3.691
2047.127,-1.121,1.538,3.681
2047.238,-1.113,1.543,3.686
2047.349,-1.108,1.543,3.704
2047.460,-1.106,1.548,3.734
2047.572,-1.115,1.551,3.770
2047.682,-1.136,1.559,3.811
2047.793,-1.160,1.568,3.851
2047.905,-1.175,1.575,3.887
2048.016,-1.181,1.584,3.916
2048.127,-1.174,1.595,3.934
2048.238,-1.149,1.598,3.953
2048.349,-1.109,1.597,3.969
2048.460,-1.058,1.596,3.979
2048.571,-0.996,1.596,3.986
2048.682,-0.928,1.600,3.997
2048.793,-0.857,1.600,4.014
2048.905,-0.795,1.576,4.039
2049.016,-0.746,1.550,4.071
2049.127,-0.712,1.538,4.114
2049.239,-0.689,1.523,4.166
2049.349,-0.679,1.509,4.225
2049.460,-0.681,1.510,4.286
2049.572,-0.676,1.511,4.339
2049.683,-0.667,1.496,4.385
2049.794,-0.649,1.491,4.426
2049.905,-0.626,1.487,4.463
2050.016,-0.592,1.478,4.499
2050.127,-0.548,1.471,4.531
2050.238,-0.500,1.472,4.554
2050.349,-0.457,1.480,4.579
2050.460,-0.426,1.475,4.608
2050.571,-0.405,1.473,4.639
2050.682,-0.390,1.472,4.673
2050.794,-0.383,1.466,4.713
2050.904,-0.389,1.463,4.759
2051.015,-0.405,1.465,4.808
2051.126,-0.426,1.476,4.857
2051.238,-0.439,1.476,4.907
2051.349,-0.439,1.470,4.948
2051.460,-0.425,1.467,4.980
2051.571,-0.398,1.457,5.008
2051.682,-0.359,1.446,5.033
2051.793,-0.304,1.432,5.055
2051.905,-0.235,1.416,5.074
2052.015,-0.166,1.388,5.093
2052.127,-0.110,1.352,5.107
2052.238,-0.068,1.327,5.116
2052.349,-0.043,1.318,5.121
2052.460,-0.030,1.315,5.125
2052.571,-0.027,1.320,5.128
2052.682,-0.029,1.329,5.137
2052.793,-0.040,1.341,5.151
2052.905,-0.060,1.356,5.175
2053.015,-0.087,1.374,5.207
2053.126,-0.129,1.396,5.239
2053.238,-0.190,1.423,5.272
2053.348,-0.269,1.455,5.307
2053.460,-0.350,1.473,5.338
2053.571,-0.414,1.481,5.364
2053.682,-0.467,1.494,5.388
2053.793,-0.508,1.506,5.409
2053.904,-0.534,1.513,5.430
2054.015,-0.541,1.518,5.457
2054.126,-0.532,1.522,5.491
2054.238,-0.508,1.523,5.529
2054.349,-0.472,1.526,5.570
2054.460,-0.426,1.537,5.613
2054.571,-0.387,1.546,5.653
2054.682,-0.361,1.549,5.689
2054.793,-0.343,1.554,5.722
2054.905,-0.331,1.556,5.757
2055.015,-0.327,1.554,5.799
2055.127,-0.332,1.552,5.847
2055.238,-0.348,1.549,5.901
2055.350,-0.368,1.556,5.959
2055.460,-0.378,1.564,6.015
2055.572,-0.374,1.556,6.068
2055.683,-0.355,1.555,6.108
2055.794,-0.331,1.550,6.146
2055.905,-0.305,1.536,6.181
2056.016,-0.269,1.526,6.213
2056.127,-0.224,1.518,6.240
2056.238,-0.171,1.520,6.267
2056.349,-0.126,1.520,6.296
2056.460,-0.091,1.520,6.324
2056.572,-0.066,1.524,6.351
2056.682,-0.048,1.523,6.380
2056.793,-0.036,1.521,6.411
2056.905,-0.039,1.517,6.445
2057.016,-0.054,1.521,6.481
2057.127,-0.063,1.531,6.524
2057.238,-0.064,1.532,6.559
2057.349,-0.057,1.533,6.586
2057.460,-0.049,1.535,6.612
2057.571,-0.038,1.534,6.632
2057.682,-0.019,1.535,6.642
2057.794,0.006,1.536,6.647
2057.904,0.034,1.537,6.657
2058.015,0.057,1.534,6.672
2058.126,0.072,1.529,6.684
2058.238,0.077,1.522,6.693
2058.349,0.072,1.510,6.699
2058.459,0.063,1.499,6.688
2058.571,0.043,1.500,6.669
2058.681,0.011,1.501,6.647
2058.793,-0.031,1.498,6.619
2058.904,-0.075,1.498,6.583
2059.015,-0.115,1.495,6.547
2059.126,-0.150,1.492,6.521
2059.237,-0.177,1.494,6.502
2059.348,-0.199,1.495,6.489
2059.459,-0.223,1.495,6.486
2059.570,-0.248,1.492,6.498
2059.681,-0.272,1.483,6.525
2059.792,-0.298,1.470,6.567
2059.904,-0.329,1.456,6.618
2060.015,-0.365,1.451,6.670
2060.126,-0.400,1.446,6.715
2060.237,-0.439,1.440,6.750
2060.348,-0.470,1.438,6.767
2060.459,-0.505,1.443,6.773
2060.570,-0.547,1.456,6.764
2060.681,-0.594,1.472,6.742
2060.792,-0.636,1.484,6.708
2060.903,-0.675,1.495,6.666
2061.014,-0.715,1.506,6.616
2061.125,-0.759,1.514,6.568
2061.237,-0.796,1.515,6.528
2061.348,-0.826,1.515,6.505
2061.459,-0.858,1.524,6.494
2061.571,-0.893,1.529,6.489
2061.681,-0.929,1.531,6.488
2061.793,-0.955,1.538,6.494
2061.904,-0.983,1.549,6.511
2062.015,-1.012,1.555,6.530
2062.126,-1.037,1.556,6.549
2062.237,-1.056,1.562,6.561
2062.348,-1.069,1.565,6.569
2062.459,-1.075,1.570,6.579
2062.571,-1.068,1.575,6.591
2062.682,-1.061,1.570,6.603
2062.793,-1.060,1.562,6.611
2062.903,-1.063,1.556,6.615
2063.014,-1.066,1.555,6.622
2063.125,-1.067,1.563,6.632
2063.237,-1.067,1.579,6.646
2063.348,-1.069,1.595,6.659
2063.459,-1.073,1.603,6.666
2063.571,-1.080,1.608,6.669
2063.681,-1.086,1.612,6.673
2063.792,-1.089,1.614,6.675
2063.904,-1.091,1.613,6.679
2064.015,-1.093,1.611,6.683
2064.126,-1.095,1.611,6.686
2064.237,-1.096,1.611,6.687
2064.348,-1.100,1.611,6.686
2064.459,-1.104,1.610,6.687
2064.570,-1.111,1.606,6.688
2064.681,-1.117,1.604,6.688
2064.793,-1.125,1.598,6.674
2064.904,-1.144,1.585,6.637
2065.014,-1.173,1.563,6.586
2065.126,-1.211,1.544,6.536
2065.237,-1.239,1.526,6.498
2065.348,-1.255,1.517,6.468
2065.459,-1.262,1.515,6.447
2065.570,-1.274,1.514,6.428
2065.684,-1.288,1.511,6.420
2065.786,-1.320,1.510,6.421
2065.897,-1.358,1.507,6.434
2066.009,-1.401,1.503,6.460
2066.119,-1.449,1.502,6.499
2066.221,-1.482,1.515,6.538
2066.333,-1.505,1.528,6.584
2066.444,-1.516,1.539,6.622
2066.555,-1.532,1.548,6.644
2066.666,-1.552,1.548,6.654
2066.777,-1.577,1.544,6.653
2066.889,-1.608,1.544,6.644
2066.998,-1.639,1.541,6.620
2067.109,-1.681,1.542,6.594
2067.220,-1.732,1.544,6.576
2067.332,-1.773,1.546,6.564
2067.443,-1.800,1.539,6.555
2067.555,-1.820,1.535,6.549
2067.667,-1.834,1.535,6.550
2067.778,-1.846,1.534,6.560
2067.889,-1.855,1.533,6.576
2068.000,-1.858,1.535,6.601
2068.111,-1.856,1.536,6.632
2068.222,-1.855,1.537,6.665
2068.333,-1.857,1.538,6.693
2068.445,-1.860,1.537,6.714
2068.555,-1.863,1.538,6.729
2068.667,-1.868,1.539,6.738
2068.778,-1.871,1.538,6.741
2068.889,-1.873,1.539,6.738
2069.000,-1.874,1.541,6.730
2069.111,-1.872,1.541,6.716
2069.222,-1.869,1.543,6.697
2069.333,-1.867,1.546,6.678
2069.444,-1.867,1.547,6.658
2069.556,-1.867,1.548,6.638
2069.667,-1.868,1.549,6.619
2069.778,-1.869,1.550,6.603
2069.887,-1.868,1.550,6.588
2070.000,-1.867,1.551,6.573
2070.111,-1.864,1.552,6.560
2070.222,-1.861,1.553,6.548
2070.333,-1.859,1.553,6.538
2070.444,-1.856,1.553,6.529
2070.556,-1.855,1.553,6.522
2070.667,-1.859,1.554,6.521
2070.778,-1.866,1.552,6.527
2070.889,-1.882,1.550,6.541
2071.000,-1.910,1.540,6.562
2071.111,-1.945,1.524,6.591
2071.222,-1.979,1.512,6.625
2071.333,-2.011,1.501,6.658
2071.444,-2.042,1.486,6.686
2071.555,-2.069,1.475,6.707
2071.666,-2.091,1.466,6.723
2071.777,-2.113,1.459,6.735
2071.889,-2.131,1.452,6.744
2072.000,-2.142,1.445,6.751
2072.111,-2.148,1.443,6.756
2072.222,-2.150,1.442,6.757
2072.333,-2.152,1.439,6.755
2072.444,-2.153,1.435,6.748
2072.555,-2.153,1.432,6.739
2072.666,-2.142,1.431,6.726
2072.777,-2.126,1.437,6.705
2072.888,-2.105,1.443,6.673
2072.999,-2.080,1.445,6.635
2073.110,-2.053,1.451,6.595
2073.222,-2.025,1.453,6.554
2073.333,-1.994,1.453,6.512
2073.444,-1.966,1.456,6.477
2073.555,-1.944,1.461,6.450
2073.666,-1.927,1.464,6.430
2073.777,-1.917,1.464,6.414
2073.888,-1.919,1.460,6.401
2073.999,-1.929,1.451,6.393
2074.110,-1.946,1.440,6.391
2074.222,-1.969,1.429,6.398
2074.333,-1.995,1.419,6.409
2074.444,-2.020,1.412,6.421
2074.555,-2.042,1.405,6.429
2074.666,-2.063,1.397,6.435
2074.777,-2.082,1.389,6.441
2074.888,-2.100,1.384,6.444
2074.999,-2.116,1.378,6.444
2075.111,-2.129,1.373,6.444
2075.222,-2.141,1.368,6.443
2075.333,-2.150,1.362,6.441
2075.443,-2.155,1.356,6.439
2075.554,-2.159,1.354,6.434
2075.666,-2.162,1.353,6.432
2075.777,-2.164,1.354,6.431
2075.888,-2.165,1.356,6.431
2076.000,-2.166,1.357,6.430
2076.110,-2.167,1.359,6.428
2076.221,-2.169,1.361,6.427
2076.333,-2.172,1.362,6.427
2076.444,-2.174,1.362,6.425
2076.555,-2.177,1.361,6.425
2076.666,-2.179,1.359,6.425
2076.777,-2.182,1.357,6.425
2076.888,-2.184,1.356,6.425
2076.999,-2.184,1.354,6.425
2077.110,-2.181,1.354,6.422
2077.222,-2.173,1.353,6.418
2077.333,-2.158,1.356,6.415
2077.444,-2.135,1.361,6.408
2077.555,-2.097,1.368,6.394
2077.666,-2.043,1.378,6.371
2077.777,-1.981,1.390,6.337
2077.888,-1.921,1.400,6.298
2077.999,-1.865,1.408,6.271
2078.110,-1.824,1.423,6.250
2078.222,-1.791,1.434,6.221
2078.333,-1.763,1.444,6.197
2078.444,-1.741,1.453,6.192
2078.555,-1.725,1.457,6.192
2078.666,-1.716,1.460,6.197
2078.777,-1.714,1.461,6.207
2078.888,-1.712,1.465,6.222
2078.999,-1.710,1.469,6.237
2079.110,-1.712,1.472,6.249
2079.222,-1.715,1.472,6.256
2079.333,-1.716,1.468,6.257
2079.444,-1.725,1.468,6.255
2079.555,-1.758,1.472,6.243
2079.666,-1.814,1.475,6.205
2079.777,-1.862,1.489,6.136
2079.888,-1.874,1.511,6.056
2080.000,-1.835,1.529,5.987
2080.111,-1.749,1.529,5.972
2080.222,-1.690,1.520,6.014
2080.333,-1.668,1.512,6.059
2080.444,-1.658,1.514,6.092
2080.555,-1.652,1.516,6.117
2080.667,-1.638,1.521,6.135
2080.777,-1.620,1.526,6.150
2080.888,-1.598,1.526,6.167
2081.000,-1.573,1.522,6.182
2081.111,-1.546,1.518,6.193
2081.222,-1.529,1.515,6.199
2081.333,-1.519,1.515,6.207
2081.444,-1.510,1.515,6.217
2081.555,-1.503,1.515,6.224
2081.667,-1.494,1.515,6.227
2081.777,-1.484,1.514,6.221
2081.888,-1.472,1.512,6.207
2082.000,-1.469,1.507,6.181
2082.111,-1.484,1.506,6.149
2082.222,-1.508,1.517,6.109
2082.333,-1.529,1.522,6.067
2082.444,-1.542,1.524,6.029
2082.555,-1.549,1.524,5.998
2082.667,-1.545,1.524,5.974
2082.777,-1.531,1.524,5.954
2082.888,-1.502,1.523,5.936
2083.000,-1.458,1.517,5.923
2083.111,-1.404,1.513,5.920
2083.222,-1.351,1.513,5.922
2083.333,-1.300,1.512,5.921
2083.444,-1.256,1.508,5.914
2083.555,-1.224,1.502,5.901
2083.666,-1.199,1.500,5.884
2083.777,-1.181,1.494,5.859
2083.888,-1.174,1.489,5.826
2083.999,-1.181,1.487,5.791
2084.110,-1.200,1.493,5.755
2084.221,-1.219,1.503,5.715
2084.333,-1.238,1.508,5.675
2084.444,-1.253,1.509,5.637
2084.555,-1.261,1.504,5.605
2084.666,-1.258,1.504,5.579
2084.777,-1.247,1.502,5.551
2084.888,-1.231,1.501,5.515
2085.000,-1.215,1.505,5.478
2085.110,-1.199,1.515,5.455
2085.221,-1.176,1.523,5.445
2085.332,-1.148,1.524,5.442
2085.443,-1.125,1.527,5.439
2085.555,-1.112,1.530,5.439
2085.666,-1.112,1.530,5.437
2085.777,-1.124,1.530,5.434
2085.888,-1.143,1.527,5.432
2086.000,-1.166,1.522,5.432
2086.110,-1.193,1.518,5.433
2086.221,-1.230,1.514,5.437
2086.333,-1.278,1.510,5.443
2086.443,-1.332,1.508,5.450
2086.554,-1.388,1.505,5.459
2086.666,-1.437,1.503,5.467
2086.777,-1.477,1.502,5.473
2086.888,-1.507,1.501,5.475
2086.999,-1.528,1.500,5.472
2087.110,-1.543,1.498,5.463
2087.221,-1.550,1.494,5.445
2087.333,-1.547,1.492,5.417
2087.443,-1.533,1.491,5.383
2087.555,-1.511,1.498,5.342
2087.666,-1.489,1.504,5.302
2087.777,-1.475,1.505,5.272
2087.888,-1.466,1.503,5.248
2087.999,-1.464,1.503,5.228
2088.110,-1.469,1.501,5.207
2088.221,-1.482,1.496,5.185
2088.332,-1.497,1.490,5.166
2088.443,-1.517,1.486,5.151
2088.554,-1.544,1.484,5.139
2088.665,-1.576,1.486,5.132
2088.776,-1.608,1.483,5.126
2088.888,-1.639,1.479,5.118
2088.999,-1.670,1.475,5.104
2089.110,-1.700,1.467,5.084
2089.221,-1.729,1.456,5.069
2089.332,-1.753,1.445,5.064
2089.443,-1.773,1.433,5.065
2089.555,-1.786,1.424,5.065
2089.666,-1.793,1.421,5.058
2089.776,-1.794,1.420,5.050
2089.888,-1.789,1.422,5.044
2089.999,-1.779,1.429,5.032
2090.110,-1.763,1.436,5.010
2090.221,-1.740,1.440,4.977
2090.332,-1.708,1.443,4.933
2090.444,-1.671,1.450,4.878
2090.554,-1.627,1.457,4.822
2090.666,-1.580,1.466,4.770
2090.777,-1.540,1.475,4.727
2090.887,-1.510,1.483,4.692
2090.999,-1.488,1.490,4.657
2091.110,-1.474,1.492,4.619
2091.221,-1.470,1.489,4.578
2091.332,-1.476,1.486,4.535
2091.443,-1.495,1.484,4.489
2091.555,-1.524,1.489,4.440
2091.666,-1.556,1.496,4.390
2091.777,-1.583,1.495,4.345
2091.888,-1.600,1.491,4.309
2091.999,-1.609,1.490,4.276
2092.110,-1.610,1.486,4.242
2092.221,-1.601,1.481,4.206
2092.332,-1.577,1.475,4.169
2092.443,-1.535,1.472,4.135
2092.554,-1.486,1.482,4.099
2092.666,-1.450,1.490,4.066
2092.777,-1.433,1.489,4.041
2092.888,-1.430,1.489,4.014
2092.999,-1.436,1.487,3.980
2093.110,-1.451,1.479,3.942
2093.221,-1.477,1.472,3.900
2093.332,-1.513,1.469,3.858
2093.443,-1.549,1.472,3.816
2093.555,-1.579,1.474,3.780
2093.666,-1.600,1.470,3.751
2093.777,-1.614,1.469,3.727
2093.886,-1.622,1.468,3.705
2093.997,-1.618,1.465,3.681
2094.108,-1.602,1.463,3.653
2094.219,-1.573,1.463,3.627
2094.331,-1.535,1.470,3.602
2094.442,-1.494,1.479,3.579
2094.554,-1.457,1.484,3.560
2094.665,-1.429,1.488,3.541
2094.776,-1.411,1.491,3.520
2094.887,-1.405,1.492,3.491
2094.998,-1.408,1.491,3.459
2095.109,-1.418,1.492,3.423
2095.220,-1.436,1.492,3.385
2095.332,-1.462,1.498,3.344
2095.443,-1.490,1.509,3.299
2095.554,-1.515,1.512,3.255
2095.666,-1.530,1.509,3.217
2095.776,-1.537,1.512,3.183
2095.888,-1.536,1.514,3.147
2095.999,-1.521,1.512,3.113
2096.109,-1.488,1.511,3.083
2096.221,-1.443,1.518,3.061
2096.332,-1.401,1.526,3.042
2096.442,-1.366,1.530,3.027
2096.554,-1.339,1.530,3.013
2096.665,-1.324,1.531,3.002
2096.776,-1.318,1.530,2.986
2096.887,-1.317,1.532,2.964
2096.998,-1.320,1.533,2.937
2097.109,-1.324,1.528,2.906
2097.220,-1.339,1.529,2.870
2097.332,-1.360,1.529,2.832
2097.443,-1.377,1.527,2.792
2097.554,-1.391,1.524,2.754
2097.665,-1.401,1.518,2.723
2097.776,-1.409,1.513,2.701
2097.887,-1.414,1.511,2.688
2097.999,-1.418,1.510,2.681
2098.109,-1.417,1.509,2.680
2098.221,-1.412,1.510,2.682
2098.332,-1.405,1.510,2.686
2098.443,-1.398,1.508,2.699
2098.554,-1.390,1.512,2.725
2098.665,-1.379,1.516,2.759
2098.776,-1.365,1.521,2.799
2098.887,-1.346,1.528,2.840
2098.999,-1.325,1.528,2.873
2099.110,-1.302,1.521,2.897
2099.221,-1.281,1.524,2.911
2099.332,-1.262,1.529,2.924
2099.443,-1.253,1.532,2.943
2099.554,-1.254,1.539,2.971
2099.666,-1.262,1.547,3.009
2099.776,-1.278,1.553,3.058
2099.887,-1.301,1.556,3.113
2099.999,-1.332,1.557,3.172
2100.109,-1.361,1.556,3.230
2100.220,-1.385,1.558,3.280
2100.332,-1.399,1.560,3.321
2100.443,-1.409,1.564,3.359
2100.554,-1.418,1.568,3.393
2100.665,-1.424,1.571,3.423
2100.776,-1.427,1.571,3.449
2100.887,-1.424,1.572,3.473
2100.999,-1.422,1.574,3.494
2101.110,-1.421,1.572,3.503
2101.221,-1.420,1.568,3.495
2101.332,-1.416,1.562,3.472
2101.443,-1.409,1.560,3.443
2101.554,-1.402,1.559,3.409
2101.665,-1.388,1.559,3.369
2101.776,-1.374,1.563,3.325
2101.887,-1.364,1.567,3.276
2101.998,-1.356,1.564,3.228
2102.109,-1.349,1.563,3.186
2102.220,-1.345,1.560,3.152
2102.332,-1.349,1.561,3.121
2102.443,-1.361,1.559,3.087
2102.554,-1.379,1.554,3.049
2102.665,-1.405,1.548,3.005
2102.776,-1.445,1.544,2.962
2102.887,-1.489,1.552,2.916
2102.998,-1.528,1.554,2.873
2103.109,-1.562,1.553,2.837
2103.220,-1.588,1.553,2.808
2103.332,-1.605,1.552,2.786
2103.442,-1.612,1.551,2.768
2103.554,-1.612,1.550,2.755
2103.665,-1.604,1.547,2.744
2103.776,-1.593,1.545,2.740
2103.887,-1.580,1.542,2.745
2103.998,-1.569,1.546,2.750
2104.109,-1.566,1.546,2.752
2104.221,-1.571,1.546,2.754
2104.331,-1.580,1.546,2.751
2104.442,-1.592,1.545,2.742
2104.554,-1.602,1.544,2.732
2104.665,-1.609,1.542,2.724
2104.776,-1.614,1.542,2.721
2104.887,-1.618,1.544,2.720
2104.998,-1.621,1.544,2.719
2105.109,-1.621,1.544,2.716
2105.220,-1.618,1.542,2.713
2105.332,-1.609,1.539,2.715
2105.442,-1.587,1.537,2.724
2105.554,-1.556,1.538,2.740
2105.665,-1.523,1.538,2.766
2105.776,-1.491,1.538,2.798
2105.887,-1.462,1.537,2.830
2105.998,-1.434,1.537,2.858
2106.109,-1.405,1.536,2.882
2106.220,-1.373,1.533,2.899
2106.332,-1.341,1.525,2.914
2106.442,-1.314,1.516,2.929
2106.553,-1.296,1.515,2.942
2106.665,-1.287,1.514,2.955
2106.776,-1.283,1.516,2.967
2106.887,-1.283,1.516,2.978
2106.998,-1.286,1.516,2.990
2107.109,-1.293,1.520,3.002
2107.220,-1.302,1.522,3.016
2107.331,-1.316,1.526,3.032
2107.442,-1.336,1.528,3.049
2107.554,-1.362,1.529,3.068
2107.664,-1.392,1.532,3.090
2107.775,-1.421,1.531,3.110
2107.887,-1.448,1.529,3.128
2107.998,-1.472,1.527,3.150
2108.109,-1.487,1.529,3.172
2108.220,-1.496,1.530,3.192
2108.331,-1.498,1.530,3.208
2108.442,-1.494,1.530,3.219
2108.553,-1.488,1.532,3.226
2108.664,-1.483,1.533,3.230
2108.775,-1.480,1.534,3.231
2108.886,-1.477,1.535,3.228
2108.998,-1.474,1.536,3.222
2109.109,-1.469,1.537,3.213
2109.220,-1.463,1.537,3.201
2109.331,-1.456,1.536,3.185
2109.442,-1.447,1.536,3.166
2109.554,-1.436,1.536,3.142
2109.665,-1.422,1.536,3.115
2109.775,-1.405,1.537,3.090
2109.886,-1.386,1.539,3.069
2109.998,-1.369,1.541,3.051
2110.109,-1.354,1.545,3.036
2110.220,-1.340,1.547,3.021
2110.331,-1.331,1.544,3.006
2110.442,-1.329,1.540,2.995
2110.553,-1.334,1.541,2.985
2110.665,-1.348,1.542,2.976
2110.775,-1.371,1.542,2.966
2110.886,-1.403,1.543,2.950
2110.997,-1.443,1.542,2.936
2111.109,-1.479,1.545,2.925
2111.220,-1.516,1.545,2.914
2111.331,-1.548,1.544,2.900
2111.442,-1.574,1.544,2.888
2111.553,-1.595,1.544,2.883
2111.665,-1.612,1.545,2.884
2111.775,-1.623,1.547,2.889
2111.887,-1.630,1.549,2.892
2111.997,-1.633,1.548,2.895
2112.108,-1.634,1.548,2.898
2112.220,-1.634,1.551,2.900
2112.331,-1.630,1.551,2.898
2112.442,-1.624,1.549,2.895
2112.553,-1.614,1.548,2.889
2112.664,-1.599,1.547,2.886
2112.775,-1.575,1.548,2.889
2112.886,-1.538,1.548,2.898
2112.997,-1.487,1.550,2.914
2113.108,-1.431,1.552,2.936
2113.220,-1.374,1.550,2.957
2113.331,-1.323,1.543,2.976
2113.442,-1.281,1.548,3.001
2113.553,-1.255,1.557,3.027
2113.664,-1.241,1.558,3.050
2113.775,-1.239,1.560,3.071
2113.886,-1.249,1.562,3.097
2113.997,-1.267,1.566,3.126
2114.108,-1.286,1.569,3.156
2114.219,-1.309,1.569,3.189
2114.331,-1.342,1.569,3.224
2114.441,-1.382,1.565,3.262
2114.553,-1.423,1.557,3.295
2114.663,-1.454,1.558,3.322
2114.775,-1.479,1.562,3.350
2114.886,-1.498,1.564,3.374
2114.996,-1.509,1.565,3.397
2115.108,-1.510,1.564,3.416
2115.219,-1.506,1.567,3.429
2115.330,-1.503,1.567,3.432
2115.442,-1.500,1.566,3.426
2115.553,-1.492,1.566,3.408
2115.664,-1.486,1.560,3.380
2115.775,-1.482,1.552,3.342
2115.886,-1.464,1.547,3.301
2115.997,-1.432,1.542,3.258
2116.108,-1.390,1.543,3.214
2116.219,-1.351,1.547,3.173
2116.330,-1.321,1.552,3.137
2116.442,-1.304,1.552,3.109
2116.552,-1.299,1.554,3.085
2116.664,-1.297,1.553,3.058
2116.775,-1.307,1.551,3.028
2116.886,-1.329,1.550,3.002
2116.998,-1.361,1.550,2.983
2117.108,-1.401,1.550,2.970
2117.220,-1.447,1.562,2.959
2117.331,-1.496,1.570,2.946
2117.441,-1.541,1.570,2.932
2117.553,-1.580,1.566,2.919
2117.664,-1.606,1.564,2.916
2117.775,-1.622,1.564,2.921
2117.886,-1.632,1.561,2.925
2117.997,-1.631,1.560,2.925
2118.108,-1.619,1.561,2.924
2118.219,-1.594,1.561,2.924
2118.330,-1.559,1.560,2.927
2118.441,-1.519,1.562,2.936
2118.553,-1.478,1.561,2.949
2118.663,-1.434,1.566,2.964
2118.774,-1.392,1.567,2.980
2118.885,-1.357,1.565,2.994
2118.997,-1.326,1.562,3.007
2119.108,-1.295,1.561,3.014
2119.219,-1.266,1.560,3.016
2119.330,-1.244,1.556,3.017
2119.441,-1.227,1.552,3.021
2119.552,-1.218,1.546,3.033
2119.663,-1.219,1.545,3.056
2119.774,-1.230,1.550,3.090
2119.886,-1.246,1.555,3.129
2119.997,-1.266,1.554,3.174
2120.108,-1.290,1.553,3.226
2120.219,-1.316,1.551,3.282
2120.330,-1.340,1.541,3.337
2120.441,-1.360,1.541,3.384
2120.552,-1.373,1.547,3.423
2120.663,-1.380,1.548,3.453
2120.774,-1.384,1.549,3.472
2120.886,-1.382,1.553,3.479
2120.997,-1.376,1.558,3.475
2121.108,-1.370,1.561,3.457
2121.219,-1.366,1.559,3.425
2121.330,-1.358,1.557,3.383
2121.441,-1.333,1.562,3.341
2121.552,-1.304,1.564,3.298
2121.663,-1.283,1.564,3.255
2121.775,-1.273,1.562,3.214
2121.886,-1.269,1.559,3.180
2121.997,-1.268,1.560,3.154
2122.108,-1.274,1.560,3.136
2122.219,-1.289,1.560,3.117
2122.331,-1.317,1.557,3.100
2122.441,-1.359,1.552,3.087
2122.552,-1.413,1.558,3.081
2122.664,-1.472,1.567,3.080
2122.775,-1.526,1.569,3.076
2122.885,-1.571,1.565,3.069
2122.997,-1.606,1.553,3.061
2123.108,-1.631,1.547,3.058
2123.219,-1.650,1.554,3.061
2123.330,-1.663,1.561,3.059
2123.441,-1.669,1.561,3.044
2123.552,-1.671,1.550,3.028
2123.664,-1.668,1.546,3.020
2123.774,-1.663,1.550,3.018
2123.885,-1.650,1.554,3.022
2123.997,-1.624,1.559,3.031
2124.107,-1.586,1.562,3.046
2124.219,-1.541,1.560,3.065
2124.330,-1.486,1.563,3.083
2124.441,-1.430,1.559,3.101
2124.552,-1.381,1.549,3.118
2124.663,-1.337,1.540,3.130
2124.774,-1.301,1.538,3.140
2124.886,-1.280,1.536,3.151
2124.996,-1.268,1.534,3.159
2125.108,-1.264,1.532,3.166
2125.219,-1.265,1.532,3.185
2125.330,-1.274,1.541,3.215
2125.441,-1.299,1.545,3.252
2125.552,-1.337,1.550,3.288
2125.700,-1.369,1.550,3.314
2125.805,-1.428,1.548,3.363
2125.916,-1.450,1.551,3.385
2126.027,-1.460,1.554,3.395
2126.138,-1.463,1.554,3.394
2126.245,-1.462,1.554,3.378
2126.356,-1.449,1.550,3.345
2126.468,-1.423,1.548,3.298
2126.578,-1.392,1.551,3.244
2126.690,-1.362,1.553,3.189
2126.801,-1.337,1.552,3.141
2126.912,-1.320,1.554,3.102
2127.023,-1.312,1.557,3.073
2127.135,-1.312,1.557,3.048
2127.245,-1.322,1.558,3.022
2127.356,-1.345,1.557,2.995
2127.467,-1.382,1.553,2.963
2127.578,-1.429,1.555,2.923
2127.690,-1.472,1.567,2.878
2127.801,-1.506,1.571,2.834
2127.912,-1.533,1.573,2.795
2128.023,-1.551,1.576,2.763
2128.134,-1.561,1.580,2.738
2128.245,-1.561,1.581,2.717
2128.357,-1.550,1.583,2.703
2128.468,-1.533,1.583,2.697
2128.579,-1.515,1.580,2.699
2128.690,-1.505,1.577,2.704
2128.801,-1.506,1.573,2.710
2128.912,-1.511,1.566,2.716
2129.023,-1.515,1.563,2.722
2129.135,-1.514,1.562,2.731
2129.246,-1.509,1.564,2.742
2129.357,-1.500,1.566,2.753
2129.469,-1.490,1.567,2.763
2129.579,-1.479,1.568,2.774
2129.690,-1.470,1.570,2.781
2129.804,-1.467,1.571,2.785
2129.912,-1.480,1.574,2.790
2130.023,-1.516,1.577,2.803
2130.135,-1.571,1.582,2.822
2130.245,-1.638,1.585,2.845
2130.357,-1.712,1.581,2.865
2130.468,-1.786,1.573,2.873
2130.579,-1.849,1.556,2.873
2130.690,-1.902,1.533,2.874
2130.801,-1.945,1.505,2.883
2130.912,-1.974,1.474,2.894
2131.023,-1.987,1.453,2.904
2131.135,-1.989,1.447,2.911
2131.245,-1.981,1.458,2.913
2131.357,-1.960,1.488,2.904
2131.468,-1.918,1.520,2.889
2131.578,-1.863,1.543,2.876
2131.689,-1.813,1.553,2.869
2131.801,-1.782,1.556,2.860
2131.912,-1.763,1.560,2.849
2132.023,-1.747,1.561,2.846
2132.134,-1.725,1.563,2.856
2132.245,-1.694,1.564,2.874
2132.355,-1.657,1.565,2.893
2132.467,-1.614,1.567,2.912
2132.579,-1.567,1.570,2.931
2132.689,-1.518,1.573,2.947
2132.801,-1.475,1.577,2.958
2132.911,-1.439,1.581,2.964
2133.022,-1.411,1.584,2.964
2133.134,-1.387,1.583,2.954
2133.245,-1.367,1.580,2.933
2133.356,-1.350,1.575,2.904
2133.467,-1.335,1.571,2.868
2133.578,-1.320,1.576,2.828
2133.689,-1.303,1.579,2.792
2133.801,-1.289,1.574,2.763
2133.911,-1.273,1.576,2.745
2134.022,-1.256,1.576,2.736
2134.134,-1.236,1.575,2.734
2134.245,-1.215,1.577,2.738
2134.356,-1.191,1.578,2.749
2134.467,-1.166,1.579,2.763
2134.578,-1.139,1.574,2.777
2134.689,-1.114,1.568,2.792
2134.800,-1.093,1.564,2.807
2134.911,-1.074,1.560,2.822
2135.022,-1.060,1.559,2.835
2135.134,-1.053,1.559,2.842
2135.245,-1.052,1.559,2.845
2135.356,-1.061,1.559,2.847
2135.467,-1.067,1.557,2.849
2135.578,-1.067,1.553,2.848
2135.689,-1.067,1.553,2.847
2135.801,-1.068,1.552,2.845
2135.911,-1.068,1.552,2.842
2136.022,-1.067,1.553,2.840
2136.134,-1.067,1.552,2.837
2136.244,-1.067,1.551,2.832
2136.355,-1.073,1.550,2.822
2136.467,-1.091,1.551,2.807
2136.577,-1.118,1.552,2.786
2136.689,-1.148,1.557,2.763
2136.800,-1.176,1.560,2.738
2136.911,-1.203,1.563,2.716
2137.022,-1.226,1.568,2.699
2137.134,-1.243,1.572,2.687
2137.245,-1.256,1.573,2.679
2137.355,-1.264,1.574,2.675
2137.467,-1.266,1.573,2.675
2137.578,-1.261,1.568,2.679
2137.689,-1.248,1.560,2.689
2137.801,-1.224,1.553,2.707
2137.911,-1.191,1.550,2.730
2138.022,-1.154,1.547,2.755
2138.133,-1.119,1.542,2.777
2138.245,-1.085,1.538,2.795
2138.355,-1.058,1.538,2.809
2138.467,-1.043,1.537,2.823
2138.578,-1.037,1.535,2.832
2138.688,-1.038,1.537,2.836
2138.800,-1.044,1.534,2.839
2138.910,-1.055,1.534,2.845
2139.022,-1.065,1.532,2.851
2139.133,-1.067,1.535,2.852
2139.244,-1.061,1.535,2.847
2139.355,-1.043,1.536,2.833
2139.466,-1.016,1.537,2.811
2139.577,-0.985,1.538,2.785
2139.689,-0.952,1.535,2.760
2139.800,-0.925,1.532,2.739
2139.911,-0.904,1.530,2.725
2140.022,-0.889,1.529,2.718
2140.133,-0.879,1.531,2.713
2140.244,-0.877,1.531,2.706
2140.355,-0.876,1.526,2.706
2140.466,-0.871,1.525,2.723
2140.577,-0.865,1.526,2.753
2140.688,-0.857,1.528,2.794
2140.800,-0.851,1.526,2.847
2140.910,-0.847,1.523,2.911
2141.021,-0.848,1.523,2.975
2141.133,-0.856,1.520,3.042
2141.244,-0.864,1.518,3.122
2141.354,-0.861,1.520,3.209
2141.466,-0.841,1.520,3.277
2141.577,-0.833,1.521,3.313
2141.689,-0.844,1.520,3.326
2141.800,-0.868,1.521,3.324
2141.910,-0.893,1.522,3.320
2142.022,-0.909,1.522,3.329
2142.133,-0.914,1.519,3.352
2142.244,-0.908,1.517,3.385
2142.354,-0.893,1.512,3.428
2142.466,-0.865,1.505,3.481
2142.577,-0.830,1.504,3.543
2142.688,-0.799,1.507,3.605
2142.799,-0.778,1.509,3.664
2142.910,-0.765,1.509,3.724
2143.021,-0.762,1.502,3.788
2143.134,-0.773,1.494,3.858
2143.243,-0.794,1.489,3.928
2143.355,-0.811,1.499,3.997
2143.466,-0.815,1.506,4.060
2143.577,-0.806,1.507,4.120
2143.688,-0.786,1.501,4.183
2143.800,-0.750,1.492,4.245
2143.910,-0.701,1.487,4.305
2144.022,-0.652,1.493,4.369
2144.132,-0.614,1.492,4.432
2144.243,-0.584,1.489,4.494
2144.355,-0.558,1.480,4.562
2144.466,-0.538,1.466,4.636
2144.577,-0.520,1.454,4.713
2144.688,-0.497,1.447,4.784
2144.799,-0.466,1.449,4.841
2144.910,-0.431,1.447,4.890
2145.021,-0.396,1.437,4.929
2145.132,-0.361,1.432,4.962
2145.244,-0.332,1.434,4.985
2145.354,-0.315,1.439,5.002
2145.466,-0.306,1.444,5.015
2145.577,-0.302,1.450,5.024
2145.688,-0.303,1.457,5.027
2145.799,-0.305,1.463,5.028
2145.910,-0.308,1.466,5.028
2146.021,-0.308,1.469,5.031
2146.132,-0.312,1.469,5.040
2146.244,-0.327,1.468,5.054
2146.354,-0.358,1.468,5.077
2146.466,-0.414,1.466,5.106
2146.577,-0.510,1.459,5.136
2146.688,-0.612,1.459,5.155
2146.799,-0.699,1.467,5.170
2146.910,-0.768,1.475,5.181
2147.021,-0.820,1.483,5.194
2147.132,-0.864,1.488,5.217
2147.243,-0.899,1.487,5.249
2147.354,-0.928,1.486,5.291
2147.466,-0.954,1.488,5.341
2147.577,-0.980,1.498,5.400
2147.688,-1.009,1.499,5.457
2147.799,-1.047,1.501,5.505
2147.910,-1.094,1.494,5.547
2148.021,-1.147,1.487,5.578
2148.132,-1.192,1.493,5.612
2148.243,-1.215,1.496,5.656
2148.354,-1.223,1.494,5.705
2148.465,-1.218,1.491,5.761
2148.576,-1.204,1.486,5.823
2148.688,-1.181,1.485,5.890
2148.799,-1.159,1.494,5.960
2148.910,-1.147,1.496,6.022
2149.021,-1.150,1.500,6.080
2149.132,-1.165,1.495,6.141
2149.243,-1.198,1.485,6.211
2149.354,-1.248,1.471,6.293
2149.466,-1.309,1.462,6.384
2149.577,-1.366,1.469,6.473
2149.688,-1.408,1.470,6.548
2149.799,-1.437,1.464,6.606
2149.910,-1.458,1.459,6.646
2150.021,-1.473,1.458,6.674
2150.133,-1.484,1.456,6.696
2150.243,-1.493,1.452,6.708
2150.355,-1.498,1.451,6.711
2150.466,-1.500,1.454,6.708
2150.577,-1.497,1.460,6.699
2150.688,-1.491,1.467,6.682
2150.799,-1.483,1.476,6.656
2150.910,-1.467,1.486,6.615
2151.022,-1.436,1.493,6.561
2151.133,-1.391,1.494,6.502
2151.244,-1.341,1.492,6.456
2151.355,-1.295,1.492,6.421
2151.466,-1.265,1.507,6.388
2151.577,-1.253,1.513,6.341
2151.688,-1.253,1.523,6.254
2151.799,-1.227,1.537,6.127
2151.910,-1.163,1.542,6.004
2152.022,-1.106,1.546,5.898
2152.133,-1.067,1.547,5.806
2152.244,-1.050,1.551,5.730
2152.355,-1.047,1.557,5.658
2152.466,-1.053,1.553,5.588
2152.577,-1.071,1.549,5.520
2152.689,-1.101,1.541,5.448
2152.800,-1.145,1.545,5.370
2152.911,-1.183,1.559,5.286
2153.022,-1.203,1.564,5.206
2153.133,-1.212,1.565,5.126
2153.244,-1.210,1.556,5.039
2153.355,-1.195,1.541,4.950
2153.466,-1.162,1.540,4.858
2153.577,-1.136,1.558,4.768
2153.689,-1.132,1.575,4.684
2153.800,-1.136,1.577,4.605
2153.911,-1.150,1.564,4.522
2154.022,-1.180,1.551,4.436
2154.133,-1.223,1.558,4.347
2154.244,-1.257,1.570,4.260
2154.355,-1.273,1.574,4.181
2154.466,-1.282,1.572,4.106
2154.577,-1.280,1.560,4.028
2154.688,-1.262,1.549,3.945
2154.800,-1.232,1.552,3.855
2154.910,-1.213,1.558,3.768
2155.022,-1.210,1.563,3.688
2155.133,-1.214,1.566,3.617
2155.243,-1.229,1.560,3.546
2155.355,-1.258,1.549,3.477
2155.466,-1.300,1.553,3.406
2155.577,-1.339,1.560,3.332
2155.688,-1.363,1.550,3.256
2155.799,-1.380,1.551,3.184
2155.910,-1.385,1.546,3.111
2156.021,-1.370,1.539,3.048
2156.133,-1.348,1.549,2.987
2156.243,-1.333,1.557,2.929
2156.354,-1.333,1.559,2.878
2156.466,-1.346,1.561,2.833
2156.577,-1.374,1.559,2.791
2156.688,-1.412,1.562,2.748
2156.799,-1.454,1.569,2.705
2156.910,-1.487,1.575,2.669
2157.021,-1.509,1.575,2.644
2157.133,-1.520,1.575,2.625
2157.243,-1.516,1.573,2.611
2157.354,-1.491,1.573,2.609
2157.466,-1.468,1.573,2.618
2157.577,-1.442,1.576,2.633
2157.688,-1.409,1.575,2.651
2157.799,-1.371,1.575,2.667
2157.910,-1.331,1.575,2.679
2158.021,-1.295,1.571,2.688
2158.132,-1.269,1.572,2.692
2158.243,-1.248,1.571,2.692
2158.354,-1.234,1.569,2.689
2158.465,-1.226,1.565,2.684
2158.576,-1.222,1.560,2.677
2158.688,-1.218,1.559,2.673
2158.799,-1.214,1.559,2.677
2158.910,-1.210,1.560,2.689
2159.021,-1.208,1.560,2.711
2159.132,-1.205,1.558,2.741
2159.243,-1.203,1.555,2.778
2159.355,-1.207,1.547,2.813
2159.465,-1.212,1.543,2.849
2159.576,-1.208,1.544,2.896
2159.687,-1.185,1.546,2.947
2159.799,-1.150,1.546,2.990
2159.909,-1.110,1.537,3.023
2160.021,-1.074,1.526,3.048
2160.132,-1.045,1.524,3.078
2160.243,-1.026,1.534,3.121
2160.354,-1.014,1.538,3.175
2160.465,-1.011,1.540,3.237
2160.576,-1.020,1.538,3.306
2160.687,-1.036,1.534,3.386
2160.799,-1.054,1.532,3.468
2160.909,-1.078,1.531,3.558
2161.021,-1.105,1.537,3.673
2161.132,-1.115,1.532,3.794
2161.243,-1.117,1.520,3.894
2161.354,-1.133,1.509,3.971
2161.464,-1.166,1.507,4.040
2161.575,-1.203,1.523,4.112
2161.687,-1.226,1.532,4.182
2161.797,-1.239,1.536,4.249
2161.908,-1.250,1.532,4.320
2162.020,-1.256,1.521,4.395
2162.131,-1.254,1.517,4.469
2162.242,-1.255,1.529,4.544
2162.353,-1.268,1.534,4.608
2162.465,-1.291,1.535,4.667
2162.575,-1.324,1.527,4.725
2162.687,-1.375,1.516,4.775
2162.798,-1.453,1.516,4.806
2162.909,-1.529,1.528,4.783
2163.021,-1.549,1.531,4.762
2163.132,-1.542,1.535,4.763
2163.244,-1.520,1.539,4.790
2163.354,-1.502,1.541,4.842
2163.466,-1.495,1.545,4.904
2163.576,-1.498,1.553,4.966
2163.688,-1.507,1.553,5.021
2163.799,-1.513,1.556,5.066
2163.910,-1.516,1.558,5.102
2164.021,-1.519,1.558,5.128
2164.132,-1.525,1.558,5.148
2164.243,-1.533,1.557,5.164
2164.354,-1.544,1.558,5.174
2164.465,-1.562,1.559,5.181
2164.576,-1.587,1.559,5.184
2164.688,-1.618,1.555,5.179
2164.799,-1.652,1.550,5.163
2164.910,-1.684,1.544,5.141
2165.021,-1.713,1.540,5.119
2165.132,-1.740,1.537,5.101
2165.243,-1.761,1.534,5.091
2165.354,-1.771,1.535,5.088
2165.465,-1.768,1.536,5.098
2165.576,-1.755,1.545,5.126
2165.688,-1.743,1.551,5.174
2165.798,-1.738,1.550,5.235
2165.909,-1.754,1.549,5.312
2166.021,-1.776,1.543,5.415
2166.132,-1.776,1.534,5.522
2166.242,-1.756,1.527,5.608
2166.353,-1.738,1.519,5.667
2166.464,-1.727,1.513,5.717
2166.575,-1.725,1.508,5.762
2166.686,-1.735,1.505,5.804
2166.798,-1.757,1.501,5.841
2166.908,-1.794,1.501,5.879
2167.019,-1.839,1.499,5.919
2167.130,-1.879,1.496,5.958
2167.242,-1.910,1.491,5.990
2167.353,-1.935,1.490,6.016
2167.464,-1.954,1.488,6.038
2167.575,-1.965,1.485,6.055
2167.687,-1.966,1.485,6.069
2167.798,-1.957,1.486,6.083
2167.909,-1.937,1.486,6.097
2168.020,-1.907,1.488,6.106
2168.131,-1.862,1.493,6.103
2168.242,-1.808,1.506,6.099
2168.353,-1.753,1.510,6.104
2168.464,-1.698,1.506,6.124
2168.575,-1.643,1.507,6.154
2168.686,-1.601,1.508,6.186
2168.797,-1.580,1.501,6.221
2168.909,-1.581,1.496,6.258
2169.020,-1.602,1.494,6.296
2169.131,-1.630,1.498,6.333
2169.242,-1.651,1.498,6.364
2169.353,-1.662,1.494,6.389
2169.465,-1.665,1.492,6.415
2169.575,-1.668,1.488,6.446
2169.686,-1.671,1.486,6.483
2169.798,-1.670,1.486,6.521
2169.908,-1.668,1.492,6.561
2170.020,-1.670,1.490,6.596
2170.130,-1.674,1.486,6.619
2170.242,-1.681,1.485,6.634
2170.353,-1.691,1.483,6.645
2170.464,-1.703,1.481,6.657
2170.575,-1.712,1.477,6.662
2170.687,-1.716,1.480,6.648
2170.797,-1.717,1.486,6.614
2170.908,-1.711,1.490,6.565
2171.020,-1.695,1.492,6.497
2171.130,-1.671,1.492,6.413
2171.242,-1.648,1.491,6.329
2171.353,-1.632,1.492,6.253
2171.464,-1.625,1.499,6.182
2171.575,-1.634,1.503,6.089
2171.687,-1.635,1.504,5.962
2171.798,-1.606,1.504,5.837
2171.909,-1.580,1.507,5.729
2172.020,-1.578,1.525,5.630
2172.131,-1.578,1.545,5.547
2172.242,-1.567,1.561,5.476
2172.354,-1.552,1.563,5.402
2172.465,-1.531,1.553,5.323
2172.576,-1.496,1.543,5.242
2172.687,-1.453,1.553,5.156
2172.798,-1.423,1.564,5.073
2172.909,-1.410,1.572,4.991
2173.021,-1.408,1.572,4.907
2173.132,-1.415,1.561,4.816
2173.243,-1.439,1.549,4.719
2173.354,-1.470,1.561,4.618
2173.465,-1.485,1.571,4.521
2173.576,-1.486,1.571,4.427
2173.687,-1.482,1.567,4.339
2173.798,-1.467,1.551,4.254
2173.909,-1.438,1.541,4.168
2174.021,-1.404,1.551,4.081
2174.131,-1.382,1.561,3.999
2174.242,-1.372,1.565,3.922
2174.354,-1.364,1.562,3.848
2174.465,-1.368,1.550,3.771
2174.576,-1.387,1.543,3.687
2174.687,-1.413,1.553,3.598
2174.798,-1.430,1.559,3.513
2174.909,-1.439,1.562,3.436
2175.020,-1.451,1.560,3.364
2175.131,-1.466,1.551,3.293
2175.242,-1.478,1.540,3.221
2175.354,-1.487,1.534,3.145
2175.465,-1.502,1.539,3.073
2175.576,-1.519,1.543,3.016
2175.687,-1.540,1.547,2.969
2175.798,-1.569,1.545,2.927
2175.909,-1.611,1.540,2.889
2176.020,-1.662,1.537,2.846
2176.131,-1.717,1.545,2.796
2176.242,-1.765,1.549,2.748
2176.354,-1.805,1.547,2.709
2176.465,-1.836,1.546,2.676
2176.576,-1.856,1.546,2.652
2176.687,-1.865,1.544,2.637
2176.798,-1.853,1.540,2.630
2176.909,-1.830,1.540,2.633
2177.020,-1.815,1.543,2.642
2177.131,-1.803,1.543,2.665
2177.242,-1.784,1.543,2.703
2177.353,-1.758,1.542,2.750
2177.464,-1.724,1.539,2.800
2177.575,-1.692,1.530,2.849
2177.687,-1.664,1.526,2.891
2177.798,-1.643,1.525,2.925
2177.908,-1.615,1.524,2.953
2178.020,-1.590,1.523,2.973
2178.131,-1.565,1.522,2.982
2178.242,-1.540,1.522,2.982
2178.353,-1.511,1.518,2.977
2178.465,-1.472,1.518,2.988
2178.575,-1.440,1.519,3.012
2178.687,-1.421,1.518,3.024
2178.798,-1.411,1.516,3.027
2178.909,-1.404,1.516,3.023
2179.020,-1.398,1.516,3.015
2179.131,-1.399,1.517,3.012
2179.242,-1.404,1.520,3.013
2179.354,-1.413,1.522,3.015
2179.464,-1.426,1.524,3.019
2179.575,-1.445,1.526,3.027
2179.687,-1.466,1.528,3.035
2179.798,-1.487,1.525,3.043
2179.909,-1.506,1.520,3.044
2180.020,-1.533,1.521,3.036
2180.131,-1.570,1.525,3.019
2180.242,-1.617,1.529,2.993
2180.353,-1.676,1.532,2.952
2180.465,-1.758,1.541,2.883
2180.575,-1.857,1.553,2.827
2180.687,-1.942,1.557,2.800
2180.798,-1.992,1.563,2.787
2180.908,-2.018,1.569,2.777
2181.020,-2.026,1.571,2.768
2181.131,-2.019,1.573,2.760
2181.242,-1.999,1.576,2.753
2181.353,-1.978,1.576,2.746
2181.464,-1.958,1.576,2.739
2181.575,-1.936,1.575,2.732
2181.687,-1.913,1.574,2.723
2181.797,-1.893,1.574,2.716
2181.909,-1.880,1.571,2.714
2182.020,-1.878,1.573,2.715
2182.131,-1.886,1.576,2.717
2182.242,-1.900,1.578,2.714
2182.353,-1.923,1.581,2.704
2182.464,-1.952,1.585,2.690
2182.575,-1.976,1.585,2.676
2182.686,-1.988,1.582,2.665
2182.797,-1.984,1.575,2.657
2182.908,-1.959,1.563,2.660
2183.020,-1.931,1.558,2.677
2183.130,-1.904,1.561,2.707
2183.242,-1.872,1.560,2.747
2183.353,-1.833,1.554,2.792
2183.464,-1.790,1.547,2.836
2183.574,-1.751,1.540,2.872
2183.686,-1.718,1.540,2.901
2183.798,-1.690,1.540,2.923
2183.908,-1.667,1.536,2.935
2184.019,-1.644,1.533,2.933
2184.130,-1.620,1.530,2.922
2184.241,-1.594,1.528,2.902
2184.353,-1.566,1.534,2.878
2184.464,-1.535,1.535,2.861
2184.575,-1.497,1.539,2.853
2184.686,-1.443,1.544,2.849
2184.797,-1.383,1.542,2.850
2184.908,-1.329,1.546,2.855
2185.019,-1.284,1.545,2.861
2185.130,-1.246,1.542,2.862
2185.241,-1.215,1.550,2.861
2185.353,-1.190,1.552,2.861
2185.464,-1.178,1.551,2.858
2185.575,-1.184,1.547,2.854
2185.703,-1.192,1.545,2.849
2185.814,-1.222,1.541,2.833
2185.925,-1.235,1.538,2.821
2186.036,-1.240,1.541,2.811
2186.147,-1.237,1.539,2.803
2186.255,-1.227,1.539,2.794
2186.366,-1.205,1.542,2.784
2186.477,-1.181,1.548,2.776
2186.588,-1.156,1.556,2.767
2186.699,-1.126,1.561,2.757
2186.810,-1.093,1.566,2.748
2186.921,-1.064,1.568,2.739
2187.033,-1.036,1.571,2.728
2187.144,-1.013,1.585,2.721
2187.255,-0.990,1.597,2.716
2187.366,-0.969,1.603,2.704
2187.478,-0.950,1.605,2.689
2187.588,-0.935,1.605,2.676
2187.700,-0.929,1.603,2.666
2187.811,-0.932,1.598,2.663
2187.922,-0.941,1.596,2.669
2188.033,-0.958,1.594,2.687
2188.144,-0.987,1.593,2.716
2188.255,-1.034,1.590,2.757
2188.367,-1.102,1.583,2.806
2188.478,-1.181,1.576,2.851
2188.588,-1.256,1.570,2.885
2188.700,-1.317,1.572,2.908
2188.810,-1.372,1.570,2.919
2188.921,-1.420,1.567,2.914
2189.032,-1.463,1.561,2.895
2189.143,-1.498,1.559,2.862
2189.255,-1.531,1.567,2.826
2189.366,-1.567,1.573,2.796
2189.477,-1.603,1.577,2.773
2189.588,-1.642,1.579,2.757
2189.699,-1.687,1.579,2.744
2189.810,-1.739,1.578,2.730
2189.922,-1.793,1.583,2.717
2190.033,-1.844,1.592,2.702
2190.144,-1.884,1.592,2.689
2190.255,-1.915,1.596,2.677
2190.366,-1.937,1.597,2.666
2190.477,-1.951,1.598,2.658
2190.588,-1.950,1.592,2.660
2190.700,-1.923,1.586,2.685
2190.811,-1.886,1.580,2.738
2190.922,-1.850,1.570,2.805
2191.032,-1.811,1.559,2.890
2191.144,-1.779,1.550,2.992
2191.255,-1.756,1.545,3.101
2191.366,-1.740,1.546,3.201
2191.477,-1.721,1.541,3.278
2191.588,-1.697,1.531,3.340
2191.699,-1.664,1.522,3.397
2191.810,-1.616,1.515,3.454
2191.921,-1.558,1.522,3.516
2192.032,-1.516,1.530,3.582
2192.143,-1.489,1.537,3.648
2192.254,-1.470,1.530,3.718
2192.365,-1.465,1.515,3.796
2192.476,-1.476,1.512,3.889
2192.587,-1.490,1.524,3.985
2192.698,-1.500,1.534,4.074
2192.810,-1.505,1.536,4.158
2192.921,-1.502,1.527,4.242
2193.032,-1.486,1.513,4.322
2193.143,-1.466,1.514,4.405
2193.254,-1.461,1.522,4.477
2193.365,-1.466,1.529,4.534
2193.476,-1.480,1.526,4.586
2193.587,-1.512,1.516,4.636
2193.698,-1.553,1.506,4.692
2193.809,-1.580,1.509,4.760
2193.920,-1.600,1.518,4.823
2194.031,-1.645,1.514,4.878
2194.142,-1.723,1.501,4.922
2194.254,-1.799,1.474,4.953
2194.365,-1.861,1.438,4.984
2194.476,-1.908,1.400,5.006
2194.587,-1.944,1.369,5.021
2194.698,-1.971,1.344,5.032
2194.809,-1.987,1.336,5.038
2194.921,-1.990,1.359,5.042
2195.034,-1.979,1.398,5.045
2195.144,-1.963,1.427,5.046
2195.255,-1.941,1.444,5.051
2195.366,-1.904,1.461,5.052
2195.477,-1.852,1.476,5.057
2195.588,-1.792,1.486,5.069
2195.699,-1.721,1.493,5.091
2195.810,-1.648,1.498,5.125
2195.921,-1.579,1.502,5.167
2196.033,-1.518,1.499,5.202
2196.144,-1.470,1.499,5.226
2196.255,-1.436,1.501,5.243
2196.366,-1.417,1.504,5.255
2196.477,-1.415,1.510,5.272
2196.588,-1.423,1.516,5.288
2196.700,-1.435,1.520,5.295
2196.811,-1.448,1.521,5.292
2196.922,-1.456,1.519,5.278
2197.033,-1.457,1.525,5.248
2197.144,-1.462,1.529,5.198
2197.255,-1.470,1.534,5.135
2197.366,-1.478,1.537,5.063
2197.477,-1.479,1.538,4.978
2197.588,-1.475,1.536,4.885
2197.699,-1.463,1.537,4.795
2197.810,-1.436,1.535,4.708
2197.922,-1.391,1.514,4.628
2198.033,-1.333,1.495,4.556
2198.144,-1.258,1.489,4.489
2198.255,-1.174,1.501,4.422
2198.366,-1.116,1.517,4.350
2198.477,-1.072,1.525,4.273
2198.588,-1.027,1.513,4.187
2198.699,-0.987,1.493,4.089
2198.810,-0.954,1.493,3.977
2198.921,-0.919,1.511,3.873
2199.033,-0.871,1.521,3.785
2199.144,-0.823,1.517,3.699
2199.255,-0.772,1.502,3.614
2199.366,-0.709,1.494,3.532
2199.477,-0.646,1.508,3.449
2199.588,-0.598,1.522,3.364
2199.699,-0.562,1.523,3.272
2199.810,-0.532,1.506,3.173
2199.921,-0.514,1.487,3.068
2200.032,-0.506,1.489,2.952
2200.143,-0.492,1.500,2.848
2200.255,-0.467,1.504,2.758
2200.366,-0.439,1.498,2.670
2200.477,-0.406,1.479,2.582
2200.588,-0.362,1.467,2.493
2200.699,-0.318,1.475,2.406
2200.810,-0.292,1.483,2.324
2200.921,-0.283,1.485,2.246
2201.032,-0.281,1.477,2.164
2201.143,-0.289,1.462,2.078
2201.254,-0.307,1.456,1.988
2201.365,-0.320,1.460,1.900
2201.476,-0.321,1.460,1.824
2201.588,-0.314,1.458,1.752
2201.699,-0.301,1.449,1.681
2201.810,-0.277,1.439,1.610
2201.921,-0.244,1.438,1.532
2202.032,-0.215,1.447,1.453
2202.143,-0.192,1.455,1.383
2202.254,-0.175,1.463,1.324
2202.366,-0.160,1.469,1.264
2202.476,-0.151,1.470,1.209
2202.588,-0.146,1.479,1.160
2202.701,-0.137,1.498,1.116
2202.810,-0.120,1.505,1.088
2202.921,-0.099,1.510,1.067
2203.033,-0.073,1.510,1.048
2203.143,-0.043,1.506,1.033
2203.255,-0.007,1.507,1.023
2203.366,0.023,1.505,1.009
2203.477,0.037,1.505,0.995
2203.588,0.041,1.511,0.982
2203.699,0.035,1.512,0.969
2203.810,0.027,1.517,0.955
2203.922,0.017,1.519,0.942
2204.033,0.009,1.523,0.930
2204.143,0.003,1.525,0.918
2204.255,-0.002,1.526,0.906
2204.366,-0.006,1.528,0.893
2204.477,-0.008,1.529,0.882
2204.588,-0.008,1.529,0.874
2204.699,-0.008,1.530,0.869
2204.810,-0.006,1.530,0.866
2204.921,-0.005,1.530,0.864
2205.032,-0.004,1.529,0.864
2205.143,-0.003,1.529,0.865
2205.255,-0.002,1.528,0.867
2205.366,-0.001,1.528,0.870
2205.477,0.001,1.528,0.872
2205.588,0.003,1.528,0.873
2205.699,0.006,1.527,0.874
2205.810,0.008,1.527,0.875
2205.921,0.011,1.526,0.876
2206.032,0.012,1.526,0.878
2206.143,0.013,1.526,0.881
2206.255,0.012,1.526,0.884
2206.366,0.013,1.526,0.887
2206.476,0.017,1.526,0.890
2206.588,0.023,1.525,0.895
2206.699,0.030,1.524,0.900
2206.810,0.040,1.523,0.909
2206.921,0.055,1.520,0.921
2207.032,0.072,1.517,0.936
2207.143,0.090,1.511,0.953
2207.255,0.105,1.504,0.970
2207.365,0.113,1.498,0.984
2207.477,0.119,1.498,0.992
2207.588,0.127,1.500,0.994
2207.699,0.131,1.502,0.974
2207.810,0.107,1.510,0.925
2207.921,0.042,1.518,0.880
2208.032,-0.028,1.520,0.859
2208.143,-0.086,1.520,0.851
2208.254,-0.146,1.521,0.846
2208.365,-0.213,1.521,0.844
2208.476,-0.287,1.522,0.841
2208.588,-0.355,1.521,0.835
2208.699,-0.405,1.519,0.833
2208.810,-0.439,1.520,0.834
2208.921,-0.460,1.522,0.833
2209.032,-0.470,1.525,0.830
2209.143,-0.472,1.526,0.826
2209.254,-0.466,1.527,0.817
2209.365,-0.449,1.528,0.803
2209.476,-0.419,1.528,0.787
2209.587,-0.384,1.538,0.775
2209.699,-0.352,1.546,0.767
2209.810,-0.325,1.548,0.764
2209.921,-0.305,1.547,0.756
2210.033,-0.290,1.550,0.747
2210.143,-0.276,1.548,0.738
2210.254,-0.269,1.541,0.730
2210.366,-0.264,1.534,0.723
2210.477,-0.255,1.528,0.714
2210.588,-0.237,1.524,0.709
2210.699,-0.251,1.525,0.722
2210.810,-0.288,1.528,0.737
2210.921,-0.328,1.537,0.749
2211.032,-0.363,1.535,0.757
2211.144,-0.389,1.520,0.760
2211.255,-0.406,1.505,0.762
2211.366,-0.417,1.494,0.767
2211.476,-0.426,1.489,0.772
2211.588,-0.436,1.487,0.776
2211.699,-0.445,1.485,0.780
2211.810,-0.450,1.483,0.782
2211.921,-0.450,1.482,0.784
2212.032,-0.441,1.485,0.782
2212.143,-0.420,1.489,0.778
2212.254,-0.393,1.489,0.768
2212.366,-0.364,1.491,0.760
2212.476,-0.335,1.493,0.754
2212.588,-0.308,1.496,0.748
2212.699,-0.283,1.498,0.740
2212.810,-0.263,1.499,0.733
2212.921,-0.252,1.498,0.728
2213.032,-0.251,1.499,0.718
2213.143,-0.262,1.499,0.699
2213.254,-0.282,1.496,0.678
2213.366,-0.311,1.493,0.653
2213.476,-0.340,1.494,0.625
2213.587,-0.365,1.490,0.596
2213.698,-0.383,1.488,0.573
2213.810,-0.394,1.486,0.554
2213.921,-0.399,1.483,0.541
2214.032,-0.396,1.483,0.533
2214.143,-0.386,1.485,0.535
2214.254,-0.370,1.489,0.548
2214.365,-0.347,1.497,0.569
2214.476,-0.322,1.502,0.588
2214.587,-0.298,1.502,0.602
2214.698,-0.287,1.501,0.612
2214.809,-0.294,1.504,0.621
2214.921,-0.316,1.506,0.631
2215.032,-0.353,1.504,0.640
2215.143,-0.397,1.497,0.645
2215.254,-0.441,1.495,0.642
2215.365,-0.470,1.491,0.639
2215.476,-0.479,1.492,0.628
2215.587,-0.469,1.487,0.609
2215.698,-0.445,1.483,0.583
2215.809,-0.419,1.481,0.556
2215.921,-0.395,1.479,0.536
2216.032,-0.376,1.480,0.522
2216.143,-0.362,1.480,0.516
2216.254,-0.352,1.483,0.515
2216.365,-0.346,1.487,0.518
2216.476,-0.345,1.491,0.522
2216.587,-0.352,1.495,0.527
2216.698,-0.370,1.499,0.539
2216.809,-0.400,1.501,0.554
2216.921,-0.440,1.503,0.573
2217.032,-0.488,1.504,0.594
2217.143,-0.539,1.505,0.613
2217.254,-0.583,1.504,0.624
2217.365,-0.616,1.506,0.622
2217.476,-0.642,1.504,0.608
2217.587,-0.659,1.499,0.581
2217.698,-0.669,1.494,0.548
2217.809,-0.677,1.491,0.512
2217.921,-0.684,1.484,0.477
2218.031,-0.690,1.479,0.448
2218.143,-0.693,1.475,0.426
2218.253,-0.694,1.473,0.412
2218.365,-0.692,1.473,0.406
2218.476,-0.693,1.475,0.404
2218.587,-0.696,1.478,0.410
2218.698,-0.704,1.483,0.428
2218.809,-0.727,1.492,0.466
2218.921,-0.758,1.501,0.525
2219.032,-0.784,1.503,0.592
2219.142,-0.808,1.504,0.657
2219.253,-0.829,1.501,0.717
2219.365,-0.851,1.502,0.759
2219.476,-0.880,1.506,0.779
2219.587,-0.922,1.503,0.783
2219.698,-0.975,1.498,0.772
2219.809,-1.039,1.490,0.747
2219.920,-1.109,1.488,0.714
2220.032,-1.181,1.500,0.685
2220.142,-1.247,1.507,0.666
2220.253,-1.314,1.511,0.655
2220.365,-1.384,1.508,0.651
2220.476,-1.451,1.500,0.656
2220.587,-1.521,1.505,0.666
2220.698,-1.588,1.514,0.664
2220.809,-1.648,1.520,0.647
2220.920,-1.704,1.518,0.621
2221.032,-1.754,1.508,0.583
2221.142,-1.800,1.499,0.527
2221.254,-1.850,1.495,0.458
2221.365,-1.899,1.483,0.393
2221.476,-1.938,1.468,0.343
2221.587,-1.964,1.457,0.306
2221.698,-1.978,1.447,0.278
2221.809,-1.986,1.440,0.259
2221.920,-1.989,1.435,0.248
2222.031,-1.988,1.431,0.242
2222.142,-1.983,1.430,0.247
2222.254,-1.979,1.432,0.261
2222.365,-1.975,1.440,0.288
2222.476,-1.969,1.451,0.327
2222.587,-1.963,1.464,0.372
2222.698,-1.946,1.472,0.410
2222.809,-1.903,1.478,0.447
2222.920,-1.851,1.491,0.492
2223.031,-1.798,1.501,0.538
2223.142,-1.743,1.504,0.583
2223.253,-1.681,1.501,0.624
2223.365,-1.609,1.501,0.661
2223.475,-1.547,1.502,0.687
2223.586,-1.501,1.507,0.699
2223.698,-1.464,1.508,0.698
2223.809,-1.433,1.508,0.684
2223.920,-1.412,1.505,0.656
2224.031,-1.397,1.500,0.615
2224.142,-1.381,1.499,0.567
2224.253,-1.366,1.498,0.528
2224.365,-1.355,1.493,0.500
2224.475,-1.346,1.489,0.484
2224.586,-1.334,1.487,0.477
2224.698,-1.316,1.485,0.479
2224.808,-1.293,1.484,0.484
2224.920,-1.262,1.482,0.494
2225.031,-1.226,1.480,0.501
2225.142,-1.194,1.472,0.504
2225.253,-1.172,1.465,0.506
2225.364,-1.157,1.462,0.509
2225.475,-1.151,1.459,0.514
2225.587,-1.152,1.462,0.517
2225.697,-1.165,1.468,0.522
2225.808,-1.190,1.474,0.531
2225.920,-1.221,1.480,0.542
2226.031,-1.261,1.484,0.554
2226.142,-1.315,1.488,0.571
2226.253,-1.382,1.494,0.592
2226.365,-1.450,1.497,0.617
2226.475,-1.508,1.498,0.638
2226.586,-1.556,1.500,0.648
2226.698,-1.600,1.500,0.639
2226.809,-1.643,1.495,0.614
2226.920,-1.684,1.487,0.574
2227.031,-1.726,1.478,0.518
2227.142,-1.772,1.475,0.450
2227.253,-1.816,1.469,0.387
2227.365,-1.855,1.457,0.341
2227.475,-1.884,1.448,0.312
2227.586,-1.905,1.443,0.297
2227.698,-1.918,1.445,0.291
2227.808,-1.924,1.450,0.287
2227.919,-1.924,1.452,0.282
2228.031,-1.918,1.453,0.279
2228.142,-1.914,1.454,0.284
2228.253,-1.913,1.457,0.297
2228.364,-1.910,1.459,0.324
2228.475,-1.905,1.461,0.363
2228.587,-1.894,1.465,0.400
2228.698,-1.871,1.466,0.426
2228.808,-1.830,1.473,0.447
2228.919,-1.771,1.480,0.474
2229.031,-1.701,1.484,0.506
2229.142,-1.617,1.485,0.543
2229.253,-1.524,1.486,0.586
2229.365,-1.432,1.492,0.627
2229.475,-1.354,1.503,0.659
2229.586,-1.285,1.509,0.678
2229.698,-1.219,1.506,0.683
2229.808,-1.152,1.498,0.672
2229.919,-1.081,1.488,0.648
2230.031,-1.006,1.487,0.612
2230.142,-0.928,1.499,0.578
2230.253,-0.851,1.507,0.561
2230.364,-0.771,1.509,0.556
2230.475,-0.687,1.499,0.562
2230.586,-0.599,1.487,0.583
2230.698,-0.511,1.491,0.609
2230.809,-0.433,1.500,0.623
2230.920,-0.365,1.504,0.616
2231.031,-0.302,1.500,0.597
2231.142,-0.245,1.488,0.565
2231.253,-0.193,1.482,0.522
2231.365,-0.149,1.479,0.489
2231.475,-0.114,1.478,0.476
2231.586,-0.087,1.480,0.476
2231.698,-0.065,1.483,0.485
2231.808,-0.044,1.487,0.504
2231.920,-0.026,1.492,0.528
2232.031,-0.009,1.490,0.548
2232.142,0.001,1.483,0.562
2232.253,-0.003,1.481,0.567
2232.364,-0.024,1.477,0.567
2232.474,-0.055,1.470,0.560
2232.586,-0.090,1.468,0.549
2232.697,-0.125,1.461,0.542
2232.808,-0.151,1.460,0.541
2232.919,-0.162,1.469,0.544
2233.031,-0.162,1.474,0.547
2233.141,-0.158,1.477,0.548
2233.253,-0.161,1.479,0.553
2233.364,-0.184,1.484,0.566
2233.475,-0.237,1.493,0.593
2233.586,-0.300,1.497,0.628
2233.698,-0.367,1.494,0.660
2233.808,-0.445,1.490,0.696
2233.920,-0.530,1.496,0.736
2234.031,-0.611,1.504,0.772
2234.141,-0.688,1.509,0.791
2234.252,-0.767,1.505,0.793
2234.364,-0.848,1.492,0.777
2234.474,-0.933,1.480,0.741
2234.586,-1.029,1.477,0.691
2234.698,-1.120,1.489,0.645
2234.808,-1.197,1.503,0.617
2234.919,-1.265,1.511,0.592
2235.031,-1.337,1.507,0.565
2235.141,-1.421,1.494,0.536
2235.253,-1.519,1.484,0.501
2235.365,-1.626,1.487,0.454
2235.475,-1.713,1.485,0.406
2235.586,-1.773,1.476,0.368
2235.697,-1.809,1.466,0.345
2235.808,-1.826,1.463,0.332
2235.921,-1.823,1.465,0.335
2236.031,-1.797,1.474,0.350
2236.141,-1.749,1.482,0.379
2236.253,-1.692,1.490,0.417
2236.364,-1.647,1.490,0.455
2236.475,-1.621,1.492,0.490
2236.585,-1.611,1.494,0.529
2236.697,-1.617,1.492,0.574
2236.808,-1.642,1.487,0.627
2236.919,-1.681,1.481,0.686
2237.030,-1.719,1.476,0.741
2237.141,-1.745,1.472,0.787
2237.252,-1.763,1.469,0.821
2237.363,-1.774,1.466,0.845
2237.474,-1.789,1.465,0.857
2237.585,-1.809,1.462,0.859
2237.696,-1.827,1.458,0.848
2237.807,-1.841,1.459,0.818
2237.918,-1.839,1.461,0.775
2238.030,-1.809,1.464,0.737
2238.141,-1.769,1.459,0.719
2238.252,-1.737,1.458,0.716
2238.364,-1.703,1.465,0.710
2238.474,-1.660,1.469,0.696
2238.585,-1.619,1.467,0.671
2238.697,-1.577,1.463,0.634
2238.807,-1.532,1.457,0.596
2238.919,-1.488,1.449,0.568
2239.030,-1.453,1.445,0.549
2239.141,-1.428,1.444,0.539
2239.252,-1.422,1.447,0.534
2239.364,-1.432,1.451,0.546
2239.474,-1.449,1.459,0.575
2239.585,-1.479,1.470,0.622
2239.697,-1.525,1.478,0.690
2239.808,-1.579,1.485,0.779
2239.919,-1.620,1.487,0.870
2240.030,-1.647,1.487,0.937
2240.141,-1.674,1.484,0.977
2240.252,-1.700,1.478,0.998
2240.363,-1.727,1.474,1.001
2240.474,-1.747,1.475,0.988
2240.585,-1.749,1.467,0.970
2240.697,-1.740,1.456,0.954
2240.807,-1.713,1.454,0.927
2240.919,-1.673,1.464,0.891
2241.030,-1.638,1.473,0.850
2241.140,-1.611,1.472,0.800
2241.251,-1.588,1.467,0.733
2241.362,-1.569,1.461,0.646
2241.473,-1.551,1.450,0.550
2241.585,-1.535,1.429,0.461
2241.696,-1.515,1.416,0.403
2241.807,-1.497,1.414,0.375
2241.918,-1.483,1.421,0.367
2242.029,-1.478,1.431,0.370
2242.140,-1.477,1.440,0.382
2242.252,-1.481,1.452,0.399
2242.363,-1.495,1.462,0.425
2242.474,-1.524,1.469,0.472
2242.585,-1.554,1.471,0.549
2242.696,-1.565,1.474,0.628
2242.806,-1.569,1.475,0.708
2242.918,-1.567,1.478,0.794
2243.029,-1.565,1.483,0.877
2243.140,-1.569,1.491,0.942
2243.251,-1.584,1.492,0.994
2243.363,-1.614,1.487,1.035
2243.473,-1.659,1.480,1.066
2243.584,-1.718,1.470,1.087
2243.696,-1.792,1.459,1.104
2243.807,-1.867,1.451,1.116
2243.918,-1.922,1.440,1.125
2244.029,-1.952,1.433,1.126
2244.140,-1.964,1.435,1.119
2244.251,-1.957,1.442,1.103
2244.362,-1.927,1.451,1.073
2244.474,-1.863,1.458,1.028
2244.585,-1.777,1.465,0.989
2244.696,-1.697,1.473,0.970
2244.807,-1.636,1.491,0.954
2244.918,-1.575,1.496,0.940
2245.030,-1.507,1.500,0.918
2245.141,-1.428,1.502,0.880
2245.252,-1.334,1.499,0.836
2245.363,-1.246,1.501,0.801
2245.474,-1.177,1.508,0.773
2245.585,-1.123,1.513,0.746
2245.714,-1.095,1.513,0.727
2245.824,-1.025,1.503,0.662
2245.935,-0.978,1.489,0.605
2246.047,-0.924,1.480,0.537
2246.158,-0.860,1.481,0.463
2246.265,-0.804,1.478,0.408
2246.376,-0.747,1.466,0.360
2246.488,-0.706,1.455,0.328
2246.599,-0.676,1.453,0.318
2246.709,-0.651,1.456,0.328
2246.821,-0.627,1.463,0.354
2246.932,-0.603,1.470,0.395
2247.043,-0.573,1.475,0.433
2247.154,-0.545,1.480,0.455
2247.265,-0.530,1.480,0.465
2247.377,-0.530,1.481,0.462
2247.488,-0.541,1.483,0.449
2247.599,-0.556,1.483,0.433
2247.710,-0.563,1.480,0.416
2247.821,-0.558,1.480,0.398
2247.932,-0.539,1.475,0.381
2248.043,-0.512,1.470,0.364
2248.155,-0.482,1.469,0.351
2248.266,-0.459,1.467,0.343
2248.377,-0.441,1.466,0.339
2248.487,-0.430,1.467,0.336
2248.599,-0.420,1.468,0.334
2248.710,-0.414,1.469,0.331
2248.821,-0.412,1.470,0.326
2248.932,-0.417,1.469,0.316
2249.043,-0.429,1.467,0.300
2249.155,-0.448,1.463,0.282
2249.265,-0.468,1.455,0.265
2249.376,-0.485,1.449,0.255
2249.488,-0.499,1.451,0.251
2249.599,-0.512,1.456,0.258
2249.710,-0.529,1.466,0.281
2249.821,-0.555,1.478,0.319
2249.932,-0.597,1.487,0.373
2250.043,-0.659,1.493,0.450
2250.154,-0.727,1.491,0.543
2250.265,-0.792,1.493,0.624
2250.376,-0.851,1.497,0.682
2250.487,-0.909,1.504,0.723
2250.598,-0.972,1.502,0.752
2250.709,-1.039,1.492,0.770
2250.820,-1.111,1.480,0.777
2250.932,-1.188,1.480,0.774
2251.042,-1.260,1.488,0.774
2251.154,-1.324,1.495,0.785
2251.265,-1.382,1.496,0.804
2251.376,-1.444,1.490,0.831
2251.487,-1.509,1.481,0.867
2251.598,-1.585,1.476,0.909
2251.709,-1.665,1.474,0.945
2251.821,-1.727,1.464,0.967
2251.931,-1.765,1.456,0.979
2252.042,-1.777,1.454,0.976
2252.154,-1.761,1.459,0.959
2252.265,-1.707,1.471,0.924
2252.376,-1.606,1.486,0.865
2252.487,-1.454,1.495,0.813
2252.599,-1.294,1.504,0.792
2252.709,-1.170,1.509,0.790
2252.821,-1.083,1.516,0.783
2252.932,-1.017,1.510,0.764
2253.043,-0.963,1.497,0.731
2253.154,-0.914,1.482,0.684
2253.265,-0.867,1.470,0.623
2253.376,-0.816,1.471,0.562
2253.487,-0.769,1.473,0.520
2253.601,-0.728,1.474,0.489
2253.709,-0.697,1.473,0.473
2253.821,-0.678,1.477,0.479
2253.932,-0.637,1.480,0.498
2254.042,-0.582,1.483,0.510
2254.154,-0.534,1.484,0.517
2254.265,-0.499,1.483,0.517
2254.376,-0.475,1.483,0.502
2254.487,-0.461,1.480,0.473
2254.598,-0.453,1.476,0.439
2254.709,-0.436,1.472,0.410
2254.820,-0.401,1.470,0.396
2254.932,-0.352,1.469,0.390
2255.042,-0.289,1.464,0.391
2255.154,-0.211,1.464,0.391
2255.265,-0.141,1.467,0.383
2255.376,-0.090,1.468,0.365
2255.487,-0.062,1.464,0.349
2255.598,-0.047,1.466,0.340
2255.709,-0.038,1.471,0.338
2255.821,-0.034,1.475,0.342
2255.932,-0.037,1.481,0.348
2256.042,-0.044,1.486,0.349
2256.154,-0.059,1.488,0.349
2256.265,-0.091,1.491,0.362
2256.376,-0.133,1.502,0.395
2256.487,-0.182,1.516,0.447
2256.598,-0.229,1.522,0.506
2256.709,-0.270,1.527,0.556
2256.820,-0.302,1.531,0.596
2256.931,-0.324,1.535,0.625
2257.042,-0.333,1.536,0.645
2257.153,-0.333,1.530,0.654
2257.264,-0.336,1.526,0.652
2257.375,-0.346,1.527,0.644
2257.487,-0.361,1.542,0.634
2257.598,-0.379,1.564,0.624
2257.708,-0.394,1.571,0.622
2257.820,-0.404,1.566,0.624
2257.931,-0.413,1.563,0.633
2258.042,-0.422,1.553,0.627
2258.153,-0.419,1.538,0.595
2258.265,-0.391,1.528,0.568
2258.375,-0.333,1.516,0.543
2258.487,-0.242,1.499,0.510
2258.598,-0.147,1.489,0.470
2258.709,-0.070,1.481,0.433
2258.820,-0.018,1.475,0.402
2258.932,0.013,1.469,0.376
2259.042,0.030,1.460,0.359
2259.153,0.039,1.454,0.348
2259.264,0.041,1.451,0.338
2259.375,0.040,1.450,0.331
2259.487,0.036,1.452,0.326
2259.598,0.031,1.455,0.321
2259.709,0.025,1.457,0.319
2259.820,0.020,1.457,0.317
2259.931,0.019,1.457,0.314
2260.042,0.022,1.456,0.312
2260.153,0.027,1.454,0.312
2260.265,0.032,1.453,0.311
2260.375,0.037,1.455,0.311
2260.487,0.044,1.457,0.310
2260.598,0.050,1.458,0.310
2260.709,0.054,1.458,0.311
2260.820,0.055,1.457,0.313
2260.931,0.054,1.456,0.315
2261.042,0.051,1.456,0.318
2261.153,0.052,1.454,0.319
2261.264,0.057,1.452,0.318
2261.375,0.063,1.453,0.317
2261.486,0.070,1.454,0.320
2261.598,0.075,1.456,0.323
2261.709,0.076,1.459,0.330
2261.820,0.076,1.463,0.336
2261.931,0.075,1.468,0.343
2262.042,0.074,1.471,0.344
2262.153,0.070,1.471,0.343
2262.264,0.069,1.470,0.338
2262.375,0.076,1.470,0.332
2262.486,0.075,1.469,0.324
2262.597,0.051,1.465,0.315
2262.708,0.019,1.465,0.301
2262.820,-0.019,1.460,0.281
2262.931,-0.062,1.452,0.256
2263.042,-0.108,1.446,0.224
2263.153,-0.142,1.440,0.195
2263.264,-0.158,1.439,0.183
2263.375,-0.161,1.445,0.189
2263.487,-0.156,1.452,0.213
2263.598,-0.145,1.461,0.251
2263.708,-0.132,1.466,0.289
2263.820,-0.128,1.470,0.318
2263.931,-0.137,1.474,0.333
2264.042,-0.157,1.475,0.329
2264.153,-0.180,1.471,0.312
2264.264,-0.204,1.464,0.297
2264.375,-0.223,1.463,0.293
2264.486,-0.238,1.465,0.295
2264.597,-0.248,1.468,0.304
2264.708,-0.254,1.473,0.321
2264.819,-0.253,1.477,0.344
2264.931,-0.244,1.481,0.366
2265.041,-0.228,1.484,0.388
2265.153,-0.221,1.484,0.398
2265.264,-0.224,1.480,0.389
2265.375,-0.234,1.469,0.367
2265.486,-0.241,1.460,0.346
2265.597,-0.244,1.456,0.331
2265.708,-0.245,1.458,0.322
2265.820,-0.244,1.463,0.321
2265.931,-0.240,1.470,0.327
2266.042,-0.234,1.477,0.341
2266.153,-0.227,1.485,0.362
2266.264,-0.222,1.490,0.374
2266.375,-0.225,1.486,0.369
2266.486,-0.233,1.477,0.347
2266.597,-0.241,1.466,0.320
2266.708,-0.244,1.460,0.302
2266.820,-0.241,1.462,0.298
2266.931,-0.234,1.469,0.305
2267.042,-0.225,1.477,0.321
2267.153,-0.216,1.486,0.346
2267.264,-0.206,1.493,0.376
2267.375,-0.203,1.495,0.403
2267.486,-0.206,1.492,0.424
2267.597,-0.215,1.488,0.443
2267.708,-0.235,1.492,0.464
2267.819,-0.266,1.499,0.488
2267.930,-0.303,1.502,0.506
2268.041,-0.354,1.499,0.524
2268.153,-0.423,1.506,0.548
2268.263,-0.499,1.502,0.569
2268.375,-0.571,1.502,0.583
2268.486,-0.632,1.509,0.585
2268.597,-0.687,1.508,0.573
2268.708,-0.737,1.501,0.547
2268.819,-0.777,1.490,0.505
2268.930,-0.816,1.483,0.444
2269.042,-0.857,1.476,0.384
2269.153,-0.894,1.465,0.339
2269.264,-0.920,1.463,0.313
2269.375,-0.943,1.465,0.302
2269.486,-0.971,1.468,0.298
2269.597,-1.005,1.471,0.301
2269.708,-1.045,1.473,0.310
2269.819,-1.092,1.480,0.315
2269.930,-1.129,1.480,0.316
2270.042,-1.155,1.478,0.310
2270.153,-1.174,1.473,0.296
2270.264,-1.187,1.466,0.281
2270.375,-1.196,1.459,0.269
2270.486,-1.202,1.459,0.265
2270.597,-1.204,1.462,0.269
2270.708,-1.203,1.466,0.278
2270.819,-1.206,1.466,0.289
2270.931,-1.210,1.465,0.304
2271.042,-1.210,1.468,0.329
2271.153,-1.200,1.478,0.364
2271.264,-1.182,1.487,0.405
2271.375,-1.161,1.491,0.439
2271.486,-1.143,1.487,0.464
2271.597,-1.138,1.483,0.491
2271.708,-1.156,1.486,0.529
2271.819,-1.188,1.486,0.573
2271.930,-1.234,1.482,0.621
2272.041,-1.291,1.483,0.677
2272.152,-1.339,1.489,0.731
2272.263,-1.380,1.494,0.767
2272.375,-1.420,1.495,0.788
2272.485,-1.461,1.493,0.795
2272.597,-1.506,1.488,0.789
2272.708,-1.558,1.481,0.771
2272.819,-1.615,1.478,0.742
2272.930,-1.673,1.485,0.709
2273.042,-1.723,1.486,0.682
2273.152,-1.758,1.480,0.663
2273.263,-1.785,1.477,0.650
2273.374,-1.807,1.475,0.648
2273.486,-1.818,1.477,0.649
2273.596,-1.811,1.479,0.653
2273.708,-1.797,1.483,0.664
2273.819,-1.779,1.488,0.680
2273.930,-1.754,1.491,0.706
2274.042,-1.729,1.494,0.739
2274.152,-1.706,1.491,0.770
2274.264,-1.683,1.494,0.791
2274.375,-1.649,1.503,0.802
2274.486,-1.596,1.508,0.813
2274.597,-1.532,1.514,0.823
2274.708,-1.460,1.521,0.832
2274.819,-1.381,1.520,0.838
2274.930,-1.299,1.518,0.842
2275.041,-1.223,1.515,0.847
2275.152,-1.164,1.508,0.854
2275.263,-1.123,1.511,0.859
2275.375,-1.090,1.512,0.858
2275.486,-1.066,1.509,0.849
2275.597,-1.048,1.509,0.828
2275.708,-1.034,1.510,0.793
2275.819,-1.018,1.522,0.752
2275.930,-0.995,1.527,0.719
2276.041,-0.972,1.521,0.701
2276.153,-0.944,1.525,0.697
2276.263,-0.907,1.524,0.703
2276.374,-0.861,1.516,0.725
2276.486,-0.815,1.511,0.762
2276.597,-0.771,1.516,0.800
2276.708,-0.730,1.510,0.820
2276.819,-0.696,1.506,0.827
2276.930,-0.661,1.508,0.828
2277.041,-0.622,1.505,0.816
2277.150,-0.582,1.500,0.792
2277.261,-0.543,1.502,0.756
2277.372,-0.505,1.507,0.724
2277.483,-0.470,1.507,0.704
2277.595,-0.442,1.509,0.695
2277.706,-0.412,1.511,0.698
2277.817,-0.380,1.508,0.713
2277.928,-0.347,1.503,0.741
2278.039,-0.315,1.503,0.783
2278.150,-0.279,1.507,0.831
2278.262,-0.245,1.506,0.870
2278.372,-0.215,1.505,0.894
2278.484,-0.187,1.504,0.908
2278.595,-0.157,1.501,0.916
2278.706,-0.124,1.496,0.913
2278.817,-0.089,1.491,0.900
2278.929,-0.054,1.486,0.875
2279.040,-0.016,1.485,0.845
2279.151,0.023,1.483,0.816
2279.262,0.061,1.478,0.791
2279.373,0.093,1.471,0.773
2279.485,0.122,1.467,0.764
2279.596,0.153,1.463,0.768
2279.707,0.184,1.459,0.784
2279.818,0.207,1.457,0.812
2279.929,0.220,1.461,0.853
2280.040,0.232,1.467,0.899
2280.151,0.244,1.467,0.942
2280.262,0.256,1.468,0.974
2280.374,0.267,1.470,0.994
2280.485,0.279,1.472,1.002
2280.596,0.295,1.470,0.999
2280.707,0.314,1.472,0.987
2280.818,0.336,1.474,0.973
2280.929,0.355,1.473,0.957
2281.040,0.373,1.471,0.939
2281.152,0.387,1.469,0.921
2281.262,0.398,1.468,0.905
2281.372,0.406,1.466,0.895
2281.484,0.412,1.464,0.889
2281.594,0.417,1.462,0.884
2281.706,0.421,1.461,0.878
2281.817,0.423,1.459,0.872
2281.928,0.424,1.458,0.868
2282.039,0.425,1.456,0.864
2282.151,0.427,1.455,0.861
2282.262,0.429,1.454,0.862
2282.374,0.429,1.455,0.864
2282.485,0.426,1.458,0.869
2282.596,0.415,1.462,0.874
2282.707,0.396,1.465,0.884
2282.818,0.374,1.469,0.899
2282.929,0.355,1.472,0.919
2283.040,0.336,1.473,0.941
2283.151,0.322,1.474,0.961
2283.263,0.309,1.474,0.975
2283.374,0.300,1.474,0.985
2283.485,0.296,1.473,0.996
2283.596,0.296,1.463,1.008
2283.707,0.293,1.452,1.016
2283.818,0.284,1.451,1.020
2283.930,0.267,1.462,1.010
2284.040,0.248,1.478,0.990
2284.151,0.233,1.498,0.965
2284.263,0.218,1.522,0.939
2284.374,0.203,1.549,0.914
2284.485,0.189,1.569,0.890
2284.596,0.182,1.577,0.870
2284.707,0.186,1.566,0.857
2284.818,0.183,1.561,0.842
2284.929,0.157,1.572,0.827
2285.041,0.113,1.581,0.815
2285.151,0.056,1.586,0.806
2285.263,-0.003,1.593,0.795
2285.374,-0.055,1.592,0.785
2285.485,-0.096,1.589,0.777
2285.595,-0.130,1.584,0.772
2285.706,-0.158,1.587,0.769
2285.817,-0.181,1.590,0.768
2285.928,-0.201,1.592,0.768
2286.040,-0.207,1.590,0.767
2286.151,-0.196,1.582,0.761
2286.262,-0.169,1.582,0.749
2286.373,-0.134,1.588,0.735
2286.484,-0.105,1.591,0.724
2286.595,-0.085,1.591,0.717
2286.706,-0.069,1.591,0.715
2286.817,-0.057,1.590,0.714
2286.929,-0.047,1.587,0.711
2287.040,-0.043,1.588,0.710
2287.151,-0.046,1.588,0.710
2287.262,-0.051,1.590,0.712
2287.373,-0.049,1.589,0.715
2287.484,-0.046,1.587,0.718
2287.595,-0.048,1.588,0.724
2287.706,-0.053,1.589,0.731
2287.817,-0.051,1.589,0.738
2287.929,-0.042,1.584,0.743
2288.040,-0.036,1.582,0.748
2288.150,-0.039,1.584,0.755
2288.262,-0.043,1.584,0.760
2288.373,-0.042,1.583,0.763
2288.484,-0.038,1.582,0.766
2288.596,-0.041,1.581,0.771
2288.706,-0.048,1.581,0.775
2288.817,-0.053,1.582,0.779
2288.928,-0.054,1.581,0.781
2289.040,-0.048,1.579,0.782
2289.150,-0.044,1.579,0.784
2289.262,-0.044,1.579,0.787
2289.373,-0.046,1.579,0.790
2289.484,-0.047,1.579,0.791
2289.596,-0.046,1.581,0.791
2289.706,-0.042,1.582,0.790
2289.818,-0.038,1.582,0.788
2289.929,-0.035,1.584,0.785
2290.040,-0.032,1.588,0.786
2290.151,-0.029,1.588,0.787
2290.262,-0.026,1.588,0.787
2290.373,-0.026,1.590,0.787
2290.484,-0.029,1.590,0.788
2290.596,-0.034,1.592,0.786
2290.707,-0.043,1.595,0.784
2290.818,-0.050,1.598,0.783
2290.929,-0.054,1.599,0.782
2291.040,-0.057,1.598,0.779
2291.151,-0.050,1.596,0.775
2291.262,-0.040,1.594,0.771
2291.373,-0.028,1.594,0.765
2291.484,-0.018,1.593,0.758
2291.596,-0.007,1.592,0.751
2291.707,0.007,1.591,0.744
2291.818,0.024,1.589,0.736
2291.929,0.045,1.583,0.730
2292.040,0.068,1.577,0.723
2292.151,0.087,1.574,0.718
2292.263,0.105,1.573,0.713
2292.373,0.123,1.572,0.709
2292.484,0.144,1.569,0.702
2292.596,0.165,1.565,0.693
2292.707,0.182,1.561,0.684
2292.818,0.192,1.562,0.675
2292.929,0.198,1.561,0.670
2293.040,0.201,1.562,0.667
2293.151,0.204,1.562,0.668
2293.263,0.204,1.561,0.669
2293.373,0.204,1.560,0.672
2293.484,0.201,1.558,0.675
2293.596,0.194,1.560,0.681
2293.707,0.185,1.561,0.686
2293.818,0.176,1.564,0.690
2293.929,0.167,1.566,0.692
2294.040,0.161,1.565,0.695
2294.151,0.157,1.563,0.696
2294.262,0.152,1.562,0.696
2294.373,0.151,1.562,0.694
2294.484,0.149,1.563,0.692
2294.596,0.146,1.564,0.689
2294.706,0.146,1.564,0.686
2294.818,0.144,1.565,0.684
2294.929,0.144,1.565,0.682
2295.040,0.144,1.565,0.680
2295.151,0.145,1.566,0.677
2295.262,0.149,1.566,0.676
2295.373,0.153,1.565,0.675
2295.484,0.156,1.564,0.675
2295.595,0.160,1.563,0.676
2295.706,0.166,1.561,0.677
2295.818,0.170,1.560,0.683
2295.929,0.174,1.559,0.694
2296.040,0.176,1.558,0.713
2296.151,0.175,1.554,0.739
2296.262,0.171,1.552,0.771
2296.373,0.165,1.551,0.806
2296.484,0.156,1.549,0.840
2296.596,0.143,1.547,0.873
2296.706,0.126,1.546,0.904
2296.818,0.111,1.544,0.932
2296.929,0.101,1.538,0.951
2297.040,0.097,1.537,0.963
2297.151,0.099,1.535,0.971
2297.262,0.107,1.532,0.979
2297.373,0.118,1.527,0.983
2297.484,0.134,1.526,0.984
2297.595,0.154,1.528,0.988
2297.706,0.176,1.527,0.996
2297.817,0.197,1.526,1.003
2297.928,0.216,1.524,1.012
2298.039,0.231,1.522,1.019
2298.150,0.244,1.522,1.022
2298.261,0.252,1.522,1.022
2298.372,0.254,1.522,1.021
2298.484,0.252,1.523,1.020
2298.595,0.248,1.523,1.021
2298.706,0.244,1.522,1.021
2298.817,0.238,1.521,1.021
2298.928,0.229,1.520,1.020
2299.039,0.216,1.519,1.019
2299.150,0.203,1.518,1.018
2299.261,0.191,1.517,1.018
2299.373,0.178,1.515,1.017
2299.474,0.167,1.515,1.016
2299.581,0.154,1.517,1.014
2299.692,0.143,1.517,1.011
2299.803,0.134,1.516,1.009
2299.914,0.129,1.514,1.008
2300.025,0.136,1.512,0.999
2300.136,0.151,1.512,0.978
2300.248,0.170,1.511,0.949
2300.358,0.195,1.512,0.905
2300.470,0.216,1.507,0.848
2300.581,0.225,1.493,0.796
2300.692,0.210,1.490,0.753
2300.802,0.162,1.493,0.726
2300.914,0.096,1.493,0.729
2301.025,0.041,1.493,0.755
2301.135,0.005,1.491,0.786
2301.247,-0.017,1.496,0.804
2301.358,-0.033,1.502,0.807
2301.469,-0.045,1.503,0.799
2301.580,-0.062,1.501,0.779
2301.692,-0.083,1.501,0.750
2301.802,-0.101,1.496,0.726
2301.914,-0.104,1.493,0.705
2302.025,-0.094,1.492,0.684
2302.135,-0.071,1.488,0.667
2302.247,-0.036,1.484,0.655
2302.358,0.011,1.486,0.651
2302.469,0.055,1.489,0.651
2302.580,0.089,1.492,0.649
2302.692,0.112,1.494,0.644
2302.802,0.126,1.497,0.636
2302.914,0.135,1.497,0.627
2303.025,0.138,1.498,0.620
2303.136,0.138,1.498,0.611
2303.247,0.137,1.499,0.604
2303.358,0.136,1.500,0.600
2303.469,0.136,1.499,0.598
2303.580,0.135,1.499,0.598
2303.692,0.135,1.500,0.598
2303.802,0.134,1.499,0.599
2303.914,0.132,1.499,0.600
2304.025,0.130,1.501,0.601
2304.136,0.128,1.502,0.601
2304.247,0.126,1.502,0.600
2304.358,0.127,1.502,0.598
2304.470,0.128,1.501,0.596
2304.580,0.130,1.500,0.595
2304.691,0.132,1.500,0.594
2304.802,0.133,1.499,0.593
2304.913,0.133,1.499,0.592
2305.025,0.133,1.499,0.592
2305.135,0.134,1.500,0.591
2305.247,0.135,1.501,0.592
2305.358,0.136,1.501,0.593
2305.469,0.137,1.502,0.595
2305.580,0.138,1.502,0.599
2305.688,0.139,1.502,0.601
2305.792,0.141,1.503,0.607
2305.903,0.143,1.502,0.611
2306.014,0.143,1.503,0.615
2306.125,0.145,1.503,0.619
2306.232,0.148,1.503,0.622
2306.344,0.152,1.503,0.626
2306.454,0.157,1.503,0.630
2306.566,0.163,1.502,0.635
2306.677,0.169,1.502,0.641
2306.788,0.175,1.503,0.646
2306.899,0.181,1.503,0.652
2307.010,0.185,1.503,0.657
2307.122,0.188,1.504,0.661
2307.233,0.191,1.504,0.666
2307.343,0.193,1.503,0.671
2307.455,0.195,1.503,0.675
2307.565,0.197,1.502,0.678
2307.677,0.200,1.500,0.679
2307.788,0.201,1.499,0.680
2307.899,0.202,1.498,0.680
2308.010,0.202,1.498,0.682
2308.122,0.203,1.498,0.684
2308.232,0.203,1.498,0.686
2308.343,0.204,1.498,0.687
2308.455,0.204,1.498,0.688
2308.566,0.203,1.498,0.689
2308.677,0.203,1.498,0.690
2308.788,0.202,1.498,0.690
2308.899,0.201,1.499,0.690
2309.010,0.200,1.499,0.689
2309.121,0.200,1.499,0.689
2309.232,0.201,1.499,0.688
2309.344,0.203,1.499,0.687
2309.455,0.204,1.502,0.683
2309.566,0.204,1.504,0.676
2309.677,0.201,1.505,0.667
2309.788,0.198,1.504,0.657
2309.899,0.196,1.504,0.647
2310.010,0.196,1.502,0.638
2310.121,0.195,1.502,0.632
2310.233,0.193,1.501,0.628
2310.344,0.189,1.500,0.628
2310.455,0.187,1.500,0.628
2310.566,0.187,1.500,0.627
2310.677,0.188,1.499,0.626
2310.788,0.190,1.499,0.625
2310.899,0.193,1.497,0.625
2311.010,0.197,1.497,0.623
2311.121,0.201,1.498,0.620
2311.233,0.203,1.498,0.614
2311.344,0.205,1.497,0.608
2311.455,0.205,1.496,0.604
2311.566,0.204,1.495,0.600
2311.677,0.203,1.495,0.597
2311.788,0.200,1.495,0.596
2311.899,0.198,1.495,0.596
2312.010,0.195,1.494,0.599
2312.121,0.189,1.491,0.605
2312.232,0.179,1.489,0.613
2312.343,0.166,1.485,0.619
2312.455,0.149,1.485,0.623
2312.565,0.127,1.486,0.625
2312.677,0.098,1.487,0.622
2312.788,0.064,1.487,0.616
2312.899,0.025,1.485,0.607
2313.010,-0.012,1.483,0.598
2313.121,-0.044,1.480,0.590
2313.232,-0.073,1.478,0.585
2313.343,-0.093,1.481,0.582
2313.455,-0.105,1.484,0.579
2313.566,-0.114,1.485,0.576
2313.677,-0.122,1.486,0.573
2313.788,-0.128,1.485,0.574
2313.899,-0.132,1.486,0.581
2314.010,-0.132,1.490,0.592
2314.121,-0.126,1.493,0.607
2314.232,-0.115,1.497,0.626
2314.343,-0.100,1.502,0.643
2314.454,-0.083,1.504,0.660
2314.566,-0.066,1.506,0.674
2314.676,-0.050,1.505,0.685
2314.787,-0.038,1.504,0.694
2314.898,-0.032,1.506,0.701
2315.009,-0.032,1.508,0.704
2315.121,-0.038,1.509,0.703
2315.232,-0.048,1.512,0.697
2315.343,-0.060,1.512,0.693
2315.454,-0.070,1.513,0.688
2315.565,-0.078,1.514,0.685
2315.676,-0.085,1.513,0.682
2315.788,-0.091,1.513,0.681
2315.899,-0.095,1.514,0.681
2316.010,-0.097,1.515,0.681
2316.121,-0.099,1.517,0.681
2316.232,-0.099,1.517,0.681
2316.343,-0.100,1.517,0.681
2316.454,-0.101,1.517,0.682
2316.565,-0.101,1.517,0.683
2316.676,-0.101,1.518,0.684
2316.787,-0.099,1.518,0.684
2316.898,-0.098,1.518,0.683
2317.009,-0.098,1.518,0.680
2317.120,-0.095,1.517,0.677
2317.232,-0.092,1.516,0.675
2317.343,-0.091,1.515,0.674
2317.454,-0.090,1.514,0.674
2317.565,-0.088,1.514,0.673
2317.676,-0.086,1.513,0.672
2317.787,-0.085,1.512,0.672
2317.898,-0.083,1.512,0.671
2318.009,-0.082,1.511,0.671
2318.121,-0.083,1.511,0.670
2318.232,-0.084,1.511,0.670
2318.343,-0.085,1.511,0.670
2318.454,-0.088,1.511,0.670
2318.565,-0.090,1.512,0.671
2318.675,-0.090,1.512,0.670
2318.787,-0.091,1.513,0.670
2318.898,-0.091,1.513,0.669
2319.009,-0.090,1.513,0.669
2319.120,-0.089,1.513,0.668
2319.232,-0.090,1.513,0.667
2319.343,-0.091,1.514,0.667
2319.454,-0.093,1.515,0.666
2319.565,-0.093,1.515,0.666
2319.676,-0.093,1.515,0.665
2319.787,-0.093,1.515,0.665
2319.898,-0.092,1.515,0.666
2320.009,-0.091,1.515,0.667
2320.121,-0.089,1.515,0.668
2320.231,-0.089,1.516,0.669
2320.342,-0.088,1.517,0.669
2320.453,-0.087,1.518,0.669
2320.565,-0.088,1.518,0.668
2320.676,-0.089,1.518,0.668
2320.787,-0.092,1.518,0.667
2320.898,-0.093,1.519,0.666
2321.009,-0.094,1.519,0.664
2321.120,-0.094,1.519,0.662
2321.232,-0.093,1.519,0.661
2321.343,-0.093,1.519,0.662
2321.454,-0.093,1.520,0.662
2321.565,-0.093,1.520,0.661
2321.676,-0.093,1.521,0.660
2321.787,-0.094,1.521,0.659
2321.898,-0.094,1.522,0.659
2322.009,-0.092,1.523,0.657
2322.120,-0.089,1.525,0.655
2322.232,-0.087,1.527,0.651
2322.343,-0.087,1.529,0.648
2322.454,-0.086,1.529,0.647
2322.565,-0.085,1.530,0.646
2322.676,-0.083,1.530,0.647
2322.787,-0.080,1.528,0.648
2322.898,-0.077,1.522,0.650
2323.009,-0.076,1.518,0.655
2323.120,-0.074,1.515,0.661
2323.231,-0.074,1.512,0.666
2323.342,-0.073,1.509,0.668
2323.453,-0.077,1.505,0.668
2323.565,-0.089,1.501,0.668
2323.676,-0.111,1.499,0.665
2323.787,-0.144,1.498,0.656
2323.898,-0.190,1.496,0.642
2324.009,-0.243,1.497,0.623
2324.120,-0.291,1.494,0.603
2324.231,-0.329,1.492,0.587
2324.343,-0.357,1.495,0.576
2324.453,-0.378,1.495,0.568
2324.564,-0.392,1.494,0.564
2324.676,-0.401,1.496,0.561
2324.787,-0.407,1.498,0.560
2324.898,-0.408,1.500,0.565
2325.009,-0.404,1.503,0.576
2325.120,-0.394,1.505,0.596
2325.231,-0.378,1.510,0.621
2325.342,-0.358,1.517,0.643
2325.453,-0.343,1.516,0.660
2325.564,-0.336,1.513,0.671
2325.676,-0.335,1.515,0.674
2325.786,-0.340,1.515,0.668
2325.898,-0.351,1.516,0.654
2326.009,-0.363,1.516,0.636
2326.122,-0.377,1.515,0.619
2326.231,-0.392,1.514,0.601
2326.343,-0.405,1.511,0.585
2326.453,-0.414,1.509,0.572
2326.565,-0.421,1.507,0.565
2326.675,-0.428,1.505,0.570
2326.787,-0.436,1.505,0.586
2326.898,-0.444,1.502,0.612
2327.009,-0.448,1.502,0.636
2327.120,-0.451,1.497,0.655
2327.231,-0.462,1.497,0.670
2327.342,-0.481,1.499,0.675
2327.453,-0.510,1.496,0.669
2327.564,-0.548,1.494,0.650
2327.675,-0.594,1.493,0.618
2327.787,-0.641,1.491,0.581
2327.898,-0.680,1.489,0.552
2328.009,-0.708,1.490,0.536
2328.120,-0.727,1.492,0.532
2328.231,-0.738,1.493,0.540
2328.342,-0.741,1.495,0.557
2328.453,-0.738,1.496,0.581
2328.564,-0.730,1.502,0.607
2328.675,-0.721,1.506,0.634
2328.786,-0.711,1.509,0.658
2328.897,-0.702,1.510,0.677
2329.008,-0.696,1.512,0.690
2329.119,-0.697,1.514,0.697
2329.231,-0.704,1.515,0.699
2329.342,-0.715,1.515,0.695
2329.453,-0.729,1.517,0.687
2329.564,-0.740,1.516,0.674
2329.675,-0.748,1.513,0.663
2329.786,-0.753,1.512,0.656
2329.897,-0.755,1.510,0.654
2330.008,-0.755,1.509,0.656
2330.119,-0.754,1.508,0.660
2330.231,-0.753,1.508,0.664
2330.342,-0.751,1.508,0.668
2330.453,-0.748,1.507,0.671
2330.564,-0.746,1.505,0.674
2330.675,-0.743,1.503,0.676
2330.787,-0.740,1.501,0.680
2330.898,-0.735,1.498,0.685
2331.008,-0.729,1.495,0.690
2331.119,-0.724,1.492,0.695
2331.231,-0.720,1.490,0.699
2331.342,-0.717,1.488,0.703
2331.453,-0.714,1.487,0.707
2331.564,-0.713,1.486,0.710
2331.675,-0.712,1.487,0.712
2331.786,-0.713,1.488,0.713
2331.897,-0.714,1.489,0.710
2332.008,-0.716,1.490,0.705
2332.119,-0.720,1.491,0.697
2332.231,-0.726,1.492,0.688
2332.342,-0.732,1.492,0.678
2332.453,-0.738,1.493,0.669
2332.564,-0.744,1.494,0.662
2332.675,-0.748,1.495,0.655
2332.786,-0.750,1.495,0.649
2332.897,-0.751,1.496,0.644
2333.008,-0.753,1.497,0.640
2333.119,-0.754,1.497,0.636
2333.231,-0.756,1.498,0.633
2333.341,-0.756,1.499,0.629
2333.453,-0.756,1.498,0.626
2333.564,-0.753,1.496,0.624
2333.675,-0.750,1.495,0.626
2333.786,-0.746,1.492,0.631
2333.897,-0.747,1.487,0.636
2334.008,-0.757,1.484,0.641
2334.120,-0.783,1.484,0.638
2334.231,-0.819,1.479,0.624
2334.342,-0.868,1.476,0.600
2334.453,-0.922,1.468,0.572
2334.564,-0.968,1.464,0.549
2334.675,-1.002,1.464,0.535
2334.786,-1.021,1.463,0.529
2334.897,-1.030,1.463,0.529
2335.009,-1.033,1.465,0.536
2335.119,-1.030,1.468,0.552
2335.231,-1.019,1.474,0.574
2335.342,-1.003,1.482,0.593
2335.453,-0.988,1.483,0.610
2335.564,-0.983,1.482,0.619
2335.675,-0.984,1.483,0.621
2335.786,-0.986,1.484,0.617
2335.897,-0.990,1.485,0.610
2336.008,-0.995,1.486,0.604
2336.120,-0.998,1.488,0.597
2336.231,-1.000,1.490,0.591
2336.342,-1.001,1.492,0.586
2336.453,-1.002,1.493,0.580
2336.564,-1.003,1.494,0.575
2336.675,-1.004,1.494,0.574
2336.786,-1.006,1.494,0.578
2336.897,-1.006,1.493,0.588
2337.008,-1.006,1.491,0.602
2337.119,-1.007,1.488,0.618
2337.230,-1.009,1.485,0.633
2337.341,-1.002,1.482,0.650
2337.452,-0.986,1.482,0.664
2337.564,-0.973,1.481,0.679
2337.674,-0.966,1.481,0.690
2337.786,-0.963,1.482,0.698
2337.897,-0.961,1.483,0.702
2338.008,-0.956,1.484,0.705
2338.119,-0.951,1.485,0.707
2338.230,-0.948,1.485,0.708
2338.341,-0.947,1.487,0.706
2338.452,-0.953,1.487,0.698
2338.563,-0.986,1.486,0.687
2338.675,-1.025,1.487,0.677
2338.786,-1.065,1.487,0.663
2338.897,-1.111,1.486,0.640
2339.008,-1.160,1.482,0.615
2339.119,-1.205,1.476,0.592
2339.230,-1.243,1.473,0.574
2339.342,-1.270,1.473,0.562
2339.452,-1.284,1.474,0.555
2339.564,-1.292,1.474,0.548
2339.675,-1.296,1.474,0.544
2339.786,-1.299,1.474,0.542
2339.897,-1.302,1.475,0.542
2340.008,-1.305,1.476,0.544
2340.119,-1.309,1.477,0.545
2340.230,-1.312,1.478,0.545
2340.341,-1.315,1.480,0.545
2340.453,-1.314,1.482,0.545
2340.564,-1.313,1.483,0.546
2340.675,-1.311,1.484,0.550
2340.786,-1.306,1.487,0.556
2340.897,-1.301,1.489,0.560
2341.008,-1.297,1.490,0.565
2341.119,-1.296,1.492,0.567
2341.231,-1.294,1.493,0.568
2341.341,-1.291,1.493,0.569
2341.452,-1.288,1.494,0.569
2341.563,-1.285,1.494,0.569
2341.674,-1.283,1.494,0.568
2341.786,-1.282,1.494,0.567
2341.897,-1.282,1.494,0.566
2342.008,-1.283,1.494,0.567
2342.119,-1.283,1.494,0.568
2342.230,-1.284,1.494,0.569
2342.341,-1.284,1.494,0.569
2342.453,-1.285,1.495,0.569
2342.564,-1.286,1.495,0.566
2342.675,-1.288,1.496,0.562
2342.786,-1.292,1.495,0.557
2342.896,-1.298,1.495,0.556
2343.008,-1.302,1.495,0.567
2343.119,-1.301,1.497,0.595
2343.231,-1.292,1.501,0.634
2343.341,-1.273,1.506,0.679
2343.452,-1.251,1.508,0.721
2343.563,-1.228,1.506,0.756
2343.674,-1.208,1.501,0.782
2343.786,-1.192,1.500,0.805
2343.896,-1.187,1.504,0.827
2344.007,-1.191,1.507,0.851
2344.119,-1.200,1.512,0.874
2344.230,-1.216,1.515,0.895
2344.341,-1.239,1.516,0.915
2344.452,-1.271,1.518,0.933
2344.563,-1.303,1.520,0.947
2344.674,-1.331,1.519,0.961
2344.785,-1.351,1.519,0.978
2344.897,-1.365,1.524,0.996
2345.007,-1.375,1.526,1.012
2345.119,-1.382,1.526,1.024
2345.229,-1.387,1.526,1.033
2345.340,-1.392,1.527,1.040
2345.452,-1.396,1.527,1.044
2345.563,-1.400,1.526,1.046
2345.674,-1.403,1.527,1.046
2345.785,-1.404,1.527,1.044
2345.896,-1.405,1.526,1.041
2346.007,-1.403,1.526,1.037
2346.118,-1.400,1.526,1.033
2346.229,-1.394,1.525,1.026
2346.340,-1.385,1.525,1.017
2346.452,-1.373,1.525,1.003
2346.563,-1.357,1.525,0.986
2346.674,-1.338,1.525,0.967
2346.785,-1.316,1.524,0.948
2346.896,-1.290,1.525,0.932
2347.007,-1.263,1.525,0.919
2347.118,-1.232,1.525,0.908
2347.229,-1.203,1.524,0.900
2347.340,-1.176,1.521,0.895
2347.451,-1.153,1.518,0.893
2347.563,-1.134,1.515,0.893
2347.673,-1.120,1.514,0.894
2347.785,-1.110,1.513,0.896
2347.896,-1.104,1.512,0.896
2348.007,-1.106,1.512,0.893
2348.118,-1.111,1.512,0.889
2348.229,-1.115,1.512,0.886
2348.340,-1.117,1.512,0.886
2348.451,-1.116,1.512,0.884
2348.563,-1.115,1.511,0.884
2348.673,-1.113,1.511,0.883
2348.785,-1.110,1.510,0.883
2348.896,-1.109,1.508,0.884
2349.007,-1.113,1.506,0.889
2349.118,-1.122,1.505,0.894
2349.229,-1.133,1.506,0.898
2349.340,-1.144,1.508,0.901
2349.451,-1.151,1.507,0.898
2349.563,-1.158,1.507,0.887
2349.673,-1.165,1.506,0.869
2349.785,-1.174,1.504,0.844
2349.896,-1.188,1.503,0.816
2350.007,-1.204,1.502,0.785
2350.118,-1.222,1.501,0.754
2350.229,-1.240,1.501,0.725
2350.340,-1.258,1.502,0.697
2350.452,-1.276,1.500,0.670
2350.563,-1.293,1.497,0.646
2350.673,-1.310,1.494,0.627
2350.785,-1.327,1.488,0.613
2350.896,-1.339,1.483,0.603
2351.007,-1.349,1.481,0.597
2351.118,-1.358,1.481,0.594
2351.229,-1.364,1.480,0.592
2351.340,-1.367,1.477,0.592
2351.451,-1.368,1.478,0.592
2351.563,-1.367,1.479,0.590
2351.673,-1.365,1.480,0.587
2351.785,-1.362,1.481,0.582
2351.896,-1.359,1.480,0.577
2352.007,-1.357,1.479,0.573
2352.118,-1.355,1.478,0.570
2352.229,-1.354,1.478,0.568
2352.340,-1.353,1.478,0.566
2352.451,-1.353,1.478,0.565
2352.563,-1.352,1.478,0.564
2352.673,-1.350,1.479,0.562
2352.784,-1.348,1.479,0.560
2352.896,-1.345,1.478,0.556
2353.007,-1.342,1.478,0.552
2353.118,-1.340,1.479,0.548
2353.229,-1.338,1.478,0.543
2353.340,-1.336,1.477,0.538
2353.451,-1.336,1.476,0.533
2353.563,-1.337,1.475,0.528
2353.673,-1.339,1.473,0.524
2353.784,-1.340,1.472,0.523
2353.896,-1.341,1.471,0.525
2354.007,-1.343,1.471,0.530
2354.118,-1.343,1.471,0.536
2354.229,-1.344,1.472,0.540
2354.340,-1.344,1.472,0.543
2354.451,-1.344,1.470,0.544
2354.563,-1.344,1.469,0.543
2354.673,-1.347,1.467,0.543
2354.785,-1.349,1.466,0.544
2354.896,-1.351,1.466,0.544
2355.006,-1.352,1.465,0.544
2355.118,-1.352,1.463,0.543
2355.229,-1.352,1.463,0.543
2355.340,-1.353,1.463,0.542
2355.451,-1.353,1.462,0.541
2355.563,-1.354,1.461,0.540
2355.673,-1.355,1.460,0.539
2355.785,-1.356,1.460,0.540
2355.896,-1.355,1.459,0.539
2356.007,-1.354,1.457,0.540
2356.118,-1.352,1.455,0.542
2356.229,-1.349,1.452,0.545
2356.340,-1.350,1.450,0.546
2356.451,-1.354,1.449,0.548
2356.563,-1.358,1.447,0.549
2356.673,-1.360,1.447,0.550
2356.784,-1.361,1.446,0.551
2356.896,-1.362,1.446,0.552
2357.007,-1.363,1.446,0.554
2357.118,-1.361,1.447,0.556
2357.229,-1.357,1.448,0.559
2357.340,-1.350,1.449,0.562
2357.451,-1.342,1.450,0.565
2357.563,-1.332,1.449,0.570
2357.674,-1.322,1.448,0.578
2357.785,-1.312,1.449,0.588
2357.896,-1.300,1.448,0.600
2358.007,-1.281,1.450,0.614
2358.118,-1.252,1.452,0.629
2358.229,-1.215,1.453,0.651
2358.340,-1.175,1.455,0.679
2358.451,-1.134,1.457,0.715
2358.563,-1.088,1.458,0.760
2358.673,-1.038,1.457,0.820
2358.784,-1.014,1.453,0.863
2358.896,-1.009,1.452,0.877
2359.007,-0.995,1.453,0.894
2359.118,-0.971,1.453,0.920
2359.229,-0.952,1.453,0.928
2359.339,-0.937,1.452,0.903
2359.451,-0.920,1.449,0.865
2359.562,-0.896,1.454,0.833
2359.673,-0.871,1.467,0.803
2359.784,-0.851,1.480,0.775
2359.896,-0.834,1.498,0.756
2360.007,-0.817,1.523,0.753
2360.118,-0.798,1.541,0.763
2360.229,-0.781,1.554,0.785
2360.340,-0.772,1.565,0.820
2360.451,-0.787,1.591,0.862
2360.563,-0.806,1.610,0.904
2360.673,-0.804,1.616,0.938
2360.785,-0.798,1.617,0.960
2360.896,-0.789,1.619,0.973
2361.007,-0.776,1.620,0.976
2361.118,-0.761,1.619,0.970
2361.229,-0.750,1.619,0.953
2361.340,-0.745,1.616,0.923
2361.451,-0.743,1.613,0.884
2361.563,-0.735,1.610,0.840
2361.673,-0.718,1.602,0.799
2361.785,-0.701,1.592,0.763
2361.896,-0.686,1.581,0.732
2362.007,-0.675,1.570,0.704
2362.118,-0.668,1.561,0.680
2362.229,-0.665,1.555,0.661
2362.340,-0.666,1.549,0.645
2362.451,-0.667,1.545,0.634
2362.563,-0.668,1.541,0.628
2362.673,-0.670,1.539,0.625
2362.785,-0.669,1.541,0.623
2362.896,-0.664,1.542,0.622
2363.006,-0.659,1.541,0.621
2363.117,-0.655,1.540,0.621
2363.229,-0.653,1.539,0.621
2363.340,-0.653,1.539,0.620
2363.451,-0.652,1.540,0.619
2363.562,-0.650,1.540,0.619
2363.673,-0.649,1.541,0.619
2363.784,-0.647,1.541,0.618
2363.896,-0.646,1.541,0.618
2364.007,-0.645,1.541,0.618
2364.118,-0.644,1.542,0.617
2364.229,-0.642,1.542,0.616
2364.340,-0.640,1.543,0.615
2364.451,-0.638,1.543,0.613
2364.563,-0.635,1.543,0.612
2364.673,-0.633,1.543,0.610
2364.784,-0.631,1.543,0.611
2364.896,-0.630,1.543,0.611
2365.006,-0.628,1.544,0.613
2365.118,-0.626,1.545,0.616
2365.229,-0.624,1.546,0.620
2365.340,-0.623,1.546,0.624
2365.451,-0.622,1.546,0.629
2365.563,-0.619,1.546,0.633
2365.725,-0.614,1.547,0.638
2365.830,-0.599,1.546,0.656
2365.940,-0.583,1.544,0.678
2366.052,-0.562,1.544,0.713
2366.162,-0.541,1.544,0.755
2366.270,-0.526,1.542,0.782
2366.381,-0.509,1.538,0.807
2366.491,-0.494,1.530,0.830
2366.603,-0.482,1.524,0.846
2366.714,-0.471,1.517,0.859
2366.825,-0.465,1.510,0.871
2366.936,-0.463,1.505,0.879
2367.047,-0.466,1.498,0.885
2367.158,-0.469,1.489,0.890
2367.269,-0.472,1.484,0.899
2367.381,-0.473,1.482,0.909
2367.492,-0.473,1.481,0.920
2367.603,-0.472,1.478,0.927
2367.714,-0.471,1.476,0.930
2367.825,-0.472,1.474,0.932
2367.936,-0.476,1.473,0.934
2368.047,-0.479,1.473,0.935
2368.158,-0.482,1.473,0.937
2368.270,-0.483,1.473,0.939
2368.380,-0.483,1.472,0.942
2368.492,-0.484,1.472,0.946
2368.603,-0.484,1.472,0.950
2368.714,-0.484,1.471,0.954
2368.825,-0.484,1.472,0.958
2368.936,-0.483,1.471,0.961
2369.047,-0.482,1.471,0.963
2369.158,-0.480,1.471,0.965
2369.269,-0.478,1.471,0.966
2369.381,-0.474,1.471,0.966
2369.492,-0.465,1.472,0.964
2369.603,-0.449,1.474,0.960
2369.714,-0.420,1.480,0.959
2369.825,-0.386,1.488,0.958
2369.936,-0.347,1.495,0.952
2370.047,-0.302,1.500,0.941
2370.159,-0.252,1.505,0.930
2370.270,-0.206,1.508,0.925
2370.381,-0.165,1.512,0.930
2370.492,-0.124,1.513,0.946
2370.603,-0.095,1.508,0.975
2370.714,-0.081,1.509,1.014
2370.826,-0.069,1.513,1.051
2370.936,-0.048,1.513,1.075
2371.048,-0.020,1.513,1.090
2371.159,0.015,1.510,1.101
2371.270,0.055,1.508,1.109
2371.381,0.091,1.508,1.118
2371.492,0.122,1.503,1.128
2371.603,0.143,1.499,1.131
2371.714,0.154,1.496,1.127
2371.825,0.157,1.496,1.122
2371.936,0.152,1.497,1.118
2372.047,0.144,1.498,1.118
2372.159,0.136,1.500,1.120
2372.269,0.130,1.500,1.121
2372.381,0.124,1.500,1.124
2372.492,0.117,1.498,1.127
2372.603,0.110,1.499,1.133
2372.714,0.104,1.499,1.141
2372.825,0.100,1.498,1.148
2372.936,0.093,1.494,1.151
2373.047,0.082,1.493,1.154
2373.158,0.069,1.492,1.157
2373.269,0.055,1.490,1.158
2373.380,0.044,1.489,1.158
2373.491,0.039,1.489,1.158
2373.602,0.038,1.490,1.159
2373.714,0.037,1.491,1.160
2373.824,0.035,1.493,1.162
2373.936,0.032,1.497,1.163
2374.047,0.029,1.511,1.165
2374.158,0.026,1.547,1.164
2374.269,0.022,1.568,1.153
2374.380,0.020,1.576,1.145
2374.491,0.017,1.577,1.142
2374.602,0.014,1.576,1.141
2374.714,0.010,1.576,1.140
2374.824,0.007,1.580,1.141
2374.935,0.006,1.581,1.143
2375.046,0.008,1.580,1.144
2375.158,0.011,1.579,1.144
2375.269,0.014,1.580,1.145
2375.380,0.017,1.579,1.148
2375.491,0.019,1.578,1.151
2375.602,0.021,1.578,1.153
2375.713,0.023,1.578,1.156
2375.824,0.024,1.577,1.159
2375.935,0.026,1.577,1.162
2376.046,0.027,1.576,1.168
2376.157,0.026,1.571,1.177
2376.268,0.023,1.560,1.187
2376.379,0.025,1.548,1.194
2376.490,0.035,1.542,1.198
2376.601,0.046,1.535,1.201
2376.712,0.056,1.523,1.208
2376.823,0.062,1.514,1.222
2376.934,0.055,1.507,1.246
2377.046,0.034,1.491,1.282
2377.156,-0.001,1.481,1.325
2377.268,-0.046,1.485,1.368
2377.379,-0.086,1.494,1.410
2377.490,-0.112,1.506,1.445
2377.601,-0.125,1.516,1.479
2377.712,-0.129,1.519,1.522
2377.823,-0.127,1.516,1.573
2377.935,-0.115,1.514,1.627
2378.046,-0.094,1.522,1.688
2378.157,-0.075,1.532,1.747
2378.267,-0.070,1.534,1.798
2378.379,-0.075,1.539,1.846
2378.490,-0.090,1.537,1.896
2378.601,-0.118,1.531,1.946
2378.712,-0.161,1.526,1.992
2378.823,-0.212,1.528,2.046
2378.934,-0.263,1.534,2.102
2379.045,-0.300,1.539,2.155
2379.156,-0.323,1.545,2.206
2379.267,-0.340,1.546,2.261
2379.379,-0.349,1.540,2.319
2379.490,-0.344,1.534,2.376
2379.600,-0.335,1.539,2.441
2379.712,-0.329,1.542,2.507
2379.823,-0.331,1.540,2.561
2379.934,-0.346,1.536,2.602
2380.045,-0.375,1.528,2.637
2380.156,-0.415,1.521,2.670
2380.267,-0.465,1.513,2.695
2380.379,-0.523,1.511,2.717
2380.490,-0.573,1.517,2.744
2380.600,-0.604,1.509,2.783
2380.712,-0.606,1.506,2.825
2380.823,-0.612,1.504,2.862
2380.934,-0.625,1.502,2.906
2381.045,-0.635,1.499,2.959
2381.156,-0.646,1.500,3.018
2381.268,-0.656,1.509,3.082
2381.379,-0.662,1.509,3.137
2381.490,-0.674,1.509,3.176
2381.601,-0.689,1.513,3.208
2381.712,-0.719,1.508,3.230
2381.823,-0.772,1.508,3.238
2381.934,-0.830,1.511,3.231
2382.045,-0.892,1.515,3.215
2382.156,-0.962,1.518,3.191
2382.267,-1.032,1.515,3.163
2382.379,-1.091,1.512,3.136
2382.489,-1.136,1.514,3.117
2382.601,-1.173,1.516,3.110
2382.712,-1.208,1.513,3.119
2382.823,-1.241,1.510,3.139
2382.934,-1.268,1.509,3.176
2383.045,-1.291,1.509,3.225
2383.157,-1.316,1.518,3.275
2383.268,-1.337,1.517,3.321
2383.378,-1.354,1.516,3.359
2383.490,-1.378,1.517,3.385
2383.601,-1.411,1.513,3.400
2383.712,-1.455,1.511,3.406
2383.823,-1.506,1.507,3.402
2383.934,-1.563,1.507,3.390
2384.045,-1.623,1.510,3.379
2384.156,-1.685,1.506,3.372
2384.267,-1.739,1.500,3.365
2384.378,-1.781,1.495,3.360
2384.490,-1.812,1.491,3.357
2384.601,-1.832,1.488,3.358
2384.712,-1.839,1.486,3.354
2384.823,-1.842,1.489,3.351
2384.934,-1.838,1.490,3.353
2385.045,-1.828,1.492,3.359
2385.156,-1.819,1.490,3.370
2385.267,-1.811,1.488,3.386
2385.378,-1.794,1.487,3.409
2385.490,-1.755,1.491,3.431
2385.601,-1.695,1.496,3.447
2385.711,-1.614,1.503,3.465
2385.823,-1.522,1.510,3.481
2385.933,-1.432,1.514,3.495
2386.045,-1.351,1.520,3.501
2386.156,-1.290,1.526,3.503
2386.267,-1.249,1.529,3.509
2386.378,-1.220,1.528,3.523
2386.489,-1.197,1.528,3.545
2386.601,-1.180,1.526,3.579
2386.712,-1.173,1.521,3.624
2386.824,-1.177,1.524,3.670
2386.935,-1.181,1.529,3.713
2387.046,-1.181,1.528,3.747
2387.156,-1.174,1.531,3.776
2387.268,-1.153,1.533,3.804
2387.378,-1.116,1.532,3.833
2387.490,-1.064,1.529,3.860
2387.601,-1.005,1.524,3.881
2387.712,-0.940,1.531,3.899
2387.823,-0.881,1.536,3.918
2387.934,-0.833,1.531,3.941
2388.045,-0.794,1.534,3.971
2388.156,-0.757,1.530,4.006
2388.268,-0.726,1.523,4.051
2388.378,-0.710,1.518,4.105
2388.490,-0.702,1.524,4.164
2388.601,-0.689,1.532,4.217
2388.712,-0.672,1.530,4.259
2388.823,-0.652,1.530,4.289
2388.934,-0.625,1.524,4.311
2389.045,-0.587,1.517,4.324
2389.156,-0.542,1.509,4.324
2389.267,-0.491,1.509,4.325
2389.378,-0.441,1.507,4.330
2389.490,-0.394,1.505,4.336
2389.601,-0.350,1.500,4.340
2389.712,-0.314,1.498,4.344
2389.823,-0.286,1.501,4.350
2389.934,-0.263,1.500,4.360
2390.045,-0.248,1.498,4.379
2390.156,-0.244,1.503,4.409
2390.267,-0.246,1.516,4.448
2390.379,-0.255,1.522,4.488
2390.489,-0.264,1.518,4.524
2390.600,-0.265,1.516,4.552
2390.712,-0.260,1.518,4.569
2390.823,-0.246,1.520,4.576
2390.934,-0.225,1.519,4.579
2391.045,-0.198,1.517,4.581
2391.156,-0.164,1.514,4.582
2391.267,-0.125,1.510,4.583
2391.378,-0.088,1.501,4.583
2391.490,-0.054,1.495,4.588
2391.601,-0.028,1.488,4.592
2391.712,-0.007,1.483,4.595
2391.823,0.006,1.480,4.599
2391.934,0.012,1.477,4.603
2392.045,0.014,1.475,4.609
2392.156,0.010,1.474,4.613
2392.267,0.001,1.474,4.621
2392.378,-0.018,1.474,4.631
2392.489,-0.047,1.477,4.646
2392.601,-0.093,1.479,4.675
2392.712,-0.161,1.479,4.712
2392.822,-0.234,1.476,4.740
2392.933,-0.300,1.470,4.768
2393.044,-0.349,1.465,4.787
2393.156,-0.380,1.456,4.799
2393.267,-0.401,1.454,4.810
2393.378,-0.414,1.456,4.823
2393.489,-0.420,1.458,4.842
2393.600,-0.416,1.460,4.874
2393.711,-0.402,1.456,4.906
2393.822,-0.374,1.451,4.938
2393.933,-0.336,1.455,4.976
2394.044,-0.300,1.466,5.017
2394.156,-0.270,1.473,5.059
2394.266,-0.250,1.474,5.099
2394.377,-0.243,1.474,5.134
2394.489,-0.244,1.480,5.168
2394.600,-0.253,1.482,5.203
2394.711,-0.276,1.481,5.242
2394.822,-0.316,1.480,5.277
2394.933,-0.368,1.491,5.303
2395.044,-0.414,1.503,5.328
2395.156,-0.449,1.506,5.353
2395.267,-0.468,1.506,5.380
2395.378,-0.476,1.506,5.413
2395.489,-0.468,1.503,5.453
2395.600,-0.443,1.499,5.497
2395.711,-0.396,1.492,5.539
2395.822,-0.337,1.491,5.581
2395.933,-0.281,1.497,5.625
2396.044,-0.236,1.494,5.665
2396.156,-0.202,1.493,5.698
2396.266,-0.173,1.493,5.725
2396.378,-0.150,1.491,5.746
2396.489,-0.134,1.487,5.765
2396.600,-0.129,1.484,5.787
2396.711,-0.133,1.481,5.810
2396.822,-0.144,1.480,5.835
2396.933,-0.159,1.480,5.861
2397.044,-0.178,1.486,5.891
2397.156,-0.195,1.490,5.920
2397.267,-0.205,1.487,5.949
2397.378,-0.206,1.478,5.980
2397.489,-0.189,1.477,6.003
2397.600,-0.162,1.475,6.022
2397.711,-0.122,1.471,6.039
2397.822,-0.076,1.471,6.053
2397.933,-0.030,1.470,6.065
2398.045,0.007,1.468,6.074
2398.155,0.036,1.466,6.083
2398.267,0.056,1.466,6.089
2398.378,0.069,1.470,6.093
2398.489,0.073,1.478,6.102
2398.600,0.068,1.485,6.114
2398.711,0.054,1.491,6.126
2398.822,0.033,1.496,6.135
2398.933,0.003,1.502,6.143
2399.044,-0.029,1.509,6.153
2399.155,-0.059,1.515,6.168
2399.266,-0.086,1.520,6.182
2399.377,-0.109,1.522,6.196
2399.489,-0.132,1.523,6.210
2399.599,-0.149,1.523,6.221
2399.711,-0.164,1.523,6.228
2399.822,-0.180,1.522,6.231
2399.933,-0.197,1.519,6.233
2400.044,-0.207,1.519,6.235
2400.156,-0.213,1.520,6.240
2400.266,-0.217,1.518,6.252
2400.377,-0.220,1.516,6.268
2400.488,-0.219,1.514,6.289
2400.600,-0.219,1.511,6.316
2400.711,-0.215,1.509,6.349
2400.822,-0.204,1.511,6.387
2400.933,-0.191,1.508,6.430
2401.044,-0.179,1.502,6.474
2401.156,-0.171,1.492,6.512
2401.266,-0.170,1.484,6.541
2401.377,-0.179,1.481,6.569
2401.489,-0.198,1.476,6.597
2401.600,-0.228,1.474,6.619
2401.711,-0.261,1.476,6.637
2401.822,-0.285,1.475,6.656
2401.933,-0.301,1.479,6.681
2402.044,-0.308,1.482,6.716
2402.156,-0.305,1.478,6.761
2402.266,-0.294,1.477,6.811
2402.378,-0.278,1.476,6.863
2402.489,-0.266,1.471,6.907
2402.600,-0.257,1.468,6.937
2402.711,-0.254,1.465,6.953
2402.822,-0.251,1.463,6.961
2402.933,-0.250,1.464,6.963
2403.044,-0.250,1.464,6.958
2403.155,-0.253,1.465,6.948
2403.266,-0.259,1.466,6.934
2403.378,-0.269,1.468,6.917
2403.488,-0.283,1.471,6.896
2403.600,-0.300,1.473,6.870
2403.711,-0.319,1.476,6.839
2403.822,-0.338,1.480,6.806
2403.933,-0.355,1.481,6.773
2404.044,-0.371,1.481,6.740
2404.155,-0.384,1.482,6.707
2404.266,-0.395,1.484,6.678
2404.377,-0.410,1.488,6.653
2404.489,-0.429,1.488,6.629
2404.599,-0.448,1.491,6.611
2404.711,-0.466,1.493,6.602
2404.822,-0.487,1.493,6.603
2404.933,-0.514,1.490,6.613
2405.044,-0.546,1.484,6.634
2405.155,-0.578,1.475,6.668
2405.266,-0.611,1.472,6.712
2405.377,-0.640,1.471,6.760
2405.488,-0.663,1.465,6.804
2405.599,-0.682,1.457,6.837
2405.711,-0.704,1.453,6.870
2405.822,-0.727,1.441,6.901
2405.933,-0.755,1.425,6.929
2406.044,-0.789,1.404,6.952
2406.155,-0.828,1.395,6.972
2406.266,-0.864,1.382,6.997
2406.377,-0.886,1.360,7.022
2406.488,-0.898,1.332,7.050
2406.599,-0.898,1.299,7.077
2406.710,-0.893,1.263,7.101
2406.822,-0.891,1.228,7.122
2406.932,-0.890,1.196,7.140
2407.044,-0.891,1.170,7.154
2407.155,-0.891,1.152,7.165
2407.266,-0.890,1.142,7.174
2407.377,-0.891,1.137,7.182
2407.488,-0.894,1.134,7.187
2407.599,-0.897,1.132,7.191
2407.710,-0.899,1.132,7.194
2407.821,-0.900,1.133,7.196
2407.932,-0.901,1.135,7.196
2408.044,-0.902,1.136,7.196
2408.155,-0.903,1.135,7.196
2408.266,-0.904,1.135,7.196
2408.376,-0.904,1.135,7.196
2408.488,-0.904,1.136,7.196
2408.599,-0.904,1.136,7.196
2408.710,-0.904,1.136,7.197
2408.821,-0.902,1.137,7.197
2408.932,-0.899,1.137,7.197
2409.043,-0.897,1.134,7.197
2409.155,-0.895,1.133,7.197
2409.266,-0.895,1.133,7.197
2409.377,-0.894,1.131,7.200
2409.488,-0.893,1.129,7.203
2409.599,-0.893,1.128,7.206
2409.711,-0.893,1.127,7.208
2409.821,-0.893,1.128,7.208
2409.932,-0.894,1.131,7.208
2410.043,-0.894,1.132,7.208
2410.155,-0.893,1.133,7.207
2410.265,-0.892,1.135,7.208
2410.377,-0.892,1.136,7.208
2410.488,-0.891,1.134,7.208
2410.599,-0.889,1.134,7.209
2410.710,-0.887,1.133,7.209
2410.821,-0.885,1.134,7.209
2410.932,-0.884,1.135,7.208
2411.043,-0.884,1.136,7.207
2411.154,-0.884,1.137,7.205
2411.266,-0.884,1.137,7.202
2411.377,-0.885,1.139,7.199
2411.488,-0.886,1.141,7.195
2411.599,-0.887,1.142,7.192
2411.710,-0.888,1.144,7.190
2411.821,-0.888,1.145,7.191
2411.932,-0.889,1.143,7.193
2412.043,-0.889,1.140,7.196
2412.155,-0.890,1.137,7.199
2412.266,-0.890,1.135,7.201
2412.377,-0.889,1.134,7.204
2412.488,-0.889,1.135,7.205
2412.599,-0.889,1.144,7.204
2412.709,-0.896,1.170,7.199
2412.821,-0.912,1.211,7.190
2412.932,-0.933,1.266,7.170
2413.043,-0.961,1.324,7.135
2413.155,-0.981,1.380,7.082
2413.265,-0.994,1.425,7.025
2413.376,-1.012,1.455,6.971
2413.488,-1.040,1.473,6.917
2413.599,-1.069,1.477,6.860
2413.710,-1.091,1.479,6.814
2413.820,-1.105,1.484,6.787
2413.932,-1.122,1.486,6.777
2414.043,-1.151,1.486,6.780
2414.154,-1.189,1.485,6.792
2414.265,-1.234,1.482,6.813
2414.376,-1.285,1.479,6.842
2414.488,-1.341,1.486,6.875
2414.598,-1.390,1.489,6.902
2414.709,-1.426,1.487,6.918
2414.821,-1.454,1.487,6.929
2414.932,-1.475,1.485,6.933
2415.043,-1.491,1.484,6.926
2415.154,-1.501,1.483,6.906
2415.265,-1.505,1.485,6.870
2415.376,-1.496,1.494,6.823
2415.487,-1.479,1.501,6.768
2415.598,-1.464,1.510,6.709
2415.709,-1.450,1.515,6.654
2415.821,-1.434,1.520,6.609
2415.931,-1.419,1.525,6.572
2416.043,-1.406,1.529,6.540
2416.154,-1.396,1.533,6.510
2416.265,-1.390,1.534,6.481
2416.376,-1.392,1.527,6.458
2416.487,-1.401,1.520,6.445
2416.598,-1.411,1.517,6.439
2416.709,-1.426,1.518,6.437
2416.821,-1.451,1.514,6.440
2416.932,-1.481,1.513,6.451
2417.043,-1.511,1.518,6.459
2417.153,-1.540,1.520,6.464
2417.265,-1.567,1.518,6.463
2417.376,-1.591,1.514,6.452
2417.487,-1.605,1.514,6.433
2417.598,-1.610,1.511,6.409
2417.709,-1.608,1.506,6.383
2417.820,-1.592,1.505,6.356
2417.932,-1.571,1.511,6.322
2418.043,-1.557,1.513,6.290
2418.154,-1.556,1.513,6.276
2418.265,-1.563,1.513,6.273
2418.376,-1.575,1.514,6.269
2418.487,-1.598,1.513,6.261
2418.598,-1.631,1.511,6.259
2418.709,-1.669,1.512,6.264
2418.820,-1.707,1.510,6.267
2418.932,-1.740,1.509,6.263
2419.043,-1.772,1.507,6.251
2419.154,-1.790,1.500,6.233
2419.265,-1.795,1.500,6.208
2419.376,-1.786,1.503,6.177
2419.487,-1.756,1.504,6.142
2419.598,-1.706,1.506,6.102
2419.709,-1.639,1.505,6.059
2419.820,-1.559,1.508,6.016
2419.931,-1.485,1.509,5.979
2420.042,-1.432,1.511,5.955
2420.153,-1.395,1.508,5.935
2420.265,-1.371,1.506,5.916
2420.375,-1.361,1.507,5.890
2420.487,-1.362,1.502,5.857
2420.598,-1.372,1.495,5.815
2420.709,-1.389,1.489,5.764
2420.820,-1.414,1.489,5.706
2420.931,-1.438,1.497,5.646
2421.042,-1.456,1.496,5.594
2421.153,-1.468,1.499,5.550
2421.264,-1.475,1.500,5.505
2421.376,-1.476,1.494,5.456
2421.486,-1.470,1.490,5.403
2421.598,-1.453,1.487,5.349
2421.709,-1.432,1.498,5.294
2421.821,-1.414,1.510,5.246
2421.931,-1.406,1.508,5.204
2422.042,-1.409,1.509,5.164
2422.153,-1.418,1.508,5.124
2422.264,-1.435,1.502,5.080
2422.376,-1.463,1.495,5.036
2422.487,-1.501,1.492,4.993
2422.597,-1.546,1.497,4.952
2422.709,-1.589,1.499,4.917
2422.820,-1.621,1.494,4.885
2422.931,-1.644,1.494,4.856
2423.042,-1.663,1.496,4.828
2423.153,-1.675,1.496,4.809
2423.264,-1.666,1.496,4.782
2423.375,-1.646,1.503,4.752
2423.487,-1.631,1.501,4.718
2423.598,-1.627,1.499,4.687
2423.709,-1.635,1.500,4.664
2423.820,-1.659,1.498,4.650
2423.931,-1.698,1.495,4.646
2424.042,-1.750,1.490,4.653
2424.153,-1.814,1.487,4.668
2424.264,-1.883,1.486,4.683
2424.376,-1.946,1.481,4.693
2424.487,-2.001,1.472,4.696
2424.598,-2.044,1.463,4.700
2424.709,-2.076,1.456,4.706
2424.820,-2.103,1.448,4.712
2424.931,-2.124,1.439,4.714
2425.042,-2.137,1.433,4.715
2425.153,-2.146,1.432,4.718
2425.265,-2.150,1.431,4.721
2425.376,-2.148,1.433,4.725
2425.486,-2.146,1.434,4.726
2425.598,-2.144,1.434,4.725
2425.720,-2.144,1.435,4.723
2425.824,-2.142,1.436,4.719
2425.935,-2.141,1.435,4.718
2426.046,-2.144,1.436,4.713
2426.158,-2.149,1.434,4.707
2426.263,-2.151,1.431,4.708
2426.375,-2.150,1.431,4.710
2426.486,-2.148,1.431,4.712
2426.597,-2.145,1.432,4.713
2426.708,-2.136,1.436,4.712
2426.819,-2.133,1.439,4.708
2426.930,-2.135,1.441,4.700
2427.042,-2.138,1.441,4.696
2427.153,-2.137,1.440,4.694
2427.264,-2.125,1.439,4.684
2427.375,-2.105,1.436,4.666
2427.486,-2.081,1.438,4.644
2427.597,-2.051,1.443,4.627
2427.708,-2.016,1.450,4.609
2427.819,-1.978,1.458,4.590
2427.930,-1.934,1.465,4.570
2428.042,-1.881,1.473,4.558
2428.153,-1.823,1.487,4.553
2428.264,-1.760,1.498,4.548
2428.375,-1.696,1.506,4.544
2428.486,-1.644,1.516,4.545
2428.597,-1.604,1.528,4.551
2428.709,-1.577,1.534,4.557
2428.820,-1.566,1.530,4.561
2428.930,-1.562,1.534,4.558
2429.042,-1.565,1.537,4.555
2429.153,-1.573,1.535,4.548
2429.264,-1.582,1.533,4.534
2429.375,-1.591,1.530,4.511
2429.486,-1.600,1.528,4.476
2429.597,-1.605,1.533,4.430
2429.709,-1.607,1.536,4.386
2429.820,-1.607,1.533,4.348
2429.931,-1.601,1.529,4.313
2430.042,-1.585,1.528,4.279
2430.153,-1.559,1.525,4.248
2430.264,-1.521,1.520,4.224
2430.375,-1.480,1.525,4.200
2430.486,-1.448,1.526,4.173
2430.597,-1.427,1.527,4.141
2430.708,-1.419,1.529,4.104
2430.820,-1.425,1.523,4.057
2430.931,-1.446,1.510,4.008
2431.042,-1.481,1.507,3.962
2431.153,-1.515,1.512,3.924
2431.264,-1.544,1.510,3.887
2431.375,-1.568,1.513,3.857
2431.486,-1.589,1.513,3.823
2431.598,-1.604,1.506,3.782
2431.708,-1.615,1.501,3.733
2431.820,-1.622,1.498,3.678
2431.931,-1.626,1.501,3.616
2432.042,-1.628,1.506,3.546
2432.153,-1.622,1.506,3.476
2432.264,-1.614,1.505,3.415
2432.375,-1.612,1.513,3.367
2432.486,-1.615,1.516,3.328
2432.598,-1.627,1.514,3.296
2432.709,-1.650,1.513,3.273
2432.820,-1.679,1.516,3.261
2432.931,-1.710,1.528,3.250
2433.042,-1.734,1.531,3.239
2433.153,-1.752,1.532,3.238
2433.264,-1.767,1.537,3.239
2433.375,-1.773,1.540,3.239
2433.487,-1.774,1.542,3.236
2433.597,-1.775,1.543,3.233
2433.709,-1.773,1.548,3.234
2433.820,-1.764,1.554,3.242
2433.931,-1.756,1.557,3.254
2434.042,-1.747,1.562,3.265
2434.153,-1.739,1.570,3.274
2434.264,-1.735,1.576,3.281
2434.375,-1.739,1.581,3.282
2434.487,-1.747,1.587,3.280
2434.597,-1.758,1.593,3.275
2434.709,-1.771,1.596,3.270
2434.820,-1.784,1.597,3.263
2434.931,-1.788,1.601,3.259
2435.042,-1.777,1.609,3.270
2435.153,-1.754,1.611,3.291
2435.265,-1.718,1.615,3.323
2435.375,-1.677,1.616,3.359
2435.487,-1.635,1.614,3.396
2435.598,-1.603,1.614,3.434
2435.709,-1.583,1.621,3.469
2435.820,-1.573,1.622,3.499
2435.931,-1.570,1.623,3.518
2436.042,-1.567,1.622,3.521
2436.153,-1.562,1.621,3.514
2436.264,-1.554,1.621,3.498
2436.375,-1.539,1.621,3.468
2436.486,-1.518,1.624,3.429
2436.597,-1.491,1.629,3.384
2436.709,-1.461,1.630,3.342
2436.819,-1.432,1.630,3.305
2436.931,-1.402,1.621,3.280
2437.041,-1.374,1.609,3.264
2437.153,-1.356,1.604,3.247
2437.264,-1.349,1.601,3.231
2437.375,-1.350,1.600,3.221
2437.486,-1.356,1.601,3.213
2437.597,-1.364,1.603,3.203
2437.708,-1.369,1.601,3.193
2437.819,-1.373,1.599,3.177
2437.930,-1.375,1.599,3.162
2438.041,-1.374,1.599,3.151
2438.152,-1.374,1.595,3.146
2438.264,-1.374,1.589,3.148
2438.374,-1.375,1.585,3.154
2438.486,-1.371,1.582,3.164
2438.596,-1.360,1.576,3.178
2438.707,-1.344,1.571,3.193
2438.819,-1.322,1.567,3.211
2438.930,-1.301,1.563,3.237
2439.041,-1.287,1.562,3.274
2439.152,-1.277,1.565,3.315
2439.263,-1.270,1.570,3.344
2439.374,-1.260,1.573,3.370
2439.486,-1.242,1.570,3.395
2439.597,-1.220,1.564,3.416
2439.708,-1.201,1.562,3.433
2439.819,-1.173,1.563,3.451
2439.930,-1.134,1.556,3.459
2440.041,-1.088,1.544,3.453
2440.152,-1.037,1.535,3.433
2440.263,-0.984,1.537,3.397
2440.375,-0.934,1.536,3.362
2440.486,-0.886,1.528,3.344
2440.597,-0.841,1.508,3.346
2440.708,-0.799,1.503,3.360
2440.819,-0.757,1.498,3.382
2440.930,-0.714,1.489,3.419
2441.042,-0.678,1.488,3.477
2441.153,-0.650,1.500,3.551
2441.263,-0.636,1.509,3.623
2441.374,-0.632,1.517,3.679
2441.485,-0.633,1.528,3.718
2441.596,-0.628,1.533,3.735
2441.707,-0.609,1.537,3.739
2441.818,-0.585,1.539,3.736
2441.929,-0.558,1.541,3.725
2442.041,-0.524,1.549,3.711
2442.152,-0.489,1.555,3.700
2442.263,-0.456,1.558,3.693
2442.374,-0.422,1.561,3.691
2442.485,-0.386,1.563,3.695
2442.596,-0.358,1.561,3.707
2442.707,-0.341,1.562,3.730
2442.819,-0.335,1.560,3.770
2442.929,-0.355,1.556,3.830
2443.041,-0.389,1.545,3.884
2443.152,-0.427,1.548,3.925
2443.263,-0.458,1.551,3.961
2443.374,-0.477,1.549,3.992
2443.485,-0.489,1.547,4.018
2443.596,-0.497,1.543,4.039
2443.708,-0.500,1.538,4.059
2443.819,-0.491,1.534,4.084
2443.930,-0.467,1.527,4.110
2444.041,-0.433,1.521,4.139
2444.152,-0.392,1.513,4.173
2444.263,-0.346,1.516,4.213
2444.374,-0.300,1.515,4.251
2444.485,-0.260,1.511,4.283
2444.596,-0.230,1.504,4.312
2444.707,-0.212,1.498,4.338
2444.818,-0.204,1.500,4.363
2444.929,-0.204,1.497,4.389
2445.041,-0.216,1.494,4.414
2445.152,-0.245,1.494,4.441
2445.263,-0.290,1.497,4.461
2445.374,-0.340,1.508,4.476
2445.485,-0.386,1.509,4.491
2445.596,-0.420,1.511,4.507
2445.707,-0.443,1.512,4.518
2445.818,-0.456,1.511,4.531
2445.930,-0.460,1.511,4.551
2446.041,-0.454,1.509,4.580
2446.152,-0.439,1.503,4.614
2446.263,-0.415,1.494,4.649
2446.374,-0.380,1.489,4.687
2446.485,-0.340,1.488,4.726
2446.596,-0.301,1.485,4.762
2446.708,-0.267,1.483,4.797
2446.819,-0.240,1.475,4.826
2446.929,-0.222,1.471,4.849
2447.041,-0.213,1.469,4.870
2447.152,-0.217,1.466,4.890
2447.263,-0.235,1.466,4.916
2447.374,-0.266,1.466,4.942
2447.485,-0.308,1.472,4.964
2447.596,-0.353,1.483,4.994
2447.707,-0.401,1.486,5.027
2447.819,-0.445,1.486,5.052
2447.929,-0.482,1.485,5.071
2448.041,-0.516,1.486,5.088
2448.151,-0.553,1.488,5.108
2448.263,-0.590,1.490,5.135
2448.374,-0.624,1.491,5.168
2448.485,-0.646,1.488,5.203
2448.596,-0.653,1.482,5.243
2448.707,-0.647,1.478,5.291
2448.818,-0.639,1.483,5.348
2448.929,-0.644,1.488,5.406
2449.041,-0.663,1.488,5.454
2449.152,-0.681,1.487,5.488
2449.262,-0.696,1.491,5.511
2449.373,-0.709,1.494,5.532
2449.485,-0.725,1.491,5.557
2449.595,-0.751,1.489,5.586
2449.707,-0.789,1.485,5.611
2449.818,-0.832,1.483,5.635
2449.929,-0.879,1.487,5.664
2450.040,-0.923,1.493,5.700
2450.149,-0.959,1.492,5.728
2450.260,-0.978,1.496,5.750
2450.371,-0.994,1.502,5.777
2450.482,-1.007,1.499,5.809
2450.593,-1.016,1.497,5.845
2450.704,-1.019,1.497,5.889
2450.816,-1.017,1.497,5.941
2450.927,-1.018,1.501,6.003
2451.038,-1.022,1.510,6.066
2451.149,-1.029,1.512,6.118
2451.261,-1.041,1.513,6.155
2451.372,-1.059,1.518,6.180
2451.483,-1.085,1.518,6.200
2451.594,-1.121,1.514,6.210
2451.706,-1.163,1.510,6.207
2451.817,-1.213,1.515,6.195
2451.928,-1.265,1.517,6.186
2452.039,-1.311,1.513,6.179
2452.150,-1.343,1.508,6.178
2452.261,-1.369,1.510,6.181
2452.372,-1.396,1.508,6.184
2452.483,-1.420,1.507,6.195
2452.595,-1.442,1.507,6.215
2452.706,-1.462,1.505,6.240
2452.817,-1.487,1.507,6.266
2452.928,-1.521,1.514,6.293
2453.039,-1.560,1.516,6.315
2453.150,-1.601,1.513,6.330
2453.261,-1.638,1.506,6.339
2453.373,-1.669,1.505,6.337
2453.484,-1.700,1.504,6.326
2453.595,-1.723,1.498,6.309
2453.706,-1.729,1.496,6.288
2453.817,-1.732,1.498,6.267
2453.928,-1.739,1.493,6.247
2454.039,-1.754,1.489,6.237
2454.150,-1.779,1.487,6.236
2454.262,-1.814,1.481,6.244
2454.372,-1.857,1.477,6.260
2454.484,-1.900,1.469,6.276
2454.595,-1.934,1.459,6.290
2454.706,-1.956,1.453,6.300
2454.817,-1.971,1.450,6.307
2454.928,-1.979,1.448,6.313
2455.040,-1.984,1.447,6.320
2455.151,-1.987,1.446,6.329
2455.262,-1.991,1.446,6.337
2455.373,-1.998,1.444,6.344
2455.484,-2.006,1.440,6.348
2455.595,-2.014,1.437,6.349
2455.706,-2.020,1.434,6.348
2455.817,-2.023,1.433,6.345
2455.929,-2.025,1.433,6.343
2456.039,-2.024,1.433,6.341
2456.151,-2.023,1.435,6.340
2456.262,-2.022,1.436,6.338
2456.373,-2.021,1.436,6.336
2456.484,-2.022,1.436,6.335
2456.595,-2.024,1.434,6.334
2456.706,-2.025,1.432,6.335
2456.817,-2.028,1.430,6.337
2456.928,-2.028,1.428,6.340
2457.039,-2.029,1.427,6.337
2457.150,-2.031,1.425,6.328
2457.262,-2.028,1.428,6.312
2457.372,-2.007,1.443,6.291
2457.484,-1.965,1.467,6.267
2457.595,-1.908,1.493,6.246
2457.706,-1.838,1.514,6.244
2457.817,-1.761,1.536,6.253
2457.928,-1.683,1.554,6.269
2458.039,-1.610,1.564,6.282
2458.150,-1.539,1.566,6.293
2458.261,-1.472,1.565,6.311
2458.373,-1.421,1.570,6.335
2458.483,-1.390,1.581,6.361
2458.595,-1.373,1.590,6.386
2458.706,-1.362,1.597,6.406
2458.817,-1.354,1.601,6.417
2458.928,-1.343,1.601,6.415
2459.040,-1.329,1.597,6.397
2459.150,-1.310,1.591,6.363
2459.262,-1.290,1.585,6.320
2459.373,-1.274,1.586,6.271
2459.484,-1.261,1.588,6.219
2459.595,-1.249,1.585,6.180
2459.706,-1.240,1.579,6.153
2459.817,-1.230,1.577,6.135
2459.928,-1.212,1.573,6.123
2460.040,-1.182,1.569,6.117
2460.151,-1.146,1.564,6.119
2460.262,-1.111,1.558,6.131
2460.373,-1.073,1.557,6.148
2460.484,-1.036,1.558,6.165
2460.595,-1.000,1.558,6.179
2460.706,-0.969,1.553,6.189
2460.817,-0.943,1.547,6.195
2460.928,-0.920,1.544,6.199
2461.039,-0.896,1.541,6.199
2461.150,-0.873,1.540,6.190
2461.262,-0.854,1.538,6.169
2461.373,-0.839,1.538,6.137
2461.484,-0.827,1.545,6.103
2461.595,-0.815,1.551,6.066
2461.706,-0.799,1.551,6.035
2461.818,-0.783,1.548,6.014
2461.928,-0.764,1.550,6.006
2462.040,-0.741,1.550,6.010
2462.151,-0.710,1.547,6.027
2462.262,-0.675,1.542,6.057
2462.373,-0.642,1.536,6.097
2462.484,-0.610,1.539,6.144
2462.595,-0.583,1.539,6.188
2462.707,-0.557,1.540,6.224
2462.817,-0.536,1.538,6.251
2462.928,-0.515,1.539,6.272
2463.040,-0.491,1.538,6.286
2463.150,-0.465,1.534,6.294
2463.262,-0.437,1.532,6.293
2463.373,-0.406,1.531,6.286
2463.484,-0.370,1.537,6.279
2463.595,-0.331,1.540,6.274
2463.706,-0.295,1.538,6.273
2463.817,-0.266,1.536,6.282
2463.928,-0.241,1.537,6.299
2464.040,-0.220,1.533,6.322
2464.150,-0.200,1.532,6.351
2464.261,-0.186,1.532,6.381
2464.373,-0.176,1.529,6.406
2464.484,-0.169,1.528,6.425
2464.595,-0.169,1.526,6.442
2464.706,-0.172,1.526,6.456
2464.817,-0.177,1.524,6.468
2464.928,-0.182,1.523,6.477
2465.039,-0.187,1.522,6.485
2465.150,-0.190,1.522,6.490
2465.262,-0.192,1.521,6.494
2465.373,-0.194,1.521,6.496
2465.483,-0.195,1.519,6.493
2465.595,-0.196,1.520,6.485
2465.705,-0.194,1.521,6.474
2465.817,-0.190,1.521,6.458
2465.928,-0.184,1.521,6.442
2466.039,-0.179,1.521,6.424
2466.150,-0.174,1.520,6.406
2466.262,-0.170,1.519,6.390
2466.372,-0.167,1.519,6.375
2466.483,-0.165,1.520,6.363
2466.595,-0.163,1.520,6.352
2466.706,-0.161,1.521,6.343
2466.817,-0.158,1.522,6.335
2466.928,-0.154,1.522,6.330
2467.039,-0.151,1.522,6.327
2467.150,-0.147,1.522,6.327
2467.261,-0.144,1.521,6.331
2467.372,-0.142,1.520,6.339
2467.484,-0.142,1.520,6.350
2467.595,-0.144,1.520,6.363
2467.706,-0.147,1.519,6.378
2467.817,-0.152,1.518,6.395
2467.928,-0.156,1.517,6.413
2468.039,-0.161,1.515,6.432
2468.150,-0.166,1.514,6.450
2468.262,-0.172,1.513,6.468
2468.373,-0.179,1.513,6.486
2468.484,-0.188,1.512,6.505
2468.595,-0.199,1.511,6.524
2468.706,-0.209,1.510,6.543
2468.817,-0.215,1.509,6.559
2468.928,-0.216,1.507,6.569
2469.039,-0.218,1.505,6.569
2469.150,-0.227,1.506,6.556
2469.261,-0.242,1.511,6.534
2469.372,-0.259,1.514,6.500
2469.483,-0.277,1.516,6.456
2469.595,-0.296,1.519,6.409
2469.706,-0.314,1.521,6.360
2469.817,-0.335,1.518,6.311
2469.929,-0.357,1.518,6.264
2470.039,-0.376,1.518,6.219
2470.150,-0.391,1.517,6.177
2470.261,-0.399,1.515,6.144
2470.373,-0.396,1.508,6.117
2470.483,-0.394,1.502,6.086
2470.594,-0.389,1.497,6.046
2470.705,-0.380,1.489,6.000
2470.816,-0.360,1.484,5.953
2470.928,-0.329,1.483,5.908
2471.038,-0.302,1.474,5.870
2471.149,-0.286,1.463,5.842
2471.260,-0.276,1.461,5.822
2471.371,-0.273,1.460,5.799
2471.483,-0.278,1.459,5.774
2471.594,-0.302,1.463,5.744
2471.705,-0.350,1.468,5.718
2471.816,-0.401,1.470,5.698
2471.927,-0.451,1.471,5.673
2472.038,-0.499,1.478,5.638
2472.149,-0.539,1.481,5.596
2472.261,-0.570,1.480,5.558
2472.372,-0.596,1.478,5.523
2472.483,-0.612,1.480,5.488
2472.594,-0.621,1.482,5.446
2472.705,-0.623,1.478,5.400
2472.816,-0.611,1.473,5.351
2472.927,-0.584,1.477,5.304
2473.039,-0.559,1.489,5.259
2473.149,-0.543,1.489,5.226
2473.261,-0.534,1.490,5.200
2473.372,-0.529,1.494,5.175
2473.483,-0.533,1.498,5.152
2473.594,-0.548,1.504,5.129
2473.705,-0.574,1.508,5.111
2473.816,-0.612,1.516,5.097
2473.928,-0.655,1.544,5.089
2474.039,-0.691,1.570,5.086
2474.149,-0.719,1.590,5.081
2474.261,-0.738,1.602,5.073
2474.372,-0.751,1.613,5.061
2474.483,-0.759,1.620,5.046
2474.595,-0.767,1.622,5.026
2474.706,-0.771,1.623,4.998
2474.816,-0.767,1.626,4.964
2474.928,-0.760,1.629,4.930
2475.039,-0.751,1.631,4.901
2475.150,-0.743,1.631,4.878
2475.261,-0.741,1.633,4.861
2475.372,-0.750,1.634,4.849
2475.483,-0.771,1.634,4.838
2475.594,-0.802,1.636,4.830
2475.705,-0.841,1.636,4.823
2475.816,-0.877,1.635,4.814
2475.928,-0.917,1.628,4.791
2476.038,-0.950,1.607,4.756
2476.149,-0.973,1.589,4.716
2476.261,-0.987,1.571,4.671
2476.371,-0.997,1.545,4.615
2476.483,-0.997,1.531,4.559
2476.594,-0.990,1.521,4.507
2476.705,-0.987,1.507,4.467
2476.816,-0.993,1.497,4.435
2476.927,-1.007,1.489,4.409
2477.038,-1.034,1.479,4.384
2477.149,-1.073,1.466,4.360
2477.260,-1.119,1.453,4.343
2477.371,-1.174,1.448,4.328
2477.482,-1.225,1.439,4.310
2477.594,-1.267,1.426,4.289
2477.704,-1.302,1.415,4.262
2477.816,-1.332,1.402,4.228
2477.927,-1.357,1.387,4.186
2478.038,-1.375,1.374,4.135
2478.149,-1.386,1.361,4.083
2478.260,-1.407,1.353,4.039
2478.372,-1.436,1.341,4.006
2478.482,-1.475,1.317,3.984
2478.594,-1.512,1.281,3.973
2478.704,-1.545,1.241,3.968
2478.815,-1.576,1.189,3.957
2478.926,-1.605,1.123,3.940
2479.037,-1.633,1.045,3.920
2479.149,-1.651,0.971,3.909
2479.260,-1.666,0.900,3.904
2479.371,-1.679,0.837,3.904
2479.482,-1.688,0.781,3.905
2479.594,-1.692,0.730,3.906
2479.704,-1.697,0.687,3.906
2479.816,-1.699,0.653,3.910
2479.927,-1.699,0.632,3.913
2480.038,-1.695,0.618,3.919
2480.149,-1.691,0.602,3.925
2480.260,-1.687,0.591,3.930
2480.371,-1.682,0.593,3.933
2480.482,-1.676,0.597,3.936
2480.594,-1.672,0.601,3.940
2480.705,-1.666,0.611,3.943
2480.815,-1.658,0.625,3.947
2480.927,-1.651,0.642,3.955
2481.038,-1.646,0.655,3.961
2481.149,-1.642,0.668,3.975
2481.260,-1.636,0.682,3.985
2481.371,-1.630,0.696,3.991
2481.482,-1.622,0.713,3.992
2481.593,-1.615,0.726,3.994
2481.704,-1.606,0.734,3.994
2481.815,-1.601,0.745,3.992
2481.926,-1.594,0.755,3.992
2482.038,-1.586,0.766,3.996
2482.148,-1.575,0.777,3.999
2482.260,-1.566,0.790,4.002
2482.371,-1.559,0.799,4.005
2482.481,-1.554,0.800,4.005
2482.593,-1.551,0.799,4.005
2482.703,-1.552,0.799,4.007
2482.815,-1.556,0.794,4.011
2482.927,-1.566,0.783,4.010
2483.037,-1.584,0.760,4.006
2483.148,-1.607,0.731,4.003
2483.259,-1.622,0.703,3.999
2483.370,-1.632,0.679,3.995
2483.482,-1.636,0.663,3.992
2483.593,-1.637,0.654,3.993
2483.704,-1.638,0.652,3.997
2483.815,-1.635,0.653,4.001
2483.926,-1.632,0.657,4.004
2484.037,-1.629,0.659,4.006
2484.148,-1.629,0.661,4.008
2484.260,-1.628,0.661,4.008
2484.370,-1.632,0.658,4.008
2484.482,-1.636,0.654,4.006
2484.593,-1.641,0.651,4.005
2484.704,-1.643,0.651,4.005
2484.815,-1.642,0.652,4.005
2484.926,-1.640,0.652,4.007
2485.037,-1.638,0.651,4.010
2485.148,-1.639,0.648,4.014
2485.260,-1.639,0.647,4.015
2485.370,-1.639,0.648,4.013
2485.482,-1.640,0.650,4.014
2485.593,-1.652,0.662,4.017
2485.728,-1.669,0.711,4.011
2485.836,-1.679,0.775,3.997
2485.947,-1.680,0.856,3.981
2486.059,-1.674,0.950,3.969
2486.169,-1.665,1.038,3.959
2486.272,-1.652,1.105,3.947
2486.383,-1.631,1.166,3.929
2486.495,-1.611,1.218,3.913
2486.605,-1.587,1.272,3.912
2486.717,-1.553,1.332,3.921
2486.828,-1.516,1.389,3.928
2486.939,-1.469,1.434,3.923
2487.050,-1.419,1.469,3.905
2487.162,-1.365,1.494,3.885
2487.273,-1.314,1.512,3.876
2487.384,-1.272,1.523,3.883
2487.496,-1.237,1.530,3.910
2487.606,-1.216,1.534,3.952
2487.718,-1.205,1.534,3.997
2487.829,-1.201,1.527,4.034
2487.940,-1.195,1.514,4.069
2488.051,-1.178,1.519,4.101
2488.162,-1.147,1.521,4.137
2488.273,-1.111,1.518,4.172
2488.385,-1.065,1.519,4.207
2488.496,-1.012,1.519,4.238
2488.607,-0.952,1.525,4.269
2488.718,-0.895,1.521,4.299
2488.829,-0.850,1.515,4.327
2488.940,-0.816,1.518,4.348
2489.051,-0.783,1.516,4.360
2489.162,-0.753,1.509,4.357
2489.273,-0.727,1.504,4.342
2489.384,-0.711,1.502,4.319
2489.496,-0.710,1.501,4.287
2489.607,-0.711,1.511,4.248
2489.718,-0.707,1.513,4.211
2489.829,-0.702,1.509,4.182
2489.940,-0.696,1.507,4.165
2490.051,-0.679,1.510,4.161
2490.162,-0.654,1.507,4.168
2490.273,-0.617,1.503,4.185
2490.385,-0.569,1.498,4.212
2490.495,-0.517,1.493,4.249
2490.607,-0.468,1.486,4.288
2490.718,-0.427,1.478,4.323
2490.829,-0.401,1.473,4.351
2490.940,-0.384,1.472,4.370
2491.051,-0.373,1.472,4.377
2491.162,-0.368,1.473,4.378
2491.273,-0.367,1.474,4.375
2491.385,-0.372,1.476,4.367
2491.496,-0.383,1.480,4.353
2491.607,-0.399,1.484,4.333
2491.718,-0.423,1.489,4.304
2491.829,-0.455,1.494,4.268
2491.940,-0.492,1.499,4.228
2492.051,-0.532,1.502,4.194
2492.163,-0.568,1.507,4.163
2492.273,-0.601,1.512,4.130
2492.385,-0.631,1.517,4.088
2492.496,-0.662,1.523,4.044
2492.607,-0.693,1.529,4.005
2492.718,-0.719,1.533,3.974
2492.829,-0.733,1.535,3.946
2492.940,-0.732,1.535,3.918
2493.051,-0.715,1.536,3.886
2493.163,-0.691,1.540,3.854
2493.273,-0.669,1.546,3.820
2493.385,-0.653,1.546,3.782
2493.496,-0.651,1.548,3.744
2493.607,-0.663,1.549,3.699
2493.718,-0.691,1.544,3.651
2493.829,-0.736,1.537,3.601
2493.939,-0.799,1.532,3.553
2494.051,-0.870,1.538,3.506
2494.162,-0.928,1.543,3.463
2494.273,-0.971,1.546,3.414
2494.384,-1.006,1.546,3.356
2494.495,-1.031,1.537,3.289
2494.606,-1.045,1.527,3.220
2494.718,-1.056,1.537,3.149
2494.829,-1.073,1.543,3.087
2494.940,-1.100,1.546,3.032
2495.051,-1.135,1.544,2.982
2495.164,-1.181,1.538,2.938
2495.273,-1.236,1.532,2.899
2495.385,-1.295,1.540,2.858
2495.496,-1.344,1.538,2.816
2495.606,-1.386,1.534,2.778
2495.718,-1.415,1.535,2.739
2495.829,-1.433,1.531,2.701
2495.940,-1.437,1.526,2.664
2496.051,-1.437,1.527,2.633
2496.163,-1.435,1.530,2.608
2496.273,-1.427,1.528,2.584
2496.384,-1.414,1.527,2.573
2496.496,-1.404,1.531,2.578
2496.606,-1.405,1.534,2.600
2496.718,-1.422,1.536,2.628
2496.829,-1.452,1.534,2.655
2496.940,-1.483,1.532,2.674
2497.051,-1.512,1.532,2.687
2497.163,-1.533,1.533,2.699
2497.273,-1.541,1.534,2.714
2497.385,-1.536,1.533,2.734
2497.496,-1.522,1.534,2.756
2497.607,-1.503,1.539,2.788
2497.718,-1.477,1.546,2.829
2497.829,-1.446,1.545,2.870
2497.940,-1.416,1.545,2.904
2498.051,-1.388,1.542,2.931
2498.162,-1.367,1.547,2.953
2498.273,-1.359,1.557,2.981
2498.384,-1.357,1.560,3.009
2498.496,-1.358,1.560,3.033
2498.606,-1.365,1.563,3.058
2498.716,-1.376,1.567,3.083
2498.828,-1.392,1.570,3.106
2498.939,-1.409,1.574,3.127
2499.050,-1.429,1.573,3.146
2499.162,-1.451,1.567,3.161
2499.272,-1.470,1.558,3.174
2499.383,-1.491,1.553,3.193
2499.495,-1.508,1.558,3.213
2499.605,-1.517,1.561,3.233
2499.717,-1.518,1.564,3.248
2499.828,-1.515,1.569,3.259
2499.939,-1.510,1.571,3.261
2500.050,-1.501,1.573,3.250
2500.162,-1.491,1.575,3.233
2500.272,-1.472,1.576,3.217
2500.384,-1.446,1.575,3.199
2500.495,-1.415,1.576,3.182
2500.606,-1.379,1.582,3.167
2500.717,-1.343,1.582,3.150
2500.829,-1.309,1.582,3.129
2500.939,-1.276,1.577,3.105
2501.050,-1.251,1.573,3.086
2501.162,-1.238,1.575,3.077
2501.272,-1.234,1.574,3.074
2501.384,-1.235,1.572,3.069
2501.495,-1.242,1.573,3.058
2501.606,-1.256,1.573,3.043
2501.717,-1.276,1.571,3.024
2501.829,-1.302,1.567,3.004
2501.939,-1.329,1.561,2.984
2502.050,-1.367,1.561,2.972
2502.162,-1.415,1.562,2.963
2502.273,-1.465,1.562,2.953
2502.384,-1.511,1.561,2.944
2502.496,-1.547,1.560,2.938
2502.606,-1.574,1.559,2.934
2502.717,-1.599,1.558,2.932
2502.828,-1.621,1.558,2.928
2502.939,-1.637,1.558,2.920
2503.051,-1.640,1.551,2.910
2503.162,-1.628,1.544,2.904
2503.273,-1.602,1.545,2.907
2503.384,-1.567,1.550,2.918
2503.495,-1.521,1.556,2.935
2503.606,-1.468,1.560,2.960
2503.717,-1.413,1.566,2.984
2503.828,-1.360,1.564,3.008
2503.939,-1.308,1.561,3.029
2504.051,-1.266,1.559,3.044
2504.162,-1.241,1.566,3.060
2504.273,-1.227,1.571,3.080
2504.384,-1.224,1.572,3.106
2504.495,-1.230,1.576,3.139
2504.606,-1.242,1.582,3.172
2504.717,-1.256,1.584,3.201
2504.828,-1.274,1.582,3.232
2504.939,-1.302,1.582,3.265
2505.050,-1.336,1.578,3.298
2505.162,-1.372,1.568,3.329
2505.272,-1.405,1.567,3.357
2505.384,-1.429,1.572,3.389
2505.495,-1.447,1.576,3.416
2505.606,-1.459,1.578,3.438
2505.717,-1.464,1.579,3.453
2505.828,-1.464,1.577,3.460
2505.939,-1.460,1.577,3.459
2506.050,-1.455,1.578,3.447
2506.162,-1.446,1.580,3.423
2506.272,-1.431,1.579,3.391
2506.383,-1.410,1.578,3.355
2506.495,-1.385,1.577,3.320
2506.606,-1.356,1.576,3.289
2506.717,-1.328,1.577,3.264
2506.829,-1.305,1.578,3.243
2506.939,-1.287,1.577,3.225
2507.050,-1.276,1.576,3.210
2507.162,-1.268,1.574,3.196
2507.272,-1.264,1.571,3.181
2507.383,-1.266,1.571,3.165
2507.495,-1.275,1.569,3.146
2507.606,-1.293,1.566,3.127
2507.717,-1.321,1.565,3.106
2507.828,-1.357,1.569,3.080
2507.939,-1.396,1.570,3.052
2508.050,-1.434,1.568,3.029
2508.161,-1.468,1.570,3.009
2508.272,-1.496,1.567,2.997
2508.383,-1.520,1.564,2.987
2508.495,-1.536,1.563,2.979
2508.606,-1.542,1.558,2.965
2508.717,-1.539,1.553,2.947
2508.828,-1.529,1.551,2.937
2508.938,-1.517,1.554,2.937
2509.050,-1.509,1.558,2.936
2509.162,-1.508,1.558,2.933
2509.272,-1.506,1.558,2.934
2509.383,-1.503,1.559,2.940
2509.495,-1.498,1.561,2.951
2509.605,-1.486,1.569,2.966
2509.717,-1.470,1.577,2.988
2509.828,-1.447,1.581,3.015
2509.939,-1.418,1.583,3.043
2510.050,-1.384,1.582,3.074
2510.162,-1.350,1.576,3.109
2510.272,-1.317,1.571,3.144
2510.383,-1.287,1.566,3.175
2510.495,-1.260,1.570,3.200
2510.606,-1.238,1.569,3.222
2510.717,-1.219,1.569,3.239
2510.828,-1.207,1.569,3.250
2510.939,-1.206,1.565,3.259
2511.050,-1.211,1.564,3.265
2511.162,-1.218,1.562,3.267
2511.272,-1.223,1.560,3.272
2511.383,-1.234,1.561,3.280
2511.495,-1.251,1.562,3.291
2511.605,-1.275,1.564,3.305
2511.716,-1.311,1.567,3.322
2511.828,-1.357,1.569,3.341
2511.939,-1.406,1.566,3.364
2512.050,-1.450,1.565,3.393
2512.161,-1.482,1.564,3.424
2512.272,-1.504,1.565,3.451
2512.383,-1.517,1.565,3.471
2512.495,-1.525,1.564,3.483
2512.606,-1.528,1.564,3.486
2512.717,-1.525,1.564,3.482
2512.828,-1.526,1.563,3.474
2512.939,-1.530,1.561,3.465
2513.050,-1.535,1.558,3.454
2513.161,-1.533,1.556,3.442
2513.272,-1.520,1.556,3.432
2513.383,-1.495,1.560,3.421
2513.494,-1.460,1.563,3.406
2513.605,-1.417,1.566,3.392
2513.716,-1.370,1.571,3.380
2513.828,-1.322,1.574,3.371
2513.939,-1.279,1.576,3.362
2514.050,-1.243,1.576,3.352
2514.161,-1.219,1.577,3.341
2514.272,-1.203,1.575,3.329
2514.383,-1.198,1.572,3.311
2514.494,-1.202,1.570,3.288
2514.605,-1.217,1.568,3.261
2514.716,-1.246,1.563,3.230
2514.828,-1.281,1.561,3.196
2514.938,-1.314,1.567,3.157
2515.050,-1.346,1.570,3.117
2515.161,-1.380,1.571,3.083
2515.272,-1.410,1.567,3.059
2515.383,-1.435,1.567,3.049
2515.494,-1.456,1.568,3.047
2515.605,-1.472,1.567,3.044
2515.716,-1.480,1.567,3.039
2515.827,-1.476,1.560,3.033
2515.938,-1.463,1.552,3.030
2516.050,-1.450,1.550,3.031
2516.161,-1.442,1.547,3.029
2516.271,-1.436,1.546,3.022
2516.382,-1.429,1.546,3.017
2516.494,-1.418,1.547,3.019
2516.604,-1.399,1.554,3.025
2516.716,-1.370,1.560,3.033
2516.827,-1.336,1.563,3.043
2516.938,-1.298,1.567,3.053
2517.049,-1.261,1.566,3.067
2517.160,-1.229,1.565,3.084
2517.271,-1.205,1.565,3.100
2517.382,-1.189,1.568,3.109
2517.494,-1.183,1.571,3.106
2517.605,-1.193,1.570,3.091
2517.716,-1.220,1.572,3.070
2517.827,-1.251,1.570,3.047
2517.937,-1.277,1.570,3.023
2518.048,-1.297,1.570,3.001
2518.160,-1.307,1.571,2.978
2518.271,-1.304,1.569,2.953
2518.382,-1.288,1.567,2.925
2518.494,-1.257,1.563,2.896
2518.604,-1.213,1.556,2.867
2518.715,-1.159,1.554,2.835
2518.826,-1.098,1.557,2.803
2518.937,-1.044,1.559,2.774
2519.049,-1.005,1.560,2.751
2519.160,-0.980,1.562,2.733
2519.271,-0.965,1.564,2.715
2519.382,-0.958,1.563,2.702
2519.493,-0.955,1.561,2.697
2519.604,-0.950,1.556,2.697
2519.715,-0.942,1.547,2.700
2519.827,-0.930,1.533,2.708
2519.937,-0.922,1.526,2.714
2520.049,-0.919,1.524,2.716
2520.159,-0.917,1.523,2.714
2520.270,-0.919,1.523,2.714
2520.382,-0.922,1.522,2.714
2520.493,-0.927,1.525,2.715
2520.604,-0.932,1.528,2.714
2520.715,-0.940,1.532,2.710
2520.826,-0.960,1.542,2.698
2520.937,-1.002,1.561,2.684
2521.048,-1.041,1.572,2.675
2521.160,-1.073,1.573,2.662
2521.270,-1.105,1.577,2.644
2521.382,-1.131,1.578,2.628
2521.494,-1.152,1.579,2.617
2521.604,-1.171,1.581,2.609
2521.715,-1.190,1.582,2.602
2521.827,-1.210,1.581,2.598
2521.938,-1.227,1.580,2.599
2522.049,-1.238,1.582,2.602
2522.160,-1.243,1.586,2.604
2522.271,-1.248,1.591,2.601
2522.382,-1.253,1.595,2.596
2522.494,-1.260,1.596,2.591
2522.604,-1.266,1.594,2.593
2522.715,-1.269,1.591,2.604
2522.826,-1.263,1.582,2.628
2522.938,-1.247,1.564,2.664
2523.048,-1.230,1.547,2.705
2523.160,-1.217,1.540,2.744
2523.270,-1.210,1.536,2.781
2523.382,-1.203,1.532,2.816
2523.493,-1.197,1.531,2.846
2523.604,-1.195,1.532,2.869
2523.715,-1.196,1.532,2.885
2523.826,-1.199,1.532,2.892
2523.937,-1.201,1.532,2.895
2524.048,-1.201,1.532,2.894
2524.148,-1.205,1.530,2.894
2524.257,-1.213,1.528,2.894
2524.367,-1.223,1.527,2.893
2524.479,-1.235,1.528,2.891
2524.590,-1.248,1.529,2.889
2524.701,-1.261,1.530,2.886
2524.812,-1.274,1.531,2.884
2524.923,-1.287,1.531,2.883
2525.034,-1.301,1.533,2.882
2525.145,-1.315,1.533,2.881
2525.257,-1.335,1.535,2.879
2525.368,-1.364,1.537,2.873
2525.479,-1.407,1.534,2.859
2525.590,-1.458,1.525,2.838
2525.701,-1.522,1.531,2.809
2525.812,-1.591,1.550,2.786
2525.923,-1.633,1.562,2.774
2526.034,-1.656,1.568,2.765
2526.145,-1.667,1.575,2.760
2526.257,-1.668,1.582,2.754
2526.368,-1.665,1.589,2.745
2526.479,-1.662,1.596,2.733
2526.590,-1.662,1.599,2.723
2526.701,-1.665,1.600,2.716
2526.812,-1.668,1.599,2.712
2526.924,-1.672,1.596,2.712
2527.034,-1.676,1.594,2.713
2527.146,-1.679,1.592,2.717
2527.257,-1.681,1.589,2.728
2527.367,-1.681,1.591,2.740
2527.479,-1.681,1.594,2.747
2527.590,-1.681,1.597,2.748
2527.701,-1.683,1.601,2.742
2527.812,-1.684,1.604,2.731
2527.924,-1.683,1.603,2.723
2528.035,-1.682,1.602,2.720
2528.145,-1.683,1.602,2.721
2528.257,-1.684,1.601,2.721
2528.368,-1.683,1.599,2.720
2528.479,-1.677,1.592,2.717
2528.590,-1.663,1.572,2.717
2528.701,-1.643,1.540,2.730
2528.812,-1.624,1.520,2.750
2528.923,-1.608,1.513,2.768
2529.034,-1.588,1.509,2.790
2529.145,-1.566,1.507,2.810
2529.256,-1.545,1.505,2.831
2529.367,-1.527,1.503,2.851
2529.478,-1.513,1.502,2.871
2529.589,-1.503,1.501,2.889
2529.700,-1.498,1.500,2.904
2529.812,-1.494,1.501,2.916
2529.923,-1.492,1.502,2.925
2530.034,-1.491,1.504,2.930
2530.145,-1.495,1.508,2.927
2530.256,-1.522,1.518,2.908
2530.367,-1.570,1.531,2.886
2530.479,-1.619,1.536,2.863
2530.589,-1.670,1.534,2.834
2530.701,-1.729,1.529,2.798
2530.812,-1.791,1.526,2.756
2530.923,-1.849,1.529,2.715
2531.034,-1.892,1.531,2.680
2531.145,-1.926,1.532,2.655
2531.256,-1.951,1.535,2.637
2531.367,-1.968,1.535,2.623
2531.479,-1.978,1.534,2.615
2531.590,-1.982,1.533,2.613
2531.701,-1.982,1.533,2.612
2531.812,-1.975,1.531,2.613
2531.923,-1.965,1.529,2.620
2532.034,-1.951,1.528,2.638
2532.144,-1.934,1.528,2.663
2532.256,-1.908,1.524,2.696
2532.367,-1.861,1.511,2.741
2532.478,-1.815,1.503,2.791
2532.589,-1.780,1.499,2.834
2532.700,-1.751,1.498,2.870
2532.811,-1.729,1.496,2.901
2532.922,-1.714,1.495,2.925
2533.033,-1.702,1.492,2.946
2533.145,-1.692,1.495,2.957
2533.255,-1.689,1.499,2.954
2533.367,-1.692,1.502,2.943
2533.478,-1.700,1.507,2.928
2533.589,-1.707,1.511,2.914
2533.700,-1.713,1.516,2.897
2533.812,-1.715,1.518,2.881
2533.923,-1.713,1.518,2.865
2534.033,-1.711,1.516,2.860
2534.145,-1.707,1.522,2.874
2534.256,-1.697,1.527,2.906
2534.367,-1.683,1.530,2.950
2534.478,-1.666,1.530,3.006
2534.590,-1.644,1.531,3.062
2534.700,-1.622,1.532,3.111
2534.812,-1.606,1.535,3.149
2534.922,-1.593,1.536,3.177
2535.033,-1.579,1.537,3.194
2535.145,-1.560,1.537,3.201
2535.256,-1.535,1.535,3.198
2535.367,-1.504,1.531,3.187
2535.478,-1.467,1.526,3.171
2535.589,-1.420,1.528,3.156
2535.700,-1.370,1.528,3.143
2535.812,-1.324,1.519,3.144
2535.923,-1.275,1.514,3.183
2536.034,-1.235,1.515,3.270
2536.145,-1.225,1.512,3.378
2536.256,-1.233,1.508,3.476
2536.367,-1.243,1.512,3.567
2536.478,-1.252,1.519,3.644
2536.589,-1.252,1.526,3.704
2536.700,-1.241,1.529,3.752
2536.811,-1.216,1.527,3.791
2536.922,-1.173,1.521,3.819
2537.033,-1.112,1.515,3.834
2537.144,-1.042,1.516,3.849
2537.255,-0.973,1.520,3.870
2537.367,-0.916,1.514,3.896
2537.478,-0.872,1.507,3.926
2537.589,-0.833,1.501,3.964
2537.700,-0.798,1.496,4.012
2537.811,-0.768,1.489,4.070
2537.922,-0.744,1.486,4.135
2538.033,-0.719,1.494,4.203
2538.144,-0.692,1.496,4.256
2538.255,-0.664,1.500,4.295
2538.367,-0.632,1.499,4.325
2538.478,-0.597,1.492,4.345
2538.589,-0.556,1.487,4.355
2538.699,-0.511,1.489,4.363
2538.810,-0.468,1.484,4.372
2538.921,-0.430,1.478,4.377
2539.032,-0.400,1.473,4.380
2539.143,-0.380,1.471,4.385
2539.254,-0.372,1.470,4.397
2539.365,-0.367,1.470,4.408
2539.477,-0.358,1.476,4.413
2539.587,-0.347,1.485,4.411
2539.699,-0.346,1.490,4.409
2539.810,-0.348,1.494,4.409
2539.922,-0.347,1.498,4.410
2540.032,-0.344,1.501,4.411
2540.144,-0.338,1.502,4.412
2540.255,-0.331,1.503,4.413
2540.366,-0.325,1.503,4.411
2540.478,-0.315,1.503,4.408
2540.589,-0.306,1.502,4.406
2540.699,-0.299,1.500,4.406
2540.811,-0.294,1.499,4.402
2540.922,-0.296,1.502,4.395
2541.033,-0.313,1.507,4.389
2541.144,-0.338,1.513,4.390
2541.255,-0.369,1.518,4.401
2541.367,-0.405,1.523,4.423
2541.478,-0.440,1.533,4.446
2541.589,-0.478,1.535,4.448
2541.700,-0.530,1.535,4.435
2541.811,-0.579,1.539,4.429
2541.922,-0.617,1.542,4.427
2542.034,-0.653,1.546,4.425
2542.145,-0.691,1.548,4.419
2542.255,-0.733,1.549,4.408
2542.367,-0.780,1.549,4.393
2542.478,-0.829,1.549,4.373
2542.589,-0.877,1.546,4.355
2542.700,-0.922,1.545,4.342
2542.811,-0.960,1.546,4.334
2542.922,-0.989,1.549,4.328
2543.033,-1.007,1.552,4.325
2543.144,-1.016,1.554,4.328
2543.255,-1.015,1.554,4.337
2543.367,-1.010,1.555,4.346
2543.478,-1.005,1.558,4.350
2543.589,-1.002,1.560,4.353
2543.700,-1.000,1.560,4.354
2543.811,-0.999,1.559,4.355
2543.922,-0.999,1.559,4.354
2544.033,-1.003,1.560,4.355
2544.145,-1.013,1.559,4.358
2544.255,-1.024,1.557,4.363
2544.366,-1.035,1.556,4.370
2544.477,-1.046,1.555,4.377
2544.588,-1.050,1.552,4.384
2544.699,-1.037,1.542,4.392
2544.811,-1.027,1.538,4.399
2544.921,-1.026,1.536,4.401
2545.032,-1.027,1.534,4.403
2545.143,-1.026,1.534,4.404
2545.255,-1.025,1.536,4.404
2545.366,-1.022,1.537,4.403
2545.477,-1.017,1.538,4.401
2545.588,-1.014,1.538,4.398
2545.708,-1.013,1.539,4.397
2545.813,-1.010,1.540,4.394
2545.925,-1.009,1.540,4.392
2546.036,-1.011,1.540,4.389
2546.146,-1.017,1.540,4.383
2546.254,-1.025,1.540,4.378
2546.365,-1.032,1.539,4.371
2546.477,-1.033,1.538,4.362
2546.588,-1.019,1.533,4.354
2546.699,-0.985,1.524,4.361
2546.810,-0.954,1.516,4.387
2546.922,-0.937,1.514,4.426
2547.032,-0.930,1.514,4.478
2547.144,-0.928,1.514,4.535
2547.255,-0.928,1.512,4.597
2547.366,-0.933,1.511,4.671
2547.477,-0.940,1.512,4.746
2547.588,-0.955,1.513,4.815
2547.699,-0.968,1.511,4.866
2547.810,-0.974,1.513,4.905
2547.921,-0.974,1.513,4.937
2548.032,-0.968,1.510,4.965
2548.144,-0.955,1.507,4.992
2548.254,-0.931,1.505,5.018
2548.366,-0.901,1.509,5.051
2548.477,-0.873,1.511,5.087
2548.587,-0.857,1.507,5.123
2548.699,-0.857,1.513,5.168
2548.810,-0.870,1.511,5.218
2548.921,-0.897,1.506,5.268
2549.032,-0.932,1.514,5.313
2549.143,-0.958,1.524,5.352
2549.254,-0.972,1.532,5.386
2549.365,-0.974,1.538,5.424
2549.477,-0.966,1.539,5.470
2549.588,-0.944,1.540,5.522
2549.699,-0.910,1.538,5.578
2549.810,-0.865,1.546,5.637
2549.921,-0.818,1.549,5.691
2550.032,-0.790,1.551,5.741
2550.144,-0.775,1.553,5.794
2550.255,-0.772,1.548,5.847
2550.366,-0.782,1.545,5.897
2550.477,-0.791,1.551,5.946
2550.588,-0.790,1.555,5.993
2550.699,-0.776,1.558,6.036
2550.810,-0.748,1.558,6.079
2550.922,-0.704,1.553,6.121
2551.033,-0.647,1.545,6.165
2551.144,-0.581,1.549,6.209
2551.255,-0.519,1.558,6.248
2551.366,-0.467,1.563,6.282
2551.478,-0.430,1.564,6.311
2551.588,-0.406,1.563,6.334
2551.699,-0.394,1.563,6.351
2551.811,-0.387,1.565,6.362
2551.922,-0.383,1.564,6.369
2552.033,-0.383,1.564,6.372
2552.144,-0.385,1.564,6.372
2552.255,-0.387,1.564,6.370
2552.366,-0.392,1.564,6.365
2552.477,-0.402,1.565,6.357
2552.588,-0.420,1.566,6.347
2552.699,-0.448,1.568,6.335
2552.810,-0.484,1.569,6.323
2552.921,-0.531,1.567,6.311
2553.032,-0.584,1.561,6.298
2553.144,-0.632,1.551,6.271
2553.255,-0.678,1.542,6.229
2553.365,-0.725,1.544,6.189
2553.477,-0.766,1.540,6.161
2553.588,-0.799,1.540,6.137
2553.698,-0.828,1.544,6.110
2553.810,-0.858,1.544,6.079
2553.921,-0.893,1.548,6.042
2554.032,-0.933,1.550,6.000
2554.143,-0.975,1.556,5.953
2554.254,-1.013,1.556,5.907
2554.365,-1.042,1.560,5.871
2554.476,-1.064,1.563,5.840
2554.587,-1.080,1.562,5.814
2554.698,-1.086,1.561,5.793
2554.810,-1.081,1.561,5.777
2554.920,-1.066,1.561,5.764
2555.032,-1.042,1.562,5.756
2555.143,-1.011,1.567,5.749
2555.254,-0.979,1.571,5.742
2555.365,-0.949,1.575,5.736
2555.476,-0.933,1.578,5.732
2555.587,-0.925,1.576,5.727
2555.698,-0.924,1.579,5.716
2555.810,-0.933,1.579,5.700
2555.920,-0.951,1.579,5.685
2556.031,-0.973,1.579,5.673
2556.143,-0.994,1.578,5.664
2556.254,-1.016,1.577,5.653
2556.365,-1.036,1.572,5.644
2556.476,-1.047,1.568,5.638
2556.587,-1.047,1.566,5.630
2556.698,-1.037,1.562,5.619
2556.809,-1.020,1.561,5.602
2556.920,-0.997,1.560,5.584
2557.032,-0.974,1.558,5.564
2557.142,-0.953,1.555,5.543
2557.253,-0.933,1.550,5.522
2557.365,-0.916,1.550,5.498
2557.476,-0.902,1.547,5.475
2557.587,-0.889,1.538,5.458
2557.698,-0.877,1.520,5.444
2557.809,-0.865,1.506,5.433
2557.920,-0.855,1.502,5.427
2558.031,-0.847,1.499,5.424
2558.142,-0.841,1.497,5.422
2558.253,-0.835,1.495,5.421
2558.365,-0.830,1.494,5.420
2558.475,-0.827,1.493,5.419
2558.586,-0.826,1.494,5.419
2558.697,-0.828,1.491,5.421
2558.809,-0.834,1.489,5.425
2558.920,-0.852,1.488,5.431
2559.031,-0.875,1.491,5.442
2559.142,-0.896,1.497,5.460
2559.253,-0.913,1.505,5.482
2559.365,-0.923,1.513,5.508
2559.475,-0.926,1.517,5.537
2559.587,-0.928,1.521,5.568
2559.698,-0.929,1.523,5.609
2559.809,-0.930,1.523,5.663
2559.920,-0.930,1.522,5.719
2560.031,-0.933,1.523,5.776
2560.143,-0.931,1.522,5.829
2560.253,-0.928,1.522,5.870
2560.364,-0.925,1.525,5.898
2560.476,-0.925,1.530,5.914
2560.587,-0.931,1.530,5.919
2560.698,-0.944,1.526,5.913
2560.809,-0.962,1.522,5.895
2560.920,-0.983,1.518,5.860
2561.031,-1.001,1.514,5.807
2561.143,-1.014,1.510,5.747
2561.253,-1.027,1.510,5.680
2561.365,-1.038,1.509,5.610
2561.476,-1.049,1.509,5.549
2561.586,-1.064,1.506,5.497
2561.698,-1.086,1.506,5.454
2561.809,-1.118,1.503,5.412
2561.919,-1.158,1.496,5.372
2562.031,-1.206,1.489,5.339
2562.142,-1.260,1.488,5.311
2562.253,-1.314,1.496,5.276
2562.365,-1.352,1.497,5.234
2562.475,-1.372,1.501,5.190
2562.586,-1.382,1.497,5.141
2562.698,-1.379,1.490,5.087
2562.809,-1.361,1.492,5.027
2562.919,-1.335,1.501,4.966
2563.030,-1.313,1.507,4.914
2563.142,-1.304,1.513,4.873
2563.253,-1.305,1.519,4.832
2563.364,-1.317,1.515,4.792
2563.475,-1.341,1.511,4.760
2563.586,-1.378,1.512,4.736
2563.698,-1.416,1.514,4.713
2563.809,-1.448,1.515,4.684
2563.920,-1.471,1.515,4.647
2564.031,-1.490,1.512,4.613
2564.142,-1.501,1.513,4.578
2564.253,-1.508,1.511,4.533
2564.364,-1.508,1.504,4.475
2564.476,-1.496,1.498,4.400
2564.586,-1.473,1.495,4.312
2564.698,-1.452,1.505,4.224
2564.809,-1.446,1.512,4.150
2564.920,-1.449,1.516,4.087
2565.031,-1.463,1.516,4.024
2565.142,-1.487,1.507,3.960
2565.253,-1.526,1.497,3.894
2565.364,-1.577,1.496,3.824
2565.476,-1.621,1.502,3.757
2565.587,-1.654,1.507,3.700
2565.698,-1.687,1.509,3.649
2565.810,-1.723,1.504,3.598
2565.920,-1.751,1.496,3.544
2566.031,-1.773,1.495,3.487
2566.143,-1.799,1.502,3.436
2566.254,-1.832,1.506,3.398
2566.365,-1.868,1.507,3.370
2566.476,-1.905,1.501,3.354
2566.587,-1.944,1.497,3.352
2566.698,-1.986,1.489,3.359
2566.809,-2.031,1.475,3.372
2566.920,-2.075,1.455,3.384
2567.031,-2.109,1.431,3.397
2567.143,-2.133,1.423,3.411
2567.253,-2.145,1.418,3.427
2567.365,-2.152,1.419,3.441
2567.476,-2.154,1.423,3.450
2567.587,-2.155,1.425,3.454
2567.698,-2.155,1.425,3.455
2567.809,-2.152,1.426,3.448
2567.920,-2.141,1.430,3.439
2568.031,-2.121,1.439,3.428
2568.142,-2.087,1.449,3.409
2568.253,-2.020,1.458,3.363
2568.365,-1.914,1.463,3.314
2568.476,-1.796,1.461,3.289
2568.587,-1.695,1.460,3.279
2568.698,-1.614,1.456,3.274
2568.809,-1.552,1.452,3.265
2568.920,-1.499,1.441,3.241
2569.031,-1.449,1.421,3.205
2569.143,-1.400,1.398,3.154
2569.253,-1.348,1.364,3.089
2569.365,-1.287,1.306,3.025
2569.476,-1.228,1.226,2.978
2569.587,-1.179,1.122,2.941
2569.698,-1.141,1.011,2.916
2569.810,-1.113,0.907,2.896
2569.921,-1.094,0.810,2.887
2570.031,-1.080,0.728,2.886
2570.143,-1.069,0.670,2.889
2570.254,-1.061,0.643,2.890
2570.365,-1.054,0.648,2.891
2570.476,-1.046,0.678,2.894
2570.587,-1.037,0.746,2.899
2570.698,-1.026,0.852,2.913
2570.809,-1.012,0.980,2.944
2570.920,-0.999,1.118,2.997
2571.031,-0.986,1.252,3.081
2571.142,-0.988,1.364,3.191
2571.253,-1.017,1.427,3.296
2571.365,-1.048,1.450,3.383
2571.476,-1.071,1.468,3.444
2571.587,-1.080,1.490,3.489
2571.698,-1.075,1.498,3.528
2571.809,-1.053,1.497,3.566
2571.919,-1.016,1.492,3.600
2572.030,-0.966,1.491,3.634
2572.142,-0.912,1.500,3.676
2572.253,-0.870,1.506,3.728
2572.364,-0.841,1.509,3.784
2572.474,-0.819,1.505,3.844
2572.585,-0.807,1.495,3.910
2572.697,-0.807,1.490,3.981
2572.808,-0.812,1.500,4.055
2572.919,-0.812,1.511,4.121
2573.031,-0.799,1.514,4.176
2573.142,-0.776,1.514,4.226
2573.254,-0.742,1.507,4.276
2573.364,-0.695,1.499,4.324
2573.475,-0.636,1.500,4.371
2573.586,-0.577,1.509,4.425
2573.697,-0.533,1.513,4.490
2573.808,-0.505,1.516,4.547
2573.919,-0.477,1.517,4.603
2574.030,-0.462,1.510,4.662
2574.141,-0.462,1.516,4.723
2574.252,-0.460,1.524,4.778
2574.363,-0.452,1.527,4.818
2574.475,-0.431,1.534,4.850
2574.586,-0.400,1.533,4.874
2574.697,-0.356,1.530,4.885
2574.808,-0.298,1.528,4.876
2574.919,-0.231,1.530,4.852
2575.031,-0.171,1.523,4.831
2575.142,-0.128,1.510,4.820
2575.253,-0.097,1.501,4.810
2575.364,-0.074,1.496,4.800
2575.475,-0.058,1.491,4.791
2575.586,-0.044,1.488,4.785
2575.697,-0.033,1.484,4.783
2575.808,-0.027,1.481,4.782
2575.919,-0.025,1.480,4.785
2576.031,-0.030,1.481,4.787
2576.142,-0.040,1.484,4.789
2576.253,-0.055,1.488,4.790
2576.365,-0.078,1.493,4.791
2576.475,-0.111,1.497,4.791
2576.586,-0.158,1.503,4.795
2576.698,-0.219,1.511,4.808
2576.808,-0.290,1.521,4.827
2576.919,-0.360,1.528,4.846
2577.031,-0.423,1.528,4.859
2577.142,-0.476,1.542,4.863
2577.253,-0.522,1.548,4.861
2577.364,-0.567,1.549,4.854
2577.475,-0.615,1.554,4.838
2577.586,-0.668,1.552,4.813
2577.697,-0.728,1.551,4.782
2577.808,-0.791,1.557,4.748
2577.919,-0.846,1.556,4.723
2578.030,-0.890,1.562,4.700
2578.142,-0.922,1.562,4.682
2578.252,-0.939,1.564,4.670
2578.363,-0.948,1.567,4.653
2578.475,-0.948,1.567,4.630
2578.586,-0.935,1.570,4.600
2578.695,-0.904,1.566,4.569
2578.808,-0.872,1.570,4.537
2578.919,-0.852,1.576,4.503
2579.030,-0.848,1.575,4.470
2579.141,-0.859,1.570,4.436
2579.252,-0.863,1.567,4.399
2579.364,-0.870,1.568,4.360
2579.474,-0.905,1.568,4.324
2579.586,-0.962,1.563,4.293
2579.696,-1.021,1.572,4.261
2579.808,-1.072,1.576,4.226
2579.919,-1.116,1.570,4.184
2580.030,-1.139,1.576,4.137
2580.142,-1.147,1.578,4.085
2580.253,-1.150,1.571,4.030
2580.364,-1.148,1.563,3.980
2580.475,-1.136,1.562,3.940
2580.586,-1.120,1.569,3.904
2580.697,-1.108,1.574,3.865
2580.808,-1.102,1.572,3.827
2580.919,-1.101,1.570,3.795
2581.030,-1.105,1.570,3.763
2581.141,-1.122,1.568,3.729
2581.252,-1.150,1.562,3.702
2581.364,-1.187,1.555,3.682
2581.475,-1.232,1.556,3.667
2581.586,-1.278,1.565,3.651
2581.697,-1.317,1.568,3.634
2581.808,-1.348,1.561,3.613
2581.919,-1.366,1.560,3.590
2582.030,-1.372,1.563,3.568
2582.141,-1.365,1.559,3.546
2582.252,-1.338,1.558,3.524
2582.364,-1.304,1.558,3.502
2582.475,-1.267,1.559,3.475
2582.586,-1.236,1.559,3.452
2582.697,-1.216,1.553,3.435
2582.808,-1.204,1.546,3.425
2582.919,-1.193,1.547,3.413
2583.030,-1.183,1.546,3.397
2583.142,-1.171,1.544,3.374
2583.252,-1.156,1.539,3.344
2583.364,-1.142,1.532,3.307
2583.475,-1.125,1.532,3.266
2583.586,-1.106,1.529,3.227
2583.697,-1.088,1.521,3.194
2583.809,-1.070,1.511,3.171
2583.919,-1.056,1.508,3.164
2584.030,-1.047,1.512,3.179
2584.141,-1.039,1.518,3.213
2584.252,-1.039,1.521,3.262
2584.364,-1.039,1.521,3.322
2584.475,-1.026,1.524,3.398
2584.586,-1.010,1.521,3.495
2584.697,-1.016,1.516,3.591
2584.807,-1.037,1.514,3.663
2584.917,-1.051,1.514,3.711
2585.028,-1.053,1.511,3.745
2585.141,-1.042,1.509,3.777
2585.251,-1.017,1.505,3.807
2585.363,-0.977,1.500,3.835
2585.474,-0.929,1.499,3.866
2585.585,-0.878,1.507,3.899
2585.696,-0.833,1.510,3.929
2585.808,-0.794,1.508,3.955
2585.918,-0.761,1.507,3.978
2586.018,-0.737,1.506,3.995
2586.128,-0.720,1.502,4.011
2586.239,-0.710,1.501,4.029
2586.350,-0.710,1.500,4.047
2586.461,-0.727,1.506,4.071
2586.572,-0.762,1.517,4.100
2586.683,-0.800,1.524,4.126
2586.794,-0.838,1.530,4.156
2586.906,-0.881,1.534,4.184
2587.016,-0.924,1.536,4.208
2587.127,-0.960,1.538,4.229
2587.238,-0.989,1.535,4.244
2587.349,-1.002,1.528,4.250
2587.460,-1.004,1.529,4.249
2587.572,-0.998,1.534,4.244
2587.683,-0.986,1.536,4.238
2587.794,-0.969,1.536,4.234
2587.905,-0.953,1.536,4.227
2588.016,-0.934,1.527,4.213
2588.127,-0.906,1.516,4.195
2588.238,-0.884,1.520,4.178
2588.349,-0.860,1.525,4.148
2588.460,-0.829,1.527,4.104
2588.571,-0.795,1.531,4.047
2588.682,-0.758,1.527,3.977
2588.793,-0.721,1.525,3.896
2588.905,-0.686,1.521,3.812
2589.016,-0.654,1.518,3.731
2589.127,-0.631,1.525,3.656
2589.238,-0.617,1.522,3.579
2589.349,-0.614,1.506,3.500
2589.460,-0.619,1.492,3.418
2589.572,-0.635,1.484,3.330
2589.683,-0.646,1.492,3.234
2589.794,-0.639,1.499,3.151
2589.905,-0.622,1.503,3.074
2590.016,-0.596,1.491,2.995
2590.127,-0.556,1.472,2.913
2590.239,-0.504,1.464,2.831
2590.349,-0.456,1.477,2.749
2590.460,-0.426,1.489,2.671
2590.572,-0.406,1.492,2.590
2590.682,-0.395,1.481,2.500
2590.794,-0.394,1.465,2.403
2590.905,-0.399,1.464,2.302
2591.016,-0.397,1.473,2.207
2591.127,-0.384,1.476,2.129
2591.238,-0.370,1.474,2.048
2591.349,-0.351,1.459,1.967
2591.460,-0.320,1.443,1.883
2591.572,-0.285,1.446,1.794
2591.682,-0.262,1.458,1.708
2591.794,-0.254,1.463,1.632
2591.905,-0.249,1.461,1.556
2592.015,-0.252,1.451,1.483
2592.127,-0.262,1.448,1.414
2592.238,-0.264,1.459,1.345
2592.349,-0.252,1.462,1.288
2592.460,-0.224,1.464,1.239
2592.571,-0.185,1.462,1.195
2592.682,-0.134,1.457,1.160
2592.793,-0.079,1.461,1.133
2592.905,-0.036,1.465,1.108
2593.016,-0.008,1.464,1.085
2593.127,0.018,1.467,1.060
2593.238,0.035,1.466,1.035
2593.349,0.037,1.468,1.007
2593.460,0.031,1.477,0.974
2593.571,0.024,1.481,0.944
2593.683,0.021,1.482,0.922
2593.794,0.027,1.487,0.908
2593.905,0.044,1.488,0.901
2594.016,0.068,1.487,0.904
2594.127,0.096,1.487,0.916
2594.238,0.125,1.485,0.934
2594.349,0.152,1.483,0.952
2594.461,0.174,1.479,0.968
2594.572,0.188,1.475,0.979
2594.683,0.199,1.472,0.987
2594.794,0.207,1.470,0.993
2594.905,0.214,1.467,0.998
2595.016,0.222,1.463,1.004
2595.127,0.229,1.459,1.011
2595.238,0.235,1.456,1.015
2595.349,0.238,1.457,1.012
2595.460,0.242,1.463,0.998
2595.572,0.243,1.470,0.975
2595.682,0.232,1.475,0.947
2595.794,0.199,1.489,0.904
2595.905,0.129,1.501,0.857
2596.016,0.038,1.502,0.836
2596.127,-0.041,1.504,0.833
2596.238,-0.113,1.508,0.834
2596.349,-0.174,1.504,0.840
2596.461,-0.217,1.506,0.848
2596.571,-0.245,1.509,0.850
2596.682,-0.266,1.510,0.844
2596.794,-0.279,1.511,0.831
2596.905,-0.280,1.513,0.816
2597.015,-0.270,1.517,0.799
2597.127,-0.257,1.521,0.781
2597.238,-0.246,1.522,0.759
2597.349,-0.237,1.517,0.737
2597.460,-0.233,1.515,0.720
2597.571,-0.236,1.517,0.716
2597.682,-0.247,1.517,0.719
2597.794,-0.262,1.512,0.721
2597.906,-0.283,1.506,0.729
2598.016,-0.316,1.510,0.739
2598.128,-0.354,1.510,0.748
2598.239,-0.386,1.511,0.754
2598.350,-0.413,1.510,0.759
2598.461,-0.433,1.511,0.763
2598.572,-0.450,1.513,0.768
2598.683,-0.467,1.511,0.775
2598.794,-0.480,1.503,0.779
2598.905,-0.491,1.495,0.785
2599.016,-0.503,1.489,0.790
2599.127,-0.518,1.485,0.794
2599.238,-0.533,1.481,0.796
2599.349,-0.548,1.477,0.797
2599.460,-0.560,1.473,0.798
2599.572,-0.569,1.473,0.799
2599.682,-0.575,1.472,0.799
2599.794,-0.575,1.471,0.799
2599.905,-0.571,1.472,0.799
2600.016,-0.563,1.472,0.800
2600.127,-0.556,1.473,0.800
2600.238,-0.549,1.475,0.797
2600.349,-0.541,1.476,0.793
2600.460,-0.530,1.478,0.784
2600.571,-0.513,1.478,0.770
2600.682,-0.486,1.479,0.752
2600.793,-0.452,1.479,0.733
2600.905,-0.416,1.479,0.713
2601.016,-0.383,1.479,0.693
2601.127,-0.355,1.479,0.676
2601.238,-0.336,1.476,0.666
2601.349,-0.325,1.473,0.657
2601.460,-0.317,1.473,0.645
2601.571,-0.312,1.469,0.632
2601.682,-0.311,1.461,0.620
2601.793,-0.312,1.457,0.613
2601.905,-0.314,1.457,0.609
2602.016,-0.317,1.459,0.607
2602.127,-0.319,1.460,0.607
2602.238,-0.320,1.463,0.611
2602.349,-0.319,1.467,0.617
2602.460,-0.320,1.470,0.619
2602.571,-0.325,1.468,0.611
2602.681,-0.335,1.459,0.593
2602.793,-0.345,1.444,0.573
2602.904,-0.353,1.436,0.563
2603.015,-0.355,1.438,0.562
2603.127,-0.353,1.446,0.570
2603.237,-0.350,1.457,0.583
2603.348,-0.348,1.470,0.599
2603.460,-0.351,1.480,0.613
2603.571,-0.361,1.488,0.625
2603.682,-0.386,1.500,0.638
2603.793,-0.423,1.507,0.650
2603.904,-0.473,1.508,0.661
2604.015,-0.538,1.507,0.672
2604.127,-0.610,1.506,0.679
2604.237,-0.669,1.501,0.681
2604.348,-0.715,1.498,0.675
2604.460,-0.750,1.492,0.658
2604.571,-0.776,1.487,0.632
2604.682,-0.794,1.481,0.593
2604.793,-0.806,1.472,0.545
2604.904,-0.819,1.464,0.486
2605.015,-0.834,1.456,0.427
2605.126,-0.850,1.444,0.377
2605.238,-0.863,1.430,0.335
2605.348,-0.877,1.417,0.306
2605.460,-0.888,1.408,0.285
2605.571,-0.893,1.401,0.271
2605.742,-0.896,1.398,0.266
2605.852,-0.902,1.410,0.279
2605.963,-0.901,1.424,0.300
2606.074,-0.901,1.441,0.325
2606.186,-0.902,1.455,0.353
2606.293,-0.908,1.465,0.383
2606.404,-0.922,1.478,0.431
2606.515,-0.938,1.489,0.493
2606.626,-0.953,1.498,0.568
2606.738,-0.969,1.506,0.649
2606.849,-0.980,1.508,0.723
2606.960,-0.987,1.509,0.779
2607.071,-0.993,1.512,0.819
2607.182,-1.006,1.513,0.839
2607.293,-1.029,1.512,0.841
2607.404,-1.061,1.509,0.825
2607.515,-1.101,1.504,0.795
2607.627,-1.150,1.501,0.753
2607.737,-1.204,1.505,0.708
2607.849,-1.251,1.512,0.673
2607.960,-1.291,1.515,0.651
2608.071,-1.332,1.519,0.636
2608.182,-1.380,1.517,0.623
2608.293,-1.433,1.511,0.615
2608.405,-1.489,1.506,0.616
2608.515,-1.552,1.514,0.614
2608.627,-1.608,1.515,0.600
2608.738,-1.657,1.511,0.579
2608.849,-1.698,1.505,0.550
2608.960,-1.719,1.497,0.519
2609.071,-1.727,1.497,0.488
2609.182,-1.741,1.492,0.463
2609.293,-1.767,1.492,0.439
2609.404,-1.799,1.483,0.417
2609.515,-1.841,1.476,0.396
2609.626,-1.885,1.473,0.373
2609.738,-1.920,1.464,0.358
2609.849,-1.949,1.458,0.353
2609.960,-1.967,1.457,0.353
2610.071,-1.980,1.458,0.357
2610.182,-1.989,1.462,0.362
2610.293,-1.997,1.463,0.365
2610.404,-2.006,1.462,0.368
2610.515,-2.017,1.460,0.369
2610.626,-2.027,1.456,0.370
2610.737,-2.036,1.453,0.370
2610.849,-2.043,1.450,0.370
2610.960,-2.048,1.446,0.368
2611.071,-2.049,1.442,0.368
2611.184,-2.044,1.440,0.366
2611.293,-2.031,1.443,0.362
2611.404,-2.011,1.449,0.355
2611.515,-1.971,1.455,0.348
2611.626,-1.917,1.463,0.353
2611.737,-1.862,1.475,0.372
2611.848,-1.804,1.485,0.401
2611.959,-1.746,1.489,0.438
2612.070,-1.688,1.491,0.479
2612.181,-1.632,1.493,0.522
2612.293,-1.587,1.492,0.557
2612.404,-1.553,1.496,0.575
2612.515,-1.526,1.499,0.575
2612.626,-1.508,1.499,0.562
2612.737,-1.491,1.495,0.537
2612.848,-1.473,1.492,0.507
2612.960,-1.453,1.490,0.480
2613.070,-1.433,1.486,0.466
2613.182,-1.411,1.486,0.460
2613.293,-1.388,1.485,0.459
2613.404,-1.361,1.482,0.462
2613.515,-1.332,1.477,0.472
2613.626,-1.298,1.474,0.480
2613.737,-1.269,1.466,0.487
2613.848,-1.248,1.459,0.492
2613.959,-1.236,1.456,0.494
2614.070,-1.236,1.457,0.497
2614.181,-1.248,1.460,0.504
2614.293,-1.272,1.466,0.515
2614.404,-1.305,1.473,0.526
2614.514,-1.352,1.477,0.539
2614.626,-1.418,1.483,0.551
2614.737,-1.495,1.489,0.564
2614.848,-1.561,1.491,0.582
2614.960,-1.612,1.495,0.593
2615.071,-1.650,1.499,0.591
2615.181,-1.674,1.499,0.577
2615.293,-1.682,1.501,0.552
2615.404,-1.683,1.505,0.518
2615.515,-1.690,1.501,0.488
2615.626,-1.705,1.499,0.466
2615.737,-1.733,1.500,0.443
2615.848,-1.775,1.491,0.423
2615.959,-1.832,1.489,0.400
2616.070,-1.891,1.487,0.380
2616.181,-1.940,1.485,0.365
2616.292,-1.977,1.479,0.355
2616.404,-2.001,1.475,0.347
2616.514,-2.016,1.473,0.343
2616.626,-2.028,1.473,0.341
2616.737,-2.039,1.471,0.339
2616.848,-2.050,1.466,0.337
2616.959,-2.058,1.461,0.334
2617.070,-2.060,1.455,0.329
2617.181,-2.056,1.454,0.327
2617.292,-2.049,1.458,0.331
2617.404,-2.041,1.464,0.340
2617.514,-2.030,1.468,0.345
2617.626,-2.008,1.470,0.345
2617.737,-1.959,1.475,0.345
2617.848,-1.885,1.487,0.369
2617.959,-1.811,1.501,0.414
2618.070,-1.746,1.509,0.467
2618.181,-1.679,1.513,0.524
2618.292,-1.619,1.515,0.580
2618.403,-1.566,1.515,0.628
2618.514,-1.518,1.522,0.662
2618.626,-1.468,1.525,0.679
2618.737,-1.412,1.520,0.681
2618.847,-1.351,1.510,0.667
2618.959,-1.284,1.500,0.635
2619.070,-1.209,1.497,0.589
2619.181,-1.134,1.502,0.544
2619.293,-1.072,1.503,0.519
2619.403,-1.017,1.508,0.506
2619.514,-0.957,1.504,0.500
2619.626,-0.895,1.494,0.503
2619.737,-0.830,1.482,0.510
2619.848,-0.764,1.481,0.517
2619.959,-0.707,1.486,0.520
2620.070,-0.660,1.487,0.517
2620.181,-0.618,1.490,0.509
2620.293,-0.579,1.490,0.497
2620.403,-0.546,1.488,0.479
2620.514,-0.522,1.493,0.454
2620.626,-0.502,1.495,0.431
2620.737,-0.480,1.493,0.416
2620.848,-0.455,1.494,0.404
2620.960,-0.429,1.490,0.399
2621.070,-0.395,1.488,0.400
2621.181,-0.352,1.482,0.404
2621.293,-0.307,1.473,0.410
2621.404,-0.268,1.467,0.421
2621.514,-0.236,1.462,0.434
2621.626,-0.213,1.459,0.450
2621.737,-0.199,1.458,0.465
2621.847,-0.191,1.456,0.475
2621.959,-0.188,1.457,0.482
2622.070,-0.192,1.461,0.486
2622.181,-0.202,1.467,0.490
2622.292,-0.221,1.473,0.497
2622.403,-0.250,1.480,0.507
2622.514,-0.292,1.490,0.523
2622.626,-0.349,1.499,0.548
2622.736,-0.417,1.507,0.584
2622.848,-0.498,1.513,0.624
2622.959,-0.581,1.513,0.663
2623.070,-0.662,1.516,0.699
2623.181,-0.738,1.518,0.730
2623.292,-0.803,1.512,0.748
2623.403,-0.862,1.504,0.752
2623.514,-0.924,1.497,0.745
2623.625,-0.994,1.499,0.735
2623.736,-1.063,1.505,0.730
2623.847,-1.124,1.510,0.736
2623.958,-1.181,1.515,0.749
2624.069,-1.240,1.510,0.768
2624.180,-1.303,1.501,0.799
2624.292,-1.374,1.497,0.839
2624.403,-1.451,1.500,0.877
2624.514,-1.520,1.502,0.902
2624.625,-1.583,1.503,0.918
2624.736,-1.649,1.496,0.929
2624.847,-1.710,1.484,0.930
2624.958,-1.774,1.479,0.926
2625.069,-1.832,1.480,0.931
2625.180,-1.878,1.480,0.940
2625.292,-1.916,1.482,0.952
2625.403,-1.947,1.479,0.972
2625.514,-1.970,1.475,1.004
2625.625,-1.993,1.469,1.042
2625.736,-2.019,1.459,1.078
2625.847,-2.041,1.441,1.107
2625.958,-2.052,1.428,1.125
2626.069,-2.058,1.423,1.135
2626.180,-2.061,1.423,1.133
2626.292,-2.046,1.426,1.107
2626.402,-2.003,1.441,1.061
2626.513,-1.926,1.460,1.000
2626.625,-1.814,1.474,0.936
2626.735,-1.685,1.480,0.889
2626.846,-1.576,1.485,0.858
2626.958,-1.499,1.495,0.827
2627.069,-1.443,1.499,0.787
2627.180,-1.410,1.484,0.736
2627.292,-1.382,1.467,0.674
2627.402,-1.357,1.457,0.595
2627.514,-1.330,1.454,0.513
2627.625,-1.294,1.453,0.448
2627.736,-1.252,1.455,0.406
2627.847,-1.206,1.455,0.386
2627.958,-1.158,1.455,0.383
2628.069,-1.100,1.457,0.398
2628.180,-1.027,1.459,0.435
2628.292,-0.938,1.468,0.485
2628.403,-0.855,1.483,0.532
2628.514,-0.799,1.488,0.556
2628.625,-0.748,1.493,0.566
2628.736,-0.694,1.492,0.562
2628.847,-0.638,1.488,0.543
2628.958,-0.584,1.482,0.510
2629.069,-0.530,1.484,0.467
2629.180,-0.478,1.492,0.434
2629.292,-0.425,1.502,0.414
2629.402,-0.369,1.503,0.399
2629.514,-0.303,1.495,0.388
2629.625,-0.226,1.483,0.376
2629.736,-0.142,1.478,0.361
2629.847,-0.073,1.471,0.346
2629.958,-0.029,1.460,0.336
2630.069,-0.001,1.455,0.335
2630.181,0.017,1.453,0.339
2630.292,0.028,1.448,0.344
2630.402,0.033,1.443,0.349
2630.513,0.034,1.441,0.355
2630.625,0.031,1.446,0.364
2630.736,0.024,1.458,0.372
2630.847,0.012,1.468,0.379
2630.958,-0.005,1.477,0.387
2631.069,-0.028,1.487,0.400
2631.180,-0.064,1.496,0.420
2631.292,-0.112,1.501,0.446
2631.403,-0.179,1.506,0.485
2631.513,-0.264,1.507,0.544
2631.625,-0.351,1.506,0.607
2631.735,-0.424,1.506,0.661
2631.846,-0.490,1.518,0.701
2631.958,-0.557,1.520,0.735
2632.069,-0.627,1.514,0.759
2632.180,-0.701,1.504,0.767
2632.291,-0.783,1.499,0.766
2632.402,-0.865,1.507,0.766
2632.513,-0.941,1.516,0.781
2632.624,-1.012,1.521,0.803
2632.735,-1.085,1.515,0.834
2632.846,-1.158,1.503,0.875
2632.958,-1.229,1.501,0.927
2633.069,-1.299,1.511,0.972
2633.180,-1.362,1.515,0.997
2633.291,-1.424,1.518,1.012
2633.402,-1.486,1.511,1.022
2633.513,-1.546,1.500,1.018
2633.624,-1.609,1.498,1.007
2633.735,-1.669,1.499,1.004
2633.846,-1.724,1.498,1.012
2633.958,-1.778,1.494,1.029
2634.069,-1.832,1.478,1.055
2634.179,-1.882,1.462,1.094
2634.291,-1.928,1.455,1.130
2634.402,-1.965,1.451,1.158
2634.513,-1.988,1.449,1.178
2634.624,-2.001,1.449,1.190
2634.735,-2.008,1.448,1.197
2634.846,-2.017,1.444,1.198
2634.957,-2.026,1.439,1.194
2635.068,-2.032,1.433,1.189
2635.179,-2.034,1.429,1.188
2635.291,-2.030,1.433,1.190
2635.402,-2.024,1.440,1.193
2635.513,-2.018,1.445,1.194
2635.624,-1.998,1.456,1.177
2635.735,-1.947,1.479,1.138
2635.846,-1.862,1.501,1.095
2635.958,-1.758,1.511,1.059
2636.068,-1.652,1.516,1.029
2636.180,-1.556,1.515,1.006
2636.291,-1.476,1.516,0.988
2636.402,-1.408,1.523,0.975
2636.513,-1.342,1.525,0.959
2636.624,-1.279,1.521,0.937
2636.735,-1.218,1.516,0.903
2636.846,-1.158,1.508,0.855
2636.958,-1.092,1.514,0.794
2637.069,-1.022,1.523,0.747
2637.180,-0.951,1.524,0.718
2637.292,-0.880,1.520,0.696
2637.402,-0.808,1.512,0.684
2637.513,-0.731,1.500,0.687
2637.625,-0.645,1.499,0.696
2637.735,-0.558,1.504,0.695
2637.846,-0.483,1.510,0.684
2637.958,-0.418,1.515,0.663
2638.069,-0.352,1.511,0.633
2638.179,-0.285,1.497,0.590
2638.291,-0.215,1.485,0.530
2638.402,-0.136,1.484,0.461
2638.513,-0.064,1.472,0.399
2638.625,-0.007,1.460,0.353
2638.735,0.038,1.445,0.320
2638.847,0.069,1.433,0.303
2638.958,0.088,1.432,0.300
2639.069,0.097,1.435,0.310
2639.179,0.098,1.442,0.331
2639.291,0.094,1.448,0.364
2639.402,0.085,1.447,0.407
2639.513,0.068,1.449,0.465
2639.624,0.058,1.457,0.527
2639.735,0.055,1.459,0.578
2639.846,0.041,1.459,0.612
2639.958,0.004,1.467,0.631
2640.068,-0.053,1.476,0.648
2640.179,-0.116,1.484,0.664
2640.291,-0.185,1.488,0.672
2640.401,-0.263,1.490,0.673
2640.513,-0.343,1.491,0.671
2640.624,-0.413,1.490,0.675
2640.735,-0.470,1.496,0.675
2640.846,-0.516,1.494,0.665
2640.957,-0.554,1.490,0.644
2641.068,-0.590,1.485,0.608
2641.179,-0.624,1.476,0.561
2641.291,-0.663,1.475,0.502
2641.401,-0.704,1.465,0.442
2641.512,-0.736,1.449,0.395
2641.624,-0.760,1.445,0.369
2641.735,-0.780,1.452,0.365
2641.845,-0.802,1.467,0.376
2641.957,-0.825,1.478,0.398
2642.068,-0.855,1.487,0.425
2642.179,-0.893,1.497,0.457
2642.290,-0.938,1.507,0.497
2642.401,-0.989,1.510,0.546
2642.512,-1.048,1.515,0.602
2642.624,-1.103,1.519,0.654
2642.735,-1.151,1.513,0.693
2642.845,-1.201,1.507,0.719
2642.957,-1.254,1.498,0.728
2643.067,-1.313,1.490,0.716
2643.179,-1.379,1.482,0.685
2643.290,-1.454,1.485,0.655
2643.401,-1.525,1.491,0.642
2643.512,-1.580,1.495,0.647
2643.623,-1.631,1.496,0.666
2643.734,-1.680,1.489,0.696
2643.845,-1.731,1.481,0.740
2643.957,-1.789,1.474,0.801
2644.068,-1.855,1.467,0.862
2644.178,-1.912,1.458,0.905
2644.290,-1.951,1.447,0.936
2644.401,-1.980,1.442,0.948
2644.512,-2.000,1.441,0.939
2644.624,-2.012,1.444,0.921
2644.734,-2.018,1.445,0.895
2644.845,-2.023,1.446,0.860
2644.957,-2.038,1.446,0.816
2645.068,-2.054,1.440,0.774
2645.179,-2.065,1.434,0.741
2645.290,-2.070,1.431,0.720
2645.400,-2.071,1.432,0.710
2645.511,-2.063,1.438,0.708
2645.623,-2.044,1.446,0.713
2645.733,-2.018,1.454,0.723
2645.844,-1.984,1.462,0.741
2645.956,-1.946,1.470,0.764
2646.067,-1.910,1.474,0.787
2646.178,-1.862,1.484,0.805
2646.290,-1.810,1.493,0.820
2646.400,-1.748,1.499,0.832
2646.512,-1.678,1.503,0.844
2646.623,-1.605,1.503,0.852
2646.734,-1.523,1.503,0.856
2646.845,-1.444,1.501,0.861
2646.957,-1.384,1.507,0.859
2647.067,-1.341,1.509,0.842
2647.179,-1.306,1.500,0.813
2647.290,-1.276,1.491,0.772
2647.401,-1.257,1.477,0.718
2647.512,-1.239,1.467,0.653
2647.623,-1.215,1.463,0.593
2647.734,-1.190,1.458,0.549
2647.845,-1.165,1.457,0.519
2647.957,-1.140,1.457,0.500
2648.067,-1.113,1.460,0.494
2648.178,-1.079,1.462,0.493
2648.290,-1.032,1.468,0.495
2648.401,-0.977,1.475,0.497
2648.512,-0.925,1.480,0.491
2648.623,-0.887,1.479,0.479
2648.734,-0.868,1.475,0.462
2648.845,-0.865,1.468,0.447
2648.957,-0.870,1.465,0.437
2649.067,-0.884,1.464,0.433
2649.178,-0.908,1.467,0.441
2649.290,-0.944,1.474,0.460
2649.401,-0.999,1.481,0.491
2649.512,-1.079,1.486,0.537
2649.623,-1.169,1.492,0.592
2649.734,-1.248,1.496,0.641
2649.845,-1.306,1.501,0.676
2649.945,-1.350,1.505,0.693
2650.053,-1.397,1.506,0.698
2650.165,-1.439,1.506,0.685
2650.276,-1.476,1.502,0.654
2650.387,-1.515,1.504,0.613
2650.498,-1.559,1.510,0.577
2650.609,-1.604,1.514,0.549
2650.720,-1.655,1.517,0.518
2650.832,-1.714,1.509,0.481
2650.942,-1.782,1.497,0.446
2651.053,-1.863,1.491,0.408
2651.165,-1.931,1.481,0.373
2651.276,-1.981,1.472,0.346
2651.387,-2.014,1.468,0.332
2651.498,-2.036,1.466,0.326
2651.609,-2.054,1.462,0.321
2651.720,-2.069,1.456,0.314
2651.831,-2.080,1.447,0.305
2651.942,-2.088,1.436,0.296
2652.053,-2.087,1.430,0.293
2652.165,-2.078,1.437,0.298
2652.275,-2.061,1.448,0.306
2652.386,-2.024,1.458,0.313
2652.498,-1.954,1.473,0.328
2652.609,-1.869,1.489,0.362
2652.720,-1.788,1.499,0.409
2652.831,-1.711,1.503,0.455
2652.942,-1.642,1.504,0.497
2653.053,-1.590,1.502,0.530
2653.165,-1.549,1.506,0.551
2653.276,-1.512,1.507,0.557
2653.386,-1.478,1.503,0.550
2653.498,-1.445,1.497,0.533
2653.609,-1.411,1.492,0.505
2653.720,-1.374,1.494,0.469
2653.831,-1.334,1.501,0.430
2653.942,-1.305,1.503,0.401
2654.053,-1.280,1.503,0.388
2654.165,-1.244,1.507,0.382
2654.276,-1.197,1.505,0.380
2654.387,-1.135,1.498,0.380
2654.498,-1.056,1.487,0.386
2654.609,-0.961,1.479,0.393
2654.720,-0.868,1.472,0.396
2654.832,-0.793,1.459,0.397
2654.942,-0.739,1.446,0.397
2655.054,-0.707,1.439,0.398
2655.165,-0.699,1.441,0.403
2655.276,-0.713,1.450,0.408
2655.387,-0.749,1.464,0.416
2655.498,-0.806,1.478,0.425
2655.609,-0.883,1.488,0.443
2655.720,-0.985,1.497,0.477
2655.832,-1.100,1.504,0.528
2655.942,-1.205,1.504,0.578
2656.053,-1.283,1.508,0.613
2656.165,-1.347,1.511,0.629
2656.276,-1.402,1.505,0.633
2656.386,-1.455,1.498,0.620
2656.498,-1.507,1.489,0.593
2656.609,-1.559,1.484,0.550
2656.720,-1.611,1.496,0.502
2656.832,-1.658,1.507,0.469
2656.942,-1.700,1.509,0.446
2657.053,-1.743,1.502,0.423
2657.165,-1.794,1.492,0.403
2657.275,-1.857,1.484,0.385
2657.386,-1.933,1.480,0.364
2657.498,-1.998,1.468,0.346
2657.609,-2.046,1.458,0.332
2657.720,-2.081,1.455,0.325
2657.831,-2.102,1.454,0.321
2657.942,-2.114,1.452,0.319
2658.053,-2.121,1.450,0.316
2658.165,-2.123,1.443,0.311
2658.275,-2.116,1.436,0.302
2658.386,-2.104,1.436,0.295
2658.498,-2.088,1.440,0.297
2658.609,-2.073,1.446,0.302
2658.719,-2.049,1.451,0.308
2658.831,-1.999,1.463,0.327
2658.942,-1.922,1.483,0.370
2659.053,-1.842,1.498,0.429
2659.164,-1.767,1.501,0.487
2659.275,-1.690,1.505,0.536
2659.386,-1.616,1.509,0.580
2659.497,-1.550,1.515,0.614
2659.608,-1.488,1.519,0.632
2659.719,-1.434,1.513,0.626
2659.831,-1.386,1.502,0.597
2659.942,-1.357,1.477,0.535
2660.053,-1.336,1.453,0.456
2660.164,-1.324,1.443,0.398
2660.275,-1.306,1.442,0.359
2660.386,-1.281,1.445,0.337
2660.497,-1.246,1.453,0.330
2660.608,-1.199,1.460,0.335
2660.720,-1.148,1.465,0.346
2660.831,-1.097,1.477,0.361
2660.942,-1.052,1.486,0.373
2661.053,-1.013,1.489,0.389
2661.164,-0.984,1.492,0.406
2661.275,-0.960,1.492,0.421
2661.386,-0.948,1.493,0.435
2661.497,-0.951,1.494,0.449
2661.609,-0.968,1.497,0.462
2661.719,-0.999,1.500,0.478
2661.831,-1.041,1.505,0.494
2661.942,-1.082,1.509,0.500
2662.053,-1.105,1.513,0.492
2662.164,-1.111,1.515,0.483
2662.275,-1.105,1.511,0.487
2662.386,-1.096,1.514,0.514
2662.498,-1.090,1.526,0.552
2662.609,-1.080,1.535,0.598
2662.719,-1.061,1.539,0.656
2662.831,-1.037,1.541,0.723
2662.942,-1.014,1.540,0.793
2663.053,-0.999,1.538,0.857
2663.164,-0.990,1.540,0.908
2663.275,-0.978,1.542,0.952
2663.386,-0.958,1.540,0.994
2663.497,-0.936,1.540,1.017
2663.609,-0.904,1.538,1.019
2663.719,-0.861,1.536,1.000
2663.831,-0.817,1.535,0.960
2663.942,-0.778,1.542,0.911
2664.053,-0.741,1.546,0.874
2664.164,-0.711,1.544,0.853
2664.275,-0.682,1.547,0.845
2664.386,-0.649,1.545,0.843
2664.497,-0.615,1.538,0.848
2664.608,-0.584,1.532,0.858
2664.719,-0.560,1.530,0.872
2664.831,-0.539,1.532,0.895
2664.941,-0.521,1.532,0.916
2665.053,-0.507,1.530,0.930
2665.164,-0.490,1.532,0.930
2665.275,-0.466,1.531,0.919
2665.386,-0.436,1.527,0.897
2665.498,-0.407,1.524,0.862
2665.608,-0.374,1.523,0.821
2665.733,-0.335,1.522,0.780
2665.838,-0.300,1.519,0.757
2665.949,-0.274,1.516,0.743
2666.061,-0.250,1.515,0.735
2666.172,-0.221,1.510,0.741
2666.274,-0.188,1.508,0.753
2666.385,-0.157,1.504,0.771
2666.497,-0.131,1.500,0.800
2666.607,-0.098,1.499,0.840
2666.719,-0.063,1.495,0.880
2666.830,-0.033,1.489,0.910
2666.941,-0.005,1.485,0.926
2667.052,0.023,1.485,0.928
2667.163,0.055,1.485,0.917
2667.274,0.081,1.487,0.896
2667.386,0.097,1.503,0.871
2667.497,0.100,1.526,0.843
2667.608,0.095,1.544,0.819
2667.719,0.087,1.551,0.800
2667.831,0.078,1.558,0.787
2667.942,0.076,1.572,0.780
2668.052,0.071,1.577,0.783
2668.164,0.051,1.580,0.796
2668.275,0.018,1.587,0.816
2668.386,-0.019,1.596,0.838
2668.497,-0.054,1.599,0.860
2668.608,-0.087,1.596,0.878
2668.719,-0.115,1.596,0.896
2668.830,-0.138,1.595,0.912
2668.941,-0.157,1.594,0.923
2669.052,-0.174,1.592,0.930
2669.164,-0.196,1.593,0.923
2669.275,-0.217,1.595,0.903
2669.386,-0.237,1.596,0.874
2669.497,-0.251,1.598,0.841
2669.608,-0.260,1.594,0.808
2669.719,-0.269,1.587,0.778
2669.830,-0.279,1.582,0.749
2669.941,-0.293,1.578,0.724
2670.052,-0.307,1.574,0.703
2670.164,-0.309,1.567,0.685
2670.275,-0.308,1.559,0.667
2670.386,-0.306,1.554,0.655
2670.497,-0.303,1.547,0.651
2670.608,-0.301,1.542,0.653
2670.719,-0.302,1.540,0.659
2670.830,-0.304,1.539,0.664
2670.941,-0.306,1.543,0.669
2671.052,-0.307,1.549,0.677
2671.164,-0.306,1.548,0.688
2671.274,-0.303,1.548,0.699
2671.386,-0.299,1.550,0.711
2671.497,-0.290,1.554,0.724
2671.608,-0.279,1.559,0.741
2671.719,-0.269,1.564,0.763
2671.830,-0.256,1.569,0.789
2671.941,-0.244,1.575,0.819
2672.053,-0.231,1.585,0.848
2672.163,-0.217,1.590,0.874
2672.274,-0.202,1.593,0.896
2672.385,-0.189,1.597,0.915
2672.497,-0.176,1.598,0.928
2672.608,-0.159,1.599,0.932
2672.719,-0.136,1.602,0.928
2672.830,-0.110,1.599,0.919
2672.941,-0.080,1.602,0.900
2673.052,-0.043,1.605,0.868
2673.164,-0.008,1.603,0.835
2673.275,0.017,1.601,0.809
2673.385,0.035,1.597,0.787
2673.497,0.045,1.589,0.770
2673.608,0.051,1.590,0.761
2673.719,0.056,1.589,0.758
2673.830,0.058,1.585,0.760
2673.941,0.055,1.583,0.764
2674.052,0.049,1.579,0.768
2674.163,0.044,1.577,0.771
2674.275,0.042,1.576,0.775
2674.385,0.048,1.582,0.777
2674.497,0.056,1.582,0.775
2674.608,0.057,1.586,0.773
2674.719,0.044,1.591,0.772
2674.830,0.012,1.593,0.777
2674.941,-0.035,1.596,0.789
2675.052,-0.087,1.598,0.804
2675.163,-0.135,1.599,0.818
2675.274,-0.175,1.599,0.829
2675.385,-0.209,1.599,0.841
2675.497,-0.238,1.596,0.857
2675.608,-0.264,1.595,0.872
2675.719,-0.285,1.594,0.884
2675.833,-0.302,1.590,0.892
2675.941,-0.317,1.592,0.891
2676.052,-0.324,1.594,0.885
2676.163,-0.321,1.595,0.877
2676.274,-0.309,1.594,0.862
2676.385,-0.286,1.593,0.840
2676.496,-0.253,1.594,0.811
2676.608,-0.213,1.600,0.783
2676.718,-0.174,1.598,0.756
2676.830,-0.140,1.595,0.731
2676.941,-0.116,1.593,0.707
2677.052,-0.100,1.595,0.686
2677.163,-0.089,1.595,0.668
2677.274,-0.083,1.594,0.653
2677.385,-0.080,1.594,0.642
2677.496,-0.079,1.594,0.635
2677.607,-0.078,1.595,0.632
2677.718,-0.076,1.595,0.633
2677.830,-0.075,1.594,0.636
2677.941,-0.075,1.594,0.642
2678.052,-0.074,1.595,0.649
2678.163,-0.069,1.596,0.658
2678.274,-0.062,1.597,0.666
2678.385,-0.060,1.595,0.679
2678.497,-0.069,1.592,0.696
2678.607,-0.092,1.590,0.720
2678.718,-0.127,1.593,0.750
2678.830,-0.165,1.596,0.782
2678.941,-0.199,1.595,0.813
2679.052,-0.223,1.586,0.840
2679.163,-0.237,1.572,0.862
2679.274,-0.240,1.555,0.881
2679.385,-0.239,1.532,0.893
2679.496,-0.237,1.506,0.902
2679.607,-0.235,1.486,0.909
2679.718,-0.227,1.473,0.913
2679.829,-0.221,1.461,0.905
2679.940,-0.212,1.458,0.887
2680.051,-0.203,1.460,0.857
2680.163,-0.195,1.465,0.815
2680.273,-0.181,1.481,0.763
2680.385,-0.168,1.490,0.712
2680.496,-0.158,1.489,0.674
2680.607,-0.151,1.490,0.649
2680.718,-0.151,1.491,0.634
2680.829,-0.155,1.493,0.633
2680.940,-0.160,1.495,0.637
2681.051,-0.162,1.495,0.640
2681.162,-0.161,1.495,0.641
2681.273,-0.160,1.496,0.642
2681.385,-0.159,1.497,0.645
2681.496,-0.158,1.497,0.647
2681.607,-0.159,1.499,0.651
2681.718,-0.158,1.500,0.654
2681.829,-0.157,1.499,0.658
2681.940,-0.158,1.498,0.662
2682.052,-0.162,1.499,0.667
2682.162,-0.168,1.501,0.675
2682.274,-0.176,1.503,0.688
2682.385,-0.185,1.505,0.710
2682.496,-0.198,1.508,0.738
2682.607,-0.215,1.514,0.770
2682.718,-0.234,1.522,0.804
2682.829,-0.251,1.526,0.838
2682.940,-0.268,1.527,0.870
2683.051,-0.281,1.526,0.901
2683.163,-0.293,1.526,0.925
2683.273,-0.304,1.527,0.944
2683.385,-0.314,1.530,0.956
2683.496,-0.317,1.536,0.963
2683.607,-0.311,1.541,0.967
2683.718,-0.293,1.542,0.967
2683.829,-0.265,1.542,0.961
2683.940,-0.229,1.544,0.944
2684.051,-0.186,1.552,0.916
2684.162,-0.140,1.560,0.887
2684.274,-0.095,1.564,0.862
2684.385,-0.056,1.568,0.844
2684.496,-0.026,1.570,0.830
2684.607,-0.004,1.572,0.817
2684.718,0.010,1.574,0.805
2684.829,0.017,1.573,0.797
2684.940,0.020,1.575,0.793
2685.051,0.021,1.577,0.795
2685.162,0.019,1.578,0.801
2685.274,0.014,1.579,0.814
2685.385,0.007,1.579,0.835
2685.496,-0.006,1.581,0.865
2685.607,-0.025,1.581,0.898
2685.718,-0.047,1.583,0.929
2685.829,-0.069,1.584,0.958
2685.940,-0.088,1.585,0.985
2686.051,-0.103,1.584,1.009
2686.163,-0.114,1.582,1.028
2686.274,-0.124,1.579,1.042
2686.385,-0.135,1.577,1.049
2686.496,-0.146,1.577,1.050
2686.607,-0.156,1.580,1.047
2686.718,-0.163,1.583,1.044
2686.829,-0.167,1.586,1.043
2686.940,-0.169,1.588,1.042
2687.051,-0.170,1.592,1.042
2687.163,-0.170,1.598,1.042
2687.274,-0.168,1.603,1.044
2687.385,-0.159,1.605,1.041
2687.496,-0.141,1.605,1.028
2687.607,-0.112,1.606,1.001
2687.717,-0.074,1.609,0.963
2687.828,-0.034,1.610,0.923
2687.940,0.004,1.610,0.888
2688.051,0.040,1.609,0.857
2688.162,0.071,1.607,0.829
2688.273,0.092,1.604,0.806
2688.384,0.104,1.601,0.787
2688.496,0.112,1.601,0.771
2688.606,0.120,1.601,0.762
2688.718,0.130,1.599,0.765
2688.829,0.142,1.595,0.776
2688.940,0.155,1.590,0.801
2689.051,0.166,1.579,0.840
2689.162,0.174,1.562,0.892
2689.273,0.179,1.547,0.947
2689.385,0.182,1.532,0.995
2689.496,0.186,1.522,1.037
2689.607,0.189,1.515,1.072
2689.718,0.190,1.509,1.098
2689.829,0.191,1.504,1.116
2689.940,0.198,1.501,1.127
2690.051,0.210,1.498,1.136
2690.162,0.226,1.495,1.141
2690.273,0.247,1.494,1.142
2690.384,0.271,1.495,1.144
2690.495,0.296,1.493,1.149
2690.606,0.318,1.489,1.155
2690.717,0.335,1.486,1.156
2690.828,0.347,1.486,1.151
2690.939,0.353,1.487,1.143
2691.050,0.351,1.488,1.132
2691.162,0.339,1.490,1.118
2691.273,0.318,1.497,1.099
2691.384,0.285,1.501,1.074
2691.496,0.244,1.497,1.053
2691.606,0.202,1.487,1.039
2691.717,0.166,1.488,1.025
2691.828,0.131,1.491,1.006
2691.939,0.093,1.492,0.985
2692.050,0.059,1.496,0.962
2692.161,0.025,1.499,0.933
2692.272,-0.008,1.501,0.893
2692.383,-0.040,1.502,0.849
2692.495,-0.067,1.498,0.809
2692.606,-0.081,1.496,0.773
2692.716,-0.079,1.497,0.740
2692.828,-0.064,1.492,0.712
2692.939,-0.037,1.486,0.691
2693.050,0.000,1.484,0.679
2693.161,0.037,1.488,0.668
2693.272,0.070,1.490,0.657
2693.383,0.097,1.490,0.644
2693.495,0.117,1.492,0.631
2693.606,0.129,1.494,0.616
2693.717,0.130,1.494,0.602
2693.828,0.129,1.499,0.589
2693.939,0.129,1.499,0.578
2694.050,0.128,1.500,0.569
2694.161,0.127,1.499,0.564
2694.272,0.126,1.498,0.563
2694.383,0.125,1.498,0.565
2694.495,0.125,1.497,0.568
2694.605,0.126,1.496,0.572
2694.717,0.130,1.496,0.577
2694.828,0.135,1.494,0.584
2694.939,0.140,1.492,0.593
2695.050,0.144,1.491,0.603
2695.162,0.148,1.490,0.613
2695.272,0.153,1.489,0.620
2695.383,0.159,1.489,0.626
2695.495,0.166,1.488,0.630
2695.605,0.172,1.488,0.635
2695.716,0.177,1.488,0.640
2695.828,0.181,1.488,0.645
2695.939,0.184,1.489,0.649
2696.050,0.187,1.490,0.652
2696.162,0.189,1.490,0.654
2696.272,0.189,1.490,0.655
2696.383,0.188,1.491,0.656
2696.494,0.188,1.492,0.656
2696.605,0.188,1.492,0.656
2696.716,0.188,1.492,0.654
2696.828,0.188,1.491,0.653
2696.939,0.188,1.491,0.652
2697.050,0.187,1.490,0.650
2697.161,0.185,1.489,0.649
2697.272,0.183,1.489,0.649
2697.383,0.181,1.489,0.649
2697.494,0.177,1.488,0.647
2697.605,0.173,1.489,0.644
2697.716,0.172,1.489,0.640
2697.828,0.174,1.489,0.638
2697.939,0.176,1.489,0.640
2698.050,0.178,1.490,0.643
2698.161,0.180,1.491,0.646
2698.272,0.182,1.491,0.647
2698.383,0.182,1.490,0.646
2698.494,0.180,1.490,0.644
2698.605,0.178,1.489,0.642
2698.717,0.176,1.489,0.641
2698.828,0.175,1.489,0.641
2698.938,0.174,1.488,0.641
2699.050,0.174,1.489,0.642
2699.161,0.174,1.489,0.643
2699.272,0.176,1.489,0.643
2699.383,0.177,1.490,0.644
2699.494,0.180,1.490,0.645
2699.605,0.182,1.489,0.646
2699.716,0.184,1.489,0.647
2699.827,0.186,1.490,0.649
2699.938,0.187,1.490,0.651
2700.049,0.188,1.491,0.652
2700.160,0.189,1.491,0.653
2700.272,0.190,1.492,0.654
2700.383,0.191,1.492,0.656
2700.494,0.192,1.492,0.657
2700.605,0.193,1.493,0.658
2700.716,0.195,1.495,0.660
2700.827,0.197,1.495,0.663
2700.938,0.198,1.497,0.667
2701.049,0.198,1.497,0.671
2701.161,0.198,1.497,0.677
2701.272,0.198,1.498,0.684
2701.382,0.200,1.499,0.690
2701.494,0.204,1.501,0.695
2701.605,0.211,1.502,0.699
2701.716,0.214,1.503,0.701
2701.827,0.214,1.504,0.699
2701.938,0.214,1.502,0.693
2702.049,0.210,1.501,0.685
2702.161,0.203,1.499,0.679
2702.272,0.196,1.499,0.674
2702.382,0.189,1.504,0.665
2702.494,0.183,1.506,0.654
2702.605,0.178,1.506,0.642
2702.716,0.176,1.505,0.632
2702.827,0.176,1.504,0.624
2702.938,0.177,1.504,0.617
2703.049,0.178,1.504,0.610
2703.160,0.179,1.504,0.605
2703.271,0.180,1.504,0.601
2703.382,0.181,1.504,0.598
2703.493,0.181,1.503,0.595
2703.604,0.180,1.504,0.592
2703.715,0.180,1.505,0.589
2703.827,0.179,1.506,0.585
2703.938,0.178,1.507,0.579
2704.049,0.177,1.507,0.572
2704.160,0.176,1.508,0.567
2704.271,0.177,1.509,0.563
2704.382,0.178,1.509,0.561
2704.494,0.179,1.508,0.562
2704.605,0.179,1.507,0.566
2704.716,0.176,1.504,0.575
2704.827,0.170,1.500,0.586
2704.938,0.161,1.495,0.597
2705.049,0.151,1.490,0.606
2705.160,0.138,1.488,0.610
2705.271,0.117,1.488,0.609
2705.382,0.088,1.486,0.605
2705.493,0.054,1.486,0.596
2705.604,0.015,1.485,0.579
2705.715,-0.026,1.482,0.563
2705.827,-0.062,1.478,0.549
2705.938,-0.093,1.477,0.540
2706.049,-0.116,1.480,0.534
2706.160,-0.132,1.482,0.529
2706.271,-0.142,1.484,0.526
2706.382,-0.150,1.485,0.525
2706.494,-0.156,1.486,0.524
2706.605,-0.158,1.487,0.525
2706.716,-0.158,1.487,0.526
2706.827,-0.158,1.490,0.524
2706.939,-0.159,1.491,0.520
2707.049,-0.160,1.491,0.517
2707.160,-0.161,1.491,0.521
2707.271,-0.158,1.494,0.534
2707.382,-0.149,1.498,0.555
2707.494,-0.134,1.502,0.582
2707.605,-0.112,1.507,0.611
2707.716,-0.090,1.509,0.640
2707.827,-0.068,1.508,0.665
2707.938,-0.048,1.507,0.685
2708.049,-0.032,1.503,0.702
2708.160,-0.022,1.503,0.715
2708.271,-0.017,1.503,0.725
2708.382,-0.019,1.505,0.729
2708.493,-0.028,1.507,0.728
2708.604,-0.042,1.510,0.720
2708.715,-0.059,1.512,0.709
2708.827,-0.073,1.514,0.696
2708.938,-0.085,1.515,0.683
2709.048,-0.098,1.515,0.672
2709.160,-0.109,1.514,0.662
2709.271,-0.120,1.513,0.655
2709.382,-0.129,1.512,0.649
2709.493,-0.136,1.512,0.644
2709.604,-0.141,1.511,0.640
2709.715,-0.144,1.511,0.637
2709.827,-0.146,1.511,0.635
2709.938,-0.147,1.511,0.634
2710.049,-0.147,1.511,0.632
2710.160,-0.145,1.511,0.629
2710.271,-0.143,1.510,0.625
2710.382,-0.141,1.510,0.623
2710.493,-0.139,1.510,0.621
2710.604,-0.137,1.511,0.619
2710.715,-0.136,1.511,0.617
2710.826,-0.135,1.511,0.616
2710.938,-0.134,1.511,0.614
2711.048,-0.134,1.512,0.612
2711.160,-0.134,1.512,0.610
2711.271,-0.135,1.512,0.608
2711.382,-0.134,1.512,0.606
2711.493,-0.134,1.513,0.603
2711.605,-0.132,1.514,0.601
2711.715,-0.131,1.514,0.599
2711.826,-0.129,1.514,0.598
2711.938,-0.126,1.513,0.599
2712.049,-0.122,1.512,0.601
2712.160,-0.116,1.510,0.608
2712.271,-0.109,1.509,0.618
2712.382,-0.100,1.507,0.629
2712.493,-0.091,1.505,0.642
2712.604,-0.080,1.503,0.657
2712.715,-0.078,1.500,0.668
2712.826,-0.093,1.497,0.671
2712.937,-0.126,1.495,0.661
2713.048,-0.172,1.490,0.640
2713.159,-0.228,1.488,0.613
2713.271,-0.281,1.488,0.588
2713.381,-0.323,1.485,0.570
2713.492,-0.355,1.485,0.560
2713.604,-0.380,1.486,0.557
2713.714,-0.397,1.488,0.557
2713.826,-0.408,1.489,0.556
2713.937,-0.415,1.489,0.557
2714.048,-0.415,1.489,0.564
2714.159,-0.408,1.491,0.577
2714.271,-0.391,1.494,0.600
2714.381,-0.369,1.502,0.623
2714.493,-0.348,1.506,0.643
2714.604,-0.333,1.506,0.658
2714.715,-0.321,1.507,0.667
2714.825,-0.315,1.509,0.668
2714.937,-0.315,1.509,0.664
2715.048,-0.320,1.512,0.656
2715.159,-0.326,1.514,0.645
2715.270,-0.332,1.515,0.635
2715.381,-0.336,1.514,0.625
2715.493,-0.340,1.514,0.617
2715.604,-0.342,1.514,0.610
2715.714,-0.345,1.514,0.606
2715.826,-0.348,1.513,0.605
2715.937,-0.349,1.513,0.606
2716.048,-0.347,1.512,0.612
2716.159,-0.345,1.511,0.622
2716.271,-0.343,1.509,0.632
2716.381,-0.344,1.508,0.639
2716.492,-0.352,1.509,0.642
2716.604,-0.375,1.509,0.642
2716.715,-0.413,1.506,0.636
2716.826,-0.465,1.503,0.625
2716.937,-0.530,1.499,0.607
2717.048,-0.594,1.497,0.585
2717.159,-0.647,1.496,0.570
2717.270,-0.684,1.495,0.558
2717.381,-0.709,1.494,0.552
2717.493,-0.725,1.494,0.551
2717.604,-0.733,1.496,0.552
2717.715,-0.732,1.498,0.558
2717.826,-0.724,1.500,0.572
2717.937,-0.710,1.502,0.594
2718.048,-0.691,1.509,0.619
2718.159,-0.669,1.514,0.639
2718.270,-0.649,1.510,0.657
2718.381,-0.633,1.508,0.672
2718.492,-0.625,1.511,0.680
2718.603,-0.624,1.510,0.682
2718.714,-0.629,1.510,0.678
2718.825,-0.637,1.511,0.670
2718.936,-0.646,1.512,0.660
2719.047,-0.655,1.513,0.652
2719.159,-0.661,1.513,0.645
2719.270,-0.664,1.513,0.640
2719.380,-0.666,1.513,0.637
2719.492,-0.667,1.513,0.634
2719.603,-0.668,1.513,0.631
2719.714,-0.668,1.513,0.630
2719.825,-0.669,1.514,0.629
2719.937,-0.670,1.516,0.629
2720.049,-0.670,1.517,0.631
2720.158,-0.669,1.517,0.635
2720.270,-0.665,1.517,0.641
2720.381,-0.661,1.515,0.646
2720.493,-0.657,1.509,0.651
2720.603,-0.659,1.502,0.654
2720.714,-0.675,1.501,0.656
2720.825,-0.703,1.501,0.655
2720.937,-0.743,1.500,0.649
2721.047,-0.796,1.496,0.635
2721.159,-0.859,1.494,0.614
2721.270,-0.917,1.490,0.591
2721.381,-0.962,1.487,0.574
2721.492,-0.993,1.487,0.561
2721.603,-1.015,1.487,0.552
2721.714,-1.031,1.487,0.547
2721.825,-1.043,1.488,0.547
2721.937,-1.048,1.488,0.550
2722.047,-1.047,1.491,0.556
2722.159,-1.042,1.495,0.563
2722.270,-1.035,1.498,0.568
2722.381,-1.025,1.500,0.572
2722.492,-1.007,1.499,0.575
2722.603,-0.975,1.499,0.579
2722.714,-0.934,1.499,0.584
2722.825,-0.882,1.498,0.592
2722.937,-0.826,1.501,0.600
2723.047,-0.784,1.504,0.603
2723.159,-0.760,1.507,0.599
2723.270,-0.751,1.507,0.588
2723.381,-0.751,1.507,0.575
2723.492,-0.752,1.507,0.565
2723.603,-0.751,1.506,0.561
2723.714,-0.750,1.507,0.560
2723.825,-0.750,1.506,0.564
2723.937,-0.749,1.507,0.569
2724.047,-0.747,1.507,0.573
2724.158,-0.745,1.507,0.578
2724.270,-0.743,1.506,0.581
2724.381,-0.741,1.506,0.584
2724.492,-0.738,1.506,0.586
2724.603,-0.735,1.506,0.589
2724.714,-0.732,1.506,0.592
2724.825,-0.728,1.506,0.595
2724.937,-0.724,1.506,0.600
2725.047,-0.720,1.507,0.605
2725.158,-0.715,1.508,0.610
2725.270,-0.710,1.508,0.615
2725.381,-0.704,1.509,0.620
2725.492,-0.699,1.509,0.624
2725.603,-0.694,1.510,0.627
2725.728,-0.690,1.510,0.628
2725.829,-0.683,1.510,0.630
2725.940,-0.678,1.511,0.631
2726.051,-0.674,1.511,0.629
2726.162,-0.671,1.511,0.627
2726.269,-0.670,1.511,0.625
2726.380,-0.669,1.513,0.622
2726.492,-0.666,1.513,0.621
2726.603,-0.662,1.512,0.623
2726.713,-0.657,1.512,0.624
2726.825,-0.655,1.510,0.621
2726.936,-0.662,1.506,0.616
2727.047,-0.682,1.503,0.611
2727.158,-0.715,1.502,0.605
2727.269,-0.757,1.500,0.598
2727.380,-0.810,1.498,0.587
2727.492,-0.866,1.494,0.571
2727.603,-0.917,1.488,0.555
2727.713,-0.962,1.479,0.539
2727.825,-0.993,1.474,0.525
2727.936,-1.015,1.471,0.515
2728.047,-1.031,1.468,0.510
2728.159,-1.042,1.468,0.510
2728.270,-1.046,1.468,0.521
2728.380,-1.041,1.473,0.542
2728.491,-1.029,1.479,0.571
2728.603,-1.009,1.488,0.602
2728.714,-0.987,1.494,0.628
2728.825,-0.969,1.493,0.650
2728.936,-0.957,1.493,0.667
2729.047,-0.952,1.497,0.676
2729.158,-0.953,1.498,0.679
2729.269,-0.960,1.499,0.673
2729.380,-0.969,1.501,0.663
2729.492,-0.976,1.501,0.652
2729.603,-0.983,1.502,0.642
2729.713,-0.988,1.504,0.633
2729.825,-0.992,1.505,0.627
2729.936,-0.994,1.505,0.623
2730.047,-0.995,1.505,0.622
2730.158,-0.995,1.505,0.621
2730.269,-0.996,1.506,0.623
2730.380,-0.995,1.506,0.625
2730.491,-0.995,1.507,0.627
2730.602,-0.994,1.507,0.629
2730.713,-0.993,1.508,0.631
2730.824,-0.991,1.508,0.632
2730.936,-0.988,1.508,0.633
2731.047,-0.985,1.508,0.634
2731.158,-0.981,1.509,0.634
2731.269,-0.978,1.508,0.634
2731.380,-0.976,1.508,0.634
2731.492,-0.974,1.507,0.634
2731.603,-0.972,1.507,0.635
2731.713,-0.971,1.507,0.633
2731.825,-0.971,1.506,0.629
2731.936,-0.973,1.507,0.624
2732.046,-0.975,1.507,0.618
2732.158,-0.976,1.506,0.614
2732.269,-0.974,1.505,0.614
2732.380,-0.970,1.504,0.619
2732.491,-0.965,1.503,0.629
2732.602,-0.951,1.499,0.640
2732.713,-0.932,1.495,0.651
2732.825,-0.915,1.492,0.660
2732.936,-0.915,1.491,0.665
2733.046,-0.939,1.492,0.669
2733.158,-0.971,1.492,0.671
2733.269,-1.010,1.492,0.669
2733.380,-1.057,1.489,0.658
2733.491,-1.111,1.488,0.641
2733.602,-1.163,1.485,0.621
2733.713,-1.206,1.479,0.601
2733.824,-1.237,1.477,0.585
2733.936,-1.260,1.476,0.573
2734.047,-1.279,1.474,0.564
2734.158,-1.293,1.474,0.557
2734.269,-1.302,1.473,0.553
2734.380,-1.307,1.472,0.551
2734.491,-1.310,1.473,0.552
2734.603,-1.311,1.475,0.552
2734.713,-1.311,1.475,0.553
2734.824,-1.308,1.477,0.557
2734.936,-1.299,1.481,0.562
2735.046,-1.284,1.485,0.571
2735.158,-1.266,1.490,0.584
2735.269,-1.245,1.497,0.598
2735.379,-1.224,1.501,0.613
2735.491,-1.203,1.504,0.627
2735.602,-1.184,1.508,0.638
2735.713,-1.168,1.508,0.644
2735.824,-1.155,1.506,0.642
2735.935,-1.149,1.506,0.634
2736.046,-1.148,1.502,0.621
2736.158,-1.151,1.502,0.604
2736.269,-1.154,1.503,0.587
2736.380,-1.157,1.503,0.571
2736.491,-1.159,1.504,0.556
2736.602,-1.162,1.501,0.546
2736.713,-1.169,1.498,0.546
2736.824,-1.176,1.495,0.554
2736.935,-1.178,1.492,0.567
2737.046,-1.171,1.487,0.583
2737.158,-1.161,1.483,0.598
2737.269,-1.152,1.479,0.613
2737.380,-1.147,1.475,0.626
2737.491,-1.151,1.474,0.636
2737.602,-1.163,1.474,0.642
2737.713,-1.180,1.473,0.645
2737.825,-1.202,1.469,0.641
2737.935,-1.229,1.466,0.631
2738.046,-1.255,1.462,0.619
2738.158,-1.278,1.459,0.610
2738.269,-1.297,1.458,0.603
2738.379,-1.311,1.456,0.598
2738.491,-1.320,1.455,0.594
2738.602,-1.322,1.453,0.590
2738.713,-1.311,1.451,0.591
2738.825,-1.289,1.455,0.600
2738.935,-1.259,1.462,0.621
2739.046,-1.223,1.471,0.653
2739.158,-1.182,1.478,0.698
2739.269,-1.139,1.487,0.756
2739.380,-1.098,1.494,0.819
2739.491,-1.064,1.500,0.881
2739.602,-1.037,1.505,0.932
2739.713,-1.014,1.512,0.971
2739.824,-0.992,1.514,1.000
2739.935,-0.969,1.513,1.016
2740.045,-0.942,1.510,1.015
2740.156,-0.912,1.506,0.999
2740.267,-0.881,1.499,0.972
2740.378,-0.842,1.491,0.938
2740.489,-0.802,1.486,0.909
2740.600,-0.766,1.479,0.888
2740.712,-0.738,1.473,0.880
2740.823,-0.708,1.473,0.882
2740.933,-0.678,1.469,0.897
2741.044,-0.647,1.464,0.925
2741.156,-0.622,1.463,0.967
2741.267,-0.599,1.468,1.011
2741.378,-0.578,1.469,1.044
2741.490,-0.562,1.468,1.065
2741.600,-0.547,1.469,1.076
2741.711,-0.531,1.468,1.079
2741.823,-0.513,1.468,1.073
2741.934,-0.494,1.467,1.057
2742.045,-0.476,1.468,1.031
2742.156,-0.455,1.471,0.996
2742.267,-0.433,1.474,0.954
2742.378,-0.410,1.475,0.915
2742.490,-0.390,1.474,0.879
2742.601,-0.376,1.473,0.850
2742.712,-0.367,1.471,0.829
2742.823,-0.361,1.473,0.815
2742.934,-0.348,1.474,0.810
2743.046,-0.328,1.473,0.820
2743.157,-0.306,1.472,0.846
2743.268,-0.288,1.473,0.890
2743.379,-0.278,1.482,0.944
2743.491,-0.273,1.487,0.997
2743.602,-0.270,1.489,1.040
2743.713,-0.268,1.490,1.075
2743.823,-0.267,1.492,1.098
2743.935,-0.263,1.494,1.115
2744.046,-0.252,1.494,1.129
2744.157,-0.237,1.493,1.138
2744.268,-0.217,1.493,1.139
2744.379,-0.187,1.493,1.136
2744.491,-0.147,1.496,1.134
2744.602,-0.102,1.497,1.136
2744.712,-0.059,1.496,1.140
2744.824,-0.023,1.495,1.142
2744.935,0.003,1.491,1.142
2745.046,0.018,1.488,1.141
2745.157,0.026,1.486,1.141
2745.268,0.030,1.484,1.142
2745.379,0.032,1.483,1.142
2745.490,0.030,1.483,1.142
2745.602,0.023,1.484,1.138
2745.713,0.010,1.486,1.133
2745.823,-0.006,1.490,1.126
2745.935,-0.025,1.493,1.119
2746.046,-0.051,1.496,1.118
2746.157,-0.087,1.501,1.125
2746.269,-0.127,1.507,1.132
2746.379,-0.161,1.511,1.138
2746.491,-0.186,1.512,1.141
2746.602,-0.201,1.515,1.139
2746.713,-0.204,1.521,1.127
2746.825,-0.199,1.531,1.106
2746.935,-0.190,1.545,1.082
2747.046,-0.172,1.562,1.056
2747.157,-0.143,1.588,1.029
2747.269,-0.110,1.598,1.007
2747.380,-0.079,1.601,0.998
2747.491,-0.052,1.600,0.994
2747.602,-0.036,1.599,0.987
2747.713,-0.034,1.598,0.975
2747.824,-0.044,1.599,0.959
2747.935,-0.059,1.603,0.946
2748.046,-0.070,1.603,0.941
2748.157,-0.077,1.602,0.941
2748.268,-0.080,1.600,0.943
2748.379,-0.082,1.597,0.947
2748.490,-0.083,1.595,0.951
2748.601,-0.086,1.593,0.953
2748.712,-0.088,1.593,0.957
2748.823,-0.089,1.591,0.961
2748.934,-0.086,1.587,0.969
2749.045,-0.081,1.582,0.977
2749.156,-0.071,1.578,0.986
2749.267,-0.060,1.574,0.996
2749.378,-0.047,1.570,1.009
2749.489,-0.034,1.564,1.024
2749.601,-0.023,1.556,1.041
2749.711,-0.016,1.551,1.061
2749.823,-0.018,1.549,1.089
2749.934,-0.033,1.542,1.124
2750.045,-0.063,1.538,1.158
2750.156,-0.101,1.538,1.196
2750.267,-0.140,1.534,1.238
2750.378,-0.169,1.528,1.281
2750.489,-0.184,1.520,1.320
2750.601,-0.187,1.518,1.362
2750.712,-0.183,1.514,1.411
2750.823,-0.168,1.510,1.464
2750.934,-0.138,1.510,1.514
2751.045,-0.101,1.509,1.562
2751.156,-0.070,1.518,1.615
2751.267,-0.048,1.516,1.667
2751.378,-0.035,1.511,1.711
2751.490,-0.030,1.514,1.758
2751.601,-0.029,1.509,1.808
2751.711,-0.042,1.502,1.858
2751.823,-0.068,1.499,1.900
2751.934,-0.095,1.514,1.935
2752.045,-0.118,1.526,1.970
2752.156,-0.132,1.523,2.007
2752.268,-0.135,1.524,2.039
2752.379,-0.125,1.523,2.072
2752.490,-0.107,1.519,2.111
2752.601,-0.079,1.516,2.151
2752.712,-0.036,1.517,2.187
2752.823,0.013,1.516,2.227
2752.935,0.058,1.513,2.266
2753.046,0.093,1.509,2.306
2753.157,0.113,1.509,2.349
2753.268,0.124,1.509,2.396
2753.379,0.122,1.503,2.442
2753.490,0.107,1.506,2.485
2753.601,0.097,1.512,2.524
2753.712,0.099,1.511,2.557
2753.824,0.114,1.511,2.587
2753.935,0.139,1.504,2.616
2754.045,0.178,1.495,2.646
2754.157,0.233,1.487,2.675
2754.268,0.296,1.480,2.705
2754.379,0.356,1.470,2.737
2754.490,0.405,1.454,2.765
2754.601,0.445,1.435,2.785
2754.712,0.476,1.425,2.796
2754.823,0.495,1.419,2.802
2754.934,0.503,1.415,2.806
2755.045,0.503,1.415,2.809
2755.157,0.497,1.415,2.815
2755.267,0.484,1.418,2.826
2755.378,0.467,1.421,2.840
2755.490,0.441,1.425,2.855
2755.601,0.400,1.431,2.877
2755.712,0.338,1.443,2.903
2755.823,0.253,1.460,2.933
2755.934,0.151,1.470,2.952
2756.044,0.058,1.477,2.957
2756.156,-0.011,1.482,2.956
2756.266,-0.056,1.484,2.959
2756.377,-0.084,1.486,2.969
2756.489,-0.105,1.486,2.986
2756.599,-0.124,1.485,3.011
2756.711,-0.138,1.481,3.039
2756.822,-0.142,1.483,3.070
2756.933,-0.147,1.497,3.102
2757.045,-0.154,1.505,3.121
2757.156,-0.155,1.510,3.132
2757.267,-0.154,1.510,3.145
2757.378,-0.162,1.511,3.164
2757.490,-0.183,1.509,3.185
2757.600,-0.213,1.499,3.208
2757.711,-0.247,1.489,3.226
2757.822,-0.281,1.483,3.231
2757.933,-0.313,1.483,3.231
2758.044,-0.341,1.481,3.238
2758.156,-0.360,1.477,3.251
2758.266,-0.375,1.473,3.270
2758.377,-0.390,1.466,3.298
2758.489,-0.399,1.455,3.336
2758.599,-0.402,1.447,3.382
2758.711,-0.406,1.433,3.434
2758.822,-0.418,1.400,3.484
2758.933,-0.438,1.363,3.539
2759.044,-0.457,1.315,3.590
2759.156,-0.477,1.239,3.642
2759.266,-0.496,1.154,3.685
2759.378,-0.515,1.071,3.715
2759.490,-0.534,0.998,3.734
2759.600,-0.549,0.927,3.748
2759.711,-0.561,0.875,3.756
2759.823,-0.569,0.852,3.762
2759.934,-0.574,0.845,3.763
2760.045,-0.577,0.843,3.764
2760.156,-0.579,0.846,3.765
2760.267,-0.583,0.878,3.769
2760.378,-0.581,0.938,3.770
2760.489,-0.580,1.022,3.768
2760.600,-0.581,1.124,3.759
2760.711,-0.586,1.228,3.735
2760.822,-0.595,1.321,3.701
2760.933,-0.605,1.399,3.661
2761.044,-0.618,1.447,3.617
2761.155,-0.626,1.466,3.576
2761.266,-0.626,1.476,3.544
2761.378,-0.620,1.478,3.522
2761.489,-0.610,1.477,3.515
2761.599,-0.600,1.477,3.527
2761.711,-0.584,1.469,3.549
2761.822,-0.553,1.460,3.577
2761.933,-0.508,1.459,3.608
2762.044,-0.460,1.460,3.641
2762.156,-0.425,1.462,3.674
2762.266,-0.405,1.461,3.704
2762.377,-0.395,1.463,3.732
2762.489,-0.390,1.461,3.761
2762.600,-0.394,1.457,3.793
2762.710,-0.411,1.459,3.828
2762.822,-0.444,1.458,3.862
2762.933,-0.488,1.456,3.903
2763.044,-0.531,1.449,3.943
2763.155,-0.556,1.436,3.978
2763.266,-0.563,1.428,4.011
2763.377,-0.567,1.418,4.046
2763.489,-0.562,1.407,4.082
2763.599,-0.548,1.396,4.120
2763.710,-0.532,1.386,4.167
2763.822,-0.523,1.361,4.213
2763.933,-0.522,1.320,4.257
2764.044,-0.525,1.278,4.302
2764.156,-0.524,1.234,4.340
2764.266,-0.528,1.188,4.373
2764.377,-0.531,1.140,4.395
2764.489,-0.531,1.092,4.412
2764.600,-0.535,1.041,4.424
2764.711,-0.541,0.991,4.430
2764.823,-0.545,0.948,4.435
2764.933,-0.547,0.920,4.438
2765.044,-0.551,0.909,4.438
2765.156,-0.552,0.906,4.439
2765.266,-0.553,0.917,4.439
2765.378,-0.557,0.944,4.439
2765.489,-0.558,0.969,4.439
2765.600,-0.558,1.029,4.445
2765.710,-0.554,1.114,4.445
2765.822,-0.554,1.206,4.436
2765.933,-0.557,1.292,4.417
2766.043,-0.562,1.362,4.387
2766.155,-0.573,1.415,4.352
2766.266,-0.589,1.451,4.317
2766.377,-0.600,1.473,4.285
2766.488,-0.609,1.487,4.255
2766.598,-0.618,1.494,4.230
2766.710,-0.623,1.496,4.216
2766.821,-0.622,1.496,4.215
2766.932,-0.614,1.495,4.219
2767.043,-0.601,1.493,4.225
2767.155,-0.582,1.491,4.235
2767.265,-0.550,1.491,4.244
2767.377,-0.507,1.489,4.251
2767.488,-0.457,1.490,4.259
2767.599,-0.405,1.490,4.267
2767.710,-0.352,1.486,4.273
2767.822,-0.303,1.482,4.276
2767.933,-0.263,1.477,4.273
2768.044,-0.230,1.472,4.270
2768.156,-0.202,1.465,4.268
2768.266,-0.174,1.450,4.269
2768.377,-0.150,1.427,4.267
2768.489,-0.119,1.395,4.268
2768.600,-0.082,1.346,4.268
2768.711,-0.053,1.280,4.261
2768.823,-0.042,1.218,4.247
2768.933,-0.039,1.183,4.229
2769.044,-0.043,1.172,4.220
2769.156,-0.047,1.174,4.217
2769.266,-0.062,1.193,4.218
2769.377,-0.081,1.234,4.221
2769.489,-0.110,1.291,4.238
2769.600,-0.148,1.357,4.262
2769.711,-0.202,1.428,4.294
2769.822,-0.274,1.479,4.324
2769.933,-0.347,1.505,4.347
2770.044,-0.406,1.513,4.360
2770.155,-0.446,1.513,4.369
2770.266,-0.464,1.515,4.378
2770.377,-0.462,1.520,4.388
2770.488,-0.444,1.522,4.405
2770.599,-0.409,1.518,4.430
2770.710,-0.357,1.511,4.456
2770.821,-0.297,1.509,4.484
2770.932,-0.239,1.510,4.512
2771.043,-0.190,1.503,4.539
2771.155,-0.159,1.495,4.562
2771.265,-0.147,1.494,4.589
2771.376,-0.147,1.490,4.626
2771.488,-0.158,1.482,4.668
2771.599,-0.184,1.482,4.712
2771.710,-0.223,1.482,4.753
2771.822,-0.265,1.478,4.781
2771.932,-0.296,1.473,4.799
2772.043,-0.307,1.472,4.815
2772.154,-0.307,1.472,4.838
2772.265,-0.303,1.471,4.859
2772.376,-0.287,1.474,4.877
2772.487,-0.259,1.485,4.894
2772.598,-0.233,1.499,4.909
2772.709,-0.211,1.507,4.916
2772.821,-0.193,1.515,4.912
2772.931,-0.173,1.525,4.905
2773.043,-0.152,1.536,4.901
2773.154,-0.135,1.547,4.898
2773.265,-0.122,1.555,4.900
2773.376,-0.108,1.563,4.907
2773.487,-0.089,1.572,4.922
2773.598,-0.064,1.578,4.938
2773.709,-0.042,1.579,4.947
2773.821,-0.026,1.578,4.947
2773.932,-0.013,1.576,4.942
2774.043,-0.003,1.573,4.937
2774.155,0.007,1.573,4.931
2774.265,0.015,1.569,4.928
2774.377,0.021,1.565,4.928
2774.488,0.023,1.564,4.927
2774.598,0.023,1.561,4.927
2774.710,0.019,1.556,4.930
2774.821,0.010,1.550,4.935
2774.932,-0.007,1.538,4.947
2775.043,-0.031,1.527,4.963
2775.155,-0.050,1.510,4.968
2775.265,-0.054,1.499,4.968
2775.377,-0.037,1.491,4.972
2775.489,-0.001,1.480,4.986
2775.599,0.054,1.462,5.007
2775.710,0.132,1.438,5.037
2775.822,0.218,1.407,5.082
2775.932,0.299,1.364,5.120
2776.044,0.357,1.327,5.142
2776.155,0.388,1.311,5.156
2776.265,0.403,1.315,5.166
2776.377,0.406,1.327,5.179
2776.488,0.398,1.343,5.195
2776.599,0.378,1.360,5.219
2776.710,0.345,1.375,5.250
2776.821,0.302,1.392,5.286
2776.932,0.251,1.409,5.317
2777.043,0.197,1.429,5.347
2777.155,0.147,1.451,5.373
2777.265,0.111,1.462,5.394
2777.376,0.089,1.471,5.418
2777.487,0.075,1.476,5.447
2777.598,0.074,1.473,5.483
2777.709,0.091,1.464,5.530
2777.821,0.124,1.450,5.588
2777.932,0.161,1.437,5.658
2778.043,0.191,1.418,5.729
2778.154,0.214,1.400,5.782
2778.265,0.226,1.392,5.815
2778.376,0.223,1.396,5.833
2778.488,0.202,1.409,5.842
2778.599,0.158,1.427,5.835
2778.709,0.098,1.441,5.805
2778.820,0.046,1.450,5.759
2778.931,0.002,1.455,5.709
2779.042,-0.037,1.454,5.660
2779.154,-0.074,1.452,5.612
2779.265,-0.113,1.449,5.563
2779.376,-0.154,1.449,5.512
2779.487,-0.193,1.451,5.467
2779.598,-0.229,1.448,5.429
2779.709,-0.261,1.444,5.400
2779.821,-0.287,1.441,5.380
2779.931,-0.306,1.438,5.363
2780.043,-0.317,1.436,5.351
2780.154,-0.329,1.435,5.343
2780.265,-0.340,1.433,5.342
2780.376,-0.347,1.431,5.348
2780.487,-0.352,1.430,5.361
2780.598,-0.358,1.428,5.379
2780.709,-0.362,1.431,5.402
2780.820,-0.359,1.441,5.430
2780.931,-0.349,1.453,5.461
2781.042,-0.335,1.457,5.488
2781.154,-0.326,1.458,5.509
2781.265,-0.327,1.458,5.526
2781.376,-0.339,1.462,5.539
2781.487,-0.362,1.459,5.551
2781.598,-0.393,1.453,5.562
2781.709,-0.428,1.451,5.567
2781.821,-0.469,1.449,5.557
2781.932,-0.513,1.443,5.535
2782.043,-0.549,1.433,5.512
2782.154,-0.583,1.424,5.489
2782.265,-0.611,1.417,5.472
2782.376,-0.631,1.411,5.461
2782.487,-0.644,1.408,5.458
2782.598,-0.649,1.407,5.457
2782.709,-0.650,1.409,5.473
2782.820,-0.647,1.408,5.492
2782.931,-0.645,1.408,5.517
2783.042,-0.643,1.408,5.548
2783.154,-0.636,1.405,5.581
2783.265,-0.626,1.403,5.615
2783.376,-0.605,1.405,5.648
2783.487,-0.577,1.411,5.684
2783.598,-0.542,1.416,5.722
2783.709,-0.505,1.422,5.757
2783.820,-0.469,1.428,5.788
2783.931,-0.435,1.433,5.814
2784.042,-0.402,1.435,5.834
2784.153,-0.374,1.439,5.847
2784.264,-0.351,1.446,5.861
2784.375,-0.333,1.450,5.879
2784.487,-0.322,1.449,5.901
2784.597,-0.321,1.446,5.927
2784.708,-0.327,1.443,5.958
2784.820,-0.345,1.438,5.995
2784.931,-0.375,1.430,6.036
2785.042,-0.411,1.428,6.075
2785.154,-0.446,1.427,6.102
2785.264,-0.478,1.424,6.121
2785.375,-0.506,1.419,6.124
2785.487,-0.528,1.421,6.118
2785.598,-0.544,1.424,6.114
2785.748,-0.553,1.424,6.114
2785.850,-0.552,1.430,6.135
2785.961,-0.536,1.439,6.167
2786.073,-0.505,1.451,6.201
2786.183,-0.472,1.468,6.240
2786.291,-0.443,1.475,6.275
2786.402,-0.413,1.480,6.314
2786.513,-0.389,1.480,6.346
2786.625,-0.374,1.476,6.377
2786.736,-0.371,1.472,6.407
2786.846,-0.380,1.461,6.435
2786.958,-0.399,1.449,6.457
2787.069,-0.428,1.441,6.472
2787.180,-0.463,1.432,6.488
2787.292,-0.498,1.417,6.504
2787.403,-0.523,1.394,6.524
2787.514,-0.543,1.359,6.555
2787.625,-0.559,1.296,6.595
2787.737,-0.571,1.209,6.640
2787.847,-0.579,1.122,6.672
2787.958,-0.585,1.069,6.690
2788.070,-0.592,1.049,6.698
2788.181,-0.596,1.049,6.701
2788.292,-0.598,1.073,6.697
2788.403,-0.612,1.128,6.697
2788.514,-0.619,1.208,6.690
2788.626,-0.623,1.306,6.670
2788.737,-0.632,1.392,6.635
2788.847,-0.641,1.451,6.592
2788.959,-0.646,1.488,6.546
2789.070,-0.649,1.516,6.504
2789.181,-0.654,1.533,6.478
2789.292,-0.657,1.541,6.468
2789.403,-0.659,1.549,6.476
2789.514,-0.657,1.553,6.498
2789.625,-0.657,1.555,6.532
2789.737,-0.655,1.556,6.578
2789.847,-0.655,1.562,6.630
2789.959,-0.651,1.570,6.673
2790.070,-0.653,1.570,6.702
2790.181,-0.666,1.570,6.720
2790.292,-0.691,1.571,6.726
2790.403,-0.719,1.574,6.723
2790.514,-0.746,1.575,6.705
2790.625,-0.776,1.578,6.684
2790.736,-0.806,1.580,6.671
2790.847,-0.825,1.583,6.668
2790.959,-0.827,1.588,6.676
2791.070,-0.817,1.591,6.685
2791.180,-0.800,1.593,6.694
2791.292,-0.775,1.596,6.707
2791.403,-0.751,1.596,6.726
2791.514,-0.736,1.598,6.746
2791.625,-0.728,1.603,6.762
2791.737,-0.726,1.604,6.777
2791.847,-0.733,1.606,6.791
2791.958,-0.748,1.607,6.805
2792.070,-0.772,1.606,6.820
2792.181,-0.804,1.607,6.836
2792.292,-0.836,1.608,6.855
2792.403,-0.862,1.608,6.873
2792.514,-0.879,1.612,6.887
2792.626,-0.885,1.614,6.901
2792.737,-0.882,1.614,6.915
2792.848,-0.869,1.613,6.928
2792.959,-0.847,1.614,6.940
2793.070,-0.822,1.615,6.951
2793.181,-0.804,1.616,6.959
2793.292,-0.798,1.617,6.961
2793.403,-0.803,1.618,6.960
2793.514,-0.812,1.619,6.959
2793.626,-0.818,1.620,6.960
2793.737,-0.823,1.621,6.961
2793.848,-0.826,1.621,6.960
2793.959,-0.827,1.621,6.957
2794.070,-0.827,1.620,6.953
2794.181,-0.826,1.619,6.948
2794.292,-0.824,1.619,6.944
2794.403,-0.822,1.618,6.942
2794.514,-0.819,1.618,6.942
2794.625,-0.817,1.618,6.944
2794.737,-0.816,1.618,6.946
2794.848,-0.815,1.618,6.947
2794.959,-0.815,1.618,6.948
2795.070,-0.816,1.619,6.947
2795.181,-0.815,1.619,6.947
2795.292,-0.815,1.619,6.948
2795.403,-0.816,1.617,6.950
2795.514,-0.817,1.618,6.950
2795.625,-0.818,1.617,6.949
2795.737,-0.820,1.617,6.948
2795.848,-0.825,1.616,6.946
2795.959,-0.831,1.615,6.945
2796.070,-0.838,1.615,6.944
2796.181,-0.845,1.614,6.942
2796.292,-0.854,1.614,6.938
2796.403,-0.862,1.615,6.934
2796.514,-0.860,1.614,6.931
2796.625,-0.852,1.609,6.931
2796.736,-0.842,1.604,6.937
2796.847,-0.842,1.593,6.946
2796.958,-0.853,1.569,6.939
2797.069,-0.857,1.549,6.913
2797.180,-0.852,1.545,6.874
2797.291,-0.840,1.540,6.827
2797.402,-0.832,1.536,6.773
2797.513,-0.833,1.529,6.711
2797.625,-0.839,1.521,6.650
2797.735,-0.851,1.513,6.596
2797.846,-0.869,1.505,6.556
2797.958,-0.898,1.497,6.527
2798.069,-0.933,1.486,6.511
2798.180,-0.977,1.474,6.506
2798.291,-1.028,1.464,6.512
2798.403,-1.085,1.463,6.525
2798.513,-1.141,1.463,6.536
2798.625,-1.179,1.456,6.536
2798.735,-1.209,1.453,6.524
2798.846,-1.236,1.450,6.499
2798.957,-1.256,1.445,6.460
2799.068,-1.267,1.450,6.411
2799.179,-1.281,1.458,6.366
2799.290,-1.292,1.462,6.334
2799.402,-1.303,1.468,6.313
2799.513,-1.322,1.472,6.302
2799.624,-1.351,1.470,6.301
2799.735,-1.391,1.467,6.311
2799.846,-1.436,1.467,6.336
2799.958,-1.484,1.470,6.370
2800.069,-1.532,1.467,6.401
2800.179,-1.570,1.460,6.426
2800.291,-1.602,1.457,6.447
2800.402,-1.628,1.452,6.462
2800.513,-1.650,1.449,6.469
2800.625,-1.664,1.445,6.464
2800.735,-1.677,1.444,6.453
2800.846,-1.690,1.442,6.438
2800.958,-1.701,1.439,6.425
2801.069,-1.715,1.440,6.419
2801.180,-1.737,1.439,6.420
2801.291,-1.764,1.433,6.428
2801.402,-1.796,1.428,6.441
2801.513,-1.836,1.425,6.460
2801.625,-1.877,1.416,6.482
2801.736,-1.920,1.402,6.506
2801.846,-1.967,1.377,6.528
2801.958,-2.012,1.342,6.548
2802.069,-2.047,1.293,6.564
2802.180,-2.075,1.251,6.581
2802.292,-2.095,1.209,6.596
2802.403,-2.107,1.166,6.607
2802.513,-2.107,1.143,6.616
2802.625,-2.104,1.160,6.617
2802.736,-2.097,1.206,6.608
2802.847,-2.087,1.264,6.585
2802.958,-2.067,1.324,6.547
2803.069,-2.036,1.369,6.505
2803.180,-1.999,1.402,6.455
2803.291,-1.958,1.427,6.401
2803.402,-1.918,1.449,6.342
2803.513,-1.877,1.462,6.280
2803.624,-1.838,1.470,6.222
2803.735,-1.811,1.473,6.177
2803.846,-1.797,1.474,6.145
2803.958,-1.795,1.474,6.124
2804.069,-1.803,1.471,6.104
2804.179,-1.827,1.461,6.081
2804.291,-1.864,1.448,6.057
2804.402,-1.916,1.430,6.023
2804.513,-1.986,1.405,5.972
2804.625,-2.055,1.353,5.918
2804.736,-2.107,1.295,5.874
2804.846,-2.148,1.243,5.844
2804.958,-2.174,1.210,5.826
2805.069,-2.185,1.209,5.815
2805.180,-2.187,1.237,5.810
2805.291,-2.181,1.279,5.808
2805.402,-2.161,1.331,5.800
2805.513,-2.124,1.378,5.789
2805.624,-2.082,1.412,5.782
2805.735,-2.041,1.434,5.776
2805.846,-1.998,1.451,5.766
2805.958,-1.949,1.468,5.752
2806.069,-1.898,1.487,5.730
2806.179,-1.849,1.500,5.707
2806.291,-1.810,1.506,5.688
2806.402,-1.788,1.508,5.671
2806.513,-1.773,1.509,5.650
2806.624,-1.764,1.507,5.624
2806.735,-1.765,1.504,5.594
2806.846,-1.776,1.501,5.558
2806.957,-1.798,1.498,5.513
2807.069,-1.828,1.502,5.459
2807.179,-1.860,1.508,5.399
2807.291,-1.882,1.506,5.344
2807.402,-1.891,1.507,5.295
2807.512,-1.888,1.507,5.246
2807.624,-1.875,1.502,5.197
2807.735,-1.847,1.497,5.147
2807.846,-1.803,1.499,5.098
2807.957,-1.761,1.512,5.049
2808.068,-1.731,1.507,5.006
2808.179,-1.712,1.507,4.960
2808.291,-1.698,1.502,4.909
2808.401,-1.696,1.488,4.850
2808.513,-1.703,1.472,4.779
2808.624,-1.711,1.456,4.699
2808.735,-1.716,1.456,4.620
2808.846,-1.719,1.455,4.558
2808.957,-1.720,1.457,4.508
2809.069,-1.719,1.453,4.460
2809.179,-1.701,1.446,4.416
2809.291,-1.655,1.440,4.374
2809.402,-1.587,1.427,4.337
2809.513,-1.512,1.419,4.290
2809.624,-1.441,1.411,4.241
2809.735,-1.392,1.398,4.199
2809.846,-1.363,1.387,4.159
2809.958,-1.344,1.372,4.119
2810.069,-1.336,1.353,4.080
2810.179,-1.328,1.332,4.038
2810.291,-1.309,1.302,4.001
2810.402,-1.286,1.261,3.957
2810.513,-1.258,1.209,3.914
2810.624,-1.228,1.145,3.879
2810.735,-1.209,1.076,3.846
2810.846,-1.186,1.016,3.829
2810.958,-1.160,0.962,3.828
2811.069,-1.144,0.905,3.830
2811.180,-1.136,0.866,3.835
2811.291,-1.129,0.860,3.842
2811.402,-1.123,0.878,3.850
2811.513,-1.120,0.917,3.858
2811.625,-1.118,0.974,3.871
2811.736,-1.117,1.047,3.892
2811.846,-1.113,1.142,3.934
2811.958,-1.124,1.242,3.998
2812.069,-1.153,1.327,4.078
2812.179,-1.203,1.388,4.149
2812.290,-1.259,1.432,4.205
2812.401,-1.314,1.459,4.241
2812.512,-1.357,1.476,4.253
2812.624,-1.387,1.485,4.255
2812.735,-1.404,1.491,4.250
2812.845,-1.408,1.491,4.237
2812.957,-1.395,1.495,4.208
2813.069,-1.377,1.504,4.167
2813.180,-1.365,1.503,4.111
2813.291,-1.362,1.504,4.046
2813.402,-1.369,1.508,3.996
2813.513,-1.371,1.508,3.971
2813.624,-1.364,1.508,3.953
2813.735,-1.361,1.506,3.935
2813.846,-1.371,1.502,3.921
2813.957,-1.383,1.498,3.904
2814.068,-1.400,1.493,3.881
2814.179,-1.426,1.486,3.849
2814.291,-1.464,1.477,3.807
2814.401,-1.515,1.472,3.760
2814.512,-1.568,1.473,3.717
2814.624,-1.612,1.471,3.683
2814.735,-1.647,1.471,3.649
2814.846,-1.679,1.467,3.608
2814.957,-1.704,1.458,3.561
2815.069,-1.724,1.454,3.507
2815.179,-1.744,1.458,3.448
2815.290,-1.773,1.462,3.395
2815.402,-1.808,1.459,3.359
2815.512,-1.853,1.453,3.333
2815.624,-1.907,1.437,3.320
2815.735,-1.978,1.418,3.316
2815.846,-2.061,1.391,3.317
2815.957,-2.142,1.358,3.319
2816.068,-2.211,1.321,3.320
2816.179,-2.263,1.285,3.322
2816.290,-2.298,1.256,3.327
2816.401,-2.318,1.236,3.333
2816.512,-2.328,1.227,3.337
2816.623,-2.331,1.230,3.339
2816.735,-2.331,1.241,3.340
2816.845,-2.325,1.262,3.342
2816.957,-2.307,1.295,3.343
2817.068,-2.280,1.323,3.348
2817.179,-2.240,1.351,3.351
2817.290,-2.191,1.383,3.347
2817.401,-2.127,1.411,3.330
2817.512,-2.060,1.440,3.308
2817.623,-1.999,1.461,3.297
2817.734,-1.938,1.481,3.292
2817.845,-1.886,1.499,3.295
2817.956,-1.840,1.508,3.304
2818.067,-1.799,1.517,3.320
2818.178,-1.765,1.518,3.344
2818.290,-1.730,1.519,3.379
2818.400,-1.691,1.520,3.429
2818.511,-1.647,1.518,3.495
2818.623,-1.606,1.520,3.573
2818.732,-1.572,1.524,3.649
2818.844,-1.545,1.524,3.716
2818.955,-1.528,1.514,3.780
2819.066,-1.522,1.504,3.847
2819.177,-1.526,1.492,3.920
2819.289,-1.542,1.484,3.996
2819.400,-1.566,1.494,4.082
2819.511,-1.585,1.510,4.164
2819.622,-1.591,1.521,4.238
2819.733,-1.585,1.520,4.315
2819.844,-1.572,1.508,4.401
2819.956,-1.547,1.493,4.495
2820.066,-1.511,1.496,4.596
2820.178,-1.488,1.508,4.689
2820.289,-1.477,1.513,4.770
2820.400,-1.470,1.511,4.850
2820.511,-1.467,1.496,4.936
2820.622,-1.474,1.482,5.031
2820.733,-1.490,1.481,5.131
2820.844,-1.492,1.495,5.223
2820.956,-1.482,1.504,5.296
2821.067,-1.467,1.505,5.367
2821.178,-1.444,1.492,5.440
2821.289,-1.407,1.477,5.517
2821.400,-1.361,1.481,5.594
2821.511,-1.331,1.494,5.659
2821.623,-1.316,1.502,5.712
2821.734,-1.302,1.507,5.761
2821.845,-1.298,1.509,5.805
2821.956,-1.303,1.519,5.849
2822.068,-1.311,1.532,5.894
2822.178,-1.313,1.535,5.934
2822.290,-1.313,1.536,5.959
2822.401,-1.317,1.536,5.961
2822.512,-1.328,1.537,5.952
2822.623,-1.341,1.545,5.940
2822.734,-1.361,1.551,5.918
2822.845,-1.385,1.552,5.885
2822.956,-1.415,1.556,5.837
2823.068,-1.452,1.563,5.771
2823.178,-1.491,1.564,5.698
2823.290,-1.525,1.559,5.633
2823.401,-1.554,1.562,5.578
2823.511,-1.573,1.567,5.532
2823.623,-1.580,1.566,5.492
2823.734,-1.574,1.567,5.454
2823.845,-1.556,1.566,5.411
2823.956,-1.529,1.564,5.359
2824.067,-1.493,1.560,5.303
2824.178,-1.454,1.565,5.243
2824.289,-1.430,1.554,5.186
2824.400,-1.414,1.541,5.131
2824.511,-1.408,1.532,5.074
2824.623,-1.415,1.521,5.011
2824.734,-1.432,1.508,4.942
2824.845,-1.457,1.494,4.868
2824.956,-1.483,1.480,4.782
2825.067,-1.505,1.476,4.706
2825.178,-1.517,1.470,4.642
2825.290,-1.515,1.469,4.580
2825.401,-1.507,1.465,4.510
2825.511,-1.493,1.451,4.434
2825.623,-1.468,1.439,4.362
2825.734,-1.438,1.447,4.287
2825.844,-1.421,1.460,4.220
2825.956,-1.423,1.465,4.161
2826.067,-1.429,1.465,4.102
2826.178,-1.440,1.458,4.036
2826.289,-1.461,1.449,3.967
2826.401,-1.490,1.445,3.897
2826.511,-1.519,1.455,3.824
2826.623,-1.536,1.454,3.763
2826.734,-1.543,1.454,3.713
2826.845,-1.545,1.452,3.664
2826.956,-1.537,1.447,3.615
2827.067,-1.517,1.441,3.568
2827.178,-1.489,1.440,3.524
2827.290,-1.457,1.448,3.480
2827.401,-1.429,1.451,3.440
2827.511,-1.410,1.448,3.406
2827.623,-1.399,1.449,3.374
2827.734,-1.393,1.448,3.341
2827.845,-1.395,1.445,3.306
2827.956,-1.404,1.443,3.270
2828.067,-1.424,1.442,3.232
2828.178,-1.449,1.450,3.186
2828.289,-1.471,1.452,3.148
2828.400,-1.488,1.451,3.115
2828.512,-1.498,1.451,3.091
2828.623,-1.499,1.451,3.070
2828.734,-1.490,1.449,3.050
2828.845,-1.471,1.447,3.033
2828.957,-1.442,1.445,3.025
2829.067,-1.403,1.449,3.019
2829.176,-1.359,1.453,3.015
2829.288,-1.318,1.454,3.011
2829.399,-1.284,1.453,3.008
2829.510,-1.258,1.454,3.005
2829.621,-1.239,1.454,3.003
2829.732,-1.225,1.453,3.005
2829.843,-1.216,1.452,3.006
2829.955,-1.212,1.451,3.007
2830.066,-1.215,1.449,3.005
2830.177,-1.226,1.448,3.003
2830.289,-1.246,1.449,2.998
2830.399,-1.276,1.454,2.992
2830.510,-1.311,1.459,2.986
2830.622,-1.345,1.463,2.982
2830.733,-1.374,1.469,2.980
2830.844,-1.396,1.474,2.981
2830.955,-1.413,1.476,2.985
2831.066,-1.426,1.478,2.990
2831.177,-1.436,1.482,2.994
2831.289,-1.447,1.486,2.999
2831.400,-1.458,1.492,3.006
2831.511,-1.472,1.498,3.011
2831.622,-1.492,1.501,3.016
2831.733,-1.518,1.502,3.020
2831.844,-1.546,1.500,3.019
2831.956,-1.577,1.493,3.018
2832.067,-1.616,1.482,3.018
2832.178,-1.657,1.464,3.021
2832.289,-1.696,1.439,3.026
2832.401,-1.726,1.412,3.030
2832.511,-1.742,1.398,3.029
2832.622,-1.746,1.397,3.026
2832.733,-1.739,1.404,3.021
2832.844,-1.717,1.424,3.014
2832.956,-1.671,1.462,3.008
2833.066,-1.606,1.507,3.008
2833.178,-1.530,1.542,3.012
2833.289,-1.455,1.561,3.020
2833.400,-1.390,1.570,3.027
2833.511,-1.334,1.568,3.031
2833.622,-1.284,1.559,3.036
2833.733,-1.237,1.548,3.044
2833.844,-1.197,1.537,3.051
2833.956,-1.158,1.523,3.053
2834.067,-1.121,1.504,3.048
2834.178,-1.091,1.484,3.039
2834.289,-1.072,1.467,3.031
2834.400,-1.069,1.456,3.022
2834.511,-1.086,1.464,3.016
2834.623,-1.120,1.486,3.011
2834.733,-1.155,1.506,3.008
2834.845,-1.187,1.520,3.010
2834.956,-1.210,1.529,3.014
2835.067,-1.224,1.534,3.020
2835.178,-1.231,1.540,3.029
2835.289,-1.229,1.541,3.039
2835.400,-1.216,1.539,3.050
2835.511,-1.197,1.539,3.066
2835.623,-1.192,1.536,3.066
2835.733,-1.202,1.539,3.051
2835.844,-1.220,1.548,3.043
2835.956,-1.244,1.557,3.035
2836.067,-1.273,1.558,3.022
2836.178,-1.302,1.560,3.013
2836.289,-1.321,1.563,3.011
2836.400,-1.335,1.565,3.008
2836.511,-1.348,1.566,3.006
2836.623,-1.351,1.562,2.999
2836.733,-1.351,1.560,2.992
2836.844,-1.367,1.564,2.989
2836.956,-1.393,1.568,2.987
2837.066,-1.418,1.563,2.987
2837.178,-1.433,1.559,2.987
2837.289,-1.447,1.555,2.989
2837.400,-1.459,1.553,2.990
2837.511,-1.471,1.551,2.991
2837.622,-1.482,1.548,2.993
2837.733,-1.493,1.546,2.993
2837.844,-1.504,1.544,2.988
2837.956,-1.511,1.543,2.979
2838.067,-1.511,1.543,2.966
2838.178,-1.506,1.543,2.949
2838.289,-1.494,1.542,2.927
2838.400,-1.472,1.542,2.905
2838.511,-1.439,1.545,2.886
2838.622,-1.404,1.548,2.870
2838.732,-1.370,1.551,2.856
2838.844,-1.345,1.550,2.844
2838.955,-1.330,1.550,2.837
2839.067,-1.325,1.549,2.832
2839.177,-1.326,1.549,2.825
2839.289,-1.335,1.548,2.814
2839.400,-1.352,1.548,2.800
2839.511,-1.376,1.549,2.780
2839.622,-1.402,1.552,2.753
2839.733,-1.422,1.553,2.721
2839.844,-1.433,1.554,2.688
2839.955,-1.435,1.552,2.658
2840.066,-1.425,1.547,2.633
2840.177,-1.397,1.542,2.625
2840.289,-1.361,1.540,2.649
2840.400,-1.343,1.539,2.699
2840.510,-1.336,1.543,2.756
2840.622,-1.330,1.546,2.816
2840.733,-1.323,1.546,2.877
2840.844,-1.318,1.542,2.932
2840.955,-1.315,1.536,2.975
2841.066,-1.314,1.535,3.010
2841.177,-1.312,1.534,3.030
2841.288,-1.307,1.534,3.038
2841.399,-1.296,1.533,3.037
2841.510,-1.279,1.535,3.030
2841.621,-1.256,1.536,3.015
2841.732,-1.224,1.541,2.991
2841.844,-1.191,1.551,2.970
2841.955,-1.164,1.554,2.955
2842.065,-1.145,1.559,2.941
2842.176,-1.134,1.562,2.926
2842.288,-1.123,1.566,2.908
2842.399,-1.115,1.569,2.890
2842.510,-1.114,1.574,2.875
2842.621,-1.119,1.577,2.866
2842.732,-1.129,1.580,2.859
2842.843,-1.144,1.583,2.854
2842.954,-1.161,1.586,2.853
2843.065,-1.176,1.589,2.856
2843.176,-1.189,1.587,2.862
2843.287,-1.209,1.586,2.865
2843.398,-1.233,1.590,2.865
2843.509,-1.261,1.591,2.867
2843.620,-1.293,1.590,2.872
2843.731,-1.322,1.585,2.879
2843.843,-1.331,1.588,2.897
2843.954,-1.312,1.580,2.926
2844.065,-1.286,1.575,2.939
2844.176,-1.275,1.572,2.933
2844.287,-1.264,1.572,2.928
2844.398,-1.253,1.574,2.926
2844.510,-1.239,1.576,2.929
2844.621,-1.218,1.577,2.934
2844.731,-1.189,1.574,2.940
2844.843,-1.157,1.570,2.935
2844.954,-1.132,1.568,2.921
2845.065,-1.110,1.568,2.907
2845.176,-1.085,1.565,2.900
2845.288,-1.059,1.558,2.898
2845.398,-1.037,1.548,2.901
2845.509,-1.017,1.536,2.902
2845.621,-1.004,1.533,2.895
2845.731,-1.004,1.534,2.882
2845.842,-1.019,1.538,2.865
2845.954,-1.056,1.546,2.844
2846.065,-1.103,1.554,2.819
2846.176,-1.158,1.563,2.788
2846.287,-1.210,1.571,2.751
2846.398,-1.261,1.576,2.716
2846.510,-1.306,1.577,2.690
2846.621,-1.344,1.570,2.676
2846.731,-1.379,1.561,2.673
2846.843,-1.410,1.559,2.672
2846.954,-1.437,1.559,2.669
2847.065,-1.453,1.552,2.669
2847.176,-1.459,1.551,2.666
2847.287,-1.462,1.547,2.661
2847.398,-1.466,1.544,2.655
2847.509,-1.467,1.544,2.649
2847.620,-1.468,1.547,2.644
2847.731,-1.468,1.550,2.640
2847.842,-1.466,1.549,2.637
2847.954,-1.462,1.548,2.635
2848.064,-1.454,1.549,2.633
2848.176,-1.446,1.551,2.630
2848.287,-1.438,1.552,2.627
2848.398,-1.429,1.552,2.626
2848.509,-1.420,1.551,2.625
2848.620,-1.411,1.551,2.627
2848.731,-1.402,1.550,2.630
2848.842,-1.392,1.550,2.637
2848.955,-1.381,1.549,2.648
2849.064,-1.365,1.548,2.664
2849.176,-1.342,1.548,2.685
2849.287,-1.311,1.548,2.711
2849.397,-1.272,1.549,2.740
2849.509,-1.229,1.551,2.770
2849.620,-1.188,1.552,2.795
2849.731,-1.156,1.553,2.813
2849.842,-1.135,1.555,2.824
2849.954,-1.122,1.559,2.831
2850.064,-1.114,1.562,2.840
2850.175,-1.107,1.563,2.850
2850.287,-1.101,1.563,2.857
2850.398,-1.096,1.562,2.858
2850.509,-1.091,1.559,2.855
2850.620,-1.087,1.560,2.852
2850.731,-1.083,1.562,2.847
2850.842,-1.082,1.565,2.844
2850.953,-1.083,1.565,2.843
2851.064,-1.087,1.561,2.844
2851.175,-1.094,1.556,2.846
2851.286,-1.105,1.549,2.848
2851.397,-1.119,1.544,2.850
2851.509,-1.132,1.541,2.851
2851.620,-1.143,1.537,2.852
2851.730,-1.153,1.534,2.852
2851.842,-1.162,1.530,2.851
2851.953,-1.169,1.526,2.851
2852.064,-1.173,1.524,2.851
2852.175,-1.174,1.522,2.853
2852.286,-1.170,1.521,2.856
2852.397,-1.160,1.520,2.862
2852.509,-1.145,1.521,2.869
2852.620,-1.127,1.522,2.872
2852.731,-1.109,1.523,2.872
2852.842,-1.094,1.524,2.868
2852.953,-1.082,1.523,2.863
2853.064,-1.073,1.523,2.858
2853.176,-1.066,1.520,2.854
2853.287,-1.062,1.520,2.851
2853.398,-1.058,1.521,2.849
2853.509,-1.056,1.523,2.847
2853.620,-1.055,1.524,2.848
2853.731,-1.058,1.521,2.853
2853.842,-1.065,1.515,2.858
2853.954,-1.075,1.506,2.864
2854.064,-1.088,1.503,2.872
2854.176,-1.103,1.499,2.879
2854.287,-1.120,1.493,2.887
2854.397,-1.139,1.491,2.895
2854.509,-1.162,1.488,2.905
2854.620,-1.192,1.484,2.915
2854.731,-1.228,1.484,2.924
2854.842,-1.265,1.487,2.930
2854.953,-1.298,1.489,2.933
2855.064,-1.329,1.488,2.932
2855.176,-1.357,1.487,2.932
2855.287,-1.382,1.487,2.933
2855.398,-1.403,1.486,2.934
2855.509,-1.420,1.487,2.932
2855.621,-1.433,1.491,2.928
2855.731,-1.443,1.493,2.923
2855.842,-1.449,1.495,2.921
2855.953,-1.450,1.498,2.921
2856.064,-1.445,1.503,2.922
2856.176,-1.434,1.507,2.928
2856.287,-1.411,1.511,2.933
2856.397,-1.372,1.518,2.937
2856.509,-1.326,1.525,2.944
2856.620,-1.277,1.528,2.953
2856.730,-1.229,1.527,2.965
2856.842,-1.186,1.525,2.978
2856.953,-1.150,1.522,2.987
2857.064,-1.125,1.521,2.995
2857.175,-1.112,1.519,3.006
2857.287,-1.107,1.516,3.019
2857.397,-1.106,1.513,3.038
2857.508,-1.109,1.509,3.065
2857.620,-1.117,1.506,3.095
2857.730,-1.127,1.502,3.131
2857.842,-1.143,1.496,3.169
2857.954,-1.168,1.502,3.208
2858.064,-1.194,1.513,3.240
2858.175,-1.219,1.512,3.266
2858.286,-1.243,1.511,3.281
2858.398,-1.263,1.513,3.284
2858.508,-1.276,1.518,3.285
2858.620,-1.288,1.517,3.291
2858.730,-1.298,1.516,3.301
2858.842,-1.297,1.519,3.316
2858.953,-1.289,1.521,3.337
2859.064,-1.285,1.520,3.368
2859.175,-1.290,1.525,3.407
2859.286,-1.290,1.525,3.450
2859.397,-1.286,1.527,3.495
2859.508,-1.284,1.526,3.538
2859.620,-1.295,1.514,3.568
2859.730,-1.321,1.510,3.572
2859.842,-1.337,1.516,3.558
2859.953,-1.339,1.517,3.540
2860.064,-1.327,1.521,3.510
2860.175,-1.303,1.528,3.466
2860.287,-1.273,1.533,3.415
2860.398,-1.241,1.533,3.357
2860.509,-1.204,1.527,3.301
2860.620,-1.167,1.524,3.252
2860.731,-1.131,1.526,3.218
2860.842,-1.097,1.529,3.190
2860.954,-1.066,1.531,3.171
2861.065,-1.046,1.531,3.160
2861.176,-1.035,1.531,3.150
2861.287,-1.033,1.532,3.143
2861.398,-1.037,1.530,3.139
2861.509,-1.048,1.528,3.146
2861.620,-1.061,1.526,3.175
2861.731,-1.067,1.523,3.222
2861.841,-1.063,1.520,3.268
2861.952,-1.058,1.518,3.305
2862.063,-1.058,1.516,3.334
2862.175,-1.069,1.513,3.364
2862.286,-1.090,1.511,3.398
2862.396,-1.112,1.512,3.440
2862.508,-1.132,1.512,3.492
2862.620,-1.142,1.504,3.547
2862.730,-1.158,1.504,3.586
2862.842,-1.176,1.511,3.611
2862.953,-1.188,1.513,3.627
2863.064,-1.195,1.517,3.634
2863.175,-1.199,1.518,3.634
2863.286,-1.212,1.522,3.627
2863.397,-1.239,1.528,3.607
2863.508,-1.274,1.528,3.574
2863.620,-1.311,1.531,3.526
2863.730,-1.345,1.538,3.470
2863.841,-1.367,1.538,3.415
2863.952,-1.380,1.535,3.365
2864.063,-1.388,1.533,3.319
2864.174,-1.393,1.533,3.277
2864.285,-1.397,1.534,3.239
2864.397,-1.400,1.532,3.207
2864.508,-1.402,1.530,3.183
2864.620,-1.409,1.526,3.169
2864.731,-1.422,1.519,3.165
2864.842,-1.440,1.512,3.167
2864.953,-1.463,1.508,3.176
2865.064,-1.493,1.504,3.194
2865.175,-1.536,1.504,3.221
2865.287,-1.574,1.499,3.254
2865.397,-1.605,1.494,3.287
2865.509,-1.631,1.490,3.317
2865.620,-1.657,1.483,3.340
2865.731,-1.677,1.475,3.357
2865.842,-1.691,1.471,3.366
2865.953,-1.698,1.482,3.353
2866.064,-1.687,1.494,3.321
2866.176,-1.664,1.509,3.291
2866.287,-1.641,1.520,3.270
2866.398,-1.612,1.530,3.250
2866.509,-1.576,1.542,3.230
2866.620,-1.535,1.548,3.207
2866.731,-1.487,1.551,3.181
2866.842,-1.433,1.554,3.155
2866.954,-1.391,1.550,3.131
2867.065,-1.366,1.548,3.109
2867.176,-1.353,1.547,3.082
2867.287,-1.353,1.539,3.047
2867.398,-1.370,1.533,3.004
2867.509,-1.402,1.526,2.956
2867.620,-1.450,1.523,2.900
2867.731,-1.498,1.528,2.841
2867.842,-1.538,1.531,2.789
2867.954,-1.569,1.529,2.749
2868.064,-1.593,1.528,2.718
2868.176,-1.606,1.525,2.695
2868.287,-1.609,1.524,2.683
2868.398,-1.603,1.525,2.678
2868.509,-1.593,1.523,2.680
2868.620,-1.582,1.524,2.690
2868.731,-1.573,1.528,2.704
2868.842,-1.566,1.532,2.717
2868.954,-1.563,1.536,2.727
2869.065,-1.564,1.537,2.730
2869.175,-1.569,1.540,2.728
2869.287,-1.574,1.540,2.723
2869.398,-1.577,1.538,2.716
2869.509,-1.576,1.537,2.710
2869.620,-1.567,1.535,2.706
2869.731,-1.543,1.534,2.704
2869.842,-1.515,1.533,2.709
2869.953,-1.485,1.533,2.723
2870.065,-1.454,1.532,2.752
2870.176,-1.419,1.533,2.786
2870.287,-1.380,1.534,2.819
2870.398,-1.340,1.532,2.848
2870.509,-1.299,1.531,2.868
2870.620,-1.265,1.529,2.880
2870.731,-1.245,1.529,2.892
2870.842,-1.235,1.532,2.908
2870.954,-1.231,1.538,2.925
2871.064,-1.235,1.544,2.944
2871.175,-1.248,1.553,2.961
2871.287,-1.267,1.557,2.973
2871.398,-1.296,1.559,2.988
2871.508,-1.335,1.564,3.011
2871.620,-1.379,1.567,3.041
2871.730,-1.421,1.565,3.072
2871.842,-1.455,1.564,3.097
2871.953,-1.482,1.559,3.127
2872.064,-1.502,1.562,3.161
2872.175,-1.511,1.565,3.197
2872.286,-1.509,1.571,3.226
2872.397,-1.497,1.570,3.245
2872.508,-1.477,1.569,3.257
2872.619,-1.451,1.569,3.261
2872.730,-1.426,1.564,3.262
2872.841,-1.401,1.559,3.263
2872.953,-1.375,1.558,3.266
2873.063,-1.345,1.561,3.272
2873.175,-1.318,1.564,3.282
2873.286,-1.295,1.562,3.283
2873.397,-1.277,1.560,3.286
2873.508,-1.267,1.563,3.287
2873.619,-1.264,1.566,3.287
2873.731,-1.265,1.570,3.285
2873.842,-1.270,1.572,3.280
2873.953,-1.282,1.573,3.274
2874.064,-1.299,1.575,3.267
2874.175,-1.324,1.577,3.262
2874.286,-1.354,1.578,3.257
2874.397,-1.383,1.576,3.253
2874.508,-1.413,1.574,3.249
2874.620,-1.447,1.570,3.246
2874.730,-1.477,1.566,3.244
2874.841,-1.500,1.565,3.242
2874.953,-1.520,1.563,3.240
2875.064,-1.537,1.561,3.240
2875.175,-1.548,1.560,3.242
2875.286,-1.557,1.559,3.247
2875.397,-1.562,1.558,3.251
2875.508,-1.565,1.558,3.251
2875.619,-1.563,1.559,3.250
2875.730,-1.560,1.559,3.248
2875.841,-1.561,1.556,3.239
2875.953,-1.555,1.549,3.227
2876.064,-1.549,1.545,3.211
2876.175,-1.544,1.536,3.200
2876.286,-1.520,1.531,3.204
2876.397,-1.483,1.538,3.219
2876.508,-1.442,1.545,3.238
2876.620,-1.400,1.549,3.260
2876.730,-1.364,1.552,3.282
2876.841,-1.335,1.556,3.301
2876.953,-1.307,1.554,3.317
2877.063,-1.280,1.553,3.331
2877.175,-1.258,1.556,3.348
2877.286,-1.244,1.559,3.361
2877.397,-1.235,1.560,3.369
2877.508,-1.232,1.561,3.373
2877.619,-1.233,1.562,3.373
2877.730,-1.241,1.563,3.369
2877.841,-1.252,1.565,3.362
2877.953,-1.271,1.569,3.348
2878.063,-1.294,1.569,3.333
2878.175,-1.324,1.568,3.317
2878.286,-1.360,1.569,3.301
2878.397,-1.400,1.569,3.287
2878.508,-1.440,1.567,3.275
2878.619,-1.479,1.566,3.265
2878.730,-1.517,1.563,3.258
2878.841,-1.547,1.559,3.255
2878.952,-1.569,1.557,3.256
2879.063,-1.584,1.557,3.257
2879.175,-1.595,1.554,3.255
2879.286,-1.601,1.553,3.251
2879.397,-1.605,1.552,3.248
2879.508,-1.607,1.550,3.247
2879.619,-1.612,1.549,3.244
2879.730,-1.612,1.549,3.236
2879.841,-1.604,1.542,3.227
2879.953,-1.587,1.541,3.222
2880.063,-1.569,1.545,3.225
2880.175,-1.548,1.548,3.235
2880.286,-1.522,1.554,3.252
2880.397,-1.491,1.560,3.276
2880.508,-1.458,1.569,3.304
2880.619,-1.423,1.577,3.333
2880.730,-1.390,1.575,3.364
2880.841,-1.358,1.574,3.393
2880.952,-1.328,1.572,3.417
2881.063,-1.301,1.572,3.434
2881.175,-1.281,1.572,3.450
2881.286,-1.269,1.573,3.462
2881.397,-1.261,1.571,3.470
2881.507,-1.259,1.570,3.472
2881.619,-1.261,1.567,3.469
2881.730,-1.265,1.560,3.458
2881.841,-1.272,1.546,3.443
2881.953,-1.286,1.538,3.425
2882.063,-1.305,1.532,3.403
2882.174,-1.332,1.529,3.379
2882.286,-1.367,1.529,3.356
2882.396,-1.405,1.535,3.332
2882.508,-1.444,1.540,3.313
2882.619,-1.481,1.545,3.299
2882.730,-1.513,1.546,3.289
2882.841,-1.535,1.546,3.280
2882.952,-1.548,1.545,3.270
2883.063,-1.556,1.541,3.262
2883.174,-1.560,1.540,3.255
2883.286,-1.559,1.536,3.250
2883.396,-1.556,1.532,3.248
2883.507,-1.554,1.530,3.247
2883.619,-1.552,1.528,3.246
2883.729,-1.547,1.525,3.244
2883.841,-1.534,1.522,3.247
2883.952,-1.511,1.523,3.254
2884.063,-1.481,1.526,3.267
2884.174,-1.438,1.532,3.282
2884.285,-1.384,1.537,3.299
2884.396,-1.331,1.532,3.317
2884.508,-1.283,1.528,3.331
2884.619,-1.243,1.528,3.344
2884.730,-1.210,1.529,3.355
2884.841,-1.184,1.527,3.362
2884.952,-1.165,1.527,3.366
2885.063,-1.151,1.529,3.369
2885.174,-1.139,1.529,3.372
2885.285,-1.132,1.530,3.376
2885.396,-1.130,1.530,3.377
2885.507,-1.134,1.531,3.377
2885.619,-1.139,1.532,3.376
2885.730,-1.147,1.533,3.376
2885.841,-1.163,1.532,3.373
2885.952,-1.184,1.532,3.366
2886.063,-1.208,1.531,3.354
2886.174,-1.233,1.531,3.338
2886.285,-1.263,1.529,3.321
2886.396,-1.292,1.525,3.301
2886.507,-1.327,1.520,3.284
2886.619,-1.372,1.518,3.270
2886.729,-1.415,1.516,3.264
2886.841,-1.448,1.512,3.263
2886.952,-1.473,1.511,3.266
2887.063,-1.491,1.515,3.268
2887.174,-1.505,1.516,3.270
2887.285,-1.514,1.520,3.267
2887.396,-1.517,1.516,3.265
2887.507,-1.519,1.514,3.266
2887.619,-1.520,1.516,3.267
2887.729,-1.521,1.518,3.265
2887.841,-1.521,1.518,3.262
2887.952,-1.514,1.519,3.258
2888.063,-1.501,1.520,3.247
2888.174,-1.481,1.517,3.230
2888.285,-1.452,1.518,3.212
2888.396,-1.416,1.520,3.191
2888.507,-1.376,1.524,3.169
2888.619,-1.335,1.525,3.151
2888.729,-1.297,1.524,3.136
2888.841,-1.265,1.524,3.125
2888.952,-1.242,1.524,3.116
2889.063,-1.227,1.525,3.110
2889.174,-1.215,1.527,3.103
2889.285,-1.211,1.525,3.093
2889.399,-1.213,1.522,3.084
2889.507,-1.219,1.520,3.080
2889.618,-1.230,1.522,3.078
2889.729,-1.251,1.528,3.077
2889.840,-1.283,1.536,3.075
2889.952,-1.330,1.537,3.071
2890.063,-1.379,1.539,3.067
2890.174,-1.424,1.538,3.060
2890.285,-1.461,1.537,3.053
2890.396,-1.488,1.537,3.047
2890.507,-1.505,1.542,3.042
2890.618,-1.515,1.548,3.034
2890.729,-1.515,1.553,3.024
2890.840,-1.506,1.558,3.013
2890.952,-1.488,1.562,3.002
2891.063,-1.461,1.566,2.988
2891.173,-1.431,1.568,2.971
2891.285,-1.399,1.569,2.953
2891.396,-1.362,1.566,2.935
2891.507,-1.326,1.563,2.922
2891.618,-1.297,1.566,2.910
2891.729,-1.278,1.563,2.897
2891.840,-1.269,1.564,2.886
2891.951,-1.267,1.565,2.874
2892.063,-1.273,1.566,2.862
2892.173,-1.279,1.572,2.847
2892.285,-1.284,1.577,2.828
2892.396,-1.289,1.581,2.809
2892.507,-1.293,1.582,2.792
2892.618,-1.297,1.582,2.779
2892.729,-1.299,1.583,2.771
2892.840,-1.300,1.584,2.767
2892.951,-1.302,1.584,2.768
2893.062,-1.306,1.583,2.777
2893.173,-1.308,1.582,2.794
2893.284,-1.309,1.582,2.814
2893.395,-1.306,1.578,2.832
2893.506,-1.302,1.571,2.847
2893.617,-1.304,1.562,2.860
2893.729,-1.313,1.559,2.875
2893.840,-1.330,1.557,2.894
2893.951,-1.357,1.555,2.916
2894.062,-1.391,1.553,2.935
2894.173,-1.432,1.552,2.947
2894.284,-1.471,1.551,2.953
2894.395,-1.505,1.543,2.960
2894.506,-1.531,1.541,2.969
2894.618,-1.551,1.543,2.985
2894.729,-1.562,1.546,3.007
2894.840,-1.560,1.546,3.033
2894.951,-1.549,1.546,3.063
2895.062,-1.536,1.548,3.097
2895.173,-1.521,1.550,3.131
2895.284,-1.506,1.547,3.165
2895.395,-1.492,1.545,3.199
2895.506,-1.476,1.544,3.230
2895.618,-1.462,1.540,3.259
2895.729,-1.454,1.539,3.283
2895.840,-1.451,1.542,3.303
2895.951,-1.458,1.542,3.318
2896.062,-1.474,1.543,3.327
2896.173,-1.497,1.546,3.327
2896.284,-1.526,1.552,3.319
2896.396,-1.552,1.556,3.305
2896.506,-1.577,1.555,3.288
2896.618,-1.600,1.552,3.272
2896.729,-1.620,1.550,3.262
2896.840,-1.635,1.549,3.260
2896.951,-1.643,1.549,3.267
2897.062,-1.641,1.552,3.284
2897.173,-1.629,1.556,3.309
2897.284,-1.612,1.559,3.343
2897.395,-1.591,1.561,3.382
2897.506,-1.569,1.561,3.423
2897.618,-1.552,1.560,3.464
2897.729,-1.534,1.559,3.502
2897.840,-1.518,1.556,3.535
2897.951,-1.509,1.554,3.562
2898.062,-1.505,1.554,3.582
2898.173,-1.503,1.552,3.596
2898.284,-1.502,1.551,3.603
2898.395,-1.503,1.551,3.604
2898.506,-1.501,1.549,3.599
2898.617,-1.487,1.545,3.591
2898.728,-1.451,1.537,3.597
2898.840,-1.427,1.528,3.615
2898.951,-1.424,1.521,3.630
2899.062,-1.433,1.520,3.635
2899.173,-1.446,1.520,3.627
2899.284,-1.462,1.521,3.622
2899.395,-1.475,1.521,3.617
2899.506,-1.484,1.518,3.614
2899.617,-1.485,1.519,3.609
2899.728,-1.485,1.528,3.609
2899.839,-1.488,1.529,3.617
2899.950,-1.476,1.530,3.610
2900.062,-1.464,1.532,3.587
2900.173,-1.466,1.531,3.557
2900.284,-1.478,1.531,3.530
2900.395,-1.497,1.534,3.502
2900.506,-1.520,1.536,3.470
2900.617,-1.545,1.542,3.434
2900.728,-1.573,1.539,3.397
2900.840,-1.597,1.537,3.366
2900.950,-1.611,1.537,3.337
2901.062,-1.616,1.533,3.314
2901.173,-1.608,1.531,3.295
2901.284,-1.590,1.533,3.281
2901.395,-1.568,1.536,3.270
2901.506,-1.556,1.535,3.257
2901.617,-1.565,1.528,3.245
2901.728,-1.599,1.519,3.245
2901.839,-1.642,1.506,3.250
2901.950,-1.691,1.498,3.256
2902.062,-1.745,1.492,3.264
2902.172,-1.799,1.487,3.271
2902.284,-1.848,1.479,3.273
2902.395,-1.888,1.476,3.265
2902.506,-1.923,1.472,3.246
2902.617,-1.948,1.462,3.218
2902.728,-1.965,1.465,3.184
2902.839,-1.984,1.469,3.155
2902.950,-1.998,1.466,3.143
2903.061,-2.013,1.466,3.145
2903.172,-2.030,1.470,3.163
2903.283,-2.037,1.479,3.207
2903.394,-2.021,1.487,3.263
2903.505,-1.992,1.488,3.301
2903.616,-1.971,1.491,3.314
2903.727,-1.954,1.495,3.306
2903.838,-1.941,1.496,3.278
2903.949,-1.935,1.503,3.246
2904.060,-1.930,1.505,3.225
2904.171,-1.914,1.505,3.219
2904.282,-1.888,1.508,3.223
2904.394,-1.855,1.508,3.234
2904.505,-1.811,1.505,3.256
2904.616,-1.752,1.501,3.287
2904.727,-1.681,1.500,3.326
2904.838,-1.617,1.499,3.362
2904.949,-1.565,1.501,3.398
2905.060,-1.528,1.500,3.439
2905.171,-1.504,1.494,3.486
2905.282,-1.492,1.486,3.540
2905.393,-1.496,1.477,3.600
2905.505,-1.511,1.479,3.667
2905.616,-1.519,1.483,3.730
2905.725,-1.515,1.482,3.770
2905.830,-1.503,1.479,3.832
2905.941,-1.491,1.471,3.884
2906.052,-1.470,1.464,3.938
2906.163,-1.436,1.458,3.993
2906.268,-1.398,1.459,4.045
2906.379,-1.365,1.454,4.094
2906.490,-1.342,1.450,4.124
2906.602,-1.320,1.449,4.145
2906.712,-1.310,1.439,4.150
2906.824,-1.297,1.429,4.153
2906.936,-1.280,1.407,4.147
2907.046,-1.252,1.384,4.132
2907.158,-1.212,1.351,4.107
2907.269,-1.171,1.305,4.073
2907.380,-1.135,1.239,4.041
2907.491,-1.108,1.151,4.018
2907.602,-1.094,1.060,4.002
2907.713,-1.083,0.977,3.994
2907.825,-1.075,0.900,3.986
2907.936,-1.069,0.836,3.978
2908.047,-1.069,0.793,3.973
2908.159,-1.075,0.771,3.974
2908.269,-1.087,0.762,3.978
2908.380,-1.098,0.750,3.984
2908.492,-1.104,0.738,3.989
2908.603,-1.107,0.728,3.991
2908.713,-1.110,0.722,3.990
2908.825,-1.114,0.720,3.986
2908.936,-1.119,0.721,3.984
2909.047,-1.122,0.722,3.984
2909.158,-1.126,0.723,3.983
2909.269,-1.129,0.725,3.984
2909.380,-1.132,0.727,3.985
2909.492,-1.132,0.727,3.984
2909.603,-1.132,0.730,3.983
2909.713,-1.128,0.740,3.982
2909.825,-1.118,0.772,3.983
2909.936,-1.106,0.830,3.987
2910.047,-1.092,0.900,3.988
2910.158,-1.079,0.972,3.988
2910.269,-1.069,1.058,3.989
2910.380,-1.066,1.151,3.994
2910.491,-1.076,1.234,3.999
2910.603,-1.099,1.304,4.003
2910.713,-1.132,1.359,4.007
2910.825,-1.169,1.398,4.014
2910.936,-1.205,1.422,4.024
2911.047,-1.237,1.436,4.040
2911.158,-1.266,1.445,4.056
2911.269,-1.291,1.452,4.070
2911.380,-1.312,1.457,4.078
2911.491,-1.328,1.462,4.080
2911.603,-1.337,1.471,4.070
2911.713,-1.351,1.480,4.049
2911.825,-1.373,1.493,4.019
2911.936,-1.406,1.508,3.979
2912.047,-1.440,1.520,3.931
2912.158,-1.472,1.530,3.872
2912.269,-1.503,1.540,3.805
2912.380,-1.532,1.540,3.741
2912.492,-1.554,1.538,3.689
2912.603,-1.571,1.542,3.656
2912.714,-1.584,1.545,3.635
2912.823,-1.596,1.546,3.620
2912.934,-1.603,1.546,3.609
2913.044,-1.602,1.539,3.601
2913.156,-1.592,1.534,3.596
2913.267,-1.576,1.532,3.593
2913.378,-1.560,1.526,3.594
2913.490,-1.542,1.523,3.613
2913.601,-1.529,1.532,3.653
2913.712,-1.522,1.538,3.704
2913.823,-1.524,1.540,3.758
2913.935,-1.531,1.541,3.808
2914.045,-1.537,1.543,3.851
2914.157,-1.543,1.541,3.882
2914.268,-1.544,1.545,3.896
2914.379,-1.533,1.546,3.899
2914.490,-1.500,1.543,3.896
2914.602,-1.447,1.536,3.903
2914.712,-1.400,1.537,3.929
2914.823,-1.380,1.537,3.945
2914.934,-1.366,1.533,3.942
2915.045,-1.356,1.532,3.931
2915.156,-1.365,1.535,3.910
2915.268,-1.387,1.545,3.877
2915.378,-1.421,1.553,3.838
2915.489,-1.462,1.554,3.800
2915.601,-1.504,1.553,3.764
2915.712,-1.541,1.550,3.732
2915.823,-1.574,1.551,3.703
2915.934,-1.597,1.558,3.673
2916.045,-1.610,1.560,3.643
2916.156,-1.611,1.564,3.613
2916.268,-1.599,1.570,3.584
2916.378,-1.574,1.572,3.556
2916.490,-1.540,1.575,3.527
2916.601,-1.499,1.576,3.497
2916.712,-1.457,1.575,3.466
2916.823,-1.413,1.571,3.437
2916.934,-1.368,1.566,3.414
2917.045,-1.326,1.565,3.397
2917.156,-1.292,1.566,3.382
2917.268,-1.267,1.563,3.363
2917.378,-1.260,1.558,3.343
2917.490,-1.271,1.552,3.318
2917.601,-1.293,1.547,3.292
2917.712,-1.320,1.546,3.269
2917.823,-1.349,1.543,3.246
2917.935,-1.378,1.539,3.224
2918.045,-1.410,1.534,3.198
2918.156,-1.442,1.530,3.177
2918.268,-1.468,1.526,3.157
2918.379,-1.479,1.526,3.132
2918.490,-1.470,1.527,3.108
2918.601,-1.446,1.526,3.088
2918.712,-1.410,1.527,3.072
2918.823,-1.367,1.529,3.063
2918.934,-1.324,1.530,3.055
2919.044,-1.284,1.526,3.038
2919.156,-1.252,1.525,3.019
2919.267,-1.227,1.527,3.004
2919.378,-1.200,1.527,2.999
2919.490,-1.180,1.524,3.001
2919.601,-1.165,1.524,3.011
2919.712,-1.149,1.524,3.024
2919.823,-1.122,1.529,3.028
2919.935,-1.092,1.533,3.009
2920.046,-1.086,1.535,2.972
2920.157,-1.116,1.535,2.948
2920.268,-1.160,1.536,2.958
2920.379,-1.195,1.533,2.991
2920.490,-1.220,1.532,3.033
2920.602,-1.235,1.531,3.076
2920.713,-1.247,1.530,3.113
2920.824,-1.255,1.529,3.141
2920.935,-1.264,1.533,3.158
2921.046,-1.272,1.534,3.167
2921.157,-1.281,1.534,3.167
2921.268,-1.292,1.532,3.168
2921.379,-1.298,1.535,3.168
2921.490,-1.301,1.537,3.163
2921.602,-1.306,1.532,3.158
2921.713,-1.320,1.534,3.151
2921.824,-1.349,1.540,3.132
2921.935,-1.384,1.540,3.110
2922.046,-1.422,1.539,3.084
2922.157,-1.458,1.540,3.057
2922.268,-1.489,1.541,3.029
2922.379,-1.515,1.539,3.002
2922.491,-1.520,1.536,2.986
2922.602,-1.494,1.526,2.994
2922.713,-1.486,1.508,3.041
2922.824,-1.501,1.497,3.088
2922.935,-1.522,1.492,3.120
2923.046,-1.538,1.494,3.154
2923.156,-1.549,1.494,3.192
2923.268,-1.563,1.491,3.236
2923.378,-1.580,1.491,3.286
2923.490,-1.598,1.491,3.340
2923.601,-1.617,1.494,3.392
2923.712,-1.634,1.491,3.433
2923.823,-1.644,1.490,3.465
2923.934,-1.650,1.491,3.489
2924.045,-1.650,1.489,3.504
2924.157,-1.637,1.488,3.507
2924.268,-1.607,1.487,3.501
2924.379,-1.573,1.481,3.491
2924.490,-1.532,1.484,3.482
2924.601,-1.492,1.488,3.473
2924.712,-1.461,1.489,3.461
2924.823,-1.429,1.490,3.448
2924.935,-1.405,1.487,3.437
2925.045,-1.386,1.486,3.433
2925.156,-1.377,1.486,3.428
2925.268,-1.372,1.481,3.422
2925.378,-1.355,1.482,3.422
2925.490,-1.336,1.483,3.420
2925.601,-1.321,1.495,3.410
2925.712,-1.313,1.514,3.387
2925.824,-1.322,1.528,3.378
2925.934,-1.335,1.540,3.391
2926.046,-1.341,1.545,3.420
2926.158,-1.334,1.542,3.452
2926.268,-1.322,1.537,3.480
2926.379,-1.315,1.534,3.501
2926.490,-1.315,1.539,3.517
2926.602,-1.318,1.540,3.533
2926.713,-1.328,1.544,3.547
2926.824,-1.345,1.551,3.558
2926.935,-1.367,1.555,3.563
2927.045,-1.390,1.559,3.562
2927.157,-1.416,1.561,3.556
2927.268,-1.443,1.562,3.550
2927.379,-1.473,1.563,3.544
2927.490,-1.502,1.562,3.536
2927.601,-1.530,1.560,3.527
2927.712,-1.557,1.558,3.518
2927.823,-1.580,1.556,3.508
2927.935,-1.600,1.555,3.498
2928.045,-1.617,1.554,3.490
2928.157,-1.631,1.551,3.486
2928.268,-1.638,1.550,3.483
2928.379,-1.636,1.551,3.480
2928.490,-1.628,1.550,3.475
2928.601,-1.614,1.550,3.469
2928.712,-1.591,1.550,3.461
2928.823,-1.560,1.549,3.451
2928.934,-1.521,1.551,3.441
2929.045,-1.477,1.554,3.430
2929.156,-1.434,1.555,3.425
2929.268,-1.391,1.555,3.423
2929.379,-1.348,1.553,3.421
2929.490,-1.308,1.550,3.423
2929.601,-1.277,1.550,3.432
2929.712,-1.248,1.549,3.444
2929.823,-1.220,1.550,3.453
2929.935,-1.206,1.549,3.451
2930.045,-1.209,1.547,3.438
2930.156,-1.224,1.541,3.417
2930.268,-1.236,1.537,3.393
2930.379,-1.234,1.538,3.364
2930.490,-1.231,1.542,3.330
2930.601,-1.234,1.541,3.285
2930.712,-1.242,1.542,3.234
2930.823,-1.252,1.543,3.183
2930.934,-1.261,1.542,3.138
2931.045,-1.269,1.538,3.100
2931.157,-1.274,1.531,3.077
2931.268,-1.271,1.528,3.065
2931.378,-1.265,1.524,3.059
2931.490,-1.250,1.525,3.049
2931.601,-1.222,1.524,3.047
2931.712,-1.186,1.527,3.055
2931.823,-1.146,1.532,3.063
2931.934,-1.109,1.532,3.062
2932.045,-1.079,1.521,3.060
2932.156,-1.053,1.511,3.053
2932.268,-1.034,1.494,3.045
2932.379,-1.020,1.479,3.047
2932.490,-1.004,1.482,3.058
2932.601,-0.994,1.490,3.080
2932.712,-0.991,1.499,3.112
2932.823,-0.994,1.507,3.154
2932.934,-1.003,1.518,3.206
2933.045,-1.015,1.529,3.263
2933.156,-1.037,1.532,3.329
2933.267,-1.054,1.542,3.417
2933.377,-1.029,1.551,3.500
2933.488,-0.981,1.552,3.542
2933.600,-0.932,1.555,3.548
2933.710,-0.883,1.557,3.536
2933.821,-0.838,1.558,3.514
2933.932,-0.802,1.556,3.484
2934.044,-0.773,1.553,3.451
2934.155,-0.754,1.548,3.419
2934.266,-0.739,1.546,3.395
2934.376,-0.725,1.550,3.380
2934.488,-0.712,1.551,3.367
2934.599,-0.719,1.550,3.344
2934.710,-0.721,1.541,3.301
2934.822,-0.697,1.535,3.263
2934.934,-0.663,1.536,3.251
2935.045,-0.639,1.531,3.262
2935.156,-0.624,1.527,3.283
2935.267,-0.619,1.522,3.303
2935.378,-0.612,1.521,3.311
2935.490,-0.604,1.523,3.309
2935.601,-0.600,1.527,3.299
2935.712,-0.601,1.526,3.282
2935.823,-0.606,1.522,3.259
2935.934,-0.613,1.521,3.227
2936.045,-0.622,1.525,3.182
2936.156,-0.623,1.522,3.138
2936.267,-0.618,1.523,3.102
2936.378,-0.611,1.523,3.074
2936.490,-0.610,1.521,3.052
2936.601,-0.613,1.521,3.039
2936.712,-0.624,1.525,3.036
2936.823,-0.642,1.525,3.042
2936.934,-0.666,1.527,3.056
2937.045,-0.693,1.528,3.079
2937.156,-0.724,1.534,3.113
2937.267,-0.757,1.543,3.153
2937.378,-0.790,1.549,3.192
2937.490,-0.824,1.550,3.228
2937.601,-0.856,1.546,3.261
2937.712,-0.886,1.542,3.289
2937.823,-0.914,1.541,3.309
2937.934,-0.947,1.536,3.322
2938.045,-0.989,1.529,3.334
2938.156,-1.033,1.523,3.339
2938.267,-1.071,1.519,3.344
2938.378,-1.095,1.516,3.359
2938.489,-1.107,1.506,3.372
2938.599,-1.115,1.497,3.374
2938.710,-1.124,1.493,3.372
2938.822,-1.126,1.492,3.368
2938.933,-1.121,1.491,3.362
2939.044,-1.118,1.489,3.358
2939.155,-1.119,1.489,3.358
2939.266,-1.120,1.487,3.362
2939.377,-1.123,1.484,3.372
2939.488,-1.126,1.481,3.390
2939.600,-1.124,1.477,3.416
2939.710,-1.117,1.474,3.451
2939.822,-1.108,1.472,3.496
2939.933,-1.097,1.475,3.552
2940.044,-1.086,1.474,3.609
2940.155,-1.073,1.468,3.661
2940.266,-1.064,1.463,3.709
2940.377,-1.061,1.457,3.747
2940.488,-1.064,1.452,3.772
2940.599,-1.081,1.454,3.780
2940.710,-1.123,1.464,3.761
2940.821,-1.166,1.478,3.711
2940.933,-1.184,1.496,3.641
2941.044,-1.176,1.511,3.577
2941.156,-1.162,1.518,3.535
2941.267,-1.152,1.524,3.503
2941.378,-1.143,1.528,3.472
2941.489,-1.137,1.531,3.441
2941.600,-1.131,1.533,3.406
2941.711,-1.128,1.533,3.368
2941.823,-1.124,1.531,3.327
2941.934,-1.122,1.528,3.290
2942.044,-1.124,1.523,3.260
2942.156,-1.128,1.522,3.237
2942.267,-1.130,1.522,3.221
2942.378,-1.128,1.522,3.212
2942.489,-1.129,1.524,3.206
2942.600,-1.139,1.525,3.199
2942.711,-1.152,1.519,3.191
2942.823,-1.162,1.516,3.191
2942.934,-1.171,1.519,3.207
2943.045,-1.180,1.521,3.240
2943.156,-1.189,1.524,3.289
2943.267,-1.195,1.530,3.346
2943.378,-1.199,1.534,3.399
2943.489,-1.206,1.535,3.449
2943.600,-1.221,1.532,3.503
2943.711,-1.254,1.525,3.583
2943.822,-1.263,1.510,3.681
2943.932,-1.236,1.499,3.749
2944.043,-1.205,1.483,3.792
2944.154,-1.178,1.469,3.814
2944.266,-1.169,1.468,3.823
2944.376,-1.171,1.465,3.825
2944.488,-1.184,1.464,3.819
2944.599,-1.206,1.464,3.801
2944.709,-1.237,1.465,3.772
2944.821,-1.275,1.471,3.737
2944.932,-1.311,1.475,3.701
2945.043,-1.343,1.477,3.668
2945.154,-1.369,1.481,3.644
2945.266,-1.391,1.483,3.630
2945.376,-1.406,1.488,3.629
2945.488,-1.413,1.490,3.642
2945.599,-1.416,1.489,3.670
2945.709,-1.412,1.491,3.711
2945.821,-1.402,1.502,3.763
2945.932,-1.392,1.509,3.817
2946.043,-1.386,1.512,3.866
2946.155,-1.386,1.513,3.901
2946.265,-1.385,1.516,3.921
2946.376,-1.385,1.522,3.929
2946.488,-1.385,1.527,3.932
2946.598,-1.383,1.532,3.929
2946.709,-1.380,1.538,3.921
2946.821,-1.375,1.542,3.905
2946.932,-1.371,1.545,3.879
2947.043,-1.375,1.549,3.843
2947.155,-1.385,1.550,3.796
2947.265,-1.394,1.551,3.742
2947.376,-1.400,1.549,3.689
2947.487,-1.400,1.538,3.639
2947.598,-1.396,1.531,3.597
2947.709,-1.393,1.533,3.570
2947.821,-1.395,1.537,3.555
2947.932,-1.412,1.540,3.529
2948.043,-1.434,1.533,3.482
2948.154,-1.444,1.527,3.400
2948.266,-1.421,1.522,3.320
2948.378,-1.388,1.516,3.263
2948.489,-1.363,1.513,3.234
2948.600,-1.344,1.511,3.231
2948.711,-1.323,1.514,3.244
2948.822,-1.303,1.521,3.273
2948.933,-1.278,1.530,3.313
2949.044,-1.253,1.536,3.353
2949.155,-1.226,1.533,3.388
2949.266,-1.200,1.526,3.416
2949.377,-1.177,1.523,3.440
2949.489,-1.158,1.529,3.459
2949.600,-1.139,1.531,3.465
2949.711,-1.110,1.534,3.453
2949.822,-1.069,1.538,3.418
2949.933,-1.025,1.543,3.367
2950.044,-0.993,1.536,3.317
2950.155,-0.972,1.534,3.277
2950.267,-0.957,1.536,3.251
2950.378,-0.947,1.536,3.235
2950.489,-0.943,1.536,3.227
2950.600,-0.944,1.537,3.223
2950.710,-0.949,1.536,3.225
2950.822,-0.961,1.536,3.234
2950.933,-0.978,1.536,3.254
2951.044,-0.999,1.537,3.285
2951.155,-1.021,1.538,3.329
2951.266,-1.041,1.541,3.379
2951.377,-1.055,1.544,3.429
2951.488,-1.066,1.547,3.475
2951.599,-1.073,1.549,3.513
2951.710,-1.074,1.548,3.538
2951.821,-1.076,1.547,3.558
2951.932,-1.085,1.548,3.573
2952.043,-1.098,1.548,3.579
2952.154,-1.112,1.547,3.578
2952.265,-1.130,1.544,3.570
2952.376,-1.150,1.539,3.554
2952.488,-1.175,1.535,3.533
2952.599,-1.211,1.534,3.508
2952.709,-1.251,1.532,3.483
2952.821,-1.293,1.530,3.457
2952.932,-1.341,1.530,3.443
2953.043,-1.387,1.527,3.467
2953.154,-1.397,1.523,3.508
2953.264,-1.388,1.522,3.540
2953.375,-1.375,1.519,3.555
2953.487,-1.353,1.514,3.562
2953.598,-1.308,1.507,3.560
2953.709,-1.249,1.505,3.553
2953.820,-1.184,1.501,3.549
2953.931,-1.125,1.494,3.549
2954.042,-1.074,1.493,3.543
2954.154,-1.030,1.497,3.530
2954.265,-1.002,1.498,3.511
2954.376,-0.985,1.503,3.491
2954.487,-0.986,1.507,3.476
2954.598,-1.016,1.510,3.471
2954.709,-1.053,1.516,3.465
2954.820,-1.091,1.531,3.449
2954.931,-1.123,1.538,3.419
2955.042,-1.160,1.538,3.384
2955.153,-1.191,1.536,3.351
2955.264,-1.217,1.533,3.321
2955.375,-1.234,1.534,3.299
2955.487,-1.247,1.533,3.282
2955.598,-1.255,1.531,3.268
2955.709,-1.262,1.530,3.255
2955.820,-1.271,1.531,3.248
2955.931,-1.277,1.532,3.247
2956.042,-1.279,1.530,3.247
2956.154,-1.278,1.531,3.249
2956.264,-1.277,1.534,3.252
2956.376,-1.274,1.538,3.260
2956.487,-1.264,1.541,3.273
2956.598,-1.242,1.544,3.296
2956.709,-1.210,1.547,3.328
2956.820,-1.177,1.548,3.363
2956.931,-1.148,1.542,3.399
2957.042,-1.127,1.529,3.433
2957.153,-1.110,1.515,3.464
2957.265,-1.104,1.515,3.474
2957.375,-1.110,1.519,3.467
2957.487,-1.122,1.530,3.431
2957.598,-1.124,1.544,3.375
2957.709,-1.111,1.552,3.314
2957.821,-1.086,1.556,3.250
2957.932,-1.054,1.560,3.181
2958.043,-1.014,1.559,3.111
2958.154,-0.972,1.553,3.050
2958.266,-0.932,1.545,3.005
2958.377,-0.898,1.540,2.976
2958.488,-0.870,1.537,2.955
2958.599,-0.846,1.534,2.940
2958.710,-0.828,1.532,2.937
2958.822,-0.817,1.531,2.946
2958.933,-0.815,1.533,2.958
2959.044,-0.818,1.533,2.963
2959.155,-0.817,1.534,2.965
2959.266,-0.816,1.533,2.979
2959.376,-0.817,1.533,3.013
2959.488,-0.825,1.537,3.065
2959.599,-0.840,1.544,3.123
2959.710,-0.860,1.544,3.176
2959.822,-0.880,1.541,3.224
2959.933,-0.896,1.537,3.268
2960.043,-0.901,1.535,3.299
2960.155,-0.897,1.532,3.313
2960.266,-0.878,1.529,3.315
2960.376,-0.856,1.528,3.309
2960.489,-0.837,1.528,3.299
2960.599,-0.815,1.529,3.290
2960.710,-0.798,1.535,3.282
2960.821,-0.777,1.537,3.268
2960.932,-0.742,1.535,3.236
2961.043,-0.691,1.533,3.185
2961.155,-0.623,1.532,3.122
2961.266,-0.549,1.528,3.066
2961.376,-0.486,1.527,3.026
2961.488,-0.439,1.529,3.001
2961.599,-0.408,1.520,2.981
2961.710,-0.387,1.516,2.953
2961.822,-0.376,1.517,2.913
2961.932,-0.367,1.510,2.858
2962.043,-0.359,1.498,2.778
2962.155,-0.346,1.504,2.674
2962.266,-0.333,1.509,2.584
2962.376,-0.321,1.507,2.518
2962.488,-0.309,1.509,2.468
2962.599,-0.293,1.501,2.417
2962.710,-0.269,1.488,2.363
2962.821,-0.236,1.478,2.310
2962.932,-0.195,1.477,2.250
2963.043,-0.162,1.483,2.185
2963.155,-0.153,1.485,2.124
2963.266,-0.151,1.481,2.067
2963.376,-0.155,1.472,2.002
2963.488,-0.167,1.458,1.934
2963.599,-0.188,1.448,1.860
2963.709,-0.213,1.453,1.777
2963.821,-0.224,1.460,1.701
2963.932,-0.219,1.457,1.637
2964.043,-0.204,1.457,1.577
2964.155,-0.182,1.451,1.517
2964.266,-0.148,1.442,1.453
2964.376,-0.101,1.440,1.390
2964.488,-0.059,1.449,1.331
2964.599,-0.030,1.456,1.284
2964.710,-0.006,1.463,1.245
2964.821,0.015,1.463,1.209
2964.932,0.028,1.461,1.173
2965.043,0.030,1.465,1.135
2965.155,0.028,1.477,1.098
2965.265,0.027,1.483,1.073
2965.376,0.032,1.489,1.064
2965.488,0.036,1.494,1.066
2965.599,0.044,1.499,1.078
2965.748,0.053,1.503,1.098
2965.851,0.052,1.505,1.113
2965.963,0.046,1.512,1.108
2966.074,0.036,1.516,1.089
2966.185,0.027,1.523,1.054
2966.292,0.029,1.531,1.019
2966.403,0.043,1.530,0.977
2966.514,0.066,1.528,0.935
2966.626,0.079,1.526,0.899
2966.737,0.083,1.522,0.876
2966.848,0.082,1.520,0.860
2966.959,0.081,1.521,0.849
2967.070,0.082,1.521,0.841
2967.182,0.086,1.521,0.836
2967.293,0.090,1.520,0.834
2967.404,0.093,1.520,0.835
2967.515,0.095,1.519,0.838
2967.626,0.098,1.519,0.843
2967.737,0.101,1.517,0.850
2967.848,0.104,1.515,0.859
2967.960,0.105,1.514,0.867
2968.070,0.108,1.513,0.875
2968.181,0.109,1.511,0.883
2968.293,0.109,1.510,0.889
2968.404,0.110,1.511,0.894
2968.515,0.111,1.512,0.896
2968.626,0.111,1.513,0.897
2968.738,0.109,1.513,0.895
2968.848,0.107,1.514,0.890
2968.960,0.103,1.515,0.881
2969.070,0.099,1.517,0.870
2969.182,0.096,1.518,0.857
2969.293,0.093,1.520,0.843
2969.404,0.091,1.522,0.827
2969.515,0.088,1.522,0.811
2969.626,0.084,1.523,0.796
2969.737,0.081,1.523,0.782
2969.848,0.079,1.524,0.772
2969.959,0.077,1.525,0.766
2970.070,0.077,1.525,0.767
2970.182,0.079,1.524,0.777
2970.293,0.085,1.524,0.797
2970.404,0.093,1.525,0.823
2970.515,0.104,1.525,0.851
2970.626,0.114,1.523,0.881
2970.737,0.123,1.521,0.910
2970.848,0.132,1.518,0.937
2970.959,0.138,1.513,0.961
2971.071,0.143,1.508,0.983
2971.181,0.146,1.504,1.002
2971.293,0.147,1.499,1.019
2971.404,0.149,1.494,1.033
2971.515,0.154,1.489,1.042
2971.626,0.155,1.486,1.038
2971.737,0.135,1.489,1.019
2971.848,0.087,1.503,0.978
2971.959,0.010,1.516,0.925
2972.070,-0.095,1.517,0.881
2972.182,-0.200,1.516,0.850
2972.293,-0.291,1.511,0.830
2972.404,-0.364,1.510,0.820
2972.515,-0.413,1.515,0.812
2972.626,-0.445,1.510,0.812
2972.737,-0.465,1.510,0.816
2972.848,-0.475,1.508,0.815
2972.959,-0.481,1.505,0.810
2973.070,-0.482,1.502,0.799
2973.182,-0.473,1.502,0.784
2973.293,-0.453,1.502,0.762
2973.404,-0.421,1.504,0.735
2973.515,-0.387,1.505,0.713
2973.626,-0.357,1.507,0.695
2973.736,-0.332,1.508,0.676
2973.847,-0.317,1.508,0.663
2973.958,-0.304,1.506,0.655
2974.070,-0.297,1.504,0.655
2974.181,-0.303,1.505,0.664
2974.292,-0.324,1.510,0.677
2974.403,-0.359,1.513,0.694
2974.514,-0.406,1.514,0.716
2974.626,-0.463,1.515,0.736
2974.737,-0.519,1.512,0.754
2974.848,-0.567,1.509,0.773
2974.959,-0.602,1.510,0.787
2975.070,-0.627,1.510,0.796
2975.182,-0.641,1.509,0.803
2975.292,-0.650,1.509,0.806
2975.404,-0.656,1.507,0.805
2975.515,-0.662,1.503,0.803
2975.626,-0.667,1.499,0.796
2975.738,-0.669,1.496,0.787
2975.848,-0.672,1.492,0.780
2975.959,-0.677,1.489,0.777
2976.070,-0.689,1.485,0.775
2976.182,-0.697,1.482,0.776
2976.293,-0.705,1.481,0.772
2976.403,-0.716,1.479,0.764
2976.514,-0.722,1.477,0.750
2976.626,-0.727,1.476,0.729
2976.737,-0.727,1.473,0.703
2976.848,-0.721,1.477,0.671
2976.959,-0.711,1.484,0.634
2977.070,-0.704,1.488,0.601
2977.181,-0.703,1.485,0.578
2977.292,-0.716,1.484,0.558
2977.403,-0.741,1.481,0.537
2977.515,-0.775,1.475,0.516
2977.626,-0.820,1.472,0.498
2977.737,-0.872,1.468,0.479
2977.848,-0.917,1.460,0.459
2977.959,-0.947,1.455,0.443
2978.070,-0.960,1.454,0.432
2978.181,-0.960,1.457,0.425
2978.293,-0.945,1.462,0.420
2978.404,-0.917,1.469,0.418
2978.515,-0.880,1.479,0.416
2978.626,-0.846,1.484,0.411
2978.737,-0.819,1.486,0.405
2978.847,-0.798,1.487,0.397
2978.959,-0.783,1.483,0.390
2979.070,-0.772,1.478,0.381
2979.181,-0.764,1.472,0.373
2979.292,-0.758,1.471,0.372
2979.403,-0.754,1.473,0.375
2979.514,-0.753,1.477,0.381
2979.626,-0.755,1.483,0.390
2979.737,-0.762,1.487,0.398
2979.848,-0.774,1.490,0.408
2979.959,-0.787,1.488,0.420
2980.070,-0.798,1.483,0.429
2980.181,-0.809,1.478,0.429
2980.292,-0.812,1.467,0.423
2980.404,-0.802,1.452,0.411
2980.515,-0.781,1.438,0.399
2980.626,-0.759,1.428,0.390
2980.737,-0.741,1.423,0.384
2980.848,-0.727,1.423,0.379
2980.959,-0.717,1.425,0.376
2981.070,-0.710,1.428,0.374
2981.182,-0.707,1.433,0.374
2981.292,-0.707,1.440,0.376
2981.403,-0.708,1.446,0.379
2981.514,-0.709,1.451,0.380
2981.625,-0.711,1.456,0.381
2981.737,-0.718,1.462,0.383
2981.848,-0.734,1.468,0.391
2981.959,-0.756,1.474,0.407
2982.070,-0.787,1.481,0.431
2982.180,-0.828,1.488,0.465
2982.292,-0.871,1.494,0.508
2982.403,-0.913,1.499,0.551
2982.514,-0.952,1.501,0.591
2982.625,-0.987,1.503,0.627
2982.737,-1.016,1.504,0.658
2982.847,-1.038,1.505,0.683
2982.959,-1.053,1.506,0.703
2983.070,-1.064,1.507,0.717
2983.181,-1.070,1.507,0.727
2983.292,-1.076,1.507,0.732
2983.403,-1.081,1.506,0.734
2983.514,-1.088,1.506,0.734
2983.625,-1.095,1.506,0.735
2983.737,-1.102,1.506,0.737
2983.848,-1.109,1.504,0.740
2983.959,-1.115,1.504,0.743
2984.070,-1.121,1.504,0.748
2984.181,-1.125,1.503,0.752
2984.292,-1.130,1.504,0.754
2984.403,-1.136,1.504,0.755
2984.514,-1.142,1.502,0.755
2984.625,-1.147,1.500,0.752
2984.737,-1.155,1.499,0.745
2984.847,-1.166,1.499,0.734
2984.958,-1.180,1.497,0.715
2985.070,-1.192,1.494,0.688
2985.181,-1.202,1.497,0.655
2985.292,-1.213,1.506,0.618
2985.403,-1.225,1.510,0.583
2985.514,-1.238,1.506,0.557
2985.625,-1.254,1.502,0.542
2985.737,-1.277,1.504,0.532
2985.848,-1.308,1.503,0.526
2985.958,-1.348,1.500,0.525
2986.070,-1.397,1.498,0.530
2986.181,-1.450,1.500,0.534
2986.292,-1.498,1.500,0.529
2986.403,-1.538,1.499,0.519
2986.514,-1.571,1.498,0.497
2986.625,-1.589,1.493,0.471
2986.737,-1.595,1.494,0.444
2986.847,-1.604,1.493,0.424
2986.958,-1.621,1.496,0.413
2987.070,-1.651,1.494,0.405
2987.181,-1.689,1.488,0.398
2987.292,-1.738,1.487,0.389
2987.403,-1.788,1.484,0.380
2987.514,-1.831,1.478,0.376
2987.625,-1.866,1.477,0.372
2987.739,-1.893,1.477,0.371
2987.847,-1.915,1.478,0.372
2987.959,-1.932,1.480,0.374
2988.070,-1.947,1.482,0.378
2988.181,-1.962,1.483,0.383
2988.292,-1.975,1.485,0.386
2988.403,-1.988,1.486,0.385
2988.514,-1.999,1.486,0.382
2988.625,-2.009,1.484,0.378
2988.736,-2.016,1.483,0.377
2988.847,-2.022,1.481,0.377
2988.958,-2.024,1.479,0.376
2989.070,-2.024,1.479,0.375
2989.181,-2.023,1.479,0.376
2989.292,-2.020,1.482,0.379
2989.403,-2.013,1.486,0.379
2989.514,-2.002,1.490,0.378
2989.625,-1.984,1.491,0.371
2989.736,-1.949,1.490,0.364
2989.847,-1.905,1.492,0.371
2989.958,-1.870,1.498,0.388
2990.069,-1.832,1.505,0.412
2990.180,-1.792,1.509,0.440
2990.292,-1.750,1.512,0.473
2990.403,-1.706,1.516,0.509
2990.514,-1.662,1.517,0.546
2990.625,-1.623,1.517,0.580
2990.736,-1.593,1.517,0.607
2990.847,-1.570,1.519,0.621
2990.958,-1.548,1.519,0.623
2991.070,-1.527,1.515,0.610
2991.180,-1.507,1.509,0.584
2991.291,-1.489,1.509,0.550
2991.403,-1.470,1.509,0.514
2991.514,-1.449,1.508,0.482
2991.625,-1.427,1.505,0.456
2991.736,-1.405,1.504,0.441
2991.847,-1.385,1.507,0.434
2991.958,-1.363,1.512,0.431
2992.069,-1.332,1.513,0.433
2992.180,-1.285,1.512,0.443
2992.292,-1.228,1.508,0.465
2992.403,-1.162,1.506,0.497
2992.514,-1.096,1.509,0.531
2992.625,-1.041,1.512,0.553
2992.736,-0.996,1.511,0.561
2992.847,-0.958,1.510,0.554
2992.958,-0.925,1.504,0.531
2993.069,-0.904,1.498,0.498
2993.180,-0.884,1.499,0.460
2993.291,-0.863,1.497,0.429
2993.402,-0.835,1.491,0.411
2993.514,-0.798,1.488,0.398
2993.625,-0.755,1.480,0.390
2993.736,-0.705,1.470,0.383
2993.847,-0.660,1.457,0.382
2993.958,-0.627,1.447,0.389
2994.069,-0.605,1.443,0.400
2994.180,-0.591,1.443,0.412
2994.291,-0.583,1.447,0.424
2994.403,-0.583,1.456,0.434
2994.513,-0.589,1.466,0.442
2994.625,-0.602,1.476,0.452
2994.736,-0.628,1.487,0.463
2994.847,-0.678,1.499,0.475
2994.958,-0.743,1.509,0.499
2995.069,-0.808,1.514,0.537
2995.180,-0.871,1.516,0.583
2995.292,-0.933,1.516,0.633
2995.402,-0.996,1.512,0.680
2995.514,-1.048,1.511,0.717
2995.625,-1.094,1.515,0.738
2995.736,-1.138,1.512,0.747
2995.846,-1.180,1.508,0.740
2995.958,-1.223,1.503,0.718
2996.069,-1.268,1.496,0.680
2996.180,-1.316,1.496,0.630
2996.291,-1.361,1.506,0.585
2996.402,-1.402,1.509,0.555
2996.513,-1.438,1.512,0.536
2996.625,-1.474,1.510,0.520
2996.736,-1.517,1.504,0.505
2996.847,-1.572,1.497,0.489
2996.958,-1.642,1.490,0.474
2997.069,-1.724,1.493,0.453
2997.180,-1.796,1.494,0.428
2997.291,-1.852,1.487,0.409
2997.403,-1.895,1.483,0.395
2997.513,-1.929,1.479,0.384
2997.625,-1.953,1.477,0.379
2997.736,-1.969,1.475,0.378
2997.846,-1.979,1.476,0.381
2997.958,-1.985,1.477,0.388
2998.069,-1.989,1.477,0.395
2998.180,-1.997,1.475,0.399
2998.291,-2.005,1.474,0.398
2998.402,-2.013,1.470,0.394
2998.513,-2.019,1.466,0.391
2998.625,-2.020,1.464,0.389
2998.735,-2.015,1.465,0.390
2998.847,-2.005,1.469,0.394
2998.958,-1.991,1.471,0.397
2999.068,-1.958,1.475,0.400
2999.180,-1.893,1.487,0.407
2999.291,-1.797,1.497,0.428
2999.402,-1.691,1.502,0.473
2999.513,-1.595,1.505,0.530
2999.624,-1.515,1.507,0.586
2999.735,-1.449,1.511,0.634
2999.846,-1.392,1.516,0.668
2999.958,-1.338,1.517,0.685
3000.069,-1.280,1.514,0.685
3000.180,-1.221,1.510,0.668
3000.291,-1.163,1.506,0.635
3000.402,-1.099,1.518,0.595
3000.513,-1.033,1.528,0.566
3000.625,-0.969,1.529,0.555
3000.735,-0.903,1.528,0.554
3000.846,-0.833,1.518,0.564
3000.957,-0.761,1.506,0.590
3001.069,-0.686,1.506,0.628
3001.180,-0.615,1.517,0.658
3001.291,-0.549,1.521,0.668
3001.402,-0.486,1.521,0.663
3001.513,-0.418,1.513,0.646
3001.624,-0.349,1.497,0.614
3001.735,-0.277,1.491,0.566
3001.846,-0.207,1.490,0.522
3001.958,-0.149,1.488,0.495
3002.069,-0.106,1.487,0.481
3002.180,-0.082,1.485,0.478
3002.291,-0.068,1.488,0.489
3002.402,-0.057,1.494,0.515
3002.513,-0.044,1.500,0.557
3002.624,-0.029,1.506,0.603
3002.736,-0.016,1.506,0.639
3002.846,-0.007,1.500,0.662
3002.957,-0.011,1.498,0.673
3003.069,-0.031,1.498,0.680
3003.179,-0.059,1.496,0.683
3003.291,-0.095,1.494,0.680
3003.402,-0.136,1.491,0.667
3003.513,-0.169,1.484,0.651
3003.624,-0.186,1.482,0.628
3003.735,-0.192,1.466,0.600
3003.846,-0.188,1.448,0.574
3003.957,-0.177,1.439,0.554
3004.068,-0.163,1.437,0.549
3004.179,-0.157,1.450,0.553
3004.291,-0.156,1.460,0.561
3004.402,-0.163,1.471,0.572
3004.512,-0.177,1.481,0.585
3004.624,-0.203,1.491,0.601
3004.735,-0.248,1.505,0.624
3004.846,-0.301,1.512,0.654
3004.957,-0.357,1.511,0.684
3005.068,-0.418,1.510,0.715
3005.179,-0.487,1.515,0.747
3005.290,-0.556,1.520,0.774
3005.402,-0.620,1.524,0.790
3005.512,-0.686,1.523,0.793
3005.624,-0.756,1.515,0.781
3005.735,-0.827,1.505,0.751
3005.846,-0.899,1.499,0.707
3005.957,-0.972,1.508,0.663
3006.068,-1.043,1.515,0.633
3006.179,-1.109,1.518,0.612
3006.291,-1.176,1.514,0.596
3006.401,-1.245,1.504,0.592
3006.512,-1.316,1.498,0.599
3006.624,-1.395,1.507,0.607
3006.735,-1.467,1.508,0.607
3006.846,-1.531,1.509,0.598
3006.957,-1.592,1.510,0.584
3007.068,-1.652,1.502,0.563
3007.179,-1.711,1.496,0.531
3007.290,-1.766,1.496,0.489
3007.402,-1.819,1.496,0.448
3007.512,-1.866,1.484,0.412
3007.624,-1.903,1.470,0.382
3007.735,-1.929,1.461,0.363
3007.846,-1.946,1.457,0.356
3007.957,-1.957,1.458,0.362
3008.068,-1.959,1.461,0.375
3008.179,-1.950,1.466,0.397
3008.290,-1.931,1.475,0.425
3008.401,-1.912,1.485,0.457
3008.512,-1.898,1.493,0.488
3008.624,-1.888,1.496,0.515
3008.735,-1.879,1.497,0.537
3008.846,-1.872,1.498,0.553
3008.957,-1.865,1.497,0.562
3009.068,-1.860,1.499,0.560
3009.179,-1.855,1.500,0.545
3009.290,-1.851,1.498,0.516
3009.401,-1.848,1.497,0.474
3009.512,-1.846,1.493,0.425
3009.624,-1.844,1.484,0.377
3009.735,-1.843,1.473,0.338
3009.846,-1.846,1.465,0.309
3009.957,-1.844,1.459,0.296
3010.069,-1.832,1.463,0.301
3010.179,-1.812,1.474,0.324
3010.290,-1.785,1.485,0.365
3010.402,-1.746,1.488,0.410
3010.512,-1.688,1.488,0.446
3010.624,-1.638,1.489,0.482
3010.735,-1.596,1.496,0.510
3010.846,-1.549,1.494,0.537
3010.957,-1.482,1.495,0.565
3011.068,-1.400,1.496,0.590
3011.179,-1.311,1.495,0.615
3011.291,-1.236,1.502,0.638
3011.401,-1.175,1.507,0.649
3011.512,-1.118,1.504,0.643
3011.623,-1.064,1.496,0.618
3011.734,-1.010,1.483,0.574
3011.845,-0.951,1.467,0.513
3011.957,-0.894,1.461,0.452
3012.068,-0.846,1.465,0.408
3012.179,-0.812,1.468,0.378
3012.290,-0.787,1.470,0.363
3012.401,-0.762,1.473,0.363
3012.512,-0.730,1.475,0.374
3012.623,-0.682,1.477,0.395
3012.735,-0.621,1.479,0.415
3012.845,-0.573,1.476,0.431
3012.957,-0.557,1.473,0.428
3013.068,-0.555,1.470,0.419
3013.179,-0.559,1.465,0.410
3013.290,-0.561,1.463,0.399
3013.401,-0.560,1.463,0.383
3013.512,-0.559,1.458,0.367
3013.623,-0.554,1.454,0.357
3013.735,-0.531,1.457,0.355
3013.845,-0.491,1.458,0.359
3013.957,-0.436,1.457,0.367
3014.068,-0.369,1.461,0.379
3014.179,-0.304,1.464,0.385
3014.290,-0.252,1.462,0.389
3014.401,-0.210,1.458,0.390
3014.512,-0.178,1.453,0.393
3014.623,-0.153,1.452,0.398
3014.734,-0.141,1.453,0.405
3014.845,-0.142,1.457,0.409
3014.957,-0.157,1.462,0.405
3015.068,-0.188,1.467,0.393
3015.178,-0.231,1.470,0.386
3015.290,-0.282,1.475,0.388
3015.401,-0.343,1.481,0.400
3015.512,-0.413,1.485,0.418
3015.623,-0.488,1.488,0.433
3015.734,-0.553,1.488,0.444
3015.845,-0.606,1.492,0.442
3015.957,-0.647,1.486,0.427
3016.068,-0.677,1.474,0.396
3016.178,-0.697,1.448,0.345
3016.290,-0.708,1.418,0.292
3016.401,-0.712,1.400,0.258
3016.512,-0.723,1.408,0.252
3016.623,-0.743,1.430,0.272
3016.734,-0.775,1.451,0.310
3016.846,-0.805,1.460,0.352
3016.957,-0.806,1.459,0.377
3017.067,-0.799,1.460,0.399
3017.178,-0.786,1.458,0.415
3017.290,-0.752,1.461,0.419
3017.401,-0.702,1.460,0.404
3017.512,-0.638,1.454,0.366
3017.623,-0.570,1.446,0.314
3017.734,-0.503,1.430,0.259
3017.845,-0.439,1.402,0.214
3017.956,-0.395,1.384,0.194
3018.066,-0.375,1.384,0.189
3018.178,-0.377,1.394,0.191
3018.289,-0.402,1.412,0.200
3018.400,-0.452,1.443,0.220
3018.511,-0.514,1.469,0.260
3018.622,-0.597,1.487,0.318
3018.733,-0.690,1.496,0.406
3018.844,-0.772,1.498,0.507
3018.956,-0.842,1.499,0.594
3019.067,-0.903,1.504,0.658
3019.178,-0.967,1.509,0.703
3019.289,-1.038,1.501,0.733
3019.400,-1.118,1.488,0.746
3019.511,-1.204,1.476,0.740
3019.623,-1.296,1.480,0.729
3019.734,-1.374,1.492,0.733
3019.845,-1.440,1.500,0.754
3019.956,-1.501,1.498,0.785
3020.067,-1.565,1.488,0.828
3020.178,-1.633,1.476,0.884
3020.289,-1.714,1.475,0.950
3020.400,-1.790,1.478,1.007
3020.511,-1.854,1.473,1.052
3020.623,-1.903,1.462,1.087
3020.734,-1.934,1.454,1.110
3020.845,-1.954,1.454,1.125
3020.956,-1.959,1.453,1.134
3021.067,-1.953,1.455,1.142
3021.178,-1.946,1.455,1.145
3021.289,-1.947,1.454,1.144
3021.400,-1.956,1.449,1.137
3021.511,-1.962,1.441,1.126
3021.623,-1.960,1.440,1.116
3021.734,-1.955,1.444,1.109
3021.845,-1.950,1.448,1.101
3021.956,-1.940,1.451,1.077
3022.067,-1.905,1.468,1.015
3022.178,-1.821,1.493,0.936
3022.289,-1.709,1.506,0.874
3022.400,-1.603,1.504,0.828
3022.511,-1.506,1.499,0.789
3022.622,-1.432,1.501,0.762
3022.734,-1.383,1.504,0.737
3022.845,-1.348,1.498,0.711
3022.956,-1.327,1.490,0.676
3023.067,-1.316,1.480,0.626
3023.178,-1.310,1.469,0.559
3023.289,-1.299,1.459,0.483
3023.400,-1.281,1.451,0.434
3023.511,-1.252,1.458,0.413
3023.623,-1.212,1.466,0.412
3023.734,-1.152,1.471,0.435
3023.845,-1.082,1.476,0.474
3023.956,-1.006,1.477,0.527
3024.067,-0.926,1.483,0.582
3024.178,-0.857,1.490,0.626
3024.289,-0.800,1.498,0.654
3024.400,-0.747,1.500,0.663
3024.511,-0.692,1.495,0.653
3024.623,-0.634,1.485,0.626
3024.734,-0.575,1.475,0.583
3024.844,-0.511,1.483,0.535
3024.956,-0.451,1.492,0.508
3025.067,-0.396,1.497,0.489
3025.178,-0.336,1.493,0.469
3025.289,-0.272,1.483,0.449
3025.400,-0.200,1.474,0.428
3025.511,-0.132,1.466,0.410
3025.623,-0.082,1.461,0.400
3025.747,-0.046,1.455,0.398
3025.857,-0.027,1.454,0.401
3025.968,-0.016,1.456,0.406
3026.079,-0.014,1.462,0.412
3026.190,-0.022,1.468,0.414
3026.303,-0.039,1.474,0.416
3026.414,-0.067,1.479,0.423
3026.525,-0.101,1.483,0.439
3026.636,-0.131,1.482,0.452
3026.747,-0.141,1.480,0.458
3026.858,-0.123,1.477,0.457
3026.969,-0.084,1.470,0.445
3027.081,-0.037,1.458,0.424
3027.192,0.000,1.444,0.408
3027.303,0.026,1.436,0.398
3027.414,0.043,1.432,0.395
3027.525,0.051,1.433,0.398
3027.636,0.050,1.442,0.407
3027.747,0.037,1.455,0.417
3027.858,0.014,1.467,0.428
3027.969,-0.015,1.474,0.444
3028.081,-0.043,1.477,0.461
3028.192,-0.063,1.480,0.470
3028.303,-0.069,1.477,0.473
3028.414,-0.058,1.472,0.466
3028.525,-0.034,1.461,0.451
3028.636,-0.005,1.449,0.435
3028.747,0.020,1.442,0.425
3028.858,0.037,1.442,0.421
3028.969,0.043,1.446,0.422
3029.081,0.037,1.453,0.423
3029.191,0.022,1.459,0.425
3029.303,-0.002,1.467,0.427
3029.414,-0.037,1.476,0.432
3029.525,-0.084,1.482,0.445
3029.636,-0.147,1.490,0.469
3029.747,-0.233,1.499,0.510
3029.858,-0.320,1.503,0.572
3029.969,-0.392,1.502,0.631
3030.080,-0.452,1.506,0.676
3030.191,-0.512,1.509,0.709
3030.302,-0.577,1.504,0.734
3030.414,-0.650,1.496,0.749
3030.525,-0.729,1.486,0.751
3030.636,-0.816,1.491,0.746
3030.747,-0.900,1.506,0.749
3030.858,-0.973,1.514,0.764
3030.969,-1.044,1.516,0.788
3031.081,-1.117,1.507,0.819
3031.192,-1.189,1.493,0.861
3031.302,-1.267,1.492,0.911
3031.414,-1.346,1.496,0.950
3031.525,-1.416,1.486,0.965
3031.636,-1.488,1.484,0.973
3031.747,-1.559,1.471,0.973
3031.858,-1.631,1.457,0.960
3031.969,-1.704,1.456,0.948
3032.080,-1.766,1.462,0.952
3032.191,-1.816,1.465,0.970
3032.302,-1.863,1.460,0.996
3032.413,-1.908,1.451,1.032
3032.524,-1.954,1.446,1.075
3032.635,-1.991,1.442,1.114
3032.747,-2.013,1.439,1.143
3032.857,-2.027,1.435,1.163
3032.969,-2.036,1.429,1.175
3033.080,-2.045,1.422,1.178
3033.191,-2.054,1.413,1.175
3033.302,-2.057,1.404,1.168
3033.416,-2.053,1.403,1.160
3033.524,-2.049,1.410,1.159
3033.635,-2.041,1.419,1.165
3033.747,-2.029,1.428,1.171
3033.858,-2.018,1.435,1.169
3033.969,-2.006,1.442,1.159
3034.080,-1.980,1.455,1.134
3034.191,-1.929,1.477,1.091
3034.302,-1.852,1.494,1.043
3034.413,-1.765,1.503,1.002
3034.524,-1.676,1.508,0.967
3034.635,-1.589,1.510,0.947
3034.746,-1.515,1.508,0.943
3034.858,-1.458,1.512,0.941
3034.969,-1.412,1.515,0.933
3035.080,-1.373,1.514,0.915
3035.191,-1.337,1.512,0.884
3035.302,-1.304,1.508,0.842
3035.413,-1.269,1.509,0.790
3035.524,-1.227,1.519,0.734
3035.635,-1.181,1.519,0.692
3035.746,-1.129,1.518,0.669
3035.858,-1.069,1.516,0.655
3035.969,-1.003,1.506,0.648
3036.080,-0.931,1.498,0.655
3036.191,-0.853,1.506,0.670
3036.302,-0.787,1.516,0.679
3036.413,-0.734,1.520,0.674
3036.524,-0.684,1.524,0.662
3036.635,-0.629,1.522,0.641
3036.746,-0.573,1.514,0.608
3036.857,-0.515,1.511,0.565
3036.968,-0.454,1.519,0.525
3037.079,-0.400,1.515,0.497
3037.190,-0.356,1.512,0.479
3037.302,-0.328,1.511,0.470
3037.413,-0.320,1.510,0.474
3037.524,-0.313,1.517,0.485
3037.635,-0.305,1.516,0.501
3037.746,-0.302,1.511,0.526
3037.857,-0.297,1.508,0.572
3037.969,-0.285,1.511,0.624
3038.080,-0.275,1.502,0.672
3038.191,-0.276,1.499,0.712
3038.302,-0.286,1.504,0.743
3038.413,-0.301,1.506,0.775
3038.524,-0.319,1.511,0.803
3038.635,-0.341,1.516,0.830
3038.746,-0.375,1.520,0.860
3038.857,-0.419,1.524,0.896
3038.969,-0.469,1.526,0.936
3039.080,-0.521,1.527,0.976
3039.191,-0.576,1.528,1.016
3039.302,-0.627,1.526,1.058
3039.413,-0.667,1.527,1.102
3039.524,-0.691,1.528,1.145
3039.635,-0.701,1.528,1.174
3039.747,-0.702,1.526,1.183
3039.857,-0.693,1.524,1.177
3039.969,-0.676,1.527,1.155
3040.080,-0.666,1.535,1.122
3040.191,-0.663,1.535,1.090
3040.302,-0.659,1.535,1.061
3040.413,-0.651,1.535,1.038
3040.524,-0.640,1.533,1.019
3040.635,-0.620,1.536,1.011
3040.747,-0.578,1.539,1.008
3040.858,-0.518,1.539,1.010
3040.969,-0.454,1.539,1.023
3041.080,-0.387,1.531,1.039
3041.191,-0.318,1.520,1.047
3041.302,-0.259,1.513,1.035
3041.413,-0.221,1.512,1.010
3041.524,-0.204,1.509,0.976
3041.635,-0.213,1.512,0.939
3041.746,-0.235,1.525,0.915
3041.857,-0.264,1.522,0.912
3041.969,-0.293,1.517,0.922
3042.080,-0.313,1.533,0.921
3042.191,-0.324,1.551,0.910
3042.302,-0.326,1.570,0.890
3042.413,-0.317,1.584,0.862
3042.524,-0.294,1.594,0.832
3042.635,-0.255,1.605,0.808
3042.746,-0.210,1.603,0.793
3042.857,-0.168,1.596,0.789
3042.969,-0.134,1.586,0.790
3043.080,-0.114,1.585,0.782
3043.191,-0.114,1.585,0.764
3043.302,-0.133,1.581,0.744
3043.413,-0.161,1.582,0.726
3043.524,-0.185,1.579,0.711
3043.635,-0.205,1.577,0.704
3043.746,-0.218,1.572,0.703
3043.855,-0.223,1.567,0.700
3043.966,-0.227,1.569,0.692
3044.078,-0.228,1.572,0.683
3044.189,-0.227,1.576,0.681
3044.300,-0.225,1.574,0.682
3044.411,-0.222,1.573,0.680
3044.522,-0.219,1.576,0.675
3044.634,-0.215,1.577,0.676
3044.745,-0.208,1.573,0.688
3044.856,-0.199,1.571,0.696
3044.968,-0.189,1.575,0.700
3045.079,-0.179,1.572,0.709
3045.189,-0.170,1.569,0.722
3045.301,-0.162,1.570,0.726
3045.412,-0.156,1.572,0.729
3045.523,-0.152,1.570,0.735
3045.634,-0.149,1.569,0.740
3045.746,-0.145,1.571,0.741
3045.856,-0.146,1.573,0.739
3045.968,-0.147,1.573,0.746
3046.079,-0.149,1.572,0.750
3046.190,-0.152,1.575,0.748
3046.301,-0.156,1.578,0.748
3046.412,-0.159,1.578,0.752
3046.523,-0.162,1.579,0.750
3046.634,-0.163,1.582,0.749
3046.746,-0.163,1.582,0.752
3046.857,-0.162,1.581,0.751
3046.968,-0.159,1.581,0.747
3047.079,-0.155,1.581,0.749
3047.190,-0.152,1.580,0.753
3047.302,-0.149,1.580,0.749
3047.412,-0.146,1.581,0.742
3047.523,-0.144,1.583,0.739
3047.635,-0.144,1.583,0.737
3047.746,-0.143,1.583,0.731
3047.857,-0.143,1.586,0.723
3047.968,-0.144,1.589,0.718
3048.079,-0.143,1.588,0.723
3048.190,-0.144,1.588,0.733
3048.301,-0.147,1.587,0.740
3048.412,-0.151,1.588,0.740
3048.523,-0.153,1.589,0.743
3048.635,-0.154,1.588,0.748
3048.746,-0.159,1.586,0.754
3048.857,-0.164,1.582,0.756
3048.968,-0.169,1.584,0.752
3049.079,-0.172,1.586,0.749
3049.190,-0.173,1.584,0.751
3049.301,-0.174,1.579,0.754
3049.412,-0.175,1.577,0.752
3049.523,-0.179,1.577,0.748
3049.635,-0.182,1.581,0.743
3049.746,-0.185,1.585,0.741
3049.857,-0.188,1.583,0.743
3049.968,-0.191,1.582,0.746
3050.079,-0.193,1.579,0.745
3050.190,-0.193,1.580,0.741
3050.301,-0.193,1.584,0.737
3050.412,-0.192,1.585,0.736
3050.523,-0.188,1.582,0.740
3050.635,-0.182,1.579,0.743
3050.746,-0.172,1.576,0.744
3050.857,-0.159,1.574,0.743
3050.968,-0.144,1.572,0.742
3051.079,-0.126,1.571,0.741
3051.190,-0.102,1.564,0.744
3051.302,-0.077,1.554,0.746
3051.412,-0.050,1.547,0.748
3051.525,-0.023,1.538,0.747
3051.635,-0.002,1.531,0.745
3051.746,0.012,1.526,0.741
3051.857,0.017,1.515,0.737
3051.968,0.020,1.504,0.734
3052.079,0.022,1.500,0.733
3052.190,0.023,1.502,0.734
3052.301,0.022,1.498,0.738
3052.412,0.016,1.496,0.749
3052.523,0.012,1.494,0.764
3052.634,0.007,1.491,0.782
3052.745,-0.003,1.492,0.808
3052.857,-0.016,1.492,0.832
3052.968,-0.035,1.495,0.859
3053.079,-0.054,1.495,0.886
3053.190,-0.070,1.495,0.910
3053.301,-0.082,1.494,0.932
3053.412,-0.089,1.494,0.950
3053.523,-0.087,1.494,0.964
3053.634,-0.075,1.494,0.972
3053.745,-0.057,1.494,0.975
3053.856,-0.032,1.495,0.973
3053.968,0.001,1.497,0.968
3054.079,0.042,1.499,0.960
3054.189,0.081,1.502,0.954
3054.301,0.115,1.505,0.949
3054.412,0.146,1.505,0.943
3054.523,0.170,1.504,0.938
3054.635,0.188,1.505,0.933
3054.745,0.200,1.507,0.928
3054.856,0.210,1.512,0.922
3054.968,0.216,1.519,0.919
3055.078,0.220,1.518,0.916
3055.190,0.222,1.518,0.916
3055.301,0.222,1.521,0.915
3055.412,0.220,1.520,0.915
3055.523,0.219,1.519,0.917
3055.634,0.218,1.518,0.918
3055.745,0.216,1.518,0.919
3055.856,0.211,1.519,0.920
3055.967,0.205,1.521,0.920
3056.079,0.196,1.522,0.921
3056.189,0.182,1.523,0.923
3056.301,0.166,1.526,0.926
3056.412,0.148,1.528,0.929
3056.523,0.130,1.529,0.934
3056.634,0.110,1.529,0.939
3056.746,0.089,1.528,0.942
3056.856,0.069,1.527,0.947
3056.968,0.047,1.527,0.949
3057.079,0.026,1.524,0.952
3057.190,0.007,1.520,0.954
3057.301,-0.011,1.521,0.960
3057.412,-0.026,1.518,0.965
3057.523,-0.036,1.515,0.972
3057.634,-0.042,1.512,0.979
3057.745,-0.046,1.509,0.984
3057.856,-0.047,1.510,0.988
3057.968,-0.047,1.509,0.992
3058.079,-0.044,1.509,0.994
3058.189,-0.039,1.508,0.995
3058.301,-0.031,1.505,0.996
3058.412,-0.016,1.503,0.999
3058.523,0.005,1.501,1.001
3058.634,0.034,1.497,1.004
3058.745,0.072,1.492,1.008
3058.856,0.118,1.490,1.016
3058.967,0.167,1.490,1.030
3059.078,0.214,1.489,1.048
3059.189,0.255,1.486,1.063
3059.301,0.287,1.483,1.074
3059.411,0.308,1.480,1.083
3059.522,0.314,1.480,1.094
3059.634,0.298,1.480,1.104
3059.744,0.254,1.483,1.094
3059.855,0.194,1.490,1.063
3059.967,0.130,1.495,1.013
3060.078,0.067,1.500,0.948
3060.189,0.013,1.500,0.872
3060.301,-0.021,1.496,0.804
3060.411,-0.042,1.499,0.757
3060.522,-0.063,1.502,0.729
3060.633,-0.085,1.504,0.713
3060.744,-0.110,1.506,0.706
3060.855,-0.142,1.503,0.703
3060.966,-0.175,1.504,0.703
3061.077,-0.203,1.509,0.697
3061.189,-0.224,1.504,0.694
3061.300,-0.233,1.503,0.685
3061.410,-0.222,1.499,0.671
3061.522,-0.191,1.495,0.654
3061.633,-0.148,1.493,0.637
3061.744,-0.102,1.493,0.620
3061.855,-0.059,1.493,0.602
3061.966,-0.018,1.491,0.584
3062.077,0.018,1.490,0.569
3062.189,0.045,1.492,0.554
3062.300,0.065,1.492,0.542
3062.411,0.080,1.491,0.533
3062.522,0.091,1.490,0.524
3062.633,0.096,1.493,0.512
3062.744,0.098,1.495,0.495
3062.855,0.096,1.499,0.477
3062.967,0.094,1.499,0.463
3063.078,0.095,1.498,0.459
3063.189,0.102,1.499,0.468
3063.300,0.118,1.501,0.489
3063.411,0.142,1.502,0.516
3063.522,0.172,1.501,0.541
3063.633,0.202,1.498,0.563
3063.744,0.228,1.500,0.576
3063.855,0.245,1.502,0.585
3063.966,0.250,1.501,0.591
3064.077,0.249,1.500,0.592
3064.188,0.248,1.499,0.592
3064.300,0.250,1.499,0.585
3064.411,0.253,1.499,0.575
3064.522,0.256,1.499,0.565
3064.633,0.258,1.500,0.557
3064.744,0.260,1.502,0.551
3064.855,0.260,1.504,0.549
3064.966,0.253,1.504,0.544
3065.077,0.236,1.497,0.542
3065.188,0.200,1.490,0.546
3065.299,0.149,1.485,0.550
3065.410,0.090,1.479,0.550
3065.521,0.027,1.475,0.543
3065.633,-0.029,1.473,0.542
3065.744,-0.070,1.473,0.543
3065.855,-0.101,1.476,0.547
3065.966,-0.122,1.479,0.553
3066.077,-0.132,1.484,0.559
3066.188,-0.133,1.486,0.567
3066.299,-0.123,1.490,0.579
3066.411,-0.106,1.496,0.591
3066.521,-0.085,1.500,0.604
3066.633,-0.067,1.502,0.618
3066.744,-0.051,1.503,0.632
3066.855,-0.042,1.503,0.644
3066.966,-0.038,1.505,0.650
3067.077,-0.039,1.504,0.650
3067.188,-0.045,1.501,0.648
3067.299,-0.055,1.501,0.641
3067.410,-0.066,1.500,0.631
3067.521,-0.077,1.499,0.623
3067.633,-0.087,1.499,0.614
3067.743,-0.095,1.499,0.603
3067.855,-0.100,1.499,0.591
3067.966,-0.104,1.499,0.578
3068.077,-0.107,1.500,0.566
3068.188,-0.108,1.498,0.558
3068.299,-0.106,1.496,0.557
3068.410,-0.101,1.497,0.563
3068.521,-0.101,1.495,0.571
3068.632,-0.109,1.488,0.577
3068.743,-0.138,1.486,0.582
3068.854,-0.185,1.484,0.582
3068.966,-0.246,1.477,0.577
3069.077,-0.313,1.472,0.563
3069.188,-0.373,1.465,0.551
3069.299,-0.417,1.463,0.544
3069.410,-0.447,1.461,0.539
3069.521,-0.468,1.458,0.534
3069.632,-0.483,1.454,0.529
3069.743,-0.493,1.452,0.528
3069.855,-0.497,1.456,0.534
3069.966,-0.495,1.461,0.544
3070.077,-0.488,1.466,0.556
3070.188,-0.480,1.474,0.569
3070.299,-0.470,1.479,0.583
3070.411,-0.456,1.484,0.601
3070.521,-0.435,1.492,0.620
3070.632,-0.407,1.499,0.642
3070.743,-0.378,1.504,0.661
3070.854,-0.354,1.504,0.676
3070.965,-0.336,1.503,0.684
3071.076,-0.330,1.503,0.686
3071.188,-0.337,1.504,0.681
3071.299,-0.347,1.504,0.668
3071.410,-0.362,1.506,0.651
3071.521,-0.376,1.507,0.636
3071.632,-0.386,1.508,0.624
3071.743,-0.392,1.509,0.613
3071.854,-0.396,1.509,0.605
3071.966,-0.400,1.507,0.599
3072.076,-0.403,1.506,0.594
3072.188,-0.403,1.506,0.589
3072.299,-0.402,1.504,0.585
3072.410,-0.401,1.503,0.581
3072.521,-0.399,1.504,0.579
3072.632,-0.397,1.505,0.577
3072.743,-0.395,1.505,0.576
3072.854,-0.392,1.505,0.579
3072.966,-0.389,1.502,0.584
3073.076,-0.394,1.497,0.591
3073.188,-0.404,1.492,0.598
3073.299,-0.427,1.491,0.601
3073.409,-0.469,1.488,0.595
3073.521,-0.525,1.485,0.578
3073.632,-0.583,1.481,0.554
3073.743,-0.630,1.477,0.535
3073.854,-0.666,1.476,0.522
3073.966,-0.690,1.476,0.515
3074.076,-0.703,1.477,0.512
3074.187,-0.707,1.478,0.516
3074.299,-0.702,1.482,0.528
3074.409,-0.687,1.488,0.550
3074.521,-0.665,1.496,0.575
3074.632,-0.641,1.500,0.596
3074.743,-0.620,1.499,0.615
3074.854,-0.613,1.500,0.633
3074.965,-0.617,1.505,0.645
3075.076,-0.629,1.506,0.651
3075.188,-0.647,1.509,0.649
3075.298,-0.669,1.513,0.642
3075.409,-0.695,1.515,0.631
3075.521,-0.719,1.513,0.618
3075.632,-0.740,1.512,0.604
3075.743,-0.756,1.508,0.593
3075.854,-0.766,1.507,0.587
3075.965,-0.771,1.506,0.584
3076.076,-0.773,1.505,0.585
3076.187,-0.771,1.504,0.589
3076.299,-0.768,1.504,0.595
3076.409,-0.763,1.503,0.601
3076.521,-0.756,1.504,0.607
3076.632,-0.749,1.505,0.612
3076.743,-0.742,1.507,0.615
3076.854,-0.736,1.506,0.615
3076.966,-0.730,1.505,0.614
3077.076,-0.726,1.503,0.614
3077.187,-0.725,1.502,0.615
3077.298,-0.723,1.502,0.616
3077.409,-0.721,1.502,0.615
3077.521,-0.719,1.502,0.613
3077.632,-0.718,1.501,0.613
3077.742,-0.717,1.502,0.614
3077.854,-0.715,1.504,0.615
3077.965,-0.715,1.505,0.615
3078.076,-0.714,1.503,0.614
3078.187,-0.713,1.502,0.614
3078.298,-0.714,1.504,0.614
3078.409,-0.717,1.505,0.612
3078.521,-0.718,1.505,0.611
3078.632,-0.721,1.505,0.608
3078.742,-0.724,1.505,0.605
3078.853,-0.727,1.505,0.601
3078.965,-0.729,1.505,0.595
3079.076,-0.731,1.504,0.589
3079.187,-0.732,1.503,0.584
3079.298,-0.733,1.501,0.580
3079.409,-0.733,1.501,0.576
3079.520,-0.733,1.500,0.573
3079.631,-0.734,1.499,0.571
3079.742,-0.734,1.500,0.569
3079.854,-0.734,1.499,0.567
3079.965,-0.734,1.500,0.564
3080.076,-0.732,1.500,0.559
3080.187,-0.729,1.500,0.555
3080.298,-0.725,1.499,0.552
3080.409,-0.720,1.498,0.553
3080.521,-0.716,1.497,0.559
3080.632,-0.712,1.496,0.569
3080.742,-0.709,1.495,0.580
3080.854,-0.705,1.492,0.592
3080.965,-0.699,1.488,0.604
3081.076,-0.697,1.484,0.613
3081.187,-0.716,1.485,0.614
3081.298,-0.758,1.486,0.604
3081.409,-0.817,1.486,0.583
3081.520,-0.880,1.481,0.560
3081.631,-0.930,1.475,0.539
3081.743,-0.967,1.473,0.522
3081.854,-0.991,1.470,0.512
3081.965,-1.007,1.470,0.511
3082.076,-1.016,1.474,0.517
3082.187,-1.019,1.477,0.530
3082.299,-1.016,1.479,0.548
3082.409,-1.006,1.484,0.573
3082.520,-0.995,1.490,0.601
3082.631,-0.985,1.493,0.632
3082.742,-0.975,1.497,0.661
3082.854,-0.964,1.497,0.687
3082.965,-0.959,1.501,0.710
3083.075,-0.959,1.506,0.728
3083.187,-0.966,1.510,0.740
3083.298,-0.975,1.514,0.742
3083.409,-0.984,1.516,0.733
3083.520,-0.993,1.517,0.715
3083.632,-1.008,1.521,0.688
3083.742,-1.023,1.522,0.658
3083.853,-1.036,1.523,0.624
3083.965,-1.047,1.524,0.590
3084.076,-1.056,1.521,0.564
3084.187,-1.065,1.519,0.555
3084.298,-1.074,1.516,0.564
3084.409,-1.079,1.512,0.590
3084.520,-1.076,1.510,0.623
3084.632,-1.071,1.508,0.652
3084.742,-1.069,1.508,0.672
3084.853,-1.076,1.508,0.685
3084.965,-1.090,1.510,0.688
3085.075,-1.113,1.509,0.684
3085.187,-1.143,1.509,0.671
3085.298,-1.173,1.510,0.648
3085.409,-1.205,1.507,0.621
3085.520,-1.236,1.503,0.591
3085.631,-1.265,1.500,0.565
3085.744,-1.284,1.499,0.550
3085.845,-1.307,1.498,0.534
3085.957,-1.319,1.498,0.528
3086.068,-1.327,1.498,0.528
3086.179,-1.330,1.499,0.536
3086.283,-1.327,1.500,0.551
3086.395,-1.317,1.505,0.576
3086.506,-1.304,1.511,0.601
3086.617,-1.290,1.514,0.624
3086.728,-1.278,1.517,0.643
3086.839,-1.268,1.517,0.657
3086.950,-1.263,1.517,0.664
3087.061,-1.260,1.517,0.666
3087.172,-1.260,1.517,0.665
3087.283,-1.261,1.517,0.664
3087.395,-1.262,1.518,0.662
3087.506,-1.263,1.517,0.659
3087.617,-1.263,1.517,0.656
3087.728,-1.263,1.517,0.652
3087.839,-1.263,1.516,0.649
3087.950,-1.263,1.515,0.646
3088.062,-1.262,1.514,0.643
3088.173,-1.262,1.512,0.640
3088.283,-1.264,1.510,0.635
3088.395,-1.267,1.507,0.628
3088.506,-1.267,1.505,0.622
3088.617,-1.267,1.502,0.616
3088.728,-1.268,1.502,0.610
3088.839,-1.268,1.502,0.603
3088.950,-1.270,1.501,0.595
3089.062,-1.273,1.498,0.585
3089.172,-1.276,1.496,0.575
3089.284,-1.277,1.493,0.570
3089.395,-1.275,1.492,0.570
3089.506,-1.271,1.493,0.579
3089.617,-1.258,1.492,0.592
3089.729,-1.241,1.490,0.609
3089.839,-1.227,1.488,0.630
3089.950,-1.216,1.483,0.652
3090.061,-1.205,1.475,0.671
3090.173,-1.197,1.472,0.685
3090.283,-1.200,1.472,0.695
3090.395,-1.212,1.470,0.698
3090.505,-1.234,1.466,0.694
3090.617,-1.266,1.466,0.681
3090.728,-1.298,1.466,0.666
3090.839,-1.327,1.463,0.653
3090.950,-1.348,1.457,0.644
3091.061,-1.363,1.454,0.639
3091.172,-1.373,1.454,0.636
3091.283,-1.377,1.453,0.635
3091.395,-1.373,1.452,0.635
3091.506,-1.365,1.451,0.640
3091.617,-1.353,1.454,0.653
3091.728,-1.335,1.461,0.677
3091.839,-1.310,1.470,0.710
3091.950,-1.279,1.478,0.755
3092.062,-1.244,1.488,0.812
3092.172,-1.207,1.497,0.876
3092.283,-1.176,1.503,0.944
3092.395,-1.153,1.514,1.006
3092.505,-1.139,1.530,1.066
3092.617,-1.133,1.536,1.114
3092.728,-1.129,1.537,1.146
3092.839,-1.122,1.540,1.159
3092.950,-1.107,1.542,1.154
3093.062,-1.082,1.544,1.134
3093.172,-1.048,1.545,1.104
3093.284,-1.008,1.544,1.062
3093.395,-0.964,1.550,1.015
3093.506,-0.921,1.557,0.975
3093.617,-0.882,1.558,0.945
3093.728,-0.844,1.557,0.925
3093.839,-0.803,1.559,0.914
3093.950,-0.757,1.556,0.913
3094.062,-0.708,1.547,0.923
3094.173,-0.662,1.536,0.944
3094.284,-0.619,1.530,0.965
3094.395,-0.581,1.527,0.978
3094.506,-0.546,1.521,0.992
3094.617,-0.515,1.516,1.005
3094.728,-0.484,1.512,1.009
3094.839,-0.449,1.507,1.004
3094.950,-0.411,1.502,0.988
3095.061,-0.373,1.496,0.960
3095.172,-0.333,1.495,0.924
3095.284,-0.294,1.495,0.887
3095.395,-0.257,1.492,0.855
3095.506,-0.222,1.486,0.831
3095.617,-0.193,1.477,0.816
3095.728,-0.168,1.473,0.811
3095.839,-0.144,1.467,0.810
3095.950,-0.122,1.460,0.815
3096.061,-0.101,1.456,0.827
3096.172,-0.081,1.454,0.848
3096.283,-0.062,1.455,0.881
3096.394,-0.037,1.459,0.921
3096.505,-0.009,1.459,0.962
3096.617,0.017,1.459,0.999
3096.728,0.039,1.460,1.034
3096.840,0.051,1.461,1.064
3096.950,0.059,1.464,1.088
3097.061,0.065,1.467,1.102
3097.172,0.072,1.469,1.113
3097.284,0.083,1.473,1.107
3097.395,0.094,1.477,1.087
3097.506,0.107,1.488,1.065
3097.617,0.121,1.493,1.047
3097.728,0.135,1.492,1.031
3097.839,0.150,1.492,1.017
3097.950,0.161,1.491,1.003
3098.061,0.170,1.492,0.993
3098.172,0.176,1.493,0.987
3098.283,0.181,1.493,0.984
3098.395,0.185,1.493,0.983
3098.506,0.190,1.494,0.986
3098.617,0.196,1.496,0.990
3098.728,0.202,1.497,0.992
3098.842,0.204,1.497,0.994
3098.950,0.204,1.498,0.998
3099.061,0.202,1.499,1.000
3099.172,0.200,1.502,1.001
3099.283,0.194,1.506,1.003
3099.395,0.187,1.512,1.003
3099.506,0.179,1.517,1.004
3099.617,0.170,1.521,1.006
3099.728,0.159,1.525,1.012
3099.839,0.147,1.532,1.020
3099.950,0.138,1.542,1.025
3100.062,0.125,1.547,1.029
3100.172,0.103,1.552,1.033
3100.284,0.074,1.554,1.036
3100.395,0.047,1.551,1.040
3100.506,0.025,1.545,1.049
3100.617,0.008,1.540,1.062
3100.728,-0.005,1.527,1.081
3100.839,-0.014,1.518,1.099
3100.950,-0.021,1.518,1.113
3101.061,-0.020,1.510,1.123
3101.172,-0.014,1.509,1.132
3101.283,-0.007,1.510,1.140
3101.395,-0.004,1.506,1.142
3101.506,-0.003,1.508,1.144
3101.617,-0.004,1.507,1.146
3101.728,-0.008,1.507,1.145
3101.839,-0.014,1.507,1.143
3101.950,-0.019,1.504,1.141
3102.061,-0.024,1.505,1.136
3102.172,-0.029,1.507,1.133
3102.283,-0.032,1.507,1.130
3102.394,-0.037,1.505,1.126
3102.505,-0.041,1.506,1.121
3102.616,-0.043,1.507,1.117
3102.728,-0.045,1.509,1.113
3102.839,-0.046,1.511,1.110
3102.950,-0.047,1.512,1.110
3103.061,-0.049,1.512,1.111
3103.172,-0.050,1.512,1.113
3103.283,-0.051,1.511,1.116
3103.394,-0.051,1.510,1.119
3103.505,-0.052,1.509,1.120
3103.616,-0.053,1.510,1.121
3103.727,-0.053,1.510,1.122
3103.839,-0.034,1.507,1.120
3103.950,-0.002,1.497,1.105
3104.061,0.012,1.490,1.097
3104.172,0.017,1.490,1.097
3104.283,0.024,1.489,1.100
3104.394,0.029,1.489,1.101
3104.505,0.032,1.491,1.103
3104.617,0.033,1.490,1.106
3104.728,0.034,1.491,1.111
3104.839,0.037,1.491,1.117
3104.950,0.038,1.490,1.121
3105.061,0.038,1.491,1.122
3105.172,0.039,1.492,1.122
3105.283,0.040,1.491,1.122
3105.394,0.038,1.491,1.119
3105.505,0.029,1.494,1.121
3105.616,0.011,1.499,1.125
3105.727,-0.009,1.505,1.127
3105.838,-0.026,1.509,1.125
3105.949,-0.038,1.512,1.120
3106.061,-0.043,1.515,1.114
3106.172,-0.044,1.518,1.108
3106.283,-0.042,1.519,1.105
3106.394,-0.039,1.519,1.103
3106.505,-0.034,1.520,1.104
3106.616,-0.026,1.521,1.107
3106.727,-0.004,1.520,1.113
3106.839,0.043,1.515,1.105
3106.949,0.097,1.511,1.080
3107.061,0.144,1.510,1.051
3107.172,0.182,1.507,1.024
3107.283,0.210,1.503,0.994
3107.394,0.223,1.497,0.963
3107.505,0.221,1.494,0.940
3107.616,0.204,1.492,0.925
3107.727,0.174,1.491,0.922
3107.838,0.142,1.492,0.927
3107.949,0.111,1.485,0.933
3108.060,0.081,1.480,0.941
3108.171,0.051,1.480,0.946
3108.283,0.015,1.483,0.945
3108.394,-0.023,1.486,0.937
3108.505,-0.062,1.491,0.918
3108.616,-0.103,1.493,0.884
3108.727,-0.141,1.489,0.848
3108.838,-0.162,1.487,0.823
3108.949,-0.159,1.491,0.814
3109.061,-0.145,1.498,0.818
3109.171,-0.130,1.504,0.822
3109.282,-0.116,1.507,0.828
3109.394,-0.099,1.511,0.836
3109.505,-0.082,1.513,0.845
3109.616,-0.068,1.514,0.858
3109.727,-0.059,1.517,0.872
3109.838,-0.052,1.522,0.883
3109.949,-0.045,1.523,0.888
3110.060,-0.040,1.521,0.887
3110.172,-0.035,1.519,0.881
3110.283,-0.029,1.516,0.874
3110.394,-0.027,1.513,0.872
3110.505,-0.028,1.512,0.874
3110.616,-0.031,1.512,0.878
3110.727,-0.035,1.512,0.882
3110.838,-0.038,1.512,0.886
3110.949,-0.043,1.512,0.889
3111.061,-0.048,1.511,0.891
3111.171,-0.050,1.512,0.890
3111.283,-0.051,1.513,0.890
3111.394,-0.054,1.512,0.889
3111.505,-0.056,1.513,0.889
3111.616,-0.058,1.515,0.887
3111.727,-0.059,1.518,0.885
3111.838,-0.058,1.526,0.879
3111.949,-0.059,1.534,0.876
3112.060,-0.062,1.544,0.876
3112.171,-0.065,1.556,0.876
3112.282,-0.072,1.572,0.879
3112.393,-0.078,1.589,0.881
3112.505,-0.086,1.609,0.882
3112.616,-0.095,1.635,0.880
3112.727,-0.103,1.664,0.873
3112.838,-0.107,1.685,0.859
3112.949,-0.103,1.693,0.839
3113.060,-0.093,1.688,0.814
3113.171,-0.083,1.671,0.790
3113.282,-0.074,1.642,0.769
3113.394,-0.064,1.602,0.750
3113.504,-0.062,1.551,0.736
3113.616,-0.066,1.488,0.729
3113.727,-0.075,1.418,0.730
3113.838,-0.080,1.344,0.736
3113.949,-0.079,1.280,0.747
3114.060,-0.074,1.231,0.758
3114.171,-0.064,1.202,0.766
3114.282,-0.045,1.189,0.770
3114.393,-0.015,1.189,0.768
3114.504,0.027,1.194,0.767
3114.615,0.069,1.195,0.769
3114.726,0.111,1.192,0.773
3114.837,0.158,1.190,0.778
3114.949,0.199,1.188,0.777
3115.060,0.237,1.177,0.769
3115.171,0.278,1.159,0.753
3115.282,0.322,1.142,0.739
3115.393,0.363,1.140,0.731
3115.504,0.400,1.142,0.727
3115.615,0.441,1.137,0.737
3115.726,0.476,1.136,0.751
3115.838,0.516,1.133,0.765
3115.949,0.560,1.128,0.779
3116.060,0.605,1.129,0.797
3116.171,0.647,1.128,0.808
3116.281,0.678,1.121,0.808
3116.393,0.700,1.103,0.790
3116.504,0.727,1.096,0.770
3116.615,0.752,1.086,0.737
3116.726,0.776,1.079,0.695
3116.837,0.803,1.076,0.646
3116.948,0.830,1.071,0.596
3117.059,0.867,1.065,0.541
3117.171,0.905,1.063,0.481
3117.282,0.948,1.067,0.427
3117.394,0.997,1.067,0.381
3117.505,1.040,1.063,0.347
3117.616,1.079,1.058,0.318
3117.727,1.123,1.056,0.287
3117.839,1.169,1.044,0.228
3117.949,1.217,1.024,0.125
3118.061,1.253,1.024,0.014
3118.173,1.287,1.009,-0.034
3118.284,1.320,0.984,-0.067
3118.396,1.352,0.957,-0.103
3118.506,1.386,0.932,-0.137
3118.616,1.434,0.911,-0.157
3118.727,1.503,0.891,-0.165
3118.838,1.598,0.874,-0.173
3118.950,1.688,0.883,-0.208
3119.061,1.759,0.896,-0.256
3119.172,1.828,0.907,-0.300
3119.283,1.897,0.916,-0.359
3119.394,1.969,0.913,-0.425
3119.506,2.042,0.892,-0.484
3119.616,2.099,0.869,-0.530
3119.727,2.144,0.825,-0.566
3119.838,2.169,0.802,-0.589
3119.949,2.181,0.786,-0.597
3120.060,2.186,0.775,-0.599
3120.171,2.195,0.773,-0.598
3120.282,2.195,0.772,-0.597
3120.393,2.195,0.772,-0.597
3120.504,2.195,0.772,-0.597
3120.616,2.195,0.772,-0.597
3120.726,2.196,0.772,-0.597
3120.838,2.196,0.772,-0.597
3120.949,2.196,0.772,-0.598
3121.060,2.196,0.772,-0.598
3121.171,2.196,0.772,-0.597
3121.282,2.196,0.772,-0.597
3121.394,2.196,0.772,-0.597
3121.504,2.196,0.772,-0.597
3121.616,2.196,0.772,-0.598
3121.727,2.196,0.772,-0.597
3121.838,2.196,0.772,-0.598
3121.949,2.196,0.772,-0.598
3122.060,2.196,0.772,-0.598
3122.171,2.196,0.772,-0.598
3122.282,2.196,0.772,-0.598
3122.394,2.196,0.772,-0.598
3122.504,2.196,0.772,-0.598
3122.616,2.196,0.772,-0.598
3122.727,2.196,0.772,-0.598
3122.838,2.196,0.772,-0.598
3122.949,2.196,0.772,-0.598
3123.060,2.196,0.772,-0.598
3123.171,2.196,0.772,-0.598
3123.283,2.196,0.772,-0.598
3123.394,2.196,0.772,-0.598
3123.505,2.196,0.772,-0.598
3123.616,2.196,0.772,-0.598
3123.727,2.196,0.772,-0.598
3123.838,2.196,0.772,-0.598
3123.950,2.196,0.772,-0.598
3124.060,2.196,0.772,-0.598
3124.171,2.196,0.772,-0.598
3124.283,2.196,0.772,-0.598
3124.394,2.196,0.772,-0.598
3124.505,2.196,0.772,-0.598
3124.616,2.196,0.772,-0.598
3124.727,2.196,0.772,-0.598
3124.838,2.196,0.772,-0.598
3124.949,2.196,0.772,-0.598
3125.060,2.196,0.772,-0.598
3125.171,2.196,0.772,-0.598
3125.283,2.196,0.772,-0.598
3125.393,2.196,0.772,-0.598
3125.504,2.196,0.772,-0.598
3125.616,2.196,0.772,-0.598
3125.726,2.196,0.772,-0.598
3125.838,2.196,0.772,-0.598
3125.949,2.196,0.772,-0.597
3126.060,2.196,0.772,-0.597
3126.171,2.196,0.772,-0.597
3126.282,2.195,0.774,-0.601
3126.393,2.174,0.796,-0.597
3126.505,2.125,0.819,-0.588
3126.616,2.053,0.849,-0.568
3126.727,1.965,0.894,-0.547
3126.838,1.876,0.956,-0.530
3126.949,1.783,1.019,-0.532
3127.060,1.679,1.080,-0.569
3127.171,1.580,1.112,-0.651
3127.283,1.488,1.108,-0.747
3127.393,1.410,1.084,-0.837
3127.504,1.337,1.046,-0.934
3127.615,1.256,0.991,-1.041
3127.725,1.182,0.920,-1.155
3127.837,1.114,0.868,-1.250
3127.947,1.068,0.843,-1.310
3128.059,1.041,0.809,-1.365
3128.170,1.023,0.765,-1.432
3128.281,1.019,0.746,-1.486
3128.393,1.028,0.741,-1.542
3128.503,1.052,0.728,-1.612
3128.615,1.093,0.677,-1.697
3128.725,1.149,0.608,-1.790
3128.836,1.209,0.537,-1.893
3128.948,1.254,0.483,-1.984
3129.058,1.264,0.469,-2.022
3129.170,1.266,0.466,-2.028
3129.281,1.264,0.469,-2.025
3129.392,1.264,0.471,-2.024
3129.503,1.264,0.472,-2.023
3129.615,1.264,0.472,-2.020
3129.725,1.264,0.472,-2.019
3129.837,1.264,0.472,-2.019
3129.948,1.264,0.472,-2.019
3130.059,1.265,0.472,-2.019
3130.170,1.265,0.472,-2.019
3130.281,1.265,0.472,-2.018
3130.392,1.265,0.471,-2.018
3130.504,1.265,0.471,-2.018
3130.615,1.265,0.471,-2.019
3130.726,1.266,0.471,-2.019
3130.837,1.266,0.471,-2.019
3130.948,1.266,0.471,-2.019
3131.059,1.266,0.471,-2.019
3131.170,1.266,0.471,-2.019
3131.281,1.266,0.471,-2.019
3131.392,1.266,0.471,-2.019
3131.503,1.266,0.471,-2.019
3131.616,1.266,0.471,-2.018
3131.726,1.266,0.471,-2.019
3131.837,1.266,0.471,-2.019
3131.948,1.266,0.471,-2.018
3132.059,1.266,0.471,-2.019
3132.170,1.266,0.471,-2.019
3132.281,1.266,0.471,-2.019
3132.393,1.266,0.471,-2.019
3132.504,1.266,0.471,-2.019
3132.615,1.266,0.471,-2.019
3132.726,1.265,0.471,-2.019
3132.837,1.265,0.471,-2.019
3132.948,1.265,0.471,-2.019
3133.059,1.265,0.471,-2.019
3133.170,1.266,0.471,-2.019
3133.282,1.266,0.471,-2.019
3133.392,1.266,0.471,-2.019
3133.504,1.266,0.471,-2.019
3133.614,1.266,0.471,-2.019
3133.726,1.266,0.471,-2.019
3133.837,1.266,0.471,-2.018
3133.948,1.266,0.471,-2.019
3134.059,1.265,0.470,-2.019
3134.170,1.265,0.470,-2.019
3134.281,1.265,0.470,-2.019
3134.392,1.265,0.470,-2.019
3134.503,1.265,0.470,-2.020
3134.614,1.262,0.470,-2.025
3134.726,1.259,0.471,-2.029
3134.837,1.258,0.471,-2.034
3134.947,1.258,0.471,-2.036
3135.058,1.259,0.470,-2.035
3135.170,1.259,0.470,-2.035
3135.281,1.259,0.470,-2.035
3135.392,1.259,0.470,-2.035
3135.503,1.258,0.470,-2.035
3135.615,1.242,0.495,-2.027
3135.726,1.215,0.536,-1.995
3135.839,1.188,0.609,-1.932
3135.950,1.152,0.693,-1.850
3136.061,1.119,0.756,-1.752
3136.172,1.110,0.792,-1.664
3136.283,1.115,0.791,-1.592
3136.395,1.126,0.757,-1.525
3136.505,1.143,0.686,-1.464
3136.617,1.167,0.583,-1.418
3136.728,1.190,0.499,-1.408
3136.838,1.198,0.476,-1.441
3136.950,1.195,0.445,-1.479
3137.061,1.191,0.402,-1.502
3137.172,1.184,0.431,-1.510
3137.283,1.192,0.465,-1.500
3137.394,1.206,0.503,-1.496
3137.506,1.208,0.537,-1.522
3137.617,1.194,0.562,-1.582
3137.728,1.171,0.613,-1.656
3137.839,1.165,0.668,-1.698
3137.950,1.173,0.708,-1.713
3138.060,1.178,0.725,-1.733
3138.172,1.183,0.730,-1.749
3138.283,1.190,0.725,-1.749
3138.394,1.200,0.708,-1.739
3138.505,1.217,0.695,-1.716
3138.616,1.234,0.688,-1.691
3138.727,1.259,0.690,-1.671
3138.838,1.288,0.699,-1.657
3138.949,1.312,0.709,-1.642
3139.061,1.326,0.710,-1.636
3139.172,1.329,0.703,-1.644
3139.283,1.330,0.704,-1.649
3139.394,1.329,0.707,-1.650
3139.506,1.331,0.699,-1.655
3139.616,1.331,0.694,-1.659
3139.727,1.333,0.698,-1.660
3139.838,1.332,0.706,-1.666
3139.950,1.330,0.709,-1.673
3140.061,1.330,0.709,-1.678
3140.172,1.334,0.712,-1.674
3140.283,1.340,0.714,-1.668
3140.394,1.341,0.710,-1.667
3140.505,1.346,0.705,-1.663
3140.616,1.355,0.703,-1.661
3140.727,1.361,0.703,-1.662
3140.838,1.367,0.699,-1.660
3140.949,1.374,0.689,-1.657
3141.060,1.380,0.682,-1.644
3141.172,1.372,0.672,-1.616
3141.282,1.361,0.661,-1.581
3141.394,1.353,0.650,-1.553
3141.505,1.350,0.637,-1.538
3141.616,1.358,0.615,-1.526
3141.726,1.375,0.570,-1.508
3141.838,1.398,0.531,-1.493
3141.949,1.413,0.522,-1.489
3142.060,1.418,0.524,-1.497
3142.171,1.416,0.518,-1.506
3142.282,1.415,0.509,-1.512
3142.394,1.418,0.507,-1.513
3142.504,1.417,0.507,-1.510
3142.616,1.414,0.507,-1.506
3142.727,1.412,0.507,-1.506
3142.838,1.411,0.505,-1.508
3142.949,1.409,0.502,-1.509
3143.060,1.409,0.501,-1.507
3143.171,1.412,0.500,-1.504
3143.283,1.413,0.498,-1.503
3143.393,1.412,0.498,-1.505
3143.504,1.410,0.499,-1.506
3143.616,1.411,0.498,-1.503
3143.727,1.411,0.499,-1.502
3143.838,1.412,0.502,-1.503
3143.949,1.411,0.500,-1.504
3144.060,1.409,0.498,-1.505
3144.171,1.410,0.500,-1.504
3144.282,1.412,0.500,-1.503
3144.394,1.413,0.500,-1.503
3144.504,1.415,0.499,-1.503
3144.616,1.414,0.498,-1.504
3144.727,1.412,0.497,-1.506
3144.838,1.410,0.496,-1.506
3144.949,1.409,0.496,-1.504
3145.060,1.411,0.497,-1.502
3145.171,1.411,0.497,-1.503
3145.282,1.412,0.499,-1.505
3145.393,1.415,0.503,-1.505
3145.505,1.416,0.502,-1.503
3145.616,1.413,0.502,-1.503
3145.727,1.412,0.502,-1.503
3145.838,1.412,0.501,-1.503
3145.949,1.410,0.499,-1.504
3146.060,1.409,0.498,-1.503
3146.171,1.410,0.496,-1.501
3146.283,1.411,0.496,-1.502
3146.394,1.410,0.497,-1.504
3146.505,1.409,0.499,-1.504
3146.616,1.413,0.499,-1.503
3146.727,1.418,0.501,-1.503
3146.838,1.420,0.502,-1.504
3146.949,1.417,0.502,-1.506
3147.060,1.415,0.502,-1.507
3147.171,1.415,0.505,-1.506
3147.282,1.417,0.506,-1.505
3147.393,1.417,0.508,-1.506
3147.505,1.417,0.508,-1.507
3147.616,1.420,0.508,-1.508
3147.727,1.424,0.507,-1.509
3147.838,1.426,0.503,-1.508
3147.949,1.424,0.500,-1.509
3148.060,1.422,0.503,-1.513
3148.171,1.421,0.509,-1.517
3148.282,1.423,0.514,-1.518
3148.393,1.428,0.517,-1.517
3148.505,1.431,0.518,-1.518
3148.616,1.431,0.521,-1.520
3148.727,1.429,0.516,-1.520
3148.838,1.429,0.515,-1.520
3148.949,1.431,0.516,-1.520
3149.060,1.432,0.517,-1.521
3149.171,1.429,0.515,-1.522
3149.282,1.427,0.516,-1.522
3149.394,1.427,0.517,-1.523
3149.504,1.429,0.518,-1.524
3149.616,1.429,0.520,-1.525
3149.727,1.430,0.522,-1.524
3149.838,1.429,0.523,-1.524
3149.949,1.428,0.523,-1.525
3150.060,1.429,0.522,-1.526
3150.171,1.431,0.522,-1.526
3150.282,1.431,0.522,-1.524
3150.393,1.430,0.522,-1.524
3150.505,1.431,0.524,-1.525
3150.616,1.433,0.524,-1.526
3150.727,1.435,0.525,-1.526
3150.838,1.434,0.525,-1.526
3150.949,1.433,0.524,-1.526
3151.060,1.431,0.523,-1.526
3151.171,1.429,0.523,-1.525
3151.282,1.427,0.523,-1.524
3151.393,1.427,0.523,-1.525
3151.504,1.430,0.523,-1.526
3151.616,1.433,0.525,-1.527
3151.727,1.434,0.523,-1.527
3151.838,1.432,0.523,-1.528
3151.949,1.431,0.523,-1.526
3152.060,1.434,0.525,-1.525
3152.171,1.435,0.525,-1.525
3152.282,1.434,0.525,-1.527
3152.393,1.432,0.527,-1.527
3152.504,1.431,0.526,-1.526
3152.616,1.431,0.528,-1.524
3152.726,1.431,0.526,-1.524
3152.838,1.431,0.525,-1.526
3152.949,1.430,0.526,-1.527
3153.060,1.429,0.525,-1.526
3153.171,1.427,0.525,-1.525
3153.282,1.427,0.524,-1.526
3153.393,1.429,0.523,-1.527
3153.504,1.433,0.522,-1.527
3153.616,1.435,0.526,-1.528
3153.726,1.434,0.530,-1.531
3153.838,1.434,0.531,-1.534
3153.949,1.435,0.535,-1.534
3154.060,1.432,0.545,-1.535
3154.171,1.415,0.569,-1.539
3154.282,1.378,0.609,-1.550
3154.393,1.339,0.667,-1.563
3154.504,1.317,0.723,-1.580
3154.615,1.311,0.766,-1.606
3154.725,1.318,0.790,-1.634
3154.836,1.330,0.806,-1.663
3154.947,1.328,0.803,-1.683
3155.058,1.320,0.791,-1.699
3155.169,1.324,0.763,-1.708
3155.281,1.337,0.757,-1.705
3155.392,1.349,0.770,-1.701
3155.503,1.356,0.776,-1.703
3155.614,1.359,0.775,-1.713
3155.725,1.361,0.761,-1.727
3155.836,1.369,0.742,-1.723
3155.947,1.375,0.694,-1.675
3156.058,1.390,0.593,-1.585
3156.169,1.417,0.469,-1.520
3156.281,1.447,0.331,-1.477
3156.392,1.465,0.214,-1.425
3156.502,1.477,0.136,-1.373
3156.614,1.489,0.101,-1.358
3156.725,1.492,0.071,-1.366
3156.836,1.486,0.036,-1.386
3156.947,1.484,0.034,-1.392
3157.058,1.484,0.028,-1.398
3157.169,1.484,0.020,-1.404
3157.280,1.484,0.019,-1.402
3157.391,1.489,0.012,-1.411
3157.501,1.490,0.017,-1.417
3157.612,1.491,0.011,-1.418
3157.723,1.491,0.012,-1.420
3157.835,1.491,0.013,-1.420
3157.946,1.491,0.013,-1.420
3158.057,1.491,0.013,-1.420
3158.168,1.491,0.013,-1.421
3158.279,1.491,0.013,-1.421
3158.390,1.491,0.013,-1.421
3158.501,1.491,0.013,-1.421
3158.612,1.491,0.013,-1.421
3158.723,1.491,0.014,-1.421
3158.834,1.491,0.014,-1.420
3158.945,1.491,0.014,-1.420
3159.056,1.491,0.014,-1.420
3159.168,1.491,0.014,-1.420
3159.279,1.491,0.014,-1.420
3159.390,1.491,0.014,-1.420
3159.501,1.491,0.014,-1.420
3159.612,1.491,0.014,-1.420
3159.723,1.491,0.014,-1.420
3159.834,1.490,0.014,-1.420
3159.945,1.490,0.014,-1.420
3160.056,1.491,0.014,-1.420
3160.168,1.491,0.014,-1.420
3160.279,1.491,0.014,-1.420
3160.390,1.491,0.014,-1.420
3160.501,1.491,0.014,-1.420
3160.612,1.491,0.014,-1.420
3160.723,1.491,0.014,-1.420
3160.834,1.491,0.014,-1.420
3160.946,1.491,0.014,-1.420
3161.057,1.491,0.014,-1.420
3161.168,1.491,0.014,-1.420
3161.279,1.491,0.014,-1.420
3161.390,1.491,0.014,-1.420
3161.501,1.491,0.014,-1.420
3161.612,1.491,0.014,-1.420
3161.723,1.491,0.014,-1.420
3161.834,1.491,0.014,-1.420
3161.945,1.491,0.014,-1.420
3162.056,1.491,0.014,-1.420
3162.167,1.491,0.014,-1.420
3162.279,1.491,0.013,-1.420
3162.390,1.491,0.013,-1.420
3162.501,1.491,0.014,-1.420
3162.612,1.491,0.014,-1.420
3162.723,1.491,0.014,-1.420
3162.834,1.491,0.014,-1.420
3162.945,1.491,0.014,-1.420
3163.056,1.491,0.014,-1.420
3163.167,1.491,0.014,-1.420
3163.278,1.491,0.014,-1.420
3163.389,1.491,0.013,-1.420
3163.501,1.491,0.013,-1.420
3163.611,1.491,0.014,-1.420
3163.723,1.491,0.014,-1.420
3163.834,1.491,0.013,-1.420
3163.945,1.491,0.013,-1.420
3164.056,1.491,0.013,-1.420
3164.167,1.491,0.013,-1.420
3164.278,1.491,0.013,-1.420
3164.390,1.491,0.013,-1.420
3164.501,1.491,0.013,-1.420
3164.612,1.490,0.013,-1.420
3164.723,1.490,0.013,-1.420
3164.834,1.491,0.013,-1.420
3164.945,1.490,0.013,-1.420
3165.057,1.491,0.013,-1.420
3165.167,1.491,0.013,-1.420
3165.279,1.491,0.013,-1.420
3165.389,1.491,0.013,-1.420
3165.501,1.491,0.013,-1.420
3165.612,1.491,0.013,-1.420
3165.723,1.491,0.013,-1.420
3165.834,1.491,0.013,-1.420
3165.945,1.491,0.013,-1.420
3166.056,1.491,0.013,-1.420
3166.167,1.491,0.013,-1.420
3166.278,1.491,0.013,-1.420
3166.389,1.491,0.013,-1.420
3166.500,1.491,0.013,-1.420
3166.612,1.491,0.013,-1.420
3166.723,1.491,0.013,-1.420
3166.834,1.491,0.013,-1.420
3166.945,1.491,0.013,-1.420
3167.056,1.491,0.013,-1.420
3167.167,1.491,0.013,-1.420
3167.278,1.491,0.013,-1.420
3167.389,1.491,0.013,-1.420
3167.500,1.491,0.013,-1.420
3167.611,1.491,0.013,-1.420
3167.722,1.491,0.013,-1.420
3167.834,1.491,0.013,-1.420
3167.945,1.491,0.013,-1.420
3168.056,1.491,0.013,-1.420
3168.167,1.491,0.013,-1.420
3168.278,1.491,0.013,-1.420
3168.389,1.491,0.013,-1.420
3168.501,1.491,0.013,-1.420
3168.612,1.491,0.013,-1.420
3168.723,1.491,0.013,-1.420
3168.834,1.491,0.013,-1.420
3168.945,1.491,0.013,-1.420
3169.056,1.491,0.013,-1.420
3169.167,1.491,0.013,-1.420
3169.278,1.491,0.013,-1.420
3169.389,1.491,0.013,-1.420
3169.501,1.491,0.013,-1.420
3169.612,1.491,0.013,-1.420
3169.723,1.491,0.013,-1.420
3169.834,1.491,0.013,-1.420
3169.945,1.491,0.013,-1.420
3170.056,1.491,0.013,-1.420
3170.167,1.491,0.013,-1.420
3170.278,1.491,0.013,-1.420
3170.389,1.491,0.013,-1.420
3170.500,1.491,0.013,-1.420
3170.611,1.491,0.013,-1.420
3170.723,1.491,0.013,-1.420
3170.833,1.490,0.013,-1.420
3170.945,1.490,0.013,-1.420
3171.056,1.490,0.013,-1.420
3171.167,1.490,0.013,-1.420
3171.278,1.490,0.013,-1.420
3171.389,1.491,0.013,-1.420
3171.500,1.491,0.013,-1.420
3171.611,1.491,0.013,-1.420
3171.722,1.491,0.013,-1.420
3171.833,1.491,0.013,-1.420
3171.944,1.491,0.013,-1.420
3172.055,1.491,0.013,-1.420
3172.167,1.491,0.013,-1.420
3172.278,1.491,0.013,-1.420
3172.389,1.491,0.013,-1.420
3172.500,1.491,0.013,-1.420
3172.611,1.491,0.013,-1.420
3172.722,1.491,0.013,-1.420
3172.833,1.491,0.013,-1.420
3172.945,1.491,0.013,-1.420
3173.056,1.491,0.013,-1.420
3173.167,1.491,0.013,-1.420
3173.278,1.491,0.013,-1.420
3173.389,1.491,0.013,-1.420
3173.500,1.491,0.013,-1.420
3173.611,1.491,0.013,-1.420
3173.722,1.491,0.013,-1.420
3173.833,1.491,0.013,-1.420
3173.944,1.491,0.013,-1.420
3174.056,1.491,0.013,-1.420
3174.167,1.491,0.013,-1.420
3174.278,1.491,0.013,-1.420
3174.389,1.491,0.013,-1.420
3174.500,1.491,0.013,-1.420
3174.611,1.491,0.013,-1.420
3174.722,1.491,0.013,-1.420
3174.833,1.491,0.013,-1.420
3174.944,1.491,0.013,-1.420
3175.056,1.491,0.013,-1.420
3175.167,1.491,0.013,-1.420
3175.278,1.491,0.013,-1.420
3175.389,1.491,0.013,-1.420
3175.500,1.491,0.013,-1.420
3175.611,1.491,0.013,-1.420
3175.722,1.491,0.013,-1.420
3175.834,1.491,0.013,-1.420
3175.944,1.491,0.013,-1.420
3176.055,1.491,0.013,-1.420
3176.167,1.491,0.013,-1.420
3176.277,1.491,0.013,-1.420
3176.389,1.491,0.013,-1.420
3176.500,1.491,0.013,-1.420
3176.611,1.491,0.013,-1.420
3176.722,1.491,0.013,-1.420
3176.833,1.491,0.013,-1.420
3176.944,1.491,0.013,-1.420
3177.055,1.491,0.013,-1.420
3177.167,1.491,0.013,-1.420
3177.278,1.491,0.013,-1.420
3177.388,1.491,0.013,-1.420
3177.500,1.491,0.013,-1.420
3177.611,1.491,0.013,-1.420
3177.722,1.491,0.013,-1.420
3177.833,1.491,0.013,-1.420
3177.945,1.491,0.013,-1.420
3178.055,1.491,0.013,-1.420
3178.167,1.491,0.013,-1.420
3178.277,1.491,0.013,-1.420
3178.388,1.491,0.013,-1.420
3178.500,1.491,0.013,-1.420
3178.611,1.491,0.013,-1.420
3178.722,1.491,0.013,-1.420
3178.833,1.491,0.013,-1.420
3178.944,1.491,0.013,-1.420
3179.055,1.491,0.013,-1.420
3179.166,1.491,0.013,-1.420
3179.277,1.491,0.013,-1.420
3179.389,1.491,0.013,-1.420
3179.500,1.490,0.013,-1.420
3179.611,1.491,0.013,-1.420
3179.722,1.491,0.013,-1.420
3179.833,1.491,0.013,-1.420
3179.944,1.491,0.013,-1.420
3180.055,1.491,0.013,-1.420
3180.167,1.491,0.013,-1.420
3180.277,1.491,0.013,-1.420
3180.389,1.491,0.013,-1.420
3180.500,1.491,0.013,-1.420
3180.610,1.491,0.013,-1.420
3180.722,1.491,0.013,-1.420
3180.833,1.491,0.013,-1.420
3180.944,1.491,0.013,-1.420
3181.055,1.491,0.013,-1.420
3181.166,1.491,0.013,-1.420
3181.277,1.490,0.013,-1.420
3181.388,1.490,0.013,-1.420
3181.500,1.490,0.013,-1.420
3181.610,1.490,0.013,-1.420
3181.722,1.490,0.013,-1.420
3181.833,1.490,0.013,-1.420
3181.943,1.491,0.013,-1.420
3182.055,1.491,0.013,-1.420
3182.166,1.491,0.013,-1.420
3182.277,1.491,0.013,-1.420
3182.388,1.491,0.013,-1.420
3182.500,1.491,0.013,-1.419
3182.610,1.491,0.013,-1.419
3182.721,1.491,0.013,-1.419
3182.833,1.491,0.013,-1.419
3182.944,1.491,0.013,-1.419
3183.055,1.491,0.013,-1.420
3183.166,1.491,0.013,-1.420
3183.277,1.491,0.013,-1.420
3183.388,1.491,0.013,-1.420
3183.499,1.491,0.013,-1.420
3183.610,1.491,0.013,-1.420
3183.722,1.491,0.013,-1.420
3183.833,1.491,0.013,-1.420
3183.944,1.491,0.013,-1.420
3184.055,1.491,0.013,-1.420
3184.166,1.491,0.013,-1.420
3184.277,1.491,0.013,-1.420
3184.388,1.491,0.013,-1.420
3184.500,1.491,0.013,-1.420
3184.610,1.491,0.013,-1.420
3184.721,1.491,0.013,-1.420
3184.833,1.491,0.013,-1.420
3184.944,1.490,0.013,-1.420
3185.055,1.490,0.013,-1.420
3185.166,1.490,0.013,-1.420
3185.277,1.490,0.013,-1.420
3185.388,1.490,0.013,-1.420
3185.499,1.490,0.013,-1.420
3185.610,1.491,0.013,-1.420
3185.721,1.491,0.013,-1.419
3185.833,1.491,0.013,-1.419
3185.944,1.491,0.013,-1.419
3186.055,1.491,0.013,-1.419
3186.166,1.491,0.013,-1.419
3186.277,1.491,0.013,-1.419
3186.388,1.491,0.013,-1.419
3186.499,1.491,0.013,-1.419
3186.610,1.491,0.013,-1.419
3186.721,1.491,0.013,-1.419
3186.833,1.491,0.013,-1.420
3186.943,1.491,0.013,-1.420
3187.054,1.491,0.013,-1.420
3187.166,1.491,0.013,-1.420
3187.277,1.491,0.013,-1.420
3187.388,1.491,0.013,-1.420
3187.499,1.491,0.013,-1.420
3187.610,1.491,0.013,-1.420
3187.721,1.491,0.013,-1.420
3187.833,1.491,0.013,-1.420
3187.944,1.491,0.013,-1.420
3188.055,1.491,0.013,-1.420
3188.166,1.491,0.013,-1.420
3188.276,1.491,0.013,-1.420
3188.388,1.491,0.013,-1.420
3188.499,1.491,0.013,-1.420
3188.610,1.491,0.013,-1.420
3188.721,1.491,0.013,-1.420
3188.830,1.491,0.013,-1.420
3188.941,1.491,0.013,-1.419
3189.052,1.491,0.013,-1.419
3189.164,1.491,0.013,-1.419
3189.275,1.491,0.013,-1.419
3189.386,1.491,0.013,-1.419
3189.498,1.491,0.013,-1.419
3189.608,1.491,0.013,-1.419
3189.719,1.491,0.013,-1.419
3189.832,1.491,0.013,-1.419
3189.942,1.491,0.013,-1.419
3190.053,1.491,0.013,-1.419
3190.165,1.491,0.013,-1.419
3190.276,1.491,0.013,-1.419
3190.386,1.491,0.013,-1.419
3190.498,1.491,0.013,-1.419
3190.609,1.491,0.013,-1.419
3190.720,1.491,0.013,-1.419
3190.831,1.491,0.013,-1.419
3190.942,1.491,0.013,-1.419
3191.053,1.491,0.013,-1.419
3191.165,1.491,0.013,-1.419
3191.275,1.491,0.013,-1.419
3191.387,1.491,0.013,-1.419
3191.498,1.491,0.013,-1.419
3191.609,1.491,0.013,-1.420
3191.720,1.491,0.013,-1.420
3191.831,1.491,0.013,-1.420
3191.943,1.491,0.013,-1.420
3192.053,1.491,0.013,-1.420
3192.165,1.491,0.013,-1.420
3192.275,1.491,0.013,-1.420
3192.387,1.491,0.013,-1.420
3192.498,1.491,0.013,-1.420
3192.609,1.491,0.013,-1.420
3192.720,1.491,0.013,-1.420
3192.831,1.491,0.013,-1.419
3192.943,1.491,0.013,-1.419
3193.053,1.491,0.013,-1.419
3193.165,1.491,0.013,-1.419
3193.275,1.491,0.013,-1.419
3193.387,1.491,0.013,-1.420
3193.498,1.491,0.013,-1.420
3193.609,1.491,0.013,-1.420
3193.721,1.491,0.013,-1.420
3193.832,1.491,0.013,-1.420
3193.942,1.491,0.013,-1.420
3194.054,1.491,0.013,-1.420
3194.165,1.491,0.013,-1.420
3194.275,1.491,0.013,-1.420
3194.387,1.491,0.013,-1.420
3194.498,1.491,0.013,-1.420
3194.609,1.491,0.013,-1.420
3194.720,1.491,0.013,-1.420
3194.832,1.491,0.013,-1.420
3194.942,1.491,0.013,-1.420
3195.053,1.491,0.013,-1.420
3195.165,1.491,0.013,-1.420
3195.275,1.491,0.013,-1.420
3195.387,1.491,0.013,-1.420
3195.498,1.491,0.013,-1.420
3195.609,1.491,0.013,-1.419
3195.720,1.491,0.013,-1.420
3195.832,1.491,0.013,-1.420
3195.942,1.491,0.013,-1.420
3196.053,1.491,0.013,-1.420
3196.165,1.491,0.013,-1.420
3196.276,1.491,0.013,-1.420
3196.387,1.491,0.013,-1.420
3196.498,1.491,0.013,-1.420
3196.609,1.491,0.013,-1.420
3196.720,1.491,0.013,-1.420
3196.832,1.491,0.013,-1.420
3196.942,1.491,0.013,-1.420
3197.053,1.491,0.013,-1.420
3197.165,1.491,0.013,-1.420
3197.276,1.491,0.013,-1.420
3197.387,1.491,0.013,-1.420
3197.498,1.491,0.013,-1.420
3197.609,1.491,0.013,-1.419
3197.720,1.491,0.013,-1.420
3197.832,1.491,0.013,-1.420
3197.942,1.491,0.013,-1.419
3198.053,1.491,0.013,-1.419
3198.164,1.491,0.013,-1.419
3198.275,1.491,0.013,-1.419
3198.386,1.491,0.013,-1.419
3198.498,1.491,0.013,-1.419
3198.609,1.491,0.013,-1.419
3198.720,1.491,0.013,-1.419
3198.831,1.491,0.013,-1.419
3198.942,1.491,0.013,-1.419
3199.053,1.491,0.013,-1.419
3199.165,1.491,0.013,-1.419
3199.275,1.491,0.013,-1.419
3199.386,1.491,0.013,-1.419
3199.497,1.491,0.013,-1.419
3199.608,1.491,0.013,-1.419
3199.719,1.491,0.013,-1.419
3199.831,1.491,0.013,-1.420
3199.942,1.491,0.013,-1.420
3200.053,1.491,0.013,-1.420
3200.164,1.491,0.013,-1.420
3200.275,1.491,0.013,-1.420
3200.386,1.491,0.013,-1.420
3200.498,1.491,0.013,-1.420
3200.609,1.491,0.013,-1.420
3200.719,1.490,0.013,-1.420
3200.831,1.491,0.013,-1.420
3200.942,1.491,0.013,-1.420
3201.053,1.491,0.013,-1.420
3201.164,1.491,0.013,-1.420
3201.275,1.491,0.013,-1.420
3201.386,1.491,0.013,-1.419
3201.498,1.491,0.013,-1.419
3201.608,1.491,0.013,-1.419
3201.720,1.491,0.013,-1.419
3201.831,1.491,0.013,-1.419
3201.942,1.491,0.013,-1.419
3202.053,1.491,0.013,-1.419
3202.165,1.491,0.013,-1.419
3202.275,1.491,0.013,-1.419
3202.386,1.491,0.013,-1.419
3202.498,1.491,0.013,-1.420
3202.608,1.491,0.013,-1.420
3202.720,1.491,0.013,-1.420
3202.831,1.491,0.013,-1.420
3202.942,1.491,0.013,-1.420
3203.053,1.491,0.013,-1.420
3203.164,1.490,0.013,-1.420
3203.275,1.491,0.013,-1.420
3203.386,1.491,0.013,-1.420
3203.498,1.491,0.013,-1.419
3203.608,1.491,0.013,-1.419
3203.719,1.491,0.013,-1.419
3203.825,0.000,0.000,0.000
3203.927,1.491,0.013,-1.419
3204.031,1.491,0.013,-1.419
3204.142,1.521,0.917,-1.811
3204.250,1.505,0.934,-1.808
3204.362,1.515,0.925,-1.808
3204.474,1.522,0.922,-1.807
3204.585,1.525,0.927,-1.805
3204.696,1.525,0.935,-1.802
3204.807,1.525,0.934,-1.802
3204.918,1.524,0.918,-1.809
3205.030,1.530,0.902,-1.819
3205.142,1.528,0.899,-1.822
3205.253,1.531,0.911,-1.812
3205.364,1.531,0