Timestamp,X,Y,Z
4.173,-0.649,2.249,-0.392
4.286,-0.656,2.253,-0.395
4.398,-0.660,2.254,-0.398
4.508,-0.664,2.255,-0.401
4.620,-0.666,2.258,-0.403
4.727,-0.668,2.265,-0.404
4.838,-0.674,2.273,-0.407
4.949,-0.681,2.280,-0.412
5.061,-0.688,2.285,-0.419
5.172,-0.692,2.291,-0.425
5.283,-0.697,2.292,-0.426
5.395,-0.701,2.289,-0.425
5.508,-0.701,2.288,-0.425
5.616,-0.698,2.286,-0.427
5.728,-0.694,2.286,-0.428
5.839,-0.687,2.287,-0.427
5.950,-0.676,2.284,-0.423
6.061,-0.665,2.285,-0.417
6.172,-0.656,2.283,-0.421
6.284,-0.650,2.281,-0.430
6.395,-0.643,2.283,-0.434
6.506,-0.636,2.285,-0.428
6.616,-0.635,2.288,-0.419
6.726,-0.637,2.289,-0.410
6.839,-0.639,2.289,-0.406
6.949,-0.640,2.290,-0.406
7.061,-0.642,2.291,-0.408
7.171,-0.641,2.292,-0.412
7.282,-0.642,2.293,-0.416
7.393,-0.642,2.294,-0.419
7.504,-0.643,2.294,-0.421
7.616,-0.644,2.295,-0.422
7.727,-0.646,2.295,-0.422
7.838,-0.648,2.294,-0.422
7.949,-0.648,2.294,-0.423
8.061,-0.649,2.294,-0.424
8.172,-0.001,2.294,-0.001
8.282,-0.001,2.294,-0.001
8.394,-0.002,2.292,0.000
8.505,-0.004,2.286,0.004
8.616,-0.008,2.270,0.013
8.727,-0.015,2.249,0.023
8.839,-0.022,2.229,0.033
8.949,-0.028,2.219,0.040
9.061,-0.031,2.215,0.044
9.172,-0.037,2.214,0.045
9.283,-0.046,2.212,0.043
9.394,-0.052,2.215,0.039
9.506,-0.057,2.223,0.035
9.616,-0.060,2.229,0.032
9.727,-0.057,2.233,0.031
9.839,-0.050,2.241,0.029
9.949,-0.041,2.249,0.024
10.060,-0.034,2.255,0.019
10.172,-0.027,2.258,0.015
10.283,-0.022,2.260,0.012
10.394,-0.017,2.260,0.010
10.505,-0.015,2.260,0.009
10.616,-0.016,2.260,0.009
10.727,-0.018,2.260,0.008
10.839,-0.023,2.261,0.008
10.950,-0.029,2.264,0.007
11.061,-0.032,2.267,0.003
11.172,-0.036,2.268,-0.001
11.283,-0.038,2.268,-0.005
11.394,-0.038,2.268,-0.008
11.505,-0.039,2.269,-0.010
11.616,-0.038,2.269,-0.011
11.727,-0.038,2.269,-0.011
11.838,-0.038,2.269,-0.012
11.948,-0.037,2.270,-0.012
12.060,-0.036,2.270,-0.013
12.172,-0.036,2.270,-0.014
12.282,-0.036,2.270,-0.015
12.394,-0.036,2.271,-0.015
12.505,-0.037,2.271,-0.015
12.616,-0.037,2.271,-0.015
12.727,-0.038,2.271,-0.015
12.838,-0.039,2.271,-0.016
12.949,-0.039,2.272,-0.016
13.061,-0.037,2.274,-0.017
13.172,-0.034,2.275,-0.018
13.283,-0.032,2.276,-0.020
13.394,-0.030,2.277,-0.021
13.505,-0.029,2.276,-0.019
13.616,-0.023,2.271,-0.017
13.727,-0.016,2.268,-0.017
13.839,-0.014,2.265,-0.014
13.950,-0.008,2.255,-0.022
14.061,-0.004,2.258,-0.018
14.171,-0.001,2.258,-0.014
14.283,0.000,2.258,-0.009
14.394,0.002,2.257,-0.008
14.505,0.004,2.257,-0.009
14.616,0.006,2.258,-0.011
14.728,0.007,2.258,-0.012
14.838,0.007,2.257,-0.012
14.949,0.007,2.257,-0.012
15.061,0.006,2.257,-0.012
15.172,0.007,2.257,-0.012
15.283,0.007,2.256,-0.011
15.394,0.007,2.254,-0.008
15.505,0.006,2.250,-0.006
15.616,0.005,2.244,-0.009
15.727,0.005,2.242,-0.005
15.838,0.001,2.240,-0.005
15.950,-0.006,2.235,-0.016
16.061,-0.012,2.235,-0.019
16.172,-0.017,2.237,-0.013
16.283,-0.022,2.240,-0.006
16.394,-0.021,2.241,-0.004
16.505,-0.017,2.240,-0.003
16.616,-0.014,2.240,-0.003
16.727,-0.012,2.241,-0.007
16.838,-0.009,2.242,-0.008
16.949,-0.006,2.244,-0.007
17.060,-0.004,2.245,-0.010
17.172,-0.004,2.247,-0.012
17.283,-0.006,2.246,-0.012
17.393,-0.009,2.244,-0.014
17.504,-0.011,2.246,-0.010
17.616,-0.013,2.244,-0.004
17.726,-0.019,2.241,-0.003
17.838,-0.025,2.238,-0.005
17.949,-0.028,2.237,-0.005
18.060,-0.031,2.236,-0.006
18.171,-0.033,2.237,-0.006
18.282,-0.032,2.238,-0.006
18.393,-0.030,2.238,-0.008
18.505,-0.028,2.238,-0.009
18.616,-0.026,2.238,-0.007
18.727,-0.030,2.240,-0.003
18.838,-0.039,2.249,0.013
18.949,-0.042,2.262,0.021
19.061,-0.041,2.263,0.016
19.172,-0.046,2.269,0.024
19.283,-0.056,2.277,0.036
19.394,-0.065,2.280,0.044
19.505,-0.069,2.281,0.050
19.616,-0.077,2.281,0.056
19.728,-0.088,2.280,0.064
19.838,-0.101,2.279,0.074
19.949,-0.112,2.278,0.083
20.060,-0.120,2.274,0.085
20.172,-0.125,2.272,0.082
20.283,-0.130,2.270,0.073
20.394,-0.125,2.269,0.067
20.505,-0.121,2.268,0.060
20.616,-0.122,2.270,0.059
20.727,-0.126,2.274,0.061
20.838,-0.127,2.277,0.062
20.949,-0.128,2.279,0.062
21.060,-0.128,2.280,0.061
21.171,-0.129,2.282,0.061
21.283,-0.131,2.283,0.062
21.393,-0.132,2.284,0.062
21.504,-0.132,2.285,0.061
21.616,-0.132,2.286,0.061
21.727,-0.132,2.287,0.061
21.838,-0.131,2.287,0.060
21.949,-0.131,2.288,0.060
22.060,-0.131,2.288,0.060
22.171,-0.131,2.288,0.059
22.282,-0.131,2.289,0.059
22.393,-0.131,2.289,0.059
22.504,-0.131,2.290,0.058
22.615,-0.131,2.290,0.058
22.727,-0.130,2.290,0.057
22.838,-0.130,2.290,0.057
22.949,-0.130,2.291,0.057
23.060,-0.131,2.292,0.056
23.171,-0.132,2.294,0.059
23.283,-0.135,2.294,0.062
23.393,-0.135,2.294,0.062
23.504,-0.136,2.294,0.062
23.616,-0.136,2.294,0.063
23.727,-0.137,2.293,0.065
23.838,-0.138,2.293,0.066
23.949,-0.138,2.294,0.065
24.060,-0.136,2.295,0.062
24.171,-0.135,2.297,0.059
24.282,-0.134,2.299,0.055
24.393,-0.133,2.302,0.051
24.505,-0.133,2.303,0.048
24.616,-0.133,2.305,0.043
24.727,-0.129,2.307,0.037
24.838,-0.126,2.307,0.033
24.949,-0.123,2.307,0.028
25.060,-0.121,2.308,0.025
25.172,-0.122,2.310,0.025
25.282,-0.121,2.310,0.025
25.393,-0.122,2.309,0.027
25.504,-0.123,2.309,0.027
25.615,-0.122,2.309,0.026
25.726,-0.119,2.306,0.021
25.837,-0.117,2.306,0.018
25.948,-0.119,2.309,0.019
26.060,-0.119,2.309,0.020
26.171,-0.119,2.308,0.020
26.282,-0.120,2.309,0.020
26.393,-0.119,2.308,0.020
26.504,-0.119,2.308,0.019
26.615,-0.118,2.308,0.018
26.726,-0.118,2.308,0.017
26.838,-0.118,2.309,0.018
26.949,-0.119,2.310,0.018
27.060,-0.118,2.309,0.018
27.171,-0.119,2.309,0.018
27.282,-0.119,2.310,0.018
27.393,-0.118,2.309,0.018
27.504,-0.119,2.309,0.018
27.615,-0.118,2.310,0.018
27.726,-0.118,2.310,0.018
27.837,-0.118,2.310,0.018
27.949,-0.119,2.310,0.018
28.060,-0.119,2.310,0.019
28.171,-0.119,2.310,0.018
28.282,-0.119,2.309,0.019
28.393,-0.118,2.309,0.019
28.504,-0.119,2.309,0.019
28.615,-0.119,2.308,0.019
28.727,-0.118,2.307,0.019
28.837,-0.118,2.308,0.019
28.948,-0.119,2.308,0.020
29.060,-0.119,2.308,0.020
29.171,-0.119,2.308,0.020
29.282,-0.119,2.308,0.019
29.393,-0.118,2.308,0.019
29.504,-0.118,2.308,0.019
29.615,-0.119,2.308,0.020
29.726,-0.118,2.308,0.019
29.837,-0.118,2.308,0.018
29.948,-0.119,2.309,0.020
30.060,-0.120,2.309,0.021
30.171,-0.120,2.309,0.021
30.282,-0.120,2.308,0.022
30.393,-0.120,2.308,0.021
30.504,-0.119,2.308,0.020
30.615,-0.120,2.309,0.021
30.726,-0.120,2.308,0.021
30.837,-0.120,2.308,0.022
30.949,-0.120,2.309,0.022
31.059,-0.119,2.308,0.021
31.171,-0.119,2.308,0.022
31.282,-0.119,2.308,0.021
31.392,-0.119,2.308,0.022
31.504,-0.119,2.308,0.022
31.614,-0.119,2.308,0.022
31.725,-0.119,2.308,0.022
31.837,-0.119,2.308,0.022
31.948,-0.119,2.309,0.022
32.059,-0.119,2.308,0.022
32.170,-0.119,2.308,0.022
32.281,-0.119,2.309,0.022
32.392,-0.119,2.309,0.022
32.504,-0.119,2.309,0.022
32.615,-0.119,2.309,0.022
32.726,-0.119,2.308,0.022
32.837,-0.118,2.307,0.022
32.948,-0.118,2.308,0.021
33.060,-0.119,2.308,0.022
33.171,-0.119,2.308,0.022
33.282,-0.119,2.308,0.022
33.392,-0.119,2.308,0.023
33.504,-0.119,2.308,0.023
33.615,-0.119,2.308,0.023
33.725,-0.119,2.308,0.022
33.837,-0.119,2.308,0.022
33.948,-0.118,2.308,0.022
34.059,-0.119,2.308,0.022
34.170,-0.118,2.309,0.021
34.281,-0.118,2.310,0.020
34.392,-0.117,2.310,0.020
34.503,-0.118,2.310,0.020
34.615,-0.118,2.309,0.020
34.726,-0.118,2.309,0.020
34.837,-0.117,2.309,0.019
34.948,-0.117,2.309,0.019
35.059,-0.118,2.309,0.019
35.170,-0.118,2.309,0.020
35.281,-0.118,2.309,0.020
35.392,-0.118,2.309,0.020
35.504,-0.118,2.309,0.020
35.615,-0.118,2.309,0.020
35.726,-0.118,2.309,0.020
35.837,-0.118,2.309,0.020
35.948,-0.118,2.309,0.020
36.060,-0.118,2.309,0.020
36.170,-0.118,2.309,0.020
36.282,-0.118,2.309,0.020
36.392,-0.119,2.310,0.021
36.504,-0.119,2.309,0.021
36.615,-0.119,2.309,0.021
36.726,-0.119,2.308,0.021
36.837,-0.119,2.308,0.022
36.947,-0.119,2.308,0.023
37.059,-0.119,2.308,0.023
37.170,-0.119,2.308,0.022
37.282,-0.119,2.308,0.022
37.392,-0.119,2.308,0.022
37.504,-0.118,2.308,0.022
37.614,-0.118,2.308,0.022
37.726,-0.118,2.308,0.022
37.838,-0.118,2.308,0.022
37.948,-0.119,2.308,0.022
38.059,-0.119,2.309,0.022
38.170,-0.118,2.308,0.022
38.281,-0.118,2.308,0.021
38.392,-0.118,2.309,0.022
38.504,-0.118,2.308,0.021
38.615,-0.118,2.308,0.022
38.726,-0.118,2.308,0.022
38.837,-0.118,2.308,0.022
38.948,-0.118,2.308,0.021
39.059,-0.118,2.309,0.021
39.170,-0.118,2.309,0.021
39.282,-0.118,2.309,0.022
39.392,-0.118,2.309,0.022
39.503,-0.118,2.309,0.022
39.614,-0.118,2.308,0.022
39.725,-0.118,2.308,0.022
39.837,-0.117,2.308,0.021
39.947,-0.116,2.306,0.022
40.059,-0.115,2.305,0.022
40.170,-0.116,2.305,0.024
40.281,-0.116,2.304,0.025
40.392,-0.115,2.304,0.025
40.503,-0.114,2.303,0.025
40.614,-0.113,2.301,0.024
40.725,-0.112,2.300,0.024
40.837,-0.114,2.303,0.025
40.948,-0.113,2.304,0.024
41.059,-0.112,2.302,0.023
41.170,-0.112,2.301,0.023
41.281,-0.112,2.301,0.023
41.392,-0.109,2.298,0.020
41.503,-0.107,2.295,0.018
41.614,-0.106,2.293,0.015
41.725,-0.108,2.295,0.013
41.837,-0.108,2.296,0.012
41.947,-0.106,2.294,0.012
42.059,-0.107,2.294,0.013
42.170,-0.107,2.294,0.013
42.281,-0.108,2.293,0.014
42.392,-0.107,2.294,0.014
42.504,-0.107,2.294,0.014
42.614,-0.107,2.295,0.015
42.725,-0.107,2.295,0.016
42.836,-0.108,2.295,0.016
42.948,-0.108,2.295,0.017
43.059,-0.108,2.295,0.016
43.170,-0.108,2.295,0.016
43.281,-0.107,2.295,0.016
43.392,-0.108,2.296,0.017
43.503,-0.108,2.296,0.016
43.614,-0.108,2.296,0.017
43.725,-0.108,2.296,0.017
43.837,-0.108,2.295,0.018
43.948,-0.108,2.296,0.018
44.059,-0.107,2.295,0.017
44.169,-0.108,2.296,0.018
44.281,-0.108,2.296,0.018
44.392,-0.108,2.296,0.018
44.502,-0.108,2.296,0.018
44.614,-0.108,2.296,0.018
44.725,-0.108,2.296,0.019
44.836,-0.108,2.296,0.018
44.947,-0.109,2.296,0.019
45.058,-0.109,2.296,0.018
45.169,-0.109,2.296,0.018
45.280,-0.109,2.296,0.018
45.391,-0.109,2.296,0.019
45.502,-0.109,2.296,0.019
45.614,-0.109,2.296,0.018
45.725,-0.109,2.296,0.019
45.836,-0.108,2.296,0.019
45.947,-0.109,2.296,0.019
46.059,-0.108,2.295,0.018
46.169,-0.108,2.295,0.018
46.281,-0.108,2.295,0.018
46.392,-0.108,2.295,0.018
46.503,-0.108,2.295,0.018
46.614,-0.108,2.296,0.018
46.725,-0.108,2.295,0.018
46.836,-0.108,2.296,0.018
46.947,-0.108,2.296,0.018
47.059,-0.108,2.296,0.018
47.169,-0.109,2.296,0.018
47.281,-0.108,2.296,0.018
47.391,-0.109,2.296,0.018
47.503,-0.109,2.296,0.018
47.614,-0.109,2.296,0.018
47.725,-0.109,2.296,0.019
47.836,-0.109,2.295,0.019
47.947,-0.109,2.296,0.019
48.059,-0.109,2.296,0.018
48.169,-0.109,2.297,0.018
48.280,-0.110,2.299,0.018
48.392,-0.109,2.299,0.017
48.503,-0.109,2.301,0.015
48.614,-0.111,2.306,0.014
48.725,-0.112,2.308,0.014
48.836,-0.112,2.308,0.014
48.947,-0.112,2.308,0.016
49.058,-0.113,2.308,0.017
49.169,-0.114,2.308,0.017
49.280,-0.113,2.307,0.017
49.391,-0.112,2.306,0.016
49.502,-0.112,2.305,0.016
49.614,-0.112,2.306,0.016
49.724,-0.111,2.305,0.015
49.836,-0.110,2.305,0.015
49.947,-0.110,2.305,0.014
50.058,-0.111,2.305,0.015
50.169,-0.110,2.305,0.016
50.280,-0.110,2.304,0.016
50.391,-0.111,2.305,0.016
50.502,-0.111,2.305,0.016
50.614,-0.111,2.305,0.016
50.724,-0.111,2.305,0.016
50.835,-0.110,2.305,0.015
50.947,-0.111,2.305,0.016
51.059,-0.111,2.305,0.016
51.169,-0.111,2.305,0.017
51.281,-0.111,2.304,0.017
51.391,-0.112,2.304,0.018
51.502,-0.111,2.304,0.018
51.613,-0.112,2.304,0.018
51.725,-0.112,2.304,0.018
51.836,-0.112,2.304,0.018
51.946,-0.112,2.305,0.018
52.058,-0.112,2.305,0.018
52.169,-0.112,2.305,0.018
52.280,-0.112,2.305,0.018
52.391,-0.111,2.305,0.018
52.502,-0.111,2.305,0.018
52.613,-0.111,2.306,0.017
52.724,-0.111,2.305,0.017
52.836,-0.112,2.305,0.018
52.946,-0.112,2.304,0.019
53.058,-0.114,2.303,0.022
53.169,-0.117,2.302,0.027
53.281,-0.118,2.301,0.031
53.391,-0.119,2.299,0.032
53.502,-0.118,2.299,0.031
53.613,-0.117,2.299,0.029
53.724,-0.116,2.299,0.028
53.835,-0.116,2.300,0.027
53.947,-0.116,2.300,0.027
54.058,-0.116,2.300,0.028
54.169,-0.116,2.299,0.029
54.281,-0.116,2.295,0.030
54.391,-0.116,2.289,0.034
54.502,-0.122,2.290,0.043
54.613,-0.130,2.290,0.051
54.724,-0.132,2.285,0.057
54.836,-0.132,2.278,0.063
54.947,-0.132,2.275,0.066
55.058,-0.133,2.278,0.064
55.169,-0.133,2.284,0.060
55.280,-0.133,2.290,0.058
55.391,-0.132,2.289,0.056
55.502,-0.130,2.287,0.055
55.613,-0.129,2.287,0.054
55.724,-0.129,2.287,0.054
55.836,-0.129,2.287,0.055
55.947,-0.130,2.287,0.056
56.058,-0.131,2.286,0.057
56.169,-0.130,2.283,0.058
56.280,-0.130,2.282,0.058
56.391,-0.130,2.282,0.058
56.502,-0.131,2.282,0.059
56.613,-0.131,2.283,0.059
56.724,-0.131,2.282,0.059
56.835,-0.130,2.283,0.059
56.946,-0.130,2.282,0.058
57.058,-0.129,2.283,0.058
57.168,-0.129,2.283,0.058
57.280,-0.129,2.283,0.058
57.391,-0.130,2.283,0.058
57.502,-0.130,2.284,0.059
57.613,-0.131,2.285,0.059
57.724,-0.131,2.286,0.059
57.836,-0.130,2.285,0.058
57.946,-0.129,2.285,0.058
58.058,-0.129,2.286,0.057
58.169,-0.130,2.286,0.057
58.280,-0.130,2.287,0.057
58.391,-0.131,2.288,0.057
58.502,-0.131,2.288,0.056
58.613,-0.130,2.288,0.056
58.724,-0.129,2.287,0.055
58.836,-0.129,2.288,0.055
58.946,-0.130,2.288,0.055
59.057,-0.129,2.287,0.055
59.168,-0.129,2.287,0.055
59.280,-0.129,2.287,0.055
59.391,-0.129,2.288,0.054
59.502,-0.129,2.288,0.054
59.613,-0.129,2.288,0.054
59.724,-0.129,2.288,0.055
59.835,-0.129,2.288,0.054
59.946,-0.129,2.287,0.054
60.058,-0.129,2.287,0.054
60.168,-0.129,2.287,0.054
60.280,-0.129,2.287,0.054
60.390,-0.129,2.287,0.054
60.502,-0.128,2.287,0.053
60.613,-0.128,2.287,0.053
60.724,-0.128,2.287,0.053
60.835,-0.128,2.287,0.053
60.945,-0.128,2.287,0.053
61.058,-0.128,2.287,0.053
61.168,-0.128,2.287,0.053
61.280,-0.128,2.287,0.053
61.391,-0.128,2.287,0.053
61.501,-0.128,2.288,0.052
61.613,-0.128,2.288,0.052
61.724,-0.128,2.288,0.052
61.835,-0.128,2.288,0.052
61.946,-0.128,2.287,0.052
62.057,-0.128,2.287,0.053
62.168,-0.128,2.287,0.053
62.279,-0.128,2.287,0.053
62.390,-0.128,2.288,0.052
62.502,-0.127,2.287,0.052
62.613,-0.127,2.288,0.052
62.724,-0.127,2.288,0.052
62.835,-0.127,2.288,0.052
62.946,-0.127,2.288,0.052
63.058,-0.127,2.288,0.052
63.168,-0.127,2.289,0.052
63.279,-0.127,2.289,0.052
63.390,-0.127,2.288,0.051
63.501,-0.127,2.288,0.051
63.613,-0.127,2.288,0.052
63.723,-0.128,2.288,0.052
63.835,-0.127,2.288,0.052
63.946,-0.128,2.289,0.052
64.057,-0.127,2.289,0.052
64.168,-0.127,2.288,0.052
64.279,-0.127,2.288,0.052
64.390,-0.127,2.288,0.052
64.501,-0.127,2.288,0.052
64.612,-0.127,2.288,0.051
64.723,-0.127,2.289,0.051
64.835,-0.126,2.291,0.049
64.946,-0.125,2.291,0.047
65.057,-0.124,2.291,0.047
65.168,-0.125,2.291,0.047
65.279,-0.125,2.291,0.048
65.390,-0.125,2.291,0.048
65.501,-0.126,2.291,0.048
65.612,-0.126,2.291,0.048
65.723,-0.126,2.290,0.048
65.834,-0.125,2.290,0.048
65.945,-0.125,2.290,0.047
66.056,-0.125,2.290,0.047
66.168,-0.125,2.291,0.047
66.279,-0.125,2.291,0.048
66.390,-0.125,2.291,0.048
66.501,-0.125,2.290,0.047
66.612,-0.125,2.291,0.047
66.723,-0.125,2.291,0.046
66.834,-0.124,2.291,0.046
66.945,-0.124,2.291,0.046
67.056,-0.125,2.291,0.046
67.168,-0.125,2.291,0.047
67.279,-0.125,2.291,0.047
67.389,-0.125,2.291,0.047
67.500,-0.125,2.290,0.047
67.612,-0.125,2.290,0.046
67.723,-0.125,2.291,0.046
67.834,-0.124,2.291,0.046
67.945,-0.124,2.291,0.046
68.056,-0.124,2.291,0.046
68.167,-0.124,2.291,0.046
68.278,-0.124,2.291,0.046
68.389,-0.125,2.291,0.046
68.500,-0.125,2.290,0.047
68.612,-0.125,2.289,0.048
68.723,-0.126,2.288,0.049
68.834,-0.132,2.290,0.051
68.945,-0.141,2.296,0.055
69.057,-0.148,2.307,0.054
69.167,-0.151,2.317,0.047
69.279,-0.146,2.321,0.035
69.389,-0.140,2.320,0.025
69.501,-0.134,2.315,0.018
69.612,-0.130,2.313,0.011
69.723,-0.126,2.312,0.005
69.834,-0.126,2.312,0.004
69.945,-0.127,2.310,0.008
70.056,-0.128,2.307,0.011
70.168,-0.128,2.306,0.012
70.279,-0.128,2.305,0.011
70.389,-0.127,2.306,0.009
70.501,-0.126,2.305,0.009
70.612,-0.125,2.303,0.010
70.724,-0.126,2.302,0.012
70.834,-0.127,2.301,0.013
70.946,-0.127,2.300,0.014
71.057,-0.127,2.300,0.015
71.167,-0.127,2.299,0.015
71.279,-0.127,2.299,0.015
71.390,-0.127,2.299,0.015
71.501,-0.127,2.299,0.016
71.612,-0.127,2.298,0.015
71.723,-0.127,2.298,0.016
71.834,-0.127,2.298,0.015
71.945,-0.126,2.296,0.015
72.056,-0.127,2.296,0.016
72.167,-0.127,2.296,0.016
72.278,-0.127,2.296,0.015
72.389,-0.128,2.299,0.013
72.501,-0.128,2.302,0.012
72.612,-0.128,2.299,0.014
72.723,-0.129,2.298,0.014
72.833,-0.128,2.298,0.014
72.945,-0.129,2.297,0.014
73.056,-0.129,2.298,0.014
73.167,-0.143,2.292,0.007
73.278,-0.155,2.302,0.013
73.389,-0.161,2.311,0.015
73.500,-0.162,2.310,0.015
73.612,-0.161,2.307,0.017
73.722,-0.161,2.309,0.019
73.834,-0.169,2.309,0.023
73.945,-0.175,2.309,0.030
74.056,-0.170,2.304,0.041
74.167,-0.161,2.289,0.056
74.278,-0.165,2.274,0.075
74.389,-0.180,2.259,0.091
74.501,-0.207,2.240,0.104
74.612,-0.237,2.213,0.113
74.723,-0.259,2.190,0.125
74.834,-0.270,2.179,0.139
74.945,-0.275,2.173,0.150
75.056,-0.281,2.171,0.155
75.167,-0.284,2.169,0.157
75.278,-0.288,2.168,0.155
75.389,-0.291,2.168,0.153
75.500,-0.294,2.167,0.150
75.612,-0.297,2.167,0.148
75.723,-0.298,2.166,0.147
75.834,-0.301,2.166,0.147
75.945,-0.304,2.165,0.147
76.056,-0.305,2.165,0.148
76.167,-0.303,2.165,0.149
76.278,-0.302,2.165,0.150
76.390,-0.301,2.165,0.150
76.501,-0.301,2.165,0.150
76.612,-0.301,2.165,0.149
76.723,-0.303,2.165,0.148
76.834,-0.303,2.165,0.148
76.945,-0.304,2.166,0.147
77.056,-0.304,2.168,0.147
77.167,-0.301,2.173,0.148
77.278,-0.294,2.182,0.148
77.389,-0.292,2.183,0.151
77.500,-0.296,2.176,0.157
77.612,-0.294,2.174,0.165
77.723,-0.289,2.173,0.172
77.834,-0.284,2.170,0.178
77.945,-0.281,2.169,0.180
78.056,-0.283,2.170,0.177
78.167,-0.287,2.170,0.173
78.278,-0.291,2.170,0.169
78.389,-0.292,2.169,0.168
78.501,-0.292,2.169,0.169
78.611,-0.292,2.169,0.169
78.723,-0.292,2.170,0.169
78.834,-0.292,2.170,0.169
78.945,-0.292,2.170,0.169
79.056,-0.292,2.169,0.169
79.167,-0.292,2.169,0.168
79.278,-0.293,2.169,0.169
79.389,-0.293,2.169,0.169
79.500,-0.293,2.169,0.169
79.611,-0.293,2.169,0.169
79.722,-0.292,2.169,0.169
79.833,-0.291,2.169,0.169
79.945,-0.291,2.169,0.170
80.056,-0.290,2.169,0.170
80.166,-0.290,2.169,0.170
80.278,-0.289,2.168,0.171
80.389,-0.289,2.168,0.172
80.500,-0.288,2.167,0.173
80.611,-0.288,2.167,0.173
80.722,-0.287,2.167,0.173
80.833,-0.286,2.167,0.173
80.945,-0.286,2.167,0.173
81.056,-0.286,2.167,0.174
81.166,-0.286,2.167,0.174
81.278,-0.286,2.167,0.174
81.389,-0.286,2.167,0.174
81.500,-0.286,2.167,0.174
81.611,-0.286,2.167,0.173
81.723,-0.286,2.167,0.173
81.834,-0.286,2.167,0.173
81.945,-0.286,2.167,0.173
82.056,-0.286,2.167,0.173
82.167,-0.287,2.167,0.173
82.278,-0.287,2.167,0.172
82.389,-0.287,2.167,0.171
82.500,-0.287,2.167,0.172
82.611,-0.287,2.167,0.171
82.723,-0.287,2.167,0.171
82.833,-0.287,2.167,0.172
82.944,-0.287,2.167,0.172
83.055,-0.287,2.166,0.172
83.167,-0.287,2.166,0.172
83.278,-0.287,2.166,0.172
83.389,-0.287,2.167,0.173
83.500,-0.287,2.167,0.173
83.611,-0.286,2.167,0.173
83.722,-0.286,2.166,0.173
83.833,-0.287,2.166,0.174
83.944,-0.287,2.166,0.174
84.056,-0.287,2.166,0.174
84.166,-0.287,2.166,0.173
84.278,-0.287,2.166,0.174
84.388,-0.286,2.166,0.174
84.500,-0.286,2.166,0.174
84.611,-0.286,2.166,0.174
84.723,-0.287,2.165,0.173
84.833,-0.289,2.166,0.173
84.944,-0.290,2.166,0.172
85.056,-0.290,2.167,0.171
85.166,-0.291,2.167,0.170
85.278,-0.292,2.167,0.169
85.389,-0.292,2.167,0.169
85.500,-0.292,2.167,0.169
85.611,-0.292,2.167,0.169
85.722,-0.292,2.167,0.169
85.833,-0.293,2.167,0.169
85.944,-0.293,2.167,0.169
86.055,-0.292,2.167,0.169
86.166,-0.292,2.167,0.169
86.278,-0.292,2.167,0.169
86.389,-0.291,2.167,0.169
86.500,-0.292,2.167,0.169
86.611,-0.292,2.166,0.169
86.722,-0.292,2.166,0.169
86.833,-0.292,2.166,0.169
86.944,-0.292,2.166,0.169
87.055,-0.292,2.166,0.169
87.167,-0.292,2.167,0.169
87.277,-0.292,2.166,0.169
87.388,-0.292,2.166,0.169
87.500,-0.293,2.166,0.169
87.611,-0.293,2.166,0.169
87.722,-0.292,2.166,0.169
87.833,-0.292,2.166,0.169
87.944,-0.291,2.166,0.170
88.055,-0.291,2.167,0.170
88.167,-0.290,2.167,0.170
88.277,-0.290,2.167,0.170
88.388,-0.290,2.166,0.170
88.500,-0.291,2.166,0.170
88.610,-0.291,2.166,0.170
88.722,-0.292,2.166,0.170
88.832,-0.292,2.166,0.170
88.943,-0.291,2.166,0.170
89.054,-0.291,2.166,0.171
89.165,-0.291,2.166,0.171
89.277,-0.291,2.166,0.171
89.388,-0.291,2.166,0.171
89.500,-0.292,2.166,0.170
89.611,-0.292,2.166,0.170
89.722,-0.292,2.166,0.170
89.833,-0.292,2.166,0.170
89.944,-0.292,2.166,0.170
90.055,-0.291,2.166,0.171
90.167,-0.290,2.166,0.170
90.277,-0.290,2.166,0.170
90.388,-0.291,2.166,0.171
90.500,-0.291,2.166,0.171
90.611,-0.291,2.166,0.171
90.722,-0.290,2.166,0.170
90.833,-0.290,2.166,0.171
90.944,-0.290,2.166,0.172
91.055,-0.289,2.166,0.172
91.166,-0.289,2.166,0.172
91.277,-0.289,2.166,0.172
91.388,-0.290,2.166,0.172
91.499,-0.290,2.166,0.172
91.610,-0.289,2.166,0.172
91.722,-0.290,2.166,0.172
91.833,-0.290,2.166,0.172
91.944,-0.290,2.166,0.172
92.055,-0.290,2.166,0.171
92.166,-0.291,2.166,0.171
92.278,-0.292,2.166,0.171
92.388,-0.292,2.166,0.170
92.500,-0.293,2.166,0.170
92.610,-0.293,2.165,0.171
92.722,-0.291,2.165,0.174
92.832,-0.290,2.164,0.174
92.944,-0.293,2.164,0.174
93.055,-0.296,2.164,0.174
93.166,-0.297,2.164,0.174
93.277,-0.296,2.164,0.173
93.388,-0.296,2.164,0.172
93.500,-0.298,2.164,0.172
93.610,-0.299,2.164,0.172
93.721,-0.297,2.164,0.173
93.832,-0.297,2.164,0.173
93.944,-0.297,2.164,0.173
94.055,-0.296,2.164,0.175
94.166,-0.295,2.163,0.174
94.277,-0.296,2.164,0.174
94.388,-0.295,2.164,0.174
94.500,-0.295,2.164,0.174
94.610,-0.297,2.164,0.173
94.722,-0.298,2.163,0.174
94.832,-0.299,2.163,0.174
94.943,-0.301,2.163,0.173
95.055,-0.301,2.164,0.172
95.166,-0.301,2.164,0.171
95.277,-0.303,2.164,0.170
95.388,-0.301,2.164,0.170
95.499,-0.303,2.164,0.169
95.610,-0.307,2.164,0.167
95.722,-0.308,2.165,0.165
95.832,-0.304,2.165,0.167
95.944,-0.300,2.164,0.169
96.055,-0.299,2.164,0.172
96.165,-0.295,2.163,0.178
96.277,-0.289,2.162,0.184
96.388,-0.285,2.160,0.185
96.499,-0.287,2.160,0.184
96.610,-0.290,2.161,0.184
96.721,-0.293,2.161,0.182
96.832,-0.293,2.161,0.181
96.943,-0.293,2.162,0.180
97.054,-0.296,2.162,0.179
97.165,-0.301,2.161,0.178
97.276,-0.305,2.162,0.176
97.388,-0.305,2.162,0.174
97.499,-0.302,2.163,0.173
97.610,-0.300,2.163,0.174
97.721,-0.301,2.163,0.173
97.832,-0.302,2.162,0.174
97.943,-0.302,2.162,0.174
98.054,-0.301,2.162,0.174
98.165,-0.300,2.162,0.174
98.276,-0.300,2.162,0.175
98.387,-0.300,2.162,0.176
98.499,-0.300,2.162,0.176
98.610,-0.300,2.161,0.177
98.721,-0.299,2.161,0.177
98.832,-0.301,2.161,0.177
98.943,-0.302,2.162,0.176
99.054,-0.302,2.162,0.176
99.165,-0.302,2.162,0.177
99.277,-0.301,2.162,0.176
99.388,-0.300,2.162,0.176
99.499,-0.300,2.162,0.175
99.610,-0.300,2.163,0.174
99.721,-0.299,2.163,0.174
99.832,-0.299,2.163,0.174
99.943,-0.298,2.163,0.174
100.055,-0.298,2.162,0.174
100.165,-0.298,2.162,0.174
100.276,-0.298,2.162,0.175
100.388,-0.298,2.162,0.175
100.499,-0.297,2.162,0.176
100.610,-0.296,2.162,0.176
100.721,-0.296,2.162,0.175
100.832,-0.296,2.162,0.175
100.943,-0.295,2.162,0.176
101.054,-0.295,2.162,0.176
101.165,-0.295,2.162,0.176
101.276,-0.294,2.162,0.176
101.388,-0.293,2.162,0.176
101.498,-0.293,2.162,0.176
101.610,-0.293,2.162,0.176
101.721,-0.293,2.162,0.176
101.832,-0.294,2.162,0.176
101.943,-0.294,2.162,0.176
102.054,-0.294,2.162,0.176
102.165,-0.294,2.162,0.176
102.276,-0.294,2.162,0.176
102.387,-0.294,2.163,0.176
102.499,-0.294,2.162,0.175
102.609,-0.294,2.162,0.175
102.721,-0.295,2.162,0.175
102.832,-0.295,2.162,0.175
102.943,-0.295,2.162,0.175
103.054,-0.295,2.162,0.175
103.165,-0.294,2.162,0.175
103.276,-0.294,2.162,0.175
103.387,-0.294,2.162,0.175
103.499,-0.295,2.162,0.175
103.610,-0.295,2.162,0.175
103.721,-0.295,2.162,0.175
103.832,-0.296,2.162,0.174
103.943,-0.296,2.162,0.174
104.054,-0.296,2.162,0.174
104.165,-0.297,2.162,0.174
104.276,-0.299,2.163,0.172
104.387,-0.301,2.163,0.172
104.499,-0.299,2.162,0.174
104.609,-0.297,2.162,0.174
104.721,-0.298,2.162,0.172
104.832,-0.300,2.163,0.171
104.943,-0.300,2.163,0.171
105.054,-0.301,2.163,0.171
105.165,-0.301,2.163,0.170
105.276,-0.301,2.162,0.171
105.387,-0.302,2.162,0.172
105.498,-0.302,2.162,0.171
105.610,-0.302,2.162,0.172
105.720,-0.303,2.162,0.172
105.831,-0.304,2.163,0.170
105.943,-0.302,2.162,0.171
106.054,-0.303,2.163,0.170
106.165,-0.304,2.162,0.170
106.276,-0.304,2.162,0.171
106.387,-0.304,2.162,0.172
106.498,-0.304,2.162,0.172
106.609,-0.304,2.162,0.172
106.720,-0.304,2.161,0.173
106.831,-0.303,2.161,0.173
106.942,-0.304,2.161,0.173
107.053,-0.305,2.161,0.172
107.165,-0.305,2.161,0.172
107.276,-0.304,2.161,0.172
107.387,-0.305,2.161,0.172
107.498,-0.306,2.162,0.171
107.609,-0.305,2.162,0.170
107.720,-0.301,2.162,0.172
107.832,-0.298,2.162,0.172
107.943,-0.301,2.162,0.170
108.053,-0.304,2.162,0.171
108.165,-0.305,2.162,0.171
108.276,-0.306,2.162,0.170
108.387,-0.305,2.162,0.170
108.498,-0.303,2.162,0.171
108.609,-0.306,2.161,0.171
108.720,-0.308,2.161,0.170
108.831,-0.310,2.162,0.170
108.943,-0.307,2.162,0.171
109.054,-0.306,2.161,0.174
109.165,-0.306,2.161,0.175
109.276,-0.306,2.161,0.175
109.387,-0.305,2.161,0.176
109.498,-0.303,2.160,0.179
109.610,-0.300,2.160,0.181
109.720,-0.298,2.160,0.180
109.831,-0.297,2.161,0.179
109.943,-0.297,2.161,0.178
110.053,-0.297,2.161,0.179
110.164,-0.298,2.161,0.178
110.275,-0.299,2.161,0.178
110.387,-0.299,2.161,0.177
110.498,-0.300,2.161,0.177
110.609,-0.298,2.163,0.177
110.720,-0.291,2.175,0.176
110.831,-0.266,2.190,0.170
110.942,-0.229,2.206,0.161
111.053,-0.184,2.217,0.146
111.165,-0.145,2.228,0.136
111.276,-0.105,2.233,0.122
111.387,-0.069,2.235,0.110
111.498,-0.042,2.231,0.101
111.609,-0.026,2.227,0.095
111.720,-0.020,2.223,0.089
111.831,-0.019,2.223,0.083
111.943,-0.024,2.222,0.076
112.053,-0.041,2.223,0.065
112.165,-0.058,2.221,0.053
112.276,-0.067,2.220,0.039
112.387,-0.074,2.222,0.030
112.498,-0.081,2.227,0.024
112.608,-0.093,2.233,0.019
112.720,-0.094,2.239,0.017
112.831,-0.098,2.244,0.019
112.942,-0.102,2.251,0.022
113.053,-0.108,2.255,0.027
113.164,-0.117,2.267,0.036
113.275,-0.127,2.284,0.045
113.387,-0.129,2.287,0.046
113.497,-0.128,2.285,0.044
113.608,-0.127,2.284,0.044
113.720,-0.127,2.284,0.044
113.831,-0.127,2.286,0.043
113.942,-0.127,2.286,0.043
114.053,-0.127,2.287,0.043
114.164,-0.126,2.286,0.042
114.275,-0.125,2.286,0.042
114.386,-0.125,2.285,0.041
114.498,-0.123,2.284,0.040
114.608,-0.122,2.283,0.038
114.720,-0.116,2.280,0.033
114.831,-0.100,2.266,0.018
114.942,-0.093,2.261,0.011
115.053,-0.093,2.263,0.011
115.164,-0.092,2.259,0.006
115.275,-0.091,2.251,0.006
115.386,-0.090,2.241,0.008
115.498,-0.092,2.235,0.012
115.608,-0.090,2.232,0.017
115.720,-0.088,2.231,0.018
115.831,-0.086,2.232,0.017
115.942,-0.085,2.232,0.013
116.053,-0.084,2.233,0.012
116.164,-0.085,2.234,0.013
116.275,-0.085,2.233,0.014
116.386,-0.086,2.233,0.014
116.498,-0.085,2.236,0.012
116.609,-0.084,2.236,0.009
116.719,-0.085,2.237,0.009
116.831,-0.084,2.240,0.010
116.942,-0.084,2.241,0.010
117.053,-0.086,2.239,0.009
117.164,-0.089,2.235,0.007
117.275,-0.093,2.233,0.008
117.386,-0.092,2.232,0.008
117.498,-0.091,2.232,0.009
117.608,-0.091,2.234,0.010
117.720,-0.092,2.235,0.013
117.831,-0.092,2.240,0.016
117.942,-0.097,2.255,0.022
118.053,-0.103,2.274,0.022
118.164,-0.106,2.282,0.020
118.275,-0.107,2.284,0.021
118.386,-0.109,2.285,0.024
118.498,-0.112,2.288,0.027
118.608,-0.112,2.288,0.028
118.719,-0.112,2.287,0.027
118.831,-0.111,2.288,0.027
118.942,-0.111,2.288,0.027
119.053,-0.112,2.288,0.027
119.164,-0.112,2.289,0.027
119.275,-0.111,2.289,0.028
119.386,-0.110,2.286,0.027
119.497,-0.111,2.289,0.028
119.608,-0.112,2.289,0.029
119.719,-0.112,2.288,0.029
119.830,-0.112,2.289,0.029
119.941,-0.112,2.288,0.029
120.053,-0.112,2.286,0.030
120.164,-0.112,2.285,0.030
120.275,-0.112,2.287,0.031
120.386,-0.112,2.285,0.031
120.498,-0.112,2.285,0.031
120.608,-0.113,2.286,0.031
120.719,-0.113,2.287,0.031
120.830,-0.112,2.285,0.031
120.942,-0.113,2.285,0.032
121.053,-0.113,2.285,0.032
121.164,-0.113,2.285,0.033
121.275,-0.115,2.286,0.034
121.386,-0.116,2.287,0.035
121.497,-0.115,2.285,0.034
121.608,-0.115,2.285,0.034
121.719,-0.115,2.286,0.034
121.830,-0.114,2.286,0.033
121.942,-0.114,2.286,0.033
122.052,-0.115,2.288,0.033
122.164,-0.115,2.288,0.033
122.275,-0.114,2.286,0.033
122.386,-0.114,2.286,0.033
122.497,-0.114,2.286,0.032
122.608,-0.114,2.285,0.032
122.719,-0.113,2.285,0.030
122.830,-0.113,2.286,0.030
122.941,-0.112,2.286,0.030
123.052,-0.112,2.286,0.030
123.164,-0.113,2.285,0.030
123.275,-0.113,2.286,0.031
123.385,-0.112,2.285,0.029
123.497,-0.112,2.285,0.029
123.608,-0.113,2.287,0.029
123.719,-0.113,2.288,0.029
123.830,-0.112,2.287,0.028
123.941,-0.111,2.287,0.028
124.052,-0.109,2.283,0.026
124.164,-0.108,2.281,0.025
124.275,-0.108,2.280,0.026
124.386,-0.105,2.270,0.024
124.497,-0.097,2.254,0.017
124.608,-0.091,2.244,0.012
124.730,-0.092,2.244,0.016
124.844,-0.093,2.244,0.019
124.954,-0.090,2.239,0.017
125.066,-0.084,2.230,0.012
125.177,-0.083,2.227,0.013
125.288,-0.085,2.229,0.016
125.400,-0.086,2.230,0.018
125.511,-0.093,2.238,0.024
125.622,-0.106,2.259,0.035
125.733,-0.119,2.281,0.044
125.844,-0.124,2.288,0.047
125.955,-0.121,2.284,0.046
126.066,-0.120,2.281,0.045
126.177,-0.120,2.282,0.045
126.288,-0.119,2.282,0.045
126.399,-0.118,2.280,0.044
126.510,-0.118,2.280,0.044
126.622,-0.118,2.281,0.043
126.733,-0.117,2.280,0.043
126.844,-0.117,2.280,0.043
126.955,-0.117,2.280,0.043
127.066,-0.117,2.280,0.043
127.177,-0.117,2.280,0.043
127.288,-0.118,2.280,0.043
127.399,-0.117,2.280,0.043
127.510,-0.117,2.280,0.043
127.622,-0.117,2.280,0.043
127.732,-0.117,2.280,0.043
127.844,-0.118,2.281,0.043
127.955,-0.119,2.282,0.045
128.066,-0.119,2.281,0.045
128.177,-0.119,2.281,0.044
128.288,-0.118,2.281,0.043
128.399,-0.118,2.281,0.043
128.510,-0.118,2.281,0.043
128.621,-0.118,2.281,0.043
128.732,-0.118,2.280,0.043
128.844,-0.118,2.281,0.043
128.955,-0.119,2.281,0.043
129.066,-0.119,2.281,0.044
129.177,-0.119,2.280,0.044
129.288,-0.119,2.281,0.044
129.399,-0.119,2.281,0.044
129.510,-0.118,2.280,0.043
129.621,-0.118,2.280,0.043
129.732,-0.118,2.280,0.043
129.844,-0.118,2.280,0.042
129.955,-0.117,2.279,0.042
130.066,-0.117,2.279,0.042
130.177,-0.117,2.279,0.042
130.288,-0.117,2.279,0.042
130.399,-0.117,2.279,0.042
130.510,-0.117,2.279,0.042
130.621,-0.117,2.279,0.042
130.732,-0.117,2.279,0.042
130.843,-0.117,2.278,0.042
130.954,-0.116,2.278,0.042
131.066,-0.116,2.278,0.041
131.177,-0.116,2.278,0.041
131.288,-0.117,2.278,0.042
131.399,-0.117,2.278,0.042
131.510,-0.117,2.279,0.042
131.622,-0.116,2.278,0.041
131.732,-0.116,2.278,0.041
131.844,-0.116,2.278,0.041
131.954,-0.116,2.277,0.041
132.065,-0.115,2.276,0.041
132.177,-0.115,2.275,0.042
132.287,-0.116,2.275,0.043
132.399,-0.120,2.278,0.046
132.510,-0.128,2.279,0.058
132.621,-0.131,2.279,0.078
132.732,-0.119,2.276,0.105
132.843,-0.092,2.267,0.133
132.954,-0.053,2.250,0.164
133.066,-0.015,2.235,0.190
133.177,0.030,2.198,0.218
133.288,0.093,2.126,0.242
133.399,0.158,2.039,0.251
133.511,0.227,1.975,0.242
133.622,0.325,1.938,0.213
133.733,0.465,1.905,0.207
133.845,0.629,1.862,0.213
133.956,0.742,1.796,0.183
134.067,0.767,1.702,0.172
134.178,0.770,1.656,0.162
134.289,0.771,1.649,0.165
134.400,0.767,1.645,0.159
134.511,0.764,1.649,0.157
134.623,0.757,1.654,0.159
134.734,0.763,1.642,0.153
134.845,0.762,1.643,0.150
134.956,0.762,1.642,0.150
135.067,0.762,1.641,0.151
135.178,0.761,1.641,0.151
135.289,0.761,1.641,0.150
135.400,0.761,1.642,0.151
135.512,0.761,1.642,0.151
135.623,0.761,1.642,0.151
135.734,0.761,1.642,0.151
135.845,0.761,1.643,0.150
135.956,0.761,1.643,0.150
136.067,0.760,1.643,0.150
136.178,0.761,1.643,0.150
136.289,0.761,1.643,0.150
136.400,0.761,1.643,0.151
136.511,0.761,1.643,0.151
136.622,0.761,1.643,0.151
136.734,0.761,1.643,0.151
136.845,0.761,1.642,0.151
136.956,0.761,1.642,0.151
137.067,0.761,1.642,0.151
137.178,0.761,1.642,0.151
137.289,0.761,1.642,0.151
137.400,0.761,1.642,0.151
137.511,0.761,1.642,0.151
137.622,0.760,1.642,0.151
137.733,0.760,1.643,0.151
137.844,0.760,1.643,0.151
137.955,0.760,1.642,0.152
138.067,0.760,1.642,0.152
138.178,0.760,1.643,0.152
138.289,0.760,1.642,0.151
138.400,0.760,1.642,0.152
138.511,0.760,1.642,0.151
138.622,0.760,1.643,0.151
138.733,0.760,1.643,0.151
138.844,0.760,1.643,0.151
138.955,0.760,1.643,0.152
139.067,0.760,1.643,0.152
139.178,0.760,1.642,0.151
139.289,0.760,1.643,0.151
139.400,0.760,1.643,0.151
139.511,0.760,1.643,0.151
139.622,0.760,1.643,0.152
139.733,0.760,1.643,0.152
139.845,0.760,1.643,0.152
139.955,0.760,1.643,0.152
140.066,0.760,1.643,0.151
140.178,0.760,1.643,0.151
140.289,0.760,1.643,0.151
140.400,0.760,1.643,0.151
140.511,0.760,1.642,0.151
140.622,0.760,1.642,0.151
140.733,0.760,1.642,0.151
140.844,0.760,1.642,0.151
140.955,0.760,1.642,0.151
141.067,0.760,1.642,0.151
141.178,0.760,1.642,0.151
141.289,0.760,1.642,0.151
141.400,0.760,1.642,0.151
141.511,0.760,1.642,0.151
141.622,0.760,1.642,0.151
141.733,0.760,1.642,0.151
141.844,0.760,1.642,0.151
141.955,0.760,1.642,0.151
142.066,0.760,1.642,0.151
142.177,0.760,1.642,0.151
142.289,0.760,1.642,0.151
142.400,0.760,1.642,0.151
142.511,0.760,1.642,0.151
142.622,0.760,1.642,0.151
142.733,0.760,1.642,0.151
142.844,0.760,1.642,0.151
142.955,0.760,1.642,0.151
143.066,0.760,1.642,0.151
143.177,0.760,1.642,0.151
143.288,0.760,1.642,0.151
143.400,0.760,1.642,0.151
143.511,0.760,1.642,0.152
143.622,0.760,1.642,0.152
143.733,0.760,1.642,0.151
143.844,0.760,1.642,0.151
143.955,0.760,1.642,0.151
144.066,0.760,1.642,0.151
144.178,0.760,1.642,0.151
144.288,0.760,1.642,0.151
144.400,0.760,1.642,0.151
144.511,0.760,1.642,0.151
144.622,0.760,1.642,0.151
144.732,0.760,1.642,0.151
144.844,0.760,1.642,0.151
144.955,0.760,1.642,0.151
145.066,0.760,1.642,0.151
145.178,0.760,1.642,0.151
145.288,0.760,1.642,0.151
145.399,0.760,1.642,0.151
145.511,0.760,1.642,0.151
145.622,0.760,1.642,0.151
145.733,0.760,1.642,0.151
145.844,0.760,1.642,0.151
145.955,0.760,1.642,0.151
146.066,0.760,1.642,0.151
146.177,0.760,1.642,0.151
146.288,0.760,1.642,0.151
146.399,0.760,1.642,0.151
146.510,0.760,1.642,0.151
146.622,0.760,1.642,0.151
146.733,0.760,1.642,0.151
146.844,0.760,1.642,0.151
146.955,0.760,1.642,0.151
147.066,0.760,1.642,0.151
147.177,0.760,1.642,0.151
147.288,0.760,1.642,0.151
147.399,0.760,1.642,0.151
147.510,0.760,1.642,0.151
147.621,0.760,1.642,0.151
147.733,0.760,1.642,0.151
147.844,0.760,1.642,0.151
147.955,0.760,1.642,0.151
148.066,0.760,1.642,0.151
148.177,0.760,1.642,0.151
148.288,0.760,1.642,0.151
148.399,0.760,1.642,0.151
148.510,0.760,1.642,0.151
148.621,0.760,1.642,0.151
148.732,0.760,1.642,0.151
148.844,0.760,1.642,0.151
148.955,0.760,1.642,0.151
149.066,0.760,1.642,0.151
149.177,0.760,1.642,0.151
149.288,0.760,1.642,0.151
149.399,0.760,1.642,0.151
149.510,0.760,1.642,0.151
149.621,0.760,1.642,0.151
149.732,0.760,1.642,0.151
149.844,0.760,1.642,0.151
149.954,0.760,1.642,0.151
150.066,0.760,1.642,0.151
150.177,0.760,1.642,0.151
150.288,0.760,1.642,0.151
150.399,0.760,1.642,0.151
150.510,0.760,1.642,0.151
150.621,0.760,1.642,0.151
150.733,0.760,1.642,0.151
150.844,0.760,1.642,0.151
150.954,0.760,1.642,0.151
151.066,0.760,1.642,0.151
151.177,0.760,1.642,0.151
151.288,0.760,1.642,0.151
151.399,0.760,1.642,0.151
151.510,0.760,1.642,0.151
151.621,0.760,1.642,0.151
151.732,0.760,1.642,0.151
151.843,0.760,1.642,0.151
151.955,0.760,1.642,0.151
152.065,0.760,1.642,0.151
152.177,0.760,1.642,0.151
152.288,0.760,1.642,0.151
152.399,0.760,1.642,0.151
152.510,0.760,1.642,0.151
152.621,0.760,1.642,0.151
152.732,0.760,1.642,0.151
152.843,0.760,1.642,0.151
152.955,0.760,1.642,0.151
153.066,0.760,1.642,0.151
153.175,0.760,1.642,0.151
153.287,0.760,1.642,0.151
153.398,0.760,1.642,0.151
153.509,0.760,1.642,0.151
153.621,0.760,1.642,0.151
153.731,0.760,1.642,0.151
153.843,0.760,1.642,0.151
153.953,0.760,1.642,0.151
154.065,0.760,1.642,0.151
154.176,0.760,1.642,0.151
154.287,0.760,1.642,0.151
154.398,0.760,1.642,0.151
154.509,0.760,1.642,0.151
154.621,0.760,1.642,0.151
154.732,0.760,1.642,0.151
154.843,0.760,1.642,0.151
154.954,0.760,1.642,0.151
155.065,0.760,1.642,0.151
155.176,0.760,1.642,0.151
155.287,0.760,1.642,0.151
155.398,0.760,1.642,0.151
155.509,0.760,1.642,0.151
155.621,0.760,1.642,0.151
155.732,0.760,1.642,0.151
155.843,0.760,1.642,0.151
155.954,0.760,1.642,0.151
156.065,0.760,1.642,0.151
156.176,0.760,1.642,0.151
156.287,0.760,1.642,0.151
156.398,0.760,1.642,0.151
156.509,0.760,1.642,0.151
156.621,0.760,1.642,0.151
156.732,0.760,1.642,0.151
156.843,0.760,1.642,0.151
156.954,0.760,1.642,0.151
157.065,0.760,1.642,0.151
157.176,0.760,1.642,0.151
157.287,0.760,1.642,0.151
157.399,0.760,1.642,0.151
157.510,0.760,1.642,0.151
157.621,0.760,1.642,0.151
157.732,0.760,1.642,0.151
157.843,0.760,1.642,0.151
157.954,0.760,1.642,0.151
158.065,0.760,1.642,0.150
158.176,0.760,1.642,0.151
158.287,0.760,1.642,0.151
158.399,0.760,1.642,0.151
158.509,0.760,1.642,0.151
158.621,0.760,1.642,0.151
158.732,0.760,1.642,0.151
158.843,0.760,1.642,0.151
158.954,0.760,1.642,0.151
159.065,0.760,1.642,0.151
159.176,0.760,1.642,0.151
159.287,0.760,1.642,0.151
159.398,0.760,1.642,0.151
159.509,0.760,1.642,0.151
159.621,0.760,1.642,0.151
159.732,0.760,1.642,0.151
159.843,0.760,1.642,0.151
159.954,0.760,1.642,0.151
160.065,0.760,1.642,0.151
160.176,0.760,1.642,0.151
160.287,0.760,1.642,0.151
160.398,0.760,1.642,0.151
160.509,0.760,1.642,0.151
160.620,0.760,1.642,0.151
160.732,0.760,1.642,0.151
160.843,0.760,1.642,0.151
160.954,0.760,1.642,0.151
161.065,0.760,1.642,0.151
161.176,0.760,1.642,0.151
161.287,0.760,1.642,0.151
161.398,0.760,1.642,0.151
161.509,0.760,1.642,0.151
161.621,0.760,1.642,0.151
161.732,0.760,1.642,0.151
161.843,0.760,1.642,0.151
161.954,0.760,1.642,0.151
162.065,0.760,1.642,0.151
162.176,0.760,1.642,0.151
162.287,0.760,1.642,0.151
162.398,0.760,1.642,0.151
162.509,0.760,1.642,0.151
162.620,0.761,1.642,0.151
162.731,0.761,1.642,0.151
162.843,0.760,1.642,0.151
162.954,0.760,1.642,0.151
163.065,0.760,1.642,0.151
163.176,0.760,1.642,0.151
163.287,0.760,1.642,0.151
163.398,0.761,1.642,0.151
163.509,0.761,1.642,0.151
163.620,0.760,1.642,0.151
163.731,0.760,1.642,0.151
163.842,0.760,1.642,0.151
163.953,0.760,1.642,0.151
164.065,0.760,1.642,0.151
164.176,0.760,1.642,0.151
164.287,0.760,1.642,0.151
164.398,0.760,1.642,0.151
164.509,0.760,1.642,0.151
164.620,0.760,1.642,0.151
164.731,0.760,1.642,0.151
164.842,0.760,1.642,0.151
164.954,0.760,1.642,0.151
165.065,0.760,1.642,0.151
165.176,0.760,1.642,0.151
165.287,0.760,1.642,0.151
165.398,0.760,1.642,0.151
165.509,0.760,1.642,0.151
165.621,0.760,1.642,0.151
165.731,0.760,1.642,0.151
165.842,0.760,1.642,0.151
165.953,0.760,1.642,0.151
166.064,0.760,1.642,0.151
166.175,0.760,1.642,0.151
166.287,0.760,1.642,0.151
166.398,0.760,1.642,0.151
166.509,0.760,1.642,0.151
166.620,0.760,1.642,0.151
166.731,0.760,1.642,0.151
166.843,0.760,1.642,0.151
166.953,0.760,1.642,0.151
167.064,0.760,1.642,0.151
167.175,0.760,1.642,0.151
167.287,0.760,1.642,0.151
167.398,0.760,1.642,0.151
167.509,0.760,1.642,0.151
167.620,0.760,1.642,0.151
167.731,0.760,1.642,0.151
167.842,0.760,1.642,0.151
167.953,0.761,1.642,0.151
168.064,0.760,1.642,0.151
168.176,0.760,1.642,0.151
168.287,0.760,1.642,0.151
168.398,0.760,1.642,0.151
168.509,0.760,1.642,0.151
168.620,0.761,1.642,0.151
168.731,0.761,1.642,0.151
168.842,0.761,1.642,0.151
168.953,0.761,1.642,0.151
169.064,0.760,1.642,0.151
169.175,0.760,1.642,0.151
169.287,0.760,1.642,0.151
169.397,0.760,1.642,0.151
169.509,0.760,1.642,0.151
169.620,0.760,1.642,0.151
169.731,0.760,1.642,0.151
169.842,0.760,1.642,0.151
169.953,0.760,1.642,0.151
170.064,0.760,1.642,0.151
170.176,0.761,1.642,0.151
170.286,0.761,1.642,0.151
170.398,0.761,1.642,0.151
170.509,0.761,1.642,0.151
170.620,0.761,1.642,0.151
170.731,0.761,1.642,0.151
170.842,0.760,1.642,0.151
170.953,0.760,1.642,0.151
171.064,0.760,1.642,0.151
171.175,0.760,1.642,0.151
171.286,0.760,1.642,0.151
171.397,0.760,1.642,0.151
171.508,0.760,1.642,0.151
171.620,0.760,1.642,0.151
171.731,0.760,1.642,0.151
171.842,0.760,1.642,0.151
171.953,0.760,1.642,0.151
172.064,0.760,1.642,0.151
172.175,0.760,1.642,0.151
172.286,0.760,1.642,0.151
172.397,0.760,1.642,0.151
172.508,0.760,1.642,0.151
172.620,0.760,1.642,0.151
172.731,0.760,1.642,0.151
172.842,0.760,1.642,0.151
172.953,0.760,1.642,0.151
173.064,0.760,1.642,0.151
173.175,0.760,1.642,0.151
173.286,0.760,1.642,0.151
173.397,0.760,1.642,0.151
173.508,0.760,1.642,0.151
173.620,0.760,1.642,0.151
173.731,0.760,1.642,0.151
173.842,0.760,1.642,0.151
173.953,0.760,1.642,0.151
174.064,0.761,1.642,0.151
174.175,0.761,1.642,0.151
174.286,0.760,1.642,0.151
174.398,0.760,1.642,0.151
174.508,0.760,1.642,0.151
174.620,0.760,1.642,0.151
174.731,0.760,1.642,0.151
174.842,0.760,1.642,0.151
174.953,0.760,1.642,0.151
175.064,0.760,1.642,0.151
175.175,0.760,1.642,0.151
175.286,0.760,1.642,0.151
175.397,0.760,1.642,0.151
175.508,0.760,1.642,0.151
175.620,0.760,1.642,0.151
175.730,0.760,1.642,0.151
175.842,0.760,1.642,0.151
175.953,0.760,1.642,0.151
176.064,0.760,1.642,0.151
176.175,0.760,1.642,0.151
176.286,0.760,1.642,0.151
176.397,0.760,1.642,0.151
176.508,0.760,1.642,0.151
176.619,0.760,1.642,0.151
176.731,0.760,1.642,0.151
176.842,0.760,1.642,0.151
176.953,0.760,1.642,0.151
177.064,0.760,1.642,0.151
177.175,0.760,1.642,0.151
177.286,0.760,1.642,0.151
177.397,0.760,1.642,0.151
177.508,0.760,1.642,0.151
177.620,0.760,1.642,0.151
177.730,0.760,1.642,0.151
177.842,0.760,1.642,0.151
177.952,0.760,1.642,0.151
178.064,0.760,1.642,0.151
178.175,0.760,1.642,0.151
178.286,0.760,1.642,0.151
178.397,0.760,1.642,0.151
178.508,0.760,1.642,0.151
178.619,0.760,1.642,0.151
178.730,0.760,1.642,0.151
178.841,0.760,1.642,0.151
178.952,0.760,1.642,0.151
179.064,0.760,1.642,0.151
179.175,0.760,1.642,0.151
179.286,0.760,1.642,0.151
179.397,0.760,1.642,0.151
179.508,0.760,1.642,0.151
179.619,0.760,1.642,0.151
179.730,0.760,1.642,0.151
179.842,0.760,1.642,0.151
179.952,0.760,1.642,0.151
180.063,0.760,1.642,0.151
180.174,0.760,1.642,0.151
180.285,0.760,1.642,0.151
180.397,0.760,1.642,0.151
180.508,0.760,1.642,0.151
180.619,0.760,1.642,0.151
180.730,0.760,1.642,0.151
180.841,0.760,1.642,0.151
180.952,0.760,1.642,0.151
181.063,0.760,1.642,0.151
181.174,0.760,1.642,0.151
181.285,0.760,1.642,0.151
181.396,0.760,1.642,0.151
181.508,0.760,1.642,0.151
181.619,0.760,1.642,0.151
181.730,0.761,1.642,0.151
181.841,0.761,1.642,0.151
181.952,0.761,1.642,0.151
182.063,0.760,1.642,0.151
182.174,0.760,1.642,0.151
182.285,0.760,1.642,0.151
182.396,0.760,1.642,0.151
182.507,0.760,1.642,0.151
182.619,0.760,1.642,0.151
182.730,0.760,1.642,0.151
182.841,0.760,1.642,0.151
182.952,0.760,1.642,0.151
183.063,0.760,1.642,0.151
183.175,0.760,1.642,0.151
183.286,0.760,1.642,0.151
183.396,0.760,1.642,0.151
183.507,0.760,1.642,0.151
183.619,0.760,1.642,0.151
183.730,0.760,1.642,0.151
183.841,0.760,1.642,0.151
183.952,0.760,1.642,0.151
184.063,0.760,1.642,0.151
184.174,0.760,1.642,0.151
184.285,0.760,1.642,0.151
184.397,0.760,1.642,0.151
184.507,0.760,1.642,0.151
184.619,0.760,1.642,0.151
184.730,0.760,1.642,0.151
184.841,0.760,1.642,0.151
184.952,0.760,1.642,0.151
185.063,0.760,1.642,0.151
185.174,0.760,1.642,0.151
185.285,0.760,1.642,0.151
185.396,0.760,1.642,0.151
185.508,0.760,1.642,0.151
185.618,0.760,1.642,0.151
185.729,0.761,1.642,0.151
185.840,0.761,1.642,0.151
185.951,0.761,1.642,0.151
186.062,0.761,1.642,0.151
186.173,0.760,1.642,0.151
186.285,0.760,1.642,0.151
186.396,0.761,1.642,0.151
186.507,0.760,1.642,0.151
186.618,0.760,1.642,0.151
186.729,0.760,1.642,0.151
186.840,0.760,1.642,0.151
186.951,0.760,1.642,0.151
187.063,0.760,1.642,0.151
187.174,0.760,1.642,0.151
187.285,0.760,1.642,0.151
187.396,0.760,1.642,0.151
187.507,0.760,1.642,0.151
187.618,0.761,1.642,0.151
187.730,0.761,1.642,0.151
187.840,0.760,1.642,0.151
187.952,0.760,1.642,0.151
188.063,0.760,1.642,0.151
188.174,0.760,1.642,0.151
188.285,0.760,1.642,0.151
188.396,0.760,1.642,0.151
188.507,0.760,1.642,0.151
188.618,0.760,1.642,0.151
188.729,0.760,1.642,0.151
188.840,0.760,1.642,0.151
188.952,0.760,1.642,0.151
189.063,0.760,1.642,0.151
189.174,0.760,1.642,0.151
189.285,0.760,1.642,0.151
189.396,0.760,1.642,0.151
189.507,0.760,1.642,0.151
189.618,0.760,1.642,0.151
189.729,0.760,1.642,0.151
189.840,0.760,1.642,0.151
189.951,0.760,1.642,0.151
190.063,0.760,1.642,0.151
190.174,0.760,1.642,0.151
190.285,0.760,1.642,0.151
190.396,0.760,1.642,0.151
190.506,0.760,1.642,0.151
190.618,0.760,1.642,0.151
190.729,0.760,1.642,0.151
190.840,0.760,1.642,0.151
190.951,0.760,1.642,0.151
191.062,0.760,1.642,0.151
191.174,0.760,1.642,0.151
191.285,0.760,1.642,0.151
191.396,0.760,1.642,0.151
191.507,0.760,1.642,0.151
191.618,0.760,1.642,0.151
191.729,0.760,1.642,0.151
191.840,0.760,1.642,0.151
191.951,0.760,1.642,0.151
192.062,0.760,1.642,0.151
192.174,0.760,1.642,0.151
192.285,0.760,1.642,0.151
192.396,0.760,1.642,0.151
192.507,0.760,1.642,0.151
192.618,0.760,1.642,0.151
192.729,0.760,1.642,0.151
192.840,0.760,1.642,0.151
192.951,0.760,1.642,0.151
193.062,0.760,1.642,0.151
193.173,0.760,1.642,0.151
193.285,0.760,1.642,0.151
193.396,0.760,1.642,0.151
193.507,0.760,1.642,0.151
193.618,0.760,1.642,0.151
193.729,0.760,1.642,0.151
193.840,0.760,1.642,0.151
193.951,0.760,1.642,0.151
194.062,0.760,1.642,0.151
194.174,0.760,1.642,0.151
194.284,0.760,1.642,0.151
194.396,0.760,1.642,0.151
194.507,0.760,1.642,0.151
194.618,0.760,1.642,0.151
194.729,0.760,1.642,0.151
194.840,0.760,1.642,0.151
194.951,0.760,1.642,0.151
195.063,0.760,1.642,0.151
195.173,0.760,1.642,0.151
195.285,0.760,1.642,0.151
195.395,0.760,1.642,0.151
195.506,0.760,1.642,0.151
195.618,0.760,1.642,0.151
195.729,0.760,1.642,0.151
195.840,0.760,1.642,0.151
195.951,0.760,1.642,0.151
196.062,0.760,1.642,0.151
196.173,0.760,1.642,0.151
196.284,0.760,1.642,0.151
196.395,0.760,1.642,0.151
196.507,0.761,1.642,0.151
196.618,0.761,1.642,0.151
196.729,0.761,1.642,0.151
196.840,0.761,1.642,0.151
196.951,0.761,1.642,0.151
197.062,0.761,1.642,0.151
197.173,0.761,1.642,0.152
197.285,0.761,1.642,0.151
197.395,0.761,1.642,0.151
197.507,0.760,1.642,0.151
197.618,0.761,1.642,0.151
197.729,0.761,1.642,0.151
197.840,0.761,1.642,0.151
197.951,0.761,1.642,0.151
198.062,0.761,1.642,0.151
198.173,0.761,1.642,0.151
198.284,0.761,1.642,0.151
198.395,0.760,1.642,0.152
198.506,0.760,1.642,0.152
198.617,0.761,1.642,0.151
198.728,0.761,1.642,0.152
198.840,0.760,1.642,0.151
198.951,0.760,1.642,0.151
199.062,0.761,1.642,0.151
199.173,0.761,1.642,0.151
199.284,0.761,1.642,0.151
199.395,0.760,1.642,0.151
199.506,0.760,1.642,0.151
199.617,0.760,1.642,0.151
199.729,0.760,1.642,0.151
199.840,0.760,1.642,0.151
199.951,0.760,1.642,0.151
200.062,0.760,1.642,0.151
200.173,0.760,1.642,0.151
200.284,0.760,1.642,0.151
200.395,0.760,1.642,0.151
200.506,0.760,1.642,0.151
200.617,0.760,1.642,0.151
200.728,0.760,1.642,0.151
200.840,0.760,1.642,0.151
200.951,0.761,1.642,0.151
201.062,0.761,1.642,0.151
201.173,0.760,1.642,0.151
201.284,0.760,1.642,0.151
201.395,0.760,1.642,0.151
201.506,0.760,1.642,0.151
201.617,0.760,1.642,0.151
201.728,0.760,1.642,0.151
201.839,0.760,1.642,0.151
201.950,0.760,1.642,0.151
202.062,0.760,1.642,0.151
202.173,0.760,1.642,0.151
202.284,0.760,1.642,0.151
202.395,0.760,1.642,0.151
202.506,0.760,1.642,0.151
202.617,0.760,1.642,0.151
202.728,0.760,1.642,0.151
202.839,0.760,1.642,0.151
202.950,0.760,1.642,0.151
203.062,0.760,1.642,0.151
203.173,0.760,1.642,0.151
203.284,0.760,1.642,0.151
203.395,0.760,1.642,0.151
203.506,0.760,1.642,0.151
203.617,0.760,1.642,0.151
203.728,0.760,1.642,0.151
203.839,0.760,1.642,0.151
203.951,0.760,1.642,0.151
204.062,0.760,1.642,0.151
204.173,0.760,1.642,0.151
204.284,0.760,1.642,0.151
204.395,0.760,1.642,0.151
204.506,0.760,1.642,0.151
204.617,0.760,1.642,0.151
204.728,0.760,1.642,0.151
204.839,0.760,1.642,0.151
204.950,0.760,1.642,0.151
205.061,0.760,1.642,0.151
205.172,0.760,1.642,0.151
205.284,0.760,1.642,0.151
205.394,0.760,1.642,0.151
205.506,0.760,1.642,0.151
205.617,0.760,1.642,0.151
205.728,0.760,1.642,0.151
205.839,0.760,1.642,0.152
205.950,0.760,1.642,0.152
206.061,0.760,1.642,0.152
206.172,0.761,1.642,0.152
206.283,0.760,1.642,0.152
206.394,0.760,1.642,0.152
206.505,0.760,1.642,0.152
206.617,0.760,1.642,0.152
206.728,0.760,1.642,0.152
206.839,0.761,1.642,0.152
206.950,0.761,1.642,0.151
207.062,0.761,1.642,0.151
207.172,0.761,1.642,0.151
207.284,0.761,1.642,0.151
207.394,0.761,1.642,0.151
207.506,0.761,1.642,0.151
207.617,0.761,1.642,0.151
207.728,0.760,1.642,0.151
207.839,0.760,1.642,0.151
207.950,0.761,1.642,0.151
208.061,0.760,1.642,0.151
208.172,0.760,1.642,0.151
208.284,0.760,1.642,0.151
208.394,0.760,1.642,0.151
208.506,0.760,1.642,0.151
208.617,0.760,1.642,0.151
208.728,0.760,1.642,0.151
208.839,0.760,1.642,0.151
208.950,0.760,1.642,0.151
209.061,0.760,1.642,0.151
209.172,0.760,1.642,0.151
209.284,0.760,1.642,0.151
209.394,0.761,1.642,0.151
209.506,0.761,1.642,0.151
209.617,0.761,1.642,0.151
209.728,0.761,1.642,0.151
209.839,0.761,1.642,0.151
209.950,0.761,1.642,0.151
210.061,0.761,1.642,0.151
210.172,0.761,1.642,0.151
210.284,0.761,1.642,0.151
210.395,0.761,1.642,0.151
210.506,0.760,1.642,0.151
210.617,0.761,1.642,0.151
210.728,0.761,1.642,0.151
210.838,0.761,1.642,0.150
210.950,0.761,1.642,0.150
211.061,0.761,1.642,0.151
211.172,0.760,1.642,0.151
211.283,0.760,1.642,0.151
211.394,0.760,1.642,0.151
211.505,0.760,1.642,0.151
211.616,0.760,1.642,0.151
211.728,0.760,1.642,0.151
211.839,0.761,1.642,0.151
211.950,0.761,1.642,0.150
212.061,0.760,1.641,0.151
212.172,0.760,1.642,0.151
212.283,0.760,1.642,0.151
212.394,0.761,1.642,0.151
212.505,0.761,1.642,0.151
212.616,0.760,1.642,0.151
212.728,0.760,1.642,0.151
212.839,0.761,1.642,0.151
212.950,0.760,1.642,0.151
213.061,0.760,1.642,0.150
213.171,0.761,1.642,0.150
213.283,0.761,1.642,0.150
213.394,0.761,1.642,0.150
213.505,0.761,1.642,0.150
213.616,0.761,1.642,0.150
213.727,0.761,1.642,0.150
213.839,0.761,1.642,0.150
213.949,0.761,1.642,0.150
214.060,0.761,1.642,0.150
214.172,0.761,1.642,0.150
214.283,0.761,1.642,0.150
214.394,0.761,1.642,0.151
214.505,0.761,1.642,0.151
214.616,0.761,1.642,0.151
214.728,0.761,1.642,0.151
214.838,0.761,1.642,0.151
214.949,0.761,1.642,0.151
215.061,0.761,1.642,0.151
215.172,0.761,1.642,0.151
215.283,0.761,1.642,0.151
215.394,0.761,1.642,0.151
215.505,0.761,1.642,0.151
215.617,0.761,1.642,0.151
215.727,0.761,1.642,0.150
215.838,0.761,1.642,0.151
215.949,0.761,1.642,0.151
216.061,0.760,1.642,0.151
216.172,0.760,1.642,0.151
216.282,0.760,1.642,0.151
216.394,0.760,1.642,0.151
216.505,0.760,1.642,0.151
216.616,0.761,1.642,0.151
216.727,0.760,1.642,0.151
216.838,0.761,1.642,0.151
216.950,0.761,1.642,0.151
217.060,0.761,1.642,0.151
217.172,0.761,1.642,0.150
217.283,0.761,1.642,0.151
217.393,0.761,1.642,0.151
217.505,0.761,1.642,0.151
217.616,0.761,1.642,0.151
217.727,0.761,1.642,0.151
217.838,0.761,1.642,0.151
217.949,0.761,1.642,0.151
218.061,0.761,1.642,0.151
218.172,0.761,1.642,0.150
218.283,0.761,1.642,0.150
218.394,0.761,1.642,0.150
218.505,0.761,1.642,0.151
218.616,0.761,1.642,0.151
218.727,0.761,1.642,0.151
218.838,0.761,1.642,0.150
218.949,0.761,1.642,0.151
219.060,0.761,1.642,0.151
219.171,0.761,1.642,0.151
219.283,0.761,1.642,0.151
219.393,0.761,1.642,0.151
219.505,0.761,1.642,0.151
219.616,0.761,1.642,0.151
219.727,0.761,1.642,0.151
219.838,0.761,1.642,0.151
219.949,0.761,1.642,0.151
220.061,0.761,1.642,0.151
220.171,0.761,1.642,0.151
220.283,0.761,1.642,0.151
220.394,0.761,1.642,0.151
220.505,0.761,1.642,0.151
220.616,0.761,1.642,0.151
220.727,0.761,1.642,0.151
220.838,0.761,1.642,0.151
220.949,0.761,1.642,0.151
221.061,0.761,1.642,0.151
221.172,0.761,1.642,0.151
221.283,0.761,1.642,0.151
221.394,0.761,1.642,0.151
221.505,0.761,1.642,0.151
221.616,0.761,1.642,0.151
221.727,0.761,1.642,0.151
221.838,0.761,1.642,0.151
221.949,0.761,1.642,0.151
222.061,0.761,1.642,0.151
222.171,0.761,1.642,0.151
222.283,0.761,1.642,0.151
222.393,0.760,1.642,0.151
222.505,0.760,1.642,0.151
222.616,0.760,1.642,0.151
222.727,0.760,1.642,0.151
222.838,0.761,1.642,0.151
222.949,0.761,1.642,0.151
223.061,0.760,1.642,0.151
223.171,0.761,1.642,0.151
223.283,0.760,1.642,0.151
223.393,0.760,1.642,0.151
223.504,0.760,1.642,0.151
223.615,0.761,1.642,0.151
223.727,0.761,1.642,0.151
223.838,0.761,1.642,0.151
223.949,0.761,1.642,0.151
224.060,0.761,1.642,0.151
224.171,0.761,1.642,0.151
224.282,0.761,1.642,0.151
224.393,0.761,1.642,0.151
224.504,0.760,1.642,0.151
224.616,0.761,1.642,0.151
224.727,0.761,1.642,0.151
224.837,0.760,1.642,0.151
224.949,0.760,1.642,0.151
225.060,0.760,1.642,0.151
225.171,0.760,1.642,0.151
225.282,0.760,1.642,0.151
225.393,0.761,1.642,0.151
225.504,0.761,1.642,0.151
225.616,0.761,1.642,0.151
225.727,0.761,1.642,0.151
225.838,0.761,1.642,0.151
225.949,0.761,1.642,0.151
226.060,0.761,1.642,0.151
226.171,0.761,1.642,0.151
226.282,0.761,1.642,0.151
226.393,0.761,1.642,0.151
226.504,0.761,1.642,0.151
226.615,0.761,1.642,0.151
226.727,0.761,1.642,0.151
226.838,0.761,1.642,0.151
226.949,0.761,1.642,0.151
227.060,0.761,1.641,0.151
227.171,0.761,1.642,0.150
227.282,0.761,1.642,0.151
227.393,0.761,1.642,0.151
227.504,0.761,1.642,0.151
227.615,0.761,1.642,0.151
227.726,0.761,1.642,0.151
227.838,0.761,1.642,0.151
227.949,0.761,1.642,0.151
228.060,0.761,1.642,0.151
228.171,0.761,1.642,0.151
228.282,0.761,1.642,0.151
228.393,0.761,1.642,0.151
228.504,0.761,1.642,0.151
228.615,0.761,1.642,0.151
228.727,0.761,1.642,0.151
228.837,0.761,1.642,0.151
228.949,0.761,1.642,0.151
229.060,0.761,1.642,0.151
229.171,0.761,1.642,0.151
229.282,0.761,1.642,0.151
229.393,0.761,1.642,0.151
229.504,0.761,1.642,0.151
229.615,0.761,1.642,0.151
229.726,0.761,1.642,0.151
229.838,0.760,1.642,0.151
229.948,0.761,1.642,0.151
230.060,0.760,1.642,0.151
230.171,0.760,1.642,0.151
230.282,0.761,1.642,0.151
230.393,0.761,1.642,0.151
230.504,0.760,1.642,0.151
230.615,0.760,1.642,0.151
230.726,0.760,1.642,0.151
230.837,0.760,1.642,0.151
230.948,0.760,1.642,0.151
231.060,0.760,1.642,0.151
231.171,0.761,1.642,0.151
231.282,0.761,1.642,0.151
231.393,0.761,1.642,0.151
231.504,0.760,1.642,0.151
231.615,0.761,1.642,0.151
231.726,0.761,1.642,0.150
231.837,0.761,1.642,0.150
231.948,0.761,1.642,0.150
232.059,0.761,1.642,0.150
232.171,0.761,1.642,0.150
232.282,0.761,1.642,0.150
232.392,0.761,1.642,0.150
232.504,0.761,1.642,0.150
232.615,0.761,1.642,0.151
232.726,0.761,1.642,0.151
232.837,0.761,1.642,0.151
232.948,0.761,1.642,0.151
233.059,0.761,1.642,0.151
233.170,0.761,1.642,0.151
233.281,0.761,1.642,0.151
233.393,0.761,1.642,0.151
233.503,0.761,1.642,0.150
233.615,0.761,1.642,0.150
233.726,0.761,1.642,0.150
233.837,0.761,1.642,0.150
233.948,0.760,1.642,0.150
234.060,0.760,1.642,0.150
234.170,0.760,1.642,0.150
234.281,0.760,1.642,0.150
234.392,0.760,1.642,0.151
234.504,0.760,1.642,0.150
234.615,0.760,1.642,0.151
234.726,0.760,1.642,0.150
234.837,0.760,1.642,0.151
234.948,0.760,1.642,0.151
235.059,0.760,1.642,0.150
235.170,0.760,1.642,0.151
235.281,0.760,1.642,0.151
235.392,0.760,1.642,0.151
235.504,0.761,1.642,0.151
235.615,0.761,1.642,0.150
235.726,0.761,1.642,0.150
235.837,0.761,1.642,0.150
235.948,0.761,1.642,0.150
236.059,0.761,1.642,0.150
236.170,0.761,1.642,0.150
236.281,0.761,1.642,0.151
236.392,0.761,1.642,0.151
236.503,0.761,1.642,0.151
236.614,0.760,1.642,0.151
236.725,0.760,1.642,0.151
236.837,0.761,1.642,0.151
236.948,0.761,1.642,0.151
237.059,0.761,1.642,0.151
237.170,0.760,1.642,0.151
237.281,0.761,1.642,0.151
237.392,0.761,1.642,0.151
237.503,0.761,1.642,0.151
237.614,0.761,1.642,0.151
237.726,0.761,1.642,0.150
237.836,0.761,1.642,0.151
237.947,0.761,1.642,0.151
238.059,0.761,1.642,0.151
238.170,0.761,1.642,0.151
238.280,0.761,1.642,0.151
238.392,0.761,1.642,0.151
238.503,0.761,1.642,0.151
238.614,0.761,1.642,0.151
238.725,0.761,1.642,0.151
238.837,0.761,1.642,0.151
238.948,0.761,1.642,0.151
239.059,0.761,1.642,0.151
239.170,0.761,1.642,0.151
239.281,0.761,1.642,0.150
239.392,0.761,1.642,0.150
239.503,0.761,1.642,0.150
239.615,0.761,1.642,0.150
239.725,0.761,1.642,0.150
239.837,0.761,1.642,0.150
239.948,0.761,1.642,0.150
240.059,0.761,1.642,0.150
240.170,0.761,1.642,0.150
240.281,0.761,1.642,0.150
240.392,0.761,1.642,0.151
240.503,0.761,1.642,0.151
240.614,0.761,1.642,0.151
240.725,0.760,1.642,0.151
240.837,0.760,1.642,0.151
240.948,0.760,1.642,0.151
241.059,0.760,1.642,0.150
241.170,0.760,1.642,0.150
241.281,0.760,1.642,0.151
241.392,0.760,1.642,0.151
241.503,0.760,1.642,0.151
241.614,0.760,1.642,0.150
241.725,0.761,1.642,0.151
241.836,0.761,1.642,0.151
241.947,0.761,1.642,0.151
242.059,0.761,1.642,0.151
242.170,0.761,1.642,0.151
242.281,0.761,1.642,0.151
242.392,0.761,1.642,0.151
242.503,0.761,1.642,0.151
242.614,0.761,1.642,0.150
242.725,0.761,1.642,0.151
242.836,0.761,1.642,0.151
242.947,0.761,1.642,0.151
243.059,0.761,1.642,0.151
243.170,0.760,1.642,0.151
243.281,0.760,1.642,0.150
243.392,0.760,1.642,0.150
243.503,0.761,1.642,0.150
243.614,0.761,1.642,0.150
243.725,0.761,1.642,0.151
243.836,0.761,1.642,0.150
243.947,0.761,1.642,0.151
244.058,0.761,1.642,0.151
244.169,0.761,1.642,0.150
244.281,0.761,1.642,0.151
244.391,0.761,1.642,0.151
244.503,0.761,1.642,0.151
244.614,0.761,1.642,0.151
244.725,0.761,1.642,0.151
244.836,0.761,1.642,0.151
244.947,0.761,1.642,0.151
245.058,0.761,1.642,0.151
245.169,0.761,1.642,0.151
245.281,0.761,1.642,0.150
245.391,0.760,1.642,0.151
245.503,0.760,1.642,0.151
245.614,0.760,1.642,0.151
245.725,0.760,1.642,0.151
245.836,0.760,1.642,0.151
245.947,0.760,1.642,0.151
246.058,0.760,1.642,0.151
246.170,0.761,1.642,0.151
246.280,0.760,1.642,0.151
246.391,0.761,1.642,0.150
246.503,0.761,1.642,0.151
246.614,0.761,1.642,0.151
246.725,0.761,1.642,0.150
246.836,0.761,1.642,0.151
246.947,0.761,1.642,0.151
247.058,0.761,1.642,0.151
247.169,0.761,1.642,0.151
247.280,0.761,1.642,0.151
247.391,0.761,1.642,0.151
247.503,0.761,1.642,0.151
247.614,0.761,1.642,0.151
247.725,0.760,1.642,0.151
247.836,0.760,1.642,0.151
247.947,0.760,1.642,0.151
248.058,0.761,1.642,0.151
248.169,0.761,1.642,0.151
248.280,0.761,1.642,0.151
248.391,0.761,1.642,0.151
248.502,0.761,1.642,0.151
248.613,0.761,1.642,0.151
248.725,0.761,1.642,0.151
248.836,0.761,1.642,0.151
248.947,0.760,1.642,0.150
249.058,0.760,1.642,0.151
249.169,0.760,1.642,0.151
249.280,0.761,1.642,0.151
249.391,0.761,1.642,0.151
249.503,0.761,1.642,0.151
249.614,0.761,1.642,0.151
249.725,0.761,1.642,0.151
249.836,0.761,1.642,0.151
249.947,0.761,1.642,0.151
250.058,0.761,1.642,0.151
250.169,0.761,1.642,0.151
250.281,0.761,1.642,0.151
250.391,0.760,1.642,0.151
250.503,0.761,1.642,0.151
250.613,0.761,1.642,0.151
250.724,0.761,1.642,0.151
250.835,0.761,1.642,0.151
250.947,0.761,1.642,0.151
251.058,0.761,1.642,0.151
251.169,0.761,1.642,0.151
251.280,0.761,1.642,0.151
251.391,0.761,1.642,0.151
251.502,0.761,1.642,0.151
251.614,0.761,1.642,0.151
251.725,0.761,1.642,0.151
251.836,0.761,1.642,0.151
251.947,0.761,1.642,0.151
252.058,0.761,1.642,0.151
252.169,0.761,1.642,0.151
252.280,0.761,1.642,0.151
252.392,0.761,1.642,0.151
252.502,0.761,1.642,0.151
252.613,0.761,1.642,0.151
252.725,0.761,1.642,0.151
252.835,0.761,1.642,0.151
252.947,0.761,1.642,0.151
253.058,0.761,1.642,0.151
253.169,0.760,1.642,0.151
253.280,0.760,1.642,0.151
253.391,0.761,1.642,0.151
253.502,0.760,1.642,0.151
253.613,0.760,1.642,0.151
253.725,0.761,1.642,0.150
253.835,0.761,1.642,0.151
253.947,0.761,1.642,0.151
254.058,0.761,1.642,0.151
254.169,0.761,1.641,0.151
254.280,0.761,1.641,0.151
254.391,0.761,1.641,0.151
254.502,0.761,1.641,0.151
254.613,0.761,1.642,0.151
254.724,0.761,1.641,0.151
254.835,0.761,1.641,0.151
254.947,0.761,1.641,0.151
255.058,0.760,1.641,0.151
255.169,0.761,1.641,0.150
255.280,0.760,1.641,0.150
255.391,0.760,1.641,0.150
255.502,0.760,1.641,0.150
255.613,0.760,1.641,0.150
255.724,0.760,1.641,0.150
255.835,0.760,1.641,0.151
255.946,0.760,1.641,0.150
256.057,0.760,1.641,0.150
256.168,0.760,1.641,0.150
256.280,0.761,1.641,0.150
256.391,0.760,1.641,0.150
256.502,0.760,1.641,0.150
256.613,0.760,1.641,0.150
256.724,0.760,1.641,0.150
256.835,0.760,1.641,0.150
256.946,0.760,1.641,0.151
257.058,0.760,1.641,0.150
257.168,0.760,1.641,0.150
257.280,0.760,1.641,0.151
257.391,0.760,1.641,0.151
257.502,0.760,1.641,0.151
257.613,0.760,1.641,0.151
257.724,0.760,1.642,0.151
257.835,0.760,1.641,0.151
257.946,0.760,1.642,0.151
258.057,0.760,1.642,0.151
258.168,0.760,1.642,0.150
258.279,0.761,1.642,0.150
258.391,0.761,1.642,0.150
258.502,0.761,1.642,0.151
258.613,0.761,1.642,0.151
258.724,0.761,1.642,0.151
258.835,0.761,1.642,0.151
258.946,0.761,1.642,0.151
259.057,0.761,1.642,0.151
259.168,0.761,1.642,0.151
259.280,0.761,1.642,0.151
259.391,0.761,1.642,0.151
259.501,0.761,1.642,0.151
259.613,0.761,1.641,0.151
259.724,0.760,1.642,0.151
259.835,0.760,1.642,0.151
259.946,0.760,1.642,0.151
260.057,0.760,1.642,0.151
260.168,0.760,1.642,0.151
260.279,0.760,1.642,0.151
260.390,0.761,1.642,0.151
260.502,0.761,1.642,0.151
260.613,0.761,1.642,0.151
260.724,0.761,1.642,0.151
260.835,0.761,1.642,0.151
260.946,0.761,1.642,0.151
261.057,0.761,1.642,0.151
261.168,0.761,1.642,0.151
261.279,0.761,1.642,0.151
261.390,0.761,1.642,0.151
261.502,0.761,1.642,0.151
261.613,0.761,1.642,0.151
261.724,0.761,1.642,0.151
261.835,0.761,1.642,0.151
261.946,0.761,1.642,0.151
262.057,0.761,1.642,0.151
262.168,0.761,1.642,0.151
262.279,0.761,1.642,0.151
262.390,0.761,1.642,0.151
262.501,0.761,1.642,0.151
262.613,0.761,1.642,0.151
262.724,0.761,1.642,0.151
262.835,0.761,1.642,0.151
262.946,0.761,1.642,0.151
263.057,0.761,1.642,0.151
263.168,0.761,1.642,0.151
263.279,0.760,1.642,0.151
263.390,0.760,1.642,0.151
263.502,0.760,1.642,0.151
263.613,0.761,1.642,0.151
263.724,0.760,1.642,0.151
263.835,0.760,1.642,0.151
263.946,0.761,1.642,0.151
264.057,0.761,1.642,0.151
264.168,0.761,1.642,0.151
264.279,0.761,1.642,0.151
264.390,0.761,1.642,0.151
264.502,0.761,1.642,0.151
264.612,0.761,1.642,0.151
264.724,0.761,1.642,0.151
264.834,0.761,1.642,0.151
264.946,0.761,1.642,0.151
265.057,0.761,1.642,0.151
265.168,0.761,1.642,0.151
265.279,0.761,1.642,0.151
265.390,0.761,1.642,0.151
265.501,0.761,1.642,0.151
265.612,0.761,1.642,0.151
265.724,0.761,1.642,0.151
265.835,0.761,1.642,0.151
265.946,0.761,1.642,0.151
266.057,0.761,1.642,0.151
266.168,0.761,1.642,0.151
266.279,0.761,1.642,0.151
266.390,0.760,1.642,0.151
266.501,0.760,1.642,0.151
266.612,0.760,1.642,0.151
266.724,0.760,1.642,0.151
266.834,0.760,1.642,0.151
266.946,0.760,1.642,0.151
267.057,0.760,1.642,0.151
267.168,0.760,1.642,0.151
267.279,0.761,1.642,0.151
267.390,0.761,1.642,0.151
267.501,0.761,1.642,0.151
267.612,0.761,1.642,0.151
267.723,0.761,1.642,0.151
267.834,0.761,1.642,0.151
267.945,0.761,1.642,0.151
268.057,0.761,1.642,0.151
268.168,0.761,1.642,0.151
268.279,0.761,1.642,0.151
268.390,0.761,1.642,0.151
268.501,0.761,1.642,0.151
268.612,0.761,1.642,0.151
268.724,0.761,1.642,0.151
268.834,0.761,1.642,0.151
268.945,0.761,1.642,0.151
269.057,0.761,1.642,0.151
269.168,0.761,1.642,0.151
269.279,0.761,1.642,0.151
269.390,0.761,1.642,0.151
269.501,0.761,1.642,0.151
269.612,0.761,1.642,0.151
269.723,0.761,1.641,0.151
269.835,0.760,1.641,0.151
269.945,0.760,1.641,0.151
270.056,0.760,1.642,0.151
270.168,0.760,1.642,0.151
270.279,0.760,1.642,0.151
270.390,0.761,1.642,0.151
270.501,0.761,1.642,0.151
270.612,0.761,1.642,0.151
270.723,0.761,1.642,0.151
270.834,0.760,1.642,0.151
270.945,0.761,1.642,0.151
271.056,0.761,1.642,0.151
271.167,0.761,1.642,0.151
271.279,0.761,1.642,0.151
271.390,0.761,1.642,0.151
271.501,0.761,1.642,0.151
271.612,0.761,1.642,0.151
271.723,0.761,1.642,0.151
271.834,0.761,1.642,0.151
271.945,0.761,1.642,0.151
272.056,0.761,1.642,0.151
272.167,0.761,1.642,0.151
272.279,0.761,1.642,0.151
272.390,0.761,1.642,0.151
272.501,0.761,1.642,0.151
272.612,0.761,1.642,0.151
272.723,0.761,1.642,0.151
272.834,0.761,1.642,0.151
272.945,0.761,1.642,0.151
273.056,0.761,1.642,0.151
273.167,0.761,1.642,0.151
273.278,0.761,1.642,0.151
273.389,0.761,1.642,0.151
273.501,0.761,1.642,0.151
273.612,0.761,1.642,0.151
273.723,0.761,1.642,0.151
273.834,0.761,1.642,0.151
273.945,0.761,1.642,0.151
274.056,0.761,1.642,0.151
274.167,0.761,1.642,0.151
274.278,0.761,1.642,0.151
274.389,0.761,1.642,0.151
274.501,0.761,1.642,0.151
274.612,0.761,1.642,0.151
274.724,0.761,1.642,0.151
274.834,0.761,1.641,0.151
274.945,0.761,1.641,0.151
275.056,0.761,1.642,0.151
275.167,0.761,1.642,0.151
275.278,0.761,1.642,0.151
275.389,0.761,1.642,0.151
275.501,0.761,1.642,0.151
275.611,0.761,1.642,0.151
275.723,0.761,1.642,0.151
275.834,0.761,1.642,0.151
275.945,0.761,1.642,0.151
276.056,0.761,1.642,0.151
276.167,0.761,1.641,0.151
276.278,0.761,1.641,0.151
276.389,0.761,1.641,0.151
276.501,0.761,1.641,0.151
276.611,0.761,1.641,0.151
276.723,0.761,1.641,0.151
276.834,0.761,1.641,0.151
276.945,0.761,1.641,0.151
277.056,0.761,1.641,0.151
277.167,0.761,1.642,0.151
277.278,0.761,1.642,0.151
277.389,0.761,1.642,0.151
277.501,0.761,1.642,0.151
277.612,0.761,1.642,0.151
277.723,0.761,1.642,0.151
277.834,0.761,1.642,0.151
277.945,0.761,1.642,0.151
278.056,0.761,1.642,0.151
278.167,0.761,1.642,0.151
278.278,0.761,1.642,0.151
278.389,0.761,1.642,0.151
278.500,0.761,1.642,0.151
278.611,0.761,1.641,0.151
278.723,0.761,1.641,0.151
278.833,0.761,1.641,0.151
278.945,0.761,1.642,0.151
279.056,0.761,1.642,0.151
279.167,0.761,1.642,0.151
279.278,0.761,1.642,0.151
279.389,0.761,1.642,0.151
279.500,0.761,1.642,0.150
279.611,0.761,1.642,0.150
279.723,0.761,1.642,0.150
279.834,0.761,1.642,0.151
279.945,0.761,1.642,0.151
280.055,0.761,1.642,0.151
280.166,0.761,1.642,0.150
280.277,0.761,1.642,0.150
280.389,0.761,1.642,0.150
280.500,0.761,1.642,0.150
280.611,0.761,1.642,0.150
280.722,0.761,1.642,0.150
280.833,0.760,1.642,0.150
280.945,0.761,1.642,0.150
281.056,0.761,1.642,0.150
281.167,0.761,1.642,0.150
281.278,0.761,1.642,0.150
281.389,0.761,1.642,0.150
281.500,0.761,1.642,0.150
281.611,0.761,1.641,0.151
281.722,0.761,1.641,0.151
281.833,0.761,1.641,0.151
281.944,0.761,1.641,0.151
282.055,0.761,1.641,0.151
282.167,0.761,1.641,0.150
282.278,0.761,1.641,0.150
282.389,0.761,1.641,0.150
282.500,0.761,1.641,0.150
282.611,0.761,1.641,0.151
282.722,0.761,1.641,0.151
282.833,0.761,1.641,0.151
282.944,0.761,1.641,0.151
283.055,0.761,1.641,0.150
283.166,0.761,1.641,0.150
283.277,0.761,1.641,0.150
283.389,0.761,1.641,0.150
283.500,0.761,1.641,0.150
283.611,0.761,1.641,0.150
283.722,0.761,1.641,0.150
283.833,0.761,1.641,0.150
283.944,0.761,1.641,0.150
284.055,0.761,1.641,0.150
284.167,0.761,1.641,0.150
284.278,0.761,1.641,0.150
284.388,0.761,1.641,0.150
284.500,0.761,1.641,0.150
284.611,0.761,1.641,0.151
284.722,0.761,1.641,0.150
284.833,0.761,1.641,0.150
284.944,0.761,1.641,0.150
285.056,0.761,1.641,0.150
285.166,0.761,1.641,0.150
285.278,0.761,1.641,0.150
285.389,0.761,1.641,0.150
285.500,0.761,1.641,0.150
285.611,0.761,1.641,0.150
285.722,0.761,1.641,0.150
285.833,0.761,1.641,0.150
285.944,0.761,1.641,0.151
286.055,0.761,1.641,0.151
286.166,0.761,1.641,0.150
286.277,0.761,1.641,0.150
286.388,0.762,1.641,0.150
286.500,0.761,1.641,0.150
286.611,0.761,1.641,0.150
286.722,0.762,1.641,0.150
286.833,0.761,1.641,0.150
286.944,0.761,1.641,0.150
287.055,0.761,1.641,0.150
287.166,0.761,1.641,0.150
287.277,0.761,1.641,0.150
287.388,0.761,1.641,0.150
287.500,0.761,1.641,0.150
287.611,0.761,1.641,0.150
287.722,0.761,1.641,0.150
287.833,0.761,1.641,0.150
287.944,0.761,1.641,0.150
288.055,0.761,1.641,0.150
288.166,0.761,1.641,0.151
288.277,0.761,1.641,0.151
288.388,0.761,1.641,0.151
288.500,0.761,1.641,0.151
288.610,0.761,1.641,0.150
288.722,0.761,1.641,0.150
288.833,0.761,1.641,0.150
288.944,0.761,1.641,0.150
289.055,0.761,1.641,0.150
289.166,0.761,1.641,0.150
289.277,0.761,1.641,0.151
289.388,0.761,1.641,0.150
289.499,0.761,1.641,0.150
289.610,0.761,1.641,0.151
289.722,0.761,1.641,0.150
289.833,0.761,1.641,0.151
289.944,0.761,1.641,0.151
290.055,0.761,1.641,0.151
290.166,0.761,1.641,0.150
290.277,0.761,1.641,0.150
290.388,0.761,1.641,0.150
290.499,0.761,1.641,0.150
290.610,0.761,1.641,0.150
290.722,0.761,1.641,0.151
290.833,0.761,1.641,0.151
290.944,0.761,1.641,0.151
291.055,0.761,1.641,0.151
291.165,0.761,1.641,0.151
291.277,0.761,1.641,0.150
291.388,0.761,1.641,0.150
291.499,0.761,1.641,0.150
291.611,0.761,1.641,0.150
291.721,0.761,1.641,0.150
291.832,0.761,1.641,0.151
291.944,0.761,1.641,0.151
292.054,0.761,1.641,0.150
292.165,0.761,1.641,0.150
292.277,0.761,1.641,0.150
292.388,0.761,1.641,0.150
292.499,0.761,1.641,0.150
292.610,0.761,1.641,0.150
292.721,0.761,1.641,0.150
292.832,0.761,1.641,0.150
292.944,0.761,1.641,0.150
293.055,0.761,1.641,0.150
293.166,0.761,1.641,0.150
293.277,0.761,1.641,0.150
293.388,0.761,1.641,0.150
293.499,0.761,1.641,0.150
293.610,0.761,1.641,0.150
293.721,0.761,1.641,0.150
293.832,0.761,1.641,0.150
293.944,0.761,1.641,0.150
294.054,0.761,1.641,0.150
294.166,0.761,1.641,0.150
294.277,0.761,1.641,0.150
294.388,0.761,1.641,0.150
294.500,0.761,1.641,0.150
294.610,0.761,1.641,0.150
294.721,0.761,1.641,0.150
294.832,0.761,1.641,0.150
294.944,0.761,1.641,0.150
295.054,0.761,1.641,0.150
295.165,0.761,1.641,0.150
295.277,0.761,1.641,0.150
295.388,0.761,1.641,0.150
295.499,0.761,1.641,0.150
295.610,0.761,1.641,0.150
295.721,0.761,1.641,0.150
295.832,0.761,1.641,0.150
295.944,0.761,1.641,0.150
296.055,0.761,1.641,0.150
296.166,0.761,1.641,0.150
296.277,0.761,1.641,0.150
296.388,0.761,1.641,0.150
296.499,0.761,1.641,0.150
296.610,0.761,1.641,0.150
296.721,0.761,1.641,0.150
296.832,0.761,1.641,0.150
296.944,0.761,1.641,0.150
297.055,0.761,1.641,0.150
297.165,0.761,1.641,0.150
297.277,0.761,1.641,0.150
297.388,0.761,1.641,0.150
297.499,0.761,1.641,0.150
297.610,0.761,1.641,0.150
297.721,0.761,1.641,0.150
297.832,0.761,1.641,0.150
297.943,0.761,1.641,0.150
298.054,0.761,1.641,0.150
298.165,0.761,1.641,0.150
298.276,0.761,1.641,0.150
298.388,0.761,1.641,0.150
298.499,0.761,1.641,0.150
298.610,0.761,1.641,0.150
298.721,0.761,1.641,0.150
298.832,0.761,1.641,0.150
298.943,0.761,1.641,0.150
299.054,0.761,1.641,0.150
299.165,0.761,1.641,0.150
299.277,0.761,1.641,0.150
299.388,0.761,1.641,0.150
299.499,0.761,1.641,0.150
299.610,0.761,1.641,0.150
299.721,0.761,1.641,0.150
299.832,0.761,1.641,0.150
299.943,0.761,1.641,0.150
300.054,0.761,1.641,0.150
300.165,0.761,1.641,0.150
300.276,0.761,1.641,0.150
300.387,0.761,1.641,0.150
300.498,0.761,1.641,0.150
300.609,0.761,1.641,0.150
300.721,0.761,1.641,0.150
300.831,0.762,1.641,0.150
300.942,0.761,1.641,0.150
301.054,0.762,1.641,0.151
301.165,0.761,1.641,0.151
301.276,0.761,1.641,0.151
301.387,0.761,1.641,0.151
301.498,0.761,1.641,0.150
301.609,0.761,1.641,0.150
301.721,0.761,1.641,0.150
301.831,0.761,1.641,0.150
301.943,0.761,1.641,0.150
302.054,0.761,1.641,0.150
302.165,0.761,1.641,0.150
302.276,0.761,1.641,0.150
302.387,0.761,1.641,0.150
302.498,0.761,1.641,0.150
302.609,0.761,1.641,0.150
302.721,0.761,1.642,0.150
302.832,0.761,1.642,0.150
302.943,0.761,1.642,0.151
303.054,0.761,1.642,0.151
303.165,0.761,1.642,0.151
303.276,0.761,1.642,0.151
303.387,0.761,1.641,0.151
303.498,0.761,1.641,0.151
303.609,0.761,1.641,0.151
303.720,0.761,1.641,0.151
303.832,0.761,1.641,0.151
303.942,0.761,1.641,0.150
304.054,0.761,1.641,0.150
304.165,0.761,1.641,0.151
304.276,0.761,1.641,0.151
304.387,0.761,1.641,0.150
304.498,0.761,1.641,0.150
304.609,0.761,1.641,0.150
304.720,0.761,1.641,0.150
304.831,0.761,1.641,0.150
304.942,0.761,1.641,0.150
305.053,0.761,1.641,0.150
305.164,0.761,1.641,0.150
305.276,0.761,1.641,0.150
305.387,0.761,1.641,0.150
305.498,0.761,1.641,0.150
305.609,0.761,1.641,0.150
305.720,0.761,1.641,0.150
305.831,0.761,1.641,0.150
305.942,0.761,1.641,0.150
306.053,0.761,1.641,0.150
306.165,0.761,1.641,0.150
306.276,0.761,1.641,0.150
306.387,0.761,1.641,0.150
306.498,0.761,1.641,0.150
306.609,0.761,1.641,0.150
306.720,0.761,1.641,0.150
306.831,0.761,1.641,0.150
306.942,0.761,1.641,0.150
307.053,0.761,1.641,0.150
307.165,0.761,1.641,0.150
307.276,0.761,1.641,0.150
307.387,0.761,1.641,0.150
307.498,0.761,1.641,0.150
307.609,0.761,1.641,0.150
307.720,0.761,1.641,0.150
307.831,0.761,1.641,0.150
307.942,0.761,1.641,0.150
308.053,0.761,1.641,0.150
308.165,0.761,1.641,0.150
308.276,0.761,1.641,0.150
308.387,0.761,1.641,0.150
308.498,0.761,1.641,0.150
308.609,0.761,1.641,0.150
308.720,0.761,1.641,0.150
308.831,0.761,1.641,0.150
308.942,0.761,1.641,0.150
309.053,0.761,1.641,0.150
309.165,0.761,1.641,0.150
309.276,0.761,1.641,0.150
309.387,0.761,1.641,0.150
309.498,0.761,1.641,0.150
309.609,0.761,1.641,0.150
309.720,0.761,1.641,0.150
309.831,0.761,1.641,0.150
309.943,0.761,1.641,0.150
310.054,0.761,1.641,0.150
310.165,0.761,1.641,0.150
310.275,0.761,1.641,0.150
310.386,0.761,1.641,0.150
310.498,0.761,1.641,0.150
310.609,0.761,1.641,0.150
310.720,0.761,1.641,0.150
310.831,0.761,1.641,0.150
310.942,0.761,1.641,0.150
311.053,0.761,1.641,0.150
311.165,0.761,1.641,0.150
311.275,0.761,1.641,0.150
311.387,0.761,1.641,0.150
311.498,0.761,1.641,0.150
311.609,0.761,1.641,0.150
311.720,0.761,1.641,0.150
311.831,0.761,1.641,0.150
311.942,0.761,1.641,0.150
312.053,0.761,1.641,0.150
312.164,0.761,1.641,0.150
312.275,0.761,1.641,0.150
312.386,0.761,1.641,0.150
312.498,0.761,1.641,0.150
312.609,0.761,1.641,0.150
312.720,0.761,1.641,0.150
312.831,0.761,1.641,0.150
312.942,0.761,1.641,0.150
313.053,0.761,1.641,0.150
313.164,0.761,1.641,0.150
313.275,0.761,1.641,0.150
313.386,0.761,1.641,0.150
313.497,0.761,1.641,0.150
313.609,0.762,1.641,0.150
313.720,0.762,1.641,0.150
313.831,0.761,1.641,0.150
313.942,0.761,1.641,0.150
314.053,0.761,1.641,0.150
314.164,0.761,1.641,0.150
314.275,0.761,1.641,0.150
314.386,0.761,1.641,0.150
314.498,0.761,1.641,0.150
314.609,0.761,1.641,0.150
314.720,0.761,1.641,0.150
314.831,0.761,1.641,0.150
314.942,0.761,1.641,0.150
315.053,0.761,1.641,0.150
315.164,0.761,1.641,0.150
315.276,0.761,1.641,0.150
315.387,0.761,1.641,0.150
315.497,0.761,1.641,0.150
315.609,0.761,1.641,0.150
315.719,0.761,1.641,0.150
315.830,0.761,1.641,0.150
315.942,0.761,1.641,0.150
316.053,0.761,1.641,0.150
316.164,0.761,1.641,0.150
316.275,0.761,1.641,0.150
316.386,0.761,1.641,0.150
316.497,0.761,1.641,0.150
316.608,0.761,1.642,0.150
316.720,0.761,1.641,0.150
316.831,0.761,1.642,0.150
316.942,0.761,1.641,0.150
317.053,0.761,1.641,0.150
317.164,0.761,1.641,0.150
317.275,0.761,1.641,0.150
317.386,0.761,1.641,0.150
317.497,0.761,1.641,0.150
317.608,0.761,1.641,0.150
317.719,0.761,1.641,0.150
317.830,0.761,1.641,0.150
317.942,0.761,1.641,0.150
318.053,0.761,1.641,0.150
318.164,0.761,1.641,0.150
318.275,0.761,1.641,0.150
318.386,0.761,1.642,0.150
318.497,0.761,1.641,0.150
318.608,0.761,1.641,0.150
318.719,0.761,1.641,0.150
318.830,0.761,1.641,0.150
318.942,0.761,1.641,0.150
319.052,0.761,1.641,0.150
319.164,0.761,1.641,0.150
319.275,0.761,1.641,0.150
319.386,0.761,1.641,0.150
319.497,0.761,1.641,0.150
319.608,0.761,1.641,0.150
319.719,0.761,1.641,0.150
319.830,0.761,1.641,0.150
319.942,0.761,1.641,0.150
320.053,0.761,1.641,0.150
320.164,0.761,1.641,0.150
320.275,0.761,1.641,0.150
320.386,0.761,1.641,0.150
320.497,0.761,1.641,0.150
320.608,0.761,1.641,0.150
320.719,0.761,1.641,0.150
320.830,0.761,1.641,0.150
320.942,0.761,1.642,0.150
321.053,0.761,1.641,0.150
321.164,0.761,1.641,0.150
321.275,0.761,1.641,0.150
321.386,0.761,1.641,0.150
321.497,0.761,1.641,0.150
321.608,0.761,1.641,0.150
321.719,0.761,1.641,0.150
321.830,0.761,1.641,0.150
321.941,0.761,1.641,0.150
322.052,0.761,1.641,0.150
322.163,0.761,1.641,0.150
322.275,0.761,1.641,0.150
322.386,0.761,1.641,0.151
322.497,0.761,1.641,0.151
322.608,0.761,1.641,0.151
322.719,0.761,1.641,0.150
322.830,0.762,1.641,0.150
322.941,0.762,1.641,0.151
323.052,0.761,1.641,0.150
323.164,0.762,1.641,0.150
323.274,0.762,1.641,0.150
323.385,0.762,1.641,0.150
323.497,0.761,1.641,0.150
323.608,0.761,1.641,0.150
323.719,0.761,1.641,0.150
323.830,0.761,1.641,0.150
323.941,0.761,1.641,0.150
324.052,0.761,1.641,0.150
324.164,0.761,1.641,0.150
324.274,0.761,1.641,0.150
324.386,0.761,1.642,0.150
324.497,0.761,1.642,0.150
324.608,0.761,1.642,0.150
324.719,0.761,1.642,0.150
324.830,0.761,1.642,0.150
324.941,0.761,1.641,0.150
325.052,0.761,1.641,0.150
325.163,0.761,1.641,0.150
325.274,0.761,1.641,0.150
325.386,0.761,1.641,0.150
325.497,0.761,1.641,0.150
325.608,0.761,1.641,0.150
325.719,0.761,1.641,0.150
325.830,0.761,1.641,0.150
325.941,0.761,1.641,0.150
326.052,0.761,1.641,0.150
326.164,0.761,1.641,0.150
326.274,0.761,1.641,0.150
326.386,0.761,1.641,0.150
326.497,0.761,1.641,0.150
326.608,0.761,1.641,0.150
326.719,0.761,1.641,0.150
326.830,0.762,1.641,0.150
326.941,0.762,1.641,0.150
327.052,0.762,1.641,0.150
327.163,0.762,1.641,0.150
327.274,0.761,1.641,0.150
327.386,0.761,1.641,0.150
327.496,0.761,1.641,0.150
327.608,0.761,1.641,0.150
327.719,0.761,1.641,0.150
327.830,0.761,1.641,0.150
327.941,0.761,1.641,0.150
328.052,0.761,1.641,0.150
328.164,0.761,1.641,0.150
328.274,0.761,1.641,0.150
328.385,0.761,1.641,0.150
328.497,0.761,1.641,0.150
328.608,0.761,1.641,0.150
328.719,0.761,1.641,0.150
328.830,0.761,1.641,0.150
328.941,0.761,1.641,0.150
329.052,0.761,1.641,0.150
329.163,0.761,1.641,0.150
329.274,0.761,1.641,0.150
329.385,0.761,1.641,0.150
329.496,0.761,1.641,0.150
329.608,0.761,1.641,0.150
329.718,0.761,1.641,0.150
329.830,0.761,1.641,0.150
329.941,0.761,1.641,0.150
330.052,0.761,1.641,0.150
330.163,0.761,1.641,0.150
330.274,0.761,1.641,0.150
330.385,0.761,1.641,0.150
330.496,0.761,1.641,0.150
330.607,0.761,1.641,0.150
330.718,0.761,1.641,0.150
330.829,0.761,1.641,0.150
330.941,0.761,1.641,0.150
331.052,0.761,1.641,0.150
331.163,0.761,1.641,0.150
331.274,0.761,1.641,0.150
331.385,0.761,1.642,0.150
331.496,0.761,1.642,0.150
331.607,0.761,1.641,0.150
331.718,0.761,1.642,0.150
331.829,0.761,1.641,0.150
331.941,0.761,1.641,0.150
332.052,0.761,1.641,0.150
332.163,0.761,1.642,0.150
332.274,0.761,1.641,0.150
332.385,0.761,1.641,0.150
332.496,0.761,1.641,0.150
332.607,0.761,1.641,0.150
332.718,0.761,1.641,0.150
332.829,0.761,1.641,0.150
332.941,0.761,1.641,0.150
333.052,0.761,1.641,0.150
333.163,0.761,1.641,0.150
333.274,0.761,1.641,0.150
333.385,0.761,1.641,0.150
333.496,0.761,1.641,0.150
333.607,0.761,1.642,0.150
333.718,0.761,1.642,0.150
333.829,0.761,1.641,0.150
333.940,0.761,1.641,0.150
334.051,0.761,1.641,0.150
334.163,0.761,1.641,0.150
334.274,0.761,1.641,0.150
334.385,0.761,1.641,0.150
334.496,0.761,1.641,0.150
334.607,0.761,1.641,0.150
334.718,0.761,1.641,0.150
334.829,0.761,1.641,0.150
334.940,0.761,1.641,0.150
335.051,0.761,1.641,0.150
335.163,0.761,1.641,0.150
335.274,0.761,1.641,0.150
335.385,0.761,1.641,0.150
335.496,0.761,1.641,0.150
335.607,0.761,1.641,0.150
335.718,0.761,1.641,0.150
335.829,0.761,1.641,0.150
335.940,0.761,1.641,0.150
336.051,0.761,1.641,0.150
336.163,0.761,1.641,0.150
336.274,0.761,1.641,0.150
336.385,0.761,1.641,0.150
336.496,0.761,1.641,0.150
336.607,0.761,1.641,0.150
336.718,0.761,1.641,0.150
336.829,0.761,1.641,0.150
336.940,0.761,1.641,0.150
337.051,0.761,1.641,0.150
337.163,0.761,1.641,0.150
337.274,0.761,1.641,0.150
337.385,0.761,1.641,0.150
337.496,0.761,1.641,0.150
337.607,0.761,1.641,0.150
337.718,0.761,1.641,0.150
337.829,0.761,1.641,0.150
337.940,0.761,1.641,0.150
338.051,0.761,1.641,0.150
338.162,0.761,1.641,0.150
338.274,0.761,1.641,0.150
338.384,0.761,1.641,0.150
338.496,0.761,1.641,0.150
338.607,0.761,1.641,0.150
338.718,0.761,1.641,0.150
338.829,0.761,1.641,0.150
338.940,0.761,1.641,0.150
339.051,0.761,1.641,0.150
339.162,0.761,1.641,0.150
339.274,0.761,1.641,0.150
339.385,0.761,1.641,0.150
339.496,0.761,1.641,0.150
339.607,0.761,1.641,0.150
339.718,0.761,1.641,0.150
339.829,0.761,1.641,0.150
339.940,0.761,1.641,0.150
340.051,0.761,1.641,0.150
340.162,0.761,1.641,0.150
340.273,0.761,1.641,0.150
340.385,0.761,1.641,0.150
340.495,0.761,1.641,0.150
340.606,0.761,1.641,0.150
340.718,0.761,1.641,0.150
340.829,0.761,1.641,0.150
340.940,0.761,1.641,0.150
341.051,0.761,1.641,0.150
341.162,0.761,1.641,0.150
341.273,0.761,1.641,0.150
341.384,0.761,1.641,0.150
341.495,0.761,1.641,0.150
341.607,0.761,1.641,0.150
341.717,0.761,1.641,0.150
341.829,0.762,1.641,0.150
341.940,0.761,1.641,0.150
342.051,0.761,1.641,0.150
342.162,0.761,1.641,0.150
342.273,0.761,1.641,0.150
342.384,0.761,1.641,0.150
342.495,0.761,1.641,0.150
342.607,0.761,1.641,0.150
342.717,0.761,1.641,0.150
342.828,0.761,1.641,0.150
342.940,0.761,1.641,0.150
343.051,0.761,1.641,0.150
343.162,0.761,1.641,0.150
343.273,0.761,1.641,0.150
343.385,0.761,1.641,0.150
343.495,0.761,1.641,0.150
343.607,0.761,1.641,0.151
343.717,0.762,1.641,0.151
343.828,0.762,1.641,0.150
343.939,0.762,1.641,0.151
344.051,0.762,1.641,0.150
344.162,0.762,1.641,0.150
344.273,0.762,1.641,0.150
344.384,0.762,1.641,0.150
344.495,0.762,1.641,0.150
344.606,0.761,1.641,0.150
344.717,0.761,1.641,0.150
344.828,0.761,1.641,0.150
344.939,0.761,1.641,0.150
345.051,0.761,1.641,0.150
345.161,0.761,1.641,0.150
345.272,0.761,1.641,0.150
345.384,0.761,1.641,0.150
345.495,0.761,1.641,0.150
345.606,0.761,1.641,0.150
345.717,0.761,1.641,0.150
345.828,0.761,1.641,0.150
345.939,0.761,1.641,0.150
346.050,0.761,1.641,0.150
346.162,0.761,1.641,0.150
346.273,0.761,1.641,0.150
346.384,0.761,1.641,0.150
346.495,0.761,1.641,0.150
346.606,0.761,1.641,0.150
346.717,0.761,1.641,0.150
346.828,0.761,1.641,0.150
346.939,0.761,1.641,0.150
347.051,0.761,1.641,0.150
347.161,0.761,1.641,0.150
347.272,0.761,1.641,0.150
347.384,0.761,1.641,0.150
347.495,0.761,1.641,0.150
347.606,0.761,1.641,0.150
347.717,0.761,1.641,0.150
347.828,0.761,1.641,0.150
347.939,0.761,1.641,0.150
348.050,0.761,1.641,0.150
348.162,0.761,1.641,0.150
348.273,0.761,1.641,0.150
348.384,0.761,1.641,0.150
348.495,0.761,1.641,0.150
348.606,0.761,1.641,0.150
348.717,0.761,1.642,0.150
348.828,0.761,1.642,0.150
348.939,0.761,1.642,0.150
349.051,0.761,1.642,0.150
349.161,0.761,1.642,0.150
349.272,0.761,1.641,0.150
349.384,0.761,1.641,0.150
349.495,0.761,1.641,0.150
349.606,0.761,1.642,0.150
349.717,0.761,1.642,0.150
349.828,0.761,1.641,0.150
349.939,0.761,1.641,0.150
350.050,0.761,1.641,0.150
350.161,0.761,1.641,0.151
350.272,0.761,1.641,0.150
350.384,0.761,1.641,0.150
350.494,0.761,1.641,0.150
350.606,0.761,1.641,0.150
350.717,0.761,1.641,0.150
350.828,0.762,1.641,0.150
350.939,0.761,1.641,0.150
351.050,0.761,1.641,0.150
351.161,0.761,1.641,0.150
351.272,0.761,1.641,0.150
351.384,0.761,1.641,0.150
351.495,0.761,1.641,0.150
351.606,0.761,1.641,0.150
351.717,0.761,1.641,0.150
351.828,0.761,1.641,0.150
351.939,0.761,1.641,0.150
352.050,0.761,1.641,0.150
352.161,0.761,1.641,0.150
352.272,0.761,1.641,0.150
352.383,0.761,1.641,0.150
352.495,0.761,1.641,0.150
352.606,0.761,1.641,0.150
352.717,0.761,1.641,0.150
352.828,0.761,1.641,0.150
352.939,0.761,1.641,0.150
353.050,0.761,1.641,0.150
353.161,0.761,1.641,0.150
353.272,0.761,1.641,0.150
353.384,0.761,1.641,0.150
353.494,0.761,1.641,0.150
353.606,0.761,1.641,0.150
353.717,0.761,1.641,0.150
353.828,0.761,1.641,0.150
353.939,0.761,1.641,0.150
354.050,0.761,1.641,0.150
354.161,0.761,1.641,0.150
354.272,0.761,1.641,0.150
354.384,0.761,1.641,0.150
354.495,0.761,1.641,0.150
354.606,0.761,1.641,0.150
354.716,0.761,1.641,0.150
354.828,0.761,1.641,0.150
354.939,0.761,1.641,0.150
355.050,0.761,1.641,0.150
355.161,0.761,1.641,0.150
355.272,0.761,1.641,0.150
355.384,0.761,1.641,0.150
355.494,0.761,1.641,0.150
355.605,0.761,1.641,0.150
355.717,0.761,1.641,0.150
355.828,0.761,1.641,0.150
355.939,0.761,1.641,0.150
356.050,0.761,1.641,0.150
356.161,0.761,1.641,0.150
356.272,0.761,1.641,0.150
356.383,0.761,1.641,0.150
356.494,0.761,1.641,0.150
356.605,0.761,1.641,0.150
356.717,0.761,1.641,0.150
356.828,0.761,1.641,0.150
356.939,0.761,1.641,0.150
357.050,0.761,1.641,0.150
357.161,0.761,1.641,0.150
357.272,0.761,1.641,0.150
357.383,0.761,1.641,0.150
357.494,0.761,1.641,0.150
357.605,0.761,1.641,0.150
357.716,0.762,1.641,0.150
357.827,0.762,1.641,0.150
357.939,0.762,1.641,0.150
358.049,0.762,1.641,0.150
358.161,0.762,1.641,0.150
358.272,0.761,1.641,0.150
358.383,0.761,1.641,0.150
358.494,0.761,1.641,0.151
358.605,0.761,1.641,0.150
358.716,0.761,1.641,0.150
358.828,0.761,1.641,0.150
358.938,0.761,1.641,0.150
359.050,0.761,1.641,0.150
359.161,0.761,1.641,0.150
359.272,0.761,1.641,0.150
359.383,0.761,1.641,0.150
359.494,0.761,1.641,0.150
359.605,0.761,1.641,0.150
359.716,0.761,1.641,0.150
359.827,0.761,1.641,0.150
359.938,0.761,1.641,0.150
360.049,0.761,1.641,0.150
360.160,0.761,1.641,0.150
360.271,0.761,1.641,0.150
360.382,0.761,1.641,0.150
360.494,0.761,1.641,0.150
360.605,0.761,1.641,0.150
360.716,0.761,1.641,0.150
360.827,0.761,1.641,0.150
360.938,0.761,1.641,0.150
361.049,0.761,1.641,0.150
361.160,0.761,1.641,0.150
361.271,0.761,1.641,0.150
361.383,0.761,1.641,0.150
361.493,0.761,1.641,0.150
361.605,0.761,1.641,0.150
361.716,0.761,1.641,0.150
361.827,0.761,1.641,0.150
361.938,0.761,1.641,0.150
362.049,0.761,1.641,0.150
362.160,0.761,1.641,0.150
362.271,0.761,1.641,0.150
362.383,0.761,1.641,0.150
362.494,0.761,1.641,0.150
362.605,0.761,1.641,0.150
362.716,0.761,1.641,0.150
362.827,0.761,1.641,0.150
362.938,0.761,1.641,0.150
363.049,0.761,1.641,0.150
363.160,0.761,1.641,0.150
363.271,0.761,1.641,0.150
363.383,0.761,1.641,0.150
363.494,0.761,1.641,0.150
363.605,0.761,1.641,0.150
363.716,0.761,1.641,0.150
363.827,0.761,1.641,0.150
363.938,0.761,1.641,0.150
364.049,0.761,1.641,0.150
364.160,0.761,1.641,0.150
364.272,0.761,1.641,0.150
364.383,0.761,1.641,0.150
364.494,0.761,1.641,0.150
364.605,0.761,1.641,0.150
364.716,0.761,1.641,0.150
364.827,0.761,1.641,0.150
364.938,0.761,1.641,0.150
365.049,0.761,1.641,0.150
365.160,0.762,1.641,0.150
365.271,0.761,1.641,0.150
365.382,0.761,1.641,0.150
365.493,0.761,1.641,0.150
365.605,0.761,1.641,0.150
365.716,0.761,1.641,0.150
365.827,0.761,1.641,0.150
365.938,0.761,1.641,0.150
366.049,0.761,1.641,0.150
366.160,0.761,1.641,0.150
366.271,0.761,1.641,0.150
366.382,0.761,1.641,0.150
366.493,0.761,1.641,0.150
366.604,0.761,1.641,0.150
366.715,0.761,1.641,0.150
366.827,0.761,1.642,0.150
366.938,0.761,1.642,0.150
367.049,0.761,1.642,0.150
367.160,0.761,1.641,0.150
367.271,0.761,1.641,0.150
367.382,0.761,1.641,0.150
367.493,0.761,1.641,0.150
367.605,0.762,1.641,0.150
367.715,0.761,1.642,0.150
367.827,0.761,1.642,0.150
367.938,0.761,1.642,0.150
368.049,0.761,1.642,0.150
368.160,0.761,1.641,0.150
368.271,0.761,1.641,0.150
368.382,0.761,1.641,0.150
368.493,0.761,1.641,0.150
368.604,0.761,1.641,0.150
368.716,0.761,1.641,0.150
368.827,0.761,1.641,0.150
368.938,0.761,1.641,0.150
369.049,0.761,1.641,0.150
369.160,0.761,1.641,0.150
369.271,0.761,1.641,0.150
369.382,0.761,1.641,0.150
369.493,0.761,1.641,0.150
369.605,0.761,1.641,0.150
369.715,0.761,1.641,0.150
369.827,0.761,1.641,0.150
369.938,0.761,1.641,0.150
370.048,0.761,1.641,0.150
370.160,0.761,1.642,0.150
370.271,0.761,1.641,0.150
370.382,0.761,1.642,0.150
370.493,0.761,1.641,0.150
370.604,0.761,1.641,0.150
370.715,0.761,1.641,0.150
370.827,0.761,1.641,0.150
370.937,0.761,1.641,0.150
371.049,0.761,1.641,0.150
371.160,0.761,1.641,0.150
371.271,0.761,1.641,0.150
371.382,0.761,1.641,0.150
371.493,0.761,1.641,0.150
371.604,0.761,1.641,0.150
371.715,0.761,1.641,0.150
371.827,0.761,1.641,0.150
371.938,0.761,1.641,0.150
372.048,0.761,1.641,0.150
372.160,0.761,1.641,0.150
372.271,0.761,1.641,0.150
372.382,0.761,1.641,0.150
372.493,0.761,1.641,0.150
372.604,0.761,1.641,0.150
372.715,0.761,1.641,0.150
372.826,0.761,1.641,0.150
372.937,0.761,1.641,0.150
373.049,0.761,1.641,0.150
373.160,0.761,1.641,0.150
373.271,0.761,1.641,0.150
373.382,0.761,1.641,0.150
373.493,0.761,1.641,0.150
373.604,0.761,1.641,0.150
373.715,0.761,1.642,0.150
373.826,0.761,1.641,0.150
373.938,0.761,1.642,0.150
374.048,0.761,1.641,0.150
374.160,0.761,1.641,0.150
374.270,0.761,1.641,0.150
374.382,0.761,1.641,0.150
374.493,0.761,1.641,0.150
374.604,0.761,1.641,0.150
374.715,0.761,1.641,0.150
374.826,0.761,1.641,0.150
374.937,0.761,1.641,0.150
375.049,0.761,1.641,0.150
375.159,0.761,1.641,0.150
375.270,0.761,1.641,0.150
375.382,0.761,1.642,0.150
375.493,0.761,1.641,0.150
375.604,0.761,1.641,0.150
375.715,0.761,1.641,0.150
375.826,0.761,1.641,0.150
375.937,0.761,1.641,0.150
376.048,0.761,1.641,0.150
376.159,0.761,1.641,0.150
376.271,0.761,1.641,0.150
376.382,0.761,1.642,0.150
376.493,0.761,1.642,0.150
376.604,0.761,1.641,0.150
376.715,0.761,1.642,0.150
376.826,0.761,1.642,0.150
376.937,0.761,1.641,0.150
377.048,0.761,1.641,0.150
377.159,0.761,1.641,0.150
377.270,0.761,1.641,0.150
377.381,0.761,1.641,0.150
377.492,0.761,1.641,0.150
377.604,0.761,1.641,0.150
377.714,0.761,1.641,0.150
377.826,0.761,1.641,0.150
377.937,0.761,1.641,0.150
378.048,0.761,1.641,0.150
378.159,0.761,1.641,0.150
378.270,0.761,1.641,0.150
378.381,0.761,1.641,0.150
378.492,0.761,1.641,0.150
378.604,0.761,1.641,0.150
378.714,0.761,1.641,0.150
378.826,0.761,1.641,0.150
378.937,0.761,1.641,0.150
379.048,0.761,1.641,0.150
379.159,0.761,1.641,0.150
379.270,0.761,1.641,0.150
379.381,0.761,1.641,0.150
379.492,0.761,1.641,0.150
379.604,0.761,1.641,0.150
379.715,0.761,1.641,0.150
379.826,0.761,1.641,0.150
379.937,0.761,1.641,0.150
380.048,0.761,1.641,0.150
380.159,0.761,1.641,0.150
380.270,0.761,1.641,0.150
380.381,0.761,1.641,0.150
380.492,0.761,1.641,0.150
380.604,0.761,1.641,0.150
380.715,0.761,1.641,0.150
380.826,0.761,1.641,0.150
380.937,0.761,1.641,0.150
381.048,0.761,1.641,0.150
381.159,0.761,1.641,0.150
381.270,0.761,1.641,0.150
381.381,0.761,1.641,0.150
381.492,0.761,1.641,0.150
381.604,0.761,1.641,0.150
381.714,0.761,1.641,0.150
381.826,0.761,1.641,0.150
381.937,0.761,1.641,0.150
382.048,0.761,1.641,0.150
382.159,0.761,1.641,0.150
382.270,0.761,1.641,0.150
382.381,0.761,1.642,0.150
382.492,0.761,1.642,0.150
382.604,0.761,1.642,0.150
382.715,0.761,1.641,0.150
382.825,0.761,1.642,0.150
382.937,0.761,1.641,0.150
383.048,0.761,1.642,0.150
383.159,0.761,1.642,0.150
383.270,0.761,1.642,0.150
383.381,0.761,1.642,0.150
383.492,0.761,1.642,0.150
383.603,0.761,1.642,0.150
383.714,0.761,1.642,0.150
383.826,0.761,1.641,0.150
383.937,0.761,1.641,0.150
384.048,0.761,1.641,0.150
384.159,0.761,1.641,0.150
384.270,0.761,1.641,0.150
384.381,0.761,1.641,0.150
384.492,0.761,1.641,0.150
384.603,0.761,1.641,0.150
384.714,0.761,1.641,0.150
384.825,0.761,1.641,0.150
384.937,0.761,1.641,0.150
385.048,0.761,1.641,0.150
385.159,0.761,1.641,0.150
385.270,0.761,1.641,0.150
385.381,0.761,1.641,0.150
385.492,0.761,1.641,0.150
385.603,0.761,1.641,0.150
385.714,0.761,1.641,0.150
385.825,0.761,1.641,0.150
385.937,0.761,1.641,0.150
386.048,0.762,1.642,0.150
386.159,0.762,1.642,0.151
386.269,0.762,1.642,0.151
386.380,0.762,1.642,0.151
386.492,0.762,1.642,0.151
386.603,0.762,1.642,0.151
386.714,0.762,1.642,0.151
386.825,0.762,1.642,0.151
386.936,0.761,1.641,0.150
387.047,0.762,1.641,0.150
387.158,0.761,1.641,0.150
387.270,0.761,1.641,0.150
387.381,0.761,1.641,0.150
387.492,0.761,1.641,0.150
387.603,0.761,1.641,0.150
387.714,0.761,1.641,0.150
387.824,0.761,1.642,0.150
387.936,0.761,1.642,0.150
388.047,0.761,1.642,0.150
388.158,0.761,1.642,0.150
388.269,0.761,1.642,0.150
388.380,0.761,1.642,0.150
388.491,0.761,1.642,0.150
388.602,0.761,1.642,0.150
388.713,0.761,1.642,0.150
388.825,0.761,1.642,0.150
388.936,0.761,1.642,0.150
389.047,0.761,1.642,0.150
389.158,0.761,1.642,0.150
389.269,0.761,1.641,0.150
389.380,0.761,1.641,0.150
389.491,0.761,1.641,0.150
389.603,0.761,1.641,0.150
389.714,0.761,1.641,0.150
389.825,0.761,1.641,0.150
389.936,0.761,1.641,0.150
390.047,0.761,1.641,0.150
390.158,0.761,1.641,0.150
390.270,0.761,1.641,0.150
390.380,0.761,1.641,0.150
390.491,0.761,1.642,0.150
390.603,0.761,1.642,0.150
390.714,0.761,1.642,0.150
390.825,0.761,1.641,0.150
390.936,0.761,1.641,0.150
391.047,0.761,1.641,0.150
391.158,0.761,1.641,0.150
391.269,0.761,1.641,0.150
391.380,0.761,1.641,0.150
391.491,0.761,1.641,0.150
391.602,0.761,1.641,0.150
391.714,0.761,1.641,0.150
391.825,0.761,1.641,0.150
391.936,0.761,1.641,0.150
392.047,0.761,1.641,0.150
392.158,0.761,1.641,0.150
392.269,0.761,1.641,0.150
392.380,0.761,1.641,0.150
392.492,0.761,1.641,0.150
392.602,0.761,1.641,0.150
392.714,0.761,1.641,0.150
392.825,0.761,1.641,0.150
392.936,0.761,1.641,0.150
393.047,0.761,1.641,0.150
393.158,0.761,1.641,0.150
393.269,0.761,1.641,0.150
393.380,0.761,1.641,0.150
393.491,0.761,1.641,0.150
393.602,0.761,1.641,0.150
393.714,0.761,1.641,0.150
393.825,0.761,1.641,0.150
393.936,0.761,1.641,0.150
394.047,0.761,1.641,0.150
394.158,0.761,1.641,0.150
394.269,0.761,1.641,0.150
394.380,0.761,1.641,0.150
394.491,0.761,1.641,0.150
394.602,0.761,1.641,0.150
394.713,0.761,1.641,0.150
394.825,0.761,1.641,0.150
394.936,0.761,1.641,0.150
395.047,0.761,1.641,0.150
395.158,0.761,1.641,0.150
395.269,0.761,1.642,0.150
395.380,0.761,1.642,0.150
395.491,0.761,1.642,0.150
395.602,0.761,1.642,0.150
395.713,0.761,1.642,0.150
395.825,0.761,1.642,0.150
395.935,0.761,1.641,0.150
396.047,0.761,1.641,0.150
396.158,0.761,1.641,0.150
396.269,0.761,1.641,0.150
396.380,0.761,1.641,0.150
396.491,0.761,1.641,0.150
396.602,0.761,1.641,0.150
396.713,0.761,1.641,0.150
396.825,0.761,1.642,0.150
396.935,0.761,1.642,0.150
397.047,0.761,1.642,0.150
397.158,0.761,1.641,0.150
397.269,0.761,1.641,0.150
397.380,0.761,1.641,0.150
397.491,0.761,1.641,0.150
397.602,0.761,1.641,0.150
397.713,0.761,1.641,0.150
397.824,0.761,1.641,0.150
397.935,0.761,1.641,0.150
398.047,0.761,1.641,0.150
398.157,0.761,1.642,0.150
398.269,0.761,1.642,0.150
398.380,0.761,1.642,0.150
398.491,0.761,1.642,0.150
398.602,0.761,1.641,0.150
398.713,0.761,1.642,0.150
398.824,0.761,1.642,0.150
398.935,0.761,1.642,0.150
399.047,0.761,1.641,0.150
399.158,0.761,1.641,0.150
399.269,0.761,1.641,0.150
399.380,0.761,1.641,0.150
399.491,0.761,1.641,0.150
399.602,0.761,1.642,0.150
399.713,0.761,1.642,0.150
399.824,0.761,1.642,0.150
399.935,0.761,1.641,0.150
400.047,0.761,1.641,0.150
400.157,0.761,1.641,0.150
400.269,0.761,1.642,0.150
400.380,0.761,1.641,0.150
400.491,0.761,1.641,0.150
400.602,0.761,1.641,0.150
400.713,0.761,1.641,0.150
400.824,0.761,1.641,0.150
400.935,0.761,1.641,0.150
401.047,0.761,1.641,0.150
401.158,0.761,1.641,0.150
401.268,0.761,1.642,0.150
401.380,0.761,1.642,0.150
401.490,0.761,1.641,0.150
401.602,0.761,1.641,0.150
401.713,0.761,1.642,0.150
401.824,0.761,1.641,0.150
401.935,0.761,1.641,0.150
402.046,0.761,1.641,0.150
402.157,0.761,1.641,0.150
402.269,0.761,1.641,0.150
402.379,0.761,1.641,0.150
402.491,0.761,1.641,0.150
402.602,0.761,1.641,0.150
402.713,0.761,1.641,0.150
402.824,0.761,1.641,0.150
402.935,0.761,1.641,0.150
403.046,0.761,1.641,0.150
403.157,0.761,1.641,0.150
403.268,0.761,1.641,0.150
403.379,0.761,1.642,0.150
403.490,0.761,1.641,0.150
403.601,0.761,1.641,0.150
403.713,0.761,1.642,0.150
403.824,0.761,1.642,0.150
403.935,0.761,1.642,0.150
404.046,0.761,1.642,0.150
404.157,0.761,1.642,0.150
404.268,0.761,1.642,0.150
404.379,0.761,1.642,0.150
404.491,0.761,1.642,0.150
404.602,0.761,1.642,0.150
404.713,0.761,1.642,0.150
404.824,0.761,1.642,0.150
404.935,0.761,1.642,0.150
405.046,0.761,1.642,0.150
405.157,0.761,1.642,0.150
405.268,0.761,1.642,0.150
405.379,0.761,1.642,0.150
405.490,0.761,1.641,0.150
405.601,0.761,1.641,0.150
405.712,0.761,1.641,0.150
405.824,0.761,1.641,0.150
405.935,0.761,1.641,0.150
406.046,0.761,1.641,0.150
406.157,0.761,1.641,0.150
406.268,0.761,1.641,0.150
406.379,0.761,1.641,0.150
406.491,0.761,1.641,0.150
406.601,0.761,1.641,0.150
406.713,0.761,1.641,0.150
406.824,0.761,1.642,0.150
406.935,0.761,1.641,0.150
407.046,0.761,1.641,0.150
407.157,0.761,1.641,0.150
407.268,0.761,1.641,0.150
407.379,0.761,1.641,0.150
407.490,0.761,1.641,0.150
407.601,0.762,1.641,0.151
407.712,0.762,1.642,0.151
407.823,0.762,1.641,0.150
407.935,0.762,1.641,0.150
408.046,0.762,1.641,0.150
408.157,0.762,1.641,0.150
408.268,0.762,1.641,0.150
408.379,0.761,1.641,0.150
408.490,0.761,1.641,0.150
408.601,0.761,1.641,0.150
408.712,0.761,1.641,0.150
408.824,0.761,1.641,0.150
408.934,0.761,1.641,0.150
409.046,0.761,1.641,0.150
409.156,0.761,1.641,0.150
409.268,0.761,1.642,0.150
409.379,0.761,1.641,0.150
409.490,0.761,1.641,0.150
409.601,0.761,1.641,0.150
409.712,0.761,1.641,0.150
409.824,0.761,1.641,0.150
409.934,0.761,1.641,0.150
410.045,0.761,1.641,0.150
410.157,0.761,1.641,0.150
410.268,0.761,1.641,0.150
410.379,0.761,1.641,0.150
410.490,0.761,1.641,0.150
410.601,0.761,1.641,0.150
410.712,0.761,1.641,0.150
410.824,0.761,1.641,0.150
410.934,0.761,1.641,0.150
411.046,0.761,1.642,0.150
411.157,0.761,1.642,0.150
411.268,0.761,1.642,0.150
411.379,0.761,1.641,0.150
411.490,0.761,1.642,0.150
411.601,0.761,1.642,0.150
411.712,0.761,1.642,0.150
411.824,0.761,1.642,0.150
411.934,0.761,1.641,0.150
412.045,0.761,1.641,0.150
412.156,0.761,1.641,0.150
412.268,0.761,1.641,0.150
412.379,0.761,1.641,0.150
412.490,0.761,1.642,0.150
412.601,0.761,1.641,0.150
412.712,0.761,1.642,0.150
412.823,0.761,1.641,0.150
412.934,0.761,1.641,0.150
413.045,0.761,1.641,0.150
413.157,0.761,1.641,0.150
413.268,0.761,1.641,0.150
413.379,0.761,1.641,0.150
413.490,0.761,1.641,0.150
413.601,0.761,1.641,0.150
413.712,0.761,1.641,0.150
413.823,0.761,1.641,0.150
413.934,0.761,1.641,0.150
414.045,0.761,1.641,0.150
414.157,0.761,1.642,0.150
414.268,0.761,1.641,0.150
414.379,0.761,1.641,0.150
414.490,0.761,1.641,0.150
414.601,0.761,1.641,0.150
414.712,0.761,1.641,0.150
414.823,0.761,1.641,0.150
414.934,0.761,1.641,0.150
415.045,0.761,1.641,0.150
415.156,0.761,1.641,0.150
415.267,0.761,1.641,0.150
415.378,0.761,1.641,0.150
415.489,0.761,1.642,0.150
415.600,0.761,1.641,0.150
415.711,0.761,1.641,0.150
415.823,0.761,1.641,0.150
415.934,0.761,1.641,0.150
416.045,0.761,1.641,0.150
416.156,0.761,1.641,0.150
416.267,0.761,1.641,0.150
416.378,0.761,1.641,0.150
416.490,0.761,1.641,0.150
416.600,0.761,1.641,0.150
416.712,0.761,1.641,0.150
416.823,0.761,1.641,0.150
416.934,0.761,1.641,0.150
417.045,0.761,1.641,0.150
417.156,0.761,1.641,0.150
417.268,0.761,1.641,0.150
417.378,0.761,1.641,0.150
417.489,0.761,1.641,0.150
417.601,0.761,1.641,0.150
417.712,0.761,1.641,0.150
417.823,0.761,1.641,0.150
417.934,0.761,1.641,0.150
418.045,0.761,1.641,0.150
418.156,0.761,1.641,0.150
418.267,0.761,1.641,0.150
418.378,0.761,1.641,0.150
418.490,0.761,1.641,0.150
418.601,0.761,1.641,0.150
418.712,0.761,1.641,0.150
418.823,0.761,1.641,0.150
418.934,0.761,1.641,0.150
419.045,0.761,1.641,0.150
419.156,0.761,1.641,0.150
419.267,0.761,1.641,0.150
419.378,0.761,1.641,0.150
419.489,0.761,1.641,0.150
419.600,0.761,1.641,0.150
419.712,0.761,1.641,0.150
419.823,0.761,1.641,0.150
419.933,0.761,1.641,0.150
420.045,0.761,1.642,0.150
420.156,0.761,1.642,0.150
420.267,0.761,1.641,0.150
420.378,0.761,1.641,0.150
420.490,0.761,1.641,0.150
420.600,0.761,1.641,0.150
420.711,0.761,1.641,0.150
420.823,0.761,1.641,0.150
420.934,0.761,1.641,0.150
421.045,0.761,1.641,0.150
421.156,0.761,1.641,0.150
421.267,0.761,1.641,0.150
421.378,0.761,1.641,0.150
421.489,0.761,1.641,0.150
421.600,0.761,1.641,0.150
421.711,0.761,1.641,0.150
421.823,0.761,1.641,0.150
421.933,0.761,1.641,0.150
422.045,0.761,1.641,0.150
422.155,0.761,1.641,0.150
422.267,0.761,1.641,0.150
422.378,0.761,1.641,0.150
422.489,0.761,1.641,0.150
422.600,0.761,1.642,0.150
422.711,0.761,1.642,0.150
422.822,0.761,1.642,0.150
422.933,0.761,1.641,0.150
423.045,0.761,1.642,0.150
423.155,0.761,1.642,0.150
423.267,0.761,1.641,0.150
423.378,0.761,1.642,0.150
423.489,0.761,1.642,0.150
423.600,0.761,1.642,0.150
423.711,0.761,1.641,0.150
423.822,0.761,1.641,0.150
423.933,0.761,1.641,0.150
424.045,0.761,1.641,0.150
424.155,0.761,1.642,0.150
424.267,0.761,1.642,0.150
424.378,0.761,1.641,0.150
424.489,0.761,1.642,0.150
424.600,0.761,1.641,0.150
424.711,0.761,1.641,0.150
424.822,0.761,1.641,0.150
424.933,0.761,1.641,0.150
425.044,0.761,1.641,0.150
425.155,0.761,1.641,0.150
425.266,0.761,1.641,0.150
425.378,0.761,1.641,0.150
425.489,0.761,1.641,0.150
425.600,0.761,1.641,0.150
425.711,0.761,1.641,0.150
425.822,0.761,1.641,0.150
425.933,0.761,1.641,0.150
426.044,0.761,1.641,0.150
426.155,0.761,1.641,0.150
426.266,0.761,1.642,0.150
426.378,0.761,1.641,0.150
426.489,0.761,1.642,0.150
426.600,0.761,1.642,0.150
426.711,0.761,1.642,0.150
426.822,0.761,1.642,0.151
426.933,0.761,1.641,0.151
427.044,0.761,1.641,0.150
427.155,0.761,1.641,0.150
427.267,0.761,1.641,0.150
427.378,0.761,1.641,0.150
427.489,0.761,1.641,0.150
427.600,0.761,1.641,0.150
427.711,0.761,1.641,0.150
427.822,0.761,1.641,0.150
427.933,0.761,1.641,0.150
428.044,0.761,1.641,0.150
428.157,0.761,1.641,0.150
428.267,0.761,1.642,0.150
428.377,0.761,1.641,0.150
428.489,0.761,1.642,0.150
428.600,0.761,1.642,0.150
428.711,0.761,1.642,0.151
428.822,0.762,1.641,0.151
428.933,0.762,1.641,0.151
429.044,0.762,1.641,0.151
429.155,0.762,1.641,0.151
429.266,0.761,1.641,0.151
429.377,0.762,1.642,0.151
429.488,0.762,1.641,0.151
429.600,0.761,1.641,0.150
429.711,0.761,1.641,0.150
429.821,0.761,1.641,0.150
429.933,0.761,1.641,0.150
430.044,0.761,1.642,0.150
430.155,0.761,1.641,0.150
430.266,0.761,1.642,0.150
430.377,0.761,1.641,0.150
430.489,0.761,1.641,0.150
430.599,0.761,1.641,0.150
430.710,0.761,1.641,0.150
430.821,0.761,1.641,0.150
430.933,0.761,1.641,0.150
431.044,0.761,1.641,0.150
431.155,0.761,1.641,0.150
431.266,0.761,1.641,0.150
431.377,0.761,1.641,0.150
431.488,0.761,1.641,0.150
431.600,0.761,1.641,0.150
431.711,0.761,1.641,0.150
431.822,0.761,1.641,0.150
431.933,0.761,1.641,0.150
432.044,0.761,1.641,0.150
432.155,0.761,1.641,0.150
432.266,0.761,1.642,0.150
432.377,0.761,1.641,0.150
432.488,0.761,1.641,0.150
432.599,0.761,1.641,0.150
432.711,0.761,1.641,0.150
432.822,0.761,1.642,0.150
432.933,0.761,1.641,0.151
433.044,0.761,1.642,0.150
433.155,0.761,1.641,0.150
433.266,0.761,1.642,0.150
433.377,0.761,1.642,0.150
433.488,0.761,1.641,0.150
433.600,0.761,1.641,0.150
433.711,0.761,1.641,0.150
433.821,0.761,1.641,0.150
433.933,0.761,1.641,0.150
434.044,0.761,1.641,0.150
434.155,0.761,1.641,0.150
434.266,0.761,1.641,0.150
434.377,0.761,1.641,0.150
434.488,0.761,1.641,0.150
434.599,0.761,1.642,0.150
434.710,0.761,1.641,0.150
434.821,0.761,1.641,0.150
434.932,0.761,1.641,0.150
435.044,0.761,1.641,0.150
435.155,0.761,1.641,0.150
435.266,0.761,1.641,0.150
435.377,0.761,1.641,0.151
435.488,0.761,1.641,0.150
435.599,0.761,1.641,0.150
435.710,0.761,1.641,0.150
435.821,0.761,1.641,0.150
435.932,0.761,1.641,0.150
436.044,0.761,1.641,0.150
436.155,0.761,1.642,0.150
436.266,0.761,1.642,0.150
436.377,0.761,1.641,0.150
436.488,0.761,1.641,0.150
436.599,0.761,1.641,0.150
436.710,0.761,1.642,0.150
436.821,0.761,1.642,0.150
436.932,0.761,1.642,0.150
437.044,0.761,1.642,0.150
437.155,0.761,1.642,0.150
437.266,0.761,1.642,0.150
437.377,0.761,1.642,0.150
437.488,0.761,1.641,0.150
437.599,0.761,1.641,0.150
437.710,0.761,1.642,0.150
437.821,0.761,1.642,0.150
437.933,0.761,1.642,0.150
438.044,0.761,1.641,0.150
438.155,0.761,1.641,0.150
438.266,0.761,1.641,0.150
438.376,0.761,1.642,0.150
438.487,0.761,1.641,0.150
438.599,0.761,1.641,0.150
438.710,0.761,1.642,0.150
438.821,0.761,1.641,0.150
438.932,0.761,1.642,0.150
439.043,0.761,1.641,0.150
439.154,0.761,1.641,0.150
439.265,0.761,1.641,0.150
439.377,0.761,1.642,0.150
439.488,0.761,1.641,0.150
439.599,0.761,1.641,0.150
439.710,0.761,1.641,0.150
439.821,0.761,1.641,0.150
439.932,0.761,1.641,0.151
440.043,0.761,1.641,0.151
440.154,0.761,1.641,0.151
440.266,0.761,1.641,0.151
440.376,0.761,1.641,0.151
440.488,0.761,1.641,0.150
440.599,0.761,1.641,0.150
440.710,0.761,1.641,0.150
440.821,0.761,1.641,0.150
440.932,0.761,1.641,0.150
441.043,0.761,1.642,0.150
441.154,0.761,1.641,0.150
441.265,0.761,1.641,0.150
441.376,0.761,1.642,0.150
441.488,0.761,1.641,0.150
441.598,0.761,1.641,0.150
441.710,0.761,1.641,0.150
441.821,0.761,1.641,0.150
441.932,0.761,1.641,0.150
442.043,0.761,1.641,0.150
442.154,0.761,1.641,0.150
442.265,0.761,1.641,0.150
442.377,0.761,1.641,0.150
442.488,0.761,1.641,0.150
442.598,0.761,1.641,0.150
442.710,0.761,1.641,0.150
442.821,0.761,1.641,0.150
442.932,0.761,1.641,0.150
443.043,0.761,1.641,0.150
443.154,0.761,1.641,0.150
443.265,0.761,1.641,0.150
443.376,0.761,1.642,0.150
443.488,0.761,1.642,0.150
443.599,0.761,1.642,0.150
443.710,0.761,1.642,0.150
443.821,0.761,1.642,0.150
443.932,0.761,1.642,0.150
444.043,0.761,1.642,0.150
444.154,0.761,1.642,0.150
444.265,0.761,1.642,0.150
444.376,0.761,1.642,0.150
444.487,0.761,1.642,0.150
444.599,0.761,1.641,0.150
444.709,0.761,1.641,0.150
444.821,0.761,1.641,0.150
444.931,0.761,1.641,0.150
445.043,0.761,1.641,0.150
445.154,0.761,1.641,0.150
445.265,0.761,1.642,0.150
445.376,0.761,1.642,0.150
445.487,0.761,1.642,0.150
445.598,0.761,1.642,0.150
445.710,0.761,1.642,0.150
445.821,0.761,1.642,0.150
445.932,0.761,1.642,0.150
446.043,0.761,1.642,0.150
446.154,0.761,1.642,0.150
446.265,0.761,1.642,0.150
446.376,0.761,1.642,0.150
446.487,0.761,1.642,0.150
446.598,0.761,1.642,0.150
446.709,0.761,1.642,0.150
446.821,0.761,1.642,0.150
446.931,0.761,1.642,0.150
447.043,0.761,1.642,0.150
447.154,0.761,1.642,0.150
447.265,0.761,1.642,0.150
447.377,0.761,1.642,0.150
447.487,0.761,1.642,0.150
447.598,0.761,1.642,0.150
447.710,0.761,1.642,0.150
447.821,0.761,1.642,0.150
447.932,0.761,1.642,0.150
448.043,0.761,1.642,0.150
448.154,0.761,1.642,0.150
448.265,0.761,1.642,0.150
448.376,0.761,1.642,0.150
448.487,0.761,1.642,0.150
448.598,0.761,1.642,0.150
448.709,0.761,1.641,0.150
448.821,0.761,1.641,0.150
448.932,0.761,1.641,0.150
449.043,0.761,1.641,0.150
449.154,0.761,1.641,0.150
449.265,0.761,1.641,0.150
449.376,0.761,1.641,0.150
449.487,0.761,1.641,0.150
449.598,0.761,1.641,0.150
449.709,0.761,1.641,0.150
449.820,0.761,1.641,0.150
449.931,0.761,1.641,0.150
450.042,0.761,1.641,0.150
450.154,0.761,1.641,0.151
450.265,0.761,1.641,0.151
450.376,0.761,1.641,0.150
450.487,0.761,1.642,0.150
450.598,0.761,1.642,0.150
450.709,0.761,1.642,0.150
450.820,0.761,1.642,0.150
450.931,0.761,1.642,0.150
451.043,0.761,1.642,0.150
451.153,0.761,1.642,0.150
451.265,0.761,1.642,0.150
451.376,0.761,1.642,0.150
451.487,0.761,1.642,0.150
451.598,0.761,1.642,0.150
451.709,0.761,1.642,0.150
451.820,0.761,1.642,0.150
451.931,0.761,1.642,0.150
452.042,0.761,1.642,0.150
452.153,0.761,1.642,0.150
452.265,0.761,1.642,0.150
452.376,0.761,1.642,0.150
452.487,0.761,1.642,0.151
452.598,0.761,1.641,0.151
452.709,0.761,1.641,0.151
452.820,0.761,1.642,0.150
452.931,0.761,1.642,0.150
453.042,0.761,1.642,0.150
453.153,0.761,1.642,0.150
453.265,0.761,1.642,0.151
453.376,0.761,1.642,0.150
453.487,0.761,1.642,0.150
453.598,0.761,1.642,0.150
453.709,0.761,1.642,0.150
453.820,0.761,1.641,0.150
453.931,0.761,1.642,0.150
454.042,0.761,1.642,0.151
454.153,0.761,1.642,0.151
454.265,0.761,1.642,0.150
454.375,0.761,1.642,0.150
454.487,0.761,1.642,0.150
454.598,0.761,1.642,0.151
454.709,0.761,1.642,0.150
454.820,0.761,1.642,0.150
454.931,0.761,1.642,0.150
455.042,0.761,1.642,0.151
455.153,0.761,1.642,0.151
455.265,0.761,1.642,0.150
455.375,0.761,1.642,0.150
455.487,0.761,1.642,0.150
455.598,0.761,1.642,0.150
455.709,0.761,1.642,0.150
455.820,0.761,1.642,0.150
455.931,0.761,1.642,0.150
456.042,0.761,1.642,0.150
456.153,0.761,1.642,0.150
456.264,0.761,1.642,0.150
456.375,0.761,1.642,0.150
456.487,0.761,1.642,0.150
456.597,0.761,1.642,0.150
456.709,0.761,1.642,0.150
456.820,0.761,1.642,0.150
456.931,0.761,1.642,0.150
457.042,0.761,1.642,0.150
457.153,0.761,1.642,0.150
457.265,0.761,1.642,0.150
457.375,0.761,1.642,0.150
457.486,0.761,1.642,0.150
457.598,0.761,1.642,0.150
457.709,0.761,1.642,0.150
457.820,0.761,1.642,0.150
457.931,0.761,1.642,0.150
458.042,0.761,1.642,0.150
458.153,0.761,1.642,0.150
458.264,0.761,1.642,0.150
458.375,0.761,1.642,0.150
458.486,0.761,1.642,0.150
458.598,0.761,1.642,0.150
458.709,0.761,1.642,0.150
458.820,0.761,1.642,0.150
458.931,0.761,1.642,0.150
459.042,0.761,1.642,0.150
459.153,0.761,1.642,0.150
459.264,0.761,1.642,0.150
459.375,0.761,1.642,0.150
459.487,0.761,1.642,0.150
459.597,0.761,1.642,0.150
459.709,0.761,1.642,0.150
459.819,0.761,1.642,0.150
459.931,0.761,1.642,0.150
460.042,0.761,1.642,0.150
460.153,0.761,1.642,0.150
460.264,0.761,1.642,0.150
460.375,0.761,1.642,0.150
460.486,0.761,1.642,0.150
460.597,0.761,1.642,0.150
460.708,0.761,1.642,0.150
460.820,0.761,1.642,0.150
460.931,0.761,1.642,0.150
461.042,0.761,1.642,0.150
461.153,0.761,1.642,0.150
461.264,0.761,1.642,0.150
461.375,0.761,1.641,0.151
461.486,0.761,1.642,0.150
461.597,0.761,1.642,0.150
461.708,0.761,1.642,0.150
461.819,0.761,1.641,0.150
461.931,0.761,1.642,0.150
462.041,0.761,1.641,0.150
462.153,0.761,1.641,0.150
462.264,0.761,1.641,0.150
462.375,0.761,1.641,0.150
462.486,0.761,1.641,0.150
462.597,0.761,1.641,0.150
462.708,0.761,1.642,0.150
462.819,0.761,1.641,0.150
462.930,0.761,1.641,0.150
463.041,0.761,1.641,0.150
463.153,0.761,1.641,0.150
463.264,0.761,1.641,0.150
463.375,0.761,1.642,0.150
463.486,0.761,1.642,0.150
463.597,0.761,1.642,0.150
463.708,0.761,1.642,0.150
463.819,0.761,1.642,0.150
463.930,0.761,1.642,0.150
464.041,0.761,1.642,0.150
464.153,0.761,1.642,0.150
464.264,0.761,1.642,0.150
464.375,0.761,1.642,0.150
464.486,0.761,1.642,0.150
464.597,0.761,1.642,0.150
464.708,0.761,1.641,0.150
464.819,0.761,1.641,0.150
464.930,0.761,1.641,0.150
465.041,0.761,1.641,0.150
465.152,0.761,1.641,0.150
465.263,0.761,1.642,0.150
465.375,0.761,1.641,0.150
465.486,0.761,1.641,0.150
465.596,0.761,1.641,0.150
465.708,0.761,1.641,0.150
465.819,0.761,1.641,0.150
465.930,0.761,1.641,0.150
466.041,0.761,1.641,0.150
466.152,0.761,1.641,0.150
466.264,0.761,1.642,0.150
466.374,0.761,1.642,0.150
466.486,0.761,1.642,0.150
466.597,0.761,1.642,0.150
466.708,0.761,1.642,0.150
466.819,0.761,1.642,0.150
466.930,0.761,1.642,0.150
467.041,0.761,1.642,0.150
467.152,0.761,1.642,0.150
467.263,0.761,1.642,0.150
467.375,0.761,1.642,0.150
467.486,0.761,1.642,0.150
467.597,0.761,1.642,0.150
467.708,0.761,1.642,0.150
467.819,0.761,1.642,0.150
467.930,0.761,1.642,0.150
468.041,0.761,1.642,0.150
468.152,0.761,1.642,0.150
468.264,0.761,1.642,0.150
468.374,0.761,1.641,0.150
468.486,0.761,1.641,0.150
468.597,0.761,1.641,0.150
468.708,0.761,1.642,0.150
468.819,0.761,1.642,0.150
468.930,0.761,1.642,0.150
469.041,0.761,1.642,0.150
469.152,0.761,1.642,0.150
469.264,0.761,1.642,0.150
469.375,0.761,1.641,0.150
469.486,0.761,1.641,0.150
469.597,0.761,1.641,0.150
469.708,0.761,1.641,0.150
469.819,0.761,1.642,0.150
469.930,0.761,1.642,0.150
470.041,0.761,1.642,0.150
470.152,0.761,1.642,0.150
470.263,0.761,1.642,0.150
470.374,0.761,1.642,0.150
470.485,0.761,1.642,0.150
470.597,0.761,1.642,0.150
470.708,0.761,1.642,0.150
470.819,0.761,1.642,0.150
470.930,0.761,1.642,0.150
471.041,0.761,1.641,0.150
471.152,0.761,1.641,0.150
471.263,0.761,1.642,0.150
471.375,0.761,1.641,0.150
471.485,0.761,1.641,0.150
471.596,0.761,1.641,0.151
471.708,0.762,1.641,0.150
471.819,0.762,1.641,0.150
471.930,0.762,1.641,0.150
472.041,0.762,1.641,0.150
472.152,0.761,1.641,0.150
472.263,0.761,1.641,0.150
472.374,0.761,1.641,0.150
472.485,0.761,1.641,0.150
472.596,0.761,1.642,0.150
472.697,0.761,1.642,0.150
472.805,0.761,1.642,0.150
472.916,0.761,1.642,0.150
473.027,0.761,1.642,0.150
473.138,0.761,1.642,0.150
473.249,0.761,1.642,0.150
473.360,0.761,1.642,0.150
473.471,0.761,1.642,0.150
473.583,0.761,1.642,0.150
473.693,0.761,1.642,0.150
473.805,0.761,1.642,0.150
473.916,0.761,1.642,0.150
474.027,0.761,1.642,0.150
474.138,0.761,1.642,0.150
474.249,0.761,1.642,0.150
474.360,0.761,1.642,0.150
474.471,0.761,1.642,0.150
474.582,0.761,1.642,0.150
474.693,0.761,1.642,0.150
474.804,0.761,1.641,0.150
474.916,0.761,1.641,0.150
475.027,0.761,1.641,0.150
475.138,0.761,1.641,0.150
475.249,0.761,1.642,0.150
475.360,0.761,1.642,0.150
475.471,0.761,1.642,0.150
475.582,0.761,1.642,0.150
475.693,0.761,1.642,0.150
475.804,0.762,1.641,0.150
475.915,0.761,1.641,0.150
476.027,0.761,1.641,0.150
476.138,0.761,1.641,0.150
476.249,0.761,1.641,0.150
476.360,0.761,1.641,0.150
476.471,0.761,1.641,0.150
476.582,0.761,1.641,0.150
476.693,0.761,1.641,0.150
476.804,0.761,1.641,0.150
476.915,0.761,1.641,0.150
477.027,0.761,1.641,0.150
477.138,0.761,1.641,0.150
477.249,0.761,1.641,0.150
477.360,0.761,1.641,0.150
477.471,0.761,1.642,0.150
477.582,0.761,1.641,0.150
477.693,0.761,1.641,0.150
477.804,0.761,1.641,0.150
477.915,0.761,1.641,0.150
478.027,0.761,1.641,0.150
478.138,0.761,1.641,0.150
478.248,0.761,1.641,0.150
478.360,0.761,1.641,0.150
478.471,0.761,1.641,0.150
478.582,0.761,1.641,0.150
478.693,0.761,1.641,0.150
478.804,0.761,1.641,0.150
478.915,0.761,1.641,0.150
479.026,0.761,1.642,0.150
479.138,0.761,1.642,0.150
479.249,0.761,1.641,0.150
479.359,0.761,1.641,0.150
479.471,0.761,1.641,0.150
479.582,0.761,1.641,0.150
479.693,0.761,1.641,0.150
479.804,0.761,1.642,0.150
479.915,0.761,1.642,0.150
480.027,0.761,1.642,0.150
480.137,0.761,1.641,0.150
480.248,0.761,1.641,0.150
480.359,0.761,1.641,0.150
480.471,0.761,1.641,0.150
480.582,0.761,1.641,0.150
480.693,0.761,1.641,0.150
480.804,0.761,1.641,0.150
480.915,0.761,1.641,0.150
481.026,0.761,1.641,0.150
481.137,0.761,1.641,0.150
481.248,0.761,1.641,0.150
481.360,0.761,1.641,0.150
481.471,0.761,1.641,0.150
481.582,0.761,1.641,0.150
481.693,0.761,1.641,0.150
481.804,0.761,1.641,0.150
481.915,0.761,1.641,0.150
482.026,0.761,1.641,0.150
482.137,0.761,1.641,0.150
482.248,0.761,1.641,0.150
482.359,0.761,1.641,0.150
482.471,0.761,1.641,0.150
482.581,0.761,1.641,0.150
482.693,0.761,1.641,0.150
482.804,0.761,1.641,0.150
482.915,0.761,1.641,0.150
483.026,0.761,1.641,0.150
483.137,0.761,1.641,0.150
483.248,0.761,1.641,0.150
483.359,0.761,1.641,0.150
483.470,0.761,1.641,0.150
483.581,0.761,1.641,0.150
483.693,0.761,1.641,0.150
483.804,0.761,1.641,0.150
483.915,0.761,1.641,0.150
484.026,0.761,1.641,0.150
484.137,0.761,1.641,0.150
484.248,0.761,1.641,0.150
484.360,0.761,1.641,0.150
484.470,0.761,1.641,0.150
484.581,0.761,1.641,0.150
484.692,0.761,1.641,0.150
484.804,0.761,1.642,0.150
484.914,0.761,1.641,0.150
485.026,0.761,1.641,0.150
485.137,0.762,1.641,0.150
485.248,0.762,1.642,0.150
485.359,0.761,1.641,0.150
485.470,0.761,1.641,0.151
485.581,0.761,1.641,0.150
485.693,0.761,1.641,0.150
485.804,0.761,1.641,0.150
485.915,0.762,1.641,0.150
486.026,0.761,1.641,0.150
486.137,0.761,1.641,0.150
486.248,0.761,1.642,0.150
486.359,0.761,1.642,0.150
486.470,0.761,1.641,0.150
486.581,0.761,1.642,0.150
486.692,0.761,1.641,0.150
486.803,0.761,1.641,0.150
486.915,0.761,1.641,0.150
487.026,0.761,1.641,0.150
487.137,0.761,1.642,0.150
487.248,0.761,1.642,0.150
487.359,0.761,1.642,0.150
487.471,0.761,1.641,0.150
487.581,0.761,1.641,0.150
487.693,0.761,1.641,0.150
487.804,0.761,1.641,0.150
487.914,0.761,1.641,0.150
488.026,0.761,1.641,0.150
488.137,0.762,1.641,0.150
488.248,0.762,1.641,0.150
488.359,0.762,1.641,0.150
488.470,0.762,1.641,0.150
488.581,0.762,1.641,0.150
488.692,0.761,1.641,0.150
488.803,0.761,1.641,0.151
488.915,0.761,1.641,0.150
489.025,0.761,1.641,0.150
489.137,0.761,1.641,0.150
489.248,0.761,1.641,0.150
489.359,0.761,1.641,0.150
489.470,0.761,1.641,0.150
489.581,0.761,1.641,0.150
489.692,0.761,1.641,0.150
489.803,0.761,1.641,0.150
489.914,0.761,1.641,0.150
490.026,0.761,1.641,0.150
490.136,0.761,1.641,0.150
490.248,0.761,1.641,0.150
490.359,0.761,1.641,0.150
490.470,0.761,1.641,0.150
490.581,0.761,1.641,0.150
490.692,0.761,1.641,0.150
490.803,0.761,1.641,0.150
490.914,0.761,1.641,0.150
491.025,0.761,1.641,0.150
491.136,0.761,1.641,0.150
491.248,0.761,1.641,0.150
491.359,0.761,1.641,0.150
491.470,0.761,1.641,0.150
491.581,0.761,1.641,0.150
491.692,0.761,1.642,0.150
491.803,0.761,1.641,0.150
491.914,0.761,1.641,0.150
492.026,0.761,1.642,0.150
492.136,0.761,1.641,0.150
492.248,0.761,1.642,0.150
492.358,0.762,1.642,0.150
492.470,0.761,1.641,0.150
492.581,0.762,1.641,0.151
492.692,0.762,1.641,0.151
492.803,0.762,1.641,0.151
492.914,0.762,1.641,0.151
493.026,0.762,1.641,0.150
493.136,0.762,1.641,0.150
493.247,0.762,1.641,0.150
493.358,0.762,1.641,0.150
493.470,0.762,1.641,0.150
493.581,0.762,1.641,0.150
493.692,0.762,1.641,0.150
493.803,0.761,1.641,0.150
493.914,0.762,1.641,0.151
494.026,0.761,1.641,0.150
494.136,0.762,1.641,0.150
494.248,0.761,1.641,0.150
494.358,0.761,1.641,0.151
494.470,0.761,1.641,0.151
494.580,0.761,1.641,0.151
494.692,0.761,1.641,0.151
494.803,0.761,1.641,0.151
494.914,0.761,1.641,0.151
495.025,0.761,1.641,0.151
495.136,0.761,1.641,0.150
495.247,0.761,1.641,0.151
495.358,0.761,1.641,0.151
495.470,0.761,1.641,0.151
495.581,0.761,1.641,0.151
495.692,0.761,1.641,0.151
495.803,0.761,1.641,0.151
495.914,0.761,1.641,0.151
496.025,0.761,1.641,0.151
496.136,0.761,1.641,0.150
496.248,0.761,1.641,0.150
496.358,0.761,1.641,0.150
496.470,0.761,1.641,0.150
496.581,0.761,1.641,0.151
496.692,0.761,1.641,0.151
496.803,0.761,1.641,0.150
496.914,0.761,1.642,0.150
497.025,0.761,1.641,0.150
497.136,0.761,1.641,0.150
497.248,0.761,1.641,0.151
497.358,0.761,1.641,0.150
497.470,0.761,1.641,0.150
497.580,0.761,1.641,0.150
497.692,0.761,1.641,0.150
497.803,0.762,1.641,0.150
497.914,0.762,1.641,0.151
498.025,0.762,1.641,0.151
498.136,0.761,1.641,0.151
498.247,0.761,1.641,0.151
498.358,0.761,1.641,0.151
498.470,0.761,1.641,0.151
498.581,0.761,1.642,0.151
498.692,0.761,1.642,0.150
498.803,0.761,1.642,0.150
498.913,0.761,1.642,0.150
499.025,0.761,1.641,0.150
499.136,0.761,1.641,0.150
499.248,0.761,1.641,0.150
499.358,0.761,1.641,0.150
499.469,0.761,1.641,0.150
499.580,0.761,1.641,0.150
499.691,0.761,1.641,0.150
499.802,0.761,1.642,0.150
499.913,0.761,1.642,0.150
500.025,0.761,1.642,0.151
500.136,0.761,1.641,0.150
500.247,0.761,1.641,0.151
500.358,0.761,1.641,0.151
500.469,0.761,1.641,0.150
500.580,0.761,1.641,0.150
500.691,0.761,1.642,0.150
500.802,0.761,1.641,0.150
500.913,0.761,1.641,0.150
501.024,0.761,1.641,0.150
501.135,0.761,1.641,0.150
501.247,0.761,1.641,0.150
501.358,0.761,1.641,0.150
501.469,0.761,1.642,0.150
501.580,0.761,1.642,0.150
501.691,0.761,1.642,0.150
501.802,0.761,1.641,0.150
501.913,0.761,1.641,0.150
502.025,0.761,1.641,0.150
502.136,0.761,1.641,0.150
502.247,0.761,1.641,0.150
502.358,0.761,1.641,0.150
502.469,0.761,1.641,0.150
502.580,0.761,1.641,0.150
502.691,0.761,1.641,0.150
502.802,0.761,1.641,0.150
502.914,0.761,1.641,0.150
503.025,0.761,1.641,0.150
503.135,0.761,1.641,0.150
503.247,0.761,1.641,0.151
503.358,0.761,1.641,0.151
503.469,0.761,1.641,0.150
503.580,0.761,1.641,0.150
503.692,0.761,1.641,0.150
503.802,0.761,1.641,0.150
503.913,0.761,1.641,0.151
504.025,0.761,1.641,0.151
504.136,0.761,1.642,0.151
504.247,0.761,1.642,0.150
504.358,0.761,1.642,0.151
504.469,0.761,1.642,0.151
504.580,0.761,1.642,0.151
504.691,0.761,1.641,0.151
504.802,0.761,1.641,0.151
504.913,0.761,1.641,0.151
505.024,0.761,1.641,0.151
505.136,0.761,1.642,0.151
505.247,0.761,1.641,0.151
505.358,0.761,1.642,0.151
505.469,0.761,1.641,0.151
505.580,0.761,1.641,0.151
505.691,0.761,1.641,0.151
505.802,0.761,1.642,0.151
505.913,0.761,1.641,0.151
506.024,0.761,1.642,0.151
506.135,0.761,1.642,0.151
506.247,0.761,1.642,0.151
506.358,0.761,1.642,0.151
506.469,0.761,1.641,0.151
506.580,0.761,1.641,0.151
506.691,0.761,1.641,0.151
506.802,0.761,1.642,0.151
506.913,0.761,1.642,0.151
507.024,0.761,1.641,0.151
507.135,0.761,1.642,0.151
507.247,0.762,1.641,0.151
507.358,0.761,1.641,0.151
507.469,0.761,1.641,0.151
507.580,0.761,1.641,0.150
507.691,0.761,1.641,0.150
507.802,0.761,1.642,0.151
507.913,0.761,1.642,0.151
508.024,0.761,1.642,0.151
508.135,0.761,1.642,0.151
508.246,0.761,1.642,0.151
508.357,0.761,1.642,0.151
508.468,0.761,1.642,0.151
508.580,0.761,1.642,0.151
508.691,0.761,1.642,0.151
508.802,0.761,1.642,0.151
508.913,0.761,1.642,0.151
509.024,0.761,1.642,0.151
509.135,0.761,1.641,0.151
509.246,0.761,1.642,0.151
509.357,0.761,1.642,0.150
509.468,0.761,1.642,0.150
509.580,0.761,1.642,0.150
509.691,0.761,1.642,0.150
509.802,0.761,1.642,0.150
509.913,0.761,1.642,0.150
510.024,0.761,1.642,0.151
510.135,0.761,1.642,0.151
510.247,0.761,1.642,0.151
510.357,0.761,1.642,0.151
510.468,0.761,1.642,0.151
510.580,0.761,1.642,0.151
510.690,0.761,1.641,0.151
510.802,0.761,1.641,0.151
510.913,0.761,1.641,0.151
511.024,0.761,1.641,0.151
511.135,0.761,1.641,0.151
511.246,0.761,1.641,0.151
511.357,0.761,1.641,0.151
511.468,0.761,1.641,0.151
511.579,0.761,1.641,0.151
511.690,0.761,1.641,0.151
511.802,0.761,1.641,0.151
511.913,0.761,1.642,0.151
512.024,0.761,1.641,0.151
512.135,0.761,1.641,0.150
512.246,0.761,1.641,0.150
512.357,0.761,1.641,0.150
512.468,0.761,1.642,0.150
512.580,0.761,1.641,0.150
512.691,0.761,1.641,0.150
512.802,0.761,1.641,0.150
512.913,0.761,1.641,0.150
513.024,0.761,1.641,0.150
513.135,0.761,1.641,0.150
513.246,0.761,1.642,0.150
513.357,0.761,1.642,0.150
513.468,0.761,1.642,0.150
513.579,0.761,1.642,0.150
513.690,0.761,1.642,0.150
513.801,0.761,1.641,0.150
513.913,0.761,1.641,0.151
514.024,0.761,1.641,0.151
514.134,0.761,1.641,0.151
514.246,0.761,1.641,0.151
514.357,0.761,1.641,0.151
514.468,0.761,1.641,0.151
514.579,0.761,1.641,0.150
514.690,0.761,1.641,0.150
514.801,0.761,1.641,0.150
514.912,0.761,1.641,0.150
515.023,0.761,1.641,0.150
515.135,0.761,1.641,0.150
515.246,0.761,1.642,0.150
515.357,0.761,1.642,0.150
515.468,0.761,1.642,0.150
515.579,0.761,1.642,0.150
515.690,0.761,1.641,0.150
515.801,0.761,1.641,0.150
515.912,0.761,1.641,0.150
516.023,0.761,1.641,0.150
516.135,0.761,1.641,0.150
516.246,0.761,1.641,0.150
516.357,0.761,1.641,0.150
516.468,0.761,1.641,0.150
516.579,0.761,1.641,0.150
516.690,0.761,1.641,0.150
516.801,0.761,1.641,0.150
516.912,0.761,1.641,0.150
517.023,0.761,1.641,0.150
517.135,0.761,1.641,0.150
517.245,0.761,1.641,0.150
517.357,0.761,1.641,0.150
517.468,0.761,1.641,0.150
517.579,0.761,1.641,0.150
517.690,0.761,1.641,0.150
517.801,0.761,1.641,0.150
517.912,0.761,1.641,0.150
518.023,0.761,1.641,0.150
518.135,0.761,1.641,0.150
518.245,0.761,1.641,0.150
518.357,0.761,1.641,0.150
518.468,0.761,1.641,0.150
518.579,0.761,1.641,0.150
518.690,0.761,1.641,0.150
518.801,0.761,1.641,0.150
518.912,0.761,1.641,0.150
519.023,0.761,1.641,0.150
519.134,0.761,1.641,0.150
519.245,0.761,1.641,0.150
519.357,0.761,1.641,0.150
519.468,0.761,1.641,0.150
519.579,0.761,1.641,0.150
519.690,0.761,1.642,0.150
519.801,0.761,1.642,0.150
519.912,0.761,1.641,0.150
520.023,0.761,1.641,0.150
520.134,0.761,1.641,0.150
520.245,0.761,1.641,0.150
520.356,0.761,1.641,0.150
520.468,0.761,1.641,0.150
520.579,0.761,1.641,0.150
520.690,0.761,1.641,0.150
520.801,0.761,1.641,0.150
520.912,0.761,1.642,0.150
521.023,0.761,1.642,0.150
521.134,0.761,1.642,0.150
521.245,0.761,1.641,0.150
521.356,0.761,1.641,0.150
521.468,0.761,1.642,0.150
521.579,0.761,1.642,0.150
521.690,0.761,1.642,0.150
521.801,0.761,1.642,0.150
521.912,0.761,1.642,0.150
522.023,0.761,1.642,0.151
522.134,0.761,1.642,0.150
522.245,0.761,1.641,0.150
522.356,0.761,1.642,0.150
522.467,0.761,1.642,0.150
522.579,0.761,1.642,0.150
522.690,0.761,1.642,0.150
522.801,0.761,1.641,0.150
522.912,0.761,1.641,0.150
523.023,0.761,1.641,0.150
523.134,0.761,1.641,0.150
523.245,0.761,1.641,0.150
523.356,0.761,1.641,0.150
523.468,0.761,1.641,0.150
523.578,0.761,1.641,0.150
523.690,0.761,1.641,0.150
523.800,0.761,1.642,0.150
523.911,0.761,1.642,0.150
524.023,0.761,1.642,0.150
524.134,0.761,1.642,0.150
524.245,0.761,1.642,0.150
524.356,0.761,1.642,0.150
524.467,0.761,1.642,0.150
524.578,0.761,1.642,0.150
524.689,0.761,1.641,0.150
524.800,0.761,1.642,0.151
524.912,0.761,1.642,0.150
525.023,0.761,1.642,0.150
525.134,0.761,1.642,0.150
525.245,0.761,1.641,0.150
525.356,0.761,1.641,0.150
525.468,0.761,1.641,0.150
525.578,0.761,1.641,0.150
525.690,0.761,1.641,0.150
525.801,0.761,1.642,0.150
525.912,0.761,1.641,0.150
526.023,0.761,1.641,0.150
526.134,0.761,1.641,0.150
526.245,0.761,1.641,0.150
526.356,0.761,1.641,0.150
526.467,0.761,1.641,0.150
526.578,0.761,1.642,0.150
526.689,0.761,1.642,0.150
526.801,0.761,1.642,0.150
526.912,0.761,1.642,0.150
527.023,0.761,1.642,0.150
527.134,0.761,1.642,0.150
527.245,0.761,1.642,0.150
527.356,0.761,1.641,0.150
527.467,0.761,1.641,0.150
527.578,0.761,1.642,0.150
527.689,0.761,1.642,0.150
527.800,0.761,1.642,0.150
527.911,0.761,1.642,0.150
528.023,0.761,1.641,0.150
528.133,0.761,1.641,0.150
528.245,0.761,1.641,0.150
528.356,0.761,1.641,0.150
528.467,0.761,1.641,0.150
528.578,0.761,1.641,0.150
528.689,0.761,1.641,0.150
528.800,0.761,1.641,0.150
528.912,0.761,1.641,0.150
529.022,0.761,1.641,0.150
529.134,0.761,1.641,0.150
529.245,0.761,1.641,0.150
529.356,0.761,1.642,0.150
529.467,0.761,1.641,0.150
529.578,0.761,1.641,0.150
529.689,0.761,1.641,0.150
529.800,0.761,1.642,0.150
529.911,0.761,1.642,0.150
530.022,0.761,1.642,0.150
530.133,0.761,1.642,0.150
530.245,0.761,1.642,0.150
530.356,0.761,1.641,0.150
530.467,0.761,1.641,0.150
530.578,0.761,1.641,0.150
530.689,0.761,1.641,0.150
530.800,0.761,1.641,0.150
530.911,0.761,1.641,0.150
531.022,0.761,1.641,0.150
531.133,0.761,1.641,0.150
531.245,0.761,1.641,0.150
531.356,0.761,1.641,0.150
531.467,0.761,1.641,0.150
531.578,0.761,1.641,0.150
531.689,0.761,1.642,0.150
531.800,0.761,1.641,0.150
531.911,0.761,1.641,0.150
532.023,0.761,1.641,0.150
532.133,0.761,1.641,0.150
532.245,0.761,1.641,0.150
532.356,0.761,1.641,0.150
532.467,0.761,1.641,0.150
532.578,0.761,1.641,0.150
532.689,0.761,1.642,0.150
532.800,0.761,1.641,0.150
532.911,0.761,1.641,0.150
533.022,0.761,1.641,0.150
533.133,0.761,1.641,0.150
533.244,0.761,1.641,0.150
533.355,0.761,1.641,0.150
533.466,0.761,1.641,0.150
533.577,0.761,1.641,0.150
533.689,0.761,1.642,0.150
533.800,0.761,1.642,0.150
533.911,0.761,1.642,0.150
534.022,0.761,1.641,0.150
534.133,0.761,1.642,0.150
534.244,0.761,1.642,0.150
534.355,0.761,1.642,0.150
534.466,0.761,1.642,0.150
534.578,0.761,1.641,0.150
534.689,0.761,1.642,0.150
534.800,0.761,1.641,0.150
534.911,0.761,1.641,0.150
535.022,0.761,1.641,0.150
535.133,0.761,1.641,0.150
535.244,0.761,1.641,0.150
535.355,0.761,1.642,0.151
535.467,0.761,1.642,0.151
535.577,0.761,1.641,0.151
535.688,0.761,1.641,0.151
535.799,0.761,1.641,0.150
535.911,0.761,1.641,0.150
536.021,0.761,1.641,0.150
536.133,0.761,1.641,0.150
536.244,0.761,1.641,0.150
536.355,0.761,1.641,0.150
536.467,0.761,1.641,0.150
536.577,0.761,1.641,0.150
536.689,0.761,1.642,0.150
536.799,0.761,1.641,0.150
536.911,0.761,1.641,0.150
537.022,0.761,1.641,0.150
537.133,0.761,1.641,0.150
537.244,0.761,1.641,0.150
537.354,0.761,1.641,0.150
537.466,0.761,1.641,0.150
537.577,0.761,1.641,0.150
537.688,0.761,1.641,0.150
537.798,0.761,1.641,0.150
537.910,0.761,1.641,0.150
538.021,0.761,1.641,0.150
538.132,0.761,1.642,0.150
538.243,0.761,1.641,0.150
538.355,0.761,1.641,0.150
538.466,0.761,1.641,0.150
538.577,0.761,1.641,0.150
538.688,0.761,1.641,0.150
538.799,0.761,1.641,0.150
538.910,0.761,1.641,0.150
539.021,0.761,1.641,0.150
539.132,0.761,1.641,0.150
539.243,0.761,1.641,0.150
539.355,0.761,1.642,0.150
539.466,0.761,1.641,0.150
539.577,0.761,1.641,0.150
539.688,0.761,1.641,0.150
539.799,0.761,1.641,0.150
539.910,0.761,1.641,0.150
540.021,0.761,1.641,0.150
540.133,0.761,1.641,0.150
540.244,0.761,1.641,0.150
540.355,0.761,1.641,0.150
540.466,0.761,1.642,0.150
540.577,0.761,1.642,0.150
540.688,0.761,1.641,0.150
540.799,0.761,1.641,0.150
540.910,0.761,1.641,0.151
541.021,0.761,1.641,0.151
541.133,0.761,1.641,0.150
541.244,0.761,1.641,0.150
541.354,0.761,1.641,0.150
541.466,0.761,1.641,0.150
541.577,0.761,1.641,0.150
541.689,0.761,1.641,0.150
541.799,0.761,1.641,0.150
541.910,0.761,1.641,0.150
542.021,0.761,1.641,0.150
542.132,0.761,1.641,0.150
542.244,0.761,1.641,0.150
542.355,0.761,1.641,0.150
542.466,0.761,1.641,0.150
542.577,0.761,1.641,0.150
542.688,0.761,1.641,0.150
542.799,0.761,1.641,0.150
542.910,0.761,1.641,0.150
543.021,0.761,1.641,0.150
543.132,0.761,1.641,0.150
543.244,0.761,1.641,0.150
543.355,0.761,1.641,0.150
543.466,0.761,1.641,0.150
543.577,0.761,1.641,0.150
543.689,0.761,1.641,0.150
543.799,0.761,1.641,0.150
543.910,0.761,1.641,0.150
544.021,0.761,1.641,0.150
544.132,0.761,1.641,0.150
544.244,0.761,1.641,0.150
544.354,0.761,1.641,0.150
544.466,0.761,1.641,0.150
544.577,0.761,1.641,0.150
544.688,0.761,1.642,0.150
544.799,0.761,1.641,0.150
544.910,0.761,1.641,0.150
545.021,0.761,1.641,0.150
545.132,0.761,1.641,0.150
545.244,0.761,1.641,0.150
545.355,0.761,1.641,0.150
545.466,0.761,1.641,0.150
545.577,0.761,1.641,0.150
545.688,0.761,1.641,0.150
545.799,0.761,1.641,0.150
545.910,0.761,1.641,0.150
546.021,0.761,1.641,0.150
546.132,0.761,1.641,0.150
546.243,0.761,1.641,0.150
546.354,0.761,1.641,0.150
546.466,0.761,1.641,0.150
546.577,0.761,1.641,0.150
546.688,0.761,1.641,0.150
546.799,0.761,1.641,0.150
546.910,0.761,1.641,0.150
547.021,0.761,1.641,0.150
547.132,0.761,1.641,0.150
547.243,0.761,1.641,0.150
547.355,0.761,1.641,0.151
547.466,0.761,1.641,0.151
547.577,0.761,1.641,0.150
547.688,0.761,1.641,0.150
547.799,0.761,1.641,0.150
547.910,0.761,1.641,0.150
548.021,0.761,1.641,0.150
548.132,0.761,1.641,0.150
548.243,0.761,1.641,0.150
548.354,0.761,1.641,0.150
548.466,0.761,1.642,0.150
548.577,0.761,1.641,0.150
548.688,0.761,1.642,0.150
548.799,0.761,1.642,0.150
548.910,0.761,1.642,0.150
549.021,0.761,1.642,0.150
549.132,0.761,1.641,0.150
549.243,0.761,1.641,0.150
549.354,0.761,1.641,0.150
549.465,0.761,1.641,0.150
549.576,0.761,1.641,0.150
549.688,0.761,1.642,0.150
549.798,0.761,1.641,0.150
549.910,0.761,1.642,0.150
550.021,0.761,1.642,0.150
550.132,0.761,1.641,0.150
550.243,0.761,1.641,0.150
550.354,0.761,1.641,0.150
550.465,0.761,1.641,0.150
550.576,0.761,1.641,0.150
550.687,0.761,1.641,0.150
550.799,0.761,1.641,0.150
550.910,0.761,1.641,0.150
551.021,0.761,1.641,0.150
551.132,0.761,1.641,0.150
551.243,0.761,1.641,0.150
551.354,0.761,1.641,0.150
551.465,0.761,1.641,0.150
551.576,0.761,1.641,0.150
551.687,0.761,1.641,0.150
551.799,0.761,1.641,0.150
551.910,0.761,1.641,0.150
552.021,0.761,1.641,0.150
552.132,0.761,1.641,0.150
552.243,0.761,1.641,0.150
552.354,0.761,1.641,0.150
552.465,0.761,1.641,0.150
552.576,0.761,1.641,0.150
552.687,0.761,1.641,0.150
552.798,0.761,1.642,0.150
552.910,0.761,1.642,0.150
553.021,0.761,1.642,0.150
553.132,0.761,1.642,0.150
553.243,0.761,1.642,0.150
553.354,0.761,1.642,0.150
553.465,0.761,1.642,0.150
553.576,0.761,1.642,0.150
553.688,0.762,1.642,0.150
553.798,0.761,1.642,0.150
553.909,0.761,1.642,0.150
554.021,0.761,1.642,0.150
554.132,0.761,1.642,0.150
554.243,0.761,1.642,0.150
554.354,0.761,1.642,0.150
554.465,0.761,1.642,0.150
554.576,0.761,1.642,0.150
554.687,0.761,1.641,0.150
554.798,0.761,1.641,0.150
554.910,0.761,1.641,0.150
555.021,0.761,1.641,0.150
555.132,0.761,1.642,0.150
555.243,0.761,1.642,0.150
555.354,0.761,1.642,0.150
555.465,0.761,1.642,0.150
555.576,0.761,1.642,0.150
555.687,0.761,1.642,0.150
555.798,0.761,1.641,0.150
555.910,0.761,1.641,0.150
556.021,0.761,1.642,0.150
556.131,0.761,1.642,0.150
556.243,0.761,1.642,0.150
556.354,0.761,1.642,0.150
556.465,0.761,1.642,0.151
556.576,0.761,1.642,0.151
556.687,0.761,1.642,0.151
556.798,0.761,1.641,0.151
556.909,0.761,1.642,0.151
557.020,0.761,1.642,0.151
557.131,0.761,1.641,0.150
557.242,0.761,1.641,0.150
557.354,0.761,1.642,0.150
557.464,0.761,1.641,0.150
557.576,0.761,1.641,0.150
557.687,0.761,1.641,0.150
557.798,0.761,1.641,0.150
557.909,0.761,1.641,0.150
558.020,0.761,1.641,0.150
558.131,0.761,1.641,0.150
558.242,0.761,1.641,0.150
558.353,0.761,1.641,0.150
558.465,0.761,1.641,0.150
558.576,0.761,1.641,0.150
558.687,0.761,1.641,0.150
558.798,0.761,1.641,0.150
558.909,0.761,1.642,0.150
559.020,0.761,1.642,0.150
559.131,0.761,1.642,0.150
559.242,0.761,1.642,0.150
559.354,0.761,1.642,0.150
559.465,0.761,1.642,0.150
559.576,0.761,1.642,0.150
559.687,0.761,1.642,0.150
559.798,0.761,1.641,0.150
559.909,0.761,1.642,0.150
560.020,0.761,1.642,0.150
560.131,0.761,1.642,0.150
560.242,0.761,1.642,0.150
560.353,0.761,1.642,0.150
560.465,0.761,1.642,0.150
560.576,0.761,1.642,0.150
560.687,0.761,1.642,0.150
560.798,0.761,1.642,0.150
560.909,0.761,1.642,0.150
561.020,0.761,1.642,0.150
561.131,0.761,1.642,0.150
561.242,0.761,1.642,0.150
561.353,0.761,1.642,0.150
561.465,0.761,1.642,0.150
561.575,0.761,1.642,0.150
561.687,0.761,1.642,0.150
561.798,0.761,1.641,0.150
561.909,0.761,1.641,0.150
562.020,0.761,1.641,0.150
562.131,0.761,1.641,0.150
562.242,0.761,1.641,0.150
562.353,0.761,1.641,0.150
562.465,0.761,1.641,0.150
562.576,0.761,1.641,0.150
562.687,0.761,1.641,0.150
562.798,0.761,1.641,0.150
562.909,0.761,1.641,0.150
563.020,0.761,1.642,0.150
563.131,0.761,1.641,0.150
563.242,0.761,1.641,0.150
563.353,0.761,1.641,0.150
563.464,0.761,1.641,0.150
563.575,0.761,1.641,0.150
563.687,0.761,1.641,0.150
563.798,0.761,1.641,0.150
563.909,0.761,1.641,0.150
564.020,0.761,1.641,0.150
564.131,0.761,1.641,0.150
564.242,0.761,1.641,0.150
564.353,0.761,1.641,0.150
564.464,0.761,1.641,0.150
564.575,0.761,1.641,0.150
564.687,0.761,1.641,0.150
564.798,0.761,1.641,0.150
564.908,0.761,1.641,0.150
565.020,0.761,1.641,0.150
565.131,0.761,1.641,0.150
565.242,0.761,1.641,0.150
565.353,0.761,1.641,0.150
565.464,0.761,1.641,0.150
565.575,0.761,1.641,0.150
565.686,0.761,1.641,0.150
565.798,0.761,1.641,0.150
565.909,0.761,1.641,0.150
566.020,0.761,1.642,0.150
566.130,0.761,1.641,0.150
566.242,0.761,1.641,0.150
566.353,0.761,1.641,0.150
566.464,0.761,1.641,0.150
566.575,0.761,1.641,0.150
566.686,0.761,1.641,0.150
566.797,0.761,1.641,0.150
566.908,0.761,1.641,0.150
567.019,0.761,1.642,0.150
567.131,0.761,1.641,0.150
567.242,0.761,1.641,0.150
567.353,0.761,1.641,0.150
567.464,0.761,1.641,0.150
567.575,0.761,1.641,0.150
567.686,0.761,1.641,0.150
567.797,0.761,1.641,0.150
567.908,0.761,1.641,0.150
568.020,0.761,1.641,0.150
568.131,0.761,1.641,0.150
568.241,0.761,1.641,0.150
568.353,0.761,1.641,0.150
568.464,0.761,1.641,0.150
568.575,0.761,1.641,0.150
568.686,0.761,1.641,0.150
568.797,0.761,1.641,0.150
568.909,0.761,1.641,0.150
569.019,0.761,1.641,0.150
569.130,0.761,1.641,0.150
569.242,0.761,1.641,0.150
569.352,0.760,1.642,0.150
569.464,0.761,1.641,0.150
569.575,0.761,1.641,0.150
569.684,0.761,1.641,0.150
569.797,0.761,1.641,0.150
569.908,0.761,1.641,0.150
570.019,0.761,1.641,0.150
570.130,0.761,1.641,0.150
570.241,0.761,1.641,0.150
570.353,0.761,1.641,0.150
570.464,0.761,1.641,0.150
570.575,0.761,1.641,0.150
570.686,0.761,1.641,0.150
570.797,0.761,1.642,0.150
570.908,0.761,1.642,0.150
571.019,0.761,1.642,0.150
571.130,0.761,1.642,0.150
571.241,0.761,1.642,0.150
571.353,0.761,1.642,0.150
571.464,0.761,1.642,0.150
571.575,0.761,1.642,0.150
571.686,0.761,1.642,0.150
571.797,0.761,1.642,0.150
571.908,0.761,1.642,0.150
572.019,0.761,1.642,0.150
572.130,0.761,1.642,0.150
572.242,0.761,1.642,0.150
572.353,0.761,1.641,0.150
572.464,0.761,1.641,0.150
572.575,0.761,1.641,0.150
572.686,0.761,1.641,0.150
572.797,0.761,1.642,0.150
572.908,0.761,1.641,0.150
573.019,0.761,1.641,0.150
573.130,0.761,1.642,0.150
573.241,0.761,1.641,0.150
573.352,0.761,1.641,0.150
573.464,0.761,1.641,0.150
573.575,0.761,1.641,0.150
573.686,0.761,1.642,0.150
573.797,0.761,1.642,0.150
573.908,0.761,1.641,0.150
574.019,0.761,1.642,0.150
574.130,0.761,1.642,0.150
574.241,0.761,1.642,0.150
574.352,0.761,1.642,0.150
574.463,0.761,1.641,0.150
574.574,0.761,1.642,0.150
574.685,0.761,1.641,0.150
574.797,0.761,1.642,0.150
574.908,0.761,1.642,0.150
575.019,0.761,1.641,0.150
575.130,0.761,1.642,0.150
575.241,0.761,1.641,0.150
575.352,0.761,1.641,0.150
575.463,0.761,1.641,0.150
575.574,0.761,1.641,0.150
575.686,0.761,1.641,0.150
575.797,0.761,1.641,0.150
575.908,0.761,1.641,0.150
576.019,0.761,1.641,0.150
576.130,0.761,1.641,0.150
576.239,0.761,1.641,0.150
576.350,0.761,1.641,0.150
576.461,0.761,1.641,0.150
576.573,0.761,1.641,0.150
576.684,0.761,1.641,0.150
576.795,0.761,1.641,0.150
576.907,0.761,1.641,0.150
577.018,0.761,1.641,0.150
577.129,0.761,1.641,0.150
577.240,0.761,1.641,0.150
577.351,0.761,1.641,0.150
577.463,0.761,1.641,0.150
577.573,0.761,1.641,0.150
577.685,0.761,1.641,0.150
577.796,0.761,1.641,0.150
577.907,0.761,1.641,0.150
578.018,0.761,1.641,0.150
578.129,0.761,1.641,0.150
578.240,0.761,1.641,0.150
578.352,0.761,1.641,0.150
578.463,0.761,1.641,0.150
578.574,0.761,1.641,0.150
578.685,0.761,1.641,0.150
578.796,0.761,1.641,0.150
578.907,0.761,1.641,0.150
579.019,0.761,1.641,0.150
579.130,0.761,1.641,0.150
579.240,0.761,1.641,0.150
579.351,0.761,1.641,0.150
579.463,0.761,1.641,0.150
579.574,0.761,1.641,0.150
579.685,0.761,1.641,0.150
579.796,0.761,1.641,0.150
579.908,0.761,1.641,0.150
580.018,0.761,1.641,0.150
580.130,0.761,1.641,0.150
580.241,0.761,1.641,0.150
580.352,0.761,1.641,0.150
580.463,0.761,1.641,0.150
580.574,0.761,1.641,0.150
580.685,0.761,1.641,0.150
580.795,0.761,1.641,0.150
580.906,0.761,1.641,0.150
581.017,0.761,1.641,0.150
581.129,0.761,1.641,0.150
581.241,0.761,1.641,0.150
581.352,0.761,1.641,0.150
581.463,0.761,1.641,0.150
581.574,0.761,1.641,0.150
581.685,0.761,1.641,0.150
581.796,0.761,1.641,0.150
581.908,0.761,1.641,0.150
582.018,0.761,1.641,0.150
582.130,0.761,1.641,0.150
582.241,0.761,1.641,0.150
582.352,0.761,1.641,0.150
582.463,0.761,1.641,0.150
582.574,0.761,1.641,0.150
582.685,0.761,1.641,0.150
582.796,0.761,1.641,0.150
582.907,0.761,1.641,0.150
583.018,0.761,1.641,0.150
583.129,0.761,1.641,0.150
583.240,0.761,1.641,0.150
583.352,0.761,1.641,0.150
583.463,0.761,1.641,0.150
583.574,0.761,1.641,0.150
583.685,0.761,1.641,0.150
583.796,0.761,1.641,0.150
583.908,0.761,1.641,0.150
584.018,0.761,1.641,0.150
584.129,0.761,1.641,0.150
584.241,0.761,1.641,0.150
584.351,0.761,1.641,0.150
584.462,0.761,1.641,0.150
584.573,0.761,1.641,0.150
584.685,0.761,1.641,0.150
584.796,0.761,1.641,0.150
584.907,0.761,1.641,0.150
585.018,0.761,1.641,0.150
585.130,0.761,1.641,0.150
585.240,0.761,1.641,0.150
585.351,0.761,1.641,0.150
585.463,0.761,1.641,0.150
585.573,0.761,1.641,0.150
585.685,0.761,1.641,0.150
585.796,0.761,1.641,0.150
585.907,0.761,1.641,0.150
586.018,0.761,1.641,0.150
586.129,0.761,1.641,0.150
586.240,0.761,1.641,0.150
586.351,0.761,1.641,0.150
586.462,0.761,1.641,0.150
586.574,0.761,1.641,0.150
586.685,0.761,1.641,0.150
586.796,0.761,1.641,0.150
586.907,0.761,1.641,0.150
587.018,0.761,1.641,0.150
587.129,0.761,1.641,0.150
587.240,0.761,1.641,0.150
587.351,0.761,1.641,0.150
587.463,0.761,1.641,0.150
587.574,0.761,1.641,0.150
587.685,0.761,1.641,0.150
587.796,0.761,1.641,0.150
587.907,0.761,1.641,0.150
588.018,0.761,1.641,0.150
588.129,0.761,1.641,0.150
588.240,0.761,1.641,0.150
588.351,0.761,1.641,0.150
588.462,0.761,1.641,0.150
588.574,0.761,1.641,0.150
588.685,0.761,1.641,0.150
588.795,0.761,1.641,0.150
588.907,0.761,1.641,0.150
589.018,0.761,1.641,0.150
589.129,0.761,1.641,0.150
589.240,0.761,1.641,0.150
589.351,0.761,1.641,0.150
589.462,0.761,1.641,0.150
589.573,0.761,1.641,0.150
589.684,0.761,1.641,0.150
589.796,0.761,1.641,0.150
589.907,0.761,1.641,0.150
590.018,0.761,1.641,0.150
590.129,0.761,1.641,0.150
590.240,0.761,1.641,0.150
590.351,0.761,1.641,0.150
590.462,0.761,1.641,0.150
590.573,0.761,1.641,0.150
590.684,0.761,1.641,0.150
590.795,0.761,1.641,0.150
590.907,0.761,1.641,0.150
591.017,0.761,1.641,0.150
591.129,0.761,1.641,0.150
591.240,0.761,1.641,0.150
591.351,0.761,1.641,0.150
591.462,0.761,1.641,0.150
591.573,0.761,1.641,0.150
591.684,0.761,1.641,0.150
591.795,0.761,1.641,0.150
591.907,0.761,1.641,0.150
592.018,0.761,1.641,0.150
592.129,0.761,1.641,0.150
592.240,0.761,1.641,0.150
592.351,0.761,1.641,0.150
592.462,0.761,1.641,0.150
592.573,0.761,1.641,0.150
592.685,0.761,1.641,0.150
592.795,0.761,1.641,0.150
592.907,0.761,1.641,0.150
593.017,0.761,1.641,0.150
593.129,0.761,1.641,0.150
593.240,0.761,1.641,0.150
593.351,0.761,1.641,0.150
593.462,0.761,1.642,0.150
593.573,0.761,1.641,0.150
593.684,0.761,1.641,0.150
593.795,0.761,1.641,0.150
593.907,0.761,1.641,0.150
594.018,0.761,1.641,0.150
594.129,0.761,1.641,0.150
594.240,0.761,1.641,0.150
594.351,0.761,1.641,0.150
594.462,0.761,1.641,0.150
594.573,0.761,1.641,0.150
594.684,0.761,1.641,0.150
594.795,0.761,1.641,0.150
594.907,0.761,1.641,0.150
595.017,0.761,1.641,0.150
595.129,0.761,1.641,0.150
595.239,0.761,1.641,0.150
595.351,0.761,1.641,0.150
595.462,0.761,1.641,0.150
595.573,0.761,1.641,0.150
595.684,0.761,1.641,0.150
595.795,0.761,1.641,0.150
595.906,0.761,1.641,0.150
596.017,0.761,1.641,0.150
596.129,0.761,1.641,0.150
596.239,0.761,1.641,0.150
596.351,0.761,1.641,0.150
596.462,0.761,1.641,0.150
596.573,0.761,1.641,0.150
596.684,0.761,1.641,0.150
596.795,0.761,1.642,0.150
596.906,0.761,1.641,0.150
597.017,0.761,1.641,0.150
597.129,0.761,1.642,0.150
597.240,0.761,1.641,0.150
597.351,0.761,1.641,0.150
597.462,0.761,1.641,0.150
597.573,0.761,1.641,0.150
597.684,0.761,1.641,0.150
597.795,0.761,1.641,0.150
597.906,0.761,1.641,0.150
598.017,0.761,1.641,0.150
598.128,0.761,1.641,0.150
598.239,0.761,1.641,0.150
598.350,0.761,1.641,0.150
598.462,0.761,1.641,0.150
598.573,0.761,1.641,0.150
598.684,0.761,1.641,0.150
598.795,0.761,1.641,0.150
598.906,0.761,1.641,0.150
599.017,0.761,1.641,0.150
599.128,0.761,1.641,0.150
599.239,0.761,1.641,0.151
599.350,0.761,1.641,0.150
599.461,0.761,1.641,0.150
599.573,0.761,1.641,0.150
599.683,0.761,1.641,0.150
599.795,0.761,1.641,0.150
599.906,0.761,1.641,0.150
600.017,0.761,1.641,0.150
600.128,0.761,1.641,0.150
600.239,0.761,1.641,0.150
600.350,0.761,1.641,0.150
600.461,0.761,1.641,0.150
600.573,0.761,1.641,0.150
600.683,0.761,1.641,0.150
600.795,0.761,1.641,0.150
600.906,0.761,1.641,0.150
601.017,0.761,1.641,0.150
601.128,0.761,1.641,0.150
601.239,0.761,1.641,0.150
601.351,0.761,1.641,0.150
601.461,0.761,1.641,0.150
601.572,0.761,1.641,0.150
601.684,0.761,1.641,0.150
601.795,0.761,1.641,0.150
601.906,0.761,1.641,0.150
602.017,0.761,1.641,0.150
602.128,0.761,1.641,0.150
602.239,0.761,1.641,0.150
602.350,0.761,1.641,0.150
602.461,0.761,1.641,0.150
602.573,0.761,1.641,0.150
602.683,0.761,1.641,0.150
602.794,0.761,1.641,0.150
602.906,0.761,1.641,0.150
603.017,0.761,1.641,0.150
603.128,0.761,1.641,0.150
603.239,0.761,1.641,0.150
603.350,0.761,1.641,0.150
603.461,0.761,1.641,0.150
603.572,0.761,1.641,0.150
603.683,0.761,1.641,0.150
603.794,0.761,1.641,0.150
603.906,0.761,1.641,0.150
604.016,0.761,1.641,0.150
604.128,0.761,1.641,0.150
604.239,0.761,1.641,0.150
604.350,0.761,1.641,0.150
604.461,0.761,1.641,0.150
604.573,0.761,1.641,0.150
604.683,0.761,1.641,0.150
604.794,0.761,1.641,0.150
604.905,0.761,1.641,0.150
605.016,0.761,1.641,0.150
605.127,0.761,1.641,0.150
605.239,0.761,1.641,0.150
605.350,0.761,1.641,0.150
605.461,0.761,1.641,0.150
605.572,0.761,1.641,0.150
605.683,0.761,1.641,0.150
605.794,0.761,1.641,0.150
605.905,0.761,1.641,0.150
606.017,0.761,1.641,0.150
606.128,0.761,1.641,0.150
606.239,0.761,1.641,0.150
606.350,0.761,1.641,0.150
606.461,0.761,1.641,0.150
606.572,0.761,1.641,0.150
606.683,0.761,1.641,0.150
606.794,0.761,1.641,0.150
606.905,0.761,1.641,0.150
607.016,0.761,1.641,0.150
607.128,0.761,1.641,0.150
607.238,0.761,1.641,0.150
607.350,0.761,1.641,0.150
607.460,0.761,1.641,0.150
607.572,0.761,1.641,0.150
607.683,0.761,1.641,0.150
607.794,0.761,1.641,0.150
607.905,0.761,1.641,0.150
608.016,0.761,1.641,0.150
608.128,0.761,1.641,0.150
608.238,0.761,1.641,0.150
608.350,0.761,1.641,0.150
608.460,0.761,1.641,0.150
608.572,0.761,1.641,0.150
608.683,0.761,1.641,0.150
608.794,0.761,1.641,0.150
608.905,0.761,1.641,0.150
609.016,0.761,1.641,0.150
609.128,0.761,1.641,0.150
609.239,0.761,1.641,0.150
609.350,0.761,1.641,0.150
609.461,0.761,1.641,0.150
609.572,0.761,1.641,0.150
609.683,0.761,1.641,0.150
609.794,0.761,1.641,0.150
609.905,0.761,1.641,0.150
610.016,0.761,1.641,0.150
610.127,0.761,1.641,0.150
610.238,0.761,1.641,0.150
610.350,0.761,1.641,0.150
610.461,0.761,1.641,0.150
610.572,0.761,1.641,0.150
610.683,0.761,1.641,0.150
610.794,0.761,1.641,0.150
610.905,0.761,1.641,0.150
611.016,0.761,1.641,0.150
611.127,0.761,1.641,0.150
611.238,0.761,1.641,0.150
611.349,0.761,1.641,0.150
611.461,0.761,1.641,0.150
611.572,0.761,1.641,0.150
611.683,0.761,1.641,0.150
611.794,0.761,1.641,0.150
611.905,0.761,1.641,0.150
612.016,0.761,1.641,0.150
612.127,0.761,1.641,0.150
612.238,0.761,1.641,0.150
612.350,0.761,1.641,0.150
612.460,0.761,1.641,0.150
612.572,0.761,1.641,0.150
612.683,0.761,1.641,0.150
612.794,0.761,1.641,0.150
612.905,0.761,1.641,0.150
613.016,0.761,1.641,0.150
613.127,0.761,1.641,0.150
613.238,0.761,1.641,0.150
613.349,0.761,1.641,0.150
613.461,0.761,1.641,0.150
613.572,0.761,1.641,0.150
613.683,0.761,1.641,0.150
613.794,0.761,1.641,0.150
613.905,0.761,1.641,0.150
614.016,0.761,1.641,0.151
614.127,0.761,1.641,0.151
614.238,0.761,1.641,0.150
614.349,0.761,1.641,0.150
614.460,0.761,1.641,0.150
614.571,0.761,1.641,0.150
614.683,0.761,1.641,0.150
614.794,0.761,1.641,0.150
614.905,0.761,1.641,0.150
615.016,0.761,1.641,0.150
615.127,0.761,1.641,0.150
615.238,0.761,1.641,0.150
615.349,0.761,1.641,0.150
615.460,0.761,1.641,0.150
615.571,0.761,1.641,0.150
615.682,0.761,1.641,0.150
615.793,0.761,1.641,0.150
615.905,0.761,1.641,0.150
616.015,0.761,1.641,0.150
616.127,0.761,1.641,0.150
616.238,0.761,1.641,0.150
616.349,0.761,1.641,0.150
616.460,0.761,1.641,0.150
616.571,0.761,1.641,0.150
616.682,0.761,1.641,0.150
616.793,0.761,1.641,0.150
616.904,0.761,1.641,0.150
617.015,0.761,1.641,0.150
617.127,0.761,1.641,0.150
617.237,0.761,1.641,0.150
617.349,0.761,1.641,0.150
617.460,0.761,1.641,0.150
617.571,0.761,1.641,0.150
617.682,0.761,1.641,0.150
617.794,0.761,1.641,0.150
617.904,0.761,1.641,0.150
618.015,0.761,1.641,0.150
618.126,0.761,1.641,0.150
618.238,0.761,1.641,0.150
618.349,0.761,1.641,0.150
618.460,0.761,1.641,0.150
618.571,0.761,1.641,0.150
618.682,0.761,1.641,0.150
618.793,0.761,1.641,0.150
618.904,0.761,1.641,0.150
619.015,0.761,1.641,0.150
619.127,0.761,1.641,0.150
619.238,0.761,1.641,0.150
619.349,0.761,1.641,0.150
619.460,0.761,1.641,0.150
619.571,0.761,1.641,0.150
619.682,0.761,1.641,0.150
619.793,0.761,1.641,0.150
619.904,0.761,1.641,0.150
620.015,0.761,1.641,0.150
620.127,0.761,1.641,0.150
620.237,0.761,1.641,0.150
620.349,0.761,1.641,0.150
620.459,0.761,1.641,0.150
620.571,0.762,1.641,0.150
620.682,0.762,1.641,0.150
620.792,0.761,1.641,0.150
620.903,0.761,1.641,0.150
621.014,0.761,1.641,0.150
621.125,0.761,1.641,0.150
621.236,0.761,1.641,0.150
621.348,0.761,1.641,0.150
621.459,0.761,1.641,0.150
621.570,0.761,1.641,0.150
621.681,0.761,1.641,0.150
621.792,0.761,1.641,0.150
621.903,0.761,1.641,0.150
622.015,0.761,1.641,0.150
622.126,0.761,1.641,0.150
622.237,0.761,1.641,0.150
622.348,0.761,1.641,0.150
622.459,0.761,1.641,0.150
622.571,0.761,1.641,0.150
622.681,0.761,1.641,0.150
622.793,0.761,1.641,0.150
622.904,0.761,1.641,0.150
623.015,0.761,1.641,0.150
623.126,0.761,1.641,0.150
623.237,0.761,1.641,0.150
623.348,0.761,1.641,0.150
623.459,0.761,1.641,0.150
623.571,0.761,1.641,0.150
623.682,0.761,1.641,0.150
623.793,0.761,1.641,0.150
623.904,0.761,1.641,0.150
624.015,0.761,1.641,0.150
624.126,0.761,1.641,0.150
624.237,0.761,1.641,0.150
624.349,0.761,1.641,0.150
624.459,0.761,1.641,0.150
624.571,0.761,1.641,0.150
624.681,0.761,1.641,0.150
624.793,0.761,1.641,0.150
624.904,0.761,1.641,0.150
625.015,0.761,1.641,0.150
625.126,0.761,1.641,0.150
625.238,0.761,1.641,0.150
625.348,0.761,1.641,0.150
625.459,0.761,1.641,0.150
625.571,0.761,1.641,0.150
625.682,0.761,1.641,0.150
625.793,0.761,1.641,0.150
625.904,0.761,1.641,0.151
626.015,0.761,1.641,0.151
626.126,0.761,1.641,0.150
626.237,0.761,1.641,0.151
626.349,0.761,1.641,0.150
626.459,0.761,1.641,0.150
626.571,0.761,1.641,0.150
626.681,0.761,1.641,0.150
626.792,0.761,1.641,0.150
626.904,0.761,1.641,0.150
627.015,0.761,1.641,0.150
627.126,0.761,1.641,0.150
627.237,0.761,1.641,0.150
627.348,0.761,1.641,0.150
627.459,0.761,1.641,0.150
627.570,0.761,1.641,0.150
627.682,0.761,1.641,0.150
627.792,0.761,1.641,0.150
627.904,0.761,1.641,0.150
628.015,0.761,1.641,0.150
628.126,0.761,1.641,0.150
628.237,0.761,1.641,0.150
628.348,0.761,1.641,0.150
628.459,0.761,1.641,0.150
628.570,0.761,1.641,0.150
628.681,0.761,1.641,0.150
628.792,0.761,1.641,0.150
628.903,0.761,1.641,0.150
629.015,0.761,1.641,0.150
629.126,0.761,1.641,0.150
629.237,0.761,1.641,0.150
629.348,0.761,1.641,0.150
629.459,0.761,1.641,0.150
629.571,0.761,1.641,0.150
629.681,0.761,1.641,0.150
629.793,0.761,1.641,0.150
629.904,0.761,1.641,0.150
630.015,0.761,1.641,0.150
630.126,0.761,1.641,0.150
630.237,0.761,1.641,0.150
630.348,0.761,1.641,0.150
630.459,0.761,1.641,0.150
630.571,0.761,1.641,0.150
630.681,0.761,1.641,0.150
630.792,0.761,1.641,0.150
630.903,0.761,1.641,0.150
631.014,0.761,1.641,0.150
631.126,0.762,1.641,0.150
631.236,0.761,1.641,0.150
631.348,0.762,1.641,0.150
631.459,0.761,1.641,0.150
631.570,0.761,1.641,0.150
631.681,0.761,1.641,0.150
631.792,0.761,1.641,0.150
631.903,0.761,1.641,0.150
632.015,0.761,1.641,0.150
632.126,0.761,1.641,0.150
632.237,0.761,1.641,0.150
632.348,0.761,1.641,0.150
632.459,0.761,1.641,0.150
632.570,0.761,1.641,0.150
632.681,0.761,1.641,0.150
632.792,0.761,1.641,0.150
632.903,0.761,1.641,0.150
633.014,0.761,1.641,0.150
633.125,0.761,1.641,0.150
633.237,0.761,1.641,0.150
633.348,0.761,1.641,0.150
633.459,0.761,1.641,0.150
633.570,0.761,1.641,0.150
633.681,0.761,1.641,0.150
633.792,0.761,1.641,0.150
633.903,0.761,1.641,0.150
634.014,0.761,1.641,0.150
634.125,0.761,1.641,0.150
634.237,0.761,1.641,0.150
634.348,0.761,1.641,0.150
634.459,0.761,1.641,0.150
634.570,0.761,1.641,0.150
634.681,0.761,1.641,0.150
634.792,0.761,1.641,0.150
634.903,0.761,1.641,0.150
635.014,0.761,1.641,0.150
635.125,0.761,1.641,0.150
635.236,0.761,1.641,0.150
635.348,0.761,1.641,0.151
635.458,0.761,1.641,0.150
635.570,0.762,1.641,0.151
635.681,0.762,1.641,0.151
635.792,0.762,1.641,0.150
635.903,0.762,1.641,0.150
636.015,0.761,1.641,0.150
636.125,0.761,1.641,0.150
636.236,0.761,1.641,0.150
636.348,0.761,1.641,0.150
636.459,0.761,1.641,0.150
636.570,0.761,1.641,0.150
636.681,0.761,1.641,0.150
636.792,0.761,1.641,0.150
636.903,0.761,1.641,0.150
637.014,0.761,1.641,0.150
637.125,0.761,1.641,0.150
637.236,0.761,1.641,0.150
637.348,0.761,1.641,0.150
637.459,0.761,1.641,0.150
637.570,0.761,1.641,0.150
637.681,0.761,1.641,0.150
637.792,0.761,1.641,0.150
637.903,0.761,1.641,0.150
638.014,0.761,1.641,0.150
638.125,0.761,1.641,0.150
638.236,0.761,1.641,0.150
638.347,0.761,1.641,0.150
638.458,0.761,1.641,0.150
638.570,0.761,1.641,0.150
638.681,0.761,1.641,0.150
638.792,0.761,1.641,0.151
638.903,0.761,1.641,0.151
639.014,0.761,1.641,0.151
639.125,0.761,1.641,0.151
639.236,0.761,1.641,0.151
639.348,0.761,1.641,0.150
639.459,0.761,1.641,0.150
639.569,0.761,1.641,0.150
639.680,0.761,1.641,0.150
639.792,0.761,1.641,0.150
639.903,0.761,1.641,0.150
640.014,0.761,1.641,0.150
640.125,0.761,1.641,0.150
640.236,0.761,1.641,0.150
640.347,0.761,1.641,0.150
640.458,0.761,1.641,0.150
640.570,0.761,1.641,0.151
640.680,0.761,1.641,0.151
640.791,0.761,1.641,0.151
640.903,0.761,1.641,0.151
641.014,0.761,1.641,0.150
641.125,0.761,1.641,0.150
641.236,0.761,1.641,0.150
641.347,0.761,1.641,0.151
641.458,0.761,1.641,0.151
641.569,0.761,1.641,0.151
641.680,0.761,1.641,0.151
641.792,0.761,1.641,0.151
641.903,0.761,1.641,0.151
642.014,0.762,1.641,0.151
642.124,0.761,1.641,0.151
642.236,0.761,1.641,0.151
642.347,0.761,1.641,0.151
642.458,0.761,1.641,0.151
642.570,0.761,1.641,0.151
642.680,0.761,1.641,0.150
642.791,0.761,1.641,0.150
642.902,0.761,1.641,0.150
643.014,0.761,1.641,0.150
643.124,0.761,1.641,0.150
643.236,0.761,1.641,0.150
643.347,0.761,1.641,0.150
643.458,0.761,1.641,0.150
643.569,0.761,1.641,0.150
643.680,0.761,1.641,0.151
643.791,0.761,1.641,0.151
643.902,0.761,1.641,0.151
644.014,0.761,1.641,0.150
644.125,0.761,1.641,0.150
644.236,0.761,1.641,0.150
644.347,0.761,1.641,0.150
644.458,0.761,1.641,0.151
644.569,0.761,1.641,0.151
644.679,0.761,1.641,0.150
644.791,0.761,1.641,0.150
644.902,0.761,1.641,0.150
645.013,0.761,1.641,0.150
645.124,0.761,1.641,0.150
645.236,0.761,1.641,0.150
645.347,0.761,1.641,0.150
645.458,0.761,1.641,0.150
645.569,0.761,1.641,0.150
645.680,0.761,1.641,0.150
645.791,0.761,1.641,0.150
645.902,0.761,1.641,0.150
646.014,0.761,1.641,0.150
646.124,0.761,1.641,0.150
646.236,0.761,1.641,0.150
646.347,0.761,1.641,0.150
646.458,0.761,1.641,0.150
646.569,0.761,1.641,0.150
646.680,0.761,1.641,0.150
646.791,0.761,1.642,0.150
646.902,0.761,1.641,0.150
647.013,0.761,1.641,0.150
647.124,0.761,1.641,0.150
647.236,0.761,1.641,0.150
647.347,0.761,1.641,0.150
647.458,0.761,1.641,0.150
647.569,0.761,1.641,0.150
647.680,0.761,1.641,0.150
647.791,0.761,1.641,0.150
647.902,0.761,1.641,0.150
648.014,0.761,1.641,0.150
648.124,0.761,1.641,0.150
648.235,0.761,1.641,0.150
648.346,0.761,1.641,0.150
648.457,0.761,1.641,0.150
648.569,0.761,1.641,0.150
648.680,0.761,1.641,0.150
648.791,0.761,1.641,0.150
648.902,0.761,1.641,0.150
649.013,0.761,1.641,0.150
649.124,0.761,1.641,0.150
649.235,0.761,1.641,0.150
649.347,0.761,1.641,0.150
649.457,0.761,1.641,0.150
649.569,0.761,1.641,0.150
649.680,0.761,1.641,0.150
649.791,0.761,1.641,0.150
649.902,0.761,1.641,0.150
650.013,0.761,1.641,0.150
650.124,0.761,1.642,0.150
650.236,0.761,1.642,0.150
650.347,0.761,1.642,0.150
650.458,0.761,1.642,0.150
650.569,0.761,1.642,0.151
650.680,0.761,1.642,0.150
650.791,0.761,1.642,0.150
650.902,0.761,1.642,0.150
651.013,0.761,1.642,0.150
651.124,0.761,1.642,0.150
651.235,0.761,1.642,0.150
651.346,0.761,1.642,0.150
651.458,0.762,1.642,0.150
651.569,0.762,1.642,0.150
651.680,0.762,1.642,0.150
651.791,0.761,1.642,0.150
651.902,0.761,1.641,0.150
652.013,0.762,1.641,0.150
652.124,0.761,1.641,0.150
652.235,0.761,1.641,0.150
652.347,0.761,1.641,0.150
652.457,0.761,1.641,0.150
652.569,0.761,1.641,0.150
652.680,0.761,1.641,0.150
652.791,0.761,1.641,0.150
652.902,0.761,1.641,0.150
653.013,0.761,1.641,0.150
653.124,0.761,1.641,0.150
653.235,0.761,1.641,0.150
653.346,0.761,1.641,0.150
653.457,0.761,1.641,0.150
653.568,0.761,1.641,0.150
653.679,0.761,1.641,0.150
653.791,0.761,1.641,0.150
653.902,0.761,1.641,0.151
654.013,0.761,1.641,0.151
654.124,0.761,1.641,0.150
654.235,0.761,1.641,0.150
654.346,0.761,1.641,0.150
654.457,0.761,1.641,0.150
654.568,0.761,1.641,0.150
654.679,0.761,1.641,0.150
654.791,0.761,1.641,0.151
654.901,0.761,1.641,0.151
655.013,0.761,1.641,0.150
655.124,0.761,1.641,0.151
655.235,0.761,1.642,0.150
655.346,0.762,1.641,0.150
655.457,0.762,1.641,0.151
655.568,0.762,1.641,0.151
655.679,0.761,1.641,0.151
655.791,0.761,1.641,0.151
655.901,0.761,1.641,0.151
656.013,0.761,1.641,0.151
656.124,0.761,1.641,0.151
656.235,0.761,1.641,0.151
656.346,0.761,1.641,0.151
656.457,0.761,1.641,0.151
656.568,0.761,1.641,0.151
656.679,0.761,1.641,0.151
656.791,0.761,1.641,0.151
656.902,0.761,1.641,0.150
657.013,0.761,1.641,0.150
657.124,0.761,1.641,0.150
657.235,0.761,1.641,0.150
657.346,0.761,1.641,0.151
657.457,0.761,1.641,0.151
657.568,0.761,1.641,0.151
657.679,0.761,1.641,0.151
657.790,0.761,1.641,0.151
657.901,0.761,1.641,0.151
658.012,0.761,1.641,0.151
658.124,0.761,1.641,0.151
658.235,0.761,1.641,0.151
658.346,0.761,1.641,0.150
658.457,0.761,1.641,0.150
658.568,0.761,1.641,0.150
658.679,0.761,1.641,0.150
658.790,0.761,1.641,0.151
658.901,0.761,1.641,0.150
659.012,0.761,1.641,0.150
659.123,0.761,1.641,0.150
659.235,0.761,1.641,0.151
659.345,0.761,1.641,0.151
659.457,0.761,1.641,0.151
659.568,0.761,1.641,0.150
659.679,0.761,1.641,0.151
659.791,0.761,1.641,0.151
659.901,0.761,1.641,0.151
660.012,0.761,1.641,0.151
660.124,0.761,1.641,0.151
660.234,0.761,1.641,0.150
660.345,0.761,1.641,0.151
660.457,0.761,1.641,0.151
660.568,0.761,1.641,0.151
660.678,0.761,1.641,0.150
660.790,0.761,1.641,0.150
660.901,0.761,1.641,0.151
661.012,0.761,1.641,0.151
661.123,0.761,1.641,0.151
661.235,0.761,1.641,0.151
661.346,0.761,1.641,0.151
661.457,0.761,1.641,0.151
661.568,0.761,1.641,0.151
661.679,0.761,1.641,0.151
661.790,0.761,1.641,0.151
661.901,0.761,1.641,0.151
662.012,0.761,1.641,0.151
662.123,0.761,1.641,0.151
662.234,0.761,1.641,0.151
662.346,0.761,1.641,0.151
662.457,0.761,1.641,0.151
662.567,0.761,1.641,0.151
662.679,0.761,1.641,0.151
662.790,0.761,1.641,0.151
662.901,0.761,1.641,0.151
663.012,0.761,1.641,0.151
663.123,0.761,1.641,0.151
663.234,0.761,1.641,0.151
663.345,0.762,1.641,0.151
663.456,0.762,1.641,0.151
663.567,0.762,1.641,0.151
663.678,0.761,1.641,0.151
663.790,0.762,1.641,0.151
663.901,0.761,1.641,0.150
664.012,0.761,1.641,0.150
664.123,0.761,1.641,0.150
664.234,0.761,1.641,0.150
664.345,0.761,1.641,0.150
664.456,0.761,1.641,0.150
664.567,0.761,1.641,0.150
664.679,0.761,1.641,0.150
664.790,0.761,1.641,0.151
664.901,0.761,1.641,0.151
665.012,0.761,1.641,0.151
665.123,0.761,1.641,0.151
665.234,0.761,1.641,0.151
665.345,0.761,1.641,0.151
665.456,0.761,1.641,0.151
665.568,0.761,1.641,0.151
665.678,0.761,1.641,0.151
665.790,0.761,1.641,0.151
665.901,0.761,1.641,0.151
666.012,0.761,1.641,0.151
666.123,0.761,1.641,0.151
666.234,0.761,1.641,0.151
666.345,0.761,1.641,0.151
666.456,0.761,1.641,0.151
666.567,0.761,1.641,0.151
666.678,0.761,1.641,0.151
666.790,0.761,1.641,0.151
666.901,0.761,1.641,0.151
667.012,0.761,1.641,0.151
667.123,0.761,1.641,0.151
667.234,0.761,1.641,0.151
667.345,0.761,1.641,0.151
667.456,0.761,1.641,0.151
667.567,0.761,1.641,0.151
667.678,0.761,1.641,0.151
667.790,0.761,1.641,0.151
667.901,0.761,1.641,0.151
668.012,0.761,1.641,0.151
668.123,0.761,1.641,0.151
668.234,0.761,1.641,0.151
668.345,0.761,1.641,0.151
668.456,0.761,1.641,0.151
668.568,0.761,1.641,0.151
668.678,0.761,1.641,0.151
668.789,0.761,1.641,0.151
668.900,0.761,1.641,0.151
669.011,0.761,1.641,0.151
669.122,0.761,1.641,0.151
669.234,0.761,1.641,0.151
669.345,0.761,1.641,0.151
669.456,0.761,1.641,0.151
669.567,0.761,1.641,0.151
669.678,0.761,1.641,0.151
669.789,0.761,1.641,0.151
669.900,0.761,1.641,0.151
670.012,0.761,1.641,0.151
670.123,0.761,1.641,0.151
670.234,0.761,1.641,0.151
670.345,0.761,1.641,0.151
670.456,0.761,1.641,0.151
670.567,0.761,1.641,0.151
670.678,0.761,1.641,0.151
670.789,0.761,1.641,0.151
670.900,0.761,1.641,0.151
671.012,0.761,1.641,0.151
671.122,0.761,1.641,0.151
671.234,0.761,1.641,0.151
671.345,0.761,1.641,0.151
671.456,0.761,1.641,0.151
671.567,0.761,1.641,0.151
671.678,0.761,1.641,0.151
671.789,0.761,1.641,0.151
671.900,0.761,1.641,0.151
672.011,0.761,1.641,0.151
672.122,0.761,1.641,0.151
672.234,0.761,1.641,0.151
672.345,0.761,1.641,0.151
672.456,0.761,1.641,0.151
672.567,0.761,1.641,0.151
672.678,0.761,1.641,0.151
672.789,0.761,1.641,0.151
672.900,0.761,1.641,0.151
673.011,0.761,1.641,0.151
673.123,0.761,1.641,0.151
673.234,0.761,1.641,0.151
673.345,0.761,1.641,0.151
673.456,0.761,1.641,0.151
673.567,0.761,1.641,0.151
673.678,0.761,1.641,0.150
673.789,0.761,1.641,0.150
673.900,0.761,1.641,0.150
674.011,0.761,1.641,0.150
674.122,0.761,1.641,0.150
674.234,0.761,1.641,0.150
674.345,0.761,1.641,0.150
674.456,0.761,1.642,0.150
674.567,0.761,1.642,0.150
674.678,0.761,1.642,0.150
674.789,0.761,1.642,0.150
674.900,0.761,1.642,0.151
675.011,0.761,1.641,0.150
675.122,0.761,1.641,0.150
675.234,0.761,1.641,0.150
675.345,0.762,1.641,0.150
675.456,0.762,1.641,0.150
675.567,0.761,1.641,0.150
675.678,0.761,1.641,0.150
675.789,0.761,1.641,0.150
675.900,0.761,1.641,0.150
676.011,0.761,1.641,0.150
676.122,0.761,1.641,0.150
676.234,0.761,1.641,0.150
676.345,0.761,1.641,0.150
676.456,0.761,1.641,0.150
676.567,0.761,1.641,0.150
676.678,0.761,1.641,0.150
676.789,0.761,1.641,0.150
676.900,0.761,1.641,0.150
677.011,0.761,1.641,0.151
677.122,0.761,1.641,0.151
677.234,0.761,1.641,0.151
677.344,0.761,1.641,0.151
677.456,0.761,1.641,0.151
677.567,0.761,1.641,0.151
677.678,0.761,1.641,0.151
677.789,0.761,1.641,0.151
677.900,0.761,1.641,0.150
678.011,0.761,1.641,0.151
678.122,0.761,1.641,0.151
678.233,0.761,1.641,0.150
678.344,0.761,1.641,0.151
678.455,0.761,1.641,0.151
678.566,0.761,1.641,0.151
678.677,0.761,1.641,0.151
678.789,0.761,1.641,0.151
678.900,0.761,1.641,0.151
679.011,0.761,1.641,0.151
679.123,0.761,1.641,0.150
679.234,0.761,1.641,0.150
679.344,0.761,1.642,0.150
679.455,0.761,1.642,0.150
679.567,0.761,1.642,0.150
679.678,0.761,1.642,0.150
679.789,0.761,1.642,0.151
679.900,0.761,1.641,0.151
680.011,0.761,1.641,0.151
680.122,0.761,1.641,0.151
680.233,0.761,1.641,0.151
680.344,0.761,1.641,0.151
680.455,0.761,1.642,0.151
680.566,0.761,1.642,0.151
680.677,0.762,1.642,0.151
680.789,0.761,1.642,0.151
680.900,0.761,1.642,0.151
681.011,0.761,1.641,0.151
681.122,0.761,1.641,0.151
681.233,0.761,1.641,0.151
681.344,0.761,1.642,0.151
681.455,0.762,1.642,0.151
681.566,0.761,1.641,0.151
681.677,0.761,1.641,0.151
681.789,0.761,1.641,0.151
681.899,0.761,1.641,0.151
682.011,0.761,1.642,0.151
682.122,0.761,1.642,0.151
682.233,0.761,1.642,0.151
682.344,0.761,1.642,0.151
682.455,0.761,1.642,0.151
682.566,0.761,1.641,0.151
682.677,0.761,1.641,0.151
682.788,0.761,1.641,0.151
682.899,0.761,1.641,0.151
683.011,0.761,1.641,0.151
683.122,0.761,1.642,0.151
683.233,0.761,1.641,0.151
683.344,0.761,1.641,0.151
683.455,0.761,1.641,0.151
683.566,0.761,1.641,0.151
683.677,0.761,1.642,0.151
683.788,0.761,1.642,0.150
683.899,0.761,1.642,0.150
684.011,0.761,1.642,0.150
684.122,0.761,1.642,0.151
684.233,0.762,1.642,0.151
684.344,0.762,1.642,0.151
684.455,0.762,1.642,0.151
684.566,0.762,1.642,0.151
684.677,0.762,1.642,0.151
684.788,0.762,1.642,0.151
684.900,0.762,1.642,0.151
685.011,0.762,1.642,0.151
685.122,0.762,1.642,0.151
685.233,0.761,1.641,0.151
685.344,0.761,1.641,0.150
685.455,0.761,1.641,0.150
685.566,0.761,1.641,0.150
685.677,0.761,1.641,0.150
685.788,0.761,1.641,0.151
685.899,0.761,1.641,0.151
686.011,0.761,1.641,0.151
686.121,0.761,1.641,0.151
686.233,0.761,1.641,0.151
686.344,0.761,1.642,0.151
686.454,0.761,1.642,0.151
686.566,0.761,1.642,0.151
686.677,0.761,1.641,0.151
686.788,0.761,1.641,0.151
686.899,0.761,1.641,0.151
687.010,0.761,1.641,0.151
687.121,0.761,1.641,0.151
687.233,0.761,1.641,0.151
687.343,0.761,1.642,0.151
687.455,0.761,1.641,0.151
687.566,0.761,1.642,0.151
687.677,0.761,1.641,0.151
687.788,0.761,1.641,0.151
687.899,0.761,1.641,0.151
688.011,0.761,1.641,0.151
688.121,0.761,1.641,0.151
688.233,0.761,1.641,0.151
688.344,0.761,1.641,0.151
688.455,0.761,1.641,0.151
688.566,0.761,1.641,0.151
688.677,0.761,1.641,0.151
688.788,0.761,1.641,0.151
688.899,0.761,1.641,0.151
689.010,0.761,1.641,0.151
689.121,0.761,1.641,0.151
689.232,0.761,1.641,0.151
689.343,0.761,1.641,0.151
689.455,0.761,1.641,0.151
689.566,0.761,1.641,0.151
689.677,0.761,1.641,0.151
689.788,0.761,1.641,0.151
689.899,0.761,1.641,0.151
690.010,0.761,1.641,0.151
690.121,0.761,1.641,0.151
690.232,0.761,1.641,0.151
690.343,0.761,1.641,0.151
690.454,0.761,1.641,0.151
690.565,0.761,1.641,0.151
690.677,0.761,1.641,0.151
690.788,0.761,1.641,0.151
690.899,0.761,1.641,0.151
691.010,0.761,1.641,0.151
691.121,0.761,1.641,0.151
691.232,0.761,1.642,0.151
691.343,0.761,1.641,0.151
691.454,0.761,1.641,0.151
691.565,0.762,1.641,0.151
691.676,0.761,1.641,0.151
691.788,0.762,1.641,0.151
691.899,0.761,1.641,0.151
692.010,0.761,1.641,0.151
692.121,0.761,1.641,0.151
692.232,0.761,1.641,0.151
692.343,0.761,1.641,0.151
692.454,0.761,1.641,0.151
692.565,0.761,1.641,0.151
692.677,0.761,1.641,0.151
692.788,0.761,1.642,0.151
692.899,0.761,1.642,0.151
693.010,0.761,1.641,0.151
693.121,0.761,1.641,0.151
693.232,0.761,1.641,0.151
693.343,0.761,1.641,0.151
693.454,0.761,1.641,0.151
693.565,0.761,1.641,0.151
693.676,0.761,1.641,0.151
693.788,0.761,1.641,0.151
693.899,0.761,1.641,0.151
694.010,0.761,1.641,0.151
694.121,0.762,1.641,0.151
694.232,0.761,1.641,0.151
694.343,0.761,1.641,0.151
694.454,0.761,1.641,0.151
694.565,0.761,1.641,0.151
694.677,0.761,1.641,0.151
694.788,0.761,1.641,0.151
694.898,0.761,1.641,0.151
695.009,0.761,1.641,0.151
695.121,0.761,1.641,0.151
695.232,0.761,1.641,0.151
695.343,0.761,1.641,0.151
695.454,0.761,1.641,0.151
695.565,0.761,1.641,0.151
695.676,0.761,1.641,0.151
695.788,0.761,1.641,0.151
695.898,0.761,1.641,0.151
696.010,0.761,1.641,0.151
696.121,0.761,1.641,0.151
696.232,0.761,1.641,0.151
696.343,0.761,1.641,0.151
696.454,0.761,1.641,0.151
696.565,0.761,1.641,0.151
696.676,0.761,1.641,0.151
696.787,0.761,1.641,0.151
696.898,0.761,1.641,0.151
697.010,0.761,1.641,0.151
697.121,0.761,1.641,0.151
697.232,0.761,1.641,0.151
697.343,0.761,1.641,0.151
697.454,0.761,1.641,0.151
697.565,0.761,1.641,0.151
697.676,0.761,1.641,0.151
697.787,0.761,1.641,0.151
697.898,0.761,1.641,0.151
698.010,0.761,1.641,0.151
698.120,0.761,1.641,0.151
698.231,0.761,1.641,0.151
698.343,0.761,1.641,0.151
698.454,0.761,1.641,0.151
698.565,0.761,1.641,0.151
698.676,0.761,1.641,0.151
698.787,0.761,1.641,0.151
698.898,0.761,1.641,0.151
699.009,0.761,1.641,0.151
699.120,0.761,1.641,0.151
699.232,0.761,1.641,0.151
699.342,0.761,1.641,0.151
699.454,0.761,1.641,0.151
699.565,0.761,1.641,0.151
699.676,0.761,1.641,0.151
699.787,0.761,1.641,0.151
699.898,0.761,1.641,0.151
700.010,0.761,1.641,0.151
700.120,0.761,1.641,0.151
700.232,0.761,1.641,0.151
700.343,0.762,1.641,0.151
700.454,0.761,1.641,0.151
700.565,0.761,1.641,0.151
700.676,0.761,1.641,0.151
700.787,0.761,1.641,0.151
700.898,0.761,1.641,0.151
701.009,0.761,1.641,0.151
701.120,0.761,1.641,0.151
701.232,0.761,1.641,0.151
701.342,0.761,1.641,0.151
701.454,0.761,1.641,0.151
701.565,0.761,1.641,0.151
701.676,0.761,1.641,0.151
701.787,0.761,1.641,0.151
701.898,0.761,1.641,0.151
702.009,0.761,1.642,0.151
702.120,0.761,1.642,0.151
702.231,0.761,1.641,0.151
702.342,0.761,1.641,0.151
702.454,0.761,1.641,0.151
702.565,0.761,1.641,0.151
702.676,0.761,1.641,0.151
702.787,0.761,1.641,0.151
702.898,0.761,1.641,0.151
703.009,0.761,1.641,0.151
703.120,0.761,1.641,0.151
703.231,0.761,1.641,0.151
703.342,0.761,1.641,0.151
703.454,0.761,1.641,0.151
703.564,0.761,1.641,0.151
703.676,0.761,1.641,0.151
703.787,0.761,1.641,0.151
703.898,0.761,1.641,0.151
704.009,0.761,1.641,0.151
704.120,0.761,1.641,0.151
704.231,0.761,1.641,0.151
704.342,0.761,1.641,0.151
704.453,0.761,1.641,0.151
704.565,0.761,1.641,0.151
704.675,0.761,1.641,0.151
704.787,0.761,1.641,0.151
704.897,0.761,1.642,0.151
705.009,0.762,1.641,0.151
705.120,0.761,1.641,0.151
705.232,0.761,1.641,0.151
705.342,0.761,1.641,0.151
705.453,0.762,1.641,0.151
705.564,0.762,1.641,0.151
705.675,0.762,1.641,0.151
705.787,0.762,1.641,0.151
705.898,0.762,1.641,0.151
706.009,0.762,1.641,0.151
706.120,0.762,1.641,0.151
706.231,0.762,1.641,0.151
706.342,0.761,1.641,0.151
706.453,0.761,1.641,0.151
706.564,0.761,1.641,0.150
706.675,0.761,1.641,0.150
706.786,0.761,1.641,0.151
706.898,0.761,1.641,0.151
707.009,0.761,1.641,0.151
707.120,0.761,1.641,0.151
707.231,0.761,1.641,0.151
707.342,0.761,1.641,0.151
707.453,0.761,1.641,0.151
707.564,0.761,1.641,0.151
707.675,0.762,1.641,0.151
707.787,0.762,1.641,0.151
707.897,0.762,1.641,0.151
708.009,0.762,1.641,0.151
708.120,0.761,1.641,0.151
708.231,0.761,1.641,0.151
708.342,0.761,1.641,0.151
708.453,0.761,1.641,0.151
708.564,0.761,1.641,0.151
708.675,0.761,1.641,0.151
708.786,0.761,1.641,0.151
708.898,0.761,1.641,0.151
709.008,0.761,1.641,0.151
709.119,0.761,1.641,0.151
709.231,0.761,1.641,0.151
709.342,0.761,1.641,0.151
709.453,0.761,1.641,0.151
709.564,0.761,1.641,0.151
709.675,0.761,1.641,0.151
709.786,0.761,1.641,0.151
709.897,0.761,1.641,0.151
710.008,0.761,1.641,0.151
710.119,0.761,1.641,0.151
710.231,0.761,1.641,0.151
710.342,0.761,1.641,0.151
710.453,0.761,1.641,0.151
710.564,0.761,1.641,0.151
710.676,0.761,1.641,0.151
710.786,0.761,1.641,0.151
710.897,0.761,1.641,0.151
711.008,0.761,1.641,0.151
711.119,0.761,1.641,0.151
711.231,0.761,1.641,0.151
711.341,0.761,1.641,0.151
711.453,0.761,1.641,0.151
711.564,0.761,1.641,0.151
711.675,0.761,1.641,0.151
711.786,0.761,1.641,0.151
711.897,0.761,1.641,0.151
712.008,0.761,1.641,0.151
712.119,0.761,1.641,0.151
712.231,0.761,1.641,0.151
712.341,0.761,1.641,0.151
712.453,0.761,1.641,0.151
712.564,0.761,1.641,0.151
712.675,0.761,1.641,0.151
712.786,0.761,1.641,0.151
712.897,0.761,1.641,0.151
713.008,0.761,1.641,0.151
713.119,0.761,1.641,0.151
713.231,0.761,1.641,0.151
713.341,0.761,1.641,0.151
713.453,0.762,1.641,0.151
713.564,0.761,1.641,0.151
713.675,0.761,1.641,0.151
713.786,0.761,1.641,0.151
713.897,0.761,1.641,0.151
714.008,0.761,1.641,0.151
714.119,0.761,1.641,0.151
714.231,0.761,1.641,0.151
714.341,0.761,1.641,0.151
714.453,0.761,1.641,0.151
714.564,0.761,1.641,0.151
714.675,0.761,1.641,0.151
714.786,0.761,1.641,0.151
714.897,0.761,1.641,0.151
715.008,0.761,1.641,0.151
715.119,0.761,1.641,0.151
715.231,0.761,1.641,0.151
715.341,0.761,1.641,0.151
715.453,0.761,1.641,0.151
715.563,0.761,1.641,0.151
715.675,0.761,1.641,0.151
715.786,0.761,1.641,0.151
715.897,0.761,1.641,0.151
716.008,0.761,1.641,0.151
716.119,0.761,1.641,0.151
716.231,0.761,1.641,0.151
716.341,0.761,1.641,0.151
716.452,0.761,1.641,0.151
716.564,0.761,1.641,0.151
716.675,0.761,1.641,0.151
716.786,0.761,1.641,0.151
716.897,0.761,1.641,0.151
717.008,0.761,1.641,0.151
717.119,0.761,1.641,0.151
717.230,0.761,1.641,0.151
717.341,0.761,1.641,0.151
717.452,0.762,1.641,0.151
717.563,0.762,1.641,0.151
717.674,0.761,1.641,0.151
717.786,0.761,1.641,0.151
717.897,0.761,1.641,0.151
718.008,0.761,1.641,0.151
718.119,0.761,1.641,0.151
718.231,0.761,1.641,0.151
718.341,0.761,1.641,0.151
718.452,0.761,1.641,0.151
718.563,0.761,1.641,0.151
718.674,0.761,1.641,0.151
718.785,0.761,1.641,0.151
718.897,0.761,1.641,0.151
719.007,0.761,1.641,0.151
719.119,0.761,1.641,0.151
719.230,0.761,1.641,0.151
719.341,0.761,1.641,0.151
719.452,0.761,1.641,0.151
719.563,0.761,1.641,0.151
719.674,0.761,1.641,0.151
719.786,0.761,1.641,0.151
719.897,0.761,1.641,0.151
720.008,0.761,1.641,0.151
720.119,0.761,1.641,0.151
720.230,0.761,1.641,0.151
720.341,0.762,1.641,0.151
720.452,0.761,1.641,0.151
720.563,0.761,1.641,0.151
720.674,0.761,1.641,0.151
720.785,0.761,1.641,0.151
720.896,0.761,1.641,0.151
721.007,0.761,1.641,0.151
721.119,0.761,1.641,0.151
721.230,0.761,1.641,0.151
721.341,0.761,1.641,0.151
721.452,0.761,1.641,0.151
721.563,0.761,1.641,0.151
721.674,0.761,1.641,0.151
721.785,0.761,1.641,0.151
721.896,0.761,1.641,0.151
722.007,0.761,1.641,0.151
722.118,0.761,1.641,0.151
722.230,0.761,1.641,0.151
722.341,0.761,1.641,0.151
722.452,0.761,1.641,0.151
722.563,0.761,1.641,0.151
722.674,0.761,1.641,0.151
722.785,0.761,1.641,0.151
722.896,0.761,1.641,0.151
723.007,0.761,1.641,0.151
723.118,0.761,1.641,0.151
723.230,0.761,1.641,0.151
723.340,0.761,1.641,0.151
723.452,0.761,1.641,0.151
723.563,0.761,1.641,0.151
723.674,0.761,1.641,0.151
723.785,0.761,1.641,0.151
723.896,0.761,1.641,0.151
724.007,0.761,1.641,0.151
724.118,0.761,1.641,0.151
724.229,0.761,1.641,0.151
724.341,0.761,1.641,0.151
724.452,0.761,1.641,0.151
724.563,0.761,1.641,0.151
724.674,0.761,1.641,0.151
724.785,0.761,1.641,0.151
724.896,0.761,1.641,0.151
725.007,0.761,1.641,0.151
725.118,0.761,1.641,0.151
725.230,0.761,1.641,0.151
725.340,0.761,1.641,0.151
725.452,0.761,1.641,0.151
725.563,0.761,1.641,0.151
725.674,0.761,1.641,0.151
725.785,0.761,1.641,0.151
725.896,0.761,1.641,0.151
726.007,0.761,1.641,0.151
726.118,0.761,1.641,0.151
726.229,0.761,1.641,0.151
726.340,0.761,1.641,0.151
726.452,0.761,1.641,0.151
726.563,0.761,1.641,0.151
726.674,0.761,1.641,0.151
726.785,0.762,1.641,0.151
726.896,0.762,1.641,0.151
727.007,0.762,1.641,0.151
727.118,0.762,1.641,0.151
727.229,0.761,1.641,0.151
727.340,0.762,1.641,0.151
727.452,0.761,1.641,0.151
727.562,0.761,1.641,0.151
727.674,0.761,1.641,0.151
727.785,0.761,1.641,0.151
727.896,0.761,1.641,0.150
728.007,0.761,1.641,0.150
728.118,0.761,1.641,0.151
728.229,0.761,1.641,0.151
728.340,0.761,1.641,0.151
728.452,0.761,1.641,0.151
728.562,0.761,1.641,0.151
728.674,0.761,1.641,0.151
728.785,0.761,1.641,0.151
728.896,0.761,1.641,0.151
729.007,0.761,1.641,0.151
729.118,0.761,1.641,0.151
729.229,0.761,1.641,0.151
729.340,0.761,1.641,0.151
729.452,0.761,1.641,0.151
729.562,0.761,1.641,0.151
729.674,0.761,1.641,0.151
729.785,0.761,1.641,0.151
729.896,0.761,1.641,0.151
730.007,0.761,1.641,0.151
730.118,0.761,1.641,0.151
730.229,0.761,1.641,0.151
730.340,0.761,1.641,0.151
730.451,0.761,1.641,0.151
730.563,0.761,1.641,0.151
730.674,0.761,1.641,0.151
730.785,0.761,1.641,0.151
730.896,0.761,1.641,0.151
731.007,0.761,1.641,0.151
731.118,0.761,1.641,0.151
731.229,0.761,1.641,0.151
731.340,0.761,1.641,0.151
731.452,0.761,1.641,0.151
731.562,0.761,1.641,0.151
731.674,0.761,1.641,0.151
731.784,0.761,1.641,0.151
731.896,0.761,1.641,0.151
732.007,0.761,1.641,0.151
732.118,0.761,1.641,0.151
732.229,0.761,1.641,0.151
732.340,0.761,1.641,0.151
732.452,0.761,1.641,0.151
732.562,0.761,1.641,0.151
732.674,0.761,1.641,0.151
732.784,0.761,1.641,0.151
732.896,0.761,1.641,0.151
733.007,0.761,1.641,0.151
733.118,0.761,1.641,0.151
733.229,0.761,1.641,0.151
733.340,0.761,1.641,0.151
733.451,0.761,1.641,0.151
733.562,0.761,1.641,0.151
733.674,0.761,1.641,0.151
733.785,0.761,1.641,0.151
733.896,0.761,1.641,0.151
734.007,0.761,1.641,0.151
734.118,0.761,1.641,0.151
734.229,0.761,1.641,0.151
734.340,0.761,1.641,0.151
734.451,0.761,1.641,0.151
734.562,0.761,1.641,0.151
734.673,0.761,1.641,0.151
734.784,0.761,1.641,0.151
734.896,0.761,1.641,0.151
735.007,0.761,1.641,0.151
735.118,0.761,1.641,0.151
735.229,0.761,1.641,0.151
735.340,0.761,1.641,0.151
735.451,0.761,1.641,0.151
735.562,0.761,1.641,0.151
735.673,0.761,1.641,0.151
735.784,0.761,1.641,0.151
735.895,0.761,1.641,0.151
736.007,0.761,1.641,0.151
736.118,0.761,1.641,0.151
736.229,0.761,1.641,0.151
736.340,0.761,1.641,0.151
736.451,0.761,1.641,0.151
736.562,0.761,1.641,0.151
736.673,0.761,1.641,0.151
736.784,0.761,1.641,0.151
736.895,0.761,1.641,0.151
737.006,0.761,1.641,0.151
737.117,0.761,1.641,0.151
737.229,0.761,1.641,0.151
737.340,0.761,1.641,0.151
737.451,0.761,1.641,0.151
737.562,0.761,1.641,0.151
737.673,0.761,1.641,0.151
737.784,0.761,1.641,0.151
737.895,0.761,1.641,0.151
738.006,0.761,1.641,0.151
738.118,0.761,1.641,0.151
738.229,0.761,1.641,0.151
738.340,0.761,1.641,0.151
738.451,0.761,1.641,0.151
738.562,0.761,1.641,0.151
738.673,0.761,1.641,0.151
738.784,0.761,1.641,0.151
738.895,0.761,1.641,0.151
739.006,0.761,1.641,0.151
739.117,0.761,1.641,0.151
739.228,0.762,1.641,0.151
739.339,0.762,1.641,0.151
739.451,0.762,1.641,0.151
739.562,0.762,1.641,0.151
739.673,0.762,1.641,0.151
739.784,0.762,1.641,0.151
739.895,0.762,1.641,0.151
740.006,0.762,1.641,0.151
740.117,0.762,1.641,0.151
740.228,0.762,1.641,0.151
740.340,0.762,1.641,0.151
740.451,0.762,1.641,0.151
740.562,0.761,1.641,0.151
740.673,0.762,1.641,0.151
740.784,0.762,1.641,0.151
740.895,0.761,1.641,0.151
741.006,0.761,1.641,0.151
741.117,0.761,1.641,0.151
741.228,0.761,1.641,0.151
741.339,0.761,1.641,0.151
741.451,0.761,1.641,0.151
741.562,0.761,1.641,0.151
741.673,0.761,1.641,0.151
741.784,0.761,1.641,0.151
741.895,0.761,1.641,0.151
742.006,0.761,1.641,0.151
742.117,0.761,1.641,0.151
742.228,0.761,1.641,0.151
742.339,0.762,1.641,0.151
742.450,0.762,1.641,0.151
742.561,0.762,1.641,0.151
742.673,0.762,1.641,0.151
742.784,0.762,1.641,0.151
742.895,0.762,1.641,0.151
743.006,0.762,1.641,0.151
743.117,0.762,1.641,0.151
743.228,0.762,1.641,0.151
743.339,0.761,1.641,0.151
743.450,0.761,1.641,0.151
743.561,0.762,1.641,0.151
743.673,0.761,1.641,0.151
743.784,0.761,1.641,0.151
743.895,0.761,1.641,0.151
744.006,0.761,1.641,0.151
744.117,0.761,1.641,0.151
744.228,0.761,1.641,0.151
744.339,0.761,1.641,0.151
744.450,0.761,1.641,0.151
744.561,0.761,1.641,0.151
744.672,0.762,1.641,0.151
744.783,0.761,1.641,0.151
744.895,0.762,1.641,0.151
745.006,0.761,1.641,0.151
745.116,0.761,1.641,0.151
745.228,0.761,1.641,0.151
745.339,0.761,1.641,0.151
745.450,0.761,1.641,0.151
745.561,0.761,1.641,0.151
745.672,0.761,1.641,0.151
745.783,0.761,1.641,0.151
745.895,0.762,1.641,0.151
746.006,0.762,1.641,0.151
746.117,0.762,1.641,0.151
746.228,0.762,1.641,0.151
746.339,0.761,1.641,0.151
746.450,0.762,1.641,0.151
746.561,0.761,1.641,0.151
746.673,0.761,1.641,0.151
746.783,0.761,1.641,0.151
746.894,0.762,1.641,0.151
747.006,0.762,1.641,0.151
747.117,0.762,1.641,0.151
747.228,0.762,1.641,0.151
747.339,0.762,1.641,0.151
747.450,0.762,1.641,0.151
747.561,0.762,1.641,0.151
747.672,0.761,1.641,0.151
747.783,0.761,1.641,0.151
747.894,0.761,1.641,0.151
748.005,0.762,1.641,0.151
748.117,0.762,1.641,0.151
748.228,0.762,1.641,0.151
748.339,0.762,1.641,0.151
748.450,0.762,1.641,0.151
748.561,0.762,1.641,0.151
748.672,0.761,1.641,0.151
748.783,0.761,1.641,0.151
748.895,0.762,1.641,0.151
749.005,0.762,1.641,0.151
749.117,0.762,1.641,0.151
749.228,0.761,1.641,0.150
749.339,0.761,1.641,0.151
749.450,0.761,1.641,0.151
749.561,0.761,1.641,0.151
749.672,0.761,1.641,0.151
749.783,0.761,1.641,0.151
749.894,0.761,1.641,0.151
750.005,0.762,1.641,0.151
750.116,0.762,1.641,0.151
750.228,0.762,1.641,0.151
750.339,0.762,1.641,0.151
750.450,0.762,1.641,0.151
750.561,0.762,1.641,0.151
750.672,0.762,1.641,0.151
750.783,0.762,1.641,0.151
750.894,0.762,1.641,0.151
751.005,0.762,1.641,0.151
751.116,0.762,1.641,0.151
751.228,0.762,1.641,0.151
751.338,0.761,1.641,0.151
751.450,0.762,1.641,0.151
751.561,0.761,1.641,0.151
751.672,0.761,1.641,0.151
751.783,0.761,1.641,0.151
751.894,0.762,1.641,0.151
752.004,0.762,1.641,0.151
752.116,0.761,1.641,0.151
752.227,0.761,1.641,0.151
752.338,0.761,1.641,0.151
752.449,0.761,1.641,0.151
752.560,0.762,1.641,0.151
752.671,0.762,1.641,0.151
752.783,0.762,1.641,0.151
752.894,0.762,1.641,0.151
753.005,0.762,1.641,0.151
753.116,0.762,1.641,0.151
753.227,0.762,1.641,0.151
753.338,0.762,1.641,0.151
753.449,0.762,1.641,0.151
753.561,0.762,1.641,0.151
753.672,0.761,1.641,0.151
753.783,0.761,1.641,0.151
753.894,0.761,1.641,0.151
754.005,0.761,1.641,0.151
754.117,0.761,1.641,0.151
754.227,0.761,1.641,0.151
754.338,0.761,1.641,0.151
754.450,0.761,1.641,0.151
754.561,0.761,1.641,0.151
754.672,0.761,1.641,0.151
754.783,0.761,1.641,0.151
754.894,0.761,1.641,0.151
755.005,0.761,1.641,0.151
755.116,0.762,1.641,0.151
755.227,0.762,1.641,0.151
755.338,0.762,1.641,0.151
755.450,0.762,1.641,0.151
755.560,0.762,1.641,0.151
755.672,0.761,1.641,0.151
755.783,0.761,1.641,0.151
755.894,0.761,1.641,0.151
756.005,0.761,1.641,0.151
756.116,0.761,1.641,0.151
756.227,0.762,1.641,0.151
756.338,0.762,1.641,0.151
756.449,0.762,1.641,0.151
756.560,0.761,1.641,0.151
756.671,0.761,1.641,0.151
756.782,0.761,1.641,0.151
756.894,0.761,1.641,0.151
757.005,0.761,1.641,0.151
757.116,0.761,1.641,0.151
757.227,0.761,1.641,0.151
757.338,0.761,1.641,0.151
757.449,0.761,1.641,0.151
757.560,0.761,1.641,0.151
757.672,0.761,1.641,0.151
757.782,0.762,1.641,0.151
757.893,0.762,1.641,0.151
758.005,0.762,1.641,0.151
758.116,0.762,1.641,0.151
758.227,0.762,1.641,0.151
758.339,0.762,1.641,0.151
758.449,0.762,1.642,0.151
758.560,0.762,1.642,0.151
758.671,0.762,1.642,0.151
758.783,0.762,1.642,0.151
758.894,0.762,1.641,0.151
759.005,0.762,1.641,0.151
759.116,0.762,1.642,0.151
759.227,0.762,1.641,0.151
759.338,0.762,1.641,0.151
759.449,0.762,1.641,0.151
759.560,0.762,1.642,0.151
759.672,0.762,1.641,0.151
759.783,0.762,1.642,0.151
759.894,0.762,1.641,0.151
760.005,0.762,1.641,0.151
760.116,0.761,1.641,0.151
760.227,0.761,1.641,0.151
760.338,0.761,1.641,0.151
760.449,0.761,1.641,0.151
760.560,0.761,1.641,0.151
760.671,0.761,1.641,0.151
760.782,0.761,1.641,0.151
760.893,0.761,1.641,0.151
761.005,0.761,1.641,0.151
761.116,0.761,1.641,0.151
761.227,0.761,1.641,0.151
761.338,0.761,1.641,0.151
761.449,0.761,1.641,0.151
761.560,0.761,1.641,0.151
761.671,0.761,1.641,0.151
761.782,0.761,1.641,0.151
761.894,0.761,1.641,0.151
762.005,0.761,1.641,0.151
762.116,0.762,1.641,0.151
762.227,0.762,1.641,0.151
762.338,0.762,1.641,0.151
762.449,0.762,1.641,0.151
762.560,0.762,1.641,0.151
762.671,0.762,1.641,0.151
762.782,0.762,1.641,0.151
762.893,0.762,1.641,0.151
763.005,0.762,1.641,0.151
763.116,0.762,1.641,0.151
763.227,0.762,1.641,0.151
763.338,0.762,1.641,0.151
763.449,0.762,1.641,0.151
763.560,0.761,1.641,0.151
763.671,0.761,1.641,0.151
763.782,0.761,1.641,0.151
763.893,0.761,1.641,0.151
764.004,0.761,1.641,0.151
764.116,0.761,1.641,0.151
764.226,0.761,1.641,0.151
764.338,0.761,1.641,0.151
764.448,0.761,1.641,0.151
764.559,0.761,1.641,0.151
764.671,0.761,1.641,0.151
764.781,0.761,1.641,0.151
764.893,0.761,1.641,0.151
765.004,0.761,1.641,0.151
765.115,0.761,1.641,0.151
765.226,0.761,1.641,0.151
765.337,0.761,1.641,0.151
765.448,0.761,1.641,0.151
765.560,0.762,1.641,0.151
765.671,0.761,1.641,0.151
765.782,0.761,1.641,0.151
765.893,0.761,1.641,0.151
766.004,0.761,1.641,0.151
766.115,0.761,1.641,0.151
766.226,0.761,1.641,0.151
766.337,0.761,1.641,0.151
766.448,0.761,1.641,0.151
766.560,0.761,1.641,0.151
766.671,0.761,1.641,0.151
766.782,0.761,1.641,0.151
766.893,0.761,1.641,0.151
767.004,0.761,1.641,0.151
767.115,0.761,1.641,0.151
767.227,0.761,1.641,0.151
767.337,0.762,1.641,0.151
767.448,0.762,1.641,0.151
767.559,0.762,1.641,0.151
767.671,0.762,1.641,0.151
767.782,0.762,1.641,0.151
767.893,0.762,1.641,0.151
768.004,0.762,1.641,0.151
768.115,0.762,1.641,0.151
768.226,0.762,1.641,0.151
768.338,0.762,1.641,0.151
768.448,0.761,1.641,0.151
768.560,0.761,1.641,0.151
768.671,0.761,1.641,0.151
768.782,0.761,1.641,0.151
768.893,0.761,1.641,0.151
769.004,0.761,1.641,0.151
769.115,0.761,1.641,0.151
769.226,0.761,1.641,0.151
769.337,0.761,1.641,0.151
769.448,0.762,1.641,0.152
769.560,0.762,1.641,0.151
769.671,0.762,1.641,0.151
769.782,0.762,1.641,0.151
769.893,0.762,1.641,0.151
770.004,0.762,1.641,0.151
770.115,0.762,1.641,0.151
770.226,0.762,1.641,0.151
770.337,0.762,1.641,0.151
770.448,0.762,1.641,0.150
770.559,0.762,1.641,0.150
770.671,0.761,1.641,0.150
770.781,0.761,1.641,0.151
770.893,0.761,1.641,0.151
771.004,0.761,1.641,0.151
771.115,0.761,1.641,0.151
771.226,0.761,1.641,0.151
771.337,0.761,1.641,0.151
771.448,0.761,1.641,0.151
771.559,0.761,1.641,0.151
771.671,0.761,1.641,0.151
771.781,0.761,1.641,0.151
771.893,0.761,1.641,0.151
772.004,0.762,1.641,0.151
772.115,0.761,1.641,0.151
772.226,0.761,1.641,0.151
772.337,0.762,1.641,0.151
772.448,0.761,1.641,0.151
772.559,0.761,1.641,0.151
772.671,0.761,1.641,0.151
772.781,0.761,1.641,0.151
772.893,0.761,1.641,0.151
773.004,0.762,1.641,0.151
773.115,0.762,1.641,0.151
773.226,0.762,1.641,0.151
773.337,0.762,1.641,0.151
773.450,0.762,1.641,0.151
773.559,0.761,1.641,0.151
773.671,0.761,1.641,0.151
773.781,0.761,1.641,0.151
773.893,0.761,1.641,0.151
774.003,0.761,1.641,0.151
774.115,0.761,1.641,0.151
774.226,0.761,1.641,0.151
774.337,0.762,1.641,0.151
774.448,0.762,1.641,0.151
774.558,0.762,1.641,0.151
774.670,0.762,1.641,0.151
774.781,0.762,1.641,0.151
774.892,0.762,1.641,0.151
775.003,0.762,1.641,0.151
775.115,0.762,1.641,0.151
775.226,0.762,1.641,0.151
775.337,0.762,1.641,0.151
775.448,0.762,1.641,0.151
775.559,0.762,1.641,0.151
775.670,0.762,1.641,0.151
775.781,0.762,1.641,0.151
775.892,0.762,1.641,0.151
776.003,0.761,1.641,0.151
776.115,0.762,1.641,0.151
776.225,0.761,1.641,0.151
776.337,0.761,1.641,0.151
776.448,0.761,1.641,0.151
776.559,0.761,1.641,0.151
776.670,0.761,1.641,0.151
776.781,0.761,1.641,0.151
776.892,0.761,1.641,0.151
777.003,0.761,1.641,0.151
777.115,0.761,1.641,0.151
777.226,0.761,1.641,0.151
777.337,0.762,1.641,0.151
777.448,0.762,1.641,0.151
777.559,0.762,1.641,0.151
777.670,0.761,1.641,0.151
777.781,0.762,1.641,0.151
777.892,0.761,1.641,0.151
778.003,0.762,1.641,0.151
778.115,0.762,1.641,0.151
778.225,0.762,1.641,0.151
778.337,0.762,1.641,0.151
778.448,0.762,1.641,0.151
778.559,0.761,1.641,0.151
778.670,0.761,1.641,0.151
778.781,0.761,1.641,0.151
778.892,0.761,1.641,0.151
779.003,0.761,1.641,0.151
779.114,0.761,1.641,0.151
779.226,0.761,1.641,0.151
779.336,0.762,1.641,0.151
779.448,0.761,1.641,0.151
779.559,0.762,1.641,0.151
779.670,0.761,1.641,0.151
779.781,0.761,1.641,0.151
779.892,0.762,1.641,0.151
780.003,0.762,1.641,0.151
780.114,0.762,1.641,0.151
780.226,0.761,1.641,0.151
780.337,0.762,1.641,0.151
780.447,0.761,1.641,0.151
780.559,0.761,1.641,0.151
780.670,0.761,1.641,0.151
780.781,0.761,1.641,0.151
780.892,0.761,1.641,0.151
781.003,0.761,1.641,0.151
781.114,0.761,1.641,0.151
781.225,0.761,1.641,0.151
781.336,0.761,1.641,0.151
781.447,0.761,1.641,0.151
781.558,0.761,1.641,0.151
781.670,0.762,1.641,0.151
781.781,0.762,1.641,0.151
781.892,0.762,1.641,0.151
782.003,0.761,1.641,0.151
782.114,0.762,1.641,0.151
782.225,0.762,1.641,0.151
782.336,0.762,1.641,0.151
782.447,0.762,1.641,0.151
782.559,0.762,1.641,0.151
782.670,0.762,1.641,0.151
782.781,0.762,1.641,0.151
782.892,0.762,1.641,0.151
783.003,0.762,1.641,0.151
783.114,0.762,1.641,0.151
783.225,0.762,1.641,0.151
783.337,0.762,1.641,0.151
783.447,0.762,1.641,0.151
783.558,0.761,1.641,0.151
783.669,0.761,1.641,0.151
783.781,0.761,1.641,0.151
783.892,0.761,1.641,0.151
784.003,0.761,1.641,0.151
784.114,0.761,1.641,0.151
784.225,0.762,1.641,0.151
784.337,0.762,1.641,0.151
784.447,0.762,1.641,0.151
784.558,0.762,1.641,0.151
784.670,0.762,1.641,0.151
784.780,0.762,1.641,0.151
784.892,0.762,1.641,0.151
785.003,0.762,1.641,0.151
785.114,0.762,1.641,0.151
785.225,0.762,1.641,0.151
785.336,0.762,1.641,0.151
785.447,0.762,1.641,0.151
785.558,0.762,1.641,0.151
785.669,0.762,1.641,0.151
785.780,0.762,1.641,0.151
785.892,0.762,1.641,0.151
786.003,0.762,1.641,0.151
786.114,0.762,1.641,0.151
786.225,0.762,1.641,0.151
786.336,0.761,1.641,0.151
786.447,0.762,1.641,0.151
786.558,0.762,1.641,0.151
786.669,0.762,1.641,0.151
786.780,0.762,1.641,0.151
786.892,0.762,1.641,0.151
787.003,0.762,1.641,0.151
787.114,0.762,1.641,0.151
787.225,0.762,1.641,0.151
787.336,0.762,1.641,0.151
787.447,0.761,1.641,0.151
787.558,0.762,1.641,0.151
787.669,0.762,1.641,0.151
787.780,0.761,1.641,0.151
787.891,0.761,1.641,0.151
788.002,0.762,1.641,0.151
788.114,0.761,1.641,0.151
788.224,0.761,1.641,0.151
788.336,0.761,1.641,0.151
788.447,0.761,1.641,0.151
788.558,0.761,1.641,0.151
788.669,0.761,1.641,0.151
788.780,0.761,1.641,0.151
788.891,0.761,1.641,0.151
789.002,0.761,1.641,0.151
789.114,0.761,1.641,0.151
789.225,0.761,1.641,0.151
789.336,0.761,1.641,0.151
789.447,0.761,1.641,0.151
789.558,0.761,1.641,0.151
789.669,0.762,1.641,0.151
789.780,0.761,1.641,0.151
789.891,0.762,1.641,0.151
790.002,0.762,1.641,0.151
790.114,0.762,1.641,0.151
790.224,0.762,1.641,0.151
790.335,0.762,1.641,0.151
790.446,0.762,1.641,0.151
790.558,0.761,1.641,0.151
790.669,0.762,1.641,0.151
790.780,0.762,1.641,0.151
790.891,0.762,1.641,0.151
791.002,0.762,1.641,0.151
791.113,0.762,1.641,0.151
791.224,0.762,1.641,0.151
791.335,0.762,1.641,0.151
791.446,0.762,1.641,0.151
791.557,0.762,1.641,0.151
791.669,0.761,1.641,0.151
791.780,0.761,1.641,0.151
791.891,0.761,1.641,0.151
792.002,0.761,1.641,0.151
792.114,0.761,1.641,0.151
792.224,0.761,1.641,0.151
792.335,0.761,1.641,0.151
792.446,0.761,1.641,0.151
792.558,0.762,1.641,0.151
792.669,0.762,1.641,0.151
792.780,0.762,1.641,0.151
792.891,0.762,1.641,0.151
793.002,0.762,1.641,0.151
793.113,0.762,1.641,0.151
793.224,0.762,1.641,0.151
793.335,0.762,1.641,0.151
793.447,0.762,1.641,0.151
793.558,0.762,1.641,0.151
793.669,0.762,1.641,0.151
793.780,0.762,1.641,0.151
793.891,0.762,1.641,0.151
794.002,0.762,1.641,0.151
794.113,0.762,1.641,0.151
794.224,0.761,1.641,0.151
794.335,0.761,1.641,0.151
794.446,0.761,1.641,0.151
794.557,0.761,1.641,0.151
794.669,0.762,1.641,0.151
794.780,0.761,1.641,0.151
794.891,0.761,1.641,0.151
795.002,0.761,1.641,0.151
795.113,0.761,1.641,0.151
795.224,0.761,1.641,0.151
795.335,0.761,1.641,0.151
795.446,0.761,1.641,0.151
795.557,0.761,1.641,0.151
795.668,0.761,1.641,0.151
795.780,0.761,1.641,0.151
795.891,0.761,1.641,0.151
796.001,0.762,1.641,0.151
796.113,0.762,1.641,0.151
796.224,0.762,1.641,0.151
796.335,0.762,1.641,0.151
796.446,0.762,1.641,0.151
796.557,0.762,1.641,0.151
796.669,0.762,1.641,0.151
796.779,0.762,1.641,0.151
796.891,0.762,1.641,0.151
797.002,0.762,1.641,0.151
797.113,0.762,1.641,0.151
797.224,0.762,1.641,0.151
797.335,0.762,1.641,0.151
797.446,0.762,1.641,0.151
797.557,0.762,1.641,0.151
797.668,0.762,1.641,0.151
797.780,0.762,1.641,0.151
797.890,0.762,1.641,0.151
798.001,0.762,1.641,0.151
798.113,0.761,1.641,0.151
798.224,0.762,1.641,0.151
798.335,0.762,1.641,0.151
798.446,0.761,1.641,0.151
798.557,0.761,1.641,0.151
798.668,0.761,1.641,0.151
798.779,0.761,1.641,0.151
798.890,0.761,1.641,0.151
799.001,0.761,1.641,0.151
799.113,0.761,1.641,0.151
799.224,0.762,1.641,0.151
799.335,0.762,1.641,0.151
799.446,0.762,1.641,0.151
799.557,0.761,1.641,0.151
799.668,0.762,1.641,0.151
799.780,0.761,1.641,0.151
799.891,0.761,1.641,0.151
800.001,0.762,1.641,0.151
800.113,0.762,1.641,0.151
800.224,0.762,1.641,0.151
800.335,0.762,1.641,0.151
800.446,0.762,1.641,0.151
800.557,0.762,1.641,0.151
800.668,0.762,1.641,0.151
800.779,0.762,1.641,0.151
800.890,0.761,1.641,0.151
801.002,0.761,1.641,0.151
801.113,0.761,1.641,0.151
801.224,0.761,1.642,0.151
801.335,0.762,1.641,0.151
801.446,0.762,1.641,0.151
801.557,0.761,1.641,0.151
801.668,0.762,1.641,0.151
801.779,0.762,1.641,0.151
801.890,0.762,1.641,0.151
802.001,0.762,1.641,0.151
802.113,0.762,1.641,0.151
802.224,0.762,1.641,0.151
802.335,0.762,1.641,0.151
802.446,0.762,1.641,0.151
802.557,0.762,1.641,0.151
802.668,0.762,1.641,0.151
802.779,0.762,1.641,0.151
802.890,0.762,1.641,0.151
803.001,0.762,1.641,0.151
803.113,0.762,1.641,0.151
803.224,0.762,1.641,0.151
803.335,0.762,1.641,0.151
803.446,0.762,1.641,0.151
803.557,0.762,1.641,0.151
803.668,0.762,1.641,0.151
803.779,0.762,1.641,0.151
803.890,0.762,1.641,0.151
804.001,0.762,1.641,0.151
804.112,0.762,1.641,0.151
804.223,0.762,1.641,0.151
804.335,0.762,1.641,0.151
804.445,0.762,1.641,0.151
804.557,0.761,1.641,0.151
804.668,0.761,1.641,0.151
804.779,0.761,1.641,0.151
804.890,0.761,1.641,0.151
805.001,0.761,1.641,0.151
805.112,0.761,1.641,0.151
805.223,0.761,1.641,0.151
805.334,0.761,1.641,0.151
805.445,0.761,1.641,0.151
805.557,0.761,1.641,0.151
805.668,0.761,1.641,0.151
805.779,0.761,1.641,0.151
805.890,0.762,1.642,0.151
806.001,0.762,1.641,0.151
806.112,0.762,1.641,0.151
806.223,0.762,1.641,0.151
806.335,0.762,1.641,0.151
806.445,0.762,1.641,0.151
806.557,0.762,1.641,0.151
806.668,0.762,1.641,0.151
806.779,0.762,1.641,0.151
806.890,0.762,1.641,0.151
807.001,0.762,1.641,0.151
807.112,0.761,1.641,0.151
807.223,0.761,1.641,0.151
807.335,0.761,1.641,0.151
807.445,0.761,1.641,0.151
807.556,0.761,1.641,0.151
807.668,0.761,1.641,0.151
807.779,0.762,1.641,0.151
807.890,0.762,1.641,0.151
808.001,0.762,1.641,0.151
808.112,0.762,1.641,0.151
808.223,0.762,1.641,0.151
808.334,0.762,1.641,0.151
808.445,0.762,1.641,0.151
808.556,0.762,1.641,0.151
808.668,0.761,1.641,0.151
808.779,0.762,1.641,0.151
808.890,0.762,1.641,0.151
809.001,0.762,1.641,0.151
809.112,0.761,1.641,0.151
809.223,0.762,1.641,0.151
809.334,0.762,1.641,0.151
809.445,0.762,1.641,0.151
809.556,0.762,1.641,0.151
809.667,0.762,1.641,0.151
809.779,0.761,1.641,0.151
809.890,0.762,1.641,0.151
810.001,0.762,1.641,0.151
810.112,0.762,1.641,0.151
810.223,0.762,1.641,0.151
810.334,0.762,1.641,0.151
810.445,0.762,1.641,0.151
810.557,0.762,1.641,0.151
810.668,0.762,1.641,0.151
810.778,0.762,1.641,0.151
810.889,0.762,1.641,0.151
811.000,0.762,1.641,0.151
811.112,0.761,1.641,0.151
811.223,0.762,1.641,0.151
811.334,0.762,1.641,0.151
811.445,0.761,1.641,0.151
811.556,0.762,1.641,0.151
811.667,0.761,1.641,0.151
811.778,0.761,1.641,0.151
811.889,0.762,1.641,0.151
812.001,0.762,1.641,0.151
812.112,0.761,1.641,0.151
812.223,0.762,1.641,0.151
812.334,0.762,1.641,0.151
812.445,0.762,1.641,0.151
812.556,0.762,1.641,0.151
812.667,0.762,1.641,0.151
812.778,0.762,1.641,0.151
812.889,0.761,1.641,0.151
813.000,0.761,1.641,0.151
813.112,0.761,1.641,0.151
813.223,0.761,1.641,0.151
813.334,0.761,1.641,0.151
813.445,0.761,1.641,0.151
813.556,0.761,1.641,0.151
813.667,0.762,1.641,0.151
813.778,0.761,1.641,0.151
813.889,0.762,1.641,0.151
814.000,0.762,1.641,0.151
814.112,0.762,1.641,0.151
814.223,0.762,1.641,0.151
814.334,0.762,1.641,0.151
814.445,0.762,1.641,0.151
814.556,0.762,1.641,0.151
814.667,0.762,1.641,0.151
814.777,0.762,1.641,0.151
814.889,0.762,1.641,0.151
815.000,0.762,1.641,0.151
815.111,0.762,1.641,0.151
815.222,0.761,1.641,0.151
815.334,0.762,1.641,0.151
815.445,0.761,1.641,0.151
815.556,0.761,1.641,0.151
815.667,0.761,1.641,0.151
815.778,0.761,1.641,0.151
815.889,0.761,1.641,0.151
816.000,0.761,1.641,0.151
816.112,0.761,1.641,0.151
816.222,0.761,1.641,0.151
816.334,0.761,1.641,0.151
816.445,0.761,1.641,0.151
816.556,0.761,1.641,0.151
816.667,0.761,1.641,0.151
816.778,0.762,1.641,0.151
816.889,0.762,1.641,0.151
817.000,0.761,1.641,0.151
817.111,0.762,1.641,0.151
817.223,0.761,1.641,0.151
817.334,0.762,1.641,0.151
817.445,0.762,1.641,0.151
817.556,0.762,1.641,0.151
817.667,0.761,1.641,0.151
817.778,0.762,1.641,0.151
817.889,0.761,1.641,0.151
818.001,0.761,1.641,0.151
818.111,0.761,1.641,0.151
818.222,0.761,1.641,0.151
818.334,0.761,1.641,0.151
818.445,0.761,1.641,0.151
818.556,0.761,1.641,0.151
818.667,0.761,1.642,0.151
818.778,0.762,1.641,0.151
818.889,0.762,1.641,0.151
819.000,0.762,1.641,0.151
819.111,0.761,1.641,0.151
819.222,0.761,1.641,0.151
819.333,0.762,1.641,0.151
819.444,0.762,1.641,0.151
819.556,0.762,1.641,0.151
819.667,0.762,1.641,0.151
819.778,0.761,1.641,0.151
819.889,0.761,1.641,0.151
820.000,0.761,1.641,0.151
820.111,0.761,1.641,0.151
820.222,0.761,1.641,0.151
820.334,0.761,1.642,0.151
820.444,0.761,1.642,0.151
820.555,0.761,1.642,0.151
820.667,0.761,1.642,0.151
820.778,0.762,1.641,0.151
820.889,0.762,1.642,0.151
821.000,0.762,1.642,0.151
821.111,0.762,1.641,0.151
821.222,0.762,1.641,0.151
821.333,0.762,1.641,0.151
821.444,0.762,1.641,0.151
821.555,0.762,1.641,0.151
821.666,0.762,1.641,0.151
821.777,0.762,1.641,0.151
821.888,0.762,1.641,0.151
822.000,0.762,1.641,0.151
822.111,0.762,1.641,0.151
822.222,0.762,1.641,0.151
822.333,0.762,1.641,0.151
822.444,0.761,1.641,0.151
822.555,0.761,1.641,0.151
822.666,0.762,1.641,0.151
822.777,0.762,1.641,0.151
822.889,0.762,1.641,0.151
823.000,0.762,1.641,0.151
823.111,0.762,1.641,0.151
823.222,0.762,1.641,0.151
823.333,0.762,1.641,0.151
823.444,0.762,1.641,0.151
823.555,0.762,1.641,0.151
823.666,0.762,1.641,0.151
823.777,0.762,1.641,0.151
823.888,0.761,1.641,0.151
824.000,0.761,1.641,0.151
824.111,0.761,1.641,0.151
824.222,0.761,1.641,0.151
824.333,0.761,1.642,0.151
824.444,0.762,1.641,0.151
824.555,0.761,1.641,0.151
824.667,0.762,1.641,0.151
824.777,0.762,1.641,0.151
824.888,0.761,1.641,0.151
825.000,0.761,1.641,0.151
825.111,0.761,1.641,0.151
825.222,0.761,1.641,0.151
825.333,0.761,1.641,0.151
825.444,0.761,1.641,0.151
825.555,0.761,1.641,0.151
825.666,0.761,1.641,0.151
825.778,0.761,1.642,0.151
825.889,0.761,1.641,0.151
826.000,0.761,1.641,0.151
826.111,0.761,1.641,0.151
826.222,0.761,1.641,0.151
826.333,0.761,1.641,0.151
826.444,0.761,1.641,0.151
826.555,0.761,1.641,0.151
826.666,0.762,1.641,0.151
826.777,0.762,1.641,0.151
826.888,0.762,1.641,0.151
826.999,0.762,1.641,0.151
827.110,0.762,1.641,0.151
827.221,0.762,1.641,0.151
827.333,0.762,1.641,0.151
827.444,0.762,1.641,0.151
827.555,0.762,1.641,0.151
827.666,0.762,1.641,0.151
827.777,0.762,1.641,0.151
827.888,0.762,1.641,0.151
827.999,0.762,1.641,0.151
828.110,0.762,1.641,0.151
828.221,0.762,1.641,0.151
828.333,0.762,1.641,0.151
828.444,0.762,1.641,0.151
828.555,0.762,1.641,0.151
828.666,0.762,1.641,0.151
828.777,0.762,1.641,0.151
828.888,0.761,1.641,0.151
828.999,0.761,1.641,0.151
829.111,0.761,1.641,0.151
829.221,0.761,1.641,0.151
829.333,0.761,1.641,0.151
829.444,0.761,1.641,0.151
829.555,0.761,1.641,0.151
829.666,0.761,1.641,0.151
829.777,0.761,1.641,0.151
829.888,0.761,1.641,0.151
829.999,0.761,1.641,0.151
830.111,0.761,1.641,0.151
830.221,0.761,1.641,0.151
830.333,0.761,1.641,0.151
830.444,0.761,1.641,0.151
830.555,0.761,1.641,0.151
830.666,0.761,1.641,0.151
830.777,0.761,1.641,0.151
830.888,0.761,1.642,0.151
830.999,0.761,1.641,0.151
831.109,0.761,1.642,0.151
831.221,0.761,1.641,0.151
831.332,0.761,1.641,0.151
831.443,0.761,1.641,0.151
831.555,0.761,1.641,0.151
831.665,0.761,1.641,0.151
831.777,0.761,1.642,0.151
831.888,0.762,1.642,0.151
831.999,0.762,1.642,0.151
832.110,0.762,1.641,0.151
832.221,0.761,1.641,0.151
832.332,0.761,1.641,0.151
832.443,0.761,1.641,0.151
832.554,0.761,1.641,0.151
832.666,0.765,1.639,0.153
832.777,0.772,1.637,0.156
832.888,0.775,1.638,0.154
832.999,0.776,1.644,0.150
833.110,0.738,1.671,0.122
833.221,0.664,1.740,0.054
833.332,0.596,1.836,-0.009
833.443,0.529,1.923,-0.045
833.554,0.455,2.000,-0.050
833.665,0.371,2.056,-0.040
833.776,0.283,2.095,-0.021
833.887,0.204,2.130,-0.008
833.998,0.146,2.165,-0.017
834.109,0.100,2.189,-0.041
834.220,0.072,2.207,-0.073
834.331,0.050,2.216,-0.109
834.442,0.026,2.223,-0.143
834.553,0.010,2.224,-0.154
834.665,-0.005,2.226,-0.160
834.776,-0.013,2.225,-0.168
834.887,-0.021,2.224,-0.172
834.998,-0.025,2.218,-0.170
835.109,-0.029,2.212,-0.162
835.220,-0.037,2.206,-0.156
835.331,-0.043,2.201,-0.155
835.442,-0.047,2.198,-0.151
835.553,-0.048,2.197,-0.145
835.664,-0.047,2.196,-0.143
835.776,-0.047,2.196,-0.141
835.886,-0.048,2.195,-0.140
835.997,-0.048,2.194,-0.140
836.108,-0.045,2.194,-0.140
836.219,-0.040,2.193,-0.141
836.331,-0.035,2.192,-0.143
836.440,-0.027,2.192,-0.146
836.551,-0.020,2.193,-0.148
836.662,-0.014,2.193,-0.150
836.773,-0.011,2.192,-0.150
836.884,-0.009,2.192,-0.149
836.996,-0.008,2.193,-0.148
837.107,-0.008,2.192,-0.146
837.218,-0.008,2.191,-0.145
837.329,-0.009,2.190,-0.144
837.440,-0.008,2.189,-0.144
837.552,-0.008,2.191,-0.143
837.663,-0.008,2.190,-0.143
837.774,-0.007,2.189,-0.143
837.885,-0.007,2.189,-0.143
837.997,-0.006,2.190,-0.143
838.108,-0.006,2.189,-0.143
838.219,-0.006,2.188,-0.142
838.330,-0.005,2.189,-0.142
838.440,-0.007,2.189,-0.141
838.552,-0.007,2.189,-0.142
838.663,-0.006,2.189,-0.142
838.774,-0.006,2.189,-0.141
838.885,-0.006,2.188,-0.141
838.997,-0.006,2.188,-0.141
839.108,-0.006,2.188,-0.141
839.219,-0.005,2.188,-0.141
839.330,-0.005,2.187,-0.142
839.441,-0.004,2.188,-0.141
839.552,-0.005,2.187,-0.142
839.663,-0.004,2.187,-0.142
839.775,-0.005,2.188,-0.142
839.885,-0.005,2.187,-0.142
839.997,-0.005,2.187,-0.142
840.108,-0.004,2.186,-0.141
840.219,-0.004,2.186,-0.140
840.330,-0.003,2.184,-0.139
840.441,-0.002,2.183,-0.138
840.553,-0.002,2.183,-0.137
840.663,-0.003,2.183,-0.137
840.775,-0.003,2.183,-0.137
840.886,-0.004,2.183,-0.136
840.997,-0.003,2.184,-0.136
841.108,-0.002,2.184,-0.136
841.219,0.004,2.178,-0.135
841.330,0.018,2.160,-0.130
841.441,0.053,2.130,-0.114
841.552,0.123,2.086,-0.070
841.663,0.236,2.036,0.003
841.775,0.388,1.990,0.099
841.885,0.554,1.919,0.212
841.998,0.681,1.824,0.280
842.109,0.702,1.678,0.249
842.220,0.707,1.680,0.249
842.331,0.707,1.668,0.256
842.442,0.709,1.673,0.259
842.554,0.709,1.672,0.257
842.665,0.709,1.672,0.257
842.776,0.709,1.672,0.257
842.887,0.709,1.672,0.257
842.998,0.709,1.672,0.258
843.109,0.708,1.671,0.258
843.220,0.709,1.671,0.258
843.331,0.709,1.672,0.258
843.442,0.709,1.672,0.257
843.554,0.709,1.671,0.257
843.665,0.709,1.671,0.257
843.776,0.709,1.671,0.257
843.887,0.709,1.671,0.258
843.998,0.709,1.671,0.258
844.109,0.709,1.671,0.258
844.220,0.709,1.671,0.258
844.331,0.709,1.671,0.258
844.442,0.709,1.671,0.258
844.553,0.709,1.671,0.258
844.665,0.709,1.671,0.258
844.776,0.709,1.671,0.258
844.887,0.710,1.671,0.258
844.998,0.710,1.671,0.258
845.109,0.710,1.671,0.258
845.220,0.710,1.671,0.258
845.331,0.709,1.671,0.258
845.442,0.709,1.671,0.258
845.554,0.709,1.671,0.258
845.665,0.709,1.671,0.258
845.776,0.709,1.671,0.258
845.887,0.709,1.670,0.258
845.998,0.709,1.671,0.258
846.109,0.709,1.671,0.258
846.220,0.709,1.671,0.258
846.331,0.709,1.671,0.258
846.442,0.709,1.671,0.258
846.554,0.710,1.671,0.258
846.665,0.710,1.671,0.258
846.776,0.709,1.671,0.258
846.887,0.709,1.671,0.258
846.998,0.709,1.671,0.258
847.109,0.709,1.671,0.258
847.220,0.709,1.670,0.258
847.331,0.709,1.670,0.258
847.442,0.709,1.670,0.258
847.553,0.709,1.670,0.258
847.664,0.709,1.671,0.258
847.775,0.709,1.671,0.258
847.886,0.709,1.670,0.258
847.998,0.709,1.671,0.258
848.109,0.709,1.670,0.258
848.220,0.709,1.670,0.258
848.331,0.709,1.671,0.258
848.442,0.709,1.671,0.258
848.554,0.709,1.670,0.258
848.664,0.709,1.670,0.258
848.775,0.709,1.670,0.258
848.887,0.709,1.670,0.258
848.998,0.709,1.670,0.258
849.109,0.709,1.670,0.258
849.220,0.709,1.671,0.258
849.331,0.709,1.670,0.258
849.442,0.709,1.671,0.258
849.553,0.709,1.671,0.258
849.664,0.709,1.671,0.258
849.776,0.709,1.671,0.258
849.886,0.709,1.671,0.258
849.998,0.709,1.671,0.258
850.109,0.709,1.671,0.258
850.220,0.710,1.671,0.258
850.331,0.709,1.671,0.258
850.442,0.709,1.671,0.258
850.553,0.710,1.670,0.258
850.664,0.710,1.671,0.258
850.775,0.710,1.671,0.258
850.886,0.710,1.671,0.258
850.997,0.709,1.671,0.258
851.109,0.709,1.671,0.258
851.220,0.709,1.671,0.258
851.331,0.710,1.671,0.258
851.442,0.710,1.671,0.258
851.553,0.710,1.671,0.258
851.664,0.710,1.671,0.258
851.775,0.710,1.671,0.258
851.886,0.710,1.671,0.258
851.997,0.709,1.671,0.258
852.109,0.710,1.670,0.258
852.220,0.710,1.670,0.258
852.331,0.710,1.670,0.258
852.442,0.710,1.670,0.258
852.553,0.710,1.670,0.258
852.664,0.710,1.671,0.258
852.775,0.709,1.671,0.258
852.886,0.709,1.670,0.258
852.997,0.709,1.670,0.258
853.109,0.709,1.670,0.258
853.220,0.709,1.671,0.258
853.331,0.709,1.671,0.258
853.442,0.709,1.671,0.258
853.553,0.709,1.670,0.258
853.664,0.709,1.671,0.258
853.775,0.709,1.670,0.258
853.886,0.709,1.670,0.258
853.997,0.709,1.670,0.258
854.109,0.709,1.670,0.258
854.219,0.709,1.670,0.258
854.331,0.709,1.670,0.258
854.442,0.710,1.671,0.258
854.553,0.709,1.670,0.258
854.664,0.709,1.670,0.258
854.775,0.709,1.670,0.258
854.886,0.709,1.670,0.258
854.997,0.709,1.670,0.258
855.108,0.709,1.670,0.258
855.219,0.709,1.670,0.258
855.330,0.709,1.670,0.258
855.441,0.709,1.670,0.258
855.553,0.709,1.671,0.257
855.664,0.710,1.671,0.257
855.775,0.710,1.671,0.257
855.885,0.710,1.671,0.258
855.997,0.710,1.671,0.257
856.108,0.710,1.671,0.257
856.219,0.710,1.671,0.258
856.330,0.710,1.671,0.258
856.442,0.710,1.671,0.258
856.553,0.710,1.671,0.258
856.664,0.710,1.671,0.258
856.775,0.710,1.671,0.258
856.886,0.710,1.671,0.258
856.997,0.710,1.671,0.258
857.108,0.710,1.671,0.258
857.219,0.710,1.670,0.258
857.330,0.710,1.670,0.258
857.441,0.710,1.670,0.258
857.553,0.710,1.670,0.258
857.664,0.710,1.670,0.258
857.775,0.710,1.670,0.258
857.886,0.710,1.670,0.258
857.997,0.710,1.671,0.258
858.108,0.710,1.671,0.258
858.219,0.710,1.671,0.258
858.331,0.710,1.671,0.258
858.441,0.710,1.670,0.258
858.553,0.710,1.670,0.258
858.664,0.710,1.670,0.258
858.775,0.710,1.670,0.258
858.886,0.710,1.670,0.258
858.997,0.710,1.670,0.258
859.108,0.710,1.670,0.258
859.219,0.710,1.670,0.258
859.330,0.710,1.671,0.258
859.441,0.710,1.671,0.258
859.553,0.709,1.671,0.258
859.664,0.709,1.671,0.258
859.775,0.709,1.671,0.258
859.886,0.710,1.671,0.258
859.997,0.710,1.671,0.258
860.108,0.710,1.671,0.258
860.219,0.710,1.670,0.258
860.330,0.709,1.670,0.258
860.441,0.710,1.671,0.258
860.552,0.710,1.671,0.258
860.664,0.710,1.670,0.258
860.775,0.710,1.670,0.258
860.886,0.710,1.670,0.258
860.997,0.710,1.670,0.258
861.108,0.710,1.671,0.258
861.219,0.710,1.671,0.258
861.330,0.710,1.670,0.258
861.441,0.710,1.670,0.258
861.552,0.710,1.670,0.258
861.664,0.710,1.670,0.258
861.774,0.710,1.670,0.258
861.885,0.710,1.670,0.258
861.997,0.710,1.670,0.258
862.108,0.710,1.670,0.258
862.219,0.710,1.670,0.258
862.330,0.710,1.670,0.258
862.441,0.710,1.670,0.258
862.554,0.710,1.670,0.258
862.663,0.710,1.670,0.258
862.774,0.710,1.670,0.258
862.885,0.710,1.670,0.258
862.997,0.710,1.670,0.258
863.108,0.710,1.670,0.258
863.219,0.710,1.670,0.258
863.330,0.710,1.670,0.258
863.441,0.710,1.670,0.258
863.552,0.710,1.670,0.258
863.663,0.710,1.670,0.258
863.774,0.710,1.670,0.258
863.885,0.710,1.670,0.258
863.997,0.710,1.670,0.258
864.108,0.710,1.670,0.258
864.219,0.710,1.670,0.258
864.330,0.710,1.670,0.258
864.441,0.710,1.670,0.258
864.552,0.710,1.670,0.258
864.664,0.710,1.670,0.258
864.774,0.710,1.670,0.258
864.885,0.710,1.670,0.258
864.997,0.710,1.670,0.258
865.107,0.710,1.670,0.258
865.219,0.710,1.670,0.258
865.330,0.710,1.670,0.258
865.441,0.710,1.670,0.258
865.552,0.710,1.670,0.258
865.663,0.710,1.670,0.258
865.775,0.710,1.670,0.258
865.885,0.710,1.670,0.258
865.996,0.710,1.670,0.258
866.108,0.710,1.670,0.258
866.219,0.710,1.670,0.258
866.330,0.710,1.670,0.258
866.441,0.710,1.670,0.258
866.552,0.710,1.670,0.258
866.663,0.710,1.670,0.258
866.774,0.710,1.670,0.258
866.885,0.710,1.670,0.258
866.996,0.710,1.671,0.258
867.107,0.710,1.670,0.258
867.218,0.710,1.670,0.258
867.330,0.710,1.670,0.258
867.441,0.710,1.671,0.258
867.552,0.710,1.670,0.258
867.663,0.710,1.670,0.258
867.774,0.710,1.670,0.258
867.885,0.710,1.671,0.258
867.996,0.710,1.670,0.258
868.107,0.710,1.671,0.258
868.218,0.710,1.670,0.258
868.329,0.710,1.670,0.258
868.441,0.710,1.670,0.258
868.552,0.710,1.670,0.258
868.663,0.710,1.670,0.258
868.774,0.710,1.670,0.258
868.885,0.710,1.670,0.258
868.996,0.710,1.670,0.258
869.107,0.710,1.670,0.258
869.218,0.710,1.670,0.258
869.329,0.710,1.670,0.258
869.441,0.710,1.670,0.258
869.552,0.710,1.670,0.258
869.663,0.710,1.670,0.258
869.774,0.710,1.670,0.258
869.885,0.710,1.671,0.258
869.996,0.710,1.671,0.258
870.107,0.710,1.670,0.258
870.218,0.710,1.670,0.258
870.329,0.710,1.670,0.258
870.440,0.710,1.670,0.258
870.552,0.710,1.670,0.258
870.663,0.710,1.670,0.258
870.774,0.710,1.670,0.258
870.885,0.710,1.670,0.258
870.996,0.710,1.670,0.258
871.107,0.710,1.670,0.258
871.218,0.710,1.670,0.258
871.329,0.710,1.670,0.258
871.441,0.710,1.670,0.258
871.552,0.710,1.670,0.258
871.663,0.710,1.671,0.258
871.774,0.710,1.671,0.258
871.885,0.710,1.671,0.258
871.996,0.710,1.670,0.258
872.107,0.710,1.670,0.258
872.218,0.710,1.670,0.258
872.329,0.710,1.670,0.258
872.440,0.710,1.670,0.258
872.552,0.710,1.670,0.258
872.663,0.710,1.670,0.258
872.774,0.710,1.670,0.258
872.885,0.710,1.670,0.258
872.996,0.710,1.670,0.258
873.107,0.710,1.670,0.258
873.218,0.710,1.670,0.258
873.329,0.710,1.670,0.258
873.440,0.710,1.670,0.258
873.551,0.710,1.670,0.258
873.662,0.710,1.670,0.258
873.773,0.710,1.670,0.258
873.885,0.710,1.670,0.258
873.996,0.710,1.670,0.258
874.107,0.710,1.671,0.258
874.218,0.710,1.670,0.258
874.329,0.710,1.671,0.258
874.440,0.710,1.671,0.258
874.551,0.710,1.670,0.258
874.663,0.710,1.670,0.258
874.773,0.710,1.670,0.258
874.884,0.710,1.670,0.258
874.996,0.710,1.670,0.258
875.107,0.710,1.670,0.258
875.218,0.710,1.670,0.258
875.329,0.710,1.671,0.258
875.440,0.710,1.671,0.258
875.551,0.710,1.671,0.258
875.662,0.709,1.670,0.258
875.773,0.709,1.670,0.258
875.885,0.709,1.670,0.258
875.996,0.709,1.670,0.258
876.107,0.709,1.670,0.258
876.218,0.709,1.670,0.258
876.329,0.709,1.670,0.258
876.440,0.709,1.670,0.258
876.551,0.709,1.670,0.258
876.663,0.709,1.670,0.258
876.773,0.709,1.670,0.257
876.884,0.710,1.670,0.257
876.996,0.710,1.670,0.258
877.106,0.710,1.670,0.258
877.218,0.710,1.670,0.258
877.329,0.710,1.670,0.258
877.440,0.710,1.670,0.258
877.551,0.710,1.670,0.258
877.662,0.710,1.670,0.258
877.773,0.710,1.670,0.258
877.884,0.710,1.670,0.258
877.995,0.710,1.670,0.258
878.107,0.710,1.670,0.258
878.218,0.710,1.670,0.258
878.329,0.710,1.670,0.258
878.440,0.710,1.670,0.258
878.551,0.710,1.670,0.258
878.662,0.710,1.670,0.258
878.773,0.710,1.670,0.258
878.884,0.710,1.670,0.258
878.996,0.710,1.670,0.258
879.106,0.710,1.670,0.258
879.218,0.710,1.670,0.258
879.328,0.710,1.670,0.258
879.440,0.710,1.670,0.258
879.551,0.710,1.670,0.258
879.662,0.710,1.670,0.258
879.773,0.710,1.670,0.258
879.884,0.710,1.670,0.258
879.995,0.710,1.670,0.258
880.107,0.710,1.670,0.258
880.217,0.710,1.670,0.258
880.328,0.710,1.670,0.258
880.440,0.710,1.670,0.258
880.551,0.710,1.670,0.258
880.662,0.710,1.670,0.258
880.773,0.710,1.670,0.258
880.884,0.710,1.670,0.258
880.995,0.710,1.670,0.258
881.106,0.710,1.670,0.258
881.217,0.710,1.670,0.258
881.328,0.710,1.670,0.258
881.440,0.710,1.670,0.258
881.551,0.710,1.670,0.258
881.662,0.710,1.670,0.258
881.773,0.710,1.670,0.258
881.884,0.710,1.670,0.258
881.995,0.710,1.670,0.258
882.106,0.710,1.670,0.258
882.217,0.710,1.670,0.258
882.328,0.710,1.670,0.258
882.440,0.710,1.670,0.258
882.551,0.710,1.670,0.258
882.662,0.710,1.670,0.258
882.773,0.710,1.670,0.258
882.884,0.710,1.670,0.258
882.995,0.710,1.670,0.258
883.106,0.710,1.670,0.258
883.217,0.710,1.670,0.258
883.328,0.710,1.670,0.258
883.439,0.710,1.670,0.258
883.551,0.710,1.670,0.258
883.661,0.710,1.670,0.258
883.773,0.710,1.670,0.258
883.884,0.710,1.670,0.258
883.995,0.710,1.670,0.258
884.106,0.710,1.670,0.258
884.217,0.710,1.670,0.258
884.328,0.710,1.670,0.258
884.440,0.710,1.670,0.258
884.550,0.710,1.670,0.258
884.662,0.710,1.670,0.258
884.773,0.710,1.670,0.258
884.884,0.710,1.670,0.258
884.995,0.710,1.670,0.258
885.106,0.710,1.670,0.258
885.217,0.710,1.670,0.258
885.328,0.710,1.670,0.258
885.439,0.710,1.670,0.258
885.551,0.710,1.670,0.258
885.661,0.710,1.670,0.258
885.773,0.710,1.670,0.258
885.884,0.710,1.670,0.258
885.995,0.710,1.670,0.258
886.106,0.710,1.670,0.258
886.217,0.710,1.670,0.258
886.328,0.710,1.670,0.258
886.439,0.710,1.670,0.258
886.550,0.710,1.670,0.258
886.661,0.710,1.670,0.258
886.773,0.710,1.670,0.258
886.884,0.710,1.670,0.258
886.995,0.710,1.670,0.258
887.106,0.710,1.670,0.258
887.217,0.710,1.670,0.258
887.328,0.710,1.670,0.258
887.439,0.710,1.670,0.258
887.550,0.710,1.670,0.258
887.662,0.710,1.670,0.258
887.773,0.710,1.670,0.258
887.884,0.710,1.670,0.258
887.995,0.710,1.670,0.258
888.106,0.710,1.670,0.258
888.217,0.710,1.670,0.258
888.328,0.710,1.670,0.258
888.439,0.710,1.670,0.258
888.550,0.710,1.670,0.258
888.661,0.710,1.670,0.258
888.772,0.710,1.670,0.258
888.883,0.710,1.670,0.258
888.995,0.710,1.670,0.258
889.105,0.710,1.670,0.258
889.216,0.710,1.670,0.258
889.328,0.710,1.670,0.258
889.439,0.710,1.670,0.258
889.550,0.710,1.670,0.258
889.661,0.710,1.670,0.258
889.772,0.710,1.670,0.258
889.883,0.710,1.670,0.258
889.994,0.710,1.670,0.258
890.106,0.710,1.670,0.258
890.217,0.710,1.670,0.258
890.328,0.710,1.670,0.258
890.439,0.710,1.670,0.258
890.550,0.710,1.670,0.258
890.661,0.710,1.670,0.258
890.772,0.710,1.670,0.258
890.883,0.710,1.670,0.258
890.995,0.710,1.670,0.258
891.105,0.710,1.670,0.258
891.217,0.710,1.670,0.258
891.328,0.710,1.670,0.258
891.439,0.710,1.670,0.258
891.550,0.710,1.670,0.258
891.661,0.710,1.670,0.258
891.772,0.710,1.670,0.258
891.883,0.710,1.670,0.258
891.994,0.710,1.670,0.258
892.105,0.710,1.670,0.258
892.217,0.710,1.670,0.258
892.328,0.710,1.670,0.258
892.439,0.710,1.670,0.258
892.550,0.710,1.670,0.258
892.661,0.710,1.670,0.258
892.772,0.710,1.670,0.258
892.883,0.710,1.670,0.258
892.994,0.710,1.670,0.258
893.105,0.710,1.670,0.258
893.217,0.710,1.670,0.258
893.327,0.710,1.670,0.258
893.439,0.710,1.670,0.258
893.550,0.710,1.670,0.258
893.661,0.710,1.670,0.258
893.772,0.710,1.670,0.258
893.883,0.710,1.670,0.258
893.995,0.710,1.670,0.258
894.105,0.710,1.670,0.258
894.216,0.710,1.670,0.258
894.327,0.710,1.670,0.258
894.438,0.710,1.670,0.258
894.549,0.710,1.670,0.258
894.660,0.710,1.670,0.258
894.772,0.710,1.670,0.258
894.883,0.710,1.670,0.258
894.994,0.710,1.670,0.258
895.105,0.710,1.670,0.258
895.216,0.710,1.670,0.258
895.327,0.710,1.670,0.258
895.438,0.710,1.670,0.258
895.550,0.710,1.670,0.258
895.660,0.710,1.670,0.258
895.772,0.710,1.670,0.258
895.883,0.710,1.670,0.258
895.994,0.710,1.670,0.258
896.105,0.710,1.670,0.258
896.216,0.710,1.670,0.258
896.327,0.710,1.670,0.258
896.439,0.710,1.670,0.258
896.550,0.710,1.670,0.258
896.661,0.710,1.670,0.258
896.772,0.710,1.670,0.258
896.883,0.710,1.670,0.258
896.994,0.710,1.670,0.258
897.105,0.710,1.670,0.258
897.216,0.710,1.670,0.258
897.327,0.710,1.670,0.258
897.438,0.710,1.670,0.258
897.549,0.710,1.670,0.258
897.661,0.710,1.670,0.258
897.772,0.710,1.670,0.258
897.883,0.710,1.670,0.258
897.994,0.710,1.670,0.258
898.105,0.710,1.670,0.258
898.216,0.710,1.670,0.258
898.327,0.710,1.670,0.258
898.438,0.710,1.670,0.258
898.549,0.710,1.670,0.258
898.661,0.710,1.670,0.258
898.772,0.710,1.670,0.258
898.883,0.710,1.670,0.258
898.994,0.710,1.670,0.258
899.105,0.710,1.670,0.258
899.216,0.710,1.670,0.258
899.327,0.710,1.670,0.258
899.438,0.710,1.670,0.258
899.550,0.710,1.670,0.258
899.661,0.710,1.670,0.258
899.772,0.710,1.670,0.258
899.883,0.710,1.670,0.258
899.994,0.710,1.670,0.258
900.105,0.710,1.670,0.258
900.216,0.710,1.670,0.258
900.327,0.710,1.670,0.258
900.438,0.710,1.670,0.258
900.549,0.710,1.670,0.258
900.661,0.710,1.670,0.258
900.771,0.710,1.670,0.258
900.883,0.710,1.670,0.258
900.994,0.710,1.670,0.258
901.105,0.710,1.670,0.258
901.216,0.710,1.670,0.258
901.327,0.710,1.670,0.258
901.438,0.710,1.670,0.258
901.549,0.710,1.670,0.258
901.660,0.710,1.670,0.258
901.771,0.710,1.670,0.258
901.882,0.710,1.670,0.258
901.994,0.710,1.670,0.258
902.105,0.710,1.670,0.258
902.216,0.710,1.670,0.258
902.327,0.710,1.670,0.258
902.438,0.710,1.670,0.258
902.549,0.710,1.670,0.258
902.660,0.710,1.670,0.258
902.771,0.710,1.670,0.258
902.882,0.710,1.670,0.258
902.994,0.710,1.670,0.258
903.105,0.710,1.670,0.258
903.216,0.710,1.670,0.258
903.327,0.710,1.670,0.258
903.438,0.710,1.670,0.258
903.549,0.710,1.670,0.258
903.660,0.710,1.670,0.258
903.771,0.710,1.670,0.258
903.882,0.710,1.670,0.258
903.994,0.710,1.670,0.258
904.105,0.710,1.670,0.258
904.216,0.710,1.670,0.258
904.327,0.710,1.670,0.258
904.438,0.710,1.670,0.258
904.549,0.710,1.670,0.258
904.660,0.710,1.670,0.258
904.771,0.710,1.670,0.258
904.882,0.710,1.670,0.258
904.994,0.710,1.670,0.258
905.105,0.710,1.670,0.258
905.216,0.710,1.670,0.258
905.327,0.710,1.670,0.258
905.438,0.710,1.670,0.258
905.549,0.710,1.670,0.258
905.660,0.710,1.670,0.258
905.771,0.710,1.670,0.258
905.882,0.710,1.670,0.258
905.994,0.710,1.670,0.258
906.105,0.710,1.670,0.258
906.216,0.710,1.670,0.258
906.327,0.710,1.670,0.258
906.438,0.710,1.670,0.258
906.549,0.710,1.670,0.258
906.660,0.710,1.670,0.258
906.771,0.710,1.670,0.258
906.882,0.710,1.670,0.258
906.993,0.710,1.670,0.258
907.104,0.710,1.670,0.258
907.216,0.710,1.670,0.258
907.327,0.710,1.670,0.258
907.438,0.710,1.670,0.258
907.549,0.710,1.670,0.258
907.660,0.710,1.670,0.258
907.771,0.710,1.670,0.258
907.882,0.710,1.670,0.258
907.994,0.710,1.670,0.258
908.104,0.710,1.670,0.258
908.215,0.710,1.670,0.258
908.326,0.710,1.670,0.258
908.438,0.710,1.670,0.258
908.549,0.710,1.670,0.258
908.660,0.710,1.670,0.258
908.771,0.710,1.670,0.258
908.882,0.710,1.670,0.258
908.993,0.710,1.670,0.258
909.104,0.710,1.670,0.258
909.215,0.710,1.670,0.258
909.326,0.710,1.670,0.258
909.438,0.710,1.670,0.258
909.549,0.710,1.670,0.258
909.659,0.710,1.670,0.258
909.771,0.710,1.670,0.258
909.882,0.710,1.670,0.258
909.993,0.710,1.670,0.258
910.104,0.710,1.670,0.258
910.215,0.710,1.670,0.258
910.326,0.710,1.670,0.258
910.438,0.710,1.670,0.258
910.549,0.710,1.670,0.258
910.660,0.710,1.670,0.258
910.771,0.710,1.670,0.258
910.882,0.710,1.670,0.258
910.993,0.710,1.670,0.258
911.104,0.710,1.670,0.258
911.215,0.710,1.670,0.258
911.326,0.710,1.670,0.258
911.437,0.710,1.670,0.258
911.548,0.710,1.670,0.258
911.659,0.710,1.670,0.258
911.770,0.710,1.670,0.258
911.881,0.710,1.670,0.258
911.993,0.710,1.670,0.258
912.104,0.710,1.670,0.258
912.215,0.710,1.670,0.258
912.326,0.710,1.670,0.258
912.437,0.710,1.670,0.258
912.548,0.710,1.670,0.258
912.660,0.710,1.670,0.258
912.770,0.710,1.670,0.258
912.882,0.710,1.670,0.258
912.993,0.710,1.670,0.258
913.104,0.710,1.670,0.258
913.215,0.710,1.670,0.258
913.326,0.710,1.670,0.258
913.437,0.710,1.670,0.258
913.548,0.710,1.670,0.258
913.659,0.710,1.670,0.258
913.770,0.710,1.670,0.258
913.882,0.710,1.670,0.258
913.992,0.710,1.670,0.258
914.104,0.710,1.670,0.258
914.215,0.710,1.670,0.258
914.326,0.710,1.670,0.258
914.437,0.710,1.670,0.258
914.548,0.710,1.670,0.258
914.660,0.710,1.670,0.258
914.770,0.710,1.670,0.258
914.881,0.710,1.670,0.258
914.992,0.710,1.670,0.258
915.104,0.710,1.670,0.258
915.215,0.710,1.670,0.258
915.326,0.710,1.670,0.258
915.437,0.710,1.670,0.258
915.548,0.710,1.670,0.258
915.659,0.710,1.670,0.258
915.771,0.710,1.670,0.258
915.881,0.710,1.670,0.258
915.992,0.710,1.670,0.258
916.104,0.710,1.670,0.258
916.215,0.710,1.670,0.258
916.326,0.710,1.670,0.258
916.437,0.710,1.670,0.258
916.548,0.710,1.670,0.258
916.659,0.710,1.670,0.258
916.770,0.710,1.670,0.258
916.881,0.710,1.670,0.258
916.993,0.710,1.670,0.258
917.104,0.710,1.670,0.258
917.215,0.710,1.670,0.258
917.326,0.710,1.670,0.258
917.437,0.710,1.670,0.258
917.548,0.710,1.670,0.258
917.659,0.710,1.670,0.258
917.770,0.710,1.670,0.258
917.881,0.710,1.670,0.258
917.993,0.710,1.670,0.258
918.104,0.710,1.670,0.258
918.215,0.710,1.670,0.258
918.325,0.710,1.670,0.258
918.437,0.710,1.670,0.258
918.548,0.710,1.670,0.258
918.659,0.710,1.670,0.258
918.770,0.710,1.670,0.258
918.881,0.710,1.670,0.258
918.992,0.710,1.670,0.258
919.103,0.710,1.671,0.258
919.215,0.710,1.670,0.258
919.326,0.710,1.670,0.258
919.437,0.710,1.670,0.258
919.548,0.710,1.670,0.258
919.659,0.710,1.670,0.258
919.770,0.710,1.670,0.258
919.880,0.710,1.670,0.258
919.992,0.710,1.670,0.258
920.103,0.710,1.670,0.258
920.214,0.710,1.670,0.258
920.325,0.710,1.670,0.258
920.437,0.710,1.670,0.258
920.548,0.710,1.670,0.258
920.659,0.710,1.670,0.258
920.770,0.710,1.670,0.258
920.881,0.710,1.670,0.258
920.992,0.710,1.670,0.258
921.103,0.710,1.670,0.258
921.214,0.710,1.670,0.258
921.325,0.710,1.670,0.258
921.437,0.710,1.670,0.258
921.548,0.710,1.670,0.258
921.659,0.710,1.670,0.258
921.770,0.710,1.670,0.258
921.881,0.710,1.670,0.258
921.992,0.710,1.670,0.258
922.103,0.710,1.670,0.258
922.214,0.710,1.670,0.258
922.325,0.710,1.670,0.258
922.437,0.710,1.670,0.258
922.548,0.710,1.670,0.258
922.659,0.710,1.670,0.258
922.770,0.710,1.670,0.258
922.881,0.710,1.670,0.258
922.992,0.710,1.670,0.258
923.103,0.710,1.670,0.258
923.214,0.710,1.670,0.258
923.325,0.710,1.670,0.258
923.436,0.710,1.670,0.258
923.547,0.710,1.670,0.258
923.659,0.710,1.670,0.258
923.770,0.710,1.670,0.258
923.881,0.710,1.670,0.258
923.992,0.710,1.670,0.258
924.103,0.710,1.670,0.258
924.214,0.710,1.670,0.258
924.325,0.710,1.670,0.258
924.437,0.710,1.670,0.258
924.548,0.710,1.670,0.258
924.659,0.710,1.670,0.258
924.769,0.710,1.670,0.258
924.881,0.710,1.670,0.258
924.992,0.710,1.670,0.258
925.103,0.710,1.670,0.258
925.214,0.710,1.670,0.258
925.325,0.710,1.670,0.258
925.436,0.710,1.670,0.258
925.547,0.710,1.670,0.258
925.658,0.710,1.670,0.258
925.770,0.710,1.670,0.258
925.881,0.710,1.670,0.258
925.992,0.710,1.670,0.258
926.103,0.710,1.670,0.258
926.214,0.710,1.670,0.258
926.325,0.710,1.670,0.258
926.436,0.710,1.670,0.258
926.547,0.710,1.670,0.258
926.658,0.710,1.670,0.258
926.770,0.710,1.670,0.258
926.881,0.710,1.670,0.258
926.992,0.710,1.670,0.258
927.103,0.710,1.670,0.258
927.214,0.710,1.670,0.258
927.325,0.710,1.670,0.258
927.436,0.710,1.670,0.258
927.547,0.710,1.670,0.258
927.659,0.710,1.670,0.258
927.769,0.710,1.670,0.258
927.880,0.710,1.670,0.258
927.991,0.710,1.670,0.258
928.103,0.710,1.670,0.258
928.214,0.710,1.670,0.258
928.325,0.710,1.670,0.258
928.436,0.710,1.670,0.258
928.547,0.710,1.670,0.258
928.658,0.710,1.670,0.258
928.769,0.710,1.670,0.258
928.880,0.710,1.670,0.258
928.992,0.710,1.670,0.258
929.103,0.710,1.670,0.258
929.214,0.710,1.670,0.258
929.325,0.710,1.670,0.258
929.436,0.710,1.670,0.258
929.547,0.710,1.670,0.258
929.658,0.710,1.670,0.258
929.769,0.710,1.670,0.258
929.881,0.710,1.670,0.258
929.991,0.710,1.670,0.258
930.103,0.710,1.670,0.258
930.214,0.710,1.670,0.258
930.325,0.710,1.670,0.258
930.436,0.710,1.670,0.258
930.547,0.710,1.670,0.258
930.658,0.710,1.670,0.258
930.769,0.710,1.670,0.258
930.880,0.710,1.670,0.258
930.991,0.710,1.670,0.258
931.102,0.710,1.670,0.258
931.214,0.710,1.670,0.258
931.325,0.710,1.670,0.258
931.436,0.710,1.670,0.258
931.547,0.710,1.670,0.258
931.658,0.710,1.670,0.258
931.769,0.710,1.670,0.258
931.880,0.710,1.670,0.258
931.991,0.710,1.670,0.258
932.103,0.710,1.670,0.258
932.213,0.710,1.670,0.258
932.324,0.710,1.670,0.258
932.436,0.710,1.670,0.258
932.547,0.710,1.670,0.258
932.659,0.710,1.670,0.258
932.769,0.710,1.670,0.258
932.880,0.710,1.670,0.258
932.991,0.710,1.670,0.258
933.102,0.710,1.670,0.258
933.213,0.710,1.670,0.258
933.324,0.710,1.670,0.258
933.436,0.710,1.670,0.258
933.547,0.710,1.670,0.258
933.658,0.710,1.670,0.258
933.769,0.710,1.670,0.258
933.880,0.710,1.670,0.258
933.991,0.710,1.670,0.258
934.102,0.710,1.670,0.258
934.213,0.710,1.670,0.258
934.324,0.710,1.670,0.258
934.436,0.710,1.670,0.258
934.547,0.710,1.670,0.258
934.658,0.710,1.670,0.258
934.769,0.710,1.670,0.258
934.880,0.710,1.670,0.258
934.991,0.710,1.670,0.258
935.102,0.710,1.670,0.258
935.213,0.710,1.670,0.258
935.324,0.710,1.670,0.258
935.436,0.710,1.670,0.258
935.547,0.710,1.670,0.258
935.658,0.710,1.670,0.258
935.769,0.710,1.670,0.258
935.880,0.710,1.670,0.258
935.991,0.710,1.670,0.258
936.102,0.710,1.670,0.258
936.213,0.710,1.670,0.258
936.324,0.710,1.670,0.258
936.436,0.710,1.670,0.258
936.547,0.710,1.670,0.258
936.658,0.710,1.670,0.258
936.768,0.710,1.670,0.258
936.880,0.710,1.670,0.258
936.991,0.710,1.670,0.258
937.102,0.710,1.670,0.258
937.213,0.710,1.670,0.258
937.324,0.710,1.670,0.258
937.436,0.710,1.670,0.258
937.547,0.710,1.670,0.258
937.658,0.710,1.670,0.258
937.769,0.710,1.670,0.258
937.880,0.710,1.670,0.258
937.991,0.710,1.670,0.258
938.102,0.710,1.670,0.258
938.213,0.710,1.670,0.258
938.324,0.710,1.670,0.258
938.436,0.710,1.670,0.258
938.546,0.710,1.670,0.258
938.658,0.710,1.670,0.258
938.769,0.710,1.670,0.258
938.880,0.710,1.670,0.258
938.991,0.710,1.670,0.258
939.102,0.710,1.670,0.258
939.213,0.710,1.670,0.258
939.324,0.710,1.670,0.258
939.435,0.710,1.670,0.258
939.546,0.710,1.670,0.258
939.657,0.710,1.670,0.258
939.768,0.710,1.670,0.258
939.880,0.709,1.670,0.258
939.991,0.710,1.670,0.258
940.102,0.709,1.670,0.258
940.213,0.709,1.670,0.258
940.324,0.709,1.670,0.258
940.436,0.709,1.670,0.258
940.546,0.710,1.670,0.258
940.658,0.710,1.670,0.258
940.768,0.710,1.670,0.258
940.880,0.710,1.670,0.258
940.990,0.710,1.670,0.258
941.101,0.710,1.670,0.258
941.213,0.710,1.670,0.258
941.324,0.710,1.670,0.258
941.435,0.710,1.670,0.258
941.546,0.710,1.670,0.258
941.657,0.710,1.670,0.258
941.768,0.710,1.670,0.258
941.879,0.710,1.670,0.258
941.991,0.710,1.670,0.258
942.102,0.710,1.670,0.258
942.213,0.710,1.670,0.258
942.324,0.710,1.670,0.258
942.435,0.710,1.670,0.258
942.546,0.710,1.670,0.258
942.657,0.710,1.670,0.258
942.768,0.710,1.670,0.258
942.879,0.710,1.670,0.258
942.990,0.710,1.670,0.258
943.101,0.710,1.670,0.258
943.213,0.710,1.670,0.258
943.324,0.710,1.670,0.258
943.435,0.710,1.670,0.258
943.546,0.710,1.670,0.258
943.657,0.710,1.670,0.258
943.768,0.710,1.670,0.258
943.879,0.710,1.670,0.258
943.990,0.710,1.670,0.258
944.102,0.710,1.670,0.258
944.213,0.710,1.670,0.258
944.324,0.710,1.670,0.258
944.435,0.710,1.670,0.258
944.546,0.710,1.670,0.258
944.657,0.710,1.670,0.258
944.768,0.710,1.670,0.258
944.879,0.710,1.670,0.258
944.991,0.710,1.670,0.258
945.101,0.710,1.670,0.258
945.213,0.710,1.670,0.258
945.324,0.710,1.670,0.258
945.435,0.710,1.670,0.258
945.546,0.710,1.670,0.258
945.657,0.710,1.670,0.258
945.768,0.710,1.670,0.258
945.879,0.710,1.670,0.258
945.990,0.710,1.670,0.258
946.101,0.710,1.670,0.258
946.212,0.710,1.670,0.258
946.323,0.710,1.670,0.258
946.435,0.710,1.670,0.258
946.546,0.710,1.670,0.258
946.657,0.710,1.670,0.258
946.768,0.710,1.670,0.258
946.879,0.710,1.670,0.258
946.990,0.710,1.670,0.258
947.101,0.710,1.670,0.258
947.212,0.710,1.670,0.258
947.323,0.710,1.670,0.258
947.434,0.710,1.670,0.258
947.546,0.710,1.670,0.258
947.657,0.710,1.670,0.258
947.768,0.710,1.670,0.258
947.879,0.710,1.670,0.258
947.990,0.710,1.670,0.258
948.101,0.710,1.670,0.258
948.212,0.710,1.670,0.258
948.323,0.710,1.670,0.258
948.435,0.710,1.670,0.258
948.545,0.710,1.670,0.258
948.657,0.711,1.670,0.258
948.768,0.710,1.670,0.258
948.879,0.710,1.670,0.258
948.990,0.710,1.670,0.258
949.101,0.710,1.670,0.258
949.212,0.710,1.670,0.258
949.323,0.710,1.670,0.258
949.435,0.710,1.670,0.258
949.545,0.710,1.670,0.258
949.657,0.710,1.670,0.258
949.768,0.710,1.670,0.258
949.879,0.710,1.670,0.258
949.990,0.710,1.670,0.258
950.101,0.710,1.670,0.258
950.212,0.710,1.670,0.258
950.323,0.710,1.670,0.258
950.435,0.710,1.670,0.258
950.545,0.710,1.670,0.258
950.657,0.710,1.670,0.258
950.768,0.710,1.670,0.258
950.879,0.710,1.670,0.258
950.990,0.710,1.670,0.258
951.101,0.710,1.670,0.258
951.212,0.710,1.670,0.258
951.323,0.710,1.670,0.258
951.435,0.710,1.669,0.258
951.546,0.710,1.669,0.258
951.656,0.710,1.669,0.258
951.767,0.710,1.670,0.258
951.879,0.710,1.670,0.258
951.990,0.710,1.670,0.258
952.101,0.710,1.670,0.258
952.212,0.710,1.670,0.258
952.323,0.710,1.670,0.258
952.434,0.710,1.670,0.258
952.545,0.710,1.670,0.258
952.656,0.710,1.670,0.258
952.767,0.710,1.670,0.258
952.879,0.710,1.670,0.258
952.990,0.710,1.670,0.258
953.101,0.710,1.670,0.258
953.212,0.710,1.670,0.258
953.323,0.710,1.670,0.258
953.434,0.710,1.670,0.258
953.545,0.711,1.670,0.258
953.656,0.711,1.670,0.258
953.767,0.711,1.670,0.258
953.878,0.711,1.669,0.258
953.990,0.711,1.670,0.258
954.101,0.711,1.669,0.258
954.212,0.711,1.670,0.258
954.322,0.711,1.670,0.258
954.434,0.711,1.670,0.258
954.545,0.711,1.670,0.258
954.656,0.711,1.670,0.258
954.767,0.711,1.670,0.258
954.878,0.711,1.670,0.258
954.990,0.711,1.670,0.258
955.101,0.711,1.670,0.258
955.211,0.711,1.670,0.258
955.323,0.711,1.670,0.258
955.434,0.711,1.670,0.258
955.545,0.711,1.670,0.258
955.656,0.711,1.670,0.258
955.767,0.711,1.670,0.258
955.878,0.711,1.670,0.258
955.989,0.711,1.670,0.258
956.101,0.711,1.670,0.258
956.211,0.711,1.670,0.258
956.323,0.711,1.670,0.258
956.434,0.711,1.670,0.258
956.545,0.711,1.670,0.258
956.656,0.711,1.670,0.258
956.767,0.711,1.670,0.258
956.878,0.711,1.669,0.258
956.989,0.711,1.669,0.258
957.101,0.711,1.669,0.258
957.212,0.711,1.669,0.258
957.323,0.711,1.669,0.258
957.434,0.711,1.669,0.258
957.545,0.711,1.669,0.258
957.656,0.711,1.669,0.258
957.767,0.711,1.670,0.258
957.878,0.711,1.670,0.258
957.989,0.711,1.670,0.258
958.101,0.711,1.670,0.258
958.211,0.711,1.669,0.258
958.322,0.711,1.670,0.258
958.434,0.711,1.670,0.258
958.545,0.711,1.669,0.258
958.656,0.711,1.669,0.258
958.767,0.711,1.669,0.258
958.878,0.711,1.669,0.258
958.989,0.711,1.669,0.258
959.100,0.711,1.670,0.258
959.211,0.711,1.670,0.258
959.322,0.711,1.669,0.258
959.434,0.711,1.670,0.258
959.545,0.711,1.670,0.258
959.656,0.711,1.670,0.258
959.767,0.711,1.670,0.258
959.878,0.711,1.670,0.258
959.989,0.711,1.670,0.258
960.100,0.711,1.670,0.258
960.211,0.711,1.670,0.258
960.322,0.711,1.670,0.258
960.434,0.711,1.670,0.258
960.545,0.711,1.670,0.258
960.656,0.711,1.670,0.258
960.767,0.710,1.670,0.258
960.878,0.711,1.670,0.259
960.989,0.710,1.670,0.259
961.100,0.710,1.670,0.258
961.211,0.710,1.670,0.259
961.322,0.710,1.670,0.258
961.433,0.710,1.670,0.258
961.545,0.710,1.670,0.258
961.656,0.710,1.670,0.258
961.767,0.710,1.670,0.258
961.878,0.710,1.669,0.258
961.989,0.711,1.669,0.258
962.100,0.711,1.669,0.258
962.211,0.711,1.669,0.258
962.322,0.711,1.669,0.258
962.433,0.710,1.669,0.258
962.544,0.711,1.669,0.258
962.655,0.711,1.669,0.258
962.766,0.711,1.669,0.258
962.877,0.710,1.669,0.258
962.989,0.710,1.669,0.258
963.100,0.711,1.670,0.258
963.211,0.710,1.670,0.258
963.322,0.710,1.670,0.258
963.433,0.711,1.670,0.258
963.544,0.711,1.670,0.258
963.655,0.711,1.670,0.258
963.766,0.711,1.670,0.258
963.878,0.711,1.670,0.258
963.989,0.711,1.670,0.258
964.100,0.711,1.670,0.259
964.211,0.711,1.670,0.258
964.322,0.711,1.670,0.258
964.434,0.711,1.670,0.258
964.544,0.711,1.670,0.258
964.655,0.711,1.670,0.258
964.766,0.711,1.669,0.258
964.878,0.711,1.669,0.259
964.989,0.711,1.669,0.258
965.100,0.711,1.669,0.258
965.211,0.711,1.669,0.258
965.322,0.711,1.669,0.258
965.433,0.711,1.670,0.258
965.544,0.711,1.670,0.258
965.655,0.711,1.670,0.258
965.766,0.711,1.670,0.258
965.877,0.711,1.670,0.258
965.988,0.711,1.670,0.258
966.100,0.711,1.670,0.258
966.211,0.711,1.670,0.258
966.322,0.711,1.670,0.258
966.433,0.711,1.670,0.258
966.544,0.711,1.670,0.258
966.655,0.711,1.670,0.258
966.766,0.711,1.670,0.258
966.877,0.711,1.670,0.258
966.989,0.711,1.670,0.258
967.100,0.711,1.670,0.258
967.211,0.711,1.670,0.258
967.322,0.711,1.670,0.258
967.433,0.711,1.670,0.258
967.544,0.711,1.670,0.258
967.655,0.711,1.670,0.258
967.766,0.711,1.670,0.258
967.877,0.711,1.669,0.258
967.988,0.711,1.669,0.258
968.100,0.711,1.669,0.258
968.211,0.711,1.670,0.259
968.322,0.711,1.670,0.258
968.433,0.711,1.670,0.258
968.544,0.711,1.669,0.259
968.655,0.711,1.669,0.258
968.766,0.711,1.670,0.258
968.877,0.711,1.670,0.258
968.988,0.711,1.670,0.258
969.099,0.711,1.670,0.258
969.211,0.711,1.669,0.258
969.322,0.711,1.670,0.258
969.433,0.711,1.669,0.258
969.544,0.711,1.669,0.258
969.655,0.711,1.670,0.258
969.766,0.711,1.670,0.258
969.877,0.711,1.670,0.258
969.988,0.711,1.670,0.258
970.100,0.711,1.670,0.258
970.211,0.711,1.670,0.258
970.322,0.711,1.670,0.258
970.433,0.711,1.670,0.258
970.544,0.711,1.670,0.258
970.655,0.711,1.670,0.258
970.766,0.711,1.670,0.258
970.877,0.711,1.670,0.258
970.988,0.711,1.670,0.258
971.099,0.711,1.669,0.258
971.211,0.711,1.669,0.258
971.321,0.711,1.669,0.258
971.433,0.711,1.669,0.258
971.544,0.711,1.669,0.258
971.655,0.711,1.669,0.258
971.766,0.711,1.669,0.258
971.877,0.711,1.670,0.258
971.988,0.711,1.670,0.258
972.099,0.711,1.670,0.258
972.210,0.711,1.670,0.258
972.321,0.711,1.670,0.258
972.433,0.711,1.670,0.258
972.544,0.711,1.670,0.258
972.655,0.711,1.670,0.258
972.766,0.711,1.669,0.258
972.877,0.711,1.669,0.258
972.988,0.711,1.669,0.258
973.099,0.711,1.669,0.258
973.210,0.711,1.669,0.258
973.321,0.711,1.669,0.258
973.433,0.711,1.669,0.258
973.544,0.711,1.670,0.258
973.655,0.711,1.669,0.258
973.766,0.711,1.669,0.258
973.877,0.711,1.669,0.258
973.988,0.711,1.669,0.258
974.099,0.711,1.669,0.258
974.210,0.711,1.670,0.258
974.321,0.711,1.669,0.258
974.432,0.711,1.669,0.258
974.543,0.711,1.669,0.258
974.655,0.711,1.669,0.258
974.766,0.711,1.669,0.258
974.877,0.711,1.669,0.258
974.988,0.711,1.669,0.258
975.099,0.711,1.669,0.258
975.210,0.711,1.669,0.258
975.321,0.711,1.669,0.258
975.432,0.711,1.669,0.258
975.544,0.711,1.669,0.258
975.655,0.711,1.669,0.258
975.766,0.711,1.669,0.259
975.877,0.711,1.669,0.258
975.988,0.711,1.669,0.258
976.099,0.711,1.669,0.258
976.210,0.711,1.669,0.258
976.321,0.711,1.669,0.258
976.432,0.711,1.669,0.258
976.543,0.710,1.669,0.258
976.655,0.710,1.669,0.258
976.766,0.710,1.669,0.258
976.877,0.710,1.669,0.258
976.988,0.710,1.669,0.258
977.099,0.711,1.669,0.258
977.210,0.711,1.669,0.258
977.321,0.711,1.669,0.258
977.432,0.711,1.670,0.258
977.543,0.711,1.670,0.258
977.654,0.711,1.670,0.258
977.765,0.711,1.670,0.258
977.877,0.711,1.670,0.258
977.988,0.711,1.670,0.258
978.099,0.711,1.670,0.258
978.210,0.711,1.670,0.259
978.321,0.711,1.669,0.259
978.433,0.711,1.669,0.259
978.543,0.711,1.669,0.259
978.654,0.711,1.669,0.259
978.765,0.711,1.669,0.258
978.877,0.711,1.669,0.258
978.988,0.711,1.669,0.259
979.099,0.711,1.669,0.258
979.210,0.711,1.669,0.259
979.321,0.711,1.669,0.259
979.432,0.711,1.669,0.259
979.544,0.711,1.669,0.259
979.654,0.711,1.669,0.258
979.765,0.711,1.669,0.259
979.876,0.711,1.669,0.258
979.987,0.711,1.669,0.258
980.098,0.711,1.669,0.258
980.209,0.711,1.669,0.258
980.321,0.711,1.669,0.258
980.432,0.711,1.669,0.258
980.543,0.711,1.669,0.258
980.654,0.711,1.669,0.258
980.765,0.711,1.669,0.258
980.876,0.711,1.669,0.258
980.987,0.711,1.669,0.258
981.099,0.711,1.669,0.259
981.209,0.711,1.669,0.259
981.321,0.711,1.669,0.259
981.432,0.711,1.669,0.259
981.543,0.711,1.669,0.259
981.654,0.711,1.669,0.259
981.765,0.711,1.669,0.258
981.877,0.711,1.670,0.258
981.987,0.711,1.670,0.258
982.098,0.711,1.670,0.259
982.209,0.711,1.670,0.259
982.321,0.711,1.670,0.259
982.432,0.711,1.670,0.258
982.543,0.711,1.670,0.258
982.654,0.711,1.670,0.258
982.765,0.711,1.670,0.258
982.876,0.711,1.669,0.258
982.987,0.711,1.670,0.258
983.099,0.711,1.670,0.259
983.210,0.711,1.670,0.258
983.321,0.711,1.670,0.258
983.432,0.711,1.669,0.258
983.543,0.711,1.669,0.258
983.654,0.711,1.669,0.258
983.765,0.711,1.669,0.258
983.877,0.711,1.669,0.258
983.987,0.711,1.669,0.258
984.098,0.711,1.669,0.258
984.209,0.711,1.669,0.258
984.320,0.711,1.669,0.258
984.432,0.711,1.669,0.258
984.543,0.711,1.669,0.258
984.654,0.711,1.670,0.258
984.765,0.711,1.670,0.258
984.876,0.711,1.669,0.258
984.987,0.711,1.669,0.258
985.098,0.710,1.669,0.259
985.209,0.711,1.669,0.259
985.320,0.711,1.669,0.259
985.432,0.711,1.669,0.259
985.543,0.711,1.669,0.259
985.654,0.711,1.669,0.259
985.765,0.711,1.670,0.259
985.876,0.711,1.669,0.259
985.987,0.711,1.670,0.259
986.098,0.711,1.670,0.259
986.209,0.711,1.670,0.258
986.320,0.711,1.670,0.258
986.431,0.711,1.669,0.258
986.542,0.711,1.669,0.258
986.654,0.711,1.670,0.258
986.765,0.711,1.670,0.258
986.876,0.711,1.669,0.258
986.987,0.711,1.669,0.259
987.098,0.711,1.669,0.259
987.209,0.711,1.669,0.259
987.320,0.711,1.669,0.259
987.431,0.711,1.669,0.259
987.543,0.711,1.670,0.259
987.653,0.711,1.670,0.259
987.765,0.711,1.670,0.259
987.876,0.711,1.670,0.259
987.987,0.711,1.669,0.259
988.098,0.711,1.669,0.259
988.209,0.711,1.670,0.259
988.320,0.711,1.670,0.258
988.432,0.711,1.670,0.259
988.542,0.711,1.670,0.258
988.654,0.711,1.670,0.258
988.765,0.711,1.670,0.258
988.876,0.711,1.670,0.258
988.987,0.711,1.670,0.258
989.098,0.711,1.669,0.258
989.209,0.711,1.669,0.258
989.320,0.711,1.669,0.258
989.431,0.711,1.669,0.258
989.542,0.711,1.669,0.258
989.653,0.711,1.670,0.259
989.765,0.711,1.669,0.259
989.876,0.711,1.669,0.259
989.987,0.711,1.670,0.259
990.098,0.711,1.670,0.258
990.209,0.711,1.670,0.258
990.320,0.711,1.669,0.258
990.431,0.711,1.670,0.258
990.542,0.711,1.669,0.258
990.653,0.711,1.669,0.258
990.764,0.711,1.669,0.259
990.876,0.711,1.670,0.258
990.987,0.711,1.670,0.258
991.098,0.711,1.670,0.258
991.209,0.711,1.670,0.258
991.320,0.711,1.670,0.258
991.431,0.711,1.669,0.258
991.543,0.711,1.670,0.258
991.653,0.711,1.669,0.258
991.764,0.711,1.670,0.258
991.876,0.711,1.670,0.258
991.987,0.711,1.670,0.259
992.098,0.711,1.669,0.259
992.209,0.711,1.669,0.259
992.320,0.711,1.669,0.259
992.431,0.711,1.669,0.259
992.542,0.711,1.669,0.259
992.653,0.711,1.669,0.259
992.764,0.711,1.669,0.259
992.876,0.711,1.669,0.259
992.987,0.711,1.669,0.259
993.098,0.711,1.669,0.259
993.209,0.711,1.669,0.259
993.320,0.711,1.669,0.259
993.431,0.711,1.669,0.259
993.542,0.711,1.669,0.258
993.653,0.711,1.669,0.259
993.764,0.711,1.669,0.258
993.875,0.711,1.669,0.258
993.986,0.715,1.670,0.261
994.098,0.711,1.685,0.260
994.209,0.687,1.733,0.237
994.319,0.666,1.802,0.215
994.430,0.644,1.888,0.203
994.541,0.588,1.967,0.179
994.653,0.488,2.024,0.140
994.763,0.361,2.065,0.095
994.874,0.243,2.086,0.056
994.985,0.148,2.081,0.040
995.096,0.093,2.063,0.034
995.207,0.084,2.063,0.041
995.318,0.093,2.056,0.040
995.429,0.095,2.051,0.027
995.541,0.096,2.055,0.022
995.651,0.101,2.060,0.024
995.763,0.102,2.069,0.033
995.874,0.097,2.091,0.035
995.985,0.084,2.137,0.026
996.096,0.063,2.184,0.018
996.207,0.044,2.214,0.006
996.318,0.037,2.235,-0.016
996.429,0.038,2.233,-0.030
996.540,0.034,2.230,-0.037
996.652,0.030,2.227,-0.040
996.762,0.029,2.224,-0.043
996.874,0.031,2.223,-0.044
996.985,0.031,2.225,-0.045
997.398,0.000,0.000,0.000
997.502,0.030,2.224,-0.045
997.605,0.030,2.224,-0.045
997.718,0.030,2.224,-0.045
997.830,0.030,2.224,-0.045
997.943,0.030,2.224,-0.045
998.055,0.030,2.224,-0.045
998.167,0.030,2.224,-0.045
998.279,0.030,2.224,-0.045
998.391,0.030,2.224,-0.045
998.499,0.030,2.224,-0.045
998.610,0.030,2.224,-0.045
998.721,0.030,2.224,-0.045
998.824,-0.051,-0.172,-0.067
998.931,-0.054,-0.171,-0.068
999.041,-0.055,-0.170,-0.068
999.152,-0.055,-0.170,-0.066
999.262,-0.054,-0.170,-0.064
999.374,-0.053,-0.170,-0.061
999.485,-0.053,-0.170,-0.060
999.598,-0.053,-0.170,-0.061
999.709,-0.054,-0.170,-0.060
999.821,-0.053,-0.170,-0.061
999.932,-0.053,-0.171,-0.062
1000.043,-0.053,-0.171,-0.063
1000.154,-0.053,-0.171,-0.065
1000.266,-0.051,-0.172,-0.067
1000.378,-0.051,-0.173,-0.068
1000.489,-0.051,-0.173,-0.069
1000.600,-0.051,-0.173,-0.069
1000.712,-0.050,-0.173,-0.070
1000.824,-0.047,-0.175,-0.074
1000.934,-0.045,-0.176,-0.077
1001.046,-0.045,-0.176,-0.081
1001.157,-0.047,-0.175,-0.081
1001.268,-0.041,-0.178,-0.077
1001.380,-0.041,-0.178,-0.073
1001.491,-0.042,-0.177,-0.069
1001.602,-0.041,-0.177,-0.065
1001.713,-0.039,-0.177,-0.062
1001.825,-0.038,-0.177,-0.060
1001.936,-0.040,-0.177,-0.064
1002.047,-0.043,-0.176,-0.068
1002.158,-0.053,-0.171,-0.063
1002.267,-0.071,-0.156,-0.054
1002.394,-0.083,-0.142,-0.050
1002.504,-0.091,-0.132,-0.053
1002.617,-0.097,-0.123,-0.059
1002.727,-0.101,-0.116,-0.062
1002.839,-0.103,-0.109,-0.060
1002.948,-0.107,-0.094,-0.060
1003.059,-0.110,-0.073,-0.065
1003.171,-0.109,-0.058,-0.069
1003.282,-0.106,-0.045,-0.074
1003.393,-0.102,-0.032,-0.084
1003.504,-0.097,-0.022,-0.082
1003.615,-0.093,-0.016,-0.079
1003.726,-0.092,-0.013,-0.080
1003.838,-0.093,-0.015,-0.082
1003.948,-0.092,-0.014,-0.083
1004.060,-0.089,-0.009,-0.083
1004.170,-0.085,-0.004,-0.080
1004.282,-0.081,0.001,-0.076
1004.391,-0.075,0.006,-0.068
1004.503,-0.073,0.005,-0.058
1004.613,-0.077,0.000,-0.056
1004.724,-0.081,-0.003,-0.057
1004.836,-0.080,-0.002,-0.055
1004.947,-0.078,-0.001,-0.054
1005.060,-0.076,0.001,-0.054
1005.169,-0.073,0.005,-0.059
1005.280,-0.070,0.009,-0.062
1005.392,-0.070,0.009,-0.064
1005.502,-0.069,0.010,-0.064
1005.616,-0.068,0.011,-0.063
1005.725,0.022,0.037,-0.071
1005.836,0.023,0.038,-0.072
1005.948,0.023,0.037,-0.073
1006.060,0.023,0.037,-0.074
1006.172,0.023,0.036,-0.074
1006.280,0.023,0.036,-0.073
1006.384,0.024,0.033,-0.071
1006.492,0.024,0.032,-0.069
1006.603,0.024,0.030,-0.067
1006.713,0.023,0.029,-0.065
1006.820,0.023,0.029,-0.064
1006.932,0.023,0.028,-0.063
1007.044,0.023,0.028,-0.063
1007.152,0.023,0.027,-0.063
1007.267,0.023,0.028,-0.063
1007.374,0.024,0.027,-0.063
1007.485,0.024,0.028,-0.063
1007.594,0.024,0.028,-0.064
1007.707,0.024,0.028,-0.064
1007.820,0.025,0.027,-0.063
1007.927,0.025,0.027,-0.063
1008.029,0.025,0.027,-0.063
1008.139,0.025,0.026,-0.063
1008.248,0.026,0.025,-0.062
1008.362,0.025,0.025,-0.061
1008.472,0.025,0.025,-0.061
1008.583,0.026,0.025,-0.062
1008.695,0.026,0.025,-0.062
1008.807,0.026,0.025,-0.062
1008.918,0.026,0.025,-0.061
1009.028,0.026,0.025,-0.061
1009.142,0.026,0.028,-0.061
1009.251,0.026,0.033,-0.064
1009.362,0.027,0.036,-0.069
1009.472,0.028,0.036,-0.074
1009.583,0.028,0.037,-0.076
1009.696,0.028,0.038,-0.078
1009.807,0.029,0.039,-0.078
1009.917,0.029,0.037,-0.078
1010.029,0.029,0.036,-0.077
1010.139,0.029,0.035,-0.075
1010.251,0.028,0.034,-0.075
1010.362,0.028,0.034,-0.075
1010.473,0.028,0.034,-0.075
1010.584,0.028,0.033,-0.074
1010.696,0.028,0.033,-0.074
1010.807,0.028,0.033,-0.073
1010.918,0.028,0.033,-0.072
1011.029,0.028,0.032,-0.071
1011.141,0.028,0.032,-0.070
1011.251,0.027,0.032,-0.071
1011.363,0.027,0.032,-0.071
1011.473,0.028,0.032,-0.071
1011.585,0.028,0.031,-0.070
1011.696,0.028,0.031,-0.070
1011.807,0.028,0.031,-0.070
1011.917,0.028,0.031,-0.070
1012.029,0.028,0.031,-0.069
1012.141,0.028,0.030,-0.069
