Timestamp,X,Y,Z
4.155,-1.915,1.435,1.240
4.265,-1.910,1.435,1.242
4.377,-1.911,1.433,1.243
4.488,-1.911,1.433,1.244
4.599,-1.910,1.433,1.244
4.705,-1.908,1.432,1.244
4.817,-1.907,1.431,1.245
4.928,-1.907,1.431,1.245
5.039,-1.908,1.432,1.245
5.150,-1.910,1.434,1.243
5.262,-1.911,1.437,1.241
5.373,-1.912,1.440,1.240
5.484,-1.911,1.443,1.240
5.595,-1.910,1.444,1.238
5.707,-1.913,1.443,1.238
5.818,-1.915,1.442,1.238
5.929,-1.915,1.442,1.238
6.039,-1.916,1.442,1.237
6.151,-1.917,1.441,1.237
6.263,-1.918,1.441,1.237
6.372,-1.919,1.440,1.236
6.484,-1.920,1.440,1.236
6.596,-1.921,1.439,1.236
6.705,-1.921,1.439,1.237
6.816,-1.920,1.439,1.237
6.928,-1.919,1.439,1.236
7.040,-1.916,1.439,1.236
7.151,-1.913,1.440,1.236
7.263,-1.912,1.440,1.235
7.374,-1.910,1.440,1.235
7.483,-1.909,1.439,1.235
7.595,-1.908,1.439,1.234
7.707,-1.906,1.439,1.234
7.818,-1.904,1.438,1.234
7.930,-1.903,1.438,1.234
8.040,-1.903,1.438,1.234
8.151,-1.903,1.438,1.234
8.262,-1.903,1.438,1.234
8.373,-1.903,1.437,1.233
8.484,-1.903,1.437,1.232
8.596,-1.904,1.437,1.231
8.707,-1.905,1.437,1.230
8.818,-1.907,1.437,1.230
8.929,-1.908,1.437,1.231
9.040,-1.908,1.437,1.232
9.151,-1.909,1.436,1.233
9.262,-1.910,1.435,1.234
9.374,-1.911,1.434,1.233
9.483,-1.911,1.433,1.234
9.595,-1.911,1.432,1.234
9.706,-1.912,1.433,1.234
9.818,-1.915,1.434,1.234
9.929,-1.916,1.435,1.235
10.040,-1.916,1.436,1.236
10.151,-1.918,1.436,1.237
10.262,-1.920,1.436,1.237
10.373,-1.920,1.436,1.238
10.484,-1.919,1.436,1.238
10.596,-1.918,1.436,1.238
10.707,-1.917,1.435,1.238
10.818,-1.917,1.435,1.238
10.929,-1.917,1.435,1.238
11.040,-1.918,1.436,1.239
11.151,-1.918,1.436,1.240
11.262,-1.918,1.435,1.241
11.373,-1.918,1.435,1.243
11.484,-1.918,1.435,1.244
11.597,-1.917,1.435,1.245
11.707,-1.918,1.435,1.246
11.818,-1.921,1.440,1.246
11.928,-1.921,1.442,1.244
12.040,-1.921,1.442,1.244
12.152,-1.920,1.443,1.242
12.263,-1.919,1.447,1.241
12.374,-1.918,1.451,1.238
12.485,-1.916,1.452,1.234
12.596,-1.914,1.453,1.232
12.708,-1.914,1.455,1.230
12.818,-1.913,1.455,1.229
12.930,-1.914,1.456,1.229
13.040,-1.915,1.456,1.230
13.151,-1.915,1.455,1.231
13.263,-1.915,1.455,1.232
13.374,-1.914,1.455,1.233
13.484,-1.912,1.455,1.235
13.596,-1.911,1.454,1.236
13.708,-1.909,1.454,1.238
13.818,-1.908,1.453,1.239
13.930,-1.907,1.453,1.240
14.041,-1.909,1.452,1.240
14.151,-1.908,1.452,1.241
14.263,-1.907,1.451,1.241
14.375,-1.907,1.450,1.241
14.485,-1.910,1.450,1.240
14.596,-1.912,1.449,1.240
14.707,-1.913,1.449,1.240
14.819,-1.912,1.449,1.240
14.931,-1.911,1.449,1.240
15.040,-1.908,1.449,1.239
15.151,-1.904,1.450,1.238
15.263,-1.900,1.450,1.237
15.375,-1.899,1.451,1.236
15.485,-1.898,1.452,1.235
15.596,-1.898,1.453,1.234
15.707,-1.899,1.453,1.233
15.819,-1.900,1.453,1.233
15.930,-1.902,1.453,1.233
16.040,-1.902,1.452,1.233
16.152,-1.902,1.453,1.232
16.263,-1.903,1.453,1.232
16.374,-1.902,1.453,1.231
16.485,-1.902,1.452,1.231
16.596,-1.901,1.452,1.230
16.707,-1.900,1.452,1.229
16.818,-1.899,1.451,1.228
16.929,-1.898,1.451,1.227
17.040,-1.898,1.449,1.225
17.152,-1.896,1.443,1.225
17.263,-1.895,1.437,1.227
17.374,-1.897,1.435,1.228
17.485,-1.899,1.435,1.228
17.596,-1.901,1.433,1.226
17.707,-1.903,1.432,1.225
17.818,-1.905,1.430,1.224
17.930,-1.906,1.430,1.223
18.036,-1.907,1.430,1.222
18.149,-1.907,1.429,1.222
18.259,-1.907,1.429,1.224
18.367,-1.907,1.429,1.225
18.479,-1.906,1.429,1.227
18.590,-1.906,1.429,1.230
18.701,-1.906,1.429,1.232
18.811,-1.906,1.429,1.234
18.923,-1.907,1.429,1.235
19.033,-1.907,1.430,1.235
19.144,-1.908,1.430,1.236
19.255,-1.908,1.430,1.237
19.367,-1.908,1.430,1.238
19.470,-1.909,1.429,1.239
19.582,-1.909,1.429,1.240
19.694,-1.910,1.429,1.242
19.805,-1.911,1.429,1.243
19.915,-1.911,1.428,1.244
20.026,-1.911,1.428,1.244
20.135,-1.911,1.429,1.244
20.248,-1.910,1.429,1.245
20.360,-1.910,1.430,1.245
20.471,-1.908,1.431,1.244
20.582,-1.907,1.431,1.245
20.692,-1.906,1.431,1.245
20.804,-1.904,1.431,1.245
20.916,0.002,1.431,0.000
21.027,0.003,1.431,0.000
21.138,0.004,1.431,0.001
21.250,0.006,1.431,0.002
21.361,0.007,1.440,0.004
21.471,0.007,1.457,0.001
21.582,0.010,1.465,-0.004
21.693,0.011,1.467,-0.009
21.804,0.011,1.470,-0.012
21.915,0.014,1.475,-0.017
22.027,0.018,1.476,-0.022
22.137,0.022,1.478,-0.027
22.248,0.026,1.478,-0.029
22.360,0.029,1.478,-0.029
22.471,0.032,1.478,-0.027
22.582,0.035,1.477,-0.024
22.693,0.037,1.476,-0.021
22.804,0.038,1.475,-0.018
22.915,0.038,1.474,-0.015
23.027,0.038,1.472,-0.011
23.137,0.038,1.471,-0.008
23.249,0.037,1.470,-0.006
23.360,0.037,1.470,-0.003
23.471,0.037,1.469,-0.002
23.582,0.037,1.468,0.000
23.693,0.036,1.468,0.000
23.804,0.036,1.467,0.001
23.916,0.034,1.467,0.001
24.027,0.033,1.466,0.002
24.138,0.032,1.463,0.003
24.249,0.031,1.460,0.004
24.360,0.028,1.459,0.006
24.471,0.026,1.459,0.007
24.583,0.025,1.458,0.006
24.694,0.024,1.459,0.005
24.804,0.024,1.459,0.003
24.916,0.024,1.459,0.001
25.027,0.025,1.459,-0.001
25.138,0.026,1.459,-0.002
25.249,0.027,1.459,-0.004
25.360,0.028,1.459,-0.005
25.471,0.029,1.458,-0.006
25.582,0.030,1.457,-0.007
25.694,0.030,1.456,-0.008
25.804,0.029,1.456,-0.009
25.915,0.029,1.456,-0.010
26.027,0.029,1.456,-0.009
26.138,0.029,1.456,-0.009
26.249,0.029,1.456,-0.008
26.360,0.029,1.456,-0.006
26.472,0.029,1.455,-0.004
26.581,0.030,1.455,-0.003
26.694,0.031,1.454,-0.003
26.804,0.031,1.454,-0.002
26.916,0.031,1.454,-0.001
27.027,0.030,1.453,0.001
27.138,0.030,1.451,0.003
27.248,0.029,1.446,0.009
27.360,0.029,1.433,0.021
27.471,0.026,1.411,0.042
27.582,0.027,1.383,0.066
27.693,0.033,1.359,0.090
27.804,0.049,1.335,0.123
27.916,0.062,1.324,0.136
28.027,0.074,1.318,0.130
28.139,0.091,1.313,0.127
28.250,0.116,1.313,0.123
28.360,0.128,1.322,0.131
28.472,0.124,1.327,0.151
28.583,0.114,1.328,0.162
28.694,0.106,1.332,0.168
28.805,0.099,1.333,0.170
28.915,0.087,1.327,0.171
29.028,0.063,1.325,0.172
29.139,0.045,1.316,0.174
29.249,0.032,1.312,0.174
29.361,0.018,1.310,0.172
29.472,0.008,1.306,0.175
29.583,0.004,1.305,0.181
29.694,0.003,1.306,0.184
29.806,0.005,1.305,0.188
29.917,0.008,1.303,0.187
30.029,0.012,1.301,0.182
30.140,0.017,1.301,0.177
30.250,0.021,1.300,0.171
30.361,0.021,1.297,0.167
30.473,0.018,1.294,0.162
30.584,0.013,1.294,0.161
30.695,0.009,1.291,0.163
30.807,0.008,1.288,0.166
30.917,0.007,1.287,0.167
31.028,0.007,1.289,0.166
31.140,0.007,1.291,0.164
31.251,0.006,1.292,0.162
31.362,0.005,1.292,0.161
31.473,0.003,1.291,0.162
31.584,0.001,1.290,0.162
31.695,-0.001,1.289,0.164
31.806,-0.002,1.288,0.166
31.917,-0.003,1.285,0.168
32.029,-0.004,1.284,0.169
32.139,-0.005,1.284,0.170
32.251,-0.005,1.286,0.169
32.361,-0.005,1.288,0.168
32.473,-0.005,1.288,0.167
32.584,-0.005,1.286,0.168
32.695,-0.007,1.287,0.167
32.806,-0.008,1.287,0.166
32.918,-0.009,1.287,0.165
33.029,-0.009,1.287,0.165
33.140,-0.009,1.287,0.164
33.251,-0.007,1.287,0.163
33.362,-0.006,1.288,0.162
33.472,-0.004,1.288,0.162
33.584,-0.004,1.288,0.162
33.695,-0.003,1.288,0.162
33.806,-0.003,1.287,0.163
33.917,-0.004,1.286,0.163
34.028,-0.004,1.286,0.163
34.140,-0.004,1.286,0.165
34.251,-0.004,1.285,0.167
34.362,-0.004,1.285,0.169
34.473,-0.003,1.285,0.170
34.584,-0.003,1.285,0.170
34.695,-0.005,1.286,0.169
34.807,-0.008,1.287,0.169
34.917,-0.010,1.287,0.168
35.029,-0.012,1.287,0.167
35.140,-0.014,1.290,0.164
35.251,-0.016,1.294,0.162
35.362,-0.016,1.297,0.161
35.473,-0.016,1.299,0.159
35.584,-0.017,1.301,0.158
35.695,-0.017,1.302,0.157
35.807,-0.017,1.301,0.158
35.919,-0.016,1.301,0.159
36.028,-0.017,1.301,0.158
36.140,-0.018,1.300,0.159
36.251,-0.017,1.299,0.160
36.362,-0.017,1.300,0.158
36.473,-0.016,1.302,0.155
36.584,-0.015,1.303,0.154
36.696,-0.014,1.304,0.153
36.806,-0.012,1.305,0.151
36.917,-0.010,1.305,0.149
37.029,-0.010,1.305,0.148
37.140,-0.010,1.305,0.148
37.251,-0.007,1.304,0.152
37.362,0.000,1.305,0.160
37.473,0.008,1.307,0.170
37.584,0.025,1.313,0.187
37.696,0.049,1.310,0.205
37.807,0.067,1.307,0.214
37.918,0.077,1.310,0.219
38.029,0.078,1.314,0.223
38.140,0.076,1.309,0.223
38.251,0.068,1.304,0.221
38.362,0.060,1.308,0.218
38.474,0.053,1.310,0.207
38.584,0.051,1.310,0.200
38.695,0.052,1.311,0.197
38.807,0.054,1.311,0.196
38.918,0.058,1.311,0.197
39.029,0.061,1.311,0.195
39.140,0.065,1.313,0.192
39.251,0.070,1.314,0.190
39.362,0.074,1.314,0.188
39.473,0.077,1.315,0.187
39.584,0.080,1.315,0.187
39.696,0.083,1.315,0.188
39.806,0.085,1.315,0.188
39.917,0.086,1.315,0.189
40.029,0.089,1.314,0.190
40.140,0.092,1.314,0.190
40.251,0.095,1.315,0.188
40.362,0.097,1.315,0.187
40.474,0.098,1.315,0.187
40.584,0.098,1.315,0.187
40.696,0.097,1.315,0.186
40.807,0.096,1.315,0.184
40.918,0.096,1.316,0.182
41.028,0.095,1.319,0.182
41.140,0.095,1.319,0.182
41.251,0.098,1.311,0.187
41.363,0.100,1.295,0.198
41.473,0.101,1.290,0.207
41.584,0.102,1.293,0.211
41.696,0.107,1.293,0.213
41.807,0.112,1.293,0.211
41.918,0.112,1.295,0.209
42.029,0.110,1.296,0.207
42.140,0.106,1.297,0.205
42.251,0.104,1.299,0.203
42.362,0.107,1.302,0.207
42.474,0.109,1.301,0.201
42.584,0.110,1.298,0.193
42.696,0.110,1.300,0.189
42.806,0.109,1.302,0.185
42.918,0.109,1.300,0.185
43.029,0.113,1.302,0.188
43.140,0.118,1.304,0.188
43.251,0.126,1.307,0.187
43.362,0.135,1.309,0.185
43.474,0.142,1.309,0.184
43.586,0.000,0.000,0.000
43.799,-0.014,1.323,-0.011
43.907,0.008,1.315,0.005
44.020,-0.002,1.320,-0.001
44.133,0.005,1.311,0.000
44.244,0.020,1.303,0.005
44.363,0.028,1.309,0.012
44.473,0.025,1.318,0.015
44.584,0.025,1.322,0.017
44.695,0.019,1.328,0.017
44.807,0.011,1.334,0.014
44.919,0.007,1.334,0.012
45.030,0.006,1.332,0.011
45.142,-0.003,1.336,0.005
45.254,-0.021,1.345,-0.012
45.365,-0.030,1.352,-0.024
45.476,-0.034,1.356,-0.031
45.587,-0.038,1.361,-0.040
45.698,-0.041,1.368,-0.049
45.810,-0.041,1.376,-0.055
45.921,-0.041,1.382,-0.057
46.032,-0.038,1.385,-0.047
46.143,-0.035,1.396,-0.048
46.255,-0.033,1.398,-0.047
46.366,-0.029,1.408,-0.046
46.478,-0.023,1.419,-0.046
46.588,-0.017,1.424,-0.042
46.699,-0.015,1.426,-0.040
46.810,-0.013,1.433,-0.048
46.922,-0.010,1.437,-0.053
47.033,-0.010,1.437,-0.053
47.144,-0.010,1.436,-0.050
47.256,-0.010,1.436,-0.051
47.366,-0.011,1.436,-0.053
47.478,-0.012,1.436,-0.057
47.589,-0.012,1.437,-0.059
47.700,-0.010,1.439,-0.059
47.811,-0.008,1.441,-0.060
47.922,-0.007,1.441,-0.057
48.034,-0.007,1.442,-0.059
48.144,-0.007,1.442,-0.059
48.255,-0.006,1.442,-0.059
48.367,-0.008,1.442,-0.063
48.478,-0.012,1.438,-0.063
48.589,-0.012,1.437,-0.057
48.700,-0.014,1.434,-0.055
48.811,-0.010,1.437,-0.050
48.923,-0.007,1.437,-0.044
49.033,-0.009,1.433,-0.040
49.145,-0.016,1.424,-0.039
49.256,-0.021,1.417,-0.040
49.367,-0.026,1.413,-0.045
49.479,-0.034,1.404,-0.056
49.589,-0.038,1.398,-0.064
49.701,-0.039,1.394,-0.070
49.812,-0.042,1.385,-0.078
49.923,-0.043,1.379,-0.088
50.034,-0.042,1.379,-0.098
50.145,-0.039,1.383,-0.104
50.257,-0.038,1.388,-0.106
50.367,-0.036,1.394,-0.107
50.479,-0.001,1.399,0.000
50.588,-0.002,1.406,-0.003
50.699,-0.004,1.408,-0.004
50.810,-0.004,1.413,-0.007
50.923,-0.003,1.420,-0.011
51.033,-0.003,1.423,-0.013
51.144,-0.002,1.426,-0.015
51.258,-0.002,1.428,-0.017
51.367,-0.002,1.429,-0.017
51.477,-0.003,1.427,-0.016
51.587,0.000,1.430,-0.018
51.698,0.001,1.430,-0.018
51.810,0.001,1.430,-0.018
51.922,-0.001,1.428,-0.016
52.033,0.001,1.427,-0.016
52.144,0.204,1.528,-0.362
52.255,0.196,1.531,-0.363
52.364,0.193,1.530,-0.364
52.465,0.190,1.530,-0.363
52.574,0.185,1.530,-0.362
52.684,0.188,1.536,-0.363
52.796,0.187,1.540,-0.365
52.907,0.185,1.545,-0.367
53.018,0.184,1.547,-0.367
53.130,0.183,1.549,-0.365
53.240,0.182,1.550,-0.366
53.351,0.180,1.552,-0.364
53.463,0.177,1.551,-0.362
53.574,0.174,1.554,-0.361
53.685,0.171,1.556,-0.362
53.795,0.166,1.559,-0.363
53.907,0.167,1.563,-0.363
54.018,0.167,1.568,-0.368
54.129,0.170,1.576,-0.373
54.240,0.166,1.579,-0.378
54.352,0.164,1.583,-0.379
54.462,0.161,1.582,-0.378
54.574,0.160,1.579,-0.377
54.685,0.160,1.580,-0.373
54.796,0.160,1.581,-0.372
54.907,0.162,1.579,-0.368
55.018,0.164,1.577,-0.367
55.129,0.165,1.577,-0.364
55.242,0.164,1.576,-0.364
55.351,0.162,1.576,-0.365
55.464,0.159,1.576,-0.367
55.575,0.153,1.575,-0.371
55.685,0.154,1.569,-0.371
55.796,0.150,1.571,-0.371
55.907,0.150,1.577,-0.365
56.019,0.147,1.576,-0.371
56.129,0.146,1.578,-0.373
56.241,0.146,1.579,-0.376
56.352,0.146,1.578,-0.377
56.463,0.150,1.579,-0.372
56.574,0.154,1.578,-0.369
56.685,0.154,1.580,-0.365
56.797,0.156,1.580,-0.362
56.908,0.157,1.582,-0.362
57.018,0.160,1.578,-0.362
57.130,0.161,1.582,-0.365
57.241,0.165,1.582,-0.369
57.352,0.167,1.584,-0.373
57.464,0.169,1.588,-0.384
57.574,0.166,1.587,-0.399
57.685,0.171,1.586,-0.406
57.797,0.178,1.582,-0.409
57.907,0.180,1.580,-0.412
58.018,0.179,1.581,-0.416
58.130,0.178,1.581,-0.417
58.240,0.180,1.579,-0.418
58.351,0.182,1.580,-0.420
58.464,0.182,1.576,-0.422
58.575,0.180,1.577,-0.422
58.686,0.181,1.575,-0.419
58.797,0.178,1.576,-0.417
58.907,0.178,1.575,-0.415
59.019,0.177,1.575,-0.410
59.130,0.176,1.570,-0.409
59.241,0.175,1.570,-0.405
59.352,0.173,1.569,-0.403
59.463,0.170,1.569,-0.398
59.574,0.167,1.568,-0.395
59.685,0.163,1.567,-0.391
59.797,0.161,1.568,-0.389
59.908,0.159,1.568,-0.388
60.019,0.159,1.568,-0.387
60.130,0.161,1.567,-0.385
60.241,0.161,1.564,-0.387
60.352,0.164,1.563,-0.389
60.464,0.168,1.561,-0.392
60.575,0.170,1.558,-0.396
60.685,0.172,1.557,-0.400
60.797,0.176,1.558,-0.404
60.910,0.182,1.556,-0.407
61.020,0.184,1.556,-0.412
61.132,0.188,1.556,-0.414
61.241,0.190,1.556,-0.417
61.353,0.191,1.557,-0.418
61.465,0.192,1.556,-0.418
61.576,0.193,1.556,-0.418
61.686,0.193,1.556,-0.419
61.798,0.194,1.558,-0.418
61.909,0.196,1.558,-0.416
62.020,0.196,1.560,-0.413
62.131,0.199,1.561,-0.409
62.242,0.198,1.561,-0.409
62.353,0.197,1.561,-0.410
62.463,0.197,1.562,-0.409
62.575,0.196,1.564,-0.408
62.687,0.194,1.564,-0.409
62.797,0.194,1.564,-0.410
62.908,0.194,1.564,-0.411
63.019,0.194,1.564,-0.411
63.130,0.194,1.565,-0.411
63.242,0.193,1.565,-0.412
63.353,0.193,1.564,-0.410
63.464,0.192,1.558,-0.410
63.575,0.187,1.554,-0.404
63.686,0.181,1.554,-0.400
63.798,0.176,1.560,-0.398
63.909,0.172,1.565,-0.396
64.019,0.171,1.567,-0.398
64.131,0.171,1.566,-0.400
64.242,0.170,1.565,-0.402
64.353,0.169,1.564,-0.403
64.463,0.170,1.560,-0.405
64.575,0.172,1.554,-0.408
64.686,0.173,1.551,-0.411
64.796,0.170,1.551,-0.411
64.909,0.168,1.550,-0.413
65.020,0.167,1.551,-0.414
65.132,0.166,1.553,-0.415
65.243,0.168,1.553,-0.414
65.353,0.171,1.554,-0.412
65.464,0.171,1.555,-0.411
65.575,0.169,1.556,-0.412
65.687,0.169,1.556,-0.413
65.797,0.168,1.554,-0.415
65.909,0.166,1.552,-0.414
66.020,0.168,1.551,-0.413
66.131,0.170,1.552,-0.414
66.243,0.171,1.552,-0.414
66.353,0.170,1.551,-0.413
66.465,0.172,1.551,-0.414
66.576,0.175,1.552,-0.411
66.687,0.178,1.552,-0.411
66.798,0.178,1.552,-0.414
66.908,0.178,1.552,-0.417
67.019,0.177,1.552,-0.421
67.131,0.177,1.551,-0.423
67.242,0.177,1.551,-0.427
67.353,0.179,1.551,-0.429
67.463,0.180,1.551,-0.431
67.575,0.182,1.551,-0.431
67.687,0.184,1.551,-0.431
67.797,0.182,1.551,-0.432
67.908,0.183,1.551,-0.432
68.019,0.182,1.550,-0.433
68.131,0.182,1.550,-0.431
68.242,0.181,1.550,-0.432
68.353,0.183,1.549,-0.430
68.463,0.182,1.548,-0.430
68.576,0.182,1.548,-0.431
68.687,0.181,1.548,-0.433
68.798,0.181,1.548,-0.436
68.909,0.182,1.549,-0.438
69.020,0.183,1.549,-0.440
69.131,0.184,1.549,-0.442
69.241,0.185,1.550,-0.444
69.353,0.184,1.551,-0.445
69.464,0.183,1.552,-0.448
69.575,0.182,1.550,-0.448
69.687,0.184,1.549,-0.448
69.798,0.185,1.549,-0.447
69.909,0.182,1.546,-0.447
70.019,0.180,1.546,-0.447
70.131,0.179,1.545,-0.447
70.242,0.177,1.543,-0.448
70.352,0.175,1.542,-0.448
70.464,0.175,1.542,-0.446
70.576,0.173,1.542,-0.446
70.687,0.172,1.541,-0.445
70.798,0.173,1.542,-0.442
70.909,0.173,1.542,-0.440
71.019,0.172,1.543,-0.438
71.130,0.172,1.542,-0.436
71.243,0.171,1.542,-0.435
71.353,0.171,1.542,-0.434
71.464,0.171,1.542,-0.432
71.575,0.170,1.542,-0.431
71.686,0.168,1.542,-0.431
71.798,0.168,1.542,-0.431
71.909,0.168,1.542,-0.430
72.019,0.168,1.543,-0.428
72.131,0.170,1.543,-0.426
72.242,0.169,1.541,-0.427
72.352,0.168,1.541,-0.426
72.464,0.168,1.541,-0.426
72.576,0.169,1.541,-0.427
72.686,0.170,1.540,-0.427
72.798,0.172,1.540,-0.427
72.908,0.173,1.540,-0.429
73.020,0.172,1.540,-0.431
73.132,0.171,1.539,-0.433
73.242,0.170,1.539,-0.435
73.353,0.169,1.539,-0.438
73.464,0.170,1.539,-0.439
73.575,0.170,1.536,-0.437
73.686,0.167,1.527,-0.436
73.799,0.167,1.521,-0.433
73.909,0.170,1.516,-0.432
74.019,0.172,1.517,-0.425
74.131,0.170,1.524,-0.414
74.242,0.163,1.531,-0.406
74.354,0.159,1.543,-0.395
74.465,0.154,1.559,-0.382
74.576,0.142,1.577,-0.356
74.687,0.133,1.587,-0.330
74.796,0.132,1.589,-0.314
74.908,0.135,1.584,-0.305
75.020,0.141,1.581,-0.293
75.131,0.146,1.579,-0.278
75.243,0.153,1.572,-0.261
75.353,0.160,1.566,-0.243
75.466,0.163,1.563,-0.228
75.578,0.168,1.562,-0.223
75.687,0.164,1.564,-0.223
75.798,0.158,1.565,-0.227
75.909,0.159,1.565,-0.232
76.021,0.162,1.565,-0.231
76.132,0.163,1.563,-0.232
76.243,0.160,1.561,-0.230
76.356,0.159,1.560,-0.232
76.466,0.159,1.554,-0.231
76.577,0.158,1.543,-0.226
76.688,0.156,1.539,-0.224
76.799,0.156,1.541,-0.226
76.911,0.155,1.539,-0.230
77.020,0.154,1.530,-0.231
77.131,0.148,1.518,-0.222
77.243,0.144,1.508,-0.219
77.353,0.143,1.501,-0.220
77.465,0.145,1.503,-0.223
77.576,0.146,1.513,-0.229
77.687,0.147,1.548,-0.245
77.798,0.152,1.596,-0.280
77.909,0.170,1.611,-0.333
78.021,0.185,1.594,-0.367
78.132,0.184,1.599,-0.373
78.243,0.176,1.623,-0.368
78.354,0.170,1.632,-0.370
78.464,0.178,1.620,-0.388
78.575,0.184,1.605,-0.393
78.686,0.183,1.590,-0.392
78.798,0.185,1.581,-0.397
78.909,0.187,1.577,-0.403
79.021,0.188,1.566,-0.408
79.131,0.189,1.561,-0.409
79.242,0.189,1.561,-0.409
79.353,0.190,1.560,-0.417
79.464,0.181,1.563,-0.417
79.575,0.177,1.552,-0.405
79.687,0.168,1.552,-0.401
79.798,0.163,1.549,-0.400
79.909,0.162,1.547,-0.393
80.020,0.158,1.545,-0.390
80.131,0.154,1.548,-0.389
80.241,0.154,1.549,-0.389
80.353,0.155,1.552,-0.389
80.465,0.154,1.554,-0.390
80.576,0.154,1.556,-0.389
80.686,0.151,1.557,-0.390
80.798,0.154,1.557,-0.391
80.908,0.155,1.558,-0.391
81.020,0.153,1.557,-0.397
81.131,0.151,1.558,-0.400
81.242,0.152,1.557,-0.403
81.353,0.156,1.556,-0.402
81.464,0.162,1.555,-0.399
81.575,0.166,1.555,-0.394
81.686,0.167,1.553,-0.393
81.798,0.168,1.553,-0.391
81.908,0.170,1.553,-0.390
82.019,0.171,1.553,-0.390
82.131,0.171,1.553,-0.389
82.242,0.173,1.554,-0.390
82.353,0.173,1.555,-0.391
82.464,0.173,1.556,-0.391
82.575,0.173,1.557,-0.391
82.686,0.172,1.559,-0.391
82.798,0.172,1.561,-0.391
82.908,0.171,1.562,-0.393
83.019,0.172,1.565,-0.395
83.130,0.171,1.569,-0.395
83.242,0.171,1.571,-0.396
83.353,0.173,1.569,-0.398
83.464,0.172,1.571,-0.396
83.574,0.173,1.571,-0.395
83.685,0.173,1.572,-0.394
83.796,0.173,1.572,-0.394
83.907,0.174,1.573,-0.393
84.018,0.176,1.572,-0.392
84.129,0.176,1.573,-0.391
84.241,0.176,1.573,-0.391
84.351,0.176,1.574,-0.390
84.463,0.175,1.575,-0.389
84.574,0.175,1.574,-0.390
84.685,0.173,1.574,-0.389
84.797,0.173,1.574,-0.389
84.908,0.173,1.575,-0.388
85.019,0.173,1.575,-0.388
85.130,0.173,1.575,-0.389
85.241,0.174,1.574,-0.390
85.352,0.173,1.573,-0.391
85.464,0.174,1.575,-0.390
85.574,0.175,1.575,-0.390
85.685,0.175,1.575,-0.391
85.796,0.176,1.574,-0.390
85.907,0.175,1.574,-0.389
86.018,0.175,1.574,-0.389
86.130,0.175,1.575,-0.389
86.241,0.176,1.574,-0.389
86.351,0.177,1.576,-0.388
86.463,0.174,1.577,-0.390
86.575,0.174,1.576,-0.393
86.685,0.176,1.575,-0.395
86.795,0.176,1.575,-0.396
86.907,0.176,1.576,-0.398
87.019,0.178,1.576,-0.399
87.130,0.179,1.576,-0.401
87.241,0.181,1.577,-0.402
87.352,0.181,1.577,-0.403
87.463,0.181,1.576,-0.405
87.575,0.182,1.575,-0.407
87.686,0.182,1.575,-0.409
87.796,0.183,1.576,-0.412
87.907,0.184,1.576,-0.414
88.018,0.184,1.576,-0.415
88.130,0.183,1.576,-0.416
88.241,0.183,1.577,-0.415
88.352,0.183,1.577,-0.414
88.463,0.182,1.576,-0.414
88.575,0.181,1.579,-0.413
88.686,0.180,1.581,-0.412
88.797,0.178,1.581,-0.412
88.908,0.174,1.580,-0.413
89.018,0.172,1.580,-0.415
89.129,0.169,1.580,-0.417
89.242,0.165,1.578,-0.419
89.353,0.161,1.577,-0.422
89.464,0.159,1.577,-0.424
89.575,0.157,1.577,-0.426
89.687,0.156,1.577,-0.426
89.798,0.161,1.575,-0.423
89.909,0.166,1.573,-0.415
90.020,0.172,1.573,-0.406
90.131,0.178,1.572,-0.398
90.242,0.180,1.571,-0.396
90.353,0.181,1.571,-0.396
90.464,0.182,1.573,-0.397
90.575,0.184,1.573,-0.398
90.686,0.184,1.573,-0.398
90.798,0.184,1.573,-0.399
90.909,0.183,1.574,-0.400
91.020,0.183,1.574,-0.401
91.131,0.182,1.575,-0.403
91.242,0.182,1.575,-0.404
91.353,0.182,1.576,-0.406
91.464,0.182,1.576,-0.407
91.575,0.185,1.574,-0.408
91.686,0.187,1.573,-0.406
91.798,0.189,1.572,-0.403
91.909,0.189,1.571,-0.401
92.020,0.190,1.570,-0.398
92.131,0.189,1.570,-0.395
92.241,0.188,1.573,-0.394
92.353,0.186,1.574,-0.393
92.464,0.186,1.571,-0.394
92.575,0.184,1.570,-0.395
92.686,0.179,1.572,-0.395
92.797,0.171,1.569,-0.391
92.909,0.166,1.563,-0.379
93.019,0.164,1.556,-0.372
93.131,0.161,1.553,-0.372
93.242,0.156,1.555,-0.374
93.353,0.155,1.552,-0.375
93.464,0.161,1.548,-0.372
93.575,0.168,1.546,-0.369
93.686,0.174,1.547,-0.364
93.797,0.183,1.546,-0.359
93.908,0.188,1.547,-0.357
94.020,0.192,1.548,-0.357
94.131,0.194,1.549,-0.359
94.242,0.193,1.548,-0.357
94.352,0.192,1.547,-0.356
94.464,0.188,1.546,-0.356
94.576,0.182,1.548,-0.355
94.686,0.177,1.547,-0.354
94.796,0.171,1.547,-0.352
94.908,0.167,1.548,-0.350
95.020,0.162,1.549,-0.347
95.130,0.146,1.555,-0.346
95.242,0.122,1.565,-0.352
95.353,0.102,1.570,-0.368
95.463,0.090,1.573,-0.386
95.575,0.086,1.578,-0.402
95.686,0.086,1.579,-0.415
95.797,0.086,1.581,-0.422
95.908,0.087,1.581,-0.424
96.019,0.088,1.580,-0.421
96.130,0.092,1.579,-0.408
96.242,0.096,1.578,-0.389
96.352,0.100,1.575,-0.369
96.464,0.105,1.572,-0.355
96.575,0.113,1.570,-0.344
96.686,0.123,1.571,-0.340
96.797,0.130,1.572,-0.341
96.908,0.136,1.575,-0.346
97.020,0.143,1.577,-0.351
97.131,0.151,1.579,-0.355
97.242,0.154,1.583,-0.362
97.353,0.157,1.593,-0.367
97.463,0.158,1.604,-0.368
97.575,0.160,1.610,-0.366
97.686,0.162,1.611,-0.367
97.796,0.163,1.612,-0.369
97.908,0.165,1.608,-0.371
98.019,0.163,1.592,-0.368
98.131,0.164,1.589,-0.366
98.242,0.168,1.588,-0.368
98.352,0.172,1.588,-0.370
98.464,0.173,1.590,-0.373
98.575,0.173,1.591,-0.377
98.686,0.174,1.591,-0.380
98.798,0.174,1.591,-0.383
98.911,0.175,1.589,-0.388
99.019,0.176,1.590,-0.389
99.130,0.180,1.588,-0.388
99.241,0.197,1.587,-0.375
99.352,0.223,1.585,-0.367
99.463,0.247,1.580,-0.369
99.574,0.264,1.577,-0.380
99.685,0.269,1.574,-0.388
99.797,0.268,1.576,-0.392
99.909,0.268,1.587,-0.400
100.021,0.266,1.600,-0.416
100.132,0.259,1.603,-0.425
100.244,0.253,1.600,-0.422
100.356,0.256,1.595,-0.416
100.467,0.272,1.594,-0.411
100.578,0.307,1.593,-0.409
100.690,0.356,1.594,-0.410
100.801,0.417,1.600,-0.415
100.912,0.477,1.605,-0.421
101.022,0.533,1.607,-0.417
101.134,0.587,1.604,-0.408
101.245,0.641,1.596,-0.388
101.356,0.692,1.591,-0.351
101.467,0.741,1.589,-0.308
101.578,0.795,1.592,-0.271
101.689,0.860,1.599,-0.246
101.801,0.930,1.598,-0.244
101.914,0.993,1.598,-0.245
102.025,1.052,1.599,-0.245
102.135,1.112,1.593,-0.254
102.247,1.175,1.585,-0.272
102.358,1.241,1.572,-0.307
102.469,1.314,1.563,-0.366
102.581,1.399,1.558,-0.448
102.691,1.498,1.548,-0.545
102.803,1.590,1.539,-0.632
102.914,1.663,1.522,-0.703
103.025,1.715,1.499,-0.755
103.136,1.751,1.477,-0.789
103.247,1.776,1.458,-0.813
103.358,1.794,1.443,-0.831
103.469,1.807,1.426,-0.843
103.581,1.816,1.409,-0.851
103.691,1.820,1.401,-0.861
103.802,1.817,1.400,-0.866
103.914,1.807,1.416,-0.860
104.025,1.787,1.445,-0.836
104.136,1.759,1.483,-0.793
104.247,1.711,1.513,-0.744
104.358,1.651,1.534,-0.685
104.470,1.578,1.549,-0.615
104.581,1.488,1.552,-0.540
104.691,1.384,1.546,-0.471
104.802,1.282,1.543,-0.412
104.910,1.198,1.548,-0.362
105.021,1.126,1.553,-0.317
105.132,1.062,1.551,-0.277
105.243,1.010,1.550,-0.238
105.353,0.961,1.548,-0.195
105.465,0.913,1.541,-0.151
105.576,0.864,1.545,-0.105
105.687,0.813,1.548,-0.062
105.797,0.759,1.548,-0.025
105.908,0.702,1.545,-0.002
106.019,0.643,1.541,0.004
106.131,0.591,1.533,-0.001
106.241,0.546,1.532,-0.006
106.352,0.509,1.538,-0.005
106.463,0.486,1.541,0.002
106.574,0.477,1.542,0.010
106.685,0.478,1.535,0.025
106.797,0.485,1.515,0.050
106.908,0.491,1.506,0.075
107.019,0.498,1.495,0.093
107.130,0.509,1.487,0.107
107.242,0.516,1.486,0.115
107.352,0.520,1.485,0.119
107.464,0.522,1.485,0.122
107.575,0.519,1.485,0.122
107.686,0.512,1.488,0.121
107.796,0.501,1.491,0.116
107.908,0.476,1.503,0.113
108.019,0.455,1.524,0.097
108.130,0.446,1.536,0.084
108.241,0.441,1.539,0.080
108.353,0.435,1.540,0.078
108.464,0.425,1.539,0.075
108.574,0.413,1.538,0.071
108.686,0.403,1.534,0.065
108.797,0.397,1.531,0.051
108.908,0.399,1.529,0.033
109.020,0.404,1.525,0.022
109.131,0.403,1.519,0.023
109.243,0.394,1.516,0.038
109.353,0.383,1.517,0.073
109.464,0.378,1.513,0.117
109.575,0.379,1.510,0.154
109.686,0.388,1.508,0.187
109.797,0.402,1.505,0.215
109.908,0.416,1.505,0.230
110.019,0.425,1.507,0.236
110.131,0.432,1.509,0.238
110.241,0.434,1.509,0.241
110.353,0.436,1.508,0.245
110.463,0.430,1.509,0.247
110.574,0.425,1.511,0.246
110.685,0.424,1.509,0.246
110.797,0.421,1.511,0.242
110.908,0.422,1.515,0.237
111.020,0.422,1.523,0.230
111.130,0.410,1.552,0.211
111.241,0.406,1.571,0.184
111.352,0.405,1.579,0.167
111.464,0.406,1.583,0.157
111.575,0.406,1.583,0.148
111.685,0.402,1.582,0.133
111.797,0.397,1.577,0.099
111.909,0.405,1.568,0.053
112.021,0.432,1.555,0.015
112.133,0.462,1.544,-0.007
112.244,0.481,1.542,-0.016
112.355,0.489,1.538,-0.022
112.466,0.479,1.532,-0.022
112.577,0.458,1.537,-0.013
112.688,0.451,1.554,0.000
112.798,0.453,1.576,0.019
112.910,0.459,1.590,0.041
113.022,0.471,1.594,0.054
113.133,0.482,1.598,0.060
113.244,0.490,1.601,0.066
113.355,0.493,1.602,0.068
113.467,0.490,1.600,0.070
113.576,0.473,1.594,0.080
113.686,0.454,1.585,0.106
113.797,0.450,1.578,0.136
113.908,0.452,1.574,0.155
114.019,0.449,1.573,0.157
114.131,0.442,1.572,0.153
114.242,0.433,1.569,0.147
114.352,0.421,1.564,0.143
114.463,0.410,1.562,0.138
114.575,0.402,1.561,0.132
114.686,0.395,1.562,0.125
114.796,0.393,1.564,0.120
114.908,0.391,1.565,0.116
115.019,0.387,1.563,0.115
115.128,0.386,1.555,0.115
115.241,0.390,1.540,0.116
115.353,0.394,1.536,0.115
115.462,0.396,1.537,0.111
115.575,0.397,1.538,0.108
115.685,0.397,1.538,0.104
115.796,0.398,1.540,0.098
115.907,0.401,1.541,0.091
116.018,0.407,1.542,0.083
116.130,0.414,1.543,0.077
116.240,0.421,1.542,0.070
116.351,0.430,1.544,0.071
116.461,0.439,1.544,0.076
116.574,0.445,1.543,0.079
116.685,0.449,1.541,0.078
116.795,0.450,1.542,0.075
116.908,0.450,1.541,0.074
117.019,0.447,1.545,0.076
117.129,0.441,1.545,0.076
117.241,0.437,1.537,0.070
117.352,0.436,1.529,0.065
117.463,0.437,1.530,0.064
117.573,0.435,1.533,0.066
117.685,0.430,1.531,0.071
117.796,0.419,1.532,0.076
117.907,0.409,1.530,0.079
118.018,0.402,1.531,0.082
118.130,0.397,1.535,0.085
118.240,0.392,1.532,0.091
118.352,0.386,1.529,0.096
118.463,0.381,1.532,0.098
118.574,0.379,1.533,0.100
118.685,0.380,1.530,0.106
118.796,0.386,1.527,0.114
118.908,0.394,1.527,0.117
119.019,0.402,1.537,0.111
119.131,0.408,1.551,0.101
119.241,0.413,1.549,0.093
119.352,0.412,1.551,0.092
119.463,0.412,1.555,0.090
119.575,0.408,1.546,0.089
119.686,0.404,1.525,0.091
119.797,0.397,1.514,0.094
119.907,0.394,1.506,0.092
120.019,0.390,1.501,0.084
120.129,0.388,1.501,0.079
120.241,0.388,1.508,0.075
120.352,0.386,1.512,0.071
120.463,0.384,1.511,0.076
120.575,0.383,1.518,0.084
120.685,0.376,1.525,0.083
120.797,0.364,1.522,0.076
120.907,0.345,1.519,0.069
121.018,0.327,1.520,0.073
121.130,0.311,1.519,0.087
121.241,0.299,1.517,0.108
121.352,0.286,1.518,0.136
121.463,0.273,1.524,0.168
121.575,0.260,1.527,0.200
121.685,0.249,1.528,0.230
121.796,0.241,1.529,0.257
121.907,0.236,1.528,0.281
122.018,0.235,1.528,0.300
122.130,0.235,1.529,0.313
122.241,0.236,1.529,0.323
122.351,0.238,1.530,0.332
122.463,0.239,1.531,0.338
122.574,0.240,1.542,0.343
122.685,0.248,1.559,0.349
122.796,0.254,1.565,0.350
122.908,0.258,1.569,0.350
123.019,0.257,1.574,0.349
123.129,0.253,1.574,0.346
123.241,0.243,1.571,0.340
123.351,0.232,1.567,0.330
123.463,0.219,1.557,0.329
123.574,0.209,1.543,0.334
123.686,0.200,1.529,0.329
123.797,0.183,1.525,0.304
123.907,0.170,1.521,0.284
124.019,0.170,1.512,0.285
124.130,0.172,1.506,0.281
124.242,0.171,1.503,0.274
124.352,0.170,1.500,0.266
124.463,0.171,1.499,0.261
124.574,0.172,1.498,0.257
124.686,0.180,1.500,0.256
124.796,0.194,1.503,0.258
124.907,0.206,1.505,0.259
125.019,0.212,1.505,0.260
125.131,0.212,1.506,0.261
125.242,0.203,1.504,0.260
125.353,0.191,1.505,0.255
125.463,0.173,1.517,0.243
125.575,0.165,1.529,0.225
125.686,0.162,1.536,0.210
125.797,0.155,1.541,0.194
125.908,0.148,1.542,0.180
126.019,0.143,1.542,0.172
126.131,0.141,1.541,0.172
126.242,0.139,1.540,0.172
126.352,0.138,1.537,0.172
126.464,0.139,1.536,0.173
126.574,0.142,1.535,0.174
126.686,0.144,1.536,0.172
126.797,0.146,1.536,0.168
126.908,0.148,1.538,0.165
127.019,0.149,1.539,0.161
127.131,0.149,1.541,0.158
127.241,0.150,1.542,0.154
127.352,0.150,1.542,0.153
127.463,0.150,1.542,0.153
127.575,0.150,1.539,0.157
127.687,0.150,1.535,0.162
127.797,0.151,1.533,0.167
127.907,0.151,1.533,0.169
128.019,0.150,1.533,0.169
128.130,0.149,1.533,0.170
128.241,0.149,1.534,0.171
128.352,0.149,1.535,0.173
128.464,0.150,1.536,0.175
128.575,0.150,1.541,0.175
128.686,0.149,1.553,0.172
128.796,0.149,1.569,0.169
128.907,0.151,1.575,0.165
129.019,0.151,1.576,0.162
129.130,0.151,1.576,0.162
129.240,0.150,1.575,0.163
129.352,0.147,1.567,0.169
129.464,0.145,1.558,0.172
129.575,0.143,1.557,0.175
129.686,0.141,1.555,0.176
129.798,0.139,1.550,0.177
129.908,0.138,1.548,0.178
130.019,0.138,1.548,0.178
130.131,0.138,1.547,0.180
130.241,0.139,1.547,0.181
130.352,0.141,1.546,0.182
130.463,0.142,1.546,0.183
130.575,0.142,1.546,0.182
130.685,0.142,1.546,0.182
130.797,0.143,1.545,0.183
130.908,0.143,1.546,0.183
131.020,0.143,1.546,0.183
131.130,0.143,1.546,0.183
131.241,0.143,1.546,0.182
131.352,0.143,1.546,0.182
131.463,0.143,1.546,0.183
131.575,0.142,1.546,0.184
131.686,0.142,1.547,0.185
131.797,0.142,1.547,0.185
131.908,0.142,1.547,0.186
132.019,0.142,1.547,0.187
132.130,0.142,1.547,0.188
132.241,0.141,1.546,0.189
132.352,0.141,1.546,0.189
132.463,0.141,1.546,0.189
132.575,0.140,1.546,0.188
132.685,0.140,1.546,0.187
132.796,0.139,1.547,0.187
132.908,0.138,1.547,0.187
133.020,0.138,1.547,0.188
133.131,0.138,1.547,0.189
133.241,0.139,1.547,0.189
133.351,0.140,1.547,0.190
133.463,0.141,1.547,0.190
133.574,0.141,1.547,0.190
133.686,0.142,1.547,0.190
133.796,0.142,1.547,0.190
133.908,0.143,1.547,0.190
134.019,0.143,1.547,0.190
134.130,0.144,1.547,0.190
134.242,0.143,1.547,0.190
134.354,0.142,1.547,0.190
134.464,0.141,1.547,0.191
134.575,0.140,1.548,0.191
134.687,0.139,1.549,0.191
134.796,0.138,1.549,0.191
134.908,0.137,1.549,0.191
135.019,0.136,1.549,0.191
135.130,0.136,1.549,0.191
135.241,0.136,1.549,0.191
135.352,0.136,1.549,0.192
135.463,0.137,1.549,0.192
135.573,0.137,1.549,0.193
135.685,0.135,1.551,0.194
135.796,0.133,1.551,0.195
135.907,0.131,1.550,0.196
136.019,0.131,1.550,0.196
136.129,0.132,1.550,0.197
136.241,0.133,1.550,0.197
136.352,0.133,1.549,0.198
136.464,0.134,1.549,0.198
136.575,0.134,1.549,0.198
136.684,0.136,1.551,0.197
136.796,0.140,1.551,0.192
136.907,0.141,1.554,0.182
137.018,0.142,1.556,0.168
137.130,0.143,1.555,0.157
137.241,0.141,1.545,0.152
137.347,0.140,1.539,0.153
137.458,0.140,1.530,0.161
137.570,0.140,1.530,0.167
137.680,0.141,1.530,0.174
137.781,0.140,1.526,0.180
137.881,0.137,1.520,0.189
137.992,0.135,1.509,0.199
138.104,0.136,1.509,0.207
138.214,0.141,1.512,0.212
138.325,0.146,1.510,0.215
138.437,0.151,1.508,0.219
138.548,0.154,1.510,0.221
138.658,0.156,1.513,0.220
138.770,0.158,1.515,0.219
138.880,0.160,1.515,0.218
138.990,0.160,1.514,0.218
139.102,0.161,1.513,0.220
139.213,0.162,1.512,0.222
139.324,0.163,1.511,0.223
139.436,0.164,1.511,0.223
139.548,0.165,1.511,0.220
139.657,0.167,1.512,0.217
139.768,0.168,1.513,0.212
139.880,0.168,1.514,0.205
139.991,0.168,1.514,0.197
140.102,0.165,1.514,0.192
140.213,0.162,1.514,0.191
140.324,0.160,1.514,0.191
140.436,0.157,1.516,0.192
140.547,0.154,1.516,0.192
140.658,0.151,1.515,0.193
140.769,0.146,1.515,0.193
140.880,0.144,1.515,0.193
140.991,0.142,1.515,0.193
141.103,0.142,1.520,0.193
141.213,0.143,1.538,0.190
141.325,0.144,1.545,0.188
141.436,0.142,1.549,0.185
141.547,0.143,1.552,0.183
141.659,0.142,1.548,0.185
141.770,0.142,1.540,0.183
141.880,0.141,1.535,0.182
141.992,0.141,1.536,0.182
142.103,0.143,1.540,0.184
142.214,0.144,1.546,0.184
142.326,0.146,1.548,0.184
142.437,0.147,1.551,0.184
142.548,0.150,1.555,0.184
142.659,0.153,1.563,0.185
142.770,0.160,1.570,0.186
142.881,0.166,1.569,0.190
142.992,0.170,1.569,0.195
143.103,0.173,1.569,0.198
143.215,0.175,1.566,0.202
143.326,0.174,1.565,0.200
143.437,0.171,1.561,0.196
143.548,0.169,1.557,0.194
143.659,0.167,1.550,0.190
143.770,0.166,1.544,0.185
143.880,0.165,1.540,0.183
143.991,0.165,1.538,0.187
144.102,0.165,1.538,0.188
144.213,0.168,1.538,0.190
144.324,0.171,1.539,0.190
144.436,0.172,1.540,0.187
144.547,0.173,1.543,0.182
144.658,0.168,1.552,0.180
144.770,0.162,1.553,0.182
144.881,0.155,1.552,0.186
144.992,0.153,1.548,0.192
145.103,0.157,1.544,0.193
145.214,0.158,1.544,0.194
145.325,0.158,1.542,0.196
145.437,0.157,1.541,0.194
145.548,0.155,1.541,0.193
145.659,0.156,1.541,0.194
145.770,0.153,1.542,0.191
145.881,0.151,1.546,0.188
145.992,0.152,1.548,0.185
146.104,0.151,1.546,0.184
146.215,0.151,1.546,0.184
146.326,0.150,1.547,0.185
146.438,0.150,1.550,0.182
146.548,0.155,1.555,0.176
146.659,0.162,1.558,0.171
146.771,0.168,1.559,0.172
146.881,0.172,1.560,0.175
146.992,0.172,1.560,0.179
147.103,0.172,1.558,0.181
147.214,0.171,1.557,0.183
147.326,0.170,1.557,0.184
147.437,0.170,1.558,0.185
147.548,0.170,1.558,0.185
147.658,0.169,1.558,0.187
147.769,0.166,1.559,0.186
147.880,0.165,1.558,0.186
147.991,0.165,1.557,0.187
148.103,0.164,1.558,0.188
148.214,0.162,1.557,0.188
148.325,0.160,1.558,0.188
148.436,0.159,1.557,0.189
148.547,0.157,1.557,0.188
148.658,0.157,1.557,0.189
148.770,0.156,1.558,0.189
148.880,0.156,1.567,0.186
148.992,0.159,1.574,0.185
149.103,0.161,1.573,0.187
149.214,0.160,1.572,0.187
149.325,0.160,1.570,0.187
149.437,0.160,1.570,0.186
149.548,0.162,1.570,0.186
149.659,0.162,1.569,0.186
149.770,0.164,1.569,0.185
149.881,0.165,1.568,0.185
149.992,0.166,1.567,0.188
150.104,0.166,1.567,0.189
150.214,0.167,1.567,0.191
150.326,0.167,1.566,0.195
150.437,0.167,1.565,0.197
150.548,0.167,1.565,0.200
150.659,0.168,1.563,0.203
150.770,0.168,1.563,0.206
150.881,0.169,1.562,0.210
150.993,0.170,1.560,0.212
151.104,0.170,1.559,0.214
151.213,0.170,1.558,0.213
151.324,0.170,1.558,0.212
151.435,0.172,1.558,0.211
151.547,0.173,1.559,0.210
151.658,0.175,1.557,0.207
151.769,0.175,1.559,0.206
151.880,0.176,1.559,0.205
151.991,0.176,1.560,0.204
152.102,0.175,1.559,0.202
152.213,0.174,1.559,0.201
152.325,0.173,1.560,0.200
152.436,0.172,1.560,0.198
152.547,0.172,1.560,0.197
152.658,0.172,1.560,0.196
152.769,0.171,1.560,0.196
152.881,0.171,1.559,0.194
152.992,0.171,1.560,0.194
153.103,0.169,1.559,0.194
153.214,0.169,1.560,0.196
153.326,0.168,1.560,0.196
153.437,0.167,1.562,0.197
153.548,0.164,1.562,0.196
153.659,0.162,1.562,0.197
153.770,0.159,1.563,0.198
153.881,0.158,1.563,0.198
153.992,0.157,1.562,0.198
154.104,0.155,1.562,0.199
154.214,0.154,1.563,0.200
154.325,0.153,1.564,0.200
154.437,0.153,1.564,0.200
154.548,0.153,1.563,0.201
154.659,0.154,1.563,0.200
154.771,0.154,1.561,0.197
154.882,0.155,1.562,0.196
154.992,0.154,1.562,0.193
155.104,0.151,1.558,0.187
155.215,0.150,1.555,0.185
155.325,0.151,1.552,0.188
155.436,0.149,1.548,0.185
155.548,0.150,1.543,0.182
155.659,0.151,1.540,0.185
155.770,0.150,1.534,0.186
155.881,0.144,1.525,0.183
155.993,0.144,1.514,0.179
156.103,0.149,1.508,0.173
156.215,0.153,1.506,0.165
156.326,0.155,1.503,0.160
156.438,0.153,1.502,0.164
156.548,0.144,1.499,0.186
156.659,0.136,1.498,0.218
156.770,0.128,1.497,0.252
156.881,0.117,1.491,0.290
156.992,0.102,1.483,0.327
157.103,0.080,1.481,0.357
157.215,0.050,1.480,0.383
157.326,0.015,1.480,0.403
157.437,-0.024,1.477,0.418
157.548,-0.059,1.476,0.428
157.658,-0.084,1.484,0.424
157.770,-0.099,1.486,0.411
157.881,-0.095,1.483,0.396
157.992,-0.082,1.490,0.382
158.104,-0.062,1.488,0.374
158.215,-0.046,1.489,0.370
158.326,-0.037,1.490,0.369
158.438,-0.032,1.491,0.372
158.548,-0.028,1.491,0.375
158.660,-0.029,1.487,0.371
158.771,-0.031,1.486,0.353
158.882,-0.032,1.484,0.322
158.994,-0.035,1.477,0.275
159.106,-0.037,1.470,0.210
159.216,-0.036,1.471,0.134
159.327,-0.035,1.478,0.061
159.438,-0.032,1.488,0.003
159.549,-0.031,1.496,-0.038
159.660,-0.030,1.499,-0.066
159.771,-0.027,1.499,-0.082
159.882,-0.022,1.498,-0.095
159.993,-0.018,1.498,-0.114
160.104,-0.016,1.496,-0.136
160.216,-0.012,1.497,-0.159
160.327,-0.006,1.500,-0.175
160.439,0.001,1.502,-0.184
160.551,0.006,1.504,-0.189
160.662,0.009,1.505,-0.191
160.773,0.011,1.505,-0.188
160.884,0.011,1.506,-0.178
160.994,0.010,1.511,-0.160
161.106,0.008,1.518,-0.138
161.216,0.009,1.521,-0.124
161.326,0.011,1.524,-0.119
161.437,0.011,1.526,-0.111
161.548,0.013,1.528,-0.097
161.658,0.022,1.529,-0.076
161.769,0.037,1.526,-0.062
161.881,0.052,1.521,-0.058
161.992,0.062,1.513,-0.063
162.103,0.070,1.507,-0.073
162.214,0.072,1.503,-0.083
162.325,0.069,1.503,-0.090
162.436,0.064,1.503,-0.094
162.548,0.060,1.504,-0.095
162.658,0.057,1.504,-0.095
162.770,0.055,1.505,-0.095
162.881,0.053,1.506,-0.095
162.993,0.052,1.507,-0.093
163.104,0.060,1.508,-0.089
163.215,0.073,1.513,-0.080
163.326,0.089,1.519,-0.068
163.437,0.102,1.516,-0.057
163.548,0.107,1.518,-0.049
163.659,0.101,1.523,-0.044
163.770,0.082,1.523,-0.045
163.881,0.056,1.527,-0.046
163.992,0.030,1.533,-0.044
164.104,0.010,1.532,-0.040
164.215,0.000,1.530,-0.036
164.326,-0.004,1.530,-0.035
164.437,-0.004,1.530,-0.034
164.548,-0.001,1.531,-0.031
164.659,0.002,1.531,-0.028
164.770,0.005,1.530,-0.026
164.882,0.006,1.531,-0.026
164.993,0.005,1.532,-0.026
165.104,0.003,1.532,-0.024
165.215,-0.005,1.533,-0.022
165.325,-0.020,1.533,-0.021
165.437,-0.034,1.532,-0.022
165.548,-0.042,1.533,-0.023
165.659,-0.045,1.532,-0.023
165.770,-0.045,1.532,-0.021
165.881,-0.044,1.531,-0.020
165.992,-0.044,1.531,-0.019
166.104,-0.043,1.531,-0.017
166.215,-0.042,1.531,-0.014
166.325,-0.040,1.531,-0.012
166.437,-0.040,1.531,-0.009
166.548,-0.039,1.533,-0.007
166.659,-0.035,1.534,-0.002
166.770,-0.027,1.535,0.003
166.881,-0.021,1.537,0.009
166.993,-0.021,1.540,0.014
167.104,-0.026,1.541,0.014
167.215,-0.028,1.543,0.013
167.326,-0.027,1.545,0.011
167.437,-0.026,1.547,0.011
167.548,-0.026,1.547,0.010
167.660,-0.024,1.547,0.010
167.771,-0.021,1.549,0.009
167.882,-0.017,1.553,0.007
167.993,-0.009,1.557,0.004
168.104,-0.003,1.557,0.000
168.215,-0.002,1.558,-0.004
168.326,-0.002,1.559,-0.009
168.438,-0.002,1.562,-0.009
168.549,-0.005,1.564,-0.009
168.660,-0.008,1.565,-0.011
168.771,-0.010,1.565,-0.010
168.882,-0.011,1.564,-0.009
168.993,-0.010,1.565,-0.009
169.104,-0.010,1.562,-0.009
169.215,-0.010,1.562,-0.011
169.326,-0.010,1.562,-0.014
169.438,-0.011,1.563,-0.016
169.548,-0.012,1.563,-0.015
169.659,-0.013,1.563,-0.012
169.771,-0.014,1.563,-0.011
169.882,-0.014,1.562,-0.010
169.993,-0.013,1.559,-0.007
170.104,-0.011,1.550,-0.002
170.215,-0.011,1.542,0.002
170.327,-0.008,1.541,0.004
170.438,-0.003,1.543,0.006
170.549,0.006,1.544,0.006
170.660,0.011,1.544,0.006
170.771,0.015,1.544,0.005
170.882,0.020,1.545,0.004
170.993,0.024,1.545,0.002
171.104,0.027,1.546,0.000
171.216,0.029,1.547,-0.002
171.327,0.032,1.547,-0.003
171.438,0.033,1.547,-0.004
171.549,0.035,1.548,-0.006
171.660,0.035,1.549,-0.008
171.771,0.035,1.550,-0.009
171.883,0.035,1.551,-0.010
171.994,0.032,1.552,-0.010
172.105,0.029,1.551,-0.010
172.216,0.026,1.551,-0.010
172.327,0.022,1.551,-0.009
172.438,0.021,1.551,-0.009
172.549,0.020,1.551,-0.008
172.661,0.021,1.550,-0.006
172.772,0.022,1.551,-0.005
172.883,0.022,1.551,-0.005
172.994,0.022,1.551,-0.005
173.105,0.022,1.551,-0.003
173.216,0.022,1.552,-0.002
173.327,0.021,1.551,0.000
173.438,0.019,1.552,0.001
173.550,0.018,1.554,-0.001
173.661,0.015,1.555,-0.003
173.772,0.012,1.561,-0.006
173.883,0.008,1.569,-0.012
173.994,0.003,1.575,-0.018
174.105,-0.003,1.580,-0.022
174.216,-0.003,1.581,-0.026
174.327,-0.002,1.580,-0.026
174.438,0.000,1.580,-0.025
174.549,0.002,1.580,-0.025
174.660,0.004,1.578,-0.024
174.772,0.004,1.578,-0.023
174.882,0.005,1.578,-0.023
174.994,0.005,1.579,-0.021
175.105,0.006,1.579,-0.020
175.216,0.006,1.578,-0.019
175.327,0.005,1.577,-0.017
175.438,0.005,1.576,-0.015
175.549,0.005,1.574,-0.013
175.660,0.006,1.574,-0.011
175.771,0.005,1.575,-0.010
175.882,0.006,1.575,-0.010
175.993,0.006,1.576,-0.009
176.105,0.006,1.576,-0.010
176.215,0.006,1.576,-0.008
176.327,0.005,1.577,-0.008
176.438,0.004,1.578,-0.009
176.549,0.004,1.578,-0.009
176.660,0.006,1.577,-0.010
176.771,0.008,1.577,-0.011
176.882,0.009,1.577,-0.009
176.993,0.012,1.577,-0.010
177.105,0.014,1.578,-0.013
177.216,0.018,1.578,-0.016
177.327,0.021,1.578,-0.018
177.438,0.022,1.579,-0.020
177.549,0.023,1.579,-0.021
177.660,0.026,1.579,-0.023
177.771,0.029,1.580,-0.025
177.883,0.032,1.580,-0.027
177.994,0.034,1.580,-0.029
178.105,0.036,1.581,-0.031
178.216,0.036,1.580,-0.031
178.327,0.037,1.579,-0.030
178.438,0.035,1.578,-0.028
178.550,0.033,1.578,-0.025
178.660,0.030,1.578,-0.023
178.772,0.028,1.577,-0.020
178.882,0.025,1.576,-0.017
178.994,0.022,1.576,-0.015
179.105,0.021,1.577,-0.014
179.216,0.018,1.576,-0.013
179.327,0.015,1.576,-0.014
179.438,0.013,1.576,-0.015
179.549,0.011,1.576,-0.015
179.660,0.011,1.576,-0.015
179.771,0.011,1.576,-0.014
179.882,0.010,1.575,-0.012
179.994,0.010,1.576,-0.011
180.105,0.011,1.576,-0.011
180.215,0.010,1.575,-0.010
180.326,0.009,1.574,-0.008
180.438,0.009,1.572,-0.007
180.549,0.010,1.572,-0.005
180.660,0.011,1.572,-0.004
180.771,0.012,1.570,-0.002
180.882,0.013,1.567,0.000
180.993,0.013,1.564,0.002
181.104,0.012,1.563,0.003
181.215,0.012,1.564,0.003
181.326,0.012,1.564,0.002
181.438,0.012,1.564,0.002
181.549,0.012,1.561,0.000
181.660,0.012,1.556,-0.001
181.771,0.013,1.554,-0.004
181.882,0.012,1.556,-0.007
181.993,0.011,1.558,-0.010
182.104,0.010,1.559,-0.010
182.215,0.010,1.560,-0.011
182.325,0.010,1.563,-0.011
182.436,0.009,1.566,-0.011
182.548,0.008,1.571,-0.013
182.659,0.008,1.571,-0.015
182.770,0.008,1.571,-0.015
182.881,0.008,1.571,-0.017
182.993,0.009,1.571,-0.018
183.104,0.010,1.572,-0.018
183.215,0.011,1.572,-0.019
183.326,0.012,1.572,-0.020
183.437,0.011,1.571,-0.021
183.548,0.012,1.571,-0.021
183.659,0.011,1.571,-0.020
183.771,0.011,1.571,-0.020
183.881,0.012,1.571,-0.019
183.992,0.012,1.571,-0.018
184.104,0.013,1.572,-0.017
184.215,0.013,1.572,-0.016
184.326,0.012,1.572,-0.015
184.437,0.011,1.572,-0.014
184.548,0.010,1.572,-0.012
184.660,0.010,1.571,-0.012
184.771,0.009,1.572,-0.012
184.882,0.009,1.572,-0.011
184.993,0.008,1.572,-0.012
185.104,0.008,1.572,-0.012
185.215,0.008,1.572,-0.013
185.326,0.008,1.572,-0.013
185.437,0.009,1.572,-0.012
185.549,0.010,1.572,-0.012
185.659,0.011,1.572,-0.011
185.771,0.011,1.572,-0.011
185.881,0.011,1.572,-0.010
185.993,0.011,1.571,-0.010
186.104,0.011,1.571,-0.010
186.215,0.010,1.571,-0.010
186.326,0.010,1.571,-0.011
186.437,0.009,1.571,-0.011
186.548,0.009,1.571,-0.012
186.659,0.009,1.571,-0.013
186.770,0.008,1.571,-0.015
186.881,0.008,1.571,-0.016
186.992,0.007,1.571,-0.018
187.104,0.007,1.571,-0.019
187.215,0.008,1.571,-0.019
187.326,0.009,1.571,-0.019
187.437,0.011,1.572,-0.020
187.548,0.017,1.572,-0.022
187.660,0.024,1.572,-0.024
187.771,0.031,1.573,-0.027
187.882,0.037,1.572,-0.029
187.993,0.043,1.572,-0.031
188.104,0.045,1.571,-0.030
188.216,0.046,1.571,-0.031
188.327,0.047,1.571,-0.032
188.438,0.049,1.571,-0.032
188.549,0.052,1.571,-0.033
188.660,0.056,1.571,-0.034
188.771,0.058,1.572,-0.036
188.882,0.060,1.572,-0.035
188.993,0.063,1.571,-0.035
189.105,0.064,1.572,-0.036
189.216,0.065,1.573,-0.036
189.327,0.065,1.573,-0.037
189.438,0.067,1.573,-0.040
189.549,0.068,1.572,-0.043
189.660,0.070,1.571,-0.046
189.771,0.071,1.571,-0.050
189.882,0.071,1.572,-0.051
189.993,0.069,1.573,-0.050
190.104,0.068,1.573,-0.050
190.215,0.067,1.573,-0.051
190.327,0.067,1.573,-0.051
190.438,0.069,1.573,-0.051
190.549,0.073,1.572,-0.053
190.660,0.077,1.572,-0.055
190.771,0.082,1.571,-0.058
190.882,0.087,1.571,-0.059
190.993,0.094,1.569,-0.060
191.104,0.096,1.566,-0.059
191.215,0.091,1.567,-0.056
191.327,0.081,1.567,-0.050
191.437,0.070,1.567,-0.045
191.549,0.064,1.569,-0.041
191.660,0.063,1.567,-0.037
191.771,0.065,1.566,-0.035
191.882,0.068,1.567,-0.035
191.993,0.072,1.568,-0.036
192.104,0.076,1.567,-0.036
192.216,0.079,1.567,-0.037
192.327,0.082,1.568,-0.036
192.438,0.084,1.567,-0.035
192.549,0.085,1.567,-0.033
192.660,0.085,1.567,-0.032
192.771,0.086,1.567,-0.032
192.882,0.087,1.567,-0.032
192.993,0.087,1.567,-0.032
193.105,0.087,1.567,-0.032
193.216,0.087,1.567,-0.032
193.327,0.087,1.568,-0.033
193.438,0.087,1.567,-0.033
193.549,0.088,1.568,-0.034
193.660,0.085,1.569,-0.034
193.771,0.082,1.570,-0.033
193.883,0.080,1.570,-0.031
193.994,0.078,1.571,-0.031
194.105,0.075,1.571,-0.029
194.216,0.075,1.571,-0.029
194.327,0.074,1.570,-0.028
194.438,0.073,1.570,-0.028
194.549,0.074,1.570,-0.028
194.661,0.074,1.570,-0.027
194.772,0.075,1.570,-0.026
194.883,0.075,1.570,-0.024
194.994,0.074,1.571,-0.023
195.105,0.074,1.571,-0.022
195.216,0.075,1.571,-0.021
195.327,0.075,1.570,-0.022
195.438,0.075,1.570,-0.022
195.549,0.075,1.571,-0.023
195.660,0.074,1.570,-0.024
195.772,0.074,1.570,-0.025
195.883,0.073,1.570,-0.025
195.994,0.073,1.570,-0.026
196.105,0.072,1.570,-0.027
196.216,0.073,1.570,-0.027
196.327,0.073,1.570,-0.028
196.438,0.073,1.570,-0.028
196.549,0.075,1.570,-0.029
196.660,0.077,1.570,-0.030
196.772,0.078,1.570,-0.031
196.883,0.078,1.570,-0.032
196.994,0.079,1.570,-0.033
197.105,0.079,1.570,-0.034
197.216,0.079,1.570,-0.034
197.327,0.079,1.570,-0.035
197.438,0.079,1.570,-0.035
197.549,0.078,1.569,-0.035
197.660,0.078,1.569,-0.035
197.771,0.078,1.570,-0.035
197.883,0.078,1.570,-0.036
197.994,0.078,1.570,-0.035
198.105,0.078,1.570,-0.035
198.216,0.078,1.570,-0.035
198.327,0.078,1.570,-0.034
198.438,0.078,1.569,-0.034
198.549,0.078,1.569,-0.033
198.660,0.078,1.569,-0.032
198.772,0.077,1.569,-0.032
198.883,0.077,1.569,-0.031
198.994,0.077,1.569,-0.030
199.105,0.077,1.568,-0.029
199.216,0.077,1.568,-0.029
199.327,0.077,1.568,-0.029
199.438,0.077,1.568,-0.029
199.549,0.076,1.568,-0.029
199.660,0.076,1.568,-0.028
199.772,0.077,1.568,-0.028
199.882,0.077,1.568,-0.028
199.994,0.077,1.569,-0.027
200.105,0.077,1.569,-0.026
200.216,0.077,1.569,-0.026
200.327,0.077,1.568,-0.026
200.438,0.077,1.569,-0.026
200.549,0.077,1.569,-0.026
200.660,0.077,1.568,-0.025
200.772,0.077,1.569,-0.025
200.882,0.077,1.568,-0.024
200.994,0.078,1.568,-0.024
201.105,0.078,1.568,-0.024
201.216,0.079,1.568,-0.023
201.327,0.080,1.569,-0.022
201.438,0.080,1.568,-0.021
201.549,0.080,1.568,-0.022
201.660,0.080,1.568,-0.023
201.771,0.080,1.568,-0.024
201.882,0.079,1.568,-0.025
201.994,0.078,1.568,-0.026
202.105,0.077,1.568,-0.027
202.216,0.076,1.568,-0.028
202.327,0.075,1.568,-0.029
202.438,0.075,1.569,-0.028
202.549,0.075,1.568,-0.028
202.660,0.076,1.568,-0.028
202.771,0.076,1.568,-0.027
202.883,0.076,1.568,-0.027
202.994,0.076,1.568,-0.027
203.105,0.077,1.568,-0.027
203.216,0.076,1.568,-0.028
203.327,0.077,1.568,-0.028
203.438,0.077,1.568,-0.028
203.549,0.077,1.567,-0.029
203.660,0.077,1.568,-0.030
203.771,0.076,1.568,-0.031
203.883,0.075,1.568,-0.031
203.994,0.075,1.568,-0.031
204.105,0.075,1.568,-0.031
204.216,0.076,1.568,-0.031
204.327,0.077,1.568,-0.031
204.438,0.077,1.567,-0.030
204.549,0.077,1.567,-0.030
204.661,0.078,1.567,-0.030
204.771,0.079,1.567,-0.029
204.882,0.079,1.567,-0.028
204.994,0.080,1.567,-0.027
205.105,0.081,1.566,-0.026
205.216,0.082,1.566,-0.025
205.327,0.083,1.566,-0.025
205.438,0.085,1.564,-0.024
205.549,0.087,1.559,-0.023
205.660,0.089,1.556,-0.022
205.771,0.091,1.553,-0.021
205.882,0.092,1.550,-0.019
205.993,0.092,1.553,-0.020
206.104,0.090,1.558,-0.021
206.215,0.089,1.563,-0.024
206.326,0.088,1.565,-0.026
206.438,0.087,1.565,-0.027
206.549,0.086,1.566,-0.028
206.660,0.085,1.566,-0.028
206.771,0.085,1.566,-0.029
206.882,0.084,1.566,-0.029
206.994,0.084,1.566,-0.029
207.104,0.084,1.566,-0.029
207.215,0.083,1.565,-0.029
207.326,0.083,1.566,-0.029
207.438,0.083,1.565,-0.029
207.549,0.083,1.565,-0.029
207.660,0.083,1.564,-0.029
207.771,0.083,1.564,-0.029
207.882,0.083,1.565,-0.028
207.993,0.083,1.564,-0.028
208.104,0.083,1.564,-0.027
208.216,0.083,1.564,-0.025
208.327,0.083,1.564,-0.025
208.438,0.083,1.564,-0.024
208.549,0.083,1.564,-0.023
208.660,0.083,1.564,-0.022
208.771,0.083,1.564,-0.021
208.882,0.083,1.564,-0.021
208.993,0.083,1.564,-0.020
209.104,0.084,1.564,-0.019
209.215,0.084,1.564,-0.018
209.327,0.084,1.564,-0.017
209.438,0.085,1.563,-0.016
209.549,0.086,1.563,-0.015
209.660,0.087,1.563,-0.013
209.771,0.087,1.563,-0.012
209.882,0.087,1.563,-0.011
209.993,0.087,1.563,-0.011
210.105,0.087,1.563,-0.011
210.215,0.086,1.563,-0.011
210.327,0.086,1.563,-0.011
210.438,0.087,1.563,-0.011
210.549,0.087,1.563,-0.011
210.660,0.087,1.563,-0.012
210.770,0.000,1.563,0.000
210.882,0.000,1.563,-0.001
210.992,0.000,1.563,-0.001
211.104,-0.001,1.563,0.000
211.215,-0.001,1.563,0.001
211.326,-0.001,1.562,0.001
211.437,-0.001,1.563,0.002
211.548,-0.002,1.562,0.002
211.659,-0.002,1.562,0.002
211.770,-0.002,1.562,0.003
211.882,-0.002,1.562,0.003
211.992,-0.002,1.563,0.004
212.104,-0.003,1.563,0.004
212.215,-0.003,1.563,0.004
212.325,-0.003,1.563,0.004
212.437,-0.003,1.563,0.003
212.548,-0.004,1.563,0.003
212.659,-0.004,1.563,0.002
212.771,-0.005,1.562,0.000
212.881,-0.005,1.562,-0.002
212.992,-0.004,1.558,-0.001
213.104,-0.002,1.555,0.002
213.215,0.000,1.552,0.007
213.326,0.003,1.548,0.013
213.438,0.007,1.545,0.016
213.548,0.010,1.543,0.018
213.659,0.011,1.543,0.019
213.771,0.011,1.543,0.018
213.881,0.011,1.543,0.017
213.992,0.010,1.545,0.016
214.104,0.001,1.549,0.015
214.214,-0.017,1.554,0.014
214.326,-0.034,1.558,0.010
214.437,-0.051,1.560,0.004
214.547,-0.063,1.561,-0.001
214.659,-0.070,1.561,-0.005
214.770,-0.071,1.561,-0.007
214.881,-0.069,1.561,-0.006
214.993,-0.058,1.563,0.002
215.103,-0.036,1.565,0.011
215.215,-0.010,1.566,0.014
215.326,0.009,1.566,0.012
215.437,0.019,1.564,0.011
215.548,0.022,1.562,0.013
215.660,0.021,1.559,0.016
215.771,0.017,1.554,0.019
215.882,0.011,1.548,0.023
215.992,0.004,1.543,0.026
216.103,-0.001,1.542,0.028
216.214,-0.006,1.541,0.030
216.326,-0.011,1.535,0.033
216.437,-0.014,1.529,0.036
216.548,-0.018,1.527,0.039
216.659,-0.019,1.527,0.039
216.771,-0.019,1.528,0.038
216.881,-0.021,1.528,0.036
216.992,-0.022,1.528,0.036
217.104,-0.023,1.528,0.036
217.214,-0.023,1.529,0.037
217.326,-0.023,1.528,0.039
217.437,-0.022,1.528,0.040
217.548,-0.022,1.529,0.041
217.659,-0.021,1.529,0.042
217.770,-0.021,1.530,0.042
217.881,-0.021,1.531,0.041
217.993,-0.021,1.531,0.040
218.104,-0.020,1.532,0.039
218.215,-0.019,1.532,0.037
218.326,-0.019,1.533,0.036
218.437,-0.018,1.533,0.034
218.548,-0.018,1.533,0.032
218.659,-0.018,1.534,0.030
218.770,-0.016,1.539,0.028
218.881,-0.008,1.553,0.024
218.993,0.003,1.562,0.018
219.104,0.013,1.568,0.014
219.215,0.020,1.571,0.012
219.326,0.022,1.571,0.013
219.438,0.021,1.573,0.014
219.549,0.018,1.573,0.015
219.660,0.017,1.569,0.020
219.771,0.017,1.557,0.027
219.882,0.015,1.542,0.034
219.993,0.012,1.537,0.040
220.104,0.008,1.538,0.040
220.215,0.005,1.538,0.039
220.326,0.001,1.537,0.037
220.438,0.002,1.534,0.035
220.549,0.001,1.530,0.035
220.660,-0.018,1.525,0.037
220.771,-0.042,1.526,0.034
220.881,-0.066,1.530,0.025
220.993,-0.086,1.534,0.012
221.104,-0.097,1.537,-0.001
221.215,-0.104,1.537,-0.012
221.326,-0.111,1.535,-0.021
221.437,-0.113,1.534,-0.025
221.548,-0.113,1.534,-0.025
221.659,-0.111,1.534,-0.019
221.770,-0.107,1.535,-0.007
221.882,-0.096,1.537,0.008
221.993,-0.076,1.540,0.026
222.104,-0.050,1.541,0.039
222.215,-0.026,1.541,0.046
222.326,-0.010,1.541,0.049
222.437,-0.003,1.541,0.050
222.548,-0.001,1.542,0.050
222.660,-0.005,1.542,0.049
222.771,-0.008,1.541,0.049
222.882,-0.012,1.536,0.051
222.993,-0.019,1.527,0.054
223.104,-0.024,1.522,0.058
223.215,-0.027,1.520,0.060
223.326,-0.029,1.521,0.062
223.437,-0.029,1.523,0.060
223.548,-0.027,1.525,0.059
223.660,-0.025,1.526,0.056
223.771,-0.020,1.530,0.052
223.882,-0.017,1.536,0.048
223.993,-0.021,1.549,0.047
224.104,-0.030,1.565,0.042
224.215,-0.036,1.574,0.034
224.326,-0.040,1.576,0.026
224.437,-0.042,1.576,0.022
224.548,-0.048,1.572,0.020
224.659,-0.059,1.567,0.017
224.770,-0.073,1.559,0.013
224.882,-0.085,1.554,0.008
224.993,-0.093,1.551,0.004
225.104,-0.098,1.552,-0.001
225.215,-0.101,1.551,-0.004
225.326,-0.105,1.551,-0.008
225.437,-0.110,1.551,-0.013
225.548,-0.114,1.551,-0.016
225.660,-0.119,1.551,-0.018
225.770,-0.121,1.550,-0.019
225.881,-0.121,1.550,-0.018
225.993,-0.120,1.550,-0.016
226.104,-0.118,1.551,-0.013
226.215,-0.117,1.551,-0.011
226.327,-0.116,1.552,-0.012
226.437,-0.115,1.552,-0.013
226.548,-0.113,1.553,-0.015
226.659,-0.111,1.554,-0.017
226.771,-0.109,1.555,-0.016
226.882,-0.108,1.556,-0.017
226.992,-0.106,1.556,-0.017
227.104,-0.105,1.556,-0.018
227.215,-0.103,1.556,-0.018
227.327,-0.102,1.557,-0.018
227.437,-0.103,1.557,-0.017
227.548,-0.103,1.557,-0.015
227.659,-0.104,1.557,-0.014
227.771,-0.104,1.556,-0.014
227.882,-0.106,1.556,-0.014
227.992,-0.108,1.555,-0.013
228.104,-0.111,1.554,-0.011
228.215,-0.115,1.554,-0.010
228.326,-0.119,1.554,-0.008
228.437,-0.124,1.554,-0.006
228.548,-0.130,1.553,-0.004
228.659,-0.136,1.552,-0.003
228.771,-0.141,1.552,-0.002
228.882,-0.148,1.553,0.000
228.993,-0.156,1.553,0.000
229.104,-0.166,1.552,-0.003
229.215,-0.174,1.551,-0.006
229.326,-0.179,1.550,-0.009
229.437,-0.183,1.550,-0.012
229.548,-0.186,1.550,-0.014
229.659,-0.189,1.549,-0.015
229.770,-0.192,1.547,-0.013
229.881,-0.198,1.543,-0.010
229.993,-0.207,1.541,-0.007
230.104,-0.221,1.539,-0.004
230.215,-0.237,1.537,-0.002
230.326,-0.252,1.535,0.002
230.437,-0.265,1.531,0.011
230.548,-0.277,1.529,0.024
230.659,-0.289,1.525,0.039
230.771,-0.303,1.522,0.055
230.881,-0.320,1.520,0.076
230.993,-0.342,1.520,0.105
231.098,-0.374,1.523,0.142
231.204,-0.414,1.528,0.185
231.315,-0.459,1.532,0.226
231.427,-0.503,1.531,0.256
231.538,-0.543,1.533,0.276
231.645,-0.579,1.531,0.290
231.756,-0.624,1.526,0.302
231.867,-0.673,1.517,0.307
231.978,-0.729,1.509,0.308
232.089,-0.791,1.515,0.304
232.201,-0.851,1.519,0.299
232.312,-0.905,1.519,0.296
232.423,-0.952,1.520,0.300
232.534,-0.994,1.518,0.310
232.645,-1.032,1.516,0.325
232.756,-1.067,1.512,0.347
232.867,-1.101,1.505,0.372
232.978,-1.138,1.501,0.400
233.089,-1.178,1.502,0.425
233.201,-1.214,1.500,0.447
233.312,-1.247,1.500,0.459
233.423,-1.278,1.498,0.463
233.534,-1.305,1.492,0.457
233.645,-1.334,1.487,0.444
233.757,-1.366,1.487,0.427
233.868,-1.397,1.487,0.412
233.979,-1.425,1.485,0.401
234.090,-1.452,1.483,0.393
234.201,-1.477,1.480,0.390
234.312,-1.496,1.475,0.388
234.423,-1.509,1.473,0.386
234.535,-1.516,1.471,0.385
234.645,-1.518,1.472,0.384
234.757,-1.514,1.473,0.383
234.868,-1.509,1.477,0.383
234.979,-1.502,1.480,0.382
235.090,-1.493,1.483,0.380
235.201,-1.484,1.487,0.379
235.312,-1.476,1.487,0.376
235.423,-1.467,1.485,0.370
235.534,-1.457,1.486,0.363
235.645,-1.446,1.489,0.358
235.756,-1.436,1.491,0.355
235.868,-1.428,1.493,0.355
235.979,-1.424,1.491,0.357
236.090,-1.421,1.491,0.359
236.201,-1.420,1.492,0.360
236.312,-1.421,1.493,0.363
236.423,-1.423,1.494,0.365
236.534,-1.427,1.495,0.365
236.645,-1.430,1.496,0.363
236.756,-1.430,1.497,0.360
236.868,-1.429,1.497,0.358
236.979,-1.428,1.498,0.356
237.090,-1.426,1.502,0.355
237.201,-1.426,1.502,0.357
237.312,-1.426,1.501,0.357
237.423,-1.427,1.499,0.356
237.534,-1.430,1.493,0.342
237.645,-1.439,1.487,0.324
237.757,-1.446,1.485,0.318
237.868,-1.449,1.482,0.316
237.979,-1.452,1.481,0.314
238.090,-1.454,1.481,0.313
238.201,-1.456,1.481,0.312
238.312,-1.459,1.481,0.311
238.423,-1.461,1.481,0.309
238.534,-1.464,1.481,0.307
238.645,-1.468,1.480,0.303
238.757,-1.471,1.480,0.298
238.868,-1.474,1.479,0.295
238.979,-1.476,1.479,0.291
239.090,-1.478,1.479,0.289
239.201,-1.479,1.480,0.287
239.312,-1.481,1.482,0.291
239.423,-1.481,1.484,0.304
239.534,-1.477,1.488,0.326
239.645,-1.469,1.490,0.351
239.756,-1.460,1.489,0.370
239.868,-1.453,1.488,0.381
239.978,-1.447,1.485,0.385
240.090,-1.444,1.483,0.384
240.201,-1.444,1.482,0.381
240.312,-1.444,1.483,0.376
240.423,-1.442,1.484,0.373
240.534,-1.441,1.485,0.373
240.645,-1.439,1.488,0.373
240.756,-1.437,1.491,0.371
240.868,-1.437,1.490,0.368
240.979,-1.438,1.489,0.367
241.090,-1.438,1.488,0.366
241.200,-1.438,1.488,0.364
241.312,-1.437,1.489,0.363
241.423,-1.436,1.491,0.365
241.534,-1.436,1.490,0.365
241.645,-1.437,1.489,0.365
241.756,-1.437,1.488,0.364
241.868,-1.436,1.487,0.364
241.979,-1.436,1.487,0.365
242.090,-1.436,1.485,0.367
242.201,-1.436,1.485,0.370
242.312,-1.437,1.486,0.373
242.423,-1.437,1.487,0.377
242.534,-1.436,1.488,0.378
242.645,-1.436,1.489,0.377
242.757,-1.436,1.490,0.377
242.868,-1.436,1.491,0.376
242.979,-1.435,1.500,0.382
243.090,-1.428,1.521,0.391
243.201,-1.416,1.537,0.396
243.312,-1.405,1.548,0.398
243.423,-1.397,1.550,0.399
243.534,-1.391,1.550,0.404
243.646,-1.388,1.548,0.410
243.757,-1.390,1.544,0.412
243.868,-1.397,1.536,0.407
243.979,-1.404,1.528,0.401
244.090,-1.407,1.525,0.399
244.201,-1.408,1.525,0.400
244.312,-1.411,1.520,0.399
244.423,-1.414,1.515,0.391
244.534,-1.417,1.511,0.383
244.645,-1.420,1.509,0.380
244.756,-1.421,1.506,0.383
244.868,-1.419,1.500,0.393
244.979,-1.415,1.496,0.401
245.089,-1.412,1.494,0.408
245.200,-1.410,1.495,0.414
245.312,-1.410,1.497,0.417
245.422,-1.411,1.497,0.417
245.534,-1.415,1.498,0.417
245.645,-1.419,1.499,0.419
245.756,-1.422,1.499,0.420
245.867,-1.425,1.499,0.422
245.978,-1.426,1.500,0.422
246.089,-1.428,1.500,0.422
246.200,-1.430,1.498,0.417
246.311,-1.433,1.497,0.410
246.423,-1.436,1.497,0.403
246.534,-1.438,1.498,0.398
246.645,-1.439,1.498,0.395
246.756,-1.440,1.498,0.394
246.867,-1.441,1.498,0.394
246.978,-1.442,1.497,0.393
247.090,-1.443,1.496,0.394
247.201,-1.445,1.495,0.397
247.312,-1.450,1.496,0.400
247.423,-1.460,1.496,0.407
247.534,-1.476,1.493,0.414
247.645,-1.496,1.488,0.421
247.756,-1.519,1.481,0.425
247.868,-1.541,1.474,0.425
247.979,-1.557,1.468,0.424
248.089,-1.567,1.465,0.421
248.201,-1.573,1.466,0.417
248.311,-1.575,1.466,0.415
248.423,-1.574,1.469,0.410
248.534,-1.566,1.475,0.400
248.645,-1.554,1.480,0.385
248.756,-1.543,1.484,0.370
248.867,-1.533,1.488,0.360
248.979,-1.523,1.491,0.356
249.090,-1.515,1.493,0.354
249.200,-1.509,1.493,0.353
249.312,-1.505,1.493,0.352
249.423,-1.501,1.493,0.353
249.534,-1.497,1.493,0.355
249.645,-1.495,1.494,0.356
249.756,-1.492,1.493,0.354
249.867,-1.491,1.493,0.353
249.978,-1.490,1.493,0.353
250.089,-1.490,1.493,0.354
250.201,-1.490,1.493,0.356
250.311,-1.489,1.492,0.357
250.423,-1.490,1.492,0.358
250.534,-1.492,1.492,0.359
250.644,-1.494,1.492,0.360
250.756,-1.496,1.492,0.362
250.867,-1.498,1.492,0.364
250.978,-1.500,1.491,0.366
251.089,-1.501,1.491,0.368
251.201,-1.501,1.491,0.368
251.311,-1.503,1.490,0.368
251.423,-1.504,1.489,0.368
251.534,-1.505,1.488,0.369
251.645,-1.505,1.487,0.373
251.756,-1.503,1.487,0.378
251.867,-1.500,1.488,0.383
251.978,-1.497,1.488,0.386
252.090,-1.494,1.490,0.388
252.201,-1.489,1.490,0.397
252.312,-1.481,1.487,0.423
252.423,-1.476,1.481,0.454
252.534,-1.478,1.474,0.484
252.645,-1.486,1.464,0.509
252.756,-1.493,1.457,0.523
252.867,-1.496,1.454,0.524
252.978,-1.495,1.457,0.518
253.089,-1.490,1.462,0.507
253.201,-1.482,1.469,0.493
253.312,-1.473,1.475,0.479
253.423,-1.469,1.481,0.458
253.534,-1.464,1.483,0.434
253.645,-1.462,1.485,0.419
253.756,-1.463,1.484,0.412
253.867,-1.465,1.482,0.408
253.978,-1.466,1.482,0.408
254.090,-1.466,1.482,0.410
254.201,-1.466,1.482,0.412
254.312,-1.467,1.483,0.413
254.423,-1.468,1.484,0.413
254.534,-1.469,1.485,0.413
254.645,-1.469,1.485,0.413
254.757,-1.470,1.485,0.414
254.867,-1.472,1.485,0.416
254.979,-1.477,1.485,0.417
255.090,-1.486,1.485,0.416
255.201,-1.500,1.483,0.422
255.312,-1.511,1.479,0.438
255.423,-1.519,1.474,0.464
255.534,-1.532,1.466,0.505
255.645,-1.547,1.452,0.553
255.757,-1.569,1.437,0.604
255.868,-1.594,1.424,0.650
255.979,-1.614,1.410,0.680
256.090,-1.621,1.410,0.695
256.201,-1.618,1.421,0.694
256.311,-1.606,1.435,0.680
256.423,-1.589,1.450,0.651
256.534,-1.571,1.463,0.615
256.645,-1.560,1.466,0.590
256.756,-1.563,1.463,0.589
256.868,-1.578,1.455,0.607
256.978,-1.602,1.439,0.639
257.090,-1.628,1.414,0.673
257.201,-1.652,1.391,0.700
257.312,-1.670,1.375,0.718
257.423,-1.681,1.364,0.730
257.535,-1.685,1.360,0.736
257.646,-1.682,1.365,0.734
257.757,-1.672,1.382,0.723
257.867,-1.652,1.407,0.700
257.978,-1.626,1.433,0.664
258.090,-1.598,1.458,0.618
258.201,-1.572,1.474,0.563
258.312,-1.553,1.480,0.500
258.423,-1.540,1.481,0.445
258.534,-1.531,1.484,0.404
258.645,-1.524,1.488,0.378
258.757,-1.517,1.493,0.358
258.868,-1.510,1.498,0.341
258.979,-1.505,1.502,0.332
259.090,-1.502,1.505,0.330
259.202,-1.500,1.508,0.329
259.313,-1.498,1.509,0.330
259.424,-1.496,1.510,0.331
259.535,-1.494,1.511,0.333
259.646,-1.492,1.512,0.334
259.757,-1.492,1.510,0.334
259.869,-1.495,1.509,0.336
259.979,-1.500,1.508,0.341
260.090,-1.507,1.506,0.346
260.201,-1.517,1.501,0.357
260.312,-1.530,1.497,0.370
260.424,-1.549,1.494,0.380
260.535,-1.572,1.489,0.390
260.645,-1.599,1.483,0.399
260.756,-1.627,1.472,0.406
260.868,-1.654,1.459,0.406
260.979,-1.669,1.449,0.397
261.090,-1.671,1.445,0.388
261.202,-1.663,1.448,0.379
261.313,-1.646,1.456,0.375
261.424,-1.624,1.469,0.379
261.535,-1.596,1.482,0.380
261.646,-1.567,1.493,0.374
261.757,-1.540,1.500,0.369
261.869,-1.520,1.506,0.372
261.980,-1.505,1.512,0.378
262.091,-1.495,1.516,0.386
262.202,-1.488,1.516,0.393
262.312,-1.483,1.516,0.397
262.423,-1.478,1.517,0.398
262.535,-1.474,1.516,0.401
262.645,-1.470,1.516,0.403
262.756,-1.467,1.517,0.403
262.868,-1.464,1.517,0.402
262.979,-1.463,1.516,0.401
263.090,-1.464,1.516,0.402
263.202,-1.465,1.516,0.402
263.312,-1.469,1.515,0.403
263.422,-1.474,1.514,0.408
263.535,-1.483,1.513,0.421
263.646,-1.496,1.509,0.444
263.756,-1.512,1.505,0.474
263.868,-1.534,1.501,0.505
263.979,-1.563,1.496,0.529
264.090,-1.591,1.487,0.548
264.202,-1.616,1.479,0.568
264.313,-1.644,1.471,0.595
264.424,-1.673,1.457,0.628
264.535,-1.700,1.437,0.660
264.646,-1.726,1.417,0.689
264.757,-1.749,1.398,0.709
264.868,-1.763,1.386,0.719
264.979,-1.767,1.385,0.721
265.090,-1.758,1.395,0.717
265.202,-1.735,1.415,0.701
265.313,-1.705,1.436,0.682
265.424,-1.677,1.456,0.668
265.535,-1.652,1.470,0.659
265.647,-1.634,1.479,0.650
265.757,-1.622,1.481,0.644
265.869,-1.617,1.480,0.640
265.980,-1.614,1.480,0.638
266.091,-1.612,1.480,0.636
266.202,-1.613,1.479,0.637
266.312,-1.614,1.480,0.638
266.424,-1.618,1.480,0.638
266.535,-1.624,1.479,0.644
266.646,-1.633,1.477,0.656
266.757,-1.645,1.472,0.678
266.868,-1.665,1.466,0.721
266.979,-1.683,1.453,0.771
267.090,-1.703,1.437,0.810
267.201,-1.718,1.421,0.833
267.312,-1.727,1.413,0.846
267.423,-1.731,1.409,0.852
267.535,-1.727,1.414,0.852
267.645,-1.719,1.427,0.841
267.757,-1.703,1.444,0.817
267.868,-1.684,1.460,0.790
267.979,-1.664,1.471,0.756
268.090,-1.652,1.480,0.734
268.202,-1.646,1.487,0.723
268.313,-1.643,1.490,0.716
268.424,-1.641,1.492,0.709
268.535,-1.639,1.492,0.702
268.646,-1.636,1.494,0.699
268.757,-1.634,1.495,0.695
268.869,-1.632,1.496,0.691
268.980,-1.630,1.496,0.685
269.091,-1.627,1.497,0.682
269.202,-1.625,1.498,0.679
269.313,-1.622,1.501,0.673
269.424,-1.621,1.503,0.666
269.536,-1.621,1.505,0.658
269.646,-1.623,1.506,0.647
269.758,-1.625,1.506,0.634
269.869,-1.623,1.504,0.617
269.979,-1.619,1.498,0.592
270.090,-1.614,1.495,0.563
270.202,-1.610,1.489,0.536
270.312,-1.601,1.488,0.513
270.424,-1.588,1.490,0.496
270.535,-1.571,1.494,0.484
270.646,-1.550,1.498,0.478
270.757,-1.529,1.500,0.474
270.868,-1.509,1.503,0.473
270.978,-1.495,1.505,0.468
271.090,-1.487,1.506,0.461
271.201,-1.481,1.509,0.457
271.312,-1.473,1.511,0.457
271.423,-1.466,1.513,0.457
271.535,-1.461,1.513,0.461
271.645,-1.457,1.515,0.467
271.757,-1.449,1.522,0.480
271.868,-1.424,1.534,0.500
271.979,-1.391,1.545,0.511
272.090,-1.359,1.554,0.510
272.201,-1.329,1.559,0.501
272.313,-1.307,1.563,0.488
272.424,-1.294,1.564,0.476
272.536,-1.290,1.565,0.471
272.647,-1.290,1.564,0.469
272.758,-1.292,1.562,0.468
272.870,-1.302,1.555,0.476
272.980,-1.331,1.541,0.495
273.090,-1.369,1.534,0.506
273.201,-1.401,1.535,0.505
273.312,-1.425,1.534,0.495
273.423,-1.439,1.535,0.484
273.535,-1.448,1.538,0.474
273.646,-1.453,1.542,0.466
273.757,-1.456,1.543,0.460
273.868,-1.456,1.544,0.458
273.979,-1.456,1.547,0.454
274.090,-1.455,1.552,0.449
274.201,-1.452,1.564,0.442
274.312,-1.450,1.567,0.436
274.423,-1.452,1.563,0.435
274.534,-1.455,1.553,0.433
274.646,-1.458,1.542,0.437
274.757,-1.457,1.535,0.448
274.868,-1.450,1.531,0.464
274.979,-1.432,1.526,0.487
275.090,-1.399,1.522,0.505
275.201,-1.354,1.523,0.509
275.312,-1.315,1.522,0.495
275.425,-1.291,1.522,0.475
275.536,-1.276,1.522,0.456
275.647,-1.272,1.524,0.447
275.757,-1.266,1.526,0.445
275.869,-1.252,1.528,0.448
275.980,-1.230,1.531,0.451
276.091,-1.204,1.536,0.453
276.202,-1.176,1.543,0.456
276.313,-1.142,1.547,0.463
276.424,-1.107,1.549,0.470
276.536,-1.073,1.549,0.483
276.647,-1.040,1.545,0.500
276.758,-1.010,1.537,0.520
276.869,-0.982,1.528,0.541
276.980,-0.953,1.523,0.566
277.091,-0.923,1.522,0.596
277.202,-0.893,1.523,0.634
277.313,-0.857,1.527,0.679
277.424,-0.819,1.526,0.722
277.536,-0.779,1.522,0.759
277.647,-0.741,1.518,0.793
277.758,-0.696,1.513,0.812
277.869,-0.642,1.510,0.817
277.980,-0.578,1.506,0.812
278.091,-0.508,1.508,0.801
278.202,-0.438,1.515,0.790
278.313,-0.375,1.517,0.784
278.424,-0.322,1.517,0.788
278.535,-0.274,1.516,0.799
278.646,-0.233,1.514,0.812
278.757,-0.196,1.512,0.829
278.869,-0.160,1.515,0.853
278.979,-0.127,1.516,0.877
279.091,-0.099,1.514,0.899
279.202,-0.077,1.512,0.913
279.313,-0.058,1.508,0.916
279.424,-0.039,1.504,0.907
279.535,-0.017,1.498,0.886
279.646,0.001,1.490,0.862
279.758,0.010,1.486,0.844
279.869,0.013,1.484,0.839
279.980,0.013,1.484,0.845
280.090,0.014,1.485,0.849
280.202,0.017,1.481,0.832
280.313,0.013,1.477,0.811
280.424,0.007,1.475,0.795
280.535,0.000,1.474,0.789
280.646,-0.004,1.473,0.790
280.758,-0.007,1.473,0.792
280.869,-0.008,1.473,0.794
280.980,-0.009,1.473,0.792
281.092,-0.011,1.471,0.788
281.202,-0.012,1.470,0.787
281.313,-0.012,1.470,0.788
281.424,-0.011,1.471,0.787
281.535,-0.010,1.471,0.787
281.646,-0.008,1.471,0.788
281.757,-0.007,1.471,0.790
281.869,-0.007,1.471,0.790
281.980,-0.007,1.472,0.791
282.091,-0.008,1.472,0.791
282.202,-0.011,1.472,0.787
282.313,-0.020,1.472,0.777
282.424,-0.035,1.472,0.764
282.535,-0.051,1.471,0.752
282.646,-0.065,1.470,0.744
282.758,-0.074,1.469,0.740
282.869,-0.082,1.467,0.737
282.980,-0.087,1.466,0.736
283.091,-0.091,1.467,0.737
283.202,-0.094,1.467,0.738
283.313,-0.091,1.469,0.742
283.424,-0.076,1.471,0.758
283.535,-0.059,1.475,0.784
283.647,-0.047,1.480,0.817
283.757,-0.047,1.483,0.850
283.869,-0.050,1.485,0.868
283.979,-0.052,1.486,0.873
284.091,-0.051,1.486,0.876
284.202,-0.051,1.486,0.880
284.313,-0.049,1.486,0.884
284.424,-0.048,1.486,0.888
284.535,-0.045,1.485,0.891
284.646,-0.042,1.484,0.892
284.758,-0.039,1.483,0.893
284.868,-0.038,1.483,0.894
284.980,-0.037,1.484,0.893
285.086,-0.036,1.485,0.891
285.187,-0.035,1.485,0.889
285.298,-0.034,1.485,0.888
285.410,-0.034,1.484,0.888
285.521,-0.033,1.484,0.888
285.632,-0.033,1.484,0.889
285.743,-0.032,1.484,0.893
285.854,-0.033,1.483,0.898
285.966,-0.032,1.483,0.902
286.076,-0.032,1.482,0.906
286.187,-0.031,1.482,0.909
286.299,-0.031,1.481,0.910
286.410,-0.030,1.481,0.911
286.521,-0.030,1.481,0.913
286.632,-0.029,1.480,0.915
286.743,-0.026,1.476,0.917
286.854,-0.022,1.471,0.921
286.965,-0.015,1.462,0.923
287.076,-0.005,1.455,0.923
287.187,0.005,1.447,0.921
287.298,0.012,1.443,0.918
287.409,0.014,1.440,0.919
287.520,0.013,1.441,0.919
287.631,0.014,1.444,0.915
287.743,0.017,1.448,0.907
287.854,0.024,1.452,0.897
287.965,0.034,1.456,0.883
288.076,0.050,1.459,0.867
288.188,0.068,1.460,0.848
288.299,0.089,1.460,0.832
288.410,0.106,1.460,0.818
288.521,0.115,1.459,0.809
288.632,0.121,1.460,0.801
288.743,0.125,1.459,0.795
288.854,0.126,1.460,0.789
288.966,0.125,1.460,0.786
289.077,0.120,1.459,0.785
289.187,0.114,1.459,0.788
289.299,0.104,1.458,0.794
289.409,0.097,1.457,0.800
289.520,0.092,1.453,0.801
289.632,0.090,1.452,0.802
289.743,0.088,1.451,0.801
289.854,0.087,1.451,0.798
289.965,0.091,1.450,0.793
290.076,0.099,1.449,0.786
290.187,0.109,1.449,0.776
290.298,0.121,1.450,0.765
290.410,0.133,1.451,0.758
290.521,0.141,1.452,0.756
290.632,0.146,1.455,0.758
290.743,0.148,1.456,0.763
290.854,0.150,1.457,0.769
290.966,0.149,1.455,0.774
291.084,0.148,1.450,0.778
291.192,0.141,1.444,0.788
291.302,0.131,1.440,0.797
291.413,0.121,1.437,0.803
291.524,0.117,1.437,0.803
291.633,0.116,1.438,0.802
291.742,0.116,1.439,0.802
291.854,0.118,1.440,0.799
291.965,0.123,1.443,0.796
292.076,0.133,1.447,0.795
292.187,0.144,1.449,0.795
292.298,0.155,1.451,0.798
292.409,0.162,1.453,0.802
292.520,0.166,1.454,0.803
292.632,0.168,1.454,0.802
292.743,0.170,1.455,0.798
292.854,0.170,1.453,0.794
292.965,0.167,1.451,0.792
293.076,0.160,1.450,0.793
293.187,0.146,1.449,0.799
293.298,0.130,1.454,0.805
293.409,0.119,1.461,0.805
293.520,0.114,1.463,0.801
293.632,0.110,1.464,0.799
293.743,0.108,1.466,0.800
293.854,0.107,1.466,0.798
293.966,0.107,1.467,0.795
294.076,0.111,1.469,0.790
294.187,0.120,1.470,0.783
294.299,0.129,1.470,0.777
294.410,0.130,1.469,0.782
294.520,0.128,1.468,0.784
294.632,0.128,1.469,0.783
294.743,0.128,1.469,0.781
294.854,0.125,1.470,0.780
294.965,0.126,1.470,0.776
295.076,0.131,1.470,0.770
295.187,0.139,1.471,0.762
295.298,0.151,1.471,0.749
295.410,0.166,1.469,0.733
295.521,0.180,1.467,0.715
295.632,0.187,1.467,0.702
295.743,0.188,1.468,0.695
295.855,0.184,1.468,0.691
295.966,0.177,1.468,0.688
296.077,0.170,1.466,0.685
296.188,0.161,1.467,0.687
296.299,0.146,1.469,0.701
296.410,0.129,1.473,0.720
296.520,0.117,1.476,0.731
296.632,0.111,1.478,0.738
296.743,0.106,1.479,0.744
296.854,0.104,1.480,0.747
296.965,0.106,1.482,0.748
297.076,0.110,1.480,0.749
297.187,0.114,1.479,0.751
297.298,0.115,1.481,0.760
297.409,0.115,1.480,0.770
297.520,0.116,1.480,0.774
297.632,0.114,1.480,0.778
297.743,0.113,1.480,0.780
297.854,0.114,1.481,0.780
297.965,0.115,1.481,0.779
298.076,0.113,1.479,0.785
298.187,0.109,1.479,0.789
298.298,0.104,1.478,0.795
298.409,0.097,1.473,0.803
298.520,0.089,1.466,0.809
298.632,0.089,1.459,0.814
298.743,0.095,1.450,0.816
298.854,0.101,1.443,0.817
298.965,0.106,1.435,0.820
299.076,0.114,1.416,0.821
299.187,0.125,1.398,0.817
299.298,0.132,1.386,0.812
299.409,0.129,1.383,0.811
299.520,0.115,1.389,0.815
299.632,0.099,1.400,0.819
299.743,0.091,1.410,0.817
299.854,0.096,1.416,0.807
299.965,0.108,1.420,0.790
300.076,0.117,1.422,0.773
300.187,0.116,1.420,0.766
300.299,0.108,1.414,0.771
300.410,0.099,1.407,0.781
300.521,0.088,1.399,0.795
300.632,0.074,1.390,0.812
300.743,0.056,1.380,0.831
300.854,0.036,1.377,0.850
300.965,0.016,1.371,0.864
301.076,0.002,1.355,0.869
301.187,-0.011,1.335,0.862
301.298,-0.021,1.322,0.854
301.409,-0.028,1.319,0.850
301.520,-0.031,1.324,0.853
301.632,-0.030,1.343,0.856
301.743,-0.031,1.388,0.860
301.854,-0.048,1.442,0.865
301.966,-0.067,1.499,0.871
302.077,-0.092,1.540,0.882
302.188,-0.111,1.562,0.891
302.300,-0.122,1.575,0.897
302.411,-0.130,1.584,0.900
302.522,-0.134,1.585,0.898
302.633,-0.123,1.588,0.892
302.744,-0.103,1.591,0.882
302.855,-0.082,1.585,0.872
302.966,-0.067,1.559,0.870
303.077,-0.063,1.523,0.871
303.188,-0.063,1.511,0.867
303.299,-0.061,1.505,0.860
303.410,-0.062,1.499,0.853
303.520,-0.061,1.497,0.845
303.631,-0.061,1.494,0.838
303.743,-0.061,1.492,0.833
303.854,-0.060,1.491,0.826
303.965,-0.056,1.490,0.817
304.076,-0.052,1.488,0.807
304.188,-0.050,1.488,0.800
304.299,-0.049,1.489,0.795
304.410,-0.049,1.489,0.791
304.521,-0.050,1.489,0.789
304.632,-0.050,1.488,0.787
304.743,-0.049,1.489,0.786
304.854,-0.048,1.490,0.785
304.965,-0.046,1.492,0.786
305.076,-0.044,1.492,0.787
305.187,-0.041,1.493,0.789
305.299,-0.038,1.494,0.791
305.410,-0.034,1.494,0.793
305.521,-0.030,1.493,0.794
305.632,-0.026,1.493,0.794
305.743,-0.021,1.492,0.795
305.854,-0.017,1.492,0.795
305.966,-0.015,1.492,0.795
306.076,-0.014,1.492,0.796
306.187,-0.013,1.492,0.796
306.298,-0.012,1.493,0.797
306.410,-0.013,1.493,0.798
306.521,-0.013,1.493,0.798
306.632,-0.014,1.493,0.799
306.743,-0.014,1.493,0.802
306.854,-0.016,1.492,0.807
306.965,-0.017,1.492,0.812
307.076,-0.018,1.491,0.814
307.187,-0.019,1.491,0.814
307.298,-0.019,1.492,0.815
307.410,-0.020,1.492,0.816
307.521,-0.020,1.493,0.817
307.632,-0.021,1.493,0.817
307.743,-0.022,1.492,0.816
307.854,-0.023,1.492,0.815
307.965,-0.024,1.492,0.814
308.076,-0.025,1.493,0.814
308.187,-0.024,1.493,0.813
308.298,-0.024,1.493,0.813
308.409,-0.024,1.494,0.813
308.520,-0.024,1.494,0.813
308.632,-0.025,1.493,0.813
308.743,-0.025,1.492,0.812
308.855,-0.024,1.492,0.811
308.966,-0.023,1.491,0.809
309.076,-0.023,1.491,0.808
309.188,-0.022,1.490,0.808
309.299,-0.022,1.490,0.809
309.410,-0.021,1.490,0.811
309.521,-0.019,1.490,0.812
309.632,-0.019,1.489,0.813
309.743,-0.017,1.489,0.815
309.854,-0.016,1.489,0.817
309.966,-0.014,1.489,0.819
310.077,-0.012,1.489,0.819
310.188,-0.012,1.491,0.819
310.299,-0.014,1.494,0.825
310.410,-0.011,1.497,0.833
310.521,-0.007,1.497,0.843
310.632,-0.003,1.501,0.852
310.743,0.000,1.503,0.858
310.855,0.001,1.504,0.859
310.966,-0.002,1.506,0.859
311.077,-0.005,1.508,0.859
311.188,-0.009,1.508,0.859
311.300,-0.013,1.511,0.860
311.410,-0.018,1.533,0.859
311.521,-0.029,1.561,0.850
311.633,-0.040,1.577,0.837
311.744,-0.047,1.582,0.821
311.855,-0.053,1.583,0.803
311.966,-0.060,1.582,0.784
312.078,-0.067,1.578,0.756
312.189,-0.079,1.573,0.734
312.300,-0.084,1.572,0.723
312.410,-0.084,1.574,0.720
312.522,-0.083,1.578,0.722
312.633,-0.083,1.579,0.726
312.744,-0.073,1.575,0.743
312.855,-0.061,1.570,0.773
312.967,-0.054,1.561,0.808
313.077,-0.055,1.547,0.835
313.188,-0.056,1.540,0.849
313.300,-0.057,1.538,0.857
313.410,-0.056,1.537,0.859
313.521,-0.054,1.535,0.859
313.633,-0.051,1.534,0.859
313.744,-0.048,1.531,0.860
313.855,-0.048,1.529,0.861
313.966,-0.050,1.529,0.860
314.077,-0.051,1.531,0.860
314.188,-0.055,1.534,0.867
314.300,-0.074,1.537,0.880
314.410,-0.107,1.541,0.891
314.521,-0.144,1.544,0.891
314.632,-0.170,1.541,0.880
314.743,-0.187,1.541,0.866
314.854,-0.199,1.540,0.853
314.965,-0.209,1.534,0.843
315.076,-0.221,1.523,0.833
315.187,-0.230,1.506,0.828
315.299,-0.233,1.489,0.830
315.409,-0.236,1.480,0.831
315.520,-0.236,1.478,0.830
315.632,-0.234,1.478,0.826
315.743,-0.232,1.478,0.824
315.854,-0.231,1.480,0.823
315.965,-0.232,1.479,0.821
316.076,-0.234,1.479,0.822
316.187,-0.234,1.481,0.826
316.298,-0.233,1.483,0.832
316.409,-0.234,1.484,0.837
316.521,-0.235,1.488,0.843
316.631,-0.227,1.504,0.852
316.743,-0.207,1.533,0.856
316.854,-0.176,1.563,0.853
316.966,-0.148,1.589,0.836
317.076,-0.131,1.600,0.816
317.188,-0.127,1.606,0.804
317.299,-0.127,1.608,0.800
317.410,-0.129,1.609,0.802
317.521,-0.132,1.611,0.803
317.632,-0.133,1.610,0.805
317.743,-0.132,1.610,0.805
317.854,-0.130,1.609,0.805
317.966,-0.121,1.602,0.805
318.077,-0.104,1.591,0.802
318.188,-0.089,1.578,0.800
318.300,-0.082,1.571,0.800
318.411,-0.081,1.570,0.801
318.522,-0.083,1.570,0.802
318.633,-0.087,1.570,0.804
318.744,-0.093,1.570,0.805
318.854,-0.100,1.569,0.807
318.966,-0.101,1.568,0.810
319.077,-0.097,1.565,0.816
319.188,-0.096,1.560,0.821
319.299,-0.095,1.556,0.821
319.410,-0.094,1.554,0.822
319.521,-0.091,1.551,0.824
319.633,-0.089,1.550,0.827
319.744,-0.088,1.547,0.829
319.855,-0.085,1.547,0.830
319.966,-0.083,1.547,0.831
320.079,-0.081,1.552,0.835
320.353,0.003,1.560,0.000
320.458,0.003,1.561,-0.001
320.559,-0.001,1.560,0.000
320.670,-0.001,1.560,0.000
320.781,-0.001,1.560,0.000
320.883,-0.001,1.560,0.001
320.995,-0.001,1.560,0.001
321.107,-0.001,1.560,0.001
321.219,-0.001,1.560,0.001
321.331,-0.002,1.559,0.001
321.442,-0.018,1.555,0.002
321.554,-0.039,1.551,-0.003
321.665,-0.045,1.551,-0.005
321.772,-0.017,1.541,-0.006
321.883,0.017,1.543,-0.005
321.994,0.040,1.544,-0.012
322.107,0.044,1.543,-0.014
322.218,0.042,1.542,-0.013
322.330,0.022,1.537,-0.003
322.441,-0.010,1.524,0.007
322.554,-0.035,1.516,0.011
322.665,-0.050,1.517,0.010
322.776,-0.055,1.516,0.008
322.888,-0.056,1.513,0.009
323.000,-0.046,1.506,0.017
323.112,-0.025,1.492,0.029
323.223,-0.001,1.486,0.041
323.334,0.014,1.485,0.048
323.446,0.022,1.484,0.053
323.557,0.026,1.484,0.056
323.669,0.028,1.484,0.058
323.780,0.028,1.486,0.059
323.892,0.027,1.487,0.061
324.004,0.026,1.487,0.062
324.114,0.024,1.489,0.063
324.226,0.023,1.499,0.064
324.337,0.021,1.515,0.060
324.449,0.020,1.525,0.052
324.559,0.022,1.531,0.045
324.671,0.024,1.531,0.038
324.781,0.025,1.530,0.032
324.893,0.024,1.531,0.025
325.004,0.024,1.532,0.019
325.115,0.018,1.533,0.013
325.226,-0.002,1.539,0.009
325.337,-0.022,1.543,0.004
325.449,-0.037,1.546,-0.001
325.559,-0.052,1.548,-0.009
325.671,-0.062,1.549,-0.017
325.782,-0.069,1.549,-0.027
325.894,-0.076,1.544,-0.040
326.005,-0.079,1.541,-0.053
326.115,-0.078,1.538,-0.065
326.227,-0.075,1.534,-0.079
326.338,-0.067,1.530,-0.095
326.450,-0.058,1.529,-0.107
326.561,-0.051,1.530,-0.114
326.672,-0.050,1.531,-0.107
326.784,-0.055,1.536,-0.078
326.894,-0.053,1.545,-0.039
327.005,-0.040,1.551,0.000
327.116,-0.019,1.552,0.031
327.227,0.009,1.550,0.054
327.339,0.037,1.544,0.067
327.449,0.061,1.535,0.071
327.560,0.081,1.525,0.074
327.672,0.097,1.514,0.075
327.783,0.110,1.507,0.075
327.894,0.118,1.501,0.079
328.006,0.123,1.495,0.084
328.117,0.124,1.490,0.089
328.228,0.122,1.488,0.093
328.339,0.117,1.488,0.094
328.450,0.111,1.491,0.091
328.561,0.103,1.496,0.088
328.672,0.094,1.502,0.081
328.783,0.083,1.514,0.073
328.894,0.070,1.523,0.061
329.005,0.061,1.531,0.049
329.116,0.057,1.544,0.036
329.227,0.059,1.561,0.022
329.339,0.060,1.571,0.007
329.451,0.059,1.575,0.000
329.562,0.057,1.575,-0.002
329.673,0.057,1.574,-0.002
329.784,0.056,1.573,-0.001
329.895,0.055,1.572,0.002
330.007,0.050,1.568,0.006
330.117,0.042,1.561,0.014
330.228,0.038,1.556,0.021
330.339,0.038,1.552,0.026
330.450,0.040,1.550,0.027
330.561,0.043,1.548,0.027
330.672,0.047,1.544,0.026
330.783,0.053,1.536,0.027
330.893,0.059,1.530,0.031
331.006,0.064,1.528,0.035
331.116,0.066,1.527,0.037
331.227,0.065,1.524,0.042
331.338,0.062,1.517,0.046
331.450,0.062,1.512,0.050
331.561,0.057,1.504,0.051
331.672,0.053,1.497,0.047
331.783,0.051,1.496,0.044
331.894,0.050,1.495,0.043
332.006,0.049,1.493,0.041
332.117,0.048,1.493,0.041
332.227,0.045,1.494,0.042
332.339,0.044,1.495,0.041
332.450,0.044,1.497,0.041
332.561,0.044,1.500,0.042
332.672,0.045,1.502,0.042
332.783,0.046,1.507,0.041
332.894,0.051,1.516,0.042
333.006,0.053,1.521,0.042
333.117,0.054,1.521,0.042
333.228,0.057,1.520,0.040
333.339,0.059,1.521,0.039
333.450,0.067,1.522,0.039
333.561,0.086,1.519,0.041
333.672,0.118,1.509,0.037
333.783,0.165,1.500,0.024
333.894,0.224,1.505,0.012
334.006,0.278,1.514,0.002
334.116,0.329,1.516,-0.018
334.227,0.383,1.512,-0.041
334.339,0.440,1.504,-0.067
334.449,0.501,1.492,-0.099
334.560,0.563,1.479,-0.130
334.672,0.618,1.480,-0.150
334.783,0.667,1.493,-0.165
334.894,0.705,1.493,-0.167
335.006,0.744,1.482,-0.145
335.116,0.786,1.471,-0.111
335.227,0.817,1.474,-0.083
335.339,0.834,1.471,-0.078
335.450,0.828,1.474,-0.085
335.561,0.826,1.472,-0.094
335.672,0.834,1.473,-0.099
335.783,0.835,1.483,-0.101
335.894,0.830,1.489,-0.101
336.006,0.818,1.494,-0.091
336.116,0.800,1.504,-0.075
336.227,0.790,1.517,-0.056
336.339,0.794,1.524,-0.041
336.449,0.805,1.528,-0.037
336.560,0.830,1.531,-0.043
336.671,0.859,1.546,-0.055
336.782,0.888,1.561,-0.065
336.894,0.906,1.571,-0.070
337.006,0.912,1.575,-0.074
337.116,0.909,1.573,-0.077
337.228,0.905,1.572,-0.079
337.338,0.903,1.571,-0.079
337.450,0.899,1.571,-0.073
337.561,0.894,1.570,-0.070
337.672,0.888,1.571,-0.072
337.783,0.883,1.571,-0.076
337.894,0.879,1.571,-0.078
338.005,0.876,1.571,-0.079
338.116,0.874,1.572,-0.079
338.227,0.872,1.571,-0.080
338.338,0.871,1.570,-0.080
338.449,0.872,1.569,-0.080
338.560,0.875,1.569,-0.080
338.672,0.879,1.569,-0.079
338.782,0.883,1.568,-0.079
338.894,0.887,1.564,-0.074
339.005,0.893,1.555,-0.066
339.116,0.898,1.550,-0.064
339.225,0.902,1.550,-0.068
339.336,0.903,1.550,-0.075
339.447,0.903,1.551,-0.078
339.559,0.901,1.551,-0.077
339.670,0.894,1.553,-0.076
339.781,0.883,1.553,-0.076
339.893,0.875,1.550,-0.078
340.005,0.872,1.549,-0.081
340.116,0.868,1.549,-0.081
340.227,0.867,1.551,-0.082
340.338,0.863,1.552,-0.083
340.449,0.861,1.551,-0.082
340.561,0.859,1.552,-0.083
340.672,0.858,1.554,-0.081
340.783,0.856,1.555,-0.081
340.894,0.856,1.555,-0.081
341.005,0.858,1.555,-0.080
341.116,0.863,1.552,-0.077
341.226,0.865,1.548,-0.074
341.337,0.864,1.546,-0.073
341.448,0.863,1.546,-0.073
341.559,0.862,1.545,-0.072
341.670,0.862,1.545,-0.070
341.782,0.862,1.545,-0.068
341.893,0.862,1.546,-0.067
342.004,0.861,1.546,-0.068
342.115,0.859,1.547,-0.068
342.226,0.857,1.547,-0.069
342.338,0.856,1.547,-0.071
342.448,0.856,1.547,-0.074
342.559,0.854,1.546,-0.076
342.671,0.854,1.545,-0.074
342.781,0.855,1.545,-0.072
342.893,0.855,1.544,-0.070
343.004,0.855,1.545,-0.068
343.116,0.856,1.545,-0.062
343.227,0.856,1.545,-0.059
343.337,0.855,1.544,-0.058
343.449,0.855,1.544,-0.060
343.560,0.853,1.552,-0.069
343.671,0.853,1.557,-0.082
343.783,0.854,1.559,-0.090
343.894,0.855,1.557,-0.091
344.005,0.856,1.555,-0.090
344.116,0.858,1.556,-0.090
344.226,0.860,1.557,-0.092
344.338,0.861,1.557,-0.092
344.450,0.861,1.558,-0.092
344.560,0.860,1.559,-0.094
344.671,0.859,1.559,-0.097
344.783,0.857,1.559,-0.097
344.893,0.854,1.559,-0.097
345.005,0.853,1.559,-0.096
345.116,0.851,1.558,-0.095
345.227,0.849,1.557,-0.094
345.339,0.848,1.557,-0.093
345.449,0.847,1.557,-0.093
345.560,0.846,1.557,-0.093
345.671,0.845,1.556,-0.093
345.783,0.845,1.556,-0.093
345.894,0.845,1.556,-0.094
346.005,0.844,1.555,-0.094
346.116,0.844,1.555,-0.094
346.227,0.844,1.555,-0.094
346.338,0.843,1.555,-0.095
346.449,0.843,1.554,-0.095
346.560,0.843,1.555,-0.095
346.671,0.843,1.554,-0.094
346.782,0.844,1.554,-0.094
346.892,0.845,1.554,-0.093
347.003,0.846,1.554,-0.092
347.114,0.846,1.553,-0.092
347.226,0.845,1.553,-0.091
347.337,0.844,1.553,-0.091
347.448,0.844,1.553,-0.091
347.559,0.842,1.553,-0.091
347.671,0.841,1.553,-0.091
347.781,0.840,1.553,-0.092
347.892,0.839,1.553,-0.092
348.004,0.839,1.553,-0.092
348.115,0.838,1.553,-0.092
348.227,0.838,1.554,-0.093
348.338,0.837,1.555,-0.093
348.448,0.836,1.555,-0.093
348.560,0.834,1.555,-0.093
348.671,0.832,1.555,-0.093
348.782,0.831,1.555,-0.093
348.893,0.831,1.554,-0.092
349.005,0.831,1.553,-0.092
349.115,0.832,1.553,-0.091
349.227,0.832,1.552,-0.090
349.338,0.832,1.552,-0.089
349.449,0.833,1.552,-0.090
349.560,0.834,1.552,-0.091
349.671,0.835,1.553,-0.091
349.783,0.838,1.555,-0.092
349.893,0.842,1.559,-0.091
350.005,0.848,1.562,-0.091
350.116,0.853,1.564,-0.092
350.227,0.857,1.566,-0.093
350.338,0.860,1.568,-0.095
350.449,0.862,1.570,-0.096
350.561,0.863,1.570,-0.096
350.672,0.862,1.570,-0.096
350.783,0.861,1.571,-0.096
350.894,0.860,1.571,-0.095
351.005,0.858,1.571,-0.095
351.116,0.857,1.571,-0.095
351.227,0.858,1.570,-0.094
351.339,0.858,1.569,-0.094
351.450,0.858,1.569,-0.095
351.561,0.858,1.569,-0.095
351.672,0.858,1.569,-0.094
351.783,0.857,1.569,-0.094
351.894,0.856,1.569,-0.094
352.005,0.856,1.568,-0.094
352.116,0.855,1.568,-0.094
352.227,0.855,1.569,-0.094
352.338,0.854,1.568,-0.093
352.449,0.853,1.568,-0.093
352.561,0.852,1.568,-0.093
352.672,0.851,1.568,-0.093
352.783,0.850,1.568,-0.093
352.894,0.849,1.568,-0.094
353.005,0.848,1.567,-0.093
353.117,0.847,1.565,-0.092
353.227,0.846,1.561,-0.089
353.339,0.844,1.557,-0.082
353.450,0.844,1.551,-0.067
353.561,0.841,1.545,-0.052
353.672,0.837,1.539,-0.037
353.783,0.834,1.532,-0.021
353.894,0.834,1.524,-0.004
354.005,0.837,1.520,0.008
354.116,0.839,1.518,0.015
354.227,0.838,1.516,0.018
354.339,0.837,1.515,0.018
354.449,0.824,1.513,0.007
354.561,0.806,1.510,-0.014
354.672,0.796,1.507,-0.034
354.782,0.794,1.512,-0.048
354.894,0.797,1.522,-0.061
355.005,0.803,1.530,-0.078
355.116,0.812,1.533,-0.095
355.227,0.819,1.539,-0.103
355.338,0.826,1.549,-0.100
355.450,0.832,1.557,-0.099
355.561,0.839,1.562,-0.100
355.672,0.845,1.564,-0.102
355.783,0.847,1.562,-0.102
355.894,0.848,1.557,-0.102
356.006,0.847,1.554,-0.098
356.116,0.848,1.552,-0.089
356.227,0.849,1.551,-0.076
356.338,0.849,1.554,-0.062
356.449,0.851,1.563,-0.052
356.560,0.854,1.570,-0.048
356.672,0.856,1.570,-0.047
356.783,0.857,1.570,-0.048
356.894,0.859,1.571,-0.051
357.005,0.860,1.574,-0.054
357.116,0.861,1.577,-0.056
357.227,0.863,1.581,-0.058
357.339,0.866,1.585,-0.061
357.450,0.868,1.585,-0.063
357.561,0.868,1.585,-0.065
357.672,0.868,1.584,-0.066
357.783,0.867,1.584,-0.068
357.894,0.866,1.583,-0.068
358.005,0.866,1.582,-0.069
358.116,0.865,1.581,-0.070
358.227,0.864,1.581,-0.070
358.339,0.864,1.580,-0.070
358.450,0.864,1.580,-0.070
358.561,0.863,1.580,-0.070
358.672,0.863,1.580,-0.070
358.783,0.862,1.579,-0.070
358.895,0.862,1.578,-0.070
359.005,0.862,1.577,-0.071
359.117,0.861,1.577,-0.071
359.227,0.860,1.577,-0.072
359.339,0.859,1.576,-0.073
359.449,0.857,1.575,-0.072
359.561,0.856,1.575,-0.071
359.672,0.855,1.576,-0.070
359.783,0.854,1.576,-0.070
359.894,0.852,1.577,-0.070
360.005,0.849,1.580,-0.073
360.116,0.846,1.580,-0.074
360.227,0.843,1.581,-0.074
360.339,0.843,1.581,-0.074
360.449,0.842,1.582,-0.072
360.560,0.843,1.578,-0.071
360.672,0.846,1.575,-0.070
360.783,0.847,1.571,-0.070
360.894,0.846,1.567,-0.070
361.005,0.845,1.567,-0.070
361.116,0.844,1.566,-0.071
361.227,0.843,1.566,-0.072
361.338,0.842,1.566,-0.073
361.449,0.841,1.564,-0.074
361.561,0.842,1.565,-0.074
361.672,0.845,1.568,-0.074
361.783,0.848,1.566,-0.076
361.894,0.849,1.561,-0.077
362.005,0.849,1.556,-0.080
362.116,0.848,1.551,-0.084
362.227,0.848,1.548,-0.089
362.338,0.848,1.549,-0.092
362.449,0.849,1.551,-0.093
362.561,0.848,1.552,-0.090
362.672,0.848,1.547,-0.087
362.783,0.844,1.539,-0.086
362.894,0.842,1.537,-0.083
363.005,0.841,1.541,-0.079
363.116,0.842,1.544,-0.072
363.227,0.841,1.543,-0.069
363.338,0.839,1.542,-0.066
363.449,0.838,1.543,-0.062
363.560,0.839,1.546,-0.056
363.672,0.842,1.549,-0.048
363.782,0.843,1.551,-0.042
363.893,0.843,1.553,-0.039
364.004,0.844,1.553,-0.037
364.116,0.846,1.554,-0.037
364.227,0.846,1.556,-0.037
364.338,0.846,1.557,-0.039
364.449,0.844,1.558,-0.041
364.560,0.843,1.560,-0.042
364.672,0.845,1.569,-0.043
364.783,0.849,1.578,-0.046
364.894,0.851,1.580,-0.051
365.005,0.851,1.579,-0.054
365.117,0.851,1.577,-0.056
365.227,0.851,1.576,-0.058
365.338,0.851,1.575,-0.060
365.449,0.851,1.575,-0.061
365.560,0.850,1.574,-0.062
365.672,0.846,1.574,-0.061
365.783,0.845,1.571,-0.060
365.894,0.847,1.569,-0.060
366.005,0.849,1.569,-0.058
366.116,0.851,1.569,-0.057
366.228,0.854,1.568,-0.056
366.338,0.858,1.566,-0.057
366.450,0.862,1.567,-0.058
366.561,0.866,1.569,-0.060
366.672,0.870,1.573,-0.064
366.783,0.872,1.574,-0.069
366.894,0.872,1.575,-0.070
367.006,0.873,1.577,-0.070
367.117,0.872,1.578,-0.071
367.228,0.871,1.578,-0.070
367.339,0.870,1.578,-0.070
367.450,0.871,1.578,-0.069
367.561,0.872,1.578,-0.069
367.672,0.873,1.578,-0.070
367.783,0.874,1.578,-0.070
367.894,0.874,1.577,-0.069
368.006,0.873,1.577,-0.068
368.116,0.873,1.577,-0.067
368.228,0.872,1.576,-0.066
368.339,0.870,1.574,-0.064
368.450,0.869,1.573,-0.060
368.560,0.868,1.572,-0.056
368.672,0.867,1.571,-0.052
368.783,0.866,1.570,-0.044
368.894,0.865,1.568,-0.031
369.005,0.864,1.568,-0.021
369.116,0.861,1.568,-0.022
369.228,0.856,1.569,-0.028
369.338,0.852,1.570,-0.039
369.449,0.850,1.570,-0.049
369.560,0.851,1.570,-0.053
369.672,0.853,1.571,-0.054
369.783,0.855,1.572,-0.055
369.894,0.856,1.573,-0.055
370.005,0.855,1.574,-0.054
370.116,0.852,1.574,-0.052
370.228,0.850,1.573,-0.054
370.339,0.850,1.573,-0.055
370.450,0.850,1.574,-0.057
370.561,0.850,1.574,-0.059
370.672,0.846,1.575,-0.060
370.783,0.842,1.574,-0.061
370.894,0.839,1.573,-0.063
371.005,0.835,1.568,-0.063
371.116,0.832,1.562,-0.061
371.227,0.834,1.557,-0.057
371.338,0.838,1.557,-0.057
371.450,0.841,1.557,-0.061
371.561,0.842,1.556,-0.062
371.672,0.842,1.555,-0.063
371.782,0.840,1.556,-0.063
371.894,0.837,1.555,-0.063
372.005,0.834,1.554,-0.063
372.116,0.831,1.554,-0.062
372.228,0.828,1.554,-0.061
372.338,0.826,1.554,-0.060
372.449,0.825,1.552,-0.056
372.561,0.827,1.552,-0.049
372.672,0.835,1.553,-0.037
372.783,0.845,1.554,-0.027
372.894,0.850,1.553,-0.025
373.005,0.851,1.552,-0.028
373.116,0.850,1.549,-0.030
373.227,0.848,1.550,-0.033
373.339,0.843,1.551,-0.039
373.449,0.837,1.554,-0.051
373.561,0.833,1.558,-0.062
373.672,0.831,1.563,-0.069
373.783,0.830,1.566,-0.074
373.894,0.831,1.569,-0.079
374.005,0.833,1.570,-0.081
374.116,0.836,1.570,-0.083
374.225,0.838,1.571,-0.084
374.337,0.839,1.572,-0.084
374.448,0.838,1.568,-0.083
374.559,0.836,1.559,-0.079
374.670,0.833,1.558,-0.075
374.781,0.831,1.559,-0.075
374.892,0.828,1.556,-0.074
375.004,0.824,1.551,-0.074
375.115,0.818,1.550,-0.073
375.226,0.819,1.551,-0.074
375.338,0.820,1.554,-0.073
375.448,0.819,1.550,-0.076
375.561,0.819,1.552,-0.079
375.672,0.818,1.553,-0.080
375.783,0.820,1.553,-0.078
375.893,0.819,1.551,-0.076
376.005,0.817,1.549,-0.075
376.115,0.815,1.551,-0.076
376.227,0.812,1.551,-0.076
376.337,0.811,1.549,-0.075
376.449,0.811,1.550,-0.074
376.560,0.811,1.549,-0.074
376.671,0.811,1.548,-0.073
376.782,0.000,1.547,0.001
376.894,-0.001,1.548,0.001
377.005,-0.002,1.548,0.001
377.116,-0.003,1.547,0.002
377.227,-0.003,1.547,0.004
377.339,-0.004,1.549,0.006
377.449,-0.010,1.561,0.003
377.561,-0.018,1.572,-0.004
377.672,-0.022,1.574,-0.007
377.782,-0.022,1.574,-0.006
377.894,-0.022,1.574,-0.003
378.005,-0.017,1.570,0.003
378.116,-0.004,1.559,0.014
378.227,0.006,1.546,0.026
378.339,0.014,1.535,0.035
378.450,0.022,1.523,0.042
378.561,0.027,1.515,0.042
378.672,0.028,1.510,0.040
378.783,0.027,1.505,0.042
378.894,0.022,1.499,0.049
379.006,0.006,1.491,0.058
379.117,-0.016,1.485,0.066
379.227,-0.026,1.484,0.071
379.339,-0.031,1.487,0.072
379.450,-0.034,1.490,0.069
379.561,-0.038,1.503,0.063
379.672,-0.041,1.524,0.053
379.783,-0.044,1.524,0.039
379.895,-0.047,1.520,0.033
380.005,-0.047,1.516,0.029
380.116,-0.037,1.514,0.033
380.228,-0.023,1.512,0.035
380.338,-0.016,1.508,0.037
380.451,-0.016,1.506,0.038
380.561,-0.014,1.506,0.041
380.672,-0.012,1.505,0.043
380.783,-0.013,1.506,0.047
380.894,-0.019,1.507,0.051
381.005,-0.031,1.504,0.054
381.117,-0.053,1.494,0.058
381.227,-0.076,1.489,0.064
381.339,-0.092,1.488,0.072
381.450,-0.099,1.492,0.084
381.553,-0.101,1.492,0.097
381.663,-0.097,1.487,0.117
381.775,-0.091,1.482,0.150
381.886,-0.080,1.476,0.195
381.990,-0.066,1.476,0.244
382.102,-0.046,1.491,0.309
382.213,-0.027,1.507,0.370
382.324,-0.013,1.518,0.425
382.435,-0.003,1.524,0.475
382.546,0.007,1.525,0.521
382.658,0.014,1.520,0.565
382.770,0.021,1.516,0.611
382.881,0.021,1.505,0.659
382.992,0.006,1.490,0.709
383.103,-0.011,1.486,0.755
383.214,-0.025,1.487,0.788
383.325,-0.035,1.490,0.807
383.436,-0.044,1.493,0.817
383.548,-0.049,1.496,0.824
383.659,-0.054,1.494,0.831
383.770,-0.057,1.490,0.840
383.881,-0.061,1.485,0.848
383.992,-0.065,1.483,0.854
384.103,-0.070,1.485,0.857
384.214,-0.074,1.486,0.861
384.325,-0.077,1.485,0.868
384.436,-0.078,1.485,0.874
384.547,-0.080,1.485,0.879
384.659,-0.079,1.486,0.883
384.770,-0.077,1.487,0.885
384.881,-0.075,1.487,0.887
384.992,-0.072,1.487,0.889
385.103,-0.069,1.487,0.888
385.214,-0.066,1.488,0.887
385.325,-0.063,1.490,0.884
385.436,-0.059,1.492,0.881
385.547,-0.055,1.492,0.881
385.658,-0.053,1.501,0.887
385.770,-0.060,1.525,0.905
385.881,-0.082,1.549,0.925
385.992,-0.108,1.565,0.934
386.104,-0.131,1.572,0.937
386.215,-0.148,1.574,0.936
386.325,-0.156,1.575,0.931
386.436,-0.155,1.575,0.928
386.547,-0.150,1.572,0.926
386.658,-0.145,1.569,0.923
386.769,-0.138,1.569,0.920
386.881,-0.124,1.568,0.914
386.992,-0.107,1.564,0.905
387.103,-0.092,1.560,0.893
387.214,-0.080,1.552,0.882
387.325,-0.072,1.545,0.877
387.437,-0.068,1.540,0.875
387.547,-0.064,1.537,0.876
387.659,-0.059,1.534,0.878
387.770,-0.054,1.531,0.881
387.881,-0.052,1.526,0.884
387.992,-0.051,1.517,0.885
388.103,-0.050,1.511,0.887
388.214,-0.048,1.508,0.891
388.325,-0.045,1.505,0.896
388.437,-0.044,1.504,0.899
388.547,-0.042,1.504,0.901
388.658,-0.039,1.503,0.902
388.770,-0.034,1.502,0.902
388.881,-0.031,1.502,0.901
388.992,-0.030,1.501,0.899
389.103,-0.031,1.498,0.896
389.214,-0.032,1.494,0.893
389.325,-0.032,1.491,0.890
389.437,-0.033,1.488,0.887
389.547,-0.035,1.487,0.883
389.658,-0.036,1.487,0.880
389.770,-0.036,1.487,0.878
389.881,-0.037,1.487,0.878
389.992,-0.037,1.488,0.877
390.103,-0.037,1.489,0.877
390.214,-0.037,1.490,0.877
390.325,-0.037,1.492,0.879
390.437,-0.039,1.498,0.884
390.548,-0.045,1.516,0.900
390.659,-0.060,1.537,0.916
390.770,-0.081,1.554,0.930
390.881,-0.107,1.561,0.940
390.992,-0.130,1.563,0.944
391.103,-0.143,1.563,0.945
391.214,-0.149,1.560,0.945
391.325,-0.152,1.557,0.945
391.437,-0.154,1.555,0.945
391.547,-0.150,1.548,0.948
391.658,-0.134,1.530,0.953
391.770,-0.115,1.508,0.958
391.880,-0.098,1.499,0.962
391.992,-0.084,1.497,0.964
392.103,-0.072,1.494,0.962
392.214,-0.065,1.494,0.960
392.325,-0.060,1.493,0.957
392.437,-0.059,1.491,0.954
392.548,-0.058,1.490,0.948
392.659,-0.059,1.490,0.944
392.770,-0.060,1.490,0.940
392.881,-0.061,1.491,0.937
392.992,-0.063,1.492,0.934
393.103,-0.065,1.492,0.932
393.214,-0.067,1.492,0.931
393.326,-0.071,1.493,0.930
393.437,-0.075,1.494,0.930
393.548,-0.077,1.494,0.931
393.659,-0.078,1.495,0.930
393.770,-0.079,1.495,0.931
393.881,-0.079,1.496,0.930
393.992,-0.080,1.496,0.930
394.103,-0.079,1.496,0.929
394.215,-0.078,1.498,0.928
394.325,-0.076,1.502,0.926
394.437,-0.079,1.513,0.925
394.548,-0.088,1.537,0.926
394.659,-0.103,1.560,0.928
394.770,-0.122,1.571,0.934
394.882,-0.142,1.574,0.945
394.993,-0.159,1.574,0.949
395.104,-0.168,1.575,0.947
395.215,-0.168,1.575,0.942
395.325,-0.165,1.576,0.938
395.437,-0.161,1.579,0.934
395.548,-0.156,1.585,0.927
395.659,-0.153,1.596,0.917
395.770,-0.151,1.603,0.905
395.881,-0.150,1.606,0.894
395.992,-0.147,1.609,0.887
396.103,-0.146,1.611,0.882
396.214,-0.145,1.612,0.881
396.325,-0.143,1.613,0.881
396.437,-0.138,1.612,0.881
396.548,-0.131,1.603,0.882
396.659,-0.119,1.584,0.890
396.771,-0.109,1.562,0.904
396.881,-0.105,1.547,0.917
396.992,-0.104,1.542,0.923
397.103,-0.103,1.542,0.923
397.215,-0.103,1.541,0.919
397.326,-0.102,1.539,0.914
397.437,-0.098,1.537,0.906
397.548,-0.089,1.540,0.885
397.659,-0.082,1.548,0.852
397.770,-0.085,1.557,0.817
397.882,-0.095,1.562,0.789
397.992,-0.108,1.563,0.768
398.104,-0.116,1.563,0.754
398.215,-0.115,1.563,0.743
398.326,-0.111,1.565,0.736
398.438,-0.106,1.567,0.732
398.548,-0.104,1.567,0.732
398.660,-0.099,1.567,0.733
398.771,-0.091,1.569,0.735
398.882,-0.082,1.570,0.737
398.993,-0.075,1.570,0.741
399.104,-0.068,1.572,0.746
399.215,-0.059,1.574,0.752
399.326,-0.051,1.572,0.758
399.437,-0.048,1.572,0.763
399.548,-0.044,1.576,0.770
399.659,-0.038,1.579,0.781
399.770,-0.037,1.576,0.795
399.882,-0.035,1.581,0.809
399.992,-0.032,1.588,0.820
400.104,-0.033,1.584,0.823
400.215,-0.038,1.583,0.823
400.326,-0.039,1.580,0.824
400.437,-0.030,1.571,0.826
400.548,-0.019,1.551,0.809
400.659,-0.018,1.538,0.784
400.770,-0.027,1.532,0.758
400.881,-0.048,1.527,0.737
400.992,-0.070,1.521,0.725
401.104,-0.088,1.520,0.721
401.214,-0.101,1.518,0.720
401.326,-0.113,1.515,0.717
401.437,-0.120,1.513,0.715
401.548,-0.124,1.513,0.714
401.659,-0.125,1.513,0.713
401.770,-0.121,1.515,0.713
401.881,-0.113,1.515,0.715
401.992,-0.100,1.516,0.723
402.104,-0.085,1.515,0.736
402.215,-0.071,1.511,0.751
402.325,-0.059,1.507,0.768
402.437,-0.050,1.502,0.789
402.548,-0.046,1.500,0.805
402.659,-0.045,1.500,0.813
402.770,-0.045,1.500,0.819
402.882,-0.045,1.503,0.829
402.992,-0.047,1.505,0.841
403.103,-0.051,1.507,0.852
403.214,-0.054,1.509,0.861
403.325,-0.061,1.510,0.871
403.437,-0.073,1.513,0.884
403.547,-0.098,1.517,0.899
403.659,-0.132,1.520,0.906
403.770,-0.168,1.521,0.903
403.881,-0.200,1.523,0.891
403.992,-0.222,1.523,0.875
404.103,-0.231,1.521,0.865
404.214,-0.238,1.521,0.857
404.325,-0.249,1.522,0.846
404.436,-0.258,1.525,0.833
404.547,-0.261,1.531,0.819
404.658,-0.260,1.530,0.810
404.769,-0.257,1.530,0.806
404.880,-0.254,1.531,0.807
404.992,-0.252,1.532,0.812
405.103,-0.249,1.536,0.821
405.214,-0.241,1.547,0.842
405.325,-0.223,1.557,0.868
405.436,-0.190,1.566,0.895
405.547,-0.143,1.569,0.907
405.659,-0.104,1.569,0.895
405.770,-0.085,1.567,0.873
405.881,-0.085,1.565,0.854
405.993,-0.091,1.564,0.840
406.104,-0.100,1.565,0.828
406.215,-0.108,1.564,0.820
406.326,-0.111,1.565,0.815
406.437,-0.113,1.566,0.810
406.548,-0.113,1.567,0.805
406.659,-0.113,1.567,0.801
406.770,-0.114,1.568,0.799
406.881,-0.114,1.570,0.796
406.993,-0.112,1.571,0.791
407.104,-0.108,1.572,0.785
407.215,-0.103,1.571,0.778
407.326,-0.098,1.571,0.774
407.437,-0.096,1.573,0.774
407.548,-0.096,1.572,0.780
407.659,-0.095,1.569,0.786
407.770,-0.090,1.570,0.793
407.881,-0.083,1.572,0.800
407.992,-0.077,1.572,0.806
408.104,-0.075,1.570,0.810
408.215,-0.074,1.570,0.814
408.326,-0.069,1.571,0.818
408.437,-0.064,1.568,0.823
408.548,-0.063,1.569,0.825
408.659,-0.067,1.571,0.824
408.770,-0.063,1.578,0.825
408.881,-0.056,1.577,0.827
408.993,-0.052,1.579,0.828
409.104,-0.052,1.578,0.827
409.215,-0.056,1.593,0.831
409.326,-0.063,1.607,0.837
409.437,-0.066,1.610,0.840
409.548,-0.058,1.608,0.840
409.659,-0.048,1.590,0.839
409.771,-0.046,1.594,0.839
409.882,-0.055,1.605,0.840
409.993,-0.060,1.601,0.845
410.104,-0.063,1.605,0.855
410.215,-0.068,1.600,0.863
410.326,-0.075,1.601,0.864
410.437,-0.081,1.598,0.861
410.548,-0.088,1.596,0.857
410.659,-0.097,1.597,0.855
410.771,-0.104,1.598,0.853
410.882,-0.109,1.601,0.851
410.993,-0.115,1.602,0.849
411.104,-0.119,1.601,0.852
411.215,-0.123,1.595,0.858
411.326,-0.125,1.583,0.865
411.438,-0.125,1.571,0.871
411.548,-0.123,1.564,0.873
411.659,-0.118,1.559,0.870
411.771,-0.113,1.556,0.867
411.881,-0.109,1.550,0.867
411.993,-0.104,1.541,0.868
412.104,-0.096,1.530,0.866
412.214,-0.088,1.521,0.862
412.325,-0.083,1.516,0.858
412.436,-0.082,1.513,0.855
412.545,-0.081,1.512,0.852
412.657,-0.080,1.513,0.847
412.768,-0.079,1.515,0.845
412.879,-0.079,1.516,0.843
412.991,-0.079,1.517,0.844
413.101,-0.080,1.517,0.846
413.213,-0.080,1.519,0.849
413.324,-0.077,1.527,0.852
413.436,-0.074,1.544,0.854
413.548,-0.073,1.562,0.854
413.659,-0.075,1.577,0.851
413.771,-0.078,1.583,0.848
413.882,-0.080,1.586,0.845
413.992,-0.080,1.588,0.841
414.104,-0.079,1.588,0.835
414.215,-0.075,1.588,0.822
414.326,-0.075,1.585,0.801
414.437,-0.083,1.579,0.780
414.548,-0.092,1.576,0.766
414.659,-0.101,1.571,0.757
414.770,-0.107,1.569,0.753
414.881,-0.112,1.567,0.751
414.992,-0.115,1.566,0.750
415.104,-0.118,1.565,0.749
415.215,-0.119,1.566,0.747
415.326,-0.118,1.568,0.744
415.437,-0.115,1.568,0.739
415.548,-0.110,1.568,0.734
415.659,-0.105,1.566,0.731
415.770,-0.103,1.566,0.732
415.881,-0.099,1.568,0.741
415.993,-0.093,1.569,0.755
416.104,-0.088,1.568,0.774
416.215,-0.088,1.567,0.793
416.325,-0.092,1.565,0.814
416.437,-0.098,1.564,0.834
416.548,-0.104,1.563,0.853
416.659,-0.107,1.562,0.867
416.770,-0.107,1.561,0.874
416.881,-0.103,1.561,0.875
416.992,-0.096,1.560,0.869
417.104,-0.089,1.560,0.859
417.214,-0.082,1.560,0.844
417.325,-0.076,1.560,0.830
417.437,-0.071,1.561,0.818
417.548,-0.068,1.561,0.810
417.659,-0.067,1.559,0.809
417.770,-0.067,1.562,0.815
417.881,-0.069,1.563,0.825
417.992,-0.070,1.563,0.839
418.104,-0.070,1.563,0.854
418.215,-0.071,1.564,0.869
418.326,-0.072,1.568,0.881
418.437,-0.071,1.565,0.890
418.548,-0.069,1.561,0.894
418.659,-0.068,1.564,0.891
418.770,-0.067,1.566,0.881
418.881,-0.066,1.570,0.864
418.992,-0.064,1.571,0.844
419.104,-0.059,1.570,0.824
419.214,-0.052,1.567,0.808
419.326,-0.045,1.563,0.799
419.437,-0.043,1.565,0.797
419.548,-0.043,1.568,0.802
419.659,-0.045,1.573,0.816
419.770,-0.048,1.576,0.835
419.882,-0.051,1.577,0.854
419.993,-0.055,1.574,0.874
420.104,-0.058,1.563,0.896
420.215,-0.059,1.553,0.916
420.326,-0.061,1.544,0.926
420.437,-0.061,1.538,0.924
420.548,-0.055,1.538,0.906
420.659,-0.041,1.527,0.875
420.771,-0.024,1.505,0.843
420.881,-0.010,1.492,0.818
420.992,-0.002,1.485,0.801
421.104,0.002,1.484,0.795
421.215,0.002,1.482,0.797
421.325,0.001,1.483,0.805
421.437,0.002,1.485,0.819
421.548,0.004,1.484,0.833
421.659,0.005,1.484,0.843
421.770,0.005,1.485,0.848
421.881,0.006,1.484,0.849
421.992,0.008,1.484,0.846
422.104,0.012,1.485,0.840
422.214,0.014,1.484,0.834
422.325,0.016,1.486,0.830
422.437,0.015,1.486,0.827
422.548,0.014,1.486,0.825
422.659,0.012,1.487,0.824
422.770,0.007,1.485,0.822
422.881,0.007,1.486,0.820
422.992,0.004,1.488,0.820
423.104,0.004,1.487,0.822
423.214,0.006,1.487,0.831
423.325,0.008,1.487,0.840
423.437,0.011,1.487,0.850
423.547,0.014,1.484,0.859
423.659,0.015,1.482,0.863
423.770,0.015,1.483,0.863
423.881,0.014,1.484,0.863
423.992,0.014,1.485,0.859
424.103,0.016,1.487,0.851
424.214,0.015,1.492,0.841
424.326,0.012,1.499,0.833
424.437,0.005,1.518,0.822
424.548,-0.008,1.543,0.804
424.659,-0.024,1.563,0.784
424.771,-0.035,1.572,0.772
424.882,-0.042,1.577,0.765
424.993,-0.048,1.576,0.761
425.104,-0.050,1.575,0.759
425.215,-0.049,1.577,0.760
425.326,-0.044,1.581,0.761
425.438,-0.042,1.585,0.764
425.548,-0.043,1.580,0.769
425.660,-0.043,1.579,0.772
425.771,-0.044,1.582,0.774
425.882,-0.047,1.578,0.776
425.992,-0.049,1.573,0.777
426.104,-0.050,1.575,0.777
426.215,-0.049,1.574,0.779
426.326,-0.046,1.577,0.781
426.437,-0.039,1.575,0.791
426.548,-0.029,1.563,0.810
426.659,-0.026,1.556,0.833
426.770,-0.030,1.552,0.856
426.882,-0.035,1.551,0.874
426.992,-0.038,1.553,0.885
427.104,-0.043,1.553,0.890
427.215,-0.049,1.548,0.890
427.326,-0.053,1.548,0.889
427.437,-0.057,1.551,0.887
427.548,-0.058,1.552,0.886
427.659,-0.052,1.552,0.883
427.770,-0.042,1.552,0.877
427.881,-0.025,1.553,0.856
427.992,-0.014,1.550,0.828
428.104,-0.012,1.543,0.808
428.214,-0.012,1.540,0.800
428.326,-0.011,1.539,0.800
428.437,-0.006,1.524,0.807
428.548,-0.005,1.498,0.819
428.659,-0.002,1.492,0.828
428.770,-0.001,1.493,0.832
428.881,-0.001,1.494,0.836
428.992,-0.002,1.497,0.846
429.102,-0.005,1.499,0.853
429.213,-0.010,1.499,0.853
429.324,-0.016,1.500,0.853
429.436,-0.021,1.499,0.853
429.546,-0.027,1.500,0.853
429.658,-0.033,1.500,0.853
429.770,-0.035,1.502,0.849
429.880,-0.034,1.506,0.830
429.992,-0.038,1.517,0.796
430.103,-0.051,1.535,0.766
430.214,-0.071,1.555,0.744
430.325,-0.090,1.570,0.737
430.437,-0.098,1.574,0.738
430.548,-0.101,1.574,0.742
430.659,-0.104,1.577,0.745
430.770,-0.103,1.581,0.750
430.881,-0.083,1.577,0.765
430.992,-0.059,1.567,0.796
431.104,-0.047,1.560,0.830
431.215,-0.044,1.552,0.853
431.325,-0.042,1.545,0.863
431.437,-0.039,1.541,0.869
431.548,-0.035,1.538,0.872
431.659,-0.032,1.536,0.873
431.770,-0.028,1.531,0.871
431.881,-0.024,1.525,0.863
431.992,-0.016,1.523,0.849
432.103,-0.006,1.517,0.833
432.214,0.009,1.512,0.826
432.325,0.030,1.509,0.829
432.437,0.054,1.504,0.844
432.548,0.081,1.498,0.871
432.659,0.111,1.501,0.910
432.770,0.142,1.507,0.949
432.881,0.172,1.509,0.984
432.992,0.197,1.508,1.013
433.103,0.215,1.507,1.033
433.215,0.225,1.506,1.046
433.325,0.230,1.506,1.056
433.437,0.231,1.507,1.062
433.548,0.226,1.506,1.061
433.659,0.207,1.508,1.052
433.770,0.178,1.513,1.033
433.881,0.141,1.517,1.004
433.992,0.112,1.517,0.969
434.103,0.090,1.516,0.935
434.214,0.072,1.514,0.905
434.325,0.057,1.515,0.882
434.436,0.049,1.511,0.866
434.547,0.039,1.509,0.857
434.658,0.030,1.505,0.854
434.769,0.023,1.506,0.853
434.880,0.018,1.511,0.854
434.991,0.009,1.518,0.852
435.103,-0.006,1.526,0.846
435.214,-0.013,1.532,0.840
435.325,-0.015,1.535,0.838
435.436,-0.017,1.537,0.838
435.547,-0.016,1.538,0.838
435.658,-0.008,1.539,0.838
435.769,0.010,1.542,0.840
435.880,0.029,1.540,0.840
435.992,0.037,1.544,0.839
436.102,0.037,1.550,0.838
436.213,0.034,1.554,0.841
436.324,0.030,1.555,0.850
436.436,0.023,1.552,0.870
436.546,0.010,1.544,0.902
436.657,-0.008,1.539,0.946
436.769,-0.033,1.534,0.997
436.879,-0.062,1.531,1.055
436.991,-0.089,1.533,1.117
437.102,-0.106,1.538,1.181
437.213,-0.116,1.535,1.244
437.324,-0.119,1.525,1.311
437.436,-0.118,1.512,1.386
437.546,-0.114,1.506,1.471
437.657,-0.110,1.511,1.564
437.768,-0.110,1.526,1.659
437.879,-0.117,1.536,1.747
437.990,-0.130,1.540,1.825
438.101,-0.150,1.533,1.898
438.212,-0.178,1.522,1.968
438.324,-0.211,1.516,2.038
438.435,-0.244,1.525,2.111
438.545,-0.273,1.533,2.178
438.657,-0.293,1.536,2.239
438.768,-0.309,1.534,2.298
438.879,-0.321,1.532,2.358
438.990,-0.326,1.528,2.421
439.101,-0.329,1.522,2.488
439.212,-0.332,1.526,2.555
439.324,-0.349,1.537,2.613
439.435,-0.365,1.541,2.649
439.546,-0.378,1.538,2.672
439.658,-0.385,1.531,2.694
439.769,-0.391,1.529,2.721
439.880,-0.397,1.528,2.747
439.991,-0.403,1.529,2.769
440.103,-0.406,1.530,2.783
440.214,-0.411,1.530,2.792
440.325,-0.416,1.526,2.801
440.436,-0.419,1.526,2.811
440.547,-0.425,1.523,2.823
440.658,-0.435,1.521,2.835
440.770,-0.449,1.520,2.842
440.881,-0.468,1.520,2.839
440.991,-0.486,1.522,2.809
441.103,-0.496,1.522,2.769
441.214,-0.505,1.523,2.737
441.325,-0.512,1.524,2.719
441.437,-0.519,1.529,2.719
441.540,-0.527,1.535,2.730
441.651,-0.537,1.537,2.751
441.762,-0.555,1.542,2.781
441.873,-0.581,1.545,2.816
441.976,-0.608,1.548,2.847
442.088,-0.637,1.549,2.875
442.199,-0.663,1.548,2.894
442.310,-0.707,1.548,2.904
442.422,-0.756,1.544,2.924
442.533,-0.783,1.540,2.943
442.644,-0.788,1.539,2.949
442.755,-0.775,1.543,2.944
442.866,-0.743,1.548,2.938
442.977,-0.717,1.547,2.938
443.088,-0.708,1.546,2.941
443.200,-0.707,1.545,2.942
443.311,-0.707,1.545,2.940
443.422,-0.720,1.545,2.936
443.533,-0.750,1.545,2.936
443.644,-0.782,1.544,2.944
443.756,-0.806,1.543,2.952
443.866,-0.819,1.542,2.953
443.978,-0.827,1.542,2.949
444.089,-0.835,1.542,2.946
444.200,-0.844,1.541,2.947
444.311,-0.843,1.542,2.939
444.422,-0.815,1.549,2.923
444.533,-0.781,1.551,2.921
444.645,-0.754,1.547,2.927
444.756,-0.737,1.545,2.929
444.867,-0.719,1.546,2.925
444.978,-0.694,1.544,2.913
445.089,-0.658,1.541,2.894
445.200,-0.612,1.541,2.869
445.312,-0.555,1.540,2.843
445.422,-0.489,1.541,2.832
445.534,-0.433,1.539,2.839
445.645,-0.399,1.539,2.849
445.756,-0.379,1.538,2.858
445.867,-0.370,1.533,2.853
445.978,-0.366,1.528,2.834
446.089,-0.367,1.528,2.812
446.200,-0.371,1.529,2.790
446.310,-0.377,1.527,2.771
446.421,-0.385,1.528,2.758
446.532,-0.395,1.528,2.753
446.643,-0.407,1.530,2.754
446.755,-0.417,1.530,2.759
446.866,-0.421,1.530,2.767
446.977,-0.421,1.531,2.773
447.088,-0.418,1.533,2.780
447.199,-0.414,1.534,2.785
447.310,-0.409,1.541,2.787
447.421,-0.408,1.562,2.782
447.533,-0.410,1.578,2.774
447.643,-0.412,1.583,2.769
447.755,-0.415,1.588,2.763
447.866,-0.416,1.598,2.754
447.976,-0.422,1.611,2.734
448.088,-0.425,1.615,2.719
448.198,-0.427,1.616,2.711
448.309,-0.428,1.615,2.709
448.421,-0.422,1.614,2.713
448.532,-0.389,1.600,2.723
448.645,-0.350,1.581,2.698
448.757,-0.339,1.566,2.655
448.868,-0.347,1.559,2.621
448.978,-0.359,1.556,2.600
449.089,-0.370,1.553,2.586
449.201,-0.379,1.551,2.581
449.312,-0.380,1.549,2.585
449.423,-0.373,1.546,2.594
449.534,-0.371,1.546,2.598
449.645,-0.376,1.541,2.602
449.756,-0.375,1.542,2.601
449.867,-0.370,1.542,2.602
449.978,-0.353,1.540,2.608
450.089,-0.323,1.531,2.634
450.200,-0.298,1.522,2.658
450.311,-0.290,1.515,2.677
450.422,-0.295,1.509,2.689
450.533,-0.307,1.509,2.692
450.644,-0.316,1.511,2.684
450.755,-0.323,1.513,2.675
450.866,-0.331,1.514,2.673
450.977,-0.345,1.521,2.670
451.088,-0.360,1.525,2.668
451.199,-0.370,1.525,2.663
451.310,-0.379,1.525,2.658
451.421,-0.384,1.526,2.648
451.532,-0.383,1.527,2.639
451.643,-0.377,1.529,2.628
451.755,-0.347,1.534,2.605
451.867,-0.316,1.539,2.569
451.978,-0.296,1.541,2.523
452.090,-0.290,1.541,2.480
452.201,-0.287,1.540,2.452
452.312,-0.279,1.539,2.438
452.423,-0.265,1.536,2.430
452.534,-0.242,1.534,2.427
452.645,-0.207,1.533,2.422
452.756,-0.168,1.523,2.412
452.867,-0.128,1.512,2.391
452.978,-0.092,1.507,2.357
453.089,-0.063,1.498,2.313
453.200,-0.044,1.488,2.258
453.311,-0.036,1.481,2.193
453.423,-0.033,1.476,2.115
453.534,-0.031,1.481,2.016
453.645,-0.029,1.495,1.904
453.756,-0.020,1.504,1.807
453.867,-0.009,1.508,1.714
453.978,0.003,1.496,1.616
454.090,0.018,1.473,1.515
454.200,0.041,1.460,1.408
454.312,0.067,1.471,1.294
454.423,0.081,1.483,1.190
454.534,0.085,1.490,1.100
454.645,0.081,1.487,1.016
454.756,0.069,1.481,0.935
454.867,0.050,1.481,0.852
454.979,0.035,1.488,0.768
455.090,0.028,1.493,0.693
455.201,0.032,1.492,0.630
455.312,0.042,1.490,0.581
455.423,0.058,1.487,0.543
455.534,0.083,1.482,0.512
455.645,0.106,1.476,0.491
455.756,0.125,1.471,0.476
455.867,0.144,1.468,0.460
455.978,0.157,1.464,0.440
456.089,0.167,1.467,0.422
456.200,0.173,1.473,0.406
456.311,0.175,1.484,0.390
456.422,0.177,1.503,0.377
456.534,0.174,1.528,0.368
456.645,0.180,1.556,0.357
456.756,0.201,1.585,0.340
456.867,0.239,1.578,0.312
456.978,0.281,1.531,0.282
457.089,0.313,1.461,0.256
457.200,0.330,1.395,0.232
457.312,0.338,1.352,0.203
457.422,0.342,1.329,0.166
457.533,0.342,1.317,0.121
457.645,0.345,1.309,0.072
457.756,0.354,1.303,0.024
457.867,0.370,1.295,-0.017
457.978,0.389,1.291,-0.043
458.090,0.411,1.290,-0.059
458.200,0.436,1.291,-0.072
458.312,0.466,1.293,-0.082
458.422,0.506,1.296,-0.090
458.534,0.560,1.299,-0.095
458.645,0.628,1.306,-0.097
458.756,0.701,1.313,-0.095
458.867,0.769,1.312,-0.096
458.978,0.826,1.308,-0.103
459.089,0.875,1.304,-0.108
459.200,0.923,1.297,-0.110
459.312,0.978,1.286,-0.118
459.423,1.037,1.279,-0.134
459.534,1.094,1.282,-0.155
459.646,1.144,1.281,-0.177
459.756,1.189,1.273,-0.191
459.867,1.226,1.257,-0.203
459.978,1.258,1.242,-0.217
460.090,1.289,1.231,-0.234
460.201,1.316,1.226,-0.262
460.312,1.334,1.221,-0.303
460.423,1.341,1.213,-0.360
460.534,1.343,1.206,-0.412
460.645,1.344,1.195,-0.451
460.757,1.348,1.189,-0.480
460.867,1.349,1.187,-0.501
460.979,1.352,1.189,-0.527
461.091,1.359,1.195,-0.566
461.202,1.373,1.190,-0.623
461.314,1.395,1.175,-0.699
461.426,1.416,1.151,-0.793
461.538,1.424,1.101,-0.891
461.649,1.419,1.025,-0.988
461.760,1.412,0.957,-1.075
461.871,1.417,0.892,-1.163
461.982,1.427,0.831,-1.248
462.093,1.427,0.803,-1.307
462.204,1.415,0.812,-1.332
462.315,1.409,0.824,-1.336
462.427,1.422,0.817,-1.346
462.538,1.429,0.801,-1.336
462.649,1.418,0.768,-1.325
462.760,1.416,0.745,-1.309
462.871,1.434,0.705,-1.304
462.982,1.467,0.627,-1.306
463.094,1.491,0.552,-1.317
463.204,1.502,0.492,-1.326
463.315,1.510,0.476,-1.344
463.427,1.516,0.491,-1.371
463.537,1.518,0.488,-1.392
463.648,1.513,0.461,-1.401
463.760,1.508,0.447,-1.409
463.870,1.504,0.445,-1.407
463.981,1.503,0.438,-1.396
464.093,1.504,0.429,-1.383
464.204,1.501,0.424,-1.372
464.315,1.492,0.421,-1.365
464.426,1.480,0.419,-1.360
464.537,1.466,0.416,-1.355
464.648,1.455,0.416,-1.353
464.760,1.446,0.427,-1.354
464.871,1.435,0.441,-1.360
464.982,1.422,0.458,-1.363
465.093,1.412,0.509,-1.360
465.204,1.398,0.595,-1.365
465.315,1.374,0.688,-1.401
465.426,1.329,0.736,-1.455
465.538,1.279,0.754,-1.503
465.649,1.214,0.765,-1.535
465.760,1.122,0.769,-1.565
465.871,1.007,0.776,-1.600
465.981,0.892,0.800,-1.636
466.093,0.798,0.823,-1.669
466.204,0.723,0.827,-1.695
466.315,0.667,0.815,-1.714
466.426,0.623,0.791,-1.730
466.537,0.582,0.767,-1.746
466.649,0.559,0.775,-1.767
466.760,0.556,0.800,-1.791
466.871,0.562,0.808,-1.806
466.982,0.569,0.805,-1.818
467.093,0.577,0.805,-1.840
467.204,0.580,0.807,-1.875
467.315,0.575,0.806,-1.907
467.426,0.572,0.802,-1.930
467.537,0.583,0.804,-1.943
467.648,0.609,0.815,-1.946
467.760,0.642,0.844,-1.942
467.871,0.675,0.872,-1.940
467.982,0.709,0.887,-1.939
468.093,0.752,0.896,-1.938
468.204,0.810,0.906,-1.930
468.315,0.884,0.904,-1.910
468.426,0.956,0.898,-1.881
468.537,1.012,0.899,-1.845
468.648,1.050,0.910,-1.799
468.760,1.075,0.917,-1.746
468.870,1.094,0.922,-1.682
468.980,1.123,0.895,-1.606
469.090,1.160,0.889,-1.540
469.201,1.186,0.893,-1.487
469.312,1.209,0.894,-1.439
469.423,1.242,0.900,-1.384
469.534,1.266,0.908,-1.346
469.646,1.278,0.907,-1.327
469.756,1.289,0.905,-1.306
469.867,1.295,0.904,-1.295
469.978,1.299,0.899,-1.291
470.090,1.303,0.895,-1.290
470.201,1.304,0.893,-1.287
470.312,1.304,0.890,-1.287
470.423,1.301,0.886,-1.285
470.534,1.295,0.886,-1.283
470.645,1.289,0.887,-1.282
470.756,1.283,0.887,-1.280
470.867,1.272,0.885,-1.282
470.978,1.271,0.885,-1.286
471.089,1.270,0.879,-1.293
471.200,1.260,0.871,-1.308
471.311,1.251,0.853,-1.315
471.423,1.240,0.801,-1.341
471.534,1.217,0.739,-1.396
471.646,1.154,0.685,-1.447
471.758,1.085,0.631,-1.446
471.870,1.031,0.605,-1.412
471.981,0.992,0.587,-1.395
472.092,0.977,0.551,-1.407
472.203,0.988,0.497,-1.437
472.315,1.012,0.434,-1.473
472.426,1.033,0.377,-1.508
472.538,1.044,0.343,-1.531
472.648,1.042,0.336,-1.538
472.759,1.041,0.351,-1.535
472.870,1.050,0.378,-1.530
472.981,1.082,0.419,-1.523
473.092,1.140,0.469,-1.508
473.203,1.221,0.523,-1.481
473.314,1.302,0.551,-1.442
473.425,1.378,0.546,-1.402
473.535,1.447,0.529,-1.370
473.647,1.497,0.520,-1.342
473.758,1.532,0.508,-1.308
473.869,1.582,0.482,-1.250
473.981,1.609,0.448,-1.188
474.091,1.619,0.374,-1.179
474.202,1.621,0.277,-1.184
474.313,1.621,0.176,-1.184
474.424,1.624,0.108,-1.179
474.535,1.627,0.063,-1.180
474.646,1.627,0.034,-1.188
474.757,1.629,0.024,-1.195
474.868,1.634,0.019,-1.192
474.980,1.633,0.019,-1.184
475.091,1.633,0.018,-1.181
475.203,1.642,0.016,-1.179
475.314,1.653,0.020,-1.172
475.425,1.654,0.015,-1.173
475.536,1.654,0.015,-1.173
475.647,1.655,0.015,-1.174
475.759,1.654,0.014,-1.177
475.870,1.653,0.014,-1.178
475.981,1.654,0.014,-1.178
476.092,1.654,0.014,-1.179
476.203,1.654,0.014,-1.179
476.315,1.654,0.014,-1.179
476.425,1.654,0.014,-1.179
476.537,1.653,0.014,-1.179
476.648,1.653,0.014,-1.179
476.759,1.653,0.014,-1.179
476.870,1.653,0.014,-1.179
476.981,1.653,0.014,-1.179
477.092,1.653,0.014,-1.179
477.204,1.653,0.014,-1.179
477.315,1.653,0.014,-1.179
477.426,1.653,0.014,-1.180
477.537,1.653,0.014,-1.180
477.648,1.653,0.014,-1.180
477.759,1.653,0.014,-1.180
477.870,1.653,0.014,-1.180
477.981,1.653,0.014,-1.180
478.092,1.653,0.014,-1.180
478.203,1.653,0.014,-1.180
478.315,1.653,0.014,-1.180
478.426,1.653,0.014,-1.180
478.536,1.653,0.013,-1.180
478.648,1.653,0.013,-1.180
478.759,1.653,0.013,-1.180
478.870,1.653,0.013,-1.180
478.981,1.653,0.013,-1.180
479.092,1.653,0.013,-1.180
479.203,1.653,0.013,-1.180
479.314,1.653,0.013,-1.181
479.425,1.653,0.013,-1.181
479.537,1.653,0.013,-1.181
479.648,1.653,0.013,-1.181
479.759,1.653,0.013,-1.181
479.870,1.653,0.013,-1.181
479.981,1.653,0.013,-1.181
480.092,1.653,0.013,-1.181
480.203,1.653,0.013,-1.181
480.314,1.653,0.013,-1.181
480.426,1.653,0.013,-1.181
480.537,1.653,0.013,-1.181
480.648,1.653,0.013,-1.181
480.759,1.653,0.013,-1.181
480.870,1.653,0.013,-1.181
480.981,1.653,0.013,-1.181
481.092,1.653,0.014,-1.181
481.203,1.652,0.014,-1.181
481.314,1.653,0.013,-1.181
481.426,1.653,0.013,-1.181
481.537,1.653,0.013,-1.181
481.647,1.653,0.013,-1.181
481.759,1.653,0.013,-1.181
481.870,1.653,0.013,-1.181
481.981,1.653,0.013,-1.181
482.092,1.653,0.014,-1.181
482.203,1.653,0.013,-1.181
482.314,1.653,0.013,-1.181
482.426,1.653,0.013,-1.181
482.537,1.653,0.013,-1.181
482.648,1.653,0.013,-1.181
482.759,1.653,0.013,-1.181
482.870,1.653,0.013,-1.181
482.981,1.653,0.013,-1.181
483.092,1.653,0.013,-1.181
483.204,1.653,0.013,-1.181
483.314,1.653,0.013,-1.181
483.426,1.653,0.013,-1.181
483.537,1.653,0.013,-1.181
483.648,1.653,0.013,-1.181
483.759,1.653,0.013,-1.181
483.870,1.653,0.013,-1.181
483.981,1.653,0.013,-1.181
484.092,1.653,0.013,-1.181
484.203,1.653,0.013,-1.181
484.314,1.653,0.013,-1.181
484.425,1.653,0.013,-1.181
484.537,1.653,0.013,-1.181
484.647,1.653,0.013,-1.181
484.759,1.653,0.013,-1.181
484.870,1.653,0.013,-1.181
484.981,1.653,0.013,-1.182
485.092,1.653,0.013,-1.182
485.203,1.653,0.013,-1.182
485.314,1.653,0.013,-1.182
485.426,1.653,0.013,-1.182
485.537,1.653,0.013,-1.182
485.648,1.653,0.013,-1.182
485.759,1.653,0.013,-1.182
485.870,1.653,0.013,-1.182
485.981,1.653,0.013,-1.182
486.092,1.653,0.013,-1.182
486.203,1.653,0.013,-1.182
486.314,1.653,0.013,-1.182
486.426,1.653,0.013,-1.182
486.537,1.653,0.013,-1.182
486.648,1.653,0.013,-1.182
486.759,1.653,0.013,-1.182
486.870,1.653,0.013,-1.182
486.981,1.653,0.013,-1.182
487.092,1.653,0.013,-1.182
487.203,1.653,0.013,-1.182
487.314,1.654,0.021,-1.185
487.426,1.644,0.074,-1.193
487.537,1.623,0.178,-1.185
487.648,1.591,0.288,-1.169
487.760,1.559,0.378,-1.162
487.871,1.532,0.440,-1.173
487.981,1.513,0.469,-1.189
488.093,1.504,0.479,-1.205
488.204,1.504,0.484,-1.220
488.315,1.501,0.488,-1.224
488.427,1.500,0.495,-1.224
488.538,1.505,0.499,-1.224
488.649,1.508,0.504,-1.227
488.760,1.511,0.515,-1.231
488.871,1.511,0.530,-1.237
488.982,1.514,0.543,-1.242
489.093,1.516,0.557,-1.246
489.205,1.520,0.571,-1.253
489.316,1.527,0.578,-1.260
489.427,1.543,0.567,-1.266
489.538,1.565,0.549,-1.271
489.649,1.582,0.540,-1.275
489.760,1.602,0.552,-1.286
489.871,1.631,0.576,-1.287
489.982,1.661,0.593,-1.279
490.093,1.683,0.595,-1.272
490.204,1.692,0.576,-1.264
490.315,1.702,0.537,-1.250
490.426,1.718,0.517,-1.242
490.537,1.739,0.525,-1.243
490.649,1.755,0.510,-1.244
490.760,1.757,0.488,-1.249
490.871,1.744,0.482,-1.255
490.982,1.728,0.475,-1.250
491.093,1.715,0.468,-1.241
491.204,1.708,0.465,-1.238
491.316,1.705,0.464,-1.239
491.427,1.704,0.463,-1.241
491.538,1.705,0.461,-1.241
491.648,1.705,0.463,-1.240
491.759,1.701,0.463,-1.239
491.871,1.692,0.456,-1.237
491.982,1.679,0.450,-1.234
492.093,1.666,0.446,-1.231
492.204,1.659,0.445,-1.228
492.315,1.661,0.446,-1.226
492.426,1.669,0.445,-1.225
492.538,1.676,0.445,-1.225
492.648,1.679,0.447,-1.226
492.760,1.679,0.447,-1.226
492.871,1.681,0.447,-1.228
492.982,1.686,0.449,-1.231
493.093,1.691,0.451,-1.233
493.204,1.692,0.450,-1.234
493.315,1.686,0.448,-1.232
493.426,1.680,0.447,-1.229
493.538,1.676,0.447,-1.227
493.649,1.678,0.449,-1.229
493.760,1.680,0.450,-1.232
493.871,1.679,0.449,-1.233
493.982,1.675,0.446,-1.230
494.093,1.670,0.448,-1.228
494.204,1.668,0.450,-1.227
494.315,1.669,0.448,-1.228
494.426,1.672,0.447,-1.230
494.538,1.676,0.449,-1.231
494.649,1.675,0.455,-1.232
494.760,1.672,0.456,-1.234
494.871,1.670,0.456,-1.242
494.982,1.668,0.456,-1.248
495.093,1.662,0.456,-1.249
495.204,1.657,0.457,-1.247
495.315,1.656,0.456,-1.246
495.427,1.659,0.456,-1.248
495.538,1.662,0.456,-1.249
495.649,1.665,0.457,-1.250
495.760,1.666,0.459,-1.250
495.871,1.665,0.458,-1.248
495.982,1.663,0.457,-1.248
496.093,1.661,0.456,-1.249
496.204,1.661,0.456,-1.249
496.315,1.662,0.456,-1.248
496.426,1.662,0.456,-1.249
496.538,1.661,0.456,-1.249
496.648,1.662,0.456,-1.250
496.758,1.662,0.456,-1.251
496.871,1.661,0.456,-1.251
496.982,1.660,0.456,-1.252
497.093,1.660,0.458,-1.253
497.204,1.663,0.466,-1.254
497.315,1.666,0.464,-1.256
497.427,1.663,0.463,-1.261
497.537,1.658,0.454,-1.263
497.649,1.658,0.444,-1.262
497.760,1.664,0.445,-1.261
497.871,1.669,0.450,-1.260
497.982,1.672,0.450,-1.260
498.093,1.670,0.448,-1.261
498.205,1.668,0.447,-1.262
498.316,1.668,0.447,-1.261
498.427,1.669,0.447,-1.260
498.538,1.669,0.447,-1.260
498.649,1.668,0.450,-1.263
498.760,1.667,0.456,-1.267
498.871,1.670,0.469,-1.270
498.982,1.676,0.486,-1.273
499.093,1.680,0.499,-1.276
499.204,1.679,0.506,-1.280
499.315,1.678,0.503,-1.281
499.426,1.679,0.497,-1.279
499.537,1.687,0.485,-1.274
499.648,1.703,0.473,-1.265
499.760,1.723,0.473,-1.252
499.871,1.742,0.471,-1.244
499.981,1.761,0.472,-1.253
500.093,1.777,0.468,-1.274
500.204,1.783,0.472,-1.295
500.315,1.784,0.485,-1.300
500.426,1.783,0.481,-1.295
500.537,1.771,0.463,-1.292
500.648,1.749,0.467,-1.297
500.759,1.738,0.470,-1.298
500.871,1.744,0.466,-1.292
500.982,1.757,0.466,-1.290
501.093,1.764,0.466,-1.292
501.204,1.763,0.461,-1.293
501.315,1.763,0.460,-1.291
501.426,1.768,0.461,-1.290
501.538,1.773,0.460,-1.290
501.648,1.776,0.459,-1.291
501.759,1.777,0.459,-1.292
501.871,1.777,0.458,-1.292
501.982,1.777,0.458,-1.291
502.093,1.775,0.459,-1.290
502.204,1.773,0.459,-1.290
502.315,1.771,0.459,-1.290
502.427,1.769,0.459,-1.290
502.538,1.768,0.459,-1.290
502.648,1.765,0.458,-1.291
502.760,1.760,0.458,-1.293
502.871,1.756,0.458,-1.295
502.982,1.752,0.457,-1.299
503.093,1.751,0.457,-1.304
503.204,1.750,0.458,-1.307
503.315,1.746,0.456,-1.303
503.427,1.740,0.455,-1.299
503.538,1.738,0.458,-1.296
503.649,1.741,0.458,-1.296
503.759,1.744,0.457,-1.298
503.871,1.742,0.456,-1.299
503.982,1.741,0.456,-1.298
504.093,1.743,0.456,-1.297
504.204,1.745,0.455,-1.298
504.315,1.745,0.456,-1.299
504.426,1.745,0.455,-1.299
504.538,1.746,0.454,-1.297
504.649,1.746,0.454,-1.295
504.760,1.746,0.454,-1.296
504.871,1.744,0.454,-1.299
504.982,1.736,0.455,-1.300
505.093,1.727,0.454,-1.300
505.204,1.725,0.455,-1.301
505.316,1.731,0.458,-1.305
505.427,1.738,0.456,-1.309
505.538,1.740,0.455,-1.310
505.649,1.734,0.454,-1.308
505.760,1.729,0.453,-1.306
505.871,1.725,0.455,-1.307
505.982,1.724,0.456,-1.305
506.093,1.723,0.455,-1.303
506.204,1.718,0.458,-1.304
506.316,1.712,0.458,-1.306
506.427,1.711,0.457,-1.307
506.538,1.718,0.458,-1.306
506.649,1.723,0.460,-1.306
506.760,1.717,0.451,-1.308
506.871,1.703,0.447,-1.310
506.982,1.692,0.454,-1.312
507.093,1.689,0.448,-1.308
507.205,1.692,0.445,-1.305
507.315,1.695,0.448,-1.307
507.427,1.695,0.447,-1.311
507.538,1.695,0.448,-1.313
507.649,1.697,0.447,-1.311
507.760,1.700,0.447,-1.308
507.871,1.701,0.447,-1.307
507.982,1.703,0.445,-1.308
508.093,1.708,0.444,-1.309
508.205,1.714,0.444,-1.308
508.316,1.717,0.442,-1.307
508.427,1.719,0.443,-1.307
508.538,1.720,0.440,-1.308
508.648,1.720,0.440,-1.309
508.760,1.717,0.441,-1.309
508.871,1.713,0.441,-1.308
508.982,1.711,0.441,-1.308
509.093,1.708,0.442,-1.308
509.204,1.703,0.444,-1.309
509.315,1.696,0.447,-1.309
509.426,1.689,0.448,-1.308
509.537,1.683,0.448,-1.307
509.649,1.679,0.447,-1.308
509.759,1.678,0.447,-1.310
509.870,1.681,0.446,-1.310
509.982,1.688,0.445,-1.310
510.093,1.698,0.445,-1.310
510.204,1.705,0.444,-1.309
510.315,1.710,0.443,-1.309
510.426,1.715,0.444,-1.310
510.537,1.722,0.444,-1.309
510.648,1.730,0.443,-1.307
510.759,1.736,0.443,-1.306
510.871,1.739,0.442,-1.306
510.982,1.744,0.441,-1.307
511.093,1.749,0.440,-1.306
511.204,1.752,0.440,-1.305
511.315,1.753,0.439,-1.305
511.426,1.753,0.439,-1.306
511.538,1.753,0.438,-1.307
511.649,1.752,0.438,-1.306
511.760,1.750,0.438,-1.306
511.871,1.747,0.438,-1.305
511.982,1.744,0.439,-1.306
512.093,1.741,0.439,-1.306
512.204,1.738,0.439,-1.305
512.315,1.735,0.439,-1.305
512.427,1.732,0.439,-1.305
512.538,1.729,0.440,-1.305
512.648,1.727,0.440,-1.305
512.760,1.726,0.442,-1.303
512.871,1.725,0.441,-1.301
512.981,1.725,0.439,-1.301
513.093,1.723,0.442,-1.304
513.204,1.718,0.444,-1.307
513.315,1.711,0.442,-1.307
513.427,1.704,0.442,-1.306
513.537,1.697,0.444,-1.308
513.648,1.690,0.443,-1.310
513.759,1.684,0.443,-1.311
513.871,1.680,0.442,-1.311
513.982,1.682,0.442,-1.311
514.093,1.686,0.443,-1.312
514.204,1.690,0.441,-1.311
514.315,1.694,0.441,-1.310
514.426,1.701,0.439,-1.309
514.538,1.707,0.437,-1.310
514.648,1.710,0.436,-1.314
514.760,1.708,0.436,-1.317
514.871,1.705,0.435,-1.318
514.982,1.706,0.435,-1.317
515.093,1.709,0.435,-1.315
515.204,1.708,0.437,-1.316
515.315,1.704,0.437,-1.318
515.426,1.700,0.437,-1.320
515.538,1.695,0.437,-1.320
515.649,1.689,0.438,-1.320
515.760,1.684,0.438,-1.320
515.871,1.681,0.439,-1.320
515.982,1.678,0.439,-1.322
516.093,1.675,0.439,-1.321
516.204,1.675,0.440,-1.317
516.315,1.680,0.441,-1.311
516.426,1.685,0.441,-1.309
516.537,1.689,0.441,-1.312
516.648,1.689,0.441,-1.314
516.760,1.689,0.440,-1.314
516.871,1.692,0.440,-1.312
516.982,1.694,0.439,-1.311
517.093,1.691,0.440,-1.313
517.204,1.689,0.442,-1.314
517.315,1.692,0.441,-1.312
517.426,1.696,0.440,-1.309
517.538,1.698,0.441,-1.309
517.649,1.698,0.442,-1.311
517.760,1.696,0.441,-1.312
517.871,1.695,0.441,-1.310
517.982,1.695,0.443,-1.308
518.093,1.693,0.443,-1.308
518.204,1.690,0.444,-1.308
518.315,1.688,0.444,-1.309
518.426,1.687,0.444,-1.309
518.537,1.686,0.445,-1.309
518.648,1.686,0.445,-1.309
518.760,1.685,0.445,-1.308
518.871,1.683,0.445,-1.307
518.982,1.682,0.445,-1.308
519.093,1.684,0.444,-1.309
519.204,1.685,0.444,-1.310
519.315,1.685,0.445,-1.309
519.426,1.687,0.444,-1.308
519.538,1.686,0.443,-1.309
519.648,1.683,0.444,-1.309
519.760,1.682,0.444,-1.308
519.871,1.684,0.444,-1.307
519.982,1.685,0.445,-1.307
520.093,1.684,0.444,-1.308
520.204,1.685,0.444,-1.309
520.315,1.686,0.444,-1.308
520.427,1.688,0.444,-1.307
520.538,1.689,0.444,-1.306
520.648,1.692,0.443,-1.306
520.760,1.695,0.442,-1.307
520.871,1.694,0.443,-1.306
520.982,1.691,0.442,-1.305
521.093,1.691,0.438,-1.304
521.204,1.692,0.441,-1.308
521.315,1.691,0.437,-1.311
521.427,1.690,0.433,-1.313
521.537,1.691,0.436,-1.313
521.649,1.691,0.434,-1.312
521.760,1.691,0.435,-1.312
521.871,1.693,0.435,-1.313
521.982,1.695,0.434,-1.313
522.093,1.697,0.434,-1.312
522.204,1.700,0.433,-1.311
522.315,1.703,0.433,-1.312
522.426,1.706,0.433,-1.312
522.538,1.710,0.433,-1.312
522.649,1.712,0.433,-1.312
522.760,1.713,0.434,-1.312
522.871,1.712,0.435,-1.312
522.982,1.710,0.435,-1.310
523.093,1.709,0.436,-1.308
523.204,1.710,0.436,-1.306
523.316,1.711,0.436,-1.306
523.427,1.712,0.436,-1.306
523.538,1.712,0.436,-1.305
523.648,1.711,0.436,-1.304
523.760,1.707,0.437,-1.302
523.871,1.704,0.437,-1.301
523.982,1.702,0.439,-1.300
524.093,1.703,0.440,-1.300
524.204,1.705,0.441,-1.300
524.315,1.705,0.442,-1.300
524.427,1.703,0.440,-1.301
524.537,1.702,0.441,-1.301
524.649,1.705,0.440,-1.300
524.760,1.711,0.440,-1.300
524.870,1.713,0.439,-1.299
524.981,1.710,0.439,-1.298
525.093,1.706,0.438,-1.297
525.203,1.705,0.436,-1.297
525.315,1.708,0.436,-1.298
525.426,1.712,0.434,-1.300
525.537,1.714,0.434,-1.304
525.648,1.708,0.434,-1.305
525.759,1.700,0.434,-1.304
525.871,1.696,0.434,-1.302
525.982,1.699,0.434,-1.302
526.093,1.702,0.434,-1.303
526.204,1.704,0.434,-1.304
526.315,1.704,0.434,-1.303
526.426,1.704,0.434,-1.302
526.537,1.706,0.435,-1.302
526.648,1.706,0.434,-1.302
526.759,1.706,0.435,-1.302
526.870,1.705,0.433,-1.302
526.982,1.705,0.435,-1.302
527.093,1.704,0.434,-1.301
527.204,1.704,0.435,-1.302
527.315,1.703,0.434,-1.301
527.426,1.704,0.435,-1.302
527.537,1.706,0.434,-1.302
527.648,1.705,0.435,-1.302
527.760,1.704,0.435,-1.302
527.871,1.704,0.434,-1.302
527.981,1.705,0.436,-1.302
528.093,1.705,0.434,-1.302
528.204,1.706,0.436,-1.303
528.315,1.705,0.434,-1.302
528.426,1.705,0.435,-1.303
528.537,1.704,0.433,-1.303
528.648,1.706,0.435,-1.304
528.760,1.706,0.434,-1.304
528.871,1.706,0.435,-1.304
528.981,1.706,0.435,-1.304
529.093,1.702,0.436,-1.303
529.204,1.698,0.436,-1.304
529.315,1.694,0.438,-1.304
529.426,1.691,0.438,-1.303
529.538,1.689,0.439,-1.302
529.649,1.689,0.440,-1.302
529.760,1.690,0.438,-1.302
529.871,1.692,0.438,-1.303
529.982,1.698,0.437,-1.303
530.093,1.704,0.437,-1.302
530.204,1.709,0.438,-1.300
530.315,1.710,0.437,-1.300
530.426,1.708,0.437,-1.301
530.538,1.706,0.438,-1.303
530.649,1.705,0.436,-1.303
530.760,1.703,0.435,-1.303
530.871,1.700,0.437,-1.303
530.982,1.699,0.438,-1.301
531.093,1.699,0.438,-1.299
531.204,1.698,0.439,-1.300
531.315,1.694,0.440,-1.301
531.427,1.691,0.440,-1.301
531.538,1.689,0.442,-1.299
531.649,1.688,0.442,-1.295
531.759,1.688,0.440,-1.297
531.871,1.686,0.438,-1.302
531.982,1.681,0.436,-1.302
532.093,1.679,0.438,-1.298
532.204,1.679,0.438,-1.294
532.315,1.683,0.438,-1.299
532.427,1.683,0.434,-1.305
532.538,1.682,0.435,-1.309
532.649,1.681,0.434,-1.305
532.760,1.682,0.437,-1.302
532.871,1.683,0.435,-1.298
532.982,1.683,0.440,-1.299
533.093,1.683,0.442,-1.296
533.204,1.685,0.446,-1.294
533.315,1.688,0.443,-1.296
533.427,1.689,0.443,-1.301
533.538,1.687,0.439,-1.297
533.649,1.686,0.442,-1.292
533.760,1.686,0.438,-1.288
533.871,1.689,0.439,-1.291
533.982,1.693,0.434,-1.295
534.093,1.694,0.435,-1.304
534.204,1.692,0.434,-1.300
534.315,1.693,0.438,-1.293
534.427,1.694,0.435,-1.291
534.538,1.694,0.437,-1.296
534.649,1.690,0.434,-1.295
534.760,1.687,0.437,-1.292
534.871,1.686,0.435,-1.289
534.982,1.687,0.439,-1.293
535.094,1.685,0.435,-1.292
535.204,1.685,0.438,-1.293
535.315,1.686,0.436,-1.291
535.427,1.688,0.438,-1.292
535.538,1.689,0.434,-1.293
535.649,1.690,0.437,-1.294
535.760,1.690,0.434,-1.294
535.871,1.691,0.436,-1.294
535.982,1.689,0.435,-1.294
536.093,1.688,0.435,-1.295
536.205,1.691,0.436,-1.293
536.315,1.693,0.436,-1.290
536.427,1.693,0.436,-1.290
536.538,1.691,0.435,-1.294
536.649,1.690,0.434,-1.297
536.760,1.691,0.434,-1.296
536.871,1.693,0.435,-1.294
536.982,1.691,0.435,-1.294
537.094,1.686,0.435,-1.295
537.204,1.680,0.436,-1.295
537.316,1.678,0.437,-1.294
537.427,1.678,0.438,-1.292
537.538,1.679,0.440,-1.292
537.649,1.678,0.438,-1.291
537.760,1.677,0.440,-1.293
537.871,1.677,0.435,-1.294
537.982,1.679,0.437,-1.297
538.094,1.680,0.434,-1.295
538.205,1.681,0.438,-1.295
538.316,1.682,0.436,-1.293
538.427,1.685,0.438,-1.295
538.538,1.687,0.434,-1.296
538.649,1.690,0.436,-1.297
538.760,1.690,0.434,-1.295
538.871,1.692,0.437,-1.296
538.982,1.692,0.433,-1.294
539.093,1.692,0.437,-1.294
539.204,1.692,0.434,-1.292
539.316,1.693,0.437,-1.294
539.427,1.690,0.434,-1.294
539.538,1.688,0.436,-1.297
539.649,1.686,0.433,-1.296
539.760,1.688,0.437,-1.296
539.871,1.687,0.433,-1.295
539.982,1.690,0.435,-1.299
540.094,1.692,0.430,-1.301
540.205,1.695,0.431,-1.304
540.315,1.697,0.430,-1.303
540.427,1.698,0.430,-1.300
540.538,1.698,0.431,-1.300
540.649,1.695,0.430,-1.303
540.760,1.691,0.430,-1.304
540.871,1.690,0.429,-1.302
540.982,1.691,0.431,-1.301
541.094,1.693,0.430,-1.300
541.205,1.691,0.431,-1.301
541.316,1.689,0.431,-1.302
541.427,1.686,0.434,-1.301
541.538,1.685,0.432,-1.301
541.649,1.682,0.432,-1.304
541.760,1.677,0.433,-1.303
541.871,1.675,0.435,-1.298
541.982,1.677,0.436,-1.295
542.093,1.683,0.436,-1.296
542.204,1.688,0.434,-1.300
542.316,1.690,0.433,-1.302
542.427,1.691,0.431,-1.300
542.538,1.694,0.433,-1.299
542.649,1.698,0.430,-1.299
542.761,1.701,0.431,-1.301
542.871,1.700,0.430,-1.303
542.982,1.697,0.430,-1.303
543.093,1.696,0.431,-1.302
543.204,1.697,0.430,-1.301
543.316,1.699,0.432,-1.301
543.427,1.700,0.430,-1.299
543.538,1.699,0.431,-1.299
543.649,1.697,0.431,-1.298
543.760,1.698,0.435,-1.300
543.871,1.697,0.432,-1.296
543.982,1.696,0.433,-1.298
544.093,1.693,0.430,-1.302
544.205,1.686,0.425,-1.304
544.315,1.683,0.427,-1.306
544.427,1.685,0.428,-1.305
544.538,1.687,0.429,-1.303
544.649,1.687,0.429,-1.300
544.760,1.687,0.430,-1.299
544.871,1.688,0.428,-1.301
544.982,1.690,0.427,-1.303
545.094,1.692,0.428,-1.301
545.205,1.694,0.429,-1.297
545.315,1.695,0.428,-1.297
545.426,1.691,0.429,-1.301
545.538,1.686,0.426,-1.303
545.649,1.681,0.429,-1.303
545.760,1.675,0.431,-1.301
545.871,1.666,0.432,-1.302
545.982,1.658,0.431,-1.304
546.093,1.658,0.433,-1.302
546.205,1.664,0.435,-1.297
546.315,1.671,0.437,-1.294
546.427,1.674,0.435,-1.294
546.538,1.675,0.437,-1.296
546.649,1.679,0.436,-1.292
546.760,1.684,0.434,-1.291
546.871,1.686,0.433,-1.295
546.982,1.682,0.431,-1.300
547.093,1.679,0.430,-1.300
547.204,1.680,0.430,-1.298
547.316,1.683,0.431,-1.296
547.427,1.687,0.431,-1.296
547.538,1.692,0.431,-1.299
547.649,1.697,0.430,-1.299
547.760,1.699,0.430,-1.295
547.871,1.699,0.431,-1.293
547.982,1.700,0.433,-1.290
548.093,1.699,0.433,-1.287
548.204,1.696,0.435,-1.285
548.316,1.693,0.437,-1.282
548.427,1.690,0.441,-1.279
548.538,1.685,0.441,-1.276
548.649,1.683,0.445,-1.277
548.760,1.678,0.447,-1.273
548.871,1.674,0.447,-1.274
548.982,1.673,0.443,-1.281
549.093,1.674,0.442,-1.284
549.205,1.675,0.441,-1.282
549.316,1.675,0.442,-1.282
549.427,1.675,0.440,-1.283
549.538,1.676,0.441,-1.283
549.649,1.677,0.440,-1.280
549.760,1.679,0.443,-1.278
549.871,1.680,0.441,-1.278
549.982,1.682,0.441,-1.284
550.093,1.680,0.440,-1.282
550.204,1.680,0.442,-1.279
550.315,1.678,0.441,-1.279
550.427,1.673,0.443,-1.282
550.538,1.669,0.44