Timestamp,X,Y,Z
4.173,0.018,1.506,-0.210
4.284,0.015,1.503,-0.208
4.395,0.016,1.503,-0.207
4.506,0.018,1.502,-0.208
4.617,0.019,1.501,-0.209
4.725,0.018,1.499,-0.208
4.836,0.016,1.497,-0.210
4.947,0.010,1.492,-0.212
5.058,0.001,1.488,-0.212
5.169,0.002,1.482,-0.210
5.281,0.013,1.477,-0.205
5.392,0.024,1.475,-0.201
5.503,0.029,1.475,-0.200
5.614,0.031,1.475,-0.199
5.725,0.031,1.472,-0.198
5.834,0.032,1.462,-0.195
5.945,0.032,1.442,-0.187
6.058,0.032,1.431,-0.176
6.170,0.031,1.429,-0.159
6.280,0.030,1.426,-0.138
6.392,0.029,1.423,-0.115
6.503,0.027,1.418,-0.085
6.614,0.026,1.412,-0.045
6.725,0.027,1.406,0.005
6.836,0.032,1.400,0.064
6.947,0.038,1.390,0.125
7.059,0.039,1.367,0.185
7.170,0.033,1.323,0.257
7.281,0.017,1.234,0.339
7.390,-0.003,1.101,0.412
7.501,-0.023,0.970,0.467
7.613,-0.031,0.865,0.497
7.723,-0.032,0.789,0.512
7.837,-0.030,0.743,0.523
7.947,-0.025,0.720,0.534
8.059,-0.019,0.716,0.540
8.170,-0.018,0.718,0.538
8.281,-0.015,0.730,0.530
8.392,-0.016,0.783,0.519
8.503,-0.016,0.889,0.497
8.615,-0.013,1.032,0.453
8.725,-0.001,1.187,0.381
8.835,0.019,1.321,0.300
8.948,0.043,1.403,0.219
9.057,0.056,1.445,0.152
9.168,0.051,1.464,0.096
9.279,0.034,1.470,0.050
9.392,0.012,1.473,0.017
9.503,-0.008,1.474,-0.012
9.614,-0.016,1.473,-0.038
9.726,-0.014,1.476,-0.060
9.837,-0.003,1.480,-0.078
9.948,0.013,1.483,-0.089
10.059,0.035,1.481,-0.098
10.170,0.054,1.484,-0.097
10.281,0.067,1.480,-0.098
10.392,0.076,1.478,-0.094
10.503,0.085,1.477,-0.092
10.615,0.091,1.478,-0.089
10.725,0.092,1.474,-0.076
10.837,0.094,1.468,-0.072
10.948,0.093,1.467,-0.070
11.059,0.094,1.466,-0.071
11.170,0.096,1.466,-0.074
11.281,0.097,1.465,-0.079
11.392,0.095,1.463,-0.083
11.502,0.094,1.464,-0.083
11.613,0.094,1.465,-0.085
11.724,0.095,1.464,-0.086
11.835,0.095,1.463,-0.087
11.947,0.095,1.460,-0.086
12.059,0.097,1.457,-0.085
12.170,0.098,1.456,-0.085
12.281,0.099,1.454,-0.084
12.392,0.100,1.453,-0.083
12.503,0.100,1.453,-0.083
12.614,0.100,1.453,-0.082
12.725,0.099,1.452,-0.083
12.837,0.099,1.452,-0.083
12.948,0.098,1.451,-0.082
13.059,0.097,1.450,-0.082
13.170,0.096,1.449,-0.082
13.281,0.096,1.446,-0.081
13.392,0.096,1.443,-0.081
13.503,0.097,1.443,-0.080
13.614,0.099,1.443,-0.080
13.725,0.100,1.443,-0.083
13.837,0.102,1.445,-0.086
13.947,0.105,1.445,-0.088
14.058,0.109,1.443,-0.088
14.170,0.114,1.441,-0.089
14.280,0.118,1.441,-0.090
14.392,0.122,1.441,-0.090
14.503,0.128,1.440,-0.090
14.613,0.136,1.439,-0.090
14.725,0.146,1.437,-0.090
14.836,0.157,1.436,-0.089
14.948,0.170,1.434,-0.087
15.059,0.185,1.431,-0.086
15.170,0.202,1.426,-0.087
15.281,0.218,1.415,-0.086
15.392,0.229,1.407,-0.085
15.503,0.234,1.409,-0.081
15.614,0.240,1.410,-0.079
15.725,0.245,1.409,-0.078
15.836,0.248,1.411,-0.076
15.947,0.250,1.414,-0.074
16.058,0.252,1.414,-0.071
16.170,0.251,1.412,-0.068
16.281,0.252,1.411,-0.067
16.392,0.255,1.411,-0.067
16.503,0.257,1.412,-0.068
16.614,0.256,1.414,-0.067
16.725,0.255,1.412,-0.067
16.836,0.255,1.411,-0.068
16.948,0.255,1.412,-0.070
17.059,0.256,1.411,-0.073
17.169,0.259,1.411,-0.076
17.281,0.261,1.411,-0.079
17.391,0.262,1.411,-0.081
17.503,0.263,1.411,-0.084
17.614,0.263,1.411,-0.089
17.725,0.263,1.411,-0.092
17.836,0.262,1.412,-0.094
17.948,0.261,1.412,-0.096
18.058,0.259,1.412,-0.097
18.170,0.257,1.412,-0.097
18.281,0.255,1.412,-0.096
18.392,0.252,1.410,-0.094
18.503,0.249,1.407,-0.092
18.614,0.247,1.405,-0.090
18.725,0.246,1.405,-0.090
18.837,0.244,1.404,-0.089
18.947,0.242,1.403,-0.088
19.058,0.241,1.402,-0.089
19.170,0.241,1.402,-0.089
19.281,0.242,1.402,-0.089
19.392,0.243,1.402,-0.088
19.503,0.244,1.403,-0.088
19.614,0.245,1.405,-0.085
19.725,0.247,1.404,-0.084
19.836,0.250,1.403,-0.085
19.948,0.253,1.403,-0.085
20.059,0.257,1.402,-0.087
20.169,0.261,1.403,-0.090
20.281,0.264,1.403,-0.093
20.392,0.267,1.402,-0.095
20.503,0.269,1.402,-0.096
20.614,0.271,1.401,-0.096
20.725,0.273,1.400,-0.096
20.836,0.274,1.401,-0.095
20.947,0.274,1.401,-0.095
21.059,0.273,1.401,-0.096
21.170,0.272,1.402,-0.096
21.281,0.269,1.402,-0.097
21.391,0.266,1.402,-0.097
21.503,0.264,1.403,-0.097
21.614,0.262,1.403,-0.097
21.725,0.261,1.403,-0.096
21.837,0.260,1.403,-0.095
21.947,0.261,1.403,-0.094
22.058,0.261,1.403,-0.093
22.170,0.262,1.402,-0.092
22.281,0.263,1.401,-0.092
22.392,0.263,1.401,-0.092
22.503,0.264,1.401,-0.091
22.614,0.263,1.400,-0.090
22.725,0.262,1.400,-0.090
22.836,0.262,1.401,-0.092
22.947,0.262,1.401,-0.095
23.058,0.261,1.402,-0.097
23.170,0.261,1.402,-0.099
23.280,0.262,1.402,-0.100
23.392,0.263,1.402,-0.101
23.503,0.264,1.401,-0.102
23.615,0.265,1.401,-0.102
23.725,0.267,1.401,-0.104
23.836,0.269,1.401,-0.105
23.948,0.272,1.401,-0.107
24.059,0.274,1.401,-0.108
24.169,0.275,1.402,-0.108
24.281,0.277,1.402,-0.109
24.392,0.279,1.402,-0.109
24.503,0.281,1.401,-0.107
24.615,0.283,1.400,-0.107
24.725,0.284,1.400,-0.106
24.836,0.284,1.400,-0.104
24.947,0.284,1.400,-0.102
25.059,0.283,1.400,-0.100
25.170,0.281,1.400,-0.098
25.281,0.280,1.400,-0.098
25.392,0.279,1.399,-0.098
25.503,0.279,1.400,-0.100
25.615,0.274,1.400,-0.098
25.725,0.268,1.399,-0.097
25.837,0.262,1.397,-0.096
25.947,0.256,1.396,-0.096
26.058,0.254,1.396,-0.098
26.170,0.252,1.395,-0.100
26.281,0.250,1.395,-0.100
26.391,0.250,1.395,-0.101
26.503,0.251,1.393,-0.101
26.614,0.252,1.393,-0.101
26.725,0.253,1.393,-0.101
26.836,0.254,1.393,-0.099
26.948,0.256,1.392,-0.097
27.059,0.258,1.391,-0.096
27.170,0.259,1.391,-0.094
27.281,0.261,1.391,-0.093
27.391,0.263,1.391,-0.093
27.503,0.264,1.390,-0.093
27.614,0.267,1.391,-0.093
27.725,0.269,1.391,-0.093
27.836,0.271,1.390,-0.093
27.948,0.273,1.390,-0.094
28.059,0.273,1.390,-0.095
28.169,0.273,1.391,-0.095
28.281,0.273,1.391,-0.096
28.392,0.272,1.391,-0.098
28.503,0.270,1.392,-0.099
28.614,0.270,1.392,-0.100
28.726,0.269,1.393,-0.101
28.836,0.269,1.393,-0.102
28.947,0.269,1.394,-0.102
29.058,0.269,1.393,-0.102
29.170,0.269,1.393,-0.102
29.280,0.270,1.393,-0.103
29.391,0.271,1.394,-0.103
29.503,0.272,1.394,-0.105
29.614,0.272,1.394,-0.106
29.725,0.272,1.395,-0.107
29.836,0.272,1.395,-0.108
29.947,0.273,1.395,-0.109
30.059,0.272,1.395,-0.110
30.169,0.272,1.395,-0.111
30.281,0.272,1.395,-0.112
30.392,0.271,1.395,-0.112
30.503,0.271,1.395,-0.113
30.613,0.270,1.395,-0.114
30.725,0.269,1.396,-0.116
30.836,0.265,1.399,-0.123
30.947,0.261,1.403,-0.123
31.058,0.256,1.404,-0.129
31.169,0.250,1.416,-0.138
31.281,0.243,1.427,-0.140
31.392,0.235,1.431,-0.143
31.503,0.232,1.442,-0.142
31.614,0.229,1.465,-0.144
31.725,0.220,1.488,-0.148
31.836,0.200,1.499,-0.151
31.947,0.166,1.502,-0.157
32.059,0.132,1.505,-0.165
32.170,0.103,1.512,-0.164
32.281,0.077,1.516,-0.165
32.393,0.056,1.515,-0.164
32.503,0.042,1.510,-0.154
32.615,0.038,1.502,-0.140
32.725,0.040,1.498,-0.125
32.836,0.041,1.494,-0.115
32.947,0.038,1.489,-0.108
33.058,0.030,1.479,-0.102
33.170,0.017,1.462,-0.093
33.281,0.002,1.434,-0.084
33.392,-0.009,1.414,-0.074
33.504,-0.015,1.413,-0.060
33.614,-0.020,1.411,-0.041
33.725,-0.022,1.409,-0.018
33.836,-0.019,1.416,0.014
33.947,-0.014,1.416,0.057
34.058,-0.007,1.411,0.106
34.168,0.002,1.405,0.151
34.280,0.010,1.405,0.182
34.391,0.016,1.414,0.189
34.502,0.021,1.437,0.171
34.613,0.024,1.466,0.135
34.725,0.025,1.492,0.094
34.836,0.025,1.503,0.062
34.947,0.023,1.505,0.043
35.058,0.018,1.505,0.031
35.170,0.014,1.507,0.023
35.281,0.009,1.511,0.016
35.391,0.004,1.515,0.010
35.502,0.000,1.516,0.006
35.614,-0.003,1.515,0.004
35.725,-0.004,1.515,0.001
35.835,-0.004,1.512,0.000
35.947,-0.006,1.510,0.003
36.055,-0.009,1.508,0.008
36.166,-0.011,1.506,0.012
36.275,-0.013,1.505,0.015
36.386,-0.013,1.505,0.020
36.499,-0.015,1.503,0.028
36.610,-0.018,1.501,0.043
36.721,-0.020,1.494,0.069
36.833,-0.016,1.484,0.111
36.943,-0.013,1.470,0.161
37.055,-0.018,1.444,0.209
37.168,-0.029,1.412,0.257
37.280,-0.042,1.345,0.313
37.391,-0.055,1.233,0.379
37.502,-0.072,1.094,0.442
37.613,-0.084,0.966,0.482
37.724,-0.073,0.881,0.501
37.836,-0.071,0.833,0.506
37.948,-0.066,0.818,0.512
38.059,-0.063,0.812,0.517
38.170,-0.062,0.792,0.517
38.281,-0.059,0.767,0.515
38.392,-0.057,0.778,0.514
38.503,-0.063,0.843,0.518
38.614,-0.069,0.968,0.511
38.726,-0.067,1.110,0.476
38.836,-0.050,1.250,0.421
38.946,-0.026,1.374,0.361
39.057,-0.005,1.452,0.305
39.168,0.004,1.493,0.256
39.279,0.010,1.504,0.220
39.392,0.013,1.507,0.197
39.502,0.017,1.509,0.180
39.614,0.020,1.508,0.167
39.725,0.020,1.510,0.158
39.837,0.019,1.511,0.150
39.945,0.017,1.511,0.144
40.057,0.013,1.512,0.140
40.167,0.008,1.512,0.135
40.278,0.003,1.510,0.131
40.388,0.000,1.504,0.129
40.500,-0.004,1.503,0.128
40.611,-0.011,1.504,0.124
40.723,-0.013,1.505,0.122
40.833,-0.010,1.507,0.124
40.945,-0.004,1.507,0.129
41.056,0.001,1.504,0.135
41.167,0.004,1.502,0.140
41.277,0.010,1.502,0.143
41.389,0.011,1.503,0.143
41.500,0.010,1.504,0.146
41.611,0.014,1.509,0.146
41.722,0.016,1.510,0.144
41.833,0.018,1.507,0.146
41.945,0.021,1.503,0.149
42.056,0.020,1.501,0.150
42.166,0.020,1.499,0.151
42.277,0.015,1.501,0.148
42.389,0.011,1.503,0.147
42.500,0.010,1.506,0.146
42.611,0.011,1.506,0.144
42.722,0.014,1.504,0.144
42.834,0.018,1.500,0.148
42.945,0.019,1.498,0.148
43.056,0.020,1.496,0.148
43.167,0.023,1.496,0.149
43.277,0.027,1.496,0.149
43.390,0.027,1.498,0.143
43.500,0.025,1.499,0.140
43.611,0.025,1.498,0.142
43.721,0.027,1.497,0.144
43.833,0.029,1.496,0.146
43.944,0.029,1.495,0.148
44.055,0.030,1.495,0.149
44.166,0.030,1.495,0.151
44.278,0.031,1.495,0.153
44.389,0.031,1.494,0.155
44.501,0.032,1.495,0.156
44.612,0.033,1.495,0.156
44.723,0.032,1.496,0.155
44.833,0.029,1.500,0.152
44.944,0.023,1.506,0.146
45.056,0.020,1.508,0.140
45.167,0.016,1.510,0.136
45.277,0.014,1.510,0.133
45.389,0.012,1.510,0.132
45.500,0.009,1.511,0.130
45.612,0.005,1.513,0.128
45.722,0.002,1.513,0.125
45.833,0.000,1.513,0.124
45.945,-0.001,1.513,0.124
46.055,-0.002,1.512,0.125
46.167,-0.001,1.512,0.127
46.278,-0.001,1.512,0.129
46.389,0.000,1.513,0.130
46.500,0.002,1.513,0.130
46.611,0.005,1.514,0.130
46.723,0.008,1.513,0.130
46.833,0.010,1.513,0.129
46.943,0.011,1.518,0.126
47.053,0.013,1.523,0.120
47.167,0.015,1.525,0.114
47.276,0.019,1.528,0.110
47.388,0.024,1.525,0.108
47.500,0.023,1.521,0.107
47.611,0.019,1.518,0.104
47.723,0.017,1.517,0.101
47.834,0.014,1.516,0.100
47.945,0.012,1.516,0.101
48.056,0.010,1.516,0.103
48.168,0.008,1.516,0.106
48.278,0.007,1.516,0.108
48.389,0.007,1.515,0.109
48.500,0.007,1.515,0.110
48.611,0.007,1.515,0.110
48.723,0.007,1.515,0.110
48.835,0.008,1.515,0.111
48.944,0.011,1.515,0.113
49.056,0.017,1.517,0.113
49.167,0.023,1.520,0.112
49.279,0.025,1.521,0.110
49.389,0.024,1.521,0.108
49.501,0.022,1.521,0.108
49.612,0.023,1.520,0.108
49.723,0.027,1.521,0.109
49.834,0.032,1.522,0.110
49.945,0.035,1.523,0.110
50.056,0.036,1.524,0.109
50.167,0.034,1.524,0.107
50.278,0.031,1.526,0.106
50.390,0.026,1.528,0.103
50.500,0.026,1.530,0.100
50.613,0.033,1.531,0.102
50.723,0.038,1.530,0.104
50.835,0.040,1.530,0.105
50.944,0.041,1.528,0.109
51.055,0.042,1.527,0.112
51.168,0.043,1.527,0.114
51.277,0.044,1.527,0.115
51.390,0.044,1.527,0.115
51.500,0.044,1.527,0.113
51.612,0.043,1.527,0.112
51.723,0.039,1.525,0.111
51.835,0.035,1.524,0.110
51.945,0.031,1.523,0.110
52.056,0.028,1.523,0.110
52.169,0.026,1.523,0.112
52.279,0.025,1.523,0.113
52.390,0.024,1.523,0.114
52.501,0.022,1.524,0.114
52.612,0.022,1.524,0.115
52.723,0.021,1.524,0.115
52.834,0.020,1.524,0.115
52.945,0.018,1.523,0.116
53.055,0.013,1.522,0.118
53.167,0.010,1.522,0.125
53.278,0.014,1.522,0.132
53.390,0.017,1.522,0.134
53.501,0.019,1.520,0.133
53.612,0.022,1.526,0.138
53.723,0.022,1.573,0.159
53.834,0.028,1.639,0.194
53.946,0.046,1.663,0.241
54.056,0.066,1.611,0.300
54.168,0.060,1.528,0.335
54.279,0.042,1.466,0.339
54.391,0.022,1.431,0.332
54.501,0.008,1.417,0.326
54.613,-0.002,1.419,0.332
54.724,-0.007,1.423,0.338
54.835,-0.008,1.420,0.340
54.946,-0.003,1.412,0.342
55.057,0.000,1.408,0.343
55.169,-0.001,1.409,0.344
55.279,-0.001,1.411,0.344
55.391,-0.001,1.411,0.345
55.501,-0.001,1.411,0.346
55.612,0.000,1.412,0.348
55.724,0.003,1.413,0.349
55.836,0.006,1.414,0.348
55.946,0.011,1.416,0.349
56.056,0.016,1.418,0.351
56.168,0.020,1.419,0.354
56.279,0.025,1.418,0.358
56.390,0.036,1.411,0.362
56.501,0.056,1.397,0.367
56.613,0.075,1.384,0.370
56.724,0.087,1.372,0.368
56.835,0.095,1.360,0.363
56.946,0.101,1.353,0.362
57.057,0.104,1.353,0.357
57.168,0.106,1.354,0.351
57.279,0.108,1.352,0.350
57.391,0.112,1.349,0.350
57.502,0.117,1.347,0.349
57.612,0.120,1.350,0.347
57.724,0.124,1.354,0.345
57.836,0.135,1.359,0.347
57.946,0.155,1.355,0.351
58.057,0.177,1.333,0.359
58.168,0.197,1.312,0.369
58.279,0.205,1.298,0.389
58.391,0.213,1.299,0.408
58.502,0.231,1.314,0.420
58.613,0.255,1.331,0.428
58.724,0.273,1.338,0.431
58.835,0.293,1.339,0.432
58.947,0.312,1.340,0.422
59.059,0.336,1.339,0.412
59.168,0.356,1.334,0.415
59.280,0.359,1.312,0.419
59.392,0.356,1.292,0.414
59.503,0.347,1.280,0.403
59.613,0.338,1.266,0.397
59.726,0.340,1.257,0.393
59.837,0.348,1.284,0.383
59.946,0.360,1.336,0.368
60.059,0.373,1.403,0.354
60.170,0.393,1.492,0.339
60.279,0.427,1.575,0.321
60.390,0.460,1.630,0.305
60.501,0.472,1.658,0.302
60.612,0.480,1.669,0.305
60.723,0.490,1.676,0.299
60.835,0.500,1.677,0.293
60.946,0.504,1.687,0.290
61.057,0.505,1.694,0.285
61.169,0.510,1.695,0.282
61.279,0.514,1.691,0.280
61.391,0.520,1.688,0.281
61.502,0.525,1.681,0.282
61.613,0.526,1.677,0.282
61.724,0.529,1.672,0.284
61.836,0.534,1.667,0.287
61.944,0.537,1.661,0.290
62.057,0.539,1.655,0.294
62.169,0.541,1.650,0.297
62.280,0.542,1.645,0.299
62.391,0.543,1.642,0.297
62.502,0.542,1.645,0.298
62.613,0.546,1.642,0.295
62.724,0.549,1.638,0.293
62.835,0.553,1.634,0.290
62.945,0.556,1.634,0.287
63.057,0.554,1.629,0.285
63.168,0.547,1.622,0.283
63.279,0.544,1.621,0.285
63.389,0.541,1.617,0.281
63.502,0.539,1.614,0.279
63.613,0.538,1.617,0.279
63.725,0.538,1.620,0.279
63.835,0.536,1.620,0.278
63.946,0.536,1.617,0.276
64.057,0.536,1.616,0.281
64.167,0.537,1.612,0.282
64.280,0.536,1.609,0.282
64.390,0.539,1.609,0.282
64.502,0.543,1.611,0.281
64.613,0.545,1.617,0.278
64.725,0.544,1.620,0.277
64.835,0.540,1.621,0.275
64.947,0.537,1.622,0.276
65.058,0.535,1.623,0.277
65.169,0.534,1.625,0.279
65.280,0.536,1.621,0.280
65.391,0.535,1.615,0.281
65.502,0.536,1.611,0.281
65.613,0.537,1.610,0.278
65.725,0.540,1.612,0.277
65.836,0.543,1.613,0.284
65.947,0.537,1.614,0.275
66.057,0.533,1.617,0.272
66.169,0.532,1.617,0.272
66.279,0.529,1.618,0.273
66.389,0.529,1.620,0.275
66.501,0.529,1.620,0.276
66.613,0.530,1.622,0.278
66.724,0.531,1.622,0.279
66.835,0.532,1.622,0.280
66.946,0.532,1.622,0.282
67.057,0.529,1.618,0.283
67.169,0.523,1.611,0.286
67.279,0.515,1.601,0.291
67.391,0.507,1.595,0.298
67.502,0.502,1.592,0.303
67.613,0.500,1.588,0.308
67.725,0.496,1.588,0.312
67.835,0.494,1.586,0.313
67.946,0.490,1.580,0.313
68.058,0.486,1.581,0.314
68.169,0.484,1.587,0.317
68.280,0.487,1.598,0.319
68.391,0.495,1.608,0.318
68.503,0.503,1.612,0.314
68.613,0.508,1.617,0.312
68.724,0.508,1.618,0.312
68.836,0.510,1.617,0.311
68.947,0.512,1.615,0.311
69.057,0.518,1.611,0.309
69.169,0.522,1.607,0.309
69.280,0.524,1.602,0.308
69.391,0.522,1.597,0.307
69.503,0.519,1.597,0.306
69.613,0.519,1.596,0.302
69.722,0.519,1.600,0.299
69.836,0.517,1.603,0.300
69.947,0.515,1.604,0.301
70.057,0.515,1.604,0.302
70.169,0.517,1.606,0.304
70.280,0.515,1.608,0.304
70.391,0.514,1.611,0.301
70.502,0.514,1.611,0.300
70.614,0.512,1.614,0.305
70.724,0.512,1.615,0.309
70.835,0.514,1.613,0.311
70.946,0.514,1.614,0.311
71.058,0.516,1.616,0.317
71.169,0.521,1.619,0.327
71.280,0.525,1.618,0.336
71.391,0.531,1.622,0.344
71.502,0.536,1.623,0.349
71.613,0.540,1.627,0.352
71.724,0.545,1.632,0.356
71.837,0.548,1.633,0.357
71.946,0.547,1.633,0.355
72.057,0.545,1.633,0.348
72.169,0.543,1.633,0.344
72.280,0.543,1.633,0.342
72.391,0.544,1.632,0.338
72.502,0.545,1.631,0.336
72.613,0.546,1.631,0.334
72.725,0.546,1.629,0.335
72.836,0.549,1.627,0.334
72.947,0.550,1.627,0.334
73.058,0.550,1.627,0.333
73.169,0.548,1.627,0.332
73.280,0.541,1.623,0.332
73.392,0.543,1.624,0.327
73.501,0.542,1.623,0.324
73.612,0.541,1.622,0.322
73.723,0.539,1.621,0.321
73.836,0.535,1.619,0.320
73.946,0.531,1.618,0.320
74.058,0.531,1.616,0.317
74.169,0.533,1.614,0.315
74.280,0.533,1.618,0.315
74.392,0.533,1.621,0.316
74.502,0.530,1.620,0.317
74.613,0.529,1.626,0.317
74.724,0.529,1.627,0.317
74.836,0.531,1.628,0.314
74.946,0.532,1.629,0.309
75.058,0.533,1.624,0.304
75.168,0.533,1.623,0.298
75.280,0.532,1.622,0.293
75.391,0.532,1.620,0.287
75.503,0.532,1.620,0.283
75.613,0.531,1.618,0.282
75.724,0.531,1.618,0.288
75.836,0.532,1.618,0.299
75.946,0.533,1.616,0.314
76.058,0.533,1.613,0.326
76.169,0.528,1.609,0.330
76.280,0.520,1.607,0.325
76.392,0.516,1.609,0.319
76.503,0.516,1.610,0.317
76.613,0.519,1.610,0.316
76.724,0.517,1.611,0.315
76.835,0.512,1.611,0.315
76.947,0.509,1.608,0.313
77.058,0.509,1.603,0.311
77.169,0.512,1.600,0.309
77.280,0.513,1.602,0.307
77.391,0.514,1.610,0.306
77.501,0.515,1.614,0.308
77.613,0.514,1.618,0.311
77.724,0.513,1.620,0.312
77.836,0.515,1.622,0.313
77.947,0.516,1.624,0.313
78.058,0.515,1.625,0.317
78.169,0.516,1.628,0.322
78.280,0.515,1.633,0.327
78.389,0.510,1.635,0.337
78.502,0.508,1.636,0.353
78.613,0.511,1.635,0.370
78.724,0.519,1.635,0.384
78.835,0.527,1.637,0.396
78.946,0.535,1.639,0.407
79.057,0.539,1.641,0.415
79.168,0.543,1.642,0.426
79.280,0.545,1.643,0.438
79.391,0.536,1.642,0.441
79.502,0.518,1.641,0.426
79.613,0.510,1.640,0.409
79.724,0.510,1.639,0.407
79.836,0.513,1.638,0.407
79.946,0.514,1.639,0.402
80.057,0.514,1.640,0.391
80.168,0.516,1.641,0.379
80.280,0.518,1.643,0.373
80.391,0.518,1.641,0.370
80.502,0.517,1.642,0.369
80.613,0.515,1.643,0.365
80.724,0.511,1.643,0.356
80.835,0.505,1.642,0.336
80.946,0.496,1.634,0.306
81.057,0.485,1.623,0.276
81.169,0.471,1.619,0.253
81.280,0.456,1.620,0.248
81.391,0.441,1.621,0.261
81.502,0.427,1.622,0.277
81.613,0.417,1.628,0.274
81.725,0.402,1.630,0.255
81.836,0.382,1.627,0.224
81.946,0.358,1.620,0.180
82.059,0.331,1.617,0.127
82.169,0.303,1.629,0.087
82.280,0.283,1.634,0.070
82.391,0.268,1.636,0.077
82.502,0.262,1.636,0.096
82.613,0.262,1.639,0.117
82.724,0.255,1.644,0.124
82.836,0.234,1.651,0.121
82.946,0.205,1.652,0.112
83.058,0.166,1.652,0.096
83.171,0.120,1.651,0.076
83.280,0.076,1.657,0.061
83.392,0.039,1.659,0.054
83.502,0.017,1.660,0.051
83.613,0.009,1.658,0.050
83.724,0.010,1.662,0.051
83.835,0.013,1.659,0.054
83.946,0.014,1.659,0.055
84.057,0.012,1.657,0.053
84.168,0.012,1.657,0.053
84.280,0.013,1.656,0.053
84.391,0.014,1.655,0.054
84.502,0.016,1.655,0.054
84.613,0.015,1.659,0.052
84.724,0.008,1.665,0.049
84.835,0.002,1.670,0.046
84.946,0.002,1.670,0.045
85.057,0.005,1.668,0.047
85.169,0.007,1.667,0.048
85.280,0.011,1.666,0.047
85.391,0.013,1.664,0.046
85.502,0.017,1.663,0.045
85.613,0.020,1.662,0.044
85.724,0.027,1.661,0.044
85.835,0.036,1.659,0.043
85.947,0.046,1.654,0.045
86.057,0.056,1.649,0.045
86.169,0.060,1.640,0.047
86.280,0.060,1.630,0.051
86.390,0.060,1.622,0.054
86.502,0.059,1.619,0.053
86.613,0.057,1.620,0.049
86.724,0.054,1.624,0.042
86.836,0.048,1.627,0.034
86.947,0.045,1.630,0.027
87.056,0.048,1.630,0.021
87.169,0.060,1.627,0.018
87.280,0.081,1.627,0.020
87.392,0.104,1.628,0.024
87.503,0.123,1.629,0.024
87.613,0.133,1.630,0.025
87.725,0.131,1.626,0.025
87.836,0.127,1.621,0.031
87.948,0.125,1.619,0.040
88.059,0.127,1.616,0.046
88.170,0.135,1.626,0.050
88.280,0.142,1.637,0.052
88.391,0.147,1.647,0.049
88.502,0.151,1.656,0.045
88.613,0.157,1.659,0.038
88.725,0.162,1.663,0.034
88.836,0.164,1.664,0.032
88.947,0.164,1.667,0.029
89.056,0.167,1.667,0.028
89.169,0.170,1.667,0.030
89.280,0.172,1.667,0.031
89.389,0.177,1.667,0.032
89.503,0.189,1.666,0.033
89.613,0.195,1.667,0.030
89.725,0.193,1.670,0.026
89.835,0.188,1.671,0.023
89.945,0.184,1.671,0.024
90.057,0.183,1.672,0.024
90.168,0.184,1.672,0.025
90.279,0.184,1.671,0.026
90.391,0.184,1.671,0.026
90.502,0.183,1.670,0.025
90.613,0.183,1.669,0.024
90.724,0.183,1.669,0.024
90.835,0.182,1.668,0.024
90.947,0.181,1.668,0.024
91.057,0.181,1.668,0.026
91.169,0.181,1.667,0.028
91.280,0.181,1.666,0.030
91.391,0.181,1.666,0.031
91.502,0.181,1.666,0.031
91.613,0.181,1.666,0.031
91.725,0.181,1.665,0.031
91.836,0.181,1.666,0.031
91.946,0.181,1.667,0.029
92.058,0.181,1.666,0.029
92.169,0.179,1.666,0.030
92.280,0.175,1.666,0.031
92.391,0.172,1.666,0.033
92.503,0.168,1.666,0.034
92.614,0.166,1.665,0.036
92.723,0.166,1.665,0.037
92.835,0.165,1.664,0.038
92.947,0.163,1.664,0.040
93.057,0.161,1.664,0.041
93.169,0.160,1.663,0.042
93.280,0.158,1.663,0.042
93.392,0.156,1.663,0.041
93.502,0.154,1.663,0.041
93.613,0.153,1.663,0.041
93.725,0.152,1.662,0.041
93.835,0.152,1.662,0.042
93.947,0.152,1.661,0.041
94.057,0.152,1.661,0.041
94.168,0.152,1.661,0.041
94.280,0.152,1.661,0.040
94.392,0.152,1.662,0.039
94.502,0.153,1.662,0.038
94.613,0.152,1.663,0.037
94.723,0.153,1.663,0.036
94.835,0.155,1.663,0.036
94.946,0.161,1.662,0.035
95.058,0.175,1.659,0.034
95.168,0.185,1.656,0.033
95.280,0.191,1.649,0.034
95.392,0.195,1.634,0.035
95.502,0.198,1.615,0.035
95.613,0.200,1.608,0.035
95.724,0.200,1.610,0.035
95.835,0.199,1.608,0.036
95.946,0.200,1.608,0.037
96.058,0.201,1.610,0.037
96.168,0.201,1.610,0.037
96.280,0.200,1.609,0.037
96.391,0.198,1.608,0.037
96.502,0.196,1.607,0.037
96.613,0.193,1.608,0.037
96.723,0.195,1.608,0.036
96.835,0.196,1.608,0.035
96.947,0.197,1.608,0.034
97.058,0.198,1.609,0.034
97.169,0.198,1.609,0.035
97.280,0.199,1.610,0.035
97.391,0.199,1.610,0.036
97.502,0.199,1.611,0.037
97.612,0.199,1.611,0.038
97.725,0.198,1.611,0.038
97.835,0.198,1.611,0.038
97.947,0.198,1.610,0.038
98.058,0.198,1.610,0.038
98.169,0.198,1.610,0.038
98.280,0.198,1.610,0.038
98.391,0.198,1.610,0.037
98.502,0.198,1.610,0.037
98.613,0.198,1.610,0.036
98.724,0.198,1.611,0.035
98.835,0.198,1.611,0.034
98.944,0.199,1.612,0.034
99.055,0.198,1.613,0.034
99.166,0.197,1.613,0.034
99.277,0.197,1.613,0.033
99.389,0.197,1.614,0.033
99.501,0.197,1.614,0.033
99.612,0.197,1.614,0.033
99.722,0.198,1.614,0.032
99.834,0.198,1.613,0.032
99.945,0.199,1.613,0.032
100.056,0.200,1.612,0.033
100.171,0.200,1.612,0.033
100.279,0.200,1.612,0.033
100.389,0.199,1.612,0.033
100.500,0.198,1.614,0.033
100.612,0.196,1.615,0.033
100.723,0.195,1.616,0.033
100.835,0.195,1.616,0.033
100.946,0.195,1.617,0.032
101.057,0.195,1.617,0.032
101.168,0.195,1.617,0.032
101.279,0.195,1.616,0.033
101.390,0.000,1.616,0.001
101.501,0.001,1.617,0.001
101.612,0.001,1.617,0.001
101.723,0.001,1.618,0.001
101.835,0.000,1.620,0.001
101.945,-0.001,1.621,0.000
102.057,-0.002,1.622,0.000
102.168,-0.003,1.623,-0.001
102.279,-0.002,1.623,-0.001
102.391,-0.002,1.623,-0.002
102.502,-0.001,1.623,-0.002
102.613,-0.001,1.623,-0.001
102.723,0.000,1.623,-0.001
102.834,0.000,1.622,-0.001
102.946,0.002,1.622,-0.001
103.055,0.002,1.622,0.000
103.168,0.003,1.622,0.000
103.279,0.002,1.622,0.000
103.389,0.002,1.622,-0.001
103.502,-0.003,1.623,-0.001
103.612,-0.011,1.626,-0.001
103.723,-0.021,1.632,-0.002
103.835,-0.030,1.643,-0.005
103.945,-0.037,1.653,-0.010
104.056,-0.040,1.660,-0.016
104.168,-0.038,1.663,-0.019
104.277,-0.036,1.662,-0.021
104.390,-0.037,1.663,-0.022
104.499,-0.037,1.664,-0.023
104.611,-0.037,1.665,-0.023
104.724,-0.036,1.664,-0.023
104.835,-0.036,1.664,-0.025
104.946,-0.036,1.664,-0.026
105.056,-0.036,1.664,-0.025
105.168,-0.035,1.664,-0.025
105.279,-0.035,1.664,-0.025
105.389,-0.034,1.663,-0.025
105.501,-0.033,1.663,-0.024
105.612,-0.033,1.662,-0.024
105.723,-0.031,1.661,-0.023
105.834,-0.031,1.661,-0.023
105.946,-0.030,1.660,-0.023
106.056,-0.030,1.660,-0.023
106.167,-0.030,1.660,-0.023
106.279,-0.030,1.660,-0.023
106.390,-0.030,1.660,-0.023
106.501,-0.030,1.660,-0.022
106.613,-0.029,1.659,-0.022
106.723,-0.028,1.659,-0.022
106.835,-0.026,1.658,-0.023
106.945,-0.024,1.658,-0.023
107.057,-0.022,1.658,-0.023
107.168,-0.020,1.657,-0.023
107.279,-0.019,1.657,-0.022
107.390,-0.019,1.657,-0.021
107.502,-0.018,1.657,-0.020
107.612,-0.018,1.657,-0.020
107.723,-0.019,1.657,-0.019
107.835,-0.020,1.658,-0.019
107.945,-0.021,1.658,-0.018
108.057,-0.021,1.658,-0.017
108.168,-0.021,1.658,-0.016
108.280,-0.021,1.658,-0.016
108.390,-0.021,1.658,-0.015
108.501,-0.021,1.658,-0.014
108.613,-0.022,1.658,-0.013
108.723,-0.023,1.658,-0.012
108.834,-0.023,1.658,-0.012
108.946,-0.023,1.658,-0.012
109.057,-0.023,1.658,-0.012
109.168,-0.023,1.659,-0.012
109.279,-0.023,1.659,-0.012
109.390,-0.022,1.659,-0.012
109.501,-0.021,1.659,-0.013
109.612,-0.020,1.659,-0.014
109.723,-0.019,1.659,-0.014
109.835,-0.019,1.658,-0.016
109.946,-0.020,1.659,-0.019
110.057,-0.021,1.659,-0.021
110.169,-0.022,1.659,-0.022
110.279,-0.023,1.657,-0.022
110.390,-0.023,1.656,-0.022
110.501,-0.023,1.655,-0.021
110.612,-0.023,1.655,-0.021
110.724,-0.023,1.655,-0.023
110.834,-0.022,1.656,-0.025
110.945,-0.021,1.656,-0.027
111.057,-0.019,1.656,-0.029
111.168,-0.018,1.656,-0.031
111.279,-0.017,1.656,-0.032
111.390,-0.016,1.656,-0.034
111.502,-0.016,1.657,-0.034
111.612,-0.015,1.657,-0.035
111.723,-0.016,1.657,-0.035
111.834,-0.015,1.657,-0.035
111.945,-0.016,1.657,-0.036
112.056,-0.016,1.657,-0.036
112.168,-0.017,1.656,-0.037
112.279,-0.017,1.656,-0.037
112.390,-0.017,1.657,-0.037
112.501,-0.017,1.657,-0.037
112.612,0.000,1.657,0.000
112.724,0.000,1.657,0.000
112.835,0.001,1.657,0.000
112.946,0.000,1.657,0.000
113.057,-0.001,1.658,-0.001
113.168,-0.002,1.658,-0.001
113.279,-0.002,1.658,-0.001
113.390,-0.002,1.658,-0.001
113.501,-0.002,1.658,0.000
113.612,-0.002,1.657,0.000
113.723,-0.002,1.657,0.001
113.835,-0.002,1.657,0.001
113.945,-0.002,1.657,0.001
114.057,-0.002,1.657,0.003
114.168,-0.002,1.657,0.005
114.279,-0.002,1.657,0.007
114.390,-0.002,1.657,0.007
114.501,-0.002,1.657,0.008
114.611,-0.002,1.657,0.007
114.725,-0.001,1.656,0.007
114.835,0.000,1.656,0.006
114.946,0.000,1.656,0.006
115.057,0.000,1.656,0.006
115.168,0.001,1.656,0.006
115.279,0.001,1.656,0.005
115.389,0.000,1.656,0.006
115.501,0.001,1.656,0.005
115.612,0.001,1.656,0.005
115.723,0.002,1.657,0.005
115.834,0.002,1.657,0.004
115.945,0.003,1.658,0.004
116.056,0.003,1.658,0.004
116.168,0.003,1.658,0.004
116.279,0.004,1.658,0.004
116.390,0.004,1.658,0.003
116.502,0.004,1.658,0.003
116.613,0.003,1.657,0.003
116.724,0.003,1.657,0.002
116.835,0.003,1.657,0.002
116.946,0.004,1.657,0.002
117.057,0.004,1.657,0.001
117.168,0.004,1.657,0.001
117.279,0.004,1.657,0.001
117.391,0.005,1.657,0.000
117.501,0.006,1.657,0.000
117.613,0.007,1.657,-0.001
117.724,0.009,1.657,-0.002
117.835,0.009,1.657,-0.003
117.946,0.009,1.658,-0.004
118.057,0.010,1.658,-0.004
118.168,0.009,1.658,-0.004
118.279,0.008,1.658,-0.004
118.390,0.008,1.657,-0.004
118.501,0.008,1.657,-0.005
118.612,0.008,1.657,-0.005
118.724,0.008,1.656,-0.005
118.835,0.009,1.656,-0.005
118.945,0.011,1.654,-0.005
119.057,0.015,1.651,-0.004
119.168,0.021,1.646,-0.004
119.278,0.031,1.636,-0.004
119.389,0.039,1.630,-0.003
119.502,0.042,1.628,-0.002
119.612,0.047,1.627,-0.001
119.724,0.050,1.625,0.000
119.835,0.052,1.624,0.000
119.946,0.054,1.625,0.000
120.057,0.056,1.624,0.000
120.168,0.056,1.626,-0.001
120.279,0.055,1.625,0.000
120.391,0.052,1.627,0.001
120.501,0.045,1.628,0.003
120.612,0.036,1.631,0.006
120.723,0.026,1.634,0.008
120.835,0.013,1.642,0.008
120.946,-0.002,1.650,0.005
121.056,-0.007,1.651,0.003
121.168,-0.008,1.652,0.002
121.279,-0.007,1.654,0.003
121.390,-0.007,1.656,0.004
121.501,-0.007,1.657,0.005
121.613,-0.005,1.655,0.005
121.723,-0.004,1.654,0.005
121.836,-0.001,1.652,0.004
121.946,0.000,1.653,0.002
122.059,-0.003,1.654,0.001
122.169,-0.006,1.655,0.001
122.280,-0.010,1.657,0.001
122.391,-0.012,1.658,0.001
122.503,-0.013,1.660,0.000
122.612,-0.013,1.662,0.000
122.724,-0.013,1.665,-0.001
122.835,-0.013,1.668,-0.003
122.947,-0.013,1.667,-0.003
123.057,-0.013,1.664,-0.001
123.169,-0.010,1.661,0.001
123.280,-0.007,1.658,0.003
123.391,-0.006,1.655,0.003
123.502,-0.006,1.654,0.001
123.615,-0.007,1.651,0.000
123.724,-0.011,1.648,0.000
123.835,-0.021,1.644,-0.003
123.947,-0.032,1.643,-0.007
124.058,-0.037,1.643,-0.010
124.169,-0.034,1.645,-0.009
124.279,-0.029,1.645,-0.007
124.391,-0.023,1.646,-0.005
124.502,-0.025,1.652,-0.005
124.613,-0.023,1.650,-0.003
124.724,-0.015,1.650,-0.001
124.835,-0.017,1.654,0.000
124.946,-0.017,1.657,0.002
125.058,-0.016,1.656,0.006
125.168,-0.016,1.656,0.008
125.280,-0.015,1.657,0.007
125.391,-0.012,1.657,0.006
125.503,-0.010,1.658,0.007
125.613,-0.010,1.657,0.009
125.724,-0.012,1.657,0.011
125.835,-0.012,1.658,0.014
125.946,-0.014,1.656,0.015
126.058,-0.013,1.654,0.015
126.170,-0.011,1.653,0.016
126.280,-0.011,1.654,0.014
126.391,-0.014,1.655,0.013
126.502,-0.017,1.656,0.011
126.613,-0.014,1.654,0.012
126.723,-0.009,1.650,0.012
126.835,-0.005,1.648,0.013
126.947,-0.003,1.649,0.013
127.057,-0.003,1.647,0.014
127.169,-0.004,1.647,0.013
127.279,-0.007,1.647,0.012
127.391,-0.009,1.646,0.011
127.501,-0.010,1.645,0.010
127.613,-0.010,1.645,0.009
127.724,-0.011,1.645,0.009
127.835,-0.012,1.644,0.007
127.946,-0.013,1.644,0.006
128.058,-0.014,1.646,0.004
128.168,-0.015,1.648,0.002
128.279,-0.016,1.649,0.001
128.390,-0.018,1.649,0.001
128.501,-0.021,1.650,0.001
128.613,-0.023,1.651,0.000
128.725,-0.024,1.650,0.000
128.835,-0.023,1.650,0.001
128.946,-0.023,1.649,0.000
129.056,-0.022,1.650,0.000
129.169,-0.021,1.650,-0.001
129.279,-0.020,1.650,-0.001
129.390,-0.019,1.651,0.000
129.502,-0.018,1.651,0.001
129.612,-0.018,1.651,0.002
129.725,-0.019,1.651,0.003
129.835,-0.019,1.652,0.004
129.946,-0.020,1.652,0.004
130.058,-0.021,1.653,0.005
130.169,-0.023,1.654,0.005
130.281,-0.024,1.656,0.004
130.391,-0.024,1.656,0.003
130.501,-0.024,1.655,0.003
130.613,-0.023,1.655,0.002
130.723,-0.022,1.654,0.002
130.836,-0.021,1.653,0.001
130.946,-0.020,1.653,0.001
131.057,-0.019,1.653,0.001
131.169,-0.018,1.652,0.002
131.280,-0.018,1.652,0.001
131.390,-0.018,1.652,0.001
131.502,-0.019,1.653,0.001
131.613,-0.021,1.654,0.000
131.724,-0.025,1.656,-0.001
131.837,-0.029,1.658,-0.002
131.945,-0.033,1.660,-0.003
132.057,-0.035,1.661,-0.003
132.169,-0.035,1.661,-0.002
132.279,-0.031,1.659,0.000
132.391,-0.026,1.655,0.003
132.502,-0.020,1.649,0.006
132.612,-0.017,1.644,0.008
132.724,-0.016,1.641,0.008
132.834,-0.017,1.642,0.008
132.946,-0.018,1.643,0.008
133.057,-0.019,1.645,0.008
133.168,-0.021,1.646,0.007
133.279,-0.022,1.647,0.007
133.391,-0.021,1.648,0.008
133.502,-0.019,1.649,0.009
133.612,-0.018,1.648,0.009
133.724,-0.016,1.649,0.009
133.835,-0.015,1.650,0.008
133.947,-0.014,1.651,0.006
134.056,-0.013,1.652,0.005
134.168,-0.012,1.652,0.004
134.280,-0.012,1.652,0.003
134.391,-0.012,1.653,0.003
134.502,-0.012,1.654,0.003
134.612,-0.012,1.654,0.003
134.724,-0.012,1.654,0.002
134.835,-0.010,1.654,0.002
134.947,-0.009,1.653,0.002
135.057,-0.008,1.653,0.002
135.168,-0.007,1.652,0.002
135.279,-0.006,1.652,0.002
135.389,-0.006,1.652,0.003
135.501,-0.007,1.652,0.003
135.612,-0.008,1.652,0.004
135.723,-0.008,1.651,0.005
135.833,-0.008,1.651,0.005
135.946,-0.008,1.650,0.006
136.056,-0.008,1.650,0.005
136.169,-0.008,1.649,0.004
136.279,-0.009,1.650,0.003
136.391,-0.009,1.650,0.003
136.502,-0.009,1.651,0.003
136.613,-0.008,1.651,0.002
136.725,-0.009,1.652,0.001
136.836,-0.009,1.653,0.001
136.947,-0.009,1.654,0.000
137.058,-0.010,1.656,0.000
137.169,-0.010,1.656,-0.001
137.280,-0.010,1.656,-0.001
137.391,-0.010,1.656,-0.001
137.502,-0.010,1.656,-0.001
137.613,-0.010,1.656,-0.001
137.724,-0.010,1.656,0.000
137.835,-0.010,1.657,0.001
137.947,-0.009,1.658,0.003
138.057,-0.007,1.659,0.006
138.169,-0.005,1.658,0.008
138.279,-0.004,1.658,0.009
138.392,-0.004,1.658,0.010
138.501,-0.005,1.657,0.010
138.613,-0.005,1.657,0.010
138.724,-0.005,1.656,0.010
138.835,-0.004,1.656,0.010
138.945,-0.004,1.656,0.010
139.057,-0.004,1.656,0.009
139.168,-0.004,1.656,0.008
139.279,-0.004,1.656,0.007
139.390,-0.004,1.656,0.006
139.501,-0.004,1.656,0.005
139.612,-0.004,1.656,0.004
139.723,-0.004,1.656,0.002
139.834,-0.005,1.657,0.002
139.945,-0.005,1.657,0.001
140.057,-0.006,1.657,0.001
140.168,-0.006,1.657,0.001
140.280,-0.006,1.658,0.001
140.390,-0.006,1.658,0.001
140.502,-0.006,1.659,0.000
140.613,-0.008,1.659,0.000
140.723,-0.012,1.659,-0.001
140.835,-0.015,1.660,-0.003
140.946,-0.018,1.660,-0.003
141.057,-0.019,1.659,-0.002
141.169,-0.020,1.658,-0.002
141.280,-0.021,1.657,-0.002
141.391,-0.020,1.656,-0.001
141.503,-0.020,1.654,0.000
141.613,-0.019,1.652,0.000
141.725,-0.018,1.650,0.000
141.835,-0.017,1.649,0.000
141.946,-0.016,1.647,0.000
142.058,-0.015,1.647,0.002
142.169,-0.014,1.646,0.003
142.280,-0.013,1.646,0.005
142.392,-0.010,1.646,0.007
142.502,-0.007,1.645,0.008
142.613,-0.005,1.645,0.009
142.724,-0.003,1.646,0.009
142.835,0.000,1.646,0.010
142.946,0.002,1.646,0.011
143.058,0.003,1.646,0.011
143.169,0.002,1.646,0.012
143.279,0.001,1.646,0.012
143.391,0.002,1.651,0.012
143.502,0.007,1.653,0.013
143.613,0.010,1.652,0.014
143.725,0.009,1.653,0.013
143.836,0.011,1.653,0.011
143.947,0.011,1.653,0.010
144.058,0.012,1.653,0.010
144.169,0.013,1.652,0.009
144.281,0.013,1.652,0.008
144.392,0.014,1.650,0.007
144.503,0.017,1.649,0.007
144.614,0.019,1.646,0.003
144.725,0.020,1.645,0.004
144.836,0.021,1.643,0.004
144.947,0.018,1.644,0.002
145.058,0.015,1.645,0.000
145.169,0.012,1.644,-0.001
145.281,0.008,1.643,0.001
145.392,0.006,1.643,0.001
145.503,-0.001,1.645,0.004
145.614,-0.006,1.646,0.004
145.726,-0.011,1.648,0.002
145.837,-0.014,1.647,0.002
145.947,-0.020,1.647,0.001
146.058,-0.024,1.647,0.002
146.169,-0.025,1.647,0.001
146.281,-0.023,1.648,0.002
146.392,-0.019,1.648,0.001
146.502,-0.016,1.649,0.001
146.614,-0.014,1.649,0.001
146.726,-0.016,1.649,0.000
146.836,-0.024,1.650,-0.001
146.947,-0.033,1.651,0.002
147.058,-0.038,1.651,0.008
147.169,-0.031,1.652,0.016
147.280,-0.019,1.653,0.024
147.392,-0.002,1.651,0.026
147.503,0.012,1.646,0.026
147.613,0.018,1.642,0.026
147.724,0.019,1.643,0.026
147.835,0.019,1.643,0.026
147.947,0.018,1.643,0.026
148.058,0.013,1.641,0.028
148.169,0.001,1.638,0.030
148.280,-0.013,1.637,0.031
148.391,-0.029,1.635,0.031
148.503,-0.045,1.633,0.028
148.614,-0.062,1.632,0.022
148.725,-0.077,1.632,0.014
148.836,-0.089,1.631,0.005
148.947,-0.100,1.629,-0.005
149.058,-0.108,1.630,-0.019
149.169,-0.110,1.630,-0.030
149.281,-0.108,1.625,-0.030
149.391,-0.104,1.621,-0.026
149.503,-0.101,1.616,-0.025
149.614,-0.103,1.604,-0.023
149.725,-0.110,1.583,-0.028
149.836,-0.114,1.568,-0.028
149.948,-0.115,1.563,-0.027
150.058,-0.114,1.561,-0.023
150.169,-0.112,1.560,-0.019
150.281,-0.109,1.562,-0.013
150.392,-0.105,1.564,-0.010
150.503,-0.103,1.566,-0.007
150.614,-0.100,1.567,-0.004
150.725,-0.098,1.566,-0.001
150.836,-0.095,1.563,0.003
150.948,-0.090,1.557,0.013
151.058,-0.080,1.549,0.029
151.169,-0.065,1.540,0.052
151.281,-0.048,1.528,0.070
151.392,-0.030,1.517,0.085
151.503,-0.017,1.513,0.095
151.614,-0.013,1.516,0.098
151.725,-0.017,1.521,0.095
151.836,-0.033,1.536,0.083
151.948,-0.051,1.556,0.064
152.059,-0.059,1.568,0.050
152.169,-0.068,1.577,0.042
152.281,-0.079,1.581,0.037
152.392,-0.095,1.579,0.031
152.503,-0.118,1.578,0.027
152.614,-0.142,1.576,0.024
152.725,-0.168,1.574,0.023
152.836,-0.189,1.570,0.022
152.948,-0.205,1.569,0.018
153.059,-0.216,1.568,0.015
153.170,-0.222,1.568,0.012
153.281,-0.228,1.568,0.010
153.392,-0.230,1.566,0.012
153.503,-0.226,1.565,0.017
153.614,-0.208,1.557,0.034
153.725,-0.178,1.541,0.063
153.836,-0.149,1.533,0.090
153.948,-0.118,1.523,0.110
154.058,-0.084,1.511,0.124
154.170,-0.052,1.501,0.136
154.281,-0.022,1.489,0.144
154.392,0.000,1.486,0.143
154.503,0.016,1.492,0.139
154.614,0.024,1.498,0.131
154.726,0.026,1.504,0.121
154.836,0.033,1.504,0.112
154.948,0.051,1.498,0.109
155.059,0.076,1.486,0.107
155.170,0.102,1.478,0.104
155.281,0.123,1.474,0.097
155.392,0.141,1.475,0.086
155.503,0.153,1.473,0.074
155.614,0.162,1.470,0.062
155.726,0.173,1.465,0.050
155.837,0.185,1.458,0.036
155.947,0.196,1.452,0.023
156.059,0.200,1.449,0.015
156.170,0.197,1.449,0.017
156.281,0.185,1.452,0.029
156.392,0.159,1.454,0.048
156.504,0.126,1.455,0.067
156.615,0.091,1.456,0.081
156.725,0.060,1.461,0.092
156.837,0.032,1.470,0.097
156.948,0.015,1.482,0.093
157.059,0.006,1.510,0.087
157.170,-0.004,1.537,0.076
157.281,-0.022,1.563,0.061
157.392,-0.042,1.581,0.048
157.503,-0.058,1.591,0.039
157.614,-0.070,1.592,0.044
157.726,-0.086,1.591,0.056
157.836,-0.109,1.588,0.067
157.948,-0.137,1.585,0.074
158.059,-0.166,1.585,0.081
158.170,-0.192,1.584,0.096
158.281,-0.213,1.582,0.117
158.392,-0.227,1.579,0.153
158.503,-0.233,1.576,0.207
158.615,-0.228,1.574,0.275
158.726,-0.218,1.580,0.348
158.837,-0.208,1.585,0.410
158.948,-0.207,1.584,0.461
159.059,-0.218,1.583,0.506
159.170,-0.234,1.579,0.538
159.281,-0.258,1.579,0.549
159.393,-0.292,1.583,0.545
159.504,-0.326,1.590,0.539
159.615,-0.352,1.591,0.535
159.726,-0.358,1.590,0.544
159.837,-0.352,1.587,0.583
159.948,-0.353,1.593,0.645
160.059,-0.357,1.593,0.707
160.170,-0.363,1.597,0.755
160.281,-0.374,1.596,0.784
160.392,-0.396,1.595,0.795
160.503,-0.426,1.592,0.795
160.614,-0.453,1.594,0.782
160.726,-0.475,1.598,0.760
160.836,-0.499,1.601,0.735
160.948,-0.527,1.603,0.719
161.059,-0.562,1.603,0.712
161.170,-0.606,1.602,0.714
161.281,-0.659,1.598,0.728
161.393,-0.717,1.591,0.751
161.503,-0.773,1.590,0.781
161.614,-0.828,1.589,0.809
161.726,-0.879,1.580,0.828
161.837,-0.928,1.576,0.841
161.948,-0.978,1.571,0.848
162.059,-1.028,1.566,0.846
162.170,-1.075,1.557,0.833
162.281,-1.116,1.542,0.806
162.392,-1.157,1.536,0.780
162.503,-1.196,1.532,0.763
162.614,-1.230,1.532,0.755
162.726,-1.263,1.530,0.752
162.836,-1.299,1.528,0.757
162.947,-1.335,1.526,0.769
163.059,-1.370,1.523,0.779
163.170,-1.398,1.519,0.787
163.281,-1.419,1.514,0.792
163.392,-1.434,1.511,0.793
163.504,-1.444,1.508,0.793
163.615,-1.450,1.507,0.792
163.726,-1.451,1.507,0.789
163.837,-1.448,1.509,0.787
163.948,-1.443,1.512,0.784
164.059,-1.438,1.517,0.779
164.170,-1.431,1.521,0.775
164.281,-1.425,1.527,0.770
164.392,-1.420,1.532,0.768
164.503,-1.414,1.539,0.768
164.614,-1.407,1.546,0.770
164.726,-1.399,1.554,0.775
164.836,-1.391,1.562,0.779
164.946,-1.385,1.565,0.782
165.058,-1.383,1.562,0.783
165.169,-1.385,1.557,0.782
165.280,-1.389,1.546,0.780
165.391,-1.397,1.532,0.778
165.503,-1.404,1.519,0.777
165.614,-1.410,1.511,0.777
165.725,-1.412,1.507,0.778
165.836,-1.409,1.508,0.779
165.947,-1.404,1.512,0.780
166.059,-1.398,1.517,0.779
166.169,-1.391,1.521,0.773
166.280,-1.381,1.526,0.761
166.392,-1.373,1.531,0.749
166.503,-1.368,1.535,0.743
166.614,-1.366,1.537,0.745
166.725,-1.366,1.538,0.746
166.835,-1.365,1.537,0.744
166.947,-1.366,1.537,0.739
167.058,-1.367,1.537,0.736
167.169,-1.369,1.536,0.733
167.280,-1.370,1.535,0.731
167.392,-1.370,1.531,0.729
167.503,-1.370,1.534,0.728
167.614,-1.369,1.538,0.729
167.725,-1.366,1.540,0.729
167.836,-1.360,1.542,0.731
167.947,-1.352,1.545,0.733
168.059,-1.347,1.554,0.736
168.169,-1.341,1.559,0.740
168.281,-1.337,1.558,0.743
168.392,-1.334,1.555,0.746
168.503,-1.332,1.552,0.746
168.614,-1.329,1.551,0.745
168.725,-1.325,1.556,0.744
168.836,-1.321,1.568,0.744
168.948,-1.317,1.585,0.744
169.059,-1.311,1.604,0.747
169.170,-1.303,1.623,0.754
169.281,-1.295,1.623,0.757
169.392,-1.290,1.612,0.758
169.504,-1.291,1.596,0.757
169.615,-1.295,1.586,0.761
169.726,-1.297,1.582,0.768
169.835,-1.297,1.581,0.772
169.948,-1.296,1.582,0.771
170.059,-1.296,1.579,0.772
170.170,-1.293,1.576,0.771
170.281,-1.289,1.574,0.768
170.392,-1.286,1.574,0.765
170.503,-1.284,1.575,0.763
170.614,-1.281,1.573,0.759
170.726,-1.280,1.570,0.754
170.837,-1.279,1.568,0.750
170.948,-1.279,1.566,0.748
171.059,-1.279,1.563,0.747
171.170,-1.278,1.564,0.744
171.281,-1.276,1.563,0.738
171.393,-1.272,1.565,0.727
171.502,-1.266,1.572,0.716
171.613,-1.261,1.577,0.706
171.725,-1.256,1.577,0.697
171.837,-1.252,1.574,0.690
171.948,-1.249,1.566,0.685
172.059,-1.250,1.559,0.683
172.170,-1.252,1.559,0.682
172.281,-1.256,1.559,0.683
172.393,-1.259,1.558,0.683
172.504,-1.262,1.561,0.684
172.615,-1.265,1.561,0.685
172.726,-1.268,1.558,0.687
172.837,-1.272,1.558,0.689
172.948,-1.276,1.558,0.691
173.059,-1.279,1.557,0.693
173.170,-1.283,1.556,0.695
173.282,-1.285,1.555,0.696
173.392,-1.286,1.554,0.695
173.503,-1.287,1.555,0.692
173.615,-1.286,1.556,0.692
173.726,-1.286,1.565,0.694
173.837,-1.280,1.577,0.690
173.948,-1.267,1.581,0.683
174.059,-1.257,1.572,0.678
174.170,-1.256,1.566,0.678
174.281,-1.257,1.565,0.679
174.393,-1.259,1.565,0.681
174.504,-1.259,1.567,0.681
174.615,-1.261,1.569,0.683
174.726,-1.261,1.571,0.684
174.837,-1.262,1.573,0.685
174.948,-1.262,1.576,0.686
175.059,-1.262,1.578,0.686
175.170,-1.262,1.580,0.686
175.281,-1.262,1.581,0.684
175.393,-1.261,1.581,0.681
175.504,-1.262,1.580,0.680
175.615,-1.267,1.578,0.683
175.726,-1.269,1.574,0.682
175.837,-1.270,1.565,0.680
175.948,-1.272,1.552,0.680
176.059,-1.277,1.547,0.685
176.169,-1.282,1.544,0.698
176.281,-1.282,1.540,0.706
176.392,-1.280,1.538,0.700
176.503,-1.278,1.540,0.695
176.614,-1.273,1.546,0.680
176.725,-1.265,1.552,0.663
176.837,-1.263,1.552,0.663
176.948,-1.274,1.549,0.680
177.059,-1.290,1.547,0.703
177.170,-1.314,1.553,0.730
177.281,-1.342,1.558,0.757
177.392,-1.369,1.550,0.779
177.503,-1.389,1.541,0.801
177.614,-1.402,1.535,0.819
177.725,-1.409,1.528,0.827
177.836,-1.415,1.525,0.834
177.947,-1.418,1.521,0.837
178.059,-1.419,1.518,0.837
178.169,-1.419,1.518,0.837
178.281,-1.419,1.518,0.836
178.392,-1.420,1.516,0.837
178.503,-1.420,1.514,0.838
178.614,-1.421,1.515,0.839
178.725,-1.421,1.515,0.839
178.836,-1.422,1.516,0.841
178.947,-1.423,1.514,0.844
179.059,-1.423,1.511,0.848
179.170,-1.425,1.508,0.851
179.281,-1.427,1.505,0.851
179.392,-1.429,1.505,0.849
179.503,-1.429,1.503,0.845
179.614,-1.429,1.503,0.841
179.725,-1.428,1.504,0.836
179.836,-1.427,1.509,0.829
179.948,-1.425,1.515,0.821
180.059,-1.421,1.521,0.813
180.169,-1.416,1.528,0.803
180.281,-1.410,1.538,0.791
180.392,-1.401,1.550,0.775
180.503,-1.389,1.563,0.759
180.615,-1.379,1.569,0.747
180.726,-1.370,1.570,0.738
180.837,-1.364,1.571,0.731
180.948,-1.359,1.573,0.725
181.059,-1.356,1.573,0.720
181.170,-1.355,1.573,0.716
181.282,-1.356,1.572,0.712
181.392,-1.357,1.571,0.711
181.503,-1.359,1.571,0.709
181.615,-1.361,1.570,0.709
181.726,-1.363,1.570,0.709
181.837,-1.365,1.569,0.710
181.948,-1.366,1.568,0.710
182.059,-1.368,1.568,0.711
182.170,-1.368,1.568,0.711
182.281,-1.370,1.567,0.712
182.393,-1.373,1.564,0.716
182.504,-1.376,1.559,0.718
182.614,-1.381,1.554,0.717
182.726,-1.392,1.545,0.721
182.836,-1.409,1.532,0.731
182.948,-1.423,1.514,0.747
183.059,-1.432,1.502,0.760
183.169,-1.435,1.497,0.771
183.281,-1.435,1.494,0.779
183.392,-1.434,1.492,0.783
183.503,-1.432,1.492,0.786
183.615,-1.433,1.495,0.788
183.725,-1.436,1.499,0.788
183.836,-1.439,1.501,0.791
183.947,-1.440,1.501,0.794
184.059,-1.438,1.500,0.798
184.170,-1.436,1.501,0.801
184.280,-1.434,1.502,0.803
184.392,-1.435,1.504,0.803
184.503,-1.442,1.504,0.810
184.614,-1.453,1.495,0.819
184.725,-1.460,1.481,0.823
184.836,-1.465,1.472,0.822
184.947,-1.466,1.466,0.821
185.059,-1.463,1.471,0.821
185.171,-1.458,1.483,0.818
185.281,-1.450,1.496,0.815
185.392,-1.442,1.512,0.808
185.502,-1.431,1.530,0.797
185.614,-1.417,1.544,0.783
185.725,-1.408,1.546,0.777
185.836,-1.410,1.541,0.783
185.947,-1.421,1.533,0.793
186.058,-1.439,1.520,0.802
186.170,-1.458,1.507,0.807
186.281,-1.473,1.497,0.805
186.392,-1.480,1.490,0.803
186.503,-1.484,1.489,0.803
186.614,-1.487,1.485,0.803
186.725,-1.487,1.479,0.805
186.836,-1.486,1.480,0.808
186.948,-1.482,1.491,0.808
187.059,-1.475,1.503,0.806
187.170,-1.466,1.518,0.802
187.281,-1.454,1.534,0.795
187.392,-1.439,1.547,0.789
187.503,-1.424,1.557,0.780
187.614,-1.410,1.568,0.766
187.725,-1.396,1.575,0.746
187.836,-1.381,1.578,0.727
187.948,-1.368,1.579,0.711
188.059,-1.360,1.577,0.701
188.170,-1.355,1.575,0.693
188.281,-1.352,1.573,0.690
188.393,-1.349,1.573,0.688
188.504,-1.346,1.573,0.686
188.615,-1.344,1.574,0.686
188.726,-1.342,1.574,0.685
188.837,-1.337,1.575,0.684
188.948,-1.334,1.575,0.683
189.059,-1.333,1.575,0.682
189.170,-1.333,1.575,0.681
189.281,-1.332,1.574,0.680
189.393,-1.332,1.574,0.678
189.504,-1.331,1.574,0.676
189.615,-1.331,1.573,0.674
189.726,-1.330,1.573,0.672
189.837,-1.329,1.573,0.671
189.948,-1.330,1.572,0.671
190.060,-1.330,1.572,0.671
190.170,-1.330,1.572,0.672
190.281,-1.333,1.572,0.672
190.392,-1.336,1.571,0.672
190.504,-1.341,1.570,0.672
190.615,-1.353,1.562,0.678
190.726,-1.366,1.552,0.686
190.837,-1.381,1.538,0.699
190.948,-1.395,1.521,0.717
191.059,-1.410,1.510,0.734
191.169,-1.429,1.500,0.750
191.281,-1.446,1.488,0.762
191.392,-1.456,1.477,0.767
191.503,-1.460,1.472,0.769
191.614,-1.462,1.470,0.770
191.725,-1.461,1.473,0.771
191.836,-1.458,1.483,0.768
191.947,-1.451,1.495,0.762
192.059,-1.441,1.504,0.756
192.170,-1.432,1.512,0.751
192.281,-1.426,1.516,0.747
192.392,-1.428,1.509,0.750
192.503,-1.437,1.498,0.756
192.614,-1.447,1.487,0.760
192.725,-1.454,1.480,0.758
192.837,-1.457,1.474,0.755
192.948,-1.457,1.470,0.753
193.059,-1.453,1.474,0.752
193.170,-1.445,1.482,0.750
193.281,-1.435,1.492,0.749
193.392,-1.425,1.501,0.748
193.503,-1.414,1.509,0.746
193.614,-1.402,1.522,0.739
193.726,-1.389,1.534,0.731
193.836,-1.379,1.543,0.722
193.947,-1.372,1.552,0.714
194.059,-1.366,1.562,0.704
194.170,-1.361,1.570,0.695
194.281,-1.355,1.577,0.685
194.393,-1.352,1.580,0.678
194.503,-1.350,1.580,0.672
194.615,-1.350,1.580,0.669
194.726,-1.351,1.581,0.667
194.837,-1.350,1.582,0.663
194.948,-1.348,1.584,0.660
195.059,-1.345,1.585,0.656
195.170,-1.342,1.586,0.653
195.281,-1.341,1.587,0.652
195.393,-1.340,1.587,0.651
195.504,-1.340,1.586,0.650
195.615,-1.339,1.587,0.648
195.726,-1.338,1.587,0.648
195.837,-1.337,1.587,0.646
195.948,-1.337,1.586,0.646
196.059,-1.338,1.585,0.648
196.170,-1.341,1.585,0.649
196.282,-1.342,1.585,0.651
196.393,-1.341,1.587,0.651
196.504,-1.340,1.589,0.650
196.615,-1.338,1.590,0.649
196.726,-1.337,1.590,0.649
196.837,-1.336,1.589,0.649
196.948,-1.337,1.589,0.649
197.059,-1.338,1.589,0.649
197.170,-1.338,1.588,0.648
197.282,-1.340,1.590,0.649
197.393,-1.340,1.590,0.649
197.504,-1.340,1.589,0.649
197.615,-1.340,1.588,0.650
197.717,-1.340,1.588,0.650
197.823,-1.340,1.588,0.650
197.934,-1.340,1.587,0.649
198.046,-1.340,1.588,0.649
198.157,-1.342,1.587,0.649
198.268,-1.343,1.586,0.648
198.379,-1.345,1.585,0.649
198.490,-1.348,1.583,0.650
198.601,-1.354,1.581,0.653
198.712,-1.359,1.578,0.654
198.823,-1.363,1.575,0.654
198.934,-1.371,1.571,0.657
199.045,-1.376,1.569,0.657
199.157,-1.382,1.563,0.660
199.268,-1.390,1.554,0.664
199.379,-1.401,1.547,0.669
199.489,-1.413,1.545,0.669
199.600,-1.425,1.543,0.667
199.711,-1.446,1.541,0.664
199.822,-1.474,1.532,0.662
199.934,-1.495,1.516,0.660
200.045,-1.505,1.498,0.655
200.156,-1.509,1.487,0.651
200.267,-1.511,1.481,0.648
200.378,-1.510,1.475,0.646
200.490,-1.505,1.476,0.644
200.600,-1.498,1.484,0.641
200.712,-1.489,1.497,0.641
200.823,-1.478,1.512,0.644
200.934,-1.467,1.524,0.646
201.046,-1.454,1.537,0.647
201.156,-1.439,1.549,0.643
201.267,-1.421,1.560,0.631
201.378,-1.399,1.570,0.615
201.490,-1.380,1.575,0.604
201.601,-1.369,1.574,0.598
201.712,-1.360,1.573,0.592
201.823,-1.354,1.572,0.588
201.935,-1.352,1.572,0.585
202.046,-1.352,1.570,0.582
202.157,-1.352,1.570,0.580
202.268,-1.353,1.569,0.578
202.379,-1.353,1.569,0.576
202.490,-1.354,1.569,0.575
202.601,-1.355,1.569,0.574
202.712,-1.355,1.570,0.574
202.823,-1.355,1.570,0.575
202.935,-1.355,1.571,0.574
203.045,-1.355,1.570,0.573
203.157,-1.356,1.570,0.572
203.263,-1.356,1.569,0.572
203.371,-1.356,1.569,0.571
203.482,-1.355,1.568,0.569
203.593,-1.353,1.567,0.568
203.704,-1.351,1.567,0.567
203.808,-1.350,1.567,0.567
203.919,-1.349,1.566,0.566
204.031,-1.347,1.566,0.565
204.142,-1.347,1.565,0.565
204.253,-1.346,1.565,0.566
204.365,-1.346,1.566,0.568
204.475,-1.346,1.565,0.569
204.587,-1.347,1.565,0.569
204.699,-1.351,1.566,0.569
204.809,-1.359,1.565,0.570
204.920,-1.365,1.564,0.572
205.032,-1.373,1.564,0.571
205.143,-1.375,1.563,0.568
205.254,-1.375,1.564,0.563
205.365,-1.376,1.564,0.559
205.477,-1.375,1.564,0.553
205.587,-1.375,1.564,0.549
205.698,-1.374,1.565,0.546
205.809,-1.374,1.565,0.544
205.920,-1.377,1.565,0.542
206.032,-1.378,1.565,0.538
206.143,-1.379,1.567,0.534
206.254,-1.380,1.566,0.532
206.365,-1.380,1.566,0.532
206.476,-1.379,1.567,0.531
206.587,-1.380,1.567,0.532
206.698,-1.382,1.567,0.533
206.809,-1.386,1.565,0.534
206.920,-1.395,1.563,0.537
207.031,-1.407,1.562,0.541
207.142,-1.426,1.562,0.548
207.253,-1.454,1.564,0.554
207.364,-1.488,1.563,0.562
207.476,-1.528,1.561,0.567
207.587,-1.569,1.552,0.569
207.698,-1.602,1.544,0.579
207.809,-1.624,1.539,0.604
207.919,-1.627,1.534,0.636
208.031,-1.612,1.531,0.666
208.142,-1.586,1.529,0.686
208.253,-1.556,1.524,0.699
208.364,-1.530,1.522,0.707
208.475,-1.512,1.524,0.704
208.586,-1.505,1.528,0.678
208.697,-1.504,1.528,0.646
208.809,-1.505,1.527,0.618
208.920,-1.514,1.528,0.599
209.031,-1.529,1.528,0.584
209.142,-1.546,1.528,0.569
209.253,-1.563,1.524,0.558
209.365,-1.577,1.519,0.550
209.476,-1.592,1.512,0.545
209.587,-1.604,1.503,0.543
209.698,-1.606,1.498,0.542
209.809,-1.604,1.499,0.546
209.920,-1.599,1.506,0.553
210.032,-1.587,1.515,0.561
210.142,-1.570,1.527,0.569
210.254,-1.549,1.536,0.577
210.365,-1.525,1.548,0.580
210.476,-1.496,1.558,0.577
210.587,-1.465,1.565,0.572
210.698,-1.427,1.572,0.565
210.809,-1.402,1.573,0.564
210.920,-1.383,1.573,0.563
211.032,-1.372,1.572,0.563
211.143,-1.362,1.574,0.562
211.254,-1.357,1.576,0.560
211.365,-1.353,1.577,0.557
211.476,-1.351,1.577,0.554
211.587,-1.348,1.578,0.550
211.699,-1.347,1.577,0.547
211.809,-1.347,1.577,0.545
211.921,-1.347,1.578,0.546
212.032,-1.347,1.578,0.546
212.143,-1.348,1.579,0.546
212.254,-1.348,1.579,0.548
212.365,-1.348,1.580,0.549
212.476,-1.348,1.581,0.550
212.587,-1.351,1.582,0.551
212.699,-1.355,1.583,0.551
212.810,-1.361,1.583,0.550
212.921,-1.371,1.584,0.551
213.032,-1.381,1.585,0.553
213.143,-1.391,1.586,0.554
213.254,-1.401,1.584,0.557
213.365,-1.415,1.581,0.566
213.477,-1.429,1.572,0.582
213.587,-1.439,1.553,0.599
213.698,-1.448,1.535,0.615
213.809,-1.454,1.523,0.625
213.920,-1.460,1.518,0.629
214.031,-1.467,1.515,0.627
214.142,-1.469,1.515,0.607
214.253,-1.458,1.518,0.573
214.365,-1.454,1.519,0.552
214.476,-1.459,1.521,0.539
214.587,-1.474,1.518,0.533
214.698,-1.494,1.515,0.527
214.809,-1.525,1.510,0.522
214.920,-1.556,1.504,0.510
215.032,-1.588,1.491,0.500
215.143,-1.620,1.479,0.495
215.253,-1.652,1.468,0.496
215.365,-1.673,1.456,0.496
215.476,-1.687,1.444,0.494
215.587,-1.693,1.435,0.492
215.699,-1.692,1.434,0.491
215.809,-1.683,1.439,0.490
215.920,-1.669,1.448,0.489
216.031,-1.652,1.454,0.488
216.142,-1.638,1.457,0.489
216.254,-1.626,1.461,0.492
216.365,-1.615,1.467,0.494
216.476,-1.603,1.473,0.496
216.587,-1.593,1.476,0.497
216.697,-1.585,1.478,0.499
216.808,-1.580,1.480,0.500
216.920,-1.577,1.480,0.501
217.031,-1.575,1.480,0.503
217.142,-1.575,1.481,0.505
217.254,-1.574,1.481,0.506
217.367,-1.572,1.481,0.506
217.476,-1.572,1.481,0.506
217.587,-1.572,1.480,0.507
217.698,-1.572,1.481,0.507
217.809,-1.573,1.480,0.507
217.920,-1.575,1.479,0.507
218.031,-1.576,1.478,0.507
218.143,-1.578,1.478,0.507
218.253,-1.582,1.478,0.508
218.365,-1.585,1.477,0.510
218.476,-1.589,1.477,0.513
218.587,-1.598,1.477,0.519
218.698,-1.614,1.477,0.529
218.809,-1.642,1.476,0.549
218.920,-1.670,1.473,0.577
219.031,-1.693,1.466,0.603
219.142,-1.716,1.455,0.622
219.253,-1.740,1.444,0.635
219.365,-1.764,1.430,0.642
219.475,-1.784,1.415,0.643
219.587,-1.799,1.405,0.639
219.697,-1.806,1.399,0.635
219.809,-1.809,1.399,0.634
219.920,-1.808,1.401,0.637
220.031,-1.805,1.404,0.643
220.142,-1.801,1.407,0.650
220.253,-1.795,1.413,0.654
220.365,-1.786,1.421,0.655
220.475,-1.775,1.429,0.653
220.587,-1.763,1.437,0.648
220.698,-1.745,1.446,0.632
220.809,-1.717,1.454,0.605
220.920,-1.682,1.458,0.578
221.032,-1.645,1.459,0.554
221.143,-1.613,1.464,0.535
221.254,-1.590,1.470,0.522
221.365,-1.569,1.475,0.513
221.476,-1.554,1.477,0.507
221.587,-1.543,1.479,0.505
221.698,-1.535,1.480,0.503
221.809,-1.531,1.481,0.503
221.920,-1.527,1.480,0.503
222.032,-1.523,1.481,0.503
222.133,-1.522,1.481,0.503
222.240,-1.519,1.482,0.504
222.351,-1.518,1.482,0.506
222.463,-1.518,1.483,0.509
222.573,-1.520,1.483,0.513
222.684,-1.539,1.486,0.519
222.795,-1.586,1.487,0.541
222.906,-1.633,1.485,0.585
223.017,-1.672,1.475,0.633
223.128,-1.702,1.458,0.676
223.239,-1.734,1.440,0.703
223.350,-1.763,1.420,0.720
223.462,-1.783,1.405,0.731
223.573,-1.798,1.398,0.737
223.684,-1.803,1.394,0.738
223.795,-1.804,1.395,0.741
223.906,-1.801,1.395,0.746
224.017,-1.793,1.401,0.751
224.128,-1.778,1.415,0.755
224.239,-1.759,1.434,0.757
224.350,-1.735,1.455,0.756
224.462,-1.708,1.476,0.746
224.572,-1.680,1.496,0.720
224.683,-1.640,1.516,0.670
224.794,-1.587,1.527,0.616
224.906,-1.542,1.533,0.581
225.017,-1.512,1.534,0.565
225.129,-1.497,1.535,0.554
225.240,-1.484,1.535,0.543
225.351,-1.477,1.537,0.534
225.462,-1.474,1.536,0.527
225.573,-1.474,1.534,0.523
225.684,-1.472,1.534,0.521
225.796,-1.469,1.534,0.517
225.907,-1.464,1.536,0.514
226.018,-1.460,1.538,0.511
226.129,-1.458,1.540,0.510
226.240,-1.457,1.542,0.509
226.351,-1.455,1.542,0.508
226.462,-1.454,1.542,0.507
226.573,-1.454,1.543,0.507
226.684,-1.453,1.543,0.506
226.795,-1.454,1.543,0.507
226.906,-1.452,1.544,0.506
227.017,-1.452,1.546,0.506
227.129,-1.455,1.546,0.506
227.240,-1.460,1.549,0.506
227.351,-1.463,1.553,0.507
227.463,-1.464,1.556,0.510
227.573,-1.461,1.560,0.515
227.684,-1.451,1.565,0.522
227.796,-1.433,1.570,0.532
227.906,-1.403,1.580,0.545
228.017,-1.366,1.591,0.562
228.128,-1.321,1.600,0.580
228.239,-1.273,1.605,0.596
228.351,-1.230,1.603,0.607
228.462,-1.192,1.603,0.618
228.573,-1.163,1.611,0.624
228.684,-1.143,1.615,0.621
228.795,-1.127,1.619,0.610
228.906,-1.120,1.624,0.592
229.017,-1.118,1.637,0.574
229.129,-1.109,1.646,0.562
229.240,-1.094,1.643,0.559
229.351,-1.082,1.637,0.569
229.463,-1.075,1.634,0.586
229.573,-1.068,1.634,0.598
229.684,-1.061,1.632,0.605
229.796,-1.052,1.631,0.607
229.906,-1.040,1.630,0.594
230.018,-1.030,1.625,0.575
230.129,-1.023,1.614,0.559
230.240,-1.013,1.605,0.556
230.351,-1.001,1.598,0.561
230.463,-0.989,1.591,0.574
230.573,-0.980,1.586,0.588
230.684,-0.977,1.582,0.601
230.796,-0.978,1.582,0.615
230.907,-0.984,1.586,0.630
231.018,-0.999,1.621,0.637
231.129,-1.024,1.643,0.637
231.240,-1.045,1.647,0.626
231.351,-1.059,1.644,0.617
231.463,-1.068,1.645,0.610
231.574,-1.075,1.646,0.602
231.685,-1.079,1.646,0.596
231.796,-1.083,1.646,0.589
231.907,-1.088,1.645,0.580
232.018,-1.095,1.644,0.571
232.129,-1.103,1.643,0.562
232.241,-1.109,1.641,0.557
232.352,-1.112,1.640,0.556
232.463,-1.113,1.637,0.557
232.574,-1.109,1.627,0.558
232.685,-1.096,1.595,0.550
232.796,-1.096,1.560,0.535
232.907,-1.103,1.547,0.519
233.018,-1.108,1.544,0.507
233.130,-1.111,1.540,0.501
233.240,-1.106,1.541,0.510
233.351,-1.081,1.558,0.551
233.463,-1.058,1.576,0.622
233.574,-1.053,1.582,0.684
233.685,-1.046,1.581,0.713
233.796,-1.033,1.582,0.724
233.907,-1.010,1.581,0.724
234.018,-0.974,1.579,0.713
234.129,-0.930,1.578,0.692
234.240,-0.885,1.580,0.663
234.351,-0.842,1.585,0.635
234.463,-0.801,1.590,0.616
234.574,-0.759,1.593,0.608
234.685,-0.712,1.593,0.612
234.796,-0.660,1.589,0.627
234.907,-0.607,1.583,0.652
235.018,-0.559,1.583,0.686
235.130,-0.512,1.593,0.721
235.240,-0.466,1.591,0.748
235.352,-0.423,1.593,0.768
235.463,-0.381,1.591,0.778
235.573,-0.336,1.587,0.777
235.685,-0.295,1.581,0.764
235.796,-0.256,1.583,0.750
235.907,-0.224,1.586,0.745
236.018,-0.206,1.588,0.747
236.130,-0.196,1.586,0.753
236.240,-0.192,1.587,0.763
236.351,-0.190,1.589,0.773
236.463,-0.186,1.589,0.779
236.574,-0.181,1.587,0.785
236.685,-0.177,1.586,0.790
236.796,-0.173,1.587,0.792
236.907,-0.169,1.586,0.795
237.019,-0.166,1.585,0.797
237.130,-0.163,1.584,0.798
237.240,-0.160,1.584,0.799
237.351,-0.162,1.585,0.798
237.463,-0.171,1.589,0.798
237.573,-0.188,1.599,0.804
237.684,-0.209,1.609,0.817
237.796,-0.219,1.609,0.823
237.906,-0.221,1.609,0.821
238.018,-0.224,1.609,0.821
238.128,-0.227,1.609,0.824
238.240,-0.228,1.610,0.826
238.351,-0.227,1.609,0.827
238.462,-0.225,1.607,0.827
238.574,-0.220,1.602,0.826
238.685,-0.216,1.597,0.824
238.796,-0.213,1.596,0.823
238.907,-0.213,1.596,0.822
239.018,-0.216,1.596,0.825
239.129,-0.220,1.597,0.829
239.240,-0.236,1.593,0.842
239.351,-0.245,1.585,0.850
239.462,-0.244,1.581,0.850
239.573,-0.242,1.582,0.849
239.684,-0.238,1.584,0.847
239.796,-0.236,1.586,0.846
239.907,-0.237,1.588,0.850
240.018,-0.238,1.590,0.853
240.129,-0.239,1.590,0.856
240.240,-0.236,1.586,0.854
240.351,-0.228,1.576,0.847
240.463,-0.219,1.570,0.839
240.574,-0.216,1.570,0.835
240.684,-0.215,1.572,0.836
240.796,-0.215,1.573,0.838
240.907,-0.214,1.575,0.840
241.018,-0.213,1.577,0.841
241.129,-0.209,1.578,0.842
241.240,-0.205,1.574,0.839
241.351,-0.200,1.569,0.833
241.463,-0.192,1.563,0.820
241.574,-0.186,1.556,0.797
241.684,-0.178,1.548,0.771
241.796,-0.177,1.542,0.746
241.906,-0.178,1.542,0.733
242.018,-0.180,1.543,0.729
242.129,-0.181,1.547,0.731
242.240,-0.182,1.550,0.737
242.351,-0.184,1.551,0.746
242.462,-0.187,1.553,0.757
242.574,-0.191,1.558,0.767
242.684,-0.195,1.559,0.773
242.796,-0.197,1.560,0.777
242.906,-0.203,1.564,0.784
243.018,-0.217,1.574,0.803
243.129,-0.232,1.583,0.821
243.240,-0.242,1.587,0.830
243.351,-0.250,1.586,0.833
243.462,-0.255,1.585,0.832
243.573,-0.259,1.584,0.832
243.684,-0.263,1.584,0.834
243.796,-0.265,1.585,0.839
243.907,-0.265,1.584,0.843
244.018,-0.263,1.583,0.845
244.129,-0.261,1.584,0.847
244.240,-0.258,1.583,0.850
244.351,-0.254,1.582,0.854
244.463,-0.250,1.582,0.857
244.573,-0.243,1.583,0.855
244.684,-0.230,1.582,0.846
244.796,-0.209,1.579,0.827
244.907,-0.176,1.575,0.801
245.017,-0.135,1.568,0.775
245.129,-0.088,1.555,0.752
245.240,-0.040,1.545,0.741
245.351,-0.002,1.536,0.744
245.462,0.031,1.530,0.756
245.573,0.070,1.521,0.763
245.684,0.111,1.514,0.761
245.795,0.147,1.508,0.751
245.907,0.174,1.506,0.736
246.017,0.194,1.509,0.722
246.129,0.208,1.513,0.712
246.240,0.212,1.514,0.709
246.351,0.207,1.520,0.717
246.462,0.186,1.530,0.748
246.573,0.152,1.535,0.777
246.684,0.119,1.538,0.794
246.795,0.097,1.544,0.802
246.906,0.082,1.546,0.802
247.017,0.069,1.549,0.802
247.128,0.059,1.552,0.805
247.239,0.049,1.555,0.809
247.350,0.038,1.564,0.815
247.461,0.028,1.573,0.818
247.573,0.023,1.579,0.817
247.683,0.019,1.581,0.817
247.795,0.015,1.581,0.815
247.906,0.012,1.582,0.814
248.017,0.009,1.581,0.813
248.128,0.008,1.582,0.813
248.239,0.009,1.581,0.813
248.350,0.011,1.580,0.813
248.462,0.017,1.578,0.814
248.573,0.025,1.575,0.815
248.684,0.038,1.572,0.813
248.795,0.055,1.568,0.810
248.906,0.079,1.562,0.806
249.018,0.114,1.551,0.797
249.129,0.158,1.533,0.783
249.240,0.203,1.492,0.765
249.351,0.242,1.423,0.747
249.462,0.277,1.349,0.739
249.573,0.306,1.281,0.744
249.684,0.325,1.221,0.753
249.796,0.331,1.185,0.760
249.906,0.336,1.169,0.764
250.018,0.337,1.163,0.768
250.129,0.335,1.170,0.767
250.240,0.328,1.189,0.763
250.351,0.318,1.213,0.760
250.463,0.305,1.255,0.761
250.573,0.285,1.317,0.766
250.685,0.255,1.393,0.774
250.796,0.205,1.474,0.796
250.906,0.141,1.537,0.819
251.017,0.086,1.563,0.829
251.128,0.046,1.565,0.833
251.239,0.023,1.568,0.837
251.350,0.011,1.571,0.836
251.461,0.005,1.573,0.837
251.573,0.006,1.571,0.836
251.684,0.013,1.571,0.835
251.795,0.022,1.572,0.832
251.906,0.033,1.570,0.825
252.017,0.048,1.567,0.813
252.128,0.065,1.560,0.803
252.240,0.083,1.553,0.799
252.350,0.100,1.540,0.801
252.462,0.113,1.526,0.808
252.573,0.121,1.512,0.820
252.684,0.122,1.496,0.839
252.795,0.114,1.486,0.860
252.906,0.105,1.477,0.884
253.017,0.099,1.462,0.899
253.128,0.098,1.439,0.903
253.239,0.094,1.403,0.911
253.350,0.082,1.340,0.936
253.462,0.064,1.245,0.960
253.572,0.054,1.143,0.978
253.684,0.050,1.049,0.991
253.795,0.048,0.971,1.002
253.905,0.040,0.907,1.011
254.017,0.031,0.865,1.018
254.128,0.030,0.839,1.027
254.239,0.043,0.832,1.031
254.350,0.061,0.852,1.033
254.461,0.072,0.890,1.026
254.572,0.073,0.933,1.026
254.684,0.072,0.983,1.030
254.795,0.067,1.022,1.032
254.906,0.060,1.025,1.033
255.017,0.055,0.989,1.035
255.129,0.055,0.937,1.038
255.239,0.058,0.892,1.039
255.350,0.059,0.868,1.043
255.462,0.060,0.854,1.045
255.573,0.062,0.848,1.046
255.683,0.056,0.839,1.044
255.795,0.035,0.824,1.030
255.905,0.039,0.817,1.027
256.017,0.047,0.804,1.019
256.129,0.054,0.798,1.018
256.239,0.061,0.794,1.020
256.351,0.067,0.789,1.024
256.462,0.072,0.785,1.030
256.572,0.076,0.780,1.036
256.684,0.081,0.776,1.040
256.794,0.085,0.776,1.045
256.905,0.091,0.784,1.050
257.017,0.098,0.806,1.054
257.128,0.103,0.835,1.058
257.239,0.107,0.855,1.061
257.351,0.113,0.880,1.069
257.461,0.124,0.921,1.072
257.572,0.140,0.972,1.067
257.683,0.159,1.025,1.059
257.795,0.180,1.071,1.045
257.906,0.202,1.111,1.028
258.017,0.220,1.139,1.010
258.128,0.235,1.156,0.992
258.240,0.249,1.162,0.972
258.351,0.262,1.162,0.954
258.462,0.276,1.156,0.935
258.573,0.292,1.143,0.917
258.684,0.308,1.127,0.903
258.795,0.322,1.114,0.892
258.907,0.333,1.102,0.883
259.018,0.341,1.095,0.876
259.129,0.346,1.092,0.871
259.240,0.347,1.092,0.868
259.351,0.346,1.097,0.866
259.462,0.344,1.101,0.865
259.574,0.339,1.120,0.865
259.684,0.333,1.180,0.858
259.795,0.319,1.261,0.854
259.907,0.294,1.337,0.845
260.018,0.257,1.405,0.837
260.129,0.208,1.475,0.828
260.240,0.155,1.529,0.813
260.350,0.114,1.562,0.799
260.461,0.080,1.576,0.791
260.573,0.057,1.583,0.788
260.683,0.042,1.587,0.788
260.795,0.034,1.587,0.793
260.906,0.031,1.586,0.800
261.017,0.030,1.585,0.805
261.129,0.032,1.589,0.810
261.239,0.031,1.591,0.817
261.350,0.027,1.591,0.822
261.462,0.026,1.589,0.826
261.573,0.027,1.587,0.826
261.684,0.028,1.586,0.826
261.795,0.029,1.583,0.826
261.906,0.027,1.582,0.827
262.018,0.024,1.583,0.830
262.129,0.017,1.584,0.832
262.240,0.011,1.586,0.832
262.351,0.005,1.587,0.832
262.462,-0.001,1.591,0.830
262.573,-0.004,1.594,0.828
262.684,-0.004,1.597,0.828
262.795,-0.005,1.598,0.831
262.906,-0.002,1.598,0.833
263.018,0.004,1.595,0.836
263.129,0.008,1.592,0.847
263.264,0.010,1.588,0.860
263.369,0.011,1.579,0.877
263.479,0.012,1.571,0.888
263.590,0.018,1.550,0.906
263.701,0.023,1.517,0.926
263.808,0.026,1.494,0.940
263.919,0.034,1.472,0.950
264.030,0.046,1.452,0.952
264.141,0.060,1.429,0.951
264.252,0.068,1.396,0.958
264.364,0.066,1.342,0.986
264.475,0.057,1.258,1.028
264.586,0.046,1.153,1.065
264.697,0.041,1.044,1.090
264.808,0.038,0.945,1.111
264.919,0.031,0.871,1.128
265.031,0.021,0.813,1.137
265.142,0.012,0.781,1.136
265.253,0.006,0.775,1.133
265.364,0.001,0.784,1.135
265.475,-0.002,0.789,1.135
265.586,0.001,0.794,1.133
265.698,0.002,0.800,1.130
265.809,0.004,0.806,1.125
265.919,0.007,0.815,1.121
266.031,0.015,0.827,1.117
266.142,0.029,0.841,1.113
266.253,0.050,0.871,1.112
266.365,0.077,0.909,1.107
266.476,0.104,0.952,1.097
266.587,0.128,0.998,1.084
266.698,0.151,1.041,1.065
266.809,0.170,1.080,1.045
266.920,0.191,1.111,1.025
267.031,0.214,1.134,1.004
267.142,0.235,1.143,0.983
267.254,0.255,1.137,0.967
267.365,0.269,1.114,0.956
267.476,0.281,1.081,0.953
267.587,0.290,1.041,0.953
267.698,0.298,0.998,0.955
267.809,0.306,0.951,0.951
267.920,0.312,0.915,0.950
268.031,0.314,0.889,0.947
268.143,0.315,0.876,0.944
268.253,0.316,0.869,0.944
268.365,0.320,0.868,0.941
268.476,0.323,0.867,0.933
268.587,0.325,0.870,0.925
268.698,0.324,0.868,0.917
268.810,0.325,0.867,0.910
268.920,0.323,0.867,0.905
269.032,0.320,0.868,0.902
269.143,0.316,0.867,0.902
269.254,0.311,0.866,0.905
269.365,0.310,0.868,0.908
269.477,0.303,0.867,0.913
269.587,0.294,0.869,0.923
269.698,0.291,0.870,0.928
269.810,0.291,0.870,0.928
269.920,0.291,0.870,0.926
270.032,0.291,0.871,0.926
270.143,0.291,0.871,0.925
270.254,0.292,0.869,0.924
270.365,0.292,0.871,0.920
270.476,0.291,0.871,0.918
270.587,0.290,0.870,0.915
270.698,0.291,0.869,0.912
270.809,0.291,0.869,0.908
270.920,0.291,0.870,0.905
271.031,0.289,0.871,0.904
271.143,0.285,0.873,0.904
271.254,0.277,0.878,0.905
271.365,0.260,0.896,0.909
271.476,0.230,0.944,0.925
271.587,0.187,1.016,0.963
271.698,0.132,1.104,1.001
271.809,0.069,1.204,1.015
271.920,0.008,1.313,1.016
272.031,-0.032,1.416,1.019
272.142,-0.057,1.495,1.023
272.253,-0.080,1.527,1.022
272.365,-0.096,1.539,1.021
272.476,-0.099,1.549,1.020
272.587,-0.103,1.561,1.020
272.698,-0.107,1.568,1.017
272.809,-0.114,1.569,1.015
272.920,-0.118,1.570,1.013
273.031,-0.113,1.569,1.012
273.142,-0.107,1.569,1.010
273.253,-0.095,1.571,1.007
273.365,-0.071,1.574,1.002
273.476,-0.035,1.575,0.986
273.587,0.002,1.569,0.959
273.699,0.039,1.553,0.928
273.810,0.080,1.530,0.904
273.920,0.131,1.495,0.892
274.032,0.183,1.424,0.890
274.143,0.220,1.321,0.885
274.254,0.241,1.210,0.881
274.365,0.251,1.117,0.878
274.476,0.258,1.050,0.873
274.587,0.263,1.002,0.865
274.698,0.265,0.966,0.861
274.809,0.266,0.941,0.858
274.921,0.266,0.923,0.857
275.032,0.264,0.912,0.860
275.143,0.260,0.908,0.862
275.254,0.258,0.905,0.865
275.365,0.256,0.903,0.867
275.476,0.254,0.904,0.866
275.588,0.250,0.908,0.865
275.699,0.244,0.914,0.865
275.810,0.239,0.913,0.866
275.921,0.235,0.909,0.869
276.032,0.232,0.906,0.872
276.143,0.230,0.904,0.875
276.254,0.229,0.903,0.876
276.365,0.229,0.902,0.876
276.476,0.230,0.900,0.876
276.587,0.232,0.899,0.874
276.699,0.233,0.898,0.875
276.810,0.233,0.896,0.878
276.921,0.233,0.892,0.882
277.032,0.231,0.894,0.885
277.143,0.229,0.893,0.888
277.254,0.226,0.886,0.890
277.365,0.221,0.885,0.892
277.476,0.219,0.889,0.897
277.587,0.219,0.888,0.902
277.699,0.222,0.883,0.902
277.809,0.223,0.882,0.898
277.921,0.225,0.881,0.893
278.032,0.228,0.877,0.890
278.143,0.230,0.874,0.891
278.254,0.233,0.871,0.892
278.365,0.233,0.869,0.889
278.476,0.233,0.867,0.886
278.587,0.233,0.865,0.883
278.698,0.234,0.863,0.879
278.810,0.236,0.862,0.875
278.920,0.237,0.861,0.871
279.032,0.238,0.862,0.865
279.143,0.240,0.891,0.874
279.254,0.231,0.967,0.912
279.365,0.188,1.057,0.960
279.476,0.116,1.150,0.991
279.587,0.054,1.246,1.003
279.698,0.018,1.337,1.007
279.809,-0.004,1.410,1.012
279.920,-0.024,1.454,1.018
280.031,-0.038,1.470,1.024
280.142,-0.042,1.478,1.031
280.253,-0.045,1.485,1.037
280.364,-0.049,1.496,1.036
280.475,-0.051,1.501,1.030
280.587,-0.056,1.504,1.029
280.698,-0.060,1.506,1.026
280.809,-0.063,1.509,1.025
280.921,-0.066,1.511,1.025
281.032,-0.064,1.514,1.020
281.142,-0.060,1.517,1.016
281.254,-0.046,1.522,1.010
281.365,-0.027,1.525,1.001
281.475,-0.005,1.527,0.989
281.586,0.017,1.528,0.973
281.698,0.036,1.531,0.959
281.809,0.054,1.531,0.948
281.920,0.083,1.524,0.930
282.031,0.124,1.505,0.909
282.143,0.167,1.470,0.906
282.254,0.203,1.406,0.926
282.366,0.220,1.312,0.950
282.476,0.232,1.213,0.973
282.587,0.240,1.131,0.990
282.698,0.242,1.068,1.001
282.809,0.237,1.022,1.012
282.920,0.232,0.992,1.024
283.032,0.232,0.971,1.031
283.143,0.234,0.959,1.033
283.254,0.236,0.954,1.036
283.365,0.235,0.952,1.039
283.476,0.234,0.949,1.039
283.587,0.231,0.947,1.037
283.698,0.230,0.946,1.031
283.810,0.227,0.945,1.026
283.921,0.222,0.945,1.022
284.032,0.219,0.943,1.022
284.143,0.219,0.938,1.021
284.254,0.219,0.935,1.020
284.365,0.219,0.935,1.020
284.476,0.218,0.934,1.022
284.587,0.216,0.934,1.021
284.698,0.213,0.933,1.019
284.809,0.211,0.932,1.017
284.920,0.208,0.931,1.015
285.032,0.205,0.931,1.014
285.143,0.205,0.929,1.015
285.254,0.205,0.930,1.015
285.365,0.207,0.927,1.014
285.476,0.207,0.926,1.015
285.587,0.208,0.926,1.019
285.698,0.209,0.925,1.024
285.810,0.209,0.925,1.024
285.920,0.209,0.924,1.019
286.032,0.208,0.922,1.015
286.143,0.207,0.922,1.012
286.254,0.206,0.921,1.010
286.365,0.207,0.921,1.010
286.476,0.208,0.920,1.009
286.587,0.208,0.919,1.007
286.698,0.208,0.918,1.003
286.810,0.208,0.917,0.999
286.921,0.209,0.915,0.995
287.032,0.211,0.914,0.994
287.143,0.212,0.914,0.992
287.254,0.214,0.914,0.992
287.365,0.214,0.916,0.990
287.476,0.215,0.916,0.989
287.587,0.217,0.915,0.987
287.698,0.222,0.935,0.986
287.810,0.216,1.003,1.002
287.921,0.176,1.086,1.037
288.031,0.115,1.173,1.065
288.142,0.072,1.257,1.070
288.254,0.054,1.343,1.057
288.364,0.041,1.418,1.040
288.476,0.031,1.465,1.024
288.586,0.025,1.492,1.024
288.698,0.019,1.502,1.022
288.809,0.012,1.504,1.018
288.919,0.007,1.510,1.017
289.031,0.008,1.515,1.015
289.143,0.025,1.516,1.008
289.253,0.055,1.512,0.989
289.365,0.079,1.510,0.965
289.476,0.095,1.513,0.949
289.587,0.108,1.513,0.938
289.698,0.133,1.508,0.930
289.809,0.174,1.477,0.925
289.921,0.215,1.391,0.931
290.032,0.240,1.265,0.960
290.143,0.258,1.139,0.994
290.254,0.261,1.030,1.021
290.365,0.256,0.951,1.037
290.476,0.245,0.906,1.039
290.587,0.234,0.884,1.034
290.699,0.228,0.873,1.033
290.810,0.228,0.869,1.036
290.921,0.229,0.867,1.038
291.032,0.229,0.865,1.040
291.143,0.225,0.860,1.040
291.254,0.222,0.861,1.034
291.365,0.218,0.863,1.027
291.476,0.217,0.859,1.024
291.587,0.217,0.855,1.022
291.698,0.217,0.853,1.021
291.810,0.215,0.853,1.020
291.921,0.216,0.853,1.022
292.032,0.218,0.852,1.023
292.143,0.221,0.852,1.024
292.254,0.224,0.851,1.021
292.365,0.225,0.847,1.019
292.476,0.226,0.843,1.017
292.587,0.227,0.841,1.016
292.699,0.231,0.838,1.014
292.810,0.237,0.835,1.013
292.921,0.244,0.830,1.011
293.032,0.248,0.828,1.010
293.143,0.251,0.826,1.009
293.254,0.254,0.823,1.007
293.365,0.257,0.822,1.006
293.476,0.258,0.821,1.005
293.588,0.258,0.821,1.004
293.699,0.255,0.821,1.004
293.810,0.252,0.823,1.005
293.921,0.250,0.824,1.005
294.032,0.250,0.825,1.003
294.143,0.251,0.825,0.999
294.254,0.252,0.826,0.995
294.365,0.253,0.826,0.993
294.477,0.254,0.826,0.988
294.587,0.256,0.826,0.980
294.699,0.257,0.825,0.969
294.810,0.257,0.824,0.953
294.921,0.257,0.822,0.935
295.032,0.258,0.823,0.925
295.143,0.261,0.824,0.935
295.254,0.251,0.828,0.947
295.365,0.244,0.834,0.940
295.476,0.234,0.842,0.938
295.588,0.221,0.841,0.932
295.699,0.213,0.826,0.913
295.810,0.206,0.789,0.893
295.921,0.211,0.764,0.888
296.031,0.214,0.753,0.886
296.143,0.215,0.745,0.887
296.254,0.212,0.737,0.888
296.365,0.209,0.733,0.897
296.476,0.210,0.728,0.908
296.587,0.218,0.714,0.901
296.699,0.223,0.689,0.881
296.809,0.224,0.661,0.863
296.920,0.226,0.647,0.852
297.032,0.227,0.648,0.841
297.143,0.230,0.652,0.834
297.254,0.231,0.655,0.832
297.365,0.230,0.660,0.838
297.476,0.229,0.669,0.851
297.587,0.226,0.677,0.862
297.698,0.229,0.692,0.880
297.809,0.231,0.715,0.900
297.920,0.234,0.736,0.911
298.032,0.236,0.749,0.917
298.142,0.235,0.756,0.924
298.253,0.234,0.767,0.930
298.365,0.234,0.785,0.935
298.476,0.239,0.817,0.938
298.587,0.241,0.831,0.936
298.698,0.242,0.817,0.936
298.810,0.242,0.810,0.940
298.920,0.240,0.812,0.943
299.032,0.238,0.819,0.948
299.143,0.233,0.826,0.951
299.254,0.228,0.830,0.954
299.365,0.221,0.831,0.952
299.476,0.217,0.835,0.949
299.587,0.218,0.839,0.948
299.698,0.223,0.840,0.947
299.809,0.229,0.835,0.946
299.921,0.232,0.828,0.946
300.032,0.234,0.828,0.945
300.143,0.234,0.833,0.945
300.254,0.232,0.835,0.946
300.365,0.230,0.835,0.946
300.476,0.226,0.835,0.947
300.587,0.223,0.835,0.945
300.698,0.221,0.835,0.942
300.809,0.220,0.832,0.942
300.920,0.219,0.831,0.946
301.032,0.223,0.831,0.944
301.143,0.227,0.831,0.943
301.254,0.230,0.832,0.946
301.365,0.233,0.828,0.951
301.476,0.234,0.822,0.960
301.587,0.231,0.821,0.967
301.698,0.233,0.822,0.976
301.810,0.234,0.824,0.984
301.921,0.234,0.828,0.988
302.032,0.235,0.829,0.991
302.143,0.233,0.828,0.994
302.254,0.230,0.831,0.998
302.365,0.226,0.834,1.001
302.476,0.223,0.833,1.002
302.588,0.220,0.832,1.000
302.699,0.220,0.832,0.999
302.809,0.222,0.832,0.995
302.921,0.223,0.831,0.990
303.032,0.223,0.829,0.986
303.143,0.223,0.828,0.983
303.254,0.223,0.828,0.982
303.365,0.223,0.827,0.982
303.476,0.222,0.826,0.981
303.587,0.221,0.825,0.979
303.699,0.221,0.824,0.977
303.809,0.221,0.823,0.975
303.920,0.222,0.822,0.973
304.032,0.223,0.822,0.972
304.143,0.224,0.821,0.971
304.254,0.224,0.823,0.970
304.365,0.224,0.825,0.969
304.477,0.224,0.825,0.969
304.588,0.225,0.827,0.968
304.699,0.229,0.828,0.963
304.809,0.235,0.830,0.955
304.921,0.244,0.832,0.945
305.032,0.254,0.831,0.937
305.143,0.263,0.829,0.930
305.254,0.269,0.825,0.925
305.365,0.272,0.824,0.923
305.476,0.269,0.823,0.923
305.587,0.261,0.822,0.924
305.699,0.250,0.819,0.927
305.810,0.239,0.814,0.935
305.921,0.235,0.809,0.946
306.032,0.234,0.806,0.954
306.143,0.235,0.803,0.959
306.254,0.235,0.797,0.961
306.365,0.236,0.793,0.962
306.477,0.238,0.793,0.962
306.588,0.239,0.793,0.959
306.699,0.238,0.793,0.957
306.810,0.236,0.791,0.955
306.921,0.235,0.790,0.954
307.032,0.234,0.788,0.952
307.143,0.233,0.790,0.952
307.254,0.243,0.799,0.953
307.365,0.257,0.819,0.953
307.477,0.266,0.854,0.948
307.588,0.265,0.905,0.944
307.699,0.260,0.981,0.944
307.810,0.253,1.086,0.955
307.921,0.246,1.203,0.972
308.033,0.231,1.322,0.981
308.143,0.187,1.427,0.970
308.255,0.127,1.501,0.938
308.365,0.070,1.558,0.884
308.477,0.025,1.592,0.830
308.588,-0.009,1.616,0.793
308.699,-0.037,1.624,0.773
308.810,-0.055,1.628,0.764
308.921,-0.062,1.627,0.756
309.032,-0.063,1.623,0.746
309.143,-0.061,1.623,0.735
309.254,-0.058,1.623,0.724
309.365,-0.056,1.617,0.710
309.477,-0.057,1.613,0.695
309.588,-0.059,1.612,0.683
309.699,-0.058,1.609,0.678
309.810,-0.053,1.594,0.685
309.921,-0.046,1.562,0.699
310.032,-0.037,1.536,0.712
310.143,-0.029,1.516,0.715
310.254,-0.016,1.506,0.712
310.365,0.001,1.507,0.706
310.476,0.022,1.510,0.708
310.588,0.050,1.513,0.718
310.699,0.086,1.520,0.736
310.810,0.127,1.534,0.764
310.921,0.168,1.555,0.801
311.032,0.209,1.571,0.828
311.143,0.252,1.577,0.833
311.255,0.298,1.582,0.824
311.365,0.344,1.583,0.808
311.476,0.395,1.584,0.781
311.588,0.446,1.584,0.743
311.699,0.499,1.592,0.698
311.810,0.548,1.597,0.659
311.921,0.590,1.602,0.637
312.032,0.626,1.604,0.628
312.144,0.657,1.606,0.633
312.255,0.688,1.611,0.651
312.366,0.719,1.617,0.680
312.477,0.747,1.621,0.714
312.588,0.776,1.629,0.751
312.699,0.805,1.636,0.782
312.811,0.835,1.639,0.803
312.921,0.863,1.641,0.811
313.033,0.886,1.645,0.806
313.147,0.903,1.650,0.791
313.258,0.916,1.650,0.768
313.369,0.933,1.640,0.733
313.480,0.959,1.630,0.694
313.591,0.991,1.608,0.668
313.702,1.023,1.584,0.661
313.813,1.046,1.575,0.662
313.925,1.062,1.574,0.670
314.035,1.072,1.573,0.684
314.146,1.079,1.580,0.701
314.258,1.083,1.593,0.713
314.369,1.087,1.597,0.722
314.480,1.088,1.601,0.727
314.591,1.087,1.602,0.729
314.702,1.087,1.601,0.727
314.813,1.085,1.596,0.726
314.924,1.083,1.593,0.722
315.035,1.081,1.590,0.717
315.147,1.077,1.589,0.707
315.257,1.073,1.593,0.699
315.369,1.068,1.597,0.691
315.480,1.061,1.601,0.679
315.591,1.051,1.607,0.667
315.702,1.037,1.620,0.657
315.813,1.023,1.634,0.651
315.924,1.013,1.645,0.647
316.035,1.013,1.649,0.652
316.147,1.023,1.646,0.664
316.258,1.040,1.642,0.683
316.369,1.058,1.626,0.711
316.480,1.073,1.612,0.738
316.591,1.083,1.606,0.756
316.703,1.092,1.605,0.769
316.813,1.100,1.604,0.780
316.925,1.109,1.602,0.790
317.036,1.122,1.601,0.793
317.146,1.137,1.602,0.786
317.258,1.154,1.602,0.771
317.369,1.175,1.602,0.748
317.480,1.200,1.602,0.718
317.591,1.233,1.601,0.682
317.702,1.271,1.602,0.642
317.813,1.308,1.602,0.609
317.925,1.342,1.605,0.584
318.036,1.371,1.604,0.564
318.146,1.397,1.597,0.551
318.258,1.417,1.591,0.546
318.369,1.430,1.595,0.549
318.480,1.441,1.604,0.561
318.591,1.450,1.608,0.577
318.702,1.462,1.610,0.599
318.813,1.478,1.607,0.624
318.925,1.498,1.602,0.648
319.035,1.521,1.601,0.671
319.147,1.546,1.603,0.690
319.258,1.568,1.605,0.701
319.369,1.585,1.612,0.707
319.480,1.601,1.613,0.707
319.591,1.613,1.613,0.699
319.702,1.624,1.620,0.685
319.813,1.631,1.624,0.669
319.925,1.636,1.627,0.653
320.036,1.638,1.627,0.636
320.147,1.642,1.628,0.621
320.258,1.643,1.627,0.611
320.369,1.643,1.629,0.605
320.481,1.644,1.629,0.603
320.592,1.645,1.628,0.602
320.702,1.646,1.628,0.601
320.813,1.647,1.627,0.601
320.925,1.648,1.626,0.600
321.035,1.648,1.625,0.598
321.147,1.647,1.626,0.599
321.258,1.647,1.625,0.599
321.369,1.646,1.623,0.596
321.480,1.643,1.621,0.590
321.592,1.636,1.616,0.580
321.702,1.623,1.612,0.569
321.813,1.603,1.610,0.557
321.924,1.577,1.611,0.545
322.035,1.547,1.612,0.536
322.146,1.511,1.614,0.528
322.257,1.475,1.617,0.521
322.368,1.440,1.620,0.512
322.479,1.406,1.623,0.503
322.590,1.377,1.624,0.496
322.701,1.353,1.622,0.488
322.812,1.338,1.621,0.479
322.923,1.334,1.622,0.470
323.034,1.342,1.623,0.458
323.144,1.364,1.623,0.446
323.268,1.384,1.625,0.436
323.370,1.412,1.629,0.422
323.479,1.424,1.627,0.415
323.591,1.431,1.625,0.412
323.702,1.434,1.622,0.416
323.809,1.434,1.623,0.427
323.920,1.432,1.624,0.447
324.031,1.428,1.626,0.474
324.142,1.421,1.631,0.503
324.253,1.413,1.635,0.505
324.364,1.418,1.641,0.476
324.477,1.442,1.642,0.450
324.589,1.463,1.637,0.437
324.700,1.475,1.628,0.429
324.811,1.480,1.617,0.423
324.923,1.481,1.590,0.416
325.034,1.485,1.556,0.410
325.145,1.487,1.535,0.405
325.256,1.488,1.525,0.401
325.367,1.489,1.519,0.396
325.478,1.489,1.508,0.389
325.589,1.494,1.493,0.376
325.700,1.502,1.477,0.362
325.812,1.514,1.468,0.346
325.922,1.527,1.461,0.336
326.034,1.537,1.458,0.327
326.145,1.540,1.455,0.317
326.256,1.533,1.450,0.305
326.367,1.517,1.441,0.295
326.478,1.485,1.425,0.289
326.589,1.458,1.415,0.283
326.700,1.440,1.413,0.277
326.812,1.428,1.413,0.272
326.923,1.422,1.409,0.264
327.034,1.417,1.396,0.253
327.144,1.417,1.378,0.239
327.256,1.421,1.358,0.223
327.367,1.428,1.336,0.209
327.478,1.437,1.311,0.188
327.589,1.447,1.275,0.169
327.701,1.459,1.239,0.159
327.811,1.469,1.208,0.153
327.923,1.476,1.191,0.153
328.034,1.479,1.198,0.156
328.145,1.481,1.212,0.160
328.256,1.481,1.221,0.165
328.367,1.476,1.225,0.171
328.478,1.472,1.226,0.177
328.589,1.471,1.226,0.182
328.701,1.472,1.228,0.186
328.812,1.475,1.228,0.189
328.923,1.479,1.228,0.191
329.034,1.484,1.227,0.192
329.145,1.488,1.226,0.194
329.257,1.488,1.225,0.199
329.368,1.488,1.224,0.201
329.478,1.489,1.221,0.203
329.590,1.489,1.218,0.203
329.701,1.489,1.215,0.203
329.812,1.488,1.213,0.201
329.923,1.486,1.205,0.192
330.035,1.485,1.186,0.186
330.145,1.486,1.170,0.182
330.256,1.486,1.163,0.181
330.368,1.484,1.167,0.176
330.478,1.482,1.165,0.169
330.590,1.477,1.153,0.166
330.700,1.472,1.130,0.163
330.812,1.469,1.103,0.159
330.923,1.469,1.078,0.154
331.034,1.472,1.056,0.147
331.145,1.478,1.035,0.141
331.256,1.483,1.022,0.135
331.367,1.490,1.014,0.129
331.479,1.492,1.005,0.123
331.589,1.492,0.996,0.120
331.700,1.491,0.994,0.118
331.812,1.490,1.003,0.115
331.923,1.488,1.015,0.110
332.034,1.486,1.025,0.108
332.145,1.480,1.029,0.109
332.256,1.475,1.030,0.110
332.367,1.475,1.030,0.111
332.479,1.482,1.031,0.110
332.589,1.493,1.032,0.106
332.703,1.501,1.028,0.105
332.812,1.509,1.023,0.104
332.923,1.518,1.019,0.103
333.034,1.529,1.017,0.103
333.145,1.538,1.017,0.102
333.256,1.543,1.017,0.102
333.367,1.543,1.017,0.103
333.479,1.541,1.015,0.105
333.590,1.538,1.013,0.106
333.701,1.533,1.013,0.107
333.812,1.529,1.013,0.104
333.923,1.527,1.014,0.100
334.034,1.526,1.017,0.099
334.145,1.521,1.021,0.101
334.256,1.518,1.021,0.104
334.367,1.517,1.018,0.107
334.478,1.519,1.014,0.109
334.589,1.523,1.009,0.111
334.700,1.527,1.004,0.113
334.812,1.530,1.000,0.115
334.923,1.531,0.994,0.117
335.034,1.531,0.993,0.119
335.145,1.532,1.002,0.117
335.257,1.532,1.012,0.115
335.368,1.528,1.022,0.114
335.479,1.526,1.030,0.114
335.590,1.523,1.033,0.115
335.701,1.519,1.031,0.118
335.812,1.516,1.031,0.120
335.923,1.513,1.040,0.122
336.034,1.520,1.064,0.122
336.145,1.521,1.101,0.125
336.257,1.517,1.150,0.134
336.368,1.510,1.224,0.145
336.479,1.502,1.325,0.166
336.590,1.496,1.432,0.206
336.701,1.486,1.515,0.258
336.812,1.467,1.559,0.307
336.923,1.451,1.576,0.351
337.033,1.441,1.582,0.393
337.143,1.444,1.577,0.427
337.254,1.455,1.571,0.445
337.365,1.467,1.571,0.460
337.476,1.479,1.570,0.477
337.588,1.487,1.577,0.487
337.698,1.487,1.589,0.497
337.810,1.480,1.597,0.510
337.921,1.467,1.605,0.528
338.032,1.443,1.612,0.553
338.143,1.413,1.616,0.584
338.254,1.384,1.623,0.613
338.365,1.356,1.631,0.630
338.476,1.332,1.633,0.631
338.587,1.313,1.635,0.619
338.698,1.304,1.631,0.597
338.809,1.295,1.628,0.575
338.921,1.283,1.623,0.567
339.031,1.269,1.610,0.567
339.142,1.252,1.594,0.574
339.253,1.233,1.588,0.588
339.365,1.213,1.585,0.609
339.476,1.188,1.583,0.633
339.587,1.162,1.582,0.655
339.697,1.136,1.583,0.670
339.809,1.109,1.587,0.675
339.920,1.084,1.591,0.674
340.031,1.053,1.589,0.668
340.142,1.017,1.579,0.658
340.253,0.974,1.556,0.644
340.364,0.923,1.524,0.623
340.476,0.870,1.503,0.602
340.587,0.823,1.493,0.586
340.698,0.787,1.481,0.575
340.809,0.758,1.474,0.572
340.920,0.733,1.468,0.580
341.031,0.708,1.464,0.599
341.142,0.682,1.460,0.629
341.253,0.649,1.463,0.669
341.364,0.618,1.467,0.706
341.476,0.592,1.472,0.726
341.586,0.568,1.479,0.731
341.697,0.542,1.484,0.724
341.809,0.517,1.486,0.704
341.920,0.490,1.489,0.672
342.031,0.460,1.488,0.629
342.142,0.428,1.491,0.585
342.253,0.398,1.496,0.555
342.364,0.375,1.501,0.541
342.476,0.353,1.509,0.534
342.586,0.332,1.516,0.531
342.698,0.310,1.523,0.537
342.809,0.285,1.532,0.556
342.920,0.253,1.540,0.587
343.031,0.212,1.548,0.631
343.143,0.162,1.563,0.679
343.253,0.115,1.566,0.722
343.365,0.076,1.568,0.754
343.476,0.043,1.571,0.772
343.587,0.014,1.574,0.781
343.698,-0.015,1.576,0.778
343.809,-0.044,1.577,0.765
343.920,-0.067,1.580,0.743
344.031,-0.085,1.591,0.714
344.143,-0.108,1.598,0.686
344.254,-0.135,1.597,0.666
344.365,-0.163,1.598,0.652
344.476,-0.193,1.602,0.648
344.587,-0.227,1.606,0.654
344.699,-0.265,1.609,0.667
344.810,-0.304,1.617,0.681
344.921,-0.337,1.617,0.689
345.032,-0.360,1.617,0.693
345.143,-0.372,1.618,0.695
345.255,-0.376,1.620,0.696
345.365,-0.373,1.624,0.694
345.476,-0.367,1.628,0.691
345.588,-0.358,1.633,0.687
345.699,-0.352,1.636,0.682
345.810,-0.347,1.633,0.683
345.921,-0.344,1.630,0.682
346.032,-0.331,1.626,0.671
346.143,-0.322,1.621,0.669
346.254,-0.315,1.621,0.666
346.366,-0.308,1.621,0.672
346.477,-0.303,1.623,0.680
346.587,-0.306,1.625,0.694
346.698,-0.303,1.625,0.701
346.810,-0.309,1.629,0.707
346.921,-0.315,1.631,0.711
347.032,-0.321,1.633,0.717
347.143,-0.326,1.635,0.724
347.254,-0.327,1.637,0.727
347.365,-0.326,1.637,0.725
347.476,-0.325,1.637,0.720
347.587,-0.328,1.638,0.714
347.699,-0.331,1.637,0.705
347.810,-0.334,1.637,0.693
347.921,-0.336,1.637,0.677
348.032,-0.341,1.635,0.661
348.143,-0.345,1.634,0.643
348.254,-0.322,1.640,0.599
348.365,-0.271,1.643,0.587
348.477,-0.249,1.635,0.605
348.588,-0.245,1.625,0.620
348.699,-0.240,1.622,0.637
348.810,-0.228,1.614,0.655
348.921,-0.212,1.585,0.670
349.032,-0.186,1.559,0.684
349.143,-0.158,1.553,0.699
349.254,-0.138,1.554,0.710
349.365,-0.133,1.563,0.717
349.477,-0.142,1.566,0.722
349.587,-0.161,1.574,0.720
349.698,-0.180,1.581,0.708
349.810,-0.192,1.583,0.682
349.921,-0.194,1.569,0.653
350.032,-0.195,1.533,0.634
350.143,-0.202,1.497,0.632
350.254,-0.201,1.490,0.643
350.365,-0.201,1.497,0.667
350.476,-0.198,1.513,0.694
350.587,-0.204,1.535,0.727
350.699,-0.217,1.561,0.760
350.810,-0.232,1.583,0.790
350.921,-0.243,1.611,0.810
351.032,-0.255,1.636,0.818
351.143,-0.262,1.646,0.819
351.255,-0.262,1.648,0.815
351.366,-0.262,1.648,0.806
351.477,-0.260,1.647,0.793
351.588,-0.255,1.642,0.774
351.699,-0.251,1.638,0.752
351.810,-0.247,1.633,0.734
351.921,-0.245,1.622,0.720
352.032,-0.245,1.613,0.710
352.143,-0.244,1.611,0.702
352.254,-0.242,1.605,0.695
352.366,-0.240,1.603,0.690
352.477,-0.240,1.602,0.688
352.588,-0.240,1.600,0.686
352.699,-0.237,1.597,0.685
352.810,-0.233,1.589,0.685
352.921,-0.228,1.580,0.682
353.033,-0.223,1.573,0.680
353.143,-0.220,1.570,0.681
353.254,-0.218,1.568,0.685
353.366,-0.217,1.567,0.691
353.477,-0.217,1.566,0.697
353.588,-0.217,1.566,0.702
353.699,-0.218,1.564,0.705
353.810,-0.219,1.565,0.708
353.921,-0.218,1.568,0.709
354.032,-0.215,1.567,0.709
354.143,-0.212,1.567,0.709
354.254,-0.207,1.567,0.710
354.365,-0.203,1.568,0.710
354.476,-0.198,1.567,0.710
354.588,-0.196,1.568,0.709
354.699,-0.194,1.568,0.709
354.810,-0.192,1.568,0.708
354.921,-0.191,1.567,0.708
355.032,-0.190,1.566,0.709
355.143,-0.190,1.565,0.710
355.254,-0.191,1.564,0.711
355.365,-0.191,1.563,0.711
355.477,-0.193,1.563,0.712
355.587,-0.195,1.563,0.711
355.699,-0.197,1.563,0.710
355.810,-0.199,1.563,0.710
355.921,-0.201,1.563,0.709
356.032,-0.202,1.564,0.709
356.143,-0.202,1.564,0.709
356.254,-0.202,1.564,0.709
356.365,-0.201,1.564,0.709
356.476,-0.201,1.563,0.709
356.587,-0.201,1.563,0.709
356.699,-0.200,1.563,0.709
356.810,-0.200,1.563,0.709
356.921,-0.200,1.563,0.710
357.032,-0.199,1.564,0.710
357.143,-0.199,1.563,0.710
357.255,-0.198,1.562,0.710
357.366,-0.198,1.561,0.710
357.477,-0.198,1.560,0.710
357.588,-0.199,1.560,0.710
357.699,-0.201,1.560,0.710
357.810,-0.202,1.560,0.710
357.921,-0.204,1.562,0.711
358.032,-0.206,1.563,0.711
358.143,-0.208,1.565,0.711
358.254,-0.211,1.566,0.712
358.365,-0.212,1.566,0.712
358.477,-0.214,1.567,0.712
358.588,-0.214,1.567,0.712
358.699,-0.214,1.567,0.713
358.810,-0.213,1.566,0.713
358.921,-0.213,1.566,0.713
359.032,-0.212,1.566,0.714
359.143,-0.212,1.566,0.713
359.254,-0.212,1.566,0.713
359.365,-0.212,1.566,0.712
359.476,-0.212,1.567,0.711
359.588,-0.212,1.567,0.710
359.699,-0.212,1.566,0.710
359.810,-0.212,1.567,0.710
359.921,-0.212,1.567,0.710
360.032,-0.212,1.567,0.710
360.143,-0.212,1.567,0.710
360.254,-0.211,1.575,0.710
360.365,-0.212,1.586,0.708
360.476,-0.216,1.598,0.706
360.588,-0.223,1.609,0.705
360.699,-0.230,1.621,0.705
360.810,-0.239,1.632,0.707
360.921,-0.247,1.642,0.712
361.032,-0.255,1.647,0.719
361.143,-0.264,1.647,0.733
361.254,-0.276,1.641,0.752
361.365,-0.285,1.638,0.766
361.476,-0.288,1.635,0.774
361.588,-0.289,1.631,0.779
361.699,-0.285,1.629,0.777
361.810,-0.282,1.628,0.775
361.921,-0.280,1.626,0.773
362.032,-0.275,1.623,0.768
362.143,-0.273,1.624,0.765
362.255,-0.272,1.627,0.760
362.366,-0.271,1.628,0.754
362.477,-0.269,1.626,0.751
362.588,-0.266,1.625,0.750
362.699,-0.262,1.624,0.746
362.810,-0.257,1.626,0.740
362.921,-0.253,1.626,0.733
363.032,-0.248,1.624,0.727
363.143,-0.243,1.616,0.727
363.254,-0.238,1.603,0.733
363.366,-0.235,1.595,0.739
363.477,-0.232,1.591,0.741
363.588,-0.230,1.589,0.739
363.699,-0.228,1.587,0.731
363.810,-0.227,1.587,0.724
363.921,-0.225,1.586,0.718
364.032,-0.223,1.585,0.713
364.143,-0.221,1.585,0.711
364.254,-0.217,1.584,0.709
364.365,-0.214,1.584,0.709
364.476,-0.211,1.584,0.710
364.587,-0.208,1.584,0.714
364.699,-0.206,1.584,0.720
364.809,-0.205,1.584,0.726
364.921,-0.205,1.584,0.729
365.032,-0.204,1.584,0.728
365.143,-0.203,1.583,0.726
365.254,-0.203,1.583,0.725
365.365,-0.204,1.583,0.723
365.476,-0.206,1.583,0.721
365.587,-0.209,1.584,0.721
365.698,-0.212,1.585,0.720
365.810,-0.216,1.586,0.719
365.921,-0.219,1.587,0.718
366.032,-0.222,1.589,0.718
366.143,-0.224,1.590,0.717
366.254,-0.227,1.594,0.717
366.365,-0.230,1.596,0.718
366.476,-0.232,1.599,0.720
366.587,-0.235,1.604,0.724
366.699,-0.238,1.609,0.731
366.810,-0.241,1.614,0.742
366.921,-0.244,1.618,0.754
367.032,-0.246,1.623,0.768
367.143,-0.248,1.625,0.783
367.255,-0.250,1.627,0.799
367.365,-0.253,1.629,0.817
367.477,-0.255,1.632,0.836
367.588,-0.259,1.635,0.856
367.699,-0.263,1.637,0.874
367.810,-0.269,1.640,0.889
367.921,-0.275,1.646,0.900
368.032,-0.283,1.651,0.905
368.144,-0.288,1.658,0.903
368.255,-0.290,1.665,0.889
368.366,-0.291,1.670,0.866
368.477,-0.289,1.677,0.836
368.588,-0.285,1.684,0.800
368.699,-0.278,1.688,0.764
368.810,-0.272,1.692,0.732
368.921,-0.267,1.692,0.705
369.032,-0.265,1.692,0.683
369.143,-0.263,1.692,0.665
369.255,-0.264,1.692,0.652
369.365,-0.270,1.693,0.639
369.476,-0.275,1.697,0.628
369.587,-0.275,1.699,0.623
369.698,-0.272,1.702,0.620
369.809,-0.271,1.703,0.613
369.920,-0.274,1.699,0.606
370.032,-0.281,1.694,0.602
370.143,-0.291,1.691,0.603
370.255,-0.304,1.691,0.611
370.366,-0.321,1.693,0.631
370.477,-0.337,1.699,0.660
370.588,-0.351,1.705,0.696
370.699,-0.360,1.707,0.729
370.810,-0.365,1.707,0.759
370.920,-0.377,1.705,0.789
371.031,-0.395,1.701,0.803
371.142,-0.400,1.698,0.799
371.253,-0.402,1.691,0.785
371.364,-0.406,1.680,0.769
371.475,-0.414,1.659,0.755
371.587,-0.416,1.638,0.747
371.698,-0.414,1.620,0.746
371.809,-0.411,1.611,0.747
371.920,-0.408,1.608,0.753
372.031,-0.401,1.611,0.762
372.142,-0.409,1.618,0.756
372.254,-0.426,1.621,0.741
372.365,-0.443,1.616,0.722
372.476,-0.452,1.613,0.712
372.586,-0.452,1.614,0.720
372.698,-0.432,1.624,0.764
372.809,-0.377,1.625,0.817
372.920,-0.307,1.612,0.842
373.031,-0.248,1.597,0.843
373.142,-0.210,1.581,0.836
373.255,-0.187,1.574,0.836
373.365,-0.169,1.572,0.844
373.476,-0.151,1.569,0.845
373.588,-0.128,1.567,0.832
373.699,-0.103,1.570,0.809
373.810,-0.077,1.568,0.779
373.921,-0.056,1.559,0.752
374.032,-0.046,1.551,0.730
374.143,-0.041,1.549,0.719
374.254,-0.038,1.548,0.722
374.365,-0.033,1.549,0.733
374.476,-0.026,1.548,0.748
374.588,-0.020,1.548,0.760
374.699,-0.014,1.548,0.769
374.810,-0.010,1.546,0.775
374.921,-0.007,1.546,0.781
375.032,-0.007,1.548,0.787
375.143,-0.006,1.551,0.795
375.254,-0.005,1.555,0.808
375.365,-0.002,1.558,0.826
375.476,0.002,1.559,0.844
375.587,0.008,1.559,0.861
375.699,0.014,1.559,0.878
375.809,0.020,1.557,0.892
375.921,0.025,1.556,0.903
376.032,0.030,1.555,0.912
376.143,0.036,1.555,0.920
376.255,0.042,1.554,0.928
376.366,0.051,1.553,0.935
376.476,0.059,1.552,0.942
376.587,0.069,1.551,0.949
376.699,0.077,1.548,0.954
376.810,0.083,1.544,0.958
376.921,0.086,1.542,0.960
377.032,0.085,1.541,0.962
377.143,0.083,1.543,0.963
377.254,0.079,1.545,0.960
377.365,0.075,1.547,0.953
377.476,0.071,1.549,0.943
377.587,0.066,1.551,0.931
377.699,0.060,1.554,0.916
377.810,0.049,1.561,0.895
377.921,0.035,1.570,0.868
378.032,0.022,1.578,0.837
378.143,0.011,1.582,0.808
378.254,0.005,1.584,0.785
378.365,0.001,1.584,0.771
378.477,-0.002,1.584,0.761
378.588,-0.004,1.584,0.752
378.699,-0.005,1.583,0.745
378.810,-0.006,1.583,0.742
378.921,-0.005,1.584,0.741
379.032,-0.006,1.584,0.743
379.143,-0.005,1.585,0.744
379.254,-0.004,1.587,0.742
379.365,-0.002,1.594,0.735
379.477,-0.003,1.600,0.728
379.588,-0.005,1.602,0.726
379.699,-0.005,1.603,0.727
379.810,-0.004,1.604,0.733
379.921,-0.001,1.612,0.759
380.032,-0.005,1.621,0.792
380.143,-0.014,1.627,0.817
380.254,-0.020,1.634,0.828
380.365,-0.030,1.643,0.836
380.476,-0.050,1.643,0.849
380.588,-0.077,1.629,0.863
380.697,-0.101,1.613,0.872
380.809,-0.116,1.607,0.878
380.920,-0.124,1.603,0.890
381.030,-0.132,1.591,0.912
381.142,-0.139,1.572,0.937
381.252,-0.143,1.557,0.961
381.364,-0.144,1.557,0.976
381.475,-0.138,1.554,0.980
381.586,-0.125,1.555,0.982
381.697,-0.106,1.548,0.987
381.809,-0.090,1.541,0.999
381.919,-0.087,1.532,1.020
382.030,-0.098,1.532,1.060
382.142,-0.122,1.534,1.108
382.253,-0.156,1.542,1.160
382.365,-0.194,1.558,1.208
382.475,-0.221,1.574,1.248
382.586,-0.240,1.587,1.289
382.697,-0.249,1.597,1.338
382.809,-0.245,1.602,1.398
382.920,-0.228,1.600,1.470
383.031,-0.206,1.595,1.552
383.142,-0.176,1.600,1.645
383.266,-0.148,1.617,1.742
383.378,-0.139,1.629,1.812
383.489,-0.142,1.636,1.874
383.599,-0.156,1.641,1.939
383.711,-0.181,1.641,2.009
383.822,-0.217,1.634,2.079
383.933,-0.255,1.629,2.151
384.045,-0.285,1.631,2.228
384.156,-0.305,1.630,2.310
384.267,-0.315,1.630,2.392
384.378,-0.321,1.622,2.473
384.489,-0.320,1.615,2.556
384.600,-0.312,1.608,2.643
384.712,-0.302,1.611,2.736
384.823,-0.299,1.616,2.823
384.934,-0.306,1.612,2.902
385.045,-0.317,1.609,2.975
385.156,-0.332,1.602,3.046
385.267,-0.356,1.595,3.115
385.378,-0.390,1.587,3.187
385.489,-0.442,1.591,3.260
385.600,-0.485,1.599,3.326
385.711,-0.511,1.602,3.390
385.822,-0.526,1.602,3.450
385.934,-0.537,1.595,3.509
386.045,-0.541,1.589,3.574
386.156,-0.543,1.581,3.642
386.267,-0.542,1.575,3.716
386.378,-0.539,1.582,3.797
386.489,-0.537,1.590,3.875
386.601,-0.545,1.588,3.940
386.712,-0.555,1.587,4.004
386.823,-0.569,1.580,4.066
386.934,-0.589,1.574,4.129
387.045,-0.623,1.567,4.191
387.156,-0.669,1.566,4.252
387.266,-0.712,1.579,4.318
387.378,-0.742,1.587,4.389
387.490,-0.761,1.588,4.459
387.600,-0.769,1.583,4.533
387.712,-0.757,1.573,4.610
387.823,-0.720,1.563,4.674
387.935,-0.682,1.569,4.739
388.046,-0.658,1.581,4.800
388.157,-0.648,1.585,4.864
388.267,-0.645,1.588,4.927
388.379,-0.649,1.585,4.988
388.490,-0.669,1.582,5.051
388.601,-0.705,1.581,5.116
388.712,-0.741,1.596,5.184
388.824,-0.767,1.604,5.254
388.935,-0.783,1.608,5.318
389.045,-0.783,1.611,5.378
389.156,-0.767,1.610,5.436
389.267,-0.737,1.604,5.494
389.378,-0.707,1.613,5.552
389.489,-0.686,1.620,5.606
389.600,-0.675,1.621,5.651
389.712,-0.667,1.622,5.694
389.823,-0.678,1.621,5.735
389.934,-0.710,1.617,5.767
390.045,-0.757,1.621,5.797
390.157,-0.793,1.613,5.824
390.268,-0.803,1.608,5.842
390.378,-0.796,1.602,5.857
390.490,-0.784,1.603,5.868
390.601,-0.771,1.586,5.874
390.712,-0.761,1.549,5.867
390.823,-0.747,1.552,5.860
390.934,-0.744,1.573,5.859
391.045,-0.756,1.564,5.864
391.157,-0.766,1.540,5.872
391.267,-0.800,1.554,5.887
391.378,-0.850,1.582,5.887
391.490,-0.887,1.589,5.878
391.600,-0.918,1.591,5.870
391.712,-0.952,1.595,5.862
391.822,-0.990,1.591,5.848
391.933,-1.026,1.586,5.828
392.045,-1.060,1.585,5.805
392.156,-1.085,1.583,5.798
392.267,-1.108,1.576,5.806
392.378,-1.136,1.564,5.826
392.490,-1.151,1.552,5.857
392.600,-1.164,1.551,5.897
392.712,-1.175,1.550,5.930
392.823,-1.180,1.555,5.949
392.934,-1.180,1.560,5.955
393.045,-1.182,1.565,5.950
393.156,-1.190,1.565,5.937
393.267,-1.196,1.561,5.911
393.378,-1.206,1.555,5.883
393.490,-1.226,1.540,5.861
393.601,-1.263,1.532,5.847
393.712,-1.321,1.522,5.844
393.823,-1.395,1.504,5.854
393.933,-1.489,1.465,5.858
394.045,-1.580,1.393,5.841
394.156,-1.650,1.298,5.818
394.267,-1.694,1.195,5.787
394.378,-1.718,1.107,5.758
394.489,-1.730,1.036,5.737
394.600,-1.738,0.972,5.721
394.712,-1.750,0.932,5.720
394.822,-1.759,0.909,5.729
394.934,-1.765,0.889,5.738
395.045,-1.773,0.871,5.744
395.156,-1.783,0.860,5.748
395.267,-1.791,0.854,5.751
395.378,-1.794,0.850,5.753
395.489,-1.790,0.847,5.756
395.600,-1.783,0.851,5.763
395.712,-1.778,0.852,5.770
395.823,-1.776,0.851,5.774
395.934,-1.774,0.850,5.774
396.045,-1.772,0.850,5.771
396.156,-1.772,0.848,5.769
396.267,-1.772,0.846,5.768
396.378,-1.772,0.842,5.768
396.489,-1.771,0.841,5.768
396.600,-1.771,0.841,5.769
396.711,-1.771,0.840,5.772
396.822,-1.772,0.838,5.773
396.933,-1.771,0.840,5.776
397.044,-1.770,0.838,5.776
397.156,-1.770,0.835,5.774
397.266,-1.769,0.832,5.773
397.377,-1.769,0.831,5.772
397.489,-1.767,0.831,5.774
397.600,-1.766,0.830,5.775
397.711,-1.765,0.827,5.775
397.822,-1.765,0.827,5.776
397.933,-1.765,0.827,5.775
398.044,-1.765,0.830,5.777
398.155,-1.769,0.824,5.778
398.266,-1.772,0.819,5.777
398.377,-1.772,0.820,5.776
398.489,-1.771,0.818,5.774
398.599,-1.770,0.817,5.773
398.711,-1.771,0.816,5.773
398.822,-1.770,0.817,5.774
398.933,-1.770,0.813,5.771
399.045,-1.770,0.812,5.765
399.156,-1.771,0.809,5.761
399.266,-1.772,0.807,5.758
399.378,-1.769,0.809,5.753
399.489,-1.766,0.811,5.740
399.600,-1.760,0.807,5.720
399.711,-1.752,0.805,5.698
399.823,-1.744,0.805,5.680
399.933,-1.736,0.809,5.664
400.045,-1.727,0.814,5.641
400.156,-1.717,0.818,5.615
400.267,-1.707,0.819,5.592
400.378,-1.700,0.819,5.575
400.490,-1.699,0.814,5.571
400.600,-1.700,0.810,5.575
400.711,-1.707,0.818,5.592
400.823,-1.721,0.842,5.622
400.933,-1.748,0.868,5.658
401.045,-1.779,0.924,5.707
401.155,-1.802,0.994,5.743
401.267,-1.821,1.068,5.764
401.377,-1.835,1.167,5.768
401.489,-1.847,1.277,5.756
401.600,-1.823,1.395,5.745
401.711,-1.780,1.491,5.736
401.822,-1.759,1.528,5.733
401.933,-1.777,1.521,5.750
402.045,-1.839,1.496,5.782
402.156,-1.929,1.464,5.822
402.267,-2.012,1.440,5.858
402.378,-2.072,1.428,5.872
402.489,-2.102,1.435,5.871
402.600,-2.119,1.466,5.836
402.712,-2.082,1.503,5.787
402.822,-2.014,1.541,5.744
402.934,-1.931,1.568,5.710
403.045,-1.839,1.591,5.681
403.156,-1.747,1.601,5.663
403.267,-1.671,1.610,5.650
403.378,-1.612,1.618,5.637
403.490,-1.565,1.621,5.622
403.601,-1.530,1.620,5.598
403.712,-1.496,1.611,5.585
403.823,-1.477,1.612,5.591
403.934,-1.467,1.606,5.590
404.045,-1.460,1.598,5.597
404.157,-1.450,1.597,5.620
404.268,-1.444,1.595,5.658
404.379,-1.440,1.599,5.696
404.490,-1.436,1.600,5.729
404.601,-1.430,1.602,5.756
404.712,-1.421,1.609,5.774
404.823,-1.408,1.614,5.782
404.933,-1.385,1.621,5.779
405.045,-1.348,1.620,5.766
405.156,-1.303,1.624,5.746
405.266,-1.256,1.631,5.726
405.378,-1.220,1.632,5.715
405.490,-1.203,1.633,5.705
405.601,-1.195,1.638,5.691
405.711,-1.196,1.641,5.672
405.823,-1.203,1.643,5.647
405.933,-1.213,1.645,5.616
406.044,-1.226,1.644,5.581
406.156,-1.244,1.644,5.546
406.266,-1.265,1.644,5.513
406.378,-1.286,1.639,5.486
406.489,-1.303,1.639,5.461
406.600,-1.316,1.641,5.434
406.712,-1.327,1.642,5.403
406.822,-1.341,1.638,5.367
406.933,-1.343,1.634,5.330
407.044,-1.336,1.631,5.291
407.155,-1.323,1.626,5.255
407.266,-1.306,1.620,5.216
407.377,-1.289,1.614,5.177
407.489,-1.273,1.610,5.145
407.600,-1.265,1.614,5.121
407.711,-1.264,1.613,5.095
407.822,-1.272,1.613,5.068
407.933,-1.292,1.613,5.041
408.044,-1.322,1.612,5.016
408.156,-1.360,1.612,4.996
408.267,-1.402,1.610,4.979
408.378,-1.445,1.609,4.968
408.490,-1.487,1.606,4.967
408.600,-1.528,1.598,4.977
408.711,-1.567,1.593,5.003
408.822,-1.601,1.582,5.052
408.933,-1.630,1.566,5.124
409.045,-1.651,1.555,5.212
409.156,-1.670,1.561,5.305
409.267,-1.697,1.576,5.393
409.378,-1.728,1.583,5.469
409.489,-1.766,1.578,5.546
409.600,-1.809,1.560,5.627
409.711,-1.863,1.540,5.714
409.823,-1.924,1.529,5.808
409.933,-1.977,1.521,5.900
410.045,-2.022,1.508,5.990
410.156,-2.061,1.479,6.079
410.267,-2.102,1.441,6.161
410.378,-2.149,1.405,6.227
410.489,-2.190,1.381,6.265
410.600,-2.216,1.363,6.275
410.711,-2.227,1.350,6.279
410.823,-2.231,1.346,6.285
410.934,-2.234,1.347,6.290
411.045,-2.229,1.341,6.293
411.156,-2.227,1.337,6.278
411.267,-2.230,1.339,6.257
411.378,-2.226,1.334,6.237
411.489,-2.224,1.330,6.226
411.601,-2.230,1.331,6.221
411.712,-2.228,1.326,6.220
411.823,-2.225,1.323,6.222
411.934,-2.220,1.335,6.222
412.045,-2.198,1.371,6.222
412.156,-2.156,1.425,6.215
412.267,-2.098,1.470,6.191
412.378,-2.042,1.497,6.145
412.490,-1.995,1.527,6.093
412.600,-1.943,1.554,6.051
412.712,-1.892,1.569,6.014
412.823,-1.845,1.577,5.974
412.934,-1.794,1.581,5.939
413.045,-1.737,1.578,5.912
413.157,-1.681,1.577,5.890
413.267,-1.634,1.589,5.887
413.378,-1.597,1.583,5.903
413.489,-1.583,1.574,5.955
413.600,-1.592,1.558,6.028
413.712,-1.613,1.543,6.114
413.823,-1.633,1.544,6.213
413.933,-1.639,1.551,6.326
414.045,-1.629,1.537,6.443
414.157,-1.609,1.502,6.557
414.267,-1.589,1.460,6.660
414.378,-1.594,1.413,6.750
414.489,-1.615,1.364,6.827
414.600,-1.637,1.308,6.875
414.712,-1.645,1.262,6.911
414.823,-1.644,1.221,6.942
414.934,-1.643,1.183,6.967
415.045,-1.640,1.164,6.982
415.156,-1.643,1.159,6.991
415.267,-1.648,1.158,6.996
415.378,-1.654,1.153,6.998
415.490,-1.661,1.146,6.999
415.600,-1.666,1.140,6.997
415.711,-1.669,1.137,6.997
415.823,-1.669,1.136,6.997
415.933,-1.666,1.133,6.998
416.045,-1.661,1.132,6.998
416.156,-1.657,1.132,6.999
416.267,-1.653,1.132,7.000
416.378,-1.650,1.131,7.001
416.490,-1.649,1.133,7.003
416.600,-1.643,1.131,7.005
416.712,-1.638,1.129,7.007
416.823,-1.627,1.127,7.010
416.934,-1.620,1.125,7.011
417.045,-1.612,1.122,7.011
417.157,-1.601,1.119,7.010
417.267,-1.590,1.116,7.010
417.379,-1.580,1.115,7.009
417.490,-1.577,1.114,7.009
417.601,-1.578,1.113,7.009
417.712,-1.583,1.113,7.010
417.823,-1.588,1.111,7.009
417.934,-1.598,1.104,7.005
418.045,-1.611,1.100,7.001
418.156,-1.616,1.100,6.992
418.267,-1.621,1.104,6.984
418.378,-1.619,1.113,6.981
418.490,-1.615,1.135,6.971
418.601,-1.619,1.166,6.953
418.712,-1.630,1.203,6.920
418.823,-1.647,1.249,6.885
418.934,-1.666,1.298,6.848
419.045,-1.680,1.336,6.804
419.156,-1.675,1.372,6.751
419.266,-1.642,1.407,6.684
419.378,-1.578,1.449,6.581
419.489,-1.494,1.489,6.441
419.600,-1.429,1.527,6.301
419.711,-1.395,1.563,6.198
419.823,-1.374,1.584,6.132
419.934,-1.347,1.589,6.091
420.045,-1.307,1.590,6.073
420.157,-1.258,1.582,6.072
420.268,-1.203,1.571,6.079
420.379,-1.141,1.570,6.091
420.490,-1.070,1.579,6.109
420.601,-0.997,1.590,6.124
420.713,-0.914,1.593,6.121
420.824,-0.824,1.589,6.109
420.934,-0.730,1.580,6.088
421.046,-0.644,1.567,6.060
421.157,-0.564,1.578,6.043
421.268,-0.499,1.599,6.056
421.379,-0.445,1.606,6.086
421.490,-0.393,1.605,6.135
421.601,-0.343,1.595,6.204
421.712,-0.296,1.576,6.286
421.823,-0.252,1.575,6.364
421.934,-0.213,1.582,6.417
422.046,-0.178,1.584,6.448
422.157,-0.153,1.580,6.465
422.268,-0.138,1.580,6.466
422.379,-0.124,1.583,6.452
422.490,-0.112,1.582,6.419
422.601,-0.087,1.580,6.356
422.712,-0.054,1.568,6.258
422.824,-0.027,1.543,6.135
422.935,-0.016,1.503,6.011
423.046,-0.022,1.460,5.922
423.157,-0.027,1.434,5.866
423.268,-0.031,1.414,5.834
423.379,-0.034,1.398,5.814
423.490,-0.035,1.383,5.800
423.601,-0.034,1.371,5.793
423.712,-0.035,1.367,5.788
423.823,-0.032,1.365,5.783
423.934,-0.029,1.365,5.778
424.045,-0.025,1.363,5.773
424.157,-0.023,1.360,5.767
424.268,-0.023,1.358,5.761
424.379,-0.023,1.356,5.755
424.490,-0.025,1.354,5.749
424.601,-0.026,1.352,5.743
424.712,-0.026,1.352,5.740
424.824,-0.024,1.352,5.736
424.934,-0.010,1.354,5.738
425.046,0.011,1.360,5.746
425.157,0.027,1.359,5.762
425.268,0.054,1.359,5.779
425.379,0.091,1.365,5.805
425.491,0.134,1.380,5.842
425.601,0.193,1.403,5.904
425.712,0.261,1.420,5.982
425.824,0.301,1.439,6.037
425.934,0.311,1.459,6.059
426.046,0.299,1.479,6.063
426.157,0.265,1.504,6.053
426.268,0.206,1.536,6.030
426.379,0.119,1.562,6.005
426.490,0.021,1.574,5.983
426.601,-0.081,1.580,5.969
426.712,-0.176,1.569,5.967
426.824,-0.248,1.568,5.959
426.934,-0.303,1.573,5.938
427.046,-0.351,1.569,5.897
427.157,-0.394,1.561,5.843
427.267,-0.430,1.555,5.777
427.378,-0.457,1.555,5.704
427.490,-0.482,1.562,5.631
427.600,-0.516,1.563,5.566
427.712,-0.543,1.577,5.510
427.823,-0.574,1.585,5.450
427.934,-0.617,1.567,5.386
428.046,-0.663,1.554,5.326
428.157,-0.704,1.547,5.274
428.267,-0.756,1.552,5.216
428.379,-0.810,1.579,5.154
428.490,-0.856,1.606,5.093
428.601,-0.893,1.608,5.023
428.712,-0.913,1.599,4.942
428.824,-0.917,1.590,4.852
428.934,-0.926,1.582,4.757
429.045,-0.954,1.583,4.673
429.157,-1.005,1.614,4.603
429.268,-1.071,1.632,4.535
429.379,-1.143,1.620,4.464
429.490,-1.218,1.607,4.390
429.601,-1.288,1.589,4.314
429.712,-1.343,1.584,4.233
429.824,-1.360,1.606,4.156
429.934,-1.351,1.636,4.083
430.045,-1.334,1.630,4.005
430.157,-1.310,1.607,3.918
430.268,-1.287,1.586,3.829
430.379,-1.276,1.568,3.736
430.491,-1.274,1.565,3.645
430.601,-1.290,1.582,3.569
430.712,-1.313,1.603,3.498
430.824,-1.343,1.603,3.423
430.934,-1.381,1.592,3.340
431.046,-1.424,1.578,3.262
431.157,-1.465,1.559,3.179
431.267,-1.510,1.558,3.087
431.379,-1.542,1.567,3.007
431.490,-1.549,1.574,2.936
431.601,-1.537,1.577,2.874
431.712,-1.511,1.577,2.824
431.823,-1.480,1.577,2.795
431.935,-1.453,1.577,2.774
432.046,-1.439,1.574,2.759
432.157,-1.440,1.578,2.753
432.268,-1.451,1.575,2.752
432.379,-1.465,1.578,2.748
432.491,-1.473,1.573,2.746
432.601,-1.477,1.573,2.746
432.712,-1.483,1.572,2.747
432.823,-1.491,1.568,2.749
432.934,-1.498,1.567,2.750
433.045,-1.502,1.566,2.749
433.157,-1.504,1.565,2.748
433.268,-1.504,1.566,2.745
433.379,-1.503,1.566,2.741
433.490,-1.504,1.566,2.735
433.601,-1.509,1.566,2.722
433.712,-1.525,1.561,2.682
433.823,-1.538,1.544,2.638
433.934,-1.543,1.527,2.610
434.046,-1.543,1.515,2.597
434.157,-1.541,1.515,2.592
434.268,-1.537,1.517,2.591
434.379,-1.537,1.516,2.589
434.490,-1.534,1.516,2.588
434.601,-1.521,1.519,2.586
434.712,-1.496,1.525,2.587
434.824,-1.473,1.531,2.592
434.935,-1.453,1.532,2.595
435.046,-1.441,1.531,2.597
435.157,-1.432,1.535,2.603
435.268,-1.418,1.550,2.611
435.379,-1.396,1.564,2.617
435.490,-1.364,1.570,2.632
435.601,-1.322,1.576,2.671
435.713,-1.270,1.585,2.722
435.823,-1.219,1.600,2.774
435.935,-1.180,1.612,2.806
436.046,-1.140,1.617,2.822
436.155,-1.092,1.622,2.825
436.268,-1.038,1.629,2.818
436.379,-0.985,1.634,2.804
436.490,-0.942,1.653,2.794
436.601,-0.915,1.668,2.796
436.712,-0.900,1.677,2.813
436.823,-0.895,1.678,2.844
436.935,-0.892,1.673,2.881
437.045,-0.896,1.681,2.916
437.155,-0.894,1.688,2.943
437.266,-0.879,1.688,2.968
437.377,-0.853,1.682,2.989
437.489,-0.819,1.677,3.008
437.599,-0.781,1.684,3.023
437.711,-0.737,1.646,3.038
437.822,-0.694,1.556,3.055
437.933,-0.696,1.569,3.071
438.044,-0.716,1.632,3.072
438.155,-0.719,1.633,3.068
438.266,-0.705,1.564,3.077
438.377,-0.697,1.541,3.085
438.489,-0.718,1.600,3.075
438.600,-0.732,1.636,3.060
438.710,-0.724,1.596,3.056
438.822,-0.700,1.558,3.062
438.933,-0.678,1.556,3.083
439.044,-0.656,1.571,3.113
439.156,-0.649,1.569,3.142
439.267,-0.652,1.575,3.169
439.378,-0.659,1.597,3.196
439.489,-0.673,1.609,3.233
439.600,-0.687,1.613,3.285
439.711,-0.720,1.621,3.344
439.822,-0.770,1.636,3.386
439.933,-0.814,1.671,3.420
440.044,-0.851,1.697,3.465
440.155,-0.879,1.706,3.525
440.266,-0.894,1.703,3.597
440.378,-0.892,1.693,3.678
440.489,-0.878,1.688,3.757
440.600,-0.868,1.702,3.829
440.711,-0.876,1.715,3.893
440.822,-0.898,1.714,3.960
440.933,-0.933,1.706,4.033
441.045,-0.981,1.692,4.107
441.157,-1.035,1.695,4.163
441.267,-1.083,1.701,4.215
441.379,-1.116,1.709,4.269
441.490,-1.137,1.708,4.325
441.600,-1.140,1.706,4.390
441.711,-1.123,1.701,4.460
441.823,-1.092,1.694,4.536
441.934,-1.054,1.700,4.609
442.045,-1.026,1.710,4.672
442.156,-1.018,1.715,4.722
442.267,-1.023,1.716,4.761
442.378,-1.035,1.711,4.789
442.490,-1.049,1.704,4.810
442.600,-1.056,1.706,4.831
442.712,-1.058,1.706,4.867
442.823,-1.057,1.700,4.920
442.934,-1.057,1.696,4.987
443.045,-1.055,1.701,5.052
443.156,-1.055,1.710,5.100
443.272,-1.058,1.714,5.124
443.382,-1.065,1.715,5.142
443.493,-1.063,1.718,5.138
443.604,-1.068,1.715,5.143
443.715,-1.075,1.716,5.167
443.823,-1.091,1.712,5.201
443.933,-1.117,1.709,5.251
444.045,-1.148,1.715,5.305
444.157,-1.182,1.715,5.354
444.267,-1.209,1.718,5.393
444.378,-1.226,1.722,5.413
444.489,-1.232,1.720,5.416
444.600,-1.229,1.718,5.414
444.711,-1.223,1.718,5.411
444.823,-1.223,1.715,5.407
444.934,-1.226,1.713,5.397
445.045,-1.231,1.708,5.388
445.156,-1.240,1.702,5.383
445.267,-1.244,1.698,5.380
445.378,-1.243,1.694,5.378
445.490,-1.234,1.695,5.369
445.600,-1.213,1.692,5.356
445.712,-1.200,1.688,5.349
445.823,-1.199,1.687,5.350
445.934,-1.201,1.687,5.355
446.045,-1.206,1.687,5.360
446.156,-1.210,1.688,5.363
446.267,-1.214,1.689,5.364
446.379,-1.216,1.690,5.364
446.490,-1.219,1.689,5.364
446.600,-1.222,1.689,5.365
446.712,-1.224,1.688,5.365
446.823,-1.225,1.689,5.366
446.934,-1.225,1.688,5.364
447.045,-1.224,1.687,5.362
447.157,-1.224,1.688,5.359
447.268,-1.224,1.689,5.357
447.378,-1.225,1.688,5.354
447.490,-1.224,1.688,5.352
447.601,-1.224,1.687,5.350
447.712,-1.226,1.687,5.349
447.823,-1.239,1.680,5.343
447.934,-1.281,1.638,5.323
448.046,-1.324,1.582,5.317
448.157,-1.368,1.564,5.320
448.267,-1.407,1.551,5.328
448.378,-1.437,1.536,5.337
448.490,-1.454,1.525,5.340
448.600,-1.461,1.526,5.333
448.712,-1.465,1.527,5.309
448.824,-1.462,1.529,5.272
448.934,-1.456,1.535,5.244
449.045,-1.450,1.543,5.241
449.156,-1.441,1.557,5.248
449.268,-1.427,1.572,5.260
449.378,-1.411,1.578,5.280
449.489,-1.398,1.582,5.305
449.600,-1.389,1.583,5.334
449.711,-1.382,1.582,5.368
449.822,-1.388,1.585,5.405
449.933,-1.407,1.589,5.439
450.045,-1.442,1.589,5.467
450.156,-1.488,1.590,5.485
450.267,-1.533,1.596,5.505
450.378,-1.565,1.596,5.520
450.489,-1.582,1.597,5.528
450.600,-1.586,1.598,5.531
450.712,-1.577,1.599,5.530
450.822,-1.547,1.603,5.534
450.934,-1.486,1.604,5.525
451.045,-1.424,1.595,5.496
451.157,-1.379,1.580,5.458
451.267,-1.349,1.568,5.424
451.379,-1.332,1.561,5.400
451.491,-1.325,1.558,5.383
451.601,-1.322,1.557,5.372
451.713,-1.322,1.557,5.367
451.824,-1.325,1.558,5.365
451.935,-1.329,1.560,5.363
452.046,-1.332,1.562,5.364
452.157,-1.336,1.567,5.370
452.268,-1.338,1.574,5.368
452.379,-1.340,1.575,5.371
452.490,-1.344,1.576,5.375
452.601,-1.364,1.583,5.394
452.712,-1.404,1.591,5.415
452.823,-1.431,1.597,5.420
452.934,-1.440,1.597,5.416
453.045,-1.440,1.596,5.410
453.156,-1.442,1.594,5.406
453.267,-1.445,1.592,5.404
453.378,-1.447,1.590,5.401
453.489,-1.449,1.589,5.398
453.600,-1.446,1.591,5.397
453.712,-1.441,1.590,5.399
453.822,-1.436,1.589,5.399
453.934,-1.435,1.591,5.398
454.045,-1.442,1.600,5.391
454.156,-1.449,1.620,5.387
454.267,-1.459,1.625,5.387
454.378,-1.473,1.624,5.385
454.489,-1.482,1.623,5.382
454.600,-1.484,1.625,5.381
454.711,-1.478,1.628,5.382
454.823,-1.460,1.634,5.388
454.933,-1.433,1.640,5.395
455.045,-1.404,1.644,5.397
455.157,-1.380,1.643,5.389
455.268,-1.366,1.642,5.382
455.379,-1.359,1.640,5.378
455.490,-1.345,1.638,5.370
455.601,-1.327,1.637,5.366
455.712,-1.303,1.635,5.371
455.823,-1.268,1.634,5.384
455.934,-1.223,1.632,5.402
456.046,-1.171,1.618,5.421
456.157,-1.114,1.600,5.452
456.268,-1.063,1.577,5.496
456.379,-1.012,1.562,5.555
456.490,-0.958,1.551,5.628
456.601,-0.904,1.555,5.708
456.712,-0.840,1.570,5.781
456.824,-0.769,1.569,5.833
456.934,-0.677,1.556,5.874
457.046,-0.571,1.540,5.905
457.157,-0.458,1.535,5.929
457.268,-0.347,1.553,5.954
457.379,-0.252,1.570,5.992
457.490,-0.163,1.573,6.044
457.601,-0.075,1.559,6.104
457.712,0.006,1.543,6.173
457.824,0.081,1.546,6.248
457.934,0.161,1.552,6.312
458.045,0.245,1.548,6.366
458.157,0.334,1.524,6.415
458.268,0.421,1.492,6.457
458.378,0.495,1.477,6.497
458.490,0.547,1.463,6.531
458.601,0.579,1.447,6.555
458.712,0.597,1.436,6.572
458.823,0.605,1.429,6.567
458.934,0.614,1.416,6.527
459.045,0.606,1.412,6.475
459.156,0.570,1.408,6.427
459.267,0.501,1.400,6.395
459.379,0.416,1.399,6.376
459.490,0.339,1.409,6.368
459.601,0.276,1.429,6.355
459.712,0.217,1.446,6.338
459.824,0.163,1.456,6.322
459.934,0.109,1.463,6.305
460.046,0.050,1.468,6.286
460.157,-0.020,1.473,6.268
460.267,-0.101,1.494,6.252
460.379,-0.182,1.523,6.242
460.491,-0.247,1.549,6.233
460.601,-0.293,1.569,6.216
460.712,-0.326,1.583,6.188
460.823,-0.351,1.584,6.144
460.934,-0.368,1.580,6.089
461.046,-0.371,1.577,6.029
461.157,-0.375,1.589,5.965
461.268,-0.391,1.597,5.897
461.379,-0.419,1.599,5.830
461.491,-0.461,1.600,5.760
461.601,-0.516,1.597,5.686
461.712,-0.574,1.594,5.611
461.824,-0.631,1.603,5.538
461.934,-0.679,1.626,5.465
462.045,-0.709,1.632,5.396
462.157,-0.731,1.634,5.326
462.268,-0.753,1.635,5.251
462.379,-0.770,1.633,5.174
462.491,-0.779,1.631,5.096
462.601,-0.787,1.645,5.017
462.712,-0.803,1.657,4.935
462.824,-0.827,1.665,4.852
462.934,-0.857,1.661,4.766
463.046,-0.894,1.651,4.682
463.157,-0.936,1.645,4.599
463.268,-0.979,1.661,4.521
463.379,-1.011,1.670,4.441
463.490,-1.032,1.666,4.356
463.601,-1.041,1.651,4.263
463.712,-1.033,1.634,4.167
463.824,-1.011,1.621,4.074
463.935,-0.985,1.629,3.985
464.046,-0.971,1.631,3.902
464.157,-0.965,1.634,3.821
464.267,-0.977,1.630,3.740
464.379,-0.998,1.624,3.656
464.490,-1.026,1.619,3.573
464.601,-1.050,1.635,3.490
464.712,-1.052,1.645,3.415
464.823,-1.033,1.649,3.350
464.934,-0.997,1.645,3.293
465.046,-0.948,1.639,3.244
465.157,-0.888,1.640,3.206
465.268,-0.829,1.652,3.166
465.379,-0.784,1.662,3.122
465.490,-0.745,1.667,3.069
465.601,-0.713,1.664,3.012
465.712,-0.690,1.658,2.950
465.824,-0.677,1.652,2.885
465.935,-0.667,1.647,2.820
466.046,-0.647,1.656,2.758
466.157,-0.618,1.667,2.704
466.268,-0.576,1.667,2.655
466.379,-0.526,1.663,2.613
466.490,-0.467,1.654,2.581
466.602,-0.405,1.644,2.563
466.713,-0.339,1.645,2.559
466.824,-0.275,1.656,2.559
466.935,-0.215,1.658,2.555
467.046,-0.161,1.657,2.544
467.158,-0.113,1.654,2.528
467.269,-0.070,1.651,2.508
467.380,-0.032,1.642,2.489
467.490,-0.004,1.638,2.477
467.602,0.013,1.638,2.465
467.713,0.020,1.630,2.462
467.824,0.016,1.619,2.467
467.934,0.004,1.617,2.477
468.045,-0.015,1.613,2.490
468.157,-0.042,1.616,2.506
468.267,-0.069,1.617,2.524
468.378,-0.089,1.617,2.546
468.490,-0.108,1.616,2.571
468.600,-0.132,1.615,2.598
468.712,-0.157,1.612,2.625
468.823,-0.175,1.610,2.647
468.933,-0.182,1.610,2.669
469.045,-0.178,1.608,2.693
469.156,-0.159,1.607,2.720
469.267,-0.127,1.610,2.746
469.378,-0.080,1.619,2.767
469.489,-0.029,1.633,2.789
469.600,0.019,1.646,2.816
469.711,0.054,1.653,2.845
469.823,0.074,1.657,2.879
469.933,0.078,1.667,2.914
470.045,0.069,1.672,2.951
470.157,0.047,1.672,2.992
470.267,0.014,1.671,3.031
470.378,-0.030,1.686,3.065
470.489,-0.072,1.694,3.100
470.600,-0.102,1.699,3.139
470.711,-0.126,1.698,3.186
470.822,-0.146,1.687,3.240
470.934,-0.163,1.659,3.308
471.044,-0.173,1.624,3.378
471.156,-0.178,1.593,3.448
471.267,-0.177,1.578,3.518
471.378,-0.176,1.577,3.592
471.490,-0.178,1.570,3.660
471.600,-0.195,1.567,3.718
471.712,-0.229,1.564,3.771
471.823,-0.279,1.558,3.815
471.934,-0.341,1.556,3.850
472.045,-0.409,1.552,3.874
472.156,-0.479,1.552,3.896
472.267,-0.544,1.551,3.927
472.378,-0.598,1.535,3.961
472.489,-0.648,1.516,3.999
472.600,-0.689,1.496,4.043
472.712,-0.722,1.478,4.093
472.823,-0.750,1.460,4.149
472.934,-0.783,1.445,4.219
473.045,-0.821,1.433,4.297
473.157,-0.857,1.413,4.353
473.267,-0.888,1.399,4.397
473.378,-0.919,1.395,4.431
473.490,-0.954,1.397,4.450
473.600,-0.989,1.399,4.459
473.712,-1.013,1.398,4.473
473.823,-1.030,1.402,4.493
473.934,-1.041,1.399,4.507
474.045,-1.046,1.392,4.519
474.156,-1.048,1.387,4.528
474.267,-1.051,1.384,4.533
474.378,-1.053,1.383,4.535
474.490,-1.057,1.398,4.530
474.600,-1.065,1.438,4.510
474.712,-1.075,1.475,4.468
474.822,-1.088,1.508,4.435
474.933,-1.099,1.520,4.401
475.045,-1.107,1.509,4.375
475.156,-1.113,1.498,4.366
475.267,-1.113,1.491,4.372
475.378,-1.106,1.481,4.383
475.489,-1.100,1.476,4.391
475.600,-1.096,1.484,4.400
475.711,-1.091,1.497,4.425
475.823,-1.081,1.513,4.467
475.933,-1.068,1.538,4.519
476.044,-1.051,1.560,4.581
476.156,-1.025,1.565,4.635
476.267,-1.001,1.567,4.675
476.378,-0.986,1.552,4.704
476.490,-0.982,1.529,4.730
476.600,-0.988,1.508,4.755
476.712,-0.997,1.491,4.776
476.823,-1.002,1.481,4.795
476.933,-1.000,1.480,4.813
477.045,-0.999,1.499,4.833
477.156,-1.003,1.531,4.858
477.267,-1.016,1.555,4.884
477.378,-1.038,1.569,4.914
477.489,-1.070,1.569,4.951
477.600,-1.107,1.570,4.985
477.712,-1.140,1.567,5.019
477.823,-1.164,1.570,5.059
477.933,-1.180,1.572,5.107
478.044,-1.188,1.572,5.165
478.156,-1.185,1.565,5.227
478.266,-1.176,1.562,5.290
478.378,-1.167,1.570,5.355
478.489,-1.167,1.578,5.420
478.600,-1.173,1.579,5.480
478.711,-1.183,1.575,5.540
478.822,-1.201,1.569,5.600
478.933,-1.227,1.563,5.659
479.044,-1.260,1.554,5.721
479.156,-1.298,1.552,5.784
479.267,-1.338,1.550,5.847
479.378,-1.366,1.548,5.900
479.489,-1.388,1.552,5.948
479.600,-1.406,1.552,5.994
479.712,-1.416,1.550,6.037
479.823,-1.419,1.554,6.077
479.933,-1.421,1.562,6.117
480.044,-1.429,1.567,6.148
480.156,-1.444,1.568,6.167
480.267,-1.466,1.567,6.173
480.378,-1.495,1.568,6.177
480.489,-1.526,1.571,6.175
480.600,-1.563,1.570,6.168
480.711,-1.606,1.572,6.159
480.823,-1.647,1.566,6.146
480.933,-1.680,1.561,6.134
481.045,-1.705,1.559,6.114
481.156,-1.723,1.560,6.084
481.267,-1.732,1.565,6.046
481.378,-1.732,1.569,6.007
481.489,-1.728,1.570,5.964
481.600,-1.725,1.570,5.913
481.712,-1.710,1.567,5.866
481.823,-1.685,1.558,5.823
481.933,-1.659,1.543,5.783
482.046,-1.636,1.534,5.750
482.155,-1.632,1.541,5.719
482.266,-1.639,1.539,5.684
482.377,-1.654,1.543,5.646
482.488,-1.676,1.545,5.606
482.600,-1.706,1.546,5.562
482.710,-1.743,1.547,5.515
482.821,-1.785,1.548,5.465
482.933,-1.826,1.545,5.417
483.044,-1.863,1.534,5.374
483.155,-1.891,1.522,5.339
483.266,-1.910,1.516,5.316
483.378,-1.918,1.509,5.303
483.489,-1.917,1.500,5.301
483.600,-1.908,1.492,5.309
483.711,-1.892,1.491,5.328
483.822,-1.873,1.495,5.355
483.933,-1.852,1.495,5.383
484.044,-1.831,1.493,5.406
484.156,-1.812,1.492,5.423
484.266,-1.795,1.489,5.434
484.378,-1.782,1.489,5.442
484.489,-1.769,1.491,5.445
484.600,-1.754,1.494,5.442
484.711,-1.735,1.498,5.433
484.822,-1.714,1.501,5.415
484.933,-1.691,1.503,5.392
485.045,-1.666,1.506,5.366
485.156,-1.643,1.506,5.339
485.267,-1.626,1.504,5.320
485.377,-1.618,1.499,5.310
485.489,-1.608,1.495,5.312
485.600,-1.590,1.499,5.324
485.712,-1.564,1.508,5.341
485.822,-1.533,1.521,5.362
485.933,-1.498,1.533,5.394
486.045,-1.455,1.542,5.437
486.155,-1.407,1.554,5.484
486.267,-1.362,1.570,5.525
486.377,-1.320,1.585,5.554
486.489,-1.287,1.600,5.570
486.599,-1.261,1.611,5.580
486.711,-1.239,1.618,5.587
486.823,-1.222,1.624,5.591
486.934,-1.209,1.629,5.592
487.044,-1.201,1.633,5.591
487.156,-1.200,1.636,5.586
487.267,-1.208,1.642,5.577
487.377,-1.221,1.647,5.566
487.489,-1.240,1.649,5.556
487.600,-1.260,1.649,5.545
487.711,-1.280,1.648,5.536
487.823,-1.300,1.647,5.529
487.934,-1.319,1.645,5.524
488.045,-1.337,1.644,5.521
488.156,-1.366,1.644,5.524
488.267,-1.411,1.644,5.530
488.378,-1.451,1.638,5.534
488.489,-1.474,1.631,5.538
488.600,-1.480,1.626,5.545
488.711,-1.467,1.622,5.556
488.823,-1.436,1.622,5.565
488.934,-1.391,1.622,5.570
489.045,-1.341,1.622,5.572
489.156,-1.290,1.621,5.572
489.267,-1.244,1.620,5.575
489.378,-1.200,1.621,5.579
489.489,-1.154,1.622,5.580
489.600,-1.109,1.623,5.581
489.712,-1.069,1.625,5.585
489.823,-1.035,1.623,5.592
489.934,-1.006,1.621,5.605
490.046,-0.980,1.618,5.621
490.157,-0.959,1.614,5.640
490.268,-0.946,1.613,5.664
490.379,-0.938,1.611,5.695
490.490,-0.930,1.612,5.731
490.601,-0.922,1.608,5.770
490.712,-0.914,1.596,5.802
490.824,-0.906,1.579,5.823
490.934,-0.899,1.572,5.834
491.046,-0.897,1.569,5.838
491.157,-0.892,1.574,5.835
491.268,-0.892,1.575,5.829
491.379,-0.894,1.577,5.820
491.491,-0.902,1.580,5.804
491.601,-0.914,1.585,5.778
491.712,-0.926,1.587,5.746
491.824,-0.937,1.587,5.705
491.935,-0.949,1.584,5.654
492.045,-0.963,1.582,5.597
492.157,-0.974,1.579,5.540
492.268,-0.982,1.579,5.488
492.379,-0.981,1.582,5.443
492.490,-0.971,1.582,5.399
492.601,-0.952,1.579,5.354
492.712,-0.927,1.577,5.306
492.824,-0.894,1.579,5.258
492.935,-0.847,1.589,5.215
493.046,-0.787,1.605,5.188
493.157,-0.728,1.599,5.168
493.268,-0.677,1.593,5.148
493.379,-0.640,1.584,5.111
493.490,-0.620,1.580,5.053
493.601,-0.615,1.574,4.985
493.712,-0.624,1.587,4.912
493.823,-0.649,1.613,4.852
493.934,-0.684,1.618,4.790
494.045,-0.712,1.612,4.725
494.156,-0.733,1.606,4.661
494.267,-0.756,1.596,4.603
494.378,-0.780,1.597,4.548
494.489,-0.797,1.615,4.485
494.600,-0.808,1.617,4.421
494.711,-0.811,1.620,4.357
494.823,-0.806,1.617,4.301
494.933,-0.793,1.605,4.255
495.045,-0.758,1.599,4.222
495.156,-0.719,1.590,4.200
495.267,-0.688,1.596,4.176
495.378,-0.667,1.603,4.149
495.490,-0.655,1.610,4.118
495.600,-0.656,1.621,4.083
495.711,-0.671,1.628,4.044
495.822,-0.697,1.634,4.000
495.934,-0.728,1.635,3.959
496.044,-0.761,1.633,3.927
496.155,-0.788,1.628,3.908
496.266,-0.805,1.625,3.906
496.378,-0.813,1.622,3.907
496.489,-0.819,1.618,3.906
496.600,-0.819,1.618,3.891
496.711,-0.804,1.625,3.864
496.823,-0.771,1.631,3.828
496.933,-0.719,1.640,3.789
497.045,-0.657,1.647,3.747
497.156,-0.596,1.648,3.705
497.268,-0.547,1.645,3.672
497.378,-0.512,1.637,3.651
497.490,-0.487,1.625,3.644
497.601,-0.474,1.619,3.644
497.712,-0.471,1.618,3.644
497.823,-0.476,1.618,3.646
497.934,-0.486,1.622,3.651
498.045,-0.501,1.629,3.662
498.156,-0.516,1.635,3.672
498.268,-0.528,1.641,3.682
498.379,-0.535,1.640,3.691
498.490,-0.532,1.638,3.694
498.602,-0.524,1.630,3.676
498.713,-0.527,1.623,3.638
498.824,-0.539,1.624,3.595
498.935,-0.552,1.623,3.555
499.046,-0.558,1.622,3.516
499.157,-0.555,1.623,3.477
499.268,-0.543,1.621,3.437
499.379,-0.524,1.621,3.398
499.490,-0.490,1.628,3.376
499.601,-0.452,1.634,3.390
499.713,-0.440,1.631,3.428
499.824,-0.445,1.616,3.458
499.935,-0.434,1.602,3.472
500.045,-0.409,1.589,3.480
500.156,-0.383,1.582,3.488
500.267,-0.350,1.578,3.492
500.378,-0.310,1.575,3.496
500.489,-0.271,1.580,3.501
500.601,-0.231,1.581,3.504
500.712,-0.190,1.585,3.497
500.823,-0.158,1.591,3.488
500.935,-0.135,1.592,3.472
501.045,-0.118,1.589,3.450
501.156,-0.104,1.596,3.426
501.266,-0.094,1.596,3.405
501.377,-0.090,1.595,3.388
501.489,-0.088,1.594,3.375
501.600,-0.089,1.593,3.365
501.711,-0.092,1.593,3.359
501.822,-0.092,1.593,3.356
501.933,-0.092,1.593,3.355
502.044,-0.090,1.593,3.357
502.156,-0.087,1.592,3.361
502.267,-0.077,1.594,3.366
502.377,-0.051,1.598,3.366
502.489,-0.014,1.606,3.348
502.601,0.012,1.611,3.306
502.713,0.006,1.609,3.256
502.824,-0.029,1.603,3.221
502.935,-0.076,1.598,3.209
503.045,-0.135,1.599,3.213
503.157,-0.194,1.599,3.232
503.286,-0.233,1.599,3.249
503.396,-0.302,1.602,3.281
503.507,-0.349,1.603,3.299
503.618,-0.402,1.602,3.315
503.729,-0.465,1.599,3.330
503.837,-0.521,1.599,3.340
503.948,-0.577,1.602,3.351
504.059,-0.624,1.611,3.354
504.171,-0.670,1.612,3.348
504.281,-0.716,1.609,3.335
504.393,-0.763,1.603,3.316
504.504,-0.805,1.599,3.291
504.615,-0.846,1.606,3.255
504.726,-0.891,1.608,3.219
504.837,-0.941,1.611,3.192
504.948,-0.994,1.613,3.167
505.060,-1.052,1.612,3.143
505.170,-1.115,1.607,3.122
505.282,-1.178,1.599,3.111
505.393,-1.240,1.606,3.103
505.504,-1.299,1.612,3.090
505.615,-1.348,1.611,3.068
505.726,-1.384,1.607,3.041
505.838,-1.409,1.607,3.009
505.948,-1.426,1.604,2.973
506.060,-1.434,1.603,2.936
506.171,-1.443,1.593,2.903
506.282,-1.459,1.591,2.883
506.393,-1.485,1.589,2.868
506.504,-1.516,1.592,2.856
506.615,-1.552,1.598,2.846
506.726,-1.585,1.594,2.834
506.838,-1.612,1.591,2.824
506.948,-1.630,1.588,2.814
507.059,-1.642,1.587,2.805
507.171,-1.650,1.585,2.797
507.281,-1.654,1.584,2.790
507.393,-1.652,1.583,2.787
507.504,-1.645,1.583,2.785
507.615,-1.635,1.584,2.785
507.726,-1.619,1.584,2.785
507.837,-1.604,1.584,2.786
507.948,-1.592,1.583,2.787
508.060,-1.582,1.583,2.790
508.171,-1.574,1.582,2.792
508.282,-1.567,1.581,2.795
508.393,-1.563,1.581,2.799
508.504,-1.562,1.585,2.803
508.615,-1.562,1.586,2.802
508.726,-1.561,1.583,2.800
508.838,-1.561,1.584,2.799
508.948,-1.563,1.584,2.798
509.059,-1.567,1.584,2.796
509.171,-1.569,1.584,2.794
509.281,-1.571,1.583,2.793
509.393,-1.571,1.583,2.792
509.504,-1.571,1.582,2.791
509.615,-1.569,1.582,2.791
509.726,-1.567,1.581,2.790
509.837,-1.565,1.582,2.792
509.948,-1.564,1.583,2.798
510.060,-1.561,1.585,2.805
510.171,-1.560,1.586,2.811
510.282,-1.557,1.584,2.818
510.393,-1.558,1.586,2.823
510.504,-1.560,1.589,2.827
510.615,-1.562,1.592,2.828
510.726,-1.565,1.591,2.826
510.838,-1.565,1.589,2.828
510.948,-1.562,1.590,2.833
511.060,-1.556,1.591,2.839
511.171,-1.552,1.591,2.842
511.282,-1.553,1.591,2.842
511.393,-1.556,1.589,2.841
511.504,-1.558,1.589,2.842
511.615,-1.560,1.590,2.845
511.726,-1.563,1.591,2.847
511.838,-1.564,1.592,2.850
511.948,-1.566,1.592,2.852
512.060,-1.568,1.593,2.853
512.171,-1.569,1.592,2.853
512.282,-1.569,1.591,2.852
512.393,-1.567,1.591,2.852
512.504,-1.566,1.592,2.851
512.615,-1.565,1.592,2.851
512.726,-1.563,1.592,2.850
512.838,-1.562,1.591,2.849
512.948,-1.561,1.590,2.849
513.060,-1.562,1.590,2.850
513.171,-1.562,1.590,2.850
513.282,-1.563,1.589,2.849
513.393,-1.564,1.588,2.849
513.504,-1.566,1.589,2.850
513.615,-1.569,1.589,2.851
513.726,-1.572,1.589,2.853
513.837,-1.574,1.589,2.854
513.948,-1.573,1.589,2.854
514.059,-1.573,1.590,2.854
514.171,-1.572,1.589,2.854
514.281,-1.571,1.589,2.853
514.393,-1.571,1.589,2.852
514.504,-1.570,1.589,2.851
514.615,-1.570,1.589,2.849
514.726,-1.570,1.588,2.847
514.838,-1.570,1.588,2.846
514.948,-1.571,1.588,2.846
515.060,-1.571,1.588,2.845
515.171,-1.569,1.588,2.843
515.282,-1.566,1.588,2.841
515.393,-1.561,1.588,2.840
515.504,-1.557,1.589,2.838
515.615,-1.554,1.588,2.837
515.726,-1.552,1.588,2.837
515.838,-1.551,1.588,2.837
515.948,-1.552,1.587,2.837
516.059,-1.553,1.587,2.837
516.171,-1.554,1.586,2.838
516.282,-1.556,1.586,2.838
516.393,-1.558,1.586,2.840
516.504,-1.560,1.586,2.841
516.615,-1.561,1.586,2.842
516.726,-1.562,1.586,2.844
516.837,-1.563,1.586,2.845
516.948,-1.564,1.586,2.846
517.060,-1.565,1.586,2.847
517.171,-1.565,1.586,2.848
517.281,-1.565,1.585,2.850
517.393,-1.565,1.585,2.851
517.504,-1.565,1.585,2.853
517.615,-1.564,1.585,2.855
517.726,-1.563,1.585,2.855
517.837,-1.562,1.585,2.855
517.948,-1.561,1.584,2.854
518.060,-1.560,1.584,2.853
518.171,-1.560,1.584,2.853
518.282,-1.560,1.584,2.851
518.393,-1.561,1.584,2.850
518.504,-1.562,1.584,2.848
518.615,-1.563,1.583,2.847
518.726,-1.564,1.583,2.846
518.837,-1.565,1.583,2.844
518.948,-1.565,1.582,2.843
519.059,-1.564,1.582,2.842
519.171,-1.564,1.581,2.842
519.282,-1.562,1.581,2.842
519.393,-1.562,1.580,2.841
519.504,-1.562,1.581,2.841
519.615,-1.563,1.581,2.841
519.726,-1.565,1.581,2.841
519.837,-1.567,1.583,2.842
519.948,-1.568,1.586,2.843
520.059,-1.565,1.585,2.842
520.171,-1.561,1.586,2.843
520.281,-1.561,1.587,2.846
520.393,-1.569,1.589,2.849
520.504,-1.583,1.588,2.850
520.615,-1.599,1.586,2.851
520.726,-1.614,1.586,2.850
520.837,-1.627,1.584,2.848
520.948,-1.637,1.581,2.847
521.059,-1.649,1.581,2.844
521.171,-1.657,1.578,2.840
521.280,-1.656,1.575,2.837
521.393,-1.653,1.574,2.836
521.504,-1.647,1.574,2.836
521.615,-1.635,1.573,2.841
521.726,-1.619,1.574,2.848
521.837,-1.601,1.576,2.854
521.948,-1.579,1.578,2.860
522.060,-1.555,1.581,2.865
522.171,-1.532,1.581,2.870
522.281,-1.508,1.580,2.876
522.393,-1.485,1.578,2.882
522.504,-1.465,1.576,2.889
522.615,-1.446,1.575,2.895
522.726,-1.429,1.574,2.900
522.837,-1.416,1.573,2.905
522.948,-1.407,1.572,2.909
523.059,-1.401,1.572,2.912
523.170,-1.399,1.571,2.914
523.281,-1.402,1.570,2.916
523.393,-1.406,1.570,2.916
523.504,-1.412,1.570,2.917
523.612,-1.420,1.570,2.917
523.724,-1.427,1.571,2.915
523.835,-1.434,1.568,2.914
523.948,-1.439,1.562,2.915
524.060,-1.443,1.561,2.916
524.170,-1.448,1.562,2.916
524.282,-1.453,1.561,2.915
524.393,-1.458,1.562,2.914
524.504,-1.462,1.563,2.913
524.615,-1.466,1.565,2.912
524.726,-1.468,1.567,2.911
524.836,-1.469,1.568,2.910
524.946,-1.467,1.568,2.909
525.058,-1.465,1.568,2.909
525.169,-1.464,1.568,2.908
525.280,-1.462,1.568,2.908
525.392,-1.461,1.567,2.909
525.503,-1.462,1.567,2.909
525.614,-1.462,1.567,2.909
525.725,-1.462,1.567,2.909
525.836,-1.462,1.567,2.908
525.947,-1.462,1.566,2.908
526.059,-1.462,1.566,2.908
526.170,-1.462,1.566,2.908
526.281,-1.462,1.565,2.907
526.392,-1.461,1.565,2.907
526.503,-1.460,1.564,2.906
526.614,-1.460,1.564,2.905
526.725,-1.459,1.563,2.904
526.836,-1.459,1.562,2.904
526.948,-1.459,1.562,2.903
527.059,-1.458,1.561,2.902
527.170,-1.458,1.561,2.902
527.281,-1.457,1.560,2.901
527.392,-1.457,1.560,2.901
527.503,-1.457,1.561,2.900
527.615,-1.460,1.563,2.896
527.726,-1.466,1.564,2.891
527.837,-1.479,1.567,2.884
527.948,-1.499,1.570,2.878
528.059,-1.519,1.573,2.872
528.171,-1.534,1.575,2.867
528.282,-1.545,1.576,2.864
528.392,-1.552,1.578,2.862
528.503,-1.560,1.579,2.860
528.615,-1.567,1.579,2.859
528.726,-1.571,1.580,2.859
528.837,-1.574,1.581,2.860
528.948,-1.576,1.584,2.860
529.060,-1.579,1.590,2.861
529.170,-1.586,1.596,2.862
529.282,-1.593,1.601,2.863
529.392,-1.600,1.607,2.864
529.504,-1.608,1.611,2.866
529.615,-1.615,1.612,2.867
529.726,-1.619,1.612,2.867
529.838,-1.622,1.611,2.866
529.948,-1.623,1.611,2.866
530.060,-1.622,1.610,2.864
530.171,-1.617,1.607,2.863
530.282,-1.610,1.602,2.861
530.393,-1.602,1.595,2.859
530.504,-1.595,1.589,2.858
530.615,-1.588,1.584,2.858
530.727,-1.584,1.582,2.858
530.837,-1.580,1.581,2.858
530.948,-1.573,1.583,2.859
531.060,-1.545,1.590,2.861
531.171,-1.509,1.597,2.872
531.282,-1.481,1.598,2.887
531.393,-1.464,1.597,2.897
531.504,-1.450,1.595,2.905
531.615,-1.436,1.594,2.914
531.726,-1.424,1.596,2.920
531.838,-1.414,1.598,2.924
531.949,-1.406,1.601,2.924
532.060,-1.403,1.604,2.918
532.171,-1.406,1.604,2.911
532.282,-1.411,1.602,2.902
532.393,-1.419,1.601,2.894
532.504,-1.426,1.599,2.889
532.615,-1.431,1.597,2.883
532.726,-1.435,1.594,2.879
532.838,-1.439,1.593,2.874
532.948,-1.442,1.593,2.867
533.060,-1.447,1.592,2.859
533.171,-1.458,1.593,2.849
533.282,-1.474,1.594,2.837
533.393,-1.496,1.593,2.824
533.505,-1.524,1.593,2.812
533.615,-1.557,1.593,2.800
533.726,-1.589,1.591,2.789
533.837,-1.618,1.587,2.777
533.948,-1.641,1.586,2.765
534.059,-1.657,1.584,2.756
534.171,-1.665,1.583,2.749
534.282,-1.665,1.584,2.746
534.393,-1.658,1.586,2.743
534.504,-1.645,1.586,2.742
534.615,-1.627,1.588,2.744
534.726,-1.609,1.591,2.746
534.837,-1.591,1.592,2.746
534.948,-1.575,1.594,2.745
535.059,-1.564,1.594,2.744
535.171,-1.555,1.594,2.742
535.281,-1.549,1.595,2.741
535.393,-1.544,1.595,2.739
535.504,-1.539,1.595,2.736
535.615,-1.534,1.595,2.732
535.726,-1.528,1.593,2.730
535.837,-1.522,1.592,2.727
535.948,-1.516,1.591,2.725
536.059,-1.512,1.589,2.724
536.171,-1.509,1.588,2.724
536.282,-1.509,1.588,2.724
536.393,-1.510,1.587,2.724
536.504,-1.512,1.587,2.725
536.615,-1.513,1.586,2.726
536.726,-1.506,1.585,2.725
536.837,-1.488,1.579,2.726
536.948,-1.469,1.575,2.730
537.059,-1.456,1.572,2.735
537.171,-1.452,1.570,2.738
537.281,-1.453,1.568,2.743
537.395,-1.455,1.567,2.748
537.504,-1.456,1.568,2.753
537.615,-1.454,1.569,2.758
537.726,-1.449,1.571,2.761
537.838,-1.446,1.573,2.763
537.948,-1.446,1.574,2.763
538.059,-1.450,1.575,2.764
538.171,-1.455,1.577,2.764
538.281,-1.462,1.579,2.764
538.393,-1.469,1.580,2.764
538.504,-1.477,1.582,2.764
538.615,-1.485,1.582,2.763
538.726,-1.491,1.582,2.760
538.837,-1.493,1.582,2.757
538.948,-1.492,1.581,2.753
539.060,-1.490,1.582,2.750
539.171,-1.482,1.582,2.748
539.281,-1.468,1.582,2.749
539.393,-1.454,1.581,2.751
539.504,-1.446,1.581,2.753
539.615,-1.439,1.579,2.754
539.726,-1.434,1.578,2.755
539.837,-1.429,1.577,2.756
539.948,-1.426,1.576,2.755
540.059,-1.424,1.575,2.752
540.171,-1.423,1.574,2.749
540.282,-1.421,1.569,2.748
540.393,-1.419,1.564,2.746
540.504,-1.419,1.562,2.745
540.615,-1.419,1.562,2.745
540.726,-1.422,1.563,2.744
540.837,-1.426,1.565,2.743
540.948,-1.430,1.566,2.741
541.059,-1.435,1.568,2.739
541.171,-1.439,1.568,2.737
541.281,-1.443,1.570,2.735
541.393,-1.447,1.571,2.734
541.504,-1.450,1.570,2.733
541.615,-1.452,1.571,2.732
541.726,-1.455,1.571,2.732
541.837,-1.457,1.572,2.730
541.948,-1.452,1.572,2.728
542.059,-1.438,1.572,2.728
542.170,-1.424,1.572,2.729
542.281,-1.413,1.571,2.730
542.393,-1.404,1.569,2.731
542.504,-1.397,1.568,2.730
542.614,-1.393,1.568,2.729
542.726,-1.390,1.567,2.727
542.837,-1.388,1.567,2.725
542.948,-1.388,1.566,2.722
543.059,-1.389,1.566,2.721
543.171,-1.390,1.565,2.720
543.281,-1.392,1.565,2.720
543.392,-1.405,1.566,2.719
543.504,-1.423,1.566,2.720
543.614,-1.435,1.566,2.720
543.725,-1.441,1.566,2.720
543.837,-1.443,1.566,2.720
543.947,-1.439,1.566,2.720
544.059,-1.428,1.567,2.721
544.170,-1.417,1.567,2.723
544.281,-1.408,1.567,2.725
544.392,-1.401,1.567,2.726
544.503,-1.395,1.566,2.727
544.614,-1.392,1.567,2.728
544.726,-1.392,1.568,2.728
544.837,-1.393,1.570,2.727
544.947,-1.394,1.572,2.728
545.058,-1.393,1.575,2.729
545.170,-1.392,1.578,2.731
545.281,-1.391,1.579,2.732
545.392,-1.388,1.579,2.733
545.504,-1.383,1.578,2.733
545.615,-1.378,1.577,2.734
545.726,-1.374,1.577,2.735
545.837,-1.371,1.577,2.736
545.948,-1.370,1.576,2.737
546.060,-1.373,1.575,2.737
546.170,-1.375,1.574,2.736
546.281,-1.379,1.576,2.733
546.392,-1.386,1.572,2.732
546.504,-1.392,1.570,2.730
546.614,-1.398,1.568,2.728
546.726,-1.404,1.567,2.727
546.837,-1.410,1.567,2.726
546.948,-1.415,1.568,2.726
547.059,-1.415,1.569,2.725
547.170,-1.404,1.570,2.724
547.281,-1.390,1.571,2.726
547.392,-1.379,1.572,2.729
547.504,-1.370,1.570,2.731
547.614,-1.364,1.568,2.736
547.726,-1.360,1.568,2.740
547.837,-1.356,1.567,2.742
547.948,-1.353,1.565,2.744
548.058,-1.354,1.564,2.745
548.169,-1.356,1.563,2.746
548.280,-1.358,1.564,2.748
548.392,-1.361,1.565,2.747
548.503,-1.363,1.563,2.746
548.614,-1.364,1.562,2.744
548.725,-1.364,1.561,2.742
548.837,-1.364,1.562,2.741
548.947,-1.366,1.565,2.740
549.059,-1.372,1.567,2.739
549.169,-1.380,1.569,2.737
549.280,-1.389,1.569,2.735
549.392,-1.397,1.569,2.733
549.503,-1.406,1.570,2.732
549.614,-1.415,1.570,2.731
549.725,-1.423,1.570,2.730
549.836,-1.429,1.570,2.729
549.947,-1.434,1.571,2.728
550.059,-1.437,1.571,2.729
550.170,-1.440,1.573,2.729
550.281,-1.444,1.576,2.730
550.392,-1.448,1.577,2.730
550.504,-1.452,1.578,2.731
550.614,-1.457,1.577,2.730
550.726,-1.460,1.577,2.730
550.837,-1.460,1.577,2.730
550.948,-1.452,1.577,2.730
551.059,-1.437,1.577,2.730
551.170,-1.426,1.577,2.730
551.281,-1.420,1.577,2.729
551.393,-1.415,1.575,2.728
551.504,-1.408,1.573,2.727
551.615,-1.398,1.571,2.728
551.726,-1.390,1.571,2.729
551.837,-1.386,1.571,2.729
551.948,-1.385,1.571,2.728
552.059,-1.385,1.571,2.727
552.170,-1.385,1.570,2.727
552.281,-1.385,1.571,2.727
552.392,-1.384,1.572,2.728
552.503,-1.385,1.574,2.728
552.615,-1.387,1.575,2.730
552.726,-1.391,1.578,2.730
552.837,-1.395,1.578,2.730
552.948,-1.399,1.577,2.730
553.059,-1.405,1.578,2.730
553.170,-1.412,1.578,2.730
553.281,-1.419,1.577,2.730
553.392,-1.425,1.578,2.729
553.504,-1.429,1.578,2.730
553.615,-1.434,1.578,2.731
553.726,-1.440,1.580,2.731
553.837,-1.446,1.580,2.731
553.937,-1.450,1.582,2.731
554.045,-1.453,1.582,2.730
554.156,-1.456,1.582,2.731
554.268,-1.459,1.582,2.731
554.379,-1.453,1.584,2.730
554.490,-1.440,1.589,2.732
554.601,-1.433,1.596,2.737
554.712,-1.432,1.598,2.743
554.823,-1.438,1.596,2.748
554.934,-1.450,1.592,2.750
555.045,-1.465,1.587,2.751
555.156,-1.477,1.585,2.751
555.268,-1.488,1.584,2.752
555.379,-1.498,1.583,2.753
555.490,-1.508,1.582,2.754
555.601,-1.520,1.585,2.755
555.712,-1.532,1.587,2.758
555.823,-1.545,1.585,2.759
555.935,-1.551,1.585,2.758
556.045,-1.546,1.588,2.764
556.156,-1.537,1.591,2.777
556.268,-1.530,1.595,2.791
556.378,-1.524,1.597,2.804
556.487,-1.526,1.595,2.808
556.597,-1.526,1.591,2.812
556.708,-1.519,1.588,2.823
556.820,-1.501,1.587,2.837
556.920,-1.481,1.587,2.853
557.031,-1.459,1.588,2.871
557.142,-1.440,1.587,2.886
557.253,-1.423,1.587,2.898
557.365,-1.412,1.586,2.908
557.476,-1.406,1.586,2.916
557.587,-1.409,1.587,2.924
557.698,-1.414,1.590,2.931
557.809,-1.416,1.591,2.936
557.921,-1.413,1.591,2.938
558.031,-1.408,1.592,2.939
558.142,-1.402,1.593,2.940
558.254,-1.400,1.595,2.937
558.364,-1.403,1.599,2.932
558.476,-1.411,1.598,2.926
558.587,-1.423,1.599,2.921
558.699,-1.435,1.607,2.916
558.809,-1.446,1.611,2.910
558.921,-1.458,1.612,2.905
559.032,-1.469,1.612,2.900
559.143,-1.479,1.611,2.893
559.254,-1.485,1.611,2.889
559.365,-1.489,1.611,2.888
559.476,-1.488,1.609,2.888
559.587,-1.485,1.609,2.893
559.699,-1.480,1.609,2.898
559.809,-1.473,1.609,2.903
559.921,-1.465,1.608,2.907
560.032,-1.455,1.609,2.909
560.142,-1.446,1.605,2.907
560.254,-1.440,1.603,2.905
560.365,-1.437,1.603,2.901
560.476,-1.436,1.603,2.896
560.587,-1.435,1.605,2.892
560.698,-1.429,1.606,2.890
560.809,-1.416,1.605,2.895
560.921,-1.395,1.601,2.907
561.031,-1.370,1.600,2.918
561.143,-1.347,1.604,2.925
561.254,-1.326,1.610,2.931
561.364,-1.308,1.613,2.940
561.476,-1.290,1.614,2.948
561.587,-1.275,1.613,2.955
561.698,-1.267,1.613,2.959
561.809,-1.262,1.613,2.961
561.921,-1.258,1.613,2.963
562.032,-1.254,1.613,2.964
562.143,-1.251,1.612,2.966
562.254,-1.251,1.611,2.966
562.365,-1.252,1.612,2.967
562.476,-1.253,1.612,2.968
562.587,-1.254,1.611,2.968
562.698,-1.255,1.611,2.969
562.809,-1.257,1.612,2.970
562.921,-1.258,1.613,2.971
563.031,-1.258,1.616,2.973
563.143,-1.257,1.617,2.973
563.309,-1.253,1.613,2.980
563.421,-1.251,1.611,2.984
563.532,-1.248,1.610,2.990
563.643,-1.244,1.609,2.996
563.754,-1.243,1.608,3.001
563.865,-1.245,1.608,3.000
563.976,-1.250,1.608,2.994
564.088,-1.255,1.608,2.986
564.198,-1.262,1.607,2.976
564.310,-1.273,1.607,2.964
564.421,-1.290,1.606,2.950
564.531,-1.309,1.606,2.938
564.643,-1.330,1.608,2.926
564.754,-1.347,1.608,2.918
564.865,-1.363,1.609,2.913
564.976,-1.375,1.609,2.909
565.088,-1.382,1.610,2.906
565.198,-1.389,1.611,2.903
565.309,-1.395,1.612,2.902
565.421,-1.396,1.612,2.901
565.531,-1.392,1.611,2.902
565.643,-1.379,1.612,2.906
565.754,-1.362,1.611,2.912
565.865,-1.347,1.610,2.919
565.976,-1.336,1.609,2.924
566.087,-1.331,1.608,2.927
566.199,-1.328,1.606,2.928
566.309,-1.327,1.606,2.927
566.421,-1.329,1.606,2.926
566.531,-1.332,1.607,2.922
566.643,-1.341,1.608,2.917
566.754,-1.354,1.610,2.911
566.865,-1.371,1.610,2.905
566.976,-1.390,1.611,2.901
567.088,-1.408,1.611,2.899
567.198,-1.424,1.612,2.897
567.309,-1.434,1.612,2.896
567.421,-1.440,1.613,2.894
567.532,-1.443,1.612,2.892
567.642,-1.445,1.612,2.891
567.754,-1.446,1.612,2.890
567.865,-1.447,1.612,2.891
567.976,-1.447,1.612,2.892
568.087,-1.446,1.612,2.893
568.198,-1.445,1.612,2.894
568.310,-1.443,1.611,2.894
568.421,-1.439,1.608,2.894
568.531,-1.429,1.596,2.892
568.643,-1.415,1.580,2.885
568.754,-1.404,1.568,2.880
568.864,-1.398,1.564,2.880
568.976,-1.398,1.566,2.884
569.087,-1.399,1.568,2.891
569.198,-1.395,1.569,2.898
569.310,-1.390,1.571,2.901
569.420,-1.389,1.571,2.899
569.531,-1.397,1.569,2.896
569.643,-1.406,1.572,2.895
569.754,-1.407,1.579,2.894
569.865,-1.406,1.584,2.893
569.976,-1.410,1.588,2.892
570.087,-1.413,1.590,2.891
570.198,-1.410,1.591,2.892
570.309,-1.405,1.595,2.893
570.421,-1.408,1.597,2.891
570.532,-1.413,1.597,2.888
570.643,-1.411,1.597,2.887
570.754,-1.410,1.598,2.886
570.865,-1.413,1.600,2.886
570.976,-1.410,1.599,2.887
571.088,-1.409,1.599,2.886
571.198,-1.410,1.600,2.887
571.309,-1.408,1.600,2.887
571.421,-1.405,1.599,2.887
571.532,-1.407,1.601,2.889
571.643,-1.410,1.605,2.893
571.754,-1.416,1.607,2.894
571.865,-1.425,1.604,2.893
571.976,-1.428,1.604,2.888
572.087,-1.427,1.602,2.885
572.198,-1.427,1.601,2.884
572.309,-1.427,1.603,2.885
572.421,-1.428,1.603,2.886
572.532,-1.429,1.607,2.888
572.643,-1.430,1.612,2.891
572.754,-1.433,1.622,2.895
572.865,-1.438,1.635,2.902
572.976,-1.441,1.646,2.908
573.088,-1.442,1.651,2.914
573.198,-1.441,1.653,2.919
573.309,-1.438,1.654,2.923
573.421,-1.435,1.655,2.927
573.532,-1.433,1.655,2.929
573.643,-1.432,1.655,2.931
573.754,-1.430,1.656,2.931
573.865,-1.428,1.656,2.930
573.976,-1.427,1.655,2.929
574.088,-1.425,1.653,2.927
574.198,-1.424,1.652,2.926
574.309,-1.421,1.652,2.925
574.421,-1.418,1.650,2.924
574.531,-1.415,1.649,2.922
574.643,-1.410,1.648,2.921
574.754,-1.405,1.646,2.920
574.865,-1.399,1.644,2.919
574.976,-1.392,1.643,2.918
575.087,-1.384,1.641,2.916
575.198,-1.374,1.640,2.915
575.309,-1.360,1.638,2.914
575.421,-1.342,1.635,2.915
575.532,-1.317,1.631,2.916
575.643,-1.287,1.627,2.918
575.754,-1.260,1.623,2.922
575.865,-1.235,1.620,2.925
575.976,-1.217,1.618,2.927
576.088,-1.204,1.618,2.924
576.198,-1.194,1.618,2.916
576.310,-1.187,1.619,2.901
576.421,-1.181,1.619,2.879
576.532,-1.176,1.618,2.854
576.643,-1.170,1.620,2.826
576.754,-1.164,1.624,2.794
576.865,-1.152,1.626,2.766
576.976,-1.135,1.625,2.748
577.088,-1.115,1.623,2.735
577.199,-1.096,1.618,2.721
577.310,-1.077,1.614,2.711
577.421,-1.061,1.612,2.711
577.532,-1.046,1.612,2.721
577.643,-1.027,1.612,2.742
577.754,-1.000,1.613,2.772
577.865,-0.965,1.617,2.808
577.976,-0.928,1.619,2.841
578.088,-0.898,1.619,2.865
578.198,-0.876,1.617,2.884
578.309,-0.860,1.614,2.898
578.421,-0.848,1.616,2.904
578.532,-0.841,1.614,2.909
578.643,-0.839,1.614,2.912
578.754,-0.839,1.612,2.918
578.865,-0.841,1.609,2.923
578.976,-0.845,1.606,2.928
579.088,-0.849,1.606,2.933
579.198,-0.854,1.607,2.934
579.309,-0.861,1.607,2.934
579.420,-0.866,1.605,2.934
579.531,-0.868,1.604,2.936
579.643,-0.870,1.603,2.938
579.754,-0.871,1.602,2.942
579.865,-0.871,1.602,2.945
579.976,-0.870,1.603,2.946
580.087,-0.869,1.601,2.946
580.198,-0.868,1.600,2.947
580.309,-0.870,1.599,2.946
580.421,-0.872,1.598,2.943
580.531,-0.875,1.598,2.939
580.643,-0.879,1.597,2.935
580.754,-0.883,1.596,2.931
580.865,-0.887,1.595,2.927
580.976,-0.893,1.595,2.924
581.088,-0.902,1.595,2.919
581.198,-0.915,1.595,2.913
581.309,-0.933,1.596,2.906
581.421,-0.957,1.595,2.897
581.532,-0.987,1.598,2.887
581.643,-1.023,1.600,2.874
581.754,-1.064,1.601,2.858
581.865,-1.106,1.602,2.845
581.976,-1.146,1.601,2.834
582.088,-1.182,1.603,2.824
582.198,-1.215,1.605,2.815
582.309,-1.243,1.604,2.806
582.421,-1.267,1.602,2.798
582.531,-1.285,1.603,2.788
582.643,-1.297,1.604,2.773
582.754,-1.303,1.605,2.754
582.865,-1.307,1.609,2.730
582.976,-1.310,1.610,2.707
583.088,-1.316,1.607,2.688
583.198,-1.323,1.604,2.676
583.309,-1.330,1.602,2.669
583.421,-1.336,1.601,2.666
583.531,-1.343,1.602,2.669
583.642,-1.349,1.601,2.675
583.754,-1.354,1.600,2.688
583.864,-1.357,1.602,2.707
583.976,-1.358,1.607,2.735
584.087,-1.360,1.613,2.767
584.198,-1.364,1.616,2.802
584.309,-1.370,1.616,2.838
584.420,-1.377,1.615,2.873
584.531,-1.386,1.613,2.907
584.642,-1.400,1.611,2.938
584.754,-1.424,1.606,2.961
584.864,-1.457,1.603,2.979
584.976,-1.497,1.599,2.988
585.087,-1.544,1.602,2.986
585.197,-1.599,1.617,2.979
585.308,-1.656,1.629,2.973
585.420,-1.710,1.631,2.967
585.531,-1.761,1.635,2.959
585.642,-1.807,1.635,2.955
585.754,-1.844,1.635,2.960
585.865,-1.871,1.632,2.972
585.976,-1.891,1.635,2.991
586.087,-1.906,1.638,3.010
586.199,-1.917,1.631,3.023
586.309,-1.916,1.628,3.026
586.420,-1.901,1.627,3.024
586.531,-1.876,1.626,3.019
586.643,-1.847,1.627,3.011
586.754,-1.808,1.631,2.996
586.865,-1.760,1.634,2.976
586.976,-1.709,1.633,2.954
587.087,-1.663,1.633,2.931
587.198,-1.625,1.632,2.908
587.309,-1.594,1.630,2.883
587.421,-1.573,1.626,2.857
587.531,-1.566,1.624,2.829
587.643,-1.573,1.621,2.796
587.754,-1.589,1.626,2.753
587.865,-1.604,1.632,2.708
587.976,-1.611,1.633,2.666
588.087,-1.612,1.629,2.635
588.191,-1.609,1.628,2.621
588.295,-1.603,1.628,2.618
588.406,-1.596,1.628,2.625
588.518,-1.586,1.627,2.643
588.629,-1.575,1.630,2.674
588.740,-1.558,1.632,2.720
588.851,-1.537,1.631,2.783
588.962,-1.513,1.631,2.860
589.073,-1.493,1.626,2.938
589.184,-1.476,1.623,3.001
589.295,-1.454,1.621,3.044
589.406,-1.426,1.616,3.071
589.518,-1.395,1.612,3.088
589.629,-1.364,1.609,3.095
589.739,-1.330,1.607,3.089
589.850,-1.290,1.610,3.074
589.962,-1.239,1.617,3.054
590.072,-1.186,1.621,3.039
590.183,-1.137,1.623,3.029
590.295,-1.097,1.627,3.026
590.406,-1.066,1.631,3.035
590.517,-1.042,1.625,3.060
590.628,-1.031,1.630,3.092
590.739,-1.030,1.638,3.136
590.851,-1.023,1.640,3.185
590.963,-1.004,1.645,3.220
591.074,-0.977,1.647,3.234
591.185,-0.946,1.648,3.228
591.296,-0.915,1.647,3.204
591.407,-0.892,1.645,3.162
591.519,-0.876,1.657,3.110
591.630,-0.864,1.664,3.060
591.740,-0.847,1.663,3.019
591.852,-0.832,1.656,2.992
591.963,-0.819,1.651,2.974
592.073,-0.803,1.647,2.967
592.185,-0.779,1.644,2.968
592.295,-0.750,1.640,2.976
592.407,-0.720,1.639,2.988
592.518,-0.687,1.629,2.996
592.629,-0.655,1.619,2.998
592.740,-0.626,1.616,2.996
592.851,-0.610,1.615,2.994
592.962,-0.610,1.614,2.993
593.073,-0.615,1.610,2.992
593.184,-0.621,1.604,2.991
593.296,-0.625,1.598,2.988
593.406,-0.629,1.596,2.987
593.518,-0.632,1.596,2.987
593.629,-0.634,1.597,2.987
593.740,-0.634,1.598,2.985
593.851,-0.633,1.598,2.984
593.962,-0.630,1.598,2.981
594.073,-0.623,1.597,2.978
594.184,-0.610,1.596,2.975
594.296,-0.589,1.595,2.975
594.407,-0.567,1.591,2.978
594.518,-0.554,1.589,2.982
594.629,-0.551,1.588,2.984
594.740,-0.545,1.587,2.987
594.852,-0.540,1.587,2.991
594.962,-0.536,1.588,2.993
595.073,-0.535,1.589,2.995
595.184,-0.536,1.589,2.996
595.296,-0.537,1.589,2.996
595.407,-0.537,1.590,2.997
595.518,-0.537,1.592,2.997
595.629,-0.535,1.592,2.999
595.740,-0.532,1.592,3.002
595.851,-0.529,1.592,3.003
595.963,-0.524,1.589,3.004
596.074,-0.517,1.588,3.007
596.185,-0.500,1.586,3.015
596.296,-0.488,1.585,3.021
596.407,-0.487,1.584,3.020
596.518,-0.491,1.584,3.018
596.629,-0.515,1.585,3.008
596.740,-0.559,1.587,3.001
596.851,-0.601,1.587,3.004
596.962,-0.635,1.586,3.008
597.073,-0.660,1.587,3.009
597.184,-0.691,1.588,3.013
597.296,-0.733,1.590,3.024
597.407,-0.780,1.592,3.037
597.518,-0.829,1.592,3.049
597.629,-0.880,1.594,3.062
597.740,-0.931,1.596,3.075
597.851,-0.976,1.598,3.083
597.963,-1.016,1.603,3.086
598.074,-1.054,1.601,3.081
598.185,-1.090,1.597,3.069
598.296,-1.126,1.594,3.050
598.407,-1.162,1.591,3.021
598.518,-1.196,1.592,2.984
598.629,-1.230,1.601,2.942
598.740,-1.267,1.611,2.903
598.851,-1.307,1.612,2.874
598.962,-1.346,1.614,2.854
599.074,-1.387,1.613,2.843
599.185,-1.431,1.611,2.840
599.296,-1.478,1.607,2.846
599.407,-1.526,1.604,2.862
599.518,-1.576,1.612,2.889
599.629,-1.622,1.630,2.922
599.740,-1.665,1.647,2.952
599.851,-1.705,1.650,2.973
599.963,-1.741,1.650,2.986
600.073,-1.778,1.650,2.994
600.185,-1.816,1.643,2.996
600.296,-1.860,1.624,2.993
600.406,-1.911,1.599,2.983
600.517,-1.969,1.580,2.970
600.629,-2.027,1.583,2.953
600.740,-2.083,1.591,2.937
600.850,-2.133,1.588,2.929
600.962,-2.176,1.589,2.925
601.073,-2.210,1.586,2.928
601.184,-2.240,1.586,2.942
601.296,-2.265,1.585,2.963
601.407,-2.288,1.588,2.993
601.518,-2.315,1.595,3.024
601.629,-2.338,1.593,3.050
601.740,-2.351,1.590,3.065
601.851,-2.355,1.588,3.071
601.962,-2.350,1.587,3.070
602.073,-2.336,1.587,3.063
602.184,-2.315,1.588,3.052
602.296,-2.289,1.589,3.035
602.407,-2.257,1.592,3.013
602.518,-2.218,1.595,2.989
602.629,-2.174,1.598,2.963
602.740,-2.125,1.601,2.937
602.851,-2.072,1.606,2.909
602.962,-2.019,1.606,2.883
603.073,-1.969,1.599,2.861
603.184,-1.925,1.591,2.843
603.296,-1.888,1.585,2.830
603.407,-1.858,1.579,2.819
603.518,-1.835,1.574,2.802
603.629,-1.818,1.570,2.779
603.740,-1.804,1.569,2.750
603.851,-1.793,1.573,2.715
603.962,-1.785,1.592,2.672
604.073,-1.778,1.607,2.626
604.184,-1.767,1.612,2.584
604.296,-1.755,1.613,2.551
604.407,-1.744,1.610,2.527
604.518,-1.735,1.609,2.512
604.629,-1.725,1.610,2.502
604.740,-1.711,1.611,2.496
604.852,-1.692,1.610,2.492
604.962,-1.669,1.607,2.494
605.073,-1.642,1.602,2.507
605.184,-1.613,1.602,2.527
605.296,-1.578,1.604,2.555
605.407,-1.541,1.602,2.578
605.518,-1.511,1.598,2.595
605.629,-1.495,1.602,2.605
605.740,-1.491,1.604,2.613
605.851,-1.488,1.606,2.620
605.962,-1.490,1.610,2.620
606.073,-1.501,1.607,2.619
606.184,-1.521,1.608,2.613
606.296,-1.541,1.608,2.605
606.407,-1.561,1.607,2.596
606.518,-1.581,1.608,2.586
606.629,-1.600,1.609,2.576
606.740,-1.618,1.610,2.563
606.851,-1.637,1.611,2.550
606.962,-1.658,1.612,2.534
607.073,-1.678,1.608,2.517
607.185,-1.697,1.605,2.501
607.296,-1.711,1.603,2.488
607.407,-1.719,1.603,2.478
607.518,-1.721,1.603,2.470
607.629,-1.718,1.604,2.464
607.740,-1.711,1.604,2.459
607.851,-1.700,1.602,2.456
607.962,-1.686,1.598,2.456
608.073,-1.671,1.593,2.460
608.184,-1.654,1.589,2.467
608.296,-1.636,1.589,2.479
608.407,-1.616,1.589,2.497
608.518,-1.595,1.590,2.521
608.629,-1.570,1.593,2.552
608.740,-1.542,1.597,2.587
608.851,-1.514,1.601,2.623
608.962,-1.486,1.606,2.658
609.073,-1.459,1.607,2.691
609.184,-1.430,1.604,2.735
609.296,-1.406,1.606,2.781
609.407,-1.386,1.605,2.813
609.518,-1.368,1.602,2.831
609.629,-1.348,1.599,2.845
609.740,-1.325,1.596,2.850
609.851,-1.299,1.594,2.846
609.963,-1.271,1.593,2.831
610.074,-1.240,1.593,2.811
610.185,-1.206,1.596,2.793
610.296,-1.171,1.603,2.771
610.407,-1.136,1.609,2.747
610.519,-1.102,1.609,2.719
610.629,-1.074,1.609,2.688
610.740,-1.053,1.609,2.664
610.851,-1.036,1.609,2.654
610.963,-1.018,1.608,2.663
611.074,-0.994,1.605,2.687
611.185,-0.967,1.608,2.721
611.296,-0.937,1.608,2.750
611.407,-0.920,1.603,2.764
611.518,-0.924,1.599,2.769
611.629,-0.940,1.596,2.775
611.740,-0.954,1.597,2.783
611.851,-0.972,1.600,2.794
611.963,-1.008,1.607,2.813
612.073,-1.047,1.612,2.831
612.184,-1.082,1.616,2.845
612.296,-1.131,1.620,2.858
612.407,-1.194,1.613,2.868
612.517,-1.255,1.599,2.875
612.629,-1.305,1.587,2.880
612.740,-1.342,1.581,2.884
612.851,-1.370,1.575,2.888
612.962,-1.393,1.567,2.893
613.073,-1.403,1.562,2.894
613.184,-1.391,1.564,2.889
613.296,-1.338,1.576,2.876
613.407,-1.262,1.582,2.880
613.518,-1.192,1.569,2.897
613.629,-1.135,1.558,2.907
613.740,-1.086,1.557,2.912
613.851,-1.043,1.556,2.917
613.962,-1.005,1.555,2.923
614.073,-0.970,1.554,2.930
614.185,-0.943,1.556,2.937
614.296,-0.930,1.565,2.945
614.407,-0.927,1.578,2.952
614.518,-0.931,1.587,2.954
614.629,-0.936,1.593,2.947
614.740,-0.944,1.595,2.929
614.851,-0.953,1.592,2.905
614.962,-0.965,1.587,2.873
615.073,-0.977,1.586,2.839
615.184,-0.983,1.585,2.809
615.295,-0.980,1.582,2.792
615.407,-0.977,1.579,2.784
615.518,-0.975,1.576,2.785
615.630,-0.973,1.574,2.800
615.740,-0.970,1.577,2.828
615.851,-0.967,1.583,2.865
615.962,-0.962,1.592,2.908
616.073,-0.956,1.600,2.956
616.184,-0.947,1.604,3.003
616.296,-0.939,1.606,3.047
616.407,-0.931,1.608,3.086
616.518,-0.920,1.606,3.120
616.629,-0.902,1.587,3.151
616.740,-0.891,1.589,3.171
616.851,-0.883,1.593,3.175
616.962,-0.871,1.573,3.167
617.073,-0.855,1.536,3.149
617.185,-0.846,1.529,3.128
617.295,-0.837,1.539,3.110
617.406,-0.830,1.550,3.091
617.518,-0.822,1.576,3.064
617.629,-0.811,1.580,3.035
617.740,-0.799,1.564,3.001
617.851,-0.782,1.561,2.956
617.961,-0.769,1.536,2.915
618.072,-0.765,1.501,2.883
618.183,-0.756,1.495,2.871
618.294,-0.751,1.513,2.885
618.405,-0.753,1.544,2.914
618.518,-0.759,1.563,2.953
618.629,-0.766,1.565,2.991
618.740,-0.774,1.555,3.022
618.851,-0.784,1.551,3.044
618.962,-0.798,1.558,3.062
619.073,-0.812,1.563,3.079
619.182,-0.822,1.559,3.099
619.295,-0.828,1.543,3.123
619.405,-0.834,1.520,3.146
619.517,-0.839,1.513,3.154
619.628,-0.843,1.516,3.156
619.739,-0.846,1.517,3.153
619.850,-0.847,1.517,3.148
619.961,-0.848,1.517,3.143
620.073,-0.850,1.517,3.140
620.184,-0.853,1.517,3.137
620.295,-0.856,1.518,3.134
620.406,-0.859,1.519,3.132
620.517,-0.862,1.519,3.130
620.628,-0.864,1.519,3.129
620.739,-0.867,1.518,3.128
620.851,-0.870,1.517,3.128
620.962,-0.875,1.518,3.127
621.072,-0.879,1.528,3.126
621.184,-0.881,1.533,3.125
621.295,-0.882,1.529,3.123
621.406,-0.882,1.521,3.121
621.517,-0.882,1.518,3.120
621.629,-0.883,1.521,3.120
621.740,-0.883,1.521,3.120
621.851,-0.883,1.519,3.118
621.962,-0.884,1.520,3.117
622.073,-0.883,1.519,3.114
622.184,-0.880,1.517,3.110
622.295,-0.879,1.518,3.104
622.406,-0.878,1.520,3.097
622.517,-0.874,1.526,3.086
622.629,-0.871,1.532,3.071
622.739,-0.865,1.536,3.055
622.850,-0.860,1.536,3.041
622.962,-0.854,1.536,3.029
623.073,-0.848,1.538,3.018
623.184,-0.841,1.542,3.004
623.290,-0.829,1.546,2.985
623.399,-0.817,1.547,2.973
623.511,-0.807,1.547,2.967
623.621,-0.795,1.547,2.957
623.733,-0.783,1.551,2.950
623.836,-0.775,1.554,2.952
623.947,-0.766,1.555,2.964
624.058,-0.757,1.557,2.986
624.169,-0.750,1.556,3.017
624.278,-0.746,1.557,3.059
624.391,-0.745,1.562,3.107
624.502,-0.744,1.566,3.155
624.613,-0.748,1.572,3.198
624.724,-0.757,1.574,3.240
624.836,-0.766,1.572,3.276
624.947,-0.767,1.569,3.302
625.058,-0.760,1.567,3.317
625.169,-0.747,1.567,3.326
625.281,-0.731,1.566,3.331
625.392,-0.712,1.566,3.332
625.503,-0.687,1.567,3.332
625.614,-0.659,1.567,3.330
625.725,-0.625,1.571,3.324
625.837,-0.587,1.576,3.319
625.947,-0.552,1.581,3.313
626.059,-0.518,1.585,3.307
626.170,-0.487,1.586,3.302
626.281,-0.461,1.586,3.299
626.392,-0.440,1.584,3.303
626.503,-0.422,1.583,3.315
626.615,-0.408,1.583,3.337
626.726,-0.401,1.592,3.382
626.837,-0.418,1.609,3.448
626.948,-0.443,1.617,3.504
627.059,-0.468,1.614,3.543
627.170,-0.491,1.611,3.567
627.282,-0.509,1.609,3.578
627.392,-0.520,1.608,3.579
627.503,-0.526,1.607,3.577
627.614,-0.521,1.605,3.574
627.726,-0.497,1.595,3.567
627.837,-0.482,1.588,3.560
627.948,-0.479,1.588,3.555
628.059,-0.477,1.588,3.552
628.170,-0.476,1.587,3.551
628.281,-0.479,1.586,3.550
628.393,-0.482,1.586,3.551
628.503,-0.485,1.585,3.551
628.615,-0.488,1.584,3.552
628.726,-0.491,1.583,3.553
628.837,-0.495,1.586,3.555
628.948,-0.512,1.598,3.559
629.059,-0.528,1.607,3.561
629.170,-0.537,1.609,3.563
629.281,-0.542,1.608,3.565
629.392,-0.546,1.607,3.566
629.503,-0.547,1.605,3.567
629.614,-0.547,1.605,3.567
629.726,-0.546,1.607,3.566
629.837,-0.538,1.612,3.563
629.948,-0.497,1.622,3.550
630.059,-0.448,1.631,3.513
630.171,-0.418,1.635,3.455
630.282,-0.424,1.631,3.396
630.393,-0.449,1.627,3.359
630.504,-0.476,1.623,3.339
630.615,-0.501,1.623,3.322
630.726,-0.538,1.623,3.300
630.837,-0.580,1.623,3.271
630.948,-0.619,1.617,3.241
631.059,-0.655,1.615,3.220
631.170,-0.683,1.613,3.204
631.281,-0.693,1.608,3.190
631.393,-0.692,1.609,3.178
631.504,-0.677,1.608,3.163
631.614,-0.648,1.606,3.146
631.726,-0.615,1.613,3.127
631.837,-0.588,1.616,3.109
631.948,-0.570,1.618,3.105
632.059,-0.556,1.624,3.120
632.170,-0.543,1.628,3.148
632.281,-0.534,1.628,3.182
632.392,-0.534,1.631,3.220
632.503,-0.544,1.632,3.259
632.614,-0.555,1.635,3.298
632.725,-0.574,1.640,3.330
632.836,-0.607,1.645,3.350
632.948,-0.666,1.647,3.349
633.059,-0.740,1.645,3.307
633.170,-0.802,1.627,3.267
633.281,-0.865,1.620,3.246
633.392,-0.928,1.626,3.236
633.504,-0.994,1.638,3.255
633.615,-1.052,1.646,3.304
633.726,-1.086,1.640,3.359
633.837,-1.100,1.626,3.415
633.948,-1.108,1.617,3.471
634.059,-1.110,1.607,3.530
634.171,-1.103,1.602,3.589
634.282,-1.093,1.605,3.647
634.393,-1.083,1.600,3.700
634.504,-1.080,1.595,3.750
634.615,-1.078,1.592,3.794
634.726,-1.080,1.593,3.831
634.837,-1.089,1.593,3.866
634.948,-1.108,1.592,3.903
635.059,-1.138,1.594,3.948
635.170,-1.177,1.593,3.989
635.281,-1.217,1.599,4.027
635.392,-1.250,1.599,4.072
635.504,-1.265,1.595,4.121
635.614,-1.261,1.595,4.170
635.726,-1.238,1.595,4.218
635.837,-1.203,1.595,4.260
635.948,-1.158,1.595,4.294
636.059,-1.102,1.600,4.324
636.171,-1.046,1.607,4.346
636.281,-0.994,1.623,4.360
636.393,-0.946,1.625,4.363
636.504,-0.908,1.620,4.365
636.615,-0.878,1.618,4.366
636.727,-0.858,1.617,4.361
636.838,-0.854,1.615,4.358
636.948,-0.863,1.615,4.371
637.059,-0.870,1.620,4.400
637.171,-0.864,1.626,4.433
637.282,-0.856,1.623,4.461
637.393,-0.848,1.619,4.484
637.504,-0.834,1.619,4.500
637.615,-0.826,1.616,4.513
637.726,-0.823,1.618,4.517
637.838,-0.821,1.614,4.510
637.948,-0.821,1.610,4.491
638.059,-0.824,1.604,4.463
638.171,-0.836,1.601,4.424
638.282,-0.856,1.596,4.380
638.393,-0.882,1.594,4.333
638.504,-0.908,1.597,4.292
638.615,-0.929,1.603,4.258
638.726,-0.944,1.604,4.228
638.837,-0.955,1.600,4.199
638.948,-0.963,1.600,4.167
639.059,-0.966,1.598,4.130
639.170,-0.965,1.595,4.091
639.282,-0.957,1.596,4.047
639.393,-0.938,1.601,4.002
639.504,-0.915,1.613,3.957
639.615,-0.896,1.619,3.907
639.726,-0.887,1.619,3.851
639.837,-0.890,1.621,3.792
639.948,-0.901,1.615,3.732
640.060,-0.919,1.598,3.670
640.171,-0.934,1.596,3.604
640.281,-0.938,1.594,3.530
640.393,-0.925,1.591,3.452
640.504,-0.900,1.582,3.371
640.616,-0.864,1.575,3.289
640.726,-0.822,1.577,3.208
640.838,-0.784,1.590,3.133
640.948,-0.749,1.596,3.059
641.060,-0.712,1.598,2.981
641.171,-0.674,1.591,2.894
641.282,-0.642,1.578,2.799
641.393,-0.619,1.575,2.703
641.504,-0.595,1.589,2.611
641.615,-0.566,1.596,2.525
641.726,-0.532,1.598,2.441
641.838,-0.495,1.591,2.352
641.949,-0.450,1.578,2.262
642.060,-0.402,1.571,2.175
642.171,-0.358,1.578,2.086
642.282,-0.330,1.582,1.994
642.393,-0.316,1.585,1.903
642.504,-0.309,1.576,1.808
642.615,-0.311,1.564,1.712
642.726,-0.322,1.564,1.612
642.838,-0.331,1.579,1.515
642.948,-0.329,1.585,1.428
643.060,-0.318,1.588,1.346
643.171,-0.300,1.582,1.266
643.282,-0.271,1.574,1.190
643.393,-0.231,1.572,1.119
643.504,-0.186,1.585,1.058
643.616,-0.145,1.594,1.000
643.729,-0.115,1.600,0.948
643.838,-0.088,1.600,0.894
643.949,-0.067,1.591,0.836
644.060,-0.051,1.581,0.771
644.171,-0.039,1.584,0.706
644.282,-0.021,1.577,0.664
644.394,-0.009,1.562,0.654
644.505,-0.006,1.553,0.664
644.615,-0.010,1.552,0.684
644.726,-0.022,1.554,0.701
644.838,-0.042,1.562,0.720
644.948,-0.070,1.572,0.750
645.059,-0.090,1.576,0.775
645.171,-0.091,1.577,0.793
645.282,-0.096,1.578,0.817
645.393,-0.099,1.577,0.840
645.504,-0.100,1.576,0.863
645.615,-0.100,1.574,0.886
645.726,-0.098,1.571,0.905
645.838,-0.095,1.569,0.915
645.949,-0.087,1.570,0.919
646.060,-0.072,1.572,0.917
646.171,-0.049,1.570,0.911
646.282,-0.019,1.570,0.899
646.393,0.017,1.573,0.886
646.504,0.052,1.573,0.877
646.615,0.080,1.569,0.873
646.726,0.098,1.565,0.870
646.837,0.105,1.565,0.867
646.948,0.104,1.566,0.865
647.059,0.100,1.567,0.868
647.171,0.095,1.567,0.870
647.281,0.091,1.569,0.871
647.393,0.089,1.570,0.870
647.504,0.088,1.571,0.869
647.615,0.088,1.571,0.869
647.726,0.086,1.570,0.869
647.837,0.082,1.572,0.869
647.948,0.075,1.573,0.869
648.059,0.063,1.576,0.872
648.171,0.046,1.574,0.875
648.281,0.026,1.568,0.877
648.392,0.005,1.561,0.877
648.503,-0.012,1.557,0.878
648.614,-0.024,1.552,0.880
648.726,-0.035,1.547,0.882
648.837,-0.047,1.546,0.886
648.948,-0.058,1.546,0.891
649.059,-0.067,1.547,0.895
649.170,-0.072,1.547,0.897
649.281,-0.071,1.548,0.894
649.392,-0.063,1.551,0.887
649.503,-0.049,1.552,0.879
649.614,-0.029,1.550,0.866
649.726,-0.005,1.551,0.851
649.836,0.024,1.555,0.839
649.947,0.054,1.554,0.827
650.058,0.085,1.551,0.817
650.170,0.114,1.549,0.808
650.281,0.140,1.549,0.802
650.392,0.157,1.548,0.799
650.503,0.168,1.550,0.799
650.613,0.170,1.550,0.801
650.726,0.163,1.552,0.808
650.837,0.151,1.554,0.814
650.947,0.135,1.556,0.821
651.059,0.112,1.555,0.828
651.170,0.085,1.549,0.834
651.281,0.055,1.545,0.835
651.392,0.025,1.548,0.835
651.503,-0.004,1.545,0.836
651.614,-0.033,1.537,0.839
651.725,-0.058,1.533,0.844
651.837,-0.075,1.534,0.847
651.948,-0.087,1.538,0.847
652.059,-0.093,1.541,0.849
652.170,-0.097,1.542,0.850
652.282,-0.101,1.545,0.851
652.393,-0.102,1.546,0.849
652.504,-0.101,1.549,0.842
652.615,-0.096,1.553,0.829
652.726,-0.088,1.557,0.811
652.837,-0.076,1.560,0.785
652.948,-0.060,1.564,0.755
653.059,-0.044,1.571,0.723
653.171,-0.026,1.575,0.691
653.281,-0.011,1.575,0.658
653.393,0.003,1.574,0.627
653.504,0.015,1.572,0.602
653.615,0.023,1.571,0.580
653.726,0.029,1.571,0.566
653.837,0.033,1.569,0.556
653.948,0.035,1.569,0.551
654.059,0.035,1.568,0.552
654.170,0.033,1.569,0.558
654.281,0.030,1.568,0.570
654.393,0.023,1.568,0.588
654.504,0.013,1.568,0.609
654.615,0.002,1.572,0.634
654.726,-0.006,1.572,0.664
654.837,-0.012,1.568,0.697
654.948,-0.019,1.565,0.727
655.059,-0.026,1.563,0.753
655.170,-0.031,1.562,0.775
655.281,-0.031,1.560,0.792
655.392,-0.026,1.554,0.805
655.504,-0.022,1.550,0.816
655.615,-0.019,1.547,0.822
655.726,-0.020,1.544,0.824
655.837,-0.023,1.544,0.823
655.948,-0.026,1.544,0.819
656.060,-0.029,1.544,0.812
656.170,-0.032,1.545,0.807
656.281,-0.034,1.549,0.803
656.393,-0.036,1.551,0.800
656.504,-0.037,1.553,0.798
656.615,-0.038,1.553,0.799
656.726,-0.037,1.552,0.802
656.837,-0.036,1.550,0.806
656.948,-0.035,1.548,0.811
657.059,-0.033,1.546,0.813
657.171,-0.032,1.546,0.812
657.281,-0.032,1.546,0.810
657.393,-0.032,1.547,0.808
657.503,-0.032,1.546,0.805
657.614,-0.033,1.546,0.803
657.726,-0.034,1.547,0.801
657.837,-0.036,1.546,0.801
657.948,-0.038,1.545,0.803
658.059,-0.043,1.544,0.805
658.170,-0.047,1.543,0.808
658.281,-0.052,1.543,0.811
658.392,-0.056,1.543,0.815
658.504,-0.060,1.544,0.819
658.615,-0.062,1.544,0.824
658.726,-0.062,1.543,0.827
658.837,-0.061,1.543,0.828
658.948,-0.059,1.544,0.826
659.059,-0.056,1.544,0.823
659.170,-0.052,1.544,0.819
659.281,-0.049,1.544,0.814
659.393,-0.046,1.546,0.810
659.504,-0.044,1.546,0.806
659.615,-0.042,1.546,0.803
659.726,-0.043,1.546,0.801
659.837,-0.045,1.547,0.802
659.948,-0.047,1.547,0.805
660.059,-0.049,1.548,0.809
660.171,-0.050,1.548,0.815
660.281,-0.051,1.549,0.820
660.393,-0.051,1.550,0.823
660.504,-0.051,1.550,0.825
660.615,-0.050,1.549,0.825
660.726,-0.049,1.547,0.823
660.837,-0.047,1.548,0.820
660.948,-0.046,1.548,0.817
661.060,-0.044,1.548,0.815
661.170,-0.043,1.548,0.813
661.281,-0.042,1.548,0.812
661.393,-0.041,1.547,0.813
661.504,-0.040,1.548,0.814
661.615,-0.040,1.548,0.816
661.726,-0.040,1.547,0.817
661.837,-0.041,1.547,0.820
661.948,-0.042,1.548,0.824
662.059,-0.042,1.548,0.827
662.170,-0.043,1.549,0.831
662.281,-0.043,1.550,0.833
662.393,-0.043,1.551,0.834
662.504,-0.042,1.551,0.834
662.615,-0.041,1.552,0.834
662.726,-0.040,1.552,0.832
662.837,-0.038,1.552,0.830
662.948,-0.036,1.553,0.827
663.059,-0.035,1.554,0.824
663.170,-0.033,1.554,0.823
663.281,-0.032,1.558,0.819
663.393,-0.032,1.566,0.811
663.503,-0.033,1.576,0.799
663.615,-0.036,1.584,0.790
663.727,-0.038,1.592,0.785
663.838,-0.038,1.601,0.781
663.949,-0.039,1.608,0.779
664.060,-0.040,1.617,0.779
664.171,-0.043,1.625,0.780
664.283,-0.046,1.631,0.781
664.393,-0.050,1.637,0.780
664.505,-0.054,1.642,0.778
664.616,-0.055,1.646,0.777
664.727,-0.054,1.649,0.776
664.838,-0.053,1.650,0.775
664.949,-0.051,1.651,0.772
665.061,-0.050,1.650,0.771
665.171,-0.050,1.649,0.770
665.282,-0.050,1.648,0.770
665.393,-0.050,1.646,0.771
665.504,-0.048,1.645,0.775
665.616,-0.045,1.642,0.780
665.727,-0.038,1.636,0.791
665.838,-0.027,1.625,0.810
665.949,-0.017,1.602,0.840
666.060,-0.012,1.580,0.871
666.171,-0.008,1.555,0.894
666.282,-0.004,1.534,0.908
666.393,-0.002,1.519,0.917
666.504,0.000,1.515,0.920
666.615,0.003,1.515,0.919
666.726,0.005,1.514,0.914
666.837,0.006,1.516,0.910
666.948,0.007,1.518,0.906
667.060,0.007,1.519,0.903
667.171,0.007,1.521,0.900
667.282,0.007,1.522,0.897
667.393,0.006,1.523,0.896
667.504,0.005,1.523,0.895
667.615,0.004,1.523,0.896
667.726,0.001,1.521,0.898
667.838,-0.001,1.520,0.900
667.949,-0.003,1.519,0.902
668.060,-0.005,1.519,0.903
668.171,-0.006,1.520,0.903
668.282,-0.007,1.520,0.902
668.393,-0.007,1.520,0.901
668.504,-0.007,1.520,0.900
668.615,-0.008,1.520,0.901
668.726,-0.008,1.520,0.902
668.838,-0.009,1.519,0.902
668.948,-0.010,1.519,0.901
669.060,-0.010,1.518,0.899
669.171,-0.011,1.518,0.896
669.282,-0.012,1.519,0.893
669.393,-0.014,1.520,0.889
669.504,-0.015,1.521,0.887
669.615,-0.018,1.522,0.887
669.726,-0.022,1.521,0.888
669.838,-0.027,1.522,0.890
669.948,-0.032,1.523,0.892
670.060,-0.035,1.522,0.894
670.171,-0.036,1.521,0.896
670.282,-0.031,1.521,0.894
670.393,-0.029,1.520,0.886
670.504,-0.040,1.523,0.870
670.615,-0.065,1.530,0.846
670.726,-0.095,1.535,0.815
670.838,-0.129,1.536,0.780
670.948,-0.162,1.540,0.742
671.060,-0.194,1.540,0.704
671.171,-0.224,1.541,0.670
671.282,-0.248,1.542,0.643
671.393,-0.268,1.539,0.624
671.504,-0.287,1.535,0.609
671.615,-0.300,1.531,0.596
671.726,-0.311,1.529,0.588
671.837,-0.319,1.528,0.583
671.948,-0.323,1.528,0.579
672.060,-0.323,1.529,0.578
672.171,-0.318,1.528,0.581
672.282,-0.309,1.527,0.588
672.393,-0.295,1.526,0.600
672.504,-0.277,1.526,0.619
672.615,-0.256,1.527,0.645
672.727,-0.235,1.529,0.675
672.838,-0.211,1.529,0.707
672.948,-0.186,1.529,0.740
673.060,-0.161,1.532,0.774
673.171,-0.138,1.535,0.807
673.282,-0.116,1.538,0.836
673.393,-0.093,1.538,0.858
673.505,-0.072,1.535,0.871
673.615,-0.054,1.535,0.878
673.726,-0.040,1.533,0.876
673.838,-0.030,1.533,0.865
673.948,-0.021,1.536,0.846
674.060,-0.013,1.539,0.824
674.171,-0.004,1.543,0.799
674.282,0.007,1.546,0.776
674.393,0.018,1.544,0.758
674.504,0.030,1.542,0.745
674.615,0.043,1.541,0.742
674.726,0.056,1.542,0.749
674.837,0.067,1.541,0.767
674.948,0.074,1.542,0.794
675.060,0.081,1.544,0.825
675.171,0.088,1.545,0.852
675.282,0.095,1.544,0.877
675.393,0.101,1.543,0.897
675.504,0.107,1.542,0.912
675.615,0.110,1.540,0.924
675.726,0.113,1.538,0.934
675.838,0.115,1.537,0.942
675.948,0.117,1.536,0.947
676.060,0.118,1.535,0.952
676.171,0.119,1.534,0.957
676.282,0.122,1.533,0.963
676.393,0.124,1.531,0.969
676.504,0.126,1.528,0.973
676.615,0.129,1.527,0.974
676.726,0.130,1.525,0.973
676.837,0.131,1.524,0.971
676.949,0.130,1.525,0.969
677.060,0.131,1.526,0.966
677.171,0.130,1.526,0.962
677.282,0.129,1.528,0.961
677.393,0.128,1.529,0.960
677.504,0.128,1.529,0.958
677.615,0.130,1.528,0.958
677.726,0.132,1.526,0.961
677.837,0.134,1.524,0.963
677.948,0.137,1.524,0.964
678.060,0.136,1.523,0.965
678.171,0.134,1.524,0.966
678.282,0.132,1.525,0.968
678.393,0.132,1.525,0.967
678.504,0.134,1.526,0.965
678.615,0.133,1.526,0.963
678.727,0.131,1.526,0.960
678.838,0.129,1.528,0.956
678.949,0.128,1.529,0.952
679.060,0.128,1.530,0.948
679.171,0.128,1.532,0.945
679.282,0.130,1.533,0.943
679.393,0.133,1.533,0.944
679.505,0.138,1.531,0.947
679.615,0.142,1.529,0.948
679.727,0.144,1.528,0.949
679.837,0.144,1.529,0.951
679.948,0.141,1.535,0.958
680.060,0.137,1.540,0.961
680.171,0.125,1.544,0.956
680.271,0.111,1.545,0.940
680.379,0.098,1.547,0.912
680.490,0.087,1.563,0.883
680.601,0.072,1.585,0.853
680.712,0.057,1.609,0.825
680.823,0.044,1.631,0.800
680.935,0.034,1.644,0.780
681.045,0.012,1.661,0.767
681.157,-0.013,1.674,0.758
681.268,-0.029,1.680,0.759
681.379,-0.033,1.681,0.765
681.490,-0.012,1.671,0.772
681.602,0.017,1.640,0.776
681.713,0.036,1.606,0.771
681.824,0.041,1.582,0.773
681.935,0.039,1.568,0.787
682.046,0.033,1.560,0.807
682.157,0.026,1.556,0.825
682.268,0.020,1.551,0.835
682.380,0.020,1.546,0.832
682.490,0.029,1.537,0.809
682.602,0.036,1.531,0.777
682.713,0.040,1.529,0.753
682.824,0.042,1.528,0.738
682.935,0.045,1.528,0.728
683.046,0.048,1.530,0.711
683.157,0.047,1.531,0.676
683.292,0.038,1.526,0.644
683.394,-0.005,1.516,0.635
683.506,-0.045,1.510,0.658
683.618,-0.076,1.510,0.687
683.730,-0.103,1.509,0.711
683.836,-0.130,1.511,0.723
683.947,-0.166,1.515,0.729
684.059,-0.200,1.522,0.724
684.170,-0.221,1.528,0.709
684.281,-0.220,1.527,0.694
684.392,-0.193,1.523,0.697
684.503,-0.153,1.514,0.717
684.614,-0.110,1.503,0.746
684.725,-0.071,1.492,0.782
684.837,-0.039,1.487,0.817
684.948,-0.016,1.488,0.843
685.059,-0.008,1.491,0.856
685.170,-0.018,1.493,0.864
685.281,-0.038,1.491,0.870
685.393,-0.055,1.480,0.872
685.503,-0.074,1.475,0.866
685.614,-0.101,1.478,0.863
685.726,-0.147,1.494,0.863
685.837,-0.209,1.520,0.868
685.948,-0.264,1.539,0.876
686.059,-0.305,1.543,0.877
686.171,-0.342,1.540,0.878
686.281,-0.372,1.543,0.877
686.393,-0.381,1.535,0.866
686.503,-0.379,1.525,0.857
686.614,-0.380,1.530,0.850
686.726,-0.391,1.562,0.856
686.837,-0.400,1.587,0.869
686.948,-0.419,1.588,0.878
687.059,-0.444,1.581,0.875
687.171,-0.460,1.541,0.846
687.282,-0.456,1.488,0.807
687.393,-0.437,1.453,0.769
687.504,-0.401,1.428,0.732
687.615,-0.352,1.406,0.696
687.726,-0.283,1.395,0.658
687.838,-0.196,1.394,0.626
687.949,-0.099,1.399,0.614
688.060,-0.017,1.403,0.633
688.171,0.034,1.406,0.678
688.282,0.044,1.416,0.731
688.393,0.017,1.437,0.760
688.504,-0.024,1.465,0.766
688.615,-0.048,1.477,0.765
688.726,-0.067,1.487,0.752
688.838,-0.080,1.502,0.741
688.949,-0.087,1.515,0.734
689.059,-0.091,1.520,0.726
689.171,-0.100,1.521,0.716
689.281,-0.115,1.523,0.704
689.393,-0.132,1.520,0.689
689.504,-0.144,1.518,0.671
689.615,-0.149,1.517,0.648
689.727,-0.147,1.513,0.619
689.838,-0.139,1.507,0.594
689.948,-0.129,1.506,0.574
690.060,-0.119,1.505,0.563
690.171,-0.112,1.508,0.560
690.282,-0.110,1.512,0.561
690.393,-0.117,1.517,0.568
690.504,-0.131,1.523,0.583
690.615,-0.154,1.532,0.608
690.726,-0.189,1.543,0.644
690.838,-0.234,1.551,0.690
690.949,-0.287,1.561,0.739
691.059,-0.345,1.571,0.784
691.171,-0.405,1.575,0.822
691.282,-0.468,1.575,0.846
691.392,-0.537,1.571,0.855
691.504,-0.613,1.566,0.850
691.615,-0.692,1.564,0.833
691.726,-0.777,1.578,0.810
691.837,-0.862,1.581,0.794
691.948,-0.950,1.579,0.789
692.059,-1.045,1.569,0.789
692.170,-1.146,1.554,0.797
692.282,-1.248,1.543,0.812
692.393,-1.354,1.554,0.822
692.504,-1.454,1.559,0.820
692.615,-1.551,1.554,0.805
692.726,-1.644,1.537,0.774
692.837,-1.730,1.518,0.725
692.948,-1.797,1.503,0.674
693.059,-1.836,1.497,0.634
693.171,-1.841,1.489,0.603
693.282,-1.806,1.487,0.583
693.393,-1.756,1.500,0.581
693.504,-1.708,1.516,0.586
693.615,-1.661,1.519,0.589
693.726,-1.618,1.513,0.581
693.838,-1.571,1.504,0.556
693.949,-1.518,1.494,0.518
694.060,-1.469,1.478,0.479
694.171,-1.432,1.460,0.450
694.282,-1.405,1.449,0.432
694.393,-1.396,1.447,0.428
694.504,-1.408,1.453,0.436
694.616,-1.442,1.466,0.458
694.727,-1.486,1.483,0.492
694.838,-1.538,1.501,0.538
694.949,-1.594,1.517,0.594
695.060,-1.650,1.527,0.657
695.170,-1.701,1.529,0.721
695.281,-1.748,1.522,0.782
695.393,-1.790,1.511,0.830
695.504,-1.824,1.499,0.863
695.615,-1.850,1.489,0.882
695.726,-1.865,1.481,0.893
695.837,-1.874,1.477,0.892
695.948,-1.873,1.478,0.874
696.059,-1.857,1.488,0.831
696.171,-1.807,1.504,0.766
696.282,-1.725,1.518,0.713
696.393,-1.639,1.522,0.671
696.504,-1.552,1.520,0.630
696.615,-1.469,1.518,0.591
696.726,-1.407,1.518,0.556
696.838,-1.371,1.522,0.518
696.948,-1.351,1.524,0.469
697.060,-1.332,1.504,0.411
697.171,-1.321,1.472,0.352
697.282,-1.311,1.447,0.311
697.393,-1.304,1.439,0.299
697.504,-1.306,1.451,0.312
697.615,-1.320,1.473,0.343
697.727,-1.333,1.496,0.387
697.838,-1.345,1.517,0.436
697.948,-1.361,1.537,0.481
698.060,-1.386,1.549,0.525
698.171,-1.421,1.551,0.565
698.282,-1.464,1.549,0.596
698.393,-1.519,1.544,0.615
698.504,-1.587,1.542,0.625
698.615,-1.660,1.537,0.630
698.726,-1.724,1.524,0.631
698.837,-1.773,1.511,0.630
698.948,-1.808,1.495,0.630
699.060,-1.826,1.487,0.624
699.170,-1.824,1.487,0.610
699.282,-1.786,1.498,0.574
699.393,-1.690,1.519,0.528
699.504,-1.575,1.532,0.509
699.615,-1.469,1.532,0.496
699.726,-1.364,1.522,0.470
699.838,-1.258,1.511,0.423
699.949,-1.164,1.507,0.368
700.060,-1.095,1.495,0.310
700.171,-1.048,1.464,0.260
700.282,-1.022,1.431,0.227
700.393,-1.014,1.418,0.211
700.504,-1.012,1.416,0.208
700.615,-1.015,1.427,0.221
700.726,-1.025,1.449,0.245
700.838,-1.043,1.476,0.281
700.949,-1.068,1.504,0.332
701.060,-1.104,1.531,0.395
701.171,-1.149,1.556,0.461
701.282,-1.196,1.572,0.528
701.393,-1.234,1.587,0.586
701.504,-1.266,1.601,0.632
701.616,-1.297,1.615,0.666
701.727,-1.323,1.627,0.690
701.838,-1.344,1.629,0.698
701.949,-1.373,1.613,0.688
702.060,-1.416,1.591,0.663
702.171,-1.466,1.578,0.623
702.282,-1.519,1.569,0.583
702.393,-1.570,1.553,0.551
702.504,-1.613,1.538,0.545
702.615,-1.636,1.526,0.555
702.726,-1.648,1.530,0.569
702.837,-1.657,1.539,0.584
702.948,-1.671,1.545,0.604
703.059,-1.697,1.541,0.638
703.171,-1.731,1.533,0.684
703.281,-1.762,1.522,0.732
703.392,-1.794,1.500,0.798
703.504,-1.832,1.466,0.892
703.615,-1.877,1.450,0.993
703.725,-1.904,1.445,1.057
703.837,-1.907,1.450,1.070
703.948,-1.886,1.462,1.022
704.060,-1.815,1.479,0.944
704.171,-1.695,1.489,0.878
704.282,-1.564,1.491,0.835
704.393,-1.431,1.489,0.807
704.505,-1.311,1.481,0.789
704.615,-1.227,1.482,0.783
704.726,-1.178,1.499,0.771
704.837,-1.147,1.506,0.749
704.948,-1.135,1.502,0.711
705.060,-1.140,1.486,0.654
705.171,-1.150,1.467,0.582
705.282,-1.165,1.445,0.518
705.393,-1.170,1.430,0.467
705.504,-1.170,1.426,0.433
705.615,-1.180,1.433,0.414
705.726,-1.206,1.452,0.403
705.837,-1.249,1.478,0.397
705.948,-1.317,1.497,0.399
706.060,-1.416,1.499,0.403
706.170,-1.540,1.491,0.391
706.282,-1.670,1.485,0.358
706.393,-1.776,1.458,0.325
706.504,-1.857,1.413,0.301
706.615,-1.918,1.375,0.278
706.726,-1.958,1.343,0.265
706.837,-1.988,1.323,0.260
706.948,-1.988,1.319,0.255
707.059,-1.946,1.335,0.235
707.171,-1.856,1.363,0.212
707.282,-1.730,1.387,0.205
707.393,-1.595,1.405,0.219
707.504,-1.465,1.415,0.244
707.615,-1.343,1.414,0.277
707.726,-1.243,1.411,0.305
707.838,-1.176,1.413,0.325
707.949,-1.144,1.415,0.340
708.060,-1.136,1.427,0.349
708.171,-1.155,1.448,0.354
708.282,-1.204,1.474,0.353
708.393,-1.292,1.502,0.352
708.504,-1.402,1.514,0.353
708.615,-1.520,1.507,0.339
708.727,-1.643,1.494,0.302
708.838,-1.750,1.476,0.262
708.949,-1.833,1.447,0.227
709.060,-1.893,1.403,0.204
709.171,-1.932,1.366,0.184
709.282,-1.949,1.347,0.172
709.393,-1.948,1.347,0.165
709.505,-1.925,1.360,0.159
709.616,-1.876,1.388,0.154
709.727,-1.776,1.422,0.153
709.838,-1.624,1.445,0.188
709.949,-1.460,1.458,0.260
710.060,-1.306,1.466,0.342
710.171,-1.178,1.474,0.411
710.282,-1.082,1.490,0.452
710.393,-1.013,1.499,0.467
710.504,-0.961,1.498,0.455
710.615,-0.915,1.486,0.428
710.726,-0.857,1.479,0.401
710.837,-0.797,1.461,0.392
710.949,-0.752,1.435,0.401
711.060,-0.722,1.429,0.421
711.171,-0.722,1.447,0.434
711.282,-0.761,1.475,0.437
711.393,-0.834,1.501,0.437
711.504,-0.938,1.522,0.439
711.615,-1.063,1.532,0.454
711.727,-1.194,1.535,0.478
711.838,-1.299,1.542,0.496
711.949,-1.374,1.557,0.486
712.060,-1.435,1.552,0.454
712.171,-1.479,1.532,0.417
712.282,-1.521,1.526,0.379
712.394,-1.573,1.524,0.347
712.504,-1.642,1.513,0.320
712.616,-1.725,1.488,0.292
712.727,-1.815,1.461,0.257
712.838,-1.887,1.431,0.228
712.949,-1.930,1.405,0.209
713.060,-1.946,1.390,0.186
713.171,-1.935,1.385,0.175
713.282,-1.893,1.394,0.170
713.393,-1.803,1.423,0.178
713.504,-1.672,1.462,0.226
713.615,-1.530,1.496,0.313
713.726,-1.387,1.514,0.415
713.837,-1.259,1.528,0.502
713.948,-1.156,1.552,0.553
714.060,-1.067,1.557,0.573
714.171,-0.978,1.546,0.564
714.282,-0.890,1.529,0.530
714.393,-0.798,1.521,0.477
714.504,-0.706,1.521,0.431
714.615,-0.613,1.519,0.402
714.726,-0.519,1.496,0.389
714.838,-0.420,1.469,0.385
714.949,-0.314,1.456,0.370
715.060,-0.245,1.448,0.354
715.171,-0.217,1.441,0.331
715.282,-0.233,1.441,0.315
715.394,-0.278,1.451,0.315
715.504,-0.335,1.473,0.337
715.616,-0.393,1.480,0.382
715.727,-0.431,1.479,0.413
715.838,-0.437,1.475,0.428
715.949,-0.413,1.457,0.428
716.060,-0.377,1.440,0.417
716.171,-0.345,1.429,0.412
716.282,-0.325,1.423,0.413
716.393,-0.314,1.426,0.425
716.504,-0.308,1.433,0.445
716.616,-0.300,1.430,0.460
716.727,-0.290,1.419,0.468
716.838,-0.290,1.401,0.474
716.948,-0.303,1.379,0.483
717.060,-0.323,1.378,0.485
717.171,-0.345,1.403,0.482
717.281,-0.362,1.426,0.492
717.393,-0.360,1.427,0.489
717.504,-0.344,1.414,0.473
717.615,-0.324,1.404,0.454
717.726,-0.306,1.401,0.441
717.837,-0.294,1.403,0.436
717.949,-0.294,1.423,0.437
718.059,-0.306,1.452,0.449
718.171,-0.322,1.461,0.467
718.281,-0.345,1.472,0.481
718.393,-0.389,1.489,0.485
718.504,-0.464,1.507,0.509
718.615,-0.563,1.522,0.556
718.726,-0.675,1.527,0.623
718.837,-0.778,1.548,0.684
718.948,-0.871,1.572,0.724
719.059,-0.958,1.569,0.752
719.170,-1.041,1.554,0.754
719.281,-1.118,1.543,0.741
719.392,-1.198,1.545,0.726
719.503,-1.269,1.553,0.732
719.614,-1.334,1.563,0.755
719.726,-1.406,1.557,0.794
719.837,-1.492,1.534,0.854
719.948,-1.597,1.505,0.933
720.059,-1.719,1.492,1.013
720.170,-1.830,1.470,1.072
720.281,-1.911,1.429,1.112
720.392,-1.970,1.385,1.131
720.503,-2.007,1.356,1.137
720.614,-2.029,1.339,1.141
720.725,-2.037,1.334,1.142
720.837,-2.034,1.337,1.137
720.947,-2.025,1.346,1.121
721.059,-2.003,1.372,1.076
721.170,-1.943,1.416,1.005
721.282,-1.838,1.463,0.941
721.393,-1.703,1.499,0.897
721.504,-1.553,1.515,0.870
721.615,-1.399,1.522,0.852
721.726,-1.245,1.521,0.834
721.837,-1.122,1.513,0.803
721.948,-1.019,1.524,0.755
722.059,-0.941,1.521,0.698
722.170,-0.881,1.503,0.625
722.282,-0.831,1.480,0.542
722.393,-0.774,1.465,0.468
722.503,-0.711,1.463,0.415
722.615,-0.646,1.461,0.377
722.726,-0.584,1.458,0.350
722.838,-0.525,1.454,0.317
722.948,-0.491,1.452,0.294
723.060,-0.486,1.456,0.292
723.171,-0.510,1.465,0.303
723.282,-0.557,1.476,0.338
723.394,-0.617,1.493,0.392
723.505,-0.688,1.508,0.471
723.616,-0.765,1.525,0.553
723.726,-0.847,1.552,0.621
723.837,-0.925,1.565,0.677
723.948,-1.002,1.564,0.714
724.059,-1.082,1.555,0.732
724.170,-1.156,1.545,0.736
724.281,-1.236,1.551,0.742
724.393,-1.320,1.559,0.766
724.504,-1.414,1.549,0.814
724.614,-1.520,1.526,0.884
724.726,-1.637,1.497,0.968
724.837,-1.773,1.487,1.045
724.947,-1.900,1.454,1.105
725.059,-1.989,1.397,1.149
725.170,-2.044,1.350,1.172
725.281,-2.070,1.331,1.176
725.393,-2.066,1.340,1.165
725.503,-2.037,1.368,1.144
725.614,-1.982,1.404,1.117
725.725,-1.901,1.428,1.095
725.836,-1.786,1.449,1.070
725.948,-1.631,1.476,1.031
726.059,-1.448,1.514,0.990
726.170,-1.282,1.550,0.975
726.281,-1.162,1.562,0.964
726.393,-1.080,1.558,0.937
726.504,-1.018,1.550,0.884
726.615,-0.966,1.535,0.808
726.726,-0.922,1.520,0.718
726.837,-0.873,1.518,0.626
726.948,-0.808,1.523,0.560
727.059,-0.723,1.517,0.516
727.170,-0.623,1.495,0.486
727.282,-0.511,1.473,0.458
727.393,-0.396,1.463,0.425
727.504,-0.308,1.444,0.399
727.615,-0.253,1.423,0.383
727.726,-0.221,1.414,0.377
727.838,-0.211,1.409,0.378
727.949,-0.219,1.411,0.384
728.060,-0.238,1.416,0.394
728.171,-0.263,1.419,0.405
728.282,-0.289,1.417,0.420
728.393,-0.315,1.419,0.432
728.504,-0.338,1.424,0.444
728.615,-0.353,1.435,0.453
728.727,-0.368,1.450,0.459
728.838,-0.379,1.461,0.460
728.949,-0.379,1.456,0.444
729.060,-0.373,1.432,0.416
729.171,-0.372,1.398,0.389
729.282,-0.378,1.372,0.370
729.393,-0.380,1.356,0.364
729.504,-0.384,1.347,0.361
729.616,-0.387,1.352,0.361
729.726,-0.393,1.364,0.365
729.837,-0.400,1.371,0.372
729.949,-0.400,1.366,0.367
730.060,-0.391,1.350,0.357
730.171,-0.391,1.362,0.351
730.282,-0.397,1.363,0.354
730.393,-0.389,1.347,0.360
730.505,-0.392,1.357,0.354
730.615,-0.398,1.366,0.355
730.727,-0.384,1.346,0.366
730.837,-0.373,1.355,0.372
730.949,-0.364,1.396,0.394
731.060,-0.370,1.434,0.431
731.171,-0.426,1.471,0.469
731.282,-0.535,1.503,0.530
731.393,-0.658,1.529,0.617
731.504,-0.769,1.549,0.703
731.615,-0.850,1.568,0.746
731.726,-0.933,1.583,0.776
731.837,-1.016,1.586,0.792
731.947,-1.090,1.576,0.766
732.060,-1.152,1.556,0.727
732.170,-1.229,1.548,0.713
732.281,-1.319,1.555,0.712
732.392,-1.425,1.550,0.718
732.504,-1.544,1.515,0.730
732.615,-1.668,1.476,0.742
732.726,-1.780,1.459,0.741
732.837,-1.858,1.436,0.738
732.948,-1.900,1.418,0.729
733.059,-1.897,1.419,0.695
733.170,-1.850,1.429,0.655
733.282,-1.765,1.431,0.623
733.393,-1.671,1.430,0.608
733.504,-1.601,1.429,0.604
733.615,-1.527,1.441,0.605
733.726,-1.439,1.461,0.613
733.838,-1.340,1.471,0.615
733.948,-1.240,1.466,0.606
734.059,-1.143,1.456,0.591
734.171,-1.070,1.444,0.564
734.281,-1.031,1.434,0.526
734.393,-1.015,1.418,0.484
734.504,-1.012,1.408,0.438
734.615,-1.019,1.404,0.389
734.726,-1.035,1.393,0.351
734.838,-1.048,1.376,0.330
734.948,-1.053,1.369,0.321
735.059,-1.058,1.368,0.321
735.171,-1.063,1.373,0.325
735.282,-1.060,1.371,0.324
735.393,-1.056,1.347,0.315
735.504,-1.059,1.309,0.300
735.615,-1.067,1.282,0.280
735.726,-1.074,1.262,0.265
735.837,-1.086,1.255,0.257
735.948,-1.097,1.270,0.260
736.059,-1.104,1.310,0.278
736.170,-1.105,1.360,0.314
736.281,-1.105,1.411,0.370
736.393,-1.104,1.458,0.439
736.504,-1.107,1.500,0.510
736.615,-1.125,1.533,0.575
736.726,-1.158,1.551,0.627
736.838,-1.196,1.558,0.671
736.949,-1.245,1.560,0.705
737.060,-1.309,1.550,0.736
737.171,-1.383,1.527,0.757
737.282,-1.448,1.497,0.761
737.393,-1.481,1.452,0.744
737.504,-1.491,1.382,0.725
737.615,-1.494,1.362,0.705
737.726,-1.480,1.391,0.685
737.837,-1.452,1.432,0.669
737.949,-1.429,1.447,0.658
738.059,-1.439,1.448,0.649
738.171,-1.454,1.438,0.631
738.282,-1.451,1.430,0.597
738.393,-1.418,1.422,0.533
738.504,-1.363,1.404,0.458
738.615,-1.310,1.404,0.377
738.727,-1.276,1.409,0.301
738.837,-1.264,1.414,0.259
738.949,-1.264,1.426,0.244
739.060,-1.266,1.438,0.248
739.171,-1.274,1.453,0.274
739.282,-1.294,1.472,0.327
739.393,-1.318,1.491,0.403
739.505,-1.346,1.513,0.492
739.615,-1.372,1.543,0.574
739.726,-1.386,1.569,0.636
739.838,-1.390,1.578,0.672
739.948,-1.384,1.580,0.683
740.059,-1.387,1.557,0.672
740.171,-1.405,1.498,0.654
740.281,-1.426,1.433,0.651
740.392,-1.463,1.392,0.663
740.503,-1.512,1.366,0.687
740.614,-1.559,1.350,0.701
740.726,-1.596,1.309,0.707
740.836,-1.601,1.254,0.716
740.948,-1.572,1.199,0.722
741.059,-1.513,1.137,0.722
741.170,-1.427,1.076,0.703
741.281,-1.336,1.053,0.669
741.392,-1.275,1.105,0.654
741.504,-1.240,1.187,0.657
741.615,-1.193,1.262,0.663
741.725,-1.147,1.315,0.660
741.837,-1.134,1.340,0.620
741.948,-1.165,1.339,0.544
742.059,-1.221,1.322,0.472
742.170,-1.272,1.320,0.397
742.281,-1.290,1.322,0.345
742.393,-1.256,1.323,0.328
742.503,-1.190,1.344,0.344
742.615,-1.116,1.389,0.375
742.726,-1.060,1.466,0.410
742.836,-1.029,1.534,0.462
742.948,-1.019,1.571,0.521
743.059,-1.030,1.587,0.562
743.171,-1.046,1.589,0.585
743.308,-1.060,1.578,0.591
743.410,-1.075,1.514,0.571
743.521,-1.083,1.460,0.549
743.632,-1.087,1.442,0.525
743.743,-1.087,1.440,0.503
743.851,-1.067,1.451,0.490
743.962,-1.010,1.476,0.503
744.073,-0.961,1.490,0.554
744.184,-0.937,1.484,0.603
744.296,-0.931,1.475,0.629
744.407,-0.942,1.475,0.606
744.518,-0.990,1.487,0.547
744.630,-1.079,1.509,0.516
744.740,-1.161,1.525,0.538
744.852,-1.206,1.535,0.582
744.963,-1.219,1.550,0.622
745.074,-1.207,1.559,0.650
745.185,-1.191,1.562,0.671
745.296,-1.183,1.556,0.682
745.407,-1.186,1.537,0.684
745.518,-1.193,1.502,0.659
745.629,-1.173,1.466,0.607
745.740,-1.117,1.448,0.558
745.852,-1.046,1.440,0.534
745.963,-0.976,1.430,0.536
746.074,-0.919,1.422,0.552
746.185,-0.877,1.416,0.565
746.296,-0.848,1.407,0.566
746.406,-0.825,1.395,0.567
746.518,-0.808,1.388,0.569
746.629,-0.800,1.383,0.564
746.740,-0.800,1.381,0.558
746.851,-0.800,1.382,0.556
746.963,-0.798,1.382,0.558
747.074,-0.794,1.380,0.562
747.185,-0.792,1.376,0.566
747.285,-0.791,1.374,0.569
747.393,-0.789,1.373,0.573
747.504,-0.789,1.373,0.576
747.615,-0.790,1.372,0.575
747.726,-0.794,1.374,0.571
747.837,-0.804,1.380,0.566
747.949,-0.829,1.402,0.560
748.060,-0.880,1.438,0.552
748.171,-0.945,1.480,0.560
748.282,-1.004,1.512,0.588
748.393,-1.052,1.528,0.621
748.505,-1.089,1.535,0.659
748.615,-1.111,1.545,0.696
748.727,-1.118,1.553,0.716
748.838,-1.123,1.557,0.723
748.948,-1.127,1.558,0.721
749.060,-1.130,1.560,0.713
749.171,-1.132,1.560,0.699
749.282,-1.128,1.566,0.676
749.394,-1.122,1.573,0.653
749.505,-1.115,1.574,0.634
749.616,-1.100,1.577,0.616
749.727,-1.059,1.576,0.593
749.838,-0.992,1.577,0.588
749.949,-0.907,1.574,0.599
750.060,-0.812,1.567,0.617
750.171,-0.727,1.578,0.640
750.282,-0.659,1.601,0.653
750.393,-0.605,1.606,0.664
750.505,-0.557,1.603,0.680
750.616,-0.513,1.603,0.685
750.727,-0.472,1.599,0.677
750.838,-0.433,1.597,0.660
750.949,-0.389,1.597,0.643
751.060,-0.340,1.591,0.633
751.172,-0.284,1.582,0.639
751.282,-0.229,1.575,0.657
751.393,-0.181,1.571,0.683
751.505,-0.134,1.577,0.715
751.616,-0.088,1.588,0.743
751.727,-0.044,1.589,0.758
751.838,0.002,1.595,0.764
751.949,0.051,1.601,0.759
752.060,0.095,1.602,0.740
752.171,0.135,1.607,0.713
752.283,0.172,1.610,0.697
752.394,0.199,1.615,0.699
752.505,0.215,1.616,0.708
752.616,0.220,1.611,0.718
752.727,0.222,1.612,0.739
752.838,0.228,1.608,0.761
752.949,0.233,1.595,0.777
753.060,0.227,1.582,0.785
753.171,0.214,1.571,0.786
753.282,0.189,1.562,0.785
753.393,0.152,1.559,0.783
753.504,0.108,1.560,0.781
753.616,0.061,1.562,0.773
753.727,0.003,1.561,0.767
753.838,-0.062,1.563,0.767
753.949,-0.132,1.559,0.777
754.060,-0.194,1.559,0.783
754.171,-0.236,1.559,0.775
754.282,-0.263,1.556,0.751
754.393,-0.272,1.552,0.710
754.504,-0.264,1.554,0.657
754.615,-0.253,1.565,0.599
754.727,-0.247,1.572,0.556
754.838,-0.262,1.576,0.526
754.949,-0.284,1.576,0.502
755.060,-0.292,1.585,0.481
755.171,-0.284,1.599,0.476
755.282,-0.268,1.605,0.490
755.394,-0.247,1.613,0.519
755.505,-0.218,1.619,0.564
755.616,-0.190,1.620,0.626
755.727,-0.156,1.621,0.684
755.838,-0.124,1.615,0.738
755.949,-0.101,1.613,0.783
756.060,-0.079,1.609,0.812
756.171,-0.058,1.601,0.825
756.282,-0.034,1.581,0.826
756.393,-0.008,1.563,0.822
756.504,0.018,1.558,0.814
756.616,0.032,1.554,0.804
756.726,0.037,1.563,0.789
756.838,0.031,1.585,0.768
756.949,0.019,1.613,0.746
757.060,0.006,1.630,0.729
757.172,-0.002,1.635,0.717
757.283,-0.005,1.636,0.710
757.393,-0.007,1.636,0.706
757.505,-0.007,1.635,0.703
757.616,-0.009,1.635,0.702
757.727,-0.012,1.636,0.704
757.838,-0.017,1.636,0.707
757.949,-0.023,1.641,0.709
758.060,-0.034,1.646,0.709
758.172,-0.041,1.650,0.709
758.283,-0.043,1.647,0.708
758.393,-0.049,1.639,0.707
758.504,-0.051,1.637,0.709
758.615,-0.050,1.637,0.711
758.727,-0.048,1.636,0.711
758.838,-0.045,1.635,0.711
758.949,-0.038,1.633,0.713
759.060,-0.029,1.631,0.713
759.171,-0.021,1.628,0.711
759.282,-0.013,1.625,0.704
759.393,0.000,1.628,0.695
759.505,0.010,1.626,0.688
759.616,0.017,1.626,0.679
759.727,0.008,1.632,0.645
759.838,-0.008,1.635,0.622
759.949,-0.015,1.635,0.610
760.061,-0.021,1.637,0.604
760.171,-0.029,1.640,0.600
760.283,-0.033,1.644,0.601
760.394,-0.031,1.645,0.606
760.504,-0.025,1.647,0.613
760.615,-0.016,1.647,0.626
760.726,-0.006,1.645,0.647
760.837,-0.002,1.642,0.671
760.949,-0.007,1.640,0.696
761.059,-0.021,1.642,0.712
761.170,-0.033,1.645,0.721
761.281,-0.043,1.644,0.727
761.392,-0.048,1.638,0.738
761.504,-0.048,1.623,0.755
761.615,-0.047,1.608,0.773
761.726,-0.046,1.595,0.788
761.837,-0.045,1.585,0.800
761.948,-0.041,1.577,0.809
762.059,-0.038,1.576,0.812
762.171,-0.035,1.580,0.808
762.282,-0.029,1.590,0.800
762.393,-0.024,1.597,0.789
762.504,-0.023,1.589,0.779
762.615,-0.024,1.567,0.775
762.727,-0.028,1.552,0.776
762.838,-0.029,1.549,0.781
762.949,-0.027,1.542,0.789
763.060,-0.024,1.528,0.796
763.170,-0.019,1.522,0.797
763.282,-0.013,1.521,0.796
763.393,-0.008,1.520,0.790
763.504,-0.002,1.522,0.782
763.615,0.006,1.525,0.770
763.726,0.014,1.528,0.757
763.837,0.023,1.530,0.745
763.948,0.032,1.533,0.732
764.060,0.039,1.535,0.721
764.170,0.044,1.540,0.714
764.281,0.046,1.542,0.711
764.392,0.046,1.541,0.714
764.503,0.043,1.542,0.721
764.614,0.039,1.544,0.730
764.726,0.036,1.547,0.738
764.837,0.033,1.547,0.747
764.948,0.030,1.549,0.757
765.059,0.025,1.550,0.765
765.170,0.021,1.550,0.773
765.282,0.019,1.553,0.781
765.393,0.016,1.557,0.786
765.504,0.012,1.563,0.789
765.615,0.010,1.569,0.790
765.726,0.005,1.573,0.790
765.838,0.001,1.571,0.788
765.949,-0.002,1.569,0.789
766.060,-0.003,1.571,0.790
766.171,-0.004,1.574,0.787
766.282,-0.005,1.576,0.787
766.393,-0.009,1.576,0.790
766.504,-0.014,1.578,0.801
766.615,-0.021,1.577,0.819
766.727,-0.029,1.573,0.843
766.838,-0.034,1.569,0.870
766.949,-0.029,1.566,0.892
767.060,-0.012,1.564,0.908
767.171,0.017,1.560,0.919
767.282,0.055,1.556,0.927
767.393,0.100,1.551,0.933
767.504,0.146,1.548,0.943
767.615,0.181,1.540,0.956
767.726,0.204,1.535,0.967
767.837,0.216,1.531,0.974
767.948,0.218,1.532,0.976
768.059,0.211,1.536,0.974
768.170,0.195,1.544,0.971
768.282,0.174,1.550,0.964
768.393,0.150,1.554,0.958
768.504,0.127,1.556,0.954
768.615,0.114,1.558,0.953
768.726,0.115,1.559,0.955
768.837,0.131,1.553,0.960
768.948,0.153,1.547,0.968
769.059,0.172,1.537,0.976
769.170,0.181,1.528,0.983
769.281,0.182,1.525,0.986
769.393,0.179,1.523,0.985
769.504,0.172,1.526,0.980
769.615,0.155,1.533,0.974
769.726,0.127,1.543,0.967
769.837,0.092,1.551,0.958
769.948,0.059,1.560,0.951
770.059,0.036,1.568,0.943
770.171,0.023,1.582,0.925
770.282,0.014,1.607,0.890
770.393,0.002,1.632,0.844
770.504,-0.008,1.648,0.797
770.615,-0.013,1.651,0.751
770.726,-0.010,1.655,0.708
770.838,-0.012,1.646,0.701
770.949,-0.020,1.612,0.698
771.060,-0.017,1.584,0.691
771.170,-0.013,1.568,0.684
771.281,-0.011,1.564,0.682
771.393,-0.011,1.563,0.685
771.503,-0.013,1.565,0.695
771.615,-0.019,1.572,0.712
771.726,-0.045,1.598,0.743
771.837,-0.090,1.624,0.772
771.948,-0.129,1.634,0.794
772.059,-0.157,1.637,0.816
772.170,-0.193,1.640,0.821
772.282,-0.209,1.628,0.804
772.392,-0.198,1.612,0.796
772.504,-0.188,1.605,0.789
772.614,-0.186,1.595,0.767
772.725,-0.183,1.585,0.727
772.836,-0.178,1.574,0.690
772.948,-0.188,1.556,0.670
773.058,-0.204,1.531,0.655
773.170,-0.216,1.523,0.637
773.281,-0.229,1.522,0.633
773.392,-0.245,1.523,0.643
773.503,-0.265,1.522,0.670
773.614,-0.292,1.523,0.711
773.725,-0.326,1.531,0.755
773.836,-0.351,1.542,0.791
773.948,-0.356,1.555,0.822
774.059,-0.347,1.564,0.850
774.170,-0.332,1.569,0.874
774.281,-0.310,1.572,0.895
774.392,-0.277,1.574,0.916
774.503,-0.244,1.575,0.938
774.615,-0.215,1.573,0.960
774.726,-0.192,1.570,0.980
774.837,-0.175,1.566,0.995
774.948,-0.161,1.563,1.006
775.059,-0.152,1.562,1.014
775.170,-0.155,1.563,1.021
775.281,-0.163,1.566,1.032
775.392,-0.176,1.571,1.043
775.503,-0.201,1.578,1.052
775.614,-0.232,1.580,1.062
775.726,-0.262,1.581,1.072
775.837,-0.289,1.583,1.082
775.948,-0.316,1.584,1.090
776.059,-0.339,1.582,1.098
776.170,-0.360,1.584,1.104
776.281,-0.377,1.584,1.108
776.392,-0.391,1.583,1.109
776.503,-0.401,1.582,1.109
776.615,-0.408,1.581,1.108
776.725,-0.411,1.581,1.106
776.837,-0.411,1.581,1.104
776.948,-0.407,1.580,1.100
777.059,-0.397,1.579,1.095
777.170,-0.378,1.577,1.087
777.281,-0.349,1.575,1.078
777.392,-0.314,1.574,1.071
777.503,-0.274,1.572,1.067
777.615,-0.235,1.569,1.067
777.726,-0.205,1.565,1.068
777.837,-0.181,1.563,1.069
777.948,-0.161,1.563,1.070
778.059,-0.141,1.565,1.071
778.170,-0.122,1.565,1.067
778.282,-0.111,1.561,1.058
778.393,-0.111,1.559,1.044
778.504,-0.123,1.556,1.027
778.615,-0.155,1.557,1.008
778.725,-0.201,1.563,0.990
778.836,-0.243,1.570,0.977
778.948,-0.264,1.574,0.960
779.059,-0.265,1.574,0.938
779.170,-0.232,1.572,0.902
779.281,-0.158,1.565,0.858
779.393,-0.087,1.549,0.818
779.504,-0.030,1.538,0.773
779.615,0.013,1.531,0.730
779.726,0.038,1.527,0.693
779.837,0.050,1.522,0.667
779.948,0.057,1.520,0.652
780.059,0.061,1.521,0.647
780.170,0.064,1.526,0.647
780.282,0.065,1.532,0.655
780.392,0.060,1.539,0.672
780.504,0.047,1.546,0.698
780.615,0.023,1.553,0.733
780.726,-0.009,1.560,0.770
780.837,-0.046,1.566,0.802
780.948,-0.078,1.570,0.827
781.059,-0.098,1.569,0.848
781.171,-0.107,1.572,0.868
781.282,-0.105,1.574,0.887
781.393,-0.094,1.576,0.904
781.504,-0.073,1.576,0.917
781.615,-0.044,1.575,0.928
781.726,-0.015,1.574,0.936
781.837,0.013,1.571,0.941
781.948,0.036,1.569,0.944
782.059,0.055,1.566,0.945
782.170,0.068,1.565,0.946
782.281,0.075,1.567,0.943
782.393,0.074,1.571,0.936
782.504,0.063,1.572,0.930
782.615,0.044,1.574,0.923
782.726,0.027,1.578,0.911
782.837,0.017,1.575,0.893
782.948,0.019,1.572,0.870
783.059,0.037,1.571,0.843
783.170,0.068,1.568,0.810
783.281,0.106,1.567,0.775
783.393,0.140,1.564,0.741
783.504,0.163,1.559,0.714
783.615,0.177,1.556,0.696
783.726,0.186,1.553,0.685
783.837,0.192,1.552,0.679
783.948,0.196,1.550,0.676
784.059,0.198,1.549,0.676
784.170,0.195,1.549,0.676
784.282,0.185,1.547,0.678
784.393,0.170,1.545,0.680
784.503,0.150,1.544,0.683
784.615,0.124,1.544,0.694
784.726,0.090,1.547,0.713
784.837,0.045,1.549,0.741
784.948,-0.007,1.555,0.772
785.059,-0.055,1.560,0.794
785.170,-0.094,1.563,0.801
785.281,-0.126,1.564,0.795
785.393,-0.147,1.562,0.776
785.503,-0.162,1.557,0.747
785.615,-0.175,1.555,0.719
785.726,-0.188,1.554,0.694
785.837,-0.201,1.550,0.676
785.948,-0.210,1.548,0.670
786.059,-0.219,1.556,0.674
786.170,-0.234,1.561,0.690
786.281,-0.256,1.565,0.714
786.393,-0.283,1.572,0.743
786.504,-0.312,1.578,0.769
786.615,-0.341,1.578,0.790
786.726,-0.363,1.575,0.806
786.837,-0.378,1.572,0.816
786.948,-0.384,1.570,0.825
787.059,-0.383,1.568,0.831
787.171,-0.378,1.562,0.836
787.281,-0.373,1.549,0.839
787.392,-0.363,1.546,0.835
787.503,-0.354,1.549,0.828
787.614,-0.343,1.551,0.822
787.726,-0.330,1.556,0.813
787.837,-0.316,1.563,0.801
787.948,-0.302,1.567,0.787
788.059,-0.286,1.570,0.772
788.170,-0.265,1.572,0.757
788.281,-0.246,1.573,0.744
788.392,-0.234,1.574,0.731
788.503,-0.228,1.572,0.721
788.615,-0.222,1.570,0.714
788.726,-0.216,1.569,0.712
788.837,-0.214,1.568,0.711
788.948,-0.215,1.566,0.712
789.059,-0.216,1.566,0.714
789.170,-0.218,1.568,0.717
789.281,-0.219,1.569,0.718
789.392,-0.221,1.569,0.718
789.504,-0.222,1.569,0.716
789.615,-0.224,1.570,0.712
789.726,-0.224,1.568,0.710
789.837,-0.225,1.564,0.706
789.948,-0.227,1.557,0.700
790.059,-0.231,1.546,0.694
790.170,-0.243,1.540,0.695
790.281,-0.256,1.541,0.698
790.393,-0.273,1.544,0.704
790.504,-0.302,1.546,0.719
790.615,-0.346,1.550,0.741
790.726,-0.400,1.554,0.766
790.837,-0.451,1.556,0.782
790.948,-0.490,1.557,0.785
791.059,-0.516,1.557,0.773
791.170,-0.532,1.555,0.747
791.282,-0.540,1.549,0.714
791.392,-0.545,1.543,0.685
791.503,-0.550,1.542,0.666
791.614,-0.556,1.542,0.658
791.726,-0.563,1.544,0.660
791.837,-0.576,1.554,0.667
791.948,-0.596,1.559,0.687
792.059,-0.621,1.565,0.715
792.170,-0.650,1.570,0.743
792.281,-0.679,1.567,0.766
792.392,-0.701,1.560,0.788
792.503,-0.716,1.556,0.807
792.615,-0.725,1.553,0.823
792.725,-0.730,1.547,0.835
792.837,-0.734,1.540,0.846
792.948,-0.735,1.534,0.854
793.059,-0.735,1.531,0.861
793.170,-0.735,1.528,0.865
793.281,-0.733,1.529,0.867
793.392,-0.729,1.533,0.864
793.503,-0.722,1.536,0.855
793.615,-0.710,1.538,0.841
793.726,-0.693,1.542,0.825
793.837,-0.672,1.548,0.806
793.948,-0.650,1.552,0.785
794.059,-0.629,1.553,0.764
794.170,-0.614,1.553,0.746
794.281,-0.601,1.551,0.730
794.392,-0.593,1.550,0.719
794.503,-0.589,1.549,0.712
794.615,-0.590,1.548,0.710
794.726,-0.596,1.547,0.712
794.837,-0.606,1.545,0.717
794.948,-0.626,1.542,0.725
795.059,-0.660,1.537,0.741
795.170,-0.702,1.535,0.763
795.281,-0.745,1.535,0.786
795.392,-0.783,1.538,0.803
795.503,-0.809,1.546,0.810
795.614,-0.827,1.552,0.804
795.725,-0.843,1.553,0.785
795.837,-0.854,1.550,0.750
795.948,-0.859,1.544,0.708
796.059,-0.864,1.541,0.667
796.170,-0.870,1.537,0.639
796.281,-0.874,1.535,0.625
796.392,-0.879,1.542,0.623
796.504,-0.892,1.549,0.631
796.615,-0.910,1.553,0.648
796.726,-0.931,1.555,0.669
796.837,-0.956,1.559,0.690
796.948,-0.979,1.558,0.708
797.059,-0.999,1.554,0.724
797.170,-1.016,1.551,0.736
797.282,-1.029,1.548,0.747
797.392,-1.035,1.549,0.758
797.503,-1.039,1.551,0.765
797.614,-1.041,1.551,0.767
797.725,-1.039,1.553,0.764
797.836,-1.034,1.556,0.756
797.948,-1.022,1.558,0.742
798.059,-1.002,1.560,0.722
798.170,-0.980,1.562,0.702
798.281,-0.960,1.561,0.682
798.392,-0.944,1.559,0.666
798.503,-0.932,1.556,0.657
798.615,-0.926,1.555,0.653
798.725,-0.930,1.552,0.650
798.837,-0.946,1.547,0.655
798.948,-0.973,1.543,0.672
799.059,-1.009,1.544,0.694
799.170,-1.048,1.544,0.714
799.281,-1.081,1.544,0.726
799.393,-1.101,1.546,0.727
799.503,-1.113,1.547,0.717
799.615,-1.118,1.544,0.696
799.726,-1.117,1.543,0.668
799.837,-1.117,1.543,0.641
799.948,-1.118,1.539,0.621
800.059,-1.117,1.538,0.609
800.170,-1.115,1.541,0.606
800.282,-1.118,1.543,0.615
800.393,-1.127,1.546,0.635
800.503,-1.141,1.551,0.662
800.615,-1.162,1.555,0.692
800.725,-1.186,1.558,0.718
800.836,-1.208,1.556,0.741
800.948,-1.225,1.555,0.760
801.058,-1.238,1.553,0.773
801.170,-1.248,1.551,0.783
801.281,-1.256,1.551,0.788
801.392,-1.262,1.550,0.791
801.503,-1.266,1.549,0.793
801.615,-1.268,1.548,0.793
801.726,-1.270,1.548,0.792
801.836,-1.271,1.547,0.791
801.948,-1.271,1.546,0.791
802.059,-1.271,1.545,0.791
802.170,-1.271,1.543,0.791
802.281,-1.271,1.543,0.792
802.392,-1.269,1.543,0.792
802.503,-1.266,1.545,0.790
802.615,-1.262,1.547,0.784
802.726,-1.254,1.551,0.773
802.837,-1.242,1.553,0.758
802.948,-1.227,1.555,0.737
803.059,-1.213,1.555,0.716
803.170,-1.199,1.554,0.695
803.299,-1.189,1.551,0.683
803.410,-1.183,1.549,0.673
803.521,-1.184,1.548,0.674
803.632,-1.186,1.547,0.681
803.743,-1.182,1.544,0.693
803.850,-1.178,1.535,0.710
803.961,-1.174,1.524,0.736
804.073,-1.178,1.518,0.761
804.184,-1.189,1.517,0.781
804.295,-1.216,1.521,0.785
804.406,-1.259,1.529,0.777
804.517,-1.291,1.536,0.769
804.629,-1.309,1.539,0.755
804.740,-1.319,1.538,0.733
804.851,-1.323,1.539,0.707
804.962,-1.320,1.540,0.679
805.073,-1.315,1.540,0.653
805.184,-1.314,1.539,0.632
805.295,-1.314,1.541,0.614
805.406,-1.315,1.542,0.601
805.517,-1.317,1.543,0.601
805.629,-1.326,1.546,0.613
805.739,-1.340,1.551,0.629
805.851,-1.360,1.551,0.649
805.962,-1.387,1.551,0.671
806.073,-1.417,1.552,0.693
806.184,-1.442,1.551,0.713
806.295,-1.462,1.549,0.730
806.406,-1.477,1.547,0.744
806.517,-1.487,1.547,0.755
806.629,-1.494,1.548,0.761
806.740,-1.498,1.549,0.762
806.850,-1.502,1.549,0.762
806.962,-1.504,1.548,0.760
807.073,-1.506,1.549,0.758
807.184,-1.507,1.549,0.756
807.295,-1.508,1.548,0.755
807.406,-1.507,1.549,0.754
807.518,-1.506,1.549,0.752
807.628,-1.505,1.549,0.751
807.740,-1.503,1.549,0.750
807.851,-1.502,1.549,0.749
807.962,-1.502,1.549,0.748
808.073,-1.502,1.549,0.748
808.184,-1.503,1.548,0.747
808.296,-1.505,1.548,0.746
808.407,-1.507,1.548,0.744
808.518,-1.509,1.547,0.743
808.629,-1.510,1.547,0.742
808.740,-1.510,1.547,0.741
808.851,-1.510,1.547,0.740
808.962,-1.510,1.546,0.740
809.073,-1.510,1.546,0.740
809.184,-1.511,1.546,0.739
809.295,-1.512,1.546,0.739
809.407,-1.513,1.546,0.739
809.517,-1.514,1.545,0.739
809.629,-1.514,1.545,0.738
809.740,-1.515,1.545,0.738
809.851,-1.515,1.546,0.738
809.962,-1.515,1.546,0.738
810.073,-1.515,1.546,0.738
810.184,-1.515,1.546,0.738
810.295,-1.516,1.547,0.737
810.407,-1.516,1.547,0.736
810.517,-1.517,1.547,0.734
810.629,-1.517,1.547,0.732
810.740,-1.518,1.546,0.731
810.850,-1.518,1.545,0.730
810.962,-1.517,1.545,0.730
811.073,-1.516,1.545,0.730
811.184,-1.515,1.545,0.730
811.295,-1.513,1.545,0.729
811.406,-1.511,1.546,0.729
811.517,-1.508,1.546,0.728
811.629,-1.505,1.546,0.727
811.740,-1.502,1.547,0.725
811.851,-1.499,1.547,0.724
811.962,-1.494,1.548,0.722
812.073,-1.488,1.548,0.720
812.184,-1.482,1.549,0.718
812.295,-1.476,1.549,0.715
812.406,-1.469,1.550,0.712
812.517,-1.462,1.550,0.709
812.629,-1.455,1.550,0.706
812.740,-1.449,1.550,0.702
812.851,-1.442,1.551,0.699
812.962,-1.437,1.551,0.696
813.073,-1.433,1.551,0.692
813.184,-1.432,1.552,0.688
813.295,-1.432,1.552,0.684
813.407,-1.433,1.551,0.679
813.518,-1.429,1.551,0.675
813.629,-1.418,1.552,0.671
813.740,-1.408,1.552,0.667
813.851,-1.403,1.553,0.663
813.962,-1.404,1.554,0.659
814.073,-1.405,1.554,0.654
814.184,-1.406,1.553,0.650
814.296,-1.407,1.553,0.647
814.406,-1.409,1.553,0.646
814.517,-1.411,1.552,0.649
814.629,-1.416,1.551,0.654
814.740,-1.423,1.548,0.662
814.851,-1.432,1.543,0.673
814.962,-1.440,1.540,0.684
815.073,-1.447,1.536,0.695
815.184,-1.457,1.531,0.703
815.295,-1.464,1.532,0.710
815.406,-1.466,1.536,0.720
815.517,-1.458,1.541,0.733
815.629,-1.451,1.537,0.743
815.740,-1.436,1.533,0.750
815.851,-1.408,1.529,0.753
815.962,-1.386,1.526,0.751
816.073,-1.369,1.526,0.742
816.184,-1.355,1.525,0.728
816.295,-1.354,1.523,0.711
816.406,-1.367,1.523,0.689
816.518,-1.385,1.521,0.667
816.629,-1.400,1.516,0.650
816.740,-1.412,1.513,0.637
816.851,-1.416,1.514,0.633
816.962,-1.407,1.520,0.641
817.073,-1.389,1.528,0.663
817.184,-1.366,1.539,0.699
817.296,-1.339,1.551,0.744
817.407,-1.308,1.561,0.794
817.518,-1.272,1.568,0.842
817.629,-1.233,1.569,0.884
817.740,-1.204,1.567,0.916
817.851,-1.194,1.567,0.931
817.963,-1.201,1.562,0.935
818.074,-1.221,1.559,0.935
818.185,-1.245,1.557,0.932
818.296,-1.271,1.553,0.930
818.407,-1.297,1.553,0.929
818.518,-1.320,1.558,0.929
818.629,-1.335,1.562,0.928
818.740,-1.346,1.568,0.925
818.851,-1.350,1.572,0.918
818.963,-1.342,1.576,0.910
819.074,-1.320,1.585,0.902
819.184,-1.288,1.592,0.900
819.296,-1.246,1.601,0.910
819.407,-1.194,1.611,0.948
819.518,-1.151,1.617,1.004
819.630,-1.118,1.617,1.051
819.741,-1.089,1.614,1.079
819.852,-1.060,1.610,1.092
819.963,-1.031,1.609,1.096
820.074,-0.997,1.609,1.085
820.185,-0.956,1.607,1.061
820.296,-0.910,1.604,1.031
820.407,-0.866,1.603,0.993
820.518,-0.828,1.624,0.946
820.630,-0.794,1.646,0.909
820.741,-0.758,1.654,0.885
820.852,-0.720,1.663,0.872
820.963,-0.677,1.666,0.862
821.074,-0.627,1.668,0.854
821.185,-0.576,1.668,0.852
821.296,-0.526,1.673,0.861
821.407,-0.477,1.689,0.881
821.518,-0.432,1.699,0.899
821.630,-0.393,1.704,0.908
821.741,-0.337,1.706,0.901
821.852,-0.252,1.698,0.873
821.963,-0.175,1.680,0.822
822.074,-0.127,1.647,0.762
822.185,-0.093,1.619,0.706
822.297,-0.066,1.600,0.667
822.407,-0.038,1.586,0.648
822.518,-0.007,1.573,0.643
822.630,0.020,1.563,0.650
822.740,0.037,1.560,0.663
822.852,0.031,1.560,0.681
822.963,0.003,1.566,0.713
823.074,-0.029,1.584,0.758
823.184,-0.056,1.602,0.803
823.296,-0.077,1.616,0.841
823.407,-0.097,1.630,0.866
823.518,-0.116,1.638,0.881
823.630,-0.132,1.643,0.890
823.740,-0.146,1.647,0.895
823.851,-0.159,1.650,0.896
823.963,-0.168,1.650,0.893
824.074,-0.169,1.649,0.888
824.185,-0.158,1.651,0.882
824.296,-0.138,1.651,0.873
824.407,-0.114,1.653,0.861
824.518,-0.091,1.652,0.848
824.629,-0.072,1.651,0.838
824.740,-0.057,1.651,0.831
824.851,-0.048,1.652,0.826
824.962,-0.044,1.652,0.824
825.073,-0.046,1.653,0.823
825.184,-0.055,1.655,0.825
825.296,-0.067,1.656,0.828
825.407,-0.082,1.657,0.834
825.518,-0.097,1.658,0.842
825.629,-0.113,1.656,0.851
825.740,-0.125,1.654,0.859
825.851,-0.134,1.652,0.867
825.963,-0.139,1.651,0.871
826.073,-0.139,1.651,0.872
826.185,-0.135,1.655,0.868
826.296,-0.129,1.657,0.865
826.407,-0.125,1.642,0.864
826.518,-0.124,1.621,0.867
826.629,-0.123,1.615,0.871
826.740,-0.119,1.622,0.872
826.851,-0.113,1.633,0.868
826.963,-0.107,1.637,0.861
827.074,-0.105,1.631,0.858
827.185,-0.108,1.616,0.860
827.296,-0.113,1.605,0.865
827.407,-0.115,1.608,0.871
827.518,-0.114,1.624,0.875
827.629,-0.111,1.640,0.877
827.740,-0.112,1.642,0.885
827.850,-0.112,1.628,0.897
827.961,-0.106,1.609,0.907
828.072,-0.101,1.602,0.916
828.184,-0.098,1.617,0.924
828.295,-0.104,1.637,0.930
828.406,-0.105,1.648,0.932
828.517,-0.108,1.652,0.924
828.628,-0.114,1.638,0.913
828.740,-0.113,1.623,0.895
828.850,-0.110,1.629,0.871
828.962,-0.109,1.646,0.854
829.073,-0.105,1.659,0.842
829.184,-0.105,1.664,0.835
829.295,-0.111,1.653,0.842
829.407,-0.115,1.630,0.857
829.517,-0.115,1.620,0.870
829.627,-0.110,1.633,0.878
829.740,-0.109,1.654,0.879
829.849,-0.105,1.662,0.868
829.962,-0.105,1.659,0.854
830.073,-0.106,1.642,0.840
830.182,-0.108,1.627,0.827
830.294,-0.113,1.638,0.826
830.405,-0.118,1.659,0.837
830.516,-0.124,1.668,0.854
830.627,-0.133,1.659,0.877
830.738,-0.141,1.632,0.902
830.850,-0.144,1.616,0.919
830.961,-0.142,1.628,0.925
831.071,-0.135,1.647,0.919
831.183,-0.126,1.655,0.898
831.295,-0.120,1.646,0.871
831.405,-0.115,1.623,0.843
831.516,-0.112,1.619,0.819
831.628,-0.109,1.638,0.811
831.739,-0.111,1.658,0.821
831.850,-0.118,1.663,0.841
831.963,-0.131,1.649,0.869
832.072,-0.144,1.624,0.898
832.184,-0.152,1.624,0.911
832.295,-0.149,1.648,0.898
832.406,-0.136,1.662,0.867
832.518,-0.119,1.656,0.827
832.629,-0.104,1.633,0.791
832.738,-0.095,1.624,0.761
832.851,-0.096,1.647,0.737
832.963,-0.110,1.671,0.717
833.073,-0.133,1.680,0.689
833.185,-0.160,1.671,0.654
833.296,-0.171,1.661,0.623
833.405,-0.153,1.647,0.619
833.518,-0.127,1.623,0.640
833.629,-0.094,1.593,0.675
833.740,-0.071,1.570,0.719
833.851,-0.054,1.556,0.757
833.962,-0.053,1.558,0.799
834.073,-0.059,1.553,0.835
834.184,-0.054,1.543,0.863
834.296,-0.034,1.539,0.886
834.407,0.001,1.539,0.904
834.518,0.049,1.534,0.924
834.629,0.109,1.521,0.949
834.740,0.175,1.502,0.987
834.851,0.220,1.472,1.022
834.962,0.239,1.443,1.044
835.073,0.236,1.427,1.045
835.185,0.222,1.427,1.038
835.295,0.207,1.432,1.029
835.406,0.197,1.436,1.022
835.517,0.188,1.443,1.014
835.629,0.168,1.461,0.996
835.740,0.145,1.471,0.977
835.851,0.133,1.468,0.966
835.962,0.131,1.454,0.963
836.073,0.132,1.439,0.969
836.184,0.132,1.427,0.979
836.296,0.128,1.423,0.977
836.406,0.124,1.426,0.972
836.517,0.122,1.426,0.968
836.628,0.124,1.422,0.966
836.740,0.126,1.419,0.965
836.850,0.125,1.419,0.965
836.962,0.121,1.435,0.956
837.073,0.112,1.451,0.945
837.184,0.104,1.463,0.940
837.295,0.103,1.462,0.943
837.406,0.109,1.445,0.958
837.517,0.119,1.429,0.971
837.629,0.124,1.427,0.974
837.740,0.127,1.431,0.971
837.851,0.128,1.432,0.968
837.963,0.125,1.433,0.966
838.073,0.122,1.437,0.967
838.184,0.123,1.436,0.968
838.295,0.123,1.432,0.971
838.407,0.124,1.422,0.976
838.517,0.125,1.416,0.982
838.629,0.123,1.412,0.984
838.740,0.120,1.415,0.985
838.851,0.112,1.416,0.988
838.962,0.104,1.414,0.992
839.073,0.098,1.416,0.994
839.184,0.091,1.430,0.991
839.295,0.080,1.453,0.983
839.406,0.072,1.467,0.974
839.517,0.069,1.470,0.969
839.629,0.069,1.469,0.969
839.739,0.073,1.467,0.975
839.851,0.080,1.458,0.984
839.962,0.090,1.436,0.995
840.073,0.095,1.419,1.002
840.183,0.096,1.418,1.003
840.295,0.097,1.420,0.999
840.406,0.083,1.433,0.996
840.517,0.039,1.467,0.998
840.628,-0.038,1.501,0.987
840.739,-0.125,1.515,0.960
840.850,-0.202,1.525,0.940
840.961,-0.255,1.543,0.933
841.072,-0.280,1.556,0.945
841.184,-0.277,1.567,0.975
841.294,-0.255,1.571,1.021
841.405,-0.222,1.566,1.081
841.516,-0.178,1.544,1.157
841.627,-0.124,1.525,1.249
841.739,-0.081,1.523,1.334
841.850,-0.064,1.536,1.406
841.961,-0.071,1.554,1.461
842.072,-0.095,1.574,1.503
842.183,-0.126,1.589,1.544
842.294,-0.163,1.592,1.587
842.405,-0.206,1.582,1.640
842.516,-0.259,1.559,1.705
842.627,-0.322,1.541,1.779
842.739,-0.381,1.545,1.851
842.850,-0.417,1.555,1.916
842.960,-0.431,1.569,1.976
843.072,-0.430,1.584,2.036
843.183,-0.418,1.596,2.102
843.294,-0.398,1.603,2.176
843.405,-0.369,1.595,2.262
843.517,-0.323,1.569,2.368
843.627,-0.273,1.553,2.485
843.739,-0.239,1.564,2.583
843.850,-0.226,1.582,2.667
843.961,-0.235,1.605,2.732
844.072,-0.266,1.626,2.780
844.183,-0.310,1.632,2.819
844.294,-0.365,1.629,2.853
844.405,-0.427,1.616,2.885
844.516,-0.501,1.595,2.932
844.627,-0.590,1.586,2.996
844.738,-0.666,1.593,3.060
844.850,-0.697,1.603,3.114
844.961,-0.690,1.601,3.150
845.072,-0.627,1.630,3.137
845.183,-0.521,1.616,3.095
845.294,-0.446,1.566,3.095
845.406,-0.415,1.518,3.116
845.517,-0.406,1.495,3.134
845.628,-0.409,1.496,3.158
845.740,-0.456,1.541,3.209
845.850,-0.554,1.583,3.271
845.961,-0.652,1.594,3.289
846.071,-0.727,1.582,3.288
846.183,-0.798,1.568,3.290
846.294,-0.862,1.560,3.293
846.405,-0.922,1.556,3.297
846.517,-0.967,1.556,3.312
846.627,-0.993,1.554,3.340
846.740,-0.998,1.557,3.359
846.850,-0.985,1.578,3.342
846.963,-0.959,1.590,3.320
847.073,-0.946,1.592,3.309
847.184,-0.946,1.589,3.305
847.296,-0.976,1.584,3.315
847.407,-1.041,1.580,3.345
847.518,-1.089,1.572,3.352
847.629,-1.131,1.555,3.336
847.739,-1.174,1.548,3.307
847.850,-1.215,1.544,3.276
847.961,-1.253,1.541,3.260
848.072,-1.292,1.542,3.257
848.184,-1.332,1.541,3.264
848.295,-1.370,1.533,3.265
848.406,-1.406,1.522,3.272
848.517,-1.444,1.516,3.286
848.628,-1.480,1.521,3.297
848.740,-1.519,1.528,3.305
848.850,-1.565,1.532,3.326
848.961,-1.600,1.534,3.345
849.072,-1.625,1.526,3.359
849.183,-1.643,1.529,3.371
849.294,-1.650,1.526,3.382
849.405,-1.646,1.524,3.401
849.516,-1.616,1.533,3.431
849.627,-1.575,1.539,3.453
849.738,-1.538,1.547,3.468
849.850,-1.509,1.554,3.478
849.961,-1.485,1.543,3.486
850.072,-1.461,1.542,3.496
850.183,-1.445,1.545,3.504
850.294,-1.432,1.546,3.509
850.406,-1.423,1.546,3.514
850.517,-1.422,1.550,3.519
850.628,-1.436,1.574,3.529
850.738,-1.451,1.582,3.535
850.849,-1.456,1.587,3.534
850.960,-1.458,1.606,3.540
851.072,-1.465,1.594,3.536
851.183,-1.476,1.630,3.544
851.294,-1.488,1.617,3.543
851.405,-1.497,1.604,3.545
851.516,-1.502,1.615,3.545
851.628,-1.510,1.611,3.539
851.739,-1.520,1.609,3.536
851.850,-1.519,1.636,3.525
851.961,-1.505,1.677,3.512
852.072,-1.491,1.663,3.500
852.183,-1.480,1.678,3.489
852.295,-1.473,1.692,3.481
852.406,-1.464,1.673,3.478
852.517,-1.452,1.699,3.479
852.628,-1.446,1.681,3.477
852.739,-1.444,1.702,3.466
852.850,-1.447,1.715,3.445
852.961,-1.443,1.715,3.425
853.072,-1.434,1.720,3.413
853.183,-1.429,1.716,3.402
853.294,-1.428,1.712,3.391
853.406,-1.431,1.711,3.382
853.517,-1.444,1.707,3.374
853.628,-1.463,1.707,3.360
853.739,-1.475,1.700,3.345
853.850,-1.485,1.692,3.334
853.962,-1.488,1.672,3.328
854.073,-1.480,1.651,3.318
854.184,-1.470,1.629,3.301
854.296,-1.459,1.609,3.281
854.407,-1.448,1.591,3.263
854.518,-1.431,1.580,3.247
854.629,-1.408,1.578,3.228
854.740,-1.380,1.580,3.209
854.851,-1.343,1.583,3.189
854.962,-1.298,1.583,3.165
855.074,-1.250,1.586,3.141
855.185,-1.202,1.596,3.122
855.296,-1.150,1.602,3.113
855.407,-1.090,1.590,3.127
855.518,-1.031,1.570,3.170
855.629,-0.988,1.546,3.227
855.739,-0.945,1.530,3.269
855.850,-0.882,1.538,3.300
855.961,-0.815,1.551,3.316
856.072,-0.746,1.562,3.322
856.184,-0.676,1.567,3.323
856.294,-0.604,1.565,3.318
856.405,-0.539,1.560,3.304
856.517,-0.483,1.561,3.283
856.627,-0.432,1.572,3.266
856.738,-0.393,1.577,3.256
856.850,-0.353,1.575,3.254
856.960,-0.313,1.570,3.257
857.072,-0.272,1.567,3.266
857.183,-0.226,1.562,3.280
857.294,-0.178,1.563,3.300
857.405,-0.135,1.569,3.320
857.517,-0.086,1.563,3.337
857.628,-0.041,1.572,3.347
857.739,0.001,1.575,3.347
857.850,0.038,1.571,3.336
857.961,0.071,1.573,3.309
858.072,0.113,1.575,3.288
858.183,0.141,1.566,3.273
858.293,0.154,1.561,3.264
858.405,0.161,1.559,3.258
858.516,0.160,1.562,3.253
858.627,0.147,1.566,3.245
858.739,0.122,1.569,3.237
858.850,0.086,1.585,3.232
858.961,0.046,1.622,3.233
859.072,0.008,1.636,3.233
859.183,-0.032,1.639,3.236
859.294,-0.070,1.649,3.238
859.405,-0.105,1.655,3.241
859.517,-0.146,1.655,3.246
859.627,-0.201,1.652,3.249
859.739,-0.259,1.644,3.249
859.850,-0.311,1.639,3.257
859.961,-0.357,1.638,3.275
860.072,-0.403,1.656,3.296
860.183,-0.447,1.665,3.310
860.295,-0.492,1.668,3.317
860.406,-0.538,1.669,3.310
860.517,-0.582,1.661,3.282
860.629,-0.619,1.632,3.239
860.739,-0.650,1.593,3.190
860.851,-0.688,1.576,3.142
860.962,-0.734,1.580,3.096
861.073,-0.783,1.582,3.060
861.184,-0.849,1.585,3.042
861.296,-0.918,1.587,3.054
861.406,-0.974,1.585,3.080
861.516,-1.018,1.581,3.105
861.628,-1.058,1.574,3.128
861.739,-1.097,1.568,3.155
861.850,-1.138,1.567,3.188
861.961,-1.183,1.571,3.225
862.072,-1.228,1.574,3.258
862.183,-1.275,1.574,3.284
862.295,-1.321,1.564,3.305
862.405,-1.368,1.547,3.321
862.517,-1.416,1.533,3.332
862.628,-1.466,1.521,3.335
862.739,-1.523,1.511,3.331
862.850,-1.583,1.503,3.316
862.961,-1.650,1.500,3.297
863.072,-1.715,1.495,3.285
863.184,-1.779,1.482,3.282
863.320,-1.851,1.474,3.285
863.431,-1.907,1.468,3.298
863.542,-1.967,1.460,3.320
863.652,-2.035,1.450,3.352
863.764,-2.107,1.440,3.392
863.864,-2.173,1.437,3.425
863.975,-2.233,1.422,3.453
864.086,-2.279,1.404,3.472
864.197,-2.313,1.392,3.487
864.308,-2.334,1.386,3.499
864.419,-2.346,1.396,3.507
864.531,-2.351,1.415,3.507
864.642,-2.353,1.440,3.499
864.753,-2.354,1.464,3.481
864.864,-2.352,1.487,3.458
864.975,-2.348,1.510,3.434
865.086,-2.341,1.528,3.408
865.197,-2.331,1.540,3.381
865.308,-2.320,1.548,3.355
865.419,-2.309,1.555,3.330
865.530,-2.302,1.560,3.311
865.642,-2.294,1.560,3.299
865.752,-2.287,1.560,3.292
865.863,-2.283,1.563,3.286
865.973,-2.279,1.564,3.281
866.086,-2.278,1.566,3.277
866.197,-2.276,1.567,3.273
866.307,-2.273,1.566,3.270
866.419,-2.269,1.570,3.268
866.530,-2.267,1.577,3.267
866.641,-2.263,1.583,3.267
866.752,-2.260,1.591,3.265
866.864,-2.259,1.600,3.261
866.974,-2.255,1.604,3.258
867.086,-2.253,1.608,3.256
867.197,-2.249,1.615,3.257
867.307,-2.241,1.616,3.258
867.419,-2.226,1.618,3.259
867.530,-2.201,1.618,3.258
867.641,-2.169,1.618,3.253
867.752,-2.129,1.620,3.245
867.864,-2.083,1.622,3.238
867.974,-2.032,1.624,3.233
868.085,-1.976,1.627,3.230
868.197,-1.922,1.635,3.229
868.308,-1.879,1.640,3.224
868.419,-1.845,1.650,3.219
868.530,-1.818,1.663,3.218
868.641,-1.794,1.670,3.228
868.752,-1.771,1.672,3.248
868.863,-1.746,1.669,3.277
868.975,-1.723,1.664,3.314
869.086,-1.702,1.667,3.357
869.197,-1.683,1.670,3.400
869.308,-1.660,1.672,3.439
869.419,-1.631,1.671,3.474
869.530,-1.596,1.665,3.504
869.641,-1.553,1.661,3.529
869.753,-1.503,1.654,3.550
869.864,-1.447,1.643,3.565
869.975,-1.386,1.634,3.578
870.086,-1.324,1.636,3.592
870.197,-1.267,1.638,3.607
870.308,-1.221,1.636,3.626
870.419,-1.192,1.634,3.645
870.530,-1.180,1.629,3.666
870.641,-1.185,1.619,3.689
870.752,-1.204,1.604,3.711
870.863,-1.227,1.598,3.731
870.974,-1.247,1.599,3.750
871.085,-1.257,1.598,3.768
871.197,-1.253,1.596,3.778
871.308,-1.237,1.597,3.783
871.419,-1.218,1.597,3.785
871.530,-1.196,1.601,3.787
871.641,-1.173,1.603,3.791
871.752,-1.152,1.604,3.796
871.863,-1.136,1.603,3.798
871.975,-1.127,1.601,3.796
872.085,-1.121,1.603,3.793
872.197,-1.113,1.606,3.789
872.308,-1.110,1.607,3.786
872.419,-1.120,1.607,3.788
872.530,-1.129,1.605,3.789
872.641,-1.129,1.605,3.788
872.752,-1.127,1.603,3.787
872.864,-1.155,1.609,3.788
872.974,-1.195,1.611,3.777
873.085,-1.217,1.602,3.767
873.196,-1.221,1.599,3.766
873.307,-1.220,1.600,3.767
873.418,-1.223,1.598,3.768
873.530,-1.218,1.597,3.772
873.641,-1.186,1.601,3.780
873.752,-1.146,1.606,3.779
873.864,-1.125,1.605,3.774
873.975,-1.124,1.604,3.776
874.086,-1.126,1.603,3.778
874.197,-1.136,1.601,3.784
874.308,-1.184,1.599,3.791
874.419,-1.222,1.592,3.781
874.530,-1.227,1.591,3.778
874.641,-1.220,1.589,3.779
874.752,-1.210,1.585,3.779
874.863,-1.202,1.584,3.779
874.974,-1.199,1.585,3.778
875.085,-1.195,1.584,3.778
875.197,-1.184,1.583,3.778
875.307,-1.174,1.584,3.777
875.419,-1.170,1.584,3.775
875.530,-1.170,1.589,3.776
875.641,-1.170,1.592,3.778
875.753,-1.170,1.591,3.779
875.863,-1.170,1.591,3.782
875.974,-1.171,1.593,3.786
876.086,-1.173,1.593,3.789
876.197,-1.174,1.593,3.793
876.308,-1.175,1.592,3.795
876.419,-1.176,1.592,3.796
876.530,-1.177,1.593,3.797
876.641,-1.177,1.592,3.796
876.752,-1.177,1.596,3.797
876.863,-1.176,1.598,3.797
876.974,-1.177,1.597,3.796
877.085,-1.177,1.594,3.795
877.196,-1.177,1.596,3.795
877.308,-1.177,1.596,3.796
877.419,-1.179,1.596,3.795
877.530,-1.181,1.600,3.793
877.641,-1.182,1.599,3.792
877.752,-1.183,1.596,3.791
877.863,-1.183,1.597,3.790
877.974,-1.182,1.596,3.788
878.085,-1.180,1.600,3.787
878.197,-1.179,1.610,3.787
878.308,-1.179,1.615,3.784
878.419,-1.178,1.614,3.782
878.530,-1.176,1.608,3.782
878.641,-1.175,1.597,3.782
878.752,-1.175,1.597,3.782
878.863,-1.175,1.606,3.781
878.974,-1.176,1.609,3.781
879.086,-1.176,1.604,3.781
879.196,-1.176,1.601,3.780
879.308,-1.176,1.608,3.782
879.419,-1.176,1.613,3.784
879.530,-1.177,1.615,3.786
879.640,-1.176,1.611,3.787
879.752,-1.175,1.608,3.787
879.863,-1.175,1.611,3.784
879.974,-1.171,1.614,3.784
880.085,-1.168,1.623,3.785
880.196,-1.169,1.632,3.785
880.308,-1.168,1.631,3.784
880.419,-1.168,1.624,3.784
880.529,-1.169,1.618,3.785
880.641,-1.171,1.615,3.784
880.751,-1.172,1.621,3.787
880.863,-1.172,1.629,3.793
880.973,-1.174,1.635,3.800
881.085,-1.176,1.634,3.804
881.196,-1.177,1.631,3.805
881.308,-1.178,1.626,3.802
881.418,-1.178,1.628,3.806
881.529,-1.175,1.625,3.808
881.641,-1.172,1.627,3.815
881.752,-1.172,1.626,3.821
881.863,-1.171,1.623,3.822
881.974,-1.172,1.623,3.823
882.085,-1.173,1.621,3.823
882.197,-1.174,1.619,3.824
882.307,-1.175,1.619,3.825
882.419,-1.176,1.615,3.824
882.530,-1.176,1.614,3.824
882.640,-1.174,1.614,3.823
882.751,-1.170,1.615,3.822
882.863,-1.162,1.618,3.823
882.974,-1.158,1.617,3.826
883.085,-1.158,1.612,3.821
883.197,-1.160,1.608,3.816
883.307,-1.161,1.611,3.811
883.419,-1.158,1.610,3.809
883.530,-1.144,1.610,3.812
883.641,-1.115,1.605,3.816
883.752,-1.082,1.590,3.820
883.863,-1.059,1.578,3.825
883.974,-1.062,1.564,3.830
884.086,-1.098,1.554,3.848
884.197,-1.158,1.550,3.876
884.308,-1.207,1.548,3.895
884.419,-1.239,1.537,3.910
884.530,-1.261,1.517,3.921
884.641,-1.274,1.495,3.924
884.752,-1.273,1.482,3.921
884.863,-1.272,1.478,3.917
884.975,-1.276,1.476,3.912
885.085,-1.279,1.475,3.908
885.197,-1.283,1.475,3.902
885.308,-1.287,1.475,3.896
885.419,-1.288,1.475,3.891
885.530,-1.284,1.476,3.887
885.641,-1.278,1.480,3.883
885.752,-1.272,1.492,3.881
885.863,-1.260,1.502,3.883
885.975,-1.246,1.510,3.885
886.085,-1.233,1.518,3.884
886.197,-1.220,1.525,3.886
886.308,-1.209,1.528,3.889
886.419,-1.201,1.529,3.892
886.530,-1.194,1.530,3.893
886.641,-1.188,1.530,3.895
886.752,-1.184,1.530,3.896
886.863,-1.183,1.533,3.900
886.973,-1.184,1.536,3.906
887.086,-1.190,1.540,3.914
887.197,-1.202,1.542,3.925
887.308,-1.222,1.538,3.940
887.419,-1.253,1.528,3.960
887.530,-1.295,1.526,3.983
887.642,-1.340,1.543,4.005
887.753,-1.378,1.567,4.019
887.865,-1.402,1.586,4.021
887.975,-1.418,1.598,4.007
888.086,-1.428,1.607,3.984
888.198,-1.434,1.619,3.961
888.309,-1.436,1.621,3.941
888.420,-1.437,1.617,3.930
888.531,-1.439,1.614,3.929
888.642,-1.442,1.616,3.936
888.753,-1.445,1.619,3.953
888.865,-1.448,1.619,3.977
888.976,-1.452,1.618,4.006
889.087,-1.455,1.616,4.036
889.198,-1.457,1.614,4.063
889.309,-1.458,1.616,4.086
889.420,-1.463,1.618,4.102
889.532,-1.468,1.616,4.114
889.642,-1.474,1.613,4.124
889.754,-1.478,1.614,4.135
889.865,-1.477,1.617,4.143
889.976,-1.473,1.619,4.153
890.087,-1.470,1.615,4.171
890.198,-1.473,1.608,4.181
890.309,-1.478,1.609,4.178
890.420,-1.480,1.621,4.173
890.532,-1.480,1.633,4.168
890.642,-1.481,1.631,4.162
890.754,-1.484,1.618,4.158
890.865,-1.486,1.607,4.155
890.976,-1.490,1.609,4.153
891.087,-1.491,1.620,4.153
891.199,-1.493,1.626,4.153
891.309,-1.495,1.623,4.152
891.420,-1.497,1.617,4.148
891.531,-1.496,1.614,4.139
891.642,-1.491,1.616,4.122
891.754,-1.482,1.622,4.094
891.865,-1.470,1.624,4.059
891.976,-1.457,1.619,4.014
892.085,-1.443,1.615,3.959
892.197,-1.436,1.610,3.900
892.308,-1.440,1.608,3.865
892.419,-1.446,1.614,3.862
892.531,-1.447,1.625,3.885
892.642,-1.449,1.628,3.926
892.754,-1.456,1.624,3.969
892.864,-1.458,1.619,3.992
892.976,-1.455,1.617,3.998
893.087,-1.453,1.619,4.005
893.198,-1.452,1.620,4.019
893.309,-1.453,1.617,4.035
893.420,-1.460,1.609,4.055
893.531,-1.470,1.608,4.073
893.642,-1.479,1.614,4.086
893.753,-1.487,1.620,4.093
893.865,-1.494,1.625,4.097
893.976,-1.500,1.630,4.100
894.087,-1.507,1.634,4.103
894.198,-1.512,1.637,4.105
894.309,-1.517,1.641,4.108
894.420,-1.520,1.643,4.111
894.532,-1.521,1.644,4.113
894.643,-1.520,1.646,4.114
894.753,-1.518,1.646,4.114
894.865,-1.515,1.647,4.113
894.975,-1.511,1.645,4.113
895.087,-1.506,1.640,4.114
895.198,-1.502,1.636,4.118
895.309,-1.498,1.630,4.122
895.420,-1.498,1.626,4.124
895.531,-1.499,1.626,4.124
895.642,-1.500,1.624,4.123
895.753,-1.494,1.629,4.125
895.865,-1.492,1.626,4.127
895.975,-1.489,1.620,4.129
896.087,-1.484,1.621,4.134
896.198,-1.480,1.619,4.138
896.309,-1.477,1.618,4.141
896.420,-1.473,1.618,4.143
896.532,-1.471,1.619,4.146
896.642,-1.469,1.621,4.148
896.753,-1.463,1.624,4.146
896.865,-1.458,1.615,4.141
896.976,-1.452,1.601,4.137
897.087,-1.448,1.594,4.137
897.198,-1.446,1.593,4.135
897.309,-1.444,1.596,4.134
897.420,-1.442,1.601,4.136
897.531,-1.442,1.599,4.137
897.642,-1.442,1.596,4.133
897.753,-1.443,1.597,4.126
897.864,-1.443,1.597,4.122
897.975,-1.445,1.594,4.121
898.087,-1.445,1.590,4.119
898.198,-1.446,1.588,4.118
898.309,-1.446,1.589,4.118
898.420,-1.446,1.587,4.118
898.531,-1.445,1.587,4.120
898.642,-1.446,1.585,4.120
898.754,-1.446,1.585,4.120
898.864,-1.445,1.586,4.120
898.976,-1.446,1.584,4.118
899.087,-1.447,1.584,4.120
899.198,-1.445,1.590,4.124
899.309,-1.444,1.590,4.127
899.420,-1.445,1.585,4.130
899.531,-1.447,1.580,4.133
899.642,-1.452,1.575,4.134
899.753,-1.457,1.575,4.132
899.864,-1.460,1.575,4.130
899.975,-1.461,1.575,4.128
900.087,-1.461,1.576,4.127
900.198,-1.458,1.581,4.126
900.309,-1.449,1.589,4.113
900.420,-1.435,1.591,4.085
900.532,-1.426,1.590,4.052
900.642,-1.422,1.593,4.029
900.754,-1.423,1.593,4.032
900.865,-1.427,1.586,4.057
900.976,-1.429,1.575,4.096
901.087,-1.430,1.571,4.133
901.198,-1.434,1.571,4.159
901.309,-1.441,1.570,4.174
901.420,-1.446,1.568,4.185
901.531,-1.451,1.564,4.197
901.642,-1.453,1.562,4.207
901.753,-1.455,1.562,4.214
901.864,-1.458,1.562,4.220
901.976,-1.460,1.561,4.225
902.086,-1.463,1.560,4.227
902.198,-1.467,1.558,4.230
902.309,-1.471,1.557,4.234
902.420,-1.475,1.554,4.237
902.531,-1.478,1.552,4.238
902.643,-1.480,1.552,4.241
902.753,-1.483,1.550,4.245
902.865,-1.484,1.548,4.250
902.976,-1.481,1.548,4.254
903.087,-1.476,1.548,4.257
903.198,-1.475,1.545,4.262
903.309,-1.472,1.545,4.267
903.420,-1.469,1.541,4.270
903.531,-1.465,1.546,4.272
903.643,-1.463,1.551,4.273
903.754,-1.459,1.553,4.273
903.865,-1.453,1.558,4.276
903.976,-1.446,1.565,4.276
904.087,-1.437,1.569,4.271
904.199,-1.431,1.571,4.265
904.309,-1.425,1.573,4.256
904.420,-1.420,1.573,4.246
904.531,-1.415,1.572,4.236
904.642,-1.408,1.575,4.228
904.754,-1.403,1.576,4.221
904.865,-1.398,1.575,4.216
904.976,-1.392,1.576,4.213
905.086,-1.385,1.580,4.211
905.198,-1.381,1.581,4.211
905.310,-1.378,1.582,4.211
905.420,-1.374,1.578,4.212
905.532,-1.369,1.572,4.212
905.642,-1.362,1.570,4.212
905.754,-1.358,1.568,4.212
905.865,-1.356,1.566,4.211
905.976,-1.354,1.566,4.211
906.087,-1.351,1.566,4.211
906.198,-1.345,1.570,4.208
906.309,-1.343,1.571,4.208
906.421,-1.342,1.567,4.207
906.531,-1.339,1.565,4.206
906.642,-1.338,1.562,4.206
906.753,-1.337,1.559,4.206
906.865,-1.338,1.558,4.206
906.976,-1.340,1.558,4.207
907.087,-1.336,1.567,4.206
907.198,-1.338,1.573,4.205
907.309,-1.339,1.569,4.204
907.420,-1.337,1.560,4.202
907.532,-1.333,1.554,4.200
907.642,-1.333,1.558,4.200
907.754,-1.332,1.568,4.199
907.865,-1.332,1.575,4.200
907.976,-1.330,1.574,4.200
908.087,-1.326,1.563,4.200
908.198,-1.321,1.552,4.201
908.309,-1.320,1.550,4.203
908.420,-1.323,1.560,4.204
908.532,-1.328,1.579,4.203
908.642,-1.335,1.590,4.198
908.754,-1.338,1.587,4.190
908.865,-1.338,1.573,4.182
908.976,-1.341,1.568,4.176
909.087,-1.348,1.576,4.172
909.198,-1.357,1.591,4.168
909.309,-1.366,1.600,4.166
909.420,-1.372,1.602,4.163
909.532,-1.374,1.602,4.160
909.643,-1.375,1.602,4.158
909.754,-1.375,1.601,4.155
909.865,-1.374,1.595,4.153
909.976,-1.373,1.589,4.151
910.088,-1.373,1.586,4.150
910.198,-1.376,1.586,4.150
910.309,-1.380,1.590,4.151
910.421,-1.383,1.597,4.151
910.531,-1.385,1.599,4.151
910.642,-1.384,1.592,4.150
910.753,-1.381,1.581,4.150
910.865,-1.379,1.579,4.153
910.976,-1.371,1.588,4.171
911.087,-1.363,1.594,4.194
911.198,-1.360,1.588,4.209
911.309,-1.355,1.572,4.213
911.421,-1.351,1.561,4.211
911.532,-1.357,1.576,4.195
911.643,-1.376,1.597,4.172
911.754,-1.391,1.603,4.160
911.865,-1.394,1.589,4.153
911.976,-1.392,1.568,4.149
912.087,-1.394,1.572,4.149
912.198,-1.391,1.598,4.159
912.309,-1.379,1.615,4.182
912.421,-1.369,1.604,4.210
912.532,-1.364,1.575,4.225
912.642,-1.362,1.564,4.219
912.754,-1.362,1.587,4.196
912.865,-1.376,1.611,4.159
912.976,-1.394,1.608,4.133
913.087,-1.403,1.590,4.120
913.198,-1.401,1.574,4.116
913.309,-1.394,1.582,4.119
913.420,-1.375,1.594,4.144
913.532,-1.361,1.589,4.186
913.643,-1.360,1.557,4.223
913.753,-1.359,1.554,4.229
913.865,-1.358,1.568,4.216
913.976,-1.359,1.565,4.201
914.087,-1.358,1.556,4.193
914.198,-1.358,1.570,4.196
914.309,-1.360,1.573,4.207
914.420,-1.360,1.553,4.215
914.532,-1.363,1.563,4.215
914.642,-1.368,1.586,4.214
914.753,-1.371,1.586,4.218
914.865,-1.369,1.557,4.226
914.976,-1.370,1.531,4.234
915.086,-1.377,1.549,4.233
915.198,-1.388,1.580,4.225
915.309,-1.397,1.585,4.215
915.420,-1.401,1.563,4.212
915.531,-1.403,1.541,4.215
915.642,-1.406,1.532,4.220
915.753,-1.412,1.533,4.223
915.865,-1.417,1.535,4.224
915.976,-1.419,1.535,4.225
916.087,-1.420,1.535,4.228
916.198,-1.421,1.537,4.231
916.309,-1.421,1.540,4.240
916.420,-1.424,1.544,4.254
916.531,-1.432,1.544,4.268
916.642,-1.437,1.544,4.271
916.753,-1.438,1.545,4.266
916.864,-1.436,1.546,4.264
916.975,-1.434,1.548,4.261
917.086,-1.432,1.553,4.259
917.198,-1.432,1.554,4.258
917.308,-1.432,1.548,4.259
917.419,-1.431,1.544,4.259
917.531,-1.429,1.545,4.258
917.642,-1.425,1.547,4.257
917.753,-1.421,1.545,4.257
917.864,-1.418,1.544,4.256
917.975,-1.414,1.547,4.255
918.086,-1.410,1.546,4.254
918.197,-1.407,1.541,4.252
918.308,-1.405,1.541,4.251
918.419,-1.404,1.542,4.251
918.531,-1.402,1.545,4.252
918.642,-1.402,1.546,4.253
918.753,-1.402,1.545,4.255
918.865,-1.403,1.540,4.259
918.975,-1.403,1.539,4.263
919.086,-1.403,1.540,4.266
919.197,-1.403,1.542,4.270
919.308,-1.410,1.550,4.288
919.419,-1.421,1.557,4.303
919.530,-1.434,1.558,4.308
919.641,-1.447,1.554,4.313
919.752,-1.451,1.551,4.317
919.863,-1.444,1.550,4.311
919.974,-1.411,1.554,4.286
920.086,-1.388,1.546,4.250
920.198,-1.383,1.541,4.224
920.309,-1.385,1.539,4.213
920.420,-1.386,1.536,4.209
920.531,-1.388,1.537,4.208
920.642,-1.390,1.539,4.209
920.753,-1.391,1.541,4.211
920.865,-1.391,1.539,4.212
920.975,-1.389,1.535,4.212
921.087,-1.388,1.535,4.212
921.198,-1.385,1.541,4.212
921.309,-1.385,1.543,4.212
921.420,-1.386,1.539,4.212
921.531,-1.383,1.541,4.201
921.642,-1.380,1.550,4.154
921.754,-1.386,1.544,4.112
921.865,-1.384,1.540,4.100
921.976,-1.370,1.555,4.134
922.087,-1.375,1.560,4.196
922.198,-1.392,1.559,4.235
922.309,-1.399,1.562,4.247
922.420,-1.399,1.555,4.247
922.531,-1.393,1.551,4.245
922.642,-1.392,1.557,4.245
922.753,-1.394,1.566,4.248
922.865,-1.391,1.559,4.248
922.976,-1.388,1.548,4.247
923.087,-1.389,1.555,4.243
923.197,-1.392,1.565,4.239
923.325,-1.394,1.561,4.237
923.437,-1.404,1.549,4.259
923.549,-1.435,1.557,4.293
923.658,-1.458,1.552,4.311
923.769,-1.433,1.551,4.303
923.877,-1.405,1.535,4.271
923.989,-1.394,1.521,4.241
924.099,-1.404,1.535,4.225
924.210,-1.422,1.556,4.216
924.322,-1.433,1.551,4.211
924.433,-1.439,1.538,4.212
924.545,-1.445,1.541,4.215
924.655,-1.447,1.551,4.216
924.766,-1.446,1.550,4.218
924.878,-1.449,1.538,4.220
924.989,-1.451,1.540,4.222
925.100,-1.455,1.551,4.226
925.212,-1.456,1.550,4.228
925.322,-1.459,1.541,4.248
925.433,-1.483,1.543,4.303
925.544,-1.510,1.541,4.342
925.655,-1.489,1.533,4.344
925.767,-1.448,1.519,4.301
925.878,-1.423,1.511,4.248
925.990,-1.419,1.521,4.216
926.101,-1.427,1.540,4.200
926.212,-1.433,1.542,4.192
926.323,-1.433,1.531,4.192
926.434,-1.436,1.529,4.194
926.545,-1.436,1.536,4.196
926.656,-1.434,1.538,4.199
926.767,-1.435,1.531,4.201
926.879,-1.438,1.526,4.203
926.990,-1.439,1.530,4.205
927.101,-1.442,1.533,4.207
927.212,-1.447,1.530,4.223
927.323,-1.468,1.526,4.273
927.433,-1.495,1.529,4.312
927.544,-1.499,1.530,4.329
927.656,-1.474,1.523,4.321
927.767,-1.450,1.514,4.291
927.878,-1.435,1.513,4.266
927.989,-1.429,1.523,4.253
928.101,-1.427,1.533,4.248
928.212,-1.424,1.528,4.246
928.323,-1.421,1.520,4.244
928.434,-1.417,1.521,4.244
928.546,-1.412,1.529,4.242
928.656,-1.408,1.533,4.241
928.767,-1.403,1.530,4.240
928.879,-1.397,1.527,4.241
928.989,-1.395,1.531,4.243
929.100,-1.398,1.537,4.243
929.212,-1.398,1.531,4.241
929.323,-1.394,1.529,4.239
929.434,-1.387,1.567,4.231
929.546,-1.388,1.617,4.222
929.656,-1.391,1.636,4.219
929.768,-1.391,1.640,4.220
929.879,-1.393,1.641,4.223
929.990,-1.394,1.643,4.226
930.101,-1.394,1.647,4.229
930.213,-1.394,1.649,4.231
930.324,-1.391,1.646,4.235
930.435,-1.387,1.641,4.241
930.546,-1.388,1.640,4.246
930.657,-1.393,1.645,4.246
930.768,-1.393,1.643,4.243
930.880,-1.385,1.627,4.240
930.990,-1.376,1.611,4.236
931.101,-1.377,1.615,4.231
931.212,-1.378,1.618,4.230
931.323,-1.374,1.606,4.233
931.434,-1.369,1.593,4.243
931.546,-1.376,1.601,4.252
931.656,-1.388,1.613,4.255
931.767,-1.393,1.609,4.252
931.879,-1.387,1.590,4.246
931.989,-1.375,1.590,4.240
932.100,-1.374,1.605,4.231
932.211,-1.379,1.611,4.226
932.323,-1.378,1.597,4.224
932.433,-1.369,1.582,4.228
932.545,-1.369,1.596,4.231
932.656,-1.375,1.613,4.229
932.767,-1.376,1.606,4.226
932.878,-1.367,1.566,4.225
932.988,-1.343,1.531,4.229
933.100,-1.330,1.550,4.229
933.211,-1.331,1.570,4.229
933.323,-1.340,1.567,4.232
933.434,-1.342,1.538,4.243
933.545,-1.341,1.527,4.260
933.656,-1.350,1.550,4.269
933.767,-1.362,1.564,4.267
933.878,-1.371,1.547,4.258
933.989,-1.366,1.523,4.250
934.100,-1.357,1.534,4.247
934.211,-1.359,1.556,4.245
934.323,-1.370,1.557,4.243
934.434,-1.376,1.536,4.249
934.545,-1.377,1.529,4.261
934.656,-1.380,1.545,4.267
934.767,-1.381,1.555,4.258
934.878,-1.381,1.538,4.239
934.989,-1.375,1.519,4.218
935.100,-1.368,1.533,4.202
935.211,-1.372,1.550,4.200
935.322,-1.384,1.550,4.218
935.433,-1.396,1.527,4.256
935.545,-1.407,1.517,4.297
935.655,-1.420,1.530,4.321
935.766,-1.426,1.543,4.324
935.878,-1.422,1.539,4.313
935.989,-1.411,1.526,4.295
936.100,-1.403,1.530,4.281
936.211,-1.402,1.544,4.273
936.322,-1.410,1.545,4.275
936.433,-1.422,1.525,4.289
936.545,-1.432,1.516,4.308
936.655,-1.440,1.527,4.319
936.766,-1.442,1.538,4.316
936.878,-1.436,1.533,4.302
936.989,-1.423,1.518,4.287
937.100,-1.412,1.521,4.279
937.212,-1.412,1.539,4.281
937.323,-1.422,1.548,4.291
937.433,-1.436,1.536,4.310
937.544,-1.441,1.515,4.329
937.655,-1.441,1.525,4.334
937.766,-1.439,1.545,4.328
937.878,-1.434,1.548,4.313
937.989,-1.419,1.533,4.294
938.100,-1.404,1.531,4.278
938.212,-1.399,1.549,4.264
938.322,-1.401,1.558,4.258
938.434,-1.404,1.542,4.261
938.545,-1.401,1.525,4.267
938.656,-1.402,1.538,4.270
938.767,-1.400,1.555,4.262
938.879,-1.394,1.554,4.245
938.990,-1.382,1.538,4.225
939.100,-1.372,1.539,4.210
939.212,-1.372,1.554,4.208
939.323,-1.381,1.567,4.218
939.434,-1.385,1.565,4.241
939.545,-1.382,1.545,4.269
939.656,-1.381,1.543,4.283
939.767,-1.379,1.559,4.278
939.878,-1.375,1.561,4.260
939.989,-1.367,1.541,4.234
940.101,-1.354,1.526,4.213
940.212,-1.350,1.536,4.207
940.323,-1.351,1.553,4.214
940.434,-1.354,1.554,4.232
940.545,-1.358,1.540,4.258
940.656,-1.362,1.532,4.278
940.767,-1.363,1.546,4.284
940.878,-1.359,1.554,4.268
940.989,-1.350,1.539,4.246
941.101,-1.342,1.524,4.228
941.212,-1.337,1.535,4.219
941.323,-1.339,1.562,4.227
941.434,-1.352,1.564,4.246
941.545,-1.362,1.540,4.272
941.656,-1.369,1.524,4.291
941.767,-1.369,1.542,4.294
941.879,-1.369,1.558,4.277
941.989,-1.369,1.550,4.255
942.100,-1.359,1.539,4.240
942.211,-1.353,1.541,4.230
942.323,-1.350,1.558,4.224
942.433,-1.355,1.561,4.224
942.545,-1.359,1.542,4.240
942.656,-1.365,1.529,4.262
942.767,-1.373,1.539,4.278
942.878,-1.375,1.549,4.280
942.989,-1.370,1.540,4.266
943.100,-1.358,1.525,4.248
943.212,-1.350,1.524,4.234
943.323,-1.346,1.543,4.227
943.434,-1.348,1.556,4.221
943.545,-1.349,1.548,4.220
943.656,-1.344,1.527,4.228
943.767,-1.340,1.532,4.237
943.879,-1.347,1.551,4.234
943.989,-1.353,1.553,4.224
944.100,-1.348,1.541,4.212
944.212,-1.343,1.534,4.199
944.323,-1.342,1.546,4.185
944.434,-1.347,1.555,4.165
944.546,-1.353,1.554,4.139
944.656,-1.358,1.553,4.121
944.767,-1.363,1.561,4.112
944.879,-1.367,1.569,4.110
944.989,-1.366,1.569,4.109
945.100,-1.363,1.567,4.106
945.212,-1.365,1.567,4.103
945.323,-1.371,1.568,4.100
945.434,-1.379,1.571,4.096
945.545,-1.386,1.580,4.090
945.656,-1.393,1.588,4.090
945.767,-1.399,1.593,4.091
945.878,-1.403,1.593,4.091
945.989,-1.404,1.586,4.091
946.101,-1.403,1.573,4.093
946.212,-1.402,1.558,4.096
946.323,-1.400,1.551,4.098
946.434,-1.399,1.551,4.100
946.545,-1.399,1.556,4.103
946.656,-1.394,1.582,4.110
946.767,-1.395,1.614,4.130
946.879,-1.402,1.624,4.141
946.990,-1.404,1.620,4.145
947.100,-1.399,1.609,4.156
947.212,-1.386,1.600,4.172
947.323,-1.375,1.586,4.187
947.434,-1.368,1.571,4.197
947.545,-1.361,1.557,4.201
947.656,-1.353,1.555,4.202
947.767,-1.351,1.555,4.202
947.878,-1.349,1.555,4.202
947.989,-1.348,1.553,4.199
948.100,-1.350,1.555,4.194
948.211,-1.352,1.563,4.189
948.323,-1.353,1.571,4.181
948.434,-1.355,1.576,4.168
948.545,-1.357,1.579,4.149
948.656,-1.360,1.578,4.127
948.767,-1.366,1.573,4.106
948.879,-1.371,1.569,4.090
948.990,-1.371,1.567,4.086
949.101,-1.366,1.569,4.095
949.212,-1.362,1.575,4.118
949.323,-1.364,1.584,4.147
949.434,-1.373,1.589,4.177
949.546,-1.386,1.602,4.202
949.656,-1.403,1.601,4.217
949.767,-1.410,1.606,4.223
949.879,-1.412,1.606,4.222
949.990,-1.420,1.603,4.221
950.101,-1.427,1.602,4.221
950.212,-1.431,1.603,4.222
950.323,-1.435,1.603,4.223
950.434,-1.437,1.603,4.222
950.546,-1.438,1.603,4.221
950.656,-1.437,1.603,4.221
950.768,-1.436,1.604,4.223
950.879,-1.436,1.604,4.225
950.990,-1.436,1.604,4.224
951.101,-1.434,1.603,4.225
951.212,-1.432,1.603,4.227
951.323,-1.429,1.603,4.229
951.434,-1.427,1.603,4.232
951.546,-1.423,1.605,4.233
951.656,-1.421,1.606,4.232
951.768,-1.419,1.609,4.231
951.879,-1.417,1.613,4.232
951.990,-1.415,1.618,4.232
952.101,-1.414,1.623,4.233
952.212,-1.414,1.631,4.234
952.322,-1.415,1.638,4.235
952.435,-1.416,1.644,4.238
952.545,-1.415,1.645,4.241
952.657,-1.414,1.634,4.246
952.767,-1.410,1.617,4.254
952.879,-1.400,1.607,4.257
952.989,-1.394,1.608,4.250
953.100,-1.386,1.609,4.244
953.212,-1.375,1.610,4.255
953.323,-1.369,1.609,4.269
953.434,-1.359,1.609,4.265
953.545,-1.345,1.607,4.248
953.656,-1.335,1.607,4.231
953.768,-1.330,1.603,4.212
953.880,-1.329,1.601,4.176
953.990,-1.346,1.600,4.131
954.101,-1.375,1.594,4.097
954.212,-1.398,1.586,4.083
954.323,-1.405,1.582,4.083
954.434,-1.405,1.582,4.086
954.546,-1.403,1.583,4.088
954.656,-1.400,1.583,4.090
954.767,-1.395,1.583,4.094
954.879,-1.393,1.583,4.095
954.990,-1.393,1.582,4.095
955.101,-1.394,1.580,4.094
955.212,-1.395,1.579,4.092
955.323,-1.395,1.578,4.090
955.435,-1.394,1.578,4.089
955.545,-1.391,1.579,4.088
955.656,-1.387,1.580,4.086
955.767,-1.376,1.584,4.092
955.879,-1.347,1.594,4.125
955.990,-1.329,1.598,4.186
956.101,-1.339,1.597,4.250
956.212,-1.369,1.591,4.297
956.322,-1.398,1.586,4.322
956.433,-1.423,1.583,4.335
956.544,-1.437,1.582,4.340
956.655,-1.442,1.580,4.342
956.767,-1.432,1.580,4.337
956.877,-1.393,1.585,4.310
956.990,-1.361,1.590,4.251
957.101,-1.363,1.587,4.185
957.213,-1.384,1.579,4.135
957.323,-1.404,1.572,4.090
957.434,-1.426,1.563,4.031
957.546,-1.456,1.558,3.952
957.657,-1.493,1.565,3.857
957.769,-1.526,1.583,3.770
957.880,-1.553,1.597,3.701
957.991,-1.574,1.599,3.648
958.101,-1.585,1.603,3.603
958.213,-1.586,1.606,3.555
958.324,-1.581,1.605,3.500
958.434,-1.569,1.601,3.437
958.546,-1.558,1.610,3.366
958.657,-1.557,1.618,3.294
958.768,-1.563,1.622,3.221
958.879,-1.577,1.617,3.148
958.990,-1.600,1.604,3.077
959.101,-1.629,1.593,3.011
959.213,-1.651,1.597,2.954
959.324,-1.660,1.603,2.912
959.434,-1.660,1.603,2.882
959.546,-1.650,1.600,2.863
959.657,-1.633,1.601,2.846
959.768,-1.615,1.602,2.834
959.881,-1.598,1.602,2.826
959.990,-1.584,1.602,2.821
960.101,-1.571,1.602,2.817
960.212,-1.561,1.602,2.813
960.323,-1.554,1.601,2.809
960.434,-1.549,1.601,2.805
960.546,-1.546,1.601,2.802
960.657,-1.543,1.601,2.800
960.768,-1.542,1.600,2.798
960.879,-1.542,1.600,2.799
960.990,-1.543,1.600,2.800
961.101,-1.543,1.600,2.801
961.213,-1.543,1.600,2.801
961.323,-1.544,1.601,2.802
961.435,-1.544,1.601,2.801
961.546,-1.544,1.602,2.801
961.657,-1.544,1.602,2.800
961.768,-1.544,1.602,2.798
961.879,-1.544,1.602,2.796
961.990,-1.544,1.601,2.794
962.101,-1.544,1.601,2.791
962.213,-1.543,1.601,2.789
962.324,-1.542,1.601,2.786
962.435,-1.543,1.600,2.784
962.546,-1.547,1.599,2.783
962.657,-1.551,1.599,2.782
962.768,-1.555,1.598,2.780
962.880,-1.559,1.598,2.779
962.990,-1.564,1.598,2.776
963.102,-1.570,1.596,2.774
963.212,-1.578,1.596,2.770
963.324,-1.584,1.595,2.767
963.435,-1.591,1.594,2.763
963.546,-1.597,1.594,2.759
963.657,-1.603,1.593,2.755
963.768,-1.607,1.593,2.750
963.879,-1.611,1.592,2.745
963.990,-1.615,1.592,2.740
964.101,-1.618,1.591,2.734
964.213,-1.620,1.590,2.729
964.324,-1.621,1.589,2.725
964.434,-1.622,1.589,2.721
964.546,-1.623,1.588,2.717
964.657,-1.623,1.587,2.713
964.768,-1.623,1.587,2.709
964.879,-1.623,1.586,2.705
964.990,-1.624,1.585,2.702
965.101,-1.624,1.584,2.700
965.213,-1.625,1.584,2.699
965.324,-1.626,1.583,2.697
965.435,-1.627,1.582,2.695
965.546,-1.628,1.582,2.694
965.657,-1.628,1.581,2.692
965.768,-1.627,1.581,2.692
965.879,-1.627,1.582,2.691
965.990,-1.624,1.582,2.690
966.101,-1.619,1.582,2.688
966.213,-1.613,1.581,2.687
966.324,-1.606,1.581,2.689
966.435,-1.599,1.581,2.693
966.546,-1.591,1.581,2.699
966.657,-1.584,1.582,2.708
966.768,-1.579,1.582,2.716
966.880,-1.575,1.582,2.723
966.990,-1.572,1.582,2.729
967.101,-1.570,1.581,2.734
967.213,-1.568,1.582,2.738
967.323,-1.569,1.584,2.742
967.435,-1.571,1.588,2.743
967.546,-1.579,1.589,2.740
967.657,-1.589,1.586,2.728
967.768,-1.595,1.580,2.716
967.879,-1.599,1.576,2.709
967.990,-1.600,1.575,2.707
968.101,-1.597,1.576,2.708
968.213,-1.578,1.576,2.713
968.324,-1.549,1.574,2.727
968.435,-1.522,1.573,2.745
968.546,-1.501,1.572,2.761
968.657,-1.480,1.572,2.775
968.768,-1.459,1.574,2.789
968.879,-1.443,1.575,2.801
968.990,-1.430,1.577,2.812
969.101,-1.419,1.578,2.819
969.213,-1.412,1.578,2.822
969.323,-1.409,1.579,2.823
969.435,-1.412,1.583,2.823
969.546,-1.420,1.587,2.825
969.657,-1.434,1.590,2.828
969.768,-1.454,1.589,2.836
969.879,-1.479,1.592,2.843
969.990,-1.509,1.592,2.852
970.101,-1.538,1.593,2.859
970.212,-1.563,1.593,2.863
970.323,-1.576,1.591,2.866
970.434,-1.575,1.590,2.867
970.545,-1.576,1.588,2.867
970.656,-1.580,1.587,2.863
970.767,-1.579,1.587,2.857
970.879,-1.575,1.585,2.850
970.990,-1.565,1.585,2.844
971.101,-1.548,1.585,2.839
971.212,-1.526,1.583,2.835
971.324,-1.501,1.580,2.834
971.435,-1.475,1.575,2.833
971.546,-1.452,1.574,2.831
971.657,-1.434,1.575,2.830
971.768,-1.418,1.572,2.832
971.879,-1.405,1.571,2.830
971.990,-1.400,1.572,2.829
972.101,-1.400,1.573,2.829
972.212,-1.406,1.572,2.828
972.324,-1.415,1.570,2.824
972.434,-1.427,1.568,2.818
972.546,-1.439,1.564,2.813
972.656,-1.455,1.560,2.809
972.768,-1.473,1.561,2.808
972.880,-1.462,1.562,2.812
972.990,-1.453,1.561,2.831
973.101,-1.477,1.561,2.832
973.213,-1.510,1.559,2.827
973.323,-1.527,1.553,2.828
973.434,-1.535,1.547,2.826
973.546,-1.551,1.543,2.817
973.656,-1.570,1.537,2.803
973.768,-1.583,1.531,2.788
973.879,-1.583,1.524,2.777
973.990,-1.573,1.522,2.770
974.101,-1.550,1.528,2.778
974.212,-1.510,1.531,2.786
974.323,-1.463,1.534,2.796
974.434,-1.438,1.540,2.794
974.545,-1.424,1.546,2.788
974.656,-1.408,1.547,2.782
974.768,-1.385,1.542,2.776
974.879,-1.362,1.534,2.772
974.990,-1.344,1.524,2.772
975.101,-1.333,1.517,2.773
975.212,-1.327,1.514,2.774
975.323,-1.330,1.517,2.771
975.434,-1.337,1.520,2.774
975.545,-1.350,1.526,2.786
975.657,-1.370,1.533,2.802
975.768,-1.399,1.538,2.819
975.879,-1.435,1.541,2.840
975.990,-1.474,1.543,2.859
976.100,-1.513,1.545,2.879
976.212,-1.544,1.544,2.894
976.323,-1.564,1.542,2.906
976.434,-1.577,1.540,2.918
976.546,-1.586,1.540,2.927
976.656,-1.591,1.545,2.932
976.768,-1.591,1.547,2.935
976.879,-1.585,1.549,2.934
976.990,-1.572,1.551,2.928
977.101,-1.555,1.552,2.922
977.213,-1.533,1.556,2.912
977.323,-1.503,1.560,2.903
977.434,-1.473,1.562,2.890
977.546,-1.446,1.561,2.876
977.657,-1.422,1.556,2.863
977.767,-1.400,1.549,2.852
977.879,-1.378,1.543,2.842
977.989,-1.359,1.542,2.836
978.101,-1.346,1.541,2.827
978.213,-1.338,1.538,2.817
978.323,-1.336,1.537,2.812
978.434,-1.340,1.539,2.808
978.545,-1.346,1.538,2.801
978.657,-1.356,1.539,2.797
978.767,-1.373,1.539,2.790
978.879,-1.395,1.538,2.780
978.990,-1.421,1.535,2.772
979.101,-1.452,1.530,2.763
979.212,-1.483,1.526,2.753
979.323,-1.510,1.518,2.748
979.434,-1.532,1.498,2.748
979.545,-1.549,1.485,2.747
979.656,-1.561,1.486,2.745
979.768,-1.571,1.489,2.738
979.879,-1.574,1.490,2.731
979.990,-1.567,1.489,2.723
980.101,-1.547,1.487,2.717
980.213,-1.517,1.491,2.711
980.324,-1.474,1.493,2.706
980.434,-1.424,1.489,2.698
980.546,-1.381,1.473,2.690
980.657,-1.345,1.456,2.683
980.768,-1.315,1.452,2.681
980.879,-1.300,1.462,2.684
980.990,-1.299,1.473,2.692
981.102,-1.302,1.479,2.700
981.213,-1.308,1.487,2.703
981.323,-1.312,1.500,2.713
981.435,-1.319,1.512,2.724
981.546,-1.332,1.523,2.735
981.657,-1.350,1.527,2.752
981.768,-1.359,1.528,2.771
981.880,-1.358,1.532,2.782
981.990,-1.345,1.539,2.787
982.101,-1.331,1.546,2.794
982.213,-1.331,1.554,2.804
982.323,-1.341,1.559,2.813
982.435,-1.349,1.560,2.821
982.546,-1.363,1.561,2.826
982.657,-1.377,1.560,2.828
982.768,-1.381,1.558,2.829
982.879,-1.372,1.557,2.828
982.990,-1.362,1.556,2.827
983.101,-1.359,1.556,2.826
983.212,-1.365,1.557,2.823
983.317,-1.369,1.558,2.823
983.424,-1.377,1.559,2.821
983.535,-1.378,1.562,2.818
983.646,-1.379,1.562,2.815
983.758,-1.381,1.562,2.813
983.865,-1.383,1.562,2.811
983.975,-1.386,1.564,2.811
984.087,-1.389,1.565,2.810
984.198,-1.392,1.565,2.809
984.309,-1.395,1.564,2.809
984.420,-1.398,1.562,2.807
984.531,-1.402,1.562,2.807
984.642,-1.404,1.564,2.810
984.753,-1.407,1.567,2.811
984.865,-1.413,1.569,2.813
984.975,-1.415,1.570,2.815
985.087,-1.408,1.575,2.817
985.198,-1.394,1.580,2.822
985.310,-1.370,1.583,2.829
985.420,-1.340,1.582,2.832
985.531,-1.316,1.578,2.831
985.643,-1.302,1.571,2.830
985.753,-1.293,1.561,2.828
985.864,-1.288,1.551,2.824
985.976,-1.288,1.546,2.818
986.087,-1.294,1.548,2.815
986.198,-1.306,1.551,2.811
986.309,-1.328,1.555,2.806
986.420,-1.361,1.563,2.799
986.531,-1.400,1.570,2.797
986.643,-1.438,1.575,2.801
986.754,-1.471,1.579,2.805
986.865,-1.494,1.580,2.808
986.976,-1.507,1.580,2.807
987.087,-1.509,1.580,2.806
987.198,-1.495,1.579,2.807
987.309,-1.494,1.575,2.806
987.420,-1.503,1.572,2.805
987.532,-1.503,1.574,2.808
987.642,-1.492,1.577,2.810
987.753,-1.478,1.576,2.814
987.864,-1.464,1.581,2.817
987.976,-1.453,1.590,2.820
988.087,-1.445,1.609,2.822
988.199,-1.436,1.614,2.826
988.309,-1.421,1.609,2.828
988.421,-1.406,1.606,2.829
988.530,-1.395,1.608,2.829
988.641,-1.388,1.617,2.831
988.754,-1.386,1.624,2.834
988.863,-1.388,1.626,2.835
988.974,-1.394,1.621,2.833
989.085,-1.405,1.618,2.829
989.198,-1.420,1.620,2.826
989.308,-1.437,1.629,2.825
989.420,-1.454,1.631,2.825
989.532,-1.471,1.630,2.825
989.643,-1.488,1.625,2.827
989.754,-1.502,1.614,2.828
989.865,-1.516,1.609,2.829
989.976,-1.531,1.610,2.829
990.087,-1.544,1.611,2.828
990.198,-1.550,1.611,2.829
990.309,-1.551,1.612,2.832
990.420,-1.549,1.613,2.835
990.531,-1.543,1.615,2.841
990.643,-1.535,1.618,2.846
990.754,-1.526,1.621,2.846
990.864,-1.519,1.622,2.844
990.976,-1.519,1.624,2.840
991.087,-1.516,1.623,2.839
991.198,-1.510,1.622,2.840
991.309,-1.503,1.624,2.842
991.420,-1.494,1.625,2.847
991.531,-1.484,1.623,2.850
991.643,-1.473,1.621,2.852
991.754,-1.465,1.623,2.848
991.865,-1.462,1.625,2.840
991.976,-1.462,1.625,2.834
992.087,-1.472,1.628,2.830
992.198,-1.492,1.630,2.821
992.309,-1.514,1.630,2.806
992.419,-1.535,1.628,2.792
992.532,-1.547,1.625,2.775
992.643,-1.548,1.621,2.762
992.754,-1.540,1.622,2.760
992.865,-1.525,1.627,2.771
992.976,-1.507,1.634,2.789
993.087,-1.492,1.642,2.808
993.199,-1.473,1.645,2.829
993.309,-1.450,1.644,2.847
993.421,-1.423,1.643,2.858
993.532,-1.399,1.644,2.859
993.643,-1.387,1.647,2.852
993.754,-1.390,1.647,2.832
993.865,-1.405,1.647,2.800
993.976,-1.423,1.643,2.769
994.087,-1.436,1.644,2.743
994.198,-1.442,1.646,2.721
994.309,-1.443,1.648,2.703
994.420,-1.445,1.648,2.686
994.532,-1.446,1.649,2.673
994.642,-1.446,1.651,2.662
994.754,-1.447,1.653,2.656
994.865,-1.448,1.654,2.653
994.976,-1.448,1.654,2.653
995.088,-1.449,1.652,2.653
995.199,-1.449,1.651,2.655
995.309,-1.449,1.649,2.658
995.420,-1.448,1.648,2.659
995.531,-1.447,1.647,2.657
995.643,-1.447,1.646,2.654
995.754,-1.447,1.645,2.651
995.865,-1.448,1.645,2.647
995.976,-1.450,1.648,2.641
996.087,-1.452,1.650,2.634
996.198,-1.454,1.651,2.624
996.309,-1.456,1.653,2.615
996.421,-1.458,1.653,2.605
996.532,-1.460,1.653,2.597
996.643,-1.461,1.654,2.591
996.754,-1.461,1.654,2.585
996.865,-1.460,1.653,2.580
996.976,-1.459,1.651,2.575
997.087,-1.458,1.650,2.570
997.198,-1.458,1.648,2.566
997.309,-1.458,1.646,2.562
997.420,-1.457,1.645,2.559
997.532,-1.455,1.644,2.557
997.642,-1.451,1.642,2.555
997.754,-1.447,1.642,2.554
997.865,-1.442,1.641,2.554
997.976,-1.437,1.641,2.554
998.087,-1.433,1.641,2.554
998.199,-1.429,1.640,2.554
998.309,-1.427,1.640,2.552
998.420,-1.426,1.639,2.550
998.531,-1.430,1.638,2.547
998.642,-1.434,1.638,2.546
998.754,-1.439,1.639,2.543
998.865,-1.446,1.639,2.541
998.976,-1.453,1.639,2.537
999.088,-1.458,1.639,2.535
999.199,-1.463,1.640,2.535
999.310,-1.466,1.641,2.536
999.420,-1.466,1.644,2.539
999.532,-1.463,1.643,2.544
999.643,-1.456,1.644,2.557
999.754,-1.442,1.644,2.576
999.866,-1.428,1.642,2.599
999.976,-1.416,1.644,2.620
1000.088,-1.406,1.642,2.641
1000.199,-1.395,1.640,2.659
1000.310,-1.387,1.638,2.669
1000.421,-1.386,1.639,2.669
1000.532,-1.391,1.638,2.659
1000.642,-1.397,1.639,2.643
1000.753,-1.396,1.638,2.628
1000.865,-1.386,1.644,2.612
1000.975,-1.369,1.649,2.594
1001.087,-1.348,1.653,2.569
1001.198,-1.329,1.657,2.547
1001.309,-1.316,1.658,2.527
1001.420,-1.308,1.657,2.510
1001.531,-1.303,1.655,2.494
1001.643,-1.302,1.653,2.482
1001.754,-1.302,1.653,2.472
1001.865,-1.302,1.654,2.466
1001.976,-1.302,1.654,2.465
1002.087,-1.305,1.651,2.474
1002.198,-1.315,1.651,2.493
1002.309,-1.337,1.654,2.529
1002.420,-1.368,1.654,2.585
1002.532,-1.400,1.650,2.648
1002.642,-1.426,1.646,2.727
1002.753,-1.427,1.642,2.802
1002.862,-1.419,1.633,2.840
1002.974,-1.435,1.628,2.849
1003.085,-1.455,1.625,2.852
1003.196,-1.456,1.621,2.859
1003.308,-1.424,1.615,2.847
1003.420,-1.370,1.619,2.801
1003.532,-1.313,1.621,2.753
1003.643,-1.260,1.619,2.712
1003.754,-1.208,1.616,2.684
1003.865,-1.148,1.622,2.676
1003.976,-1.083,1.622,2.682
1004.087,-1.019,1.617,2.702
1004.198,-0.959,1.611,2.738
1004.309,-0.901,1.611,2.784
1004.420,-0.838,1.627,2.822
1004.532,-0.788,1.638,2.832
1004.643,-0.753,1.645,2.824
1004.754,-0.720,1.643,2.809
1004.865,-0.697,1.642,2.785
1004.976,-0.682,1.640,2.766
1005.087,-0.657,1.640,2.762
1005.198,-0.611,1.639,2.766
1005.309,-0.547,1.639,2.767
1005.420,-0.461,1.637,2.752
1005.532,-0.364,1.627,2.735
1005.643,-0.286,1.616,2.729
1005.754,-0.238,1.611,2.716
1005.865,-0.213,1.608,2.687
1005.976,-0.204,1.604,2.646
1006.087,-0.212,1.596,2.599
1006.198,-0.228,1.610,2.549
1006.309,-0.239,1.619,2.502
1006.420,-0.247,1.619,2.463
1006.532,-0.261,1.621,2.431
1006.643,-0.276,1.625,2.415
1006.754,-0.281,1.626,2.419
1006.865,-0.279,1.630,2.438
1006.976,-0.269,1.631,2.457
1007.086,-0.260,1.632,2.467
1007.198,-0.260,1.635,2.479
1007.309,-0.274,1.639,2.496
1007.420,-0.304,1.642,2.517
1007.532,-0.351,1.641,2.542
1007.642,-0.408,1.640,2.571
1007.753,-0.464,1.643,2.596
1007.865,-0.512,1.653,2.615
1007.976,-0.555,1.655,2.626
1008.087,-0.596,1.654,2.626
1008.198,-0.634,1.652,2.619
1008.310,-0.669,1.648,2.603
1008.420,-0.704,1.646,2.580
1008.531,-0.742,1.644,2.551
1008.642,-0.783,1.650,2.519
1008.753,-0.824,1.651,2.493
1008.865,-0.863,1.652,2.474
1008.976,-0.895,1.651,2.461
1009.087,-0.924,1.651,2.457
1009.198,-0.954,1.653,2.462
1009.309,-0.984,1.653,2.474
1009.420,-1.014,1.650,2.494
1009.532,-1.045,1.646,2.521
1009.643,-1.076,1.648,2.553
1009.754,-1.107,1.653,2.582
1009.865,-1.135,1.655,2.604
1009.976,-1.158,1.655,2.620
1010.088,-1.178,1.654,2.629
1010.198,-1.193,1.654,2.632
1010.309,-1.204,1.654,2.628
1010.421,-1.214,1.654,2.617
1010.532,-1.221,1.653,2.600
1010.643,-1.225,1.655,2.578
1010.754,-1.225,1.658,2.553
1010.864,-1.223,1.661,2.528
1010.976,-1.222,1.664,2.504
1011.087,-1.223,1.668,2.482
1011.198,-1.225,1.671,2.465
1011.309,-1.228,1.675,2.453
1011.420,-1.230,1.677,2.445
1011.532,-1.231,1.677,2.442
1011.643,-1.232,1.676,2.445
1011.754,-1.232,1.676,2.450
1011.865,-1.231,1.674,2.459
1011.976,-1.232,1.670,2.471
1012.087,-1.233,1.668,2.487
1012.198,-1.235,1.668,2.509
1012.309,-1.237,1.669,2.535
1012.420,-1.240,1.667,2.561
1012.532,-1.243,1.665,2.588
1012.643,-1.244,1.662,2.608
1012.754,-1.240,1.659,2.620
1012.865,-1.234,1.657,2.625
1012.976,-1.227,1.655,2.628
1013.087,-1.222,1.656,2.630
1013.198,-1.220,1.657,2.631
1013.309,-1.220,1.657,2.628
1013.420,-1.220,1.658,2.624
1013.532,-1.223,1.660,2.620
1013.643,-1.227,1.661,2.614
1013.754,-1.228,1.661,2.606
1013.865,-1.226,1.659,2.592
1013.976,-1.216,1.655,2.572
1014.088,-1.210,1.650,2.553
1014.199,-1.211,1.647,2.540
1014.309,-1.217,1.645,2.534
1014.420,-1.229,1.645,2.534
1014.532,-1.239,1.643,2.536
1014.643,-1.246,1.645,2.540
1014.754,-1.251,1.645,2.546
1014.865,-1.254,1.646,2.555
1014.977,-1.257,1.646,2.570
1015.088,-1.258,1.647,2.580
1015.199,-1.259,1.648,2.584
1015.310,-1.257,1.652,2.585
1015.421,-1.251,1.659,2.585
1015.532,-1.245,1.666,2.584
1015.643,-1.235,1.671,2.580
1015.754,-1.225,1.672,2.571
1015.865,-1.212,1.672,2.556
1015.976,-1.203,1.673,2.537
1016.088,-1.189,1.674,2.512
1016.199,-1.179,1.678,2.483
1016.309,-1.171,1.675,2.457
1016.421,-1.165,1.671,2.434
1016.532,-1.163,1.667,2.419
1016.643,-1.166,1.663,2.411
1016.754,-1.172,1.655,2.403
1016.865,-1.179,1.641,2.392
1016.976,-1.187,1.631,2.388
1017.087,-1.197,1.630,2.395
1017.198,-1.212,1.635,2.417
1017.310,-1.228,1.636,2.452
1017.420,-1.242,1.635,2.499
1017.532,-1.256,1.635,2.552
1017.642,-1.268,1.634,2.606
1017.753,-1.280,1.635,2.654
1017.865,-1.287,1.636,2.695
1017.976,-1.284,1.632,2.729
1018.087,-1.271,1.629,2.758
1018.198,-1.252,1.626,2.784
1018.310,-1.227,1.620,2.808
1018.420,-1.199,1.614,2.830
1018.532,-1.172,1.608,2.856
1018.643,-1.139,1.602,2.880
1018.754,-1.096,1.597,2.896
1018.865,-1.056,1.595,2.910
1018.977,-1.025,1.594,2.921
1019.087,-1.001,1.591,2.930
1019.198,-0.986,1.589,2.936
1019.309,-0.979,1.591,2.938
1019.420,-0.978,1.587,2.940
1019.532,-0.984,1.582,2.947
1019.643,-0.997,1.584,2.955
1019.754,-1.015,1.584,2.965
1019.865,-1.041,1.581,2.976
1019.976,-1.074,1.578,2.986
1020.087,-1.113,1.576,2.993
1020.198,-1.158,1.573,2.996
1020.309,-1.207,1.569,2.991
1020.420,-1.261,1.562,2.987
1020.531,-1.311,1.555,2.984
1020.643,-1.347,1.548,2.981
1020.753,-1.372,1.541,2.980
1020.865,-1.391,1.537,2.984
1020.976,-1.393,1.538,2.988
1021.087,-1.380,1.543,2.987
1021.198,-1.353,1.546,2.988
1021.309,-1.320,1.549,2.988
1021.420,-1.285,1.551,2.989
1021.532,-1.254,1.552,2.991
1021.643,-1.222,1.552,2.990
1021.753,-1.191,1.554,2.989
1021.865,-1.167,1.553,2.991
1021.976,-1.151,1.554,2.990
1022.087,-1.139,1.553,2.988
1022.198,-1.129,1.549,2.987
1022.309,-1.120,1.541,2.987
1022.420,-1.114,1.536,2.989
1022.532,-1.111,1.534,2.988
1022.643,-1.112,1.532,2.989
1022.754,-1.111,1.534,2.988
1022.865,-1.113,1.534,2.987
1022.976,-1.115,1.534,2.982
1023.086,-1.111,1.532,2.982
1023.197,-1.106,1.532,2.981
1023.309,-1.105,1.532,2.978
1023.420,-1.103,1.531,2.976
1023.531,-1.101,1.532,2.972
1023.641,-1.096,1.533,2.969
1023.754,-1.090,1.534,2.967
1023.865,-1.084,1.534,2.966
1023.976,-1.076,1.535,2.966
1024.087,-1.069,1.534,2.966
1024.198,-1.061,1.531,2.970
1024.309,-1.055,1.527,2.973
1024.420,-1.050,1.529,2.975
1024.531,-1.044,1.528,2.976
1024.642,-1.039,1.528,2.976
1024.754,-1.036,1.529,2.974
1024.865,-1.031,1.528,2.973
1024.976,-1.022,1.529,2.971
1025.087,-1.010,1.528,2.971
1025.198,-0.996,1.525,2.973
1025.309,-0.990,1.523,2.972
1025.420,-0.987,1.522,2.972
1025.531,-0.986,1.521,2.971
1025.643,-0.986,1.522,2.968
1025.753,-0.988,1.523,2.966
1025.865,-0.991,1.529,2.964
1025.976,-0.994,1.537,2.961
1026.087,-0.997,1.537,2.959
1026.198,-1.002,1.537,2.957
1026.309,-1.007,1.539,2.953
1026.420,-1.012,1.541,2.949
1026.532,-1.014,1.541,2.948
1026.642,-1.017,1.542,2.948
1026.753,-1.020,1.544,2.948
1026.865,-1.022,1.545,2.946
1026.976,-1.020,1.544,2.945
1027.087,-1.018,1.543,2.945
1027.198,-1.020,1.543,2.944
1027.309,-1.027,1.545,2.942
1027.420,-1.034,1.546,2.941
1027.531,-1.034,1.547,2.940
1027.642,-1.027,1.548,2.938
1027.754,-1.019,1.549,2.934
1027.865,-1.021,1.556,2.925
1027.976,-1.032,1.566,2.915
1028.087,-1.047,1.570,2.899
1028.198,-1.065,1.572,2.880
1028.309,-1.087,1.571,2.860
1028.420,-1.116,1.571,2.838
1028.531,-1.148,1.572,2.812
1028.642,-1.176,1.573,2.784
1028.753,-1.198,1.574,2.755
1028.865,-1.215,1.576,2.727
1028.976,-1.225,1.580,2.700
1029.087,-1.228,1.581,2.673
1029.198,-1.223,1.586,2.649
1029.310,-1.209,1.591,2.630
1029.420,-1.185,1.595,2.616
1029.531,-1.153,1.598,2.606
1029.642,-1.123,1.603,2.597
1029.753,-1.100,1.608,2.588
1029.865,-1.090,1.614,2.581
1029.976,-1.093,1.621,2.575
1030.087,-1.107,1.627,2.571
1030.198,-1.127,1.632,2.565
1030.309,-1.146,1.632,2.556
1030.420,-1.163,1.629,2.549
1030.532,-1.178,1.627,2.546
1030.643,-1.189,1.625,2.544
1030.754,-1.197,1.625,2.542
1030.865,-1.203,1.626,2.541
1030.976,-1.204,1.627,2.537
1031.087,-1.207,1.628,2.535
1031.198,-1.210,1.627,2.535
1031.309,-1.215,1.626,2.536
1031.420,-1.221,1.623,2.537
1031.532,-1.225,1.620,2.536
1031.643,-1.230,1.618,2.536
1031.754,-1.232,1.616,2.534
1031.865,-1.232,1.615,2.530
1031.977,-1.233,1.616,2.527
1032.087,-1.233,1.614,2.524
1032.198,-1.233,1.611,2.519
1032.309,-1.233,1.609,2.517
1032.420,-1.234,1.608,2.515
1032.531,-1.235,1.606,2.513
1032.643,-1.237,1.603,2.512
1032.753,-1.239,1.602,2.511
1032.865,-1.239,1.601,2.509
1032.976,-1.240,1.602,2.507
1033.087,-1.242,1.603,2.505
1033.198,-1.245,1.604,2.504
1033.309,-1.247,1.605,2.504
1033.420,-1.249,1.605,2.503
1033.532,-1.253,1.606,2.503
1033.643,-1.257,1.608,2.504
1033.754,-1.260,1.608,2.505
1033.865,-1.261,1.609,2.505
1033.976,-1.261,1.609,2.505
1034.087,-1.260,1.610,2.504
1034.198,-1.259,1.611,2.503
1034.309,-1.257,1.612,2.502
1034.420,-1.256,1.612,2.501
1034.531,-1.255,1.611,2.499
1034.643,-1.255,1.611,2.498
1034.754,-1.254,1.611,2.496
1034.865,-1.253,1.611,2.494
1034.976,-1.252,1.612,2.493
1035.087,-1.252,1.612,2.491
1035.198,-1.252,1.612,2.490
1035.309,-1.253,1.612,2.490
1035.420,-1.254,1.611,2.489
1035.532,-1.255,1.611,2.487
1035.643,-1.257,1.611,2.486
1035.753,-1.259,1.612,2.484
1035.865,-1.252,1.616,2.477
1035.976,-1.229,1.625,2.460
1036.087,-1.190,1.633,2.448
1036.198,-1.151,1.636,2.449
1036.309,-1.111,1.637,2.459
1036.420,-1.066,1.634,2.477
1036.531,-1.018,1.632,2.500
1036.642,-0.973,1.633,2.521
1036.753,-0.937,1.627,2.532
1036.865,-0.911,1.624,2.527
1036.976,-0.888,1.628,2.515
1037.087,-0.864,1.628,2.493
1037.198,-0.838,1.629,2.457
1037.309,-0.813,1.628,2.418
1037.420,-0.788,1.636,2.392
1037.532,-0.773,1.638,2.374
1037.643,-0.772,1.626,2.356
1037.754,-0.768,1.611,2.365
1037.865,-0.761,1.602,2.376
1037.976,-0.752,1.599,2.384
1038.087,-0.743,1.599,2.397
1038.198,-0.738,1.599,2.422
1038.309,-0.743,1.596,2.458
1038.420,-0.753,1.593,2.507
1038.531,-0.759,1.588,2.559
1038.642,-0.756,1.582,2.603
1038.753,-0.742,1.581,2.640
1038.865,-0.715,1.580,2.664
1038.976,-0.676,1.574,2.674
1039.086,-0.624,1.569,2.668
1039.199,-0.561,1.561,2.651
1039.309,-0.485,1.548,2.629
1039.420,-0.397,1.544,2.606
1039.532,-0.324,1.543,2.592
1039.643,-0.269,1.541,2.595
1039.754,-0.228,1.537,2.611
1039.865,-0.193,1.532,2.634
1039.976,-0.162,1.529,2.664
1040.087,-0.134,1.527,2.701
1040.198,-0.112,1.525,2.754
1040.309,-0.092,1.525,2.818
1040.421,-0.066,1.531,2.876
1040.532,-0.039,1.528,2.912
1040.643,-0.004,1.525,2.928
1040.754,0.041,1.521,2.929
1040.865,0.098,1.513,2.916
1040.976,0.169,1.500,2.891
1041.087,0.263,1.478,2.857
1041.199,0.362,1.462,2.833
1041.309,0.435,1.436,2.828
1041.420,0.478,1.415,2.835
1041.532,0.496,1.406,2.846
1041.642,0.501,1.404,2.853
1041.753,0.500,1.405,2.857
1041.865,0.501,1.407,2.852
1041.976,0.502,1.405,2.847
1042.086,0.504,1.403,2.843
1042.198,0.505,1.402,2.841
1042.309,0.507,1.402,2.842
1042.420,0.510,1.401,2.843
1042.531,0.513,1.401,2.843
1042.642,0.515,1.400,2.846
1042.753,0.516,1.399,2.849
1042.865,0.517,1.397,2.851
1042.976,0.516,1.395,2.850
1043.087,0.516,1.394,2.850
1043.198,0.516,1.392,2.850
1043.335,0.517,1.390,2.849
1043.446,0.518,1.388,2.848
1043.558,0.519,1.385,2.847
1043.669,0.520,1.384,2.846
1043.780,0.521,1.384,2.845
1043.893,0.521,1.386,2.845
1044.004,0.515,1.407,2.849
1044.115,0.499,1.437,2.862
1044.227,0.486,1.451,2.869
1044.337,0.490,1.446,2.868
1044.448,0.507,1.423,2.867
1044.560,0.522,1.397,2.873
1044.671,0.524,1.387,2.884
1044.782,0.513,1.397,2.908
1044.893,0.485,1.418,2.943
1045.004,0.442,1.442,2.988
1045.115,0.385,1.464,3.049
1045.226,0.324,1.487,3.117
1045.337,0.262,1.501,3.168
1045.447,0.208,1.510,3.201
1045.559,0.173,1.510,3.220
1045.669,0.164,1.507,3.225
1045.780,0.178,1.512,3.219
1045.892,0.209,1.524,3.203
1046.002,0.266,1.534,3.162
1046.115,0.332,1.547,3.100
1046.226,0.394,1.556,3.034
1046.338,0.450,1.570,2.983
1046.449,0.493,1.583,2.952
1046.560,0.521,1.589,2.944
1046.671,0.536,1.592,2.955
1046.782,0.535,1.587,2.976
1046.893,0.530,1.577,2.997
1047.004,0.536,1.576,3.010
1047.115,0.556,1.577,3.014
1047.226,0.589,1.571,3.011
1047.336,0.626,1.569,3.004
1047.447,0.657,1.566,2.996
1047.558,0.679,1.559,2.988
1047.669,0.696,1.552,2.981
1047.780,0.710,1.546,2.975
1047.892,0.721,1.543,2.969
1048.003,0.732,1.542,2.964
1048.114,0.742,1.540,2.959
1048.225,0.753,1.539,2.954
1048.336,0.764,1.538,2.951
1048.447,0.775,1.536,2.947
1048.559,0.786,1.536,2.944
1048.670,0.797,1.534,2.942
1048.782,0.806,1.532,2.942
1048.893,0.814,1.531,2.943
1049.004,0.820,1.530,2.945
1049.115,0.827,1.528,2.947
1049.227,0.834,1.526,2.947
1049.338,0.840,1.525,2.948
1049.449,0.847,1.524,2.949
1049.560,0.854,1.522,2.950
1049.672,0.862,1.519,2.951
1049.783,0.873,1.516,2.953
1049.894,0.883,1.513,2.954
1050.005,0.894,1.510,2.955
1050.116,0.904,1.508,2.957
1050.228,0.915,1.506,2.956
1050.339,0.927,1.506,2.953
1050.450,0.940,1.506,2.947
1050.562,0.954,1.507,2.939
1050.674,0.967,1.509,2.929
1050.785,0.981,1.509,2.916
1050.896,0.994,1.509,2.899
1051.008,1.002,1.509,2.879
1051.119,1.006,1.508,2.860
1051.230,1.005,1.511,2.846
1051.342,1.003,1.513,2.829
1051.452,0.999,1.518,2.812
1051.563,0.995,1.527,2.804
1051.675,0.990,1.531,2.790
1051.786,0.983,1.535,2.775
1051.897,0.976,1.541,2.769
1052.008,0.970,1.542,2.758
1052.119,0.962,1.543,2.745
1052.230,0.955,1.544,2.733
1052.341,0.949,1.543,2.721
1052.452,0.945,1.542,2.708
1052.563,0.940,1.541,2.696
1052.674,0.935,1.541,2.683
1052.785,0.929,1.538,2.670
1052.896,0.922,1.536,2.658
1053.007,0.917,1.532,2.648
1053.118,0.915,1.528,2.640
1053.229,0.915,1.523,2.635
1053.340,0.916,1.517,2.631
1053.451,0.919,1.512,2.628
1053.562,0.923,1.506,2.626
1053.673,0.928,1.498,2.624
1053.784,0.934,1.485,2.622
1053.896,0.935,1.462,2.618
1054.006,0.937,1.436,2.618
1054.117,0.942,1.416,2.622
1054.228,0.947,1.401,2.628
1054.339,0.951,1.394,2.633
1054.451,0.954,1.388,2.640
1054.561,0.958,1.383,2.646
1054.673,0.959,1.377,2.652
1054.783,0.959,1.374,2.656
1054.895,0.958,1.372,2.659
1055.006,0.953,1.373,2.663
1055.117,0.932,1.383,2.658
1055.228,0.913,1.396,2.664
1055.339,0.889,1.399,2.684
1055.450,0.850,1.409,2.699
1055.561,0.808,1.424,2.719
1055.671,0.768,1.435,2.744
1055.782,0.732,1.450,2.763
1055.894,0.703,1.463,2.774
1056.004,0.681,1.468,2.778
1056.115,0.671,1.473,2.773
1056.226,0.673,1.483,2.761
1056.338,0.687,1.491,2.741
1056.448,0.714,1.495,2.714
1056.560,0.751,1.501,2.683
1056.671,0.781,1.499,2.662
1056.782,0.799,1.495,2.654
1056.893,0.807,1.493,2.657
1057.004,0.807,1.494,2.665
1057.115,0.813,1.494,2.671
1057.227,0.826,1.490,2.666
1057.339,0.845,1.485,2.657
1057.450,0.864,1.481,2.649
1057.562,0.881,1.475,2.646
1057.672,0.897,1.466,2.647
1057.784,0.906,1.450,2.652
1057.895,0.908,1.435,2.665
1058.006,0.902,1.429,2.685
1058.117,0.889,1.422,2.704
1058.229,0.877,1.416,2.720
1058.339,0.874,1.418,2.736
1058.450,0.869,1.419,2.750
1058.562,0.861,1.420,2.761
1058.672,0.856,1.420,2.769
1058.784,0.852,1.419,2.773
1058.895,0.845,1.417,2.776
1059.006,0.838,1.421,2.780
1059.116,0.832,1.428,2.785
1059.228,0.829,1.435,2.787
1059.339,0.829,1.441,2.786
1059.450,0.831,1.449,2.780
1059.561,0.833,1.456,2.771
1059.672,0.837,1.460,2.762
1059.784,0.842,1.459,2.750
1059.895,0.851,1.457,2.735
1060.006,0.858,1.452,2.723
1060.118,0.857,1.447,2.711
1060.229,0.852,1.447,2.700
1060.339,0.845,1.448,2.695
1060.451,0.834,1.447,2.693
1060.562,0.826,1.448,2.691
1060.672,0.823,1.451,2.687
1060.783,0.822,1.455,2.680
1060.894,0.823,1.459,2.670
1061.005,0.824,1.459,2.660
1061.117,0.831,1.460,2.653
1061.229,0.841,1.459,2.646
1061.340,0.855,1.455,2.639
1061.451,0.873,1.447,2.633
1061.562,0.886,1.440,2.625
1061.673,0.901,1.444,2.618
1061.784,0.922,1.461,2.610
1061.896,0.946,1.488,2.604
1062.008,0.961,1.502,2.599
1062.119,0.977,1.513,2.589
1062.230,0.991,1.526,2.577
1062.341,1.001,1.538,2.563
1062.452,1.007,1.547,2.545
1062.563,1.014,1.554,2.526
1062.674,1.020,1.560,2.507
1062.785,1.026,1.566,2.493
1062.896,1.027,1.571,2.478
1063.007,1.022,1.577,2.464
1063.118,1.017,1.580,2.453
1063.229,1.014,1.583,2.447
1063.340,1.011,1.582,2.444
1063.451,1.005,1.583,2.440
1063.562,0.998,1.586,2.436
1063.673,0.994,1.587,2.433
1063.784,0.992,1.587,2.432
1063.896,0.989,1.588,2.431
1064.007,0.987,1.588,2.432
1064.117,0.987,1.589,2.433
1064.229,0.986,1.589,2.434
1064.339,0.985,1.590,2.433
1064.450,0.987,1.589,2.431
1064.562,0.996,1.587,2.430
1064.673,1.019,1.591,2.439
1064.785,1.057,1.600,2.492
1064.897,1.066,1.596,2.569
1065.007,1.049,1.587,2.624
1065.118,1.030,1.582,2.656
1065.229,1.009,1.584,2.681
1065.340,0.989,1.587,2.701
1065.450,0.973,1.590,2.714
1065.561,0.958,1.592,2.722
1065.672,0.944,1.593,2.729
1065.783,0.929,1.594,2.737
1065.894,0.914,1.592,2.744
1066.005,0.900,1.592,2.749
1066.116,0.894,1.594,2.752
1066.228,0.894,1.597,2.753
1066.339,0.900,1.600,2.753
1066.450,0.908,1.607,2.748
1066.562,0.919,1.623,2.734
1066.673,0.926,1.643,2.716
1066.784,0.931,1.660,2.694
1066.895,0.937,1.670,2.673
1067.006,0.940,1.678,2.654
1067.118,0.945,1.683,2.638
1067.229,0.949,1.686,2.623
1067.341,0.951,1.690,2.610
1067.452,0.951,1.693,2.596
1067.563,0.951,1.695,2.582
1067.674,0.952,1.696,2.566
1067.785,0.955,1.693,2.540
1067.896,0.951,1.691,2.518
1068.007,0.945,1.692,2.509
1068.118,0.942,1.692,2.506
1068.229,0.940,1.691,2.505
1068.340,0.938,1.691,2.503
1068.452,0.935,1.691,2.502
1068.562,0.930,1.693,2.506
1068.673,0.926,1.694,2.511
1068.785,0.923,1.693,2.519
1068.896,0.919,1.694,2.528
1069.007,0.913,1.694,2.540
1069.118,0.907,1.694,2.551
1069.229,0.901,1.694,2.557
1069.340,0.895,1.694,2.559
1069.451,0.892,1.694,2.563
1069.562,0.889,1.694,2.568
1069.674,0.887,1.694,2.573
1069.785,0.885,1.694,2.576
1069.896,0.884,1.694,2.579
1070.007,0.885,1.695,2.581
1070.118,0.891,1.695,2.581
1070.229,0.918,1.694,2.599
1070.341,0.940,1.676,2.655
1070.452,0.922,1.647,2.715
1070.562,0.877,1.615,2.736
1070.672,0.829,1.595,2.739
1070.782,0.768,1.580,2.737
1070.893,0.679,1.575,2.733
1071.004,0.590,1.572,2.727
1071.115,0.523,1.583,2.724
1071.226,0.473,1.586,2.734
1071.337,0.439,1.582,2.754
1071.447,0.419,1.582,2.783
1071.559,0.404,1.593,2.807
1071.670,0.380,1.616,2.816
1071.781,0.360,1.627,2.810
1071.893,0.327,1.630,2.809
1072.004,0.281,1.627,2.812
1072.114,0.229,1.617,2.810
1072.226,0.163,1.611,2.822
1072.337,0.089,1.619,2.854
1072.448,0.023,1.628,2.891
1072.559,-0.038,1.630,2.923
1072.670,-0.099,1.631,2.951
1072.781,-0.163,1.623,2.981
1072.893,-0.228,1.617,3.018
1073.003,-0.287,1.615,3.064
1073.115,-0.337,1.626,3.118
1073.226,-0.381,1.646,3.173
1073.337,-0.430,1.656,3.223
1073.448,-0.482,1.657,3.267
1073.560,-0.539,1.657,3.310
1073.671,-0.599,1.657,3.351
1073.782,-0.659,1.657,3.381
1073.893,-0.727,1.659,3.398
1074.004,-0.798,1.676,3.415
1074.115,-0.862,1.688,3.444
1074.226,-0.920,1.695,3.481
1074.337,-0.976,1.701,3.523
1074.448,-1.025,1.698,3.568
1074.559,-1.065,1.696,3.616
1074.670,-1.098,1.708,3.662
1074.781,-1.131,1.714,3.705
1074.893,-1.165,1.716,3.747
1075.003,-1.202,1.715,3.791
1075.114,-1.249,1.712,3.843
1075.226,-1.307,1.705,3.901
1075.337,-1.369,1.696,3.968
1075.448,-1.429,1.693,4.032
1075.559,-1.487,1.684,4.097
1075.670,-1.533,1.673,4.168
1075.781,-1.568,1.647,4.237
1075.893,-1.593,1.620,4.302
1076.004,-1.604,1.595,4.363
1076.115,-1.608,1.582,4.420
1076.226,-1.610,1.579,4.467
1076.337,-1.618,1.582,4.499
1076.448,-1.629,1.583,4.522
1076.560,-1.643,1.584,4.537
1076.671,-1.663,1.581,4.552
1076.781,-1.688,1.571,4.565
1076.893,-1.707,1.571,4.575
1077.004,-1.715,1.569,4.577
1077.115,-1.717,1.563,4.566
1077.227,-1.714,1.564,4.545
1077.338,-1.705,1.566,4.516
1077.449,-1.687,1.565,4.480
1077.560,-1.662,1.564,4.437
1077.671,-1.630,1.564,4.389
1077.782,-1.595,1.564,4.333
1077.893,-1.559,1.571,4.271
1078.004,-1.524,1.597,4.204
1078.115,-1.483,1.613,4.145
1078.227,-1.439,1.605,4.089
1078.338,-1.389,1.592,4.034
1078.448,-1.319,1.585,3.992
1078.560,-1.234,1.592,3.955
1078.671,-1.150,1.603,3.916
1078.782,-1.085,1.611,3.861
1078.893,-1.029,1.613,3.787
1079.004,-0.981,1.607,3.700
1079.115,-0.940,1.612,3.610
1079.226,-0.903,1.631,3.520
1079.337,-0.863,1.649,3.435
1079.449,-0.818,1.658,3.353
1079.560,-0.769,1.654,3.269
1079.671,-0.714,1.639,3.186
1079.782,-0.651,1.624,3.105
1079.893,-0.589,1.610,3.021
1080.004,-0.539,1.610,2.936
1080.115,-0.502,1.611,2.851
1080.226,-0.473,1.603,2.759
1080.337,-0.455,1.591,2.664
1080.448,-0.446,1.594,2.568
1080.560,-0.436,1.598,2.472
1080.671,-0.421,1.595,2.376
1080.782,-0.399,1.588,2.281
1080.893,-0.370,1.575,2.186
1081.004,-0.337,1.563,2.092
1081.115,-0.302,1.563,1.998
1081.227,-0.273,1.575,1.906
1081.336,-0.259,1.579,1.818
1081.448,-0.250,1.579,1.731
1081.560,-0.244,1.571,1.641
1081.671,-0.238,1.560,1.549
1081.782,-0.219,1.559,1.462
1081.893,-0.185,1.570,1.386
1082.004,-0.138,1.569,1.331
1082.115,-0.093,1.562,1.300
1082.227,-0.054,1.550,1.278
1082.337,-0.020,1.540,1.254
1082.448,0.018,1.530,1.224
1082.560,0.053,1.530,1.190
1082.671,0.083,1.534,1.153
1082.782,0.102,1.534,1.127
1082.893,0.112,1.531,1.112
1083.004,0.121,1.538,1.101
1083.115,0.128,1.533,1.091
1083.227,0.133,1.531,1.082
1083.338,0.135,1.531,1.077
1083.449,0.136,1.532,1.073
1083.560,0.136,1.532,1.072
1083.671,0.135,1.532,1.071
1083.782,0.135,1.533,1.066
1083.894,0.138,1.536,1.057
1084.004,0.141,1.538,1.045
1084.115,0.143,1.538,1.031
1084.227,0.143,1.537,1.017
1084.337,0.141,1.537,1.006
1084.449,0.141,1.537,0.998
1084.560,0.140,1.538,0.991
1084.671,0.140,1.538,0.984
1084.782,0.140,1.538,0.980
1084.893,0.140,1.538,0.976
1085.004,0.140,1.538,0.973
1085.115,0.140,1.537,0.971
1085.227,0.140,1.537,0.968
1085.337,0.140,1.537,0.965
1085.448,0.140,1.537,0.959
1085.560,0.137,1.534,0.952
1085.671,0.134,1.542,0.945
1085.782,0.133,1.544,0.934
1085.893,0.132,1.543,0.922
1086.004,0.133,1.542,0.911
1086.115,0.132,1.541,0.903
1086.227,0.132,1.542,0.894
1086.337,0.130,1.543,0.884
1086.448,0.126,1.542,0.874
1086.560,0.120,1.537,0.864
1086.671,0.111,1.531,0.854
1086.782,0.099,1.526,0.848
1086.893,0.085,1.522,0.846
1087.004,0.069,1.524,0.846
1087.115,0.049,1.529,0.848
1087.227,0.028,1.535,0.846
1087.337,0.004,1.538,0.838
1087.448,-0.033,1.539,0.830
1087.560,-0.073,1.543,0.819
1087.671,-0.113,1.550,0.804
1087.782,-0.149,1.548,0.788
1087.893,-0.174,1.544,0.772
1088.003,-0.188,1.541,0.759
1088.115,-0.195,1.542,0.747
1088.226,-0.195,1.540,0.737
1088.337,-0.189,1.539,0.731
1088.448,-0.178,1.539,0.732
1088.560,-0.161,1.540,0.737
1088.671,-0.139,1.541,0.748
1088.782,-0.111,1.542,0.761
1088.893,-0.081,1.544,0.776
1089.004,-0.048,1.549,0.792
1089.115,-0.013,1.551,0.809
1089.226,0.022,1.551,0.825
1089.337,0.056,1.551,0.840
1089.448,0.087,1.552,0.854
1089.560,0.115,1.556,0.863
1089.670,0.137,1.561,0.865
1089.782,0.153,1.567,0.853
1089.893,0.163,1.579,0.825
1090.004,0.166,1.592,0.787
1090.115,0.170,1.607,0.743
1090.227,0.172,1.613,0.702
1090.338,0.179,1.611,0.671
1090.449,0.195,1.611,0.656
1090.560,0.212,1.602,0.653
1090.671,0.226,1.586,0.668
1090.782,0.231,1.576,0.696
1090.894,0.226,1.569,0.734
1091.005,0.209,1.560,0.778
1091.115,0.194,1.561,0.826
1091.227,0.182,1.558,0.874
1091.337,0.174,1.550,0.918
1091.448,0.171,1.544,0.955
1091.559,0.171,1.537,0.987
1091.670,0.172,1.532,1.009
1091.782,0.172,1.530,1.024
1091.893,0.170,1.531,1.034
1092.004,0.167,1.534,1.039
1092.115,0.164,1.536,1.039
1092.226,0.163,1.540,1.036
1092.337,0.162,1.543,1.033
1092.448,0.162,1.545,1.031
1092.560,0.164,1.546,1.032
1092.671,0.166,1.543,1.034
1092.781,0.173,1.537,1.038
1092.893,0.188,1.524,1.045
1093.004,0.206,1.513,1.049
1093.115,0.229,1.507,1.046
1093.226,0.254,1.504,1.042
1093.337,0.275,1.495,1.041
1093.448,0.289,1.488,1.047
1093.560,0.298,1.486,1.059
1093.671,0.301,1.486,1.071
1093.782,0.296,1.490,1.085
1093.893,0.288,1.493,1.095
1094.004,0.278,1.500,1.093
1094.115,0.265,1.512,1.072
1094.227,0.247,1.525,1.030
1094.338,0.203,1.541,0.973
1094.448,0.134,1.554,0.924
1094.560,0.053,1.562,0.895
1094.671,-0.025,1.564,0.880
1094.782,-0.096,1.561,0.870
1094.893,-0.168,1.561,0.860
1095.004,-0.239,1.563,0.849
1095.115,-0.301,1.564,0.845
1095.227,-0.353,1.571,0.851
1095.338,-0.387,1.576,0.861
1095.449,-0.402,1.578,0.870
1095.560,-0.398,1.578,0.879
1095.670,-0.388,1.586,0.894
1095.781,-0.372,1.586,0.922
1095.893,-0.349,1.589,0.956
1096.004,-0.319,1.589,0.991
1096.115,-0.286,1.588,1.023
1096.227,-0.250,1.590,1.041
1096.338,-0.216,1.586,1.035
1096.448,-0.195,1.566,1.005
1096.560,-0.186,1.558,0.975
1096.671,-0.166,1.561,0.952
1096.782,-0.131,1.562,0.923
1096.894,-0.092,1.555,0.909
1097.004,-0.053,1.544,0.922
1097.115,-0.017,1.544,0.947
1097.227,0.027,1.552,0.972
1097.338,0.073,1.549,1.002
1097.449,0.123,1.534,1.042
1097.561,0.167,1.518,1.080
1097.671,0.199,1.517,1.107
1097.783,0.211,1.519,1.121
1097.894,0.205,1.531,1.099
1098.005,0.168,1.552,1.037
1098.116,0.093,1.567,0.972
1098.228,-0.001,1.570,0.918
1098.338,-0.085,1.572,0.880
1098.449,-0.150,1.568,0.849
1098.560,-0.203,1.563,0.821
1098.671,-0.254,1.562,0.798
1098.782,-0.303,1.568,0.792
1098.894,-0.331,1.575,0.802
1099.004,-0.332,1.581,0.805
1099.115,-0.322,1.592,0.802
1099.227,-0.308,1.600,0.798
1099.338,-0.288,1.598,0.782
1099.449,-0.249,1.578,0.739
1099.560,-0.197,1.558,0.702
1099.671,-0.165,1.550,0.677
1099.782,-0.153,1.541,0.656
1099.893,-0.155,1.534,0.639
1100.004,-0.173,1.534,0.622
1100.115,-0.211,1.531,0.601
1100.227,-0.268,1.523,0.573
1100.338,-0.339,1.516,0.536
1100.449,-0.403,1.519,0.498
1100.561,-0.444,1.516,0.462
1100.672,-0.462,1.508,0.436
1100.782,-0.464,1.506,0.427
1100.894,-0.458,1.516,0.429
1101.004,-0.449,1.522,0.431
1101.116,-0.442,1.523,0.431
1101.227,-0.439,1.524,0.432
1101.338,-0.438,1.525,0.431
1101.449,-0.440,1.526,0.431
1101.561,-0.444,1.524,0.430
1101.671,-0.448,1.521,0.430
1101.783,-0.450,1.521,0.431
1101.894,-0.451,1.521,0.431
1102.005,-0.452,1.521,0.429
1102.116,-0.455,1.523,0.425
1102.228,-0.459,1.523,0.416
1102.338,-0.470,1.520,0.400
1102.449,-0.488,1.509,0.375
1102.561,-0.512,1.489,0.347
1102.672,-0.534,1.469,0.327
1102.782,-0.552,1.467,0.317
1102.894,-0.571,1.474,0.317
1103.005,-0.580,1.475,0.324
1103.116,-0.576,1.476,0.330
1103.227,-0.564,1.475,0.332
1103.339,-0.550,1.470,0.325
1103.439,-0.543,1.463,0.319
1103.550,-0.551,1.464,0.326
1103.661,-0.574,1.482,0.346
1103.772,-0.610,1.498,0.382
1103.879,-0.657,1.510,0.426
1103.990,-0.726,1.520,0.499
1104.101,-0.804,1.532,0.601
1104.212,-0.876,1.549,0.707
1104.323,-0.943,1.571,0.790
1104.434,-1.006,1.583,0.852
1104.545,-1.076,1.579,0.893
1104.656,-1.158,1.568,0.918
1104.767,-1.246,1.559,0.930
1104.879,-1.345,1.574,0.943
1104.990,-1.442,1.583,0.972
1105.101,-1.541,1.583,1.013
1105.212,-1.647,1.549,1.061
1105.323,-1.756,1.498,1.114
1105.423,-1.864,1.466,1.155
1105.532,-1.954,1.424,1.183
1105.643,-2.007,1.390,1.189
1105.754,-2.029,1.381,1.177
1105.865,-2.030,1.388,1.157
1105.976,-2.016,1.403,1.126
1106.087,-1.976,1.429,1.082
1106.199,-1.900,1.464,1.021
1106.310,-1.777,1.497,0.960
1106.421,-1.624,1.519,0.917
1106.532,-1.476,1.529,0.895
1106.643,-1.353,1.544,0.880
1106.754,-1.259,1.562,0.853
1106.865,-1.180,1.573,0.813
1106.976,-1.127,1.566,0.760
1107.088,-1.087,1.553,0.707
1107.199,-1.044,1.568,0.649
1107.310,-0.986,1.582,0.603
1107.421,-0.913,1.576,0.577
1107.532,-0.819,1.565,0.559
1107.644,-0.710,1.544,0.554
1107.755,-0.599,1.538,0.555
1107.865,-0.498,1.543,0.548
1107.977,-0.413,1.542,0.535
1108.089,-0.340,1.529,0.517
1108.199,-0.289,1.510,0.496
1108.310,-0.254,1.509,0.476
1108.421,-0.233,1.516,0.470
1108.532,-0.227,1.516,0.479
1108.644,-0.237,1.519,0.497
1108.755,-0.254,1.531,0.523
1108.866,-0.282,1.551,0.546
1108.977,-0.319,1.557,0.562
1109.089,-0.348,1.551,0.559
1109.199,-0.345,1.543,0.541
1109.310,-0.309,1.529,0.514
1109.422,-0.246,1.511,0.480
1109.532,-0.165,1.497,0.444
1109.643,-0.092,1.482,0.411
1109.755,-0.034,1.465,0.387
1109.865,0.005,1.453,0.374
1109.977,0.019,1.454,0.368
1110.088,0.008,1.467,0.360
1110.200,-0.026,1.485,0.355
1110.311,-0.084,1.506,0.359
1110.422,-0.168,1.529,0.378
1110.533,-0.277,1.550,0.422
1110.644,-0.392,1.564,0.498
1110.755,-0.491,1.571,0.582
1110.865,-0.574,1.584,0.652
1110.977,-0.654,1.594,0.706
1111.087,-0.738,1.590,0.751
1111.198,-0.830,1.578,0.789
1111.310,-0.927,1.563,0.818
1111.420,-1.028,1.561,0.842
1111.531,-1.123,1.570,0.875
1111.642,-1.220,1.570,0.919
1111.754,-1.334,1.554,0.971
1111.865,-1.458,1.521,1.030
1111.976,-1.597,1.499,1.084
1112.087,-1.720,1.480,1.114
1112.198,-1.800,1.448,1.123
1112.309,-1.834,1.434,1.111
1112.421,-1.825,1.445,1.077
1112.532,-1.757,1.475,1.018
1112.643,-1.627,1.503,0.965
1112.754,-1.478,1.524,0.938
1112.866,-1.331,1.539,0.919
1112.977,-1.188,1.547,0.901
1113.087,-1.076,1.559,0.879
1113.199,-0.991,1.568,0.845
1113.310,-0.924,1.560,0.802
1113.421,-0.864,1.546,0.738
1113.532,-0.812,1.520,0.660
1113.644,-0.758,1.495,0.571
1113.755,-0.696,1.485,0.497
1113.866,-0.638,1.481,0.451
1113.977,-0.595,1.474,0.426
1114.088,-0.579,1.474,0.414
1114.199,-0.581,1.482,0.418
1114.310,-0.605,1.496,0.428
1114.421,-0.647,1.513,0.447
1114.532,-0.702,1.526,0.474
1114.643,-0.760,1.531,0.501
1114.755,-0.821,1.531,0.526
1114.865,-0.878,1.527,0.544
1114.976,-0.926,1.529,0.541
1115.088,-0.969,1.525,0.520
1115.199,-1.009,1.511,0.493
1115.310,-1.050,1.513,0.474
1115.421,-1.096,1.520,0.468
1115.532,-1.155,1.521,0.478
1115.643,-1.223,1.520,0.507
1115.754,-1.300,1.520,0.557
1115.865,-1.377,1.519,0.620
1115.977,-1.454,1.529,0.677
1116.088,-1.526,1.543,0.716
1116.199,-1.599,1.547,0.734
1116.310,-1.672,1.541,0.731
1116.421,-1.744,1.523,0.713
1116.532,-1.814,1.502,0.684
1116.643,-1.885,1.476,0.657
1116.754,-1.945,1.451,0.641
1116.865,-1.982,1.431,0.631
1116.976,-1.995,1.428,0.625
1117.088,-1.986,1.439,0.623
1117.198,-1.955,1.463,0.619
1117.310,-1.890,1.490,0.618
1117.421,-1.799,1.507,0.640
1117.532,-1.719,1.523,0.679
1117.643,-1.651,1.542,0.703
1117.754,-1.575,1.549,0.718
1117.865,-1.502,1.549,0.711
1117.976,-1.431,1.542,0.677
1118.088,-1.357,1.533,0.621
1118.199,-1.288,1.525,0.558
1118.310,-1.240,1.507,0.506
1118.421,-1.212,1.486,0.475
1118.532,-1.209,1.484,0.465
1118.644,-1.229,1.495,0.471
1118.755,-1.281,1.512,0.497
1118.866,-1.359,1.512,0.544
1118.977,-1.433,1.503,0.592
1119.088,-1.479,1.501,0.620
1119.199,-1.470,1.499,0.602
1119.310,-1.430,1.491,0.554
1119.421,-1.383,1.454,0.491
1119.532,-1.334,1.411,0.437
1119.643,-1.288,1.393,0.394
1119.755,-1.267,1.403,0.368
1119.866,-1.271,1.427,0.359
1119.977,-1.297,1.450,0.366
1120.088,-1.345,1.467,0.390
1120.199,-1.413,1.468,0.434
1120.310,-1.487,1.453,0.478
1120.421,-1.565,1.424,0.522
1120.532,-1.634,1.409,0.558
1120.643,-1.683,1.420,0.585
1120.754,-1.701,1.441,0.598
1120.865,-1.672,1.458,0.574
1120.976,-1.578,1.473,0.544
1121.087,-1.455,1.488,0.542
1121.199,-1.336,1.494,0.544
1121.310,-1.214,1.487,0.536
1121.421,-1.089,1.481,0.512
1121.533,-0.990,1.480,0.483
1121.644,-0.920,1.464,0.454
1121.755,-0.873,1.444,0.428
1121.866,-0.848,1.432,0.400
1121.977,-0.842,1.422,0.377
1122.089,-0.845,1.412,0.366
1122.199,-0.858,1.414,0.365
1122.311,-0.884,1.444,0.377
1122.422,-0.918,1.488,0.410
1122.533,-0.966,1.528,0.469
1122.643,-1.028,1.538,0.542
1122.752,-1.071,1.547,0.592
1122.865,-1.085,1.564,0.611
1122.977,-1.079,1.596,0.621
1123.088,-1.047,1.612,0.633
1123.199,-0.988,1.596,0.618
1123.310,-0.891,1.567,0.575
1123.421,-0.781,1.529,0.514
1123.532,-0.679,1.495,0.428
1123.644,-0.607,1.464,0.359
1123.755,-0.568,1.445,0.317
1123.866,-0.564,1.438,0.281
1123.976,-0.569,1.437,0.258
1124.088,-0.564,1.435,0.242
1124.199,-0.556,1.422,0.227
1124.311,-0.556,1.421,0.223
1124.421,-0.567,1.433,0.229
1124.532,-0.588,1.452,0.246
1124.644,-0.611,1.471,0.270
1124.755,-0.632,1.491,0.300
1124.865,-0.656,1.504,0.324
1124.977,-0.668,1.509,0.344
1125.088,-0.654,1.517,0.359
1125.199,-0.617,1.511,0.353
1125.310,-0.564,1.492,0.318
1125.421,-0.504,1.467,0.260
1125.533,-0.458,1.443,0.208
1125.644,-0.435,1.425,0.178
1125.755,-0.425,1.428,0.168
1125.866,-0.427,1.444,0.171
1125.977,-0.435,1.456,0.185
1126.088,-0.448,1.465,0.206
1126.199,-0.467,1.476,0.244
1126.310,-0.489,1.471,0.302
1126.421,-0.512,1.454,0.362
1126.532,-0.529,1.442,0.408
1126.643,-0.519,1.443,0.431
1126.754,-0.478,1.443,0.440
1126.865,-0.419,1.438,0.431
1126.977,-0.358,1.428,0.416
1127.088,-0.309,1.414,0.399
1127.199,-0.268,1.403,0.397
1127.310,-0.231,1.395,0.414
1127.421,-0.214,1.387,0.435
1127.532,-0.216,1.377,0.444
1127.643,-0.224,1.368,0.449
1127.754,-0.237,1.362,0.451
1127.865,-0.248,1.360,0.450
1127.976,-0.266,1.358,0.444
1128.088,-0.294,1.353,0.437
1128.199,-0.308,1.354,0.435
1128.310,-0.306,1.360,0.438
1128.421,-0.295,1.371,0.444
1128.533,-0.296,1.386,0.450
1128.643,-0.307,1.402,0.451
1128.755,-0.330,1.421,0.451
1128.866,-0.367,1.431,0.451
1128.977,-0.412,1.437,0.452
1129.088,-0.462,1.448,0.462
1129.199,-0.526,1.467,0.488
1129.310,-0.605,1.496,0.535
1129.421,-0.686,1.518,0.604
1129.532,-0.752,1.533,0.673
1129.643,-0.810,1.553,0.708
1129.754,-0.871,1.561,0.723
1129.865,-0.937,1.555,0.723
1129.976,-1.007,1.545,0.708
1130.087,-1.077,1.542,0.687
1130.198,-1.145,1.551,0.670
1130.309,-1.210,1.555,0.665
1130.421,-1.281,1.549,0.670
1130.531,-1.365,1.537,0.685
1130.643,-1.467,1.520,0.712
1130.753,-1.587,1.512,0.745
1130.865,-1.710,1.517,0.763
1130.976,-1.810,1.510,0.772
1131.087,-1.878,1.492,0.780
1131.199,-1.921,1.487,0.778
1131.310,-1.943,1.495,0.766
1131.421,-1.968,1.502,0.742
1131.532,-2.001,1.456,0.707
1131.643,-2.019,1.397,0.669
1131.755,-2.021,1.352,0.633
1131.865,-2.022,1.323,0.608
1131.977,-2.019,1.311,0.594
1132.088,-2.007,1.318,0.591
1132.199,-2.000,1.342,0.610
1132.310,-2.003,1.367,0.658
1132.421,-1.989,1.394,0.712
1132.532,-1.976,1.392,0.739
1132.643,-1.964,1.388,0.734
1132.755,-1.950,1.385,0.712
1132.865,-1.922,1.399,0.691
1132.977,-1.881,1.422,0.676
1133.088,-1.825,1.444,0.663
1133.199,-1.747,1.462,0.658
1133.310,-1.651,1.477,0.658
1133.421,-1.535,1.483,0.656
1133.532,-1.403,1.480,0.649
1133.643,-1.283,1.474,0.635
1133.755,-1.195,1.475,0.612
1133.866,-1.144,1.484,0.575
1133.977,-1.125,1.500,0.523
1134.088,-1.119,1.496,0.466
1134.199,-1.099,1.486,0.403
1134.310,-1.064,1.475,0.344
1134.422,-1.021,1.454,0.304
1134.532,-0.980,1.441,0.283
1134.643,-0.949,1.452,0.276
1134.755,-0.935,1.472,0.279
1134.866,-0.938,1.485,0.292
1134.977,-0.956,1.501,0.312
1135.088,-0.985,1.512,0.334
1135.199,-1.024,1.507,0.343
1135.310,-1.069,1.491,0.344
1135.421,-1.122,1.474,0.346
1135.533,-1.166,1.482,0.347
1135.644,-1.201,1.501,0.342
1135.755,-1.235,1.503,0.341
1135.865,-1.287,1.508,0.345
1135.974,-1.341,1.516,0.351
1136.086,-1.400,1.518,0.357
1136.197,-1.483,1.515,0.359
1136.308,-1.595,1.500,0.351
1136.419,-1.729,1.478,0.320
1136.531,-1.839,1.445,0.293
1136.642,-1.915,1.410,0.271
1136.755,-1.968,1.381,0.255
1136.865,-2.004,1.361,0.242
1136.976,-2.031,1.349,0.236
1137.089,-2.051,1.342,0.235
1137.199,-2.061,1.341,0.235
1137.310,-2.058,1.344,0.235
1137.421,-2.035,1.354,0.228
1137.532,-1.972,1.372,0.208
1137.643,-1.863,1.396,0.195
1137.755,-1.724,1.425,0.204
1137.865,-1.563,1.451,0.242
1137.976,-1.389,1.476,0.307
1138.088,-1.238,1.492,0.375
1138.199,-1.116,1.525,0.424
1138.310,-1.024,1.545,0.452
1138.421,-0.946,1.549,0.463
1138.532,-0.867,1.549,0.448
1138.643,-0.782,1.540,0.416
1138.754,-0.691,1.537,0.389
1138.865,-0.586,1.539,0.379
1138.977,-0.473,1.521,0.383
1139.088,-0.366,1.498,0.400
1139.199,-0.253,1.489,0.406
1139.310,-0.148,1.478,0.391
1139.421,-0.038,1.443,0.377
1139.532,0.071,1.390,0.374
1139.643,0.177,1.334,0.403
1139.755,0.256,1.251,0.479
1139.866,0.297,1.144,0.564
1139.977,0.314,1.053,0.614
1140.088,0.318,0.987,0.649
1140.198,0.322,0.928,0.667
1140.310,0.327,0.869,0.681
1140.421,0.324,0.830,0.689
1140.532,0.322,0.854,0.690
1140.643,0.324,0.937,0.687
1140.754,0.322,1.050,0.686
1140.865,0.305,1.176,0.689
1140.976,0.265,1.304,0.690
1141.088,0.192,1.409,0.691
1141.199,0.106,1.489,0.696
1141.310,0.016,1.536,0.711
1141.421,-0.062,1.566,0.734
1141.532,-0.135,1.586,0.759
1141.643,-0.207,1.593,0.790
1141.754,-0.284,1.595,0.828
1141.865,-0.368,1.599,0.876
1141.976,-0.446,1.602,0.923
1142.087,-0.518,1.606,0.950
1142.199,-0.588,1.607,0.955
1142.310,-0.660,1.604,0.938
1142.421,-0.738,1.591,0.901
1142.532,-0.821,1.576,0.855
1142.643,-0.905,1.574,0.815
1142.754,-0.990,1.582,0.790
1142.865,-1.081,1.580,0.775
1142.976,-1.183,1.568,0.768
1143.087,-1.306,1.541,0.767
1143.199,-1.447,1.518,0.759
1143.309,-1.581,1.495,0.731
1143.421,-1.687,1.434,0.697
1143.532,-1.750,1.356,0.671
1143.643,-1.774,1.292,0.650
1143.754,-1.763,1.251,0.638
1143.865,-1.717,1.222,0.627
1143.977,-1.642,1.179,0.621
1144.087,-1.555,1.131,0.621
1144.199,-1.478,1.084,0.624
1144.310,-1.419,1.040,0.623
1144.421,-1.386,0.976,0.613
1144.532,-1.367,0.897,0.617
1144.643,-1.356,0.823,0.626
1144.754,-1.352,0.792,0.638
1144.865,-1.360,0.792,0.652
1144.976,-1.374,0.794,0.669
1145.087,-1.393,0.791,0.686
1145.198,-1.418,0.785,0.700
1145.309,-1.439,0.794,0.715
1145.420,-1.453,0.823,0.718
1145.532,-1.459,0.861,0.719
1145.643,-1.462,0.897,0.727
1145.753,-1.473,0.912,0.737
1145.866,-1.489,0.926,0.743
1145.977,-1.510,0.939,0.746
1146.088,-1.533,0.938,0.747
1146.199,-1.550,0.942,0.744
1146.310,-1.577,0.922,0.745
1146.422,-1.598,0.879,0.743
1146.532,-1.601,0.815,0.742
1146.643,-1.589,0.751,0.740
1146.754,-1.567,0.706,0.746
1146.866,-1.549,0.688,0.754
1146.977,-1.538,0.691,0.762
1147.088,-1.535,0.700,0.768
1147.199,-1.536,0.701,0.775
1147.310,-1.531,0.697,0.775
1147.421,-1.507,0.688,0.752
1147.532,-1.453,0.675,0.722
1147.643,-1.393,0.663,0.705
1147.754,-1.345,0.662,0.696
1147.866,-1.322,0.672,0.686
1147.977,-1.316,0.684,0.677
1148.089,-1.327,0.702,0.670
1148.199,-1.340,0.714,0.666
1148.310,-1.352,0.725,0.668
1148.422,-1.362,0.741,0.671
1148.532,-1.364,0.758,0.677
1148.644,-1.363,0.773,0.682
1148.755,-1.361,0.787,0.685
1148.866,-1.371,0.807,0.690
1148.977,-1.392,0.834,0.706
1149.088,-1.415,0.863,0.730
1149.199,-1.431,0.883,0.754
1149.311,-1.445,0.887,0.773
1149.421,-1.455,0.884,0.787
1149.533,-1.463,0.881,0.793
1149.644,-1.472,0.876,0.796
1149.755,-1.481,0.870,0.797
1149.866,-1.487,0.866,0.795
1149.977,-1.485,0.856,0.780
1150.089,-1.463,0.828,0.734
1150.199,-1.414,0.799,0.698
1150.310,-1.372,0.783,0.689
1150.421,-1.343,0.774,0.686
1150.532,-1.319,0.766,0.685
1150.644,-1.299,0.749,0.682
1150.755,-1.278,0.726,0.680
1150.866,-1.265,0.719,0.678
1150.977,-1.264,0.723,0.675
1151.088,-1.266,0.731,0.676
1151.199,-1.271,0.738,0.677
1151.311,-1.279,0.742,0.678
1151.422,-1.290,0.750,0.681
1151.533,-1.300,0.755,0.684
1151.644,-1.305,0.747,0.683
1151.755,-1.296,0.731,0.674
1151.866,-1.275,0.722,0.659
1151.977,-1.251,0.718,0.648
1152.088,-1.243,0.722,0.640
1152.199,-1.249,0.726,0.638
1152.310,-1.262,0.729,0.642
1152.422,-1.276,0.733,0.653
1152.533,-1.290,0.738,0.665
1152.643,-1.304,0.750,0.673
1152.755,-1.314,0.766,0.675
1152.866,-1.328,0.788,0.676
1152.977,-1.359,0.817,0.691
1153.088,-1.392,0.846,0.714
1153.199,-1.420,0.873,0.741
1153.310,-1.441,0.888,0.761
1153.421,-1.455,0.892,0.769
1153.533,-1.466,0.891,0.769
1153.644,-1.473,0.884,0.766
1153.755,-1.477,0.873,0.757
1153.866,-1.464,0.841,0.718
1153.977,-1.415,0.798,0.678
1154.088,-1.359,0.766,0.663
1154.199,-1.322,0.746,0.655
1154.311,-1.289,0.735,0.642
1154.421,-1.247,0.733,0.624
1154.532,-1.199,0.731,0.606
1154.644,-1.160,0.725,0.588
1154.755,-1.139,0.704,0.582
1154.866,-1.142,0.689,0.578
1154.977,-1.161,0.688,0.575
1155.088,-1.179,0.688,0.574
1155.199,-1.186,0.683,0.575
1155.310,-1.187,0.678,0.574
1155.422,-1.187,0.669,0.574
1155.532,-1.178,0.668,0.573
1155.643,-1.172,0.671,0.574
1155.755,-1.174,0.674,0.576
1155.865,-1.185,0.678,0.579
1155.977,-1.198,0.685,0.586
1156.089,-1.204,0.702,0.596
1156.199,-1.211,0.727,0.605
1156.310,-1.222,0.764,0.608
1156.421,-1.235,0.818,0.602
1156.532,-1.249,0.874,0.595
1156.643,-1.262,0.930,0.587
1156.755,-1.261,0.997,0.576
1156.866,-1.246,1.091,0.555
1156.977,-1.226,1.203,0.541
1157.088,-1.218,1.299,0.541
1157.199,-1.231,1.361,0.545
1157.310,-1.270,1.392,0.533
1157.421,-1.335,1.396,0.508
1157.532,-1.422,1.378,0.460
1157.644,-1.513,1.349,0.395
1157.755,-1.583,1.310,0.342
1157.866,-1.622,1.275,0.309
1157.977,-1.632,1.258,0.291
1158.088,-1.618,1.263,0.284
1158.199,-1.576,1.277,0.290
1158.310,-1.487,1.286,0.312
1158.421,-1.357,1.280,0.371
1158.533,-1.210,1.262,0.470
1158.644,-1.055,1.250,0.574
1158.755,-0.896,1.236,0.677
1158.866,-0.763,1.224,0.757
1158.977,-0.673,1.209,0.800
1159.089,-0.617,1.207,0.807
1159.199,-0.584,1.242,0.786
1159.310,-0.574,1.312,0.752
1159.422,-0.586,1.387,0.713
1159.533,-0.596,1.446,0.691
1159.644,-0.601,1.467,0.676
1159.755,-0.603,1.462,0.663
1159.866,-0.623,1.475,0.650
1159.977,-0.691,1.511,0.631
1160.088,-0.780,1.546,0.627
1160.199,-0.856,1.564,0.629
1160.311,-0.923,1.564,0.634
1160.422,-0.971,1.572,0.630
1160.532,-0.986,1.580,0.608
1160.644,-0.935,1.600,0.569
1160.755,-0.817,1.615,0.568
1160.866,-0.709,1.616,0.627
1160.977,-0.638,1.612,0.699
1161.089,-0.598,1.613,0.769
1161.200,-0.567,1.618,0.823
1161.310,-0.530,1.619,0.849
1161.422,-0.493,1.626,0.856
1161.532,-0.465,1.629,0.852
1161.644,-0.447,1.646,0.837
1161.755,-0.427,1.671,0.801
1161.866,-0.400,1.678,0.767
1161.977,-0.377,1.678,0.747
1162.089,-0.362,1.677,0.740
1162.199,-0.352,1.675,0.732
1162.310,-0.344,1.675,0.708
1162.422,-0.349,1.664,0.661
1162.533,-0.365,1.646,0.630
1162.644,-0.379,1.631,0.618
1162.755,-0.380,1.630,0.618
1162.866,-0.370,1.629,0.626
1162.977,-0.335,1.641,0.672
1163.088,-0.330,1.645,0.757
1163.199,-0.355,1.634,0.812
1163.315,-0.377,1.628,0.830
1163.415,-0.399,1.626,0.836
1163.527,-0.418,1.627,0.837
1163.638,-0.433,1.635,0.836
1163.749,-0.464,1.638,0.841
1163.850,-0.507,1.643,0.850
1163.961,-0.557,1.643,0.849
1164.073,-0.594,1.640,0.837
1164.183,-0.614,1.640,0.825
1164.295,-0.621,1.633,0.814
1164.407,-0.617,1.633,0.810
1164.517,-0.604,1.637,0.832
1164.629,-0.572,1.639,0.880
1164.740,-0.514,1.633,0.920
1164.851,-0.448,1.623,0.936
1164.962,-0.393,1.610,0.931
1165.074,-0.359,1.601,0.922
1165.185,-0.342,1.594,0.918
1165.296,-0.332,1.591,0.922
1165.407,-0.327,1.588,0.929
1165.518,-0.323,1.586,0.937
1165.630,-0.319,1.585,0.943
1165.741,-0.317,1.582,0.949
1165.852,-0.310,1.578,0.959
1165.963,-0.283,1.572,0.970
1166.074,-0.230,1.563,0.982
1166.185,-0.155,1.551,0.999
1166.296,-0.064,1.540,1.017
1166.408,0.017,1.540,1.033
1166.518,0.073,1.544,1.049
1166.630,0.109,1.543,1.066
1166.740,0.128,1.541,1.078
1166.851,0.136,1.541,1.081
1166.962,0.140,1.542,1.086
1167.074,0.144,1.542,1.092
1167.185,0.147,1.541,1.099
1167.296,0.149,1.539,1.107
1167.408,0.150,1.538,1.115
1167.518,0.152,1.535,1.123
1167.629,0.155,1.531,1.129
1167.741,0.158,1.525,1.131
1167.852,0.161,1.520,1.134
1167.963,0.162,1.517,1.138
1168.074,0.163,1.516,1.140
1168.184,0.164,1.515,1.140
1168.296,0.164,1.515,1.141
1168.407,0.164,1.516,1.145
1168.518,0.162,1.520,1.154
1168.629,0.158,1.523,1.155
1168.740,0.153,1.524,1.150
1168.851,0.150,1.529,1.145
1168.963,0.145,1.530,1.143
1169.074,0.143,1.530,1.144
1169.184,0.144,1.529,1.145
1169.296,0.150,1.527,1.147
1169.407,0.160,1.520,1.147
1169.560,0.177,1.509,1.142
1169.671,0.187,1.500,1.140
1169.782,0.196,1.496,1.140
1169.893,0.201,1.493,1.143
1170.004,0.202,1.491,1.141
1170.115,0.202,1.493,1.146
1170.226,0.200,1.491,1.147
1170.337,0.198,1.491,1.147
1170.448,0.198,1.493,1.154
1170.560,0.197,1.491,1.156
1170.671,0.197,1.490,1.153
1170.782,0.201,1.492,1.151
1170.893,0.205,1.494,1.153
1171.004,0.208,1.491,1.152
1171.115,0.212,1.489,1.146
1171.226,0.213,1.492,1.145
1171.338,0.212,1.492,1.142
1171.448,0.214,1.484,1.138
1171.560,0.216,1.474,1.138
1171.671,0.212,1.462,1.139
1171.782,0.226,1.452,1.143
1171.893,0.251,1.435,1.152
1172.004,0.276,1.414,1.160
1172.115,0.289,1.394,1.162
1172.226,0.302,1.384,1.170
1172.338,0.298,1.387,1.172
1172.448,0.300,1.395,1.179
1172.560,0.296,1.403,1.184
1172.671,0.291,1.410,1.182
1172.781,0.290,1.414,1.179
1172.893,0.287,1.412,1.173
1173.004,0.287,1.420,1.168
1173.115,0.287,1.422,1.167
1173.226,0.282,1.415,1.166
1173.337,0.277,1.413,1.166
1173.448,0.277,1.415,1.163
1173.560,0.274,1.413,1.153
1173.671,0.285,1.410,1.147
1173.782,0.289,1.407,1.134
1173.893,0.287,1.413,1.127
1174.004,0.280,1.428,1.127
1174.115,0.271,1.448,1.132
1174.226,0.253,1.464,1.139
1174.337,0.233,1.474,1.144
1174.448,0.215,1.481,1.146
1174.560,0.198,1.480,1.148
1174.671,0.187,1.476,1.154
1174.782,0.174,1.480,1.145
1174.893,0.162,1.501,1.107
1175.004,0.134,1.527,1.036
1175.115,0.067,1.534,0.962
1175.226,-0.021,1.527,0.908
1175.337,-0.110,1.528,0.864
1175.448,-0.193,1.532,0.827
1175.559,-0.268,1.524,0.803
1175.671,-0.325,1.513,0.780
1175.782,-0.367,1.507,0.762
1175.893,-0.393,1.515,0.762
1176.004,-0.404,1.530,0.773
1176.115,-0.401,1.541,0.782
1176.226,-0.383,1.547,0.788
1176.337,-0.367,1.550,0.780
1176.449,-0.363,1.546,0.775
1176.559,-0.342,1.540,0.785
1176.670,-0.296,1.541,0.785
1176.781,-0.257,1.546,0.779
1176.893,-0.232,1.547,0.769
1177.004,-0.189,1.540,0.737
1177.115,-0.128,1.527,0.711
1177.227,-0.088,1.504,0.700
1177.338,-0.050,1.496,0.685
1177.448,-0.003,1.493,0.674
1177.560,0.042,1.491,0.665
1177.671,0.082,1.491,0.653
1177.782,0.114,1.489,0.639
1177.893,0.137,1.485,0.626
1178.005,0.150,1.482,0.617
1178.115,0.153,1.481,0.608
1178.226,0.151,1.480,0.600
1178.338,0.147,1.478,0.596
1178.449,0.141,1.480,0.597
1178.560,0.138,1.485,0.599
1178.671,0.139,1.506,0.601
1178.782,0.135,1.523,0.610
1178.893,0.127,1.531,0.619
1179.004,0.120,1.533,0.628
1179.115,0.114,1.531,0.637
1179.227,0.110,1.526,0.642
1179.338,0.108,1.513,0.649
1179.448,0.105,1.498,0.656
1179.560,0.111,1.494,0.661
1179.671,0.115,1.497,0.664
1179.782,0.117,1.501,0.660
1179.893,0.118,1.500,0.655
1180.005,0.119,1.504,0.655
1180.115,0.121,1.513,0.658
1180.227,0.123,1.518,0.659
1180.337,0.127,1.521,0.660
1180.448,0.126,1.522,0.660
1180.560,0.126,1.527,0.659
1180.671,0.124,1.533,0.659
1180.782,0.122,1.539,0.660
1180.893,0.120,1.543,0.661
1181.004,0.117,1.541,0.663
1181.115,0.113,1.536,0.665
1181.226,0.110,1.527,0.666
1181.337,0.111,1.525,0.666
1181.448,0.115,1.524,0.667
1181.559,0.118,1.523,0.670
1181.671,0.120,1.522,0.670
1181.781,0.123,1.521,0.671
1181.893,0.126,1.519,0.670
1182.004,0.129,1.517,0.670
1182.115,0.132,1.517,0.669
1182.226,0.133,1.517,0.665
1182.337,0.135,1.515,0.661
1182.448,0.139,1.515,0.660
1182.560,0.142,1.516,0.659
1182.671,0.144,1.518,0.660
1182.782,0.144,1.522,0.660
1182.893,0.144,1.525,0.658
1183.004,0.143,1.525,0.655
1183.115,0.143,1.524,0.652
1183.227,0.143,1.524,0.648
1183.337,0.143,1.524,0.644
1183.448,0.144,1.523,0.640
1183.560,0.144,1.522,0.637
1183.671,0.143,1.522,0.636
1183.782,0.141,1.522,0.636
1183.893,0.135,1.523,0.632
1184.004,0.124,1.528,0.626
1184.115,0.114,1.526,0.625
1184.226,0.102,1.522,0.629
1184.338,0.083,1.521,0.634
1184.448,0.056,1.522,0.634
1184.560,0.016,1.523,0.626
1184.671,-0.033,1.522,0.615
1184.781,-0.079,1.522,0.604
1184.893,-0.115,1.525,0.595
1185.004,-0.138,1.534,0.592
1185.115,-0.150,1.538,0.592
1185.227,-0.155,1.534,0.593
1185.338,-0.155,1.527,0.595
1185.448,-0.146,1.518,0.601
1185.560,-0.132,1.501,0.606
1185.671,-0.119,1.488,0.611
1185.782,-0.112,1.483,0.616
1185.893,-0.108,1.484,0.617
1186.004,-0.105,1.480,0.618
1186.115,-0.104,1.478,0.620
1186.226,-0.108,1.480,0.623
1186.337,-0.117,1.479,0.629
1186.448,-0.130,1.477,0.638
1186.560,-0.145,1.478,0.644
1186.670,-0.158,1.478,0.649
1186.782,-0.168,1.477,0.653
1186.893,-0.175,1.478,0.656
1187.004,-0.179,1.479,0.659
1187.115,-0.180,1.479,0.662
1187.226,-0.181,1.480,0.665
1187.337,-0.182,1.480,0.667
1187.448,-0.182,1.477,0.667
1187.560,-0.183,1.477,0.667
1187.670,-0.184,1.476,0.666
1187.782,-0.184,1.476,0.666
1187.893,-0.184,1.476,0.664
1188.004,-0.184,1.475,0.663
1188.115,-0.182,1.475,0.662
1188.226,-0.181,1.475,0.661
1188.337,-0.180,1.475,0.660
1188.448,-0.180,1.474,0.659
1188.559,-0.181,1.477,0.658
1188.671,-0.182,1.480,0.658
1188.782,-0.184,1.481,0.657
1188.893,-0.186,1.481,0.656
1189.004,-0.187,1.480,0.655
1189.115,-0.187,1.481,0.653
1189.226,-0.188,1.481,0.651
1189.338,-0.187,1.479,0.650
1189.448,-0.186,1.479,0.649
1189.560,-0.185,1.479,0.648
1189.671,-0.184,1.478,0.647
1189.782,-0.183,1.479,0.647
1189.893,-0.181,1.481,0.648
1190.004,-0.178,1.482,0.649
1190.115,-0.175,1.482,0.650
1190.227,-0.173,1.483,0.650
1190.337,-0.171,1.484,0.649
1190.448,-0.169,1.485,0.647
1190.560,-0.167,1.484,0.643
1190.671,-0.164,1.484,0.640
1190.782,-0.160,1.483,0.637
1190.893,-0.156,1.482,0.635
1191.005,-0.156,1.482,0.633
1191.115,-0.157,1.481,0.631
1191.227,-0.157,1.481,0.631
1191.337,-0.159,1.481,0.629
1191.449,-0.165,1.483,0.625
1191.560,-0.175,1.485,0.619
1191.671,-0.187,1.487,0.613
1191.782,-0.200,1.486,0.606
1191.893,-0.221,1.482,0.604
1192.004,-0.256,1.480,0.604
1192.115,-0.306,1.476,0.604
1192.227,-0.365,1.466,0.603
1192.338,-0.419,1.462,0.601
1192.448,-0.459,1.463,0.601
1192.560,-0.489,1.471,0.599
1192.671,-0.511,1.474,0.596
1192.782,-0.524,1.472,0.591
1192.894,-0.528,1.470,0.588
1193.004,-0.523,1.475,0.590
1193.115,-0.508,1.493,0.591
1193.227,-0.490,1.510,0.596
1193.337,-0.476,1.518,0.601
1193.448,-0.466,1.520,0.603
1193.560,-0.459,1.518,0.607
1193.671,-0.455,1.515,0.611
1193.782,-0.450,1.511,0.614
1193.893,-0.446,1.508,0.616
1194.004,-0.444,1.506,0.618
1194.115,-0.442,1.503,0.618
1194.227,-0.440,1.500,0.619
1194.338,-0.440,1.496,0.620
1194.448,-0.440,1.494,0.621
1194.560,-0.441,1.492,0.621
1194.671,-0.442,1.492,0.621
1194.782,-0.443,1.492,0.621
1194.893,-0.444,1.494,0.622
1195.004,-0.444,1.496,0.623
1195.115,-0.444,1.497,0.620
1195.226,-0.445,1.497,0.614
1195.338,-0.446,1.496,0.609
1195.448,-0.445,1.495,0.604
1195.560,-0.444,1.493,0.601
1195.671,-0.447,1.489,0.599
1195.782,-0.458,1.485,0.601
1195.893,-0.479,1.485,0.605
1196.004,-0.501,1.487,0.610
1196.115,-0.517,1.490,0.615
1196.226,-0.518,1.494,0.611
1196.337,-0.517,1.495,0.607
1196.448,-0.537,1.495,0.601
1196.560,-0.580,1.488,0.593
1196.671,-0.638,1.483,0.585
1196.782,-0.698,1.485,0.579
1196.893,-0.738,1.498,0.575
1197.004,-0.760,1.513,0.571
1197.115,-0.774,1.521,0.571
1197.226,-0.782,1.523,0.576
1197.337,-0.786,1.524,0.578
1197.448,-0.779,1.521,0.576
1197.560,-0.763,1.519,0.573
1197.671,-0.749,1.524,0.569
1197.782,-0.739,1.524,0.565
1197.893,-0.733,1.524,0.565
1198.004,-0.727,1.526,0.566
1198.115,-0.722,1.529,0.568
1198.226,-0.718,1.528,0.571
1198.337,-0.717,1.528,0.570
1198.448,-0.716,1.527,0.570
1198.560,-0.715,1.526,0.568
1198.671,-0.727,1.524,0.564
1198.782,-0.753,1.518,0.557
1198.893,-0.792,1.514,0.553
1199.004,-0.848,1.508,0.553
1199.115,-0.920,1.498,0.553
1199.226,-0.992,1.496,0.552
1199.337,-1.047,1.502,0.552
1199.448,-1.080,1.516,0.552
1199.560,-1.092,1.527,0.551
1199.671,-1.098,1.531,0.548
1199.781,-1.097,1.527,0.543
1199.893,-1.087,1.520,0.538
1200.004,-1.074,1.511,0.538
1200.115,-1.063,1.501,0.541
1200.227,-1.053,1.493,0.545
1200.337,-1.047,1.487,0.550
1200.448,-1.044,1.480,0.555
1200.560,-1.040,1.479,0.561
1200.671,-1.037,1.482,0.566
1200.782,-1.038,1.485,0.569
1200.893,-1.040,1.486,0.572
1201.004,-1.040,1.488,0.574
1201.115,-1.041,1.490,0.574
1201.226,-1.043,1.490,0.575
1201.337,-1.045,1.488,0.576
1201.448,-1.045,1.488,0.577
1201.560,-1.044,1.489,0.578
1201.671,-1.042,1.488,0.579
1201.782,-1.042,1.488,0.579
1201.893,-1.045,1.487,0.578
1202.004,-1.045,1.485,0.577
1202.115,-1.042,1.486,0.575
1202.227,-1.042,1.486,0.572
1202.337,-1.042,1.485,0.569
1202.448,-1.042,1.486,0.566
1202.560,-1.042,1.486,0.565
1202.671,-1.042,1.487,0.561
1202.782,-1.042,1.487,0.556
1202.893,-1.042,1.491,0.551
1203.004,-1.042,1.494,0.548
1203.115,-1.044,1.490,0.551
1203.226,-1.049,1.481,0.561
1203.337,-1.055,1.477,0.569
1203.449,-1.059,1.477,0.575
1203.560,-1.061,1.477,0.580
1203.671,-1.060,1.477,0.584
1203.782,-1.057,1.479,0.586
1203.893,-1.052,1.481,0.587
1204.004,-1.049,1.484,0.587
1204.115,-1.047,1.485,0.587
1204.226,-1.045,1.491,0.582
1204.337,-1.045,1.496,0.568
1204.448,-1.056,1.494,0.557
1204.560,-1.093,1.494,0.554
1204.670,-1.158,1.492,0.554
1204.782,-1.230,1.495,0.555
1204.893,-1.285,1.498,0.551
1205.005,-1.318,1.499,0.548
1205.115,-1.336,1.505,0.541
1205.226,-1.340,1.509,0.538
1205.337,-1.340,1.520,0.539
1205.448,-1.334,1.524,0.552
1205.560,-1.317,1.528,0.569
1205.671,-1.300,1.531,0.585
1205.782,-1.289,1.532,0.596
1205.893,-1.282,1.534,0.601
1206.004,-1.276,1.534,0.600
1206.115,-1.272,1.530,0.596
1206.226,-1.271,1.524,0.592
1206.338,-1.271,1.519,0.589
1206.448,-1.274,1.516,0.589
1206.559,-1.277,1.514,0.590
1206.671,-1.280,1.512,0.590
1206.781,-1.282,1.510,0.591
1206.893,-1.284,1.510,0.592
1207.004,-1.283,1.510,0.593
1207.115,-1.281,1.512,0.593
1207.226,-1.279,1.513,0.592
1207.337,-1.276,1.513,0.589
1207.448,-1.277,1.513,0.587
1207.560,-1.282,1.514,0.582
1207.671,-1.292,1.510,0.576
1207.782,-1.309,1.503,0.570
1207.893,-1.332,1.492,0.565
1208.004,-1.353,1.481,0.563
1208.115,-1.368,1.473,0.561
1208.226,-1.375,1.471,0.562
1208.337,-1.374,1.473,0.559
1208.449,-1.368,1.469,0.556
1208.560,-1.354,1.471,0.558
1208.670,-1.330,1.479,0.566
1208.782,-1.292,1.492,0.583
1208.893,-1.228,1.512,0.610
1209.004,-1.150,1.529,0.657
1209.115,-1.073,1.545,0.712
1209.255,-0.999,1.558,0.781
1209.366,-0.969,1.579,0.828
1209.477,-0.959,1.599,0.864
1209.588,-0.961,1.611,0.879
1209.699,-0.968,1.624,0.878
1209.811,-0.977,1.628,0.871
1209.935,-0.982,1.626,0.859
1210.046,-0.985,1.625,0.852
1210.157,-0.989,1.627,0.843
1210.268,-0.994,1.631,0.822
1210.380,-1.011,1.635,0.775
1210.491,-1.029,1.630,0.743
1210.602,-1.042,1.627,0.729
1210.713,-1.046,1.626,0.729
1210.825,-1.051,1.625,0.730
1210.935,-1.055,1.624,0.733
1211.046,-1.051,1.619,0.737
1211.158,-1.030,1.599,0.741
1211.269,-0.995,1.575,0.753
1211.380,-0.956,1.561,0.780
1211.491,-0.918,1.560,0.820
1211.602,-0.877,1.567,0.872
1211.713,-0.855,1.565,0.916
1211.824,-0.834,1.564,0.940
1211.935,-0.806,1.565,0.949
1212.046,-0.771,1.565,0.946
1212.158,-0.725,1.561,0.933
1212.268,-0.669,1.556,0.912
1212.380,-0.602,1.553,0.884
1212.491,-0.530,1.562,0.856
1212.602,-0.462,1.566,0.837
1212.713,-0.399,1.563,0.834
1212.824,-0.329,1.565,0.855
1212.935,-0.255,1.558,0.905
1213.047,-0.173,1.548,0.979
1213.158,-0.093,1.537,1.063
1213.269,-0.025,1.510,1.137
1213.380,0.042,1.467,1.191
1213.491,0.104,1.419,1.222
1213.602,0.145,1.375,1.242
1213.713,0.156,1.371,1.245
1213.825,0.159,1.376,1.241
1213.935,0.162,1.376,1.239
1214.046,0.167,1.392,1.237
1214.158,0.157,1.432,1.234
1214.269,0.142,1.464,1.224
1214.380,0.147,1.467,1.211
1214.491,0.172,1.463,1.179
1214.602,0.205,1.460,1.129
1214.713,0.229,1.452,1.098
1214.824,0.239,1.455,1.107
1214.935,0.243,1.454,1.126
1215.046,0.254,1.446,1.122
1215.157,0.259,1.446,1.108
1215.269,0.246,1.450,1.117
1215.379,0.229,1.456,1.153
1215.491,0.221,1.455,1.174
1215.602,0.234,1.458,1.162
1215.713,0.243,1.452,1.144
1215.824,0.239,1.453,1.150
1215.935,0.231,1.459,1.167
1216.046,0.229,1.452,1.182
1216.157,0.236,1.449,1.179
1216.268,0.241,1.451,1.161
1216.379,0.243,1.451,1.144
1216.491,0.234,1.457,1.149
1216.602,0.218,1.463,1.172
1216.712,0.209,1.460,1.191
1216.824,0.214,1.457,1.187
1216.935,0.226,1.459,1.165
1217.046,0.234,1.458,1.142
1217.157,0.234,1.462,1.128
1217.268,0.228,1.469,1.139
1217.380,0.215,1.472,1.165
1217.490,0.204,1.470,1.192
1217.602,0.199,1.468,1.208
1217.713,0.203,1.462,1.214
1217.824,0.206,1.465,1.207
1217.935,0.207,1.472,1.196
1218.046,0.195,1.482,1.192
1218.158,0.170,1.498,1.209
1218.268,0.137,1.515,1.220
1218.379,0.104,1.536,1.220
1218.491,0.085,1.548,1.228
1218.601,0.075,1.551,1.241
1218.713,0.058,1.561,1.274
1218.824,0.033,1.557,1.302
1218.935,0.005,1.552,1.316
1219.046,-0.029,1.559,1.311
1219.157,-0.062,1.578,1.288
1219.268,-0.088,1.595,1.259
1219.379,-0.103,1.591,1.235
1219.490,-0.111,1.584,1.206
1219.601,-0.116,1.597,1.166
1219.712,-0.116,1.618,1.127
1219.823,-0.121,1.631,1.090
1219.934,-0.132,1.643,1.055
1220.045,-0.144,1.654,1.019
1220.157,-0.149,1.659,0.982
1220.267,-0.150,1.660,0.948
1220.379,-0.148,1.659,0.920
1220.490,-0.145,1.656,0.901
1220.601,-0.143,1.648,0.885
1220.712,-0.142,1.640,0.870
1220.823,-0.143,1.632,0.856
1220.934,-0.144,1.626,0.845
1221.045,-0.147,1.624,0.837
1221.156,-0.147,1.624,0.832
1221.267,-0.146,1.623,0.830
1221.378,-0.144,1.622,0.832
1221.490,-0.141,1.620,0.836
1221.600,-0.137,1.620,0.842
1221.712,-0.123,1.625,0.868
1221.823,-0.102,1.614,0.897
1221.934,-0.087,1.602,0.909
1222.045,-0.093,1.594,0.904
1222.157,-0.110,1.593,0.900
1222.268,-0.132,1.589,0.898
1222.379,-0.149,1.584,0.890
1222.491,-0.168,1.585,0.873
1222.602,-0.188,1.589,0.846
1222.713,-0.205,1.592,0.813
1222.824,-0.217,1.595,0.778
1222.935,-0.230,1.596,0.738
1223.046,-0.235,1.601,0.700
1223.158,-0.241,1.604,0.672
1223.268,-0.245,1.615,0.655
1223.378,-0.247,1.626,0.646
1223.491,-0.249,1.639,0.646
1223.602,-0.252,1.655,0.655
1223.713,-0.258,1.668,0.666
1223.825,-0.260,1.676,0.676
1223.935,-0.260,1.680,0.688
1224.046,-0.258,1.681,0.698
1224.157,-0.255,1.681,0.705
1224.268,-0.252,1.681,0.712
1224.379,-0.250,1.682,0.718
1224.491,-0.249,1.682,0.721
1224.602,-0.248,1.685,0.721
1224.713,-0.250,1.692,0.723
1224.824,-0.254,1.700,0.724
1224.936,-0.258,1.705,0.725
1225.046,-0.261,1.707,0.725
1225.158,-0.263,1.712,0.726
1225.268,-0.266,1.714,0.728
1225.380,-0.267,1.715,0.728
1225.491,-0.269,1.716,0.729
1225.602,-0.271,1.719,0.730
1225.713,-0.272,1.720,0.730
1225.824,-0.273,1.721,0.731
1225.935,-0.275,1.722,0.731
1226.046,-0.274,1.727,0.731
1226.158,-0.271,1.735,0.731
1226.269,-0.273,1.744,0.730
1226.380,-0.275,1.750,0.732
1226.491,-0.280,1.752,0.732
1226.602,-0.282,1.755,0.732
1226.713,-0.281,1.764,0.730
1226.824,-0.286,1.768,0.731
1226.935,-0.287,1.767,0.731
1227.047,-0.284,1.776,0.730
1227.158,-0.282,1.786,0.730
1227.269,-0.270,1.798,0.722
1227.380,-0.249,1.802,0.711
1227.491,-0.224,1.799,0.688
1227.601,-0.182,1.785,0.659
1227.713,-0.138,1.760,0.629
1227.825,-0.104,1.730,0.602
1227.935,-0.081,1.703,0.579
1228.046,-0.064,1.680,0.562
1228.157,-0.056,1.652,0.541
1228.268,-0.046,1.620,0.518
1228.379,-0.036,1.575,0.488
1228.491,-0.028,1.516,0.457
1228.601,-0.024,1.460,0.427
1228.712,-0.017,1.410,0.407
1228.823,-0.010,1.378,0.396
1228.935,0.002,1.370,0.377
1229.046,0.028,1.366,0.348
1229.157,0.071,1.351,0.305
1229.268,0.132,1.313,0.255
1229.379,0.206,1.216,0.182
1229.491,0.293,1.054,0.071
1229.601,0.380,0.864,-0.080
1229.715,0.441,0.733,-0.292
1229.828,0.444,0.719,-0.513
1229.938,0.403,0.740,-0.664
1230.050,0.361,0.736,-0.740
1230.160,0.343,0.721,-0.758
1230.270,0.350,0.714,-0.757
1230.380,0.357,0.710,-0.762
1230.492,0.368,0.704,-0.786
1230.602,0.395,0.707,-0.831
1230.713,0.441,0.726,-0.886
1230.824,0.504,0.752,-0.929
1230.935,0.570,0.776,-0.956
1231.046,0.615,0.794,-0.969
1231.158,0.623,0.799,-0.975
1231.269,0.611,0.781,-0.979
1231.379,0.607,0.768,-0.988
1231.491,0.634,0.754,-0.995
1231.602,0.685,0.739,-0.994
1231.713,0.732,0.743,-0.989
1231.824,0.756,0.748,-0.984
1231.935,0.759,0.752,-0.982
1232.047,0.752,0.753,-0.978
1232.157,0.749,0.745,-0.970
1232.268,0.752,0.734,-0.962
1232.379,0.752,0.723,-0.960
1232.491,0.736,0.700,-0.965
1232.601,0.710,0.681,-0.972
1232.713,0.698,0.655,-0.971
1232.824,0.706,0.641,-0.956
1232.935,0.731,0.647,-0.920
1233.046,0.766,0.676,-0.852
1233.158,0.792,0.721,-0.750
1233.269,0.793,0.754,-0.635
1233.380,0.750,0.801,-0.545
1233.491,0.697,0.836,-0.511
1233.601,0.674,0.833,-0.530
1233.713,0.692,0.795,-0.570
1233.825,0.710,0.790,-0.601
1233.936,0.708,0.801,-0.603
1234.047,0.699,0.796,-0.585
1234.159,0.687,0.796,-0.565
1234.269,0.687,0.801,-0.565
1234.380,0.700,0.805,-0.586
1234.492,0.713,0.814,-0.620
1234.602,0.721,0.816,-0.663
1234.713,0.721,0.810,-0.712
1234.825,0.719,0.803,-0.771
1234.936,0.721,0.800,-0.838
1235.047,0.729,0.810,-0.917
1235.158,0.740,0.817,-1.002
1235.270,0.744,0.836,-1.077
1235.381,0.747,0.861,-1.133
1235.492,0.762,0.867,-1.186
1235.603,0.794,0.854,-1.264
1235.715,0.839,0.841,-1.357
1235.826,0.872,0.869,-1.431
1235.936,0.900,0.891,-1.490
1236.048,0.926,0.892,-1.537
1236.159,0.963,0.869,-1.572
1236.270,1.015,0.853,-1.607
1236.380,1.065,0.840,-1.642
1236.492,1.090,0.859,-1.624
1236.602,1.102,0.904,-1.547
1236.713,1.117,0.918,-1.480
1236.825,1.132,0.904,-1.449
1236.936,1.157,0.864,-1.452
1237.048,1.193,0.830,-1.469
1237.159,1.233,0.823,-1.487
1237.270,1.281,0.841,-1.514
1237.380,1.325,0.869,-1.547
1237.492,1.347,0.888,-1.576
1237.602,1.336,0.881,-1.597
1237.713,1.298,0.872,-1.607
1237.824,1.285,0.868,-1.611
1237.935,1.299,0.868,-1.630
1238.046,1.309,0.871,-1.659
1238.158,1.312,0.883,-1.693
1238.269,1.322,0.893,-1.717
1238.380,1.339,0.897,-1.729
1238.491,1.350,0.899,-1.732
1238.602,1.353,0.901,-1.734
1238.714,1.346,0.916,-1.738
1238.825,1.328,0.928,-1.738
1238.936,1.302,0.936,-1.729
1239.048,1.266,0.943,-1.697
1239.159,1.216,0.952,-1.647
1239.270,1.157,0.965,-1.596
1239.381,1.103,0.981,-1.539
1239.492,1.055,1.000,-1.490
1239.603,1.008,1.004,-1.440
1239.715,0.956,1.001,-1.390
1239.826,0.929,1.011,-1.366
1239.937,0.909,1.018,-1.355
1240.048,0.907,1.014,-1.354
1240.159,0.917,0.993,-1.361
1240.271,0.928,0.979,-1.377
1240.382,0.941,0.979,-1.391
1240.494,0.961,0.984,-1.403
1240.604,0.984,0.970,-1.416
1240.716,0.996,0.938,-1.441
1240.828,1.021,0.914,-1.468
1240.938,1.042,0.911,-1.499
1241.049,1.045,0.921,-1.524
1241.161,1.052,0.927,-1.523
1241.272,1.051,0.928,-1.501
1241.383,1.044,0.932,-1.483
1241.494,1.038,0.937,-1.481
1241.605,1.035,0.941,-1.484
1241.716,1.031,0.943,-1.483
1241.828,1.026,0.943,-1.483
1241.939,1.022,0.936,-1.480
1242.050,1.021,0.929,-1.485
1242.161,1.024,0.932,-1.492
1242.272,1.026,0.934,-1.493
1242.383,1.034,0.924,-1.486
1242.494,1.053,0.906,-1.483
1242.605,1.069,0.903,-1.505
1242.716,1.079,0.907,-1.533
1242.828,1.089,0.887,-1.559
1242.939,1.108,0.874,-1.582
1243.049,1.128,0.861,-1.592
1243.161,1.133,0.844,-1.583
1243.272,1.113,0.834,-1.546
1243.383,1.086,0.813,-1.480
1243.494,1.063,0.793,-1.400
1243.605,1.044,0.808,-1.333
1243.716,1.036,0.822,-1.296
1243.827,1.031,0.824,-1.280
1243.937,1.040,0.820,-1.276
1244.049,1.061,0.816,-1.291
1244.160,1.085,0.805,-1.309
1244.271,1.124,0.783,-1.316
1244.382,1.170,0.766,-1.314
1244.494,1.214,0.765,-1.308
1244.605,1.252,0.773,-1.301
1244.716,1.270,0.788,-1.304
1244.827,1.269,0.786,-1.314
1244.938,1.251,0.776,-1.322
1245.049,1.236,0.773,-1.326
1245.161,1.231,0.790,-1.333
1245.272,1.224,0.801,-1.322
1245.383,1.218,0.803,-1.294
1245.494,1.213,0.795,-1.268
1245.605,1.212,0.787,-1.246
1245.716,1.212,0.789,-1.229
1245.827,1.208,0.794,-1.223
1245.939,1.194,0.797,-1.225
1246.049,1.178,0.794,-1.227
1246.161,1.163,0.792,-1.230
1246.272,1.151,0.793,-1.236
1246.383,1.142,0.799,-1.235
1246.494,1.136,0.805,-1.240
1246.605,1.129,0.806,-1.260
1246.716,1.119,0.792,-1.285
1246.828,1.109,0.762,-1.309
1246.939,1.093,0.745,-1.327
1247.050,1.080,0.735,-1.352
1247.161,1.060,0.735,-1.369
1247.272,1.032,0.728,-1.369
1247.383,0.993,0.700,-1.355
1247.494,0.938,0.640,-1.340
1247.605,0.865,0.575,-1.325
1247.716,0.788,0.541,-1.304
1247.827,0.721,0.519,-1.273
1247.938,0.690,0.523,-1.241
1248.049,0.705,0.547,-1.222
1248.160,0.742,0.577,-1.225
1248.271,0.781,0.594,-1.253
1248.383,0.819,0.601,-1.301
1248.494,0.860,0.618,-1.349
1248.605,0.914,0.646,-1.378
1248.716,0.989,0.674,-1.387
1248.827,1.077,0.699,-1.381
1248.938,1.159,0.719,-1.358
1249.050,1.215,0.734,-1.311
1249.161,1.244,0.744,-1.248
1249.272,1.259,0.756,-1.183
1249.383,1.267,0.751,-1.147
1249.494,1.260,0.754,-1.163
1249.605,1.249,0.764,-1.205
1249.716,1.247,0.777,-1.247
1249.828,1.249,0.794,-1.280
1249.939,1.249,0.806,-1.300
1250.049,1.246,0.809,-1.306
1250.161,1.234,0.808,-1.302
1250.272,1.218,0.805,-1.303
1250.383,1.201,0.803,-1.316
1250.494,1.191,0.805,-1.331
1250.605,1.195,0.812,-1.338
1250.716,1.205,0.832,-1.335
1250.827,1.214,0.857,-1.340
1250.938,1.218,0.887,-1.337
1251.049,1.213,0.912,-1.334
1251.161,1.195,0.914,-1.336
1251.272,1.169,0.886,-1.336
1251.383,1.145,0.848,-1.323
1251.494,1.137,0.806,-1.296
1251.605,1.142,0.765,-1.267
1251.716,1.150,0.739,-1.245
1251.827,1.157,0.730,-1.235
1251.938,1.164,0.724,-1.235
1252.049,1.170,0.726,-1.242
1252.161,1.176,0.731,-1.262
1252.272,1.184,0.735,-1.291
1252.383,1.189,0.742,-1.312
1252.494,1.188,0.753,-1.315
1252.605,1.183,0.765,-1.304
1252.716,1.190,0.787,-1.280
1252.828,1.219,0.818,-1.251
1252.939,1.250,0.861,-1.221
1253.050,1.259,0.899,-1.190
1253.161,1.261,0.913,-1.180
1253.272,1.262,0.922,-1.188
1253.383,1.261,0.927,-1.193
1253.494,1.257,0.926,-1.192
1253.606,1.253,0.925,-1.193
1253.716,1.253,0.927,-1.195
1253.828,1.253,0.933,-1.196
1253.939,1.252,0.936,-1.195
1254.050,1.256,0.945,-1.194
1254.161,1.260,0.950,-1.193
1254.272,1.261,0.950,-1.194
1254.383,1.261,0.955,-1.205
1254.494,1.264,0.960,-1.208
1254.605,1.262,0.960,-1.214
1254.716,1.271,0.957,-1.215
1254.828,1.271,0.962,-1.214
1254.939,1.272,0.962,-1.215
1255.050,1.274,0.962,-1.217
1255.161,1.268,0.960,-1.218
1255.272,1.270,0.958,-1.215
1255.383,1.272,0.965,-1.221
1255.494,1.278,0.928,-1.225
1255.605,1.271,0.840,-1.211
1255.716,1.231,0.789,-1.198
1255.828,1.220,0.761,-1.222
1255.939,1.244,0.737,-1.287
1256.050,1.296,0.704,-1.382
1256.161,1.358,0.666,-1.479
1256.272,1.420,0.638,-1.556
1256.383,1.466,0.616,-1.602
1256.494,1.495,0.554,-1.633
1256.605,1.477,0.539,-1.637
1256.717,1.471,0.533,-1.637
1256.828,1.471,0.531,-1.636
1256.939,1.469,0.533,-1.635
1257.050,1.469,0.533,-1.634
1257.161,1.469,0.532,-1.634
1257.272,1.469,0.532,-1.634
1257.383,1.469,0.532,-1.634
1257.494,1.469,0.532,-1.634
1257.605,1.469,0.532,-1.634
1257.717,1.469,0.531,-1.634
1257.828,1.469,0.531,-1.634
1257.939,1.469,0.531,-1.634
1258.050,1.469,0.531,-1.634
1258.161,1.469,0.532,-1.634
1258.272,1.469,0.532,-1.634
1258.383,1.469,0.532,-1.634
1258.494,1.469,0.532,-1.634
1258.605,1.469,0.532,-1.634
1258.716,1.469,0.532,-1.634
1258.828,1.469,0.532,-1.634
1258.939,1.469,0.531,-1.634
1259.050,1.469,0.531,-1.634
1259.161,1.469,0.531,-1.634
1259.272,1.469,0.531,-1.634
1259.383,1.469,0.531,-1.634
1259.494,1.469,0.531,-1.634
1259.605,1.469,0.531,-1.634
1259.716,1.469,0.531,-1.634
1259.828,1.469,0.531,-1.634
1259.939,1.469,0.531,-1.634
1260.050,1.469,0.531,-1.634
1260.161,1.469,0.531,-1.634
1260.272,1.469,0.531,-1.635
1260.383,1.469,0.531,-1.635
1260.494,1.469,0.531,-1.635
1260.605,1.469,0.531,-1.634
1260.716,1.469,0.531,-1.634
1260.828,1.469,0.531,-1.634
1260.938,1.469,0.531,-1.634
1261.050,1.469,0.531,-1.634
1261.161,1.469,0.531,-1.634
1261.272,1.469,0.531,-1.635
1261.383,1.469,0.531,-1.634
1261.494,1.469,0.531,-1.634
1261.606,1.469,0.531,-1.634
1261.716,1.469,0.531,-1.634
1261.828,1.469,0.531,-1.634
1261.939,1.469,0.531,-1.634
1262.050,1.469,0.531,-1.634
1262.161,1.469,0.531,-1.634
1262.272,1.469,0.531,-1.634
1262.383,1.469,0.531,-1.634
1262.494,1.469,0.531,-1.634
1262.605,1.469,0.531,-1.634
1262.716,1.469,0.531,-1.634
1262.828,1.469,0.531,-1.634
1262.939,1.469,0.531,-1.634
1263.050,1.469,0.531,-1.634
1263.161,1.469,0.531,-1.634
1263.272,1.469,0.531,-1.634
1263.383,1.468,0.531,-1.634
1263.494,1.468,0.531,-1.634
1263.605,1.468,0.531,-1.634
1263.716,1.468,0.531,-1.634
1263.828,1.469,0.531,-1.634
1263.939,1.469,0.531,-1.634
1264.049,1.469,0.531,-1.634
1264.161,1.469,0.531,-1.634
1264.272,1.469,0.531,-1.634
1264.383,1.469,0.531,-1.634
1264.494,1.469,0.531,-1.634
1264.605,1.469,0.531,-1.634
1264.716,1.469,0.531,-1.634
1264.828,1.469,0.531,-1.634
1264.939,1.469,0.531,-1.634
1265.050,1.469,0.531,-1.634
1265.161,1.469,0.531,-1.634
1265.272,1.469,0.531,-1.634
1265.383,1.468,0.531,-1.634
1265.494,1.468,0.531,-1.634
1265.605,1.468,0.531,-1.634
1265.716,1.468,0.531,-1.634
1265.828,1.468,0.531,-1.634
1265.939,1.468,0.531,-1.634
1266.050,1.468,0.531,-1.634
1266.161,1.468,0.530,-1.634
1266.272,1.468,0.530,-1.634
1266.383,1.468,0.531,-1.634
1266.494,1.468,0.531,-1.634
1266.606,1.468,0.531,-1.634
1266.717,1.468,0.531,-1.634
1266.828,1.468,0.531,-1.634
1266.939,1.468,0.531,-1.634
1267.050,1.468,0.530,-1.634
1267.161,1.468,0.530,-1.634
1267.272,1.468,0.530,-1.634
1267.383,1.468,0.530,-1.634
1267.494,1.468,0.530,-1.634
1267.605,1.468,0.530,-1.634
1267.716,1.468,0.530,-1.634
1267.828,1.468,0.530,-1.634
1267.939,1.468,0.530,-1.634
1268.050,1.468,0.530,-1.634
1268.161,1.468,0.530,-1.634
1268.272,1.468,0.530,-1.634
1268.383,1.468,0.530,-1.634
1268.494,1.468,0.530,-1.634
1268.606,1.468,0.530,-1.634
1268.717,1.468,0.530,-1.634
1268.828,1.468,0.530,-1.634
1268.939,1.468,0.530,-1.634
1269.050,1.468,0.530,-1.634
1269.161,1.468,0.530,-1.634
1269.272,1.468,0.531,-1.635
1269.383,1.468,0.531,-1.635
1269.494,1.470,0.531,-1.638
1269.605,1.468,0.531,-1.650
1269.716,1.447,0.543,-1.663
1269.828,1.400,0.568,-1.638
1269.939,1.354,0.575,-1.594
1270.050,1.319,0.585,-1.541
1270.161,1.279,0.591,-1.496
1270.272,1.232,0.593,-1.469
1270.383,1.184,0.606,-1.454
1270.494,1.155,0.634,-1.447
1270.605,1.158,0.664,-1.443
1270.716,1.188,0.689,-1.439
1270.828,1.213,0.712,-1.438
1270.939,1.229,0.718,-1.431
1271.050,1.239,0.695,-1.410
1271.161,1.246,0.650,-1.375
1271.272,1.253,0.596,-1.334
1271.383,1.259,0.561,-1.305
1271.494,1.260,0.552,-1.291
1271.605,1.258,0.567,-1.276
1271.716,1.262,0.574,-1.258
1271.828,1.273,0.586,-1.245
1271.938,1.279,0.606,-1.243
1272.049,1.271,0.618,-1.250
1272.159,1.255,0.613,-1.267
1272.270,1.248,0.614,-1.297
1272.381,1.261,0.620,-1.326
1272.492,1.283,0.626,-1.338
1272.604,1.305,0.627,-1.337
1272.715,1.325,0.623,-1.337
1272.827,1.344,0.620,-1.335
1272.939,1.356,0.617,-1.329
1273.049,1.359,0.621,-1.319
1273.161,1.358,0.627,-1.313
1273.271,1.352,0.630,-1.309
1273.382,1.339,0.631,-1.309
1273.494,1.322,0.630,-1.314
1273.605,1.303,0.631,-1.322
1273.715,1.285,0.633,-1.329
1273.827,1.268,0.636,-1.337
1273.938,1.256,0.634,-1.345
1274.049,1.253,0.628,-1.352
1274.160,1.256,0.628,-1.358
1274.271,1.257,0.631,-1.360
1274.382,1.259,0.633,-1.361
1274.494,1.264,0.635,-1.361
1274.604,1.270,0.635,-1.364
1274.715,1.276,0.638,-1.365
1274.826,1.290,0.657,-1.355
1274.937,1.324,0.684,-1.338
1275.047,1.375,0.722,-1.323
1275.159,1.435,0.766,-1.323
1275.270,1.485,0.817,-1.333
1275.381,1.502,0.867,-1.330
1275.492,1.493,0.905,-1.305
1275.601,1.474,0.927,-1.291
1275.713,1.458,0.961,-1.297
1275.825,1.460,1.018,-1.321
1275.936,1.464,1.074,-1.331
1276.047,1.461,1.132,-1.318
1276.158,1.449,1.197,-1.304
1276.269,1.441,1.273,-1.301
1276.381,1.445,1.342,-1.303
1276.492,1.443,1.387,-1.321
1276.603,1.436,1.411,-1.355
1276.714,1.427,1.425,-1.386
1276.824,0.010,1.432,-0.011
1276.932,0.026,1.430,-0.027
1277.043,0.044,1.431,-0.041
1277.155,0.062,1.434,-0.052
1277.266,0.078,1.438,-0.062
1277.377,0.095,1.442,-0.074
1277.488,0.110,1.448,-0.083
1277.599,0.127,1.454,-0.091
1277.711,0.145,1.459,-0.100
1277.822,0.165,1.461,-0.109
1277.933,0.180,1.464,-0.120
1278.044,0.186,1.463,-0.131
1278.156,0.185,1.465,-0.137
1278.266,0.177,1.467,-0.135
1278.377,0.159,1.474,-0.132
1278.489,0.137,1.490,-0.129
1278.601,0.122,1.501,-0.124
1278.712,0.113,1.506,-0.122
1278.823,0.107,1.508,-0.117
1278.934,0.104,1.504,-0.114
1279.045,0.101,1.502,-0.111
1279.157,0.097,1.500,-0.112
1279.267,0.098,1.497,-0.118
1279.378,0.104,1.492,-0.119
1279.489,0.108,1.488,-0.118
1279.600,0.112,1.483,-0.118
1279.711,0.117,1.483,-0.120
1279.822,0.121,1.483,-0.124
1279.934,0.125,1.483,-0.126
1280.045,0.129,1.483,-0.130
1280.156,0.132,1.483,-0.133
1280.267,0.134,1.483,-0.135
1280.378,0.134,1.482,-0.137
1280.489,0.134,1.482,-0.138
1280.597,0.133,1.482,-0.137
1280.708,0.133,1.483,-0.137
1280.818,0.131,1.484,-0.138
1280.930,0.127,1.485,-0.138
1281.043,0.123,1.485,-0.138
1281.153,0.120,1.486,-0.140
1281.265,0.119,1.486,-0.141
1281.376,0.118,1.485,-0.143
1281.487,0.117,1.486,-0.143
1281.598,0.115,1.490,-0.140
1281.709,0.113,1.493,-0.140
1281.820,0.115,1.493,-0.143
1281.932,0.117,1.490,-0.147
1282.042,0.117,1.488,-0.150
1282.154,0.116,1.486,-0.152
1282.266,0.115,1.487,-0.151
1282.376,0.114,1.486,-0.148
1282.487,0.113,1.484,-0.145
1282.597,0.113,1.483,-0.141
1282.709,0.114,1.483,-0.139
1282.820,0.115,1.482,-0.138
1282.932,0.116,1.481,-0.137
1283.043,0.115,1.481,-0.137
1283.154,0.114,1.482,-0.136
1283.265,0.115,1.482,-0.134
1283.376,0.117,1.482,-0.131
1283.487,0.118,1.481,-0.130
1283.599,0.119,1.481,-0.130
1283.710,0.119,1.481,-0.130
1283.820,0.120,1.481,-0.131
