Timestamp,X,Y,Z
3.945,-1.356,1.459,0.449
4.055,-1.358,1.458,0.431
4.166,-1.356,1.457,0.427
4.277,-1.355,1.455,0.424
4.388,-1.356,1.452,0.423
4.495,-1.357,1.450,0.425
4.606,-1.358,1.445,0.431
4.718,-1.359,1.438,0.494
4.829,-1.371,1.390,0.587
4.940,-1.368,1.287,0.631
5.051,-1.352,1.171,0.637
5.162,-1.341,1.088,0.642
5.273,-1.340,1.052,0.668
5.382,-1.352,1.053,0.721
5.494,-1.374,1.088,0.794
5.603,-1.413,1.153,0.862
5.704,-1.444,1.195,0.917
5.811,-1.475,1.212,0.969
5.922,-1.496,1.207,1.002
6.037,-1.502,1.195,1.021
6.146,-1.505,1.187,1.027
6.258,-1.510,1.189,1.022
6.370,-1.516,1.193,1.023
6.482,-1.524,1.195,1.027
6.592,-1.535,1.197,1.029
6.702,-1.544,1.206,1.035
6.814,-1.550,1.217,1.038
6.925,-1.555,1.224,1.040
7.037,-1.559,1.227,1.043
7.148,-1.561,1.227,1.045
7.259,-1.563,1.227,1.046
7.369,-1.559,1.230,1.042
7.480,-1.546,1.234,1.039
7.587,-1.534,1.251,1.041
7.699,-1.531,1.287,1.057
7.810,-1.539,1.322,1.081
7.920,-1.553,1.353,1.113
8.031,-1.566,1.386,1.155
8.145,-1.575,1.407,1.200
8.258,-1.576,1.413,1.240
8.369,-1.571,1.410,1.271
8.480,-1.566,1.404,1.292
8.591,-1.573,1.399,1.307
8.703,-1.597,1.398,1.319
8.814,-1.626,1.403,1.325
8.923,-1.650,1.416,1.321
9.036,-1.671,1.440,1.304
9.148,-1.689,1.459,1.288
9.259,-1.701,1.492,1.268
9.370,-1.711,1.522,1.246
9.482,-1.722,1.526,1.242
9.593,-1.734,1.511,1.271
9.705,-1.735,1.483,1.317
9.814,-1.720,1.459,1.352
9.924,-1.696,1.441,1.377
10.037,-1.672,1.433,1.393
10.149,-1.654,1.430,1.402
10.257,-1.644,1.431,1.403
10.370,-1.638,1.431,1.398
10.480,-1.636,1.433,1.393
10.593,-1.637,1.434,1.386
10.704,-1.638,1.436,1.378
10.812,-1.640,1.438,1.377
10.925,-1.642,1.437,1.379
11.036,-1.643,1.437,1.384
11.148,-1.643,1.434,1.390
11.260,-1.641,1.432,1.394
11.370,-1.639,1.432,1.397
11.482,-1.639,1.433,1.398
11.591,-1.639,1.433,1.398
11.703,-1.639,1.433,1.398
11.815,-1.640,1.433,1.399
11.926,-1.641,1.433,1.400
12.036,-1.643,1.433,1.401
12.149,-1.644,1.434,1.402
12.260,-1.644,1.433,1.403
12.371,-1.645,1.433,1.404
12.482,-1.645,1.437,1.402
12.594,-1.645,1.445,1.394
12.704,-1.645,1.458,1.379
12.816,-1.639,1.478,1.354
12.927,-1.632,1.494,1.324
13.038,-1.629,1.507,1.292
13.149,-1.631,1.518,1.264
13.260,-1.631,1.523,1.245
13.371,-1.632,1.524,1.231
13.483,-1.632,1.528,1.225
13.594,-1.631,1.526,1.220
13.705,-1.632,1.525,1.218
13.816,-1.633,1.525,1.216
13.927,-1.634,1.525,1.212
14.038,-1.634,1.526,1.211
14.149,-1.634,1.526,1.207
14.261,-1.633,1.525,1.207
14.371,-1.633,1.523,1.206
14.482,-1.633,1.522,1.207
14.594,-1.634,1.521,1.210
14.705,-1.636,1.520,1.213
14.816,-1.638,1.521,1.216
14.927,-1.641,1.524,1.219
15.038,-1.644,1.526,1.222
15.149,-1.645,1.525,1.224
15.261,-1.647,1.526,1.226
15.371,-1.647,1.525,1.227
15.483,-1.647,1.526,1.227
15.594,-1.647,1.526,1.227
15.704,-1.646,1.527,1.227
15.815,-1.648,1.526,1.227
15.927,-1.650,1.525,1.225
16.038,-1.651,1.525,1.224
16.149,-1.653,1.524,1.220
16.261,-1.657,1.522,1.216
16.371,-1.658,1.521,1.216
16.483,-1.652,1.518,1.217
16.594,-1.650,1.522,1.225
16.705,-1.649,1.524,1.230
16.816,-1.650,1.526,1.240
16.927,-1.651,1.528,1.249
17.038,-1.649,1.537,1.263
17.149,-1.643,1.549,1.294
17.261,-1.632,1.550,1.334
17.371,-1.625,1.541,1.361
17.483,-1.614,1.528,1.377
17.593,-1.608,1.520,1.387
17.705,-1.605,1.513,1.392
17.816,-1.602,1.508,1.396
17.927,-1.600,1.505,1.401
18.038,-1.598,1.502,1.404
18.149,-1.599,1.499,1.405
18.260,-1.600,1.498,1.406
18.371,-1.600,1.498,1.407
18.483,-1.596,1.490,1.411
18.594,-1.588,1.478,1.412
18.705,-1.577,1.466,1.410
18.817,-1.565,1.456,1.408
18.928,-1.556,1.448,1.407
19.038,-1.555,1.442,1.409
19.150,-1.553,1.438,1.413
19.261,-1.545,1.432,1.418
19.371,-1.532,1.425,1.424
19.483,-1.523,1.416,1.435
19.594,-1.508,1.402,1.451
19.706,-1.484,1.381,1.471
19.817,-1.453,1.355,1.489
19.928,-1.410,1.329,1.499
20.039,-1.360,1.306,1.494
20.150,-1.304,1.271,1.473
20.261,-1.251,1.208,1.450
20.372,-1.206,1.139,1.434
20.483,-1.176,1.092,1.417
20.594,-1.170,1.073,1.402
20.706,-1.165,1.067,1.391
20.816,-1.162,1.071,1.376
20.927,-1.166,1.081,1.366
21.039,-1.166,1.088,1.359
21.150,-1.165,1.091,1.356
21.261,-1.168,1.091,1.358
21.372,-1.174,1.079,1.364
21.483,-1.168,1.059,1.364
21.594,-1.157,1.043,1.360
21.705,-1.152,1.028,1.353
21.817,-1.150,1.017,1.346
21.928,-1.150,1.011,1.339
22.039,-1.150,0.999,1.331
22.150,-1.149,0.993,1.328
22.261,-1.148,0.987,1.325
22.372,-1.145,0.974,1.322
22.483,-1.144,0.963,1.322
22.594,-1.148,0.954,1.317
22.706,-1.147,0.952,1.314
22.817,-1.146,0.953,1.311
22.928,-1.142,0.952,1.308
23.039,-1.134,0.943,1.307
23.150,-1.128,0.936,1.305
23.261,-1.126,0.932,1.309
23.371,-1.127,0.929,1.306
23.483,-1.128,0.928,1.306
23.594,-1.130,0.929,1.304
23.705,-1.131,0.929,1.304
23.816,-1.133,0.929,1.303
23.927,-1.133,0.927,1.303
24.039,-1.133,0.928,1.303
24.150,-1.134,0.928,1.303
24.261,-1.135,0.928,1.304
24.372,-1.146,0.920,1.309
24.482,-1.168,0.904,1.314
24.594,-1.182,0.892,1.321
24.705,-1.187,0.903,1.328
24.816,-1.192,0.915,1.330
24.927,-1.193,0.922,1.324
25.038,-1.191,0.928,1.320
25.150,-1.185,0.927,1.318
25.261,-1.180,0.927,1.315
25.372,-1.178,0.927,1.315
25.483,-1.175,0.929,1.315
25.594,-1.174,0.934,1.315
25.706,-1.179,0.937,1.321
25.816,-1.187,0.943,1.326
25.928,-1.203,0.942,1.333
26.039,-1.216,0.949,1.340
26.150,-1.223,0.973,1.348
26.261,-1.239,1.012,1.359
26.372,-1.264,1.065,1.361
26.483,-1.277,1.102,1.360
26.594,-1.277,1.114,1.384
26.705,-1.305,1.134,1.430
26.818,-1.348,1.157,1.458
26.929,-1.388,1.165,1.462
27.040,-1.412,1.162,1.452
27.151,-1.429,1.162,1.441
27.263,-1.446,1.171,1.441
27.374,-1.471,1.187,1.441
27.485,-1.502,1.212,1.435
27.596,-1.535,1.243,1.427
27.706,-1.567,1.282,1.418
27.816,-1.599,1.320,1.400
27.926,-1.630,1.350,1.381
28.037,-1.650,1.375,1.362
28.149,-1.666,1.398,1.342
28.259,-1.684,1.424,1.321
28.371,-1.691,1.458,1.302
28.483,-1.695,1.482,1.279
28.593,-1.699,1.491,1.261
28.705,-1.700,1.490,1.252
28.815,-1.701,1.494,1.249
28.926,-1.700,1.494,1.248
29.038,-1.700,1.491,1.243
29.148,-1.702,1.485,1.239
29.260,-1.701,1.489,1.236
29.371,-1.700,1.495,1.233
29.482,-1.699,1.497,1.229
29.594,-1.698,1.498,1.227
29.705,-1.698,1.498,1.225
29.816,-1.699,1.501,1.222
29.927,-1.701,1.502,1.219
30.038,-1.703,1.505,1.223
30.149,-1.701,1.498,1.228
30.260,-1.698,1.496,1.234
30.371,-1.700,1.499,1.234
30.483,-1.701,1.498,1.237
30.594,-1.701,1.502,1.238
30.705,-1.701,1.513,1.240
30.815,-1.699,1.520,1.236
30.927,-1.698,1.520,1.235
31.038,-1.702,1.524,1.235
31.149,-1.704,1.524,1.233
31.260,-1.702,1.520,1.232
31.371,-1.703,1.524,1.231
31.483,-1.702,1.525,1.227
31.594,-1.703,1.526,1.225
31.704,-1.702,1.525,1.220
31.816,-1.704,1.525,1.217
31.927,-1.703,1.523,1.217
32.038,-1.705,1.523,1.216
32.149,-1.706,1.525,1.215
32.260,-1.705,1.525,1.215
32.371,-1.706,1.524,1.216
32.482,-1.707,1.524,1.217
32.593,-1.704,1.523,1.217
32.704,-1.705,1.525,1.217
32.815,-1.706,1.524,1.215
32.927,-1.706,1.527,1.217
33.038,-1.705,1.529,1.216
33.149,-1.704,1.531,1.217
33.260,-1.706,1.534,1.215
33.371,-1.705,1.542,1.212
33.482,-1.704,1.545,1.209
33.594,-1.701,1.541,1.209
33.704,-1.699,1.537,1.209
33.815,-1.701,1.535,1.209
33.927,-1.700,1.535,1.209
34.037,-1.702,1.536,1.209
34.148,-1.704,1.538,1.207
34.260,-1.709,1.544,1.203
34.370,-1.713,1.549,1.197
34.482,-1.711,1.548,1.191
34.593,-1.707,1.546,1.190
34.704,-1.703,1.547,1.192
34.815,-1.702,1.547,1.193
34.927,-1.702,1.544,1.195
35.037,-1.700,1.540,1.202
35.149,-1.697,1.535,1.211
35.260,-1.696,1.530,1.221
35.371,-1.697,1.524,1.226
35.482,-1.698,1.521,1.232
35.594,-1.699,1.518,1.236
35.705,-1.700,1.520,1.239
35.816,-1.701,1.519,1.239
35.927,-1.699,1.518,1.243
36.038,-1.699,1.517,1.243
36.149,-1.697,1.517,1.241
36.260,-1.696,1.517,1.239
36.371,-1.694,1.518,1.241
36.483,-1.692,1.517,1.241
36.594,-1.692,1.516,1.240
36.705,-1.692,1.519,1.240
36.816,-1.690,1.518,1.239
36.927,-1.689,1.517,1.239
37.038,-1.690,1.519,1.239
37.149,-1.691,1.519,1.237
37.261,-1.690,1.518,1.236
37.371,-1.692,1.520,1.236
37.482,-1.693,1.520,1.232
37.594,-1.692,1.520,1.232
37.705,-1.692,1.519,1.230
37.816,-1.693,1.519,1.228
37.927,-1.694,1.517,1.229
38.038,-1.695,1.518,1.230
38.149,-1.693,1.518,1.232
38.261,-1.693,1.519,1.232
38.372,-1.695,1.523,1.232
38.482,-1.697,1.522,1.233
38.595,-1.696,1.524,1.235
38.705,-1.695,1.524,1.235
38.816,-1.695,1.525,1.233
38.927,-1.694,1.526,1.233
39.038,-1.695,1.528,1.233
39.149,-1.699,1.533,1.231
39.261,-1.700,1.538,1.227
39.372,-1.701,1.541,1.224
39.483,-1.702,1.541,1.220
39.594,-1.703,1.541,1.217
39.705,-1.704,1.540,1.216
39.816,-1.704,1.542,1.215
39.927,-1.703,1.543,1.217
40.038,-1.702,1.540,1.219
40.149,-1.703,1.536,1.218
40.260,-1.703,1.536,1.220
40.372,-1.701,1.534,1.221
40.483,-1.699,1.535,1.223
40.593,-1.697,1.533,1.221
40.705,-1.697,1.535,1.219
40.816,-1.699,1.535,1.218
40.927,-1.695,1.531,1.221
41.038,-1.696,1.527,1.222
41.149,-1.696,1.526,1.224
41.260,-1.694,1.525,1.226
41.372,-1.695,1.525,1.228
41.483,-1.693,1.525,1.230
41.594,-1.693,1.523,1.230
41.705,-1.693,1.523,1.234
41.816,-1.694,1.519,1.236
41.927,-1.696,1.519,1.240
42.038,-1.696,1.517,1.244
42.149,-1.698,1.516,1.245
42.260,-1.697,1.514,1.251
42.371,-1.699,1.513,1.255
42.483,-1.703,1.512,1.259
42.594,-1.705,1.511,1.262
42.705,-1.706,1.512,1.264
42.816,-1.707,1.512,1.270
42.927,-1.708,1.511,1.275
43.038,-1.708,1.512,1.283
43.149,-1.707,1.513,1.286
43.261,-1.707,1.515,1.291
43.371,-1.709,1.510,1.293
43.483,-1.710,1.515,1.297
43.594,-1.708,1.513,1.295
43.704,-1.707,1.513,1.296
43.816,-1.707,1.514,1.296
43.927,-1.705,1.514,1.297
44.038,-1.702,1.513,1.297
44.149,-1.699,1.514,1.293
44.261,-1.696,1.516,1.289
44.371,-1.694,1.516,1.284
44.483,-1.691,1.515,1.280
44.594,-1.690,1.514,1.276
44.705,-1.693,1.514,1.272
44.816,-1.694,1.516,1.268
44.927,-1.690,1.514,1.263
45.038,-1.690,1.516,1.257
45.149,-1.689,1.515,1.251
45.260,-1.691,1.518,1.250
45.372,-1.693,1.521,1.248
45.482,-1.694,1.524,1.248
45.594,-1.694,1.528,1.247
45.705,-1.695,1.529,1.244
45.816,-1.695,1.531,1.245
45.927,-1.693,1.532,1.246
46.038,-1.691,1.533,1.247
46.149,-1.690,1.537,1.247
46.261,-1.691,1.542,1.244
46.372,-1.691,1.552,1.237
46.483,-1.692,1.558,1.227
46.594,-1.690,1.559,1.220
46.705,-1.687,1.560,1.216
46.816,-1.684,1.563,1.215
46.927,-1.682,1.564,1.214
47.038,-1.681,1.565,1.213
47.149,-1.679,1.569,1.215
47.260,-1.678,1.572,1.216
47.371,-1.676,1.567,1.215
47.482,-1.675,1.568,1.214
47.593,-1.677,1.565,1.213
47.705,-1.677,1.566,1.212
47.816,-1.678,1.566,1.211
47.927,-1.679,1.566,1.210
48.037,-1.679,1.565,1.210
48.149,-1.679,1.566,1.210
48.260,-1.678,1.566,1.209
48.371,-1.678,1.567,1.207
48.482,-1.677,1.566,1.206
48.593,-1.674,1.565,1.205
48.704,-1.670,1.565,1.204
48.816,-1.666,1.567,1.203
48.927,-1.662,1.570,1.201
49.038,-1.659,1.572,1.199
49.149,-1.660,1.573,1.199
49.260,-1.663,1.571,1.198
49.371,-1.674,1.567,1.201
49.482,-1.685,1.559,1.203
49.594,-1.686,1.558,1.206
49.704,-1.687,1.557,1.207
49.816,-1.688,1.557,1.209
49.927,-1.688,1.557,1.211
50.038,-1.688,1.557,1.214
50.149,-1.689,1.558,1.215
50.260,-1.689,1.558,1.217
50.371,-1.689,1.556,1.219
50.482,-1.689,1.557,1.221
50.593,-1.690,1.556,1.221
50.704,-1.689,1.554,1.222
50.816,-1.689,1.554,1.222
50.927,-1.689,1.554,1.222
51.037,-1.690,1.553,1.223
51.148,-1.698,1.546,1.226
51.260,-1.700,1.534,1.233
51.370,-1.699,1.522,1.240
51.482,-1.697,1.514,1.246
51.593,-1.696,1.514,1.249
51.704,-1.695,1.513,1.249
51.815,-1.692,1.508,1.247
51.926,-1.690,1.511,1.243
52.037,-1.687,1.513,1.241
52.149,-1.687,1.516,1.240
52.260,-1.686,1.520,1.240
52.371,-1.683,1.522,1.239
52.482,-1.684,1.524,1.237
52.594,-1.687,1.530,1.235
52.704,-1.688,1.533,1.235
52.815,-1.689,1.530,1.244
52.927,-1.687,1.527,1.250
53.038,-1.688,1.525,1.252
53.149,-1.688,1.522,1.254
53.260,-1.689,1.521,1.254
53.371,-1.690,1.521,1.253
53.482,-1.693,1.523,1.251
53.594,-1.695,1.524,1.251
53.705,-1.695,1.524,1.249
53.816,-1.696,1.527,1.247
53.926,-1.695,1.535,1.241
54.038,-1.697,1.545,1.232
54.149,-1.698,1.555,1.221
54.260,-1.699,1.558,1.211
54.371,-1.698,1.559,1.209
54.483,-1.694,1.559,1.216
54.594,-1.692,1.557,1.219
54.705,-1.691,1.559,1.221
54.816,-1.687,1.559,1.222
54.927,-1.685,1.559,1.223
55.038,-1.682,1.558,1.224
55.149,-1.681,1.557,1.225
55.260,-1.686,1.555,1.228
55.371,-1.695,1.550,1.232
55.483,-1.702,1.546,1.237
55.594,-1.708,1.544,1.245
55.704,-1.712,1.542,1.249
55.816,-1.714,1.543,1.248
55.927,-1.715,1.544,1.246
56.038,-1.717,1.545,1.245
56.149,-1.720,1.545,1.244
56.260,-1.721,1.550,1.250
56.371,-1.721,1.552,1.255
56.482,-1.722,1.556,1.256
56.593,-1.726,1.565,1.250
56.704,-1.732,1.567,1.238
56.815,-1.736,1.574,1.220
56.926,-1.743,1.578,1.195
57.038,-1.745,1.580,1.173
57.149,-1.743,1.579,1.160
57.260,-1.742,1.576,1.153
57.371,-1.737,1.572,1.162
57.482,-1.716,1.559,1.194
57.593,-1.687,1.555,1.209
57.705,-1.680,1.555,1.203
57.816,-1.692,1.552,1.190
57.927,-1.735,1.541,1.152
58.037,-1.767,1.528,1.094
58.149,-1.776,1.520,1.051
58.261,-1.777,1.515,1.020
58.372,-1.773,1.510,0.994
58.483,-1.766,1.495,0.971
58.594,-1.760,1.469,0.955
58.705,-1.752,1.461,0.941
58.816,-1.738,1.459,0.931
58.927,-1.723,1.457,0.924
59.038,-1.708,1.453,0.916
59.149,-1.691,1.446,0.908
59.260,-1.665,1.438,0.908
59.372,-1.636,1.430,0.916
59.483,-1.612,1.424,0.928
59.594,-1.590,1.420,0.941
59.705,-1.569,1.418,0.950
59.816,-1.544,1.411,0.955
59.927,-1.530,1.407,0.958
60.038,-1.529,1.407,0.966
60.149,-1.530,1.407,0.977
60.261,-1.527,1.405,0.985
60.372,-1.519,1.404,0.986
60.483,-1.511,1.404,0.981
60.594,-1.489,1.411,0.962
60.705,-1.444,1.432,0.944
60.816,-1.398,1.455,0.933
60.928,-1.360,1.470,0.921
61.039,-1.330,1.481,0.904
61.149,-1.305,1.487,0.886
61.259,-1.283,1.489,0.880
61.371,-1.272,1.493,0.882
61.482,-1.268,1.497,0.882
61.593,-1.268,1.498,0.876
61.704,-1.272,1.501,0.863
61.816,-1.279,1.502,0.844
61.928,-1.279,1.492,0.822
62.038,-1.275,1.457,0.805
62.149,-1.270,1.424,0.798
62.260,-1.254,1.430,0.801
62.371,-1.255,1.449,0.804
62.483,-1.268,1.460,0.802
62.594,-1.279,1.470,0.780
62.705,-1.292,1.473,0.753
62.816,-1.300,1.479,0.739
62.928,-1.310,1.482,0.723
63.038,-1.319,1.485,0.712
63.150,-1.320,1.487,0.710
63.261,-1.311,1.493,0.720
63.372,-1.298,1.502,0.743
63.483,-1.291,1.514,0.773
63.594,-1.292,1.523,0.797
63.705,-1.295,1.532,0.812
63.816,-1.299,1.533,0.825
63.928,-1.303,1.526,0.843
64.039,-1.306,1.506,0.868
64.164,-1.308,1.494,0.898
64.274,-1.319,1.483,0.933
64.384,-1.334,1.477,0.957
64.495,-1.359,1.467,0.972
64.606,-1.392,1.459,0.968
64.719,-1.421,1.462,0.952
64.830,-1.446,1.474,0.932
64.941,-1.474,1.488,0.913
65.052,-1.503,1.499,0.902
65.164,-1.535,1.501,0.903
65.274,-1.573,1.500,0.917
65.386,-1.622,1.496,0.943
65.497,-1.683,1.491,0.984
65.608,-1.738,1.477,1.041
65.719,-1.768,1.474,1.106
65.830,-1.783,1.475,1.160
65.941,-1.790,1.472,1.207
66.052,-1.787,1.472,1.254
66.163,-1.775,1.470,1.306
66.274,-1.755,1.474,1.361
66.386,-1.746,1.488,1.404
66.497,-1.753,1.516,1.427
66.610,-1.771,1.541,1.421
66.719,-1.797,1.563,1.404
66.830,-1.815,1.577,1.391
66.941,-1.829,1.582,1.387
67.052,-1.840,1.581,1.387
67.163,-1.845,1.579,1.390
67.274,-1.847,1.576,1.393
67.386,-1.846,1.576,1.398
67.497,-1.845,1.576,1.401
67.608,-1.845,1.576,1.402
67.719,-1.845,1.577,1.404
67.830,-1.843,1.577,1.408
67.941,-1.840,1.574,1.413
68.053,-1.836,1.572,1.419
68.165,-1.828,1.561,1.429
68.277,-1.818,1.550,1.440
68.388,-1.810,1.543,1.447
68.499,-1.802,1.533,1.450
68.610,-1.796,1.525,1.451
68.721,-1.794,1.519,1.451
68.833,-1.792,1.514,1.452
68.943,-1.790,1.511,1.451
69.054,-1.790,1.511,1.451
69.166,-1.792,1.512,1.453
69.276,-1.796,1.514,1.455
69.388,-1.801,1.521,1.459
69.499,-1.810,1.533,1.460
69.609,-1.823,1.549,1.456
69.721,-1.836,1.561,1.447
69.832,-1.848,1.572,1.440
69.942,-1.857,1.576,1.432
70.053,-1.861,1.576,1.428
70.165,-1.863,1.572,1.426
70.275,-1.861,1.569,1.425
70.387,-1.852,1.567,1.427
70.498,-1.841,1.564,1.429
70.609,-1.831,1.555,1.433
70.721,-1.823,1.536,1.438
70.832,-1.820,1.521,1.440
70.941,-1.820,1.520,1.440
71.052,-1.821,1.523,1.436
71.164,-1.821,1.528,1.432
71.274,-1.821,1.530,1.428
71.385,-1.821,1.532,1.423
71.496,-1.824,1.534,1.419
71.607,-1.825,1.535,1.416
71.717,-1.826,1.537,1.414
71.829,-1.828,1.540,1.413
71.939,-1.829,1.540,1.413
72.051,-1.829,1.539,1.416
72.162,-1.828,1.539,1.418
72.273,-1.827,1.537,1.420
72.385,-1.826,1.536,1.421
72.496,-1.826,1.536,1.422
72.607,-1.825,1.536,1.423
72.719,-1.824,1.537,1.424
72.831,-1.824,1.537,1.425
72.942,-1.823,1.537,1.426
73.053,-1.822,1.537,1.426
73.164,-1.822,1.539,1.426
73.275,-1.822,1.538,1.426
73.386,-1.822,1.537,1.427
73.498,-1.821,1.539,1.427
73.609,-1.822,1.540,1.428
73.720,-1.823,1.541,1.428
73.829,-0.002,1.543,0.000
73.940,-0.003,1.543,0.001
74.050,-0.004,1.543,0.002
74.161,-0.005,1.541,0.005
74.273,-0.007,1.539,0.009
74.384,-0.008,1.540,0.014
74.495,-0.010,1.540,0.018
74.606,-0.011,1.539,0.020
74.717,-0.012,1.538,0.021
74.828,-0.015,1.536,0.021
74.939,-0.021,1.531,0.024
75.050,-0.026,1.526,0.032
75.162,-0.029,1.526,0.042
75.274,-0.031,1.527,0.051
75.385,-0.033,1.528,0.057
75.496,-0.029,1.529,0.058
75.607,-0.020,1.537,0.059
75.718,-0.012,1.553,0.053
75.830,-0.011,1.570,0.036
75.941,-0.015,1.579,0.018
76.052,-0.021,1.583,0.006
76.163,-0.028,1.585,-0.001
76.274,-0.049,1.583,-0.010
76.385,-0.068,1.576,-0.019
76.497,-0.078,1.571,-0.019
76.607,-0.074,1.564,-0.009
76.718,-0.048,1.551,0.014
76.830,-0.015,1.542,0.032
76.941,0.005,1.535,0.045
77.052,0.009,1.524,0.062
77.164,0.007,1.518,0.093
77.274,0.007,1.513,0.131
77.386,0.014,1.506,0.178
77.497,0.032,1.501,0.235
77.608,0.060,1.509,0.302
77.719,0.088,1.522,0.371
77.830,0.109,1.527,0.436
77.941,0.120,1.528,0.495
78.052,0.124,1.521,0.555
78.164,0.117,1.511,0.616
78.274,0.104,1.502,0.681
78.385,0.089,1.508,0.751
78.497,0.079,1.516,0.815
78.608,0.076,1.523,0.865
78.719,0.084,1.526,0.902
78.831,0.100,1.524,0.927
78.942,0.117,1.527,0.944
79.053,0.128,1.527,0.958
79.164,0.133,1.527,0.970
79.275,0.134,1.525,0.979
79.386,0.136,1.525,0.987
79.497,0.142,1.522,0.994
79.608,0.150,1.519,1.003
79.719,0.156,1.516,1.008
79.830,0.155,1.516,1.011
79.941,0.150,1.517,1.014
80.052,0.133,1.524,1.019
80.163,0.100,1.534,1.022
80.274,0.065,1.539,1.019
80.385,0.027,1.542,1.012
80.496,-0.007,1.543,0.998
80.607,-0.029,1.542,0.985
80.718,-0.040,1.539,0.980
80.829,-0.037,1.538,0.984
80.940,-0.016,1.537,0.999
81.052,0.017,1.535,1.009
81.163,0.038,1.530,1.007
81.274,0.046,1.528,1.004
81.385,0.047,1.529,1.000
81.497,0.044,1.530,0.995
81.607,0.044,1.528,0.989
81.719,0.045,1.524,0.981
81.830,0.048,1.519,0.967
81.941,0.052,1.514,0.948
82.052,0.054,1.513,0.927
82.163,0.058,1.513,0.906
82.274,0.068,1.511,0.886
82.385,0.079,1.511,0.868
82.497,0.080,1.519,0.857
82.607,0.071,1.539,0.846
82.718,0.067,1.552,0.836
82.829,0.068,1.552,0.838
82.940,0.065,1.548,0.854
83.051,0.052,1.545,0.883
83.162,0.027,1.539,0.922
83.273,-0.004,1.531,0.970
83.384,-0.039,1.530,1.028
83.496,-0.070,1.540,1.097
83.606,-0.091,1.541,1.168
83.717,-0.104,1.526,1.241
83.829,-0.108,1.513,1.323
83.940,-0.109,1.511,1.414
84.051,-0.114,1.533,1.508
84.162,-0.126,1.552,1.588
84.273,-0.142,1.562,1.660
84.384,-0.158,1.558,1.734
84.496,-0.179,1.540,1.818
84.607,-0.212,1.523,1.906
84.718,-0.252,1.516,1.995
84.829,-0.297,1.523,2.088
84.940,-0.339,1.532,2.186
85.051,-0.377,1.529,2.281
85.163,-0.411,1.518,2.370
85.273,-0.439,1.511,2.458
85.385,-0.461,1.515,2.548
85.497,-0.485,1.525,2.630
85.607,-0.515,1.531,2.704
85.719,-0.548,1.532,2.789
85.830,-0.583,1.526,2.880
85.940,-0.626,1.515,2.954
86.051,-0.683,1.508,3.013
86.163,-0.748,1.510,3.064
86.273,-0.807,1.517,3.107
86.384,-0.854,1.519,3.138
86.495,-0.888,1.517,3.164
86.606,-0.909,1.520,3.192
86.717,-0.917,1.520,3.220
86.829,-0.922,1.518,3.236
86.940,-0.925,1.517,3.250
87.050,-0.927,1.510,3.266
87.162,-0.913,1.498,3.297
87.273,-0.890,1.492,3.322
87.384,-0.870,1.489,3.336
87.495,-0.855,1.488,3.343
87.606,-0.844,1.485,3.346
87.718,-0.837,1.483,3.347
87.828,-0.833,1.480,3.347
87.939,-0.837,1.480,3.347
88.051,-0.849,1.480,3.343
88.162,-0.867,1.481,3.333
88.273,-0.892,1.484,3.323
88.384,-0.921,1.497,3.316
88.495,-0.942,1.513,3.323
88.606,-0.957,1.522,3.344
88.717,-0.973,1.518,3.376
88.828,-0.992,1.506,3.420
88.939,-1.017,1.500,3.472
89.051,-1.053,1.497,3.529
89.162,-1.089,1.492,3.582
89.273,-1.123,1.487,3.629
89.384,-1.152,1.484,3.675
89.495,-1.180,1.473,3.721
89.606,-1.214,1.457,3.770
89.717,-1.254,1.448,3.821
89.829,-1.298,1.447,3.874
89.939,-1.331,1.441,3.928
90.051,-1.350,1.430,3.976
90.162,-1.360,1.417,4.012
90.274,-1.365,1.414,4.043
90.385,-1.370,1.416,4.075
90.496,-1.367,1.417,4.113
90.607,-1.348,1.415,4.156
90.718,-1.322,1.409,4.200
90.829,-1.297,1.398,4.237
90.940,-1.267,1.376,4.273
91.051,-1.240,1.338,4.307
91.163,-1.220,1.288,4.337
91.274,-1.208,1.222,4.367
91.385,-1.204,1.139,4.396
91.496,-1.202,1.052,4.421
91.607,-1.205,0.967,4.438
91.718,-1.210,0.903,4.448
91.830,-1.214,0.862,4.453
91.941,-1.215,0.850,4.456
92.052,-1.216,0.862,4.458
92.163,-1.218,0.897,4.465
92.274,-1.222,0.955,4.477
92.385,-1.236,1.039,4.493
92.496,-1.263,1.156,4.507
92.607,-1.311,1.282,4.508
92.718,-1.375,1.389,4.500
92.828,-1.447,1.461,4.487
92.940,-1.506,1.489,4.476
93.051,-1.543,1.501,4.482
93.162,-1.562,1.505,4.504
93.273,-1.566,1.496,4.546
93.384,-1.559,1.488,4.606
93.495,-1.535,1.486,4.685
93.606,-1.504,1.493,4.768
93.717,-1.479,1.499,4.849
93.828,-1.461,1.491,4.933
93.940,-1.447,1.470,5.022
94.050,-1.438,1.449,5.115
94.162,-1.432,1.437,5.212
94.273,-1.414,1.441,5.308
94.384,-1.386,1.440,5.389
94.496,-1.350,1.430,5.456
94.607,-1.303,1.409,5.511
94.718,-1.244,1.389,5.560
94.829,-1.181,1.374,5.604
94.940,-1.122,1.353,5.642
95.051,-1.070,1.317,5.674
95.163,-1.032,1.278,5.699
95.274,-1.006,1.241,5.719
95.385,-0.985,1.205,5.734
95.496,-0.968,1.177,5.746
95.607,-0.957,1.166,5.753
95.718,-0.951,1.169,5.758
95.829,-0.947,1.176,5.761
95.940,-0.947,1.196,5.767
96.051,-0.952,1.232,5.776
96.163,-0.969,1.280,5.783
96.274,-0.997,1.325,5.784
96.385,-1.032,1.356,5.778
96.496,-1.056,1.374,5.773
96.607,-1.069,1.380,5.770
96.719,-1.068,1.375,5.771
96.829,-1.057,1.367,5.772
96.941,-1.041,1.355,5.775
97.051,-1.020,1.336,5.778
97.163,-1.000,1.315,5.783
97.274,-0.985,1.299,5.790
97.385,-0.978,1.291,5.798
97.496,-0.981,1.296,5.811
97.607,-0.987,1.312,5.829
97.718,-0.999,1.329,5.852
97.829,-1.015,1.351,5.884
97.940,-1.039,1.379,5.934
98.052,-1.070,1.422,6.003
98.163,-1.109,1.459,6.078
98.274,-1.141,1.490,6.153
98.385,-1.171,1.517,6.221
98.496,-1.207,1.537,6.278
98.607,-1.252,1.547,6.322
98.718,-1.280,1.552,6.343
98.829,-1.327,1.555,6.360
98.940,-1.383,1.541,6.357
99.051,-1.421,1.518,6.337
99.162,-1.436,1.508,6.312
99.273,-1.439,1.496,6.294
99.384,-1.444,1.483,6.269
99.496,-1.449,1.469,6.245
99.606,-1.454,1.459,6.230
99.717,-1.462,1.451,6.221
99.829,-1.480,1.449,6.210
99.940,-1.503,1.448,6.193
100.051,-1.536,1.449,6.174
100.162,-1.580,1.446,6.162
100.273,-1.629,1.438,6.157
100.384,-1.681,1.422,6.159
100.496,-1.737,1.394,6.170
100.606,-1.797,1.355,6.185
100.717,-1.861,1.317,6.197
100.829,-1.915,1.275,6.206
100.940,-1.956,1.236,6.209
101.052,-1.982,1.205,6.209
101.163,-1.997,1.187,6.209
101.273,-2.007,1.184,6.210
101.385,-2.013,1.186,6.210
101.496,-2.015,1.188,6.211
101.607,-2.016,1.192,6.206
101.718,-2.011,1.203,6.194
101.829,-1.998,1.234,6.172
101.940,-1.970,1.287,6.142
102.051,-1.928,1.353,6.122
102.163,-1.876,1.422,6.117
102.274,-1.822,1.479,6.129
102.384,-1.763,1.509,6.143
102.496,-1.707,1.518,6.151
102.607,-1.670,1.533,6.154
102.718,-1.633,1.544,6.162
102.830,-1.607,1.551,6.172
102.941,-1.596,1.555,6.174
103.052,-1.591,1.553,6.169
103.163,-1.587,1.550,6.161
103.274,-1.577,1.540,6.156
103.385,-1.558,1.527,6.158
103.496,-1.535,1.516,6.170
103.607,-1.518,1.509,6.176
103.719,-1.500,1.508,6.179
103.830,-1.471,1.508,6.185
103.941,-1.425,1.506,6.192
104.052,-1.362,1.506,6.199
104.163,-1.285,1.505,6.206
104.274,-1.207,1.505,6.220
104.385,-1.142,1.503,6.236
104.497,-1.091,1.499,6.247
104.608,-1.052,1.490,6.255
104.719,-1.014,1.486,6.264
104.830,-0.974,1.488,6.275
104.941,-0.927,1.487,6.289
105.052,-0.873,1.475,6.299
105.163,-0.805,1.466,6.301
105.274,-0.723,1.471,6.297
105.385,-0.646,1.475,6.297
105.497,-0.580,1.477,6.301
105.608,-0.519,1.473,6.312
105.719,-0.456,1.460,6.330
105.830,-0.384,1.442,6.361
105.941,-0.291,1.422,6.407
106.052,-0.179,1.391,6.468
106.163,-0.059,1.344,6.532
106.274,0.042,1.281,6.580
106.385,0.116,1.213,6.613
106.496,0.170,1.152,6.634
106.607,0.205,1.102,6.648
106.718,0.230,1.061,6.658
106.829,0.248,1.029,6.668
106.940,0.256,1.012,6.677
107.051,0.262,1.008,6.682
107.163,0.263,1.014,6.687
107.274,0.259,1.031,6.687
107.385,0.250,1.074,6.684
107.496,0.234,1.143,6.674
107.607,0.206,1.222,6.652
107.718,0.180,1.314,6.607
107.831,0.127,1.397,6.537
107.942,0.052,1.460,6.473
108.052,-0.033,1.502,6.425
108.164,-0.115,1.530,6.396
108.274,-0.175,1.546,6.381
108.385,-0.225,1.546,6.365
108.496,-0.270,1.517,6.344
108.607,-0.304,1.491,6.322
108.718,-0.328,1.473,6.303
108.829,-0.350,1.464,6.288
108.940,-0.363,1.460,6.276
109.051,-0.366,1.454,6.265
109.162,-0.367,1.449,6.251
109.274,-0.372,1.444,6.236
109.385,-0.383,1.441,6.218
109.496,-0.401,1.439,6.195
109.607,-0.427,1.433,6.166
109.718,-0.454,1.421,6.138
109.829,-0.475,1.411,6.110
109.940,-0.493,1.400,6.082
110.052,-0.509,1.378,6.055
110.163,-0.517,1.345,6.027
110.273,-0.515,1.303,5.998
110.384,-0.504,1.251,5.968
110.496,-0.493,1.189,5.944
110.607,-0.485,1.120,5.925
110.718,-0.483,1.050,5.911
110.829,-0.484,0.989,5.902
110.940,-0.484,0.942,5.893
111.052,-0.482,0.908,5.887
111.163,-0.477,0.890,5.882
111.274,-0.474,0.889,5.880
111.385,-0.472,0.896,5.877
111.496,-0.469,0.912,5.875
111.607,-0.465,0.941,5.868
111.718,-0.450,1.005,5.849
111.829,-0.417,1.101,5.819
111.940,-0.371,1.203,5.796
112.051,-0.314,1.293,5.778
112.163,-0.260,1.369,5.771
112.274,-0.213,1.419,5.771
112.385,-0.180,1.449,5.758
112.496,-0.159,1.460,5.732
112.607,-0.156,1.464,5.684
112.718,-0.166,1.475,5.614
112.830,-0.183,1.493,5.534
112.941,-0.192,1.507,5.464
113.052,-0.194,1.519,5.406
113.164,-0.197,1.520,5.351
113.275,-0.210,1.501,5.285
113.386,-0.235,1.470,5.211
113.496,-0.256,1.450,5.136
113.607,-0.268,1.441,5.057
113.718,-0.273,1.438,4.974
113.829,-0.275,1.435,4.902
113.940,-0.281,1.431,4.853
114.051,-0.291,1.424,4.833
114.162,-0.299,1.412,4.823
114.274,-0.301,1.399,4.815
114.384,-0.296,1.398,4.791
114.496,-0.279,1.402,4.765
114.607,-0.267,1.408,4.749
114.718,-0.266,1.410,4.743
114.829,-0.270,1.408,4.739
114.941,-0.277,1.405,4.737
115.051,-0.279,1.405,4.732
115.163,-0.272,1.411,4.718
115.274,-0.258,1.418,4.708
115.385,-0.238,1.428,4.693
115.496,-0.207,1.436,4.679
115.607,-0.167,1.445,4.669
115.718,-0.110,1.460,4.667
115.831,-0.047,1.468,4.685
115.941,0.000,1.467,4.711
116.052,0.024,1.464,4.724
116.164,0.030,1.460,4.723
116.275,0.006,1.454,4.700
116.385,-0.048,1.447,4.677
116.497,-0.114,1.441,4.666
116.607,-0.183,1.432,4.656
116.718,-0.251,1.414,4.638
116.830,-0.325,1.388,4.608
116.940,-0.405,1.353,4.568
117.051,-0.473,1.300,4.524
117.162,-0.522,1.232,4.485
117.273,-0.556,1.157,4.454
117.384,-0.577,1.077,4.430
117.496,-0.586,1.003,4.412
117.607,-0.587,0.948,4.398
117.718,-0.583,0.911,4.386
117.829,-0.579,0.893,4.378
117.941,-0.576,0.886,4.374
118.051,-0.574,0.889,4.374
118.163,-0.575,0.902,4.375
118.274,-0.575,0.909,4.379
118.384,-0.575,0.912,4.382
118.496,-0.575,0.913,4.384
118.607,-0.576,0.915,4.384
118.719,-0.576,0.915,4.386
118.830,-0.577,0.920,4.388
118.940,-0.576,0.935,4.395
119.052,-0.571,0.972,4.416
119.163,-0.550,1.029,4.452
119.274,-0.510,1.100,4.506
119.385,-0.448,1.178,4.579
119.496,-0.375,1.252,4.642
119.606,-0.302,1.311,4.693
119.717,-0.233,1.354,4.726
119.829,-0.180,1.387,4.742
119.939,-0.140,1.411,4.744
120.051,-0.113,1.448,4.720
120.162,-0.072,1.490,4.691
120.273,-0.028,1.523,4.669
120.385,0.007,1.539,4.659
120.496,0.035,1.547,4.648
120.607,0.060,1.553,4.638
120.719,0.075,1.562,4.633
120.830,0.081,1.569,4.629
120.941,0.078,1.572,4.625
121.053,0.081,1.570,4.616
121.164,0.087,1.559,4.604
121.274,0.087,1.545,4.589
121.386,0.085,1.534,4.575
121.497,0.082,1.529,4.563
121.608,0.075,1.523,4.552
121.719,0.049,1.515,4.537
121.830,0.015,1.508,4.533
121.941,-0.005,1.503,4.533
122.052,-0.009,1.499,4.530
122.164,-0.002,1.504,4.526
122.274,0.018,1.524,4.523
122.386,0.029,1.532,4.528
122.498,0.027,1.535,4.532
122.608,0.021,1.536,4.536
122.719,0.009,1.537,4.543
122.830,-0.007,1.535,4.551
122.941,-0.026,1.534,4.553
123.052,-0.041,1.531,4.549
123.163,-0.057,1.531,4.541
123.274,-0.071,1.525,4.536
123.385,-0.081,1.521,4.528
123.496,-0.086,1.517,4.520
123.607,-0.091,1.511,4.512
123.718,-0.095,1.507,4.505
123.829,-0.099,1.501,4.502
123.940,-0.104,1.495,4.499
124.051,-0.109,1.490,4.503
124.162,-0.114,1.482,4.509
124.273,-0.117,1.473,4.516
124.384,-0.121,1.466,4.523
124.496,-0.129,1.459,4.537
124.607,-0.140,1.449,4.555
124.718,-0.147,1.443,4.572
124.829,-0.151,1.434,4.589
124.940,-0.158,1.425,4.607
125.051,-0.163,1.419,4.625
125.162,-0.165,1.415,4.636
125.273,-0.163,1.413,4.638
125.384,-0.161,1.413,4.637
125.495,-0.160,1.414,4.631
125.606,-0.157,1.416,4.616
125.717,-0.153,1.416,4.607
125.829,-0.151,1.415,4.601
125.940,-0.149,1.416,4.595
126.051,-0.145,1.417,4.590
126.162,-0.140,1.418,4.588
126.274,-0.134,1.419,4.585
126.384,-0.124,1.420,4.578
126.496,-0.114,1.422,4.572
126.607,-0.108,1.424,4.572
126.718,-0.105,1.425,4.573
126.829,-0.102,1.425,4.570
126.940,-0.101,1.425,4.559
127.051,-0.108,1.425,4.538
127.162,-0.127,1.425,4.507
127.274,-0.159,1.426,4.467
127.384,-0.206,1.433,4.420
127.496,-0.263,1.447,4.368
127.606,-0.318,1.460,4.316
127.718,-0.361,1.466,4.265
127.829,-0.391,1.476,4.212
127.940,-0.406,1.493,4.156
128.051,-0.416,1.507,4.097
128.163,-0.424,1.505,4.029
128.274,-0.432,1.501,3.942
128.385,-0.434,1.510,3.840
128.497,-0.433,1.528,3.734
128.608,-0.442,1.539,3.636
128.719,-0.464,1.544,3.543
128.830,-0.499,1.540,3.451
128.941,-0.547,1.531,3.357
129.052,-0.612,1.539,3.258
129.164,-0.680,1.556,3.156
129.274,-0.745,1.566,3.059
129.386,-0.808,1.566,2.970
129.497,-0.870,1.555,2.886
129.608,-0.926,1.549,2.803
129.719,-0.981,1.555,2.725
129.831,-1.036,1.560,2.658
129.941,-1.087,1.558,2.607
130.053,-1.134,1.550,2.571
130.164,-1.178,1.548,2.548
130.275,-1.218,1.547,2.532
130.386,-1.249,1.546,2.522
130.497,-1.269,1.544,2.515
130.608,-1.282,1.544,2.511
130.719,-1.288,1.543,2.507
130.830,-1.290,1.542,2.506
130.941,-1.289,1.541,2.509
131.053,-1.287,1.540,2.512
131.163,-1.283,1.540,2.514
131.274,-1.278,1.539,2.514
131.386,-1.266,1.538,2.514
131.497,-1.243,1.535,2.513
131.608,-1.199,1.534,2.518
131.720,-1.141,1.532,2.546
131.830,-1.085,1.532,2.586
131.941,-1.030,1.531,2.630
132.052,-0.973,1.527,2.680
132.164,-0.915,1.525,2.724
132.275,-0.859,1.524,2.754
132.386,-0.807,1.527,2.781
132.497,-0.759,1.547,2.813
132.608,-0.715,1.544,2.863
132.719,-0.674,1.528,2.920
132.830,-0.654,1.507,2.974
132.940,-0.650,1.493,3.014
133.051,-0.646,1.491,3.045
133.162,-0.647,1.486,3.068
133.272,-0.648,1.476,3.090
133.384,-0.650,1.465,3.121
133.495,-0.660,1.450,3.166
133.607,-0.680,1.430,3.223
133.718,-0.719,1.411,3.296
133.829,-0.772,1.395,3.386
133.940,-0.816,1.373,3.478
134.051,-0.844,1.335,3.552
134.162,-0.855,1.286,3.602
134.274,-0.854,1.245,3.629
134.385,-0.849,1.194,3.646
134.496,-0.846,1.104,3.646
134.607,-0.850,0.997,3.638
134.718,-0.856,0.902,3.620
134.829,-0.859,0.829,3.599
134.940,-0.859,0.776,3.577
135.051,-0.858,0.747,3.562
135.162,-0.853,0.744,3.558
135.273,-0.850,0.750,3.556
135.385,-0.853,0.751,3.553
135.496,-0.856,0.746,3.549
135.607,-0.860,0.747,3.547
135.718,-0.862,0.751,3.545
135.829,-0.864,0.750,3.544
135.940,-0.865,0.749,3.543
136.051,-0.866,0.750,3.543
136.162,-0.867,0.752,3.544
136.274,-0.866,0.750,3.544
136.384,-0.867,0.751,3.544
136.495,-0.873,0.766,3.546
136.607,-0.893,0.813,3.545
136.717,-0.914,0.906,3.547
136.829,-0.914,1.020,3.546
136.940,-0.903,1.136,3.531
137.050,-0.901,1.263,3.495
137.162,-0.902,1.388,3.445
137.273,-0.899,1.495,3.396
137.384,-0.892,1.569,3.354
137.495,-0.879,1.604,3.312
137.606,-0.874,1.611,3.276
137.717,-0.876,1.613,3.252
137.828,-0.877,1.617,3.231
137.940,-0.877,1.618,3.219
138.050,-0.878,1.619,3.214
138.161,-0.881,1.618,3.214
138.273,-0.888,1.613,3.232
138.384,-0.920,1.591,3.266
138.495,-0.956,1.560,3.273
138.606,-0.976,1.540,3.274
138.717,-0.988,1.520,3.280
138.828,-0.999,1.509,3.289
138.939,-1.009,1.506,3.293
139.051,-1.020,1.504,3.297
139.162,-1.044,1.500,3.301
139.273,-1.086,1.498,3.299
139.384,-1.147,1.495,3.289
139.496,-1.232,1.492,3.276
139.607,-1.330,1.492,3.261
139.718,-1.425,1.493,3.252
139.829,-1.513,1.486,3.249
139.940,-1.601,1.472,3.253
140.051,-1.691,1.455,3.264
140.162,-1.789,1.438,3.281
140.273,-1.897,1.432,3.303
140.384,-1.994,1.428,3.321
140.496,-2.075,1.416,3.335
140.606,-2.151,1.395,3.351
140.717,-2.224,1.362,3.367
140.828,-2.298,1.321,3.388
140.939,-2.361,1.269,3.417
141.050,-2.404,1.210,3.439
141.162,-2.423,1.151,3.451
141.273,-2.426,1.102,3.457
141.384,-2.427,1.068,3.463
141.495,-2.425,1.055,3.465
141.606,-2.425,1.055,3.464
141.718,-2.427,1.062,3.462
141.829,-2.426,1.081,3.461
141.940,-2.418,1.127,3.452
142.051,-2.395,1.203,3.444
142.162,-2.356,1.290,3.430
142.273,-2.305,1.371,3.408
142.384,-2.250,1.435,3.382
142.495,-2.192,1.477,3.356
142.606,-2.128,1.500,3.336
142.717,-2.059,1.504,3.321
142.828,-1.992,1.500,3.314
142.940,-1.924,1.493,3.320
143.051,-1.854,1.490,3.341
143.162,-1.790,1.489,3.364
143.273,-1.741,1.493,3.388
143.385,-1.704,1.494,3.409
143.496,-1.681,1.486,3.430
143.606,-1.673,1.488,3.462
143.717,-1.678,1.506,3.499
143.829,-1.685,1.521,3.538
143.940,-1.692,1.530,3.587
144.051,-1.695,1.539,3.648
144.162,-1.692,1.549,3.715
144.273,-1.684,1.553,3.775
144.384,-1.676,1.552,3.831
144.495,-1.663,1.546,3.888
144.606,-1.642,1.532,3.951
144.717,-1.613,1.516,4.023
144.828,-1.583,1.509,4.101
144.940,-1.555,1.511,4.183
145.050,-1.533,1.521,4.271
145.161,-1.522,1.519,4.350
145.273,-1.525,1.521,4.423
145.384,-1.533,1.517,4.494
145.495,-1.547,1.509,4.567
145.606,-1.568,1.504,4.642
145.717,-1.593,1.506,4.723
145.829,-1.614,1.518,4.807
145.939,-1.628,1.521,4.887
146.050,-1.630,1.521,4.964
146.162,-1.626,1.518,5.040
146.274,-1.616,1.508,5.119
146.384,-1.597,1.501,5.203
146.496,-1.570,1.510,5.291
146.606,-1.546,1.520,5.377
146.718,-1.530,1.520,5.451
146.829,-1.518,1.515,5.515
146.940,-1.513,1.507,5.577
147.051,-1.512,1.497,5.638
147.162,-1.518,1.488,5.701
147.273,-1.532,1.486,5.766
147.384,-1.549,1.494,5.831
147.495,-1.561,1.496,5.888
147.607,-1.566,1.496,5.937
147.718,-1.566,1.497,5.976
147.829,-1.563,1.496,6.004
147.940,-1.556,1.496,6.024
148.051,-1.544,1.498,6.037
148.162,-1.532,1.500,6.042
148.274,-1.521,1.503,6.041
148.385,-1.512,1.506,6.037
148.496,-1.505,1.506,6.034
148.607,-1.498,1.506,6.029
148.718,-1.491,1.508,6.023
148.830,-1.484,1.511,6.016
148.940,-1.479,1.513,6.008
149.052,-1.473,1.517,5.996
149.163,-1.468,1.521,5.978
149.274,-1.462,1.523,5.956
149.385,-1.457,1.525,5.931
149.497,-1.454,1.527,5.901
149.607,-1.452,1.528,5.870
149.719,-1.448,1.532,5.841
149.830,-1.445,1.536,5.814
149.941,-1.443,1.538,5.790
150.052,-1.441,1.540,5.769
150.163,-1.441,1.540,5.747
150.274,-1.443,1.539,5.727
150.385,-1.446,1.538,5.707
150.496,-1.452,1.537,5.691
150.608,-1.458,1.534,5.675
150.718,-1.465,1.524,5.656
150.830,-1.473,1.514,5.636
150.941,-1.482,1.505,5.618
151.051,-1.489,1.498,5.605
151.163,-1.490,1.488,5.596
151.274,-1.476,1.471,5.592
151.385,-1.455,1.460,5.593
151.496,-1.439,1.457,5.596
151.607,-1.430,1.456,5.596
151.718,-1.423,1.457,5.599
151.830,-1.417,1.457,5.601
151.941,-1.413,1.458,5.603
152.052,-1.408,1.459,5.602
152.163,-1.402,1.459,5.602
152.274,-1.397,1.459,5.601
152.385,-1.394,1.459,5.603
152.497,-1.387,1.458,5.613
152.608,-1.377,1.456,5.631
152.718,-1.369,1.456,5.652
152.830,-1.363,1.457,5.664
152.940,-1.363,1.458,5.667
153.051,-1.363,1.458,5.665
153.163,-1.366,1.458,5.663
153.274,-1.369,1.459,5.660
153.385,-1.372,1.460,5.659
153.497,-1.373,1.470,5.674
153.607,-1.381,1.492,5.720
153.719,-1.406,1.509,5.764
153.829,-1.433,1.525,5.787
153.940,-1.445,1.542,5.791
154.052,-1.454,1.566,5.786
154.163,-1.460,1.592,5.768
154.274,-1.464,1.606,5.746
154.385,-1.471,1.613,5.728
154.496,-1.476,1.616,5.717
154.607,-1.475,1.616,5.708
154.718,-1.474,1.615,5.710
154.829,-1.475,1.604,5.732
154.940,-1.481,1.588,5.758
155.051,-1.492,1.566,5.784
155.162,-1.512,1.544,5.813
155.273,-1.541,1.525,5.846
155.384,-1.577,1.516,5.888
155.496,-1.617,1.511,5.935
155.607,-1.654,1.503,5.977
155.717,-1.688,1.495,6.004
155.829,-1.714,1.491,6.016
155.940,-1.726,1.488,6.018
156.051,-1.723,1.490,6.016
156.163,-1.701,1.494,6.019
156.274,-1.667,1.501,6.027
156.384,-1.632,1.505,6.038
156.496,-1.603,1.505,6.045
156.606,-1.578,1.506,6.050
156.717,-1.557,1.511,6.055
156.829,-1.539,1.518,6.061
156.940,-1.527,1.519,6.065
157.051,-1.522,1.521,6.066
157.163,-1.522,1.521,6.063
157.274,-1.523,1.516,6.051
157.384,-1.519,1.510,6.030
157.496,-1.510,1.504,6.000
157.607,-1.503,1.499,5.963
157.718,-1.500,1.495,5.914
157.829,-1.497,1.495,5.852
157.940,-1.489,1.504,5.782
158.051,-1.478,1.519,5.716
158.163,-1.471,1.531,5.661
158.274,-1.470,1.539,5.613
158.385,-1.477,1.540,5.571
158.496,-1.490,1.539,5.526
158.607,-1.503,1.541,5.474
158.718,-1.521,1.551,5.422
158.830,-1.547,1.563,5.367
158.941,-1.576,1.576,5.304
159.052,-1.604,1.581,5.237
159.163,-1.623,1.581,5.170
159.274,-1.631,1.585,5.109
159.385,-1.636,1.592,5.054
159.496,-1.637,1.597,5.002
159.608,-1.627,1.596,4.949
159.718,-1.604,1.595,4.891
159.830,-1.574,1.597,4.829
159.941,-1.542,1.598,4.764
160.052,-1.516,1.601,4.702
160.163,-1.493,1.607,4.644
160.275,-1.474,1.603,4.585
160.386,-1.457,1.590,4.516
160.497,-1.446,1.574,4.440
160.608,-1.441,1.558,4.356
160.719,-1.432,1.540,4.267
160.830,-1.415,1.533,4.188
160.941,-1.395,1.537,4.129
161.052,-1.379,1.542,4.082
161.164,-1.368,1.542,4.038
161.274,-1.357,1.540,3.994
161.386,-1.338,1.535,3.957
161.497,-1.310,1.527,3.924
161.608,-1.283,1.522,3.889
161.719,-1.264,1.521,3.852
161.830,-1.247,1.522,3.817
161.941,-1.230,1.521,3.782
162.053,-1.216,1.519,3.747
162.164,-1.206,1.518,3.709
162.275,-1.200,1.522,3.670
162.386,-1.196,1.533,3.633
162.497,-1.195,1.545,3.602
162.608,-1.195,1.553,3.581
162.719,-1.195,1.558,3.565
162.831,-1.197,1.559,3.557
162.941,-1.196,1.556,3.555
163.052,-1.188,1.541,3.563
163.163,-1.184,1.518,3.577
163.274,-1.180,1.501,3.590
163.385,-1.183,1.486,3.599
163.496,-1.187,1.484,3.607
163.607,-1.186,1.483,3.607
163.718,-1.170,1.486,3.588
163.830,-1.159,1.494,3.561
163.941,-1.156,1.500,3.545
164.053,-1.156,1.503,3.540
164.164,-1.155,1.505,3.539
164.275,-1.155,1.506,3.540
164.386,-1.154,1.508,3.540
164.497,-1.153,1.508,3.539
164.608,-1.152,1.508,3.536
164.719,-1.150,1.510,3.527
164.830,-1.143,1.511,3.512
164.941,-1.129,1.506,3.490
165.053,-1.106,1.497,3.468
165.164,-1.073,1.492,3.454
165.275,-1.029,1.483,3.448
165.386,-0.972,1.469,3.451
165.497,-0.902,1.459,3.461
165.609,-0.819,1.465,3.480
165.719,-0.728,1.482,3.505
165.830,-0.645,1.493,3.522
165.942,-0.572,1.499,3.531
166.053,-0.506,1.497,3.534
166.164,-0.442,1.491,3.533
166.275,-0.375,1.483,3.526
166.386,-0.302,1.474,3.510
166.497,-0.219,1.468,3.487
166.608,-0.129,1.471,3.466
166.719,-0.048,1.469,3.450
166.830,0.024,1.461,3.447
166.941,0.090,1.447,3.460
167.053,0.149,1.430,3.486
167.163,0.208,1.410,3.518
167.274,0.261,1.385,3.542
167.385,0.306,1.351,3.558
167.496,0.342,1.314,3.565
167.608,0.373,1.272,3.573
167.718,0.395,1.229,3.580
167.830,0.412,1.189,3.588
167.941,0.423,1.163,3.595
168.052,0.429,1.151,3.602
168.163,0.433,1.142,3.609
168.274,0.436,1.132,3.617
168.385,0.437,1.125,3.623
168.496,0.436,1.123,3.628
168.607,0.433,1.124,3.631
168.718,0.429,1.125,3.633
168.829,0.424,1.131,3.635
168.941,0.415,1.150,3.638
169.052,0.400,1.188,3.644
169.163,0.369,1.245,3.653
169.274,0.324,1.309,3.655
169.384,0.268,1.366,3.650
169.496,0.213,1.408,3.640
169.606,0.165,1.434,3.627
169.717,0.128,1.446,3.614
169.829,0.110,1.458,3.607
169.940,0.107,1.470,3.602
170.051,0.109,1.481,3.598
170.162,0.108,1.495,3.595
170.273,0.126,1.500,3.594
170.384,0.152,1.495,3.593
170.496,0.174,1.489,3.592
170.607,0.184,1.487,3.592
170.718,0.187,1.487,3.593
170.829,0.189,1.487,3.595
170.940,0.188,1.487,3.596
171.051,0.183,1.489,3.592
171.163,0.180,1.491,3.580
171.273,0.180,1.487,3.564
171.384,0.179,1.472,3.561
171.496,0.168,1.456,3.559
171.607,0.145,1.450,3.559
171.718,0.113,1.450,3.567
171.829,0.073,1.445,3.579
171.940,0.021,1.444,3.598
172.051,-0.044,1.448,3.623
172.163,-0.110,1.453,3.651
172.273,-0.163,1.461,3.679
172.384,-0.202,1.463,3.708
172.496,-0.224,1.464,3.741
172.607,-0.231,1.466,3.782
172.717,-0.230,1.466,3.833
172.829,-0.226,1.463,3.899
172.940,-0.212,1.466,3.981
173.051,-0.193,1.478,4.067
173.163,-0.177,1.483,4.140
173.274,-0.167,1.485,4.201
173.385,-0.155,1.484,4.258
173.496,-0.139,1.476,4.316
173.607,-0.120,1.464,4.378
173.718,-0.101,1.457,4.449
173.830,-0.080,1.459,4.527
173.941,-0.053,1.456,4.593
174.052,-0.018,1.450,4.639
174.164,0.019,1.445,4.670
174.275,0.061,1.438,4.688
174.386,0.111,1.432,4.699
174.497,0.176,1.423,4.706
174.608,0.245,1.406,4.707
174.719,0.307,1.381,4.705
174.830,0.358,1.351,4.702
174.941,0.400,1.319,4.701
175.052,0.431,1.282,4.704
175.164,0.456,1.243,4.711
175.274,0.475,1.210,4.721
175.386,0.487,1.196,4.736
175.497,0.491,1.202,4.758
175.608,0.487,1.224,4.790
175.719,0.474,1.253,4.837
175.831,0.452,1.285,4.904
175.941,0.430,1.313,4.982
176.052,0.417,1.327,5.058
176.164,0.412,1.323,5.122
176.275,0.416,1.309,5.166
176.385,0.427,1.286,5.190
176.497,0.439,1.256,5.202
176.608,0.453,1.226,5.209
176.719,0.465,1.205,5.215
176.830,0.473,1.192,5.218
176.941,0.477,1.189,5.222
177.052,0.478,1.196,5.227
177.164,0.470,1.216,5.236
177.275,0.455,1.249,5.249
177.386,0.428,1.287,5.266
177.497,0.391,1.328,5.279
177.607,0.341,1.366,5.283
177.718,0.284,1.399,5.273
177.829,0.228,1.423,5.247
177.940,0.180,1.442,5.215
178.051,0.139,1.452,5.182
178.162,0.107,1.459,5.151
178.273,0.091,1.465,5.126
178.384,0.090,1.475,5.105
178.495,0.095,1.484,5.085
178.606,0.104,1.491,5.070
178.718,0.118,1.497,5.057
178.829,0.131,1.499,5.046
178.940,0.140,1.497,5.040
179.051,0.144,1.495,5.037
179.163,0.146,1.495,5.035
179.274,0.148,1.494,5.033
179.384,0.150,1.491,5.032
179.496,0.151,1.487,5.035
179.607,0.154,1.481,5.042
179.718,0.151,1.477,5.049
179.829,0.140,1.477,5.057
179.940,0.122,1.479,5.069
180.051,0.094,1.483,5.086
180.163,0.054,1.486,5.113
180.274,0.006,1.489,5.151
180.384,-0.054,1.498,5.200
180.495,-0.119,1.514,5.246
180.607,-0.180,1.536,5.280
180.718,-0.226,1.558,5.300
180.829,-0.255,1.578,5.313
180.940,-0.275,1.592,5.323
181.051,-0.294,1.600,5.339
181.162,-0.313,1.601,5.364
181.273,-0.330,1.600,5.398
181.384,-0.350,1.592,5.436
181.495,-0.377,1.576,5.467
181.606,-0.399,1.561,5.488
181.717,-0.414,1.548,5.499
181.829,-0.422,1.544,5.500
181.940,-0.421,1.542,5.494
182.051,-0.415,1.542,5.482
182.163,-0.410,1.541,5.472
182.273,-0.409,1.540,5.464
182.385,-0.409,1.541,5.456
182.495,-0.408,1.542,5.451
182.607,-0.410,1.542,5.446
182.718,-0.414,1.543,5.445
182.829,-0.419,1.542,5.445
182.940,-0.422,1.542,5.446
183.051,-0.425,1.543,5.449
183.163,-0.429,1.542,5.449
183.273,-0.431,1.542,5.448
183.384,-0.430,1.545,5.444
183.496,-0.427,1.547,5.441
183.607,-0.426,1.545,5.437
183.718,-0.424,1.541,5.432
183.829,-0.423,1.543,5.431
183.940,-0.422,1.544,5.432
184.051,-0.423,1.538,5.435
184.191,-0.424,1.538,5.443
184.291,-0.424,1.547,5.455
184.402,-0.424,1.546,5.462
184.513,-0.425,1.539,5.468
184.624,-0.423,1.538,5.472
184.730,-0.421,1.542,5.475
184.842,-0.419,1.546,5.480
184.953,-0.416,1.547,5.486
185.064,-0.415,1.545,5.492
185.174,-0.413,1.540,5.498
185.286,-0.411,1.540,5.503
185.397,-0.409,1.541,5.506
185.508,-0.407,1.545,5.510
185.619,-0.404,1.546,5.515
185.731,-0.402,1.545,5.521
185.842,-0.400,1.544,5.526
185.953,-0.398,1.545,5.530
186.064,-0.397,1.544,5.532
186.175,-0.393,1.545,5.536
186.286,-0.389,1.541,5.540
186.397,-0.385,1.535,5.543
186.508,-0.382,1.533,5.545
186.619,-0.382,1.532,5.545
186.731,-0.377,1.529,5.548
186.842,-0.367,1.522,5.552
186.953,-0.356,1.515,5.554
187.064,-0.347,1.513,5.554
187.176,-0.339,1.512,5.553
187.287,-0.327,1.512,5.553
187.398,-0.306,1.509,5.552
187.509,-0.288,1.507,5.549
187.620,-0.276,1.505,5.546
187.732,-0.269,1.503,5.544
187.843,-0.266,1.503,5.544
187.954,-0.265,1.503,5.546
188.065,-0.264,1.503,5.549
188.176,-0.264,1.503,5.552
188.288,-0.264,1.507,5.557
188.398,-0.272,1.513,5.565
188.510,-0.294,1.517,5.576
188.620,-0.333,1.516,5.586
188.731,-0.380,1.514,5.583
188.842,-0.426,1.515,5.554
188.953,-0.448,1.515,5.503
189.065,-0.426,1.510,5.447
189.176,-0.368,1.501,5.417
189.288,-0.303,1.490,5.420
189.399,-0.247,1.477,5.442
189.511,-0.205,1.462,5.475
189.622,-0.183,1.447,5.515
189.733,-0.179,1.440,5.549
189.844,-0.190,1.438,5.566
189.955,-0.204,1.447,5.565
190.066,-0.219,1.457,5.552
190.177,-0.233,1.470,5.534
190.288,-0.249,1.482,5.508
190.399,-0.270,1.498,5.468
190.511,-0.291,1.508,5.414
190.622,-0.308,1.519,5.343
190.733,-0.321,1.527,5.274
190.844,-0.332,1.528,5.224
190.954,-0.346,1.525,5.195
191.066,-0.359,1.519,5.182
191.177,-0.378,1.519,5.179
191.288,-0.418,1.514,5.178
191.399,-0.465,1.498,5.185
191.510,-0.493,1.493,5.190
191.621,-0.504,1.489,5.190
191.732,-0.512,1.483,5.188
191.843,-0.519,1.480,5.185
191.954,-0.523,1.477,5.182
192.065,-0.533,1.467,5.181
192.177,-0.547,1.447,5.182
192.288,-0.561,1.424,5.184
192.398,-0.573,1.401,5.190
192.510,-0.581,1.384,5.199
192.621,-0.582,1.374,5.216
192.732,-0.575,1.368,5.244
192.843,-0.562,1.368,5.284
192.954,-0.545,1.375,5.333
193.065,-0.526,1.385,5.386
193.176,-0.510,1.394,5.434
193.287,-0.496,1.402,5.472
193.398,-0.487,1.405,5.500
193.509,-0.479,1.408,5.521
193.620,-0.470,1.408,5.535
193.732,-0.463,1.407,5.540
193.843,-0.458,1.406,5.536
193.954,-0.455,1.406,5.533
194.065,-0.452,1.405,5.532
194.176,-0.450,1.404,5.531
194.287,-0.448,1.402,5.533
194.399,-0.447,1.401,5.535
194.510,-0.445,1.400,5.538
194.621,-0.444,1.399,5.540
194.732,-0.446,1.394,5.542
194.843,-0.453,1.384,5.545
194.954,-0.465,1.368,5.547
195.065,-0.478,1.347,5.548
195.176,-0.494,1.317,5.545
195.288,-0.511,1.277,5.540
195.399,-0.530,1.224,5.534
195.510,-0.552,1.163,5.524
195.621,-0.566,1.097,5.510
195.732,-0.571,1.033,5.496
195.843,-0.577,0.978,5.487
195.954,-0.582,0.929,5.484
196.066,-0.585,0.894,5.482
196.176,-0.587,0.880,5.483
196.288,-0.589,0.877,5.483
196.399,-0.592,0.881,5.483
196.510,-0.593,0.887,5.484
196.621,-0.596,0.903,5.484
196.732,-0.601,0.937,5.485
196.843,-0.607,0.991,5.485
196.954,-0.609,1.058,5.482
197.065,-0.602,1.137,5.474
197.177,-0.581,1.217,5.458
197.288,-0.550,1.289,5.421
197.399,-0.507,1.352,5.373
197.510,-0.457,1.403,5.330
197.621,-0.408,1.443,5.287
197.732,-0.354,1.475,5.235
197.843,-0.294,1.498,5.178
197.954,-0.235,1.521,5.120
198.066,-0.186,1.538,5.065
198.177,-0.163,1.554,5.012
198.288,-0.157,1.563,4.962
198.399,-0.160,1.562,4.912
198.510,-0.168,1.556,4.857
198.622,-0.187,1.552,4.797
198.733,-0.212,1.546,4.731
198.844,-0.235,1.545,4.660
198.955,-0.252,1.543,4.593
199.066,-0.268,1.540,4.527
199.178,-0.284,1.532,4.461
199.288,-0.310,1.522,4.385
199.399,-0.340,1.525,4.310
199.510,-0.351,1.536,4.235
199.622,-0.351,1.544,4.151
199.733,-0.350,1.551,4.064
199.844,-0.354,1.554,3.981
199.956,-0.368,1.552,3.904
200.066,-0.391,1.547,3.831
200.177,-0.418,1.547,3.767
200.288,-0.450,1.559,3.708
200.399,-0.483,1.560,3.651
200.510,-0.505,1.566,3.598
200.622,-0.520,1.570,3.555
200.732,-0.530,1.570,3.520
200.844,-0.535,1.571,3.492
200.955,-0.539,1.571,3.470
201.066,-0.541,1.572,3.452
201.177,-0.542,1.572,3.442
201.288,-0.540,1.570,3.432
201.399,-0.532,1.565,3.423
201.511,-0.516,1.561,3.412
201.622,-0.482,1.550,3.402
201.733,-0.441,1.537,3.405
201.845,-0.407,1.524,3.420
201.955,-0.388,1.517,3.437
202.066,-0.382,1.514,3.447
202.178,-0.382,1.514,3.451
202.289,-0.389,1.518,3.446
202.399,-0.409,1.542,3.432
202.511,-0.444,1.573,3.429
202.622,-0.477,1.587,3.439
202.733,-0.494,1.588,3.446
202.845,-0.510,1.584,3.449
202.956,-0.528,1.579,3.453
203.066,-0.538,1.576,3.457
203.178,-0.543,1.577,3.455
203.289,-0.545,1.577,3.450
203.399,-0.547,1.578,3.444
203.511,-0.547,1.575,3.438
203.622,-0.548,1.573,3.432
203.733,-0.549,1.572,3.426
203.844,-0.551,1.571,3.422
203.955,-0.552,1.571,3.419
204.066,-0.552,1.571,3.416
204.177,-0.542,1.569,3.409
204.288,-0.521,1.567,3.402
204.399,-0.496,1.567,3.401
204.511,-0.476,1.567,3.406
204.622,-0.466,1.567,3.413
204.733,-0.462,1.565,3.418
204.844,-0.461,1.564,3.422
204.955,-0.467,1.560,3.426
205.066,-0.483,1.556,3.426
205.177,-0.511,1.553,3.425
205.288,-0.540,1.551,3.425
205.400,-0.567,1.547,3.422
205.511,-0.591,1.548,3.413
205.622,-0.614,1.547,3.395
205.733,-0.637,1.546,3.370
205.844,-0.662,1.545,3.341
205.956,-0.688,1.548,3.307
206.066,-0.716,1.555,3.266
206.178,-0.746,1.560,3.226
206.289,-0.779,1.558,3.191
206.399,-0.815,1.557,3.165
206.511,-0.855,1.556,3.149
206.622,-0.900,1.552,3.138
206.733,-0.951,1.546,3.134
206.844,-1.009,1.539,3.138
206.955,-1.073,1.539,3.144
207.066,-1.134,1.542,3.149
207.178,-1.188,1.540,3.149
207.289,-1.229,1.537,3.144
207.400,-1.259,1.536,3.135
207.511,-1.278,1.535,3.117
207.622,-1.288,1.529,3.093
207.733,-1.290,1.528,3.059
207.845,-1.290,1.525,3.028
207.956,-1.291,1.523,3.002
208.066,-1.293,1.524,2.984
208.178,-1.298,1.521,2.973
208.289,-1.305,1.522,2.965
208.399,-1.313,1.523,2.959
208.511,-1.319,1.524,2.954
208.622,-1.323,1.525,2.949
208.733,-1.326,1.524,2.946
208.844,-1.328,1.524,2.945
208.955,-1.329,1.524,2.944
209.066,-1.329,1.523,2.944
209.177,-1.330,1.524,2.944
209.289,-1.330,1.524,2.944
209.400,-1.330,1.523,2.944
209.511,-1.328,1.524,2.943
209.622,-1.326,1.523,2.943
209.733,-1.324,1.523,2.943
209.845,-1.322,1.523,2.944
209.955,-1.321,1.523,2.944
210.066,-1.321,1.523,2.945
210.178,-1.321,1.523,2.946
210.289,-1.321,1.522,2.946
210.400,-1.321,1.522,2.946
210.511,-1.321,1.521,2.946
210.623,-1.322,1.521,2.946
210.733,-1.322,1.521,2.946
210.844,-1.321,1.521,2.946
210.957,-1.321,1.522,2.946
211.066,-1.320,1.522,2.945
211.178,-1.320,1.522,2.945
211.289,-1.317,1.524,2.945
211.400,-1.301,1.536,2.948
211.511,-1.280,1.551,2.959
211.623,-1.265,1.561,2.973
211.733,-1.258,1.563,2.983
211.844,-1.255,1.563,2.986
211.955,-1.254,1.563,2.986
212.066,-1.254,1.563,2.983
212.178,-1.254,1.563,2.981
212.289,-1.254,1.563,2.977
212.400,-1.254,1.563,2.975
212.511,-1.255,1.563,2.973
212.622,-1.256,1.563,2.972
212.733,-1.258,1.563,2.970
212.844,-1.261,1.563,2.968
212.955,-1.262,1.563,2.967
213.066,-1.263,1.564,2.967
213.178,-1.265,1.564,2.966
213.288,-1.266,1.564,2.967
213.399,-1.266,1.564,2.968
213.511,-1.266,1.563,2.968
213.622,-1.266,1.563,2.967
213.733,-1.265,1.563,2.966
213.844,-1.263,1.562,2.965
213.955,-1.253,1.559,2.968
214.066,-1.237,1.553,2.978
214.178,-1.219,1.546,3.001
214.288,-1.207,1.539,3.033
214.399,-1.208,1.535,3.073
214.511,-1.220,1.535,3.109
214.622,-1.241,1.535,3.139
214.733,-1.264,1.533,3.163
214.843,-1.281,1.532,3.178
214.954,-1.287,1.533,3.184
215.065,-1.283,1.533,3.187
215.176,-1.278,1.533,3.188
215.287,-1.271,1.532,3.186
215.398,-1.253,1.535,3.179
215.510,-1.225,1.538,3.158
215.621,-1.195,1.542,3.116
215.733,-1.186,1.548,3.062
215.844,-1.199,1.554,3.015
215.955,-1.213,1.552,2.986
216.066,-1.218,1.547,2.970
216.178,-1.216,1.541,2.962
216.289,-1.212,1.540,2.959
216.399,-1.208,1.541,2.959
216.511,-1.203,1.540,2.961
216.622,-1.201,1.539,2.965
216.733,-1.201,1.539,2.968
216.844,-1.204,1.538,2.967
216.955,-1.217,1.535,2.960
217.066,-1.241,1.530,2.951
217.178,-1.271,1.529,2.947
217.288,-1.298,1.527,2.949
217.399,-1.314,1.527,2.950
217.511,-1.322,1.527,2.948
217.622,-1.325,1.527,2.945
217.733,-1.327,1.528,2.943
217.844,-1.327,1.528,2.943
217.955,-1.326,1.529,2.943
218.066,-1.326,1.530,2.943
218.177,-1.325,1.529,2.943
218.288,-1.324,1.528,2.944
218.399,-1.322,1.528,2.947
218.511,-1.319,1.527,2.949
218.622,-1.311,1.525,2.948
218.733,-1.301,1.519,2.946
218.844,-1.292,1.515,2.943
218.955,-1.285,1.511,2.941
219.067,-1.278,1.506,2.938
219.178,-1.270,1.497,2.934
219.289,-1.261,1.484,2.935
219.399,-1.254,1.478,2.935
219.509,-1.250,1.476,2.936
219.619,-1.248,1.475,2.935
219.731,-1.247,1.473,2.935
219.842,-1.248,1.473,2.934
219.953,-1.249,1.474,2.934
220.065,-1.252,1.474,2.933
220.176,-1.256,1.473,2.933
220.287,-1.262,1.473,2.933
220.398,-1.265,1.473,2.934
220.509,-1.265,1.473,2.935
220.620,-1.260,1.472,2.936
220.732,-1.254,1.472,2.938
220.843,-1.252,1.473,2.938
220.954,-1.253,1.474,2.937
221.065,-1.253,1.474,2.936
221.176,-1.254,1.475,2.935
221.287,-1.257,1.475,2.933
221.398,-1.262,1.480,2.930
221.510,-1.283,1.503,2.928
221.620,-1.311,1.523,2.934
221.731,-1.333,1.530,2.940
221.843,-1.351,1.532,2.935
221.956,-1.371,1.532,2.922
222.065,-1.395,1.531,2.908
222.176,-1.422,1.535,2.890
222.287,-1.450,1.538,2.869
222.399,-1.475,1.541,2.850
222.510,-1.498,1.542,2.833
222.621,-1.518,1.545,2.817
222.732,-1.538,1.547,2.799
222.843,-1.556,1.548,2.782
222.956,-1.568,1.547,2.770
223.066,-1.572,1.546,2.766
223.177,-1.563,1.547,2.770
223.288,-1.533,1.543,2.783
223.399,-1.486,1.539,2.811
223.510,-1.433,1.536,2.849
223.621,-1.379,1.529,2.889
223.732,-1.336,1.526,2.923
223.844,-1.309,1.532,2.951
223.954,-1.297,1.539,2.974
224.066,-1.298,1.541,2.993
224.177,-1.308,1.540,3.006
224.288,-1.326,1.542,3.010
224.399,-1.349,1.543,3.011
224.511,-1.370,1.543,3.008
224.622,-1.387,1.544,3.005
224.733,-1.400,1.543,3.003
224.844,-1.409,1.544,3.000
224.955,-1.416,1.546,2.999
225.066,-1.419,1.548,3.000
225.177,-1.422,1.547,3.001
225.288,-1.416,1.547,3.001
225.399,-1.399,1.546,3.002
225.511,-1.385,1.546,3.005
225.622,-1.378,1.545,3.007
225.733,-1.375,1.544,3.007
225.844,-1.375,1.544,3.006
225.955,-1.377,1.543,3.006
226.066,-1.380,1.543,3.005
226.177,-1.385,1.542,3.004
226.289,-1.390,1.542,3.004
226.400,-1.396,1.544,3.004
226.511,-1.403,1.544,3.005
226.622,-1.408,1.543,3.004
226.733,-1.410,1.543,3.002
226.844,-1.407,1.544,3.002
226.955,-1.401,1.546,3.001
227.066,-1.394,1.546,3.002
227.178,-1.388,1.546,3.002
227.289,-1.387,1.546,3.002
227.400,-1.388,1.547,3.005
227.511,-1.391,1.549,3.007
227.622,-1.397,1.551,3.006
227.733,-1.403,1.547,3.004
227.844,-1.408,1.545,3.004
227.955,-1.414,1.547,3.002
228.066,-1.420,1.548,2.997
228.178,-1.425,1.546,2.993
228.289,-1.428,1.546,2.990
228.400,-1.429,1.550,2.985
228.511,-1.428,1.547,2.982
228.622,-1.421,1.545,2.980
228.733,-1.409,1.545,2.980
228.844,-1.400,1.543,2.982
228.955,-1.396,1.543,2.984
229.066,-1.395,1.545,2.984
229.178,-1.395,1.543,2.985
229.289,-1.396,1.542,2.985
229.400,-1.399,1.542,2.985
229.511,-1.402,1.544,2.985
229.622,-1.405,1.543,2.984
229.733,-1.407,1.542,2.983
229.844,-1.409,1.542,2.982
229.955,-1.411,1.546,2.980
230.066,-1.413,1.546,2.978
230.178,-1.416,1.542,2.977
230.289,-1.417,1.542,2.975
230.400,-1.418,1.540,2.974
230.511,-1.418,1.545,2.974
230.622,-1.414,1.547,2.973
230.733,-1.405,1.545,2.973
230.844,-1.397,1.548,2.974
230.955,-1.392,1.547,2.975
231.066,-1.388,1.543,2.976
231.177,-1.386,1.543,2.977
231.289,-1.386,1.545,2.979
231.399,-1.387,1.549,2.981
231.511,-1.388,1.545,2.982
231.622,-1.390,1.549,2.986
231.733,-1.393,1.560,2.993
231.844,-1.398,1.568,3.004
231.955,-1.404,1.574,3.012
232.066,-1.410,1.573,3.017
232.178,-1.421,1.568,3.019
232.289,-1.437,1.560,3.021
232.399,-1.448,1.553,3.024
232.511,-1.453,1.551,3.027
232.622,-1.457,1.550,3.032
232.733,-1.459,1.550,3.037
232.844,-1.459,1.550,3.042
232.955,-1.458,1.550,3.047
233.066,-1.456,1.550,3.050
233.178,-1.449,1.551,3.053
233.288,-1.432,1.555,3.059
233.400,-1.418,1.557,3.068
233.511,-1.409,1.556,3.078
233.622,-1.403,1.555,3.088
233.733,-1.396,1.556,3.097
233.844,-1.391,1.558,3.104
233.955,-1.387,1.558,3.106
234.066,-1.386,1.557,3.106
234.177,-1.385,1.557,3.105
234.289,-1.383,1.556,3.101
234.399,-1.378,1.555,3.096
234.511,-1.365,1.551,3.090
234.622,-1.352,1.549,3.086
234.733,-1.347,1.548,3.080
234.844,-1.345,1.551,3.075
234.955,-1.338,1.556,3.076
235.066,-1.333,1.562,3.084
235.178,-1.341,1.566,3.096
235.289,-1.352,1.569,3.112
235.400,-1.364,1.572,3.131
235.511,-1.375,1.571,3.144
235.622,-1.383,1.571,3.153
235.733,-1.389,1.572,3.158
235.844,-1.391,1.574,3.160
235.956,-1.389,1.574,3.161
236.067,-1.385,1.574,3.161
236.178,-1.381,1.576,3.156
236.289,-1.385,1.579,3.141
236.400,-1.405,1.580,3.113
236.511,-1.432,1.572,3.088
236.622,-1.445,1.560,3.072
236.733,-1.449,1.551,3.061
236.844,-1.448,1.552,3.056
236.955,-1.445,1.555,3.053
237.066,-1.440,1.557,3.053
237.177,-1.432,1.558,3.053
237.288,-1.426,1.556,3.052
237.400,-1.423,1.556,3.052
237.511,-1.418,1.556,3.051
237.622,-1.407,1.557,3.050
237.733,-1.396,1.561,3.053
237.844,-1.384,1.569,3.059
237.955,-1.373,1.582,3.072
238.067,-1.371,1.586,3.079
238.178,-1.373,1.585,3.078
238.289,-1.386,1.572,3.067
238.399,-1.401,1.558,3.054
238.511,-1.408,1.552,3.047
238.622,-1.411,1.552,3.043
238.733,-1.412,1.553,3.041
238.844,-1.410,1.555,3.041
238.955,-1.399,1.574,3.048
239.066,-1.385,1.587,3.063
239.178,-1.377,1.592,3.073
239.289,-1.376,1.592,3.078
239.400,-1.376,1.591,3.080
239.511,-1.377,1.590,3.081
239.622,-1.378,1.591,3.084
239.733,-1.384,1.587,3.082
239.845,-1.401,1.574,3.069
239.955,-1.413,1.561,3.059
240.066,-1.418,1.556,3.054
240.178,-1.416,1.556,3.052
240.289,-1.413,1.555,3.052
240.399,-1.414,1.556,3.053
240.511,-1.413,1.557,3.054
240.621,-1.414,1.557,3.056
240.732,-1.411,1.563,3.058
240.844,-1.400,1.580,3.067
240.955,-1.390,1.591,3.080
241.066,-1.385,1.595,3.088
241.177,-1.383,1.596,3.092
241.289,-1.383,1.595,3.092
241.400,-1.384,1.593,3.091
241.511,-1.386,1.594,3.092
241.622,-1.387,1.594,3.093
241.733,-1.389,1.595,3.095
241.844,-1.389,1.595,3.095
241.956,-1.390,1.595,3.097
242.067,-1.391,1.597,3.100
242.178,-1.393,1.595,3.098
242.289,-1.395,1.597,3.100
242.400,-1.399,1.594,3.097
242.511,-1.412,1.581,3.084
242.622,-1.423,1.568,3.076
242.732,-1.427,1.566,3.073
242.844,-1.426,1.567,3.075
242.956,-1.418,1.569,3.077
243.066,-1.407,1.573,3.083
243.177,-1.404,1.571,3.087
243.288,-1.406,1.570,3.089
243.399,-1.407,1.568,3.090
243.510,-1.406,1.571,3.091
243.621,-1.405,1.571,3.092
243.733,-1.406,1.570,3.092
243.844,-1.404,1.575,3.098
243.955,-1.402,1.575,3.104
244.066,-1.397,1.563,3.099
244.203,-1.382,1.542,3.082
244.314,-1.372,1.538,3.065
244.426,-1.361,1.541,3.051
244.537,-1.348,1.555,3.041
244.648,-1.330,1.563,3.034
244.761,-1.313,1.567,3.025
244.871,-1.298,1.569,3.010
244.982,-1.293,1.574,2.983
245.094,-1.298,1.579,2.947
245.205,-1.315,1.584,2.904
245.316,-1.337,1.593,2.859
245.427,-1.357,1.595,2.814
245.539,-1.371,1.595,2.777
245.649,-1.375,1.593,2.747
245.761,-1.371,1.588,2.726
245.871,-1.356,1.585,2.716
245.983,-1.339,1.577,2.717
246.094,-1.320,1.560,2.722
246.205,-1.301,1.543,2.730
246.316,-1.289,1.524,2.738
246.428,-1.285,1.503,2.752
246.538,-1.285,1.489,2.773
246.648,-1.288,1.484,2.796
246.760,-1.294,1.485,2.818
246.870,-1.309,1.488,2.839
246.981,-1.334,1.489,2.860
247.092,-1.370,1.487,2.883
247.204,-1.417,1.485,2.911
247.315,-1.476,1.484,2.945
247.426,-1.541,1.483,2.981
247.539,-1.610,1.481,3.014
247.648,-1.678,1.472,3.040
247.759,-1.745,1.456,3.060
247.871,-1.820,1.439,3.075
247.982,-1.906,1.433,3.088
248.093,-1.996,1.442,3.104
248.204,-2.071,1.444,3.127
248.315,-2.129,1.441,3.153
248.426,-2.177,1.434,3.183
248.537,-2.217,1.421,3.213
248.648,-2.250,1.411,3.240
248.760,-2.277,1.407,3.262
248.870,-2.296,1.402,3.277
248.981,-2.308,1.397,3.287
249.093,-2.315,1.394,3.292
249.204,-2.315,1.391,3.293
249.315,-2.312,1.389,3.290
249.426,-2.307,1.388,3.287
249.537,-2.301,1.390,3.287
249.648,-2.296,1.392,3.288
249.760,-2.292,1.394,3.289
249.871,-2.288,1.396,3.289
249.982,-2.282,1.400,3.288
250.093,-2.268,1.418,3.286
250.203,-2.240,1.452,3.280
250.314,-2.200,1.483,3.264
250.425,-2.148,1.508,3.245
250.537,-2.094,1.520,3.217
250.649,-2.060,1.524,3.193
250.761,-2.044,1.526,3.187
250.871,-2.022,1.523,3.191
250.982,-1.981,1.522,3.193
251.094,-1.920,1.521,3.187
251.205,-1.855,1.521,3.178
251.316,-1.788,1.527,3.163
251.427,-1.731,1.530,3.144
251.538,-1.688,1.532,3.122
251.649,-1.657,1.533,3.103
251.761,-1.637,1.535,3.088
251.871,-1.612,1.538,3.085
251.983,-1.581,1.537,3.106
252.095,-1.564,1.531,3.150
252.205,-1.564,1.523,3.179
252.316,-1.567,1.519,3.197
252.427,-1.567,1.519,3.215
252.538,-1.575,1.520,3.239
252.649,-1.595,1.529,3.268
252.760,-1.627,1.541,3.296
252.870,-1.677,1.542,3.320
252.981,-1.737,1.510,3.332
253.092,-1.782,1.478,3.334
253.204,-1.811,1.462,3.336
253.315,-1.829,1.457,3.338
253.427,-1.841,1.454,3.344
253.538,-1.853,1.454,3.354
253.648,-1.873,1.449,3.358
253.760,-1.900,1.441,3.354
253.871,-1.934,1.434,3.349
253.982,-1.975,1.424,3.347
254.093,-2.024,1.413,3.344
254.203,-2.081,1.403,3.342
254.315,-2.143,1.400,3.342
254.427,-2.193,1.400,3.343
254.537,-2.230,1.399,3.344
254.649,-2.256,1.400,3.347
254.760,-2.274,1.398,3.354
254.870,-2.286,1.395,3.361
254.981,-2.294,1.395,3.369
255.093,-2.299,1.394,3.378
255.204,-2.303,1.393,3.382
255.315,-2.308,1.392,3.385
255.426,-2.311,1.392,3.388
255.537,-2.315,1.391,3.391
255.648,-2.317,1.390,3.395
255.760,-2.318,1.388,3.399
255.870,-2.318,1.387,3.402
255.981,-2.316,1.391,3.406
256.093,-2.302,1.403,3.423
256.203,-2.286,1.411,3.437
256.315,-2.287,1.400,3.453
256.426,-2.305,1.360,3.478
256.537,-2.332,1.292,3.510
256.648,-2.362,1.195,3.543
256.760,-2.383,1.082,3.564
256.871,-2.393,0.969,3.574
256.982,-2.395,0.867,3.576
257.093,-2.396,0.786,3.572
257.204,-2.394,0.727,3.561
257.315,-2.389,0.697,3.551
257.427,-2.383,0.710,3.544
257.537,-2.381,0.778,3.547
257.649,-2.380,0.894,3.559
257.760,-2.374,1.039,3.577
257.871,-2.343,1.193,3.610
257.981,-2.262,1.318,3.631
258.092,-2.155,1.408,3.622
258.204,-2.046,1.462,3.590
258.315,-1.947,1.490,3.561
258.427,-1.854,1.498,3.544
258.537,-1.762,1.510,3.549
258.649,-1.684,1.517,3.567
258.760,-1.624,1.515,3.595
258.870,-1.582,1.505,3.632
258.981,-1.555,1.487,3.676
259.092,-1.540,1.476,3.730
259.203,-1.530,1.467,3.797
259.314,-1.535,1.458,3.880
259.426,-1.556,1.456,3.967
259.537,-1.589,1.459,4.036
259.648,-1.635,1.461,4.067
259.759,-1.666,1.459,4.060
259.871,-1.667,1.456,4.035
259.982,-1.647,1.450,4.014
260.093,-1.620,1.443,4.001
260.204,-1.597,1.439,3.992
260.316,-1.578,1.438,3.979
260.427,-1.563,1.437,3.957
260.538,-1.553,1.436,3.918
260.649,-1.545,1.436,3.862
260.761,-1.541,1.433,3.786
260.872,-1.546,1.425,3.683
260.983,-1.560,1.415,3.573
261.094,-1.582,1.395,3.463
261.204,-1.611,1.359,3.365
261.316,-1.647,1.315,3.271
261.428,-1.683,1.268,3.181
261.538,-1.715,1.207,3.085
261.649,-1.732,1.122,3.003
261.761,-1.741,1.030,2.932
261.872,-1.746,0.931,2.874
261.983,-1.746,0.827,2.830
262.095,-1.742,0.732,2.794
262.205,-1.735,0.658,2.774
262.316,-1.726,0.635,2.762
262.428,-1.718,0.675,2.752
262.538,-1.705,0.756,2.744
262.649,-1.687,0.862,2.741
262.761,-1.664,0.992,2.742
262.872,-1.630,1.141,2.751
262.983,-1.589,1.285,2.788
263.094,-1.552,1.393,2.856
263.205,-1.522,1.465,2.936
263.316,-1.501,1.496,3.026
263.427,-1.495,1.508,3.109
263.538,-1.511,1.517,3.160
263.649,-1.534,1.532,3.199
263.761,-1.542,1.536,3.259
263.871,-1.541,1.528,3.330
263.983,-1.535,1.517,3.406
264.094,-1.522,1.504,3.488
264.204,-1.507,1.495,3.567
264.315,-1.496,1.495,3.638
264.426,-1.483,1.495,3.700
264.537,-1.472,1.486,3.752
264.648,-1.457,1.479,3.802
264.759,-1.437,1.472,3.856
264.871,-1.411,1.464,3.915
264.982,-1.380,1.454,3.981
265.093,-1.344,1.448,4.050
265.204,-1.313,1.445,4.116
265.315,-1.294,1.443,4.175
265.426,-1.281,1.443,4.227
265.537,-1.272,1.441,4.280
265.648,-1.271,1.439,4.330
265.760,-1.273,1.440,4.378
265.871,-1.274,1.440,4.422
265.982,-1.274,1.436,4.459
266.093,-1.275,1.434,4.493
266.204,-1.281,1.445,4.529
266.315,-1.295,1.461,4.561
266.426,-1.311,1.471,4.583
266.537,-1.325,1.472,4.606
266.648,-1.338,1.466,4.630
266.759,-1.338,1.454,4.664
266.870,-1.324,1.439,4.710
266.982,-1.300,1.415,4.766
267.093,-1.267,1.389,4.831
267.204,-1.216,1.360,4.913
267.315,-1.156,1.318,5.001
267.427,-1.106,1.251,5.078
267.538,-1.069,1.165,5.134
267.649,-1.045,1.078,5.175
267.761,-1.036,0.994,5.205
267.871,-1.037,0.922,5.226
267.982,-1.039,0.870,5.244
268.094,-1.042,0.835,5.252
268.205,-1.045,0.818,5.256
268.316,-1.050,0.817,5.257
268.427,-1.056,0.836,5.256
268.538,-1.066,0.865,5.252
268.649,-1.080,0.895,5.250
268.760,-1.098,0.924,5.247
268.871,-1.121,0.967,5.245
268.982,-1.150,1.031,5.242
269.094,-1.190,1.119,5.234
269.204,-1.245,1.220,5.221
269.315,-1.306,1.310,5.203
269.428,-1.364,1.398,5.180
269.538,-1.428,1.467,5.155
269.649,-1.490,1.513,5.125
269.761,-1.550,1.537,5.084
269.871,-1.610,1.543,5.041
269.982,-1.668,1.555,5.000
270.094,-1.727,1.568,4.966
270.205,-1.779,1.580,4.945
270.315,-1.814,1.586,4.932
270.428,-1.833,1.588,4.924
270.538,-1.838,1.591,4.918
270.649,-1.843,1.593,4.910
270.761,-1.857,1.595,4.900
270.871,-1.880,1.592,4.897
270.982,-1.906,1.583,4.903
271.093,-1.918,1.578,4.909
271.205,-1.918,1.574,4.907
271.315,-1.907,1.568,4.897
271.427,-1.880,1.553,4.878
271.538,-1.839,1.537,4.864
271.649,-1.797,1.525,4.865
271.760,-1.766,1.518,4.876
271.871,-1.747,1.512,4.890
271.982,-1.735,1.505,4.908
272.094,-1.730,1.501,4.923
272.205,-1.728,1.498,4.937
272.315,-1.724,1.497,4.952
272.427,-1.716,1.494,4.966
272.538,-1.702,1.488,4.982
272.649,-1.688,1.484,5.005
272.761,-1.673,1.480,5.032
272.871,-1.663,1.478,5.055
272.982,-1.657,1.475,5.071
273.094,-1.656,1.474,5.079
273.205,-1.656,1.476,5.084
273.316,-1.656,1.477,5.085
273.427,-1.656,1.477,5.083
273.538,-1.654,1.477,5.082
273.649,-1.649,1.479,5.089
273.760,-1.641,1.481,5.112
273.871,-1.634,1.485,5.151
273.982,-1.628,1.491,5.206
274.093,-1.623,1.499,5.272
274.204,-1.619,1.501,5.340
274.315,-1.613,1.500,5.401
274.427,-1.605,1.500,5.454
274.538,-1.599,1.498,5.507
274.649,-1.589,1.493,5.562
274.760,-1.574,1.484,5.620
274.871,-1.552,1.474,5.687
274.982,-1.519,1.469,5.765
275.093,-1.479,1.476,5.847
275.204,-1.447,1.478,5.914
275.315,-1.416,1.480,5.972
275.426,-1.383,1.480,6.030
275.538,-1.348,1.474,6.085
275.649,-1.311,1.471,6.136
275.761,-1.276,1.473,6.185
275.871,-1.240,1.473,6.220
275.983,-1.204,1.471,6.241
276.094,-1.163,1.469,6.249
276.204,-1.116,1.466,6.249
276.316,-1.055,1.460,6.245
276.427,-0.978,1.461,6.231
276.538,-0.901,1.475,6.211
276.649,-0.838,1.486,6.193
276.760,-0.784,1.492,6.177
276.871,-0.729,1.490,6.164
276.982,-0.672,1.479,6.150
277.093,-0.610,1.472,6.137
277.204,-0.543,1.474,6.126
277.315,-0.480,1.482,6.113
277.427,-0.428,1.492,6.097
277.537,-0.388,1.512,6.075
277.649,-0.359,1.541,6.047
277.760,-0.336,1.556,6.012
277.871,-0.319,1.555,5.957
277.982,-0.310,1.555,5.886
278.093,-0.312,1.566,5.803
278.204,-0.314,1.576,5.726
278.315,-0.318,1.584,5.660
278.427,-0.324,1.588,5.607
278.538,-0.330,1.588,5.556
278.649,-0.331,1.582,5.504
278.760,-0.327,1.575,5.446
278.871,-0.324,1.562,5.389
278.982,-0.316,1.555,5.335
279.093,-0.305,1.550,5.285
279.204,-0.296,1.544,5.246
279.315,-0.287,1.536,5.216
279.426,-0.281,1.520,5.195
279.537,-0.277,1.497,5.184
279.648,-0.275,1.490,5.175
279.759,-0.273,1.486,5.170
279.870,-0.271,1.481,5.168
279.981,-0.267,1.480,5.169
280.092,-0.262,1.482,5.171
280.203,-0.258,1.485,5.171
280.315,-0.255,1.481,5.171
280.425,-0.255,1.470,5.175
280.537,-0.258,1.469,5.178
280.648,-0.260,1.467,5.180
280.759,-0.259,1.466,5.181
280.870,-0.258,1.466,5.178
280.981,-0.256,1.465,5.174
281.093,-0.251,1.463,5.168
281.203,-0.248,1.465,5.160
281.315,-0.243,1.485,5.144
281.426,-0.227,1.527,5.118
281.538,-0.192,1.559,5.100
281.649,-0.160,1.572,5.093
281.760,-0.140,1.575,5.092
281.871,-0.129,1.577,5.092
281.982,-0.124,1.576,5.094
282.093,-0.122,1.576,5.095
282.204,-0.123,1.576,5.095
282.315,-0.127,1.577,5.093
282.427,-0.132,1.576,5.088
282.538,-0.137,1.575,5.081
282.649,-0.141,1.574,5.071
282.761,-0.144,1.572,5.062
282.871,-0.147,1.569,5.054
282.982,-0.150,1.565,5.047
283.094,-0.157,1.562,5.042
283.204,-0.175,1.556,5.044
283.315,-0.199,1.545,5.057
283.427,-0.221,1.529,5.073
283.537,-0.239,1.506,5.091
283.648,-0.255,1.486,5.105
283.759,-0.266,1.472,5.112
283.870,-0.273,1.465,5.117
283.981,-0.275,1.461,5.121
284.092,-0.277,1.459,5.126
284.203,-0.276,1.458,5.128
284.314,-0.273,1.457,5.130
284.426,-0.271,1.457,5.129
284.537,-0.270,1.458,5.128
284.648,-0.269,1.457,5.128
284.759,-0.266,1.458,5.127
284.870,-0.264,1.458,5.126
284.981,-0.264,1.458,5.126
285.092,-0.263,1.462,5.124
285.203,-0.262,1.487,5.115
285.314,-0.253,1.521,5.107
285.426,-0.235,1.542,5.100
285.537,-0.218,1.549,5.093
285.649,-0.208,1.551,5.092
285.760,-0.201,1.551,5.092
285.871,-0.194,1.553,5.086
285.983,-0.181,1.553,5.072
286.094,-0.167,1.554,5.059
286.204,-0.158,1.554,5.051
286.315,-0.156,1.553,5.048
286.427,-0.157,1.551,5.046
286.538,-0.159,1.549,5.046
286.649,-0.161,1.548,5.046
286.760,-0.163,1.547,5.046
286.871,-0.166,1.547,5.047
286.982,-0.169,1.548,5.046
287.094,-0.171,1.552,5.046
287.204,-0.169,1.565,5.048
287.315,-0.165,1.573,5.054
287.427,-0.163,1.574,5.056
287.538,-0.165,1.573,5.058
287.649,-0.171,1.572,5.061
287.760,-0.182,1.568,5.063
287.871,-0.196,1.559,5.068
287.982,-0.209,1.548,5.074
288.093,-0.220,1.536,5.083
288.204,-0.230,1.524,5.088
288.315,-0.237,1.512,5.091
288.426,-0.241,1.503,5.097
288.537,-0.242,1.497,5.106
288.648,-0.239,1.490,5.111
288.759,-0.238,1.487,5.112
288.870,-0.235,1.485,5.116
288.981,-0.232,1.488,5.118
289.093,-0.234,1.484,5.125
289.204,-0.236,1.476,5.132
289.315,-0.238,1.471,5.136
289.426,-0.238,1.470,5.139
289.537,-0.234,1.471,5.136
289.648,-0.231,1.473,5.135
289.759,-0.226,1.475,5.133
289.871,-0.221,1.478,5.127
289.981,-0.220,1.474,5.125
290.092,-0.226,1.466,5.132
290.203,-0.235,1.457,5.146
290.314,-0.243,1.451,5.157
290.426,-0.249,1.448,5.163
290.537,-0.254,1.446,5.170
290.648,-0.255,1.444,5.182
290.759,-0.252,1.445,5.196
290.870,-0.251,1.448,5.202
290.981,-0.252,1.450,5.200
291.092,-0.255,1.451,5.193
291.203,-0.260,1.452,5.187
291.314,-0.264,1.468,5.171
291.425,-0.257,1.502,5.142
291.537,-0.234,1.530,5.114
291.649,-0.204,1.542,5.089
291.761,-0.182,1.546,5.075
291.871,-0.175,1.548,5.069
291.982,-0.163,1.543,5.055
292.093,-0.135,1.518,5.034
292.204,-0.113,1.502,5.017
292.315,-0.097,1.492,5.007
292.427,-0.089,1.489,4.998
292.538,-0.088,1.487,4.991
292.649,-0.100,1.489,4.983
292.760,-0.146,1.485,4.975
292.871,-0.209,1.475,4.989
292.981,-0.261,1.466,5.023
293.092,-0.290,1.457,5.061
293.203,-0.305,1.450,5.086
293.314,-0.311,1.446,5.097
293.426,-0.314,1.445,5.102
293.537,-0.313,1.445,5.106
293.648,-0.311,1.445,5.109
293.759,-0.311,1.447,5.122
293.870,-0.308,1.450,5.142
293.982,-0.305,1.452,5.154
294.092,-0.302,1.454,5.158
294.203,-0.298,1.456,5.161
294.314,-0.295,1.475,5.171
294.426,-0.282,1.502,5.190
294.537,-0.258,1.525,5.212
294.648,-0.229,1.541,5.230
294.759,-0.203,1.548,5.242
294.870,-0.184,1.555,5.248
294.982,-0.170,1.558,5.251
295.093,-0.164,1.558,5.254
295.204,-0.159,1.559,5.257
295.315,-0.157,1.562,5.259
295.426,-0.155,1.562,5.262
295.537,-0.155,1.562,5.265
295.648,-0.171,1.559,5.262
295.759,-0.203,1.552,5.239
295.870,-0.222,1.548,5.202
295.982,-0.225,1.545,5.162
296.093,-0.216,1.545,5.123
296.204,-0.199,1.546,5.092
296.315,-0.183,1.545,5.075
296.427,-0.176,1.544,5.068
296.538,-0.172,1.544,5.065
296.649,-0.169,1.544,5.063
296.761,-0.183,1.528,5.067
296.871,-0.203,1.501,5.076
296.982,-0.221,1.479,5.087
297.093,-0.234,1.463,5.104
297.204,-0.240,1.459,5.114
297.315,-0.242,1.459,5.116
297.426,-0.243,1.457,5.119
297.537,-0.245,1.457,5.121
297.648,-0.246,1.458,5.122
297.759,-0.245,1.459,5.120
297.870,-0.242,1.463,5.110
297.981,-0.236,1.466,5.093
298.093,-0.229,1.473,5.072
298.204,-0.223,1.479,5.048
298.315,-0.219,1.483,5.023
298.426,-0.224,1.486,4.998
298.537,-0.234,1.490,4.970
298.648,-0.247,1.492,4.935
298.760,-0.266,1.490,4.893
298.871,-0.297,1.492,4.844
298.982,-0.335,1.498,4.785
299.093,-0.369,1.503,4.719
299.204,-0.384,1.498,4.646
299.315,-0.373,1.495,4.565
299.427,-0.357,1.491,4.490
299.538,-0.348,1.479,4.417
299.649,-0.338,1.467,4.337
299.761,-0.325,1.471,4.245
299.872,-0.314,1.497,4.147
299.982,-0.312,1.520,4.059
300.094,-0.319,1.530,3.984
300.205,-0.341,1.529,3.921
300.316,-0.373,1.518,3.863
300.427,-0.415,1.508,3.802
300.538,-0.471,1.512,3.738
300.649,-0.527,1.519,3.680
300.760,-0.578,1.525,3.631
300.871,-0.628,1.524,3.592
300.982,-0.681,1.518,3.557
301.093,-0.745,1.507,3.523
301.204,-0.817,1.499,3.488
301.315,-0.892,1.498,3.458
301.426,-0.969,1.500,3.444
301.537,-1.041,1.501,3.447
301.648,-1.106,1.504,3.464
301.759,-1.168,1.500,3.494
301.870,-1.230,1.490,3.535
301.981,-1.293,1.492,3.589
302.092,-1.343,1.499,3.638
302.203,-1.378,1.508,3.683
302.314,-1.398,1.514,3.728
302.426,-1.412,1.510,3.771
302.537,-1.429,1.503,3.816
302.648,-1.451,1.488,3.866
302.759,-1.477,1.475,3.921
302.870,-1.517,1.462,3.979
302.981,-1.561,1.454,4.042
303.093,-1.597,1.459,4.099
303.204,-1.618,1.465,4.148
303.315,-1.630,1.466,4.193
303.426,-1.638,1.465,4.237
303.536,-1.647,1.467,4.285
303.648,-1.656,1.467,4.330
303.759,-1.664,1.473,4.372
303.870,-1.671,1.477,4.401
303.981,-1.674,1.474,4.421
304.093,-1.675,1.471,4.439
304.200,-1.674,1.470,4.453
304.305,-1.673,1.468,4.475
304.416,-1.674,1.470,4.488
304.527,-1.673,1.474,4.497
304.638,-1.673,1.475,4.506
304.744,-1.676,1.474,4.520
304.856,-1.680,1.474,4.546
304.967,-1.681,1.477,4.565
305.078,-1.681,1.479,4.569
305.189,-1.681,1.480,4.568
305.300,-1.683,1.479,4.569
305.411,-1.686,1.479,4.568
305.522,-1.687,1.480,4.570
305.634,-1.688,1.480,4.573
305.745,-1.686,1.482,4.590
305.857,-1.675,1.486,4.622
305.967,-1.651,1.491,4.658
306.078,-1.615,1.495,4.694
306.188,-1.577,1.497,4.723
306.299,-1.545,1.498,4.744
306.410,-1.520,1.499,4.758
306.522,-1.504,1.500,4.768
306.633,-1.494,1.501,4.779
306.745,-1.490,1.498,4.792
306.856,-1.492,1.489,4.806
306.967,-1.501,1.482,4.824
307.078,-1.515,1.480,4.845
307.190,-1.524,1.478,4.865
307.301,-1.531,1.477,4.875
307.413,-1.539,1.480,4.872
307.524,-1.548,1.503,4.855
307.635,-1.573,1.539,4.829
307.746,-1.608,1.562,4.805
307.858,-1.637,1.572,4.787
307.968,-1.659,1.577,4.772
308.079,-1.673,1.578,4.760
308.191,-1.678,1.578,4.750
308.302,-1.678,1.577,4.740
308.413,-1.671,1.571,4.731
308.524,-1.653,1.564,4.730
308.635,-1.619,1.545,4.755
308.746,-1.597,1.524,4.788
308.858,-1.585,1.505,4.812
308.968,-1.578,1.493,4.828
309.080,-1.572,1.489,4.837
309.191,-1.569,1.487,4.842
309.302,-1.566,1.485,4.845
309.413,-1.565,1.485,4.845
309.524,-1.565,1.484,4.845
309.635,-1.566,1.485,4.844
309.746,-1.567,1.486,4.842
309.857,-1.568,1.487,4.840
309.968,-1.569,1.488,4.838
310.079,-1.571,1.488,4.837
310.191,-1.573,1.488,4.840
310.302,-1.575,1.490,4.851
310.413,-1.582,1.492,4.872
310.524,-1.594,1.494,4.898
310.635,-1.611,1.496,4.930
310.745,-1.636,1.498,4.970
310.856,-1.669,1.498,5.010
310.967,-1.699,1.497,5.041
311.078,-1.723,1.496,5.064
311.190,-1.740,1.496,5.082
311.301,-1.746,1.494,5.097
311.412,-1.741,1.495,5.114
311.523,-1.725,1.496,5.135
311.634,-1.699,1.498,5.163
311.745,-1.663,1.502,5.194
311.856,-1.623,1.509,5.228
311.967,-1.583,1.511,5.262
312.078,-1.550,1.510,5.291
312.190,-1.525,1.510,5.312
312.301,-1.507,1.512,5.325
312.412,-1.491,1.512,5.332
312.523,-1.479,1.513,5.336
312.634,-1.468,1.512,5.341
312.745,-1.460,1.511,5.349
312.856,-1.453,1.509,5.355
312.970,-1.449,1.508,5.363
313.080,-1.449,1.507,5.373
313.192,-1.452,1.506,5.380
313.303,-1.452,1.502,5.388
313.413,-1.438,1.492,5.392
313.525,-1.409,1.483,5.390
313.636,-1.373,1.481,5.372
313.747,-1.349,1.486,5.345
313.859,-1.341,1.489,5.327
313.969,-1.348,1.498,5.326
314.081,-1.383,1.526,5.347
314.192,-1.449,1.556,5.359
314.303,-1.522,1.566,5.333
314.413,-1.567,1.567,5.286
314.525,-1.591,1.567,5.238
314.636,-1.596,1.564,5.188
314.747,-1.592,1.558,5.156
314.858,-1.585,1.557,5.147
314.969,-1.577,1.558,5.159
315.080,-1.575,1.554,5.183
315.191,-1.573,1.553,5.207
315.302,-1.568,1.550,5.224
315.413,-1.557,1.544,5.237
315.525,-1.542,1.535,5.243
315.636,-1.522,1.510,5.244
315.747,-1.503,1.486,5.240
315.858,-1.495,1.476,5.234
315.969,-1.491,1.476,5.230
316.080,-1.489,1.476,5.228
316.192,-1.488,1.475,5.229
316.302,-1.485,1.476,5.232
316.413,-1.482,1.478,5.237
316.525,-1.482,1.481,5.242
316.636,-1.481,1.483,5.245
316.747,-1.481,1.484,5.248
316.858,-1.481,1.483,5.250
316.969,-1.482,1.486,5.250
317.080,-1.475,1.504,5.256
317.192,-1.462,1.540,5.277
317.303,-1.453,1.557,5.316
317.414,-1.450,1.560,5.355
317.525,-1.453,1.559,5.374
317.636,-1.455,1.556,5.387
317.747,-1.454,1.552,5.396
317.859,-1.445,1.538,5.398
317.970,-1.427,1.522,5.386
318.081,-1.412,1.515,5.367
318.192,-1.401,1.512,5.342
318.303,-1.399,1.516,5.307
318.414,-1.408,1.522,5.277
318.525,-1.413,1.528,5.258
318.636,-1.411,1.533,5.246
318.747,-1.404,1.538,5.235
318.859,-1.391,1.543,5.225
318.969,-1.373,1.550,5.214
319.080,-1.352,1.556,5.200
319.192,-1.332,1.557,5.188
319.303,-1.317,1.558,5.177
319.414,-1.305,1.559,5.173
319.525,-1.297,1.560,5.172
319.636,-1.293,1.562,5.174
319.747,-1.292,1.564,5.177
319.859,-1.297,1.567,5.177
319.969,-1.302,1.571,5.181
320.080,-1.302,1.574,5.188
320.192,-1.296,1.576,5.193
320.303,-1.293,1.576,5.197
320.413,-1.295,1.575,5.200
320.525,-1.296,1.574,5.203
320.636,-1.296,1.574,5.204
320.747,-1.295,1.574,5.204
320.858,-1.298,1.570,5.198
320.969,-1.313,1.552,5.183
321.080,-1.325,1.535,5.171
321.192,-1.330,1.527,5.162
321.302,-1.329,1.525,5.154
321.413,-1.325,1.523,5.146
321.525,-1.322,1.520,5.138
321.636,-1.321,1.519,5.124
321.747,-1.322,1.515,5.104
321.859,-1.326,1.508,5.078
321.969,-1.336,1.501,5.044
322.080,-1.348,1.487,4.998
322.191,-1.361,1.469,4.941
322.302,-1.377,1.465,4.869
322.413,-1.397,1.476,4.795
322.525,-1.410,1.489,4.730
322.636,-1.409,1.496,4.675
322.747,-1.383,1.506,4.636
322.859,-1.342,1.513,4.618
322.970,-1.301,1.517,4.619
323.081,-1.268,1.522,4.619
323.192,-1.248,1.529,4.614
323.303,-1.243,1.534,4.602
323.414,-1.243,1.540,4.586
323.526,-1.249,1.543,4.567
323.636,-1.254,1.546,4.542
323.747,-1.256,1.552,4.511
323.858,-1.254,1.561,4.472
323.969,-1.245,1.574,4.426
324.080,-1.227,1.589,4.381
324.191,-1.209,1.601,4.342
324.302,-1.198,1.613,4.309
324.413,-1.195,1.619,4.284
324.524,-1.198,1.623,4.268
324.635,-1.202,1.624,4.259
324.746,-1.205,1.624,4.258
324.858,-1.207,1.624,4.261
324.968,-1.207,1.623,4.264
325.079,-1.205,1.623,4.269
325.191,-1.201,1.624,4.274
325.302,-1.196,1.624,4.275
325.413,-1.186,1.623,4.277
325.525,-1.168,1.617,4.284
325.636,-1.147,1.601,4.307
325.748,-1.140,1.579,4.338
325.859,-1.142,1.561,4.361
325.970,-1.147,1.555,4.379
326.081,-1.153,1.553,4.390
326.192,-1.156,1.552,4.398
326.303,-1.160,1.548,4.405
326.414,-1.167,1.547,4.412
326.525,-1.172,1.546,4.416
326.636,-1.174,1.546,4.418
326.747,-1.167,1.545,4.416
326.859,-1.147,1.547,4.404
326.970,-1.125,1.549,4.380
327.081,-1.112,1.551,4.349
327.192,-1.112,1.552,4.320
327.303,-1.123,1.554,4.297
327.414,-1.140,1.553,4.283
327.525,-1.157,1.550,4.278
327.636,-1.173,1.547,4.278
327.747,-1.182,1.545,4.282
327.858,-1.186,1.544,4.287
327.969,-1.187,1.544,4.291
328.080,-1.185,1.543,4.295
328.192,-1.182,1.543,4.297
328.302,-1.179,1.544,4.298
328.413,-1.175,1.545,4.299
328.525,-1.172,1.545,4.299
328.636,-1.170,1.545,4.299
328.747,-1.168,1.545,4.299
328.858,-1.166,1.545,4.300
328.969,-1.165,1.545,4.300
329.080,-1.163,1.545,4.299
329.192,-1.159,1.545,4.299
329.302,-1.144,1.542,4.306
329.414,-1.122,1.536,4.322
329.525,-1.103,1.531,4.348
329.636,-1.094,1.526,4.379
329.747,-1.098,1.525,4.409
329.859,-1.113,1.524,4.429
329.969,-1.138,1.524,4.440
330.080,-1.167,1.521,4.440
330.192,-1.186,1.517,4.433
330.302,-1.191,1.514,4.428
330.413,-1.193,1.514,4.422
330.525,-1.195,1.515,4.417
330.635,-1.196,1.517,4.415
330.747,-1.177,1.525,4.415
330.858,-1.142,1.535,4.398
330.970,-1.111,1.543,4.363
331.081,-1.100,1.549,4.319
331.192,-1.111,1.550,4.283
331.303,-1.135,1.548,4.262
331.413,-1.163,1.543,4.253
331.525,-1.185,1.537,4.254
331.636,-1.197,1.529,4.257
331.747,-1.201,1.524,4.260
331.858,-1.201,1.523,4.260
331.969,-1.196,1.523,4.259
332.080,-1.188,1.526,4.257
332.192,-1.172,1.539,4.259
332.302,-1.155,1.562,4.268
332.413,-1.146,1.580,4.281
332.525,-1.143,1.592,4.291
332.636,-1.143,1.596,4.295
332.747,-1.142,1.596,4.296
332.859,-1.142,1.597,4.295
332.969,-1.141,1.597,4.294
333.080,-1.141,1.597,4.292
333.192,-1.141,1.597,4.290
333.302,-1.141,1.597,4.289
333.414,-1.141,1.597,4.288
333.525,-1.140,1.597,4.288
333.636,-1.139,1.597,4.290
333.747,-1.138,1.596,4.290
333.858,-1.134,1.595,4.290
333.969,-1.119,1.591,4.290
334.080,-1.094,1.580,4.299
334.192,-1.076,1.566,4.307
334.303,-1.066,1.554,4.312
334.414,-1.060,1.546,4.312
334.526,-1.055,1.541,4.299
334.636,-1.046,1.537,4.278
334.747,-1.038,1.532,4.261
334.859,-1.035,1.527,4.250
334.970,-1.033,1.523,4.251
335.080,-1.029,1.519,4.262
335.192,-1.024,1.517,4.282
335.302,-1.017,1.515,4.312
335.413,-1.006,1.513,4.353
335.525,-0.994,1.516,4.406
335.636,-0.980,1.527,4.466
335.747,-0.965,1.533,4.526
335.858,-0.947,1.532,4.579
335.969,-0.926,1.532,4.626
336.080,-0.904,1.531,4.670
336.192,-0.878,1.526,4.714
336.302,-0.849,1.520,4.761
336.414,-0.815,1.513,4.809
336.525,-0.775,1.515,4.859
336.636,-0.731,1.525,4.913
336.747,-0.689,1.530,4.966
336.858,-0.655,1.526,5.020
336.970,-0.633,1.523,5.071
337.080,-0.624,1.521,5.124
337.191,-0.628,1.514,5.179
337.302,-0.646,1.506,5.238
337.414,-0.676,1.505,5.303
337.526,-0.711,1.518,5.369
337.636,-0.745,1.529,5.431
337.747,-0.773,1.537,5.489
337.858,-0.799,1.540,5.541
337.969,-0.826,1.542,5.592
338.080,-0.850,1.544,5.642
338.192,-0.872,1.545,5.696
338.302,-0.895,1.547,5.759
338.413,-0.921,1.551,5.827
338.525,-0.960,1.556,5.881
338.636,-1.003,1.552,5.906
338.747,-1.039,1.553,5.922
338.859,-1.071,1.548,5.928
338.969,-1.103,1.542,5.921
339.080,-1.140,1.536,5.907
339.192,-1.188,1.531,5.891
339.303,-1.244,1.530,5.868
339.414,-1.293,1.538,5.837
339.525,-1.337,1.544,5.816
339.636,-1.377,1.551,5.801
339.747,-1.414,1.567,5.794
339.858,-1.452,1.580,5.802
339.969,-1.493,1.587,5.814
340.080,-1.531,1.590,5.822
340.191,-1.558,1.587,5.828
340.302,-1.572,1.586,5.833
340.413,-1.580,1.585,5.837
340.525,-1.582,1.584,5.840
340.636,-1.583,1.583,5.843
340.747,-1.583,1.584,5.845
340.858,-1.580,1.583,5.845
340.969,-1.577,1.583,5.844
341.080,-1.575,1.583,5.842
341.192,-1.576,1.583,5.838
341.302,-1.585,1.573,5.828
341.413,-1.602,1.560,5.816
341.525,-1.619,1.549,5.809
341.636,-1.629,1.548,5.806
341.747,-1.629,1.548,5.801
341.858,-1.626,1.549,5.795
341.970,-1.612,1.551,5.789
342.080,-1.581,1.552,5.785
342.192,-1.542,1.552,5.794
342.303,-1.510,1.551,5.811
342.414,-1.490,1.550,5.828
342.525,-1.480,1.549,5.840
342.636,-1.475,1.547,5.846
342.747,-1.473,1.547,5.850
342.859,-1.471,1.546,5.853
342.970,-1.470,1.547,5.854
343.080,-1.476,1.550,5.845
343.192,-1.494,1.555,5.828
343.303,-1.518,1.559,5.816
343.414,-1.537,1.561,5.811
343.525,-1.548,1.562,5.811
343.636,-1.549,1.563,5.811
343.747,-1.548,1.563,5.811
343.858,-1.547,1.564,5.811
343.969,-1.546,1.564,5.810
344.081,-1.545,1.565,5.808
344.193,-1.546,1.565,5.805
344.302,-1.547,1.566,5.803
344.414,-1.549,1.565,5.800
344.525,-1.551,1.565,5.797
344.636,-1.554,1.565,5.795
344.747,-1.558,1.564,5.792
344.859,-1.563,1.562,5.786
344.969,-1.558,1.546,5.773
345.080,-1.553,1.523,5.762
345.192,-1.557,1.505,5.749
345.302,-1.566,1.493,5.732
345.414,-1.571,1.486,5.712
345.525,-1.575,1.483,5.681
345.636,-1.588,1.479,5.639
345.747,-1.592,1.480,5.593
345.858,-1.577,1.488,5.536
345.969,-1.553,1.502,5.474
346.081,-1.529,1.512,5.416
346.192,-1.512,1.515,5.364
346.302,-1.501,1.518,5.314
346.414,-1.493,1.516,5.259
346.525,-1.489,1.510,5.193
346.636,-1.489,1.505,5.116
346.747,-1.496,1.507,5.027
346.859,-1.510,1.520,4.927
346.969,-1.520,1.527,4.833
347.080,-1.522,1.527,4.746
347.192,-1.517,1.524,4.662
347.302,-1.504,1.511,4.576
347.413,-1.485,1.493,4.486
347.525,-1.459,1.488,4.392
347.636,-1.429,1.502,4.290
347.747,-1.409,1.509,4.190
347.858,-1.405,1.511,4.097
347.969,-1.407,1.506,4.004
348.080,-1.422,1.494,3.913
348.192,-1.450,1.492,3.818
348.302,-1.483,1.510,3.719
348.414,-1.508,1.530,3.631
348.525,-1.526,1.540,3.554
348.636,-1.541,1.539,3.489
348.747,-1.555,1.533,3.427
348.859,-1.573,1.525,3.367
348.969,-1.594,1.518,3.313
349.080,-1.615,1.507,3.265
349.192,-1.634,1.502,3.229
349.302,-1.646,1.498,3.200
349.414,-1.646,1.491,3.175
349.525,-1.635,1.490,3.155
349.635,-1.607,1.491,3.141
349.746,-1.571,1.497,3.129
349.858,-1.527,1.507,3.118
349.969,-1.478,1.517,3.105
350.080,-1.431,1.527,3.091
350.191,-1.392,1.535,3.072
350.302,-1.364,1.541,3.053
350.413,-1.351,1.548,3.041
350.525,-1.347,1.551,3.035
350.636,-1.347,1.550,3.032
350.747,-1.347,1.548,3.035
350.858,-1.347,1.547,3.040
350.969,-1.349,1.543,3.048
351.080,-1.350,1.541,3.057
351.191,-1.350,1.541,3.065
351.303,-1.351,1.543,3.070
351.413,-1.352,1.540,3.075
351.525,-1.352,1.536,3.081
351.636,-1.353,1.534,3.092
351.747,-1.358,1.534,3.109
351.859,-1.369,1.532,3.130
351.969,-1.385,1.529,3.155
352.080,-1.408,1.529,3.184
352.192,-1.432,1.532,3.219
352.302,-1.458,1.534,3.257
352.414,-1.481,1.531,3.297
352.525,-1.497,1.524,3.334
352.636,-1.509,1.520,3.364
352.747,-1.520,1.518,3.390
352.859,-1.524,1.516,3.409
352.969,-1.523,1.514,3.422
353.080,-1.522,1.515,3.429
353.191,-1.521,1.518,3.433
353.302,-1.525,1.525,3.437
353.414,-1.541,1.541,3.441
353.525,-1.559,1.553,3.441
353.636,-1.576,1.562,3.436
353.747,-1.583,1.566,3.431
353.859,-1.586,1.566,3.431
353.969,-1.586,1.566,3.432
354.080,-1.555,1.565,3.425
354.192,-1.521,1.564,3.400
354.303,-1.503,1.566,3.366
354.414,-1.500,1.567,3.332
354.526,-1.506,1.567,3.306
354.636,-1.511,1.566,3.292
354.747,-1.511,1.566,3.286
354.858,-1.510,1.564,3.282
354.969,-1.509,1.563,3.278
355.080,-1.508,1.563,3.276
355.192,-1.504,1.564,3.275
355.303,-1.500,1.565,3.273
355.413,-1.497,1.565,3.271
355.525,-1.494,1.565,3.269
355.636,-1.490,1.564,3.271
355.746,-1.474,1.555,3.301
355.858,-1.473,1.550,3.347
355.970,-1.490,1.554,3.387
356.081,-1.516,1.560,3.411
356.192,-1.531,1.565,3.418
356.303,-1.534,1.566,3.418
356.414,-1.536,1.567,3.417
356.525,-1.535,1.567,3.417
356.636,-1.533,1.568,3.418
356.747,-1.530,1.569,3.419
356.859,-1.527,1.569,3.418
356.969,-1.525,1.570,3.418
357.080,-1.522,1.570,3.417
357.193,-1.521,1.571,3.416
357.303,-1.520,1.571,3.415
357.414,-1.519,1.572,3.416
357.525,-1.519,1.571,3.417
357.636,-1.518,1.572,3.418
357.747,-1.518,1.572,3.420
357.859,-1.518,1.572,3.421
357.969,-1.518,1.572,3.423
358.080,-1.518,1.572,3.424
358.192,-1.518,1.573,3.425
358.303,-1.518,1.573,3.426
358.414,-1.518,1.572,3.426
358.526,-1.517,1.571,3.428
358.636,-1.515,1.564,3.433
358.747,-1.508,1.543,3.441
358.858,-1.503,1.529,3.447
358.969,-1.500,1.523,3.453
359.080,-1.478,1.524,3.447
359.192,-1.436,1.527,3.408
359.303,-1.405,1.533,3.348
359.414,-1.381,1.541,3.282
359.525,-1.348,1.544,3.215
359.636,-1.306,1.543,3.142
359.747,-1.255,1.543,3.069
359.858,-1.194,1.544,3.002
359.969,-1.125,1.537,2.940
360.080,-1.042,1.519,2.882
360.193,-0.947,1.504,2.825
360.302,-0.847,1.504,2.766
360.413,-0.753,1.511,2.693
360.525,-0.676,1.512,2.606
360.635,-0.614,1.501,2.514
360.747,-0.563,1.489,2.415
360.858,-0.518,1.499,2.301
360.969,-0.478,1.515,2.189
361.080,-0.437,1.517,2.081
361.192,-0.394,1.505,1.976
361.302,-0.348,1.485,1.878
361.413,-0.304,1.481,1.782
361.525,-0.275,1.495,1.689
361.635,-0.263,1.506,1.604
361.747,-0.265,1.505,1.528
361.859,-0.283,1.499,1.457
361.969,-0.319,1.504,1.388
362.080,-0.359,1.519,1.317
362.192,-0.391,1.530,1.244
362.303,-0.421,1.537,1.173
362.414,-0.448,1.540,1.106
362.525,-0.464,1.547,1.041
362.636,-0.468,1.557,0.978
362.747,-0.470,1.562,0.915
362.859,-0.472,1.565,0.854
362.970,-0.476,1.563,0.793
363.081,-0.479,1.560,0.731
363.192,-0.470,1.554,0.670
363.303,-0.453,1.544,0.626
363.414,-0.434,1.536,0.606
363.525,-0.421,1.535,0.611
363.636,-0.423,1.535,0.621
363.747,-0.432,1.530,0.620
363.859,-0.441,1.524,0.618
363.969,-0.446,1.519,0.622
364.080,-0.448,1.514,0.633
364.192,-0.444,1.510,0.654
364.303,-0.434,1.510,0.679
364.413,-0.420,1.512,0.708
364.526,-0.407,1.514,0.739
364.636,-0.392,1.515,0.770
364.748,-0.379,1.514,0.800
364.859,-0.369,1.515,0.827
364.970,-0.365,1.515,0.852
365.081,-0.361,1.511,0.872
365.192,-0.359,1.505,0.890
365.303,-0.360,1.502,0.908
365.414,-0.360,1.501,0.918
365.525,-0.358,1.500,0.923
365.636,-0.351,1.500,0.920
365.747,-0.335,1.501,0.895
365.859,-0.323,1.506,0.853
365.969,-0.327,1.515,0.805
366.081,-0.343,1.528,0.768
366.192,-0.360,1.535,0.748
366.303,-0.370,1.536,0.736
366.414,-0.375,1.536,0.728
366.526,-0.375,1.536,0.725
366.636,-0.373,1.537,0.723
366.747,-0.368,1.537,0.723
366.859,-0.365,1.538,0.724
366.969,-0.362,1.538,0.724
367.080,-0.358,1.539,0.726
367.192,-0.348,1.550,0.738
367.303,-0.343,1.559,0.753
367.414,-0.344,1.560,0.762
367.526,-0.346,1.561,0.767
367.637,-0.347,1.561,0.769
367.747,-0.348,1.560,0.771
367.859,-0.348,1.560,0.772
367.970,-0.348,1.560,0.773
368.081,-0.348,1.559,0.774
368.192,-0.348,1.558,0.776
368.303,-0.348,1.558,0.777
368.414,-0.349,1.559,0.778
368.525,-0.348,1.558,0.779
368.637,-0.346,1.558,0.781
368.747,-0.344,1.557,0.783
368.859,-0.340,1.553,0.782
368.970,-0.328,1.535,0.779
369.080,-0.312,1.502,0.782
369.192,-0.293,1.481,0.793
369.303,-0.279,1.477,0.807
369.414,-0.268,1.480,0.831
369.525,-0.262,1.483,0.848
369.636,-0.258,1.486,0.857
369.747,-0.256,1.487,0.863
369.859,-0.254,1.488,0.868
369.970,-0.250,1.488,0.872
370.080,-0.246,1.489,0.875
370.192,-0.242,1.491,0.882
370.303,-0.238,1.493,0.890
370.414,-0.236,1.497,0.901
370.525,-0.240,1.501,0.907
370.636,-0.249,1.509,0.909
370.747,-0.263,1.514,0.900
370.859,-0.276,1.514,0.882
370.968,-0.286,1.512,0.860
371.080,-0.293,1.511,0.835
371.191,-0.300,1.510,0.813
371.302,-0.305,1.508,0.795
371.413,-0.311,1.507,0.779
371.524,-0.320,1.505,0.770
371.635,-0.331,1.506,0.767
371.746,-0.345,1.508,0.770
371.857,-0.365,1.510,0.777
371.968,-0.388,1.511,0.789
372.080,-0.416,1.513,0.802
372.191,-0.448,1.513,0.815
372.302,-0.481,1.512,0.828
372.413,-0.511,1.511,0.839
372.525,-0.538,1.509,0.844
372.635,-0.561,1.507,0.847
372.746,-0.580,1.508,0.849
372.858,-0.593,1.507,0.852
372.968,-0.591,1.515,0.873
373.080,-0.562,1.528,0.902
373.191,-0.518,1.539,0.916
373.302,-0.483,1.546,0.917
373.413,-0.462,1.549,0.915
373.525,-0.448,1.552,0.912
373.636,-0.440,1.554,0.907
373.746,-0.435,1.555,0.901
373.858,-0.433,1.554,0.899
373.969,-0.432,1.552,0.899
374.080,-0.428,1.550,0.900
374.191,-0.421,1.550,0.901
374.302,-0.400,1.549,0.899
374.413,-0.363,1.542,0.888
374.526,-0.317,1.531,0.865
374.636,-0.275,1.518,0.833
374.747,-0.239,1.510,0.802
374.859,-0.208,1.507,0.773
374.969,-0.181,1.506,0.744
375.080,-0.155,1.504,0.717
375.192,-0.132,1.502,0.694
375.303,-0.109,1.499,0.676
375.414,-0.088,1.497,0.663
375.525,-0.069,1.498,0.653
375.636,-0.054,1.500,0.646
375.747,-0.041,1.501,0.641
375.859,-0.031,1.501,0.636
375.970,-0.022,1.498,0.635
376.080,-0.016,1.497,0.633
376.192,-0.012,1.498,0.633
376.303,-0.009,1.498,0.632
376.414,-0.007,1.497,0.633
376.526,-0.006,1.496,0.635
376.636,-0.006,1.498,0.636
376.747,-0.006,1.501,0.636
376.859,-0.005,1.503,0.639
376.969,-0.003,1.504,0.648
377.080,-0.004,1.507,0.658
377.192,-0.005,1.511,0.666
377.303,-0.007,1.513,0.671
377.414,-0.007,1.515,0.674
377.525,-0.007,1.516,0.678
377.636,-0.006,1.516,0.681
377.747,-0.006,1.516,0.685
377.859,-0.009,1.516,0.693
377.970,-0.015,1.517,0.707
378.081,-0.028,1.520,0.726
378.192,-0.048,1.524,0.751
378.303,-0.076,1.527,0.779
378.414,-0.115,1.532,0.810
378.526,-0.165,1.539,0.844
378.636,-0.225,1.546,0.879
378.748,-0.286,1.548,0.905
378.859,-0.341,1.547,0.922
378.969,-0.386,1.544,0.932
379.080,-0.421,1.541,0.937
379.191,-0.447,1.539,0.940
379.302,-0.464,1.538,0.942
379.413,-0.475,1.537,0.943
379.525,-0.483,1.537,0.942
379.636,-0.491,1.537,0.939
379.747,-0.496,1.538,0.937
379.858,-0.500,1.538,0.936
379.969,-0.501,1.537,0.934
380.080,-0.498,1.537,0.932
380.192,-0.484,1.536,0.929
380.302,-0.455,1.532,0.918
380.414,-0.423,1.526,0.898
380.525,-0.396,1.517,0.871
380.636,-0.379,1.510,0.849
380.747,-0.368,1.507,0.833
380.859,-0.362,1.505,0.820
380.969,-0.358,1.505,0.809
381.080,-0.358,1.508,0.801
381.192,-0.361,1.515,0.797
381.303,-0.364,1.539,0.797
381.414,-0.375,1.559,0.800
381.526,-0.382,1.570,0.800
381.636,-0.384,1.574,0.800
381.747,-0.383,1.575,0.801
381.859,-0.379,1.575,0.801
381.970,-0.374,1.574,0.800
382.081,-0.369,1.573,0.800
382.192,-0.364,1.572,0.800
382.303,-0.359,1.572,0.799
382.414,-0.356,1.572,0.799
382.526,-0.355,1.572,0.800
382.636,-0.351,1.568,0.806
382.747,-0.345,1.561,0.824
382.859,-0.345,1.549,0.850
382.970,-0.352,1.540,0.878
383.081,-0.368,1.536,0.904
383.192,-0.391,1.537,0.922
383.303,-0.413,1.539,0.933
383.414,-0.429,1.540,0.938
383.525,-0.439,1.540,0.939
383.636,-0.447,1.541,0.939
383.747,-0.452,1.542,0.941
383.858,-0.455,1.541,0.944
383.969,-0.455,1.540,0.947
384.080,-0.453,1.539,0.949
384.191,-0.452,1.539,0.950
384.302,-0.452,1.538,0.949
384.413,-0.452,1.537,0.948
384.525,-0.451,1.536,0.948
384.636,-0.452,1.536,0.951
384.747,-0.455,1.535,0.952
384.858,-0.461,1.534,0.952
384.969,-0.465,1.532,0.952
385.079,-0.464,1.529,0.952
385.191,-0.458,1.527,0.953
385.302,-0.454,1.524,0.954
385.413,-0.449,1.522,0.955
385.525,-0.446,1.524,0.955
385.636,-0.443,1.526,0.956
385.747,-0.437,1.531,0.956
385.859,-0.436,1.535,0.958
385.969,-0.440,1.538,0.964
386.080,-0.449,1.539,0.971
386.191,-0.457,1.541,0.975
386.303,-0.459,1.541,0.977
386.413,-0.448,1.540,0.974
386.525,-0.416,1.532,0.963
386.636,-0.385,1.520,0.940
386.747,-0.365,1.512,0.917
386.859,-0.353,1.504,0.900
386.969,-0.343,1.496,0.888
387.080,-0.334,1.484,0.881
387.192,-0.324,1.472,0.880
387.303,-0.316,1.464,0.884
387.411,-0.312,1.460,0.890
387.523,-0.311,1.460,0.895
387.634,-0.310,1.460,0.897
387.745,-0.310,1.459,0.900
387.856,-0.313,1.458,0.902
387.968,-0.315,1.457,0.903
388.079,-0.320,1.457,0.904
388.189,-0.326,1.457,0.905
388.300,-0.334,1.458,0.910
388.413,-0.342,1.459,0.916
388.523,-0.349,1.459,0.920
388.634,-0.354,1.461,0.922
388.745,-0.357,1.463,0.921
388.857,-0.361,1.466,0.919
388.968,-0.366,1.472,0.913
389.079,-0.374,1.481,0.908
389.189,-0.381,1.491,0.903
389.301,-0.386,1.501,0.905
389.412,-0.383,1.507,0.913
389.524,-0.378,1.505,0.918
389.635,-0.374,1.503,0.918
389.746,-0.371,1.501,0.915
389.857,-0.368,1.499,0.909
389.968,-0.365,1.495,0.897
390.079,-0.364,1.491,0.889
390.191,-0.366,1.488,0.888
390.302,-0.370,1.485,0.889
390.411,-0.372,1.483,0.891
390.523,-0.374,1.481,0.891
390.635,-0.376,1.480,0.892
390.746,-0.379,1.481,0.893
390.857,-0.382,1.481,0.897
390.969,-0.384,1.481,0.901
391.079,-0.385,1.482,0.903
391.191,-0.384,1.482,0.904
391.302,-0.382,1.483,0.905
391.413,-0.379,1.481,0.908
391.524,-0.376,1.479,0.909
391.635,-0.371,1.478,0.908
391.745,-0.362,1.478,0.904
391.857,-0.347,1.480,0.899
391.968,-0.327,1.481,0.888
392.079,-0.301,1.485,0.872
392.191,-0.269,1.495,0.846
392.301,-0.232,1.521,0.797
392.413,-0.207,1.546,0.740
392.525,-0.191,1.560,0.690
392.635,-0.176,1.566,0.653
392.747,-0.160,1.571,0.632
392.858,-0.153,1.571,0.619
392.969,-0.153,1.572,0.613
393.080,-0.154,1.571,0.610
393.191,-0.154,1.569,0.608
393.302,-0.152,1.570,0.605
393.413,-0.147,1.571,0.604
393.525,-0.140,1.570,0.606
393.636,-0.134,1.569,0.611
393.747,-0.129,1.568,0.617
393.858,-0.127,1.568,0.623
393.969,-0.126,1.567,0.629
394.080,-0.126,1.566,0.633
394.192,-0.128,1.567,0.637
394.302,-0.130,1.568,0.641
394.413,-0.132,1.568,0.644
394.525,-0.134,1.569,0.646
394.636,-0.136,1.568,0.647
394.747,-0.140,1.569,0.648
394.859,-0.143,1.570,0.647
394.970,-0.147,1.571,0.646
395.081,-0.151,1.571,0.643
395.192,-0.154,1.572,0.641
395.303,-0.155,1.572,0.638
395.414,-0.156,1.571,0.636
395.525,-0.155,1.571,0.637
395.636,-0.148,1.569,0.648
395.747,-0.133,1.566,0.665
395.859,-0.119,1.547,0.688
395.969,-0.108,1.529,0.714
396.080,-0.105,1.519,0.738
396.192,-0.110,1.515,0.765
396.303,-0.127,1.515,0.792
396.414,-0.157,1.519,0.818
396.525,-0.199,1.526,0.846
396.636,-0.249,1.533,0.873
396.747,-0.300,1.539,0.897
396.858,-0.350,1.542,0.919
396.969,-0.397,1.540,0.937
397.080,-0.434,1.539,0.953
397.192,-0.456,1.540,0.967
397.302,-0.471,1.541,0.981
397.413,-0.483,1.539,0.992
397.524,-0.494,1.541,1.001
397.635,-0.502,1.544,1.006
397.746,-0.503,1.550,1.003
397.858,-0.499,1.557,0.994
397.969,-0.491,1.561,0.981
398.080,-0.477,1.565,0.968
398.192,-0.458,1.565,0.956
398.303,-0.436,1.563,0.947
398.413,-0.413,1.561,0.940
398.525,-0.388,1.559,0.930
398.636,-0.359,1.556,0.917
398.747,-0.331,1.551,0.897
398.858,-0.303,1.548,0.873
398.969,-0.279,1.548,0.852
399.081,-0.258,1.548,0.834
399.192,-0.240,1.546,0.821
399.303,-0.226,1.546,0.813
399.414,-0.218,1.546,0.812
399.525,-0.215,1.545,0.816
399.636,-0.218,1.544,0.826
399.747,-0.225,1.544,0.840
399.859,-0.237,1.544,0.858
399.969,-0.254,1.544,0.879
400.081,-0.276,1.544,0.902
400.192,-0.302,1.544,0.923
400.303,-0.332,1.544,0.941
400.414,-0.364,1.543,0.957
400.525,-0.396,1.541,0.970
400.636,-0.426,1.540,0.980
400.746,-0.450,1.542,0.986
400.858,-0.468,1.541,0.990
400.969,-0.478,1.538,0.991
401.080,-0.480,1.538,0.988
401.192,-0.476,1.537,0.984
401.302,-0.464,1.534,0.978
401.413,-0.444,1.533,0.971
401.525,-0.417,1.535,0.959
401.635,-0.385,1.537,0.942
401.746,-0.348,1.540,0.920
401.858,-0.308,1.543,0.892
401.970,-0.270,1.545,0.862
402.080,-0.235,1.547,0.830
402.193,-0.208,1.549,0.798
402.303,-0.187,1.550,0.768
402.414,-0.172,1.551,0.740
402.525,-0.161,1.548,0.715
402.636,-0.153,1.545,0.695
402.747,-0.148,1.543,0.683
402.859,-0.146,1.544,0.680
402.969,-0.145,1.544,0.685
403.081,-0.148,1.543,0.701
403.192,-0.157,1.543,0.727
403.303,-0.175,1.543,0.759
403.414,-0.200,1.544,0.797
403.525,-0.234,1.545,0.833
403.636,-0.275,1.544,0.867
403.747,-0.319,1.547,0.899
403.858,-0.363,1.545,0.926
403.968,-0.402,1.541,0.945
404.080,-0.432,1.538,0.958
404.191,-0.451,1.534,0.969
404.302,-0.460,1.531,0.976
404.413,-0.460,1.532,0.981
404.525,-0.438,1.526,0.985
404.636,-0.401,1.515,0.977
404.747,-0.371,1.511,0.962
404.858,-0.354,1.511,0.954
404.970,-0.342,1.511,0.954
405.080,-0.333,1.511,0.956
405.192,-0.325,1.509,0.957
405.303,-0.318,1.507,0.957
405.414,-0.305,1.503,0.938
405.525,-0.295,1.493,0.909
405.636,-0.292,1.486,0.891
405.747,-0.285,1.483,0.894
405.858,-0.274,1.483,0.917
405.969,-0.257,1.486,0.943
406.080,-0.230,1.487,0.964
406.192,-0.191,1.484,0.979
406.303,-0.138,1.484,0.991
406.414,-0.071,1.492,1.000
406.525,-0.003,1.500,1.008
406.636,0.058,1.503,1.015
406.747,0.101,1.502,1.022
406.858,0.128,1.500,1.027
406.970,0.143,1.498,1.029
407.080,0.152,1.498,1.031
407.192,0.161,1.499,1.034
407.303,0.168,1.498,1.038
407.414,0.171,1.497,1.040
407.525,0.171,1.497,1.040
407.635,0.168,1.498,1.039
407.747,0.161,1.500,1.038
407.858,0.149,1.504,1.038
407.969,0.121,1.516,1.041
408.080,0.086,1.528,1.041
408.192,0.051,1.535,1.037
408.302,0.019,1.538,1.031
408.413,-0.009,1.537,1.026
408.524,-0.048,1.532,1.018
408.636,-0.094,1.525,1.001
408.747,-0.139,1.520,0.973
408.858,-0.181,1.516,0.937
408.969,-0.220,1.515,0.909
409.079,-0.257,1.516,0.901
409.191,-0.286,1.519,0.910
409.302,-0.297,1.526,0.930
409.413,-0.291,1.533,0.942
409.525,-0.279,1.535,0.939
409.635,-0.266,1.531,0.929
409.747,-0.246,1.525,0.917
409.858,-0.215,1.520,0.904
409.969,-0.182,1.516,0.885
410.080,-0.156,1.511,0.861
410.191,-0.137,1.505,0.835
410.302,-0.125,1.501,0.811
410.413,-0.121,1.501,0.791
410.525,-0.130,1.501,0.775
410.636,-0.151,1.498,0.765
410.746,-0.182,1.488,0.761
410.858,-0.218,1.485,0.764
410.969,-0.260,1.486,0.775
411.080,-0.302,1.486,0.788
411.191,-0.341,1.486,0.803
411.302,-0.374,1.484,0.817
411.413,-0.398,1.480,0.826
411.525,-0.414,1.480,0.832
411.635,-0.423,1.479,0.836
411.747,-0.428,1.479,0.838
411.858,-0.430,1.478,0.840
411.969,-0.429,1.478,0.841
412.080,-0.427,1.480,0.841
412.191,-0.422,1.484,0.838
412.302,-0.414,1.488,0.831
412.414,-0.406,1.493,0.825
412.527,-0.399,1.495,0.816
412.636,-0.391,1.498,0.808
412.747,-0.383,1.499,0.800
412.858,-0.375,1.500,0.794
412.969,-0.369,1.501,0.790
413.080,-0.364,1.501,0.790
413.192,-0.360,1.501,0.791
413.303,-0.357,1.501,0.794
413.414,-0.353,1.501,0.794
413.525,-0.348,1.501,0.792
413.637,-0.342,1.502,0.789
413.747,-0.337,1.502,0.785
413.859,-0.333,1.502,0.782
413.969,-0.328,1.502,0.780
414.080,-0.324,1.501,0.780
414.192,-0.321,1.501,0.781
414.303,-0.318,1.502,0.782
414.414,-0.315,1.502,0.785
414.525,-0.314,1.502,0.791
414.636,-0.314,1.502,0.799
414.747,-0.317,1.504,0.809
414.859,-0.322,1.507,0.819
414.969,-0.328,1.506,0.825
415.080,-0.340,1.504,0.834
415.192,-0.362,1.511,0.841
415.302,-0.401,1.529,0.844
415.413,-0.442,1.540,0.834
415.525,-0.480,1.544,0.815
415.636,-0.512,1.545,0.782
415.746,-0.525,1.546,0.740
415.858,-0.517,1.541,0.687
415.969,-0.488,1.536,0.644
416.080,-0.455,1.535,0.616
416.192,-0.432,1.535,0.595
416.303,-0.419,1.528,0.571
416.415,-0.418,1.510,0.552
416.526,-0.430,1.489,0.538
416.636,-0.449,1.478,0.530
416.747,-0.457,1.473,0.531
416.859,-0.462,1.475,0.541
416.970,-0.471,1.479,0.558
417.080,-0.483,1.481,0.578
417.192,-0.494,1.482,0.593
417.303,-0.499,1.482,0.608
417.414,-0.498,1.480,0.623
417.525,-0.494,1.482,0.640
417.636,-0.487,1.485,0.659
417.747,-0.472,1.492,0.679
417.859,-0.454,1.501,0.704
417.970,-0.444,1.518,0.725
418.081,-0.465,1.543,0.749
418.192,-0.480,1.558,0.804
418.303,-0.464,1.563,0.859
418.414,-0.438,1.564,0.890
418.525,-0.416,1.564,0.908
418.636,-0.402,1.563,0.922
418.747,-0.395,1.561,0.930
418.859,-0.392,1.561,0.932
418.970,-0.393,1.558,0.931
419.080,-0.397,1.551,0.930
419.192,-0.399,1.550,0.928
419.303,-0.395,1.552,0.920
419.414,-0.387,1.554,0.910
419.525,-0.385,1.555,0.907
419.637,-0.381,1.553,0.899
419.747,-0.360,1.543,0.879
419.859,-0.330,1.533,0.867
419.970,-0.304,1.527,0.867
420.081,-0.285,1.523,0.870
420.192,-0.271,1.523,0.875
420.303,-0.260,1.524,0.879
420.414,-0.251,1.522,0.879
420.526,-0.243,1.521,0.878
420.637,-0.235,1.519,0.878
420.747,-0.228,1.518,0.878
420.859,-0.222,1.515,0.878
420.970,-0.218,1.514,0.877
421.080,-0.220,1.511,0.875
421.192,-0.228,1.505,0.870
421.303,-0.239,1.497,0.866
421.413,-0.247,1.495,0.862
421.525,-0.249,1.495,0.859
421.636,-0.247,1.496,0.855
421.747,-0.242,1.497,0.852
421.859,-0.236,1.498,0.850
421.969,-0.230,1.497,0.849
422.080,-0.222,1.498,0.850
422.192,-0.211,1.499,0.851
422.302,-0.200,1.500,0.852
422.414,-0.189,1.501,0.853
422.525,-0.181,1.501,0.850
422.636,-0.175,1.500,0.840
422.747,-0.168,1.498,0.824
422.858,-0.163,1.495,0.801
422.969,-0.161,1.492,0.772
423.080,-0.160,1.495,0.740
423.192,-0.157,1.500,0.704
423.303,-0.154,1.501,0.665
423.414,-0.148,1.496,0.626
423.525,-0.141,1.487,0.593
423.636,-0.126,1.480,0.566
423.747,-0.108,1.474,0.544
423.858,-0.086,1.469,0.528
423.969,-0.062,1.465,0.522
424.080,-0.034,1.463,0.518
424.219,-0.001,1.458,0.515
424.331,0.018,1.457,0.512
424.442,0.024,1.465,0.511
424.553,0.020,1.487,0.518
424.663,0.013,1.520,0.536
424.775,0.013,1.541,0.559
424.886,0.021,1.540,0.563
424.998,0.034,1.511,0.547
425.108,0.055,1.473,0.535
425.220,0.066,1.462,0.527
425.330,0.069,1.461,0.522
425.442,0.070,1.458,0.518
425.553,0.070,1.456,0.513
425.664,0.072,1.453,0.509
425.775,0.075,1.451,0.500
425.886,0.077,1.447,0.489
425.997,0.076,1.445,0.481
426.108,0.073,1.446,0.480
426.219,0.072,1.449,0.484
426.331,0.075,1.451,0.490
426.442,0.079,1.454,0.495
426.553,0.086,1.456,0.500
426.664,0.092,1.457,0.503
426.775,0.098,1.458,0.507
426.886,0.102,1.459,0.512
426.997,0.104,1.459,0.518
427.108,0.104,1.462,0.524
427.220,0.101,1.463,0.531
427.331,0.094,1.465,0.537
427.442,0.082,1.473,0.545
427.553,0.063,1.483,0.554
427.664,0.043,1.489,0.567
427.775,0.026,1.499,0.582
427.886,0.015,1.515,0.596
427.998,0.010,1.524,0.608
428.108,0.006,1.528,0.613
428.220,0.005,1.536,0.615
428.331,0.006,1.543,0.615
428.442,0.006,1.543,0.609
428.553,0.010,1.541,0.600
428.664,0.020,1.537,0.589
428.775,0.029,1.534,0.580
428.886,0.033,1.532,0.575
428.997,0.029,1.531,0.573
429.109,0.015,1.530,0.575
429.220,-0.008,1.528,0.580
429.331,-0.038,1.528,0.589
429.442,-0.075,1.529,0.602
429.553,-0.116,1.532,0.617
429.664,-0.161,1.538,0.635
429.775,-0.210,1.544,0.657
429.886,-0.260,1.546,0.681
429.997,-0.310,1.544,0.710
430.108,-0.353,1.541,0.740
430.219,-0.388,1.541,0.760
430.331,-0.418,1.538,0.771
430.442,-0.452,1.535,0.773
430.553,-0.491,1.528,0.767
430.663,-0.538,1.523,0.758
430.775,-0.595,1.524,0.745
430.885,-0.659,1.528,0.730
430.997,-0.715,1.527,0.719
431.108,-0.767,1.528,0.715
431.219,-0.814,1.545,0.711
431.330,-0.861,1.544,0.709
431.441,-0.914,1.527,0.710
431.553,-0.968,1.504,0.704
431.664,-1.023,1.488,0.699
431.775,-1.082,1.490,0.701
431.886,-1.135,1.492,0.710
431.997,-1.178,1.492,0.716
432.109,-1.206,1.493,0.718
432.219,-1.224,1.493,0.720
432.331,-1.239,1.493,0.724
432.442,-1.265,1.499,0.738
432.553,-1.288,1.503,0.756
432.664,-1.300,1.504,0.766
432.775,-1.306,1.504,0.768
432.887,-1.305,1.501,0.761
432.997,-1.307,1.500,0.755
433.108,-1.318,1.504,0.755
433.220,-1.337,1.503,0.755
433.331,-1.364,1.505,0.748
433.442,-1.398,1.509,0.732
433.553,-1.439,1.504,0.704
433.664,-1.487,1.493,0.663
433.775,-1.545,1.488,0.604
433.886,-1.616,1.495,0.534
433.997,-1.691,1.500,0.470
434.108,-1.760,1.499,0.421
434.220,-1.817,1.493,0.383
434.331,-1.858,1.484,0.358
434.442,-1.886,1.475,0.343
434.553,-1.902,1.470,0.335
434.664,-1.906,1.469,0.331
434.775,-1.895,1.472,0.332
434.886,-1.859,1.479,0.339
434.997,-1.796,1.485,0.358
435.108,-1.727,1.490,0.405
435.220,-1.668,1.489,0.473
435.331,-1.624,1.483,0.542
435.442,-1.589,1.483,0.603
435.553,-1.557,1.498,0.647
435.664,-1.526,1.505,0.682
435.775,-1.490,1.510,0.706
435.886,-1.451,1.516,0.718
435.997,-1.408,1.518,0.723
436.108,-1.369,1.517,0.726
436.220,-1.344,1.519,0.726
436.331,-1.322,1.519,0.727
436.442,-1.292,1.518,0.731
436.553,-1.250,1.520,0.739
436.664,-1.208,1.525,0.747
436.775,-1.182,1.530,0.747
436.887,-1.162,1.533,0.750
436.998,-1.135,1.534,0.760
437.109,-1.103,1.530,0.776
437.220,-1.080,1.528,0.784
437.331,-1.061,1.529,0.784
437.442,-1.032,1.531,0.785
437.553,-0.998,1.529,0.780
437.665,-0.951,1.528,0.768
437.775,-0.891,1.524,0.748
437.887,-0.824,1.524,0.714
437.998,-0.751,1.528,0.672
438.109,-0.673,1.551,0.622
438.220,-0.596,1.565,0.591
438.331,-0.517,1.569,0.573
438.442,-0.431,1.555,0.555
438.554,-0.335,1.529,0.537
438.664,-0.233,1.502,0.519
438.776,-0.133,1.494,0.499
438.887,-0.050,1.494,0.477
438.998,0.011,1.490,0.458
439.109,0.048,1.485,0.449
439.220,0.068,1.482,0.448
439.331,0.078,1.481,0.453
439.442,0.078,1.482,0.460
439.553,0.072,1.484,0.467
439.664,0.065,1.484,0.473
439.776,0.056,1.487,0.477
439.887,0.047,1.491,0.481
439.998,0.037,1.495,0.484
440.109,0.024,1.500,0.490
440.217,0.007,1.505,0.495
440.317,-0.009,1.510,0.498
440.428,-0.024,1.512,0.499
440.539,-0.037,1.511,0.497
440.650,-0.053,1.512,0.495
440.762,-0.077,1.517,0.498
440.873,-0.110,1.522,0.508
440.983,-0.149,1.526,0.524
441.095,-0.192,1.529,0.544
441.206,-0.242,1.531,0.565
441.317,-0.297,1.531,0.589
441.428,-0.354,1.530,0.611
441.539,-0.410,1.526,0.629
441.650,-0.463,1.511,0.638
441.761,-0.514,1.497,0.643
441.872,-0.570,1.490,0.648
441.983,-0.632,1.485,0.651
442.094,-0.705,1.483,0.648
442.205,-0.790,1.489,0.642
442.316,-0.881,1.499,0.637
442.428,-0.976,1.505,0.641
442.538,-1.071,1.504,0.654
442.650,-1.165,1.495,0.675
442.761,-1.260,1.484,0.705
442.872,-1.360,1.488,0.738
442.983,-1.457,1.498,0.764
443.094,-1.546,1.502,0.777
443.205,-1.627,1.500,0.780
443.316,-1.698,1.493,0.775
443.427,-1.762,1.489,0.759
443.539,-1.821,1.490,0.740
443.650,-1.868,1.487,0.725
443.761,-1.899,1.484,0.713
443.872,-1.914,1.481,0.706
443.983,-1.913,1.479,0.704
444.094,-1.894,1.478,0.708
444.206,-1.856,1.480,0.720
444.318,-1.807,1.482,0.742
444.428,-1.755,1.480,0.766
444.539,-1.697,1.483,0.786
444.650,-1.640,1.496,0.807
444.761,-1.592,1.508,0.827
444.872,-1.539,1.518,0.842
444.983,-1.481,1.527,0.849
445.094,-1.409,1.531,0.849
445.206,-1.324,1.529,0.846
445.317,-1.227,1.530,0.844
445.428,-1.134,1.526,0.841
445.540,-1.049,1.532,0.828
445.650,-0.971,1.529,0.807
445.761,-0.897,1.520,0.775
445.873,-0.829,1.509,0.731
445.984,-0.760,1.507,0.678
446.095,-0.688,1.512,0.625
446.206,-0.617,1.518,0.577
446.317,-0.550,1.517,0.535
446.429,-0.482,1.507,0.497
446.540,-0.407,1.496,0.461
446.651,-0.324,1.486,0.426
446.762,-0.241,1.477,0.391
446.873,-0.167,1.470,0.357
446.984,-0.111,1.462,0.332
447.095,-0.074,1.455,0.312
447.206,-0.055,1.443,0.301
447.317,-0.049,1.437,0.305
447.429,-0.050,1.438,0.317
447.540,-0.059,1.437,0.329
447.650,-0.065,1.438,0.336
447.762,-0.066,1.437,0.339
447.873,-0.065,1.435,0.338
447.984,-0.066,1.432,0.337
448.095,-0.073,1.434,0.339
448.206,-0.087,1.442,0.346
448.317,-0.111,1.455,0.357
448.428,-0.144,1.469,0.373
448.539,-0.188,1.483,0.394
448.650,-0.244,1.498,0.424
448.762,-0.309,1.512,0.468
448.872,-0.370,1.520,0.515
448.984,-0.431,1.523,0.553
449.095,-0.496,1.523,0.586
449.206,-0.564,1.524,0.619
449.316,-0.639,1.525,0.646
449.427,-0.716,1.515,0.664
449.539,-0.791,1.502,0.674
449.650,-0.870,1.499,0.675
449.761,-0.955,1.505,0.663
449.872,-1.045,1.524,0.652
449.983,-1.133,1.537,0.655
450.094,-1.213,1.542,0.674
450.205,-1.287,1.536,0.704
450.316,-1.358,1.521,0.745
450.428,-1.432,1.505,0.799
450.539,-1.512,1.493,0.867
450.650,-1.602,1.505,0.943
450.761,-1.686,1.513,1.008
450.872,-1.759,1.511,1.056
450.983,-1.812,1.500,1.089
451.094,-1.845,1.492,1.110
451.206,-1.867,1.487,1.124
451.316,-1.883,1.483,1.135
451.428,-1.893,1.479,1.144
451.539,-1.900,1.477,1.150
451.650,-1.905,1.475,1.153
451.761,-1.908,1.474,1.154
451.872,-1.909,1.473,1.154
451.983,-1.909,1.473,1.154
452.094,-1.909,1.473,1.154
452.205,-1.909,1.472,1.155
452.316,-1.908,1.472,1.155
452.428,-1.906,1.471,1.154
452.539,-1.905,1.472,1.153
452.650,-1.901,1.472,1.153
452.761,-1.897,1.472,1.154
452.872,-1.890,1.472,1.156
452.983,-1.883,1.473,1.159
453.094,-1.875,1.474,1.162
453.205,-1.867,1.475,1.166
453.316,-1.859,1.477,1.168
453.427,-1.854,1.478,1.171
453.539,-1.849,1.478,1.174
453.649,-1.845,1.478,1.176
453.760,-1.842,1.479,1.179
453.871,-1.839,1.480,1.181
453.982,-1.838,1.480,1.183
454.094,-1.837,1.479,1.186
454.205,-1.835,1.480,1.190
454.316,-1.835,1.479,1.194
454.427,-1.834,1.477,1.198
454.538,-1.834,1.475,1.200
454.649,-1.834,1.474,1.200
454.765,-1.835,1.474,1.201
454.872,-1.837,1.474,1.202
454.982,-1.839,1.474,1.202
455.093,-1.842,1.474,1.200
455.205,-1.843,1.475,1.196
455.316,-1.844,1.478,1.189
455.427,-1.844,1.482,1.178
455.538,-1.845,1.487,1.166
455.649,-1.846,1.489,1.153
455.760,-1.847,1.492,1.138
455.872,-1.847,1.494,1.122
455.982,-1.845,1.494,1.106
456.094,-1.843,1.494,1.088
456.206,-1.838,1.493,1.069
456.316,-1.833,1.493,1.049
456.427,-1.820,1.493,1.027
456.539,-1.795,1.494,1.004
456.649,-1.758,1.496,0.979
456.761,-1.709,1.498,0.957
456.872,-1.655,1.498,0.935
456.983,-1.598,1.498,0.914
457.095,-1.542,1.497,0.895
457.205,-1.492,1.494,0.878
457.316,-1.447,1.491,0.864
457.427,-1.406,1.490,0.851
457.539,-1.365,1.490,0.834
457.648,-1.317,1.491,0.819
457.761,-1.263,1.493,0.804
457.872,-1.203,1.495,0.790
457.983,-1.143,1.499,0.772
458.095,-1.088,1.499,0.739
458.206,-1.030,1.506,0.687
458.317,-0.962,1.516,0.625
458.428,-0.891,1.515,0.572
458.539,-0.822,1.510,0.530
458.650,-0.755,1.500,0.494
458.761,-0.688,1.486,0.463
458.873,-0.616,1.476,0.438
458.983,-0.540,1.476,0.415
459.095,-0.475,1.479,0.393
459.206,-0.431,1.475,0.378
459.317,-0.407,1.471,0.368
459.428,-0.396,1.467,0.362
459.539,-0.389,1.467,0.357
459.650,-0.384,1.468,0.347
459.761,-0.380,1.467,0.328
459.873,-0.382,1.467,0.309
459.983,-0.388,1.467,0.299
460.095,-0.397,1.471,0.300
460.206,-0.406,1.481,0.315
460.317,-0.422,1.504,0.342
460.428,-0.445,1.525,0.377
460.539,-0.472,1.534,0.409
460.650,-0.497,1.535,0.434
460.762,-0.518,1.534,0.456
460.873,-0.532,1.535,0.471
460.983,-0.542,1.533,0.481
461.095,-0.548,1.530,0.488
461.206,-0.554,1.530,0.493
461.317,-0.561,1.530,0.499
461.428,-0.574,1.531,0.505
461.539,-0.595,1.534,0.513
461.650,-0.626,1.538,0.527
461.761,-0.664,1.542,0.545
461.873,-0.706,1.548,0.569
461.983,-0.750,1.547,0.592
462.094,-0.793,1.540,0.614
462.206,-0.831,1.536,0.635
462.317,-0.867,1.531,0.656
462.428,-0.902,1.524,0.671
462.539,-0.939,1.517,0.682
462.650,-0.981,1.510,0.691
462.761,-1.030,1.502,0.695
462.872,-1.087,1.496,0.687
462.983,-1.155,1.502,0.669
463.095,-1.229,1.499,0.649
463.206,-1.295,1.484,0.638
463.316,-1.346,1.466,0.633
463.428,-1.394,1.466,0.631
463.539,-1.436,1.466,0.633
463.649,-1.474,1.464,0.637
463.761,-1.516,1.465,0.645
463.872,-1.559,1.467,0.659
463.983,-1.608,1.468,0.679
464.094,-1.663,1.476,0.705
464.206,-1.717,1.489,0.732
464.317,-1.763,1.496,0.759
464.428,-1.794,1.500,0.777
464.539,-1.805,1.513,0.775
464.650,-1.795,1.533,0.759
464.761,-1.773,1.554,0.739
464.872,-1.752,1.567,0.722
464.983,-1.738,1.573,0.705
465.095,-1.724,1.575,0.679
465.206,-1.710,1.577,0.645
465.317,-1.702,1.574,0.608
465.429,-1.705,1.563,0.569
465.539,-1.719,1.535,0.536
465.650,-1.734,1.515,0.508
465.761,-1.743,1.506,0.483
465.873,-1.747,1.502,0.459
465.983,-1.754,1.499,0.437
466.095,-1.762,1.493,0.417
466.206,-1.769,1.486,0.400
466.317,-1.774,1.478,0.385
466.428,-1.777,1.472,0.373
466.539,-1.780,1.466,0.367
466.650,-1.781,1.464,0.363
466.762,-1.781,1.464,0.364
466.872,-1.780,1.464,0.367
466.983,-1.779,1.465,0.372
467.095,-1.777,1.466,0.377
467.206,-1.775,1.467,0.382
467.317,-1.770,1.471,0.388
467.428,-1.761,1.477,0.394
467.539,-1.743,1.484,0.392
467.650,-1.707,1.490,0.378
467.761,-1.658,1.492,0.374
467.873,-1.612,1.492,0.388
467.984,-1.581,1.489,0.419
468.095,-1.564,1.488,0.455
468.206,-1.555,1.485,0.492
468.317,-1.550,1.479,0.527
468.428,-1.546,1.477,0.561
468.539,-1.543,1.480,0.591
468.650,-1.567,1.483,0.617
468.761,-1.590,1.486,0.643
468.872,-1.598,1.485,0.659
468.983,-1.594,1.485,0.665
469.095,-1.574,1.482,0.659
469.206,-1.537,1.478,0.648
469.316,-1.501,1.480,0.640
469.428,-1.470,1.482,0.630
469.539,-1.441,1.483,0.613
469.649,-1.408,1.484,0.586
469.760,-1.370,1.485,0.553
469.872,-1.332,1.485,0.521
469.983,-1.301,1.483,0.494
470.094,-1.277,1.484,0.473
470.206,-1.259,1.486,0.456
470.316,-1.247,1.487,0.444
470.428,-1.239,1.488,0.436
470.538,-1.237,1.489,0.430
470.649,-1.238,1.488,0.427
470.761,-1.242,1.488,0.425
470.872,-1.248,1.490,0.424
470.983,-1.256,1.493,0.426
471.094,-1.262,1.494,0.431
471.206,-1.267,1.497,0.437
471.317,-1.270,1.501,0.442
471.428,-1.267,1.502,0.447
471.539,-1.258,1.505,0.453
471.650,-1.244,1.507,0.461
471.761,-1.233,1.508,0.465
471.872,-1.224,1.508,0.468
471.983,-1.218,1.507,0.470
472.095,-1.216,1.507,0.470
472.206,-1.218,1.508,0.469
472.317,-1.225,1.506,0.467
472.428,-1.231,1.506,0.464
472.539,-1.234,1.506,0.460
472.650,-1.233,1.504,0.457
472.761,-1.231,1.499,0.456
472.872,-1.238,1.496,0.451
472.984,-1.250,1.494,0.445
473.095,-1.265,1.490,0.442
473.206,-1.284,1.488,0.441
473.317,-1.302,1.487,0.444
473.428,-1.314,1.487,0.446
473.539,-1.323,1.487,0.449
473.650,-1.330,1.487,0.452
473.761,-1.334,1.487,0.454
473.872,-1.335,1.488,0.456
473.983,-1.336,1.489,0.456
474.095,-1.338,1.486,0.455
474.206,-1.343,1.479,0.452
474.317,-1.367,1.479,0.462
474.429,-1.403,1.483,0.486
474.539,-1.441,1.484,0.513
474.650,-1.482,1.480,0.519
474.761,-1.532,1.477,0.515
474.872,-1.592,1.477,0.509
474.983,-1.668,1.486,0.499
475.094,-1.744,1.492,0.485
475.206,-1.807,1.491,0.471
475.316,-1.851,1.487,0.463
475.428,-1.877,1.485,0.465
475.539,-1.892,1.486,0.471
475.650,-1.898,1.486,0.477
475.761,-1.902,1.483,0.480
475.872,-1.902,1.479,0.479
475.983,-1.898,1.477,0.475
476.095,-1.886,1.475,0.469
476.206,-1.862,1.476,0.463
476.316,-1.815,1.479,0.456
476.428,-1.752,1.487,0.454
476.539,-1.686,1.496,0.461
476.650,-1.620,1.503,0.474
476.760,-1.551,1.511,0.493
476.873,-1.473,1.513,0.516
476.983,-1.385,1.513,0.540
477.095,-1.298,1.506,0.559
477.206,-1.216,1.504,0.569
477.317,-1.142,1.499,0.564
477.428,-1.078,1.491,0.546
477.540,-1.023,1.483,0.513
477.650,-0.967,1.472,0.466
477.762,-0.903,1.470,0.402
477.872,-0.843,1.469,0.344
477.983,-0.798,1.466,0.304
478.095,-0.769,1.467,0.284
478.206,-0.748,1.466,0.280
478.317,-0.724,1.463,0.283
478.428,-0.697,1.462,0.287
478.539,-0.667,1.461,0.286
478.650,-0.649,1.465,0.284
478.761,-0.667,1.485,0.303
478.872,-0.690,1.505,0.353
478.983,-0.696,1.513,0.401
479.095,-0.699,1.516,0.431
479.206,-0.709,1.513,0.454
479.316,-0.733,1.508,0.476
479.427,-0.772,1.502,0.508
479.539,-0.828,1.501,0.556
479.649,-0.897,1.507,0.616
479.760,-0.973,1.512,0.680
479.872,-1.048,1.515,0.736
479.983,-1.119,1.518,0.778
480.094,-1.185,1.516,0.805
480.205,-1.250,1.510,0.821
480.316,-1.319,1.503,0.827
480.427,-1.392,1.502,0.825
480.539,-1.471,1.505,0.825
480.650,-1.543,1.505,0.833
480.760,-1.604,1.505,0.847
480.872,-1.657,1.500,0.865
480.983,-1.702,1.496,0.890
481.094,-1.743,1.498,0.923
481.205,-1.787,1.502,0.959
481.316,-1.827,1.498,0.993
481.427,-1.863,1.493,1.022
481.539,-1.892,1.487,1.042
481.649,-1.912,1.482,1.057
481.761,-1.924,1.479,1.067
481.872,-1.929,1.476,1.074
481.983,-1.932,1.476,1.078
482.094,-1.932,1.475,1.080
482.205,-1.932,1.475,1.081
482.316,-1.931,1.475,1.081
482.427,-1.930,1.475,1.081
482.539,-1.929,1.476,1.081
482.649,-1.927,1.477,1.083
482.761,-1.923,1.478,1.084
482.871,-1.919,1.480,1.085
482.982,-1.914,1.482,1.087
483.094,-1.908,1.483,1.089
483.205,-1.904,1.485,1.090
483.316,-1.902,1.485,1.091
483.427,-1.900,1.485,1.091
483.539,-1.898,1.486,1.090
483.649,-1.896,1.487,1.086
483.760,-1.896,1.488,1.082
483.872,-1.897,1.487,1.079
483.983,-1.897,1.488,1.078
484.094,-1.896,1.489,1.080
484.215,-1.895,1.490,1.083
484.323,-1.893,1.493,1.085
484.434,-1.891,1.494,1.087
484.546,-1.890,1.494,1.089
484.657,-1.889,1.494,1.093
484.760,-1.889,1.493,1.095
484.872,-1.889,1.493,1.098
484.982,-1.892,1.490,1.102
485.094,-1.894,1.487,1.109
485.205,-1.896,1.485,1.115
485.316,-1.899,1.484,1.120
485.428,-1.901,1.482,1.126
485.538,-1.902,1.481,1.129
485.649,-1.903,1.481,1.131
485.760,-1.904,1.482,1.133
485.872,-1.904,1.482,1.133
485.982,-1.904,1.482,1.134
486.094,-1.904,1.482,1.134
486.205,-1.904,1.483,1.134
486.316,-1.902,1.483,1.134
486.427,-1.901,1.483,1.134
486.538,-1.900,1.483,1.135
486.649,-1.899,1.483,1.136
486.761,-1.899,1.483,1.139
486.872,-1.900,1.483,1.141
486.983,-1.903,1.481,1.138
487.094,-1.906,1.482,1.136
487.205,-1.909,1.481,1.129
487.316,-1.911,1.479,1.118
487.427,-1.911,1.478,1.102
487.538,-1.904,1.476,1.084
487.650,-1.891,1.476,1.052
487.761,-1.856,1.488,0.995
487.872,-1.786,1.500,0.949
487.983,-1.703,1.511,0.927
488.094,-1.620,1.517,0.915
488.206,-1.536,1.519,0.896
488.317,-1.435,1.522,0.873
488.428,-1.327,1.520,0.850
488.539,-1.227,1.524,0.819
488.650,-1.142,1.518,0.787
488.762,-1.065,1.503,0.746
488.873,-0.990,1.489,0.696
488.984,-0.911,1.482,0.638
489.095,-0.826,1.489,0.577
489.207,-0.747,1.495,0.525
489.317,-0.679,1.494,0.484
489.429,-0.625,1.486,0.457
489.539,-0.588,1.482,0.449
489.650,-0.565,1.483,0.448
489.762,-0.554,1.481,0.446
489.873,-0.551,1.476,0.452
489.983,-0.553,1.473,0.456
490.094,-0.565,1.471,0.458
490.206,-0.584,1.470,0.461
490.317,-0.608,1.470,0.468
490.428,-0.640,1.472,0.477
490.539,-0.680,1.476,0.489
490.650,-0.726,1.483,0.503
490.762,-0.773,1.491,0.519
490.873,-0.811,1.492,0.534
490.983,-0.832,1.487,0.540
491.095,-0.837,1.480,0.537
491.206,-0.832,1.478,0.529
491.317,-0.817,1.474,0.518
491.428,-0.798,1.471,0.507
491.539,-0.779,1.469,0.497
491.650,-0.763,1.470,0.494
491.761,-0.753,1.474,0.497
491.873,-0.752,1.479,0.505
491.983,-0.756,1.483,0.516
492.095,-0.764,1.488,0.530
492.206,-0.778,1.493,0.544
492.317,-0.801,1.503,0.561
492.428,-0.834,1.517,0.583
492.539,-0.872,1.528,0.610
492.650,-0.909,1.531,0.634
492.762,-0.944,1.531,0.654
492.873,-0.973,1.534,0.669
492.983,-0.995,1.538,0.675
493.095,-1.019,1.545,0.674
493.206,-1.048,1.544,0.670
493.317,-1.080,1.542,0.664
493.428,-1.117,1.542,0.657
493.539,-1.157,1.543,0.646
493.650,-1.204,1.552,0.628
493.761,-1.256,1.554,0.611
493.872,-1.305,1.553,0.601
493.983,-1.346,1.553,0.598
494.095,-1.378,1.546,0.600
494.206,-1.401,1.536,0.600
494.317,-1.419,1.526,0.601
494.428,-1.433,1.517,0.597
494.539,-1.444,1.510,0.588
494.650,-1.456,1.505,0.580
494.762,-1.468,1.498,0.576
494.873,-1.482,1.488,0.576
494.983,-1.492,1.481,0.579
495.095,-1.498,1.477,0.576
495.205,-1.503,1.474,0.566
495.316,-1.512,1.473,0.552
495.428,-1.528,1.472,0.536
495.539,-1.555,1.469,0.519
495.650,-1.597,1.466,0.499
495.761,-1.653,1.463,0.474
495.873,-1.720,1.464,0.444
495.983,-1.785,1.466,0.412
496.095,-1.828,1.466,0.386
496.206,-1.850,1.466,0.366
496.317,-1.858,1.468,0.350
496.430,-1.860,1.468,0.337
496.539,-1.859,1.468,0.324
496.650,-1.851,1.466,0.315
496.762,-1.818,1.468,0.304
496.875,-1.751,1.474,0.302
496.983,-1.672,1.482,0.325
497.095,-1.595,1.487,0.359
497.206,-1.521,1.485,0.394
497.317,-1.443,1.480,0.432
497.428,-1.366,1.477,0.468
497.539,-1.295,1.480,0.494
497.650,-1.232,1.482,0.503
497.762,-1.169,1.473,0.493
497.872,-1.107,1.456,0.471
497.983,-1.041,1.443,0.442
498.095,-0.967,1.441,0.402
498.206,-0.903,1.447,0.372
498.317,-0.849,1.460,0.359
498.428,-0.803,1.472,0.357
498.539,-0.756,1.476,0.356
498.650,-0.703,1.475,0.352
498.762,-0.644,1.473,0.340
498.873,-0.599,1.473,0.326
498.984,-0.576,1.477,0.320
499.095,-0.569,1.485,0.329
499.206,-0.581,1.507,0.356
499.317,-0.606,1.526,0.405
499.428,-0.633,1.537,0.468
499.539,-0.656,1.543,0.527
499.650,-0.681,1.542,0.579
499.761,-0.714,1.541,0.628
499.872,-0.751,1.539,0.676
499.983,-0.793,1.538,0.727
500.094,-0.834,1.536,0.775
500.205,-0.874,1.532,0.814
500.316,-0.910,1.529,0.842
500.427,-0.943,1.524,0.862
500.539,-0.981,1.514,0.872
500.649,-1.026,1.499,0.866
500.761,-1.071,1.492,0.835
500.872,-1.105,1.490,0.782
500.983,-1.131,1.491,0.737
501.095,-1.156,1.486,0.713
501.206,-1.181,1.487,0.703
501.317,-1.202,1.490,0.701
501.428,-1.218,1.491,0.706
501.539,-1.234,1.495,0.709
501.650,-1.246,1.495,0.704
501.761,-1.251,1.493,0.690
501.872,-1.245,1.491,0.671
501.983,-1.227,1.491,0.645
502.095,-1.199,1.489,0.613
502.206,-1.166,1.486,0.578
502.316,-1.137,1.484,0.544
502.428,-1.117,1.482,0.516
502.538,-1.107,1.483,0.495
502.649,-1.107,1.483,0.482
502.761,-1.113,1.485,0.475
502.872,-1.127,1.489,0.473
502.982,-1.152,1.492,0.479
503.094,-1.186,1.494,0.496
503.205,-1.226,1.496,0.524
503.316,-1.272,1.495,0.560
503.427,-1.322,1.493,0.598
503.539,-1.380,1.491,0.632
503.650,-1.443,1.492,0.661
503.761,-1.500,1.491,0.677
503.872,-1.550,1.491,0.681
503.983,-1.594,1.491,0.671
504.094,-1.637,1.491,0.646
504.206,-1.677,1.490,0.607
504.316,-1.713,1.491,0.556
504.428,-1.746,1.491,0.501
504.539,-1.773,1.488,0.452
504.650,-1.793,1.484,0.416
504.761,-1.806,1.478,0.391
504.872,-1.814,1.474,0.376
504.983,-1.818,1.469,0.361
505.095,-1.814,1.458,0.341
505.206,-1.804,1.446,0.327
505.316,-1.793,1.440,0.317
505.428,-1.783,1.432,0.311
505.539,-1.770,1.426,0.305
505.649,-1.763,1.425,0.304
505.761,-1.772,1.428,0.313
505.872,-1.798,1.432,0.337
505.983,-1.827,1.435,0.381
506.094,-1.847,1.443,0.437
506.205,-1.858,1.451,0.492
506.316,-1.866,1.460,0.545
506.427,-1.870,1.464,0.597
506.538,-1.871,1.466,0.649
506.649,-1.873,1.469,0.706
506.760,-1.874,1.472,0.770
506.872,-1.875,1.474,0.834
506.982,-1.874,1.473,0.887
507.094,-1.874,1.472,0.925
507.205,-1.872,1.471,0.949
507.316,-1.870,1.472,0.956
507.427,-1.867,1.480,0.941
507.538,-1.848,1.493,0.892
507.650,-1.785,1.508,0.836
507.761,-1.694,1.521,0.802
507.873,-1.596,1.526,0.788
507.984,-1.496,1.525,0.781
508.095,-1.396,1.516,0.769
508.206,-1.300,1.508,0.754
508.317,-1.212,1.513,0.742
508.428,-1.131,1.525,0.726
508.539,-1.059,1.525,0.705
508.650,-0.994,1.515,0.678
508.761,-0.930,1.502,0.641
508.872,-0.862,1.498,0.595
508.983,-0.793,1.503,0.549
509.095,-0.728,1.505,0.511
509.206,-0.669,1.501,0.481
509.316,-0.612,1.496,0.460
509.428,-0.554,1.488,0.455
509.539,-0.493,1.482,0.463
509.650,-0.429,1.484,0.468
509.761,-0.375,1.483,0.469
509.873,-0.336,1.481,0.467
509.984,-0.310,1.477,0.464
510.095,-0.292,1.475,0.460
510.206,-0.282,1.473,0.456
510.317,-0.280,1.472,0.452
510.429,-0.283,1.473,0.450
510.539,-0.290,1.476,0.448
510.650,-0.300,1.479,0.446
510.762,-0.308,1.480,0.446
510.873,-0.313,1.480,0.445
510.983,-0.318,1.480,0.442
511.095,-0.320,1.478,0.440
511.206,-0.320,1.478,0.438
511.317,-0.320,1.479,0.438
511.428,-0.323,1.480,0.437
511.539,-0.326,1.481,0.440
511.650,-0.334,1.485,0.440
511.761,-0.349,1.491,0.437
511.872,-0.371,1.495,0.436
511.983,-0.403,1.501,0.449
512.095,-0.443,1.512,0.471
512.206,-0.489,1.523,0.498
512.317,-0.539,1.533,0.528
512.428,-0.596,1.542,0.566
512.539,-0.657,1.549,0.602
512.650,-0.721,1.553,0.635
512.761,-0.782,1.551,0.664
512.872,-0.836,1.546,0.684
512.983,-0.887,1.545,0.693
513.094,-0.931,1.543,0.691
513.205,-0.969,1.540,0.680
513.316,-1.004,1.536,0.661
513.428,-1.040,1.527,0.635
513.539,-1.082,1.518,0.603
513.649,-1.126,1.500,0.574
513.761,-1.165,1.483,0.546
513.870,-1.197,1.476,0.529
513.981,-1.221,1.472,0.521
514.094,-1.243,1.473,0.525
514.205,-1.263,1.474,0.536
514.314,-1.289,1.476,0.557
514.427,-1.321,1.475,0.592
514.539,-1.360,1.472,0.633
514.649,-1.412,1.467,0.677
514.761,-1.479,1.467,0.727
514.872,-1.559,1.477,0.782
514.983,-1.629,1.487,0.834
515.094,-1.692,1.494,0.874
515.205,-1.740,1.494,0.902
515.316,-1.770,1.491,0.922
515.427,-1.792,1.489,0.935
515.539,-1.812,1.484,0.944
515.650,-1.828,1.480,0.948
515.761,-1.841,1.473,0.943
515.872,-1.849,1.467,0.924
515.983,-1.849,1.468,0.895
516.094,-1.846,1.468,0.878
516.206,-1.846,1.467,0.873
516.316,-1.847,1.468,0.877
516.427,-1.850,1.469,0.889
516.538,-1.853,1.471,0.904
516.649,-1.857,1.474,0.917
516.761,-1.863,1.475,0.928
516.872,-1.873,1.474,0.938
516.982,-1.882,1.471,0.946
517.094,-1.883,1.468,0.947
517.205,-1.878,1.473,0.937
517.317,-1.868,1.481,0.925
517.428,-1.852,1.486,0.910
517.539,-1.832,1.495,0.883
517.650,-1.802,1.506,0.843
517.761,-1.753,1.514,0.804
517.872,-1.689,1.519,0.781
517.983,-1.615,1.525,0.772
518.095,-1.535,1.527,0.769
518.206,-1.444,1.525,0.767
518.317,-1.340,1.519,0.761
518.428,-1.238,1.511,0.755
518.539,-1.150,1.511,0.744
518.650,-1.075,1.508,0.726
518.761,-1.010,1.496,0.702
518.872,-0.951,1.482,0.671
518.983,-0.885,1.476,0.627
519.095,-0.809,1.481,0.576
519.206,-0.737,1.490,0.526
519.317,-0.675,1.496,0.485
519.428,-0.621,1.498,0.451
519.539,-0.570,1.495,0.417
519.650,-0.512,1.488,0.386
519.761,-0.441,1.482,0.351
519.872,-0.376,1.476,0.310
519.983,-0.333,1.469,0.273
520.095,-0.308,1.463,0.250
520.206,-0.294,1.460,0.242
520.317,-0.286,1.460,0.248
520.428,-0.286,1.465,0.262
520.539,-0.292,1.468,0.279
520.650,-0.299,1.469,0.294
520.761,-0.310,1.472,0.308
520.872,-0.326,1.472,0.320
520.983,-0.355,1.476,0.331
521.095,-0.396,1.481,0.354
521.206,-0.443,1.487,0.387
521.316,-0.499,1.494,0.428
521.428,-0.567,1.499,0.476
521.539,-0.649,1.505,0.532
521.649,-0.734,1.512,0.593
521.761,-0.814,1.513,0.650
521.872,-0.887,1.515,0.698
521.982,-0.955,1.510,0.736
522.094,-1.023,1.500,0.766
522.205,-1.100,1.489,0.788
522.316,-1.186,1.480,0.802
522.427,-1.278,1.482,0.813
522.539,-1.361,1.484,0.829
522.649,-1.432,1.481,0.847
522.761,-1.499,1.475,0.871
522.872,-1.564,1.468,0.902
522.983,-1.631,1.466,0.939
523.094,-1.702,1.476,0.979
523.205,-1.766,1.481,1.014
523.316,-1.814,1.478,1.040
523.427,-1.849,1.476,1.057
523.539,-1.875,1.472,1.069
523.649,-1.893,1.469,1.080
523.761,-1.908,1.466,1.087
523.872,-1.917,1.465,1.093
523.983,-1.924,1.463,1.096
524.094,-1.928,1.461,1.098
524.205,-1.931,1.461,1.100
524.316,-1.932,1.460,1.100
524.427,-1.932,1.459,1.100
524.539,-1.932,1.460,1.098
524.649,-1.932,1.462,1.097
524.761,-1.931,1.462,1.096
524.872,-1.930,1.462,1.095
524.983,-1.930,1.462,1.095
525.094,-1.931,1.463,1.094
525.205,-1.931,1.463,1.094
525.316,-1.932,1.462,1.093
525.427,-1.932,1.462,1.093
525.539,-1.933,1.462,1.093
525.650,-1.934,1.462,1.093
525.761,-1.935,1.462,1.092
525.872,-1.936,1.462,1.092
525.983,-1.937,1.462,1.092
526.094,-1.939,1.462,1.092
526.205,-1.941,1.463,1.088
526.316,-1.941,1.463,1.083
526.427,-1.941,1.464,1.075
526.539,-1.942,1.466,1.073
526.649,-1.943,1.466,1.085
526.761,-1.942,1.467,1.091
526.872,-1.939,1.467,1.086
526.983,-1.937,1.467,1.083
527.094,-1.934,1.468,1.088
527.205,-1.931,1.468,1.093
527.316,-1.928,1.469,1.094
527.427,-1.925,1.469,1.096
527.538,-1.924,1.467,1.099
527.650,-1.922,1.465,1.101
527.760,-1.920,1.462,1.100
527.872,-1.918,1.461,1.094
527.983,-1.917,1.462,1.079
528.094,-1.916,1.463,1.052
528.205,-1.915,1.462,1.018
528.317,-1.908,1.462,0.976
528.428,-1.900,1.459,0.928
528.539,-1.892,1.457,0.876
528.650,-1.882,1.454,0.823
528.762,-1.875,1.457,0.773
528.873,-1.873,1.460,0.727
528.983,-1.872,1.457,0.691
529.095,-1.871,1.455,0.665
529.206,-1.868,1.456,0.647
529.317,-1.866,1.457,0.635
529.427,-1.865,1.457,0.629
529.539,-1.867,1.457,0.625
529.650,-1.871,1.459,0.623
529.761,-1.877,1.460,0.624
529.872,-1.885,1.459,0.629
529.983,-1.892,1.459,0.640
530.094,-1.892,1.460,0.659
530.205,-1.883,1.464,0.686
530.316,-1.863,1.472,0.713
530.428,-1.833,1.484,0.730
530.539,-1.788,1.493,0.748
530.650,-1.736,1.501,0.772
530.761,-1.682,1.513,0.794
530.873,-1.625,1.519,0.812
530.983,-1.558,1.523,0.827
531.095,-1.485,1.522,0.837
531.206,-1.403,1.521,0.843
531.317,-1.331,1.517,0.852
531.428,-1.275,1.520,0.860
531.539,-1.232,1.524,0.867
531.650,-1.195,1.524,0.873
531.761,-1.165,1.523,0.877
531.873,-1.144,1.522,0.879
531.983,-1.132,1.518,0.878
532.095,-1.125,1.516,0.874
532.206,-1.124,1.516,0.867
532.317,-1.127,1.515,0.860
532.428,-1.131,1.515,0.852
532.539,-1.134,1.515,0.846
532.650,-1.136,1.514,0.841
532.761,-1.137,1.514,0.836
532.873,-1.145,1.514,0.821
532.983,-1.164,1.527,0.803
533.095,-1.180,1.540,0.799
533.206,-1.185,1.545,0.803
533.317,-1.184,1.545,0.811
533.429,-1.188,1.549,0.817
533.539,-1.190,1.553,0.824
533.651,-1.178,1.538,0.830
533.762,-1.165,1.515,0.837
533.872,-1.155,1.506,0.844
533.983,-1.155,1.504,0.847
534.095,-1.157,1.505,0.846
534.206,-1.159,1.506,0.845
534.317,-1.156,1.517,0.852
534.428,-1.154,1.540,0.872
534.539,-1.162,1.562,0.891
534.650,-1.173,1.569,0.904
534.761,-1.181,1.569,0.910
534.872,-1.187,1.568,0.912
534.984,-1.192,1.569,0.913
535.095,-1.195,1.568,0.914
535.206,-1.197,1.568,0.915
535.317,-1.199,1.569,0.915
535.428,-1.198,1.568,0.915
535.539,-1.198,1.569,0.915
535.650,-1.199,1.569,0.915
535.762,-1.201,1.566,0.904
535.873,-1.211,1.558,0.873
535.983,-1.233,1.550,0.843
536.095,-1.260,1.542,0.821
536.206,-1.286,1.535,0.807
536.317,-1.311,1.528,0.799
536.428,-1.337,1.518,0.796
536.539,-1.363,1.509,0.798
536.650,-1.385,1.506,0.803
536.762,-1.401,1.507,0.814
536.873,-1.410,1.507,0.824
536.984,-1.415,1.508,0.832
537.095,-1.417,1.507,0.837
537.206,-1.418,1.506,0.840
537.316,-1.417,1.503,0.838
537.428,-1.406,1.491,0.821
537.539,-1.376,1.484,0.795
537.650,-1.324,1.488,0.778
537.762,-1.266,1.496,0.787
537.873,-1.225,1.503,0.814
537.983,-1.202,1.507,0.839
538.095,-1.190,1.508,0.852
538.206,-1.184,1.508,0.857
538.316,-1.182,1.508,0.857
538.428,-1.180,1.509,0.855
538.539,-1.177,1.509,0.854
538.650,-1.170,1.511,0.853
538.762,-1.157,1.512,0.855
538.873,-1.136,1.511,0.860
538.983,-1.111,1.509,0.864
539.095,-1.081,1.508,0.865
539.206,-1.050,1.507,0.863
539.317,-1.015,1.506,0.853
539.428,-0.974,1.508,0.834
539.539,-0.928,1.515,0.806
539.650,-0.878,1.529,0.774
539.761,-0.829,1.534,0.748
539.872,-0.780,1.536,0.730
539.984,-0.733,1.537,0.721
540.095,-0.684,1.537,0.716
540.206,-0.633,1.543,0.706
540.317,-0.586,1.548,0.700
540.429,-0.540,1.558,0.709
540.539,-0.493,1.568,0.726
540.651,-0.449,1.570,0.739
540.762,-0.411,1.572,0.742
540.873,-0.384,1.571,0.737
540.984,-0.374,1.569,0.726
541.095,-0.374,1.566,0.713
541.206,-0.375,1.566,0.701
541.317,-0.375,1.567,0.692
541.428,-0.376,1.570,0.685
541.540,-0.378,1.569,0.678
541.651,-0.382,1.565,0.669
541.762,-0.386,1.559,0.660
541.873,-0.387,1.555,0.654
541.984,-0.385,1.555,0.653
542.095,-0.381,1.554,0.653
542.206,-0.371,1.546,0.657
542.317,-0.353,1.534,0.665
542.429,-0.332,1.525,0.683
542.540,-0.316,1.520,0.709
542.651,-0.308,1.517,0.732
542.762,-0.305,1.516,0.747
542.873,-0.304,1.515,0.757
542.984,-0.304,1.515,0.764
543.095,-0.304,1.515,0.768
543.206,-0.304,1.516,0.770
543.317,-0.304,1.516,0.771
543.429,-0.304,1.517,0.770
543.540,-0.304,1.517,0.768
543.650,-0.305,1.517,0.766
543.762,-0.303,1.517,0.763
543.873,-0.299,1.515,0.761
543.983,-0.296,1.512,0.763
544.095,-0.293,1.509,0.763
544.214,-0.292,1.508,0.761
544.324,-0.290,1.506,0.757
544.435,-0.288,1.507,0.752
544.546,-0.287,1.509,0.740
544.657,-0.285,1.508,0.736
544.760,-0.285,1.509,0.728
544.872,-0.286,1.508,0.712
544.982,-0.287,1.507,0.700
545.094,-0.289,1.504,0.692
545.206,-0.288,1.502,0.688
545.317,-0.287,1.501,0.685
545.428,-0.287,1.502,0.681
545.539,-0.288,1.503,0.677
545.650,-0.292,1.503,0.675
545.761,-0.297,1.505,0.672
545.873,-0.300,1.506,0.669
545.984,-0.303,1.508,0.668
546.095,-0.304,1.509,0.667
546.206,-0.301,1.509,0.670
546.317,-0.296,1.510,0.679
546.428,-0.287,1.512,0.696
546.539,-0.277,1.515,0.717
546.650,-0.271,1.517,0.741
546.762,-0.275,1.518,0.763
546.872,-0.283,1.518,0.776
546.983,-0.290,1.519,0.783
547.095,-0.295,1.519,0.786
547.205,-0.298,1.520,0.785
547.317,-0.295,1.526,0.774
547.428,-0.291,1.544,0.742
547.539,-0.301,1.560,0.702
547.651,-0.321,1.569,0.671
547.762,-0.339,1.574,0.657
547.873,-0.348,1.573,0.652
547.984,-0.353,1.572,0.653
548.095,-0.356,1.571,0.654
548.206,-0.357,1.569,0.654
548.317,-0.355,1.567,0.653
548.429,-0.351,1.565,0.651
548.540,-0.347,1.563,0.648
548.651,-0.343,1.563,0.647
548.762,-0.338,1.563,0.648
548.873,-0.333,1.565,0.650
548.984,-0.328,1.567,0.649
549.095,-0.325,1.568,0.649
549.206,-0.321,1.568,0.648
549.317,-0.316,1.568,0.647
549.429,-0.300,1.568,0.656
549.539,-0.288,1.566,0.668
549.650,-0.282,1.564,0.675
549.762,-0.283,1.561,0.671
549.873,-0.285,1.556,0.662
549.983,-0.285,1.546,0.655
550.094,-0.285,1.533,0.651
550.205,-0.284,1.520,0.651
550.316,-0.283,1.513,0.651
550.427,-0.276,1.507,0.658
550.538,-0.264,1.505,0.670
550.650,-0.251,1.506,0.682
550.761,-0.244,1.507,0.689
550.872,-0.244,1.509,0.695
550.983,-0.252,1.511,0.700
551.094,-0.264,1.516,0.702
551.206,-0.276,1.523,0.705
551.316,-0.284,1.528,0.707
551.428,-0.285,1.531,0.702
551.539,-0.282,1.532,0.695
551.650,-0.276,1.532,0.682
551.761,-0.275,1.531,0.654
551.873,-0.285,1.529,0.622
551.984,-0.303,1.527,0.598
552.095,-0.315,1.523,0.584
552.206,-0.324,1.520,0.574
552.317,-0.330,1.516,0.569
552.428,-0.333,1.513,0.566
552.539,-0.333,1.509,0.567
552.650,-0.331,1.509,0.570
552.761,-0.326,1.508,0.573
552.872,-0.320,1.508,0.577
552.983,-0.304,1.510,0.587
553.095,-0.285,1.513,0.611
553.206,-0.274,1.516,0.633
553.317,-0.272,1.519,0.643
553.428,-0.272,1.520,0.646
553.539,-0.270,1.522,0.648
553.651,-0.269,1.525,0.650
553.762,-0.270,1.533,0.657
553.873,-0.268,1.539,0.684
553.984,-0.270,1.540,0.725
554.095,-0.284,1.540,0.764
554.206,-0.308,1.540,0.794
554.317,-0.335,1.538,0.812
554.428,-0.352,1.537,0.816
554.539,-0.354,1.537,0.812
554.649,-0.349,1.537,0.808
554.761,-0.336,1.539,0.802
554.873,-0.307,1.544,0.782
554.984,-0.282,1.555,0.743
555.095,-0.283,1.570,0.696
555.206,-0.300,1.578,0.669
555.317,-0.309,1.582,0.661
555.429,-0.313,1.578,0.659
555.540,-0.315,1.567,0.657
555.650,-0.313,1.560,0.656
555.762,-0.304,1.552,0.654
555.873,-0.298,1.550,0.653
555.984,-0.298,1.552,0.652
556.095,-0.298,1.549,0.649
556.206,-0.296,1.550,0.645
556.317,-0.294,1.550,0.643
556.429,-0.295,1.554,0.644
556.539,-0.297,1.555,0.647
556.651,-0.299,1.557,0.649
556.762,-0.299,1.563,0.650
556.873,-0.300,1.569,0.650
556.984,-0.304,1.571,0.650
557.095,-0.313,1.570,0.651
557.206,-0.321,1.569,0.652
557.317,-0.326,1.567,0.653
557.428,-0.330,1.565,0.653
557.540,-0.329,1.564,0.654
557.651,-0.324,1.562,0.659
557.762,-0.316,1.560,0.666
557.873,-0.308,1.561,0.671
557.984,-0.297,1.564,0.674
558.095,-0.288,1.564,0.680
558.206,-0.289,1.565,0.688
558.317,-0.295,1.564,0.695
558.428,-0.298,1.563,0.699
558.540,-0.294,1.567,0.698
558.651,-0.289,1.564,0.694
558.762,-0.290,1.559,0.690
558.873,-0.298,1.553,0.690
558.984,-0.304,1.558,0.692
559.095,-0.304,1.561,0.695
559.206,-0.304,1.556,0.701
559.317,-0.306,1.558,0.708
559.428,-0.306,1.563,0.717
559.539,-0.303,1.563,0.725
559.651,-0.304,1.558,0.732
559.762,-0.312,1.558,0.739
559.873,-0.319,1.561,0.742
559.983,-0.321,1.563,0.741
560.095,-0.321,1.561,0.738
560.206,-0.322,1.561,0.736
560.317,-0.324,1.562,0.735
560.428,-0.326,1.563,0.735
560.539,-0.327,1.564,0.735
560.650,-0.328,1.563,0.735
560.761,-0.329,1.564,0.737
560.872,-0.330,1.564,0.739
560.984,-0.331,1.564,0.741
561.095,-0.331,1.564,0.741
561.206,-0.330,1.565,0.740
561.317,-0.328,1.567,0.737
561.428,-0.326,1.567,0.733
561.539,-0.326,1.569,0.728
561.650,-0.332,1.578,0.725
561.761,-0.345,1.591,0.723
561.873,-0.357,1.600,0.725
561.984,-0.363,1.602,0.726
562.095,-0.368,1.602,0.727
562.206,-0.372,1.602,0.727
562.317,-0.372,1.599,0.725
562.429,-0.365,1.595,0.721
562.540,-0.356,1.592,0.716
562.651,-0.347,1.589,0.712
562.762,-0.343,1.587,0.711
562.873,-0.343,1.586,0.711
562.984,-0.345,1.585,0.710
563.095,-0.348,1.585,0.708
563.206,-0.353,1.584,0.706
563.317,-0.356,1.583,0.706
563.429,-0.358,1.583,0.706
563.539,-0.358,1.583,0.707
563.651,-0.357,1.582,0.710
563.762,-0.356,1.582,0.712
563.873,-0.354,1.583,0.713
563.984,-0.352,1.583,0.712
564.095,-0.350,1.582,0.712
564.206,-0.349,1.581,0.711
564.317,-0.347,1.580,0.710
564.428,-0.344,1.576,0.706
564.539,-0.340,1.572,0.704
564.651,-0.336,1.571,0.703
564.762,-0.334,1.570,0.703
564.873,-0.332,1.570,0.704
564.984,-0.332,1.570,0.706
565.095,-0.333,1.570,0.706
565.206,-0.335,1.569,0.706
565.317,-0.336,1.569,0.707
565.428,-0.338,1.569,0.706
565.539,-0.339,1.567,0.706
565.650,-0.337,1.566,0.707
565.762,-0.337,1.564,0.709
565.873,-0.336,1.564,0.710
565.984,-0.334,1.564,0.713
566.095,-0.330,1.563,0.715
566.206,-0.327,1.563,0.717
566.317,-0.325,1.562,0.720
566.429,-0.322,1.562,0.722
566.539,-0.321,1.561,0.722
566.651,-0.319,1.560,0.721
566.762,-0.317,1.559,0.720
566.873,-0.316,1.558,0.719
566.984,-0.317,1.558,0.718
567.095,-0.318,1.557,0.718
567.206,-0.318,1.557,0.720
567.317,-0.317,1.556,0.721
567.428,-0.316,1.556,0.724
567.539,-0.315,1.555,0.729
567.650,-0.315,1.555,0.733
567.762,-0.313,1.554,0.738
567.872,-0.313,1.553,0.744
567.984,-0.314,1.552,0.749
568.095,-0.313,1.552,0.754
568.206,-0.313,1.551,0.757
568.317,-0.311,1.551,0.759
568.428,-0.311,1.549,0.761
568.539,-0.309,1.548,0.764
568.650,-0.308,1.548,0.766
568.762,-0.306,1.548,0.769
568.873,-0.305,1.547,0.771
568.983,-0.299,1.552,0.770
569.095,-0.295,1.550,0.773
569.206,-0.292,1.545,0.780
569.317,-0.289,1.543,0.788
569.428,-0.289,1.537,0.795
569.539,-0.291,1.534,0.802
569.650,-0.296,1.534,0.806
569.762,-0.302,1.536,0.813
569.873,-0.309,1.534,0.823
569.984,-0.314,1.532,0.831
570.095,-0.318,1.530,0.837
570.206,-0.323,1.527,0.842
570.317,-0.327,1.524,0.847
570.428,-0.330,1.522,0.852
570.539,-0.330,1.522,0.857
570.650,-0.330,1.522,0.861
570.762,-0.330,1.522,0.864
570.873,-0.328,1.520,0.862
570.984,-0.327,1.521,0.855
571.095,-0.328,1.522,0.843
571.206,-0.330,1.521,0.831
571.317,-0.331,1.520,0.822
571.428,-0.331,1.520,0.815
571.540,-0.329,1.520,0.812
571.650,-0.326,1.520,0.810
571.762,-0.322,1.520,0.809
571.873,-0.319,1.518,0.807
571.984,-0.315,1.517,0.806
572.095,-0.312,1.516,0.806
572.206,-0.310,1.515,0.806
572.317,-0.308,1.514,0.806
572.428,-0.306,1.513,0.806
572.540,-0.304,1.512,0.806
572.651,-0.304,1.511,0.806
572.762,-0.304,1.511,0.806
572.873,-0.303,1.511,0.805
572.984,-0.302,1.511,0.805
573.095,-0.300,1.510,0.804
573.206,-0.298,1.511,0.803
573.317,-0.295,1.512,0.800
573.428,-0.292,1.513,0.796
573.539,-0.289,1.514,0.792
573.650,-0.287,1.514,0.790
573.761,-0.284,1.516,0.788
573.873,-0.283,1.515,0.787
573.984,-0.282,1.517,0.790
574.095,-0.280,1.521,0.800
574.206,-0.282,1.528,0.814
574.317,-0.290,1.534,0.829
574.428,-0.300,1.538,0.840
574.539,-0.306,1.539,0.841
574.650,-0.310,1.537,0.840
574.762,-0.313,1.537,0.838
574.873,-0.315,1.536,0.836
574.984,-0.314,1.536,0.834
575.095,-0.313,1.534,0.833
575.206,-0.311,1.533,0.833
575.317,-0.310,1.531,0.833
575.428,-0.307,1.531,0.830
575.539,-0.304,1.528,0.829
575.650,-0.300,1.528,0.830
575.761,-0.296,1.526,0.827
575.872,-0.289,1.525,0.822
575.983,-0.283,1.525,0.817
576.095,-0.278,1.524,0.809
576.206,-0.270,1.528,0.805
576.317,-0.254,1.529,0.795
576.428,-0.238,1.524,0.785
576.539,-0.229,1.525,0.777
576.650,-0.227,1.524,0.763
576.761,-0.229,1.525,0.743
576.873,-0.233,1.526,0.720
576.984,-0.237,1.529,0.698
577.095,-0.239,1.529,0.676
577.206,-0.240,1.526,0.661
577.317,-0.243,1.521,0.657
577.428,-0.248,1.521,0.655
577.539,-0.251,1.519,0.656
577.650,-0.257,1.517,0.670
577.761,-0.260,1.512,0.690
577.872,-0.280,1.508,0.720
577.983,-0.309,1.505,0.745
578.094,-0.312,1.506,0.758
578.205,-0.280,1.514,0.767
578.316,-0.239,1.525,0.755
578.428,-0.213,1.535,0.716
578.539,-0.213,1.540,0.674
578.650,-0.223,1.538,0.645
578.762,-0.234,1.535,0.632
578.873,-0.243,1.534,0.625
578.984,-0.245,1.533,0.625
579.095,-0.243,1.534,0.627
579.206,-0.240,1.533,0.626
579.318,-0.238,1.532,0.621
579.428,-0.244,1.532,0.607
579.540,-0.269,1.530,0.584
579.651,-0.297,1.527,0.570
579.761,-0.330,1.523,0.565
579.873,-0.359,1.520,0.569
579.984,-0.383,1.514,0.577
580.095,-0.401,1.508,0.586
580.206,-0.414,1.506,0.596
580.317,-0.425,1.505,0.609
580.428,-0.434,1.502,0.619
580.539,-0.441,1.500,0.628
580.650,-0.444,1.500,0.635
580.761,-0.445,1.501,0.639
580.872,-0.446,1.506,0.640
580.984,-0.443,1.521,0.641
581.095,-0.438,1.534,0.647
581.206,-0.434,1.544,0.654
581.317,-0.434,1.546,0.657
581.428,-0.435,1.548,0.656
581.539,-0.432,1.551,0.648
581.650,-0.408,1.558,0.627
581.761,-0.371,1.565,0.615
581.873,-0.331,1.568,0.620
581.984,-0.300,1.569,0.636
582.095,-0.284,1.570,0.652
582.206,-0.274,1.570,0.663
582.317,-0.265,1.562,0.672
582.429,-0.254,1.550,0.680
582.539,-0.241,1.539,0.685
582.651,-0.230,1.532,0.686
582.762,-0.226,1.527,0.686
582.873,-0.226,1.524,0.686
582.984,-0.227,1.522,0.686
583.095,-0.232,1.522,0.688
583.206,-0.237,1.525,0.692
583.317,-0.243,1.528,0.698
583.429,-0.249,1.535,0.711
583.540,-0.256,1.540,0.725
583.650,-0.261,1.541,0.736
583.761,-0.263,1.540,0.743
583.872,-0.264,1.537,0.749
583.983,-0.271,1.536,0.760
584.094,-0.286,1.537,0.775
584.206,-0.306,1.537,0.789
584.316,-0.326,1.538,0.801
584.428,-0.338,1.538,0.809
584.538,-0.337,1.538,0.812
584.649,-0.316,1.541,0.812
584.761,-0.279,1.548,0.795
584.873,-0.247,1.553,0.765
584.983,-0.233,1.554,0.732
585.095,-0.229,1.555,0.722
585.206,-0.229,1.555,0.727
585.317,-0.229,1.555,0.730
585.428,-0.230,1.558,0.728
585.539,-0.232,1.561,0.722
585.650,-0.238,1.565,0.711
585.761,-0.247,1.569,0.691
585.872,-0.256,1.569,0.676
585.984,-0.261,1.570,0.661
586.095,-0.261,1.569,0.647
586.206,-0.259,1.566,0.633
586.317,-0.254,1.560,0.623
586.429,-0.249,1.557,0.621
586.539,-0.248,1.557,0.623
586.651,-0.255,1.559,0.621
586.762,-0.261,1.559,0.618
586.873,-0.264,1.559,0.619
586.984,-0.265,1.560,0.621
587.095,-0.266,1.560,0.624
587.206,-0.257,1.559,0.634
587.317,-0.238,1.551,0.664
587.428,-0.222,1.542,0.700
587.539,-0.216,1.531,0.730
587.650,-0.215,1.522,0.751
587.761,-0.221,1.513,0.768
587.872,-0.230,1.506,0.790
587.983,-0.255,1.500,0.819
588.094,-0.290,1.495,0.839
588.205,-0.323,1.491,0.848
588.316,-0.355,1.484,0.850
588.428,-0.387,1.478,0.846
588.538,-0.412,1.474,0.840
588.649,-0.427,1.473,0.835
588.761,-0.435,1.470,0.833
588.872,-0.440,1.468,0.831
588.983,-0.442,1.469,0.831
589.094,-0.441,1.471,0.831
589.205,-0.430,1.477,0.837
589.316,-0.390,1.489,0.850
589.427,-0.332,1.500,0.844
589.539,-0.285,1.505,0.821
589.650,-0.262,1.506,0.809
589.762,-0.249,1.505,0.818
589.873,-0.238,1.502,0.836
589.984,-0.228,1.499,0.858
590.095,-0.220,1.496,0.875
590.206,-0.214,1.495,0.890
590.317,-0.209,1.495,0.899
590.428,-0.205,1.495,0.903
590.540,-0.206,1.493,0.903
590.650,-0.208,1.493,0.901
590.762,-0.210,1.493,0.900
590.873,-0.213,1.493,0.904
590.984,-0.215,1.493,0.909
591.095,-0.216,1.492,0.914
591.206,-0.217,1.491,0.920
591.317,-0.217,1.491,0.927
591.429,-0.217,1.490,0.933
591.540,-0.217,1.490,0.938
591.651,-0.215,1.490,0.941
591.761,-0.212,1.492,0.945
591.873,-0.206,1.494,0.950
591.984,-0.195,1.493,0.958
592.095,-0.179,1.491,0.969
592.206,-0.157,1.488,0.982
592.317,-0.129,1.485,0.994
592.429,-0.094,1.485,1.007
592.540,-0.052,1.490,1.020
592.651,-0.007,1.494,1.029
592.762,0.035,1.494,1.037
592.873,0.068,1.493,1.044
592.984,0.094,1.492,1.049
593.095,0.116,1.490,1.053
593.206,0.133,1.489,1.054
593.317,0.143,1.488,1.053
593.428,0.148,1.488,1.045
593.539,0.147,1.488,1.038
593.650,0.139,1.490,1.026
593.761,0.130,1.496,1.012
593.870,0.115,1.500,0.998
593.982,0.099,1.505,0.987
594.093,0.085,1.510,0.980
594.204,0.071,1.512,0.977
594.315,0.059,1.512,0.974
594.428,0.049,1.513,0.975
594.539,0.035,1.513,0.974
594.651,0.023,1.511,0.974
594.760,0.015,1.511,0.975
594.871,0.025,1.510,0.981
594.984,0.054,1.506,0.990
595.095,0.105,1.500,1.003
595.206,0.154,1.488,1.018
595.316,0.181,1.486,1.029
595.427,0.181,1.493,1.034
595.539,0.164,1.501,1.033
595.650,0.135,1.507,1.026
595.761,0.097,1.510,1.014
595.872,0.049,1.509,1.003
595.983,-0.009,1.506,0.991
596.094,-0.063,1.495,0.975
596.206,-0.114,1.481,0.956
596.317,-0.155,1.476,0.933
596.428,-0.188,1.477,0.910
596.539,-0.217,1.484,0.891
596.652,-0.240,1.490,0.878
596.761,-0.255,1.497,0.868
596.870,-0.267,1.513,0.867
596.981,-0.294,1.536,0.872
597.094,-0.325,1.546,0.864
597.205,-0.344,1.549,0.844
597.316,-0.352,1.549,0.819
597.427,-0.358,1.546,0.790
597.538,-0.358,1.546,0.763
597.649,-0.356,1.543,0.743
597.760,-0.347,1.540,0.740
597.871,-0.327,1.538,0.757
597.983,-0.282,1.533,0.789
598.094,-0.219,1.525,0.800
598.205,-0.177,1.522,0.791
598.317,-0.162,1.521,0.787
598.428,-0.155,1.521,0.787
598.539,-0.144,1.527,0.772
598.651,-0.136,1.536,0.737
598.762,-0.144,1.542,0.692
598.873,-0.166,1.542,0.661
598.983,-0.191,1.539,0.646
599.095,-0.204,1.528,0.645
599.206,-0.204,1.505,0.653
599.317,-0.199,1.488,0.659
599.428,-0.184,1.482,0.662
599.539,-0.165,1.475,0.661
599.650,-0.143,1.468,0.653
599.761,-0.122,1.460,0.640
599.872,-0.108,1.459,0.633
599.983,-0.096,1.466,0.639
600.094,-0.085,1.474,0.665
600.205,-0.076,1.477,0.709
600.315,-0.066,1.487,0.755
600.426,-0.057,1.500,0.800
600.537,-0.052,1.515,0.847
600.649,-0.049,1.524,0.885
600.760,-0.048,1.527,0.907
600.871,-0.051,1.529,0.918
600.982,-0.057,1.530,0.922
601.093,-0.064,1.528,0.922
601.205,-0.067,1.527,0.915
601.315,-0.058,1.525,0.896
601.427,-0.032,1.522,0.875
601.537,-0.008,1.520,0.869
601.649,-0.004,1.518,0.868
601.760,-0.002,1.516,0.867
601.872,0.001,1.514,0.864
601.983,0.006,1.514,0.861
602.094,0.009,1.513,0.858
602.205,0.008,1.512,0.856
602.316,0.006,1.512,0.854
602.427,0.002,1.513,0.853
602.539,0.001,1.514,0.851
602.649,0.004,1.515,0.850
602.761,0.010,1.515,0.850
602.873,0.016,1.514,0.849
602.983,0.021,1.513,0.848
603.095,0.024,1.510,0.846
603.206,0.030,1.510,0.844
603.316,0.043,1.508,0.841
603.427,0.062,1.503,0.833
603.539,0.079,1.501,0.818
603.650,0.090,1.498,0.794
603.761,0.097,1.494,0.762
603.872,0.100,1.488,0.726
603.983,0.101,1.486,0.692
604.094,0.102,1.484,0.670
604.219,0.102,1.483,0.660
604.330,0.099,1.487,0.667
604.442,0.099,1.496,0.692
604.553,0.100,1.504,0.726
604.664,0.106,1.506,0.760
604.775,0.113,1.505,0.791
604.886,0.120,1.505,0.816
604.997,0.126,1.507,0.835
605.108,0.131,1.507,0.846
605.219,0.134,1.507,0.852
605.330,0.135,1.508,0.853
605.441,0.136,1.507,0.850
605.552,0.137,1.506,0.846
605.663,0.137,1.505,0.844
605.775,0.137,1.503,0.842
605.885,0.137,1.501,0.840
605.997,0.135,1.498,0.838
606.108,0.134,1.495,0.835
606.219,0.134,1.495,0.832
606.330,0.133,1.493,0.828
606.441,0.132,1.493,0.822
606.552,0.132,1.492,0.815
606.663,0.132,1.492,0.808
606.774,0.132,1.492,0.803
606.886,0.133,1.492,0.798
606.997,0.134,1.491,0.794
607.108,0.137,1.491,0.791
607.219,0.138,1.492,0.788
607.330,0.138,1.492,0.785
607.442,0.138,1.492,0.782
607.552,0.137,1.492,0.778
607.664,0.135,1.493,0.773
607.774,0.133,1.493,0.768
607.886,0.131,1.493,0.763
607.997,0.130,1.493,0.756
608.108,0.130,1.493,0.748
608.220,0.130,1.493,0.738
608.330,0.129,1.495,0.729
608.442,0.128,1.495,0.722
608.553,0.127,1.495,0.717
608.663,0.126,1.495,0.714
608.775,0.125,1.495,0.712
608.886,0.124,1.495,0.712
608.997,0.123,1.494,0.711
609.109,0.122,1.494,0.710
609.219,0.122,1.493,0.709
609.330,0.121,1.491,0.706
609.441,0.121,1.490,0.703
609.553,0.121,1.489,0.698
609.664,0.121,1.488,0.693
609.775,0.122,1.488,0.688
609.886,0.122,1.488,0.681
609.997,0.122,1.487,0.675
610.108,0.122,1.487,0.668
610.219,0.123,1.487,0.662
610.330,0.124,1.487,0.655
610.441,0.123,1.487,0.651
610.552,0.123,1.487,0.647
610.664,0.121,1.488,0.645
610.776,0.117,1.487,0.649
610.886,0.109,1.483,0.660
610.997,0.098,1.480,0.678
611.108,0.087,1.478,0.701
611.219,0.075,1.477,0.726
611.331,0.064,1.475,0.749
611.441,0.052,1.476,0.764
611.552,0.037,1.477,0.769
611.664,0.021,1.477,0.762
611.774,-0.001,1.478,0.746
611.886,-0.026,1.479,0.724
611.997,-0.050,1.479,0.703
612.107,-0.071,1.478,0.681
612.219,-0.091,1.478,0.660
612.330,-0.108,1.477,0.639
612.441,-0.122,1.474,0.625
612.552,-0.129,1.475,0.619
612.663,-0.129,1.481,0.623
612.774,-0.126,1.489,0.634
612.886,-0.125,1.494,0.648
612.997,-0.124,1.497,0.659
613.108,-0.126,1.498,0.665
613.219,-0.126,1.497,0.668
613.330,-0.124,1.497,0.669
613.441,-0.124,1.495,0.667
613.553,-0.123,1.493,0.665
613.663,-0.123,1.491,0.663
613.774,-0.122,1.488,0.661
613.886,-0.121,1.487,0.660
613.997,-0.121,1.485,0.659
614.108,-0.121,1.484,0.657
614.219,-0.122,1.483,0.656
614.330,-0.124,1.483,0.655
614.441,-0.124,1.482,0.653
614.553,-0.122,1.482,0.649
614.663,-0.121,1.481,0.646
614.775,-0.118,1.482,0.641
614.887,-0.115,1.482,0.636
614.997,-0.111,1.483,0.630
615.108,-0.109,1.484,0.624
615.219,-0.107,1.485,0.618
615.331,-0.107,1.485,0.613
615.442,-0.108,1.485,0.609
615.553,-0.109,1.485,0.609
615.664,-0.114,1.485,0.608
615.775,-0.126,1.483,0.608
615.886,-0.146,1.480,0.605
615.997,-0.168,1.475,0.602
616.108,-0.190,1.472,0.608
616.219,-0.212,1.468,0.626
616.330,-0.234,1.464,0.656
616.441,-0.254,1.456,0.691
616.553,-0.272,1.454,0.721
616.663,-0.291,1.461,0.738
616.774,-0.310,1.464,0.744
616.886,-0.331,1.463,0.738
616.997,-0.356,1.460,0.723
617.107,-0.384,1.460,0.694
617.219,-0.411,1.461,0.660
617.330,-0.435,1.464,0.630
617.441,-0.451,1.469,0.612
617.553,-0.459,1.474,0.609
617.663,-0.461,1.478,0.618
617.774,-0.460,1.481,0.634
617.886,-0.459,1.484,0.646
617.997,-0.458,1.485,0.656
618.108,-0.457,1.486,0.663
618.219,-0.457,1.486,0.666
618.330,-0.456,1.485,0.669
618.441,-0.455,1.484,0.669
618.552,-0.455,1.483,0.670
618.663,-0.456,1.482,0.668
618.774,-0.456,1.482,0.668
618.886,-0.456,1.482,0.666
618.996,-0.454,1.482,0.664
619.108,-0.451,1.482,0.658
619.219,-0.447,1.483,0.651
619.330,-0.442,1.485,0.643
619.441,-0.440,1.486,0.636
619.552,-0.440,1.485,0.633
619.663,-0.440,1.484,0.638
619.774,-0.441,1.483,0.651
619.886,-0.443,1.479,0.671
619.997,-0.452,1.476,0.690
620.108,-0.476,1.474,0.704
620.219,-0.512,1.471,0.706
620.330,-0.564,1.466,0.691
620.441,-0.628,1.466,0.660
620.552,-0.689,1.464,0.627
620.663,-0.735,1.459,0.597
620.774,-0.766,1.456,0.582
620.886,-0.779,1.461,0.585
620.997,-0.785,1.468,0.603
621.108,-0.783,1.471,0.630
621.219,-0.780,1.471,0.654
621.330,-0.778,1.472,0.670
621.442,-0.779,1.473,0.679
621.552,-0.780,1.475,0.683
621.663,-0.780,1.476,0.684
621.775,-0.779,1.476,0.684
621.886,-0.777,1.478,0.683
621.997,-0.774,1.478,0.683
622.107,-0.772,1.479,0.683
622.219,-0.771,1.481,0.683
622.330,-0.771,1.481,0.682
622.441,-0.771,1.479,0.682
622.552,-0.770,1.481,0.683
622.663,-0.769,1.482,0.681
622.774,-0.768,1.485,0.679
622.886,-0.765,1.489,0.673
622.997,-0.762,1.494,0.665
623.108,-0.762,1.496,0.656
623.219,-0.766,1.497,0.650
623.330,-0.775,1.495,0.643
623.441,-0.787,1.492,0.634
623.553,-0.803,1.484,0.624
623.663,-0.825,1.472,0.620
623.774,-0.855,1.462,0.628
623.886,-0.893,1.456,0.645
623.997,-0.933,1.449,0.665
624.108,-0.974,1.448,0.679
624.219,-1.014,1.454,0.674
624.330,-1.050,1.459,0.652
624.441,-1.081,1.461,0.629
624.553,-1.102,1.462,0.620
624.663,-1.115,1.467,0.623
624.775,-1.121,1.472,0.635
624.886,-1.122,1.476,0.654
624.997,-1.121,1.478,0.673
625.107,-1.119,1.480,0.685
625.219,-1.118,1.482,0.690
625.330,-1.117,1.482,0.691
625.441,-1.115,1.480,0.691
625.552,-1.115,1.480,0.689
625.663,-1.115,1.479,0.688
625.774,-1.114,1.480,0.686
625.886,-1.113,1.480,0.682
625.997,-1.109,1.479,0.676
626.108,-1.104,1.479,0.669
626.219,-1.099,1.481,0.662
626.330,-1.094,1.483,0.654
626.442,-1.091,1.485,0.646
626.552,-1.091,1.487,0.638
626.663,-1.092,1.486,0.635
626.775,-1.092,1.484,0.642
626.886,-1.095,1.480,0.660
626.997,-1.102,1.477,0.679
627.108,-1.123,1.474,0.691
627.219,-1.157,1.471,0.690
627.330,-1.202,1.467,0.673
627.441,-1.250,1.461,0.644
627.553,-1.293,1.455,0.614
627.664,-1.323,1.451,0.595
627.775,-1.338,1.454,0.590
627.886,-1.342,1.455,0.597
627.997,-1.344,1.453,0.611
628.108,-1.345,1.454,0.626
628.219,-1.348,1.458,0.639
628.330,-1.350,1.461,0.647
628.441,-1.352,1.464,0.651
628.553,-1.352,1.465,0.652
628.664,-1.353,1.464,0.652
628.775,-1.351,1.465,0.651
628.886,-1.350,1.464,0.651
628.997,-1.349,1.460,0.653
629.108,-1.348,1.459,0.656
629.219,-1.348,1.459,0.658
629.330,-1.347,1.460,0.658
629.441,-1.346,1.460,0.658
629.553,-1.346,1.460,0.658
629.664,-1.345,1.461,0.658
629.775,-1.345,1.462,0.657
629.887,-1.344,1.462,0.656
629.997,-1.344,1.462,0.655
630.108,-1.343,1.463,0.655
630.219,-1.343,1.463,0.655
630.330,-1.343,1.464,0.655
630.441,-1.343,1.464,0.656
630.553,-1.344,1.464,0.656
630.664,-1.344,1.464,0.656
630.775,-1.344,1.464,0.657
630.887,-1.344,1.464,0.656
630.997,-1.344,1.464,0.656
631.108,-1.344,1.465,0.656
631.220,-1.343,1.465,0.655
631.330,-1.343,1.465,0.654
631.441,-1.342,1.465,0.653
631.553,-1.341,1.464,0.651
631.664,-1.340,1.464,0.651
631.774,-1.339,1.463,0.651
631.886,-1.338,1.463,0.651
631.997,-1.332,1.462,0.654
632.108,-1.320,1.467,0.657
632.219,-1.313,1.473,0.661
632.330,-1.311,1.476,0.662
632.441,-1.311,1.477,0.662
632.553,-1.310,1.475,0.660
632.664,-1.309,1.474,0.657
632.774,-1.308,1.473,0.653
632.886,-1.311,1.468,0.650
632.997,-1.312,1.464,0.646
633.108,-1.312,1.462,0.644
633.219,-1.311,1.461,0.642
633.330,-1.311,1.460,0.641
633.441,-1.311,1.460,0.639
633.553,-1.311,1.460,0.638
633.663,-1.311,1.461,0.637
633.775,-1.311,1.463,0.637
633.886,-1.310,1.464,0.637
633.997,-1.309,1.466,0.638
634.108,-1.309,1.468,0.639
634.219,-1.309,1.468,0.639
634.330,-1.308,1.468,0.639
634.441,-1.307,1.469,0.637
634.552,-1.306,1.468,0.636
634.664,-1.306,1.468,0.635
634.774,-1.305,1.467,0.634
634.886,-1.305,1.467,0.632
634.997,-1.304,1.467,0.631
635.108,-1.302,1.467,0.628
635.219,-1.301,1.468,0.625
635.330,-1.300,1.468,0.622
635.441,-1.298,1.468,0.619
635.553,-1.297,1.468,0.616
635.664,-1.296,1.468,0.614
635.775,-1.296,1.468,0.613
635.886,-1.294,1.468,0.611
635.997,-1.293,1.466,0.612
636.108,-1.288,1.463,0.615
636.219,-1.268,1.456,0.621
636.330,-1.246,1.452,0.632
636.441,-1.219,1.451,0.650
636.553,-1.188,1.454,0.676
636.663,-1.152,1.457,0.709
636.774,-1.111,1.457,0.748
636.886,-1.067,1.453,0.788
636.997,-1.032,1.448,0.825
637.108,-1.010,1.447,0.859
637.219,-0.992,1.450,0.897
637.330,-0.978,1.452,0.938
637.441,-0.957,1.453,0.979
637.552,-0.936,1.453,1.015
637.663,-0.916,1.465,1.045
637.774,-0.897,1.480,1.069
637.886,-0.874,1.491,1.087
637.997,-0.841,1.501,1.103
638.107,-0.802,1.509,1.117
638.219,-0.770,1.513,1.129
638.330,-0.757,1.514,1.129
638.441,-0.783,1.517,1.119
638.552,-0.819,1.521,1.125
638.664,-0.837,1.521,1.138
638.774,-0.840,1.520,1.143
638.886,-0.833,1.518,1.138
638.997,-0.828,1.514,1.132
639.108,-0.824,1.510,1.128
639.219,-0.824,1.507,1.125
639.330,-0.825,1.506,1.123
639.441,-0.825,1.505,1.121
639.552,-0.828,1.501,1.115
639.663,-0.843,1.495,1.099
639.774,-0.883,1.491,1.064
639.886,-0.943,1.479,1.011
639.996,-1.021,1.458,0.939
640.108,-1.103,1.436,0.858
640.219,-1.167,1.412,0.790
640.329,-1.206,1.390,0.746
640.441,-1.221,1.393,0.730
640.553,-1.215,1.421,0.735
640.664,-1.189,1.458,0.757
640.775,-1.141,1.486,0.797
640.886,-1.071,1.498,0.849
640.998,-0.995,1.510,0.899
641.108,-0.935,1.512,0.933
641.233,-0.893,1.507,0.953
641.386,-0.868,1.499,0.955
641.497,-0.857,1.496,0.952
641.608,-0.842,1.497,0.951
641.720,-0.821,1.502,0.959
641.831,-0.805,1.507,0.975
641.942,-0.799,1.508,0.989
642.095,-0.801,1.511,0.995
642.206,-0.804,1.513,0.993
642.317,-0.809,1.515,0.984
642.428,-0.823,1.519,0.951
642.539,-0.852,1.522,0.918
642.650,-0.878,1.522,0.903
642.762,-0.886,1.517,0.900
642.872,-0.888,1.514,0.898
642.983,-0.891,1.512,0.897
643.095,-0.893,1.508,0.896
643.206,-0.893,1.497,0.896
643.317,-0.891,1.489,0.894
643.428,-0.891,1.487,0.893
643.539,-0.892,1.485,0.893
643.650,-0.891,1.484,0.893
643.761,-0.890,1.483,0.894
643.872,-0.890,1.484,0.895
643.983,-0.890,1.484,0.897
644.095,-0.890,1.484,0.900
644.205,-0.890,1.484,0.902
644.317,-0.891,1.485,0.904
644.428,-0.891,1.486,0.904
644.539,-0.892,1.485,0.903
644.650,-0.892,1.485,0.902
644.761,-0.892,1.485,0.901
644.872,-0.892,1.485,0.899
644.983,-0.892,1.485,0.898
645.095,-0.891,1.485,0.897
645.206,-0.889,1.485,0.896
645.316,-0.887,1.484,0.895
645.428,-0.884,1.484,0.896
645.539,-0.881,1.483,0.896
645.650,-0.878,1.484,0.896
645.761,-0.874,1.483,0.895
645.872,-0.871,1.483,0.898
645.983,-0.869,1.484,0.898
646.094,-0.867,1.484,0.899
646.206,-0.864,1.484,0.899
646.316,-0.862,1.484,0.898
646.428,-0.857,1.486,0.900
646.539,-0.839,1.496,0.912
646.650,-0.816,1.509,0.942
646.762,-0.807,1.515,0.982
646.872,-0.810,1.518,1.013
646.984,-0.816,1.517,1.032
647.094,-0.823,1.520,1.040
647.206,-0.826,1.528,1.033
647.317,-0.829,1.543,1.019
647.428,-0.834,1.558,1.001
647.539,-0.838,1.564,0.987
647.650,-0.840,1.570,0.977
647.762,-0.839,1.574,0.971
647.872,-0.835,1.576,0.968
647.984,-0.829,1.578,0.964
648.095,-0.825,1.577,0.957
648.206,-0.830,1.573,0.948
648.317,-0.838,1.570,0.945
648.428,-0.853,1.564,0.947
648.540,-0.868,1.558,0.955
648.650,-0.876,1.554,0.963
648.761,-0.880,1.549,0.969
648.872,-0.883,1.545,0.970
648.984,-0.884,1.542,0.965
649.095,-0.884,1.538,0.954
649.206,-0.877,1.527,0.933
649.317,-0.865,1.510,0.917
649.428,-0.855,1.503,0.908
649.539,-0.842,1.505,0.899
649.650,-0.817,1.514,0.893
649.762,-0.787,1.519,0.898
649.872,-0.762,1.521,0.905
649.982,-0.739,1.522,0.912
650.093,-0.709,1.520,0.923
650.205,-0.669,1.522,0.943
650.317,-0.630,1.522,0.963
650.428,-0.597,1.525,0.986
650.539,-0.577,1.527,1.003
650.650,-0.567,1.526,1.004
650.761,-0.559,1.524,0.988
650.872,-0.544,1.524,0.957
650.983,-0.532,1.522,0.921
651.095,-0.529,1.517,0.901
651.205,-0.540,1.511,0.889
651.316,-0.549,1.506,0.877
651.427,-0.547,1.503,0.865
651.538,-0.534,1.503,0.851
651.649,-0.510,1.506,0.829
651.760,-0.492,1.511,0.803
651.873,-0.480,1.513,0.783
651.982,-0.467,1.511,0.766
652.094,-0.451,1.511,0.753
652.205,-0.428,1.512,0.749
652.316,-0.398,1.511,0.754
652.427,-0.363,1.507,0.768
652.538,-0.326,1.504,0.791
652.649,-0.288,1.509,0.822
652.760,-0.250,1.510,0.855
652.871,-0.215,1.510,0.884
652.983,-0.184,1.512,0.911
653.094,-0.154,1.511,0.935
653.205,-0.123,1.507,0.954
653.317,-0.088,1.505,0.965
653.428,-0.052,1.506,0.971
653.539,-0.019,1.509,0.974
653.650,0.004,1.509,0.975
653.761,0.017,1.508,0.974
653.872,0.021,1.506,0.972
653.983,0.019,1.504,0.969
654.094,0.015,1.503,0.968
654.206,0.010,1.502,0.968
654.317,0.003,1.503,0.970
654.428,-0.003,1.503,0.974
654.539,-0.007,1.503,0.978
654.650,-0.010,1.504,0.980
654.761,-0.012,1.504,0.982
654.872,-0.013,1.505,0.983
654.983,-0.013,1.504,0.983
655.094,-0.013,1.505,0.981
655.206,-0.013,1.506,0.979
655.317,-0.013,1.506,0.979
655.428,-0.011,1.506,0.980
655.539,-0.006,1.508,0.981
655.650,0.002,1.510,0.987
655.761,0.010,1.512,0.995
655.872,0.018,1.511,1.004
655.983,0.027,1.510,1.010
656.095,0.035,1.508,1.015
656.206,0.046,1.507,1.019
656.316,0.060,1.504,1.023
656.427,0.070,1.503,1.024
656.539,0.073,1.502,1.019
656.649,0.068,1.504,1.013
656.761,0.051,1.505,1.004
656.872,0.018,1.511,1.000
656.983,-0.032,1.520,0.998
657.094,-0.086,1.527,0.989
657.205,-0.134,1.527,0.978
657.316,-0.177,1.525,0.967
657.427,-0.205,1.521,0.963
657.538,-0.219,1.515,0.964
657.649,-0.223,1.512,0.969
657.760,-0.216,1.510,0.978
657.872,-0.199,1.505,0.988
657.983,-0.178,1.500,0.996
658.094,-0.163,1.498,1.001
658.205,-0.153,1.496,1.005
658.316,-0.147,1.489,1.008
658.427,-0.143,1.487,1.011
658.538,-0.141,1.486,1.013
658.649,-0.140,1.486,1.015
658.761,-0.141,1.487,1.016
658.872,-0.141,1.488,1.017
658.983,-0.141,1.487,1.017
659.094,-0.143,1.490,1.017
659.205,-0.144,1.499,1.016
659.316,-0.145,1.519,1.012
659.427,-0.144,1.536,1.005
659.538,-0.139,1.537,1.003
659.649,-0.129,1.537,1.007
659.760,-0.107,1.539,1.015
659.872,-0.076,1.539,1.031
659.982,-0.041,1.537,1.052
660.093,-0.012,1.531,1.079
660.204,0.004,1.527,1.116
660.316,0.008,1.522,1.162
660.427,-0.003,1.514,1.215
660.538,-0.030,1.509,1.276
660.649,-0.070,1.521,1.347
660.760,-0.112,1.539,1.423
660.871,-0.144,1.552,1.501
660.982,-0.164,1.555,1.580
661.094,-0.176,1.549,1.662
661.204,-0.183,1.537,1.750
661.316,-0.192,1.528,1.843
661.427,-0.202,1.533,1.939
661.538,-0.218,1.538,2.030
661.649,-0.241,1.541,2.115
661.761,-0.269,1.535,2.196
661.872,-0.305,1.521,2.273
661.983,-0.354,1.510,2.350
662.094,-0.408,1.515,2.426
662.205,-0.453,1.525,2.506
662.316,-0.488,1.533,2.598
662.427,-0.513,1.536,2.692
662.538,-0.536,1.535,2.783
662.649,-0.560,1.537,2.874
662.760,-0.584,1.543,2.970
662.871,-0.609,1.556,3.071
662.983,-0.639,1.562,3.162
663.093,-0.675,1.567,3.246
663.205,-0.717,1.560,3.323
663.316,-0.767,1.545,3.392
663.427,-0.825,1.535,3.456
663.538,-0.890,1.531,3.516
663.649,-0.954,1.538,3.579
663.761,-1.009,1.544,3.643
663.872,-1.060,1.544,3.705
663.982,-1.109,1.538,3.765
664.094,-1.158,1.531,3.829
664.237,-1.203,1.529,3.901
664.349,-1.262,1.544,4.010
664.460,-1.306,1.549,4.083
664.571,-1.352,1.553,4.148
664.682,-1.399,1.549,4.209
664.787,-1.442,1.536,4.259
664.898,-1.496,1.523,4.314
665.009,-1.559,1.515,4.366
665.120,-1.626,1.516,4.419
665.232,-1.689,1.518,4.476
665.343,-1.740,1.515,4.532
665.454,-1.781,1.512,4.586
665.565,-1.812,1.504,4.639
665.676,-1.837,1.499,4.694
665.787,-1.854,1.494,4.753
665.898,-1.866,1.499,4.817
666.010,-1.873,1.505,4.882
666.121,-1.878,1.506,4.942
666.232,-1.885,1.505,4.991
666.343,-1.889,1.502,5.025
666.455,-1.892,1.500,5.050
666.565,-1.897,1.498,5.068
666.677,-1.904,1.496,5.081
666.788,-1.910,1.492,5.088
666.899,-1.916,1.494,5.093
667.010,-1.923,1.496,5.101
667.121,-1.932,1.495,5.114
667.233,-1.944,1.490,5.132
667.344,-1.960,1.483,5.157
667.455,-1.981,1.476,5.186
667.566,-2.008,1.470,5.220
667.677,-2.042,1.470,5.259
667.788,-2.079,1.472,5.303
667.899,-2.116,1.470,5.345
668.010,-2.150,1.463,5.383
668.121,-2.178,1.458,5.416
668.232,-2.199,1.452,5.445
668.344,-2.211,1.448,5.465
668.455,-2.219,1.446,5.478
668.566,-2.223,1.446,5.485
668.677,-2.224,1.446,5.490
668.788,-2.224,1.447,5.495
668.899,-2.223,1.448,5.500
669.010,-2.223,1.448,5.503
669.121,-2.223,1.448,5.507
669.232,-2.223,1.448,5.508
669.344,-2.224,1.448,5.510
669.455,-2.226,1.448,5.511
669.565,-2.226,1.447,5.511
669.677,-2.227,1.447,5.512
669.788,-2.228,1.447,5.512
669.899,-2.228,1.447,5.512
670.010,-2.228,1.447,5.511
670.121,-2.227,1.447,5.509
670.232,-2.225,1.449,5.507
670.343,-2.221,1.450,5.508
670.455,-2.211,1.458,5.513
670.566,-2.191,1.472,5.519
670.677,-2.169,1.483,5.519
670.789,-2.158,1.489,5.517
670.900,-2.156,1.492,5.515
671.011,-2.154,1.493,5.515
671.122,-2.152,1.493,5.520
671.233,-2.150,1.494,5.533
671.344,-2.145,1.493,5.554
671.455,-2.138,1.488,5.585
671.566,-2.130,1.481,5.626
671.677,-2.123,1.475,5.678
671.788,-2.110,1.473,5.742
671.900,-2.091,1.479,5.818
672.011,-2.071,1.493,5.900
672.122,-2.059,1.503,5.976
672.233,-2.056,1.505,6.043
672.344,-2.058,1.498,6.102
672.455,-2.066,1.489,6.155
672.566,-2.084,1.479,6.211
672.678,-2.113,1.467,6.273
672.789,-2.154,1.456,6.348
672.900,-2.209,1.450,6.440
673.011,-2.262,1.436,6.536
673.122,-2.302,1.412,6.623
673.233,-2.330,1.382,6.700
673.344,-2.350,1.343,6.764
673.455,-2.362,1.307,6.819
673.566,-2.371,1.271,6.863
673.677,-2.379,1.238,6.896
673.788,-2.385,1.221,6.915
673.900,-2.391,1.218,6.923
674.010,-2.397,1.220,6.927
674.122,-2.402,1.223,6.929
674.233,-2.405,1.228,6.927
674.344,-2.405,1.236,6.923
674.455,-2.402,1.249,6.915
674.566,-2.394,1.272,6.901
674.677,-2.381,1.307,6.880
674.789,-2.349,1.360,6.856
674.900,-2.298,1.420,6.812
675.011,-2.252,1.472,6.745
675.122,-2.224,1.507,6.684
675.234,-2.203,1.526,6.639
675.344,-2.182,1.532,6.603
675.455,-2.158,1.533,6.570
675.567,-2.135,1.535,6.543
675.678,-2.109,1.538,6.514
675.789,-2.076,1.544,6.475
675.900,-2.040,1.549,6.420
676.011,-2.000,1.553,6.357
676.123,-1.959,1.548,6.304
676.233,-1.915,1.544,6.271
676.344,-1.867,1.549,6.256
676.456,-1.815,1.547,6.256
676.567,-1.761,1.536,6.274
676.678,-1.701,1.526,6.294
676.789,-1.631,1.522,6.309
676.900,-1.555,1.529,6.311
677.011,-1.483,1.530,6.301
677.122,-1.417,1.530,6.284
677.234,-1.356,1.528,6.258
677.344,-1.295,1.524,6.223
677.456,-1.232,1.524,6.177
677.567,-1.165,1.533,6.125
677.678,-1.099,1.542,6.072
677.789,-1.033,1.543,6.028
677.900,-0.967,1.538,5.994
678.011,-0.904,1.528,5.967
678.122,-0.838,1.516,5.949
678.234,-0.767,1.508,5.939
678.344,-0.688,1.506,5.936
678.455,-0.606,1.512,5.936
678.566,-0.535,1.507,5.931
678.678,-0.477,1.501,5.921
678.789,-0.428,1.498,5.909
678.900,-0.389,1.493,5.897
679.011,-0.358,1.485,5.879
679.122,-0.317,1.484,5.851
679.233,-0.276,1.491,5.817
679.344,-0.232,1.497,5.783
679.456,-0.189,1.496,5.752
679.566,-0.145,1.499,5.726
679.678,-0.109,1.502,5.705
679.789,-0.077,1.502,5.689
679.900,-0.046,1.500,5.676
680.011,-0.011,1.495,5.672
680.122,0.033,1.492,5.676
680.233,0.089,1.493,5.688
680.344,0.148,1.498,5.700
680.455,0.202,1.499,5.708
680.567,0.247,1.497,5.712
680.677,0.281,1.494,5.711
680.789,0.304,1.492,5.710
680.900,0.320,1.491,5.708
681.011,0.330,1.489,5.707
681.122,0.335,1.488,5.708
681.233,0.338,1.488,5.709
681.344,0.340,1.486,5.711
681.455,0.341,1.486,5.713
681.566,0.343,1.485,5.716
681.677,0.347,1.485,5.723
681.789,0.355,1.483,5.736
681.900,0.370,1.478,5.765
682.011,0.383,1.471,5.807
682.122,0.387,1.463,5.849
682.233,0.385,1.458,5.884
682.344,0.382,1.453,5.909
682.455,0.382,1.449,5.924
682.566,0.383,1.446,5.935
682.677,0.385,1.444,5.944
682.788,0.388,1.444,5.951
682.900,0.390,1.441,5.954
683.010,0.393,1.439,5.955
683.121,0.394,1.439,5.957
683.233,0.392,1.440,5.959
683.343,0.390,1.441,5.957
683.455,0.390,1.442,5.953
683.565,0.394,1.446,5.933
683.677,0.397,1.453,5.900
683.789,0.390,1.461,5.862
683.900,0.374,1.468,5.820
684.011,0.348,1.476,5.782
684.122,0.316,1.478,5.749
684.233,0.270,1.477,5.721
684.344,0.223,1.479,5.705
684.455,0.176,1.480,5.700
684.567,0.136,1.485,5.705
684.677,0.107,1.495,5.713
684.789,0.086,1.506,5.723
684.900,0.073,1.512,5.732
685.011,0.058,1.521,5.742
685.122,0.042,1.536,5.758
685.233,0.026,1.549,5.770
685.344,0.001,1.556,5.779
685.455,-0.035,1.558,5.781
685.567,-0.082,1.562,5.782
685.678,-0.138,1.566,5.784
685.789,-0.193,1.566,5.780
685.900,-0.241,1.568,5.776
686.011,-0.280,1.570,5.763
686.122,-0.314,1.567,5.744
686.233,-0.349,1.566,5.722
686.344,-0.391,1.564,5.697
686.455,-0.444,1.560,5.667
686.566,-0.507,1.561,5.632
686.677,-0.580,1.568,5.594
686.788,-0.661,1.571,5.563
686.900,-0.745,1.572,5.548
687.011,-0.832,1.569,5.542
687.122,-0.924,1.562,5.548
687.233,-1.018,1.557,5.561
687.344,-1.115,1.571,5.580
687.455,-1.208,1.580,5.596
687.566,-1.299,1.585,5.606
687.677,-1.389,1.579,5.611
687.789,-1.481,1.566,5.608
687.900,-1.576,1.555,5.596
688.011,-1.672,1.563,5.580
688.122,-1.762,1.572,5.571
688.233,-1.844,1.574,5.569
688.343,-1.917,1.572,5.572
688.455,-1.985,1.567,5.581
688.566,-2.050,1.563,5.598
688.678,-2.110,1.568,5.618
688.789,-2.160,1.568,5.634
688.900,-2.198,1.570,5.645
689.010,-2.225,1.572,5.654
689.122,-2.243,1.573,5.662
689.233,-2.254,1.574,5.668
689.344,-2.257,1.573,5.673
689.456,-2.256,1.573,5.675
689.567,-2.255,1.573,5.678
689.677,-2.252,1.570,5.682
689.789,-2.250,1.570,5.685
689.900,-2.249,1.568,5.680
690.010,-2.241,1.565,5.657
690.122,-2.219,1.562,5.629
690.233,-2.192,1.565,5.610
690.343,-2.158,1.575,5.596
690.455,-2.120,1.579,5.588
690.566,-2.080,1.582,5.582
690.677,-2.036,1.580,5.578
690.788,-1.990,1.580,5.583
690.899,-1.957,1.581,5.591
691.010,-1.927,1.581,5.602
691.122,-1.902,1.575,5.616
691.233,-1.886,1.566,5.621
691.344,-1.871,1.553,5.615
691.456,-1.857,1.546,5.605
691.567,-1.842,1.548,5.598
691.677,-1.824,1.547,5.595
691.789,-1.802,1.548,5.608
691.900,-1.784,1.551,5.627
692.011,-1.772,1.556,5.641
692.122,-1.762,1.564,5.646
692.233,-1.747,1.570,5.646
692.345,-1.725,1.571,5.642
692.456,-1.692,1.567,5.640
692.567,-1.647,1.558,5.634
692.678,-1.587,1.553,5.628
692.789,-1.517,1.550,5.623
692.900,-1.446,1.540,5.632
693.011,-1.384,1.536,5.655
693.122,-1.329,1.533,5.691
693.234,-1.280,1.526,5.739
693.344,-1.231,1.520,5.801
693.456,-1.181,1.524,5.872
693.566,-1.125,1.529,5.944
693.678,-1.063,1.526,6.013
693.788,-0.995,1.516,6.082
693.900,-0.922,1.501,6.148
694.010,-0.844,1.491,6.214
694.122,-0.763,1.498,6.281
694.233,-0.696,1.505,6.347
694.344,-0.647,1.508,6.409
694.455,-0.609,1.506,6.473
694.566,-0.579,1.498,6.542
694.677,-0.556,1.489,6.617
694.788,-0.537,1.486,6.696
694.899,-0.516,1.492,6.774
695.010,-0.493,1.495,6.843
695.122,-0.472,1.494,6.900
695.233,-0.449,1.490,6.944
695.343,-0.424,1.488,6.981
695.455,-0.398,1.490,7.013
695.566,-0.374,1.490,7.036
695.677,-0.354,1.490,7.050
695.788,-0.336,1.491,7.059
695.899,-0.319,1.491,7.066
696.010,-0.303,1.490,7.071
696.121,-0.285,1.489,7.075
696.233,-0.264,1.490,7.079
696.343,-0.238,1.490,7.078
696.455,-0.207,1.492,7.074
696.565,-0.169,1.493,7.062
696.677,-0.135,1.490,7.039
696.788,-0.108,1.486,7.013
696.899,-0.090,1.479,6.992
697.010,-0.076,1.473,6.983
697.122,-0.065,1.468,6.977
697.233,-0.060,1.464,6.968
697.344,-0.058,1.466,6.949
697.455,-0.060,1.467,6.927
697.566,-0.063,1.470,6.910
697.677,-0.062,1.473,6.898
697.788,-0.052,1.475,6.887
697.899,-0.036,1.473,6.879
698.010,-0.022,1.468,6.878
698.122,-0.011,1.467,6.882
698.233,-0.002,1.464,6.894
698.344,0.001,1.461,6.915
698.455,-0.001,1.462,6.942
698.566,-0.003,1.461,6.974
698.677,-0.003,1.456,7.001
698.788,-0.010,1.447,7.022
698.899,-0.021,1.449,7.032
699.010,-0.033,1.454,7.048
699.121,-0.047,1.454,7.071
699.233,-0.060,1.455,7.104
699.343,-0.070,1.461,7.133
699.455,-0.081,1.468,7.155
699.566,-0.090,1.474,7.171
699.677,-0.098,1.477,7.182
699.788,-0.105,1.478,7.191
699.899,-0.110,1.478,7.192
700.010,-0.113,1.479,7.192
700.121,-0.114,1.480,7.186
700.231,-0.113,1.480,7.172
700.343,-0.109,1.480,7.147
700.454,-0.107,1.478,7.113
700.565,-0.110,1.472,7.073
700.677,-0.121,1.468,7.027
700.788,-0.145,1.459,6.975
700.899,-0.184,1.452,6.911
701.010,-0.237,1.456,6.831
701.121,-0.293,1.472,6.744
701.233,-0.338,1.485,6.660
701.343,-0.371,1.492,6.582
701.455,-0.389,1.489,6.505
701.566,-0.389,1.478,6.429
701.677,-0.378,1.469,6.355
701.789,-0.357,1.475,6.283
701.899,-0.346,1.483,6.220
702.010,-0.336,1.489,6.167
702.122,-0.327,1.492,6.115
702.233,-0.323,1.493,6.059
702.344,-0.319,1.495,5.994
702.455,-0.308,1.504,5.927
702.566,-0.293,1.511,5.873
702.677,-0.278,1.511,5.837
702.788,-0.268,1.511,5.824
702.899,-0.266,1.511,5.830
703.010,-0.271,1.512,5.854
703.122,-0.286,1.514,5.896
703.232,-0.315,1.514,5.956
703.344,-0.356,1.512,6.027
703.455,-0.401,1.515,6.107
703.566,-0.438,1.522,6.187
703.677,-0.455,1.533,6.267
703.789,-0.456,1.530,6.342
703.900,-0.439,1.518,6.420
704.011,-0.405,1.506,6.498
704.122,-0.353,1.512,6.575
704.233,-0.300,1.518,6.642
704.344,-0.252,1.519,6.700
704.456,-0.208,1.518,6.755
704.567,-0.163,1.512,6.811
704.678,-0.121,1.499,6.868
704.789,-0.081,1.495,6.922
704.900,-0.037,1.502,6.966
705.011,0.009,1.503,6.997
705.122,0.056,1.497,7.014
705.233,0.101,1.488,7.017
705.344,0.146,1.487,7.010
705.455,0.192,1.495,6.997
705.566,0.237,1.495,6.986
705.677,0.277,1.499,6.979
705.788,0.316,1.500,6.979
705.899,0.360,1.497,6.987
706.010,0.407,1.495,6.995
706.122,0.447,1.489,7.001
706.232,0.472,1.482,7.007
706.343,0.485,1.480,7.010
706.455,0.488,1.480,7.012
706.566,0.479,1.481,7.012
706.677,0.461,1.484,7.010
706.788,0.429,1.488,7.012
706.899,0.380,1.493,7.020
707.010,0.309,1.505,7.043
707.122,0.230,1.521,7.077
707.233,0.157,1.535,7.113
707.344,0.086,1.547,7.131
707.455,0.020,1.554,7.126
707.566,-0.038,1.551,7.111
707.677,-0.091,1.540,7.076
707.789,-0.132,1.522,7.004
707.900,-0.158,1.513,6.915
708.010,-0.179,1.514,6.828
708.122,-0.203,1.511,6.754
708.233,-0.228,1.510,6.690
708.344,-0.256,1.509,6.630
708.455,-0.288,1.501,6.569
708.567,-0.325,1.494,6.508
708.677,-0.362,1.492,6.447
708.789,-0.395,1.494,6.387
708.900,-0.419,1.493,6.327
709.010,-0.433,1.492,6.268
709.122,-0.437,1.485,6.210
709.233,-0.434,1.480,6.136
709.344,-0.425,1.484,6.050
709.455,-0.412,1.501,5.961
709.567,-0.401,1.516,5.874
709.678,-0.388,1.522,5.791
709.789,-0.374,1.520,5.708
709.900,-0.358,1.511,5.625
710.011,-0.345,1.505,5.540
710.122,-0.329,1.511,5.452
710.234,-0.307,1.516,5.371
710.344,-0.279,1.516,5.303
710.455,-0.245,1.515,5.249
710.567,-0.204,1.509,5.207
710.678,-0.152,1.501,5.176
710.789,-0.090,1.497,5.152
710.901,-0.019,1.496,5.132
711.011,0.048,1.494,5.114
711.122,0.104,1.490,5.100
711.234,0.153,1.486,5.088
711.344,0.202,1.480,5.076
711.456,0.254,1.476,5.060
711.567,0.312,1.473,5.040
711.678,0.378,1.475,5.020
711.789,0.440,1.468,5.005
711.900,0.487,1.457,4.994
712.011,0.513,1.448,4.987
712.122,0.523,1.443,4.981
712.234,0.525,1.441,4.977
712.344,0.524,1.441,4.974
712.456,0.523,1.440,4.973
712.567,0.522,1.441,4.972
712.678,0.523,1.440,4.974
712.789,0.522,1.440,4.976
712.900,0.520,1.440,4.981
713.011,0.513,1.444,4.995
713.122,0.494,1.455,5.021
713.233,0.462,1.468,5.047
713.343,0.429,1.475,5.063
713.455,0.407,1.480,5.074
713.566,0.392,1.483,5.083
713.677,0.377,1.484,5.092
713.788,0.339,1.493,5.106
713.899,0.279,1.505,5.105
714.010,0.220,1.516,5.085
714.122,0.159,1.524,5.063
714.233,0.091,1.527,5.043
714.344,0.016,1.532,5.023
714.455,-0.056,1.533,5.002
714.567,-0.120,1.529,4.986
714.677,-0.178,1.532,4.972
714.789,-0.228,1.537,4.950
714.902,-0.275,1.539,4.926
715.010,-0.327,1.539,4.908
715.122,-0.390,1.537,4.896
715.233,-0.457,1.538,4.890
715.344,-0.526,1.546,4.878
715.456,-0.587,1.553,4.854
715.566,-0.640,1.553,4.820
715.678,-0.689,1.546,4.771
715.789,-0.734,1.539,4.709
715.900,-0.769,1.539,4.631
716.011,-0.802,1.549,4.545
716.122,-0.839,1.558,4.459
716.233,-0.878,1.558,4.374
716.344,-0.921,1.547,4.287
716.455,-0.967,1.538,4.197
716.567,-1.015,1.544,4.107
716.677,-1.062,1.559,4.021
716.788,-1.098,1.567,3.937
716.900,-1.126,1.571,3.856
717.011,-1.146,1.564,3.771
717.122,-1.154,1.550,3.681
717.234,-1.151,1.542,3.585
717.344,-1.144,1.550,3.486
717.455,-1.143,1.558,3.391
717.566,-1.148,1.560,3.301
717.677,-1.158,1.557,3.216
717.789,-1.175,1.548,3.134
717.900,-1.198,1.542,3.052
718.011,-1.225,1.549,2.971
718.122,-1.246,1.552,2.891
718.233,-1.257,1.553,2.818
718.344,-1.260,1.554,2.753
718.456,-1.256,1.547,2.696
718.567,-1.246,1.539,2.649
718.677,-1.230,1.536,2.605
718.789,-1.214,1.533,2.564
718.900,-1.203,1.529,2.528
719.010,-1.196,1.528,2.502
719.122,-1.191,1.527,2.483
719.233,-1.189,1.526,2.471
719.344,-1.188,1.525,2.463
719.455,-1.190,1.525,2.457
719.566,-1.191,1.525,2.453
719.678,-1.192,1.524,2.450
719.788,-1.192,1.523,2.448
719.900,-1.191,1.523,2.448
720.010,-1.191,1.523,2.450
720.122,-1.192,1.523,2.452
720.233,-1.192,1.523,2.455
720.344,-1.190,1.524,2.457
720.455,-1.182,1.528,2.462
720.566,-1.168,1.535,2.483
720.677,-1.162,1.542,2.517
720.789,-1.166,1.545,2.550
720.901,-1.172,1.544,2.576
721.011,-1.172,1.545,2.604
721.122,-1.168,1.546,2.641
721.233,-1.158,1.546,2.686
721.345,-1.143,1.546,2.742
721.456,-1.124,1.541,2.811
721.567,-1.108,1.538,2.886
721.678,-1.106,1.535,2.962
721.789,-1.111,1.540,3.027
721.900,-1.112,1.543,3.079
722.010,-1.107,1.554,3.123
722.122,-1.095,1.563,3.163
722.233,-1.080,1.565,3.203
722.344,-1.056,1.566,3.248
722.455,-1.024,1.564,3.305
722.566,-0.988,1.560,3.373
722.677,-0.946,1.550,3.453
722.788,-0.910,1.538,3.531
722.899,-0.884,1.529,3.608
723.011,-0.861,1.518,3.682
723.122,-0.854,1.507,3.755
723.233,-0.861,1.508,3.835
723.344,-0.873,1.518,3.915
723.455,-0.879,1.520,3.984
723.567,-0.877,1.524,4.042
723.678,-0.866,1.523,4.089
723.789,-0.846,1.519,4.133
723.900,-0.820,1.514,4.186
724.011,-0.786,1.508,4.252
724.122,-0.741,1.506,4.325
724.231,-0.697,1.512,4.387
724.343,-0.649,1.518,4.455
724.455,-0.612,1.522,4.504
724.566,-0.574,1.521,4.546
724.677,-0.530,1.516,4.590
724.789,-0.482,1.506,4.640
724.900,-0.432,1.500,4.695
725.011,-0.381,1.501,4.752
725.123,-0.327,1.506,4.806
725.234,-0.273,1.506,4.848
725.345,-0.220,1.505,4.879
725.456,-0.166,1.498,4.902
725.567,-0.107,1.490,4.921
725.678,-0.036,1.484,4.934
725.789,0.047,1.479,4.943
725.900,0.138,1.482,4.948
726.011,0.224,1.479,4.951
726.123,0.297,1.473,4.957
726.234,0.356,1.463,4.964
726.344,0.399,1.456,4.972
726.456,0.432,1.450,4.978
726.567,0.460,1.444,4.983
726.678,0.486,1.434,4.990
726.789,0.508,1.421,4.997
726.900,0.524,1.410,5.004
727.011,0.533,1.405,5.009
727.122,0.537,1.401,5.011
727.233,0.536,1.400,5.011
727.344,0.534,1.401,5.010
727.455,0.532,1.402,5.008
727.567,0.529,1.404,5.005
727.677,0.525,1.407,5.004
727.789,0.520,1.411,5.005
727.900,0.515,1.415,5.007
728.011,0.510,1.419,5.010
728.122,0.507,1.422,5.014
728.234,0.505,1.423,5.018
728.344,0.505,1.424,5.020
728.455,0.507,1.424,5.021
728.567,0.509,1.424,5.023
728.677,0.511,1.424,5.026
728.789,0.513,1.423,5.028
728.900,0.515,1.422,5.030
729.011,0.517,1.420,5.030
729.122,0.519,1.419,5.030
729.233,0.519,1.417,5.030
729.344,0.520,1.417,5.029
729.455,0.518,1.417,5.028
729.567,0.516,1.417,5.027
729.677,0.514,1.417,5.026
729.789,0.511,1.417,5.026
729.900,0.507,1.419,5.027
730.011,0.498,1.425,5.040
730.122,0.473,1.442,5.071
730.233,0.437,1.456,5.094
730.343,0.406,1.466,5.109
730.455,0.381,1.472,5.122
730.566,0.362,1.476,5.136
730.677,0.339,1.477,5.154
730.788,0.303,1.479,5.175
730.899,0.257,1.479,5.198
731.010,0.199,1.476,5.225
731.121,0.130,1.471,5.259
731.233,0.057,1.465,5.293
731.343,-0.007,1.462,5.327
731.454,-0.057,1.462,5.360
731.566,-0.095,1.462,5.392
731.677,-0.118,1.460,5.428
731.788,-0.126,1.457,5.471
731.899,-0.122,1.455,5.524
732.010,-0.105,1.459,5.589
732.122,-0.077,1.468,5.663
732.233,-0.050,1.465,5.725
732.343,-0.029,1.463,5.777
732.455,-0.012,1.461,5.830
732.566,0.005,1.451,5.887
732.677,0.019,1.440,5.946
732.788,0.036,1.431,6.008
732.899,0.060,1.422,6.068
733.010,0.096,1.407,6.118
733.122,0.141,1.380,6.155
733.233,0.198,1.341,6.184
733.343,0.264,1.286,6.206
733.455,0.334,1.225,6.227
733.566,0.395,1.169,6.244
733.677,0.440,1.124,6.256
733.788,0.473,1.089,6.265
733.899,0.497,1.062,6.270
734.010,0.512,1.038,6.269
734.122,0.522,1.018,6.267
734.233,0.525,1.000,6.263
734.344,0.525,0.996,6.260
734.455,0.521,1.006,6.256
734.566,0.517,1.024,6.255
734.677,0.509,1.042,6.254
734.789,0.503,1.052,6.256
734.899,0.498,1.053,6.257
735.010,0.496,1.047,6.260
735.122,0.498,1.035,6.265
735.233,0.504,1.018,6.269
735.344,0.510,0.997,6.271
735.455,0.515,0.979,6.272
735.566,0.520,0.967,6.271
735.677,0.522,0.959,6.271
735.788,0.522,0.954,6.269
735.900,0.522,0.955,6.268
736.010,0.520,0.969,6.267
736.122,0.514,1.000,6.270
736.233,0.500,1.044,6.278
736.344,0.481,1.098,6.289
736.455,0.445,1.171,6.310
736.565,0.386,1.256,6.317
736.677,0.304,1.344,6.309
736.788,0.213,1.416,6.277
736.899,0.138,1.463,6.234
737.010,0.081,1.492,6.200
737.121,0.027,1.508,6.167
737.233,-0.030,1.518,6.134
737.344,-0.093,1.523,6.104
737.455,-0.162,1.526,6.082
737.566,-0.226,1.526,6.068
737.677,-0.287,1.534,6.064
737.788,-0.346,1.537,6.068
737.900,-0.412,1.533,6.076
738.010,-0.482,1.522,6.091
738.122,-0.561,1.510,6.114
738.233,-0.648,1.504,6.143
738.344,-0.741,1.509,6.177
738.455,-0.827,1.512,6.199
738.566,-0.910,1.512,6.210
738.677,-0.993,1.506,6.214
738.788,-1.078,1.495,6.209
738.900,-1.166,1.488,6.197
739.011,-1.258,1.496,6.185
739.122,-1.349,1.504,6.179
739.233,-1.436,1.503,6.183
739.344,-1.516,1.497,6.191
739.455,-1.593,1.489,6.207
739.566,-1.671,1.483,6.231
739.678,-1.754,1.485,6.260
739.789,-1.832,1.490,6.293
739.900,-1.905,1.490,6.303
740.011,-1.969,1.488,6.291
740.122,-2.012,1.487,6.256
740.233,-2.029,1.487,6.222
740.343,-2.045,1.493,6.206
740.455,-2.060,1.495,6.200
740.566,-2.076,1.489,6.198
740.677,-2.093,1.481,6.199
740.788,-2.105,1.478,6.201
740.899,-2.112,1.477,6.202
741.010,-2.118,1.474,6.201
741.122,-2.130,1.468,6.196
741.233,-2.149,1.464,6.181
741.343,-2.171,1.460,6.156
741.455,-2.198,1.460,6.124
741.566,-2.225,1.461,6.092
741.677,-2.249,1.458,6.066
741.788,-2.270,1.454,6.046
741.899,-2.290,1.450,6.034
742.010,-2.309,1.446,6.026
742.121,-2.330,1.444,6.023
742.233,-2.352,1.444,6.022
742.343,-2.374,1.443,6.023
742.455,-2.395,1.439,6.024
742.566,-2.414,1.434,6.026
742.677,-2.428,1.430,6.027
742.788,-2.438,1.426,6.027
742.899,-2.443,1.424,6.027
743.010,-2.445,1.423,6.028
743.122,-2.445,1.423,6.029
743.233,-2.444,1.423,6.031
743.343,-2.442,1.423,6.032
743.455,-2.441,1.424,6.033
743.566,-2.440,1.424,6.033
743.677,-2.439,1.424,6.034
743.788,-2.438,1.424,6.035
743.899,-2.437,1.424,6.035
744.010,-2.436,1.424,6.035
744.122,-2.436,1.424,6.033
744.233,-2.435,1.424,6.032
744.344,-2.436,1.425,6.031
744.455,-2.437,1.424,6.030
744.566,-2.438,1.424,6.030
744.677,-2.440,1.424,6.029
744.788,-2.440,1.424,6.030
744.899,-2.440,1.424,6.031
745.010,-2.440,1.424,6.032
745.122,-2.440,1.424,6.032
745.233,-2.441,1.424,6.032
745.344,-2.442,1.424,6.032
745.455,-2.443,1.423,6.032
745.566,-2.445,1.422,6.031
745.677,-2.447,1.422,6.031
745.789,-2.448,1.421,6.030
745.899,-2.449,1.421,6.030
746.011,-2.449,1.421,6.030
746.122,-2.447,1.422,6.029
746.233,-2.442,1.423,6.022
746.344,-2.430,1.426,6.005
746.455,-2.414,1.432,5.989
746.567,-2.400,1.441,5.980
746.677,-2.388,1.455,5.981
746.788,-2.378,1.483,5.986
746.899,-2.361,1.500,5.995
747.011,-2.345,1.504,6.003
747.122,-2.333,1.507,6.006
747.233,-2.324,1.529,6.009
747.344,-2.301,1.573,6.015
747.455,-2.267,1.600,6.028
747.567,-2.240,1.610,6.039
747.677,-2.227,1.611,6.044
747.789,-2.218,1.607,6.036
747.900,-2.194,1.591,6.016
748.011,-2.167,1.574,6.011
748.122,-2.146,1.560,6.017
748.234,-2.142,1.554,6.023
748.344,-2.149,1.551,6.020
748.455,-2.148,1.548,6.010
748.567,-2.124,1.544,6.000
748.677,-2.076,1.539,5.995
748.788,-2.015,1.541,5.989
748.900,-1.959,1.539,5.982
749.010,-1.911,1.538,5.973
749.122,-1.870,1.537,5.966
749.233,-1.832,1.535,5.956
749.344,-1.793,1.534,5.938
749.456,-1.751,1.534,5.912
749.567,-1.708,1.549,5.880
749.677,-1.669,1.565,5.838
749.789,-1.625,1.574,5.797
749.900,-1.581,1.575,5.770
750.011,-1.539,1.566,5.766
750.122,-1.498,1.548,5.773
750.233,-1.456,1.531,5.790
750.344,-1.412,1.520,5.818
750.455,-1.360,1.512,5.855
750.566,-1.301,1.507,5.899
750.677,-1.241,1.510,5.944
750.788,-1.190,1.506,5.985
750.900,-1.151,1.498,6.022
751.010,-1.117,1.496,6.056
751.122,-1.080,1.495,6.085
751.233,-1.035,1.495,6.112
751.344,-0.992,1.492,6.144
751.455,-0.951,1.491,6.186
751.567,-0.905,1.502,6.235
751.678,-0.854,1.512,6.280
751.789,-0.809,1.512,6.320
751.900,-0.772,1.510,6.356
752.010,-0.739,1.513,6.391
752.122,-0.715,1.508,6.431
752.233,-0.701,1.497,6.481
752.344,-0.694,1.493,6.540
752.455,-0.692,1.496,6.608
752.566,-0.689,1.502,6.682
752.677,-0.685,1.499,6.749
752.789,-0.677,1.497,6.805
752.899,-0.664,1.494,6.855
753.010,-0.649,1.489,6.899
753.122,-0.629,1.485,6.937
753.233,-0.607,1.484,6.972
753.344,-0.583,1.486,7.007
753.455,-0.563,1.484,7.035
753.566,-0.545,1.481,7.055
753.677,-0.531,1.479,7.068
753.788,-0.521,1.477,7.072
753.899,-0.513,1.479,7.071
754.010,-0.510,1.481,7.068
754.122,-0.511,1.481,7.063
754.232,-0.515,1.482,7.056
754.343,-0.520,1.481,7.048
754.454,-0.526,1.481,7.040
754.566,-0.533,1.482,7.033
754.677,-0.539,1.483,7.029
754.788,-0.544,1.484,7.028
754.899,-0.548,1.483,7.030
755.010,-0.551,1.481,7.031
755.121,-0.553,1.482,7.035
755.232,-0.555,1.481,7.038
755.343,-0.558,1.481,7.042
755.454,-0.560,1.481,7.045
755.566,-0.561,1.481,7.048
755.677,-0.561,1.480,7.051
755.788,-0.562,1.479,7.053
755.899,-0.563,1.479,7.054
756.010,-0.565,1.479,7.056
756.121,-0.566,1.479,7.057
756.233,-0.567,1.480,7.057
756.343,-0.568,1.480,7.058
756.455,-0.568,1.480,7.060
756.566,-0.569,1.480,7.062
756.677,-0.567,1.480,7.064
756.788,-0.566,1.480,7.068
756.899,-0.566,1.479,7.073
757.010,-0.572,1.477,7.076
757.121,-0.586,1.473,7.075
757.233,-0.609,1.471,7.064
757.344,-0.633,1.469,7.040
757.455,-0.659,1.471,7.004
757.566,-0.684,1.475,6.959
757.677,-0.706,1.480,6.908
757.788,-0.727,1.486,6.851
757.900,-0.748,1.488,6.793
758.011,-0.769,1.491,6.740
758.122,-0.785,1.497,6.675
758.233,-0.773,1.504,6.582
758.345,-0.724,1.508,6.515
758.455,-0.680,1.515,6.488
758.566,-0.664,1.520,6.472
758.677,-0.662,1.523,6.451
758.788,-0.667,1.528,6.423
758.900,-0.680,1.530,6.385
759.011,-0.707,1.550,6.336
759.122,-0.743,1.576,6.285
759.234,-0.773,1.586,6.232
759.344,-0.791,1.583,6.173
759.455,-0.796,1.585,6.114
759.566,-0.791,1.585,6.050
759.677,-0.778,1.577,5.978
759.788,-0.760,1.562,5.897
759.900,-0.745,1.554,5.811
760.011,-0.725,1.553,5.729
760.122,-0.704,1.552,5.653
760.233,-0.684,1.551,5.582
760.344,-0.665,1.544,5.508
760.455,-0.644,1.532,5.425
760.567,-0.611,1.519,5.341
760.678,-0.571,1.511,5.273
760.789,-0.535,1.505,5.224
760.900,-0.503,1.504,5.187
761.011,-0.472,1.503,5.157
761.123,-0.434,1.497,5.135
761.234,-0.386,1.491,5.122
761.345,-0.328,1.487,5.116
761.456,-0.258,1.490,5.113
761.567,-0.184,1.497,5.113
761.678,-0.113,1.500,5.113
761.789,-0.050,1.497,5.110
761.900,0.006,1.494,5.103
762.011,0.059,1.488,5.093
762.123,0.111,1.484,5.079
762.233,0.164,1.485,5.062
762.344,0.218,1.489,5.046
762.455,0.263,1.486,5.037
762.567,0.300,1.486,5.038
762.677,0.330,1.485,5.045
762.789,0.353,1.481,5.059
762.900,0.374,1.480,5.076
763.011,0.391,1.477,5.091
763.122,0.403,1.475,5.103
763.233,0.411,1.472,5.111
763.344,0.417,1.470,5.117
763.455,0.420,1.470,5.119
763.566,0.421,1.470,5.120
763.677,0.423,1.470,5.120
763.789,0.423,1.470,5.119
763.900,0.422,1.470,5.118
764.011,0.422,1.471,5.117
764.122,0.424,1.472,5.117
764.233,0.423,1.472,5.116
764.344,0.421,1.471,5.116
764.455,0.418,1.471,5.118
764.567,0.411,1.468,5.129
764.677,0.400,1.466,5.146
764.788,0.387,1.463,5.163
764.899,0.374,1.457,5.177
765.010,0.361,1.451,5.187
765.122,0.350,1.444,5.195
765.233,0.338,1.440,5.200
765.343,0.325,1.437,5.203
765.454,0.315,1.436,5.202
765.566,0.308,1.436,5.200
765.677,0.307,1.436,5.197
765.788,0.307,1.436,5.196
765.899,0.307,1.434,5.202
766.010,0.307,1.431,5.212
766.121,0.310,1.427,5.231
766.232,0.316,1.416,5.257
766.343,0.327,1.398,5.291
766.455,0.340,1.374,5.330
766.564,0.353,1.344,5.365
766.675,0.366,1.312,5.398
766.786,0.377,1.282,5.427
766.897,0.384,1.255,5.447
767.008,0.387,1.244,5.459
767.120,0.388,1.245,5.468
767.231,0.388,1.247,5.477
767.342,0.388,1.246,5.487
767.453,0.388,1.242,5.499
767.565,0.388,1.235,5.509
767.675,0.385,1.230,5.519
767.787,0.382,1.224,5.528
767.898,0.378,1.216,5.534
768.009,0.369,1.212,5.538
768.120,0.355,1.218,5.540
768.232,0.334,1.230,5.539
768.342,0.300,1.255,5.540
768.453,0.248,1.288,5.538
768.565,0.183,1.321,5.526
768.676,0.108,1.342,5.514
768.787,0.034,1.354,5.519
768.898,-0.022,1.379,5.541
769.010,-0.070,1.401,5.562
769.120,-0.108,1.412,5.581
769.232,-0.131,1.421,5.601
769.343,-0.149,1.426,5.628
769.454,-0.166,1.434,5.663
769.565,-0.184,1.442,5.704
769.677,-0.204,1.450,5.742
769.788,-0.223,1.453,5.774
769.899,-0.238,1.452,5.799
770.010,-0.250,1.454,5.820
770.121,-0.256,1.455,5.836
770.232,-0.258,1.456,5.849
770.343,-0.256,1.455,5.857
770.454,-0.248,1.454,5.861
770.566,-0.240,1.453,5.863
770.676,-0.229,1.454,5.860
770.788,-0.217,1.456,5.855
770.899,-0.211,1.459,5.851
771.010,-0.208,1.459,5.849
771.121,-0.206,1.459,5.849
771.232,-0.203,1.459,5.849
771.343,-0.200,1.459,5.847
771.454,-0.192,1.460,5.843
771.566,-0.183,1.457,5.837
771.677,-0.178,1.454,5.834
771.788,-0.174,1.451,5.837
771.899,-0.173,1.451,5.842
772.010,-0.176,1.449,5.846
772.121,-0.180,1.450,5.852
772.233,-0.189,1.464,5.867
772.343,-0.202,1.508,5.883
772.455,-0.223,1.547,5.880
772.566,-0.244,1.571,5.866
772.678,-0.262,1.587,5.847
772.789,-0.277,1.592,5.836
772.900,-0.287,1.591,5.835
773.011,-0.316,1.570,5.864
773.122,-0.353,1.541,5.889
773.233,-0.380,1.517,5.907
773.344,-0.398,1.512,5.921
773.455,-0.411,1.511,5.933
773.566,-0.422,1.513,5.940
773.677,-0.438,1.518,5.940
773.788,-0.460,1.519,5.936
773.899,-0.483,1.517,5.933
774.010,-0.504,1.515,5.932
774.122,-0.518,1.519,5.938
774.233,-0.525,1.530,5.951
774.344,-0.528,1.552,5.976
774.455,-0.531,1.566,6.012
774.566,-0.542,1.567,6.047
774.678,-0.559,1.567,6.078
774.789,-0.577,1.563,6.104
774.900,-0.598,1.559,6.120
775.011,-0.624,1.556,6.129
775.122,-0.654,1.552,6.132
775.233,-0.686,1.546,6.119
775.344,-0.715,1.535,6.089
775.455,-0.748,1.525,6.053
775.566,-0.792,1.520,6.012
775.677,-0.846,1.518,5.962
775.789,-0.903,1.519,5.907
775.900,-0.956,1.517,5.855
776.011,-1.005,1.514,5.811
776.122,-1.049,1.510,5.773
776.233,-1.089,1.511,5.732
776.344,-1.123,1.523,5.690
776.455,-1.162,1.536,5.653
776.566,-1.214,1.547,5.620
776.677,-1.276,1.560,5.587
776.789,-1.331,1.563,5.551
776.900,-1.372,1.566,5.511
777.011,-1.376,1.558,5.468
777.122,-1.363,1.545,5.442
777.233,-1.365,1.535,5.409
777.344,-1.378,1.532,5.356
777.455,-1.397,1.537,5.291
777.567,-1.403,1.535,5.219
777.677,-1.389,1.540,5.134
777.789,-1.369,1.554,5.039
777.900,-1.357,1.563,4.941
778.011,-1.352,1.565,4.843
778.122,-1.359,1.554,4.745
778.233,-1.376,1.541,4.642
778.344,-1.403,1.538,4.535
778.455,-1.432,1.554,4.427
778.567,-1.455,1.566,4.320
778.677,-1.471,1.565,4.216
778.788,-1.480,1.550,4.111
778.900,-1.480,1.534,4.006
779.011,-1.471,1.533,3.899
779.122,-1.461,1.543,3.791
779.233,-1.461,1.551,3.684
779.344,-1.473,1.549,3.584
779.455,-1.495,1.538,3.489
779.567,-1.525,1.531,3.395
779.677,-1.561,1.536,3.303
779.789,-1.593,1.546,3.216
779.900,-1.616,1.552,3.136
780.011,-1.633,1.554,3.064
780.122,-1.645,1.552,3.000
780.232,-1.651,1.545,2.941
780.344,-1.650,1.542,2.888
780.455,-1.651,1.540,2.845
780.566,-1.655,1.542,2.812
780.677,-1.663,1.543,2.787
780.788,-1.672,1.544,2.766
780.899,-1.683,1.546,2.751
781.011,-1.694,1.546,2.739
781.122,-1.703,1.547,2.729
781.233,-1.711,1.547,2.721
781.344,-1.716,1.546,2.715
781.455,-1.720,1.546,2.712
781.566,-1.723,1.546,2.710
781.677,-1.724,1.546,2.707
781.789,-1.726,1.546,2.704
781.900,-1.726,1.544,2.699
782.010,-1.724,1.542,2.693
782.122,-1.713,1.538,2.686
782.233,-1.692,1.536,2.685
782.344,-1.668,1.540,2.693
782.455,-1.655,1.544,2.700
782.566,-1.647,1.545,2.700
782.678,-1.637,1.543,2.705
782.789,-1.612,1.540,2.723
782.900,-1.569,1.531,2.752
783.011,-1.512,1.513,2.787
783.122,-1.449,1.507,2.819
783.233,-1.399,1.517,2.853
783.344,-1.373,1.532,2.888
783.455,-1.369,1.539,2.922
783.567,-1.382,1.545,2.949
783.678,-1.401,1.548,2.968
783.789,-1.415,1.548,2.983
783.900,-1.424,1.547,2.993
784.011,-1.430,1.547,3.000
784.122,-1.431,1.547,3.004
784.231,-1.433,1.547,3.005
784.342,-1.432,1.546,3.001
784.453,-1.424,1.547,2.996
784.564,-1.409,1.547,2.993
784.676,-1.397,1.546,2.992
784.789,-1.390,1.545,2.991
784.900,-1.383,1.545,2.990
785.011,-1.378,1.545,2.987
785.122,-1.376,1.544,2.982
785.233,-1.377,1.544,2.976
785.344,-1.379,1.546,2.971
785.455,-1.382,1.548,2.966
785.566,-1.385,1.552,2.963
785.678,-1.388,1.552,2.965
785.789,-1.391,1.551,2.967
785.900,-1.394,1.551,2.967
786.011,-1.395,1.549,2.965
786.122,-1.403,1.549,2.965
786.233,-1.408,1.550,2.965
786.344,-1.407,1.548,2.963
786.455,-1.401,1.548,2.962
786.567,-1.398,1.550,2.962
786.678,-1.401,1.553,2.963
786.788,-1.409,1.560,2.966
786.900,-1.418,1.569,2.973
787.011,-1.426,1.573,2.976
787.123,-1.432,1.567,2.973
787.233,-1.437,1.564,2.971
787.344,-1.440,1.564,2.972
787.455,-1.441,1.564,2.970
787.567,-1.437,1.563,2.967
787.677,-1.426,1.562,2.964
787.788,-1.417,1.563,2.966
787.900,-1.414,1.562,2.970
788.011,-1.413,1.560,2.975
788.122,-1.414,1.562,2.977
788.233,-1.415,1.562,2.978
788.344,-1.414,1.572,2.984
788.455,-1.414,1.588,2.998
788.567,-1.416,1.597,3.011
788.678,-1.420,1.602,3.019
788.789,-1.423,1.608,3.026
788.900,-1.424,1.613,3.034
789.012,-1.425,1.615,3.039
789.122,-1.426,1.615,3.039
789.234,-1.426,1.615,3.037
789.344,-1.426,1.614,3.036
789.456,-1.427,1.614,3.034
789.567,-1.427,1.614,3.035
789.678,-1.427,1.614,3.035
789.789,-1.428,1.613,3.034
789.900,-1.430,1.613,3.032
790.012,-1.431,1.613,3.031
790.123,-1.434,1.606,3.019
790.233,-1.439,1.584,2.996
790.344,-1.443,1.553,2.982
790.455,-1.446,1.538,2.975
790.567,-1.440,1.539,2.973
790.678,-1.425,1.542,2.973
790.788,-1.416,1.545,2.974
790.900,-1.414,1.545,2.976
791.011,-1.411,1.545,2.977
791.122,-1.408,1.546,2.978
791.234,-1.408,1.546,2.979
791.344,-1.408,1.545,2.978
791.455,-1.410,1.545,2.977
791.566,-1.413,1.546,2.977
791.677,-1.416,1.546,2.977
791.789,-1.417,1.545,2.977
791.900,-1.418,1.544,2.975
792.011,-1.418,1.543,2.973
792.122,-1.417,1.543,2.971
792.233,-1.417,1.542,2.968
792.344,-1.414,1.543,2.963
792.455,-1.405,1.543,2.957
792.567,-1.391,1.544,2.954
792.677,-1.383,1.544,2.952
792.789,-1.393,1.542,2.951
792.900,-1.404,1.542,2.953
793.011,-1.401,1.544,2.953
793.122,-1.395,1.543,2.952
793.233,-1.390,1.545,2.954
793.344,-1.389,1.546,2.956
793.455,-1.388,1.545,2.956
793.567,-1.389,1.544,2.956
793.677,-1.395,1.545,2.956
793.789,-1.397,1.544,2.955
793.900,-1.392,1.543,2.954
794.010,-1.382,1.543,2.955
794.123,-1.375,1.542,2.958
794.233,-1.373,1.543,2.962
794.344,-1.373,1.543,2.964
794.455,-1.372,1.541,2.965
794.566,-1.371,1.539,2.965
794.677,-1.367,1.543,2.968
794.789,-1.356,1.546,2.971
794.900,-1.335,1.547,2.975
795.011,-1.308,1.545,2.976
795.123,-1.282,1.544,2.975
795.233,-1.267,1.546,2.980
795.344,-1.268,1.550,3.000
795.455,-1.284,1.556,3.030
795.567,-1.314,1.561,3.065
795.678,-1.358,1.568,3.099
795.789,-1.410,1.578,3.131
795.900,-1.456,1.585,3.162
796.011,-1.490,1.590,3.186
796.122,-1.512,1.593,3.204
796.233,-1.523,1.591,3.216
796.344,-1.523,1.581,3.219
796.455,-1.511,1.578,3.217
796.566,-1.496,1.579,3.214
796.677,-1.479,1.582,3.210
796.789,-1.461,1.589,3.207
796.899,-1.445,1.597,3.207
797.011,-1.431,1.599,3.205
797.122,-1.421,1.599,3.201
797.233,-1.416,1.598,3.196
797.344,-1.413,1.599,3.193
797.456,-1.411,1.599,3.191
797.566,-1.410,1.600,3.187
797.678,-1.410,1.600,3.183
797.789,-1.406,1.591,3.173
797.900,-1.398,1.581,3.161
798.010,-1.394,1.578,3.154
798.122,-1.394,1.579,3.151
798.233,-1.393,1.579,3.150
798.344,-1.394,1.580,3.151
798.455,-1.397,1.583,3.153
798.566,-1.401,1.592,3.156
798.677,-1.404,1.600,3.164
798.789,-1.406,1.601,3.168
798.900,-1.408,1.601,3.168
799.011,-1.410,1.600,3.168
799.122,-1.412,1.601,3.169
799.233,-1.413,1.601,3.170
799.344,-1.416,1.600,3.170
799.456,-1.417,1.601,3.171
799.567,-1.420,1.601,3.170
799.678,-1.421,1.600,3.168
799.789,-1.420,1.599,3.166
799.900,-1.414,1.596,3.162
800.011,-1.403,1.589,3.154
800.122,-1.389,1.576,3.141
800.233,-1.380,1.569,3.132
800.343,-1.377,1.570,3.130
800.455,-1.376,1.571,3.131
800.566,-1.377,1.571,3.133
800.677,-1.378,1.571,3.135
800.788,-1.379,1.572,3.136
800.899,-1.381,1.572,3.134
801.010,-1.383,1.574,3.132
801.122,-1.387,1.585,3.137
801.233,-1.393,1.598,3.149
801.344,-1.398,1.605,3.162
801.455,-1.401,1.607,3.170
801.567,-1.401,1.606,3.173
801.678,-1.402,1.604,3.172
801.789,-1.402,1.599,3.168
801.900,-1.403,1.586,3.161
802.011,-1.403,1.582,3.158
802.122,-1.403,1.585,3.162
802.233,-1.404,1.589,3.169
802.344,-1.404,1.587,3.169
802.455,-1.405,1.585,3.167
802.566,-1.401,1.580,3.165
802.677,-1.397,1.576,3.162
802.788,-1.394,1.573,3.158
802.900,-1.389,1.570,3.156
803.010,-1.383,1.569,3.153
803.122,-1.377,1.568,3.148
803.233,-1.367,1.567,3.139
803.344,-1.347,1.564,3.125
803.455,-1.321,1.560,3.106
803.566,-1.298,1.560,3.084
803.677,-1.286,1.558,3.055
803.788,-1.287,1.557,3.017
803.899,-1.296,1.559,2.972
804.010,-1.310,1.568,2.918
804.122,-1.317,1.577,2.860
804.233,-1.320,1.583,2.806
804.343,-1.324,1.590,2.763
804.455,-1.328,1.591,2.732
804.566,-1.328,1.589,2.715
804.677,-1.326,1.587,2.709
804.788,-1.331,1.589,2.710
804.899,-1.335,1.590,2.717
805.010,-1.335,1.589,2.728
805.121,-1.330,1.588,2.739
805.232,-1.326,1.586,2.748
805.343,-1.319,1.580,2.756
805.454,-1.303,1.574,2.768
805.565,-1.278,1.567,2.791
805.677,-1.246,1.565,2.829
805.787,-1.213,1.565,2.880
805.899,-1.182,1.561,2.943
806.011,-1.159,1.556,3.016
806.121,-1.139,1.559,3.077
806.233,-1.115,1.561,3.129
806.344,-1.088,1.555,3.180
806.455,-1.063,1.549,3.231
806.566,-1.024,1.543,3.276
806.677,-0.976,1.541,3.322
806.788,-0.938,1.541,3.378
806.899,-0.904,1.539,3.438
807.010,-0.871,1.539,3.502
807.121,-0.847,1.533,3.573
807.232,-0.822,1.520,3.651
807.343,-0.802,1.510,3.738
807.454,-0.780,1.513,3.831
807.565,-0.759,1.522,3.925
807.676,-0.744,1.526,4.014
807.787,-0.730,1.527,4.096
807.898,-0.708,1.525,4.169
808.010,-0.675,1.527,4.242
808.121,-0.643,1.534,4.317
808.232,-0.624,1.537,4.388
808.343,-0.619,1.538,4.453
808.454,-0.627,1.536,4.516
808.565,-0.651,1.528,4.576
808.676,-0.692,1.523,4.637
808.788,-0.747,1.523,4.700
808.899,-0.810,1.528,4.769
809.010,-0.873,1.533,4.838
809.121,-0.935,1.532,4.911
809.231,-0.999,1.525,4.988
809.342,-1.065,1.517,5.069
809.454,-1.132,1.516,5.153
809.565,-1.204,1.528,5.234
809.676,-1.281,1.535,5.304
809.787,-1.361,1.534,5.362
809.899,-1.444,1.524,5.408
810.010,-1.532,1.513,5.442
810.121,-1.624,1.514,5.473
810.232,-1.715,1.520,5.504
810.343,-1.800,1.525,5.534
810.454,-1.879,1.526,5.564
810.565,-1.949,1.521,5.592
810.677,-2.013,1.518,5.614
810.787,-2.070,1.519,5.626
810.899,-2.118,1.518,5.627
811.010,-2.158,1.513,5.617
811.120,-2.191,1.511,5.603
811.232,-2.216,1.507,5.589
811.343,-2.233,1.504,5.576
811.454,-2.244,1.502,5.564
811.565,-2.250,1.500,5.553
811.676,-2.251,1.498,5.543
811.787,-2.251,1.496,5.535
811.898,-2.249,1.495,5.529
812.010,-2.249,1.495,5.524
812.121,-2.247,1.495,5.521
812.232,-2.245,1.496,5.521
812.343,-2.244,1.496,5.523
812.454,-2.243,1.495,5.525
812.566,-2.242,1.495,5.526
812.676,-2.243,1.494,5.526
812.787,-2.244,1.493,5.527
812.898,-2.246,1.492,5.527
813.010,-2.247,1.490,5.525
813.120,-2.247,1.489,5.523
813.232,-2.247,1.488,5.522
813.343,-2.247,1.487,5.519
813.455,-2.247,1.487,5.517
813.566,-2.247,1.488,5.516
813.677,-2.247,1.488,5.519
813.788,-2.245,1.486,5.522
813.899,-2.244,1.485,5.525
814.010,-2.242,1.484,5.524
814.121,-2.241,1.485,5.523
814.233,-2.240,1.486,5.523
814.343,-2.238,1.485,5.523
814.455,-2.234,1.485,5.523
814.566,-2.222,1.485,5.528
814.677,-2.201,1.488,5.547
814.788,-2.169,1.492,5.577
814.899,-2.124,1.497,5.612
815.010,-2.074,1.503,5.644
815.121,-2.020,1.506,5.672
815.233,-1.967,1.508,5.697
815.344,-1.917,1.506,5.720
815.454,-1.864,1.509,5.743
815.566,-1.803,1.522,5.763
815.677,-1.750,1.535,5.771
815.788,-1.711,1.541,5.778
815.900,-1.676,1.544,5.789
816.010,-1.641,1.545,5.802
816.122,-1.602,1.538,5.815
816.233,-1.563,1.530,5.837
816.344,-1.527,1.524,5.871
816.455,-1.489,1.531,5.915
816.566,-1.453,1.534,5.953
816.678,-1.420,1.535,5.982
816.789,-1.391,1.541,6.001
816.899,-1.359,1.546,6.014
817.010,-1.320,1.548,6.022
817.121,-1.271,1.546,6.025
817.233,-1.212,1.543,6.023
817.343,-1.140,1.540,6.018
817.455,-1.062,1.548,6.009
817.566,-0.992,1.552,6.002
817.677,-0.929,1.554,5.997
817.788,-0.870,1.549,5.994
817.900,-0.811,1.541,5.994
818.011,-0.746,1.529,5.998
818.122,-0.677,1.522,6.007
818.233,-0.604,1.523,6.020
818.344,-0.527,1.531,6.031
818.455,-0.454,1.531,6.035
818.566,-0.390,1.531,6.036
818.677,-0.334,1.529,6.031
818.788,-0.280,1.524,6.021
818.899,-0.225,1.518,6.002
819.011,-0.165,1.516,5.973
819.122,-0.100,1.521,5.935
819.233,-0.032,1.529,5.893
819.343,0.030,1.531,5.853
819.455,0.082,1.531,5.823
819.566,0.122,1.528,5.800
819.677,0.150,1.523,5.784
819.788,0.170,1.521,5.773
819.899,0.185,1.519,5.764
820.010,0.197,1.513,5.758
820.121,0.210,1.503,5.762
820.232,0.223,1.489,5.791
820.343,0.225,1.479,5.829
820.454,0.224,1.476,5.852
820.565,0.226,1.474,5.866
820.676,0.231,1.470,5.882
820.787,0.237,1.465,5.902
820.898,0.251,1.460,5.928
821.009,0.277,1.449,5.962
821.120,0.310,1.426,6.002
821.232,0.344,1.386,6.044
821.343,0.376,1.335,6.081
821.454,0.404,1.285,6.109
821.565,0.424,1.248,6.129
821.676,0.437,1.227,6.143
821.787,0.441,1.220,6.152
821.898,0.442,1.223,6.157
822.010,0.440,1.231,6.161
822.121,0.435,1.247,6.168
822.232,0.425,1.273,6.173
822.343,0.411,1.305,6.178
822.454,0.395,1.335,6.185
822.565,0.377,1.356,6.196
822.676,0.364,1.369,6.211
822.788,0.356,1.377,6.225
822.899,0.353,1.382,6.234
823.010,0.353,1.384,6.241
823.121,0.356,1.382,6.249
823.232,0.358,1.381,6.256
823.343,0.359,1.378,6.262
823.455,0.360,1.378,6.266
823.566,0.359,1.376,6.269
823.677,0.355,1.374,6.274
823.788,0.347,1.372,6.278
823.899,0.335,1.369,6.275
824.010,0.326,1.365,6.263
824.121,0.321,1.362,6.241
824.232,0.320,1.361,6.214
824.343,0.321,1.357,6.190
824.454,0.320,1.349,6.175
824.565,0.314,1.340,6.168
824.676,0.307,1.328,6.168
824.787,0.302,1.316,6.170
824.898,0.301,1.308,6.172
825.010,0.300,1.301,6.176
825.121,0.300,1.295,6.179
825.233,0.300,1.290,6.184
825.343,0.299,1.285,6.188
825.454,0.299,1.280,6.192
825.566,0.299,1.279,6.194
825.677,0.300,1.280,6.197
825.788,0.300,1.281,6.198
825.899,0.300,1.279,6.198
826.010,0.300,1.280,6.198
826.121,0.298,1.282,6.198
826.232,0.296,1.284,6.198
826.343,0.294,1.286,6.197
826.454,0.292,1.289,6.196
826.565,0.290,1.290,6.195
826.677,0.289,1.291,6.195
826.788,0.289,1.291,6.195
826.898,0.290,1.291,6.195
827.010,0.290,1.290,6.195
827.121,0.290,1.289,6.195
827.232,0.290,1.289,6.194
827.343,0.289,1.289,6.194
827.454,0.289,1.289,6.193
827.565,0.289,1.289,6.192
827.676,0.289,1.290,6.191
827.788,0.289,1.292,6.190
827.899,0.289,1.293,6.188
828.010,0.290,1.294,6.187
828.121,0.290,1.300,6.184
828.232,0.291,1.313,6.178
828.343,0.291,1.330,6.169
828.454,0.290,1.345,6.160
828.566,0.287,1.356,6.152
828.676,0.282,1.364,6.146
828.787,0.273,1.368,6.144
828.899,0.264,1.373,6.140
829.010,0.250,1.380,6.134
829.121,0.229,1.394,6.122
829.232,0.196,1.409,6.102
829.343,0.147,1.417,6.071
829.455,0.087,1.417,6.033
829.566,0.029,1.429,5.991
829.677,-0.020,1.464,5.923
829.789,-0.097,1.510,5.822
829.900,-0.212,1.546,5.729
830.011,-0.332,1.560,5.658
830.122,-0.435,1.559,5.591
830.233,-0.526,1.554,5.522
830.344,-0.606,1.555,5.454
830.456,-0.676,1.565,5.384
830.567,-0.734,1.560,5.306
830.678,-0.783,1.540,5.213
830.789,-0.822,1.527,5.103
830.900,-0.854,1.527,4.979
831.011,-0.889,1.542,4.854
831.122,-0.933,1.555,4.737
831.233,-0.982,1.548,4.628
831.344,-1.041,1.535,4.522
831.455,-1.109,1.541,4.415
831.566,-1.173,1.564,4.307
831.677,-1.227,1.579,4.195
831.789,-1.270,1.569,4.078
831.900,-1.304,1.546,3.955
832.011,-1.326,1.534,3.825
832.122,-1.344,1.542,3.692
832.233,-1.368,1.562,3.568
832.344,-1.392,1.573,3.458
832.455,-1.415,1.562,3.352
832.566,-1.446,1.544,3.243
832.677,-1.483,1.541,3.126
832.788,-1.525,1.559,3.003
832.900,-1.562,1.584,2.890
833.011,-1.592,1.600,2.800
833.122,-1.612,1.604,2.738
833.233,-1.626,1.602,2.704
833.344,-1.633,1.599,2.693
833.455,-1.632,1.596,2.700
833.567,-1.626,1.593,2.723
833.677,-1.617,1.584,2.755
833.789,-1.608,1.567,2.786
833.900,-1.600,1.568,2.801
834.010,-1.601,1.571,2.804
834.122,-1.602,1.576,2.797
834.233,-1.601,1.580,2.784
834.344,-1.600,1.581,2.774
834.455,-1.597,1.579,2.767
834.566,-1.596,1.578,2.766
834.677,-1.593,1.578,2.771
834.789,-1.586,1.577,2.786
834.900,-1.569,1.573,2.812
835.011,-1.536,1.569,2.851
835.121,-1.490,1.565,2.903
835.233,-1.441,1.561,2.964
835.343,-1.395,1.555,3.029
835.455,-1.354,1.553,3.093
835.566,-1.318,1.555,3.155
835.677,-1.287,1.552,3.211
835.789,-1.252,1.547,3.261
835.899,-1.210,1.539,3.309
836.010,-1.160,1.530,3.355
836.122,-1.103,1.530,3.404
836.233,-1.052,1.530,3.461
836.343,-1.013,1.531,3.526
836.454,-0.986,1.530,3.595
836.565,-0.969,1.521,3.670
836.676,-0.962,1.509,3.752
836.787,-0.965,1.513,3.843
836.899,-0.964,1.520,3.934
837.010,-0.960,1.522,4.018
837.120,-0.954,1.519,4.097
837.232,-0.947,1.510,4.180
837.343,-0.939,1.505,4.267
837.454,-0.930,1.514,4.357
837.565,-0.927,1.525,4.442
837.676,-0.934,1.530,4.518
837.787,-0.952,1.530,4.585
837.899,-0.980,1.525,4.651
838.010,-1.018,1.517,4.718
838.120,-1.068,1.518,4.788
838.231,-1.125,1.525,4.859
838.342,-1.181,1.528,4.933
838.453,-1.232,1.525,5.007
838.565,-1.278,1.518,5.081
838.676,-1.318,1.512,5.159
838.787,-1.353,1.512,5.239
838.898,-1.382,1.522,5.323
839.009,-1.415,1.528,5.398
839.120,-1.451,1.532,5.461
839.232,-1.484,1.531,5.524
839.342,-1.514,1.523,5.592
839.453,-1.553,1.513,5.645
839.565,-1.600,1.508,5.686
839.676,-1.652,1.513,5.724
839.787,-1.705,1.513,5.754
839.899,-1.776,1.508,5.755
840.009,-1.834,1.501,5.736
840.120,-1.868,1.494,5.718
840.232,-1.891,1.493,5.715
840.341,-1.904,1.492,5.715
840.452,-1.914,1.493,5.714
840.564,-1.923,1.492,5.719
840.675,-1.927,1.488,5.724
840.786,-1.927,1.484,5.726
840.898,-1.936,1.479,5.719
841.009,-1.956,1.474,5.701
841.120,-1.985,1.468,5.670
841.231,-2.022,1.461,5.627
841.343,-2.061,1.455,5.582
841.454,-2.099,1.446,5.546
841.565,-2.131,1.438,5.518
841.676,-2.152,1.432,5.497
841.787,-2.158,1.434,5.484
841.899,-2.145,1.448,5.477
842.010,-2.121,1.469,5.478
842.121,-2.099,1.483,5.489
842.232,-2.084,1.490,5.505
842.343,-2.081,1.493,5.523
842.454,-2.088,1.494,5.545
842.565,-2.104,1.494,5.568
842.676,-2.128,1.494,5.592
842.787,-2.152,1.492,5.615
842.899,-2.175,1.490,5.637
843.010,-2.193,1.487,5.657
843.121,-2.205,1.484,5.673
843.232,-2.210,1.484,5.686
843.343,-2.211,1.484,5.693
843.455,-2.210,1.484,5.697
843.566,-2.210,1.484,5.699
843.677,-2.209,1.484,5.700
843.788,-2.208,1.484,5.699
843.899,-2.206,1.484,5.698
844.010,-2.204,1.484,5.696
844.122,-2.203,1.484,5.694
844.246,-2.201,1.484,5.692
844.350,-2.193,1.483,5.687
844.462,-2.178,1.485,5.665
844.572,-2.149,1.491,5.636
844.684,-2.104,1.496,5.629
844.787,-2.053,1.501,5.634
844.899,-1.971,1.511,5.649
845.009,-1.877,1.516,5.669
845.121,-1.784,1.512,5.679
845.232,-1.696,1.511,5.684
845.343,-1.624,1.519,5.685
845.454,-1.560,1.526,5.678
845.565,-1.501,1.529,5.667
845.676,-1.444,1.526,5.651
845.788,-1.382,1.518,5.634
845.899,-1.315,1.512,5.607
846.010,-1.248,1.513,5.580
846.121,-1.184,1.511,5.564
846.232,-1.129,1.510,5.562
846.343,-1.083,1.508,5.571
846.455,-1.042,1.501,5.587
846.565,-0.998,1.490,5.616
846.677,-0.950,1.484,5.659
846.788,-0.900,1.483,5.716
846.899,-0.851,1.486,5.777
847.010,-0.806,1.488,5.838
847.121,-0.774,1.495,5.899
847.232,-0.763,1.500,5.954
847.343,-0.767,1.505,5.991
847.455,-0.763,1.511,6.012
847.565,-0.762,1.514,6.027
847.677,-0.764,1.516,6.038
847.788,-0.766,1.512,6.050
847.898,-0.772,1.501,6.068
848.010,-0.776,1.489,6.097
848.121,-0.772,1.484,6.138
848.232,-0.762,1.477,6.192
848.343,-0.749,1.466,6.257
848.455,-0.736,1.460,6.332
848.566,-0.733,1.451,6.407
848.677,-0.740,1.437,6.481
848.788,-0.754,1.420,6.556
848.899,-0.773,1.395,6.630
849.010,-0.792,1.367,6.708
849.121,-0.805,1.332,6.775
849.232,-0.810,1.290,6.829
849.343,-0.811,1.249,6.868
849.454,-0.810,1.218,6.894
849.566,-0.809,1.201,6.909
849.677,-0.808,1.190,6.919
849.788,-0.807,1.188,6.925
849.899,-0.807,1.188,6.929
850.010,-0.806,1.188,6.930
850.121,-0.805,1.190,6.931
850.232,-0.804,1.191,6.930
850.343,-0.804,1.194,6.928
850.454,-0.805,1.197,6.927
850.566,-0.807,1.199,6.925
850.677,-0.810,1.200,6.924
850.788,-0.814,1.203,6.923
850.899,-0.818,1.216,6.917
851.010,-0.823,1.247,6.903
851.121,-0.828,1.291,6.878
851.232,-0.825,1.340,6.845
851.343,-0.800,1.391,6.804
851.454,-0.768,1.431,6.746
851.566,-0.744,1.457,6.675
851.677,-0.730,1.474,6.606
851.789,-0.717,1.484,6.544
851.900,-0.700,1.490,6.487
852.011,-0.676,1.491,6.430
852.122,-0.646,1.490,6.372
852.233,-0.613,1.486,6.320
852.344,-0.580,1.481,6.273
852.455,-0.550,1.475,6.233
852.568,-0.529,1.470,6.203
852.677,-0.518,1.467,6.179
852.789,-0.510,1.467,6.160
852.900,-0.502,1.464,6.146
853.011,-0.495,1.460,6.140
853.122,-0.486,1.457,6.139
853.233,-0.473,1.451,6.143
853.344,-0.451,1.444,6.149
853.455,-0.416,1.433,6.156
853.566,-0.362,1.422,6.168
853.677,-0.283,1.413,6.183
853.788,-0.186,1.406,6.198
853.899,-0.092,1.383,6.207
854.010,-0.007,1.340,6.203
854.122,0.070,1.284,6.192
854.233,0.134,1.208,6.176
854.343,0.183,1.118,6.162
854.454,0.221,1.019,6.153
854.565,0.252,0.913,6.146
854.677,0.273,0.812,6.143
854.788,0.286,0.732,6.145
854.899,0.292,0.682,6.146
855.010,0.290,0.670,6.145
855.121,0.283,0.717,6.145
855.232,0.272,0.799,6.143
855.343,0.258,0.900,6.140
855.454,0.240,1.028,6.137
855.566,0.206,1.174,6.137
855.677,0.145,1.305,6.144
855.788,0.070,1.394,6.155
855.899,0.009,1.446,6.162
856.010,-0.033,1.472,6.169
856.121,-0.053,1.482,6.163
856.232,-0.054,1.483,6.148
856.342,-0.031,1.478,6.117
856.455,0.004,1.459,6.076
856.566,0.039,1.441,6.043
856.677,0.072,1.428,6.012
856.788,0.105,1.419,5.982
856.899,0.132,1.411,5.960
857.010,0.159,1.402,5.941
857.121,0.190,1.389,5.921
857.232,0.224,1.367,5.899
857.344,0.262,1.324,5.875
857.455,0.295,1.277,5.853
857.566,0.321,1.235,5.834
857.677,0.338,1.203,5.819
857.788,0.345,1.185,5.806
857.899,0.341,1.192,5.800
858.010,0.325,1.216,5.799
858.121,0.299,1.243,5.803
858.232,0.269,1.268,5.813
858.343,0.240,1.289,5.823
858.455,0.213,1.311,5.831
858.566,0.185,1.332,5.836
858.677,0.164,1.350,5.837
858.788,0.152,1.364,5.829
858.899,0.151,1.373,5.811
859.011,0.160,1.377,5.788
859.122,0.176,1.376,5.762
859.233,0.195,1.372,5.737
859.343,0.213,1.366,5.714
859.455,0.230,1.359,5.695
859.566,0.243,1.353,5.681
859.677,0.253,1.346,5.670
859.788,0.259,1.340,5.664
859.899,0.264,1.336,5.659
860.010,0.268,1.332,5.656
860.121,0.271,1.327,5.655
860.232,0.274,1.323,5.655
860.344,0.275,1.323,5.658
860.455,0.274,1.326,5.663
860.566,0.272,1.328,5.669
860.677,0.267,1.330,5.676
860.788,0.257,1.335,5.689
860.900,0.239,1.343,5.711
861.011,0.209,1.358,5.745
861.122,0.166,1.375,5.793
861.233,0.111,1.395,5.856
861.344,0.053,1.421,5.926
861.455,0.000,1.448,5.994
861.566,-0.045,1.473,6.050
861.677,-0.081,1.491,6.094
861.788,-0.105,1.501,6.126
861.899,-0.120,1.506,6.147
862.011,-0.128,1.507,6.159
862.121,-0.132,1.503,6.164
862.233,-0.132,1.503,6.166
862.343,-0.129,1.504,6.168
862.455,-0.126,1.503,6.170
862.566,-0.120,1.503,6.173
862.677,-0.116,1.504,6.173
862.788,-0.111,1.503,6.171
862.899,-0.105,1.500,6.165
863.010,-0.100,1.498,6.156
863.122,-0.092,1.496,6.144
863.233,-0.083,1.494,6.130
863.344,-0.072,1.492,6.112
863.455,-0.057,1.491,6.086
863.566,-0.038,1.491,6.058
863.677,-0.014,1.496,6.045
863.788,-0.007,1.504,6.052
863.900,-0.029,1.508,6.058
864.010,-0.061,1.511,6.048
864.121,-0.096,1.516,6.031
864.233,-0.131,1.519,6.010
864.343,-0.160,1.524,5.995
864.454,-0.194,1.526,5.992
864.566,-0.242,1.525,5.996
864.677,-0.303,1.524,6.006
864.788,-0.371,1.519,6.027
864.899,-0.438,1.512,6.053
865.010,-0.491,1.505,6.072
865.121,-0.529,1.502,6.088
865.233,-0.559,1.503,6.100
865.343,-0.583,1.499,6.110
865.454,-0.600,1.498,6.114
865.566,-0.616,1.499,6.117
865.677,-0.621,1.500,6.122
865.788,-0.623,1.499,6.128
865.899,-0.627,1.496,6.138
866.010,-0.633,1.492,6.152
866.121,-0.640,1.489,6.170
866.233,-0.647,1.488,6.191
866.343,-0.656,1.486,6.216
866.455,-0.667,1.483,6.246
866.566,-0.695,1.485,6.273
866.677,-0.737,1.498,6.286
866.788,-0.775,1.524,6.285
866.899,-0.799,1.542,6.283
867.011,-0.821,1.545,6.292
867.122,-0.850,1.540,6.306
867.233,-0.885,1.536,6.312
867.344,-0.924,1.537,6.304
867.455,-0.965,1.537,6.283
867.566,-1.009,1.532,6.249
867.677,-1.057,1.529,6.199
867.789,-1.108,1.536,6.142
867.899,-1.159,1.541,6.088
868.011,-1.211,1.542,6.043
868.122,-1.266,1.540,6.006
868.233,-1.324,1.535,5.979
868.344,-1.390,1.527,5.956
868.455,-1.464,1.519,5.939
868.567,-1.546,1.521,5.924
868.677,-1.631,1.528,5.908
868.789,-1.708,1.527,5.888
868.900,-1.779,1.524,5.866
869.011,-1.843,1.521,5.843
869.122,-1.900,1.516,5.815
869.233,-1.950,1.509,5.784
869.344,-1.995,1.507,5.751
869.454,-2.034,1.503,5.724
869.566,-2.067,1.501,5.706
869.677,-2.094,1.501,5.694
869.788,-2.117,1.498,5.687
869.899,-2.136,1.497,5.684
870.010,-2.152,1.497,5.683
870.121,-2.165,1.496,5.681
870.233,-2.171,1.494,5.678
870.343,-2.173,1.491,5.675
870.455,-2.171,1.488,5.671
870.566,-2.164,1.484,5.666
870.677,-2.156,1.482,5.661
870.788,-2.150,1.479,5.655
870.899,-2.146,1.478,5.651
871.010,-2.144,1.477,5.647
871.121,-2.143,1.475,5.645
871.232,-2.143,1.474,5.644
871.343,-2.144,1.473,5.642
871.455,-2.146,1.473,5.640
871.566,-2.148,1.474,5.639
871.677,-2.148,1.474,5.639
871.788,-2.148,1.474,5.639
871.899,-2.146,1.474,5.640
872.010,-2.144,1.474,5.641
872.122,-2.143,1.475,5.642
872.233,-2.142,1.475,5.644
872.344,-2.141,1.475,5.647
872.455,-2.140,1.476,5.649
872.566,-2.139,1.476,5.650
872.677,-2.137,1.478,5.648
872.789,-2.127,1.494,5.621
872.900,-2.089,1.520,5.581
873.011,-2.033,1.543,5.566
873.122,-1.986,1.557,5.573
873.233,-1.955,1.561,5.586
873.344,-1.940,1.561,5.594
873.455,-1.934,1.562,5.600
873.566,-1.930,1.563,5.603
873.677,-1.928,1.564,5.605
873.788,-1.927,1.563,5.607
873.900,-1.927,1.564,5.607
874.011,-1.924,1.563,5.608
874.122,-1.914,1.561,5.611
874.233,-1.885,1.546,5.621
874.344,-1.860,1.531,5.641
874.455,-1.851,1.521,5.673
874.567,-1.860,1.526,5.701
874.678,-1.871,1.521,5.703
874.789,-1.870,1.521,5.686
874.900,-1.869,1.529,5.645
875.011,-1.867,1.536,5.611
875.122,-1.833,1.538,5.591
875.233,-1.772,1.542,5.571
875.344,-1.705,1.550,5.544
875.455,-1.639,1.556,5.507
875.567,-1.578,1.558,5.459
875.678,-1.525,1.553,5.402
875.789,-1.477,1.540,5.331
875.900,-1.433,1.520,5.242
876.011,-1.387,1.501,5.123
876.122,-1.335,1.507,4.984
876.233,-1.274,1.515,4.863
876.344,-1.208,1.522,4.754
876.455,-1.143,1.507,4.645
876.567,-1.067,1.490,4.533
876.678,-0.988,1.502,4.418
876.789,-0.921,1.530,4.292
876.900,-0.870,1.536,4.159
877.011,-0.833,1.516,4.021
877.122,-0.808,1.511,3.877
877.233,-0.786,1.530,3.731
877.344,-0.756,1.557,3.589
877.455,-0.724,1.552,3.454
877.566,-0.687,1.527,3.320
877.678,-0.637,1.516,3.188
877.789,-0.584,1.532,3.055
877.900,-0.541,1.547,2.921
878.011,-0.504,1.541,2.788
878.122,-0.474,1.521,2.656
878.234,-0.455,1.514,2.521
878.344,-0.442,1.525,2.383
878.455,-0.426,1.531,2.252
878.567,-0.410,1.522,2.126
878.677,-0.392,1.500,2.002
878.789,-0.370,1.482,1.879
878.900,-0.346,1.484,1.756
879.011,-0.333,1.495,1.640
879.122,-0.330,1.499,1.538
879.233,-0.335,1.493,1.443
879.344,-0.348,1.484,1.345
879.455,-0.366,1.485,1.242
879.567,-0.376,1.496,1.142
879.678,-0.372,1.498,1.055
879.789,-0.361,1.498,0.981
879.900,-0.347,1.494,0.911
880.011,-0.327,1.488,0.850
880.122,-0.303,1.488,0.792
880.233,-0.285,1.488,0.744
880.344,-0.276,1.494,0.711
880.455,-0.273,1.497,0.698
880.567,-0.277,1.505,0.700
880.678,-0.284,1.507,0.702
880.789,-0.292,1.500,0.698
880.900,-0.294,1.492,0.690
881.011,-0.294,1.487,0.686
881.122,-0.294,1.485,0.683
881.233,-0.293,1.482,0.681
881.344,-0.293,1.483,0.680
881.456,-0.294,1.483,0.678
881.567,-0.293,1.484,0.678
881.678,-0.293,1.485,0.679
881.789,-0.292,1.486,0.678
881.900,-0.290,1.487,0.678
882.011,-0.287,1.488,0.677
882.122,-0.285,1.489,0.673
882.233,-0.285,1.490,0.669
882.344,-0.285,1.491,0.665
882.456,-0.287,1.492,0.663
882.567,-0.291,1.494,0.661
882.678,-0.295,1.494,0.663
882.789,-0.298,1.495,0.664
882.900,-0.299,1.495,0.666
883.011,-0.295,1.497,0.670
883.122,-0.281,1.501,0.681
883.233,-0.258,1.508,0.705
883.344,-0.237,1.512,0.743
883.455,-0.227,1.514,0.786
883.567,-0.228,1.515,0.824
883.678,-0.232,1.516,0.852
883.789,-0.230,1.517,0.864
883.900,-0.224,1.517,0.873
884.011,-0.214,1.517,0.875
884.122,-0.199,1.523,0.852
884.233,-0.198,1.532,0.808
884.344,-0.226,1.543,0.762
884.456,-0.275,1.548,0.737
884.567,-0.322,1.552,0.738
884.678,-0.355,1.553,0.751
884.789,-0.376,1.550,0.766
884.900,-0.388,1.546,0.773
885.012,-0.392,1.543,0.771
885.123,-0.384,1.539,0.745
885.234,-0.341,1.534,0.701
885.345,-0.271,1.527,0.694
885.456,-0.220,1.519,0.729
885.567,-0.203,1.517,0.765
885.678,-0.201,1.517,0.789
885.789,-0.201,1.516,0.805
885.900,-0.201,1.517,0.817
886.011,-0.201,1.517,0.826
886.122,-0.201,1.517,0.832
886.233,-0.200,1.517,0.836
886.344,-0.199,1.516,0.840
886.456,-0.199,1.516,0.843
886.567,-0.199,1.516,0.844
886.678,-0.199,1.516,0.844
886.789,-0.199,1.515,0.841
886.900,-0.200,1.515,0.839
887.011,-0.199,1.514,0.837
887.122,-0.199,1.514,0.833
887.233,-0.201,1.514,0.811
887.344,-0.219,1.513,0.766
887.456,-0.252,1.513,0.733
887.567,-0.275,1.512,0.720
887.678,-0.281,1.510,0.715
887.789,-0.281,1.508,0.714
887.900,-0.284,1.508,0.712
888.011,-0.287,1.508,0.711
888.122,-0.290,1.508,0.711
888.233,-0.295,1.508,0.710
888.344,-0.301,1.509,0.711
888.455,-0.320,1.512,0.713
888.567,-0.341,1.515,0.721
888.678,-0.361,1.519,0.733
888.789,-0.380,1.522,0.749
888.900,-0.391,1.523,0.765
889.011,-0.393,1.523,0.775
889.123,-0.392,1.523,0.781
889.234,-0.390,1.523,0.781
889.345,-0.383,1.523,0.768
889.456,-0.351,1.525,0.730
889.567,-0.288,1.526,0.711
889.678,-0.236,1.525,0.726
889.789,-0.210,1.524,0.748
889.900,-0.188,1.522,0.777
890.011,-0.171,1.521,0.807
890.122,-0.159,1.522,0.829
890.233,-0.148,1.522,0.839
890.344,-0.137,1.521,0.841
890.456,-0.128,1.520,0.837
890.567,-0.103,1.516,0.840
890.678,-0.052,1.512,0.865
890.789,0.010,1.497,0.904
890.900,0.070,1.483,0.944
891.011,0.111,1.475,0.978
891.122,0.131,1.479,1.001
891.233,0.136,1.484,1.013
891.345,0.130,1.489,1.015
891.455,0.118,1.498,0.993
891.567,0.090,1.514,0.941
891.678,0.032,1.533,0.888
891.789,-0.031,1.548,0.862
891.900,-0.073,1.555,0.852
892.012,-0.093,1.560,0.847
892.123,-0.103,1.564,0.843
892.234,-0.110,1.568,0.839
892.345,-0.116,1.572,0.837
892.456,-0.121,1.574,0.837
892.567,-0.124,1.578,0.840
892.678,-0.125,1.592,0.846
892.789,-0.123,1.603,0.857
892.901,-0.120,1.604,0.862
893.012,-0.118,1.604,0.862
893.123,-0.120,1.595,0.857
893.234,-0.133,1.571,0.843
893.345,-0.141,1.552,0.832
893.456,-0.143,1.548,0.827
893.567,-0.141,1.542,0.822
893.678,-0.119,1.527,0.816
893.789,-0.083,1.516,0.820
893.901,-0.040,1.508,0.844
894.012,-0.010,1.504,0.884
894.123,0.000,1.503,0.920
894.234,0.001,1.504,0.942
894.345,-0.001,1.503,0.950
894.456,-0.001,1.504,0.946
894.567,0.001,1.508,0.915
894.679,-0.017,1.517,0.867
894.789,-0.056,1.528,0.836
894.900,-0.088,1.530,0.826
895.012,-0.096,1.530,0.826
895.123,-0.093,1.540,0.832
895.234,-0.093,1.551,0.842
895.345,-0.100,1.544,0.851
895.457,-0.112,1.520,0.857
895.567,-0.115,1.510,0.859
895.679,-0.112,1.508,0.858
895.790,-0.110,1.507,0.854
895.901,-0.106,1.507,0.851
896.012,-0.096,1.507,0.848
896.122,-0.083,1.507,0.848
896.234,-0.076,1.510,0.851
896.345,-0.072,1.510,0.853
896.456,-0.068,1.510,0.853
896.567,-0.066,1.510,0.851
896.679,-0.068,1.510,0.847
896.789,-0.071,1.509,0.845
896.900,-0.074,1.508,0.845
897.012,-0.076,1.508,0.848
897.123,-0.074,1.508,0.850
897.234,-0.071,1.509,0.853
897.345,-0.067,1.509,0.856
897.456,-0.063,1.509,0.858
897.567,-0.059,1.509,0.857
897.678,-0.055,1.508,0.855
897.789,-0.054,1.507,0.852
897.900,-0.055,1.506,0.849
898.012,-0.062,1.506,0.843
898.123,-0.082,1.506,0.833
898.234,-0.111,1.506,0.819
898.345,-0.146,1.508,0.799
898.456,-0.183,1.509,0.774
898.567,-0.218,1.507,0.749
898.678,-0.247,1.505,0.725
898.790,-0.268,1.501,0.705
898.900,-0.285,1.497,0.685
899.012,-0.297,1.492,0.667
899.123,-0.303,1.491,0.650
899.234,-0.300,1.488,0.635
899.345,-0.293,1.484,0.622
899.456,-0.281,1.483,0.612
899.567,-0.263,1.485,0.603
899.678,-0.239,1.485,0.597
899.789,-0.213,1.492,0.591
899.900,-0.183,1.498,0.580
900.012,-0.152,1.497,0.562
900.123,-0.123,1.494,0.545
900.233,-0.101,1.491,0.530
900.345,-0.088,1.488,0.521
900.456,-0.081,1.486,0.516
900.567,-0.078,1.485,0.509
900.678,-0.078,1.483,0.503
900.789,-0.080,1.482,0.497
900.900,-0.083,1.482,0.493
901.012,-0.086,1.482,0.491
901.123,-0.089,1.482,0.491
901.234,-0.093,1.486,0.492
901.345,-0.098,1.488,0.494
901.456,-0.103,1.489,0.496
901.567,-0.112,1.492,0.496
901.678,-0.128,1.492,0.498
901.789,-0.153,1.494,0.509
901.900,-0.187,1.496,0.531
902.011,-0.232,1.498,0.565
902.123,-0.285,1.500,0.608
902.233,-0.339,1.503,0.658
902.345,-0.398,1.514,0.711
902.456,-0.453,1.521,0.761
902.567,-0.503,1.522,0.801
902.678,-0.547,1.524,0.831
902.789,-0.588,1.521,0.851
902.900,-0.634,1.515,0.864
903.011,-0.685,1.505,0.867
903.122,-0.745,1.498,0.863
903.234,-0.815,1.501,0.852
903.344,-0.892,1.511,0.837
903.456,-0.964,1.515,0.826
903.567,-1.034,1.516,0.824
903.678,-1.104,1.514,0.828
903.790,-1.176,1.503,0.833
903.900,-1.252,1.487,0.839
904.011,-1.337,1.478,0.853
904.123,-1.432,1.483,0.880
904.250,-1.513,1.490,0.905
904.362,-1.620,1.494,0.938
904.473,-1.671,1.489,0.949
904.584,-1.702,1.486,0.944
904.695,-1.723,1.484,0.930
904.802,-1.738,1.484,0.918
904.914,-1.756,1.482,0.901
905.025,-1.773,1.479,0.876
905.136,-1.789,1.476,0.843
905.247,-1.803,1.475,0.801
905.359,-1.819,1.478,0.755
905.469,-1.832,1.477,0.710
905.581,-1.842,1.476,0.672
905.692,-1.848,1.473,0.643
905.803,-1.849,1.472,0.623
905.914,-1.848,1.470,0.608
906.025,-1.845,1.470,0.599
906.136,-1.841,1.470,0.595
906.247,-1.837,1.470,0.594
906.358,-1.835,1.470,0.597
906.469,-1.834,1.470,0.603
906.581,-1.835,1.471,0.609
906.692,-1.839,1.472,0.616
906.803,-1.846,1.473,0.634
906.914,-1.853,1.473,0.664
907.025,-1.853,1.471,0.705
907.136,-1.849,1.471,0.755
907.247,-1.843,1.474,0.811
907.358,-1.838,1.479,0.872
907.469,-1.837,1.483,0.935
907.581,-1.839,1.482,0.991
907.691,-1.844,1.481,1.038
907.803,-1.849,1.479,1.071
907.914,-1.854,1.478,1.094
908.025,-1.859,1.478,1.107
908.136,-1.863,1.477,1.115
908.247,-1.866,1.475,1.121
908.358,-1.868,1.473,1.125
908.469,-1.870,1.473,1.129
908.581,-1.870,1.472,1.129
908.692,-1.870,1.473,1.127
908.803,-1.872,1.474,1.120
908.914,-1.876,1.481,1.101
909.025,-1.876,1.493,1.061
909.136,-1.852,1.503,1.009
909.247,-1.801,1.511,0.964
909.359,-1.734,1.517,0.929
909.470,-1.655,1.521,0.899
909.583,-1.568,1.521,0.873
909.692,-1.474,1.520,0.849
909.803,-1.374,1.518,0.827
909.914,-1.288,1.516,0.814
910.026,-1.218,1.521,0.803
910.137,-1.159,1.523,0.785
910.248,-1.108,1.520,0.760
910.359,-1.061,1.510,0.724
910.470,-1.012,1.502,0.678
910.582,-0.960,1.500,0.620
910.692,-0.907,1.505,0.559
910.803,-0.860,1.503,0.506
910.914,-0.818,1.502,0.462
911.026,-0.779,1.498,0.427
911.137,-0.742,1.492,0.403
911.248,-0.702,1.489,0.388
911.359,-0.661,1.490,0.376
911.470,-0.627,1.487,0.361
911.581,-0.602,1.480,0.344
911.692,-0.584,1.472,0.327
911.804,-0.572,1.463,0.313
911.915,-0.562,1.457,0.303
912.026,-0.557,1.457,0.300
912.137,-0.556,1.460,0.302
912.248,-0.557,1.466,0.308
912.359,-0.558,1.472,0.314
912.470,-0.558,1.475,0.318
912.582,-0.559,1.476,0.315
912.692,-0.561,1.476,0.306
912.803,-0.558,1.472,0.290
912.914,-0.559,1.469,0.277
913.026,-0.567,1.470,0.273
913.136,-0.585,1.475,0.281
913.248,-0.615,1.484,0.297
913.359,-0.656,1.492,0.322
913.470,-0.705,1.502,0.357
913.582,-0.766,1.509,0.400
913.692,-0.834,1.515,0.449
913.803,-0.903,1.515,0.499
913.914,-0.963,1.512,0.544
914.025,-1.014,1.514,0.575
914.136,-1.060,1.521,0.593
914.247,-1.107,1.521,0.605
914.358,-1.158,1.513,0.610
914.469,-1.214,1.505,0.610
914.581,-1.279,1.499,0.609
914.692,-1.346,1.499,0.608
914.803,-1.409,1.498,0.615
914.914,-1.465,1.496,0.631
915.025,-1.514,1.493,0.652
915.136,-1.558,1.491,0.676
915.247,-1.601,1.488,0.711
915.358,-1.644,1.482,0.759
915.469,-1.693,1.486,0.818
915.581,-1.740,1.488,0.873
915.692,-1.782,1.486,0.915
915.803,-1.815,1.482,0.944
915.914,-1.839,1.479,0.963
916.025,-1.856,1.477,0.974
916.136,-1.870,1.474,0.981
916.247,-1.882,1.471,0.985
916.359,-1.892,1.468,0.988
916.469,-1.901,1.466,0.989
916.581,-1.906,1.465,0.990
916.694,-1.910,1.463,0.989
916.802,-1.912,1.462,0.988
916.914,-1.913,1.462,0.987
917.025,-1.913,1.461,0.985
917.136,-1.911,1.462,0.981
917.247,-1.909,1.463,0.977
917.358,-1.905,1.464,0.967
917.470,-1.901,1.466,0.949
917.581,-1.897,1.468,0.932
917.692,-1.894,1.468,0.920
917.803,-1.894,1.466,0.917
917.914,-1.896,1.466,0.924
918.025,-1.896,1.467,0.933
918.136,-1.895,1.467,0.943
918.247,-1.893,1.469,0.954
918.359,-1.891,1.472,0.963
918.469,-1.891,1.474,0.968
918.581,-1.889,1.475,0.970
918.691,-1.886,1.475,0.968
918.803,-1.878,1.474,0.957
918.914,-1.864,1.476,0.935
919.025,-1.845,1.482,0.907
919.137,-1.818,1.489,0.863
919.247,-1.770,1.496,0.825
919.359,-1.706,1.505,0.801
919.470,-1.631,1.513,0.783
919.581,-1.540,1.513,0.771
919.692,-1.439,1.510,0.761
919.803,-1.339,1.506,0.758
919.915,-1.251,1.509,0.760
920.025,-1.172,1.513,0.761
920.137,-1.099,1.511,0.757
920.247,-1.028,1.502,0.743
920.359,-0.955,1.488,0.720
920.470,-0.876,1.479,0.684
920.581,-0.790,1.489,0.636
920.692,-0.709,1.502,0.594
920.803,-0.636,1.507,0.559
920.914,-0.568,1.506,0.525
921.026,-0.501,1.496,0.491
921.137,-0.428,1.484,0.461
921.248,-0.350,1.475,0.435
921.359,-0.276,1.475,0.409
921.470,-0.228,1.473,0.385
921.581,-0.208,1.470,0.368
921.692,-0.199,1.467,0.357
921.803,-0.189,1.464,0.350
921.914,-0.183,1.463,0.343
922.026,-0.180,1.461,0.334
922.136,-0.180,1.459,0.323
922.248,-0.181,1.456,0.309
922.359,-0.186,1.452,0.296
922.470,-0.193,1.450,0.291
922.581,-0.200,1.450,0.295
922.692,-0.208,1.452,0.306
922.803,-0.217,1.455,0.322
922.914,-0.226,1.457,0.337
923.025,-0.237,1.457,0.348
923.137,-0.247,1.455,0.358
923.247,-0.253,1.453,0.364
923.359,-0.256,1.450,0.366
923.470,-0.255,1.449,0.367
923.581,-0.254,1.449,0.370
923.692,-0.254,1.450,0.374
923.803,-0.254,1.451,0.378
923.914,-0.252,1.451,0.382
924.026,-0.250,1.452,0.384
924.137,-0.247,1.453,0.384
924.247,-0.243,1.453,0.383
924.359,-0.239,1.452,0.380
924.470,-0.233,1.451,0.376
924.581,-0.228,1.450,0.374
924.692,-0.224,1.450,0.373
924.803,-0.221,1.451,0.375
924.914,-0.220,1.453,0.379
925.025,-0.223,1.454,0.384
925.136,-0.228,1.455,0.389
925.247,-0.234,1.456,0.395
925.359,-0.238,1.457,0.400
925.470,-0.241,1.458,0.404
925.581,-0.242,1.460,0.406
925.692,-0.243,1.461,0.408
925.803,-0.243,1.462,0.409
925.914,-0.242,1.462,0.408
926.025,-0.241,1.462,0.407
926.136,-0.237,1.462,0.404
926.247,-0.232,1.462,0.401
926.359,-0.226,1.462,0.399
926.470,-0.221,1.463,0.396
926.581,-0.217,1.464,0.395
926.692,-0.217,1.464,0.395
926.803,-0.218,1.464,0.395
926.914,-0.220,1.464,0.396
927.026,-0.223,1.463,0.397
927.136,-0.228,1.464,0.398
927.247,-0.231,1.464,0.398
927.359,-0.234,1.465,0.398
927.470,-0.239,1.467,0.398
927.581,-0.246,1.468,0.399
927.692,-0.255,1.469,0.401
927.803,-0.260,1.469,0.402
927.914,-0.261,1.470,0.400
928.025,-0.260,1.471,0.398
928.136,-0.262,1.471,0.398
928.247,-0.263,1.471,0.398
928.359,-0.262,1.471,0.398
928.470,-0.262,1.470,0.398
928.581,-0.262,1.470,0.398
928.692,-0.262,1.469,0.397
928.803,-0.262,1.467,0.395
928.914,-0.263,1.463,0.392
929.026,-0.262,1.458,0.387
929.136,-0.258,1.454,0.380
929.247,-0.254,1.450,0.372
929.359,-0.248,1.447,0.364
929.470,-0.239,1.444,0.356
929.581,-0.230,1.442,0.349
929.692,-0.224,1.441,0.347
929.803,-0.223,1.442,0.348
929.914,-0.231,1.444,0.349
930.025,-0.247,1.448,0.354
930.136,-0.273,1.455,0.362
930.248,-0.313,1.464,0.379
930.359,-0.367,1.477,0.409
930.470,-0.433,1.498,0.453
930.581,-0.498,1.522,0.498
930.692,-0.560,1.546,0.542
930.804,-0.616,1.550,0.580
930.914,-0.670,1.548,0.608
931.025,-0.718,1.552,0.630
931.136,-0.756,1.570,0.648
931.247,-0.787,1.593,0.661
931.358,-0.821,1.606,0.667
931.469,-0.870,1.602,0.669
931.580,-0.928,1.598,0.670
931.691,-0.984,1.598,0.673
931.802,-1.036,1.598,0.680
931.914,-1.079,1.599,0.691
932.024,-1.115,1.596,0.707
932.136,-1.147,1.593,0.730
932.247,-1.175,1.590,0.761
932.358,-1.200,1.590,0.796
932.469,-1.223,1.595,0.837
932.580,-1.250,1.600,0.877
932.691,-1.277,1.600,0.916
932.802,-1.302,1.600,0.949
932.913,-1.326,1.597,0.977
933.024,-1.352,1.595,1.000
933.136,-1.375,1.593,1.016
933.247,-1.397,1.590,1.027
933.358,-1.431,1.583,1.030
933.469,-1.480,1.564,1.027
933.581,-1.534,1.537,1.013
933.692,-1.588,1.507,0.990
933.803,-1.641,1.485,0.959
933.914,-1.693,1.476,0.927
934.024,-1.741,1.473,0.896
934.136,-1.782,1.470,0.873
934.247,-1.813,1.466,0.859
934.358,-1.837,1.464,0.855
934.469,-1.856,1.464,0.857
934.580,-1.868,1.466,0.865
934.692,-1.880,1.471,0.873
934.803,-1.886,1.474,0.884
934.914,-1.892,1.472,0.894
935.025,-1.898,1.467,0.906
935.136,-1.903,1.467,0.916
935.247,-1.907,1.467,0.919
935.359,-1.911,1.466,0.919
935.467,-1.911,1.465,0.920
935.579,-1.910,1.465,0.921
935.690,-1.911,1.465,0.921
935.801,-1.913,1.470,0.920
935.912,-1.915,1.477,0.916
936.023,-1.914,1.478,0.906
936.135,-1.910,1.479,0.895
936.246,-1.910,1.482,0.893
936.357,-1.907,1.483,0.894
936.468,-1.899,1.485,0.890
936.581,-1.895,1.484,0.887
936.692,-1.893,1.482,0.888
936.802,-1.892,1.478,0.891
936.913,-1.891,1.468,0.898
937.024,-1.892,1.458,0.909
937.135,-1.894,1.453,0.919
937.247,-1.893,1.451,0.925
937.358,-1.892,1.451,0.931
937.469,-1.891,1.449,0.937
937.580,-1.890,1.448,0.942
937.692,-1.891,1.446,0.941
937.802,-1.895,1.448,0.921
937.914,-1.895,1.454,0.883
938.025,-1.888,1.459,0.840
938.136,-1.877,1.464,0.796
938.247,-1.865,1.467,0.751
938.359,-1.857,1.467,0.703
938.470,-1.856,1.464,0.655
938.581,-1.861,1.455,0.610
938.692,-1.866,1.438,0.570
938.803,-1.869,1.418,0.541
938.914,-1.872,1.407,0.525
939.025,-1.875,1.409,0.522
939.139,-1.875,1.416,0.528
939.248,-1.872,1.429,0.538
939.359,-1.867,1.443,0.556
939.470,-1.863,1.454,0.580
939.581,-1.863,1.463,0.609
939.692,-1.870,1.467,0.645
939.803,-1.879,1.470,0.679
939.914,-1.883,1.471,0.712
940.025,-1.883,1.469,0.741
940.136,-1.881,1.465,0.765
940.247,-1.876,1.460,0.784
940.358,-1.872,1.456,0.798
940.469,-1.869,1.452,0.808
940.580,-1.867,1.450,0.816
940.692,-1.866,1.448,0.823
940.802,-1.869,1.447,0.824
940.914,-1.876,1.448,0.814
941.025,-1.882,1.448,0.805
941.136,-1.887,1.447,0.804
941.247,-1.891,1.447,0.802
941.358,-1.893,1.451,0.796
941.469,-1.892,1.458,0.786
941.581,-1.878,1.468,0.775
941.692,-1.836,1.479,0.763
941.803,-1.770,1.488,0.769
941.914,-1.708,1.496,0.798
942.025,-1.655,1.510,0.826
942.136,-1.599,1.523,0.845
942.247,-1.532,1.527,0.858
942.358,-1.456,1.525,0.864
942.470,-1.365,1.522,0.862
942.581,-1.262,1.524,0.855
942.692,-1.162,1.523,0.840
942.803,-1.063,1.528,0.812
942.914,-0.969,1.520,0.775
943.026,-0.877,1.502,0.728
943.136,-0.785,1.489,0.668
943.248,-0.690,1.501,0.602
943.359,-0.601,1.513,0.544
943.470,-0.519,1.515,0.494
943.581,-0.438,1.506,0.452
943.692,-0.349,1.492,0.418
943.804,-0.252,1.483,0.390
943.914,-0.160,1.479,0.357
944.026,-0.093,1.472,0.327
944.137,-0.049,1.471,0.303
944.248,-0.023,1.467,0.289
944.359,-0.007,1.465,0.289
944.470,0.004,1.466,0.301
944.581,0.011,1.464,0.322
944.692,0.011,1.462,0.348
944.803,0.006,1.460,0.374
944.914,0.003,1.458,0.397
945.025,0.003,1.455,0.414
945.136,0.006,1.454,0.425
945.247,0.010,1.454,0.433
945.359,0.016,1.454,0.437
945.470,0.021,1.455,0.438
945.581,0.028,1.454,0.437
945.692,0.038,1.453,0.435
945.803,0.049,1.452,0.434
945.914,0.059,1.451,0.432
946.025,0.067,1.449,0.433
946.136,0.069,1.449,0.433
946.247,0.064,1.452,0.432
946.359,0.049,1.455,0.429
946.469,0.024,1.460,0.423
946.581,-0.012,1.465,0.420
946.692,-0.057,1.471,0.424
946.803,-0.108,1.475,0.438
946.912,-0.163,1.478,0.463
947.023,-0.222,1.481,0.496
947.135,-0.288,1.487,0.541
947.246,-0.357,1.494,0.591
947.358,-0.429,1.499,0.643
947.469,-0.498,1.504,0.689
947.580,-0.566,1.506,0.728
947.691,-0.635,1.502,0.760
947.802,-0.710,1.490,0.781
947.914,-0.794,1.475,0.791
948.025,-0.891,1.471,0.795
948.136,-0.995,1.484,0.798
948.247,-1.094,1.492,0.811
948.358,-1.189,1.491,0.829
948.469,-1.284,1.479,0.850
948.580,-1.378,1.466,0.873
948.692,-1.476,1.464,0.906
948.802,-1.573,1.477,0.941
948.914,-1.655,1.486,0.969
949.024,-1.716,1.486,0.989
949.136,-1.754,1.484,1.002
949.247,-1.778,1.481,1.011
949.358,-1.792,1.477,1.025
949.469,-1.802,1.474,1.037
949.580,-1.811,1.473,1.043
949.691,-1.817,1.471,1.047
949.802,-1.822,1.469,1.051
949.914,-1.826,1.468,1.052
950.025,-1.829,1.467,1.052
950.136,-1.831,1.467,1.052
950.247,-1.833,1.467,1.053
950.358,-1.834,1.466,1.054
950.469,-1.836,1.466,1.051
950.580,-1.836,1.465,1.046
950.692,-1.836,1.466,1.031
950.803,-1.836,1.465,1.007
950.914,-1.836,1.468,0.975
951.025,-1.835,1.470,0.935
951.136,-1.834,1.468,0.895
951.247,-1.835,1.469,0.848
951.359,-1.837,1.474,0.794
951.469,-1.837,1.479,0.733
951.581,-1.837,1.483,0.668
951.692,-1.839,1.481,0.606
951.803,-1.845,1.474,0.549
951.914,-1.850,1.463,0.500
952.026,-1.856,1.452,0.460
952.137,-1.858,1.440,0.432
952.247,-1.857,1.436,0.420
952.359,-1.857,1.442,0.424
952.470,-1.858,1.452,0.443
952.581,-1.857,1.461,0.472
952.692,-1.855,1.468,0.507
952.803,-1.861,1.471,0.553
952.914,-1.869,1.472,0.610
953.025,-1.875,1.474,0.672
953.136,-1.875,1.476,0.736
953.247,-1.874,1.478,0.799
953.358,-1.875,1.482,0.862
953.469,-1.876,1.480,0.922
953.581,-1.877,1.476,0.977
953.692,-1.875,1.474,1.025
953.803,-1.874,1.472,1.067
953.914,-1.870,1.469,1.101
954.025,-1.867,1.465,1.125
954.136,-1.863,1.461,1.140
954.247,-1.862,1.460,1.149
954.359,-1.862,1.459,1.151
954.469,-1.862,1.461,1.146
954.580,-1.871,1.467,1.132
954.691,-1.883,1.482,1.092
954.803,-1.866,1.495,1.029
954.914,-1.808,1.510,0.969
955.026,-1.724,1.524,0.923
955.137,-1.625,1.530,0.889
955.248,-1.520,1.527,0.862
955.359,-1.412,1.523,0.838
955.470,-1.317,1.521,0.824
955.581,-1.245,1.526,0.807
955.692,-1.185,1.523,0.786
955.803,-1.134,1.509,0.757
955.914,-1.085,1.495,0.722
956.026,-1.033,1.483,0.677
956.136,-0.979,1.476,0.622
956.247,-0.924,1.478,0.565
956.359,-0.879,1.476,0.519
956.470,-0.843,1.475,0.482
956.581,-0.815,1.474,0.454
956.692,-0.790,1.475,0.441
956.803,-0.768,1.479,0.447
956.914,-0.741,1.487,0.464
957.025,-0.713,1.492,0.481
957.136,-0.686,1.492,0.493
957.248,-0.668,1.494,0.501
957.359,-0.660,1.496,0.505
957.469,-0.661,1.497,0.507
957.581,-0.667,1.496,0.507
957.692,-0.680,1.495,0.509
957.803,-0.698,1.495,0.518
957.914,-0.718,1.495,0.531
958.026,-0.736,1.499,0.546
958.136,-0.750,1.503,0.556
958.248,-0.757,1.503,0.558
958.358,-0.759,1.503,0.555
958.470,-0.760,1.503,0.553
958.581,-0.759,1.502,0.552
958.692,-0.757,1.502,0.551
958.803,-0.755,1.502,0.550
958.914,-0.753,1.502,0.549
959.026,-0.752,1.502,0.549
959.136,-0.752,1.502,0.549
959.247,-0.751,1.502,0.549
959.358,-0.750,1.502,0.549
959.469,-0.750,1.502,0.550
959.581,-0.750,1.502,0.550
959.692,-0.750,1.502,0.550
959.803,-0.750,1.502,0.549
959.914,-0.750,1.502,0.548
960.025,-0.751,1.502,0.547
960.136,-0.752,1.502,0.545
960.247,-0.753,1.501,0.545
960.359,-0.754,1.500,0.544
960.469,-0.755,1.500,0.544
960.581,-0.756,1.500,0.544
960.692,-0.758,1.499,0.544
960.803,-0.760,1.499,0.543
960.914,-0.761,1.499,0.542
961.025,-0.760,1.499,0.539
961.136,-0.756,1.497,0.534
961.248,-0.754,1.492,0.527
961.359,-0.759,1.487,0.521
961.469,-0.772,1.484,0.517
961.580,-0.800,1.482,0.516
961.692,-0.842,1.482,0.518
961.803,-0.894,1.480,0.521
961.914,-0.950,1.476,0.526
962.024,-1.000,1.469,0.532
962.136,-1.039,1.463,0.539
962.247,-1.069,1.459,0.544
962.359,-1.094,1.459,0.547
962.469,-1.119,1.458,0.547
962.581,-1.139,1.458,0.544
962.691,-1.164,1.463,0.536
962.802,-1.196,1.466,0.521
962.913,-1.235,1.473,0.505
963.024,-1.274,1.480,0.482
963.135,-1.306,1.482,0.455
963.246,-1.331,1.480,0.430
963.357,-1.345,1.480,0.410
963.468,-1.347,1.482,0.397
963.580,-1.345,1.487,0.386
963.691,-1.343,1.494,0.378
963.802,-1.344,1.511,0.374
963.914,-1.349,1.536,0.381
964.026,-1.367,1.546,0.401
964.137,-1.405,1.542,0.424
964.269,-1.453,1.536,0.439
964.376,-1.550,1.532,0.448
964.487,-1.624,1.533,0.439
964.599,-1.695,1.530,0.422
964.710,-1.759,1.522,0.403
964.817,-1.804,1.515,0.387
964.928,-1.845,1.506,0.369
965.039,-1.873,1.495,0.354
965.150,-1.890,1.486,0.344
965.261,-1.896,1.482,0.341
965.372,-1.895,1.480,0.345
965.483,-1.891,1.480,0.353
965.595,-1.887,1.480,0.364
965.705,-1.886,1.479,0.375
965.817,-1.889,1.477,0.386
965.928,-1.897,1.474,0.397
966.039,-1.907,1.469,0.404
966.150,-1.913,1.463,0.410
966.261,-1.911,1.461,0.412
966.372,-1.900,1.463,0.412
966.483,-1.881,1.469,0.411
966.595,-1.852,1.476,0.408
966.705,-1.815,1.485,0.403
966.817,-1.770,1.491,0.397
966.928,-1.712,1.496,0.390
967.039,-1.647,1.498,0.389
967.151,-1.585,1.498,0.397
967.262,-1.530,1.495,0.405
967.372,-1.481,1.493,0.414
967.483,-1.440,1.490,0.422
967.595,-1.411,1.488,0.428
967.705,-1.391,1.486,0.432
967.816,-1.379,1.485,0.432
967.928,-1.372,1.484,0.432
968.039,-1.368,1.483,0.430
968.150,-1.363,1.483,0.429
968.262,-1.359,1.482,0.428
968.372,-1.354,1.481,0.428
968.483,-1.349,1.481,0.430
968.594,-1.343,1.482,0.432
968.705,-1.338,1.482,0.433
968.816,-1.334,1.482,0.436
968.928,-1.330,1.482,0.437
969.039,-1.327,1.482,0.437
969.150,-1.325,1.481,0.438
969.261,-1.324,1.481,0.438
969.372,-1.324,1.481,0.439
969.483,-1.324,1.481,0.440
969.595,-1.325,1.481,0.440
969.705,-1.325,1.482,0.441
969.817,-1.327,1.481,0.440
969.928,-1.329,1.480,0.440
970.039,-1.331,1.481,0.440
970.150,-1.331,1.481,0.441
970.262,-1.331,1.481,0.441
970.372,-1.328,1.481,0.442
970.483,-1.315,1.488,0.444
970.595,-1.297,1.482,0.451
970.705,-1.283,1.471,0.455
970.816,-1.279,1.467,0.452
970.928,-1.295,1.468,0.443
971.039,-1.332,1.476,0.438
971.150,-1.380,1.486,0.450
971.262,-1.427,1.494,0.478
971.372,-1.468,1.497,0.508
971.483,-1.499,1.496,0.536
971.594,-1.521,1.495,0.547
971.705,-1.537,1.492,0.542
971.816,-1.550,1.488,0.534
971.927,-1.570,1.484,0.524
972.039,-1.599,1.483,0.514
972.150,-1.641,1.480,0.499
972.262,-1.695,1.476,0.481
972.373,-1.760,1.476,0.457
972.484,-1.826,1.475,0.432
972.595,-1.882,1.473,0.411
972.706,-1.926,1.470,0.397
972.817,-1.955,1.468,0.393
972.931,-1.975,1.467,0.393
973.039,-1.988,1.467,0.393
973.150,-1.997,1.466,0.393
973.262,-2.003,1.465,0.392
973.372,-2.007,1.463,0.390
973.483,-2.007,1.462,0.389
973.595,-1.998,1.463,0.387
973.705,-1.975,1.468,0.382
973.817,-1.923,1.482,0.369
973.929,-1.851,1.496,0.367
974.039,-1.781,1.507,0.382
974.151,-1.713,1.517,0.403
974.262,-1.640,1.526,0.432
974.373,-1.561,1.532,0.470
974.484,-1.478,1.540,0.516
974.595,-1.407,1.540,0.559
974.706,-1.349,1.543,0.588
974.817,-1.293,1.547,0.603
974.928,-1.236,1.544,0.606
975.039,-1.175,1.537,0.598
975.151,-1.110,1.528,0.583
975.262,-1.038,1.516,0.562
975.373,-0.963,1.510,0.533
975.484,-0.887,1.507,0.505
975.595,-0.816,1.504,0.486
975.706,-0.751,1.498,0.471
975.817,-0.689,1.490,0.459
975.929,-0.632,1.482,0.455
976.039,-0.578,1.477,0.460
976.150,-0.527,1.476,0.469
976.262,-0.484,1.477,0.477
976.373,-0.455,1.479,0.484
976.483,-0.439,1.479,0.488
976.595,-0.431,1.479,0.493
976.706,-0.430,1.479,0.498
976.817,-0.431,1.478,0.502
976.928,-0.429,1.479,0.504
977.039,-0.423,1.479,0.501
977.150,-0.417,1.480,0.498
977.262,-0.412,1.480,0.495
977.372,-0.409,1.478,0.491
977.484,-0.408,1.477,0.483
977.595,-0.409,1.476,0.475
977.706,-0.411,1.474,0.466
977.817,-0.412,1.470,0.463
977.929,-0.413,1.470,0.461
978.039,-0.413,1.472,0.461
978.150,-0.419,1.474,0.463
978.262,-0.431,1.476,0.467
978.372,-0.449,1.482,0.469
978.483,-0.475,1.487,0.474
978.595,-0.510,1.491,0.485
978.705,-0.556,1.496,0.504
978.817,-0.616,1.503,0.528
978.928,-0.685,1.509,0.560
979.039,-0.761,1.520,0.595
979.150,-0.836,1.526,0.631
979.262,-0.905,1.530,0.663
979.372,-0.968,1.531,0.686
979.483,-1.029,1.526,0.703
979.595,-1.089,1.517,0.713
979.706,-1.153,1.506,0.716
979.817,-1.222,1.498,0.712
979.928,-1.299,1.494,0.702
980.039,-1.380,1.497,0.693
980.150,-1.451,1.497,0.691
980.261,-1.514,1.498,0.694
980.372,-1.571,1.497,0.705
980.483,-1.625,1.493,0.725
980.594,-1.676,1.489,0.753
980.706,-1.732,1.494,0.787
980.816,-1.784,1.496,0.822
980.928,-1.826,1.489,0.853
981.041,-1.855,1.485,0.877
981.150,-1.873,1.480,0.897
981.261,-1.883,1.480,0.916
981.372,-1.887,1.480,0.935
981.483,-1.887,1.482,0.950
981.595,-1.885,1.482,0.960
981.706,-1.883,1.480,0.966
981.817,-1.883,1.479,0.967
981.928,-1.887,1.478,0.963
982.038,-1.890,1.477,0.954
982.150,-1.893,1.479,0.944
982.261,-1.898,1.481,0.932
982.372,-1.903,1.480,0.913
982.483,-1.908,1.480,0.883
982.596,-1.906,1.484,0.839
982.705,-1.897,1.485,0.791
982.817,-1.885,1.485,0.740
982.928,-1.871,1.485,0.682
983.039,-1.856,1.486,0.621
983.150,-1.847,1.485,0.568
983.262,-1.841,1.484,0.522
983.372,-1.832,1.484,0.481
983.484,-1.823,1.483,0.444
983.595,-1.816,1.481,0.413
983.706,-1.810,1.477,0.384
983.817,-1.805,1.471,0.360
983.929,-1.802,1.465,0.341
984.039,-1.798,1.459,0.329
984.150,-1.792,1.454,0.328
984.262,-1.783,1.453,0.337
984.373,-1.765,1.458,0.358
984.484,-1.735,1.469,0.392
984.595,-1.706,1.477,0.439
984.706,-1.682,1.483,0.486
984.817,-1.655,1.485,0.530
984.928,-1.626,1.494,0.570
985.039,-1.594,1.501,0.603
985.150,-1.557,1.501,0.622
985.261,-1.508,1.498,0.630
985.372,-1.442,1.495,0.635
985.483,-1.363,1.495,0.640
985.595,-1.286,1.499,0.641
985.706,-1.212,1.503,0.631
985.817,-1.145,1.500,0.611
985.929,-1.079,1.491,0.574
986.039,-1.007,1.478,0.518
986.150,-0.929,1.471,0.440
986.262,-0.852,1.476,0.361
986.372,-0.797,1.475,0.306
986.484,-0.764,1.475,0.275
986.595,-0.745,1.476,0.265
986.706,-0.726,1.476,0.268
986.817,-0.699,1.474,0.275
986.928,-0.667,1.473,0.286
987.040,-0.632,1.475,0.294
987.150,-0.602,1.477,0.308
987.262,-0.578,1.481,0.331
987.373,-0.565,1.486,0.361
987.484,-0.561,1.489,0.397
987.596,-0.564,1.491,0.431
987.705,-0.573,1.491,0.463
987.817,-0.578,1.489,0.486
987.929,-0.585,1.487,0.500
988.039,-0.592,1.487,0.508
988.150,-0.602,1.486,0.514
988.262,-0.615,1.484,0.518
988.373,-0.634,1.483,0.523
988.483,-0.661,1.483,0.530
988.595,-0.696,1.482,0.542
988.706,-0.740,1.483,0.560
988.816,-0.792,1.485,0.586
988.928,-0.848,1.492,0.617
989.038,-0.901,1.496,0.649
989.150,-0.948,1.500,0.673
989.262,-0.994,1.500,0.691
989.372,-1.046,1.495,0.706
989.483,-1.105,1.487,0.718
989.595,-1.174,1.480,0.725
989.706,-1.253,1.485,0.729
989.817,-1.338,1.495,0.732
989.928,-1.415,1.497,0.739
990.039,-1.482,1.499,0.753
990.150,-1.542,1.496,0.773
990.261,-1.600,1.489,0.799
990.372,-1.657,1.481,0.835
990.483,-1.717,1.477,0.880
990.595,-1.777,1.481,0.930
990.705,-1.830,1.482,0.973
990.817,-1.872,1.480,1.006
990.928,-1.904,1.478,1.030
991.039,-1.928,1.476,1.046
991.150,-1.946,1.475,1.056
991.261,-1.957,1.472,1.062
991.372,-1.965,1.471,1.066
991.483,-1.971,1.470,1.067
991.595,-1.977,1.470,1.068
991.705,-1.980,1.469,1.069
991.816,-1.983,1.468,1.069
991.928,-1.985,1.467,1.070
992.039,-1.987,1.467,1.072
992.150,-1.988,1.467,1.074
992.261,-1.989,1.465,1.076
992.372,-1.989,1.465,1.079
992.483,-1.989,1.464,1.080
992.594,-1.990,1.463,1.081
992.706,-1.990,1.462,1.082
992.817,-1.990,1.461,1.083
992.928,-1.990,1.461,1.082
993.039,-1.989,1.461,1.081
993.150,-1.989,1.461,1.081
993.262,-1.989,1.460,1.080
993.372,-1.988,1.460,1.079
993.483,-1.988,1.461,1.078
993.595,-1.988,1.460,1.079
993.706,-1.989,1.460,1.081
993.817,-1.989,1.460,1.082
993.928,-1.989,1.460,1.083
994.039,-1.990,1.460,1.084
994.150,-1.990,1.460,1.072
994.261,-1.988,1.462,1.058
994.372,-1.985,1.465,1.052
994.483,-1.985,1.467,1.052
994.595,-1.986,1.468,1.050
994.705,-1.988,1.469,1.044
994.816,-1.988,1.468,1.029
994.928,-1.978,1.473,0.995
995.039,-1.943,1.487,0.941
995.150,-1.879,1.502,0.893
995.262,-1.803,1.516,0.871
995.373,-1.730,1.528,0.863
995.484,-1.662,1.534,0.849
995.595,-1.588,1.533,0.830
995.706,-1.507,1.533,0.805
995.817,-1.430,1.526,0.782
995.929,-1.362,1.526,0.756
996.039,-1.300,1.523,0.730
996.150,-1.244,1.514,0.703
996.262,-1.193,1.505,0.672
996.373,-1.142,1.496,0.636
996.484,-1.087,1.490,0.594
996.595,-1.024,1.494,0.547
996.706,-0.963,1.496,0.507
996.817,-0.904,1.499,0.479
996.929,-0.848,1.501,0.461
997.039,-0.794,1.498,0.450
997.150,-0.736,1.493,0.443
997.262,-0.665,1.486,0.440
997.373,-0.582,1.477,0.442
997.484,-0.487,1.480,0.440
997.595,-0.411,1.486,0.430
997.706,-0.382,1.488,0.407
997.817,-0.381,1.486,0.396
997.928,-0.375,1.485,0.395
998.039,-0.359,1.482,0.392
998.151,-0.327,1.475,0.384
998.262,-0.288,1.470,0.384
998.373,-0.258,1.466,0.392
998.484,-0.242,1.466,0.397
998.595,-0.233,1.465,0.398
998.706,-0.226,1.464,0.398
998.817,-0.220,1.463,0.397
998.929,-0.215,1.461,0.396
999.040,-0.212,1.460,0.396
999.151,-0.209,1.460,0.395
999.262,-0.208,1.460,0.394
999.373,-0.208,1.459,0.396
999.484,-0.209,1.460,0.397
999.595,-0.211,1.460,0.397
999.706,-0.213,1.461,0.399
999.817,-0.215,1.463,0.402
999.929,-0.217,1.464,0.403
1000.039,-0.220,1.465,0.404
1000.151,-0.227,1.466,0.401
1000.262,-0.249,1.467,0.392
1000.373,-0.277,1.470,0.385
1000.483,-0.300,1.474,0.378
1000.595,-0.326,1.477,0.370
1000.706,-0.362,1.480,0.368
1000.817,-0.410,1.484,0.374
1000.928,-0.468,1.488,0.389
1001.039,-0.538,1.492,0.416
1001.150,-0.617,1.500,0.455
1001.262,-0.702,1.509,0.502
1001.372,-0.785,1.514,0.552
1001.484,-0.860,1.516,0.595
1001.595,-0.931,1.518,0.626
1001.705,-1.000,1.515,0.649
1001.817,-1.071,1.509,0.665
1001.928,-1.149,1.500,0.672
1002.039,-1.233,1.492,0.669
1002.150,-1.320,1.493,0.661
1002.262,-1.405,1.500,0.654
1002.373,-1.479,1.504,0.643
1002.484,-1.546,1.502,0.625
1002.595,-1.610,1.496,0.602
1002.706,-1.672,1.492,0.578
1002.817,-1.740,1.499,0.550
1002.928,-1.805,1.503,0.516
1003.039,-1.858,1.498,0.484
1003.151,-1.895,1.493,0.458
1003.262,-1.924,1.488,0.437
1003.372,-1.947,1.482,0.420
1003.484,-1.964,1.478,0.409
1003.595,-1.976,1.475,0.402
1003.706,-1.984,1.472,0.397
1003.817,-1.989,1.471,0.395
1003.929,-1.993,1.469,0.393
1004.039,-1.996,1.466,0.393
1004.150,-1.997,1.465,0.395
1004.262,-1.997,1.465,0.398
1004.372,-1.995,1.465,0.404
1004.484,-1.993,1.467,0.413
1004.595,-1.989,1.469,0.424
1004.706,-1.982,1.472,0.435
1004.817,-1.970,1.474,0.449
1004.928,-1.950,1.477,0.465
1005.039,-1.923,1.478,0.480
1005.150,-1.888,1.479,0.497
1005.261,-1.847,1.480,0.512
1005.372,-1.805,1.475,0.530
1005.483,-1.765,1.469,0.549
1005.595,-1.730,1.468,0.567
1005.705,-1.704,1.472,0.582
1005.816,-1.685,1.476,0.600
1005.928,-1.671,1.480,0.622
1006.038,-1.664,1.482,0.646
1006.150,-1.665,1.482,0.676
1006.261,-1.671,1.481,0.715
1006.372,-1.685,1.480,0.763
1006.483,-1.704,1.481,0.818
1006.595,-1.729,1.485,0.875
1006.706,-1.756,1.488,0.929
1006.816,-1.781,1.488,0.976
1006.928,-1.800,1.486,1.013
1007.039,-1.812,1.484,1.038
1007.149,-1.820,1.482,1.057
1007.262,-1.824,1.481,1.073
1007.372,-1.827,1.479,1.086
1007.483,-1.830,1.477,1.097
1007.595,-1.830,1.475,1.105
1007.705,-1.829,1.475,1.110
1007.817,-1.828,1.474,1.113
1007.928,-1.826,1.475,1.115
1008.039,-1.825,1.475,1.115
1008.149,-1.825,1.475,1.113
1008.261,-1.825,1.475,1.111
1008.372,-1.824,1.475,1.109
1008.483,-1.824,1.476,1.107
1008.595,-1.824,1.477,1.106
1008.705,-1.823,1.478,1.105
1008.816,-1.822,1.477,1.105
1008.928,-1.822,1.479,1.105
1009.038,-1.821,1.479,1.105
1009.150,-1.820,1.478,1.105
1009.261,-1.820,1.478,1.105
1009.371,-1.820,1.478,1.103
1009.483,-1.821,1.478,1.101
1009.594,-1.822,1.479,1.098
1009.705,-1.823,1.479,1.096
1009.816,-1.824,1.479,1.094
1009.927,-1.825,1.480,1.093
1010.039,-1.828,1.480,1.094
1010.150,-1.832,1.479,1.097
1010.261,-1.835,1.477,1.101
1010.372,-1.841,1.476,1.103
1010.483,-1.846,1.474,1.104
1010.595,-1.853,1.472,1.104
1010.705,-1.857,1.469,1.104
1010.816,-1.859,1.468,1.103
1010.927,-1.861,1.468,1.104
1011.039,-1.863,1.468,1.104
1011.152,-1.865,1.468,1.102
1011.261,-1.867,1.466,1.098
1011.372,-1.869,1.466,1.093
1011.483,-1.870,1.466,1.086
1011.593,-1.876,1.465,1.062
1011.705,-1.879,1.465,1.013
1011.817,-1.858,1.474,0.953
1011.928,-1.803,1.486,0.897
1012.039,-1.731,1.501,0.872
1012.150,-1.668,1.513,0.866
1012.262,-1.618,1.522,0.843
1012.372,-1.573,1.523,0.808
1012.483,-1.518,1.521,0.776
1012.595,-1.456,1.517,0.739
1012.706,-1.399,1.513,0.699
1012.817,-1.355,1.506,0.658
1012.928,-1.327,1.497,0.610
1013.039,-1.315,1.489,0.556
1013.151,-1.317,1.482,0.489
1013.263,-1.327,1.481,0.414
1013.373,-1.338,1.480,0.350
1013.484,-1.345,1.478,0.305
1013.595,-1.349,1.478,0.275
1013.706,-1.349,1.480,0.264
1013.817,-1.345,1.486,0.272
1013.929,-1.335,1.497,0.302
1014.040,-1.322,1.509,0.349
1014.151,-1.308,1.515,0.408
1014.262,-1.296,1.517,0.466
1014.372,-1.282,1.507,0.519
1014.484,-1.270,1.507,0.561
1014.595,-1.262,1.512,0.595
1014.705,-1.261,1.514,0.627
1014.816,-1.268,1.516,0.657
1014.928,-1.283,1.515,0.687
1015.038,-1.310,1.511,0.714
1015.150,-1.350,1.505,0.743
1015.262,-1.403,1.498,0.775
1015.372,-1.467,1.495,0.812
1015.483,-1.536,1.499,0.851
1015.595,-1.598,1.499,0.882
1015.705,-1.649,1.498,0.901
1015.817,-1.686,1.495,0.912
1015.928,-1.709,1.490,0.917
1016.039,-1.727,1.489,0.922
1016.149,-1.741,1.486,0.925
1016.261,-1.753,1.483,0.921
1016.372,-1.763,1.481,0.915
1016.483,-1.770,1.479,0.907
1016.595,-1.774,1.477,0.898
1016.705,-1.773,1.478,0.887
1016.816,-1.770,1.479,0.873
1016.927,-1.764,1.480,0.857
1017.038,-1.751,1.484,0.831
1017.150,-1.727,1.490,0.802
1017.261,-1.704,1.492,0.785
1017.372,-1.692,1.492,0.777
1017.483,-1.683,1.491,0.771
1017.595,-1.675,1.492,0.765
1017.705,-1.652,1.498,0.761
1017.817,-1.625,1.503,0.763
1017.928,-1.606,1.508,0.772
1018.039,-1.595,1.514,0.781
1018.150,-1.590,1.522,0.784
1018.261,-1.588,1.540,0.768
1018.372,-1.595,1.564,0.747
1018.483,-1.593,1.579,0.745
1018.595,-1.559,1.584,0.751
1018.706,-1.504,1.584,0.749
1018.817,-1.450,1.581,0.742
1018.928,-1.402,1.579,0.731
1019.039,-1.360,1.582,0.718
1019.150,-1.327,1.588,0.710
1019.262,-1.308,1.588,0.709
1019.373,-1.301,1.589,0.710
1019.484,-1.303,1.586,0.712
1019.595,-1.325,1.566,0.713
1019.706,-1.344,1.540,0.714
1019.817,-1.354,1.522,0.712
1019.928,-1.354,1.511,0.704
1020.039,-1.348,1.503,0.695
1020.150,-1.340,1.496,0.684
1020.261,-1.327,1.488,0.673
1020.372,-1.312,1.483,0.663
1020.483,-1.299,1.481,0.654
1020.595,-1.289,1.480,0.648
1020.706,-1.282,1.480,0.645
1020.817,-1.277,1.479,0.641
1020.928,-1.274,1.479,0.638
1021.039,-1.273,1.479,0.634
1021.150,-1.272,1.479,0.632
1021.261,-1.273,1.477,0.629
1021.372,-1.275,1.475,0.628
1021.483,-1.277,1.473,0.626
1021.595,-1.278,1.471,0.626
1021.705,-1.277,1.470,0.625
1021.817,-1.276,1.469,0.622
1021.928,-1.275,1.468,0.620
1022.038,-1.275,1.468,0.618
1022.149,-1.274,1.469,0.616
1022.260,-1.271,1.468,0.615
1022.371,-1.266,1.470,0.613
1022.483,-1.250,1.474,0.609
1022.595,-1.226,1.479,0.604
1022.705,-1.188,1.488,0.602
1022.816,-1.136,1.505,0.609
1022.928,-1.088,1.514,0.628
1023.039,-1.047,1.516,0.646
1023.149,-1.006,1.519,0.661
1023.261,-0.957,1.522,0.674
1023.372,-0.901,1.523,0.686
1023.483,-0.840,1.526,0.695
1023.595,-0.779,1.531,0.696
1023.706,-0.722,1.534,0.702
1023.817,-0.667,1.538,0.711
1023.928,-0.613,1.548,0.715
1024.039,-0.567,1.559,0.719
1024.150,-0.530,1.556,0.742
1024.256,-0.496,1.550,0.774
1024.363,-0.437,1.553,0.826
1024.476,-0.406,1.562,0.856
1024.587,-0.391,1.566,0.874
1024.698,-0.385,1.562,0.885
1024.800,-0.388,1.563,0.891
1024.912,-0.397,1.564,0.895
1025.023,-0.409,1.563,0.896
1025.134,-0.418,1.565,0.894
1025.246,-0.423,1.570,0.894
1025.357,-0.429,1.570,0.895
1025.468,-0.432,1.568,0.895
1025.579,-0.433,1.568,0.896
1025.691,-0.432,1.569,0.899
1025.802,-0.431,1.569,0.902
1025.913,-0.430,1.569,0.905
1026.025,-0.430,1.570,0.907
1026.136,-0.429,1.570,0.908
1026.247,-0.428,1.570,0.907
1026.358,-0.427,1.570,0.908
1026.469,-0.427,1.570,0.907
1026.580,-0.426,1.569,0.907
1026.693,-0.426,1.569,0.907
1026.803,-0.426,1.569,0.907
1026.915,-0.427,1.570,0.906
1027.026,-0.427,1.570,0.905
1027.137,-0.426,1.570,0.904
1027.248,-0.426,1.570,0.902
1027.359,-0.426,1.570,0.901
1027.470,-0.425,1.571,0.900
1027.581,-0.425,1.570,0.899
1027.693,-0.425,1.570,0.898
1027.804,-0.424,1.570,0.896
1027.915,-0.421,1.572,0.895
1028.025,-0.414,1.571,0.896
1028.137,-0.405,1.567,0.902
1028.248,-0.395,1.563,0.912
1028.359,-0.386,1.562,0.928
1028.469,-0.378,1.562,0.947
1028.581,-0.374,1.561,0.968
1028.692,-0.371,1.559,0.988
1028.803,-0.369,1.557,1.005
1028.914,-0.368,1.556,1.018
1029.026,-0.367,1.554,1.029
1029.136,-0.367,1.551,1.038
1029.247,-0.372,1.543,1.044
1029.359,-0.385,1.532,1.035
1029.470,-0.412,1.518,1.012
1029.581,-0.447,1.503,0.981
1029.692,-0.484,1.498,0.955
1029.803,-0.526,1.503,0.940
1029.914,-0.569,1.510,0.931
1030.025,-0.606,1.513,0.931
1030.136,-0.634,1.515,0.944
1030.247,-0.654,1.513,0.961
1030.358,-0.666,1.509,0.966
1030.469,-0.669,1.505,0.960
1030.580,-0.670,1.507,0.951
1030.692,-0.669,1.509,0.940
1030.803,-0.666,1.512,0.932
1030.914,-0.662,1.512,0.928
1031.025,-0.661,1.513,0.925
1031.136,-0.660,1.514,0.924
1031.247,-0.659,1.514,0.924
1031.359,-0.657,1.514,0.925
1031.469,-0.655,1.512,0.927
1031.581,-0.650,1.503,0.931
1031.692,-0.644,1.490,0.935
1031.803,-0.637,1.484,0.938
1031.914,-0.629,1.481,0.938
1032.025,-0.621,1.479,0.938
1032.136,-0.614,1.478,0.938
1032.247,-0.607,1.477,0.938
1032.358,-0.599,1.477,0.937
1032.469,-0.592,1.475,0.938
1032.581,-0.583,1.474,0.938
1032.691,-0.577,1.473,0.937
1032.803,-0.572,1.473,0.936
1032.913,-0.568,1.473,0.934
1033.025,-0.565,1.473,0.932
1033.136,-0.562,1.473,0.929
1033.248,-0.560,1.473,0.927
1033.359,-0.559,1.473,0.924
1033.470,-0.558,1.474,0.922
1033.581,-0.559,1.474,0.921
1033.692,-0.560,1.474,0.922
1033.803,-0.560,1.474,0.923
1033.914,-0.561,1.475,0.924
1034.026,-0.561,1.475,0.925
1034.136,-0.561,1.475,0.926
1034.247,-0.560,1.475,0.928
1034.359,-0.560,1.475,0.929
1034.469,-0.559,1.475,0.930
1034.581,-0.559,1.476,0.932
1034.692,-0.558,1.476,0.933
1034.803,-0.558,1.476,0.934
1034.914,-0.558,1.476,0.935
1035.026,-0.558,1.476,0.935
1035.136,-0.558,1.476,0.935
1035.247,-0.559,1.476,0.934
1035.359,-0.559,1.476,0.933
1035.469,-0.560,1.476,0.932
1035.581,-0.560,1.476,0.931
1035.692,-0.560,1.475,0.931
1035.803,-0.561,1.475,0.931
1035.914,-0.560,1.476,0.931
1036.026,-0.560,1.476,0.931
1036.136,-0.560,1.476,0.931
1036.247,-0.559,1.476,0.931
1036.359,-0.557,1.476,0.931
1036.469,-0.555,1.476,0.931
1036.581,-0.553,1.476,0.930
1036.692,-0.550,1.475,0.928
1036.803,-0.547,1.475,0.926
1036.914,-0.544,1.474,0.924
1037.026,-0.542,1.473,0.923
1037.136,-0.541,1.472,0.922
1037.247,-0.540,1.473,0.921
1037.359,-0.538,1.473,0.918
1037.470,-0.537,1.473,0.914
1037.581,-0.537,1.473,0.911
1037.692,-0.538,1.474,0.910
1037.803,-0.538,1.474,0.908
1037.914,-0.539,1.475,0.906
1038.026,-0.541,1.475,0.905
1038.136,-0.542,1.475,0.904
1038.247,-0.542,1.476,0.904
1038.359,-0.543,1.476,0.904
1038.469,-0.544,1.476,0.904
1038.581,-0.543,1.477,0.904
1038.692,-0.543,1.477,0.904
1038.803,-0.543,1.476,0.904
1038.914,-0.541,1.477,0.904
1039.026,-0.541,1.478,0.903
1039.136,-0.540,1.478,0.903
1039.247,-0.538,1.478,0.902
1039.359,-0.536,1.479,0.901
1039.469,-0.533,1.479,0.899
1039.581,-0.527,1.480,0.894
1039.692,-0.519,1.481,0.884
1039.803,-0.507,1.484,0.870
1039.914,-0.492,1.486,0.851
1040.026,-0.475,1.487,0.828
1040.136,-0.457,1.486,0.802
1040.247,-0.439,1.483,0.778
1040.359,-0.426,1.480,0.760
1040.470,-0.420,1.478,0.749
1040.581,-0.422,1.477,0.742
1040.692,-0.425,1.477,0.738
1040.802,-0.430,1.478,0.736
1040.914,-0.435,1.479,0.733
1041.025,-0.438,1.480,0.730
1041.136,-0.440,1.481,0.727
1041.247,-0.440,1.482,0.724
1041.359,-0.441,1.482,0.723
1041.470,-0.440,1.481,0.722
1041.581,-0.438,1.480,0.722
1041.692,-0.436,1.478,0.725
1041.803,-0.431,1.479,0.733
1041.914,-0.425,1.488,0.746
1042.026,-0.426,1.508,0.769
1042.136,-0.440,1.531,0.799
1042.248,-0.465,1.552,0.831
1042.359,-0.491,1.563,0.864
1042.470,-0.511,1.567,0.893
1042.581,-0.523,1.567,0.915
1042.692,-0.527,1.567,0.931
1042.803,-0.527,1.569,0.943
1042.914,-0.524,1.571,0.952
1043.025,-0.519,1.572,0.957
1043.136,-0.516,1.572,0.957
1043.247,-0.518,1.569,0.954
1043.359,-0.521,1.571,0.951
1043.470,-0.527,1.571,0.951
1043.581,-0.533,1.569,0.953
1043.692,-0.537,1.568,0.954
1043.803,-0.540,1.567,0.954
1043.914,-0.542,1.565,0.954
1044.026,-0.543,1.566,0.955
1044.136,-0.542,1.566,0.956
1044.248,-0.542,1.567,0.958
1044.359,-0.541,1.567,0.960
1044.470,-0.539,1.568,0.961
1044.581,-0.538,1.569,0.963
1044.692,-0.537,1.570,0.964
1044.803,-0.538,1.570,0.965
1044.914,-0.538,1.570,0.965
1045.026,-0.539,1.569,0.966
1045.137,-0.540,1.570,0.967
1045.248,-0.539,1.571,0.969
1045.359,-0.540,1.569,0.970
1045.470,-0.541,1.569,0.971
1045.581,-0.540,1.569,0.971
1045.692,-0.537,1.569,0.971
1045.803,-0.533,1.570,0.970
1045.914,-0.530,1.570,0.970
1046.026,-0.526,1.570,0.970
1046.136,-0.520,1.570,0.968
1046.247,-0.516,1.571,0.967
1046.359,-0.512,1.569,0.969
1046.470,-0.510,1.566,0.972
1046.581,-0.510,1.562,0.972
1046.692,-0.513,1.561,0.972
1046.803,-0.517,1.559,0.971
1046.914,-0.523,1.558,0.970
1047.026,-0.529,1.558,0.970
1047.137,-0.535,1.558,0.972
1047.247,-0.540,1.556,0.974
1047.359,-0.546,1.553,0.976
1047.469,-0.551,1.551,0.979
1047.581,-0.556,1.551,0.984
1047.692,-0.558,1.551,0.988
1047.803,-0.558,1.551,0.993
1047.914,-0.554,1.550,0.997
1048.026,-0.546,1.548,0.999
1048.137,-0.535,1.544,0.998
1048.247,-0.523,1.541,0.994
1048.359,-0.511,1.540,0.987
1048.470,-0.502,1.537,0.978
1048.581,-0.492,1.536,0.969
1048.692,-0.486,1.534,0.962
1048.803,-0.481,1.534,0.957
1048.914,-0.478,1.533,0.953
1049.026,-0.476,1.532,0.951
1049.136,-0.476,1.530,0.949
1049.247,-0.476,1.530,0.948
1049.359,-0.476,1.529,0.948
1049.470,-0.476,1.529,0.949
1049.581,-0.476,1.530,0.947
1049.692,-0.478,1.529,0.947
1049.803,-0.480,1.529,0.947
1049.914,-0.483,1.530,0.947
1050.026,-0.485,1.531,0.949
1050.136,-0.485,1.532,0.950
1050.247,-0.484,1.533,0.952
1050.359,-0.483,1.535,0.953
1050.469,-0.480,1.537,0.954
1050.581,-0.477,1.540,0.955
1050.692,-0.475,1.539,0.956
1050.802,-0.471,1.536,0.957
1050.913,-0.470,1.534,0.958
1051.025,-0.469,1.531,0.960
1051.135,-0.469,1.531,0.966
1051.246,-0.469,1.531,0.971
1051.358,-0.468,1.531,0.976
1051.469,-0.468,1.530,0.978
1051.580,-0.469,1.531,0.980
1051.692,-0.469,1.531,0.981
1051.802,-0.468,1.530,0.980
1051.914,-0.465,1.530,0.971
1052.025,-0.461,1.530,0.946
1052.136,-0.464,1.527,0.906
1052.247,-0.478,1.524,0.867
1052.359,-0.490,1.521,0.837
1052.469,-0.497,1.518,0.803
1052.581,-0.499,1.515,0.766
1052.692,-0.493,1.508,0.731
1052.802,-0.478,1.505,0.704
1052.914,-0.458,1.501,0.693
1053.025,-0.436,1.496,0.697
1053.136,-0.412,1.497,0.707
1053.247,-0.384,1.500,0.718
1053.359,-0.356,1.503,0.730
1053.469,-0.338,1.505,0.739
1053.580,-0.329,1.506,0.744
1053.692,-0.332,1.509,0.744
1053.803,-0.350,1.517,0.739
1053.914,-0.381,1.531,0.739
1054.026,-0.410,1.542,0.749
1054.136,-0.427,1.545,0.756
1054.248,-0.437,1.544,0.760
1054.358,-0.446,1.543,0.763
1054.470,-0.450,1.543,0.762
1054.581,-0.451,1.543,0.759
1054.692,-0.448,1.543,0.752
1054.803,-0.432,1.545,0.738
1054.915,-0.403,1.550,0.729
1055.026,-0.378,1.556,0.729
1055.136,-0.366,1.556,0.729
1055.248,-0.358,1.554,0.726
1055.359,-0.351,1.551,0.721
1055.470,-0.340,1.547,0.718
1055.581,-0.321,1.534,0.718
1055.692,-0.306,1.525,0.722
1055.803,-0.295,1.522,0.726
1055.914,-0.287,1.522,0.731
1056.026,-0.276,1.523,0.738
1056.136,-0.262,1.522,0.745
1056.247,-0.245,1.520,0.751
1056.359,-0.230,1.517,0.754
1056.470,-0.219,1.513,0.755
1056.581,-0.215,1.511,0.756
1056.692,-0.214,1.511,0.759
1056.803,-0.208,1.511,0.763
1056.914,-0.201,1.511,0.767
1057.026,-0.194,1.509,0.769
1057.136,-0.187,1.509,0.772
1057.247,-0.181,1.510,0.773
1057.359,-0.177,1.509,0.774
1057.470,-0.173,1.509,0.774
1057.581,-0.165,1.506,0.777
1057.692,-0.140,1.500,0.788
1057.803,-0.110,1.494,0.818
1057.914,-0.096,1.490,0.850
1058.026,-0.095,1.489,0.876
1058.136,-0.102,1.493,0.893
1058.248,-0.111,1.494,0.898
1058.359,-0.118,1.495,0.882
1058.470,-0.145,1.498,0.831
1058.580,-0.209,1.503,0.793
1058.692,-0.283,1.507,0.793
1058.803,-0.350,1.507,0.821
1058.914,-0.403,1.507,0.857
1059.026,-0.442,1.508,0.886
1059.136,-0.469,1.509,0.906
1059.247,-0.483,1.508,0.917
1059.359,-0.471,1.506,0.905
1059.470,-0.429,1.503,0.895
1059.581,-0.370,1.503,0.911
1059.692,-0.316,1.503,0.946
1059.803,-0.273,1.501,0.977
1059.914,-0.232,1.500,1.002
1060.025,-0.195,1.499,1.020
1060.136,-0.164,1.497,1.030
1060.247,-0.138,1.496,1.038
1060.359,-0.114,1.498,1.041
1060.470,-0.091,1.498,1.046
1060.581,-0.064,1.498,1.050
1060.692,-0.038,1.498,1.055
1060.803,-0.015,1.497,1.058
1060.914,0.003,1.496,1.061
1061.026,0.017,1.495,1.066
1061.136,0.027,1.494,1.069
1061.248,0.035,1.494,1.074
1061.359,0.043,1.493,1.077
1061.470,0.050,1.491,1.079
1061.581,0.054,1.491,1.080
1061.695,0.056,1.490,1.079
1061.803,0.053,1.490,1.078
1061.914,0.046,1.495,1.063
1062.026,0.017,1.509,1.026
1062.136,-0.036,1.528,1.000
1062.248,-0.076,1.538,1.001
1062.359,-0.092,1.541,1.005
1062.470,-0.096,1.538,1.009
1062.581,-0.098,1.537,1.012
1062.692,-0.097,1.537,1.013
1062.803,-0.097,1.533,1.014
1062.914,-0.097,1.531,1.016
1063.025,-0.097,1.529,1.017
1063.136,-0.098,1.528,1.016
1063.247,-0.094,1.528,1.015
1063.358,-0.087,1.525,1.012
1063.469,-0.076,1.523,1.006
1063.580,-0.060,1.520,0.994
1063.692,-0.042,1.518,0.973
1063.802,-0.024,1.513,0.945
1063.914,-0.007,1.507,0.909
1064.025,0.010,1.502,0.864
1064.136,0.027,1.501,0.809
1064.247,0.045,1.504,0.754
1064.359,0.062,1.504,0.707
1064.469,0.075,1.506,0.677
1064.581,0.089,1.511,0.665
1064.692,0.101,1.516,0.671
1064.803,0.114,1.520,0.691
1064.914,0.127,1.518,0.713
1065.026,0.137,1.516,0.729
1065.136,0.146,1.513,0.741
1065.247,0.152,1.510,0.747
1065.358,0.156,1.508,0.750
1065.469,0.159,1.503,0.752
1065.580,0.161,1.500,0.753
1065.691,0.163,1.501,0.751
1065.802,0.167,1.502,0.744
1065.914,0.173,1.503,0.734
1066.027,0.180,1.503,0.722
1066.136,0.186,1.505,0.712
1066.247,0.190,1.506,0.701
1066.359,0.193,1.507,0.688
1066.469,0.193,1.507,0.679
1066.580,0.192,1.504,0.674
1066.692,0.189,1.500,0.676
1066.803,0.175,1.492,0.680
1066.914,0.158,1.485,0.688
1067.025,0.131,1.483,0.693
1067.136,0.089,1.480,0.689
1067.247,0.039,1.478,0.678
1067.359,-0.015,1.482,0.658
1067.469,-0.063,1.484,0.634
1067.580,-0.101,1.485,0.613
1067.692,-0.127,1.484,0.601
1067.802,-0.141,1.488,0.603
1067.914,-0.145,1.493,0.618
1068.025,-0.142,1.498,0.639
1068.136,-0.136,1.502,0.658
1068.247,-0.129,1.506,0.673
1068.358,-0.124,1.507,0.682
1068.469,-0.121,1.507,0.688
1068.580,-0.119,1.504,0.693
1068.692,-0.119,1.501,0.696
1068.802,-0.118,1.502,0.698
1068.914,-0.119,1.501,0.698
1069.025,-0.120,1.501,0.697
1069.136,-0.123,1.501,0.694
1069.247,-0.125,1.501,0.692
1069.359,-0.128,1.502,0.689
1069.469,-0.133,1.502,0.685
1069.580,-0.136,1.501,0.681
1069.692,-0.137,1.501,0.677
1069.802,-0.137,1.502,0.674
1069.913,-0.137,1.505,0.672
1070.025,-0.137,1.506,0.672
1070.136,-0.138,1.506,0.672
1070.247,-0.139,1.507,0.673
1070.359,-0.139,1.505,0.673
1070.469,-0.138,1.504,0.674
1070.580,-0.138,1.503,0.674
1070.692,-0.138,1.503,0.674
1070.802,-0.138,1.503,0.674
1070.913,-0.138,1.503,0.673
1071.025,-0.137,1.503,0.673
1071.136,-0.136,1.503,0.672
1071.247,-0.135,1.504,0.671
1071.358,-0.133,1.504,0.670
1071.469,-0.133,1.504,0.669
1071.580,-0.132,1.505,0.668
1071.692,-0.130,1.506,0.667
1071.802,-0.129,1.506,0.666
1071.913,-0.130,1.506,0.665
1072.025,-0.130,1.507,0.664
1072.135,-0.130,1.507,0.664
1072.247,-0.129,1.506,0.663
1072.358,-0.129,1.506,0.663
1072.469,-0.129,1.506,0.665
1072.580,-0.129,1.506,0.666
1072.692,-0.130,1.505,0.668
1072.802,-0.130,1.502,0.668
1072.914,-0.131,1.502,0.667
1073.025,-0.131,1.501,0.666
1073.136,-0.131,1.501,0.664
1073.247,-0.131,1.501,0.662
1073.358,-0.130,1.501,0.660
1073.469,-0.129,1.502,0.659
1073.580,-0.129,1.503,0.658
1073.692,-0.127,1.504,0.657
1073.802,-0.126,1.505,0.657
1073.914,-0.126,1.506,0.656
1074.025,-0.126,1.506,0.657
1074.136,-0.126,1.507,0.656
1074.247,-0.126,1.507,0.656
1074.358,-0.124,1.507,0.655
1074.469,-0.123,1.508,0.654
1074.580,-0.123,1.509,0.653
1074.692,-0.121,1.508,0.652
1074.802,-0.119,1.507,0.652
1074.913,-0.117,1.507,0.652
1075.025,-0.118,1.507,0.652
1075.136,-0.119,1.508,0.650
1075.247,-0.123,1.508,0.646
1075.359,-0.134,1.509,0.640
1075.469,-0.153,1.504,0.630
1075.580,-0.177,1.493,0.621
1075.692,-0.210,1.476,0.616
1075.802,-0.243,1.457,0.616
1075.913,-0.268,1.446,0.622
1076.025,-0.297,1.438,0.637
1076.136,-0.330,1.434,0.652
1076.247,-0.365,1.436,0.664
1076.358,-0.395,1.447,0.668
1076.469,-0.420,1.454,0.665
1076.580,-0.440,1.456,0.659
1076.692,-0.454,1.465,0.658
1076.802,-0.466,1.477,0.661
1076.913,-0.475,1.486,0.665
1077.025,-0.484,1.490,0.671
1077.136,-0.490,1.491,0.672
1077.247,-0.495,1.489,0.673
1077.358,-0.497,1.488,0.674
1077.469,-0.496,1.491,0.675
1077.580,-0.496,1.492,0.676
1077.692,-0.496,1.493,0.675
1077.802,-0.495,1.492,0.674
1077.913,-0.495,1.492,0.673
1078.025,-0.494,1.491,0.672
1078.136,-0.494,1.490,0.671
1078.247,-0.494,1.489,0.671
1078.359,-0.494,1.488,0.671
1078.469,-0.493,1.488,0.671
1078.580,-0.491,1.490,0.672
1078.692,-0.488,1.494,0.673
1078.802,-0.483,1.498,0.672
1078.913,-0.477,1.502,0.671
1079.025,-0.474,1.505,0.668
1079.136,-0.472,1.507,0.666
1079.247,-0.472,1.506,0.667
1079.358,-0.476,1.502,0.671
1079.469,-0.483,1.496,0.676
1079.580,-0.497,1.489,0.680
1079.691,-0.522,1.487,0.679
1079.802,-0.559,1.485,0.676
1079.913,-0.602,1.485,0.668
1080.025,-0.646,1.486,0.654
1080.136,-0.688,1.485,0.639
1080.247,-0.722,1.481,0.625
1080.358,-0.743,1.477,0.616
1080.469,-0.751,1.476,0.614
1080.580,-0.745,1.477,0.620
1080.691,-0.725,1.481,0.637
1080.802,-0.698,1.483,0.661
1080.913,-0.666,1.485,0.691
1081.025,-0.632,1.487,0.718
1081.136,-0.603,1.485,0.742
1081.247,-0.586,1.483,0.760
1081.358,-0.574,1.482,0.774
1081.469,-0.586,1.492,0.779
1081.580,-0.609,1.506,0.784
1081.691,-0.627,1.513,0.785
1081.802,-0.643,1.514,0.778
1081.913,-0.661,1.513,0.766
1082.025,-0.682,1.513,0.749
1082.135,-0.704,1.513,0.731
1082.247,-0.726,1.513,0.714
1082.358,-0.742,1.511,0.698
1082.469,-0.754,1.509,0.687
1082.580,-0.763,1.508,0.678
1082.692,-0.769,1.505,0.671
1082.802,-0.775,1.504,0.666
1082.913,-0.778,1.503,0.661
1083.025,-0.780,1.502,0.657
1083.135,-0.781,1.502,0.653
1083.247,-0.782,1.502,0.650
1083.359,-0.781,1.502,0.648
1083.469,-0.781,1.504,0.647
1083.580,-0.780,1.506,0.646
1083.692,-0.780,1.508,0.645
1083.802,-0.780,1.508,0.644
1083.914,-0.779,1.508,0.641
1084.025,-0.779,1.509,0.639
1084.136,-0.777,1.509,0.636
1084.274,-0.777,1.509,0.635
1084.374,-0.779,1.509,0.632
1084.485,-0.784,1.509,0.632
1084.597,-0.792,1.508,0.630
1084.708,-0.807,1.500,0.629
1084.816,-0.826,1.495,0.626
1084.927,-0.857,1.492,0.621
1085.038,-0.891,1.488,0.616
1085.149,-0.922,1.485,0.605
1085.260,-0.947,1.481,0.593
1085.371,-0.965,1.478,0.584
1085.482,-0.975,1.477,0.582
1085.594,-0.978,1.478,0.586
1085.705,-0.980,1.481,0.595
1085.816,-0.982,1.482,0.610
1085.927,-0.985,1.478,0.629
1086.038,-0.992,1.477,0.649
1086.149,-1.001,1.476,0.669
1086.261,-1.010,1.476,0.687
1086.372,-1.023,1.482,0.699
1086.482,-1.038,1.490,0.700
1086.594,-1.055,1.497,0.694
1086.705,-1.070,1.504,0.682
1086.816,-1.080,1.510,0.667
1086.928,-1.087,1.514,0.656
1087.039,-1.093,1.516,0.649
1087.150,-1.099,1.516,0.646
1087.261,-1.102,1.514,0.646
1087.372,-1.114,1.506,0.648
1087.483,-1.134,1.495,0.651
1087.594,-1.157,1.489,0.649
1087.705,-1.182,1.485,0.638
1087.816,-1.208,1.482,0.622
1087.927,-1.234,1.479,0.604
1088.039,-1.253,1.475,0.590
1088.150,-1.262,1.476,0.585
1088.261,-1.262,1.478,0.586
1088.372,-1.260,1.480,0.597
1088.483,-1.259,1.484,0.612
1088.595,-1.259,1.487,0.626
1088.705,-1.258,1.489,0.639
1088.816,-1.257,1.489,0.649
1088.928,-1.257,1.490,0.655
1089.039,-1.256,1.490,0.657
1089.150,-1.256,1.488,0.656
1089.261,-1.257,1.487,0.653
1089.372,-1.257,1.486,0.649
1089.483,-1.257,1.486,0.643
1089.594,-1.256,1.485,0.637
1089.706,-1.256,1.485,0.633
1089.816,-1.256,1.485,0.631
1089.928,-1.256,1.485,0.630
1090.039,-1.256,1.485,0.627
1090.150,-1.256,1.485,0.625
1090.262,-1.254,1.486,0.620
1090.372,-1.252,1.486,0.614
1090.483,-1.251,1.486,0.610
1090.595,-1.250,1.487,0.607
1090.705,-1.246,1.487,0.606
1090.817,-1.240,1.486,0.611
1090.928,-1.226,1.483,0.621
1091.039,-1.194,1.476,0.636
1091.150,-1.155,1.472,0.662
1091.261,-1.117,1.465,0.700
1091.372,-1.076,1.464,0.736
1091.483,-1.038,1.470,0.772
1091.594,-1.010,1.476,0.810
1091.705,-0.989,1.484,0.851
1091.816,-0.978,1.496,0.894
1091.928,-0.979,1.505,0.932
1092.039,-0.984,1.508,0.961
1092.149,-0.982,1.508,0.989
1092.261,-0.970,1.509,1.019
1092.371,-0.951,1.509,1.045
1092.483,-0.928,1.509,1.066
1092.594,-0.902,1.512,1.081
1092.705,-0.880,1.514,1.091
1092.816,-0.863,1.513,1.094
1092.927,-0.854,1.510,1.093
1093.038,-0.848,1.509,1.090
1093.149,-0.846,1.508,1.086
1093.261,-0.843,1.507,1.083
1093.372,-0.841,1.507,1.080
1093.483,-0.839,1.507,1.077
1093.594,-0.838,1.506,1.074
1093.705,-0.839,1.506,1.071
1093.816,-0.840,1.506,1.069
1093.927,-0.841,1.506,1.066
1094.038,-0.843,1.505,1.063
1094.149,-0.845,1.505,1.060
1094.261,-0.848,1.505,1.057
1094.372,-0.849,1.504,1.054
1094.483,-0.850,1.504,1.051
1094.594,-0.850,1.504,1.049
1094.705,-0.850,1.504,1.046
1094.816,-0.849,1.503,1.043
1094.927,-0.848,1.503,1.041
1095.038,-0.849,1.504,1.038
1095.149,-0.848,1.504,1.035
1095.260,-0.845,1.504,1.034
1095.372,-0.840,1.504,1.034
1095.482,-0.832,1.504,1.037
1095.594,-0.823,1.504,1.041
1095.705,-0.816,1.504,1.045
1095.816,-0.814,1.504,1.046
1095.927,-0.815,1.503,1.046
1096.038,-0.816,1.501,1.046
1096.149,-0.822,1.502,1.045
1096.260,-0.830,1.501,1.044
1096.371,-0.836,1.501,1.042
1096.482,-0.840,1.501,1.040
1096.594,-0.840,1.501,1.038
1096.705,-0.839,1.501,1.035
1096.816,-0.838,1.502,1.033
1096.927,-0.832,1.504,1.030
1097.038,-0.809,1.522,1.030
1097.150,-0.776,1.546,1.044
1097.261,-0.738,1.557,1.073
1097.372,-0.725,1.554,1.078
1097.483,-0.745,1.545,1.060
1097.594,-0.795,1.531,1.055
1097.705,-0.821,1.524,1.059
1097.816,-0.827,1.519,1.048
1097.927,-0.804,1.516,1.018
1098.038,-0.767,1.515,1.003
1098.149,-0.742,1.513,0.998
1098.261,-0.715,1.510,0.994
1098.372,-0.684,1.508,0.995
1098.483,-0.655,1.506,0.993
1098.594,-0.631,1.507,0.984
1098.705,-0.610,1.506,0.971
1098.816,-0.591,1.498,0.954
1098.927,-0.570,1.492,0.929
1099.038,-0.549,1.492,0.896
1099.149,-0.525,1.491,0.866
1099.261,-0.499,1.488,0.840
1099.372,-0.472,1.488,0.820
1099.483,-0.444,1.487,0.805
1099.594,-0.413,1.483,0.796
1099.705,-0.378,1.482,0.788
1099.816,-0.340,1.484,0.780
1099.927,-0.309,1.482,0.774
1100.038,-0.284,1.481,0.769
1100.149,-0.260,1.483,0.762
1100.260,-0.243,1.484,0.752
1100.371,-0.227,1.486,0.742
1100.483,-0.211,1.489,0.730
1100.594,-0.201,1.490,0.718
1100.705,-0.195,1.492,0.706
1100.816,-0.190,1.494,0.696
1100.928,-0.185,1.497,0.694
1101.038,-0.182,1.500,0.700
1101.150,-0.181,1.500,0.708
1101.261,-0.180,1.496,0.712
1101.372,-0.180,1.494,0.712
1101.483,-0.181,1.493,0.707
1101.594,-0.182,1.494,0.704
1101.705,-0.182,1.496,0.701
1101.816,-0.182,1.498,0.705
1101.928,-0.183,1.502,0.715
1102.038,-0.183,1.505,0.722
1102.150,-0.184,1.506,0.728
1102.261,-0.184,1.506,0.731
1102.372,-0.185,1.504,0.733
1102.483,-0.186,1.502,0.734
1102.594,-0.186,1.501,0.733
1102.705,-0.185,1.500,0.733
1102.816,-0.183,1.499,0.733
1102.927,-0.182,1.498,0.732
1103.038,-0.181,1.497,0.731
1103.149,-0.179,1.496,0.730
1103.261,-0.176,1.495,0.729
1103.372,-0.174,1.494,0.726
1103.483,-0.173,1.493,0.722
1103.595,-0.173,1.491,0.719
1103.705,-0.175,1.488,0.719
1103.816,-0.183,1.486,0.720
1103.928,-0.198,1.482,0.723
1104.038,-0.214,1.481,0.727
1104.150,-0.233,1.480,0.733
1104.261,-0.256,1.480,0.740
1104.372,-0.288,1.483,0.749
1104.483,-0.333,1.485,0.761
1104.594,-0.393,1.488,0.777
1104.705,-0.473,1.494,0.799
1104.816,-0.559,1.500,0.819
1104.927,-0.644,1.505,0.828
1105.038,-0.727,1.499,0.824
1105.150,-0.807,1.487,0.806
1105.261,-0.884,1.481,0.778
1105.372,-0.959,1.481,0.748
1105.483,-1.029,1.482,0.720
1105.594,-1.095,1.481,0.694
1105.705,-1.158,1.476,0.671
1105.816,-1.219,1.471,0.645
1105.927,-1.266,1.466,0.627
1106.039,-1.293,1.465,0.617
1106.150,-1.299,1.465,0.617
1106.261,-1.285,1.471,0.625
1106.372,-1.257,1.479,0.645
1106.483,-1.219,1.487,0.677
1106.595,-1.168,1.496,0.718
1106.706,-1.108,1.502,0.769
1106.817,-1.046,1.502,0.822
1106.929,-0.982,1.499,0.871
1107.040,-0.921,1.497,0.911
1107.151,-0.873,1.499,0.943
1107.262,-0.838,1.502,0.967
1107.373,-0.817,1.505,0.984
1107.483,-0.808,1.508,0.995
1107.595,-0.807,1.512,0.999
1107.720,-0.812,1.517,1.000
1107.824,-0.820,1.521,1.000
1107.928,-0.827,1.524,1.000
1108.039,-0.832,1.523,0.998
1108.150,-0.833,1.522,0.994
1108.261,-0.832,1.521,0.992
1108.372,-0.827,1.519,0.992
1108.483,-0.818,1.516,0.997
1108.594,-0.805,1.514,1.013
1108.706,-0.795,1.514,1.034
1108.817,-0.787,1.516,1.055
1108.928,-0.784,1.519,1.074
1109.039,-0.783,1.522,1.083
1109.150,-0.785,1.526,1.086
1109.261,-0.792,1.539,1.080
1109.372,-0.805,1.558,1.056
1109.483,-0.830,1.564,1.027
1109.595,-0.857,1.568,1.008
1109.706,-0.878,1.570,0.999
1109.817,-0.892,1.569,0.992
1109.928,-0.901,1.566,0.987
1110.039,-0.904,1.564,0.984
1110.150,-0.900,1.557,0.977
1110.262,-0.883,1.533,0.964
1110.372,-0.848,1.510,0.961
1110.483,-0.803,1.507,0.973
1110.595,-0.758,1.512,1.004
1110.706,-0.721,1.515,1.035
1110.817,-0.680,1.511,1.057
1110.928,-0.629,1.505,1.068
1111.039,-0.571,1.499,1.070
1111.150,-0.511,1.490,1.065
1111.262,-0.449,1.484,1.049
1111.373,-0.382,1.491,1.023
1111.484,-0.314,1.505,0.999
1111.596,-0.249,1.510,0.988
1111.708,-0.189,1.509,0.986
1111.817,-0.131,1.503,0.994
1111.929,-0.076,1.497,1.014
1112.040,-0.024,1.497,1.038
1112.151,0.022,1.497,1.056
1112.262,0.062,1.498,1.065
1112.373,0.097,1.498,1.068
1112.484,0.129,1.496,1.065
1112.595,0.151,1.495,1.059
1112.706,0.165,1.493,1.054
1112.817,0.171,1.491,1.049
1112.928,0.171,1.490,1.048
1113.039,0.170,1.490,1.047
1113.150,0.169,1.489,1.045
1113.262,0.168,1.489,1.039
1113.372,0.168,1.491,1.033
1113.483,0.166,1.492,1.030
1113.595,0.157,1.495,1.037
1113.705,0.125,1.504,1.055
1113.816,0.076,1.513,1.062
1113.928,0.027,1.521,1.051
1114.038,-0.014,1.527,1.022
1114.149,-0.034,1.531,0.985
1114.261,-0.039,1.531,0.947
1114.371,-0.038,1.527,0.916
1114.482,-0.041,1.525,0.895
1114.594,-0.053,1.526,0.888
1114.705,-0.067,1.534,0.896
1114.816,-0.075,1.542,0.900
1114.927,-0.090,1.545,0.890
1115.039,-0.119,1.549,0.875
1115.149,-0.152,1.549,0.865
1115.261,-0.180,1.546,0.857
1115.372,-0.201,1.537,0.850
1115.483,-0.213,1.535,0.843
1115.594,-0.218,1.540,0.836
1115.705,-0.220,1.542,0.835
1115.816,-0.224,1.544,0.838
1115.927,-0.232,1.545,0.847
1116.038,-0.239,1.540,0.868
1116.149,-0.235,1.538,0.904
1116.261,-0.223,1.530,0.949
1116.371,-0.206,1.519,1.003
1116.482,-0.186,1.509,1.067
1116.594,-0.168,1.513,1.142
1116.705,-0.155,1.529,1.221
1116.815,-0.147,1.536,1.295
1116.927,-0.147,1.537,1.367
1117.038,-0.154,1.532,1.441
1117.149,-0.170,1.519,1.515
1117.260,-0.199,1.510,1.595
1117.370,-0.237,1.512,1.680
1117.482,-0.276,1.522,1.767
1117.593,-0.309,1.529,1.855
1117.704,-0.337,1.527,1.942
1117.815,-0.361,1.516,2.028
1117.927,-0.382,1.509,2.118
1118.038,-0.396,1.510,2.213
1118.149,-0.411,1.523,2.309
1118.260,-0.439,1.531,2.395
1118.371,-0.477,1.533,2.470
1118.482,-0.517,1.528,2.540
1118.593,-0.567,1.518,2.603
1118.704,-0.629,1.513,2.660
1118.815,-0.700,1.514,2.707
1118.927,-0.772,1.520,2.746
1119.038,-0.844,1.523,2.761
1119.149,-0.899,1.523,2.771
1119.261,-0.942,1.522,2.788
1119.372,-0.982,1.523,2.818
1119.483,-1.027,1.522,2.861
1119.594,-1.081,1.523,2.928
1119.705,-1.136,1.528,3.010
1119.816,-1.180,1.527,3.081
1119.927,-1.215,1.526,3.129
1120.038,-1.245,1.527,3.163
1120.149,-1.269,1.522,3.188
1120.260,-1.284,1.518,3.206
1120.371,-1.296,1.516,3.218
1120.483,-1.306,1.514,3.229
1120.594,-1.314,1.514,3.238
1120.705,-1.320,1.513,3.248
1120.816,-1.325,1.511,3.260
1120.927,-1.332,1.507,3.273
1121.038,-1.346,1.502,3.288
1121.149,-1.370,1.496,3.304
1121.260,-1.403,1.487,3.323
1121.371,-1.449,1.478,3.343
1121.482,-1.504,1.476,3.362
1121.594,-1.565,1.481,3.387
1121.704,-1.623,1.480,3.417
1121.815,-1.670,1.471,3.451
1121.927,-1.707,1.463,3.492
1122.038,-1.735,1.456,3.537
1122.149,-1.753,1.450,3.586
1122.260,-1.767,1.444,3.645
1122.371,-1.779,1.435,3.715
1122.482,-1.795,1.410,3.780
1122.593,-1.820,1.375,3.833
1122.704,-1.852,1.327,3.878
1122.816,-1.889,1.266,3.915
1122.927,-1.933,1.198,3.935
1123.038,-1.976,1.131,3.948
1123.149,-2.014,1.073,3.962
1123.260,-2.045,1.023,3.971
1123.371,-2.076,0.984,3.975
1123.482,-2.105,0.955,3.979
1123.594,-2.130,0.933,3.980
1123.705,-2.146,0.921,3.980
1123.815,-2.156,0.918,3.982
1123.927,-2.161,0.918,3.985
1124.038,-2.163,0.919,3.988
1124.149,-2.161,0.924,3.991
1124.260,-2.152,0.937,3.994
1124.371,-2.137,0.965,3.995
1124.482,-2.113,1.012,3.993
1124.593,-2.080,1.082,3.990
1124.705,-2.027,1.172,3.989
1124.815,-1.950,1.270,3.975
1124.927,-1.872,1.359,3.934
1125.037,-1.818,1.422,3.884
1125.149,-1.786,1.462,3.843
1125.260,-1.769,1.498,3.813
1125.371,-1.758,1.527,3.785
1125.482,-1.748,1.540,3.761
1125.593,-1.738,1.546,3.746
1125.704,-1.725,1.549,3.736
1125.815,-1.708,1.551,3.734
1125.926,-1.687,1.549,3.742
1126.037,-1.667,1.547,3.761
1126.149,-1.653,1.543,3.794
1126.260,-1.647,1.536,3.842
1126.371,-1.648,1.528,3.904
1126.482,-1.656,1.518,3.981
1126.593,-1.670,1.513,4.070
1126.704,-1.685,1.511,4.161
1126.815,-1.695,1.504,4.242
1126.926,-1.699,1.500,4.312
1127.037,-1.702,1.497,4.379
1127.149,-1.705,1.488,4.449
1127.260,-1.701,1.491,4.527
1127.371,-1.686,1.506,4.611
1127.482,-1.669,1.530,4.700
1127.593,-1.656,1.538,4.785
1127.704,-1.646,1.544,4.868
1127.816,-1.639,1.539,4.951
1127.927,-1.635,1.528,5.039
1128.038,-1.636,1.520,5.131
1128.149,-1.640,1.524,5.226
1128.261,-1.641,1.533,5.317
1128.371,-1.635,1.537,5.397
1128.483,-1.625,1.538,5.465
1128.594,-1.611,1.533,5.523
1128.705,-1.597,1.524,5.572
1128.816,-1.577,1.524,5.616
1128.927,-1.556,1.529,5.654
1129.038,-1.538,1.533,5.684
1129.149,-1.524,1.533,5.709
1129.260,-1.515,1.532,5.731
1129.371,-1.509,1.533,5.747
1129.483,-1.506,1.532,5.760
1129.594,-1.502,1.532,5.769
1129.705,-1.499,1.531,5.775
1129.816,-1.500,1.531,5.779
1129.927,-1.499,1.530,5.780
1130.038,-1.498,1.530,5.780
1130.149,-1.498,1.529,5.780
1130.260,-1.494,1.530,5.782
1130.371,-1.486,1.528,5.788
1130.482,-1.477,1.526,5.807
1130.594,-1.470,1.524,5.843
1130.705,-1.468,1.519,5.899
1130.816,-1.469,1.513,5.975
1130.927,-1.475,1.506,6.052
1131.038,-1.471,1.505,6.114
1131.150,-1.462,1.504,6.164
1131.261,-1.442,1.501,6.206
1131.372,-1.405,1.494,6.246
1131.483,-1.356,1.485,6.280
1131.595,-1.294,1.478,6.307
1131.705,-1.219,1.482,6.331
1131.816,-1.154,1.485,6.349
1131.928,-1.102,1.485,6.359
1132.038,-1.065,1.481,6.363
1132.149,-1.036,1.474,6.364
1132.260,-1.011,1.468,6.373
1132.371,-0.985,1.462,6.393
1132.482,-0.958,1.456,6.415
1132.594,-0.932,1.452,6.432
1132.704,-0.910,1.445,6.440
1132.815,-0.894,1.429,6.437
1132.927,-0.882,1.411,6.426
1133.038,-0.872,1.394,6.416
1133.149,-0.864,1.387,6.413
1133.260,-0.857,1.387,6.411
1133.371,-0.851,1.388,6.412
1133.482,-0.846,1.388,6.413
1133.593,-0.842,1.389,6.414
1133.704,-0.841,1.390,6.413
1133.815,-0.839,1.394,6.414
1133.927,-0.837,1.403,6.418
1134.038,-0.833,1.416,6.423
1134.149,-0.819,1.434,6.431
1134.260,-0.800,1.452,6.443
1134.371,-0.770,1.474,6.465
1134.482,-0.741,1.496,6.508
1134.594,-0.729,1.511,6.553
1134.705,-0.727,1.523,6.584
1134.817,-0.729,1.530,6.602
1134.928,-0.732,1.530,6.607
1135.039,-0.732,1.531,6.607
1135.150,-0.728,1.534,6.607
1135.261,-0.719,1.536,6.608
1135.373,-0.704,1.536,6.610
1135.483,-0.687,1.537,6.613
1135.595,-0.667,1.536,6.614
1135.706,-0.643,1.533,6.612
1135.817,-0.611,1.531,6.603
1135.928,-0.570,1.529,6.590
1136.039,-0.520,1.530,6.574
1136.150,-0.457,1.536,6.558
1136.261,-0.391,1.533,6.546
1136.372,-0.330,1.526,6.547
1136.483,-0.276,1.519,6.557
1136.595,-0.228,1.512,6.572
1136.706,-0.185,1.503,6.592
1136.817,-0.142,1.496,6.619
1136.928,-0.100,1.494,6.652
1137.039,-0.061,1.492,6.684
1137.150,-0.031,1.488,6.711
1137.261,-0.007,1.486,6.731
1137.372,0.010,1.483,6.745
1137.483,0.022,1.481,6.754
1137.595,0.030,1.480,6.759
1137.705,0.034,1.478,6.763
1137.817,0.036,1.477,6.767
1137.928,0.038,1.478,6.772
1138.039,0.041,1.477,6.777
1138.150,0.046,1.478,6.780
1138.261,0.050,1.478,6.781
1138.372,0.051,1.478,6.781
1138.483,0.051,1.485,6.779
1138.594,0.048,1.493,6.776
1138.706,0.044,1.501,6.772
1138.817,0.037,1.507,6.767
1138.928,0.030,1.510,6.763
1139.039,0.025,1.513,6.760
1139.150,0.021,1.514,6.759
1139.261,0.021,1.515,6.759
1139.372,0.020,1.516,6.759
1139.483,0.024,1.516,6.759
1139.594,0.029,1.516,6.760
1139.705,0.030,1.515,6.763
1139.817,0.028,1.514,6.766
1139.928,0.026,1.513,6.768
1140.039,0.027,1.513,6.769
1140.150,0.027,1.512,6.770
1140.261,0.027,1.512,6.771
1140.372,0.031,1.513,6.767
1140.483,0.042,1.515,6.753
1140.595,0.050,1.517,6.723
1140.706,0.043,1.521,6.681
1140.816,0.024,1.528,6.647
1140.927,0.014,1.534,6.626
1141.038,0.005,1.532,6.609
1141.149,-0.006,1.531,6.586
1141.260,-0.022,1.531,6.563
1141.371,-0.059,1.528,6.533
1141.482,-0.095,1.523,6.504
1141.594,-0.128,1.521,6.474
1141.705,-0.158,1.527,6.443
1141.816,-0.181,1.530,6.411
1141.927,-0.201,1.529,6.381
1142.037,-0.217,1.526,6.353
1142.149,-0.229,1.523,6.325
1142.260,-0.238,1.522,6.294
1142.371,-0.244,1.517,6.255
1142.482,-0.250,1.512,6.209
1142.594,-0.259,1.509,6.159
1142.704,-0.267,1.507,6.108
1142.816,-0.278,1.508,6.054
1142.927,-0.294,1.506,6.006
1143.038,-0.313,1.505,5.970
1143.149,-0.334,1.503,5.948
1143.260,-0.356,1.502,5.941
1143.371,-0.375,1.497,5.944
1143.482,-0.396,1.491,5.949
1143.593,-0.414,1.488,5.952
1143.704,-0.431,1.488,5.951
1143.815,-0.444,1.486,5.948
1143.927,-0.456,1.487,5.944
1144.038,-0.462,1.485,5.940
1144.149,-0.467,1.486,5.936
1144.285,-0.470,1.485,5.935
1144.388,-0.474,1.485,5.934
1144.499,-0.477,1.483,5.933
1144.610,-0.477,1.482,5.932
1144.721,-0.477,1.483,5.933
1144.828,-0.476,1.484,5.933
1144.940,-0.474,1.488,5.933
1145.051,-0.471,1.490,5.933
1145.162,-0.468,1.493,5.930
1145.273,-0.466,1.500,5.929
1145.385,-0.462,1.509,5.930
1145.496,-0.457,1.515,5.930
1145.607,-0.454,1.516,5.931
1145.718,-0.452,1.515,5.929
1145.829,-0.450,1.512,5.926
1145.941,-0.449,1.510,5.921
1146.052,-0.448,1.508,5.919
1146.163,-0.450,1.506,5.918
1146.274,-0.450,1.503,5.915
1146.385,-0.450,1.497,5.909
1146.496,-0.453,1.490,5.905
1146.607,-0.459,1.486,5.904
1146.718,-0.471,1.482,5.902
1146.829,-0.487,1.473,5.901
1146.941,-0.507,1.464,5.897
1147.052,-0.531,1.452,5.892
1147.162,-0.554,1.437,5.888
1147.274,-0.570,1.427,5.884
1147.385,-0.575,1.422,5.882
1147.496,-0.577,1.421,5.882
1147.607,-0.577,1.422,5.884
1147.718,-0.576,1.423,5.885
1147.829,-0.576,1.423,5.887
1147.940,-0.578,1.424,5.889
1148.051,-0.579,1.424,5.891
1148.162,-0.579,1.425,5.891
1148.274,-0.579,1.425,5.891
1148.385,-0.578,1.425,5.891
1148.496,-0.575,1.427,5.888
1148.607,-0.568,1.429,5.879
1148.718,-0.546,1.439,5.859
1148.830,-0.505,1.455,5.827
1148.941,-0.438,1.477,5.787
1149.052,-0.354,1.500,5.753
1149.163,-0.266,1.522,5.732
1149.275,-0.186,1.535,5.732
1149.385,-0.134,1.541,5.733
1149.497,-0.102,1.539,5.726
1149.608,-0.085,1.519,5.710
1149.719,-0.079,1.498,5.688
1149.830,-0.077,1.490,5.665
1149.941,-0.075,1.487,5.644
1150.052,-0.073,1.484,5.624
1150.163,-0.073,1.481,5.605
1150.274,-0.078,1.486,5.581
1150.385,-0.095,1.509,5.552
1150.496,-0.115,1.529,5.522
1150.608,-0.136,1.535,5.483
1150.719,-0.160,1.534,5.430
1150.830,-0.193,1.542,5.362
1150.942,-0.232,1.564,5.286
1151.052,-0.261,1.574,5.212
1151.163,-0.275,1.580,5.138
1151.275,-0.280,1.578,5.062
1151.386,-0.276,1.563,4.980
1151.497,-0.261,1.546,4.892
1151.608,-0.236,1.543,4.800
1151.719,-0.208,1.552,4.709
1151.830,-0.187,1.560,4.625
1151.942,-0.172,1.564,4.546
1152.053,-0.160,1.558,4.469
1152.163,-0.154,1.549,4.392
1152.275,-0.156,1.542,4.310
1152.385,-0.165,1.537,4.224
1152.498,-0.169,1.541,4.139
1152.608,-0.163,1.542,4.064
1152.719,-0.147,1.542,4.005
1152.831,-0.123,1.537,3.960
1152.942,-0.094,1.531,3.927
1153.053,-0.060,1.527,3.905
1153.164,-0.022,1.528,3.890
1153.275,0.009,1.524,3.879
1153.386,0.036,1.524,3.871
1153.497,0.058,1.522,3.862
1153.608,0.075,1.521,3.854
1153.719,0.086,1.519,3.846
1153.830,0.092,1.519,3.838
1153.942,0.097,1.519,3.830
1154.053,0.100,1.518,3.822
1154.164,0.103,1.517,3.814
1154.275,0.105,1.515,3.804
1154.386,0.105,1.515,3.789
1154.497,0.097,1.513,3.764
1154.608,0.079,1.511,3.735
1154.719,0.060,1.507,3.715
1154.830,0.050,1.502,3.704
1154.942,0.050,1.495,3.697
1155.052,0.048,1.491,3.688
1155.164,0.044,1.489,3.676
1155.275,0.039,1.485,3.666
1155.386,0.036,1.480,3.650
1155.497,0.037,1.476,3.626
1155.608,0.046,1.472,3.590
1155.719,0.062,1.461,3.542
1155.830,0.085,1.445,3.480
1155.942,0.118,1.431,3.398
1156.052,0.162,1.414,3.303
1156.163,0.213,1.384,3.224
1156.274,0.264,1.341,3.171
1156.385,0.304,1.291,3.136
1156.497,0.329,1.240,3.109
1156.608,0.345,1.194,3.090
1156.719,0.355,1.162,3.079
1156.830,0.359,1.146,3.077
1156.941,0.359,1.145,3.078
1157.052,0.361,1.150,3.079
1157.163,0.363,1.152,3.082
1157.274,0.365,1.155,3.086
1157.385,0.366,1.159,3.090
1157.497,0.368,1.167,3.092
1157.608,0.368,1.170,3.095
1157.719,0.368,1.176,3.097
1157.830,0.364,1.207,3.104
1157.941,0.353,1.270,3.120
1158.052,0.334,1.340,3.153
1158.164,0.309,1.396,3.201
1158.275,0.271,1.436,3.258
1158.385,0.226,1.454,3.301
1158.496,0.185,1.463,3.331
1158.607,0.155,1.470,3.352
1158.718,0.129,1.477,3.373
1158.829,0.091,1.483,3.393
1158.940,0.054,1.486,3.417
1159.052,-0.011,1.500,3.450
1159.163,-0.087,1.516,3.478
1159.274,-0.175,1.527,3.496
1159.385,-0.247,1.527,3.503
1159.496,-0.297,1.529,3.521
1159.608,-0.336,1.527,3.548
1159.719,-0.373,1.524,3.582
1159.830,-0.411,1.525,3.621
1159.941,-0.455,1.526,3.666
1160.052,-0.505,1.529,3.719
1160.164,-0.561,1.534,3.779
1160.273,-0.624,1.538,3.839
1160.384,-0.690,1.537,3.887
1160.496,-0.757,1.535,3.921
1160.607,-0.830,1.527,3.942
1160.718,-0.909,1.512,3.949
1160.829,-0.996,1.499,3.940
1160.940,-1.092,1.498,3.920
1161.051,-1.189,1.498,3.899
1161.162,-1.277,1.494,3.882
1161.274,-1.363,1.487,3.874
1161.385,-1.447,1.476,3.873
1161.496,-1.533,1.465,3.878
1161.607,-1.627,1.451,3.885
1161.718,-1.722,1.433,3.884
1161.829,-1.804,1.405,3.867
1161.941,-1.872,1.362,3.838
1162.051,-1.930,1.308,3.812
1162.163,-1.972,1.230,3.793
1162.274,-2.002,1.125,3.780
1162.385,-2.027,1.024,3.771
1162.496,-2.043,0.940,3.770
1162.607,-2.046,0.872,3.775
1162.718,-2.047,0.824,3.787
1162.829,-2.052,0.798,3.807
1162.941,-2.055,0.793,3.823
1163.052,-2.048,0.799,3.830
1163.163,-2.035,0.803,3.831
1163.274,-2.025,0.803,3.829
1163.385,-2.020,0.806,3.822
1163.496,-2.018,0.810,3.819
1163.607,-2.017,0.807,3.822
1163.719,-2.018,0.806,3.825
1163.830,-2.018,0.805,3.826
1163.940,-2.016,0.803,3.824
1164.052,-2.013,0.804,3.822
1164.163,-2.013,0.806,3.820
1164.274,-2.014,0.806,3.821
1164.385,-2.015,0.805,3.821
1164.496,-2.015,0.804,3.820
1164.608,-2.015,0.805,3.820
1164.718,-2.014,0.804,3.820
1164.829,-2.012,0.805,3.816
1164.941,-2.012,0.804,3.812
1165.052,-2.013,0.802,3.812
1165.163,-2.014,0.805,3.814
1165.274,-2.016,0.818,3.817
1165.385,-2.017,0.830,3.817
1165.496,-2.015,0.834,3.815
1165.608,-2.014,0.833,3.813
1165.719,-2.013,0.832,3.809
1165.829,-2.011,0.835,3.804
1165.941,-2.010,0.838,3.797
1166.052,-2.006,0.839,3.792
1166.163,-2.002,0.839,3.787
1166.274,-2.000,0.838,3.784
1166.385,-1.998,0.839,3.783
1166.496,-1.998,0.840,3.783
1166.608,-1.998,0.839,3.784
1166.719,-1.998,0.837,3.784
1166.830,-1.997,0.837,3.779
1166.941,-1.997,0.835,3.772
1167.052,-2.002,0.836,3.776
1167.163,-2.017,0.875,3.804
1167.274,-2.027,0.962,3.844
1167.385,-2.016,1.063,3.888
1167.496,-1.996,1.155,3.925
1167.607,-1.969,1.253,3.955
1167.718,-1.924,1.351,3.980
1167.829,-1.864,1.428,3.994
1167.940,-1.809,1.473,3.999
1168.051,-1.765,1.484,4.003
1168.162,-1.741,1.480,4.016
1168.274,-1.718,1.481,4.037
1168.384,-1.685,1.490,4.062
1168.495,-1.652,1.506,4.090
1168.607,-1.626,1.514,4.122
1168.718,-1.600,1.512,4.159
1168.829,-1.580,1.508,4.201
1168.940,-1.569,1.510,4.245
1169.051,-1.565,1.509,4.296
1169.162,-1.571,1.503,4.355
1169.273,-1.587,1.503,4.423
1169.384,-1.611,1.515,4.498
1169.496,-1.632,1.527,4.572
1169.607,-1.646,1.527,4.641
1169.718,-1.653,1.529,4.707
1169.829,-1.653,1.525,4.774
1169.941,-1.646,1.517,4.846
1170.052,-1.630,1.513,4.926
1170.163,-1.608,1.523,5.010
1170.274,-1.593,1.527,5.087
1170.385,-1.580,1.527,5.159
1170.496,-1.566,1.523,5.229
1170.608,-1.554,1.513,5.298
1170.718,-1.546,1.503,5.368
1170.830,-1.544,1.496,5.439
1170.941,-1.546,1.493,5.505
1171.052,-1.544,1.490,5.560
1171.161,-1.539,1.483,5.601
1171.272,-1.536,1.477,5.632
1171.383,-1.532,1.475,5.656
1171.494,-1.529,1.472,5.673
1171.606,-1.525,1.471,5.685
1171.716,-1.523,1.470,5.693
1171.828,-1.521,1.468,5.698
1171.939,-1.521,1.468,5.701
1172.050,-1.522,1.467,5.702
1172.162,-1.523,1.468,5.702
1172.273,-1.523,1.469,5.703
1172.384,-1.524,1.469,5.703
1172.495,-1.524,1.469,5.703
1172.606,-1.524,1.469,5.703
1172.718,-1.523,1.469,5.702
1172.829,-1.521,1.469,5.701
1172.940,-1.521,1.469,5.700
1173.051,-1.521,1.471,5.698
1173.162,-1.522,1.476,5.696
1173.273,-1.526,1.483,5.694
1173.384,-1.534,1.491,5.690
1173.496,-1.543,1.499,5.686
1173.607,-1.551,1.504,5.684
1173.718,-1.557,1.508,5.684
1173.829,-1.560,1.510,5.684
1173.940,-1.562,1.512,5.684
1174.051,-1.562,1.513,5.684
1174.162,-1.563,1.513,5.685
1174.274,-1.564,1.513,5.686
1174.385,-1.565,1.513,5.687
1174.496,-1.564,1.511,5.687
1174.607,-1.564,1.510,5.687
1174.718,-1.566,1.510,5.687
1174.829,-1.567,1.511,5.686
1174.941,-1.564,1.513,5.684
1175.052,-1.561,1.511,5.683
1175.163,-1.559,1.509,5.683
1175.274,-1.558,1.508,5.683
1175.385,-1.557,1.509,5.683
1175.496,-1.555,1.508,5.684
1175.607,-1.553,1.508,5.686
1175.719,-1.551,1.509,5.688
1175.830,-1.549,1.509,5.689
1175.941,-1.546,1.509,5.689
1176.052,-1.542,1.508,5.689
1176.163,-1.540,1.508,5.689
1176.274,-1.539,1.508,5.693
1176.385,-1.546,1.518,5.714
1176.496,-1.570,1.535,5.740
1176.608,-1.602,1.544,5.756
1176.719,-1.640,1.539,5.766
1176.830,-1.671,1.526,5.769
1176.941,-1.691,1.505,5.769
1177.052,-1.699,1.493,5.771
1177.163,-1.702,1.486,5.774
1177.275,-1.700,1.485,5.780
1177.385,-1.687,1.486,5.790
1177.496,-1.662,1.490,5.807
1177.608,-1.611,1.493,5.820
1177.718,-1.561,1.500,5.821
1177.830,-1.524,1.501,5.836
1177.941,-1.488,1.492,5.873
1178.052,-1.447,1.483,5.913
1178.163,-1.397,1.473,5.957
1178.275,-1.336,1.478,6.004
1178.386,-1.282,1.475,6.046
1178.497,-1.232,1.470,6.084
1178.609,-1.180,1.466,6.121
1178.720,-1.123,1.456,6.160
1178.830,-1.071,1.440,6.203
1178.941,-1.023,1.444,6.247
1179.052,-0.985,1.457,6.277
1179.163,-0.959,1.469,6.301
1179.274,-0.946,1.468,6.321
1179.385,-0.939,1.453,6.343
1179.495,-0.933,1.451,6.361
1179.605,-0.929,1.453,6.372
1179.718,-0.925,1.452,6.379
1179.829,-0.922,1.452,6.384
1179.940,-0.919,1.453,6.385
1180.051,-0.918,1.454,6.385
1180.162,-0.919,1.455,6.385
1180.274,-0.920,1.458,6.386
1180.383,-0.921,1.460,6.387
1180.494,-0.923,1.460,6.387
1180.605,-0.925,1.462,6.388
1180.717,-0.927,1.463,6.389
1180.827,-0.929,1.465,6.390
1180.940,-0.932,1.467,6.391
1181.051,-0.936,1.470,6.394
1181.162,-0.939,1.473,6.396
1181.273,-0.940,1.476,6.395
1181.384,-0.940,1.478,6.393
1181.495,-0.941,1.478,6.391
1181.606,-0.940,1.478,6.387
1181.717,-0.940,1.477,6.385
1181.828,-0.939,1.477,6.384
1181.940,-0.939,1.477,6.384
1182.051,-0.938,1.476,6.385
1182.162,-0.939,1.476,6.386
1182.273,-0.940,1.475,6.387
1182.384,-0.940,1.476,6.387
1182.496,-0.941,1.476,6.388
1182.607,-0.942,1.477,6.388
1182.718,-0.944,1.476,6.389
1182.829,-0.945,1.477,6.388
1182.940,-0.945,1.477,6.386
1183.051,-0.944,1.477,6.386
1183.162,-0.942,1.477,6.385
1183.273,-0.936,1.478,6.387
1183.383,-0.919,1.483,6.392
1183.495,-0.890,1.491,6.406
1183.607,-0.851,1.502,6.433
1183.719,-0.823,1.513,6.467
1183.830,-0.811,1.521,6.494
1183.941,-0.808,1.527,6.513
1184.053,-0.811,1.527,6.526
1184.164,-0.815,1.526,6.533
1184.275,-0.817,1.528,6.536
1184.386,-0.818,1.529,6.537
1184.497,-0.814,1.527,6.540
1184.608,-0.807,1.524,6.568
1184.719,-0.808,1.518,6.597
1184.830,-0.813,1.516,6.618
1184.941,-0.818,1.514,6.630
1185.052,-0.818,1.511,6.632
1185.163,-0.805,1.509,6.617
1185.275,-0.787,1.506,6.589
1185.386,-0.776,1.503,6.573
1185.497,-0.760,1.500,6.568
1185.608,-0.738,1.500,6.568
1185.719,-0.705,1.500,6.566
1185.830,-0.660,1.500,6.560
1185.942,-0.605,1.501,6.550
1186.052,-0.540,1.511,6.536
1186.164,-0.474,1.527,6.523
1186.275,-0.416,1.537,6.515
1186.386,-0.365,1.539,6.513
1186.498,-0.316,1.533,6.516
1186.609,-0.265,1.524,6.527
1186.719,-0.211,1.513,6.548
1186.831,-0.155,1.505,6.578
1186.942,-0.096,1.504,6.613
1187.052,-0.041,1.502,6.645
1187.163,0.005,1.499,6.673
1187.275,0.041,1.496,6.693
1187.385,0.066,1.493,6.708
1187.497,0.082,1.490,6.719
1187.608,0.094,1.489,6.726
1187.719,0.099,1.486,6.731
1187.830,0.101,1.486,6.737
1187.941,0.101,1.485,6.742
1188.052,0.101,1.485,6.747
1188.164,0.103,1.486,6.751
1188.275,0.099,1.484,6.754
1188.386,0.097,1.485,6.757
1188.497,0.095,1.485,6.754
1188.609,0.092,1.490,6.724
1188.720,0.077,1.496,6.681
1188.830,0.052,1.499,6.649
1188.941,0.033,1.498,6.637
1189.052,0.022,1.498,6.635
1189.162,0.007,1.501,6.635
1189.274,-0.015,1.503,6.640
1189.385,-0.045,1.505,6.648
1189.496,-0.089,1.506,6.657
1189.607,-0.140,1.506,6.664
1189.718,-0.191,1.514,6.673
1189.829,-0.236,1.520,6.683
1189.941,-0.273,1.522,6.689
1190.052,-0.301,1.522,6.692
1190.163,-0.324,1.524,6.695
1190.274,-0.343,1.525,6.696
1190.385,-0.358,1.522,6.694
1190.496,-0.368,1.516,6.684
1190.608,-0.372,1.509,6.663
1190.718,-0.371,1.500,6.629
1190.830,-0.363,1.493,6.579
1190.941,-0.351,1.491,6.513
1191.052,-0.338,1.492,6.438
1191.163,-0.330,1.495,6.362
1191.274,-0.332,1.495,6.293
1191.385,-0.346,1.491,6.233
1191.497,-0.372,1.483,6.180
1191.608,-0.407,1.472,6.130
1191.719,-0.448,1.466,6.080
1191.830,-0.493,1.463,6.031
1191.941,-0.531,1.457,5.989
1192.052,-0.563,1.455,5.956
1192.163,-0.593,1.451,5.932
1192.274,-0.616,1.446,5.914
1192.385,-0.639,1.442,5.900
1192.496,-0.655,1.436,5.891
1192.607,-0.665,1.434,5.886
1192.718,-0.670,1.433,5.885
1192.829,-0.674,1.432,5.884
1192.940,-0.676,1.431,5.884
1193.051,-0.676,1.431,5.885
1193.163,-0.674,1.432,5.886
1193.274,-0.673,1.432,5.888
1193.385,-0.672,1.432,5.889
1193.496,-0.672,1.432,5.889
1193.608,-0.672,1.432,5.889
1193.718,-0.672,1.432,5.889
1193.829,-0.671,1.432,5.890
1193.941,-0.670,1.432,5.891
1194.051,-0.664,1.436,5.889
1194.162,-0.651,1.445,5.883
1194.274,-0.636,1.455,5.880
1194.385,-0.623,1.458,5.880
1194.496,-0.616,1.458,5.882
1194.608,-0.610,1.458,5.886
1194.719,-0.596,1.461,5.890
1194.830,-0.575,1.465,5.894
1194.941,-0.546,1.464,5.896
1195.052,-0.517,1.466,5.896
1195.163,-0.489,1.466,5.899
1195.274,-0.465,1.468,5.904
1195.385,-0.448,1.471,5.909
1195.496,-0.437,1.474,5.913
1195.607,-0.433,1.477,5.916
1195.718,-0.432,1.478,5.919
1195.829,-0.435,1.479,5.920
1195.940,-0.439,1.479,5.921
1196.052,-0.442,1.478,5.921
1196.162,-0.445,1.478,5.920
1196.274,-0.447,1.477,5.919
1196.385,-0.448,1.477,5.918
1196.496,-0.449,1.478,5.915
1196.607,-0.449,1.479,5.913
1196.718,-0.448,1.479,5.911
1196.829,-0.446,1.479,5.909
1196.941,-0.444,1.480,5.908
1197.051,-0.445,1.482,5.909
1197.163,-0.442,1.482,5.910
1197.274,-0.440,1.485,5.911
1197.385,-0.441,1.487,5.912
1197.496,-0.444,1.488,5.913
1197.607,-0.449,1.489,5.913
1197.719,-0.453,1.488,5.912
1197.829,-0.455,1.488,5.911
1197.941,-0.455,1.488,5.909
1198.052,-0.455,1.488,5.907
1198.163,-0.454,1.488,5.907
1198.274,-0.453,1.488,5.906
1198.385,-0.454,1.487,5.906
1198.496,-0.457,1.487,5.904
1198.607,-0.456,1.486,5.903
1198.718,-0.453,1.488,5.898
1198.829,-0.447,1.499,5.875
1198.941,-0.425,1.520,5.838
1199.051,-0.387,1.542,5.814
1199.163,-0.348,1.557,5.814
1199.275,-0.318,1.567,5.828
1199.386,-0.302,1.572,5.847
1199.497,-0.296,1.573,5.858
1199.608,-0.293,1.567,5.860
1199.719,-0.287,1.545,5.854
1199.830,-0.281,1.518,5.842
1199.941,-0.279,1.503,5.829
1200.052,-0.281,1.502,5.818
1200.163,-0.295,1.504,5.808
1200.274,-0.334,1.504,5.799
1200.385,-0.386,1.503,5.808
1200.496,-0.420,1.501,5.829
1200.608,-0.430,1.497,5.839
1200.718,-0.432,1.495,5.842
1200.830,-0.431,1.496,5.844
1200.941,-0.426,1.494,5.841
1201.052,-0.421,1.491,5.835
1201.163,-0.417,1.490,5.827
1201.274,-0.416,1.489,5.820
1201.385,-0.412,1.486,5.811
1201.496,-0.406,1.485,5.804
1201.607,-0.401,1.485,5.797
1201.718,-0.399,1.484,5.791
1201.829,-0.399,1.483,5.784
1201.941,-0.399,1.481,5.777
1202.051,-0.398,1.479,5.771
1202.163,-0.399,1.478,5.766
1202.274,-0.400,1.477,5.762
1202.384,-0.403,1.478,5.759
1202.496,-0.404,1.478,5.755
1202.607,-0.403,1.479,5.749
1202.718,-0.394,1.483,5.737
1202.830,-0.367,1.497,5.717
1202.941,-0.325,1.523,5.702
1203.052,-0.296,1.546,5.697
1203.163,-0.283,1.554,5.682
1203.274,-0.281,1.556,5.652
1203.385,-0.285,1.548,5.609
1203.497,-0.292,1.538,5.550
1203.608,-0.307,1.534,5.475
1203.719,-0.325,1.545,5.392
1203.830,-0.333,1.553,5.316
1203.941,-0.325,1.555,5.244
1204.052,-0.311,1.551,5.175
1204.163,-0.294,1.539,5.101
1204.281,-0.280,1.527,5.040
1204.390,-0.243,1.515,4.915
1204.501,-0.209,1.526,4.818
1204.612,-0.182,1.532,4.719
1204.723,-0.168,1.532,4.617
1204.829,-0.167,1.523,4.526
1204.941,-0.177,1.506,4.419
1205.052,-0.194,1.496,4.301
1205.163,-0.214,1.499,4.176
1205.274,-0.224,1.503,4.057
1205.386,-0.220,1.504,3.948
1205.497,-0.203,1.494,3.847
1205.608,-0.171,1.476,3.748
1205.719,-0.124,1.463,3.650
1205.830,-0.070,1.460,3.555
1205.941,-0.018,1.456,3.472
1206.052,0.035,1.443,3.397
1206.163,0.084,1.416,3.330
1206.275,0.134,1.388,3.261
1206.385,0.192,1.355,3.189
1206.497,0.247,1.317,3.134
1206.608,0.289,1.279,3.098
1206.719,0.320,1.239,3.073
1206.830,0.342,1.201,3.058
1206.941,0.360,1.172,3.049
1207.052,0.371,1.150,3.044
1207.164,0.376,1.141,3.041
1207.274,0.380,1.141,3.039
1207.385,0.381,1.143,3.039
1207.496,0.381,1.145,3.039
1207.608,0.382,1.149,3.037
1207.719,0.384,1.149,3.035
1207.830,0.388,1.148,3.034
1207.941,0.392,1.147,3.034
1208.052,0.397,1.147,3.034
1208.163,0.400,1.148,3.033
1208.275,0.403,1.149,3.032
1208.385,0.406,1.151,3.032
1208.496,0.407,1.153,3.031
1208.608,0.408,1.155,3.031
1208.719,0.408,1.156,3.031
1208.830,0.406,1.158,3.031
1208.941,0.404,1.160,3.031
1209.052,0.402,1.162,3.032
1209.163,0.398,1.166,3.034
1209.275,0.393,1.177,3.036
1209.385,0.385,1.205,3.041
1209.497,0.371,1.247,3.048
1209.608,0.348,1.296,3.056
1209.719,0.322,1.336,3.062
1209.830,0.307,1.361,3.063
1209.942,0.297,1.373,3.064
1210.052,0.291,1.376,3.063
1210.164,0.289,1.376,3.061
1210.275,0.286,1.376,3.059
1210.386,0.283,1.376,3.058
1210.497,0.280,1.377,3.058
1210.608,0.278,1.379,3.058
1210.719,0.277,1.381,3.061
1210.830,0.276,1.400,3.092
1210.942,0.254,1.440,3.152
1211.052,0.190,1.487,3.214
1211.163,0.103,1.519,3.238
1211.274,0.032,1.540,3.230
1211.385,-0.015,1.550,3.216
1211.496,-0.042,1.549,3.211
1211.607,-0.054,1.550,3.213
1211.718,-0.075,1.555,3.223
1211.829,-0.123,1.560,3.241
1211.941,-0.196,1.551,3.266
1212.052,-0.283,1.544,3.294
1212.163,-0.364,1.541,3.320
1212.274,-0.427,1.542,3.343
1212.385,-0.480,1.543,3.369
1212.496,-0.524,1.538,3.400
1212.607,-0.566,1.533,3.441
1212.719,-0.610,1.530,3.492
1212.830,-0.658,1.529,3.555
1212.941,-0.714,1.528,3.619
1213.052,-0.775,1.528,3.677
1213.163,-0.840,1.526,3.719
1213.275,-0.907,1.519,3.750
1213.385,-0.979,1.505,3.769
1213.497,-1.059,1.491,3.779
1213.608,-1.148,1.484,3.780
1213.719,-1.241,1.486,3.776
1213.830,-1.328,1.485,3.773
1213.941,-1.404,1.483,3.768
1214.052,-1.475,1.477,3.759
1214.163,-1.547,1.460,3.740
1214.274,-1.622,1.431,3.711
1214.385,-1.707,1.387,3.674
1214.496,-1.800,1.321,3.638
1214.608,-1.890,1.236,3.613
1214.719,-1.963,1.145,3.604
1214.829,-2.025,1.065,3.600
1214.941,-2.075,1.000,3.601
1215.052,-2.114,0.963,3.607
1215.163,-2.140,0.955,3.610
1215.274,-2.153,0.969,3.608
1215.386,-2.158,0.991,3.618
1215.496,-2.156,1.017,3.619
1215.608,-2.144,1.048,3.627
1215.719,-2.120,1.103,3.632
1215.830,-2.081,1.187,3.651
1215.941,-2.022,1.286,3.687
1216.052,-1.943,1.378,3.735
1216.164,-1.849,1.452,3.777
1216.275,-1.762,1.503,3.811
1216.386,-1.694,1.525,3.834
1216.497,-1.643,1.538,3.841
1216.609,-1.606,1.542,3.844
1216.719,-1.581,1.540,3.846
1216.831,-1.563,1.539,3.849
1216.942,-1.550,1.537,3.853
1217.053,-1.544,1.534,3.857
1217.163,-1.542,1.524,3.863
1217.275,-1.551,1.511,3.874
1217.386,-1.570,1.497,3.889
1217.496,-1.589,1.484,3.907
1217.608,-1.607,1.479,3.933
1217.717,-1.623,1.479,3.969
1217.828,-1.639,1.481,4.012
1217.940,-1.652,1.486,4.061
1218.051,-1.661,1.489,4.109
1218.162,-1.655,1.485,4.156
1218.273,-1.642,1.479,4.189
1218.384,-1.628,1.475,4.200
1218.495,-1.619,1.478,4.197
1218.607,-1.620,1.485,4.199
1218.717,-1.626,1.493,4.207
1218.828,-1.630,1.522,4.218
1218.940,-1.631,1.540,4.218
1219.051,-1.626,1.546,4.224
1219.162,-1.627,1.550,4.239
1219.274,-1.642,1.556,4.271
1219.385,-1.649,1.556,4.312
1219.496,-1.650,1.552,4.363
1219.608,-1.668,1.552,4.431
1219.719,-1.677,1.558,4.507
1219.829,-1.680,1.560,4.586
1219.941,-1.686,1.562,4.667
1220.052,-1.674,1.555,4.746
1220.163,-1.659,1.537,4.829
1220.274,-1.640,1.526,4.918
1220.385,-1.608,1.527,5.006
1220.496,-1.580,1.534,5.096
1220.607,-1.558,1.536,5.181
1220.719,-1.541,1.530,5.261
1220.829,-1.530,1.517,5.341
1220.940,-1.524,1.507,5.421
1221.051,-1.521,1.498,5.497
1221.162,-1.519,1.495,5.563
1221.274,-1.522,1.494,5.612
1221.385,-1.525,1.492,5.648
1221.496,-1.526,1.491,5.674
1221.607,-1.528,1.489,5.689
1221.718,-1.528,1.488,5.699
1221.829,-1.528,1.487,5.707
1221.941,-1.529,1.485,5.713
1222.051,-1.528,1.484,5.718
1222.163,-1.526,1.484,5.722
1222.274,-1.525,1.482,5.724
1222.385,-1.525,1.481,5.727
1222.496,-1.527,1.480,5.728
1222.607,-1.529,1.481,5.730
1222.719,-1.531,1.481,5.731
1222.830,-1.533,1.481,5.732
1222.942,-1.535,1.482,5.733
1223.052,-1.537,1.483,5.733
1223.163,-1.537,1.484,5.733
1223.274,-1.539,1.488,5.732
1223.385,-1.542,1.492,5.731
1223.496,-1.547,1.494,5.730
1223.608,-1.551,1.495,5.730
1223.719,-1.552,1.496,5.731
1223.830,-1.554,1.496,5.731
1223.941,-1.552,1.496,5.731
1224.052,-1.551,1.493,5.730
1224.163,-1.552,1.491,5.728
1224.275,-1.552,1.490,5.728
1224.385,-1.552,1.490,5.729
1224.497,-1.552,1.490,5.731
1224.608,-1.553,1.490,5.734
1224.719,-1.555,1.490,5.736
1224.830,-1.557,1.491,5.737
1224.941,-1.559,1.490,5.737
1225.052,-1.559,1.491,5.737
1225.163,-1.561,1.491,5.737
1225.274,-1.561,1.492,5.736
1225.385,-1.562,1.492,5.735
1225.496,-1.562,1.491,5.736
1225.608,-1.561,1.491,5.735
1225.719,-1.561,1.491,5.735
1225.830,-1.560,1.491,5.736
1225.941,-1.559,1.491,5.737
1226.052,-1.558,1.490,5.739
1226.163,-1.557,1.489,5.742
1226.275,-1.557,1.488,5.746
1226.385,-1.558,1.489,5.759
1226.496,-1.564,1.491,5.784
1226.608,-1.584,1.495,5.816
1226.718,-1.610,1.498,5.840
1226.829,-1.636,1.498,5.858
1226.941,-1.662,1.491,5.871
1227.052,-1.693,1.480,5.881
1227.163,-1.728,1.468,5.885
1227.274,-1.764,1.456,5.882
1227.385,-1.788,1.447,5.876
1227.496,-1.798,1.445,5.874
1227.608,-1.797,1.448,5.881
1227.719,-1.765,1.467,5.913
1227.830,-1.692,1.500,5.930
1227.941,-1.626,1.533,5.910
1228.052,-1.588,1.545,5.887
1228.164,-1.562,1.545,5.889
1228.275,-1.535,1.538,5.907
1228.386,-1.500,1.522,5.937
1228.497,-1.452,1.511,5.978
1228.609,-1.398,1.517,6.026
1228.719,-1.354,1.518,6.071
1228.830,-1.319,1.518,6.112
1228.941,-1.289,1.516,6.149
1229.053,-1.257,1.507,6.186
1229.163,-1.224,1.496,6.225
1229.275,-1.191,1.489,6.271
1229.385,-1.158,1.490,6.317
1229.496,-1.126,1.490,6.354
1229.607,-1.096,1.488,6.376
1229.719,-1.069,1.485,6.384
1229.829,-1.044,1.484,6.379
1229.941,-1.020,1.485,6.365
1230.052,-0.997,1.488,6.342
1230.162,-0.978,1.484,6.322
1230.274,-0.964,1.482,6.307
1230.385,-0.954,1.478,6.297
1230.496,-0.945,1.474,6.295
1230.607,-0.939,1.472,6.299
1230.718,-0.934,1.473,6.302
1230.829,-0.929,1.471,6.307
1230.941,-0.927,1.473,6.309
1231.052,-0.927,1.475,6.309
1231.162,-0.928,1.475,6.307
1231.274,-0.928,1.475,6.306
1231.385,-0.927,1.476,6.306
1231.496,-0.925,1.476,6.308
1231.607,-0.923,1.477,6.310
1231.718,-0.921,1.478,6.309
1231.829,-0.919,1.478,6.309
1231.941,-0.917,1.478,6.309
1232.051,-0.917,1.478,6.309
1232.163,-0.919,1.478,6.309
1232.274,-0.920,1.478,6.309
1232.385,-0.922,1.479,6.310
1232.496,-0.922,1.479,6.310
1232.607,-0.923,1.479,6.309
1232.718,-0.924,1.479,6.307
1232.830,-0.924,1.479,6.307
1232.941,-0.923,1.480,6.305
1233.051,-0.922,1.479,6.304
1233.162,-0.916,1.487,6.303
1233.274,-0.908,1.536,6.307
1233.384,-0.914,1.569,6.329
1233.496,-0.918,1.574,6.342
1233.608,-0.914,1.574,6.343
1233.718,-0.911,1.575,6.336
1233.830,-0.914,1.570,6.321
1233.941,-0.936,1.552,6.299
1234.052,-0.977,1.531,6.283
1234.163,-1.036,1.520,6.268
1234.274,-1.112,1.507,6.252
1234.384,-1.206,1.499,6.233
1234.496,-1.305,1.519,6.212
1234.607,-1.385,1.545,6.181
1234.719,-1.447,1.566,6.137
1234.830,-1.502,1.566,6.078
1234.941,-1.540,1.554,5.998
1235.052,-1.561,1.550,5.904
1235.163,-1.576,1.559,5.801
1235.275,-1.595,1.572,5.694
1235.385,-1.613,1.575,5.588
1235.496,-1.632,1.561,5.478
1235.608,-1.655,1.543,5.361
1235.719,-1.685,1.542,5.238
1235.830,-1.709,1.559,5.112
1235.942,-1.718,1.573,4.984
1236.052,-1.715,1.566,4.854
1236.163,-1.697,1.543,4.727
1236.275,-1.666,1.530,4.601
1236.386,-1.628,1.545,4.478
1236.497,-1.601,1.563,4.358
1236.608,-1.588,1.566,4.239
1236.719,-1.585,1.553,4.120
1236.830,-1.590,1.543,3.998
1236.942,-1.599,1.554,3.877
1237.052,-1.602,1.565,3.759
1237.164,-1.602,1.565,3.644
1237.275,-1.599,1.549,3.530
1237.386,-1.588,1.530,3.419
1237.497,-1.571,1.529,3.309
1237.609,-1.559,1.538,3.209
1237.719,-1.557,1.544,3.122
1237.831,-1.563,1.544,3.046
1237.941,-1.579,1.543,2.980
1238.052,-1.598,1.547,2.922
1238.164,-1.617,1.546,2.871
1238.275,-1.632,1.547,2.829
1238.386,-1.642,1.550,2.794
1238.497,-1.647,1.549,2.770
1238.608,-1.646,1.549,2.760
1238.719,-1.635,1.547,2.765
1238.831,-1.609,1.544,2.781
1238.942,-1.568,1.544,2.809
1239.053,-1.517,1.543,2.845
1239.164,-1.465,1.541,2.883
1239.275,-1.415,1.535,2.921
1239.386,-1.370,1.537,2.956
1239.497,-1.339,1.543,2.987
1239.608,-1.326,1.544,3.016
1239.719,-1.329,1.544,3.039
1239.830,-1.342,1.545,3.054
1239.942,-1.358,1.546,3.063
1240.053,-1.373,1.546,3.064
1240.164,-1.387,1.547,3.061
1240.275,-1.397,1.550,3.055
1240.386,-1.403,1.549,3.044
1240.497,-1.403,1.542,3.029
1240.608,-1.400,1.537,3.018
1240.719,-1.398,1.530,3.013
1240.830,-1.396,1.526,3.006
1240.941,-1.391,1.523,3.001
1241.052,-1.388,1.515,2.997
1241.164,-1.387,1.513,2.992
1241.275,-1.381,1.510,2.988
1241.385,-1.371,1.507,2.984
1241.497,-1.365,1.508,2.983
1241.608,-1.368,1.508,2.985
1241.719,-1.369,1.510,2.986
1241.830,-1.369,1.510,2.988
1241.941,-1.373,1.510,2.988
1242.052,-1.376,1.512,2.991
1242.163,-1.378,1.522,2.995
1242.274,-1.383,1.533,3.003
1242.385,-1.384,1.539,3.009
1242.497,-1.384,1.544,3.009
1242.608,-1.386,1.544,3.002
1242.719,-1.387,1.544,2.993
1242.830,-1.391,1.545,2.986
1242.941,-1.393,1.544,2.984
1243.052,-1.393,1.546,2.984
1243.164,-1.394,1.546,2.985
1243.274,-1.394,1.546,2.989
1243.386,-1.392,1.546,2.994
1243.497,-1.389,1.546,2.998
1243.608,-1.386,1.546,3.002
1243.720,-1.382,1.545,3.005
1243.830,-1.379,1.545,3.002
1243.942,-1.378,1.544,3.001
1244.052,-1.377,1.544,2.998
1244.164,-1.374,1.544,2.998
1244.274,-1.372,1.547,3.000
1244.385,-1.372,1.546,3.007
1244.496,-1.374,1.548,3.014
1244.608,-1.377,1.549,3.017
1244.719,-1.381,1.549,3.019
1244.830,-1.384,1.548,3.018
1244.942,-1.386,1.548,3.016
1245.052,-1.387,1.546,3.016
1245.163,-1.388,1.544,3.017
1245.275,-1.386,1.542,3.018
1245.386,-1.385,1.541,3.020
1245.497,-1.380,1.539,3.022
1245.608,-1.367,1.540,3.022
1245.719,-1.349,1.540,3.023
1245.830,-1.332,1.539,3.022
1245.942,-1.318,1.537,3.021
1246.052,-1.309,1.536,3.019
1246.164,-1.304,1.535,3.019
1246.275,-1.303,1.535,3.019
1246.385,-1.302,1.534,3.021
1246.497,-1.304,1.533,3.023
1246.608,-1.309,1.534,3.024
1246.719,-1.315,1.534,3.026
1246.830,-1.321,1.535,3.026
1246.941,-1.330,1.535,3.026
1247.052,-1.337,1.534,3.026
1247.164,-1.341,1.534,3.025
1247.275,-1.344,1.534,3.024
1247.386,-1.344,1.536,3.023
1247.497,-1.342,1.543,3.023
1247.609,-1.339,1.548,3.025
1247.720,-1.336,1.545,3.023
1247.831,-1.332,1.540,3.019
1247.942,-1.328,1.536,3.015
1248.052,-1.325,1.538,3.014
1248.164,-1.322,1.540,3.012
1248.275,-1.318,1.536,3.007
1248.386,-1.318,1.536,3.003
1248.497,-1.324,1.541,3.005
1248.608,-1.335,1.536,3.006
1248.719,-1.343,1.538,3.006
1248.831,-1.349,1.548,3.010
1248.942,-1.353,1.575,3.020
1249.053,-1.355,1.596,3.037
1249.164,-1.357,1.607,3.052
1249.275,-1.358,1.609,3.059
1249.387,-1.361,1.609,3.060
1249.498,-1.365,1.609,3.062
1249.609,-1.367,1.610,3.066
1249.720,-1.370,1.610,3.068
1249.831,-1.370,1.609,3.071
1249.942,-1.367,1.609,3.071
1250.053,-1.364,1.608,3.067
1250.164,-1.364,1.599,3.057
1250.275,-1.369,1.582,3.048
1250.387,-1.373,1.568,3.043
1250.497,-1.373,1.566,3.039
1250.608,-1.370,1.565,3.038
1250.722,-1.363,1.566,3.038
1250.831,-1.357,1.573,3.042
1250.942,-1.355,1.592,3.053
1251.053,-1.357,1.602,3.067
1251.164,-1.361,1.602,3.075
1251.275,-1.364,1.594,3.074
1251.386,-1.366,1.572,3.065
1251.497,-1.367,1.567,3.062
1251.608,-1.368,1.570,3.065
1251.719,-1.369,1.586,3.072
1251.831,-1.369,1.601,3.084
1251.942,-1.370,1.605,3.092
1252.053,-1.371,1.605,3.096
1252.164,-1.371,1.605,3.097
1252.275,-1.372,1.605,3.100
1252.387,-1.371,1.605,3.102
1252.498,-1.370,1.604,3.102
1252.609,-1.369,1.604,3.100
1252.720,-1.369,1.603,3.098
1252.831,-1.369,1.603,3.095
1252.942,-1.368,1.600,3.088
1253.053,-1.364,1.587,3.072
1253.164,-1.356,1.569,3.056
1253.275,-1.351,1.562,3.046
1253.386,-1.350,1.562,3.040
1253.497,-1.350,1.563,3.038
1253.608,-1.351,1.563,3.037
1253.719,-1.352,1.564,3.036
1253.830,-1.352,1.565,3.036
1253.942,-1.353,1.565,3.037
1254.053,-1.354,1.567,3.040
1254.163,-1.355,1.565,3.040
1254.275,-1.355,1.565,3.040
1254.386,-1.355,1.566,3.043
1254.497,-1.358,1.572,3.046
1254.608,-1.364,1.586,3.056
1254.719,-1.368,1.595,3.067
1254.830,-1.371,1.598,3.074
1254.942,-1.373,1.597,3.076
1255.053,-1.376,1.597,3.077
1255.164,-1.378,1.598,3.079
1255.275,-1.379,1.597,3.081
1255.386,-1.377,1.598,3.081
1255.497,-1.371,1.596,3.080
1255.608,-1.363,1.596,3.080
1255.720,-1.357,1.596,3.082
1255.830,-1.353,1.596,3.082
1255.942,-1.352,1.597,3.084
1256.053,-1.356,1.596,3.084
1256.164,-1.364,1.593,3.080
1256.275,-1.369,1.592,3.077
1256.386,-1.371,1.584,3.069
1256.497,-1.368,1.575,3.061
1256.608,-1.363,1.570,3.056
1256.719,-1.360,1.568,3.054
1256.830,-1.356,1.567,3.054
1256.941,-1.355,1.567,3.057
1257.052,-1.355,1.571,3.059
1257.163,-1.358,1.588,3.069
1257.275,-1.361,1.597,3.080
1257.386,-1.364,1.598,3.085
1257.497,-1.367,1.597,3.084
1257.608,-1.370,1.596,3.083
1257.720,-1.371,1.596,3.083
1257.831,-1.370,1.596,3.084
1257.942,-1.366,1.595,3.081
1258.053,-1.356,1.589,3.073
1258.164,-1.345,1.589,3.069
1258.275,-1.336,1.590,3.068
1258.386,-1.330,1.584,3.063
1258.497,-1.328,1.582,3.060
1258.608,-1.330,1.583,3.062
1258.719,-1.338,1.589,3.068
1258.831,-1.351,1.593,3.075
1258.942,-1.363,1.591,3.076
1259.053,-1.371,1.583,3.069
1259.164,-1.376,1.574,3.061
1259.274,-1.375,1.567,3.052
1259.385,-1.373,1.565,3.046
1259.496,-1.366,1.564,3.042
1259.608,-1.356,1.560,3.038
1259.719,-1.348,1.558,3.035
1259.829,-1.342,1.561,3.037
1259.941,-1.332,1.565,3.040
1260.052,-1.310,1.563,3.042
1260.163,-1.272,1.555,3.045
1260.274,-1.244,1.551,3.046
1260.385,-1.224,1.550,3.047
1260.496,-1.207,1.549,3.047
1260.607,-1.188,1.546,3.044
1260.718,-1.168,1.543,3.038
1260.830,-1.149,1.540,3.027
1260.941,-1.132,1.535,3.009
1261.052,-1.116,1.530,2.980
1261.164,-1.099,1.526,2.941
1261.274,-1.081,1.526,2.892
1261.385,-1.060,1.536,2.835
1261.496,-1.037,1.546,2.775
1261.608,-1.016,1.553,2.719
1261.719,-1.000,1.557,2.673
1261.830,-0.994,1.557,2.640
1261.942,-0.994,1.558,2.623
1262.052,-0.997,1.554,2.623
1262.163,-1.000,1.555,2.637
1262.274,-1.008,1.560,2.660
1262.385,-1.030,1.571,2.686
1262.496,-1.050,1.576,2.715
1262.607,-1.059,1.577,2.740
1262.719,-1.065,1.578,2.760
1262.830,-1.069,1.577,2.775
1262.941,-1.073,1.577,2.786
1263.052,-1.078,1.576,2.792
1263.163,-1.080,1.575,2.794
1263.274,-1.080,1.574,2.790
1263.385,-1.076,1.570,2.783
1263.496,-1.070,1.566,2.777
1263.608,-1.057,1.558,2.774
1263.719,-1.032,1.541,2.784
1263.830,-1.019,1.532,2.795
1263.941,-1.018,1.533,2.803
1264.051,-1.020,1.534,2.812
1264.163,-1.023,1.532,2.823
1264.274,-1.025,1.529,2.839
1264.385,-1.031,1.527,2.856
1264.496,-1.036,1.524,2.876
1264.607,-1.042,1.521,2.894
1264.718,-1.051,1.517,2.906
1264.830,-1.054,1.496,2.906
1264.941,-1.055,1.464,2.885
1265.052,-1.058,1.436,2.863
1265.163,-1.055,1.416,2.850
1265.274,-1.050,1.405,2.847
1265.385,-1.042,1.390,2.843
1265.496,-1.027,1.355,2.835
1265.607,-1.002,1.296,2.818
1265.719,-0.979,1.214,2.805
1265.829,-0.954,1.113,2.789
1265.941,-0.943,0.997,2.785
1266.052,-0.931,0.882,2.788
1266.163,-0.923,0.782,2.800
1266.274,-0.915,0.707,2.806
1266.385,-0.911,0.672,2.810
1266.497,-0.909,0.695,2.811
1266.608,-0.911,0.754,2.810
1266.719,-0.920,0.841,2.813
1266.830,-0.932,0.965,2.821
1266.941,-0.951,1.110,2.841
1267.052,-0.976,1.239,2.873
1267.162,-0.993,1.307,2.899
1267.274,-0.996,1.325,2.916
1267.385,-0.993,1.321,2.925
1267.496,-0.986,1.309,2.927
1267.607,-0.968,1.285,2.925
1267.718,-0.928,1.242,2.918
1267.829,-0.867,1.177,2.908
1267.941,-0.800,1.084,2.896
1268.051,-0.741,0.978,2.885
1268.163,-0.696,0.870,2.872
1268.274,-0.664,0.777,2.860
1268.386,-0.644,0.706,2.851
1268.497,-0.636,0.662,2.845
1268.608,-0.632,0.645,2.840
1268.719,-0.633,0.643,2.834
1268.830,-0.635,0.661,2.832
1268.941,-0.636,0.700,2.834
1269.052,-0.638,0.728,2.835
1269.163,-0.637,0.731,2.842
1269.274,-0.630,0.718,2.842
1269.386,-0.626,0.675,2.845
1269.496,-0.623,0.636,2.847
1269.608,-0.620,0.622,2.845
1269.719,-0.617,0.629,2.841
1269.830,-0.618,0.645,2.839
1269.941,-0.622,0.675,2.837
1270.052,-0.627,0.722,2.839
1270.163,-0.636,0.783,2.842
1270.275,-0.650,0.832,2.849
1270.385,-0.675,0.840,2.860
1270.496,-0.697,0.827,2.867
1270.608,-0.715,0.803,2.866
1270.718,-0.731,0.752,2.865
1270.830,-0.744,0.687,2.865
1270.941,-0.750,0.625,2.868
1271.052,-0.756,0.597,2.874
1271.163,-0.765,0.619,2.876
1271.274,-0.781,0.684,2.874
1271.385,-0.814,0.779,2.879
1271.497,-0.863,0.907,2.891
1271.608,-0.926,1.032,2.914
1271.719,-0.987,1.124,2.937
1271.830,-1.035,1.192,2.958
1271.941,-1.073,1.241,2.979
1272.052,-1.103,1.271,3.000
1272.163,-1.126,1.299,3.028
1272.274,-1.152,1.335,3.063
1272.385,-1.186,1.376,3.097
1272.496,-1.231,1.431,3.110
1272.608,-1.293,1.481,3.113
1272.719,-1.352,1.516,3.121
1272.830,-1.381,1.532,3.117
1272.941,-1.391,1.540,3.087
1273.052,-1.405,1.547,3.033
1273.163,-1.417,1.565,2.964
1273.274,-1.426,1.583,2.897
1273.386,-1.430,1.597,2.847
1273.496,-1.434,1.601,2.819
1273.608,-1.436,1.596,2.813
1273.719,-1.436,1.584,2.828
1273.830,-1.432,1.571,2.856
1273.940,-1.408,1.549,2.905
1274.052,-1.386,1.533,2.960
1274.163,-1.379,1.527,3.000
1274.274,-1.379,1.525,3.027
1274.385,-1.381,1.521,3.053
1274.496,-1.383,1.519,3.074
1274.607,-1.387,1.517,3.090
1274.719,-1.393,1.515,3.099
1274.829,-1.399,1.515,3.104
1274.943,-1.406,1.515,3.104
1275.052,-1.412,1.515,3.098
1275.162,-1.418,1.516,3.088
1275.274,-1.428,1.518,3.072
1275.385,-1.469,1.536,3.040
1275.496,-1.529,1.552,3.016
1275.608,-1.579,1.561,2.994
1275.719,-1.617,1.567,2.955
1275.830,-1.648,1.576,2.907
1275.942,-1.680,1.581,2.861
1276.053,-1.706,1.585,2.818
1276.164,-1.724,1.591,2.780
1276.275,-1.737,1.593,2.753
1276.386,-1.743,1.590,2.742
1276.497,-1.743,1.583,2.748
1276.608,-1.734,1.576,2.767
1276.719,-1.709,1.563,2.794
1276.829,-1.674,1.544,2.829
1276.941,-1.652,1.535,2.852
1277.052,-1.642,1.533,2.865
1277.163,-1.633,1.530,2.877
1277.274,-1.625,1.526,2.888
1277.385,-1.618,1.525,2.895
1277.496,-1.613,1.523,2.899
1277.607,-1.610,1.524,2.900
1277.718,-1.608,1.524,2.900
1277.829,-1.609,1.524,2.895
1277.940,-1.613,1.524,2.888
1278.051,-1.619,1.523,2.879
1278.162,-1.630,1.523,2.868
1278.274,-1.666,1.534,2.845
1278.385,-1.718,1.544,2.829
1278.497,-1.755,1.548,2.814
1278.608,-1.779,1.550,2.790
1278.719,-1.799,1.551,2.766
1278.830,-1.816,1.553,2.743
1278.941,-1.829,1.554,2.724
1279.052,-1.835,1.555,2.712
1279.163,-1.835,1.551,2.708
1279.275,-1.823,1.547,2.710
1279.385,-1.790,1.539,2.720
1279.496,-1.753,1.529,2.747
1279.607,-1.733,1.528,2.772
1279.718,-1.723,1.530,2.788
1279.828,-1.709,1.525,2.802
1279.940,-1.691,1.521,2.817
1280.051,-1.673,1.518,2.832
1280.163,-1.653,1.513,2.839
1280.273,-1.627,1.490,2.839
1280.384,-1.597,1.481,2.843
1280.495,-1.571,1.479,2.850
1280.606,-1.550,1.475,2.855
1280.718,-1.525,1.469,2.858
1280.829,-1.489,1.458,2.864
1280.940,-1.438,1.449,2.880
1281.051,-1.376,1.441,2.909
1281.162,-1.307,1.435,2.947
1281.274,-1.237,1.430,2.977
1281.384,-1.173,1.421,2.994
1281.496,-1.127,1.408,2.998
1281.607,-1.091,1.401,2.992
1281.718,-1.052,1.400,2.980
1281.829,-1.001,1.399,2.966
1281.941,-0.941,1.396,2.950
1282.052,-0.866,1.389,2.924
1282.163,-0.766,1.379,2.885
1282.274,-0.672,1.345,2.847
1282.385,-0.585,1.285,2.808
1282.496,-0.509,1.201,2.771
1282.608,-0.444,1.093,2.746
1282.717,-0.392,0.973,2.727
1282.830,-0.350,0.858,2.712
1282.942,-0.327,0.765,2.708
1283.052,-0.312,0.725,2.714
1283.163,-0.299,0.760,2.715
1283.275,-0.288,0.841,2.719
1283.386,-0.293,0.936,2.731
1283.497,-0.304,1.043,2.755
1283.607,-0.319,1.158,2.803
1283.719,-0.351,1.265,2.855
1283.830,-0.391,1.354,2.900
1283.940,-0.435,1.419,2.942
1284.051,-0.486,1.455,2.980
1284.163,-0.530,1.470,3.010
1284.274,-0.557,1.478,3.032
1284.385,-0.551,1.470,3.052
1284.496,-0.528,1.457,3.085
1284.607,-0.499,1.451,3.133
1284.719,-0.460,1.444,3.192
1284.829,-0.412,1.433,3.255
1284.941,-0.354,1.418,3.314
1285.052,-0.294,1.394,3.360
1285.163,-0.238,1.367,3.392
1285.274,-0.187,1.316,3.416
1285.385,-0.137,1.241,3.442
1285.496,-0.097,1.144,3.470
1285.607,-0.069,1.027,3.498
1285.719,-0.050,0.907,3.522
1285.830,-0.045,0.805,3.537
1285.942,-0.057,0.744,3.542
1286.052,-0.071,0.738,3.548
1286.164,-0.073,0.786,3.562
1286.275,-0.072,0.865,3.580
1286.386,-0.076,0.953,3.589
1286.497,-0.084,1.037,3.592
1286.608,-0.104,1.131,3.602
1286.719,-0.143,1.233,3.610
1286.829,-0.201,1.335,3.618
1286.940,-0.269,1.416,3.615
1287.050,-0.327,1.469,3.611
1287.161,-0.376,1.492,3.620
1287.273,-0.416,1.496,3.653
1287.384,-0.451,1.497,3.707
1287.495,-0.480,1.509,3.773
1287.606,-0.501,1.521,3.837
1287.717,-0.508,1.524,3.902
1287.828,-0.499,1.518,3.969
1287.940,-0.474,1.510,4.041
1288.051,-0.436,1.500,4.120
1288.161,-0.389,1.497,4.207
1288.273,-0.346,1.511,4.299
1288.383,-0.316,1.522,4.389
1288.495,-0.292,1.523,4.472
1288.605,-0.274,1.513,4.553
1288.717,-0.270,1.506,4.628
1288.828,-0.274,1.503,4.697
1288.939,-0.267,1.506,4.766
1289.051,-0.245,1.517,4.828
1289.162,-0.222,1.523,4.874
1289.273,-0.206,1.524,4.914
1289.384,-0.196,1.521,4.957
1289.495,-0.186,1.514,5.006
1289.606,-0.170,1.508,5.065
1289.717,-0.150,1.505,5.136
1289.828,-0.127,1.511,5.221
1289.940,-0.102,1.531,5.316
1290.051,-0.085,1.537,5.409
1290.162,-0.078,1.542,5.504
1290.274,-0.082,1.537,5.597
1290.385,-0.095,1.524,5.687
1290.495,-0.117,1.515,5.773
1290.607,-0.139,1.522,5.861
1290.718,-0.151,1.528,5.939
1290.829,-0.154,1.532,6.001
1290.941,-0.154,1.529,6.054
1291.052,-0.148,1.525,6.105
1291.163,-0.138,1.519,6.158
1291.275,-0.129,1.515,6.218
1291.385,-0.117,1.519,6.284
1291.497,-0.109,1.518,6.344
1291.608,-0.103,1.519,6.398
1291.719,-0.097,1.520,6.446
1291.830,-0.087,1.520,6.493
1291.941,-0.077,1.517,6.537
1292.052,-0.066,1.511,6.575
1292.164,-0.052,1.512,6.611
1292.275,-0.038,1.512,6.639
1292.386,-0.030,1.508,6.662
1292.497,-0.026,1.504,6.681
1292.608,-0.024,1.501,6.693
1292.719,-0.023,1.500,6.699
1292.830,-0.020,1.499,6.702
1292.941,-0.018,1.500,6.705
1293.053,-0.018,1.500,6.708
1293.164,-0.018,1.500,6.712
1293.275,-0.019,1.499,6.716
1293.386,-0.021,1.499,6.719
1293.497,-0.023,1.499,6.722
1293.608,-0.024,1.499,6.725
1293.719,-0.026,1.499,6.729
1293.830,-0.027,1.499,6.733
1293.941,-0.028,1.498,6.737
1294.053,-0.028,1.497,6.741
1294.163,-0.029,1.496,6.745
1294.275,-0.030,1.497,6.749
1294.386,-0.029,1.498,6.753
1294.497,-0.027,1.498,6.755
1294.608,-0.024,1.498,6.757
1294.719,-0.021,1.498,6.758
1294.830,-0.019,1.499,6.759
1294.941,-0.016,1.499,6.761
1295.052,-0.013,1.499,6.762
1295.164,-0.005,1.499,6.765
1295.275,0.005,1.495,6.768
1295.386,0.013,1.495,6.777
1295.497,0.014,1.493,6.782
1295.608,0.013,1.493,6.785
1295.719,0.009,1.494,6.783
1295.831,0.008,1.495,6.776
1295.942,0.013,1.493,6.764
1296.053,0.025,1.488,6.750
1296.164,0.044,1.482,6.736
1296.275,0.067,1.473,6.719
1296.386,0.087,1.461,6.699
1296.497,0.102,1.438,6.679
1296.608,0.112,1.409,6.660
1296.720,0.117,1.384,6.639
1296.830,0.121,1.369,6.622
1296.941,0.125,1.365,6.606
1297.052,0.129,1.367,6.594
1297.163,0.132,1.368,6.584
1297.275,0.134,1.373,6.575
1297.385,0.133,1.388,6.568
1297.497,0.130,1.409,6.564
1297.608,0.123,1.427,6.562
1297.719,0.114,1.441,6.560
1297.830,0.108,1.452,6.558
1297.941,0.103,1.463,6.559
1298.052,0.098,1.471,6.564
1298.163,0.094,1.474,6.569
1298.275,0.090,1.477,6.575
1298.386,0.087,1.479,6.579
1298.497,0.083,1.482,6.582
1298.608,0.079,1.484,6.583
1298.719,0.076,1.485,6.583
1298.830,0.073,1.486,6.583
1298.941,0.069,1.487,6.584
1299.052,0.064,1.488,6.586
1299.163,0.060,1.488,6.588
1299.275,0.059,1.485,6.592
1299.385,0.052,1.482,6.600
1299.496,0.019,1.483,6.621
1299.607,-0.054,1.484,6.644
1299.717,-0.138,1.487,6.655
1299.828,-0.215,1.488,6.663
1299.939,-0.282,1.484,6.674
1300.050,-0.339,1.478,6.690
1300.162,-0.394,1.476,6.707
1300.273,-0.448,1.475,6.722
1300.384,-0.499,1.472,6.740
1300.495,-0.553,1.470,6.759
1300.607,-0.606,1.468,6.781
1300.717,-0.662,1.475,6.804
1300.828,-0.714,1.481,6.825
1300.940,-0.758,1.486,6.840
1301.051,-0.797,1.488,6.846
1301.162,-0.830,1.486,6.840
1301.273,-0.857,1.488,6.820
1301.385,-0.881,1.491,6.789
1301.495,-0.905,1.497,6.749
1301.606,-0.931,1.502,6.704
1301.717,-0.957,1.509,6.661
1301.828,-0.983,1.513,6.627
1301.939,-1.010,1.518,6.599
1302.050,-1.039,1.522,6.571
1302.161,-1.072,1.524,6.542
1302.273,-1.109,1.524,6.508
1302.384,-1.148,1.526,6.469
1302.495,-1.177,1.532,6.426
1302.607,-1.187,1.541,6.385
1302.718,-1.185,1.548,6.348
1302.828,-1.176,1.551,6.322
1302.940,-1.164,1.557,6.305
1303.051,-1.152,1.559,6.295
1303.161,-1.143,1.558,6.286
1303.273,-1.137,1.559,6.280
1303.384,-1.133,1.557,6.274
1303.495,-1.131,1.555,6.271
1303.606,-1.132,1.554,6.270
1303.718,-1.132,1.553,6.270
1303.828,-1.134,1.553,6.269
1303.940,-1.135,1.552,6.267
1304.050,-1.136,1.552,6.267
1304.162,-1.137,1.552,6.269
1304.273,-1.138,1.552,6.272
1304.384,-1.138,1.552,6.274
1304.495,-1.139,1.551,6.277
1304.607,-1.140,1.549,6.279
1304.717,-1.127,1.534,6.288
1304.828,-1.117,1.518,6.309
1304.940,-1.123,1.507,6.325
1305.051,-1.138,1.502,6.336
1305.162,-1.156,1.503,6.346
1305.274,-1.177,1.500,6.362
1305.385,-1.199,1.496,6.376
1305.495,-1.218,1.496,6.387
1305.607,-1.233,1.497,6.399
1305.718,-1.243,1.499,6.407
1305.829,-1.251,1.500,6.411
1305.941,-1.256,1.500,6.413
1306.051,-1.258,1.501,6.416
1306.162,-1.258,1.503,6.416
1306.274,-1.252,1.497,6.419
1306.385,-1.236,1.471,6.421
1306.496,-1.224,1.440,6.417
1306.607,-1.212,1.427,6.415
1306.718,-1.209,1.416,6.409
1306.829,-1.211,1.408,6.402
1306.940,-1.213,1.404,6.393
1307.052,-1.218,1.398,6.382
1307.162,-1.218,1.387,6.377
1307.274,-1.214,1.364,6.379
1307.385,-1.209,1.323,6.392
1307.496,-1.206,1.265,6.411
1307.607,-1.204,1.183,6.425
1307.718,-1.199,1.080,6.428
1307.830,-1.198,0.969,6.429
1307.941,-1.202,0.866,6.430
1308.052,-1.206,0.782,6.427
1308.163,-1.210,0.730,6.426
1308.274,-1.211,0.721,6.425
1308.385,-1.216,0.747,6.424
1308.496,-1.225,0.802,6.426
1308.608,-1.237,0.876,6.435
1308.718,-1.251,0.968,6.451
1308.830,-1.261,1.079,6.479
1308.941,-1.258,1.204,6.527
1309.051,-1.259,1.315,6.596
1309.162,-1.268,1.391,6.657
1309.274,-1.279,1.435,6.705
1309.384,-1.287,1.463,6.741
1309.496,-1.294,1.481,6.765
1309.607,-1.304,1.495,6.775
1309.718,-1.314,1.505,6.773
1309.828,-1.319,1.510,6.766
1309.939,-1.320,1.514,6.755
1310.051,-1.321,1.518,6.738
1310.162,-1.326,1.521,6.712
1310.273,-1.330,1.523,6.677
1310.384,-1.330,1.528,6.638
1310.495,-1.319,1.531,6.598
1310.606,-1.293,1.533,6.559
1310.718,-1.254,1.528,6.521
1310.828,-1.201,1.518,6.482
1310.940,-1.133,1.513,6.442
1311.051,-1.056,1.519,6.398
1311.162,-0.982,1.520,6.355
1311.273,-0.916,1.511,6.320
1311.383,-0.856,1.494,6.297
1311.495,-0.796,1.477,6.277
1311.607,-0.738,1.466,6.257
1311.718,-0.683,1.459,6.231
1311.829,-0.632,1.460,6.198
1311.940,-0.588,1.463,6.155
1312.051,-0.557,1.460,6.108
1312.162,-0.545,1.450,6.063
1312.273,-0.544,1.440,6.025
1312.384,-0.546,1.423,6.000
1312.495,-0.549,1.406,5.982
1312.607,-0.551,1.397,5.970
1312.718,-0.554,1.393,5.963
1312.829,-0.560,1.389,5.961
1312.940,-0.565,1.385,5.961
1313.051,-0.571,1.383,5.960
1313.162,-0.575,1.381,5.957
1313.273,-0.579,1.376,5.954
1313.385,-0.581,1.373,5.952
1313.495,-0.581,1.375,5.951
1313.607,-0.581,1.378,5.951
1313.717,-0.580,1.381,5.953
1313.829,-0.578,1.385,5.956
1313.940,-0.575,1.390,5.958
1314.051,-0.573,1.393,5.959
1314.162,-0.572,1.395,5.961
1314.274,-0.572,1.403,5.968
1314.385,-0.578,1.420,5.992
1314.496,-0.598,1.441,6.043
1314.607,-0.633,1.452,6.126
1314.718,-0.670,1.449,6.229
1314.829,-0.713,1.453,6.323
1314.940,-0.759,1.461,6.395
1315.051,-0.808,1.463,6.441
1315.162,-0.864,1.464,6.465
1315.274,-0.926,1.459,6.469
1315.385,-0.992,1.456,6.452
1315.496,-1.066,1.467,6.413
1315.607,-1.135,1.498,6.365
1315.718,-1.191,1.527,6.326
1315.829,-1.245,1.545,6.291
1315.940,-1.305,1.544,6.252
1316.052,-1.375,1.532,6.204
1316.163,-1.451,1.531,6.147
1316.274,-1.528,1.544,6.082
1316.385,-1.594,1.554,6.008
1316.496,-1.643,1.550,5.925
1316.608,-1.674,1.535,5.837
1316.718,-1.684,1.516,5.745
1316.828,-1.679,1.509,5.642
1316.941,-1.671,1.517,5.533
1317.052,-1.667,1.523,5.429
1317.162,-1.667,1.517,5.329
1317.274,-1.672,1.502,5.228
1317.385,-1.680,1.488,5.120
1317.496,-1.694,1.490,5.000
1317.607,-1.709,1.506,4.883
1317.718,-1.715,1.515,4.776
1317.829,-1.711,1.512,4.677
1317.941,-1.703,1.494,4.583
1318.052,-1.693,1.479,4.491
1318.163,-1.677,1.476,4.396
1318.274,-1.666,1.481,4.305
1318.385,-1.666,1.485,4.230
1318.496,-1.676,1.482,4.176
1318.607,-1.697,1.477,4.135
1318.719,-1.726,1.471,4.106
1318.830,-1.762,1.459,4.078
1318.941,-1.794,1.426,4.046
1319.052,-1.821,1.380,4.011
1319.163,-1.841,1.327,3.979
1319.274,-1.856,1.261,3.948
1319.385,-1.862,1.186,3.923
1319.496,-1.864,1.107,3.905
1319.607,-1.861,1.028,3.895
1319.719,-1.850,0.964,3.897
1319.830,-1.845,0.929,3.903
1319.941,-1.854,0.936,3.901
1320.052,-1.881,0.949,3.890
1320.163,-1.921,0.945,3.878
1320.274,-1.960,0.935,3.869
1320.385,-1.991,0.923,3.862
1320.497,-2.013,0.917,3.857
1320.608,-2.028,0.911,3.853
1320.719,-2.039,0.904,3.851
1320.830,-2.048,0.898,3.851
1320.941,-2.051,0.897,3.850
1321.052,-2.052,0.896,3.852
1321.163,-2.051,0.895,3.854
1321.274,-2.049,0.894,3.856
1321.385,-2.046,0.894,3.857
1321.496,-2.043,0.893,3.859
1321.607,-2.039,0.894,3.861
1321.719,-2.036,0.895,3.862
1321.829,-2.034,0.895,3.863
1321.940,-2.033,0.894,3.863
1322.052,-2.034,0.894,3.862
1322.163,-2.041,0.891,3.860
1322.274,-2.056,0.890,3.857
1322.385,-2.075,0.890,3.851
1322.496,-2.093,0.888,3.844
1322.607,-2.100,0.890,3.842
1322.719,-2.099,0.890,3.845
1322.830,-2.091,0.890,3.850
1322.941,-2.079,0.889,3.858
1323.052,-2.068,0.887,3.864
1323.163,-2.067,0.882,3.866
1323.274,-2.074,0.876,3.866
1323.385,-2.088,0.870,3.865
1323.496,-2.110,0.856,3.864
1323.607,-2.135,0.827,3.866
1323.718,-2.157,0.799,3.872
1323.830,-2.176,0.780,3.878
1323.941,-2.190,0.764,3.883
1324.052,-2.200,0.755,3.887
1324.163,-2.205,0.751,3.889
1324.298,-2.206,0.749,3.890
1324.402,-2.204,0.746,3.892
1324.513,-2.201,0.746,3.894
1324.624,-2.197,0.748,3.897
1324.735,-2.192,0.754,3.898
1324.843,-2.187,0.760,3.899
1324.954,-2.177,0.771,3.898
1325.065,-2.161,0.790,3.895
1325.176,-2.144,0.798,3.895
1325.287,-2.133,0.799,3.893
1325.398,-2.127,0.803,3.890
1325.509,-2.126,0.809,3.886
1325.621,-2.125,0.813,3.882
1325.732,-2.126,0.814,3.878
1325.843,-2.126,0.814,3.874
1325.954,-2.124,0.812,3.872
1326.065,-2.123,0.811,3.870
1326.176,-2.121,0.810,3.869
1326.288,-2.121,0.809,3.869
1326.398,-2.122,0.809,3.870
1326.510,-2.122,0.809,3.871
1326.621,-2.121,0.809,3.871
1326.732,-2.121,0.811,3.872
1326.843,-2.119,0.811,3.872
1326.955,-2.118,0.811,3.872
1327.066,-2.117,0.810,3.871
1327.177,-2.116,0.811,3.870
1327.288,-2.114,0.812,3.869
1327.399,-2.113,0.813,3.867
1327.510,-2.113,0.814,3.865
1327.621,-2.113,0.814,3.864
1327.732,-2.113,0.813,3.865
1327.843,-2.113,0.813,3.865
1327.955,-2.111,0.815,3.866
1328.066,-2.106,0.822,3.868
1328.176,-2.094,0.836,3.871
1328.288,-2.074,0.850,3.873
1328.399,-2.045,0.867,3.876
1328.510,-2.024,0.874,3.877
1328.622,-2.015,0.872,3.875
1328.733,-2.009,0.880,3.876
1328.844,-2.000,0.886,3.878
1328.956,-1.985,0.891,3.882
1329.066,-1.953,0.908,3.879
1329.178,-1.887,0.938,3.859
1329.289,-1.800,0.946,3.837
1329.400,-1.739,0.929,3.822
1329.511,-1.713,0.986,3.805
1329.622,-1.694,1.100,3.803
1329.733,-1.669,1.212,3.821
1329.844,-1.630,1.304,3.851
1329.956,-1.590,1.391,3.894
1330.066,-1.564,1.479,3.941
1330.177,-1.546,1.535,3.980
1330.289,-1.514,1.542,4.031
1330.400,-1.479,1.539,4.089
1330.511,-1.449,1.542,4.144
1330.623,-1.429,1.543,4.193
1330.734,-1.412,1.542,4.217
1330.845,-1.397,1.539,4.228
1330.956,-1.382,1.540,4.221
1331.067,-1.377,1.547,4.176
1331.178,-1.404,1.557,4.133
1331.289,-1.425,1.561,4.118
1331.400,-1.425,1.561,4.112
1331.511,-1.414,1.562,4.105
1331.622,-1.399,1.562,4.095
1331.733,-1.371,1.558,4.080
1331.844,-1.328,1.543,4.053
1331.955,-1.279,1.520,4.004
1332.068,-1.235,1.492,3.944
1332.177,-1.191,1.468,3.872
1332.289,-1.148,1.452,3.785
1332.400,-1.105,1.468,3.681
1332.511,-1.067,1.499,3.593
1332.622,-1.026,1.523,3.514
1332.733,-0.983,1.533,3.430
1332.844,-0.930,1.524,3.338
1332.955,-0.864,1.513,3.244
1333.066,-0.785,1.530,3.147
1333.177,-0.710,1.551,3.039
1333.289,-0.645,1.547,2.927
1333.400,-0.590,1.521,2.806
1333.511,-0.546,1.508,2.675
1333.622,-0.509,1.521,2.543
1333.733,-0.470,1.534,2.423
1333.844,-0.435,1.532,2.307
1333.956,-0.400,1.514,2.193
1334.066,-0.359,1.499,2.081
1334.177,-0.317,1.501,1.974
1334.289,-0.284,1.517,1.870
1334.400,-0.254,1.521,1.770
1334.511,-0.220,1.504,1.671
1334.623,-0.181,1.482,1.568
1334.733,-0.141,1.476,1.467
1334.844,-0.112,1.484,1.375
1334.956,-0.086,1.491,1.304
1335.066,-0.064,1.494,1.248
1335.177,-0.043,1.494,1.202
1335.289,-0.017,1.487,1.159
1335.400,0.013,1.482,1.118
1335.511,0.046,1.482,1.078
1335.622,0.069,1.482,1.043
1335.734,0.083,1.486,1.012
1335.845,0.088,1.486,0.986
1335.956,0.082,1.486,0.965
1336.067,0.075,1.488,0.946
1336.178,0.071,1.491,0.921
1336.289,0.072,1.500,0.872
1336.400,0.054,1.518,0.805
1336.511,0.017,1.532,0.759
1336.623,-0.001,1.537,0.740
1336.734,-0.004,1.537,0.730
1336.845,-0.004,1.537,0.722
1336.956,-0.001,1.536,0.715
1337.067,0.001,1.536,0.710
1337.178,0.004,1.537,0.706
1337.290,0.005,1.538,0.702
1337.400,0.006,1.538,0.699
1337.512,0.008,1.538,0.697
1337.623,0.008,1.539,0.695
1337.734,0.008,1.538,0.692
1337.845,0.009,1.539,0.691
1337.956,0.009,1.539,0.690
1338.067,0.010,1.539,0.690
1338.178,0.010,1.538,0.690
1338.289,0.011,1.539,0.689
1338.400,0.011,1.539,0.689
1338.511,0.012,1.539,0.689
1338.623,0.011,1.539,0.689
1338.733,0.010,1.539,0.690
1338.845,0.009,1.539,0.691
1338.956,0.008,1.539,0.692
1339.067,0.008,1.539,0.693
1339.178,0.007,1.539,0.694
1339.289,0.006,1.539,0.695
1339.400,0.006,1.539,0.696
1339.511,0.007,1.539,0.697
1339.623,0.008,1.539,0.698
1339.734,0.009,1.538,0.698
1339.845,0.011,1.539,0.698
1339.956,0.012,1.545,0.701
1340.067,0.013,1.551,0.703
1340.178,0.018,1.551,0.702
1340.290,0.022,1.532,0.700
1340.400,0.024,1.536,0.700
1340.511,0.025,1.545,0.702
1340.623,0.026,1.543,0.703
1340.734,0.026,1.542,0.703
1340.845,0.026,1.542,0.703
1340.956,0.028,1.542,0.703
1341.067,0.046,1.535,0.716
1341.178,0.069,1.524,0.745
1341.289,0.082,1.513,0.784
1341.400,0.084,1.509,0.816
1341.511,0.083,1.507,0.833
1341.623,0.084,1.506,0.838
1341.733,0.085,1.505,0.842
1341.845,0.088,1.505,0.845
1341.956,0.090,1.504,0.848
1342.067,0.092,1.504,0.852
1342.178,0.094,1.505,0.855
1342.289,0.096,1.504,0.857
1342.400,0.100,1.504,0.858
1342.511,0.105,1.504,0.860
1342.622,0.110,1.505,0.863
1342.734,0.117,1.505,0.869
1342.845,0.126,1.504,0.876
1342.956,0.136,1.503,0.887
1343.067,0.148,1.502,0.900
1343.178,0.160,1.499,0.912
1343.289,0.167,1.497,0.920
1343.400,0.171,1.497,0.921
1343.511,0.174,1.499,0.908
1343.623,0.169,1.505,0.861
1343.733,0.131,1.512,0.805
1343.845,0.078,1.514,0.776
1343.956,0.043,1.510,0.765
1344.067,0.019,1.506,0.758
1344.178,-0.004,1.505,0.755
1344.289,-0.025,1.507,0.757
1344.400,-0.053,1.514,0.766
1344.511,-0.077,1.518,0.780
1344.623,-0.090,1.520,0.791
1344.733,-0.097,1.521,0.790
1344.845,-0.100,1.522,0.784
1344.956,-0.095,1.522,0.765
1345.067,-0.063,1.519,0.729
1345.178,-0.016,1.515,0.707
1345.289,0.035,1.510,0.708
1345.400,0.086,1.499,0.740
1345.511,0.111,1.489,0.791
1345.622,0.116,1.488,0.824
1345.733,0.117,1.488,0.836
1345.845,0.118,1.488,0.843
1345.956,0.120,1.489,0.848
1346.067,0.124,1.489,0.835
1346.178,0.126,1.489,0.812
1346.290,0.123,1.483,0.804
1346.401,0.113,1.481,0.775
1346.512,0.086,1.481,0.749
1346.623,0.063,1.480,0.741
1346.734,0.047,1.477,0.744
1346.845,0.021,1.487,0.750
1346.956,-0.019,1.514,0.771
1347.067,-0.072,1.543,0.805
1347.179,-0.132,1.556,0.845
1347.290,-0.206,1.558,0.879
1347.401,-0.273,1.556,0.907
1347.512,-0.321,1.559,0.929
1347.623,-0.345,1.553,0.947
1347.734,-0.351,1.541,0.958
1347.845,-0.342,1.533,0.962
1347.957,-0.334,1.531,0.963
1348.067,-0.331,1.532,0.965
1348.178,-0.328,1.531,0.967
1348.290,-0.326,1.528,0.968
1348.401,-0.319,1.527,0.969
1348.511,-0.308,1.525,0.971
1348.623,-0.303,1.524,0.973
1348.734,-0.307,1.524,0.973
1348.845,-0.318,1.524,0.971
1348.957,-0.335,1.524,0.967
1349.067,-0.356,1.521,0.960
1349.178,-0.377,1.515,0.951
1349.290,-0.393,1.507,0.938
1349.400,-0.403,1.502,0.919
1349.511,-0.407,1.497,0.896
1349.623,-0.405,1.489,0.867
1349.734,-0.393,1.481,0.828
1349.845,-0.371,1.474,0.778
1349.956,-0.341,1.474,0.716
1350.067,-0.309,1.476,0.654
1350.178,-0.281,1.472,0.601
1350.290,-0.260,1.469,0.563
1350.400,-0.245,1.468,0.537
1350.512,-0.229,1.468,0.522
1350.623,-0.217,1.470,0.514
1350.734,-0.210,1.472,0.509
1350.845,-0.206,1.472,0.505
1350.956,-0.203,1.472,0.502
1351.067,-0.200,1.470,0.496
1351.178,-0.198,1.468,0.491
1351.290,-0.196,1.468,0.487
1351.400,-0.197,1.467,0.484
1351.511,-0.200,1.469,0.483
1351.623,-0.205,1.471,0.486
1351.734,-0.217,1.476,0.488
1351.845,-0.238,1.481,0.490
1351.957,-0.265,1.485,0.493
1352.067,-0.294,1.490,0.498
1352.178,-0.327,1.493,0.510
1352.290,-0.369,1.497,0.531
1352.400,-0.417,1.501,0.562
1352.512,-0.470,1.503,0.599
1352.623,-0.519,1.498,0.627
1352.733,-0.547,1.492,0.630
1352.845,-0.547,1.489,0.626
1352.956,-0.537,1.487,0.625
1353.066,-0.540,1.485,0.625
1353.178,-0.552,1.486,0.620
1353.289,-0.572,1.482,0.612
1353.401,-0.599,1.477,0.608
1353.511,-0.623,1.476,0.618
1353.623,-0.643,1.483,0.638
1353.733,-0.664,1.493,0.666
1353.844,-0.690,1.505,0.701
1353.956,-0.719,1.517,0.745
1354.067,-0.743,1.528,0.792
1354.178,-0.763,1.533,0.832
1354.289,-0.787,1.534,0.863
1354.400,-0.823,1.532,0.882
1354.511,-0.871,1.521,0.889
1354.623,-0.933,1.508,0.886
1354.734,-1.010,1.502,0.876
1354.844,-1.099,1.514,0.866
1354.956,-1.188,1.525,0.861
1355.067,-1.271,1.527,0.855
1355.178,-1.353,1.523,0.841
1355.290,-1.435,1.510,0.822
1355.400,-1.516,1.499,0.800
1355.511,-1.603,1.505,0.772
1355.623,-1.680,1.509,0.737
1355.733,-1.742,1.509,0.690
1355.845,-1.788,1.502,0.634
1355.956,-1.811,1.491,0.575
1356.067,-1.827,1.489,0.515
1356.178,-1.843,1.489,0.459
1356.290,-1.857,1.480,0.414
1356.400,-1.868,1.471,0.378
1356.511,-1.879,1.465,0.353
1356.623,-1.887,1.458,0.336
1356.734,-1.891,1.454,0.325
1356.845,-1.892,1.452,0.322
1356.956,-1.891,1.454,0.326
1357.067,-1.888,1.457,0.337
1357.178,-1.884,1.460,0.352
1357.289,-1.882,1.466,0.369
1357.400,-1.881,1.469,0.383
1357.511,-1.881,1.468,0.403
1357.623,-1.888,1.466,0.435
1357.734,-1.895,1.466,0.471
1357.844,-1.900,1.467,0.512
1357.956,-1.904,1.468,0.561
1358.067,-1.906,1.469,0.610
1358.178,-1.906,1.468,0.656
1358.289,-1.908,1.469,0.697
1358.400,-1.911,1.469,0.730
1358.511,-1.913,1.467,0.752
1358.620,-1.909,1.465,0.765
1358.734,-1.901,1.466,0.769
1358.844,-1.891,1.471,0.757
1358.956,-1.866,1.476,0.729
1359.067,-1.824,1.483,0.704
1359.178,-1.775,1.490,0.693
1359.289,-1.725,1.497,0.684
1359.400,-1.670,1.500,0.675
1359.511,-1.609,1.501,0.662
1359.622,-1.542,1.498,0.647
1359.734,-1.468,1.492,0.632
1359.844,-1.404,1.484,0.619
1359.955,-1.355,1.480,0.605
1360.066,-1.321,1.478,0.589
1360.178,-1.302,1.474,0.570
1360.289,-1.298,1.469,0.546
1360.400,-1.301,1.467,0.516
1360.511,-1.303,1.467,0.483
1360.622,-1.304,1.464,0.455
1360.733,-1.304,1.463,0.437
1360.844,-1.303,1.463,0.426
1360.956,-1.301,1.463,0.419
1361.067,-1.299,1.461,0.413
1361.178,-1.300,1.458,0.406
1361.289,-1.307,1.455,0.398
1361.400,-1.317,1.454,0.392
1361.511,-1.325,1.457,0.391
1361.622,-1.327,1.462,0.394
1361.733,-1.319,1.466,0.401
1361.844,-1.299,1.469,0.412
1361.956,-1.271,1.473,0.430
1362.065,-1.238,1.479,0.449
1362.176,-1.205,1.482,0.467
1362.287,-1.174,1.479,0.483
1362.399,-1.150,1.475,0.497
1362.510,-1.136,1.474,0.508
1362.621,-1.131,1.474,0.518
1362.732,-1.133,1.475,0.526
1362.843,-1.137,1.474,0.535
1362.955,-1.142,1.474,0.544
1363.066,-1.146,1.474,0.552
1363.178,-1.147,1.473,0.557
1363.289,-1.146,1.472,0.560
1363.400,-1.145,1.473,0.562
1363.511,-1.142,1.474,0.562
1363.622,-1.140,1.474,0.560
1363.733,-1.136,1.475,0.557
1363.844,-1.133,1.475,0.552
1363.956,-1.129,1.475,0.548
1364.067,-1.127,1.476,0.544
1364.178,-1.127,1.475,0.541
1364.289,-1.130,1.475,0.540
1364.400,-1.137,1.475,0.540
1364.511,-1.146,1.474,0.540
1364.622,-1.158,1.475,0.541
1364.734,-1.175,1.476,0.544
1364.845,-1.198,1.479,0.553
1364.956,-1.225,1.482,0.568
1365.067,-1.255,1.485,0.585
1365.178,-1.289,1.487,0.603
1365.289,-1.328,1.488,0.624
1365.400,-1.373,1.491,0.649
1365.511,-1.423,1.497,0.677
1365.623,-1.474,1.498,0.704
1365.733,-1.523,1.496,0.729
1365.844,-1.568,1.492,0.754
1365.956,-1.608,1.486,0.773
1366.067,-1.648,1.481,0.781
1366.177,-1.689,1.476,0.773
1366.289,-1.735,1.473,0.757
1366.399,-1.776,1.470,0.735
1366.511,-1.805,1.469,0.707
1366.622,-1.820,1.470,0.676
1366.733,-1.827,1.470,0.649
1366.844,-1.831,1.471,0.632
1366.955,-1.834,1.475,0.620
1367.067,-1.839,1.478,0.609
1367.178,-1.847,1.478,0.597
1367.289,-1.858,1.477,0.583
1367.400,-1.870,1.476,0.569
1367.511,-1.884,1.474,0.558
1367.623,-1.895,1.472,0.548
1367.734,-1.904,1.471,0.541
1367.845,-1.912,1.472,0.534
1367.956,-1.920,1.472,0.529
1368.067,-1.925,1.473,0.522
1368.178,-1.925,1.474,0.513
1368.290,-1.918,1.475,0.506
1368.400,-1.907,1.478,0.500
1368.512,-1.889,1.477,0.497
1368.623,-1.869,1.478,0.499
1368.734,-1.852,1.477,0.503
1368.845,-1.837,1.474,0.504
1368.956,-1.824,1.472,0.503
1369.067,-1.814,1.471,0.503
1369.178,-1.809,1.470,0.504
1369.290,-1.809,1.469,0.507
1369.400,-1.810,1.471,0.512
1369.512,-1.808,1.479,0.521
1369.623,-1.802,1.490,0.535
1369.734,-1.795,1.500,0.550
1369.845,-1.790,1.504,0.560
1369.956,-1.788,1.502,0.570
1370.067,-1.788,1.501,0.592
1370.178,-1.785,1.501,0.627
1370.290,-1.780,1.503,0.668
1370.400,-1.770,1.501,0.706
1370.512,-1.755,1.496,0.736
1370.624,-1.732,1.495,0.756
1370.734,-1.700,1.497,0.768
1370.845,-1.661,1.502,0.776
1370.956,-1.613,1.508,0.776
1371.067,-1.564,1.508,0.767
1371.178,-1.511,1.504,0.749
1371.290,-1.459,1.496,0.727
1371.400,-1.415,1.492,0.702
1371.511,-1.381,1.489,0.672
1371.623,-1.357,1.482,0.639
1371.734,-1.341,1.475,0.600
1371.845,-1.328,1.474,0.553
1371.956,-1.312,1.476,0.507
1372.067,-1.291,1.475,0.472
1372.178,-1.264,1.476,0.452
1372.289,-1.236,1.477,0.441
1372.400,-1.206,1.478,0.431
1372.511,-1.174,1.476,0.423
1372.623,-1.137,1.475,0.419
1372.734,-1.094,1.473,0.416
1372.845,-1.048,1.473,0.413
1372.956,-1.008,1.471,0.408
1373.067,-0.980,1.469,0.405
1373.178,-0.966,1.467,0.404
1373.290,-0.960,1.464,0.405
1373.400,-0.958,1.462,0.406
1373.511,-0.960,1.461,0.404
1373.623,-0.963,1.461,0.402
1373.734,-0.965,1.463,0.402
1373.845,-0.971,1.468,0.404
1373.956,-0.983,1.474,0.410
1374.067,-0.996,1.477,0.422
1374.178,-1.010,1.480,0.436
1374.290,-1.026,1.483,0.447
1374.400,-1.045,1.486,0.458
1374.512,-1.071,1.488,0.474
1374.623,-1.104,1.492,0.498
1374.734,-1.142,1.495,0.531
1374.844,-1.186,1.498,0.572
1374.956,-1.234,1.502,0.620
1375.067,-1.285,1.507,0.671
1375.177,-1.333,1.508,0.718
1375.289,-1.374,1.507,0.759
1375.400,-1.411,1.506,0.792
1375.511,-1.444,1.500,0.817
1375.623,-1.478,1.495,0.833
1375.733,-1.515,1.492,0.843
1375.844,-1.558,1.489,0.847
1375.956,-1.610,1.490,0.849
1376.067,-1.667,1.491,0.852
1376.178,-1.718,1.483,0.858
1376.289,-1.758,1.480,0.866
1376.400,-1.785,1.478,0.872
1376.511,-1.804,1.476,0.879
1376.622,-1.816,1.474,0.889
1376.733,-1.822,1.476,0.902
1376.844,-1.826,1.478,0.916
1376.955,-1.831,1.480,0.927
1377.067,-1.836,1.481,0.935
1377.177,-1.839,1.481,0.942
1377.289,-1.839,1.481,0.947
1377.400,-1.837,1.482,0.948
1377.511,-1.834,1.484,0.948
1377.622,-1.833,1.484,0.947
1377.733,-1.831,1.485,0.946
1377.844,-1.830,1.485,0.944
1377.956,-1.829,1.485,0.941
1378.066,-1.827,1.485,0.938
1378.177,-1.826,1.483,0.934
1378.289,-1.825,1.478,0.922
1378.400,-1.824,1.476,0.913
1378.511,-1.823,1.476,0.908
1378.623,-1.822,1.476,0.906
1378.734,-1.822,1.476,0.905
1378.844,-1.821,1.477,0.906
1378.956,-1.821,1.477,0.907
1379.067,-1.822,1.478,0.907
1379.177,-1.823,1.478,0.908
1379.289,-1.825,1.478,0.910
1379.400,-1.827,1.477,0.914
1379.511,-1.828,1.477,0.922
1379.622,-1.831,1.478,0.929
1379.733,-1.835,1.478,0.935
1379.844,-1.839,1.479,0.941
1379.956,-1.841,1.480,0.948
1380.067,-1.843,1.481,0.956
1380.177,-1.844,1.481,0.964
1380.289,-1.844,1.480,0.969
1380.399,-1.844,1.482,0.972
1380.510,-1.846,1.497,0.968
1380.622,-1.844,1.520,0.960
1380.733,-1.835,1.539,0.951
1380.843,-1.824,1.553,0.945
1380.955,-1.813,1.568,0.940
1381.066,-1.804,1.573,0.938
1381.177,-1.805,1.570,0.939
1381.289,-1.811,1.557,0.947
1381.400,-1.821,1.527,0.965
1381.511,-1.829,1.502,0.979
1381.622,-1.843,1.488,0.991
1381.733,-1.863,1.473,0.993
1381.844,-1.883,1.464,0.990
1381.955,-1.900,1.462,0.992
1382.066,-1.909,1.463,0.986
1382.177,-1.910,1.463,0.976
1382.289,-1.906,1.466,0.964
1382.400,-1.903,1.471,0.943
1382.511,-1.897,1.476,0.915
1382.622,-1.891,1.479,0.874
1382.733,-1.884,1.477,0.813
1382.844,-1.881,1.474,0.728
1382.956,-1.886,1.476,0.628
1383.067,-1.895,1.479,0.544
1383.178,-1.899,1.476,0.489
1383.289,-1.887,1.475,0.460
1383.400,-1.854,1.482,0.457
1383.511,-1.803,1.488,0.481
1383.623,-1.749,1.486,0.525
1383.734,-1.711,1.486,0.566
1383.844,-1.679,1.491,0.592
1383.956,-1.634,1.500,0.606
1384.066,-1.578,1.505,0.614
1384.178,-1.511,1.506,0.608
1384.302,-1.428,1.502,0.588
1384.414,-1.363,1.495,0.562
1384.525,-1.313,1.490,0.532
1384.636,-1.281,1.486,0.497
1384.747,-1.263,1.481,0.458
1384.858,-1.259,1.474,0.411
1384.970,-1.259,1.470,0.355
1385.080,-1.260,1.465,0.308
1385.192,-1.255,1.461,0.279
1385.303,-1.244,1.460,0.261
1385.414,-1.220,1.462,0.258
1385.526,-1.182,1.468,0.269
1385.636,-1.131,1.473,0.289
1385.747,-1.065,1.477,0.318
1385.859,-0.979,1.474,0.354
1385.970,-0.876,1.466,0.387
1386.080,-0.776,1.466,0.412
1386.192,-0.697,1.474,0.431
1386.303,-0.639,1.475,0.447
1386.414,-0.595,1.470,0.457
1386.525,-0.562,1.469,0.464
1386.636,-0.534,1.470,0.468
1386.747,-0.506,1.469,0.470
1386.859,-0.479,1.467,0.469
1386.970,-0.455,1.465,0.466
1387.080,-0.436,1.461,0.463
1387.192,-0.427,1.458,0.459
1387.303,-0.432,1.457,0.452
1387.414,-0.452,1.461,0.446
1387.526,-0.487,1.469,0.442
1387.637,-0.528,1.476,0.442
1387.747,-0.559,1.479,0.447
1387.859,-0.575,1.481,0.450
1387.970,-0.588,1.482,0.452
1388.081,-0.601,1.481,0.452
1388.192,-0.616,1.482,0.450
1388.303,-0.639,1.485,0.448
1388.414,-0.668,1.491,0.448
1388.526,-0.702,1.496,0.453
1388.637,-0.745,1.501,0.466
1388.748,-0.798,1.506,0.486
1388.859,-0.858,1.508,0.511
1388.970,-0.926,1.511,0.541
1389.081,-0.999,1.514,0.578
1389.192,-1.067,1.511,0.613
1389.303,-1.130,1.509,0.642
1389.413,-1.188,1.504,0.662
1389.525,-1.243,1.495,0.675
1389.636,-1.299,1.484,0.676
1389.747,-1.359,1.474,0.665
1389.858,-1.426,1.469,0.645
1389.970,-1.499,1.475,0.621
1390.080,-1.564,1.478,0.599
1390.192,-1.615,1.477,0.582
1390.303,-1.651,1.477,0.568
1390.414,-1.678,1.476,0.563
1390.525,-1.699,1.473,0.567
1390.636,-1.717,1.472,0.576
1390.747,-1.732,1.472,0.589
1390.859,-1.746,1.471,0.603
1390.970,-1.756,1.471,0.613
1391.080,-1.764,1.470,0.615
1391.191,-1.770,1.470,0.612
1391.303,-1.775,1.469,0.609
1391.414,-1.778,1.469,0.608
1391.525,-1.779,1.469,0.607
1391.636,-1.779,1.470,0.605
1391.747,-1.779,1.470,0.602
1391.858,-1.780,1.471,0.599
1391.969,-1.782,1.470,0.594
1392.080,-1.783,1.468,0.589
1392.192,-1.782,1.466,0.585
1392.303,-1.778,1.465,0.579
1392.413,-1.773,1.464,0.574
1392.525,-1.768,1.464,0.570
1392.636,-1.762,1.464,0.564
1392.747,-1.755,1.465,0.554
1392.858,-1.749,1.466,0.538
1392.969,-1.746,1.467,0.523
1393.080,-1.747,1.468,0.521
1393.192,-1.752,1.470,0.537
1393.303,-1.755,1.476,0.563
1393.413,-1.754,1.480,0.594
1393.525,-1.754,1.482,0.630
1393.636,-1.755,1.482,0.679
1393.747,-1.757,1.481,0.741
1393.858,-1.762,1.485,0.816
1393.969,-1.772,1.491,0.896
1394.080,-1.784,1.490,0.965
1394.192,-1.797,1.487,1.017
1394.303,-1.808,1.482,1.054
1394.413,-1.817,1.478,1.076
1394.525,-1.822,1.475,1.087
1394.636,-1.825,1.472,1.092
1394.747,-1.824,1.472,1.089
1394.858,-1.820,1.477,1.078
1394.969,-1.816,1.487,1.046
1395.080,-1.798,1.500,0.999
1395.192,-1.756,1.514,0.958
1395.303,-1.691,1.527,0.939
1395.414,-1.611,1.536,0.932
1395.526,-1.525,1.536,0.931
1395.637,-1.431,1.530,0.926
1395.747,-1.333,1.523,0.917
1395.859,-1.243,1.524,0.904
1395.970,-1.167,1.533,0.886
1396.081,-1.098,1.536,0.858
1396.192,-1.039,1.521,0.819
1396.303,-0.987,1.501,0.768
1396.414,-0.936,1.484,0.695
1396.526,-0.880,1.475,0.598
1396.637,-0.824,1.474,0.496
1396.747,-0.773,1.472,0.412
1396.859,-0.735,1.466,0.354
1396.970,-0.713,1.467,0.324
1397.081,-0.701,1.470,0.312
1397.193,-0.687,1.473,0.310
1397.304,-0.668,1.476,0.317
1397.414,-0.639,1.480,0.331
1397.525,-0.600,1.484,0.339
1397.637,-0.562,1.486,0.339
1397.748,-0.533,1.484,0.335
1397.859,-0.517,1.480,0.333
1397.970,-0.509,1.478,0.333
1398.081,-0.507,1.479,0.334
1398.192,-0.506,1.480,0.335
1398.304,-0.505,1.483,0.337
1398.414,-0.504,1.484,0.337
1398.526,-0.505,1.485,0.334
1398.637,-0.508,1.484,0.330
1398.747,-0.510,1.483,0.326
1398.859,-0.513,1.482,0.322
1398.970,-0.516,1.481,0.320
1399.081,-0.520,1.480,0.321
1399.192,-0.523,1.480,0.323
1399.303,-0.524,1.481,0.327
1399.414,-0.524,1.482,0.330
1399.526,-0.524,1.484,0.335
1399.637,-0.525,1.486,0.339
1399.748,-0.526,1.487,0.343
1399.859,-0.527,1.487,0.347
1399.970,-0.532,1.487,0.353
1400.081,-0.539,1.484,0.362
1400.193,-0.543,1.482,0.371
1400.303,-0.548,1.479,0.377
1400.413,-0.564,1.478,0.384
1400.525,-0.591,1.481,0.395
1400.636,-0.628,1.483,0.411
1400.747,-0.676,1.487,0.430
1400.859,-0.735,1.496,0.452
1400.969,-0.799,1.500,0.477
1401.080,-0.863,1.499,0.503
1401.192,-0.924,1.497,0.526
1401.302,-0.980,1.493,0.548
1401.413,-1.037,1.486,0.563
1401.525,-1.097,1.476,0.573
1401.636,-1.166,1.469,0.582
1401.747,-1.244,1.471,0.586
1401.859,-1.327,1.483,0.594
1401.970,-1.400,1.486,0.611
1402.080,-1.461,1.486,0.637
1402.192,-1.516,1.480,0.671
1402.303,-1.571,1.474,0.716
1402.414,-1.627,1.468,0.773
1402.525,-1.692,1.473,0.839
1402.636,-1.755,1.479,0.899
1402.747,-1.810,1.479,0.947
1402.858,-1.852,1.474,0.978
1402.970,-1.884,1.467,0.997
1403.080,-1.908,1.462,1.008
1403.191,-1.927,1.458,1.014
1403.303,-1.941,1.455,1.018
1403.414,-1.949,1.452,1.018
1403.525,-1.954,1.450,1.017
1403.636,-1.957,1.449,1.015
1403.747,-1.957,1.448,1.013
1403.858,-1.955,1.448,1.008
1403.969,-1.953,1.451,0.997
1404.080,-1.949,1.453,0.983
1404.192,-1.944,1.456,0.971
1404.303,-1.940,1.457,0.968
1404.413,-1.938,1.457,0.974
1404.525,-1.935,1.458,0.985
1404.636,-1.930,1.460,0.995
1404.747,-1.924,1.461,1.002
1404.858,-1.917,1.462,1.007
1404.969,-1.908,1.463,1.007
1405.080,-1.896,1.467,0.995
1405.191,-1.878,1.478,0.960
1405.303,-1.841,1.493,0.905
1405.414,-1.770,1.507,0.864
1405.525,-1.684,1.521,0.849
1405.636,-1.589,1.531,0.846
1405.747,-1.489,1.532,0.842
1405.859,-1.381,1.528,0.835
1405.970,-1.280,1.527,0.829
1406.081,-1.192,1.533,0.818
1406.192,-1.115,1.529,0.797
1406.303,-1.045,1.518,0.768
1406.414,-0.979,1.504,0.729
1406.525,-0.909,1.492,0.682
1406.637,-0.833,1.497,0.627
1406.747,-0.762,1.504,0.583
1406.859,-0.697,1.508,0.553
1406.970,-0.638,1.507,0.530
1407.081,-0.580,1.501,0.517
1407.192,-0.522,1.495,0.511
1407.303,-0.463,1.490,0.513
1407.414,-0.403,1.490,0.515
1407.526,-0.350,1.489,0.516
1407.637,-0.307,1.488,0.514
1407.748,-0.273,1.484,0.510
1407.859,-0.252,1.482,0.507
1407.970,-0.240,1.481,0.507
1408.081,-0.233,1.481,0.511
1408.192,-0.228,1.483,0.513
1408.303,-0.226,1.484,0.515
1408.414,-0.225,1.484,0.518
1408.525,-0.226,1.482,0.519
1408.636,-0.232,1.481,0.520
1408.747,-0.241,1.479,0.517
1408.858,-0.255,1.479,0.514
1408.969,-0.276,1.478,0.509
1409.080,-0.309,1.479,0.507
1409.192,-0.351,1.481,0.513
1409.303,-0.402,1.484,0.526
1409.414,-0.468,1.490,0.547
1409.525,-0.547,1.497,0.581
1409.637,-0.635,1.509,0.621
1409.747,-0.723,1.517,0.656
1409.858,-0.808,1.519,0.680
1409.969,-0.893,1.519,0.692
1410.080,-0.975,1.510,0.694
1410.192,-1.058,1.495,0.688
1410.303,-1.144,1.486,0.675
1410.414,-1.235,1.487,0.657
1410.525,-1.322,1.491,0.647
1410.636,-1.403,1.493,0.648
1410.747,-1.475,1.491,0.659
1410.859,-1.542,1.484,0.682
1410.969,-1.610,1.476,0.717
1411.080,-1.682,1.474,0.763
1411.192,-1.756,1.478,0.815
1411.303,-1.817,1.479,0.863
1411.414,-1.863,1.478,0.896
1411.525,-1.894,1.474,0.919
1411.636,-1.912,1.470,0.933
1411.747,-1.925,1.468,0.942
1411.858,-1.935,1.467,0.948
1411.970,-1.945,1.465,0.952
1412.080,-1.952,1.463,0.951
1412.192,-1.957,1.462,0.947
1412.303,-1.960,1.462,0.942
1412.414,-1.960,1.462,0.942
1412.525,-1.957,1.461,0.944
1412.636,-1.953,1.460,0.949
1412.747,-1.948,1.460,0.956
1412.858,-1.942,1.460,0.964
1412.970,-1.936,1.460,0.969
1413.080,-1.931,1.461,0.974
1413.192,-1.927,1.463,0.977
1413.303,-1.924,1.464,0.980
1413.414,-1.921,1.464,0.983
1413.525,-1.916,1.464,0.984
1413.636,-1.912,1.465,0.984
1413.747,-1.907,1.466,0.984
1413.858,-1.904,1.467,0.985
1413.970,-1.901,1.467,0.986
1414.080,-1.898,1.467,0.988
1414.192,-1.897,1.467,0.990
1414.303,-1.896,1.467,0.993
1414.414,-1.895,1.466,0.995
1414.525,-1.895,1.466,0.997
1414.636,-1.895,1.466,0.998
1414.747,-1.896,1.465,1.000
1414.858,-1.898,1.465,1.001
1414.970,-1.899,1.466,1.001
1415.080,-1.900,1.465,1.001
1415.191,-1.901,1.464,1.000
1415.302,-1.902,1.464,0.998
1415.413,-1.903,1.464,0.996
1415.525,-1.906,1.465,0.994
1415.636,-1.909,1.464,0.991
1415.746,-1.913,1.464,0.987
1415.858,-1.918,1.463,0.983
1415.969,-1.924,1.459,0.980
1416.080,-1.930,1.455,0.979
1416.191,-1.937,1.452,0.973
1416.303,-1.944,1.451,0.963
1416.413,-1.949,1.451,0.954
1416.525,-1.951,1.453,0.951
1416.636,-1.952,1.456,0.955
1416.746,-1.949,1.459,0.961
1416.858,-1.945,1.461,0.970
1416.969,-1.942,1.461,0.981
1417.080,-1.936,1.459,0.990
1417.192,-1.927,1.459,0.986
1417.303,-1.918,1.472,0.959
1417.413,-1.889,1.490,0.904
1417.525,-1.812,1.507,0.853
1417.636,-1.705,1.517,0.838
1417.747,-1.591,1.523,0.844
1417.858,-1.484,1.518,0.857
1417.970,-1.387,1.515,0.864
1418.080,-1.305,1.521,0.865
1418.192,-1.228,1.527,0.861
1418.303,-1.150,1.521,0.846
1418.414,-1.074,1.510,0.818
1418.525,-1.001,1.497,0.779
1418.636,-0.923,1.490,0.722
1418.747,-0.843,1.496,0.658
1418.858,-0.768,1.498,0.606
1418.970,-0.701,1.494,0.565
1419.080,-0.639,1.485,0.534
1419.192,-0.577,1.474,0.515
1419.303,-0.511,1.466,0.508
1419.414,-0.442,1.468,0.507
1419.525,-0.374,1.471,0.508
1419.636,-0.320,1.472,0.511
1419.747,-0.281,1.470,0.514
1419.858,-0.253,1.468,0.514
1419.969,-0.236,1.468,0.511
1420.080,-0.228,1.468,0.505
1420.192,-0.228,1.469,0.502
1420.299,-0.231,1.469,0.500
1420.399,-0.237,1.471,0.500
1420.511,-0.245,1.474,0.500
1420.622,-0.253,1.476,0.502
1420.733,-0.261,1.475,0.504
1420.844,-0.265,1.475,0.506
1420.956,-0.268,1.476,0.507
1421.067,-0.272,1.475,0.509
1421.178,-0.275,1.474,0.510
1421.289,-0.278,1.474,0.513
1421.400,-0.282,1.473,0.516
1421.511,-0.291,1.473,0.520
1421.623,-0.305,1.474,0.522
1421.733,-0.323,1.474,0.524
1421.844,-0.346,1.475,0.528
1421.955,-0.378,1.476,0.536
1422.066,-0.422,1.478,0.548
1422.178,-0.476,1.483,0.564
1422.288,-0.542,1.491,0.587
1422.400,-0.612,1.499,0.616
1422.511,-0.681,1.505,0.646
1422.622,-0.743,1.505,0.674
1422.733,-0.796,1.505,0.695
1422.844,-0.843,1.499,0.708
1422.955,-0.887,1.494,0.715
1423.066,-0.932,1.490,0.719
1423.177,-0.981,1.488,0.719
1423.289,-1.034,1.487,0.716
1423.400,-1.092,1.495,0.711
1423.511,-1.149,1.499,0.706
1423.622,-1.202,1.499,0.704
1423.733,-1.247,1.497,0.707
1423.844,-1.279,1.494,0.711
1423.955,-1.300,1.491,0.715
1424.066,-1.312,1.491,0.717
1424.177,-1.321,1.491,0.718
1424.289,-1.329,1.490,0.720
1424.400,-1.334,1.489,0.721
1424.511,-1.337,1.487,0.721
1424.622,-1.338,1.486,0.722
1424.733,-1.338,1.485,0.721
1424.844,-1.337,1.484,0.720
1424.956,-1.337,1.484,0.719
1425.066,-1.337,1.483,0.717
1425.177,-1.337,1.482,0.715
1425.289,-1.338,1.482,0.713
1425.400,-1.339,1.482,0.711
1425.511,-1.340,1.482,0.709
1425.622,-1.342,1.482,0.708
1425.733,-1.344,1.482,0.708
1425.844,-1.347,1.482,0.709
1425.956,-1.349,1.482,0.710
1426.066,-1.352,1.482,0.712
1426.177,-1.357,1.481,0.715
1426.289,-1.365,1.480,0.718
1426.400,-1.377,1.477,0.724
1426.511,-1.396,1.475,0.736
1426.622,-1.424,1.470,0.756
1426.733,-1.461,1.464,0.782
1426.844,-1.511,1.458,0.816
1426.956,-1.572,1.460,0.858
1427.067,-1.647,1.476,0.907
1427.178,-1.724,1.488,0.954
1427.289,-1.793,1.490,0.992
1427.400,-1.847,1.487,1.018
1427.511,-1.881,1.484,1.036
1427.622,-1.899,1.482,1.049
1427.733,-1.910,1.481,1.060
1427.844,-1.918,1.480,1.066
1427.956,-1.923,1.478,1.070
1428.066,-1.927,1.478,1.073
1428.177,-1.931,1.477,1.074
1428.288,-1.933,1.477,1.074
1428.399,-1.935,1.477,1.074
1428.510,-1.934,1.477,1.073
1428.622,-1.936,1.476,1.075
1428.733,-1.934,1.470,1.085
1428.844,-1.938,1.465,1.077
1428.955,-1.946,1.464,1.045
1429.066,-1.946,1.468,1.003
1429.178,-1.942,1.474,0.959
1429.289,-1.935,1.479,0.911
1429.400,-1.924,1.479,0.859
1429.511,-1.912,1.476,0.799
1429.622,-1.899,1.473,0.729
1429.733,-1.887,1.475,0.646
1429.845,-1.880,1.478,0.562
1429.956,-1.877,1.478,0.487
1430.067,-1.880,1.471,0.428
1430.178,-1.883,1.464,0.384
1430.292,-1.884,1.457,0.355
1430.400,-1.880,1.455,0.339
1430.511,-1.876,1.455,0.336
1430.623,-1.882,1.459,0.345
1430.733,-1.901,1.460,0.372
1430.845,-1.922,1.460,0.411
1430.956,-1.938,1.462,0.450
1431.066,-1.949,1.463,0.490
1431.178,-1.958,1.463,0.528
1431.289,-1.967,1.465,0.567
1431.400,-1.976,1.465,0.611
1431.511,-1.981,1.469,0.655
1431.622,-1.985,1.470,0.694
1431.733,-1.983,1.472,0.715
1431.844,-1.957,1.481,0.714
1431.956,-1.910,1.495,0.716
1432.067,-1.852,1.510,0.729
1432.178,-1.786,1.523,0.747
1432.290,-1.717,1.532,0.769
1432.400,-1.645,1.536,0.792
1432.511,-1.561,1.535,0.816
1432.623,-1.471,1.534,0.842
1432.734,-1.391,1.531,0.863
1432.845,-1.318,1.530,0.872
1432.956,-1.247,1.525,0.870
1433.067,-1.172,1.515,0.857
1433.178,-1.092,1.500,0.830
1433.290,-1.005,1.493,0.786
1433.401,-0.909,1.505,0.729
1433.512,-0.814,1.523,0.677
1433.623,-0.723,1.531,0.635
1433.734,-0.634,1.524,0.598
1433.845,-0.541,1.503,0.565
1433.956,-0.437,1.487,0.536
1434.067,-0.324,1.481,0.505
1434.178,-0.218,1.481,0.470
1434.289,-0.133,1.475,0.437
1434.401,-0.072,1.468,0.414
1434.511,-0.031,1.461,0.398
1434.623,-0.008,1.458,0.392
1434.734,-0.003,1.460,0.390
1434.844,-0.010,1.460,0.390
1434.956,-0.017,1.457,0.392
1435.067,-0.025,1.455,0.394
1435.178,-0.036,1.453,0.398
1435.290,-0.051,1.454,0.401
1435.400,-0.074,1.459,0.404
1435.511,-0.102,1.465,0.408
1435.623,-0.128,1.469,0.412
1435.734,-0.145,1.469,0.413
1435.845,-0.151,1.466,0.410
1435.956,-0.146,1.461,0.407
1436.067,-0.137,1.457,0.403
1436.178,-0.128,1.455,0.400
1436.290,-0.120,1.455,0.398
1436.400,-0.114,1.455,0.397
1436.511,-0.110,1.456,0.397
1436.623,-0.106,1.455,0.399
1436.734,-0.100,1.455,0.400
1436.845,-0.096,1.454,0.400
1436.956,-0.093,1.455,0.402
1437.067,-0.092,1.457,0.404
1437.178,-0.092,1.458,0.407
1437.289,-0.095,1.460,0.410
1437.400,-0.101,1.462,0.414
1437.511,-0.110,1.463,0.417
1437.622,-0.126,1.464,0.422
1437.733,-0.151,1.467,0.427
1437.845,-0.187,1.470,0.435
1437.956,-0.232,1.476,0.446
1438.066,-0.286,1.480,0.462
1438.178,-0.348,1.484,0.482
1438.289,-0.415,1.489,0.506
1438.400,-0.483,1.492,0.536
1438.511,-0.551,1.500,0.566
1438.623,-0.615,1.507,0.592
1438.734,-0.676,1.507,0.611
1438.845,-0.740,1.505,0.620
1438.956,-0.809,1.503,0.622
1439.067,-0.886,1.502,0.617
1439.178,-0.970,1.502,0.611
1439.289,-1.059,1.505,0.613
1439.400,-1.146,1.505,0.625
1439.511,-1.230,1.498,0.643
1439.622,-1.317,1.486,0.668
1439.734,-1.406,1.478,0.697
1439.844,-1.499,1.486,0.727
1439.955,-1.584,1.488,0.747
1440.067,-1.658,1.485,0.752
1440.178,-1.722,1.481,0.745
1440.289,-1.774,1.475,0.728
1440.400,-1.815,1.469,0.705
1440.511,-1.851,1.467,0.678
1440.622,-1.879,1.462,0.655
1440.734,-1.899,1.459,0.638
1440.844,-1.912,1.458,0.627
1440.956,-1.917,1.457,0.621
1441.066,-1.920,1.456,0.619
1441.177,-1.920,1.455,0.619
1441.289,-1.921,1.453,0.619
1441.400,-1.921,1.451,0.619
1441.511,-1.921,1.450,0.620
1441.622,-1.922,1.449,0.620
1441.733,-1.923,1.448,0.622
1441.844,-1.923,1.447,0.624
1441.955,-1.923,1.448,0.626
1442.067,-1.923,1.448,0.626
1442.177,-1.924,1.449,0.626
1442.289,-1.924,1.450,0.627
1442.400,-1.925,1.451,0.631
1442.511,-1.927,1.453,0.641
1442.623,-1.929,1.455,0.657
1442.734,-1.928,1.457,0.680
1442.844,-1.923,1.458,0.709
1442.956,-1.915,1.460,0.745
1443.067,-1.905,1.464,0.789
1443.178,-1.894,1.468,0.840
1443.289,-1.883,1.473,0.897
1443.400,-1.877,1.472,0.953
1443.511,-1.874,1.469,1.004
1443.622,-1.874,1.465,1.043
1443.734,-1.872,1.462,1.066
1443.844,-1.871,1.462,1.079
1443.956,-1.871,1.463,1.087
1444.067,-1.873,1.464,1.094
1444.178,-1.875,1.464,1.099
1444.301,-1.878,1.463,1.104
1444.412,-1.880,1.462,1.107
1444.523,-1.882,1.462,1.108
1444.635,-1.882,1.462,1.110
1444.745,-1.881,1.461,1.112
1444.859,-1.880,1.460,1.113
1444.970,-1.879,1.460,1.114
1445.080,-1.877,1.460,1.115
1445.192,-1.876,1.460,1.117
1445.303,-1.875,1.460,1.118
1445.414,-1.875,1.460,1.119
1445.525,-1.874,1.459,1.120
1445.637,-1.874,1.460,1.120
1445.747,-1.875,1.460,1.121
1445.858,-1.875,1.460,1.121
1445.970,-1.876,1.460,1.122
1446.080,-1.877,1.460,1.122
1446.192,-1.879,1.460,1.122
1446.303,-1.881,1.459,1.122
1446.414,-1.883,1.460,1.121
1446.525,-1.885,1.460,1.119
1446.636,-1.886,1.461,1.116
1446.747,-1.887,1.462,1.114
1446.859,-1.888,1.463,1.114
1446.970,-1.888,1.463,1.115
1447.080,-1.887,1.463,1.119
1447.192,-1.886,1.461,1.122
1447.303,-1.885,1.458,1.121
1447.414,-1.895,1.459,1.107
1447.524,-1.904,1.465,1.061
1447.636,-1.885,1.474,0.996
1447.747,-1.835,1.484,0.946
1447.858,-1.778,1.495,0.919
1447.970,-1.721,1.505,0.902
1448.080,-1.667,1.511,0.883
1448.192,-1.610,1.514,0.861
1448.303,-1.542,1.512,0.834
1448.414,-1.477,1.507,0.801
1448.525,-1.423,1.504,0.769
1448.637,-1.382,1.504,0.737
1448.747,-1.355,1.502,0.698
1448.858,-1.345,1.498,0.654
1448.969,-1.349,1.494,0.603
1449.080,-1.362,1.495,0.544
1449.192,-1.372,1.492,0.490
1449.303,-1.378,1.485,0.455
1449.414,-1.374,1.482,0.430
1449.526,-1.361,1.475,0.417
1449.636,-1.347,1.468,0.409
1449.747,-1.336,1.464,0.406
1449.859,-1.328,1.464,0.406
1449.970,-1.323,1.464,0.410
1450.081,-1.318,1.464,0.422
1450.192,-1.310,1.468,0.438
1450.303,-1.300,1.471,0.456
1450.414,-1.289,1.471,0.474
1450.525,-1.279,1.471,0.491
1450.636,-1.271,1.470,0.508
1450.747,-1.264,1.470,0.522
1450.859,-1.256,1.472,0.532
1450.970,-1.248,1.476,0.539
1451.080,-1.242,1.479,0.543
1451.192,-1.242,1.490,0.550
1451.303,-1.244,1.508,0.561
1451.414,-1.239,1.522,0.569
1451.526,-1.233,1.533,0.576
1451.637,-1.227,1.545,0.581
1451.748,-1.225,1.551,0.586
1451.859,-1.223,1.551,0.585
1451.970,-1.221,1.551,0.583
1452.081,-1.217,1.550,0.581
1452.193,-1.212,1.549,0.577
1452.303,-1.207,1.546,0.574
1452.414,-1.203,1.544,0.571
1452.526,-1.203,1.538,0.570
1452.637,-1.206,1.534,0.566
1452.748,-1.215,1.532,0.566
1452.859,-1.232,1.530,0.571
1452.970,-1.257,1.528,0.579
1453.081,-1.290,1.525,0.592
1453.192,-1.329,1.521,0.607
1453.303,-1.374,1.520,0.626
1453.414,-1.423,1.523,0.647
1453.525,-1.474,1.527,0.668
1453.637,-1.526,1.528,0.688
1453.748,-1.574,1.524,0.706
1453.859,-1.618,1.517,0.723
1453.970,-1.653,1.511,0.736
1454.081,-1.678,1.502,0.746
1454.192,-1.694,1.495,0.754
1454.303,-1.703,1.489,0.762
1454.413,-1.709,1.486,0.766
1454.525,-1.712,1.486,0.765
1454.636,-1.714,1.484,0.765
1454.747,-1.716,1.482,0.764
1454.858,-1.718,1.482,0.762
1454.969,-1.720,1.481,0.759
1455.080,-1.723,1.480,0.755
1455.192,-1.726,1.479,0.749
1455.303,-1.729,1.477,0.744
1455.413,-1.736,1.475,0.734
1455.525,-1.746,1.471,0.720
1455.636,-1.758,1.469,0.698
1455.747,-1.772,1.467,0.671
1455.859,-1.784,1.464,0.631
1455.968,-1.798,1.462,0.584
1456.079,-1.819,1.465,0.533
1456.190,-1.846,1.468,0.484
1456.301,-1.870,1.467,0.439
1456.412,-1.888,1.464,0.399
1456.524,-1.899,1.462,0.371
1456.635,-1.905,1.461,0.352
1456.746,-1.910,1.460,0.343
1456.859,-1.915,1.459,0.339
1456.970,-1.918,1.458,0.338
1457.081,-1.921,1.458,0.338
1457.192,-1.922,1.458,0.340
1457.303,-1.923,1.459,0.340
1457.414,-1.924,1.462,0.341
1457.525,-1.924,1.463,0.341
1457.636,-1.921,1.463,0.340
1457.747,-1.916,1.464,0.337
1457.858,-1.910,1.466,0.331
1457.970,-1.903,1.466,0.322
1458.081,-1.896,1.466,0.313
1458.192,-1.889,1.465,0.308
1458.303,-1.881,1.464,0.311
1458.414,-1.869,1.464,0.324
1458.526,-1.850,1.467,0.350
1458.637,-1.822,1.469,0.387
1458.747,-1.782,1.469,0.430
1458.859,-1.742,1.467,0.476
1458.970,-1.712,1.463,0.520
1459.081,-1.686,1.466,0.554
1459.192,-1.656,1.476,0.582
1459.303,-1.613,1.487,0.604
1459.414,-1.563,1.495,0.624
1459.525,-1.502,1.501,0.639
1459.636,-1.427,1.503,0.656
1459.747,-1.340,1.505,0.673
1459.858,-1.255,1.506,0.686
1459.970,-1.183,1.505,0.690
1460.081,-1.121,1.508,0.680
1460.192,-1.066,1.502,0.663
1460.303,-1.017,1.493,0.640
1460.414,-0.970,1.486,0.610
1460.525,-0.920,1.484,0.570
1460.637,-0.867,1.487,0.529
1460.747,-0.819,1.486,0.496
1460.859,-0.777,1.486,0.472
1460.970,-0.737,1.486,0.454
1461.081,-0.696,1.483,0.443
1461.192,-0.641,1.482,0.443
1461.303,-0.575,1.482,0.450
1461.415,-0.499,1.478,0.457
1461.526,-0.415,1.477,0.461
1461.636,-0.337,1.481,0.462
1461.747,-0.274,1.481,0.460
1461.859,-0.228,1.480,0.458
1461.970,-0.197,1.481,0.453
1462.081,-0.178,1.479,0.447
1462.192,-0.166,1.475,0.442
1462.303,-0.164,1.470,0.439
1462.414,-0.168,1.466,0.435
1462.525,-0.175,1.465,0.433
1462.636,-0.176,1.465,0.435
1462.747,-0.175,1.464,0.438
1462.858,-0.171,1.462,0.442
1462.970,-0.167,1.461,0.445
1463.080,-0.166,1.461,0.447
1463.192,-0.171,1.462,0.450
1463.303,-0.181,1.465,0.449
1463.414,-0.202,1.470,0.448
1463.526,-0.239,1.479,0.450
1463.636,-0.290,1.495,0.461
1463.747,-0.347,1.513,0.489
1463.859,-0.404,1.525,0.526
1463.970,-0.464,1.529,0.561
1464.081,-0.536,1.532,0.597
1464.192,-0.619,1.537,0.637
1464.303,-0.703,1.535,0.672
1464.414,-0.787,1.536,0.695
1464.526,-0.867,1.533,0.711
1464.636,-0.945,1.523,0.721
1464.748,-1.025,1.506,0.722
1464.859,-1.111,1.494,0.714
1464.970,-1.203,1.492,0.699
1465.081,-1.294,1.498,0.685
1465.192,-1.373,1.502,0.676
1465.303,-1.443,1.502,0.670
1465.414,-1.506,1.497,0.665
1465.525,-1.564,1.491,0.666
1465.636,-1.621,1.493,0.674
1465.747,-1.680,1.499,0.682
1465.859,-1.728,1.494,0.692
1465.970,-1.761,1.489,0.703
1466.081,-1.783,1.487,0.715
1466.192,-1.797,1.483,0.729
1466.303,-1.804,1.480,0.742
1466.414,-1.806,1.480,0.757
1466.525,-1.805,1.480,0.772
1466.636,-1.800,1.481,0.784
1466.747,-1.795,1.483,0.793
1466.858,-1.790,1.485,0.799
1466.969,-1.785,1.486,0.802
1467.081,-1.781,1.487,0.805
1467.192,-1.777,1.487,0.808
1467.303,-1.773,1.486,0.812
1467.414,-1.771,1.486,0.817
1467.525,-1.769,1.485,0.824
1467.636,-1.769,1.484,0.833
1467.747,-1.770,1.483,0.845
1467.858,-1.773,1.481,0.859
1467.970,-1.777,1.478,0.869
1468.080,-1.784,1.477,0.870
1468.192,-1.792,1.477,0.865
1468.303,-1.800,1.478,0.852
1468.414,-1.810,1.480,0.836
1468.525,-1.819,1.481,0.820
1468.636,-1.829,1.481,0.805
1468.747,-1.833,1.482,0.790
1468.859,-1.833,1.482,0.777
1468.968,-1.831,1.481,0.765
1469.080,-1.828,1.480,0.755
1469.191,-1.824,1.480,0.747
1469.302,-1.820,1.481,0.740
1469.413,-1.815,1.482,0.730
1469.524,-1.801,1.488,0.710
1469.636,-1.765,1.505,0.683
1469.747,-1.715,1.523,0.674
1469.859,-1.680,1.534,0.682
1469.970,-1.656,1.536,0.692
1470.081,-1.633,1.539,0.702
1470.192,-1.605,1.543,0.714
1470.303,-1.571,1.546,0.727
1470.414,-1.536,1.548,0.735
1470.526,-1.493,1.557,0.744
1470.636,-1.454,1.562,0.754
1470.748,-1.424,1.562,0.759
1470.859,-1.401,1.560,0.761
1470.970,-1.383,1.557,0.763
1471.081,-1.369,1.553,0.765
1471.192,-1.361,1.552,0.768
1471.303,-1.353,1.552,0.774
1471.414,-1.347,1.552,0.784
1471.526,-1.344,1.552,0.794
1471.637,-1.343,1.552,0.800
1471.747,-1.343,1.553,0.803
1471.859,-1.345,1.554,0.794
1471.970,-1.353,1.558,0.764
1472.081,-1.375,1.564,0.735
1472.192,-1.402,1.569,0.718
1472.303,-1.423,1.573,0.713
1472.414,-1.438,1.575,0.713
1472.526,-1.446,1.574,0.716
1472.637,-1.453,1.574,0.719
1472.748,-1.458,1.574,0.724
1472.859,-1.467,1.572,0.727
1472.970,-1.486,1.564,0.732
1473.081,-1.513,1.548,0.740
1473.192,-1.537,1.528,0.749
1473.303,-1.553,1.511,0.755
1473.414,-1.563,1.501,0.758
1473.525,-1.565,1.497,0.752
1473.637,-1.553,1.487,0.729
1473.747,-1.533,1.472,0.708
1473.859,-1.518,1.467,0.691
1473.969,-1.504,1.465,0.680
1474.081,-1.490,1.465,0.671
1474.192,-1.479,1.467,0.664
1474.303,-1.470,1.468,0.660
1474.414,-1.465,1.470,0.657
1474.525,-1.461,1.471,0.655
1474.636,-1.459,1.472,0.653
1474.747,-1.458,1.473,0.652
1474.859,-1.459,1.473,0.652
1474.970,-1.459,1.473,0.651
1475.081,-1.458,1.473,0.650
1475.192,-1.456,1.474,0.649
1475.303,-1.446,1.481,0.650
1475.414,-1.425,1.496,0.654
1475.526,-1.403,1.509,0.664
1475.637,-1.382,1.514,0.679
1475.748,-1.359,1.514,0.699
1475.859,-1.328,1.515,0.734
1475.970,-1.286,1.517,0.782
1476.081,-1.240,1.523,0.838
1476.192,-1.192,1.533,0.887
1476.303,-1.143,1.553,0.917
1476.415,-1.096,1.559,0.933
1476.526,-1.046,1.554,0.935
1476.637,-0.992,1.549,0.923
1476.748,-0.930,1.548,0.897
1476.859,-0.860,1.561,0.861
1476.970,-0.789,1.567,0.832
1477.081,-0.722,1.569,0.814
1477.192,-0.661,1.569,0.801
1477.303,-0.608,1.564,0.794
1477.414,-0.559,1.559,0.804
1477.526,-0.511,1.552,0.827
1477.637,-0.464,1.550,0.851
1477.748,-0.432,1.545,0.868
1477.859,-0.412,1.543,0.877
1477.970,-0.407,1.543,0.881
1478.082,-0.411,1.544,0.880
1478.193,-0.420,1.550,0.875
1478.304,-0.437,1.559,0.868
1478.415,-0.457,1.564,0.859
1478.526,-0.472,1.563,0.846
1478.637,-0.472,1.562,0.836
1478.748,-0.444,1.557,0.839
1478.859,-0.416,1.548,0.862
1478.970,-0.403,1.543,0.892
1479.081,-0.402,1.541,0.918
1479.193,-0.405,1.542,0.937
1479.303,-0.410,1.543,0.951
1479.415,-0.414,1.540,0.961
1479.526,-0.423,1.531,0.977
1479.637,-0.440,1.522,0.995
1479.748,-0.461,1.514,1.010
1479.859,-0.478,1.508,1.022
1479.970,-0.486,1.507,1.028
1480.081,-0.489,1.506,1.030
1480.192,-0.486,1.506,1.029
1480.303,-0.482,1.507,1.028
1480.414,-0.479,1.507,1.026
1480.525,-0.476,1.507,1.025
1480.637,-0.474,1.507,1.024
1480.747,-0.472,1.507,1.025
1480.858,-0.472,1.508,1.028
1480.970,-0.471,1.508,1.030
1481.081,-0.471,1.509,1.032
1481.192,-0.472,1.510,1.033
1481.303,-0.471,1.511,1.033
1481.414,-0.472,1.511,1.034
1481.525,-0.474,1.511,1.035
1481.636,-0.475,1.512,1.036
1481.748,-0.474,1.512,1.037
1481.859,-0.473,1.512,1.039
1481.970,-0.473,1.512,1.042
1482.081,-0.470,1.514,1.042
1482.192,-0.457,1.528,1.035
1482.304,-0.436,1.544,1.014
1482.415,-0.417,1.562,0.979
1482.526,-0.413,1.568,0.942
1482.637,-0.416,1.566,0.921
1482.748,-0.418,1.565,0.914
1482.859,-0.421,1.565,0.913
1482.970,-0.427,1.564,0.911
1483.081,-0.443,1.554,0.907
1483.192,-0.473,1.533,0.896
1483.303,-0.506,1.528,0.883
1483.414,-0.539,1.532,0.874
1483.526,-0.572,1.542,0.876
1483.637,-0.611,1.544,0.889
1483.748,-0.649,1.543,0.907
1483.859,-0.680,1.538,0.928
1483.970,-0.705,1.537,0.949
1484.081,-0.720,1.539,0.967
1484.192,-0.727,1.540,0.981
1484.303,-0.725,1.541,0.991
1484.414,-0.717,1.543,0.997
1484.525,-0.707,1.544,0.999
1484.636,-0.701,1.544,0.998
1484.748,-0.700,1.545,1.000
1484.859,-0.702,1.544,1.003
1484.970,-0.706,1.544,1.005
1485.081,-0.710,1.544,1.008
1485.192,-0.716,1.543,1.012
1485.303,-0.722,1.541,1.015
1485.414,-0.725,1.542,1.017
1485.525,-0.725,1.542,1.016
1485.636,-0.722,1.542,1.015
1485.747,-0.720,1.542,1.012
1485.859,-0.717,1.542,1.009
1485.970,-0.713,1.543,1.005
1486.081,-0.709,1.542,1.002
1486.192,-0.707,1.541,1.000
1486.303,-0.709,1.541,1.000
1486.415,-0.711,1.541,1.002
1486.526,-0.713,1.540,1.002
1486.637,-0.714,1.541,1.003
1486.748,-0.714,1.542,1.004
1486.859,-0.713,1.542,1.006
1486.970,-0.713,1.543,1.008
1487.082,-0.712,1.544,1.010
1487.192,-0.710,1.544,1.012
1487.303,-0.708,1.544,1.013
1487.414,-0.706,1.543,1.016
1487.526,-0.708,1.542,1.020
1487.637,-0.714,1.539,1.026
1487.748,-0.721,1.537,1.032
1487.859,-0.729,1.534,1.037
1487.970,-0.735,1.532,1.040
1488.081,-0.737,1.532,1.042
1488.192,-0.729,1.533,1.041
1488.303,-0.704,1.536,1.030
1488.414,-0.675,1.536,1.003
1488.526,-0.653,1.534,0.965
1488.637,-0.637,1.530,0.926
1488.748,-0.625,1.525,0.889
1488.859,-0.614,1.520,0.858
1488.970,-0.602,1.519,0.833
1489.081,-0.586,1.519,0.819
1489.192,-0.565,1.518,0.817
1489.303,-0.544,1.519,0.827
1489.414,-0.521,1.518,0.849
1489.526,-0.493,1.521,0.881
1489.637,-0.462,1.523,0.917
1489.748,-0.431,1.521,0.953
1489.859,-0.401,1.515,0.983
1489.970,-0.377,1.510,1.004
1490.082,-0.360,1.511,1.014
1490.192,-0.350,1.514,1.013
1490.304,-0.344,1.516,1.004
1490.415,-0.343,1.518,0.985
1490.525,-0.347,1.521,0.960
1490.637,-0.354,1.525,0.931
1490.748,-0.359,1.527,0.901
1490.859,-0.362,1.525,0.876
1490.970,-0.366,1.521,0.861
1491.081,-0.372,1.518,0.854
1491.192,-0.380,1.516,0.856
1491.303,-0.389,1.517,0.863
1491.414,-0.398,1.517,0.872
1491.526,-0.406,1.516,0.882
1491.636,-0.414,1.514,0.894
1491.748,-0.421,1.512,0.908
1491.859,-0.430,1.512,0.923
1491.970,-0.435,1.512,0.938
1492.081,-0.437,1.511,0.953
1492.192,-0.437,1.512,0.968
1492.303,-0.433,1.513,0.981
1492.414,-0.425,1.514,0.989
1492.525,-0.413,1.520,0.989
1492.637,-0.398,1.530,0.982
1492.748,-0.386,1.545,0.969
1492.859,-0.376,1.556,0.951
1492.970,-0.370,1.565,0.934
1493.082,-0.369,1.571,0.922
1493.193,-0.371,1.574,0.912
1493.303,-0.373,1.575,0.905
1493.415,-0.375,1.577,0.901
1493.526,-0.376,1.578,0.897
1493.637,-0.378,1.579,0.894
1493.748,-0.379,1.579,0.892
1493.859,-0.378,1.579,0.890
1493.970,-0.378,1.579,0.887
1494.081,-0.379,1.579,0.884
1494.192,-0.380,1.578,0.881
1494.303,-0.383,1.578,0.880
1494.414,-0.386,1.579,0.879
1494.525,-0.388,1.578,0.877
1494.637,-0.389,1.576,0.874
1494.748,-0.390,1.575,0.871
1494.859,-0.391,1.572,0.869
1494.970,-0.391,1.570,0.866
1495.081,-0.392,1.567,0.862
1495.192,-0.391,1.564,0.858
1495.303,-0.388,1.563,0.855
1495.415,-0.386,1.563,0.852
1495.526,-0.384,1.562,0.849
1495.637,-0.383,1.562,0.847
1495.748,-0.384,1.560,0.846
1495.859,-0.384,1.559,0.846
1495.970,-0.383,1.557,0.847
1496.082,-0.378,1.558,0.848
1496.193,-0.370,1.559,0.850
1496.303,-0.362,1.558,0.853
1496.415,-0.355,1.556,0.858
1496.526,-0.349,1.555,0.863
1496.637,-0.347,1.554,0.868
1496.748,-0.346,1.553,0.875
1496.859,-0.348,1.550,0.885
1496.970,-0.351,1.547,0.896
1497.081,-0.356,1.543,0.907
1497.192,-0.364,1.538,0.918
1497.303,-0.374,1.533,0.929
1497.414,-0.385,1.529,0.937
1497.526,-0.393,1.526,0.940
1497.636,-0.400,1.525,0.941
1497.748,-0.404,1.523,0.943
1497.859,-0.407,1.522,0.946
1497.970,-0.409,1.522,0.949
1498.081,-0.410,1.523,0.953
1498.192,-0.409,1.523,0.958
1498.303,-0.407,1.524,0.963
1498.414,-0.406,1.522,0.968
1498.525,-0.407,1.516,0.974
1498.637,-0.406,1.516,0.979
1498.748,-0.402,1.514,0.982
1498.859,-0.396,1.511,0.983
1498.970,-0.389,1.511,0.982
1499.081,-0.381,1.512,0.980
1499.192,-0.371,1.513,0.977
1499.303,-0.362,1.513,0.973
1499.415,-0.354,1.512,0.968
1499.525,-0.346,1.510,0.960
1499.636,-0.342,1.510,0.951
1499.748,-0.338,1.509,0.942
1499.859,-0.337,1.508,0.933
1499.970,-0.339,1.504,0.927
1500.081,-0.343,1.502,0.922
1500.192,-0.347,1.500,0.918
1500.303,-0.348,1.498,0.915
1500.414,-0.347,1.498,0.913
1500.526,-0.344,1.497,0.912
1500.636,-0.341,1.496,0.911
1500.747,-0.338,1.495,0.909
1500.859,-0.337,1.495,0.908
1500.970,-0.336,1.496,0.906
1501.081,-0.338,1.495,0.903
1501.192,-0.341,1.495,0.900
1501.303,-0.345,1.496,0.897
1501.414,-0.349,1.496,0.893
1501.525,-0.353,1.496,0.889
1501.637,-0.358,1.494,0.883
1501.748,-0.363,1.492,0.876
1501.859,-0.369,1.490,0.870
1501.970,-0.376,1.487,0.864
1502.081,-0.381,1.485,0.859
1502.192,-0.384,1.482,0.856
1502.303,-0.386,1.481,0.854
1502.414,-0.387,1.477,0.852
1502.526,-0.388,1.475,0.850
1502.637,-0.388,1.474,0.849
1502.747,-0.387,1.474,0.847
1502.859,-0.386,1.475,0.846
1502.970,-0.385,1.477,0.843
1503.081,-0.385,1.478,0.838
1503.192,-0.384,1.478,0.831
1503.304,-0.383,1.478,0.824
1503.414,-0.383,1.478,0.819
1503.525,-0.382,1.479,0.814
1503.636,-0.370,1.499,0.814
1503.748,-0.353,1.532,0.831
1503.859,-0.342,1.549,0.851
1503.970,-0.335,1.556,0.862
1504.082,-0.330,1.560,0.866
1504.192,-0.327,1.561,0.864
1504.305,-0.327,1.561,0.857
1504.409,-0.334,1.559,0.840
1504.520,-0.343,1.553,0.827
1504.630,-0.349,1.549,0.817
1504.742,-0.357,1.546,0.807
1504.842,-0.369,1.542,0.795
1504.954,-0.379,1.538,0.778
1505.065,-0.389,1.535,0.757
1505.177,-0.400,1.533,0.734
1505.288,-0.411,1.534,0.708
1505.399,-0.422,1.534,0.681
1505.511,-0.433,1.534,0.652
1505.622,-0.438,1.532,0.627
1505.733,-0.435,1.530,0.618
1505.844,-0.424,1.530,0.630
1505.956,-0.407,1.528,0.664
1506.067,-0.385,1.531,0.711
1506.178,-0.357,1.533,0.757
1506.289,-0.332,1.529,0.795
1506.400,-0.316,1.527,0.825
1506.511,-0.309,1.527,0.853
1506.622,-0.306,1.528,0.876
1506.733,-0.305,1.529,0.892
1506.844,-0.306,1.528,0.905
1506.956,-0.309,1.527,0.915
1507.067,-0.311,1.526,0.923
1507.178,-0.312,1.525,0.927
1507.289,-0.310,1.524,0.930
1507.400,-0.303,1.524,0.924
1507.511,-0.284,1.521,0.908
1507.623,-0.257,1.518,0.892
1507.734,-0.227,1.517,0.879
1507.845,-0.199,1.515,0.873
1507.956,-0.176,1.513,0.868
1508.067,-0.158,1.509,0.865
1508.178,-0.147,1.507,0.860
1508.289,-0.141,1.504,0.857
1508.401,-0.138,1.503,0.855
1508.512,-0.135,1.500,0.854
1508.623,-0.133,1.497,0.855
1508.734,-0.134,1.496,0.855
1508.845,-0.137,1.495,0.856
1508.956,-0.140,1.494,0.858
1509.067,-0.127,1.494,0.866
1509.178,-0.090,1.492,0.892
1509.289,-0.059,1.500,0.937
1509.401,-0.052,1.509,0.975
1509.512,-0.062,1.508,0.992
1509.623,-0.067,1.502,0.999
1509.734,-0.049,1.497,1.014
1509.845,-0.018,1.491,1.038
1509.956,0.024,1.488,1.064
1510.067,0.067,1.485,1.087
1510.178,0.096,1.483,1.104
1510.289,0.113,1.485,1.111
1510.400,0.115,1.485,1.109
1510.512,0.107,1.487,1.101
1510.623,0.090,1.496,1.077
1510.734,0.055,1.516,1.030
1510.845,-0.004,1.540,0.993
1510.957,-0.051,1.554,0.982
1511.068,-0.071,1.554,0.977
1511.178,-0.080,1.550,0.970
1511.289,-0.083,1.547,0.965
1511.401,-0.084,1.547,0.960
1511.512,-0.083,1.545,0.955
1511.622,-0.079,1.544,0.950
1511.733,-0.070,1.541,0.946
1511.844,-0.057,1.536,0.941
1511.955,-0.038,1.529,0.935
1512.067,-0.011,1.520,0.929
1512.178,0.015,1.513,0.919
1512.289,0.035,1.511,0.896
1512.400,0.046,1.506,0.859
1512.511,0.049,1.502,0.812
1512.622,0.052,1.505,0.754
1512.733,0.057,1.505,0.703
1512.845,0.063,1.502,0.667
1512.956,0.070,1.502,0.651
1513.067,0.075,1.505,0.654
1513.178,0.081,1.510,0.671
1513.290,0.087,1.514,0.689
1513.400,0.097,1.516,0.704
1513.511,0.106,1.515,0.715
1513.622,0.114,1.513,0.723
1513.734,0.121,1.511,0.729
1513.845,0.126,1.510,0.732
1513.956,0.131,1.510,0.733
1514.067,0.134,1.511,0.733
1514.178,0.136,1.511,0.729
1514.289,0.136,1.510,0.723
1514.400,0.138,1.511,0.716
1514.511,0.139,1.512,0.708
1514.623,0.141,1.513,0.701
1514.734,0.142,1.515,0.693
1514.844,0.143,1.517,0.686
1514.956,0.144,1.516,0.683
1515.067,0.144,1.515,0.685
1515.178,0.144,1.512,0.693
1515.289,0.140,1.507,0.707
1515.400,0.134,1.500,0.722
1515.511,0.122,1.496,0.734
1515.622,0.101,1.497,0.739
1515.733,0.071,1.497,0.735
1515.844,0.033,1.498,0.723
1515.955,-0.011,1.499,0.698
1516.067,-0.052,1.498,0.667
1516.178,-0.085,1.497,0.641
1516.289,-0.105,1.498,0.628
1516.400,-0.118,1.500,0.625
1516.511,-0.128,1.500,0.629
1516.622,-0.136,1.500,0.634
1516.733,-0.141,1.502,0.639
1516.844,-0.144,1.503,0.643
1516.956,-0.145,1.501,0.644
1517.067,-0.145,1.499,0.644
1517.178,-0.145,1.495,0.645
1517.289,-0.145,1.494,0.644
1517.400,-0.145,1.493,0.642
1517.511,-0.144,1.493,0.640
1517.622,-0.142,1.492,0.637
1517.733,-0.140,1.492,0.635
1517.845,-0.137,1.493,0.632
1517.955,-0.136,1.494,0.631
1518.067,-0.136,1.494,0.630
1518.177,-0.136,1.494,0.629
1518.289,-0.133,1.495,0.628
1518.400,-0.130,1.496,0.625
1518.512,-0.127,1.498,0.621
1518.622,-0.127,1.500,0.616
1518.733,-0.132,1.499,0.613
1518.844,-0.141,1.498,0.609
1518.955,-0.155,1.496,0.606
1519.067,-0.174,1.491,0.603
1519.177,-0.195,1.487,0.606
1519.289,-0.215,1.487,0.618
1519.400,-0.229,1.478,0.643
1519.511,-0.229,1.468,0.669
1519.622,-0.229,1.463,0.692
1519.733,-0.244,1.465,0.713
1519.844,-0.269,1.472,0.722
1519.955,-0.298,1.478,0.719
1520.066,-0.332,1.481,0.702
1520.177,-0.368,1.484,0.674
1520.288,-0.399,1.485,0.645
1520.399,-0.421,1.485,0.628
1520.510,-0.432,1.487,0.622
1520.621,-0.437,1.488,0.623
1520.732,-0.440,1.490,0.626
1520.843,-0.441,1.492,0.629
1520.955,-0.442,1.493,0.632
1521.066,-0.443,1.492,0.636
1521.177,-0.443,1.492,0.639
1521.288,-0.442,1.492,0.640
1521.399,-0.440,1.493,0.640
1521.510,-0.437,1.494,0.637
1521.621,-0.434,1.495,0.633
1521.733,-0.433,1.496,0.629
1521.844,-0.434,1.497,0.627
1521.955,-0.437,1.496,0.625
1522.066,-0.445,1.494,0.629
1522.177,-0.464,1.489,0.635
1522.288,-0.495,1.485,0.641
1522.399,-0.538,1.486,0.641
1522.511,-0.586,1.486,0.631
1522.622,-0.630,1.481,0.613
1522.734,-0.665,1.471,0.600
1522.844,-0.685,1.468,0.601
1522.955,-0.694,1.473,0.613
1523.066,-0.700,1.475,0.635
1523.177,-0.705,1.473,0.662
1523.288,-0.709,1.470,0.687
1523.399,-0.717,1.473,0.704
1523.510,-0.729,1.481,0.712
1523.622,-0.745,1.487,0.712
1523.733,-0.758,1.492,0.707
1523.844,-0.767,1.493,0.703
1523.955,-0.773,1.495,0.701
1524.066,-0.777,1.496,0.701
1524.177,-0.782,1.495,0.700
1524.289,-0.786,1.494,0.699
1524.400,-0.789,1.492,0.698
1524.511,-0.791,1.491,0.699
1524.622,-0.792,1.490,0.700
1524.733,-0.792,1.491,0.702
1524.844,-0.791,1.491,0.704
1524.955,-0.790,1.491,0.705
1525.066,-0.788,1.491,0.706
1525.178,-0.788,1.492,0.706
1525.288,-0.787,1.492,0.705
1525.400,-0.787,1.492,0.705
1525.511,-0.787,1.492,0.704
1525.622,-0.787,1.492,0.704
1525.733,-0.787,1.492,0.704
1525.844,-0.786,1.492,0.704
1525.955,-0.785,1.493,0.704
1526.067,-0.784,1.494,0.704
1526.177,-0.783,1.494,0.704
1526.289,-0.782,1.495,0.703
1526.400,-0.781,1.495,0.702
1526.510,-0.779,1.495,0.700
1526.622,-0.778,1.495,0.698
1526.733,-0.777,1.495,0.695
1526.844,-0.776,1.495,0.692
1526.955,-0.776,1.495,0.690
1527.066,-0.777,1.495,0.689
1527.177,-0.778,1.495,0.688
1527.288,-0.779,1.495,0.688
1527.400,-0.780,1.495,0.687
1527.511,-0.780,1.495,0.686
1527.622,-0.779,1.495,0.684
1527.733,-0.778,1.494,0.683
1527.844,-0.777,1.494,0.682
1527.955,-0.776,1.494,0.681
1528.067,-0.776,1.493,0.680
1528.177,-0.775,1.493,0.679
1528.289,-0.775,1.492,0.678
1528.400,-0.775,1.492,0.677
1528.511,-0.776,1.492,0.676
1528.622,-0.776,1.491,0.675
1528.733,-0.776,1.492,0.674
1528.844,-0.775,1.492,0.674
1528.955,-0.775,1.492,0.673
1529.067,-0.774,1.492,0.673
1529.177,-0.773,1.493,0.673
1529.289,-0.772,1.493,0.673
1529.400,-0.771,1.493,0.673
1529.510,-0.769,1.494,0.672
1529.622,-0.767,1.495,0.671
1529.733,-0.764,1.495,0.670
1529.844,-0.762,1.495,0.669
1529.955,-0.760,1.496,0.667
1530.067,-0.759,1.496,0.665
1530.177,-0.759,1.495,0.664
1530.288,-0.759,1.495,0.662
1530.400,-0.760,1.495,0.661
1530.511,-0.760,1.495,0.659
1530.622,-0.760,1.495,0.658
1530.733,-0.760,1.495,0.658
1530.844,-0.761,1.495,0.657
1530.955,-0.762,1.495,0.657
1531.067,-0.763,1.495,0.656
1531.178,-0.763,1.495,0.654
1531.288,-0.764,1.495,0.652
1531.400,-0.765,1.495,0.650
1531.510,-0.765,1.494,0.648
1531.622,-0.766,1.494,0.648
1531.733,-0.767,1.494,0.649
1531.844,-0.768,1.495,0.649
1531.955,-0.768,1.496,0.649
1532.066,-0.769,1.497,0.647
1532.177,-0.769,1.498,0.646
1532.289,-0.768,1.499,0.647
1532.400,-0.774,1.496,0.654
1532.510,-0.785,1.491,0.663
1532.622,-0.802,1.484,0.671
1532.733,-0.831,1.483,0.675
1532.844,-0.873,1.480,0.669
1532.955,-0.922,1.478,0.652
1533.067,-0.974,1.481,0.625
1533.178,-1.020,1.483,0.602
1533.289,-1.054,1.484,0.586
1533.400,-1.078,1.485,0.581
1533.511,-1.090,1.486,0.583
1533.622,-1.093,1.486,0.589
1533.734,-1.090,1.486,0.595
1533.844,-1.085,1.487,0.600
1533.955,-1.080,1.489,0.601
1534.067,-1.076,1.489,0.603
1534.178,-1.072,1.491,0.604
1534.289,-1.068,1.493,0.604
1534.400,-1.064,1.495,0.603
1534.511,-1.061,1.497,0.601
1534.622,-1.061,1.498,0.600
1534.734,-1.063,1.498,0.600
1534.844,-1.066,1.498,0.600
1534.955,-1.071,1.496,0.601
1535.067,-1.079,1.492,0.602
1535.178,-1.097,1.489,0.601
1535.289,-1.125,1.487,0.600
1535.400,-1.155,1.485,0.596
1535.511,-1.184,1.485,0.587
1535.622,-1.209,1.485,0.577
1535.733,-1.224,1.485,0.574
1535.844,-1.232,1.484,0.575
1535.955,-1.237,1.483,0.581
1536.067,-1.241,1.483,0.588
1536.178,-1.244,1.484,0.593
1536.289,-1.248,1.483,0.595
1536.400,-1.250,1.483,0.596
1536.511,-1.251,1.482,0.595
1536.622,-1.251,1.483,0.594
1536.734,-1.252,1.483,0.594
1536.844,-1.252,1.483,0.594
1536.956,-1.252,1.483,0.594
1537.067,-1.253,1.483,0.595
1537.178,-1.254,1.483,0.596
1537.289,-1.256,1.482,0.596
1537.400,-1.257,1.482,0.596
1537.511,-1.259,1.482,0.597
1537.622,-1.260,1.482,0.598
1537.734,-1.261,1.482,0.598
1537.844,-1.261,1.483,0.598
1537.955,-1.262,1.484,0.598
1538.067,-1.262,1.485,0.598
1538.178,-1.262,1.485,0.598
1538.289,-1.261,1.486,0.599
1538.400,-1.261,1.487,0.600
1538.511,-1.261,1.487,0.601
1538.622,-1.261,1.487,0.601
1538.733,-1.263,1.487,0.601
1538.845,-1.267,1.487,0.600
1538.956,-1.272,1.486,0.598
1539.067,-1.274,1.484,0.600
1539.178,-1.274,1.483,0.608
1539.289,-1.276,1.480,0.625
1539.400,-1.280,1.477,0.646
1539.511,-1.286,1.470,0.669
1539.622,-1.292,1.465,0.695
1539.734,-1.299,1.466,0.721
1539.844,-1.309,1.475,0.744
1539.956,-1.321,1.483,0.758
1540.067,-1.336,1.483,0.765
1540.178,-1.349,1.483,0.766
1540.288,-1.361,1.484,0.765
1540.400,-1.369,1.484,0.763
1540.510,-1.373,1.487,0.761
1540.622,-1.374,1.488,0.757
1540.733,-1.376,1.488,0.754
1540.844,-1.377,1.489,0.749
1540.955,-1.378,1.489,0.746
1541.067,-1.378,1.490,0.742
1541.177,-1.378,1.491,0.740
1541.288,-1.377,1.491,0.738
1541.400,-1.376,1.492,0.735
1541.511,-1.376,1.492,0.733
1541.622,-1.377,1.492,0.732
1541.733,-1.377,1.492,0.731
1541.844,-1.378,1.492,0.730
1541.955,-1.379,1.492,0.730
1542.067,-1.379,1.492,0.730
1542.177,-1.379,1.492,0.729
1542.289,-1.379,1.491,0.729
1542.400,-1.379,1.491,0.729
1542.511,-1.378,1.491,0.728
1542.622,-1.378,1.490,0.726
1542.733,-1.376,1.490,0.722
1542.844,-1.373,1.490,0.715
1542.955,-1.370,1.489,0.709
1543.067,-1.369,1.488,0.704
1543.178,-1.369,1.488,0.701
1543.289,-1.369,1.487,0.697
1543.400,-1.369,1.487,0.694
1543.511,-1.368,1.487,0.690
1543.622,-1.367,1.487,0.686
1543.734,-1.364,1.486,0.681
1543.844,-1.362,1.486,0.675
1543.956,-1.360,1.486,0.669
1544.067,-1.359,1.486,0.663
1544.178,-1.358,1.485,0.657
1544.289,-1.357,1.484,0.655
1544.400,-1.356,1.483,0.656
1544.511,-1.354,1.479,0.663
1544.622,-1.349,1.472,0.677
1544.733,-1.351,1.464,0.692
1544.844,-1.358,1.456,0.707
1544.955,-1.364,1.453,0.720
1545.067,-1.366,1.452,0.728
1545.177,-1.364,1.452,0.729
1545.289,-1.360,1.451,0.730
1545.399,-1.351,1.453,0.730
1545.511,-1.337,1.456,0.731
1545.622,-1.315,1.461,0.735
1545.734,-1.287,1.468,0.745
1545.845,-1.260,1.478,0.760
1545.956,-1.239,1.490,0.777
1546.067,-1.228,1.500,0.793
1546.178,-1.225,1.505,0.802
1546.289,-1.222,1.507,0.807
1546.401,-1.220,1.508,0.809
1546.511,-1.215,1.510,0.813
1546.622,-1.204,1.511,0.826
1546.734,-1.186,1.506,0.845
1546.845,-1.165,1.497,0.865
1546.955,-1.140,1.496,0.885
1547.067,-1.111,1.495,0.903
1547.178,-1.076,1.492,0.916
1547.289,-1.037,1.488,0.927
1547.400,-0.993,1.490,0.931
1547.511,-0.938,1.504,0.927
1547.622,-0.885,1.520,0.919
1547.734,-0.840,1.536,0.907
1547.844,-0.807,1.552,0.893
1547.956,-0.779,1.558,0.883
1548.067,-0.751,1.556,0.878
1548.178,-0.723,1.552,0.880
1548.290,-0.691,1.552,0.887
1548.401,-0.658,1.549,0.894
1548.512,-0.632,1.548,0.900
1548.623,-0.616,1.549,0.908
1548.734,-0.608,1.552,0.916
1548.845,-0.607,1.554,0.922
1548.956,-0.609,1.556,0.926
1549.068,-0.612,1.557,0.929
1549.178,-0.614,1.557,0.930
1549.290,-0.615,1.557,0.931
1549.401,-0.615,1.557,0.932
1549.512,-0.614,1.558,0.933
1549.623,-0.613,1.558,0.934
1549.734,-0.612,1.558,0.934
1549.845,-0.612,1.558,0.935
1549.956,-0.612,1.557,0.936
1550.067,-0.611,1.558,0.937
1550.178,-0.612,1.558,0.938
1550.290,-0.612,1.558,0.938
1550.401,-0.613,1.557,0.938
1550.512,-0.614,1.557,0.938
1550.623,-0.615,1.557,0.937
1550.735,-0.616,1.557,0.937
1550.845,-0.616,1.558,0.936
1550.956,-0.618,1.556,0.935
1551.068,-0.627,1.552,0.931
1551.179,-0.643,1.538,0.924
1551.290,-0.665,1.517,0.919
1551.401,-0.687,1.498,0.917
1551.511,-0.712,1.489,0.920
1551.623,-0.733,1.486,0.931
1551.734,-0.745,1.486,0.940
1551.845,-0.744,1.482,0.933
1551.956,-0.727,1.477,0.913
1552.067,-0.689,1.471,0.889
1552.178,-0.651,1.466,0.875
1552.289,-0.614,1.466,0.865
1552.400,-0.570,1.467,0.867
1552.511,-0.527,1.471,0.888
1552.622,-0.498,1.475,0.920
1552.734,-0.486,1.476,0.954
1552.845,-0.482,1.477,0.974
1552.956,-0.479,1.480,0.979
1553.068,-0.477,1.485,0.975
1553.178,-0.479,1.504,0.956
1553.289,-0.497,1.534,0.930
1553.401,-0.529,1.552,0.915
1553.512,-0.550,1.556,0.914
1553.623,-0.558,1.556,0.918
1553.734,-0.560,1.555,0.921
1553.845,-0.560,1.555,0.924
1553.956,-0.559,1.553,0.926
1554.067,-0.561,1.554,0.928
1554.178,-0.562,1.553,0.930
1554.290,-0.563,1.553,0.932
1554.401,-0.564,1.553,0.933
1554.512,-0.565,1.553,0.933
1554.623,-0.566,1.553,0.933
1554.734,-0.567,1.553,0.933
1554.845,-0.568,1.552,0.932
1554.956,-0.567,1.550,0.930
1555.068,-0.560,1.536,0.926
1555.179,-0.548,1.507,0.925
1555.290,-0.538,1.495,0.923
1555.401,-0.534,1.489,0.920
1555.512,-0.532,1.487,0.917
1555.623,-0.532,1.486,0.914
1555.734,-0.531,1.485,0.913
1555.845,-0.524,1.486,0.920
1555.956,-0.503,1.489,0.945
1556.067,-0.491,1.490,0.981
1556.178,-0.488,1.488,1.012
1556.290,-0.492,1.489,1.044
1556.401,-0.498,1.489,1.070
1556.512,-0.500,1.488,1.084
1556.623,-0.498,1.488,1.091
1556.734,-0.493,1.489,1.095
1556.845,-0.486,1.488,1.096
1556.956,-0.480,1.488,1.095
1557.067,-0.475,1.487,1.096
1557.178,-0.472,1.487,1.098
1557.289,-0.470,1.487,1.104
1557.401,-0.471,1.486,1.110
1557.511,-0.469,1.488,1.112
1557.623,-0.468,1.488,1.115
1557.734,-0.467,1.488,1.118
1557.844,-0.462,1.488,1.120
1557.956,-0.456,1.489,1.116
1558.067,-0.451,1.490,1.113
1558.178,-0.444,1.490,1.108
1558.290,-0.435,1.489,1.100
1558.401,-0.427,1.489,1.090
1558.512,-0.421,1.489,1.076
1558.623,-0.417,1.490,1.060
1558.734,-0.419,1.490,1.039
1558.845,-0.428,1.488,1.013
1558.956,-0.445,1.483,0.985
1559.067,-0.464,1.476,0.963
1559.178,-0.475,1.471,0.947
1559.289,-0.482,1.468,0.938
1559.400,-0.487,1.466,0.933
1559.511,-0.490,1.464,0.929
1559.622,-0.491,1.463,0.927
1559.734,-0.491,1.461,0.927
1559.845,-0.491,1.460,0.928
1559.956,-0.489,1.460,0.929
1560.067,-0.488,1.459,0.930
1560.178,-0.486,1.459,0.930
1560.289,-0.483,1.458,0.930
1560.400,-0.481,1.458,0.929
1560.511,-0.479,1.458,0.929
1560.622,-0.477,1.458,0.930
1560.733,-0.476,1.458,0.931
1560.844,-0.475,1.458,0.932
1560.955,-0.474,1.459,0.934
1561.067,-0.473,1.460,0.935
1561.178,-0.470,1.461,0.936
1561.289,-0.467,1.461,0.935
1561.400,-0.464,1.461,0.934
1561.511,-0.461,1.462,0.931
1561.622,-0.459,1.461,0.928
1561.733,-0.457,1.460,0.925
1561.844,-0.457,1.461,0.922
1561.955,-0.459,1.461,0.920
1562.066,-0.461,1.462,0.917
1562.177,-0.463,1.462,0.916
1562.288,-0.465,1.462,0.914
1562.400,-0.468,1.462,0.913
1562.511,-0.471,1.463,0.911
1562.622,-0.472,1.463,0.911
1562.733,-0.473,1.463,0.910
1562.844,-0.473,1.462,0.911
1562.955,-0.473,1.463,0.912
1563.067,-0.473,1.464,0.912
1563.178,-0.473,1.464,0.910
1563.289,-0.474,1.463,0.908
1563.400,-0.474,1.464,0.907
1563.511,-0.474,1.465,0.906
1563.622,-0.475,1.466,0.904
1563.734,-0.476,1.468,0.902
1563.844,-0.477,1.468,0.901
1563.956,-0.479,1.469,0.898
1564.067,-0.479,1.470,0.897
1564.178,-0.479,1.477,0.898
1564.313,-0.472,1.504,0.905
1564.417,-0.470,1.540,0.934
1564.529,-0.477,1.547,0.948
1564.641,-0.478,1.548,0.955
1564.751,-0.477,1.549,0.957
1564.858,-0.476,1.546,0.952
1564.969,-0.472,1.544,0.947
1565.079,-0.467,1.541,0.939
1565.191,-0.465,1.535,0.930
1565.302,-0.463,1.525,0.922
1565.414,-0.463,1.515,0.916
1565.525,-0.460,1.512,0.913
1565.636,-0.453,1.510,0.914
1565.746,-0.447,1.511,0.915
1565.857,-0.436,1.523,0.923
1565.969,-0.432,1.532,0.933
1566.080,-0.429,1.533,0.935
1566.191,-0.428,1.527,0.930
1566.303,-0.428,1.523,0.922
1566.414,-0.428,1.523,0.912
1566.525,-0.426,1.524,0.895
1566.636,-0.419,1.521,0.877
1566.747,-0.411,1.524,0.853
1566.858,-0.404,1.530,0.822
1566.969,-0.392,1.532,0.785
1567.080,-0.375,1.533,0.750
1567.192,-0.350,1.530,0.727
1567.302,-0.323,1.520,0.721
1567.414,-0.294,1.518,0.742
1567.525,-0.270,1.514,0.772
1567.636,-0.246,1.506,0.803
1567.747,-0.217,1.501,0.836
1567.858,-0.183,1.499,0.879
1567.969,-0.144,1.501,0.926
1568.081,-0.104,1.502,0.967
1568.192,-0.064,1.510,0.982
1568.303,-0.043,1.528,0.966
1568.414,-0.048,1.544,0.947
1568.525,-0.065,1.553,0.934
1568.637,-0.076,1.556,0.925
1568.748,-0.082,1.555,0.915
1568.859,-0.085,1.553,0.900
1568.970,-0.086,1.552,0.886
1569.081,-0.086,1.549,0.869
1569.192,-0.084,1.544,0.854
1569.303,-0.080,1.538,0.839
1569.414,-0.078,1.539,0.830
1569.525,-0.074,1.543,0.824
1569.637,-0.067,1.547,0.822
1569.748,-0.061,1.549,0.826
1569.859,-0.054,1.551,0.836
1569.970,-0.050,1.551,0.849
1570.081,-0.050,1.552,0.861
1570.192,-0.050,1.553,0.875
1570.303,-0.049,1.550,0.893
1570.415,-0.050,1.548,0.927
1570.525,-0.071,1.546,0.966
1570.636,-0.102,1.543,0.992
1570.748,-0.125,1.541,1.001
1570.859,-0.139,1.539,1.001
1570.970,-0.141,1.537,0.999
1571.081,-0.127,1.538,0.995
1571.192,-0.085,1.540,0.975
1571.303,-0.046,1.535,0.931
1571.414,-0.032,1.527,0.888
1571.526,-0.023,1.518,0.868
1571.636,-0.013,1.505,0.858
1571.748,-0.003,1.491,0.850
1571.859,0.004,1.474,0.845
1571.970,0.011,1.462,0.843
1572.081,0.013,1.456,0.843
1572.192,0.012,1.454,0.843
1572.303,0.011,1.452,0.843
1572.414,0.007,1.454,0.843
1572.526,0.005,1.455,0.842
1572.637,0.003,1.456,0.842
1572.748,0.002,1.457,0.842
1572.859,0.001,1.457,0.842
1572.969,0.002,1.458,0.843
1573.081,0.003,1.457,0.842
1573.192,0.005,1.456,0.843
1573.303,0.009,1.456,0.842
1573.414,0.011,1.458,0.841
1573.525,0.011,1.457,0.840
1573.636,0.011,1.456,0.839
1573.747,0.010,1.456,0.838
1573.858,0.010,1.454,0.837
1573.970,0.009,1.453,0.835
1574.080,0.009,1.451,0.833
1574.192,0.008,1.450,0.830
1574.303,0.007,1.448,0.829
1574.414,0.006,1.447,0.829
1574.525,0.007,1.446,0.827
1574.636,0.008,1.443,0.826
1574.748,0.006,1.443,0.826
1574.858,0.004,1.443,0.825
1574.970,0.003,1.442,0.824
1575.081,0.002,1.441,0.825
1575.192,0.004,1.438,0.823
1575.303,0.006,1.437,0.821
1575.415,0.004,1.434,0.819
1575.525,0.002,1.431,0.816
1575.637,0.005,1.430,0.816
1575.748,0.009,1.428,0.813
1575.858,0.010,1.428,0.810
1575.970,0.010,1.427,0.808
1576.081,0.012,1.426,0.807
1576.192,0.018,1.424,0.803
1576.303,0.024,1.425,0.801
1576.415,0.027,1.425,0.798
1576.525,0.028,1.425,0.797
1576.636,0.032,1.425,0.796
1576.748,0.039,1.434,0.794
1576.858,0.055,1.461,0.782
1576.970,0.074,1.504,0.766
1577.081,0.100,1.545,0.739
1577.192,0.129,1.515,0.715
1577.303,0.148,1.415,0.706
1577.414,0.162,1.327,0.712
1577.525,0.169,1.285,0.719
1577.636,0.171,1.276,0.726
1577.747,0.172,1.279,0.731
1577.858,0.175,1.283,0.734
1577.969,0.176,1.290,0.740
1578.081,0.175,1.296,0.745
1578.192,0.174,1.298,0.754
1578.303,0.161,1.279,0.753
1578.414,0.154,1.246,0.752
1578.525,0.167,1.214,0.759
1578.636,0.188,1.176,0.762
1578.748,0.205,1.157,0.755
1578.858,0.236,1.144,0.727
1578.970,0.268,1.126,0.693
1579.081,0.303,1.124,0.643
1579.192,0.345,1.128,0.573
1579.303,0.380,1.128,0.502
1579.415,0.414,1.121,0.433
1579.526,0.432,1.124,0.370
1579.637,0.458,1.134,0.305
1579.748,0.496,1.147,0.238
1579.859,0.538,1.154,0.173
1579.970,0.573,1.152,0.115
1580.081,0.599,1.157,0.064
1580.192,0.617,1.155,0.028
1580.304,0.630,1.142,0.006
1580.415,0.639,1.130,-0.023
1580.526,0.649,1.124,-0.065
1580.637,0.661,1.108,-0.109
1580.749,0.671,1.102,-0.165
1580.859,0.667,1.079,-0.248
1580.971,0.652,1.039,-0.354
1581.082,0.635,1.008,-0.476
1581.192,0.637,0.985,-0.594
1581.304,0.663,0.944,-0.707
1581.415,0.714,0.911,-0.839
1581.527,0.757,0.894,-0.958
1581.638,0.778,0.894,-1.059
1581.749,0.789,0.891,-1.151
1581.859,0.798,0.885,-1.214
1581.971,0.834,0.870,-1.272
1582.082,0.887,0.864,-1.361
1582.193,0.924,0.848,-1.476
1582.305,0.948,0.836,-1.591
1582.416,0.967,0.840,-1.690
1582.527,0.993,0.844,-1.771
1582.639,1.016,0.829,-1.856
1582.750,1.040,0.810,-1.946
1582.861,1.075,0.795,-2.035
1582.972,1.120,0.793,-2.112
1583.083,1.172,0.808,-2.166
1583.194,1.231,0.813,-2.207
1583.305,1.300,0.803,-2.236
1583.417,1.373,0.794,-2.254
1583.527,1.449,0.786,-2.269
1583.639,1.521,0.789,-2.272
1583.750,1.585,0.782,-2.259
1583.861,1.641,0.767,-2.233
1583.973,1.693,0.754,-2.188
1584.084,1.739,0.745,-2.130
1584.194,1.775,0.731,-2.071
1584.305,1.795,0.707,-2.019
1584.416,1.788,0.700,-1.984
1584.527,1.755,0.716,-1.959
1584.638,1.711,0.744,-1.931
1584.750,1.656,0.805,-1.895
1584.860,1.600,0.864,-1.856
1584.971,1.555,0.860,-1.814
1585.083,1.525,0.810,-1.775
1585.193,1.513,0.703,-1.714
1585.304,1.508,0.601,-1.678
1585.415,1.513,0.533,-1.677
1585.526,1.519,0.471,-1.699
1585.637,1.515,0.471,-1.709
1585.748,1.516,0.479,-1.708
1585.859,1.515,0.478,-1.710
1585.971,1.516,0.476,-1.709
1586.081,1.517,0.475,-1.710
1586.192,1.517,0.476,-1.711
1586.303,1.517,0.476,-1.711
1586.415,1.517,0.476,-1.711
1586.526,1.516,0.476,-1.712
1586.637,1.516,0.476,-1.712
1586.748,1.516,0.476,-1.712
1586.859,1.516,0.476,-1.712
1586.970,1.516,0.476,-1.712
1587.081,1.516,0.476,-1.712
1587.193,1.516,0.476,-1.712
1587.304,1.516,0.476,-1.712
1587.415,1.516,0.476,-1.712
1587.526,1.516,0.477,-1.712
1587.637,1.516,0.477,-1.712
1587.747,1.516,0.477,-1.711
1587.859,1.516,0.477,-1.711
1587.970,1.516,0.477,-1.711
1588.081,1.517,0.477,-1.711
1588.192,1.516,0.477,-1.711
1588.304,1.516,0.477,-1.711
1588.415,1.516,0.477,-1.711
1588.526,1.516,0.477,-1.711
1588.637,1.516,0.477,-1.711
1588.748,1.516,0.477,-1.711
1588.859,1.517,0.476,-1.711
1588.970,1.517,0.477,-1.711
1589.081,1.517,0.477,-1.711
1589.192,1.517,0.477,-1.711
1589.304,1.517,0.477,-1.711
1589.414,1.517,0.477,-1.711
1589.525,1.517,0.476,-1.711
1589.637,1.516,0.476,-1.711
1589.748,1.516,0.476,-1.711
1589.859,1.516,0.476,-1.711
1589.970,1.516,0.476,-1.711
1590.081,1.516,0.476,-1.711
1590.192,1.516,0.476,-1.711
1590.304,1.516,0.476,-1.711
1590.415,1.516,0.476,-1.711
1590.526,1.516,0.476,-1.711
1590.637,1.516,0.476,-1.711
1590.748,1.516,0.476,-1.711
1590.859,1.516,0.476,-1.711
1590.970,1.516,0.476,-1.711
1591.081,1.516,0.476,-1.711
1591.192,1.516,0.476,-1.711
1591.304,1.516,0.476,-1.711
1591.414,1.516,0.476,-1.711
1591.526,1.516,0.476,-1.711
1591.637,1.516,0.476,-1.711
1591.748,1.516,0.476,-1.711
1591.859,1.516,0.476,-1.712
1591.971,1.516,0.476,-1.711
1592.081,1.516,0.476,-1.711
1592.193,1.516,0.476,-1.711
1592.304,1.516,0.476,-1.711
1592.415,1.516,0.476,-1.711
1592.526,1.516,0.476,-1.711
1592.637,1.516,0.476,-1.711
1592.748,1.516,0.476,-1.711
1592.859,1.516,0.476,-1.711
1592.971,1.516,0.476,-1.711
1593.081,1.516,0.476,-1.711
1593.192,1.516,0.476,-1.711
1593.304,1.516,0.476,-1.711
1593.415,1.516,0.476,-1.711
1593.526,1.516,0.476,-1.711
1593.637,1.516,0.476,-1.711
1593.748,1.516,0.476,-1.711
1593.859,1.516,0.476,-1.711
1593.971,1.516,0.476,-1.711
1594.081,1.516,0.476,-1.711
1594.192,1.516,0.476,-1.711
1594.304,1.516,0.476,-1.711
1594.415,1.516,0.476,-1.711
1594.526,1.516,0.476,-1.711
1594.637,1.516,0.476,-1.711
1594.748,1.516,0.476,-1.711
1594.859,1.516,0.476,-1.711
1594.971,1.516,0.476,-1.711
1595.081,1.516,0.476,-1.711
1595.192,1.516,0.476,-1.711
1595.304,1.516,0.476,-1.711
1595.415,1.516,0.476,-1.711
1595.526,1.516,0.476,-1.711
1595.637,1.516,0.476,-1.711
1595.748,1.516,0.476,-1.711
1595.859,1.516,0.476,-1.711
1595.970,1.516,0.476,-1.711
1596.082,1.516,0.476,-1.711
1596.192,1.516,0.476,-1.711
1596.304,1.516,0.476,-1.711
1596.415,1.516,0.476,-1.711
1596.526,1.516,0.476,-1.711
1596.637,1.516,0.476,-1.711
1596.748,1.516,0.476,-1.711
1596.859,1.516,0.476,-1.711
1596.970,1.517,0.476,-1.711
1597.082,1.516,0.476,-1.711
1597.192,1.516,0.476,-1.711
1597.304,1.516,0.476,-1.711
1597.415,1.516,0.476,-1.711
1597.525,1.516,0.476,-1.711
1597.637,1.516,0.476,-1.711
1597.748,1.516,0.476,-1.711
1597.859,1.516,0.476,-1.711
1597.971,1.516,0.476,-1.711
1598.081,1.516,0.476,-1.711
1598.193,1.516,0.476,-1.711
1598.304,1.516,0.476,-1.711
1598.415,1.516,0.476,-1.711
1598.526,1.516,0.476,-1.711
1598.637,1.516,0.476,-1.711
1598.748,1.516,0.476,-1.711
1598.859,1.516,0.476,-1.711
1598.970,1.516,0.476,-1.711
1599.082,1.516,0.476,-1.711
1599.192,1.516,0.476,-1.711
1599.304,1.516,0.476,-1.711
1599.415,1.516,0.476,-1.711
1599.526,1.516,0.476,-1.711
1599.637,1.516,0.476,-1.711
1599.748,1.516,0.476,-1.711
1599.859,1.516,0.476,-1.711
1599.970,1.516,0.476,-1.711
1600.081,1.516,0.476,-1.711
1600.192,1.516,0.476,-1.711
1600.304,1.516,0.476,-1.711
1600.415,1.516,0.476,-1.711
1600.525,1.516,0.476,-1.711
1600.637,1.516,0.476,-1.711
1600.748,1.516,0.476,-1.711
1600.859,1.516,0.476,-1.711
1600.971,1.516,0.476,-1.711
1601.082,1.516,0.476,-1.711
1601.192,1.516,0.476,-1.711
1601.304,1.516,0.476,-1.711
1601.415,1.516,0.476,-1.711
1601.525,1.516,0.476,-1.711
1601.637,1.516,0.476,-1.711
1601.748,1.516,0.476,-1.711
1601.859,1.516,0.476,-1.711
1601.971,1.516,0.476,-1.711
1602.081,1.516,0.476,-1.711
1602.192,1.516,0.476,-1.711
1602.304,1.516,0.476,-1.711
1602.415,1.516,0.476,-1.711
1602.525,1.516,0.476,-1.711
1602.637,1.516,0.476,-1.711
1602.748,1.516,0.476,-1.711
1602.859,1.516,0.476,-1.711
1602.970,1.516,0.476,-1.711
1603.081,1.516,0.476,-1.711
1603.192,1.516,0.476,-1.711
1603.304,1.516,0.476,-1.711
1603.415,1.516,0.476,-1.711
1603.526,1.516,0.476,-1.711
1603.637,1.516,0.476,-1.711
1603.748,1.516,0.476,-1.711
1603.859,1.516,0.476,-1.711
1603.970,1.516,0.476,-1.711
1604.082,1.516,0.476,-1.711
1604.192,1.516,0.476,-1.711
1604.304,1.516,0.476,-1.711
1604.415,1.516,0.476,-1.711
1604.526,1.516,0.476,-1.711
1604.637,1.516,0.476,-1.711
1604.748,1.516,0.476,-1.711
1604.859,1.516,0.476,-1.711
1604.970,1.516,0.476,-1.711
1605.082,1.516,0.476,-1.711
1605.193,1.516,0.476,-1.711
1605.303,1.516,0.476,-1.711
1605.415,1.516,0.476,-1.711
1605.526,1.516,0.476,-1.711
1605.637,1.516,0.476,-1.711
1605.748,1.516,0.476,-1.711
1605.859,1.516,0.476,-1.711
1605.970,1.516,0.476,-1.711
1606.082,1.516,0.476,-1.711
1606.193,1.516,0.476,-1.711
1606.304,1.516,0.476,-1.711
1606.415,1.516,0.476,-1.711
1606.526,1.516,0.476,-1.711
1606.637,1.516,0.476,-1.711
1606.748,1.516,0.476,-1.711
1606.859,1.516,0.476,-1.711
1606.970,1.516,0.476,-1.711
1607.082,1.516,0.476,-1.711
1607.193,1.516,0.476,-1.711
1607.303,1.516,0.476,-1.711
1607.415,1.516,0.476,-1.711
1607.526,1.516,0.476,-1.711
1607.637,1.516,0.476,-1.711
1607.748,1.516,0.476,-1.711
1607.859,1.516,0.476,-1.711
1607.970,1.516,0.476,-1.711
1608.081,1.516,0.476,-1.711
1608.192,1.516,0.476,-1.711
1608.304,1.516,0.476,-1.711
1608.415,1.516,0.476,-1.711
1608.526,1.516,0.476,-1.711
1608.637,1.516,0.476,-1.711
1608.748,1.516,0.476,-1.711
1608.859,1.516,0.476,-1.711
1608.970,1.516,0.476,-1.711
1609.081,1.516,0.476,-1.711
1609.192,1.516,0.476,-1.711
1609.303,1.516,0.476,-1.711
1609.414,1.516,0.476,-1.711
1609.525,1.516,0.476,-1.711
1609.637,1.516,0.476,-1.711
1609.748,1.516,0.476,-1.711
1609.859,1.516,0.476,-1.711
1609.970,1.516,0.476,-1.711
1610.081,1.516,0.476,-1.711
1610.192,1.516,0.476,-1.711
1610.304,1.516,0.476,-1.711
1610.415,1.516,0.476,-1.711
1610.526,1.516,0.476,-1.711
1610.637,1.516,0.476,-1.711
1610.748,1.516,0.476,-1.711
1610.859,1.516,0.476,-1.711
1610.970,1.516,0.476,-1.711
1611.082,1.516,0.476,-1.711
1611.192,1.516,0.476,-1.711
1611.303,1.516,0.476,-1.711
1611.415,1.516,0.476,-1.711
1611.526,1.516,0.476,-1.711
1611.637,1.516,0.476,-1.711
1611.748,1.516,0.476,-1.711
1611.859,1.516,0.476,-1.711
1611.971,1.516,0.476,-1.711
1612.082,1.516,0.476,-1.710
1612.193,1.516,0.476,-1.710
1612.304,1.516,0.476,-1.710
1612.415,1.516,0.476,-1.710
1612.526,1.516,0.476,-1.710
1612.637,1.516,0.476,-1.710
1612.748,1.516,0.476,-1.710
1612.859,1.516,0.476,-1.710
1612.970,1.516,0.476,-1.710
1613.081,1.516,0.476,-1.710
1613.193,1.516,0.476,-1.710
1613.303,1.516,0.476,-1.710
1613.415,1.516,0.476,-1.710
1613.526,1.516,0.476,-1.710
1613.637,1.516,0.476,-1.711
1613.748,1.516,0.476,-1.711
1613.859,1.516,0.476,-1.711
1613.970,1.516,0.476,-1.711
1614.081,1.516,0.476,-1.711
1614.192,1.516,0.476,-1.711
1614.303,1.516,0.476,-1.711
1614.415,1.516,0.476,-1.711
1614.526,1.516,0.476,-1.711
1614.637,1.516,0.476,-1.711
1614.748,1.516,0.476,-1.711
1614.859,1.516,0.476,-1.711
1614.970,1.516,0.476,-1.711
1615.082,1.516,0.476,-1.710
1615.192,1.516,0.476,-1.710
1615.304,1.516,0.476,-1.710
1615.415,1.516,0.476,-1.710
1615.526,1.516,0.476,-1.710
1615.637,1.516,0.476,-1.710
1615.749,1.516,0.476,-1.710
1615.859,1.516,0.476,-1.710
1615.970,1.516,0.476,-1.710
1616.082,1.516,0.476,-1.710
1616.192,1.516,0.476,-1.711
1616.303,1.516,0.476,-1.711
1616.415,1.516,0.476,-1.710
1616.526,1.516,0.476,-1.710
1616.637,1.516,0.476,-1.710
1616.748,1.516,0.476,-1.710
1616.859,1.516,0.476,-1.711
1616.970,1.516,0.476,-1.710
1617.081,1.516,0.476,-1.710
1617.192,1.516,0.476,-1.710
1617.304,1.516,0.476,-1.710
1617.415,1.516,0.476,-1.710
1617.526,1.516,0.476,-1.710
1617.637,1.516,0.476,-1.710
1617.748,1.516,0.476,-1.710
1617.859,1.516,0.476,-1.711
1617.971,1.516,0.476,-1.711
1618.082,1.516,0.476,-1.711
1618.192,1.516,0.476,-1.711
1618.304,1.516,0.476,-1.711
1618.415,1.516,0.476,-1.711
1618.525,1.516,0.476,-1.711
1618.637,1.516,0.476,-1.711
1618.748,1.516,0.476,-1.710
1618.859,1.516,0.476,-1.710
1618.970,1.516,0.476,-1.710
1619.082,1.516,0.476,-1.710
1619.192,1.516,0.476,-1.710
1619.304,1.516,0.476,-1.711
1619.415,1.517,0.476,-1.711
1619.525,1.516,0.476,-1.711
1619.637,1.516,0.476,-1.711
1619.748,1.516,0.476,-1.711
1619.859,1.516,0.476,-1.711
1619.970,1.516,0.476,-1.711
1620.082,1.516,0.476,-1.711
1620.192,1.516,0.476,-1.711
1620.303,1.516,0.476,-1.710
1620.414,1.516,0.476,-1.710
1620.525,1.516,0.476,-1.710
1620.636,1.516,0.476,-1.710
1620.747,1.516,0.476,-1.710
1620.859,1.516,0.476,-1.710
1620.970,1.516,0.476,-1.710
1621.081,1.516,0.476,-1.710
1621.192,1.516,0.476,-1.710
1621.303,1.516,0.476,-1.711
1621.415,1.516,0.476,-1.711
1621.525,1.516,0.476,-1.711
1621.637,1.516,0.476,-1.711
1621.747,1.516,0.476,-1.711
1621.859,1.516,0.476,-1.711
1621.970,1.516,0.476,-1.710
1622.081,1.516,0.476,-1.710
1622.192,1.516,0.476,-1.710
1622.303,1.516,0.476,-1.710
1622.415,1.516,0.476,-1.711
1622.526,1.516,0.476,-1.711
1622.637,1.516,0.476,-1.711
1622.748,1.516,0.476,-1.711
1622.859,1.516,0.476,-1.711
1622.970,1.516,0.476,-1.711
1623.081,1.516,0.476,-1.711
1623.192,1.516,0.476,-1.711
1623.304,1.516,0.476,-1.711
1623.415,1.516,0.476,-1.711
1623.525,1.516,0.476,-1.711
1623.637,1.516,0.476,-1.711
1623.748,1.516,0.476,-1.711
1623.859,1.516,0.476,-1.711
1623.970,1.516,0.476,-1.711
1624.081,1.516,0.476,-1.711
1624.192,1.516,0.476,-1.711
1624.304,1.516,0.476,-1.711
1624.415,1.516,0.476,-1.711
1624.526,1.516,0.476,-1.710
1624.637,1.516,0.476,-1.710
1624.748,1.516,0.476,-1.710
1624.859,1.516,0.476,-1.710
1624.970,1.516,0.476,-1.710
1625.081,1.517,0.476,-1.711
1625.192,1.517,0.476,-1.711
1625.304,1.517,0.476,-1.710
1625.414,1.517,0.476,-1.711
1625.526,1.517,0.476,-1.711
1625.637,1.516,0.476,-1.711
1625.749,1.516,0.476,-1.710
1625.859,1.516,0.476,-1.710
1625.971,1.516,0.476,-1.711
1626.081,1.516,0.476,-1.710
1626.192,1.516,0.476,-1.710
1626.304,1.516,0.476,-1.710
1626.415,1.516,0.476,-1.710
1626.525,1.516,0.476,-1.710
1626.637,1.516,0.476,-1.710
1626.748,1.516,0.476,-1.710
1626.859,1.516,0.476,-1.710
1626.970,1.516,0.476,-1.710
1627.081,1.516,0.476,-1.710
1627.192,1.516,0.476,-1.710
1627.304,1.516,0.476,-1.711
1627.415,1.516,0.476,-1.711
1627.525,1.516,0.476,-1.711
1627.637,1.516,0.476,-1.710
1627.748,1.516,0.476,-1.711
1627.859,1.516,0.476,-1.711
1627.970,1.516,0.476,-1.711
1628.081,1.516,0.476,-1.711
1628.192,1.516,0.476,-1.711
1628.304,1.516,0.476,-1.711
1628.415,1.516,0.476,-1.710
1628.526,1.516,0.476,-1.710
1628.637,1.516,0.476,-1.710
1628.748,1.516,0.476,-1.710
1628.859,1.516,0.476,-1.710
1628.971,1.516,0.476,-1.710
1629.082,1.516,0.476,-1.710
1629.193,1.516,0.476,-1.710
1629.303,1.516,0.476,-1.710
1629.415,1.517,0.476,-1.711
1629.526,1.516,0.476,-1.711
1629.637,1.516,0.476,-1.711
1629.748,1.516,0.476,-1.711
1629.859,1.516,0.476,-1.710
1629.971,1.516,0.476,-1.710
1630.081,1.516,0.476,-1.710
1630.192,1.516,0.476,-1.710
1630.304,1.516,0.476,-1.711
1630.415,1.516,0.476,-1.711
1630.525,1.516,0.476,-1.711
1630.637,1.516,0.476,-1.711
1630.747,1.517,0.476,-1.711
1630.858,1.517,0.476,-1.711
1630.970,1.517,0.476,-1.711
1631.081,1.517,0.476,-1.711
1631.192,1.517,0.476,-1.711
1631.304,1.517,0.476,-1.711
1631.415,1.517,0.476,-1.711
1631.526,1.517,0.476,-1.711
1631.637,1.517,0.476,-1.711
1631.748,1.516,0.476,-1.711
1631.859,1.516,0.476,-1.711
1631.970,1.516,0.476,-1.711
1632.082,1.516,0.476,-1.711
1632.192,1.517,0.476,-1.711
1632.303,1.516,0.476,-1.711
1632.415,1.516,0.476,-1.711
1632.526,1.516,0.476,-1.711
1632.637,1.517,0.476,-1.711
1632.749,1.517,0.476,-1.711
1632.859,1.517,0.476,-1.710
1632.970,1.517,0.476,-1.710
1633.082,1.517,0.476,-1.710
1633.192,1.516,0.476,-1.711
1633.303,1.517,0.476,-1.711
1633.415,1.516,0.476,-1.711
1633.525,1.516,0.476,-1.711
1633.637,1.516,0.476,-1.711
1633.748,1.516,0.476,-1.710
1633.859,1.516,0.476,-1.710
1633.970,1.516,0.476,-1.711
1634.081,1.516,0.476,-1.711
1634.193,1.516,0.476,-1.711
1634.304,1.516,0.476,-1.711
1634.415,1.516,0.476,-1.711
1634.526,1.516,0.476,-1.711
1634.637,1.516,0.476,-1.711
1634.748,1.517,0.476,-1.711
1634.859,1.517,0.476,-1.711
1634.970,1.517,0.476,-1.710
1635.082,1.517,0.476,-1.710
1635.192,1.517,0.476,-1.711
1635.303,1.517,0.476,-1.711
1635.415,1.517,0.476,-1.711
1635.525,1.517,0.476,-1.711
1635.637,1.517,0.476,-1.711
1635.748,1.517,0.476,-1.711
1635.859,1.517,0.476,-1.711
1635.971,1.517,0.476,-1.710
1636.082,1.517,0.476,-1.710
1636.192,1.517,0.476,-1.710
1636.304,1.517,0.476,-1.710
1636.415,1.516,0.476,-1.710
1636.526,1.516,0.476,-1.711
1636.637,1.516,0.476,-1.711
1636.748,1.516,0.476,-1.711
1636.859,1.517,0.476,-1.711
1636.971,1.517,0.476,-1.711
1637.081,1.517,0.476,-1.711
1637.192,1.516,0.476,-1.711
1637.304,1.517,0.476,-1.710
1637.415,1.516,0.476,-1.710
1637.526,1.517,0.476,-1.710
1637.637,1.517,0.476,-1.710
1637.749,1.517,0.476,-1.710
1637.859,1.517,0.476,-1.711
1637.970,1.517,0.476,-1.711
1638.081,1.517,0.476,-1.711
1638.192,1.517,0.476,-1.711
1638.304,1.517,0.476,-1.711
1638.415,1.517,0.476,-1.711
1638.526,1.517,0.476,-1.711
1638.637,1.517,0.476,-1.711
1638.748,1.517,0.476,-1.711
1638.859,1.517,0.476,-1.711
1638.970,1.517,0.476,-1.711
1639.082,1.517,0.476,-1.711
1639.192,1.517,0.476,-1.711
1639.304,1.517,0.476,-1.711
1639.415,1.517,0.476,-1.711
1639.526,1.517,0.476,-1.711
1639.637,1.517,0.476,-1.711
1639.748,1.517,0.476,-1.711
1639.859,1.517,0.476,-1.711
1639.970,1.517,0.476,-1.711
1640.081,1.517,0.476,-1.711
1640.192,1.517,0.476,-1.711
1640.303,1.517,0.476,-1.711
1640.415,1.517,0.476,-1.711
1640.526,1.517,0.476,-1.711
1640.637,1.517,0.476,-1.711
1640.748,1.517,0.476,-1.711
1640.859,1.517,0.476,-1.711
1640.970,1.517,0.476,-1.711
1641.082,1.517,0.476,-1.711
1641.192,1.517,0.476,-1.711
1641.303,1.517,0.476,-1.711
1641.415,1.517,0.476,-1.711
1641.526,1.517,0.476,-1.711
1641.637,1.517,0.476,-1.711
1641.748,1.517,0.476,-1.711
1641.859,1.517,0.476,-1.711
1641.970,1.517,0.476,-1.711
1642.082,1.517,0.476,-1.711
1642.192,1.517,0.476,-1.711
1642.304,1.517,0.476,-1.711
1642.415,1.517,0.476,-1.711
1642.526,1.517,0.476,-1.711
1642.637,1.517,0.476,-1.711
1642.748,1.517,0.476,-1.711
1642.859,1.517,0.476,-1.711
1642.970,1.517,0.476,-1.711
1643.082,1.517,0.476,-1.711
1643.192,1.517,0.476,-1.711
1643.304,1.517,0.476,-1.711
1643.415,1.517,0.476,-1.711
1643.525,1.517,0.476,-1.711
1643.637,1.517,0.476,-1.711
1643.749,1.517,0.476,-1.711
1643.859,1.517,0.476,-1.711
1643.970,1.517,0.476,-1.711
1644.081,1.517,0.476,-1.711
1644.192,1.517,0.476,-1.711
1644.306,1.517,0.476,-1.711
1644.415,1.517,0.476,-1.711
1644.526,1.517,0.476,-1.711
1644.637,1.517,0.476,-1.711
1644.748,1.517,0.476,-1.711
1644.859,1.517,0.476,-1.711
1644.970,1.517,0.476,-1.711
1645.081,1.517,0.476,-1.711
1645.192,1.517,0.476,-1.711
1645.303,1.517,0.476,-1.711
1645.415,1.517,0.476,-1.711
1645.526,1.517,0.476,-1.710
1645.637,1.517,0.476,-1.710
1645.748,1.517,0.476,-1.710
1645.859,1.517,0.476,-1.710
1645.970,1.517,0.476,-1.711
1646.081,1.517,0.476,-1.710
1646.192,1.517,0.476,-1.710
1646.303,1.517,0.476,-1.710
1646.415,1.517,0.476,-1.710
1646.525,1.517,0.476,-1.710
1646.638,1.517,0.476,-1.710
1646.748,1.517,0.476,-1.710
1646.859,1.517,0.476,-1.710
1646.970,1.517,0.476,-1.711
1647.082,1.517,0.476,-1.711
1647.192,1.517,0.476,-1.711
1647.304,1.517,0.476,-1.711
1647.415,1.517,0.476,-1.711
1647.526,1.517,0.476,-1.711
1647.637,1.517,0.476,-1.711
1647.748,1.517,0.476,-1.711
1647.859,1.517,0.476,-1.711
1647.970,1.517,0.476,-1.711
1648.081,1.517,0.476,-1.711
1648.192,1.517,0.476,-1.710
1648.304,1.517,0.476,-1.710
1648.415,1.517,0.476,-1.710
1648.526,1.517,0.476,-1.711
1648.637,1.517,0.476,-1.711
1648.748,1.517,0.476,-1.710
1648.859,1.517,0.476,-1.710
1648.970,1.517,0.476,-1.710
1649.082,1.517,0.476,-1.710
1649.192,1.517,0.476,-1.710
1649.304,1.517,0.476,-1.710
1649.415,1.517,0.476,-1.711
1649.526,1.517,0.476,-1.711
1649.637,1.517,0.476,-1.711
1649.748,1.517,0.476,-1.711
1649.859,1.517,0.476,-1.711
1649.970,1.517,0.476,-1.711
1650.082,1.517,0.476,-1.711
1650.193,1.517,0.476,-1.711
1650.303,1.517,0.476,-1.711
1650.415,1.517,0.476,-1.711
1650.526,1.517,0.476,-1.710
1650.637,1.517,0.476,-1.710
1650.748,1.517,0.476,-1.710
1650.859,1.517,0.476,-1.710
1650.971,1.517,0.476,-1.710
1651.081,1.517,0.476,-1.710
1651.193,1.517,0.476,-1.710
1651.304,1.517,0.476,-1.710
1651.414,1.517,0.476,-1.710
1651.525,1.517,0.476,-1.710
1651.637,1.517,0.476,-1.710
1651.748,1.517,0.476,-1.710
1651.859,1.517,0.476,-1.711
1651.970,1.517,0.476,-1.711
1652.082,1.517,0.476,-1.711
1652.192,1.517,0.476,-1.711
1652.303,1.517,0.476,-1.711
1652.415,1.517,0.476,-1.711
1652.526,1.517,0.476,-1.711
1652.637,1.517,0.476,-1.711
1652.748,1.517,0.476,-1.711
1652.859,1.517,0.476,-1.710
1652.970,1.517,0.476,-1.710
1653.082,1.517,0.476,-1.710
1653.192,1.517,0.476,-1.710
1653.303,1.517,0.476,-1.711
1653.415,1.517,0.476,-1.711
1653.525,1.517,0.476,-1.711
1653.637,1.517,0.476,-1.711
1653.748,1.517,0.476,-1.710
1653.859,1.517,0.476,-1.710
1653.970,1.517,0.476,-1.710
1654.081,1.517,0.476,-1.710
1654.192,1.517,0.476,-1.710
1654.304,1.517,0.476,-1.710
1654.415,1.517,0.476,-1.710
1654.525,1.517,0.476,-1.710
1654.637,1.517,0.476,-1.710
1654.748,1.517,0.476,-1.710
1654.859,1.517,0.476,-1.711
1654.971,1.517,0.476,-1.711
1655.082,1.517,0.476,-1.711
1655.192,1.517,0.476,-1.711
1655.304,1.517,0.476,-1.711
1655.415,1.517,0.476,-1.711
1655.525,1.517,0.476,-1.711
1655.637,1.517,0.476,-1.711
1655.748,1.517,0.476,-1.711
1655.859,1.517,0.476,-1.711
1655.970,1.517,0.476,-1.711
1656.081,1.517,0.476,-1.711
1656.192,1.517,0.476,-1.711
1656.304,1.517,0.476,-1.711
1656.415,1.517,0.476,-1.711
1656.526,1.517,0.476,-1.711
1656.637,1.517,0.476,-1.711
1656.748,1.517,0.476,-1.711
1656.859,1.517,0.476,-1.711
1656.971,1.517,0.476,-1.710
1657.082,1.517,0.476,-1.710
1657.193,1.517,0.476,-1.710
1657.303,1.517,0.476,-1.710
1657.415,1.517,0.476,-1.710
1657.526,1.517,0.476,-1.710
1657.637,1.517,0.476,-1.710
1657.748,1.517,0.476,-1.711
1657.859,1.517,0.476,-1.711
1657.970,1.517,0.476,-1.711
1658.081,1.517,0.476,-1.710
1658.192,1.517,0.476,-1.711
1658.303,1.517,0.476,-1.711
1658.415,1.517,0.476,-1.711
1658.526,1.517,0.476,-1.711
1658.637,1.517,0.476,-1.711
1658.748,1.517,0.476,-1.711
1658.859,1.517,0.476,-1.711
1658.970,1.517,0.476,-1.711
1659.081,1.517,0.476,-1.710
1659.192,1.517,0.476,-1.710
1659.303,1.517,0.476,-1.710
1659.415,1.517,0.476,-1.711
1659.526,1.517,0.476,-1.711
1659.637,1.517,0.476,-1.711
1659.748,1.517,0.476,-1.711
1659.859,1.517,0.476,-1.711
1659.970,1.517,0.476,-1.711
1660.081,1.517,0.476,-1.711
1660.192,1.517,0.476,-1.711
1660.303,1.517,0.476,-1.711
1660.415,1.517,0.476,-1.711
1660.526,1.517,0.476,-1.711
1660.637,1.517,0.476,-1.711
1660.748,1.517,0.476,-1.711
1660.859,1.517,0.476,-1.711
1660.970,1.517,0.476,-1.711
1661.081,1.517,0.476,-1.711
1661.193,1.517,0.476,-1.711
1661.303,1.517,0.476,-1.711
1661.414,1.517,0.476,-1.711
1661.526,1.517,0.476,-1.711
1661.637,1.517,0.476,-1.711
1661.748,1.517,0.476,-1.711
1661.859,1.517,0.476,-1.711
1661.970,1.517,0.476,-1.711
1662.082,1.517,0.476,-1.711
1662.192,1.517,0.476,-1.711
1662.304,1.517,0.476,-1.711
1662.415,1.517,0.476,-1.711
1662.525,1.517,0.476,-1.710
1662.637,1.517,0.476,-1.710
1662.748,1.517,0.476,-1.710
1662.859,1.517,0.476,-1.711
1662.970,1.517,0.476,-1.711
1663.082,1.517,0.476,-1.711
1663.192,1.517,0.476,-1.711
1663.304,1.517,0.476,-1.711
1663.415,1.517,0.476,-1.711
1663.526,1.517,0.476,-1.711
1663.637,1.517,0.476,-1.711
1663.748,1.517,0.476,-1.711
1663.859,1.517,0.476,-1.711
1663.970,1.517,0.476,-1.711
1664.081,1.517,0.476,-1.711
1664.193,1.517,0.476,-1.711
1664.303,1.517,0.476,-1.711
1664.415,1.517,0.476,-1.711
1664.526,1.517,0.476,-1.711
1664.637,1.517,0.476,-1.710
1664.748,1.517,0.476,-1.710
1664.859,1.517,0.476,-1.710
1664.970,1.517,0.476,-1.710
1665.081,1.517,0.476,-1.710
1665.193,1.517,0.476,-1.710
1665.303,1.517,0.476,-1.710
1665.415,1.517,0.476,-1.710
1665.526,1.517,0.476,-1.710
1665.637,1.517,0.476,-1.711
1665.748,1.517,0.476,-1.710
1665.859,1.517,0.476,-1.711
1665.970,1.517,0.476,-1.711
1666.082,1.517,0.476,-1.711
1666.192,1.517,0.476,-1.711
1666.303,1.517,0.476,-1.711
1666.415,1.517,0.476,-1.711
1666.526,1.517,0.476,-1.711
1666.637,1.517,0.476,-1.711
1666.748,1.517,0.476,-1.711
1666.859,1.517,0.476,-1.711
1666.970,1.517,0.476,-1.711
1667.082,1.517,0.476,-1.711
1667.193,1.517,0.476,-1.711
1667.304,1.517,0.476,-1.711
1667.415,1.517,0.476,-1.711
1667.526,1.517,0.476,-1.711
1667.637,1.517,0.476,-1.711
1667.748,1.517,0.476,-1.711
1667.859,1.517,0.476,-1.711
1667.970,1.517,0.476,-1.711
1668.082,1.517,0.476,-1.711
1668.193,1.517,0.476,-1.711
1668.303,1.517,0.476,-1.711
1668.415,1.517,0.476,-1.711
1668.525,1.517,0.476,-1.711
1668.637,1.517,0.476,-1.711
1668.748,1.517,0.476,-1.711
1668.859,1.517,0.476,-1.711
1668.970,1.517,0.476,-1.711
1669.082,1.517,0.476,-1.711
1669.192,1.517,0.476,-1.711
1669.304,1.517,0.476,-1.711
1669.415,1.517,0.476,-1.711
1669.526,1.517,0.476,-1.710
1669.637,1.517,0.476,-1.711
1669.748,1.517,0.476,-1.711
1669.859,1.517,0.476,-1.711
1669.970,1.517,0.476,-1.711
1670.081,1.517,0.476,-1.711
1670.192,1.517,0.476,-1.711
1670.304,1.517,0.476,-1.711
1670.415,1.517,0.476,-1.711
1670.525,1.517,0.476,-1.711
1670.637,1.517,0.476,-1.711
1670.749,1.517,0.476,-1.711
1670.859,1.517,0.476,-1.711
1670.970,1.517,0.476,-1.711
1671.082,1.517,0.476,-1.711
1671.193,1.517,0.476,-1.711
1671.303,1.517,0.476,-1.711
1671.415,1.517,0.476,-1.711
1671.526,1.517,0.476,-1.711
1671.637,1.517,0.476,-1.711
1671.748,1.517,0.476,-1.711
1671.859,1.517,0.476,-1.711
1671.970,1.517,0.476,-1.711
1672.081,1.517,0.476,-1.711
1672.192,1.517,0.476,-1.711
1672.304,1.517,0.476,-1.711
1672.415,1.517,0.476,-1.711
1672.526,1.517,0.476,-1.711
1672.637,1.517,0.476,-1.711
1672.748,1.517,0.476,-1.711
1672.859,1.517,0.476,-1.711
1672.970,1.517,0.476,-1.711
1673.081,1.517,0.476,-1.711
1673.192,1.517,0.476,-1.711
1673.304,1.517,0.476,-1.711
1673.415,1.517,0.476,-1.711
1673.526,1.517,0.476,-1.711
1673.637,1.517,0.476,-1.711
1673.748,1.517,0.476,-1.711
1673.859,1.517,0.476,-1.711
1673.970,1.517,0.476,-1.711
1674.081,1.517,0.476,-1.711
1674.193,1.517,0.476,-1.711
1674.303,1.517,0.476,-1.711
1674.415,1.517,0.476,-1.711
1674.526,1.517,0.476,-1.711
1674.637,1.517,0.476,-1.711
1674.748,1.517,0.476,-1.711
1674.859,1.517,0.476,-1.711
1674.971,1.517,0.476,-1.711
1675.082,1.517,0.476,-1.711
1675.192,1.517,0.476,-1.711
1675.304,1.517,0.476,-1.711
1675.415,1.517,0.476,-1.711
1675.526,1.517,0.476,-1.710
1675.637,1.517,0.476,-1.711
1675.748,1.517,0.476,-1.710
1675.859,1.517,0.476,-1.710
1675.970,1.517,0.476,-1.711
1676.082,1.517,0.476,-1.711
1676.192,1.517,0.476,-1.711
1676.304,1.517,0.476,-1.711
1676.415,1.517,0.476,-1.711
1676.526,1.517,0.476,-1.711
1676.637,1.517,0.476,-1.711
1676.748,1.517,0.476,-1.711
1676.859,1.517,0.476,-1.711
1676.971,1.517,0.476,-1.711
1677.082,1.517,0.476,-1.711
1677.192,1.517,0.476,-1.711
1677.303,1.517,0.476,-1.711
1677.415,1.517,0.476,-1.711
1677.525,1.517,0.476,-1.711
1677.637,1.517,0.476,-1.711
1677.748,1.517,0.476,-1.711
1677.859,1.517,0.476,-1.711
1677.970,1.517,0.476,-1.711
1678.081,1.517,0.476,-1.711
1678.192,1.517,0.476,-1.711
1678.303,1.517,0.476,-1.711
1678.415,1.517,0.476,-1.711
1678.526,1.517,0.476,-1.711
1678.638,1.517,0.476,-1.711
1678.748,1.517,0.476,-1.711
1679.044,0.000,0.000,0.000
1679.154,-0.003,0.502,0.017
1679.262,-0.005,0.503,0.016
1679.374,-0.006,0.502,0.016
1679.484,-0.009,0.502,0.016
1679.595,-0.009,0.501,0.017
1679.703,-0.003,0.500,0.018
1679.814,0.000,0.503,0.016
1679.926,0.001,0.506,0.014
1680.038,0.003,0.506,0.014
1680.147,0.004,0.504,0.015
1680.258,0.006,0.501,0.017
1680.371,0.005,0.501,0.017
1680.482,0.003,0.502,0.016
1680.593,0.001,0.503,0.016
1680.705,0.003,0.501,0.017
1680.817,0.005,0.500,0.018
1680.930,0.005,0.499,0.018
1681.041,0.005,0.500,0.018
1681.155,-0.322,1.047,-0.309
1681.264,-0.322,1.047,-0.308
1681.377,-0.323,1.047,-0.307
1681.488,-0.323,1.047,-0.307
1681.599,-0.323,1.047,-0.306
1681.710,-0.322,1.047,-0.307
1681.822,-0.322,1.047,-0.308
1681.932,-0.322,1.047,-0.309
1682.045,-0.322,1.047,-0.307
1682.156,-0.323,1.047,-0.308
1682.267,-0.324,1.047,-0.310
1682.378,-0.325,1.048,-0.312
1682.489,-0.325,1.048,-0.313
1682.601,-0.325,1.047,-0.312
1682.712,-0.326,1.047,-0.311
1682.823,-0.326,1.047,-0.310
1682.935,-0.326,1.047,-0.309
1683.046,-0.326,1.047,-0.309
1683.148,-0.327,1.047,-0.309
