Timestamp,X,Y,Z
4.175,0.852,1.735,0.851
4.280,0.926,1.791,0.827
4.390,0.983,1.819,0.815
4.497,1.045,1.845,0.804
4.598,1.092,1.860,0.795
4.706,1.127,1.864,0.784
4.817,1.152,1.864,0.772
4.929,1.168,1.869,0.760
5.040,1.177,1.879,0.750
5.151,1.179,1.874,0.745
5.262,1.174,1.868,0.743
5.373,1.167,1.868,0.742
5.484,1.161,1.867,0.746
5.596,1.156,1.866,0.753
5.707,1.150,1.864,0.760
5.817,1.146,1.864,0.767
5.929,1.141,1.863,0.773
6.040,1.140,1.860,0.778
6.151,1.141,1.863,0.781
6.262,1.141,1.863,0.783
6.373,1.139,1.859,0.781
6.484,1.138,1.857,0.780
6.596,1.137,1.859,0.779
6.707,1.136,1.858,0.780
6.818,1.134,1.856,0.782
6.929,1.131,1.855,0.783
7.040,1.129,1.853,0.783
7.151,1.129,1.854,0.783
7.262,1.129,1.854,0.783
7.373,1.128,1.854,0.780
7.484,1.124,1.854,0.772
7.596,1.118,1.854,0.765
7.707,1.114,1.854,0.759
7.818,1.113,1.852,0.757
7.929,1.112,1.851,0.757
8.041,1.114,1.850,0.758
8.151,1.116,1.850,0.759
8.263,1.117,1.850,0.759
8.374,1.118,1.850,0.760
8.485,1.118,1.849,0.760
8.596,1.118,1.848,0.760
8.707,1.118,1.848,0.760
8.818,1.118,1.847,0.760
8.929,1.119,1.847,0.761
9.040,1.119,1.847,0.761
9.151,1.119,1.847,0.761
9.262,1.119,1.847,0.761
9.374,1.119,1.848,0.760
9.484,1.119,1.848,0.759
9.596,1.119,1.848,0.759
9.707,1.120,1.849,0.759
9.818,1.119,1.849,0.759
9.929,1.118,1.848,0.759
10.040,1.118,1.847,0.759
10.151,1.118,1.846,0.759
10.262,1.118,1.846,0.759
10.373,1.119,1.846,0.759
10.484,1.119,1.846,0.759
10.596,1.120,1.846,0.759
10.707,1.120,1.846,0.759
10.818,1.121,1.846,0.759
10.928,1.121,1.846,0.759
11.040,1.121,1.846,0.760
11.151,1.121,1.846,0.760
11.262,1.122,1.846,0.760
11.373,1.122,1.846,0.761
11.484,1.123,1.846,0.761
11.596,1.124,1.847,0.761
11.706,1.124,1.846,0.762
11.818,1.124,1.847,0.762
11.929,1.125,1.847,0.762
12.040,1.125,1.848,0.762
12.151,1.125,1.848,0.761
12.262,1.125,1.848,0.761
12.373,1.125,1.848,0.761
12.484,1.126,1.848,0.762
12.596,1.126,1.847,0.762
12.707,1.126,1.847,0.762
12.819,1.127,1.846,0.761
12.929,1.127,1.847,0.761
13.040,1.127,1.847,0.760
13.152,1.127,1.844,0.759
13.262,1.127,1.829,0.758
13.373,1.137,1.805,0.761
13.484,1.147,1.793,0.759
13.596,1.149,1.792,0.755
13.706,1.147,1.794,0.751
13.818,1.147,1.795,0.749
13.929,1.147,1.794,0.749
14.040,1.149,1.793,0.752
14.151,1.152,1.789,0.755
14.262,1.150,1.790,0.758
14.373,1.144,1.799,0.761
14.484,1.137,1.807,0.764
14.595,1.131,1.816,0.764
14.707,1.129,1.815,0.766
14.818,1.128,1.812,0.767
14.929,1.126,1.813,0.768
15.040,1.125,1.812,0.769
15.151,1.124,1.813,0.771
15.262,1.124,1.813,0.772
15.373,1.124,1.813,0.772
15.485,1.123,1.813,0.772
15.596,1.122,1.813,0.771
15.707,1.122,1.813,0.771
15.818,1.121,1.812,0.770
15.929,1.122,1.811,0.769
16.040,1.123,1.811,0.768
16.151,1.131,1.802,0.766
16.262,1.146,1.793,0.763
16.373,1.161,1.788,0.760
16.484,1.165,1.789,0.756
16.596,1.167,1.791,0.751
16.707,1.170,1.793,0.746
16.820,1.176,1.798,0.740
16.929,1.187,1.808,0.725
17.041,1.203,1.815,0.699
17.152,1.226,1.819,0.661
17.263,1.251,1.820,0.614
17.375,1.277,1.814,0.569
17.485,1.305,1.812,0.539
17.597,1.337,1.806,0.524
17.708,1.375,1.803,0.516
17.819,1.411,1.806,0.513
17.930,1.444,1.813,0.517
18.041,1.472,1.816,0.520
18.153,1.501,1.806,0.516
18.264,1.526,1.794,0.503
18.375,1.554,1.789,0.487
18.486,1.583,1.786,0.460
18.597,1.608,1.781,0.419
18.708,1.629,1.766,0.362
18.820,1.644,1.755,0.294
18.931,1.657,1.752,0.232
19.042,1.666,1.762,0.189
19.153,1.675,1.775,0.172
19.262,1.686,1.789,0.171
19.373,1.696,1.799,0.174
19.484,1.703,1.804,0.177
19.596,1.706,1.805,0.176
19.708,1.709,1.810,0.176
19.818,1.713,1.819,0.177
19.930,1.719,1.827,0.178
20.042,1.725,1.832,0.178
20.151,1.729,1.835,0.177
20.257,1.732,1.837,0.174
20.359,1.734,1.839,0.172
20.469,1.736,1.842,0.170
20.580,1.738,1.848,0.168
20.692,1.742,1.853,0.167
20.804,1.748,1.858,0.167
20.915,1.754,1.861,0.167
21.026,1.754,1.854,0.167
21.138,1.749,1.848,0.167
21.248,1.743,1.843,0.163
21.359,1.737,1.841,0.159
21.469,1.735,1.841,0.154
21.581,1.735,1.842,0.149
21.693,1.734,1.841,0.148
21.803,1.730,1.840,0.149
21.915,1.726,1.839,0.151
22.026,1.724,1.838,0.151
22.138,1.724,1.840,0.151
22.248,1.725,1.843,0.153
22.360,1.726,1.846,0.154
22.470,1.728,1.850,0.154
22.582,1.732,1.854,0.153
22.693,1.736,1.855,0.152
22.804,1.739,1.855,0.150
22.915,1.740,1.855,0.146
23.026,1.742,1.855,0.145
23.138,1.744,1.855,0.145
23.249,1.745,1.855,0.146
23.360,1.744,1.855,0.148
23.471,1.744,1.854,0.148
23.582,1.745,1.854,0.147
23.693,1.747,1.854,0.146
23.804,1.747,1.854,0.143
23.916,1.747,1.853,0.142
24.026,1.745,1.853,0.140
24.137,1.744,1.852,0.139
24.249,1.743,1.852,0.138
24.360,1.742,1.851,0.137
24.471,1.742,1.851,0.137
24.581,1.741,1.851,0.137
24.693,1.740,1.851,0.138
24.804,1.739,1.851,0.139
24.916,1.738,1.850,0.139
25.027,1.737,1.850,0.139
25.138,1.736,1.850,0.139
25.249,1.735,1.850,0.140
25.360,1.734,1.852,0.141
25.471,1.734,1.855,0.143
25.582,1.734,1.856,0.145
25.693,1.734,1.856,0.145
25.804,1.734,1.856,0.145
25.915,1.733,1.855,0.144
26.026,1.733,1.855,0.144
26.137,1.732,1.855,0.143
26.249,1.732,1.855,0.142
26.359,1.732,1.855,0.141
26.471,1.732,1.855,0.140
26.582,1.731,1.855,0.141
26.693,1.730,1.853,0.141
26.804,1.728,1.853,0.140
26.916,1.726,1.852,0.138
27.026,1.725,1.852,0.136
27.137,1.722,1.851,0.135
27.249,1.721,1.851,0.134
27.359,1.720,1.851,0.134
27.471,1.720,1.851,0.134
27.582,1.720,1.852,0.134
27.693,1.721,1.852,0.135
27.804,1.721,1.853,0.136
27.916,1.722,1.853,0.138
28.026,1.722,1.853,0.139
28.137,1.721,1.852,0.139
28.248,1.722,1.852,0.137
28.360,1.722,1.852,0.136
28.471,1.722,1.852,0.135
28.582,1.722,1.852,0.134
28.693,1.721,1.852,0.134
28.804,1.720,1.851,0.135
28.916,1.719,1.851,0.135
29.026,1.718,1.850,0.136
29.138,1.719,1.849,0.137
29.248,1.723,1.849,0.135
29.359,1.728,1.848,0.131
29.471,1.731,1.847,0.130
29.582,1.731,1.846,0.131
29.693,1.731,1.846,0.132
29.805,1.732,1.845,0.134
29.915,1.733,1.845,0.136
30.026,1.736,1.848,0.136
30.138,1.740,1.848,0.136
30.249,1.743,1.847,0.137
30.360,1.746,1.848,0.138
30.471,1.748,1.849,0.137
30.582,1.750,1.848,0.137
30.693,1.751,1.849,0.138
30.805,1.753,1.849,0.137
30.915,1.752,1.850,0.135
31.026,1.752,1.850,0.133
31.137,1.751,1.849,0.133
31.248,1.751,1.849,0.133
31.359,1.751,1.850,0.133
31.471,1.750,1.849,0.136
31.582,1.750,1.850,0.139
31.693,1.750,1.850,0.142
31.804,1.749,1.850,0.145
31.915,1.747,1.849,0.147
32.026,1.746,1.849,0.149
32.138,1.745,1.849,0.151
32.249,1.744,1.849,0.153
32.360,1.743,1.849,0.154
32.470,1.743,1.849,0.155
32.581,1.743,1.849,0.154
32.692,1.744,1.849,0.154
32.803,1.744,1.849,0.153
32.915,1.742,1.847,0.152
33.025,1.735,1.840,0.153
33.137,1.724,1.833,0.154
33.247,1.714,1.828,0.159
33.359,1.704,1.825,0.169
33.469,1.697,1.821,0.187
33.580,1.692,1.821,0.210
33.691,1.687,1.821,0.237
33.803,1.679,1.821,0.269
33.912,1.665,1.822,0.306
34.024,1.646,1.828,0.347
34.135,1.623,1.843,0.390
34.246,1.606,1.851,0.435
34.346,1.597,1.849,0.471
34.450,1.583,1.850,0.505
34.563,1.561,1.848,0.526
34.676,1.533,1.840,0.539
34.789,1.498,1.837,0.545
34.901,1.458,1.837,0.546
35.012,1.415,1.839,0.544
35.124,1.375,1.842,0.551
35.235,1.344,1.842,0.568
35.345,1.317,1.840,0.592
35.457,1.293,1.838,0.626
35.568,1.273,1.833,0.666
35.679,1.256,1.831,0.710
35.790,1.241,1.833,0.753
35.901,1.228,1.835,0.786
36.012,1.221,1.838,0.803
36.123,1.220,1.840,0.810
36.235,1.219,1.840,0.811
36.346,1.219,1.839,0.812
36.457,1.217,1.837,0.812
36.568,1.217,1.835,0.812
36.679,1.218,1.835,0.812
36.791,1.219,1.836,0.811
36.901,1.220,1.836,0.812
37.013,1.219,1.836,0.812
37.123,1.219,1.837,0.809
37.234,1.219,1.838,0.803
37.346,1.222,1.841,0.794
37.458,1.226,1.846,0.780
37.568,1.230,1.850,0.763
37.679,1.235,1.851,0.745
37.790,1.238,1.850,0.726
37.901,1.236,1.847,0.709
38.012,1.226,1.840,0.700
38.123,1.205,1.837,0.701
38.235,1.170,1.835,0.713
38.345,1.121,1.830,0.736
38.457,1.053,1.823,0.769
38.568,0.979,1.805,0.801
38.679,0.907,1.776,0.827
38.791,0.843,1.745,0.848
38.901,0.791,1.711,0.864
39.012,0.752,1.681,0.874
39.124,0.724,1.653,0.877
39.235,0.703,1.625,0.880
39.346,0.687,1.602,0.879
39.457,0.677,1.589,0.880
39.568,0.672,1.581,0.879
39.679,0.666,1.573,0.877
39.791,0.660,1.562,0.877
39.902,0.655,1.552,0.877
40.013,0.654,1.547,0.879
40.124,0.654,1.543,0.880
40.235,0.653,1.542,0.881
40.346,0.653,1.540,0.883
40.457,0.652,1.542,0.883
40.568,0.652,1.544,0.884
40.680,0.652,1.545,0.885
40.791,0.653,1.546,0.886
40.901,0.654,1.547,0.887
41.012,0.655,1.549,0.887
41.124,0.655,1.550,0.886
41.235,0.654,1.549,0.885
41.346,0.654,1.550,0.885
41.457,0.654,1.550,0.885
41.568,0.654,1.551,0.886
41.679,0.654,1.551,0.886
41.791,0.654,1.551,0.885
41.902,0.654,1.551,0.886
42.013,0.654,1.551,0.886
42.124,0.654,1.551,0.886
42.236,0.653,1.551,0.886
42.346,0.654,1.551,0.887
42.457,0.654,1.552,0.886
42.568,0.655,1.552,0.885
42.680,0.655,1.553,0.884
42.791,0.655,1.552,0.883
42.902,0.655,1.551,0.882
43.012,0.654,1.550,0.882
43.124,0.654,1.550,0.883
43.235,0.655,1.550,0.884
43.346,0.655,1.551,0.884
43.458,0.655,1.552,0.884
43.568,0.656,1.552,0.884
43.680,0.656,1.552,0.884
43.791,0.657,1.553,0.884
43.902,0.657,1.554,0.883
44.013,0.657,1.555,0.883
44.124,0.658,1.556,0.884
44.236,0.660,1.558,0.883
44.346,0.662,1.561,0.880
44.457,0.668,1.566,0.874
44.568,0.674,1.574,0.866
44.679,0.679,1.577,0.861
44.791,0.681,1.576,0.859
44.902,0.683,1.577,0.857
45.012,0.684,1.577,0.856
45.124,0.687,1.581,0.854
45.235,0.689,1.584,0.849
45.346,0.694,1.591,0.845
45.458,0.701,1.603,0.839
45.569,0.708,1.610,0.838
45.680,0.718,1.622,0.834
45.791,0.733,1.639,0.829
45.902,0.757,1.664,0.826
46.013,0.792,1.697,0.815
46.124,0.842,1.732,0.796
46.236,0.904,1.768,0.767
46.346,0.978,1.797,0.731
46.458,1.054,1.816,0.685
46.569,1.118,1.828,0.636
46.679,1.168,1.842,0.605
46.791,1.213,1.858,0.594
46.902,1.257,1.869,0.597
47.013,1.298,1.877,0.608
47.124,1.339,1.880,0.627
47.235,1.374,1.886,0.645
47.346,1.403,1.886,0.660
47.458,1.428,1.875,0.668
47.568,1.447,1.869,0.667
47.680,1.468,1.868,0.653
47.791,1.491,1.869,0.623
47.902,1.513,1.870,0.578
48.013,1.531,1.868,0.515
48.124,1.547,1.856,0.434
48.236,1.558,1.848,0.344
48.347,1.557,1.843,0.271
48.458,1.537,1.850,0.222
48.569,1.509,1.855,0.187
48.680,1.473,1.851,0.155
48.791,1.425,1.841,0.126
48.902,1.367,1.831,0.099
49.013,1.307,1.833,0.066
49.124,1.252,1.840,0.026
49.235,1.201,1.838,-0.023
49.346,1.153,1.829,-0.071
49.457,1.108,1.820,-0.121
49.568,1.061,1.812,-0.182
49.679,1.014,1.801,-0.250
49.791,0.962,1.810,-0.315
49.902,0.913,1.826,-0.364
50.014,0.867,1.835,-0.396
50.124,0.815,1.834,-0.414
50.236,0.753,1.829,-0.416
50.347,0.687,1.818,-0.408
50.458,0.617,1.817,-0.399
50.568,0.555,1.826,-0.390
50.679,0.499,1.835,-0.378
50.790,0.442,1.840,-0.359
50.902,0.385,1.835,-0.340
51.012,0.332,1.827,-0.319
51.123,0.284,1.836,-0.287
51.234,0.249,1.849,-0.243
51.346,0.222,1.844,-0.189
51.456,0.202,1.831,-0.123
51.568,0.190,1.822,-0.047
51.679,0.181,1.822,0.045
51.790,0.168,1.824,0.138
51.902,0.156,1.817,0.212
52.012,0.148,1.810,0.262
52.123,0.145,1.807,0.288
52.234,0.144,1.813,0.294
52.345,0.141,1.823,0.292
52.457,0.141,1.825,0.290
52.568,0.140,1.818,0.294
52.679,0.137,1.811,0.302
52.790,0.135,1.805,0.309
52.901,0.132,1.799,0.315
53.012,0.129,1.794,0.323
53.123,0.129,1.787,0.334
53.235,0.129,1.780,0.343
53.346,0.123,1.778,0.346
53.457,0.119,1.779,0.341
53.567,0.122,1.784,0.332
53.679,0.122,1.790,0.320
53.790,0.123,1.792,0.309
53.901,0.129,1.794,0.293
54.012,0.131,1.800,0.272
54.123,0.123,1.807,0.247
54.235,0.118,1.813,0.223
54.346,0.112,1.819,0.199
54.457,0.112,1.817,0.172
54.568,0.114,1.815,0.148
54.679,0.124,1.809,0.123
54.790,0.154,1.807,0.090
54.902,0.194,1.813,0.047
55.013,0.247,1.813,-0.015
55.124,0.311,1.802,-0.095
55.236,0.375,1.781,-0.177
55.347,0.431,1.768,-0.249
55.458,0.477,1.771,-0.304
55.570,0.523,1.773,-0.346
55.681,0.569,1.763,-0.376
55.792,0.621,1.751,-0.393
55.903,0.682,1.744,-0.406
56.014,0.749,1.738,-0.414
56.126,0.822,1.750,-0.414
56.237,0.887,1.772,-0.414
56.349,0.949,1.777,-0.412
56.460,1.016,1.769,-0.407
56.571,1.082,1.760,-0.407
56.683,1.135,1.764,-0.413
56.794,1.174,1.782,-0.413
56.905,1.199,1.796,-0.403
57.016,1.211,1.799,-0.393
57.128,1.214,1.802,-0.383
57.238,1.210,1.810,-0.376
57.349,1.204,1.811,-0.371
57.461,1.200,1.808,-0.366
57.572,1.197,1.806,-0.362
57.683,1.193,1.805,-0.357
57.794,1.190,1.804,-0.351
57.905,1.188,1.804,-0.346
58.017,1.188,1.802,-0.343
58.127,1.190,1.800,-0.340
58.235,-0.002,1.799,0.004
58.345,-0.004,1.798,0.008
58.456,-0.005,1.795,0.012
58.567,-0.008,1.788,0.021
58.678,-0.016,1.777,0.036
58.790,-0.021,1.767,0.048
58.901,-0.026,1.762,0.059
59.012,-0.027,1.761,0.065
59.124,-0.027,1.764,0.067
59.235,-0.027,1.767,0.066
59.345,-0.020,1.767,0.067
59.457,-0.009,1.765,0.069
59.568,0.002,1.764,0.073
59.679,0.013,1.765,0.079
59.790,0.024,1.765,0.087
59.901,0.034,1.763,0.098
60.012,0.034,1.769,0.110
60.123,0.027,1.776,0.122
60.235,0.013,1.778,0.138
60.345,-0.013,1.775,0.160
60.457,-0.051,1.767,0.191
60.568,-0.089,1.761,0.231
60.679,-0.107,1.756,0.269
60.790,-0.126,1.763,0.298
60.901,-0.142,1.781,0.341
61.013,-0.142,1.804,0.389
61.124,-0.125,1.813,0.423
61.234,-0.107,1.807,0.450
61.345,-0.091,1.793,0.477
61.456,-0.080,1.775,0.496
61.567,-0.084,1.767,0.521
61.679,-0.098,1.762,0.545
61.790,-0.125,1.758,0.569
61.901,-0.168,1.754,0.598
62.012,-0.225,1.742,0.621
62.123,-0.303,1.724,0.643
62.235,-0.398,1.716,0.665
62.345,-0.493,1.729,0.689
62.457,-0.575,1.727,0.711
62.567,-0.653,1.711,0.736
62.679,-0.729,1.688,0.772
62.790,-0.796,1.670,0.816
62.901,-0.875,1.666,0.861
63.012,-0.969,1.683,0.899
63.123,-1.039,1.698,0.917
63.234,-1.094,1.689,0.918
63.345,-1.152,1.673,0.918
63.457,-1.215,1.645,0.912
63.567,-1.292,1.611,0.911
63.680,-1.365,1.573,0.915
63.790,-1.418,1.530,0.912
63.901,-1.454,1.499,0.914
64.012,-1.474,1.480,0.917
64.123,-1.481,1.467,0.920
64.235,-1.480,1.462,0.924
64.346,-1.474,1.461,0.930
64.457,-1.467,1.472,0.934
64.568,-1.464,1.485,0.936
64.680,-1.467,1.486,0.935
64.790,-1.477,1.478,0.928
64.901,-1.493,1.465,0.921
65.012,-1.507,1.454,0.916
65.123,-1.520,1.445,0.913
65.235,-1.533,1.435,0.907
65.345,-1.548,1.420,0.901
65.456,-1.566,1.403,0.894
65.567,-1.580,1.390,0.891
65.679,-1.589,1.384,0.890
65.790,-1.594,1.381,0.891
65.901,-1.597,1.376,0.889
66.012,-1.599,1.370,0.891
66.123,-1.598,1.368,0.896
66.235,-1.598,1.366,0.907
66.345,-1.597,1.364,0.918
66.457,-1.596,1.364,0.931
66.568,-1.591,1.367,0.944
66.679,-1.583,1.380,0.956
66.790,-1.569,1.410,0.966
66.901,-1.541,1.455,0.978
67.012,-1.496,1.510,0.989
67.123,-1.432,1.574,1.003
67.234,-1.344,1.636,1.016
67.345,-1.232,1.690,1.030
67.457,-1.122,1.734,1.048
67.566,-1.032,1.775,1.060
67.677,-0.962,1.796,1.060
67.790,-0.902,1.799,1.048
67.900,-0.847,1.794,1.017
68.011,-0.795,1.785,0.967
68.122,-0.744,1.769,0.906
68.234,-0.697,1.767,0.850
68.345,-0.655,1.779,0.809
68.456,-0.615,1.789,0.780
68.567,-0.583,1.794,0.760
68.678,-0.563,1.798,0.750
68.790,-0.548,1.799,0.743
68.901,-0.537,1.801,0.737
69.011,-0.527,1.805,0.733
69.123,-0.521,1.810,0.733
69.234,-0.518,1.813,0.734
69.345,-0.518,1.814,0.735
69.456,-0.521,1.814,0.736
69.567,-0.525,1.813,0.737
69.679,-0.530,1.812,0.736
69.790,-0.533,1.808,0.733
69.901,-0.538,1.802,0.729
70.012,-0.540,1.796,0.726
70.123,-0.541,1.792,0.729
70.234,-0.538,1.792,0.735
70.345,-0.537,1.792,0.739
70.456,-0.536,1.792,0.740
70.567,-0.538,1.791,0.740
70.679,-0.539,1.790,0.738
70.790,-0.541,1.790,0.736
70.901,-0.542,1.789,0.735
71.012,-0.544,1.789,0.735
71.123,-0.545,1.789,0.734
71.234,-0.546,1.788,0.733
71.345,-0.548,1.789,0.731
71.457,-0.550,1.790,0.730
71.567,-0.548,1.790,0.731
71.678,-0.545,1.790,0.732
71.789,-0.544,1.792,0.727
71.901,-0.548,1.792,0.725
72.012,-0.550,1.800,0.724
72.123,-0.552,1.815,0.721
72.234,-0.549,1.833,0.717
72.346,-0.543,1.853,0.714
72.457,-0.536,1.858,0.712
72.568,-0.534,1.857,0.712
72.680,-0.534,1.856,0.712
72.790,-0.533,1.855,0.710
72.902,-0.533,1.855,0.707
73.013,-0.534,1.855,0.708
73.124,-0.533,1.855,0.708
73.235,-0.534,1.855,0.708
73.346,-0.537,1.854,0.709
73.458,-0.538,1.856,0.712
73.569,-0.538,1.859,0.715
73.680,-0.538,1.860,0.716
73.791,-0.538,1.858,0.715
73.902,-0.537,1.858,0.715
74.013,-0.537,1.858,0.714
74.124,-0.537,1.857,0.713
74.236,-0.536,1.857,0.713
74.346,-0.535,1.857,0.714
74.458,-0.534,1.858,0.714
74.569,-0.533,1.857,0.715
74.680,-0.531,1.858,0.716
74.791,-0.529,1.858,0.715
74.902,-0.526,1.857,0.715
75.013,-0.525,1.857,0.714
75.124,-0.523,1.857,0.714
75.235,-0.523,1.856,0.714
75.346,-0.523,1.855,0.715
75.458,-0.523,1.855,0.715
75.569,-0.523,1.855,0.715
75.680,-0.522,1.854,0.714
75.791,-0.521,1.855,0.714
75.902,-0.520,1.855,0.713
76.013,-0.520,1.855,0.712
76.124,-0.519,1.855,0.712
76.236,-0.519,1.856,0.711
76.346,-0.518,1.856,0.711
76.458,-0.517,1.856,0.710
76.569,-0.517,1.857,0.710
76.680,-0.516,1.857,0.710
76.791,-0.515,1.858,0.710
76.902,-0.515,1.858,0.708
77.013,-0.514,1.858,0.704
77.124,-0.515,1.856,0.703
77.236,-0.517,1.854,0.703
77.346,-0.517,1.853,0.702
77.458,-0.518,1.852,0.702
77.569,-0.520,1.852,0.702
77.680,-0.521,1.853,0.703
77.791,-0.522,1.852,0.703
77.902,-0.523,1.852,0.704
78.013,-0.523,1.852,0.705
78.124,-0.524,1.852,0.705
78.236,-0.525,1.852,0.706
78.347,-0.527,1.851,0.706
78.458,-0.528,1.851,0.707
78.569,-0.529,1.852,0.709
78.680,-0.530,1.854,0.711
78.791,-0.531,1.854,0.713
78.902,-0.531,1.854,0.714
79.013,-0.531,1.854,0.715
79.124,-0.531,1.854,0.715
79.235,-0.531,1.852,0.715
79.346,-0.530,1.844,0.714
79.458,-0.519,1.823,0.712
79.569,-0.512,1.813,0.711
79.680,-0.511,1.811,0.712
79.791,-0.508,1.807,0.714
79.902,-0.510,1.807,0.716
80.013,-0.508,1.805,0.717
80.124,-0.508,1.804,0.720
80.235,-0.508,1.801,0.722
80.346,-0.508,1.801,0.726
80.458,-0.505,1.808,0.734
80.568,-0.499,1.817,0.744
80.679,-0.495,1.824,0.751
80.790,-0.495,1.824,0.753
80.901,-0.494,1.824,0.753
81.012,-0.492,1.826,0.753
81.123,-0.490,1.826,0.753
81.234,-0.490,1.826,0.751
81.345,-0.490,1.827,0.750
81.457,-0.489,1.828,0.749
81.568,-0.488,1.830,0.749
81.679,-0.486,1.831,0.749
81.790,-0.486,1.831,0.749
81.901,-0.486,1.832,0.749
82.012,-0.487,1.832,0.749
82.123,-0.487,1.832,0.746
82.233,-0.491,1.833,0.741
82.345,-0.499,1.837,0.732
82.456,-0.511,1.835,0.722
82.567,-0.527,1.823,0.713
82.679,-0.540,1.810,0.705
82.791,-0.547,1.799,0.699
82.902,-0.552,1.791,0.696
83.013,-0.554,1.784,0.695
83.124,-0.559,1.783,0.691
83.235,-0.555,1.777,0.685
83.346,-0.551,1.775,0.676
83.457,-0.543,1.774,0.669
83.568,-0.537,1.772,0.666
83.680,-0.522,1.771,0.662
83.791,-0.500,1.772,0.662
83.902,-0.474,1.773,0.668
84.013,-0.442,1.775,0.674
84.124,-0.407,1.781,0.682
84.235,-0.368,1.780,0.690
84.346,-0.329,1.773,0.702
84.457,-0.302,1.766,0.713
84.568,-0.286,1.762,0.716
84.679,-0.276,1.767,0.707
84.790,-0.261,1.773,0.690
84.901,-0.239,1.773,0.669
85.012,-0.212,1.772,0.640
85.124,-0.190,1.771,0.598
85.235,-0.167,1.767,0.554
85.346,-0.148,1.765,0.514
85.457,-0.133,1.779,0.487
85.567,-0.114,1.801,0.472
85.679,-0.095,1.814,0.463
85.786,-0.079,1.822,0.456
85.898,-0.067,1.826,0.449
86.009,-0.058,1.828,0.441
86.120,-0.052,1.833,0.435
86.232,-0.048,1.840,0.430
86.343,-0.043,1.843,0.426
86.455,-0.039,1.847,0.423
86.567,-0.035,1.849,0.418
86.677,-0.031,1.850,0.415
86.788,-0.029,1.850,0.411
86.899,-0.028,1.850,0.409
87.012,-0.028,1.849,0.408
87.122,-0.028,1.849,0.409
87.232,-0.027,1.849,0.410
87.344,-0.030,1.848,0.411
87.455,-0.033,1.845,0.412
87.566,-0.034,1.842,0.413
87.678,-0.031,1.840,0.414
87.788,-0.030,1.838,0.416
87.900,-0.030,1.837,0.416
88.011,-0.031,1.834,0.415
88.122,-0.032,1.834,0.414
88.233,-0.033,1.835,0.415
88.344,-0.034,1.834,0.418
88.455,-0.039,1.832,0.426
88.566,-0.046,1.831,0.434
88.676,-0.052,1.829,0.440
88.789,-0.060,1.828,0.447
88.900,-0.064,1.831,0.454
89.011,-0.071,1.840,0.462
89.122,-0.076,1.855,0.476
89.233,-0.080,1.860,0.488
89.345,-0.088,1.859,0.500
89.455,-0.099,1.858,0.513
89.567,-0.110,1.858,0.523
89.678,-0.125,1.857,0.530
89.789,-0.143,1.854,0.538
89.900,-0.168,1.850,0.543
90.011,-0.197,1.841,0.542
90.122,-0.237,1.835,0.533
90.234,-0.290,1.828,0.511
90.344,-0.345,1.819,0.475
90.455,-0.400,1.818,0.439
90.567,-0.464,1.823,0.414
90.677,-0.535,1.820,0.396
90.788,-0.608,1.805,0.384
90.899,-0.681,1.791,0.381
91.012,-0.751,1.792,0.374
91.123,-0.810,1.803,0.359
91.233,-0.857,1.805,0.337
91.345,-0.896,1.796,0.305
91.455,-0.936,1.785,0.262
91.567,-0.977,1.769,0.210
91.678,-1.016,1.742,0.149
91.783,-1.046,1.714,0.098
91.886,-1.073,1.686,0.054
91.997,-1.091,1.665,0.026
92.108,-1.099,1.648,0.006
92.219,-1.103,1.648,0.003
92.331,-1.100,1.661,0.013
92.442,-1.090,1.684,0.038
92.553,-1.070,1.708,0.071
92.664,-1.042,1.732,0.113
92.776,-0.999,1.740,0.156
92.887,-0.957,1.742,0.200
92.998,-0.937,1.746,0.251
93.109,-0.917,1.743,0.298
93.220,-0.912,1.750,0.338
93.331,-0.907,1.758,0.370
93.442,-0.904,1.766,0.401
93.553,-0.898,1.769,0.430
93.664,-0.890,1.770,0.451
93.775,-0.888,1.768,0.463
93.886,-0.885,1.764,0.471
93.998,-0.884,1.761,0.478
94.109,-0.884,1.757,0.481
94.220,-0.883,1.755,0.485
94.332,-0.885,1.754,0.490
94.443,-0.886,1.754,0.494
94.554,-0.887,1.752,0.496
94.665,-0.888,1.753,0.497
94.775,-0.887,1.753,0.499
94.887,-0.888,1.753,0.502
94.998,-0.889,1.753,0.505
95.109,-0.889,1.753,0.507
95.221,-0.889,1.753,0.509
95.331,-0.890,1.752,0.511
95.443,-0.890,1.751,0.514
95.554,-0.889,1.751,0.516
95.665,-0.888,1.750,0.518
95.776,-0.888,1.750,0.519
95.887,-0.889,1.751,0.520
95.998,-0.889,1.750,0.520
96.109,-0.890,1.750,0.520
96.220,-0.890,1.750,0.520
96.332,-0.889,1.752,0.521
96.443,-0.886,1.755,0.524
96.554,-0.884,1.756,0.526
96.665,-0.883,1.756,0.528
96.776,-0.882,1.755,0.529
96.887,-0.881,1.756,0.529
96.998,-0.879,1.756,0.529
97.110,-0.878,1.756,0.529
97.220,-0.878,1.756,0.528
97.332,-0.877,1.756,0.527
97.443,-0.876,1.755,0.526
97.554,-0.875,1.755,0.527
97.665,-0.875,1.754,0.527
97.776,-0.875,1.753,0.527
97.887,-0.875,1.754,0.528
97.998,-0.874,1.753,0.529
98.109,-0.875,1.752,0.530
98.221,-0.875,1.751,0.531
98.331,-0.875,1.752,0.532
98.443,-0.876,1.752,0.533
98.554,-0.877,1.753,0.534
98.665,-0.878,1.754,0.534
98.776,-0.879,1.757,0.535
98.887,-0.881,1.760,0.536
98.998,-0.882,1.761,0.536
99.109,-0.883,1.762,0.535
99.221,-0.884,1.762,0.534
99.332,-0.886,1.761,0.534
99.443,-0.887,1.762,0.533
99.554,-0.888,1.761,0.533
99.665,-0.892,1.759,0.525
99.777,-0.894,1.757,0.513
99.887,-0.896,1.755,0.505
99.999,-0.898,1.753,0.501
100.110,-0.900,1.748,0.498
100.221,-0.903,1.746,0.495
100.332,-0.911,1.750,0.493
100.443,-0.917,1.755,0.489
100.554,-0.921,1.758,0.485
100.666,-0.921,1.761,0.481
100.776,-0.920,1.763,0.479
100.887,-0.918,1.761,0.477
100.999,-0.916,1.760,0.475
101.109,-0.915,1.760,0.472
101.221,-0.914,1.761,0.471
101.332,-0.912,1.762,0.469
101.443,-0.912,1.762,0.468
101.555,-0.912,1.762,0.466
101.665,-0.912,1.762,0.464
101.777,-0.911,1.761,0.463
101.887,-0.911,1.762,0.461
101.999,-0.911,1.762,0.459
102.109,-0.912,1.762,0.457
102.221,-0.912,1.760,0.457
102.332,-0.911,1.759,0.459
102.443,-0.910,1.759,0.459
102.554,-0.911,1.759,0.460
102.665,-0.910,1.757,0.461
102.776,-0.910,1.756,0.461
102.887,-0.909,1.756,0.462
102.999,-0.907,1.755,0.463
103.110,-0.905,1.754,0.464
103.221,-0.903,1.754,0.464
103.332,-0.900,1.752,0.464
103.443,-0.897,1.751,0.464
103.554,-0.893,1.753,0.464
103.665,-0.890,1.753,0.463
103.776,-0.887,1.752,0.461
103.887,-0.885,1.754,0.457
103.999,-0.883,1.759,0.450
104.110,-0.880,1.762,0.443
104.221,-0.877,1.762,0.439
104.332,-0.876,1.760,0.436
104.443,-0.877,1.760,0.434
104.554,-0.877,1.759,0.434
104.665,-0.876,1.758,0.436
104.776,-0.877,1.757,0.438
104.888,-0.876,1.757,0.440
104.999,-0.876,1.756,0.443
105.109,-0.875,1.755,0.445
105.221,-0.874,1.754,0.448
105.332,-0.873,1.753,0.450
105.443,-0.873,1.754,0.451
105.554,-0.872,1.754,0.451
105.665,-0.871,1.754,0.450
105.776,-0.871,1.753,0.450
105.887,-0.870,1.753,0.449
105.998,-0.869,1.753,0.449
106.109,-0.870,1.753,0.448
106.221,-0.870,1.753,0.448
106.332,-0.871,1.753,0.447
106.443,-0.871,1.752,0.447
106.554,-0.872,1.752,0.447
106.665,-0.872,1.752,0.447
106.776,-0.872,1.753,0.447
106.888,-0.873,1.753,0.447
106.999,-0.873,1.753,0.447
107.109,-0.873,1.754,0.447
107.221,-0.873,1.754,0.447
107.332,-0.873,1.754,0.447
107.443,-0.873,1.754,0.446
107.554,-0.873,1.753,0.445
107.665,-0.873,1.753,0.444
107.776,-0.872,1.753,0.443
107.887,-0.872,1.753,0.442
107.999,-0.872,1.754,0.441
108.109,-0.875,1.760,0.433
108.220,-0.880,1.773,0.417
108.332,-0.880,1.781,0.406
108.444,-0.877,1.784,0.398
108.555,-0.875,1.786,0.393
108.666,-0.873,1.788,0.387
108.777,-0.871,1.789,0.384
108.889,-0.869,1.788,0.383
108.999,-0.868,1.785,0.386
109.110,-0.866,1.781,0.390
109.222,-0.866,1.779,0.394
109.332,-0.866,1.778,0.396
109.444,-0.866,1.777,0.398
109.555,-0.865,1.777,0.400
109.666,-0.864,1.776,0.401
109.777,-0.863,1.775,0.401
109.888,-0.862,1.775,0.401
109.999,-0.861,1.774,0.401
110.111,-0.861,1.772,0.401
110.222,-0.860,1.772,0.400
110.333,-0.859,1.772,0.400
110.443,-0.859,1.771,0.400
110.555,-0.859,1.770,0.401
110.666,-0.857,1.770,0.402
110.777,-0.855,1.770,0.403
110.888,-0.854,1.770,0.404
111.000,-0.853,1.773,0.403
111.110,-0.851,1.785,0.400
111.221,-0.847,1.791,0.399
111.332,-0.844,1.791,0.401
111.444,-0.842,1.789,0.402
111.555,-0.840,1.788,0.403
111.665,-0.837,1.786,0.404
111.777,-0.835,1.783,0.405
111.888,-0.833,1.780,0.405
111.999,-0.832,1.779,0.404
112.110,-0.830,1.777,0.405
112.221,-0.829,1.775,0.405
112.333,-0.828,1.775,0.404
112.444,-0.828,1.774,0.403
112.555,-0.828,1.773,0.402
112.666,-0.829,1.772,0.403
112.777,-0.830,1.772,0.403
112.888,-0.831,1.772,0.404
112.999,-0.833,1.771,0.405
113.110,-0.834,1.770,0.406
113.222,-0.836,1.770,0.406
113.332,-0.836,1.770,0.406
113.444,-0.837,1.770,0.407
113.555,-0.837,1.770,0.407
113.666,-0.837,1.769,0.406
113.777,-0.837,1.769,0.406
113.888,-0.836,1.768,0.407
113.999,-0.835,1.767,0.406
114.110,-0.834,1.767,0.406
114.222,-0.833,1.767,0.406
114.332,-0.832,1.767,0.405
114.443,-0.832,1.767,0.405
114.555,-0.832,1.767,0.405
114.666,-0.832,1.767,0.404
114.777,-0.832,1.767,0.404
114.888,-0.832,1.767,0.405
114.999,-0.832,1.766,0.405
115.110,-0.833,1.766,0.405
115.221,-0.834,1.766,0.406
115.332,-0.835,1.766,0.407
115.443,-0.835,1.766,0.408
115.555,-0.835,1.765,0.407
115.666,-0.837,1.764,0.406
115.777,-0.837,1.763,0.406
115.887,-0.836,1.760,0.406
115.999,-0.838,1.759,0.405
116.110,-0.840,1.759,0.404
116.221,-0.841,1.758,0.402
116.332,-0.842,1.758,0.401
116.443,-0.843,1.759,0.400
116.554,-0.844,1.759,0.400
116.665,-0.843,1.757,0.400
116.776,-0.844,1.757,0.401
116.887,-0.844,1.755,0.401
116.999,-0.843,1.754,0.401
117.110,-0.843,1.755,0.400
117.221,-0.843,1.755,0.400
117.332,-0.843,1.755,0.400
117.443,-0.842,1.753,0.399
117.554,-0.833,1.749,0.399
117.665,-0.824,1.747,0.403
117.776,-0.824,1.749,0.403
117.888,-0.825,1.753,0.406
117.999,-0.826,1.757,0.412
118.110,-0.827,1.759,0.416
118.221,-0.831,1.765,0.419
118.332,-0.833,1.771,0.421
118.443,-0.833,1.776,0.421
118.554,-0.831,1.782,0.423
118.665,-0.830,1.784,0.426
118.776,-0.831,1.785,0.427
118.887,-0.833,1.785,0.427
118.999,-0.833,1.788,0.427
119.109,-0.833,1.791,0.426
119.221,-0.831,1.797,0.425
119.331,-0.829,1.802,0.422
119.444,-0.829,1.802,0.420
119.552,-0.828,1.803,0.418
119.661,-0.827,1.806,0.416
119.772,-0.825,1.811,0.414
119.882,-0.822,1.816,0.413
119.992,-0.817,1.824,0.411
120.092,-0.811,1.828,0.410
120.204,-0.807,1.829,0.408
120.316,-0.805,1.830,0.406
120.426,-0.803,1.829,0.405
120.539,-0.803,1.829,0.405
120.650,-0.802,1.828,0.406
120.761,-0.802,1.829,0.407
120.871,-0.802,1.829,0.407
120.972,-0.802,1.829,0.408
121.079,-0.802,1.830,0.408
121.191,-0.802,1.831,0.408
121.302,-0.803,1.831,0.407
121.413,-0.803,1.832,0.406
121.524,-0.802,1.832,0.406
121.636,-0.801,1.833,0.406
121.747,-0.799,1.836,0.406
121.857,-0.797,1.838,0.407
121.969,-0.795,1.840,0.408
122.080,-0.793,1.841,0.409
122.192,-0.793,1.841,0.409
122.302,-0.793,1.842,0.408
122.413,-0.793,1.842,0.408
122.524,-0.793,1.842,0.408
122.636,-0.793,1.841,0.407
122.747,-0.793,1.841,0.407
122.857,-0.793,1.840,0.407
122.968,-0.793,1.841,0.407
123.080,-0.793,1.841,0.408
123.191,-0.793,1.841,0.409
123.302,-0.793,1.840,0.410
123.413,-0.793,1.839,0.410
123.524,-0.795,1.838,0.410
123.636,-0.797,1.837,0.410
123.745,-0.798,1.836,0.410
123.859,-0.799,1.836,0.410
123.969,-0.800,1.836,0.409
124.080,-0.800,1.836,0.409
124.191,-0.800,1.837,0.409
124.301,-0.800,1.837,0.409
124.413,-0.800,1.837,0.409
124.524,-0.800,1.838,0.410
124.635,-0.799,1.838,0.410
124.747,-0.798,1.838,0.411
124.858,-0.798,1.838,0.411
124.969,-0.798,1.838,0.412
125.080,-0.799,1.837,0.412
125.192,-0.804,1.836,0.411
125.302,-0.811,1.833,0.412
125.412,-0.816,1.825,0.416
125.524,-0.818,1.819,0.417
125.635,-0.818,1.811,0.414
125.746,-0.819,1.808,0.415
125.856,-0.819,1.807,0.414
125.968,-0.817,1.808,0.414
126.080,-0.816,1.809,0.413
126.191,-0.814,1.810,0.412
126.302,-0.813,1.810,0.411
126.414,-0.813,1.809,0.411
126.525,-0.815,1.806,0.412
126.635,-0.823,1.803,0.413
126.746,-0.829,1.801,0.416
126.858,-0.831,1.800,0.419
126.969,-0.832,1.800,0.420
127.079,-0.833,1.799,0.422
127.191,-0.833,1.798,0.421
127.303,-0.834,1.797,0.420
127.414,-0.834,1.798,0.419
127.525,-0.832,1.796,0.416
127.636,-0.827,1.793,0.413
127.747,-0.824,1.787,0.409
127.858,-0.826,1.785,0.409
127.969,-0.827,1.784,0.408
128.080,-0.828,1.783,0.408
128.191,-0.829,1.781,0.409
128.303,-0.831,1.782,0.409
128.414,-0.834,1.781,0.408
128.525,-0.835,1.779,0.407
128.636,-0.838,1.779,0.407
128.747,-0.842,1.780,0.407
128.859,-0.844,1.781,0.406
128.970,-0.845,1.780,0.406
129.080,-0.846,1.779,0.405
129.192,-0.847,1.779,0.405
129.303,-0.848,1.778,0.404
129.414,-0.849,1.777,0.403
129.525,-0.852,1.776,0.403
129.637,-0.854,1.776,0.403
129.748,-0.855,1.775,0.403
129.859,-0.856,1.774,0.404
129.970,-0.857,1.773,0.405
130.081,-0.859,1.772,0.406
130.192,-0.859,1.771,0.406
130.301,-0.859,1.770,0.405
130.414,-0.859,1.770,0.405
130.525,-0.859,1.770,0.405
130.636,-0.860,1.770,0.405
130.747,-0.860,1.769,0.405
130.858,-0.861,1.769,0.406
130.969,-0.861,1.768,0.406
131.081,-0.861,1.767,0.405
131.192,-0.862,1.763,0.403
131.303,-0.863,1.756,0.402
131.415,-0.864,1.750,0.400
131.525,-0.864,1.748,0.397
131.636,-0.862,1.747,0.394
131.747,-0.861,1.747,0.393
131.859,-0.860,1.746,0.393
131.970,-0.860,1.745,0.393
132.081,-0.861,1.747,0.394
132.192,-0.860,1.748,0.394
132.304,-0.859,1.748,0.396
132.415,-0.861,1.746,0.397
132.526,-0.864,1.743,0.396
132.637,-0.865,1.740,0.392
132.748,-0.866,1.739,0.389
132.860,-0.868,1.739,0.387
132.970,-0.870,1.739,0.385
133.081,-0.872,1.737,0.384
133.193,-0.874,1.736,0.383
133.303,-0.875,1.735,0.383
133.415,-0.875,1.736,0.383
133.526,-0.875,1.736,0.383
133.637,-0.874,1.736,0.383
133.748,-0.874,1.735,0.383
133.860,-0.874,1.735,0.382
133.971,-0.873,1.736,0.381
134.082,-0.872,1.736,0.381
134.192,-0.872,1.737,0.381
134.303,-0.871,1.737,0.381
134.414,-0.871,1.738,0.382
134.526,-0.869,1.739,0.384
134.637,-0.861,1.744,0.389
134.748,-0.853,1.751,0.397
134.859,-0.848,1.752,0.406
134.970,-0.843,1.750,0.414
135.081,-0.840,1.757,0.421
135.192,-0.836,1.769,0.429
135.303,-0.830,1.775,0.435
135.413,-0.824,1.780,0.437
135.525,-0.819,1.783,0.436
135.637,-0.817,1.784,0.434
135.748,-0.817,1.787,0.434
135.859,-0.818,1.789,0.434
135.969,-0.818,1.789,0.435
136.081,-0.820,1.786,0.436
136.192,-0.826,1.780,0.438
136.303,-0.835,1.765,0.439
136.415,-0.841,1.758,0.443
136.525,-0.848,1.757,0.446
136.637,-0.855,1.753,0.448
136.747,-0.858,1.746,0.445
136.858,-0.863,1.744,0.444
136.970,-0.866,1.743,0.443
137.081,-0.867,1.742,0.442
137.192,-0.869,1.739,0.441
137.292,-0.869,1.736,0.442
137.401,-0.870,1.733,0.443
137.512,-0.869,1.732,0.445
137.623,-0.867,1.731,0.446
137.734,-0.866,1.730,0.447
137.845,-0.865,1.730,0.449
137.956,-0.866,1.734,0.451
138.067,-0.867,1.743,0.450
138.178,-0.866,1.752,0.444
138.289,-0.866,1.761,0.437
138.400,-0.865,1.768,0.429
138.512,-0.865,1.772,0.421
138.623,-0.867,1.773,0.416
138.735,-0.870,1.771,0.413
138.845,-0.873,1.768,0.412
138.956,-0.874,1.764,0.410
139.068,-0.875,1.762,0.410
139.179,-0.878,1.761,0.412
139.290,-0.881,1.755,0.416
139.401,-0.882,1.747,0.420
139.512,-0.882,1.743,0.422
139.623,-0.882,1.743,0.423
139.735,-0.880,1.743,0.423
139.845,-0.879,1.743,0.422
139.957,-0.878,1.742,0.421
140.068,-0.878,1.741,0.420
140.180,-0.879,1.739,0.419
140.290,-0.880,1.739,0.419
140.401,-0.881,1.739,0.421
140.512,-0.881,1.740,0.423
140.623,-0.881,1.745,0.423
140.734,-0.880,1.749,0.423
140.844,-0.878,1.751,0.421
140.956,-0.878,1.752,0.419
141.066,-0.878,1.753,0.417
141.177,-0.878,1.753,0.416
141.289,-0.879,1.753,0.416
141.400,-0.880,1.753,0.416
141.510,-0.880,1.752,0.418
141.622,-0.880,1.750,0.421
141.732,-0.879,1.749,0.424
141.845,-0.877,1.748,0.426
141.956,-0.876,1.746,0.429
142.065,-0.873,1.743,0.432
142.177,-0.872,1.742,0.437
142.288,-0.870,1.746,0.442
142.401,-0.865,1.750,0.445
142.510,-0.863,1.752,0.445
142.622,-0.863,1.755,0.441
142.733,-0.864,1.758,0.431
142.844,-0.867,1.759,0.416
142.955,-0.874,1.762,0.397
143.066,-0.881,1.768,0.375
143.176,-0.888,1.771,0.352
143.289,-0.898,1.771,0.328
143.400,-0.910,1.772,0.304
143.511,-0.923,1.768,0.287
143.623,-0.930,1.762,0.278
143.733,-0.935,1.760,0.274
143.845,-0.938,1.761,0.275
143.956,-0.938,1.760,0.278
144.067,-0.938,1.758,0.283
144.178,-0.938,1.757,0.287
144.289,-0.937,1.755,0.291
144.401,-0.934,1.752,0.294
144.511,-0.932,1.746,0.299
144.623,-0.929,1.734,0.308
144.734,-0.929,1.725,0.316
144.845,-0.929,1.719,0.321
144.956,-0.931,1.719,0.327
145.067,-0.933,1.720,0.331
145.178,-0.935,1.720,0.334
145.290,-0.937,1.719,0.336
145.400,-0.939,1.719,0.336
145.512,-0.940,1.719,0.336
145.623,-0.942,1.718,0.335
145.734,-0.943,1.717,0.334
145.845,-0.943,1.717,0.334
145.956,-0.942,1.718,0.334
146.068,-0.941,1.719,0.334
146.179,-0.939,1.719,0.334
146.290,-0.938,1.718,0.334
146.401,-0.937,1.717,0.334
146.512,-0.936,1.716,0.335
146.623,-0.935,1.717,0.336
146.735,-0.933,1.717,0.336
146.845,-0.932,1.717,0.336
146.956,-0.931,1.718,0.338
147.067,-0.929,1.718,0.339
147.179,-0.927,1.719,0.340
147.291,-0.927,1.719,0.342
147.401,-0.927,1.718,0.344
147.512,-0.926,1.718,0.345
147.623,-0.925,1.718,0.346
147.734,-0.925,1.717,0.347
147.846,-0.924,1.716,0.348
147.957,-0.923,1.715,0.348
148.068,-0.923,1.713,0.345
148.177,-0.922,1.710,0.339
148.289,-0.920,1.708,0.333
148.401,-0.919,1.707,0.329
148.512,-0.918,1.706,0.325
148.624,-0.916,1.706,0.322
148.734,-0.913,1.705,0.317
148.845,-0.910,1.706,0.311
148.956,-0.908,1.708,0.307
149.067,-0.906,1.706,0.305
149.179,-0.906,1.703,0.303
149.289,-0.906,1.701,0.304
149.400,-0.907,1.701,0.305
149.512,-0.905,1.703,0.311
149.624,-0.903,1.712,0.321
149.734,-0.901,1.727,0.341
149.846,-0.896,1.738,0.367
149.957,-0.886,1.745,0.396
150.067,-0.864,1.751,0.421
150.178,-0.828,1.757,0.436
150.289,-0.782,1.758,0.439
150.400,-0.734,1.755,0.430
150.510,-0.693,1.749,0.418
150.620,-0.660,1.746,0.411
150.732,-0.631,1.750,0.411
150.844,-0.607,1.755,0.414
150.955,-0.590,1.758,0.422
151.067,-0.577,1.762,0.435
151.177,-0.567,1.764,0.449
151.289,-0.553,1.765,0.462
151.400,-0.539,1.769,0.476
151.511,-0.527,1.773,0.489
151.622,-0.514,1.775,0.499
151.731,-0.501,1.776,0.507
151.844,-0.491,1.776,0.512
151.955,-0.484,1.776,0.512
152.066,-0.481,1.777,0.511
152.177,-0.479,1.784,0.508
152.288,-0.477,1.789,0.497
152.400,-0.478,1.792,0.485
152.511,-0.479,1.800,0.485
152.622,-0.477,1.821,0.497
152.733,-0.476,1.824,0.501
152.844,-0.481,1.813,0.500
152.955,-0.486,1.802,0.503
153.066,-0.487,1.789,0.507
153.177,-0.488,1.778,0.510
153.289,-0.489,1.773,0.512
153.400,-0.489,1.771,0.511
153.510,-0.489,1.769,0.510
153.622,-0.489,1.768,0.509
153.733,-0.488,1.769,0.510
153.844,-0.489,1.770,0.507
153.955,-0.492,1.768,0.504
154.067,-0.496,1.765,0.502
154.177,-0.497,1.764,0.503
154.288,-0.497,1.761,0.506
154.400,-0.500,1.757,0.507
154.511,-0.503,1.754,0.506
154.622,-0.506,1.752,0.506
154.733,-0.508,1.749,0.505
154.844,-0.510,1.747,0.503
154.955,-0.512,1.747,0.501
155.067,-0.514,1.749,0.501
155.177,-0.514,1.748,0.501
155.288,-0.515,1.746,0.501
155.400,-0.515,1.747,0.502
155.511,-0.516,1.747,0.504
155.622,-0.517,1.748,0.506
155.732,-0.518,1.748,0.507
155.845,-0.519,1.748,0.508
155.955,-0.521,1.747,0.509
156.066,-0.521,1.747,0.510
156.177,-0.522,1.747,0.511
156.287,-0.523,1.748,0.511
156.400,-0.524,1.748,0.511
156.510,-0.525,1.747,0.511
156.621,-0.525,1.747,0.511
156.732,-0.525,1.746,0.510
156.844,-0.525,1.747,0.509
156.955,-0.525,1.748,0.509
157.066,-0.524,1.747,0.509
157.177,-0.524,1.748,0.508
157.288,-0.524,1.748,0.507
157.400,-0.525,1.749,0.505
157.510,-0.525,1.749,0.503
157.621,-0.526,1.748,0.502
157.731,-0.526,1.748,0.502
157.844,-0.526,1.747,0.503
157.954,-0.526,1.747,0.503
158.065,-0.527,1.747,0.503
158.177,-0.528,1.747,0.504
158.288,-0.529,1.747,0.505
158.400,-0.531,1.746,0.506
158.511,-0.533,1.746,0.506
158.620,-0.534,1.746,0.506
158.732,-0.534,1.745,0.504
158.844,-0.535,1.744,0.498
158.955,-0.535,1.742,0.492
159.066,-0.534,1.741,0.491
159.177,-0.535,1.748,0.496
159.288,-0.533,1.758,0.501
159.400,-0.528,1.759,0.502
159.511,-0.524,1.754,0.497
159.622,-0.521,1.754,0.493
159.733,-0.517,1.757,0.490
159.844,-0.513,1.758,0.487
159.955,-0.510,1.759,0.483
160.067,-0.510,1.759,0.481
160.177,-0.508,1.759,0.482
160.288,-0.506,1.758,0.482
160.400,-0.504,1.757,0.483
160.511,-0.503,1.756,0.484
160.621,-0.503,1.756,0.485
160.733,-0.504,1.755,0.483
160.845,-0.503,1.756,0.481
160.955,-0.503,1.760,0.481
161.067,-0.503,1.767,0.481
161.178,-0.503,1.770,0.477
161.288,-0.505,1.778,0.469
161.400,-0.507,1.798,0.462
161.510,-0.508,1.817,0.453
161.621,-0.507,1.827,0.446
161.732,-0.505,1.827,0.441
161.843,-0.503,1.823,0.440
161.955,-0.500,1.821,0.441
162.066,-0.498,1.820,0.439
162.177,-0.497,1.819,0.438
162.288,-0.495,1.817,0.437
162.400,-0.494,1.816,0.436
162.511,-0.493,1.816,0.435
162.622,-0.492,1.816,0.433
162.733,-0.490,1.817,0.432
162.844,-0.490,1.817,0.433
162.955,-0.489,1.816,0.434
163.066,-0.490,1.816,0.437
163.177,-0.491,1.815,0.439
163.289,-0.493,1.814,0.442
163.401,-0.494,1.810,0.446
163.510,-0.498,1.801,0.454
163.621,-0.502,1.788,0.462
163.732,-0.507,1.778,0.465
163.844,-0.514,1.775,0.466
163.955,-0.519,1.774,0.465
164.066,-0.523,1.774,0.464
164.177,-0.527,1.774,0.463
164.288,-0.529,1.775,0.463
164.400,-0.532,1.776,0.463
164.511,-0.534,1.776,0.464
164.622,-0.534,1.775,0.465
164.733,-0.534,1.776,0.466
164.845,-0.534,1.776,0.467
164.956,-0.534,1.776,0.468
165.067,-0.533,1.775,0.468
165.177,-0.532,1.774,0.469
165.288,-0.530,1.774,0.469
165.400,-0.528,1.775,0.470
165.511,-0.527,1.776,0.470
165.621,-0.528,1.775,0.470
165.733,-0.528,1.772,0.471
165.844,-0.527,1.769,0.474
165.955,-0.528,1.766,0.478
166.067,-0.528,1.763,0.482
166.178,-0.528,1.760,0.483
166.289,-0.528,1.758,0.484
166.400,-0.528,1.756,0.484
166.512,-0.527,1.756,0.485
166.622,-0.525,1.755,0.487
166.734,-0.521,1.754,0.490
166.844,-0.518,1.754,0.495
166.955,-0.514,1.754,0.499
167.066,-0.510,1.754,0.502
167.177,-0.506,1.754,0.505
167.288,-0.503,1.753,0.507
167.399,-0.500,1.753,0.509
167.510,-0.498,1.752,0.510
167.621,-0.496,1.751,0.510
167.732,-0.494,1.752,0.510
167.844,-0.490,1.753,0.510
167.956,-0.487,1.753,0.510
168.067,-0.482,1.754,0.511
168.176,-0.477,1.755,0.511
168.288,0.004,1.756,-0.003
168.400,0.010,1.756,-0.009
168.512,0.016,1.757,-0.014
168.621,0.021,1.758,-0.018
168.732,0.024,1.759,-0.021
168.844,0.025,1.759,-0.023
168.955,0.024,1.759,-0.024
169.067,0.023,1.759,-0.024
169.177,0.020,1.759,-0.024
169.288,0.018,1.759,-0.024
169.399,0.016,1.758,-0.025
169.511,0.014,1.758,-0.024
169.621,0.011,1.757,-0.022
169.733,0.008,1.756,-0.019
169.843,0.004,1.754,-0.017
169.955,0.003,1.754,-0.014
170.065,0.001,1.753,-0.011
170.177,0.001,1.753,-0.008
170.288,0.000,1.752,-0.005
170.400,0.001,1.751,-0.003
170.511,0.001,1.751,0.000
170.622,0.002,1.750,0.002
170.733,0.002,1.750,0.003
170.844,0.002,1.751,0.004
170.956,0.002,1.751,0.006
171.067,0.000,1.750,0.008
171.178,-0.001,1.749,0.009
171.288,-0.003,1.749,0.011
171.400,-0.005,1.748,0.012
171.510,-0.009,1.745,0.012
171.622,-0.009,1.745,0.015
171.733,-0.007,1.746,0.017
171.844,-0.006,1.746,0.018
171.955,-0.004,1.745,0.019
172.066,-0.002,1.745,0.020
172.178,-0.001,1.745,0.020
172.289,0.001,1.745,0.021
172.401,0.002,1.745,0.021
172.511,0.003,1.745,0.020
172.622,0.003,1.745,0.020
172.733,0.004,1.746,0.020
172.844,0.004,1.745,0.021
172.956,0.004,1.744,0.022
173.066,0.006,1.744,0.022
173.178,0.007,1.744,0.023
173.289,0.007,1.744,0.024
173.401,0.005,1.744,0.024
173.511,0.002,1.744,0.025
173.622,0.002,1.743,0.025
173.734,0.001,1.742,0.027
173.845,-0.002,1.741,0.027
173.956,-0.006,1.739,0.028
174.067,-0.012,1.735,0.026
174.178,-0.019,1.729,0.024
174.289,-0.022,1.729,0.028
174.401,-0.027,1.736,0.040
174.512,-0.028,1.755,0.067
174.622,-0.020,1.770,0.114
174.734,-0.019,1.749,0.151
174.844,-0.018,1.696,0.166
174.955,-0.013,1.624,0.167
175.067,0.001,1.554,0.164
175.178,0.027,1.495,0.160
175.289,0.056,1.453,0.157
175.402,0.084,1.436,0.153
175.512,0.107,1.428,0.160
175.623,0.128,1.418,0.171
175.735,0.143,1.405,0.179
175.845,0.152,1.394,0.180
175.956,0.157,1.387,0.174
176.068,0.158,1.385,0.163
176.179,0.155,1.389,0.152
176.291,0.152,1.398,0.138
176.401,0.147,1.402,0.129
176.512,0.140,1.404,0.118
176.623,0.132,1.404,0.107
176.735,0.128,1.402,0.102
176.846,0.126,1.401,0.104
176.957,0.125,1.400,0.111
177.068,0.124,1.402,0.118
177.179,0.123,1.404,0.123
177.291,0.123,1.404,0.125
177.401,0.123,1.401,0.125
177.512,0.123,1.399,0.125
177.624,0.125,1.398,0.125
177.735,0.127,1.397,0.127
177.846,0.127,1.396,0.127
177.957,0.127,1.397,0.128
178.068,0.126,1.396,0.127
178.180,0.125,1.394,0.127
178.291,0.123,1.392,0.126
178.403,0.122,1.392,0.127
178.513,0.122,1.392,0.129
178.624,0.121,1.394,0.131
178.736,0.120,1.394,0.133
178.846,0.118,1.393,0.134
178.957,0.116,1.391,0.134
179.068,0.116,1.389,0.136
179.180,0.118,1.387,0.137
179.291,0.121,1.385,0.139
179.401,0.124,1.381,0.141
179.513,0.125,1.379,0.141
179.624,0.126,1.378,0.141
179.735,0.127,1.376,0.140
179.846,0.128,1.375,0.141
179.956,0.130,1.374,0.142
180.068,0.133,1.372,0.144
180.180,0.137,1.369,0.147
180.291,0.141,1.365,0.151
180.402,0.143,1.364,0.155
180.512,0.144,1.366,0.157
180.624,0.142,1.367,0.158
180.735,0.140,1.366,0.155
180.846,0.138,1.365,0.152
180.956,0.138,1.364,0.150
181.069,0.139,1.365,0.151
181.179,0.140,1.366,0.152
181.291,0.140,1.366,0.151
181.402,0.140,1.364,0.151
181.513,0.140,1.362,0.150
181.624,0.142,1.360,0.150
181.735,0.143,1.361,0.150
181.846,0.143,1.360,0.150
181.957,0.142,1.357,0.149
182.067,0.142,1.356,0.149
182.180,0.143,1.355,0.150
182.291,0.145,1.355,0.151
182.402,0.147,1.358,0.152
182.513,0.150,1.366,0.154
182.624,0.152,1.378,0.157
182.735,0.152,1.388,0.158
182.846,0.150,1.388,0.159
182.957,0.148,1.385,0.159
183.069,0.148,1.382,0.158
183.179,0.150,1.383,0.159
183.290,0.154,1.390,0.162
183.402,0.158,1.419,0.167
183.512,0.157,1.481,0.170
183.622,0.141,1.548,0.166
183.733,0.109,1.603,0.156
183.844,0.071,1.653,0.129
183.955,0.043,1.703,0.087
184.066,0.026,1.732,0.047
184.178,0.018,1.741,0.022
184.289,0.015,1.748,0.009
184.401,0.011,1.754,-0.001
184.511,0.012,1.759,-0.010
184.622,0.015,1.768,-0.016
184.732,0.016,1.781,-0.025
184.844,0.015,1.788,-0.033
184.955,0.016,1.791,-0.037
185.067,0.016,1.791,-0.040
185.177,0.015,1.788,-0.040
185.288,0.013,1.784,-0.040
185.400,0.010,1.780,-0.042
185.511,0.011,1.792,-0.039
185.622,0.017,1.814,-0.041
185.732,0.022,1.823,-0.048
185.844,0.030,1.823,-0.055
185.955,0.042,1.823,-0.059
186.065,0.048,1.824,-0.061
186.176,0.048,1.823,-0.060
186.287,0.045,1.823,-0.058
186.399,0.040,1.822,-0.056
186.509,0.037,1.820,-0.053
186.620,0.036,1.818,-0.050
186.732,0.036,1.817,-0.047
186.850,0.036,1.816,-0.048
186.954,0.039,1.816,-0.050
187.064,0.038,1.816,-0.050
187.177,0.033,1.812,-0.047
187.288,0.030,1.796,-0.044
187.399,0.029,1.783,-0.043
187.510,0.026,1.781,-0.035
187.622,0.025,1.785,-0.023
187.733,0.025,1.795,-0.017
187.844,0.027,1.796,-0.018
187.956,0.028,1.794,-0.017
188.067,0.029,1.794,-0.018
188.178,0.031,1.794,-0.018
188.289,0.032,1.795,-0.017
188.401,0.032,1.795,-0.016
188.511,0.030,1.792,-0.017
188.622,0.030,1.791,-0.014
188.734,0.030,1.792,-0.012
188.845,0.029,1.792,-0.012
188.957,0.028,1.791,-0.010
189.067,0.027,1.790,-0.010
189.179,0.027,1.790,-0.008
189.290,0.028,1.792,-0.008
189.401,0.031,1.795,-0.007
189.512,0.038,1.797,-0.005
189.623,0.048,1.797,-0.005
189.734,0.062,1.797,-0.004
189.845,0.076,1.797,-0.002
189.957,0.090,1.797,-0.001
190.068,0.101,1.796,0.000
190.179,0.107,1.794,0.003
190.290,0.108,1.790,0.008
190.401,0.104,1.788,0.013
190.512,0.095,1.786,0.018
190.623,0.081,1.783,0.021
190.734,0.065,1.779,0.022
190.845,0.052,1.777,0.023
190.956,0.042,1.776,0.025
191.068,0.035,1.774,0.026
191.179,0.032,1.773,0.028
191.290,0.033,1.771,0.029
191.402,0.035,1.771,0.030
191.512,0.039,1.771,0.032
191.623,0.042,1.771,0.032
191.734,0.046,1.771,0.032
191.845,0.049,1.766,0.025
191.956,0.052,1.756,0.017
192.068,0.055,1.753,0.026
192.178,0.062,1.755,0.039
192.288,0.070,1.759,0.054
192.399,0.082,1.760,0.075
192.511,0.098,1.750,0.110
192.622,0.117,1.719,0.151
192.733,0.131,1.675,0.170
192.844,0.141,1.639,0.176
192.956,0.149,1.615,0.181
193.068,0.155,1.603,0.184
193.179,0.160,1.598,0.186
193.289,0.164,1.595,0.188
193.401,0.166,1.593,0.189
193.512,0.167,1.591,0.189
193.624,0.167,1.593,0.188
193.735,0.167,1.600,0.183
193.846,0.165,1.608,0.178
193.957,0.163,1.610,0.175
194.068,0.161,1.607,0.175
194.179,0.161,1.603,0.177
194.290,0.162,1.600,0.178
194.402,0.165,1.599,0.179
194.513,0.166,1.600,0.180
194.624,0.167,1.599,0.181
194.735,0.167,1.598,0.182
194.846,0.166,1.597,0.183
194.957,0.164,1.596,0.184
195.068,0.162,1.596,0.185
195.180,0.162,1.595,0.185
195.290,0.162,1.595,0.186
195.402,0.162,1.594,0.187
195.512,0.162,1.593,0.188
195.623,0.161,1.591,0.190
195.735,0.162,1.589,0.192
195.846,0.162,1.587,0.194
195.957,0.163,1.584,0.196
196.068,0.165,1.581,0.197
196.179,0.167,1.578,0.199
196.290,0.171,1.578,0.200
196.402,0.176,1.578,0.200
196.513,0.179,1.577,0.201
196.624,0.180,1.576,0.202
196.735,0.178,1.575,0.202
196.846,0.176,1.575,0.202
196.957,0.174,1.576,0.202
197.069,0.172,1.577,0.201
197.179,0.172,1.577,0.200
197.290,0.172,1.574,0.199
197.402,0.175,1.573,0.199
197.512,0.180,1.572,0.198
197.624,0.185,1.572,0.198
197.735,0.188,1.571,0.197
197.846,0.189,1.570,0.197
197.957,0.189,1.569,0.197
198.068,0.188,1.569,0.197
198.180,0.187,1.568,0.196
198.290,0.186,1.568,0.197
198.402,0.185,1.571,0.195
198.512,0.183,1.574,0.195
198.625,0.180,1.579,0.194
198.735,0.177,1.585,0.195
198.846,0.174,1.588,0.197
198.957,0.169,1.585,0.198
199.068,0.164,1.583,0.198
199.180,0.160,1.582,0.197
199.290,0.157,1.581,0.197
199.402,0.156,1.581,0.197
199.513,0.157,1.580,0.197
199.624,0.158,1.580,0.197
199.735,0.159,1.579,0.196
199.846,0.159,1.579,0.196
199.957,0.157,1.580,0.195
200.068,0.155,1.585,0.193
200.180,0.152,1.591,0.190
200.291,0.150,1.597,0.186
200.402,0.149,1.604,0.182
200.513,0.150,1.612,0.177
200.624,0.151,1.619,0.169
200.735,0.154,1.624,0.159
200.846,0.158,1.626,0.147
200.957,0.164,1.627,0.135
201.068,0.173,1.629,0.121
201.179,0.183,1.632,0.110
201.290,0.192,1.639,0.103
201.401,0.197,1.647,0.099
201.512,0.199,1.653,0.096
201.623,0.200,1.656,0.093
201.734,0.200,1.656,0.091
201.846,0.199,1.656,0.091
201.957,0.198,1.655,0.091
202.067,0.197,1.654,0.092
202.179,0.195,1.653,0.093
202.290,0.194,1.652,0.093
202.401,0.194,1.652,0.093
202.512,0.195,1.652,0.092
202.623,0.197,1.650,0.092
202.735,0.197,1.648,0.093
202.846,0.195,1.648,0.093
202.957,0.186,1.653,0.093
203.068,0.171,1.657,0.093
203.179,0.152,1.653,0.098
203.290,0.130,1.645,0.107
203.401,0.107,1.637,0.120
203.512,0.084,1.633,0.129
203.624,0.068,1.631,0.134
203.735,0.058,1.630,0.137
203.846,0.054,1.629,0.138
203.958,0.056,1.630,0.139
204.068,0.063,1.631,0.141
204.179,0.070,1.632,0.149
204.290,0.074,1.633,0.164
204.402,0.076,1.631,0.177
204.512,0.075,1.626,0.189
204.624,0.071,1.621,0.201
204.735,0.063,1.619,0.212
204.846,0.055,1.617,0.221
204.958,0.046,1.609,0.232
205.068,0.037,1.597,0.246
205.180,0.024,1.583,0.260
205.291,0.002,1.567,0.275
205.402,-0.029,1.555,0.288
205.513,-0.066,1.547,0.301
205.624,-0.110,1.543,0.314
205.735,-0.157,1.542,0.324
205.846,-0.207,1.540,0.333
205.958,-0.261,1.532,0.345
206.068,-0.322,1.523,0.359
206.179,-0.384,1.515,0.377
206.291,-0.446,1.508,0.399
206.402,-0.497,1.511,0.412
206.513,-0.534,1.514,0.414
206.624,-0.557,1.514,0.407
206.735,-0.569,1.514,0.387
206.846,-0.576,1.514,0.354
206.958,-0.588,1.513,0.316
207.068,-0.610,1.519,0.286
207.180,-0.635,1.526,0.266
207.291,-0.657,1.530,0.250
207.402,-0.671,1.529,0.239
207.513,-0.670,1.523,0.229
207.624,-0.658,1.517,0.223
207.735,-0.641,1.515,0.220
207.847,-0.626,1.517,0.222
207.958,-0.613,1.516,0.225
208.069,-0.599,1.510,0.230
208.180,-0.586,1.505,0.228
208.291,-0.570,1.505,0.227
208.402,-0.558,1.503,0.229
208.513,-0.555,1.499,0.234
208.625,-0.554,1.498,0.236
208.735,-0.555,1.497,0.235
208.846,-0.561,1.491,0.233
208.958,-0.570,1.486,0.231
209.069,-0.578,1.484,0.227
209.180,-0.586,1.487,0.222
209.291,-0.589,1.491,0.219
209.402,-0.590,1.494,0.219
209.513,-0.586,1.495,0.220
209.624,-0.584,1.493,0.220
209.736,-0.586,1.487,0.219
209.846,-0.602,1.475,0.214
209.958,-0.616,1.470,0.202
210.068,-0.628,1.465,0.190
210.180,-0.650,1.453,0.178
210.291,-0.673,1.442,0.163
210.402,-0.694,1.434,0.147
210.513,-0.712,1.429,0.137
210.624,-0.727,1.426,0.132
210.735,-0.738,1.429,0.131
210.847,-0.747,1.435,0.128
210.958,-0.749,1.446,0.124
211.069,-0.744,1.458,0.127
211.180,-0.728,1.481,0.132
211.291,-0.698,1.504,0.138
211.402,-0.654,1.519,0.152
211.513,-0.608,1.522,0.176
211.624,-0.566,1.519,0.205
211.735,-0.541,1.511,0.228
211.846,-0.526,1.507,0.242
211.957,-0.520,1.507,0.247
212.068,-0.518,1.506,0.244
212.180,-0.520,1.502,0.236
212.291,-0.522,1.500,0.226
212.402,-0.524,1.499,0.214
212.513,-0.524,1.500,0.205
212.624,-0.519,1.509,0.199
212.735,-0.510,1.528,0.188
212.846,-0.500,1.561,0.172
212.958,-0.488,1.595,0.165
213.068,-0.465,1.631,0.150
213.179,-0.430,1.678,0.128
213.290,-0.373,1.730,0.102
213.402,-0.317,1.779,0.045
213.512,-0.269,1.787,-0.010
213.624,-0.222,1.784,-0.058
213.735,-0.180,1.781,-0.095
213.846,-0.146,1.784,-0.115
213.957,-0.110,1.780,-0.128
214.068,-0.072,1.771,-0.137
214.179,-0.031,1.760,-0.150
214.291,0.014,1.749,-0.161
214.402,0.066,1.738,-0.165
214.513,0.118,1.733,-0.167
214.624,0.159,1.730,-0.172
214.735,0.172,1.746,-0.173
214.846,0.180,1.760,-0.188
214.957,0.184,1.762,-0.200
215.068,0.183,1.759,-0.216
215.179,0.172,1.751,-0.238
215.290,0.152,1.744,-0.254
215.401,0.140,1.732,-0.270
215.513,0.140,1.728,-0.287
215.624,0.157,1.728,-0.308
215.735,0.189,1.737,-0.321
215.846,0.219,1.748,-0.337
215.957,0.256,1.747,-0.358
216.069,0.294,1.743,-0.384
216.180,0.328,1.739,-0.405
216.291,0.356,1.742,-0.419
216.402,0.371,1.745,-0.440
216.513,0.371,1.744,-0.466
216.624,0.363,1.750,-0.491
216.735,0.347,1.762,-0.516
216.846,0.326,1.763,-0.550
216.957,0.302,1.753,-0.584
217.068,0.289,1.745,-0.614
217.180,0.283,1.742,-0.640
217.291,0.284,1.742,-0.661
217.402,0.299,1.745,-0.679
217.513,0.318,1.754,-0.695
217.624,0.340,1.768,-0.713
217.736,0.357,1.779,-0.729
217.846,0.369,1.786,-0.736
217.957,0.377,1.791,-0.739
218.068,0.380,1.792,-0.741
218.179,0.382,1.793,-0.739
218.292,0.382,1.796,-0.736
218.402,0.381,1.798,-0.733
218.513,0.379,1.801,-0.729
218.624,0.375,1.804,-0.725
218.735,0.373,1.808,-0.723
218.846,0.373,1.811,-0.724
218.957,0.373,1.813,-0.725
219.068,0.373,1.815,-0.726
219.179,0.373,1.816,-0.728
219.291,0.372,1.816,-0.730
219.402,0.371,1.816,-0.731
219.513,0.368,1.813,-0.730
219.623,-0.004,1.811,-0.002
219.734,-0.008,1.808,-0.003
219.846,-0.010,1.800,-0.001
219.957,-0.017,1.790,0.003
220.067,-0.024,1.780,0.007
220.178,-0.022,1.774,0.009
220.289,-0.020,1.767,0.012
220.401,-0.014,1.762,0.020
220.511,-0.008,1.756,0.030
220.623,0.000,1.744,0.042
220.734,0.008,1.731,0.055
220.844,0.017,1.721,0.068
220.957,0.026,1.719,0.079
221.068,0.036,1.723,0.085
221.179,0.042,1.730,0.085
221.289,0.044,1.729,0.083
221.400,0.038,1.725,0.093
221.511,0.023,1.723,0.107
221.623,0.000,1.727,0.127
221.734,-0.031,1.731,0.144
221.845,-0.069,1.737,0.157
221.957,-0.107,1.740,0.168
222.068,-0.129,1.741,0.181
222.179,-0.138,1.744,0.194
222.290,-0.137,1.747,0.208
222.402,-0.130,1.746,0.227
222.511,-0.117,1.744,0.245
222.623,-0.105,1.740,0.263
222.734,-0.102,1.736,0.278
222.845,-0.102,1.729,0.290
222.956,-0.104,1.723,0.299
223.067,-0.112,1.724,0.301
223.179,-0.113,1.725,0.305
223.290,-0.119,1.726,0.302
223.401,-0.125,1.733,0.300
223.512,-0.131,1.744,0.293
223.623,-0.131,1.744,0.288
223.734,-0.135,1.741,0.288
223.846,-0.139,1.736,0.288
223.956,-0.142,1.724,0.295
224.067,-0.148,1.694,0.315
224.179,-0.154,1.653,0.345
224.290,-0.160,1.606,0.371
224.401,-0.168,1.560,0.391
224.512,-0.176,1.521,0.409
224.623,-0.183,1.489,0.419
224.735,-0.190,1.468,0.424
224.845,-0.191,1.454,0.423
224.957,-0.189,1.455,0.417
225.067,-0.186,1.471,0.409
225.179,-0.181,1.495,0.399
225.290,-0.176,1.523,0.387
225.401,-0.171,1.559,0.375
225.512,-0.163,1.606,0.357
225.624,-0.156,1.655,0.337
225.734,-0.148,1.700,0.314
225.845,-0.141,1.733,0.292
225.956,-0.137,1.752,0.274
226.067,-0.133,1.764,0.260
226.178,-0.128,1.775,0.249
226.289,-0.127,1.780,0.239
226.401,-0.127,1.784,0.231
226.512,-0.126,1.787,0.228
226.623,-0.125,1.787,0.227
226.734,-0.125,1.787,0.226
226.845,-0.127,1.787,0.225
226.957,-0.131,1.787,0.223
227.068,-0.135,1.787,0.222
227.179,-0.139,1.787,0.221
227.290,-0.143,1.788,0.221
227.401,-0.145,1.789,0.221
227.512,-0.145,1.790,0.222
227.623,-0.143,1.789,0.225
227.734,-0.140,1.788,0.229
227.845,-0.140,1.786,0.230
227.956,-0.141,1.785,0.229
228.067,-0.142,1.785,0.228
228.178,-0.143,1.785,0.228
228.290,-0.144,1.785,0.229
228.401,-0.148,1.784,0.229
228.512,-0.150,1.783,0.229
228.623,-0.151,1.783,0.230
228.734,-0.151,1.785,0.231
228.845,-0.152,1.788,0.233
228.957,-0.156,1.786,0.231
229.067,-0.158,1.785,0.230
229.178,-0.158,1.786,0.231
229.289,-0.157,1.786,0.231
229.401,-0.156,1.786,0.231
229.512,-0.156,1.788,0.231
229.623,-0.157,1.789,0.230
229.734,-0.158,1.789,0.227
229.845,-0.157,1.788,0.226
229.957,-0.155,1.787,0.227
230.067,-0.153,1.787,0.229
230.178,-0.153,1.786,0.230
230.290,-0.154,1.787,0.229
230.401,-0.155,1.787,0.228
230.512,-0.159,1.789,0.225
230.623,-0.159,1.788,0.225
230.734,-0.156,1.789,0.224
230.845,-0.157,1.790,0.218
230.956,-0.161,1.786,0.211
231.067,-0.164,1.783,0.202
231.178,-0.165,1.789,0.195
231.289,-0.164,1.795,0.188
231.400,-0.159,1.796,0.181
231.512,-0.154,1.798,0.177
231.623,-0.149,1.796,0.176
231.734,-0.148,1.794,0.176
231.845,-0.149,1.790,0.175
231.956,-0.154,1.786,0.174
232.067,-0.159,1.782,0.175
232.178,-0.162,1.780,0.177
232.290,-0.164,1.779,0.177
232.401,-0.165,1.778,0.178
232.512,-0.166,1.773,0.178
232.623,-0.171,1.761,0.178
232.734,-0.178,1.744,0.181
232.845,-0.186,1.726,0.190
232.956,-0.193,1.709,0.207
233.067,-0.201,1.687,0.230
233.178,-0.210,1.658,0.262
233.290,-0.217,1.619,0.299
233.401,-0.220,1.568,0.334
233.512,-0.220,1.513,0.358
233.623,-0.221,1.471,0.373
233.734,-0.221,1.444,0.380
233.845,-0.219,1.445,0.377
233.957,-0.221,1.472,0.365
234.068,-0.227,1.510,0.348
234.179,-0.231,1.544,0.327
234.290,-0.234,1.570,0.314
234.401,-0.233,1.583,0.306
234.512,-0.232,1.588,0.302
234.623,-0.232,1.589,0.301
234.735,-0.232,1.587,0.298
234.845,-0.235,1.587,0.295
234.957,-0.238,1.587,0.291
235.068,-0.240,1.588,0.288
235.179,-0.242,1.590,0.287
235.290,-0.243,1.594,0.286
235.401,-0.244,1.598,0.286
235.512,-0.246,1.602,0.287
235.623,-0.248,1.604,0.289
235.734,-0.249,1.605,0.291
235.846,-0.250,1.606,0.292
235.956,-0.249,1.605,0.294
236.067,-0.248,1.603,0.293
236.179,-0.247,1.600,0.292
236.290,-0.248,1.595,0.295
236.401,-0.254,1.604,0.305
236.512,-0.254,1.624,0.310
236.624,-0.243,1.641,0.308
236.734,-0.239,1.652,0.303
236.845,-0.241,1.657,0.298
236.956,-0.242,1.658,0.296
237.067,-0.239,1.657,0.297
237.178,-0.235,1.660,0.300
237.289,-0.226,1.664,0.302
237.401,-0.213,1.674,0.302
237.512,-0.204,1.689,0.295
237.623,-0.202,1.704,0.284
237.734,-0.206,1.718,0.273
237.845,-0.209,1.731,0.257
237.956,-0.206,1.742,0.240
238.067,-0.205,1.753,0.223
238.179,-0.212,1.761,0.206
238.289,-0.228,1.776,0.200
238.402,-0.240,1.796,0.201
238.513,-0.244,1.807,0.201
238.624,-0.246,1.812,0.201
238.735,-0.249,1.823,0.205
238.846,-0.257,1.827,0.212
238.957,-0.275,1.826,0.222
239.068,-0.298,1.822,0.237
239.180,-0.329,1.814,0.263
239.291,-0.368,1.801,0.304
239.402,-0.414,1.783,0.352
239.513,-0.466,1.769,0.404
239.624,-0.520,1.773,0.445
239.735,-0.565,1.789,0.466
239.846,-0.603,1.803,0.475
239.958,-0.634,1.809,0.476
240.068,-0.665,1.809,0.468
240.180,-0.701,1.808,0.457
240.291,-0.737,1.802,0.443
240.402,-0.771,1.793,0.427
240.513,-0.802,1.788,0.414
240.624,-0.823,1.783,0.402
240.735,-0.836,1.780,0.393
240.848,-0.844,1.780,0.387
240.958,-0.847,1.781,0.381
241.069,-0.842,1.782,0.374
241.180,-0.831,1.779,0.371
241.291,-0.804,1.774,0.371
241.401,-0.765,1.769,0.366
241.512,-0.716,1.764,0.355
241.623,-0.668,1.764,0.341
241.734,-0.622,1.767,0.327
241.846,-0.575,1.764,0.307
241.957,-0.532,1.756,0.297
242.068,-0.502,1.754,0.302
242.179,-0.486,1.756,0.318
242.290,-0.481,1.753,0.331
242.402,-0.490,1.748,0.345
242.513,-0.512,1.744,0.360
242.624,-0.537,1.742,0.368
242.735,-0.564,1.740,0.376
242.846,-0.589,1.737,0.379
242.957,-0.609,1.734,0.378
243.068,-0.631,1.732,0.374
243.180,-0.659,1.741,0.367
243.291,-0.680,1.754,0.350
243.402,-0.696,1.767,0.335
243.513,-0.717,1.781,0.333
243.624,-0.740,1.791,0.339
243.735,-0.764,1.799,0.350
243.846,-0.790,1.806,0.363
243.958,-0.819,1.813,0.366
244.069,-0.846,1.819,0.358
244.180,-0.877,1.822,0.344
244.291,-0.911,1.816,0.323
244.402,-0.945,1.808,0.293
244.513,-0.978,1.806,0.262
244.625,-1.003,1.806,0.242
244.736,-1.020,1.805,0.234
244.847,-1.025,1.804,0.231
244.958,-1.025,1.803,0.235
245.069,-1.023,1.801,0.238
245.180,-1.022,1.799,0.242
245.291,-1.019,1.797,0.245
245.402,-1.015,1.798,0.249
245.514,-1.008,1.800,0.251
245.625,-0.998,1.803,0.254
245.736,-0.980,1.801,0.262
245.847,-0.947,1.786,0.281
245.958,-0.893,1.768,0.311
246.068,-0.837,1.767,0.337
246.180,-0.780,1.774,0.348
246.290,-0.729,1.776,0.343
246.402,-0.684,1.772,0.322
246.512,-0.648,1.765,0.295
246.623,-0.614,1.762,0.268
246.735,-0.580,1.763,0.248
246.846,-0.547,1.766,0.230
246.957,-0.519,1.769,0.220
247.068,-0.493,1.773,0.218
247.179,-0.466,1.777,0.220
247.290,-0.439,1.779,0.221
247.401,-0.416,1.781,0.221
247.513,-0.398,1.783,0.222
247.624,-0.385,1.784,0.219
247.735,-0.377,1.785,0.217
247.846,-0.374,1.786,0.217
247.957,-0.375,1.786,0.217
248.068,-0.378,1.786,0.219
248.179,-0.381,1.785,0.220
248.290,-0.382,1.784,0.221
248.402,-0.384,1.784,0.224
248.512,-0.385,1.783,0.226
248.624,-0.385,1.783,0.227
248.735,-0.385,1.782,0.228
248.846,-0.382,1.781,0.228
248.957,-0.379,1.781,0.227
249.068,-0.376,1.780,0.226
249.179,-0.372,1.780,0.224
249.290,-0.369,1.781,0.221
249.401,-0.367,1.781,0.218
249.513,-0.365,1.782,0.216
249.624,-0.364,1.782,0.214
249.735,-0.363,1.781,0.214
249.846,-0.361,1.779,0.214
249.957,-0.357,1.779,0.216
250.068,-0.349,1.780,0.219
250.179,-0.346,1.783,0.222
250.290,-0.346,1.785,0.223
250.401,-0.347,1.786,0.222
250.512,-0.348,1.790,0.221
250.623,-0.351,1.803,0.220
250.734,-0.351,1.824,0.217
250.846,-0.347,1.833,0.214
250.956,-0.345,1.837,0.212
251.066,-0.345,1.840,0.211
251.175,-0.347,1.846,0.207
251.282,-0.347,1.851,0.204
251.392,-0.347,1.854,0.202
251.504,-0.347,1.856,0.199
251.618,-0.346,1.856,0.197
251.731,-0.346,1.856,0.195
251.842,-0.347,1.856,0.194
251.953,-0.347,1.855,0.193
252.064,-0.348,1.854,0.193
252.175,-0.347,1.851,0.194
252.286,-0.349,1.848,0.193
252.399,-0.352,1.841,0.192
252.509,-0.355,1.837,0.193
252.621,-0.356,1.836,0.195
252.732,-0.357,1.838,0.197
252.842,-0.357,1.837,0.198
252.954,-0.357,1.836,0.199
253.064,-0.356,1.836,0.200
253.176,-0.356,1.836,0.201
253.288,-0.357,1.835,0.201
253.400,-0.357,1.835,0.201
253.509,-0.357,1.837,0.200
253.620,-0.357,1.837,0.200
253.733,-0.357,1.837,0.199
253.845,-0.358,1.836,0.199
253.954,-0.358,1.835,0.199
254.066,-0.357,1.832,0.201
254.176,-0.357,1.832,0.199
254.287,-0.358,1.832,0.197
254.399,-0.356,1.831,0.196
254.509,-0.355,1.829,0.195
254.620,-0.354,1.828,0.194
254.731,-0.354,1.827,0.193
254.843,-0.353,1.826,0.193
254.954,-0.354,1.826,0.192
255.065,-0.355,1.825,0.191
255.176,-0.356,1.826,0.191
255.286,-0.357,1.826,0.190
255.397,-0.359,1.828,0.189
255.509,-0.361,1.828,0.189
255.621,-0.363,1.829,0.191
255.732,-0.363,1.830,0.193
255.844,-0.364,1.830,0.194
255.954,-0.366,1.829,0.193
256.065,-0.367,1.828,0.191
256.177,-0.367,1.826,0.190
256.286,-0.368,1.823,0.193
256.399,-0.371,1.820,0.198
256.511,-0.371,1.817,0.202
256.621,-0.372,1.815,0.203
256.731,-0.375,1.813,0.202
256.844,-0.376,1.812,0.203
256.954,-0.379,1.811,0.203
257.065,-0.381,1.809,0.203
257.177,-0.382,1.809,0.203
257.287,-0.383,1.808,0.203
257.401,-0.384,1.808,0.204
257.512,-0.385,1.807,0.206
257.623,-0.386,1.807,0.209
257.734,-0.387,1.806,0.212
257.845,-0.389,1.805,0.214
257.956,-0.391,1.806,0.215
258.067,-0.394,1.806,0.216
258.179,-0.396,1.807,0.217
258.289,-0.397,1.807,0.218
258.401,-0.397,1.807,0.218
258.512,-0.397,1.807,0.218
258.624,-0.400,1.806,0.218
258.734,-0.404,1.803,0.220
258.845,-0.403,1.798,0.223
258.956,-0.404,1.797,0.223
259.068,-0.404,1.797,0.219
259.179,-0.404,1.797,0.215
259.290,-0.404,1.797,0.211
259.402,-0.407,1.797,0.208
259.513,-0.411,1.797,0.206
259.623,-0.416,1.796,0.202
259.735,-0.420,1.795,0.201
259.846,-0.423,1.793,0.201
259.956,-0.425,1.791,0.202
260.068,-0.432,1.790,0.202
260.179,-0.442,1.787,0.204
260.290,-0.452,1.783,0.203
260.402,-0.470,1.787,0.203
260.512,-0.492,1.797,0.208
260.623,-0.507,1.809,0.210
260.735,-0.524,1.814,0.214
260.846,-0.545,1.795,0.219
260.957,-0.542,1.732,0.205
261.068,-0.514,1.645,0.168
261.179,-0.462,1.566,0.114
261.290,-0.393,1.507,0.051
261.401,-0.326,1.463,-0.027
261.512,-0.276,1.423,-0.115
261.624,-0.243,1.396,-0.226
261.737,-0.221,1.379,-0.339
261.848,-0.215,1.369,-0.439
261.960,-0.226,1.354,-0.530
262.070,-0.273,1.340,-0.631
262.182,-0.327,1.306,-0.750
262.294,-0.391,1.273,-0.880
262.405,-0.462,1.261,-0.995
262.517,-0.532,1.256,-1.082
262.628,-0.618,1.242,-1.148
262.739,-0.727,1.214,-1.199
262.850,-0.850,1.179,-1.243
262.962,-0.982,1.142,-1.289
263.072,-1.109,1.108,-1.339
263.184,-1.212,1.085,-1.385
263.295,-1.291,1.056,-1.426
263.406,-1.344,1.030,-1.461
263.517,-1.377,1.003,-1.484
263.628,-1.390,0.973,-1.492
263.739,-1.393,0.977,-1.489
263.850,-1.387,0.973,-1.490
263.961,-1.386,0.971,-1.479
264.073,-1.384,0.973,-1.481
264.183,-1.382,0.973,-1.484
264.295,-1.384,0.973,-1.481
264.406,-1.383,0.973,-1.482
264.517,-1.382,0.973,-1.483
264.628,-1.382,0.973,-1.480
264.739,-1.381,0.973,-1.482
264.851,-1.381,0.973,-1.481
264.962,-1.381,0.973,-1.480
265.072,-1.381,0.973,-1.481
265.184,-1.381,0.973,-1.480
265.295,-1.381,0.973,-1.481
265.406,-1.381,0.973,-1.480
265.517,-1.381,0.973,-1.480
265.628,-1.381,0.973,-1.481
265.739,-1.381,0.973,-1.480
265.851,-1.381,0.973,-1.481
265.962,-1.381,0.973,-1.480
266.072,-1.381,0.973,-1.481
266.184,-1.381,0.973,-1.481
266.295,-1.381,0.973,-1.480
266.406,-1.381,0.973,-1.481
266.517,-1.381,0.973,-1.480
266.628,-1.381,0.973,-1.480
266.739,-1.381,0.973,-1.480
266.851,-1.381,0.973,-1.480
266.962,-1.381,0.973,-1.480
267.073,-1.381,0.974,-1.480
267.184,-1.381,0.974,-1.480
267.295,-1.381,0.974,-1.480
267.406,-1.381,0.974,-1.480
267.517,-1.381,0.973,-1.480
267.628,-1.381,0.973,-1.480
267.739,-1.381,0.973,-1.480
267.851,-1.381,0.973,-1.480
267.962,-1.381,0.973,-1.480
268.073,-1.381,0.973,-1.481
268.184,-1.381,0.973,-1.480
268.295,-1.381,0.973,-1.480
268.406,-1.381,0.973,-1.480
268.517,-1.381,0.973,-1.480
268.628,-1.381,0.973,-1.480
268.739,-1.381,0.973,-1.480
268.850,-1.381,0.973,-1.480
268.962,-1.381,0.973,-1.480
269.073,-1.381,0.973,-1.480
269.184,-1.381,0.973,-1.480
269.295,-1.381,0.973,-1.480
269.406,-1.381,0.973,-1.480
269.517,-1.381,0.973,-1.480
269.628,-1.381,0.973,-1.480
269.740,-1.381,0.973,-1.480
269.850,-1.381,0.973,-1.480
269.962,-1.381,0.973,-1.480
270.073,-1.381,0.973,-1.480
270.184,-1.381,0.973,-1.480
270.295,-1.381,0.973,-1.480
270.406,-1.381,0.973,-1.480
270.517,-1.381,0.973,-1.480
270.628,-1.381,0.973,-1.480
270.739,-1.381,0.973,-1.480
270.850,-1.381,0.973,-1.480
270.962,-1.381,0.973,-1.480
271.073,-1.381,0.973,-1.480
271.184,-1.381,0.973,-1.480
271.295,-1.381,0.973,-1.480
271.406,-1.381,0.973,-1.480
271.517,-1.382,0.973,-1.480
271.628,-1.382,0.973,-1.480
271.739,-1.382,0.973,-1.480
271.851,-1.382,0.973,-1.480
271.962,-1.382,0.973,-1.480
272.073,-1.382,0.973,-1.480
272.184,-1.382,0.973,-1.480
272.295,-1.382,0.973,-1.480
272.406,-1.382,0.973,-1.481
272.517,-1.382,0.973,-1.480
272.628,-1.382,0.973,-1.480
272.739,-1.382,0.973,-1.480
272.850,-1.382,0.973,-1.480
272.962,-1.382,0.973,-1.480
273.073,-1.382,0.973,-1.480
273.184,-1.382,0.973,-1.480
273.295,-1.382,0.973,-1.480
273.406,-1.382,0.973,-1.480
273.517,-1.382,0.973,-1.480
273.628,-1.382,0.973,-1.480
273.739,-1.382,0.973,-1.480
273.851,-1.382,0.973,-1.480
273.962,-1.382,0.973,-1.480
274.073,-1.382,0.973,-1.480
274.184,-1.382,0.973,-1.480
274.295,-1.382,0.973,-1.480
274.406,-1.382,0.973,-1.480
274.517,-1.382,0.973,-1.480
274.628,-1.382,0.973,-1.480
274.739,-1.382,0.973,-1.480
274.851,-1.381,0.973,-1.480
274.962,-1.381,0.973,-1.480
275.073,-1.382,0.973,-1.480
275.184,-1.382,0.973,-1.480
275.295,-1.381,0.973,-1.480
275.406,-1.382,0.973,-1.480
275.517,-1.382,0.973,-1.480
275.629,-1.382,0.973,-1.481
275.740,-1.382,0.973,-1.481
275.851,-1.382,0.973,-1.481
275.962,-1.382,0.973,-1.480
276.073,-1.382,0.973,-1.480
276.184,-1.382,0.973,-1.480
276.295,-1.382,0.973,-1.480
276.406,-1.382,0.973,-1.480
276.517,-1.382,0.973,-1.480
276.628,-1.382,0.973,-1.480
276.739,-1.381,0.973,-1.480
276.850,-1.381,0.973,-1.480
276.962,-1.381,0.973,-1.480
277.073,-1.382,0.973,-1.480
277.184,-1.382,0.973,-1.480
277.295,-1.381,0.973,-1.480
277.406,-1.381,0.973,-1.480
277.517,-1.381,0.973,-1.480
277.628,-1.381,0.973,-1.480
277.739,-1.381,0.973,-1.480
277.850,-1.382,0.973,-1.480
277.962,-1.382,0.973,-1.480
278.073,-1.381,0.973,-1.480
278.184,-1.381,0.973,-1.480
278.295,-1.382,0.973,-1.481
278.406,-1.382,0.973,-1.481
278.517,-1.382,0.973,-1.480
278.628,-1.382,0.973,-1.480
278.739,-1.382,0.973,-1.481
278.850,-1.382,0.973,-1.481
278.962,-1.382,0.973,-1.480
279.072,-1.382,0.973,-1.480
279.184,-1.382,0.973,-1.480
279.295,-1.382,0.973,-1.480
279.406,-1.382,0.973,-1.480
279.517,-1.382,0.973,-1.480
279.628,-1.382,0.973,-1.480
279.739,-1.382,0.973,-1.480
279.851,-1.382,0.973,-1.480
279.962,-1.381,0.973,-1.480
280.073,-1.381,0.973,-1.480
280.184,-1.382,0.973,-1.480
280.295,-1.382,0.973,-1.480
280.406,-1.382,0.973,-1.480
280.517,-1.382,0.973,-1.480
280.628,-1.381,0.973,-1.480
280.739,-1.382,0.973,-1.480
280.850,-1.381,0.973,-1.480
280.962,-1.381,0.973,-1.480
281.072,-1.382,0.973,-1.480
281.184,-1.382,0.973,-1.480
281.295,-1.382,0.973,-1.480
281.406,-1.382,0.973,-1.480
281.517,-1.382,0.973,-1.480
281.628,-1.381,0.973,-1.480
281.739,-1.381,0.973,-1.480
281.851,-1.382,0.973,-1.480
281.962,-1.382,0.973,-1.480
282.073,-1.382,0.973,-1.480
282.184,-1.382,0.973,-1.480
282.295,-1.382,0.973,-1.480
282.406,-1.382,0.973,-1.480
282.517,-1.382,0.973,-1.480
282.628,-1.382,0.973,-1.480
282.739,-1.382,0.973,-1.480
282.851,-1.382,0.973,-1.480
282.962,-1.382,0.973,-1.480
283.073,-1.382,0.973,-1.480
283.184,-1.382,0.973,-1.480
283.295,-1.382,0.973,-1.480
283.406,-1.382,0.973,-1.480
283.517,-1.382,0.973,-1.480
283.628,-1.382,0.973,-1.480
283.740,-1.382,0.973,-1.480
283.851,-1.382,0.973,-1.480
283.962,-1.382,0.973,-1.480
284.072,-1.382,0.973,-1.480
284.184,-1.382,0.973,-1.480
284.295,-1.382,0.973,-1.480
284.406,-1.382,0.973,-1.480
284.517,-1.382,0.973,-1.480
284.628,-1.381,0.973,-1.480
284.739,-1.381,0.973,-1.480
284.851,-1.382,0.973,-1.480
284.962,-1.382,0.973,-1.480
285.073,-1.382,0.973,-1.480
285.184,-1.382,0.973,-1.480
285.295,-1.382,0.973,-1.480
285.406,-1.382,0.973,-1.480
285.517,-1.382,0.973,-1.480
285.628,-1.382,0.973,-1.480
285.739,-1.382,0.973,-1.480
285.850,-1.382,0.973,-1.480
285.962,-1.382,0.973,-1.480
286.072,-1.382,0.973,-1.480
286.183,-1.382,0.973,-1.480
286.295,-1.382,0.973,-1.480
286.406,-1.382,0.973,-1.480
286.517,-1.382,0.973,-1.480
286.628,-1.382,0.973,-1.480
286.739,-1.382,0.973,-1.480
286.850,-1.382,0.973,-1.480
286.962,-1.382,0.973,-1.480
287.073,-1.382,0.973,-1.480
287.184,-1.382,0.973,-1.480
287.295,-1.382,0.973,-1.480
287.407,-1.382,0.973,-1.480
287.517,-1.382,0.973,-1.480
287.628,-1.382,0.973,-1.480
287.739,-1.382,0.973,-1.480
287.851,-1.382,0.973,-1.480
287.962,-1.382,0.973,-1.480
288.073,-1.382,0.973,-1.480
288.184,-1.382,0.973,-1.480
288.295,-1.382,0.973,-1.480
288.406,-1.382,0.973,-1.480
288.517,-1.382,0.973,-1.480
288.628,-1.382,0.973,-1.480
288.739,-1.382,0.973,-1.480
288.850,-1.382,0.973,-1.480
288.962,-1.382,0.973,-1.480
289.073,-1.382,0.973,-1.480
289.184,-1.382,0.973,-1.480
289.295,-1.382,0.973,-1.480
289.406,-1.382,0.973,-1.480
289.517,-1.382,0.973,-1.480
289.628,-1.382,0.973,-1.480
289.739,-1.382,0.973,-1.480
289.851,-1.382,0.973,-1.480
289.962,-1.382,0.973,-1.480
290.072,-1.382,0.973,-1.480
290.184,-1.382,0.973,-1.480
290.295,-1.382,0.973,-1.480
290.406,-1.382,0.973,-1.480
290.517,-1.382,0.973,-1.480
290.628,-1.382,0.973,-1.480
290.739,-1.382,0.973,-1.480
290.850,-1.382,0.973,-1.480
290.962,-1.382,0.973,-1.480
291.073,-1.382,0.973,-1.480
291.184,-1.382,0.973,-1.480
291.295,-1.382,0.973,-1.480
291.406,-1.382,0.973,-1.480
291.517,-1.382,0.973,-1.480
291.628,-1.382,0.973,-1.480
291.739,-1.382,0.973,-1.480
291.850,-1.382,0.973,-1.480
291.962,-1.382,0.973,-1.480
292.073,-1.382,0.973,-1.480
292.184,-1.382,0.973,-1.480
292.295,-1.382,0.973,-1.480
292.406,-1.382,0.973,-1.480
292.517,-1.382,0.973,-1.480
292.628,-1.382,0.973,-1.480
292.739,-1.382,0.973,-1.480
292.850,-1.382,0.973,-1.480
292.962,-1.382,0.973,-1.480
293.073,-1.382,0.973,-1.480
293.184,-1.382,0.973,-1.480
293.295,-1.382,0.973,-1.480
293.406,-1.382,0.973,-1.480
293.517,-1.382,0.973,-1.480
293.628,-1.382,0.973,-1.480
293.739,-1.382,0.973,-1.480
293.851,-1.382,0.973,-1.480
293.962,-1.382,0.973,-1.480
294.073,-1.382,0.973,-1.480
294.184,-1.382,0.973,-1.480
294.295,-1.382,0.973,-1.480
294.406,-1.382,0.973,-1.480
294.517,-1.382,0.973,-1.480
294.628,-1.382,0.973,-1.480
294.739,-1.382,0.973,-1.480
294.850,-1.382,0.973,-1.480
294.961,-1.382,0.973,-1.480
295.073,-1.382,0.973,-1.480
295.184,-1.382,0.973,-1.480
295.295,-1.382,0.973,-1.480
295.406,-1.382,0.973,-1.480
295.517,-1.382,0.973,-1.480
295.628,-1.382,0.973,-1.480
295.739,-1.382,0.973,-1.480
295.851,-1.382,0.973,-1.480
295.961,-1.382,0.973,-1.480
296.073,-1.382,0.973,-1.480
296.184,-1.382,0.973,-1.480
296.295,-1.382,0.973,-1.480
296.406,-1.382,0.973,-1.480
296.517,-1.382,0.973,-1.480
296.628,-1.382,0.973,-1.480
296.739,-1.382,0.973,-1.480
296.850,-1.382,0.973,-1.480
296.962,-1.382,0.973,-1.480
297.072,-1.382,0.973,-1.480
297.184,-1.382,0.973,-1.480
297.295,-1.382,0.973,-1.480
297.405,-1.382,0.973,-1.480
297.517,-1.382,0.973,-1.480
297.628,-1.382,0.973,-1.480
297.739,-1.382,0.973,-1.480
297.851,-1.382,0.973,-1.480
297.962,-1.382,0.973,-1.480
298.073,-1.382,0.973,-1.480
298.184,-1.382,0.973,-1.480
298.295,-1.382,0.973,-1.480
298.406,-1.382,0.973,-1.480
298.517,-1.382,0.973,-1.480
298.628,-1.382,0.973,-1.480
298.740,-1.382,0.973,-1.480
298.850,-1.382,0.973,-1.480
298.962,-1.382,0.973,-1.480
299.072,-1.382,0.973,-1.480
299.183,-1.382,0.973,-1.480
299.294,-1.382,0.973,-1.480
299.406,-1.382,0.973,-1.480
299.517,-1.382,0.973,-1.480
299.628,-1.382,0.973,-1.480
299.739,-1.382,0.973,-1.480
299.850,-1.382,0.973,-1.480
299.962,-1.382,0.973,-1.480
300.072,-1.382,0.973,-1.480
300.184,-1.382,0.973,-1.480
300.294,-1.382,0.973,-1.480
300.406,-1.382,0.973,-1.480
300.517,-1.382,0.973,-1.480
300.628,-1.382,0.973,-1.480
300.739,-1.382,0.973,-1.480
300.850,-1.382,0.973,-1.480
300.962,-1.382,0.973,-1.480
301.073,-1.382,0.973,-1.480
301.184,-1.382,0.973,-1.480
301.295,-1.382,0.973,-1.480
301.406,-1.382,0.973,-1.480
301.517,-1.382,0.973,-1.480
301.628,-1.382,0.973,-1.480
301.740,-1.382,0.973,-1.480
301.850,-1.382,0.973,-1.480
301.962,-1.382,0.973,-1.480
302.072,-1.382,0.973,-1.480
302.184,-1.382,0.973,-1.480
302.295,-1.382,0.973,-1.480
302.406,-1.382,0.973,-1.480
302.517,-1.382,0.973,-1.480
302.628,-1.382,0.973,-1.480
302.739,-1.382,0.973,-1.480
302.850,-1.382,0.973,-1.480
302.962,-1.382,0.973,-1.480
303.072,-1.382,0.973,-1.480
303.184,-1.382,0.973,-1.480
303.295,-1.382,0.973,-1.480
303.406,-1.382,0.973,-1.480
303.517,-1.382,0.973,-1.480
303.628,-1.382,0.973,-1.480
303.739,-1.382,0.973,-1.480
303.850,-1.382,0.973,-1.480
303.962,-1.382,0.973,-1.480
304.073,-1.382,0.973,-1.480
304.184,-1.382,0.973,-1.480
304.295,-1.382,0.973,-1.480
304.406,-1.382,0.973,-1.480
304.517,-1.382,0.973,-1.480
304.625,-1.382,0.973,-1.480
304.726,-1.382,0.973,-1.480
304.837,-1.382,0.973,-1.480
304.948,-1.382,0.973,-1.480
305.059,-1.382,0.973,-1.480
305.170,-1.382,0.973,-1.480
305.281,-1.382,0.973,-1.480
305.392,-1.382,0.973,-1.480
305.503,-1.382,0.973,-1.480
305.614,-1.382,0.973,-1.480
305.726,-1.382,0.973,-1.480
305.836,-1.382,0.973,-1.480
305.948,-1.382,0.973,-1.480
306.059,-1.382,0.973,-1.480
306.170,-1.382,0.973,-1.480
306.281,-1.382,0.973,-1.480
306.392,-1.382,0.973,-1.480
306.503,-1.382,0.973,-1.480
306.614,-1.382,0.973,-1.480
306.725,-1.382,0.973,-1.480
306.836,-1.382,0.973,-1.480
306.947,-1.382,0.973,-1.480
307.058,-1.382,0.973,-1.480
307.170,-1.382,0.973,-1.480
307.281,-1.382,0.973,-1.480
307.392,-1.382,0.973,-1.480
307.503,-1.382,0.973,-1.480
307.614,-1.382,0.973,-1.480
307.725,-1.382,0.973,-1.480
307.836,-1.382,0.973,-1.481
307.947,-1.382,0.973,-1.481
308.059,-1.382,0.973,-1.480
308.170,-1.382,0.973,-1.481
308.281,-1.382,0.973,-1.480
308.392,-1.382,0.973,-1.480
308.503,-1.382,0.973,-1.480
308.614,-1.382,0.973,-1.480
308.726,-1.382,0.973,-1.480
308.836,-1.382,0.973,-1.480
308.948,-1.382,0.973,-1.480
309.059,-1.382,0.973,-1.480
309.170,-1.382,0.973,-1.480
309.281,-1.382,0.973,-1.480
309.392,-1.382,0.973,-1.480
309.503,-1.382,0.973,-1.480
309.614,-1.382,0.973,-1.480
309.725,-1.382,0.973,-1.480
309.836,-1.382,0.973,-1.480
309.948,-1.382,0.973,-1.480
310.059,-1.382,0.973,-1.480
310.170,-1.382,0.973,-1.480
310.281,-1.382,0.973,-1.480
310.392,-1.382,0.973,-1.480
310.503,-1.382,0.973,-1.480
310.614,-1.382,0.973,-1.480
310.726,-1.382,0.973,-1.480
310.836,-1.382,0.973,-1.480
310.947,-1.382,0.973,-1.480
311.059,-1.382,0.973,-1.480
311.169,-1.382,0.973,-1.480
311.281,-1.382,0.973,-1.480
311.392,-1.382,0.973,-1.480
311.503,-1.382,0.973,-1.480
311.614,-1.382,0.973,-1.480
311.726,-1.382,0.973,-1.480
311.836,-1.382,0.973,-1.480
311.947,-1.382,0.973,-1.480
312.058,-1.382,0.973,-1.480
312.170,-1.382,0.973,-1.480
312.281,-1.382,0.973,-1.480
312.392,-1.382,0.973,-1.480
312.503,-1.382,0.973,-1.480
312.614,-1.382,0.973,-1.480
312.725,-1.382,0.973,-1.480
312.837,-1.382,0.973,-1.480
312.948,-1.382,0.973,-1.480
313.059,-1.382,0.973,-1.480
313.170,-1.382,0.973,-1.480
313.281,-1.382,0.973,-1.480
313.392,-1.382,0.973,-1.480
313.503,-1.382,0.973,-1.480
313.614,-1.382,0.973,-1.480
313.726,-1.382,0.973,-1.480
313.836,-1.382,0.973,-1.480
313.948,-1.382,0.973,-1.480
314.059,-1.382,0.973,-1.480
314.170,-1.382,0.973,-1.480
314.281,-1.382,0.973,-1.480
314.392,-1.382,0.973,-1.480
314.504,-1.382,0.973,-1.480
314.614,-1.382,0.973,-1.480
314.726,-1.382,0.973,-1.480
314.836,-1.382,0.973,-1.480
314.948,-1.382,0.973,-1.480
315.059,-1.382,0.973,-1.480
315.170,-1.382,0.973,-1.480
315.281,-1.382,0.973,-1.480
315.392,-1.382,0.973,-1.480
315.503,-1.382,0.973,-1.480
315.615,-1.382,0.973,-1.480
315.726,-1.382,0.973,-1.480
315.837,-1.382,0.973,-1.480
315.948,-1.382,0.973,-1.480
316.058,-1.382,0.973,-1.480
316.169,-1.382,0.973,-1.480
316.280,-1.382,0.973,-1.480
316.392,-1.382,0.973,-1.480
316.504,-1.382,0.973,-1.480
316.614,-1.382,0.973,-1.480
316.726,-1.382,0.973,-1.480
316.836,-1.382,0.973,-1.480
316.948,-1.382,0.973,-1.480
317.058,-1.382,0.973,-1.480
317.170,-1.382,0.973,-1.480
317.281,-1.382,0.973,-1.480
317.392,-1.382,0.973,-1.480
317.503,-1.382,0.973,-1.480
317.615,-1.382,0.973,-1.480
317.725,-1.382,0.973,-1.480
317.836,-1.382,0.973,-1.480
317.948,-1.382,0.973,-1.480
318.059,-1.382,0.973,-1.480
318.170,-1.382,0.973,-1.480
318.281,-1.382,0.973,-1.480
318.392,-1.382,0.973,-1.480
318.504,-1.382,0.973,-1.480
318.614,-1.382,0.973,-1.480
318.725,-1.382,0.973,-1.480
318.836,-1.382,0.973,-1.480
318.947,-1.382,0.973,-1.480
319.059,-1.382,0.973,-1.480
319.170,-1.382,0.973,-1.480
319.281,-1.382,0.973,-1.480
319.392,-1.382,0.973,-1.480
319.503,-1.382,0.973,-1.480
319.614,-1.382,0.973,-1.480
319.725,-1.382,0.973,-1.480
319.836,-1.382,0.973,-1.480
319.948,-1.382,0.973,-1.480
320.059,-1.382,0.973,-1.480
320.170,-1.382,0.973,-1.480
320.281,-1.382,0.973,-1.480
320.392,-1.382,0.973,-1.480
320.503,-1.382,0.973,-1.480
320.614,-1.382,0.973,-1.480
320.725,-1.382,0.973,-1.480
320.836,-1.382,0.973,-1.480
320.948,-1.382,0.973,-1.480
321.059,-1.382,0.973,-1.480
321.170,-1.382,0.973,-1.480
321.281,-1.382,0.973,-1.480
321.392,-1.382,0.973,-1.480
321.504,-1.382,0.973,-1.480
321.615,-1.382,0.973,-1.480
321.726,-1.382,0.973,-1.480
321.836,-1.382,0.973,-1.480
321.948,-1.382,0.973,-1.480
322.059,-1.382,0.973,-1.480
322.170,-1.382,0.973,-1.480
322.281,-1.382,0.973,-1.480
322.392,-1.382,0.973,-1.480
322.503,-1.382,0.973,-1.480
322.614,-1.382,0.973,-1.480
322.726,-1.382,0.973,-1.480
322.837,-1.382,0.973,-1.480
322.948,-1.382,0.973,-1.480
323.059,-1.382,0.973,-1.480
323.170,-1.382,0.973,-1.480
323.281,-1.382,0.973,-1.480
323.392,-1.382,0.973,-1.480
323.503,-1.382,0.973,-1.480
323.615,-1.382,0.973,-1.480
323.725,-1.382,0.973,-1.480
323.837,-1.382,0.973,-1.480
323.948,-1.382,0.973,-1.480
324.059,-1.382,0.973,-1.480
324.170,-1.382,0.973,-1.480
324.281,-1.382,0.973,-1.480
324.392,-1.382,0.973,-1.480
324.503,-1.382,0.973,-1.480
324.614,-1.382,0.973,-1.480
324.725,-1.382,0.973,-1.480
324.836,-1.382,0.973,-1.480
324.947,-1.382,0.973,-1.480
325.059,-1.382,0.973,-1.480
325.170,-1.382,0.973,-1.480
325.281,-1.382,0.973,-1.480
325.392,-1.382,0.973,-1.480
325.503,-1.382,0.973,-1.480
325.614,-1.382,0.973,-1.480
325.725,-1.382,0.973,-1.480
325.837,-1.382,0.973,-1.480
325.947,-1.382,0.973,-1.480
326.059,-1.382,0.973,-1.480
326.170,-1.382,0.973,-1.480
326.281,-1.382,0.973,-1.480
326.392,-1.382,0.973,-1.480
326.503,-1.382,0.973,-1.480
326.614,-1.382,0.973,-1.480
326.726,-1.382,0.973,-1.480
326.837,-1.382,0.973,-1.480
326.948,-1.382,0.973,-1.480
327.058,-1.382,0.973,-1.480
327.170,-1.382,0.973,-1.480
327.281,-1.382,0.973,-1.480
327.392,-1.382,0.973,-1.480
327.503,-1.382,0.973,-1.480
327.615,-1.382,0.973,-1.480
327.726,-1.382,0.973,-1.480
327.836,-1.382,0.973,-1.480
327.948,-1.382,0.973,-1.480
328.058,-1.382,0.973,-1.480
328.170,-1.382,0.973,-1.480
328.280,-1.382,0.973,-1.480
328.392,-1.382,0.973,-1.480
328.503,-1.382,0.973,-1.480
328.614,-1.382,0.973,-1.480
328.726,-1.382,0.973,-1.480
328.836,-1.382,0.973,-1.480
328.948,-1.382,0.973,-1.480
329.059,-1.382,0.973,-1.481
329.170,-1.382,0.973,-1.481
329.281,-1.382,0.973,-1.481
329.392,-1.382,0.973,-1.481
329.503,-1.382,0.973,-1.481
329.614,-1.382,0.973,-1.481
329.725,-1.382,0.973,-1.480
329.836,-1.382,0.973,-1.480
329.948,-1.382,0.973,-1.480
330.059,-1.382,0.973,-1.480
330.170,-1.382,0.973,-1.480
330.281,-1.382,0.973,-1.480
330.392,-1.382,0.973,-1.480
330.503,-1.382,0.973,-1.480
330.614,-1.382,0.973,-1.481
330.726,-1.382,0.973,-1.481
330.836,-1.382,0.973,-1.481
330.948,-1.382,0.973,-1.480
331.059,-1.386,0.977,-1.475
331.170,-1.344,1.035,-1.398
331.281,-1.296,1.099,-1.284
331.391,-1.265,1.115,-1.174
331.501,-1.245,1.146,-1.093
331.612,-1.233,1.202,-1.055
331.723,-1.233,1.269,-1.043
331.835,-1.200,1.359,-1.023
331.945,-1.164,1.431,-0.984
332.056,-1.133,1.476,-0.967
332.166,-1.108,1.519,-0.977
332.277,-1.074,1.598,-0.981
332.388,-1.036,1.698,-0.979
332.500,-0.987,1.751,-0.994
332.610,-0.939,1.757,-1.020
332.721,-0.931,1.751,-1.033
332.832,-0.928,1.755,-1.039
332.943,-0.940,1.762,-1.037
333.055,-0.954,1.765,-1.037
333.166,-0.971,1.766,-1.037
333.277,-0.987,1.767,-1.035
333.388,-1.008,1.772,-1.028
333.499,-1.028,1.770,-1.021
333.610,-1.044,1.764,-1.017
333.722,-1.068,1.764,-1.002
333.832,-1.089,1.751,-0.985
333.944,-1.106,1.746,-0.959
334.055,-1.114,1.761,-0.920
334.165,-1.105,1.780,-0.889
334.277,-1.098,1.785,-0.877
334.388,-1.092,1.779,-0.878
334.499,-1.085,1.764,-0.882
334.610,-1.074,1.751,-0.884
334.722,-1.061,1.743,-0.880
334.833,-1.048,1.736,-0.871
334.944,-1.035,1.725,-0.861
335.055,-1.023,1.714,-0.850
335.166,-1.017,1.707,-0.841
335.277,-1.015,1.704,-0.833
335.389,-1.018,1.702,-0.827
335.500,-1.017,1.703,-0.824
335.611,-1.013,1.704,-0.821
335.722,-1.011,1.703,-0.816
335.833,-1.009,1.703,-0.811
335.944,-1.004,1.703,-0.809
336.055,-0.999,1.702,-0.812
336.167,-0.993,1.699,-0.819
336.277,-0.988,1.698,-0.824
336.388,-0.985,1.694,-0.824
336.500,-0.983,1.690,-0.820
336.611,-0.979,1.690,-0.816
336.722,-0.969,1.695,-0.818
336.833,-0.953,1.698,-0.826
336.944,-0.938,1.692,-0.837
337.055,-0.926,1.683,-0.849
337.166,-0.917,1.678,-0.862
337.277,-0.909,1.669,-0.874
337.388,-0.896,1.661,-0.887
337.500,-0.888,1.648,-0.895
337.610,-0.888,1.634,-0.894
337.722,-0.895,1.624,-0.890
337.833,-0.906,1.620,-0.886
337.944,-0.914,1.620,-0.884
338.056,-0.920,1.620,-0.884
338.167,-0.924,1.622,-0.885
338.278,-0.924,1.627,-0.884
338.389,-0.924,1.628,-0.882
338.500,-0.922,1.625,-0.880
338.611,-0.918,1.623,-0.878
338.723,-0.916,1.622,-0.873
338.834,-0.918,1.622,-0.865
338.945,-0.923,1.622,-0.857
339.056,-0.928,1.624,-0.852
339.167,-0.932,1.628,-0.850
339.278,-0.933,1.637,-0.850
339.389,-0.932,1.643,-0.849
339.501,-0.928,1.644,-0.846
339.611,-0.925,1.644,-0.845
339.723,-0.923,1.645,-0.845
339.834,-0.923,1.652,-0.848
339.945,-0.922,1.657,-0.850
340.056,-0.916,1.657,-0.852
340.167,-0.903,1.655,-0.853
340.278,-0.880,1.654,-0.854
340.389,-0.847,1.650,-0.852
340.500,-0.807,1.648,-0.846
340.611,-0.775,1.638,-0.837
340.723,-0.755,1.622,-0.827
340.834,-0.736,1.605,-0.820
340.945,-0.712,1.593,-0.815
341.056,-0.674,1.582,-0.809
341.167,-0.616,1.572,-0.803
341.277,-0.548,1.560,-0.795
341.388,-0.491,1.559,-0.785
341.500,-0.443,1.570,-0.762
341.611,-0.413,1.572,-0.726
341.722,-0.391,1.580,-0.682
341.833,-0.367,1.602,-0.629
341.944,-0.350,1.651,-0.582
342.055,-0.340,1.721,-0.550
342.165,-0.332,1.773,-0.532
342.275,-0.315,1.781,-0.521
342.386,-0.278,1.764,-0.476
342.497,-0.233,1.753,-0.433
342.608,-0.185,1.752,-0.386
342.721,-0.152,1.759,-0.340
342.832,-0.133,1.765,-0.302
342.943,-0.124,1.766,-0.261
343.052,-0.126,1.761,-0.222
343.164,-0.135,1.759,-0.183
343.275,-0.143,1.764,-0.148
343.386,-0.145,1.769,-0.117
343.498,-0.142,1.774,-0.087
343.609,-0.135,1.775,-0.060
343.720,-0.127,1.779,-0.037
343.832,-0.117,1.781,-0.021
343.943,-0.112,1.780,-0.010
344.054,-0.107,1.777,-0.005
344.165,-0.103,1.778,-0.004
344.276,-0.098,1.779,-0.005
344.387,-0.092,1.784,-0.007
344.499,-0.088,1.785,-0.013
344.609,-0.086,1.787,-0.021
344.720,-0.086,1.790,-0.028
344.831,-0.086,1.793,-0.034
344.942,-0.089,1.794,-0.038
345.054,-0.092,1.795,-0.040
345.165,-0.094,1.796,-0.043
345.276,-0.100,1.799,-0.045
345.387,-0.106,1.802,-0.049
345.498,-0.107,1.804,-0.053
345.609,-0.105,1.805,-0.053
345.720,-0.102,1.805,-0.052
345.831,-0.099,1.804,-0.050
345.943,-0.095,1.802,-0.048
346.053,-0.092,1.801,-0.048
346.165,-0.090,1.800,-0.048
346.276,-0.089,1.799,-0.048
346.387,0.001,1.798,-0.001
346.498,0.003,1.796,-0.001
346.609,0.004,1.794,-0.002
346.721,0.002,1.791,0.005
346.832,-0.001,1.791,0.019
346.943,0.004,1.792,0.040
347.054,0.008,1.791,0.057
347.165,0.010,1.786,0.063
347.277,0.006,1.778,0.065
347.388,-0.003,1.771,0.067
347.498,-0.016,1.764,0.080
347.609,-0.027,1.745,0.109
347.721,-0.040,1.713,0.150
347.832,-0.054,1.685,0.200
347.943,-0.072,1.665,0.250
348.054,-0.078,1.647,0.302
348.165,-0.084,1.646,0.354
348.276,-0.091,1.655,0.396
348.388,-0.102,1.662,0.429
348.499,-0.112,1.660,0.460
348.609,-0.117,1.661,0.499
348.721,-0.118,1.668,0.544
348.832,-0.126,1.682,0.594
348.943,-0.144,1.701,0.635
349.054,-0.168,1.720,0.656
349.166,-0.198,1.735,0.672
349.277,-0.239,1.749,0.693
349.388,-0.296,1.757,0.711
349.499,-0.366,1.758,0.727
349.610,-0.438,1.757,0.742
349.721,-0.507,1.758,0.755
349.832,-0.565,1.758,0.757
349.944,-0.609,1.762,0.755
350.055,-0.641,1.766,0.758
350.166,-0.661,1.765,0.769
350.277,-0.678,1.755,0.787
350.389,-0.697,1.737,0.807
350.499,-0.723,1.717,0.829
350.610,-0.750,1.701,0.848
350.722,-0.776,1.685,0.870
350.832,-0.802,1.666,0.888
350.944,-0.822,1.649,0.901
351.055,-0.838,1.646,0.909
351.166,-0.851,1.657,0.905
351.277,-0.866,1.668,0.895
351.388,-0.873,1.669,0.886
351.499,-0.867,1.668,0.884
351.610,-0.854,1.668,0.889
351.722,-0.835,1.667,0.896
351.832,-0.816,1.664,0.903
351.944,-0.799,1.663,0.910
352.055,-0.788,1.664,0.913
352.166,-0.783,1.666,0.912
352.277,-0.780,1.669,0.909
352.388,-0.773,1.673,0.904
352.499,-0.761,1.675,0.896
352.610,-0.749,1.680,0.888
352.721,-0.736,1.686,0.878
352.832,-0.722,1.692,0.867
352.944,-0.708,1.694,0.860
353.055,-0.702,1.693,0.861
353.166,-0.707,1.691,0.868
353.277,-0.724,1.690,0.869
353.388,-0.746,1.687,0.870
353.499,-0.768,1.685,0.871
353.610,-0.791,1.682,0.871
353.721,-0.812,1.680,0.870
353.833,-0.825,1.679,0.867
353.943,-0.830,1.673,0.865
354.054,-0.825,1.673,0.862
354.166,-0.807,1.681,0.857
354.277,-0.775,1.700,0.844
354.388,-0.728,1.723,0.824
354.499,-0.670,1.745,0.796
354.610,-0.605,1.761,0.763
354.722,-0.529,1.768,0.724
354.832,-0.444,1.763,0.687
354.944,-0.364,1.747,0.663
355.055,-0.302,1.730,0.649
355.166,-0.269,1.721,0.646
355.276,-0.260,1.718,0.648
355.388,-0.275,1.717,0.653
355.499,-0.305,1.716,0.660
355.610,-0.341,1.713,0.672
355.721,-0.377,1.709,0.686
355.832,-0.413,1.703,0.702
355.943,-0.444,1.698,0.719
356.054,-0.469,1.700,0.743
356.165,-0.489,1.700,0.771
356.276,-0.513,1.706,0.798
356.388,-0.544,1.717,0.816
356.499,-0.581,1.728,0.825
356.611,-0.625,1.737,0.826
356.722,-0.678,1.749,0.824
356.833,-0.733,1.757,0.821
356.944,-0.784,1.754,0.813
357.055,-0.820,1.747,0.793
357.166,-0.839,1.742,0.773
357.277,-0.839,1.739,0.758
357.388,-0.825,1.741,0.755
357.499,-0.811,1.747,0.759
357.611,-0.805,1.754,0.762
357.721,-0.805,1.757,0.771
357.833,-0.806,1.752,0.788
357.944,-0.807,1.744,0.796
358.055,-0.811,1.741,0.795
358.167,-0.812,1.742,0.791
358.277,-0.811,1.744,0.789
358.388,-0.811,1.743,0.786
358.499,-0.812,1.742,0.783
358.611,-0.815,1.742,0.781
358.722,-0.817,1.741,0.779
358.833,-0.816,1.740,0.780
358.944,-0.818,1.740,0.781
359.055,-0.821,1.739,0.780
359.166,-0.822,1.737,0.780
359.277,-0.823,1.737,0.780
359.388,-0.823,1.738,0.781
359.499,-0.823,1.737,0.782
359.610,-0.824,1.736,0.783
359.718,-0.824,1.733,0.784
359.819,-0.820,1.730,0.785
359.930,-0.813,1.728,0.786
360.041,-0.808,1.727,0.791
360.152,-0.805,1.728,0.795
360.263,-0.806,1.734,0.793
360.375,-0.813,1.740,0.794
360.485,-0.823,1.741,0.793
360.596,-0.830,1.738,0.788
360.708,-0.834,1.736,0.782
360.819,-0.835,1.742,0.781
360.929,-0.830,1.750,0.784
361.041,-0.820,1.751,0.786
361.152,-0.808,1.749,0.789
361.263,-0.799,1.751,0.793
361.374,-0.794,1.754,0.794
361.485,-0.794,1.759,0.800
361.597,-0.801,1.767,0.807
361.707,-0.811,1.775,0.814
361.818,-0.812,1.779,0.812
361.929,-0.793,1.778,0.805
362.041,-0.762,1.773,0.803
362.152,-0.726,1.767,0.800
362.263,-0.681,1.770,0.791
362.374,-0.620,1.777,0.777
362.485,-0.544,1.775,0.768
362.596,-0.461,1.762,0.772
362.707,-0.376,1.751,0.771
362.819,-0.302,1.759,0.755
362.930,-0.254,1.783,0.722
363.041,-0.231,1.797,0.677
363.152,-0.217,1.799,0.638
363.263,-0.204,1.801,0.619
363.374,-0.201,1.800,0.605
363.485,-0.198,1.795,0.603
363.597,-0.200,1.787,0.602
363.708,-0.200,1.773,0.604
363.819,-0.205,1.759,0.611
363.929,-0.216,1.755,0.618
364.041,-0.229,1.753,0.616
364.152,-0.237,1.752,0.612
364.263,-0.244,1.753,0.605
364.373,-0.247,1.752,0.601
364.485,-0.245,1.745,0.601
364.596,-0.240,1.742,0.598
364.707,-0.240,1.744,0.591
364.819,-0.236,1.749,0.585
364.929,-0.229,1.754,0.575
365.040,-0.229,1.758,0.572
365.151,-0.230,1.760,0.572
365.262,-0.230,1.763,0.572
365.372,-0.228,1.767,0.574
365.484,-0.225,1.770,0.573
365.595,-0.222,1.774,0.570
365.706,-0.219,1.776,0.567
365.817,-0.216,1.778,0.565
365.928,-0.214,1.780,0.563
366.039,-0.212,1.782,0.565
366.150,-0.211,1.784,0.565
366.261,-0.206,1.785,0.565
366.373,-0.199,1.786,0.566
366.484,-0.191,1.786,0.568
366.595,-0.185,1.785,0.571
366.706,-0.179,1.783,0.574
366.817,-0.174,1.783,0.582
366.928,-0.175,1.782,0.595
367.039,-0.183,1.780,0.610
367.151,-0.196,1.784,0.627
367.262,-0.212,1.792,0.646
367.372,-0.224,1.796,0.661
367.484,-0.225,1.798,0.673
367.594,-0.212,1.799,0.681
367.706,-0.183,1.800,0.687
367.817,-0.140,1.796,0.692
367.928,-0.086,1.787,0.693
368.039,-0.032,1.776,0.697
368.150,0.021,1.765,0.703
368.262,0.071,1.755,0.699
368.372,0.107,1.749,0.700
368.484,0.132,1.755,0.703
368.595,0.150,1.758,0.700
368.706,0.160,1.762,0.695
368.817,0.164,1.765,0.689
368.928,0.164,1.767,0.679
369.039,0.163,1.767,0.671
369.150,0.159,1.766,0.664
369.262,0.153,1.768,0.660
369.373,0.150,1.770,0.657
369.484,0.152,1.772,0.653
369.596,0.151,1.773,0.652
369.706,0.151,1.770,0.652
369.817,0.152,1.767,0.653
369.928,0.153,1.768,0.655
370.039,0.154,1.770,0.658
370.150,0.157,1.770,0.661
370.262,0.159,1.769,0.663
370.373,0.163,1.767,0.665
370.484,0.168,1.764,0.669
370.595,0.176,1.763,0.675
370.706,0.186,1.761,0.685
370.817,0.200,1.758,0.698
370.928,0.217,1.756,0.716
371.039,0.232,1.753,0.736
371.150,0.244,1.749,0.761
371.261,0.254,1.748,0.794
371.372,0.262,1.746,0.836
371.483,0.271,1.749,0.894
371.594,0.283,1.762,0.955
371.705,0.293,1.777,1.000
371.816,0.306,1.779,1.038
371.928,0.320,1.779,1.073
372.039,0.347,1.789,1.108
372.150,0.378,1.794,1.129
372.261,0.421,1.793,1.135
372.372,0.471,1.784,1.131
372.484,0.533,1.779,1.131
372.595,0.600,1.782,1.139
372.706,0.665,1.784,1.147
372.817,0.721,1.787,1.167
372.928,0.767,1.787,1.192
373.039,0.805,1.775,1.217
373.150,0.835,1.760,1.250
373.261,0.857,1.751,1.286
373.372,0.879,1.758,1.317
373.483,0.899,1.771,1.339
373.595,0.920,1.779,1.353
373.706,0.936,1.785,1.358
373.817,0.950,1.787,1.361
373.928,0.964,1.785,1.357
374.040,0.964,1.784,1.353
374.149,0.945,1.780,1.341
374.261,0.906,1.784,1.306
374.372,0.854,1.790,1.253
374.484,0.797,1.789,1.179
374.595,0.732,1.781,1.090
374.706,0.665,1.780,1.006
374.818,0.605,1.790,0.938
374.929,0.548,1.803,0.880
375.040,0.492,1.803,0.824
375.152,0.435,1.791,0.770
375.263,0.369,1.775,0.719
375.374,0.291,1.767,0.676
375.485,0.220,1.774,0.640
375.596,0.159,1.791,0.608
375.707,0.107,1.796,0.579
375.818,0.061,1.787,0.555
375.929,0.025,1.775,0.526
376.039,-0.004,1.768,0.485
376.150,-0.021,1.769,0.435
376.261,-0.026,1.776,0.381
376.372,-0.019,1.778,0.324
376.484,-0.008,1.781,0.265
376.595,0.005,1.785,0.209
376.706,0.016,1.787,0.154
376.817,0.024,1.784,0.106
376.929,0.028,1.782,0.066
377.039,0.022,1.784,0.038
377.150,0.008,1.791,0.023
377.262,-0.006,1.795,0.010
377.372,-0.021,1.798,0.001
377.484,-0.030,1.800,0.002
377.595,-0.037,1.802,0.003
377.706,-0.040,1.801,0.007
377.817,-0.042,1.800,0.011
377.928,-0.041,1.800,0.017
378.039,0.001,1.800,0.004
378.151,0.003,1.800,0.005
378.262,0.008,1.798,0.008
378.372,0.015,1.796,0.012
378.484,0.024,1.791,0.019
378.594,0.036,1.781,0.031
378.706,0.053,1.768,0.045
378.817,0.073,1.756,0.064
378.928,0.092,1.745,0.085
379.039,0.111,1.739,0.110
379.150,0.128,1.739,0.145
379.262,0.145,1.741,0.197
379.373,0.157,1.740,0.248
379.484,0.164,1.749,0.304
379.595,0.175,1.768,0.376
379.706,0.196,1.776,0.445
379.817,0.227,1.768,0.511
379.929,0.265,1.753,0.586
380.039,0.311,1.739,0.665
380.150,0.355,1.737,0.742
380.261,0.394,1.756,0.813
380.372,0.423,1.764,0.878
380.484,0.449,1.760,0.934
380.595,0.471,1.752,0.987
380.706,0.485,1.743,1.047
380.817,0.489,1.738,1.110
380.928,0.477,1.748,1.177
381.039,0.456,1.764,1.241
381.150,0.446,1.771,1.293
381.261,0.446,1.771,1.337
381.372,0.454,1.770,1.382
381.483,0.471,1.767,1.427
381.594,0.499,1.764,1.468
381.705,0.527,1.768,1.505
381.817,0.551,1.776,1.539
381.928,0.568,1.784,1.563
382.039,0.578,1.787,1.579
382.143,0.580,1.788,1.592
382.247,0.577,1.789,1.603
382.359,0.571,1.792,1.610
382.469,0.563,1.796,1.615
382.580,0.553,1.799,1.618
382.692,0.543,1.799,1.622
382.803,0.533,1.798,1.624
382.913,0.521,1.796,1.625
383.025,0.509,1.794,1.626
383.136,0.499,1.793,1.626
383.247,0.491,1.792,1.625
383.358,0.486,1.790,1.622
383.470,0.483,1.789,1.620
383.581,0.483,1.787,1.620
383.692,0.483,1.790,1.623
383.803,0.487,1.793,1.628
383.913,0.489,1.795,1.633
384.025,0.488,1.795,1.643
384.135,0.486,1.794,1.652
384.247,0.483,1.794,1.662
384.358,0.483,1.792,1.674
384.469,0.486,1.790,1.680
384.581,0.488,1.789,1.684
384.692,0.488,1.789,1.684
384.803,0.489,1.790,1.691
384.914,0.496,1.792,1.696
385.025,0.501,1.792,1.700
385.136,0.503,1.795,1.704
385.248,0.503,1.800,1.707
385.358,0.500,1.804,1.705
385.469,0.498,1.805,1.699
385.580,0.496,1.807,1.693
385.692,0.494,1.810,1.690
385.803,0.492,1.810,1.690
385.914,0.490,1.807,1.691
386.025,0.491,1.806,1.694
386.136,0.491,1.807,1.696
386.248,0.492,1.809,1.698
386.358,0.494,1.808,1.698
386.469,0.493,1.811,1.707
386.581,0.495,1.814,1.715
386.691,0.495,1.812,1.716
386.802,0.495,1.807,1.715
386.913,0.496,1.805,1.714
387.025,0.496,1.802,1.711
387.136,0.495,1.799,1.711
387.247,0.494,1.799,1.711
387.358,0.493,1.800,1.712
387.469,0.492,1.799,1.709
387.580,0.491,1.799,1.706
387.691,0.490,1.801,1.706
387.802,0.492,1.804,1.707
387.913,0.494,1.804,1.706
388.024,0.495,1.805,1.704
388.136,0.495,1.807,1.703
388.247,0.495,1.808,1.702
388.359,0.494,1.806,1.701
388.469,0.493,1.804,1.702
388.580,0.492,1.803,1.704
388.691,0.490,1.800,1.704
388.802,0.487,1.795,1.704
388.913,0.484,1.794,1.707
389.025,0.483,1.794,1.710
389.136,0.483,1.793,1.708
389.247,0.483,1.793,1.707
389.358,0.483,1.794,1.707
389.470,0.484,1.794,1.706
389.581,0.484,1.797,1.708
389.692,0.483,1.799,1.708
389.803,0.482,1.800,1.707
389.914,0.481,1.801,1.705
390.025,0.478,1.804,1.705
390.136,0.476,1.806,1.706
390.247,0.474,1.804,1.706
390.358,0.471,1.801,1.706
390.469,0.470,1.803,1.707
390.580,0.469,1.807,1.705
390.691,0.473,1.805,1.696
390.802,0.477,1.799,1.692
390.913,0.479,1.795,1.695
391.025,0.478,1.792,1.697
391.135,0.477,1.789,1.696
391.247,0.477,1.787,1.694
391.358,0.477,1.788,1.692
391.469,0.477,1.788,1.691
391.580,0.478,1.791,1.688
391.691,0.480,1.792,1.683
391.802,0.480,1.792,1.684
391.913,0.482,1.792,1.681
392.024,0.482,1.791,1.680
392.136,0.482,1.794,1.681
392.247,0.483,1.796,1.682
392.358,0.483,1.799,1.683
392.469,0.483,1.800,1.684
392.580,0.483,1.801,1.686
392.691,0.484,1.801,1.685
392.802,0.484,1.803,1.687
392.913,0.486,1.803,1.687
393.025,0.487,1.805,1.688
393.136,0.487,1.807,1.688
393.247,0.488,1.810,1.686
393.358,0.489,1.811,1.683
393.469,0.490,1.811,1.682
393.580,0.489,1.812,1.683
393.692,0.487,1.811,1.683
393.803,0.487,1.811,1.682
393.914,0.488,1.811,1.680
394.025,0.487,1.811,1.679
394.136,0.487,1.811,1.676
394.247,0.487,1.813,1.674
394.358,0.485,1.818,1.670
394.469,0.482,1.824,1.660
394.580,0.476,1.830,1.654
394.691,0.472,1.828,1.650
394.803,0.469,1.826,1.650
394.913,0.466,1.825,1.650
395.025,0.465,1.823,1.654
395.136,0.464,1.819,1.655
395.247,0.463,1.820,1.660
395.358,0.463,1.819,1.662
395.469,0.464,1.817,1.663
395.580,0.464,1.817,1.664
395.691,0.464,1.815,1.666
395.802,0.465,1.815,1.669
395.913,0.466,1.817,1.669
396.025,0.467,1.820,1.668
396.136,0.469,1.822,1.668
396.247,0.469,1.823,1.669
396.358,0.468,1.822,1.670
396.469,0.467,1.821,1.671
396.580,0.468,1.823,1.672
396.691,0.470,1.826,1.671
396.803,0.470,1.825,1.669
396.913,0.470,1.825,1.667
397.025,0.470,1.825,1.667
397.135,0.470,1.825,1.667
397.247,0.472,1.829,1.668
397.358,0.475,1.830,1.667
397.469,0.479,1.831,1.666
397.580,0.483,1.833,1.667
397.691,0.486,1.838,1.666
397.802,0.490,1.842,1.666
397.914,0.494,1.842,1.668
398.025,0.495,1.842,1.669
398.136,0.494,1.842,1.667
398.247,0.493,1.842,1.665
398.358,0.491,1.842,1.663
398.469,0.489,1.844,1.664
398.580,0.488,1.847,1.666
398.692,0.487,1.844,1.667
398.803,0.485,1.842,1.668
398.913,0.479,1.839,1.666
399.025,0.475,1.838,1.666
399.136,0.473,1.836,1.666
399.247,0.471,1.835,1.668
399.358,0.471,1.837,1.667
399.469,0.471,1.836,1.666
399.580,0.469,1.835,1.667
399.691,0.468,1.832,1.667
399.802,0.469,1.832,1.666
399.914,0.470,1.832,1.665
400.025,0.471,1.832,1.662
400.136,0.470,1.832,1.660
400.247,0.469,1.832,1.658
400.357,0.468,1.831,1.657
400.469,0.467,1.832,1.657
400.580,0.467,1.832,1.657
400.691,0.466,1.833,1.657
400.803,0.466,1.833,1.657
400.913,0.466,1.834,1.657
401.025,0.466,1.835,1.658
401.134,0.466,1.835,1.659
401.245,0.465,1.835,1.659
401.356,0.463,1.834,1.659
401.467,0.461,1.832,1.660
401.579,0.460,1.830,1.660
401.691,0.461,1.830,1.659
401.802,0.462,1.830,1.658
401.913,0.463,1.828,1.659
402.024,0.466,1.827,1.659
402.135,0.469,1.828,1.661
402.247,0.473,1.827,1.662
402.358,0.474,1.826,1.663
402.469,0.475,1.825,1.664
402.580,0.474,1.826,1.668
402.691,0.473,1.822,1.669
402.802,0.472,1.820,1.669
402.913,0.470,1.820,1.670
403.025,0.468,1.817,1.671
403.136,0.467,1.816,1.672
403.247,0.468,1.818,1.672
403.358,0.471,1.822,1.672
403.469,0.473,1.824,1.671
403.580,0.474,1.825,1.672
403.692,0.474,1.826,1.673
403.803,0.473,1.825,1.672
403.913,0.471,1.824,1.671
404.025,0.470,1.823,1.670
404.136,0.467,1.819,1.668
404.247,0.464,1.815,1.667
404.358,0.462,1.810,1.665
404.470,0.460,1.807,1.664
404.580,0.456,1.806,1.663
404.691,0.452,1.803,1.664
404.803,0.450,1.801,1.666
404.914,0.448,1.800,1.667
405.026,0.448,1.799,1.670
405.136,0.456,1.803,1.676
405.248,0.463,1.809,1.681
405.358,0.468,1.809,1.682
405.469,0.472,1.809,1.685
405.581,0.478,1.810,1.689
405.692,0.481,1.813,1.688
405.803,0.485,1.817,1.686
405.914,0.489,1.821,1.686
406.026,0.491,1.822,1.685
406.136,0.491,1.823,1.685
406.247,0.490,1.823,1.684
406.358,0.489,1.821,1.683
406.469,0.491,1.819,1.682
406.581,0.492,1.818,1.682
406.691,0.495,1.816,1.682
406.803,0.497,1.814,1.680
406.914,0.499,1.810,1.677
407.025,0.503,1.805,1.674
407.136,0.508,1.799,1.676
407.247,0.514,1.791,1.681
407.359,0.516,1.790,1.689
407.469,0.515,1.787,1.692
407.580,0.511,1.786,1.692
407.692,0.507,1.786,1.691
407.803,0.504,1.784,1.689
407.914,0.504,1.785,1.687
408.026,0.504,1.788,1.684
408.136,0.503,1.790,1.681
408.248,0.500,1.790,1.677
408.358,0.499,1.791,1.675
408.470,0.498,1.792,1.671
408.581,0.499,1.795,1.670
408.691,0.501,1.798,1.668
408.803,0.504,1.800,1.667
408.913,0.507,1.800,1.668
409.025,0.510,1.801,1.668
409.135,0.513,1.803,1.668
409.247,0.517,1.806,1.666
409.358,0.520,1.808,1.665
409.470,0.520,1.809,1.664
409.580,0.520,1.811,1.664
409.691,0.518,1.810,1.663
409.803,0.512,1.805,1.660
409.914,0.505,1.799,1.657
410.026,0.502,1.799,1.658
410.136,0.500,1.799,1.659
410.247,0.497,1.796,1.658
410.358,0.495,1.795,1.657
410.469,0.493,1.796,1.656
410.581,0.488,1.800,1.654
410.691,0.482,1.804,1.652
410.803,0.474,1.804,1.648
410.914,0.464,1.803,1.639
411.025,0.458,1.802,1.629
411.137,0.452,1.802,1.622
411.248,0.445,1.801,1.616
411.359,0.438,1.803,1.608
411.471,0.431,1.804,1.602
411.582,0.425,1.804,1.599
411.693,0.419,1.801,1.603
411.804,0.422,1.799,1.614
411.916,0.437,1.800,1.639
412.027,0.454,1.799,1.673
412.138,0.478,1.799,1.712
412.249,0.497,1.801,1.748
412.359,0.507,1.806,1.779
412.470,0.509,1.811,1.803
412.581,0.508,1.815,1.819
412.692,0.509,1.821,1.826
412.804,0.509,1.825,1.832
412.914,0.505,1.830,1.835
413.026,0.503,1.828,1.835
413.137,0.499,1.824,1.831
413.248,0.491,1.825,1.829
413.359,0.482,1.828,1.830
413.470,0.478,1.827,1.827
413.581,0.476,1.825,1.822
413.692,0.473,1.827,1.820
413.804,0.470,1.828,1.821
413.914,0.469,1.826,1.820
414.026,0.470,1.825,1.819
414.136,0.469,1.825,1.822
414.248,0.468,1.824,1.823
414.359,0.468,1.823,1.824
414.470,0.465,1.825,1.829
414.581,0.464,1.826,1.832
414.692,0.464,1.827,1.831
414.803,0.462,1.829,1.834
414.914,0.463,1.829,1.833
415.026,0.464,1.828,1.831
415.136,0.464,1.829,1.833
415.248,0.465,1.829,1.834
415.359,0.466,1.828,1.834
415.470,0.465,1.828,1.833
415.581,0.465,1.827,1.832
415.692,0.464,1.827,1.830
415.803,0.463,1.826,1.829
415.914,0.461,1.827,1.828
416.026,0.459,1.827,1.828
416.137,0.459,1.825,1.826
416.248,0.458,1.825,1.825
416.359,0.457,1.825,1.824
416.470,0.456,1.825,1.824
416.581,0.455,1.825,1.824
416.692,0.454,1.824,1.824
416.806,0.454,1.823,1.823
416.914,0.453,1.824,1.821
417.026,0.456,1.821,1.817
417.137,0.468,1.817,1.811
417.247,0.480,1.813,1.809
417.358,0.485,1.806,1.808
417.470,0.490,1.799,1.807
417.581,0.495,1.792,1.811
417.692,0.497,1.783,1.827
417.804,0.499,1.777,1.853
417.914,0.507,1.772,1.881
418.025,0.513,1.761,1.907
418.136,0.520,1.749,1.931
418.249,0.525,1.746,1.945
418.359,0.533,1.746,1.953
418.470,0.542,1.747,1.955
418.582,0.551,1.748,1.954
418.692,0.557,1.752,1.951
418.803,0.562,1.755,1.945
418.914,0.561,1.760,1.939
419.025,0.560,1.764,1.933
419.137,0.560,1.765,1.926
419.247,0.557,1.767,1.922
419.359,0.554,1.769,1.922
419.470,0.549,1.774,1.926
419.581,0.545,1.779,1.923
419.692,0.539,1.784,1.921
419.803,0.537,1.787,1.919
419.913,0.533,1.789,1.917
420.026,0.527,1.788,1.913
420.136,0.521,1.787,1.910
420.248,0.514,1.788,1.908
420.358,0.510,1.786,1.902
420.469,0.508,1.782,1.896
420.580,0.505,1.782,1.892
420.692,0.505,1.782,1.886
420.803,0.505,1.785,1.885
420.913,0.506,1.789,1.885
421.025,0.508,1.792,1.884
421.136,0.511,1.792,1.881
421.247,0.513,1.791,1.878
421.358,0.515,1.791,1.880
421.470,0.517,1.792,1.881
421.580,0.519,1.792,1.880
421.691,0.518,1.793,1.882
421.802,0.519,1.795,1.883
421.913,0.520,1.795,1.884
422.025,0.519,1.795,1.881
422.136,0.517,1.795,1.876
422.247,0.516,1.795,1.870
422.358,0.516,1.797,1.867
422.469,0.518,1.799,1.864
422.581,0.522,1.799,1.864
422.691,0.527,1.797,1.868
422.803,0.529,1.795,1.874
422.914,0.530,1.794,1.875
423.025,0.529,1.796,1.871
423.136,0.522,1.797,1.867
423.247,0.505,1.799,1.868
423.358,0.495,1.798,1.858
423.469,0.485,1.794,1.842
423.580,0.481,1.789,1.826
423.692,0.480,1.783,1.813
423.803,0.476,1.782,1.805
423.914,0.472,1.782,1.803
424.026,0.467,1.780,1.801
424.137,0.462,1.778,1.798
424.248,0.451,1.777,1.794
424.358,0.438,1.776,1.790
424.470,0.428,1.776,1.782
424.581,0.421,1.777,1.771
424.692,0.416,1.775,1.754
424.803,0.411,1.772,1.733
424.914,0.408,1.769,1.708
425.026,0.409,1.765,1.683
425.136,0.405,1.763,1.661
425.248,0.401,1.758,1.637
425.359,0.410,1.756,1.602
425.470,0.424,1.754,1.556
425.581,0.438,1.749,1.497
425.692,0.450,1.736,1.435
425.803,0.458,1.721,1.372
425.914,0.463,1.718,1.314
426.026,0.461,1.731,1.257
426.137,0.454,1.744,1.195
426.248,0.452,1.745,1.131
426.359,0.455,1.739,1.058
426.470,0.443,1.730,0.980
426.582,0.436,1.730,0.918
426.692,0.447,1.741,0.872
426.804,0.468,1.743,0.830
426.914,0.494,1.745,0.795
427.026,0.522,1.747,0.774
427.137,0.558,1.748,0.760
427.248,0.601,1.745,0.747
427.359,0.635,1.739,0.738
427.470,0.659,1.736,0.732
427.581,0.674,1.734,0.725
427.693,0.688,1.731,0.717
427.804,0.700,1.731,0.708
427.915,0.699,1.738,0.701
428.026,0.682,1.753,0.697
428.137,0.667,1.764,0.685
428.248,0.661,1.765,0.673
428.359,0.667,1.761,0.668
428.471,0.685,1.756,0.672
428.582,0.707,1.751,0.683
428.692,0.734,1.749,0.714
428.804,0.772,1.749,0.761
428.915,0.817,1.754,0.826
429.026,0.855,1.758,0.896
429.137,0.882,1.761,0.957
429.248,0.891,1.765,1.015
429.359,0.887,1.762,1.073
429.470,0.870,1.751,1.132
429.581,0.840,1.739,1.191
429.693,0.798,1.737,1.255
429.802,0.755,1.756,1.322
429.913,0.728,1.772,1.380
430.025,0.713,1.778,1.437
430.136,0.700,1.776,1.496
430.247,0.686,1.765,1.560
430.359,0.675,1.751,1.630
430.470,0.667,1.748,1.694
430.581,0.669,1.749,1.739
430.692,0.679,1.747,1.769
430.803,0.702,1.745,1.788
430.915,0.735,1.741,1.800
431.025,0.772,1.740,1.803
431.136,0.812,1.741,1.809
431.248,0.846,1.749,1.817
431.358,0.875,1.757,1.822
431.469,0.895,1.762,1.819
431.581,0.904,1.769,1.814
431.692,0.908,1.773,1.816
431.803,0.904,1.775,1.823
431.915,0.900,1.775,1.834
432.025,0.899,1.777,1.844
432.137,0.899,1.778,1.851
432.248,0.901,1.780,1.857
432.360,0.903,1.781,1.861
432.470,0.906,1.781,1.863
432.582,0.907,1.780,1.864
432.693,0.911,1.778,1.864
432.802,0.914,1.777,1.864
432.915,0.912,1.778,1.860
433.026,-0.002,1.778,0.005
433.137,-0.001,1.777,0.010
433.248,-0.001,1.775,0.015
433.359,-0.003,1.770,0.021
433.470,-0.011,1.768,0.031
433.582,-0.025,1.765,0.042
433.692,-0.037,1.760,0.051
433.804,-0.046,1.758,0.064
433.914,-0.050,1.756,0.088
434.026,-0.054,1.750,0.119
434.137,-0.051,1.744,0.155
434.248,-0.044,1.745,0.197
434.359,-0.037,1.751,0.237
434.471,-0.042,1.756,0.281
434.581,-0.054,1.762,0.315
434.693,-0.071,1.771,0.343
434.804,-0.094,1.778,0.372
434.914,-0.127,1.774,0.403
435.027,-0.165,1.763,0.431
435.137,-0.212,1.758,0.466
435.248,-0.262,1.759,0.513
435.360,-0.306,1.764,0.567
435.470,-0.346,1.759,0.630
435.582,-0.390,1.745,0.706
435.693,-0.431,1.728,0.793
435.804,-0.465,1.723,0.890
435.915,-0.505,1.742,0.983
436.026,-0.551,1.760,1.063
436.137,-0.600,1.761,1.136
436.248,-0.654,1.746,1.210
436.360,-0.710,1.732,1.277
436.471,-0.766,1.736,1.342
436.581,-0.812,1.752,1.410
436.691,-0.847,1.757,1.475
436.803,-0.874,1.749,1.534
436.914,-0.894,1.739,1.597
437.025,-0.907,1.735,1.661
437.137,-0.918,1.741,1.728
437.248,-0.932,1.748,1.789
437.359,-0.949,1.750,1.839
437.470,-0.969,1.750,1.881
437.581,-0.998,1.748,1.918
437.692,-1.030,1.745,1.951
437.803,-1.070,1.744,1.981
437.914,-1.120,1.745,2.015
438.025,-1.166,1.751,2.048
438.136,-1.206,1.752,2.076
438.248,-1.243,1.750,2.101
438.359,-1.276,1.747,2.122
438.470,-1.304,1.744,2.144
438.581,-1.331,1.740,2.169
438.692,-1.358,1.737,2.204
438.804,-1.382,1.742,2.238
438.914,-1.399,1.746,2.265
439.026,-1.412,1.744,2.286
439.137,-1.419,1.743,2.294
439.248,-1.416,1.743,2.297
439.360,-1.411,1.740,2.298
439.471,-1.402,1.739,2.297
439.582,-1.393,1.739,2.295
439.693,-1.382,1.737,2.293
439.804,-1.370,1.735,2.289
439.915,-1.358,1.734,2.282
440.026,-1.345,1.735,2.273
440.137,-1.334,1.734,2.263
440.248,-1.328,1.733,2.256
440.360,-1.316,1.732,2.245
440.470,-1.303,1.732,2.233
440.581,-1.296,1.731,2.222
440.692,-1.298,1.728,2.215
440.803,-1.297,1.727,2.214
440.914,-1.299,1.727,2.219
441.026,-1.304,1.731,2.232
441.136,-1.301,1.736,2.240
441.248,-1.285,1.742,2.241
441.358,-1.276,1.746,2.244
441.470,-1.273,1.745,2.252
441.581,-1.282,1.741,2.270
441.692,-1.298,1.736,2.297
441.803,-1.317,1.730,2.330
441.914,-1.339,1.729,2.367
442.026,-1.353,1.730,2.397
442.137,-1.359,1.732,2.407
442.248,-1.362,1.732,2.398
442.359,-1.370,1.727,2.369
442.469,-1.374,1.718,2.330
442.581,-1.371,1.715,2.293
442.692,-1.357,1.724,2.263
442.803,-1.328,1.742,2.229
442.914,-1.286,1.751,2.184
443.025,-1.242,1.760,2.136
443.136,-1.197,1.774,2.089
443.247,-1.153,1.782,2.045
443.358,-1.123,1.782,2.008
443.469,-1.093,1.776,1.968
443.580,-1.060,1.766,1.915
443.692,-1.036,1.760,1.856
443.803,-1.018,1.759,1.795
443.913,-0.992,1.754,1.738
444.025,-0.955,1.761,1.676
444.136,-0.897,1.775,1.617
444.247,-0.821,1.779,1.551
444.359,-0.728,1.774,1.478
444.470,-0.623,1.766,1.404
444.582,-0.518,1.752,1.330
444.694,-0.428,1.746,1.263
444.805,-0.337,1.755,1.217
444.915,-0.242,1.757,1.186
445.027,-0.140,1.746,1.159
445.138,-0.036,1.728,1.135
445.249,0.079,1.728,1.122
445.361,0.190,1.746,1.106
445.471,0.286,1.761,1.082
445.583,0.381,1.758,1.057
445.694,0.464,1.742,1.026
445.804,0.539,1.740,0.999
445.915,0.608,1.751,0.991
446.026,0.667,1.754,0.990
446.137,0.722,1.740,0.991
446.249,0.773,1.734,1.006
446.360,0.830,1.745,1.008
446.471,0.900,1.763,1.001
446.582,0.987,1.756,0.989
446.692,1.076,1.738,0.975
446.804,1.140,1.744,0.968
446.914,1.190,1.757,0.954
447.026,1.228,1.760,0.939
447.137,1.255,1.759,0.918
447.248,1.266,1.757,0.895
447.360,1.272,1.756,0.875
447.470,1.276,1.757,0.865
447.581,1.281,1.759,0.860
447.692,1.283,1.762,0.858
447.804,1.280,1.767,0.858
447.915,1.276,1.770,0.858
448.026,1.269,1.774,0.858
448.137,1.263,1.775,0.857
448.249,1.265,1.774,0.857
448.360,1.267,1.774,0.859
448.471,1.269,1.772,0.865
448.581,0.009,1.771,0.004
448.692,0.020,1.769,0.013
448.804,0.034,1.767,0.029
448.915,0.045,1.759,0.053
449.026,0.046,1.752,0.093
449.137,0.040,1.742,0.152
449.248,0.026,1.728,0.225
449.360,0.003,1.718,0.314
449.470,-0.023,1.724,0.403
449.582,-0.041,1.745,0.487
449.692,-0.049,1.764,0.568
449.804,-0.045,1.762,0.641
449.915,-0.035,1.746,0.717
450.026,-0.022,1.736,0.812
450.137,-0.015,1.739,0.908
450.249,-0.022,1.749,0.996
450.359,-0.042,1.752,1.084
450.470,-0.074,1.740,1.170
450.581,-0.117,1.721,1.254
450.692,-0.165,1.720,1.337
450.803,-0.207,1.736,1.415
450.913,-0.238,1.746,1.486
451.026,-0.265,1.743,1.554
451.136,-0.285,1.734,1.620
451.247,-0.302,1.726,1.692
451.359,-0.319,1.723,1.773
451.469,-0.337,1.732,1.847
451.581,-0.362,1.742,1.902
451.692,-0.401,1.749,1.950
451.803,-0.446,1.748,1.992
451.914,-0.495,1.741,2.024
452.025,-0.548,1.741,2.051
452.137,-0.602,1.754,2.079
452.248,-0.650,1.764,2.108
452.359,-0.693,1.763,2.140
452.470,-0.737,1.759,2.179
452.581,-0.779,1.756,2.219
452.692,-0.807,1.756,2.257
452.804,-0.837,1.763,2.293
452.915,-0.852,1.770,2.306
453.026,-0.862,1.769,2.306
453.138,-0.867,1.766,2.305
453.249,-0.868,1.766,2.299
453.360,-0.872,1.764,2.292
453.471,-0.874,1.760,2.285
453.582,-0.875,1.759,2.275
453.693,-0.879,1.759,2.264
453.804,-0.884,1.757,2.252
453.915,-0.886,1.753,2.239
454.027,-0.885,1.749,2.227
454.137,-0.886,1.746,2.215
454.248,-0.888,1.745,2.205
454.359,-0.892,1.744,2.197
454.471,-0.894,1.743,2.189
454.582,-0.893,1.741,2.184
454.692,-0.894,1.738,2.181
454.805,-0.898,1.738,2.176
454.915,-0.900,1.740,2.171
455.027,-0.902,1.742,2.164
455.136,-0.903,1.742,2.156
455.248,-0.903,1.743,2.150
455.359,-0.907,1.742,2.147
455.471,-0.906,1.741,2.147
455.581,-0.906,1.740,2.146
455.693,-0.908,1.740,2.146
455.804,-0.908,1.740,2.146
455.915,0.000,1.741,0.000
456.027,0.000,1.742,0.001
456.136,-0.001,1.743,-0.002
456.248,-0.005,1.744,-0.003
456.359,-0.009,1.743,-0.003
456.470,-0.015,1.743,-0.007
456.581,-0.021,1.746,-0.013
456.692,-0.027,1.750,-0.018
456.804,-0.032,1.762,-0.021
456.914,-0.033,1.778,-0.028
457.026,-0.031,1.790,-0.041
457.137,-0.031,1.799,-0.048
457.248,-0.036,1.805,-0.052
457.359,-0.047,1.807,-0.053
457.470,-0.068,1.805,-0.054
457.581,-0.102,1.808,-0.054
457.693,-0.149,1.815,-0.054
457.804,-0.197,1.818,-0.056
457.915,-0.239,1.819,-0.054
458.026,-0.284,1.819,-0.043
458.137,-0.336,1.814,-0.025
458.248,-0.396,1.803,-0.001
458.359,-0.465,1.792,0.026
458.471,-0.541,1.787,0.056
458.582,-0.623,1.791,0.087
458.693,-0.708,1.799,0.112
458.804,-0.800,1.802,0.127
458.915,-0.900,1.793,0.128
459.027,-1.007,1.774,0.116
459.137,-1.116,1.762,0.095
459.248,-1.232,1.775,0.077
459.360,-1.345,1.797,0.070
459.471,-1.450,1.804,0.074
459.582,-1.555,1.790,0.085
459.694,-1.659,1.772,0.107
459.805,-1.763,1.766,0.135
459.916,-1.868,1.778,0.161
460.027,-1.972,1.790,0.185
460.138,-2.076,1.787,0.207
460.249,-2.176,1.771,0.231
460.360,-2.267,1.762,0.257
460.471,-2.344,1.773,0.296
460.581,-2.402,1.787,0.353
460.693,-2.447,1.781,0.420
460.805,-2.481,1.761,0.498
460.915,-2.507,1.747,0.587
461.026,-2.530,1.749,0.679
461.137,-2.548,1.755,0.762
461.249,-2.560,1.760,0.836
461.360,-2.563,1.763,0.914
461.471,-2.571,1.760,0.970
461.582,-2.589,1.763,1.014
461.693,-2.597,1.778,1.055
461.805,-2.591,1.788,1.090
461.916,-2.589,1.779,1.112
462.027,-2.591,1.765,1.129
462.138,-2.598,1.760,1.157
462.249,-2.601,1.759,1.193
462.360,-2.601,1.751,1.230
462.472,-2.612,1.735,1.278
462.583,-2.627,1.727,1.330
462.695,-2.645,1.730,1.373
462.806,-2.668,1.728,1.404
462.917,-2.696,1.724,1.430
463.028,-2.726,1.720,1.450
463.139,-2.752,1.717,1.461
463.250,-2.772,1.716,1.470
463.362,-2.785,1.714,1.485
463.472,-2.789,1.713,1.501
463.584,-2.785,1.721,1.516
463.695,-2.776,1.737,1.531
463.806,-2.767,1.753,1.548
463.917,-2.759,1.764,1.567
464.028,-2.750,1.768,1.575
464.139,-2.741,1.771,1.581
464.250,-2.737,1.772,1.586
464.361,-2.731,1.774,1.587
464.472,-2.726,1.776,1.587
464.583,-2.723,1.777,1.590
464.694,-2.723,1.776,1.596
464.804,-2.722,1.775,1.598
464.914,-2.721,1.775,1.599
465.027,-2.722,1.774,1.600
465.137,-2.721,1.775,1.600
465.249,-2.721,1.775,1.599
465.361,-2.720,1.775,1.597
465.471,-2.720,1.776,1.594
465.583,-2.720,1.776,1.591
465.693,-2.720,1.777,1.589
465.805,-2.719,1.779,1.586
465.916,-2.718,1.781,1.584
466.027,-2.719,1.780,1.582
466.139,-2.722,1.778,1.580
466.250,-2.726,1.777,1.578
466.361,-2.732,1.776,1.575
466.472,0.006,1.773,0.002
466.581,0.017,1.771,0.004
466.692,0.028,1.769,0.006
466.804,0.041,1.767,0.005
466.915,0.051,1.764,0.004
467.027,0.059,1.764,0.004
467.138,0.062,1.764,0.002
467.248,0.063,1.765,0.002
467.360,0.063,1.765,0.003
467.471,0.063,1.765,0.004
467.582,0.061,1.765,0.004
467.693,0.057,1.765,0.006
467.804,0.053,1.765,0.007
467.915,0.050,1.766,0.006
468.027,0.046,1.767,0.006
468.138,0.045,1.767,0.006
468.249,0.042,1.767,0.003
468.360,0.040,1.767,0.000
468.471,0.039,1.768,-0.002
468.582,0.038,1.768,-0.004
468.693,0.039,1.768,-0.005
468.804,0.038,1.768,-0.006
468.915,0.037,1.768,-0.006
469.026,0.037,1.769,-0.006
469.137,0.036,1.770,-0.005
469.248,0.037,1.770,-0.002
469.359,0.037,1.770,0.000
469.471,0.037,1.771,0.001
469.582,0.036,1.773,0.002
469.692,0.035,1.775,0.005
469.804,0.036,1.773,0.007
469.915,0.037,1.772,0.009
470.026,0.040,1.772,0.013
470.137,0.042,1.770,0.017
470.248,0.002,1.769,0.005
470.359,0.006,1.768,0.011
470.470,0.010,1.766,0.020
470.582,0.012,1.763,0.034
470.693,0.013,1.758,0.052
470.804,0.005,1.748,0.074
470.915,-0.015,1.736,0.103
471.026,-0.045,1.726,0.141
471.137,-0.086,1.714,0.185
471.248,-0.129,1.713,0.235
471.360,-0.171,1.726,0.288
471.470,-0.206,1.741,0.348
471.582,-0.233,1.742,0.408
471.693,-0.250,1.728,0.468
471.804,-0.266,1.718,0.542
471.915,-0.280,1.722,0.621
472.026,-0.297,1.735,0.688
472.137,-0.324,1.744,0.750
472.248,-0.358,1.740,0.807
472.359,-0.404,1.731,0.864
472.470,-0.464,1.722,0.916
472.582,-0.537,1.722,0.965
472.693,-0.604,1.738,1.013
472.804,-0.661,1.751,1.063
472.915,-0.706,1.753,1.110
473.027,-0.752,1.749,1.159
473.137,-0.795,1.746,1.214
473.248,-0.830,1.743,1.263
473.360,-0.866,1.747,1.304
473.471,-0.910,1.751,1.339
473.581,-0.961,1.748,1.369
473.693,-1.019,1.741,1.391
473.803,-1.084,1.734,1.407
473.914,-1.152,1.735,1.420
474.026,-1.218,1.747,1.439
474.137,-1.271,1.752,1.460
474.249,-1.318,1.749,1.485
474.360,-1.362,1.742,1.517
474.471,-1.401,1.738,1.558
474.582,-1.431,1.741,1.606
474.692,-1.461,1.748,1.651
474.804,-1.495,1.755,1.686
474.914,-1.527,1.762,1.710
475.026,-1.561,1.768,1.726
475.137,-1.590,1.768,1.731
475.248,-1.610,1.764,1.722
475.359,-1.640,1.759,1.730
475.470,-1.667,1.754,1.745
475.581,-1.682,1.754,1.763
475.692,-1.688,1.752,1.788
475.803,-1.691,1.744,1.821
475.914,-1.693,1.739,1.862
476.026,-1.699,1.737,1.903
476.137,-1.707,1.729,1.939
476.248,-1.714,1.716,1.971
476.358,-1.717,1.707,2.000
476.469,-1.714,1.701,2.024
476.581,-1.710,1.696,2.047
476.682,-1.704,1.689,2.071
476.790,-1.698,1.682,2.098
476.901,-1.693,1.680,2.122
477.012,-1.685,1.679,2.143
477.123,-1.677,1.678,2.162
477.234,-1.675,1.679,2.185
477.346,-1.681,1.683,2.202
477.457,-1.696,1.691,2.216
477.568,-1.718,1.696,2.234
477.679,-1.736,1.699,2.256
477.791,-1.745,1.699,2.278
477.901,-1.748,1.703,2.292
478.013,-1.745,1.708,2.298
478.124,-1.725,1.703,2.312
478.235,-1.695,1.700,2.336
478.346,-1.661,1.702,2.365
478.458,-1.630,1.707,2.393
478.569,-1.605,1.708,2.410
478.679,-1.578,1.709,2.416
478.791,-1.551,1.710,2.417
478.902,-1.525,1.713,2.415
479.013,-1.505,1.714,2.420
479.124,-1.498,1.719,2.435
479.235,-1.506,1.723,2.458
479.347,-1.520,1.726,2.480
479.457,-1.537,1.726,2.501
479.569,-1.552,1.728,2.519
479.679,-1.568,1.733,2.532
479.791,-1.582,1.734,2.547
479.902,-1.591,1.734,2.561
480.013,-1.600,1.732,2.574
480.124,-1.608,1.730,2.582
480.235,-1.616,1.727,2.589
480.347,-1.623,1.724,2.597
480.457,-1.628,1.727,2.601
480.569,-1.632,1.729,2.604
480.680,-1.637,1.730,2.604
480.791,-1.642,1.732,2.604
480.902,-1.646,1.735,2.603
481.013,-1.651,1.737,2.601
481.124,-1.655,1.739,2.601
481.235,-1.656,1.739,2.603
481.346,-1.658,1.737,2.605
481.457,-1.661,1.735,2.606
481.568,-1.664,1.735,2.606
481.679,-1.668,1.735,2.605
481.791,-1.674,1.736,2.602
481.902,-1.677,1.737,2.601
482.013,-1.676,1.738,2.601
482.124,-1.674,1.738,2.599
482.235,-1.671,1.740,2.597
482.346,-1.668,1.740,2.595
482.457,-1.666,1.739,2.592
482.569,-1.665,1.737,2.591
482.679,-1.667,1.738,2.589
482.791,-1.668,1.738,2.588
482.902,-1.669,1.738,2.587
483.013,-1.670,1.738,2.587
483.124,-1.670,1.739,2.590
483.235,-1.671,1.739,2.591
483.346,-1.671,1.738,2.590
483.457,-1.672,1.739,2.590
483.569,-1.672,1.739,2.591
483.680,-1.672,1.739,2.591
483.791,-1.673,1.739,2.591
483.902,-1.673,1.740,2.591
484.013,-1.673,1.740,2.591
484.124,-1.674,1.740,2.590
484.235,-1.674,1.741,2.588
484.347,-1.673,1.741,2.588
484.457,-1.673,1.740,2.587
484.569,-1.674,1.741,2.585
484.679,-1.674,1.743,2.584
484.791,-1.674,1.743,2.586
484.901,-1.674,1.743,2.588
485.013,-1.673,1.743,2.590
485.124,-1.671,1.742,2.591
485.235,-1.669,1.741,2.592
485.346,-1.669,1.741,2.590
485.457,-1.669,1.740,2.590
485.569,-1.669,1.739,2.589
485.679,-1.670,1.739,2.587
485.790,-1.670,1.740,2.586
485.902,-1.670,1.739,2.587
486.013,-1.670,1.739,2.587
486.124,-1.670,1.739,2.588
486.235,-1.668,1.737,2.588
486.346,-1.663,1.737,2.589
486.457,-1.653,1.737,2.590
486.568,-1.639,1.735,2.593
486.679,-1.625,1.736,2.593
486.791,-1.615,1.740,2.594
486.902,-1.608,1.741,2.592
487.013,-1.606,1.738,2.588
487.124,-1.608,1.736,2.585
487.235,-1.612,1.735,2.582
487.346,-1.618,1.737,2.579
487.457,-1.624,1.738,2.577
487.569,-1.629,1.739,2.574
487.679,-1.634,1.738,2.573
487.791,-1.639,1.737,2.572
487.901,-1.642,1.737,2.571
488.012,-1.644,1.738,2.571
488.124,-1.648,1.738,2.571
488.235,-1.650,1.738,2.572
488.346,-1.653,1.738,2.572
488.457,-1.655,1.738,2.572
488.568,-1.657,1.739,2.574
488.679,-1.658,1.740,2.577
488.790,-1.659,1.743,2.581
488.902,-1.661,1.743,2.583
489.013,-1.663,1.742,2.586
489.124,-1.664,1.741,2.585
489.235,-1.666,1.740,2.585
489.346,-1.668,1.741,2.584
489.457,-1.670,1.741,2.582
489.568,-1.673,1.740,2.580
489.680,-1.675,1.739,2.577
489.791,-1.675,1.739,2.576
489.902,-1.669,1.735,2.578
490.013,-1.661,1.732,2.582
490.124,-1.654,1.733,2.585
490.235,-1.648,1.733,2.587
490.346,-1.644,1.733,2.589
490.458,-1.639,1.734,2.590
490.568,-1.636,1.735,2.592
490.680,-1.634,1.736,2.593
490.791,-1.633,1.736,2.593
490.902,-1.637,1.742,2.586
491.012,-1.636,1.746,2.589
491.124,-1.636,1.744,2.591
491.235,-1.637,1.742,2.588
491.346,-1.638,1.744,2.586
491.455,-1.639,1.744,2.583
491.568,-1.640,1.742,2.579
491.679,-1.641,1.741,2.577
491.791,-1.642,1.741,2.576
491.902,-1.644,1.742,2.574
492.013,-1.645,1.742,2.573
492.124,-1.645,1.743,2.574
492.235,-1.645,1.744,2.575
492.346,-1.647,1.745,2.575
492.457,-1.650,1.746,2.574
492.569,-1.651,1.748,2.575
492.680,-1.652,1.750,2.576
492.791,-1.653,1.751,2.577
492.902,-1.653,1.750,2.577
493.013,-1.654,1.750,2.578
493.124,-1.654,1.751,2.579
493.235,-1.656,1.752,2.578
493.346,-1.657,1.750,2.576
493.458,-1.657,1.748,2.575
493.568,-1.656,1.748,2.574
493.679,-1.655,1.747,2.574
493.791,-1.654,1.747,2.575
493.902,-1.654,1.747,2.576
494.013,-1.658,1.750,2.577
494.125,-1.663,1.752,2.576
494.235,-1.667,1.753,2.573
494.347,-1.670,1.754,2.574
494.458,-1.673,1.755,2.577
494.569,-1.675,1.757,2.581
494.680,-1.678,1.756,2.583
494.791,-1.679,1.753,2.583
494.902,-1.679,1.751,2.583
495.013,-1.678,1.751,2.583
495.124,-1.676,1.750,2.585
495.235,-1.676,1.751,2.587
495.346,-1.675,1.750,2.588
495.457,-1.674,1.750,2.588
495.568,-1.675,1.749,2.588
495.679,-1.675,1.749,2.588
495.791,-1.676,1.748,2.589
495.902,-1.676,1.748,2.589
496.012,-1.676,1.748,2.589
496.125,-1.676,1.747,2.589
496.235,-1.677,1.747,2.591
496.346,-1.678,1.748,2.590
496.457,-1.677,1.748,2.590
496.568,-1.676,1.747,2.590
496.682,-1.676,1.747,2.589
496.791,-1.678,1.747,2.588
496.902,-1.679,1.748,2.586
497.012,-1.679,1.749,2.586
497.123,-1.680,1.751,2.585
497.235,-1.680,1.753,2.584
497.345,-1.681,1.753,2.583
497.456,-1.681,1.753,2.582
497.568,-1.682,1.754,2.582
497.679,-1.681,1.755,2.583
497.790,-1.679,1.756,2.586
497.901,-1.676,1.756,2.589
498.012,-1.672,1.756,2.591
498.123,-1.669,1.757,2.593
498.234,-1.667,1.757,2.595
498.346,-1.665,1.758,2.597
498.456,-1.662,1.757,2.598
498.568,-1.660,1.756,2.599
498.678,-1.659,1.757,2.601
498.790,-1.659,1.760,2.603
498.901,-1.654,1.761,2.602
499.012,-1.644,1.760,2.608
499.123,-1.637,1.760,2.615
499.234,-1.639,1.759,2.616
499.345,-1.639,1.760,2.615
499.456,-1.636,1.758,2.619
499.568,-1.630,1.763,2.616
499.679,-1.621,1.764,2.613
499.790,-1.623,1.759,2.603
499.901,-1.625,1.754,2.592
500.012,-1.622,1.751,2.588
500.123,-1.616,1.750,2.585
500.234,-1.612,1.750,2.583
500.345,-1.609,1.749,2.583
500.456,-1.607,1.747,2.578
500.568,-1.604,1.745,2.574
500.679,-1.602,1.745,2.572
500.790,-1.605,1.745,2.574
500.901,-1.609,1.749,2.578
501.012,-1.608,1.756,2.583
501.123,-1.604,1.765,2.591
501.234,-1.609,1.777,2.602
501.346,-1.621,1.787,2.612
501.456,-1.630,1.791,2.620
501.567,-1.633,1.793,2.627
501.678,-1.633,1.793,2.629
501.789,-1.632,1.793,2.629
501.901,-1.631,1.792,2.627
502.011,-1.628,1.791,2.623
502.123,-1.627,1.787,2.618
502.227,-1.626,1.784,2.616
502.338,-1.629,1.784,2.616
502.449,-1.638,1.785,2.617
502.560,-1.647,1.785,2.620
502.662,-1.652,1.784,2.621
502.774,-1.655,1.785,2.621
502.885,-1.651,1.787,2.622
502.997,-1.645,1.791,2.622
503.108,-1.640,1.800,2.625
503.219,-1.637,1.807,2.625
503.331,-1.634,1.810,2.625
503.441,-1.628,1.811,2.624
503.553,-1.619,1.811,2.625
503.664,-1.608,1.810,2.628
503.775,-1.601,1.811,2.632
503.886,-1.598,1.810,2.634
503.998,-1.599,1.806,2.633
504.109,-1.603,1.805,2.633
504.220,-1.604,1.806,2.635
504.331,-1.603,1.806,2.637
504.442,-1.600,1.806,2.638
504.553,-1.595,1.807,2.639
504.664,-1.590,1.808,2.638
504.776,-1.586,1.808,2.635
504.887,-1.579,1.810,2.631
504.998,-1.571,1.814,2.629
505.109,-1.564,1.818,2.629
505.220,-1.557,1.821,2.631
505.333,-1.552,1.822,2.634
505.443,-1.547,1.824,2.635
505.553,-1.541,1.827,2.633
505.665,-1.538,1.827,2.633
505.776,-1.538,1.826,2.634
505.887,-1.539,1.825,2.632
505.998,-1.541,1.824,2.630
506.109,-1.543,1.823,2.629
506.220,-1.545,1.822,2.627
506.331,-1.548,1.822,2.625
506.443,-1.552,1.822,2.621
506.554,-1.552,1.824,2.611
506.665,-1.543,1.824,2.600
506.776,-1.522,1.824,2.589
506.887,-1.489,1.825,2.584
506.998,-1.445,1.828,2.584
507.109,-1.404,1.828,2.585
507.221,-1.374,1.826,2.585
507.332,-1.353,1.824,2.584
507.442,-1.344,1.822,2.581
507.554,-1.345,1.820,2.579
507.665,-1.350,1.815,2.578
507.776,-1.356,1.808,2.579
507.887,-1.364,1.799,2.580
507.998,-1.377,1.798,2.575
508.109,-1.390,1.798,2.573
508.220,-1.397,1.799,2.575
508.331,-1.401,1.798,2.580
508.442,-1.403,1.798,2.583
508.554,-1.401,1.798,2.582
508.665,-1.397,1.798,2.582
508.776,-1.391,1.798,2.582
508.887,-1.382,1.799,2.582
508.998,-1.376,1.800,2.579
509.109,-1.371,1.800,2.571
509.221,-1.364,1.800,2.560
509.332,-1.350,1.801,2.547
509.443,-1.332,1.800,2.533
509.554,-1.311,1.796,2.519
509.665,-1.295,1.791,2.507
509.776,-1.289,1.788,2.499
509.888,-1.290,1.788,2.495
509.998,-1.300,1.790,2.496
510.109,-1.313,1.792,2.501
510.221,-1.330,1.796,2.509
510.331,-1.340,1.801,2.509
510.443,-1.338,1.799,2.506
510.554,-1.331,1.796,2.503
510.665,-1.322,1.794,2.498
510.776,-1.313,1.791,2.492
510.887,-1.306,1.788,2.485
510.998,-1.302,1.786,2.480
511.109,-1.299,1.784,2.475
511.221,-1.297,1.784,2.472
511.331,-1.298,1.783,2.469
511.443,-1.299,1.784,2.467
511.553,-1.299,1.784,2.466
511.665,-1.297,1.784,2.466
511.776,-1.295,1.784,2.465
511.887,-1.291,1.783,2.462
511.998,-1.286,1.782,2.458
512.109,-1.281,1.780,2.453
512.220,-1.277,1.778,2.451
512.331,-1.275,1.776,2.450
512.442,-1.276,1.777,2.450
512.553,-1.280,1.778,2.452
512.665,-1.285,1.780,2.458
512.776,-1.292,1.783,2.465
512.887,-1.299,1.783,2.479
512.998,-1.304,1.778,2.496
513.109,-1.317,1.779,2.511
513.220,-1.338,1.783,2.524
513.331,-1.363,1.788,2.531
513.443,-1.380,1.792,2.535
513.554,-1.384,1.793,2.535
513.665,-1.373,1.795,2.530
513.776,-1.353,1.795,2.523
513.887,-1.328,1.794,2.515
513.999,-1.306,1.791,2.506
514.109,-1.288,1.788,2.497
514.220,-1.274,1.783,2.487
514.331,-1.264,1.779,2.480
514.443,-1.258,1.774,2.475
514.554,-1.256,1.771,2.472
514.665,-1.257,1.772,2.472
514.776,-1.262,1.775,2.474
514.887,-1.271,1.778,2.479
514.998,-1.285,1.782,2.486
515.109,-1.303,1.788,2.491
515.220,-1.318,1.788,2.499
515.331,-1.326,1.788,2.504
515.443,-1.324,1.787,2.502
515.553,-1.313,1.783,2.495
515.665,-1.298,1.779,2.485
515.776,-1.284,1.775,2.475
515.887,-1.274,1.771,2.469
515.999,-1.266,1.770,2.465
516.109,-1.263,1.768,2.462
516.223,-1.262,1.767,2.459
516.331,-1.264,1.767,2.457
516.443,-1.266,1.768,2.457
516.553,-1.268,1.770,2.458
516.665,-1.271,1.772,2.460
516.776,-1.275,1.775,2.464
516.887,-1.284,1.780,2.470
516.998,-1.301,1.786,2.477
517.109,-1.321,1.792,2.484
517.221,-1.343,1.795,2.494
517.331,-1.364,1.795,2.507
517.442,-1.380,1.793,2.527
517.553,-1.399,1.793,2.541
517.665,-1.418,1.793,2.551
517.776,-1.439,1.794,2.560
517.887,-1.455,1.798,2.568
517.998,-1.470,1.798,2.578
518.109,-1.482,1.799,2.589
518.220,-1.491,1.801,2.598
518.331,-1.496,1.802,2.606
518.433,-1.498,1.802,2.613
518.540,-1.499,1.803,2.621
518.651,-1.502,1.802,2.626
518.762,-1.505,1.804,2.631
518.873,-1.510,1.806,2.636
518.984,-1.518,1.808,2.639
519.095,-1.525,1.810,2.644
519.207,-1.529,1.810,2.649
519.318,-1.532,1.809,2.652
519.428,-1.537,1.807,2.653
519.540,-1.541,1.808,2.654
519.651,-1.542,1.810,2.655
519.762,-1.542,1.810,2.652
519.872,-1.542,1.810,2.650
519.984,-1.543,1.809,2.648
520.095,-1.543,1.809,2.644
520.206,-1.544,1.808,2.641
520.318,-1.544,1.807,2.639
520.428,-1.546,1.806,2.639
520.540,-1.549,1.808,2.639
520.650,-1.551,1.809,2.640
520.761,-1.552,1.810,2.640
520.873,-1.554,1.810,2.640
520.984,-1.556,1.810,2.639
521.095,-1.556,1.808,2.638
521.207,-1.558,1.807,2.636
521.317,-1.558,1.807,2.634
521.428,-1.560,1.806,2.632
521.539,-1.560,1.807,2.631
521.651,-1.559,1.806,2.631
521.762,-1.558,1.806,2.630
521.872,-1.560,1.806,2.623
521.984,-1.571,1.803,2.606
522.095,-1.586,1.800,2.592
522.207,-1.593,1.798,2.587
522.318,-1.602,1.799,2.580
522.429,-1.621,1.796,2.573
522.540,-1.640,1.793,2.568
522.651,-1.656,1.791,2.564
522.763,-1.670,1.790,2.563
522.874,-1.685,1.790,2.568
522.985,-1.700,1.791,2.576
523.096,-1.714,1.792,2.582
523.207,-1.724,1.791,2.585
523.318,-1.730,1.790,2.586
523.429,-1.729,1.787,2.587
523.540,-1.711,1.784,2.588
523.651,-1.686,1.779,2.602
523.762,-1.675,1.775,2.617
523.872,-1.675,1.775,2.623
523.984,-1.673,1.776,2.628
524.095,-1.667,1.778,2.637
524.206,-1.663,1.780,2.647
524.317,-1.658,1.781,2.653
524.428,-1.654,1.782,2.655
524.540,-1.650,1.781,2.653
524.653,-1.646,1.779,2.648
524.762,-1.640,1.779,2.647
524.872,-1.636,1.778,2.646
524.983,-1.639,1.775,2.636
525.095,-1.656,1.772,2.615
525.206,-1.686,1.763,2.597
525.318,-1.706,1.755,2.587
525.429,-1.715,1.754,2.581
525.540,-1.721,1.752,2.578
525.651,-1.725,1.748,2.581
525.763,-1.727,1.746,2.583
525.873,-1.728,1.745,2.582
525.985,-1.728,1.743,2.582
526.096,-1.728,1.743,2.579
526.207,-1.732,1.741,2.579
526.318,-1.729,1.741,2.575
526.429,-1.711,1.742,2.577
526.540,-1.683,1.748,2.597
526.651,-1.676,1.754,2.613
526.762,-1.680,1.757,2.615
526.873,-1.679,1.760,2.616
526.984,-1.676,1.762,2.616
527.095,-1.670,1.763,2.616
527.206,-1.661,1.762,2.614
527.308,-1.654,1.763,2.613
527.413,-1.646,1.766,2.609
527.525,-1.634,1.773,2.608
527.636,-1.617,1.785,2.612
527.747,-1.601,1.795,2.621
527.859,-1.586,1.800,2.624
527.969,-1.578,1.801,2.623
528.081,-1.579,1.803,2.614
528.192,-1.588,1.805,2.598
528.303,-1.600,1.807,2.578
528.414,-1.615,1.810,2.557
528.526,-1.628,1.804,2.539
528.639,-1.645,1.795,2.529
528.745,-1.663,1.792,2.527
528.856,-1.680,1.790,2.529
528.967,-1.691,1.793,2.537
529.078,-1.698,1.797,2.545
529.189,-1.705,1.800,2.549
529.300,-1.712,1.804,2.549
529.411,-1.716,1.806,2.548
529.523,-1.718,1.805,2.550
529.633,-1.720,1.807,2.549
529.745,-1.719,1.811,2.542
529.856,-1.721,1.814,2.533
529.967,-1.727,1.814,2.526
530.078,-1.734,1.817,2.516
530.189,-1.741,1.820,2.504
530.301,-1.745,1.814,2.492
530.411,-1.749,1.807,2.483
530.522,-1.751,1.803,2.474
530.634,-1.750,1.800,2.462
530.745,-1.748,1.799,2.453
530.856,-1.741,1.803,2.448
530.967,-1.736,1.810,2.444
531.078,-1.743,1.812,2.443
531.189,-1.757,1.815,2.451
531.300,-1.776,1.819,2.465
531.412,-1.794,1.821,2.480
531.523,-1.809,1.819,2.493
531.634,-1.823,1.815,2.503
531.745,-1.832,1.809,2.512
531.856,-1.833,1.796,2.517
531.968,-1.828,1.790,2.518
532.079,-1.823,1.789,2.518
532.191,-1.812,1.804,2.524
532.302,-1.805,1.816,2.519
532.413,-1.806,1.817,2.508
532.525,-1.815,1.808,2.494
532.635,-1.822,1.801,2.480
532.747,-1.824,1.804,2.473
532.858,-1.826,1.804,2.465
532.969,-1.834,1.801,2.453
533.081,-1.846,1.800,2.435
533.192,-1.859,1.799,2.411
533.303,-1.878,1.794,2.378
533.413,-1.906,1.779,2.328
533.525,-1.941,1.773,2.282
533.636,-1.972,1.769,2.239
533.747,-1.994,1.767,2.201
533.857,-2.004,1.771,2.170
533.969,-2.002,1.776,2.143
534.079,-1.989,1.780,2.122
534.190,-1.970,1.788,2.107
534.302,-1.961,1.798,2.102
534.413,-1.972,1.800,2.095
534.524,-2.005,1.798,2.083
534.635,-2.058,1.793,2.068
534.747,-2.133,1.784,2.050
534.858,-2.224,1.772,2.034
534.969,-2.302,1.773,2.030
535.080,-2.354,1.783,2.033
535.191,-2.386,1.791,2.036
535.302,-2.404,1.795,2.032
535.413,-2.413,1.803,2.030
535.524,-2.415,1.818,2.031
535.635,-2.427,1.829,2.027
535.746,-2.449,1.833,2.019
535.857,-2.477,1.838,2.018
535.969,-2.501,1.836,2.017
536.080,-2.518,1.836,2.014
536.191,-2.536,1.823,2.012
536.302,-2.547,1.811,2.012
536.413,-2.547,1.808,2.008
536.524,-2.543,1.809,2.004
536.635,-2.538,1.815,2.001
536.746,-2.533,1.825,1.999
536.857,-2.534,1.828,2.002
536.968,-2.539,1.829,2.008
537.079,-2.539,1.828,2.011
537.191,-2.532,1.833,2.009
537.302,-2.528,1.836,2.006
537.413,-2.528,1.846,2.001
537.525,-2.532,1.851,1.993
537.636,-2.538,1.841,1.993
537.747,-2.550,1.819,1.999
537.858,-2.561,1.803,2.005
537.969,-2.566,1.796,2.007
538.080,-2.568,1.795,2.007
538.191,-2.568,1.795,2.007
538.302,-2.567,1.792,2.005
538.402,-2.566,1.793,2.003
538.510,-2.562,1.798,2.002
538.621,-2.556,1.809,1.998
538.732,-2.550,1.814,1.995
538.843,-2.547,1.814,1.998
538.955,-2.547,1.811,2.001
539.066,-2.551,1.805,2.002
539.177,-2.559,1.791,2.005
539.289,-2.561,1.786,2.009
539.399,-2.556,1.786,2.009
539.510,-2.552,1.787,2.008
539.622,-2.551,1.787,2.008
539.733,-2.551,1.790,2.009
539.844,-2.550,1.796,2.008
539.955,-2.548,1.803,2.008
540.066,-2.550,1.803,2.008
540.177,-2.552,1.798,2.011
540.288,-2.558,1.783,2.014
540.399,-2.560,1.776,2.021
540.510,-2.558,1.773,2.025
540.621,-2.556,1.772,2.025
540.733,-2.554,1.774,2.025
540.844,-2.554,1.775,2.024
540.955,-2.547,1.782,2.021
541.066,-2.543,1.790,2.018
541.177,-2.541,1.791,2.018
541.288,-2.549,1.780,2.019
541.399,-2.557,1.775,2.022
541.511,-2.556,1.775,2.021
541.622,-2.553,1.776,2.018
541.733,-2.549,1.776,2.015
541.844,-2.546,1.778,2.012
541.955,-2.544,1.778,2.010
542.066,-2.546,1.777,2.008
542.178,-2.549,1.778,2.006
542.289,-2.550,1.783,2.004
542.399,-2.540,1.793,2.002
542.510,-2.532,1.795,2.000
542.622,-2.529,1.794,2.000
542.733,-2.527,1.797,2.002
542.843,-2.524,1.802,2.003
542.955,-2.522,1.804,2.003
543.066,-2.523,1.799,2.003
543.177,-2.535,1.786,2.003
543.288,-2.544,1.775,2.002
543.399,-2.545,1.770,2.002
543.510,-2.543,1.766,2.003
543.622,-2.544,1.761,2.006
543.732,-2.544,1.755,2.008
543.844,-2.545,1.749,2.010
543.955,-2.546,1.747,2.013
544.066,-2.546,1.746,2.016
544.177,-2.546,1.746,2.019
544.288,-2.543,1.750,2.019
544.399,-2.535,1.760,2.019
544.511,-2.520,1.780,2.016
544.621,-2.511,1.797,2.014
544.732,-2.504,1.811,2.012
544.843,-2.490,1.815,2.002
544.955,-2.480,1.806,1.991
545.066,-2.475,1.796,1.982
545.178,-2.473,1.787,1.977
545.289,-2.473,1.783,1.975
545.400,-2.472,1.786,1.970
545.512,-2.469,1.791,1.963
545.622,-2.463,1.795,1.958
545.734,-2.453,1.799,1.955
545.844,-2.445,1.804,1.957
545.955,-2.440,1.808,1.963
546.067,-2.439,1.812,1.965
546.178,-2.439,1.816,1.960
546.289,-2.441,1.813,1.952
546.399,-2.442,1.812,1.948
546.511,-2.443,1.813,1.948
546.621,-2.444,1.811,1.948
546.733,-2.445,1.811,1.949
546.844,-2.443,1.810,1.949
546.955,-2.438,1.806,1.950
547.067,-2.434,1.801,1.954
547.178,-2.431,1.798,1.959
547.289,-2.431,1.796,1.963
547.400,-2.432,1.795,1.966
547.512,-2.432,1.794,1.968
547.622,-2.431,1.794,1.971
547.733,-2.431,1.796,1.972
547.845,-2.434,1.800,1.974
547.957,-2.437,1.802,1.975
548.067,-2.441,1.802,1.974
548.178,-2.444,1.804,1.975
548.289,-2.447,1.807,1.977
548.399,-2.449,1.809,1.980
548.511,-2.450,1.812,1.982
548.622,-2.453,1.818,1.983
548.734,-2.455,1.823,1.983
548.844,-2.456,1.826,1.983
548.955,-2.457,1.826,1.982
549.067,-2.458,1.830,1.981
549.178,-2.462,1.840,1.976
549.289,-2.465,1.848,1.971
549.400,-2.468,1.852,1.967
549.511,-2.472,1.855,1.963
549.622,-2.475,1.858,1.960
549.733,-2.476,1.860,1.961
549.844,-2.475,1.857,1.965
549.955,-2.471,1.853,1.971
550.066,-2.470,1.848,1.981
550.177,-2.470,1.843,1.988
550.289,-2.469,1.840,1.990
550.400,-2.468,1.838,1.992
550.511,-2.470,1.835,1.990
550.622,-2.470,1.835,1.988
550.733,-2.469,1.836,1.985
550.844,-2.467,1.836,1.983
550.955,-2.464,1.836,1.981
551.067,-2.456,1.835,1.978
551.177,-2.448,1.830,1.973
551.289,-2.442,1.826,1.971
551.400,-2.437,1.824,1.969
551.511,-2.435,1.824,1.968
551.622,-2.434,1.824,1.969
551.734,-2.435,1.824,1.972
551.844,-2.436,1.823,1.973
551.955,-2.437,1.823,1.974
552.067,-2.439,1.823,1.977
552.177,-2.442,1.823,1.981
552.288,-2.443,1.823,1.983
552.399,-2.443,1.824,1.985
552.511,-2.443,1.824,1.987
552.621,-2.442,1.822,1.988
552.732,-2.440,1.821,1.987
552.844,-2.437,1.820,1.985
552.955,-2.433,1.820,1.984
553.066,-2.431,1.820,1.981
553.177,-2.430,1.820,1.980
553.288,-2.430,1.818,1.979
553.399,-2.430,1.819,1.980
553.510,-2.433,1.818,1.980
553.621,-2.435,1.820,1.982
553.732,-2.438,1.820,1.984
553.843,-2.438,1.819,1.987
553.954,-2.439,1.819,1.989
554.065,-2.440,1.820,1.991
554.177,-2.440,1.818,1.991
554.288,-2.438,1.815,1.988
554.399,-2.435,1.815,1.987
554.511,-2.433,1.816,1.987
554.621,-2.429,1.819,1.985
554.733,-2.425,1.821,1.983
554.844,-2.422,1.823,1.979
554.955,-2.418,1.827,1.978
555.066,-2.413,1.829,1.977
555.177,-2.412,1.833,1.974
555.288,-2.413,1.837,1.971
555.400,-2.414,1.841,1.972
555.511,-2.419,1.843,1.971
555.622,-2.423,1.847,1.971
555.732,-2.425,1.849,1.972
555.844,-2.428,1.851,1.974
555.955,-2.429,1.851,1.977
556.066,-2.431,1.850,1.976
556.177,-2.433,1.848,1.974
556.288,-2.434,1.846,1.974
556.399,-2.433,1.842,1.977
556.510,-2.432,1.838,1.979
556.622,-2.431,1.836,1.980
556.732,-2.426,1.834,1.977
556.844,-2.417,1.833,1.968
556.955,-2.409,1.834,1.955
557.066,-2.405,1.834,1.946
557.177,-2.403,1.834,1.942
557.289,-2.400,1.833,1.941
557.400,-2.399,1.834,1.941
557.511,-2.398,1.838,1.941
557.622,-2.397,1.839,1.941
557.733,-2.395,1.837,1.939
557.845,-2.389,1.834,1.934
557.955,-2.381,1.826,1.925
558.067,-2.375,1.819,1.918
558.178,-2.371,1.812,1.914
558.289,-2.368,1.809,1.915
558.401,-2.364,1.806,1.922
558.512,-2.359,1.802,1.939
558.623,-2.351,1.796,1.968
558.734,-2.342,1.782,2.002
558.845,-2.333,1.764,2.035
558.956,-2.322,1.746,2.061
559.068,-2.313,1.730,2.080
559.178,-2.305,1.723,2.092
559.289,-2.301,1.723,2.098
559.401,-2.301,1.733,2.095
559.512,-2.303,1.750,2.080
559.623,-2.307,1.766,2.056
559.734,-2.310,1.776,2.033
559.845,-2.307,1.781,2.013
559.956,-2.301,1.785,1.992
560.067,-2.294,1.786,1.968
560.178,-2.289,1.779,1.945
560.290,-2.293,1.771,1.927
560.401,-2.301,1.760,1.915
560.511,-2.315,1.754,1.901
560.623,-2.333,1.750,1.889
560.735,-2.343,1.753,1.879
560.845,-2.363,1.753,1.868
560.956,-2.383,1.752,1.859
561.069,-2.398,1.757,1.850
561.178,-2.409,1.764,1.839
561.290,-2.425,1.766,1.820
561.401,-2.450,1.762,1.790
561.512,-2.457,1.763,1.741
561.623,-2.465,1.756,1.669
561.735,-2.468,1.745,1.576
561.846,-2.464,1.735,1.481
561.957,-2.453,1.735,1.398
562.069,-2.431,1.742,1.332
562.199,-2.394,1.738,1.258
562.300,-2.361,1.728,1.210
562.411,-2.315,1.714,1.159
562.522,-2.263,1.716,1.109
562.635,-2.221,1.732,1.058
562.735,-2.193,1.746,1.010
562.846,-2.163,1.753,0.956
562.957,-2.142,1.752,0.899
563.068,-2.126,1.752,0.839
563.179,-2.110,1.758,0.787
563.290,-2.091,1.768,0.751
563.401,-2.070,1.772,0.728
563.512,-2.045,1.770,0.715
563.623,-2.016,1.766,0.712
563.734,-1.987,1.759,0.716
563.845,-1.950,1.760,0.724
563.957,-1.913,1.764,0.729
564.068,-1.880,1.765,0.730
564.179,-1.852,1.765,0.728
564.290,-1.827,1.765,0.718
564.401,-1.806,1.768,0.695
564.513,-1.787,1.778,0.666
564.624,-1.767,1.793,0.632
564.734,-1.747,1.808,0.601
564.846,-1.725,1.818,0.575
564.957,-1.704,1.821,0.557
565.069,-1.689,1.820,0.543
565.179,-1.680,1.819,0.531
565.291,-1.676,1.818,0.521
565.401,-1.676,1.820,0.514
565.513,-1.677,1.821,0.510
565.624,-1.678,1.819,0.510
565.735,-1.679,1.818,0.512
565.846,-1.678,1.815,0.516
565.957,-1.675,1.808,0.521
566.068,-1.671,1.801,0.522
566.179,-1.666,1.796,0.518
566.291,-1.661,1.792,0.514
566.402,-1.655,1.785,0.510
566.513,-1.648,1.780,0.508
566.624,-1.640,1.778,0.506
566.735,-1.630,1.778,0.505
566.847,-1.613,1.779,0.509
566.958,-1.593,1.780,0.517
567.069,-1.573,1.777,0.533
567.180,-1.551,1.783,0.550
567.291,-1.535,1.801,0.567
567.402,-1.519,1.813,0.593
567.513,-1.495,1.817,0.620
567.625,-1.467,1.813,0.639
567.735,-1.434,1.808,0.652
567.847,-1.394,1.803,0.663
567.958,-1.367,1.792,0.667
568.069,-1.355,1.780,0.663
568.180,-1.360,1.769,0.657
568.291,-1.374,1.764,0.656
568.402,-1.393,1.753,0.655
568.513,-1.414,1.745,0.649
568.624,-1.432,1.746,0.641
568.735,-1.445,1.748,0.634
568.846,-1.454,1.746,0.627
568.957,-1.465,1.742,0.618
569.069,-1.482,1.743,0.606
569.179,-1.503,1.749,0.594
569.291,-1.524,1.756,0.584
569.401,-1.546,1.766,0.575
569.512,-1.569,1.773,0.577
569.624,-1.589,1.781,0.586
569.735,-1.609,1.796,0.609
569.846,-1.623,1.811,0.645
569.957,-1.624,1.814,0.684
570.069,-1.616,1.803,0.719
570.180,-1.607,1.789,0.739
570.291,-1.601,1.783,0.750
570.402,-1.600,1.778,0.755
570.513,-1.604,1.774,0.759
570.624,-1.611,1.773,0.756
570.735,-1.622,1.774,0.751
570.846,-1.635,1.775,0.749
570.958,-1.646,1.776,0.750
571.069,-1.654,1.777,0.753
571.180,-1.659,1.778,0.756
571.291,-1.663,1.779,0.762
571.402,-1.666,1.779,0.767
571.513,-1.670,1.777,0.771
571.624,-1.673,1.777,0.773
571.734,-1.674,1.776,0.776
571.846,-1.675,1.774,0.777
571.957,-1.682,1.768,0.767
572.068,-1.693,1.762,0.749
572.179,-1.700,1.756,0.724
572.291,-1.704,1.753,0.694
572.402,-1.709,1.753,0.660
572.513,-1.716,1.749,0.620
572.624,-1.723,1.739,0.573
572.735,-1.729,1.723,0.528
572.846,-1.733,1.705,0.491
572.958,-1.735,1.688,0.463
573.069,-1.736,1.671,0.439
573.179,-1.735,1.653,0.420
573.291,-1.734,1.635,0.405
573.402,-1.729,1.621,0.396
573.513,-1.722,1.608,0.390
573.624,-1.714,1.595,0.385
573.735,-1.704,1.581,0.383
573.847,-1.695,1.574,0.385
573.958,-1.691,1.573,0.388
574.069,-1.691,1.580,0.393
574.180,-1.688,1.600,0.403
574.291,-1.687,1.631,0.418
574.402,-1.684,1.668,0.441
574.513,-1.684,1.703,0.470
574.625,-1.695,1.735,0.500
574.735,-1.708,1.758,0.532
574.846,-1.717,1.780,0.559
574.957,-1.722,1.795,0.584
575.069,-1.726,1.796,0.603
575.180,-1.729,1.793,0.609
575.291,-1.734,1.789,0.608
575.402,-1.741,1.784,0.601
575.513,-1.751,1.779,0.590
575.624,-1.770,1.771,0.573
575.735,-1.788,1.767,0.562
575.846,-1.794,1.767,0.559
575.958,-1.797,1.767,0.558
576.069,-1.798,1.768,0.560
576.179,-1.799,1.769,0.561
576.291,-1.800,1.769,0.563
576.402,-1.798,1.770,0.564
576.513,-1.795,1.771,0.566
576.624,-1.791,1.771,0.567
576.735,-1.788,1.771,0.569
576.846,-1.782,1.774,0.571
576.958,-1.774,1.778,0.575
577.068,-1.768,1.780,0.578
577.179,-1.764,1.780,0.581
577.291,-1.763,1.781,0.584
577.402,-1.762,1.782,0.585
577.513,-1.762,1.784,0.585
577.624,-1.763,1.786,0.586
577.735,-1.761,1.790,0.589
577.846,-1.759,1.793,0.591
577.958,-1.759,1.793,0.592
578.069,-1.761,1.793,0.591
578.179,-1.762,1.792,0.591
578.291,-1.763,1.790,0.589
578.402,-1.763,1.787,0.585
578.513,-1.764,1.783,0.580
578.624,-1.765,1.782,0.574
578.735,-1.767,1.782,0.566
578.846,-1.769,1.780,0.559
578.958,-1.769,1.779,0.557
579.069,-1.768,1.783,0.564
579.180,-1.769,1.784,0.569
579.291,-1.771,1.785,0.574
579.402,-1.774,1.786,0.576
579.513,-1.776,1.785,0.577
579.624,-1.777,1.783,0.575
579.735,-1.778,1.780,0.573
579.846,-1.778,1.778,0.571
579.957,-1.779,1.776,0.573
580.068,-1.782,1.778,0.582
580.179,-1.786,1.782,0.600
580.291,-1.787,1.789,0.625
580.402,-1.786,1.803,0.655
580.513,-1.785,1.815,0.686
580.624,-1.788,1.825,0.713
580.735,-1.793,1.831,0.737
580.846,-1.803,1.840,0.758
580.958,-1.814,1.848,0.775
581.069,-1.825,1.851,0.786
581.180,-1.833,1.853,0.793
581.291,-1.840,1.858,0.798
581.402,-1.844,1.856,0.803
581.513,-1.847,1.856,0.806
581.625,-1.848,1.856,0.807
581.735,-1.848,1.857,0.807
581.847,-1.849,1.857,0.804
581.958,-1.847,1.856,0.801
582.069,-1.846,1.854,0.799
582.180,-1.845,1.851,0.797
582.291,-1.842,1.849,0.796
582.402,-1.839,1.847,0.796
582.513,-1.834,1.842,0.797
582.625,-1.828,1.837,0.801
582.735,-1.824,1.834,0.806
582.846,-1.822,1.832,0.809
582.958,-1.822,1.832,0.811
583.069,-1.823,1.831,0.814
583.180,-1.824,1.828,0.816
583.291,-1.825,1.824,0.816
583.402,-1.824,1.821,0.813
583.513,-1.822,1.818,0.812
583.624,-1.820,1.815,0.812
583.735,-1.819,1.815,0.812
583.846,-1.820,1.817,0.810
583.957,-1.820,1.816,0.808
584.069,-1.819,1.814,0.806
584.181,-1.818,1.809,0.805
584.291,-1.817,1.809,0.807
584.402,-1.818,1.811,0.808
584.513,-1.819,1.813,0.809
584.624,-1.820,1.814,0.810
584.735,-1.822,1.816,0.810
584.846,-1.826,1.822,0.808
584.958,-1.833,1.830,0.805
585.069,-1.839,1.836,0.802
585.180,-1.843,1.840,0.799
585.291,-1.846,1.848,0.796
585.402,-1.855,1.863,0.794
585.513,-1.860,1.869,0.795
585.625,-1.862,1.870,0.794
585.735,-1.861,1.869,0.792
585.847,-1.862,1.869,0.791
585.958,-1.863,1.868,0.790
586.069,-1.863,1.867,0.789
586.180,-1.861,1.865,0.788
586.291,-1.857,1.862,0.788
586.402,-1.855,1.860,0.788
586.514,-1.854,1.862,0.789
586.625,-1.852,1.862,0.790
586.736,-1.851,1.861,0.791
586.847,-1.850,1.859,0.791
586.958,-1.850,1.859,0.791
587.069,-1.850,1.859,0.792
587.180,-1.850,1.858,0.793
587.291,-1.850,1.858,0.794
587.402,-1.849,1.858,0.795
587.513,-1.849,1.857,0.795
587.625,-1.848,1.855,0.796
587.735,-1.846,1.854,0.796
587.847,-1.844,1.851,0.797
587.958,-1.841,1.849,0.799
588.069,-1.838,1.847,0.801
588.180,-1.834,1.844,0.805
588.291,-1.830,1.840,0.809
588.402,-1.826,1.838,0.812
588.513,-1.822,1.833,0.814
588.624,-1.816,1.827,0.820
588.735,-1.813,1.821,0.835
588.846,-1.821,1.817,0.842
588.958,-1.828,1.815,0.834
589.069,-1.829,1.816,0.820
589.180,-1.829,1.817,0.806
589.291,-1.829,1.817,0.795
589.402,-1.829,1.816,0.788
589.513,-1.830,1.815,0.783
589.624,-1.832,1.816,0.786
589.735,-1.832,1.817,0.786
589.847,-1.834,1.815,0.787
589.958,-1.834,1.812,0.778
590.069,-1.831,1.812,0.768
590.180,-1.829,1.811,0.757
590.291,-1.827,1.809,0.746
590.402,-1.825,1.807,0.734
590.513,-1.825,1.807,0.723
590.624,-1.825,1.807,0.715
590.735,-1.823,1.807,0.709
590.846,-1.824,1.807,0.705
590.957,-1.826,1.809,0.703
591.069,-1.826,1.811,0.701
591.180,-1.826,1.812,0.699
591.291,-1.825,1.812,0.693
591.402,-1.823,1.812,0.680
591.513,-1.825,1.809,0.669
591.624,-1.825,1.807,0.668
591.735,-1.825,1.807,0.671
591.847,-1.823,1.807,0.675
591.957,-1.822,1.808,0.676
592.069,-1.820,1.808,0.678
592.180,-1.819,1.807,0.679
592.291,-1.819,1.808,0.678
592.402,-1.821,1.809,0.677
592.513,-1.822,1.810,0.677
592.625,-1.823,1.811,0.677
592.735,-1.824,1.811,0.677
592.846,-1.823,1.811,0.676
592.958,-1.823,1.809,0.677
593.069,-1.822,1.807,0.677
593.180,-1.823,1.802,0.672
593.291,-1.826,1.796,0.665
593.402,-1.826,1.789,0.660
593.513,-1.823,1.784,0.656
593.624,-1.825,1.782,0.653
593.735,-1.830,1.778,0.649
593.846,-1.835,1.773,0.646
593.957,-1.837,1.771,0.644
594.068,-1.838,1.770,0.641
594.180,-1.840,1.769,0.636
594.291,-1.844,1.767,0.631
594.402,-1.848,1.766,0.628
594.513,-1.851,1.765,0.626
594.624,-1.856,1.764,0.622
594.735,-1.862,1.763,0.617
594.846,-1.869,1.762,0.613
594.957,-1.873,1.762,0.610
595.069,-1.873,1.763,0.609
595.179,-1.871,1.766,0.610
595.291,-1.870,1.770,0.616
595.402,-1.870,1.775,0.624
595.513,-1.870,1.782,0.632
595.624,-1.866,1.789,0.634
595.735,-1.861,1.791,0.632
595.846,-1.860,1.790,0.629
595.957,-1.860,1.791,0.626
596.068,-1.861,1.793,0.627
596.179,-1.860,1.799,0.629
596.291,-1.860,1.809,0.634
596.401,-1.866,1.822,0.637
596.513,-1.874,1.832,0.640
596.624,-1.883,1.837,0.641
596.735,-1.890,1.839,0.643
596.847,-1.894,1.839,0.644
596.958,-1.896,1.840,0.646
597.069,-1.896,1.841,0.648
597.180,-1.894,1.841,0.650
597.291,-1.891,1.841,0.650
597.402,-1.888,1.839,0.652
597.513,-1.883,1.838,0.653
597.624,-1.878,1.838,0.656
597.735,-1.875,1.839,0.660
597.847,-1.871,1.839,0.666
597.958,-1.866,1.837,0.672
598.069,-1.862,1.837,0.677
598.180,-1.858,1.834,0.680
598.291,-1.855,1.834,0.684
598.402,-1.853,1.833,0.686
598.513,-1.851,1.835,0.688
598.625,-1.848,1.837,0.689
598.736,-1.846,1.836,0.690
598.846,-1.845,1.836,0.690
598.958,-1.842,1.835,0.691
599.069,-1.840,1.835,0.692
599.179,-1.835,1.835,0.691
599.291,-1.832,1.834,0.692
599.402,-1.830,1.836,0.697
599.513,-1.826,1.834,0.699
599.625,-1.823,1.832,0.699
599.735,-1.822,1.832,0.699
599.847,-1.821,1.832,0.701
599.958,-1.821,1.835,0.701
600.069,-1.824,1.836,0.696
600.180,-1.829,1.838,0.694
600.291,-1.832,1.839,0.693
600.402,-1.835,1.839,0.692
600.513,-1.837,1.838,0.694
600.625,-1.837,1.839,0.695
600.735,-1.834,1.839,0.692
600.847,-1.833,1.837,0.691
600.958,-1.832,1.834,0.689
601.069,-1.830,1.830,0.688
601.180,-1.828,1.828,0.689
601.291,-1.827,1.826,0.686
601.402,-1.829,1.823,0.684
601.513,-1.828,1.823,0.684
601.624,-1.826,1.822,0.687
601.735,-1.825,1.821,0.689
601.847,-1.824,1.821,0.687
601.958,-1.825,1.820,0.686
602.069,-1.825,1.821,0.688
602.180,-1.825,1.821,0.692
602.291,-1.825,1.822,0.695
602.402,-1.824,1.824,0.698
602.513,-1.825,1.823,0.700
602.624,-1.826,1.821,0.701
602.736,-1.828,1.821,0.705
602.847,-1.828,1.820,0.709
602.958,-1.827,1.817,0.713
603.069,-1.825,1.816,0.716
603.180,-1.824,1.816,0.717
603.291,-1.826,1.817,0.716
603.402,-1.829,1.821,0.711
603.513,-1.833,1.823,0.703
603.624,-1.837,1.827,0.697
603.735,-1.840,1.830,0.696
603.846,-1.841,1.831,0.695
603.958,-1.840,1.830,0.696
604.069,-1.837,1.829,0.698
604.180,-1.835,1.829,0.700
604.291,-1.834,1.828,0.702
604.402,-1.833,1.828,0.704
604.513,-1.832,1.827,0.705
604.624,-1.830,1.825,0.706
604.735,-1.827,1.823,0.705
604.846,-1.825,1.824,0.704
604.957,-1.824,1.826,0.704
605.069,-1.826,1.830,0.703
605.179,-1.829,1.832,0.703
605.291,-1.831,1.833,0.704
605.402,-1.832,1.833,0.703
605.513,-1.832,1.833,0.702
605.625,-1.831,1.833,0.701
605.735,-1.829,1.831,0.698
605.847,-1.827,1.828,0.696
605.957,-1.826,1.828,0.695
606.069,-1.827,1.830,0.695
606.180,-1.829,1.832,0.696
606.291,-1.832,1.837,0.698
606.402,-1.839,1.842,0.703
606.513,-1.846,1.846,0.706
606.624,-1.852,1.848,0.709
606.735,-1.854,1.849,0.711
606.846,-1.855,1.851,0.712
606.958,-1.854,1.853,0.711
607.069,-1.852,1.852,0.710
607.180,-1.850,1.850,0.709
607.291,-1.848,1.848,0.711
607.402,-1.846,1.846,0.716
607.513,-1.843,1.843,0.722
607.625,-1.839,1.839,0.727
607.735,-1.834,1.832,0.728
607.847,-1.831,1.826,0.730
607.957,-1.830,1.822,0.734
608.069,-1.829,1.820,0.740
608.180,-1.826,1.817,0.744
608.291,-1.824,1.815,0.750
608.402,-1.824,1.818,0.756
608.513,-1.830,1.829,0.759
608.624,-1.837,1.837,0.762
608.736,-1.844,1.839,0.764
608.846,-1.847,1.838,0.766
608.958,-1.848,1.836,0.767
609.069,-1.847,1.833,0.768
609.180,-1.847,1.831,0.769
609.291,-1.846,1.828,0.770
609.402,-1.844,1.826,0.768
609.514,-1.842,1.822,0.765
609.624,-1.842,1.819,0.763
609.735,-1.842,1.815,0.760
609.847,-1.843,1.813,0.758
609.957,-1.842,1.813,0.757
610.069,-1.842,1.811,0.755
610.179,-1.842,1.811,0.756
610.291,-1.843,1.811,0.756
610.402,-1.844,1.809,0.756
610.513,-1.842,1.807,0.754
610.624,-1.841,1.805,0.753
610.735,-1.839,1.804,0.752
610.847,-1.838,1.804,0.752
610.958,-1.837,1.806,0.753
611.068,-1.836,1.807,0.753
611.179,-1.834,1.806,0.754
611.291,-1.829,1.803,0.754
611.402,-1.824,1.802,0.753
611.513,-1.821,1.800,0.752
611.624,-1.818,1.799,0.751
611.735,-1.819,1.798,0.747
611.846,-1.824,1.792,0.739
611.957,-1.828,1.782,0.731
612.069,-1.830,1.777,0.726
612.179,-1.831,1.776,0.726
612.291,-1.832,1.778,0.726
612.402,-1.835,1.781,0.725
612.513,-1.835,1.783,0.723
612.624,-1.834,1.785,0.724
612.735,-1.835,1.787,0.728
612.846,-1.834,1.788,0.731
612.957,-1.833,1.790,0.736
613.068,-1.833,1.796,0.745
613.180,-1.833,1.802,0.753
613.291,-1.834,1.807,0.762
613.402,-1.838,1.817,0.771
613.513,-1.843,1.825,0.777
613.624,-1.845,1.829,0.779
613.736,-1.848,1.830,0.778
613.847,-1.849,1.829,0.775
613.957,-1.849,1.829,0.773
614.066,-1.848,1.830,0.770
614.179,-1.848,1.830,0.767
614.291,-1.847,1.829,0.763
614.402,-1.844,1.826,0.759
614.513,-1.841,1.825,0.755
614.624,-1.840,1.824,0.752
614.734,-1.837,1.824,0.750
614.846,-1.830,1.823,0.748
614.957,-1.825,1.817,0.752
615.068,-1.819,1.811,0.757
615.179,-1.813,1.809,0.761
615.291,-1.809,1.810,0.764
615.402,-1.806,1.812,0.767
615.513,-1.803,1.813,0.769
615.624,-1.801,1.811,0.769
615.735,-1.804,1.811,0.768
615.846,-1.808,1.813,0.767
615.957,-1.811,1.816,0.761
616.068,-1.813,1.818,0.753
616.179,-1.812,1.819,0.745
616.291,-1.812,1.818,0.739
616.402,-1.812,1.819,0.736
616.513,-1.814,1.820,0.735
616.625,-1.817,1.822,0.739
616.736,-1.820,1.825,0.744
616.847,-1.823,1.826,0.748
616.958,-1.825,1.826,0.750
617.069,-1.827,1.824,0.753
617.180,-1.826,1.823,0.755
617.291,-1.827,1.821,0.757
617.402,-1.828,1.822,0.755
617.513,-1.827,1.822,0.749
617.624,-1.824,1.825,0.741
617.735,-1.822,1.826,0.733
617.846,-1.822,1.828,0.729
617.958,-1.823,1.830,0.729
618.069,-1.824,1.830,0.730
618.180,-1.825,1.830,0.732
618.291,-1.823,1.828,0.735
618.402,-1.823,1.824,0.737
618.513,-1.821,1.819,0.742
618.624,-1.819,1.817,0.745
618.736,-1.818,1.816,0.746
618.847,-1.817,1.817,0.746
618.958,-1.816,1.818,0.746
619.069,-1.816,1.822,0.743
619.180,-1.818,1.831,0.737
619.291,-1.824,1.840,0.729
619.402,-1.829,1.846,0.724
619.513,-1.833,1.850,0.720
619.624,-1.835,1.853,0.716
619.736,-1.838,1.855,0.713
619.847,-1.839,1.858,0.710
619.958,-1.840,1.860,0.708
620.070,-1.842,1.861,0.707
620.180,-1.844,1.861,0.705
620.290,-1.845,1.861,0.705
620.401,-1.846,1.860,0.705
620.512,-1.845,1.859,0.705
620.624,-1.845,1.858,0.705
620.735,-1.845,1.857,0.706
620.846,-1.843,1.855,0.708
620.957,-1.841,1.853,0.711
621.068,-1.840,1.852,0.715
621.179,-1.838,1.853,0.719
621.290,-1.839,1.855,0.720
621.401,-1.841,1.857,0.720
621.512,-1.844,1.859,0.719
621.624,-1.848,1.861,0.718
621.735,-1.850,1.862,0.718
621.846,-1.850,1.862,0.718
621.958,-1.848,1.858,0.718
622.068,-1.846,1.854,0.718
622.203,-1.846,1.854,0.719
622.308,-1.847,1.854,0.721
622.419,-1.847,1.853,0.721
622.531,-1.844,1.852,0.721
622.640,-1.842,1.847,0.721
622.749,-1.838,1.843,0.721
622.860,-1.835,1.837,0.721
622.971,-1.832,1.836,0.719
623.082,-1.830,1.838,0.717
623.193,-1.829,1.839,0.716
623.304,-1.830,1.840,0.716
623.415,-1.831,1.841,0.715
623.527,-1.832,1.838,0.716
623.637,-1.833,1.835,0.718
623.749,-1.830,1.833,0.721
623.860,-1.828,1.831,0.725
623.971,-1.826,1.830,0.730
624.082,-1.825,1.830,0.734
624.194,-1.825,1.830,0.737
624.305,-1.827,1.826,0.739
624.415,-1.828,1.821,0.735
624.527,-1.830,1.816,0.731
624.638,-1.829,1.812,0.728
624.749,-1.827,1.809,0.728
624.860,-1.826,1.807,0.727
624.971,-1.825,1.805,0.725
625.082,-1.824,1.804,0.722
625.194,-1.824,1.804,0.719
625.304,-1.824,1.804,0.717
625.416,-1.826,1.802,0.715
625.527,-1.826,1.803,0.715
625.638,-1.825,1.805,0.714
625.749,-1.826,1.804,0.715
625.860,-1.826,1.806,0.714
625.972,-1.828,1.809,0.713
626.082,-1.829,1.810,0.715
626.194,-1.830,1.808,0.716
626.304,-1.832,1.809,0.717
626.415,-1.831,1.810,0.718
626.526,-1.831,1.809,0.719
626.637,-1.829,1.810,0.718
626.749,-1.828,1.810,0.718
626.860,-1.827,1.810,0.718
626.971,-1.827,1.811,0.718
627.082,-1.828,1.811,0.717
627.193,-1.829,1.812,0.718
627.304,-1.828,1.813,0.719
627.416,-1.828,1.816,0.718
627.527,-1.829,1.819,0.716
627.638,-1.832,1.817,0.715
627.749,-1.831,1.815,0.715
627.861,-1.829,1.817,0.715
627.971,-1.828,1.818,0.716
628.082,-1.826,1.817,0.716
628.194,-1.824,1.817,0.719
628.304,-1.825,1.822,0.722
628.415,-1.825,1.826,0.725
628.527,-1.826,1.827,0.725
628.638,-1.826,1.828,0.721
628.749,-1.826,1.826,0.713
628.860,-1.823,1.823,0.705
628.971,-1.822,1.822,0.700
629.082,-1.822,1.823,0.697
629.194,-1.823,1.823,0.696
629.305,-1.823,1.823,0.697
629.416,-1.824,1.822,0.699
629.527,-1.823,1.823,0.701
629.638,-1.825,1.829,0.710
629.749,-1.827,1.834,0.725
629.861,-1.830,1.833,0.737
629.972,-1.832,1.831,0.743
630.083,-1.835,1.825,0.746
630.194,-1.839,1.817,0.745
630.305,-1.838,1.810,0.739
630.416,-1.836,1.804,0.732
630.528,-1.838,1.800,0.728
630.638,-1.839,1.805,0.730
630.749,-1.838,1.809,0.732
630.860,-1.831,1.819,0.733
630.972,-1.828,1.823,0.732
631.083,-1.829,1.824,0.731
631.194,-1.831,1.827,0.733
631.305,-1.832,1.833,0.737
631.416,-1.833,1.833,0.740
631.527,-1.831,1.830,0.742
631.637,-1.829,1.830,0.746
631.749,-1.828,1.828,0.748
631.860,-1.828,1.828,0.750
631.971,-1.825,1.829,0.751
632.082,-1.823,1.828,0.753
632.194,-1.820,1.827,0.755
632.304,-1.817,1.826,0.756
632.416,-1.815,1.825,0.757
632.527,-1.814,1.825,0.757
632.638,-1.815,1.825,0.757
632.749,-1.815,1.826,0.759
632.860,-1.817,1.825,0.759
632.971,-1.819,1.824,0.760
633.082,-1.819,1.825,0.760
633.194,-1.819,1.825,0.761
633.304,-1.821,1.824,0.761
633.416,-1.821,1.825,0.762
633.527,-1.820,1.825,0.762
633.638,-1.819,1.824,0.762
633.749,-1.818,1.824,0.762
633.860,-1.817,1.824,0.762
633.971,-1.816,1.824,0.762
634.082,-1.816,1.824,0.762
634.193,-1.816,1.825,0.762
634.304,-1.816,1.825,0.761
634.416,-1.815,1.826,0.761
634.527,-1.816,1.825,0.761
634.638,-1.817,1.825,0.761
634.749,-1.817,1.824,0.761
634.860,-1.817,1.822,0.760
634.972,-1.818,1.816,0.759
635.082,-1.820,1.805,0.754
635.194,-1.818,1.800,0.753
635.304,-1.819,1.793,0.752
635.416,-1.823,1.784,0.749
635.527,-1.817,1.782,0.742
635.638,-1.811,1.779,0.731
635.750,-1.804,1.782,0.717
635.861,-1.803,1.785,0.712
635.972,-1.802,1.787,0.711
636.082,-1.802,1.790,0.710
636.194,-1.804,1.792,0.712
636.305,-1.807,1.796,0.716
636.416,-1.811,1.799,0.722
636.527,-1.813,1.802,0.729
636.638,-1.816,1.802,0.737
636.749,-1.818,1.802,0.745
636.861,-1.820,1.801,0.755
636.972,-1.820,1.797,0.763
637.082,-1.822,1.796,0.771
637.194,-1.822,1.798,0.776
637.305,-1.819,1.798,0.778
637.416,-1.817,1.798,0.779
637.527,-1.814,1.798,0.780
637.638,-1.811,1.798,0.781
637.749,-1.808,1.798,0.782
637.861,-1.805,1.798,0.781
637.974,-1.803,1.799,0.780
638.083,-1.800,1.799,0.779
638.193,-1.798,1.799,0.777
638.305,-1.796,1.799,0.776
638.416,-1.794,1.799,0.776
638.527,-1.792,1.799,0.775
638.638,-1.791,1.799,0.775
638.749,-1.790,1.799,0.775
638.860,-1.789,1.799,0.776
638.971,-1.787,1.798,0.776
639.082,-1.785,1.798,0.777
639.193,-1.784,1.798,0.778
639.318,-1.783,1.799,0.780
639.445,-1.785,1.798,0.781
639.555,-1.787,1.795,0.782
639.655,-1.790,1.790,0.784
639.762,-1.792,1.787,0.787
639.873,-1.789,1.784,0.793
639.984,-1.789,1.781,0.798
640.095,-1.791,1.779,0.803
640.207,-1.793,1.776,0.810
640.318,-1.797,1.775,0.817
640.429,-1.811,1.773,0.827
640.540,-1.834,1.773,0.843
640.651,-1.870,1.771,0.867
640.760,-1.912,1.772,0.885
640.873,-1.955,1.766,0.896
640.984,-1.996,1.757,0.902
641.096,-2.031,1.742,0.908
641.207,-2.054,1.733,0.915
641.317,-2.077,1.739,0.923
641.429,-2.104,1.753,0.934
641.540,-2.125,1.765,0.942
641.652,-2.139,1.773,0.951
641.763,-2.153,1.776,0.965
641.874,-2.165,1.779,0.986
641.985,-2.172,1.781,1.007
642.095,-2.179,1.779,1.026
642.207,-2.184,1.779,1.040
642.317,-2.188,1.780,1.050
642.429,-2.188,1.780,1.054
642.540,-2.188,1.780,1.055
642.651,-2.188,1.780,1.054
642.762,-2.186,1.780,1.052
642.874,0.001,1.780,0.003
642.985,0.001,1.779,0.009
643.096,0.000,1.777,0.015
643.207,-0.007,1.774,0.022
643.317,-0.016,1.770,0.026
643.429,-0.028,1.764,0.025
643.540,-0.042,1.758,0.027
643.651,-0.046,1.752,0.039
643.762,-0.037,1.747,0.063
643.873,-0.015,1.741,0.100
643.984,0.011,1.737,0.142
644.095,0.031,1.736,0.182
644.206,0.039,1.738,0.214
644.318,0.032,1.741,0.240
644.429,0.019,1.738,0.262
644.539,0.000,1.732,0.279
644.651,-0.018,1.734,0.295
644.762,-0.026,1.739,0.312
644.873,-0.029,1.746,0.331
644.984,-0.026,1.749,0.357
645.095,-0.015,1.748,0.395
645.206,-0.006,1.746,0.440
645.317,0.003,1.746,0.482
645.429,0.020,1.746,0.515
645.539,0.038,1.744,0.541
645.651,0.051,1.738,0.549
645.763,0.060,1.730,0.543
645.873,0.069,1.721,0.536
645.985,0.081,1.719,0.524
646.096,0.098,1.716,0.508
646.207,0.117,1.711,0.485
646.318,0.131,1.700,0.460
646.429,0.139,1.684,0.440
646.540,0.143,1.675,0.430
646.652,0.143,1.671,0.426
646.763,0.142,1.658,0.424
646.874,0.142,1.654,0.425
646.985,0.140,1.664,0.434
647.096,0.135,1.683,0.443
647.207,0.132,1.698,0.460
647.318,0.131,1.707,0.481
647.430,0.131,1.715,0.498
647.541,0.135,1.721,0.507
647.652,0.142,1.725,0.513
647.763,0.150,1.728,0.515
647.874,0.159,1.728,0.517
647.985,0.168,1.726,0.517
648.096,0.175,1.724,0.516
648.207,0.179,1.724,0.514
648.318,0.181,1.725,0.511
648.430,0.182,1.726,0.510
648.541,0.181,1.726,0.508
648.651,0.180,1.725,0.508
648.762,0.179,1.726,0.506
648.874,0.178,1.726,0.504
648.984,0.180,1.725,0.505
649.096,0.181,1.726,0.506
649.207,0.181,1.726,0.506
649.318,0.182,1.727,0.508
649.429,0.182,1.728,0.510
649.540,0.184,1.728,0.512
649.651,0.187,1.728,0.512
649.763,0.188,1.728,0.511
649.874,0.189,1.728,0.510
649.985,0.190,1.728,0.510
650.096,0.193,1.728,0.509
650.207,0.199,1.725,0.506
650.318,0.207,1.722,0.500
650.429,0.214,1.719,0.491
650.541,0.220,1.716,0.484
650.652,0.223,1.715,0.477
650.763,0.224,1.714,0.470
650.874,0.223,1.715,0.465
650.985,0.213,1.718,0.460
651.096,0.199,1.721,0.457
651.207,0.179,1.726,0.454
651.318,0.146,1.727,0.454
651.429,0.099,1.721,0.454
651.540,0.048,1.709,0.452
651.652,0.001,1.694,0.443
651.763,-0.036,1.673,0.430
651.874,-0.061,1.654,0.417
651.985,-0.074,1.641,0.408
652.096,-0.074,1.643,0.405
652.207,-0.070,1.651,0.406
652.318,-0.072,1.648,0.410
652.430,-0.078,1.643,0.414
652.540,-0.082,1.637,0.419
652.652,-0.081,1.638,0.423
652.763,-0.075,1.646,0.425
652.874,-0.067,1.656,0.427
652.985,-0.057,1.666,0.428
653.096,-0.043,1.679,0.433
653.207,-0.027,1.690,0.439
653.318,-0.013,1.698,0.444
653.429,-0.001,1.703,0.445
653.540,0.008,1.707,0.444
653.652,0.013,1.708,0.446
653.762,0.014,1.708,0.448
653.874,0.014,1.710,0.450
653.985,0.011,1.710,0.451
654.096,0.003,1.710,0.455
654.207,-0.004,1.713,0.461
654.318,-0.006,1.718,0.462
654.430,-0.011,1.725,0.464
654.540,-0.022,1.734,0.466
654.652,-0.036,1.745,0.472
654.762,-0.051,1.757,0.483
654.874,-0.067,1.765,0.494
654.985,-0.083,1.768,0.505
655.096,-0.101,1.770,0.513
655.207,-0.122,1.769,0.520
655.318,-0.143,1.767,0.527
655.429,-0.161,1.761,0.529
655.540,-0.177,1.753,0.527
655.651,-0.193,1.747,0.522
655.763,-0.212,1.740,0.508
655.873,-0.233,1.731,0.490
655.985,-0.254,1.726,0.464
656.096,-0.279,1.720,0.432
656.207,-0.308,1.704,0.406
656.318,-0.337,1.689,0.387
656.429,-0.366,1.678,0.373
656.540,-0.393,1.665,0.368
656.651,-0.416,1.655,0.365
656.763,-0.427,1.645,0.364
656.873,-0.431,1.651,0.362
656.985,-0.433,1.661,0.362
657.096,-0.437,1.667,0.365
657.207,-0.446,1.672,0.371
657.318,-0.462,1.675,0.383
657.430,-0.489,1.676,0.399
657.540,-0.525,1.671,0.410
657.651,-0.562,1.661,0.416
657.763,-0.594,1.645,0.417
657.874,-0.618,1.628,0.414
657.985,-0.635,1.614,0.410
658.096,-0.645,1.607,0.411
658.207,-0.647,1.616,0.413
658.318,-0.642,1.624,0.417
658.430,-0.640,1.631,0.421
658.540,-0.643,1.633,0.420
658.652,-0.650,1.633,0.414
658.763,-0.660,1.638,0.401
658.874,-0.668,1.642,0.380
658.985,-0.674,1.646,0.360
659.096,-0.678,1.644,0.345
659.207,-0.688,1.641,0.333
659.318,-0.703,1.640,0.330
659.429,-0.725,1.643,0.336
659.541,-0.755,1.647,0.349
659.652,-0.792,1.639,0.365
659.763,-0.832,1.624,0.375
659.874,-0.867,1.608,0.377
659.985,-0.893,1.590,0.376
660.096,-0.913,1.578,0.376
660.207,-0.925,1.573,0.379
660.318,-0.935,1.577,0.385
660.429,-0.941,1.583,0.394
660.540,-0.941,1.590,0.400
660.652,-0.936,1.595,0.400
660.763,-0.934,1.598,0.392
660.874,-0.933,1.603,0.381
660.985,-0.927,1.623,0.367
661.096,-0.917,1.653,0.358
661.207,-0.906,1.673,0.354
661.319,-0.907,1.680,0.349
661.430,-0.925,1.672,0.344
661.541,-0.954,1.657,0.341
661.651,-0.992,1.642,0.341
661.762,-1.036,1.627,0.344
661.874,-1.073,1.612,0.346
661.985,-1.102,1.596,0.342
662.096,-1.127,1.575,0.332
662.207,-1.149,1.554,0.324
662.318,-1.165,1.541,0.317
662.429,-1.175,1.535,0.311
662.541,-1.178,1.536,0.304
662.652,-1.181,1.540,0.301
662.762,-1.185,1.546,0.301
662.874,-1.188,1.554,0.303
662.985,-1.187,1.560,0.309
663.096,-1.187,1.567,0.316
663.207,-1.187,1.575,0.324
663.318,-1.184,1.579,0.329
663.430,-1.180,1.581,0.330
663.541,-1.174,1.583,0.330
663.652,-1.167,1.591,0.334
663.763,-1.160,1.603,0.342
663.875,-1.150,1.619,0.348
663.985,-1.132,1.638,0.352
664.096,-1.111,1.659,0.358
664.208,-1.086,1.677,0.368
664.318,-1.056,1.692,0.379
664.430,-1.029,1.701,0.396
664.541,-1.004,1.706,0.413
664.652,-0.981,1.707,0.429
664.763,-0.958,1.705,0.437
664.874,-0.937,1.707,0.442
664.985,-0.918,1.707,0.446
665.096,-0.898,1.708,0.450
665.207,-0.877,1.715,0.455
665.318,-0.859,1.723,0.465
665.429,-0.844,1.731,0.476
665.541,-0.832,1.732,0.485
665.651,-0.817,1.729,0.492
665.763,-0.808,1.728,0.498
665.874,-0.808,1.730,0.506
665.985,-0.814,1.735,0.509
666.096,-0.820,1.740,0.511
666.207,-0.829,1.743,0.508
666.318,-0.842,1.743,0.503
666.430,-0.857,1.742,0.506
666.540,-0.872,1.743,0.506
666.652,-0.886,1.744,0.506
666.763,-0.897,1.744,0.511
666.874,-0.905,1.745,0.516
666.985,-0.910,1.747,0.520
667.096,-0.912,1.749,0.521
667.207,-0.913,1.751,0.520
667.318,-0.911,1.754,0.520
667.429,-0.907,1.756,0.523
667.540,-0.903,1.760,0.523
667.650,-0.900,1.766,0.524
667.761,-0.895,1.778,0.523
667.872,-0.892,1.794,0.522
667.985,-0.888,1.808,0.523
668.096,-0.885,1.815,0.526
668.208,-0.884,1.816,0.529
668.318,-0.886,1.814,0.529
668.430,-0.891,1.806,0.529
668.540,-0.899,1.798,0.531
668.652,-0.907,1.792,0.531
668.761,-0.917,1.785,0.528
668.873,-0.924,1.779,0.527
668.984,-0.927,1.776,0.528
669.095,-0.932,1.774,0.533
669.206,-0.939,1.773,0.537
669.317,-0.945,1.771,0.542
669.428,-0.952,1.767,0.542
669.539,-0.959,1.763,0.542
669.651,-0.966,1.759,0.542
669.762,-0.977,1.754,0.535
669.873,-0.991,1.744,0.522
669.985,-1.010,1.725,0.499
670.096,-1.031,1.698,0.470
670.207,-1.051,1.664,0.441
670.318,-1.067,1.629,0.418
670.429,-1.077,1.601,0.402
670.541,-1.085,1.577,0.389
670.652,-1.095,1.555,0.376
670.763,-1.103,1.535,0.367
670.874,-1.109,1.524,0.364
670.985,-1.112,1.526,0.364
671.095,-1.114,1.537,0.366
671.207,-1.112,1.551,0.370
671.318,-1.105,1.575,0.379
671.429,-1.092,1.607,0.395
671.541,-1.077,1.637,0.417
671.652,-1.061,1.660,0.442
671.763,-1.047,1.670,0.467
671.874,-1.035,1.683,0.485
671.985,-1.018,1.700,0.502
672.096,-0.996,1.718,0.517
672.207,-0.973,1.730,0.532
672.318,-0.947,1.743,0.546
672.430,-0.924,1.751,0.560
672.541,-0.902,1.759,0.566
672.652,-0.880,1.770,0.574
672.763,-0.852,1.782,0.582
672.874,-0.824,1.788,0.591
672.985,-0.800,1.793,0.599
673.096,-0.775,1.795,0.605
673.208,-0.750,1.792,0.607
673.318,-0.731,1.791,0.601
673.430,-0.719,1.791,0.587
673.541,-0.717,1.788,0.567
673.652,-0.721,1.792,0.545
673.764,-0.726,1.796,0.521
673.874,-0.731,1.794,0.498
673.985,-0.735,1.792,0.482
674.096,-0.737,1.791,0.473
674.207,-0.742,1.792,0.476
674.318,-0.747,1.796,0.484
674.430,-0.751,1.800,0.492
674.541,-0.753,1.801,0.503
674.652,-0.751,1.802,0.516
674.763,-0.749,1.802,0.528
674.874,-0.746,1.803,0.541
674.985,-0.745,1.803,0.551
675.096,-0.744,1.802,0.556
675.207,-0.745,1.799,0.558
675.318,-0.745,1.795,0.553
675.429,-0.741,1.792,0.539
675.541,-0.738,1.789,0.529
675.652,-0.735,1.787,0.522
675.763,-0.732,1.788,0.517
675.874,-0.731,1.788,0.512
675.985,-0.729,1.789,0.507
676.096,-0.729,1.789,0.504
676.207,-0.729,1.786,0.502
676.319,-0.728,1.784,0.499
676.430,-0.728,1.781,0.497
676.541,-0.723,1.773,0.496
676.652,-0.720,1.769,0.499
676.763,-0.717,1.767,0.511
676.874,-0.710,1.772,0.537
676.985,-0.702,1.780,0.566
677.096,-0.696,1.783,0.588
677.207,-0.692,1.780,0.607
677.319,-0.684,1.779,0.619
677.430,-0.669,1.781,0.625
677.541,-0.651,1.787,0.623
677.652,-0.641,1.788,0.611
677.763,-0.630,1.785,0.595
677.874,-0.616,1.777,0.580
677.985,-0.594,1.774,0.570
678.096,-0.572,1.769,0.559
678.207,-0.551,1.764,0.549
678.318,-0.529,1.759,0.541
678.430,-0.513,1.751,0.537
678.540,-0.501,1.743,0.542
678.652,-0.494,1.742,0.554
678.763,-0.489,1.744,0.576
678.874,-0.488,1.744,0.601
678.985,-0.493,1.751,0.632
679.096,-0.497,1.755,0.661
679.207,-0.499,1.752,0.679
679.318,-0.502,1.754,0.688
679.430,-0.505,1.757,0.692
679.540,-0.501,1.760,0.694
679.652,-0.492,1.764,0.695
679.763,-0.483,1.768,0.696
679.874,-0.474,1.771,0.696
679.985,-0.464,1.771,0.696
680.096,-0.454,1.771,0.695
680.207,-0.445,1.771,0.695
680.320,-0.438,1.770,0.694
680.429,-0.432,1.770,0.693
680.540,-0.426,1.769,0.691
680.652,-0.421,1.768,0.691
680.763,-0.418,1.769,0.690
680.874,-0.417,1.769,0.690
680.985,-0.416,1.769,0.690
681.096,-0.416,1.768,0.691
681.207,-0.424,1.765,0.695
681.318,-0.439,1.761,0.697
681.430,-0.447,1.759,0.699
681.541,-0.450,1.758,0.699
681.652,-0.454,1.756,0.699
681.762,-0.456,1.757,0.698
681.874,-0.457,1.757,0.698
681.985,-0.460,1.757,0.696
682.096,-0.460,1.757,0.695
682.206,-0.460,1.757,0.694
682.308,-0.460,1.757,0.691
682.418,-0.459,1.759,0.689
682.529,-0.457,1.760,0.688
682.641,-0.456,1.760,0.687
682.748,-0.455,1.760,0.687
682.859,-0.450,1.763,0.688
682.970,-0.439,1.773,0.689
683.081,-0.425,1.785,0.687
683.192,-0.406,1.798,0.679
683.303,-0.386,1.807,0.668
683.414,-0.363,1.811,0.659
683.526,-0.337,1.811,0.652
683.637,-0.310,1.811,0.647
683.748,-0.286,1.808,0.644
683.859,-0.268,1.800,0.639
683.971,-0.258,1.796,0.631
684.082,-0.252,1.796,0.630
684.193,-0.251,1.795,0.628
684.304,-0.251,1.794,0.625
684.415,-0.256,1.794,0.621
684.526,-0.264,1.793,0.615
684.637,-0.272,1.789,0.614
684.749,-0.281,1.784,0.615
684.859,-0.292,1.784,0.612
684.971,-0.307,1.789,0.607
685.082,-0.328,1.795,0.602
685.193,-0.347,1.804,0.599
685.304,-0.366,1.807,0.595
685.415,-0.385,1.808,0.589
685.526,-0.403,1.808,0.585
685.636,-0.423,1.810,0.579
685.748,-0.440,1.810,0.574
685.859,-0.453,1.807,0.571
685.971,-0.462,1.803,0.571
686.082,-0.466,1.800,0.570
686.193,-0.467,1.808,0.572
686.303,-0.462,1.819,0.575
686.414,-0.455,1.831,0.573
686.525,-0.446,1.835,0.570
686.637,-0.434,1.835,0.567
686.748,-0.424,1.835,0.569
686.858,-0.416,1.835,0.572
686.970,-0.411,1.835,0.575
687.081,-0.406,1.844,0.573
687.193,-0.400,1.866,0.558
687.304,-0.397,1.877,0.543
687.414,-0.396,1.876,0.539
687.526,-0.397,1.871,0.541
687.637,-0.397,1.866,0.545
687.748,-0.399,1.862,0.548
687.859,-0.402,1.859,0.551
687.970,-0.402,1.857,0.556
688.082,-0.403,1.855,0.561
688.193,-0.405,1.852,0.566
688.304,-0.412,1.846,0.569
688.415,-0.422,1.838,0.570
688.526,-0.435,1.829,0.565
688.637,-0.443,1.821,0.560
688.748,-0.444,1.817,0.555
688.859,-0.446,1.816,0.551
688.970,-0.452,1.812,0.547
689.081,-0.453,1.806,0.544
689.192,-0.457,1.801,0.546
689.304,-0.462,1.797,0.547
689.414,-0.463,1.792,0.547
689.525,-0.463,1.794,0.549
689.636,-0.457,1.793,0.551
689.748,-0.455,1.794,0.552
689.859,-0.457,1.794,0.556
689.970,-0.453,1.799,0.562
690.081,-0.444,1.809,0.564
690.192,-0.435,1.810,0.561
690.303,-0.429,1.811,0.559
690.414,-0.426,1.816,0.559
690.526,-0.424,1.820,0.557
690.637,-0.423,1.820,0.554
690.748,-0.425,1.816,0.559
690.859,-0.426,1.816,0.564
690.970,-0.430,1.820,0.577
691.081,-0.434,1.813,0.589
691.193,-0.434,1.803,0.593
691.304,-0.434,1.797,0.595
691.415,-0.434,1.791,0.597
691.526,-0.437,1.787,0.602
691.637,-0.435,1.787,0.605
691.749,-0.434,1.789,0.605
691.859,-0.435,1.789,0.613
691.971,-0.434,1.796,0.633
692.082,-0.434,1.813,0.658
692.193,-0.436,1.831,0.697
692.304,-0.444,1.817,0.744
692.415,-0.446,1.753,0.779
692.526,-0.427,1.646,0.795
692.637,-0.405,1.538,0.783
692.748,-0.366,1.451,0.764
692.860,-0.326,1.385,0.751
692.971,-0.312,1.349,0.748
693.082,-0.326,1.340,0.749
693.194,-0.357,1.338,0.754
693.305,-0.382,1.332,0.755
693.416,-0.395,1.321,0.750
693.527,-0.405,1.313,0.747
693.638,-0.417,1.310,0.748
693.749,-0.434,1.309,0.751
693.861,-0.451,1.310,0.753
693.971,-0.461,1.316,0.756
694.083,-0.461,1.320,0.759
694.194,-0.453,1.315,0.759
694.305,-0.439,1.305,0.761
694.416,-0.418,1.291,0.765
694.527,-0.396,1.280,0.768
694.638,-0.385,1.277,0.769
694.749,-0.385,1.277,0.766
694.861,-0.390,1.277,0.762
694.971,-0.392,1.277,0.758
695.083,-0.391,1.273,0.756
695.194,-0.388,1.269,0.756
695.305,-0.392,1.262,0.755
695.416,-0.404,1.261,0.753
695.528,-0.414,1.271,0.746
695.638,-0.424,1.285,0.728
695.749,-0.439,1.300,0.705
695.861,-0.456,1.300,0.688
695.972,-0.477,1.295,0.682
696.082,-0.490,1.300,0.672
696.193,-0.492,1.302,0.658
696.304,-0.477,1.306,0.642
696.415,-0.455,1.299,0.625
696.526,-0.430,1.291,0.609
696.637,-0.407,1.284,0.586
696.749,-0.388,1.296,0.553
696.860,-0.373,1.302,0.514
696.971,-0.356,1.307,0.463
697.082,-0.346,1.306,0.408
697.193,-0.330,1.303,0.339
697.304,-0.306,1.303,0.253
697.415,-0.282,1.301,0.168
697.527,-0.264,1.305,0.102
697.637,-0.258,1.304,0.049
697.748,-0.266,1.294,0.001
697.859,-0.287,1.279,-0.051
697.971,-0.317,1.263,-0.119
698.083,-0.347,1.256,-0.192
698.195,-0.371,1.268,-0.257
698.306,-0.389,1.282,-0.314
698.417,-0.397,1.291,-0.382
698.528,-0.399,1.282,-0.470
698.639,-0.397,1.260,-0.574
698.752,-0.394,1.245,-0.674
698.863,-0.408,1.257,-0.761
698.975,-0.441,1.266,-0.854
699.087,-0.479,1.269,-0.951
699.198,-0.513,1.260,-1.038
699.309,-0.570,1.250,-1.123
699.420,-0.629,1.248,-1.210
699.531,-0.679,1.263,-1.285
699.642,-0.718,1.282,-1.348
699.753,-0.756,1.279,-1.408
699.864,-0.798,1.270,-1.473
699.975,-0.845,1.283,-1.547
700.086,-0.889,1.317,-1.599
700.198,-0.929,1.332,-1.636
700.309,-0.984,1.325,-1.667
700.420,-1.053,1.319,-1.688
700.531,-1.127,1.324,-1.706
700.642,-1.189,1.346,-1.720
700.753,-1.240,1.364,-1.730
700.864,-1.300,1.357,-1.736
700.975,-1.365,1.330,-1.737
701.086,-1.425,1.326,-1.725
701.197,-1.468,1.331,-1.703
701.308,-1.498,1.338,-1.669
701.418,-1.523,1.331,-1.637
701.529,-1.556,1.313,-1.613
701.640,-1.601,1.302,-1.590
701.751,-1.656,1.297,-1.560
701.862,-1.701,1.303,-1.531
701.973,-1.742,1.294,-1.508
702.084,-1.764,1.288,-1.500
702.195,-1.788,1.268,-1.494
702.307,-1.814,1.267,-1.484
702.418,-1.849,1.276,-1.469
702.529,-1.879,1.291,-1.461
702.639,-1.898,1.300,-1.461
702.750,-1.907,1.295,-1.464
702.861,-1.919,1.260,-1.464
702.972,-1.945,1.204,-1.471
703.083,-1.959,1.225,-1.471
703.194,-1.969,1.249,-1.461
703.305,-1.966,1.224,-1.458
703.416,-1.957,1.234,-1.444
703.528,-1.949,1.227,-1.434
703.638,-1.950,1.212,-1.430
703.750,-1.954,1.204,-1.429
703.861,-1.961,1.202,-1.431
703.972,-1.965,1.196,-1.434
704.083,-1.966,1.194,-1.433
704.194,-1.969,1.194,-1.432
704.305,-1.972,1.190,-1.434
704.417,-1.974,1.186,-1.435
704.528,-1.977,1.182,-1.438
704.639,-1.980,1.180,-1.440
704.750,-1.984,1.176,-1.444
704.861,-1.989,1.176,-1.448
704.972,-1.992,1.175,-1.450
705.083,-1.992,1.173,-1.449
705.195,-1.993,1.173,-1.450
705.306,-1.994,1.171,-1.451
705.417,-1.995,1.168,-1.452
705.528,-1.996,1.166,-1.453
705.639,-1.995,1.168,-1.452
705.751,-1.994,1.170,-1.450
705.862,-1.994,1.168,-1.451
705.973,-1.996,1.169,-1.452
706.083,-1.997,1.168,-1.454
706.195,-1.996,1.167,-1.454
706.306,-1.993,1.167,-1.453
706.417,-1.989,1.166,-1.451
706.528,-1.986,1.166,-1.450
706.639,-1.983,1.165,-1.448
706.750,-1.979,1.164,-1.445
706.861,-1.977,1.163,-1.443
706.973,-1.976,1.162,-1.443
707.083,-1.976,1.163,-1.443
707.195,-1.978,1.162,-1.446
707.305,-1.981,1.162,-1.448
707.417,-1.983,1.162,-1.450
707.528,-1.985,1.160,-1.452
707.639,-1.985,1.159,-1.452
707.750,-1.985,1.158,-1.451
707.861,-1.984,1.158,-1.450
707.972,-1.982,1.158,-1.447
708.083,-1.981,1.157,-1.446
708.195,-1.979,1.157,-1.445
708.306,-1.978,1.156,-1.444
708.417,-1.977,1.156,-1.444
708.528,-1.977,1.156,-1.444
708.639,-1.977,1.155,-1.444
708.750,-1.977,1.156,-1.444
708.861,-1.979,1.157,-1.445
708.972,-1.979,1.157,-1.445
709.083,-1.978,1.157,-1.445
709.195,-1.975,1.154,-1.448
709.306,-1.971,1.148,-1.453
709.416,-1.965,1.141,-1.457
709.528,-1.961,1.137,-1.460
709.639,-1.959,1.134,-1.461
709.750,-1.956,1.130,-1.460
709.861,-1.952,1.127,-1.457
709.972,-1.950,1.125,-1.455
710.083,-1.954,1.123,-1.457
710.195,-1.957,1.120,-1.459
710.306,-1.957,1.118,-1.459
710.417,-1.956,1.116,-1.458
710.528,-1.957,1.115,-1.458
710.639,-1.958,1.113,-1.460
710.750,-1.960,1.112,-1.461
710.862,-1.961,1.112,-1.460
710.973,-1.960,1.112,-1.459
711.083,-1.959,1.112,-1.458
711.195,-1.959,1.113,-1.458
711.305,-1.959,1.114,-1.457
711.416,-1.960,1.114,-1.454
711.529,-1.968,1.118,-1.451
711.639,-1.974,1.124,-1.447
711.750,-1.979,1.133,-1.444
711.862,-1.981,1.138,-1.446
711.973,-1.980,1.138,-1.451
712.084,-1.973,1.134,-1.454
712.195,-1.960,1.128,-1.449
712.306,-1.943,1.124,-1.435
712.417,-1.928,1.126,-1.421
712.528,-1.916,1.128,-1.414
712.639,-1.907,1.126,-1.412
712.750,-1.902,1.136,-1.409
712.861,-1.896,1.143,-1.409
712.972,-1.893,1.150,-1.406
713.083,-1.892,1.167,-1.399
713.195,-1.894,1.180,-1.398
713.306,-1.908,1.162,-1.410
713.417,-1.928,1.144,-1.433
713.529,-1.955,1.141,-1.454
713.640,-1.973,1.144,-1.477
713.751,-1.980,1.136,-1.500
713.862,-1.989,1.137,-1.520
713.974,-1.991,1.141,-1.539
714.084,-1.982,1.126,-1.557
714.196,-1.974,1.115,-1.570
714.306,-1.987,1.132,-1.572
714.417,-2.015,1.170,-1.571
714.529,-2.050,1.190,-1.566
714.639,-2.069,1.194,-1.563
714.751,-2.072,1.195,-1.554
714.861,-2.069,1.180,-1.529
714.972,-2.054,1.164,-1.508
715.083,-2.037,1.152,-1.499
715.195,-2.024,1.142,-1.502
715.306,-2.011,1.129,-1.509
715.416,-1.999,1.122,-1.517
715.528,-1.992,1.110,-1.522
715.639,-1.992,1.098,-1.523
715.750,-1.996,1.094,-1.524
715.861,-1.996,1.091,-1.528
715.972,-1.992,1.084,-1.531
716.083,-1.988,1.081,-1.531
716.195,-1.987,1.085,-1.527
716.306,-1.985,1.086,-1.523
716.417,-1.983,1.078,-1.518
716.528,-1.989,1.072,-1.515
716.639,-2.013,1.066,-1.514
716.751,-2.058,1.060,-1.518
716.861,-2.114,1.061,-1.530
716.973,-2.167,1.064,-1.550
717.085,-2.210,1.063,-1.570
717.198,-2.242,1.053,-1.581
717.309,-2.273,1.032,-1.591
717.420,-2.304,1.005,-1.610
717.531,-2.316,0.981,-1.634
717.641,-2.314,0.959,-1.649
717.752,-2.311,0.941,-1.652
717.863,-2.312,0.945,-1.651
717.974,-2.310,0.986,-1.654
718.086,-2.304,1.050,-1.653
718.198,-2.277,1.114,-1.646
718.309,-2.227,1.158,-1.637
718.420,-2.175,1.179,-1.627
718.531,-2.161,1.196,-1.621
718.642,-2.158,1.219,-1.624
718.753,-2.157,1.246,-1.632
718.864,-2.150,1.268,-1.639
718.975,-2.138,1.282,-1.633
719.086,-2.121,1.295,-1.624
719.197,-2.104,1.310,-1.623
719.309,-2.089,1.321,-1.616
719.420,-2.082,1.310,-1.604
719.531,-2.081,1.299,-1.600
719.642,-2.076,1.295,-1.601
719.753,-2.070,1.296,-1.594
719.864,-2.056,1.291,-1.593
719.975,-2.038,1.281,-1.594
720.086,-2.024,1.271,-1.596
720.197,-2.021,1.268,-1.593
720.309,-2.016,1.267,-1.592
720.420,-2.012,1.266,-1.591
720.531,-2.010,1.266,-1.592
720.642,-2.009