Timestamp,X,Y,Z
4.178,-0.972,1.485,0.501
4.279,-0.972,1.487,0.500
4.389,-0.972,1.487,0.500
4.500,-0.974,1.485,0.498
4.612,-0.978,1.478,0.496
4.719,-0.983,1.472,0.496
4.830,-0.990,1.464,0.497
4.941,-0.999,1.455,0.497
5.052,-1.013,1.442,0.495
5.163,-1.032,1.427,0.489
5.274,-1.049,1.414,0.484
5.386,-1.064,1.402,0.485
5.497,-1.082,1.391,0.490
5.608,-1.100,1.382,0.497
5.719,-1.121,1.376,0.507
5.830,-1.151,1.374,0.518
5.942,-1.191,1.367,0.529
6.053,-1.240,1.362,0.547
6.164,-1.278,1.371,0.551
6.274,-1.302,1.374,0.553
6.386,-1.310,1.378,0.556
6.497,-1.311,1.384,0.563
6.608,-1.304,1.392,0.567
6.719,-1.282,1.402,0.568
6.830,-1.246,1.417,0.566
6.941,-1.210,1.429,0.561
7.052,-1.182,1.443,0.548
7.163,-1.165,1.466,0.519
7.274,-1.158,1.482,0.488
7.385,-1.153,1.485,0.452
7.497,-1.153,1.482,0.425
7.608,-1.154,1.479,0.405
7.719,-1.150,1.478,0.391
7.829,-1.147,1.481,0.381
7.940,-1.143,1.487,0.372
8.052,-1.140,1.490,0.366
8.163,-1.139,1.490,0.366
8.274,-1.139,1.490,0.369
8.385,-1.141,1.491,0.376
8.497,-1.142,1.491,0.382
8.608,-1.142,1.490,0.387
8.719,-1.142,1.490,0.391
8.830,0.002,1.489,0.002
8.941,0.004,1.489,0.003
9.052,0.006,1.488,0.004
9.164,0.008,1.487,0.006
9.274,0.009,1.485,0.009
9.385,0.009,1.482,0.012
9.497,0.007,1.478,0.016
9.608,0.006,1.473,0.020
9.719,0.004,1.469,0.026
9.830,0.003,1.466,0.031
9.941,0.001,1.465,0.034
10.052,0.001,1.465,0.036
10.163,0.002,1.467,0.033
10.276,0.004,1.467,0.031
10.386,0.008,1.467,0.029
10.497,0.012,1.468,0.027
10.608,0.017,1.469,0.025
10.720,0.022,1.468,0.024
10.831,0.026,1.468,0.024
10.941,0.029,1.468,0.023
11.053,0.032,1.468,0.022
11.164,0.034,1.468,0.020
11.275,0.036,1.466,0.017
11.386,0.040,1.464,0.016
11.497,0.041,1.467,0.015
11.609,0.043,1.466,0.014
11.719,0.045,1.467,0.013
11.830,0.050,1.472,0.014
11.942,0.050,1.476,0.015
12.053,0.044,1.474,0.016
12.164,0.043,1.472,0.016
12.275,0.045,1.472,0.019
12.386,0.045,1.471,0.021
12.497,0.046,1.469,0.021
12.608,0.052,1.472,0.027
12.719,0.062,1.477,0.033
12.830,0.084,1.486,0.050
12.942,0.101,1.506,0.082
13.051,0.111,1.510,0.119
13.162,0.115,1.496,0.152
13.273,0.107,1.488,0.177
13.385,0.097,1.478,0.193
13.496,0.093,1.468,0.197
13.607,0.093,1.466,0.193
13.718,0.100,1.468,0.189
13.830,0.106,1.473,0.186
13.941,0.107,1.483,0.182
14.052,0.103,1.494,0.175
14.163,0.092,1.510,0.155
14.274,0.072,1.518,0.123
14.385,0.054,1.511,0.095
14.497,0.043,1.502,0.078
14.607,0.000,1.503,-0.005
14.718,0.001,1.507,-0.008
14.829,0.004,1.510,-0.014
14.940,0.008,1.508,-0.023
15.051,0.007,1.503,-0.027
15.162,0.006,1.502,-0.029
15.274,0.006,1.503,-0.030
15.384,-0.001,1.220,-0.002
15.496,-0.001,1.218,-0.004
15.606,-0.002,1.219,-0.005
15.718,-0.002,1.218,-0.006
15.829,-0.001,1.217,-0.007
15.940,-0.002,1.216,-0.008
16.051,-0.003,1.214,-0.009
16.162,-0.004,1.212,-0.010
16.273,-0.006,1.211,-0.010
16.385,-0.006,1.213,-0.012
16.496,-0.007,1.214,-0.013
16.607,-0.008,1.214,-0.012
16.718,-0.009,1.214,-0.011
16.830,0.000,1.456,0.001
16.939,0.000,1.456,0.001
17.051,0.000,1.457,0.002
17.163,0.001,1.457,0.002
17.273,0.000,1.456,0.003
17.384,0.000,1.455,0.004
17.496,-0.001,1.455,0.004
17.606,-0.002,1.455,0.004
17.718,-0.003,1.455,0.003
17.829,-0.004,1.454,0.002
17.940,-0.005,1.454,0.002
18.051,-0.007,1.454,0.002
18.163,-0.009,1.454,0.001
18.274,-0.010,1.453,0.000
18.385,-0.011,1.453,-0.001
18.497,-0.012,1.453,-0.003
18.607,-0.013,1.453,-0.005
18.718,-0.014,1.453,-0.007
18.830,-0.015,1.453,-0.008
18.940,-0.015,1.453,-0.009
19.052,-0.016,1.453,-0.011
19.163,-0.015,1.454,-0.012
19.275,-0.016,1.452,-0.011
19.385,-0.013,1.455,-0.006
19.497,-0.007,1.472,0.017
19.607,-0.011,1.483,0.056
19.717,-0.011,1.446,0.088
19.829,-0.015,1.377,0.103
19.940,-0.024,1.302,0.096
20.051,-0.034,1.243,0.059
20.163,-0.041,1.214,0.034
20.273,-0.027,1.213,0.013
20.385,-0.017,1.214,0.008
20.497,-0.014,1.204,0.001
20.608,-0.006,1.184,-0.009
20.719,0.007,1.160,-0.015
20.830,0.026,1.143,-0.003
20.942,0.009,1.134,0.011
21.051,0.028,1.137,0.027
21.162,0.042,1.142,0.032
21.273,0.051,1.140,0.033
21.384,0.005,1.228,0.000
21.496,0.009,1.259,0.008
21.608,0.014,1.302,0.026
21.719,0.022,1.345,0.045
21.830,0.028,1.374,0.060
21.941,0.027,1.385,0.071
22.052,0.012,1.384,0.079
22.164,-0.003,1.381,0.085
22.275,-0.007,1.385,0.087
22.386,-0.015,1.382,0.085
22.497,-0.035,1.372,0.082
22.608,-0.048,1.361,0.078
22.719,-0.051,1.354,0.073
22.831,-0.051,1.354,0.066
22.942,-0.045,1.359,0.060
23.053,-0.043,1.361,0.060
23.164,-0.045,1.360,0.068
23.276,-0.049,1.367,0.078
23.387,-0.045,1.377,0.085
23.497,-0.043,1.378,0.093
23.607,-0.045,1.371,0.100
23.719,-0.054,1.367,0.105
23.829,-0.067,1.361,0.104
23.942,-0.082,1.336,0.097
24.053,-0.093,1.293,0.087
24.164,-0.091,1.248,0.073
24.275,-0.076,1.189,0.046
24.386,-0.060,1.113,0.005
24.497,-0.046,1.046,-0.061
24.608,-0.027,0.996,-0.139
24.719,-0.007,0.957,-0.217
24.830,0.013,0.922,-0.292
24.941,0.031,0.884,-0.368
25.052,0.048,0.842,-0.446
25.164,0.073,0.789,-0.520
25.275,0.108,0.729,-0.583
25.386,0.161,0.675,-0.640
25.497,0.228,0.616,-0.691
25.608,0.300,0.589,-0.725
25.719,0.352,0.589,-0.766
25.830,0.389,0.571,-0.826
25.942,0.430,0.584,-0.893
26.053,0.481,0.595,-0.948
26.165,0.536,0.601,-0.987
26.276,0.590,0.580,-1.017
26.387,0.647,0.565,-1.040
26.499,0.719,0.573,-1.066
26.610,0.797,0.593,-1.098
26.721,0.865,0.595,-1.137
26.832,0.910,0.594,-1.187
26.943,0.935,0.607,-1.249
27.056,0.940,0.626,-1.319
27.167,0.930,0.645,-1.380
27.278,0.917,0.648,-1.421
27.390,0.912,0.630,-1.444
27.501,0.918,0.598,-1.458
27.612,0.930,0.557,-1.472
27.723,0.947,0.511,-1.490
27.835,0.965,0.467,-1.513
27.946,0.993,0.455,-1.549
28.057,1.021,0.466,-1.593
28.168,1.034,0.472,-1.635
28.279,1.032,0.454,-1.672
28.390,1.022,0.437,-1.706
28.501,1.017,0.442,-1.722
28.613,1.022,0.437,-1.719
28.724,1.030,0.424,-1.701
28.835,1.030,0.419,-1.681
28.946,1.026,0.420,-1.671
29.057,1.020,0.417,-1.670
29.168,1.016,0.414,-1.674
29.279,1.012,0.414,-1.681
29.391,1.007,0.420,-1.686
29.502,1.006,0.426,-1.688
29.613,1.011,0.426,-1.687
29.724,1.015,0.427,-1.684
29.835,1.014,0.428,-1.682
29.946,1.010,0.425,-1.682
30.057,1.008,0.422,-1.685
30.168,1.011,0.421,-1.688
30.279,1.017,0.420,-1.690
30.390,1.024,0.421,-1.689
30.501,1.028,0.421,-1.688
30.612,1.029,0.421,-1.688
30.723,1.026,0.422,-1.690
30.835,1.023,0.427,-1.693
30.946,1.023,0.430,-1.697
31.057,1.024,0.432,-1.700
31.168,1.026,0.434,-1.701
31.279,1.027,0.435,-1.700
31.390,1.029,0.435,-1.697
31.501,1.035,0.438,-1.696
31.613,1.040,0.436,-1.696
31.724,1.041,0.433,-1.694
31.835,1.038,0.432,-1.693
31.946,1.036,0.431,-1.693
32.057,1.036,0.428,-1.692
32.168,1.038,0.427,-1.691
32.279,1.040,0.427,-1.688
32.390,1.040,0.428,-1.686
32.501,1.038,0.426,-1.688
32.613,1.036,0.421,-1.691
32.724,1.034,0.420,-1.695
32.835,1.036,0.420,-1.696
32.946,1.041,0.420,-1.694
33.057,1.045,0.420,-1.690
33.168,1.046,0.419,-1.687
33.279,1.045,0.419,-1.687
33.390,1.044,0.418,-1.689
33.501,1.045,0.418,-1.693
33.613,1.050,0.420,-1.694
33.724,1.055,0.425,-1.692
33.835,1.056,0.427,-1.689
33.946,1.051,0.425,-1.688
34.057,1.047,0.427,-1.693
34.168,1.045,0.436,-1.703
34.279,1.045,0.448,-1.718
34.390,1.039,0.461,-1.739
34.502,1.024,0.463,-1.764
34.613,1.026,0.459,-1.780
34.724,1.036,0.454,-1.782
34.835,1.051,0.443,-1.773
34.946,1.063,0.440,-1.764
35.057,1.066,0.443,-1.759
35.168,1.062,0.443,-1.755
35.279,1.055,0.439,-1.750
35.390,1.052,0.432,-1.744
35.501,1.055,0.426,-1.740
35.613,1.065,0.424,-1.738
35.724,1.074,0.419,-1.737
35.835,1.076,0.416,-1.738
35.946,1.072,0.419,-1.741
36.057,1.067,0.423,-1.748
36.168,1.066,0.421,-1.753
36.279,1.069,0.421,-1.755
36.390,1.074,0.423,-1.756
36.507,1.076,0.424,-1.757
36.709,1.697,0.374,1.145
36.837,1.696,0.378,1.144
36.939,1.694,0.376,1.144
37.051,1.692,0.376,1.143
37.163,1.691,0.378,1.143
37.277,1.688,0.376,1.142
37.384,-0.002,0.371,0.001
37.494,-0.002,0.360,0.001
37.605,0.001,0.344,0.000
37.715,0.012,0.353,0.004
37.828,0.018,0.378,0.004
37.940,0.013,0.382,0.003
38.052,0.011,0.380,0.003
38.164,0.014,0.383,0.002
38.276,0.018,0.387,0.002
38.387,0.024,0.385,0.003
38.498,-0.001,0.382,0.001
38.608,-0.547,1.538,-0.906
38.720,-0.549,1.535,-0.905
38.831,-0.549,1.532,-0.907
38.941,-0.550,1.532,-0.905
39.053,-0.552,1.533,-0.904
39.166,-0.550,1.535,-0.906
39.274,-0.001,1.220,-0.001
39.385,-0.005,1.213,-0.001
39.497,-0.012,1.210,-0.006
39.610,-0.013,1.210,-0.014
39.721,-0.014,1.209,-0.017
39.833,-0.015,1.212,-0.019
39.944,-0.017,1.217,-0.018
40.056,-0.018,1.217,-0.016
40.167,-0.015,1.214,-0.019
40.278,-0.013,1.211,-0.017
40.390,-0.009,1.214,-0.017
40.501,0.006,1.222,-0.019
40.612,0.000,1.227,0.003
40.721,-0.012,1.224,0.005
40.833,-0.010,1.219,0.001
40.944,-0.007,1.218,-0.010
41.055,-0.004,1.208,-0.009
41.167,-0.006,1.204,-0.015
41.278,-0.008,1.204,-0.024
41.387,-0.001,1.220,-0.005
41.498,0.001,1.225,-0.005
41.609,0.003,1.229,-0.004
41.723,0.005,1.231,-0.005
41.834,0.007,1.229,-0.003
41.945,0.008,1.227,-0.001
42.057,0.008,1.225,-0.001
42.168,0.009,1.224,-0.001
42.278,0.009,1.224,-0.002
42.390,0.010,1.224,-0.003
42.502,0.011,1.226,-0.003
42.612,0.008,1.227,-0.002
42.724,0.006,1.236,-0.003
42.835,0.012,1.238,-0.003
42.946,0.016,1.237,-0.002
43.055,0.003,1.245,0.001
43.167,0.006,1.255,0.001
43.278,0.003,1.254,0.008
43.389,-0.003,1.242,0.017
43.501,-0.009,1.236,0.017
43.612,-0.015,1.230,0.025
43.723,-0.002,1.214,0.000
43.835,0.003,1.218,-0.001
43.946,0.005,1.219,-0.002
44.057,0.005,1.222,-0.002
44.169,0.005,1.227,-0.002
44.279,0.007,1.231,-0.003
44.391,0.009,1.238,-0.008
44.502,0.009,1.239,-0.006
44.613,0.007,1.235,-0.001
44.724,0.015,1.237,0.004
44.835,0.015,1.238,-0.001
44.946,0.011,1.238,-0.017
45.058,0.015,1.237,-0.016
45.167,0.004,1.236,0.000
45.278,0.005,1.236,-0.001
45.390,0.007,1.242,-0.002
45.501,0.011,1.247,-0.004
45.612,0.010,1.247,-0.002
45.723,0.008,1.240,0.000
45.834,-0.005,1.204,0.001
45.943,-0.011,1.196,0.002
46.055,-0.006,1.196,0.000
46.166,-0.004,1.197,0.000
46.278,-0.007,1.199,0.002
46.390,-0.005,1.204,0.002
46.499,-0.001,0.740,0.004
46.612,-0.002,0.745,0.012
46.724,0.000,0.745,0.014
46.835,0.007,0.763,0.006
46.946,0.027,0.791,0.006
47.058,0.033,0.827,-0.008
47.169,0.046,0.880,-0.025
47.279,0.069,0.952,-0.036
47.391,0.108,1.037,-0.055
47.502,0.147,1.092,-0.083
47.613,0.168,1.109,-0.102
47.724,0.180,1.110,-0.116
47.833,-0.004,1.106,-0.014
47.944,-0.004,1.104,-0.023
48.054,-0.004,1.105,-0.026
48.164,-0.003,1.105,-0.029
48.275,-0.003,1.104,-0.031
48.390,-0.003,1.105,-0.032
48.500,0.000,1.220,-0.001
48.610,0.000,1.218,-0.002
48.722,0.001,1.218,-0.001
48.834,0.001,1.218,-0.001
48.945,0.000,1.218,-0.001
49.056,-0.001,1.216,0.000
49.167,-0.004,1.216,0.001
49.278,-0.005,1.217,0.001
49.390,-0.006,1.219,0.004
49.502,-0.007,1.221,0.006
49.612,-0.008,1.230,0.025
49.724,-0.011,1.245,0.071
49.834,-0.012,1.236,0.115
49.947,0.001,1.121,0.006
50.057,0.002,1.113,0.010
50.167,0.001,1.111,0.011
50.279,0.003,1.111,0.010
50.391,0.005,1.111,0.009
50.503,0.005,1.113,0.005
50.614,0.000,1.122,-0.025
50.725,-0.003,1.132,-0.072
50.836,-0.004,1.135,-0.106
50.945,-0.003,1.131,-0.015
51.057,-0.004,1.125,-0.025
51.168,-0.005,1.121,-0.031
51.279,-0.004,1.121,-0.034
51.390,0.001,1.220,0.000
51.501,0.003,1.221,-0.001
51.612,0.003,1.221,-0.002
51.724,0.003,1.221,-0.003
51.835,0.004,1.221,-0.003
51.946,0.008,1.224,-0.005
52.057,0.011,1.233,-0.011
52.168,0.013,1.246,-0.021
52.279,0.012,1.257,-0.035
52.390,0.011,1.265,-0.047
52.502,0.011,1.269,-0.057
52.613,0.015,1.269,-0.065
52.724,0.020,1.267,-0.070
52.836,0.027,1.264,-0.075
52.947,0.007,1.162,0.002
53.051,0.015,1.158,0.005
53.164,0.022,1.153,0.008
53.275,0.028,1.150,0.012
53.387,0.033,1.149,0.014
53.499,0.038,1.148,0.017
53.610,0.042,1.147,0.020
53.722,0.043,1.147,0.026
53.834,0.031,1.145,0.041
53.944,0.002,1.151,0.083
54.056,-0.049,1.166,0.157
54.168,-0.098,1.114,0.205
54.280,-0.127,1.029,0.218
54.391,-0.161,0.938,0.231
54.502,-0.194,0.873,0.275
54.613,-0.237,0.827,0.333
54.724,-0.281,0.803,0.387
54.835,-0.331,0.827,0.429
54.947,-0.376,0.883,0.456
55.057,-0.401,0.950,0.473
55.169,-0.430,1.013,0.497
55.280,-0.473,1.049,0.528
55.391,-0.526,1.059,0.565
55.502,-0.589,1.052,0.609
55.613,-0.669,1.034,0.668
55.724,-0.771,1.014,0.734
55.835,-0.873,1.015,0.790
55.946,-0.963,1.042,0.823
56.058,-1.043,1.066,0.838
56.169,-1.122,1.077,0.840
56.280,-1.205,1.080,0.839
56.391,-1.303,1.088,0.838
56.502,-1.413,1.118,0.835
56.613,-1.524,1.162,0.833
56.724,-1.635,1.208,0.831
56.836,-1.750,1.237,0.827
56.947,-1.852,1.246,0.823
57.058,-1.938,1.267,0.815
57.169,-2.012,1.322,0.800
57.281,-2.061,1.387,0.772
57.391,-2.090,1.424,0.729
57.503,-2.131,1.418,0.669
57.614,-0.307,1.410,2.238
57.726,-0.385,1.423,2.247
57.838,-0.442,1.440,2.262
57.949,-0.479,1.452,2.275
58.061,-0.506,1.455,2.280
58.169,-0.019,1.221,-0.007
58.279,-0.034,1.226,-0.011
58.391,-0.048,1.226,-0.014
58.502,-0.059,1.223,-0.015
58.612,-0.065,1.219,-0.017
58.724,-0.072,1.215,-0.018
58.836,-0.078,1.211,-0.021
58.946,-0.081,1.208,-0.025
59.056,-0.082,1.207,-0.028
59.169,-0.082,1.208,-0.028
59.279,-0.082,1.207,-0.037
59.390,-0.085,1.207,-0.049
59.501,-0.087,1.206,-0.061
59.612,-0.086,1.205,-0.072
59.723,0.000,1.433,-0.005
59.834,-0.001,1.434,-0.007
59.945,-0.002,1.434,-0.008
60.056,-0.005,1.432,-0.007
60.168,-0.007,1.427,-0.003
60.279,-0.009,1.423,0.000
60.391,-0.012,1.421,0.003
60.501,-0.015,1.417,0.006
60.612,-0.018,1.412,0.011
60.723,-0.020,1.408,0.017
60.835,-0.023,1.405,0.028
60.946,-0.026,1.404,0.042
61.057,-0.027,1.398,0.057
61.168,-0.025,1.393,0.082
61.279,-0.019,1.391,0.117
61.390,-0.011,1.386,0.156
61.501,0.001,1.387,0.194
61.612,0.013,1.400,0.226
61.724,0.019,1.408,0.241
61.835,0.017,1.417,0.236
61.946,0.009,1.424,0.219
62.057,0.000,1.427,0.196
62.168,-0.009,1.428,0.170
62.279,-0.019,1.432,0.146
62.391,-0.026,1.441,0.121
62.502,-0.031,1.449,0.097
62.613,-0.036,1.452,0.080
62.724,-0.043,1.452,0.068
62.836,-0.053,1.453,0.059
62.939,-0.058,1.454,0.053
63.048,-0.062,1.454,0.049
63.160,-0.065,1.454,0.046
63.269,-0.067,1.454,0.044
63.370,-0.068,1.454,0.041
63.482,-0.068,1.456,0.039
63.592,-0.070,1.461,0.040
63.704,-0.069,1.462,0.038
63.815,-0.070,1.460,0.037
63.928,-0.072,1.458,0.037
64.039,-0.068,1.457,0.038
64.150,-0.065,1.458,0.038
64.263,-0.062,1.457,0.038
64.373,-0.060,1.456,0.039
64.485,-0.059,1.455,0.039
64.596,-0.060,1.455,0.039
64.708,-0.060,1.454,0.038
64.819,-0.059,1.452,0.038
64.929,-0.057,1.452,0.039
65.041,-0.056,1.452,0.040
65.152,-0.056,1.452,0.040
65.262,-0.058,1.453,0.040
65.375,-0.060,1.453,0.040
65.486,-0.062,1.454,0.040
65.596,-0.064,1.457,0.039
65.708,-0.066,1.463,0.038
65.819,-0.068,1.466,0.037
65.930,-0.069,1.466,0.036
66.042,-0.070,1.464,0.036
66.152,-0.073,1.464,0.035
66.265,-0.074,1.465,0.034
66.374,-0.071,1.467,0.033
66.486,-0.070,1.467,0.031
66.597,-0.071,1.467,0.029
66.709,-0.071,1.466,0.027
66.820,-0.069,1.465,0.025
66.930,-0.068,1.465,0.024
67.042,-0.067,1.466,0.023
67.155,-0.066,1.466,0.022
67.264,-0.066,1.466,0.021
67.376,-0.066,1.466,0.020
67.487,-0.067,1.467,0.018
67.596,-0.067,1.467,0.017
67.708,-0.067,1.466,0.017
67.820,-0.066,1.467,0.018
67.932,-0.066,1.467,0.019
68.042,-0.067,1.467,0.020
68.154,-0.068,1.466,0.021
68.265,-0.070,1.467,0.021
68.376,-0.072,1.468,0.023
68.487,-0.075,1.468,0.024
68.600,-0.078,1.469,0.024
68.709,-0.080,1.469,0.022
68.819,-0.082,1.466,0.021
68.932,-0.082,1.467,0.020
69.041,-0.082,1.467,0.018
69.154,-0.082,1.467,0.017
69.264,-0.081,1.468,0.018
69.376,-0.081,1.471,0.019
69.487,-0.081,1.471,0.018
69.599,-0.081,1.470,0.017
69.709,-0.080,1.470,0.017
69.821,-0.080,1.470,0.017
69.933,-0.080,1.470,0.018
70.043,-0.080,1.469,0.019
70.154,-0.081,1.469,0.019
70.265,-0.081,1.469,0.019
70.376,-0.079,1.468,0.019
70.487,-0.079,1.469,0.018
70.600,-0.078,1.470,0.018
70.710,-0.077,1.471,0.018
70.821,-0.076,1.471,0.017
70.933,-0.076,1.471,0.018
71.043,-0.077,1.472,0.018
71.154,-0.077,1.473,0.018
71.267,-0.077,1.473,0.019
71.377,-0.078,1.473,0.019
71.487,-0.078,1.473,0.020
71.599,-0.078,1.473,0.021
71.709,-0.078,1.474,0.021
71.821,-0.077,1.473,0.021
71.932,-0.075,1.473,0.019
72.043,-0.073,1.473,0.018
72.155,-0.072,1.473,0.017
72.266,-0.070,1.474,0.015
72.376,-0.068,1.475,0.014
72.488,-0.066,1.478,0.014
72.600,-0.060,1.481,0.011
72.710,-0.052,1.482,0.008
72.821,-0.047,1.482,0.006
72.933,-0.043,1.482,0.005
73.043,-0.038,1.483,0.001
73.153,-0.036,1.483,-0.003
73.265,-0.038,1.485,-0.006
73.376,-0.038,1.489,-0.006
73.488,-0.039,1.490,-0.004
73.599,-0.041,1.490,-0.002
73.709,-0.042,1.490,0.000
73.821,-0.042,1.490,0.002
73.932,-0.040,1.489,0.003
74.043,-0.039,1.487,0.005
74.154,-0.037,1.487,0.006
74.264,-0.037,1.487,0.007
74.375,-0.037,1.486,0.008
74.488,-0.037,1.486,0.010
74.598,-0.037,1.485,0.011
74.708,-0.038,1.484,0.013
74.821,-0.038,1.484,0.014
74.932,-0.039,1.482,0.016
75.043,-0.040,1.482,0.017
75.154,-0.041,1.481,0.017
75.266,-0.043,1.482,0.018
75.375,-0.044,1.482,0.019
75.487,-0.044,1.481,0.019
75.599,-0.043,1.481,0.019
75.709,-0.043,1.481,0.018
75.821,-0.042,1.480,0.018
75.932,-0.041,1.479,0.018
76.042,-0.039,1.477,0.019
76.153,-0.035,1.471,0.023
76.265,-0.032,1.465,0.026
76.375,-0.032,1.464,0.028
76.487,-0.034,1.465,0.030
76.598,-0.035,1.464,0.032
76.709,-0.036,1.463,0.033
76.821,-0.036,1.464,0.034
76.932,-0.037,1.463,0.034
77.043,-0.037,1.461,0.036
77.153,-0.039,1.459,0.038
77.264,-0.041,1.458,0.038
77.375,-0.045,1.457,0.039
77.485,-0.049,1.456,0.040
77.596,-0.051,1.456,0.039
77.706,-0.051,1.459,0.036
77.816,-0.048,1.459,0.033
77.928,-0.047,1.460,0.033
78.038,-0.046,1.460,0.033
78.150,-0.043,1.459,0.034
78.260,-0.043,1.458,0.033
78.370,-0.043,1.457,0.032
78.482,-0.045,1.457,0.032
78.593,-0.048,1.457,0.033
78.705,-0.049,1.456,0.033
78.818,-0.050,1.456,0.033
78.930,-0.049,1.456,0.033
79.041,-0.048,1.456,0.034
79.154,-0.047,1.455,0.035
79.263,-0.046,1.454,0.036
79.376,-0.046,1.454,0.037
79.486,-0.047,1.454,0.038
79.598,-0.049,1.454,0.038
79.709,-0.050,1.455,0.039
79.822,-0.049,1.455,0.039
79.932,-0.049,1.455,0.040
80.043,-0.049,1.455,0.041
80.155,-0.050,1.455,0.043
80.264,-0.054,1.455,0.046
80.376,-0.059,1.452,0.052
80.486,-0.060,1.447,0.069
80.598,-0.054,1.442,0.109
80.708,-0.044,1.429,0.160
80.821,-0.021,1.393,0.218
80.933,0.005,1.358,0.265
81.044,0.029,1.311,0.274
81.154,0.046,1.260,0.263
81.266,0.079,1.231,0.243
81.377,0.097,1.217,0.230
81.488,0.095,1.208,0.223
81.600,0.079,1.191,0.230
81.711,0.053,1.163,0.247
81.821,0.033,1.153,0.269
81.933,0.021,1.167,0.281
82.044,0.015,1.177,0.274
82.155,0.009,1.174,0.251
82.266,-0.002,1.174,0.232
82.377,-0.006,1.183,0.205
82.488,-0.008,1.194,0.187
82.600,-0.008,1.204,0.179
82.711,-0.015,1.218,0.178
82.822,-0.022,1.238,0.186
82.933,-0.024,1.255,0.192
83.044,-0.030,1.269,0.192
83.155,-0.035,1.277,0.191
83.266,-0.042,1.274,0.184
83.377,-0.041,1.265,0.183
83.489,-0.036,1.259,0.189
83.600,-0.031,1.258,0.194
83.711,-0.024,1.263,0.202
83.822,-0.015,1.269,0.210
83.933,-0.004,1.274,0.221
84.044,0.006,1.275,0.232
84.155,0.015,1.278,0.241
84.266,0.025,1.283,0.247
84.377,0.064,1.295,0.246
84.489,0.114,1.318,0.242
84.600,0.126,1.337,0.232
84.711,0.121,1.346,0.223
84.822,0.120,1.354,0.219
84.933,0.115,1.368,0.220
85.044,0.108,1.381,0.225
85.155,0.099,1.386,0.231
85.267,0.093,1.387,0.238
85.378,0.091,1.388,0.245
85.489,0.088,1.386,0.250
85.600,0.084,1.383,0.254
85.710,0.082,1.384,0.258
85.822,0.079,1.386,0.261
85.934,0.080,1.391,0.263
86.044,0.080,1.393,0.264
86.155,0.081,1.390,0.266
86.267,0.082,1.391,0.270
86.378,0.082,1.394,0.270
86.488,0.081,1.398,0.269
86.600,0.081,1.407,0.268
86.711,0.090,1.419,0.259
86.822,0.105,1.426,0.238
86.933,0.122,1.412,0.217
87.044,0.132,1.367,0.195
87.155,0.136,1.305,0.174
87.266,0.140,1.244,0.150
87.377,0.138,1.204,0.132
87.488,0.136,1.185,0.120
87.600,0.139,1.175,0.112
87.711,0.144,1.169,0.112
87.821,0.151,1.165,0.122
87.933,0.158,1.163,0.134
88.044,0.171,1.152,0.148
88.155,0.190,1.141,0.155
88.267,0.207,1.145,0.158
88.378,0.220,1.138,0.172
88.489,0.222,1.120,0.192
88.601,0.230,1.116,0.199
88.712,0.235,1.121,0.205
88.822,0.235,1.144,0.213
88.934,0.237,1.181,0.218
89.045,0.238,1.225,0.221
89.155,0.233,1.276,0.222
89.267,0.225,1.360,0.219
89.378,0.209,1.446,0.202
89.489,0.188,1.491,0.178
89.600,0.170,1.504,0.162
89.710,-0.013,1.505,-0.010
89.821,-0.023,1.503,-0.018
89.933,-0.034,1.503,-0.030
90.044,-0.041,1.504,-0.036
90.155,-0.047,1.504,-0.044
90.267,-0.051,1.503,-0.049
90.378,-0.053,1.502,-0.054
90.488,-0.053,1.502,-0.058
90.600,-0.051,1.501,-0.060
90.710,-0.047,1.497,-0.061
90.822,-0.044,1.490,-0.063
90.933,-0.044,1.485,-0.066
91.044,-0.045,1.478,-0.062
91.155,-0.043,1.473,-0.059
91.267,-0.042,1.473,-0.055
91.375,-0.041,1.473,-0.050
91.487,-0.037,1.472,-0.046
91.598,-0.033,1.469,-0.045
91.709,-0.031,1.471,-0.043
91.821,-0.031,1.473,-0.043
91.932,-0.033,1.477,-0.043
92.043,-0.037,1.479,-0.046
92.155,-0.043,1.483,-0.049
92.266,-0.046,1.487,-0.048
92.377,-0.051,1.486,-0.048
92.488,-0.057,1.485,-0.047
92.599,-0.058,1.485,-0.046
92.710,-0.057,1.485,-0.046
92.822,-0.055,1.485,-0.046
92.933,-0.052,1.487,-0.046
93.045,-0.051,1.489,-0.044
93.155,-0.049,1.491,-0.043
93.266,-0.048,1.495,-0.043
93.377,-0.047,1.499,-0.042
93.488,-0.046,1.500,-0.040
93.600,-0.045,1.501,-0.039
93.711,-0.045,1.503,-0.039
93.822,-0.044,1.504,-0.040
93.933,-0.046,1.505,-0.039
94.044,-0.048,1.504,-0.038
94.155,-0.050,1.503,-0.038
94.266,-0.054,1.500,-0.038
94.378,-0.058,1.497,-0.038
94.489,-0.063,1.496,-0.036
94.600,-0.067,1.495,-0.033
94.711,-0.065,1.494,-0.031
94.822,-0.060,1.495,-0.031
94.933,-0.058,1.497,-0.033
95.045,-0.059,1.498,-0.035
95.155,-0.060,1.498,-0.036
95.267,-0.060,1.499,-0.038
95.378,-0.062,1.499,-0.040
95.489,-0.059,1.502,-0.034
95.600,-0.051,1.511,-0.027
95.711,-0.043,1.520,-0.019
95.822,-0.035,1.521,-0.011
95.934,-0.033,1.514,-0.017
96.045,-0.028,1.514,-0.012
96.156,-0.025,1.513,-0.002
96.267,-0.018,1.507,0.004
96.378,-0.008,1.487,0.004
96.488,0.000,1.462,-0.003
96.600,0.003,1.426,-0.008
96.711,0.002,1.369,-0.003
96.822,0.001,1.301,0.002
96.934,-0.005,1.258,0.009
97.045,-0.011,1.234,0.020
97.156,-0.013,1.211,0.041
97.267,-0.038,1.198,0.074
97.378,-0.067,1.206,0.094
97.489,-0.086,1.211,0.101
97.600,-0.097,1.209,0.104
97.711,-0.101,1.204,0.106
97.822,-0.100,1.199,0.109
97.933,-0.099,1.197,0.113
98.044,-0.103,1.198,0.118
98.156,-0.108,1.200,0.125
98.266,-0.113,1.202,0.131
98.377,-0.119,1.204,0.134
98.489,-0.122,1.207,0.134
98.600,-0.123,1.213,0.132
98.711,-0.125,1.219,0.128
98.822,-0.125,1.225,0.127
98.933,-0.118,1.223,0.127
99.044,-0.111,1.216,0.125
99.156,-0.109,1.214,0.125
99.266,-0.109,1.215,0.124
99.377,-0.110,1.217,0.122
99.488,-0.112,1.217,0.122
99.600,-0.106,1.208,0.119
99.711,-0.091,1.194,0.109
99.822,-0.068,1.182,0.092
99.933,-0.050,1.176,0.074
100.045,-0.043,1.176,0.061
100.156,-0.043,1.174,0.058
100.267,-0.044,1.174,0.056
100.378,-0.044,1.176,0.056
100.489,-0.045,1.199,0.060
100.601,-0.049,1.266,0.058
100.712,-0.050,1.356,0.044
100.822,-0.053,1.440,0.031
100.934,-0.053,1.487,0.007
101.044,-0.052,1.496,-0.021
101.156,-0.049,1.495,-0.035
101.267,-0.045,1.495,-0.041
101.377,-0.043,1.497,-0.044
101.488,-0.042,1.500,-0.045
101.599,-0.041,1.501,-0.040
101.710,-0.037,1.497,-0.025
101.822,-0.037,1.486,-0.006
101.933,-0.039,1.486,-0.011
102.044,-0.039,1.502,-0.022
102.155,-0.043,1.503,-0.028
102.266,-0.047,1.500,-0.032
102.377,-0.047,1.501,-0.037
102.488,0.002,1.498,-0.002
102.600,0.001,1.492,-0.012
102.711,0.002,1.490,-0.019
102.822,0.009,1.495,-0.007
102.933,0.010,1.496,-0.002
103.045,0.012,1.494,0.002
103.155,0.016,1.495,0.008
103.267,0.021,1.496,0.011
103.378,0.022,1.496,0.013
103.489,0.019,1.497,0.014
103.600,0.014,1.497,0.014
103.710,0.009,1.497,0.013
103.821,0.004,1.498,0.012
103.933,-0.001,1.499,0.010
104.043,-0.004,1.498,0.008
104.156,-0.007,1.498,0.006
104.267,-0.008,1.497,0.005
104.378,-0.010,1.497,0.002
104.489,-0.012,1.496,0.001
104.600,-0.013,1.493,-0.002
104.711,-0.015,1.493,-0.003
104.822,-0.016,1.491,-0.006
104.934,-0.017,1.490,-0.010
105.045,-0.018,1.489,-0.013
105.155,-0.019,1.490,-0.017
105.267,-0.020,1.490,-0.021
105.378,-0.021,1.490,-0.024
105.489,-0.020,1.489,-0.025
105.600,-0.020,1.489,-0.026
105.711,-0.019,1.490,-0.029
105.823,-0.020,1.490,-0.029
105.933,-0.019,1.489,-0.027
106.045,-0.016,1.489,-0.025
106.155,-0.016,1.492,-0.023
106.267,-0.016,1.492,-0.023
106.378,-0.017,1.491,-0.020
106.489,-0.016,1.489,-0.018
106.600,-0.015,1.485,-0.016
106.711,-0.015,1.483,-0.015
106.822,-0.014,1.484,-0.014
106.934,-0.013,1.484,-0.013
107.045,-0.013,1.484,-0.013
107.155,-0.013,1.483,-0.013
107.267,-0.012,1.482,-0.012
107.378,-0.011,1.481,-0.010
107.489,-0.011,1.480,-0.009
107.600,-0.011,1.479,-0.008
107.712,-0.011,1.477,-0.006
107.823,-0.011,1.478,-0.003
107.933,-0.011,1.478,0.000
108.045,-0.012,1.478,0.001
108.156,-0.012,1.479,0.002
108.267,-0.012,1.480,0.003
108.378,-0.013,1.482,0.003
108.489,-0.013,1.483,0.005
108.600,-0.012,1.483,0.005
108.711,-0.013,1.482,0.008
108.822,-0.014,1.482,0.010
108.933,-0.014,1.481,0.011
109.045,-0.014,1.480,0.012
109.156,-0.013,1.478,0.015
109.267,-0.013,1.477,0.017
109.378,-0.016,1.478,0.017
109.489,-0.020,1.479,0.019
109.600,-0.024,1.481,0.020
109.711,-0.031,1.484,0.022
109.822,-0.038,1.483,0.023
109.933,-0.037,1.482,0.025
110.044,-0.036,1.482,0.027
110.155,-0.037,1.483,0.029
110.267,-0.036,1.481,0.029
110.378,-0.034,1.483,0.027
110.489,-0.029,1.485,0.023
110.600,-0.022,1.483,0.022
110.711,-0.015,1.474,0.020
110.822,-0.014,1.467,0.018
110.933,-0.015,1.461,0.017
111.045,-0.019,1.456,0.017
111.154,-0.024,1.455,0.014
111.265,-0.028,1.454,0.010
111.376,-0.031,1.452,0.008
111.488,-0.035,1.449,0.007
111.599,-0.039,1.447,0.009
111.710,-0.043,1.447,0.012
111.821,-0.045,1.448,0.015
111.932,-0.045,1.449,0.018
112.044,-0.046,1.450,0.019
112.155,-0.048,1.450,0.019
112.266,-0.050,1.451,0.020
112.378,-0.053,1.452,0.020
112.489,-0.054,1.451,0.019
112.600,-0.057,1.453,0.015
112.711,-0.059,1.460,0.009
112.822,-0.056,1.472,0.001
112.934,-0.049,1.486,-0.005
113.045,-0.038,1.498,-0.015
113.155,-0.026,1.506,-0.021
113.267,-0.014,1.509,-0.025
113.377,-0.004,1.510,-0.028
113.489,0.003,1.510,-0.029
113.600,0.009,1.511,-0.028
113.711,0.014,1.511,-0.025
113.820,0.018,1.513,-0.019
113.932,0.021,1.512,-0.015
114.043,0.024,1.511,-0.011
114.154,0.028,1.511,-0.008
114.265,0.032,1.509,-0.008
114.378,0.036,1.508,-0.008
114.489,0.040,1.507,-0.009
114.600,0.043,1.507,-0.011
114.711,0.046,1.506,-0.012
114.822,0.049,1.506,-0.012
114.933,0.051,1.505,-0.013
115.044,0.053,1.505,-0.014
115.155,0.053,1.505,-0.013
115.266,0.052,1.506,-0.011
115.378,0.053,1.504,-0.008
115.488,0.054,1.498,0.000
115.600,0.055,1.494,0.006
115.710,0.055,1.494,0.008
115.822,0.055,1.493,0.004
115.933,0.056,1.492,0.000
116.044,0.054,1.492,-0.002
116.156,0.050,1.494,-0.003
116.267,0.047,1.496,-0.004
116.378,0.045,1.500,-0.002
116.489,0.043,1.505,-0.001
116.600,0.042,1.510,-0.001
116.712,0.040,1.516,-0.003
116.822,0.039,1.519,-0.008
116.933,0.038,1.522,-0.015
117.045,0.037,1.531,-0.017
117.156,0.036,1.540,-0.021
117.267,0.035,1.548,-0.024
117.378,0.034,1.545,-0.023
117.489,0.033,1.539,-0.019
117.600,0.032,1.531,-0.016
117.712,0.033,1.523,-0.015
117.822,0.036,1.517,-0.012
117.933,0.037,1.516,-0.008
118.045,0.037,1.516,-0.006
118.156,0.036,1.516,-0.006
118.267,0.035,1.517,-0.006
118.378,0.034,1.518,-0.005
118.489,0.031,1.518,-0.001
118.600,0.028,1.518,0.003
118.711,0.028,1.517,0.004
118.822,0.027,1.516,0.004
118.934,0.025,1.516,0.004
119.044,0.023,1.515,0.002
119.155,0.020,1.514,-0.001
119.267,0.017,1.513,-0.003
119.378,0.012,1.515,-0.006
119.489,0.010,1.515,-0.009
119.601,0.009,1.516,-0.011
119.712,0.009,1.516,-0.014
119.822,0.009,1.515,-0.018
119.934,0.007,1.517,-0.020
120.045,0.006,1.520,-0.025
120.155,0.009,1.524,-0.030
120.267,0.012,1.527,-0.034
120.378,0.018,1.528,-0.032
120.489,0.024,1.524,-0.028
120.600,0.029,1.515,-0.021
120.711,0.031,1.506,-0.015
120.822,0.032,1.503,-0.006
120.934,0.034,1.500,0.001
121.044,0.037,1.496,-0.001
121.156,0.040,1.498,-0.007
121.266,0.043,1.500,-0.010
121.378,0.045,1.501,-0.014
121.489,0.047,1.503,-0.018
121.600,0.049,1.506,-0.022
121.710,0.050,1.510,-0.025
121.821,0.050,1.510,-0.027
121.932,0.050,1.510,-0.028
122.043,0.053,1.512,-0.027
122.155,0.058,1.513,-0.028
122.266,0.068,1.519,-0.030
122.377,0.082,1.525,-0.037
122.488,0.099,1.528,-0.051
122.600,0.111,1.530,-0.075
122.712,0.113,1.530,-0.096
122.823,0.111,1.530,-0.103
122.934,0.106,1.531,-0.101
123.045,0.100,1.531,-0.093
123.156,0.091,1.533,-0.075
123.267,0.074,1.535,-0.054
123.378,0.049,1.536,-0.041
123.488,0.029,1.533,-0.038
123.599,0.022,1.528,-0.040
123.711,0.021,1.526,-0.043
123.821,0.023,1.524,-0.048
123.933,0.025,1.523,-0.053
124.044,0.027,1.522,-0.056
124.155,0.030,1.520,-0.058
124.267,0.030,1.520,-0.061
124.378,0.031,1.521,-0.062
124.489,0.033,1.523,-0.062
124.600,0.035,1.524,-0.062
124.711,0.037,1.525,-0.060
124.822,0.037,1.526,-0.058
124.933,0.035,1.527,-0.056
125.044,0.033,1.528,-0.055
125.156,0.030,1.530,-0.053
125.267,0.029,1.532,-0.051
125.378,0.029,1.532,-0.049
125.489,0.030,1.533,-0.046
125.600,0.033,1.534,-0.043
125.711,0.034,1.535,-0.040
125.822,0.033,1.537,-0.039
125.933,0.033,1.541,-0.040
126.045,0.036,1.545,-0.042
126.155,0.040,1.548,-0.043
126.267,0.044,1.550,-0.039
126.377,0.040,1.553,-0.033
126.489,0.025,1.555,-0.032
126.600,0.002,1.556,-0.039
126.711,-0.017,1.557,-0.056
126.822,-0.030,1.558,-0.075
126.933,-0.037,1.556,-0.095
127.045,-0.039,1.554,-0.109
127.156,-0.038,1.553,-0.116
127.267,-0.036,1.552,-0.116
127.378,-0.033,1.551,-0.114
127.489,-0.029,1.552,-0.111
127.600,-0.025,1.551,-0.104
127.711,-0.019,1.550,-0.091
127.822,-0.011,1.549,-0.077
127.933,-0.003,1.549,-0.064
128.044,0.003,1.548,-0.054
128.155,0.004,1.549,-0.049
128.267,0.001,1.549,-0.047
128.378,-0.006,1.549,-0.050
128.489,-0.014,1.549,-0.056
128.600,-0.022,1.549,-0.064
128.711,-0.029,1.548,-0.071
128.822,-0.036,1.547,-0.078
128.933,-0.040,1.547,-0.083
129.044,-0.040,1.546,-0.080
129.155,-0.031,1.542,-0.067
129.266,-0.008,1.538,-0.049
129.378,0.032,1.534,-0.039
129.489,0.075,1.530,-0.046
129.601,0.105,1.528,-0.063
129.712,0.120,1.528,-0.078
129.823,0.126,1.529,-0.088
129.934,0.125,1.528,-0.088
130.045,0.121,1.529,-0.078
130.157,0.112,1.530,-0.061
130.268,0.098,1.532,-0.041
130.378,0.082,1.532,-0.025
130.489,0.072,1.532,-0.016
130.600,0.069,1.532,-0.011
130.712,0.068,1.531,-0.009
130.822,0.067,1.525,-0.008
130.933,0.067,1.521,-0.006
131.045,0.065,1.517,-0.004
131.156,0.063,1.515,-0.004
131.267,0.062,1.514,-0.007
131.376,0.061,1.512,-0.013
131.487,0.061,1.512,-0.019
131.598,0.061,1.512,-0.023
131.710,0.061,1.513,-0.027
131.821,0.061,1.513,-0.029
131.932,0.063,1.514,-0.032
132.043,0.066,1.514,-0.034
132.154,0.068,1.514,-0.034
132.266,0.066,1.513,-0.034
132.377,0.063,1.513,-0.033
132.489,0.062,1.513,-0.032
132.600,0.061,1.513,-0.031
132.711,0.061,1.513,-0.030
132.822,0.061,1.513,-0.028
132.933,0.061,1.513,-0.027
133.045,0.062,1.513,-0.026
133.155,0.062,1.512,-0.024
133.267,0.062,1.512,-0.023
133.377,0.062,1.512,-0.023
133.488,0.061,1.512,-0.024
133.599,0.061,1.512,-0.024
133.710,0.059,1.512,-0.026
133.822,0.057,1.512,-0.027
133.932,0.054,1.511,-0.029
134.044,0.053,1.511,-0.032
134.155,0.051,1.511,-0.034
134.266,0.051,1.511,-0.037
134.377,0.049,1.512,-0.039
134.488,0.048,1.512,-0.041
134.599,0.046,1.512,-0.043
134.710,0.043,1.513,-0.043
134.821,0.041,1.513,-0.043
134.932,0.040,1.513,-0.043
135.044,0.038,1.513,-0.042
135.155,0.037,1.512,-0.041
135.266,0.037,1.512,-0.040
135.377,0.037,1.512,-0.039
135.488,0.038,1.512,-0.038
135.599,0.040,1.512,-0.036
135.711,0.041,1.512,-0.034
135.822,0.042,1.511,-0.032
135.933,0.042,1.511,-0.030
136.045,0.043,1.511,-0.029
136.156,0.043,1.511,-0.028
136.266,0.043,1.511,-0.027
136.378,0.042,1.511,-0.027
136.488,0.042,1.511,-0.028
136.600,0.043,1.511,-0.028
136.712,0.043,1.512,-0.028
136.822,0.043,1.512,-0.027
136.933,0.044,1.512,-0.025
137.045,0.044,1.513,-0.023
137.155,0.044,1.513,-0.021
137.267,0.045,1.512,-0.020
137.378,0.045,1.513,-0.020
137.489,0.046,1.515,-0.020
137.600,0.048,1.517,-0.020
137.711,0.048,1.520,-0.021
137.822,0.043,1.524,-0.021
137.933,0.030,1.528,-0.023
138.045,0.014,1.530,-0.028
138.155,0.002,1.531,-0.034
138.267,-0.007,1.531,-0.041
138.378,-0.012,1.532,-0.047
138.488,-0.017,1.531,-0.051
138.599,-0.021,1.528,-0.053
138.709,-0.024,1.530,-0.054
138.821,-0.026,1.530,-0.055
138.933,-0.028,1.528,-0.057
139.044,-0.029,1.529,-0.060
139.155,-0.029,1.529,-0.063
139.266,-0.029,1.530,-0.065
139.377,-0.029,1.532,-0.067
139.488,-0.028,1.533,-0.069
139.600,-0.027,1.538,-0.072
139.711,-0.025,1.548,-0.077
139.822,-0.020,1.557,-0.083
139.933,-0.015,1.563,-0.089
140.044,-0.012,1.565,-0.092
140.156,-0.010,1.566,-0.093
140.267,-0.008,1.566,-0.094
140.377,-0.005,1.567,-0.097
140.489,-0.001,1.567,-0.101
140.600,0.003,1.567,-0.104
140.712,0.007,1.567,-0.107
140.823,0.011,1.566,-0.107
140.934,0.013,1.565,-0.101
141.045,0.014,1.564,-0.092
141.156,0.013,1.563,-0.082
141.267,0.010,1.562,-0.072
141.379,0.008,1.560,-0.062
141.489,0.006,1.558,-0.049
141.600,0.011,1.555,-0.034
141.711,0.021,1.552,-0.020
141.822,0.033,1.549,-0.012
141.933,0.044,1.543,-0.009
142.045,0.048,1.538,-0.008
142.156,0.043,1.529,-0.006
142.267,0.035,1.522,-0.001
142.378,0.030,1.517,0.004
142.488,0.025,1.512,0.008
142.600,0.021,1.506,0.011
142.711,0.017,1.500,0.011
142.822,0.012,1.496,0.010
142.933,0.009,1.494,0.008
143.044,0.008,1.496,0.004
143.155,0.008,1.502,-0.001
143.266,0.010,1.519,-0.008
143.378,0.013,1.539,-0.020
143.488,0.016,1.555,-0.032
143.600,0.020,1.567,-0.044
143.710,0.025,1.582,-0.057
143.821,0.031,1.593,-0.076
143.932,0.039,1.601,-0.097
144.044,0.048,1.603,-0.114
144.154,0.055,1.604,-0.129
144.266,0.061,1.603,-0.142
144.377,0.064,1.602,-0.150
144.488,0.068,1.601,-0.154
144.599,0.071,1.601,-0.152
144.710,0.074,1.601,-0.147
144.823,0.077,1.600,-0.137
144.933,0.078,1.597,-0.118
145.045,0.077,1.590,-0.097
145.155,0.075,1.584,-0.077
145.266,0.070,1.578,-0.060
145.377,0.066,1.570,-0.043
145.489,0.063,1.559,-0.027
145.600,0.061,1.546,-0.012
145.711,0.062,1.539,0.003
145.822,0.062,1.539,0.015
145.933,0.063,1.539,0.023
146.045,0.064,1.539,0.027
146.156,0.066,1.539,0.029
146.268,0.067,1.538,0.029
146.378,0.066,1.537,0.030
146.489,0.056,1.537,0.033
146.600,0.036,1.538,0.035
146.711,0.011,1.539,0.030
146.822,-0.011,1.540,0.021
146.933,-0.029,1.540,0.007
147.044,-0.040,1.537,-0.005
147.156,-0.046,1.537,-0.012
147.267,-0.050,1.537,-0.015
147.378,-0.053,1.538,-0.013
147.489,-0.054,1.537,-0.009
147.601,-0.054,1.537,-0.005
147.711,-0.055,1.537,-0.004
147.822,-0.057,1.537,-0.006
147.934,-0.059,1.538,-0.010
148.045,-0.060,1.538,-0.015
148.156,-0.061,1.538,-0.022
148.267,-0.062,1.538,-0.029
148.378,-0.061,1.538,-0.037
148.489,-0.059,1.537,-0.042
148.600,-0.056,1.536,-0.046
148.712,-0.052,1.534,-0.049
148.822,-0.047,1.533,-0.053
148.933,-0.042,1.528,-0.061
149.044,-0.038,1.526,-0.070
149.155,-0.039,1.525,-0.076
149.266,-0.042,1.526,-0.082
149.378,-0.045,1.528,-0.087
149.488,-0.047,1.530,-0.090
149.600,-0.051,1.532,-0.092
149.710,-0.054,1.531,-0.094
149.822,-0.056,1.532,-0.095
149.932,-0.059,1.532,-0.095
150.044,-0.062,1.532,-0.096
150.155,-0.064,1.530,-0.096
150.266,-0.067,1.530,-0.096
150.378,-0.070,1.530,-0.096
150.488,-0.071,1.530,-0.095
150.600,-0.072,1.531,-0.093
150.711,-0.073,1.532,-0.092
150.821,-0.074,1.532,-0.090
150.933,-0.073,1.532,-0.088
151.044,-0.072,1.533,-0.085
151.155,-0.071,1.534,-0.084
151.266,-0.068,1.534,-0.081
151.378,-0.064,1.534,-0.077
151.488,-0.062,1.534,-0.076
151.600,-0.059,1.535,-0.074
151.711,-0.056,1.535,-0.072
151.822,-0.054,1.536,-0.072
151.933,-0.053,1.536,-0.070
152.044,-0.052,1.537,-0.069
152.155,-0.050,1.536,-0.066
152.267,-0.049,1.537,-0.065
152.377,-0.049,1.537,-0.064
152.488,-0.050,1.538,-0.064
152.599,-0.052,1.537,-0.067
152.711,-0.054,1.537,-0.070
152.822,-0.056,1.539,-0.072
152.933,-0.058,1.542,-0.075
153.044,-0.059,1.544,-0.076
153.155,-0.060,1.546,-0.074
153.267,-0.060,1.547,-0.069
153.378,-0.058,1.548,-0.064
153.489,-0.056,1.547,-0.059
153.600,-0.056,1.549,-0.058
153.711,-0.058,1.550,-0.061
153.822,-0.059,1.549,-0.066
153.933,-0.059,1.547,-0.072
154.045,-0.058,1.546,-0.076
154.155,-0.055,1.545,-0.079
154.267,-0.052,1.544,-0.079
154.378,-0.048,1.544,-0.078
154.489,-0.045,1.545,-0.077
154.600,-0.041,1.545,-0.078
154.711,-0.038,1.545,-0.081
154.822,-0.036,1.546,-0.084
154.933,-0.035,1.546,-0.086
155.045,-0.034,1.546,-0.086
155.156,-0.033,1.546,-0.085
155.267,-0.030,1.546,-0.080
155.378,-0.025,1.545,-0.067
155.489,-0.013,1.543,-0.046
155.600,0.005,1.542,-0.027
155.711,0.027,1.541,-0.013
155.822,0.049,1.538,-0.006
155.934,0.063,1.533,-0.003
156.045,0.068,1.525,0.000
156.155,0.066,1.518,0.005
156.268,0.060,1.516,0.009
156.378,0.053,1.511,0.011
156.489,0.047,1.504,0.011
156.601,0.042,1.497,0.011
156.712,0.040,1.495,0.009
156.822,0.039,1.494,0.006
156.933,0.039,1.493,0.005
157.045,0.039,1.493,0.004
157.155,0.038,1.493,0.003
157.267,0.038,1.492,0.002
157.378,0.039,1.491,0.001
157.489,0.039,1.490,0.001
157.600,0.039,1.490,-0.001
157.710,0.039,1.490,-0.002
157.821,0.039,1.490,-0.003
157.933,0.039,1.490,-0.003
158.044,0.039,1.491,-0.002
158.155,0.039,1.491,-0.001
158.266,0.038,1.492,0.001
158.377,0.039,1.492,0.003
158.488,0.039,1.492,0.005
158.599,0.040,1.492,0.005
158.710,0.041,1.492,0.004
158.822,0.041,1.492,0.003
158.933,0.041,1.492,0.002
159.043,0.041,1.492,0.000
159.155,0.041,1.492,-0.001
159.266,0.041,1.492,-0.003
159.377,0.041,1.491,-0.004
159.488,0.042,1.490,-0.004
159.600,0.043,1.489,-0.005
159.711,0.044,1.488,-0.005
159.822,0.045,1.488,-0.005
159.933,0.044,1.488,-0.006
160.044,0.043,1.488,-0.006
160.155,0.041,1.488,-0.006
160.266,0.039,1.488,-0.006
160.377,0.038,1.488,-0.005
160.488,0.036,1.488,-0.005
160.600,0.033,1.487,-0.005
160.711,0.031,1.487,-0.005
160.822,0.030,1.487,-0.005
160.933,0.030,1.487,-0.005
161.044,0.029,1.487,-0.005
161.155,0.029,1.486,-0.006
161.266,0.029,1.486,-0.007
161.378,0.029,1.486,-0.008
161.488,0.029,1.486,-0.010
161.600,0.029,1.486,-0.011
161.711,0.029,1.486,-0.012
161.822,0.029,1.487,-0.014
161.933,0.028,1.487,-0.016
162.044,0.028,1.487,-0.018
162.156,0.029,1.488,-0.019
162.266,0.029,1.488,-0.020
162.378,0.029,1.488,-0.021
162.488,0.028,1.488,-0.022
162.600,0.029,1.489,-0.022
162.711,0.029,1.489,-0.022
162.822,0.030,1.489,-0.021
162.933,0.031,1.489,-0.019
163.044,0.032,1.488,-0.018
163.156,0.033,1.488,-0.017
163.267,0.034,1.488,-0.016
163.377,0.036,1.488,-0.014
163.488,0.036,1.487,-0.013
163.600,0.037,1.488,-0.012
163.711,0.038,1.487,-0.012
163.822,0.038,1.487,-0.011
163.933,0.039,1.487,-0.010
164.044,0.040,1.486,-0.009
164.155,0.041,1.486,-0.009
164.266,0.042,1.486,-0.008
164.377,0.042,1.486,-0.007
164.488,0.043,1.486,-0.006
164.600,0.044,1.486,-0.005
164.711,0.044,1.486,-0.005
164.822,0.044,1.486,-0.004
164.933,0.044,1.485,-0.005
165.044,0.043,1.486,-0.006
165.155,0.042,1.486,-0.007
165.266,0.041,1.486,-0.008
165.377,0.040,1.486,-0.010
165.488,0.039,1.486,-0.011
165.600,0.038,1.486,-0.013
165.710,0.038,1.486,-0.015
165.822,0.038,1.487,-0.016
165.932,0.038,1.487,-0.017
166.044,0.037,1.487,-0.017
166.155,0.037,1.487,-0.017
166.266,0.037,1.487,-0.017
166.378,0.038,1.487,-0.017
166.488,0.038,1.487,-0.016
166.600,0.038,1.487,-0.015
166.710,0.039,1.487,-0.015
166.822,0.039,1.487,-0.014
166.933,0.040,1.487,-0.014
167.044,0.041,1.487,-0.013
167.155,0.042,1.487,-0.013
167.266,0.042,1.487,-0.012
167.378,0.043,1.487,-0.012
167.489,0.043,1.487,-0.011
167.600,0.043,1.486,-0.011
167.711,0.044,1.486,-0.010
167.822,0.045,1.486,-0.008
167.933,0.045,1.486,-0.007
168.044,0.046,1.486,-0.006
168.155,0.047,1.485,-0.004
168.266,0.047,1.486,-0.003
168.378,0.047,1.486,-0.002
168.488,0.045,1.485,-0.002
168.600,0.044,1.485,-0.002
168.710,0.043,1.485,-0.002
168.822,0.042,1.486,-0.002
168.933,0.043,1.486,-0.001
169.044,0.044,1.487,-0.001
169.155,0.046,1.489,-0.001
169.266,0.046,1.489,0.000
169.378,0.045,1.490,0.000
169.489,0.043,1.490,0.000
169.600,0.042,1.491,-0.001
169.711,0.042,1.491,-0.002
169.822,0.043,1.495,-0.002
169.933,0.048,1.505,-0.002
170.045,0.055,1.515,-0.004
170.156,0.064,1.521,-0.006
170.267,0.073,1.522,-0.008
170.378,0.081,1.520,-0.010
170.489,0.090,1.519,-0.012
170.600,0.097,1.518,-0.015
170.711,0.101,1.517,-0.017
170.823,0.102,1.517,-0.018
170.934,0.101,1.517,-0.018
171.045,0.099,1.517,-0.017
171.156,0.096,1.516,-0.017
171.268,0.094,1.516,-0.016
171.379,0.091,1.516,-0.016
171.489,0.088,1.516,-0.016
171.600,0.086,1.516,-0.017
171.712,0.084,1.516,-0.017
171.823,0.082,1.516,-0.017
171.933,0.080,1.516,-0.017
172.045,0.078,1.516,-0.018
172.156,0.077,1.516,-0.019
172.267,0.078,1.516,-0.021
172.378,0.079,1.515,-0.022
172.489,0.079,1.515,-0.023
172.600,0.075,1.516,-0.019
172.712,0.070,1.515,-0.016
172.822,0.063,1.514,-0.015
172.934,0.059,1.513,-0.015
173.045,0.056,1.512,-0.014
173.156,0.053,1.510,-0.012
173.267,0.044,1.510,-0.009
173.378,0.026,1.509,-0.009
173.489,0.007,1.509,-0.012
173.600,-0.008,1.511,-0.018
173.711,-0.019,1.512,-0.024
173.822,-0.026,1.514,-0.029
173.933,-0.027,1.514,-0.030
174.044,-0.026,1.514,-0.030
174.155,-0.024,1.515,-0.030
174.267,-0.020,1.517,-0.029
174.378,-0.016,1.523,-0.028
174.489,-0.011,1.533,-0.028
174.600,-0.005,1.542,-0.029
174.711,0.000,1.547,-0.030
174.822,0.005,1.549,-0.030
174.933,0.007,1.549,-0.028
175.045,0.008,1.550,-0.027
175.155,0.007,1.550,-0.025
175.267,0.008,1.551,-0.022
175.378,0.014,1.551,-0.015
175.489,0.028,1.550,-0.007
175.600,0.046,1.548,0.001
175.711,0.061,1.548,0.003
175.822,0.067,1.547,0.006
175.934,0.068,1.544,0.010
176.045,0.067,1.543,0.014
176.156,0.066,1.538,0.017
176.268,0.064,1.532,0.022
176.379,0.062,1.525,0.027
176.489,0.059,1.522,0.030
176.600,0.057,1.522,0.029
176.712,0.057,1.522,0.025
176.822,0.055,1.523,0.017
176.934,0.053,1.521,0.008
177.045,0.052,1.516,-0.001
177.156,0.050,1.510,-0.008
177.267,0.049,1.507,-0.016
177.378,0.046,1.504,-0.023
177.489,0.044,1.503,-0.029
177.600,0.043,1.502,-0.031
177.711,0.043,1.502,-0.032
177.823,0.042,1.502,-0.033
177.933,0.042,1.502,-0.033
178.045,0.042,1.502,-0.032
178.155,0.044,1.503,-0.031
178.267,0.047,1.502,-0.028
178.378,0.048,1.501,-0.025
178.489,0.049,1.501,-0.022
178.600,0.050,1.500,-0.019
178.712,0.052,1.497,-0.018
178.822,0.054,1.489,-0.017
178.933,0.056,1.485,-0.014
179.045,0.059,1.484,-0.011
179.156,0.062,1.482,-0.009
179.267,0.065,1.481,-0.008
179.378,0.067,1.481,-0.007
179.489,0.069,1.480,-0.006
179.600,0.070,1.482,-0.005
179.711,0.075,1.489,-0.007
179.822,0.087,1.501,-0.013
179.933,0.095,1.513,-0.023
180.045,0.100,1.523,-0.032
180.157,0.104,1.531,-0.044
180.268,0.107,1.532,-0.053
180.379,0.110,1.532,-0.062
180.490,0.111,1.533,-0.071
180.601,0.110,1.533,-0.078
180.713,0.107,1.531,-0.077
180.823,0.097,1.525,-0.067
180.935,0.079,1.518,-0.059
181.045,0.065,1.512,-0.056
181.156,0.055,1.506,-0.052
181.267,0.048,1.502,-0.046
181.378,0.041,1.498,-0.039
181.489,0.035,1.495,-0.034
181.600,0.033,1.494,-0.031
181.711,0.031,1.494,-0.029
181.823,0.030,1.492,-0.028
181.934,0.029,1.490,-0.027
182.044,0.027,1.491,-0.027
182.156,0.025,1.490,-0.023
182.267,0.022,1.491,-0.027
182.378,0.020,1.491,-0.026
182.489,0.020,1.492,-0.025
182.600,0.020,1.492,-0.023
182.711,0.024,1.492,-0.015
182.822,0.031,1.493,-0.008
182.933,0.035,1.490,-0.003
183.045,0.038,1.489,0.006
183.156,0.045,1.491,0.021
183.267,0.048,1.480,0.011
183.378,0.049,1.473,0.009
183.489,0.057,1.464,0.017
183.600,0.063,1.453,0.025
183.709,0.069,1.446,0.024
183.821,0.076,1.434,0.032
183.932,0.080,1.414,0.047
184.044,0.096,1.406,0.067
184.154,0.122,1.406,0.094
184.266,0.152,1.405,0.129
184.377,0.186,1.396,0.179
184.489,0.218,1.385,0.226
184.600,0.261,1.376,0.263
184.710,0.313,1.376,0.294
184.821,0.383,1.390,0.305
184.932,0.458,1.411,0.296
185.044,0.526,1.420,0.280
185.155,0.569,1.421,0.273
185.266,0.581,1.421,0.281
185.377,0.588,1.425,0.289
185.487,0.600,1.426,0.282
185.599,0.624,1.416,0.271
185.709,0.002,1.422,-0.003
185.820,0.001,1.433,-0.011
185.932,-0.001,1.444,-0.026
186.044,-0.006,1.451,-0.037
186.154,-0.007,1.456,-0.044
186.265,-0.005,1.460,-0.046
186.377,-0.001,1.464,-0.044
186.488,0.003,1.468,-0.042
186.599,0.006,1.471,-0.040
186.710,0.007,1.475,-0.038
186.821,0.008,1.477,-0.036
186.932,0.011,1.477,-0.037
187.044,0.010,1.474,-0.040
187.155,0.009,1.472,-0.042
187.266,0.008,1.475,-0.046
187.378,0.008,1.481,-0.051
187.489,0.012,1.491,-0.059
187.600,0.017,1.498,-0.066
187.711,0.022,1.500,-0.071
187.821,0.023,1.496,-0.073
187.934,0.025,1.492,-0.076
188.044,0.026,1.494,-0.082
188.155,0.034,1.499,-0.091
188.266,0.040,1.500,-0.100
188.378,0.040,1.502,-0.103
188.488,0.036,1.502,-0.101
188.600,0.030,1.501,-0.100
188.711,0.025,1.501,-0.100
188.822,0.021,1.500,-0.100
188.933,0.018,1.501,-0.102
189.044,0.015,1.501,-0.103
189.156,0.013,1.501,-0.104
189.273,0.012,1.502,-0.106
189.375,0.011,1.502,-0.109
189.485,0.010,1.503,-0.111
189.596,0.010,1.503,-0.113
189.706,0.008,1.505,-0.115
189.819,0.006,1.507,-0.116
189.930,0.003,1.507,-0.116
190.041,-0.003,1.506,-0.116
190.153,-0.007,1.504,-0.114
190.264,-0.007,1.503,-0.113
190.375,-0.006,1.503,-0.115
190.486,-0.005,1.500,-0.117
190.598,-0.005,1.497,-0.118
190.708,-0.003,1.497,-0.118
190.820,-0.001,1.496,-0.119
190.932,0.000,1.495,-0.119
191.042,0.000,1.493,-0.119
191.153,0.001,1.493,-0.119
191.265,0.000,1.494,-0.119
191.375,0.000,1.494,-0.118
191.487,0.000,1.494,-0.117
191.597,0.000,1.494,-0.116
191.709,0.000,1.494,-0.115
191.820,0.001,1.494,-0.115
191.931,0.000,1.495,-0.116
192.041,-0.002,1.497,-0.117
192.153,-0.004,1.498,-0.120
192.264,-0.005,1.498,-0.122
192.374,-0.007,1.499,-0.123
192.486,-0.009,1.501,-0.123
192.597,-0.010,1.502,-0.123
192.709,-0.009,1.502,-0.123
192.820,-0.010,1.502,-0.124
192.931,-0.010,1.501,-0.124
193.041,-0.010,1.501,-0.124
193.153,-0.010,1.500,-0.123
193.264,-0.011,1.501,-0.123
193.375,-0.011,1.501,-0.123
193.486,-0.012,1.501,-0.123
193.597,-0.014,1.502,-0.125
193.709,-0.014,1.502,-0.126
193.820,-0.015,1.502,-0.126
193.931,-0.015,1.503,-0.127
194.041,-0.015,1.503,-0.127
194.153,-0.015,1.505,-0.126
194.264,-0.015,1.508,-0.123
194.375,-0.015,1.507,-0.120
194.485,-0.015,1.504,-0.117
194.598,-0.017,1.502,-0.115
194.709,-0.018,1.502,-0.112
194.820,-0.020,1.502,-0.111
194.931,-0.022,1.503,-0.112
195.042,-0.022,1.502,-0.113
195.153,-0.023,1.503,-0.114
195.264,-0.022,1.506,-0.116
195.375,-0.019,1.504,-0.116
195.487,-0.019,1.504,-0.118
195.598,-0.018,1.505,-0.120
195.709,-0.018,1.503,-0.119
195.820,-0.018,1.501,-0.117
195.932,-0.016,1.503,-0.116
196.043,-0.014,1.505,-0.115
196.153,-0.011,1.514,-0.114
196.264,-0.003,1.513,-0.118
196.376,0.002,1.515,-0.125
196.487,0.006,1.524,-0.137
196.599,0.008,1.525,-0.146
196.710,0.008,1.524,-0.149
196.820,0.011,1.525,-0.150
196.932,0.014,1.525,-0.152
197.043,0.015,1.524,-0.153
197.154,0.019,1.524,-0.153
197.265,0.020,1.524,-0.157
197.376,0.023,1.525,-0.164
197.487,0.027,1.524,-0.163
197.598,0.027,1.523,-0.161
197.709,0.026,1.524,-0.161
197.821,0.024,1.523,-0.160
197.932,0.025,1.523,-0.160
198.044,0.025,1.523,-0.160
198.154,0.026,1.522,-0.161
198.264,0.027,1.521,-0.158
198.376,0.028,1.520,-0.155
198.487,0.029,1.519,-0.152
198.599,0.029,1.518,-0.147
198.709,0.027,1.514,-0.141
198.821,0.022,1.511,-0.135
198.932,0.016,1.509,-0.130
199.043,0.012,1.508,-0.129
199.154,0.009,1.509,-0.131
199.264,0.008,1.510,-0.133
199.375,0.006,1.509,-0.132
199.487,0.004,1.509,-0.131
199.599,0.003,1.508,-0.130
199.709,0.002,1.508,-0.130
199.820,0.001,1.508,-0.130
199.931,0.001,1.507,-0.131
200.042,0.002,1.506,-0.132
200.153,0.002,1.506,-0.134
200.264,0.003,1.507,-0.136
200.376,0.005,1.509,-0.138
200.487,0.006,1.512,-0.141
200.599,0.007,1.514,-0.146
200.709,0.009,1.516,-0.149
200.820,0.010,1.514,-0.149
200.932,0.012,1.510,-0.147
201.042,0.015,1.509,-0.144
201.154,0.015,1.513,-0.145
201.264,0.018,1.523,-0.152
201.376,0.026,1.526,-0.159
201.488,0.030,1.523,-0.161
201.598,0.030,1.523,-0.161
201.710,0.027,1.523,-0.162
201.820,0.025,1.523,-0.163
201.932,0.026,1.525,-0.166
202.043,0.028,1.524,-0.170
202.154,0.030,1.523,-0.170
202.265,0.032,1.523,-0.171
202.376,0.033,1.524,-0.172
202.487,0.034,1.523,-0.172
202.599,0.034,1.523,-0.171
202.709,0.033,1.523,-0.170
202.820,0.033,1.522,-0.168
202.932,0.033,1.523,-0.168
203.043,0.032,1.523,-0.171
203.152,0.029,1.523,-0.173
203.265,0.027,1.523,-0.173
203.376,0.027,1.523,-0.174
203.487,0.028,1.523,-0.176
203.599,0.030,1.522,-0.177
203.709,0.030,1.522,-0.178
203.820,0.030,1.522,-0.177
203.931,0.031,1.520,-0.177
204.043,0.034,1.519,-0.176
204.153,0.035,1.519,-0.175
204.265,0.037,1.519,-0.175
204.376,0.037,1.520,-0.175
204.487,0.037,1.520,-0.176
204.598,0.037,1.521,-0.176
204.709,0.036,1.523,-0.176
204.820,0.036,1.523,-0.176
204.932,0.037,1.523,-0.174
205.043,0.037,1.522,-0.171
205.155,0.037,1.521,-0.167
205.264,0.037,1.519,-0.162
205.377,0.038,1.517,-0.156
205.487,0.036,1.516,-0.150
205.599,0.033,1.513,-0.143
205.709,0.029,1.509,-0.139
205.820,0.026,1.509,-0.139
205.932,0.024,1.512,-0.142
206.043,0.023,1.516,-0.146
206.153,0.024,1.523,-0.154
206.265,0.025,1.525,-0.161
206.375,0.029,1.525,-0.164
206.487,0.032,1.523,-0.164
206.598,0.034,1.523,-0.162
206.709,0.037,1.521,-0.156
206.820,0.040,1.520,-0.150
206.931,0.039,1.520,-0.147
207.041,0.038,1.519,-0.145
207.153,0.036,1.520,-0.143
207.264,0.034,1.520,-0.142
207.375,0.035,1.518,-0.142
207.487,0.036,1.516,-0.141
207.598,0.035,1.512,-0.141
207.708,0.034,1.511,-0.142
207.819,0.031,1.510,-0.142
207.932,0.027,1.509,-0.141
208.042,0.025,1.509,-0.141
208.153,0.023,1.510,-0.141
208.265,0.022,1.510,-0.141
208.376,0.023,1.510,-0.140
208.487,0.023,1.510,-0.139
208.599,0.024,1.513,-0.141
208.709,0.025,1.516,-0.146
208.820,0.024,1.518,-0.150
208.932,0.026,1.519,-0.153
209.042,0.028,1.518,-0.156
209.153,0.030,1.518,-0.156
209.265,0.033,1.518,-0.157
209.376,0.034,1.518,-0.158
209.487,0.034,1.518,-0.157
209.598,0.033,1.517,-0.156
209.709,0.032,1.516,-0.155
209.820,0.030,1.515,-0.154
209.930,0.029,1.514,-0.154
210.042,0.020,1.514,-0.151
210.154,0.009,1.513,-0.146
210.265,0.008,1.511,-0.143
210.375,0.009,1.510,-0.141
210.487,0.011,1.510,-0.140
210.597,0.012,1.511,-0.141
210.709,0.014,1.512,-0.143
210.821,0.016,1.512,-0.145
210.931,0.018,1.512,-0.146
211.041,0.022,1.515,-0.150
211.153,0.025,1.518,-0.157
211.264,0.026,1.519,-0.160
211.376,0.027,1.519,-0.162
211.487,0.028,1.518,-0.162
211.598,0.028,1.518,-0.161
211.709,0.030,1.518,-0.160
211.821,0.033,1.519,-0.162
211.931,0.039,1.520,-0.165
212.042,0.045,1.521,-0.171
212.154,0.049,1.520,-0.175
212.264,0.051,1.520,-0.176
212.376,0.054,1.519,-0.176
212.487,0.058,1.519,-0.176
212.598,0.063,1.518,-0.174
212.709,0.068,1.517,-0.170
212.820,0.073,1.517,-0.165
212.931,0.078,1.517,-0.159
213.043,0.083,1.518,-0.155
213.153,0.092,1.519,-0.151
213.264,0.104,1.518,-0.147
213.377,0.119,1.518,-0.145
213.487,0.134,1.517,-0.146
213.597,0.146,1.515,-0.152
213.709,0.151,1.515,-0.157
213.820,0.149,1.518,-0.162
213.932,0.139,1.514,-0.164
214.043,0.122,1.518,-0.163
214.153,0.102,1.523,-0.162
214.264,0.084,1.519,-0.160
214.376,0.069,1.513,-0.161
214.487,0.062,1.516,-0.165
214.598,0.063,1.515,-0.168
214.708,0.066,1.514,-0.165
214.819,0.071,1.516,-0.161
214.931,0.075,1.514,-0.156
215.043,0.079,1.514,-0.155
215.153,0.081,1.512,-0.154
215.265,0.083,1.511,-0.154
215.377,0.084,1.510,-0.156
215.487,0.083,1.510,-0.157
215.598,0.083,1.510,-0.159
215.709,0.084,1.511,-0.162
215.820,0.085,1.511,-0.164
215.932,0.086,1.511,-0.165
216.042,0.086,1.509,-0.163
216.153,0.086,1.508,-0.160
216.264,0.086,1.508,-0.157
216.375,0.086,1.506,-0.152
216.486,0.084,1.504,-0.147
216.597,0.080,1.502,-0.144
216.710,0.078,1.500,-0.143
216.820,0.077,1.499,-0.141
216.932,0.079,1.499,-0.143
217.042,0.081,1.501,-0.146
217.153,0.079,1.503,-0.149
217.264,0.078,1.506,-0.153
217.375,0.076,1.507,-0.158
217.486,0.071,1.507,-0.158
217.598,0.068,1.507,-0.158
217.709,0.066,1.507,-0.158
217.820,0.064,1.507,-0.158
217.931,0.064,1.506,-0.157
218.043,0.064,1.506,-0.157
218.153,0.060,1.506,-0.152
218.264,0.056,1.504,-0.145
218.377,0.054,1.502,-0.140
218.487,0.053,1.500,-0.137
218.598,0.054,1.498,-0.135
218.709,0.057,1.496,-0.135
218.820,0.059,1.496,-0.135
218.931,0.059,1.496,-0.135
219.042,0.057,1.494,-0.135
219.153,0.054,1.494,-0.135
219.265,0.051,1.496,-0.137
219.375,0.057,1.501,-0.143
219.486,0.063,1.503,-0.147
219.597,0.066,1.503,-0.147
219.709,0.069,1.503,-0.146
219.821,0.071,1.503,-0.145
219.931,0.074,1.502,-0.142
220.042,0.075,1.501,-0.138
220.154,0.074,1.500,-0.133
220.264,0.072,1.500,-0.130
220.375,0.070,1.500,-0.128
220.486,0.070,1.499,-0.127
220.598,0.070,1.499,-0.126
220.710,0.070,1.498,-0.126
220.820,0.070,1.497,-0.126
220.931,0.070,1.500,-0.128
221.042,0.070,1.506,-0.133
221.153,0.074,1.505,-0.136
221.264,0.079,1.503,-0.139
221.376,0.087,1.501,-0.144
221.487,0.092,1.497,-0.147
221.598,0.098,1.496,-0.150
221.709,0.104,1.495,-0.155
221.820,0.107,1.493,-0.156
221.932,0.107,1.492,-0.155
222.043,0.108,1.493,-0.155
222.154,0.108,1.493,-0.157
222.265,0.107,1.493,-0.157
222.376,0.106,1.493,-0.154
222.488,0.106,1.493,-0.151
222.600,0.105,1.493,-0.150
222.710,0.106,1.493,-0.150
222.821,0.107,1.493,-0.150
222.933,0.108,1.493,-0.150
223.044,0.110,1.493,-0.152
223.154,0.114,1.495,-0.157
223.266,0.115,1.493,-0.159
223.377,0.115,1.493,-0.158
223.487,0.115,1.493,-0.156
223.599,0.115,1.493,-0.156
223.710,0.108,1.496,-0.150
223.820,0.100,1.498,-0.145
223.932,0.100,1.500,-0.144
224.043,0.104,1.498,-0.145
224.154,0.108,1.498,-0.149
224.264,0.110,1.499,-0.152
224.376,0.111,1.499,-0.154
224.487,0.112,1.498,-0.155
224.598,0.112,1.497,-0.155
224.709,0.112,1.497,-0.155
224.820,0.110,1.497,-0.155
224.932,0.109,1.496,-0.155
225.043,0.108,1.496,-0.154
225.154,0.108,1.495,-0.154
225.266,0.108,1.495,-0.154
225.376,0.107,1.495,-0.154
225.487,0.107,1.494,-0.154
225.598,0.106,1.494,-0.154
225.709,0.105,1.494,-0.155
225.820,0.104,1.494,-0.157
225.931,0.103,1.494,-0.157
226.043,0.098,1.496,-0.154
226.153,0.096,1.496,-0.153
226.264,0.100,1.494,-0.152
226.376,0.111,1.494,-0.156
226.488,0.115,1.493,-0.158
226.599,0.113,1.492,-0.156
226.709,0.113,1.491,-0.153
226.820,0.114,1.490,-0.151
226.931,0.113,1.489,-0.150
227.043,0.111,1.491,-0.149
227.154,0.109,1.492,-0.148
227.265,0.105,1.493,-0.145
227.376,0.099,1.495,-0.140
227.487,0.094,1.496,-0.135
227.596,0.091,1.495,-0.130
227.709,0.088,1.495,-0.127
227.819,0.086,1.494,-0.125
227.931,0.085,1.493,-0.123
228.042,0.086,1.493,-0.123
228.153,0.088,1.495,-0.127
228.264,0.090,1.499,-0.132
228.375,0.091,1.501,-0.136
228.487,0.091,1.501,-0.138
228.597,0.090,1.500,-0.138
228.709,0.088,1.500,-0.139
228.821,0.091,1.502,-0.141
228.931,0.097,1.501,-0.145
229.042,0.101,1.499,-0.145
229.153,0.104,1.497,-0.145
229.264,0.107,1.495,-0.146
229.375,0.107,1.495,-0.146
229.487,0.104,1.496,-0.146
229.599,0.102,1.496,-0.147
229.709,0.102,1.497,-0.148
229.820,0.102,1.497,-0.147
229.932,0.102,1.495,-0.146
230.043,0.101,1.493,-0.144
230.154,0.101,1.492,-0.142
230.265,0.100,1.491,-0.141
230.377,0.098,1.491,-0.139
230.487,0.094,1.490,-0.134
230.598,0.086,1.490,-0.128
230.709,0.081,1.496,-0.125
230.820,0.083,1.500,-0.127
230.930,0.086,1.500,-0.129
231.049,0.088,1.499,-0.129
231.152,0.085,1.497,-0.127
231.264,0.084,1.496,-0.126
231.377,0.085,1.496,-0.128
231.489,0.089,1.496,-0.132
231.600,0.096,1.496,-0.140
231.711,0.097,1.494,-0.146
231.822,0.097,1.493,-0.147
231.934,0.099,1.492,-0.148
232.045,0.100,1.492,-0.148
232.156,0.102,1.491,-0.145
232.267,0.104,1.491,-0.139
232.378,0.104,1.489,-0.133
232.489,0.101,1.488,-0.128
232.601,0.098,1.490,-0.125
232.712,0.095,1.492,-0.124
232.822,0.093,1.493,-0.125
232.934,0.093,1.494,-0.125
233.045,0.093,1.494,-0.124
233.156,0.093,1.494,-0.123
233.267,0.095,1.495,-0.123
233.378,0.096,1.496,-0.124
233.490,0.096,1.495,-0.123
233.601,0.097,1.495,-0.122
233.712,0.097,1.495,-0.121
233.823,0.097,1.496,-0.118
233.934,0.097,1.497,-0.117
234.045,0.097,1.497,-0.118
234.157,0.097,1.497,-0.116
234.268,0.097,1.497,-0.115
234.379,0.098,1.497,-0.114
234.490,0.100,1.497,-0.111
234.601,0.102,1.496,-0.106
234.712,0.105,1.496,-0.104
234.823,0.107,1.496,-0.102
234.934,0.108,1.496,-0.100
235.046,0.109,1.496,-0.100
235.157,0.110,1.495,-0.099
235.268,0.110,1.495,-0.098
235.379,0.110,1.494,-0.095
235.490,0.110,1.493,-0.091
235.601,0.110,1.494,-0.088
235.712,0.109,1.493,-0.087
235.823,0.109,1.493,-0.087
235.934,0.109,1.492,-0.089
236.046,0.109,1.492,-0.089
236.156,0.109,1.491,-0.090
236.268,0.108,1.489,-0.089
236.379,0.104,1.485,-0.085
236.490,0.107,1.485,-0.084
236.601,0.108,1.485,-0.083
236.712,0.111,1.488,-0.084
236.823,0.114,1.492,-0.088
236.935,0.114,1.493,-0.090
237.046,0.115,1.494,-0.091
237.156,0.116,1.493,-0.092
237.268,0.116,1.492,-0.094
237.379,0.116,1.492,-0.094
237.490,0.118,1.492,-0.093
237.601,0.119,1.492,-0.091
237.712,0.119,1.492,-0.088
237.823,0.119,1.491,-0.086
237.934,0.119,1.491,-0.084
238.046,0.118,1.491,-0.083
238.156,0.119,1.491,-0.081
238.268,0.119,1.491,-0.080
238.379,0.119,1.491,-0.079
238.490,0.118,1.491,-0.078
238.601,0.118,1.491,-0.076
238.711,0.117,1.492,-0.075
238.822,0.118,1.492,-0.075
238.934,0.118,1.492,-0.074
239.045,0.118,1.492,-0.074
239.156,0.118,1.493,-0.074
239.267,0.118,1.494,-0.075
239.378,0.119,1.495,-0.076
239.489,0.119,1.493,-0.076
239.601,0.121,1.492,-0.075
239.712,0.122,1.490,-0.074
239.823,0.123,1.488,-0.073
239.934,0.125,1.488,-0.073
240.046,0.126,1.489,-0.076
240.157,0.127,1.490,-0.079
240.268,0.128,1.490,-0.081
240.379,0.128,1.491,-0.084
240.490,0.129,1.491,-0.086
240.601,0.129,1.490,-0.088
240.712,0.130,1.490,-0.089
240.823,0.128,1.487,-0.088
240.934,0.127,1.486,-0.087
241.046,0.127,1.486,-0.087
241.156,0.126,1.484,-0.088
241.267,0.126,1.483,-0.090
241.379,0.127,1.483,-0.094
241.490,0.127,1.484,-0.099
241.601,0.128,1.484,-0.105
241.712,0.128,1.484,-0.110
241.823,0.127,1.484,-0.113
241.934,0.124,1.483,-0.114
242.045,0.123,1.481,-0.114
242.156,0.123,1.482,-0.116
242.268,0.122,1.483,-0.116
242.379,0.122,1.482,-0.115
242.489,0.122,1.482,-0.114
242.601,0.122,1.482,-0.115
242.712,0.121,1.482,-0.117
242.823,0.124,1.484,-0.121
242.934,0.128,1.486,-0.128
243.045,0.128,1.484,-0.130
243.156,0.130,1.485,-0.130
243.267,0.130,1.486,-0.129
243.379,0.127,1.485,-0.127
243.491,0.127,1.484,-0.124
243.601,0.128,1.484,-0.122
243.712,0.126,1.484,-0.120
243.823,0.125,1.484,-0.118
243.934,0.124,1.483,-0.118
244.045,0.125,1.482,-0.117
244.156,0.125,1.482,-0.114
244.267,0.124,1.481,-0.112
244.379,0.123,1.482,-0.111
244.490,0.123,1.483,-0.109
244.601,0.123,1.483,-0.108
244.712,0.122,1.482,-0.108
244.823,0.121,1.483,-0.107
244.934,0.119,1.482,-0.106
245.045,0.118,1.481,-0.105
245.156,0.119,1.480,-0.102
245.267,0.121,1.479,-0.099
245.378,0.123,1.479,-0.094
245.489,0.124,1.479,-0.090
245.601,0.124,1.478,-0.082
245.712,0.124,1.476,-0.074
245.823,0.129,1.473,-0.073
245.934,0.132,1.472,-0.076
246.045,0.135,1.473,-0.076
246.156,0.137,1.472,-0.074
246.267,0.139,1.472,-0.071
246.378,0.143,1.471,-0.064
246.489,0.146,1.467,-0.050
246.600,0.153,1.472,-0.020
246.711,0.171,1.496,0.038
246.822,0.188,1.521,0.092
246.933,0.200,1.533,0.142
247.044,0.203,1.530,0.193
247.155,0.186,1.508,0.243
247.266,0.151,1.472,0.290
247.377,0.101,1.427,0.320
247.488,0.045,1.388,0.329
247.599,-0.008,1.364,0.325
247.711,-0.054,1.344,0.321
247.822,-0.092,1.328,0.318
247.933,-0.115,1.320,0.309
248.044,-0.130,1.313,0.298
248.156,-0.139,1.315,0.288
248.267,-0.144,1.326,0.281
248.378,-0.150,1.338,0.279
248.489,-0.160,1.349,0.283
248.600,-0.176,1.371,0.292
248.712,-0.207,1.408,0.310
248.822,-0.252,1.432,0.334
248.933,-0.292,1.432,0.358
249.045,-0.321,1.425,0.376
249.156,-0.339,1.420,0.384
249.266,-0.358,1.428,0.387
249.378,-0.380,1.450,0.388
249.489,-0.408,1.480,0.385
249.600,-0.436,1.506,0.380
249.711,-0.453,1.518,0.378
249.822,-0.453,1.523,0.379
249.934,-0.454,1.523,0.379
250.045,-0.454,1.525,0.380
250.156,-0.001,1.525,0.001
250.266,-0.002,1.523,0.000
250.378,-0.004,1.525,-0.001
250.489,-0.006,1.525,-0.003
250.600,-0.005,1.522,-0.007
250.711,-0.004,1.520,-0.007
250.825,-0.006,1.522,-0.006
250.933,-0.009,1.525,0.001
251.044,-0.012,1.528,0.008
251.155,-0.015,1.533,0.014
251.266,-0.022,1.537,0.015
251.378,-0.028,1.535,0.012
251.488,-0.035,1.534,0.011
251.600,-0.042,1.534,0.010
251.711,-0.046,1.533,0.007
251.822,-0.050,1.531,0.002
251.933,-0.054,1.528,-0.006
252.044,-0.059,1.526,-0.016
252.156,-0.066,1.526,-0.027
252.267,-0.071,1.528,-0.033
252.378,-0.070,1.527,-0.035
252.489,-0.068,1.525,-0.038
252.600,-0.067,1.525,-0.042
252.711,-0.066,1.525,-0.045
252.822,-0.062,1.526,-0.047
252.933,-0.058,1.527,-0.048
253.044,-0.056,1.528,-0.049
253.156,-0.062,1.529,-0.049
253.266,-0.070,1.529,-0.052
253.378,-0.079,1.529,-0.056
253.489,-0.087,1.529,-0.062
253.600,-0.093,1.529,-0.067
253.711,-0.095,1.528,-0.069
253.822,-0.095,1.530,-0.067
253.933,-0.093,1.529,-0.061
254.045,-0.093,1.529,-0.054
254.155,-0.090,1.528,-0.045
254.267,-0.081,1.527,-0.037
254.378,-0.070,1.529,-0.030
254.489,-0.063,1.529,-0.027
254.600,-0.059,1.529,-0.026
254.711,-0.056,1.529,-0.029
254.822,-0.057,1.530,-0.031
254.933,-0.058,1.531,-0.032
255.045,-0.061,1.531,-0.034
255.156,-0.063,1.531,-0.035
255.267,-0.065,1.530,-0.036
255.378,-0.066,1.530,-0.037
255.489,-0.067,1.528,-0.038
255.600,-0.066,1.528,-0.039
255.711,-0.066,1.529,-0.040
255.822,-0.065,1.529,-0.040
255.933,-0.065,1.528,-0.040
256.045,-0.066,1.528,-0.043
256.155,-0.066,1.528,-0.042
256.267,-0.061,1.527,-0.040
256.378,-0.056,1.523,-0.035
256.489,-0.050,1.519,-0.027
256.600,-0.045,1.513,-0.025
256.711,-0.041,1.510,-0.027
256.822,-0.039,1.509,-0.029
256.933,-0.038,1.507,-0.032
257.044,-0.039,1.508,-0.037
257.155,-0.041,1.507,-0.044
257.266,-0.044,1.504,-0.055
257.378,-0.045,1.497,-0.066
257.489,-0.045,1.490,-0.073
257.600,-0.044,1.490,-0.074
257.711,-0.040,1.488,-0.068
257.822,-0.035,1.479,-0.054
257.933,-0.031,1.475,-0.037
258.044,-0.027,1.470,-0.024
258.155,-0.027,1.466,-0.017
258.266,-0.027,1.465,-0.016
258.377,-0.027,1.470,-0.016
258.489,-0.027,1.486,-0.017
258.600,-0.023,1.514,-0.018
258.711,-0.014,1.535,-0.027
258.822,0.003,1.541,-0.040
258.935,0.016,1.541,-0.056
259.046,0.017,1.541,-0.062
259.157,0.012,1.540,-0.060
259.267,0.004,1.539,-0.054
259.379,-0.006,1.539,-0.045
259.490,-0.014,1.539,-0.037
259.601,-0.017,1.538,-0.032
259.712,-0.017,1.537,-0.031
259.823,-0.015,1.536,-0.032
259.934,-0.014,1.535,-0.033
260.046,-0.013,1.535,-0.033
260.156,-0.014,1.535,-0.034
260.267,-0.014,1.535,-0.034
260.379,-0.013,1.535,-0.035
260.489,-0.012,1.534,-0.036
260.600,-0.012,1.534,-0.036
260.712,-0.011,1.534,-0.035
260.822,-0.011,1.533,-0.034
260.934,-0.011,1.533,-0.034
261.045,-0.011,1.532,-0.033
261.156,-0.011,1.532,-0.033
261.267,-0.012,1.532,-0.033
261.378,-0.013,1.532,-0.034
261.489,-0.015,1.533,-0.034
261.600,-0.016,1.533,-0.035
261.711,-0.017,1.533,-0.035
261.822,-0.018,1.533,-0.035
261.933,-0.021,1.532,-0.033
262.045,-0.025,1.531,-0.032
262.155,-0.027,1.531,-0.031
262.267,-0.026,1.531,-0.032
262.378,-0.025,1.531,-0.033
262.489,-0.024,1.531,-0.034
262.600,-0.023,1.532,-0.035
262.712,-0.022,1.533,-0.036
262.822,-0.022,1.532,-0.037
262.934,-0.023,1.532,-0.037
263.045,-0.023,1.532,-0.037
263.156,-0.024,1.532,-0.036
263.267,-0.023,1.532,-0.036
263.378,-0.023,1.532,-0.035
263.489,-0.025,1.532,-0.034
263.600,-0.027,1.532,-0.034
263.711,-0.031,1.531,-0.034
263.823,-0.033,1.531,-0.035
263.933,-0.032,1.532,-0.036
264.045,-0.032,1.532,-0.036
264.156,-0.032,1.533,-0.037
264.267,-0.035,1.533,-0.038
264.378,-0.039,1.534,-0.039
264.489,-0.042,1.535,-0.039
264.600,-0.045,1.535,-0.040
264.712,-0.046,1.536,-0.040
264.822,-0.046,1.536,-0.041
264.934,-0.047,1.535,-0.042
265.045,-0.046,1.535,-0.043
265.156,-0.046,1.533,-0.044
265.267,-0.046,1.533,-0.043
265.378,-0.045,1.533,-0.043
265.489,-0.045,1.532,-0.041
265.600,-0.045,1.532,-0.039
265.711,-0.044,1.533,-0.037
265.822,-0.043,1.535,-0.036
265.934,-0.042,1.535,-0.038
266.045,-0.042,1.539,-0.040
266.156,-0.042,1.541,-0.042
266.267,-0.040,1.543,-0.043
266.378,-0.039,1.544,-0.043
266.489,-0.038,1.546,-0.043
266.600,-0.039,1.551,-0.043
266.712,-0.039,1.556,-0.045
266.822,-0.038,1.555,-0.045
266.933,-0.038,1.556,-0.046
267.045,-0.039,1.558,-0.048
267.156,-0.040,1.559,-0.049
267.267,-0.041,1.560,-0.051
267.379,-0.042,1.562,-0.053
267.489,-0.044,1.565,-0.055
267.600,-0.047,1.571,-0.059
267.712,-0.048,1.571,-0.062
267.822,-0.049,1.568,-0.060
267.933,-0.049,1.567,-0.059
268.045,-0.051,1.567,-0.058
268.156,-0.053,1.566,-0.058
268.267,-0.052,1.565,-0.058
268.378,-0.050,1.564,-0.058
268.489,-0.047,1.564,-0.057
268.600,-0.045,1.562,-0.056
268.712,-0.045,1.561,-0.054
268.822,-0.045,1.560,-0.052
268.934,-0.044,1.561,-0.053
269.045,-0.047,1.561,-0.053
269.156,-0.049,1.561,-0.053
269.267,-0.052,1.561,-0.054
269.378,-0.055,1.560,-0.055
269.489,-0.060,1.559,-0.056
269.600,-0.069,1.559,-0.059
269.711,-0.077,1.558,-0.062
269.822,-0.078,1.557,-0.062
269.933,-0.072,1.557,-0.060
270.045,-0.065,1.556,-0.059
270.155,-0.058,1.556,-0.059
270.267,-0.055,1.556,-0.060
270.378,-0.058,1.556,-0.062
270.489,-0.060,1.555,-0.064
270.600,-0.061,1.554,-0.064
270.712,-0.061,1.554,-0.062
270.822,-0.061,1.554,-0.060
270.933,-0.062,1.553,-0.057
271.045,-0.063,1.553,-0.056
271.156,-0.064,1.554,-0.054
271.267,-0.064,1.554,-0.052
271.378,-0.064,1.554,-0.051
271.489,-0.065,1.555,-0.049
271.600,-0.065,1.555,-0.047
271.712,-0.066,1.555,-0.045
271.822,-0.066,1.555,-0.043
271.934,-0.066,1.555,-0.041
272.045,-0.066,1.555,-0.040
272.155,-0.066,1.555,-0.039
272.267,-0.066,1.555,-0.039
272.377,-0.066,1.555,-0.038
272.489,-0.066,1.556,-0.039
272.600,-0.066,1.556,-0.039
272.711,-0.065,1.556,-0.040
272.822,-0.065,1.557,-0.041
272.933,-0.065,1.557,-0.041
273.044,-0.065,1.557,-0.041
273.156,-0.065,1.556,-0.042
273.267,-0.065,1.556,-0.043
273.378,-0.065,1.555,-0.043
273.489,-0.065,1.555,-0.044
273.600,-0.065,1.555,-0.045
273.712,-0.065,1.554,-0.046
273.822,-0.065,1.554,-0.047
273.934,-0.065,1.554,-0.049
274.044,-0.065,1.555,-0.050
274.156,-0.065,1.555,-0.051
274.267,-0.065,1.555,-0.052
274.378,-0.065,1.554,-0.052
274.489,-0.065,1.554,-0.053
274.600,-0.065,1.554,-0.053
274.712,-0.064,1.554,-0.054
274.822,-0.065,1.554,-0.054
274.934,-0.065,1.554,-0.054
275.045,-0.065,1.554,-0.054
275.156,-0.065,1.554,-0.054
275.267,-0.062,1.554,-0.055
275.378,-0.057,1.552,-0.056
275.489,-0.053,1.551,-0.059
275.600,-0.053,1.552,-0.062
275.711,-0.055,1.553,-0.066
275.822,-0.057,1.554,-0.068
275.933,-0.059,1.554,-0.068
276.044,-0.060,1.553,-0.069
276.155,-0.060,1.552,-0.069
276.267,-0.061,1.553,-0.069
276.377,-0.062,1.553,-0.070
276.489,-0.063,1.552,-0.070
276.600,-0.064,1.552,-0.070
276.711,-0.065,1.552,-0.070
276.822,-0.065,1.551,-0.071
276.933,-0.066,1.551,-0.071
277.045,-0.066,1.551,-0.071
277.155,-0.066,1.551,-0.071
277.266,-0.065,1.551,-0.070
277.378,-0.065,1.551,-0.069
277.489,-0.065,1.551,-0.069
277.600,-0.065,1.550,-0.068
277.711,-0.065,1.550,-0.068
277.822,-0.065,1.550,-0.067
277.933,-0.064,1.550,-0.067
278.044,-0.064,1.550,-0.067
278.155,-0.064,1.550,-0.067
278.267,-0.063,1.550,-0.068
278.377,-0.063,1.551,-0.068
278.488,-0.063,1.551,-0.068
278.600,-0.063,1.551,-0.068
278.711,-0.064,1.551,-0.068
278.822,-0.064,1.551,-0.068
278.933,-0.064,1.551,-0.069
279.044,-0.064,1.551,-0.070
279.155,-0.064,1.550,-0.072
279.266,-0.065,1.550,-0.074
279.377,-0.065,1.550,-0.076
279.489,-0.066,1.550,-0.077
279.599,-0.067,1.550,-0.079
279.711,-0.068,1.551,-0.080
279.822,-0.068,1.551,-0.080
279.933,-0.068,1.550,-0.080
280.044,-0.068,1.550,-0.080
280.155,-0.069,1.550,-0.080
280.266,-0.068,1.550,-0.079
280.378,-0.069,1.550,-0.079
280.489,-0.068,1.550,-0.079
280.600,-0.068,1.551,-0.078
280.711,-0.068,1.551,-0.077
280.822,-0.069,1.551,-0.076
280.933,-0.069,1.550,-0.075
281.045,-0.068,1.550,-0.073
281.155,-0.068,1.550,-0.072
281.267,-0.068,1.549,-0.072
281.378,-0.068,1.549,-0.072
281.489,-0.068,1.549,-0.072
281.600,-0.067,1.549,-0.072
281.711,-0.067,1.549,-0.073
281.822,-0.067,1.549,-0.073
281.933,-0.067,1.549,-0.072
282.045,-0.067,1.549,-0.072
282.156,-0.067,1.549,-0.072
282.267,-0.066,1.549,-0.072
282.378,-0.066,1.549,-0.072
282.489,-0.066,1.549,-0.073
282.600,-0.066,1.549,-0.073
282.711,-0.066,1.549,-0.074
282.822,-0.067,1.549,-0.074
282.933,-0.067,1.549,-0.075
283.045,-0.067,1.549,-0.076
283.156,-0.068,1.549,-0.075
283.267,-0.068,1.549,-0.075
283.378,-0.068,1.548,-0.075
283.489,-0.068,1.548,-0.075
283.600,-0.069,1.546,-0.075
283.704,-0.069,1.543,-0.076
283.815,-0.070,1.539,-0.075
283.926,-0.073,1.537,-0.074
284.037,-0.077,1.535,-0.071
284.141,-0.080,1.533,-0.068
284.252,-0.080,1.530,-0.063
284.363,-0.078,1.529,-0.059
284.475,-0.075,1.531,-0.059
284.586,-0.070,1.535,-0.060
284.697,-0.066,1.540,-0.065
284.808,-0.063,1.542,-0.071
284.919,-0.062,1.543,-0.077
285.030,-0.062,1.543,-0.080
285.141,-0.062,1.543,-0.082
285.252,-0.062,1.543,-0.083
285.364,-0.062,1.543,-0.083
285.475,-0.062,1.543,-0.083
285.586,-0.063,1.543,-0.083
285.697,-0.064,1.542,-0.083
285.808,-0.064,1.542,-0.083
285.919,-0.064,1.541,-0.083
286.030,-0.064,1.541,-0.082
286.141,-0.065,1.540,-0.081
286.252,-0.065,1.540,-0.081
286.364,-0.065,1.540,-0.081
286.475,-0.065,1.540,-0.080
286.586,-0.066,1.540,-0.080
286.697,-0.066,1.540,-0.080
286.808,-0.067,1.541,-0.080
286.919,0.000,1.541,0.001
287.031,0.000,1.541,0.001
287.141,0.001,1.541,0.002
287.252,0.001,1.541,0.003
287.364,0.002,1.541,0.004
287.475,0.002,1.541,0.005
287.586,0.003,1.541,0.006
287.697,0.003,1.542,0.007
287.808,0.003,1.544,0.007
287.919,0.003,1.544,0.008
288.031,0.002,1.543,0.009
288.142,0.001,1.542,0.013
288.252,-0.002,1.542,0.016
288.364,-0.004,1.541,0.020
288.475,-0.003,1.541,0.023
288.586,-0.001,1.541,0.026
288.697,0.000,1.540,0.027
288.809,0.001,1.540,0.025
288.919,0.001,1.541,0.024
289.031,0.001,1.541,0.024
289.142,0.001,1.541,0.024
289.253,0.001,1.542,0.024
289.364,0.001,1.542,0.024
289.475,0.000,1.542,0.024
289.586,0.000,1.543,0.025
289.697,0.001,1.543,0.025
289.808,0.001,1.543,0.026
289.919,0.002,1.543,0.026
290.030,0.002,1.542,0.026
290.142,0.002,1.541,0.026
290.253,0.002,1.541,0.025
290.364,0.002,1.541,0.023
290.475,0.002,1.540,0.022
290.586,0.002,1.540,0.021
290.697,0.002,1.540,0.020
290.809,0.002,1.540,0.020
290.919,0.003,1.540,0.019
291.031,0.003,1.543,0.019
291.142,0.004,1.544,0.018
291.253,0.005,1.543,0.018
291.364,0.007,1.541,0.019
291.475,0.007,1.540,0.018
291.586,0.003,1.538,0.017
291.697,0.003,1.536,0.017
291.808,0.006,1.531,0.017
291.920,0.005,1.530,0.015
292.031,0.003,1.531,0.012
292.142,0.004,1.530,0.012
292.252,0.003,1.530,0.013
292.364,0.002,1.530,0.016
292.475,-0.001,1.530,0.018
292.586,-0.004,1.531,0.020
292.697,-0.006,1.533,0.022
292.808,-0.004,1.536,0.025
292.919,-0.001,1.539,0.030
293.030,0.002,1.539,0.035
293.141,0.005,1.539,0.041
293.252,0.010,1.538,0.047
293.365,0.013,1.538,0.051
293.475,0.015,1.538,0.053
293.586,0.016,1.537,0.054
293.697,0.016,1.537,0.054
293.808,0.015,1.537,0.052
293.919,0.012,1.539,0.050
294.031,0.008,1.541,0.048
294.142,-0.010,1.543,0.046
294.253,-0.038,1.544,0.038
294.364,-0.062,1.545,0.024
294.475,-0.076,1.545,0.011
294.586,-0.084,1.544,0.003
294.697,-0.086,1.545,-0.002
294.808,-0.086,1.545,-0.002
294.919,-0.082,1.545,0.005
295.031,-0.072,1.544,0.017
295.142,-0.054,1.544,0.034
295.252,-0.027,1.543,0.050
295.364,0.000,1.542,0.058
295.475,0.021,1.540,0.061
295.586,0.032,1.540,0.063
295.697,0.038,1.540,0.066
295.809,0.040,1.539,0.067
295.919,0.041,1.538,0.069
296.031,0.040,1.537,0.070
296.142,0.037,1.537,0.071
296.253,0.036,1.536,0.071
296.364,0.036,1.537,0.071
296.475,0.036,1.537,0.070
296.586,0.037,1.539,0.069
296.697,0.038,1.538,0.068
296.809,0.038,1.539,0.068
296.919,0.039,1.539,0.067
297.031,0.039,1.540,0.067
297.142,0.040,1.541,0.066
297.253,0.040,1.543,0.065
297.364,0.040,1.548,0.065
297.475,0.040,1.556,0.062
297.586,0.039,1.563,0.061
297.698,0.037,1.571,0.058
297.809,0.034,1.577,0.054
297.920,0.029,1.581,0.053
298.031,0.024,1.587,0.050
298.142,0.019,1.592,0.042
298.252,0.015,1.596,0.034
298.364,0.012,1.597,0.031
298.475,0.010,1.598,0.030
298.586,0.008,1.598,0.029
298.697,0.008,1.598,0.031
298.808,0.007,1.597,0.036
298.919,0.008,1.594,0.043
299.030,0.011,1.589,0.054
299.142,0.019,1.574,0.065
299.253,0.030,1.550,0.072
299.365,0.036,1.532,0.078
299.476,0.035,1.526,0.083
299.587,0.032,1.524,0.087
299.698,0.024,1.519,0.090
299.809,0.008,1.514,0.091
299.920,-0.011,1.505,0.090
300.031,-0.027,1.498,0.089
300.142,-0.035,1.492,0.089
300.253,-0.037,1.486,0.091
300.364,-0.035,1.483,0.096
300.475,-0.029,1.484,0.100
300.586,-0.019,1.492,0.100
300.697,-0.006,1.512,0.094
300.809,0.004,1.532,0.081
300.919,0.010,1.546,0.069
301.031,0.008,1.550,0.061
301.142,-0.008,1.550,0.057
301.253,-0.029,1.551,0.049
301.364,-0.047,1.549,0.037
301.475,-0.058,1.548,0.027
301.586,-0.064,1.547,0.023
301.698,-0.067,1.546,0.022
301.808,-0.061,1.545,0.031
301.919,-0.044,1.544,0.048
302.032,-0.015,1.543,0.066
302.142,0.019,1.542,0.073
302.252,0.046,1.541,0.071
302.364,0.063,1.538,0.067
302.476,0.073,1.536,0.067
302.587,0.075,1.536,0.068
302.698,0.074,1.535,0.071
302.809,0.072,1.535,0.073
302.920,0.070,1.532,0.075
303.031,0.069,1.530,0.077
303.142,0.070,1.528,0.078
303.253,0.072,1.526,0.079
303.365,0.074,1.524,0.079
303.476,0.069,1.527,0.083
303.587,0.046,1.533,0.091
303.698,0.013,1.538,0.092
303.809,-0.022,1.544,0.081
303.920,-0.048,1.546,0.062
304.031,-0.063,1.545,0.047
304.142,-0.071,1.543,0.039
304.253,-0.075,1.542,0.038
304.364,-0.074,1.540,0.043
304.475,-0.071,1.538,0.050
304.587,-0.068,1.536,0.056
304.698,-0.064,1.534,0.059
304.809,-0.061,1.534,0.060
304.920,-0.059,1.533,0.058
305.031,-0.056,1.531,0.056
305.142,-0.052,1.529,0.055
305.253,-0.044,1.527,0.052
305.364,-0.035,1.527,0.047
305.475,-0.024,1.528,0.042
305.586,-0.014,1.529,0.037
305.697,-0.004,1.529,0.034
305.809,0.007,1.526,0.033
305.920,0.023,1.504,0.037
306.031,0.036,1.493,0.043
306.142,0.044,1.491,0.046
306.252,0.049,1.490,0.048
306.364,0.052,1.489,0.049
306.475,0.054,1.486,0.050
306.586,0.054,1.486,0.051
306.697,0.052,1.486,0.052
306.809,0.047,1.485,0.057
306.920,0.040,1.483,0.066
307.031,0.032,1.482,0.078
307.142,0.022,1.481,0.092
307.253,0.013,1.482,0.111
307.364,0.009,1.478,0.129
307.475,0.009,1.477,0.145
307.586,0.012,1.474,0.158
307.698,0.017,1.471,0.169
307.809,0.020,1.469,0.177
307.920,0.021,1.469,0.184
308.031,0.018,1.469,0.190
308.141,0.011,1.472,0.197
308.253,0.000,1.474,0.206
308.364,-0.015,1.472,0.216
308.475,-0.032,1.469,0.226
308.586,-0.050,1.467,0.236
308.697,-0.070,1.462,0.244
308.808,-0.086,1.455,0.253
308.919,-0.095,1.451,0.263
309.030,-0.096,1.447,0.271
309.142,-0.093,1.449,0.278
309.252,-0.086,1.449,0.283
309.364,-0.079,1.453,0.284
309.475,-0.071,1.461,0.287
309.586,-0.062,1.472,0.296
309.697,-0.054,1.481,0.309
309.808,-0.052,1.479,0.322
309.919,-0.059,1.473,0.333
310.030,-0.075,1.469,0.340
310.141,-0.092,1.465,0.338
310.253,-0.110,1.461,0.329
310.364,-0.125,1.457,0.316
310.475,-0.136,1.456,0.306
310.585,-0.140,1.454,0.300
310.697,-0.139,1.454,0.302
310.808,-0.134,1.454,0.310
310.919,-0.126,1.454,0.323
311.031,-0.115,1.455,0.339
311.142,-0.103,1.457,0.354
311.252,-0.089,1.458,0.367
311.364,-0.076,1.460,0.377
311.474,-0.063,1.462,0.384
311.586,-0.053,1.463,0.393
311.697,-0.046,1.463,0.404
311.808,-0.044,1.463,0.418
311.919,-0.045,1.463,0.433
312.030,-0.053,1.461,0.451
312.142,-0.067,1.461,0.470
312.252,-0.087,1.473,0.491
312.364,-0.110,1.485,0.507
312.475,-0.132,1.500,0.519
312.586,-0.152,1.514,0.526
312.697,-0.171,1.520,0.530
312.808,-0.189,1.521,0.533
312.919,-0.206,1.521,0.536
313.031,-0.224,1.521,0.542
313.142,-0.236,1.521,0.547
313.253,-0.237,1.519,0.553
313.365,-0.227,1.523,0.561
313.476,-0.214,1.524,0.569
313.587,-0.197,1.525,0.572
313.699,-0.174,1.524,0.571
313.810,-0.142,1.525,0.569
313.921,-0.104,1.529,0.570
314.032,-0.071,1.530,0.576
314.143,-0.051,1.530,0.582
314.254,-0.043,1.530,0.585
314.365,-0.046,1.530,0.585
314.476,-0.058,1.532,0.582
314.587,-0.078,1.533,0.580
314.698,-0.107,1.534,0.581
314.810,-0.150,1.534,0.589
314.921,-0.193,1.532,0.610
315.032,-0.229,1.531,0.637
315.142,-0.256,1.530,0.664
315.254,-0.278,1.528,0.688
315.365,-0.297,1.526,0.709
315.477,-0.312,1.528,0.725
315.587,-0.325,1.526,0.735
315.699,-0.339,1.523,0.738
315.809,-0.353,1.519,0.734
315.920,-0.366,1.512,0.723
316.031,-0.383,1.503,0.709
316.142,-0.403,1.500,0.694
316.253,-0.425,1.499,0.680
316.364,-0.447,1.494,0.668
316.475,-0.470,1.491,0.658
316.586,-0.491,1.489,0.648
316.697,-0.512,1.487,0.640
316.808,-0.534,1.494,0.639
316.919,-0.561,1.501,0.643
317.031,-0.592,1.503,0.652
317.142,-0.627,1.501,0.669
317.253,-0.668,1.501,0.694
317.364,-0.714,1.511,0.721
317.476,-0.758,1.514,0.744
317.586,-0.797,1.508,0.758
317.698,-0.835,1.510,0.769
317.809,-0.870,1.506,0.779
317.920,-0.908,1.501,0.787
318.031,-0.949,1.494,0.791
318.142,-0.995,1.486,0.787
318.253,-1.046,1.483,0.778
318.365,-1.097,1.487,0.766
318.475,-1.141,1.487,0.758
318.586,-1.178,1.487,0.757
318.697,-1.210,1.487,0.758
318.809,-1.238,1.485,0.760
318.920,-1.267,1.484,0.764
319.032,-1.296,1.484,0.771
319.142,-1.332,1.489,0.779
319.253,-1.367,1.485,0.787
319.365,-1.396,1.481,0.794
319.476,-1.418,1.477,0.799
319.587,-1.431,1.477,0.804
319.698,-1.436,1.478,0.809
319.809,-1.435,1.479,0.814
319.920,-1.430,1.479,0.816
320.031,-1.422,1.481,0.816
320.143,-1.415,1.481,0.814
320.253,-1.407,1.481,0.811
320.365,-1.400,1.480,0.806
320.476,-1.397,1.480,0.799
320.587,-1.393,1.475,0.790
320.698,-1.386,1.468,0.777
320.809,-1.377,1.466,0.762
320.920,-1.366,1.463,0.750
321.031,-1.356,1.462,0.740
321.143,-1.348,1.462,0.736
321.254,-1.341,1.462,0.733
321.365,-1.336,1.463,0.732
321.476,-1.332,1.464,0.732
321.587,-1.329,1.465,0.732
321.698,-1.321,1.472,0.731
321.809,-1.300,1.486,0.727
321.920,-1.273,1.500,0.730
322.032,-1.246,1.511,0.740
322.143,-1.220,1.519,0.757
322.253,-1.196,1.525,0.777
322.365,-1.178,1.527,0.798
322.476,-1.163,1.525,0.820
322.587,-1.152,1.525,0.839
322.698,-1.145,1.524,0.851
322.809,-1.139,1.523,0.858
322.920,-1.133,1.522,0.861
323.032,-1.129,1.520,0.861
323.143,-1.126,1.519,0.858
323.253,-1.125,1.519,0.855
323.365,-1.125,1.517,0.852
323.476,-1.126,1.510,0.848
323.587,-1.128,1.506,0.842
323.698,-1.132,1.508,0.837
323.809,-1.139,1.511,0.832
323.920,-1.146,1.512,0.827
324.031,-1.152,1.512,0.821
324.142,-1.158,1.512,0.815
324.253,-1.163,1.512,0.811
324.364,-1.168,1.511,0.807
324.476,-1.173,1.510,0.803
324.586,-1.178,1.508,0.800
324.697,-1.183,1.507,0.798
324.809,-1.187,1.504,0.795
324.919,-1.192,1.500,0.791
325.031,-1.195,1.497,0.786
325.142,-1.198,1.497,0.782
325.253,-1.199,1.497,0.780
325.364,-1.201,1.497,0.779
325.475,-1.201,1.497,0.778
325.586,-1.201,1.494,0.778
325.697,-1.199,1.491,0.779
325.809,-1.196,1.483,0.783
325.920,-1.190,1.477,0.787
326.031,-1.181,1.473,0.794
326.142,-1.173,1.469,0.798
326.253,-1.167,1.467,0.800
326.364,-1.165,1.469,0.800
326.475,-1.165,1.472,0.800
326.586,-1.166,1.474,0.800
326.697,-1.170,1.474,0.800
326.809,-1.174,1.474,0.798
326.920,-1.179,1.475,0.796
327.031,-1.183,1.477,0.794
327.142,-1.186,1.477,0.792
327.253,-1.189,1.477,0.790
327.364,-1.191,1.476,0.787
327.476,-1.193,1.476,0.784
327.587,-1.195,1.476,0.782
327.698,-1.195,1.476,0.780
327.809,-1.196,1.477,0.779
327.920,-1.196,1.478,0.778
328.031,-1.197,1.477,0.777
328.143,-1.197,1.477,0.776
328.253,-1.196,1.478,0.775
328.364,-1.199,1.475,0.771
328.476,-1.206,1.471,0.765
328.587,-1.216,1.466,0.759
328.698,-1.225,1.463,0.753
328.809,-1.231,1.463,0.748
328.920,-1.235,1.462,0.744
329.031,-1.239,1.461,0.740
329.142,-1.244,1.461,0.736
329.253,-1.248,1.461,0.731
329.364,-1.252,1.461,0.727
329.476,-1.255,1.461,0.723
329.586,-1.257,1.461,0.721
329.697,-1.258,1.460,0.718
329.809,-1.258,1.460,0.717
329.920,-1.257,1.460,0.715
330.027,-1.254,1.460,0.714
330.137,-1.252,1.461,0.714
330.248,-1.251,1.462,0.713
330.362,-1.251,1.462,0.713
330.474,-1.254,1.462,0.713
330.586,-1.256,1.462,0.714
330.697,-1.259,1.462,0.713
330.809,-1.262,1.461,0.713
330.920,-1.263,1.460,0.712
331.031,-1.263,1.459,0.711
331.142,-1.262,1.459,0.709
331.253,-1.260,1.459,0.708
331.364,-1.258,1.459,0.706
331.475,-1.257,1.459,0.703
331.586,-1.257,1.458,0.700
331.698,-1.257,1.457,0.695
331.809,-1.258,1.455,0.689
331.919,-1.259,1.453,0.681
332.031,-1.267,1.448,0.662
332.142,-1.285,1.427,0.626
332.253,-1.307,1.373,0.591
332.364,-1.325,1.303,0.571
332.475,-1.342,1.219,0.558
332.586,-1.357,1.115,0.557
332.697,-1.367,1.000,0.560
332.809,-1.371,0.892,0.566
332.919,-1.372,0.801,0.570
333.031,-1.372,0.730,0.571
333.142,-1.372,0.693,0.571
333.253,-1.372,0.695,0.570
333.365,-1.374,0.714,0.570
333.475,-1.376,0.735,0.571
333.586,-1.375,0.755,0.574
333.698,-1.372,0.775,0.578
333.809,-1.370,0.797,0.583
333.920,-1.368,0.824,0.588
334.031,-1.367,0.860,0.591
334.142,-1.365,0.910,0.596
334.253,-1.363,0.976,0.603
334.364,-1.359,1.058,0.611
334.476,-1.351,1.149,0.624
334.587,-1.338,1.239,0.645
334.697,-1.323,1.309,0.672
334.809,-1.309,1.365,0.705
334.920,-1.296,1.411,0.737
335.031,-1.283,1.440,0.766
335.142,-1.272,1.458,0.791
335.253,-1.263,1.466,0.809
335.364,-1.259,1.471,0.818
335.475,-1.256,1.473,0.823
335.586,-1.256,1.473,0.826
335.698,-1.257,1.473,0.829
335.809,-1.259,1.473,0.833
335.920,-1.260,1.473,0.835
336.031,-1.261,1.473,0.836
336.142,-1.262,1.473,0.837
336.253,-1.264,1.473,0.838
336.364,-1.265,1.473,0.839
336.475,-1.266,1.473,0.839
336.586,-1.266,1.472,0.839
336.697,-1.266,1.472,0.839
336.809,-1.267,1.472,0.839
336.920,-1.267,1.472,0.839
337.031,-1.268,1.473,0.838
337.142,-1.269,1.474,0.837
337.253,-1.271,1.476,0.836
337.365,-1.273,1.478,0.835
337.475,-1.274,1.481,0.831
337.586,-1.279,1.483,0.825
337.697,-1.289,1.485,0.819
337.809,-1.299,1.486,0.812
337.920,-1.306,1.485,0.803
338.031,-1.315,1.483,0.793
338.142,-1.328,1.481,0.785
338.253,-1.352,1.479,0.775
338.365,-1.388,1.476,0.762
338.476,-1.429,1.472,0.746
338.587,-1.466,1.465,0.727
338.698,-1.494,1.460,0.714
338.809,-1.516,1.450,0.700
338.920,-1.535,1.437,0.684
339.031,-1.551,1.423,0.667
339.143,-1.561,1.418,0.657
339.253,-1.565,1.415,0.654
339.365,-1.565,1.418,0.657
339.476,-1.563,1.421,0.663
339.587,-1.560,1.427,0.670
339.698,-1.555,1.434,0.676
339.809,-1.550,1.439,0.682
339.920,-1.550,1.441,0.684
340.031,-1.551,1.439,0.682
340.142,-1.556,1.431,0.676
340.253,-1.562,1.425,0.670
340.365,-1.564,1.427,0.667
340.476,-1.564,1.428,0.666
340.587,-1.562,1.428,0.666
340.698,-1.561,1.427,0.661
340.809,-1.560,1.426,0.655
340.920,-1.560,1.423,0.647
341.031,-1.564,1.414,0.635
341.143,-1.570,1.403,0.622
341.253,-1.575,1.391,0.611
341.365,-1.577,1.384,0.604
341.476,-1.578,1.381,0.601
341.587,-1.579,1.378,0.598
341.698,-1.581,1.377,0.598
341.809,-1.581,1.379,0.602
341.920,-1.580,1.383,0.606
342.031,-1.579,1.388,0.612
342.142,-1.576,1.395,0.619
342.253,-1.572,1.403,0.627
342.365,-1.567,1.413,0.637
342.476,-1.560,1.425,0.648
342.587,-1.547,1.439,0.662
342.698,-1.530,1.453,0.679
342.809,-1.507,1.465,0.698
342.920,-1.481,1.473,0.717
343.031,-1.457,1.478,0.730
343.142,-1.434,1.480,0.739
343.253,-1.414,1.482,0.745
343.364,-1.399,1.484,0.751
343.476,-1.388,1.484,0.758
343.586,-1.379,1.485,0.764
343.690,-1.372,1.485,0.770
343.798,-1.366,1.486,0.775
343.910,-1.361,1.486,0.780
344.021,-1.356,1.486,0.783
344.142,-1.351,1.486,0.785
344.252,-1.348,1.487,0.785
344.364,-1.345,1.487,0.785
344.475,-1.342,1.487,0.784
344.587,-1.339,1.487,0.784
344.697,-1.336,1.488,0.782
344.808,-1.333,1.488,0.780
344.919,-1.328,1.489,0.777
345.030,-1.324,1.489,0.771
345.142,-1.324,1.491,0.763
345.252,-1.323,1.493,0.754
345.364,-1.318,1.493,0.743
345.475,-1.312,1.491,0.732
345.586,-1.312,1.488,0.720
345.698,-1.319,1.487,0.709
345.809,-1.334,1.485,0.697
345.920,-1.359,1.484,0.685
346.031,-1.394,1.482,0.672
346.142,-1.438,1.481,0.658
346.253,-1.486,1.479,0.642
346.364,-1.530,1.476,0.625
346.476,-1.566,1.471,0.611
346.587,-1.597,1.465,0.596
346.698,-1.623,1.457,0.579
346.809,-1.645,1.442,0.561
346.920,-1.662,1.426,0.544
347.031,-1.673,1.408,0.530
347.142,-1.682,1.395,0.517
347.253,-1.687,1.385,0.506
347.365,-1.692,1.378,0.499
347.476,-1.694,1.373,0.495
347.587,-1.694,1.370,0.493
347.698,-1.692,1.369,0.493
347.809,-1.690,1.370,0.493
347.920,-1.690,1.372,0.494
348.031,-1.689,1.374,0.495
348.142,-1.688,1.378,0.499
348.254,-1.686,1.382,0.502
348.365,-1.687,1.378,0.501
348.476,-1.692,1.369,0.495
348.587,-1.699,1.357,0.484
348.698,-1.704,1.346,0.473
348.809,-1.708,1.337,0.464
348.920,-1.709,1.333,0.460
349.031,-1.709,1.333,0.459
349.143,-1.708,1.335,0.460
349.254,-1.706,1.340,0.463
349.365,-1.704,1.350,0.467
349.476,-1.701,1.369,0.475
349.587,-1.695,1.392,0.488
349.698,-1.686,1.410,0.505
349.809,-1.676,1.423,0.519
349.920,-1.667,1.432,0.528
350.031,-1.660,1.436,0.532
350.143,-1.658,1.440,0.532
350.254,-1.659,1.439,0.529
350.365,-1.663,1.433,0.521
350.476,-1.670,1.423,0.512
350.587,-1.677,1.416,0.502
350.698,-1.686,1.404,0.491
350.809,-1.694,1.391,0.479
350.920,-1.698,1.382,0.471
351.031,-1.701,1.379,0.465
351.143,-1.704,1.377,0.460
351.253,-1.705,1.376,0.455
351.364,-1.707,1.375,0.451
351.476,-1.709,1.376,0.450
351.587,-1.711,1.380,0.452
351.698,-1.713,1.384,0.456
351.809,-1.712,1.393,0.461
351.920,-1.708,1.404,0.469
352.031,-1.700,1.417,0.481
352.143,-1.688,1.431,0.496
352.253,-1.674,1.445,0.511
352.365,-1.655,1.459,0.528
352.476,-1.630,1.470,0.545
352.586,-1.604,1.478,0.561
352.698,-1.579,1.485,0.574
352.809,-1.546,1.486,0.585
352.920,-1.508,1.486,0.599
353.031,-1.473,1.484,0.614
353.142,-1.447,1.486,0.626
353.253,-1.426,1.485,0.635
353.364,-1.410,1.479,0.643
353.475,-1.401,1.473,0.649
353.586,-1.396,1.471,0.654
353.697,-1.395,1.470,0.658
353.809,-1.397,1.469,0.662
353.920,-1.398,1.469,0.667
354.031,-1.399,1.467,0.671
354.142,-1.399,1.467,0.673
354.253,-1.398,1.467,0.673
354.364,-1.394,1.468,0.671
354.475,-1.391,1.467,0.667
354.586,-1.388,1.467,0.662
354.698,-1.390,1.467,0.655
354.809,-1.395,1.466,0.648
354.920,-1.401,1.465,0.641
355.031,-1.404,1.464,0.635
355.142,-1.404,1.464,0.630
355.253,-1.401,1.464,0.626
355.364,-1.398,1.463,0.621
355.475,-1.396,1.463,0.615
355.587,-1.400,1.466,0.607
355.698,-1.413,1.468,0.599
355.809,-1.435,1.470,0.592
355.921,-1.462,1.470,0.583
356.031,-1.490,1.469,0.572
356.142,-1.519,1.465,0.558
356.253,-1.543,1.458,0.543
356.365,-1.559,1.452,0.530
356.476,-1.567,1.448,0.523
356.587,-1.572,1.447,0.521
356.698,-1.574,1.447,0.523
356.809,-1.575,1.448,0.527
356.920,-1.572,1.451,0.535
357.031,-1.565,1.454,0.546
357.142,-1.554,1.457,0.559
357.253,-1.545,1.461,0.569
357.365,-1.538,1.464,0.576
357.476,-1.533,1.465,0.581
357.586,-1.530,1.466,0.585
357.698,-1.523,1.468,0.588
357.809,-1.512,1.470,0.593
357.920,-1.501,1.473,0.599
358.031,-1.486,1.475,0.606
358.142,-1.468,1.476,0.613
358.253,-1.451,1.477,0.620
358.365,-1.438,1.479,0.628
358.475,-1.426,1.480,0.636
358.586,-1.417,1.481,0.645
358.698,-1.412,1.481,0.651
358.809,-1.409,1.481,0.657
358.919,-1.401,1.482,0.664
359.033,-1.387,1.482,0.673
359.142,-1.368,1.485,0.681
359.253,-1.347,1.485,0.689
359.364,-1.328,1.486,0.696
359.474,-1.311,1.485,0.700
359.586,-1.298,1.484,0.703
359.697,-1.293,1.484,0.704
359.809,-1.304,1.482,0.709
359.919,-1.330,1.485,0.726
360.031,-1.348,1.488,0.752
360.143,-1.362,1.490,0.775
360.253,-1.372,1.488,0.798
360.364,-1.385,1.486,0.819
360.475,-1.404,1.486,0.839
360.586,-1.428,1.485,0.861
360.697,-1.456,1.484,0.884
360.809,-1.485,1.482,0.906
360.919,-1.512,1.480,0.926
361.031,-1.535,1.477,0.940
361.142,-1.556,1.470,0.950
361.253,-1.569,1.465,0.956
361.364,-1.574,1.465,0.960
361.475,-1.570,1.463,0.959
361.586,-1.557,1.464,0.953
361.697,-1.539,1.464,0.945
361.809,-1.526,1.465,0.933
361.920,-1.514,1.467,0.923
362.031,-1.504,1.467,0.916
362.142,-1.492,1.467,0.907
362.253,-1.479,1.466,0.900
362.364,-1.470,1.466,0.898
362.475,-1.465,1.466,0.900
362.586,-1.462,1.466,0.902
362.697,-1.461,1.466,0.906
362.809,-1.461,1.466,0.910
362.920,-1.462,1.465,0.915
363.031,-1.462,1.465,0.919
363.142,-1.461,1.466,0.921
363.253,-1.460,1.467,0.922
363.364,-1.460,1.467,0.923
363.476,-1.462,1.468,0.922
363.586,-1.467,1.469,0.922
363.698,-1.474,1.469,0.922
363.809,-1.484,1.470,0.925
363.919,-1.502,1.471,0.933
364.031,-1.525,1.470,0.947
364.142,-1.551,1.465,0.967
364.252,-1.579,1.459,0.983
364.364,-1.607,1.451,0.997
364.475,-1.630,1.443,1.006
364.586,-1.644,1.441,1.007
364.697,-1.649,1.436,1.005
364.808,-1.650,1.433,1.001
364.919,-1.650,1.432,0.997
365.030,-1.650,1.430,0.994
365.142,-1.650,1.430,0.991
365.253,-1.649,1.430,0.990
365.364,-1.646,1.431,0.988
365.475,-1.641,1.433,0.986
365.586,-1.633,1.436,0.984
365.697,-1.622,1.439,0.981
365.809,-1.608,1.443,0.977
365.919,-1.593,1.447,0.972
366.030,-1.576,1.451,0.964
366.142,-1.557,1.456,0.954
366.252,-1.538,1.459,0.942
366.364,-1.524,1.461,0.932
366.475,-1.510,1.461,0.921
366.586,-1.498,1.460,0.909
366.698,-1.491,1.461,0.902
366.809,-1.488,1.460,0.898
366.920,-1.487,1.460,0.897
367.031,-1.488,1.462,0.896
367.142,-1.490,1.463,0.895
367.253,-1.493,1.462,0.896
367.364,-1.496,1.462,0.896
367.475,-1.498,1.461,0.896
367.586,-1.500,1.461,0.894
367.697,-1.500,1.461,0.891
367.809,-1.500,1.461,0.888
367.920,-1.500,1.461,0.886
368.031,-1.501,1.461,0.884
368.142,-1.502,1.461,0.882
368.253,-1.503,1.461,0.881
368.364,-1.503,1.461,0.880
368.475,-1.502,1.460,0.879
368.586,-1.500,1.460,0.878
368.697,-1.498,1.460,0.878
368.809,-1.497,1.461,0.877
368.920,-1.503,1.464,0.879
369.031,-1.513,1.465,0.887
369.142,-1.528,1.464,0.895
369.253,-1.550,1.463,0.903
369.364,-1.580,1.459,0.905
369.476,-1.613,1.451,0.905
369.586,-1.642,1.440,0.905
369.697,-1.664,1.427,0.900
369.808,-1.678,1.415,0.893
369.920,-1.682,1.409,0.888
370.030,-1.680,1.409,0.888
370.142,-1.673,1.413,0.890
370.253,-1.664,1.418,0.893
370.364,-1.652,1.426,0.896
370.475,-1.634,1.436,0.901
370.587,-1.610,1.448,0.906
370.698,-1.582,1.455,0.910
370.809,-1.560,1.461,0.910
370.920,-1.541,1.466,0.907
371.031,-1.517,1.470,0.897
371.142,-1.491,1.472,0.887
371.253,-1.475,1.473,0.880
371.365,-1.465,1.473,0.876
371.475,-1.457,1.474,0.872
371.586,-1.452,1.474,0.868
371.698,-1.446,1.474,0.864
371.809,-1.440,1.474,0.861
371.920,-1.434,1.474,0.857
372.031,-1.429,1.472,0.856
372.142,-1.424,1.471,0.857
372.253,-1.419,1.469,0.860
372.364,-1.415,1.468,0.862
372.476,-1.414,1.468,0.864
372.586,-1.413,1.469,0.865
372.697,-1.411,1.469,0.867
372.809,-1.410,1.470,0.867
372.920,-1.410,1.471,0.865
373.031,-1.407,1.472,0.862
373.142,-1.404,1.472,0.860
373.253,-1.401,1.472,0.857
373.364,-1.399,1.472,0.853
373.476,-1.398,1.473,0.848
373.586,-1.397,1.475,0.840
373.697,-1.395,1.476,0.832
373.809,-1.395,1.476,0.826
373.920,-1.395,1.477,0.823
374.031,-1.395,1.477,0.823
374.142,-1.393,1.476,0.824
374.253,-1.390,1.474,0.824
374.364,-1.385,1.471,0.822
374.476,-1.379,1.468,0.820
374.587,-1.373,1.463,0.819
374.698,-1.369,1.458,0.819
374.809,-1.366,1.455,0.818
374.920,-1.363,1.454,0.817
375.031,-1.363,1.454,0.816
375.143,-1.364,1.454,0.815
375.253,-1.365,1.453,0.814
375.364,-1.365,1.454,0.812
375.476,-1.365,1.454,0.810
375.587,-1.365,1.454,0.808
375.698,-1.365,1.455,0.806
375.809,-1.365,1.455,0.805
375.920,-1.365,1.455,0.803
376.031,-1.365,1.456,0.801
376.143,-1.365,1.456,0.799
376.254,-1.366,1.456,0.796
376.365,-1.365,1.457,0.794
376.476,-1.365,1.458,0.792
376.586,-1.365,1.458,0.790
376.698,-1.364,1.458,0.788
376.809,-1.363,1.460,0.786
376.920,-1.358,1.466,0.782
377.031,-1.347,1.478,0.777
377.143,-1.331,1.490,0.772
377.253,-1.312,1.500,0.768
377.365,-1.295,1.509,0.768
377.476,-1.282,1.513,0.769
377.587,-1.275,1.515,0.771
377.698,-1.275,1.513,0.778
377.809,-1.280,1.512,0.790
377.920,-1.288,1.509,0.800
378.031,-1.299,1.507,0.807
378.143,-1.309,1.505,0.813
378.253,-1.315,1.505,0.819
378.365,-1.318,1.502,0.828
378.476,-1.319,1.496,0.836
378.587,-1.319,1.491,0.844
378.698,-1.319,1.490,0.851
378.808,-1.317,1.490,0.860
378.919,-1.315,1.492,0.870
379.030,-1.316,1.502,0.883
379.142,-1.319,1.524,0.890
379.253,-1.323,1.547,0.888
379.365,-1.325,1.567,0.876
379.476,-1.324,1.579,0.857
379.587,-1.322,1.586,0.837
379.699,-1.321,1.590,0.819
379.809,-1.321,1.592,0.805
379.920,-1.319,1.592,0.796
380.032,-1.313,1.591,0.791
380.143,-1.306,1.590,0.790
380.254,-1.298,1.590,0.793
380.365,-1.290,1.588,0.799
380.476,-1.281,1.585,0.805
380.587,-1.267,1.574,0.807
380.698,-1.250,1.549,0.807
380.809,-1.240,1.516,0.808
380.920,-1.233,1.498,0.808
381.031,-1.230,1.485,0.814
381.142,-1.226,1.478,0.820
381.253,-1.224,1.476,0.827
381.364,-1.223,1.475,0.833
381.475,-1.224,1.475,0.838
381.587,-1.226,1.476,0.842
381.698,-1.227,1.474,0.844
381.809,-1.228,1.475,0.844
381.920,-1.228,1.474,0.843
382.031,-1.228,1.474,0.842
382.142,-1.229,1.474,0.840
382.253,-1.229,1.474,0.839
382.365,-1.228,1.474,0.838
382.476,-1.228,1.474,0.837
382.586,-1.227,1.474,0.835
382.697,-1.226,1.474,0.834
382.809,-1.225,1.474,0.833
382.920,-1.224,1.475,0.832
383.031,-1.222,1.477,0.831
383.142,-1.219,1.479,0.831
383.253,-1.216,1.481,0.832
383.365,-1.213,1.484,0.834
383.476,-1.210,1.486,0.838
383.587,-1.206,1.486,0.845
383.698,-1.198,1.485,0.854
383.810,-1.185,1.482,0.866
383.920,-1.167,1.477,0.879
384.031,-1.148,1.473,0.891
384.142,-1.127,1.472,0.900
384.253,-1.101,1.469,0.907
384.365,-1.070,1.466,0.910
384.476,-1.035,1.464,0.909
384.587,-0.993,1.464,0.904
384.698,-0.946,1.473,0.895
384.809,-0.895,1.484,0.883
384.920,-0.848,1.482,0.875
385.032,-0.807,1.486,0.870
385.143,-0.771,1.485,0.866
385.254,-0.737,1.482,0.866
385.365,-0.709,1.480,0.868
385.476,-0.684,1.486,0.873
385.587,-0.660,1.490,0.881
385.698,-0.637,1.491,0.894
385.809,-0.614,1.489,0.909
385.920,-0.594,1.489,0.925
386.031,-0.573,1.489,0.940
386.143,-0.552,1.491,0.957
386.254,-0.528,1.489,0.972
386.365,-0.505,1.487,0.983
386.476,-0.483,1.487,0.988
386.587,-0.459,1.487,0.989
386.699,-0.432,1.488,0.983
386.809,-0.404,1.491,0.971
386.920,-0.375,1.496,0.958
387.032,-0.348,1.497,0.945
387.143,-0.325,1.493,0.939
387.254,-0.308,1.489,0.943
387.365,-0.301,1.485,0.954
387.476,-0.301,1.482,0.969
387.587,-0.302,1.479,0.982
387.697,-0.302,1.478,0.989
387.809,-0.300,1.479,0.992
387.920,-0.297,1.479,0.991
388.031,-0.293,1.479,0.989
388.142,-0.289,1.479,0.986
388.253,-0.286,1.480,0.983
388.364,-0.284,1.481,0.982
388.476,-0.283,1.481,0.983
388.586,-0.283,1.481,0.984
388.698,-0.283,1.480,0.984
388.809,-0.283,1.481,0.985
388.920,-0.283,1.481,0.986
389.031,-0.283,1.481,0.986
389.142,-0.282,1.481,0.985
389.253,-0.280,1.481,0.980
389.364,-0.277,1.481,0.971
389.476,-0.273,1.481,0.958
389.587,-0.267,1.481,0.940
389.699,-0.259,1.481,0.920
389.810,-0.251,1.479,0.899
389.921,-0.244,1.476,0.879
390.032,-0.234,1.476,0.863
390.143,-0.220,1.478,0.849
390.254,-0.200,1.478,0.839
390.365,-0.175,1.474,0.833
390.476,-0.147,1.471,0.830
390.587,-0.111,1.474,0.829
390.698,-0.070,1.479,0.829
390.809,-0.030,1.478,0.828
390.920,0.005,1.476,0.826
391.031,0.036,1.476,0.823
391.142,0.066,1.475,0.819
391.254,0.096,1.473,0.812
391.365,0.127,1.471,0.800
391.476,0.161,1.475,0.785
391.587,0.195,1.477,0.772
391.698,0.224,1.477,0.762
391.809,0.245,1.476,0.757
391.920,0.259,1.476,0.756
392.031,0.267,1.475,0.758
392.142,0.271,1.473,0.761
392.253,0.275,1.472,0.765
392.364,0.280,1.471,0.771
392.475,0.289,1.470,0.779
392.586,0.306,1.466,0.786
392.698,0.330,1.457,0.794
392.809,0.355,1.441,0.803
392.920,0.375,1.423,0.814
393.031,0.395,1.404,0.825
393.142,0.419,1.371,0.836
393.253,0.437,1.329,0.846
393.364,0.451,1.293,0.852
393.475,0.457,1.272,0.856
393.587,0.458,1.268,0.856
393.697,0.454,1.268,0.857
393.809,0.452,1.262,0.860
393.920,0.445,1.262,0.867
394.031,0.433,1.274,0.876
394.142,0.414,1.297,0.883
394.253,0.387,1.331,0.887
394.364,0.354,1.366,0.885
394.475,0.326,1.394,0.881
394.586,0.300,1.415,0.875
394.697,0.277,1.432,0.867
394.809,0.262,1.445,0.860
394.919,0.252,1.450,0.854
395.031,0.248,1.453,0.850
395.142,0.246,1.454,0.847
395.253,0.246,1.455,0.844
395.364,0.246,1.456,0.842
395.475,0.248,1.456,0.840
395.586,0.252,1.455,0.838
395.697,0.258,1.453,0.836
395.809,0.268,1.450,0.834
395.920,0.284,1.446,0.831
396.031,0.307,1.439,0.829
396.142,0.336,1.429,0.826
396.253,0.361,1.420,0.821
396.364,0.385,1.413,0.821
396.475,0.408,1.400,0.826
396.586,0.430,1.382,0.835
396.698,0.451,1.358,0.847
396.809,0.475,1.327,0.859
396.920,0.493,1.286,0.868
397.031,0.505,1.247,0.876
397.142,0.513,1.219,0.883
397.253,0.513,1.206,0.889
397.364,0.507,1.198,0.897
397.475,0.495,1.199,0.905
397.586,0.478,1.212,0.919
397.698,0.451,1.227,0.942
397.808,0.417,1.218,0.974
397.920,0.376,1.175,1.006
398.031,0.341,1.111,1.034
398.142,0.317,1.035,1.053
398.253,0.302,0.947,1.070
398.364,0.286,0.857,1.082
398.476,0.269,0.780,1.092
398.587,0.250,0.729,1.098
398.697,0.240,0.707,1.105
398.809,0.233,0.695,1.108
398.920,0.233,0.714,1.106
399.031,0.238,0.765,1.102
399.142,0.245,0.834,1.099
399.253,0.250,0.904,1.095
399.364,0.255,0.975,1.090
399.475,0.256,1.035,1.086
399.586,0.254,1.044,1.090
399.698,0.247,0.987,1.094
399.809,0.240,0.898,1.107
399.920,0.233,0.813,1.119
400.031,0.226,0.758,1.127
400.142,0.220,0.726,1.134
400.253,0.216,0.709,1.137
400.364,0.215,0.706,1.139
400.475,0.214,0.712,1.141
400.586,0.216,0.728,1.141
400.697,0.219,0.746,1.141
400.809,0.222,0.770,1.135
400.920,0.229,0.818,1.130
401.032,0.235,0.882,1.122
401.142,0.241,0.954,1.111
401.253,0.248,1.027,1.098
401.364,0.253,1.102,1.082
401.475,0.256,1.173,1.064
401.586,0.256,1.234,1.046
401.697,0.254,1.281,1.028
401.809,0.256,1.314,1.009
401.920,0.264,1.336,0.990
402.031,0.278,1.348,0.971
402.142,0.294,1.355,0.952
402.253,0.311,1.359,0.931
402.364,0.327,1.360,0.909
402.476,0.344,1.362,0.886
402.587,0.360,1.364,0.863
402.698,0.379,1.360,0.842
402.809,0.404,1.344,0.825
402.920,0.425,1.324,0.812
403.031,0.439,1.315,0.800
403.143,0.446,1.314,0.792
403.253,0.449,1.315,0.786
403.365,0.450,1.316,0.783
403.476,0.449,1.315,0.782
403.587,0.446,1.314,0.786
403.697,0.440,1.316,0.798
403.809,0.429,1.325,0.813
403.920,0.409,1.338,0.832
404.031,0.384,1.349,0.853
404.142,0.357,1.357,0.875
404.253,0.328,1.363,0.896
404.364,0.297,1.368,0.917
404.475,0.262,1.372,0.940
404.586,0.219,1.374,0.960
404.697,0.172,1.375,0.976
404.808,0.127,1.377,0.990
404.919,0.092,1.374,1.014
405.030,0.075,1.352,1.047
405.142,0.071,1.306,1.084
405.252,0.078,1.233,1.128
405.364,0.089,1.129,1.167
405.475,0.100,1.009,1.185
405.586,0.108,0.902,1.191
405.697,0.111,0.805,1.198
405.808,0.109,0.727,1.202
405.920,0.108,0.681,1.206
406.031,0.108,0.661,1.209
406.142,0.108,0.659,1.212
406.253,0.109,0.669,1.211
406.364,0.111,0.695,1.208
406.475,0.113,0.746,1.202
406.586,0.114,0.816,1.196
406.698,0.115,0.880,1.188
406.809,0.117,0.945,1.178
406.920,0.118,1.021,1.163
407.031,0.119,1.113,1.145
407.142,0.121,1.209,1.119
407.253,0.124,1.286,1.079
407.364,0.127,1.336,1.030
407.475,0.135,1.369,0.979
407.587,0.152,1.396,0.928
407.698,0.177,1.416,0.876
407.809,0.210,1.427,0.832
407.920,0.244,1.428,0.789
408.031,0.280,1.429,0.753
408.142,0.316,1.424,0.720
408.254,0.352,1.413,0.693
408.365,0.388,1.399,0.674
408.475,0.426,1.376,0.660
408.587,0.464,1.347,0.655
408.699,0.501,1.315,0.658
408.810,0.531,1.279,0.666
408.920,0.551,1.245,0.678
409.031,0.562,1.230,0.689
409.142,0.568,1.226,0.697
409.254,0.571,1.223,0.704
409.364,0.568,1.227,0.709
409.476,0.555,1.255,0.717
409.587,0.526,1.301,0.734
409.698,0.469,1.347,0.760
409.809,0.398,1.383,0.785
409.920,0.326,1.411,0.806
410.031,0.264,1.431,0.819
410.142,0.209,1.442,0.829
410.253,0.164,1.445,0.834
410.364,0.134,1.448,0.834
410.475,0.116,1.450,0.833
410.586,0.103,1.451,0.832
410.697,0.095,1.453,0.831
410.809,0.092,1.457,0.831
410.919,0.089,1.460,0.831
411.031,0.082,1.461,0.832
411.142,0.072,1.463,0.834
411.253,0.057,1.466,0.828
411.364,0.041,1.469,0.813
411.475,0.027,1.470,0.789
411.586,0.024,1.467,0.764
411.697,0.030,1.466,0.744
411.808,0.040,1.467,0.731
411.919,0.048,1.467,0.726
412.031,0.056,1.466,0.725
412.142,0.062,1.465,0.728
412.253,0.068,1.461,0.735
412.364,0.075,1.456,0.743
412.475,0.083,1.452,0.747
412.586,0.089,1.450,0.748
412.697,0.095,1.453,0.751
412.808,0.099,1.456,0.755
412.920,0.102,1.458,0.761
413.030,0.102,1.459,0.767
413.142,0.100,1.459,0.773
413.253,0.098,1.459,0.777
413.364,0.098,1.459,0.779
413.475,0.100,1.460,0.779
413.586,0.102,1.461,0.780
413.697,0.104,1.462,0.782
413.809,0.104,1.463,0.785
413.919,0.104,1.463,0.788
414.031,0.106,1.462,0.792
414.142,0.108,1.462,0.799
414.253,0.113,1.461,0.806
414.364,0.122,1.460,0.810
414.475,0.131,1.461,0.813
414.586,0.142,1.463,0.812
414.697,0.153,1.468,0.807
414.809,0.162,1.474,0.799
414.920,0.170,1.479,0.790
415.031,0.174,1.484,0.783
415.142,0.175,1.487,0.776
415.253,0.175,1.489,0.771
415.364,0.177,1.488,0.767
415.475,0.178,1.489,0.765
415.587,0.179,1.490,0.765
415.697,0.178,1.490,0.767
415.809,0.174,1.490,0.770
415.920,0.169,1.490,0.771
416.031,0.165,1.490,0.773
416.142,0.162,1.489,0.775
416.253,0.161,1.489,0.775
416.364,0.159,1.488,0.775
416.475,0.156,1.489,0.776
416.586,0.151,1.490,0.777
416.697,0.147,1.489,0.777
416.809,0.147,1.489,0.774
416.920,0.148,1.489,0.773
417.031,0.146,1.489,0.771
417.142,0.144,1.489,0.771
417.253,0.143,1.489,0.773
417.364,0.142,1.489,0.776
417.475,0.143,1.488,0.780
417.586,0.144,1.487,0.784
417.698,0.146,1.483,0.786
417.809,0.150,1.480,0.787
417.920,0.154,1.479,0.787
418.031,0.156,1.478,0.787
418.143,0.157,1.478,0.787
418.253,0.158,1.476,0.788
418.364,0.158,1.475,0.788
418.475,0.160,1.474,0.789
418.586,0.162,1.473,0.789
418.697,0.163,1.472,0.790
418.808,0.163,1.471,0.792
418.919,0.163,1.470,0.794
419.031,0.163,1.470,0.795
419.142,0.161,1.470,0.796
419.253,0.159,1.470,0.797
419.364,0.156,1.470,0.796
419.475,0.154,1.471,0.796
419.586,0.153,1.471,0.796
419.697,0.151,1.470,0.796
419.808,0.151,1.469,0.795
419.920,0.149,1.469,0.794
420.031,0.148,1.469,0.793
420.142,0.146,1.469,0.794
420.253,0.145,1.469,0.795
420.364,0.144,1.468,0.796
420.475,0.142,1.468,0.798
420.586,0.141,1.468,0.799
420.698,0.140,1.467,0.800
420.808,0.141,1.467,0.802
420.919,0.141,1.466,0.803
421.031,0.141,1.466,0.803
421.142,0.142,1.467,0.804
421.253,0.141,1.468,0.805
421.364,0.138,1.470,0.808
421.475,0.135,1.472,0.812
421.586,0.132,1.473,0.814
421.697,0.131,1.476,0.812
421.809,0.128,1.480,0.806
421.919,0.125,1.482,0.802
422.031,0.122,1.483,0.799
422.142,0.120,1.484,0.799
422.253,0.116,1.484,0.800
422.365,0.114,1.483,0.801
422.475,0.113,1.483,0.800
422.586,0.112,1.482,0.799
422.697,0.111,1.482,0.798
422.809,0.111,1.481,0.798
422.919,0.112,1.481,0.797
423.031,0.113,1.481,0.797
423.142,0.114,1.480,0.797
423.253,0.115,1.480,0.797
423.364,0.117,1.480,0.797
423.475,0.120,1.480,0.797
423.586,0.124,1.481,0.798
423.697,0.128,1.482,0.797
423.809,0.132,1.483,0.797
423.919,0.136,1.482,0.797
424.031,0.141,1.481,0.797
424.142,0.148,1.478,0.796
424.253,0.161,1.475,0.793
424.364,0.179,1.474,0.786
424.476,0.200,1.472,0.774
424.586,0.222,1.468,0.759
424.698,0.244,1.464,0.744
424.809,0.269,1.458,0.733
424.920,0.299,1.448,0.724
425.032,0.336,1.428,0.713
425.143,0.376,1.402,0.696
425.253,0.417,1.372,0.678
425.365,0.455,1.335,0.663
425.476,0.490,1.287,0.653
425.587,0.518,1.234,0.647
425.698,0.541,1.185,0.643
425.809,0.555,1.149,0.641
425.920,0.564,1.132,0.640
426.031,0.567,1.135,0.639
426.143,0.564,1.159,0.639
426.254,0.551,1.203,0.642
426.365,0.529,1.252,0.650
426.476,0.497,1.303,0.664
426.587,0.450,1.359,0.686
426.698,0.399,1.409,0.713
426.809,0.354,1.445,0.734
426.920,0.319,1.466,0.744
427.031,0.295,1.480,0.746
427.142,0.279,1.488,0.745
427.253,0.271,1.491,0.743
427.365,0.266,1.491,0.738
427.475,0.263,1.489,0.732
427.587,0.262,1.488,0.726
427.698,0.261,1.488,0.723
427.809,0.259,1.486,0.723
427.920,0.257,1.485,0.724
428.031,0.254,1.485,0.726
428.143,0.251,1.485,0.727
428.253,0.249,1.486,0.729
428.365,0.248,1.486,0.731
428.476,0.248,1.485,0.734
428.587,0.248,1.485,0.737
428.698,0.249,1.484,0.740
428.809,0.250,1.483,0.744
428.920,0.251,1.483,0.747
429.031,0.252,1.483,0.750
429.142,0.252,1.483,0.751
429.253,0.253,1.483,0.752
429.365,0.253,1.483,0.752
429.476,0.254,1.483,0.753
429.587,0.254,1.482,0.754
429.698,0.254,1.482,0.756
429.809,0.255,1.482,0.757
429.920,0.255,1.482,0.758
430.032,0.255,1.482,0.759
430.143,0.256,1.482,0.759
430.253,0.256,1.482,0.760
430.365,0.258,1.481,0.760
430.476,0.259,1.481,0.759
430.587,0.259,1.481,0.759
430.698,0.260,1.480,0.760
430.809,0.260,1.480,0.762
430.920,0.259,1.480,0.765
431.031,0.259,1.480,0.771
431.142,0.259,1.480,0.778
431.253,0.260,1.481,0.780
431.365,0.262,1.481,0.779
431.475,0.261,1.481,0.777
431.587,0.258,1.481,0.775
431.697,0.255,1.481,0.773
431.809,0.252,1.481,0.770
431.920,0.248,1.480,0.766
432.031,0.245,1.481,0.761
432.142,0.242,1.481,0.758
432.253,0.239,1.481,0.755
432.364,0.238,1.481,0.752
432.476,0.238,1.481,0.751
432.587,0.237,1.481,0.750
432.698,0.237,1.480,0.749
432.809,0.238,1.480,0.749
432.920,0.238,1.480,0.749
433.031,0.239,1.480,0.748
433.142,0.241,1.480,0.748
433.254,0.242,1.480,0.748
433.364,0.245,1.480,0.748
433.475,0.247,1.479,0.749
433.586,0.249,1.479,0.750
433.698,0.252,1.479,0.751
433.809,0.256,1.478,0.752
433.920,0.262,1.477,0.753
434.031,0.271,1.477,0.753
434.142,0.281,1.475,0.751
434.253,0.294,1.472,0.744
434.364,0.310,1.468,0.735
434.476,0.328,1.463,0.724
434.587,0.347,1.457,0.712
434.698,0.371,1.450,0.702
434.809,0.400,1.439,0.693
434.920,0.434,1.421,0.686
435.031,0.464,1.399,0.681
435.143,0.488,1.376,0.676
435.254,0.504,1.357,0.673
435.365,0.509,1.348,0.670
435.476,0.510,1.345,0.668
435.587,0.511,1.341,0.667
435.698,0.510,1.337,0.667
435.809,0.508,1.336,0.667
435.921,0.502,1.340,0.666
436.031,0.492,1.355,0.666
436.143,0.470,1.384,0.671
436.254,0.435,1.420,0.684
436.365,0.392,1.453,0.702
436.476,0.354,1.471,0.719
436.587,0.328,1.477,0.733
436.698,0.311,1.478,0.741
436.809,0.299,1.479,0.743
436.920,0.289,1.480,0.744
437.031,0.280,1.480,0.744
437.143,0.272,1.481,0.744
437.254,0.266,1.482,0.743
437.365,0.260,1.483,0.741
437.476,0.255,1.484,0.738
437.587,0.250,1.485,0.734
437.698,0.245,1.486,0.730
437.809,0.241,1.486,0.726
437.920,0.238,1.486,0.723
438.032,0.236,1.486,0.720
438.142,0.235,1.486,0.716
438.253,0.234,1.486,0.714
438.364,0.233,1.486,0.712
438.476,0.234,1.485,0.712
438.586,0.235,1.485,0.714
438.696,0.237,1.485,0.717
438.807,0.240,1.484,0.721
438.918,0.242,1.482,0.725
439.030,0.244,1.481,0.729
439.141,0.246,1.479,0.732
439.252,0.247,1.481,0.732
439.363,0.247,1.484,0.732
439.474,0.246,1.486,0.731
439.586,0.246,1.489,0.732
439.697,0.247,1.490,0.732
439.808,0.249,1.488,0.732
439.919,0.252,1.488,0.731
440.031,0.254,1.488,0.729
440.142,0.254,1.488,0.729
440.252,0.252,1.488,0.729
440.364,0.250,1.487,0.729
440.475,0.250,1.487,0.729
440.586,0.249,1.486,0.728
440.697,0.250,1.485,0.725
440.809,0.251,1.485,0.723
440.919,0.251,1.484,0.722
441.031,0.251,1.485,0.722
441.142,0.251,1.485,0.723
441.252,0.250,1.485,0.723
441.364,0.250,1.485,0.724
441.475,0.250,1.485,0.726
441.587,0.249,1.485,0.727
441.698,0.249,1.485,0.727
441.809,0.249,1.484,0.728
441.919,0.250,1.478,0.729
442.031,0.256,1.470,0.731
442.142,0.261,1.464,0.735
442.253,0.265,1.461,0.742
442.364,0.264,1.459,0.749
442.475,0.261,1.459,0.755
442.586,0.256,1.458,0.760
442.697,0.253,1.458,0.762
442.808,0.250,1.459,0.762
442.919,0.247,1.463,0.761
443.031,0.242,1.467,0.757
443.142,0.237,1.471,0.751
443.253,0.231,1.473,0.745
443.364,0.227,1.475,0.740
443.475,0.225,1.476,0.738
443.586,0.225,1.476,0.737
443.698,0.224,1.475,0.737
443.809,0.224,1.475,0.738
443.920,0.224,1.474,0.738
444.031,0.225,1.475,0.738
444.142,0.226,1.476,0.739
444.253,0.227,1.477,0.740
444.364,0.232,1.476,0.740
444.476,0.241,1.475,0.737
444.587,0.256,1.474,0.733
444.698,0.272,1.472,0.730
444.809,0.294,1.468,0.726
444.920,0.316,1.460,0.722
445.031,0.334,1.452,0.719
445.142,0.348,1.449,0.719
445.254,0.359,1.448,0.719
445.364,0.373,1.444,0.723
445.475,0.394,1.432,0.732
445.586,0.411,1.418,0.743
445.697,0.420,1.406,0.752
445.808,0.422,1.400,0.758
445.919,0.421,1.398,0.764
446.031,0.419,1.394,0.774
446.142,0.413,1.391,0.789
446.253,0.405,1.389,0.809
446.364,0.394,1.386,0.835
446.475,0.382,1.381,0.866
446.586,0.382,1.353,0.911
446.697,0.393,1.271,0.963
446.808,0.393,1.140,1.003
446.919,0.379,1.008,1.022
447.031,0.363,0.899,1.033
447.140,0.352,0.812,1.040
447.253,0.342,0.744,1.044
447.365,0.336,0.697,1.047
447.475,0.332,0.671,1.049
447.586,0.331,0.668,1.051
447.698,0.333,0.685,1.053
447.807,0.335,0.715,1.054
447.918,0.338,0.752,1.055
448.029,0.339,0.791,1.055
448.142,0.340,0.828,1.055
448.252,0.339,0.864,1.054
448.363,0.337,0.903,1.052
448.474,0.337,0.950,1.050
448.585,0.339,1.008,1.049
448.697,0.340,1.075,1.049
448.808,0.337,1.146,1.047
448.919,0.330,1.216,1.042
449.030,0.320,1.274,1.032
449.142,0.314,1.318,1.017
449.252,0.314,1.349,0.998
449.364,0.322,1.365,0.977
449.475,0.334,1.369,0.955
449.586,0.346,1.367,0.936
449.697,0.353,1.366,0.923
449.809,0.354,1.368,0.916
449.920,0.354,1.370,0.912
450.031,0.356,1.367,0.912
450.142,0.361,1.360,0.912
450.253,0.371,1.348,0.910
450.364,0.384,1.327,0.907
450.476,0.387,1.318,0.904
450.587,0.381,1.334,0.899
450.698,0.362,1.361,0.894
450.809,0.329,1.391,0.893
450.920,0.288,1.416,0.894
451.031,0.245,1.441,0.896
451.142,0.200,1.457,0.892
451.253,0.164,1.467,0.880
451.364,0.140,1.474,0.862
451.476,0.127,1.478,0.839
451.587,0.117,1.483,0.811
451.698,0.107,1.484,0.787
451.809,0.099,1.485,0.772
451.920,0.093,1.483,0.768
452.031,0.087,1.480,0.775
452.143,0.081,1.480,0.779
452.253,0.079,1.479,0.777
452.367,0.076,1.479,0.774
452.475,0.074,1.479,0.773
452.586,0.073,1.479,0.770
452.698,0.071,1.479,0.767
452.808,0.070,1.480,0.763
452.919,0.071,1.481,0.759
453.031,0.074,1.482,0.755
453.142,0.078,1.482,0.754
453.254,0.083,1.482,0.753
453.364,0.087,1.482,0.754
453.476,0.091,1.479,0.757
453.586,0.094,1.479,0.762
453.698,0.099,1.480,0.768
453.809,0.104,1.481,0.774
453.920,0.109,1.482,0.778
454.031,0.115,1.486,0.775
454.142,0.120,1.488,0.765
454.253,0.125,1.489,0.749
454.365,0.125,1.489,0.733
454.476,0.121,1.488,0.719
454.587,0.119,1.487,0.710
454.698,0.118,1.485,0.704
454.809,0.116,1.481,0.697
454.920,0.110,1.475,0.689
455.031,0.101,1.472,0.681
455.143,0.094,1.470,0.674
455.254,0.092,1.470,0.670
455.364,0.097,1.482,0.670
455.475,0.104,1.504,0.679
455.587,0.111,1.523,0.699
455.698,0.115,1.535,0.723
455.809,0.116,1.539,0.751
455.920,0.114,1.535,0.781
456.032,0.108,1.526,0.807
456.143,0.101,1.522,0.823
456.254,0.097,1.520,0.830
456.365,0.098,1.516,0.832
456.476,0.101,1.512,0.832
456.587,0.102,1.514,0.832
456.698,0.098,1.524,0.836
456.809,0.088,1.542,0.843
456.921,0.072,1.554,0.849
457.031,0.057,1.556,0.858
457.143,0.046,1.551,0.867
457.254,0.043,1.546,0.873
457.365,0.048,1.536,0.874
457.476,0.056,1.520,0.868
457.587,0.063,1.511,0.860
457.698,0.065,1.511,0.854
457.810,0.066,1.513,0.853
457.920,0.066,1.513,0.853
458.031,0.067,1.512,0.853
458.143,0.069,1.512,0.854
458.254,0.070,1.512,0.853
458.365,0.072,1.511,0.851
458.476,0.073,1.510,0.846
458.588,0.074,1.510,0.841
458.699,0.075,1.510,0.836
458.810,0.076,1.510,0.831
458.921,0.078,1.510,0.827
459.032,0.079,1.509,0.825
459.143,0.078,1.509,0.822
459.254,0.078,1.508,0.821
459.365,0.078,1.507,0.820
459.476,0.078,1.507,0.820
459.587,0.079,1.508,0.821
459.698,0.080,1.507,0.822
459.810,0.082,1.506,0.822
459.921,0.084,1.508,0.823
460.033,0.086,1.509,0.825
460.143,0.089,1.509,0.827
460.254,0.091,1.509,0.829
460.365,0.094,1.509,0.832
460.476,0.097,1.508,0.835
460.587,0.098,1.506,0.839
460.698,0.099,1.505,0.843
460.809,0.100,1.506,0.846
460.921,0.101,1.504,0.850
461.032,0.100,1.500,0.853
461.143,0.097,1.500,0.855
461.253,0.095,1.499,0.854
461.364,0.093,1.498,0.853
461.476,0.092,1.498,0.851
461.586,0.091,1.498,0.848
461.697,0.091,1.498,0.846
461.809,0.092,1.498,0.843
461.920,0.093,1.497,0.840
462.031,0.093,1.497,0.837
462.142,0.094,1.497,0.834
462.253,0.093,1.497,0.831
462.365,0.091,1.497,0.827
462.476,0.088,1.497,0.823
462.587,0.085,1.498,0.818
462.698,0.083,1.499,0.814
462.809,0.079,1.501,0.811
462.921,0.075,1.504,0.810
463.032,0.073,1.506,0.812
463.143,0.072,1.503,0.813
463.254,0.077,1.498,0.805
463.365,0.083,1.492,0.790
463.477,0.087,1.489,0.772
463.587,0.089,1.487,0.752
463.697,0.089,1.486,0.732
463.808,0.088,1.485,0.713
463.919,0.086,1.481,0.694
464.030,0.083,1.475,0.675
464.142,0.082,1.473,0.657
464.252,0.080,1.472,0.639
464.364,0.080,1.470,0.624
464.475,0.080,1.468,0.613
464.586,0.081,1.467,0.604
464.697,0.082,1.464,0.598
464.809,0.084,1.463,0.593
464.920,0.086,1.461,0.589
465.032,0.089,1.458,0.587
465.142,0.091,1.457,0.586
465.254,0.092,1.457,0.587
465.364,0.090,1.457,0.590
465.476,0.087,1.458,0.595
465.587,0.082,1.459,0.599
465.698,0.076,1.460,0.602
465.809,0.070,1.460,0.605
465.920,0.067,1.461,0.610
466.032,0.071,1.464,0.622
466.143,0.080,1.467,0.647
466.254,0.086,1.472,0.676
466.364,0.088,1.480,0.702
466.476,0.085,1.489,0.728
466.587,0.079,1.495,0.751
466.698,0.071,1.500,0.768
466.810,0.065,1.508,0.778
466.921,0.056,1.525,0.785
467.032,0.046,1.541,0.789
467.143,0.037,1.550,0.791
467.254,0.035,1.550,0.792
467.365,0.040,1.549,0.791
467.476,0.048,1.548,0.790
467.588,0.058,1.548,0.788
467.699,0.067,1.548,0.787
467.810,0.076,1.547,0.787
467.921,0.085,1.544,0.789
468.032,0.094,1.539,0.792
468.143,0.102,1.533,0.800
468.254,0.109,1.532,0.809
468.365,0.115,1.531,0.816
468.476,0.118,1.530,0.823
468.588,0.119,1.530,0.826
468.698,0.120,1.530,0.828
468.810,0.120,1.530,0.830
468.921,0.120,1.531,0.831
469.032,0.121,1.532,0.835
469.143,0.122,1.532,0.840
469.254,0.124,1.532,0.847
469.365,0.125,1.532,0.857
469.476,0.125,1.532,0.870
469.588,0.121,1.531,0.886
469.699,0.115,1.530,0.903
469.810,0.104,1.530,0.918
469.921,0.091,1.532,0.925
470.032,0.079,1.534,0.923
470.142,0.066,1.535,0.912
470.254,0.055,1.535,0.891
470.364,0.048,1.533,0.865
470.476,0.044,1.525,0.837
470.587,0.039,1.522,0.809
470.698,0.032,1.516,0.785
470.809,0.021,1.516,0.765
470.920,0.010,1.516,0.749
471.031,-0.002,1.517,0.739
471.142,-0.012,1.516,0.732
471.253,-0.017,1.517,0.728
471.364,-0.019,1.517,0.727
471.475,-0.019,1.518,0.730
471.586,-0.018,1.518,0.735
471.697,-0.018,1.518,0.739
471.809,-0.016,1.518,0.743
471.920,-0.015,1.519,0.745
472.031,-0.013,1.519,0.746
472.142,-0.011,1.520,0.746
472.253,-0.009,1.520,0.745
472.364,-0.007,1.520,0.743
472.475,-0.006,1.520,0.741
472.586,-0.005,1.520,0.739
472.698,-0.004,1.520,0.738
472.809,-0.001,1.520,0.738
472.919,0.002,1.522,0.737
473.031,0.006,1.528,0.734
473.142,0.009,1.538,0.730
473.253,0.016,1.548,0.727
473.364,0.023,1.556,0.725
473.475,0.029,1.561,0.724
473.586,0.033,1.564,0.724
473.698,0.038,1.569,0.728
473.808,0.047,1.575,0.734
473.920,0.058,1.579,0.740
474.031,0.068,1.581,0.747
474.141,0.076,1.583,0.751
474.253,0.081,1.583,0.754
474.364,0.083,1.583,0.756
474.475,0.082,1.583,0.759
474.586,0.078,1.582,0.763
474.697,0.072,1.581,0.767
474.808,0.063,1.579,0.773
474.919,0.050,1.572,0.786
475.031,0.039,1.552,0.808
475.141,0.036,1.534,0.827
475.253,0.037,1.524,0.843
475.365,0.041,1.518,0.856
475.475,0.054,1.511,0.865
475.586,0.071,1.503,0.867
475.698,0.090,1.497,0.866
475.809,0.113,1.491,0.861
475.921,0.139,1.491,0.857
476.032,0.167,1.491,0.854
476.143,0.193,1.477,0.849
476.254,0.210,1.471,0.847
476.365,0.218,1.473,0.848
476.476,0.216,1.475,0.852
476.587,0.212,1.481,0.860
476.698,0.208,1.482,0.870
476.809,0.201,1.484,0.878
476.921,0.189,1.486,0.881
477.032,0.178,1.492,0.883
477.143,0.171,1.494,0.888
477.254,0.166,1.497,0.890
477.365,0.164,1.501,0.891
477.476,0.167,1.503,0.895
477.588,0.169,1.498,0.900
477.698,0.166,1.499,0.900
477.810,0.162,1.507,0.898
477.921,0.156,1.509,0.899
478.032,0.150,1.508,0.900
478.143,0.141,1.507,0.904
478.254,0.129,1.504,0.908
478.365,0.117,1.504,0.912
478.476,0.103,1.504,0.914
478.587,0.090,1.502,0.915
478.698,0.079,1.498,0.915
478.809,0.070,1.493,0.916
478.920,0.064,1.492,0.917
479.031,0.062,1.492,0.917
479.142,0.063,1.493,0.916
479.253,0.067,1.497,0.916
479.365,0.073,1.500,0.915
479.476,0.083,1.503,0.913
479.587,0.096,1.505,0.910
479.698,0.111,1.506,0.905
479.809,0.125,1.505,0.899
479.920,0.140,1.507,0.892
480.032,0.154,1.508,0.886
480.143,0.167,1.508,0.879
480.254,0.175,1.509,0.872
480.365,0.180,1.512,0.868
480.477,0.183,1.513,0.867
480.588,0.184,1.514,0.868
480.698,0.185,1.514,0.868
480.810,0.186,1.512,0.870
480.921,0.188,1.507,0.874
481.032,0.188,1.504,0.879
481.143,0.188,1.504,0.883
481.254,0.188,1.502,0.885
481.365,0.187,1.500,0.887
481.476,0.187,1.499,0.888
481.587,0.186,1.499,0.887
481.698,0.186,1.499,0.885
481.810,0.185,1.499,0.883
481.921,0.185,1.500,0.880
482.032,0.185,1.502,0.874
482.143,0.188,1.506,0.856
482.254,0.188,1.510,0.830
482.365,0.180,1.515,0.806
482.476,0.170,1.518,0.789
482.588,0.161,1.521,0.779
482.698,0.153,1.522,0.773
482.810,0.147,1.522,0.769
482.921,0.145,1.522,0.767
483.032,0.147,1.522,0.768
483.143,0.148,1.522,0.771
483.254,0.147,1.521,0.772
483.365,0.145,1.521,0.772
483.476,0.142,1.521,0.771
483.588,0.138,1.522,0.771
483.698,0.134,1.522,0.771
483.810,0.130,1.523,0.773
483.921,0.126,1.523,0.775
484.032,0.123,1.524,0.779
484.143,0.121,1.525,0.784
484.254,0.120,1.525,0.790
484.365,0.120,1.527,0.797
484.477,0.123,1.529,0.808
484.588,0.127,1.529,0.822
484.699,0.128,1.528,0.834
484.810,0.128,1.527,0.843
484.921,0.126,1.527,0.846
485.032,0.124,1.526,0.842
485.143,0.123,1.526,0.839
485.254,0.122,1.526,0.837
485.365,0.122,1.526,0.836
485.476,0.124,1.527,0.835
485.587,0.126,1.527,0.835
485.698,0.129,1.526,0.835
485.810,0.131,1.527,0.835
485.921,0.133,1.527,0.835
486.032,0.134,1.527,0.835
486.143,0.136,1.527,0.836
486.254,0.137,1.527,0.839
486.366,0.138,1.526,0.841
486.476,0.138,1.526,0.843
486.587,0.139,1.525,0.845
486.698,0.139,1.525,0.846
486.810,0.140,1.525,0.847
486.920,0.140,1.525,0.847
487.032,0.141,1.524,0.846
487.143,0.141,1.524,0.844
487.253,0.140,1.524,0.843
487.365,0.139,1.523,0.842
487.476,0.138,1.523,0.841
487.587,0.137,1.523,0.840
487.698,0.136,1.524,0.841
487.810,0.135,1.525,0.841
487.921,0.135,1.526,0.841
488.032,0.135,1.526,0.841
488.143,0.135,1.526,0.842
488.254,0.136,1.526,0.842
488.365,0.136,1.524,0.844
488.476,0.136,1.522,0.847
488.588,0.136,1.521,0.853
488.699,0.135,1.520,0.859
488.810,0.134,1.520,0.865
488.921,0.134,1.519,0.869
489.032,0.134,1.518,0.872
489.143,0.134,1.517,0.873
489.254,0.135,1.518,0.872
489.365,0.137,1.520,0.870
489.477,0.139,1.523,0.868
489.587,0.142,1.525,0.866
489.698,0.145,1.526,0.863
489.810,0.149,1.525,0.858
489.921,0.151,1.525,0.853
490.032,0.153,1.525,0.845
490.143,0.155,1.523,0.837
490.254,0.157,1.518,0.826
490.365,0.158,1.512,0.816
490.476,0.156,1.510,0.808
490.588,0.152,1.512,0.803
490.698,0.144,1.516,0.804
490.810,0.135,1.529,0.812
490.921,0.124,1.542,0.822
491.032,0.115,1.551,0.832
491.143,0.107,1.556,0.838
491.254,0.101,1.558,0.843
491.365,0.100,1.557,0.847
491.476,0.100,1.558,0.851
491.588,0.101,1.558,0.853
491.699,0.102,1.559,0.853
491.810,0.101,1.564,0.853
491.921,0.100,1.567,0.851
492.032,0.099,1.569,0.848
492.143,0.098,1.569,0.847
492.254,0.096,1.568,0.845
492.365,0.094,1.568,0.843
492.476,0.092,1.567,0.842
492.588,0.093,1.565,0.843
492.699,0.097,1.559,0.844
492.810,0.104,1.546,0.848
492.921,0.115,1.522,0.854
493.032,0.126,1.503,0.856
493.143,0.134,1.495,0.858
493.254,0.139,1.488,0.860
493.365,0.143,1.486,0.862
493.476,0.145,1.483,0.864
493.587,0.147,1.483,0.866
493.698,0.148,1.483,0.867
493.809,0.148,1.484,0.866
493.920,0.147,1.485,0.864
494.032,0.145,1.486,0.862
494.143,0.145,1.486,0.858
494.254,0.144,1.487,0.853
494.365,0.143,1.487,0.848
494.476,0.141,1.487,0.844
494.587,0.137,1.485,0.840
494.698,0.131,1.482,0.837
494.809,0.124,1.482,0.834
494.921,0.119,1.485,0.831
495.032,0.114,1.486,0.830
495.143,0.110,1.487,0.830
495.254,0.107,1.489,0.831
495.365,0.105,1.492,0.832
495.476,0.104,1.495,0.834
495.588,0.103,1.496,0.836
495.698,0.101,1.495,0.839
495.810,0.098,1.495,0.841
495.921,0.097,1.495,0.841
496.032,0.096,1.495,0.839
496.143,0.097,1.497,0.833
496.254,0.099,1.498,0.823
496.365,0.098,1.494,0.811
496.476,0.098,1.489,0.799
496.588,0.099,1.487,0.791
496.698,0.100,1.487,0.787
496.810,0.100,1.486,0.786
496.921,0.100,1.484,0.787
497.032,0.098,1.486,0.788
497.143,0.096,1.487,0.789
497.254,0.094,1.487,0.790
497.365,0.093,1.487,0.792
497.476,0.093,1.487,0.794
497.587,0.092,1.485,0.800
497.698,0.088,1.481,0.811
497.809,0.084,1.478,0.822
497.920,0.080,1.477,0.829
498.031,0.079,1.476,0.835
498.142,0.079,1.475,0.841
498.254,0.080,1.475,0.845
498.364,0.083,1.473,0.849
498.475,0.085,1.471,0.850
498.587,0.089,1.470,0.852
498.698,0.093,1.462,0.854
498.809,0.099,1.452,0.857
498.920,0.104,1.443,0.858
499.031,0.108,1.436,0.858
499.142,0.112,1.433,0.857
499.253,0.116,1.431,0.854
499.364,0.117,1.431,0.852
499.475,0.118,1.431,0.849
499.586,0.117,1.433,0.846
499.698,0.116,1.436,0.844
499.809,0.114,1.440,0.840
499.920,0.109,1.448,0.835
500.031,0.104,1.459,0.829
500.142,0.101,1.478,0.823
500.254,0.098,1.501,0.816
500.365,0.091,1.515,0.810
500.476,0.087,1.517,0.805
500.587,0.088,1.515,0.805
500.699,0.090,1.517,0.806
500.810,0.092,1.517,0.808
500.921,0.094,1.516,0.811
501.032,0.097,1.514,0.813
501.143,0.098,1.513,0.813
501.254,0.101,1.513,0.814
501.365,0.103,1.512,0.814
501.476,0.105,1.512,0.813
501.588,0.108,1.513,0.810
501.698,0.111,1.512,0.804
501.810,0.112,1.514,0.801
501.921,0.113,1.513,0.801
502.032,0.113,1.514,0.803
502.143,0.114,1.514,0.805
502.254,0.114,1.514,0.808
502.365,0.113,1.515,0.812
502.476,0.112,1.515,0.816
502.587,0.111,1.516,0.820
502.698,0.110,1.516,0.823
502.810,0.109,1.516,0.825
502.921,0.106,1.517,0.827
503.032,0.102,1.517,0.831
503.143,0.097,1.519,0.835
503.254,0.092,1.522,0.839
503.365,0.086,1.523,0.843
503.476,0.082,1.524,0.845
503.587,0.079,1.526,0.845
503.698,0.080,1.527,0.845
503.810,0.082,1.527,0.844
503.921,0.085,1.527,0.843
504.032,0.088,1.526,0.841
504.143,0.092,1.521,0.840
504.254,0.093,1.514,0.841
504.365,0.094,1.514,0.842
504.476,0.095,1.514,0.841
504.588,0.095,1.514,0.840
504.698,0.095,1.514,0.838
504.810,0.096,1.515,0.836
504.921,0.098,1.515,0.833
505.032,0.100,1.516,0.831
505.143,0.103,1.516,0.829
505.254,0.106,1.515,0.826
505.365,0.109,1.515,0.823
505.476,0.111,1.514,0.822
505.587,0.114,1.513,0.821
505.698,0.116,1.513,0.820
505.810,0.118,1.512,0.820
505.921,0.121,1.511,0.822
506.032,0.124,1.511,0.824
506.143,0.128,1.509,0.827
506.254,0.131,1.508,0.828
506.365,0.135,1.508,0.829
506.476,0.138,1.507,0.829
506.587,0.141,1.505,0.830
506.699,0.142,1.506,0.831
506.810,0.141,1.507,0.832
506.921,0.141,1.507,0.833
507.032,0.141,1.509,0.834
507.143,0.142,1.510,0.836
507.254,0.141,1.510,0.839
507.365,0.140,1.511,0.841
507.476,0.138,1.510,0.843
507.587,0.134,1.508,0.846
507.699,0.128,1.507,0.848
507.810,0.122,1.507,0.850
507.921,0.117,1.507,0.852
508.032,0.112,1.508,0.852
508.144,0.109,1.510,0.852
508.254,0.106,1.511,0.851
508.365,0.103,1.513,0.851
508.476,0.100,1.517,0.849
508.587,0.097,1.525,0.846
508.698,0.094,1.529,0.843
508.810,0.093,1.529,0.842
508.921,0.093,1.529,0.841
509.032,0.094,1.530,0.841
509.143,0.095,1.531,0.842
509.254,0.096,1.531,0.843
509.365,0.098,1.530,0.845
509.477,0.100,1.530,0.847
509.588,0.102,1.529,0.848
509.699,0.104,1.528,0.850
509.810,0.104,1.528,0.851
509.921,0.104,1.527,0.854
510.032,0.102,1.527,0.857
510.143,0.101,1.527,0.861
510.254,0.100,1.527,0.865
510.365,0.101,1.527,0.869
510.477,0.102,1.526,0.873
510.587,0.102,1.525,0.876
510.699,0.101,1.525,0.880
510.810,0.100,1.524,0.884
510.921,0.099,1.524,0.888
511.032,0.098,1.523,0.891
511.143,0.097,1.523,0.894
511.254,0.096,1.522,0.896
511.365,0.096,1.523,0.896
511.476,0.096,1.523,0.895
511.588,0.098,1.523,0.891
511.699,0.106,1.524,0.879
511.810,0.117,1.525,0.858
511.921,0.125,1.522,0.834
512.032,0.126,1.517,0.811
512.143,0.123,1.510,0.796
512.254,0.115,1.506,0.791
512.365,0.108,1.501,0.794
512.476,0.104,1.490,0.801
512.587,0.099,1.483,0.810
512.698,0.093,1.477,0.815
512.809,0.089,1.476,0.818
512.921,0.088,1.474,0.818
513.032,0.089,1.473,0.817
513.143,0.088,1.472,0.813
513.254,0.087,1.472,0.809
513.365,0.086,1.473,0.805
513.476,0.086,1.473,0.801
513.587,0.086,1.472,0.797
513.698,0.086,1.471,0.793
513.809,0.085,1.472,0.789
513.920,0.085,1.474,0.787
514.032,0.085,1.475,0.785
514.143,0.087,1.476,0.783
514.254,0.087,1.476,0.780
514.365,0.087,1.475,0.776
514.476,0.086,1.475,0.772
514.587,0.084,1.474,0.770
514.698,0.082,1.474,0.768
514.809,0.080,1.475,0.769
514.920,0.079,1.475,0.772
515.032,0.078,1.475,0.776
515.143,0.078,1.475,0.779
515.254,0.077,1.475,0.782
515.365,0.076,1.475,0.784
515.476,0.075,1.477,0.785
515.587,0.073,1.481,0.786
515.698,0.070,1.484,0.787
515.809,0.069,1.487,0.790
515.920,0.068,1.486,0.792
516.031,0.068,1.485,0.793
516.143,0.068,1.485,0.795
516.254,0.069,1.485,0.796
516.365,0.070,1.484,0.797
516.476,0.071,1.484,0.800
516.587,0.074,1.492,0.804
516.698,0.073,1.500,0.813
516.810,0.071,1.498,0.826
516.921,0.069,1.495,0.841
517.032,0.064,1.494,0.857
517.143,0.060,1.488,0.871
517.254,0.057,1.489,0.887
517.365,0.053,1.489,0.900
517.476,0.048,1.486,0.911
517.587,0.044,1.483,0.917
517.698,0.040,1.484,0.921
517.809,0.038,1.484,0.920
517.921,0.038,1.484,0.914
518.032,0.042,1.485,0.906
518.143,0.048,1.488,0.896
518.254,0.054,1.488,0.884
518.365,0.061,1.489,0.874
518.476,0.068,1.488,0.864
518.587,0.074,1.487,0.856
518.696,0.080,1.487,0.850
518.808,0.085,1.486,0.844
518.918,0.090,1.486,0.840
519.030,0.094,1.485,0.835
519.141,0.099,1.485,0.831
519.252,0.104,1.486,0.826
519.364,0.111,1.486,0.820
519.475,0.118,1.487,0.813
519.585,0.125,1.487,0.805
519.697,0.134,1.487,0.797
519.808,0.140,1.487,0.789
519.919,0.146,1.488,0.786
520.030,0.150,1.489,0.787
520.141,0.149,1.486,0.791
520.252,0.146,1.486,0.798
520.364,0.140,1.488,0.807
520.474,0.132,1.488,0.817
520.585,0.124,1.490,0.827
520.697,0.120,1.491,0.837
520.808,0.119,1.491,0.846
520.919,0.120,1.491,0.852
521.030,0.122,1.490,0.857
521.141,0.122,1.489,0.863
521.252,0.122,1.488,0.868
521.364,0.122,1.487,0.874
521.475,0.120,1.487,0.879
521.586,0.120,1.486,0.884
521.697,0.121,1.485,0.889
521.808,0.123,1.484,0.893
521.919,0.125,1.483,0.900
522.030,0.126,1.482,0.907
522.142,0.128,1.482,0.917
522.253,0.127,1.482,0.931
522.364,0.124,1.484,0.946
522.475,0.120,1.485,0.964
522.587,0.114,1.486,0.984
522.697,0.108,1.487,1.002
522.808,0.102,1.487,1.017
522.920,0.098,1.487,1.028
523.031,0.098,1.488,1.033
523.142,0.100,1.489,1.034
523.253,0.103,1.491,1.033
523.364,0.104,1.492,1.026
523.475,0.106,1.491,1.018
523.587,0.108,1.491,1.009
523.698,0.109,1.491,1.002
523.809,0.111,1.491,0.998
523.920,0.113,1.491,0.997
524.031,0.115,1.490,0.996
524.142,0.119,1.489,0.994
524.253,0.123,1.489,0.991
524.364,0.126,1.488,0.988
524.476,0.127,1.488,0.986
524.587,0.129,1.487,0.985
524.698,0.126,1.487,0.984
524.809,0.115,1.491,0.986
524.920,0.098,1.495,0.985
525.031,0.084,1.500,0.980
525.142,0.075,1.506,0.972
525.253,0.067,1.510,0.963
525.364,0.059,1.512,0.953
525.475,0.053,1.511,0.945
525.586,0.048,1.508,0.938
525.697,0.042,1.506,0.932
525.808,0.034,1.509,0.928
525.920,0.026,1.508,0.931
526.031,0.019,1.510,0.936
526.142,0.018,1.520,0.943
526.253,0.019,1.536,0.943
526.364,0.015,1.547,0.940
526.475,0.004,1.550,0.940
526.586,-0.011,1.550,0.946
526.697,-0.030,1.548,0.953
526.808,-0.052,1.548,0.962
526.919,-0.075,1.546,0.970
527.030,-0.096,1.543,0.978
527.142,-0.112,1.539,0.988
527.252,-0.123,1.535,1.004
527.363,-0.131,1.525,1.027
527.474,-0.137,1.518,1.055
527.586,-0.139,1.510,1.090
527.697,-0.138,1.499,1.135
527.808,-0.132,1.476,1.194
527.919,-0.126,1.460,1.258
528.030,-0.120,1.450,1.314
528.142,-0.116,1.444,1.359
528.252,-0.117,1.445,1.397
528.364,-0.122,1.447,1.432
528.475,-0.130,1.452,1.469
528.586,-0.146,1.456,1.512
528.697,-0.172,1.458,1.567
528.808,-0.210,1.463,1.636
528.919,-0.247,1.483,1.705
529.031,-0.268,1.499,1.763
529.142,-0.284,1.506,1.811
529.253,-0.305,1.508,1.858
529.363,-0.327,1.506,1.909
529.475,-0.345,1.501,1.965
529.586,-0.358,1.495,2.025
529.697,-0.365,1.501,2.089
529.808,-0.370,1.509,2.146
529.919,-0.371,1.516,2.189
530.030,-0.368,1.519,2.224
530.142,-0.358,1.521,2.253
530.253,-0.344,1.527,2.271
530.364,-0.330,1.534,2.283
530.475,-0.321,1.535,2.293
530.586,-0.312,1.536,2.304
530.697,-0.306,1.537,2.317
530.808,-0.304,1.534,2.336
530.919,-0.314,1.528,2.355
531.031,-0.343,1.531,2.366
531.142,-0.376,1.527,2.373
531.253,-0.410,1.521,2.380
531.364,-0.445,1.515,2.389
531.475,-0.481,1.514,2.401
531.586,-0.518,1.518,2.419
531.698,-0.552,1.519,2.442
531.809,-0.584,1.521,2.469
531.920,-0.617,1.524,2.507
532.031,-0.645,1.524,2.560
532.142,-0.662,1.521,2.618
532.253,-0.669,1.515,2.676
532.364,-0.668,1.516,2.734
532.475,-0.667,1.523,2.790
532.586,-0.667,1.531,2.841
532.697,-0.669,1.530,2.889
532.808,-0.674,1.529,2.934
532.919,-0.681,1.527,2.979
533.030,-0.691,1.521,3.025
533.141,-0.712,1.514,3.069
533.252,-0.744,1.510,3.111
533.364,-0.783,1.518,3.154
533.473,-0.813,1.521,3.196
533.586,-0.828,1.520,3.235
533.698,-0.835,1.517,3.276
533.808,-0.837,1.513,3.320
533.919,-0.834,1.504,3.366
534.031,-0.818,1.497,3.410
534.142,-0.790,1.496,3.453
534.253,-0.754,1.506,3.492
534.364,-0.724,1.512,3.530
534.476,-0.701,1.510,3.572
534.587,-0.680,1.512,3.608
534.698,-0.660,1.512,3.637
534.809,-0.648,1.510,3.673
534.920,-0.641,1.504,3.720
535.032,-0.641,1.499,3.785
535.143,-0.646,1.496,3.863
535.254,-0.652,1.499,3.944
535.365,-0.656,1.497,4.018
535.476,-0.660,1.494,4.080
535.586,-0.665,1.497,4.129
535.698,-0.669,1.491,4.171
535.809,-0.669,1.488,4.213
535.920,-0.664,1.481,4.259
536.031,-0.654,1.470,4.308
536.142,-0.636,1.465,4.359
536.253,-0.618,1.475,4.411
536.364,-0.607,1.476,4.457
536.475,-0.600,1.478,4.497
536.586,-0.594,1.479,4.534
536.697,-0.587,1.477,4.572
536.809,-0.581,1.476,4.611
536.919,-0.575,1.476,4.652
537.031,-0.572,1.481,4.702
537.142,-0.570,1.483,4.757
537.253,-0.565,1.480,4.805
537.365,-0.555,1.475,4.841
537.476,-0.543,1.474,4.868
537.588,-0.528,1.471,4.888
537.698,-0.509,1.468,4.905
537.809,-0.488,1.465,4.923
537.920,-0.464,1.458,4.943
538.031,-0.435,1.456,4.964
538.143,-0.400,1.462,4.986
538.254,-0.367,1.467,5.007
538.365,-0.335,1.464,5.028
538.476,-0.309,1.458,5.048
538.587,-0.290,1.459,5.067
538.698,-0.280,1.458,5.079
538.809,-0.271,1.457,5.086
538.920,-0.257,1.456,5.091
539.031,-0.237,1.447,5.097
539.143,-0.208,1.433,5.103
539.253,-0.175,1.415,5.110
539.364,-0.148,1.395,5.117
539.476,-0.128,1.380,5.123
539.587,-0.115,1.370,5.129
539.697,-0.108,1.363,5.133
539.809,-0.105,1.364,5.137
539.920,-0.107,1.368,5.142
540.031,-0.113,1.377,5.147
540.142,-0.121,1.386,5.156
540.253,-0.132,1.394,5.170
540.364,-0.147,1.405,5.186
540.475,-0.174,1.422,5.202
540.586,-0.207,1.443,5.218
540.697,-0.230,1.453,5.236
540.809,-0.244,1.454,5.251
540.920,-0.250,1.455,5.259
541.031,-0.254,1.458,5.262
541.142,-0.258,1.462,5.257
541.254,-0.261,1.465,5.247
541.365,-0.264,1.467,5.237
541.476,-0.267,1.469,5.229
541.587,-0.269,1.469,5.226
541.698,-0.272,1.468,5.227
541.809,-0.275,1.467,5.229
541.920,-0.279,1.465,5.233
542.031,-0.283,1.464,5.235
542.143,-0.286,1.463,5.237
542.253,-0.289,1.462,5.237
542.365,-0.290,1.462,5.237
542.476,-0.292,1.462,5.240
542.587,-0.294,1.463,5.246
542.698,-0.296,1.462,5.256
542.809,-0.300,1.462,5.271
542.920,-0.305,1.462,5.290
543.031,-0.313,1.462,5.311
543.142,-0.322,1.465,5.334
543.253,-0.333,1.467,5.355
543.364,-0.345,1.468,5.376
543.475,-0.358,1.468,5.396
543.586,-0.363,1.464,5.411
543.697,-0.357,1.460,5.426
543.808,-0.349,1.457,5.443
543.920,-0.343,1.452,5.464
544.031,-0.339,1.441,5.491
544.142,-0.333,1.431,5.527
544.253,-0.322,1.422,5.570
544.364,-0.304,1.412,5.618
544.475,-0.278,1.400,5.667
544.586,-0.249,1.380,5.712
544.697,-0.226,1.368,5.749
544.808,-0.216,1.368,5.779
544.919,-0.212,1.380,5.810
545.031,-0.213,1.394,5.847
545.142,-0.223,1.408,5.893
545.253,-0.244,1.421,5.939
545.364,-0.266,1.441,5.989
545.475,-0.283,1.476,6.042
545.587,-0.294,1.489,6.090
545.698,-0.293,1.487,6.135
545.809,-0.282,1.486,6.174
545.920,-0.263,1.482,6.214
546.031,-0.235,1.476,6.259
546.142,-0.201,1.466,6.306
546.253,-0.162,1.466,6.353
546.364,-0.131,1.473,6.395
546.475,-0.112,1.475,6.431
546.586,-0.101,1.474,6.457
546.698,-0.098,1.477,6.475
546.809,-0.096,1.479,6.488
546.919,-0.097,1.475,6.497
547.031,-0.098,1.475,6.502
547.142,-0.099,1.474,6.503
547.253,-0.100,1.474,6.500
547.364,-0.103,1.473,6.493
547.475,-0.107,1.473,6.482
547.586,-0.111,1.472,6.468
547.697,-0.117,1.474,6.454
547.808,-0.122,1.476,6.444
547.919,-0.126,1.478,6.441
548.031,-0.125,1.478,6.440
548.142,-0.124,1.479,6.446
548.253,-0.124,1.479,6.456
548.364,-0.122,1.479,6.466
548.475,-0.120,1.477,6.477
548.585,-0.117,1.475,6.486
548.697,-0.116,1.473,6.489
548.809,-0.115,1.473,6.486
548.920,-0.115,1.474,6.478
549.031,-0.116,1.474,6.468
549.142,-0.118,1.475,6.457
549.253,-0.120,1.475,6.445
549.365,-0.122,1.475,6.433
549.475,-0.124,1.476,6.423
549.586,-0.128,1.476,6.416
549.698,-0.131,1.475,6.413
549.809,-0.130,1.475,6.414
549.919,-0.130,1.478,6.417
550.031,-0.129,1.480,6.422
550.142,-0.127,1.482,6.428
550.253,-0.126,1.484,6.431
550.364,-0.129,1.486,6.432
550.475,-0.132,1.487,6.432
550.586,-0.133,1.487,6.433
550.697,-0.132,1.488,6.434
550.808,-0.130,1.488,6.435
550.919,-0.129,1.486,6.434
551.031,-0.128,1.486,6.430
551.142,-0.127,1.487,6.427
551.253,-0.128,1.488,6.422
551.364,-0.136,1.488,6.418
551.475,-0.149,1.490,6.412
551.586,-0.166,1.492,6.403
551.697,-0.185,1.495,6.392
551.808,-0.204,1.497,6.382
551.920,-0.224,1.497,6.374
552.030,-0.243,1.495,6.372
552.142,-0.263,1.497,6.378
552.253,-0.283,1.497,6.391
552.364,-0.300,1.493,6.406
552.475,-0.313,1.492,6.425
552.586,-0.325,1.499,6.446
552.697,-0.337,1.500,6.465
552.808,-0.347,1.498,6.482
552.919,-0.356,1.494,6.493
553.030,-0.364,1.493,6.499
553.141,-0.374,1.494,6.502
553.252,-0.386,1.492,6.502
553.364,-0.400,1.492,6.496
553.475,-0.417,1.493,6.486
553.586,-0.439,1.490,6.477
553.697,-0.462,1.485,6.474
553.808,-0.482,1.478,6.474
553.919,-0.498,1.473,6.477
554.030,-0.510,1.471,6.485
554.142,-0.519,1.472,6.504
554.252,-0.526,1.467,6.534
554.364,-0.530,1.460,6.571
554.475,-0.532,1.454,6.614
554.586,-0.535,1.456,6.662
554.697,-0.539,1.453,6.709
554.808,-0.544,1.446,6.748
554.919,-0.550,1.437,6.776
555.030,-0.557,1.430,6.796
555.141,-0.565,1.428,6.812
555.253,-0.575,1.428,6.821
555.363,-0.587,1.429,6.824
555.475,-0.601,1.431,6.822
555.587,-0.614,1.433,6.817
555.697,-0.626,1.434,6.813
555.809,-0.637,1.435,6.807
555.919,-0.654,1.438,6.800
556.030,-0.676,1.439,6.788
556.142,-0.700,1.442,6.773
556.253,-0.727,1.446,6.756
556.364,-0.756,1.449,6.739
556.475,-0.785,1.448,6.722
556.585,-0.814,1.442,6.708
556.697,-0.840,1.451,6.698
556.808,-0.871,1.451,6.692
556.919,-0.907,1.448,6.689
557.030,-0.947,1.445,6.692
557.141,-0.991,1.443,6.700
557.252,-1.037,1.451,6.709
557.363,-1.080,1.459,6.720
557.475,-1.117,1.463,6.729
557.586,-1.148,1.464,6.738
557.697,-1.178,1.466,6.745
557.808,-1.209,1.466,6.752
557.919,-1.239,1.465,6.756
558.030,-1.268,1.463,6.755
558.142,-1.298,1.465,6.748
558.252,-1.335,1.470,6.739
558.364,-1.374,1.465,6.730
558.475,-1.411,1.462,6.723
558.586,-1.446,1.458,6.723
558.697,-1.481,1.454,6.734
558.808,-1.518,1.438,6.758
558.920,-1.551,1.414,6.784
559.031,-1.581,1.391,6.810
559.142,-1.608,1.367,6.831
559.253,-1.631,1.338,6.847
559.364,-1.649,1.314,6.855
559.476,-1.674,1.281,6.865
559.586,-1.698,1.240,6.879
559.697,-1.717,1.194,6.895
559.808,-1.735,1.154,6.911
559.920,-1.749,1.124,6.925
560.031,-1.758,1.106,6.935
560.142,-1.764,1.104,6.942
560.253,-1.768,1.103,6.947
560.364,-1.768,1.107,6.948
560.475,-1.769,1.117,6.946
560.586,-1.770,1.127,6.939
560.698,-1.769,1.141,6.927
560.809,-1.766,1.173,6.902
560.920,-1.763,1.224,6.857
561.031,-1.760,1.287,6.804
561.142,-1.745,1.351,6.747
561.253,-1.730,1.402,6.695
561.364,-1.715,1.434,6.652
561.475,-1.702,1.450,6.623
561.586,-1.692,1.458,6.609
561.697,-1.690,1.467,6.601
561.808,-1.697,1.468,6.588
561.919,-1.711,1.468,6.579
562.030,-1.732,1.467,6.577
562.142,-1.762,1.463,6.583
562.252,-1.796,1.460,6.597
562.364,-1.835,1.464,6.618
562.475,-1.874,1.460,6.645
562.586,-1.907,1.449,6.676
562.697,-1.935,1.441,6.695
562.808,-1.957,1.440,6.700
562.919,-1.973,1.439,6.692
563.030,-1.984,1.447,6.672
563.141,-1.989,1.455,6.650
563.253,-1.985,1.460,6.630
563.364,-1.974,1.466,6.617
563.475,-1.964,1.469,6.604
563.586,-1.958,1.470,6.594
563.697,-1.957,1.467,6.588
563.808,-1.963,1.460,6.585
563.919,-1.974,1.450,6.586
564.031,-1.990,1.443,6.587
564.142,-2.007,1.442,6.583
564.253,-2.019,1.441,6.575
564.363,-2.024,1.441,6.564
564.475,-2.027,1.449,6.548
564.586,-2.038,1.451,6.525
564.697,-2.052,1.450,6.499
564.808,-2.066,1.446,6.469
564.920,-2.075,1.442,6.441
565.030,-2.081,1.437,6.416
565.142,-2.087,1.434,6.393
565.253,-2.093,1.437,6.370
565.364,-2.098,1.440,6.347
565.475,-2.107,1.444,6.323
565.586,-2.116,1.454,6.301
565.697,-2.121,1.463,6.285
565.809,-2.119,1.467,6.274
565.920,-2.118,1.468,6.265
566.030,-2.116,1.467,6.258
566.142,-2.114,1.466,6.252
566.253,-2.112,1.464,6.248
566.364,-2.110,1.464,6.244
566.475,-2.110,1.461,6.242
566.587,-2.109,1.458,6.237
566.697,-2.104,1.451,6.227
566.808,-2.087,1.445,6.210
566.919,-2.053,1.439,6.187
567.031,-2.008,1.432,6.161
567.142,-1.953,1.425,6.130
567.253,-1.891,1.419,6.094
567.364,-1.830,1.420,6.058
567.475,-1.784,1.419,6.029
567.586,-1.756,1.422,6.005
567.697,-1.743,1.425,5.985
567.809,-1.740,1.432,5.965
567.920,-1.744,1.442,5.941
568.030,-1.754,1.453,5.905
568.142,-1.771,1.461,5.859
568.253,-1.793,1.465,5.807
568.364,-1.818,1.474,5.749
568.475,-1.840,1.500,5.691
568.587,-1.855,1.506,5.636
568.698,-1.866,1.506,5.587
568.809,-1.877,1.498,5.543
568.920,-1.900,1.478,5.501
569.031,-1.917,1.467,5.460
569.142,-1.927,1.462,5.416
569.253,-1.935,1.464,5.373
569.364,-1.945,1.465,5.337
569.475,-1.954,1.468,5.322
569.586,-1.956,1.474,5.327
569.697,-1.946,1.479,5.350
569.808,-1.923,1.488,5.381
569.919,-1.898,1.497,5.405
570.030,-1.876,1.506,5.423
570.142,-1.855,1.514,5.439
570.253,-1.836,1.520,5.452
570.364,-1.819,1.520,5.457
570.475,-1.802,1.524,5.450
570.586,-1.788,1.520,5.430
570.697,-1.784,1.512,5.403
570.809,-1.786,1.509,5.379
570.920,-1.777,1.509,5.357
571.031,-1.755,1.516,5.330
571.142,-1.730,1.524,5.302
571.254,-1.696,1.531,5.270
571.365,-1.652,1.532,5.230
571.476,-1.610,1.533,5.182
571.588,-1.583,1.530,5.139
571.698,-1.568,1.529,5.105
571.809,-1.563,1.531,5.082
571.920,-1.563,1.533,5.071
572.031,-1.565,1.545,5.074
572.142,-1.567,1.561,5.086
572.253,-1.564,1.573,5.103
572.364,-1.560,1.582,5.125
572.476,-1.554,1.586,5.145
572.588,-1.543,1.584,5.161
572.698,-1.535,1.584,5.173
572.810,-1.531,1.585,5.176
572.921,-1.535,1.590,5.178
573.032,-1.549,1.594,5.181
573.143,-1.569,1.595,5.183
573.254,-1.590,1.593,5.184
573.365,-1.609,1.591,5.185
573.476,-1.622,1.589,5.184
573.587,-1.631,1.588,5.183
573.698,-1.635,1.588,5.183
573.809,-1.631,1.589,5.188
573.920,-1.620,1.587,5.202
574.032,-1.601,1.583,5.218
574.143,-1.577,1.580,5.230
574.254,-1.553,1.576,5.241
574.365,-1.528,1.570,5.253
574.476,-1.505,1.562,5.265
574.587,-1.482,1.555,5.272
574.698,-1.454,1.548,5.269
574.809,-1.426,1.543,5.255
574.920,-1.402,1.538,5.234
575.031,-1.381,1.530,5.209
575.142,-1.367,1.524,5.177
575.253,-1.359,1.520,5.137
575.364,-1.363,1.513,5.096
575.475,-1.377,1.515,5.054
575.587,-1.389,1.513,5.021
575.698,-1.396,1.513,4.999
575.809,-1.396,1.518,4.982
575.920,-1.384,1.519,4.964
576.031,-1.363,1.519,4.946
576.142,-1.340,1.521,4.936
576.254,-1.317,1.528,4.928
576.365,-1.303,1.526,4.915
576.476,-1.301,1.522,4.904
576.587,-1.310,1.513,4.902
576.698,-1.320,1.503,4.910
576.809,-1.326,1.489,4.921
576.920,-1.330,1.479,4.931
577.031,-1.336,1.477,4.937
577.142,-1.348,1.476,4.939
577.253,-1.366,1.472,4.935
577.364,-1.394,1.465,4.926
577.475,-1.431,1.455,4.914
577.586,-1.477,1.454,4.903
577.697,-1.524,1.456,4.891
577.809,-1.565,1.460,4.881
577.920,-1.603,1.464,4.875
578.031,-1.638,1.463,4.871
578.142,-1.667,1.461,4.867
578.253,-1.692,1.460,4.856
578.364,-1.715,1.461,4.834
578.475,-1.749,1.465,4.792
578.586,-1.789,1.459,4.742
578.698,-1.826,1.444,4.695
578.809,-1.853,1.432,4.665
578.920,-1.875,1.427,4.655
579.031,-1.894,1.427,4.664
579.141,-1.911,1.431,4.687
579.253,-1.926,1.438,4.722
579.364,-1.935,1.444,4.770
579.475,-1.936,1.448,4.826
579.586,-1.931,1.460,4.888
579.697,-1.925,1.470,4.949
579.808,-1.922,1.466,5.005
579.919,-1.927,1.465,5.051
580.030,-1.936,1.463,5.093
580.141,-1.944,1.452,5.129
580.253,-1.953,1.446,5.163
580.364,-1.960,1.440,5.199
580.475,-1.957,1.426,5.230
580.586,-1.946,1.414,5.254
580.697,-1.928,1.402,5.274
580.808,-1.906,1.384,5.295
580.919,-1.883,1.366,5.318
581.030,-1.859,1.352,5.342
581.141,-1.840,1.339,5.364
581.252,-1.829,1.334,5.377
581.364,-1.823,1.335,5.384
581.475,-1.821,1.340,5.388
581.586,-1.819,1.348,5.389
581.697,-1.817,1.362,5.389
581.808,-1.814,1.386,5.386
581.919,-1.808,1.416,5.379
582.030,-1.800,1.441,5.375
582.141,-1.795,1.461,5.379
582.252,-1.791,1.470,5.399
582.363,-1.787,1.472,5.432
582.475,-1.782,1.472,5.475
582.586,-1.777,1.471,5.522
582.697,-1.771,1.481,5.578
582.808,-1.764,1.496,5.639
582.919,-1.750,1.500,5.702
583.030,-1.727,1.510,5.762
583.142,-1.699,1.515,5.820
583.252,-1.666,1.511,5.873
583.364,-1.632,1.517,5.923
583.475,-1.602,1.524,5.972
583.586,-1.579,1.527,6.013
583.697,-1.562,1.521,6.049
583.808,-1.551,1.511,6.085
583.920,-1.544,1.506,6.121
584.031,-1.540,1.502,6.156
584.142,-1.542,1.496,6.191
584.253,-1.550,1.492,6.230
584.364,-1.565,1.497,6.271
584.475,-1.579,1.497,6.314
584.586,-1.592,1.491,6.358
584.697,-1.601,1.488,6.401
584.809,-1.608,1.489,6.443
584.919,-1.603,1.485,6.484
585.031,-1.576,1.485,6.515
585.142,-1.537,1.490,6.535
585.253,-1.503,1.505,6.551
585.365,-1.484,1.525,6.562
585.476,-1.479,1.536,6.570
585.588,-1.477,1.537,6.581
585.698,-1.480,1.539,6.593
585.809,-1.484,1.537,6.601
585.921,-1.492,1.536,6.604
586.031,-1.501,1.537,6.605
586.143,-1.510,1.536,6.606
586.254,-1.521,1.535,6.607
586.365,-1.533,1.535,6.606
586.476,-1.544,1.533,6.604
586.587,-1.555,1.529,6.601
586.698,-1.563,1.522,6.592
586.809,-1.566,1.517,6.577
586.921,-1.566,1.513,6.562
587.031,-1.561,1.510,6.547
587.142,-1.554,1.509,6.530
587.254,-1.545,1.509,6.512
587.365,-1.533,1.508,6.497
587.476,-1.515,1.508,6.485
587.587,-1.493,1.511,6.472
587.698,-1.464,1.511,6.461
587.809,-1.429,1.506,6.452
587.920,-1.402,1.501,6.445
588.031,-1.377,1.500,6.439
588.142,-1.346,1.499,6.434
588.254,-1.309,1.495,6.431
588.365,-1.267,1.487,6.432
588.476,-1.219,1.479,6.439
588.587,-1.165,1.486,6.454
588.698,-1.109,1.489,6.466
588.809,-1.060,1.486,6.472
588.920,-1.014,1.487,6.474
589.031,-0.964,1.482,6.469
589.142,-0.907,1.473,6.458
589.254,-0.844,1.458,6.444
589.365,-0.773,1.448,6.423
589.476,-0.701,1.454,6.397
589.587,-0.633,1.469,6.375
589.698,-0.572,1.472,6.360
589.809,-0.509,1.480,6.347
589.920,-0.440,1.472,6.336
590.032,-0.370,1.461,6.333
590.143,-0.295,1.446,6.347
590.254,-0.217,1.448,6.371
590.365,-0.145,1.461,6.390
590.476,-0.080,1.465,6.397
590.587,-0.016,1.468,6.398
590.698,0.050,1.463,6.398
590.809,0.119,1.454,6.395
590.921,0.192,1.443,6.388
591.033,0.271,1.442,6.377
591.143,0.346,1.453,6.367
591.254,0.407,1.455,6.356
591.365,0.454,1.455,6.335
591.476,0.489,1.455,6.300
591.588,0.507,1.459,6.253
591.699,0.510,1.465,6.210
591.810,0.510,1.466,6.180
591.920,0.516,1.464,6.161
592.031,0.530,1.467,6.151
592.142,0.547,1.470,6.142
592.253,0.563,1.480,6.132
592.364,0.573,1.480,6.120
592.476,0.579,1.469,6.110
592.587,0.584,1.463,6.101
592.698,0.588,1.458,6.097
592.809,0.592,1.452,6.099
592.920,0.596,1.451,6.106
593.032,0.600,1.449,6.115
593.142,0.603,1.450,6.120
593.253,0.603,1.445,6.122
593.364,0.599,1.436,6.127
593.475,0.601,1.432,6.137
593.587,0.614,1.431,6.153
593.698,0.618,1.432,6.172
593.809,0.615,1.433,6.187
593.920,0.608,1.432,6.199
594.031,0.602,1.433,6.206
594.142,0.598,1.435,6.208
594.254,0.597,1.435,6.209
594.365,0.600,1.436,6.208
594.476,0.603,1.435,6.207
594.587,0.607,1.435,6.207
594.698,0.610,1.435,6.206
594.809,0.612,1.435,6.206
594.920,0.614,1.435,6.205
595.031,0.613,1.435,6.204
595.143,0.609,1.435,6.204
595.254,0.602,1.436,6.203
595.365,0.593,1.437,6.203
595.476,0.580,1.438,6.203
595.587,0.561,1.439,6.205
595.698,0.536,1.440,6.206
595.809,0.497,1.442,6.206
595.920,0.437,1.444,6.209
596.032,0.370,1.446,6.223
596.141,0.316,1.455,6.247
596.253,0.272,1.463,6.265
596.364,0.237,1.466,6.280
596.475,0.205,1.466,6.292
596.586,0.172,1.463,6.301
596.697,0.140,1.460,6.299
596.808,0.108,1.461,6.287
596.919,0.070,1.454,6.274
597.030,0.035,1.451,6.266
597.141,0.005,1.447,6.265
597.252,-0.019,1.450,6.270
597.364,-0.043,1.456,6.276
597.475,-0.070,1.462,6.283
597.586,-0.102,1.470,6.291
597.697,-0.136,1.479,6.306
597.809,-0.170,1.492,6.327
597.920,-0.204,1.512,6.349
598.031,-0.240,1.526,6.366
598.141,-0.278,1.528,6.380
598.252,-0.318,1.530,6.390
598.364,-0.359,1.527,6.400
598.475,-0.404,1.520,6.409
598.586,-0.455,1.508,6.412
598.697,-0.514,1.506,6.408
598.808,-0.576,1.513,6.395
598.920,-0.633,1.517,6.380
599.031,-0.680,1.517,6.363
599.142,-0.722,1.513,6.345
599.253,-0.756,1.507,6.326
599.364,-0.782,1.504,6.303
599.475,-0.802,1.497,6.281
599.586,-0.820,1.484,6.273
599.697,-0.837,1.478,6.276
599.808,-0.851,1.474,6.284
599.919,-0.864,1.471,6.300
600.031,-0.880,1.471,6.322
600.142,-0.901,1.471,6.351
600.253,-0.927,1.470,6.389
600.364,-0.959,1.466,6.434
600.475,-0.996,1.463,6.485
600.586,-1.033,1.472,6.535
600.697,-1.069,1.471,6.578
600.808,-1.104,1.463,6.612
600.919,-1.137,1.467,6.637
601.030,-1.171,1.463,6.659
601.142,-1.201,1.458,6.670
601.253,-1.227,1.461,6.673
601.364,-1.256,1.471,6.679
601.475,-1.270,1.474,6.689
601.586,-1.260,1.482,6.697
601.697,-1.239,1.490,6.695
601.808,-1.216,1.495,6.686
601.920,-1.195,1.495,6.676
602.031,-1.178,1.494,6.667
602.142,-1.168,1.493,6.665
602.253,-1.166,1.490,6.667
602.364,-1.167,1.487,6.671
602.475,-1.172,1.483,6.674
602.586,-1.178,1.482,6.675
602.697,-1.185,1.481,6.676
602.808,-1.195,1.480,6.676
602.919,-1.208,1.478,6.674
603.030,-1.223,1.478,6.671
603.142,-1.241,1.479,6.664
603.253,-1.263,1.480,6.656
603.364,-1.286,1.480,6.647
603.475,-1.312,1.479,6.638
603.586,-1.341,1.475,6.632
603.697,-1.371,1.470,6.626
603.808,-1.402,1.472,6.621
603.919,-1.430,1.472,6.614
604.031,-1.458,1.473,6.608
604.142,-1.485,1.473,6.606
604.253,-1.514,1.472,6.610
604.364,-1.544,1.474,6.616
604.475,-1.575,1.485,6.620
604.586,-1.604,1.493,6.619
604.697,-1.629,1.496,6.616
604.808,-1.653,1.496,6.615
604.919,-1.678,1.494,6.614
605.030,-1.704,1.491,6.608
605.142,-1.728,1.495,6.596
605.253,-1.748,1.490,6.578
605.364,-1.762,1.487,6.555
605.475,-1.772,1.485,6.529
605.586,-1.778,1.482,6.494
605.697,-1.782,1.486,6.450
605.808,-1.787,1.493,6.402
605.919,-1.798,1.496,6.358
606.031,-1.813,1.497,6.323
606.141,-1.837,1.500,6.307
606.253,-1.860,1.498,6.311
606.364,-1.871,1.497,6.325
606.475,-1.870,1.495,6.343
606.586,-1.861,1.494,6.364
606.697,-1.850,1.496,6.387
606.808,-1.841,1.495,6.407
606.919,-1.825,1.499,6.428
607.030,-1.802,1.497,6.445
607.142,-1.780,1.494,6.451
607.253,-1.761,1.495,6.442
607.364,-1.744,1.494,6.424
607.475,-1.730,1.494,6.403
607.586,-1.717,1.493,6.382
607.698,-1.707,1.493,6.362
607.809,-1.699,1.498,6.345
607.920,-1.698,1.507,6.332
608.031,-1.704,1.518,6.326
608.143,-1.711,1.526,6.322
608.254,-1.714,1.528,6.318
608.365,-1.715,1.528,6.315
608.476,-1.716,1.528,6.313
608.587,-1.722,1.531,6.311
608.698,-1.740,1.534,6.313
608.809,-1.768,1.535,6.310
608.920,-1.795,1.536,6.301
609.031,-1.817,1.535,6.286
609.142,-1.832,1.534,6.273
609.253,-1.838,1.531,6.265
609.364,-1.838,1.530,6.260
609.475,-1.833,1.530,6.260
609.586,-1.820,1.532,6.266
609.697,-1.801,1.534,6.273
609.809,-1.782,1.537,6.277
609.920,-1.764,1.538,6.278
610.031,-1.744,1.538,6.277
610.142,-1.723,1.539,6.274
610.254,-1.700,1.540,6.270
610.364,-1.670,1.543,6.265
610.476,-1.633,1.544,6.258
610.587,-1.589,1.544,6.249
610.698,-1.544,1.546,6.240
610.809,-1.499,1.546,6.231
610.920,-1.459,1.540,6.224
611.031,-1.425,1.539,6.216
611.143,-1.397,1.540,6.210
611.254,-1.373,1.540,6.207
611.365,-1.352,1.539,6.209
611.476,-1.332,1.538,6.217
611.587,-1.313,1.535,6.232
611.698,-1.292,1.529,6.253
611.809,-1.275,1.523,6.283
611.920,-1.260,1.513,6.327
612.032,-1.244,1.505,6.372
612.142,-1.225,1.506,6.406
612.253,-1.204,1.503,6.424
612.364,-1.179,1.505,6.425
612.476,-1.160,1.506,6.413
612.587,-1.148,1.507,6.394
612.698,-1.141,1.506,6.362
612.809,-1.136,1.510,6.316
612.921,-1.135,1.513,6.270
613.031,-1.135,1.517,6.237
613.143,-1.135,1.518,6.213
613.254,-1.136,1.518,6.197
613.364,-1.137,1.519,6.187
613.476,-1.139,1.525,6.182
613.587,-1.144,1.533,6.180
613.697,-1.149,1.536,6.180
613.809,-1.153,1.537,6.178
613.920,-1.158,1.541,6.175
614.031,-1.164,1.544,6.172
614.142,-1.169,1.548,6.171
614.253,-1.172,1.548,6.169
614.365,-1.173,1.546,6.165
614.475,-1.171,1.545,6.159
614.586,-1.157,1.542,6.153
614.697,-1.128,1.538,6.152
614.809,-1.100,1.534,6.159
614.921,-1.079,1.526,6.164
615.031,-1.060,1.521,6.165
615.143,-1.044,1.519,6.164
615.254,-1.028,1.516,6.166
615.365,-1.009,1.516,6.172
615.476,-0.987,1.514,6.176
615.587,-0.960,1.511,6.175
615.698,-0.928,1.505,6.172
615.809,-0.889,1.500,6.176
615.921,-0.843,1.501,6.188
616.032,-0.793,1.510,6.208
616.143,-0.748,1.515,6.229
616.254,-0.706,1.515,6.247
616.365,-0.669,1.515,6.263
616.476,-0.636,1.508,6.276
616.588,-0.609,1.506,6.285
616.698,-0.580,1.506,6.297
616.809,-0.544,1.503,6.320
616.921,-0.507,1.500,6.345
617.032,-0.468,1.497,6.367
617.143,-0.425,1.496,6.387
617.254,-0.381,1.504,6.405
617.365,-0.340,1.507,6.423
617.476,-0.305,1.506,6.442
617.588,-0.273,1.500,6.460
617.698,-0.242,1.490,6.479
617.809,-0.210,1.479,6.498
617.920,-0.180,1.472,6.520
618.031,-0.151,1.470,6.544
618.142,-0.123,1.474,6.572
618.253,-0.104,1.490,6.598
618.364,-0.093,1.500,6.619
618.475,-0.080,1.505,6.634
618.587,-0.064,1.506,6.641
618.698,-0.045,1.508,6.640
618.809,-0.021,1.512,6.631
618.920,0.014,1.519,6.612
619.031,0.060,1.525,6.589
619.142,0.106,1.526,6.570
619.253,0.142,1.532,6.553
619.364,0.164,1.537,6.537
619.475,0.168,1.533,6.523
619.587,0.158,1.524,6.510
619.697,0.142,1.523,6.494
619.808,0.125,1.525,6.477
619.919,0.112,1.523,6.460
620.030,0.100,1.520,6.445
620.141,0.092,1.516,6.436
620.253,0.085,1.515,6.429
620.364,0.080,1.513,6.426
620.475,0.076,1.510,6.422
620.586,0.074,1.506,6.418
620.697,0.073,1.503,6.412
620.808,0.074,1.502,6.407
620.920,0.076,1.501,6.403
621.031,0.077,1.500,6.399
621.141,0.080,1.501,6.395
621.253,0.082,1.502,6.392
621.364,0.082,1.502,6.389
621.475,0.081,1.503,6.386
621.586,0.078,1.503,6.384
621.697,0.074,1.502,6.383
621.808,0.068,1.502,6.387
621.919,0.060,1.501,6.399
622.031,0.056,1.498,6.418
622.141,0.055,1.494,6.438
622.253,0.056,1.490,6.454
622.364,0.056,1.485,6.463
622.475,0.053,1.482,6.468
622.586,0.048,1.478,6.469
622.697,0.039,1.474,6.469
622.808,0.025,1.472,6.466
622.919,0.004,1.469,6.461
623.031,-0.025,1.467,6.452
623.141,-0.054,1.463,6.441
623.253,-0.074,1.463,6.436
623.364,-0.091,1.469,6.441
623.475,-0.112,1.471,6.450
623.586,-0.139,1.473,6.465
623.697,-0.175,1.478,6.486
623.808,-0.212,1.479,6.510
623.919,-0.253,1.491,6.541
624.030,-0.296,1.498,6.575
624.141,-0.336,1.495,6.608
624.253,-0.372,1.485,6.640
624.363,-0.405,1.475,6.664
624.474,-0.436,1.471,6.682
624.586,-0.465,1.464,6.695
624.697,-0.494,1.459,6.703
624.808,-0.529,1.451,6.706
624.919,-0.570,1.446,6.699
625.030,-0.622,1.453,6.691
625.141,-0.676,1.454,6.686
625.252,-0.725,1.445,6.684
625.364,-0.763,1.451,6.678
625.474,-0.798,1.455,6.672
625.586,-0.831,1.453,6.665
625.697,-0.869,1.453,6.661
625.808,-0.912,1.449,6.664
625.919,-0.963,1.446,6.669
626.030,-1.017,1.457,6.676
626.142,-1.064,1.477,6.683
626.253,-1.103,1.492,6.690
626.364,-1.134,1.511,6.694
626.475,-1.154,1.533,6.697
626.586,-1.174,1.541,6.699
626.697,-1.195,1.543,6.702
626.808,-1.210,1.540,6.713
626.920,-1.208,1.537,6.724
627.031,-1.202,1.536,6.719
627.142,-1.207,1.532,6.704
627.253,-1.218,1.528,6.682
627.364,-1.229,1.525,6.657
627.476,-1.240,1.522,6.634
627.587,-1.253,1.521,6.617
627.698,-1.264,1.521,6.605
627.809,-1.280,1.519,6.598
627.924,-1.312,1.515,6.598
628.031,-1.360,1.507,6.595
628.142,-1.403,1.500,6.582
628.253,-1.433,1.494,6.570
628.364,-1.457,1.489,6.562
628.475,-1.479,1.486,6.561
628.586,-1.504,1.481,6.568
628.697,-1.533,1.484,6.583
628.808,-1.565,1.489,6.604
628.920,-1.598,1.493,6.623
629.030,-1.629,1.492,6.645
629.142,-1.658,1.489,6.664
629.252,-1.686,1.484,6.680
629.364,-1.715,1.482,6.687
629.475,-1.747,1.475,6.685
629.586,-1.776,1.467,6.673
629.697,-1.802,1.459,6.652
629.808,-1.833,1.457,6.625
629.920,-1.867,1.459,6.594
630.031,-1.899,1.460,6.562
630.142,-1.927,1.457,6.532
630.253,-1.946,1.452,6.507
630.364,-1.961,1.456,6.484
630.475,-1.975,1.453,6.461
630.586,-1.989,1.454,6.440
630.697,-2.005,1.456,6.419
630.808,-2.026,1.456,6.401
630.920,-2.052,1.458,6.393
631.031,-2.082,1.462,6.399
631.142,-2.105,1.462,6.418
631.253,-2.111,1.463,6.443
631.364,-2.100,1.461,6.467
631.475,-2.076,1.460,6.490
631.586,-2.045,1.461,6.515
631.697,-2.015,1.462,6.540
631.808,-1.986,1.466,6.564
631.919,-1.960,1.467,6.588
632.031,-1.938,1.466,6.613
632.142,-1.920,1.464,6.642
632.253,-1.910,1.463,6.674
632.364,-1.905,1.464,6.708
632.475,-1.903,1.464,6.742
632.586,-1.903,1.464,6.769
632.697,-1.905,1.462,6.788
632.808,-1.909,1.461,6.798
632.919,-1.913,1.460,6.802
633.030,-1.918,1.461,6.800
633.142,-1.924,1.462,6.788
633.253,-1.930,1.465,6.768
633.364,-1.937,1.468,6.738
633.474,-1.943,1.470,6.700
633.586,-1.948,1.470,6.657
633.697,-1.950,1.470,6.613
633.808,-1.950,1.471,6.570
633.920,-1.949,1.469,6.527
634.030,-1.945,1.468,6.482
634.142,-1.940,1.469,6.439
634.253,-1.935,1.470,6.396
634.364,-1.931,1.469,6.356
634.475,-1.930,1.466,6.316
634.587,-1.930,1.457,6.277
634.697,-1.937,1.451,6.237
634.808,-1.954,1.448,6.196
634.920,-1.977,1.459,6.151
635.031,-1.999,1.473,6.105
635.141,-2.012,1.472,6.063
635.254,-2.017,1.473,6.025
635.364,-2.014,1.482,5.987
635.475,-2.007,1.489,5.950
635.586,-1.998,1.492,5.913
635.698,-1.984,1.492,5.872
635.809,-1.962,1.493,5.822
635.920,-1.934,1.501,5.763
636.031,-1.905,1.508,5.698
636.142,-1.883,1.500,5.633
636.254,-1.870,1.494,5.576
636.364,-1.868,1.484,5.522
636.475,-1.871,1.464,5.468
636.586,-1.875,1.449,5.410
636.697,-1.885,1.433,5.347
636.809,-1.903,1.422,5.275
636.920,-1.924,1.433,5.196
637.031,-1.940,1.439,5.123
637.141,-1.948,1.441,5.065
637.253,-1.961,1.453,5.014
637.364,-1.975,1.455,4.962
637.475,-1.985,1.453,4.904
637.587,-1.989,1.446,4.842
637.698,-1.987,1.439,4.770
637.809,-1.979,1.451,4.690
637.920,-1.973,1.461,4.613
638.031,-1.972,1.465,4.549
638.142,-1.975,1.472,4.492
638.254,-1.978,1.474,4.436
638.364,-1.983,1.476,4.379
638.475,-1.993,1.475,4.318
638.587,-2.009,1.480,4.255
638.698,-2.029,1.504,4.195
638.809,-2.042,1.510,4.137
638.920,-2.049,1.513,4.085
639.031,-2.053,1.509,4.037
639.142,-2.053,1.505,3.987
639.253,-2.046,1.500,3.935
639.365,-2.035,1.493,3.881
639.476,-2.017,1.490,3.823
639.587,-1.992,1.495,3.760
639.698,-1.970,1.499,3.699
639.809,-1.956,1.499,3.645
639.921,-1.944,1.503,3.595
640.031,-1.934,1.497,3.546
640.142,-1.930,1.495,3.499
640.254,-1.936,1.492,3.452
640.364,-1.953,1.487,3.402
640.476,-1.981,1.493,3.347
640.587,-2.014,1.503,3.293
640.698,-2.045,1.502,3.242
640.809,-2.070,1.506,3.194
640.920,-2.092,1.506,3.144
641.031,-2.111,1.498,3.090
641.142,-2.128,1.489,3.035
641.254,-2.139,1.478,2.974
641.365,-2.146,1.476,2.908
641.475,-2.150,1.489,2.842
641.587,-2.157,1.488,2.781
641.698,-2.168,1.492,2.727
641.809,-2.178,1.493,2.671
641.920,-2.187,1.489,2.611
642.031,-2.202,1.484,2.549
642.142,-2.221,1.481,2.483
642.253,-2.242,1.496,2.416
642.365,-2.254,1.499,2.354
642.476,-2.259,1.499,2.303
642.587,-2.259,1.498,2.260
642.698,-2.251,1.494,2.222
642.809,-2.238,1.490,2.189
642.920,-2.218,1.485,2.158
643.031,-2.189,1.481,2.127
643.142,-2.156,1.482,2.099
643.254,-2.120,1.489,2.072
643.364,-2.086,1.490,2.048
643.476,-2.063,1.485,2.025
643.586,-2.047,1.486,2.001
643.698,-2.035,1.491,1.986
643.808,-2.034,1.490,1.975
643.919,-2.036,1.492,1.967
644.031,-2.039,1.495,1.968
644.141,-2.040,1.500,1.981
644.253,-2.044,1.502,2.008
644.364,-2.057,1.502,2.048
644.475,-2.077,1.501,2.099
644.587,-2.104,1.498,2.160
644.697,-2.135,1.494,2.231
644.809,-2.165,1.489,2.306
644.920,-2.186,1.492,2.371
645.031,-2.196,1.498,2.425
645.142,-2.196,1.497,2.473
645.254,-2.185,1.495,2.520
645.364,-2.169,1.492,2.573
645.476,-2.147,1.486,2.625
645.587,-2.118,1.485,2.678
645.698,-2.092,1.503,2.734
645.809,-2.070,1.513,2.785
645.920,-2.046,1.519,2.826
646.031,-2.016,1.519,2.860
646.142,-1.978,1.516,2.886
646.253,-1.936,1.513,2.903
646.365,-1.895,1.510,2.911
646.475,-1.864,1.511,2.919
646.587,-1.837,1.513,2.929
646.698,-1.813,1.510,2.938
646.809,-1.794,1.512,2.941
646.920,-1.777,1.509,2.939
647.031,-1.765,1.506,2.931
647.143,-1.756,1.506,2.920
647.254,-1.749,1.505,2.907
647.365,-1.743,1.508,2.891
647.476,-1.735,1.512,2.875
647.587,-1.721,1.513,2.860
647.698,-1.701,1.518,2.850
647.809,-1.672,1.519,2.843
647.921,-1.635,1.516,2.841
648.031,-1.591,1.514,2.841
648.143,-1.540,1.514,2.843
648.254,-1.489,1.507,2.843
648.365,-1.447,1.495,2.845
648.476,-1.418,1.486,2.849
648.587,-1.402,1.482,2.851
648.698,-1.397,1.482,2.852
648.809,-1.399,1.480,2.850
648.920,-1.404,1.478,2.850
649.031,-1.413,1.483,2.852
649.143,-1.423,1.493,2.856
649.254,-1.434,1.503,2.860
649.365,-1.445,1.511,2.864
649.476,-1.453,1.518,2.866
649.588,-1.458,1.522,2.863
649.698,-1.461,1.521,2.856
649.809,-1.460,1.522,2.849
649.920,-1.456,1.523,2.845
650.031,-1.451,1.519,2.842
650.142,-1.448,1.520,2.841
650.254,-1.446,1.520,2.841
650.365,-1.444,1.519,2.840
650.476,-1.443,1.520,2.838
650.587,-1.439,1.521,2.837
650.698,-1.431,1.521,2.838
650.809,-1.421,1.525,2.841
650.921,-1.412,1.526,2.845
651.031,-1.404,1.529,2.850
651.143,-1.399,1.537,2.857
651.254,-1.399,1.547,2.866
651.365,-1.402,1.551,2.873
651.476,-1.406,1.548,2.877
651.587,-1.413,1.546,2.876
651.698,-1.425,1.545,2.876
651.809,-1.441,1.546,2.879
651.920,-1.452,1.546,2.882
652.031,-1.458,1.545,2.884
652.142,-1.460,1.543,2.885
652.254,-1.461,1.541,2.886
652.364,-1.462,1.540,2.889
652.476,-1.462,1.540,2.892
652.587,-1.463,1.537,2.896
652.698,-1.462,1.536,2.900
652.809,-1.458,1.536,2.905
652.920,-1.453,1.532,2.908
653.031,-1.446,1.529,2.913
653.142,-1.438,1.526,2.918
653.254,-1.434,1.524,2.923
653.365,-1.434,1.523,2.926
653.476,-1.434,1.521,2.927
653.588,-1.435,1.520,2.928
653.698,-1.436,1.521,2.929
653.809,-1.436,1.521,2.928
653.920,-1.436,1.522,2.927
654.031,-1.436,1.523,2.925
654.142,-1.436,1.524,2.924
654.254,-1.438,1.525,2.923
654.365,-1.438,1.525,2.922
654.476,-1.439,1.527,2.921
654.587,-1.440,1.528,2.919
654.698,-1.443,1.530,2.917
654.809,-1.448,1.531,2.913
654.920,-1.454,1.531,2.906
655.029,-1.458,1.531,2.899
655.141,-1.457,1.531,2.890
655.252,-1.454,1.530,2.880
655.363,-1.449,1.529,2.870
655.474,-1.445,1.528,2.862
655.585,-1.442,1.528,2.855
655.696,-1.439,1.527,2.851
655.808,-1.435,1.527,2.848
655.919,-1.433,1.528,2.847
656.030,-1.431,1.528,2.845
656.141,-1.430,1.529,2.845
656.253,-1.429,1.529,2.845
656.364,-1.427,1.529,2.845
656.475,-1.425,1.529,2.845
656.587,-1.424,1.528,2.845
656.697,-1.422,1.528,2.845
656.808,-1.420,1.526,2.844
656.920,-1.417,1.525,2.845
657.031,-1.414,1.523,2.850
657.142,-1.412,1.522,2.858
657.253,-1.411,1.521,2.867
657.364,-1.411,1.520,2.875
657.475,-1.412,1.520,2.882
657.587,-1.415,1.521,2.886
657.697,-1.419,1.521,2.890
657.808,-1.428,1.520,2.892
657.920,-1.441,1.520,2.894
658.031,-1.457,1.520,2.896
658.142,-1.476,1.519,2.897
658.253,-1.496,1.517,2.899
658.364,-1.516,1.515,2.900
658.475,-1.532,1.512,2.899
658.587,-1.543,1.513,2.898
658.698,-1.548,1.512,2.895
658.809,-1.550,1.511,2.892
658.920,-1.545,1.511,2.889
659.031,-1.535,1.509,2.887
659.142,-1.517,1.509,2.890
659.254,-1.492,1.511,2.897
659.364,-1.466,1.512,2.907
659.475,-1.440,1.515,2.921
659.587,-1.415,1.516,2.936
659.698,-1.396,1.514,2.951
659.809,-1.380,1.510,2.965
659.920,-1.367,1.498,2.977
660.032,-1.359,1.485,2.987
660.142,-1.350,1.486,2.993
660.254,-1.338,1.484,3.000
660.365,-1.320,1.487,3.013
660.476,-1.298,1.494,3.032
660.587,-1.279,1.497,3.059
660.698,-1.267,1.503,3.090
660.809,-1.271,1.510,3.121
660.921,-1.289,1.515,3.146
661.032,-1.314,1.519,3.162
661.143,-1.338,1.521,3.171
661.254,-1.358,1.521,3.176
661.364,-1.375,1.518,3.180
661.475,-1.387,1.514,3.181
661.586,-1.394,1.512,3.181
661.697,-1.399,1.512,3.183
661.808,-1.402,1.510,3.185
661.920,-1.405,1.509,3.187
662.031,-1.407,1.509,3.188
662.142,-1.407,1.510,3.189
662.253,-1.407,1.510,3.190
662.364,-1.407,1.510,3.191
662.475,-1.407,1.509,3.191
662.586,-1.405,1.509,3.191
662.697,-1.402,1.508,3.190
662.808,-1.399,1.507,3.189
662.919,-1.397,1.506,3.187
663.031,-1.396,1.505,3.184
663.142,-1.394,1.505,3.182
663.253,-1.393,1.506,3.180
663.364,-1.392,1.506,3.178
663.475,-1.391,1.506,3.177
663.586,-1.390,1.506,3.177
663.697,-1.390,1.506,3.177
663.808,-1.390,1.506,3.178
663.920,-1.390,1.507,3.179
664.031,-1.391,1.507,3.180
664.142,-1.392,1.507,3.182
664.253,-1.393,1.507,3.183
664.364,-1.393,1.507,3.184
664.475,-1.393,1.508,3.185
664.586,-1.392,1.508,3.185
664.697,-1.392,1.508,3.185
664.808,-1.392,1.508,3.186
664.920,-1.392,1.508,3.186
665.031,-1.391,1.508,3.186
665.142,-1.390,1.509,3.186
665.253,-1.389,1.508,3.186
665.364,-1.387,1.509,3.186
665.475,-1.387,1.510,3.186
665.586,-1.386,1.511,3.185
665.697,-1.386,1.515,3.183
665.808,-1.383,1.521,3.180
665.920,-1.381,1.528,3.176
666.030,-1.378,1.536,3.170
666.141,-1.376,1.542,3.164
666.253,-1.375,1.547,3.157
666.364,-1.374,1.548,3.153
666.475,-1.373,1.548,3.149
666.587,-1.372,1.549,3.147
666.697,-1.370,1.550,3.146
666.808,-1.368,1.549,3.144
666.920,-1.366,1.550,3.142
667.031,-1.367,1.550,3.141
667.142,-1.367,1.549,3.140
667.253,-1.366,1.548,3.140
667.364,-1.367,1.548,3.141
667.475,-1.369,1.547,3.142
667.586,-1.371,1.547,3.144
667.697,-1.374,1.547,3.146
667.808,-1.376,1.546,3.147
667.920,-1.378,1.546,3.148
668.031,-1.380,1.546,3.148
668.141,-1.381,1.546,3.149
668.253,-1.382,1.546,3.150
668.364,-1.383,1.546,3.150
668.475,-1.384,1.545,3.151
668.586,-1.385,1.544,3.152
668.697,-1.387,1.544,3.153
668.808,-1.387,1.544,3.154
668.920,-1.387,1.543,3.155
669.030,-1.386,1.543,3.154
669.142,-1.386,1.543,3.154
669.253,-1.386,1.543,3.154
669.364,-1.385,1.543,3.153
669.475,-1.384,1.543,3.153
669.586,-1.381,1.543,3.153
669.697,-1.374,1.541,3.152
669.808,-1.358,1.539,3.147
669.920,-1.335,1.537,3.133
670.031,-1.310,1.533,3.104
670.143,-1.301,1.525,3.058
670.254,-1.316,1.518,3.021
670.365,-1.337,1.512,3.001
670.476,-1.350,1.507,2.992
670.587,-1.356,1.504,2.985
670.698,-1.357,1.503,2.977
670.809,-1.355,1.497,2.970
670.920,-1.355,1.493,2.963
671.032,-1.360,1.493,2.952
671.143,-1.370,1.493,2.937
671.254,-1.385,1.493,2.918
671.364,-1.410,1.493,2.894
671.475,-1.441,1.493,2.868
671.587,-1.471,1.499,2.841
671.698,-1.497,1.502,2.815
671.809,-1.517,1.503,2.791
671.920,-1.531,1.504,2.769
672.031,-1.539,1.503,2.751
672.142,-1.542,1.502,2.736
672.254,-1.540,1.505,2.723
672.364,-1.537,1.508,2.709
672.475,-1.533,1.509,2.697
672.587,-1.529,1.511,2.688
672.698,-1.524,1.510,2.681
672.809,-1.518,1.509,2.677
672.920,-1.513,1.509,2.677
673.031,-1.508,1.507,2.677
673.142,-1.501,1.507,2.680
673.254,-1.491,1.508,2.686
673.365,-1.474,1.510,2.695
673.475,-1.450,1.514,2.709
673.587,-1.426,1.515,2.724
673.698,-1.403,1.514,2.735
673.809,-1.387,1.511,2.741
673.920,-1.382,1.511,2.756
674.031,-1.386,1.516,2.781
674.142,-1.396,1.521,2.810
674.254,-1.415,1.523,2.837
674.364,-1.437,1.522,2.863
674.476,-1.456,1.518,2.887
674.588,-1.470,1.515,2.907
674.698,-1.479,1.515,2.922
674.809,-1.480,1.516,2.932
674.921,-1.477,1.517,2.939
675.031,-1.469,1.520,2.943
675.142,-1.458,1.522,2.944
675.254,-1.444,1.523,2.943
675.364,-1.433,1.523,2.939
675.476,-1.425,1.523,2.937
675.587,-1.419,1.522,2.934
675.698,-1.417,1.519,2.931
675.809,-1.415,1.518,2.928
675.920,-1.415,1.518,2.927
676.032,-1.415,1.517,2.925
676.142,-1.415,1.517,2.925
676.254,-1.416,1.517,2.924
676.364,-1.416,1.517,2.923
676.476,-1.416,1.517,2.923
676.587,-1.416,1.517,2.922
676.698,-1.414,1.517,2.922
676.809,-1.412,1.518,2.923
676.920,-1.411,1.518,2.923
677.031,-1.411,1.518,2.923
677.142,-1.411,1.517,2.924
677.254,-1.412,1.518,2.926
677.364,-1.414,1.518,2.927
677.476,-1.416,1.519,2.928
677.587,-1.417,1.519,2.929
677.698,-1.419,1.519,2.931
677.809,-1.421,1.520,2.933
677.920,-1.423,1.522,2.936
678.031,-1.428,1.526,2.942
678.142,-1.433,1.530,2.944
678.253,-1.436,1.533,2.943
678.365,-1.438,1.534,2.938
678.476,-1.438,1.533,2.930
678.587,-1.437,1.532,2.921
678.698,-1.435,1.531,2.913
678.809,-1.432,1.529,2.907
678.921,-1.430,1.526,2.902
679.031,-1.429,1.524,2.899
679.142,-1.428,1.523,2.896
679.254,-1.426,1.522,2.892
679.365,-1.423,1.523,2.890
679.476,-1.418,1.523,2.887
679.587,-1.415,1.523,2.885
679.698,-1.414,1.523,2.884
679.809,-1.414,1.523,2.883
679.921,-1.414,1.523,2.883
680.031,-1.416,1.523,2.885
680.142,-1.420,1.523,2.887
680.254,-1.425,1.523,2.891
680.365,-1.433,1.522,2.896
680.476,-1.443,1.517,2.901
680.587,-1.447,1.502,2.904
680.698,-1.415,1.499,2.918
680.809,-1.374,1.503,2.960
680.921,-1.347,1.505,3.018
681.032,-1.335,1.510,3.080
681.143,-1.338,1.514,3.143
681.254,-1.346,1.518,3.197
681.365,-1.358,1.518,3.242
681.475,-1.367,1.519,3.276
681.587,-1.369,1.519,3.300
681.697,-1.366,1.517,3.315
681.808,-1.360,1.515,3.320
681.919,-1.347,1.514,3.311
682.031,-1.325,1.514,3.275
682.143,-1.319,1.513,3.208
682.254,-1.349,1.510,3.137
682.364,-1.397,1.507,3.090
682.476,-1.437,1.507,3.058
682.587,-1.463,1.508,3.030
682.698,-1.480,1.507,3.001
682.809,-1.491,1.504,2.975
682.920,-1.493,1.505,2.951
683.031,-1.486,1.509,2.933
683.142,-1.479,1.510,2.919
683.254,-1.473,1.511,2.907
683.364,-1.466,1.511,2.902
683.475,-1.456,1.517,2.901
683.587,-1.444,1.519,2.898
683.698,-1.432,1.520,2.893
683.809,-1.423,1.520,2.888
683.920,-1.416,1.518,2.885
684.031,-1.411,1.517,2.885
684.143,-1.407,1.515,2.888
684.254,-1.404,1.515,2.893
684.365,-1.403,1.515,2.899
684.476,-1.403,1.514,2.905
684.587,-1.406,1.514,2.911
684.698,-1.413,1.514,2.916
684.809,-1.422,1.514,2.920
684.921,-1.432,1.513,2.924
685.031,-1.440,1.512,2.927
685.142,-1.445,1.510,2.929
685.254,-1.447,1.508,2.929
685.365,-1.447,1.507,2.927
685.476,-1.447,1.506,2.925
685.587,-1.446,1.506,2.922
685.698,-1.445,1.505,2.919
685.809,-1.443,1.505,2.917
685.920,-1.440,1.505,2.914
686.031,-1.438,1.505,2.911
686.142,-1.436,1.505,2.908
686.254,-1.434,1.506,2.904
686.364,-1.432,1.505,2.900
686.475,-1.429,1.506,2.896
686.587,-1.426,1.507,2.893
686.698,-1.424,1.508,2.890
686.809,-1.423,1.507,2.889
686.921,-1.423,1.507,2.889
687.031,-1.423,1.507,2.891
687.142,-1.424,1.506,2.892
687.254,-1.426,1.506,2.893
687.362,-1.425,1.506,2.894
687.473,-1.423,1.507,2.894
687.585,-1.420,1.507,2.895
687.696,-1.417,1.506,2.896
687.808,-1.413,1.505,2.895
687.919,-1.411,1.505,2.895
688.031,-1.410,1.505,2.894
688.142,-1.408,1.505,2.891
688.253,-1.407,1.506,2.890
688.364,-1.406,1.506,2.888
688.475,-1.404,1.505,2.886
688.587,-1.401,1.505,2.882
688.697,-1.397,1.505,2.876
688.809,-1.393,1.507,2.869
688.920,-1.386,1.512,2.862
689.031,-1.378,1.509,2.854
689.142,-1.368,1.511,2.848
689.253,-1.356,1.512,2.843
689.364,-1.346,1.508,2.836
689.475,-1.337,1.504,2.831
689.587,-1.332,1.500,2.826
689.697,-1.328,1.498,2.823
689.809,-1.326,1.498,2.823
689.920,-1.327,1.498,2.824
690.031,-1.330,1.498,2.824
690.142,-1.336,1.497,2.826
690.253,-1.344,1.498,2.828
690.364,-1.354,1.498,2.833
690.475,-1.362,1.497,2.839
690.587,-1.367,1.497,2.843
690.697,-1.371,1.498,2.845
690.809,-1.371,1.499,2.845
690.920,-1.369,1.499,2.845
691.031,-1.365,1.498,2.844
691.142,-1.361,1.498,2.844
691.253,-1.356,1.499,2.844
691.364,-1.346,1.504,2.845
691.475,-1.336,1.507,2.846
691.587,-1.332,1.505,2.844
691.697,-1.339,1.508,2.845
691.809,-1.353,1.517,2.848
691.920,-1.371,1.521,2.850
692.031,-1.390,1.525,2.852
692.142,-1.408,1.526,2.854
692.254,-1.423,1.525,2.855
692.365,-1.433,1.523,2.859
692.476,-1.440,1.523,2.864
692.587,-1.445,1.522,2.870
692.698,-1.447,1.523,2.875
692.809,-1.448,1.523,2.877
692.920,-1.446,1.522,2.879
693.031,-1.443,1.523,2.880
693.143,-1.441,1.521,2.879
693.254,-1.440,1.520,2.878
693.364,-1.440,1.521,2.875
693.475,-1.442,1.521,2.875
693.587,-1.443,1.523,2.875
693.698,-1.445,1.526,2.877
693.809,-1.448,1.530,2.881
693.920,-1.449,1.534,2.886
694.031,-1.450,1.538,2.894
694.141,-1.455,1.540,2.905
694.253,-1.459,1.539,2.914
694.364,-1.466,1.535,2.924
694.475,-1.474,1.530,2.937
694.586,-1.482,1.525,2.951
694.697,-1.488,1.528,2.970
694.808,-1.494,1.533,2.994
694.920,-1.498,1.534,3.018
695.030,-1.499,1.533,3.043
695.141,-1.493,1.531,3.066
695.253,-1.483,1.529,3.088
695.364,-1.477,1.528,3.110
695.475,-1.477,1.528,3.133
695.586,-1.481,1.528,3.154
695.697,-1.488,1.531,3.173
695.808,-1.501,1.534,3.189
695.920,-1.519,1.537,3.199
696.031,-1.539,1.537,3.205
696.142,-1.559,1.536,3.207
696.253,-1.577,1.535,3.206
696.364,-1.593,1.536,3.204
696.475,-1.606,1.533,3.198
696.586,-1.614,1.531,3.189
696.697,-1.618,1.532,3.174
696.808,-1.614,1.532,3.154
696.919,-1.600,1.530,3.129
697.031,-1.575,1.526,3.100
697.142,-1.551,1.525,3.068
697.253,-1.529,1.524,3.036
697.364,-1.510,1.523,3.006
697.475,-1.498,1.523,2.978
697.586,-1.489,1.523,2.955
697.697,-1.485,1.520,2.934
697.809,-1.490,1.520,2.918
697.920,-1.502,1.522,2.906
698.030,-1.526,1.523,2.892
698.142,-1.565,1.521,2.876
698.253,-1.617,1.517,2.857
698.364,-1.679,1.516,2.832
698.475,-1.739,1.517,2.808
698.587,-1.785,1.518,2.787
698.697,-1.818,1.521,2.768
698.808,-1.839,1.523,2.749
698.919,-1.849,1.524,2.736
699.031,-1.852,1.530,2.726
699.142,-1.851,1.532,2.716
699.253,-1.848,1.531,2.706
699.363,-1.844,1.532,2.699
699.475,-1.841,1.532,2.693
699.587,-1.837,1.529,2.686
699.698,-1.833,1.524,2.682
699.809,-1.831,1.522,2.678
699.920,-1.831,1.521,2.675
700.031,-1.836,1.520,2.673
700.142,-1.841,1.520,2.671
700.253,-1.845,1.520,2.669
700.364,-1.849,1.520,2.668
700.475,-1.854,1.520,2.666
700.589,-1.857,1.521,2.663
700.697,-1.859,1.521,2.661
700.809,-1.858,1.520,2.659
700.920,-1.857,1.520,2.661
701.031,-1.855,1.520,2.667
701.142,-1.855,1.519,2.677
701.253,-1.854,1.520,2.689
701.364,-1.854,1.519,2.704
701.475,-1.854,1.515,2.719
701.586,-1.854,1.510,2.734
701.697,-1.853,1.507,2.748
701.808,-1.853,1.504,2.763
701.919,-1.846,1.503,2.782
702.030,-1.832,1.506,2.806
702.142,-1.811,1.504,2.837
702.253,-1.784,1.503,2.878
702.364,-1.752,1.506,2.927
702.475,-1.721,1.507,2.980
702.586,-1.696,1.501,3.034
702.697,-1.678,1.501,3.083
702.808,-1.661,1.505,3.125
702.920,-1.645,1.508,3.166
703.031,-1.629,1.510,3.200
703.142,-1.612,1.510,3.228
703.254,-1.591,1.509,3.251
703.364,-1.562,1.506,3.267
703.476,-1.524,1.512,3.282
703.587,-1.479,1.515,3.299
703.689,-1.445,1.511,3.316
703.793,-1.416,1.509,3.334
703.904,-1.396,1.510,3.355
704.015,-1.383,1.505,3.383
704.126,-1.377,1.500,3.418
704.238,-1.375,1.494,3.462
704.349,-1.373,1.486,3.516
704.460,-1.374,1.479,3.580
704.572,-1.372,1.484,3.651
704.683,-1.364,1.494,3.717
704.794,-1.347,1.496,3.777
704.905,-1.323,1.500,3.835
705.016,-1.297,1.499,3.893
705.127,-1.268,1.495,3.948
705.238,-1.235,1.494,4.001
705.350,-1.199,1.509,4.055
705.460,-1.165,1.509,4.107
705.571,-1.133,1.508,4.153
705.683,-1.098,1.508,4.199
705.794,-1.063,1.504,4.245
705.905,-1.025,1.498,4.293
706.016,-0.991,1.488,4.343
706.127,-0.962,1.481,4.396
706.238,-0.936,1.495,4.455
706.350,-0.908,1.497,4.512
706.460,-0.879,1.499,4.564
706.572,-0.849,1.501,4.614
706.683,-0.817,1.499,4.662
706.794,-0.784,1.494,4.708
706.905,-0.748,1.483,4.749
707.016,-0.710,1.485,4.789
707.128,-0.673,1.498,4.827
707.239,-0.643,1.498,4.862
707.350,-0.623,1.496,4.892
707.461,-0.610,1.494,4.913
707.572,-0.605,1.492,4.927
707.683,-0.603,1.496,4.936
707.794,-0.602,1.496,4.944
707.905,-0.602,1.494,4.951
708.017,-0.603,1.494,4.958
708.127,-0.604,1.495,4.963
708.239,-0.604,1.495,4.968
708.350,-0.603,1.495,4.973
708.461,-0.601,1.495,4.976
708.572,-0.598,1.494,4.979
708.684,-0.593,1.493,4.981
708.794,-0.587,1.493,4.983
708.905,-0.581,1.492,4.985
709.017,-0.573,1.492,4.986
709.127,-0.564,1.491,4.988
709.239,-0.557,1.489,4.990
709.350,-0.549,1.489,4.994
709.461,-0.545,1.487,5.000
709.572,-0.541,1.486,5.010
709.683,-0.538,1.484,5.023
709.794,-0.535,1.482,5.040
709.905,-0.531,1.482,5.059
710.017,-0.525,1.483,5.079
710.128,-0.522,1.488,5.103
710.239,-0.519,1.489,5.130
710.351,-0.512,1.486,5.157
710.462,-0.500,1.483,5.182
710.573,-0.486,1.483,5.203
710.684,-0.471,1.481,5.222
710.795,-0.459,1.480,5.235
710.906,-0.447,1.484,5.243
711.018,-0.425,1.486,5.250
711.129,-0.390,1.485,5.258
711.240,-0.343,1.476,5.267
711.351,-0.293,1.457,5.275
711.462,-0.244,1.428,5.282
711.573,-0.205,1.395,5.289
711.684,-0.178,1.369,5.295
711.795,-0.162,1.352,5.302
711.906,-0.154,1.342,5.307
712.017,-0.151,1.336,5.313
712.128,-0.152,1.333,5.318
712.239,-0.156,1.332,5.321
712.351,-0.162,1.335,5.323
712.461,-0.169,1.341,5.322
712.573,-0.177,1.348,5.321
712.684,-0.187,1.357,5.317
712.795,-0.196,1.364,5.314
712.908,-0.203,1.368,5.310
713.018,-0.211,1.373,5.306
713.129,-0.216,1.376,5.302
713.239,-0.217,1.375,5.296
713.351,-0.214,1.370,5.291
713.462,-0.210,1.364,5.286
713.573,-0.207,1.362,5.280
713.684,-0.206,1.363,5.275
713.795,-0.208,1.366,5.271
713.906,-0.213,1.376,5.268
714.017,-0.224,1.390,5.265
714.129,-0.236,1.401,5.261
714.240,-0.247,1.410,5.258
714.351,-0.260,1.419,5.256
714.462,-0.276,1.429,5.255
714.573,-0.294,1.439,5.256
714.684,-0.315,1.448,5.256
714.795,-0.335,1.456,5.256
714.906,-0.352,1.461,5.254
715.018,-0.366,1.463,5.252
715.129,-0.379,1.464,5.250
715.240,-0.394,1.467,5.246
715.351,-0.412,1.471,5.245
715.462,-0.442,1.481,5.260
715.573,-0.488,1.493,5.275
715.684,-0.538,1.503,5.274
715.794,-0.586,1.508,5.253
715.905,-0.624,1.509,5.211
716.017,-0.641,1.505,5.155
716.128,-0.639,1.506,5.097
716.239,-0.628,1.509,5.037
716.350,-0.608,1.512,4.972
716.461,-0.598,1.514,4.916
716.572,-0.598,1.513,4.858
716.684,-0.602,1.512,4.787
716.794,-0.610,1.511,4.703
716.906,-0.619,1.507,4.606
717.017,-0.628,1.509,4.517
717.128,-0.636,1.521,4.444
717.239,-0.645,1.520,4.375
717.351,-0.656,1.519,4.299
717.461,-0.672,1.505,4.220
717.572,-0.696,1.490,4.136
717.684,-0.725,1.503,4.045
717.795,-0.742,1.525,3.954
717.906,-0.748,1.535,3.865
718.017,-0.755,1.531,3.775
718.128,-0.759,1.520,3.684
718.239,-0.759,1.507,3.595
718.351,-0.756,1.522,3.505
718.461,-0.758,1.530,3.416
718.572,-0.765,1.532,3.333
718.684,-0.775,1.526,3.256
718.794,-0.790,1.512,3.183
718.905,-0.812,1.498,3.109
719.016,-0.839,1.501,3.036
719.127,-0.863,1.507,2.966
719.239,-0.880,1.515,2.907
719.350,-0.888,1.513,2.861
719.461,-0.890,1.509,2.826
719.572,-0.885,1.507,2.797
719.683,-0.875,1.507,2.773
719.794,-0.864,1.507,2.753
719.906,-0.850,1.507,2.736
720.016,-0.836,1.504,2.725
720.127,-0.824,1.499,2.718
720.239,-0.820,1.498,2.715
720.349,-0.820,1.497,2.715
720.461,-0.818,1.493,2.717
720.572,-0.817,1.491,2.719
720.683,-0.818,1.491,2.720
720.794,-0.822,1.491,2.721
720.905,-0.825,1.492,2.723
721.017,-0.826,1.493,2.726
721.127,-0.827,1.494,2.729
721.238,-0.825,1.496,2.732
721.350,-0.822,1.497,2.732
721.461,-0.820,1.496,2.732
721.572,-0.818,1.496,2.731
721.683,-0.817,1.496,2.730
721.794,-0.816,1.496,2.730
721.905,-0.817,1.495,2.732
722.016,-0.818,1.494,2.734
722.127,-0.819,1.494,2.736
722.238,-0.817,1.494,2.736
722.350,-0.815,1.492,2.735
722.461,-0.817,1.491,2.735
722.572,-0.820,1.492,2.735
722.683,-0.822,1.492,2.735
722.794,-0.826,1.493,2.734
722.905,-0.829,1.494,2.733
723.017,-0.831,1.497,2.732
723.127,-0.832,1.510,2.731
723.239,-0.833,1.530,2.734
723.350,-0.837,1.541,2.739
723.461,-0.841,1.546,2.742
723.572,-0.842,1.546,2.742
723.683,-0.837,1.544,2.738
723.794,-0.829,1.545,2.733
723.905,-0.822,1.543,2.729
724.016,-0.818,1.541,2.727
724.127,-0.817,1.539,2.729
724.238,-0.817,1.536,2.735
724.349,-0.817,1.530,2.742
724.460,-0.817,1.520,2.750
724.572,-0.819,1.514,2.757
724.683,-0.824,1.513,2.763
724.794,-0.828,1.512,2.768
724.905,-0.832,1.511,2.772
725.017,-0.835,1.510,2.777
725.128,-0.838,1.510,2.779
725.238,-0.840,1.507,2.782
725.348,-0.838,1.502,2.784
725.460,-0.836,1.497,2.787
725.572,-0.833,1.491,2.788
725.683,-0.827,1.479,2.787
725.794,-0.818,1.467,2.781
725.905,-0.809,1.460,2.773
726.017,-0.803,1.454,2.765
726.128,-0.801,1.448,2.758
726.239,-0.801,1.444,2.755
726.350,-0.803,1.443,2.753
726.461,-0.806,1.444,2.752
726.572,-0.811,1.446,2.751
726.683,-0.817,1.449,2.748
726.794,-0.830,1.466,2.739
726.906,-0.854,1.493,2.730
727.017,-0.882,1.516,2.728
727.128,-0.910,1.530,2.734
727.239,-0.936,1.537,2.740
727.350,-0.959,1.541,2.741
727.461,-0.978,1.543,2.734
727.572,-0.990,1.540,2.721
727.684,-0.993,1.541,2.702
727.794,-0.990,1.539,2.682
727.905,-0.990,1.540,2.667
728.017,-0.994,1.539,2.655
728.127,-1.004,1.538,2.652
728.239,-1.019,1.537,2.657
728.350,-1.034,1.537,2.667
728.461,-1.050,1.535,2.678
728.572,-1.064,1.531,2.691
728.684,-1.068,1.521,2.705
728.794,-1.065,1.506,2.720
728.905,-1.063,1.499,2.732
729.016,-1.064,1.496,2.742
729.127,-1.067,1.495,2.750
729.238,-1.070,1.494,2.757
729.350,-1.072,1.493,2.763
729.460,-1.073,1.491,2.768
729.572,-1.074,1.490,2.773
729.682,-1.074,1.490,2.775
729.793,-1.073,1.490,2.778
729.904,-1.072,1.490,2.779
730.005,-1.071,1.490,2.779
730.112,-1.070,1.490,2.779
730.226,-1.068,1.491,2.779
730.335,-1.067,1.491,2.778
730.446,-1.067,1.491,2.777
730.556,-1.067,1.491,2.775
730.668,-1.070,1.492,2.773
730.779,-1.079,1.496,2.769
730.891,-1.098,1.503,2.767
731.003,-1.118,1.509,2.767
731.113,-1.134,1.518,2.765
731.224,-1.149,1.522,2.757
731.336,-1.164,1.518,2.745
731.447,-1.179,1.511,2.724
731.558,-1.194,1.511,2.699
731.669,-1.209,1.513,2.671
731.780,-1.223,1.515,2.642
731.892,-1.238,1.517,2.618
732.002,-1.252,1.518,2.603
732.114,-1.267,1.518,2.601
732.225,-1.283,1.520,2.611
732.336,-1.303,1.519,2.631
732.447,-1.325,1.514,2.661
732.558,-1.339,1.503,2.696
732.669,-1.352,1.495,2.733
732.780,-1.369,1.492,2.766
732.891,-1.383,1.492,2.795
733.002,-1.392,1.492,2.822
733.113,-1.399,1.493,2.844
733.224,-1.405,1.494,2.862
733.335,-1.409,1.494,2.879
733.446,-1.410,1.493,2.897
733.557,-1.412,1.493,2.916
733.669,-1.415,1.494,2.938
733.780,-1.420,1.493,2.963
733.891,-1.425,1.491,2.988
734.002,-1.432,1.490,3.011
734.113,-1.441,1.488,3.032
734.224,-1.451,1.487,3.048
734.335,-1.463,1.490,3.058
734.446,-1.475,1.492,3.063
734.557,-1.489,1.493,3.065
734.669,-1.507,1.494,3.065
734.780,-1.530,1.495,3.064
734.891,-1.561,1.498,3.059
735.002,-1.610,1.506,3.049
735.113,-1.666,1.516,3.039
735.224,-1.718,1.519,3.030
735.335,-1.760,1.521,3.022
735.446,-1.794,1.524,3.013
735.558,-1.820,1.528,2.998
735.669,-1.837,1.530,2.978
735.780,-1.849,1.529,2.952
735.891,-1.855,1.521,2.919
736.003,-1.854,1.515,2.880
736.114,-1.844,1.520,2.836
736.225,-1.833,1.523,2.792
736.336,-1.823,1.526,2.752
736.447,-1.816,1.529,2.717
736.558,-1.812,1.531,2.692
736.669,-1.812,1.530,2.676
736.781,-1.817,1.529,2.671
736.891,-1.826,1.528,2.674
737.002,-1.836,1.529,2.679
737.113,-1.849,1.529,2.688
737.224,-1.862,1.527,2.698
737.336,-1.876,1.524,2.708
737.446,-1.887,1.518,2.718
737.557,-1.896,1.512,2.727
737.669,-1.903,1.499,2.738
737.780,-1.907,1.489,2.746
737.891,-1.913,1.484,2.748
738.002,-1.921,1.483,2.745
738.113,-1.931,1.483,2.740
738.224,-1.940,1.482,2.735
738.336,-1.949,1.482,2.729
738.447,-1.955,1.481,2.726
738.557,-1.958,1.482,2.725
738.669,-1.958,1.482,2.724
738.779,-1.957,1.482,2.724
738.891,-1.955,1.484,2.724
739.002,-1.951,1.485,2.724
739.113,-1.948,1.485,2.723
739.224,-1.944,1.486,2.722
739.335,-1.940,1.486,2.721
739.447,-1.937,1.485,2.719
739.558,-1.934,1.484,2.717
739.669,-1.930,1.484,2.715
739.782,-1.927,1.483,2.712
739.891,-1.924,1.483,2.709
740.003,-1.922,1.482,2.707
740.113,-1.919,1.480,2.705
740.225,-1.916,1.473,2.700
740.336,-1.909,1.460,2.687
740.447,-1.899,1.446,2.671
740.558,-1.889,1.431,2.656
740.669,-1.881,1.417,2.647
740.780,-1.876,1.412,2.643
740.892,-1.872,1.414,2.648
741.003,-1.868,1.422,2.661
741.114,-1.868,1.435,2.684
741.225,-1.870,1.448,2.712
741.336,-1.875,1.455,2.743
741.447,-1.880,1.465,2.783
741.558,-1.889,1.476,2.834
741.670,-1.902,1.487,2.885
741.780,-1.920,1.497,2.931
741.892,-1.941,1.503,2.967
742.002,-1.962,1.505,2.992
742.112,-1.983,1.506,3.007
742.224,-2.004,1.505,3.009
742.335,-2.019,1.503,3.002
742.446,-2.028,1.496,2.995
742.557,-2.037,1.483,2.989
742.668,-2.043,1.469,2.986
742.779,-2.047,1.458,2.989
742.891,-2.048,1.445,2.996
743.002,-2.045,1.437,3.005
743.113,-2.040,1.435,3.011
743.224,-2.036,1.436,3.014
743.335,-2.031,1.439,3.014
743.446,-2.024,1.445,3.015
743.558,-2.013,1.452,3.015
743.668,-1.997,1.460,3.017
743.779,-1.973,1.469,3.019
743.891,-1.945,1.481,3.014
744.002,-1.916,1.493,2.998
744.114,-1.896,1.502,2.970
744.225,-1.893,1.509,2.936
744.336,-1.907,1.514,2.902
744.448,-1.935,1.519,2.872
744.559,-1.969,1.527,2.849
744.670,-2.000,1.529,2.830
744.781,-2.029,1.533,2.811
744.892,-2.054,1.539,2.795
745.003,-2.075,1.541,2.780
745.114,-2.090,1.544,2.768
745.225,-2.099,1.545,2.759
745.336,-2.103,1.546,2.751
745.447,-2.104,1.544,2.745
745.559,-2.105,1.544,2.739
745.670,-2.105,1.543,2.733
745.781,-2.105,1.543,2.724
745.893,-2.104,1.542,2.720
746.003,-2.102,1.540,2.721
746.114,-2.096,1.538,2.729
746.225,-2.087,1.535,2.741
746.337,-2.074,1.531,2.758
746.448,-2.060,1.527,2.778
746.558,-2.048,1.523,2.800
746.669,-2.036,1.518,2.821
746.780,-2.026,1.511,2.840
746.891,-2.022,1.509,2.851
747.003,-2.025,1.512,2.849
747.114,-2.036,1.519,2.837
747.225,-2.051,1.524,2.824
747.336,-2.067,1.529,2.817
747.448,-2.078,1.532,2.814
747.558,-2.084,1.533,2.812
747.670,-2.088,1.533,2.810
747.781,-2.092,1.535,2.806
747.892,-2.095,1.536,2.799
748.003,-2.096,1.537,2.790
748.114,-2.098,1.537,2.779
748.225,-2.098,1.539,2.767
748.336,-2.096,1.538,2.758
748.447,-2.094,1.536,2.755
748.559,-2.092,1.535,2.756
748.670,-2.089,1.534,2.761
748.781,-2.085,1.533,2.769
748.892,-2.081,1.533,2.779
749.003,-2.076,1.532,2.791
749.114,-2.071,1.531,2.803
749.225,-2.067,1.530,2.814
749.337,-2.065,1.529,2.823
749.448,-2.066,1.530,2.828
749.559,-2.068,1.532,2.827
749.670,-2.072,1.533,2.819
749.781,-2.075,1.535,2.808
749.892,-2.078,1.535,2.796
750.003,-2.081,1.535,2.788
750.114,-2.083,1.533,2.786
750.225,-2.084,1.533,2.788
750.337,-2.081,1.533,2.793
750.447,-2.078,1.532,2.800
750.559,-2.074,1.532,2.807
750.670,-2.068,1.531,2.817
750.780,-2.060,1.528,2.829
750.892,-2.051,1.524,2.843
751.003,-2.040,1.519,2.857
751.114,-2.030,1.511,2.876
751.225,-2.022,1.502,2.892
751.336,-2.014,1.487,2.904
751.447,-2.008,1.480,2.906
751.558,-2.001,1.479,2.903
751.669,-1.995,1.479,2.898
751.780,-1.990,1.479,2.891
751.891,-1.986,1.479,2.882
752.003,-1.983,1.478,2.876
752.114,-1.980,1.477,2.871
752.225,-1.977,1.477,2.871
752.336,-1.973,1.477,2.874
752.446,-1.966,1.478,2.880
752.558,-1.957,1.478,2.889
752.669,-1.944,1.477,2.900
752.780,-1.929,1.476,2.914
752.890,-1.911,1.476,2.934
753.002,-1.893,1.476,2.959
753.113,-1.881,1.474,2.984
753.224,-1.873,1.475,3.001
753.335,-1.860,1.475,3.006
753.446,-1.842,1.472,3.005
753.558,-1.815,1.465,3.003
753.669,-1.778,1.458,3.002
753.780,-1.729,1.453,3.003
753.891,-1.666,1.458,3.003
754.003,-1.601,1.464,3.002
754.114,-1.537,1.464,3.001
754.225,-1.476,1.464,3.000
754.337,-1.414,1.462,3.001
754.447,-1.350,1.455,3.003
754.558,-1.278,1.440,3.003
754.670,-1.192,1.418,3.000
754.781,-1.083,1.399,2.995
754.892,-0.947,1.393,2.989
755.003,-0.808,1.374,2.979
755.114,-0.695,1.320,2.961
755.225,-0.609,1.226,2.940
755.336,-0.545,1.105,2.918
755.448,-0.494,0.967,2.897
755.559,-0.462,0.839,2.876
755.670,-0.439,0.740,2.859
755.781,-0.421,0.679,2.847
755.892,-0.403,0.645,2.835
756.003,-0.391,0.626,2.831
756.114,-0.382,0.637,2.831
756.225,-0.375,0.681,2.835
756.336,-0.371,0.747,2.841
756.447,-0.368,0.816,2.849
756.558,-0.369,0.886,2.860
756.670,-0.371,0.980,2.872
756.781,-0.383,1.096,2.885
756.892,-0.407,1.220,2.890
757.004,-0.447,1.324,2.888
757.114,-0.501,1.401,2.880
757.226,-0.549,1.446,2.877
757.337,-0.582,1.470,2.883
757.448,-0.602,1.480,2.901
757.559,-0.613,1.485,2.928
757.670,-0.623,1.488,2.966
757.781,-0.635,1.486,3.014
757.892,-0.650,1.492,3.076
758.004,-0.668,1.496,3.147
758.114,-0.687,1.494,3.219
758.224,-0.706,1.490,3.286
758.335,-0.729,1.490,3.342
758.446,-0.750,1.486,3.389
758.558,-0.769,1.481,3.428
758.669,-0.779,1.475,3.461
758.780,-0.784,1.483,3.495
758.891,-0.786,1.484,3.531
759.002,-0.791,1.475,3.563
759.114,-0.794,1.462,3.587
759.224,-0.804,1.462,3.603
759.336,-0.819,1.454,3.616
759.447,-0.841,1.450,3.629
759.557,-0.870,1.447,3.639
759.669,-0.909,1.442,3.645
759.780,-0.964,1.440,3.642
759.891,-1.031,1.437,3.636
760.002,-1.096,1.449,3.637
760.113,-1.146,1.463,3.653
760.224,-1.179,1.468,3.673
760.336,-1.198,1.473,3.694
760.446,-1.206,1.481,3.715
760.557,-1.210,1.494,3.738
760.669,-1.211,1.499,3.765
760.780,-1.202,1.499,3.802
760.891,-1.179,1.496,3.847
761.002,-1.149,1.496,3.901
761.113,-1.120,1.496,3.958
761.224,-1.098,1.496,4.013
761.335,-1.082,1.495,4.067
761.446,-1.068,1.490,4.124
761.558,-1.058,1.484,4.189
761.669,-1.048,1.473,4.260
761.780,-1.043,1.465,4.343
761.891,-1.046,1.471,4.437
762.002,-1.050,1.490,4.533
762.113,-1.052,1.498,4.619
762.224,-1.054,1.504,4.695
762.335,-1.055,1.498,4.767
762.447,-1.053,1.485,4.842
762.558,-1.046,1.475,4.922
762.669,-1.038,1.477,5.004
762.780,-1.034,1.490,5.088
762.891,-1.040,1.489,5.167
763.003,-1.058,1.485,5.248
763.114,-1.082,1.474,5.329
763.226,-1.106,1.458,5.409
763.337,-1.130,1.456,5.486
763.448,-1.149,1.472,5.559
763.559,-1.163,1.484,5.619
763.670,-1.180,1.491,5.658
763.780,-1.201,1.494,5.682
763.891,-1.222,1.503,5.689
764.002,-1.233,1.512,5.677
764.113,-1.221,1.520,5.662
764.226,-1.196,1.522,5.651
764.337,-1.166,1.522,5.641
764.448,-1.135,1.525,5.632
764.559,-1.108,1.528,5.622
764.670,-1.084,1.530,5.609
764.781,-1.065,1.530,5.594
764.893,-1.052,1.524,5.577
765.003,-1.046,1.520,5.562
765.115,-1.043,1.519,5.554
765.226,-1.037,1.516,5.556
765.337,-1.033,1.516,5.568
765.448,-1.027,1.517,5.587
765.559,-1.024,1.514,5.608
765.671,-1.024,1.514,5.636
765.782,-1.032,1.514,5.665
765.893,-1.045,1.513,5.689
766.004,-1.056,1.506,5.705
766.115,-1.061,1.500,5.717
766.226,-1.064,1.494,5.726
766.337,-1.063,1.488,5.731
766.448,-1.060,1.481,5.732
766.559,-1.057,1.478,5.731
766.670,-1.053,1.478,5.724
766.781,-1.048,1.480,5.710
766.893,-1.042,1.485,5.688
767.004,-1.037,1.499,5.651
767.115,-1.040,1.516,5.607
767.227,-1.048,1.529,5.561
767.337,-1.064,1.538,5.519
767.448,-1.084,1.543,5.488
767.559,-1.098,1.545,5.469
767.670,-1.104,1.545,5.455
767.781,-1.103,1.545,5.444
767.892,-1.100,1.543,5.436
768.004,-1.094,1.542,5.431
768.115,-1.087,1.541,5.429
768.225,-1.081,1.541,5.427
768.337,-1.077,1.541,5.427
768.448,-1.075,1.541,5.431
768.559,-1.075,1.543,5.436
768.671,-1.076,1.545,5.444
768.781,-1.079,1.541,5.453
768.892,-1.083,1.537,5.463
769.004,-1.090,1.537,5.477
769.115,-1.101,1.538,5.491
769.226,-1.113,1.538,5.506
769.337,-1.128,1.536,5.523
769.448,-1.142,1.536,5.542
769.559,-1.154,1.536,5.560
769.670,-1.162,1.536,5.580
769.781,-1.172,1.536,5.596
769.892,-1.179,1.535,5.610
770.004,-1.185,1.535,5.618
770.115,-1.188,1.534,5.619
770.226,-1.187,1.532,5.606
770.337,-1.176,1.532,5.582
770.448,-1.155,1.533,5.556
770.559,-1.125,1.533,5.532
770.670,-1.091,1.531,5.513
770.781,-1.056,1.527,5.497
770.892,-1.020,1.521,5.482
771.004,-0.989,1.515,5.467
771.115,-0.968,1.516,5.447
771.226,-0.955,1.513,5.418
771.337,-0.948,1.509,5.385
771.448,-0.949,1.503,5.344
771.559,-0.960,1.497,5.295
771.670,-0.978,1.505,5.237
771.782,-0.996,1.515,5.177
771.892,-1.008,1.513,5.118
772.004,-1.013,1.515,5.063
772.115,-1.015,1.514,5.008
772.226,-1.013,1.507,4.951
772.337,-1.005,1.500,4.891
772.448,-0.989,1.492,4.826
772.559,-0.966,1.500,4.755
772.670,-0.946,1.508,4.687
772.781,-0.934,1.509,4.624
772.892,-0.930,1.515,4.567
773.004,-0.930,1.514,4.507
773.114,-0.932,1.506,4.448
773.226,-0.941,1.497,4.391
773.337,-0.959,1.497,4.333
773.448,-0.983,1.515,4.273
773.559,-1.000,1.521,4.213
773.670,-1.010,1.522,4.155
773.781,-1.017,1.518,4.103
773.892,-1.022,1.513,4.055
774.004,-1.026,1.511,4.012
774.115,-1.023,1.510,3.978
774.226,-1.013,1.520,3.946
774.337,-1.002,1.522,3.912
774.448,-0.996,1.518,3.879
774.559,-0.992,1.517,3.849
774.670,-0.993,1.519,3.823
774.781,-0.999,1.520,3.794
774.892,-1.008,1.517,3.762
775.003,-1.019,1.516,3.733
775.115,-1.029,1.519,3.708
775.226,-1.033,1.522,3.689
775.337,-1.031,1.519,3.685
775.448,-1.035,1.513,3.705
775.560,-1.056,1.511,3.736
775.671,-1.093,1.515,3.765
775.782,-1.138,1.518,3.787
775.893,-1.182,1.518,3.804
776.004,-1.225,1.511,3.814
776.115,-1.263,1.514,3.817
776.225,-1.294,1.520,3.818
776.337,-1.318,1.525,3.817
776.448,-1.331,1.533,3.813
776.559,-1.331,1.544,3.806
776.670,-1.323,1.556,3.797
776.781,-1.310,1.562,3.786
776.892,-1.295,1.563,3.777
777.004,-1.284,1.561,3.772
777.115,-1.276,1.559,3.770
777.226,-1.271,1.560,3.769
777.337,-1.268,1.560,3.770
777.448,-1.267,1.560,3.772
777.559,-1.267,1.560,3.775
777.670,-1.267,1.558,3.779
777.782,-1.268,1.557,3.782
777.893,-1.269,1.554,3.786
778.004,-1.267,1.547,3.791
778.115,-1.255,1.537,3.793
778.226,-1.227,1.525,3.783
778.338,-1.196,1.514,3.756
778.449,-1.173,1.506,3.717
778.560,-1.160,1.501,3.670
778.671,-1.150,1.498,3.617
778.781,-1.137,1.496,3.561
778.892,-1.116,1.492,3.497
779.003,-1.088,1.487,3.422
779.115,-1.053,1.482,3.341
779.226,-1.018,1.479,3.271
779.337,-0.986,1.487,3.215
779.448,-0.950,1.490,3.161
779.559,-0.903,1.482,3.104
779.670,-0.849,1.471,3.043
779.781,-0.785,1.465,2.975
779.893,-0.715,1.476,2.899
780.004,-0.659,1.485,2.821
780.115,-0.620,1.493,2.748
780.226,-0.587,1.490,2.672
780.337,-0.560,1.475,2.590
780.448,-0.542,1.462,2.502
780.559,-0.524,1.463,2.413
780.670,-0.503,1.471,2.333
780.781,-0.486,1.471,2.257
780.892,-0.469,1.462,2.180
781.003,-0.451,1.451,2.103
781.114,-0.429,1.438,2.025
781.226,-0.409,1.450,1.943
781.337,-0.402,1.449,1.871
781.448,-0.405,1.453,1.809
781.559,-0.413,1.452,1.749
781.670,-0.425,1.446,1.686
781.781,-0.446,1.439,1.621
781.892,-0.471,1.446,1.556
782.004,-0.493,1.467,1.498
782.115,-0.508,1.479,1.449
782.226,-0.519,1.489,1.405
782.337,-0.533,1.504,1.361
782.448,-0.544,1.530,1.320
782.560,-0.547,1.538,1.277
782.671,-0.546,1.540,1.226
782.782,-0.548,1.546,1.172
782.893,-0.563,1.544,1.127
783.004,-0.585,1.541,1.094
783.115,-0.611,1.536,1.069
783.226,-0.640,1.528,1.047
783.337,-0.676,1.522,1.043
783.448,-0.703,1.516,1.055
783.559,-0.708,1.511,1.069
783.670,-0.693,1.516,1.076
783.781,-0.665,1.520,1.066
783.892,-0.634,1.516,1.040
784.004,-0.614,1.504,1.001
784.115,-0.601,1.496,0.960
784.226,-0.593,1.495,0.916
784.337,-0.585,1.499,0.867
784.449,-0.578,1.505,0.820
784.559,-0.571,1.511,0.777
784.671,-0.562,1.513,0.733
784.782,-0.553,1.510,0.692
784.893,-0.548,1.501,0.658
785.004,-0.549,1.495,0.639
785.115,-0.555,1.499,0.631
785.226,-0.566,1.503,0.628
785.337,-0.578,1.509,0.625
785.448,-0.588,1.512,0.619
785.559,-0.598,1.513,0.613
785.671,-0.602,1.513,0.610
785.781,-0.604,1.511,0.610
785.892,-0.606,1.509,0.614
786.004,-0.606,1.508,0.616
786.115,-0.604,1.508,0.616
786.226,-0.602,1.508,0.616
786.337,-0.600,1.507,0.616
786.448,-0.598,1.507,0.614
786.559,-0.596,1.508,0.612
786.670,-0.593,1.507,0.608
786.781,-0.589,1.508,0.605
786.892,-0.585,1.508,0.604
787.004,-0.580,1.507,0.606
787.115,-0.575,1.506,0.614
787.226,-0.571,1.507,0.630
787.337,-0.569,1.510,0.648
787.448,-0.570,1.513,0.661
787.559,-0.573,1.516,0.670
787.671,-0.577,1.518,0.675
787.782,-0.579,1.519,0.680
787.893,-0.582,1.520,0.686
788.004,-0.586,1.521,0.693
788.115,-0.589,1.523,0.702
788.226,-0.590,1.527,0.709
788.337,-0.589,1.529,0.715
788.448,-0.588,1.530,0.723
788.559,-0.586,1.529,0.732
788.671,-0.582,1.529,0.739
788.782,-0.576,1.531,0.746
788.893,-0.566,1.533,0.747
789.004,-0.555,1.534,0.744
789.115,-0.543,1.536,0.737
789.226,-0.529,1.537,0.728
789.337,-0.510,1.539,0.717
789.448,-0.488,1.542,0.708
789.559,-0.468,1.545,0.699
789.671,-0.447,1.547,0.690
789.781,-0.424,1.546,0.680
789.893,-0.402,1.543,0.673
790.004,-0.380,1.543,0.672
790.115,-0.361,1.542,0.677
790.226,-0.344,1.538,0.686
790.337,-0.332,1.533,0.699
790.449,-0.318,1.522,0.712
790.560,-0.302,1.501,0.717
790.671,-0.287,1.495,0.717
790.781,-0.276,1.494,0.711
790.892,-0.271,1.496,0.703
791.004,-0.271,1.510,0.698
791.115,-0.278,1.506,0.694
791.226,-0.289,1.497,0.689
791.337,-0.305,1.501,0.681
791.448,-0.320,1.503,0.676
791.559,-0.333,1.504,0.675
791.670,-0.341,1.505,0.677
791.781,-0.347,1.508,0.679
791.892,-0.352,1.516,0.679
792.004,-0.358,1.532,0.687
792.115,-0.366,1.544,0.706
792.226,-0.379,1.547,0.730
792.338,-0.395,1.546,0.750
792.449,-0.409,1.545,0.762
792.559,-0.421,1.543,0.770
792.670,-0.429,1.542,0.775
792.781,-0.433,1.541,0.777
792.892,-0.434,1.540,0.778
793.003,-0.431,1.540,0.779
793.114,-0.426,1.540,0.778
793.226,-0.421,1.540,0.777
793.336,-0.416,1.539,0.776
793.448,-0.412,1.539,0.774
793.559,-0.407,1.538,0.772
793.670,-0.404,1.538,0.771
793.781,-0.401,1.538,0.771
793.892,-0.398,1.538,0.772
794.003,-0.395,1.537,0.773
794.114,-0.393,1.536,0.775
794.225,-0.392,1.535,0.777
794.337,-0.391,1.535,0.780
794.447,-0.391,1.535,0.782
794.559,-0.391,1.537,0.783
794.670,-0.391,1.539,0.783
794.781,-0.389,1.541,0.784
794.892,-0.386,1.541,0.785
795.003,-0.383,1.541,0.787
795.115,-0.381,1.541,0.789
795.226,-0.381,1.541,0.792
795.337,-0.380,1.541,0.795
795.448,-0.378,1.540,0.797
795.559,-0.374,1.540,0.797
795.670,-0.367,1.539,0.795
795.781,-0.356,1.537,0.790
795.893,-0.343,1.533,0.782
796.004,-0.331,1.531,0.775
796.115,-0.325,1.531,0.768
796.226,-0.320,1.531,0.763
796.337,-0.317,1.531,0.759
796.449,-0.314,1.531,0.756
796.560,-0.314,1.532,0.755
796.671,-0.316,1.534,0.753
796.782,-0.320,1.536,0.750
796.893,-0.325,1.537,0.748
797.004,-0.331,1.539,0.747
797.115,-0.335,1.540,0.748
797.226,-0.339,1.539,0.751
797.337,-0.342,1.538,0.754
797.449,-0.344,1.537,0.757
797.559,-0.345,1.536,0.759
797.671,-0.345,1.534,0.761
797.782,-0.346,1.534,0.762
797.893,-0.346,1.533,0.764
798.004,-0.345,1.533,0.765
798.115,-0.344,1.532,0.766
798.226,-0.343,1.532,0.767
798.338,-0.341,1.532,0.768
798.449,-0.340,1.531,0.769
798.560,-0.339,1.531,0.771
798.671,-0.339,1.531,0.774
798.782,-0.339,1.531,0.778
798.893,-0.341,1.531,0.783
799.004,-0.344,1.530,0.789
799.115,-0.347,1.531,0.797
799.226,-0.351,1.532,0.807
799.337,-0.352,1.531,0.819
799.449,-0.351,1.519,0.830
799.560,-0.356,1.509,0.833
799.671,-0.367,1.508,0.827
799.782,-0.385,1.509,0.812
799.893,-0.411,1.513,0.792
800.004,-0.441,1.513,0.766
800.115,-0.475,1.507,0.737
800.226,-0.513,1.501,0.707
800.338,-0.551,1.486,0.680
800.448,-0.586,1.476,0.662
800.560,-0.617,1.471,0.649
800.671,-0.642,1.466,0.639
800.781,-0.658,1.462,0.635
800.892,-0.665,1.460,0.635
801.004,-0.663,1.462,0.638
801.115,-0.653,1.462,0.642
801.226,-0.638,1.461,0.645
801.337,-0.615,1.465,0.646
801.448,-0.588,1.466,0.644
801.559,-0.558,1.469,0.641
801.670,-0.527,1.470,0.640
801.781,-0.495,1.469,0.641
801.892,-0.468,1.465,0.644
802.004,-0.447,1.469,0.647
802.115,-0.427,1.468,0.648
802.226,-0.406,1.465,0.647
802.337,-0.383,1.467,0.644
802.448,-0.363,1.472,0.636
802.559,-0.343,1.480,0.627
802.670,-0.324,1.480,0.620
802.781,-0.308,1.479,0.615
802.892,-0.294,1.478,0.612
803.004,-0.282,1.476,0.609
803.115,-0.272,1.476,0.607
803.226,-0.267,1.475,0.607
803.337,-0.267,1.476,0.610
803.448,-0.271,1.477,0.615
803.559,-0.277,1.475,0.620
803.671,-0.280,1.477,0.623
803.782,-0.283,1.476,0.623
803.892,-0.283,1.475,0.621
804.004,-0.282,1.475,0.618
804.115,-0.281,1.474,0.614
804.226,-0.279,1.474,0.611
804.337,-0.277,1.474,0.609
804.448,-0.276,1.473,0.607
804.559,-0.276,1.473,0.606
804.670,-0.275,1.473,0.606
804.782,-0.274,1.472,0.606
804.893,-0.274,1.472,0.605
805.004,-0.275,1.472,0.605
805.115,-0.276,1.471,0.604
805.226,-0.276,1.471,0.603
805.337,-0.276,1.470,0.603
805.448,-0.277,1.470,0.603
805.559,-0.277,1.476,0.607
805.670,-0.281,1.486,0.619
805.782,-0.288,1.493,0.631
805.893,-0.296,1.497,0.641
806.004,-0.304,1.499,0.649
806.115,-0.313,1.501,0.657
806.226,-0.322,1.503,0.663
806.336,-0.329,1.503,0.665
806.448,-0.332,1.503,0.666
806.559,-0.333,1.503,0.665
806.670,-0.330,1.503,0.661
806.781,-0.323,1.501,0.654
806.892,-0.315,1.499,0.645
807.004,-0.309,1.498,0.635
807.115,-0.307,1.497,0.630
807.226,-0.307,1.497,0.627
807.337,-0.308,1.497,0.628
807.448,-0.310,1.497,0.632
807.559,-0.315,1.499,0.637
807.671,-0.321,1.500,0.644
807.781,-0.328,1.500,0.652
807.893,-0.336,1.500,0.662
808.004,-0.345,1.499,0.673
808.115,-0.353,1.499,0.684
808.226,-0.361,1.499,0.695
808.337,-0.368,1.497,0.706
808.448,-0.374,1.492,0.718
808.559,-0.375,1.492,0.727
808.671,-0.369,1.491,0.734
808.781,-0.357,1.490,0.738
808.893,-0.339,1.490,0.739
809.003,-0.316,1.492,0.738
809.114,-0.289,1.493,0.736
809.225,-0.260,1.494,0.732
809.337,-0.230,1.496,0.727
809.448,-0.202,1.496,0.721
809.559,-0.177,1.493,0.716
809.670,-0.156,1.490,0.710
809.781,-0.136,1.488,0.709
809.892,-0.118,1.488,0.712
810.004,-0.103,1.485,0.718
810.115,-0.088,1.483,0.727
810.225,-0.072,1.482,0.739
810.337,-0.054,1.480,0.757
810.448,-0.033,1.476,0.781
810.559,-0.012,1.475,0.811
810.670,0.009,1.482,0.845
810.781,0.027,1.489,0.880
810.892,0.042,1.497,0.914
811.004,0.058,1.495,0.943
811.115,0.075,1.495,0.967
811.225,0.093,1.495,0.987
811.337,0.115,1.495,1.004
811.448,0.141,1.493,1.014
811.559,0.171,1.496,1.021
811.670,0.201,1.495,1.027
811.781,0.227,1.495,1.032
811.892,0.248,1.493,1.035
812.003,0.265,1.493,1.037
812.114,0.277,1.491,1.040
812.225,0.285,1.490,1.043
812.337,0.292,1.489,1.046
812.448,0.296,1.488,1.048
812.558,0.299,1.488,1.048
812.670,0.300,1.488,1.047
812.781,0.300,1.487,1.046
812.892,0.299,1.487,1.043
813.003,0.296,1.487,1.040
813.114,0.289,1.489,1.035
813.225,0.274,1.495,1.029
813.336,0.250,1.507,1.020
813.447,0.220,1.519,1.006
813.558,0.183,1.525,0.988
813.670,0.139,1.526,0.968
813.781,0.086,1.529,0.945
813.892,0.029,1.531,0.921
814.004,-0.025,1.531,0.895
814.115,-0.070,1.533,0.870
814.225,-0.105,1.537,0.848
814.337,-0.134,1.538,0.829
814.447,-0.156,1.537,0.807
814.559,-0.170,1.534,0.786
814.670,-0.172,1.533,0.767
814.781,-0.162,1.535,0.755
814.892,-0.147,1.537,0.747
815.003,-0.132,1.538,0.741
815.114,-0.120,1.537,0.737
815.225,-0.117,1.538,0.734
815.337,-0.122,1.540,0.733
815.448,-0.133,1.541,0.736
815.559,-0.147,1.540,0.742
815.670,-0.161,1.541,0.748
815.781,-0.172,1.540,0.753
815.892,-0.180,1.540,0.759
816.003,-0.186,1.540,0.762
816.114,-0.190,1.540,0.763
816.225,-0.192,1.539,0.762
816.336,-0.192,1.539,0.760
816.448,-0.188,1.540,0.758
816.559,-0.179,1.539,0.754
816.670,-0.166,1.539,0.747
816.781,-0.153,1.539,0.737
816.893,-0.145,1.539,0.727
817.004,-0.142,1.540,0.720
817.115,-0.142,1.540,0.715
817.226,-0.144,1.543,0.713
817.337,-0.148,1.551,0.714
817.449,-0.154,1.559,0.715
817.560,-0.160,1.566,0.714
817.671,-0.165,1.570,0.711
817.782,-0.169,1.574,0.708
817.893,-0.174,1.579,0.704
818.004,-0.180,1.583,0.699
818.115,-0.182,1.585,0.693
818.225,-0.182,1.586,0.688
818.337,-0.181,1.587,0.682
818.448,-0.181,1.587,0.677
818.559,-0.182,1.588,0.673
818.670,-0.184,1.588,0.671
818.781,-0.185,1.587,0.670
818.892,-0.185,1.586,0.671
819.003,-0.185,1.586,0.672
819.114,-0.185,1.586,0.674
819.225,-0.184,1.585,0.675
819.337,-0.182,1.585,0.677
819.448,-0.180,1.585,0.679
819.559,-0.178,1.584,0.680
819.670,-0.177,1.584,0.681
819.781,-0.175,1.583,0.682
819.892,-0.174,1.583,0.683
820.003,-0.173,1.582,0.685
820.115,-0.172,1.582,0.688
820.226,-0.172,1.580,0.691
820.337,-0.177,1.576,0.700
820.448,-0.194,1.570,0.711
820.558,-0.221,1.561,0.713
820.670,-0.250,1.551,0.701
820.781,-0.272,1.540,0.679
820.892,-0.287,1.526,0.655
821.003,-0.302,1.517,0.636
821.115,-0.322,1.516,0.620
821.226,-0.341,1.511,0.602
821.337,-0.360,1.505,0.587
821.448,-0.372,1.499,0.572
821.559,-0.379,1.494,0.560
821.670,-0.383,1.484,0.560
821.782,-0.387,1.479,0.574
821.893,-0.395,1.478,0.595
822.004,-0.405,1.476,0.614
822.115,-0.414,1.473,0.628
822.226,-0.415,1.475,0.633
822.337,-0.404,1.477,0.627
822.448,-0.385,1.478,0.608
822.559,-0.365,1.478,0.580
822.670,-0.348,1.477,0.551
822.782,-0.343,1.476,0.526
822.893,-0.349,1.477,0.510
823.004,-0.363,1.479,0.506
823.115,-0.378,1.482,0.510
823.226,-0.391,1.486,0.523
823.337,-0.402,1.488,0.539
823.448,-0.413,1.491,0.555
823.559,-0.424,1.493,0.572
823.670,-0.438,1.494,0.592
823.782,-0.453,1.492,0.617
823.893,-0.468,1.490,0.649
824.004,-0.485,1.491,0.687
824.114,-0.506,1.492,0.730
824.225,-0.528,1.498,0.775
824.336,-0.551,1.496,0.815
824.447,-0.569,1.496,0.851
824.559,-0.588,1.495,0.872
824.670,-0.610,1.492,0.881
824.781,-0.638,1.504,0.884
824.892,-0.673,1.524,0.881
825.004,-0.718,1.529,0.869
825.115,-0.780,1.521,0.853
825.226,-0.856,1.508,0.827
825.337,-0.935,1.501,0.790
825.448,-1.003,1.492,0.759
825.559,-1.069,1.489,0.737
825.671,-1.144,1.484,0.719
825.782,-1.226,1.474,0.700
825.893,-1.309,1.469,0.686
826.004,-1.389,1.486,0.660
826.115,-1.457,1.490,0.626
826.226,-1.511,1.486,0.582
826.337,-1.557,1.478,0.525
826.448,-1.593,1.464,0.462
826.559,-1.625,1.462,0.393
826.671,-1.655,1.453,0.338
826.782,-1.677,1.440,0.301
826.893,-1.687,1.431,0.280
827.003,-1.688,1.434,0.276
827.115,-1.688,1.441,0.289
827.226,-1.674,1.453,0.313
827.337,-1.642,1.461,0.343
827.448,-1.622,1.469,0.370
827.559,-1.610,1.472,0.386
827.670,-1.602,1.473,0.391
827.781,-1.596,1.473,0.390
827.892,-1.594,1.472,0.389
828.003,-1.595,1.474,0.390
828.115,-1.598,1.475,0.388
828.226,-1.601,1.475,0.387
828.337,-1.607,1.476,0.391
828.448,-1.618,1.477,0.405
828.559,-1.633,1.481,0.430
828.670,-1.651,1.488,0.461
828.781,-1.667,1.492,0.489
828.893,-1.679,1.494,0.512
829.003,-1.685,1.492,0.526
829.115,-1.685,1.490,0.531
829.226,-1.681,1.491,0.527
829.337,-1.673,1.490,0.517
829.448,-1.664,1.488,0.503
829.559,-1.656,1.486,0.486
829.670,-1.653,1.483,0.467
829.781,-1.651,1.477,0.451
829.893,-1.654,1.473,0.445
830.004,-1.660,1.472,0.451
830.115,-1.671,1.477,0.467
830.226,-1.685,1.482,0.493
830.337,-1.705,1.484,0.523
830.448,-1.724,1.481,0.549
830.559,-1.738,1.478,0.569
830.670,-1.747,1.476,0.582
830.781,-1.755,1.476,0.587
830.892,-1.756,1.475,0.588
831.004,-1.748,1.474,0.585
831.115,-1.732,1.475,0.579
831.226,-1.706,1.477,0.567
831.337,-1.672,1.477,0.551
831.448,-1.633,1.476,0.531
831.559,-1.590,1.477,0.508
831.670,-1.548,1.478,0.484
831.781,-1.513,1.475,0.462
831.893,-1.487,1.474,0.446
832.004,-1.468,1.473,0.435
832.115,-1.456,1.471,0.429
832.226,-1.449,1.469,0.428
832.337,-1.449,1.467,0.428
832.448,-1.453,1.467,0.427
832.559,-1.457,1.466,0.425
832.670,-1.461,1.465,0.422
832.782,-1.465,1.465,0.420
832.893,-1.467,1.465,0.419
833.004,-1.466,1.467,0.420
833.115,-1.464,1.470,0.425
833.226,-1.463,1.472,0.435
833.337,-1.460,1.470,0.448
833.448,-1.447,1.466,0.459
833.559,-1.425,1.469,0.468
833.670,-1.404,1.475,0.482
833.781,-1.395,1.478,0.504
833.892,-1.402,1.481,0.523
834.004,-1.435,1.484,0.524
834.115,-1.498,1.478,0.535
834.226,-1.547,1.472,0.579
834.337,-1.561,1.470,0.633
834.448,-1.552,1.475,0.683
834.559,-1.525,1.473,0.729
834.670,-1.495,1.471,0.767
834.781,-1.472,1.471,0.797
834.892,-1.460,1.470,0.808
835.003,-1.451,1.477,0.787
835.114,-1.432,1.486,0.760
835.226,-1.400,1.487,0.736
835.338,-1.370,1.486,0.726
835.448,-1.344,1.484,0.725
835.559,-1.314,1.477,0.725
835.670,-1.279,1.478,0.718
835.782,-1.239,1.474,0.702
835.893,-1.192,1.468,0.677
836.004,-1.138,1.468,0.647
836.115,-1.088,1.474,0.620
836.226,-1.049,1.477,0.598
836.337,-1.025,1.476,0.581
836.448,-1.016,1.477,0.569
836.559,-1.022,1.477,0.564
836.671,-1.040,1.480,0.567
836.781,-1.070,1.486,0.580
836.892,-1.111,1.491,0.604
837.004,-1.164,1.493,0.636
837.115,-1.228,1.490,0.671
837.226,-1.295,1.486,0.702
837.337,-1.355,1.484,0.727
837.449,-1.404,1.490,0.739
837.559,-1.445,1.491,0.740
837.670,-1.479,1.486,0.729
837.782,-1.506,1.482,0.709
837.893,-1.529,1.480,0.680
838.004,-1.549,1.490,0.642
838.115,-1.568,1.494,0.599
838.226,-1.589,1.492,0.556
838.337,-1.613,1.490,0.516
838.449,-1.637,1.491,0.481
838.559,-1.664,1.488,0.452
838.670,-1.695,1.485,0.437
838.782,-1.729,1.489,0.428
838.892,-1.765,1.490,0.419
839.004,-1.796,1.483,0.410
839.104,-1.812,1.478,0.404
839.212,-1.813,1.473,0.401
839.323,-1.796,1.477,0.410
839.435,-1.769,1.482,0.431
839.545,-1.732,1.488,0.462
839.656,-1.688,1.493,0.502
839.767,-1.644,1.500,0.546
839.878,-1.605,1.506,0.586
839.990,-1.570,1.504,0.622
840.101,-1.533,1.499,0.655
840.211,-1.495,1.496,0.682
840.323,-1.455,1.494,0.701
840.434,-1.413,1.488,0.711
840.545,-1.370,1.481,0.711
840.656,-1.329,1.475,0.700
840.768,-1.287,1.468,0.676
840.879,-1.241,1.470,0.641
840.990,-1.196,1.477,0.607
841.101,-1.156,1.478,0.577
841.212,-1.126,1.479,0.554
841.323,-1.105,1.480,0.540
841.435,-1.092,1.483,0.537
841.545,-1.088,1.494,0.543
841.657,-1.091,1.514,0.556
841.768,-1.095,1.522,0.567
841.879,-1.095,1.519,0.575
841.990,-1.093,1.517,0.583
842.101,-1.091,1.517,0.592
842.212,-1.090,1.517,0.598
842.323,-1.090,1.516,0.603
842.434,-1.090,1.516,0.606
842.545,-1.090,1.516,0.609
842.657,-1.089,1.514,0.611
842.768,-1.088,1.514,0.613
842.879,-1.086,1.513,0.613
842.990,-1.085,1.513,0.611
843.101,-1.084,1.513,0.607
843.212,-1.081,1.511,0.601
843.323,-1.076,1.510,0.591
843.435,-1.070,1.508,0.579
843.545,-1.064,1.507,0.564
843.656,-1.058,1.504,0.551
843.768,-1.054,1.503,0.543
843.879,-1.051,1.502,0.538
843.990,-1.049,1.501,0.535
844.101,-1.048,1.501,0.534
844.212,-1.047,1.500,0.535
844.323,-1.047,1.501,0.536
844.435,-1.047,1.501,0.538
844.545,-1.048,1.501,0.543
844.657,-1.049,1.502,0.548
844.768,-1.051,1.502,0.556
844.879,-1.052,1.502,0.564
844.990,-1.054,1.503,0.571
845.101,-1.055,1.503,0.577
845.212,-1.057,1.504,0.582
845.323,-1.060,1.506,0.584
845.434,-1.066,1.507,0.581
845.545,-1.074,1.507,0.578
845.657,-1.083,1.504,0.583
845.768,-1.086,1.504,0.599
845.879,-1.083,1.504,0.623
845.990,-1.073,1.508,0.649
846.102,-1.059,1.507,0.673
846.212,-1.051,1.506,0.694
846.324,-1.050,1.509,0.713
846.435,-1.053,1.510,0.729
846.546,-1.061,1.512,0.744
846.657,-1.077,1.515,0.759
846.768,-1.101,1.516,0.777
846.879,-1.133,1.519,0.795
846.990,-1.169,1.520,0.815
847.101,-1.207,1.519,0.838
847.212,-1.242,1.517,0.862
847.323,-1.272,1.514,0.885
847.435,-1.292,1.513,0.901
847.545,-1.302,1.515,0.909
847.656,-1.304,1.514,0.911
847.768,-1.302,1.519,0.906
847.879,-1.300,1.522,0.896
847.990,-1.299,1.521,0.885
848.101,-1.297,1.521,0.875
848.212,-1.294,1.519,0.868
848.323,-1.293,1.518,0.865
848.435,-1.292,1.518,0.867
848.545,-1.293,1.518,0.873
848.657,-1.296,1.517,0.883
848.768,-1.300,1.517,0.895
848.879,-1.309,1.516,0.908
848.990,-1.320,1.514,0.916
849.101,-1.332,1.516,0.921
849.212,-1.347,1.516,0.918
849.323,-1.365,1.515,0.907
849.435,-1.385,1.511,0.886
849.545,-1.409,1.506,0.857
849.657,-1.437,1.501,0.818
849.768,-1.466,1.497,0.771
849.879,-1.497,1.503,0.716
849.990,-1.527,1.506,0.663
850.101,-1.556,1.504,0.621
850.212,-1.583,1.507,0.589
850.323,-1.610,1.506,0.564
850.435,-1.641,1.505,0.544
850.546,-1.676,1.504,0.529
850.657,-1.715,1.506,0.514
850.768,-1.751,1.506,0.498
850.879,-1.779,1.503,0.484
850.990,-1.801,1.500,0.475
851.102,-1.816,1.498,0.472
851.213,-1.821,1.496,0.473
851.323,-1.822,1.497,0.475
851.435,-1.819,1.497,0.476
851.546,-1.817,1.496,0.479
851.657,-1.816,1.496,0.482
851.768,-1.816,1.496,0.485
851.879,-1.816,1.496,0.488
851.990,-1.816,1.497,0.491
852.102,-1.816,1.497,0.494
852.212,-1.816,1.497,0.497
852.323,-1.816,1.497,0.499
852.435,-1.816,1.495,0.500
852.546,-1.816,1.494,0.499
852.657,-1.815,1.492,0.496
852.768,-1.807,1.491,0.490
852.879,-1.786,1.489,0.480
852.990,-1.754,1.485,0.481
853.101,-1.717,1.484,0.497
853.212,-1.674,1.484,0.523
853.323,-1.620,1.482,0.556
853.434,-1.554,1.480,0.595
853.545,-1.481,1.478,0.634
853.656,-1.418,1.475,0.658
853.767,-1.369,1.481,0.669
853.878,-1.322,1.480,0.667
853.989,-1.273,1.476,0.652
854.101,-1.224,1.472,0.624
854.212,-1.176,1.462,0.580
854.323,-1.125,1.470,0.518
854.434,-1.076,1.474,0.451
854.545,-1.034,1.470,0.399
854.656,-1.002,1.471,0.364
854.768,-0.977,1.470,0.348
854.879,-0.953,1.474,0.346
854.990,-0.927,1.482,0.357
855.102,-0.894,1.486,0.381
855.212,-0.853,1.483,0.405
855.323,-0.814,1.475,0.421
855.435,-0.788,1.476,0.434
855.546,-0.779,1.478,0.445
855.657,-0.784,1.479,0.455
855.768,-0.801,1.478,0.467
855.879,-0.819,1.476,0.480
855.990,-0.829,1.477,0.490
856.101,-0.831,1.478,0.497
856.212,-0.828,1.479,0.500
856.323,-0.823,1.480,0.499
856.435,-0.822,1.478,0.491
856.546,-0.831,1.471,0.474
856.657,-0.856,1.467,0.448
856.768,-0.896,1.462,0.416
856.879,-0.940,1.461,0.382
856.990,-0.982,1.458,0.352
857.101,-1.016,1.454,0.330
857.212,-1.041,1.452,0.324
857.323,-1.059,1.457,0.340
857.434,-1.069,1.465,0.373
857.545,-1.062,1.465,0.409
857.657,-1.042,1.459,0.453
857.768,-1.017,1.463,0.505
857.879,-0.996,1.468,0.558
857.990,-0.977,1.473,0.603
858.101,-0.959,1.475,0.638
858.212,-0.939,1.476,0.659
858.323,-0.913,1.478,0.668
858.434,-0.880,1.477,0.667
858.545,-0.840,1.473,0.658
858.656,-0.793,1.468,0.639
858.768,-0.738,1.462,0.611
858.878,-0.678,1.471,0.579
858.990,-0.620,1.474,0.553
859.101,-0.570,1.471,0.536
859.212,-0.531,1.474,0.527
859.323,-0.497,1.473,0.524
859.434,-0.462,1.471,0.527
859.545,-0.427,1.470,0.537
859.656,-0.386,1.474,0.551
859.768,-0.347,1.475,0.563
859.879,-0.321,1.476,0.573
859.990,-0.309,1.478,0.581
860.101,-0.307,1.476,0.586
860.212,-0.312,1.478,0.591
860.323,-0.319,1.480,0.591
860.434,-0.326,1.480,0.589
860.545,-0.336,1.480,0.583
860.657,-0.349,1.479,0.573
860.768,-0.368,1.480,0.561
860.878,-0.388,1.480,0.542
860.990,-0.402,1.475,0.523
861.101,-0.404,1.473,0.505
861.212,-0.393,1.473,0.485
861.323,-0.372,1.470,0.466
861.434,-0.343,1.470,0.448
861.545,-0.313,1.471,0.429
861.656,-0.285,1.469,0.411
861.768,-0.263,1.467,0.396
861.878,-0.245,1.465,0.385
861.990,-0.233,1.463,0.379
862.101,-0.227,1.463,0.378
862.212,-0.224,1.463,0.378
862.323,-0.225,1.463,0.378
862.435,-0.227,1.463,0.380
862.546,-0.230,1.465,0.382
862.656,-0.235,1.467,0.386
862.768,-0.239,1.468,0.392
862.879,-0.243,1.468,0.399
862.990,-0.246,1.468,0.406
863.101,-0.250,1.468,0.413
863.212,-0.255,1.470,0.419
863.323,-0.261,1.471,0.425
863.434,-0.269,1.474,0.432
863.546,-0.278,1.476,0.439
863.657,-0.286,1.477,0.446
863.768,-0.292,1.477,0.451
863.879,-0.298,1.477,0.454
863.990,-0.302,1.477,0.457
864.101,-0.305,1.476,0.458
864.212,-0.307,1.476,0.459
864.323,-0.308,1.475,0.460
864.434,-0.309,1.475,0.461
864.545,-0.317,1.478,0.462
864.657,-0.334,1.482,0.467
864.768,-0.359,1.485,0.477
864.879,-0.389,1.486,0.494
864.990,-0.423,1.487,0.518
865.101,-0.461,1.488,0.548
865.212,-0.505,1.488,0.586
865.323,-0.553,1.489,0.632
865.434,-0.603,1.491,0.674
865.544,-0.651,1.492,0.707
865.656,-0.701,1.489,0.736
865.767,-0.757,1.485,0.757
865.878,-0.817,1.478,0.767
865.989,-0.888,1.469,0.771
866.100,-0.971,1.471,0.767
866.211,-1.058,1.490,0.759
866.322,-1.136,1.494,0.759
866.434,-1.200,1.502,0.757
866.545,-1.261,1.502,0.759
866.656,-1.326,1.495,0.766
866.768,-1.398,1.483,0.779
866.879,-1.477,1.466,0.793
866.990,-1.552,1.472,0.802
867.101,-1.608,1.482,0.808
867.212,-1.648,1.482,0.814
867.323,-1.678,1.479,0.820
867.434,-1.696,1.477,0.825
867.545,-1.700,1.476,0.828
867.657,-1.693,1.474,0.831
867.768,-1.677,1.473,0.832
867.879,-1.643,1.472,0.828
867.990,-1.577,1.475,0.820
868.101,-1.494,1.484,0.826
868.212,-1.418,1.490,0.838
868.323,-1.354,1.488,0.847
868.435,-1.303,1.488,0.855
868.545,-1.259,1.491,0.853
868.656,-1.218,1.489,0.840
868.768,-1.176,1.486,0.817
868.878,-1.131,1.480,0.782
868.990,-1.081,1.469,0.728
869.101,-1.023,1.460,0.654
869.212,-0.952,1.468,0.561
869.323,-0.882,1.472,0.472
869.434,-0.824,1.466,0.395
869.545,-0.782,1.455,0.339
869.656,-0.755,1.446,0.308
869.768,-0.742,1.446,0.301
869.879,-0.739,1.458,0.317
869.990,-0.738,1.472,0.355
870.101,-0.732,1.482,0.409
870.212,-0.718,1.486,0.465
870.323,-0.700,1.477,0.515
870.434,-0.688,1.474,0.549
870.545,-0.688,1.478,0.568
870.657,-0.700,1.479,0.576
870.768,-0.725,1.480,0.573
870.879,-0.761,1.477,0.563
870.990,-0.798,1.476,0.549
871.102,-0.832,1.477,0.534
871.212,-0.861,1.476,0.521
871.322,-0.885,1.474,0.511
871.434,-0.901,1.472,0.503
871.545,-0.911,1.471,0.497
871.656,-0.918,1.469,0.494
871.767,-0.924,1.468,0.492
871.878,-0.928,1.468,0.494
871.990,-0.928,1.470,0.499
872.101,-0.922,1.472,0.511
872.212,-0.909,1.475,0.529
872.323,-0.889,1.477,0.549
872.434,-0.862,1.479,0.572
872.545,-0.832,1.481,0.594
872.656,-0.802,1.479,0.613
872.768,-0.776,1.473,0.631
872.878,-0.757,1.472,0.650
872.989,-0.750,1.476,0.673
873.101,-0.756,1.479,0.703
873.211,-0.777,1.480,0.744
873.322,-0.812,1.482,0.788
873.434,-0.862,1.480,0.835
873.544,-0.920,1.478,0.882
873.656,-0.977,1.475,0.922
873.767,-1.026,1.485,0.949
873.878,-1.076,1.493,0.965
873.989,-1.129,1.486,0.973
874.101,-1.187,1.479,0.971
874.212,-1.251,1.470,0.961
874.322,-1.319,1.473,0.943
874.434,-1.385,1.484,0.924
874.545,-1.438,1.483,0.911
874.656,-1.478,1.484,0.904
874.767,-1.513,1.483,0.904
874.878,-1.550,1.482,0.913
874.989,-1.592,1.477,0.933
875.101,-1.639,1.471,0.962
875.212,-1.688,1.472,0.997
875.323,-1.732,1.469,1.028
875.434,-1.769,1.468,1.053
875.545,-1.799,1.467,1.072
875.656,-1.820,1.464,1.085
875.767,-1.835,1.461,1.097
875.878,-1.844,1.458,1.104
875.989,-1.848,1.457,1.108
876.101,-1.848,1.455,1.109
876.211,-1.847,1.455,1.108
876.323,-1.844,1.455,1.104
876.434,-1.838,1.456,1.095
876.545,-1.818,1.463,1.071
876.656,-1.778,1.471,1.043
876.768,-1.733,1.479,1.024
876.878,-1.689,1.485,1.010
876.991,-1.640,1.490,0.995
877.101,-1.582,1.491,0.979
877.211,-1.520,1.489,0.964
877.323,-1.457,1.487,0.950
877.434,-1.403,1.478,0.939
877.545,-1.362,1.483,0.930
877.659,-1.326,1.489,0.915
877.767,-1.287,1.493,0.894
877.878,-1.240,1.493,0.867
877.989,-1.186,1.484,0.830
878.101,-1.126,1.469,0.780
878.212,-1.066,1.474,0.724
878.323,-1.017,1.501,0.687
878.434,-0.986,1.521,0.665
878.545,-0.964,1.526,0.651
878.656,-0.947,1.532,0.648
878.768,-0.929,1.532,0.657
878.879,-0.905,1.530,0.677
878.990,-0.878,1.528,0.716
879.101,-0.860,1.527,0.761
879.212,-0.853,1.525,0.800
879.323,-0.850,1.522,0.825
879.435,-0.848,1.517,0.838
879.546,-0.855,1.509,0.849
879.657,-0.870,1.506,0.855
879.768,-0.895,1.503,0.859
879.878,-0.932,1.501,0.859
879.990,-0.971,1.502,0.853
880.101,-0.997,1.502,0.851
880.211,-1.013,1.498,0.863
880.322,-1.030,1.498,0.880
880.434,-1.049,1.495,0.889
880.545,-1.064,1.501,0.883
880.656,-1.066,1.506,0.868
880.768,-1.051,1.511,0.857
880.879,-1.022,1.512,0.858
880.990,-0.981,1.512,0.868
881.101,-0.935,1.512,0.887
881.212,-0.894,1.513,0.910
881.323,-0.857,1.518,0.928
881.435,-0.817,1.527,0.944
881.546,-0.780,1.537,0.956
881.657,-0.747,1.541,0.962
881.768,-0.716,1.537,0.962
881.879,-0.691,1.526,0.957
881.990,-0.676,1.527,0.951
882.101,-0.668,1.525,0.946
882.212,-0.665,1.515,0.941
882.323,-0.667,1.512,0.935
882.435,-0.670,1.513,0.933
882.545,-0.676,1.513,0.933
882.657,-0.684,1.515,0.936
882.768,-0.688,1.515,0.940
882.879,-0.690,1.516,0.941
882.990,-0.689,1.515,0.938
883.101,-0.692,1.515,0.928
883.213,-0.704,1.513,0.910
883.323,-0.729,1.510,0.892
883.434,-0.765,1.505,0.881
883.546,-0.806,1.502,0.882
883.656,-0.842,1.501,0.894
883.763,-0.868,1.500,0.907
883.873,-0.884,1.499,0.915
883.985,-0.890,1.498,0.916
884.096,-0.890,1.500,0.912
884.197,-0.886,1.501,0.906
884.309,-0.879,1.502,0.900
884.420,-0.872,1.505,0.896
884.531,-0.866,1.510,0.892
884.642,-0.857,1.521,0.888
884.754,-0.845,1.532,0.887
884.865,-0.835,1.533,0.886
884.976,-0.822,1.528,0.886
885.087,-0.809,1.525,0.891
885.198,-0.790,1.524,0.900
885.309,-0.766,1.524,0.912
885.421,-0.741,1.522,0.924
885.532,-0.713,1.520,0.934
885.643,-0.682,1.516,0.944
885.754,-0.656,1.509,0.955
885.865,-0.635,1.511,0.963
885.976,-0.617,1.512,0.966
886.087,-0.599,1.510,0.962
886.198,-0.580,1.504,0.951
886.309,-0.560,1.496,0.932
886.420,-0.538,1.493,0.905
886.532,-0.513,1.493,0.871
886.643,-0.487,1.487,0.840
886.753,-0.468,1.485,0.815
886.865,-0.452,1.485,0.790
886.976,-0.436,1.483,0.759
887.087,-0.426,1.481,0.724
887.199,-0.421,1.478,0.692
887.309,-0.420,1.475,0.670
887.420,-0.418,1.474,0.657
887.531,-0.413,1.474,0.651
887.643,-0.403,1.474,0.652
887.754,-0.389,1.476,0.665
887.865,-0.372,1.478,0.687
887.976,-0.349,1.480,0.715
888.087,-0.321,1.481,0.750
888.198,-0.285,1.485,0.792
888.309,-0.244,1.488,0.833
888.421,-0.206,1.490,0.866
888.532,-0.171,1.496,0.891
888.643,-0.141,1.501,0.908
888.754,-0.119,1.500,0.915
888.865,-0.100,1.503,0.911
888.976,-0.087,1.506,0.899
889.088,-0.084,1.512,0.881
889.199,-0.087,1.518,0.860
889.309,-0.091,1.519,0.839
889.420,-0.095,1.507,0.821
889.530,-0.104,1.491,0.805
889.640,-0.117,1.481,0.793
889.752,-0.133,1.476,0.783
889.863,-0.152,1.473,0.773
889.974,-0.173,1.478,0.765
890.085,-0.193,1.479,0.759
890.197,-0.211,1.482,0.757
890.308,-0.221,1.485,0.760
890.419,-0.222,1.488,0.767
890.530,-0.219,1.495,0.772
890.641,-0.215,1.505,0.774
890.752,-0.211,1.512,0.775
890.864,-0.205,1.516,0.776
890.975,-0.195,1.510,0.779
891.086,-0.185,1.502,0.783
891.197,-0.176,1.502,0.786
891.308,-0.166,1.502,0.785
891.420,-0.153,1.503,0.772
891.531,-0.143,1.505,0.752
891.642,-0.138,1.505,0.737
891.754,-0.133,1.502,0.728
891.865,-0.129,1.501,0.725
891.976,-0.125,1.501,0.724
892.087,-0.122,1.499,0.724
892.198,-0.120,1.498,0.729
892.309,-0.120,1.498,0.734
892.420,-0.122,1.499,0.739
892.532,-0.123,1.500,0.742
892.642,-0.122,1.501,0.744
892.754,-0.118,1.502,0.744
892.865,-0.110,1.502,0.745
892.976,-0.100,1.501,0.747
893.087,-0.087,1.500,0.751
893.198,-0.074,1.497,0.757
893.309,-0.061,1.494,0.765
893.420,-0.051,1.490,0.771
893.531,-0.048,1.493,0.772
893.642,-0.051,1.498,0.770
893.753,-0.064,1.503,0.768
893.864,-0.081,1.509,0.766
893.975,-0.098,1.516,0.767
894.087,-0.114,1.540,0.765
894.198,-0.128,1.551,0.762
894.309,-0.141,1.551,0.761
894.420,-0.149,1.549,0.760
894.531,-0.154,1.549,0.759
894.643,-0.157,1.548,0.757
894.754,-0.159,1.547,0.756
894.865,-0.158,1.547,0.754
894.976,-0.156,1.547,0.752
895.087,-0.152,1.547,0.751
895.198,-0.149,1.547,0.749
895.309,-0.146,1.546,0.747
895.420,-0.145,1.546,0.745
895.532,-0.142,1.547,0.744
895.642,-0.140,1.547,0.742
895.754,-0.137,1.547,0.740
895.865,-0.133,1.547,0.739
895.977,-0.130,1.546,0.739
896.088,-0.126,1.545,0.741
896.199,-0.123,1.544,0.744
896.310,-0.120,1.544,0.747
896.421,-0.117,1.544,0.750
896.532,-0.115,1.543,0.753
896.643,-0.111,1.542,0.755
896.754,-0.109,1.542,0.755
896.865,-0.107,1.542,0.754
896.977,-0.105,1.542,0.753
897.088,-0.103,1.542,0.751
897.199,-0.101,1.542,0.750
897.309,-0.098,1.542,0.748
897.421,-0.095,1.541,0.746
897.532,-0.091,1.541,0.743
897.643,-0.085,1.541,0.740
897.754,-0.078,1.542,0.736
897.865,-0.069,1.542,0.732
897.976,-0.057,1.543,0.728
898.088,-0.043,1.542,0.723
898.199,-0.027,1.532,0.721
898.310,-0.015,1.526,0.721
898.421,-0.004,1.526,0.726
898.532,0.006,1.521,0.734
898.643,0.015,1.513,0.747
898.753,0.021,1.503,0.767
898.864,0.025,1.500,0.791
898.975,0.027,1.499,0.819
899.086,0.029,1.499,0.849
899.197,0.028,1.502,0.878
899.308,0.028,1.503,0.906
899.420,0.031,1.500,0.926
899.531,0.036,1.503,0.937
899.642,0.046,1.504,0.944
899.753,0.059,1.505,0.946
899.864,0.074,1.510,0.948
899.975,0.089,1.510,0.949
900.087,0.099,1.508,0.949
900.198,0.104,1.508,0.948
900.309,0.106,1.507,0.947
900.420,0.107,1.509,0.945
900.531,0.106,1.509,0.944
900.642,0.103,1.510,0.943
900.753,0.100,1.511,0.944
900.865,0.091,1.510,0.944
900.975,0.079,1.509,0.942
901.087,0.062,1.508,0.936
901.198,0.045,1.508,0.929
901.308,0.026,1.506,0.923
901.420,0.010,1.506,0.923
901.531,-0.009,1.501,0.911
901.642,-0.033,1.501,0.888
901.753,-0.061,1.497,0.862
901.864,-0.090,1.490,0.834
901.975,-0.116,1.488,0.805
902.087,-0.142,1.485,0.782
902.197,-0.168,1.488,0.767
902.308,-0.195,1.492,0.762
902.420,-0.225,1.498,0.762
902.531,-0.248,1.509,0.767
902.642,-0.260,1.524,0.772
902.753,-0.261,1.540,0.774
902.864,-0.254,1.553,0.771
902.975,-0.243,1.563,0.764
903.086,-0.231,1.570,0.753
903.198,-0.220,1.574,0.743
903.309,-0.212,1.573,0.735
903.420,-0.205,1.572,0.730
903.531,-0.199,1.571,0.730
903.642,-0.193,1.568,0.733
903.753,-0.186,1.565,0.740
903.865,-0.181,1.562,0.748
903.975,-0.179,1.562,0.754
904.087,-0.175,1.560,0.760
904.198,-0.163,1.547,0.766
904.309,-0.146,1.530,0.773
904.420,-0.133,1.519,0.779
904.532,-0.126,1.516,0.785
904.643,-0.123,1.515,0.790
904.754,-0.123,1.515,0.795
904.865,-0.125,1.513,0.801
904.976,-0.125,1.512,0.806
905.087,-0.118,1.509,0.802
905.199,-0.107,1.503,0.782
905.309,-0.107,1.492,0.758
905.420,-0.111,1.486,0.750
905.532,-0.110,1.483,0.759
905.642,-0.105,1.483,0.774
905.754,-0.098,1.484,0.790
905.865,-0.095,1.485,0.794
905.975,-0.095,1.489,0.782
906.087,-0.104,1.494,0.756
906.198,-0.122,1.489,0.733
906.308,-0.147,1.487,0.725
906.420,-0.172,1.486,0.735
906.531,-0.192,1.480,0.759
906.642,-0.206,1.480,0.785
906.753,-0.221,1.485,0.812
906.864,-0.242,1.491,0.835
906.975,-0.270,1.492,0.854
907.087,-0.303,1.496,0.867
907.197,-0.340,1.498,0.876
907.309,-0.377,1.502,0.882
907.420,-0.413,1.504,0.891
907.531,-0.447,1.505,0.903
907.641,-0.479,1.503,0.913
907.753,-0.503,1.503,0.920
907.864,-0.521,1.504,0.925
907.975,-0.532,1.503,0.926
908.087,-0.535,1.503,0.924
908.198,-0.529,1.503,0.916
908.309,-0.502,1.505,0.895
908.420,-0.452,1.506,0.873
908.531,-0.398,1.507,0.859
908.642,-0.344,1.505,0.845
908.754,-0.290,1.502,0.827
908.865,-0.232,1.503,0.806
908.975,-0.178,1.503,0.783
909.087,-0.135,1.500,0.762
909.198,-0.106,1.497,0.743
909.309,-0.087,1.496,0.730
909.420,-0.078,1.494,0.724
909.532,-0.079,1.492,0.724
909.642,-0.089,1.496,0.723
909.754,-0.104,1.497,0.721
909.865,-0.116,1.495,0.718
909.975,-0.124,1.494,0.716
910.087,-0.127,1.494,0.715
910.198,-0.128,1.493,0.713
910.309,-0.129,1.492,0.711
910.420,-0.128,1.492,0.710
910.532,-0.126,1.491,0.710
910.642,-0.122,1.491,0.710
910.754,-0.119,1.491,0.711
910.865,-0.116,1.491,0.712
910.976,-0.113,1.491,0.712
911.087,-0.111,1.493,0.713
911.198,-0.107,1.494,0.714
911.309,-0.105,1.495,0.714
911.420,-0.105,1.496,0.714
911.532,-0.107,1.496,0.712
911.642,-0.111,1.496,0.711
911.753,-0.115,1.495,0.709
911.865,-0.121,1.494,0.707
911.975,-0.127,1.493,0.705
912.086,-0.136,1.492,0.706
912.198,-0.149,1.493,0.708
912.308,-0.161,1.495,0.713
912.420,-0.169,1.496,0.719
912.531,-0.174,1.496,0.727
912.642,-0.177,1.496,0.736
912.753,-0.179,1.495,0.745
912.865,-0.182,1.495,0.750
912.975,-0.184,1.491,0.754
913.086,-0.187,1.495,0.768
913.197,-0.193,1.499,0.794
913.308,-0.203,1.504,0.825
913.420,-0.219,1.508,0.853
913.531,-0.240,1.509,0.878
913.642,-0.257,1.505,0.896
913.753,-0.263,1.500,0.904
913.864,-0.260,1.500,0.912
913.975,-0.254,1.503,0.918
914.086,-0.248,1.504,0.920
914.198,-0.240,1.504,0.918
914.309,-0.229,1.504,0.914
914.420,-0.217,1.505,0.908
914.532,-0.206,1.504,0.901
914.642,-0.197,1.504,0.898
914.753,-0.190,1.507,0.894
914.865,-0.184,1.506,0.890
914.975,-0.180,1.505,0.886
915.086,-0.175,1.504,0.884
915.198,-0.171,1.503,0.884
915.309,-0.166,1.502,0.884
915.420,-0.157,1.502,0.884
915.531,-0.145,1.502,0.883
915.642,-0.131,1.502,0.881
915.753,-0.115,1.500,0.872
915.865,-0.091,1.492,0.849
915.975,-0.060,1.490,0.813
916.087,-0.029,1.488,0.774
916.198,-0.003,1.490,0.737
916.309,0.015,1.491,0.708
916.420,0.027,1.489,0.688
916.532,0.034,1.489,0.674
916.642,0.038,1.489,0.664
916.754,0.038,1.491,0.658
916.865,0.035,1.493,0.660
916.975,0.026,1.496,0.670
917.086,0.011,1.501,0.689
917.198,-0.007,1.507,0.712
917.308,-0.025,1.509,0.734
917.420,-0.038,1.506,0.757
917.531,-0.047,1.503,0.776
917.642,-0.051,1.501,0.790
917.753,-0.052,1.501,0.798
917.864,-0.048,1.501,0.799
917.975,-0.041,1.500,0.795
918.087,-0.031,1.503,0.788
918.198,-0.018,1.503,0.777
918.308,-0.005,1.504,0.763
918.420,0.009,1.504,0.748
918.531,0.023,1.503,0.733
918.642,0.037,1.501,0.719
918.753,0.050,1.501,0.707
918.864,0.060,1.499,0.697
918.975,0.068,1.498,0.689
919.087,0.075,1.496,0.683
919.198,0.078,1.496,0.678
919.309,0.079,1.495,0.675
919.420,0.079,1.494,0.672
919.531,0.079,1.494,0.669
919.642,0.077,1.494,0.667
919.753,0.074,1.494,0.666
919.865,0.066,1.494,0.669
919.976,0.050,1.493,0.678
920.087,0.025,1.494,0.695
920.198,-0.008,1.494,0.717
920.309,-0.049,1.491,0.744
920.420,-0.098,1.491,0.770
920.531,-0.146,1.486,0.794
920.642,-0.184,1.490,0.810
920.753,-0.214,1.494,0.818
920.864,-0.237,1.494,0.815
920.975,-0.254,1.494,0.805
921.086,-0.265,1.492,0.788
921.198,-0.269,1.489,0.768
921.308,-0.271,1.492,0.742
921.420,-0.272,1.491,0.715
921.531,-0.274,1.491,0.688
921.642,-0.275,1.489,0.665
921.753,-0.275,1.488,0.649
921.865,-0.274,1.486,0.641
921.975,-0.270,1.486,0.643
922.086,-0.264,1.487,0.655
922.198,-0.258,1.489,0.677
922.309,-0.251,1.491,0.705
922.420,-0.245,1.492,0.735
922.531,-0.240,1.491,0.765
922.642,-0.236,1.490,0.792
922.753,-0.234,1.490,0.816
922.864,-0.231,1.490,0.835
922.975,-0.229,1.489,0.848
923.087,-0.227,1.490,0.855
923.198,-0.224,1.492,0.857
923.309,-0.220,1.492,0.854
923.420,-0.217,1.493,0.849
923.531,-0.213,1.495,0.844
923.642,-0.209,1.494,0.838
923.754,-0.204,1.494,0.833
923.865,-0.201,1.494,0.829
923.976,-0.198,1.495,0.825
924.087,-0.195,1.496,0.820
924.198,-0.191,1.498,0.814
924.309,-0.188,1.501,0.807
924.420,-0.186,1.503,0.799
924.531,-0.186,1.504,0.791
924.642,-0.187,1.505,0.781
924.754,-0.188,1.506,0.770
924.865,-0.189,1.506,0.759
924.975,-0.191,1.505,0.748
925.087,-0.192,1.505,0.739
925.198,-0.195,1.505,0.734
925.309,-0.201,1.504,0.735
925.420,-0.210,1.502,0.748
925.531,-0.227,1.501,0.771
925.642,-0.252,1.498,0.796
925.753,-0.280,1.488,0.817
925.864,-0.310,1.485,0.832
925.975,-0.342,1.486,0.839
926.087,-0.373,1.484,0.835
926.197,-0.404,1.482,0.824
926.308,-0.434,1.477,0.807
926.419,-0.465,1.483,0.783
926.531,-0.496,1.483,0.757
926.642,-0.526,1.479,0.734
926.753,-0.550,1.478,0.718
926.864,-0.572,1.481,0.710
926.975,-0.594,1.483,0.706
927.086,-0.615,1.483,0.708
927.197,-0.634,1.486,0.716
927.309,-0.649,1.491,0.725
927.420,-0.660,1.494,0.738
927.531,-0.669,1.496,0.752
927.641,-0.675,1.495,0.764
927.753,-0.678,1.493,0.772
927.864,-0.678,1.490,0.778
927.975,-0.672,1.490,0.783
928.087,-0.663,1.490,0.786
928.198,-0.653,1.492,0.786
928.309,-0.644,1.492,0.785
928.420,-0.637,1.492,0.782
928.531,-0.632,1.491,0.781
928.642,-0.628,1.490,0.780
928.753,-0.625,1.490,0.780
928.864,-0.624,1.490,0.780
928.976,-0.622,1.490,0.782
929.086,-0.622,1.490,0.783
929.198,-0.621,1.490,0.784
929.309,-0.621,1.491,0.786
929.420,-0.619,1.492,0.788
929.531,-0.618,1.495,0.790
929.642,-0.618,1.498,0.794
929.753,-0.619,1.501,0.800
929.864,-0.618,1.502,0.804
929.975,-0.617,1.502,0.807
930.086,-0.614,1.502,0.807
930.198,-0.612,1.502,0.805
930.309,-0.610,1.502,0.802
930.420,-0.608,1.502,0.797
930.531,-0.605,1.502,0.792
930.642,-0.601,1.502,0.787
930.753,-0.597,1.503,0.781
930.864,-0.591,1.503,0.775
930.976,-0.584,1.503,0.769
931.087,-0.578,1.503,0.762
931.198,-0.571,1.503,0.756
931.309,-0.564,1.504,0.750
931.420,-0.556,1.504,0.745
931.531,-0.548,1.504,0.740
931.642,-0.542,1.504,0.735
931.753,-0.536,1.504,0.729
931.864,-0.530,1.504,0.724
931.975,-0.526,1.504,0.720
932.086,-0.523,1.504,0.716
932.198,-0.522,1.503,0.714
932.309,-0.521,1.503,0.713
932.419,-0.524,1.504,0.713
932.531,-0.531,1.506,0.717
932.642,-0.547,1.506,0.725
932.753,-0.571,1.504,0.738
932.864,-0.603,1.502,0.754
932.975,-0.640,1.500,0.771
933.086,-0.678,1.495,0.787
933.198,-0.713,1.489,0.798
933.309,-0.744,1.491,0.802
933.420,-0.771,1.490,0.798
933.531,-0.795,1.488,0.783
933.642,-0.815,1.486,0.760
933.753,-0.832,1.488,0.730
933.864,-0.845,1.489,0.698
933.975,-0.853,1.487,0.673
934.086,-0.858,1.489,0.656
934.197,-0.858,1.492,0.647
934.309,-0.854,1.493,0.646
934.419,-0.848,1.491,0.653
934.531,-0.842,1.491,0.667
934.642,-0.835,1.494,0.687
934.753,-0.834,1.497,0.709
934.864,-0.837,1.498,0.728
934.975,-0.842,1.497,0.745
935.086,-0.848,1.497,0.758
935.197,-0.855,1.495,0.768
935.308,-0.862,1.496,0.773
935.420,-0.867,1.495,0.775
935.531,-0.870,1.494,0.776
935.642,-0.873,1.494,0.776
935.753,-0.876,1.494,0.775
935.864,-0.877,1.494,0.774
935.975,-0.877,1.494,0.773
936.086,-0.877,1.494,0.772
936.197,-0.877,1.494,0.771
936.308,-0.876,1.495,0.771
936.419,-0.876,1.495,0.770
936.531,-0.876,1.496,0.770
936.642,-0.876,1.496,0.769
936.753,-0.875,1.495,0.768
936.864,-0.874,1.495,0.767
936.975,-0.873,1.494,0.766
937.086,-0.871,1.494,0.766
937.197,-0.870,1.494,0.765
937.308,-0.868,1.494,0.765
937.419,-0.867,1.495,0.765
937.531,-0.866,1.495,0.765
937.641,-0.866,1.496,0.765
937.753,-0.865,1.496,0.765
937.864,-0.865,1.497,0.765
937.975,-0.865,1.497,0.765
938.086,-0.866,1.497,0.765
938.197,-0.869,1.497,0.765
938.308,-0.871,1.497,0.764
938.419,-0.873,1.497,0.763
938.531,-0.872,1.496,0.761
938.641,-0.876,1.495,0.757
938.753,-0.885,1.495,0.750
938.864,-0.896,1.495,0.740
938.975,-0.908,1.494,0.726
939.086,-0.923,1.495,0.709
939.198,-0.939,1.497,0.690
939.308,-0.954,1.497,0.672
939.420,-0.964,1.494,0.657
939.531,-0.970,1.491,0.646
939.642,-0.975,1.490,0.640
939.753,-0.978,1.491,0.636
939.864,-0.981,1.491,0.636
939.975,-0.983,1.493,0.639
940.087,-0.984,1.492,0.642
940.198,-0.988,1.488,0.650
940.308,-0.996,1.486,0.665
940.420,-1.014,1.486,0.685
940.531,-1.041,1.485,0.712
940.642,-1.076,1.487,0.745
940.753,-1.114,1.489,0.776
940.864,-1.149,1.492,0.800
940.975,-1.176,1.497,0.817
941.086,-1.197,1.497,0.824
941.197,-1.211,1.494,0.827
941.308,-1.220,1.491,0.827
941.419,-1.225,1.488,0.829
941.531,-1.228,1.489,0.829
941.641,-1.228,1.490,0.828
941.753,-1.229,1.491,0.825
941.864,-1.230,1.492,0.821
941.975,-1.232,1.493,0.814
942.086,-1.235,1.495,0.806
942.197,-1.238,1.495,0.795
942.308,-1.240,1.495,0.783
942.420,-1.243,1.496,0.771
942.531,-1.251,1.496,0.758
942.642,-1.262,1.497,0.746
942.753,-1.272,1.498,0.734
942.864,-1.280,1.500,0.721
942.975,-1.286,1.500,0.710
943.087,-1.289,1.500,0.702
943.198,-1.289,1.500,0.696
943.309,-1.288,1.499,0.693
943.420,-1.288,1.500,0.693
943.531,-1.287,1.499,0.694
943.642,-1.285,1.498,0.696
943.753,-1.284,1.498,0.698
943.865,-1.285,1.498,0.698
943.975,-1.286,1.498,0.697
944.087,-1.286,1.497,0.694
944.198,-1.285,1.497,0.692
944.309,-1.286,1.496,0.690
944.420,-1.286,1.496,0.688
944.531,-1.287,1.495,0.686
944.642,-1.287,1.495,0.684
944.753,-1.286,1.495,0.683
944.865,-1.283,1.496,0.685
944.976,-1.279,1.497,0.689
945.087,-1.274,1.499,0.698
945.198,-1.270,1.500,0.710
945.309,-1.267,1.499,0.723
945.420,-1.263,1.498,0.734
945.531,-1.261,1.497,0.743
945.642,-1.259,1.497,0.750
945.753,-1.258,1.496,0.756
945.865,-1.258,1.496,0.761
945.975,-1.258,1.496,0.765
946.086,-1.258,1.496,0.767
946.197,-1.259,1.496,0.768
946.308,-1.260,1.496,0.768
946.420,-1.260,1.496,0.767
946.531,-1.260,1.497,0.766
946.642,-1.260,1.498,0.764
946.753,-1.260,1.499,0.763
946.864,-1.259,1.499,0.761
946.975,-1.258,1.499,0.759
947.086,-1.258,1.499,0.757
947.198,-1.257,1.498,0.755
947.308,-1.256,1.498,0.754
947.420,-1.256,1.497,0.752
947.531,-1.256,1.497,0.752
947.642,-1.255,1.497,0.751
947.753,-1.255,1.496,0.750
947.864,-1.255,1.496,0.750
947.975,-1.255,1.496,0.749
948.086,-1.255,1.496,0.749
948.197,-1.256,1.496,0.748
948.309,-1.256,1.496,0.748
948.420,-1.257,1.497,0.748
948.531,-1.258,1.498,0.748
948.642,-1.259,1.498,0.748
948.753,-1.260,1.499,0.747
948.864,-1.261,1.499,0.746
948.975,-1.262,1.499,0.745
949.086,-1.261,1.500,0.743
949.197,-1.261,1.500,0.742
949.308,-1.261,1.501,0.740
949.420,-1.261,1.502,0.739
949.531,-1.262,1.503,0.737
949.642,-1.261,1.502,0.736
949.753,-1.260,1.502,0.736
949.865,-1.258,1.501,0.737
949.975,-1.255,1.500,0.740
950.086,-1.251,1.498,0.742
950.197,-1.245,1.498,0.742
950.309,-1.240,1.498,0.739
950.420,-1.235,1.497,0.734
950.531,-1.231,1.497,0.728
950.642,-1.228,1.498,0.725
950.753,-1.225,1.498,0.726
950.864,-1.222,1.498,0.733
950.975,-1.217,1.497,0.745
951.086,-1.213,1.496,0.760
951.198,-1.209,1.495,0.777
951.309,-1.205,1.494,0.795
951.419,-1.202,1.492,0.808
951.531,-1.199,1.487,0.816
951.642,-1.196,1.484,0.821
951.753,-1.189,1.484,0.820
951.864,-1.177,1.487,0.814
951.975,-1.162,1.489,0.805
952.086,-1.144,1.495,0.795
952.197,-1.128,1.495,0.784
952.308,-1.114,1.494,0.775
952.419,-1.100,1.495,0.767
952.531,-1.088,1.496,0.758
952.641,-1.079,1.494,0.751
952.753,-1.072,1.493,0.745
952.864,-1.067,1.491,0.740
952.975,-1.062,1.489,0.737
953.086,-1.059,1.489,0.735
953.197,-1.057,1.488,0.733
953.308,-1.056,1.488,0.731
953.420,-1.056,1.488,0.728
953.531,-1.054,1.488,0.724
953.641,-1.053,1.488,0.720
953.753,-1.050,1.488,0.716
953.864,-1.045,1.488,0.712
953.975,-1.039,1.487,0.709
954.086,-1.033,1.486,0.706
954.197,-1.026,1.485,0.703
954.308,-1.020,1.483,0.701
954.419,-1.015,1.481,0.699
954.532,-1.009,1.480,0.698
954.642,-1.004,1.479,0.697
954.753,-0.998,1.478,0.697
954.864,-0.995,1.478,0.696
954.975,-0.993,1.478,0.695
955.086,-0.992,1.479,0.694
955.197,-0.991,1.480,0.692
955.308,-0.988,1.482,0.688
955.420,-0.983,1.482,0.683
955.531,-0.975,1.481,0.683
955.642,-0.965,1.481,0.695
955.753,-0.954,1.480,0.716
955.864,-0.947,1.481,0.745
955.975,-0.945,1.486,0.775
956.086,-0.941,1.487,0.800
956.197,-0.934,1.479,0.822
956.308,-0.924,1.477,0.837
956.420,-0.913,1.479,0.844
956.531,-0.899,1.480,0.846
956.644,-0.884,1.485,0.844
956.753,-0.871,1.492,0.840
956.865,-0.860,1.494,0.837
956.975,-0.852,1.495,0.834
957.086,-0.846,1.494,0.831
957.197,-0.842,1.494,0.828
957.308,-0.841,1.493,0.825
957.420,-0.842,1.492,0.823
957.531,-0.844,1.492,0.821
957.641,-0.846,1.492,0.819
957.752,-0.849,1.491,0.818
957.864,-0.851,1.492,0.818
957.975,-0.854,1.492,0.817
958.086,-0.858,1.492,0.815
958.197,-0.861,1.493,0.813
958.308,-0.863,1.493,0.809
958.420,-0.863,1.494,0.804
958.530,-0.862,1.496,0.800
958.641,-0.859,1.498,0.797
958.753,-0.855,1.500,0.794
958.864,-0.850,1.500,0.790
958.975,-0.846,1.502,0.786
959.086,-0.843,1.502,0.782
959.197,-0.841,1.501,0.779
959.308,-0.841,1.501,0.776
959.419,-0.841,1.500,0.774
959.531,-0.841,1.499,0.774
959.642,-0.843,1.498,0.776
959.753,-0.848,1.497,0.780
959.864,-0.857,1.495,0.788
959.975,-0.872,1.494,0.800
960.086,-0.890,1.493,0.814
960.197,-0.907,1.491,0.829
960.309,-0.926,1.487,0.843
960.420,-0.945,1.483,0.852
960.531,-0.959,1.484,0.855
960.642,-0.966,1.481,0.851
960.753,-0.964,1.486,0.841
960.864,-0.946,1.490,0.825
960.975,-0.913,1.492,0.815
961.087,-0.889,1.491,0.814
961.198,-0.875,1.489,0.817
961.309,-0.870,1.488,0.819
961.420,-0.871,1.486,0.818
961.531,-0.877,1.488,0.820
961.642,-0.885,1.487,0.829
961.753,-0.898,1.487,0.843
961.865,-0.917,1.492,0.854
961.976,-0.937,1.492,0.857
962.087,-0.957,1.489,0.839
962.198,-0.986,1.481,0.805
962.309,-1.024,1.476,0.776
962.420,-1.057,1.474,0.758
962.531,-1.085,1.473,0.745
962.642,-1.104,1.473,0.734
962.753,-1.118,1.473,0.724
962.864,-1.127,1.474,0.717
962.975,-1.131,1.475,0.713
963.086,-1.129,1.476,0.712
963.198,-1.123,1.477,0.710
963.308,-1.115,1.477,0.709
963.420,-1.105,1.476,0.709
963.532,-1.097,1.476,0.711
963.642,-1.094,1.475,0.715
963.754,-1.095,1.474,0.719
963.865,-1.100,1.473,0.723
963.976,-1.119,1.476,0.728
964.087,-1.141,1.479,0.741
964.198,-1.156,1.480,0.761
964.309,-1.161,1.480,0.781
964.420,-1.157,1.478,0.801
964.531,-1.149,1.476,0.813
964.642,-1.139,1.474,0.807
964.753,-1.126,1.474,0.788
964.865,-1.109,1.474,0.766
964.976,-1.084,1.474,0.752
965.087,-1.050,1.480,0.751
965.199,-1.013,1.492,0.767
965.309,-0.986,1.501,0.800
965.421,-0.980,1.508,0.838
965.532,-0.982,1.513,0.871
965.643,-0.987,1.513,0.896
965.754,-0.990,1.514,0.911
965.865,-0.992,1.516,0.915
965.976,-0.993,1.517,0.909
966.088,-0.992,1.517,0.901
966.199,-0.992,1.518,0.895
966.309,-0.992,1.519,0.899
966.421,-0.992,1.518,0.917
966.532,-0.994,1.516,0.936
966.643,-0.996,1.513,0.950
966.754,-0.994,1.511,0.959
966.865,-0.986,1.509,0.963
966.976,-0.968,1.508,0.954
967.087,-0.949,1.505,0.931
967.198,-0.940,1.502,0.902
967.309,-0.940,1.499,0.876
967.420,-0.944,1.496,0.856
967.532,-0.949,1.493,0.840
967.643,-0.952,1.492,0.829
967.754,-0.949,1.493,0.827
967.865,-0.937,1.492,0.831
967.976,-0.922,1.487,0.838
968.087,-0.911,1.481,0.851
968.198,-0.900,1.478,0.870
968.309,-0.894,1.476,0.886
968.420,-0.894,1.475,0.892
968.532,-0.896,1.475,0.893
968.643,-0.901,1.474,0.894
968.754,-0.906,1.474,0.896
968.865,-0.910,1.475,0.898
968.976,-0.913,1.476,0.902
969.087,-0.917,1.478,0.906
969.198,-0.919,1.479,0.910
969.309,-0.921,1.481,0.911
969.420,-0.924,1.483,0.914
969.531,-0.928,1.487,0.916
969.642,-0.931,1.488,0.916
969.754,-0.932,1.489,0.917
969.865,-0.932,1.490,0.918
969.976,-0.932,1.492,0.916
970.087,-0.932,1.492,0.914
970.198,-0.930,1.492,0.913
970.307,-0.929,1.493,0.911
970.418,-0.927,1.493,0.910
970.529,-0.924,1.494,0.909
970.640,-0.921,1.494,0.907
970.752,-0.919,1.493,0.907
970.863,-0.919,1.492,0.906
970.975,-0.919,1.493,0.906
971.085,-0.919,1.492,0.905
971.197,-0.920,1.491,0.904
971.308,-0.920,1.491,0.905
971.419,-0.921,1.491,0.906
971.530,-0.921,1.490,0.907
971.641,-0.921,1.491,0.909
971.752,-0.921,1.496,0.910
971.863,-0.921,1.501,0.909
971.975,-0.921,1.502,0.906
972.086,-0.921,1.500,0.902
972.197,-0.923,1.498,0.897
972.308,-0.926,1.495,0.893
972.420,-0.923,1.495,0.889
972.531,-0.905,1.500,0.887
972.641,-0.874,1.504,0.891
972.752,-0.844,1.507,0.899
972.864,-0.815,1.509,0.905
972.975,-0.786,1.509,0.914
973.087,-0.761,1.507,0.922
973.198,-0.745,1.509,0.922
973.308,-0.738,1.511,0.913
973.420,-0.740,1.510,0.900
973.531,-0.750,1.511,0.882
973.642,-0.759,1.509,0.865
973.753,-0.768,1.504,0.850
973.865,-0.778,1.504,0.838
973.976,-0.784,1.505,0.826
974.087,-0.784,1.507,0.814
974.198,-0.780,1.504,0.802
974.309,-0.773,1.505,0.790
974.420,-0.768,1.508,0.783
974.532,-0.762,1.513,0.784
974.642,-0.755,1.519,0.789
974.754,-0.748,1.521,0.795
974.865,-0.743,1.523,0.801
974.976,-0.738,1.525,0.807
975.087,-0.734,1.526,0.811
975.198,-0.728,1.524,0.813
975.309,-0.721,1.523,0.813
975.421,-0.716,1.523,0.814
975.532,-0.712,1.524,0.816
975.643,-0.709,1.525,0.815
975.754,-0.707,1.525,0.810
975.865,-0.705,1.524,0.794
975.976,-0.707,1.524,0.778
976.088,-0.708,1.526,0.769
976.198,-0.707,1.525,0.769
976.309,-0.703,1.523,0.775
976.421,-0.698,1.525,0.783
976.532,-0.694,1.527,0.793
976.643,-0.693,1.531,0.802
976.754,-0.696,1.534,0.808
976.865,-0.700,1.540,0.810
976.976,-0.703,1.546,0.812
977.087,-0.707,1.548,0.812
977.198,-0.709,1.546,0.809
977.309,-0.714,1.544,0.806
977.421,-0.724,1.543,0.798
977.532,-0.739,1.542,0.786
977.643,-0.756,1.540,0.777
977.754,-0.767,1.538,0.772
977.865,-0.772,1.536,0.770
977.976,-0.772,1.535,0.770
978.088,-0.770,1.534,0.770
978.199,-0.767,1.535,0.771
978.310,-0.764,1.534,0.773
978.421,-0.760,1.533,0.775
978.532,-0.757,1.534,0.775
978.643,-0.756,1.534,0.775
978.751,-0.755,1.533,0.775
978.865,-0.754,1.532,0.775
978.976,-0.753,1.532,0.777
979.087,-0.741,1.531,0.789
979.199,-0.725,1.531,0.807
979.309,-0.713,1.530,0.827
979.421,-0.704,1.528,0.845
979.532,-0.697,1.527,0.860
979.643,-0.690,1.525,0.871
979.754,-0.684,1.522,0.878
979.865,-0.677,1.522,0.881
979.976,-0.669,1.522,0.880
980.088,-0.660,1.521,0.878
980.198,-0.651,1.521,0.878
980.309,-0.645,1.520,0.876
980.421,-0.643,1.517,0.870
980.532,-0.645,1.515,0.864
980.643,-0.649,1.513,0.857
980.754,-0.656,1.511,0.848
980.865,-0.671,1.508,0.836
980.976,-0.694,1.504,0.823
981.087,-0.720,1.499,0.815
981.198,-0.743,1.497,0.808
981.309,-0.763,1.494,0.802
981.420,-0.781,1.494,0.800
981.532,-0.801,1.494,0.802
981.644,-0.815,1.496,0.806
981.754,-0.821,1.498,0.808
981.865,-0.817,1.498,0.805
981.976,-0.804,1.499,0.801
982.087,-0.782,1.497,0.799
982.199,-0.745,1.492,0.798
982.309,-0.696,1.491,0.806
982.421,-0.648,1.493,0.825
982.532,-0.608,1.493,0.847
982.643,-0.572,1.493,0.867
982.754,-0.540,1.492,0.886
982.865,-0.512,1.492,0.902
982.976,-0.485,1.496,0.913
983.088,-0.456,1.500,0.921
983.199,-0.425,1.505,0.925
983.310,-0.395,1.499,0.928
983.421,-0.367,1.493,0.933
983.532,-0.344,1.489,0.941
983.643,-0.327,1.486,0.956
983.754,-0.318,1.487,0.974
983.865,-0.312,1.495,0.992
983.976,-0.307,1.496,1.009
984.088,-0.305,1.497,1.024
984.199,-0.306,1.498,1.035
984.310,-0.311,1.498,1.045
984.420,-0.323,1.496,1.055
984.531,-0.342,1.496,1.059
984.642,-0.363,1.496,1.057
984.753,-0.384,1.495,1.050
984.865,-0.401,1.495,1.041
984.976,-0.412,1.498,1.031
985.087,-0.404,1.508,1.023
985.198,-0.383,1.518,1.010
985.309,-0.361,1.526,0.989
985.420,-0.346,1.528,0.955
985.532,-0.345,1.529,0.918
985.643,-0.353,1.529,0.890
985.754,-0.360,1.530,0.878
985.865,-0.363,1.529,0.874
985.976,-0.366,1.527,0.876
986.087,-0.365,1.527,0.879
986.199,-0.362,1.527,0.882
986.310,-0.357,1.527,0.885
986.421,-0.352,1.528,0.887
986.532,-0.346,1.527,0.890
986.643,-0.340,1.527,0.892
986.754,-0.336,1.528,0.895
986.865,-0.334,1.529,0.897
986.977,-0.333,1.530,0.900
987.087,-0.332,1.530,0.902
987.199,-0.333,1.529,0.904
987.310,-0.333,1.528,0.905
987.421,-0.334,1.528,0.906
987.532,-0.335,1.527,0.906
987.643,-0.336,1.527,0.904
987.754,-0.337,1.526,0.903
987.865,-0.338,1.526,0.902
987.976,-0.339,1.526,0.902
988.088,-0.340,1.525,0.903
988.199,-0.340,1.527,0.903
988.310,-0.338,1.528,0.904
988.421,-0.334,1.529,0.904
988.532,-0.332,1.529,0.905
988.643,-0.330,1.529,0.905
988.754,-0.327,1.529,0.905
988.865,-0.323,1.529,0.904
988.977,-0.319,1.529,0.902
989.088,-0.314,1.528,0.899
989.199,-0.307,1.527,0.896
989.310,-0.300,1.527,0.892
989.421,-0.292,1.534,0.888
989.532,-0.286,1.549,0.888
989.643,-0.279,1.554,0.884
989.754,-0.266,1.548,0.878
989.865,-0.247,1.533,0.873
989.976,-0.229,1.523,0.873
990.087,-0.212,1.526,0.875
990.199,-0.193,1.523,0.878
990.310,-0.170,1.520,0.883
990.421,-0.148,1.516,0.887
990.532,-0.126,1.520,0.892
990.643,-0.101,1.521,0.899
990.754,-0.075,1.516,0.906
990.865,-0.055,1.512,0.904
990.976,-0.040,1.507,0.898
991.087,-0.027,1.507,0.893
991.198,-0.013,1.505,0.891
991.310,0.003,1.505,0.891
991.421,0.023,1.507,0.889
991.532,0.045,1.511,0.883
991.643,0.066,1.520,0.877
991.754,0.083,1.524,0.873
991.865,0.099,1.524,0.871
991.976,0.110,1.521,0.872
992.087,0.116,1.518,0.873
992.198,0.117,1.513,0.873
992.309,0.116,1.509,0.874
992.420,0.117,1.507,0.874
992.531,0.121,1.508,0.873
992.642,0.123,1.507,0.872
992.754,0.126,1.506,0.872
992.865,0.129,1.505,0.871
992.976,0.131,1.505,0.871
993.087,0.130,1.504,0.874
993.198,0.125,1.503,0.880
993.309,0.119,1.503,0.887
993.419,0.116,1.502,0.892
993.531,0.114,1.501,0.896
993.642,0.113,1.502,0.899
993.753,0.114,1.501,0.901
993.864,0.113,1.501,0.903
993.975,0.112,1.501,0.907
994.087,0.113,1.501,0.910
994.198,0.112,1.502,0.914
994.309,0.111,1.500,0.918
994.420,0.110,1.501,0.923
994.531,0.108,1.502,0.927
994.642,0.107,1.502,0.930
994.754,0.105,1.501,0.934
994.864,0.104,1.501,0.936
994.976,0.104,1.502,0.937
995.086,0.102,1.501,0.939
995.198,0.101,1.501,0.941
995.309,0.101,1.502,0.942
995.420,0.100,1.501,0.944
995.532,0.098,1.500,0.946
995.642,0.099,1.500,0.949
995.753,0.102,1.498,0.950
995.864,0.102,1.499,0.949
995.976,0.100,1.498,0.948
996.087,0.099,1.497,0.948
996.198,0.098,1.497,0.948
996.308,0.098,1.497,0.947
996.420,0.097,1.497,0.946
996.531,0.098,1.497,0.945
996.642,0.106,1.497,0.943
996.753,0.124,1.497,0.940
996.864,0.147,1.499,0.941
996.975,0.172,1.501,0.947
997.086,0.193,1.503,0.951
997.198,0.206,1.503,0.955
997.308,0.213,1.501,0.957
997.421,0.214,1.500,0.955
997.534,0.213,1.497,0.947
997.642,0.210,1.494,0.936
997.753,0.206,1.492,0.924
997.864,0.193,1.492,0.910
997.975,0.168,1.493,0.893
998.087,0.134,1.497,0.869
998.198,0.094,1.504,0.837
998.308,0.056,1.509,0.799
998.420,0.024,1.514,0.762
998.531,0.000,1.514,0.729
998.642,-0.016,1.514,0.705
998.753,-0.029,1.515,0.690
998.864,-0.037,1.515,0.686
998.975,-0.037,1.516,0.693
999.086,-0.030,1.515,0.705
999.197,-0.021,1.513,0.718
999.308,-0.015,1.511,0.731
999.419,-0.014,1.509,0.747
999.531,-0.013,1.506,0.766
999.642,-0.009,1.502,0.790
999.753,-0.003,1.502,0.816
999.864,0.002,1.500,0.839
999.975,0.007,1.501,0.853
1000.087,0.008,1.505,0.864
1000.198,-0.007,1.500,0.887
1000.309,-0.037,1.505,0.919
1000.420,-0.077,1.516,0.949
1000.531,-0.118,1.526,0.969
1000.641,-0.155,1.529,0.983
1000.752,-0.191,1.529,0.996
1000.864,-0.225,1.527,1.010
1000.974,-0.255,1.526,1.031
1001.086,-0.278,1.524,1.057
1001.197,-0.295,1.526,1.087
1001.308,-0.305,1.521,1.127
1001.419,-0.308,1.512,1.176
1001.530,-0.304,1.504,1.236
1001.641,-0.293,1.509,1.305
1001.752,-0.281,1.517,1.373
1001.863,-0.274,1.512,1.436
1001.975,-0.277,1.513,1.489
1002.086,-0.294,1.507,1.543
1002.197,-0.316,1.499,1.600
1002.308,-0.343,1.486,1.666
1002.419,-0.373,1.482,1.740
1002.530,-0.408,1.497,1.822
1002.641,-0.437,1.505,1.903
1002.752,-0.457,1.507,1.979
1002.864,-0.479,1.510,2.052
1002.975,-0.505,1.503,2.128
1003.086,-0.532,1.492,2.205
1003.197,-0.550,1.483,2.285
1003.308,-0.565,1.499,2.372
1003.420,-0.581,1.507,2.457
1003.530,-0.600,1.514,2.535
1003.641,-0.622,1.511,2.610
1003.745,-0.648,1.502,2.682
1003.856,-0.680,1.493,2.752
1003.966,-0.718,1.510,2.821
1004.078,-0.751,1.516,2.890
1004.196,-0.774,1.515,2.954
1004.308,-0.795,1.517,3.013
1004.419,-0.811,1.514,3.074
1004.530,-0.815,1.506,3.145
1004.640,-0.806,1.491,3.219
1004.752,-0.793,1.497,3.298
1004.864,-0.784,1.509,3.373
1004.974,-0.783,1.512,3.444
1005.086,-0.782,1.518,3.514
1005.197,-0.779,1.512,3.586
1005.308,-0.777,1.502,3.663
1005.419,-0.778,1.490,3.742
1005.531,-0.779,1.498,3.822
1005.642,-0.771,1.507,3.893
1005.753,-0.757,1.507,3.938
1005.865,-0.748,1.508,3.967
1005.976,-0.747,1.506,3.990
1006.087,-0.744,1.501,4.016
1006.198,-0.735,1.500,4.052
1006.309,-0.721,1.506,4.099
1006.420,-0.701,1.509,4.162
1006.531,-0.684,1.513,4.232
1006.642,-0.675,1.513,4.302
1006.753,-0.676,1.508,4.375
1006.865,-0.685,1.502,4.446
1006.975,-0.697,1.506,4.516
1007.087,-0.699,1.505,4.577
1007.198,-0.692,1.500,4.621
1007.309,-0.680,1.498,4.653
1007.420,-0.661,1.493,4.676
1007.531,-0.634,1.491,4.692
1007.642,-0.598,1.486,4.702
1007.753,-0.551,1.481,4.706
1007.865,-0.490,1.476,4.702
1007.976,-0.420,1.473,4.690
1008.087,-0.350,1.479,4.674
1008.198,-0.282,1.481,4.664
1008.309,-0.216,1.480,4.656
1008.421,-0.156,1.478,4.646
1008.531,-0.104,1.469,4.637
1008.642,-0.061,1.453,4.630
1008.753,-0.033,1.435,4.630
1008.865,-0.018,1.429,4.639
1008.976,-0.014,1.431,4.658
1009.087,-0.022,1.437,4.686
1009.198,-0.039,1.444,4.724
1009.309,-0.069,1.449,4.765
1009.419,-0.106,1.455,4.809
1009.531,-0.152,1.459,4.847
1009.642,-0.200,1.459,4.878
1009.753,-0.252,1.460,4.910
1009.864,-0.302,1.459,4.948
1009.976,-0.346,1.452,4.987
1010.086,-0.383,1.450,5.023
1010.198,-0.413,1.452,5.056
1010.309,-0.438,1.461,5.091
1010.420,-0.459,1.472,5.125
1010.531,-0.474,1.482,5.157
1010.642,-0.479,1.493,5.193
1010.753,-0.476,1.494,5.234
1010.864,-0.463,1.485,5.278
1010.975,-0.445,1.481,5.324
1011.086,-0.435,1.495,5.374
1011.197,-0.438,1.503,5.425
1011.308,-0.445,1.505,5.472
1011.420,-0.453,1.503,5.519
1011.531,-0.463,1.502,5.568
1011.642,-0.477,1.497,5.619
1011.753,-0.495,1.507,5.672
1011.864,-0.513,1.509,5.720
1011.975,-0.525,1.510,5.761
1012.087,-0.532,1.517,5.799
1012.198,-0.533,1.522,5.838
1012.309,-0.530,1.522,5.883
1012.420,-0.521,1.516,5.935
1012.531,-0.505,1.506,5.993
1012.642,-0.483,1.503,6.055
1012.753,-0.466,1.508,6.120
1012.864,-0.460,1.505,6.184
1012.975,-0.464,1.502,6.244
1013.086,-0.474,1.500,6.299
1013.198,-0.491,1.493,6.353
1013.309,-0.517,1.483,6.408
1013.420,-0.552,1.479,6.464
1013.531,-0.594,1.493,6.519
1013.642,-0.631,1.492,6.577
1013.753,-0.661,1.490,6.629
1013.865,-0.686,1.491,6.674
1013.975,-0.682,1.491,6.717
1014.087,-0.663,1.496,6.747
1014.198,-0.639,1.499,6.763
1014.309,-0.621,1.502,6.773
1014.420,-0.606,1.511,6.769
1014.531,-0.596,1.515,6.750
1014.642,-0.592,1.507,6.720
1014.754,-0.586,1.497,6.687
1014.865,-0.576,1.490,6.655
1014.976,-0.562,1.486,6.618
1015.087,-0.546,1.478,6.580
1015.198,-0.526,1.480,6.540
1015.309,-0.504,1.483,6.502
1015.420,-0.478,1.488,6.468
1015.531,-0.450,1.492,6.440
1015.642,-0.425,1.496,6.420
1015.753,-0.408,1.500,6.404
1015.864,-0.393,1.501,6.395
1015.976,-0.380,1.503,6.391
1016.087,-0.370,1.503,6.391
1016.198,-0.363,1.507,6.394
1016.309,-0.354,1.511,6.397
1016.420,-0.344,1.511,6.396
1016.531,-0.335,1.510,6.394
1016.642,-0.330,1.509,6.391
1016.754,-0.328,1.509,6.379
1016.865,-0.333,1.520,6.354
1016.976,-0.348,1.535,6.330
1017.087,-0.365,1.547,6.315
1017.198,-0.379,1.560,6.308
1017.309,-0.390,1.572,6.307
1017.420,-0.399,1.579,6.309
1017.531,-0.405,1.584,6.311
1017.642,-0.413,1.588,6.315
1017.754,-0.422,1.593,6.322
1017.864,-0.427,1.595,6.330
1017.976,-0.430,1.594,6.338
1018.087,-0.428,1.593,6.346
1018.198,-0.423,1.591,6.348
1018.309,-0.420,1.587,6.346
1018.419,-0.420,1.584,6.349
1018.531,-0.419,1.581,6.355
1018.641,-0.416,1.577,6.362
1018.752,-0.415,1.571,6.372
1018.863,-0.412,1.562,6.383
1018.974,-0.413,1.554,6.385
1019.086,-0.421,1.546,6.374
1019.197,-0.431,1.539,6.356
1019.308,-0.438,1.527,6.329
1019.420,-0.428,1.509,6.290
1019.530,-0.400,1.504,6.260
1019.641,-0.361,1.500,6.242
1019.752,-0.321,1.497,6.238
1019.864,-0.284,1.495,6.244
1019.975,-0.251,1.493,6.256
1020.086,-0.225,1.494,6.271
1020.197,-0.205,1.495,6.286
1020.308,-0.189,1.494,6.298
1020.420,-0.175,1.495,6.308
1020.531,-0.160,1.497,6.317
1020.642,-0.147,1.496,6.329
1020.753,-0.138,1.488,6.336
1020.864,-0.134,1.485,6.328
1020.975,-0.139,1.483,6.316
1021.086,-0.154,1.484,6.310
1021.197,-0.174,1.487,6.309
1021.308,-0.201,1.492,6.313
1021.419,-0.237,1.496,6.324
1021.531,-0.281,1.501,6.343
1021.641,-0.339,1.505,6.371
1021.753,-0.412,1.507,6.408
1021.864,-0.493,1.504,6.455
1021.975,-0.578,1.503,6.508
1022.086,-0.656,1.500,6.561
1022.197,-0.722,1.505,6.609
1022.308,-0.779,1.512,6.647
1022.420,-0.832,1.513,6.675
1022.531,-0.884,1.513,6.692
1022.642,-0.936,1.504,6.699
1022.753,-0.991,1.493,6.698
1022.864,-1.047,1.502,6.690
1022.975,-1.097,1.505,6.691
1023.086,-1.142,1.506,6.704
1023.198,-1.191,1.507,6.720
1023.308,-1.240,1.499,6.739
1023.419,-1.291,1.494,6.761
1023.531,-1.337,1.502,6.786
1023.642,-1.377,1.509,6.805
1023.753,-1.409,1.513,6.814
1023.864,-1.430,1.515,6.816
1023.975,-1.439,1.517,6.809
1024.086,-1.439,1.516,6.796
1024.197,-1.433,1.516,6.775
1024.308,-1.420,1.515,6.746
1024.419,-1.400,1.512,6.710
1024.531,-1.380,1.512,6.671
1024.642,-1.359,1.508,6.635
1024.753,-1.338,1.505,6.604
1024.864,-1.317,1.503,6.575
1024.975,-1.296,1.500,6.546
1025.086,-1.278,1.499,6.517
1025.197,-1.267,1.502,6.486
1025.308,-1.262,1.502,6.451
1025.420,-1.259,1.497,6.409
1025.531,-1.259,1.488,6.361
1025.641,-1.260,1.488,6.309
1025.753,-1.262,1.507,6.253
1025.864,-1.264,1.506,6.196
1025.975,-1.268,1.499,6.145
1026.086,-1.274,1.496,6.102
1026.197,-1.282,1.489,6.060
1026.308,-1.287,1.483,6.019
1026.419,-1.286,1.477,5.976
1026.531,-1.274,1.474,5.924
1026.641,-1.252,1.479,5.863
1026.753,-1.229,1.478,5.804
1026.864,-1.214,1.473,5.757
1026.975,-1.205,1.476,5.718
1027.086,-1.201,1.470,5.683
1027.197,-1.199,1.466,5.652
1027.308,-1.201,1.465,5.621
1027.419,-1.207,1.467,5.579
1027.531,-1.216,1.463,5.530
1027.641,-1.228,1.464,5.475
1027.753,-1.243,1.483,5.414
1027.864,-1.260,1.487,5.354
1027.975,-1.271,1.489,5.298
1028.086,-1.276,1.498,5.242
1028.198,-1.279,1.494,5.180
1028.308,-1.278,1.488,5.116
1028.420,-1.272,1.479,5.050
1028.531,-1.260,1.480,4.981
1028.642,-1.244,1.499,4.909
1028.753,-1.235,1.498,4.835
1028.865,-1.231,1.503,4.768
1028.975,-1.229,1.502,4.700
1029.086,-1.231,1.494,4.629
1029.198,-1.240,1.485,4.558
1029.308,-1.256,1.489,4.488
1029.420,-1.272,1.505,4.420
1029.531,-1.288,1.504,4.352
1029.642,-1.310,1.504,4.285
1029.753,-1.337,1.498,4.218
1029.865,-1.363,1.490,4.151
1029.976,-1.382,1.481,4.082
1030.087,-1.393,1.482,4.009
1030.198,-1.405,1.493,3.938
1030.309,-1.423,1.493,3.874
1030.420,-1.440,1.495,3.820
1030.531,-1.457,1.493,3.771
1030.642,-1.478,1.486,3.722
1030.753,-1.505,1.474,3.675
1030.864,-1.538,1.472,3.629
1030.975,-1.575,1.488,3.586
1031.087,-1.613,1.490,3.545
1031.198,-1.647,1.492,3.509
1031.309,-1.678,1.497,3.476
1031.420,-1.710,1.496,3.442
1031.531,-1.742,1.494,3.404
1031.642,-1.774,1.489,3.362
1031.752,-1.807,1.489,3.317
1031.864,-1.847,1.498,3.276
1031.975,-1.883,1.495,3.250
1032.086,-1.905,1.492,3.236
1032.197,-1.910,1.490,3.230
1032.308,-1.899,1.491,3.224
1032.419,-1.878,1.494,3.218
1032.530,-1.847,1.495,3.212
1032.641,-1.806,1.502,3.200
1032.752,-1.762,1.503,3.185
1032.864,-1.718,1.504,3.169
1032.974,-1.676,1.498,3.153
1033.086,-1.635,1.497,3.135
1033.197,-1.598,1.499,3.117
1033.308,-1.566,1.504,3.097
1033.420,-1.542,1.506,3.080
1033.531,-1.525,1.505,3.063
1033.641,-1.521,1.504,3.049
1033.753,-1.529,1.509,3.041
1033.864,-1.542,1.512,3.043
1033.975,-1.552,1.513,3.051
1034.086,-1.561,1.512,3.064
1034.197,-1.569,1.511,3.075
1034.308,-1.569,1.509,3.086
1034.420,-1.559,1.507,3.100
1034.531,-1.534,1.505,3.127
1034.642,-1.508,1.504,3.170
1034.753,-1.490,1.503,3.223
1034.865,-1.479,1.501,3.282
1034.975,-1.472,1.503,3.338
1035.087,-1.461,1.505,3.391
1035.198,-1.443,1.501,3.440
1035.309,-1.414,1.490,3.489
1035.420,-1.377,1.479,3.539
1035.531,-1.339,1.487,3.593
1035.641,-1.314,1.492,3.650
1035.752,-1.306,1.493,3.700
1035.863,-1.303,1.490,3.738
1035.974,-1.302,1.488,3.770
1036.086,-1.300,1.488,3.806
1036.197,-1.298,1.481,3.850
1036.307,-1.299,1.472,3.904
1036.419,-1.303,1.472,3.968
1036.530,-1.308,1.482,4.037
1036.641,-1.309,1.483,4.105
1036.752,-1.301,1.489,4.168
1036.864,-1.288,1.501,4.227
1036.975,-1.272,1.500,4.285
1037.086,-1.251,1.499,4.339
1037.197,-1.223,1.520,4.391
1037.308,-1.191,1.545,4.442
1037.419,-1.167,1.555,4.492
1037.531,-1.149,1.561,4.539
1037.642,-1.138,1.559,4.586
1037.753,-1.130,1.556,4.637
1037.864,-1.125,1.549,4.692
1037.975,-1.125,1.539,4.753
1038.086,-1.134,1.525,4.819
1038.197,-1.152,1.523,4.889
1038.308,-1.171,1.514,4.958
1038.419,-1.184,1.501,5.021
1038.531,-1.195,1.504,5.080
1038.641,-1.209,1.498,5.137
1038.753,-1.223,1.491,5.198
1038.864,-1.234,1.483,5.265
1038.975,-1.241,1.476,5.337
1039.086,-1.247,1.486,5.409
1039.197,-1.258,1.491,5.475
1039.308,-1.270,1.496,5.533
1039.419,-1.284,1.494,5.589
1039.531,-1.301,1.488,5.646
1039.641,-1.321,1.479,5.704
1039.753,-1.345,1.473,5.765
1039.864,-1.373,1.482,5.829
1039.975,-1.402,1.491,5.893
1040.086,-1.426,1.487,5.951
1040.197,-1.450,1.494,6.002
1040.308,-1.473,1.488,6.045
1040.419,-1.490,1.486,6.086
1040.531,-1.501,1.483,6.129
1040.641,-1.505,1.487,6.177
1040.753,-1.510,1.492,6.226
1040.864,-1.515,1.489,6.267
1040.975,-1.521,1.488,6.300
1041.086,-1.526,1.489,6.324
1041.197,-1.529,1.488,6.341
1041.308,-1.533,1.491,6.351
1041.419,-1.538,1.492,6.354
1041.531,-1.544,1.493,6.353
1041.641,-1.551,1.493,6.348
1041.753,-1.558,1.494,6.341
1041.864,-1.566,1.495,6.334
1041.975,-1.573,1.499,6.332
1042.086,-1.582,1.505,6.335
1042.198,-1.590,1.510,6.336
1042.308,-1.598,1.511,6.334
1042.419,-1.607,1.504,6.330
1042.531,-1.616,1.495,6.327
1042.642,-1.623,1.493,6.325
1042.753,-1.632,1.487,6.330
1042.864,-1.644,1.484,6.341
1042.975,-1.653,1.482,6.361
1043.086,-1.654,1.478,6.404
1043.198,-1.648,1.480,6.458
1043.308,-1.643,1.485,6.517
1043.420,-1.639,1.485,6.579
1043.531,-1.636,1.486,6.634
1043.641,-1.635,1.486,6.671
1043.753,-1.634,1.487,6.685
1043.864,-1.627,1.487,6.681
1043.975,-1.610,1.488,6.663
1044.087,-1.584,1.492,6.640
1044.198,-1.553,1.492,6.618
1044.308,-1.520,1.490,6.599
1044.420,-1.489,1.490,6.581
1044.531,-1.461,1.490,6.563
1044.641,-1.436,1.490,6.544
1044.753,-1.408,1.493,6.521
1044.864,-1.379,1.496,6.491
1044.975,-1.348,1.500,6.455
1045.086,-1.317,1.501,6.419
1045.198,-1.289,1.500,6.390
1045.308,-1.263,1.504,6.367
1045.420,-1.239,1.504,6.349
1045.531,-1.217,1.503,6.331
1045.642,-1.197,1.502,6.310
1045.753,-1.179,1.499,6.285
1045.864,-1.167,1.498,6.254
1045.976,-1.158,1.504,6.218
1046.087,-1.149,1.513,6.178
1046.198,-1.142,1.515,6.139
1046.309,-1.135,1.515,6.098
1046.420,-1.131,1.517,6.049
1046.531,-1.133,1.520,5.994
1046.642,-1.140,1.519,5.938
1046.754,-1.149,1.514,5.885
1046.864,-1.161,1.505,5.836
1046.975,-1.165,1.498,5.796
1047.086,-1.153,1.506,5.758
1047.197,-1.135,1.514,5.716
1047.308,-1.121,1.513,5.672
1047.419,-1.116,1.505,5.630
1047.531,-1.118,1.503,5.587
1047.642,-1.126,1.496,5.539
1047.753,-1.140,1.487,5.490
1047.864,-1.160,1.480,5.440
1047.975,-1.186,1.481,5.387
1048.087,-1.214,1.495,5.334
1048.198,-1.234,1.506,5.282
1048.309,-1.245,1.511,5.230
1048.420,-1.249,1.514,5.180
1048.531,-1.250,1.513,5.132
1048.641,-1.250,1.510,5.080
1048.753,-1.250,1.502,5.024
1048.864,-1.246,1.497,4.963
1048.975,-1.239,1.503,4.900
1049.086,-1.232,1.505,4.842
1049.197,-1.227,1.507,4.792
1049.308,-1.220,1.510,4.749
1049.420,-1.211,1.509,4.706
1049.531,-1.205,1.507,4.662
1049.642,-1.202,1.503,4.616
1049.753,-1.208,1.494,4.570
1049.864,-1.218,1.490,4.522
1049.975,-1.227,1.501,4.471
1050.086,-1.239,1.504,4.417
1050.198,-1.253,1.490,4.370
1050.309,-1.275,1.485,4.332
1050.420,-1.300,1.485,4.308
1050.531,-1.319,1.483,4.297
1050.642,-1.328,1.483,4.292
1050.753,-1.327,1.482,4.285
1050.864,-1.322,1.486,4.273
1050.975,-1.315,1.480,4.257
1051.086,-1.305,1.478,4.242
1051.198,-1.297,1.481,4.232
1051.308,-1.292,1.482,4.227
1051.419,-1.290,1.484,4.226
1051.531,-1.290,1.484,4.227
1051.642,-1.291,1.483,4.228
1051.753,-1.293,1.484,4.232
1051.864,-1.296,1.484,4.242
1051.975,-1.301,1.483,4.258
1052.086,-1.305,1.483,4.283
1052.197,-1.310,1.485,4.320
1052.308,-1.313,1.491,4.366
1052.420,-1.314,1.493,4.418
1052.531,-1.314,1.497,4.467
1052.642,-1.317,1.506,4.509
1052.753,-1.330,1.507,4.546
1052.864,-1.353,1.500,4.583
1052.975,-1.384,1.489,4.620
1053.086,-1.423,1.481,4.659
1053.197,-1.469,1.482,4.700
1053.308,-1.519,1.495,4.741
1053.419,-1.565,1.492,4.782
1053.531,-1.600,1.491,4.818
1053.642,-1.627,1.485,4.843
1053.753,-1.644,1.483,4.857
1053.864,-1.652,1.484,4.864
1053.975,-1.654,1.489,4.867
1054.086,-1.655,1.485,4.868
1054.197,-1.659,1.480,4.868
1054.308,-1.665,1.477,4.869
1054.420,-1.673,1.472,4.871
1054.530,-1.684,1.467,4.874
1054.641,-1.695,1.463,4.880
1054.753,-1.707,1.461,4.888
1054.864,-1.717,1.457,4.897
1054.975,-1.726,1.453,4.909
1055.086,-1.735,1.450,4.921
1055.197,-1.743,1.449,4.933
1055.308,-1.749,1.446,4.946
1055.419,-1.758,1.441,4.962
1055.530,-1.768,1.433,4.979
1055.641,-1.776,1.425,4.993
1055.752,-1.780,1.418,5.004
1055.864,-1.783,1.414,5.013
1055.974,-1.785,1.409,5.023
1056.086,-1.787,1.402,5.033
1056.197,-1.788,1.399,5.040
1056.308,-1.788,1.399,5.046
1056.419,-1.783,1.400,5.055
1056.531,-1.778,1.399,5.068
1056.641,-1.770,1.405,5.082
1056.753,-1.757,1.417,5.097
1056.864,-1.733,1.428,5.110
1056.975,-1.707,1.444,5.129
1057.086,-1.682,1.455,5.147
1057.197,-1.660,1.458,5.159
1057.308,-1.642,1.458,5.164
1057.420,-1.627,1.457,5.168
1057.531,-1.620,1.459,5.174
1057.641,-1.617,1.461,5.179
1057.752,-1.617,1.463,5.185
1057.864,-1.622,1.462,5.190
1057.975,-1.633,1.460,5.194
1058.086,-1.649,1.458,5.193
1058.197,-1.669,1.456,5.190
1058.308,-1.693,1.453,5.186
1058.419,-1.719,1.448,5.181
1058.531,-1.744,1.444,5.175
1058.641,-1.765,1.439,5.169
1058.753,-1.781,1.435,5.164
1058.864,-1.791,1.433,5.159
1058.975,-1.798,1.432,5.155
1059.086,-1.801,1.432,5.152
1059.197,-1.803,1.434,5.150
1059.308,-1.802,1.435,5.150
1059.419,-1.800,1.436,5.151
1059.531,-1.797,1.438,5.152
1059.641,-1.791,1.442,5.155
1059.752,-1.781,1.445,5.157
1059.864,-1.771,1.448,5.160
1059.975,-1.761,1.451,5.162
1060.086,-1.752,1.454,5.163
1060.197,-1.744,1.455,5.165
1060.308,-1.739,1.456,5.166
1060.419,-1.736,1.456,5.167
1060.530,-1.735,1.456,5.168
1060.641,-1.736,1.455,5.168
1060.752,-1.739,1.453,5.168
1060.864,-1.742,1.452,5.168
1060.975,-1.747,1.450,5.167
1061.086,-1.752,1.449,5.167
1061.198,-1.758,1.448,5.166
1061.308,-1.764,1.447,5.165
1061.419,-1.770,1.446,5.165
1061.530,-1.776,1.444,5.165
1061.641,-1.784,1.443,5.165
1061.752,-1.792,1.441,5.166
1061.864,-1.798,1.442,5.166
1061.974,-1.798,1.448,5.168
1062.086,-1.789,1.452,5.169
1062.197,-1.773,1.456,5.169
1062.307,-1.750,1.459,5.168
1062.419,-1.730,1.463,5.166
1062.530,-1.714,1.465,5.165
1062.641,-1.703,1.466,5.165
1062.753,-1.695,1.467,5.164
1062.864,-1.692,1.468,5.166
1062.974,-1.691,1.468,5.168
1063.086,-1.691,1.468,5.170
1063.197,-1.689,1.469,5.172
1063.308,-1.686,1.470,5.177
1063.419,-1.680,1.470,5.184
1063.530,-1.671,1.468,5.193
1063.641,-1.662,1.466,5.205
1063.752,-1.655,1.464,5.212
1063.864,-1.649,1.463,5.216
1063.974,-1.643,1.461,5.222
1064.086,-1.638,1.457,5.227
1064.197,-1.632,1.455,5.229
1064.308,-1.628,1.453,5.225
1064.419,-1.625,1.455,5.214
1064.530,-1.619,1.457,5.200
1064.641,-1.612,1.461,5.183
1064.750,-1.606,1.463,5.163
1064.862,-1.598,1.464,5.139
1064.973,-1.587,1.467,5.113
1065.084,-1.571,1.470,5.085
1065.195,-1.552,1.471,5.060
1065.306,-1.536,1.469,5.039
1065.418,-1.524,1.469,5.021
1065.529,-1.518,1.471,5.008
1065.640,-1.517,1.470,4.998
1065.751,-1.522,1.468,4.992
1065.862,-1.532,1.467,4.990
1065.973,-1.540,1.466,4.990
1066.085,-1.546,1.465,4.988
1066.196,-1.550,1.464,4.985
1066.307,-1.553,1.462,4.978
1066.418,-1.562,1.462,4.970
1066.530,-1.577,1.461,4.963
1066.641,-1.598,1.458,4.958
1066.752,-1.622,1.453,4.958
1066.863,-1.652,1.449,4.960
1066.974,-1.686,1.449,4.962
1067.085,-1.719,1.446,4.962
1067.196,-1.745,1.443,4.961
1067.308,-1.763,1.442,4.959
1067.419,-1.772,1.440,4.955
1067.530,-1.767,1.453,4.941
1067.641,-1.744,1.480,4.925
1067.752,-1.714,1.497,4.915
1067.864,-1.685,1.502,4.903
1067.975,-1.651,1.507,4.888
1068.086,-1.611,1.508,4.874
1068.197,-1.567,1.513,4.861
1068.308,-1.514,1.523,4.851
1068.420,-1.461,1.526,4.844
1068.531,-1.415,1.526,4.839
1068.642,-1.381,1.529,4.837
1068.753,-1.356,1.528,4.835
1068.864,-1.345,1.529,4.825
1068.975,-1.341,1.527,4.809
1069.086,-1.343,1.531,4.788
1069.198,-1.342,1.533,4.763
1069.309,-1.337,1.533,4.742
1069.420,-1.333,1.533,4.725
1069.531,-1.326,1.532,4.710
1069.642,-1.318,1.530,4.700
1069.753,-1.306,1.526,4.695
1069.864,-1.289,1.522,4.697
1069.975,-1.270,1.515,4.708
1070.087,-1.254,1.509,4.728
1070.198,-1.242,1.508,4.760
1070.309,-1.239,1.509,4.804
1070.420,-1.244,1.511,4.863
1070.531,-1.254,1.516,4.931
1070.642,-1.261,1.517,5.000
1070.753,-1.263,1.518,5.063
1070.864,-1.258,1.518,5.122
1070.975,-1.250,1.514,5.175
1071.086,-1.236,1.509,5.227
1071.198,-1.215,1.503,5.279
1071.309,-1.184,1.497,5.332
1071.419,-1.144,1.509,5.391
1071.531,-1.101,1.518,5.454
1071.642,-1.067,1.521,5.516
1071.753,-1.043,1.522,5.573
1071.864,-1.026,1.517,5.630
1071.975,-1.018,1.510,5.690
1072.086,-1.018,1.503,5.756
1072.197,-1.028,1.496,5.827
1072.308,-1.042,1.503,5.902
1072.420,-1.052,1.503,5.971
1072.531,-1.061,1.506,6.034
1072.642,-1.069,1.502,6.096
1072.753,-1.079,1.492,6.163
1072.864,-1.088,1.482,6.233
1072.975,-1.092,1.475,6.306
1073.086,-1.096,1.491,6.379
1073.197,-1.104,1.504,6.446
1073.309,-1.121,1.500,6.503
1073.420,-1.142,1.501,6.549
1073.531,-1.167,1.497,6.592
1073.642,-1.193,1.491,6.636
1073.753,-1.224,1.485,6.680
1073.864,-1.258,1.495,6.722
1073.975,-1.293,1.501,6.762
1074.086,-1.327,1.499,6.804
1074.198,-1.356,1.501,6.844
1074.308,-1.384,1.497,6.883
1074.419,-1.404,1.494,6.924
1074.531,-1.420,1.497,6.965
1074.641,-1.438,1.497,7.003
1074.753,-1.451,1.493,7.033
1074.862,-1.460,1.491,7.054
1074.973,-1.464,1.491,7.068
1075.086,-1.465,1.490,7.079
1075.197,-1.464,1.489,7.085
1075.308,-1.460,1.487,7.088
1075.419,-1.454,1.487,7.087
1075.531,-1.449,1.487,7.083
1075.641,-1.446,1.487,7.075
1075.753,-1.444,1.486,7.067
1075.864,-1.442,1.486,7.059
1075.975,-1.440,1.486,7.050
1076.086,-1.439,1.487,7.035
1076.197,-1.437,1.486,7.015
1076.308,-1.435,1.485,6.993
1076.419,-1.433,1.485,6.969
1076.530,-1.432,1.486,6.949
1076.641,-1.431,1.484,6.940
1076.752,-1.431,1.484,6.938
1076.863,-1.432,1.483,6.942
1076.975,-1.434,1.482,6.947
1077.086,-1.436,1.482,6.952
1077.197,-1.437,1.481,6.957
1077.308,-1.437,1.481,6.962
1077.419,-1.437,1.481,6.966
1077.530,-1.436,1.480,6.969
1077.641,-1.436,1.480,6.969
1077.752,-1.436,1.480,6.969
1077.864,-1.436,1.480,6.967
1077.975,-1.436,1.481,6.963
1078.086,-1.436,1.481,6.958
1078.197,-1.436,1.481,6.950
1078.308,-1.436,1.481,6.941
1078.419,-1.436,1.480,6.929
1078.531,-1.437,1.480,6.917
1078.642,-1.437,1.481,6.900
1078.753,-1.435,1.487,6.868
1078.864,-1.424,1.497,6.824
1078.974,-1.405,1.505,6.784
1079.086,-1.388,1.509,6.753
1079.197,-1.374,1.512,6.727
1079.308,-1.365,1.514,6.704
1079.419,-1.369,1.509,6.681
1079.531,-1.383,1.500,6.654
1079.641,-1.399,1.493,6.621
1079.753,-1.416,1.487,6.582
1079.864,-1.438,1.487,6.536
1079.975,-1.462,1.489,6.487
1080.086,-1.484,1.485,6.441
1080.197,-1.498,1.475,6.404
1080.308,-1.503,1.473,6.378
1080.419,-1.499,1.473,6.364
1080.531,-1.489,1.476,6.355
1080.642,-1.476,1.478,6.347
1080.753,-1.464,1.476,6.341
1080.864,-1.454,1.477,6.337
1080.975,-1.444,1.477,6.335
1081.086,-1.435,1.478,6.331
1081.197,-1.426,1.478,6.325
1081.308,-1.418,1.477,6.319
1081.419,-1.408,1.477,6.310
1081.531,-1.397,1.476,6.299
1081.642,-1.383,1.474,6.285
1081.753,-1.368,1.472,6.269
1081.864,-1.348,1.473,6.250
1081.975,-1.319,1.481,6.225
1082.086,-1.286,1.492,6.202
1082.197,-1.259,1.501,6.178
1082.308,-1.236,1.505,6.150
1082.419,-1.216,1.506,6.118
1082.531,-1.199,1.499,6.081
1082.642,-1.187,1.495,6.035
1082.753,-1.174,1.504,5.985
1082.864,-1.156,1.510,5.938
1082.975,-1.134,1.507,5.908
1083.087,-1.117,1.510,5.893
1083.198,-1.107,1.512,5.887
1083.309,-1.098,1.511,5.886
1083.420,-1.083,1.508,5.886
1083.531,-1.060,1.509,5.881
1083.642,-1.028,1.506,5.874
1083.753,-0.986,1.498,5.863
1083.865,-0.937,1.499,5.850
1083.976,-0.891,1.499,5.836
1084.087,-0.849,1.501,5.818
1084.198,-0.813,1.503,5.797
1084.309,-0.777,1.502,5.770
1084.420,-0.741,1.491,5.724
1084.531,-0.710,1.482,5.674
1084.642,-0.681,1.474,5.625
1084.753,-0.652,1.473,5.569
1084.865,-0.625,1.482,5.510
1084.975,-0.606,1.486,5.460
1085.087,-0.591,1.490,5.413
1085.198,-0.583,1.500,5.365
1085.309,-0.584,1.508,5.312
1085.420,-0.587,1.509,5.259
1085.531,-0.579,1.507,5.210
1085.642,-0.557,1.499,5.161
1085.753,-0.522,1.509,5.109
1085.864,-0.477,1.520,5.057
1085.975,-0.436,1.519,5.009
1086.087,-0.400,1.517,4.967
1086.198,-0.370,1.511,4.928
1086.309,-0.351,1.506,4.884
1086.420,-0.343,1.497,4.837
1086.531,-0.347,1.488,4.787
1086.642,-0.359,1.493,4.732
1086.754,-0.375,1.509,4.673
1086.865,-0.391,1.512,4.615
1086.976,-0.407,1.511,4.562
1087.087,-0.423,1.514,4.512
1087.198,-0.440,1.511,4.462
1087.309,-0.458,1.508,4.411
1087.420,-0.476,1.508,4.359
1087.531,-0.492,1.506,4.303
1087.642,-0.504,1.510,4.244
1087.753,-0.519,1.519,4.188
1087.864,-0.539,1.518,4.143
1087.975,-0.558,1.516,4.115
1088.087,-0.573,1.514,4.096
1088.198,-0.589,1.510,4.079
1088.308,-0.607,1.508,4.065
1088.420,-0.628,1.504,4.058
1088.531,-0.655,1.499,4.053
1088.642,-0.692,1.498,4.049
1088.753,-0.735,1.495,4.042
1088.864,-0.779,1.493,4.038
1088.975,-0.820,1.500,4.042
1089.086,-0.848,1.502,4.047
1089.197,-0.870,1.502,4.049
1089.309,-0.889,1.505,4.050
1089.420,-0.913,1.504,4.052
1089.531,-0.939,1.502,4.053
1089.642,-0.967,1.498,4.049
1089.753,-0.996,1.504,4.043
1089.864,-1.031,1.508,4.041
1089.975,-1.068,1.508,4.047
1090.085,-1.101,1.505,4.062
1090.197,-1.128,1.504,4.085
1090.309,-1.149,1.505,4.115
1090.419,-1.164,1.503,4.152
1090.531,-1.172,1.497,4.195
1090.641,-1.175,1.495,4.247
1090.753,-1.176,1.502,4.304
1090.864,-1.174,1.508,4.358
1090.975,-1.171,1.511,4.405
1091.086,-1.168,1.512,4.448
1091.197,-1.167,1.509,4.488
1091.308,-1.170,1.507,4.531
1091.419,-1.180,1.501,4.577
1091.530,-1.195,1.494,4.630
1091.641,-1.213,1.493,4.690
1091.752,-1.229,1.504,4.754
1091.864,-1.234,1.507,4.809
1091.975,-1.225,1.504,4.851
1092.087,-1.216,1.501,4.881
1092.197,-1.207,1.495,4.908
1092.309,-1.193,1.494,4.938
1092.420,-1.172,1.493,4.973
1092.531,-1.142,1.481,5.019
1092.642,-1.101,1.475,5.069
1092.753,-1.054,1.475,5.123
1092.865,-1.005,1.487,5.174
1092.976,-0.965,1.495,5.217
1093.087,-0.932,1.500,5.255
1093.198,-0.896,1.509,5.279
1093.309,-0.863,1.511,5.284
1093.421,-0.848,1.511,5.289
1093.531,-0.846,1.511,5.303
1093.642,-0.851,1.512,5.328
1093.753,-0.857,1.511,5.355
1093.864,-0.861,1.509,5.382
1093.975,-0.868,1.508,5.403
1094.086,-0.878,1.506,5.418
1094.198,-0.889,1.508,5.430
1094.308,-0.889,1.510,5.439
1094.420,-0.868,1.502,5.449
1094.531,-0.841,1.489,5.470
1094.642,-0.821,1.482,5.500
1094.753,-0.811,1.479,5.525
1094.863,-0.806,1.478,5.542
1094.974,-0.805,1.475,5.554
1095.085,-0.804,1.472,5.561
1095.196,-0.805,1.471,5.565
1095.307,-0.806,1.471,5.566
1095.418,-0.808,1.470,5.566
1095.530,-0.812,1.469,5.564
1095.641,-0.816,1.469,5.562
1095.752,-0.820,1.470,5.560
1095.863,-0.822,1.470,5.560
1095.974,-0.825,1.470,5.561
1096.085,-0.827,1.470,5.562
1096.197,-0.830,1.471,5.562
1096.308,-0.832,1.471,5.563
1096.418,-0.834,1.471,5.563
1096.530,-0.836,1.471,5.563
1096.641,-0.837,1.471,5.564
1096.752,-0.837,1.470,5.564
1096.864,-0.836,1.470,5.565
1096.975,-0.833,1.470,5.568
1097.086,-0.828,1.470,5.573
1097.197,-0.821,1.470,5.579
1097.309,-0.810,1.472,5.585
1097.419,-0.793,1.475,5.589
1097.531,-0.771,1.474,5.595
1097.642,-0.743,1.472,5.600
1097.752,-0.711,1.474,5.603
1097.863,-0.673,1.479,5.603
1097.975,-0.628,1.494,5.599
1098.086,-0.581,1.508,5.593
1098.197,-0.540,1.514,5.590
1098.308,-0.506,1.511,5.594
1098.420,-0.484,1.506,5.605
1098.531,-0.470,1.509,5.619
1098.642,-0.461,1.507,5.639
1098.752,-0.456,1.504,5.664
1098.864,-0.451,1.503,5.694
1098.975,-0.443,1.502,5.734
1099.086,-0.434,1.499,5.783
1099.197,-0.426,1.502,5.839
1099.308,-0.418,1.506,5.898
1099.419,-0.412,1.504,5.952
1099.530,-0.407,1.498,6.000
1099.641,-0.404,1.504,6.045
1099.753,-0.406,1.505,6.088
1099.864,-0.414,1.505,6.125
1099.975,-0.420,1.506,6.155
1100.086,-0.421,1.511,6.177
1100.197,-0.415,1.518,6.198
1100.308,-0.404,1.519,6.214
1100.419,-0.390,1.518,6.226
1100.530,-0.375,1.518,6.236
1100.641,-0.364,1.519,6.246
1100.752,-0.358,1.518,6.252
1100.864,-0.354,1.519,6.255
1100.975,-0.351,1.519,6.255
1101.085,-0.347,1.518,6.254
1101.197,-0.342,1.517,6.252
1101.308,-0.337,1.516,6.249
1101.419,-0.334,1.513,6.249
1101.530,-0.337,1.512,6.253
1101.641,-0.356,1.513,6.265
1101.752,-0.377,1.512,6.284
1101.863,-0.394,1.510,6.309
1101.975,-0.409,1.508,6.336
1102.086,-0.419,1.503,6.362
1102.197,-0.429,1.498,6.384
1102.308,-0.443,1.499,6.401
1102.419,-0.464,1.497,6.414
1102.530,-0.491,1.494,6.427
1102.641,-0.525,1.490,6.438
1102.752,-0.566,1.484,6.450
1102.863,-0.616,1.496,6.462
1102.975,-0.666,1.499,6.476
1103.086,-0.712,1.499,6.491
1103.197,-0.751,1.499,6.502
1103.308,-0.787,1.496,6.511
1103.419,-0.819,1.495,6.521
1103.530,-0.850,1.496,6.533
1103.641,-0.884,1.499,6.549
1103.752,-0.920,1.507,6.567
1103.864,-0.956,1.511,6.585
1103.974,-0.987,1.510,6.601
1104.086,-1.014,1.508,6.614
1104.197,-1.037,1.508,6.622
1104.307,-1.061,1.507,6.621
1104.419,-1.084,1.505,6.613
1104.530,-1.108,1.502,6.597
1104.641,-1.130,1.499,6.575
1104.752,-1.148,1.493,6.547
1104.863,-1.165,1.491,6.515
1104.974,-1.185,1.499,6.478
1105.085,-1.206,1.501,6.439
1105.197,-1.225,1.496,6.400
1105.308,-1.241,1.497,6.362
1105.418,-1.252,1.500,6.322
1105.530,-1.259,1.497,6.280
1105.641,-1.266,1.494,6.236
1105.752,-1.277,1.492,6.194
1105.864,-1.296,1.494,6.152
1105.974,-1.322,1.504,6.108
1106.086,-1.345,1.512,6.066
1106.197,-1.360,1.512,6.030
1106.308,-1.370,1.515,6.006
1106.420,-1.380,1.516,5.990
1106.530,-1.386,1.514,5.976
1106.641,-1.387,1.511,5.961
1106.752,-1.380,1.508,5.944
1106.864,-1.368,1.506,5.923
1106.975,-1.349,1.506,5.896
1107.086,-1.327,1.509,5.862
1107.197,-1.305,1.509,5.826
1107.308,-1.285,1.508,5.791
1107.419,-1.268,1.507,5.760
1107.531,-1.252,1.509,5.735
1107.642,-1.237,1.508,5.715
1107.752,-1.224,1.507,5.696
1107.864,-1.212,1.508,5.677
1107.975,-1.205,1.508,5.656
1108.086,-1.204,1.506,5.629
1108.197,-1.212,1.504,5.591
1108.308,-1.229,1.507,5.544
1108.419,-1.250,1.509,5.494
1108.531,-1.270,1.512,5.447
1108.642,-1.285,1.512,5.408
1108.753,-1.295,1.507,5.372
1108.864,-1.301,1.508,5.341
1108.975,-1.306,1.507,5.312
1109.086,-1.308,1.504,5.282
1109.197,-1.307,1.501,5.250
1109.308,-1.300,1.497,5.215
1109.420,-1.288,1.500,5.172
1109.531,-1.276,1.503,5.124
1109.642,-1.264,1.506,5.078
1109.753,-1.256,1.507,5.037
1109.864,-1.253,1.508,5.003
1109.975,-1.254,1.511,4.971
1110.086,-1.260,1.509,4.938
1110.198,-1.272,1.508,4.907
1110.308,-1.289,1.509,4.879
1110.419,-1.310,1.514,4.851
1110.531,-1.329,1.515,4.825
1110.642,-1.346,1.513,4.802
1110.753,-1.363,1.509,4.783
1110.864,-1.380,1.506,4.767
1110.975,-1.393,1.504,4.753
1111.086,-1.406,1.505,4.739
1111.197,-1.419,1.500,4.724
1111.309,-1.431,1.494,4.709
1111.420,-1.445,1.487,4.694
1111.531,-1.460,1.479,4.676
1111.642,-1.476,1.472,4.658
1111.753,-1.488,1.465,4.643
1111.865,-1.496,1.465,4.630
1111.975,-1.498,1.463,4.612
1112.087,-1.495,1.460,4.591
1112.197,-1.486,1.460,4.563
1112.308,-1.472,1.461,4.530
1112.420,-1.454,1.464,4.490
1112.531,-1.435,1.479,4.440
1112.642,-1.418,1.488,4.387
1112.753,-1.406,1.492,4.337
1112.864,-1.395,1.502,4.293
1112.975,-1.387,1.512,4.249
1113.087,-1.386,1.521,4.200
1113.198,-1.392,1.522,4.152
1113.309,-1.407,1.523,4.108
1113.420,-1.429,1.534,4.066
1113.531,-1.455,1.547,4.022
1113.643,-1.478,1.547,3.978
1113.754,-1.501,1.541,3.931
1113.865,-1.523,1.521,3.884
1113.976,-1.542,1.499,3.834
1114.087,-1.555,1.489,3.780
1114.198,-1.565,1.482,3.724
1114.309,-1.569,1.484,3.666
1114.420,-1.574,1.486,3.615
1114.531,-1.581,1.483,3.578
1114.642,-1.590,1.482,3.550
1114.754,-1.599,1.481,3.528
1114.864,-1.607,1.478,3.509
1114.976,-1.617,1.477,3.494
1115.086,-1.632,1.476,3.480
1115.198,-1.653,1.474,3.467
1115.308,-1.681,1.477,3.456
1115.420,-1.712,1.479,3.446
1115.531,-1.743,1.481,3.437
1115.642,-1.772,1.482,3.430
1115.753,-1.797,1.480,3.423
1115.865,-1.819,1.477,3.417
1115.976,-1.837,1.475,3.410
1116.087,-1.850,1.474,3.404
1116.198,-1.858,1.470,3.397
1116.309,-1.863,1.466,3.392
1116.420,-1.865,1.465,3.387
1116.531,-1.865,1.463,3.386
1116.642,-1.863,1.462,3.387
1116.753,-1.861,1.463,3.391
1116.864,-1.859,1.463,3.396
1116.975,-1.855,1.464,3.403
1117.086,-1.849,1.465,3.408
1117.198,-1.844,1.465,3.414
1117.309,-1.839,1.466,3.418
1117.420,-1.835,1.466,3.423
1117.531,-1.831,1.468,3.425
1117.642,-1.827,1.469,3.426
1117.753,-1.826,1.469,3.425
1117.864,-1.819,1.479,3.416
1117.976,-1.796,1.497,3.404
1118.087,-1.775,1.511,3.400
1118.198,-1.754,1.517,3.401
1118.309,-1.731,1.524,3.406
1118.420,-1.708,1.528,3.410
1118.531,-1.685,1.530,3.413
1118.643,-1.659,1.531,3.415
1118.753,-1.632,1.529,3.416
1118.864,-1.603,1.524,3.416
1118.975,-1.578,1.506,3.412
1119.087,-1.561,1.496,3.401
1119.198,-1.552,1.494,3.390
1119.309,-1.545,1.494,3.376
1119.419,-1.542,1.492,3.361
1119.531,-1.541,1.492,3.343
1119.642,-1.542,1.490,3.321
1119.753,-1.547,1.488,3.293
1119.864,-1.557,1.485,3.258
1119.975,-1.571,1.486,3.216
1120.086,-1.584,1.491,3.172
1120.198,-1.595,1.497,3.127
1120.309,-1.603,1.495,3.084
1120.420,-1.606,1.500,3.045
1120.531,-1.606,1.503,3.004
1120.642,-1.602,1.503,2.962
1120.753,-1.593,1.499,2.920
1120.865,-1.577,1.498,2.876
1120.975,-1.556,1.508,2.830
1121.087,-1.538,1.510,2.782
1121.197,-1.525,1.509,2.738
1121.309,-1.519,1.509,2.702
1121.420,-1.515,1.510,2.673
1121.531,-1.515,1.504,2.654
1121.642,-1.518,1.503,2.644
1121.754,-1.525,1.503,2.638
1121.864,-1.533,1.501,2.633
1121.976,-1.541,1.500,2.634
1122.086,-1.549,1.501,2.637
1122.198,-1.555,1.502,2.642
1122.309,-1.561,1.502,2.647
1122.420,-1.566,1.503,2.653
1122.531,-1.569,1.503,2.658
1122.642,-1.570,1.503,2.663
1122.753,-1.569,1.503,2.667
1122.864,-1.565,1.503,2.670
1122.976,-1.561,1.502,2.673
1123.086,-1.554,1.501,2.680
1123.198,-1.542,1.504,2.690
1123.309,-1.523,1.505,2.703
1123.420,-1.498,1.506,2.720
1123.531,-1.470,1.506,2.740
1123.642,-1.445,1.499,2.762
1123.745,-1.429,1.493,2.777
1123.858,-1.406,1.491,2.800
1123.969,-1.391,1.490,2.816
1124.080,-1.380,1.488,2.830
1124.191,-1.374,1.488,2.843
1124.294,-1.372,1.489,2.853
1124.405,-1.372,1.491,2.861
1124.517,-1.371,1.491,2.866
1124.629,-1.369,1.489,2.871
1124.739,-1.369,1.492,2.872
1124.851,-1.373,1.494,2.870
1124.962,-1.380,1.496,2.864
1125.073,-1.389,1.498,2.856
1125.184,-1.397,1.500,2.843
1125.295,-1.407,1.500,2.823
1125.406,-1.419,1.502,2.798
1125.517,-1.431,1.507,2.774
1125.629,-1.441,1.509,2.755
1125.739,-1.448,1.508,2.743
1125.850,-1.451,1.506,2.739
1125.951,-1.451,1.506,2.741
1126.059,-1.448,1.506,2.747
1126.170,-1.437,1.507,2.760
1126.281,-1.422,1.509,2.781
1126.392,-1.410,1.513,2.808
1126.503,-1.399,1.515,2.837
1126.615,-1.392,1.514,2.860
1126.726,-1.390,1.516,2.875
1126.837,-1.392,1.516,2.887
1126.948,-1.403,1.517,2.906
1127.059,-1.420,1.520,2.927
1127.170,-1.439,1.521,2.945
1127.281,-1.460,1.523,2.958
1127.392,-1.479,1.517,2.971
1127.504,-1.491,1.514,2.982
1127.615,-1.499,1.512,2.993
1127.726,-1.502,1.511,3.001
1127.837,-1.498,1.513,3.007
1127.948,-1.489,1.517,3.010
1128.059,-1.477,1.517,3.010
1128.170,-1.465,1.519,3.010
1128.281,-1.456,1.520,3.010
1128.393,-1.449,1.521,3.010
1128.504,-1.444,1.521,3.011
1128.615,-1.442,1.522,3.012
1128.726,-1.441,1.523,3.013
1128.837,-1.441,1.524,3.013
1128.948,-1.439,1.527,3.014
1129.059,-1.438,1.527,3.013
1129.170,-1.437,1.526,3.012
1129.281,-1.437,1.526,3.012
1129.393,-1.437,1.525,3.011
1129.503,-1.438,1.525,3.010
1129.615,-1.439,1.524,3.010
1129.726,-1.439,1.523,3.010
1129.837,-1.439,1.522,3.009
1129.948,-1.439,1.522,3.009
1130.059,-1.438,1.524,3.008
1130.170,-1.438,1.525,3.006
1130.281,-1.438,1.524,3.003
1130.392,-1.438,1.523,3.000
1130.503,-1.438,1.523,2.997
1130.615,-1.440,1.522,2.995
1130.726,-1.441,1.522,2.993
1130.837,-1.442,1.522,2.991
1130.948,-1.443,1.522,2.990
1131.059,-1.442,1.522,2.989
1131.170,-1.442,1.522,2.989
1131.281,-1.441,1.522,2.989
1131.393,-1.439,1.522,2.989
1131.503,-1.437,1.522,2.990
1131.615,-1.435,1.522,2.991
1131.726,-1.433,1.521,2.991
1131.837,-1.431,1.521,2.993
1131.948,-1.429,1.521,2.994
1132.059,-1.428,1.520,2.995
1132.171,-1.428,1.520,2.997
1132.281,-1.429,1.521,2.999
1132.393,-1.431,1.522,2.999
1132.504,-1.434,1.523,2.999
1132.615,-1.440,1.524,2.999
1132.726,-1.449,1.519,3.000
1132.837,-1.457,1.505,3.001
1132.948,-1.462,1.492,3.003
1133.059,-1.463,1.492,3.016
1133.170,-1.462,1.498,3.039
1133.281,-1.457,1.508,3.069
1133.392,-1.445,1.515,3.102
1133.504,-1.426,1.516,3.138
1133.615,-1.400,1.514,3.176
1133.726,-1.374,1.509,3.215
1133.837,-1.355,1.506,3.252
1133.948,-1.345,1.508,3.286
1134.060,-1.341,1.509,3.314
1134.170,-1.340,1.510,3.336
1134.281,-1.340,1.511,3.349
1134.393,-1.341,1.510,3.355
1134.503,-1.341,1.508,3.358
1134.615,-1.341,1.506,3.360
1134.726,-1.341,1.506,3.361
1134.837,-1.340,1.506,3.362
1134.948,-1.338,1.506,3.363
1135.059,-1.335,1.506,3.364
1135.170,-1.333,1.507,3.365
1135.281,-1.332,1.507,3.365
1135.393,-1.330,1.506,3.365
1135.503,-1.330,1.506,3.365
1135.615,-1.331,1.506,3.365
1135.726,-1.332,1.505,3.366
1135.837,-1.334,1.504,3.366
1135.948,-1.336,1.504,3.367
1136.059,-1.337,1.504,3.368
1136.170,-1.339,1.504,3.369
1136.281,-1.340,1.504,3.370
1136.393,-1.341,1.504,3.370
1136.504,-1.342,1.503,3.371
1136.615,-1.342,1.503,3.372
1136.726,-1.343,1.503,3.372
1136.836,-1.343,1.503,3.373
1136.948,-1.344,1.503,3.373
1137.059,-1.344,1.503,3.374
1137.170,-1.345,1.503,3.374
1137.281,-1.345,1.503,3.374
1137.393,-1.345,1.503,3.373
1137.504,-1.345,1.503,3.372
1137.615,-1.345,1.503,3.370
1137.726,-1.344,1.503,3.368
1137.837,-1.343,1.503,3.366
1137.948,-1.341,1.502,3.364
1138.060,-1.339,1.502,3.362
1138.170,-1.336,1.502,3.360
1138.281,-1.334,1.502,3.358
1138.393,-1.331,1.502,3.356
1138.504,-1.328,1.502,3.354
1138.615,-1.325,1.502,3.353
1138.726,-1.323,1.501,3.353
1138.837,-1.321,1.500,3.354
1138.948,-1.320,1.500,3.354
1139.060,-1.319,1.499,3.354
1139.170,-1.318,1.499,3.354
1139.281,-1.318,1.499,3.355
1139.392,-1.319,1.499,3.356
1139.504,-1.319,1.500,3.356
1139.615,-1.320,1.500,3.357
1139.726,-1.321,1.500,3.358
1139.837,-1.323,1.500,3.359
1139.948,-1.323,1.500,3.359
1140.059,-1.324,1.500,3.360
1140.170,-1.325,1.500,3.360
1140.281,-1.325,1.500,3.361
1140.392,-1.326,1.500,3.361
1140.503,-1.327,1.501,3.362
1140.615,-1.327,1.501,3.362
1140.726,-1.326,1.501,3.361
1140.837,-1.326,1.500,3.360
1140.948,-1.325,1.500,3.360
1141.059,-1.324,1.500,3.359
1141.170,-1.324,1.500,3.359
1141.281,-1.323,1.500,3.358
1141.392,-1.321,1.500,3.358
1141.503,-1.320,1.500,3.358
1141.615,-1.319,1.500,3.357
1141.726,-1.318,1.500,3.357
1141.837,-1.317,1.500,3.356
1141.948,-1.317,1.500,3.357
1142.059,-1.317,1.501,3.358
1142.170,-1.317,1.501,3.359
1142.281,-1.317,1.501,3.360
1142.392,-1.318,1.501,3.362
1142.503,-1.319,1.501,3.364
1142.615,-1.320,1.501,3.364
1142.726,-1.322,1.500,3.365
1142.837,-1.324,1.500,3.364
1142.948,-1.325,1.499,3.364
1143.059,-1.325,1.498,3.363
1143.170,-1.324,1.498,3.362
1143.281,-1.323,1.497,3.361
1143.393,-1.321,1.497,3.361
1143.503,-1.319,1.497,3.361
1143.615,-1.318,1.496,3.361
1143.726,-1.317,1.497,3.362
1143.837,-1.317,1.498,3.362
1143.948,-1.316,1.499,3.362
1144.059,-1.317,1.502,3.360
1144.171,-1.316,1.503,3.353
1144.281,-1.316,1.503,3.344
1144.392,-1.318,1.502,3.332
1144.503,-1.324,1.502,3.317
1144.615,-1.332,1.502,3.298
1144.726,-1.345,1.503,3.276
1144.837,-1.366,1.504,3.251
1144.948,-1.387,1.507,3.225
1145.060,-1.400,1.512,3.202
1145.170,-1.400,1.516,3.190
1145.281,-1.390,1.515,3.195
1145.393,-1.384,1.516,3.214
1145.503,-1.387,1.516,3.239
1145.615,-1.396,1.516,3.260
1145.726,-1.409,1.514,3.275
1145.837,-1.421,1.513,3.283
1145.948,-1.428,1.513,3.283
1146.059,-1.426,1.512,3.272
1146.170,-1.419,1.508,3.244
1146.281,-1.422,1.504,3.203
1146.392,-1.445,1.501,3.164
1146.504,-1.475,1.499,3.143
1146.614,-1.493,1.500,3.134
1146.726,-1.500,1.501,3.126
1146.836,-1.497,1.507,3.116
1146.948,-1.490,1.519,3.108
1147.059,-1.480,1.528,3.103
1147.169,-1.466,1.534,3.097
1147.281,-1.451,1.536,3.090
1147.392,-1.431,1.535,3.078
1147.503,-1.404,1.530,3.062
1147.614,-1.369,1.530,3.043
1147.725,-1.325,1.523,3.018
1147.836,-1.269,1.516,2.988
1147.948,-1.204,1.521,2.953
1148.059,-1.147,1.525,2.916
1148.170,-1.115,1.530,2.883
1148.281,-1.101,1.534,2.855
1148.392,-1.094,1.535,2.829
1148.503,-1.089,1.534,2.802
1148.614,-1.078,1.531,2.768
1148.725,-1.062,1.529,2.738
1148.836,-1.052,1.532,2.721
1148.948,-1.050,1.530,2.720
1149.059,-1.055,1.525,2.729
1149.170,-1.063,1.522,2.748
1149.281,-1.078,1.519,2.776
1149.392,-1.095,1.520,2.807
1149.503,-1.115,1.522,2.832
1149.614,-1.148,1.525,2.855
1149.725,-1.178,1.528,2.879
1149.837,-1.206,1.528,2.897
1149.948,-1.231,1.528,2.908
1150.058,-1.255,1.531,2.915
1150.169,-1.284,1.535,2.920
1150.281,-1.314,1.533,2.925
1150.392,-1.342,1.530,2.931
1150.503,-1.363,1.532,2.937
1150.614,-1.370,1.535,2.936
1150.726,-1.369,1.537,2.934
1150.837,-1.369,1.537,2.930
1150.948,-1.368,1.537,2.923
1151.059,-1.362,1.538,2.908
1151.170,-1.347,1.540,2.884
1151.281,-1.326,1.540,2.853
1151.392,-1.303,1.543,2.816
1151.503,-1.279,1.549,2.777
1151.614,-1.258,1.553,2.738
1151.726,-1.242,1.552,2.705
1151.837,-1.231,1.547,2.681
1151.948,-1.224,1.544,2.668
1152.059,-1.219,1.541,2.670
1152.170,-1.209,1.537,2.692
1152.281,-1.193,1.537,2.735
1152.392,-1.169,1.534,2.791
1152.503,-1.139,1.530,2.858
1152.614,-1.101,1.520,2.935
1152.725,-1.053,1.505,3.021
1152.835,-1.002,1.494,3.099
1152.946,-0.959,1.492,3.163
1153.058,-0.931,1.495,3.224
1153.168,-0.920,1.495,3.285
1153.280,-0.921,1.488,3.352
1153.391,-0.932,1.475,3.427
1153.501,-0.955,1.470,3.507
1153.613,-0.983,1.489,3.588
1153.724,-1.007,1.504,3.651
1153.835,-1.027,1.510,3.695
1153.946,-1.044,1.506,3.718
1154.057,-1.056,1.508,3.729
1154.169,-1.072,1.507,3.739
1154.280,-1.094,1.508,3.746
1154.391,-1.126,1.507,3.749
1154.502,-1.173,1.505,3.747
1154.614,-1.241,1.498,3.739
1154.725,-1.332,1.487,3.721
1154.835,-1.437,1.472,3.700
1154.947,-1.539,1.482,3.681
1155.058,-1.619,1.494,3.665
1155.169,-1.676,1.492,3.653
1155.280,-1.720,1.485,3.645
1155.391,-1.761,1.475,3.643
1155.502,-1.792,1.463,3.645
1155.614,-1.807,1.460,3.654
1155.725,-1.808,1.463,3.664
1155.835,-1.805,1.469,3.675
1155.947,-1.807,1.468,3.682
1156.058,-1.815,1.464,3.685
1156.169,-1.821,1.462,3.687
1156.280,-1.817,1.462,3.690
1156.391,-1.802,1.466,3.695
1156.502,-1.778,1.472,3.703
1156.614,-1.755,1.474,3.711
1156.724,-1.751,1.470,3.716
1156.835,-1.762,1.460,3.712
1156.947,-1.773,1.457,3.703
1157.058,-1.771,1.461,3.698
1157.169,-1.748,1.468,3.705
1157.280,-1.701,1.473,3.724
1157.391,-1.632,1.474,3.744
1157.502,-1.559,1.477,3.766
1157.613,-1.493,1.473,3.791
1157.724,-1.447,1.461,3.826
1157.835,-1.420,1.449,3.862
1157.947,-1.402,1.445,3.892
1158.058,-1.393,1.435,3.913
1158.169,-1.392,1.425,3.928
1158.280,-1.397,1.418,3.945
1158.391,-1.406,1.397,3.981
1158.502,-1.416,1.341,4.027
1158.614,-1.414,1.311,4.050
1158.725,-1.401,1.327,4.048
1158.835,-1.382,1.366,4.017
1158.947,-1.370,1.420,3.953
1159.058,-1.369,1.473,3.863
1159.170,-1.373,1.504,3.753
1159.282,-1.383,1.511,3.633
1159.392,-1.404,1.512,3.510
1159.503,-1.427,1.509,3.404
1159.615,-1.437,1.507,3.320
1159.725,-1.436,1.516,3.253
1159.836,-1.430,1.523,3.194
1159.948,-1.421,1.522,3.143
1160.059,-1.409,1.514,3.101
1160.170,-1.396,1.512,3.064
1160.281,-1.384,1.521,3.023
1160.393,-1.387,1.522,2.979
1160.503,-1.405,1.522,2.931
1160.615,-1.437,1.519,2.878
1160.725,-1.485,1.513,2.816
1160.836,-1.545,1.509,2.751
1160.948,-1.603,1.529,2.689
1161.059,-1.645,1.547,2.638
1161.170,-1.670,1.548,2.602
1161.281,-1.681,1.545,2.581
1161.392,-1.687,1.542,2.569
1161.503,-1.694,1.536,2.561
1161.614,-1.702,1.534,2.556
1161.725,-1.707,1.534,2.552
1161.836,-1.709,1.531,2.551
1161.950,-1.710,1.530,2.550
1162.059,-1.713,1.529,2.549
1162.170,-1.715,1.528,2.549
1162.281,-1.715,1.527,2.554
1162.392,-1.709,1.527,2.564
1162.503,-1.696,1.526,2.579
1162.615,-1.677,1.523,2.597
1162.726,-1.654,1.525,2.612
1162.836,-1.628,1.525,2.625
1162.948,-1.600,1.528,2.637
1163.059,-1.574,1.527,2.646
1163.170,-1.556,1.529,2.652
1163.281,-1.551,1.534,2.656
1163.392,-1.554,1.535,2.662
1163.503,-1.566,1.533,2.667
1163.614,-1.585,1.533,2.671
1163.726,-1.604,1.533,2.675
1163.836,-1.623,1.533,2.681
1163.948,-1.641,1.531,2.685
1164.059,-1.654,1.530,2.687
1164.170,-1.661,1.531,2.688
1164.281,-1.668,1.534,2.686
1164.392,-1.675,1.536,2.680
1164.503,-1.678,1.536,2.673
1164.614,-1.678,1.536,2.668
1164.726,-1.677,1.536,2.666
1164.836,-1.674,1.536,2.666
1164.948,-1.672,1.534,2.667
1165.061,-1.671,1.532,2.668
1165.172,-1.671,1.529,2.665
1165.281,-1.663,1.527,2.658
1165.392,-1.642,1.530,2.645
1165.503,-1.610,1.529,2.627
1165.614,-1.572,1.527,2.607
1165.726,-1.531,1.530,2.586
1165.837,-1.493,1.528,2.567
1165.948,-1.461,1.531,2.554
1166.059,-1.435,1.531,2.546
1166.170,-1.416,1.531,2.541
1166.281,-1.402,1.532,2.540
1166.392,-1.390,1.532,2.542
1166.503,-1.377,1.530,2.550
1166.614,-1.366,1.529,2.569
1166.725,-1.353,1.526,2.599
1166.836,-1.337,1.521,2.645
1166.947,-1.316,1.516,2.701
1167.058,-1.292,1.512,2.761
1167.169,-1.267,1.511,2.821
1167.280,-1.247,1.509,2.878
1167.391,-1.233,1.509,2.930
1167.502,-1.228,1.512,2.981
1167.613,-1.231,1.512,3.033
1167.724,-1.240,1.507,3.089
1167.835,-1.254,1.499,3.150
1167.945,-1.270,1.492,3.214
1168.057,-1.288,1.505,3.286
1168.168,-1.298,1.509,3.360
1168.280,-1.294,1.512,3.433
1168.390,-1.279,1.509,3.505
1168.501,-1.260,1.496,3.581
1168.613,-1.236,1.468,3.657
1168.723,-1.212,1.464,3.737
1168.835,-1.190,1.464,3.803
1168.946,-1.174,1.463,3.856
1169.057,-1.164,1.458,3.897
1169.169,-1.159,1.447,3.934
1169.280,-1.158,1.441,3.973
1169.391,-1.162,1.436,4.020
1169.501,-1.172,1.429,4.076
1169.613,-1.187,1.433,4.139
1169.724,-1.200,1.441,4.194
1169.835,-1.203,1.455,4.245
1169.947,-1.200,1.470,4.299
1170.058,-1.195,1.474,4.359
1170.168,-1.190,1.468,4.428
1170.279,-1.181,1.464,4.507
1170.391,-1.167,1.476,4.596
1170.501,-1.158,1.495,4.685
1170.613,-1.159,1.505,4.769
1170.724,-1.167,1.509,4.852
1170.835,-1.181,1.496,4.935
1170.946,-1.202,1.484,5.019
1171.058,-1.230,1.486,5.101
1171.168,-1.258,1.500,5.186
1171.280,-1.277,1.503,5.272
1171.391,-1.288,1.503,5.356
1171.502,-1.296,1.492,5.443
1171.613,-1.301,1.479,5.531
1171.724,-1.305,1.479,5.618
1171.835,-1.315,1.494,5.706
1171.947,-1.336,1.501,5.789
1172.058,-1.363,1.503,5.866
1172.169,-1.395,1.496,5.939
1172.280,-1.433,1.485,6.009
1172.391,-1.476,1.488,6.073
1172.501,-1.516,1.503,6.134
1172.613,-1.548,1.513,6.191
1172.724,-1.570,1.515,6.245
1172.835,-1.584,1.515,6.300
1172.947,-1.592,1.515,6.359
1173.057,-1.596,1.516,6.418
1173.168,-1.596,1.515,6.470
1173.281,-1.593,1.513,6.510
1173.391,-1.587,1.516,6.540
1173.502,-1.578,1.518,6.562
1173.613,-1.567,1.519,6.574
1173.725,-1.554,1.517,6.567
1173.835,-1.529,1.511,6.536
1173.947,-1.489,1.505,6.504
1174.057,-1.444,1.504,6.474
1174.169,-1.395,1.503,6.441
1174.280,-1.344,1.507,6.410
1174.391,-1.297,1.510,6.380
1174.502,-1.261,1.511,6.347
1174.614,-1.231,1.518,6.305
1174.725,-1.204,1.511,6.256
1174.835,-1.183,1.499,6.203
1174.947,-1.169,1.485,6.143
1175.059,-1.163,1.483,6.070
1175.169,-1.159,1.490,5.988
1175.281,-1.152,1.492,5.915
1175.392,-1.144,1.504,5.851
1175.503,-1.133,1.505,5.785
1175.614,-1.118,1.493,5.711
1175.725,-1.099,1.488,5.631
1175.835,-1.074,1.492,5.548
1175.947,-1.049,1.520,5.464
1176.059,-1.030,1.530,5.379
1176.169,-1.018,1.530,5.292
1176.281,-1.003,1.520,5.200
1176.392,-0.994,1.487,5.100
1176.503,-1.003,1.452,4.992
1176.614,-1.024,1.454,4.872
1176.725,-1.039,1.465,4.760
1176.836,-1.042,1.470,4.671
1176.948,-1.045,1.464,4.586
1177.058,-1.046,1.446,4.500
1177.169,-1.044,1.407,4.403
1177.281,-1.037,1.348,4.280
1177.392,-1.031,1.254,4.149
1177.503,-1.029,1.131,4.053
1177.615,-1.024,1.000,4.001
1177.725,-1.016,0.882,3.974
1177.836,-1.008,0.803,3.965
1177.947,-1.003,0.768,3.961
1178.059,-1.005,0.761,3.961
1178.170,-1.010,0.772,3.964
1178.281,-1.018,0.817,3.970
1178.392,-1.024,0.890,3.977
1178.503,-1.030,0.975,3.990
1178.615,-1.036,1.042,4.000
1178.725,-1.040,1.045,4.003
1178.836,-1.042,0.985,4.004
1178.948,-1.040,0.900,3.999
1179.059,-1.036,0.825,3.995
1179.170,-1.032,0.799,3.991
1179.281,-1.029,0.810,3.981
1179.392,-1.028,0.832,3.972
1179.503,-1.027,0.851,3.966
1179.615,-1.026,0.856,3.963
1179.725,-1.024,0.870,3.962
1179.837,-1.022,0.926,3.960
1179.948,-1.022,0.999,3.961
1180.059,-1.022,1.056,3.963
1180.170,-1.021,1.088,3.965
1180.281,-1.021,1.127,3.968
1180.392,-1.023,1.189,3.974
1180.503,-1.025,1.258,3.987
1180.615,-1.028,1.311,4.009
1180.726,-1.035,1.351,4.030
1180.836,-1.041,1.375,4.050
1180.948,-1.044,1.383,4.067
1181.059,-1.045,1.378,4.076
1181.169,-1.044,1.367,4.082
1181.281,-1.042,1.362,4.091
1181.392,-1.042,1.367,4.097
1181.503,-1.043,1.365,4.095
1181.614,-1.044,1.340,4.075
1181.725,-1.044,1.274,4.045
1181.836,-1.046,1.177,4.011
1181.947,-1.048,1.063,3.984
1182.059,-1.049,0.947,3.971
1182.170,-1.049,0.842,3.964
1182.281,-1.049,0.773,3.964
1182.392,-1.048,0.776,3.968
1182.503,-1.044,0.832,3.970
1182.615,-1.043,0.904,3.978
1182.725,-1.043,0.993,3.989
1182.837,-1.043,1.095,4.007
1182.948,-1.046,1.206,4.036
1183.059,-1.053,1.299,4.078
1183.169,-1.064,1.360,4.127
1183.281,-1.074,1.402,4.168
1183.392,-1.085,1.423,4.203
1183.503,-1.093,1.432,4.227
1183.614,-1.101,1.435,4.237
1183.729,-1.110,1.431,4.241
1183.836,-1.118,1.433,4.239
1183.947,-1.124,1.445,4.231
1184.059,-1.124,1.470,4.212
1184.169,-1.117,1.497,4.186
1184.281,-1.103,1.508,4.156
1184.393,-1.087,1.515,4.122
1184.503,-1.076,1.522,4.088
1184.615,-1.077,1.527,4.052
1184.726,-1.083,1.520,4.012
1184.836,-1.101,1.506,3.967
1184.948,-1.126,1.500,3.918
1185.059,-1.157,1.494,3.870
1185.170,-1.193,1.504,3.823
1185.281,-1.226,1.522,3.779
1185.392,-1.260,1.521,3.742
1185.503,-1.298,1.516,3.715
1185.614,-1.327,1.517,3.692
1185.725,-1.348,1.514,3.659
1185.837,-1.364,1.510,3.617
1185.948,-1.375,1.504,3.568
1186.059,-1.383,1.511,3.515
1186.170,-1.394,1.508,3.465
1186.281,-1.409,1.504,3.421
1186.391,-1.427,1.506,3.384
1186.502,-1.454,1.500,3.352
1186.614,-1.489,1.491,3.328
1186.725,-1.532,1.481,3.312
1186.836,-1.588,1.471,3.298
1186.947,-1.659,1.465,3.282
1187.058,-1.733,1.476,3.264
1187.169,-1.795,1.481,3.244
1187.281,-1.841,1.483,3.225
1187.392,-1.872,1.483,3.206
1187.503,-1.895,1.483,3.188
1187.614,-1.911,1.484,3.169
1187.725,-1.926,1.493,3.151
1187.836,-1.943,1.494,3.136
1187.947,-1.955,1.494,3.127
1188.059,-1.964,1.495,3.123
1188.169,-1.972,1.495,3.127
1188.281,-1.980,1.495,3.136
1188.391,-1.991,1.494,3.149
1188.503,-2.004,1.491,3.159
1188.613,-2.017,1.488,3.168
1188.714,-2.027,1.485,3.173
1188.822,-2.036,1.482,3.177
1188.933,-2.041,1.480,3.179
1189.044,-2.044,1.478,3.180
1189.155,-2.044,1.475,3.178
1189.266,-2.044,1.472,3.176
1189.377,-2.043,1.472,3.175
1189.489,-2.037,1.475,3.173
1189.599,-2.026,1.480,3.176
1189.711,-2.006,1.484,3.189
1189.821,-1.981,1.487,3.201
1189.932,-1.945,1.484,3.208
1190.044,-1.897,1.488,3.216
1190.154,-1.842,1.490,3.223
1190.266,-1.782,1.495,3.233
1190.377,-1.714,1.497,3.247
1190.488,-1.642,1.496,3.262
1190.599,-1.573,1.491,3.275
1190.711,-1.510,1.494,3.284
1190.821,-1.457,1.502,3.299
1190.933,-1.413,1.501,3.325
1191.045,-1.373,1.498,3.362
1191.156,-1.331,1.493,3.406
1191.267,-1.289,1.487,3.453
1191.378,-1.250,1.494,3.498
1191.490,-1.215,1.508,3.531
1191.601,-1.187,1.514,3.556
1191.712,-1.163,1.519,3.578
1191.823,-1.140,1.522,3.596
1191.934,-1.119,1.523,3.610
1192.045,-1.089,1.516,3.624
1192.156,-1.043,1.508,3.643
1192.267,-0.986,1.514,3.665
1192.379,-0.930,1.520,3.691
1192.490,-0.872,1.519,3.729
1192.600,-0.825,1.514,3.786
1192.712,-0.811,1.507,3.853
1192.823,-0.827,1.497,3.912
1192.934,-0.861,1.491,3.954
1193.044,-0.897,1.490,3.981
1193.155,-0.927,1.491,4.001
1193.266,-0.953,1.484,4.018
1193.378,-0.977,1.477,4.037
1193.488,-0.999,1.473,4.057
1193.599,-1.019,1.468,4.077
1193.711,-1.035,1.460,4.099
1193.822,-1.043,1.459,4.126
1193.933,-1.042,1.460,4.160
1194.045,-1.036,1.453,4.202
1194.156,-1.019,1.445,4.254
1194.266,-0.993,1.443,4.319
1194.378,-0.957,1.459,4.393
1194.489,-0.921,1.479,4.466
1194.600,-0.894,1.496,4.532
1194.711,-0.873,1.508,4.600
1194.823,-0.853,1.503,4.675
1194.933,-0.839,1.492,4.755
1195.045,-0.831,1.491,4.842
1195.156,-0.831,1.508,4.933
1195.267,-0.830,1.515,5.013
1195.378,-0.834,1.522,5.076
1195.489,-0.845,1.526,5.128
1195.600,-0.858,1.525,5.171
1195.711,-0.869,1.522,5.205
1195.822,-0.872,1.513,5.228
1195.933,-0.869,1.507,5.239
1196.045,-0.857,1.505,5.242
1196.155,-0.837,1.505,5.239
1196.266,-0.817,1.508,5.233
1196.378,-0.796,1.508,5.227
1196.489,-0.778,1.509,5.222
1196.600,-0.767,1.510,5.217
1196.711,-0.767,1.500,5.213
1196.822,-0.771,1.494,5.204
1196.933,-0.777,1.493,5.188
1197.044,-0.784,1.490,5.166
1197.156,-0.791,1.488,5.137
1197.267,-0.796,1.487,5.104
1197.378,-0.799,1.483,5.069
1197.489,-0.801,1.480,5.038
1197.600,-0.803,1.484,5.009
1197.711,-0.808,1.484,4.979
1197.822,-0.819,1.481,4.947
1197.933,-0.838,1.473,4.911
1198.045,-0.864,1.469,4.873
1198.156,-0.901,1.471,4.831
1198.267,-0.942,1.488,4.784
1198.378,-0.978,1.503,4.738
1198.490,-1.003,1.508,4.694
1198.600,-1.021,1.512,4.655
1198.712,-1.034,1.509,4.616
1198.823,-1.049,1.503,4.575
1198.933,-1.071,1.489,4.531
1199.045,-1.095,1.470,4.485
1199.156,-1.115,1.469,4.432
1199.266,-1.130,1.468,4.377
1199.378,-1.142,1.463,4.330
1199.489,-1.153,1.461,4.294
1199.600,-1.163,1.460,4.265
1199.711,-1.175,1.457,4.237
1199.823,-1.188,1.453,4.211
1199.934,-1.203,1.447,4.184
1200.044,-1.225,1.440,4.153
1200.156,-1.256,1.435,4.114
1200.267,-1.292,1.429,4.070
1200.378,-1.321,1.413,4.026
1200.489,-1.338,1.386,3.981
1200.600,-1.345,1.330,3.927
1200.711,-1.347,1.230,3.882
1200.823,-1.347,1.118,3.860
1200.933,-1.346,0.999,3.856
1201.045,-1.347,0.882,3.857
1201.156,-1.347,0.782,3.858
1201.267,-1.349,0.710,3.856
1201.378,-1.351,0.670,3.854
1201.490,-1.352,0.673,3.855
1201.600,-1.351,0.709,3.853
1201.712,-1.350,0.747,3.855
1201.823,-1.348,0.772,3.856
1201.934,-1.345,0.780,3.857
1202.045,-1.344,0.779,3.857
1202.156,-1.342,0.769,3.857
1202.267,-1.342,0.765,3.857
1202.378,-1.338,0.760,3.857
1202.488,-1.332,0.757,3.857
1202.599,-1.327,0.751,3.859
1202.711,-1.322,0.742,3.861
1202.822,-1.321,0.735,3.863
1202.933,-1.320,0.737,3.863
1203.044,-1.319,0.751,3.862
1203.155,-1.318,0.773,3.863
1203.266,-1.317,0.793,3.864
1203.378,-1.317,0.823,3.869
1203.489,-1.314,0.880,3.870
1203.600,-1.310,0.957,3.876
1203.711,-1.306,1.054,3.891
1203.822,-1.304,1.165,3.922
1203.933,-1.306,1.270,3.971
1204.044,-1.309,1.359,4.033
1204.155,-1.316,1.425,4.096
1204.267,-1.326,1.467,4.151
1204.378,-1.338,1.486,4.191
1204.489,-1.352,1.494,4.218
1204.600,-1.366,1.498,4.235
1204.711,-1.381,1.501,4.240
1204.823,-1.397,1.503,4.237
1204.933,-1.412,1.507,4.232
1205.045,-1.425,1.508,4.230
1205.156,-1.435,1.504,4.233
1205.267,-1.440,1.500,4.239
1205.378,-1.442,1.497,4.248
1205.489,-1.442,1.492,4.257
1205.599,-1.440,1.491,4.268
1205.711,-1.429,1.493,4.290
1205.822,-1.408,1.489,4.323
1205.933,-1.380,1.487,4.369
1206.045,-1.344,1.486,4.426
1206.156,-1.298,1.489,4.497
1206.267,-1.249,1.495,4.578
1206.379,-1.202,1.497,4.653
1206.489,-1.155,1.500,4.717
1206.600,-1.104,1.501,4.773
1206.711,-1.045,1.495,4.826
1206.822,-0.978,1.483,4.882
1206.933,-0.904,1.475,4.938
1207.044,-0.826,1.486,4.999
1207.156,-0.759,1.501,5.066
1207.266,-0.704,1.508,5.135
1207.377,-0.657,1.501,5.208
1207.489,-0.618,1.491,5.288
1207.599,-0.587,1.482,5.376
1207.711,-0.560,1.496,5.474
1207.822,-0.531,1.509,5.565
1207.933,-0.505,1.517,5.648
1208.044,-0.482,1.517,5.727
1208.155,-0.457,1.507,5.805
1208.266,-0.426,1.494,5.886
1208.377,-0.393,1.491,5.969
1208.489,-0.366,1.504,6.054
1208.600,-0.345,1.516,6.134
1208.711,-0.325,1.520,6.209
1208.821,-0.309,1.519,6.281
1208.932,-0.298,1.514,6.348
1209.045,-0.291,1.511,6.413
1209.155,-0.287,1.520,6.475
1209.267,-0.283,1.521,6.526
1209.378,-0.281,1.521,6.563
1209.489,-0.281,1.521,6.593
1209.600,-0.282,1.517,6.616
1209.711,-0.282,1.514,6.632
1209.823,-0.280,1.511,6.639
1209.933,-0.278,1.513,6.636
1210.045,-0.283,1.514,6.619
1210.156,-0.305,1.515,6.584
1210.267,-0.343,1.517,6.538
1210.378,-0.389,1.519,6.492
1210.489,-0.444,1.518,6.446
1210.600,-0.503,1.518,6.398
1210.711,-0.560,1.512,6.353
1210.822,-0.604,1.513,6.310
1210.933,-0.641,1.514,6.264
1211.044,-0.667,1.514,6.212
1211.155,-0.685,1.512,6.154
1211.266,-0.698,1.504,6.092
1211.377,-0.706,1.495,6.020
1211.488,-0.717,1.494,5.942
1211.599,-0.737,1.506,5.865
1211.711,-0.768,1.516,5.802
1211.822,-0.798,1.518,5.747
1211.933,-0.833,1.512,5.700
1212.044,-0.865,1.501,5.649
1212.155,-0.896,1.492,5.584
1212.266,-0.921,1.507,5.505
1212.378,-0.928,1.519,5.425
1212.489,-0.929,1.522,5.359
1212.600,-0.928,1.521,5.304
1212.711,-0.927,1.515,5.253
1212.823,-0.926,1.507,5.200
1212.933,-0.924,1.501,5.141
1213.045,-0.919,1.497,5.075
1213.156,-0.909,1.502,5.005
1213.267,-0.900,1.507,4.941
1213.378,-0.894,1.506,4.885
1213.489,-0.893,1.511,4.832
1213.600,-0.896,1.506,4.780
1213.712,-0.902,1.482,4.729
1213.822,-0.915,1.455,4.671
1213.933,-0.932,1.443,4.607
1214.044,-0.954,1.449,4.534
1214.156,-0.974,1.461,4.461
1214.267,-0.981,1.472,4.398
1214.378,-0.980,1.497,4.345
1214.489,-0.976,1.507,4.294
1214.600,-0.973,1.506,4.242
1214.712,-0.972,1.503,4.190
1214.823,-0.978,1.504,4.140
1214.934,-0.989,1.510,4.099
1215.045,-1.000,1.510,4.066
1215.156,-1.011,1.507,4.043
1215.267,-1.020,1.499,4.027
1215.378,-1.027,1.502,4.020
1215.489,-1.032,1.497,4.019
1215.600,-1.041,1.464,4.024
1215.711,-1.064,1.449,4.026
1215.822,-1.092,1.431,4.022
1215.933,-1.129,1.386,4.010
1216.045,-1.168,1.302,3.992
1216.156,-1.192,1.189,3.976
1216.267,-1.200,1.108,3.959
1216.378,-1.194,1.105,3.944
1216.490,-1.181,1.167,3.925
1216.600,-1.150,1.264,3.906
1216.712,-1.098,1.378,3.898
1216.823,-1.030,1.460,3.905
1216.934,-0.971,1.503,3.915
1217.045,-0.932,1.528,3.917
1217.157,-0.904,1.537,3.912
1217.267,-0.889,1.539,3.901
1217.378,-0.878,1.537,3.888
1217.489,-0.862,1.536,3.890
1217.600,-0.854,1.533,3.916
1217.712,-0.866,1.531,3.944
1217.823,-0.889,1.528,3.961
1217.934,-0.916,1.527,3.969
1218.045,-0.939,1.528,3.965
1218.156,-0.947,1.528,3.949
1218.267,-0.935,1.524,3.928
1218.378,-0.906,1.515,3.895
1218.490,-0.864,1.507,3.843
1218.601,-0.823,1.506,3.753
1218.712,-0.814,1.507,3.645
1218.823,-0.823,1.512,3.553
1218.934,-0.820,1.520,3.480
1219.045,-0.802,1.517,3.409
1219.156,-0.781,1.522,3.340
1219.267,-0.773,1.516,3.280
1219.378,-0.768,1.513,3.228
1219.490,-0.763,1.511,3.178
1219.601,-0.760,1.500,3.126
1219.711,-0.759,1.482,3.072
1219.823,-0.761,1.472,3.010
1219.934,-0.763,1.489,2.942
1220.045,-0.760,1.501,2.878
1220.156,-0.753,1.504,2.816
1220.267,-0.743,1.503,2.761
1220.378,-0.730,1.498,2.709
1220.490,-0.710,1.494,2.656
1220.601,-0.683,1.488,2.601
1220.711,-0.649,1.486,2.539
1220.823,-0.611,1.498,2.473
1220.934,-0.575,1.504,2.402
1221.045,-0.545,1.497,2.333
1221.156,-0.520,1.491,2.265
1221.267,-0.499,1.481,2.200
1221.378,-0.482,1.468,2.132
1221.490,-0.470,1.457,2.061
1221.601,-0.462,1.457,1.982
1221.712,-0.453,1.462,1.904
1221.823,-0.439,1.457,1.836
1221.934,-0.427,1.459,1.771
1222.045,-0.417,1.452,1.704
1222.156,-0.405,1.446,1.635
1222.267,-0.389,1.437,1.562
1222.378,-0.369,1.440,1.484
1222.489,-0.357,1.444,1.412
1222.600,-0.353,1.444,1.356
1222.712,-0.357,1.445,1.307
1222.823,-0.368,1.444,1.263
1222.934,-0.385,1.440,1.224
1223.045,-0.408,1.440,1.188
1223.156,-0.438,1.449,1.152
1223.267,-0.469,1.467,1.113
1223.378,-0.496,1.471,1.072
1223.490,-0.522,1.480,1.034
1223.600,-0.553,1.481,0.995
1223.712,-0.583,1.477,0.956
1223.823,-0.608,1.471,0.916
1223.934,-0.632,1.480,0.872
1224.045,-0.659,1.485,0.827
1224.156,-0.687,1.482,0.789
1224.267,-0.711,1.483,0.759
1224.378,-0.735,1.483,0.735
1224.490,-0.762,1.482,0.715
1224.601,-0.791,1.479,0.700
1224.712,-0.827,1.477,0.691
1224.823,-0.873,1.474,0.688
1224.934,-0.922,1.479,0.687
1225.045,-0.966,1.477,0.687
1225.156,-0.997,1.477,0.689
1225.267,-1.016,1.479,0.695
1225.378,-1.024,1.480,0.708
1225.490,-1.023,1.485,0.727
1225.601,-1.011,1.493,0.750
1225.712,-0.997,1.501,0.778
1225.824,-0.989,1.507,0.808
1225.934,-0.987,1.508,0.837
1226.046,-0.991,1.502,0.863
1226.156,-1.002,1.501,0.886
1226.268,-1.015,1.509,0.904
1226.378,-1.026,1.511,0.916
1226.490,-1.037,1.511,0.919
1226.601,-1.045,1.508,0.916
1226.712,-1.049,1.506,0.909
1226.824,-1.049,1.506,0.901
1226.934,-1.047,1.507,0.892
1227.046,-1.043,1.505,0.882
1227.157,-1.037,1.502,0.868
1227.268,-1.030,1.499,0.850
1227.379,-1.021,1.498,0.825
1227.490,-1.015,1.493,0.791
1227.601,-1.011,1.485,0.755
1227.712,-1.009,1.475,0.721
1227.823,-1.001,1.473,0.693
1227.934,-0.987,1.469,0.671
1228.045,-0.968,1.466,0.656
1228.157,-0.941,1.464,0.647
1228.267,-0.907,1.470,0.641
1228.379,-0.870,1.473,0.636
1228.490,-0.838,1.470,0.629
1228.601,-0.817,1.467,0.623
1228.712,-0.803,1.468,0.620
1228.823,-0.795,1.466,0.618
1228.934,-0.790,1.465,0.616
1229.045,-0.787,1.464,0.614
1229.157,-0.787,1.464,0.609
1229.268,-0.790,1.464,0.603
1229.379,-0.795,1.466,0.596
1229.490,-0.801,1.473,0.590
1229.601,-0.805,1.489,0.587
1229.712,-0.810,1.501,0.587
1229.824,-0.811,1.499,0.589
1229.934,-0.812,1.496,0.590
1230.046,-0.811,1.497,0.591
1230.157,-0.809,1.493,0.591
1230.268,-0.807,1.491,0.592
1230.379,-0.805,1.491,0.594
1230.490,-0.804,1.490,0.596
1230.601,-0.803,1.490,0.598
1230.712,-0.802,1.489,0.599
1230.824,-0.803,1.487,0.600
1230.934,-0.809,1.483,0.599
1231.046,-0.815,1.479,0.598
1231.157,-0.821,1.477,0.597
1231.268,-0.824,1.476,0.597
1231.379,-0.824,1.476,0.597
1231.490,-0.823,1.476,0.598
1231.601,-0.823,1.475,0.598
1231.712,-0.822,1.475,0.597
1231.823,-0.820,1.474,0.597
1231.934,-0.818,1.474,0.597
1232.045,-0.815,1.474,0.596
1232.157,-0.813,1.473,0.596
1232.267,-0.812,1.473,0.596
1232.379,-0.810,1.472,0.595
1232.489,-0.809,1.471,0.595
1232.600,-0.808,1.472,0.595
1232.712,-0.807,1.472,0.594
1232.823,-0.806,1.471,0.594
1232.934,-0.805,1.472,0.592
1233.044,-0.802,1.472,0.592
1233.156,-0.797,1.475,0.592
1233.267,-0.790,1.479,0.595
1233.379,-0.783,1.482,0.601
1233.490,-0.775,1.482,0.609
1233.601,-0.765,1.483,0.617
1233.712,-0.753,1.487,0.628
1233.823,-0.735,1.490,0.642
1233.934,-0.713,1.491,0.661
1234.045,-0.694,1.496,0.678
1234.157,-0.678,1.504,0.692
1234.268,-0.664,1.513,0.700
1234.379,-0.651,1.519,0.703
1234.490,-0.635,1.520,0.701
1234.601,-0.621,1.518,0.690
1234.712,-0.606,1.525,0.671
1234.823,-0.589,1.531,0.648
1234.935,-0.569,1.534,0.627
1235.046,-0.549,1.537,0.608
1235.157,-0.529,1.539,0.594
1235.268,-0.507,1.542,0.585
1235.379,-0.483,1.545,0.586
1235.490,-0.455,1.545,0.596
1235.601,-0.424,1.542,0.615
1235.712,-0.392,1.537,0.641
1235.824,-0.359,1.537,0.674
1235.935,-0.327,1.540,0.709
1236.046,-0.293,1.538,0.740
1236.157,-0.256,1.530,0.765
1236.268,-0.220,1.522,0.784
1236.379,-0.182,1.515,0.797
1236.490,-0.145,1.509,0.805
1236.601,-0.114,1.506,0.811
1236.713,-0.099,1.509,0.812
1236.823,-0.092,1.515,0.801
1236.934,-0.088,1.518,0.785
1237.045,-0.085,1.519,0.765
1237.156,-0.084,1.520,0.746
1237.267,-0.084,1.518,0.732
1237.378,-0.085,1.517,0.727
1237.490,-0.087,1.516,0.727
1237.600,-0.090,1.516,0.729
1237.712,-0.092,1.515,0.731
1237.823,-0.089,1.514,0.741
1237.934,-0.074,1.510,0.764
1238.045,-0.041,1.506,0.789
1238.156,0.001,1.499,0.802
1238.267,0.038,1.497,0.804
1238.378,0.065,1.495,0.803
1238.490,0.084,1.491,0.806
1238.600,0.097,1.491,0.812
1238.712,0.106,1.495,0.821
1238.824,0.108,1.496,0.829
1238.934,0.105,1.500,0.838
1239.045,0.099,1.502,0.850
1239.156,0.092,1.501,0.865
1239.267,0.086,1.500,0.882
1239.378,0.081,1.498,0.900
1239.489,0.079,1.498,0.918
1239.600,0.077,1.498,0.937
1239.712,0.075,1.497,0.955
1239.823,0.070,1.496,0.971
1239.934,0.062,1.493,0.983
1240.045,0.052,1.492,0.994
1240.156,0.033,1.494,1.004
1240.267,-0.011,1.500,1.015
1240.379,-0.068,1.507,1.013
1240.490,-0.117,1.508,0.998
1240.600,-0.152,1.506,0.980
1240.711,-0.176,1.511,0.966
1240.823,-0.196,1.515,0.959
1240.933,-0.215,1.517,0.955
1241.045,-0.234,1.512,0.956
1241.156,-0.254,1.511,0.962
1241.267,-0.283,1.507,0.967
1241.379,-0.315,1.495,0.963
1241.490,-0.341,1.493,0.948
1241.601,-0.364,1.490,0.928
1241.712,-0.385,1.484,0.903
1241.823,-0.406,1.477,0.876
1241.934,-0.430,1.485,0.842
1242.045,-0.453,1.487,0.807
1242.156,-0.476,1.480,0.775
1242.267,-0.498,1.484,0.750
1242.379,-0.520,1.484,0.730
1242.490,-0.544,1.482,0.714
1242.601,-0.576,1.482,0.705
1242.712,-0.618,1.481,0.700
1242.823,-0.668,1.489,0.695
1242.937,-0.716,1.492,0.690
1243.045,-0.753,1.490,0.687
1243.157,-0.779,1.493,0.684
1243.268,-0.791,1.493,0.684
1243.379,-0.796,1.507,0.686
1243.490,-0.795,1.535,0.699
1243.601,-0.794,1.539,0.710
1243.712,-0.795,1.535,0.710
1243.818,-0.790,1.534,0.703
1243.929,-0.771,1.537,0.691
1244.041,-0.742,1.539,0.678
1244.152,-0.713,1.540,0.668
1244.253,-0.693,1.534,0.660
1244.365,-0.678,1.527,0.652
1244.476,-0.670,1.524,0.647
1244.587,-0.668,1.517,0.647
1244.698,-0.669,1.506,0.650
1244.809,-0.670,1.498,0.658
1244.920,-0.667,1.492,0.670
1245.031,-0.663,1.492,0.679
1245.143,-0.659,1.494,0.685
1245.253,-0.653,1.493,0.683
1245.365,-0.650,1.492,0.668
1245.476,-0.646,1.493,0.642
1245.587,-0.634,1.492,0.610
1245.698,-0.612,1.486,0.574
1245.809,-0.583,1.476,0.537
1245.920,-0.558,1.466,0.512
1246.032,-0.543,1.466,0.498
1246.143,-0.531,1.464,0.492
1246.253,-0.519,1.461,0.487
1246.365,-0.515,1.460,0.481
1246.477,-0.517,1.463,0.481
1246.587,-0.524,1.469,0.483
1246.698,-0.535,1.475,0.487
1246.809,-0.546,1.480,0.491
1246.920,-0.563,1.484,0.493
1247.031,-0.580,1.483,0.498
1247.143,-0.594,1.484,0.503
1247.254,-0.609,1.485,0.507
1247.365,-0.629,1.483,0.505
1247.476,-0.655,1.477,0.495
1247.587,-0.678,1.468,0.484
1247.698,-0.699,1.459,0.472
1247.810,-0.719,1.442,0.459
1247.921,-0.735,1.432,0.455
1248.032,-0.744,1.431,0.458
1248.143,-0.750,1.433,0.466
1248.254,-0.756,1.436,0.478
1248.365,-0.759,1.442,0.491
1248.476,-0.761,1.455,0.516
1248.587,-0.765,1.476,0.561
1248.699,-0.778,1.494,0.623
1248.809,-0.800,1.495,0.691
1248.920,-0.835,1.492,0.757
1249.031,-0.874,1.493,0.811
1249.142,-0.920,1.499,0.848
1249.253,-0.976,1.496,0.871
1249.365,-1.043,1.488,0.885
1249.476,-1.121,1.478,0.894
1249.587,-1.205,1.479,0.900
1249.697,-1.295,1.503,0.911
1249.809,-1.376,1.507,0.940
1249.920,-1.448,1.507,0.975
1250.032,-1.516,1.495,1.014
1250.142,-1.584,1.479,1.055
1250.254,-1.656,1.464,1.098
1250.365,-1.729,1.454,1.140
1250.476,-1.790,1.446,1.167
1250.586,-1.830,1.447,1.175
1250.698,-1.851,1.455,1.166
1250.809,-1.855,1.468,1.137
1250.920,-1.842,1.482,1.093
1251.031,-1.816,1.493,1.039
1251.140,-1.780,1.503,0.982
1251.254,-1.744,1.506,0.920
1251.365,-1.709,1.498,0.856
1251.476,-1.676,1.490,0.795
1251.587,-1.647,1.483,0.744
1251.698,-1.624,1.480,0.707
1251.809,-1.613,1.484,0.674
1251.920,-1.598,1.484,0.642
1252.031,-1.584,1.482,0.626
1252.143,-1.586,1.482,0.622
1252.253,-1.604,1.490,0.613
1252.365,-1.626,1.491,0.597
1252.476,-1.640,1.496,0.575
1252.587,-1.636,1.496,0.553
1252.698,-1.613,1.493,0.539
1252.809,-1.577,1.486,0.535
1252.920,-1.537,1.482,0.533
1253.031,-1.495,1.481,0.530
1253.143,-1.464,1.481,0.528
1253.253,-1.458,1.484,0.531
1253.365,-1.467,1.487,0.541
1253.476,-1.476,1.489,0.546
1253.587,-1.487,1.487,0.542
1253.698,-1.510,1.484,0.537
1253.809,-1.550,1.482,0.532
1253.920,-1.608,1.478,0.524
1254.032,-1.678,1.479,0.507
1254.143,-1.742,1.479,0.486
1254.254,-1.786,1.479,0.469
1254.365,-1.804,1.478,0.459
1254.476,-1.805,1.480,0.455
1254.587,-1.800,1.484,0.454
1254.698,-1.789,1.485,0.452
1254.810,-1.781,1.486,0.449
1254.920,-1.784,1.491,0.452
1255.032,-1.795,1.499,0.458
1255.143,-1.816,1.501,0.463
1255.254,-1.843,1.502,0.465
1255.365,-1.872,1.499,0.458
1255.476,-1.898,1.490,0.446
1255.587,-1.918,1.477,0.431
1255.699,-1.920,1.467,0.420
1255.810,-1.902,1.472,0.416
1255.921,-1.865,1.479,0.413
1256.032,-1.814,1.486,0.409
1256.143,-1.757,1.484,0.405
1256.254,-1.688,1.482,0.399
1256.365,-1.615,1.481,0.395
1256.476,-1.548,1.475,0.393
1256.587,-1.493,1.473,0.395
1256.698,-1.453,1.472,0.402
1256.809,-1.426,1.468,0.409
1256.921,-1.416,1.470,0.416
1257.032,-1.417,1.475,0.421
1257.143,-1.424,1.479,0.424
1257.254,-1.432,1.482,0.425
1257.365,-1.441,1.485,0.425
1257.476,-1.449,1.482,0.425
1257.587,-1.454,1.478,0.426
1257.698,-1.459,1.479,0.426
1257.810,-1.465,1.477,0.427
1257.921,-1.474,1.476,0.428
1258.032,-1.482,1.476,0.427
1258.143,-1.488,1.473,0.438
1258.254,-1.492,1.475,0.455
1258.365,-1.499,1.479,0.483
1258.477,-1.513,1.482,0.523
1258.587,-1.533,1.484,0.574
1258.699,-1.554,1.486,0.635
1258.810,-1.572,1.487,0.697
1258.921,-1.589,1.489,0.754
1259.032,-1.604,1.486,0.805
1259.143,-1.617,1.484,0.851
1259.253,-1.626,1.485,0.884
1259.365,-1.633,1.484,0.900
1259.476,-1.640,1.485,0.903
1259.587,-1.648,1.485,0.899
1259.698,-1.657,1.484,0.885
1259.809,-1.669,1.481,0.863
1259.920,-1.672,1.473,0.838
1260.032,-1.649,1.469,0.800
1260.143,-1.593,1.474,0.754
1260.254,-1.506,1.481,0.711
1260.365,-1.411,1.479,0.666
1260.476,-1.308,1.468,0.614
1260.587,-1.196,1.458,0.552
1260.698,-1.082,1.462,0.485
1260.809,-0.982,1.463,0.435
1260.920,-0.903,1.451,0.414
1261.031,-0.853,1.447,0.413
1261.143,-0.824,1.449,0.421
1261.254,-0.815,1.456,0.441
1261.365,-0.828,1.468,0.470
1261.476,-0.845,1.477,0.502
1261.587,-0.854,1.484,0.531
1261.698,-0.844,1.491,0.553
1261.810,-0.814,1.494,0.566
1261.921,-0.768,1.493,0.568
1262.032,-0.711,1.485,0.559
1262.143,-0.648,1.480,0.537
1262.254,-0.593,1.478,0.516
1262.365,-0.556,1.481,0.503
1262.476,-0.531,1.478,0.501
1262.587,-0.521,1.479,0.504
1262.698,-0.521,1.481,0.512
1262.810,-0.535,1.486,0.524
1262.921,-0.562,1.491,0.543
1263.032,-0.603,1.494,0.565
1263.143,-0.655,1.496,0.588
1263.254,-0.716,1.495,0.611
1263.365,-0.784,1.489,0.630
1263.476,-0.844,1.485,0.647
1263.587,-0.890,1.486,0.656
1263.698,-0.932,1.483,0.651
1263.809,-0.974,1.480,0.635
1263.920,-1.020,1.473,0.609
1264.032,-1.066,1.462,0.575
1264.143,-1.116,1.467,0.532
1264.254,-1.164,1.464,0.497
1264.365,-1.206,1.460,0.476
1264.476,-1.239,1.460,0.471
1264.587,-1.263,1.467,0.486
1264.698,-1.279,1.479,0.520
1264.810,-1.290,1.490,0.567
1264.920,-1.299,1.498,0.628
1265.031,-1.309,1.499,0.702
1265.143,-1.322,1.497,0.781
1265.254,-1.341,1.491,0.856
1265.365,-1.361,1.495,0.919
1265.476,-1.384,1.503,0.967
1265.587,-1.410,1.500,1.002
1265.698,-1.440,1.498,1.025
1265.809,-1.473,1.494,1.034
1265.920,-1.513,1.490,1.030
1266.031,-1.561,1.490,1.015
1266.142,-1.614,1.493,0.991
1266.253,-1.669,1.490,0.962
1266.365,-1.715,1.488,0.932
1266.476,-1.748,1.481,0.902
1266.587,-1.764,1.473,0.882
1266.698,-1.769,1.473,0.871
1266.812,-1.776,1.474,0.874
1266.921,-1.787,1.479,0.895
1267.032,-1.801,1.486,0.931
1267.143,-1.814,1.490,0.971
1267.254,-1.826,1.492,1.010
1267.365,-1.836,1.491,1.047
1267.476,-1.841,1.490,1.079
1267.587,-1.843,1.491,1.097
1267.698,-1.845,1.490,1.100
1267.809,-1.845,1.490,1.087
1267.920,-1.841,1.490,1.069
1268.031,-1.829,1.494,1.047
1268.143,-1.798,1.499,1.022
1268.253,-1.760,1.493,1.007
1268.364,-1.725,1.478,1.002
1268.476,-1.692,1.473,0.995
1268.587,-1.657,1.470,0.982
1268.698,-1.618,1.471,0.959
1268.810,-1.566,1.478,0.926
1268.920,-1.498,1.483,0.894
1269.032,-1.428,1.485,0.868
1269.143,-1.362,1.495,0.845
1269.254,-1.296,1.508,0.817
1269.365,-1.226,1.498,0.779
1269.476,-1.149,1.470,0.726
1269.587,-1.061,1.448,0.648
1269.698,-0.959,1.445,0.551
1269.810,-0.860,1.449,0.470
1269.921,-0.782,1.445,0.422
1270.032,-0.725,1.447,0.400
1270.143,-0.689,1.460,0.396
1270.254,-0.661,1.477,0.409
1270.365,-0.632,1.488,0.431
1270.477,-0.598,1.487,0.457
1270.587,-0.566,1.483,0.480
1270.698,-0.548,1.484,0.504
1270.810,-0.546,1.491,0.531
1270.920,-0.556,1.495,0.560
1271.031,-0.569,1.488,0.590
1271.143,-0.583,1.487,0.615
1271.254,-0.591,1.484,0.634
1271.365,-0.592,1.484,0.645
1271.476,-0.587,1.482,0.649
1271.587,-0.578,1.480,0.648
1271.698,-0.568,1.477,0.645
1271.809,-0.557,1.475,0.641
1271.920,-0.547,1.473,0.639
1272.031,-0.540,1.472,0.637
1272.142,-0.536,1.473,0.636
1272.254,-0.537,1.474,0.637
1272.365,-0.542,1.475,0.643
1272.476,-0.552,1.477,0.655
1272.587,-0.570,1.479,0.674
1272.698,-0.597,1.482,0.700
1272.810,-0.635,1.487,0.736
1272.920,-0.670,1.490,0.779
1273.031,-0.703,1.494,0.820
1273.142,-0.740,1.499,0.852
1273.253,-0.785,1.504,0.875
1273.364,-0.836,1.513,0.891
1273.476,-0.893,1.515,0.900
1273.587,-0.959,1.505,0.903
1273.698,-1.032,1.492,0.897
1273.809,-1.110,1.488,0.884
1273.920,-1.187,1.505,0.869
1274.031,-1.260,1.502,0.862
1274.142,-1.324,1.502,0.865
1274.253,-1.385,1.498,0.875
1274.364,-1.445,1.489,0.892
1274.475,-1.505,1.483,0.915
1274.586,-1.567,1.494,0.944
1274.698,-1.621,1.493,0.967
1274.809,-1.662,1.495,0.984
1274.920,-1.692,1.492,0.998
1275.031,-1.714,1.487,1.009
1275.142,-1.728,1.486,1.017
1275.254,-1.739,1.487,1.020
1275.365,-1.747,1.485,1.021
1275.475,-1.752,1.485,1.020
1275.587,-1.756,1.486,1.018
1275.699,-1.758,1.485,1.016
1275.809,-1.759,1.485,1.014
1275.920,-1.760,1.485,1.013
1276.031,-1.759,1.484,1.012
1276.143,-1.759,1.485,1.008
1276.254,-1.758,1.488,0.998
1276.365,-1.757,1.490,0.985
1276.477,-1.757,1.489,0.970
1276.587,-1.758,1.492,0.952
1276.698,-1.761,1.494,0.926
1276.809,-1.767,1.494,0.890
1276.920,-1.779,1.495,0.839
1277.031,-1.799,1.493,0.769
1277.143,-1.827,1.494,0.682
1277.254,-1.857,1.493,0.601
1277.365,-1.877,1.490,0.543
1277.477,-1.876,1.485,0.513
1277.587,-1.852,1.488,0.512
1277.698,-1.808,1.499,0.541
1277.809,-1.748,1.504,0.602
1277.921,-1.686,1.491,0.677
1278.031,-1.622,1.482,0.741
1278.143,-1.545,1.505,0.788
1278.254,-1.461,1.517,0.831
1278.365,-1.380,1.518,0.872
1278.477,-1.298,1.519,0.909
1278.587,-1.211,1.516,0.941
1278.698,-1.117,1.512,0.969
1278.810,-1.024,1.506,0.994
1278.920,-0.950,1.507,1.011
1279.031,-0.887,1.508,1.014
1279.143,-0.828,1.503,1.003
1279.254,-0.769,1.495,0.980
1279.365,-0.709,1.479,0.943
1279.476,-0.646,1.465,0.892
1279.587,-0.581,1.472,0.832
1279.698,-0.520,1.488,0.782
1279.809,-0.463,1.501,0.739
1279.921,-0.407,1.503,0.694
1280.031,-0.343,1.499,0.647
1280.143,-0.267,1.488,0.599
1280.254,-0.192,1.480,0.549
1280.365,-0.132,1.483,0.507
1280.476,-0.093,1.487,0.477
1280.587,-0.069,1.484,0.459
1280.699,-0.057,1.481,0.450
1280.810,-0.054,1.480,0.446
1280.920,-0.058,1.480,0.446
1281.032,-0.073,1.480,0.453
1281.142,-0.097,1.484,0.470
1281.254,-0.130,1.489,0.498
1281.365,-0.173,1.494,0.538
1281.476,-0.227,1.497,0.587
1281.587,-0.288,1.495,0.643
1281.698,-0.355,1.492,0.700
1281.809,-0.417,1.495,0.754
1281.920,-0.477,1.498,0.801
1282.032,-0.537,1.495,0.836
1282.142,-0.602,1.491,0.861
1282.254,-0.673,1.478,0.877
1282.365,-0.752,1.466,0.883
1282.476,-0.842,1.472,0.883
1282.587,-0.931,1.484,0.886
1282.698,-1.012,1.488,0.895
1282.809,-1.086,1.489,0.902
1282.920,-1.165,1.485,0.905
1283.031,-1.249,1.475,0.906
1283.142,-1.342,1.465,0.911
1283.253,-1.444,1.470,0.921
1283.365,-1.543,1.488,0.925
1283.476,-1.622,1.494,0.923
1283.587,-1.673,1.487,0.921
1283.698,-1.703,1.489,0.915
1283.810,-1.725,1.490,0.904
1283.920,-1.747,1.487,0.886
1284.032,-1.769,1.484,0.863
1284.143,-1.790,1.480,0.834
1284.254,-1.807,1.478,0.794
1284.365,-1.822,1.482,0.740
1284.476,-1.837,1.489,0.679
1284.587,-1.859,1.494,0.620
1284.698,-1.885,1.494,0.567
1284.810,-1.900,1.490,0.527
1284.920,-1.905,1.488,0.503
1285.031,-1.898,1.489,0.500
1285.142,-1.875,1.496,0.515
1285.253,-1.841,1.504,0.549
1285.364,-1.801,1.503,0.599
1285.476,-1.765,1.492,0.652
1285.587,-1.731,1.485,0.696
1285.697,-1.693,1.494,0.727
1285.809,-1.649,1.497,0.748
1285.920,-1.607,1.497,0.758
1286.031,-1.568,1.496,0.752
1286.142,-1.525,1.495,0.728
1286.253,-1.474,1.492,0.693
1286.365,-1.418,1.493,0.653
1286.476,-1.365,1.494,0.618
1286.587,-1.328,1.489,0.588
1286.698,-1.310,1.488,0.566
1286.809,-1.309,1.490,0.550
1286.920,-1.319,1.490,0.536
1287.031,-1.333,1.488,0.526
1287.143,-1.352,1.487,0.517
1287.254,-1.381,1.486,0.510
1287.365,-1.428,1.485,0.503
1287.476,-1.492,1.481,0.496
1287.587,-1.570,1.480,0.485
1287.698,-1.652,1.485,0.476
1287.809,-1.723,1.493,0.470
1287.921,-1.777,1.497,0.472
1288.032,-1.810,1.502,0.478
1288.143,-1.825,1.509,0.486
1288.254,-1.825,1.524,0.499
1288.365,-1.812,1.548,0.522
1288.476,-1.787,1.557,0.543
1288.587,-1.756,1.552,0.547
1288.698,-1.717,1.542,0.537
1288.810,-1.657,1.518,0.508
1288.921,-1.580,1.497,0.479
1289.032,-1.503,1.490,0.460
1289.143,-1.436,1.486,0.451
1289.254,-1.385,1.487,0.446
1289.365,-1.349,1.485,0.448
1289.476,-1.327,1.483,0.453
1289.587,-1.319,1.483,0.460
1289.698,-1.321,1.483,0.469
1289.810,-1.324,1.485,0.474
1289.920,-1.328,1.487,0.474
1290.032,-1.332,1.484,0.470
1290.143,-1.339,1.481,0.465
1290.254,-1.348,1.478,0.471
1290.365,-1.357,1.481,0.490
1290.476,-1.365,1.484,0.521
1290.588,-1.373,1.484,0.554
1290.698,-1.381,1.486,0.580
1290.810,-1.383,1.483,0.594
1290.921,-1.379,1.477,0.593
1291.032,-1.368,1.471,0.582
1291.143,-1.354,1.470,0.565
1291.254,-1.342,1.473,0.547
1291.365,-1.333,1.473,0.530
1291.476,-1.326,1.473,0.518
1291.588,-1.320,1.474,0.513
1291.698,-1.317,1.477,0.517
1291.810,-1.318,1.481,0.534
1291.921,-1.327,1.483,0.565
1292.031,-1.341,1.485,0.615
1292.143,-1.356,1.485,0.676
1292.253,-1.369,1.485,0.739
1292.365,-1.384,1.485,0.795
1292.476,-1.399,1.482,0.837
1292.587,-1.420,1.491,0.863
1292.698,-1.456,1.491,0.877
1292.809,-1.505,1.488,0.883
1292.920,-1.568,1.482,0.881
1293.031,-1.642,1.476,0.870
1293.142,-1.721,1.483,0.854
1293.254,-1.788,1.487,0.848
1293.365,-1.839,1.487,0.849
1293.476,-1.872,1.488,0.857
1293.587,-1.893,1.493,0.873
1293.698,-1.903,1.493,0.895
1293.809,-1.909,1.488,0.923
1293.920,-1.916,1.480,0.952
1294.031,-1.914,1.475,0.968
1294.143,-1.891,1.476,0.967
1294.254,-1.849,1.481,0.953
1294.365,-1.794,1.484,0.929
1294.476,-1.723,1.483,0.896
1294.587,-1.641,1.480,0.855
1294.698,-1.553,1.482,0.810
1294.810,-1.479,1.488,0.767
1294.920,-1.421,1.490,0.729
1295.032,-1.376,1.486,0.703
1295.143,-1.342,1.483,0.687
1295.254,-1.324,1.480,0.677
1295.365,-1.329,1.479,0.670
1295.476,-1.363,1.487,0.669
1295.587,-1.416,1.497,0.676
1295.698,-1.480,1.499,0.694
1295.810,-1.550,1.495,0.721
1295.920,-1.608,1.492,0.738
1296.032,-1.631,1.479,0.737
1296.143,-1.641,1.467,0.741
1296.253,-1.649,1.460,0.729
1296.365,-1.638,1.460,0.712
1296.476,-1.602,1.471,0.698
1296.587,-1.547,1.483,0.691
1296.698,-1.481,1.489,0.687
1296.809,-1.410,1.495,0.684
1296.920,-1.346,1.499,0.679
1297.032,-1.291,1.501,0.666
1297.142,-1.241,1.500,0.642
1297.254,-1.192,1.493,0.610
1297.365,-1.141,1.484,0.572
1297.476,-1.088,1.472,0.524
1297.587,-1.032,1.475,0.464
1297.698,-0.974,1.479,0.417
1297.810,-0.922,1.482,0.393
1297.920,-0.872,1.486,0.392
1298.032,-0.816,1.487,0.409
1298.143,-0.757,1.482,0.429
1298.254,-0.702,1.474,0.447
1298.365,-0.663,1.469,0.464
1298.476,-0.645,1.473,0.487
1298.588,-0.641,1.478,0.516
1298.698,-0.650,1.485,0.551
1298.810,-0.676,1.491,0.595
1298.920,-0.719,1.495,0.650
1299.031,-0.774,1.496,0.712
1299.143,-0.837,1.491,0.777
1299.254,-0.895,1.487,0.836
1299.365,-0.943,1.501,0.885
1299.476,-0.989,1.502,0.922
1299.587,-1.037,1.498,0.948
1299.698,-1.087,1.496,0.957
1299.809,-1.144,1.485,0.950
1299.920,-1.207,1.477,0.926
1300.031,-1.279,1.487,0.883
1300.142,-1.352,1.498,0.829
1300.252,-1.415,1.499,0.781
1300.364,-1.466,1.504,0.735
1300.474,-1.511,1.501,0.693
1300.585,-1.560,1.497,0.652
1300.697,-1.618,1.487,0.608
1300.808,-1.683,1.485,0.557
1300.919,-1.748,1.492,0.504
1301.031,-1.808,1.496,0.458
1301.142,-1.856,1.497,0.424
1301.253,-1.890,1.497,0.405
1301.364,-1.910,1.498,0.397
1301.474,-1.920,1.498,0.394
1301.585,-1.924,1.499,0.394
1301.697,-1.918,1.499,0.398
1301.808,-1.911,1.501,0.397
1301.919,-1.898,1.500,0.396
1302.030,-1.860,1.498,0.399
1302.141,-1.801,1.494,0.421
1302.252,-1.723,1.497,0.467
1302.364,-1.638,1.499,0.534
1302.475,-1.562,1.500,0.602
1302.586,-1.502,1.497,0.655
1302.697,-1.457,1.497,0.694
1302.808,-1.413,1.493,0.719
1302.919,-1.369,1.487,0.725
1303.030,-1.321,1.479,0.713
1303.142,-1.260,1.467,0.683
1303.253,-1.179,1.454,0.633
1303.364,-1.074,1.445,0.561
1303.475,-0.965,1.446,0.483
1303.587,-0.881,1.450,0.429
1303.698,-0.822,1.458,0.399
1303.800,-0.780,1.468,0.386
1303.911,-0.744,1.477,0.387
1304.022,-0.702,1.486,0.401
1304.132,-0.652,1.492,0.425
1304.238,-0.604,1.489,0.450
1304.350,-0.549,1.488,0.471
1304.461,-0.509,1.493,0.484
1304.572,-0.486,1.493,0.496
1304.683,-0.477,1.493,0.512
1304.794,-0.481,1.496,0.528
1304.905,-0.496,1.498,0.547
1305.017,-0.521,1.496,0.570
1305.128,-0.552,1.497,0.596
1305.240,-0.585,1.497,0.623
1305.351,-0.618,1.504,0.649
1305.462,-0.646,1.516,0.672
1305.573,-0.666,1.524,0.692
1305.684,-0.680,1.526,0.708
1305.795,-0.687,1.530,0.721
1305.907,-0.690,1.533,0.732
1306.017,-0.690,1.531,0.741
1306.129,-0.688,1.527,0.747
1306.240,-0.685,1.526,0.752
1306.351,-0.679,1.528,0.754
1306.462,-0.667,1.533,0.752
1306.573,-0.652,1.532,0.756
1306.685,-0.633,1.522,0.773
1306.796,-0.613,1.512,0.809
1306.907,-0.593,1.512,0.856
1307.018,-0.573,1.515,0.903
1307.129,-0.550,1.515,0.946
1307.240,-0.520,1.518,0.983
1307.351,-0.494,1.517,1.016
1307.463,-0.477,1.515,1.036
1307.573,-0.467,1.517,1.041
1307.685,-0.462,1.514,1.028
1307.796,-0.461,1.509,1.001
1307.907,-0.457,1.499,0.967
1308.018,-0.448,1.480,0.932
1308.129,-0.433,1.474,0.904
1308.240,-0.410,1.470,0.885
1308.351,-0.383,1.463,0.873
1308.462,-0.356,1.461,0.866
1308.573,-0.327,1.463,0.863
1308.684,-0.294,1.472,0.867
1308.795,-0.259,1.484,0.875
1308.907,-0.228,1.490,0.884
1309.018,-0.201,1.493,0.890
1309.129,-0.177,1.498,0.893
1309.240,-0.150,1.501,0.891
1309.351,-0.120,1.501,0.884
1309.462,-0.089,1.499,0.869
1309.574,-0.059,1.498,0.845
1309.685,-0.029,1.504,0.814
1309.796,-0.003,1.504,0.791
1309.907,0.016,1.504,0.774
1310.018,0.033,1.507,0.762
1310.129,0.046,1.505,0.754
1310.240,0.054,1.507,0.749
1310.351,0.060,1.511,0.744
1310.462,0.061,1.513,0.743
1310.574,0.059,1.512,0.747
1310.685,0.060,1.511,0.760
1310.796,0.059,1.511,0.774
1310.907,0.058,1.511,0.786
1311.018,0.056,1.514,0.800
1311.129,0.041,1.519,0.822
1311.240,0.009,1.525,0.850
1311.351,-0.034,1.528,0.872
1311.462,-0.077,1.529,0.881
1311.573,-0.113,1.528,0.882
1311.684,-0.141,1.527,0.878
1311.795,-0.161,1.525,0.871
1311.906,-0.171,1.521,0.863
1312.017,-0.173,1.526,0.857
1312.128,-0.171,1.531,0.855
1312.239,-0.165,1.538,0.857
1312.350,-0.156,1.543,0.861
1312.462,-0.145,1.545,0.866
1312.573,-0.131,1.545,0.875
1312.684,-0.112,1.543,0.888
1312.795,-0.087,1.539,0.898
1312.907,-0.062,1.535,0.902
1313.017,-0.040,1.533,0.900
1313.129,-0.021,1.531,0.894
1313.240,-0.006,1.530,0.888
1313.351,0.004,1.531,0.881
1313.463,0.010,1.531,0.876
1313.574,0.012,1.531,0.873
1313.685,0.015,1.528,0.870
1313.796,0.021,1.523,0.868
1313.907,0.028,1.517,0.865
1314.018,0.029,1.512,0.857
1314.129,0.020,1.513,0.845
1314.241,0.007,1.517,0.830
1314.351,-0.006,1.519,0.811
1314.463,-0.016,1.519,0.788
1314.574,-0.026,1.519,0.765
1314.685,-0.036,1.518,0.748
1314.796,-0.046,1.515,0.736
1314.907,-0.054,1.511,0.727
1315.018,-0.060,1.508,0.721
1315.129,-0.066,1.507,0.721
1315.241,-0.069,1.506,0.724
1315.351,-0.070,1.507,0.728
1315.463,-0.069,1.508,0.736
1315.574,-0.068,1.511,0.745
1315.685,-0.066,1.512,0.756
1315.796,-0.061,1.512,0.770
1315.907,-0.056,1.512,0.786
1316.018,-0.049,1.513,0.803
1316.129,-0.041,1.513,0.823
1316.240,-0.035,1.509,0.843
1316.351,-0.032,1.505,0.862
1316.462,-0.030,1.501,0.879
1316.574,-0.029,1.498,0.890
1316.684,-0.025,1.496,0.896
1316.796,-0.019,1.493,0.897
1316.907,-0.011,1.494,0.891
1317.018,0.001,1.498,0.883
1317.129,0.012,1.497,0.871
1317.240,0.022,1.497,0.859
1317.351,0.028,1.494,0.848
1317.462,0.031,1.490,0.840
1317.573,0.032,1.489,0.835
1317.684,0.030,1.487,0.832
1317.794,0.026,1.483,0.831
1317.906,0.020,1.479,0.831
1318.016,0.015,1.479,0.832
1318.128,0.009,1.478,0.835
1318.239,0.005,1.476,0.839
1318.351,0.003,1.475,0.843
1318.461,0.002,1.474,0.848
1318.573,0.004,1.473,0.851
1318.684,0.008,1.475,0.854
1318.795,0.012,1.475,0.858
1318.906,0.016,1.474,0.863
1319.017,0.017,1.476,0.869
1319.128,0.018,1.477,0.875
1319.240,0.018,1.477,0.880
1319.350,0.019,1.476,0.884
1319.461,0.020,1.476,0.886
1319.573,0.021,1.475,0.886
1319.684,0.022,1.475,0.886
1319.795,0.023,1.474,0.886
1319.907,0.025,1.473,0.884
1320.017,0.026,1.473,0.883
1320.128,0.027,1.473,0.881
1320.240,0.028,1.475,0.881
1320.351,0.032,1.480,0.883
1320.462,0.041,1.480,0.889
1320.573,0.044,1.474,0.893
1320.684,0.027,1.489,0.882
1320.795,-0.008,1.509,0.866
1320.906,-0.051,1.521,0.852
1321.018,-0.093,1.522,0.843
1321.129,-0.129,1.521,0.833
1321.240,-0.163,1.517,0.823
1321.351,-0.194,1.518,0.817
1321.462,-0.220,1.525,0.812
1321.574,-0.240,1.530,0.809
1321.684,-0.254,1.535,0.808
1321.795,-0.262,1.540,0.809
1321.907,-0.265,1.545,0.815
1322.018,-0.264,1.551,0.824
1322.129,-0.260,1.553,0.834
1322.240,-0.254,1.555,0.841
1322.351,-0.248,1.556,0.844
1322.462,-0.242,1.554,0.844
1322.574,-0.237,1.552,0.841
1322.685,-0.234,1.549,0.836
1322.796,-0.231,1.547,0.833
1322.907,-0.227,1.545,0.832
1323.018,-0.225,1.544,0.832
1323.129,-0.224,1.545,0.834
1323.241,-0.224,1.544,0.833
1323.351,-0.224,1.544,0.833
1323.462,-0.225,1.543,0.834
1323.574,-0.225,1.543,0.834
1323.684,-0.225,1.543,0.833
1323.796,-0.225,1.543,0.831
1323.907,-0.225,1.542,0.829
1324.018,-0.221,1.541,0.828
1324.129,-0.217,1.539,0.828
1324.240,-0.214,1.538,0.827
1324.351,-0.213,1.537,0.825
1324.463,-0.213,1.535,0.823
1324.574,-0.215,1.537,0.822
1324.684,-0.219,1.538,0.821
1324.796,-0.224,1.541,0.821
1324.907,-0.228,1.544,0.820
1325.018,-0.229,1.542,0.820
1325.129,-0.229,1.539,0.820
1325.240,-0.227,1.537,0.820
1325.351,-0.224,1.536,0.824
1325.462,-0.218,1.534,0.830
1325.574,-0.208,1.529,0.840
1325.685,-0.193,1.523,0.867
1325.796,-0.176,1.518,0.904
1325.907,-0.157,1.512,0.941
1326.018,-0.136,1.505,0.975
1326.129,-0.119,1.494,0.999
1326.241,-0.104,1.486,1.016
1326.351,-0.093,1.480,1.026
1326.463,-0.084,1.480,1.029
1326.574,-0.075,1.479,1.025
1326.685,-0.063,1.479,1.013
1326.796,-0.047,1.486,0.994
1326.907,-0.028,1.492,0.972
1327.018,-0.007,1.493,0.950
1327.129,0.013,1.495,0.930
1327.240,0.031,1.496,0.912
1327.351,0.045,1.498,0.899
1327.462,0.055,1.500,0.894
1327.573,0.064,1.501,0.896
1327.684,0.070,1.500,0.901
1327.796,0.077,1.502,0.910
1327.907,0.085,1.504,0.924
1328.018,0.094,1.506,0.943
1328.129,0.103,1.506,0.964
1328.240,0.113,1.505,0.984
1328.351,0.124,1.504,1.002
1328.462,0.135,1.502,1.018
1328.574,0.145,1.500,1.032
1328.685,0.154,1.499,1.045
1328.796,0.162,1.498,1.055
1328.907,0.168,1.498,1.065
1329.018,0.172,1.497,1.075
1329.128,0.174,1.496,1.083
1329.240,0.176,1.498,1.090
1329.351,0.180,1.501,1.089
1329.463,0.184,1.504,1.072
1329.573,0.180,1.505,1.046
1329.684,0.166,1.505,1.022
1329.795,0.139,1.504,1.005
1329.908,0.100,1.506,0.992
1330.018,0.052,1.508,0.982
1330.129,0.003,1.512,0.974
1330.240,-0.046,1.514,0.969
1330.350,-0.090,1.511,0.967
1330.461,-0.124,1.508,0.967
1330.572,-0.151,1.505,0.969
1330.683,-0.169,1.503,0.971
1330.794,-0.179,1.501,0.973
1330.906,-0.182,1.501,0.973
1331.017,-0.175,1.502,0.968
1331.128,-0.161,1.500,0.962
1331.239,-0.141,1.498,0.954
1331.350,-0.118,1.499,0.942
1331.461,-0.093,1.496,0.925
1331.573,-0.063,1.492,0.902
1331.684,-0.025,1.484,0.875
1331.795,0.018,1.489,0.845
1331.906,0.062,1.492,0.811
1332.017,0.097,1.489,0.779
1332.128,0.123,1.489,0.754
1332.240,0.140,1.486,0.735
1332.350,0.151,1.485,0.722
1332.462,0.157,1.484,0.715
1332.573,0.161,1.487,0.710
1332.684,0.166,1.487,0.706
1332.795,0.170,1.487,0.701
1332.906,0.173,1.487,0.696
1333.017,0.175,1.488,0.692
1333.128,0.177,1.488,0.688
1333.240,0.181,1.487,0.684
1333.350,0.185,1.484,0.680
1333.461,0.188,1.483,0.677
1333.573,0.192,1.481,0.675
1333.684,0.195,1.479,0.674
1333.795,0.198,1.480,0.673
1333.906,0.202,1.480,0.672
1334.017,0.206,1.480,0.671
1334.128,0.209,1.481,0.672
1334.240,0.212,1.482,0.672
1334.351,0.214,1.482,0.671
1334.461,0.215,1.482,0.669
1334.573,0.216,1.482,0.668
1334.684,0.215,1.483,0.666
1334.795,0.210,1.482,0.664
1334.906,0.200,1.481,0.662
1335.017,0.184,1.481,0.661
1335.128,0.164,1.480,0.661
1335.240,0.137,1.481,0.662
1335.350,0.105,1.481,0.664
1335.461,0.066,1.481,0.664
1335.573,0.021,1.482,0.662
1335.684,-0.028,1.483,0.657
1335.795,-0.076,1.482,0.652
1335.906,-0.118,1.479,0.650
1336.017,-0.150,1.481,0.654
1336.128,-0.173,1.485,0.658
1336.239,-0.189,1.487,0.663
1336.350,-0.198,1.487,0.668
1336.461,-0.203,1.489,0.673
1336.573,-0.202,1.489,0.676
1336.684,-0.195,1.489,0.679
1336.795,-0.184,1.490,0.681
1336.906,-0.170,1.492,0.681
1337.017,-0.156,1.489,0.679
1337.128,-0.144,1.483,0.677
1337.239,-0.135,1.479,0.675
1337.350,-0.129,1.480,0.673
1337.462,-0.125,1.480,0.671
1337.573,-0.122,1.480,0.669
1337.684,-0.120,1.480,0.670
1337.795,-0.116,1.481,0.669
1337.906,-0.111,1.480,0.669
1338.017,-0.108,1.480,0.669
1338.128,-0.109,1.480,0.671
1338.239,-0.114,1.480,0.671
1338.350,-0.124,1.480,0.670
1338.461,-0.143,1.478,0.669
1338.573,-0.172,1.479,0.670
1338.684,-0.213,1.480,0.670
1338.794,-0.263,1.480,0.670
1338.906,-0.322,1.479,0.668
1339.017,-0.383,1.479,0.663
1339.128,-0.437,1.476,0.657
1339.239,-0.474,1.477,0.655
1339.350,-0.499,1.479,0.656
1339.461,-0.515,1.478,0.659
1339.573,-0.525,1.477,0.663
1339.684,-0.533,1.478,0.670
1339.795,-0.537,1.480,0.681
1339.906,-0.539,1.482,0.694
1340.017,-0.537,1.486,0.712
1340.128,-0.536,1.487,0.730
1340.239,-0.533,1.483,0.747
1340.350,-0.529,1.480,0.760
1340.461,-0.527,1.481,0.769
1340.573,-0.524,1.482,0.770
1340.684,-0.519,1.483,0.765
1340.795,-0.512,1.485,0.758
1340.906,-0.505,1.487,0.751
1341.017,-0.498,1.488,0.742
1341.128,-0.491,1.489,0.733
1341.239,-0.487,1.490,0.724
1341.351,-0.483,1.490,0.716
1341.461,-0.483,1.488,0.711
1341.573,-0.483,1.489,0.708
1341.684,-0.484,1.489,0.707
1341.794,-0.487,1.491,0.705
1341.906,-0.498,1.493,0.703
1342.017,-0.524,1.492,0.703
1342.128,-0.561,1.491,0.704
1342.239,-0.607,1.490,0.702
1342.350,-0.659,1.488,0.694
1342.462,-0.708,1.486,0.684
1342.573,-0.751,1.484,0.678
1342.683,-0.785,1.480,0.680
1342.794,-0.810,1.476,0.687
1342.906,-0.828,1.474,0.694
1343.017,-0.838,1.477,0.701
1343.128,-0.845,1.478,0.706
1343.239,-0.847,1.478,0.711
1343.350,-0.846,1.480,0.713
1343.461,-0.842,1.480,0.715
1343.573,-0.838,1.482,0.716
1343.683,-0.832,1.482,0.715
1343.794,-0.827,1.482,0.714
1343.906,-0.823,1.483,0.713
1344.017,-0.820,1.483,0.711
1344.128,-0.817,1.483,0.709
1344.239,-0.816,1.483,0.707
1344.351,-0.814,1.482,0.705
1344.461,-0.812,1.481,0.704
1344.572,-0.810,1.481,0.704
1344.683,-0.808,1.480,0.703
1344.795,-0.808,1.479,0.702
1344.906,-0.807,1.479,0.701
1345.017,-0.806,1.479,0.699
1345.128,-0.804,1.479,0.697
1345.239,-0.803,1.479,0.694
1345.350,-0.801,1.481,0.692
1345.461,-0.800,1.483,0.691
1345.572,-0.797,1.484,0.689
1345.684,-0.794,1.485,0.688
1345.794,-0.790,1.486,0.687
1345.906,-0.787,1.486,0.686
1346.017,-0.785,1.486,0.686
1346.128,-0.783,1.486,0.685
1346.239,-0.781,1.486,0.685
1346.350,-0.780,1.486,0.685
1346.461,-0.779,1.486,0.685
1346.573,-0.779,1.485,0.686
1346.684,-0.779,1.485,0.686
1346.795,-0.779,1.486,0.685
1346.906,-0.780,1.486,0.684
1347.017,-0.782,1.486,0.684
1347.128,-0.785,1.487,0.683
1347.239,-0.791,1.487,0.682
1347.350,-0.802,1.487,0.681
1347.461,-0.819,1.486,0.679
1347.573,-0.842,1.483,0.676
1347.684,-0.868,1.479,0.675
1347.795,-0.893,1.477,0.676
1347.906,-0.915,1.480,0.678
1348.017,-0.932,1.479,0.679
1348.128,-0.942,1.477,0.681
1348.239,-0.932,1.480,0.687
1348.350,-0.913,1.481,0.701
1348.461,-0.897,1.482,0.722
1348.573,-0.886,1.484,0.743
1348.684,-0.892,1.483,0.759
1348.795,-0.905,1.479,0.771
1348.906,-0.918,1.476,0.782
1349.017,-0.932,1.476,0.788
1349.128,-0.949,1.478,0.791
1349.239,-0.964,1.481,0.788
1349.350,-0.982,1.484,0.778
1349.461,-1.001,1.486,0.762
1349.572,-1.021,1.489,0.746
1349.683,-1.037,1.488,0.732
1349.795,-1.052,1.489,0.721
1349.906,-1.064,1.491,0.716
1350.017,-1.072,1.491,0.715
1350.128,-1.077,1.490,0.720
1350.239,-1.079,1.489,0.727
1350.351,-1.079,1.488,0.737
1350.461,-1.078,1.489,0.748
1350.572,-1.076,1.490,0.757
1350.683,-1.073,1.490,0.763
1350.795,-1.069,1.491,0.767
1350.906,-1.063,1.491,0.767
1351.017,-1.057,1.492,0.765
1351.128,-1.052,1.492,0.762
1351.240,-1.047,1.492,0.760
1351.350,-1.044,1.492,0.757
1351.461,-1.042,1.491,0.756
1351.572,-1.042,1.491,0.754
1351.683,-1.042,1.491,0.754
1351.795,-1.042,1.490,0.753
1351.906,-1.042,1.490,0.754
1352.017,-1.042,1.490,0.754
1352.128,-1.042,1.491,0.754
1352.239,-1.041,1.492,0.753
1352.350,-1.040,1.492,0.752
1352.461,-1.039,1.492,0.751
1352.572,-1.037,1.493,0.750
1352.683,-1.036,1.494,0.749
1352.794,-1.034,1.494,0.747
1352.906,-1.033,1.494,0.745
1353.017,-1.033,1.494,0.743
1353.128,-1.034,1.494,0.741
1353.239,-1.036,1.494,0.740
1353.350,-1.037,1.494,0.738
1353.461,-1.039,1.493,0.738
1353.573,-1.040,1.493,0.737
1353.683,-1.041,1.493,0.736
1353.794,-1.041,1.493,0.736
1353.906,-1.040,1.492,0.735
1354.017,-1.040,1.492,0.734
1354.128,-1.040,1.492,0.733
1354.239,-1.040,1.492,0.733
1354.350,-1.040,1.492,0.732
1354.461,-1.041,1.492,0.731
1354.572,-1.040,1.492,0.730
1354.683,-1.040,1.492,0.729
1354.794,-1.040,1.492,0.727
1354.906,-1.040,1.492,0.726
1355.017,-1.039,1.492,0.725
1355.128,-1.039,1.493,0.723
1355.239,-1.038,1.493,0.721
1355.350,-1.038,1.493,0.719
1355.461,-1.038,1.493,0.718
1355.573,-1.041,1.493,0.717
1355.683,-1.047,1.495,0.717
1355.794,-1.055,1.495,0.720
1355.906,-1.063,1.495,0.723
1356.017,-1.072,1.488,0.730
1356.128,-1.083,1.486,0.738
1356.240,-1.098,1.484,0.748
1356.350,-1.116,1.485,0.758
1356.461,-1.139,1.488,0.763
1356.572,-1.168,1.487,0.759
1356.684,-1.206,1.486,0.753
1356.795,-1.243,1.489,0.749
1356.906,-1.275,1.492,0.746
1357.017,-1.297,1.493,0.745
1357.128,-1.309,1.494,0.747
1357.239,-1.313,1.499,0.754
1357.350,-1.312,1.502,0.764
1357.462,-1.307,1.501,0.779
1357.573,-1.298,1.501,0.799
1357.683,-1.285,1.499,0.819
1357.795,-1.274,1.494,0.836
1357.906,-1.268,1.498,0.847
1358.017,-1.266,1.498,0.850
1358.128,-1.267,1.499,0.846
1358.240,-1.271,1.501,0.838
1358.350,-1.275,1.500,0.830
1358.461,-1.279,1.501,0.823
1358.573,-1.282,1.500,0.817
1358.683,-1.284,1.498,0.812
1358.795,-1.285,1.497,0.808
1358.906,-1.286,1.496,0.806
1359.017,-1.286,1.496,0.804
1359.128,-1.289,1.497,0.801
1359.240,-1.293,1.500,0.798
1359.350,-1.294,1.502,0.795
1359.461,-1.294,1.503,0.793
1359.573,-1.292,1.503,0.791
1359.684,-1.291,1.503,0.790
1359.794,-1.290,1.503,0.788
1359.906,-1.291,1.501,0.786
1360.017,-1.291,1.500,0.785
1360.128,-1.288,1.496,0.785
1360.240,-1.280,1.493,0.786
1360.350,-1.272,1.490,0.787
1360.461,-1.269,1.486,0.787
1360.572,-1.274,1.483,0.784
1360.684,-1.281,1.481,0.780
1360.795,-1.289,1.479,0.778
1360.906,-1.296,1.478,0.777
1361.017,-1.302,1.477,0.776
1361.128,-1.305,1.478,0.776
1361.240,-1.306,1.477,0.777
1361.350,-1.304,1.477,0.779
1361.462,-1.299,1.477,0.780
1361.572,-1.293,1.478,0.779
1361.684,-1.288,1.477,0.778
1361.794,-1.284,1.478,0.777
1361.906,-1.282,1.477,0.775
1362.017,-1.283,1.477,0.774
1362.128,-1.284,1.478,0.774
1362.240,-1.282,1.478,0.774
1362.350,-1.280,1.477,0.775
1362.461,-1.278,1.477,0.777
1362.573,-1.277,1.476,0.778
1362.684,-1.283,1.475,0.781
1362.795,-1.298,1.473,0.788
1362.907,-1.312,1.471,0.798
1363.017,-1.319,1.470,0.808
1363.157,-1.315,1.468,0.816
1363.268,-1.310,1.467,0.820
1363.379,-1.298,1.468,0.820
1363.490,-1.271,1.470,0.817
1363.601,-1.237,1.473,0.819
1363.712,-1.203,1.478,0.829
1363.823,-1.173,1.483,0.845
1363.934,-1.149,1.490,0.862
1364.045,-1.134,1.496,0.878
1364.157,-1.126,1.500,0.889
1364.267,-1.124,1.506,0.894
1364.378,-1.125,1.510,0.893
1364.490,-1.126,1.511,0.886
1364.601,-1.127,1.510,0.873
1364.712,-1.127,1.510,0.844
1364.823,-1.134,1.505,0.803
1364.934,-1.142,1.498,0.767
1365.045,-1.147,1.494,0.738
1365.156,-1.147,1.492,0.715
1365.267,-1.145,1.490,0.695
1365.378,-1.142,1.489,0.678
1365.490,-1.136,1.488,0.664
1365.600,-1.124,1.488,0.654
1365.711,-1.112,1.488,0.657
1365.823,-1.104,1.488,0.665
1365.932,-1.100,1.488,0.669
1366.043,-1.092,1.488,0.669
1366.155,-1.079,1.488,0.670
1366.266,-1.064,1.486,0.675
1366.377,-1.045,1.483,0.683
1366.489,-1.021,1.482,0.694
1366.600,-0.991,1.481,0.707
1366.711,-0.953,1.481,0.721
1366.822,-0.910,1.492,0.736
1366.933,-0.864,1.495,0.749
1367.044,-0.820,1.494,0.757
1367.156,-0.780,1.497,0.763
1367.267,-0.740,1.497,0.769
1367.378,-0.702,1.487,0.771
1367.489,-0.663,1.482,0.764
1367.600,-0.621,1.487,0.749
1367.712,-0.578,1.488,0.732
1367.823,-0.542,1.489,0.715
1367.934,-0.512,1.488,0.701
1368.045,-0.489,1.489,0.692
1368.157,-0.471,1.488,0.687
1368.267,-0.460,1.485,0.684
1368.378,-0.455,1.484,0.685
1368.490,-0.452,1.491,0.691
1368.601,-0.450,1.491,0.700
1368.712,-0.447,1.492,0.709
1368.823,-0.446,1.490,0.717
1368.934,-0.446,1.490,0.724
1369.045,-0.444,1.489,0.730
1369.156,-0.442,1.488,0.733
1369.267,-0.439,1.489,0.733
1369.378,-0.435,1.489,0.733
1369.489,-0.430,1.489,0.734
1369.600,-0.426,1.488,0.734
1369.711,-0.423,1.488,0.735
1369.823,-0.419,1.488,0.738
1369.933,-0.414,1.488,0.744
1370.045,-0.408,1.488,0.752
1370.156,-0.403,1.488,0.762
1370.267,-0.397,1.488,0.774
1370.378,-0.390,1.488,0.788
1370.489,-0.384,1.487,0.803
1370.600,-0.377,1.486,0.818
1370.712,-0.371,1.483,0.832
1370.823,-0.365,1.480,0.843
1370.934,-0.358,1.480,0.852
1371.045,-0.349,1.479,0.856
1371.156,-0.338,1.478,0.857
1371.267,-0.325,1.476,0.855
1371.378,-0.312,1.478,0.849
1371.490,-0.292,1.486,0.837
1371.601,-0.271,1.495,0.825
1371.712,-0.251,1.504,0.813
1371.823,-0.231,1.507,0.804
1371.934,-0.213,1.506,0.795
1372.045,-0.196,1.499,0.785
1372.157,-0.182,1.492,0.768
1372.268,-0.175,1.490,0.747
1372.379,-0.177,1.489,0.725
1372.490,-0.186,1.488,0.708
1372.601,-0.204,1.488,0.696
1372.712,-0.226,1.485,0.690
1372.823,-0.249,1.482,0.689
1372.934,-0.274,1.479,0.693
1373.045,-0.299,1.479,0.701
1373.156,-0.316,1.478,0.712
1373.267,-0.325,1.476,0.720
1373.379,-0.325,1.475,0.724
1373.490,-0.319,1.474,0.725
1373.601,-0.310,1.475,0.724
1373.712,-0.302,1.475,0.721
1373.823,-0.292,1.476,0.717
1373.934,-0.277,1.477,0.711
1374.045,-0.259,1.477,0.706
1374.157,-0.228,1.481,0.704
1374.267,-0.186,1.491,0.720
1374.379,-0.158,1.501,0.751
1374.490,-0.148,1.506,0.775
1374.601,-0.144,1.506,0.789
1374.712,-0.142,1.505,0.799
1374.824,-0.132,1.504,0.804
1374.935,-0.117,1.502,0.812
1375.046,-0.101,1.502,0.828
1375.157,-0.086,1.503,0.852
1375.268,-0.073,1.504,0.878
1375.379,-0.057,1.505,0.906
1375.490,-0.037,1.503,0.929
1375.601,-0.015,1.500,0.946
1375.712,0.008,1.502,0.956
1375.823,0.034,1.498,0.964
1375.935,0.062,1.496,0.970
1376.045,0.092,1.499,0.973
1376.156,0.125,1.504,0.974
1376.267,0.156,1.502,0.975
1376.378,0.180,1.499,0.978
1376.489,0.197,1.498,0.983
1376.600,0.207,1.498,0.993
1376.711,0.212,1.497,1.007
1376.822,0.213,1.495,1.020
1376.934,0.209,1.495,1.030
1377.045,0.203,1.497,1.039
1377.156,0.195,1.498,1.047
1377.267,0.189,1.499,1.055
1377.378,0.184,1.498,1.062
1377.489,0.180,1.497,1.069
1377.600,0.176,1.496,1.075
1377.711,0.174,1.495,1.080
1377.823,0.171,1.495,1.084
1377.934,0.170,1.494,1.087
1378.045,0.169,1.494,1.090
1378.158,0.167,1.494,1.090
1378.267,0.165,1.494,1.090
1378.378,0.162,1.493,1.090
1378.490,0.159,1.494,1.090
1378.601,0.154,1.494,1.092
1378.712,0.135,1.495,1.099
1378.823,0.112,1.496,1.102
1378.933,0.095,1.495,1.098
1379.045,0.085,1.494,1.094
1379.156,0.080,1.493,1.091
1379.267,0.076,1.490,1.088
1379.378,0.071,1.487,1.086
1379.489,0.064,1.486,1.086
1379.600,0.057,1.488,1.089
1379.711,0.050,1.488,1.095
1379.823,0.045,1.489,1.104
1379.933,0.040,1.487,1.118
1380.045,0.038,1.482,1.135
1380.156,0.039,1.475,1.141
1380.266,0.038,1.476,1.124
1380.378,0.032,1.486,1.092
1380.490,0.020,1.496,1.052
1380.600,0.003,1.498,1.009
1380.712,-0.019,1.499,0.970
1380.823,-0.048,1.498,0.938
1380.934,-0.084,1.509,0.916
1381.046,-0.123,1.520,0.903
1381.156,-0.163,1.527,0.898
1381.266,-0.203,1.532,0.902
1381.378,-0.244,1.533,0.912
1381.489,-0.283,1.533,0.926
1381.599,-0.317,1.532,0.942
1381.711,-0.341,1.531,0.960
1381.822,-0.356,1.532,0.981
1381.933,-0.364,1.532,1.003
1382.044,-0.367,1.534,1.023
1382.155,-0.368,1.536,1.039
1382.266,-0.366,1.545,1.051
1382.377,-0.363,1.555,1.057
1382.489,-0.363,1.556,1.067
1382.599,-0.363,1.555,1.086
1382.711,-0.362,1.554,1.113
1382.822,-0.360,1.548,1.148
1382.933,-0.356,1.534,1.191
1383.044,-0.349,1.513,1.241
1383.156,-0.337,1.501,1.295
1383.266,-0.319,1.508,1.352
1383.377,-0.301,1.519,1.408
1383.489,-0.285,1.517,1.458
1383.599,-0.275,1.514,1.505
1383.710,-0.269,1.514,1.550
1383.821,-0.267,1.510,1.595
1383.933,-0.270,1.506,1.642
1384.044,-0.280,1.499,1.690
1384.155,-0.295,1.498,1.740
1384.266,-0.315,1.513,1.798
1384.377,-0.336,1.516,1.860
1384.488,-0.357,1.515,1.924
1384.599,-0.378,1.515,1.981
1384.710,-0.398,1.510,2.033
1384.822,-0.419,1.506,2.079
1384.933,-0.435,1.501,2.125
1385.044,-0.447,1.496,2.172
1385.155,-0.455,1.493,2.224
1385.265,-0.459,1.499,2.281
1385.377,-0.456,1.496,2.336
1385.489,-0.453,1.491,2.384
1385.599,-0.449,1.491,2.426
1385.710,-0.446,1.487,2.471
1385.822,-0.448,1.482,2.520
1385.932,-0.457,1.475,2.572
1386.043,-0.473,1.470,2.629
1386.155,-0.499,1.483,2.690
1386.266,-0.531,1.492,2.753
1386.377,-0.563,1.492,2.806
1386.488,-0.602,1.503,2.847
1386.599,-0.650,1.506,2.872
1386.710,-0.690,1.508,2.882
1386.821,-0.713,1.505,2.895
1386.932,-0.723,1.501,2.918
1387.044,-0.726,1.506,2.956
1387.156,-0.729,1.513,2.999
1387.267,-0.734,1.512,3.043
1387.378,-0.745,1.512,3.091
1387.489,-0.758,1.514,3.146
1387.599,-0.767,1.512,3.205
1387.710,-0.776,1.507,3.252
1387.821,-0.792,1.504,3.285
1387.932,-0.818,1.499,3.307
1388.043,-0.853,1.494,3.324
1388.155,-0.896,1.487,3.336
1388.266,-0.951,1.480,3.342
1388.377,-1.020,1.478,3.341
1388.488,-1.104,1.488,3.333
1388.599,-1.190,1.496,3.326
1388.710,-1.269,1.492,3.329
1388.822,-1.341,1.496,3.333
1388.933,-1.410,1.492,3.332
1389.044,-1.477,1.480,3.332
1389.156,-1.543,1.469,3.337
1389.267,-1.610,1.473,3.348
1389.378,-1.676,1.478,3.357
1389.489,-1.733,1.479,3.360
1389.600,-1.785,1.476,3.360
1389.711,-1.836,1.470,3.356
1389.823,-1.893,1.463,3.346
1389.933,-1.956,1.454,3.330
1390.044,-2.026,1.449,3.304
1390.156,-2.105,1.453,3.275
1390.266,-2.176,1.453,3.255
1390.377,-2.233,1.449,3.243
1390.489,-2.278,1.444,3.240
1390.599,-2.305,1.440,3.247
1390.710,-2.314,1.438,3.263
1390.821,-2.309,1.441,3.280
1390.932,-2.288,1.447,3.294
1391.043,-2.250,1.456,3.300
1391.155,-2.199,1.467,3.295
1391.266,-2.139,1.478,3.287
1391.377,-2.074,1.487,3.283
1391.488,-2.003,1.492,3.285
1391.599,-1.929,1.493,3.290
1391.710,-1.863,1.489,3.298
1391.822,-1.806,1.495,3.308
1391.932,-1.750,1.491,3.320
1392.044,-1.697,1.480,3.337
1392.155,-1.654,1.472,3.364
1392.266,-1.626,1.463,3.407
1392.377,-1.616,1.454,3.465
1392.488,-1.607,1.461,3.529
1392.599,-1.591,1.460,3.583
1392.711,-1.570,1.465,3.630
1392.821,-1.548,1.471,3.681
1392.933,-1.525,1.473,3.735
1393.044,-1.501,1.466,3.791
1393.155,-1.472,1.456,3.852
1393.266,-1.437,1.462,3.920
1393.377,-1.398,1.467,3.990
1393.489,-1.366,1.458,4.055
1393.600,-1.341,1.459,4.113
1393.711,-1.321,1.453,4.163
1393.822,-1.303,1.446,4.210
1393.933,-1.292,1.440,4.257
1394.044,-1.290,1.434,4.310
1394.156,-1.288,1.439,4.368
1394.266,-1.278,1.439,4.421
1394.378,-1.262,1.430,4.461
1394.489,-1.238,1.418,4.489
1394.599,-1.204,1.392,4.507
1394.711,-1.166,1.345,4.517
1394.822,-1.129,1.293,4.527
1394.933,-1.104,1.239,4.541
1395.044,-1.091,1.192,4.556
1395.156,-1.082,1.150,4.570
1395.267,-1.082,1.105,4.583
1395.378,-1.085,1.059,4.595
1395.489,-1.088,1.009,4.604
1395.599,-1.090,0.972,4.613
1395.711,-1.087,0.971,4.624
1395.822,-1.081,1.023,4.636
1395.933,-1.076,1.110,4.650
1396.044,-1.084,1.209,4.658
1396.155,-1.111,1.305,4.659
1396.266,-1.159,1.393,4.652
1396.377,-1.214,1.458,4.651
1396.489,-1.272,1.484,4.665
1396.599,-1.327,1.487,4.695
1396.710,-1.383,1.493,4.739
1396.821,-1.441,1.498,4.789
1396.932,-1.491,1.493,4.840
1397.043,-1.526,1.490,4.890
1397.155,-1.549,1.492,4.934
1397.265,-1.568,1.487,4.977
1397.377,-1.583,1.485,5.021
1397.488,-1.594,1.476,5.065
1397.599,-1.601,1.466,5.115
1397.710,-1.607,1.472,5.167
1397.822,-1.615,1.473,5.212
1397.933,-1.616,1.467,5.240
1398.044,-1.611,1.470,5.262
1398.155,-1.602,1.471,5.292
1398.266,-1.593,1.471,5.335
1398.377,-1.577,1.471,5.385
1398.489,-1.563,1.470,5.432
1398.599,-1.556,1.471,5.476
1398.710,-1.557,1.470,5.521
1398.821,-1.571,1.474,5.570
1398.932,-1.591,1.483,5.625
1399.043,-1.612,1.488,5.683
1399.155,-1.624,1.485,5.745
1399.266,-1.624,1.481,5.801
1399.377,-1.620,1.483,5.857
1399.489,-1.616,1.475,5.915
1399.600,-1.606,1.467,5.973
1399.711,-1.584,1.461,6.032
1399.822,-1.552,1.471,6.090
1399.933,-1.521,1.480,6.140
1400.044,-1.495,1.486,6.183
1400.155,-1.468,1.491,6.224
1400.266,-1.439,1.488,6.263
1400.377,-1.413,1.487,6.299
1400.489,-1.391,1.495,6.334
1400.600,-1.369,1.499,6.370
1400.711,-1.340,1.490,6.401
1400.823,-1.310,1.487,6.423
1400.934,-1.283,1.486,6.435
1401.045,-1.255,1.484,6.439
1401.156,-1.224,1.489,6.437
1401.267,-1.185,1.492,6.430
1401.378,-1.138,1.482,6.417
1401.490,-1.086,1.469,6.396
1401.601,-1.031,1.473,6.369
1401.711,-0.976,1.485,6.346
1401.823,-0.924,1.487,6.327
1401.933,-0.877,1.491,6.311
1402.045,-0.831,1.490,6.300
1402.156,-0.783,1.490,6.293
1402.267,-0.733,1.495,6.292
1402.378,-0.679,1.509,6.299
1402.489,-0.629,1.524,6.303
1402.600,-0.599,1.533,6.300
1402.711,-0.593,1.535,6.297
1402.822,-0.606,1.536,6.295
1402.933,-0.629,1.535,6.300
1403.044,-0.656,1.534,6.314
1403.155,-0.676,1.534,6.334
1403.266,-0.687,1.534,6.356
1403.377,-0.691,1.533,6.374
1403.489,-0.690,1.534,6.388
1403.599,-0.688,1.537,6.400
1403.710,-0.683,1.541,6.408
1403.822,-0.675,1.546,6.413
1403.933,-0.669,1.556,6.407
1404.044,-0.663,1.564,6.393
1404.155,-0.653,1.571,6.375
1404.266,-0.640,1.576,6.357
1404.377,-0.624,1.578,6.338
1404.488,-0.602,1.577,6.319
1404.599,-0.575,1.573,6.304
1404.711,-0.547,1.573,6.297
1404.822,-0.525,1.574,6.299
1404.933,-0.514,1.576,6.302
1405.045,-0.510,1.579,6.306
1405.156,-0.510,1.579,6.312
1405.267,-0.510,1.579,6.318
1405.378,-0.501,1.576,6.324
1405.489,-0.489,1.569,6.330
1405.601,-0.488,1.559,6.333
1405.712,-0.497,1.552,6.338
1405.823,-0.513,1.549,6.346
1405.934,-0.530,1.545,6.352
1406.045,-0.545,1.542,6.355
1406.157,-0.554,1.539,6.352
1406.268,-0.560,1.532,6.340
1406.378,-0.565,1.517,6.325
1406.490,-0.568,1.504,6.318
1406.600,-0.566,1.496,6.318
1406.712,-0.560,1.495,6.320
1406.822,-0.547,1.497,6.321
1406.933,-0.528,1.499,6.322
1407.045,-0.500,1.499,6.326
1407.156,-0.464,1.494,6.328
1407.267,-0.424,1.486,6.330
1407.378,-0.383,1.482,6.336
1407.489,-0.345,1.475,6.346
1407.600,-0.316,1.470,6.354
1407.711,-0.297,1.465,6.349
1407.823,-0.287,1.457,6.334
1407.934,-0.281,1.448,6.311
1408.045,-0.282,1.438,6.281
1408.156,-0.279,1.433,6.243
1408.267,-0.268,1.432,6.198
1408.378,-0.253,1.429,6.143
1408.489,-0.239,1.431,6.089
1408.600,-0.227,1.433,6.044
1408.711,-0.225,1.439,6.009
1408.823,-0.232,1.449,5.981
1408.933,-0.246,1.454,5.956
1409.045,-0.263,1.459,5.930
1409.156,-0.279,1.465,5.899
1409.266,-0.289,1.468,5.860
1409.377,-0.291,1.464,5.812
1409.488,-0.285,1.461,5.750
1409.599,-0.272,1.465,5.678
1409.710,-0.258,1.478,5.606
1409.822,-0.250,1.479,5.546
1409.933,-0.244,1.485,5.494
1410.044,-0.238,1.487,5.445
1410.156,-0.235,1.488,5.393
1410.266,-0.233,1.485,5.336
1410.378,-0.231,1.482,5.272
1410.489,-0.232,1.486,5.206
1410.600,-0.240,1.497,5.141
1410.711,-0.251,1.498,5.082
1410.822,-0.260,1.504,5.032
1410.933,-0.272,1.504,4.991
1411.044,-0.284,1.504,4.958
1411.155,-0.290,1.505,4.931
1411.266,-0.290,1.502,4.909
1411.377,-0.281,1.501,4.884
1411.488,-0.272,1.497,4.860
1411.599,-0.263,1.487,4.846
1411.710,-0.249,1.484,4.842
1411.821,-0.229,1.483,4.851
1411.932,-0.201,1.487,4.867
1412.043,-0.170,1.491,4.887
1412.155,-0.138,1.498,4.907
1412.265,-0.113,1.502,4.923
1412.376,-0.097,1.502,4.934
1412.488,-0.091,1.502,4.940
1412.599,-0.096,1.501,4.940
1412.710,-0.116,1.502,4.929
1412.821,-0.149,1.505,4.900
1412.932,-0.176,1.509,4.858
1413.044,-0.194,1.510,4.811
1413.155,-0.204,1.508,4.762
1413.266,-0.208,1.504,4.717
1413.377,-0.206,1.503,4.677
1413.489,-0.201,1.507,4.644
1413.599,-0.189,1.508,4.615
1413.711,-0.177,1.506,4.601
1413.823,-0.167,1.508,4.601
1413.934,-0.166,1.508,4.604
1414.045,-0.172,1.502,4.605
1414.156,-0.183,1.501,4.602
1414.267,-0.195,1.499,4.596
1414.378,-0.205,1.496,4.588
1414.490,-0.211,1.490,4.575
1414.601,-0.215,1.481,4.553
1414.712,-0.217,1.476,4.525
1414.823,-0.216,1.468,4.489
1414.934,-0.214,1.460,4.443
1415.045,-0.208,1.453,4.387
1415.156,-0.194,1.461,4.323
1415.267,-0.184,1.471,4.258
1415.378,-0.191,1.469,4.195
1415.490,-0.200,1.470,4.147
1415.600,-0.210,1.469,4.108
1415.712,-0.224,1.467,4.073
1415.823,-0.238,1.466,4.031
1415.934,-0.258,1.457,3.981
1416.045,-0.288,1.453,3.923
1416.156,-0.327,1.460,3.864
1416.267,-0.366,1.476,3.813
1416.378,-0.400,1.479,3.773
1416.489,-0.428,1.484,3.744
1416.600,-0.448,1.484,3.719
1416.711,-0.458,1.486,3.688
1416.822,-0.459,1.491,3.649
1416.932,-0.461,1.498,3.603
1417.043,-0.463,1.500,3.563
1417.155,-0.458,1.500,3.532
1417.265,-0.442,1.501,3.509
1417.377,-0.418,1.503,3.495
1417.488,-0.385,1.509,3.483
1417.599,-0.350,1.512,3.475
1417.711,-0.319,1.515,3.470
1417.822,-0.292,1.514,3.465
1417.932,-0.275,1.514,3.458
1418.044,-0.267,1.508,3.446
1418.155,-0.264,1.502,3.432
1418.266,-0.255,1.499,3.425
1418.377,-0.241,1.498,3.422
1418.488,-0.229,1.500,3.417
1418.599,-0.230,1.502,3.409
1418.710,-0.242,1.505,3.395
1418.821,-0.257,1.509,3.376
1418.932,-0.269,1.512,3.360
1419.044,-0.277,1.514,3.351
1419.155,-0.281,1.515,3.353
1419.266,-0.280,1.513,3.365
1419.377,-0.273,1.512,3.379
1419.488,-0.261,1.511,3.389
1419.599,-0.248,1.509,3.394
1419.711,-0.238,1.507,3.396
1419.822,-0.230,1.506,3.397
1419.932,-0.225,1.505,3.398
1420.044,-0.223,1.505,3.399
1420.155,-0.223,1.506,3.399
1420.266,-0.223,1.506,3.400
1420.377,-0.225,1.505,3.400
1420.489,-0.228,1.503,3.399
1420.599,-0.231,1.502,3.396
1420.710,-0.233,1.501,3.393
1420.822,-0.233,1.500,3.389
1420.932,-0.231,1.500,3.386
1421.044,-0.231,1.502,3.384
1421.155,-0.234,1.502,3.380
1421.265,-0.241,1.502,3.375
1421.377,-0.251,1.503,3.367
1421.488,-0.263,1.503,3.357
1421.600,-0.278,1.501,3.345
1421.710,-0.296,1.501,3.331
1421.822,-0.318,1.503,3.317
1421.933,-0.342,1.502,3.304
1422.044,-0.371,1.504,3.292
1422.155,-0.405,1.504,3.278
1422.267,-0.443,1.505,3.261
1422.378,-0.483,1.508,3.243
1422.489,-0.525,1.509,3.230
1422.600,-0.569,1.510,3.224
1422.711,-0.612,1.511,3.223
1422.823,-0.655,1.513,3.225
1422.934,-0.700,1.514,3.232
1423.045,-0.746,1.509,3.244
1423.156,-0.795,1.501,3.263
1423.266,-0.846,1.505,3.294
1423.377,-0.895,1.506,3.326
1423.489,-0.937,1.504,3.350
1423.599,-0.972,1.509,3.368
1423.710,-1.002,1.509,3.382
1423.822,-1.030,1.505,3.392
1423.932,-1.055,1.505,3.397
1424.044,-1.077,1.500,3.395
1424.155,-1.103,1.501,3.384
1424.266,-1.131,1.501,3.376
1424.377,-1.154,1.497,3.369
1424.489,-1.171,1.497,3.362
1424.599,-1.183,1.494,3.353
1424.711,-1.192,1.489,3.344
1424.822,-1.203,1.490,3.338
1424.933,-1.216,1.490,3.337
1425.044,-1.228,1.487,3.338
1425.155,-1.236,1.486,3.339
1425.266,-1.240,1.486,3.339
1425.378,-1.242,1.486,3.341
1425.489,-1.243,1.486,3.342
1425.599,-1.242,1.485,3.343
1425.711,-1.243,1.484,3.346
1425.822,-1.244,1.482,3.349
1425.933,-1.246,1.483,3.352
1426.045,-1.250,1.486,3.354
1426.155,-1.254,1.486,3.355
1426.266,-1.257,1.486,3.355
1426.377,-1.261,1.487,3.355
1426.489,-1.266,1.487,3.355
1426.600,-1.270,1.486,3.355
1426.711,-1.272,1.485,3.355
1426.822,-1.269,1.485,3.353
1426.933,-1.261,1.485,3.350
1427.044,-1.245,1.487,3.342
1427.156,-1.225,1.490,3.329
1427.267,-1.205,1.494,3.312
1427.378,-1.187,1.500,3.294
1427.490,-1.171,1.502,3.276
1427.601,-1.154,1.500,3.263
1427.712,-1.133,1.503,3.253
1427.823,-1.107,1.504,3.249
1427.934,-1.075,1.504,3.248
1428.045,-1.038,1.505,3.249
1428.157,-0.999,1.505,3.248
1428.268,-0.963,1.505,3.240
1428.379,-0.928,1.506,3.229
1428.490,-0.890,1.506,3.217
1428.601,-0.847,1.501,3.208
1428.712,-0.799,1.496,3.208
1428.823,-0.746,1.491,3.219
1428.934,-0.688,1.496,3.239
1429.045,-0.629,1.517,3.260
1429.157,-0.574,1.522,3.275
1429.268,-0.526,1.530,3.283
1429.379,-0.483,1.536,3.286
1429.490,-0.439,1.534,3.287
1429.601,-0.392,1.523,3.284
1429.712,-0.344,1.509,3.273
1429.824,-0.296,1.504,3.252
1429.935,-0.248,1.512,3.222
1430.046,-0.197,1.511,3.193
1430.157,-0.147,1.499,3.171
1430.268,-0.105,1.503,3.156
1430.379,-0.065,1.497,3.140
1430.490,-0.025,1.487,3.127
1430.601,0.016,1.482,3.118
1430.712,0.061,1.476,3.113
1430.823,0.109,1.481,3.114
1430.934,0.157,1.482,3.114
1431.045,0.198,1.477,3.111
1431.157,0.229,1.475,3.108
1431.268,0.251,1.478,3.105
1431.379,0.261,1.477,3.104
1431.490,0.263,1.481,3.102
1431.601,0.262,1.488,3.095
1431.712,0.262,1.492,3.083
1431.823,0.255,1.509,3.070
1431.934,0.245,1.524,3.056
1432.046,0.232,1.528,3.042
1432.157,0.221,1.525,3.032
1432.268,0.206,1.521,3.034
1432.379,0.189,1.516,3.047
1432.490,0.171,1.512,3.065
1432.600,0.154,1.506,3.085
1432.711,0.125,1.503,3.110
1432.822,0.087,1.504,3.141
1432.933,0.039,1.501,3.178
1433.044,-0.019,1.501,3.218
1433.155,-0.076,1.490,3.256
1433.266,-0.119,1.482,3.286
1433.377,-0.150,1.478,3.313
1433.489,-0.171,1.469,3.340
1433.599,-0.184,1.463,3.370
1433.711,-0.191,1.455,3.406
1433.822,-0.193,1.444,3.448
1433.933,-0.191,1.436,3.500
1434.044,-0.187,1.439,3.562
1434.156,-0.179,1.444,3.626
1434.267,-0.172,1.434,3.682
1434.378,-0.170,1.436,3.727
1434.489,-0.167,1.439,3.768
1434.600,-0.164,1.440,3.803
1434.711,-0.162,1.439,3.837
1434.822,-0.165,1.438,3.870
1434.933,-0.168,1.449,3.907
1435.044,-0.173,1.453,3.945
1435.156,-0.182,1.452,3.980
1435.266,-0.199,1.452,4.010
1435.378,-0.220,1.457,4.039
1435.489,-0.231,1.456,4.070
1435.600,-0.233,1.453,4.105
1435.711,-0.228,1.449,4.144
1435.822,-0.216,1.443,4.189
1435.933,-0.194,1.428,4.241
1436.044,-0.164,1.426,4.303
1436.156,-0.131,1.437,4.369
1436.266,-0.103,1.446,4.431
1436.378,-0.091,1.452,4.488
1436.489,-0.092,1.463,4.543
1436.600,-0.102,1.469,4.596
1436.711,-0.116,1.469,4.649
1436.822,-0.131,1.466,4.702
1436.933,-0.145,1.460,4.760
1437.044,-0.159,1.465,4.825
1437.155,-0.172,1.473,4.893
1437.266,-0.178,1.466,4.957
1437.377,-0.184,1.473,5.014
1437.488,-0.190,1.473,5.075
1437.599,-0.194,1.467,5.139
1437.710,-0.193,1.464,5.205
1437.822,-0.191,1.478,5.268
1437.932,-0.191,1.486,5.320
1438.043,-0.194,1.486,5.362
1438.155,-0.205,1.484,5.392
1438.266,-0.225,1.479,5.408
1438.377,-0.249,1.475,5.419
1438.488,-0.276,1.470,5.428
1438.599,-0.305,1.466,5.441
1438.710,-0.337,1.470,5.454
1438.822,-0.369,1.468,5.467
1438.932,-0.400,1.462,5.482
1439.044,-0.426,1.456,5.497
1439.155,-0.447,1.453,5.508
1439.266,-0.461,1.447,5.520
1439.377,-0.467,1.441,5.536
1439.488,-0.462,1.438,5.557
1439.600,-0.452,1.441,5.586
1439.711,-0.447,1.446,5.620
1439.822,-0.442,1.447,5.648
1439.933,-0.437,1.450,5.664
1440.044,-0.430,1.457,5.673
1440.155,-0.424,1.464,5.677
1440.266,-0.419,1.469,5.677
1440.377,-0.413,1.471,5.673
1440.489,-0.400,1.472,5.665
1440.599,-0.383,1.480,5.651
1440.711,-0.364,1.493,5.634
1440.822,-0.343,1.509,5.616
1440.933,-0.323,1.515,5.600
1441.044,-0.311,1.516,5.585
1441.155,-0.303,1.511,5.572
1441.267,-0.298,1.504,5.563
1441.378,-0.300,1.496,5.562
1441.489,-0.306,1.490,5.562
1441.600,-0.313,1.488,5.565
1441.711,-0.320,1.488,5.568
1441.822,-0.325,1.489,5.568
1441.933,-0.327,1.491,5.564
1442.044,-0.327,1.492,5.556
1442.156,-0.324,1.492,5.539
1442.267,-0.315,1.490,5.517
1442.378,-0.304,1.488,5.493
1442.490,-0.294,1.488,5.470
1442.600,-0.286,1.490,5.451
1442.711,-0.279,1.495,5.434
1442.822,-0.272,1.497,5.419
1442.933,-0.265,1.495,5.406
1443.044,-0.261,1.496,5.394
1443.156,-0.259,1.497,5.382
1443.266,-0.259,1.498,5.367
1443.378,-0.261,1.499,5.348
1443.489,-0.264,1.495,5.321
1443.600,-0.272,1.484,5.285
1443.711,-0.285,1.475,5.246
1443.822,-0.299,1.477,5.203
1443.933,-0.315,1.481,5.158
1444.044,-0.328,1.480,5.118
1444.156,-0.338,1.481,5.087
1444.266,-0.344,1.487,5.066
1444.378,-0.348,1.489,5.046
1444.489,-0.349,1.490,5.028
1444.600,-0.346,1.491,5.009
1444.711,-0.341,1.491,4.989
1444.822,-0.334,1.489,4.969
1444.932,-0.330,1.480,4.948
1445.044,-0.326,1.473,4.939
1445.155,-0.319,1.471,4.942
1445.266,-0.310,1.471,4.956
1445.377,-0.299,1.473,4.976
1445.488,-0.288,1.474,5.000
1445.599,-0.275,1.475,5.031
1445.710,-0.258,1.475,5.071
1445.822,-0.237,1.478,5.117
1445.932,-0.215,1.482,5.171
1446.043,-0.195,1.482,5.230
1446.155,-0.178,1.479,5.283
1446.265,-0.169,1.480,5.328
1446.377,-0.166,1.482,5.367
1446.488,-0.169,1.477,5.405
1446.599,-0.178,1.473,5.444
1446.710,-0.194,1.467,5.486
1446.822,-0.217,1.458,5.530
1446.932,-0.250,1.455,5.576
1447.044,-0.288,1.463,5.625
1447.155,-0.322,1.466,5.673
1447.266,-0.352,1.467,5.719
1447.377,-0.374,1.467,5.763
1447.489,-0.388,1.468,5.804
1447.600,-0.397,1.468,5.847
1447.711,-0.401,1.464,5.894
1447.822,-0.401,1.456,5.947
1447.933,-0.395,1.455,6.002
1448.044,-0.389,1.469,6.065
1448.155,-0.383,1.474,6.125
1448.266,-0.384,1.473,6.176
1448.377,-0.392,1.465,6.209
1448.488,-0.408,1.454,6.230
1448.599,-0.432,1.447,6.248
1448.711,-0.459,1.442,6.269
1448.822,-0.492,1.437,6.291
1448.933,-0.532,1.435,6.312
1449.044,-0.581,1.438,6.332
1449.155,-0.627,1.441,6.346
1449.266,-0.665,1.444,6.354
1449.377,-0.695,1.440,6.353
1449.489,-0.717,1.436,6.347
1449.600,-0.738,1.433,6.342
1449.711,-0.763,1.430,6.335
1449.822,-0.795,1.429,6.331
1449.933,-0.837,1.423,6.332
1450.044,-0.887,1.417,6.339
1450.156,-0.943,1.426,6.354
1450.266,-0.998,1.433,6.371
1450.377,-1.044,1.432,6.377
1450.489,-1.081,1.435,6.374
1450.600,-1.117,1.437,6.366
1450.711,-1.153,1.436,6.357
1450.822,-1.192,1.434,6.344
1450.933,-1.232,1.431,6.325
1451.044,-1.274,1.439,6.295
1451.155,-1.315,1.459,6.260
1451.266,-1.354,1.468,6.231
1451.377,-1.389,1.465,6.203
1451.489,-1.415,1.470,6.174
1451.600,-1.431,1.473,6.142
1451.711,-1.445,1.478,6.109
1451.822,-1.465,1.486,6.079
1451.933,-1.492,1.504,6.054
1452.044,-1.525,1.517,6.032
1452.156,-1.558,1.516,6.010
1452.266,-1.581,1.511,5.987
1452.377,-1.584,1.502,5.970
1452.489,-1.574,1.495,5.959
1452.600,-1.553,1.488,5.953
1452.711,-1.529,1.480,5.953
1452.823,-1.506,1.470,5.949
1452.933,-1.487,1.465,5.940
1453.045,-1.470,1.463,5.927
1453.156,-1.455,1.463,5.912
1453.267,-1.444,1.461,5.897
1453.378,-1.438,1.461,5.886
1453.489,-1.435,1.462,5.877
1453.600,-1.433,1.462,5.871
1453.711,-1.431,1.464,5.865
1453.823,-1.427,1.464,5.859
1453.933,-1.421,1.462,5.854
1454.045,-1.413,1.460,5.846
1454.156,-1.404,1.458,5.837
1454.267,-1.394,1.457,5.826
1454.378,-1.386,1.455,5.812
1454.489,-1.380,1.452,5.797
1454.600,-1.376,1.450,5.783
1454.711,-1.371,1.449,5.770
1454.823,-1.369,1.450,5.756
1454.933,-1.369,1.451,5.736
1455.044,-1.371,1.451,5.711
1455.156,-1.376,1.449,5.678
1455.267,-1.385,1.445,5.641
1455.378,-1.399,1.443,5.597
1455.489,-1.417,1.447,5.546
1455.600,-1.439,1.459,5.494
1455.711,-1.463,1.467,5.450
1455.822,-1.484,1.468,5.412
1455.931,-1.500,1.465,5.379
1456.042,-1.512,1.465,5.349
1456.154,-1.521,1.462,5.321
1456.265,-1.528,1.462,5.293
1456.376,-1.532,1.464,5.263
1456.488,-1.535,1.476,5.227
1456.599,-1.533,1.492,5.190
1456.711,-1.524,1.504,5.147
1456.822,-1.518,1.501,5.099
1456.933,-1.522,1.493,5.053
1457.044,-1.527,1.489,5.013
1457.155,-1.530,1.490,4.978
1457.266,-1.534,1.488,4.940
1457.378,-1.540,1.483,4.897
1457.489,-1.551,1.477,4.847
1457.599,-1.565,1.479,4.790
1457.710,-1.578,1.495,4.732
1457.822,-1.585,1.516,4.679
1457.933,-1.585,1.535,4.631
1458.044,-1.579,1.548,4.591
1458.155,-1.572,1.550,4.548
1458.266,-1.563,1.549,4.498
1458.377,-1.551,1.553,4.441
1458.489,-1.541,1.555,4.386
1458.600,-1.540,1.556,4.344
1458.711,-1.550,1.554,4.325
1458.822,-1.558,1.549,4.323
1458.933,-1.563,1.547,4.331
1459.044,-1.565,1.545,4.345
1459.155,-1.566,1.543,4.362
1459.266,-1.563,1.542,4.382
1459.377,-1.559,1.542,4.400
1459.489,-1.555,1.541,4.415
1459.599,-1.555,1.541,4.425
1459.711,-1.559,1.540,4.432
1459.822,-1.568,1.539,4.432
1459.933,-1.579,1.538,4.425
1460.044,-1.593,1.538,4.408
1460.155,-1.609,1.538,4.375
1460.266,-1.622,1.533,4.319
1460.377,-1.619,1.523,4.248
1460.489,-1.599,1.512,4.183
1460.600,-1.575,1.501,4.130
1460.711,-1.556,1.496,4.088
1460.822,-1.547,1.493,4.052
1460.934,-1.545,1.491,4.015
1461.045,-1.548,1.488,3.981
1461.156,-1.551,1.496,3.947
1461.268,-1.550,1.502,3.915
1461.378,-1.544,1.499,3.888
1461.490,-1.533,1.497,3.865
1461.600,-1.516,1.493,3.840
1461.712,-1.492,1.484,3.810
1461.823,-1.459,1.469,3.777
1461.934,-1.417,1.462,3.746
1462.045,-1.367,1.468,3.718
1462.156,-1.319,1.471,3.690
1462.267,-1.279,1.468,3.663
1462.378,-1.248,1.476,3.639
1462.490,-1.221,1.479,3.619
1462.601,-1.195,1.478,3.596
1462.711,-1.168,1.474,3.567
1462.822,-1.139,1.468,3.531
1462.933,-1.106,1.473,3.491
1463.044,-1.071,1.469,3.455
1463.155,-1.041,1.468,3.428
1463.266,-1.014,1.469,3.408
1463.377,-0.992,1.465,3.393
1463.489,-0.975,1.470,3.381
1463.600,-0.959,1.474,3.372
1463.711,-0.941,1.471,3.367
1463.822,-0.921,1.467,3.368
1463.933,-0.896,1.467,3.376
1464.044,-0.867,1.461,3.390
1464.156,-0.830,1.457,3.409
1464.267,-0.789,1.455,3.434
1464.377,-0.745,1.463,3.466
1464.489,-0.705,1.479,3.503
1464.599,-0.671,1.482,3.539
1464.711,-0.644,1.484,3.568
1464.822,-0.621,1.489,3.590
1464.933,-0.596,1.491,3.605
1465.044,-0.566,1.491,3.614
1465.155,-0.531,1.487,3.618
1465.266,-0.489,1.483,3.618
1465.377,-0.445,1.477,3.621
1465.489,-0.407,1.463,3.627
1465.600,-0.380,1.457,3.635
1465.711,-0.359,1.453,3.643
1465.822,-0.342,1.450,3.653
1465.933,-0.327,1.449,3.664
1466.044,-0.316,1.448,3.680
1466.156,-0.308,1.444,3.701
1466.267,-0.304,1.438,3.730
1466.378,-0.301,1.430,3.768
1466.489,-0.298,1.422,3.816
1466.600,-0.296,1.419,3.876
1466.711,-0.298,1.427,3.950
1466.822,-0.301,1.440,4.024
1466.933,-0.297,1.444,4.092
1467.044,-0.289,1.450,4.148
1467.156,-0.279,1.455,4.205
1467.266,-0.267,1.451,4.265
1467.377,-0.254,1.441,4.334
1467.489,-0.239,1.433,4.412
1467.599,-0.221,1.441,4.496
1467.711,-0.207,1.452,4.574
1467.822,-0.202,1.456,4.640
1467.933,-0.202,1.457,4.702
1468.044,-0.204,1.453,4.764
1468.156,-0.209,1.447,4.828
1468.266,-0.219,1.441,4.897
1468.377,-0.235,1.441,4.970
1468.489,-0.252,1.456,5.043
1468.600,-0.261,1.461,5.106
1468.711,-0.262,1.462,5.162
1468.822,-0.256,1.460,5.216
1468.933,-0.247,1.458,5.272
1469.044,-0.238,1.453,5.329
1469.155,-0.228,1.458,5.389
1469.266,-0.218,1.468,5.450
1469.377,-0.213,1.467,5.506
1469.489,-0.212,1.465,5.553
1469.600,-0.217,1.462,5.597
1469.711,-0.225,1.459,5.639
1469.822,-0.233,1.456,5.680
1469.933,-0.244,1.452,5.726
1470.044,-0.262,1.451,5.778
1470.156,-0.286,1.457,5.831
1470.266,-0.311,1.461,5.879
1470.378,-0.334,1.458,5.917
1470.489,-0.355,1.460,5.948
1470.599,-0.372,1.460,5.976
1470.710,-0.385,1.458,6.005
1470.821,-0.394,1.457,6.037
1470.932,-0.399,1.457,6.071
1471.043,-0.402,1.462,6.109
1471.155,-0.404,1.463,6.145
1471.266,-0.403,1.461,6.171
1471.377,-0.402,1.460,6.190
1471.488,-0.400,1.465,6.205
1471.599,-0.399,1.463,6.217
1471.710,-0.397,1.474,6.222
1471.822,-0.393,1.490,6.219
1471.932,-0.386,1.495,6.209
1472.044,-0.377,1.498,6.192
1472.155,-0.365,1.498,6.173
1472.266,-0.354,1.497,6.154
1472.377,-0.346,1.495,6.139
1472.488,-0.341,1.490,6.126
1472.600,-0.340,1.479,6.118
1472.710,-0.344,1.473,6.107
1472.822,-0.352,1.469,6.087
1472.932,-0.355,1.463,6.058
1473.044,-0.358,1.461,6.024
1473.155,-0.359,1.451,5.991
1473.266,-0.359,1.444,5.966
1473.377,-0.359,1.443,5.947
1473.489,-0.360,1.439,5.932
1473.599,-0.363,1.436,5.920
1473.710,-0.372,1.433,5.909
1473.822,-0.391,1.431,5.897
1473.933,-0.423,1.429,5.880
1474.044,-0.469,1.430,5.859
1474.155,-0.525,1.431,5.838
1474.266,-0.578,1.433,5.819
1474.378,-0.624,1.432,5.800
1474.489,-0.660,1.428,5.784
1474.599,-0.688,1.425,5.769
1474.711,-0.706,1.425,5.758
1474.822,-0.714,1.423,5.751
1474.933,-0.712,1.421,5.749
1475.044,-0.698,1.421,5.747
1475.155,-0.671,1.423,5.742
1475.266,-0.635,1.432,5.730
1475.377,-0.593,1.445,5.713
1475.489,-0.544,1.458,5.690
1475.599,-0.493,1.486,5.662
1475.711,-0.441,1.512,5.634
1475.822,-0.392,1.526,5.606
1475.933,-0.354,1.528,5.578
1476.044,-0.326,1.528,5.549
1476.156,-0.307,1.527,5.517
1476.267,-0.297,1.522,5.478
1476.378,-0.295,1.515,5.434
1476.489,-0.303,1.506,5.386
1476.600,-0.317,1.506,5.335
1476.711,-0.337,1.520,5.283
1476.822,-0.358,1.524,5.232
1476.933,-0.381,1.521,5.184
1477.045,-0.400,1.522,5.143
1477.156,-0.415,1.522,5.106
1477.266,-0.422,1.523,5.071
1477.378,-0.420,1.521,5.036
1477.489,-0.409,1.516,4.996
1477.600,-0.394,1.513,4.953
1477.711,-0.377,1.509,4.918
1477.822,-0.360,1.506,4.899
1477.932,-0.340,1.506,4.893
1478.043,-0.319,1.508,4.897
1478.154,-0.296,1.511,4.909
1478.265,-0.274,1.512,4.927
1478.377,-0.248,1.511,4.946
1478.488,-0.221,1.507,4.963
1478.598,-0.196,1.500,4.977
1478.710,-0.179,1.503,4.984
1478.821,-0.168,1.505,4.990
1478.932,-0.160,1.504,4.995
1479.043,-0.161,1.502,4.996
1479.155,-0.167,1.502,4.993
1479.266,-0.173,1.501,4.988
1479.377,-0.183,1.500,4.981
1479.488,-0.194,1.500,4.972
1479.599,-0.209,1.501,4.962
1479.710,-0.230,1.505,4.947
1479.822,-0.252,1.510,4.920
1479.932,-0.260,1.513,4.889
1480.043,-0.254,1.517,4.857
1480.155,-0.236,1.519,4.833
1480.266,-0.215,1.517,4.818
1480.378,-0.195,1.515,4.805
1480.489,-0.175,1.511,4.792
1480.600,-0.153,1.502,4.773
1480.711,-0.131,1.496,4.750
1480.822,-0.117,1.494,4.722
1480.934,-0.111,1.491,4.691
1481.044,-0.106,1.489,4.657
1481.156,-0.104,1.488,4.622
1481.267,-0.105,1.486,4.590
1481.378,-0.108,1.484,4.564
1481.489,-0.112,1.483,4.543
1481.601,-0.118,1.480,4.524
1481.711,-0.125,1.482,4.507
1481.823,-0.132,1.483,4.488
1481.934,-0.139,1.482,4.465
1482.045,-0.150,1.487,4.440
1482.156,-0.166,1.495,4.409
1482.267,-0.181,1.500,4.378
1482.378,-0.194,1.498,4.351
1482.490,-0.200,1.493,4.329
1482.601,-0.200,1.491,4.310
1482.712,-0.197,1.492,4.289
1482.823,-0.192,1.489,4.262
1482.934,-0.185,1.483,4.225
1483.045,-0.179,1.476,4.181
1483.156,-0.170,1.471,4.133
1483.267,-0.159,1.473,4.086
1483.378,-0.152,1.473,4.040
1483.490,-0.151,1.473,3.997
1483.601,-0.152,1.477,3.960
1483.711,-0.160,1.476,3.920
1483.822,-0.177,1.468,3.879
1483.933,-0.200,1.460,3.835
1484.044,-0.229,1.458,3.788
1484.156,-0.264,1.464,3.742
1484.267,-0.296,1.474,3.705
1484.378,-0.323,1.480,3.670
1484.489,-0.348,1.480,3.638
1484.600,-0.371,1.483,3.609
1484.711,-0.395,1.482,3.583
1484.822,-0.417,1.485,3.561
1484.933,-0.432,1.489,3.536
1485.044,-0.441,1.496,3.508
1485.155,-0.445,1.497,3.481
1485.266,-0.448,1.495,3.461
1485.376,-0.448,1.491,3.445
1485.488,-0.444,1.483,3.438
1485.599,-0.437,1.482,3.434
1485.710,-0.429,1.487,3.430
1485.821,-0.423,1.489,3.427
1485.932,-0.418,1.492,3.425
1486.043,-0.415,1.492,3.424
1486.155,-0.414,1.491,3.423
1486.266,-0.415,1.490,3.422
1486.377,-0.419,1.489,3.418
1486.488,-0.425,1.488,3.415
1486.599,-0.430,1.487,3.410
1486.710,-0.434,1.486,3.406
1486.822,-0.437,1.485,3.402
1486.932,-0.439,1.485,3.399
1487.043,-0.440,1.484,3.397
1487.155,-0.440,1.484,3.395
1487.266,-0.441,1.484,3.392
1487.376,-0.444,1.489,3.388
1487.488,-0.448,1.495,3.380
1487.599,-0.454,1.501,3.369
1487.710,-0.462,1.510,3.357
1487.822,-0.472,1.516,3.344
1487.933,-0.483,1.520,3.333
1488.044,-0.495,1.523,3.327
1488.156,-0.507,1.525,3.330
1488.267,-0.522,1.532,3.340
1488.378,-0.536,1.533,3.352
1488.490,-0.548,1.531,3.364
1488.601,-0.558,1.530,3.376
1488.712,-0.571,1.529,3.389
1488.823,-0.586,1.528,3.402
1488.934,-0.602,1.530,3.415
1489.045,-0.618,1.532,3.425
1489.156,-0.636,1.529,3.435
1489.267,-0.654,1.523,3.444
1489.378,-0.670,1.524,3.449
1489.490,-0.689,1.520,3.450
1489.600,-0.712,1.509,3.446
1489.712,-0.740,1.495,3.434
1489.823,-0.773,1.490,3.413
1489.934,-0.812,1.488,3.385
1490.045,-0.856,1.492,3.356
1490.156,-0.901,1.495,3.337
1490.267,-0.943,1.491,3.337
1490.378,-0.977,1.488,3.345
1490.489,-1.002,1.484,3.357
1490.599,-1.022,1.478,3.370
1490.710,-1.044,1.475,3.382
1490.822,-1.072,1.471,3.397
1490.933,-1.103,1.466,3.417
1491.044,-1.138,1.474,3.440
1491.155,-1.173,1.485,3.465
1491.265,-1.205,1.486,3.492
1491.377,-1.235,1.485,3.516
1491.489,-1.261,1.486,3.541
1491.599,-1.284,1.484,3.568
1491.710,-1.307,1.478,3.598
1491.822,-1.333,1.473,3.627
1491.933,-1.362,1.468,3.658
1492.044,-1.395,1.471,3.692
1492.155,-1.433,1.481,3.725
1492.266,-1.471,1.490,3.756
1492.377,-1.503,1.494,3.784
1492.488,-1.528,1.495,3.808
1492.599,-1.546,1.497,3.831
1492.710,-1.563,1.490,3.859
1492.822,-1.575,1.485,3.890
1492.933,-1.584,1.479,3.927
1493.044,-1.590,1.474,3.969
1493.155,-1.589,1.468,4.019
1493.266,-1.582,1.465,4.079
1493.377,-1.570,1.475,4.144
1493.488,-1.560,1.484,4.203
1493.599,-1.556,1.486,4.255
1493.710,-1.557,1.492,4.304
1493.821,-1.558,1.490,4.353
1493.932,-1.558,1.487,4.403
1494.043,-1.559,1.482,4.458
1494.155,-1.566,1.477,4.518
1494.266,-1.580,1.482,4.585
1494.377,-1.597,1.492,4.656
1494.488,-1.607,1.494,4.722
1494.599,-1.608,1.498,4.783
1494.710,-1.604,1.498,4.841
1494.821,-1.597,1.490,4.896
1494.932,-1.586,1.483,4.948
1495.042,-1.571,1.482,5.000
1495.155,-1.552,1.494,5.052
1495.266,-1.531,1.503,5.103
1495.377,-1.515,1.507,5.152
1495.488,-1.505,1.503,5.204
1495.599,-1.501,1.500,5.251
1495.710,-1.498,1.496,5.297
1495.822,-1.496,1.488,5.343
1495.932,-1.492,1.479,5.389
1496.043,-1.491,1.472,5.438
1496.155,-1.499,1.476,5.485
1496.266,-1.505,1.485,5.529
1496.377,-1.500,1.488,5.564
1496.488,-1.487,1.488,5.584
1496.599,-1.467,1.486,5.589
1496.711,-1.450,1.482,5.580
1496.822,-1.439,1.481,5.557
1496.934,-1.438,1.482,5.524
1497.045,-1.446,1.483,5.487
1497.155,-1.455,1.487,5.452
1497.267,-1.464,1.491,5.417
1497.378,-1.472,1.494,5.381
1497.489,-1.481,1.496,5.345
1497.600,-1.489,1.498,5.310
1497.711,-1.498,1.499,5.277
1497.823,-1.507,1.499,5.248
1497.933,-1.517,1.501,5.224
1498.044,-1.528,1.501,5.204
1498.155,-1.541,1.497,5.188
1498.266,-1.551,1.494,5.180
1498.377,-1.558,1.494,5.179
1498.489,-1.558,1.493,5.183
1498.600,-1.544,1.491,5.186
1498.711,-1.520,1.496,5.189
1498.823,-1.493,1.509,5.196
1498.933,-1.466,1.518,5.207
1499.044,-1.435,1.520,5.220
1499.156,-1.400,1.520,5.237
1499.267,-1.365,1.522,5.264
1499.378,-1.340,1.523,5.290
1499.489,-1.325,1.523,5.308
1499.601,-1.318,1.524,5.320
1499.711,-1.320,1.523,5.320
1499.823,-1.330,1.522,5.306
1499.934,-1.347,1.517,5.276
1500.045,-1.371,1.516,5.229
1500.156,-1.397,1.518,5.170
1500.268,-1.420,1.516,5.106
1500.378,-1.441,1.515,5.038
1500.490,-1.456,1.517,4.966
1500.601,-1.467,1.513,4.890
1500.712,-1.475,1.509,4.813
1500.823,-1.481,1.501,4.741
1500.934,-1.483,1.488,4.672
1501.045,-1.476,1.494,4.607
1501.156,-1.455,1.501,4.547
1501.267,-1.437,1.494,4.488
1501.378,-1.426,1.486,4.435
1501.489,-1.421,1.483,4.383
1501.601,-1.418,1.480,4.332
1501.711,-1.422,1.472,4.280
1501.822,-1.431,1.467,4.220
1501.932,-1.440,1.473,4.151
1502.044,-1.447,1.482,4.081
1502.155,-1.451,1.479,4.019
1502.266,-1.458,1.481,3.965
1502.377,-1.472,1.480,3.916
1502.488,-1.488,1.477,3.864
1502.599,-1.502,1.467,3.807
1502.710,-1.509,1.462,3.748
1502.822,-1.512,1.475,3.682
1502.933,-1.512,1.484,3.614
1503.044,-1.516,1.480,3.548
1503.156,-1.522,1.482,3.485
1503.267,-1.526,1.481,3.419
1503.378,-1.529,1.473,3.351
1503.489,-1.537,1.466,3.285
1503.600,-1.550,1.477,3.220
1503.712,-1.563,1.494,3.156
1503.823,-1.570,1.495,3.098
1503.934,-1.576,1.499,3.048
1504.045,-1.582,1.496,3.003
1504.156,-1.588,1.491,2.961
1504.268,-1.591,1.489,2.921
1504.378,-1.588,1.489,2.883
1504.490,-1.577,1.496,2.843
1504.601,-1.561,1.495,2.806
1504.712,-1.545,1.497,2.777
1504.823,-1.532,1.498,2.754
1504.934,-1.522,1.498,2.737
1505.045,-1.516,1.494,2.723
1505.156,-1.510,1.491,2.712
1505.267,-1.505,1.491,2.705
1505.379,-1.504,1.491,2.701
1505.490,-1.507,1.489,2.699
1505.602,-1.515,1.491,2.699
1505.711,-1.526,1.492,2.697
1505.822,-1.539,1.491,2.698
1505.934,-1.552,1.493,2.701
1506.045,-1.561,1.495,2.705
1506.156,-1.567,1.496,2.709
1506.268,-1.570,1.497,2.713
1506.378,-1.572,1.499,2.718
1506.489,-1.572,1.500,2.722
1506.601,-1.569,1.501,2.725
1506.712,-1.565,1.501,2.726
1506.823,-1.560,1.500,2.727
1506.934,-1.556,1.500,2.726
1507.045,-1.553,1.500,2.726
1507.156,-1.551,1.500,2.725
1507.267,-1.548,1.501,2.726
1507.378,-1.545,1.502,2.728
1507.490,-1.538,1.502,2.732
1507.600,-1.529,1.503,2.737
1507.712,-1.515,1.505,2.744
1507.823,-1.499,1.509,2.754
1507.934,-1.481,1.513,2.765
1508.045,-1.463,1.514,2.774
1508.156,-1.445,1.508,2.780
1508.268,-1.437,1.506,2.794
1508.378,-1.437,1.510,2.820
1508.490,-1.444,1.514,2.851
1508.601,-1.456,1.516,2.880
1508.712,-1.472,1.519,2.905
1508.823,-1.488,1.518,2.929
1508.934,-1.500,1.514,2.954
1509.045,-1.507,1.517,2.977
1509.156,-1.510,1.522,2.997
1509.267,-1.512,1.525,3.014
1509.378,-1.512,1.528,3.025
1509.489,-1.511,1.529,3.032
1509.600,-1.508,1.527,3.034
1509.712,-1.503,1.527,3.035
1509.823,-1.493,1.527,3.034
1509.934,-1.479,1.527,3.032
1510.045,-1.463,1.528,3.030
1510.156,-1.449,1.529,3.028
1510.267,-1.439,1.530,3.024
1510.378,-1.433,1.529,3.019
1510.490,-1.430,1.529,3.013
1510.600,-1.430,1.528,3.007
1510.712,-1.430,1.528,3.002
1510.823,-1.431,1.529,2.997
1510.934,-1.432,1.529,2.992
1511.045,-1.431,1.529,2.989
1511.156,-1.428,1.530,2.986
1511.268,-1.424,1.530,2.981
1511.378,-1.419,1.529,2.977
1511.490,-1.414,1.528,2.973
1511.601,-1.409,1.528,2.970
1511.712,-1.405,1.528,2.967
1511.823,-1.401,1.529,2.964
1511.934,-1.397,1.528,2.961
1512.045,-1.396,1.528,2.960
1512.156,-1.396,1.529,2.960
1512.268,-1.397,1.529,2.960
1512.378,-1.397,1.529,2.960
1512.490,-1.398,1.529,2.960
1512.601,-1.399,1.528,2.959
1512.712,-1.400,1.527,2.959
1512.823,-1.402,1.527,2.960
1512.934,-1.403,1.527,2.960
1513.045,-1.404,1.527,2.960
1513.157,-1.405,1.527,2.959
1513.268,-1.405,1.527,2.959
1513.378,-1.407,1.527,2.959
1513.489,-1.408,1.527,2.959
1513.601,-1.410,1.527,2.959
1513.712,-1.410,1.527,2.958
1513.823,-1.412,1.527,2.957
1513.934,-1.413,1.527,2.956
1514.045,-1.414,1.527,2.956
1514.156,-1.416,1.527,2.956
1514.268,-1.416,1.527,2.956
1514.378,-1.416,1.527,2.957
1514.490,-1.415,1.527,2.958
1514.601,-1.413,1.527,2.959
1514.712,-1.412,1.528,2.960
1514.823,-1.410,1.527,2.961
1514.935,-1.408,1.528,2.961
1515.045,-1.407,1.528,2.962
1515.156,-1.406,1.527,2.962
1515.268,-1.406,1.527,2.964
1515.379,-1.406,1.528,2.965
1515.490,-1.407,1.528,2.966
1515.601,-1.408,1.529,2.966
1515.712,-1.409,1.530,2.966
1515.823,-1.410,1.529,2.964
1515.934,-1.412,1.529,2.963
1516.045,-1.412,1.529,2.961
1516.156,-1.412,1.529,2.960
1516.268,-1.411,1.528,2.958
1516.378,-1.410,1.527,2.957
1516.490,-1.408,1.527,2.957
1516.601,-1.406,1.527,2.957
1516.712,-1.404,1.527,2.957
1516.823,-1.404,1.527,2.958
1516.934,-1.404,1.526,2.959
1517.045,-1.405,1.526,2.960
1517.157,-1.406,1.527,2.961
1517.268,-1.408,1.527,2.963
1517.379,-1.409,1.526,2.964
1517.490,-1.410,1.527,2.966
1517.601,-1.411,1.528,2.969
1517.712,-1.411,1.528,2.971
1517.823,-1.410,1.528,2.973
1517.934,-1.408,1.529,2.975
1518.045,-1.407,1.529,2.977
1518.156,-1.406,1.529,2.979
1518.268,-1.405,1.529,2.982
1518.378,-1.405,1.529,2.983
1518.490,-1.405,1.529,2.985
1518.601,-1.406,1.529,2.985
1518.712,-1.408,1.529,2.985
1518.823,-1.409,1.528,2.984
1518.934,-1.410,1.528,2.983
1519.045,-1.411,1.527,2.983
1519.156,-1.410,1.527,2.983
1519.267,-1.410,1.527,2.982
1519.378,-1.409,1.526,2.982
1519.489,-1.408,1.525,2.982
1519.601,-1.407,1.525,2.982
1519.712,-1.407,1.525,2.981
1519.823,-1.407,1.525,2.981
1519.934,-1.408,1.526,2.981
1520.045,-1.409,1.526,2.981
1520.156,-1.410,1.527,2.981
1520.267,-1.411,1.527,2.981
1520.378,-1.412,1.526,2.980
1520.490,-1.412,1.526,2.979
1520.601,-1.412,1.526,2.979
1520.712,-1.412,1.526,2.978
1520.823,-1.411,1.526,2.977
1520.934,-1.411,1.525,2.976
1521.045,-1.412,1.526,2.976
1521.156,-1.412,1.526,2.975
1521.268,-1.413,1.526,2.974
1521.378,-1.414,1.526,2.973
1521.490,-1.415,1.526,2.972
1521.601,-1.415,1.526,2.971
1521.712,-1.416,1.526,2.970
1521.823,-1.416,1.526,2.969
1521.934,-1.416,1.526,2.968
1522.046,-1.416,1.526,2.967
1522.156,-1.414,1.526,2.967
1522.268,-1.412,1.525,2.967
1522.378,-1.410,1.524,2.968
1522.490,-1.408,1.525,2.969
1522.601,-1.407,1.525,2.970
1522.712,-1.408,1.525,2.971
1522.823,-1.407,1.525,2.972
1522.934,-1.408,1.526,2.973
1523.045,-1.408,1.527,2.974
1523.156,-1.408,1.526,2.975
1523.268,-1.407,1.526,2.976
1523.379,-1.406,1.526,2.978
1523.490,-1.405,1.526,2.979
1523.601,-1.403,1.526,2.981
1523.712,-1.401,1.525,2.983
1523.823,-1.400,1.525,2.984
1523.934,-1.400,1.525,2.985
1524.045,-1.402,1.525,2.985
1524.156,-1.404,1.525,2.985
1524.268,-1.407,1.525,2.985
1524.379,-1.409,1.525,2.985
1524.490,-1.411,1.525,2.985
1524.601,-1.413,1.525,2.985
1524.712,-1.414,1.525,2.985
1524.823,-1.414,1.525,2.985
1524.934,-1.414,1.524,2.986
1525.046,-1.413,1.525,2.987
1525.156,-1.411,1.525,2.987
1525.267,-1.410,1.525,2.988
1525.378,-1.410,1.524,2.988
1525.490,-1.410,1.524,2.989
1525.601,-1.410,1.524,2.989
1525.712,-1.411,1.524,2.988
1525.823,-1.412,1.524,2.988
1525.934,-1.413,1.524,2.989
1526.045,-1.415,1.525,2.990
1526.156,-1.416,1.525,2.992
1526.268,-1.416,1.525,2.993
1526.378,-1.417,1.525,2.994
1526.490,-1.418,1.524,2.996
1526.601,-1.417,1.524,2.997
1526.712,-1.416,1.525,2.999
1526.823,-1.415,1.525,2.999
1526.934,-1.413,1.524,3.000
1527.045,-1.411,1.524,3.000
1527.156,-1.410,1.523,3.001
1527.268,-1.409,1.523,3.001
1527.379,-1.409,1.523,3.002
1527.490,-1.410,1.522,3.002
1527.601,-1.411,1.522,3.003
1527.712,-1.411,1.522,3.003
1527.823,-1.412,1.522,3.002
1527.935,-1.413,1.523,3.002
1528.045,-1.414,1.525,3.001
1528.157,-1.415,1.530,3.000
1528.268,-1.415,1.535,3.002
1528.378,-1.415,1.541,3.005
1528.490,-1.414,1.544,3.009
1528.601,-1.412,1.546,3.014
1528.712,-1.409,1.548,3.019
1528.823,-1.406,1.548,3.024
1528.934,-1.404,1.548,3.027
1529.045,-1.403,1.548,3.029
1529.157,-1.402,1.548,3.030
1529.268,-1.401,1.547,3.030
1529.379,-1.399,1.547,3.030
1529.489,-1.396,1.546,3.029
1529.601,-1.393,1.546,3.027
1529.712,-1.389,1.545,3.024
1529.823,-1.384,1.545,3.020
1529.934,-1.379,1.545,3.014
1530.045,-1.372,1.545,3.005
1530.156,-1.363,1.546,2.992
1530.267,-1.350,1.545,2.978
1530.378,-1.337,1.541,2.962
1530.489,-1.327,1.541,2.946
1530.601,-1.323,1.544,2.927
1530.712,-1.324,1.546,2.907
1530.823,-1.331,1.545,2.886
1530.934,-1.342,1.543,2.865
1531.045,-1.355,1.549,2.845
1531.156,-1.366,1.552,2.826
1531.267,-1.375,1.553,2.811
1531.378,-1.382,1.552,2.799
1531.490,-1.387,1.552,2.792
1531.600,-1.390,1.552,2.790
1531.711,-1.390,1.552,2.793
1531.823,-1.386,1.552,2.801
1531.934,-1.379,1.551,2.812
1532.045,-1.370,1.550,2.827
1532.156,-1.360,1.548,2.845
1532.268,-1.351,1.550,2.865
1532.378,-1.351,1.552,2.887
1532.489,-1.359,1.551,2.913
1532.601,-1.366,1.549,2.940
1532.712,-1.374,1.546,2.966
1532.823,-1.382,1.541,2.987
1532.934,-1.393,1.540,3.004
1533.045,-1.406,1.540,3.020
1533.156,-1.423,1.539,3.033
1533.268,-1.441,1.538,3.041
1533.378,-1.462,1.536,3.048
1533.489,-1.486,1.534,3.052
1533.601,-1.509,1.533,3.052
1533.712,-1.524,1.534,3.052
1533.823,-1.533,1.534,3.060
1533.934,-1.540,1.531,3.072
1534.045,-1.544,1.529,3.085
1534.156,-1.543,1.529,3.098
1534.267,-1.537,1.530,3.111
1534.378,-1.525,1.530,3.126
1534.490,-1.503,1.530,3.149
1534.601,-1.477,1.533,3.182
1534.712,-1.448,1.528,3.225
1534.823,-1.425,1.511,3.263
1534.934,-1.416,1.505,3.291
1535.044,-1.408,1.506,3.313
1535.155,-1.398,1.506,3.332
1535.266,-1.381,1.507,3.352
1535.377,-1.356,1.509,3.372
1535.488,-1.328,1.505,3.392
1535.599,-1.298,1.512,3.418
1535.710,-1.276,1.509,3.450
1535.821,-1.266,1.510,3.484
1535.932,-1.265,1.509,3.521
1536.043,-1.270,1.507,3.563
1536.155,-1.286,1.504,3.606
1536.266,-1.313,1.500,3.652
1536.377,-1.351,1.502,3.704
1536.488,-1.394,1.505,3.764
1536.599,-1.430,1.501,3.830
1536.709,-1.456,1.503,3.893
1536.821,-1.473,1.496,3.958
1536.932,-1.480,1.486,4.027
1537.043,-1.478,1.478,4.101
1537.155,-1.468,1.487,4.180
1537.265,-1.462,1.494,4.254
1537.377,-1.460,1.499,4.323
1537.488,-1.458,1.496,4.388
1537.599,-1.457,1.491,4.452
1537.710,-1.461,1.484,4.519
1537.822,-1.472,1.479,4.590
1537.933,-1.483,1.488,4.665
1538.044,-1.486,1.488,4.736
1538.155,-1.479,1.485,4.794
1538.266,-1.465,1.483,4.844
1538.377,-1.442,1.477,4.889
1538.488,-1.410,1.469,4.931
1538.599,-1.367,1.460,4.968
1538.710,-1.316,1.465,5.004
1538.822,-1.264,1.468,5.041
1538.933,-1.215,1.457,5.077
1539.044,-1.166,1.448,5.112
1539.155,-1.119,1.429,5.144
1539.267,-1.074,1.391,5.173
1539.378,-1.030,1.331,5.202
1539.489,-1.001,1.270,5.227
1539.600,-0.984,1.225,5.246
1539.711,-0.972,1.189,5.261
1539.822,-0.961,1.155,5.270
1539.933,-0.953,1.120,5.276
1540.045,-0.946,1.080,5.278
1540.156,-0.940,1.035,5.279
1540.267,-0.935,0.994,5.280
1540.378,-0.930,0.971,5.280
1540.489,-0.926,0.965,5.280
1540.600,-0.923,0.969,5.278
1540.711,-0.920,0.978,5.275
1540.822,-0.919,0.986,5.273
1540.934,-0.918,0.989,5.273
1541.044,-0.918,0.996,5.274
1541.155,-0.917,1.006,5.276
1541.267,-0.917,1.013,5.279
1541.378,-0.916,1.018,5.283
1541.489,-0.915,1.020,5.287
1541.600,-0.915,1.022,5.292
1541.711,-0.916,1.020,5.298
1541.823,-0.918,1.016,5.303
1541.933,-0.920,1.015,5.307
1542.045,-0.922,1.017,5.312
1542.156,-0.925,1.020,5.316
1542.267,-0.928,1.030,5.318
1542.378,-0.931,1.041,5.320
1542.489,-0.935,1.048,5.320
1542.600,-0.938,1.051,5.319
1542.711,-0.942,1.047,5.319
1542.822,-0.945,1.039,5.317
1542.933,-0.946,1.034,5.315
1543.044,-0.945,1.036,5.313
1543.156,-0.943,1.046,5.310
1543.267,-0.942,1.071,5.305
1543.378,-0.947,1.117,5.298
1543.489,-0.960,1.179,5.293
1543.600,-0.992,1.254,5.289
1543.711,-1.049,1.337,5.287
1543.822,-1.133,1.417,5.289
1543.933,-1.220,1.462,5.284
1544.045,-1.295,1.472,5.271
1544.156,-1.353,1.466,5.256
1544.267,-1.396,1.465,5.245
1544.378,-1.426,1.471,5.240
1544.489,-1.442,1.472,5.238
1544.600,-1.447,1.470,5.236
1544.711,-1.443,1.470,5.237
1544.822,-1.434,1.471,5.241
1544.934,-1.418,1.472,5.247
1545.045,-1.391,1.471,5.257
1545.156,-1.355,1.463,5.270
1545.267,-1.313,1.465,5.270
1545.378,-1.285,1.472,5.260
1545.489,-1.270,1.478,5.254
1545.600,-1.253,1.481,5.254
1545.711,-1.220,1.477,5.255
1545.822,-1.177,1.461,5.261
1545.933,-1.129,1.435,5.274
1546.044,-1.083,1.405,5.284
1546.156,-1.030,1.366,5.286
1546.267,-0.979,1.306,5.283
1546.377,-0.939,1.240,5.278
1546.489,-0.906,1.174,5.277
1546.600,-0.883,1.113,5.281
1546.711,-0.867,1.070,5.286
1546.822,-0.857,1.046,5.293
1546.933,-0.851,1.031,5.302
1547.044,-0.850,1.016,5.312
1547.155,-0.851,1.008,5.322
1547.267,-0.851,1.007,5.331
1547.378,-0.854,1.009,5.341
1547.489,-0.855,1.012,5.349
1547.600,-0.859,1.013,5.357
1547.711,-0.863,1.018,5.363
1547.823,-0.866,1.027,5.367
1547.933,-0.870,1.039,5.369
1548.045,-0.875,1.053,5.372
1548.156,-0.881,1.067,5.372
1548.267,-0.887,1.069,5.372
1548.378,-0.896,1.059,5.371
1548.489,-0.903,1.050,5.368
1548.600,-0.908,1.049,5.364
1548.711,-0.911,1.054,5.359
1548.822,-0.913,1.060,5.353
1548.933,-0.914,1.061,5.347
1549.044,-0.916,1.061,5.342
1549.156,-0.918,1.061,5.336
1549.266,-0.918,1.063,5.332
1549.377,-0.918,1.059,5.329
1549.489,-0.916,1.046,5.327
1549.600,-0.914,1.028,5.328
1549.711,-0.911,1.012,5.332
1549.822,-0.908,1.008,5.336
1549.933,-0.904,1.017,5.339
1550.044,-0.899,1.029,5.340
1550.156,-0.896,1.031,5.340
1550.267,-0.894,1.025,5.338
1550.378,-0.894,1.018,5.335
1550.489,-0.894,1.015,5.333
1550.600,-0.895,1.019,5.332
1550.711,-0.897,1.027,5.332
1550.822,-0.901,1.045,5.332
1550.933,-0.907,1.080,5.334
1551.044,-0.919,1.131,5.337
1551.156,-0.942,1.195,5.341
1551.267,-0.979,1.269,5.344
1551.378,-1.032,1.342,5.349
1551.489,-1.097,1.398,5.356
1551.601,-1.159,1.437,5.361
1551.711,-1.216,1.461,5.364
1551.823,-1.262,1.470,5.370
1551.934,-1.303,1.474,5.379
1552.045,-1.343,1.477,5.383
1552.156,-1.381,1.475,5.378
1552.267,-1.418,1.471,5.369
1552.378,-1.453,1.462,5.364
1552.489,-1.482,1.464,5.361
1552.600,-1.502,1.470,5.358
1552.711,-1.513,1.475,5.358
1552.822,-1.518,1.480,5.360
1552.934,-1.518,1.480,5.364
1553.044,-1.518,1.481,5.368
1553.156,-1.517,1.484,5.371
1553.267,-1.515,1.485,5.374
1553.378,-1.512,1.484,5.377
1553.489,-1.509,1.484,5.379
1553.601,-1.504,1.484,5.381
1553.711,-1.500,1.482,5.384
1553.823,-1.497,1.482,5.387
1553.934,-1.494,1.482,5.391
1554.045,-1.490,1.482,5.393
1554.156,-1.486,1.481,5.395
1554.267,-1.481,1.477,5.401
1554.378,-1.481,1.472,5.415
1554.489,-1.483,1.470,5.428
1554.600,-1.487,1.471,5.435
1554.711,-1.490,1.472,5.438
1554.822,-1.493,1.472,5.437
1554.933,-1.493,1.471,5.434
1555.044,-1.492,1.471,5.431
1555.155,-1.490,1.472,5.428
1555.266,-1.488,1.473,5.423
1555.377,-1.485,1.475,5.416
1555.488,-1.481,1.477,5.409
1555.600,-1.476,1.480,5.401
1555.711,-1.469,1.484,5.391
1555.822,-1.462,1.486,5.381
1555.933,-1.456,1.487,5.370
1556.045,-1.451,1.488,5.360
1556.156,-1.447,1.487,5.354
1556.267,-1.440,1.484,5.351
1556.377,-1.433,1.479,5.352
1556.489,-1.423,1.471,5.359
1556.600,-1.409,1.467,5.365
1556.711,-1.396,1.467,5.370
1556.822,-1.384,1.463,5.377
1556.933,-1.376,1.460,5.384
1557.045,-1.371,1.460,5.393
1557.156,-1.368,1.460,5.400
1557.267,-1.367,1.460,5.405
1557.378,-1.370,1.460,5.405
1557.488,-1.372,1.461,5.405
1557.600,-1.373,1.461,5.405
1557.711,-1.371,1.461,5.409
1557.822,-1.367,1.460,5.418
1557.934,-1.361,1.461,5.432
1558.044,-1.353,1.458,5.449
1558.156,-1.343,1.457,5.468
1558.267,-1.331,1.453,5.481
1558.378,-1.314,1.448,5.482
1558.489,-1.286,1.443,5.472
1558.601,-1.244,1.432,5.452
1558.711,-1.181,1.411,5.422
1558.822,-1.098,1.377,5.390
1558.934,-1.007,1.316,5.361
1559.044,-0.932,1.241,5.340
1559.156,-0.879,1.164,5.327
1559.267,-0.848,1.090,5.323
1559.377,-0.830,1.027,5.325
1559.489,-0.828,0.981,5.329
1559.600,-0.831,0.961,5.332
1559.711,-0.838,0.956,5.336
1559.822,-0.850,0.960,5.338
1559.934,-0.864,0.969,5.338
1560.045,-0.881,0.978,5.340
1560.156,-0.899,0.984,5.343
1560.267,-0.915,0.991,5.347
1560.378,-0.921,0.997,5.351
1560.489,-0.919,0.999,5.356
1560.600,-0.909,0.998,5.358
1560.711,-0.897,1.005,5.359
1560.822,-0.884,1.009,5.359
1560.933,-0.872,1.003,5.356
1561.045,-0.859,0.991,5.351
1561.156,-0.844,0.981,5.344
1561.267,-0.831,0.970,5.339
1561.378,-0.823,0.961,5.335
1561.489,-0.818,0.967,5.330
1561.601,-0.820,0.982,5.328
1561.712,-0.827,1.001,5.327
1561.823,-0.839,1.024,5.327
1561.934,-0.854,1.047,5.329
1562.045,-0.869,1.074,5.332
1562.156,-0.888,1.121,5.334
1562.267,-0.920,1.194,5.338
1562.378,-0.968,1.270,5.342
1562.489,-1.028,1.328,5.349
1562.600,-1.088,1.372,5.358
1562.711,-1.141,1.406,5.365
1562.823,-1.187,1.430,5.371
1562.934,-1.225,1.447,5.375
1563.044,-1.253,1.459,5.375
1563.156,-1.277,1.473,5.372
1563.267,-1.301,1.486,5.359
1563.378,-1.327,1.499,5.339
1563.489,-1.352,1.510,5.324
1563.600,-1.376,1.516,5.315
1563.711,-1.389,1.517,5.312
1563.822,-1.390,1.518,5.314
1563.934,-1.377,1.516,5.316
1564.044,-1.346,1.511,5.322
1564.156,-1.311,1.504,5.330
1564.267,-1.284,1.494,5.331
1564.378,-1.256,1.480,5.329
1564.489,-1.229,1.469,5.321
1564.601,-1.201,1.462,5.308
1564.712,-1.168,1.448,5.291
1564.823,-1.132,1.431,5.279
1564.934,-1.095,1.410,5.270
1565.045,-1.055,1.385,5.263
1565.156,-1.013,1.350,5.259
1565.267,-0.973,1.310,5.258
1565.378,-0.938,1.265,5.258
1565.489,-0.908,1.217,5.260
1565.601,-0.883,1.171,5.263
1565.712,-0.863,1.130,5.265
1565.823,-0.847,1.091,5.266
1565.933,-0.837,1.056,5.265
1566.044,-0.831,1.030,5.262
1566.156,-0.828,1.014,5.260
1566.267,-0.827,1.008,5.260
1566.378,-0.827,1.022,5.257
1566.489,-0.831,1.054,5.254
1566.600,-0.842,1.096,5.249
1566.711,-0.858,1.137,5.243
1566.822,-0.876,1.173,5.235
1566.933,-0.895,1.202,5.226
1567.045,-0.915,1.242,5.217
1567.156,-0.943,1.294,5.211
1567.267,-0.984,1.350,5.210
1567.378,-1.028,1.401,5.216
1567.489,-1.071,1.439,5.228
1567.601,-1.110,1.460,5.248
1567.711,-1.139,1.471,5.271
1567.823,-1.163,1.474,5.291
1567.934,-1.183,1.472,5.309
1568.045,-1.203,1.470,5.322
1568.156,-1.221,1.469,5.330
1568.267,-1.237,1.469,5.335
1568.378,-1.251,1.470,5.337
1568.489,-1.265,1.471,5.336
1568.600,-1.277,1.472,5.333
1568.711,-1.287,1.473,5.329
1568.822,-1.292,1.474,5.326
1568.934,-1.296,1.473,5.323
1569.045,-1.298,1.473,5.320
1569.156,-1.299,1.473,5.317
1569.267,-1.300,1.473,5.314
1569.378,-1.301,1.472,5.312
1569.489,-1.302,1.472,5.311
1569.598,-1.302,1.471,5.311
1569.709,-1.304,1.471,5.311
1569.821,-1.306,1.470,5.312
1569.932,-1.307,1.470,5.313
1570.043,-1.307,1.470,5.314
1570.154,-1.307,1.470,5.316
1570.266,-1.306,1.469,5.319
1570.377,-1.305,1.469,5.321
1570.488,-1.304,1.468,5.323
1570.599,-1.303,1.468,5.325
1570.710,-1.301,1.468,5.326
1570.821,-1.301,1.467,5.327
1570.932,-1.300,1.467,5.326
1571.044,-1.299,1.467,5.326
1571.155,-1.299,1.467,5.325
1571.268,-1.299,1.467,5.323
1571.377,-1.299,1.466,5.322
1571.488,-1.299,1.466,5.320
1571.600,-1.299,1.466,5.319
1571.711,-1.299,1.466,5.317
1571.821,-1.299,1.466,5.316
1571.934,-1.299,1.466,5.316
1572.044,-1.299,1.466,5.315
1572.155,-1.300,1.465,5.315
1572.267,-1.300,1.465,5.315
1572.378,-1.301,1.465,5.316
1572.489,-1.302,1.465,5.317
1572.600,-1.303,1.464,5.318
1572.711,-1.304,1.465,5.319
1572.822,-1.305,1.464,5.321
1572.933,-1.306,1.464,5.322
1573.044,-1.308,1.464,5.323
1573.156,-1.308,1.465,5.324
1573.267,-1.309,1.465,5.324
1573.377,-1.310,1.466,5.324
1573.488,-1.312,1.467,5.322
1573.600,-1.313,1.468,5.321
1573.711,-1.314,1.468,5.319
1573.822,-1.314,1.467,5.319
1573.934,-1.314,1.467,5.320
1574.044,-1.315,1.467,5.321
1574.156,-1.315,1.467,5.320
1574.266,-1.315,1.468,5.319
1574.377,-1.315,1.468,5.317
1574.489,-1.317,1.468,5.314
1574.600,-1.318,1.468,5.310
1574.711,-1.319,1.468,5.308
1574.823,-1.319,1.469,5.304
1574.934,-1.319,1.468,5.302
1575.044,-1.319,1.467,5.300
1575.156,-1.318,1.466,5.300
1575.267,-1.318,1.465,5.300
1575.378,-1.317,1.465,5.301
1575.489,-1.316,1.464,5.301
1575.600,-1.316,1.464,5.302
1575.711,-1.316,1.464,5.301
1575.822,-1.315,1.464,5.301
1575.933,-1.314,1.463,5.302
1576.044,-1.313,1.463,5.302
1576.155,-1.313,1.463,5.302
1576.266,-1.312,1.463,5.303
1576.377,-1.311,1.463,5.304
1576.488,-1.308,1.466,5.303
1576.600,-1.304,1.478,5.303
1576.711,-1.294,1.482,5.301
1576.822,-1.277,1.472,5.298
1576.933,-1.248,1.464,5.288
1577.045,-1.206,1.456,5.272
1577.156,-1.150,1.441,5.252
1577.267,-1.082,1.418,5.231
1577.377,-1.016,1.376,5.217
1577.489,-0.953,1.322,5.207
1577.600,-0.897,1.245,5.199
1577.711,-0.854,1.162,5.195
1577.822,-0.825,1.093,5.193
1577.933,-0.807,1.044,5.194
1578.044,-0.794,1.014,5.192
1578.156,-0.788,1.000,5.191
1578.266,-0.784,0.995,5.190
1578.378,-0.784,0.996,5.188
1578.489,-0.787,1.001,5.185
1578.600,-0.792,1.006,5.181
1578.711,-0.801,1.009,5.177
1578.820,-0.813,1.010,5.174
1578.932,-0.826,1.010,5.172
1579.043,-0.838,1.010,5.171
1579.155,-0.850,1.008,5.172
1579.266,-0.859,1.007,5.173
1579.377,-0.865,1.004,5.176
1579.488,-0.871,0.998,5.179
1579.599,-0.876,0.993,5.183
1579.711,-0.879,0.991,5.186
1579.822,-0.881,0.990,5.189
1579.933,-0.883,0.989,5.190
1580.044,-0.883,0.989,5.190
1580.155,-0.882,0.993,5.189
1580.266,-0.879,0.999,5.188
1580.377,-0.878,1.004,5.187
1580.489,-0.875,1.007,5.186
1580.600,-0.876,1.011,5.186
1580.711,-0.877,1.018,5.186
1580.822,-0.879,1.030,5.185
1580.933,-0.884,1.054,5.183
1581.044,-0.892,1.086,5.182
1581.156,-0.903,1.121,5.181
1581.267,-0.916,1.145,5.183
1581.378,-0.927,1.147,5.184
1581.489,-0.936,1.137,5.185
1581.600,-0.943,1.135,5.185
1581.711,-0.950,1.146,5.186
1581.823,-0.958,1.162,5.186
1581.933,-0.967,1.185,5.187
1582.045,-0.981,1.220,5.187
1582.156,-0.999,1.265,5.186
1582.267,-1.021,1.312,5.185
1582.378,-1.051,1.353,5.190
1582.489,-1.084,1.389,5.200
1582.601,-1.122,1.420,5.215
1582.711,-1.164,1.442,5.233
1582.822,-1.204,1.452,5.253
1582.934,-1.226,1.450,5.271
1583.045,-1.234,1.443,5.284
1583.156,-1.244,1.441,5.287
1583.267,-1.277,1.458,5.277
1583.378,-1.331,1.492,5.264
1583.489,-1.390,1.519,5.256
1583.601,-1.451,1.529,5.246
1583.711,-1.511,1.534,5.230
1583.822,-1.563,1.534,5.210
1583.934,-1.604,1.535,5.192
1584.044,-1.632,1.537,5.174
1584.156,-1.652,1.537,5.154
1584.267,-1.666,1.533,5.135
1584.378,-1.671,1.529,5.123
1584.489,-1.663,1.526,5.113
1584.600,-1.646,1.526,5.095
1584.711,-1.625,1.521,5.070
1584.822,-1.604,1.516,5.040
1584.933,-1.579,1.514,5.011
1585.044,-1.550,1.510,4.984
1585.155,-1.523,1.503,4.964
1585.267,-1.502,1.503,4.946
1585.377,-1.490,1.506,4.927
1585.489,-1.483,1.505,4.901
1585.600,-1.482,1.503,4.868
1585.711,-1.484,1.497,4.828
1585.822,-1.489,1.493,4.781
1585.934,-1.499,1.502,4.729
1586.045,-1.508,1.513,4.679
1586.156,-1.513,1.515,4.630
1586.267,-1.513,1.516,4.583
1586.378,-1.508,1.515,4.536
1586.490,-1.500,1.510,4.485
1586.601,-1.487,1.502,4.431
1586.712,-1.470,1.496,4.376
1586.823,-1.446,1.504,4.320
1586.934,-1.425,1.515,4.264
1587.045,-1.411,1.514,4.210
1587.156,-1.403,1.522,4.164
1587.267,-1.399,1.525,4.120
1587.378,-1.397,1.520,4.073
1587.490,-1.397,1.511,4.024
1587.601,-1.406,1.509,3.970
1587.712,-1.423,1.522,3.909
1587.823,-1.442,1.536,3.849
1587.934,-1.456,1.536,3.793
1588.045,-1.461,1.537,3.741
1588.156,-1.465,1.539,3.696
1588.268,-1.465,1.540,3.653
1588.379,-1.461,1.535,3.609
1588.490,-1.448,1.530,3.565
1588.601,-1.424,1.534,3.523
1588.712,-1.389,1.536,3.485
1588.823,-1.347,1.531,3.461
1588.935,-1.312,1.527,3.447
1589.045,-1.287,1.529,3.435
1589.157,-1.267,1.525,3.426
1589.268,-1.257,1.523,3.417
1589.378,-1.261,1.524,3.405
1589.489,-1.273,1.524,3.391
1589.601,-1.291,1.518,3.373
1589.711,-1.309,1.514,3.357
1589.822,-1.326,1.511,3.348
1589.934,-1.344,1.509,3.341
1590.044,-1.360,1.513,3.338
1590.155,-1.371,1.515,3.336
1590.266,-1.376,1.517,3.334
1590.377,-1.380,1.519,3.332
1590.489,-1.381,1.519,3.329
1590.600,-1.381,1.520,3.324
1590.710,-1.380,1.520,3.317
1590.822,-1.378,1.521,3.309
1590.933,-1.376,1.521,3.300
1591.044,-1.374,1.523,3.290
1591.155,-1.371,1.525,3.281
1591.266,-1.367,1.528,3.274
1591.377,-1.364,1.531,3.269
1591.488,-1.367,1.533,3.271
1591.599,-1.375,1.535,3.278
1591.710,-1.384,1.538,3.288
1591.822,-1.389,1.543,3.298
1591.933,-1.389,1.553,3.305
1592.044,-1.389,1.562,3.308
1592.155,-1.389,1.568,3.310
1592.266,-1.390,1.570,3.314
1592.377,-1.389,1.566,3.323
1592.488,-1.384,1.554,3.342
1592.599,-1.377,1.536,3.368
1592.710,-1.372,1.516,3.394
1592.822,-1.371,1.512,3.425
1592.933,-1.378,1.511,3.455
1593.044,-1.396,1.505,3.485
1593.155,-1.422,1.494,3.515
1593.266,-1.451,1.476,3.543
1593.377,-1.479,1.468,3.573
1593.488,-1.505,1.465,3.602
1593.600,-1.527,1.464,3.632
1593.710,-1.542,1.461,3.666
1593.821,-1.550,1.456,3.708
1593.933,-1.551,1.447,3.758
1594.044,-1.543,1.441,3.818
1594.155,-1.530,1.452,3.888
1594.266,-1.519,1.465,3.956
1594.377,-1.513,1.468,4.012
1594.488,-1.507,1.476,4.060
1594.600,-1.498,1.477,4.108
1594.710,-1.485,1.470,4.159
1594.822,-1.478,1.463,4.213
1594.933,-1.481,1.459,4.272
1595.043,-1.491,1.468,4.339
1595.155,-1.502,1.475,4.408
1595.266,-1.507,1.471,4.465
1595.376,-1.508,1.478,4.512
1595.489,-1.506,1.476,4.556
1595.599,-1.499,1.471,4.600
1595.710,-1.489,1.466,4.643
1595.821,-1.472,1.462,4.688
1595.932,-1.450,1.470,4.733
1596.044,-1.424,1.480,4.780
1596.155,-1.401,1.473,4.824
1596.267,-1.382,1.472,4.863
1596.377,-1.363,1.473,4.892
1596.489,-1.344,1.468,4.914
1596.600,-1.326,1.467,4.936
1596.711,-1.310,1.466,4.962
1596.822,-1.297,1.463,4.995
1596.934,-1.285,1.463,5.038
1597.045,-1.274,1.461,5.086
1597.156,-1.265,1.456,5.128
1597.267,-1.258,1.452,5.157
1597.378,-1.251,1.451,5.176
1597.489,-1.243,1.448,5.187
1597.601,-1.238,1.446,5.193
1597.712,-1.235,1.450,5.191
1597.823,-1.234,1.468,5.170
1597.935,-1.246,1.487,5.143
1598.045,-1.269,1.501,5.112
1598.157,-1.297,1.511,5.077
1598.268,-1.326,1.516,5.038
1598.379,-1.358,1.518,4.997
1598.490,-1.392,1.520,4.951
1598.601,-1.428,1.519,4.901
1598.712,-1.468,1.514,4.854
1598.823,-1.503,1.514,4.816
1598.934,-1.527,1.518,4.783
1599.045,-1.540,1.515,4.751
1599.156,-1.541,1.513,4.718
1599.268,-1.525,1.510,4.681
1599.379,-1.489,1.509,4.643
1599.490,-1.437,1.515,4.601
1599.601,-1.380,1.520,4.561
1599.712,-1.329,1.520,4.527
1599.823,-1.288,1.521,4.498
1599.935,-1.256,1.523,4.468
1600.045,-1.230,1.519,4.431
1600.156,-1.209,1.510,4.388
1600.268,-1.194,1.494,4.334
1600.379,-1.189,1.485,4.263
1600.490,-1.192,1.490,4.181
1600.601,-1.195,1.497,4.099
1600.712,-1.191,1.494,4.026
1600.824,-1.179,1.503,3.962
1600.935,-1.161,1.499,3.896
1601.046,-1.136,1.489,3.828
1601.157,-1.102,1.479,3.756
1601.268,-1.057,1.473,3.683
1601.379,-1.010,1.487,3.611
1601.490,-0.973,1.490,3.549
1601.601,-0.943,1.497,3.491
1601.712,-0.916,1.494,3.429
1601.823,-0.891,1.486,3.363
1601.935,-0.871,1.478,3.294
1602.045,-0.856,1.476,3.222
1602.156,-0.844,1.496,3.150
1602.268,-0.829,1.504,3.080
1602.379,-0.812,1.500,3.015
1602.490,-0.794,1.491,2.954
1602.601,-0.774,1.485,2.898
1602.712,-0.750,1.479,2.841
1602.823,-0.720,1.474,2.779
1602.934,-0.685,1.481,2.715
1603.045,-0.653,1.482,2.653
1603.156,-0.627,1.488,2.600
1603.268,-0.604,1.488,2.553
1603.377,-0.584,1.486,2.506
1603.489,-0.569,1.483,2.456
1603.601,-0.559,1.477,2.399
1603.711,-0.554,1.479,2.336
1603.819,-0.553,1.494,2.268
1603.931,-0.548,1.498,2.204
1604.041,-0.542,1.495,2.143
1604.153,-0.537,1.495,2.082
1604.266,-0.530,1.486,2.019
1604.378,-0.520,1.475,1.955
1604.489,-0.505,1.465,1.888
1604.600,-0.484,1.467,1.818
1604.712,-0.463,1.482,1.748
1604.823,-0.448,1.485,1.684
1604.934,-0.437,1.490,1.630
1605.045,-0.428,1.490,1.578
1605.156,-0.420,1.488,1.523
1605.268,-0.418,1.481,1.467
1605.379,-0.420,1.477,1.410
1605.490,-0.428,1.495,1.351
1605.601,-0.436,1.520,1.296
1605.712,-0.443,1.516,1.241
1605.823,-0.461,1.519,1.193
1605.935,-0.482,1.524,1.156
1606.045,-0.501,1.526,1.127
1606.157,-0.515,1.524,1.105
1606.268,-0.523,1.523,1.087
1606.379,-0.525,1.529,1.073
1606.490,-0.524,1.525,1.055
1606.601,-0.521,1.520,1.042
1606.712,-0.512,1.515,1.039
1606.823,-0.497,1.512,1.042
1606.934,-0.481,1.511,1.043
1607.045,-0.466,1.512,1.040
1607.156,-0.455,1.514,1.036
1607.267,-0.448,1.517,1.031
1607.378,-0.445,1.525,1.024
1607.490,-0.442,1.538,1.012
1607.600,-0.441,1.546,0.997
1607.711,-0.445,1.550,0.979
1607.823,-0.452,1.552,0.952
1607.934,-0.461,1.551,0.918
1608.045,-0.467,1.545,0.880
1608.156,-0.465,1.542,0.846
1608.267,-0.458,1.541,0.818
1608.379,-0.450,1.540,0.797
1608.490,-0.439,1.533,0.785
1608.601,-0.427,1.528,0.787
1608.711,-0.421,1.524,0.800
1608.823,-0.422,1.519,0.812
1608.934,-0.431,1.517,0.815
1609.045,-0.431,1.512,0.822
1609.156,-0.424,1.507,0.841
1609.268,-0.419,1.505,0.857
1609.379,-0.410,1.503,0.869
1609.490,-0.395,1.504,0.885
1609.601,-0.374,1.507,0.906
1609.712,-0.347,1.511,0.927
1609.823,-0.312,1.510,0.948
1609.935,-0.275,1.504,0.968
1610.046,-0.238,1.494,0.981
1610.157,-0.203,1.489,0.988
1610.268,-0.175,1.484,0.988
1610.379,-0.152,1.481,0.977
1610.490,-0.126,1.486,0.960
1610.602,-0.097,1.490,0.944
1610.711,-0.070,1.489,0.930
1610.823,-0.047,1.487,0.921
1610.934,-0.026,1.488,0.918
1611.045,-0.006,1.487,0.918
1611.156,0.016,1.485,0.920
1611.268,0.038,1.484,0.927
1611.378,0.061,1.487,0.941
1611.490,0.085,1.493,0.962
1611.601,0.109,1.494,0.986
1611.712,0.132,1.491,1.006
1611.823,0.153,1.489,1.022
1611.934,0.171,1.488,1.033
1612.045,0.186,1.487,1.039
1612.156,0.194,1.486,1.041
1612.268,0.195,1.484,1.040
1612.378,0.193,1.485,1.037
1612.490,0.190,1.484,1.032
1612.601,0.188,1.484,1.027
1612.712,0.185,1.484,1.023
1612.824,0.183,1.484,1.021
1612.935,0.182,1.485,1.020
1613.045,0.183,1.485,1.020
1613.156,0.184,1.484,1.021
1613.268,0.186,1.484,1.022
1613.379,0.188,1.484,1.022
1613.490,0.187,1.485,1.020
1613.601,0.184,1.486,1.017
1613.712,0.179,1.490,1.020
1613.823,0.162,1.501,1.041
1613.934,0.127,1.512,1.059
1614.045,0.084,1.514,1.061
1614.156,0.043,1.515,1.054
1614.268,0.007,1.517,1.043
1614.378,-0.023,1.519,1.033
1614.489,-0.046,1.521,1.024
1614.601,-0.059,1.522,1.018
1614.712,-0.065,1.523,1.015
1614.823,-0.066,1.522,1.016
1614.934,-0.066,1.521,1.020
1615.045,-0.061,1.521,1.026
1615.156,-0.047,1.518,1.029
1615.268,-0.032,1.514,1.028
1615.379,-0.023,1.512,1.031
1615.490,-0.017,1.511,1.037
1615.601,-0.012,1.509,1.043
1615.713,-0.009,1.503,1.043
1615.823,-0.012,1.496,1.034
1615.935,-0.027,1.493,1.023
1616.046,-0.055,1.496,1.015
1616.157,-0.093,1.504,1.014
1616.268,-0.136,1.510,1.016
1616.379,-0.182,1.511,1.020
1616.490,-0.233,1.510,1.021
1616.601,-0.287,1.507,1.023
1616.712,-0.336,1.497,1.024
1616.823,-0.375,1.498,1.028
1616.934,-0.403,1.501,1.030
1617.045,-0.425,1.500,1.025
1617.157,-0.440,1.500,1.011
1617.268,-0.450,1.497,0.987
1617.379,-0.454,1.494,0.955
1617.490,-0.453,1.491,0.917
1617.601,-0.448,1.496,0.874
1617.712,-0.443,1.496,0.826
1617.823,-0.442,1.490,0.780
1617.934,-0.442,1.486,0.740
1618.045,-0.444,1.486,0.705
1618.156,-0.448,1.482,0.673
1618.268,-0.455,1.479,0.642
1618.379,-0.466,1.477,0.615
1618.490,-0.480,1.481,0.590
1618.602,-0.496,1.483,0.566
1618.712,-0.511,1.480,0.546
1618.823,-0.525,1.476,0.533
1618.934,-0.535,1.473,0.527
1619.045,-0.540,1.472,0.527
1619.156,-0.540,1.470,0.535
1619.268,-0.537,1.470,0.549
1619.378,-0.533,1.471,0.564
1619.490,-0.529,1.473,0.576
1619.601,-0.527,1.473,0.583
1619.712,-0.525,1.473,0.588
1619.823,-0.523,1.475,0.591
1619.934,-0.516,1.479,0.597
1620.045,-0.498,1.488,0.610
1620.157,-0.476,1.496,0.631
1620.268,-0.457,1.502,0.656
1620.379,-0.441,1.505,0.681
1620.490,-0.426,1.507,0.704
1620.601,-0.412,1.511,0.726
1620.712,-0.398,1.514,0.750
1620.823,-0.384,1.512,0.776
1620.935,-0.372,1.513,0.801
1621.046,-0.363,1.515,0.823
1621.157,-0.353,1.516,0.843
1621.268,-0.340,1.512,0.862
1621.379,-0.325,1.507,0.881
1621.490,-0.306,1.502,0.898
1621.602,-0.283,1.499,0.914
1621.713,-0.254,1.496,0.929
1621.824,-0.221,1.499,0.938
1621.935,-0.187,1.504,0.944
1622.046,-0.154,1.504,0.950
1622.157,-0.124,1.503,0.953
1622.268,-0.101,1.500,0.955
1622.379,-0.084,1.498,0.959
1622.490,-0.069,1.498,0.966
1622.601,-0.049,1.498,0.977
1622.712,-0.026,1.496,0.995
1622.824,-0.002,1.495,1.018
1622.935,0.023,1.499,1.047
1623.045,0.048,1.502,1.076
1623.157,0.072,1.500,1.100
1623.268,0.091,1.501,1.115
1623.379,0.103,1.498,1.123
1623.490,0.108,1.497,1.127
1623.601,0.107,1.497,1.124
1623.712,0.102,1.497,1.118
1623.823,0.097,1.496,1.111
1623.935,0.093,1.496,1.106
1624.045,0.091,1.497,1.101
1624.157,0.091,1.497,1.096
1624.268,0.093,1.497,1.093
1624.378,0.097,1.497,1.092
1624.490,0.103,1.496,1.091
1624.601,0.111,1.494,1.091
1624.712,0.123,1.493,1.090
1624.823,0.137,1.487,1.089
1624.934,0.143,1.479,1.089
1625.045,0.132,1.480,1.091
1625.156,0.102,1.486,1.089
1625.268,0.054,1.494,1.074
1625.379,-0.014,1.497,1.039
1625.490,-0.094,1.497,1.002
1625.602,-0.169,1.495,0.971
1625.712,-0.231,1.497,0.950
1625.823,-0.282,1.500,0.935
1625.935,-0.322,1.500,0.923
1626.046,-0.351,1.501,0.915
1626.157,-0.368,1.506,0.910
1626.268,-0.371,1.519,0.914
1626.379,-0.366,1.540,0.920
1626.490,-0.355,1.553,0.925
1626.602,-0.342,1.563,0.928
1626.713,-0.328,1.569,0.929
1626.824,-0.316,1.573,0.930
1626.935,-0.291,1.569,0.930
1627.046,-0.251,1.553,0.940
1627.157,-0.215,1.532,0.964
1627.268,-0.191,1.520,0.989
1627.379,-0.172,1.518,1.006
1627.490,-0.150,1.518,1.021
1627.601,-0.128,1.518,1.031
1627.712,-0.113,1.523,1.022
1627.823,-0.122,1.526,1.003
1627.935,-0.139,1.526,0.997
1628.046,-0.151,1.523,1.000
1628.157,-0.159,1.518,1.002
1628.268,-0.154,1.509,1.004
1628.379,-0.135,1.502,1.011
1628.490,-0.114,1.499,1.027
1628.601,-0.100,1.497,1.048
1628.712,-0.098,1.497,1.060
1628.823,-0.099,1.498,1.063
1628.934,-0.103,1.500,1.067
1629.045,-0.111,1.504,1.064
1629.157,-0.126,1.507,1.034
1629.268,-0.175,1.508,0.990
1629.379,-0.246,1.508,0.966
1629.490,-0.310,1.505,0.961
1629.601,-0.352,1.504,0.957
1629.712,-0.378,1.509,0.942
1629.823,-0.393,1.511,0.911
1629.935,-0.402,1.513,0.870
1630.047,-0.404,1.510,0.825
1630.157,-0.398,1.514,0.777
1630.268,-0.392,1.517,0.727
1630.380,-0.394,1.511,0.686
1630.490,-0.401,1.509,0.658
1630.602,-0.413,1.513,0.643
1630.713,-0.427,1.512,0.640
1630.824,-0.442,1.514,0.645
1630.935,-0.457,1.510,0.651
1631.046,-0.471,1.499,0.655
1631.157,-0.481,1.497,0.657
1631.268,-0.486,1.494,0.659
1631.379,-0.487,1.496,0.660
1631.490,-0.487,1.496,0.658
1631.601,-0.484,1.497,0.654
1631.712,-0.479,1.504,0.651
1631.824,-0.472,1.510,0.651
1631.935,-0.462,1.516,0.653
1632.046,-0.447,1.520,0.661
1632.157,-0.429,1.519,0.671
1632.269,-0.406,1.517,0.678
1632.379,-0.386,1.515,0.679
1632.490,-0.371,1.514,0.676
1632.602,-0.357,1.505,0.671
1632.713,-0.349,1.493,0.668
1632.824,-0.351,1.488,0.679
1632.935,-0.362,1.485,0.701
1633.046,-0.383,1.485,0.728
1633.157,-0.414,1.489,0.755
1633.270,-0.446,1.485,0.778
1633.379,-0.473,1.482,0.791
1633.490,-0.496,1.483,0.798
1633.602,-0.512,1.482,0.794
1633.712,-0.519,1.479,0.775
1633.823,-0.513,1.478,0.739
1633.935,-0.493,1.475,0.685
1634.046,-0.462,1.471,0.623
1634.157,-0.429,1.475,0.561
1634.269,-0.400,1.478,0.511
1634.379,-0.380,1.474,0.480
1634.490,-0.373,1.471,0.465
1634.602,-0.378,1.472,0.460
1634.712,-0.393,1.473,0.464
1634.824,-0.422,1.479,0.475
1634.935,-0.468,1.482,0.494
1635.046,-0.526,1.486,0.538
1635.157,-0.577,1.486,0.598
1635.268,-0.625,1.483,0.659
1635.379,-0.677,1.478,0.719
1635.490,-0.733,1.477,0.775
1635.601,-0.782,1.488,0.819
1635.712,-0.828,1.497,0.844
1635.823,-0.871,1.496,0.854
1635.935,-0.918,1.495,0.852
1636.046,-0.971,1.488,0.846
1636.157,-1.023,1.481,0.833
1636.268,-1.073,1.488,0.816
1636.379,-1.122,1.486,0.804
1636.490,-1.165,1.482,0.791
1636.601,-1.197,1.475,0.777
1636.712,-1.221,1.468,0.757
1636.823,-1.234,1.462,0.743
1636.934,-1.239,1.459,0.739
1637.045,-1.235,1.461,0.743
1637.156,-1.228,1.470,0.756
1637.268,-1.219,1.481,0.776
1637.378,-1.213,1.488,0.795
1637.490,-1.212,1.492,0.810
1637.601,-1.217,1.493,0.824
1637.712,-1.227,1.492,0.839
1637.824,-1.246,1.488,0.859
1637.935,-1.270,1.482,0.887
1638.045,-1.298,1.476,0.916
1638.156,-1.330,1.470,0.939
1638.268,-1.372,1.467,0.955
1638.378,-1.421,1.468,0.970
1638.490,-1.471,1.478,0.985
1638.601,-1.515,1.483,1.000
1638.712,-1.551,1.481,1.011
1638.823,-1.581,1.481,1.014
1638.935,-1.606,1.481,1.008
1639.046,-1.630,1.485,0.992
1639.157,-1.652,1.485,0.964
1639.268,-1.674,1.483,0.922
1639.379,-1.695,1.480,0.863
1639.490,-1.718,1.477,0.786
1639.601,-1.749,1.479,0.701
1639.712,-1.777,1.474,0.631
1639.823,-1.787,1.469,0.585
1639.935,-1.783,1.473,0.560
1640.046,-1.766,1.477,0.553
1640.157,-1.738,1.482,0.561
1640.268,-1.697,1.480,0.585
1640.379,-1.648,1.456,0.625
1640.490,-1.602,1.426,0.672
1640.601,-1.573,1.404,0.713
1640.712,-1.564,1.383,0.733
1640.823,-1.577,1.353,0.737
1640.935,-1.601,1.294,0.730
1641.045,-1.622,1.200,0.720
1641.156,-1.627,1.082,0.711
1641.268,-1.625,0.961,0.702
1641.379,-1.622,0.856,0.695
1641.490,-1.619,0.787,0.687
1641.601,-1.617,0.776,0.678
1641.713,-1.624,0.819,0.669
1641.824,-1.632,0.896,0.662
1641.935,-1.637,0.985,0.655
1642.046,-1.638,1.043,0.651
1642.157,-1.632,1.041,0.648
1642.269,-1.627,1.003,0.646
1642.379,-1.620,0.949,0.645
1642.491,-1.614,0.892,0.645
1642.601,-1.608,0.848,0.646
1642.712,-1.605,0.816,0.645
1642.823,-1.600,0.790,0.643
1642.935,-1.596,0.785,0.640
1643.046,-1.598,0.794,0.638
1643.157,-1.602,0.806,0.638
1643.269,-1.605,0.812,0.640
1643.379,-1.608,0.821,0.644
1643.491,-1.614,0.833,0.647
1643.601,-1.617,0.834,0.649
1643.712,-1.616,0.826,0.652
1643.824,-1.618,0.817,0.653
1643.935,-1.620,0.798,0.654
1644.046,-1.620,0.771,0.653
1644.159,-1.622,0.798,0.648
1644.268,-1.629,0.893,0.638
1644.379,-1.622,1.040,0.628
1644.490,-1.595,1.213,0.622
1644.601,-1.540,1.352,0.624
1644.712,-1.480,1.428,0.632
1644.824,-1.443,1.455,0.637
1644.935,-1.428,1.465,0.628
1645.046,-1.425,1.470,0.600
1645.157,-1.429,1.479,0.554
1645.268,-1.441,1.480,0.506
1645.379,-1.459,1.475,0.472
1645.490,-1.480,1.479,0.451
1645.601,-1.503,1.486,0.443
1645.712,-1.533,1.489,0.440
1645.823,-1.573,1.487,0.444
1645.935,-1.624,1.484,0.453
1646.046,-1.678,1.486,0.465
1646.157,-1.729,1.487,0.477
1646.268,-1.776,1.491,0.489
1646.379,-1.822,1.495,0.498
1646.490,-1.871,1.495,0.495
1646.602,-1.913,1.486,0.482
1646.715,-1.926,1.476,0.474
1646.823,-1.914,1.476,0.473
1646.935,-1.899,1.480,0.480
1647.046,-1.888,1.487,0.485
1647.157,-1.878,1.489,0.485
1647.268,-1.868,1.487,0.478
1647.379,-1.859,1.484,0.473
1647.490,-1.854,1.485,0.470
1647.601,-1.851,1.486,0.470
1647.713,-1.848,1.487,0.468
1647.823,-1.843,1.483,0.460
1647.935,-1.836,1.476,0.450
1648.045,-1.826,1.467,0.440
1648.157,-1.805,1.467,0.438
1648.268,-1.776,1.472,0.441
1648.379,-1.739,1.475,0.445
1648.490,-1.691,1.476,0.448
1648.601,-1.633,1.475,0.444
1648.712,-1.571,1.476,0.435
1648.823,-1.511,1.475,0.423
1648.935,-1.468,1.475,0.415
1649.046,-1.445,1.479,0.411
1649.157,-1.439,1.482,0.409
1649.268,-1.447,1.483,0.407
1649.379,-1.469,1.479,0.413
1649.491,-1.501,1.479,0.442
1649.602,-1.532,1.482,0.489
1649.712,-1.565,1.484,0.550
1649.823,-1.600,1.482,0.617
1649.935,-1.639,1.478,0.691
1650.046,-1.680,1.475,0.765
1650.157,-1.716,1.473,0.827
1650.268,-1.738,1.476,0.872
1650.379,-1.750,1.481,0.900
1650.490,-1.760,1.483,0.916
1650.601,-1.767,1.485,0.923
1650.712,-1.770,1.486,0.918
1650.823,-1.766,1.489,0.902
1650.935,-1.757,1.488,0.878
1651.046,-1.744,1.487,0.850
1651.157,-1.717,1.484,0.817
1651.268,-1.680,1.482,0.782
1651.379,-1.633,1.483,0.744
1651.490,-1.579,1.487,0.703
1651.602,-1.530,1.485,0.665
1651.712,-1.493,1.480,0.631
1651.824,-1.470,1.480,0.593
1651.935,-1.458,1.475,0.545
1652.046,-1.459,1.464,0.488
1652.157,-1.473,1.451,0.437
1652.268,-1.489,1.438,0.408
1652.379,-1.497,1.434,0.398
1652.490,-1.500,1.441,0.403
1652.602,-1.502,1.456,0.422
1652.713,-1.511,1.470,0.453
1652.824,-1.527,1.483,0.491
1652.935,-1.550,1.493,0.534
1653.046,-1.584,1.496,0.582
1653.157,-1.625,1.498,0.632
1653.268,-1.670,1.496,0.671
1653.379,-1.714,1.494,0.697
1653.490,-1.759,1.491,0.709
1653.601,-1.812,1.485,0.705
1653.713,-1.863,1.466,0.686
1653.824,-1.894,1.451,0.667
1653.935,-1.907,1.446,0.657
1654.046,-1.912,1.447,0.653
1654.157,-1.916,1.452,0.653
1654.269,-1.920,1.454,0.656
1654.380,-1.922,1.461,0.661
1654.490,-1.915,1.469,0.674
1654.602,-1.909,1.472,0.687
1654.713,-1.911,1.472,0.689
1654.823,-1.920,1.472,0.672
1654.935,-1.937,1.464,0.637
1655.046,-1.958,1.453,0.594
1655.157,-1.982,1.451,0.546
1655.268,-2.005,1.453,0.507
1655.379,-2.019,1.455,0.484
1655.490,-2.020,1.461,0.481
1655.602,-2.009,1.469,0.497
1655.712,-1.986,1.474,0.531
1655.824,-1.950,1.470,0.574
1655.935,-1.907,1.463,0.616
1656.046,-1.860,1.461,0.651
1656.157,-1.813,1.467,0.678
1656.268,-1.774,1.477,0.700
1656.379,-1.742,1.484,0.713
1656.490,-1.708,1.489,0.715
1656.601,-1.661,1.491,0.704
1656.712,-1.605,1.485,0.682
1656.823,-1.543,1.465,0.647
1656.935,-1.469,1.444,0.597
1657.046,-1.380,1.443,0.526
1657.157,-1.291,1.451,0.457
1657.268,-1.215,1.458,0.409
1657.379,-1.160,1.455,0.383
1657.490,-1.130,1.458,0.374
1657.602,-1.122,1.465,0.372
1657.713,-1.133,1.470,0.373
1657.824,-1.156,1.473,0.382
1657.935,-1.176,1.474,0.406
1658.045,-1.195,1.476,0.444
1658.156,-1.214,1.478,0.495
1658.268,-1.234,1.480,0.553
1658.379,-1.256,1.482,0.608
1658.490,-1.279,1.481,0.659
1658.601,-1.303,1.480,0.701
1658.712,-1.326,1.484,0.732
1658.823,-1.352,1.487,0.754
1658.935,-1.386,1.488,0.771
1659.046,-1.427,1.489,0.784
1659.157,-1.468,1.484,0.790
1659.268,-1.506,1.489,0.783
1659.379,-1.553,1.496,0.765
1659.490,-1.607,1.498,0.735
1659.601,-1.667,1.498,0.696
1659.712,-1.719,1.486,0.658
1659.824,-1.748,1.469,0.633
1659.935,-1.756,1.466,0.628
1660.046,-1.746,1.474,0.637
1660.157,-1.719,1.486,0.656
1660.268,-1.676,1.500,0.690
1660.379,-1.623,1.502,0.733
1660.490,-1.572,1.495,0.778
1660.601,-1.525,1.489,0.814
1660.715,-1.480,1.490,0.836
1660.824,-1.443,1.494,0.846
1660.935,-1.409,1.495,0.847
1661.045,-1.375,1.495,0.838
1661.157,-1.339,1.493,0.817
1661.268,-1.303,1.489,0.783
1661.379,-1.267,1.483,0.736
1661.490,-1.232,1.476,0.674
1661.601,-1.204,1.475,0.597
1661.712,-1.191,1.474,0.526
1661.825,-1.193,1.474,0.471
1661.935,-1.201,1.472,0.436
1662.045,-1.211,1.475,0.418
1662.158,-1.218,1.478,0.411
1662.268,-1.223,1.480,0.411
1662.379,-1.223,1.482,0.417
1662.490,-1.224,1.484,0.431
1662.601,-1.226,1.486,0.460
1662.712,-1.228,1.487,0.508
1662.824,-1.234,1.488,0.576
1662.935,-1.245,1.482,0.664
1663.045,-1.259,1.451,0.752
1663.157,-1.283,1.435,0.822
1663.268,-1.297,1.432,0.873
1663.379,-1.306,1.435,0.911
1663.490,-1.310,1.442,0.942
1663.601,-1.309,1.455,0.970
1663.712,-1.309,1.471,0.993
1663.819,-1.318,1.488,1.007
1663.929,-1.339,1.496,1.014
1664.040,-1.375,1.498,1.016
1664.151,-1.423,1.500,1.011
1664.253,-1.479,1.504,1.007
1664.365,-1.555,1.498,1.007
1664.476,-1.624,1.483,1.013
1664.587,-1.669,1.468,1.019
1664.698,-1.688,1.462,1.017
1664.809,-1.685,1.465,1.009
1664.920,-1.658,1.478,0.994
1665.032,-1.607,1.493,0.980
1665.142,-1.538,1.494,0.968
1665.254,-1.468,1.487,0.958
1665.365,-1.410,1.489,0.947
1665.477,-1.364,1.498,0.928
1665.587,-1.324,1.500,0.903
1665.698,-1.293,1.501,0.874
1665.809,-1.271,1.498,0.836
1665.921,-1.256,1.491,0.785
1666.032,-1.244,1.484,0.721
1666.143,-1.237,1.479,0.643
1666.254,-1.234,1.476,0.566
1666.365,-1.236,1.474,0.504
1666.476,-1.240,1.468,0.461
1666.588,-1.241,1.464,0.433
1666.699,-1.241,1.463,0.416
1666.810,-1.241,1.462,0.411
1666.921,-1.242,1.465,0.415
1667.032,-1.244,1.469,0.427
1667.143,-1.246,1.472,0.448
1667.254,-1.248,1.477,0.481
1667.365,-1.250,1.480,0.529
1667.476,-1.248,1.481,0.578
1667.587,-1.246,1.484,0.610
1667.699,-1.244,1.485,0.621
1667.810,-1.242,1.483,0.615
1667.921,-1.243,1.480,0.595
1668.032,-1.246,1.477,0.570
1668.143,-1.252,1.474,0.548
1668.254,-1.256,1.472,0.536
1668.365,-1.256,1.472,0.536
1668.476,-1.254,1.474,0.548
1668.587,-1.252,1.479,0.571
1668.698,-1.253,1.483,0.607
1668.810,-1.261,1.478,0.659
1668.920,-1.267,1.471,0.717
1669.029,-1.271,1.462,0.762
1669.141,-1.278,1.458,0.798
1669.253,-1.286,1.459,0.827
1669.363,-1.292,1.457,0.846
1669.474,-1.298,1.456,0.850
1669.585,-1.299,1.463,0.815
1669.698,-1.274,1.471,0.769
1669.809,-1.236,1.473,0.732
1669.921,-1.178,1.473,0.699
1670.031,-1.099,1.474,0.665
1670.142,-1.005,1.478,0.628
1670.254,-0.901,1.476,0.586
1670.365,-0.793,1.471,0.535
1670.476,-0.701,1.464,0.484
1670.588,-0.634,1.457,0.445
1670.699,-0.591,1.451,0.421
1670.810,-0.567,1.445,0.407
1670.923,-0.557,1.445,0.408
1671.032,-0.558,1.452,0.427
1671.143,-0.569,1.466,0.463
1671.254,-0.586,1.480,0.509
1671.365,-0.602,1.490,0.556
1671.476,-0.609,1.497,0.595
1671.588,-0.605,1.500,0.620
1671.699,-0.585,1.500,0.635
1671.810,-0.551,1.499,0.642
1671.921,-0.503,1.496,0.641
1672.032,-0.440,1.489,0.635
1672.143,-0.362,1.483,0.625
1672.254,-0.282,1.478,0.619
1672.365,-0.217,1.478,0.614
1672.477,-0.172,1.476,0.608
1672.587,-0.151,1.474,0.605
1672.699,-0.156,1.476,0.608
1672.810,-0.186,1.484,0.621
1672.921,-0.239,1.493,0.643
1673.032,-0.310,1.500,0.679
1673.143,-0.390,1.500,0.726
1673.254,-0.473,1.494,0.779
1673.365,-0.550,1.484,0.834
1673.476,-0.613,1.491,0.875
1673.587,-0.671,1.499,0.902
1673.698,-0.727,1.492,0.917
1673.809,-0.785,1.485,0.921
1673.920,-0.848,1.469,0.913
1674.031,-0.922,1.452,0.897
1674.142,-1.005,1.458,0.874
1674.254,-1.083,1.471,0.853
1674.365,-1.144,1.483,0.838
1674.476,-1.194,1.490,0.825
1674.587,-1.245,1.485,0.815
1674.698,-1.304,1.475,0.815
1674.809,-1.371,1.464,0.827
1674.921,-1.450,1.460,0.851
1675.032,-1.536,1.470,0.878
1675.143,-1.613,1.478,0.901
1675.254,-1.677,1.479,0.921
1675.367,-1.724,1.478,0.938
1675.476,-1.757,1.478,0.950
1675.587,-1.779,1.477,0.955
1675.698,-1.795,1.478,0.952
1675.809,-1.808,1.481,0.941
1675.921,-1.820,1.482,0.922
1676.032,-1.829,1.486,0.897
1676.145,-1.839,1.490,0.871
1676.254,-1.848,1.487,0.847
1676.365,-1.853,1.483,0.825
1676.476,-1.853,1.483,0.806
1676.587,-1.848,1.485,0.793
1676.698,-1.837,1.488,0.785
1676.809,-1.818,1.489,0.784
1676.921,-1.791,1.484,0.795
1677.032,-1.757,1.471,0.816
1677.143,-1.719,1.462,0.838
1677.254,-1.675,1.464,0.854
1677.365,-1.623,1.466,0.866
1677.476,-1.568,1.468,0.879
1677.587,-1.508,1.473,0.891
1677.698,-1.443,1.478,0.901
1677.810,-1.374,1.483,0.906
1677.920,-1.300,1.487,0.905
1678.032,-1.237,1.483,0.900
1678.143,-1.196,1.487,0.890
1678.254,-1.168,1.489,0.874
1678.366,-1.148,1.488,0.849
1678.476,-1.135,1.485,0.814
1678.587,-1.129,1.480,0.767
1678.699,-1.128,1.474,0.703
1678.810,-1.131,1.470,0.621
1678.921,-1.135,1.473,0.540
1679.032,-1.136,1.476,0.479
1679.143,-1.136,1.480,0.434
1679.254,-1.133,1.480,0.403
1679.365,-1.127,1.485,0.383
1679.477,-1.117,1.488,0.368
1679.588,-1.102,1.488,0.353
1679.699,-1.085,1.491,0.333
1679.810,-1.068,1.483,0.312
1679.921,-1.051,1.473,0.298
1680.032,-1.037,1.464,0.290
1680.143,-1.024,1.458,0.295
1680.254,-1.009,1.463,0.313
1680.365,-0.996,1.471,0.335
1680.476,-0.986,1.476,0.354
1680.587,-0.977,1.478,0.369
1680.698,-0.969,1.478,0.379
1680.810,-0.964,1.475,0.387
1680.921,-0.960,1.475,0.394
1681.032,-0.958,1.477,0.399
1681.143,-0.959,1.476,0.405
1681.254,-0.963,1.477,0.412
1681.365,-0.971,1.479,0.423
1681.476,-0.987,1.481,0.447
1681.587,-1.006,1.481,0.480
1681.698,-1.025,1.480,0.521
1681.809,-1.047,1.481,0.565
1681.920,-1.070,1.481,0.611
1682.031,-1.099,1.483,0.657
1682.142,-1.130,1.492,0.705
1682.253,-1.159,1.506,0.745
1682.365,-1.188,1.525,0.772
1682.476,-1.223,1.539,0.786
1682.587,-1.268,1.540,0.796
1682.699,-1.323,1.529,0.813
1682.809,-1.386,1.513,0.838
1682.920,-1.456,1.502,0.869
1683.032,-1.529,1.507,0.898
1683.142,-1.595,1.505,0.925
1683.257,-1.641,1.502,0.942
1683.365,-1.660,1.500,0.941
1683.476,-1.654,1.505,0.924
1683.587,-1.616,1.504,0.901
1683.699,-1.544,1.493,0.889
1683.810,-1.460,1.484,0.894
1683.921,-1.382,1.487,0.906
1684.032,-1.308,1.490,0.919
1684.143,-1.235,1.491,0.934
1684.254,-1.158,1.482,0.942
1684.365,-1.073,1.465,0.939
1684.476,-0.980,1.457,0.930
1684.587,-0.901,1.444,0.920
1684.698,-0.834,1.440,0.906
1684.810,-0.771,1.450,0.890
1684.921,-0.710,1.461,0.869
1685.032,-0.650,1.463,0.840
1685.143,-0.588,1.456,0.800
1685.254,-0.521,1.461,0.745
1685.365,-0.456,1.477,0.691
1685.476,-0.403,1.488,0.652
1685.587,-0.363,1.492,0.623
1685.699,-0.327,1.497,0.593
1685.810,-0.287,1.496,0.562
1685.921,-0.241,1.490,0.532
1686.032,-0.188,1.484,0.501
1686.143,-0.131,1.482,0.468
1686.254,-0.082,1.481,0.439
1686.365,-0.046,1.479,0.415
1686.476,-0.020,1.474,0.393
1686.588,-0.003,1.467,0.375
1686.698,0.003,1.465,0.364
1686.810,-0.007,1.473,0.362
1686.921,-0.033,1.485,0.370
1687.032,-0.073,1.492,0.389
1687.143,-0.123,1.495,0.420
1687.254,-0.175,1.501,0.459
1687.365,-0.216,1.495,0.488
1687.476,-0.241,1.491,0.504
1687.587,-0.249,1.489,0.509
1687.698,-0.243,1.486,0.503
1687.809,-0.224,1.485,0.487
1687.920,-0.195,1.483,0.462
1688.032,-0.159,1.481,0.432
1688.143,-0.126,1.480,0.404
1688.254,-0.105,1.478,0.380
1688.365,-0.099,1.477,0.365
1688.476,-0.109,1.480,0.366
1688.587,-0.133,1.487,0.385
1688.698,-0.165,1.490,0.417
1688.810,-0.193,1.487,0.448
1688.921,-0.212,1.484,0.469
1689.032,-0.218,1.481,0.476
1689.143,-0.210,1.480,0.473
1689.254,-0.195,1.479,0.463
1689.365,-0.179,1.478,0.451
1689.476,-0.165,1.475,0.439
1689.587,-0.156,1.471,0.430
1689.698,-0.156,1.470,0.427
1689.810,-0.169,1.474,0.440
1689.921,-0.193,1.479,0.469
1690.032,-0.220,1.481,0.507
1690.143,-0.243,1.480,0.540
1690.254,-0.254,1.479,0.562
1690.365,-0.250,1.479,0.569
1690.476,-0.234,1.479,0.566
1690.587,-0.208,1.479,0.557
1690.698,-0.176,1.479,0.542
1690.810,-0.140,1.480,0.523
1690.921,-0.102,1.480,0.502
1691.032,-0.064,1.479,0.480
1691.143,-0.033,1.477,0.464
1691.254,-0.012,1.476,0.454
1691.365,0.001,1.475,0.447
1691.476,0.010,1.474,0.441
1691.587,0.016,1.473,0.436
1691.699,0.016,1.472,0.433
1691.810,0.012,1.471,0.431
1691.921,0.002,1.472,0.432
1692.032,-0.013,1.475,0.434
1692.143,-0.034,1.479,0.439
1692.254,-0.066,1.482,0.447
1692.365,-0.110,1.484,0.461
1692.477,-0.168,1.487,0.484
1692.587,-0.237,1.486,0.518
1692.698,-0.311,1.478,0.561
1692.810,-0.380,1.471,0.605
1692.921,-0.437,1.472,0.638
1693.032,-0.488,1.481,0.657
1693.141,-0.544,1.483,0.661
1693.252,-0.607,1.476,0.651
1693.363,-0.676,1.464,0.630
1693.474,-0.745,1.465,0.600
1693.585,-0.815,1.481,0.567
1693.696,-0.872,1.492,0.549
1693.808,-0.911,1.506,0.544
1693.919,-0.932,1.516,0.552
1694.030,-0.939,1.526,0.568
1694.142,-0.938,1.532,0.589
1694.253,-0.933,1.534,0.602
1694.365,-0.929,1.535,0.601
1694.476,-0.920,1.528,0.596
1694.588,-0.903,1.523,0.595
1694.699,-0.869,1.516,0.600
1694.810,-0.826,1.506,0.621
1694.921,-0.782,1.500,0.654
1695.032,-0.739,1.500,0.688
1695.143,-0.699,1.499,0.725
1695.254,-0.667,1.501,0.765
1695.366,-0.639,1.505,0.803
1695.476,-0.612,1.509,0.838
1695.588,-0.584,1.513,0.870
1695.698,-0.554,1.510,0.899
1695.809,-0.527,1.496,0.917
1695.921,-0.506,1.490,0.926
1696.032,-0.491,1.484,0.926
1696.143,-0.481,1.479,0.918
1696.254,-0.476,1.479,0.896
1696.365,-0.473,1.486,0.861
1696.475,-0.465,1.492,0.823
1696.587,-0.455,1.492,0.788
1696.698,-0.445,1.494,0.758
1696.809,-0.434,1.497,0.731
1696.920,-0.420,1.504,0.712
1697.032,-0.405,1.506,0.705
1697.143,-0.385,1.507,0.711
1697.254,-0.361,1.506,0.724
1697.365,-0.337,1.500,0.735
1697.477,-0.317,1.498,0.751
1697.587,-0.300,1.494,0.773
1697.699,-0.296,1.492,0.796
1697.810,-0.309,1.499,0.824
1697.921,-0.330,1.507,0.856
1698.032,-0.356,1.512,0.887
1698.143,-0.387,1.513,0.914
1698.255,-0.420,1.513,0.938
1698.365,-0.448,1.505,0.958
1698.476,-0.469,1.503,0.976
1698.588,-0.483,1.507,0.992
1698.699,-0.491,1.506,1.007
1698.810,-0.491,1.505,1.021
1698.921,-0.487,1.506,1.032
1699.032,-0.477,1.508,1.042
1699.143,-0.458,1.509,1.052
1699.254,-0.432,1.512,1.064
1699.365,-0.401,1.514,1.076
1699.476,-0.367,1.514,1.083
1699.588,-0.336,1.506,1.089
1699.699,-0.314,1.504,1.095
1699.810,-0.300,1.507,1.103
1699.921,-0.292,1.510,1.114
1700.032,-0.290,1.513,1.130
1700.143,-0.294,1.518,1.148
1700.254,-0.303,1.522,1.164
1700.365,-0.320,1.530,1.174
1700.476,-0.339,1.533,1.179
1700.587,-0.354,1.534,1.183
1700.699,-0.365,1.534,1.187
1700.809,-0.373,1.535,1.189
1700.921,-0.381,1.535,1.188
1701.032,-0.389,1.533,1.184
1701.143,-0.396,1.533,1.179
1701.254,-0.403,1.535,1.172
1701.365,-0.408,1.534,1.162
1701.477,-0.412,1.531,1.153
1701.588,-0.411,1.525,1.142
1701.698,-0.410,1.518,1.132
1701.810,-0.407,1.517,1.129
1701.921,-0.400,1.518,1.132
1702.032,-0.391,1.518,1.135
1702.143,-0.383,1.520,1.135
1702.254,-0.378,1.518,1.135
1702.366,-0.375,1.516,1.139
1702.476,-0.375,1.518,1.145
1702.588,-0.380,1.517,1.152
1702.699,-0.390,1.520,1.161
1702.810,-0.402,1.521,1.171
1702.921,-0.416,1.510,1.177
1703.033,-0.427,1.511,1.183
1703.143,-0.435,1.514,1.191
1703.254,-0.441,1.515,1.199
1703.365,-0.449,1.519,1.206
1703.477,-0.453,1.521,1.211
1703.588,-0.453,1.521,1.214
1703.699,-0.447,1.522,1.216
1703.811,-0.437,1.523,1.216
1703.921,-0.423,1.524,1.215
1704.032,-0.406,1.524,1.214
1704.143,-0.385,1.522,1.215
1704.254,-0.352,1.519,1.226
1704.366,-0.316,1.513,1.247
1704.477,-0.290,1.509,1.266
1704.588,-0.267,1.508,1.278
1704.699,-0.243,1.509,1.286
1704.809,-0.215,1.507,1.291
1704.921,-0.183,1.505,1.295
1705.032,-0.154,1.501,1.295
1705.143,-0.129,1.497,1.289
1705.254,-0.109,1.492,1.277
1705.365,-0.094,1.489,1.264
1705.476,-0.084,1.487,1.250
1705.587,-0.080,1.488,1.232
1705.698,-0.080,1.487,1.214
1705.810,-0.079,1.485,1.201
1705.921,-0.077,1.486,1.194
1706.032,-0.073,1.486,1.193
1706.143,-0.068,1.485,1.196
1706.254,-0.063,1.484,1.197
1706.366,-0.059,1.483,1.199
1706.476,-0.055,1.483,1.201
1706.588,-0.053,1.483,1.203
1706.699,-0.051,1.482,1.205
1706.810,-0.049,1.481,1.207
1706.921,-0.047,1.481,1.210
1707.032,-0.047,1.481,1.211
1707.143,-0.046,1.483,1.209
1707.254,-0.047,1.482,1.207
1707.365,-0.051,1.482,1.204
1707.476,-0.061,1.483,1.194
1707.588,-0.087,1.486,1.175
1707.699,-0.126,1.491,1.160
1707.810,-0.169,1.494,1.152
1707.921,-0.210,1.496,1.146
1708.032,-0.248,1.498,1.140
1708.143,-0.281,1.499,1.131
1708.254,-0.309,1.499,1.124
1708.365,-0.328,1.499,1.119
1708.477,-0.334,1.498,1.118
1708.588,-0.331,1.498,1.123
1708.699,-0.325,1.498,1.126
1708.810,-0.314,1.498,1.127
1708.921,-0.298,1.497,1.124
1709.032,-0.276,1.497,1.119
1709.143,-0.247,1.499,1.110
1709.254,-0.211,1.500,1.099
1709.366,-0.172,1.498,1.085
1709.477,-0.138,1.494,1.071
1709.588,-0.116,1.489,1.059
1709.699,-0.104,1.487,1.051
1709.809,-0.102,1.487,1.050
1709.921,-0.110,1.490,1.053
1710.032,-0.127,1.495,1.058
1710.143,-0.154,1.501,1.066
1710.254,-0.188,1.506,1.073
1710.365,-0.226,1.509,1.076
1710.476,-0.269,1.511,1.074
1710.587,-0.315,1.511,1.070
1710.698,-0.357,1.510,1.069
1710.809,-0.391,1.509,1.070
1710.920,-0.417,1.508,1.069
1711.031,-0.433,1.508,1.065
1711.143,-0.438,1.506,1.059
1711.253,-0.436,1.505,1.050
1711.365,-0.428,1.502,1.041
1711.476,-0.412,1.496,1.029
1711.587,-0.384,1.494,1.016
1711.698,-0.341,1.491,1.002
1711.809,-0.287,1.485,0.983
1711.920,-0.222,1.486,0.961
1712.031,-0.155,1.490,0.936
1712.142,-0.101,1.488,0.913
1712.253,-0.064,1.493,0.889
1712.365,-0.039,1.494,0.866
1712.476,-0.024,1.492,0.846
1712.587,-0.016,1.492,0.826
1712.698,-0.011,1.492,0.807
1712.809,-0.009,1.493,0.787
1712.920,-0.009,1.495,0.765
1713.031,-0.010,1.496,0.743
1713.142,-0.011,1.495,0.724
1713.254,-0.013,1.494,0.708
1713.365,-0.014,1.494,0.697
1713.475,-0.016,1.496,0.689
1713.587,-0.019,1.497,0.680
1713.698,-0.022,1.498,0.673
1713.809,-0.025,1.499,0.667
1713.920,-0.028,1.499,0.660
1714.032,-0.028,1.498,0.657
1714.143,-0.029,1.498,0.655
1714.254,-0.032,1.498,0.652
1714.365,-0.035,1.496,0.649
1714.476,-0.036,1.495,0.646
1714.587,-0.035,1.494,0.645
1714.698,-0.034,1.489,0.643
1714.810,-0.032,1.484,0.642
1714.920,-0.026,1.487,0.643
1715.032,-0.017,1.488,0.645
1715.143,-0.007,1.489,0.646
1715.254,0.004,1.493,0.646
1715.365,0.017,1.496,0.644
1715.476,0.029,1.497,0.642
1715.587,0.040,1.496,0.641
1715.698,0.049,1.496,0.639
1715.809,0.054,1.494,0.637
1715.920,0.054,1.492,0.637
1716.032,0.047,1.487,0.639
1716.143,0.035,1.483,0.645
1716.253,0.017,1.482,0.654
1716.365,-0.006,1.483,0.662
1716.476,-0.037,1.484,0.667
1716.587,-0.079,1.487,0.672
1716.698,-0.126,1.487,0.677
1716.809,-0.169,1.488,0.683
1716.920,-0.205,1.490,0.689
1717.031,-0.230,1.489,0.694
1717.142,-0.246,1.490,0.698
1717.254,-0.258,1.492,0.698
1717.365,-0.264,1.493,0.695
1717.476,-0.266,1.493,0.689
1717.587,-0.262,1.493,0.683
1717.698,-0.255,1.498,0.678
1717.809,-0.247,1.500,0.674
1717.920,-0.237,1.501,0.672
1718.032,-0.228,1.501,0.671
1718.142,-0.222,1.501,0.669
1718.254,-0.216,1.500,0.667
1718.365,-0.210,1.498,0.666
1718.476,-0.206,1.497,0.665
1718.587,-0.204,1.496,0.664
1718.698,-0.201,1.495,0.663
1718.809,-0.200,1.494,0.662
1718.920,-0.197,1.494,0.662
1719.031,-0.193,1.495,0.663
1719.142,-0.189,1.495,0.664
1719.253,-0.187,1.496,0.665
1719.365,-0.185,1.497,0.664
1719.475,-0.184,1.498,0.662
1719.587,-0.182,1.497,0.660
1719.698,-0.181,1.498,0.659
1719.809,-0.179,1.498,0.657
1719.920,-0.176,1.497,0.655
1720.031,-0.174,1.498,0.651
1720.143,-0.178,1.494,0.648
1720.254,-0.191,1.489,0.650
1720.365,-0.217,1.486,0.658
1720.476,-0.253,1.483,0.670
1720.587,-0.301,1.480,0.687
1720.698,-0.360,1.481,0.707
1720.809,-0.420,1.482,0.724
1720.920,-0.470,1.483,0.737
1721.031,-0.510,1.488,0.743
1721.142,-0.540,1.489,0.742
1721.253,-0.561,1.489,0.733
1721.364,-0.574,1.490,0.720
1721.476,-0.579,1.490,0.709
1721.587,-0.581,1.495,0.699
1721.698,-0.581,1.497,0.693
1721.809,-0.579,1.497,0.689
1721.920,-0.574,1.495,0.688
1722.031,-0.570,1.496,0.689
1722.142,-0.568,1.496,0.689
1722.253,-0.566,1.495,0.689
1722.365,-0.564,1.495,0.689
1722.475,-0.562,1.495,0.688
1722.587,-0.561,1.495,0.687
1722.698,-0.560,1.495,0.684
1722.809,-0.559,1.495,0.680
1722.920,-0.558,1.496,0.674
1723.031,-0.558,1.495,0.666
1723.142,-0.564,1.494,0.655
1723.253,-0.575,1.491,0.642
1723.365,-0.590,1.487,0.628
1723.475,-0.606,1.482,0.615
1723.587,-0.626,1.481,0.606
1723.697,-0.649,1.481,0.603
1723.807,-0.678,1.481,0.604
1723.917,-0.715,1.482,0.607
1724.028,-0.761,1.487,0.613
1724.140,-0.805,1.488,0.618
1724.253,-0.838,1.487,0.625
1724.364,-0.863,1.486,0.632
1724.475,-0.879,1.486,0.638
1724.586,-0.890,1.486,0.643
1724.698,-0.895,1.486,0.646
1724.809,-0.896,1.488,0.648
1724.920,-0.895,1.489,0.649
1725.031,-0.891,1.488,0.649
1725.142,-0.886,1.488,0.648
1725.253,-0.882,1.488,0.646
1725.365,-0.879,1.487,0.645
1725.475,-0.877,1.488,0.643
1725.587,-0.875,1.488,0.641
1725.698,-0.872,1.489,0.639
1725.809,-0.871,1.489,0.637
1725.922,-0.870,1.489,0.635
1726.032,-0.868,1.490,0.636
1726.142,-0.865,1.492,0.638
1726.254,-0.864,1.494,0.641
1726.365,-0.865,1.496,0.642
1726.475,-0.866,1.497,0.641
1726.587,-0.867,1.498,0.639
1726.698,-0.868,1.498,0.634
1726.809,-0.873,1.498,0.626
1726.920,-0.891,1.493,0.618
1727.031,-0.925,1.488,0.616
1727.142,-0.966,1.484,0.618
1727.253,-1.015,1.477,0.620
1727.365,-1.068,1.472,0.623
1727.475,-1.113,1.473,0.628
1727.587,-1.145,1.475,0.632
1727.698,-1.166,1.476,0.636
1727.809,-1.179,1.478,0.638
1727.920,-1.185,1.481,0.637
1728.032,-1.183,1.484,0.634
1728.142,-1.177,1.487,0.631
1728.253,-1.168,1.490,0.628
1728.365,-1.159,1.492,0.627
1728.475,-1.150,1.493,0.627
1728.587,-1.142,1.492,0.629
1728.698,-1.135,1.493,0.631
1728.808,-1.130,1.494,0.635
1728.920,-1.127,1.495,0.638
1729.031,-1.128,1.496,0.640
1729.142,-1.129,1.496,0.640
1729.253,-1.131,1.495,0.639
1729.365,-1.133,1.494,0.636
1729.476,-1.138,1.492,0.631
1729.587,-1.147,1.490,0.628
1729.698,-1.160,1.488,0.627
1729.809,-1.178,1.487,0.626
1729.920,-1.201,1.487,0.624
1730.031,-1.225,1.486,0.621
1730.142,-1.248,1.486,0.618
1730.253,-1.267,1.486,0.616
1730.365,-1.281,1.486,0.613
1730.476,-1.291,1.486,0.610
1730.587,-1.297,1.485,0.608
1730.698,-1.299,1.487,0.608
1730.809,-1.298,1.488,0.609
1730.920,-1.297,1.490,0.613
1731.032,-1.296,1.489,0.619
1731.142,-1.293,1.485,0.624
1731.254,-1.290,1.483,0.629
1731.365,-1.287,1.485,0.634
1731.475,-1.285,1.486,0.637
1731.587,-1.284,1.487,0.639
1731.698,-1.283,1.487,0.641
1731.809,-1.282,1.487,0.642
1731.920,-1.281,1.487,0.643
1732.032,-1.279,1.487,0.644
1732.142,-1.278,1.487,0.645
1732.253,-1.276,1.488,0.646
1732.365,-1.274,1.488,0.647
1732.476,-1.270,1.488,0.647
1732.587,-1.259,1.488,0.644
1732.698,-1.234,1.485,0.638
1732.809,-1.202,1.484,0.633
1732.920,-1.162,1.481,0.634
1733.031,-1.117,1.480,0.641
1733.142,-1.067,1.478,0.653
1733.254,-1.010,1.478,0.670
1733.365,-0.951,1.480,0.687
1733.476,-0.907,1.482,0.697
1733.587,-0.888,1.478,0.705
1733.698,-0.882,1.479,0.718
1733.809,-0.882,1.479,0.729
1733.920,-0.889,1.479,0.736
1734.032,-0.899,1.479,0.739
1734.142,-0.914,1.480,0.740
1734.254,-0.932,1.480,0.738
1734.365,-0.944,1.478,0.735
1734.476,-0.951,1.478,0.734
1734.587,-0.955,1.477,0.732
1734.698,-0.956,1.477,0.731
1734.809,-0.957,1.477,0.730
1734.920,-0.957,1.476,0.729
1735.031,-0.958,1.476,0.728
1735.143,-0.959,1.476,0.727
1735.253,-0.962,1.477,0.727
1735.365,-0.964,1.478,0.726
1735.476,-0.967,1.478,0.724
1735.587,-0.971,1.479,0.721
1735.698,-0.976,1.480,0.716
1735.809,-0.982,1.478,0.709
1735.920,-0.986,1.476,0.704
1736.031,-0.984,1.475,0.703
1736.142,-0.981,1.475,0.705
1736.253,-0.976,1.476,0.709
1736.365,-0.967,1.478,0.712
1736.476,-0.949,1.480,0.714
1736.587,-0.926,1.481,0.721
1736.698,-0.908,1.485,0.728
1736.809,-0.900,1.487,0.734
1736.921,-0.899,1.487,0.735
1737.032,-0.910,1.486,0.728
1737.143,-0.931,1.486,0.717
1737.254,-0.956,1.485,0.708
1737.365,-0.977,1.485,0.704
1737.476,-0.992,1.485,0.704
1737.587,-1.001,1.483,0.707
1737.698,-1.004,1.482,0.710
1737.809,-0.997,1.482,0.707
1737.920,-0.987,1.482,0.702
1738.032,-0.978,1.484,0.698
1738.142,-0.973,1.485,0.696
1738.254,-0.971,1.485,0.695
1738.365,-0.971,1.484,0.694
1738.477,-0.972,1.484,0.694
1738.587,-0.970,1.485,0.694
1738.699,-0.964,1.490,0.696
1738.809,-0.956,1.498,0.702
1738.921,-0.953,1.499,0.710
1739.032,-0.954,1.497,0.721
1739.143,-0.957,1.497,0.739
1739.254,-0.963,1.499,0.758
1739.365,-0.968,1.501,0.775
1739.476,-0.971,1.502,0.791
1739.587,-0.973,1.508,0.803
1739.699,-0.973,1.522,0.811
1739.810,-0.975,1.535,0.814
1739.921,-0.976,1.544,0.810
1740.032,-0.976,1.551,0.804
1740.143,-0.975,1.558,0.797
1740.254,-0.971,1.562,0.790
1740.365,-0.963,1.565,0.783
1740.477,-0.954,1.565,0.776
1740.587,-0.942,1.564,0.768
1740.699,-0.926,1.560,0.759
1740.810,-0.904,1.552,0.747
1740.921,-0.879,1.537,0.737
1741.032,-0.852,1.518,0.736
1741.143,-0.821,1.506,0.739
1741.254,-0.784,1.496,0.746
1741.365,-0.743,1.491,0.757
1741.476,-0.703,1.484,0.771
1741.588,-0.668,1.479,0.784
1741.699,-0.636,1.475,0.793
1741.809,-0.604,1.470,0.799
1741.921,-0.567,1.469,0.803
1742.032,-0.526,1.466,0.804
1742.143,-0.480,1.468,0.800
1742.254,-0.431,1.474,0.793
1742.365,-0.389,1.475,0.793
1742.476,-0.351,1.484,0.799
1742.587,-0.314,1.486,0.810
1742.699,-0.276,1.482,0.823
1742.810,-0.241,1.476,0.841
1742.921,-0.207,1.470,0.867
1743.032,-0.174,1.478,0.903
1743.143,-0.145,1.480,0.944
1743.254,-0.119,1.481,0.976
1743.365,-0.095,1.481,0.996
1743.476,-0.069,1.484,1.008
1743.588,-0.038,1.485,1.014
1743.699,-0.005,1.484,1.015
1743.810,0.031,1.489,1.011
1743.921,0.065,1.491,1.007
1744.032,0.093,1.491,1.002
1744.143,0.114,1.492,0.998
1744.254,0.128,1.491,0.996
1744.365,0.136,1.491,0.995
1744.476,0.137,1.491,0.996
1744.587,0.134,1.492,0.999
1744.698,0.128,1.492,1.002
1744.809,0.122,1.492,1.006
1744.920,0.114,1.492,1.009
1745.031,0.104,1.493,1.012
1745.143,0.091,1.494,1.018
1745.254,0.076,1.494,1.027
1745.365,0.057,1.492,1.034
1745.476,0.044,1.488,1.039
1745.587,0.039,1.487,1.042
1745.698,0.041,1.488,1.043
1745.809,0.052,1.488,1.044
1745.921,0.062,1.486,1.042
1746.031,0.066,1.487,1.043
1746.142,0.067,1.486,1.044
1746.254,0.068,1.485,1.043
1746.365,0.068,1.485,1.041
1746.476,0.068,1.486,1.041
1746.587,0.068,1.486,1.042
1746.698,0.061,1.488,1.049
1746.809,0.033,1.494,1.059
1746.920,-0.005,1.502,1.058
1747.031,-0.037,1.510,1.043
1747.144,-0.055,1.512,1.026
1747.253,-0.063,1.512,1.015
1747.365,-0.063,1.512,1.015
1747.475,-0.053,1.520,1.026
1747.586,-0.039,1.526,1.039
1747.697,-0.027,1.533,1.049
1747.808,-0.020,1.541,1.056
1747.919,-0.020,1.545,1.061
1748.030,-0.028,1.546,1.068
1748.141,-0.041,1.545,1.077
1748.253,-0.061,1.545,1.089
1748.364,-0.088,1.544,1.104
1748.475,-0.116,1.539,1.123
1748.586,-0.142,1.542,1.145
1748.697,-0.162,1.544,1.172
1748.808,-0.180,1.544,1.205
1748.919,-0.195,1.539,1.247
1749.031,-0.207,1.526,1.300
1749.141,-0.215,1.521,1.365
1749.252,-0.221,1.522,1.437
1749.363,-0.231,1.510,1.507
1749.474,-0.244,1.511,1.565
1749.585,-0.262,1.511,1.620
1749.697,-0.289,1.507,1.677
1749.808,-0.323,1.500,1.731
1749.918,-0.360,1.507,1.786
1750.030,-0.395,1.522,1.843
1750.141,-0.426,1.526,1.901
1750.252,-0.461,1.528,1.957
1750.363,-0.502,1.524,2.009
1750.474,-0.538,1.515,2.063
1750.585,-0.564,1.509,2.125
1750.697,-0.581,1.506,2.196
1750.808,-0.596,1.515,2.274
1750.919,-0.610,1.514,2.353
1751.031,-0.625,1.513,2.431
1751.142,-0.642,1.511,2.514
1751.253,-0.658,1.501,2.604
1751.364,-0.672,1.486,2.695
1751.474,-0.686,1.489,2.780
1751.585,-0.694,1.513,2.865
1751.696,-0.688,1.519,2.949
1751.807,-0.674,1.519,3.018
1751.918,-0.667,1.513,3.084
1752.030,-0.662,1.499,3.155
1752.141,-0.652,1.485,3.230
1752.252,-0.642,1.495,3.308
1752.364,-0.635,1.506,3.385
1752.475,-0.631,1.518,3.455
1752.586,-0.627,1.523,3.520
1752.697,-0.626,1.520,3.584
1752.808,-0.631,1.514,3.652
1752.920,-0.635,1.524,3.726
1753.031,-0.627,1.524,3.801
1753.142,-0.611,1.518,3.876
1753.253,-0.590,1.513,3.943
1753.364,-0.564,1.505,4.000
1753.475,-0.529,1.492,4.043
1753.586,-0.487,1.482,4.078
1753.697,-0.440,1.493,4.111
1753.808,-0.391,1.497,4.142
1753.920,-0.343,1.486,4.169
1754.030,-0.298,1.487,4.192
1754.142,-0.255,1.483,4.216
1754.253,-0.213,1.478,4.246
1754.364,-0.175,1.468,4.281
1754.475,-0.141,1.472,4.324
1754.586,-0.105,1.483,4.372
1754.697,-0.068,1.476,4.416
1754.808,-0.036,1.476,4.449
1754.920,-0.006,1.474,4.478
1755.031,0.023,1.470,4.507
1755.142,0.055,1.466,4.540
1755.253,0.088,1.462,4.575
1755.364,0.125,1.465,4.610
1755.475,0.158,1.473,4.645
1755.586,0.181,1.478,4.683
1755.698,0.194,1.483,4.726
1755.808,0.193,1.486,4.770
1755.920,0.192,1.486,4.811
1756.031,0.184,1.484,4.853
1756.142,0.170,1.482,4.896
1756.253,0.145,1.483,4.943
1756.364,0.111,1.500,4.993
1756.475,0.075,1.520,5.041
1756.586,0.045,1.532,5.080
1756.698,0.022,1.538,5.113
1756.809,0.004,1.543,5.144
1756.920,-0.011,1.543,5.178
1757.032,-0.026,1.540,5.217
1757.142,-0.038,1.533,5.260
1757.253,-0.046,1.527,5.305
1757.364,-0.048,1.534,5.351
1757.475,-0.051,1.537,5.397
1757.586,-0.058,1.534,5.436
1757.698,-0.070,1.532,5.471
1757.808,-0.088,1.529,5.501
1757.919,-0.111,1.525,5.529
1758.031,-0.142,1.519,5.552
1758.141,-0.180,1.514,5.567
1758.252,-0.224,1.512,5.578
1758.364,-0.274,1.515,5.589
1758.474,-0.327,1.524,5.598
1758.585,-0.377,1.527,5.604
1758.697,-0.420,1.525,5.606
1758.808,-0.452,1.529,5.594
1758.919,-0.472,1.532,5.576
1759.030,-0.485,1.532,5.561
1759.141,-0.496,1.532,5.555
1759.252,-0.507,1.530,5.557
1759.363,-0.516,1.534,5.567
1759.475,-0.526,1.534,5.580
1759.586,-0.532,1.537,5.594
1759.697,-0.536,1.545,5.612
1759.808,-0.539,1.547,5.628
1759.919,-0.540,1.548,5.641
1760.031,-0.546,1.549,5.647
1760.141,-0.557,1.547,5.648
1760.253,-0.571,1.546,5.647
1760.364,-0.587,1.544,5.645
1760.475,-0.609,1.540,5.644
1760.586,-0.634,1.535,5.643
1760.697,-0.665,1.526,5.646
1760.807,-0.693,1.517,5.652
1760.918,-0.718,1.512,5.658
1761.030,-0.745,1.510,5.664
1761.140,-0.774,1.507,5.670
1761.252,-0.802,1.504,5.672
1761.363,-0.830,1.500,5.667
1761.474,-0.860,1.496,5.657
1761.585,-0.894,1.499,5.643
1761.697,-0.933,1.505,5.626
1761.808,-0.976,1.505,5.609
1761.919,-1.021,1.504,5.594
1762.030,-1.059,1.504,5.585
1762.141,-1.095,1.507,5.578
1762.252,-1.131,1.507,5.576
1762.364,-1.169,1.503,5.579
1762.474,-1.207,1.498,5.587
1762.586,-1.246,1.498,5.602
1762.697,-1.290,1.508,5.621
1762.808,-1.331,1.514,5.639
1762.919,-1.369,1.513,5.657
1763.031,-1.405,1.513,5.673
1763.141,-1.436,1.514,5.690
1763.253,-1.466,1.513,5.704
1763.364,-1.494,1.512,5.717
1763.475,-1.526,1.513,5.730
1763.586,-1.563,1.512,5.740
1763.698,-1.605,1.512,5.748
1763.808,-1.651,1.513,5.753
1763.920,-1.695,1.513,5.758
1764.031,-1.735,1.510,5.764
1764.142,-1.769,1.507,5.769
1764.253,-1.799,1.506,5.774
1764.364,-1.823,1.505,5.778
1764.475,-1.843,1.504,5.780
1764.586,-1.860,1.502,5.783
1764.698,-1.877,1.501,5.790
1764.809,-1.893,1.502,5.801
1764.920,-1.908,1.503,5.815
1765.031,-1.925,1.505,5.839
1765.142,-1.941,1.509,5.872
1765.253,-1.957,1.520,5.914
1765.364,-1.975,1.532,5.960
1765.475,-1.994,1.539,6.005
1765.586,-2.014,1.540,6.047
1765.698,-2.033,1.543,6.086
1765.809,-2.049,1.547,6.119
1765.920,-2.062,1.545,6.149
1766.031,-2.078,1.541,6.178
1766.142,-2.102,1.532,6.207
1766.253,-2.130,1.514,6.239
1766.364,-2.163,1.510,6.272
1766.475,-2.192,1.504,6.309
1766.586,-2.214,1.498,6.345
1766.697,-2.230,1.504,6.373
1766.808,-2.238,1.518,6.387
1766.919,-2.244,1.532,6.389
1767.031,-2.246,1.548,6.382
1767.142,-2.245,1.555,6.375
1767.253,-2.242,1.558,6.372
1767.365,-2.239,1.558,6.371
1767.476,-2.239,1.556,6.371
1767.587,-2.245,1.553,6.371
1767.698,-2.256,1.550,6.371
1767.809,-2.273,1.548,6.371
1767.920,-2.293,1.545,6.372
1768.031,-2.315,1.537,6.376
1768.142,-2.331,1.528,6.380
1768.253,-2.339,1.522,6.384
1768.364,-2.338,1.520,6.381
1768.475,-2.328,1.520,6.372
1768.586,-2.306,1.524,6.356
1768.697,-2.277,1.530,6.328
1768.809,-2.248,1.533,6.286
1768.920,-2.221,1.534,6.226
1769.031,-2.197,1.536,6.152
1769.142,-2.178,1.535,6.067
1769.253,-2.164,1.538,5.984
1769.364,-2.155,1.544,5.913
1769.475,-2.149,1.555,5.855
1769.586,-2.140,1.559,5.808
1769.698,-2.130,1.560,5.769
1769.808,-2.120,1.561,5.731
1769.919,-2.106,1.557,5.697
1770.030,-2.085,1.554,5.667
1770.141,-2.057,1.549,5.637
1770.252,-2.024,1.558,5.605
1770.363,-1.991,1.559,5.569
1770.474,-1.963,1.559,5.532
1770.586,-1.940,1.558,5.491
1770.697,-1.920,1.553,5.448
1770.808,-1.905,1.547,5.398
1770.919,-1.906,1.534,5.343
1771.031,-1.920,1.525,5.290
1771.141,-1.937,1.526,5.238
1771.253,-1.950,1.525,5.190
1771.364,-1.959,1.512,5.145
1771.475,-1.964,1.505,5.101
1771.586,-1.967,1.501,5.058
1771.698,-1.967,1.494,5.012
1771.808,-1.958,1.490,4.960
1771.920,-1.939,1.488,4.902
1772.031,-1.918,1.493,4.838
1772.141,-1.903,1.491,4.782
1772.252,-1.894,1.491,4.741
1772.364,-1.889,1.488,4.707
1772.475,-1.889,1.484,4.677
1772.586,-1.893,1.477,4.647
1772.697,-1.901,1.470,4.613
1772.808,-1.914,1.464,4.575
1772.919,-1.933,1.457,4.532
1773.031,-1.956,1.453,4.483
1773.141,-1.982,1.462,4.430
1773.252,-2.004,1.468,4.376
1773.364,-2.016,1.466,4.317
1773.475,-2.010,1.468,4.255
1773.586,-1.999,1.468,4.193
1773.697,-1.988,1.459,4.132
1773.808,-1.976,1.454,4.067
1773.919,-1.963,1.456,4.001
1774.031,-1.948,1.476,3.935
1774.141,-1.940,1.478,3.872
1774.252,-1.934,1.470,3.817
1774.363,-1.921,1.474,3.772
1774.474,-1.910,1.474,3.736
1774.585,-1.904,1.478,3.704
1774.697,-1.908,1.483,3.677
1774.807,-1.928,1.497,3.647
1774.918,-1.950,1.506,3.608
1775.030,-1.970,1.504,3.577
1775.141,-1.987,1.504,3.561
1775.252,-2.002,1.504,3.556
1775.364,-2.013,1.505,3.556
1775.474,-2.016,1.505,3.552
1775.585,-2.013,1.507,3.545
1775.697,-2.009,1.509,3.535
1775.807,-2.005,1.511,3.522
1775.919,-2.002,1.512,3.507
1776.030,-1.997,1.513,3.491
1776.141,-1.988,1.512,3.467
1776.252,-1.976,1.510,3.429
1776.364,-1.968,1.510,3.383
1776.475,-1.961,1.509,3.334
1776.586,-1.951,1.504,3.288
1776.698,-1.933,1.497,3.246
1776.809,-1.908,1.493,3.203
1776.920,-1.876,1.502,3.160
1777.031,-1.843,1.512,3.118
1777.142,-1.814,1.512,3.078
1777.253,-1.790,1.516,3.042
1777.365,-1.770,1.519,3.007
1777.476,-1.752,1.517,2.972
1777.587,-1.733,1.514,2.935
1777.698,-1.717,1.509,2.898
1777.809,-1.700,1.515,2.860
1777.920,-1.680,1.524,2.821
1778.032,-1.656,1.524,2.785
1778.142,-1.631,1.525,2.756
1778.253,-1.607,1.521,2.736
1778.365,-1.586,1.515,2.722
1778.476,-1.571,1.513,2.713
1778.587,-1.558,1.510,2.708
1778.697,-1.541,1.507,2.714
1778.809,-1.523,1.505,2.738
1778.919,-1.507,1.505,2.765
1779.031,-1.488,1.504,2.791
1779.142,-1.469,1.502,2.812
1779.253,-1.455,1.504,2.834
1779.364,-1.439,1.509,2.865
1779.475,-1.419,1.513,2.907
1779.586,-1.392,1.514,2.949
1779.697,-1.365,1.510,2.986
1779.808,-1.338,1.513,3.014
1779.919,-1.304,1.512,3.036
1780.031,-1.261,1.498,3.042
1780.142,-1.212,1.480,3.034
1780.253,-1.161,1.465,3.023
1780.364,-1.106,1.461,3.012
1780.475,-1.049,1.466,3.009
1780.586,-0.993,1.463,3.012
1780.698,-0.940,1.461,3.021
1780.808,-0.892,1.461,3.033
1780.920,-0.847,1.457,3.050
1781.031,-0.800,1.459,3.075
1781.142,-0.754,1.459,3.113
1781.253,-0.704,1.464,3.170
1781.364,-0.651,1.483,3.242
1781.475,-0.607,1.494,3.314
1781.586,-0.574,1.502,3.372
1781.698,-0.546,1.508,3.420
1781.808,-0.517,1.509,3.460
1781.920,-0.487,1.509,3.493
1782.031,-0.456,1.507,3.513
1782.141,-0.415,1.514,3.524
1782.252,-0.367,1.518,3.534
1782.363,-0.323,1.517,3.546
1782.474,-0.285,1.518,3.560
1782.586,-0.260,1.525,3.573
1782.697,-0.241,1.526,3.590
1782.808,-0.227,1.525,3.610
1782.919,-0.212,1.524,3.629
1783.030,-0.198,1.522,3.652
1783.141,-0.186,1.521,3.679
1783.252,-0.174,1.521,3.713
1783.364,-0.162,1.523,3.752
1783.475,-0.149,1.520,3.797
1783.586,-0.137,1.515,3.842
1783.697,-0.125,1.510,3.886
1783.807,-0.115,1.509,3.930
1783.918,-0.108,1.508,3.975
1784.029,-0.099,1.504,4.024
1784.140,-0.087,1.497,4.076
1784.251,-0.072,1.489,4.130
1784.362,-0.052,1.501,4.186
1784.473,-0.029,1.511,4.240
1784.585,-0.013,1.509,4.289
1784.696,-0.004,1.511,4.334
1784.807,0.000,1.508,4.377
1784.918,0.000,1.501,4.419
1785.030,-0.002,1.496,4.459
1785.141,-0.007,1.491,4.501
1785.252,-0.018,1.487,4.546
1785.364,-0.035,1.494,4.595
1785.475,-0.056,1.501,4.644
1785.585,-0.076,1.498,4.689
1785.697,-0.089,1.498,4.731
1785.807,-0.101,1.500,4.768
1785.919,-0.113,1.497,4.807
1786.030,-0.124,1.493,4.848
1786.141,-0.131,1.488,4.891
1786.252,-0.134,1.488,4.935
1786.363,-0.131,1.496,4.984
1786.474,-0.128,1.501,5.034
1786.586,-0.123,1.499,5.079
1786.697,-0.111,1.497,5.120
1786.807,-0.096,1.495,5.150
1786.918,-0.081,1.490,5.171
1787.030,-0.070,1.486,5.186
1787.141,-0.065,1.485,5.196
1787.252,-0.064,1.483,5.206
1787.364,-0.071,1.481,5.217
1787.475,-0.086,1.484,5.229
1787.585,-0.101,1.485,5.242
1787.697,-0.112,1.484,5.253
1787.808,-0.121,1.485,5.261
1787.919,-0.127,1.484,5.267
1788.031,-0.130,1.483,5.273
1788.141,-0.131,1.481,5.277
1788.253,-0.132,1.480,5.280
1788.364,-0.132,1.478,5.284
1788.475,-0.124,1.476,5.284
1788.586,-0.103,1.471,5.279
1788.697,-0.067,1.466,5.268
1788.808,-0.023,1.464,5.255
1788.920,0.023,1.462,5.240
1789.031,0.065,1.458,5.225
1789.142,0.101,1.457,5.211
1789.253,0.134,1.456,5.197
1789.364,0.160,1.456,5.182
1789.475,0.178,1.459,5.166
1789.586,0.185,1.464,5.149
1789.698,0.185,1.473,5.140
1789.808,0.177,1.483,5.142
1789.919,0.169,1.489,5.156
1790.031,0.168,1.496,5.175
1790.141,0.173,1.497,5.193
1790.253,0.177,1.495,5.209
1790.364,0.183,1.495,5.223
1790.475,0.197,1.494,5.239
1790.586,0.216,1.493,5.263
1790.698,0.226,1.490,5.292
1790.809,0.220,1.485,5.321
1790.920,0.202,1.484,5.339
1791.031,0.180,1.482,5.345
1791.142,0.159,1.481,5.345
1791.253,0.142,1.480,5.340
1791.365,0.131,1.476,5.330
1791.475,0.127,1.471,5.315
1791.586,0.131,1.464,5.294
1791.698,0.135,1.460,5.267
1791.808,0.137,1.462,5.237
1791.920,0.136,1.464,5.207
1792.031,0.131,1.466,5.177
1792.142,0.122,1.470,5.149
1792.253,0.109,1.473,5.124
1792.364,0.091,1.481,5.098
1792.475,0.069,1.490,5.079
1792.586,0.040,1.498,5.065
1792.697,0.007,1.504,5.057
1792.808,-0.024,1.510,5.058
1792.920,-0.053,1.505,5.069
1793.031,-0.088,1.489,5.078
1793.142,-0.125,1.478,5.086
1793.253,-0.165,1.472,5.088
1793.364,-0.205,1.484,5.080
1793.475,-0.246,1.490,5.058
1793.586,-0.285,1.492,5.026
1793.698,-0.321,1.494,4.985
1793.809,-0.352,1.491,4.930
1793.920,-0.377,1.482,4.871
1794.031,-0.401,1.486,4.822
1794.142,-0.428,1.495,4.786
1794.254,-0.459,1.497,4.761
1794.364,-0.494,1.500,4.750
1794.475,-0.538,1.503,4.750
1794.586,-0.588,1.505,4.756
1794.697,-0.643,1.508,4.763
1794.808,-0.694,1.506,4.763
1794.919,-0.736,1.509,4.754
1795.030,-0.770,1.518,4.743
1795.141,-0.800,1.525,4.733
1795.252,-0.823,1.528,4.723
1795.364,-0.836,1.531,4.717
1795.475,-0.836,1.531,4.713
1795.586,-0.823,1.530,4.715
1795.697,-0.796,1.528,4.723
1795.808,-0.762,1.531,4.733
1795.919,-0.728,1.533,4.745
1796.030,-0.698,1.527,4.758
1796.141,-0.677,1.522,4.770
1796.252,-0.664,1.522,4.780
1796.364,-0.657,1.519,4.792
1796.475,-0.655,1.515,4.805
1796.586,-0.661,1.516,4.822
1796.697,-0.676,1.514,4.841
1796.808,-0.701,1.511,4.861
1796.919,-0.734,1.511,4.882
1797.030,-0.774,1.510,4.904
1797.141,-0.822,1.516,4.927
1797.252,-0.871,1.518,4.949
1797.364,-0.916,1.518,4.969
1797.475,-0.960,1.518,4.996
1797.586,-1.001,1.517,5.029
1797.697,-1.047,1.513,5.061
1797.808,-1.092,1.503,5.090
1797.920,-1.132,1.499,5.117
1798.031,-1.172,1.508,5.146
1798.142,-1.212,1.512,5.175
1798.253,-1.250,1.507,5.197
1798.364,-1.285,1.503,5.211
1798.475,-1.315,1.503,5.212
1798.586,-1.342,1.504,5.204
1798.697,-1.370,1.510,5.190
1798.808,-1.398,1.513,5.171
1798.920,-1.430,1.520,5.147
1799.031,-1.462,1.527,5.123
1799.142,-1.494,1.524,5.103
1799.253,-1.526,1.528,5.088
1799.365,-1.558,1.526,5.078
1799.475,-1.589,1.521,5.071
1799.586,-1.621,1.519,5.071
1799.697,-1.653,1.520,5.077
1799.807,-1.685,1.516,5.084
1799.919,-1.713,1.514,5.088
1800.030,-1.736,1.512,5.090
1800.140,-1.753,1.511,5.092
1800.251,-1.767,1.510,5.095
1800.363,-1.777,1.508,5.098
1800.474,-1.785,1.504,5.100
1800.585,-1.791,1.502,5.102
1800.696,-1.796,1.502,5.103
1800.807,-1.799,1.500,5.104
1800.919,-1.800,1.499,5.104
1801.029,-1.799,1.498,5.102
1801.140,-1.800,1.497,5.099
1801.251,-1.800,1.495,5.097
1801.363,-1.800,1.494,5.095
1801.474,-1.800,1.495,5.092
1801.585,-1.801,1.495,5.090
1801.697,-1.802,1.495,5.087
1801.807,-1.802,1.497,5.084
1801.918,-1.803,1.498,5.085
1802.030,-1.801,1.499,5.085
1802.140,-1.800,1.502,5.085
1802.251,-1.798,1.508,5.086
1802.363,-1.793,1.512,5.086
1802.474,-1.784,1.513,5.085
1802.585,-1.770,1.513,5.082
1802.696,-1.750,1.515,5.079
1802.807,-1.727,1.518,5.074
1802.918,-1.699,1.520,5.068
1803.030,-1.667,1.524,5.061
1803.141,-1.630,1.526,5.056
1803.252,-1.588,1.525,5.055
1803.364,-1.550,1.519,5.061
1803.475,-1.518,1.517,5.068
1803.586,-1.492,1.517,5.074
1803.697,-1.472,1.516,5.075
1803.808,-1.455,1.517,5.069
1803.920,-1.440,1.519,5.053
1804.031,-1.425,1.528,5.028
1804.142,-1.409,1.535,5.000
1804.253,-1.396,1.539,4.973
1804.364,-1.385,1.541,4.948
1804.475,-1.375,1.541,4.927
1804.586,-1.367,1.542,4.912
1804.697,-1.360,1.540,4.904
1804.809,-1.355,1.539,4.900
1804.919,-1.350,1.539,4.900
1805.031,-1.348,1.540,4.905
1805.142,-1.347,1.541,4.912
1805.253,-1.347,1.541,4.918
1805.364,-1.346,1.540,4.923
1805.475,-1.345,1.538,4.926
1805.586,-1.343,1.534,4.926
1805.698,-1.340,1.526,4.923
1805.808,-1.336,1.511,4.917
1805.919,-1.329,1.499,4.910
1806.030,-1.321,1.496,4.901
1806.141,-1.314,1.497,4.895
1806.252,-1.303,1.498,4.891
1806.364,-1.285,1.497,4.887
1806.474,-1.263,1.495,4.884
1806.585,-1.237,1.490,4.883
1806.697,-1.205,1.485,4.884
1806.808,-1.167,1.483,4.888
1806.919,-1.123,1.490,4.895
1807.030,-1.081,1.492,4.903
1807.141,-1.041,1.492,4.905
1807.252,-1.009,1.491,4.899
1807.364,-0.984,1.495,4.885
1807.475,-0.961,1.495,4.868
1807.586,-0.938,1.494,4.852
1807.697,-0.911,1.495,4.838
1807.808,-0.878,1.496,4.827
1807.918,-0.840,1.500,4.815
1808.031,-0.801,1.506,4.802
1808.142,-0.761,1.510,4.790
1808.252,-0.721,1.510,4.781
1808.365,-0.681,1.505,4.779
1808.475,-0.644,1.503,4.782
1808.586,-0.609,1.503,4.793
1808.698,-0.578,1.508,4.807
1808.809,-0.552,1.512,4.824
1808.920,-0.529,1.522,4.846
1809.031,-0.509,1.517,4.868
1809.142,-0.491,1.512,4.887
1809.253,-0.477,1.512,4.902
1809.364,-0.467,1.510,4.910
1809.475,-0.458,1.511,4.904
1809.586,-0.444,1.511,4.876
1809.696,-0.414,1.510,4.842
1809.808,-0.376,1.505,4.818
1809.919,-0.342,1.500,4.798
1810.030,-0.315,1.501,4.785
1810.141,-0.295,1.500,4.785
1810.252,-0.280,1.501,4.794
1810.363,-0.268,1.498,4.803
1810.474,-0.262,1.496,4.808
1810.585,-0.262,1.495,4.811
1810.696,-0.269,1.495,4.812
1810.807,-0.283,1.494,4.811
1810.918,-0.306,1.497,4.810
1811.030,-0.333,1.500,4.809
1811.141,-0.363,1.501,4.807
1811.252,-0.393,1.502,4.804
1811.363,-0.422,1.502,4.802
1811.474,-0.452,1.504,4.800
1811.585,-0.482,1.506,4.795
1811.696,-0.512,1.504,4.789
1811.808,-0.542,1.501,4.781
1811.918,-0.569,1.498,4.776
1812.030,-0.596,1.496,4.772
1812.140,-0.628,1.495,4.775
1812.252,-0.664,1.492,4.781
1812.363,-0.705,1.487,4.791
1812.474,-0.754,1.482,4.805
1812.585,-0.812,1.485,4.823
1812.696,-0.872,1.493,4.842
1812.807,-0.929,1.497,4.856
1812.919,-0.981,1.496,4.861
1813.030,-1.031,1.500,4.854
1813.141,-1.076,1.502,4.841
1813.252,-1.117,1.502,4.820
1813.363,-1.155,1.500,4.798
1813.474,-1.193,1.502,4.772
1813.586,-1.232,1.512,4.745
1813.697,-1.277,1.519,4.721
1813.808,-1.328,1.515,4.699
1813.919,-1.381,1.512,4.687
1814.030,-1.438,1.507,4.683
1814.141,-1.498,1.498,4.690
1814.252,-1.554,1.495,4.705
1814.363,-1.609,1.499,4.721
1814.475,-1.659,1.499,4.733
1814.586,-1.700,1.498,4.740
1814.697,-1.733,1.499,4.744
1814.808,-1.759,1.498,4.744
1814.919,-1.778,1.499,4.743
1815.031,-1.792,1.503,4.744
1815.142,-1.801,1.509,4.744
1815.253,-1.807,1.515,4.741
1815.364,-1.808,1.521,4.735
1815.475,-1.807,1.526,4.729
1815.586,-1.805,1.530,4.725
1815.698,-1.802,1.531,4.726
1815.808,-1.797,1.532,4.730
1815.920,-1.789,1.531,4.738
1816.031,-1.777,1.528,4.747
1816.141,-1.764,1.526,4.754
1816.253,-1.754,1.525,4.757
1816.364,-1.748,1.524,4.756
1816.474,-1.747,1.523,4.751
1816.586,-1.748,1.523,4.746
1816.697,-1.751,1.523,4.740
1816.808,-1.754,1.523,4.735
1816.919,-1.757,1.523,4.733
1817.031,-1.759,1.523,4.731
1817.141,-1.762,1.524,4.731
1817.252,-1.765,1.524,4.731
1817.364,-1.768,1.523,4.731
1817.474,-1.770,1.523,4.730
1817.585,-1.772,1.524,4.729
1817.697,-1.774,1.524,4.726
1817.808,-1.776,1.525,4.723
1817.919,-1.777,1.525,4.721
1818.030,-1.777,1.525,4.719
1818.141,-1.777,1.525,4.718
1818.252,-1.778,1.525,4.717
1818.364,-1.783,1.525,4.712
1818.475,-1.795,1.528,4.698
1818.586,-1.809,1.529,4.668
1818.698,-1.815,1.528,4.625
1818.809,-1.808,1.525,4.578
1818.920,-1.791,1.520,4.532
1819.031,-1.770,1.514,4.489
1819.142,-1.751,1.512,4.452
1819.253,-1.735,1.514,4.416
1819.364,-1.726,1.514,4.380
1819.475,-1.726,1.511,4.340
1819.586,-1.733,1.504,4.301
1819.697,-1.747,1.516,4.261
1819.808,-1.763,1.519,4.214
1819.919,-1.774,1.515,4.166
1820.030,-1.778,1.512,4.122
1820.142,-1.778,1.511,4.085
1820.252,-1.779,1.508,4.049
1820.364,-1.777,1.505,4.015
1820.475,-1.771,1.501,3.979
1820.586,-1.762,1.498,3.941
1820.697,-1.747,1.496,3.900
1820.808,-1.728,1.507,3.855
1820.919,-1.707,1.512,3.811
1821.031,-1.685,1.512,3.771
1821.142,-1.663,1.511,3.740
1821.253,-1.639,1.513,3.721
1821.364,-1.615,1.513,3.711
1821.475,-1.599,1.514,3.703
1821.586,-1.592,1.515,3.690
1821.698,-1.588,1.521,3.676
1821.808,-1.585,1.524,3.661
1821.919,-1.584,1.522,3.650
1822.030,-1.586,1.524,3.645
1822.141,-1.588,1.528,3.644
1822.252,-1.589,1.530,3.646
1822.364,-1.592,1.533,3.651
1822.475,-1.594,1.539,3.657
1822.585,-1.597,1.547,3.662
1822.697,-1.601,1.554,3.665
1822.808,-1.606,1.560,3.665
1822.919,-1.610,1.563,3.666
1823.031,-1.613,1.565,3.666
1823.142,-1.616,1.566,3.666
1823.253,-1.618,1.567,3.667
1823.364,-1.620,1.570,3.667
1823.474,-1.622,1.572,3.663
1823.586,-1.622,1.574,3.659
1823.698,-1.623,1.577,3.654
1823.808,-1.625,1.581,3.647
1823.920,-1.627,1.583,3.641
1824.031,-1.628,1.584,3.636
1824.142,-1.627,1.584,3.632
1824.253,-1.626,1.584,3.630
1824.364,-1.624,1.584,3.630
1824.475,-1.622,1.584,3.629
1824.586,-1.620,1.585,3.626
1824.698,-1.622,1.588,3.622
1824.808,-1.625,1.589,3.618
1824.920,-1.629,1.590,3.614
1825.031,-1.633,1.591,3.610
1825.142,-1.638,1.591,3.607
1825.253,-1.641,1.591,3.606
1825.364,-1.644,1.591,3.607
1825.475,-1.647,1.590,3.609
1825.586,-1.648,1.590,3.611
1825.698,-1.648,1.589,3.614
1825.809,-1.642,1.587,3.621
1825.920,-1.629,1.582,3.634
1826.031,-1.611,1.575,3.651
1826.142,-1.592,1.562,3.667
1826.253,-1.573,1.550,3.682
1826.364,-1.555,1.534,3.700
1826.475,-1.539,1.523,3.725
1826.586,-1.525,1.516,3.753
1826.697,-1.515,1.512,3.782
1826.808,-1.510,1.512,3.808
1826.919,-1.510,1.515,3.831
1827.030,-1.508,1.518,3.850
1827.141,-1.501,1.523,3.867
1827.252,-1.486,1.522,3.889
1827.364,-1.463,1.518,3.917
1827.475,-1.432,1.509,3.953
1827.585,-1.396,1.500,3.995
1827.697,-1.351,1.495,4.042
1827.808,-1.305,1.502,4.091
1827.919,-1.266,1.506,4.137
1828.030,-1.231,1.504,4.180
1828.141,-1.202,1.502,4.229
1828.252,-1.175,1.496,4.284
1828.364,-1.154,1.488,4.349
1828.475,-1.137,1.491,4.423
1828.586,-1.122,1.501,4.499
1828.697,-1.105,1.498,4.564
1828.808,-1.094,1.500,4.620
1828.919,-1.086,1.501,4.673
1829.031,-1.079,1.499,4.723
1829.141,-1.071,1.496,4.772
1829.252,-1.062,1.492,4.822
1829.364,-1.049,1.489,4.874
1829.474,-1.032,1.503,4.929
1829.586,-1.020,1.514,4.982
1829.697,-1.011,1.520,5.035
1829.808,-1.002,1.520,5.088
1829.919,-0.992,1.514,5.140
1830.030,-0.982,1.508,5.193
1830.141,-0.974,1.501,5.250
1830.253,-0.971,1.497,5.315
1830.364,-0.973,1.504,5.382
1830.475,-0.973,1.506,5.443
1830.586,-0.969,1.505,5.493
1830.697,-0.962,1.506,5.537
1830.808,-0.952,1.503,5.576
1830.919,-0.938,1.498,5.613
1831.031,-0.922,1.492,5.647
1831.142,-0.899,1.489,5.674
1831.253,-0.869,1.494,5.696
1831.364,-0.837,1.504,5.716
1831.475,-0.808,1.505,5.732
1831.587,-0.784,1.505,5.749
1831.698,-0.761,1.505,5.765
1831.809,-0.735,1.503,5.779
1831.920,-0.708,1.499,5.794
1832.031,-0.682,1.498,5.810
1832.143,-0.659,1.500,5.831
1832.253,-0.638,1.506,5.853
1832.365,-0.619,1.501,5.870
1832.475,-0.608,1.499,5.879
1832.586,-0.599,1.500,5.885
1832.698,-0.588,1.495,5.890
1832.808,-0.577,1.491,5.893
1832.919,-0.570,1.488,5.892
1833.030,-0.569,1.491,5.886
1833.141,-0.578,1.497,5.871
1833.252,-0.595,1.502,5.854
1833.364,-0.614,1.507,5.838
1833.474,-0.633,1.510,5.821
1833.585,-0.654,1.516,5.800
1833.697,-0.674,1.520,5.775
1833.808,-0.688,1.523,5.747
1833.919,-0.697,1.521,5.719
1834.030,-0.699,1.520,5.694
1834.141,-0.701,1.523,5.668
1834.252,-0.703,1.518,5.635
1834.363,-0.702,1.510,5.593
1834.474,-0.694,1.501,5.546
1834.585,-0.673,1.494,5.496
1834.697,-0.643,1.495,5.441
1834.807,-0.609,1.501,5.388
1834.919,-0.580,1.503,5.341
1835.030,-0.558,1.508,5.299
1835.141,-0.540,1.517,5.258
1835.252,-0.525,1.520,5.215
1835.364,-0.512,1.516,5.168
1835.475,-0.503,1.510,5.116
1835.586,-0.500,1.513,5.057
1835.697,-0.500,1.525,4.992
1835.809,-0.500,1.527,4.927
1835.920,-0.493,1.533,4.870
1836.031,-0.483,1.532,4.819
1836.142,-0.469,1.524,4.770
1836.253,-0.454,1.523,4.723
1836.365,-0.435,1.518,4.673
1836.475,-0.411,1.517,4.619
1836.586,-0.382,1.522,4.566
1836.698,-0.360,1.520,4.515
1836.809,-0.343,1.519,4.469
1836.919,-0.330,1.521,4.427
1837.031,-0.322,1.518,4.384
1837.142,-0.319,1.515,4.340
1837.252,-0.327,1.509,4.297
1837.364,-0.343,1.504,4.253
1837.475,-0.364,1.510,4.207
1837.586,-0.383,1.519,4.162
1837.697,-0.400,1.521,4.121
1837.808,-0.418,1.514,4.085
1837.919,-0.438,1.511,4.057
1838.031,-0.459,1.505,4.034
1838.141,-0.476,1.499,4.014
1838.253,-0.484,1.497,3.999
1838.364,-0.483,1.501,3.981
1838.475,-0.480,1.501,3.961
1838.585,-0.479,1.503,3.944
1838.696,-0.479,1.506,3.934
1838.807,-0.477,1.510,3.931
1838.919,-0.474,1.514,3.935
1839.030,-0.469,1.519,3.941
1839.141,-0.470,1.522,3.946
1839.252,-0.477,1.522,3.948
1839.363,-0.495,1.523,3.934
1839.474,-0.509,1.526,3.904
1839.586,-0.511,1.527,3.876
1839.697,-0.506,1.527,3.856
1839.808,-0.503,1.528,3.845
1839.920,-0.503,1.528,3.841
1840.031,-0.507,1.530,3.844
1840.142,-0.516,1.532,3.854
1840.253,-0.529,1.536,3.878
1840.364,-0.541,1.538,3.916
1840.475,-0.543,1.538,3.964
1840.585,-0.533,1.536,4.014
1840.697,-0.511,1.536,4.056
1840.808,-0.485,1.537,4.086
1840.919,-0.466,1.540,4.102
1841.030,-0.455,1.543,4.112
1841.142,-0.454,1.545,4.118
1841.253,-0.464,1.542,4.123
1841.364,-0.482,1.545,4.128
1841.475,-0.507,1.551,4.136
1841.587,-0.534,1.556,4.146
1841.698,-0.558,1.563,4.153
1841.809,-0.584,1.571,4.158
1841.920,-0.608,1.577,4.161
1842.031,-0.628,1.583,4.161
1842.143,-0.640,1.586,4.161
1842.253,-0.646,1.587,4.161
1842.364,-0.646,1.587,4.161
1842.476,-0.642,1.587,4.159
1842.587,-0.638,1.587,4.159
1842.698,-0.636,1.586,4.158
1842.809,-0.636,1.585,4.158
1842.920,-0.640,1.585,4.160
1843.031,-0.647,1.585,4.165
1843.142,-0.663,1.583,4.170
1843.253,-0.684,1.582,4.172
1843.364,-0.705,1.581,4.171
1843.475,-0.723,1.579,4.169
1843.587,-0.738,1.579,4.170
1843.697,-0.748,1.579,4.176
1843.809,-0.754,1.579,4.190
1843.919,-0.758,1.576,4.214
1844.031,-0.759,1.566,4.248
1844.142,-0.756,1.551,4.293
1844.253,-0.748,1.533,4.345
1844.364,-0.736,1.517,4.404
1844.474,-0.722,1.511,4.467
1844.586,-0.711,1.508,4.530
1844.697,-0.700,1.503,4.584
1844.808,-0.682,1.499,4.626
1844.919,-0.658,1.493,4.662
1845.030,-0.636,1.485,4.698
1845.141,-0.617,1.477,4.739
1845.252,-0.600,1.470,4.786
1845.364,-0.586,1.468,4.844
1845.475,-0.573,1.478,4.908
1845.586,-0.556,1.481,4.968
1845.697,-0.534,1.483,5.016
1845.808,-0.509,1.485,5.059
1845.920,-0.480,1.479,5.097
1846.031,-0.446,1.471,5.132
1846.142,-0.402,1.466,5.164
1846.253,-0.346,1.474,5.192
1846.364,-0.293,1.480,5.214
1846.475,-0.249,1.479,5.236
1846.587,-0.205,1.482,5.257
1846.698,-0.156,1.478,5.279
1846.809,-0.102,1.471,5.302
1846.920,-0.045,1.465,5.331
1847.031,0.015,1.456,5.366
1847.142,0.074,1.456,5.403
1847.253,0.123,1.460,5.432
1847.365,0.160,1.464,5.451
1847.476,0.189,1.466,5.465
1847.587,0.212,1.462,5.475
1847.698,0.228,1.461,5.483
1847.809,0.234,1.462,5.489
1847.920,0.236,1.467,5.491
1848.031,0.237,1.472,5.487
1848.143,0.237,1.473,5.480
1848.254,0.235,1.473,5.471
1848.365,0.230,1.476,5.456
1848.476,0.226,1.477,5.444
1848.587,0.225,1.473,5.436
1848.697,0.218,1.469,5.426
1848.808,0.200,1.475,5.415
1848.919,0.174,1.484,5.402
1849.031,0.141,1.491,5.389
1849.141,0.101,1.497,5.372
1849.253,0.053,1.501,5.350
1849.364,-0.002,1.504,5.321
1849.475,-0.058,1.506,5.290
1849.586,-0.112,1.504,5.264
1849.697,-0.162,1.509,5.243
1849.808,-0.208,1.509,5.223
1849.919,-0.252,1.502,5.207
1850.030,-0.284,1.499,5.194
1850.141,-0.307,1.497,5.178
1850.252,-0.322,1.496,5.158
1850.363,-0.329,1.495,5.134
1850.474,-0.328,1.507,5.102
1850.585,-0.324,1.510,5.065
1850.697,-0.322,1.511,5.027
1850.807,-0.321,1.513,4.992
1850.919,-0.323,1.512,4.961
1851.030,-0.329,1.510,4.935
1851.141,-0.343,1.508,4.911
1851.252,-0.363,1.503,4.890
1851.364,-0.391,1.500,4.875
1851.474,-0.432,1.499,4.866
1851.585,-0.483,1.506,4.861
1851.697,-0.534,1.513,4.859
1851.808,-0.579,1.518,4.858
1851.919,-0.618,1.519,4.856
1852.031,-0.651,1.525,4.856
1852.141,-0.684,1.522,4.855
1852.252,-0.718,1.518,4.852
1852.364,-0.754,1.517,4.845
1852.475,-0.791,1.513,4.833
1852.586,-0.831,1.510,4.812
1852.697,-0.872,1.514,4.783
1852.808,-0.912,1.517,4.751
1852.919,-0.949,1.517,4.722
1853.031,-0.983,1.514,4.699
1853.142,-1.016,1.515,4.686
1853.253,-1.049,1.514,4.676
1853.364,-1.086,1.511,4.666
1853.475,-1.124,1.506,4.657
1853.586,-1.166,1.502,4.650
1853.697,-1.211,1.502,4.642
1853.808,-1.257,1.512,4.633
1853.919,-1.302,1.517,4.623
1854.031,-1.347,1.514,4.612
1854.142,-1.388,1.515,4.597
1854.253,-1.427,1.512,4.581
1854.364,-1.465,1.508,4.563
1854.475,-1.501,1.505,4.538
1854.587,-1.537,1.506,4.508
1854.697,-1.570,1.510,4.477
1854.808,-1.601,1.507,4.451
1854.920,-1.626,1.505,4.433
1855.031,-1.642,1.503,4.421
1855.143,-1.652,1.502,4.415
1855.253,-1.657,1.500,4.416
1855.364,-1.658,1.503,4.422
1855.475,-1.656,1.505,4.430
1855.586,-1.650,1.505,4.438
1855.697,-1.642,1.507,4.447
1855.808,-1.636,1.508,4.455
1855.919,-1.630,1.509,4.462
1856.031,-1.624,1.509,4.468
1856.141,-1.619,1.510,4.473
1856.253,-1.615,1.512,4.476
1856.364,-1.614,1.516,4.478
1856.475,-1.615,1.519,4.477
1856.586,-1.619,1.526,4.471
1856.697,-1.628,1.532,4.459
1856.808,-1.643,1.537,4.438
1856.920,-1.659,1.539,4.408
1857.032,-1.671,1.538,4.373
1857.143,-1.678,1.535,4.337
1857.254,-1.681,1.532,4.304
1857.365,-1.681,1.530,4.276
1857.476,-1.680,1.531,4.254
1857.587,-1.682,1.533,4.239
1857.699,-1.690,1.536,4.228
1857.809,-1.702,1.537,4.221
1857.920,-1.717,1.535,4.218
1858.031,-1.738,1.541,4.218
1858.142,-1.759,1.540,4.218
1858.253,-1.777,1.537,4.218
1858.364,-1.792,1.538,4.222
1858.478,-1.803,1.540,4.228
1858.586,-1.811,1.543,4.236
1858.697,-1.817,1.547,4.244
1858.809,-1.822,1.552,4.253
1858.920,-1.823,1.557,4.261
1859.031,-1.820,1.561,4.271
1859.142,-1.815,1.563,4.281
1859.253,-1.810,1.566,4.291
1859.365,-1.808,1.569,4.299
1859.475,-1.807,1.572,4.307
1859.587,-1.809,1.574,4.312
1859.698,-1.808,1.574,4.317
1859.809,-1.806,1.573,4.320
1859.920,-1.803,1.571,4.324
1860.031,-1.802,1.570,4.326
1860.142,-1.800,1.568,4.327
1860.253,-1.799,1.567,4.327
1860.365,-1.797,1.565,4.328
1860.476,-1.797,1.565,4.330
1860.587,-1.797,1.565,4.331
1860.698,-1.795,1.564,4.332
1860.809,-1.794,1.564,4.333
1860.920,-1.793,1.564,4.335
1861.031,-1.792,1.564,4.337
1861.142,-1.789,1.564,4.338
1861.253,-1.786,1.563,4.340
1861.365,-1.782,1.562,4.342
1861.476,-1.778,1.559,4.343
1861.587,-1.774,1.557,4.344
1861.698,-1.771,1.556,4.345
1861.809,-1.770,1.556,4.346
1861.920,-1.768,1.555,4.346
1862.031,-1.765,1.553,4.346
1862.142,-1.763,1.553,4.347
1862.253,-1.760,1.552,4.347
1862.365,-1.756,1.551,4.348
1862.476,-1.753,1.551,4.349
1862.587,-1.754,1.553,4.350
1862.698,-1.756,1.556,4.351
1862.809,-1.759,1.559,4.351
1862.920,-1.763,1.562,4.351
1863.031,-1.765,1.565,4.350
1863.142,-1.766,1.566,4.348
1863.253,-1.766,1.567,4.345
1863.365,-1.766,1.568,4.343
1863.476,-1.766,1.570,4.339
1863.587,-1.767,1.571,4.336
1863.698,-1.768,1.572,4.333
1863.809,-1.769,1.573,4.329
1863.920,-1.771,1.573,4.325
1864.031,-1.772,1.574,4.321
1864.143,-1.771,1.574,4.317
1864.253,-1.770,1.575,4.312
1864.365,-1.769,1.576,4.308
1864.476,-1.768,1.576,4.306
1864.587,-1.766,1.575,4.304
1864.698,-1.762,1.574,4.303
1864.809,-1.754,1.573,4.302
1864.920,-1.742,1.570,4.302
1865.032,-1.725,1.563,4.301
1865.143,-1.703,1.548,4.289
1865.253,-1.691,1.532,4.267
1865.364,-1.692,1.523,4.248
1865.475,-1.695,1.520,4.236
1865.587,-1.693,1.519,4.226
1865.698,-1.684,1.523,4.209
1865.809,-1.664,1.527,4.190
1865.920,-1.642,1.531,4.171
1866.031,-1.632,1.532,4.147
1866.142,-1.632,1.531,4.116
1866.253,-1.640,1.535,4.077
1866.364,-1.649,1.544,4.032
1866.475,-1.652,1.544,3.989
1866.586,-1.648,1.540,3.947
1866.698,-1.635,1.534,3.899
1866.809,-1.612,1.525,3.840
1866.920,-1.587,1.509,3.767
1867.031,-1.567,1.501,3.685
1867.142,-1.551,1.511,3.607
1867.253,-1.542,1.508,3.539
1867.364,-1.540,1.513,3.486
1867.476,-1.542,1.515,3.439
1867.587,-1.545,1.509,3.392
1867.698,-1.551,1.502,3.343
1867.809,-1.563,1.500,3.291
1867.920,-1.579,1.506,3.238
1868.032,-1.595,1.515,3.188
1868.143,-1.604,1.510,3.140
1868.254,-1.607,1.504,3.096
1868.365,-1.608,1.500,3.057
1868.476,-1.606,1.497,3.020
1868.587,-1.601,1.497,2.986
1868.698,-1.592,1.499,2.956
1868.809,-1.574,1.508,2.927
1868.920,-1.555,1.509,2.896
1869.031,-1.541,1.506,2.864
1869.142,-1.531,1.505,2.835
1869.253,-1.527,1.506,2.812
1869.363,-1.528,1.505,2.795
1869.474,-1.531,1.507,2.783
1869.585,-1.537,1.510,2.773
1869.698,-1.542,1.509,2.766
1869.808,-1.545,1.509,2.760
1869.919,-1.547,1.507,2.757
1870.031,-1.548,1.508,2.754
1870.143,-1.549,1.506,2.753
1870.253,-1.548,1.505,2.753
1870.364,-1.546,1.505,2.752
1870.476,-1.545,1.505,2.749
1870.587,-1.543,1.505,2.747
1870.698,-1.541,1.507,2.745
1870.809,-1.540,1.506,2.744
1870.920,-1.538,1.507,2.745
1871.031,-1.535,1.507,2.747
1871.142,-1.532,1.507,2.749
1871.254,-1.529,1.506,2.751
1871.365,-1.528,1.506,2.752
1871.476,-1.526,1.506,2.753
1871.587,-1.524,1.506,2.752
1871.698,-1.523,1.504,2.753
1871.809,-1.524,1.504,2.754
1871.920,-1.525,1.505,2.754
1872.031,-1.526,1.505,2.754
1872.142,-1.529,1.505,2.754
1872.253,-1.533,1.506,2.753
1872.364,-1.538,1.506,2.754
1872.475,-1.543,1.506,2.754
1872.587,-1.549,1.506,2.755
1872.698,-1.555,1.506,2.756
1872.809,-1.559,1.506,2.758
1872.920,-1.557,1.506,2.763
1873.031,-1.551,1.509,2.771
1873.142,-1.541,1.512,2.781
1873.253,-1.529,1.514,2.794
1873.365,-1.514,1.516,2.810
1873.476,-1.494,1.516,2.828
1873.587,-1.467,1.517,2.850
1873.698,-1.437,1.516,2.874
1873.809,-1.408,1.513,2.896
1873.920,-1.385,1.514,2.916
1874.031,-1.369,1.513,2.933
1874.143,-1.361,1.511,2.945
1874.253,-1.360,1.510,2.953
1874.365,-1.364,1.508,2.959
1874.477,-1.370,1.508,2.963
1874.587,-1.376,1.507,2.964
1874.698,-1.385,1.506,2.962
1874.810,-1.395,1.505,2.960
1874.920,-1.401,1.506,2.959
1875.031,-1.406,1.507,2.957
1875.143,-1.409,1.507,2.955
1875.254,-1.410,1.508,2.955
1875.365,-1.407,1.507,2.955
1875.476,-1.403,1.506,2.955
1875.587,-1.399,1.504,2.957
1875.698,-1.394,1.502,2.958
1875.810,-1.390,1.499,2.957
1875.920,-1.385,1.498,2.954
1876.031,-1.383,1.495,2.947
1876.143,-1.383,1.486,2.951
1876.254,-1.387,1.487,2.969
1876.365,-1.397,1.499,2.992
1876.476,-1.411,1.507,3.017
1876.587,-1.429,1.512,3.039
1876.700,-1.451,1.516,3.059
1876.809,-1.469,1.511,3.075
1876.920,-1.483,1.507,3.089
1877.031,-1.491,1.511,3.102
1877.143,-1.497,1.511,3.112
1877.253,-1.500,1.510,3.120
1877.365,-1.502,1.512,3.126
1877.476,-1.502,1.511,3.129
1877.587,-1.503,1.510,3.133
1877.698,-1.503,1.511,3.136
1877.809,-1.501,1.514,3.135
1877.920,-1.497,1.514,3.131
1878.031,-1.490,1.511,3.122
1878.142,-1.481,1.511,3.111
1878.254,-1.470,1.511,3.097
1878.365,-1.457,1.510,3.079
1878.476,-1.441,1.510,3.058
1878.587,-1.422,1.512,3.036
1878.698,-1.403,1.515,3.014
1878.809,-1.384,1.516,2.990
1878.920,-1.369,1.510,2.964
1879.031,-1.361,1.507,2.938
1879.143,-1.358,1.505,2.919
1879.254,-1.356,1.502,2.906
1879.365,-1.356,1.500,2.899
1879.476,-1.357,1.502,2.895
1879.587,-1.359,1.505,2.892
1879.698,-1.362,1.505,2.889
1879.809,-1.366,1.506,2.887
1879.920,-1.369,1.506,2.887
1880.031,-1.372,1.505,2.887
1880.143,-1.373,1.504,2.888
1880.254,-1.374,1.503,2.889
1880.365,-1.373,1.502,2.891
1880.476,-1.373,1.501,2.893
1880.587,-1.371,1.500,2.895
1880.698,-1.369,1.498,2.896
1880.810,-1.366,1.497,2.897
1880.920,-1.363,1.496,2.897
1881.031,-1.360,1.494,2.897
1881.143,-1.358,1.493,2.898
1881.254,-1.358,1.493,2.898
1881.365,-1.359,1.493,2.899
1881.476,-1.362,1.492,2.900
1881.587,-1.367,1.493,2.901
1881.699,-1.372,1.493,2.902
1881.810,-1.377,1.493,2.904
1881.921,-1.381,1.493,2.905
1882.032,-1.383,1.494,2.905
1882.143,-1.383,1.494,2.906
1882.254,-1.381,1.495,2.907
1882.365,-1.375,1.495,2.907
1882.476,-1.367,1.495,2.908
1882.587,-1.359,1.494,2.909
1882.698,-1.352,1.493,2.910
1882.809,-1.348,1.493,2.910
1882.920,-1.346,1.493,2.909
1883.031,-1.347,1.491,2.908
1883.142,-1.349,1.490,2.907
1883.254,-1.352,1.490,2.907
1883.365,-1.354,1.491,2.907
1883.476,-1.356,1.491,2.907
1883.587,-1.357,1.492,2.907
1883.698,-1.357,1.492,2.907
1883.810,-1.357,1.493,2.907
1883.920,-1.357,1.494,2.907
1884.032,-1.357,1.494,2.907
1884.143,-1.357,1.494,2.907
1884.254,-1.358,1.494,2.908
1884.365,-1.360,1.495,2.908
1884.476,-1.363,1.495,2.909
1884.587,-1.366,1.495,2.910
1884.698,-1.368,1.495,2.911
1884.810,-1.370,1.495,2.912
1884.920,-1.371,1.496,2.913
1885.031,-1.372,1.496,2.914
1885.143,-1.372,1.496,2.914
1885.254,-1.372,1.496,2.914
1885.365,-1.372,1.497,2.914
1885.476,-1.371,1.497,2.914
1885.587,-1.370,1.496,2.913
1885.698,-1.368,1.495,2.913
1885.809,-1.366,1.494,2.914
1885.920,-1.364,1.492,2.916
1886.032,-1.361,1.492,2.919
1886.143,-1.359,1.493,2.922
1886.254,-1.357,1.493,2.925
1886.365,-1.354,1.493,2.928
1886.476,-1.353,1.493,2.931
1886.587,-1.353,1.493,2.934
1886.698,-1.353,1.493,2.937
1886.810,-1.354,1.493,2.939
1886.920,-1.356,1.493,2.942
1887.031,-1.360,1.493,2.953
1887.143,-1.370,1.499,2.972
1887.254,-1.383,1.508,2.997
1887.365,-1.399,1.517,3.024
1887.476,-1.416,1.524,3.053
1887.587,-1.431,1.529,3.082
1887.698,-1.445,1.533,3.111
1887.809,-1.455,1.529,3.138
1887.920,-1.461,1.526,3.163
1888.031,-1.464,1.525,3.183
1888.142,-1.463,1.525,3.197
1888.253,-1.458,1.523,3.206
1888.364,-1.453,1.523,3.209
1888.476,-1.447,1.523,3.208
1888.587,-1.441,1.522,3.209
1888.698,-1.435,1.522,3.210
1888.809,-1.431,1.523,3.211
1888.920,-1.428,1.522,3.212
1889.031,-1.426,1.518,3.213
1889.143,-1.424,1.517,3.215
1889.254,-1.420,1.517,3.216
1889.365,-1.417,1.516,3.217
1889.476,-1.414,1.516,3.218
1889.587,-1.411,1.516,3.219
1889.698,-1.409,1.515,3.219
1889.809,-1.408,1.516,3.219
1889.920,-1.409,1.515,3.218
1890.031,-1.409,1.515,3.216
1890.143,-1.410,1.515,3.214
1890.254,-1.411,1.514,3.213
1890.365,-1.412,1.514,3.213
1890.477,-1.414,1.514,3.212
1890.587,-1.415,1.514,3.212
1890.698,-1.417,1.514,3.213
1890.809,-1.420,1.514,3.213
1890.920,-1.422,1.514,3.213
1891.031,-1.424,1.514,3.213
1891.143,-1.426,1.514,3.213
1891.253,-1.427,1.513,3.214
1891.365,-1.429,1.513,3.215
1891.476,-1.430,1.513,3.217
1891.587,-1.430,1.513,3.219
1891.698,-1.430,1.513,3.220
1891.809,-1.431,1.513,3.221
1891.920,-1.431,1.512,3.223
1892.031,-1.430,1.512,3.223
1892.143,-1.429,1.512,3.224
1892.253,-1.426,1.511,3.225
1892.365,-1.423,1.511,3.226
1892.476,-1.420,1.511,3.226
1892.587,-1.416,1.510,3.227
1892.698,-1.412,1.511,3.227
1892.809,-1.408,1.511,3.227
1892.920,-1.406,1.511,3.227
1893.031,-1.404,1.512,3.227
1893.142,-1.404,1.512,3.227
1893.254,-1.404,1.513,3.225
1893.364,-1.406,1.513,3.224
1893.475,-1.408,1.514,3.222
1893.586,-1.411,1.515,3.221
1893.697,-1.414,1.515,3.220
1893.808,-1.417,1.515,3.220
1893.920,-1.420,1.516,3.223
1894.030,-1.423,1.516,3.227
1894.142,-1.426,1.515,3.233
1894.253,-1.429,1.515,3.237
1894.364,-1.429,1.516,3.242
1894.475,-1.429,1.519,3.245
1894.586,-1.428,1.520,3.245
1894.698,-1.425,1.522,3.241
1894.809,-1.420,1.523,3.234
1894.920,-1.415,1.523,3.226
1895.031,-1.409,1.522,3.216
1895.142,-1.404,1.522,3.203
1895.253,-1.399,1.524,3.186
1895.364,-1.387,1.524,3.162
1895.475,-1.366,1.522,3.131
1895.586,-1.334,1.517,3.093
1895.698,-1.292,1.510,3.048
1895.809,-1.241,1.508,2.997
1895.920,-1.189,1.526,2.939
1896.031,-1.150,1.534,2.885
1896.142,-1.121,1.539,2.840
1896.253,-1.101,1.537,2.811
1896.364,-1.085,1.537,2.795
1896.475,-1.076,1.538,2.789
1896.587,-1.072,1.539,2.788
1896.698,-1.077,1.536,2.792
1896.809,-1.089,1.537,2.798
1896.920,-1.105,1.540,2.802
1897.031,-1.121,1.542,2.801
1897.142,-1.132,1.543,2.798
1897.253,-1.135,1.545,2.794
1897.364,-1.135,1.547,2.790
1897.475,-1.132,1.547,2.788
1897.586,-1.129,1.547,2.787
1897.698,-1.126,1.547,2.787
1897.809,-1.121,1.547,2.793
1897.920,-1.115,1.544,2.808
1898.031,-1.102,1.540,2.835
1898.142,-1.082,1.534,2.864
1898.253,-1.055,1.524,2.903
1898.364,-1.016,1.513,2.954
1898.475,-0.966,1.505,3.012
1898.586,-0.903,1.502,3.078
1898.697,-0.833,1.507,3.140
1898.808,-0.756,1.509,3.193
1898.919,-0.681,1.503,3.234
1899.029,-0.602,1.495,3.272
1899.141,-0.515,1.477,3.309
1899.252,-0.416,1.460,3.348
1899.363,-0.304,1.454,3.389
1899.475,-0.197,1.469,3.437
1899.586,-0.111,1.488,3.492
1899.697,-0.050,1.490,3.547
1899.808,-0.007,1.487,3.607
1899.919,0.027,1.482,3.676
1900.030,0.050,1.473,3.759
1900.141,0.068,1.469,3.859
1900.252,0.078,1.481,3.969
1900.364,0.084,1.490,4.072
1900.474,0.087,1.497,4.162
1900.585,0.090,1.500,4.243
1900.697,0.094,1.500,4.316
1900.808,0.096,1.489,4.379
1900.918,0.099,1.496,4.441
1901.030,0.094,1.498,4.496
1901.141,0.076,1.492,4.533
1901.252,0.042,1.492,4.544
1901.363,-0.015,1.504,4.523
1901.474,-0.072,1.518,4.463
1901.585,-0.117,1.525,4.391
1901.697,-0.163,1.523,4.315
1901.808,-0.218,1.525,4.230
1901.919,-0.279,1.533,4.143
1902.031,-0.339,1.535,4.067
1902.142,-0.392,1.536,4.001
1902.253,-0.451,1.528,3.934
1902.364,-0.519,1.507,3.864
1902.475,-0.600,1.494,3.790
1902.586,-0.688,1.507,3.713
1902.697,-0.767,1.525,3.638
1902.808,-0.835,1.539,3.564
1902.920,-0.902,1.530,3.488
1903.031,-0.964,1.512,3.407
1903.142,-1.018,1.497,3.317
1903.253,-1.072,1.506,3.224
1903.364,-1.128,1.529,3.137
1903.475,-1.181,1.545,3.063
1903.586,-1.232,1.549,3.001
1903.698,-1.282,1.552,2.950
1903.807,-1.333,1.549,2.908
1903.918,-1.383,1.535,2.873
1904.029,-1.428,1.536,2.848
1904.139,-1.465,1.538,2.830
1904.252,-1.492,1.539,2.823
1904.364,-1.513,1.542,2.822
1904.475,-1.528,1.543,2.829
1904.586,-1.538,1.543,2.844
1904.697,-1.541,1.542,2.870
1904.809,-1.530,1.534,2.913
1904.920,-1.505,1.522,2.971
1905.031,-1.472,1.510,3.033
1905.142,-1.441,1.507,3.095
1905.253,-1.420,1.515,3.152
1905.364,-1.412,1.520,3.208
1905.475,-1.409,1.518,3.268
1905.586,-1.414,1.514,3.333
1905.697,-1.427,1.508,3.412
1905.808,-1.443,1.499,3.502
1905.919,-1.456,1.491,3.587
1906.030,-1.475,1.497,3.656
1906.141,-1.498,1.504,3.720
1906.251,-1.522,1.500,3.780
1906.363,-1.551,1.496,3.843
1906.474,-1.585,1.489,3.912
1906.585,-1.619,1.477,3.990
1906.696,-1.654,1.487,4.069
1906.807,-1.691,1.501,4.144
1906.918,-1.730,1.503,4.210
1907.030,-1.773,1.502,4.266
1907.141,-1.811,1.496,4.317
1907.252,-1.842,1.491,4.364
1907.363,-1.877,1.501,4.409
1907.474,-1.918,1.498,4.446
1907.585,-1.956,1.503,4.469
1907.696,-1.982,1.501,4.480
1907.807,-1.999,1.506,4.481
1907.919,-2.010,1.510,4.478
1908.030,-2.020,1.511,4.474
1908.141,-2.026,1.513,4.472
1908.252,-2.023,1.513,4.470
1908.363,-2.010,1.503,4.468
1908.474,-1.991,1.485,4.466
1908.585,-1.966,1.468,4.463
1908.696,-1.933,1.467,4.449
1908.808,-1.892,1.478,4.412
1908.919,-1.837,1.494,4.360
1909.030,-1.778,1.509,4.305
1909.142,-1.719,1.514,4.245
1909.253,-1.663,1.510,4.179
1909.364,-1.618,1.510,4.111
1909.475,-1.593,1.515,4.051
1909.586,-1.579,1.524,3.993
1909.697,-1.575,1.522,3.929
1909.809,-1.581,1.515,3.858
1909.920,-1.599,1.501,3.783
1910.031,-1.627,1.500,3.703
1910.143,-1.660,1.514,3.624
1910.253,-1.685,1.520,3.548
1910.365,-1.707,1.525,3.477
1910.476,-1.731,1.518,3.407
1910.587,-1.756,1.506,3.337
1910.698,-1.778,1.495,3.262
1910.809,-1.793,1.504,3.181
1910.920,-1.810,1.511,3.102
1911.031,-1.831,1.518,3.030
1911.142,-1.853,1.524,2.966
1911.254,-1.882,1.523,2.907
1911.364,-1.918,1.521,2.854
1911.476,-1.957,1.523,2.809
1911.587,-1.988,1.528,2.780
1911.698,-2.013,1.529,2.765
1911.809,-2.032,1.532,2.757
1911.920,-2.048,1.533,2.751
1912.031,-2.061,1.533,2.749
1912.142,-2.071,1.533,2.747
1912.253,-2.075,1.533,2.748
1912.364,-2.071,1.531,2.754
1912.476,-2.059,1.530,2.769
1912.586,-2.041,1.528,2.792
1912.697,-2.015,1.525,2.824
1912.808,-1.980,1.523,2.864
1912.919,-1.940,1.518,2.918
1913.030,-1.902,1.511,2.980
1913.141,-1.867,1.504,3.042
1913.252,-1.834,1.503,3.103
1913.363,-1.799,1.496,3.164
1913.474,-1.758,1.487,3.224
1913.583,-1.708,1.473,3.288
1913.694,-1.648,1.472,3.356
1913.805,-1.586,1.495,3.431
1913.916,-1.540,1.503,3.508
1914.028,-1.505,1.504,3.587
1914.139,-1.475,1.492,3.673
1914.250,-1.452,1.475,3.762
1914.361,-1.432,1.466,3.852
1914.472,-1.413,1.483,3.945
1914.583,-1.390,1.497,4.031
1914.694,-1.364,1.498,4.114
1914.806,-1.338,1.489,4.193
1914.916,-1.308,1.478,4.274
1915.028,-1.272,1.467,4.356
1915.139,-1.234,1.480,4.438
1915.250,-1.200,1.494,4.517
1915.362,-1.171,1.503,4.590
1915.473,-1.143,1.503,4.664
1915.584,-1.119,1.499,4.741
1915.696,-1.101,1.495,4.821
1915.807,-1.089,1.497,4.903
1915.918,-1.080,1.523,4.986
1916.030,-1.066,1.531,5.062
1916.141,-1.052,1.534,5.131
1916.252,-1.037,1.531,5.196
1916.363,-1.019,1.524,5.260
1916.474,-0.997,1.516,5.322
1916.585,-0.972,1.507,5.381
1916.697,-0.947,1.519,5.438
1916.808,-0.925,1.535,5.492
1916.919,-0.905,1.551,5.537
1917.031,-0.895,1.562,5.572
1917.142,-0.893,1.564,5.593
1917.253,-0.899,1.562,5.607
1917.364,-0.907,1.560,5.618
1917.475,-0.915,1.561,5.628
1917.587,-0.921,1.563,5.635
1917.698,-0.925,1.564,5.641
1917.809,-0.927,1.564,5.646
1917.920,-0.927,1.562,5.650
1918.031,-0.925,1.557,5.656
1918.142,-0.920,1.535,5.665
1918.251,-0.917,1.514,5.675
1918.362,-0.915,1.512,5.686
1918.474,-0.910,1.511,5.699
1918.585,-0.902,1.511,5.711
1918.696,-0.896,1.513,5.718
1918.807,-0.894,1.513,5.717
1918.918,-0.891,1.516,5.716
1919.030,-0.885,1.515,5.718
1919.141,-0.881,1.514,5.717
1919.252,-0.878,1.513,5.718
1919.363,-0.876,1.511,5.719
1919.474,-0.873,1.510,5.719
1919.585,-0.870,1.509,5.723
1919.697,-0.870,1.507,5.728
1919.807,-0.875,1.504,5.732
1919.919,-0.882,1.503,5.735
1920.030,-0.890,1.502,5.737
1920.141,-0.899,1.502,5.738
1920.252,-0.903,1.503,5.739
1920.363,-0.900,1.505,5.743
1920.474,-0.885,1.505,5.747
1920.585,-0.868,1.503,5.742
1920.697,-0.850,1.507,5.730
1920.808,-0.832,1.511,5.709
1920.919,-0.815,1.516,5.674
1921.030,-0.802,1.522,5.623
1921.141,-0.788,1.526,5.568
1921.252,-0.771,1.525,5.516
1921.363,-0.751,1.517,5.471
1921.475,-0.733,1.521,5.433
1921.585,-0.714,1.520,5.398
1921.697,-0.689,1.516,5.368
1921.807,-0.651,1.505,5.346
1921.918,-0.608,1.493,5.325
1922.030,-0.561,1.485,5.298
1922.141,-0.513,1.483,5.263
1922.252,-0.464,1.495,5.221
1922.364,-0.420,1.497,5.166
1922.474,-0.388,1.498,5.103
1922.585,-0.368,1.502,5.036
1922.697,-0.363,1.502,4.969
1922.808,-0.360,1.499,4.907
1922.919,-0.357,1.496,4.843
1923.031,-0.353,1.509,4.777
1923.142,-0.336,1.516,4.713
1923.252,-0.308,1.515,4.653
1923.365,-0.276,1.510,4.598
1923.475,-0.239,1.501,4.545
1923.586,-0.198,1.491,4.493
1923.697,-0.151,1.480,4.439
1923.808,-0.098,1.476,4.383
1923.920,-0.041,1.488,4.331
1924.031,0.009,1.487,4.285
1924.142,0.050,1.491,4.251
1924.253,0.084,1.491,4.232
1924.364,0.109,1.496,4.228
1924.475,0.124,1.505,4.230
1924.587,0.126,1.509,4.223
1924.698,0.117,1.512,4.202
1924.808,0.105,1.518,4.174
1924.919,0.096,1.522,4.147
1925.030,0.086,1.527,4.123
1925.141,0.074,1.530,4.109
1925.252,0.061,1.523,4.102
1925.363,0.045,1.522,4.099
1925.474,0.025,1.522,4.100
1925.585,0.003,1.521,4.105
1925.696,-0.020,1.520,4.115
1925.807,-0.045,1.519,4.129
1925.918,-0.070,1.518,4.147
1926.029,-0.097,1.518,4.168
1926.140,-0.128,1.515,4.187
1926.252,-0.162,1.510,4.201
1926.363,-0.192,1.510,4.208
1926.474,-0.219,1.513,4.208
1926.585,-0.242,1.513,4.208
1926.697,-0.261,1.513,4.213
1926.807,-0.279,1.512,4.226
1926.918,-0.294,1.510,4.246
1927.030,-0.306,1.515,4.272
1927.141,-0.319,1.521,4.301
1927.252,-0.332,1.523,4.329
1927.363,-0.345,1.522,4.353
1927.475,-0.358,1.523,4.375
1927.585,-0.378,1.522,4.398
1927.697,-0.405,1.513,4.421
1927.808,-0.426,1.504,4.447
1927.919,-0.433,1.504,4.472
1928.030,-0.431,1.512,4.493
1928.141,-0.427,1.515,4.509
1928.252,-0.424,1.517,4.521
1928.363,-0.419,1.520,4.530
1928.474,-0.415,1.520,4.536
1928.585,-0.415,1.519,4.540
1928.697,-0.419,1.517,4.542
1928.808,-0.424,1.515,4.543
1928.919,-0.431,1.514,4.544
1929.030,-0.440,1.512,4.546
1929.141,-0.453,1.511,4.547
1929.252,-0.469,1.508,4.546
1929.364,-0.488,1.506,4.546
1929.474,-0.510,1.504,4.545
1929.585,-0.534,1.503,4.544
1929.696,-0.561,1.500,4.541
1929.807,-0.589,1.497,4.539
1929.918,-0.616,1.498,4.540
1930.029,-0.644,1.496,4.548
1930.140,-0.674,1.488,4.560
1930.251,-0.708,1.479,4.576
1930.362,-0.745,1.475,4.597
1930.474,-0.785,1.478,4.624
1930.585,-0.829,1.490,4.651
1930.696,-0.877,1.492,4.672
1930.807,-0.928,1.488,4.681
1930.918,-0.977,1.486,4.681
1931.029,-1.024,1.480,4.675
1931.141,-1.068,1.477,4.666
1931.252,-1.115,1.476,4.654
1931.363,-1.164,1.477,4.636
1931.474,-1.213,1.484,4.612
1931.585,-1.253,1.487,4.586
1931.696,-1.283,1.487,4.562
1931.808,-1.303,1.491,4.538
1931.919,-1.318,1.494,4.514
1932.030,-1.333,1.492,4.494
1932.141,-1.353,1.491,4.479
1932.252,-1.376,1.488,4.469
1932.364,-1.404,1.487,4.466
1932.475,-1.438,1.498,4.470
1932.586,-1.479,1.506,4.481
1932.697,-1.523,1.507,4.501
1932.808,-1.563,1.503,4.528
1932.919,-1.592,1.500,4.551
1933.030,-1.613,1.500,4.566
1933.141,-1.628,1.500,4.574
1933.252,-1.634,1.499,4.580
1933.364,-1.633,1.497,4.576
1933.474,-1.626,1.495,4.563
1933.585,-1.621,1.489,4.544
1933.696,-1.615,1.479,4.523
1933.808,-1.600,1.479,4.506
1933.918,-1.579,1.486,4.490
1934.030,-1.556,1.492,4.474
1934.140,-1.535,1.504,4.460
1934.252,-1.522,1.520,4.450
1934.363,-1.508,1.527,4.441
1934.474,-1.493,1.525,4.437
1934.585,-1.477,1.524,4.435
1934.697,-1.465,1.523,4.433
1934.808,-1.452,1.522,4.432
1934.919,-1.437,1.521,4.432
1935.030,-1.420,1.522,4.433
1935.141,-1.402,1.523,4.436
1935.252,-1.379,1.525,4.441
1935.363,-1.351,1.526,4.443
1935.474,-1.317,1.519,4.444
1935.585,-1.282,1.522,4.443
1935.697,-1.249,1.523,4.445
1935.808,-1.218,1.519,4.451
1935.919,-1.190,1.517,4.460
1936.030,-1.170,1.514,4.474
1936.141,-1.157,1.519,4.494
1936.252,-1.148,1.521,4.522
1936.364,-1.138,1.517,4.549
1936.475,-1.128,1.514,4.569
1936.586,-1.118,1.513,4.577
1936.697,-1.111,1.510,4.576
1936.808,-1.107,1.510,4.569
1936.919,-1.105,1.514,4.559
1937.031,-1.102,1.515,4.549
1937.141,-1.103,1.515,4.541
1937.252,-1.104,1.517,4.535
1937.364,-1.106,1.518,4.530
1937.475,-1.108,1.520,4.525
1937.585,-1.114,1.525,4.519
1937.696,-1.122,1.527,4.513
1937.807,-1.126,1.527,4.511
1937.919,-1.125,1.529,4.513
1938.030,-1.123,1.530,4.518
1938.141,-1.116,1.529,4.526
1938.252,-1.102,1.529,4.540
1938.364,-1.079,1.528,4.570
1938.475,-1.060,1.525,4.612
1938.586,-1.050,1.519,4.656
1938.697,-1.050,1.517,4.697
1938.808,-1.056,1.518,4.729
1938.919,-1.060,1.518,4.750
1939.030,-1.057,1.521,4.763
1939.141,-1.045,1.527,4.768
1939.252,-1.027,1.540,4.768
1939.364,-1.004,1.551,4.767
1939.475,-0.983,1.556,4.765
1939.586,-0.965,1.556,4.763
1939.697,-0.952,1.553,4.763
1939.809,-0.944,1.554,4.763
1939.919,-0.939,1.558,4.760
1940.031,-0.939,1.569,4.755
1940.142,-0.945,1.577,4.749
1940.253,-0.954,1.580,4.745
1940.364,-0.962,1.581,4.744
1940.475,-0.966,1.579,4.746
1940.586,-0.969,1.577,4.748
1940.698,-0.972,1.578,4.748
1940.809,-0.974,1.580,4.746
1940.920,-0.976,1.582,4.744
1941.031,-0.978,1.583,4.742
1941.142,-0.980,1.583,4.743
1941.253,-0.982,1.582,4.747
1941.364,-0.985,1.577,4.757
1941.476,-0.986,1.567,4.773
1941.586,-0.985,1.552,4.789
1941.697,-0.982,1.532,4.802
1941.808,-0.970,1.525,4.811
1941.919,-0.954,1.525,4.818
1942.030,-0.939,1.521,4.825
1942.141,-0.926,1.517,4.831
1942.252,-0.913,1.515,4.834
1942.363,-0.900,1.516,4.834
1942.475,-0.885,1.516,4.830
1942.585,-0.871,1.515,4.823
1942.696,-0.856,1.514,4.813
1942.807,-0.845,1.519,4.803
1942.919,-0.834,1.521,4.793
1943.030,-0.824,1.521,4.784
1943.141,-0.815,1.524,4.775
1943.252,-0.809,1.528,4.766
1943.363,-0.807,1.530,4.756
1943.475,-0.808,1.529,4.743
1943.586,-0.808,1.524,4.722
1943.697,-0.808,1.520,4.692
1943.808,-0.811,1.517,4.658
1943.919,-0.816,1.515,4.621
1944.030,-0.823,1.508,4.579
1944.141,-0.828,1.500,4.535
1944.253,-0.833,1.489,4.489
1944.364,-0.835,1.490,4.444
1944.475,-0.835,1.497,4.397
1944.586,-0.833,1.497,4.349
1944.697,-0.823,1.500,4.298
1944.808,-0.804,1.503,4.248
1944.919,-0.782,1.501,4.205
1945.030,-0.763,1.504,4.167
1945.141,-0.747,1.507,4.137
1945.252,-0.730,1.506,4.114
1945.363,-0.718,1.506,4.094
1945.475,-0.709,1.507,4.077
1945.586,-0.703,1.508,4.062
1945.697,-0.699,1.507,4.050
1945.808,-0.697,1.506,4.043
1945.919,-0.698,1.506,4.041
1946.031,-0.700,1.506,4.046
1946.142,-0.703,1.506,4.057
1946.253,-0.708,1.507,4.075
1946.364,-0.715,1.507,4.098
1946.475,-0.725,1.507,4.124
1946.586,-0.736,1.507,4.151
1946.697,-0.750,1.508,4.181
1946.808,-0.766,1.509,4.211
1946.919,-0.783,1.509,4.243
1947.030,-0.799,1.505,4.273
1947.141,-0.814,1.502,4.301
1947.252,-0.825,1.503,4.327
1947.364,-0.830,1.503,4.356
1947.475,-0.831,1.500,4.388
1947.586,-0.829,1.498,4.422
1947.697,-0.825,1.495,4.459
1947.807,-0.815,1.494,4.497
1947.919,-0.802,1.506,4.538
1948.030,-0.785,1.515,4.576
1948.141,-0.768,1.516,4.610
1948.252,-0.749,1.518,4.637
1948.364,-0.725,1.522,4.656
1948.475,-0.695,1.520,4.668
1948.586,-0.665,1.517,4.673
1948.697,-0.638,1.514,4.673
1948.809,-0.618,1.513,4.670
1948.920,-0.604,1.515,4.671
1949.031,-0.596,1.515,4.677
1949.142,-0.594,1.519,4.690
1949.253,-0.595,1.519,4.707
1949.363,-0.597,1.515,4.724
1949.475,-0.603,1.516,4.739
1949.585,-0.609,1.520,4.754
1949.697,-0.615,1.521,4.767
1949.808,-0.624,1.522,4.777
1949.919,-0.636,1.525,4.784
1950.030,-0.647,1.526,4.788
1950.141,-0.659,1.525,4.790
1950.252,-0.671,1.521,4.793
1950.363,-0.681,1.520,4.795
1950.475,-0.689,1.517,4.797
1950.585,-0.695,1.517,4.801
1950.696,-0.698,1.517,4.804
1950.808,-0.704,1.517,4.809
1950.919,-0.711,1.518,4.815
1951.030,-0.715,1.519,4.821
1951.141,-0.718,1.520,4.825
1951.252,-0.720,1.521,4.828
1951.363,-0.722,1.522,4.831
1951.475,-0.723,1.522,4.833
1951.586,-0.718,1.522,4.832
1951.697,-0.710,1.522,4.828
1951.809,-0.704,1.522,4.819
1951.919,-0.699,1.520,4.805
1952.030,-0.695,1.518,4.787
1952.141,-0.688,1.516,4.764
1952.252,-0.680,1.518,4.735
1952.364,-0.669,1.520,4.702
1952.475,-0.642,1.520,4.675
1952.585,-0.613,1.515,4.658
1952.697,-0.586,1.511,4.647
1952.808,-0.561,1.508,4.633
1952.920,-0.532,1.501,4.615
1953.031,-0.497,1.490,4.592
1953.142,-0.454,1.482,4.567
1953.253,-0.401,1.476,4.539
1953.364,-0.339,1.475,4.512
1953.475,-0.276,1.485,4.486
1953.586,-0.222,1.484,4.457
1953.697,-0.177,1.488,4.427
1953.809,-0.135,1.482,4.395
1953.919,-0.093,1.473,4.359
1954.030,-0.049,1.462,4.315
1954.141,-0.001,1.451,4.265
1954.252,0.049,1.456,4.215
1954.363,0.096,1.457,4.174
1954.475,0.134,1.456,4.145
1954.586,0.165,1.453,4.123
1954.697,0.191,1.449,4.106
1954.808,0.215,1.445,4.094
1954.920,0.237,1.442,4.085
1955.031,0.257,1.438,4.079
1955.142,0.270,1.434,4.076
1955.253,0.279,1.435,4.076
1955.364,0.283,1.434,4.077
1955.475,0.281,1.435,4.081
1955.586,0.278,1.438,4.087
1955.698,0.273,1.440,4.092
1955.809,0.268,1.443,4.096
1955.920,0.262,1.444,4.097
1956.031,0.256,1.446,4.099
1956.142,0.251,1.447,4.100
1956.253,0.246,1.447,4.101
1956.364,0.241,1.448,4.102
1956.476,0.238,1.450,4.102
1956.586,0.235,1.450,4.102
1956.698,0.233,1.450,4.103
1956.809,0.231,1.450,4.105
1956.920,0.230,1.449,4.108
1957.031,0.230,1.450,4.111
1957.142,0.230,1.450,4.114
1957.253,0.231,1.450,4.116
1957.364,0.232,1.451,4.119
1957.475,0.233,1.450,4.121
1957.586,0.233,1.450,4.125
1957.697,0.233,1.451,4.130
1957.809,0.235,1.454,4.141
1957.919,0.237,1.457,4.166
1958.030,0.230,1.458,4.197
1958.141,0.220,1.461,4.231
1958.252,0.209,1.464,4.269
1958.364,0.198,1.465,4.312
1958.474,0.190,1.464,4.364
1958.586,0.181,1.469,4.428
1958.697,0.170,1.468,4.495
1958.805,0.157,1.466,4.550
1958.919,0.148,1.462,4.592
1959.030,0.145,1.456,4.627
1959.141,0.145,1.454,4.665
1959.252,0.150,1.450,4.707
1959.363,0.160,1.444,4.752
1959.474,0.177,1.445,4.798
1959.585,0.200,1.458,4.845
1959.697,0.223,1.463,4.888
1959.807,0.237,1.457,4.926
1959.919,0.241,1.457,4.960
1960.030,0.237,1.456,4.991
1960.141,0.230,1.455,5.022
1960.252,0.221,1.452,5.058
1960.364,0.209,1.450,5.100
1960.475,0.194,1.445,5.148
1960.585,0.177,1.444,5.203
1960.697,0.161,1.445,5.261
1960.808,0.150,1.441,5.311
1960.919,0.145,1.440,5.352
1961.031,0.140,1.444,5.386
1961.142,0.138,1.444,5.408
1961.253,0.137,1.452,5.421
1961.364,0.139,1.464,5.432
1961.475,0.141,1.467,5.442
1961.585,0.143,1.468,5.451
1961.697,0.145,1.470,5.458
1961.808,0.145,1.473,5.467
1961.919,0.135,1.479,5.477
1962.030,0.116,1.485,5.483
1962.141,0.090,1.490,5.485
1962.252,0.058,1.496,5.483
1962.364,0.023,1.500,5.475
1962.474,-0.012,1.503,5.465
1962.585,-0.049,1.508,5.451
1962.699,-0.089,1.506,5.434
1962.810,-0.131,1.506,5.417
1962.920,-0.171,1.511,5.404
1963.031,-0.212,1.510,5.396
1963.143,-0.252,1.510,5.394
1963.254,-0.291,1.517,5.395
1963.365,-0.327,1.520,5.393
1963.476,-0.358,1.517,5.384
1963.587,-0.377,1.511,5.367
1963.698,-0.382,1.502,5.346
1963.804,-0.371,1.494,5.329
1963.906,-0.364,1.492,5.314
1964.017,-0.367,1.487,5.294
1964.128,-0.396,1.480,5.283
1964.240,-0.432,1.479,5.289
1964.351,-0.455,1.480,5.304
1964.462,-0.458,1.484,5.313
1964.573,-0.456,1.490,5.305
1964.684,-0.457,1.494,5.281
1964.795,-0.461,1.505,5.245
1964.906,-0.469,1.513,5.197
1965.017,-0.477,1.518,5.140
1965.129,-0.482,1.523,5.075
1965.240,-0.484,1.523,4.997
1965.351,-0.483,1.521,4.905
1965.462,-0.469,1.524,4.806
1965.573,-0.443,1.527,4.720
1965.684,-0.415,1.526,4.648
1965.796,-0.384,1.516,4.579
1965.907,-0.351,1.504,4.513
1966.018,-0.314,1.500,4.451
1966.129,-0.280,1.513,4.386
1966.241,-0.249,1.518,4.319
1966.351,-0.220,1.506,4.250
1966.463,-0.194,1.493,4.179
1966.573,-0.174,1.479,4.105
1966.685,-0.161,1.468,4.024
1966.796,-0.157,1.475,3.936
1966.906,-0.155,1.491,3.849
1967.018,-0.147,1.498,3.766
1967.129,-0.135,1.503,3.677
1967.240,-0.121,1.489,3.578
1967.351,-0.104,1.469,3.473
1967.462,-0.085,1.471,3.365
1967.573,-0.083,1.486,3.258
1967.684,-0.099,1.486,3.163
1967.795,-0.118,1.481,3.079
1967.907,-0.138,1.463,2.999
1968.017,-0.164,1.446,2.921
1968.129,-0.194,1.447,2.839
1968.240,-0.222,1.461,2.759
1968.351,-0.248,1.475,2.686
1968.462,-0.273,1.475,2.620
1968.573,-0.290,1.469,2.549
1968.684,-0.295,1.465,2.462
1968.795,-0.292,1.459,2.355
1968.906,-0.285,1.471,2.246
1969.018,-0.279,1.477,2.145
1969.129,-0.271,1.480,2.049
1969.240,-0.261,1.478,1.954
1969.351,-0.250,1.471,1.862
1969.462,-0.243,1.461,1.769
1969.573,-0.244,1.451,1.678
1969.684,-0.247,1.457,1.583
1969.795,-0.244,1.457,1.493
1969.906,-0.238,1.457,1.413
1970.018,-0.231,1.447,1.339
1970.129,-0.221,1.438,1.268
1970.240,-0.204,1.441,1.197
1970.351,-0.186,1.459,1.127
1970.462,-0.172,1.464,1.064
1970.573,-0.155,1.470,1.015
1970.684,-0.126,1.476,0.981
1970.796,-0.097,1.479,0.968
1970.906,-0.092,1.481,0.960
1971.018,-0.100,1.478,0.940
1971.129,-0.109,1.481,0.912
1971.240,-0.122,1.481,0.888
1971.351,-0.141,1.483,0.867
1971.462,-0.166,1.489,0.852
1971.573,-0.196,1.494,0.842
1971.684,-0.228,1.493,0.838
1971.796,-0.257,1.489,0.838
1971.907,-0.275,1.481,0.836
1972.017,-0.281,1.477,0.833
1972.128,-0.272,1.473,0.831
1972.240,-0.254,1.469,0.835
1972.351,-0.227,1.465,0.843
1972.462,-0.191,1.463,0.853
1972.573,-0.152,1.466,0.860
1972.684,-0.115,1.473,0.863
1972.796,-0.084,1.477,0.863
1972.907,-0.055,1.483,0.857
1973.018,-0.031,1.487,0.845
1973.129,-0.016,1.491,0.831
1973.240,-0.015,1.494,0.820
1973.351,-0.023,1.497,0.818
1973.463,-0.029,1.502,0.826
1973.573,-0.032,1.497,0.835
1973.684,-0.039,1.491,0.842
1973.796,-0.055,1.491,0.849
1973.907,-0.081,1.493,0.857
1974.018,-0.114,1.497,0.868
1974.129,-0.151,1.503,0.882
1974.240,-0.189,1.508,0.894
1974.351,-0.223,1.515,0.903
1974.463,-0.255,1.519,0.912
1974.574,-0.284,1.525,0.919
1974.685,-0.309,1.529,0.922
1974.796,-0.331,1.533,0.924
1974.907,-0.350,1.535,0.927
1975.018,-0.367,1.538,0.932
1975.130,-0.378,1.540,0.938
1975.241,-0.386,1.541,0.942
1975.352,-0.389,1.541,0.944
1975.463,-0.388,1.539,0.943
1975.574,-0.384,1.540,0.942
1975.685,-0.377,1.542,0.942
1975.796,-0.370,1.543,0.940
1975.907,-0.360,1.543,0.937
1976.018,-0.349,1.544,0.935
1976.129,-0.339,1.544,0.933
1976.240,-0.330,1.544,0.930
1976.351,-0.323,1.545,0.927
1976.463,-0.317,1.545,0.923
1976.574,-0.309,1.544,0.914
1976.685,-0.293,1.541,0.897
1976.796,-0.271,1.537,0.882
1976.907,-0.249,1.532,0.873
1977.018,-0.226,1.527,0.871
1977.129,-0.204,1.522,0.876
1977.240,-0.184,1.519,0.886
1977.351,-0.165,1.516,0.901
1977.462,-0.150,1.513,0.917
1977.574,-0.136,1.513,0.936
1977.685,-0.122,1.513,0.954
1977.796,-0.107,1.512,0.968
1977.907,-0.091,1.511,0.980
1978.018,-0.072,1.509,0.991
1978.129,-0.052,1.506,1.000
1978.241,-0.033,1.502,1.007
1978.352,-0.013,1.497,1.012
1978.463,0.005,1.490,1.015
1978.573,0.022,1.485,1.016
1978.685,0.032,1.481,1.017
1978.796,0.037,1.481,1.020
1978.906,0.037,1.481,1.020
1979.018,0.034,1.484,1.016
1979.129,0.031,1.486,1.011
1979.240,0.029,1.488,1.006
1979.351,0.028,1.488,1.001
1979.462,0.027,1.488,0.998
1979.573,0.028,1.486,0.996
1979.685,0.029,1.485,0.994
1979.796,0.031,1.485,0.992
1979.907,0.034,1.484,0.992
1980.018,0.037,1.482,0.991
1980.129,0.039,1.481,0.990
1980.240,0.040,1.482,0.990
1980.351,0.042,1.482,0.989
1980.462,0.042,1.481,0.988
1980.574,0.042,1.481,0.988
1980.684,0.042,1.481,0.988
1980.796,0.040,1.481,0.988
1980.907,0.039,1.481,0.988
1981.018,0.039,1.481,0.987
1981.129,0.040,1.481,0.986
1981.240,0.040,1.481,0.985
1981.351,0.040,1.480,0.984
1981.463,0.040,1.479,0.984
1981.573,0.042,1.478,0.983
1981.684,0.043,1.478,0.982
1981.796,0.043,1.478,0.982
1981.907,0.044,1.478,0.981
1982.018,0.044,1.475,0.981
1982.129,0.044,1.474,0.983
1982.240,0.043,1.475,0.986
1982.351,0.041,1.476,0.987
1982.462,0.043,1.478,0.986
1982.573,0.048,1.472,0.981
1982.684,0.054,1.465,0.973
1982.796,0.051,1.457,0.961
1982.907,0.037,1.446,0.951
1983.018,0.010,1.454,0.943
1983.129,-0.030,1.464,0.936
1983.240,-0.084,1.473,0.932
1983.351,-0.154,1.479,0.930
1983.463,-0.229,1.486,0.930
1983.573,-0.301,1.489,0.933
1983.685,-0.365,1.491,0.939
1983.796,-0.419,1.495,0.950
1983.907,-0.465,1.500,0.962
1984.018,-0.504,1.502,0.971
1984.129,-0.539,1.500,0.975
1984.240,-0.570,1.499,0.971
1984.351,-0.599,1.497,0.959
1984.463,-0.624,1.500,0.936
1984.574,-0.644,1.515,0.901
1984.685,-0.660,1.525,0.866
1984.796,-0.673,1.531,0.836
1984.907,-0.683,1.533,0.810
1985.018,-0.693,1.536,0.788
1985.130,-0.705,1.539,0.770
1985.240,-0.721,1.544,0.760
1985.352,-0.748,1.541,0.756
1985.463,-0.785,1.531,0.756
1985.574,-0.825,1.522,0.762
1985.685,-0.864,1.514,0.766
1985.796,-0.895,1.505,0.769
1985.907,-0.916,1.496,0.772
1986.018,-0.929,1.490,0.776
1986.129,-0.934,1.489,0.779
1986.240,-0.931,1.489,0.785
1986.352,-0.916,1.492,0.790
1986.463,-0.893,1.492,0.794
1986.574,-0.864,1.488,0.795
1986.684,-0.830,1.484,0.790
1986.796,-0.796,1.472,0.781
1986.907,-0.771,1.463,0.776
1987.018,-0.758,1.466,0.778
1987.129,-0.756,1.470,0.782
1987.240,-0.765,1.473,0.783
1987.351,-0.785,1.476,0.780
1987.462,-0.812,1.478,0.770
1987.573,-0.847,1.478,0.751
1987.685,-0.889,1.476,0.717
1987.796,-0.936,1.473,0.668
1987.907,-0.979,1.472,0.624
1988.018,-1.013,1.475,0.595
1988.130,-1.038,1.477,0.576
1988.241,-1.055,1.480,0.563
1988.351,-1.063,1.483,0.550
1988.463,-1.063,1.485,0.538
1988.574,-1.056,1.485,0.525
1988.685,-1.043,1.487,0.505
1988.796,-1.034,1.490,0.473
1988.907,-1.025,1.486,0.436
1989.018,-1.014,1.479,0.403
1989.130,-1.001,1.475,0.379
1989.240,-0.988,1.472,0.365
1989.352,-0.975,1.472,0.359
1989.463,-0.963,1.472,0.357
1989.574,-0.953,1.472,0.361
1989.685,-0.948,1.474,0.367
1989.796,-0.946,1.474,0.375
1989.907,-0.945,1.474,0.387
1990.018,-0.948,1.476,0.400
1990.129,-0.955,1.477,0.413
1990.240,-0.966,1.477,0.421
1990.352,-0.974,1.478,0.425
1990.463,-0.979,1.477,0.426
1990.574,-0.983,1.477,0.426
1990.685,-0.987,1.479,0.427
1990.796,-0.990,1.480,0.428
1990.907,-0.992,1.480,0.430
1991.018,-0.991,1.480,0.432
1991.129,-0.990,1.480,0.433
1991.240,-0.990,1.478,0.435
1991.351,-0.992,1.476,0.434
1991.462,-0.993,1.476,0.429
1991.573,-0.992,1.474,0.420
1991.685,-0.994,1.471,0.408
1991.796,-0.995,1.468,0.404
1991.907,-0.996,1.468,0.413
1992.018,-0.998,1.472,0.438
1992.129,-1.002,1.479,0.475
1992.240,-1.012,1.485,0.524
1992.351,-1.027,1.486,0.582
1992.463,-1.044,1.489,0.639
1992.574,-1.062,1.491,0.685
1992.685,-1.078,1.489,0.717
1992.796,-1.091,1.491,0.738
1992.907,-1.111,1.492,0.748
1993.018,-1.135,1.490,0.746
1993.129,-1.157,1.487,0.736
1993.240,-1.186,1.486,0.720
1993.351,-1.218,1.490,0.699
1993.463,-1.254,1.494,0.675
1993.574,-1.292,1.492,0.652
1993.685,-1.329,1.489,0.639
1993.796,-1.368,1.491,0.637
1993.907,-1.410,1.485,0.648
1994.018,-1.451,1.477,0.662
1994.129,-1.496,1.474,0.673
1994.240,-1.542,1.480,0.678
1994.351,-1.588,1.484,0.676
1994.462,-1.634,1.486,0.666
1994.574,-1.680,1.485,0.649
1994.684,-1.721,1.481,0.624
1994.796,-1.756,1.477,0.597
1994.907,-1.788,1.483,0.561
1995.018,-1.824,1.492,0.512
1995.131,-1.854,1.496,0.461
1995.240,-1.868,1.496,0.424
1995.351,-1.865,1.495,0.404
1995.463,-1.850,1.495,0.400
1995.574,-1.824,1.492,0.413
1995.687,-1.794,1.487,0.442
1995.796,-1.766,1.484,0.479
1995.907,-1.737,1.480,0.514
1996.018,-1.709,1.481,0.544
1996.129,-1.679,1.484,0.563
1996.240,-1.640,1.485,0.571
1996.351,-1.591,1.485,0.568
1996.463,-1.535,1.483,0.558
1996.573,-1.475,1.484,0.540
1996.685,-1.426,1.485,0.524
1996.795,-1.396,1.490,0.509
1996.907,-1.382,1.489,0.501
1997.018,-1.379,1.490,0.499
1997.129,-1.389,1.490,0.497
1997.240,-1.404,1.485,0.499
1997.351,-1.420,1.484,0.511
1997.462,-1.430,1.485,0.533
1997.574,-1.443,1.487,0.563
1997.685,-1.461,1.488,0.601
1997.796,-1.482,1.488,0.645
1997.907,-1.505,1.487,0.691
1998.018,-1.522,1.479,0.728
1998.129,-1.530,1.476,0.750
1998.240,-1.533,1.476,0.756
1998.351,-1.532,1.474,0.753
1998.462,-1.529,1.473,0.742
1998.573,-1.525,1.472,0.725
1998.684,-1.518,1.473,0.702
1998.796,-1.510,1.476,0.678
1998.907,-1.503,1.477,0.655
1999.017,-1.496,1.479,0.635
1999.129,-1.490,1.479,0.619
1999.240,-1.485,1.478,0.606
1999.351,-1.481,1.477,0.595
1999.462,-1.481,1.477,0.587
1999.573,-1.484,1.475,0.581
1999.684,-1.490,1.475,0.577
1999.795,-1.497,1.475,0.575
1999.906,-1.506,1.475,0.574
2000.017,-1.514,1.474,0.574
2000.129,-1.519,1.473,0.575
2000.239,-1.522,1.473,0.578
2000.351,-1.522,1.474,0.581
2000.462,-1.523,1.475,0.587
2000.573,-1.524,1.476,0.593
2000.685,-1.526,1.477,0.600
2000.795,-1.527,1.479,0.607
2000.906,-1.529,1.480,0.615
2001.019,-1.530,1.482,0.624
2001.129,-1.530,1.484,0.632
2001.240,-1.530,1.486,0.640
2001.351,-1.530,1.488,0.646
2001.463,-1.530,1.489,0.653
2001.574,-1.530,1.490,0.659
2001.685,-1.531,1.490,0.662
2001.794,-1.532,1.490,0.665
2001.905,-1.533,1.488,0.666
2002.016,-1.535,1.487,0.668
2002.128,-1.536,1.485,0.668
2002.239,-1.538,1.480,0.671
2002.350,-1.544,1.471,0.673
2002.461,-1.548,1.472,0.674
2002.572,-1.553,1.474,0.679
2002.683,-1.560,1.476,0.690
2002.795,-1.569,1.476,0.708
2002.906,-1.581,1.474,0.737
2003.017,-1.600,1.473,0.778
2003.128,-1.627,1.469,0.830
2003.239,-1.661,1.462,0.891
2003.350,-1.699,1.468,0.950
2003.462,-1.738,1.478,0.994
2003.573,-1.770,1.484,1.026
2003.684,-1.791,1.485,1.046
2003.795,-1.809,1.484,1.057
2003.906,-1.831,1.485,1.067
2004.017,-1.847,1.478,1.071
2004.129,-1.853,1.473,1.070
2004.239,-1.854,1.469,1.067
2004.351,-1.849,1.470,1.067
2004.462,-1.841,1.471,1.070
2004.573,-1.834,1.473,1.075
2004.684,-1.829,1.475,1.077
2004.795,-1.825,1.477,1.072
2004.906,-1.819,1.476,1.058
2005.017,-1.810,1.477,1.035
2005.129,-1.789,1.480,1.003
2005.240,-1.759,1.484,0.963
2005.351,-1.729,1.486,0.913
2005.462,-1.698,1.488,0.852
2005.573,-1.663,1.492,0.783
2005.684,-1.633,1.491,0.718
2005.796,-1.613,1.490,0.667
2005.907,-1.608,1.496,0.623
2006.018,-1.621,1.495,0.582
2006.129,-1.653,1.491,0.541
2006.240,-1.702,1.486,0.493
2006.351,-1.736,1.477,0.464
2006.463,-1.745,1.478,0.474
2006.573,-1.741,1.478,0.509
2006.685,-1.736,1.473,0.558
2006.796,-1.739,1.476,0.609
2006.907,-1.744,1.482,0.667
2007.017,-1.752,1.486,0.726
2007.129,-1.765,1.488,0.785
2007.240,-1.784,1.487,0.846
2007.351,-1.805,1.487,0.907
2007.462,-1.816,1.491,0.960
2007.574,-1.820,1.496,0.997
2007.685,-1.816,1.491,1.016
2007.796,-1.799,1.490,1.016
2007.907,-1.760,1.493,0.995
2008.019,-1.698,1.494,0.966
2008.129,-1.623,1.496,0.941
2008.240,-1.541,1.498,0.914
2008.351,-1.456,1.499,0.888
2008.463,-1.380,1.495,0.862
2008.573,-1.321,1.500,0.834
2008.685,-1.269,1.501,0.798
2008.796,-1.225,1.497,0.754
2008.907,-1.193,1.489,0.707
2009.018,-1.173,1.488,0.653
2009.129,-1.157,1.493,0.598
2009.240,-1.148,1.496,0.548
2009.352,-1.145,1.500,0.503
2009.463,-1.143,1.501,0.466
2009.574,-1.137,1.502,0.438
2009.685,-1.134,1.505,0.411
2009.796,-1.130,1.499,0.391
2009.907,-1.127,1.494,0.386
2010.018,-1.128,1.498,0.399
2010.129,-1.132,1.504,0.429
2010.240,-1.142,1.507,0.471
2010.351,-1.161,1.505,0.519
2010.462,-1.185,1.506,0.573
2010.574,-1.212,1.503,0.630
2010.685,-1.238,1.497,0.684
2010.796,-1.259,1.496,0.730
2010.906,-1.277,1.502,0.764
2011.018,-1.295,1.504,0.790
2011.128,-1.315,1.505,0.809
2011.240,-1.340,1.504,0.819
2011.351,-1.368,1.499,0.822
2011.462,-1.401,1.498,0.816
2011.573,-1.441,1.505,0.802
2011.684,-1.487,1.507,0.784
2011.795,-1.535,1.503,0.764
2011.907,-1.581,1.499,0.748
2012.018,-1.619,1.498,0.737
2012.129,-1.651,1.497,0.731
2012.240,-1.684,1.495,0.731
2012.351,-1.718,1.491,0.740
2012.462,-1.754,1.492,0.756
2012.573,-1.796,1.493,0.771
2012.684,-1.837,1.491,0.786
2012.796,-1.871,1.492,0.805
2012.907,-1.897,1.494,0.825
2013.018,-1.919,1.495,0.844
2013.129,-1.936,1.494,0.863
2013.240,-1.948,1.493,0.880
2013.353,-1.957,1.492,0.893
2013.462,-1.962,1.491,0.898
2013.573,-1.959,1.490,0.895
2013.684,-1.951,1.487,0.886
2013.795,-1.938,1.484,0.870
2013.906,-1.917,1.480,0.856
2014.017,-1.887,1.482,0.852
2014.129,-1.845,1.491,0.855
2014.240,-1.789,1.498,0.859
2014.351,-1.723,1.497,0.868
2014.462,-1.652,1.503,0.879
2014.573,-1.581,1.504,0.895
2014.685,-1.512,1.507,0.913
2014.796,-1.448,1.506,0.930
2014.906,-1.392,1.507,0.937
2015.017,-1.337,1.504,0.927
2015.129,-1.284,1.495,0.900
2015.240,-1.230,1.479,0.852
2015.351,-1.175,1.469,0.781
2015.462,-1.112,1.482,0.696
2015.573,-1.050,1.491,0.620
2015.684,-0.991,1.497,0.563
2015.796,-0.933,1.493,0.516
2015.907,-0.873,1.486,0.478
2016.018,-0.816,1.480,0.449
2016.130,-0.758,1.474,0.434
2016.240,-0.694,1.480,0.425
2016.352,-0.640,1.481,0.419
2016.463,-0.599,1.480,0.420
2016.574,-0.573,1.480,0.426
2016.685,-0.562,1.476,0.433
2016.796,-0.561,1.472,0.441
2016.907,-0.563,1.474,0.448
2017.018,-0.565,1.474,0.452
2017.129,-0.566,1.475,0.455
2017.240,-0.567,1.475,0.457
2017.351,-0.568,1.475,0.460
2017.462,-0.569,1.476,0.462
2017.573,-0.570,1.475,0.464
2017.684,-0.570,1.474,0.467
2017.796,-0.570,1.474,0.468
2017.907,-0.568,1.475,0.463
2018.018,-0.566,1.472,0.456
2018.129,-0.571,1.471,0.459
2018.240,-0.584,1.474,0.483
2018.351,-0.605,1.484,0.523
2018.463,-0.636,1.491,0.571
2018.574,-0.680,1.491,0.630
2018.685,-0.730,1.489,0.699
2018.795,-0.777,1.488,0.768
2018.906,-0.814,1.489,0.828
2019.017,-0.848,1.499,0.875
2019.128,-0.884,1.499,0.910
2019.239,-0.929,1.497,0.931
2019.350,-0.987,1.492,0.938
2019.461,-1.055,1.481,0.933
2019.572,-1.131,1.476,0.919
2019.684,-1.213,1.491,0.897
2019.795,-1.293,1.495,0.881
2019.906,-1.363,1.495,0.872
2020.017,-1.428,1.500,0.864
2020.129,-1.496,1.493,0.857
2020.240,-1.567,1.485,0.856
2020.351,-1.647,1.479,0.857
2020.462,-1.730,1.485,0.858
2020.573,-1.799,1.485,0.849
2020.684,-1.849,1.487,0.826
2020.795,-1.881,1.485,0.793
2020.906,-1.901,1.485,0.755
2021.018,-1.915,1.484,0.708
2021.129,-1.924,1.482,0.647
2021.240,-1.933,1.483,0.574
2021.351,-1.942,1.487,0.503
2021.462,-1.949,1.487,0.447
2021.574,-1.948,1.483,0.407
2021.684,-1.941,1.483,0.389
2021.795,-1.925,1.486,0.391
2021.907,-1.896,1.493,0.413
2022.018,-1.861,1.495,0.456
2022.129,-1.820,1.489,0.515
2022.240,-1.785,1.487,0.576
2022.351,-1.749,1.492,0.627
2022.461,-1.704,1.504,0.662
2022.572,-1.648,1.507,0.690
2022.683,-1.578,1.507,0.714
2022.795,-1.494,1.505,0.736
2022.906,-1.395,1.500,0.760
2023.017,-1.285,1.492,0.785
2023.129,-1.191,1.484,0.814
2023.241,-1.123,1.498,0.832
2023.351,-1.066,1.501,0.835
2023.462,-1.006,1.497,0.826
2023.574,-0.937,1.492,0.805
2023.684,-0.857,1.476,0.773
2023.798,-0.778,1.463,0.733
2023.905,-0.671,1.472,0.677
2024.017,-0.596,1.485,0.640
2024.127,-0.539,1.497,0.611
2024.238,-0.493,1.498,0.589
2024.351,-0.450,1.497,0.574
2024.462,-0.402,1.494,0.564
2024.574,-0.348,1.487,0.557
2024.685,-0.291,1.487,0.550
2024.796,-0.243,1.490,0.539
2024.907,-0.212,1.491,0.528
2025.018,-0.195,1.488,0.515
2025.129,-0.192,1.483,0.510
2025.240,-0.198,1.485,0.521
2025.351,-0.213,1.488,0.546
2025.463,-0.236,1.489,0.574
2025.573,-0.259,1.492,0.597
2025.685,-0.276,1.504,0.611
2025.796,-0.284,1.511,0.620
2025.907,-0.287,1.505,0.623
2026.018,-0.285,1.504,0.621
2026.129,-0.284,1.501,0.618
2026.241,-0.283,1.498,0.612
2026.351,-0.279,1.496,0.601
2026.463,-0.278,1.492,0.585
2026.574,-0.284,1.485,0.569
2026.684,-0.298,1.481,0.562
2026.796,-0.316,1.480,0.571
2026.907,-0.340,1.487,0.596
2027.018,-0.374,1.493,0.633
2027.129,-0.416,1.492,0.677
2027.241,-0.462,1.495,0.717
2027.351,-0.500,1.495,0.746
2027.463,-0.526,1.498,0.765
2027.573,-0.543,1.495,0.780
2027.684,-0.551,1.488,0.786
2027.796,-0.555,1.483,0.779
2027.907,-0.547,1.481,0.756
2028.018,-0.528,1.482,0.717
2028.129,-0.505,1.481,0.669
2028.240,-0.477,1.476,0.610
2028.351,-0.451,1.477,0.544
2028.462,-0.431,1.483,0.480
2028.573,-0.412,1.482,0.426
2028.684,-0.394,1.481,0.384
2028.796,-0.382,1.477,0.353
2028.907,-0.376,1.473,0.337
2029.018,-0.384,1.473,0.336
2029.129,-0.409,1.478,0.350
2029.240,-0.453,1.487,0.382
2029.351,-0.510,1.496,0.432
2029.463,-0.575,1.502,0.494
2029.574,-0.649,1.504,0.561
2029.685,-0.723,1.502,0.624
2029.795,-0.794,1.502,0.680
2029.906,-0.862,1.506,0.725
2030.017,-0.932,1.506,0.758
2030.128,-1.005,1.499,0.782
2030.239,-1.084,1.485,0.799
2030.350,-1.170,1.473,0.809
2030.462,-1.259,1.488,0.812
2030.573,-1.341,1.498,0.823
2030.684,-1.412,1.503,0.838
2030.795,-1.479,1.499,0.855
2030.906,-1.543,1.492,0.878
2031.017,-1.608,1.483,0.912
2031.129,-1.679,1.475,0.955
2031.240,-1.754,1.480,1.003
2031.350,-1.818,1.486,1.041
2031.462,-1.865,1.496,1.070
2031.573,-1.897,1.497,1.089
2031.684,-1.912,1.498,1.100
2031.795,-1.912,1.499,1.102
2031.906,-1.903,1.500,1.095
2032.017,-1.883,1.500,1.076
2032.128,-1.853,1.498,1.048
2032.240,-1.808,1.495,1.015
2032.351,-1.746,1.492,0.980
2032.462,-1.672,1.495,0.945
2032.573,-1.584,1.498,0.910
2032.684,-1.503,1.498,0.881
2032.795,-1.435,1.503,0.850
2032.906,-1.377,1.498,0.816
2033.017,-1.328,1.493,0.777
2033.129,-1.288,1.484,0.735
2033.240,-1.253,1.475,0.685
2033.351,-1.216,1.484,0.633
2033.462,-1.176,1.489,0.589
2033.573,-1.145,1.491,0.554
2033.684,-1.119,1.493,0.528
2033.795,-1.095,1.492,0.511
2033.907,-1.070,1.493,0.499
2034.018,-1.041,1.494,0.486
2034.129,-1.012,1.488,0.476
2034.240,-0.985,1.482,0.472
2034.351,-0.963,1.480,0.474
2034.463,-0.944,1.482,0.478
2034.573,-0.929,1.483,0.487
2034.684,-0.918,1.484,0.498
2034.796,-0.911,1.486,0.509
2034.907,-0.910,1.489,0.519
2035.018,-0.912,1.492,0.528
2035.129,-0.923,1.496,0.540
2035.240,-0.947,1.499,0.552
2035.351,-0.988,1.498,0.561
2035.462,-1.045,1.493,0.572
2035.574,-1.119,1.488,0.586
2035.685,-1.205,1.485,0.601
2035.796,-1.288,1.492,0.613
2035.907,-1.363,1.503,0.618
2036.018,-1.435,1.505,0.612
2036.129,-1.507,1.501,0.593
2036.240,-1.581,1.490,0.561
2036.351,-1.658,1.475,0.516
2036.463,-1.741,1.468,0.458
2036.573,-1.818,1.470,0.411
2036.685,-1.875,1.468,0.388
2036.796,-1.909,1.472,0.390
2036.907,-1.915,1.485,0.413
2037.018,-1.897,1.495,0.454
2037.129,-1.863,1.495,0.508
2037.240,-1.821,1.493,0.561
2037.351,-1.779,1.496,0.603
2037.462,-1.739,1.502,0.628
2037.573,-1.703,1.504,0.642
2037.684,-1.666,1.503,0.639
2037.796,-1.621,1.500,0.622
2037.908,-1.569,1.496,0.594
2038.018,-1.510,1.493,0.556
2038.129,-1.453,1.492,0.515
2038.240,-1.411,1.497,0.481
2038.351,-1.386,1.497,0.459
2038.463,-1.372,1.497,0.448
2038.574,-1.370,1.498,0.443
2038.685,-1.378,1.496,0.445
2038.796,-1.392,1.495,0.458
2038.907,-1.409,1.495,0.484
2039.019,-1.427,1.496,0.520
2039.129,-1.446,1.494,0.564
2039.240,-1.463,1.492,0.610
2039.351,-1.471,1.490,0.645
2039.462,-1.471,1.488,0.664
2039.574,-1.465,1.488,0.666
2039.684,-1.458,1.486,0.652
2039.796,-1.449,1.486,0.625
2039.907,-1.443,1.485,0.593
2040.018,-1.439,1.484,0.566
2040.129,-1.441,1.485,0.550
2040.240,-1.445,1.485,0.551
2040.351,-1.451,1.486,0.567
2040.462,-1.459,1.488,0.597
2040.573,-1.468,1.489,0.631
2040.684,-1.476,1.488,0.653
2040.796,-1.480,1.486,0.657
2040.907,-1.481,1.486,0.646
2041.018,-1.482,1.484,0.623
2041.129,-1.483,1.482,0.591
2041.240,-1.484,1.478,0.556
2041.352,-1.485,1.475,0.524
2041.463,-1.485,1.473,0.499
2041.573,-1.485,1.471,0.481
2041.685,-1.485,1.470,0.468
2041.796,-1.485,1.468,0.460
2041.907,-1.484,1.465,0.457
2042.018,-1.483,1.465,0.459
2042.129,-1.480,1.465,0.469
2042.240,-1.474,1.466,0.491
2042.351,-1.468,1.471,0.526
2042.463,-1.462,1.477,0.557
2042.573,-1.456,1.479,0.570
2042.685,-1.450,1.478,0.564
2042.795,-1.448,1.476,0.547
2042.907,-1.456,1.475,0.535
2043.018,-1.474,1.472,0.541
2043.129,-1.485,1.471,0.555
2043.240,-1.489,1.472,0.559
2043.351,-1.495,1.474,0.557
2043.462,-1.506,1.478,0.551
2043.573,-1.522,1.481,0.544
2043.685,-1.549,1.483,0.540
2043.796,-1.580,1.484,0.538
2043.907,-1.610,1.492,0.534
2044.018,-1.633,1.494,0.521
2044.129,-1.639,1.490,0.505
2044.240,-1.626,1.487,0.490
2044.352,-1.597,1.483,0.474
2044.462,-1.553,1.482,0.458
2044.574,-1.493,1.484,0.442
2044.685,-1.427,1.487,0.425
2044.796,-1.368,1.485,0.411
2044.907,-1.327,1.485,0.403
2045.018,-1.307,1.487,0.398
2045.129,-1.304,1.488,0.396
2045.240,-1.315,1.488,0.396
2045.351,-1.333,1.486,0.399
2045.462,-1.351,1.487,0.399
2045.574,-1.361,1.485,0.394
2045.684,-1.362,1.483,0.385
2045.796,-1.356,1.480,0.373
2045.907,-1.342,1.475,0.362
2046.018,-1.322,1.471,0.362
2046.129,-1.301,1.476,0.381
2046.240,-1.281,1.489,0.417
2046.351,-1.262,1.497,0.461
2046.463,-1.240,1.497,0.506
2046.574,-1.218,1.493,0.546
2046.684,-1.190,1.492,0.574
2046.796,-1.152,1.493,0.590
2046.907,-1.106,1.492,0.592
2047.009,-1.066,1.490,0.581
2047.115,-1.027,1.493,0.566
2047.226,-1.005,1.494,0.557
2047.337,-0.996,1.494,0.556
2047.448,-0.999,1.496,0.563
2047.559,-1.015,1.497,0.580
2047.670,-1.041,1.499,0.605
2047.781,-1.062,1.500,0.628
2047.893,-1.073,1.498,0.645
2048.004,-1.075,1.499,0.656
2048.115,-1.073,1.499,0.663
2048.226,-1.070,1.501,0.665
2048.337,-1.082,1.507,0.673
2048.448,-1.110,1.511,0.689
2048.560,-1.142,1.511,0.706
2048.671,-1.175,1.508,0.721
2048.782,-1.198,1.508,0.726
2048.893,-1.194,1.512,0.725
2049.004,-1.172,1.514,0.737
2049.115,-1.144,1.516,0.766
2049.227,-1.121,1.520,0.801
2049.338,-1.100,1.522,0.843
2049.448,-1.081,1.520,0.893
2049.560,-1.066,1.521,0.947
2049.671,-1.058,1.517,0.995
2049.782,-1.051,1.511,1.035
2049.893,-1.041,1.505,1.063
2050.004,-1.028,1.497,1.077
2050.115,-1.009,1.493,1.079
2050.227,-0.982,1.491,1.068
2050.338,-0.946,1.491,1.048
2050.448,-0.904,1.491,1.019
2050.560,-0.859,1.501,0.991
2050.671,-0.816,1.507,0.968
2050.782,-0.771,1.508,0.953
2050.893,-0.726,1.509,0.943
2051.004,-0.677,1.505,0.939
2051.115,-0.625,1.501,0.940
2051.227,-0.569,1.495,0.949
2051.338,-0.507,1.495,0.966
2051.448,-0.440,1.507,0.985
2051.560,-0.376,1.511,0.998
2051.671,-0.320,1.511,0.999
2051.782,-0.272,1.512,0.994
2051.894,-0.227,1.510,0.985
2052.004,-0.188,1.504,0.969
2052.116,-0.156,1.504,0.943
2052.227,-0.129,1.505,0.912
2052.338,-0.109,1.501,0.884
2052.449,-0.095,1.502,0.863
2052.560,-0.082,1.501,0.852
2052.671,-0.073,1.499,0.852
2052.782,-0.065,1.500,0.860
2052.894,-0.053,1.503,0.873
2053.005,-0.034,1.505,0.887
2053.115,-0.012,1.505,0.901
2053.227,0.008,1.505,0.913
2053.338,0.023,1.506,0.922
2053.449,0.032,1.508,0.929
2053.560,0.036,1.510,0.931
2053.671,0.035,1.511,0.932
2053.782,0.033,1.512,0.934
2053.894,0.032,1.513,0.937
2054.005,0.034,1.512,0.942
2054.115,0.038,1.508,0.945
2054.227,0.036,1.506,0.947
2054.337,0.022,1.509,0.954
2054.449,-0.001,1.513,0.968
2054.560,-0.031,1.517,0.983
2054.671,-0.065,1.518,0.995
2054.782,-0.101,1.516,1.004
2054.893,-0.132,1.514,1.012
2055.004,-0.159,1.515,1.016
2055.115,-0.181,1.517,1.016
2055.227,-0.197,1.517,1.015
2055.338,-0.206,1.518,1.014
2055.449,-0.210,1.519,1.012
2055.560,-0.206,1.518,1.010
2055.671,-0.199,1.519,1.004
2055.782,-0.191,1.516,0.999
2055.893,-0.185,1.518,0.995
2056.005,-0.180,1.517,0.994
2056.116,-0.176,1.518,0.994
2056.227,-0.174,1.517,0.996
2056.338,-0.173,1.517,0.998
2056.449,-0.172,1.518,0.999
2056.560,-0.170,1.517,1.000
2056.671,-0.169,1.517,1.001
2056.782,-0.167,1.517,1.001
2056.894,-0.165,1.516,1.002
2057.005,-0.164,1.516,1.002
2057.115,-0.162,1.515,1.003
2057.227,-0.161,1.514,1.004
2057.338,-0.161,1.514,1.004
2057.449,-0.161,1.514,1.005
2057.560,-0.160,1.514,1.006
2057.671,-0.160,1.513,1.006
2057.782,-0.160,1.513,1.006
2057.893,-0.160,1.514,1.005
2058.004,-0.160,1.513,1.004
2058.115,-0.160,1.513,1.003
2058.227,-0.159,1.514,1.002
2058.337,-0.158,1.514,1.001
2058.449,-0.157,1.514,1.000
2058.560,-0.157,1.514,0.998
2058.670,-0.156,1.514,0.997
2058.782,-0.155,1.514,0.995
2058.893,-0.155,1.514,0.994
2059.004,-0.154,1.513,0.991
2059.115,-0.153,1.512,0.989
2059.227,-0.151,1.511,0.988
2059.338,-0.148,1.510,0.987
2059.448,-0.141,1.509,0.987
2059.560,-0.120,1.507,0.992
2059.671,-0.096,1.504,1.003
2059.782,-0.074,1.501,1.018
2059.893,-0.056,1.498,1.035
2060.004,-0.042,1.494,1.053
2060.115,-0.033,1.492,1.069
2060.227,-0.030,1.491,1.084
2060.337,-0.031,1.490,1.096
2060.449,-0.035,1.491,1.103
2060.561,-0.038,1.492,1.105
2060.671,-0.041,1.493,1.103
2060.782,-0.044,1.493,1.096
2060.893,-0.046,1.493,1.089
2061.004,-0.048,1.494,1.083
2061.115,-0.050,1.493,1.077
2061.227,-0.052,1.493,1.074
2061.338,-0.052,1.494,1.071
2061.448,-0.052,1.494,1.066
2061.560,-0.052,1.494,1.062
2061.671,-0.054,1.494,1.059
2061.782,-0.056,1.494,1.055
2061.894,-0.056,1.493,1.050
2062.005,-0.058,1.493,1.046
2062.115,-0.061,1.494,1.043
2062.227,-0.063,1.495,1.039
2062.338,-0.063,1.495,1.036
2062.449,-0.063,1.496,1.036
2062.560,-0.062,1.496,1.038
2062.671,-0.062,1.496,1.040
2062.782,-0.062,1.496,1.040
2062.893,-0.065,1.498,1.038
2063.004,-0.074,1.503,1.027
2063.115,-0.095,1.510,1.009
2063.227,-0.123,1.515,0.994
2063.339,-0.152,1.516,0.985
2063.449,-0.177,1.518,0.982
2063.560,-0.198,1.517,0.980
2063.671,-0.219,1.511,0.978
2063.782,-0.239,1.508,0.977
2063.893,-0.254,1.508,0.975
2064.059,-0.267,1.504,0.968
2064.170,-0.267,1.501,0.961
2064.281,-0.260,1.498,0.950
2064.393,-0.247,1.498,0.936
2064.503,-0.230,1.494,0.916
2064.656,-0.197,1.488,0.880
2064.767,-0.164,1.485,0.849
2064.879,-0.122,1.486,0.816
2064.990,-0.076,1.491,0.779
2065.101,-0.035,1.492,0.744
2065.212,-0.003,1.491,0.711
2065.323,0.022,1.487,0.686
2065.434,0.041,1.484,0.668
2065.545,0.053,1.483,0.658
2065.657,0.061,1.483,0.651
2065.767,0.062,1.483,0.648
2065.879,0.060,1.483,0.646
2065.990,0.055,1.483,0.644
2066.101,0.049,1.484,0.644
2066.212,0.042,1.485,0.643
2066.324,0.036,1.486,0.643
2066.434,0.032,1.486,0.643
2066.545,0.029,1.485,0.641
2066.657,0.027,1.484,0.640
2066.768,0.029,1.482,0.641
2066.879,0.032,1.480,0.644
2066.990,0.034,1.480,0.646
2067.101,0.036,1.481,0.649
2067.212,0.037,1.482,0.653
2067.324,0.035,1.483,0.657
2067.434,0.033,1.482,0.659
2067.545,0.031,1.481,0.661
2067.657,0.031,1.481,0.662
2067.768,0.032,1.480,0.663
2067.879,0.034,1.480,0.665
2067.990,0.036,1.480,0.665
2068.101,0.034,1.480,0.664
2068.212,0.030,1.482,0.662
2068.323,0.025,1.482,0.659
2068.434,0.019,1.482,0.654
2068.546,0.011,1.481,0.649
2068.657,-0.001,1.481,0.645
2068.768,-0.023,1.481,0.642
2068.879,-0.050,1.480,0.640
2068.990,-0.081,1.481,0.639
2069.101,-0.118,1.484,0.639
2069.212,-0.157,1.486,0.637
2069.323,-0.192,1.488,0.636
2069.435,-0.221,1.488,0.634
2069.545,-0.242,1.487,0.633
2069.656,-0.257,1.486,0.635
2069.768,-0.267,1.485,0.637
2069.879,-0.274,1.486,0.638
2069.990,-0.277,1.485,0.639
2070.101,-0.276,1.485,0.640
2070.212,-0.274,1.487,0.642
2070.323,-0.269,1.487,0.642
2070.434,-0.263,1.488,0.643
2070.545,-0.257,1.489,0.644
2070.657,-0.252,1.490,0.644
2070.767,-0.246,1.492,0.644
2070.879,-0.242,1.492,0.644
2070.990,-0.238,1.491,0.642
2071.101,-0.235,1.490,0.642
2071.212,-0.232,1.489,0.641
2071.323,-0.230,1.489,0.642
2071.434,-0.229,1.488,0.642
2071.545,-0.228,1.487,0.643
2071.656,-0.227,1.486,0.643
2071.768,-0.227,1.486,0.643
2071.879,-0.227,1.487,0.642
2071.990,-0.224,1.488,0.643
2072.101,-0.222,1.489,0.644
2072.212,-0.222,1.490,0.646
2072.323,-0.225,1.492,0.646
2072.434,-0.229,1.493,0.646
2072.545,-0.233,1.494,0.644
2072.657,-0.235,1.493,0.641
2072.767,-0.238,1.494,0.637
2072.879,-0.239,1.493,0.635
2072.990,-0.240,1.492,0.632
2073.101,-0.241,1.490,0.628
2073.212,-0.243,1.487,0.625
2073.323,-0.249,1.485,0.624
2073.434,-0.259,1.480,0.625
2073.545,-0.277,1.478,0.630
2073.657,-0.302,1.477,0.638
2073.767,-0.336,1.472,0.649
2073.878,-0.384,1.473,0.660
2073.990,-0.434,1.474,0.668
2074.100,-0.479,1.481,0.673
2074.212,-0.514,1.485,0.674
2074.323,-0.540,1.485,0.675
2074.434,-0.555,1.485,0.674
2074.545,-0.562,1.487,0.669
2074.656,-0.564,1.486,0.662
2074.767,-0.559,1.483,0.656
2074.879,-0.548,1.483,0.651
2074.990,-0.535,1.485,0.646
2075.101,-0.522,1.487,0.639
2075.212,-0.510,1.489,0.632
2075.323,-0.500,1.489,0.626
2075.434,-0.494,1.489,0.620
2075.545,-0.490,1.489,0.616
2075.656,-0.488,1.488,0.614
2075.767,-0.489,1.488,0.612
2075.879,-0.491,1.487,0.612
2075.990,-0.493,1.487,0.612
2076.101,-0.493,1.486,0.612
2076.212,-0.492,1.486,0.612
2076.323,-0.491,1.486,0.613
2076.434,-0.492,1.487,0.613
2076.545,-0.492,1.487,0.613
2076.657,-0.493,1.488,0.612
2076.767,-0.496,1.489,0.610
2076.878,-0.498,1.490,0.608
2076.990,-0.499,1.491,0.606
2077.101,-0.500,1.491,0.604
2077.212,-0.501,1.490,0.603
2077.323,-0.504,1.490,0.603
2077.434,-0.508,1.490,0.603
2077.545,-0.513,1.490,0.603
2077.657,-0.518,1.490,0.602
2077.767,-0.523,1.490,0.601
2077.879,-0.526,1.490,0.600
2077.990,-0.527,1.490,0.599
2078.101,-0.527,1.491,0.597
2078.212,-0.526,1.492,0.595
2078.323,-0.522,1.493,0.596
2078.434,-0.516,1.494,0.598
2078.545,-0.510,1.495,0.602
2078.656,-0.504,1.496,0.607
2078.767,-0.499,1.497,0.610
2078.878,-0.495,1.497,0.612
2078.990,-0.493,1.497,0.614
2079.101,-0.492,1.496,0.616
2079.212,-0.491,1.496,0.617
2079.323,-0.489,1.496,0.618
2079.434,-0.487,1.496,0.619
2079.545,-0.487,1.496,0.619
2079.656,-0.488,1.496,0.618
2079.767,-0.489,1.495,0.616
2079.879,-0.489,1.495,0.613
2079.990,-0.489,1.495,0.610
2080.100,-0.487,1.494,0.607
2080.212,-0.485,1.495,0.607
2080.323,-0.484,1.496,0.606
2080.434,-0.484,1.496,0.607
2080.545,-0.486,1.497,0.606
2080.656,-0.490,1.498,0.603
2080.767,-0.500,1.495,0.600
2080.878,-0.519,1.489,0.602
2080.990,-0.550,1.485,0.609
2081.101,-0.596,1.480,0.618
2081.212,-0.654,1.472,0.632
2081.323,-0.715,1.472,0.646
2081.434,-0.766,1.478,0.656
2081.545,-0.805,1.486,0.662
2081.656,-0.833,1.487,0.662
2081.767,-0.850,1.487,0.657
2081.878,-0.860,1.487,0.651
2081.990,-0.865,1.488,0.646
2082.100,-0.865,1.491,0.641
2082.212,-0.864,1.490,0.639
2082.323,-0.861,1.488,0.639
2082.434,-0.858,1.487,0.640
2082.545,-0.853,1.485,0.642
2082.656,-0.850,1.485,0.643
2082.767,-0.845,1.484,0.642
2082.878,-0.841,1.483,0.640
2082.990,-0.838,1.481,0.640
2083.101,-0.835,1.481,0.639
2083.212,-0.832,1.481,0.640
2083.323,-0.830,1.482,0.640
2083.434,-0.827,1.483,0.640
2083.545,-0.825,1.484,0.639
2083.656,-0.823,1.484,0.639
2083.767,-0.821,1.486,0.640
2083.872,-0.818,1.488,0.644
2083.982,-0.818,1.491,0.649
2084.093,-0.819,1.494,0.654
2084.204,-0.822,1.496,0.657
2084.308,-0.825,1.496,0.659
2084.419,-0.829,1.497,0.660
2084.531,-0.837,1.497,0.659
2084.642,-0.848,1.494,0.661
2084.753,-0.864,1.492,0.667
2084.864,-0.882,1.489,0.675
2084.975,-0.899,1.485,0.682
2085.086,-0.917,1.487,0.682
2085.198,-0.938,1.485,0.673
2085.309,-0.961,1.483,0.658
2085.420,-0.985,1.486,0.635
2085.531,-1.004,1.487,0.614
2085.642,-1.020,1.491,0.599
2085.753,-1.037,1.494,0.588
2085.865,-1.054,1.494,0.582
2085.976,-1.072,1.494,0.582
2086.086,-1.093,1.493,0.589
2086.198,-1.118,1.491,0.602
2086.309,-1.145,1.489,0.619
2086.420,-1.169,1.481,0.636
2086.531,-1.188,1.478,0.653
2086.643,-1.202,1.478,0.666
2086.753,-1.210,1.480,0.675
2086.865,-1.215,1.486,0.678
2086.975,-1.217,1.488,0.676
2087.087,-1.219,1.490,0.673
2087.198,-1.220,1.492,0.669
2087.309,-1.217,1.492,0.664
2087.420,-1.213,1.491,0.661
2087.531,-1.208,1.491,0.659
2087.642,-1.205,1.491,0.657
2087.753,-1.204,1.492,0.656
2087.864,-1.206,1.493,0.655
2087.975,-1.208,1.492,0.653
2088.086,-1.209,1.492,0.653
2088.198,-1.210,1.491,0.653
2088.309,-1.211,1.491,0.654
2088.420,-1.211,1.490,0.655
2088.531,-1.211,1.490,0.656
2088.642,-1.210,1.490,0.657
2088.753,-1.209,1.489,0.657
2088.864,-1.210,1.488,0.658
2088.976,-1.211,1.487,0.659
2089.087,-1.215,1.486,0.662
2089.198,-1.224,1.485,0.666
2089.309,-1.238,1.485,0.670
2089.420,-1.254,1.486,0.676
2089.531,-1.273,1.487,0.681
2089.643,-1.289,1.488,0.685
2089.754,-1.300,1.488,0.686
2089.865,-1.305,1.488,0.685
2089.976,-1.307,1.488,0.681
2090.087,-1.306,1.488,0.677
2090.198,-1.302,1.489,0.672
2090.309,-1.299,1.490,0.667
2090.420,-1.296,1.490,0.664
2090.532,-1.294,1.489,0.661
2090.642,-1.291,1.490,0.660
2090.753,-1.289,1.489,0.660
2090.865,-1.288,1.488,0.661
2090.976,-1.288,1.487,0.663
2091.087,-1.287,1.486,0.665
2091.198,-1.287,1.486,0.667
2091.310,-1.286,1.485,0.669
2091.420,-1.285,1.485,0.672
2091.531,-1.284,1.484,0.674
2091.642,-1.283,1.484,0.676
2091.753,-1.281,1.485,0.678
2091.865,-1.281,1.485,0.678
2091.976,-1.281,1.485,0.679
2092.087,-1.281,1.485,0.678
2092.198,-1.281,1.485,0.677
2092.309,-1.281,1.484,0.676
2092.420,-1.282,1.484,0.674
2092.531,-1.283,1.484,0.672
2092.643,-1.284,1.484,0.670
2092.754,-1.284,1.484,0.669
2092.865,-1.284,1.484,0.667
2092.976,-1.282,1.484,0.666
2093.087,-1.281,1.484,0.667
2093.198,-1.281,1.485,0.669
2093.309,-1.281,1.485,0.669
2093.420,-1.280,1.485,0.669
2093.531,-1.279,1.484,0.669
2093.643,-1.279,1.484,0.669
2093.754,-1.280,1.484,0.669
2093.865,-1.281,1.484,0.669
2093.976,-1.282,1.484,0.669
2094.087,-1.284,1.484,0.668
2094.198,-1.285,1.485,0.667
2094.309,-1.287,1.484,0.666
2094.420,-1.289,1.485,0.667
2094.531,-1.290,1.486,0.668
2094.643,-1.292,1.486,0.668
2094.754,-1.292,1.487,0.668
2094.865,-1.293,1.487,0.668
2094.978,-1.293,1.487,0.669
2095.087,-1.298,1.485,0.671
2095.198,-1.307,1.482,0.678
2095.310,-1.314,1.481,0.684
2095.420,-1.319,1.478,0.690
2095.531,-1.318,1.474,0.696
2095.643,-1.312,1.473,0.697
2095.754,-1.301,1.473,0.694
2095.865,-1.287,1.473,0.689
2095.976,-1.267,1.471,0.684
2096.087,-1.242,1.468,0.683
2096.198,-1.221,1.464,0.689
2096.309,-1.208,1.464,0.697
2096.420,-1.210,1.464,0.700
2096.531,-1.218,1.463,0.700
2096.642,-1.223,1.464,0.701
2096.753,-1.224,1.466,0.700
2096.865,-1.221,1.467,0.699
2096.976,-1.218,1.468,0.698
2097.087,-1.213,1.469,0.696
2097.198,-1.210,1.468,0.697
2097.309,-1.209,1.469,0.701
2097.420,-1.208,1.471,0.707
2097.531,-1.206,1.469,0.716
2097.643,-1.198,1.468,0.723
2097.754,-1.185,1.466,0.731
2097.865,-1.165,1.467,0.739
2097.977,-1.121,1.474,0.756
2098.088,-1.074,1.485,0.783
2098.199,-1.033,1.494,0.815
2098.310,-1.001,1.499,0.847
2098.420,-0.979,1.500,0.880
2098.532,-0.967,1.497,0.909
2098.643,-0.956,1.497,0.929
2098.754,-0.943,1.497,0.941
2098.865,-0.926,1.493,0.945
2098.976,-0.906,1.488,0.943
2099.088,-0.885,1.487,0.937
2099.198,-0.863,1.489,0.927
2099.310,-0.840,1.492,0.912
2099.421,-0.818,1.497,0.894
2099.532,-0.796,1.504,0.876
2099.643,-0.775,1.507,0.863
2099.754,-0.752,1.516,0.852
2099.865,-0.732,1.532,0.845
2099.977,-0.715,1.544,0.840
2100.088,-0.698,1.553,0.840
2100.199,-0.680,1.558,0.840
2100.310,-0.658,1.559,0.840
2100.421,-0.639,1.557,0.841
2100.532,-0.620,1.553,0.842
2100.644,-0.602,1.552,0.847
2100.754,-0.588,1.553,0.855
2100.865,-0.581,1.552,0.862
2100.977,-0.577,1.547,0.866
2101.088,-0.578,1.543,0.869
2101.199,-0.581,1.541,0.872
2101.308,-0.585,1.537,0.873
2101.419,-0.587,1.530,0.874
2101.531,-0.589,1.527,0.874
2101.642,-0.590,1.526,0.876
2101.753,-0.589,1.523,0.877
2101.864,-0.588,1.522,0.877
2101.975,-0.588,1.521,0.877
2102.087,-0.587,1.520,0.878
2102.198,-0.586,1.518,0.879
2102.309,-0.584,1.518,0.879
2102.420,-0.581,1.518,0.881
2102.531,-0.579,1.519,0.884
2102.642,-0.577,1.518,0.887
2102.753,-0.575,1.517,0.890
2102.865,-0.574,1.516,0.893
2102.976,-0.573,1.515,0.894
2103.087,-0.572,1.514,0.896
2103.198,-0.572,1.512,0.899
2103.309,-0.572,1.507,0.900
2103.421,-0.570,1.505,0.902
2103.531,-0.566,1.506,0.904
2103.642,-0.562,1.506,0.904
2103.754,-0.558,1.506,0.903
2103.865,-0.555,1.505,0.902
2103.976,-0.553,1.505,0.901
2104.088,-0.551,1.504,0.898
2104.198,-0.549,1.502,0.895
2104.310,-0.548,1.502,0.893
2104.421,-0.547,1.501,0.890
2104.531,-0.547,1.500,0.888
2104.642,-0.546,1.498,0.885
2104.754,-0.546,1.499,0.884
2104.865,-0.547,1.499,0.884
2104.976,-0.549,1.499,0.883
2105.087,-0.551,1.500,0.884
2105.198,-0.553,1.500,0.885
2105.309,-0.555,1.501,0.886
2105.421,-0.557,1.501,0.888
2105.532,-0.559,1.500,0.890
2105.643,-0.561,1.500,0.892
2105.754,-0.562,1.498,0.895
2105.865,-0.562,1.497,0.900
2105.976,-0.562,1.495,0.905
2106.087,-0.561,1.492,0.912
2106.198,-0.559,1.487,0.917
2106.310,-0.555,1.482,0.925
2106.421,-0.547,1.479,0.930
2106.532,-0.538,1.490,0.944
2106.643,-0.531,1.490,0.954
2106.754,-0.520,1.483,0.958
2106.865,-0.510,1.478,0.961
2106.977,-0.501,1.479,0.962
2107.087,-0.494,1.480,0.965
2107.199,-0.487,1.479,0.966
2107.310,-0.482,1.479,0.968
2107.421,-0.477,1.477,0.968
2107.532,-0.474,1.476,0.969
2107.643,-0.471,1.474,0.968
2107.754,-0.467,1.474,0.968
2107.865,-0.462,1.474,0.968
2107.977,-0.456,1.474,0.969
2108.088,-0.452,1.473,0.972
2108.198,-0.448,1.473,0.975
2108.310,-0.444,1.472,0.977
2108.421,-0.442,1.472,0.978
2108.532,-0.438,1.472,0.976
2108.643,-0.433,1.472,0.973
2108.754,-0.422,1.473,0.970
2108.865,-0.408,1.475,0.965
2108.976,-0.389,1.475,0.959
2109.088,-0.365,1.476,0.950
2109.198,-0.339,1.478,0.943
2109.310,-0.310,1.480,0.937
2109.421,-0.284,1.481,0.932
2109.532,-0.257,1.479,0.928
2109.643,-0.234,1.479,0.928
2109.754,-0.215,1.480,0.928
2109.866,-0.193,1.484,0.929
2109.977,-0.170,1.486,0.934
2110.087,-0.145,1.486,0.942
2110.198,-0.118,1.484,0.953
2110.310,-0.086,1.488,0.968
2110.421,-0.054,1.490,0.984
2110.532,-0.026,1.490,1.001
2110.643,-0.003,1.489,1.018
2110.754,0.015,1.491,1.035
2110.865,0.030,1.496,1.047
2110.977,0.045,1.498,1.056
2111.086,0.059,1.500,1.061
2111.199,0.066,1.507,1.063
2111.310,0.071,1.519,1.062
2111.421,0.077,1.527,1.056
2111.532,0.090,1.531,1.040
2111.643,0.116,1.528,1.020
2111.753,0.152,1.519,0.998
2111.865,0.184,1.506,0.976
2111.976,0.208,1.500,0.962
2112.087,0.226,1.501,0.951
2112.198,0.238,1.500,0.943
2112.309,0.248,1.499,0.938
2112.420,0.253,1.496,0.935
2112.531,0.254,1.497,0.933
2112.643,0.253,1.496,0.931
2112.753,0.252,1.496,0.930
2112.865,0.251,1.496,0.929
2112.976,0.248,1.496,0.929
2113.087,0.245,1.496,0.929
2113.198,0.241,1.496,0.930
2113.309,0.238,1.496,0.931
2113.420,0.235,1.495,0.932
2113.531,0.232,1.495,0.932
2113.645,0.228,1.496,0.932
2113.754,0.224,1.497,0.932
2113.865,0.218,1.501,0.931
2113.976,0.208,1.504,0.930
2114.087,0.192,1.505,0.929
2114.198,0.169,1.506,0.930
2114.309,0.144,1.505,0.932
2114.420,0.115,1.504,0.937
2114.531,0.081,1.506,0.942
2114.642,0.044,1.512,0.946
2114.753,0.006,1.522,0.952
2114.865,-0.030,1.541,0.955
2114.976,-0.056,1.545,0.958
2115.087,-0.075,1.547,0.963
2115.198,-0.085,1.546,0.970
2115.309,-0.086,1.546,0.977
2115.420,-0.079,1.545,0.984
2115.531,-0.061,1.541,0.991
2115.643,-0.035,1.530,0.996
2115.754,-0.008,1.518,0.995
2115.865,0.012,1.513,0.991
2115.976,0.025,1.511,0.987
2116.087,0.032,1.509,0.984
2116.198,0.036,1.509,0.982
2116.310,0.035,1.506,0.985
2116.421,0.028,1.506,0.992
2116.531,0.013,1.507,1.003
2116.643,-0.009,1.511,1.014
2116.754,-0.038,1.518,1.025
2116.865,-0.073,1.519,1.035
2116.976,-0.106,1.513,1.048
2117.087,-0.131,1.512,1.070
2117.198,-0.147,1.508,1.106
2117.309,-0.155,1.500,1.155
2117.420,-0.156,1.492,1.219
2117.531,-0.152,1.488,1.294
2117.642,-0.145,1.512,1.376
2117.753,-0.139,1.536,1.446
2117.865,-0.137,1.544,1.508
2117.976,-0.135,1.547,1.568
2118.087,-0.131,1.545,1.633
2118.198,-0.125,1.538,1.704
2118.309,-0.118,1.526,1.783
2118.420,-0.116,1.512,1.870
2118.531,-0.122,1.522,1.964
2118.643,-0.128,1.530,2.053
2118.754,-0.137,1.537,2.130
2118.865,-0.155,1.539,2.200
2118.976,-0.179,1.536,2.269
2119.086,-0.214,1.530,2.330
2119.198,-0.239,1.523,2.380
2119.310,-0.252,1.525,2.433
2119.420,-0.261,1.528,2.491
2119.531,-0.267,1.527,2.543
2119.643,-0.271,1.524,2.587
2119.754,-0.281,1.524,2.636
2119.865,-0.301,1.527,2.696
2119.976,-0.329,1.522,2.774
2120.087,-0.359,1.511,2.865
2120.198,-0.388,1.502,2.961
2120.309,-0.421,1.518,3.050
2120.420,-0.448,1.525,3.131
2120.531,-0.464,1.526,3.205
2120.642,-0.477,1.535,3.269
2120.754,-0.494,1.533,3.337
2120.865,-0.515,1.520,3.408
2120.976,-0.532,1.506,3.484
2121.087,-0.549,1.514,3.565
2121.198,-0.569,1.528,3.645
2121.309,-0.587,1.532,3.723
2121.420,-0.603,1.524,3.802
2121.531,-0.624,1.512,3.881
2121.643,-0.651,1.499,3.965
2121.754,-0.682,1.497,4.053
2121.866,-0.715,1.508,4.145
2121.976,-0.736,1.507,4.235
2122.087,-0.744,1.503,4.314
2122.198,-0.742,1.494,4.388
2122.309,-0.734,1.486,4.459
2122.420,-0.720,1.477,4.536
2122.531,-0.703,1.473,4.619
2122.643,-0.685,1.485,4.702
2122.754,-0.673,1.485,4.782
2122.865,-0.668,1.488,4.857
2122.976,-0.661,1.484,4.927
2123.087,-0.651,1.476,4.996
2123.198,-0.643,1.470,5.069
2123.309,-0.644,1.469,5.150
2123.420,-0.653,1.486,5.241
2123.532,-0.657,1.486,5.329
2123.642,-0.653,1.489,5.401
2123.754,-0.645,1.492,5.464
2123.865,-0.633,1.490,5.523
2123.976,-0.617,1.485,5.576
2124.087,-0.599,1.485,5.627
2124.198,-0.581,1.497,5.677
2124.310,-0.562,1.499,5.725
2124.421,-0.546,1.499,5.767
2124.532,-0.534,1.498,5.801
2124.643,-0.528,1.497,5.832
2124.754,-0.527,1.497,5.856
2124.865,-0.530,1.496,5.878
2124.976,-0.533,1.490,5.901
2125.087,-0.539,1.485,5.926
2125.198,-0.544,1.483,5.960
2125.309,-0.550,1.480,6.003
2125.420,-0.557,1.481,6.049
2125.531,-0.564,1.479,6.101
2125.643,-0.570,1.476,6.155
2125.754,-0.573,1.471,6.211
2125.865,-0.570,1.467,6.269
2125.976,-0.563,1.472,6.324
2126.087,-0.554,1.501,6.374
2126.198,-0.549,1.522,6.420
2126.309,-0.546,1.539,6.459
2126.421,-0.540,1.552,6.494
2126.532,-0.528,1.558,6.529
2126.643,-0.513,1.557,6.569
2126.754,-0.496,1.552,6.616
2126.865,-0.482,1.550,6.665
2126.977,-0.469,1.557,6.718
2127.087,-0.455,1.556,6.770
2127.199,-0.433,1.554,6.813
2127.310,-0.402,1.540,6.850
2127.420,-0.366,1.511,6.883
2127.531,-0.327,1.484,6.909
2127.643,-0.282,1.473,6.928
2127.754,-0.234,1.460,6.939
2127.865,-0.181,1.455,6.947
2127.976,-0.130,1.466,6.956
2128.087,-0.087,1.474,6.966
2128.198,-0.052,1.480,6.974
2128.309,-0.017,1.487,6.979
2128.420,0.023,1.484,6.982
2128.531,0.067,1.477,6.988
2128.642,0.114,1.469,6.999
2128.753,0.166,1.476,7.014
2128.865,0.210,1.476,7.021
2128.975,0.237,1.474,7.020
2129.086,0.255,1.470,7.009
2129.197,0.263,1.463,6.998
2129.309,0.265,1.462,6.987
2129.419,0.265,1.459,6.979
2129.531,0.261,1.458,6.971
2129.642,0.254,1.452,6.961
2129.753,0.245,1.444,6.949
2129.864,0.229,1.438,6.939
2129.975,0.206,1.436,6.928
2130.086,0.175,1.431,6.916
2130.197,0.134,1.429,6.898
2130.309,0.081,1.429,6.874
2130.420,0.027,1.433,6.857
2130.531,-0.023,1.445,6.845
2130.642,-0.073,1.451,6.838
2130.753,-0.124,1.451,6.832
2130.864,-0.178,1.444,6.826
2130.976,-0.235,1.428,6.821
2131.087,-0.295,1.426,6.806
2131.198,-0.348,1.447,6.778
2131.309,-0.393,1.458,6.741
2131.420,-0.429,1.466,6.697
2131.532,-0.455,1.469,6.642
2131.643,-0.472,1.464,6.577
2131.754,-0.483,1.460,6.508
2131.865,-0.496,1.464,6.448
2131.976,-0.513,1.473,6.396
2132.087,-0.535,1.472,6.350
2132.198,-0.559,1.469,6.312
2132.310,-0.588,1.463,6.280
2132.420,-0.620,1.455,6.256
2132.531,-0.651,1.452,6.235
2132.643,-0.677,1.453,6.220
2132.754,-0.701,1.455,6.209
2132.865,-0.716,1.456,6.205
2132.976,-0.720,1.454,6.207
2133.087,-0.716,1.451,6.217
2133.198,-0.702,1.448,6.236
2133.309,-0.678,1.446,6.267
2133.420,-0.645,1.445,6.308
2133.531,-0.604,1.442,6.359
2133.642,-0.554,1.447,6.408
2133.753,-0.504,1.461,6.453
2133.865,-0.460,1.462,6.496
2133.976,-0.420,1.461,6.543
2134.087,-0.384,1.456,6.594
2134.198,-0.348,1.448,6.649
2134.309,-0.314,1.442,6.709
2134.420,-0.279,1.452,6.768
2134.531,-0.244,1.451,6.813
2134.643,-0.212,1.449,6.846
2134.753,-0.175,1.448,6.868
2134.865,-0.134,1.440,6.883
2134.976,-0.088,1.429,6.890
2135.087,-0.037,1.425,6.888
2135.198,0.011,1.433,6.883
2135.309,0.051,1.436,6.876
2135.420,0.089,1.442,6.861
2135.531,0.122,1.442,6.838
2135.642,0.153,1.440,6.812
2135.753,0.186,1.437,6.787
2135.864,0.222,1.439,6.760
2135.975,0.252,1.436,6.727
2136.087,0.273,1.430,6.694
2136.198,0.286,1.428,6.658
2136.309,0.288,1.422,6.619
2136.419,0.287,1.413,6.583
2136.531,0.282,1.405,6.545
2136.642,0.275,1.401,6.505
2136.753,0.266,1.398,6.472
2136.864,0.259,1.397,6.449
2136.975,0.251,1.397,6.434
2137.086,0.243,1.395,6.423
2137.197,0.236,1.393,6.417
2137.308,0.231,1.394,6.415
2137.419,0.229,1.397,6.420
2137.530,0.230,1.401,6.432
2137.641,0.232,1.405,6.448
2137.752,0.235,1.409,6.469
2137.864,0.240,1.413,6.492
2137.976,0.245,1.417,6.521
2138.086,0.250,1.421,6.552
2138.197,0.254,1.423,6.586
2138.308,0.255,1.425,6.619
2138.419,0.250,1.425,6.649
2138.531,0.235,1.431,6.674
2138.641,0.211,1.439,6.699
2138.753,0.177,1.445,6.723
2138.863,0.132,1.452,6.744
2138.975,0.075,1.458,6.761
2139.086,0.008,1.457,6.776
2139.198,-0.051,1.455,6.782
2139.308,-0.100,1.462,6.782
2139.420,-0.147,1.471,6.773
2139.531,-0.203,1.468,6.760
2139.642,-0.273,1.464,6.750
2139.753,-0.349,1.462,6.748
2139.865,-0.419,1.462,6.745
2139.976,-0.485,1.479,6.737
2140.087,-0.543,1.484,6.731
2140.198,-0.592,1.477,6.728
2140.309,-0.642,1.476,6.724
2140.421,-0.696,1.473,6.715
2140.532,-0.749,1.465,6.703
2140.643,-0.803,1.471,6.689
2140.754,-0.858,1.480,6.668
2140.865,-0.905,1.477,6.640
2140.976,-0.948,1.479,6.607
2141.087,-0.991,1.479,6.568
2141.198,-1.039,1.474,6.525
2141.309,-1.092,1.470,6.475
2141.420,-1.156,1.477,6.426
2141.531,-1.223,1.495,6.378
2141.644,-1.285,1.499,6.335
2141.753,-1.346,1.502,6.299
2141.865,-1.409,1.503,6.268
2141.976,-1.476,1.494,6.240
2142.087,-1.543,1.486,6.216
2142.198,-1.607,1.498,6.194
2142.310,-1.669,1.501,6.164
2142.421,-1.719,1.497,6.130
2142.531,-1.760,1.495,6.096
2142.643,-1.798,1.489,6.061
2142.754,-1.836,1.480,6.024
2142.865,-1.876,1.475,5.981
2142.976,-1.916,1.481,5.932
2143.087,-1.949,1.485,5.880
2143.198,-1.979,1.479,5.839
2143.309,-2.006,1.482,5.800
2143.418,-2.031,1.479,5.759
2143.530,-2.055,1.475,5.717
2143.641,-2.081,1.466,5.672
2143.753,-2.113,1.458,5.626
2143.859,-2.151,1.462,5.576
2143.969,-2.189,1.467,5.528
2144.081,-2.223,1.465,5.480
2144.192,-2.249,1.458,5.436
2144.292,-2.264,1.456,5.402
2144.405,-2.274,1.451,5.366
2144.516,-2.274,1.446,5.329
2144.627,-2.261,1.446,5.287
2144.739,-2.232,1.451,5.233
2144.850,-2.184,1.470,5.168
2144.961,-2.124,1.488,5.110
2145.073,-2.070,1.499,5.073
2145.183,-2.027,1.513,5.050
2145.295,-1.996,1.522,5.035
2145.406,-1.978,1.525,5.023
2145.517,-1.973,1.526,5.010
2145.629,-1.979,1.527,4.993
2145.739,-1.988,1.525,4.968
2145.851,-1.993,1.521,4.943
2145.961,-1.995,1.524,4.926
2146.073,-1.999,1.534,4.914
2146.184,-2.004,1.548,4.902
2146.295,-2.006,1.554,4.890
2146.406,-2.002,1.554,4.877
2146.517,-1.996,1.554,4.864
2146.629,-1.987,1.553,4.848
2146.740,-1.976,1.549,4.827
2146.851,-1.962,1.543,4.803
2146.962,-1.945,1.534,4.776
2147.073,-1.927,1.529,4.748
2147.184,-1.907,1.528,4.724
2147.295,-1.881,1.524,4.703
2147.407,-1.849,1.518,4.686
2147.518,-1.809,1.513,4.672
2147.629,-1.759,1.507,4.661
2147.740,-1.701,1.509,4.653
2147.851,-1.637,1.525,4.647
2147.962,-1.575,1.526,4.638
2148.073,-1.515,1.523,4.627
2148.184,-1.455,1.520,4.615
2148.295,-1.393,1.510,4.600
2148.407,-1.333,1.505,4.579
2148.518,-1.274,1.512,4.553
2148.629,-1.216,1.521,4.528
2148.740,-1.162,1.516,4.509
2148.851,-1.118,1.515,4.497
2148.962,-1.081,1.514,4.491
2149.073,-1.051,1.511,4.489
2149.184,-1.020,1.507,4.497
2149.295,-0.987,1.503,4.512
2149.406,-0.949,1.505,4.534
2149.518,-0.910,1.512,4.560
2149.629,-0.874,1.515,4.585
2149.740,-0.842,1.519,4.609
2149.851,-0.812,1.522,4.633
2149.962,-0.787,1.521,4.656
2150.073,-0.764,1.523,4.680
2150.184,-0.739,1.525,4.707
2150.295,-0.712,1.525,4.736
2150.406,-0.681,1.523,4.764
2150.518,-0.647,1.527,4.793
2150.628,-0.609,1.538,4.828
2150.740,-0.568,1.545,4.865
2150.851,-0.530,1.551,4.901
2150.962,-0.498,1.556,4.935
2151.073,-0.473,1.560,4.964
2151.184,-0.457,1.561,4.988
2151.295,-0.448,1.565,5.002
2151.406,-0.445,1.566,5.009
2151.517,-0.444,1.568,5.016
2151.628,-0.444,1.568,5.024
2151.740,-0.445,1.569,5.035
2151.851,-0.441,1.565,5.047
2151.962,-0.428,1.554,5.060
2152.073,-0.411,1.533,5.071
2152.184,-0.398,1.515,5.081
2152.295,-0.387,1.508,5.088
2152.407,-0.381,1.503,5.094
2152.518,-0.379,1.501,5.098
2152.629,-0.380,1.502,5.099
2152.740,-0.383,1.504,5.100
2152.852,-0.386,1.505,5.103
2152.962,-0.389,1.506,5.111
2153.074,-0.391,1.509,5.121
2153.185,-0.392,1.509,5.127
2153.296,-0.392,1.508,5.130
2153.407,-0.391,1.508,5.138
2153.518,-0.393,1.508,5.152
2153.629,-0.401,1.508,5.174
2153.740,-0.415,1.507,5.200
2153.851,-0.434,1.506,5.225
2153.962,-0.456,1.504,5.248
2154.073,-0.480,1.503,5.272
2154.184,-0.501,1.504,5.292
2154.295,-0.517,1.504,5.311
2154.406,-0.527,1.504,5.332
2154.517,-0.529,1.502,5.357
2154.628,-0.524,1.498,5.388
2154.740,-0.509,1.496,5.424
2154.851,-0.485,1.500,5.466
2154.962,-0.459,1.509,5.511
2155.073,-0.437,1.502,5.555
2155.184,-0.419,1.496,5.595
2155.295,-0.407,1.500,5.631
2155.406,-0.399,1.496,5.670
2155.517,-0.397,1.490,5.714
2155.628,-0.404,1.486,5.764
2155.740,-0.420,1.479,5.821
2155.850,-0.446,1.480,5.885
2155.962,-0.478,1.496,5.952
2156.073,-0.506,1.503,6.018
2156.184,-0.527,1.502,6.080
2156.295,-0.544,1.502,6.137
2156.406,-0.558,1.497,6.193
2156.518,-0.567,1.489,6.252
2156.629,-0.571,1.481,6.314
2156.740,-0.568,1.476,6.382
2156.851,-0.561,1.483,6.455
2156.962,-0.554,1.491,6.522
2157.073,-0.550,1.491,6.581
2157.184,-0.548,1.493,6.636
2157.295,-0.545,1.489,6.691
2157.406,-0.545,1.485,6.749
2157.518,-0.548,1.479,6.811
2157.629,-0.557,1.473,6.877
2157.740,-0.569,1.479,6.945
2157.851,-0.577,1.479,7.009
2157.962,-0.581,1.478,7.066
2158.073,-0.583,1.477,7.118
2158.184,-0.581,1.470,7.165
2158.295,-0.577,1.463,7.207
2158.407,-0.569,1.459,7.247
2158.518,-0.560,1.453,7.284
2158.629,-0.554,1.447,7.313
2158.740,-0.551,1.441,7.334
2158.851,-0.548,1.436,7.353
2158.962,-0.545,1.430,7.371
2159.073,-0.543,1.423,7.387
2159.184,-0.540,1.418,7.399
2159.295,-0.538,1.416,7.409
2159.406,-0.536,1.414,7.415
2159.518,-0.533,1.414,7.418
2159.629,-0.531,1.415,7.417
2159.740,-0.529,1.419,7.411
2159.851,-0.529,1.424,7.400
2159.962,-0.533,1.428,7.387
2160.073,-0.543,1.431,7.368
2160.184,-0.557,1.434,7.340
2160.296,-0.574,1.440,7.302
2160.406,-0.592,1.445,7.253
2160.518,-0.606,1.453,7.200
2160.629,-0.618,1.460,7.146
2160.740,-0.625,1.463,7.091
2160.851,-0.625,1.464,7.039
2160.962,-0.621,1.466,6.993
2161.073,-0.617,1.474,6.955
2161.184,-0.616,1.489,6.924
2161.296,-0.619,1.502,6.895
2161.407,-0.626,1.507,6.867
2161.518,-0.640,1.506,6.839
2161.629,-0.659,1.503,6.809
2161.740,-0.687,1.499,6.779
2161.851,-0.726,1.496,6.750
2161.962,-0.770,1.502,6.722
2162.073,-0.813,1.510,6.690
2162.184,-0.852,1.506,6.653
2162.295,-0.887,1.504,6.613
2162.406,-0.919,1.501,6.574
2162.517,-0.952,1.493,6.532
2162.628,-0.985,1.487,6.485
2162.741,-1.017,1.479,6.431
2162.851,-1.047,1.482,6.368
2162.962,-1.074,1.495,6.303
2163.073,-1.100,1.497,6.243
2163.184,-1.127,1.500,6.191
2163.295,-1.157,1.501,6.144
2163.406,-1.192,1.496,6.099
2163.518,-1.234,1.487,6.058
2163.629,-1.282,1.479,6.021
2163.740,-1.339,1.482,5.988
2163.851,-1.397,1.495,5.959
2163.962,-1.451,1.494,5.932
2164.074,-1.498,1.501,5.910
2164.185,-1.540,1.499,5.890
2164.295,-1.581,1.495,5.867
2164.407,-1.621,1.494,5.842
2164.518,-1.663,1.490,5.810
2164.629,-1.706,1.488,5.771
2164.740,-1.748,1.496,5.727
2164.851,-1.786,1.497,5.691
2164.962,-1.821,1.496,5.666
2165.073,-1.851,1.501,5.647
2165.184,-1.879,1.503,5.634
2165.296,-1.900,1.510,5.629
2165.407,-1.920,1.514,5.627
2165.518,-1.942,1.508,5.628
2165.629,-1.962,1.503,5.630
2165.740,-1.981,1.500,5.631
2165.851,-1.998,1.500,5.633
2165.962,-2.013,1.499,5.634
2166.073,-2.028,1.497,5.633
2166.184,-2.044,1.495,5.631
2166.295,-2.058,1.493,5.629
2166.407,-2.073,1.490,5.628
2166.517,-2.085,1.484,5.626
2166.628,-2.094,1.482,5.621
2166.740,-2.099,1.484,5.612
2166.851,-2.099,1.484,5.602
2166.962,-2.096,1.487,5.593
2167.073,-2.092,1.492,5.583
2167.184,-2.089,1.493,5.574
2167.295,-2.085,1.494,5.564
2167.407,-2.082,1.494,5.552
2167.518,-2.080,1.494,5.540
2167.629,-2.079,1.493,5.527
2167.740,-2.077,1.493,5.510
2167.850,-2.076,1.491,5.492
2167.962,-2.075,1.488,5.475
2168.073,-2.074,1.485,5.460
2168.184,-2.075,1.481,5.451
2168.295,-2.077,1.480,5.446
2168.407,-2.083,1.481,5.444
2168.517,-2.094,1.480,5.447
2168.628,-2.107,1.480,5.453
2168.740,-2.119,1.481,5.465
2168.851,-2.123,1.484,5.484
2168.962,-2.124,1.488,5.499
2169.073,-2.124,1.489,5.507
2169.184,-2.125,1.491,5.508
2169.295,-2.125,1.489,5.504
2169.407,-2.119,1.490,5.493
2169.518,-2.106,1.493,5.474
2169.629,-2.094,1.492,5.445
2169.740,-2.086,1.491,5.412
2169.851,-2.081,1.491,5.383
2169.962,-2.073,1.486,5.361
2170.073,-2.057,1.486,5.345
2170.185,-2.034,1.495,5.333
2170.295,-2.004,1.503,5.325
2170.406,-1.965,1.512,5.319
2170.518,-1.914,1.519,5.314
2170.629,-1.853,1.523,5.308
2170.740,-1.791,1.521,5.303
2170.852,-1.736,1.522,5.299
2170.962,-1.690,1.527,5.292
2171.074,-1.653,1.526,5.279
2171.184,-1.626,1.527,5.263
2171.296,-1.609,1.527,5.253
2171.406,-1.596,1.521,5.255
2171.517,-1.578,1.522,5.268
2171.629,-1.548,1.522,5.286
2171.740,-1.507,1.518,5.303
2171.851,-1.459,1.513,5.323
2171.962,-1.403,1.506,5.351
2172.073,-1.346,1.503,5.384
2172.184,-1.294,1.501,5.413
2172.296,-1.242,1.496,5.432
2172.407,-1.186,1.484,5.441
2172.518,-1.125,1.474,5.440
2172.629,-1.058,1.475,5.426
2172.740,-0.990,1.490,5.405
2172.851,-0.931,1.491,5.387
2172.963,-0.880,1.497,5.370
2173.074,-0.830,1.500,5.354
2173.185,-0.776,1.494,5.338
2173.296,-0.718,1.486,5.325
2173.407,-0.656,1.482,5.315
2173.518,-0.593,1.494,5.310
2173.629,-0.533,1.498,5.302
2173.740,-0.480,1.494,5.289
2173.852,-0.431,1.498,5.274
2173.962,-0.380,1.494,5.252
2174.073,-0.326,1.485,5.224
2174.185,-0.269,1.478,5.188
2174.296,-0.213,1.481,5.147
2174.407,-0.158,1.496,5.108
2174.518,-0.103,1.493,5.075
2174.629,-0.052,1.491,5.049
2174.741,-0.002,1.487,5.029
2174.851,0.047,1.484,5.012
2174.963,0.098,1.476,4.998
2175.074,0.154,1.480,4.990
2175.185,0.212,1.483,4.985
2175.296,0.262,1.479,4.978
2175.407,0.304,1.484,4.970
2175.518,0.337,1.478,4.962
2175.629,0.361,1.477,4.949
2175.740,0.383,1.479,4.933
2175.851,0.407,1.481,4.914
2175.963,0.428,1.477,4.895
2176.073,0.444,1.475,4.879
2176.184,0.456,1.475,4.867
2176.295,0.467,1.473,4.857
2176.407,0.474,1.472,4.849
2176.518,0.477,1.471,4.843
2176.629,0.478,1.471,4.841
2176.740,0.477,1.470,4.839
2176.851,0.477,1.468,4.837
2176.962,0.476,1.465,4.837
2177.074,0.478,1.461,4.838
2177.184,0.482,1.456,4.841
2177.295,0.487,1.450,4.844
2177.406,0.491,1.444,4.847
2177.517,0.492,1.439,4.851
2177.628,0.492,1.435,4.856
2177.740,0.494,1.428,4.864
2177.851,0.499,1.418,4.876
2177.962,0.501,1.411,4.885
2178.073,0.499,1.406,4.893
2178.184,0.495,1.400,4.901
2178.295,0.494,1.395,4.909
2178.406,0.492,1.393,4.916
2178.517,0.487,1.395,4.924
2178.629,0.476,1.403,4.933
2178.740,0.456,1.417,4.945
2178.850,0.427,1.433,4.957
2178.961,0.393,1.448,4.965
2179.073,0.360,1.462,4.970
2179.183,0.333,1.473,4.973
2179.295,0.311,1.480,4.976
2179.406,0.291,1.484,4.979
2179.517,0.273,1.486,4.986
2179.628,0.253,1.485,4.997
2179.740,0.233,1.484,5.010
2179.850,0.211,1.483,5.023
2179.961,0.186,1.481,5.036
2180.073,0.158,1.480,5.051
2180.184,0.125,1.481,5.069
2180.295,0.087,1.479,5.090
2180.406,0.045,1.474,5.115
2180.517,0.003,1.466,5.144
2180.628,-0.036,1.459,5.183
2180.740,-0.075,1.455,5.231
2180.851,-0.114,1.462,5.283
2180.962,-0.158,1.463,5.327
2181.073,-0.207,1.477,5.365
2181.184,-0.256,1.481,5.404
2181.295,-0.306,1.475,5.446
2181.407,-0.358,1.466,5.489
2181.517,-0.418,1.463,5.532
2181.628,-0.483,1.467,5.578
2181.740,-0.538,1.470,5.621
2181.851,-0.578,1.476,5.656
2181.962,-0.612,1.482,5.685
2182.074,-0.646,1.482,5.718
2182.184,-0.680,1.474,5.757
2182.295,-0.713,1.466,5.802
2182.407,-0.748,1.464,5.854
2182.518,-0.777,1.476,5.914
2182.629,-0.794,1.490,5.974
2182.740,-0.804,1.492,6.024
2182.851,-0.808,1.505,6.067
2182.962,-0.809,1.509,6.105
2183.073,-0.812,1.509,6.141
2183.184,-0.820,1.507,6.174
2183.295,-0.836,1.508,6.209
2183.406,-0.859,1.516,6.250
2183.518,-0.879,1.522,6.287
2183.629,-0.899,1.536,6.312
2183.740,-0.921,1.552,6.329
2183.851,-0.948,1.568,6.337
2183.962,-0.966,1.567,6.343
2184.074,-0.973,1.561,6.348
2184.185,-0.973,1.557,6.349
2184.296,-0.963,1.551,6.336
2184.407,-0.949,1.543,6.310
2184.518,-0.940,1.537,6.279
2184.629,-0.935,1.533,6.252
2184.740,-0.932,1.531,6.230
2184.851,-0.925,1.530,6.215
2184.962,-0.913,1.529,6.204
2185.073,-0.898,1.527,6.196
2185.184,-0.879,1.525,6.196
2185.295,-0.866,1.524,6.205
2185.407,-0.863,1.522,6.211
2185.518,-0.867,1.519,6.217
2185.629,-0.875,1.515,6.222
2185.740,-0.887,1.510,6.226
2185.851,-0.901,1.497,6.226
2185.962,-0.921,1.495,6.215
2186.073,-0.944,1.497,6.197
2186.185,-0.968,1.499,6.175
2186.295,-0.998,1.501,6.152
2186.407,-1.029,1.503,6.124
2186.517,-1.057,1.505,6.090
2186.628,-1.080,1.506,6.052
2186.740,-1.095,1.511,6.015
2186.851,-1.102,1.515,5.988
2186.962,-1.105,1.516,5.972
2187.073,-1.103,1.517,5.963
2187.184,-1.098,1.520,5.956
2187.295,-1.088,1.520,5.951
2187.406,-1.074,1.521,5.947
2187.518,-1.060,1.520,5.947
2187.628,-1.051,1.519,5.951
2187.740,-1.046,1.519,5.957
2187.851,-1.046,1.520,5.967
2187.962,-1.052,1.521,5.980
2188.073,-1.060,1.523,5.995
2188.184,-1.065,1.526,6.009
2188.295,-1.071,1.528,6.022
2188.406,-1.076,1.528,6.033
2188.518,-1.081,1.526,6.040
2188.629,-1.085,1.524,6.047
2188.740,-1.090,1.520,6.054
2188.851,-1.095,1.514,6.060
2188.962,-1.099,1.506,6.071
2189.073,-1.093,1.492,6.085
2189.184,-1.078,1.484,6.101
2189.295,-1.059,1.482,6.116
2189.407,-1.040,1.484,6.131
2189.518,-1.019,1.488,6.147
2189.629,-0.997,1.490,6.166
2189.740,-0.972,1.495,6.188
2189.851,-0.947,1.498,6.214
2189.962,-0.924,1.500,6.240
2190.073,-0.902,1.494,6.270
2190.184,-0.883,1.493,6.303
2190.295,-0.867,1.493,6.341
2190.407,-0.852,1.488,6.385
2190.518,-0.839,1.484,6.435
2190.629,-0.831,1.485,6.490
2190.740,-0.822,1.490,6.545
2190.851,-0.809,1.490,6.594
2190.962,-0.790,1.492,6.638
2191.073,-0.765,1.490,6.684
2191.184,-0.734,1.486,6.728
2191.295,-0.699,1.479,6.769
2191.406,-0.659,1.484,6.810
2191.517,-0.621,1.492,6.848
2191.628,-0.592,1.493,6.883
2191.739,-0.570,1.494,6.915
2191.850,-0.556,1.496,6.944
2191.962,-0.548,1.496,6.969
2192.073,-0.545,1.501,6.991
2192.184,-0.543,1.501,7.013
2192.295,-0.544,1.498,7.030
2192.406,-0.545,1.497,7.044
2192.517,-0.546,1.495,7.054
2192.629,-0.547,1.493,7.060
2192.739,-0.546,1.491,7.061
2192.850,-0.540,1.489,7.057
2192.961,-0.531,1.488,7.048
2193.073,-0.522,1.484,7.037
2193.184,-0.516,1.481,7.027
2193.295,-0.512,1.479,7.019
2193.406,-0.508,1.479,7.014
2193.518,-0.504,1.479,7.008
2193.629,-0.495,1.484,6.996
2193.740,-0.479,1.486,6.972
2193.851,-0.460,1.489,6.939
2193.962,-0.441,1.499,6.900
2194.073,-0.426,1.505,6.861
2194.184,-0.416,1.510,6.825
2194.295,-0.408,1.507,6.794
2194.406,-0.400,1.502,6.768
2194.517,-0.395,1.502,6.747
2194.628,-0.390,1.504,6.727
2194.740,-0.386,1.505,6.704
2194.851,-0.381,1.505,6.679
2194.962,-0.373,1.502,6.654
2195.073,-0.359,1.497,6.627
2195.184,-0.341,1.496,6.595
2195.295,-0.321,1.501,6.559
2195.407,-0.302,1.507,6.513
2195.518,-0.291,1.505,6.457
2195.628,-0.294,1.499,6.400
2195.740,-0.305,1.503,6.352
2195.851,-0.319,1.501,6.306
2195.962,-0.335,1.495,6.260
2196.073,-0.358,1.491,6.210
2196.184,-0.391,1.489,6.153
2196.295,-0.432,1.496,6.094
2196.406,-0.474,1.505,6.043
2196.518,-0.512,1.503,6.001
2196.629,-0.541,1.504,5.962
2196.740,-0.566,1.501,5.923
2196.851,-0.587,1.499,5.882
2196.962,-0.603,1.496,5.832
2197.073,-0.616,1.492,5.774
2197.184,-0.628,1.500,5.710
2197.295,-0.642,1.509,5.653
2197.407,-0.657,1.516,5.607
2197.518,-0.671,1.521,5.567
2197.629,-0.688,1.525,5.534
2197.740,-0.707,1.529,5.503
2197.851,-0.731,1.531,5.474
2197.962,-0.761,1.532,5.448
2198.074,-0.797,1.533,5.425
2198.185,-0.838,1.543,5.404
2198.295,-0.878,1.548,5.383
2198.407,-0.917,1.549,5.361
2198.518,-0.954,1.553,5.346
2198.628,-0.989,1.547,5.338
2198.740,-1.021,1.543,5.332
2198.851,-1.051,1.542,5.321
2198.962,-1.082,1.537,5.305
2199.073,-1.115,1.536,5.281
2199.184,-1.153,1.535,5.254
2199.295,-1.185,1.532,5.232
2199.406,-1.206,1.530,5.215
2199.518,-1.216,1.531,5.204
2199.629,-1.221,1.535,5.197
2199.740,-1.223,1.537,5.194
2199.851,-1.225,1.538,5.196
2199.962,-1.224,1.540,5.201
2200.073,-1.220,1.541,5.205
2200.184,-1.215,1.542,5.209
2200.295,-1.211,1.543,5.210
2200.407,-1.210,1.544,5.212
2200.518,-1.212,1.543,5.213
2200.628,-1.215,1.543,5.214
2200.740,-1.218,1.543,5.215
2200.851,-1.221,1.542,5.216
2200.962,-1.224,1.542,5.218
2201.073,-1.227,1.541,5.220
2201.184,-1.230,1.541,5.222
2201.295,-1.233,1.543,5.222
2201.407,-1.238,1.552,5.219
2201.518,-1.244,1.562,5.211
2201.629,-1.249,1.568,5.200
2201.740,-1.252,1.573,5.186
2201.851,-1.253,1.575,5.173
2201.962,-1.253,1.575,5.163
2202.073,-1.250,1.575,5.156
2202.184,-1.247,1.574,5.151
2202.295,-1.244,1.575,5.149
2202.407,-1.241,1.574,5.150
2202.518,-1.238,1.573,5.151
2202.629,-1.235,1.574,5.154
2202.740,-1.233,1.574,5.158
2202.851,-1.232,1.575,5.163
2202.962,-1.230,1.576,5.168
2203.073,-1.225,1.577,5.174
2203.185,-1.216,1.578,5.181
2203.295,-1.203,1.580,5.189
2203.407,-1.188,1.579,5.201
2203.518,-1.168,1.578,5.216
2203.629,-1.143,1.578,5.235
2203.740,-1.115,1.578,5.257
2203.851,-1.088,1.574,5.282
2203.962,-1.067,1.564,5.311
2204.074,-1.052,1.548,5.342
2204.184,-1.041,1.531,5.373
2204.296,-1.040,1.521,5.400
2204.407,-1.051,1.512,5.428
2204.518,-1.076,1.505,5.457
2204.629,-1.111,1.497,5.488
2204.740,-1.157,1.490,5.523
2204.851,-1.213,1.489,5.562
2204.962,-1.271,1.495,5.598
2205.073,-1.319,1.495,5.629
2205.184,-1.356,1.500,5.658
2205.296,-1.392,1.506,5.687
2205.407,-1.430,1.504,5.722
2205.518,-1.469,1.501,5.762
2205.629,-1.508,1.502,5.805
2205.740,-1.546,1.510,5.849
2205.851,-1.581,1.507,5.885
2205.962,-1.609,1.510,5.912
2206.074,-1.635,1.510,5.931
2206.185,-1.660,1.513,5.946
2206.296,-1.686,1.516,5.958
2206.407,-1.713,1.514,5.965
2206.518,-1.743,1.509,5.964
2206.629,-1.777,1.505,5.959
2206.740,-1.818,1.507,5.966
2206.851,-1.859,1.506,5.981
2206.962,-1.892,1.505,6.000
2207.073,-1.919,1.501,6.017
2207.185,-1.938,1.494,6.026
2207.295,-1.954,1.491,6.021
2207.406,-1.972,1.491,6.001
2207.518,-1.991,1.489,5.973
2207.629,-2.008,1.484,5.934
2207.740,-2.018,1.481,5.893
2207.851,-2.025,1.478,5.859
2207.962,-2.038,1.476,5.832
2208.074,-2.059,1.473,5.811
2208.185,-2.086,1.471,5.796
2208.295,-2.120,1.479,5.781
2208.407,-2.151,1.483,5.763
2208.518,-2.174,1.484,5.746
2208.629,-2.194,1.484,5.731
2208.740,-2.210,1.483,5.716
2208.851,-2.219,1.481,5.699
2208.962,-2.221,1.479,5.680
2209.073,-2.212,1.479,5.655
2209.184,-2.190,1.483,5.620
2209.295,-2.156,1.488,5.578
2209.406,-2.115,1.493,5.533
2209.518,-2.070,1.504,5.487
2209.628,-2.025,1.512,5.446
2209.740,-1.980,1.513,5.411
2209.851,-1.940,1.516,5.386
2209.962,-1.905,1.520,5.371
2210.073,-1.879,1.519,5.356
2210.184,-1.865,1.516,5.340
2210.296,-1.859,1.511,5.320
2210.406,-1.859,1.515,5.297
2210.518,-1.858,1.514,5.274
2210.629,-1.860,1.510,5.254
2210.740,-1.863,1.507,5.240
2210.851,-1.868,1.506,5.231
2210.962,-1.870,1.505,5.225
2211.073,-1.868,1.506,5.220
2211.184,-1.862,1.506,5.212
2211.295,-1.853,1.505,5.198
2211.407,-1.841,1.504,5.179
2211.518,-1.827,1.504,5.157
2211.629,-1.812,1.503,5.130
2211.740,-1.792,1.501,5.094
2211.851,-1.775,1.500,5.051
2211.962,-1.762,1.496,5.008
2212.073,-1.750,1.493,4.969
2212.184,-1.735,1.488,4.933
2212.296,-1.713,1.484,4.899
2212.406,-1.683,1.482,4.867
2212.518,-1.643,1.489,4.837
2212.629,-1.597,1.484,4.808
2212.740,-1.549,1.467,4.781
2212.851,-1.506,1.459,4.756
2212.962,-1.471,1.458,4.733
2213.073,-1.438,1.456,4.708
2213.184,-1.409,1.455,4.682
2213.295,-1.380,1.454,4.651
2213.407,-1.355,1.450,4.614
2213.517,-1.326,1.453,4.572
2213.629,-1.300,1.458,4.531
2213.740,-1.284,1.455,4.501
2213.851,-1.268,1.459,4.479
2213.962,-1.256,1.459,4.466
2214.073,-1.246,1.460,4.459
2214.184,-1.238,1.467,4.455
2214.295,-1.231,1.475,4.448
2214.406,-1.229,1.487,4.437
2214.518,-1.233,1.502,4.414
2214.629,-1.245,1.516,4.379
2214.740,-1.264,1.521,4.342
2214.851,-1.285,1.524,4.307
2214.962,-1.302,1.527,4.276
2215.073,-1.312,1.524,4.242
2215.184,-1.314,1.519,4.204
2215.295,-1.310,1.511,4.160
2215.407,-1.302,1.506,4.109
2215.518,-1.290,1.511,4.055
2215.629,-1.281,1.514,4.003
2215.740,-1.280,1.515,3.960
2215.851,-1.285,1.515,3.922
2215.962,-1.291,1.519,3.891
2216.074,-1.295,1.526,3.866
2216.185,-1.300,1.535,3.842
2216.295,-1.306,1.539,3.819
2216.406,-1.314,1.543,3.796
2216.518,-1.324,1.554,3.773
2216.628,-1.333,1.558,3.752
2216.740,-1.342,1.560,3.735
2216.851,-1.347,1.558,3.722
2216.962,-1.351,1.555,3.712
2217.073,-1.350,1.556,3.706
2217.184,-1.345,1.555,3.702
2217.295,-1.340,1.556,3.702
2217.406,-1.333,1.556,3.704
2217.518,-1.328,1.556,3.707
2217.628,-1.323,1.555,3.711
2217.740,-1.319,1.556,3.717
2217.851,-1.317,1.556,3.723
2217.962,-1.315,1.555,3.729
2218.073,-1.314,1.555,3.736
2218.184,-1.313,1.555,3.744
2218.295,-1.309,1.554,3.751
2218.407,-1.301,1.552,3.761
2218.518,-1.290,1.550,3.774
2218.628,-1.277,1.548,3.793
2218.740,-1.264,1.547,3.811
2218.851,-1.249,1.547,3.829
2218.962,-1.234,1.546,3.849
2219.073,-1.219,1.546,3.872
2219.185,-1.205,1.545,3.898
2219.296,-1.192,1.541,3.926
2219.407,-1.182,1.537,3.952
2219.518,-1.173,1.538,3.973
2219.629,-1.163,1.539,3.988
2219.740,-1.150,1.537,4.000
2219.852,-1.133,1.534,4.009
2219.963,-1.114,1.530,4.014
2220.074,-1.090,1.537,4.015
2220.184,-1.061,1.536,4.015
2220.296,-1.032,1.531,4.018
2220.407,-1.008,1.525,4.022
2220.518,-0.990,1.524,4.027
2220.629,-0.976,1.523,4.034
2220.740,-0.965,1.520,4.044
2220.851,-0.959,1.517,4.058
2220.962,-0.957,1.515,4.074
2221.073,-0.961,1.515,4.095
2221.184,-0.971,1.520,4.124
2221.295,-0.987,1.522,4.159
2221.407,-1.005,1.522,4.200
2221.518,-1.025,1.518,4.244
2221.629,-1.044,1.511,4.283
2221.740,-1.059,1.510,4.312
2221.851,-1.068,1.514,4.339
2221.962,-1.074,1.512,4.371
2222.073,-1.078,1.509,4.404
2222.184,-1.076,1.505,4.441
2222.295,-1.067,1.504,4.482
2222.407,-1.048,1.507,4.527
2222.517,-1.025,1.515,4.574
2222.629,-1.005,1.520,4.619
2222.740,-0.992,1.516,4.660
2222.851,-0.987,1.518,4.698
2222.962,-0.983,1.516,4.735
2223.073,-0.981,1.511,4.774
2223.184,-0.984,1.508,4.816
2223.295,-0.994,1.505,4.861
2223.407,-1.012,1.507,4.911
2223.518,-1.033,1.511,4.960
2223.629,-1.044,1.513,4.999
2223.740,-1.047,1.513,5.030
2223.851,-1.046,1.516,5.055
2223.962,-1.043,1.515,5.082
2224.073,-1.035,1.511,5.113
2224.184,-1.023,1.502,5.149
2224.295,-1.006,1.496,5.189
2224.406,-0.979,1.499,5.231
2224.518,-0.945,1.506,5.273
2224.629,-0.910,1.512,5.309
2224.740,-0.876,1.516,5.341
2224.851,-0.844,1.515,5.371
2224.962,-0.812,1.514,5.396
2225.073,-0.779,1.510,5.420
2225.185,-0.748,1.505,5.447
2225.296,-0.720,1.499,5.480
2225.407,-0.696,1.495,5.518
2225.518,-0.676,1.504,5.561
2225.629,-0.658,1.508,5.605
2225.740,-0.641,1.505,5.641
2225.851,-0.627,1.505,5.668
2225.962,-0.616,1.502,5.685
2226.073,-0.609,1.498,5.695
2226.184,-0.603,1.497,5.701
2226.296,-0.598,1.498,5.706
2226.407,-0.594,1.496,5.708
2226.518,-0.591,1.493,5.709
2226.629,-0.590,1.493,5.711
2226.740,-0.592,1.493,5.713
2226.851,-0.595,1.491,5.715
2226.962,-0.597,1.489,5.715
2227.073,-0.598,1.488,5.715
2227.184,-0.598,1.487,5.713
2227.295,-0.598,1.485,5.712
2227.407,-0.599,1.483,5.712
2227.518,-0.601,1.481,5.714
2227.629,-0.604,1.481,5.716
2227.740,-0.607,1.482,5.718
2227.851,-0.611,1.483,5.720
2227.963,-0.614,1.482,5.722
2228.074,-0.616,1.481,5.725
2228.185,-0.619,1.483,5.729
2228.295,-0.624,1.485,5.734
2228.407,-0.631,1.487,5.744
2228.518,-0.637,1.490,5.758
2228.628,-0.637,1.489,5.771
2228.740,-0.628,1.487,5.785
2228.851,-0.613,1.483,5.801
2228.962,-0.589,1.479,5.819
2229.073,-0.554,1.480,5.838
2229.184,-0.513,1.482,5.856
2229.295,-0.476,1.492,5.872
2229.406,-0.449,1.504,5.891
2229.517,-0.432,1.505,5.914
2229.628,-0.426,1.500,5.941
2229.740,-0.429,1.496,5.969
2229.851,-0.439,1.492,6.000
2229.962,-0.455,1.488,6.031
2230.073,-0.477,1.486,6.063
2230.184,-0.508,1.487,6.100
2230.295,-0.548,1.492,6.140
2230.407,-0.589,1.498,6.180
2230.518,-0.626,1.494,6.218
2230.629,-0.657,1.490,6.250
2230.740,-0.685,1.490,6.278
2230.851,-0.713,1.490,6.310
2230.962,-0.738,1.485,6.343
2231.073,-0.759,1.481,6.375
2231.184,-0.781,1.491,6.408
2231.295,-0.808,1.491,6.439
2231.406,-0.837,1.486,6.462
2231.518,-0.866,1.485,6.478
2231.631,-0.895,1.481,6.486
2231.740,-0.928,1.475,6.489
2231.851,-0.962,1.470,6.488
2231.962,-1.002,1.464,6.482
2232.073,-1.047,1.461,6.471
2232.184,-1.097,1.465,6.453
2232.295,-1.146,1.472,6.433
2232.406,-1.189,1.472,6.414
2232.518,-1.224,1.473,6.397
2232.629,-1.258,1.474,6.380
2232.740,-1.291,1.473,6.365
2232.851,-1.328,1.473,6.352
2232.962,-1.369,1.468,6.343
2233.073,-1.415,1.469,6.336
2233.184,-1.466,1.475,6.333
2233.295,-1.514,1.477,6.329
2233.406,-1.556,1.477,6.323
2233.517,-1.589,1.473,6.315
2233.628,-1.616,1.477,6.303
2233.740,-1.641,1.475,6.288
2233.851,-1.665,1.471,6.267
2233.962,-1.687,1.467,6.243
2234.073,-1.706,1.466,6.213
2234.184,-1.720,1.479,6.171
2234.295,-1.720,1.501,6.119
2234.406,-1.713,1.519,6.075
2234.518,-1.706,1.528,6.038
2234.628,-1.703,1.529,6.002
2234.740,-1.708,1.527,5.964
2234.851,-1.721,1.525,5.927
2234.962,-1.738,1.528,5.895
2235.073,-1.739,1.532,5.869
2235.184,-1.726,1.535,5.858
2235.295,-1.716,1.537,5.864
2235.407,-1.717,1.545,5.876
2235.518,-1.730,1.547,5.885
2235.628,-1.751,1.546,5.889
2235.740,-1.773,1.543,5.883
2235.851,-1.790,1.541,5.864
2235.962,-1.798,1.541,5.833
2236.073,-1.794,1.540,5.790
2236.185,-1.781,1.536,5.734
2236.296,-1.762,1.534,5.671
2236.407,-1.742,1.531,5.597
2236.518,-1.724,1.522,5.509
2236.629,-1.712,1.512,5.412
2236.740,-1.704,1.499,5.311
2236.851,-1.699,1.499,5.208
2236.962,-1.695,1.512,5.104
2237.073,-1.697,1.520,5.012
2237.185,-1.697,1.519,4.931
2237.295,-1.697,1.512,4.850
2237.407,-1.696,1.501,4.762
2237.518,-1.697,1.495,4.667
2237.629,-1.694,1.506,4.574
2237.740,-1.684,1.516,4.492
2237.851,-1.674,1.516,4.418
2237.962,-1.664,1.510,4.348
2238.074,-1.650,1.503,4.277
2238.185,-1.630,1.495,4.201
2238.296,-1.607,1.497,4.122
2238.407,-1.585,1.501,4.041
2238.518,-1.575,1.498,3.965
2238.629,-1.573,1.495,3.893
2238.740,-1.573,1.489,3.826
2238.851,-1.573,1.483,3.759
2238.962,-1.574,1.474,3.688
2239.073,-1.575,1.482,3.615
2239.182,-1.573,1.495,3.541
2239.293,-1.566,1.495,3.472
2239.405,-1.560,1.501,3.410
2239.516,-1.555,1.497,3.350
2239.627,-1.548,1.490,3.291
2239.738,-1.535,1.484,3.235
2239.849,-1.516,1.492,3.181
2239.960,-1.497,1.501,3.125
2240.072,-1.482,1.503,3.073
2240.183,-1.468,1.505,3.026
2240.294,-1.457,1.499,2.984
2240.405,-1.450,1.498,2.948
2240.516,-1.449,1.498,2.915
2240.627,-1.456,1.500,2.882
2240.738,-1.469,1.505,2.848
2240.850,-1.486,1.505,2.814
2240.961,-1.498,1.506,2.784
2241.072,-1.503,1.508,2.759
2241.183,-1.501,1.509,2.738
2241.294,-1.497,1.510,2.720
2241.406,-1.491,1.509,2.706
2241.517,-1.482,1.512,2.694
2241.628,-1.471,1.512,2.685
2241.739,-1.459,1.510,2.678
2241.850,-1.447,1.508,2.673
2241.961,-1.440,1.507,2.670
2242.072,-1.438,1.507,2.669
2242.183,-1.438,1.507,2.669
2242.295,-1.439,1.508,2.671
2242.406,-1.437,1.508,2.674
2242.517,-1.430,1.508,2.680
2242.628,-1.417,1.510,2.690
2242.740,-1.397,1.515,2.704
2242.850,-1.375,1.519,2.721
2242.962,-1.354,1.520,2.738
2243.073,-1.335,1.512,2.757
2243.184,-1.325,1.509,2.775
2243.295,-1.326,1.515,2.800
2243.406,-1.337,1.520,2.833
2243.517,-1.357,1.524,2.870
2243.628,-1.385,1.527,2.908
2243.740,-1.416,1.530,2.946
2243.851,-1.445,1.528,2.981
2243.962,-1.466,1.525,3.013
2244.073,-1.481,1.524,3.042
2244.184,-1.490,1.526,3.067
2244.295,-1.491,1.531,3.088
2244.406,-1.486,1.536,3.106
2244.518,-1.473,1.538,3.120
2244.628,-1.455,1.536,3.135
2244.740,-1.434,1.542,3.147
2244.851,-1.412,1.539,3.159
2244.962,-1.392,1.540,3.173
2245.073,-1.372,1.539,3.186
2245.184,-1.356,1.534,3.196
2245.295,-1.346,1.530,3.206
2245.407,-1.344,1.533,3.218
2245.517,-1.347,1.535,3.230
2245.628,-1.355,1.537,3.240
2245.740,-1.366,1.539,3.244
2245.851,-1.379,1.534,3.246
2245.962,-1.390,1.535,3.249
2246.073,-1.400,1.540,3.253
2246.185,-1.408,1.540,3.253
2246.296,-1.415,1.538,3.251
2246.407,-1.421,1.538,3.250
2246.518,-1.425,1.538,3.249
2246.629,-1.428,1.534,3.245
2246.740,-1.427,1.533,3.241
2246.851,-1.425,1.535,3.236
2246.962,-1.421,1.534,3.232
2247.073,-1.418,1.534,3.229
2247.185,-1.416,1.535,3.228
2247.296,-1.414,1.536,3.228
2247.407,-1.412,1.537,3.228
2247.518,-1.409,1.535,3.227
2247.629,-1.407,1.535,3.227
2247.740,-1.405,1.535,3.228
2247.851,-1.403,1.535,3.229
2247.962,-1.403,1.535,3.229
2248.073,-1.403,1.535,3.228
2248.185,-1.403,1.535,3.227
2248.295,-1.404,1.536,3.226
2248.406,-1.404,1.536,3.224
2248.518,-1.404,1.535,3.224
2248.629,-1.403,1.536,3.224
2248.740,-1.401,1.536,3.224
2248.851,-1.400,1.536,3.225
2248.962,-1.399,1.535,3.225
2249.073,-1.399,1.535,3.225
2249.185,-1.399,1.535,3.225
2249.296,-1.400,1.535,3.224
2249.407,-1.400,1.535,3.222
2249.518,-1.401,1.535,3.219
2249.629,-1.401,1.535,3.217
2249.740,-1.402,1.535,3.214
2249.851,-1.403,1.535,3.211
2249.962,-1.403,1.534,3.209
2250.073,-1.403,1.534,3.207
2250.184,-1.403,1.534,3.206
2250.295,-1.402,1.533,3.206
2250.407,-1.401,1.533,3.206
2250.518,-1.400,1.532,3.205
2250.629,-1.398,1.532,3.205
2250.740,-1.397,1.532,3.205
2250.851,-1.396,1.531,3.205
2250.962,-1.395,1.532,3.206
2251.073,-1.395,1.532,3.206
2251.184,-1.394,1.532,3.207
2251.295,-1.393,1.532,3.208
2251.407,-1.391,1.532,3.209
2251.518,-1.389,1.532,3.209
2251.629,-1.387,1.532,3.211
2251.740,-1.385,1.532,3.212
2251.851,-1.384,1.532,3.213
2251.962,-1.385,1.532,3.213
2252.073,-1.386,1.532,3.213
2252.184,-1.388,1.531,3.213
2252.295,-1.389,1.532,3.213
2252.407,-1.391,1.532,3.213
2252.518,-1.393,1.532,3.212
2252.629,-1.394,1.531,3.211
2252.740,-1.394,1.532,3.211
2252.851,-1.393,1.532,3.211
2252.962,-1.391,1.532,3.212
2253.073,-1.389,1.533,3.213
2253.184,-1.388,1.534,3.214
2253.295,-1.388,1.534,3.216
2253.408,-1.388,1.534,3.218
2253.518,-1.389,1.535,3.219
2253.629,-1.391,1.535,3.221
2253.740,-1.391,1.535,3.222
2253.851,-1.391,1.535,3.223
2253.962,-1.390,1.535,3.224
2254.073,-1.390,1.535,3.224
2254.184,-1.390,1.535,3.223
2254.296,-1.389,1.534,3.222
2254.407,-1.389,1.535,3.221
2254.518,-1.389,1.535,3.220
2254.629,-1.391,1.535,3.218
2254.740,-1.392,1.534,3.217
2254.851,-1.392,1.535,3.215
2254.962,-1.392,1.535,3.214
2255.073,-1.393,1.535,3.214
2255.184,-1.393,1.535,3.213
2255.296,-1.393,1.535,3.213
2255.407,-1.393,1.535,3.212
2255.518,-1.392,1.535,3.212
2255.629,-1.393,1.535,3.211
2255.740,-1.393,1.536,3.211
2255.852,-1.393,1.535,3.211
2255.962,-1.394,1.535,3.212
2256.073,-1.395,1.535,3.213
2256.185,-1.397,1.535,3.214
2256.295,-1.398,1.535,3.216
2256.406,-1.399,1.535,3.217
2256.518,-1.400,1.534,3.218
2256.629,-1.401,1.534,3.219
2256.740,-1.402,1.534,3.220
2256.851,-1.403,1.534,3.220
2256.962,-1.403,1.534,3.220
2257.073,-1.404,1.534,3.220
2257.184,-1.405,1.534,3.220
2257.295,-1.405,1.534,3.220
2257.407,-1.406,1.534,3.219
2257.518,-1.406,1.534,3.219
2257.629,-1.407,1.534,3.219
2257.740,-1.407,1.534,3.218
2257.851,-1.408,1.535,3.218
2257.963,-1.408,1.535,3.217
2258.073,-1.409,1.535,3.216
2258.184,-1.409,1.534,3.216
2258.295,-1.409,1.534,3.216
2258.407,-1.408,1.534,3.215
2258.518,-1.408,1.534,3.215
2258.629,-1.408,1.534,3.216
2258.740,-1.408,1.534,3.217
2258.851,-1.407,1.535,3.218
2258.962,-1.407,1.535,3.219
2259.073,-1.406,1.535,3.219
2259.185,-1.405,1.535,3.219
2259.296,-1.404,1.535,3.219
2259.407,-1.403,1.535,3.219
2259.519,-1.402,1.535,3.218
2259.629,-1.401,1.535,3.218
2259.740,-1.401,1.535,3.218
2259.851,-1.401,1.535,3.218
2259.962,-1.400,1.536,3.218
2260.073,-1.400,1.536,3.218
2260.185,-1.399,1.536,3.218
2260.295,-1.398,1.536,3.218
2260.407,-1.397,1.536,3.219
2260.518,-1.396,1.536,3.219
2260.629,-1.396,1.536,3.220
2260.740,-1.395,1.536,3.221
2260.851,-1.395,1.536,3.222
2260.962,-1.396,1.536,3.222
2261.073,-1.399,1.534,3.222
2261.185,-1.403,1.534,3.223
2261.296,-1.409,1.535,3.225
2261.407,-1.414,1.535,3.227
2261.518,-1.418,1.535,3.229
2261.629,-1.422,1.535,3.231
2261.740,-1.425,1.535,3.233
2261.851,-1.428,1.535,3.234
2261.962,-1.430,1.535,3.234
2262.073,-1.432,1.536,3.234
2262.185,-1.433,1.536,3.234
2262.295,-1.434,1.535,3.233
2262.396,-1.435,1.535,3.233
2262.504,-1.435,1.534,3.232
2262.615,-1.434,1.535,3.232
2262.726,-1.434,1.535,3.232
2262.837,-1.432,1.535,3.231
2262.948,-1.431,1.535,3.231
2263.060,-1.431,1.535,3.230
2263.170,-1.432,1.535,3.230
2263.281,-1.434,1.536,3.229
2263.393,-1.437,1.538,3.229
2263.504,-1.440,1.540,3.230
2263.615,-1.445,1.543,3.229
2263.726,-1.452,1.545,3.227
2263.831,-1.460,1.544,3.223
2263.942,-1.468,1.536,3.215
2264.053,-1.472,1.538,3.205
2264.164,-1.472,1.540,3.191
2264.280,-1.470,1.540,3.168
2264.391,-1.463,1.539,3.139
2264.502,-1.450,1.537,3.103
2264.613,-1.430,1.532,3.061
2264.725,-1.402,1.528,3.014
2264.836,-1.370,1.539,2.965
2264.947,-1.342,1.548,2.920
2265.058,-1.322,1.553,2.882
2265.169,-1.312,1.558,2.850
2265.280,-1.312,1.558,2.828
2265.391,-1.320,1.559,2.815
2265.503,-1.332,1.558,2.808
2265.614,-1.347,1.556,2.808
2265.725,-1.364,1.556,2.810
2265.836,-1.380,1.555,2.813
2265.947,-1.394,1.554,2.815
2266.058,-1.406,1.553,2.817
2266.169,-1.415,1.553,2.817
2266.280,-1.420,1.554,2.817
2266.392,-1.424,1.552,2.819
2266.503,-1.425,1.551,2.823
2266.614,-1.426,1.549,2.826
2266.725,-1.429,1.547,2.828
2266.836,-1.434,1.543,2.831
2266.947,-1.438,1.540,2.836
2267.058,-1.438,1.538,2.844
2267.169,-1.431,1.537,2.858
2267.280,-1.415,1.536,2.879
2267.391,-1.392,1.535,2.909
2267.503,-1.361,1.532,2.947
2267.614,-1.325,1.534,2.989
2267.725,-1.287,1.532,3.034
2267.836,-1.250,1.526,3.079
2267.947,-1.215,1.528,3.121
2268.059,-1.179,1.525,3.158
2268.170,-1.140,1.523,3.191
2268.281,-1.095,1.519,3.222
2268.392,-1.045,1.510,3.251
2268.503,-0.988,1.504,3.279
2268.614,-0.922,1.513,3.308
2268.725,-0.855,1.517,3.341
2268.837,-0.801,1.518,3.376
2268.948,-0.761,1.518,3.412
2269.058,-0.726,1.515,3.455
2269.170,-0.698,1.512,3.506
2269.280,-0.674,1.505,3.566
2269.392,-0.655,1.496,3.638
2269.503,-0.639,1.496,3.722
2269.614,-0.627,1.507,3.810
2269.725,-0.614,1.508,3.889
2269.836,-0.602,1.512,3.967
2269.947,-0.590,1.507,4.050
2270.058,-0.577,1.493,4.138
2270.169,-0.561,1.480,4.233
2270.281,-0.542,1.482,4.337
2270.391,-0.526,1.498,4.442
2270.503,-0.518,1.508,4.547
2270.614,-0.521,1.510,4.651
2270.725,-0.533,1.496,4.758
2270.836,-0.555,1.484,4.869
2270.947,-0.582,1.482,4.982
2271.059,-0.604,1.496,5.091
2271.169,-0.616,1.507,5.192
2271.280,-0.622,1.501,5.290
2271.392,-0.621,1.487,5.389
2271.503,-0.610,1.474,5.489
2271.614,-0.591,1.483,5.589
2271.725,-0.576,1.499,5.686
2271.836,-0.569,1.505,5.777
2271.947,-0.567,1.500,5.864
2272.058,-0.570,1.490,5.949
2272.170,-0.581,1.479,6.031
2272.281,-0.596,1.487,6.113
2272.392,-0.611,1.499,6.194
2272.503,-0.622,1.504,6.267
2272.614,-0.633,1.505,6.327
2272.725,-0.645,1.502,6.376
2272.836,-0.653,1.497,6.418
2272.948,-0.654,1.500,6.458
2273.059,-0.651,1.499,6.496
2273.170,-0.649,1.495,6.528
2273.281,-0.664,1.494,6.558
2273.392,-0.696,1.494,6.577
2273.503,-0.728,1.496,6.581
2273.614,-0.755,1.498,6.576
2273.725,-0.778,1.497,6.570
2273.837,-0.803,1.497,6.564
2273.948,-0.833,1.494,6.556
2274.059,-0.870,1.492,6.545
2274.170,-0.913,1.490,6.526
2274.281,-0.968,1.490,6.502
2274.392,-1.032,1.499,6.474
2274.504,-1.095,1.504,6.446
2274.615,-1.152,1.504,6.417
2274.726,-1.203,1.504,6.392
2274.837,-1.250,1.504,6.374
2274.948,-1.297,1.500,6.359
2275.059,-1.345,1.492,6.337
2275.170,-1.395,1.484,6.304
2275.281,-1.449,1.479,6.259
2275.392,-1.506,1.493,6.203
2275.504,-1.560,1.506,6.140
2275.615,-1.601,1.504,6.066
2275.726,-1.621,1.505,5.984
2275.837,-1.625,1.500,5.896
2275.948,-1.620,1.488,5.797
2276.059,-1.607,1.486,5.687
2276.170,-1.595,1.505,5.579
2276.281,-1.590,1.518,5.484
2276.393,-1.589,1.525,5.395
2276.504,-1.590,1.518,5.304
2276.615,-1.605,1.498,5.209
2276.726,-1.641,1.487,5.115
2276.837,-1.681,1.500,5.025
2276.948,-1.703,1.513,4.931
2277.059,-1.707,1.520,4.824
2277.171,-1.697,1.513,4.703
2277.282,-1.669,1.495,4.572
2277.393,-1.632,1.488,4.443
2277.504,-1.596,1.505,4.320
2277.615,-1.572,1.528,4.212
2277.726,-1.553,1.535,4.109
2277.837,-1.536,1.524,4.006
2277.948,-1.527,1.510,3.902
2278.059,-1.527,1.501,3.796
2278.171,-1.531,1.517,3.690
2278.281,-1.532,1.534,3.590
2278.392,-1.532,1.542,3.497
2278.504,-1.536,1.536,3.407
2278.615,-1.539,1.524,3.317
2278.726,-1.540,1.516,3.228
2278.837,-1.540,1.525,3.137
2278.948,-1.546,1.535,3.052
2279.059,-1.557,1.543,2.977
2279.170,-1.572,1.543,2.910
2279.281,-1.593,1.540,2.848
2279.393,-1.620,1.537,2.792
2279.504,-1.648,1.543,2.742
2279.615,-1.671,1.541,2.701
2279.726,-1.686,1.540,2.677
2279.837,-1.696,1.539,2.666
2279.948,-1.697,1.538,2.667
2280.059,-1.692,1.535,2.682
2280.171,-1.678,1.535,2.710
2280.281,-1.658,1.535,2.751
2280.393,-1.630,1.536,2.802
2280.504,-1.603,1.532,2.859
2280.615,-1.581,1.530,2.920
2280.726,-1.566,1.526,2.981
2280.837,-1.558,1.520,3.041
2280.948,-1.555,1.517,3.100
2281.059,-1.550,1.513,3.159
2281.170,-1.541,1.507,3.223
2281.281,-1.528,1.506,3.290
2281.392,-1.513,1.518,3.363
2281.503,-1.508,1.522,3.437
2281.614,-1.515,1.522,3.509
2281.725,-1.532,1.516,3.576
2281.836,-1.554,1.509,3.644
2281.947,-1.583,1.497,3.717
2282.059,-1.620,1.495,3.790
2282.170,-1.662,1.509,3.867
2282.281,-1.697,1.510,3.943
2282.392,-1.731,1.508,4.019
2282.503,-1.762,1.500,4.096
2282.614,-1.789,1.491,4.178
2282.725,-1.815,1.480,4.268
2282.837,-1.841,1.487,4.359
2282.948,-1.870,1.498,4.444
2283.059,-1.898,1.505,4.520
2283.170,-1.925,1.501,4.595
2283.281,-1.953,1.492,4.668
2283.392,-1.986,1.480,4.744
2283.503,-2.025,1.478,4.820
2283.614,-2.063,1.490,4.894
2283.726,-2.089,1.495,4.961
2283.837,-2.110,1.500,5.018
2283.948,-2.124,1.498,5.071
2284.059,-2.135,1.497,5.128
2284.170,-2.141,1.492,5.188
2284.281,-2.146,1.498,5.251
2284.392,-2.151,1.497,5.308
2284.503,-2.156,1.495,5.353
2284.614,-2.163,1.496,5.391
2284.725,-2.172,1.494,5.421
2284.836,-2.180,1.492,5.442
2284.948,-2.187,1.494,5.457
2285.059,-2.193,1.493,5.468
2285.170,-2.199,1.492,5.474
2285.281,-2.205,1.491,5.478
2285.392,-2.212,1.490,5.480
2285.503,-2.218,1.488,5.482
2285.614,-2.224,1.488,5.483
2285.726,-2.229,1.487,5.484
2285.837,-2.234,1.487,5.485
2285.948,-2.236,1.488,5.486
2286.059,-2.234,1.491,5.490
2286.169,-2.230,1.493,5.497
2286.281,-2.223,1.494,5.507
2286.392,-2.212,1.493,5.520
2286.503,-2.192,1.490,5.529
2286.614,-2.164,1.491,5.528
2286.726,-2.123,1.496,5.510
2286.837,-2.077,1.505,5.472
2286.948,-2.027,1.511,5.425
2287.060,-1.967,1.511,5.375
2287.170,-1.896,1.512,5.318
2287.281,-1.822,1.507,5.257
2287.393,-1.754,1.511,5.204
2287.504,-1.689,1.514,5.159
2287.615,-1.627,1.508,5.114
2287.726,-1.565,1.503,5.070
2287.837,-1.499,1.492,5.033
2287.948,-1.421,1.481,5.010
2288.060,-1.333,1.488,4.998
2288.170,-1.249,1.504,4.988
2288.281,-1.175,1.510,4.979
2288.393,-1.103,1.512,4.973
2288.504,-1.031,1.506,4.971
2288.615,-0.958,1.500,4.972
2288.726,-0.885,1.490,4.974
2288.837,-0.811,1.496,4.977
2288.948,-0.744,1.500,4.989
2289.060,-0.690,1.496,5.013
2289.171,-0.654,1.485,5.043
2289.281,-0.630,1.482,5.081
2289.392,-0.614,1.481,5.129
2289.503,-0.603,1.476,5.189
2289.615,-0.595,1.483,5.262
2289.726,-0.592,1.492,5.338
2289.837,-0.589,1.491,5.409
2289.948,-0.594,1.500,5.469
2290.059,-0.607,1.497,5.523
2290.170,-0.622,1.494,5.581
2290.281,-0.631,1.479,5.643
2290.392,-0.635,1.470,5.711
2290.504,-0.638,1.485,5.786
2290.614,-0.645,1.490,5.857
2290.726,-0.652,1.494,5.917
2290.837,-0.656,1.493,5.971
2290.948,-0.662,1.490,6.022
2291.059,-0.675,1.485,6.070
2291.170,-0.703,1.477,6.116
2291.281,-0.752,1.476,6.158
2291.392,-0.815,1.490,6.192
2291.504,-0.870,1.493,6.207
2291.615,-0.910,1.500,6.206
2291.726,-0.932,1.505,6.195
2291.837,-0.942,1.508,6.186
2291.948,-0.945,1.510,6.186
2292.060,-0.946,1.507,6.200
2292.170,-0.946,1.506,6.227
2292.281,-0.952,1.511,6.263
2292.393,-0.963,1.508,6.302
2292.504,-0.973,1.505,6.340
2292.615,-0.983,1.503,6.379
2292.726,-0.991,1.502,6.417
2292.837,-0.999,1.499,6.457
2292.948,-1.005,1.494,6.495
2293.059,-1.009,1.489,6.527
2293.171,-1.014,1.485,6.549
2293.281,-1.023,1.482,6.562
2293.392,-1.037,1.480,6.566
2293.504,-1.056,1.477,6.560
2293.615,-1.081,1.475,6.545
2293.725,-1.112,1.473,6.521
2293.837,-1.149,1.471,6.487
2293.948,-1.194,1.470,6.441
2294.059,-1.246,1.470,6.379
2294.170,-1.301,1.475,6.305
2294.281,-1.348,1.481,6.230
2294.392,-1.385,1.483,6.170
2294.504,-1.418,1.492,6.122
2294.615,-1.454,1.496,6.077
2294.726,-1.498,1.488,6.030
2294.837,-1.550,1.476,5.985
2294.948,-1.615,1.466,5.942
2295.059,-1.689,1.472,5.899
2295.170,-1.761,1.483,5.858
2295.281,-1.824,1.490,5.819
2295.393,-1.879,1.487,5.786
2295.504,-1.919,1.482,5.767
2295.615,-1.938,1.480,5.768
2295.726,-1.942,1.484,5.784
2295.837,-1.934,1.491,5.809
2295.948,-1.912,1.492,5.842
2296.059,-1.882,1.494,5.881
2296.170,-1.845,1.495,5.922
2296.281,-1.804,1.487,5.964
2296.392,-1.769,1.469,6.011
2296.504,-1.744,1.467,6.063
2296.614,-1.727,1.476,6.123
2296.726,-1.717,1.479,6.182
2296.837,-1.709,1.476,6.247
2296.948,-1.705,1.475,6.318
2297.059,-1.705,1.470,6.399
2297.171,-1.709,1.463,6.493
2297.281,-1.711,1.447,6.587
2297.392,-1.705,1.415,6.659
2297.503,-1.698,1.373,6.705
2297.615,-1.698,1.328,6.742
2297.726,-1.708,1.264,6.786
2297.837,-1.725,1.179,6.831
2297.948,-1.743,1.087,6.868
2298.059,-1.759,0.995,6.889
2298.170,-1.776,0.912,6.897
2298.281,-1.792,0.848,6.895
2298.392,-1.804,0.816,6.894
2298.504,-1.815,0.837,6.893
2298.615,-1.827,0.891,6.892
2298.726,-1.835,0.962,6.884
2298.834,-1.839,1.045,6.865
2298.948,-1.836,1.096,6.847
2299.059,-1.832,1.079,6.837
2299.170,-1.829,1.014,6.839
2299.281,-1.823,0.934,6.844
2299.393,-1.820,0.871,6.848
2299.503,-1.822,0.852,6.852
2299.614,-1.830,0.868,6.859
2299.726,-1.837,0.892,6.861
2299.837,-1.845,0.929,6.860
2299.948,-1.857,0.989,6.853
2300.059,-1.871,1.084,6.838
2300.170,-1.879,1.211,6.810
2300.282,-1.881,1.333,6.764
2300.392,-1.873,1.406,6.701
2300.504,-1.866,1.440,6.637
2300.615,-1.865,1.460,6.577
2300.726,-1.867,1.474,6.520
2300.837,-1.876,1.485,6.460
2300.948,-1.889,1.491,6.399
2301.060,-1.901,1.492,6.343
2301.171,-1.911,1.490,6.299
2301.281,-1.923,1.487,6.269
2301.393,-1.939,1.489,6.250
2301.504,-1.961,1.482,6.231
2301.615,-1.988,1.481,6.211
2301.726,-2.019,1.480,6.191
2301.837,-2.055,1.487,6.173
2301.948,-2.093,1.494,6.157
2302.059,-2.125,1.495,6.140
2302.170,-2.152,1.492,6.124
2302.281,-2.171,1.494,6.104
2302.392,-2.181,1.491,6.076
2302.504,-2.182,1.489,6.042
2302.615,-2.170,1.493,6.001
2302.726,-2.144,1.499,5.957
2302.837,-2.108,1.516,5.910
2302.948,-2.072,1.525,5.862
2303.059,-2.038,1.529,5.815
2303.171,-2.000,1.526,5.775
2303.281,-1.960,1.527,5.749
2303.392,-1.921,1.529,5.736
2303.504,-1.890,1.526,5.723
2303.615,-1.864,1.521,5.705
2303.726,-1.842,1.514,5.685
2303.837,-1.823,1.511,5.661
2303.948,-1.804,1.515,5.636
2304.059,-1.784,1.508,5.610
2304.171,-1.769,1.500,5.592
2304.281,-1.763,1.502,5.579
2304.392,-1.761,1.503,5.569
2304.503,-1.759,1.502,5.562
2304.614,-1.759,1.502,5.560
2304.726,-1.754,1.502,5.562
2304.837,-1.744,1.502,5.573
2304.948,-1.730,1.499,5.598
2305.059,-1.711,1.492,5.637
2305.170,-1.689,1.483,5.687
2305.281,-1.659,1.480,5.752
2305.393,-1.626,1.484,5.825
2305.504,-1.591,1.489,5.890
2305.615,-1.557,1.494,5.937
2305.725,-1.527,1.498,5.969
2305.837,-1.497,1.501,5.992
2305.948,-1.463,1.505,6.011
2306.059,-1.426,1.506,6.028
2306.171,-1.384,1.503,6.042
2306.281,-1.339,1.507,6.055
2306.393,-1.304,1.517,6.075
2306.504,-1.288,1.512,6.098
2306.615,-1.290,1.511,6.110
2306.726,-1.304,1.508,6.109
2306.837,-1.321,1.503,6.094
2306.948,-1.339,1.504,6.073
2307.059,-1.359,1.508,6.049
2307.170,-1.385,1.501,6.024
2307.281,-1.413,1.496,5.993
2307.393,-1.443,1.496,5.960
2307.504,-1.470,1.496,5.927
2307.615,-1.493,1.496,5.898
2307.726,-1.513,1.496,5.874
2307.837,-1.534,1.496,5.854
2307.948,-1.555,1.495,5.836
2308.059,-1.578,1.494,5.822
2308.171,-1.602,1.496,5.812
2308.281,-1.628,1.507,5.804
2308.393,-1.655,1.516,5.796
2308.504,-1.681,1.519,5.788
2308.615,-1.702,1.518,5.775
2308.726,-1.720,1.517,5.757
2308.837,-1.735,1.519,5.732
2308.948,-1.747,1.518,5.701
2309.059,-1.756,1.517,5.661
2309.171,-1.760,1.510,5.613
2309.281,-1.756,1.508,5.555
2309.393,-1.740,1.517,5.491
2309.504,-1.719,1.521,5.432
2309.615,-1.695,1.517,5.380
2309.726,-1.668,1.511,5.336
2309.837,-1.639,1.504,5.300
2309.948,-1.612,1.497,5.269
2310.060,-1.592,1.493,5.240
2310.171,-1.582,1.493,5.208
2310.281,-1.580,1.501,5.170
2310.393,-1.580,1.510,5.121
2310.504,-1.576,1.509,5.074
2310.615,-1.568,1.508,5.033
2310.726,-1.558,1.507,4.997
2310.837,-1.548,1.507,4.961
2310.948,-1.533,1.505,4.924
2311.060,-1.513,1.502,4.886
2311.171,-1.487,1.497,4.847
2311.282,-1.455,1.501,4.811
2311.393,-1.416,1.514,4.781
2311.504,-1.378,1.518,4.759
2311.615,-1.348,1.515,4.746
2311.726,-1.330,1.520,4.735
2311.837,-1.319,1.524,4.727
2311.948,-1.317,1.524,4.718
2312.059,-1.321,1.525,4.703
2312.171,-1.325,1.522,4.680
2312.281,-1.326,1.524,4.647
2312.392,-1.323,1.526,4.612
2312.504,-1.319,1.521,4.581
2312.614,-1.318,1.518,4.553
2312.726,-1.313,1.519,4.527
2312.837,-1.304,1.519,4.505
2312.948,-1.295,1.518,4.488
2313.059,-1.284,1.518,4.477
2313.170,-1.274,1.517,4.471
2313.281,-1.261,1.516,4.466
2313.392,-1.241,1.511,4.460
2313.504,-1.217,1.507,4.457
2313.615,-1.193,1.507,4.463
2313.726,-1.165,1.501,4.480
2313.837,-1.134,1.494,4.507
2313.948,-1.102,1.489,4.544
2314.059,-1.070,1.490,4.590
2314.170,-1.040,1.501,4.643
2314.281,-1.016,1.509,4.690
2314.393,-0.992,1.514,4.728
2314.504,-0.966,1.518,4.759
2314.615,-0.936,1.520,4.789
2314.726,-0.902,1.516,4.820
2314.837,-0.863,1.510,4.852
2314.948,-0.820,1.503,4.884
2315.059,-0.771,1.512,4.918
2315.170,-0.722,1.519,4.951
2315.281,-0.682,1.515,4.986
2315.393,-0.652,1.514,5.022
2315.504,-0.630,1.511,5.057
2315.614,-0.615,1.507,5.095
2315.725,-0.607,1.505,5.138
2315.837,-0.604,1.500,5.184
2315.948,-0.607,1.495,5.237
2316.059,-0.613,1.498,5.297
2316.170,-0.621,1.510,5.355
2316.281,-0.623,1.510,5.409
2316.392,-0.624,1.517,5.458
2316.504,-0.627,1.517,5.504
2316.614,-0.629,1.514,5.554
2316.726,-0.630,1.507,5.608
2316.837,-0.627,1.497,5.662
2316.948,-0.620,1.508,5.717
2317.060,-0.614,1.518,5.772
2317.170,-0.613,1.514,5.823
2317.281,-0.617,1.512,5.867
2317.392,-0.623,1.508,5.906
2317.504,-0.633,1.503,5.943
2317.615,-0.645,1.500,5.978
2317.726,-0.662,1.495,6.014
2317.837,-0.686,1.493,6.049
2317.948,-0.716,1.499,6.084
2318.059,-0.750,1.507,6.117
2318.170,-0.780,1.508,6.146
2318.281,-0.807,1.510,6.175
2318.392,-0.834,1.514,6.203
2318.503,-0.865,1.513,6.231
2318.615,-0.900,1.508,6.263
2318.726,-0.932,1.501,6.296
2318.835,-0.964,1.509,6.332
2318.948,-0.996,1.512,6.367
2319.059,-1.029,1.497,6.406
2319.170,-1.057,1.488,6.441
2319.281,-1.084,1.485,6.467
2319.392,-1.113,1.481,6.480
2319.503,-1.147,1.478,6.484
2319.614,-1.186,1.474,6.479
2319.725,-1.230,1.472,6.466
2319.837,-1.282,1.479,6.443
2319.948,-1.333,1.481,6.416
2320.059,-1.373,1.484,6.393
2320.170,-1.404,1.486,6.372
2320.281,-1.430,1.492,6.354
2320.392,-1.458,1.494,6.339
2320.504,-1.492,1.493,6.328
2320.615,-1.532,1.488,6.317
2320.726,-1.575,1.482,6.307
2320.837,-1.620,1.489,6.299
2320.948,-1.664,1.501,6.291
2321.059,-1.704,1.505,6.282
2321.170,-1.740,1.498,6.272
2321.281,-1.773,1.495,6.260
2321.393,-1.800,1.489,6.245
2321.504,-1.825,1.486,6.226
2321.615,-1.847,1.483,6.201
2321.726,-1.869,1.478,6.170
2321.837,-1.891,1.473,6.132
2321.948,-1.912,1.474,6.086
2322.059,-1.932,1.480,6.036
2322.170,-1.949,1.482,5.990
2322.281,-1.966,1.481,5.952
2322.393,-1.984,1.482,5.919
2322.504,-2.002,1.482,5.884
2322.615,-2.024,1.478,5.847
2322.726,-2.049,1.474,5.809
2322.837,-2.075,1.476,5.770
2322.948,-2.102,1.482,5.731
2323.059,-2.123,1.483,5.696
2323.170,-2.139,1.482,5.667
2323.281,-2.151,1.480,5.639
2323.392,-2.157,1.477,5.609
2323.503,-2.154,1.472,5.575
2323.615,-2.143,1.467,5.536
2323.726,-2.123,1.463,5.494
2323.833,-2.096,1.467,5.446
2323.933,-2.067,1.472,5.404
2324.044,-2.032,1.480,5.360
2324.155,-1.999,1.486,5.322
2324.267,-1.969,1.496,5.289
2324.379,-1.944,1.504,5.256
2324.490,-1.923,1.506,5.220
2324.601,-1.905,1.508,5.179
2324.712,-1.890,1.505,5.138
2324.823,-1.877,1.517,5.096
2324.935,-1.863,1.523,5.056
2325.045,-1.846,1.522,5.022
2325.157,-1.829,1.522,5.001
2325.268,-1.817,1.520,4.991
2325.379,-1.810,1.516,4.988
2325.490,-1.803,1.517,4.987
2325.601,-1.793,1.516,4.986
2325.712,-1.781,1.512,4.984
2325.823,-1.765,1.508,4.982
2325.934,-1.749,1.509,4.981
2326.045,-1.733,1.508,4.977
2326.157,-1.716,1.508,4.964
2326.268,-1.706,1.511,4.940
2326.379,-1.706,1.516,4.911
2326.490,-1.716,1.520,4.881
2326.601,-1.732,1.521,4.856
2326.712,-1.749,1.521,4.839
2326.823,-1.762,1.522,4.829
2326.934,-1.775,1.524,4.823
2327.045,-1.787,1.527,4.819
2327.156,-1.794,1.530,4.814
2327.268,-1.791,1.531,4.809
2327.379,-1.773,1.533,4.803
2327.490,-1.740,1.532,4.797
2327.601,-1.695,1.528,4.799
2327.712,-1.646,1.524,4.813
2327.823,-1.602,1.523,4.834
2327.935,-1.562,1.522,4.858
2328.045,-1.525,1.519,4.879
2328.157,-1.489,1.514,4.895
2328.268,-1.455,1.508,4.905
2328.379,-1.422,1.512,4.912
2328.490,-1.384,1.511,4.914
2328.601,-1.339,1.502,4.911
2328.712,-1.288,1.496,4.901
2328.823,-1.231,1.505,4.890
2328.934,-1.172,1.513,4.881
2329.045,-1.121,1.524,4.875
2329.156,-1.076,1.528,4.870
2329.268,-1.034,1.526,4.870
2329.378,-0.993,1.525,4.875
2329.490,-0.953,1.518,4.887
2329.601,-0.915,1.511,4.908
2329.712,-0.878,1.510,4.938
2329.823,-0.840,1.521,4.973
2329.934,-0.800,1.530,5.008
2330.045,-0.759,1.533,5.043
2330.156,-0.719,1.540,5.073
2330.268,-0.680,1.542,5.103
2330.378,-0.638,1.539,5.139
2330.490,-0.588,1.522,5.180
2330.601,-0.533,1.491,5.225
2330.711,-0.475,1.476,5.270
2330.823,-0.420,1.474,5.316
2330.934,-0.379,1.463,5.363
2331.045,-0.350,1.457,5.405
2331.156,-0.331,1.449,5.439
2331.267,-0.320,1.446,5.469
2331.378,-0.317,1.445,5.500
2331.490,-0.324,1.445,5.537
2331.600,-0.340,1.449,5.585
2331.711,-0.367,1.460,5.645
2331.822,-0.402,1.481,5.710
2331.934,-0.439,1.500,5.765
2332.045,-0.469,1.509,5.812
2332.156,-0.490,1.515,5.853
2332.267,-0.506,1.512,5.893
2332.378,-0.520,1.509,5.936
2332.490,-0.533,1.505,5.981
2332.602,-0.543,1.501,6.027
2332.712,-0.551,1.500,6.072
2332.823,-0.560,1.511,6.109
2332.935,-0.575,1.516,6.119
2333.046,-0.587,1.519,6.098
2333.157,-0.585,1.520,6.050
2333.268,-0.564,1.518,5.980
2333.379,-0.527,1.516,5.905
2333.491,-0.484,1.514,5.840
2333.601,-0.436,1.505,5.791
2333.712,-0.386,1.503,5.765
2333.823,-0.352,1.503,5.762
2333.935,-0.342,1.503,5.761
2334.046,-0.353,1.500,5.748
2334.157,-0.379,1.492,5.714
2334.268,-0.415,1.486,5.659
2334.379,-0.447,1.487,5.589
2334.490,-0.473,1.490,5.506
2334.602,-0.497,1.488,5.408
2334.712,-0.526,1.474,5.304
2334.823,-0.556,1.458,5.202
2334.935,-0.578,1.444,5.101
2335.045,-0.590,1.441,4.996
2335.156,-0.595,1.463,4.895
2335.268,-0.603,1.486,4.812
2335.379,-0.606,1.511,4.742
2335.490,-0.601,1.517,4.670
2335.601,-0.586,1.504,4.587
2335.712,-0.572,1.488,4.492
2335.823,-0.559,1.497,4.394
2335.935,-0.542,1.511,4.303
2336.045,-0.521,1.517,4.217
2336.156,-0.498,1.511,4.133
2336.266,-0.470,1.498,4.047
2336.377,-0.439,1.487,3.960
2336.488,-0.409,1.494,3.869
2336.600,-0.387,1.513,3.774
2336.711,-0.376,1.523,3.687
2336.822,-0.371,1.525,3.601
2336.933,-0.375,1.520,3.515
2337.044,-0.385,1.512,3.427
2337.155,-0.395,1.520,3.334
2337.266,-0.402,1.533,3.242
2337.377,-0.406,1.541,3.151
2337.489,-0.412,1.539,3.065
2337.601,-0.427,1.537,2.985
2337.711,-0.442,1.527,2.912
2337.822,-0.445,1.520,2.844
2337.934,-0.435,1.528,2.766
2338.045,-0.422,1.532,2.674
2338.156,-0.409,1.535,2.578
2338.268,-0.399,1.531,2.473
2338.378,-0.387,1.513,2.359
2338.489,-0.373,1.491,2.243
2338.601,-0.356,1.485,2.130
2338.712,-0.337,1.499,2.027
2338.823,-0.310,1.512,1.936
2338.934,-0.281,1.513,1.857
2339.045,-0.251,1.503,1.782
2339.156,-0.220,1.491,1.712
2339.268,-0.189,1.493,1.639
2339.379,-0.177,1.486,1.557
2339.490,-0.177,1.480,1.475
2339.601,-0.183,1.472,1.400
2339.712,-0.188,1.464,1.329
2339.823,-0.197,1.456,1.256
2339.934,-0.209,1.447,1.180
2340.045,-0.224,1.453,1.105
2340.156,-0.236,1.461,1.039
2340.268,-0.242,1.472,0.985
2340.378,-0.246,1.480,0.933
2340.490,-0.248,1.485,0.884
2340.601,-0.248,1.501,0.842
2340.712,-0.243,1.520,0.810
2340.823,-0.233,1.531,0.777
2340.935,-0.222,1.529,0.745
2341.046,-0.211,1.530,0.718
2341.157,-0.201,1.532,0.697
2341.268,-0.195,1.532,0.680
2341.379,-0.195,1.529,0.668
2341.490,-0.209,1.528,0.658
2341.602,-0.227,1.526,0.648
2341.712,-0.247,1.521,0.639
2341.823,-0.266,1.516,0.633
2341.935,-0.285,1.514,0.632
2342.046,-0.302,1.515,0.634
2342.157,-0.316,1.520,0.637
2342.268,-0.325,1.522,0.639
2342.379,-0.330,1.527,0.640
2342.490,-0.329,1.524,0.637
2342.602,-0.325,1.516,0.627
2342.712,-0.322,1.511,0.617
2342.823,-0.320,1.509,0.614
2342.935,-0.318,1.508,0.618
2343.045,-0.315,1.508,0.628
2343.157,-0.315,1.507,0.639
2343.268,-0.314,1.507,0.649
2343.379,-0.312,1.509,0.657
2343.490,-0.309,1.508,0.663
2343.601,-0.306,1.509,0.669
2343.712,-0.303,1.509,0.675
2343.823,-0.300,1.510,0.681
2343.935,-0.297,1.513,0.690
2344.045,-0.295,1.515,0.701
2344.157,-0.292,1.515,0.716
2344.268,-0.287,1.516,0.734
2344.379,-0.281,1.515,0.756
2344.490,-0.274,1.509,0.781
2344.601,-0.262,1.505,0.807
2344.712,-0.246,1.504,0.831
2344.823,-0.225,1.499,0.854
2344.935,-0.202,1.493,0.875
2345.046,-0.176,1.489,0.888
2345.157,-0.143,1.491,0.893
2345.268,-0.106,1.500,0.892
2345.379,-0.069,1.508,0.889
2345.490,-0.038,1.508,0.889
2345.602,-0.012,1.506,0.891
2345.713,0.009,1.508,0.894
2345.824,0.029,1.505,0.898
2345.935,0.045,1.504,0.905
2346.046,0.059,1.506,0.913
2346.157,0.074,1.507,0.924
2346.268,0.089,1.510,0.938
2346.379,0.104,1.512,0.952
2346.490,0.120,1.512,0.963
2346.601,0.134,1.510,0.972
2346.712,0.145,1.509,0.980
2346.823,0.153,1.509,0.987
2346.935,0.160,1.508,0.992
2347.045,0.166,1.507,0.995
2347.157,0.173,1.505,0.998
2347.268,0.179,1.504,1.001
2347.379,0.183,1.503,1.004
2347.490,0.189,1.502,1.001
2347.601,0.191,1.499,0.987
2347.712,0.180,1.497,0.968
2347.823,0.161,1.493,0.951
2347.935,0.140,1.492,0.937
2348.046,0.122,1.490,0.926
2348.157,0.106,1.491,0.914
2348.268,0.086,1.492,0.903
2348.379,0.060,1.494,0.893
2348.490,0.027,1.498,0.885
2348.601,-0.013,1.501,0.875
2348.713,-0.053,1.504,0.863
2348.823,-0.093,1.504,0.850
2348.935,-0.130,1.495,0.838
2349.046,-0.157,1.498,0.830
2349.157,-0.178,1.505,0.826
2349.268,-0.191,1.510,0.825
2349.379,-0.194,1.521,0.821
2349.490,-0.188,1.533,0.815
2349.602,-0.177,1.543,0.804
2349.712,-0.168,1.545,0.792
2349.824,-0.160,1.544,0.780
2349.935,-0.140,1.545,0.763
2350.047,-0.107,1.540,0.754
2350.157,-0.079,1.528,0.768
2350.268,-0.058,1.523,0.792
2350.380,-0.043,1.516,0.825
2350.490,-0.036,1.516,0.851
2350.602,-0.040,1.519,0.856
2350.713,-0.054,1.521,0.848
2350.824,-0.068,1.522,0.840
2350.935,-0.073,1.515,0.831
2351.046,-0.071,1.510,0.818
2351.157,-0.063,1.509,0.802
2351.269,-0.055,1.509,0.781
2351.379,-0.048,1.506,0.758
2351.491,-0.040,1.499,0.736
2351.602,-0.029,1.491,0.713
2351.713,-0.018,1.485,0.691
2351.824,-0.008,1.478,0.672
2351.935,-0.003,1.472,0.659
2352.046,-0.005,1.473,0.652
2352.157,-0.013,1.473,0.656
2352.268,-0.027,1.479,0.661
2352.379,-0.046,1.477,0.662
2352.491,-0.057,1.476,0.658
2352.602,-0.056,1.478,0.645
2352.713,-0.045,1.477,0.624
2352.824,-0.026,1.474,0.597
2352.935,-0.001,1.478,0.568
2353.046,0.024,1.479,0.541
2353.157,0.040,1.479,0.520
2353.268,0.046,1.479,0.504
2353.379,0.043,1.477,0.494
2353.490,0.034,1.474,0.492
2353.602,0.021,1.475,0.501
2353.713,0.002,1.476,0.520
2353.824,-0.023,1.478,0.549
2353.935,-0.055,1.481,0.590
2354.046,-0.100,1.481,0.641
2354.157,-0.159,1.479,0.696
2354.268,-0.223,1.474,0.749
2354.379,-0.286,1.484,0.790
2354.490,-0.353,1.487,0.815
2354.602,-0.430,1.478,0.831
2354.712,-0.517,1.463,0.839
2354.823,-0.614,1.452,0.839
2354.935,-0.719,1.474,0.832
2355.046,-0.819,1.484,0.829
2355.157,-0.908,1.493,0.828
2355.268,-0.994,1.497,0.825
2355.379,-1.088,1.482,0.821
2355.490,-1.190,1.460,0.820
2355.602,-1.296,1.460,0.820
2355.712,-1.390,1.480,0.815
2355.823,-1.470,1.498,0.809
2355.935,-1.533,1.497,0.805
2356.046,-1.584,1.490,0.800
2356.157,-1.625,1.483,0.786
2356.268,-1.659,1.477,0.755
2356.379,-1.692,1.472,0.707
2356.490,-1.729,1.471,0.647
2356.602,-1.774,1.482,0.581
2356.713,-1.822,1.485,0.521
2356.824,-1.868,1.483,0.471
2356.936,-1.899,1.478,0.438
2357.047,-1.910,1.477,0.424
2357.157,-1.898,1.482,0.434
2357.269,-1.866,1.491,0.463
2357.379,-1.816,1.495,0.512
2357.491,-1.756,1.487,0.576
2357.602,-1.696,1.484,0.639
2357.712,-1.636,1.495,0.693
2357.824,-1.573,1.504,0.736
2357.935,-1.506,1.506,0.780
2358.046,-1.435,1.508,0.820
2358.156,-1.359,1.506,0.855
2358.268,-1.287,1.499,0.879
2358.378,-1.227,1.498,0.896
2358.490,-1.185,1.502,0.905
2358.601,-1.158,1.505,0.900
2358.713,-1.138,1.498,0.883
2358.823,-1.128,1.492,0.857
2358.934,-1.127,1.487,0.817
2359.045,-1.134,1.481,0.767
2359.156,-1.147,1.481,0.707
2359.268,-1.160,1.483,0.653
2359.379,-1.171,1.484,0.610
2359.490,-1.184,1.487,0.581
2359.601,-1.196,1.491,0.560
2359.712,-1.208,1.492,0.539
2359.823,-1.221,1.492,0.521
2359.935,-1.233,1.493,0.506
2360.046,-1.246,1.502,0.482
2360.157,-1.266,1.500,0.451
2360.268,-1.293,1.490,0.426
2360.379,-1.318,1.480,0.416
2360.490,-1.336,1.477,0.424
2360.602,-1.348,1.482,0.448
2360.712,-1.356,1.489,0.483
2360.824,-1.366,1.489,0.527
2360.935,-1.380,1.492,0.566
2361.046,-1.390,1.492,0.593
2361.157,-1.399,1.492,0.602
2361.268,-1.403,1.489,0.600
2361.379,-1.400,1.488,0.593
2361.490,-1.390,1.487,0.581
2361.602,-1.377,1.486,0.567
2361.712,-1.364,1.484,0.554
2361.823,-1.354,1.483,0.547
2361.935,-1.349,1.483,0.545
2362.046,-1.350,1.481,0.557
2362.157,-1.356,1.481,0.588
2362.268,-1.368,1.481,0.624
2362.379,-1.388,1.480,0.658
2362.490,-1.415,1.486,0.692
2362.601,-1.446,1.480,0.714
2362.712,-1.478,1.482,0.723
2362.823,-1.517,1.484,0.717
2362.935,-1.560,1.482,0.697
2363.045,-1.610,1.479,0.664
2363.157,-1.667,1.475,0.617
2363.268,-1.734,1.483,0.557
2363.379,-1.800,1.488,0.503
2363.490,-1.855,1.486,0.458
2363.602,-1.894,1.481,0.426
2363.713,-1.919,1.479,0.407
2363.824,-1.927,1.480,0.400
2363.935,-1.922,1.485,0.406
2364.046,-1.909,1.489,0.423
2364.157,-1.897,1.494,0.442
2364.269,-1.886,1.494,0.456
2364.379,-1.871,1.490,0.462
2364.491,-1.845,1.489,0.468
2364.602,-1.812,1.491,0.477
2364.712,-1.766,1.494,0.490
2364.823,-1.706,1.495,0.505
2364.935,-1.636,1.491,0.517
2365.046,-1.557,1.486,0.524
2365.157,-1.471,1.484,0.523
2365.268,-1.392,1.485,0.521
2365.379,-1.333,1.487,0.518
2365.490,-1.294,1.485,0.515
2365.602,-1.273,1.484,0.516
2365.713,-1.269,1.486,0.522
2365.824,-1.275,1.488,0.528
2365.935,-1.281,1.489,0.533
2366.046,-1.286,1.490,0.535
2366.157,-1.289,1.490,0.537
2366.268,-1.285,1.492,0.536
2366.379,-1.276,1.491,0.535
2366.490,-1.261,1.490,0.534
2366.602,-1.241,1.488,0.531
2366.712,-1.217,1.483,0.527
2366.823,-1.199,1.481,0.524
2366.935,-1.192,1.480,0.523
2367.046,-1.204,1.481,0.525
2367.157,-1.235,1.489,0.535
2367.268,-1.271,1.493,0.552
2367.379,-1.305,1.495,0.573
2367.490,-1.330,1.493,0.591
2367.601,-1.340,1.490,0.600
2367.712,-1.332,1.487,0.600
2367.824,-1.307,1.485,0.591
2367.935,-1.273,1.484,0.574
2368.045,-1.238,1.479,0.556
2368.157,-1.209,1.476,0.537
2368.268,-1.195,1.475,0.524
2368.379,-1.196,1.479,0.520
2368.490,-1.208,1.485,0.524
2368.601,-1.231,1.492,0.533
2368.712,-1.266,1.496,0.547
2368.824,-1.313,1.499,0.570
2368.935,-1.365,1.500,0.602
2369.045,-1.419,1.498,0.643
2369.157,-1.471,1.494,0.691
2369.268,-1.521,1.491,0.734
2369.379,-1.565,1.488,0.766
2369.489,-1.608,1.492,0.783
2369.600,-1.657,1.492,0.787
2369.711,-1.708,1.485,0.780
2369.822,-1.760,1.478,0.761
2369.934,-1.817,1.480,0.730
2370.044,-1.874,1.483,0.701
2370.156,-1.925,1.478,0.684
2370.268,-1.958,1.474,0.678
2370.379,-1.966,1.473,0.681
2370.490,-1.957,1.481,0.694
2370.601,-1.933,1.490,0.712
2370.712,-1.898,1.492,0.736
2370.823,-1.854,1.478,0.763
2370.935,-1.800,1.464,0.785
2371.046,-1.741,1.469,0.803
2371.156,-1.676,1.481,0.816
2371.268,-1.606,1.485,0.829
2371.379,-1.534,1.490,0.837
2371.490,-1.458,1.489,0.837
2371.602,-1.374,1.490,0.830
2371.712,-1.284,1.490,0.818
2371.823,-1.208,1.489,0.806
2371.935,-1.151,1.495,0.790
2372.046,-1.102,1.492,0.766
2372.157,-1.055,1.488,0.731
2372.268,-1.008,1.482,0.685
2372.379,-0.964,1.468,0.625
2372.490,-0.923,1.465,0.553
2372.601,-0.883,1.478,0.489
2372.712,-0.841,1.483,0.447
2372.823,-0.799,1.486,0.428
2372.935,-0.758,1.488,0.423
2373.045,-0.718,1.489,0.425
2373.156,-0.681,1.488,0.428
2373.268,-0.645,1.484,0.432
2373.379,-0.613,1.478,0.438
2373.490,-0.592,1.477,0.449
2373.601,-0.584,1.482,0.469
2373.713,-0.588,1.486,0.497
2373.823,-0.605,1.491,0.532
2373.935,-0.644,1.494,0.577
2374.046,-0.701,1.494,0.634
2374.157,-0.764,1.487,0.701
2374.268,-0.823,1.480,0.768
2374.378,-0.875,1.486,0.820
2374.489,-0.923,1.502,0.856
2374.600,-0.978,1.499,0.877
2374.711,-1.037,1.494,0.884
2374.823,-1.101,1.485,0.877
2374.934,-1.171,1.474,0.857
2375.045,-1.251,1.471,0.824
2375.156,-1.333,1.484,0.781
2375.268,-1.405,1.491,0.743
2375.378,-1.463,1.499,0.707
2375.490,-1.514,1.499,0.671
2375.601,-1.567,1.496,0.634
2375.712,-1.625,1.490,0.598
2375.824,-1.690,1.484,0.558
2375.935,-1.765,1.495,0.507
2376.046,-1.835,1.499,0.453
2376.157,-1.892,1.495,0.409
2376.268,-1.934,1.489,0.380
2376.379,-1.962,1.487,0.368
2376.490,-1.976,1.488,0.369
2376.601,-1.979,1.492,0.380
2376.713,-1.970,1.497,0.394
2376.824,-1.947,1.501,0.404
2376.935,-1.903,1.505,0.414
2377.046,-1.840,1.507,0.430
2377.157,-1.759,1.507,0.458
2377.268,-1.659,1.504,0.501
2377.379,-1.564,1.496,0.557
2377.490,-1.484,1.496,0.600
2377.602,-1.418,1.491,0.625
2377.712,-1.357,1.486,0.633
2377.823,-1.292,1.472,0.620
2377.935,-1.220,1.455,0.583
2378.045,-1.134,1.449,0.524
2378.157,-1.043,1.463,0.458
2378.268,-0.965,1.472,0.408
2378.379,-0.902,1.480,0.371
2378.490,-0.844,1.483,0.346
2378.602,-0.789,1.484,0.334
2378.712,-0.727,1.482,0.333
2378.824,-0.658,1.478,0.333
2378.934,-0.597,1.481,0.326
2379.045,-0.558,1.484,0.324
2379.157,-0.537,1.486,0.329
2379.269,-0.530,1.490,0.342
2379.380,-0.533,1.495,0.364
2379.490,-0.547,1.499,0.395
2379.602,-0.571,1.502,0.439
2379.713,-0.611,1.502,0.497
2379.824,-0.668,1.498,0.566
2379.935,-0.735,1.491,0.637
2380.045,-0.797,1.492,0.699
2380.157,-0.853,1.504,0.748
2380.268,-0.907,1.504,0.790
2380.379,-0.961,1.500,0.824
2380.490,-1.016,1.493,0.850
2380.601,-1.078,1.484,0.868
2380.712,-1.146,1.475,0.877
2380.823,-1.220,1.484,0.878
2380.935,-1.292,1.496,0.880
2381.046,-1.354,1.499,0.883
2381.156,-1.405,1.502,0.883
2381.268,-1.452,1.498,0.877
2381.379,-1.498,1.495,0.868
2381.490,-1.542,1.490,0.859
2381.601,-1.584,1.490,0.852
2381.713,-1.628,1.498,0.844
2381.823,-1.671,1.499,0.830
2381.935,-1.708,1.493,0.813
2382.046,-1.740,1.495,0.797
2382.157,-1.768,1.495,0.792
2382.268,-1.791,1.487,0.806
2382.378,-1.806,1.479,0.832
2382.490,-1.818,1.478,0.867
2382.601,-1.827,1.476,0.913
2382.712,-1.838,1.474,0.967
2382.824,-1.852,1.479,1.025
2382.935,-1.862,1.484,1.073
2383.045,-1.868,1.490,1.108
2383.156,-1.871,1.491,1.132
2383.268,-1.866,1.492,1.148
2383.378,-1.859,1.491,1.159
2383.489,-1.854,1.491,1.163
2383.601,-1.838,1.491,1.152
2383.712,-1.807,1.491,1.127
2383.836,-1.762,1.494,1.091
2383.938,-1.655,1.495,1.029
2384.049,-1.545,1.493,1.000
2384.160,-1.438,1.492,0.981
2384.272,-1.347,1.494,0.964
2384.379,-1.287,1.501,0.948
2384.490,-1.235,1.499,0.926
2384.600,-1.196,1.492,0.896
2384.711,-1.168,1.482,0.852
2384.823,-1.146,1.471,0.798
2384.935,-1.120,1.474,0.738
2385.045,-1.093,1.478,0.689
2385.157,-1.066,1.484,0.652
2385.268,-1.039,1.492,0.619
2385.379,-1.014,1.493,0.587
2385.492,-0.994,1.491,0.559
2385.602,-0.983,1.494,0.534
2385.713,-0.982,1.494,0.518
2385.824,-0.992,1.498,0.521
2385.935,-1.010,1.494,0.533
2386.046,-1.041,1.490,0.555
2386.157,-1.087,1.487,0.584
2386.268,-1.148,1.482,0.614
2386.379,-1.214,1.477,0.643
2386.490,-1.275,1.482,0.661
2386.602,-1.331,1.486,0.665
2386.713,-1.389,1.483,0.654
2386.824,-1.448,1.476,0.629
2386.935,-1.511,1.463,0.591
2387.046,-1.578,1.460,0.537
2387.157,-1.651,1.472,0.469
2387.269,-1.722,1.475,0.408
2387.379,-1.781,1.467,0.363
2387.479,-1.819,1.464,0.341
2387.588,-1.848,1.467,0.332
2387.699,-1.861,1.478,0.338
2387.810,-1.859,1.490,0.358
2387.921,-1.852,1.499,0.389
2388.032,-1.837,1.499,0.426
2388.143,-1.811,1.495,0.464
2388.254,-1.778,1.494,0.499
2388.365,-1.738,1.497,0.527
2388.477,-1.696,1.501,0.544
2388.588,-1.650,1.500,0.552
2388.699,-1.598,1.499,0.549
2388.810,-1.544,1.496,0.537
2388.921,-1.487,1.495,0.518
2389.032,-1.433,1.492,0.499
2389.143,-1.393,1.495,0.482
2389.255,-1.370,1.491,0.468
2389.365,-1.360,1.491,0.459
2389.477,-1.362,1.492,0.454
2389.588,-1.371,1.490,0.460
2389.699,-1.379,1.489,0.479
2389.810,-1.383,1.491,0.510
2389.921,-1.385,1.492,0.551
2390.032,-1.386,1.489,0.599
2390.143,-1.379,1.481,0.636
2390.254,-1.370,1.479,0.656
2390.365,-1.356,1.477,0.665
2390.476,-1.343,1.479,0.660
2390.588,-1.331,1.482,0.641
2390.699,-1.322,1.483,0.613
2390.810,-1.317,1.481,0.585
2390.921,-1.316,1.481,0.564
2391.032,-1.317,1.481,0.552
2391.143,-1.319,1.481,0.553
2391.254,-1.320,1.483,0.560
2391.365,-1.323,1.484,0.569
2391.476,-1.325,1.485,0.573
2391.588,-1.320,1.486,0.572
2391.699,-1.297,1.488,0.563
2391.810,-1.266,1.487,0.552
2391.921,-1.241,1.485,0.542
2392.032,-1.217,1.481,0.528
2392.143,-1.193,1.481,0.516
2392.255,-1.171,1.481,0.517
2392.365,-1.144,1.478,0.526
2392.476,-1.118,1.473,0.546
2392.587,-1.101,1.473,0.570
2392.698,-1.094,1.483,0.591
2392.810,-1.097,1.496,0.607
2392.921,-1.105,1.509,0.625
2393.032,-1.112,1.507,0.643
2393.143,-1.116,1.496,0.659
2393.254,-1.104,1.494,0.665
2393.365,-1.075,1.488,0.662
2393.476,-1.034,1.479,0.655
2393.587,-0.990,1.476,0.644
2393.698,-0.948,1.475,0.625
2393.809,-0.905,1.470,0.602
2393.920,-0.862,1.467,0.576
2394.031,-0.829,1.468,0.555
2394.142,-0.811,1.472,0.545
2394.254,-0.803,1.472,0.546
2394.365,-0.799,1.472,0.553
2394.476,-0.797,1.469,0.555
2394.588,-0.792,1.469,0.549
2394.698,-0.782,1.470,0.544
2394.809,-0.768,1.472,0.538
2394.921,-0.750,1.474,0.526
2395.031,-0.726,1.475,0.509
2395.143,-0.701,1.476,0.489
2395.254,-0.681,1.474,0.473
2395.365,-0.669,1.474,0.461
2395.476,-0.669,1.477,0.457
2395.588,-0.682,1.482,0.463
2395.698,-0.710,1.488,0.477
2395.810,-0.754,1.494,0.502
2395.921,-0.812,1.497,0.538
2396.032,-0.878,1.495,0.584
2396.143,-0.945,1.492,0.632
2396.254,-1.011,1.492,0.670
2396.365,-1.074,1.496,0.697
2396.477,-1.141,1.493,0.712
2396.587,-1.211,1.484,0.711
2396.699,-1.283,1.477,0.695
2396.810,-1.354,1.481,0.668
2396.921,-1.424,1.488,0.640
2397.032,-1.488,1.491,0.619
2397.143,-1.549,1.491,0.605
2397.254,-1.607,1.485,0.594
2397.365,-1.666,1.479,0.592
2397.477,-1.727,1.478,0.593
2397.588,-1.781,1.485,0.592
2397.700,-1.824,1.487,0.588
2397.810,-1.860,1.490,0.583
2397.921,-1.893,1.492,0.579
2398.032,-1.924,1.495,0.575
2398.143,-1.951,1.497,0.573
2398.254,-1.974,1.497,0.571
2398.365,-1.991,1.497,0.569
2398.477,-1.999,1.498,0.566
2398.588,-1.999,1.501,0.563
2398.699,-1.996,1.501,0.560
2398.810,-1.990,1.502,0.558
2398.921,-1.984,1.503,0.557
2399.032,-1.978,1.504,0.558
2399.143,-1.971,1.504,0.556
2399.254,-1.962,1.502,0.547
2399.365,-1.952,1.493,0.533
2399.476,-1.928,1.484,0.529
2399.587,-1.884,1.485,0.543
2399.699,-1.824,1.493,0.569
2399.810,-1.752,1.496,0.604
2399.921,-1.673,1.496,0.650
2400.032,-1.594,1.496,0.702
2400.143,-1.521,1.491,0.751
2400.254,-1.470,1.496,0.798
2400.365,-1.434,1.506,0.838
2400.476,-1.403,1.510,0.867
2400.587,-1.367,1.514,0.882
2400.699,-1.323,1.513,0.890
2400.810,-1.272,1.506,0.894
2400.921,-1.215,1.496,0.892
2401.032,-1.150,1.484,0.878
2401.143,-1.078,1.476,0.858
2401.254,-1.005,1.490,0.840
2401.365,-0.938,1.496,0.832
2401.476,-0.872,1.503,0.828
2401.587,-0.803,1.501,0.822
2401.698,-0.728,1.490,0.815
2401.810,-0.647,1.476,0.811
2401.921,-0.556,1.477,0.807
2402.031,-0.470,1.484,0.795
2402.144,-0.403,1.483,0.776
2402.254,-0.358,1.487,0.756
2402.365,-0.331,1.488,0.729
2402.476,-0.319,1.491,0.699
2402.588,-0.315,1.492,0.661
2402.699,-0.311,1.493,0.618
2402.810,-0.305,1.490,0.574
2402.921,-0.294,1.487,0.534
2403.032,-0.277,1.492,0.501
2403.143,-0.252,1.488,0.474
2403.254,-0.219,1.487,0.453
2403.365,-0.182,1.489,0.437
2403.477,-0.145,1.489,0.421
2403.588,-0.116,1.487,0.408
2403.699,-0.101,1.490,0.404
2403.810,-0.099,1.496,0.406
2403.921,-0.108,1.496,0.414
2404.032,-0.127,1.496,0.426
2404.143,-0.152,1.498,0.447
2404.254,-0.185,1.500,0.479
2404.365,-0.225,1.501,0.520
2404.477,-0.271,1.503,0.566
2404.588,-0.320,1.503,0.615
2404.698,-0.372,1.497,0.663
2404.810,-0.417,1.500,0.706
2404.920,-0.459,1.509,0.741
2405.032,-0.503,1.507,0.769
2405.143,-0.552,1.503,0.790
2405.254,-0.607,1.494,0.804
2405.365,-0.668,1.485,0.809
2405.476,-0.737,1.494,0.805
2405.587,-0.807,1.502,0.800
2405.698,-0.866,1.501,0.799
2405.809,-0.916,1.506,0.800
2405.921,-0.962,1.503,0.804
2406.032,-1.003,1.498,0.810
2406.143,-1.043,1.497,0.821
2406.254,-1.086,1.498,0.841
2406.365,-1.131,1.505,0.868
2406.476,-1.179,1.512,0.899
2406.587,-1.226,1.509,0.927
2406.699,-1.267,1.506,0.946
2406.810,-1.303,1.508,0.957
2406.921,-1.335,1.504,0.959
2407.032,-1.363,1.501,0.950
2407.143,-1.389,1.502,0.931
2407.254,-1.414,1.498,0.903
2407.366,-1.438,1.500,0.864
2407.477,-1.461,1.501,0.822
2407.588,-1.485,1.500,0.783
2407.699,-1.506,1.496,0.749
2407.810,-1.522,1.496,0.725
2407.922,-1.538,1.494,0.710
2408.032,-1.557,1.493,0.703
2408.143,-1.581,1.494,0.703
2408.254,-1.614,1.492,0.709
2408.366,-1.654,1.493,0.720
2408.477,-1.698,1.498,0.731
2408.588,-1.744,1.496,0.742
2408.699,-1.788,1.493,0.750
2408.810,-1.826,1.492,0.758
2408.921,-1.858,1.489,0.765
2409.032,-1.885,1.486,0.771
2409.143,-1.905,1.483,0.779
2409.254,-1.919,1.480,0.787
2409.365,-1.929,1.477,0.793
2409.476,-1.936,1.476,0.798
2409.587,-1.940,1.475,0.803
2409.699,-1.944,1.477,0.810
2409.810,-1.948,1.478,0.818
2409.921,-1.952,1.480,0.826
2410.032,-1.957,1.481,0.835
2410.143,-1.959,1.480,0.841
2410.254,-1.958,1.480,0.844
2410.365,-1.958,1.480,0.845
2410.476,-1.958,1.480,0.843
2410.587,-1.955,1.480,0.838
2410.698,-1.947,1.479,0.834
2410.810,-1.939,1.479,0.830
2410.921,-1.932,1.479,0.828
2411.032,-1.926,1.479,0.826
2411.143,-1.922,1.479,0.826
2411.254,-1.920,1.479,0.826
2411.365,-1.918,1.479,0.828
2411.476,-1.917,1.478,0.830
2411.587,-1.915,1.477,0.832
2411.698,-1.912,1.476,0.834
2411.809,-1.910,1.475,0.837
2411.921,-1.907,1.475,0.840
2412.032,-1.905,1.475,0.843
2412.143,-1.904,1.475,0.845
2412.252,-1.901,1.474,0.843
2412.365,-1.894,1.474,0.837
2412.476,-1.879,1.474,0.825
2412.588,-1.853,1.474,0.811
2412.699,-1.815,1.477,0.800
2412.810,-1.766,1.483,0.793
2412.921,-1.707,1.492,0.791
2413.032,-1.643,1.508,0.798
2413.143,-1.580,1.519,0.815
2413.254,-1.527,1.520,0.837
2413.365,-1.484,1.518,0.856
2413.477,-1.447,1.519,0.867
2413.588,-1.410,1.515,0.869
2413.699,-1.371,1.510,0.860
2413.810,-1.337,1.487,0.830
2413.921,-1.306,1.471,0.783
2414.032,-1.276,1.472,0.731
2414.143,-1.246,1.473,0.688
2414.254,-1.218,1.472,0.656
2414.365,-1.188,1.472,0.634
2414.476,-1.158,1.473,0.618
2414.588,-1.130,1.472,0.607
2414.699,-1.105,1.472,0.607
2414.810,-1.075,1.472,0.623
2414.921,-1.035,1.474,0.645
2415.032,-0.989,1.473,0.663
2415.143,-0.935,1.474,0.672
2415.255,-0.872,1.477,0.677
2415.365,-0.802,1.479,0.685
2415.477,-0.733,1.481,0.700
2415.588,-0.668,1.481,0.719
2415.699,-0.609,1.478,0.739
2415.810,-0.555,1.483,0.753
2415.921,-0.503,1.500,0.761
2416.032,-0.456,1.502,0.770
2416.144,-0.416,1.504,0.783
2416.255,-0.379,1.502,0.801
2416.366,-0.343,1.497,0.827
2416.477,-0.312,1.491,0.855
2416.588,-0.288,1.497,0.888
2416.699,-0.262,1.505,0.919
2416.810,-0.232,1.501,0.945
2416.921,-0.198,1.497,0.966
2417.033,-0.162,1.491,0.985
2417.144,-0.125,1.482,0.998
2417.255,-0.093,1.480,1.002
2417.365,-0.059,1.486,0.993
2417.477,-0.026,1.484,0.980
2417.587,-0.001,1.473,0.964
2417.698,0.011,1.467,0.946
2417.810,0.009,1.466,0.929
2417.920,-0.006,1.466,0.920
2418.032,-0.030,1.465,0.921
2418.143,-0.057,1.464,0.933
2418.254,-0.079,1.462,0.951
2418.365,-0.099,1.460,0.968
2418.476,-0.120,1.463,0.985
2418.588,-0.139,1.468,1.001
2418.698,-0.156,1.476,1.015
2418.809,-0.174,1.485,1.026
2418.921,-0.197,1.491,1.035
2419.032,-0.224,1.496,1.041
2419.143,-0.251,1.499,1.042
2419.254,-0.273,1.498,1.042
2419.365,-0.292,1.496,1.041
2419.476,-0.307,1.498,1.039
2419.587,-0.318,1.501,1.036
2419.699,-0.324,1.502,1.034
2419.810,-0.324,1.504,1.031
2419.921,-0.319,1.506,1.029
2420.032,-0.311,1.506,1.026
2420.143,-0.301,1.506,1.021
2420.254,-0.290,1.505,1.019
2420.365,-0.281,1.506,1.018
2420.477,-0.276,1.507,1.015
2420.588,-0.272,1.506,1.010
2420.699,-0.270,1.503,1.007
2420.810,-0.268,1.503,1.004
2420.921,-0.267,1.503,1.002
2421.032,-0.267,1.503,0.998
2421.143,-0.269,1.503,0.994
2421.254,-0.270,1.502,0.991
2421.366,-0.271,1.503,0.990
2421.477,-0.272,1.501,0.991
2421.588,-0.270,1.499,0.996
2421.699,-0.268,1.502,1.001
2421.810,-0.268,1.506,1.004
2421.921,-0.267,1.506,1.007
2422.032,-0.264,1.507,1.011
2422.143,-0.263,1.508,1.014
2422.255,-0.260,1.510,1.016
2422.366,-0.259,1.512,1.018
2422.476,-0.258,1.514,1.021
2422.588,-0.257,1.516,1.024
2422.699,-0.257,1.516,1.025
2422.810,-0.258,1.515,1.024
2422.921,-0.259,1.515,1.022
2423.032,-0.260,1.515,1.019
2423.143,-0.262,1.514,1.016
2423.254,-0.262,1.513,1.016
2423.365,-0.260,1.515,1.016
2423.476,-0.258,1.517,1.017
2423.588,-0.257,1.516,1.020
2423.698,-0.256,1.516,1.023
2423.810,-0.257,1.517,1.023
2423.921,-0.259,1.516,1.021
2424.032,-0.260,1.515,1.022
2424.143,-0.260,1.516,1.024
2424.254,-0.260,1.516,1.026
2424.365,-0.258,1.516,1.027
2424.477,-0.256,1.516,1.029
2424.588,-0.254,1.517,1.030
2424.698,-0.253,1.516,1.032
2424.810,-0.251,1.517,1.034
2424.921,-0.251,1.517,1.035
2425.032,-0.251,1.517,1.035
2425.143,-0.252,1.517,1.035
2425.254,-0.254,1.517,1.034
2425.366,-0.256,1.519,1.033
2425.476,-0.258,1.521,1.034
2425.588,-0.260,1.521,1.034
2425.699,-0.262,1.521,1.034
2425.810,-0.263,1.521,1.034
2425.921,-0.264,1.521,1.035
2426.032,-0.264,1.522,1.037
2426.143,-0.264,1.523,1.039
2426.254,-0.265,1.523,1.041
2426.365,-0.265,1.523,1.044
2426.476,-0.264,1.523,1.047
2426.588,-0.261,1.523,1.050
2426.699,-0.252,1.523,1.053
2426.809,-0.233,1.520,1.056
2426.921,-0.206,1.517,1.063
2427.032,-0.182,1.515,1.079
2427.144,-0.163,1.512,1.098
2427.254,-0.151,1.508,1.118
2427.365,-0.144,1.506,1.132
2427.477,-0.140,1.504,1.139
2427.588,-0.134,1.502,1.140
2427.698,-0.125,1.501,1.141
2427.810,-0.119,1.501,1.139
2427.921,-0.112,1.502,1.131
2428.032,-0.103,1.503,1.120
2428.143,-0.094,1.505,1.106
2428.255,-0.081,1.505,1.091
2428.366,-0.067,1.504,1.075
2428.477,-0.057,1.506,1.052
2428.588,-0.060,1.507,1.021
2428.699,-0.075,1.515,0.996
2428.810,-0.089,1.522,0.979
2428.921,-0.102,1.527,0.963
2429.032,-0.116,1.527,0.950
2429.143,-0.131,1.528,0.938
2429.255,-0.145,1.524,0.928
2429.366,-0.157,1.519,0.919
2429.476,-0.165,1.517,0.913
2429.588,-0.169,1.513,0.909
2429.698,-0.173,1.507,0.904
2429.810,-0.174,1.500,0.896
2429.921,-0.171,1.497,0.885
2430.032,-0.161,1.495,0.871
2430.143,-0.143,1.494,0.856
2430.254,-0.115,1.492,0.838
2430.365,-0.077,1.489,0.818
2430.476,-0.031,1.492,0.793
2430.587,0.017,1.493,0.765
2430.699,0.060,1.493,0.740
2430.809,0.094,1.493,0.721
2430.921,0.120,1.492,0.709
2431.032,0.138,1.492,0.703
2431.143,0.149,1.492,0.703
2431.254,0.155,1.491,0.704
2431.365,0.160,1.490,0.704
2431.477,0.161,1.487,0.703
2431.587,0.159,1.486,0.703
2431.699,0.158,1.487,0.703
2431.810,0.160,1.488,0.702
2431.921,0.163,1.487,0.701
2432.032,0.168,1.487,0.699
2432.143,0.172,1.487,0.696
2432.254,0.173,1.486,0.692
2432.365,0.175,1.486,0.688
2432.476,0.177,1.486,0.685
2432.588,0.179,1.486,0.682
2432.698,0.180,1.486,0.681
2432.810,0.179,1.486,0.679
2432.921,0.176,1.487,0.678
2433.032,0.168,1.488,0.676
2433.143,0.158,1.490,0.673
2433.254,0.144,1.492,0.670
2433.365,0.121,1.491,0.665
2433.476,0.088,1.490,0.661
2433.587,0.046,1.487,0.658
2433.698,-0.005,1.488,0.657
2433.809,-0.059,1.488,0.655
2433.921,-0.108,1.485,0.652
2434.032,-0.146,1.482,0.650
2434.143,-0.172,1.484,0.649
2434.254,-0.190,1.486,0.649
2434.365,-0.199,1.487,0.649
2434.476,-0.201,1.490,0.651
2434.588,-0.198,1.493,0.655
2434.698,-0.192,1.495,0.659
2434.809,-0.185,1.495,0.661
2434.921,-0.179,1.496,0.663
2435.032,-0.173,1.496,0.665
2435.143,-0.166,1.496,0.668
2435.254,-0.159,1.495,0.670
2435.365,-0.152,1.495,0.672
2435.476,-0.146,1.493,0.672
2435.587,-0.140,1.493,0.670
2435.698,-0.135,1.492,0.669
2435.809,-0.129,1.492,0.664
2435.921,-0.124,1.491,0.659
2436.032,-0.119,1.490,0.652
2436.143,-0.118,1.490,0.646
2436.254,-0.125,1.488,0.642
2436.365,-0.145,1.487,0.642
2436.476,-0.178,1.485,0.646
2436.587,-0.226,1.482,0.652
2436.698,-0.286,1.478,0.656
2436.810,-0.354,1.473,0.660
2436.920,-0.415,1.470,0.665
2437.032,-0.463,1.476,0.672
2437.143,-0.500,1.474,0.676
2437.254,-0.527,1.472,0.679
2437.365,-0.545,1.474,0.680
2437.476,-0.555,1.475,0.677
2437.587,-0.561,1.475,0.673
2437.698,-0.563,1.474,0.669
2437.809,-0.563,1.474,0.666
2437.921,-0.561,1.473,0.663
2438.032,-0.558,1.473,0.659
2438.143,-0.553,1.475,0.654
2438.254,-0.549,1.475,0.649
2438.365,-0.545,1.476,0.645
2438.476,-0.543,1.476,0.643
2438.587,-0.542,1.476,0.643
2438.698,-0.542,1.475,0.642
2438.809,-0.541,1.474,0.641
2438.921,-0.540,1.473,0.641
2439.032,-0.539,1.472,0.640
2439.142,-0.538,1.472,0.640
2439.254,-0.536,1.474,0.641
2439.365,-0.534,1.475,0.642
2439.476,-0.531,1.478,0.642
2439.588,-0.527,1.480,0.643
2439.698,-0.524,1.483,0.644
2439.809,-0.521,1.485,0.645
2439.921,-0.521,1.485,0.645
2440.032,-0.524,1.485,0.645
2440.143,-0.530,1.486,0.644
2440.254,-0.543,1.483,0.642
2440.365,-0.562,1.479,0.643
2440.476,-0.585,1.475,0.644
2440.587,-0.608,1.473,0.647
2440.698,-0.627,1.475,0.648
2440.809,-0.643,1.475,0.643
2440.921,-0.657,1.475,0.633
2441.032,-0.669,1.475,0.618
2441.143,-0.679,1.474,0.600
2441.254,-0.689,1.479,0.584
2441.365,-0.700,1.482,0.568
2441.476,-0.712,1.488,0.554
2441.587,-0.724,1.495,0.536
2441.698,-0.733,1.495,0.520
2441.810,-0.740,1.493,0.517
2441.921,-0.743,1.494,0.525
2442.032,-0.746,1.493,0.541
2442.143,-0.753,1.491,0.564
2442.254,-0.763,1.491,0.589
2442.365,-0.775,1.487,0.611
2442.476,-0.786,1.483,0.630
2442.587,-0.795,1.483,0.643
2442.698,-0.800,1.484,0.651
2442.809,-0.801,1.486,0.654
2442.921,-0.797,1.489,0.652
2443.031,-0.792,1.492,0.646
2443.143,-0.790,1.494,0.637
2443.254,-0.789,1.495,0.630
2443.365,-0.793,1.495,0.625
2443.476,-0.803,1.495,0.623
2443.587,-0.819,1.494,0.624
2443.698,-0.840,1.490,0.630
2443.809,-0.865,1.483,0.640
2443.919,-0.888,1.477,0.649
2444.030,-0.906,1.479,0.652
2444.141,-0.920,1.482,0.643
2444.252,-0.929,1.481,0.625
2444.365,-0.937,1.485,0.603
2444.476,-0.942,1.484,0.584
2444.587,-0.945,1.485,0.568
2444.698,-0.947,1.485,0.558
2444.809,-0.951,1.485,0.551
2444.920,-0.957,1.481,0.548
2445.032,-0.961,1.479,0.550
2445.143,-0.968,1.478,0.556
2445.254,-0.977,1.478,0.565
2445.365,-0.989,1.477,0.577
2445.476,-1.007,1.478,0.589
2445.587,-1.027,1.479,0.602
2445.698,-1.046,1.477,0.614
2445.809,-1.063,1.472,0.627
2445.921,-1.079,1.468,0.640
2446.031,-1.092,1.467,0.652
2446.143,-1.103,1.469,0.661
2446.254,-1.112,1.471,0.668
2446.365,-1.119,1.473,0.672
2446.476,-1.124,1.473,0.671
2446.587,-1.129,1.473,0.668
2446.698,-1.132,1.474,0.663
2446.809,-1.134,1.474,0.658
2446.921,-1.135,1.473,0.654
2447.032,-1.135,1.472,0.651
2447.143,-1.135,1.472,0.649
2447.254,-1.135,1.471,0.647
2447.365,-1.135,1.471,0.646
2447.476,-1.135,1.471,0.646
2447.587,-1.137,1.472,0.646
2447.698,-1.139,1.473,0.646
2447.809,-1.142,1.474,0.645
2447.920,-1.145,1.475,0.644
2448.031,-1.150,1.475,0.644
2448.142,-1.158,1.472,0.644
2448.254,-1.164,1.472,0.644
2448.364,-1.168,1.472,0.645
2448.476,-1.169,1.470,0.646
2448.587,-1.170,1.470,0.648
2448.698,-1.168,1.469,0.650
2448.809,-1.166,1.469,0.650
2448.920,-1.163,1.468,0.651
2449.031,-1.160,1.468,0.652
2449.142,-1.158,1.467,0.652
2449.254,-1.157,1.467,0.652
2449.365,-1.156,1.467,0.651
2449.475,-1.155,1.468,0.651
2449.587,-1.154,1.470,0.653
2449.698,-1.151,1.474,0.656
2449.809,-1.148,1.478,0.660
2449.920,-1.144,1.480,0.662
2450.032,-1.142,1.480,0.663
2450.142,-1.142,1.481,0.661
2450.254,-1.144,1.482,0.660
2450.365,-1.144,1.482,0.657
2450.476,-1.145,1.480,0.652
2450.587,-1.148,1.477,0.647
2450.699,-1.154,1.475,0.641
2450.809,-1.163,1.472,0.637
2450.921,-1.173,1.471,0.635
2451.031,-1.180,1.472,0.637
2451.143,-1.185,1.471,0.639
2451.254,-1.188,1.471,0.642
2451.365,-1.192,1.471,0.644
2451.476,-1.196,1.470,0.646
2451.587,-1.200,1.470,0.648
2451.698,-1.204,1.470,0.649
2451.809,-1.206,1.470,0.650
2451.921,-1.208,1.471,0.650
2452.032,-1.209,1.469,0.651
2452.143,-1.210,1.468,0.652
2452.254,-1.210,1.468,0.652
2452.365,-1.210,1.467,0.653
2452.476,-1.209,1.468,0.653
2452.587,-1.208,1.469,0.653
2452.698,-1.208,1.470,0.653
2452.809,-1.209,1.470,0.653
2452.921,-1.209,1.472,0.654
2453.031,-1.208,1.472,0.654
2453.142,-1.209,1.472,0.654
2453.254,-1.209,1.472,0.654
2453.365,-1.209,1.472,0.655
2453.476,-1.208,1.473,0.655
2453.587,-1.206,1.474,0.656
2453.699,-1.204,1.474,0.656
2453.809,-1.201,1.474,0.655
2453.921,-1.198,1.475,0.655
2454.032,-1.196,1.474,0.654
2454.142,-1.195,1.474,0.654
2454.254,-1.193,1.473,0.653
2454.365,-1.191,1.473,0.652
2454.476,-1.188,1.472,0.652
2454.587,-1.179,1.470,0.651
2454.698,-1.165,1.468,0.652
2454.809,-1.149,1.465,0.654
2454.921,-1.142,1.462,0.656
2455.031,-1.145,1.461,0.655
2455.143,-1.160,1.458,0.653
2455.254,-1.180,1.455,0.655
2455.365,-1.195,1.456,0.659
2455.476,-1.200,1.456,0.663
2455.587,-1.199,1.455,0.667
2455.698,-1.197,1.455,0.671
2455.809,-1.195,1.455,0.676
2455.921,-1.193,1.455,0.681
2456.032,-1.192,1.455,0.685
2456.142,-1.190,1.454,0.689
2456.254,-1.187,1.454,0.693
2456.365,-1.182,1.455,0.695
2456.476,-1.170,1.456,0.696
2456.588,-1.157,1.454,0.700
2456.699,-1.140,1.457,0.707
2456.810,-1.112,1.459,0.718
2456.921,-1.075,1.461,0.733
2457.032,-1.029,1.466,0.753
2457.143,-0.979,1.474,0.779
2457.312,-0.909,1.485,0.822
2457.421,-0.874,1.488,0.849
2457.532,-0.846,1.490,0.873
2457.643,-0.825,1.492,0.893
2457.754,-0.810,1.492,0.907
2457.866,-0.806,1.492,0.915
2457.976,-0.808,1.491,0.910
2458.087,-0.815,1.490,0.893
2458.199,-0.823,1.492,0.878
2458.310,-0.830,1.496,0.867
2458.421,-0.837,1.501,0.861
2458.533,-0.838,1.503,0.859
2458.643,-0.834,1.502,0.863
2458.754,-0.826,1.501,0.873
2458.865,-0.814,1.497,0.891
2458.976,-0.800,1.496,0.915
2459.087,-0.786,1.497,0.939
2459.198,-0.769,1.500,0.958
2459.309,-0.748,1.499,0.971
2459.421,-0.724,1.495,0.980
2459.532,-0.700,1.489,0.987
2459.643,-0.672,1.491,0.988
2459.754,-0.629,1.498,0.973
2459.865,-0.581,1.503,0.944
2459.977,-0.538,1.502,0.908
2460.088,-0.505,1.498,0.869
2460.199,-0.483,1.498,0.835
2460.310,-0.468,1.496,0.809
2460.421,-0.455,1.495,0.790
2460.532,-0.443,1.496,0.780
2460.643,-0.430,1.495,0.781
2460.754,-0.414,1.498,0.793
2460.865,-0.393,1.503,0.813
2460.976,-0.370,1.501,0.833
2461.087,-0.351,1.500,0.850
2461.199,-0.337,1.498,0.865
2461.310,-0.329,1.496,0.878
2461.421,-0.322,1.495,0.889
2461.532,-0.316,1.496,0.896
2461.643,-0.312,1.497,0.900
2461.754,-0.308,1.498,0.903
2461.866,-0.306,1.500,0.904
2461.976,-0.302,1.500,0.904
2462.087,-0.299,1.499,0.904
2462.199,-0.297,1.499,0.904
2462.310,-0.297,1.499,0.906
2462.421,-0.299,1.499,0.907
2462.532,-0.302,1.498,0.909
2462.643,-0.306,1.498,0.911
2462.754,-0.311,1.498,0.912
2462.865,-0.314,1.498,0.912
2462.976,-0.308,1.499,0.910
2463.088,-0.288,1.500,0.906
2463.199,-0.260,1.500,0.909
2463.310,-0.228,1.502,0.919
2463.422,-0.196,1.502,0.937
2463.533,-0.167,1.500,0.962
2463.643,-0.147,1.498,0.991
2463.754,-0.136,1.499,1.019
2463.865,-0.131,1.499,1.037
2463.977,-0.128,1.499,1.044
2464.088,-0.123,1.498,1.040
2464.199,-0.114,1.497,1.026
2464.310,-0.100,1.502,1.004
2464.421,-0.081,1.504,0.980
2464.532,-0.062,1.503,0.956
2464.643,-0.045,1.501,0.935
2464.754,-0.030,1.499,0.918
2464.865,-0.019,1.496,0.904
2464.977,-0.010,1.495,0.893
2465.087,-0.003,1.493,0.885
2465.199,0.002,1.493,0.880
2465.310,0.008,1.492,0.879
2465.421,0.015,1.490,0.884
2465.532,0.021,1.489,0.895
2465.643,0.026,1.488,0.913
2465.754,0.031,1.491,0.933
2465.865,0.038,1.494,0.956
2465.976,0.045,1.494,0.975
2466.088,0.053,1.497,0.987
2466.199,0.063,1.498,0.990
2466.310,0.074,1.499,0.984
2466.421,0.083,1.501,0.975
2466.532,0.090,1.502,0.962
2466.643,0.095,1.504,0.949
2466.754,0.099,1.504,0.939
2466.865,0.102,1.504,0.930
2466.977,0.104,1.503,0.923
2467.088,0.106,1.502,0.919
2467.199,0.108,1.502,0.920
2467.310,0.110,1.501,0.926
2467.421,0.112,1.501,0.940
2467.532,0.112,1.500,0.959
2467.643,0.111,1.500,0.982
2467.754,0.111,1.500,1.009
2467.866,0.113,1.498,1.039
2467.977,0.115,1.491,1.066
2468.088,0.115,1.486,1.083
2468.199,0.110,1.490,1.091
2468.310,0.090,1.496,1.091
2468.421,0.067,1.503,1.074
2468.532,0.053,1.508,1.044
2468.643,0.052,1.505,1.013
2468.754,0.056,1.494,0.985
2468.865,0.064,1.492,0.964
2468.976,0.072,1.496,0.951
2469.088,0.077,1.498,0.941
2469.199,0.082,1.503,0.934
2469.310,0.086,1.514,0.931
2469.420,0.092,1.530,0.926
2469.532,0.105,1.547,0.922
2469.643,0.121,1.556,0.921
2469.754,0.136,1.560,0.921
2469.865,0.147,1.562,0.920
2469.976,0.153,1.561,0.921
2470.087,0.153,1.559,0.924
2470.198,0.152,1.556,0.931
2470.309,0.153,1.546,0.946
2470.420,0.166,1.530,0.966
2470.532,0.186,1.516,0.978
2470.643,0.202,1.511,0.981
2470.754,0.210,1.509,0.981
2470.865,0.212,1.507,0.984
2470.976,0.210,1.506,0.989
2471.087,0.204,1.505,0.999
2471.199,0.195,1.505,1.006
2471.309,0.185,1.506,1.012
2471.421,0.175,1.507,1.017
2471.532,0.165,1.507,1.021
2471.643,0.155,1.506,1.025
2471.754,0.148,1.505,1.028
2471.865,0.142,1.504,1.030
2471.976,0.138,1.503,1.030
2472.087,0.136,1.502,1.029
2472.199,0.134,1.501,1.028
2472.310,0.134,1.500,1.028
2472.421,0.132,1.499,1.027
2472.532,0.131,1.500,1.028
2472.643,0.131,1.499,1.028
2472.754,0.131,1.499,1.028
2472.865,0.132,1.499,1.029
2472.976,0.134,1.499,1.029
2473.087,0.136,1.500,1.027
2473.199,0.138,1.501,1.026
2473.310,0.139,1.502,1.025
2473.421,0.140,1.503,1.025
2473.532,0.140,1.503,1.025
2473.643,0.139,1.503,1.025
2473.754,0.136,1.502,1.023
2473.865,0.132,1.502,1.022
2473.976,0.127,1.502,1.020
2474.088,0.122,1.504,1.018
2474.198,0.116,1.514,1.014
2474.310,0.114,1.518,1.007
2474.421,0.116,1.515,1.001
2474.532,0.117,1.515,0.993
2474.643,0.118,1.519,0.983
2474.754,0.122,1.524,0.971
2474.865,0.125,1.530,0.958
2474.976,0.128,1.541,0.940
2475.088,0.130,1.548,0.921
2475.199,0.130,1.550,0.906
2475.310,0.129,1.550,0.897
2475.421,0.126,1.550,0.891
2475.532,0.123,1.550,0.890
2475.643,0.117,1.550,0.892
2475.754,0.111,1.548,0.896
2475.865,0.103,1.547,0.900
2475.976,0.095,1.545,0.908
2476.087,0.085,1.543,0.921
2476.198,0.071,1.538,0.941
2476.309,0.053,1.525,0.971
2476.420,0.030,1.511,1.011
2476.532,0.001,1.490,1.060
2476.643,-0.030,1.473,1.115
2476.754,-0.057,1.465,1.164
2476.865,-0.074,1.469,1.203
2476.976,-0.083,1.482,1.239
2477.087,-0.086,1.493,1.280
2477.198,-0.087,1.497,1.325
2477.309,-0.088,1.490,1.380
2477.421,-0.091,1.483,1.443
2477.532,-0.096,1.493,1.511
2477.643,-0.102,1.516,1.582
2477.754,-0.109,1.524,1.647
2477.866,-0.116,1.526,1.706
2477.976,-0.121,1.524,1.768
2478.087,-0.126,1.516,1.838
2478.199,-0.134,1.503,1.923
2478.310,-0.146,1.488,2.020
2478.421,-0.162,1.492,2.123
2478.532,-0.172,1.502,2.223
2478.642,-0.168,1.508,2.318
2478.754,-0.156,1.511,2.406
2478.865,-0.141,1.503,2.490
2478.976,-0.126,1.492,2.572
2479.087,-0.108,1.490,2.656
2479.198,-0.086,1.505,2.739
2479.309,-0.071,1.510,2.820
2479.420,-0.059,1.513,2.896
2479.532,-0.047,1.508,2.973
2479.643,-0.035,1.496,3.054
2479.754,-0.026,1.485,3.138
2479.865,-0.018,1.482,3.226
2479.976,-0.007,1.499,3.315
2480.087,0.014,1.501,3.398
2480.198,0.042,1.503,3.475
2480.309,0.073,1.498,3.548
2480.420,0.109,1.488,3.621
2480.532,0.152,1.476,3.694
2480.643,0.200,1.479,3.764
2480.754,0.247,1.490,3.827
2480.865,0.288,1.495,3.883
2480.976,0.323,1.495,3.939
2481.087,0.351,1.492,3.995
2481.198,0.372,1.486,4.053
2481.309,0.388,1.477,4.117
2481.420,0.398,1.469,4.190
2481.532,0.403,1.480,4.269
2481.642,0.404,1.488,4.341
2481.753,0.401,1.493,4.406
2481.865,0.396,1.494,4.465
2481.976,0.395,1.492,4.525
2482.087,0.398,1.487,4.586
2482.198,0.404,1.483,4.649
2482.309,0.411,1.489,4.717
2482.420,0.418,1.488,4.784
2482.532,0.419,1.489,4.844
2482.642,0.413,1.490,4.900
2482.753,0.402,1.487,4.956
2482.865,0.386,1.483,5.012
2482.976,0.365,1.475,5.066
2483.087,0.338,1.472,5.115
2483.198,0.306,1.483,5.157
2483.309,0.275,1.490,5.191
2483.420,0.245,1.495,5.217
2483.532,0.220,1.494,5.241
2483.642,0.199,1.494,5.268
2483.753,0.181,1.492,5.300
2483.865,0.164,1.495,5.337
2483.976,0.145,1.493,5.378
2484.087,0.130,1.491,5.416
2484.198,0.122,1.491,5.444
2484.309,0.118,1.491,5.465
2484.420,0.116,1.492,5.480
2484.531,0.111,1.494,5.491
2484.642,0.106,1.496,5.500
2484.753,0.100,1.497,5.510
2484.865,0.094,1.498,5.517
2484.976,0.088,1.497,5.524
2485.087,0.082,1.497,5.530
2485.198,0.077,1.496,5.535
2485.309,0.073,1.494,5.541
2485.420,0.066,1.493,5.549
2485.532,0.057,1.490,5.562
2485.643,0.046,1.488,5.582
2485.754,0.034,1.488,5.614
2485.865,0.031,1.486,5.653
2485.976,0.038,1.484,5.691
2486.087,0.050,1.485,5.723
2486.199,0.064,1.485,5.751
2486.310,0.074,1.484,5.775
2486.421,0.078,1.482,5.797
2486.532,0.078,1.479,5.819
2486.643,0.071,1.477,5.844
2486.754,0.058,1.474,5.871
2486.865,0.035,1.469,5.900
2486.976,0.002,1.474,5.930
2487.087,-0.035,1.481,5.960
2487.199,-0.071,1.478,5.984
2487.310,-0.104,1.477,5.999
2487.421,-0.136,1.480,6.004
2487.532,-0.168,1.479,6.001
2487.643,-0.202,1.478,5.997
2487.754,-0.238,1.477,5.993
2487.865,-0.276,1.473,5.994
2487.976,-0.319,1.466,6.000
2488.088,-0.370,1.461,6.013
2488.198,-0.427,1.468,6.032
2488.309,-0.481,1.465,6.049
2488.420,-0.530,1.454,6.054
2488.532,-0.579,1.452,6.054
2488.643,-0.628,1.447,6.048
2488.754,-0.676,1.446,6.041
2488.865,-0.716,1.455,6.041
2488.977,-0.742,1.471,6.034
2489.087,-0.772,1.488,6.017
2489.199,-0.789,1.493,5.999
2489.310,-0.804,1.493,5.983
2489.420,-0.813,1.495,5.969
2489.532,-0.822,1.498,5.960
2489.643,-0.836,1.496,5.956
2489.754,-0.857,1.492,5.956
2489.865,-0.881,1.488,5.956
2489.977,-0.908,1.485,5.951
2490.088,-0.933,1.482,5.943
2490.199,-0.953,1.480,5.931
2490.310,-0.970,1.481,5.918
2490.421,-0.986,1.481,5.904
2490.532,-1.002,1.482,5.889
2490.643,-1.015,1.484,5.878
2490.754,-1.032,1.483,5.874
2490.865,-1.054,1.480,5.877
2490.976,-1.084,1.476,5.884
2491.087,-1.122,1.480,5.892
2491.199,-1.165,1.488,5.902
2491.310,-1.207,1.492,5.913
2491.421,-1.243,1.491,5.924
2491.532,-1.280,1.493,5.934
2491.643,-1.319,1.497,5.939
2491.754,-1.362,1.501,5.933
2491.865,-1.405,1.503,5.913
2491.977,-1.450,1.501,5.886
2492.087,-1.499,1.496,5.858
2492.198,-1.552,1.499,5.830
2492.309,-1.601,1.502,5.806
2492.420,-1.643,1.503,5.790
2492.532,-1.680,1.508,5.778
2492.642,-1.716,1.507,5.766
2492.754,-1.751,1.505,5.755
2492.865,-1.786,1.504,5.748
2492.976,-1.824,1.504,5.747
2493.087,-1.864,1.511,5.746
2493.198,-1.898,1.509,5.745
2493.309,-1.924,1.505,5.749
2493.421,-1.949,1.502,5.747
2493.531,-1.981,1.500,5.738
2493.642,-2.018,1.497,5.727
2493.754,-2.053,1.493,5.715
2493.865,-2.085,1.489,5.706
2493.976,-2.114,1.487,5.698
2494.087,-2.139,1.488,5.689
2494.198,-2.161,1.486,5.675
2494.309,-2.181,1.483,5.655
2494.420,-2.200,1.479,5.629
2494.531,-2.217,1.473,5.594
2494.643,-2.232,1.472,5.547
2494.754,-2.246,1.479,5.492
2494.865,-2.261,1.484,5.443
2494.976,-2.275,1.486,5.401
2495.087,-2.287,1.490,5.361
2495.198,-2.303,1.481,5.314
2495.309,-2.328,1.469,5.260
2495.421,-2.359,1.459,5.200
2495.531,-2.387,1.458,5.140
2495.643,-2.408,1.456,5.085
2495.754,-2.419,1.450,5.041
2495.865,-2.420,1.450,5.004
2495.976,-2.414,1.449,4.977
2496.087,-2.402,1.450,4.958
2496.198,-2.387,1.457,4.944
2496.309,-2.367,1.462,4.937
2496.420,-2.347,1.469,4.937
2496.531,-2.326,1.478,4.945
2496.642,-2.308,1.488,4.959
2496.754,-2.296,1.494,4.981
2496.865,-2.291,1.501,5.006
2496.976,-2.292,1.507,5.026
2497.087,-2.297,1.510,5.042
2497.199,-2.303,1.511,5.057
2497.310,-2.309,1.509,5.070
2497.421,-2.314,1.509,5.079
2497.532,-2.318,1.511,5.084
2497.643,-2.323,1.511,5.088
2497.754,-2.329,1.510,5.094
2497.865,-2.334,1.513,5.104
2497.976,-2.338,1.517,5.115
2498.087,-2.341,1.518,5.125
2498.198,-2.343,1.518,5.132
2498.309,-2.343,1.519,5.136
2498.420,-2.341,1.519,5.141
2498.532,-2.337,1.519,5.140
2498.643,-2.333,1.518,5.137
2498.754,-2.332,1.515,5.137
2498.865,-2.330,1.514,5.135
2498.976,-2.328,1.512,5.132
2499.087,-2.325,1.510,5.127
2499.198,-2.323,1.508,5.123
2499.310,-2.320,1.507,5.121
2499.421,-2.318,1.506,5.122
2499.531,-2.317,1.505,5.123
2499.643,-2.315,1.505,5.124
2499.753,-2.314,1.505,5.126
2499.865,-2.312,1.505,5.128
2499.976,-2.311,1.505,5.129
2500.087,-2.308,1.506,5.130
2500.198,-2.304,1.506,5.132
2500.310,-2.301,1.506,5.132
2500.421,-2.297,1.507,5.132
2500.532,-2.293,1.507,5.132
2500.642,-2.291,1.506,5.130
2500.754,-2.290,1.505,5.130
2500.865,-2.292,1.505,5.127
2500.976,-2.294,1.505,5.125
2501.087,-2.296,1.506,5.124
2501.198,-2.300,1.506,5.122
2501.309,-2.304,1.505,5.117
2501.420,-2.310,1.506,5.111
2501.532,-2.314,1.504,5.105
2501.643,-2.317,1.503,5.098
2501.754,-2.321,1.502,5.089
2501.865,-2.325,1.501,5.081
2501.976,-2.329,1.501,5.072
2502.087,-2.335,1.500,5.063
2502.198,-2.341,1.499,5.054
2502.309,-2.349,1.498,5.044
2502.420,-2.359,1.496,5.032
2502.531,-2.370,1.494,5.016
2502.642,-2.380,1.490,4.996
2502.753,-2.385,1.488,4.974
2502.865,-2.386,1.490,4.946
2502.976,-2.378,1.488,4.911
2503.087,-2.365,1.475,4.864
2503.198,-2.343,1.465,4.803
2503.309,-2.310,1.475,4.736
2503.420,-2.275,1.493,4.673
2503.532,-2.249,1.503,4.617
2503.643,-2.230,1.515,4.565
2503.754,-2.215,1.515,4.514
2503.860,-2.194,1.507,4.462
2503.970,-2.172,1.501,4.407
2504.081,-2.154,1.494,4.345
2504.192,-2.138,1.499,4.276
2504.294,-2.122,1.503,4.218
2504.406,-2.100,1.500,4.161
2504.517,-2.071,1.502,4.115
2504.627,-2.037,1.497,4.073
2504.739,-1.997,1.488,4.032
2504.850,-1.950,1.478,3.993
2504.961,-1.897,1.487,3.954
2505.073,-1.848,1.498,3.913
2505.184,-1.805,1.504,3.872
2505.295,-1.766,1.506,3.835
2505.406,-1.732,1.503,3.798
2505.518,-1.702,1.499,3.759
2505.628,-1.676,1.500,3.717
2505.739,-1.649,1.500,3.677
2505.851,-1.630,1.497,3.646
2505.961,-1.618,1.495,3.624
2506.073,-1.612,1.492,3.609
2506.184,-1.608,1.486,3.598
2506.295,-1.605,1.484,3.589
2506.406,-1.597,1.483,3.581
2506.518,-1.585,1.480,3.572
2506.628,-1.569,1.477,3.564
2506.740,-1.550,1.476,3.557
2506.851,-1.525,1.474,3.552
2506.961,-1.492,1.468,3.548
2507.073,-1.451,1.464,3.546
2507.184,-1.403,1.464,3.550
2507.295,-1.350,1.469,3.556
2507.406,-1.297,1.475,3.562
2507.518,-1.248,1.480,3.568
2507.629,-1.198,1.485,3.570
2507.740,-1.147,1.497,3.570
2507.851,-1.091,1.506,3.568
2507.962,-1.034,1.506,3.567
2508.073,-0.971,1.499,3.565
2508.185,-0.902,1.502,3.561
2508.295,-0.837,1.514,3.559
2508.407,-0.782,1.513,3.563
2508.518,-0.735,1.515,3.572
2508.629,-0.688,1.509,3.585
2508.740,-0.638,1.501,3.598
2508.851,-0.582,1.497,3.614
2508.962,-0.525,1.491,3.633
2509.073,-0.464,1.490,3.658
2509.185,-0.407,1.501,3.683
2509.296,-0.351,1.506,3.701
2509.406,-0.296,1.513,3.715
2509.518,-0.238,1.513,3.729
2509.629,-0.178,1.507,3.744
2509.740,-0.114,1.498,3.761
2509.851,-0.049,1.490,3.779
2509.962,0.015,1.499,3.796
2510.073,0.072,1.495,3.818
2510.185,0.117,1.491,3.841
2510.296,0.154,1.491,3.868
2510.406,0.185,1.486,3.900
2510.518,0.215,1.478,3.938
2510.629,0.242,1.470,3.986
2510.740,0.268,1.467,4.041
2510.851,0.295,1.470,4.105
2510.962,0.328,1.467,4.167
2511.073,0.363,1.461,4.220
2511.185,0.398,1.463,4.267
2511.296,0.433,1.457,4.315
2511.407,0.468,1.449,4.368
2511.518,0.500,1.440,4.421
2511.629,0.531,1.444,4.479
2511.740,0.555,1.455,4.533
2511.852,0.573,1.452,4.584
2511.962,0.583,1.451,4.630
2512.073,0.587,1.446,4.675
2512.185,0.586,1.441,4.724
2512.295,0.579,1.437,4.779
2512.407,0.563,1.433,4.840
2512.518,0.536,1.442,4.910
2512.629,0.505,1.456,4.977
2512.740,0.475,1.463,5.033
2512.851,0.448,1.475,5.082
2512.962,0.421,1.482,5.133
2513.073,0.396,1.484,5.187
2513.185,0.368,1.481,5.246
2513.296,0.339,1.477,5.301
2513.407,0.309,1.489,5.350
2513.518,0.282,1.494,5.386
2513.629,0.265,1.496,5.404
2513.740,0.260,1.492,5.409
2513.851,0.259,1.488,5.408
2513.962,0.262,1.489,5.408
2514.073,0.264,1.491,5.412
2514.185,0.262,1.492,5.419
2514.296,0.256,1.492,5.431
2514.406,0.243,1.490,5.450
2514.518,0.229,1.489,5.475
2514.629,0.215,1.486,5.504
2514.740,0.206,1.483,5.527
2514.852,0.197,1.484,5.532
2514.962,0.179,1.480,5.524
2515.073,0.152,1.477,5.505
2515.185,0.123,1.475,5.473
2515.296,0.090,1.475,5.436
2515.407,0.055,1.482,5.396
2515.518,0.017,1.483,5.362
2515.629,-0.018,1.482,5.333
2515.740,-0.049,1.481,5.305
2515.851,-0.075,1.477,5.277
2515.962,-0.099,1.472,5.252
2516.073,-0.124,1.466,5.228
2516.185,-0.151,1.459,5.203
2516.295,-0.184,1.450,5.177
2516.406,-0.223,1.449,5.150
2516.518,-0.266,1.449,5.123
2516.628,-0.304,1.444,5.094
2516.739,-0.332,1.439,5.064
2516.851,-0.351,1.439,5.034
2516.962,-0.368,1.435,5.004
2517.073,-0.381,1.431,4.974
2517.185,-0.394,1.430,4.938
2517.295,-0.408,1.427,4.892
2517.406,-0.422,1.427,4.832
2517.518,-0.436,1.432,4.767
2517.629,-0.450,1.436,4.711
2517.740,-0.462,1.439,4.667
2517.851,-0.472,1.442,4.632
2517.962,-0.480,1.444,4.605
2518.073,-0.485,1.444,4.584
2518.184,-0.493,1.446,4.565
2518.295,-0.506,1.444,4.545
2518.407,-0.524,1.444,4.520
2518.517,-0.548,1.439,4.486
2518.629,-0.579,1.431,4.446
2518.740,-0.622,1.428,4.399
2518.851,-0.674,1.431,4.345
2518.962,-0.728,1.438,4.291
2519.073,-0.767,1.438,4.241
2519.184,-0.795,1.442,4.193
2519.295,-0.815,1.440,4.143
2519.406,-0.831,1.434,4.088
2519.518,-0.843,1.432,4.022
2519.629,-0.851,1.436,3.945
2519.740,-0.856,1.460,3.865
2519.851,-0.863,1.491,3.796
2519.963,-0.878,1.508,3.739
2520.073,-0.899,1.517,3.686
2520.185,-0.924,1.511,3.634
2520.296,-0.958,1.503,3.591
2520.407,-1.001,1.500,3.560
2520.518,-1.052,1.509,3.540
2520.629,-1.100,1.508,3.530
2520.740,-1.137,1.505,3.525
2520.851,-1.163,1.506,3.516
2520.962,-1.183,1.501,3.504
2521.073,-1.197,1.499,3.484
2521.185,-1.211,1.504,3.454
2521.295,-1.226,1.507,3.420
2521.407,-1.239,1.503,3.391
2521.518,-1.242,1.500,3.369
2521.629,-1.240,1.496,3.353
2521.740,-1.234,1.490,3.342
2521.851,-1.228,1.487,3.333
2521.962,-1.222,1.488,3.324
2522.073,-1.219,1.488,3.318
2522.184,-1.218,1.488,3.314
2522.296,-1.219,1.486,3.312
2522.406,-1.224,1.486,3.312
2522.518,-1.231,1.487,3.314
2522.629,-1.238,1.488,3.318
2522.740,-1.245,1.489,3.321
2522.852,-1.256,1.490,3.324
2522.962,-1.273,1.489,3.326
2523.073,-1.293,1.488,3.328
2523.185,-1.314,1.486,3.330
2523.295,-1.334,1.488,3.334
2523.406,-1.356,1.490,3.343
2523.518,-1.382,1.484,3.358
2523.629,-1.414,1.479,3.380
2523.740,-1.451,1.475,3.408
2523.851,-1.494,1.474,3.442
2523.962,-1.537,1.486,3.478
2524.073,-1.575,1.492,3.506
2524.185,-1.610,1.496,3.529
2524.296,-1.647,1.498,3.548
2524.407,-1.688,1.495,3.567
2524.518,-1.728,1.493,3.584
2524.629,-1.772,1.491,3.594
2524.740,-1.820,1.494,3.600
2524.852,-1.861,1.492,3.605
2524.962,-1.890,1.492,3.610
2525.073,-1.906,1.493,3.615
2525.185,-1.911,1.491,3.622
2525.296,-1.906,1.489,3.630
2525.406,-1.892,1.487,3.636
2525.518,-1.872,1.486,3.641
2525.628,-1.845,1.486,3.640
2525.740,-1.812,1.486,3.635
2525.851,-1.770,1.486,3.624
2525.962,-1.723,1.489,3.610
2526.073,-1.671,1.491,3.594
2526.184,-1.617,1.491,3.577
2526.295,-1.565,1.489,3.564
2526.406,-1.518,1.493,3.556
2526.518,-1.471,1.496,3.553
2526.628,-1.422,1.492,3.556
2526.740,-1.369,1.487,3.565
2526.851,-1.312,1.478,3.579
2526.962,-1.252,1.474,3.600
2527.073,-1.191,1.488,3.630
2527.184,-1.136,1.496,3.658
2527.295,-1.088,1.503,3.681
2527.406,-1.039,1.508,3.700
2527.518,-0.980,1.505,3.717
2527.629,-0.915,1.494,3.733
2527.740,-0.846,1.480,3.744
2527.852,-0.769,1.473,3.750
2527.962,-0.687,1.481,3.751
2528.073,-0.612,1.478,3.756
2528.184,-0.549,1.472,3.765
2528.296,-0.493,1.469,3.775
2528.406,-0.443,1.464,3.786
2528.518,-0.394,1.462,3.799
2528.629,-0.343,1.458,3.815
2528.740,-0.289,1.452,3.835
2528.851,-0.226,1.455,3.864
2528.962,-0.163,1.463,3.901
2529.073,-0.109,1.463,3.938
2529.184,-0.065,1.462,3.969
2529.295,-0.028,1.468,3.996
2529.406,0.008,1.467,4.022
2529.518,0.049,1.463,4.046
2529.629,0.098,1.459,4.069
2529.740,0.156,1.458,4.091
2529.851,0.219,1.470,4.115
2529.962,0.276,1.471,4.139
2530.073,0.317,1.477,4.168
2530.185,0.350,1.474,4.205
2530.295,0.375,1.469,4.251
2530.406,0.394,1.464,4.307
2530.518,0.411,1.459,4.370
2530.629,0.423,1.464,4.434
2530.740,0.434,1.464,4.494
2530.851,0.442,1.456,4.550
2530.962,0.446,1.454,4.603
2531.073,0.448,1.447,4.655
2531.185,0.450,1.440,4.708
2531.295,0.455,1.434,4.765
2531.406,0.463,1.433,4.829
2531.518,0.472,1.446,4.893
2531.629,0.478,1.454,4.956
2531.740,0.478,1.459,5.010
2531.851,0.471,1.461,5.066
2531.962,0.458,1.460,5.122
2532.073,0.441,1.463,5.182
2532.185,0.416,1.463,5.243
2532.296,0.385,1.479,5.302
2532.407,0.351,1.491,5.359
2532.518,0.318,1.496,5.410
2532.629,0.285,1.501,5.452
2532.740,0.250,1.500,5.491
2532.852,0.219,1.498,5.529
2532.962,0.192,1.496,5.565
2533.073,0.171,1.501,5.601
2533.185,0.150,1.506,5.638
2533.296,0.133,1.505,5.662
2533.406,0.126,1.504,5.675
2533.518,0.124,1.504,5.680
2533.628,0.125,1.506,5.682
2533.739,0.124,1.508,5.685
2533.851,0.121,1.507,5.687
2533.962,0.116,1.507,5.686
2534.073,0.109,1.503,5.685
2534.184,0.092,1.495,5.687
2534.295,0.066,1.487,5.692
2534.406,0.036,1.479,5.693
2534.518,-0.001,1.472,5.690
2534.629,-0.040,1.465,5.682
2534.740,-0.084,1.461,5.669
2534.851,-0.133,1.470,5.648
2534.962,-0.178,1.475,5.628
2535.073,-0.222,1.476,5.616
2535.185,-0.262,1.476,5.611
2535.296,-0.302,1.477,5.612
2535.406,-0.346,1.475,5.615
2535.518,-0.397,1.468,5.621
2535.629,-0.454,1.461,5.631
2535.740,-0.516,1.460,5.645
2535.851,-0.579,1.471,5.663
2535.962,-0.636,1.482,5.678
2536.073,-0.687,1.489,5.689
2536.185,-0.740,1.490,5.695
2536.296,-0.795,1.485,5.699
2536.407,-0.855,1.480,5.705
2536.518,-0.922,1.472,5.720
2536.629,-0.989,1.473,5.739
2536.741,-1.053,1.487,5.751
2536.852,-1.110,1.487,5.764
2536.963,-1.155,1.488,5.777
2537.073,-1.196,1.492,5.791
2537.185,-1.235,1.487,5.809
2537.296,-1.276,1.479,5.829
2537.407,-1.318,1.471,5.857
2537.519,-1.355,1.476,5.893
2537.630,-1.384,1.486,5.931
2537.740,-1.407,1.489,5.964
2537.852,-1.424,1.490,5.989
2537.963,-1.432,1.491,6.010
2538.074,-1.436,1.489,6.023
2538.185,-1.445,1.490,6.028
2538.296,-1.464,1.487,6.027
2538.407,-1.499,1.490,6.024
2538.518,-1.540,1.489,6.029
2538.629,-1.572,1.480,6.030
2538.740,-1.594,1.482,6.016
2538.851,-1.616,1.486,5.984
2538.963,-1.646,1.492,5.945
2539.073,-1.684,1.498,5.908
2539.185,-1.730,1.500,5.875
2539.296,-1.779,1.501,5.847
2539.406,-1.827,1.501,5.824
2539.518,-1.872,1.500,5.805
2539.628,-1.913,1.501,5.791
2539.741,-1.951,1.507,5.780
2539.851,-1.989,1.508,5.771
2539.962,-2.022,1.506,5.764
2540.073,-2.049,1.508,5.759
2540.184,-2.065,1.500,5.753
2540.296,-2.076,1.491,5.745
2540.407,-2.080,1.487,5.732
2540.518,-2.077,1.483,5.713
2540.629,-2.068,1.481,5.688
2540.740,-2.050,1.482,5.656
2540.851,-2.031,1.483,5.623
2540.962,-2.016,1.484,5.591
2541.073,-2.004,1.489,5.560
2541.185,-2.000,1.488,5.539
2541.296,-2.002,1.494,5.527
2541.407,-2.010,1.505,5.525
2541.518,-2.024,1.516,5.528
2541.629,-2.043,1.524,5.531
2541.740,-2.068,1.532,5.535
2541.851,-2.092,1.541,5.540
2541.962,-2.111,1.545,5.547
2542.073,-2.125,1.544,5.560
2542.184,-2.135,1.541,5.583
2542.296,-2.141,1.542,5.612
2542.407,-2.143,1.541,5.642
2542.518,-2.144,1.543,5.670
2542.629,-2.146,1.545,5.695
2542.740,-2.150,1.544,5.712
2542.851,-2.156,1.545,5.723
2542.963,-2.160,1.545,5.728
2543.074,-2.159,1.543,5.728
2543.185,-2.153,1.541,5.725
2543.296,-2.146,1.540,5.720
2543.407,-2.138,1.539,5.715
2543.518,-2.133,1.536,5.713
2543.629,-2.130,1.535,5.712
2543.740,-2.129,1.534,5.712
2543.852,-2.129,1.533,5.712
2543.963,-2.129,1.532,5.713
2544.074,-2.129,1.531,5.715
2544.185,-2.130,1.530,5.718
2544.296,-2.130,1.530,5.721
2544.407,-2.127,1.529,5.720
2544.518,-2.122,1.528,5.715
2544.629,-2.117,1.527,5.707
2544.740,-2.112,1.527,5.697
2544.851,-2.107,1.526,5.684
2544.963,-2.103,1.525,5.671
2545.073,-2.101,1.524,5.656
2545.185,-2.103,1.523,5.638
2545.296,-2.108,1.524,5.621
2545.406,-2.116,1.523,5.608
2545.518,-2.125,1.522,5.599
2545.629,-2.132,1.522,5.595
2545.740,-2.136,1.522,5.594
2545.851,-2.137,1.523,5.597
2545.962,-2.137,1.523,5.602
2546.073,-2.137,1.523,5.608
2546.184,-2.135,1.523,5.615
2546.295,-2.134,1.523,5.624
2546.406,-2.129,1.523,5.640
2546.517,-2.126,1.521,5.665
2546.629,-2.127,1.520,5.688
2546.740,-2.131,1.518,5.706
2546.852,-2.136,1.518,5.719
2546.963,-2.141,1.516,5.731
2547.073,-2.148,1.517,5.741
2547.185,-2.153,1.517,5.747
2547.296,-2.157,1.518,5.751
2547.407,-2.160,1.518,5.753
2547.518,-2.161,1.518,5.755
2547.630,-2.160,1.518,5.755
2547.740,-2.157,1.518,5.753
2547.852,-2.152,1.518,5.749
2547.963,-2.146,1.518,5.744
2548.074,-2.141,1.518,5.740
2548.185,-2.137,1.517,5.737
2548.296,-2.134,1.517,5.734
2548.407,-2.131,1.518,5.732
2548.518,-2.129,1.518,5.731
2548.630,-2.128,1.518,5.731
2548.740,-2.126,1.518,5.731
2548.852,-2.124,1.518,5.730
2548.963,-2.121,1.519,5.726
2549.074,-2.117,1.520,5.719
2549.185,-2.114,1.520,5.713
2549.296,-2.112,1.520,5.709
2549.407,-2.112,1.520,5.708
2549.519,-2.113,1.520,5.710
2549.629,-2.115,1.524,5.712
2549.740,-2.117,1.532,5.712
2549.851,-2.122,1.541,5.710
2549.963,-2.127,1.548,5.709
2550.073,-2.131,1.552,5.708
2550.185,-2.134,1.554,5.705
2550.296,-2.137,1.555,5.701
2550.407,-2.138,1.557,5.694
2550.518,-2.135,1.556,5.682
2550.629,-2.129,1.551,5.664
2550.740,-2.125,1.541,5.644
2550.851,-2.122,1.532,5.626
2550.962,-2.121,1.527,5.611
2551.073,-2.124,1.523,5.596
2551.185,-2.129,1.522,5.584
2551.295,-2.136,1.522,5.573
2551.406,-2.142,1.522,5.565
2551.517,-2.149,1.524,5.562
2551.629,-2.152,1.525,5.560
2551.740,-2.154,1.524,5.560
2551.851,-2.152,1.524,5.563
2551.962,-2.148,1.522,5.568
2552.073,-2.143,1.522,5.574
2552.184,-2.137,1.522,5.581
2552.295,-2.131,1.522,5.588
2552.405,-2.125,1.522,5.596
2552.518,-2.120,1.522,5.602
2552.629,-2.116,1.522,5.608
2552.740,-2.114,1.522,5.612
2552.851,-2.115,1.523,5.614
2552.963,-2.118,1.521,5.616
2553.073,-2.126,1.522,5.622
2553.184,-2.138,1.522,5.627
2553.295,-2.148,1.521,5.631
2553.406,-2.155,1.519,5.634
2553.517,-2.158,1.518,5.636
2553.628,-2.158,1.517,5.637
2553.740,-2.159,1.518,5.638
2553.851,-2.159,1.518,5.639
2553.961,-2.159,1.517,5.640
2554.072,-2.158,1.517,5.642
2554.184,-2.158,1.517,5.644
2554.295,-2.157,1.516,5.646
2554.406,-2.157,1.516,5.648
2554.518,-2.156,1.516,5.648
2554.629,-2.155,1.515,5.648
2554.740,-2.153,1.515,5.649
2554.851,-2.151,1.514,5.649
2554.962,-2.150,1.515,5.649
2555.073,-2.149,1.516,5.647
2555.184,-2.148,1.517,5.646
2555.294,-2.146,1.518,5.644
2555.406,-2.144,1.518,5.643
2555.517,-2.143,1.518,5.641
2555.628,-2.143,1.520,5.639
2555.739,-2.141,1.519,5.638
2555.850,-2.139,1.516,5.636
2555.961,-2.137,1.514,5.634
2556.072,-2.137,1.514,5.634
2556.184,-2.137,1.515,5.635
2556.295,-2.138,1.516,5.637
2556.406,-2.138,1.518,5.638
2556.517,-2.139,1.518,5.640
2556.628,-2.140,1.518,5.642
2556.739,-2.140,1.520,5.643
2556.850,-2.140,1.523,5.644
2556.961,-2.138,1.525,5.644
2557.073,-2.136,1.525,5.642
2557.184,-2.130,1.523,5.636
2557.295,-2.125,1.518,5.627
2557.406,-2.125,1.512,5.616
2557.517,-2.128,1.505,5.603
2557.628,-2.135,1.496,5.587
2557.740,-2.141,1.489,5.573
2557.851,-2.147,1.485,5.563
2557.961,-2.155,1.484,5.555
2558.073,-2.162,1.485,5.551
2558.184,-2.167,1.487,5.548
2558.295,-2.169,1.488,5.547
2558.406,-2.171,1.489,5.546
2558.518,-2.169,1.489,5.546
2558.629,-2.164,1.489,5.546
2558.740,-2.158,1.490,5.547
2558.850,-2.154,1.490,5.548
2558.962,-2.150,1.490,5.550
2559.073,-2.148,1.492,5.553
2559.184,-2.148,1.495,5.555
2559.295,-2.148,1.501,5.558
2559.406,-2.148,1.509,5.563
2559.517,-2.146,1.520,5.571
2559.628,-2.140,1.528,5.583
2559.740,-2.132,1.532,5.597
2559.851,-2.123,1.535,5.615
2559.962,-2.116,1.537,5.634
2560.073,-2.112,1.538,5.653
2560.184,-2.112,1.538,5.670
2560.296,-2.113,1.537,5.684
2560.406,-2.115,1.536,5.694
2560.518,-2.116,1.535,5.700
2560.629,-2.115,1.534,5.702
2560.740,-2.111,1.534,5.701
2560.851,-2.106,1.533,5.698
2560.963,-2.102,1.532,5.695
2561.073,-2.099,1.532,5.691
2561.185,-2.099,1.532,5.686
2561.296,-2.099,1.531,5.679
2561.407,-2.100,1.530,5.670
2561.518,-2.101,1.526,5.656
2561.629,-2.106,1.522,5.642
2561.740,-2.112,1.518,5.629
2561.851,-2.120,1.515,5.618
2561.962,-2.131,1.509,5.607
2562.073,-2.146,1.502,5.597
2562.184,-2.160,1.496,5.591
2562.295,-2.172,1.494,5.588
2562.406,-2.177,1.494,5.586
2562.518,-2.180,1.493,5.584
2562.629,-2.180,1.494,5.580
2562.740,-2.179,1.495,5.570
2562.851,-2.178,1.493,5.555
2562.962,-2.177,1.492,5.535
2563.073,-2.177,1.490,5.511
2563.184,-2.182,1.488,5.485
2563.295,-2.191,1.487,5.459
2563.406,-2.206,1.487,5.435
2563.518,-2.222,1.487,5.412
2563.629,-2.237,1.488,5.390
2563.740,-2.252,1.485,5.368
2563.851,-2.266,1.481,5.345
2563.962,-2.277,1.475,5.319
2564.073,-2.280,1.468,5.285
2564.184,-2.275,1.461,5.242
2564.296,-2.263,1.458,5.191
2564.406,-2.246,1.465,5.135
2564.518,-2.232,1.463,5.082
2564.629,-2.228,1.459,5.036
2564.740,-2.230,1.460,4.996
2564.852,-2.233,1.458,4.956
2564.962,-2.235,1.455,4.915
2565.073,-2.239,1.450,4.871
2565.185,-2.245,1.442,4.823
2565.296,-2.256,1.439,4.771
2565.407,-2.272,1.448,4.709
2565.518,-2.287,1.458,4.648
2565.629,-2.298,1.466,4.594
2565.740,-2.300,1.472,4.545
2565.852,-2.295,1.480,4.500
2565.963,-2.287,1.484,4.453
2566.073,-2.273,1.486,4.406
2566.185,-2.252,1.485,4.357
2566.296,-2.222,1.487,4.304
2566.407,-2.181,1.499,4.250
2566.518,-2.142,1.505,4.204
2566.629,-2.108,1.511,4.165
2566.740,-2.077,1.516,4.135
2566.851,-2.050,1.514,4.109
2566.962,-2.029,1.511,4.083
2567.073,-2.015,1.510,4.054
2567.185,-2.004,1.512,4.021
2567.296,-1.998,1.512,3.988
2567.406,-1.996,1.512,3.961
2567.519,-1.997,1.513,3.939
2567.628,-2.000,1.513,3.922
2567.740,-2.006,1.510,3.914
2567.851,-2.013,1.504,3.912
2567.962,-2.020,1.504,3.914
2568.073,-2.027,1.502,3.917
2568.185,-2.036,1.500,3.924
2568.295,-2.047,1.497,3.934
2568.407,-2.060,1.492,3.948
2568.518,-2.078,1.492,3.969
2568.629,-2.103,1.492,3.997
2568.740,-2.132,1.490,4.032
2568.851,-2.165,1.486,4.071
2568.962,-2.201,1.481,4.111
2569.073,-2.237,1.475,4.142
2569.185,-2.267,1.471,4.167
2569.296,-2.289,1.473,4.188
2569.407,-2.305,1.471,4.214
2569.518,-2.317,1.467,4.246
2569.629,-2.328,1.463,4.285
2569.740,-2.337,1.458,4.333
2569.851,-2.341,1.458,4.393
2569.963,-2.343,1.475,4.456
2570.073,-2.346,1.487,4.511
2570.185,-2.351,1.495,4.561
2570.296,-2.353,1.500,4.614
2570.407,-2.354,1.496,4.672
2570.518,-2.356,1.488,4.738
2570.629,-2.361,1.478,4.812
2570.740,-2.369,1.475,4.894
2570.851,-2.373,1.489,4.976
2570.963,-2.365,1.489,5.045
2571.074,-2.353,1.494,5.103
2571.185,-2.338,1.492,5.157
2571.296,-2.321,1.487,5.210
2571.407,-2.304,1.479,5.263
2571.518,-2.286,1.472,5.320
2571.629,-2.266,1.474,5.382
2571.740,-2.247,1.488,5.445
2571.852,-2.232,1.491,5.504
2571.963,-2.224,1.492,5.558
2572.074,-2.217,1.492,5.607
2572.185,-2.210,1.489,5.656
2572.296,-2.203,1.483,5.710
2572.407,-2.200,1.477,5.768
2572.518,-2.204,1.477,5.834
2572.629,-2.213,1.487,5.905
2572.740,-2.219,1.487,5.972
2572.851,-2.219,1.489,6.029
2572.963,-2.218,1.488,6.085
2573.074,-2.218,1.475,6.142
2573.185,-2.217,1.472,6.200
2573.296,-2.212,1.467,6.259
2573.407,-2.201,1.462,6.320
2573.518,-2.187,1.470,6.382
2573.629,-2.175,1.484,6.441
2573.740,-2.166,1.491,6.491
2573.851,-2.156,1.499,6.533
2573.963,-2.148,1.499,6.575
2574.073,-2.145,1.497,6.616
2574.185,-2.147,1.498,6.659
2574.296,-2.154,1.502,6.701
2574.407,-2.158,1.503,6.736
2574.518,-2.160,1.503,6.758
2574.629,-2.162,1.501,6.768
2574.740,-2.165,1.494,6.769
2574.851,-2.169,1.493,6.763
2574.961,-2.170,1.495,6.756
2575.073,-2.172,1.493,6.746
2575.184,-2.176,1.494,6.732
2575.295,-2.180,1.495,6.716
2575.406,-2.183,1.493,6.695
2575.518,-2.188,1.494,6.668
2575.629,-2.193,1.494,6.635
2575.740,-2.198,1.496,6.599
2575.851,-2.201,1.500,6.561
2575.962,-2.205,1.500,6.522
2576.073,-2.211,1.498,6.482
2576.184,-2.216,1.497,6.446
2576.295,-2.221,1.500,6.415
2576.406,-2.225,1.501,6.384
2576.517,-2.227,1.498,6.349
2576.629,-2.224,1.492,6.313
2576.740,-2.216,1.488,6.273
2576.851,-2.203,1.485,6.229
2576.962,-2.183,1.490,6.179
2577.073,-2.161,1.496,6.127
2577.185,-2.142,1.492,6.078
2577.295,-2.129,1.492,6.037
2577.406,-2.121,1.498,6.001
2577.518,-2.114,1.497,5.965
2577.629,-2.109,1.495,5.927
2577.740,-2.107,1.488,5.886
2577.851,-2.108,1.480,5.842
2577.963,-2.114,1.482,5.793
2578.074,-2.124,1.490,5.739
2578.184,-2.133,1.493,5.688
2578.295,-2.140,1.490,5.644
2578.407,-2.143,1.492,5.604
2578.518,-2.146,1.489,5.563
2578.629,-2.146,1.482,5.517
2578.740,-2.141,1.477,5.466
2578.852,-2.130,1.472,5.410
2578.962,-2.114,1.470,5.349
2579.073,-2.095,1.480,5.289
2579.185,-2.078,1.482,5.237
2579.296,-2.065,1.485,5.197
2579.406,-2.056,1.488,5.164
2579.518,-2.050,1.486,5.135
2579.628,-2.050,1.486,5.109
2579.740,-2.058,1.484,5.084
2579.851,-2.072,1.487,5.058
2579.962,-2.087,1.486,5.030
2580.073,-2.100,1.479,5.007
2580.184,-2.111,1.476,4.990
2580.296,-2.118,1.478,4.977
2580.406,-2.124,1.479,4.970
2580.518,-2.127,1.483,4.966
2580.630,-2.128,1.487,4.967
2580.740,-2.127,1.488,4.968
2580.851,-2.126,1.489,4.970
2580.962,-2.125,1.489,4.971
2581.073,-2.122,1.490,4.971
2581.184,-2.120,1.490,4.972
2581.295,-2.118,1.489,4.972
2581.406,-2.118,1.484,4.971
2581.518,-2.121,1.480,4.967
2581.629,-2.124,1.478,4.965
2581.740,-2.126,1.477,4.964
2581.851,-2.127,1.476,4.964
2581.962,-2.127,1.475,4.965
2582.073,-2.128,1.474,4.966
2582.184,-2.128,1.474,4.967
2582.295,-2.126,1.473,4.970
2582.407,-2.124,1.473,4.973
2582.518,-2.120,1.473,4.977
2582.629,-2.116,1.474,4.980
2582.740,-2.112,1.474,4.982
2582.851,-2.108,1.474,4.984
2582.962,-2.104,1.475,4.986
2583.073,-2.099,1.475,4.988
2583.185,-2.092,1.475,4.990
2583.295,-2.085,1.475,4.994
2583.406,-2.076,1.474,4.999
2583.518,-2.066,1.474,5.006
2583.628,-2.055,1.473,5.015
2583.740,-2.044,1.475,5.029
2583.851,-2.031,1.475,5.047
2583.962,-2.016,1.474,5.068
2584.073,-2.000,1.473,5.092
2584.185,-1.983,1.470,5.115
2584.295,-1.962,1.472,5.137
2584.407,-1.936,1.476,5.158
2584.517,-1.904,1.473,5.180
2584.629,-1.867,1.466,5.203
2584.740,-1.824,1.460,5.227
2584.851,-1.775,1.463,5.250
2584.962,-1.722,1.474,5.273
2585.073,-1.672,1.473,5.300
2585.184,-1.626,1.473,5.330
2585.296,-1.581,1.468,5.363
2585.407,-1.534,1.462,5.400
2585.518,-1.487,1.455,5.444
2585.629,-1.439,1.455,5.496
2585.740,-1.391,1.462,5.548
2585.851,-1.346,1.464,5.592
2585.962,-1.307,1.465,5.627
2586.073,-1.269,1.465,5.655
2586.185,-1.232,1.463,5.678
2586.296,-1.194,1.458,5.699
2586.407,-1.152,1.453,5.715
2586.518,-1.106,1.452,5.728
2586.629,-1.054,1.461,5.738
2586.740,-1.003,1.465,5.746
2586.851,-0.956,1.461,5.756
2586.963,-0.913,1.466,5.764
2587.073,-0.866,1.468,5.770
2587.185,-0.816,1.463,5.775
2587.296,-0.762,1.462,5.784
2587.407,-0.708,1.466,5.798
2587.518,-0.655,1.475,5.820
2587.629,-0.607,1.484,5.840
2587.740,-0.563,1.491,5.858
2587.852,-0.518,1.492,5.881
2587.963,-0.475,1.487,5.906
2588.074,-0.435,1.484,5.930
2588.185,-0.396,1.481,5.948
2588.296,-0.355,1.481,5.958
2588.407,-0.310,1.489,5.959
2588.518,-0.266,1.492,5.956
2588.629,-0.226,1.491,5.954
2588.740,-0.190,1.495,5.958
2588.852,-0.156,1.494,5.969
2588.963,-0.120,1.488,5.988
2589.074,-0.084,1.484,6.013
2589.185,-0.048,1.478,6.047
2589.296,-0.014,1.477,6.088
2589.407,0.017,1.490,6.137
2589.519,0.050,1.490,6.184
2589.630,0.083,1.491,6.223
2589.740,0.116,1.496,6.259
2589.852,0.150,1.493,6.297
2589.963,0.186,1.486,6.335
2590.074,0.222,1.480,6.368
2590.185,0.263,1.486,6.397
2590.297,0.305,1.494,6.427
2590.407,0.343,1.490,6.458
2590.519,0.370,1.486,6.486
2590.630,0.390,1.490,6.513
2590.741,0.405,1.484,6.542
2590.852,0.416,1.479,6.573
2590.963,0.426,1.475,6.604
2591.074,0.431,1.476,6.638
2591.185,0.431,1.480,6.673
2591.297,0.426,1.479,6.706
2591.407,0.423,1.477,6.734
2591.518,0.421,1.473,6.756
2591.630,0.420,1.476,6.774
2591.740,0.416,1.476,6.790
2591.852,0.411,1.480,6.806
2591.963,0.408,1.479,6.817
2592.073,0.411,1.484,6.825
2592.185,0.417,1.487,6.832
2592.296,0.422,1.484,6.836
2592.406,0.428,1.480,6.834
2592.518,0.431,1.480,6.824
2592.629,0.433,1.486,6.807
2592.740,0.438,1.493,6.781
2592.851,0.447,1.501,6.748
2592.962,0.456,1.506,6.717
2593.073,0.458,1.507,6.689
2593.184,0.454,1.509,6.657
2593.295,0.444,1.509,6.622
2593.406,0.432,1.509,6.582
2593.517,0.420,1.514,6.538
2593.629,0.410,1.523,6.489
2593.739,0.397,1.526,6.439
2593.851,0.379,1.529,6.388
2593.962,0.355,1.527,6.338
2594.073,0.328,1.519,6.285
2594.184,0.300,1.506,6.230
2594.295,0.274,1.494,6.167
2594.406,0.255,1.502,6.093
2594.517,0.245,1.508,6.004
2594.628,0.244,1.510,5.907
2594.740,0.254,1.497,5.813
2594.851,0.277,1.480,5.723
2594.962,0.309,1.466,5.636
2595.073,0.346,1.462,5.544
2595.185,0.388,1.463,5.450
2595.295,0.417,1.463,5.359
2595.407,0.438,1.465,5.275
2595.518,0.453,1.461,5.200
2595.629,0.463,1.454,5.125
2595.740,0.470,1.440,5.042
2595.851,0.473,1.434,4.945
2595.963,0.474,1.442,4.846
2596.073,0.479,1.453,4.758
2596.185,0.484,1.458,4.675
2596.296,0.486,1.458,4.592
2596.406,0.485,1.458,4.507
2596.518,0.482,1.459,4.419
2596.629,0.471,1.482,4.328
2596.740,0.448,1.497,4.249
2596.852,0.415,1.501,4.181
2596.963,0.376,1.499,4.121
2597.073,0.332,1.493,4.066
2597.185,0.277,1.486,4.012
2597.296,0.215,1.501,3.959
2597.407,0.157,1.505,3.905
2597.518,0.098,1.509,3.857
2597.629,0.033,1.505,3.818
2597.740,-0.033,1.494,3.786
2597.851,-0.093,1.482,3.751
2597.962,-0.150,1.488,3.705
2598.073,-0.208,1.495,3.658
2598.184,-0.261,1.495,3.620
2598.295,-0.313,1.496,3.587
2598.406,-0.369,1.489,3.555
2598.518,-0.431,1.475,3.523
2598.629,-0.499,1.464,3.492
2598.740,-0.572,1.469,3.461
2598.851,-0.645,1.481,3.429
2598.962,-0.709,1.487,3.395
2599.073,-0.770,1.491,3.361
2599.185,-0.830,1.487,3.327
2599.296,-0.892,1.482,3.286
2599.407,-0.952,1.484,3.235
2599.518,-1.013,1.493,3.183
2599.629,-1.071,1.495,3.126
2599.740,-1.115,1.499,3.070
2599.852,-1.155,1.499,3.024
2599.963,-1.201,1.497,2.989
2600.074,-1.253,1.492,2.963
2600.185,-1.311,1.492,2.945
2600.296,-1.369,1.501,2.931
2600.407,-1.420,1.502,2.916
2600.518,-1.463,1.509,2.901
2600.629,-1.504,1.510,2.885
2600.740,-1.541,1.508,2.867
2600.852,-1.575,1.505,2.848
2600.963,-1.605,1.508,2.824
2601.073,-1.631,1.511,2.798
2601.185,-1.650,1.513,2.778
2601.296,-1.663,1.516,2.765
2601.407,-1.674,1.518,2.760
2601.518,-1.685,1.519,2.761
2601.629,-1.698,1.520,2.770
2601.740,-1.712,1.520,2.784
2601.851,-1.723,1.518,2.800
2601.962,-1.731,1.517,2.814
2602.073,-1.735,1.517,2.827
2602.185,-1.735,1.517,2.838
2602.296,-1.733,1.517,2.848
2602.406,-1.728,1.516,2.857
2602.518,-1.719,1.515,2.865
2602.629,-1.704,1.514,2.872
2602.740,-1.682,1.515,2.882
2602.851,-1.649,1.518,2.896
2602.962,-1.608,1.518,2.915
2603.073,-1.561,1.513,2.937
2603.185,-1.512,1.511,2.958
2603.296,-1.471,1.512,2.976
2603.406,-1.441,1.518,2.986
2603.518,-1.419,1.519,2.994
2603.629,-1.410,1.522,2.995
2603.740,-1.409,1.521,2.991
2603.851,-1.414,1.522,2.985
2603.962,-1.423,1.523,2.975
2604.073,-1.438,1.523,2.962
2604.185,-1.457,1.525,2.948
2604.296,-1.478,1.529,2.933
2604.407,-1.498,1.527,2.917
2604.518,-1.512,1.522,2.902
2604.629,-1.521,1.523,2.892
2604.740,-1.524,1.523,2.883
2604.852,-1.521,1.523,2.878
2604.962,-1.514,1.525,2.876
2605.073,-1.501,1.530,2.875
2605.185,-1.485,1.529,2.874
2605.296,-1.470,1.529,2.868
2605.407,-1.458,1.525,2.863
2605.518,-1.449,1.523,2.862
2605.629,-1.444,1.524,2.860
2605.740,-1.442,1.522,2.859
2605.851,-1.441,1.521,2.858
2605.963,-1.441,1.520,2.856
2606.073,-1.442,1.520,2.855
2606.185,-1.443,1.519,2.855
2606.296,-1.445,1.520,2.855
2606.407,-1.446,1.520,2.855
2606.518,-1.446,1.520,2.855
2606.630,-1.445,1.520,2.855
2606.740,-1.444,1.520,2.854
2606.852,-1.441,1.520,2.854
2606.963,-1.437,1.520,2.853
2607.073,-1.434,1.520,2.852
2607.185,-1.430,1.520,2.851
2607.296,-1.427,1.521,2.851
2607.407,-1.425,1.521,2.850
2607.518,-1.424,1.521,2.849
2607.629,-1.425,1.521,2.849
2607.740,-1.426,1.521,2.849
2607.851,-1.427,1.521,2.848
2607.963,-1.429,1.521,2.847
2608.074,-1.430,1.522,2.846
2608.185,-1.432,1.523,2.845
2608.296,-1.433,1.523,2.845
2608.407,-1.434,1.524,2.845
2608.518,-1.435,1.524,2.845
2608.629,-1.436,1.524,2.846
2608.740,-1.437,1.523,2.846
2608.852,-1.437,1.524,2.847
2608.963,-1.437,1.524,2.847
2609.073,-1.437,1.523,2.847
2609.185,-1.437,1.523,2.846
2609.296,-1.436,1.523,2.846
2609.407,-1.435,1.522,2.846
2609.518,-1.435,1.521,2.845
2609.629,-1.437,1.521,2.845
2609.740,-1.440,1.521,2.845
2609.852,-1.443,1.521,2.845
2609.963,-1.446,1.521,2.844
2610.074,-1.448,1.521,2.843
2610.185,-1.449,1.522,2.843
2610.296,-1.447,1.522,2.841
2610.407,-1.443,1.522,2.840
2610.518,-1.438,1.522,2.840
2610.629,-1.433,1.522,2.839
2610.740,-1.430,1.523,2.840
2610.852,-1.428,1.521,2.840
2610.963,-1.428,1.522,2.841
2611.074,-1.430,1.523,2.841
2611.185,-1.432,1.523,2.841
2611.296,-1.434,1.523,2.841
2611.407,-1.436,1.522,2.841
2611.518,-1.436,1.523,2.842
2611.630,-1.435,1.524,2.843
2611.740,-1.434,1.524,2.844
2611.851,-1.433,1.524,2.845
2611.963,-1.431,1.524,2.847
2612.074,-1.430,1.523,2.849
2612.185,-1.430,1.523,2.850
2612.296,-1.430,1.522,2.851
2612.407,-1.429,1.522,2.852
2612.518,-1.429,1.522,2.854
2612.629,-1.429,1.522,2.854
2612.740,-1.430,1.522,2.855
2612.852,-1.430,1.521,2.856
2612.963,-1.429,1.521,2.856
2613.073,-1.429,1.522,2.857
2613.185,-1.428,1.522,2.858
2613.296,-1.428,1.522,2.858
2613.407,-1.428,1.522,2.859
2613.518,-1.427,1.522,2.860
2613.629,-1.427,1.523,2.861
2613.740,-1.426,1.523,2.861
2613.851,-1.426,1.522,2.861
2613.963,-1.426,1.522,2.862
2614.074,-1.426,1.522,2.863
2614.185,-1.425,1.522,2.863
2614.296,-1.425,1.522,2.864
2614.407,-1.425,1.523,2.864
2614.518,-1.425,1.524,2.864
2614.629,-1.427,1.524,2.863
2614.740,-1.428,1.523,2.863
2614.851,-1.428,1.523,2.863
2614.963,-1.429,1.522,2.862
2615.073,-1.430,1.521,2.862
2615.185,-1.430,1.521,2.863
2615.296,-1.430,1.521,2.863
2615.407,-1.431,1.520,2.865
2615.518,-1.431,1.519,2.867
2615.629,-1.431,1.519,2.870
2615.741,-1.430,1.519,2.873
2615.852,-1.429,1.518,2.878
2615.963,-1.429,1.518,2.882
2616.074,-1.428,1.517,2.888
2616.185,-1.426,1.519,2.893
2616.296,-1.426,1.519,2.895
2616.407,-1.426,1.520,2.896
2616.519,-1.426,1.521,2.896
2616.629,-1.428,1.521,2.894
2616.741,-1.430,1.521,2.892
2616.852,-1.432,1.519,2.890
2616.963,-1.433,1.519,2.890
2617.073,-1.434,1.518,2.890
2617.185,-1.435,1.519,2.889
2617.296,-1.435,1.519,2.889
2617.407,-1.434,1.519,2.888
2617.518,-1.434,1.520,2.888
2617.629,-1.434,1.520,2.887
2617.740,-1.433,1.521,2.885
2617.852,-1.434,1.521,2.883
2617.962,-1.434,1.520,2.881
2618.073,-1.435,1.521,2.878
2618.185,-1.437,1.522,2.875
2618.296,-1.438,1.521,2.870
2618.407,-1.439,1.520,2.866
2618.518,-1.441,1.519,2.864
2618.630,-1.442,1.518,2.862
2618.740,-1.443,1.517,2.861
2618.851,-1.443,1.519,2.860
2618.963,-1.442,1.518,2.860
2619.074,-1.444,1.519,2.858
2619.185,-1.446,1.519,2.856
2619.296,-1.447,1.518,2.854
2619.407,-1.448,1.515,2.854
2619.518,-1.450,1.516,2.853
2619.629,-1.452,1.516,2.852
2619.740,-1.452,1.518,2.851
2619.852,-1.451,1.520,2.851
2619.963,-1.448,1.521,2.849
2620.073,-1.446,1.518,2.847
2620.185,-1.444,1.516,2.846
2620.296,-1.443,1.517,2.848
2620.407,-1.442,1.518,2.849
2620.518,-1.440,1.519,2.850
2620.629,-1.438,1.520,2.852
2620.740,-1.437,1.520,2.854
2620.852,-1.435,1.520,2.856
2620.963,-1.433,1.519,2.859
2621.073,-1.432,1.519,2.862
2621.185,-1.432,1.518,2.865
2621.296,-1.431,1.518,2.869
2621.407,-1.431,1.519,2.874
2621.518,-1.430,1.519,2.879
2621.629,-1.429,1.520,2.885
2621.740,-1.425,1.521,2.892
2621.852,-1.417,1.523,2.898
2621.963,-1.407,1.522,2.902
2622.073,-1.395,1.516,2.904
2622.185,-1.384,1.511,2.903
2622.296,-1.376,1.507,2.902
2622.407,-1.369,1.504,2.912
2622.518,-1.365,1.508,2.935
2622.629,-1.363,1.514,2.964
2622.740,-1.368,1.519,2.993
2622.851,-1.377,1.524,3.019
2622.963,-1.387,1.522,3.043
2623.073,-1.394,1.520,3.065
2623.185,-1.402,1.522,3.087
2623.297,-1.410,1.527,3.107
2623.407,-1.416,1.532,3.125
2623.518,-1.419,1.537,3.140
2623.629,-1.421,1.542,3.153
2623.740,-1.425,1.545,3.161
2623.840,-1.427,1.546,3.164
2623.943,-1.427,1.547,3.164
2624.054,-1.425,1.546,3.159
2624.165,-1.421,1.546,3.147
2624.276,-1.417,1.545,3.128
2624.378,-1.415,1.543,3.106
2624.489,-1.412,1.539,3.073
2624.601,-1.407,1.538,3.036
2624.712,-1.401,1.543,2.991
2624.823,-1.395,1.546,2.946
2624.934,-1.391,1.546,2.905
2625.045,-1.387,1.548,2.868
2625.156,-1.388,1.553,2.837
2625.268,-1.394,1.554,2.810
2625.379,-1.409,1.553,2.791
2625.490,-1.431,1.554,2.777
2625.601,-1.456,1.558,2.765
2625.712,-1.478,1.557,2.756
2625.823,-1.496,1.555,2.752
2625.934,-1.508,1.554,2.751
2626.046,-1.512,1.552,2.752
2626.156,-1.508,1.550,2.758
2626.268,-1.495,1.547,2.764
2626.379,-1.476,1.546,2.770
2626.490,-1.454,1.548,2.772
2626.601,-1.431,1.550,2.770
2626.712,-1.407,1.551,2.766
2626.823,-1.382,1.551,2.760
2626.934,-1.359,1.552,2.753
2627.046,-1.338,1.554,2.744
2627.156,-1.323,1.555,2.735
2627.256,-1.313,1.557,2.728
2627.365,-1.308,1.559,2.723
2627.477,-1.307,1.558,2.725
2627.588,-1.313,1.557,2.733
2627.698,-1.327,1.556,2.746
2627.810,-1.348,1.555,2.764
2627.920,-1.376,1.551,2.785
2628.032,-1.407,1.545,2.810
2628.143,-1.437,1.538,2.839
2628.254,-1.464,1.533,2.871
2628.365,-1.488,1.527,2.900
2628.476,-1.506,1.520,2.926
2628.587,-1.518,1.517,2.952
2628.698,-1.524,1.516,2.977
2628.809,-1.524,1.516,3.002
2628.920,-1.516,1.517,3.031
2629.031,-1.500,1.518,3.068
2629.142,-1.477,1.519,3.111
2629.253,-1.454,1.517,3.154
2629.365,-1.432,1.516,3.192
2629.476,-1.410,1.520,3.228
2629.587,-1.387,1.517,3.262
2629.698,-1.363,1.515,3.295
2629.809,-1.332,1.511,3.326
2629.920,-1.295,1.505,3.356
2630.031,-1.249,1.504,3.387
2630.142,-1.199,1.512,3.418
2630.253,-1.155,1.511,3.449
2630.365,-1.119,1.510,3.482
2630.476,-1.090,1.512,3.517
2630.587,-1.066,1.510,3.555
2630.698,-1.047,1.508,3.592
2630.809,-1.034,1.513,3.630
2630.920,-1.017,1.517,3.668
2631.031,-0.995,1.515,3.702
2631.142,-0.968,1.515,3.730
2631.253,-0.935,1.512,3.749
2631.365,-0.893,1.510,3.757
2631.476,-0.843,1.507,3.756
2631.587,-0.784,1.502,3.747
2631.698,-0.721,1.506,3.736
2631.809,-0.668,1.513,3.725
2631.920,-0.631,1.517,3.717
2632.031,-0.608,1.518,3.712
2632.142,-0.598,1.517,3.711
2632.254,-0.603,1.513,3.712
2632.365,-0.625,1.510,3.708
2632.476,-0.668,1.509,3.698
2632.587,-0.729,1.509,3.682
2632.698,-0.804,1.508,3.662
2632.809,-0.885,1.505,3.639
2632.920,-0.961,1.503,3.614
2633.032,-1.027,1.508,3.592
2633.143,-1.085,1.509,3.579
2633.254,-1.140,1.507,3.577
2633.365,-1.196,1.501,3.583
2633.476,-1.255,1.487,3.600
2633.587,-1.316,1.477,3.628
2633.698,-1.380,1.483,3.669
2633.810,-1.446,1.492,3.708
2633.921,-1.510,1.496,3.741
2634.032,-1.577,1.499,3.775
2634.143,-1.647,1.490,3.807
2634.254,-1.723,1.479,3.837
2634.365,-1.803,1.470,3.864
2634.476,-1.887,1.486,3.888
2634.587,-1.963,1.496,3.918
2634.698,-2.024,1.498,3.952
2634.810,-2.075,1.499,3.987
2634.921,-2.121,1.495,4.026
2635.032,-2.161,1.488,4.070
2635.143,-2.195,1.479,4.124
2635.254,-2.225,1.484,4.189
2635.365,-2.255,1.492,4.257
2635.476,-2.280,1.487,4.322
2635.587,-2.300,1.491,4.387
2635.698,-2.316,1.486,4.457
2635.809,-2.328,1.470,4.528
2635.920,-2.340,1.458,4.597
2636.032,-2.352,1.463,4.669
2636.142,-2.360,1.469,4.739
2636.254,-2.359,1.475,4.794
2636.365,-2.350,1.493,4.842
2636.476,-2.336,1.507,4.895
2636.587,-2.316,1.500,4.954
2636.698,-2.286,1.484,5.021
2636.809,-2.246,1.482,5.097
2636.921,-2.206,1.493,5.177
2637.032,-2.174,1.500,5.247
2637.143,-2.141,1.502,5.312
2637.254,-2.106,1.500,5.379
2637.365,-2.066,1.493,5.450
2637.476,-2.024,1.482,5.528
2637.587,-1.981,1.479,5.608
2637.698,-1.932,1.493,5.686
2637.809,-1.881,1.492,5.749
2637.921,-1.828,1.491,5.806
2638.032,-1.774,1.482,5.859
2638.143,-1.719,1.470,5.905
2638.254,-1.661,1.469,5.944
2638.365,-1.602,1.481,5.981
2638.476,-1.554,1.484,6.019
2638.587,-1.512,1.489,6.058
2638.698,-1.473,1.484,6.100
2638.809,-1.438,1.480,6.145
2638.921,-1.407,1.481,6.194
2639.032,-1.377,1.485,6.244
2639.143,-1.350,1.481,6.287
2639.254,-1.329,1.479,6.318
2639.365,-1.313,1.475,6.340
2639.476,-1.302,1.472,6.353
2639.587,-1.294,1.471,6.362
2639.698,-1.290,1.470,6.367
2639.810,-1.288,1.469,6.368
2639.921,-1.288,1.468,6.363
2640.032,-1.292,1.468,6.354
2640.143,-1.299,1.471,6.337
2640.254,-1.308,1.476,6.311
2640.365,-1.319,1.478,6.275
2640.476,-1.336,1.480,6.232
2640.587,-1.358,1.482,6.183
2640.698,-1.385,1.487,6.131
2640.809,-1.413,1.493,6.078
2640.920,-1.440,1.495,6.027
2641.031,-1.460,1.493,5.983
2641.142,-1.473,1.496,5.945
2641.254,-1.475,1.494,5.909
2641.365,-1.466,1.491,5.874
2641.476,-1.443,1.487,5.838
2641.587,-1.411,1.482,5.802
2641.698,-1.369,1.493,5.765
2641.810,-1.323,1.496,5.727
2641.920,-1.286,1.491,5.690
2642.031,-1.261,1.493,5.656
2642.142,-1.243,1.490,5.624
2642.253,-1.228,1.486,5.591
2642.365,-1.218,1.481,5.555
2642.476,-1.212,1.479,5.515
2642.587,-1.211,1.482,5.473
2642.698,-1.213,1.487,5.430
2642.809,-1.215,1.487,5.393
2642.920,-1.217,1.483,5.361
2643.031,-1.219,1.485,5.337
2643.142,-1.217,1.484,5.324
2643.254,-1.212,1.487,5.318
2643.365,-1.200,1.494,5.316
2643.476,-1.183,1.497,5.314
2643.587,-1.172,1.496,5.311
2643.698,-1.167,1.493,5.308
2643.810,-1.174,1.491,5.310
2643.921,-1.188,1.489,5.316
2644.032,-1.203,1.490,5.328
2644.143,-1.213,1.492,5.340
2644.254,-1.217,1.494,5.349
2644.365,-1.215,1.498,5.360
2644.476,-1.207,1.501,5.372
2644.587,-1.197,1.503,5.384
2644.698,-1.186,1.502,5.397
2644.809,-1.177,1.500,5.412
2644.920,-1.172,1.499,5.425
2645.031,-1.170,1.497,5.433
2645.143,-1.171,1.496,5.436
2645.254,-1.174,1.496,5.433
2645.365,-1.181,1.495,5.426
2645.476,-1.191,1.496,5.420
2645.587,-1.202,1.497,5.417
2645.698,-1.210,1.499,5.417
2645.809,-1.215,1.499,5.416
2645.920,-1.219,1.500,5.416
2646.031,-1.224,1.499,5.414
2646.143,-1.229,1.499,5.411
2646.253,-1.230,1.498,5.407
2646.365,-1.231,1.498,5.404
2646.476,-1.230,1.497,5.399
2646.587,-1.224,1.495,5.394
2646.698,-1.210,1.495,5.388
2646.809,-1.188,1.496,5.383
2646.920,-1.165,1.496,5.384
2647.032,-1.142,1.498,5.392
2647.143,-1.124,1.502,5.405
2647.254,-1.113,1.503,5.419
2647.365,-1.118,1.501,5.435
2647.476,-1.137,1.501,5.451
2647.587,-1.167,1.492,5.460
2647.699,-1.199,1.484,5.467
2647.810,-1.228,1.474,5.475
2647.921,-1.250,1.477,5.483
2648.032,-1.264,1.480,5.490
2648.143,-1.271,1.480,5.496
2648.254,-1.273,1.480,5.501
2648.365,-1.271,1.483,5.501
2648.476,-1.264,1.488,5.495
2648.588,-1.253,1.490,5.481
2648.698,-1.239,1.491,5.458
2648.810,-1.227,1.491,5.429
2648.920,-1.218,1.492,5.404
2649.031,-1.211,1.492,5.384
2649.143,-1.205,1.494,5.371
2649.254,-1.199,1.496,5.363
2649.365,-1.192,1.496,5.360
2649.476,-1.184,1.495,5.361
2649.587,-1.175,1.494,5.364
2649.698,-1.167,1.491,5.369
2649.809,-1.159,1.487,5.375
2649.920,-1.153,1.485,5.384
2650.031,-1.147,1.485,5.392
2650.143,-1.143,1.485,5.398
2650.254,-1.140,1.486,5.402
2650.365,-1.138,1.487,5.406
2650.476,-1.138,1.487,5.408
2650.587,-1.139,1.486,5.411
2650.698,-1.142,1.487,5.413
2650.809,-1.147,1.488,5.415
2650.920,-1.152,1.489,5.416
2651.032,-1.158,1.488,5.415
2651.143,-1.163,1.488,5.413
2651.254,-1.167,1.488,5.411
2651.365,-1.168,1.487,5.410
2651.476,-1.169,1.487,5.409
2651.587,-1.168,1.487,5.409
2651.698,-1.167,1.487,5.410
2651.809,-1.168,1.487,5.410
2651.920,-1.171,1.487,5.409
2652.032,-1.175,1.486,5.408
2652.142,-1.180,1.486,5.407
2652.254,-1.184,1.486,5.406
2652.365,-1.190,1.486,5.404
2652.476,-1.201,1.485,5.403
2652.587,-1.214,1.485,5.402
2652.698,-1.228,1.485,5.401
2652.809,-1.241,1.485,5.400
2652.920,-1.251,1.485,5.399
2653.032,-1.261,1.485,5.396
2653.142,-1.270,1.486,5.393
2653.254,-1.280,1.486,5.389
2653.365,-1.288,1.486,5.384
2653.476,-1.296,1.487,5.376
2653.587,-1.299,1.487,5.368
2653.698,-1.296,1.488,5.359
2653.809,-1.291,1.490,5.352
2653.920,-1.283,1.491,5.347
2654.032,-1.276,1.489,5.347
2654.142,-1.268,1.487,5.352
2654.254,-1.256,1.483,5.363
2654.365,-1.243,1.476,5.384
2654.476,-1.234,1.480,5.415
2654.587,-1.227,1.488,5.451
2654.698,-1.219,1.493,5.489
2654.810,-1.206,1.493,5.528
2654.921,-1.186,1.495,5.571
2655.032,-1.157,1.495,5.617
2655.143,-1.121,1.492,5.663
2655.254,-1.079,1.489,5.706
2655.365,-1.038,1.487,5.739
2655.477,-1.004,1.491,5.762
2655.587,-0.971,1.493,5.774
2655.698,-0.933,1.494,5.778
2655.810,-0.887,1.493,5.779
2655.920,-0.835,1.485,5.781
2656.032,-0.776,1.474,5.779
2656.143,-0.710,1.471,5.773
2656.255,-0.640,1.484,5.766
2656.366,-0.576,1.487,5.765
2656.477,-0.516,1.490,5.770
2656.588,-0.459,1.482,5.780
2656.699,-0.402,1.479,5.796
2656.810,-0.345,1.477,5.818
2656.921,-0.284,1.471,5.849
2657.033,-0.220,1.473,5.887
2657.144,-0.164,1.484,5.923
2657.255,-0.116,1.487,5.951
2657.365,-0.075,1.497,5.975
2657.477,-0.038,1.498,5.997
2657.588,-0.005,1.497,6.018
2657.699,0.027,1.496,6.032
2657.810,0.061,1.492,6.036
2657.921,0.091,1.490,6.035
2658.032,0.114,1.487,6.034
2658.143,0.120,1.484,6.026
2658.254,0.121,1.479,6.013
2658.365,0.113,1.472,5.989
2658.476,0.107,1.469,5.955
2658.587,0.110,1.472,5.921
2658.698,0.117,1.477,5.895
2658.809,0.122,1.482,5.878
2658.920,0.122,1.484,5.865
2659.032,0.118,1.483,5.849
2659.142,0.110,1.484,5.832
2659.254,0.096,1.485,5.818
2659.365,0.076,1.485,5.805
2659.474,0.047,1.487,5.794
2659.585,0.011,1.489,5.783
2659.697,-0.028,1.493,5.771
2659.808,-0.068,1.494,5.763
2659.919,-0.107,1.494,5.763
2660.030,-0.142,1.498,5.769
2660.141,-0.178,1.495,5.781
2660.253,-0.217,1.491,5.793
2660.364,-0.262,1.487,5.805
2660.475,-0.315,1.484,5.820
2660.586,-0.375,1.489,5.837
2660.698,-0.433,1.494,5.853
2660.808,-0.486,1.492,5.861
2660.920,-0.533,1.493,5.866
2661.031,-0.580,1.492,5.870
2661.142,-0.628,1.484,5.869
2661.253,-0.679,1.478,5.863
2661.363,-0.730,1.472,5.852
2661.476,-0.785,1.481,5.834
2661.587,-0.839,1.484,5.819
2661.698,-0.889,1.479,5.812
2661.809,-0.930,1.480,5.813
2661.920,-0.969,1.479,5.821
2662.031,-1.007,1.474,5.834
2662.142,-1.045,1.471,5.851
2662.254,-1.081,1.466,5.873
2662.365,-1.121,1.471,5.901
2662.476,-1.163,1.481,5.927
2662.587,-1.211,1.480,5.937
2662.698,-1.256,1.484,5.922
2662.809,-1.282,1.485,5.892
2662.920,-1.286,1.485,5.853
2663.031,-1.271,1.490,5.811
2663.142,-1.243,1.495,5.772
2663.253,-1.212,1.498,5.737
2663.365,-1.179,1.496,5.706
2663.476,-1.151,1.493,5.683
2663.587,-1.132,1.492,5.669
2663.698,-1.127,1.492,5.664
2663.809,-1.138,1.492,5.669
2663.920,-1.161,1.492,5.686
2664.031,-1.191,1.493,5.714
2664.143,-1.219,1.494,5.750
2664.254,-1.243,1.496,5.792
2664.365,-1.260,1.494,5.838
2664.476,-1.266,1.491,5.884
2664.587,-1.267,1.488,5.921
2664.699,-1.269,1.487,5.949
2664.810,-1.276,1.484,5.969
2664.921,-1.286,1.483,5.983
2665.032,-1.301,1.483,5.995
2665.143,-1.319,1.482,6.003
2665.254,-1.342,1.481,6.006
2665.366,-1.367,1.481,6.002
2665.476,-1.393,1.479,5.989
2665.588,-1.415,1.479,5.968
2665.698,-1.437,1.479,5.942
2665.810,-1.463,1.480,5.907
2665.921,-1.493,1.488,5.863
2666.032,-1.525,1.495,5.820
2666.143,-1.556,1.498,5.784
2666.254,-1.584,1.495,5.757
2666.365,-1.612,1.499,5.740
2666.476,-1.644,1.503,5.727
2666.587,-1.677,1.504,5.720
2666.698,-1.715,1.507,5.719
2666.809,-1.753,1.511,5.720
2666.920,-1.784,1.510,5.720
2667.032,-1.805,1.510,5.723
2667.143,-1.813,1.510,5.729
2667.254,-1.812,1.506,5.739
2667.365,-1.807,1.502,5.755
2667.476,-1.800,1.499,5.773
2667.587,-1.793,1.498,5.792
2667.698,-1.784,1.495,5.810
2667.809,-1.775,1.494,5.826
2667.920,-1.765,1.494,5.836
2668.031,-1.756,1.492,5.839
2668.143,-1.746,1.491,5.834
2668.254,-1.738,1.492,5.823
2668.365,-1.727,1.493,5.813
2668.476,-1.719,1.495,5.800
2668.587,-1.711,1.500,5.786
2668.698,-1.704,1.505,5.771
2668.809,-1.698,1.507,5.756
2668.920,-1.699,1.507,5.740
2669.032,-1.706,1.503,5.725
2669.143,-1.716,1.499,5.714
2669.253,-1.722,1.498,5.707
2669.365,-1.720,1.497,5.704
2669.476,-1.715,1.499,5.703
2669.587,-1.706,1.508,5.704
2669.698,-1.695,1.519,5.707
2669.809,-1.683,1.526,5.713
2669.920,-1.674,1.529,5.719
2670.032,-1.661,1.532,5.727
2670.142,-1.641,1.532,5.736
2670.253,-1.611,1.527,5.749
2670.365,-1.571,1.518,5.767
2670.476,-1.530,1.509,5.790
2670.587,-1.493,1.503,5.816
2670.698,-1.459,1.500,5.849
2670.810,-1.432,1.493,5.885
2670.921,-1.415,1.485,5.920
2671.032,-1.405,1.479,5.948
2671.143,-1.393,1.475,5.963
2671.254,-1.374,1.466,5.964
2671.365,-1.346,1.466,5.954
2671.476,-1.306,1.475,5.938
2671.587,-1.263,1.478,5.919
2671.698,-1.225,1.481,5.903
2671.809,-1.192,1.478,5.891
2671.920,-1.163,1.474,5.886
2672.032,-1.142,1.470,5.886
2672.143,-1.126,1.469,5.893
2672.254,-1.117,1.469,5.909
2672.365,-1.115,1.470,5.932
2672.476,-1.118,1.472,5.968
2672.587,-1.122,1.473,6.015
2672.698,-1.125,1.474,6.071
2672.810,-1.127,1.470,6.129
2672.920,-1.126,1.463,6.181
2673.032,-1.121,1.453,6.225
2673.143,-1.115,1.439,6.259
2673.254,-1.107,1.427,6.283
2673.365,-1.098,1.418,6.301
2673.476,-1.091,1.413,6.311
2673.587,-1.088,1.412,6.315
2673.698,-1.087,1.415,6.313
2673.809,-1.088,1.420,6.309
2673.921,-1.091,1.425,6.302
2674.032,-1.094,1.430,6.295
2674.142,-1.098,1.435,6.288
2674.254,-1.102,1.439,6.284
2674.365,-1.104,1.441,6.282
2674.476,-1.105,1.444,6.279
2674.587,-1.105,1.446,6.276
2674.698,-1.104,1.449,6.273
2674.810,-1.103,1.451,6.270
2674.920,-1.102,1.453,6.264
2675.032,-1.100,1.457,6.254
2675.143,-1.095,1.463,6.236
2675.254,-1.090,1.471,6.206
2675.365,-1.086,1.480,6.162
2675.476,-1.090,1.489,6.111
2675.587,-1.095,1.500,6.064
2675.699,-1.100,1.507,6.019
2675.810,-1.103,1.509,5.974
2675.920,-1.106,1.510,5.929
2676.031,-1.109,1.508,5.884
2676.142,-1.110,1.500,5.842
2676.254,-1.108,1.489,5.805
2676.365,-1.105,1.481,5.778
2676.476,-1.100,1.479,5.760
2676.587,-1.091,1.482,5.754
2676.698,-1.079,1.490,5.757
2676.809,-1.062,1.498,5.764
2676.920,-1.047,1.499,5.772
2677.032,-1.033,1.498,5.779
2677.143,-1.022,1.496,5.789
2677.254,-1.010,1.496,5.798
2677.365,-0.999,1.494,5.806
2677.476,-0.989,1.490,5.815
2677.587,-0.983,1.486,5.821
2677.699,-0.981,1.480,5.825
2677.810,-0.983,1.475,5.826
2677.921,-0.987,1.474,5.825
2678.032,-0.996,1.474,5.824
2678.143,-1.007,1.473,5.820
2678.254,-1.026,1.475,5.816
2678.365,-1.056,1.475,5.811
2678.476,-1.091,1.471,5.803
2678.587,-1.130,1.471,5.790
2678.699,-1.162,1.473,5.765
2678.810,-1.183,1.477,5.743
2678.920,-1.195,1.480,5.728
2679.032,-1.200,1.480,5.717
2679.143,-1.199,1.479,5.707
2679.253,-1.189,1.480,5.696
2679.365,-1.171,1.484,5.685
2679.476,-1.148,1.490,5.667
2679.588,-1.124,1.493,5.645
2679.698,-1.100,1.492,5.620
2679.809,-1.080,1.485,5.597
2679.920,-1.067,1.478,5.577
2680.032,-1.061,1.477,5.560
2680.143,-1.066,1.477,5.545
2680.254,-1.081,1.476,5.532
2680.365,-1.104,1.475,5.525
2680.476,-1.130,1.475,5.523
2680.587,-1.157,1.476,5.525
2680.698,-1.186,1.479,5.531
2680.810,-1.219,1.487,5.542
2680.920,-1.254,1.493,5.560
2681.032,-1.284,1.494,5.585
2681.143,-1.304,1.489,5.609
2681.254,-1.314,1.486,5.629
2681.366,-1.321,1.483,5.642
2681.477,-1.331,1.481,5.643
2681.588,-1.345,1.483,5.635
2681.698,-1.367,1.489,5.624
2681.810,-1.391,1.487,5.612
2681.921,-1.412,1.485,5.602
2682.032,-1.429,1.485,5.594
2682.143,-1.445,1.484,5.589
2682.254,-1.458,1.482,5.586
2682.365,-1.469,1.481,5.583
2682.477,-1.478,1.481,5.581
2682.587,-1.486,1.481,5.579
2682.698,-1.494,1.482,5.579
2682.810,-1.501,1.482,5.580
2682.921,-1.508,1.482,5.581
2683.032,-1.514,1.481,5.582
2683.143,-1.521,1.480,5.582
2683.254,-1.528,1.479,5.581
2683.365,-1.538,1.479,5.580
2683.476,-1.554,1.478,5.577
2683.587,-1.579,1.479,5.571
2683.698,-1.611,1.477,5.558
2683.810,-1.640,1.480,5.538
2683.918,-1.665,1.484,5.519
2684.031,-1.688,1.483,5.501
2684.142,-1.712,1.482,5.487
2684.253,-1.736,1.477,5.478
2684.365,-1.761,1.478,5.477
2684.477,-1.784,1.484,5.481
2684.587,-1.803,1.486,5.488
2684.698,-1.817,1.484,5.499
2684.810,-1.820,1.483,5.514
2684.921,-1.815,1.482,5.536
2685.032,-1.803,1.481,5.565
2685.143,-1.789,1.484,5.600
2685.253,-1.774,1.482,5.642
2685.365,-1.757,1.487,5.691
2685.476,-1.745,1.496,5.743
2685.587,-1.745,1.503,5.787
2685.699,-1.751,1.509,5.810
2685.810,-1.756,1.510,5.815
2685.921,-1.754,1.511,5.807
2686.032,-1.749,1.513,5.788
2686.143,-1.737,1.516,5.764
2686.254,-1.716,1.511,5.738
2686.365,-1.688,1.503,5.715
2686.477,-1.646,1.500,5.698
2686.588,-1.590,1.490,5.693
2686.698,-1.527,1.475,5.698
2686.810,-1.460,1.462,5.712
2686.921,-1.384,1.456,5.736
2687.028,-1.303,1.471,5.765
2687.129,-1.239,1.479,5.783
2687.240,-1.171,1.491,5.796
2687.351,-1.102,1.497,5.809
2687.462,-1.026,1.492,5.822
2687.573,-0.942,1.478,5.836
2687.685,-0.849,1.467,5.849
2687.796,-0.749,1.473,5.863
2687.907,-0.660,1.482,5.881
2688.018,-0.584,1.494,5.902
2688.129,-0.512,1.490,5.925
2688.240,-0.442,1.482,5.953
2688.351,-0.369,1.470,5.986
2688.463,-0.295,1.462,6.028
2688.574,-0.221,1.476,6.078
2688.685,-0.151,1.489,6.128
2688.796,-0.088,1.494,6.176
2688.907,-0.033,1.496,6.224
2689.018,0.021,1.491,6.277
2689.129,0.076,1.481,6.334
2689.240,0.131,1.470,6.395
2689.352,0.185,1.472,6.456
2689.463,0.233,1.486,6.518
2689.574,0.269,1.488,6.581
2689.685,0.292,1.480,6.640
2689.796,0.302,1.477,6.696
2689.907,0.304,1.472,6.745
2690.018,0.303,1.479,6.794
2690.130,0.298,1.483,6.839
2690.240,0.294,1.483,6.874
2690.352,0.289,1.485,6.893
2690.463,0.287,1.488,6.893
2690.573,0.292,1.493,6.876
2690.685,0.307,1.493,6.852
2690.796,0.327,1.486,6.829
2690.907,0.346,1.481,6.804
2691.018,0.362,1.486,6.776
2691.129,0.374,1.488,6.742
2691.240,0.387,1.488,6.699
2691.351,0.402,1.493,6.648
2691.462,0.418,1.496,6.588
2691.573,0.434,1.498,6.524
2691.684,0.450,1.500,6.458
2691.795,0.461,1.500,6.398
2691.907,0.459,1.503,6.349
2692.018,0.446,1.508,6.305
2692.128,0.422,1.504,6.265
2692.240,0.388,1.500,6.227
2692.351,0.344,1.493,6.192
2692.462,0.289,1.486,6.158
2692.573,0.221,1.496,6.125
2692.685,0.151,1.509,6.096
2692.797,0.090,1.510,6.066
2692.907,0.036,1.513,6.042
2693.018,-0.016,1.506,6.022
2693.130,-0.068,1.502,6.002
2693.240,-0.129,1.501,5.993
2693.352,-0.182,1.498,5.996
2693.463,-0.216,1.499,5.987
2693.574,-0.253,1.505,5.952
2693.685,-0.295,1.508,5.912
2693.796,-0.336,1.508,5.872
2693.907,-0.375,1.513,5.832
2694.019,-0.414,1.512,5.774
2694.130,-0.429,1.503,5.694
2694.240,-0.403,1.495,5.610
2694.352,-0.357,1.488,5.537
2694.463,-0.306,1.480,5.481
2694.574,-0.261,1.486,5.435
2694.685,-0.219,1.489,5.393
2694.796,-0.180,1.487,5.348
2694.907,-0.140,1.480,5.294
2695.018,-0.101,1.468,5.226
2695.129,-0.064,1.444,5.146
2695.241,-0.028,1.434,5.048
2695.351,-0.002,1.428,4.951
2695.463,0.015,1.437,4.863
2695.573,0.029,1.451,4.774
2695.685,0.039,1.457,4.687
2695.796,0.044,1.457,4.597
2695.907,0.048,1.476,4.500
2696.018,0.055,1.507,4.408
2696.129,0.064,1.520,4.320
2696.240,0.067,1.509,4.227
2696.352,0.074,1.491,4.135
2696.463,0.092,1.478,4.044
2696.574,0.114,1.486,3.951
2696.685,0.125,1.496,3.858
2696.796,0.131,1.503,3.770
2696.907,0.129,1.493,3.681
2697.018,0.116,1.478,3.589
2697.129,0.095,1.468,3.494
2697.240,0.068,1.476,3.395
2697.351,0.044,1.489,3.298
2697.463,0.020,1.497,3.205
2697.573,-0.003,1.494,3.115
2697.684,-0.025,1.484,3.024
2697.796,-0.045,1.470,2.931
2697.907,-0.060,1.471,2.835
2698.018,-0.072,1.487,2.735
2698.129,-0.084,1.494,2.642
2698.240,-0.092,1.494,2.553
2698.351,-0.095,1.484,2.467
2698.462,-0.101,1.471,2.379
2698.573,-0.110,1.461,2.288
2698.684,-0.118,1.468,2.190
2698.796,-0.117,1.474,2.094
2698.907,-0.113,1.471,2.001
2699.018,-0.106,1.458,1.910
2699.129,-0.095,1.446,1.823
2699.240,-0.082,1.445,1.741
2699.351,-0.073,1.458,1.658
2699.462,-0.071,1.460,1.581
2699.573,-0.073,1.459,1.512
2699.685,-0.078,1.453,1.447
2699.796,-0.088,1.446,1.379
2699.907,-0.103,1.437,1.309
2700.018,-0.126,1.446,1.241
2700.129,-0.156,1.464,1.178
2700.240,-0.184,1.471,1.125
2700.351,-0.206,1.482,1.080
2700.463,-0.221,1.489,1.038
2700.573,-0.238,1.495,1.006
2700.685,-0.250,1.503,0.981
2700.796,-0.254,1.508,0.952
2700.907,-0.250,1.508,0.911
2701.018,-0.239,1.506,0.865
2701.129,-0.220,1.507,0.826
2701.240,-0.202,1.509,0.796
2701.352,-0.191,1.508,0.775
2701.463,-0.194,1.506,0.762
2701.574,-0.210,1.506,0.755
2701.685,-0.230,1.507,0.747
2701.796,-0.250,1.514,0.747
2701.907,-0.268,1.502,0.760
2702.019,-0.288,1.501,0.783
2702.130,-0.317,1.508,0.815
2702.241,-0.357,1.515,0.849
2702.352,-0.403,1.515,0.879
2702.463,-0.449,1.511,0.905
2702.574,-0.494,1.505,0.929
2702.685,-0.533,1.501,0.947
2702.796,-0.568,1.501,0.955
2702.907,-0.595,1.506,0.956
2703.018,-0.616,1.508,0.949
2703.129,-0.628,1.513,0.936
2703.240,-0.631,1.524,0.915
2703.352,-0.623,1.536,0.891
2703.463,-0.612,1.544,0.865
2703.573,-0.599,1.546,0.841
2703.685,-0.586,1.544,0.820
2703.796,-0.571,1.539,0.799
2703.907,-0.559,1.533,0.779
2704.018,-0.557,1.522,0.765
2704.130,-0.562,1.517,0.760
2704.241,-0.572,1.511,0.760
2704.352,-0.582,1.504,0.762
2704.463,-0.590,1.502,0.763
2704.574,-0.595,1.499,0.762
2704.685,-0.591,1.493,0.755
2704.796,-0.580,1.490,0.743
2704.907,-0.562,1.490,0.726
2705.018,-0.537,1.494,0.706
2705.130,-0.510,1.495,0.684
2705.240,-0.486,1.495,0.662
2705.352,-0.468,1.493,0.641
2705.463,-0.456,1.492,0.624
2705.574,-0.449,1.492,0.612
2705.685,-0.444,1.492,0.605
2705.796,-0.438,1.491,0.601
2705.907,-0.428,1.490,0.604
2706.019,-0.414,1.489,0.614
2706.130,-0.397,1.490,0.633
2706.240,-0.375,1.496,0.658
2706.352,-0.350,1.500,0.688
2706.463,-0.325,1.501,0.720
2706.574,-0.302,1.501,0.751
2706.685,-0.281,1.501,0.780
2706.796,-0.263,1.500,0.804
2706.907,-0.249,1.496,0.822
2707.019,-0.239,1.493,0.832
2707.130,-0.235,1.489,0.836
2707.241,-0.236,1.487,0.835
2707.352,-0.241,1.487,0.830
2707.463,-0.248,1.488,0.822
2707.574,-0.255,1.489,0.812
2707.685,-0.263,1.490,0.804
2707.796,-0.269,1.493,0.796
2707.907,-0.272,1.494,0.790
2708.018,-0.274,1.494,0.785
2708.130,-0.275,1.494,0.781
2708.240,-0.273,1.494,0.778
2708.352,-0.270,1.495,0.776
2708.463,-0.265,1.495,0.775
2708.574,-0.260,1.495,0.777
2708.685,-0.254,1.495,0.779
2708.797,-0.247,1.495,0.783
2708.907,-0.240,1.496,0.788
2709.018,-0.231,1.497,0.796
2709.130,-0.219,1.497,0.808
2709.240,-0.205,1.494,0.828
2709.352,-0.188,1.491,0.853
2709.463,-0.171,1.491,0.878
2709.574,-0.154,1.491,0.899
2709.685,-0.134,1.488,0.916
2709.797,-0.112,1.483,0.929
2709.908,-0.089,1.480,0.940
2710.019,-0.064,1.481,0.947
2710.130,-0.036,1.488,0.949
2710.241,-0.007,1.495,0.948
2710.352,0.019,1.496,0.948
2710.463,0.046,1.492,0.954
2710.574,0.071,1.488,0.964
2710.685,0.095,1.489,0.977
2710.796,0.120,1.488,0.989
2710.908,0.141,1.487,1.004
2711.018,0.162,1.494,1.019
2711.130,0.181,1.493,1.031
2711.240,0.197,1.490,1.039
2711.352,0.210,1.490,1.045
2711.463,0.222,1.487,1.050
2711.574,0.231,1.484,1.054
2711.685,0.236,1.483,1.056
2711.796,0.240,1.481,1.058
2711.907,0.242,1.479,1.058
2712.018,0.243,1.479,1.055
2712.129,0.245,1.476,1.044
2712.241,0.242,1.471,1.028
2712.352,0.229,1.467,1.010
2712.463,0.210,1.466,0.993
2712.573,0.186,1.470,0.973
2712.685,0.158,1.471,0.949
2712.796,0.126,1.471,0.920
2712.907,0.086,1.473,0.881
2713.018,0.038,1.476,0.843
2713.130,-0.009,1.478,0.817
2713.240,-0.047,1.483,0.801
2713.352,-0.072,1.488,0.790
2713.463,-0.083,1.493,0.781
2713.574,-0.085,1.498,0.772
2713.685,-0.080,1.502,0.762
2713.796,-0.072,1.507,0.748
2713.907,-0.059,1.502,0.733
2714.018,-0.046,1.503,0.718
2714.130,-0.034,1.503,0.704
2714.241,-0.022,1.502,0.691
2714.352,-0.012,1.506,0.681
2714.464,-0.002,1.520,0.678
2714.575,0.005,1.530,0.679
2714.686,0.010,1.538,0.685
2714.801,0.010,1.542,0.693
2714.908,0.006,1.545,0.704
2715.019,-0.003,1.544,0.714
2715.130,-0.017,1.539,0.720
2715.241,-0.032,1.531,0.724
2715.352,-0.043,1.512,0.727
2715.464,-0.055,1.492,0.733
2715.575,-0.067,1.489,0.743
2715.686,-0.077,1.488,0.753
2715.797,-0.087,1.486,0.763
2715.908,-0.097,1.487,0.772
2716.019,-0.106,1.489,0.780
2716.130,-0.113,1.487,0.787
2716.241,-0.119,1.485,0.790
2716.352,-0.125,1.483,0.791
2716.463,-0.132,1.479,0.789
2716.574,-0.140,1.477,0.785
2716.685,-0.149,1.475,0.780
2716.796,-0.159,1.471,0.775
2716.907,-0.167,1.471,0.767
2717.019,-0.174,1.473,0.755
2717.129,-0.178,1.473,0.737
2717.241,-0.178,1.472,0.712
2717.352,-0.171,1.471,0.675
2717.463,-0.153,1.471,0.623
2717.574,-0.129,1.473,0.569
2717.685,-0.111,1.476,0.525
2717.797,-0.105,1.479,0.495
2717.907,-0.106,1.481,0.478
2718.019,-0.110,1.479,0.466
2718.130,-0.114,1.473,0.454
2718.241,-0.118,1.470,0.447
2718.353,-0.118,1.467,0.444
2718.463,-0.118,1.466,0.443
2718.574,-0.123,1.467,0.447
2718.685,-0.127,1.465,0.452
2718.797,-0.134,1.464,0.457
2718.907,-0.141,1.463,0.462
2719.019,-0.147,1.463,0.467
2719.130,-0.150,1.464,0.470
2719.239,-0.150,1.466,0.468
2719.350,-0.151,1.467,0.461
2719.462,-0.157,1.469,0.456
2719.573,-0.169,1.471,0.458
2719.684,-0.188,1.477,0.477
2719.795,-0.215,1.485,0.511
2719.906,-0.248,1.490,0.558
2720.018,-0.288,1.488,0.616
2720.129,-0.339,1.486,0.682
2720.240,-0.397,1.480,0.748
2720.351,-0.457,1.477,0.806
2720.462,-0.514,1.488,0.852
2720.573,-0.571,1.500,0.885
2720.684,-0.633,1.499,0.910
2720.796,-0.700,1.492,0.925
2720.907,-0.771,1.480,0.933
2721.018,-0.846,1.474,0.931
2721.129,-0.924,1.485,0.923
2721.240,-0.995,1.491,0.918
2721.352,-1.059,1.493,0.910
2721.463,-1.119,1.493,0.898
2721.574,-1.180,1.489,0.884
2721.685,-1.243,1.479,0.872
2721.797,-1.312,1.475,0.863
2721.907,-1.384,1.484,0.854
2722.019,-1.448,1.485,0.840
2722.130,-1.501,1.489,0.823
2722.241,-1.545,1.485,0.802
2722.352,-1.582,1.481,0.777
2722.463,-1.614,1.478,0.745
2722.574,-1.645,1.471,0.704
2722.685,-1.675,1.466,0.652
2722.797,-1.704,1.472,0.590
2722.908,-1.733,1.480,0.528
2723.018,-1.760,1.480,0.481
2723.130,-1.783,1.482,0.446
2723.241,-1.797,1.477,0.428
2723.352,-1.802,1.480,0.424
2723.463,-1.808,1.485,0.423
2723.574,-1.817,1.486,0.421
2723.685,-1.826,1.483,0.418
2723.797,-1.831,1.482,0.416
2723.908,-1.835,1.481,0.417
2724.019,-1.837,1.481,0.418
2724.130,-1.838,1.480,0.420
2724.241,-1.839,1.481,0.424
2724.352,-1.840,1.482,0.428
2724.463,-1.842,1.482,0.430
2724.574,-1.845,1.483,0.432
2724.686,-1.852,1.485,0.434
2724.797,-1.866,1.482,0.442
2724.908,-1.882,1.478,0.462
2725.019,-1.892,1.476,0.492
2725.130,-1.891,1.475,0.528
2725.241,-1.873,1.479,0.571
2725.352,-1.842,1.482,0.619
2725.463,-1.808,1.482,0.674
2725.574,-1.777,1.483,0.738
2725.686,-1.750,1.484,0.800
2725.796,-1.730,1.486,0.854
2725.907,-1.713,1.492,0.902
2726.018,-1.696,1.489,0.946
2726.130,-1.683,1.485,0.983
2726.241,-1.680,1.480,1.009
2726.341,-1.685,1.480,1.029
2726.449,-1.688,1.481,1.055
2726.560,-1.672,1.473,1.076
2726.671,-1.644,1.465,1.080
2726.782,-1.613,1.465,1.056
2726.894,-1.583,1.471,1.007
2727.004,-1.555,1.476,0.939
2727.116,-1.524,1.476,0.857
2727.227,-1.491,1.476,0.769
2727.338,-1.464,1.470,0.691
2727.449,-1.440,1.480,0.630
2727.560,-1.419,1.487,0.577
2727.671,-1.398,1.481,0.533
2727.783,-1.370,1.482,0.498
2727.894,-1.333,1.480,0.470
2728.005,-1.286,1.477,0.444
2728.115,-1.228,1.479,0.419
2728.228,-1.166,1.491,0.387
2728.338,-1.109,1.487,0.354
2728.449,-1.063,1.482,0.328
2728.561,-1.030,1.482,0.315
2728.671,-1.008,1.484,0.318
2728.783,-1.000,1.486,0.337
2728.894,-1.000,1.483,0.364
2729.005,-0.997,1.473,0.389
2729.116,-0.983,1.475,0.411
2729.227,-0.953,1.480,0.429
2729.338,-0.910,1.479,0.442
2729.449,-0.851,1.477,0.447
2729.561,-0.776,1.474,0.445
2729.671,-0.693,1.478,0.438
2729.783,-0.623,1.478,0.432
2729.894,-0.578,1.473,0.429
2730.005,-0.564,1.473,0.436
2730.116,-0.582,1.485,0.453
2730.227,-0.627,1.498,0.484
2730.338,-0.689,1.503,0.531
2730.450,-0.762,1.505,0.594
2730.561,-0.838,1.501,0.665
2730.672,-0.906,1.493,0.732
2730.783,-0.962,1.497,0.784
2730.894,-1.016,1.499,0.822
2731.005,-1.070,1.495,0.845
2731.116,-1.125,1.488,0.857
2731.227,-1.183,1.475,0.856
2731.338,-1.246,1.463,0.845
2731.449,-1.314,1.471,0.823
2731.560,-1.385,1.485,0.802
2731.671,-1.452,1.487,0.792
2731.783,-1.512,1.487,0.790
2731.894,-1.565,1.486,0.800
2732.005,-1.612,1.482,0.824
2732.116,-1.659,1.474,0.864
2732.227,-1.711,1.475,0.917
2732.338,-1.763,1.479,0.968
2732.451,-1.809,1.483,1.012
2732.560,-1.848,1.486,1.052
2732.671,-1.880,1.485,1.085
2732.782,-1.901,1.480,1.106
2732.896,-1.915,1.475,1.113
2733.004,-1.908,1.473,1.101
2733.116,-1.875,1.481,1.068
2733.227,-1.818,1.488,1.022
2733.338,-1.733,1.492,0.971
2733.449,-1.635,1.492,0.930
2733.560,-1.542,1.490,0.898
2733.671,-1.465,1.486,0.872
2733.782,-1.411,1.488,0.845
2733.894,-1.375,1.483,0.811
2734.004,-1.354,1.480,0.770
2734.115,-1.344,1.474,0.722
2734.227,-1.340,1.469,0.670
2734.338,-1.334,1.473,0.617
2734.449,-1.332,1.474,0.575
2734.561,-1.332,1.477,0.551
2734.671,-1.333,1.479,0.544
2734.782,-1.337,1.477,0.543
2734.893,-1.343,1.474,0.537
2735.005,-1.353,1.470,0.535
2735.116,-1.372,1.471,0.536
2735.228,-1.411,1.471,0.536
2735.338,-1.469,1.467,0.535
2735.449,-1.538,1.466,0.527
2735.560,-1.604,1.468,0.513
2735.672,-1.652,1.471,0.494
2735.783,-1.679,1.471,0.474
2735.894,-1.679,1.469,0.464
2736.005,-1.656,1.469,0.460
2736.116,-1.616,1.469,0.463
2736.228,-1.563,1.470,0.469
2736.338,-1.509,1.468,0.478
2736.449,-1.468,1.467,0.486
2736.560,-1.441,1.468,0.488
2736.671,-1.425,1.468,0.487
2736.783,-1.417,1.466,0.487
2736.894,-1.415,1.467,0.487
2737.005,-1.422,1.466,0.487
2737.116,-1.433,1.466,0.487
2737.227,-1.446,1.467,0.485
2737.338,-1.454,1.465,0.482
2737.449,-1.458,1.464,0.480
2737.561,-1.458,1.464,0.480
2737.671,-1.456,1.464,0.484
2737.783,-1.451,1.465,0.488
2737.894,-1.444,1.465,0.493
2738.005,-1.436,1.465,0.498
2738.116,-1.427,1.466,0.504
2738.227,-1.422,1.466,0.510
2738.338,-1.420,1.465,0.516
2738.449,-1.419,1.464,0.519
2738.560,-1.416,1.462,0.519
2738.671,-1.409,1.462,0.518
2738.782,-1.395,1.461,0.519
2738.894,-1.377,1.463,0.521
2739.005,-1.356,1.463,0.524
2739.116,-1.337,1.463,0.529
2739.227,-1.321,1.463,0.535
2739.338,-1.313,1.464,0.538
2739.449,-1.316,1.465,0.539
2739.561,-1.327,1.467,0.538
2739.671,-1.343,1.469,0.534
2739.782,-1.373,1.472,0.527
2739.894,-1.414,1.473,0.519
2740.005,-1.457,1.474,0.508
2740.116,-1.504,1.473,0.491
2740.227,-1.555,1.471,0.468
2740.338,-1.607,1.472,0.440
2740.449,-1.651,1.470,0.410
2740.561,-1.677,1.471,0.383
2740.672,-1.683,1.472,0.360
2740.782,-1.676,1.470,0.347
2740.894,-1.658,1.470,0.342
2741.005,-1.627,1.470,0.340
2741.116,-1.583,1.467,0.343
2741.227,-1.530,1.464,0.345
2741.338,-1.477,1.463,0.347
2741.449,-1.438,1.465,0.350
2741.560,-1.411,1.466,0.356
2741.672,-1.395,1.467,0.362
2741.783,-1.388,1.469,0.365
2741.894,-1.386,1.469,0.367
2742.004,-1.387,1.468,0.370
2742.116,-1.389,1.468,0.376
2742.227,-1.398,1.468,0.389
2742.338,-1.417,1.468,0.409
2742.449,-1.438,1.472,0.432
2742.561,-1.459,1.477,0.449
2742.671,-1.478,1.473,0.467
2742.783,-1.496,1.473,0.495
2742.894,-1.518,1.474,0.537
2743.005,-1.545,1.474,0.591
2743.116,-1.578,1.469,0.655
2743.227,-1.619,1.469,0.725
2743.338,-1.663,1.469,0.787
2743.449,-1.703,1.473,0.834
2743.561,-1.736,1.477,0.868
2743.671,-1.758,1.476,0.888
2743.783,-1.772,1.480,0.891
2743.892,-1.782,1.483,0.881
2744.003,-1.787,1.486,0.866
2744.114,-1.793,1.490,0.851
2744.226,-1.802,1.493,0.832
2744.338,-1.814,1.492,0.806
2744.449,-1.829,1.488,0.773
2744.561,-1.842,1.482,0.742
2744.671,-1.835,1.478,0.716
2744.782,-1.802,1.482,0.696
2744.893,-1.747,1.481,0.685
2745.005,-1.681,1.472,0.686
2745.116,-1.607,1.469,0.692
2745.227,-1.530,1.480,0.695
2745.338,-1.449,1.489,0.697
2745.449,-1.368,1.492,0.694
2745.560,-1.285,1.486,0.680
2745.671,-1.198,1.478,0.652
2745.782,-1.104,1.477,0.610
2745.894,-1.016,1.480,0.571
2746.005,-0.941,1.482,0.544
2746.116,-0.886,1.475,0.530
2746.227,-0.852,1.473,0.523
2746.338,-0.837,1.476,0.517
2746.449,-0.838,1.480,0.508
2746.560,-0.851,1.486,0.494
2746.671,-0.873,1.488,0.477
2746.782,-0.899,1.488,0.458
2746.894,-0.928,1.487,0.439
2747.005,-0.956,1.480,0.422
2747.116,-0.983,1.473,0.413
2747.227,-1.004,1.471,0.421
2747.338,-1.020,1.475,0.446
2747.449,-1.032,1.482,0.488
2747.560,-1.049,1.491,0.542
2747.672,-1.076,1.493,0.602
2747.783,-1.113,1.492,0.663
2747.894,-1.159,1.485,0.719
2748.004,-1.205,1.481,0.770
2748.116,-1.247,1.488,0.806
2748.227,-1.292,1.489,0.827
2748.338,-1.340,1.484,0.833
2748.449,-1.391,1.476,0.827
2748.560,-1.446,1.467,0.809
2748.671,-1.503,1.465,0.780
2748.782,-1.563,1.477,0.746
2748.894,-1.620,1.479,0.718
2749.004,-1.672,1.481,0.700
2749.116,-1.713,1.478,0.691
2749.227,-1.739,1.477,0.693
2749.337,-1.755,1.480,0.706
2749.449,-1.769,1.480,0.727
2749.560,-1.788,1.482,0.755
2749.671,-1.809,1.482,0.785
2749.782,-1.829,1.478,0.810
2749.893,-1.844,1.477,0.830
2750.004,-1.855,1.475,0.844
2750.115,-1.860,1.473,0.851
2750.227,-1.864,1.474,0.856
2750.338,-1.866,1.474,0.859
2750.449,-1.865,1.473,0.859
2750.560,-1.863,1.474,0.855
2750.671,-1.861,1.472,0.848
2750.782,-1.861,1.472,0.832
2750.894,-1.861,1.471,0.804
2751.004,-1.863,1.469,0.767
2751.116,-1.870,1.466,0.717
2751.227,-1.880,1.466,0.653
2751.338,-1.894,1.473,0.580
2751.449,-1.911,1.477,0.517
2751.560,-1.921,1.472,0.472
2751.672,-1.919,1.471,0.445
2751.783,-1.906,1.473,0.433
2751.894,-1.881,1.477,0.434
2752.004,-1.845,1.481,0.449
2752.115,-1.800,1.486,0.477
2752.227,-1.745,1.484,0.517
2752.338,-1.680,1.470,0.561
2752.449,-1.619,1.461,0.601
2752.561,-1.568,1.474,0.632
2752.671,-1.524,1.485,0.659
2752.783,-1.488,1.490,0.676
2752.893,-1.459,1.490,0.676
2753.004,-1.432,1.490,0.661
2753.116,-1.400,1.488,0.632
2753.227,-1.360,1.485,0.596
2753.338,-1.319,1.482,0.557
2753.449,-1.289,1.479,0.520
2753.560,-1.271,1.473,0.491
2753.671,-1.265,1.466,0.474
2753.783,-1.267,1.463,0.469
2753.893,-1.275,1.461,0.471
2754.005,-1.283,1.458,0.476
2754.116,-1.289,1.459,0.482
2754.227,-1.294,1.461,0.489
2754.338,-1.300,1.464,0.497
2754.449,-1.309,1.467,0.509
2754.560,-1.322,1.469,0.527
2754.671,-1.341,1.472,0.550
2754.782,-1.368,1.474,0.580
2754.894,-1.407,1.476,0.621
2755.004,-1.455,1.474,0.672
2755.115,-1.499,1.476,0.728
2755.227,-1.534,1.478,0.776
2755.338,-1.563,1.482,0.816
2755.449,-1.586,1.481,0.845
2755.560,-1.609,1.480,0.868
2755.671,-1.624,1.482,0.884
2755.782,-1.641,1.489,0.888
2755.894,-1.665,1.487,0.877
2756.005,-1.692,1.482,0.852
2756.116,-1.720,1.484,0.813
2756.227,-1.745,1.483,0.767
2756.338,-1.758,1.480,0.722
2756.449,-1.763,1.484,0.684
2756.560,-1.766,1.488,0.650
2756.671,-1.771,1.490,0.617
2756.783,-1.783,1.490,0.585
2756.894,-1.807,1.488,0.556
2757.005,-1.839,1.490,0.519
2757.116,-1.868,1.486,0.485
2757.227,-1.890,1.479,0.459
2757.338,-1.907,1.477,0.443
2757.449,-1.918,1.481,0.436
2757.561,-1.923,1.483,0.438
2757.671,-1.925,1.486,0.446
2757.782,-1.929,1.487,0.453
2757.894,-1.934,1.483,0.457
2758.005,-1.936,1.480,0.460
2758.116,-1.934,1.480,0.461
2758.227,-1.929,1.480,0.461
2758.338,-1.920,1.478,0.462
2758.449,-1.910,1.477,0.464
2758.560,-1.899,1.479,0.465
2758.671,-1.889,1.481,0.462
2758.782,-1.877,1.481,0.454
2758.893,-1.866,1.475,0.444
2759.005,-1.853,1.469,0.434
2759.116,-1.835,1.471,0.428
2759.227,-1.811,1.472,0.424
2759.338,-1.776,1.474,0.423
2759.449,-1.729,1.473,0.424
2759.560,-1.670,1.470,0.427
2759.671,-1.602,1.466,0.432
2759.783,-1.535,1.471,0.436
2759.894,-1.484,1.477,0.438
2760.004,-1.451,1.479,0.439
2760.116,-1.433,1.480,0.437
2760.227,-1.432,1.481,0.441
2760.338,-1.443,1.483,0.456
2760.449,-1.457,1.484,0.483
2760.561,-1.474,1.486,0.518
2760.671,-1.492,1.487,0.557
2760.783,-1.519,1.485,0.604
2760.894,-1.547,1.483,0.658
2761.005,-1.569,1.482,0.711
2761.116,-1.584,1.481,0.757
2761.227,-1.596,1.480,0.796
2761.338,-1.607,1.479,0.824
2761.449,-1.625,1.481,0.839
2761.560,-1.652,1.482,0.844
2761.671,-1.686,1.481,0.842
2761.782,-1.717,1.480,0.835
2761.893,-1.748,1.492,0.824
2762.004,-1.771,1.511,0.814
2762.115,-1.772,1.525,0.811
2762.227,-1.750,1.528,0.815
2762.338,-1.713,1.516,0.813
2762.450,-1.656,1.495,0.800
2762.560,-1.585,1.479,0.796
2762.671,-1.515,1.479,0.788
2762.782,-1.447,1.481,0.774
2762.894,-1.376,1.477,0.746
2763.004,-1.300,1.465,0.703
2763.115,-1.218,1.449,0.644
2763.227,-1.137,1.444,0.582
2763.338,-1.069,1.452,0.532
2763.449,-1.021,1.458,0.499
2763.560,-0.993,1.461,0.484
2763.671,-0.983,1.466,0.478
2763.782,-0.988,1.470,0.475
2763.894,-1.002,1.470,0.478
2764.005,-1.028,1.472,0.491
2764.116,-1.060,1.474,0.521
2764.227,-1.096,1.474,0.565
2764.338,-1.141,1.478,0.619
2764.449,-1.196,1.477,0.684
2764.560,-1.247,1.475,0.750
2764.671,-1.287,1.476,0.805
2764.783,-1.320,1.480,0.844
2764.894,-1.350,1.482,0.870
2765.005,-1.385,1.482,0.886
2765.116,-1.428,1.480,0.893
2765.227,-1.482,1.476,0.893
2765.338,-1.549,1.479,0.891
2765.449,-1.625,1.488,0.892
2765.561,-1.693,1.489,0.898
2765.671,-1.746,1.484,0.902
2765.783,-1.779,1.481,0.901
2765.894,-1.789,1.480,0.890
2766.004,-1.775,1.483,0.868
2766.116,-1.741,1.487,0.841
2766.227,-1.699,1.489,0.819
2766.338,-1.664,1.484,0.803
2766.449,-1.643,1.480,0.789
2766.560,-1.635,1.482,0.776
2766.671,-1.641,1.486,0.763
2766.782,-1.660,1.492,0.743
2766.894,-1.680,1.490,0.718
2767.005,-1.695,1.490,0.694
2767.115,-1.708,1.489,0.670
2767.227,-1.719,1.487,0.643
2767.338,-1.732,1.486,0.613
2767.449,-1.742,1.483,0.587
2767.560,-1.752,1.482,0.569
2767.672,-1.762,1.483,0.551
2767.782,-1.776,1.486,0.536
2767.894,-1.795,1.494,0.517
2768.005,-1.809,1.493,0.492
2768.116,-1.808,1.487,0.467
2768.227,-1.785,1.483,0.451
2768.338,-1.747,1.483,0.449
2768.449,-1.707,1.485,0.459
2768.560,-1.662,1.490,0.471
2768.671,-1.604,1.488,0.477
2768.782,-1.527,1.474,0.475
2768.894,-1.430,1.447,0.465
2769.005,-1.311,1.440,0.439
2769.116,-1.198,1.442,0.414
2769.227,-1.105,1.454,0.406
2769.338,-1.034,1.466,0.417
2769.449,-0.979,1.471,0.440
2769.560,-0.929,1.473,0.473
2769.671,-0.879,1.469,0.514
2769.783,-0.824,1.461,0.560
2769.894,-0.765,1.469,0.597
2770.005,-0.707,1.479,0.620
2770.116,-0.655,1.481,0.626
2770.227,-0.605,1.482,0.618
2770.338,-0.553,1.482,0.599
2770.449,-0.499,1.485,0.574
2770.561,-0.448,1.486,0.552
2770.672,-0.410,1.489,0.534
2770.782,-0.385,1.484,0.522
2770.894,-0.372,1.480,0.515
2771.005,-0.366,1.480,0.513
2771.116,-0.365,1.480,0.509
2771.227,-0.369,1.479,0.507
2771.338,-0.375,1.479,0.503
2771.449,-0.382,1.478,0.497
2771.560,-0.391,1.478,0.487
2771.671,-0.407,1.478,0.472
2771.782,-0.431,1.478,0.458
2771.894,-0.459,1.478,0.454
2772.005,-0.485,1.478,0.462
2772.116,-0.509,1.480,0.481
2772.227,-0.536,1.483,0.510
2772.338,-0.567,1.486,0.547
2772.449,-0.603,1.487,0.594
2772.560,-0.646,1.486,0.650
2772.671,-0.694,1.487,0.707
2772.782,-0.742,1.489,0.757
2772.894,-0.795,1.490,0.798
2773.004,-0.858,1.483,0.831
2773.115,-0.930,1.470,0.858
2773.227,-1.011,1.458,0.879
2773.338,-1.100,1.461,0.892
2773.449,-1.189,1.480,0.901
2773.560,-1.268,1.488,0.910
2773.671,-1.341,1.490,0.915
2773.782,-1.408,1.484,0.920
2773.894,-1.473,1.482,0.928
2774.005,-1.539,1.480,0.943
2774.116,-1.606,1.477,0.965
2774.227,-1.672,1.487,0.992
2774.338,-1.729,1.497,1.011
2774.449,-1.776,1.504,1.021
2774.560,-1.813,1.500,1.033
2774.671,-1.845,1.495,1.047
2774.782,-1.876,1.495,1.063
2774.893,-1.908,1.488,1.077
2775.004,-1.930,1.481,1.081
2775.116,-1.940,1.482,1.071
2775.227,-1.940,1.484,1.049
2775.338,-1.930,1.489,1.014
2775.449,-1.910,1.493,0.967
2775.560,-1.875,1.495,0.908
2775.671,-1.830,1.496,0.842
2775.782,-1.780,1.492,0.775
2775.894,-1.731,1.486,0.714
2776.004,-1.694,1.486,0.662
2776.116,-1.672,1.485,0.612
2776.227,-1.668,1.484,0.565
2776.338,-1.681,1.479,0.517
2776.449,-1.702,1.473,0.465
2776.563,-1.720,1.470,0.424
2776.671,-1.726,1.471,0.398
2776.783,-1.720,1.470,0.388
2776.894,-1.696,1.470,0.395
2777.005,-1.653,1.473,0.429
2777.116,-1.606,1.477,0.483
2777.226,-1.556,1.480,0.548
2777.337,-1.509,1.487,0.607
2777.449,-1.475,1.499,0.651
2777.561,-1.456,1.509,0.682
2777.671,-1.442,1.515,0.705
2777.782,-1.431,1.516,0.719
2777.894,-1.421,1.516,0.722
2778.005,-1.414,1.514,0.712
2778.116,-1.411,1.511,0.693
2778.227,-1.413,1.506,0.665
2778.338,-1.418,1.496,0.635
2778.449,-1.417,1.484,0.610
2778.560,-1.410,1.479,0.592
2778.671,-1.395,1.478,0.585
2778.782,-1.372,1.477,0.592
2778.894,-1.341,1.474,0.615
2779.005,-1.301,1.468,0.649
2779.116,-1.258,1.465,0.690
2779.227,-1.222,1.469,0.729
2779.338,-1.196,1.478,0.769
2779.449,-1.171,1.490,0.811
2779.561,-1.138,1.498,0.851
2779.672,-1.094,1.495,0.882
2779.783,-1.036,1.487,0.905
2779.894,-0.965,1.484,0.929
2780.005,-0.889,1.493,0.953
2780.116,-0.815,1.498,0.977
2780.227,-0.745,1.497,0.994
2780.338,-0.678,1.496,1.005
2780.449,-0.609,1.497,1.012
2780.561,-0.545,1.498,1.021
2780.672,-0.493,1.498,1.030
2780.783,-0.451,1.499,1.035
2780.894,-0.415,1.498,1.034
2781.005,-0.382,1.495,1.026
2781.116,-0.350,1.496,1.013
2781.228,-0.319,1.490,0.996
2781.338,-0.288,1.490,0.976
2781.450,-0.251,1.494,0.954
2781.561,-0.212,1.488,0.937
2781.672,-0.176,1.489,0.927
2781.783,-0.143,1.486,0.926
2781.894,-0.112,1.483,0.930
2782.005,-0.083,1.483,0.938
2782.116,-0.054,1.489,0.948
2782.227,-0.027,1.491,0.959
2782.338,-0.002,1.489,0.970
2782.450,0.020,1.488,0.980
2782.561,0.038,1.488,0.987
2782.671,0.056,1.486,0.992
2782.783,0.071,1.485,0.995
2782.894,0.083,1.483,0.997
2783.005,0.094,1.481,0.998
2783.116,0.102,1.479,0.998
2783.228,0.107,1.477,0.997
2783.338,0.109,1.476,0.996
2783.450,0.109,1.476,0.996
2783.560,0.106,1.475,0.997
2783.671,0.101,1.475,0.999
2783.783,0.098,1.476,1.000
2783.894,0.094,1.478,1.003
2784.005,0.092,1.477,1.003
2784.116,0.090,1.476,0.993
2784.227,0.081,1.478,0.976
2784.338,0.059,1.482,0.966
2784.450,0.028,1.487,0.966
2784.561,-0.010,1.498,0.974
2784.672,-0.055,1.507,0.985
2784.783,-0.102,1.519,0.994
2784.894,-0.144,1.526,1.001
2785.005,-0.179,1.524,1.005
2785.116,-0.203,1.517,1.007
2785.227,-0.217,1.509,1.010
2785.338,-0.224,1.496,1.009
2785.449,-0.223,1.496,1.005
2785.560,-0.214,1.498,0.998
2785.671,-0.196,1.499,0.986
2785.783,-0.169,1.499,0.967
2785.894,-0.134,1.494,0.946
2786.005,-0.098,1.497,0.926
2786.116,-0.062,1.503,0.908
2786.227,-0.034,1.506,0.889
2786.338,-0.017,1.509,0.869
2786.449,-0.006,1.508,0.853
2786.560,0.001,1.507,0.845
2786.671,0.001,1.506,0.842
2786.782,-0.004,1.505,0.843
2786.894,-0.020,1.507,0.842
2787.004,-0.043,1.504,0.838
2787.116,-0.067,1.499,0.833
2787.227,-0.088,1.488,0.826
2787.338,-0.103,1.488,0.820
2787.449,-0.114,1.488,0.813
2787.560,-0.119,1.486,0.804
2787.671,-0.118,1.486,0.795
2787.783,-0.115,1.488,0.787
2787.894,-0.108,1.491,0.778
2788.004,-0.099,1.490,0.769
2788.115,-0.088,1.488,0.762
2788.227,-0.077,1.484,0.755
2788.338,-0.066,1.483,0.749
2788.449,-0.056,1.482,0.744
2788.560,-0.049,1.482,0.739
2788.671,-0.045,1.482,0.734
2788.782,-0.044,1.482,0.728
2788.893,-0.043,1.481,0.723
2789.004,-0.043,1.482,0.719
2789.116,-0.042,1.483,0.715
2789.227,-0.041,1.483,0.712
2789.338,-0.038,1.484,0.710
2789.449,-0.034,1.485,0.710
2789.560,-0.029,1.486,0.709
2789.671,-0.025,1.487,0.709
2789.782,-0.021,1.486,0.708
2789.894,-0.016,1.485,0.706
2790.004,-0.011,1.483,0.706
2790.115,-0.007,1.481,0.706
2790.227,-0.002,1.479,0.708
2790.338,0.003,1.477,0.709
2790.449,0.007,1.478,0.710
2790.560,0.010,1.478,0.710
2790.671,0.010,1.478,0.709
2790.783,0.010,1.478,0.707
2790.893,0.010,1.479,0.704
2791.004,0.009,1.478,0.702
2791.115,0.008,1.478,0.699
2791.227,0.006,1.477,0.697
2791.337,0.005,1.476,0.695
2791.449,0.005,1.476,0.694
2791.560,0.005,1.475,0.693
2791.671,0.006,1.475,0.693
2791.782,0.006,1.475,0.693
2791.894,0.006,1.475,0.693
2792.004,0.007,1.475,0.694
2792.115,0.007,1.474,0.694
2792.227,0.007,1.475,0.695
2792.338,0.007,1.475,0.696
2792.449,0.006,1.476,0.696
2792.560,0.005,1.476,0.696
2792.671,0.006,1.478,0.695
2792.782,0.009,1.479,0.695
2792.894,0.011,1.480,0.698
2793.005,0.011,1.482,0.701
2793.116,0.009,1.483,0.702
2793.227,0.007,1.484,0.700
2793.337,0.007,1.484,0.696
2793.449,0.008,1.483,0.690
2793.560,0.010,1.482,0.683
2793.671,0.010,1.481,0.677
2793.782,0.010,1.481,0.671
2793.894,0.008,1.481,0.666
2794.004,0.005,1.482,0.664
2794.115,-0.003,1.483,0.666
2794.227,-0.017,1.483,0.673
2794.338,-0.038,1.482,0.686
2794.449,-0.065,1.481,0.704
2794.560,-0.095,1.479,0.723
2794.671,-0.124,1.478,0.741
2794.782,-0.150,1.476,0.755
2794.893,-0.172,1.476,0.761
2795.004,-0.188,1.477,0.758
2795.115,-0.199,1.478,0.747
2795.227,-0.204,1.477,0.732
2795.337,-0.204,1.484,0.718
2795.449,-0.202,1.486,0.706
2795.560,-0.199,1.487,0.697
2795.671,-0.194,1.487,0.691
2795.783,-0.188,1.485,0.688
2795.893,-0.183,1.484,0.686
2796.004,-0.178,1.484,0.685
2796.115,-0.176,1.483,0.684
2796.226,-0.175,1.483,0.682
2796.338,-0.174,1.483,0.677
2796.449,-0.173,1.482,0.671
2796.560,-0.171,1.481,0.664
2796.671,-0.168,1.480,0.656
2796.782,-0.165,1.478,0.647
2796.893,-0.163,1.476,0.640
2797.004,-0.162,1.475,0.634
2797.115,-0.162,1.473,0.630
2797.227,-0.162,1.471,0.627
2797.338,-0.161,1.471,0.625
2797.448,-0.160,1.471,0.625
2797.560,-0.160,1.471,0.626
2797.671,-0.159,1.472,0.626
2797.782,-0.160,1.473,0.625
2797.893,-0.161,1.473,0.624
2798.004,-0.162,1.474,0.623
2798.115,-0.164,1.474,0.623
2798.227,-0.166,1.474,0.622
2798.337,-0.168,1.475,0.621
2798.448,-0.169,1.475,0.620
2798.560,-0.171,1.474,0.618
2798.671,-0.173,1.472,0.618
2798.782,-0.179,1.472,0.624
2798.893,-0.194,1.471,0.637
2799.004,-0.219,1.474,0.656
2799.115,-0.254,1.470,0.681
2799.227,-0.299,1.462,0.711
2799.337,-0.347,1.463,0.739
2799.448,-0.388,1.466,0.759
2799.560,-0.423,1.472,0.769
2799.671,-0.453,1.475,0.768
2799.782,-0.478,1.475,0.757
2799.893,-0.500,1.473,0.739
2800.004,-0.518,1.478,0.717
2800.115,-0.531,1.478,0.692
2800.227,-0.541,1.474,0.670
2800.337,-0.548,1.473,0.654
2800.448,-0.552,1.470,0.643
2800.560,-0.555,1.467,0.639
2800.671,-0.558,1.467,0.639
2800.782,-0.562,1.472,0.639
2800.893,-0.566,1.472,0.637
2801.004,-0.569,1.470,0.633
2801.115,-0.570,1.469,0.631
2801.227,-0.571,1.468,0.627
2801.338,-0.570,1.466,0.623
2801.449,-0.568,1.465,0.621
2801.560,-0.565,1.465,0.619
2801.671,-0.564,1.464,0.618
2801.782,-0.563,1.463,0.617
2801.893,-0.560,1.462,0.615
2802.004,-0.556,1.462,0.614
2802.116,-0.554,1.462,0.612
2802.227,-0.554,1.462,0.609
2802.338,-0.555,1.462,0.607
2802.449,-0.553,1.461,0.606
2802.560,-0.551,1.461,0.606
2802.671,-0.549,1.461,0.607
2802.782,-0.547,1.461,0.609
2802.894,-0.546,1.462,0.611
2803.004,-0.546,1.462,0.613
2803.115,-0.546,1.463,0.614
2803.227,-0.547,1.463,0.615
2803.338,-0.549,1.464,0.615
2803.449,-0.555,1.463,0.615
2803.560,-0.566,1.463,0.614
2803.671,-0.583,1.463,0.612
2803.782,-0.605,1.463,0.612
2803.891,-0.631,1.462,0.613
2804.002,-0.664,1.464,0.615
2804.113,-0.704,1.465,0.616
2804.224,-0.747,1.468,0.619
2804.337,-0.788,1.472,0.622
2804.449,-0.823,1.473,0.626
2804.560,-0.849,1.473,0.631
2804.671,-0.870,1.471,0.635
2804.782,-0.885,1.469,0.640
2804.893,-0.896,1.469,0.644
2805.004,-0.902,1.469,0.647
2805.115,-0.906,1.469,0.648
2805.227,-0.907,1.469,0.649
2805.338,-0.907,1.467,0.649
2805.449,-0.907,1.467,0.648
2805.560,-0.904,1.468,0.646
2805.671,-0.901,1.472,0.644
2805.782,-0.897,1.473,0.642
2805.894,-0.894,1.474,0.640
2806.004,-0.890,1.473,0.637
2806.115,-0.886,1.473,0.636
2806.227,-0.882,1.472,0.635
2806.337,-0.879,1.471,0.635
2806.449,-0.877,1.470,0.635
2806.560,-0.878,1.471,0.635
2806.671,-0.881,1.472,0.633
2806.782,-0.886,1.472,0.631
2806.893,-0.891,1.473,0.628
2807.004,-0.896,1.474,0.626
2807.116,-0.905,1.474,0.625
2807.227,-0.917,1.472,0.628
2807.337,-0.932,1.470,0.636
2807.449,-0.951,1.467,0.649
2807.560,-0.969,1.465,0.660
2807.671,-0.986,1.466,0.667
2807.782,-0.997,1.465,0.664
2807.893,-0.995,1.460,0.654
2808.004,-0.996,1.459,0.641
2808.115,-1.003,1.463,0.630
2808.227,-1.024,1.465,0.619
2808.338,-1.061,1.463,0.604
2808.449,-1.095,1.462,0.592
2808.560,-1.125,1.464,0.592
2808.671,-1.147,1.474,0.601
2808.782,-1.167,1.483,0.612
2808.894,-1.184,1.486,0.630
2809.004,-1.200,1.488,0.650
2809.116,-1.216,1.489,0.667
2809.227,-1.228,1.486,0.681
2809.338,-1.235,1.487,0.692
2809.449,-1.236,1.487,0.700
2809.560,-1.232,1.485,0.704
2809.671,-1.223,1.488,0.707
2809.782,-1.215,1.490,0.705
2809.893,-1.208,1.488,0.700
2810.004,-1.202,1.487,0.693
2810.115,-1.198,1.485,0.687
2810.227,-1.193,1.482,0.681
2810.338,-1.190,1.482,0.675
2810.449,-1.190,1.483,0.669
2810.560,-1.193,1.484,0.662
2810.671,-1.196,1.484,0.656
2810.782,-1.198,1.484,0.651
2810.894,-1.200,1.484,0.646
2811.004,-1.202,1.481,0.643
2811.115,-1.199,1.478,0.642
2811.227,-1.196,1.477,0.646
2811.337,-1.193,1.477,0.653
2811.448,-1.194,1.476,0.664
2811.560,-1.199,1.474,0.676
2811.672,-1.204,1.471,0.687
2811.782,-1.209,1.470,0.699
2811.893,-1.218,1.467,0.708
2812.004,-1.232,1.464,0.714
2812.115,-1.251,1.464,0.714
2812.227,-1.269,1.464,0.712
2812.337,-1.283,1.467,0.707
2812.449,-1.294,1.469,0.698
2812.560,-1.304,1.472,0.687
2812.671,-1.311,1.477,0.673
2812.782,-1.316,1.479,0.660
2812.893,-1.317,1.480,0.648
2813.004,-1.317,1.481,0.638
2813.115,-1.316,1.480,0.631
2813.227,-1.314,1.480,0.627
2813.338,-1.312,1.479,0.626
2813.449,-1.309,1.478,0.628
2813.560,-1.305,1.477,0.632
2813.671,-1.300,1.476,0.636
2813.782,-1.297,1.476,0.641
2813.894,-1.295,1.476,0.644
2814.004,-1.294,1.476,0.647
2814.115,-1.293,1.477,0.649
2814.227,-1.292,1.477,0.650
2814.337,-1.291,1.476,0.651
2814.449,-1.290,1.477,0.651
2814.560,-1.289,1.477,0.652
2814.671,-1.287,1.477,0.652
2814.782,-1.285,1.477,0.653
2814.893,-1.284,1.477,0.654
2815.005,-1.283,1.476,0.655
2815.116,-1.283,1.476,0.656
2815.227,-1.284,1.475,0.658
2815.337,-1.285,1.475,0.660
2815.448,-1.285,1.475,0.662
2815.560,-1.286,1.475,0.664
2815.671,-1.287,1.475,0.665
2815.782,-1.287,1.475,0.666
2815.893,-1.287,1.475,0.667
2816.004,-1.287,1.475,0.667
2816.115,-1.287,1.475,0.667
2816.227,-1.288,1.475,0.667
2816.338,-1.288,1.475,0.667
2816.449,-1.289,1.475,0.667
2816.561,-1.289,1.475,0.666
2816.671,-1.290,1.475,0.666
2816.782,-1.290,1.475,0.665
2816.893,-1.291,1.474,0.664
2817.004,-1.291,1.474,0.664
2817.115,-1.292,1.474,0.663
2817.227,-1.292,1.473,0.663
2817.338,-1.292,1.473,0.663
2817.449,-1.291,1.472,0.663
2817.560,-1.290,1.473,0.663
2817.671,-1.289,1.472,0.664
2817.782,-1.287,1.472,0.666
2817.893,-1.284,1.472,0.670
2818.004,-1.282,1.472,0.675
2818.116,-1.280,1.472,0.682
2818.227,-1.279,1.470,0.691
2818.338,-1.278,1.468,0.701
2818.449,-1.276,1.465,0.712
2818.560,-1.274,1.462,0.722
2818.671,-1.275,1.459,0.731
2818.782,-1.278,1.457,0.740
2818.894,-1.282,1.458,0.747
2819.004,-1.285,1.459,0.752
2819.116,-1.284,1.459,0.756
2819.227,-1.282,1.461,0.760
2819.338,-1.279,1.463,0.761
2819.449,-1.278,1.464,0.763
2819.560,-1.277,1.465,0.764
2819.674,-1.276,1.463,0.764
2819.782,-1.274,1.461,0.764
2819.893,-1.271,1.460,0.765
2820.004,-1.268,1.458,0.765
2820.115,-1.265,1.457,0.767
2820.227,-1.262,1.457,0.769
2820.338,-1.259,1.457,0.772
2820.449,-1.257,1.458,0.773
2820.560,-1.257,1.459,0.774
2820.671,-1.257,1.459,0.774
2820.782,-1.257,1.460,0.773
2820.894,-1.257,1.460,0.772
2821.004,-1.257,1.460,0.773
2821.115,-1.256,1.460,0.773
2821.227,-1.257,1.459,0.772
2821.337,-1.260,1.458,0.770
2821.449,-1.263,1.458,0.767
2821.560,-1.265,1.457,0.765
2821.671,-1.260,1.457,0.762
2821.782,-1.250,1.461,0.762
2821.893,-1.240,1.465,0.763
2822.004,-1.235,1.466,0.763
2822.115,-1.235,1.466,0.761
2822.227,-1.238,1.466,0.758
2822.337,-1.244,1.467,0.754
2822.448,-1.254,1.470,0.750
2822.560,-1.268,1.473,0.747
2822.671,-1.283,1.475,0.747
2822.782,-1.299,1.477,0.748
2822.894,-1.311,1.477,0.750
2823.004,-1.318,1.477,0.752
2823.116,-1.322,1.477,0.753
2823.227,-1.325,1.477,0.754
2823.338,-1.328,1.477,0.754
2823.449,-1.330,1.477,0.755
2823.561,-1.331,1.477,0.755
2823.671,-1.331,1.477,0.754
2823.783,-1.331,1.476,0.753
2823.893,-1.330,1.476,0.752
2824.004,-1.328,1.475,0.751
2824.116,-1.326,1.475,0.751
2824.227,-1.324,1.475,0.751
2824.338,-1.324,1.475,0.751
2824.449,-1.323,1.476,0.750
2824.560,-1.323,1.476,0.750
2824.671,-1.322,1.476,0.750
2824.782,-1.321,1.477,0.750
2824.894,-1.320,1.477,0.750
2825.004,-1.318,1.478,0.749
2825.116,-1.316,1.478,0.747
2825.227,-1.314,1.477,0.746
2825.338,-1.311,1.477,0.744
2825.449,-1.308,1.476,0.742
2825.560,-1.305,1.475,0.740
2825.671,-1.304,1.476,0.738
2825.782,-1.303,1.476,0.736
2825.894,-1.304,1.478,0.734
2826.004,-1.305,1.479,0.730
2826.115,-1.307,1.480,0.726
2826.227,-1.310,1.483,0.720
2826.338,-1.312,1.485,0.715
2826.449,-1.313,1.490,0.711
2826.560,-1.311,1.494,0.706
2826.671,-1.309,1.497,0.701
2826.782,-1.306,1.498,0.695
2826.893,-1.303,1.499,0.689
2827.005,-1.301,1.499,0.684
2827.116,-1.299,1.499,0.679
2827.227,-1.299,1.498,0.674
2827.338,-1.299,1.498,0.670
2827.449,-1.299,1.497,0.666
2827.560,-1.300,1.496,0.664
2827.672,-1.302,1.495,0.661
2827.783,-1.304,1.494,0.660
2827.894,-1.305,1.494,0.659
2828.004,-1.307,1.493,0.658
2828.116,-1.308,1.493,0.657
2828.227,-1.308,1.492,0.655
2828.338,-1.307,1.492,0.653
2828.449,-1.307,1.492,0.651
2828.560,-1.306,1.491,0.648
2828.671,-1.306,1.491,0.645
2828.782,-1.306,1.491,0.641
2828.894,-1.306,1.489,0.638
2829.005,-1.306,1.489,0.634
2829.115,-1.305,1.488,0.631
2829.227,-1.305,1.488,0.628
2829.338,-1.305,1.488,0.626
2829.449,-1.305,1.488,0.625
2829.560,-1.305,1.488,0.624
2829.671,-1.306,1.488,0.622
2829.782,-1.306,1.488,0.621
2829.894,-1.306,1.488,0.620
2830.004,-1.306,1.488,0.620
2830.116,-1.306,1.487,0.620
2830.227,-1.305,1.486,0.621
2830.338,-1.304,1.486,0.623
2830.449,-1.305,1.486,0.627
2830.560,-1.308,1.485,0.630
2830.671,-1.311,1.485,0.633
2830.782,-1.313,1.485,0.636
2830.893,-1.315,1.485,0.640
2831.004,-1.316,1.485,0.644
2831.115,-1.317,1.484,0.649
2831.227,-1.316,1.484,0.654
2831.338,-1.317,1.480,0.661
2831.449,-1.319,1.477,0.667
2831.560,-1.319,1.474,0.671
2831.671,-1.315,1.473,0.672
2831.782,-1.308,1.472,0.673
2831.894,-1.296,1.471,0.673
2832.004,-1.284,1.470,0.677
2832.115,-1.276,1.469,0.682
2832.227,-1.278,1.468,0.688
2832.337,-1.282,1.468,0.695
2832.449,-1.285,1.471,0.702
2832.560,-1.288,1.472,0.709
2832.670,-1.291,1.474,0.716
2832.782,-1.293,1.473,0.723
2832.893,-1.293,1.473,0.730
2833.004,-1.290,1.472,0.741
2833.115,-1.284,1.471,0.751
2833.227,-1.273,1.468,0.759
2833.365,-1.256,1.464,0.774
2833.477,-1.238,1.467,0.789
2833.588,-1.217,1.472,0.806
2833.699,-1.197,1.478,0.827
2833.811,-1.175,1.486,0.855
2833.921,-1.152,1.494,0.887
2834.061,-1.118,1.506,0.935
2834.171,-1.092,1.509,0.980
2834.283,-1.070,1.506,1.025
2834.394,-1.054,1.502,1.072
2834.505,-1.048,1.507,1.123
2834.616,-1.057,1.508,1.166
2834.727,-1.074,1.506,1.189
2834.838,-1.087,1.505,1.191
2834.949,-1.094,1.507,1.178
2835.061,-1.087,1.515,1.157
2835.172,-1.067,1.524,1.132
2835.283,-1.040,1.539,1.104
2835.394,-1.013,1.556,1.068
2835.505,-0.991,1.568,1.026
2835.616,-0.978,1.575,0.983
2835.728,-0.969,1.574,0.949
2835.838,-0.963,1.568,0.921
2835.949,-0.957,1.564,0.896
2836.061,-0.949,1.557,0.875
2836.172,-0.937,1.554,0.856
2836.283,-0.923,1.546,0.840
2836.394,-0.905,1.539,0.828
2836.505,-0.883,1.536,0.823
2836.616,-0.858,1.531,0.818
2836.728,-0.835,1.528,0.814
2836.838,-0.814,1.530,0.814
2836.950,-0.793,1.530,0.819
2837.061,-0.779,1.527,0.829
2837.172,-0.777,1.525,0.845
2837.283,-0.777,1.524,0.869
2837.394,-0.774,1.523,0.890
2837.505,-0.768,1.521,0.904
2837.616,-0.762,1.522,0.912
2837.728,-0.755,1.522,0.913
2837.838,-0.747,1.524,0.908
2837.949,-0.734,1.524,0.900
2838.061,-0.717,1.524,0.893
2838.172,-0.693,1.525,0.885
2838.283,-0.663,1.522,0.875
2838.394,-0.629,1.518,0.866
2838.505,-0.588,1.513,0.862
2838.616,-0.541,1.509,0.868
2838.728,-0.499,1.507,0.882
2838.839,-0.463,1.505,0.896
2838.950,-0.437,1.503,0.905
2839.061,-0.413,1.510,0.904
2839.172,-0.385,1.511,0.895
2839.283,-0.352,1.503,0.889
2839.394,-0.319,1.500,0.889
2839.505,-0.285,1.498,0.896
2839.616,-0.249,1.493,0.910
2839.728,-0.213,1.487,0.934
2839.839,-0.176,1.495,0.965
2839.949,-0.138,1.500,0.996
2840.061,-0.102,1.498,1.020
2840.171,-0.073,1.501,1.035
2840.283,-0.048,1.501,1.043
2840.394,-0.022,1.498,1.045
2840.505,0.004,1.495,1.041
2840.616,0.034,1.499,1.032
2840.728,0.065,1.501,1.020
2840.838,0.094,1.499,1.007
2840.949,0.117,1.498,0.995
2841.061,0.134,1.496,0.987
2841.172,0.146,1.497,0.980
2841.283,0.153,1.497,0.974
2841.394,0.156,1.496,0.969
2841.505,0.155,1.498,0.967
2841.616,0.146,1.496,0.967
2841.728,0.128,1.495,0.967
2841.838,0.107,1.495,0.969
2841.949,0.085,1.492,0.972
2842.061,0.066,1.487,0.974
2842.172,0.053,1.484,0.974
2842.283,0.046,1.484,0.974
2842.394,0.045,1.485,0.975
2842.505,0.049,1.486,0.977
2842.616,0.056,1.489,0.979
2842.728,0.065,1.491,0.982
2842.838,0.073,1.492,0.985
2842.949,0.081,1.493,0.989
2843.061,0.088,1.493,0.993
2843.171,0.094,1.493,0.997
2843.283,0.098,1.492,1.000
2843.394,0.102,1.491,1.003
2843.505,0.105,1.490,1.008
2843.616,0.108,1.490,1.013
2843.728,0.112,1.489,1.017
2843.838,0.114,1.489,1.020
2843.949,0.112,1.490,1.023
2844.049,0.109,1.490,1.024
2844.158,0.106,1.490,1.026
2844.269,0.103,1.491,1.025
2844.380,0.100,1.491,1.025
2844.491,0.096,1.491,1.024
2844.602,0.088,1.493,1.024
2844.713,0.073,1.497,1.024
2844.824,0.052,1.499,1.019
2844.936,0.031,1.500,1.009
2845.046,0.011,1.498,0.996
2845.157,-0.009,1.495,0.983
2845.269,-0.030,1.494,0.970
2845.380,-0.048,1.494,0.956
2845.491,-0.060,1.495,0.943
2845.602,-0.065,1.494,0.930
2845.713,-0.062,1.497,0.920
2845.824,-0.058,1.498,0.914
2845.935,-0.054,1.498,0.912
2846.046,-0.049,1.497,0.912
2846.157,-0.044,1.497,0.911
2846.268,-0.038,1.498,0.910
2846.380,-0.031,1.501,0.914
2846.490,-0.018,1.503,0.928
2846.601,-0.001,1.502,0.943
2846.713,0.012,1.500,0.952
2846.824,0.018,1.499,0.956
2846.934,0.020,1.500,0.960
2847.046,0.021,1.503,0.962
2847.157,0.020,1.507,0.965
2847.268,0.015,1.512,0.969
2847.379,0.009,1.516,0.974
2847.490,0.001,1.518,0.980
2847.601,-0.007,1.515,0.990
2847.712,-0.011,1.509,1.002
2847.823,-0.012,1.500,1.016
2847.934,-0.012,1.495,1.031
2848.046,-0.010,1.492,1.052
2848.157,-0.008,1.489,1.084
2848.268,-0.005,1.480,1.127
2848.379,-0.006,1.469,1.185
2848.490,-0.014,1.463,1.256
2848.601,-0.028,1.472,1.336
2848.712,-0.049,1.492,1.413
2848.823,-0.074,1.497,1.479
2848.934,-0.098,1.502,1.535
2849.046,-0.116,1.500,1.587
2849.157,-0.132,1.493,1.642
2849.268,-0.148,1.483,1.704
2849.379,-0.168,1.479,1.775
2849.490,-0.192,1.497,1.854
2849.601,-0.214,1.508,1.933
2849.712,-0.229,1.515,2.011
2849.824,-0.242,1.516,2.092
2849.934,-0.251,1.503,2.176
2850.046,-0.255,1.491,2.257
2850.157,-0.255,1.483,2.341
2850.268,-0.253,1.492,2.429
2850.379,-0.257,1.499,2.515
2850.490,-0.270,1.506,2.594
2850.601,-0.288,1.515,2.667
2850.712,-0.311,1.522,2.734
2850.823,-0.343,1.509,2.801
2850.934,-0.379,1.502,2.868
2851.045,-0.413,1.515,2.929
2851.157,-0.436,1.516,2.984
2851.268,-0.455,1.514,3.034
2851.379,-0.468,1.509,3.081
2851.490,-0.475,1.513,3.130
2851.601,-0.479,1.521,3.176
2851.712,-0.478,1.526,3.217
2851.824,-0.474,1.529,3.260
2851.935,-0.467,1.540,3.304
2852.046,-0.464,1.546,3.352
2852.157,-0.469,1.555,3.399
2852.268,-0.479,1.563,3.445
2852.380,-0.499,1.567,3.492
2852.491,-0.524,1.566,3.545
2852.601,-0.551,1.563,3.602
2852.713,-0.578,1.564,3.661
2852.824,-0.588,1.563,3.711
2852.935,-0.582,1.558,3.749
2853.046,-0.567,1.542,3.779
2853.158,-0.549,1.517,3.801
2853.268,-0.540,1.496,3.820
2853.380,-0.531,1.480,3.838
2853.491,-0.528,1.477,3.854
2853.602,-0.534,1.480,3.865
2853.713,-0.545,1.483,3.878
2853.824,-0.549,1.479,3.893
2853.935,-0.547,1.473,3.911
2854.045,-0.536,1.470,3.934
2854.155,-0.517,1.465,3.963
2854.266,-0.491,1.462,4.000
2854.377,-0.460,1.472,4.043
2854.488,-0.428,1.482,4.089
2854.600,-0.400,1.485,4.134
2854.711,-0.375,1.488,4.180
2854.821,-0.353,1.489,4.227
2854.933,-0.333,1.486,4.275
2855.044,-0.316,1.482,4.324
2855.155,-0.303,1.477,4.380
2855.266,-0.294,1.480,4.441
2855.378,-0.289,1.494,4.506
2855.489,-0.288,1.500,4.567
2855.600,-0.286,1.508,4.624
2855.712,-0.284,1.506,4.671
2855.823,-0.274,1.500,4.709
2855.934,-0.253,1.488,4.743
2856.045,-0.223,1.477,4.776
2856.156,-0.180,1.469,4.811
2856.267,-0.130,1.465,4.847
2856.378,-0.079,1.475,4.883
2856.490,-0.031,1.483,4.919
2856.601,0.012,1.486,4.954
2856.713,0.048,1.495,4.988
2856.824,0.083,1.499,5.020
2856.935,0.106,1.501,5.050
2857.046,0.109,1.507,5.078
2857.158,0.109,1.514,5.109
2857.268,0.113,1.511,5.144
2857.379,0.119,1.505,5.181
2857.490,0.124,1.503,5.220
2857.601,0.128,1.500,5.260
2857.713,0.128,1.502,5.303
2857.821,0.116,1.502,5.353
2857.934,0.092,1.502,5.401
2858.045,0.067,1.501,5.439
2858.157,0.048,1.501,5.474
2858.267,0.035,1.500,5.510
2858.378,0.027,1.505,5.545
2858.490,0.022,1.513,5.571
2858.601,0.019,1.516,5.591
2858.712,0.014,1.514,5.606
2858.823,0.005,1.509,5.621
2858.934,-0.004,1.506,5.636
2859.045,-0.018,1.503,5.657
2859.156,-0.033,1.499,5.681
2859.267,-0.052,1.494,5.711
2859.378,-0.077,1.493,5.739
2859.490,-0.111,1.497,5.766
2859.600,-0.147,1.495,5.789
2859.712,-0.184,1.495,5.810
2859.823,-0.217,1.491,5.826
2859.934,-0.244,1.488,5.841
2860.045,-0.268,1.489,5.861
2860.157,-0.294,1.483,5.887
2860.267,-0.316,1.480,5.918
2860.379,-0.335,1.474,5.954
2860.490,-0.351,1.479,5.992
2860.601,-0.366,1.481,6.026
2860.712,-0.380,1.481,6.059
2860.823,-0.398,1.485,6.096
2860.934,-0.428,1.485,6.135
2861.045,-0.471,1.481,6.176
2861.156,-0.523,1.472,6.218
2861.267,-0.585,1.461,6.259
2861.378,-0.658,1.458,6.300
2861.490,-0.729,1.472,6.340
2861.601,-0.792,1.475,6.373
2861.712,-0.857,1.479,6.398
2861.824,-0.931,1.475,6.417
2861.934,-1.012,1.468,6.432
2862.045,-1.099,1.461,6.442
2862.156,-1.187,1.473,6.442
2862.267,-1.259,1.481,6.423
2862.378,-1.311,1.482,6.395
2862.490,-1.353,1.477,6.361
2862.601,-1.384,1.466,6.317
2862.712,-1.414,1.465,6.267
2862.823,-1.452,1.472,6.214
2862.934,-1.490,1.479,6.158
2863.045,-1.526,1.473,6.099
2863.157,-1.561,1.469,6.043
2863.267,-1.596,1.470,5.989
2863.379,-1.636,1.469,5.930
2863.490,-1.679,1.465,5.857
2863.601,-1.717,1.439,5.785
2863.712,-1.744,1.398,5.725
2863.823,-1.766,1.348,5.683
2863.934,-1.783,1.310,5.659
2864.045,-1.794,1.301,5.651
2864.156,-1.789,1.318,5.655
2864.268,-1.777,1.351,5.667
2864.379,-1.761,1.394,5.688
2864.490,-1.745,1.441,5.724
2864.601,-1.733,1.479,5.770
2864.712,-1.728,1.499,5.814
2864.824,-1.727,1.503,5.848
2864.935,-1.729,1.502,5.871
2865.046,-1.728,1.500,5.889
2865.157,-1.724,1.499,5.905
2865.268,-1.719,1.501,5.918
2865.379,-1.716,1.502,5.932
2865.490,-1.712,1.504,5.945
2865.601,-1.706,1.507,5.958
2865.713,-1.698,1.509,5.974
2865.823,-1.686,1.510,5.997
2865.935,-1.665,1.509,6.028
2866.046,-1.641,1.505,6.070
2866.157,-1.630,1.501,6.115
2866.268,-1.628,1.502,6.152
2866.379,-1.622,1.510,6.179
2866.490,-1.607,1.508,6.201
2866.601,-1.583,1.506,6.220
2866.713,-1.550,1.505,6.237
2866.824,-1.508,1.502,6.256
2866.935,-1.458,1.501,6.274
2867.046,-1.407,1.513,6.297
2867.157,-1.362,1.520,6.324
2867.268,-1.319,1.529,6.355
2867.379,-1.284,1.541,6.390
2867.490,-1.253,1.552,6.428
2867.601,-1.226,1.554,6.464
2867.712,-1.198,1.563,6.500
2867.823,-1.164,1.562,6.532
2867.934,-1.126,1.559,6.559
2868.045,-1.087,1.560,6.580
2868.157,-1.043,1.561,6.596
2868.268,-0.993,1.559,6.607
2868.379,-0.941,1.551,6.614
2868.490,-0.887,1.540,6.615
2868.601,-0.834,1.542,6.609
2868.713,-0.783,1.549,6.602
2868.824,-0.736,1.551,6.595
2868.935,-0.694,1.553,6.591
2869.046,-0.656,1.554,6.590
2869.157,-0.619,1.554,6.595
2869.268,-0.580,1.552,6.607
2869.380,-0.539,1.548,6.626
2869.491,-0.494,1.554,6.645
2869.602,-0.453,1.555,6.661
2869.713,-0.415,1.552,6.670
2869.824,-0.380,1.549,6.676
2869.935,-0.347,1.546,6.675
2870.046,-0.316,1.540,6.663
2870.157,-0.289,1.535,6.640
2870.268,-0.268,1.529,6.610
2870.379,-0.251,1.529,6.574
2870.490,-0.237,1.535,6.536
2870.601,-0.224,1.539,6.503
2870.712,-0.214,1.538,6.473
2870.823,-0.204,1.542,6.448
2870.934,-0.193,1.544,6.429
2871.045,-0.179,1.545,6.414
2871.156,-0.160,1.545,6.404
2871.267,-0.137,1.549,6.398
2871.378,-0.111,1.553,6.394
2871.490,-0.089,1.559,6.391
2871.601,-0.070,1.564,6.386
2871.712,-0.054,1.569,6.379
2871.823,-0.042,1.575,6.375
2871.934,-0.036,1.578,6.375
2872.045,-0.037,1.578,6.378
2872.156,-0.042,1.578,6.380
2872.267,-0.049,1.577,6.381
2872.378,-0.068,1.567,6.382
2872.490,-0.094,1.549,6.381
2872.600,-0.116,1.528,6.379
2872.711,-0.137,1.516,6.384
2872.823,-0.156,1.511,6.401
2872.934,-0.177,1.512,6.429
2873.045,-0.206,1.511,6.467
2873.156,-0.238,1.509,6.504
2873.267,-0.277,1.502,6.529
2873.378,-0.316,1.500,6.544
2873.490,-0.359,1.499,6.553
2873.600,-0.408,1.494,6.561
2873.712,-0.467,1.486,6.567
2873.823,-0.531,1.479,6.567
2873.934,-0.603,1.489,6.563
2874.045,-0.682,1.502,6.562
2874.157,-0.762,1.499,6.566
2874.268,-0.838,1.483,6.573
2874.379,-0.914,1.472,6.582
2874.490,-0.989,1.462,6.593
2874.601,-1.062,1.461,6.606
2874.712,-1.133,1.476,6.617
2874.823,-1.194,1.486,6.621
2874.934,-1.247,1.490,6.619
2875.046,-1.292,1.488,6.606
2875.157,-1.330,1.485,6.584
2875.268,-1.363,1.480,6.552
2875.379,-1.391,1.477,6.506
2875.490,-1.415,1.483,6.450
2875.601,-1.436,1.496,6.388
2875.712,-1.451,1.500,6.325
2875.823,-1.463,1.503,6.266
2875.934,-1.471,1.508,6.210
2876.045,-1.482,1.506,6.149
2876.156,-1.498,1.493,6.083
2876.267,-1.521,1.474,6.015
2876.378,-1.549,1.466,5.944
2876.490,-1.573,1.473,5.871
2876.601,-1.590,1.476,5.803
2876.712,-1.605,1.470,5.748
2876.823,-1.621,1.470,5.705
2876.934,-1.639,1.471,5.664
2877.045,-1.655,1.467,5.621
2877.156,-1.665,1.461,5.572
2877.268,-1.669,1.458,5.515
2877.379,-1.668,1.464,5.451
2877.490,-1.662,1.480,5.385
2877.601,-1.656,1.496,5.326
2877.712,-1.657,1.507,5.273
2877.824,-1.666,1.522,5.226
2877.934,-1.673,1.524,5.171
2878.046,-1.682,1.516,5.106
2878.157,-1.694,1.502,5.035
2878.268,-1.712,1.494,4.959
2878.379,-1.730,1.501,4.882
2878.490,-1.742,1.507,4.811
2878.602,-1.749,1.510,4.747
2878.712,-1.756,1.503,4.686
2878.824,-1.760,1.499,4.628
2878.935,-1.761,1.494,4.568
2879.046,-1.756,1.486,4.504
2879.157,-1.746,1.490,4.434
2879.268,-1.735,1.496,4.363
2879.379,-1.731,1.494,4.298
2879.490,-1.730,1.498,4.247
2879.601,-1.733,1.499,4.203
2879.712,-1.739,1.498,4.163
2879.824,-1.744,1.496,4.121
2879.935,-1.749,1.493,4.076
2880.046,-1.753,1.493,4.024
2880.157,-1.752,1.503,3.964
2880.268,-1.742,1.512,3.898
2880.379,-1.719,1.514,3.832
2880.490,-1.690,1.517,3.775
2880.602,-1.662,1.513,3.721
2880.713,-1.635,1.506,3.667
2880.824,-1.607,1.499,3.613
2880.935,-1.574,1.504,3.560
2881.046,-1.534,1.511,3.513
2881.157,-1.491,1.512,3.479
2881.268,-1.454,1.516,3.460
2881.380,-1.426,1.515,3.451
2881.490,-1.406,1.517,3.448
2881.601,-1.392,1.519,3.450
2881.713,-1.387,1.518,3.452
2881.824,-1.390,1.519,3.450
2881.934,-1.400,1.522,3.445
2882.046,-1.409,1.518,3.436
2882.157,-1.415,1.514,3.426
2882.267,-1.421,1.514,3.414
2882.379,-1.422,1.515,3.402
2882.490,-1.418,1.516,3.390
2882.600,-1.411,1.519,3.379
2882.712,-1.403,1.525,3.370
2882.823,-1.393,1.529,3.363
2882.934,-1.385,1.530,3.359
2883.045,-1.379,1.531,3.358
2883.156,-1.374,1.530,3.360
2883.267,-1.370,1.528,3.365
2883.378,-1.367,1.527,3.371
2883.490,-1.363,1.524,3.376
2883.600,-1.359,1.520,3.380
2883.712,-1.355,1.517,3.383
2883.823,-1.347,1.516,3.382
2883.934,-1.335,1.515,3.378
2884.045,-1.320,1.514,3.372
2884.156,-1.304,1.510,3.368
2884.267,-1.285,1.506,3.372
2884.378,-1.262,1.503,3.386
2884.490,-1.233,1.496,3.407
2884.600,-1.199,1.490,3.433
2884.712,-1.161,1.486,3.465
2884.823,-1.119,1.496,3.500
2884.934,-1.079,1.505,3.532
2885.045,-1.040,1.507,3.556
2885.156,-1.003,1.514,3.576
2885.267,-0.963,1.515,3.593
2885.378,-0.919,1.514,3.611
2885.489,-0.866,1.512,3.629
2885.600,-0.805,1.510,3.649
2885.711,-0.742,1.519,3.667
2885.823,-0.686,1.525,3.685
2885.934,-0.639,1.524,3.707
2886.045,-0.598,1.525,3.732
2886.156,-0.562,1.522,3.762
2886.267,-0.527,1.515,3.799
2886.378,-0.493,1.506,3.843
2886.490,-0.462,1.497,3.893
2886.600,-0.433,1.497,3.950
2886.711,-0.408,1.509,4.008
2886.823,-0.384,1.514,4.062
2886.934,-0.362,1.520,4.114
2887.045,-0.341,1.522,4.169
2887.156,-0.319,1.519,4.229
2887.267,-0.293,1.510,4.295
2887.378,-0.263,1.498,4.366
2887.490,-0.231,1.507,4.437
2887.600,-0.200,1.515,4.499
2887.711,-0.178,1.519,4.558
2887.823,-0.161,1.518,4.614
2887.934,-0.149,1.514,4.671
2888.045,-0.141,1.508,4.730
2888.156,-0.137,1.499,4.794
2888.267,-0.138,1.491,4.864
2888.378,-0.145,1.501,4.938
2888.490,-0.153,1.511,5.010
2888.600,-0.155,1.503,5.085
2888.712,-0.155,1.507,5.156
2888.823,-0.158,1.502,5.227
2888.934,-0.161,1.491,5.298
2889.045,-0.162,1.483,5.369
2889.156,-0.158,1.490,5.442
2889.268,-0.155,1.499,5.516
2889.379,-0.158,1.502,5.582
2889.491,-0.164,1.503,5.638
2889.601,-0.175,1.499,5.689
2889.712,-0.193,1.496,5.740
2889.823,-0.216,1.491,5.792
2889.934,-0.245,1.486,5.845
2890.046,-0.278,1.492,5.899
2890.157,-0.309,1.500,5.952
2890.268,-0.336,1.501,6.002
2890.379,-0.361,1.510,6.049
2890.490,-0.387,1.510,6.095
2890.601,-0.414,1.507,6.143
2890.712,-0.437,1.502,6.195
2890.823,-0.462,1.514,6.249
2890.934,-0.489,1.517,6.297
2891.045,-0.521,1.514,6.337
2891.156,-0.559,1.511,6.367
2891.268,-0.602,1.505,6.390
2891.379,-0.652,1.497,6.406
2891.490,-0.710,1.490,6.417
2891.601,-0.772,1.489,6.421
2891.712,-0.834,1.499,6.421
2891.823,-0.893,1.503,6.421
2891.934,-0.948,1.510,6.419
2892.045,-1.003,1.508,6.416
2892.156,-1.060,1.502,6.414
2892.267,-1.121,1.498,6.414
2892.378,-1.184,1.497,6.415
2892.490,-1.248,1.505,6.412
2892.600,-1.304,1.500,6.401
2892.712,-1.348,1.498,6.382
2892.823,-1.383,1.494,6.355
2892.934,-1.412,1.487,6.323
2893.045,-1.433,1.490,6.289
2893.156,-1.451,1.497,6.255
2893.267,-1.472,1.495,6.224
2893.378,-1.492,1.498,6.201
2893.490,-1.509,1.502,6.191
2893.601,-1.526,1.501,6.191
2893.712,-1.547,1.507,6.191
2893.823,-1.570,1.507,6.188
2893.934,-1.590,1.504,6.186
2894.045,-1.607,1.503,6.186
2894.157,-1.621,1.504,6.188
2894.267,-1.631,1.505,6.190
2894.379,-1.637,1.506,6.194
2894.490,-1.638,1.507,6.199
2894.601,-1.635,1.509,6.206
2894.712,-1.624,1.512,6.218
2894.823,-1.606,1.516,6.240
2894.934,-1.585,1.519,6.270
2895.045,-1.567,1.520,6.306
2895.157,-1.555,1.520,6.341
2895.268,-1.550,1.519,6.371
2895.379,-1.552,1.522,6.397
2895.490,-1.557,1.528,6.421
2895.601,-1.565,1.534,6.443
2895.712,-1.571,1.540,6.462
2895.824,-1.572,1.544,6.482
2895.934,-1.567,1.547,6.512
2896.046,-1.558,1.556,6.549
2896.157,-1.547,1.562,6.586
2896.268,-1.538,1.562,6.621
2896.379,-1.531,1.563,6.650
2896.490,-1.526,1.562,6.673
2896.601,-1.523,1.561,6.690
2896.712,-1.522,1.560,6.700
2896.823,-1.526,1.561,6.705
2896.934,-1.533,1.560,6.703
2897.045,-1.539,1.559,6.697
2897.157,-1.539,1.558,6.690
2897.268,-1.532,1.558,6.683
2897.379,-1.519,1.558,6.677
2897.491,-1.500,1.556,6.668
2897.601,-1.480,1.552,6.656
2897.712,-1.463,1.542,6.640
2897.823,-1.451,1.527,6.619
2897.935,-1.447,1.518,6.591
2898.046,-1.453,1.513,6.559
2898.157,-1.474,1.511,6.521
2898.268,-1.512,1.505,6.483
2898.379,-1.555,1.498,6.451
2898.490,-1.594,1.491,6.424
2898.601,-1.628,1.482,6.398
2898.712,-1.656,1.476,6.371
2898.823,-1.678,1.471,6.342
2898.935,-1.694,1.464,6.307
2899.046,-1.698,1.459,6.256
2899.157,-1.694,1.451,6.192
2899.268,-1.683,1.443,6.116
2899.379,-1.663,1.446,6.033
2899.490,-1.641,1.465,5.959
2899.601,-1.626,1.484,5.904
2899.712,-1.616,1.498,5.855
2899.823,-1.611,1.505,5.799
2899.934,-1.610,1.504,5.737
2900.045,-1.612,1.494,5.666
2900.157,-1.621,1.489,5.587
2900.268,-1.634,1.501,5.502
2900.379,-1.643,1.510,5.425
2900.490,-1.642,1.515,5.357
2900.601,-1.634,1.520,5.295
2900.712,-1.622,1.514,5.234
2900.823,-1.609,1.504,5.170
2900.934,-1.594,1.496,5.101
2901.046,-1.578,1.499,5.026
2901.157,-1.563,1.512,4.953
2901.268,-1.554,1.524,4.886
2901.379,-1.550,1.539,4.825
2901.490,-1.551,1.546,4.761
2901.601,-1.556,1.546,4.694
2901.712,-1.567,1.540,4.624
2901.824,-1.582,1.545,4.547
2901.934,-1.596,1.550,4.471
2902.046,-1.606,1.546,4.404
2902.157,-1.612,1.544,4.343
2902.268,-1.616,1.540,4.286
2902.379,-1.619,1.535,4.229
2902.491,-1.619,1.528,4.170
2902.601,-1.615,1.520,4.109
2902.712,-1.602,1.532,4.048
2902.824,-1.586,1.533,3.991
2902.934,-1.571,1.530,3.936
2903.046,-1.557,1.530,3.888
2903.157,-1.539,1.528,3.843
2903.268,-1.521,1.524,3.797
2903.379,-1.506,1.517,3.748
2903.490,-1.493,1.518,3.699
2903.601,-1.479,1.525,3.649
2903.713,-1.461,1.523,3.602
2903.824,-1.437,1.521,3.565
2903.935,-1.408,1.518,3.536
2904.046,-1.375,1.511,3.516
2904.157,-1.335,1.503,3.500
2904.268,-1.286,1.496,3.486
2904.380,-1.228,1.494,3.475
2904.491,-1.162,1.504,3.463
2904.602,-1.095,1.506,3.450
2904.713,-1.033,1.509,3.434
2904.824,-0.976,1.506,3.418
2904.935,-0.921,1.503,3.404
2905.046,-0.866,1.496,3.390
2905.157,-0.807,1.486,3.377
2905.269,-0.743,1.483,3.360
2905.380,-0.676,1.493,3.342
2905.491,-0.611,1.493,3.327
2905.602,-0.551,1.490,3.317
2905.713,-0.495,1.489,3.307
2905.824,-0.438,1.482,3.296
2905.935,-0.378,1.475,3.286
2906.047,-0.316,1.469,3.279
2906.157,-0.251,1.479,3.277
2906.268,-0.188,1.485,3.271
2906.380,-0.133,1.485,3.263
2906.491,-0.089,1.490,3.256
2906.602,-0.050,1.486,3.248
2906.713,-0.012,1.483,3.242
2906.825,0.017,1.484,3.239
2906.935,0.039,1.493,3.240
2907.046,0.059,1.505,3.245
2907.158,0.073,1.509,3.255
2907.269,0.076,1.512,3.265
2907.379,0.072,1.513,3.273
2907.490,0.064,1.508,3.279
2907.601,0.052,1.503,3.286
2907.712,0.036,1.500,3.297
2907.823,0.015,1.497,3.315
2907.934,-0.007,1.494,3.338
2908.045,-0.032,1.492,3.369
2908.157,-0.063,1.493,3.407
2908.268,-0.099,1.501,3.450
2908.379,-0.135,1.506,3.492
2908.490,-0.165,1.508,3.532
2908.601,-0.191,1.509,3.572
2908.712,-0.214,1.507,3.611
2908.823,-0.232,1.504,3.648
2908.934,-0.248,1.503,3.685
2909.045,-0.259,1.500,3.727
2909.157,-0.252,1.495,3.778
2909.267,-0.231,1.497,3.831
2909.379,-0.213,1.501,3.881
2909.490,-0.201,1.499,3.928
2909.601,-0.191,1.498,3.974
2909.713,-0.183,1.499,4.020
2909.824,-0.179,1.494,4.074
2909.935,-0.185,1.489,4.140
2910.046,-0.200,1.484,4.217
2910.157,-0.223,1.484,4.300
2910.268,-0.246,1.495,4.382
2910.379,-0.263,1.501,4.456
2910.490,-0.271,1.506,4.520
2910.600,-0.271,1.509,4.579
2910.712,-0.264,1.503,4.641
2910.823,-0.249,1.496,4.706
2910.934,-0.228,1.490,4.778
2911.045,-0.201,1.497,4.851
2911.157,-0.176,1.504,4.921
2911.267,-0.160,1.508,4.982
2911.379,-0.153,1.508,5.038
2911.490,-0.155,1.502,5.094
2911.601,-0.164,1.495,5.148
2911.712,-0.177,1.490,5.207
2911.823,-0.194,1.486,5.270
2911.934,-0.216,1.495,5.337
2912.046,-0.235,1.496,5.405
2912.157,-0.249,1.498,5.472
2912.268,-0.263,1.502,5.541
2912.379,-0.280,1.496,5.613
2912.490,-0.297,1.487,5.690
2912.601,-0.313,1.477,5.776
2912.712,-0.330,1.481,5.865
2912.823,-0.350,1.498,5.949
2912.935,-0.371,1.506,6.026
2913.046,-0.392,1.508,6.095
2913.157,-0.418,1.508,6.155
2913.268,-0.455,1.503,6.209
2913.379,-0.504,1.493,6.256
2913.490,-0.570,1.495,6.296
2913.601,-0.647,1.507,6.326
2913.712,-0.721,1.505,6.350
2913.823,-0.785,1.508,6.363
2913.935,-0.843,1.511,6.368
2914.046,-0.902,1.507,6.367
2914.157,-0.963,1.500,6.366
2914.268,-1.026,1.491,6.365
2914.379,-1.089,1.492,6.364
2914.490,-1.150,1.507,6.366
2914.601,-1.208,1.514,6.363
2914.712,-1.263,1.509,6.352
2914.823,-1.313,1.500,6.333
2914.934,-1.359,1.493,6.308
2915.045,-1.403,1.485,6.275
2915.157,-1.444,1.474,6.229
2915.268,-1.480,1.478,6.168
2915.379,-1.511,1.483,6.105
2915.490,-1.536,1.477,6.050
2915.601,-1.556,1.484,5.996
2915.712,-1.573,1.482,5.939
2915.823,-1.593,1.477,5.878
2915.934,-1.611,1.470,5.813
2916.045,-1.628,1.466,5.743
2916.157,-1.646,1.478,5.669
2916.268,-1.659,1.495,5.596
2916.379,-1.661,1.505,5.527
2916.490,-1.653,1.513,5.462
2916.601,-1.642,1.510,5.397
2916.713,-1.627,1.503,5.330
2916.824,-1.608,1.496,5.260
2916.934,-1.582,1.504,5.190
2917.045,-1.557,1.515,5.121
2917.157,-1.542,1.515,5.052
2917.268,-1.532,1.514,4.990
2917.379,-1.524,1.510,4.930
2917.490,-1.515,1.505,4.869
2917.601,-1.510,1.501,4.807
2917.713,-1.509,1.497,4.742
2917.824,-1.513,1.510,4.679
2917.935,-1.514,1.518,4.623
2918.045,-1.509,1.519,4.571
2918.157,-1.501,1.520,4.526
2918.268,-1.493,1.516,4.483
2918.379,-1.486,1.512,4.438
2918.490,-1.478,1.508,4.395
2918.601,-1.466,1.503,4.351
2918.712,-1.450,1.505,4.306
2918.823,-1.432,1.505,4.263
2918.934,-1.414,1.502,4.224
2919.045,-1.395,1.502,4.190
2919.157,-1.378,1.502,4.162
2919.268,-1.366,1.502,4.135
2919.379,-1.360,1.503,4.108
2919.490,-1.359,1.503,4.082
2919.601,-1.364,1.504,4.056
2919.713,-1.373,1.510,4.029
2919.823,-1.382,1.515,4.003
2919.934,-1.387,1.519,3.979
2920.045,-1.391,1.523,3.962
2920.157,-1.396,1.524,3.949
2920.267,-1.400,1.524,3.939
2920.379,-1.402,1.526,3.933
2920.490,-1.402,1.528,3.930
2920.601,-1.401,1.534,3.932
2920.712,-1.401,1.540,3.937
2920.823,-1.401,1.546,3.945
2920.935,-1.400,1.555,3.957
2921.046,-1.400,1.559,3.973
2921.157,-1.400,1.558,3.988
2921.268,-1.401,1.556,4.005
2921.379,-1.405,1.555,4.021
2921.490,-1.405,1.556,4.034
2921.601,-1.408,1.554,4.044
2921.712,-1.409,1.553,4.052
2921.823,-1.409,1.554,4.056
2921.934,-1.408,1.551,4.059
2922.045,-1.403,1.549,4.058
2922.156,-1.398,1.548,4.055
2922.267,-1.392,1.548,4.052
2922.378,-1.388,1.547,4.049
2922.490,-1.384,1.545,4.047
2922.601,-1.381,1.545,4.046
2922.712,-1.378,1.543,4.044
2922.823,-1.375,1.543,4.043
2922.934,-1.372,1.544,4.042
2923.045,-1.370,1.544,4.042
2923.156,-1.366,1.547,4.046
2923.267,-1.367,1.549,4.053
2923.379,-1.370,1.552,4.058
2923.490,-1.374,1.554,4.060
2923.601,-1.377,1.555,4.059
2923.712,-1.380,1.554,4.058
2923.823,-1.383,1.552,4.056
2923.934,-1.386,1.551,4.052
2924.046,-1.388,1.551,4.047
2924.157,-1.388,1.551,4.041
2924.267,-1.385,1.551,4.035
2924.379,-1.381,1.551,4.027
2924.490,-1.371,1.550,4.012
2924.601,-1.358,1.548,3.989
2924.712,-1.347,1.541,3.958
2924.824,-1.345,1.537,3.925
2924.935,-1.351,1.534,3.896
2925.046,-1.362,1.534,3.874
2925.157,-1.375,1.537,3.857
2925.268,-1.386,1.539,3.849
2925.379,-1.391,1.542,3.849
2925.490,-1.388,1.544,3.852
2925.601,-1.380,1.543,3.852
2925.712,-1.371,1.542,3.851
2925.824,-1.363,1.541,3.850
2925.935,-1.357,1.540,3.848
2926.046,-1.357,1.537,3.849
2926.157,-1.367,1.533,3.854
2926.268,-1.378,1.529,3.863
2926.379,-1.388,1.527,3.871
2926.490,-1.394,1.525,3.877
2926.601,-1.398,1.523,3.880
2926.713,-1.399,1.522,3.880
2926.824,-1.399,1.521,3.879
2926.935,-1.397,1.521,3.879
2927.046,-1.394,1.521,3.878
2927.157,-1.391,1.522,3.877
2927.268,-1.387,1.522,3.875
2927.379,-1.383,1.522,3.874
2927.491,-1.379,1.522,3.872
2927.601,-1.376,1.521,3.871
2927.713,-1.375,1.521,3.870
2927.824,-1.373,1.520,3.869
2927.935,-1.371,1.521,3.867
2928.046,-1.368,1.521,3.866
2928.157,-1.365,1.521,3.864
2928.268,-1.361,1.521,3.863
2928.380,-1.356,1.520,3.861
2928.491,-1.348,1.520,3.858
2928.601,-1.337,1.522,3.855
2928.713,-1.324,1.523,3.853
2928.824,-1.305,1.524,3.850
2928.935,-1.280,1.524,3.846
2929.046,-1.247,1.522,3.841
2929.157,-1.207,1.516,3.839
2929.268,-1.166,1.514,3.841
2929.379,-1.127,1.514,3.846
2929.491,-1.089,1.511,3.850
2929.601,-1.051,1.510,3.854
2929.713,-1.017,1.508,3.854
2929.823,-0.987,1.511,3.851
2929.935,-0.959,1.516,3.842
2930.046,-0.930,1.511,3.833
2930.158,-0.903,1.505,3.829
2930.268,-0.877,1.506,3.831
2930.379,-0.848,1.503,3.841
2930.490,-0.815,1.498,3.858
2930.601,-0.782,1.495,3.881
2930.712,-0.750,1.493,3.910
2930.823,-0.718,1.499,3.946
2930.934,-0.688,1.509,3.986
2931.046,-0.658,1.513,4.022
2931.157,-0.627,1.522,4.056
2931.268,-0.595,1.531,4.087
2931.379,-0.560,1.534,4.121
2931.490,-0.520,1.530,4.158
2931.601,-0.476,1.522,4.197
2931.712,-0.425,1.522,4.236
2931.823,-0.371,1.535,4.275
2931.934,-0.321,1.536,4.314
2932.045,-0.282,1.534,4.353
2932.157,-0.251,1.525,4.394
2932.268,-0.227,1.516,4.438
2932.379,-0.209,1.514,4.480
2932.490,-0.190,1.510,4.523
2932.601,-0.172,1.501,4.572
2932.712,-0.157,1.507,4.625
2932.823,-0.143,1.516,4.679
2932.934,-0.130,1.516,4.733
2933.045,-0.120,1.519,4.785
2933.156,-0.112,1.518,4.839
2933.268,-0.103,1.512,4.895
2933.379,-0.091,1.506,4.954
2933.490,-0.076,1.504,5.016
2933.601,-0.060,1.515,5.081
2933.712,-0.050,1.515,5.142
2933.823,-0.045,1.518,5.200
2933.934,-0.046,1.517,5.254
2934.046,-0.052,1.513,5.308
2934.157,-0.065,1.507,5.363
2934.267,-0.083,1.503,5.418
2934.379,-0.105,1.509,5.474
2934.490,-0.122,1.514,5.528
2934.601,-0.138,1.516,5.579
2934.712,-0.154,1.519,5.628
2934.823,-0.170,1.519,5.675
2934.933,-0.186,1.516,5.725
2935.045,-0.199,1.512,5.778
2935.156,-0.208,1.508,5.833
2935.267,-0.214,1.517,5.892
2935.379,-0.222,1.519,5.948
2935.490,-0.235,1.515,5.996
2935.600,-0.251,1.515,6.035
2935.712,-0.269,1.511,6.068
2935.823,-0.289,1.506,6.096
2935.934,-0.313,1.504,6.119
2936.046,-0.338,1.503,6.140
2936.156,-0.366,1.506,6.162
2936.268,-0.397,1.515,6.181
2936.379,-0.425,1.519,6.196
2936.490,-0.451,1.519,6.208
2936.601,-0.472,1.523,6.213
2936.712,-0.483,1.525,6.213
2936.823,-0.484,1.527,6.212
2936.934,-0.481,1.526,6.220
2937.045,-0.478,1.525,6.238
2937.156,-0.476,1.526,6.263
2937.267,-0.473,1.527,6.290
2937.378,-0.468,1.524,6.316
2937.490,-0.460,1.521,6.340
2937.601,-0.454,1.520,6.359
2937.712,-0.450,1.520,6.374
2937.823,-0.448,1.519,6.383
2937.934,-0.447,1.519,6.388
2938.045,-0.447,1.520,6.390
2938.157,-0.446,1.521,6.390
2938.268,-0.446,1.525,6.387
2938.378,-0.448,1.528,6.382
2938.490,-0.456,1.530,6.374
2938.600,-0.466,1.531,6.366
2938.712,-0.475,1.532,6.360
2938.823,-0.482,1.534,6.356
2938.933,-0.487,1.535,6.353
2939.044,-0.489,1.536,6.350
2939.156,-0.490,1.536,6.347
2939.266,-0.491,1.536,6.346
2939.377,-0.489,1.535,6.344
2939.489,-0.487,1.535,6.344
2939.600,-0.483,1.535,6.344
2939.711,-0.480,1.535,6.346
2939.823,-0.476,1.534,6.349
2939.934,-0.473,1.534,6.352
2940.045,-0.470,1.534,6.356
2940.157,-0.468,1.534,6.359
2940.267,-0.466,1.534,6.361
2940.378,-0.464,1.533,6.363
2940.490,-0.463,1.533,6.364
2940.600,-0.462,1.533,6.364
2940.712,-0.462,1.532,6.364
2940.823,-0.462,1.532,6.364
2940.934,-0.463,1.532,6.363
2941.046,-0.465,1.532,6.363
2941.156,-0.468,1.531,6.363
2941.267,-0.470,1.530,6.363
2941.378,-0.473,1.530,6.363
2941.490,-0.473,1.530,6.360
2941.601,-0.470,1.527,6.350
2941.712,-0.459,1.520,6.333
2941.823,-0.439,1.516,6.311
2941.934,-0.412,1.517,6.286
2942.045,-0.381,1.518,6.256
2942.156,-0.351,1.517,6.222
2942.267,-0.325,1.511,6.186
2942.379,-0.304,1.507,6.149
2942.490,-0.288,1.507,6.111
2942.601,-0.274,1.504,6.070
2942.712,-0.265,1.498,6.025
2942.824,-0.261,1.492,5.974
2942.934,-0.265,1.494,5.917
2943.046,-0.273,1.507,5.856
2943.157,-0.281,1.510,5.797
2943.268,-0.285,1.508,5.742
2943.379,-0.285,1.509,5.691
2943.490,-0.284,1.501,5.639
2943.601,-0.279,1.496,5.585
2943.712,-0.271,1.491,5.528
2943.823,-0.257,1.486,5.467
2943.935,-0.241,1.496,5.404
2944.045,-0.228,1.501,5.339
2944.157,-0.223,1.495,5.280
2944.268,-0.225,1.497,5.227
2944.379,-0.232,1.496,5.176
2944.490,-0.245,1.490,5.122
2944.601,-0.264,1.482,5.065
2944.713,-0.292,1.479,5.003
2944.823,-0.328,1.490,4.941
2944.934,-0.364,1.506,4.887
2945.046,-0.398,1.510,4.837
2945.157,-0.431,1.513,4.795
2945.268,-0.460,1.514,4.755
2945.379,-0.489,1.513,4.713
2945.490,-0.518,1.509,4.664
2945.601,-0.545,1.501,4.609
2945.712,-0.573,1.509,4.550
2945.823,-0.601,1.513,4.493
2945.935,-0.629,1.516,4.444
2946.046,-0.653,1.519,4.402
2946.157,-0.674,1.518,4.368
2946.268,-0.697,1.519,4.339
2946.379,-0.724,1.516,4.316
2946.491,-0.756,1.512,4.299
2946.601,-0.796,1.515,4.286
2946.712,-0.840,1.523,4.274
2946.824,-0.885,1.525,4.268
2946.935,-0.930,1.524,4.265
2947.046,-0.972,1.523,4.268
2947.157,-1.014,1.522,4.277
2947.268,-1.058,1.517,4.287
2947.379,-1.103,1.511,4.295
2947.490,-1.150,1.506,4.299
2947.601,-1.202,1.502,4.299
2947.713,-1.259,1.510,4.295
2947.824,-1.318,1.510,4.295
2947.935,-1.369,1.507,4.303
2948.046,-1.412,1.506,4.318
2948.157,-1.448,1.501,4.340
2948.268,-1.477,1.498,4.369
2948.379,-1.498,1.492,4.402
2948.490,-1.513,1.490,4.441
2948.601,-1.521,1.497,4.490
2948.712,-1.526,1.510,4.544
2948.823,-1.529,1.516,4.594
2948.934,-1.534,1.520,4.643
2949.046,-1.536,1.522,4.689
2949.157,-1.533,1.519,4.739
2949.268,-1.534,1.513,4.791
2949.379,-1.542,1.506,4.847
2949.490,-1.556,1.503,4.907
2949.601,-1.577,1.512,4.974
2949.712,-1.596,1.524,5.041
2949.823,-1.609,1.529,5.103
2949.935,-1.618,1.538,5.158
2950.045,-1.624,1.539,5.211
2950.157,-1.627,1.537,5.266
2950.268,-1.626,1.533,5.324
2950.379,-1.619,1.528,5.383
2950.490,-1.608,1.538,5.445
2950.601,-1.597,1.546,5.502
2950.712,-1.589,1.548,5.556
2950.824,-1.584,1.551,5.606
2950.935,-1.579,1.548,5.654
2951.046,-1.576,1.544,5.704
2951.157,-1.576,1.539,5.755
2951.268,-1.583,1.533,5.809
2951.379,-1.594,1.537,5.867
2951.490,-1.604,1.540,5.924
2951.602,-1.609,1.537,5.976
2951.712,-1.608,1.537,6.019
2951.824,-1.599,1.537,6.057
2951.934,-1.584,1.532,6.094
2952.046,-1.561,1.526,6.133
2952.157,-1.533,1.519,6.173
2952.268,-1.498,1.513,6.212
2952.379,-1.456,1.519,6.247
2952.490,-1.413,1.527,6.278
2952.601,-1.373,1.529,6.304
2952.712,-1.337,1.531,6.328
2952.824,-1.304,1.533,6.348
2952.934,-1.271,1.532,6.365
2953.046,-1.241,1.529,6.380
2953.157,-1.216,1.525,6.398
2953.269,-1.194,1.527,6.420
2953.379,-1.174,1.527,6.437
2953.490,-1.162,1.525,6.444
2953.601,-1.158,1.523,6.446
2953.712,-1.159,1.522,6.444
2953.823,-1.164,1.517,6.441
2953.934,-1.174,1.518,6.439
2954.045,-1.184,1.525,6.438
2954.156,-1.192,1.531,6.437
2954.267,-1.204,1.531,6.429
2954.378,-1.222,1.533,6.416
2954.490,-1.245,1.533,6.399
2954.600,-1.273,1.533,6.378
2954.712,-1.299,1.530,6.356
2954.823,-1.322,1.535,6.334
2954.934,-1.342,1.539,6.311
2955.046,-1.358,1.542,6.286
2955.156,-1.370,1.544,6.257
2955.268,-1.379,1.540,6.223
2955.379,-1.386,1.542,6.187
2955.490,-1.391,1.548,6.148
2955.600,-1.398,1.552,6.107
2955.712,-1.410,1.552,6.064
2955.823,-1.426,1.552,6.017
2955.934,-1.448,1.546,5.967
2956.045,-1.475,1.538,5.913
2956.156,-1.508,1.528,5.858
2956.267,-1.547,1.533,5.803
2956.378,-1.585,1.531,5.752
2956.490,-1.618,1.521,5.705
2956.601,-1.646,1.509,5.661
2956.712,-1.667,1.492,5.615
2956.823,-1.681,1.477,5.563
2956.934,-1.683,1.469,5.504
2957.045,-1.676,1.462,5.438
2957.156,-1.659,1.473,5.365
2957.268,-1.639,1.479,5.295
2957.379,-1.622,1.481,5.236
2957.490,-1.609,1.482,5.186
2957.600,-1.601,1.481,5.137
2957.712,-1.596,1.479,5.086
2957.823,-1.595,1.473,5.029
2957.932,-1.599,1.468,4.965
2958.044,-1.606,1.471,4.895
2958.155,-1.615,1.481,4.823
2958.266,-1.619,1.482,4.759
2958.378,-1.618,1.490,4.699
2958.489,-1.617,1.490,4.640
2958.600,-1.613,1.488,4.582
2958.711,-1.605,1.485,4.521
2958.823,-1.588,1.483,4.456
2958.934,-1.564,1.490,4.388
2959.045,-1.541,1.502,4.318
2959.156,-1.525,1.504,4.251
2959.267,-1.526,1.507,4.191
2959.378,-1.533,1.503,4.136
2959.490,-1.540,1.498,4.082
2959.601,-1.544,1.490,4.025
2959.712,-1.545,1.492,3.964
2959.823,-1.545,1.500,3.905
2959.934,-1.537,1.501,3.850
2960.045,-1.518,1.503,3.802
2960.157,-1.488,1.507,3.765
2960.268,-1.450,1.507,3.736
2960.379,-1.407,1.506,3.717
2960.490,-1.362,1.503,3.706
2960.601,-1.314,1.500,3.698
2960.712,-1.261,1.501,3.696
2960.824,-1.203,1.507,3.699
2960.935,-1.147,1.511,3.705
2961.045,-1.096,1.510,3.714
2961.156,-1.049,1.510,3.727
2961.268,-1.006,1.508,3.746
2961.379,-0.962,1.503,3.768
2961.490,-0.916,1.496,3.789
2961.601,-0.867,1.492,3.809
2961.712,-0.813,1.492,3.826
2961.823,-0.754,1.507,3.841
2961.934,-0.704,1.521,3.857
2962.045,-0.664,1.530,3.880
2962.157,-0.629,1.531,3.904
2962.267,-0.595,1.527,3.934
2962.378,-0.560,1.521,3.969
2962.490,-0.526,1.508,4.013
2962.600,-0.494,1.499,4.067
2962.712,-0.462,1.506,4.131
2962.823,-0.430,1.511,4.195
2962.934,-0.395,1.505,4.250
2963.046,-0.359,1.504,4.303
2963.157,-0.325,1.500,4.359
2963.268,-0.292,1.490,4.419
2963.379,-0.255,1.479,4.483
2963.490,-0.214,1.475,4.549
2963.601,-0.172,1.487,4.616
2963.712,-0.137,1.486,4.677
2963.823,-0.111,1.487,4.733
2963.934,-0.087,1.473,4.784
2964.045,-0.066,1.463,4.837
2964.156,-0.055,1.459,4.896
2964.268,-0.051,1.454,4.963
2964.379,-0.055,1.455,5.036
2964.490,-0.066,1.468,5.108
2964.601,-0.085,1.486,5.162
2964.712,-0.112,1.505,5.189
2964.823,-0.139,1.514,5.191
2964.934,-0.161,1.521,5.165
2965.045,-0.164,1.522,5.112
2965.157,-0.143,1.517,5.061
2965.268,-0.113,1.510,5.022
2965.379,-0.088,1.504,4.991
2965.491,-0.069,1.502,4.958
2965.601,-0.061,1.498,4.921
2965.713,-0.063,1.495,4.877
2965.823,-0.076,1.491,4.828
2965.935,-0.100,1.485,4.775
2966.046,-0.131,1.488,4.729
2966.157,-0.170,1.502,4.694
2966.268,-0.213,1.505,4.661
2966.379,-0.261,1.505,4.625
2966.490,-0.314,1.498,4.584
2966.602,-0.378,1.492,4.537
2966.713,-0.449,1.506,4.485
2966.824,-0.512,1.508,4.431
2966.935,-0.565,1.508,4.378
2967.046,-0.616,1.509,4.325
2967.157,-0.667,1.500,4.270
2967.268,-0.716,1.487,4.214
2967.380,-0.761,1.497,4.153
2967.491,-0.806,1.509,4.094
2967.602,-0.849,1.512,4.043
2967.713,-0.892,1.513,3.997
2967.824,-0.938,1.509,3.950
2967.935,-0.993,1.498,3.904
2968.046,-1.056,1.485,3.860
2968.157,-1.121,1.487,3.814
2968.268,-1.188,1.499,3.767
2968.379,-1.245,1.499,3.718
2968.490,-1.297,1.500,3.669
2968.601,-1.343,1.493,3.619
2968.712,-1.385,1.482,3.565
2968.823,-1.424,1.473,3.504
2968.933,-1.460,1.476,3.434
2969.045,-1.491,1.493,3.362
2969.156,-1.517,1.497,3.296
2969.267,-1.534,1.503,3.235
2969.378,-1.546,1.505,3.175
2969.489,-1.557,1.504,3.116
2969.601,-1.569,1.496,3.057
2969.712,-1.584,1.487,2.997
2969.823,-1.600,1.497,2.937
2969.934,-1.611,1.499,2.878
2970.046,-1.616,1.503,2.830
2970.157,-1.618,1.504,2.795
2970.268,-1.619,1.502,2.773
2970.379,-1.618,1.504,2.759
2970.490,-1.615,1.506,2.748
2970.601,-1.609,1.507,2.740
2970.712,-1.602,1.505,2.735
2970.824,-1.598,1.503,2.733
2970.934,-1.596,1.503,2.733
2971.046,-1.595,1.503,2.736
2971.157,-1.593,1.504,2.740
2971.268,-1.587,1.503,2.746
2971.379,-1.577,1.502,2.754
2971.490,-1.561,1.504,2.768
2971.601,-1.540,1.508,2.790
2971.713,-1.516,1.511,2.815
2971.823,-1.486,1.511,2.842
2971.934,-1.453,1.509,2.869
2972.046,-1.420,1.505,2.895
2972.157,-1.394,1.504,2.918
2972.268,-1.376,1.505,2.939
2972.379,-1.366,1.505,2.958
2972.490,-1.362,1.506,2.975
2972.602,-1.364,1.508,2.988
2972.713,-1.368,1.507,2.997
2972.824,-1.370,1.504,3.003
2972.935,-1.371,1.504,3.008
2973.046,-1.370,1.503,3.010
2973.157,-1.364,1.500,3.011
2973.268,-1.358,1.497,3.013
2973.379,-1.354,1.494,3.016
2973.491,-1.350,1.494,3.019
2973.601,-1.347,1.494,3.021
2973.713,-1.346,1.491,3.022
2973.824,-1.345,1.491,3.024
2973.935,-1.345,1.492,3.027
2974.046,-1.346,1.492,3.028
2974.157,-1.348,1.491,3.029
2974.268,-1.351,1.492,3.030
2974.379,-1.353,1.494,3.030
2974.490,-1.355,1.494,3.030
2974.602,-1.357,1.493,3.031
2974.713,-1.357,1.493,3.031
2974.824,-1.356,1.493,3.032
2974.934,-1.357,1.493,3.033
2975.046,-1.357,1.492,3.033
2975.157,-1.358,1.492,3.034
2975.268,-1.359,1.493,3.035
2975.379,-1.360,1.493,3.034
2975.490,-1.361,1.494,3.033
2975.601,-1.362,1.495,3.031
2975.712,-1.363,1.495,3.029
2975.824,-1.363,1.494,3.026
2975.935,-1.363,1.494,3.024
2976.046,-1.363,1.495,3.022
2976.157,-1.362,1.494,3.020
2976.268,-1.362,1.494,3.018
2976.380,-1.360,1.494,3.016
2976.491,-1.360,1.494,3.015
2976.602,-1.359,1.493,3.015
2976.714,-1.360,1.494,3.014
2976.824,-1.361,1.494,3.014
2976.935,-1.362,1.494,3.013
2977.046,-1.364,1.494,3.014
2977.157,-1.364,1.494,3.014
2977.268,-1.364,1.494,3.013
2977.379,-1.364,1.495,3.014
2977.491,-1.363,1.495,3.014
2977.601,-1.362,1.495,3.014
2977.713,-1.362,1.495,3.015
2977.824,-1.363,1.495,3.015
2977.935,-1.363,1.495,3.016
2978.047,-1.364,1.495,3.016
2978.158,-1.365,1.495,3.017
2978.269,-1.366,1.495,3.018
2978.379,-1.366,1.495,3.019
2978.491,-1.367,1.495,3.020
2978.602,-1.368,1.495,3.022
2978.713,-1.368,1.495,3.023
2978.824,-1.369,1.494,3.024
2978.933,-1.370,1.493,3.025
2979.046,-1.370,1.493,3.025
2979.157,-1.371,1.493,3.026
2979.268,-1.372,1.493,3.027
2979.379,-1.373,1.493,3.027
2979.490,-1.374,1.494,3.028
2979.601,-1.375,1.494,3.028
2979.713,-1.375,1.494,3.028
2979.824,-1.374,1.495,3.028
2979.935,-1.373,1.495,3.027
2980.046,-1.372,1.495,3.027
2980.157,-1.371,1.496,3.026
2980.268,-1.371,1.495,3.025
2980.379,-1.370,1.495,3.025
2980.490,-1.370,1.495,3.025
2980.601,-1.370,1.495,3.024
2980.713,-1.370,1.495,3.024
2980.824,-1.370,1.495,3.023
2980.935,-1.371,1.495,3.022
2981.046,-1.370,1.495,3.020
2981.157,-1.370,1.495,3.018
2981.269,-1.369,1.495,3.016
2981.380,-1.368,1.494,3.015
2981.491,-1.367,1.494,3.014
2981.602,-1.366,1.494,3.014
2981.713,-1.365,1.494,3.013
2981.824,-1.365,1.495,3.013
2981.935,-1.365,1.495,3.013
2982.046,-1.365,1.495,3.014
2982.157,-1.365,1.495,3.014
2982.268,-1.364,1.496,3.015
2982.380,-1.364,1.496,3.016
2982.491,-1.365,1.496,3.017
2982.602,-1.365,1.497,3.019
2982.712,-1.365,1.496,3.020
2982.824,-1.365,1.496,3.021
2982.935,-1.367,1.496,3.021
2983.046,-1.368,1.496,3.021
2983.157,-1.370,1.496,3.021
2983.268,-1.371,1.496,3.020
2983.379,-1.372,1.496,3.020
2983.491,-1.372,1.496,3.020
2983.602,-1.372,1.496,3.020
2983.713,-1.372,1.495,3.020
2983.824,-1.371,1.496,3.020
2983.929,-1.370,1.499,3.021
2984.041,-1.368,1.502,3.022
2984.152,-1.365,1.507,3.025
2984.263,-1.363,1.510,3.030
2984.364,-1.363,1.512,3.037
2984.476,-1.361,1.514,3.047
2984.587,-1.361,1.516,3.057
2984.698,-1.361,1.516,3.065
2984.809,-1.363,1.515,3.072
2984.921,-1.365,1.515,3.078
2985.031,-1.369,1.516,3.081
2985.143,-1.372,1.515,3.084
2985.254,-1.374,1.514,3.086
2985.365,-1.374,1.514,3.087
2985.476,-1.375,1.513,3.086
2985.587,-1.375,1.512,3.085
2985.698,-1.374,1.511,3.084
2985.809,-1.373,1.511,3.083
2985.921,-1.371,1.511,3.082
2986.031,-1.370,1.511,3.081
2986.143,-1.369,1.510,3.080
2986.254,-1.369,1.511,3.080
2986.365,-1.368,1.511,3.079
2986.476,-1.367,1.511,3.078
2986.587,-1.366,1.511,3.077
2986.698,-1.365,1.511,3.076
2986.810,-1.365,1.510,3.075
2986.921,-1.364,1.510,3.075
2987.032,-1.364,1.510,3.076
2987.143,-1.364,1.510,3.077
2987.254,-1.364,1.511,3.078
2987.365,-1.364,1.511,3.079
2987.477,-1.365,1.511,3.079
2987.588,-1.365,1.511,3.079
2987.699,-1.365,1.511,3.079
2987.810,-1.365,1.511,3.079
2987.921,-1.365,1.510,3.079
2988.032,-1.366,1.510,3.079
2988.144,-1.367,1.510,3.079
2988.254,-1.367,1.509,3.079
2988.365,-1.368,1.509,3.079
2988.477,-1.368,1.509,3.079
2988.588,-1.368,1.508,3.079
2988.699,-1.368,1.509,3.079
2988.810,-1.368,1.508,3.077
2988.921,-1.368,1.508,3.076
2989.032,-1.367,1.508,3.074
2989.143,-1.365,1.507,3.072
2989.254,-1.363,1.506,3.071
2989.365,-1.361,1.506,3.071
2989.477,-1.359,1.505,3.071
2989.588,-1.358,1.505,3.072
2989.698,-1.357,1.505,3.074
2989.810,-1.357,1.505,3.075
2989.921,-1.357,1.502,3.076
2990.032,-1.357,1.504,3.077
2990.143,-1.358,1.505,3.076
2990.254,-1.359,1.504,3.075
2990.365,-1.360,1.504,3.072
2990.476,-1.362,1.504,3.069
2990.588,-1.364,1.504,3.066
2990.698,-1.365,1.504,3.064
2990.810,-1.367,1.504,3.062
2990.921,-1.368,1.504,3.060
2991.032,-1.369,1.504,3.058
2991.143,-1.371,1.504,3.057
2991.255,-1.372,1.504,3.057
2991.365,-1.373,1.505,3.055
2991.476,-1.374,1.504,3.054
2991.588,-1.374,1.504,3.053
2991.698,-1.374,1.505,3.052
2991.810,-1.374,1.505,3.050
2991.921,-1.374,1.505,3.049
2992.031,-1.374,1.505,3.049
2992.143,-1.374,1.505,3.048
2992.254,-1.373,1.505,3.047
2992.365,-1.373,1.505,3.047
2992.477,-1.372,1.506,3.048
2992.587,-1.371,1.509,3.050
2992.698,-1.369,1.511,3.052
2992.810,-1.368,1.514,3.056
2992.921,-1.366,1.516,3.060
2993.032,-1.361,1.518,3.063
2993.143,-1.356,1.519,3.065
2993.254,-1.351,1.519,3.063
2993.365,-1.349,1.520,3.056
2993.476,-1.349,1.520,3.046
2993.587,-1.350,1.520,3.031
2993.698,-1.355,1.520,3.010
2993.809,-1.362,1.519,2.985
2993.920,-1.372,1.519,2.954
2994.031,-1.385,1.524,2.920
2994.143,-1.396,1.531,2.887
2994.254,-1.404,1.539,2.857
2994.365,-1.409,1.543,2.832
2994.476,-1.411,1.544,2.815
2994.587,-1.410,1.542,2.806
2994.698,-1.408,1.539,2.808
2994.809,-1.402,1.537,2.820
2994.921,-1.395,1.534,2.840
2995.031,-1.390,1.533,2.860
2995.143,-1.389,1.534,2.870
2995.254,-1.393,1.535,2.870
2995.365,-1.397,1.538,2.864
2995.476,-1.397,1.542,2.853
2995.587,-1.396,1.542,2.844
2995.698,-1.395,1.540,2.840
2995.809,-1.394,1.539,2.842
2995.921,-1.389,1.536,2.853
2996.031,-1.377,1.534,2.874
2996.143,-1.361,1.532,2.901
2996.254,-1.343,1.530,2.930
2996.365,-1.323,1.528,2.962
2996.476,-1.300,1.522,2.992
2996.587,-1.275,1.518,3.020
2996.698,-1.249,1.517,3.044
2996.809,-1.219,1.518,3.060
2996.921,-1.183,1.519,3.073
2997.032,-1.140,1.518,3.082
2997.143,-1.088,1.511,3.092
2997.254,-1.028,1.519,3.102
2997.365,-0.967,1.523,3.118
2997.476,-0.908,1.527,3.141
2997.588,-0.848,1.524,3.173
2997.698,-0.787,1.516,3.217
2997.810,-0.725,1.506,3.271
2997.921,-0.664,1.514,3.333
2998.031,-0.601,1.532,3.394
2998.143,-0.537,1.545,3.446
2998.254,-0.475,1.553,3.492
2998.365,-0.415,1.555,3.530
2998.476,-0.358,1.562,3.560
2998.588,-0.311,1.575,3.584
2998.698,-0.278,1.580,3.605
2998.810,-0.259,1.581,3.622
2998.921,-0.248,1.578,3.636
2999.031,-0.243,1.568,3.647
2999.143,-0.244,1.557,3.658
2999.254,-0.253,1.551,3.674
2999.365,-0.270,1.553,3.696
2999.476,-0.291,1.551,3.721
2999.588,-0.312,1.559,3.741
2999.698,-0.328,1.558,3.756
2999.810,-0.338,1.552,3.763
2999.921,-0.345,1.541,3.764
3000.032,-0.348,1.533,3.762
3000.143,-0.349,1.530,3.758
3000.254,-0.348,1.529,3.752
3000.365,-0.345,1.530,3.749
3000.476,-0.346,1.530,3.753
3000.587,-0.354,1.530,3.763
3000.698,-0.369,1.528,3.780
3000.809,-0.382,1.524,3.805
3000.920,-0.394,1.519,3.836
3001.031,-0.398,1.516,3.871
3001.142,-0.388,1.511,3.914
3001.254,-0.360,1.506,3.969
3001.364,-0.312,1.498,4.037
3001.476,-0.247,1.478,4.120
3001.587,-0.167,1.451,4.217
3001.698,-0.086,1.448,4.320
3001.809,-0.022,1.448,4.413
3001.920,0.021,1.435,4.485
3002.031,0.047,1.408,4.540
3002.142,0.062,1.367,4.584
3002.253,0.067,1.330,4.612
3002.364,0.065,1.316,4.622
3002.476,0.050,1.338,4.613
3002.587,0.020,1.387,4.585
3002.698,-0.033,1.439,4.532
3002.809,-0.110,1.477,4.445
3002.920,-0.190,1.501,4.323
3003.031,-0.254,1.514,4.184
3003.143,-0.297,1.517,4.062
3003.254,-0.337,1.522,3.970
3003.365,-0.379,1.526,3.898
3003.477,-0.427,1.525,3.834
3003.587,-0.483,1.521,3.777
3003.698,-0.551,1.503,3.721
3003.809,-0.639,1.501,3.664
3003.920,-0.740,1.516,3.603
3004.031,-0.834,1.529,3.533
3004.142,-0.925,1.526,3.461
3004.254,-1.015,1.506,3.384
3004.365,-1.101,1.488,3.300
3004.476,-1.182,1.495,3.213
3004.588,-1.260,1.517,3.135
3004.698,-1.328,1.536,3.072
3004.810,-1.388,1.537,3.020
3004.921,-1.447,1.531,2.976
3005.031,-1.505,1.520,2.939
3005.143,-1.566,1.527,2.902
3005.254,-1.615,1.546,2.869
3005.365,-1.651,1.551,2.842
3005.476,-1.672,1.552,2.825
3005.587,-1.683,1.549,2.818
3005.698,-1.684,1.545,2.820
3005.809,-1.674,1.541,2.829
3005.921,-1.652,1.536,2.847
3006.031,-1.621,1.532,2.871
3006.143,-1.578,1.528,2.901
3006.254,-1.522,1.527,2.941
3006.365,-1.458,1.524,2.982
3006.476,-1.393,1.520,3.021
3006.587,-1.329,1.521,3.057
3006.698,-1.264,1.522,3.092
3006.810,-1.197,1.514,3.123
3006.921,-1.123,1.499,3.152
3007.032,-1.039,1.491,3.183
3007.143,-0.952,1.503,3.216
3007.254,-0.868,1.522,3.256
3007.365,-0.791,1.526,3.299
3007.476,-0.715,1.521,3.348
3007.588,-0.636,1.514,3.409
3007.699,-0.553,1.497,3.477
3007.810,-0.468,1.480,3.549
3007.921,-0.391,1.494,3.613
3008.032,-0.332,1.512,3.655
3008.143,-0.287,1.512,3.683
3008.254,-0.253,1.511,3.697
3008.365,-0.234,1.510,3.694
3008.477,-0.233,1.513,3.675
3008.588,-0.251,1.518,3.637
3008.698,-0.297,1.526,3.579
3008.810,-0.369,1.531,3.505
3008.921,-0.465,1.529,3.427
3009.031,-0.569,1.526,3.364
3009.143,-0.653,1.528,3.319
3009.254,-0.711,1.536,3.279
3009.364,-0.753,1.534,3.234
3009.476,-0.785,1.529,3.182
3009.587,-0.810,1.522,3.123
3009.698,-0.834,1.509,3.057
3009.809,-0.855,1.511,2.982
3009.921,-0.881,1.525,2.910
3010.031,-0.913,1.535,2.852
3010.143,-0.945,1.539,2.810
3010.254,-0.978,1.539,2.783
3010.365,-1.014,1.541,2.771
3010.476,-1.053,1.539,2.768
3010.587,-1.095,1.544,2.767
3010.698,-1.128,1.547,2.764
3010.809,-1.151,1.546,2.763
3010.921,-1.165,1.546,2.761
3011.031,-1.173,1.547,2.758
3011.143,-1.175,1.548,2.758
3011.254,-1.166,1.549,2.759
3011.365,-1.148,1.548,2.761
3011.476,-1.119,1.548,2.763
3011.587,-1.087,1.547,2.766
3011.698,-1.057,1.545,2.769
3011.809,-1.035,1.544,2.771
3011.920,-1.018,1.545,2.771
3012.031,-1.005,1.545,2.768
3012.143,-0.998,1.544,2.764
3012.254,-0.995,1.542,2.761
3012.365,-0.995,1.541,2.759
3012.476,-0.996,1.541,2.757
3012.588,-0.996,1.542,2.754
3012.698,-0.993,1.541,2.754
3012.809,-0.989,1.539,2.758
3012.920,-0.985,1.538,2.764
3013.031,-0.986,1.535,2.776
3013.143,-0.986,1.529,2.790
3013.254,-0.985,1.527,2.798
3013.365,-0.987,1.527,2.801
3013.476,-0.992,1.529,2.797
3013.587,-1.002,1.533,2.787
3013.698,-1.019,1.536,2.777
3013.809,-1.044,1.536,2.771
3013.920,-1.080,1.532,2.771
3014.031,-1.122,1.528,2.775
3014.143,-1.162,1.528,2.783
3014.254,-1.196,1.529,2.801
3014.365,-1.224,1.525,2.832
3014.476,-1.250,1.522,2.870
3014.587,-1.268,1.516,2.901
3014.698,-1.281,1.518,2.921
3014.809,-1.293,1.522,2.924
3014.921,-1.303,1.524,2.913
3015.032,-1.309,1.528,2.889
3015.143,-1.312,1.535,2.859
3015.254,-1.314,1.535,2.835
3015.365,-1.320,1.534,2.824
3015.477,-1.329,1.535,2.827
3015.587,-1.339,1.534,2.843
3015.698,-1.349,1.529,2.876
3015.809,-1.360,1.520,2.931
3015.920,-1.380,1.514,2.996
3016.031,-1.403,1.511,3.064
3016.142,-1.430,1.506,3.130
3016.254,-1.459,1.505,3.192
3016.365,-1.489,1.503,3.248
3016.475,-1.517,1.500,3.299
3016.586,-1.540,1.498,3.349
3016.697,-1.558,1.494,3.400
3016.809,-1.566,1.494,3.455
3016.920,-1.574,1.505,3.517
3017.031,-1.588,1.501,3.578
3017.142,-1.610,1.501,3.633
3017.254,-1.640,1.500,3.686
3017.364,-1.674,1.495,3.738
3017.476,-1.709,1.487,3.787
3017.587,-1.749,1.496,3.831
3017.698,-1.784,1.505,3.880
3017.809,-1.812,1.511,3.932
3017.920,-1.830,1.512,3.988
3018.031,-1.837,1.509,4.049
3018.142,-1.832,1.507,4.117
3018.254,-1.818,1.511,4.195
3018.365,-1.800,1.510,4.275
3018.476,-1.782,1.506,4.350
3018.587,-1.768,1.504,4.420
3018.698,-1.758,1.504,4.484
3018.809,-1.752,1.500,4.548
3018.919,-1.749,1.493,4.611
3019.031,-1.751,1.486,4.676
3019.142,-1.760,1.481,4.745
3019.254,-1.771,1.493,4.817
3019.364,-1.776,1.496,4.887
3019.475,-1.773,1.495,4.948
3019.587,-1.767,1.498,5.003
3019.698,-1.760,1.493,5.057
3019.809,-1.752,1.484,5.105
3019.920,-1.737,1.488,5.147
3020.031,-1.722,1.495,5.187
3020.143,-1.710,1.499,5.219
3020.254,-1.700,1.500,5.243
3020.365,-1.693,1.498,5.256
3020.476,-1.696,1.499,5.263
3020.587,-1.704,1.493,5.257
3020.698,-1.711,1.486,5.242
3020.809,-1.717,1.480,5.214
3020.920,-1.720,1.473,5.176
3021.031,-1.718,1.467,5.127
3021.143,-1.710,1.465,5.064
3021.254,-1.690,1.472,4.981
3021.365,-1.659,1.486,4.889
3021.476,-1.617,1.494,4.806
3021.588,-1.579,1.511,4.738
3021.698,-1.549,1.521,4.681
3021.809,-1.530,1.523,4.627
3021.921,-1.522,1.523,4.569
3022.031,-1.526,1.508,4.503
3022.143,-1.542,1.497,4.427
3022.254,-1.567,1.506,4.338
3022.365,-1.590,1.515,4.247
3022.476,-1.606,1.524,4.162
3022.588,-1.618,1.528,4.080
3022.698,-1.627,1.518,3.995
3022.810,-1.631,1.501,3.902
3022.921,-1.631,1.500,3.805
3023.032,-1.636,1.517,3.707
3023.144,-1.647,1.528,3.617
3023.254,-1.661,1.529,3.533
3023.366,-1.679,1.522,3.450
3023.477,-1.702,1.504,3.368
3023.588,-1.733,1.494,3.283
3023.698,-1.764,1.508,3.196
3023.810,-1.788,1.520,3.110
3023.921,-1.808,1.528,3.032
3024.032,-1.825,1.526,2.956
3024.143,-1.839,1.522,2.881
3024.254,-1.849,1.524,2.809
3024.365,-1.860,1.533,2.742
3024.476,-1.870,1.537,2.690
3024.588,-1.878,1.536,2.653
3024.698,-1.884,1.532,2.630
3024.810,-1.891,1.530,2.623
3024.921,-1.896,1.531,2.631
3025.032,-1.900,1.530,2.654
3025.144,-1.900,1.529,2.692
3025.254,-1.897,1.527,2.744
3025.365,-1.888,1.524,2.807
3025.476,-1.875,1.522,2.872
3025.587,-1.864,1.519,2.928
3025.698,-1.858,1.519,2.980
3025.809,-1.860,1.519,3.029
3025.920,-1.868,1.516,3.079
3026.031,-1.884,1.510,3.131
3026.142,-1.908,1.501,3.186
3026.253,-1.937,1.500,3.245
3026.365,-1.968,1.507,3.307
3026.475,-1.992,1.507,3.367
3026.587,-2.012,1.509,3.422
3026.698,-2.027,1.505,3.472
3026.809,-2.036,1.500,3.517
3026.920,-2.038,1.495,3.556
3027.031,-2.034,1.499,3.589
3027.142,-2.027,1.502,3.622
3027.254,-2.016,1.500,3.655
3027.365,-2.006,1.498,3.689
3027.476,-2.001,1.497,3.723
3027.587,-1.999,1.493,3.756
3027.698,-2.001,1.491,3.784
3027.809,-2.004,1.489,3.805
3027.920,-2.010,1.499,3.826
3028.031,-2.018,1.506,3.850
3028.142,-2.025,1.504,3.873
3028.253,-2.032,1.503,3.890
3028.364,-2.038,1.503,3.902
3028.475,-2.040,1.502,3.913
3028.587,-2.041,1.499,3.923
3028.698,-2.044,1.493,3.932
3028.808,-2.048,1.488,3.939
3028.920,-2.049,1.484,3.940
3029.031,-2.045,1.484,3.935
3029.142,-2.038,1.486,3.925
3029.254,-2.029,1.486,3.917
3029.364,-2.019,1.486,3.911
3029.476,-2.010,1.487,3.908
3029.587,-2.002,1.487,3.906
3029.698,-1.994,1.487,3.905
3029.809,-1.987,1.488,3.905
3029.921,-1.981,1.488,3.902
3030.031,-1.977,1.489,3.900
3030.142,-1.972,1.490,3.897
3030.253,-1.964,1.488,3.894
3030.365,-1.945,1.478,3.892
3030.475,-1.917,1.466,3.888
3030.587,-1.888,1.462,3.881
3030.696,-1.866,1.460,3.874
3030.807,-1.847,1.458,3.866
3030.920,-1.831,1.459,3.857
3031.030,-1.810,1.470,3.850
3031.141,-1.786,1.488,3.844
3031.253,-1.761,1.505,3.839
3031.364,-1.733,1.515,3.835
3031.475,-1.699,1.514,3.838
3031.587,-1.661,1.511,3.852
3031.698,-1.621,1.506,3.877
3031.809,-1.580,1.505,3.912
3031.920,-1.540,1.515,3.955
3032.031,-1.500,1.518,3.994
3032.143,-1.462,1.521,4.024
3032.254,-1.428,1.525,4.050
3032.365,-1.395,1.526,4.076
3032.477,-1.358,1.522,4.102
3032.587,-1.315,1.510,4.121
3032.698,-1.265,1.501,4.133
3032.809,-1.208,1.506,4.143
3032.921,-1.150,1.510,4.153
3033.031,-1.095,1.508,4.165
3033.143,-1.044,1.509,4.175
3033.254,-0.993,1.506,4.188
3033.365,-0.940,1.502,4.207
3033.477,-0.888,1.498,4.233
3033.588,-0.835,1.493,4.264
3033.698,-0.782,1.496,4.295
3033.809,-0.729,1.504,4.327
3033.920,-0.678,1.501,4.356
3034.032,-0.630,1.498,4.384
3034.143,-0.584,1.496,4.414
3034.254,-0.539,1.490,4.448
3034.365,-0.493,1.485,4.483
3034.476,-0.442,1.477,4.520
3034.587,-0.385,1.474,4.557
3034.698,-0.327,1.487,4.597
3034.809,-0.278,1.484,4.639
3034.920,-0.239,1.486,4.680
3035.031,-0.208,1.481,4.719
3035.142,-0.178,1.477,4.762
3035.253,-0.150,1.470,4.807
3035.365,-0.127,1.464,4.857
3035.476,-0.110,1.467,4.920
3035.587,-0.102,1.477,4.989
3035.698,-0.102,1.480,5.054
3035.809,-0.110,1.489,5.109
3035.920,-0.126,1.498,5.157
3036.031,-0.140,1.498,5.201
3036.143,-0.155,1.505,5.240
3036.254,-0.167,1.506,5.276
3036.365,-0.174,1.504,5.304
3036.476,-0.178,1.504,5.330
3036.588,-0.182,1.497,5.350
3036.698,-0.185,1.495,5.357
3036.809,-0.186,1.491,5.354
3036.920,-0.188,1.491,5.344
3037.031,-0.190,1.487,5.330
3037.142,-0.192,1.482,5.313
3037.253,-0.197,1.484,5.292
3037.364,-0.202,1.485,5.263
3037.475,-0.208,1.485,5.224
3037.587,-0.213,1.486,5.174
3037.698,-0.217,1.493,5.112
3037.809,-0.226,1.502,5.052
3037.921,-0.240,1.504,4.999
3038.031,-0.257,1.504,4.955
3038.143,-0.280,1.505,4.915
3038.254,-0.311,1.500,4.876
3038.365,-0.352,1.485,4.841
3038.476,-0.402,1.471,4.806
3038.587,-0.460,1.473,4.770
3038.698,-0.518,1.486,4.735
3038.810,-0.569,1.485,4.697
3038.921,-0.615,1.486,4.660
3039.031,-0.662,1.487,4.629
3039.143,-0.712,1.482,4.599
3039.254,-0.766,1.477,4.564
3039.365,-0.823,1.473,4.517
3039.476,-0.882,1.485,4.463
3039.588,-0.941,1.500,4.412
3039.698,-0.997,1.502,4.372
3039.809,-1.052,1.507,4.339
3039.921,-1.108,1.505,4.310
3040.032,-1.165,1.499,4.281
3040.143,-1.224,1.488,4.250
3040.254,-1.285,1.479,4.219
3040.365,-1.343,1.490,4.187
3040.476,-1.386,1.494,4.150
3040.587,-1.405,1.493,4.117
3040.698,-1.399,1.490,4.096
3040.809,-1.375,1.492,4.099
3040.921,-1.350,1.497,4.123
3041.032,-1.331,1.498,4.163
3041.143,-1.322,1.499,4.211
3041.254,-1.322,1.499,4.263
3041.365,-1.329,1.505,4.313
3041.476,-1.339,1.512,4.359
3041.587,-1.348,1.516,4.398
3041.698,-1.357,1.518,4.433
3041.809,-1.369,1.517,4.462
3041.921,-1.381,1.514,4.481
3042.031,-1.385,1.513,4.487
3042.143,-1.374,1.515,4.483
3042.254,-1.347,1.517,4.469
3042.365,-1.310,1.520,4.447
3042.476,-1.266,1.523,4.418
3042.587,-1.215,1.527,4.384
3042.698,-1.158,1.534,4.349
3042.809,-1.100,1.529,4.312
3042.921,-1.048,1.524,4.283
3043.032,-1.000,1.520,4.264
3043.143,-0.952,1.513,4.260
3043.254,-0.904,1.506,4.271
3043.365,-0.854,1.499,4.298
3043.477,-0.803,1.508,4.337
3043.588,-0.754,1.517,4.376
3043.699,-0.707,1.516,4.412
3043.810,-0.664,1.515,4.450
3043.916,-0.622,1.511,4.487
3044.026,-0.584,1.506,4.524
3044.137,-0.546,1.498,4.560
3044.248,-0.502,1.495,4.596
3044.350,-0.463,1.504,4.629
3044.462,-0.417,1.510,4.664
3044.573,-0.375,1.510,4.703
3044.684,-0.338,1.511,4.746
3044.795,-0.307,1.506,4.795
3044.906,-0.282,1.500,4.850
3045.017,-0.260,1.491,4.914
3045.128,-0.242,1.483,4.984
3045.240,-0.227,1.489,5.059
3045.350,-0.212,1.490,5.130
3045.461,-0.195,1.493,5.196
3045.573,-0.181,1.495,5.259
3045.684,-0.169,1.490,5.325
3045.795,-0.156,1.485,5.391
3045.906,-0.141,1.479,5.461
3046.017,-0.126,1.485,5.531
3046.128,-0.116,1.497,5.598
3046.240,-0.116,1.499,5.664
3046.351,-0.126,1.499,5.726
3046.462,-0.145,1.495,5.789
3046.573,-0.177,1.490,5.850
3046.684,-0.222,1.485,5.909
3046.795,-0.276,1.493,5.960
3046.906,-0.327,1.500,5.998
3047.018,-0.369,1.502,6.034
3047.128,-0.408,1.501,6.076
3047.240,-0.445,1.490,6.120
3047.351,-0.480,1.482,6.170
3047.462,-0.515,1.474,6.226
3047.573,-0.551,1.475,6.289
3047.684,-0.591,1.487,6.351
3047.796,-0.637,1.485,6.402
3047.906,-0.682,1.487,6.435
3048.018,-0.731,1.485,6.455
3048.129,-0.785,1.475,6.465
3048.240,-0.845,1.467,6.465
3048.351,-0.913,1.461,6.458
3048.462,-0.983,1.472,6.443
3048.573,-1.045,1.478,6.429
3048.685,-1.099,1.486,6.418
3048.795,-1.151,1.488,6.409
3048.906,-1.203,1.487,6.398
3049.017,-1.257,1.486,6.387
3049.128,-1.312,1.486,6.379
3049.240,-1.369,1.500,6.373
3049.350,-1.424,1.512,6.364
3049.461,-1.470,1.513,6.348
3049.573,-1.504,1.514,6.328
3049.684,-1.530,1.508,6.303
3049.794,-1.555,1.502,6.270
3049.906,-1.579,1.493,6.232
3050.017,-1.602,1.483,6.188
3050.128,-1.622,1.473,6.136
3050.239,-1.641,1.465,6.073
3050.350,-1.658,1.464,6.005
3050.461,-1.675,1.460,5.943
3050.573,-1.692,1.454,5.887
3050.684,-1.709,1.453,5.832
3050.794,-1.724,1.446,5.772
3050.906,-1.737,1.439,5.710
3051.017,-1.754,1.447,5.646
3051.128,-1.773,1.477,5.582
3051.239,-1.785,1.502,5.524
3051.350,-1.788,1.518,5.475
3051.461,-1.780,1.530,5.430
3051.573,-1.768,1.530,5.378
3051.683,-1.750,1.520,5.320
3051.795,-1.724,1.511,5.259
3051.906,-1.695,1.512,5.197
3052.017,-1.665,1.525,5.134
3052.128,-1.643,1.533,5.074
3052.240,-1.625,1.543,5.020
3052.351,-1.606,1.545,4.967
3052.461,-1.587,1.545,4.911
3052.573,-1.568,1.539,4.851
3052.684,-1.548,1.529,4.783
3052.795,-1.527,1.530,4.708
3052.907,-1.508,1.530,4.639
3053.018,-1.489,1.532,4.579
3053.129,-1.479,1.534,4.525
3053.240,-1.475,1.530,4.471
3053.352,-1.482,1.528,4.419
3053.462,-1.502,1.524,4.376
3053.573,-1.523,1.522,4.349
3053.685,-1.530,1.523,4.333
3053.796,-1.519,1.526,4.316
3053.907,-1.493,1.530,4.290
3054.018,-1.454,1.531,4.256
3054.129,-1.407,1.530,4.221
3054.240,-1.347,1.528,4.186
3054.351,-1.272,1.524,4.163
3054.462,-1.200,1.527,4.155
3054.573,-1.142,1.526,4.149
3054.685,-1.091,1.520,4.138
3054.796,-1.043,1.511,4.119
3054.907,-0.997,1.502,4.093
3055.018,-0.953,1.508,4.060
3055.129,-0.908,1.515,4.028
3055.240,-0.862,1.515,4.002
3055.352,-0.817,1.511,3.982
3055.463,-0.771,1.503,3.969
3055.574,-0.722,1.496,3.962
3055.685,-0.668,1.490,3.962
3055.796,-0.609,1.485,3.968
3055.907,-0.547,1.498,3.984
3056.018,-0.487,1.504,3.997
3056.129,-0.438,1.502,4.002
3056.241,-0.399,1.510,4.002
3056.352,-0.364,1.510,3.995
3056.463,-0.328,1.508,3.984
3056.574,-0.290,1.505,3.970
3056.685,-0.251,1.508,3.952
3056.796,-0.209,1.513,3.933
3056.907,-0.170,1.512,3.916
3057.018,-0.137,1.512,3.902
3057.130,-0.112,1.510,3.893
3057.241,-0.094,1.507,3.890
3057.352,-0.084,1.503,3.893
3057.463,-0.082,1.502,3.900
3057.574,-0.083,1.503,3.910
3057.685,-0.086,1.502,3.922
3057.796,-0.091,1.506,3.935
3057.907,-0.094,1.508,3.945
3058.018,-0.096,1.507,3.950
3058.129,-0.098,1.508,3.951
3058.240,-0.098,1.508,3.953
3058.352,-0.096,1.507,3.955
3058.463,-0.095,1.507,3.955
3058.574,-0.094,1.507,3.955
3058.685,-0.094,1.506,3.956
3058.796,-0.094,1.506,3.958
3058.906,-0.093,1.506,3.960
3059.018,-0.093,1.507,3.963
3059.129,-0.093,1.507,3.966
3059.240,-0.092,1.508,3.970
3059.351,-0.091,1.509,3.975
3059.462,-0.090,1.509,3.979
3059.573,-0.090,1.509,3.983
3059.685,-0.090,1.509,3.988
3059.796,-0.090,1.508,3.995
3059.907,-0.093,1.508,4.008
3060.018,-0.099,1.507,4.028
3060.129,-0.108,1.505,4.052
3060.240,-0.118,1.502,4.077
3060.352,-0.126,1.497,4.103
3060.462,-0.133,1.491,4.132
3060.573,-0.135,1.489,4.162
3060.684,-0.129,1.487,4.193
3060.795,-0.115,1.482,4.229
3060.907,-0.093,1.474,4.269
3061.018,-0.063,1.466,4.313
3061.128,-0.023,1.464,4.364
3061.240,0.022,1.472,4.417
3061.352,0.061,1.468,4.469
3061.462,0.088,1.470,4.514
3061.574,0.099,1.477,4.553
3061.685,0.084,1.483,4.582
3061.796,0.046,1.496,4.598
3061.907,-0.008,1.507,4.599
3062.019,-0.067,1.516,4.585
3062.130,-0.117,1.514,4.549
3062.241,-0.141,1.508,4.505
3062.352,-0.141,1.508,4.469
3062.463,-0.124,1.507,4.449
3062.574,-0.102,1.508,4.452
3062.685,-0.089,1.504,4.470
3062.796,-0.094,1.496,4.482
3062.907,-0.108,1.484,4.477
3063.018,-0.120,1.475,4.458
3063.129,-0.130,1.464,4.423
3063.241,-0.137,1.450,4.370
3063.352,-0.138,1.437,4.301
3063.463,-0.130,1.434,4.220
3063.574,-0.122,1.450,4.139
3063.685,-0.121,1.471,4.075
3063.796,-0.127,1.499,4.025
3063.907,-0.138,1.519,3.976
3064.019,-0.153,1.521,3.917
3064.129,-0.168,1.510,3.845
3064.241,-0.196,1.500,3.764
3064.352,-0.245,1.505,3.687
3064.462,-0.287,1.513,3.619
3064.574,-0.314,1.519,3.551
3064.685,-0.331,1.519,3.482
3064.796,-0.337,1.515,3.403
3064.907,-0.333,1.505,3.308
3065.019,-0.320,1.502,3.197
3065.129,-0.306,1.515,3.075
3065.241,-0.295,1.516,2.954
3065.352,-0.276,1.515,2.840
3065.462,-0.252,1.509,2.730
3065.574,-0.228,1.492,2.626
3065.685,-0.207,1.478,2.529
3065.796,-0.192,1.489,2.434
3065.908,-0.178,1.506,2.341
3066.019,-0.166,1.507,2.249
3066.129,-0.165,1.492,2.157
3066.241,-0.173,1.472,2.062
3066.352,-0.180,1.455,1.968
3066.463,-0.186,1.463,1.872
3066.574,-0.199,1.460,1.778
3066.685,-0.214,1.452,1.691
3066.796,-0.227,1.441,1.611
3066.907,-0.242,1.428,1.532
3067.018,-0.261,1.420,1.447
3067.129,-0.282,1.423,1.359
3067.241,-0.294,1.428,1.279
3067.351,-0.290,1.434,1.221
3067.462,-0.278,1.445,1.172
3067.574,-0.261,1.449,1.133
3067.684,-0.238,1.457,1.098
3067.796,-0.213,1.470,1.063
3067.907,-0.191,1.492,1.029
3068.018,-0.169,1.514,0.992
3068.129,-0.149,1.519,0.954
3068.241,-0.134,1.519,0.921
3068.352,-0.121,1.519,0.901
3068.463,-0.114,1.515,0.892
3068.574,-0.121,1.513,0.887
3068.685,-0.132,1.511,0.876
3068.796,-0.141,1.505,0.863
3068.908,-0.148,1.500,0.853
3069.019,-0.153,1.497,0.846
3069.130,-0.153,1.496,0.844
3069.241,-0.149,1.496,0.847
3069.352,-0.144,1.497,0.852
3069.463,-0.140,1.499,0.861
3069.574,-0.138,1.501,0.873
3069.685,-0.140,1.503,0.887
3069.796,-0.149,1.502,0.899
3069.907,-0.165,1.496,0.908
3070.018,-0.180,1.493,0.909
3070.129,-0.187,1.491,0.906
3070.241,-0.185,1.489,0.902
3070.352,-0.176,1.488,0.900
3070.463,-0.163,1.483,0.897
3070.574,-0.150,1.480,0.894
3070.685,-0.137,1.477,0.892
3070.796,-0.124,1.475,0.892
3070.907,-0.111,1.475,0.892
3071.019,-0.097,1.476,0.890
3071.130,-0.082,1.479,0.887
3071.241,-0.068,1.481,0.882
3071.352,-0.054,1.482,0.879
3071.463,-0.041,1.483,0.876
3071.574,-0.030,1.485,0.870
3071.685,-0.022,1.487,0.858
3071.796,-0.023,1.487,0.842
3071.908,-0.034,1.484,0.829
3072.019,-0.050,1.483,0.823
3072.130,-0.070,1.482,0.823
3072.241,-0.093,1.483,0.831
3072.352,-0.120,1.488,0.845
3072.463,-0.148,1.497,0.870
3072.574,-0.176,1.504,0.900
3072.685,-0.202,1.509,0.930
3072.796,-0.224,1.510,0.955
3072.907,-0.237,1.499,0.973
3073.019,-0.239,1.496,0.989
3073.130,-0.236,1.501,1.003
3073.241,-0.230,1.505,1.014
3073.352,-0.218,1.510,1.025
3073.463,-0.199,1.517,1.037
3073.574,-0.173,1.517,1.052
3073.685,-0.140,1.511,1.074
3073.796,-0.112,1.504,1.103
3073.908,-0.094,1.498,1.127
3074.019,-0.085,1.495,1.142
3074.130,-0.079,1.493,1.148
3074.241,-0.076,1.491,1.147
3074.352,-0.072,1.492,1.139
3074.463,-0.066,1.491,1.128
3074.574,-0.062,1.490,1.115
3074.685,-0.059,1.490,1.101
3074.796,-0.056,1.489,1.088
3074.907,-0.053,1.489,1.076
3075.019,-0.051,1.488,1.065
3075.130,-0.047,1.488,1.056
3075.241,-0.042,1.486,1.052
3075.352,-0.037,1.483,1.049
3075.463,-0.033,1.481,1.048
3075.574,-0.030,1.481,1.047
3075.685,-0.027,1.482,1.045
3075.796,-0.026,1.481,1.044
3075.907,-0.027,1.482,1.041
3076.018,-0.028,1.483,1.041
3076.129,-0.033,1.485,1.044
3076.241,-0.042,1.487,1.049
3076.352,-0.056,1.489,1.054
3076.463,-0.074,1.490,1.060
3076.574,-0.098,1.491,1.063
3076.685,-0.127,1.490,1.063
3076.796,-0.160,1.488,1.051
3076.907,-0.202,1.485,1.029
3077.018,-0.246,1.487,1.013
3077.129,-0.281,1.491,1.003
3077.240,-0.305,1.493,0.988
3077.352,-0.318,1.501,0.973
3077.463,-0.316,1.507,0.960
3077.574,-0.307,1.521,0.942
3077.685,-0.297,1.521,0.920
3077.796,-0.289,1.521,0.900
3077.908,-0.281,1.518,0.881
3078.019,-0.276,1.511,0.860
3078.130,-0.277,1.507,0.838
3078.241,-0.288,1.503,0.821
3078.352,-0.309,1.502,0.813
3078.463,-0.337,1.502,0.812
3078.574,-0.374,1.503,0.816
3078.686,-0.418,1.507,0.818
3078.797,-0.464,1.510,0.819
3078.907,-0.506,1.509,0.818
3079.019,-0.542,1.507,0.817
3079.130,-0.567,1.508,0.814
3079.241,-0.581,1.508,0.811
3079.353,-0.584,1.506,0.808
3079.463,-0.576,1.503,0.802
3079.574,-0.559,1.493,0.796
3079.686,-0.542,1.486,0.790
3079.796,-0.524,1.486,0.786
3079.908,-0.505,1.487,0.783
3080.019,-0.482,1.489,0.778
3080.130,-0.456,1.489,0.774
3080.241,-0.429,1.488,0.768
3080.352,-0.402,1.487,0.759
3080.463,-0.374,1.484,0.748
3080.574,-0.348,1.480,0.734
3080.686,-0.324,1.476,0.722
3080.796,-0.306,1.475,0.715
3080.908,-0.295,1.476,0.714
3081.019,-0.287,1.476,0.711
3081.130,-0.283,1.474,0.704
3081.241,-0.285,1.473,0.692
3081.352,-0.291,1.472,0.677
3081.463,-0.303,1.470,0.658
3081.574,-0.318,1.474,0.634
3081.686,-0.330,1.478,0.608
3081.796,-0.339,1.476,0.586
3081.908,-0.346,1.476,0.568
3082.020,-0.348,1.478,0.551
3082.130,-0.346,1.479,0.536
3082.241,-0.342,1.479,0.523
3082.352,-0.334,1.482,0.513
3082.463,-0.322,1.485,0.502
3082.574,-0.310,1.483,0.490
3082.686,-0.303,1.479,0.475
3082.796,-0.301,1.471,0.461
3082.908,-0.303,1.469,0.452
3083.019,-0.308,1.469,0.454
3083.130,-0.316,1.472,0.464
3083.241,-0.330,1.475,0.482
3083.353,-0.350,1.476,0.513
3083.463,-0.377,1.479,0.554
3083.574,-0.412,1.483,0.602
3083.686,-0.453,1.485,0.654
3083.795,-0.495,1.485,0.705
3083.907,-0.536,1.489,0.750
3084.017,-0.581,1.492,0.783
3084.128,-0.633,1.488,0.800
3084.240,-0.693,1.480,0.805
3084.351,-0.761,1.472,0.798
3084.462,-0.832,1.484,0.777
3084.573,-0.906,1.493,0.756
3084.685,-0.979,1.493,0.743
3084.796,-1.048,1.497,0.734
3084.907,-1.115,1.490,0.725
3085.018,-1.181,1.480,0.719
3085.129,-1.251,1.472,0.719
3085.241,-1.326,1.476,0.724
3085.352,-1.402,1.481,0.731
3085.463,-1.470,1.483,0.738
3085.574,-1.530,1.487,0.747
3085.685,-1.574,1.486,0.752
3085.797,-1.608,1.485,0.741
3085.908,-1.637,1.485,0.713
3086.019,-1.667,1.487,0.672
3086.130,-1.695,1.484,0.618
3086.241,-1.720,1.481,0.556
3086.352,-1.742,1.485,0.490
3086.463,-1.757,1.484,0.436
3086.575,-1.767,1.483,0.395
3086.686,-1.775,1.480,0.371
3086.797,-1.783,1.481,0.359
3086.908,-1.795,1.484,0.353
3087.019,-1.812,1.486,0.351
3087.130,-1.836,1.486,0.362
3087.241,-1.856,1.485,0.386
3087.352,-1.870,1.484,0.421
3087.463,-1.878,1.485,0.459
3087.574,-1.878,1.486,0.500
3087.685,-1.870,1.485,0.545
3087.796,-1.853,1.481,0.592
3087.907,-1.832,1.478,0.639
3088.019,-1.802,1.480,0.675
3088.130,-1.760,1.491,0.700
3088.240,-1.707,1.499,0.715
3088.352,-1.642,1.499,0.722
3088.463,-1.560,1.502,0.722
3088.574,-1.471,1.500,0.725
3088.685,-1.388,1.496,0.732
3088.796,-1.318,1.492,0.743
3088.907,-1.264,1.491,0.748
3089.018,-1.222,1.491,0.742
3089.129,-1.192,1.487,0.726
3089.240,-1.170,1.484,0.695
3089.352,-1.158,1.479,0.659
3089.463,-1.157,1.482,0.616
3089.574,-1.159,1.482,0.576
3089.685,-1.161,1.483,0.541
3089.796,-1.159,1.484,0.514
3089.908,-1.152,1.485,0.491
3090.019,-1.141,1.487,0.472
3090.130,-1.126,1.491,0.454
3090.241,-1.107,1.489,0.439
3090.353,-1.085,1.486,0.429
3090.463,-1.064,1.485,0.427
3090.574,-1.048,1.487,0.437
3090.685,-1.041,1.488,0.458
3090.796,-1.049,1.490,0.492
3090.907,-1.072,1.491,0.539
3091.018,-1.108,1.488,0.597
3091.130,-1.155,1.482,0.663
3091.240,-1.208,1.475,0.733
3091.352,-1.256,1.476,0.795
3091.462,-1.296,1.491,0.843
3091.574,-1.335,1.491,0.877
3091.685,-1.376,1.486,0.900
3091.796,-1.418,1.482,0.911
3091.907,-1.459,1.479,0.909
3092.019,-1.503,1.489,0.896
3092.129,-1.547,1.491,0.874
3092.241,-1.584,1.488,0.849
3092.352,-1.609,1.489,0.822
3092.463,-1.628,1.490,0.795
3092.574,-1.647,1.489,0.769
3092.685,-1.668,1.487,0.746
3092.796,-1.691,1.486,0.727
3092.908,-1.721,1.494,0.703
3093.019,-1.758,1.500,0.672
3093.130,-1.797,1.502,0.635
3093.241,-1.833,1.498,0.598
3093.352,-1.861,1.493,0.571
3093.466,-1.879,1.491,0.551
3093.574,-1.891,1.490,0.531
3093.686,-1.898,1.489,0.507
3093.797,-1.902,1.489,0.482
3093.908,-1.903,1.489,0.456
3094.019,-1.902,1.494,0.424
3094.130,-1.896,1.491,0.391
3094.241,-1.880,1.484,0.370
3094.352,-1.845,1.482,0.369
3094.463,-1.798,1.480,0.386
3094.574,-1.750,1.476,0.415
3094.685,-1.706,1.478,0.441
3094.797,-1.666,1.484,0.459
3094.907,-1.629,1.485,0.469
3095.019,-1.593,1.486,0.470
3095.129,-1.558,1.488,0.459
3095.241,-1.524,1.489,0.437
3095.352,-1.503,1.487,0.412
3095.463,-1.499,1.488,0.392
3095.574,-1.508,1.488,0.383
3095.685,-1.529,1.487,0.383
3095.796,-1.561,1.488,0.390
3095.907,-1.602,1.487,0.399
3096.019,-1.649,1.485,0.412
3096.130,-1.703,1.485,0.427
3096.241,-1.753,1.483,0.440
3096.353,-1.794,1.486,0.450
3096.463,-1.826,1.489,0.459
3096.574,-1.845,1.493,0.479
3096.686,-1.852,1.496,0.508
3096.797,-1.846,1.494,0.542
3096.908,-1.836,1.485,0.583
3097.019,-1.829,1.483,0.625
3097.130,-1.822,1.483,0.674
3097.241,-1.812,1.491,0.731
3097.352,-1.801,1.498,0.793
3097.463,-1.795,1.501,0.858
3097.574,-1.794,1.497,0.927
3097.686,-1.795,1.495,0.985
3097.799,-1.796,1.503,1.025
3097.908,-1.794,1.502,1.043
3098.018,-1.775,1.501,1.036
3098.129,-1.740,1.503,1.008
3098.241,-1.685,1.500,0.964
3098.352,-1.613,1.499,0.913
3098.463,-1.533,1.499,0.864
3098.574,-1.459,1.494,0.823
3098.685,-1.402,1.497,0.794
3098.796,-1.362,1.497,0.766
3098.906,-1.336,1.493,0.734
3099.019,-1.321,1.490,0.697
3099.130,-1.316,1.485,0.648
3099.241,-1.320,1.489,0.593
3099.352,-1.329,1.493,0.546
3099.463,-1.346,1.494,0.513
3099.574,-1.367,1.494,0.501
3099.686,-1.386,1.490,0.505
3099.796,-1.399,1.489,0.516
3099.908,-1.409,1.485,0.523
3100.019,-1.414,1.480,0.529
3100.132,-1.414,1.479,0.531
3100.241,-1.409,1.478,0.527
3100.352,-1.401,1.479,0.515
3100.463,-1.392,1.482,0.498
3100.574,-1.381,1.483,0.480
3100.685,-1.368,1.484,0.468
3100.797,-1.358,1.482,0.458
3100.908,-1.356,1.482,0.450
3101.019,-1.361,1.480,0.446
3101.129,-1.366,1.482,0.447
3101.241,-1.365,1.484,0.449
3101.352,-1.353,1.485,0.451
3101.463,-1.325,1.485,0.452
3101.574,-1.283,1.487,0.453
3101.685,-1.227,1.487,0.447
3101.796,-1.155,1.479,0.429
3101.907,-1.070,1.467,0.403
3102.018,-0.989,1.459,0.377
3102.130,-0.935,1.461,0.364
3102.241,-0.905,1.470,0.368
3102.352,-0.894,1.479,0.383
3102.463,-0.896,1.484,0.400
3102.574,-0.898,1.487,0.414
3102.685,-0.903,1.487,0.420
3102.796,-0.919,1.483,0.417
3102.907,-0.941,1.481,0.413
3103.019,-0.962,1.481,0.409
3103.130,-0.982,1.481,0.403
3103.241,-1.004,1.483,0.394
3103.352,-1.025,1.482,0.381
3103.463,-1.042,1.479,0.367
3103.574,-1.053,1.477,0.360
3103.685,-1.060,1.477,0.359
3103.796,-1.062,1.479,0.364
3103.903,-1.056,1.481,0.372
3104.014,-1.040,1.483,0.381
3104.125,-1.015,1.479,0.391
3104.236,-0.978,1.465,0.405
3104.350,-0.940,1.464,0.413
3104.462,-0.905,1.465,0.418
3104.574,-0.871,1.467,0.423
3104.685,-0.839,1.468,0.427
3104.796,-0.811,1.467,0.431
3104.907,-0.788,1.464,0.435
3105.018,-0.774,1.464,0.439
3105.129,-0.767,1.466,0.443
3105.241,-0.767,1.467,0.447
3105.352,-0.774,1.470,0.448
3105.463,-0.784,1.472,0.447
3105.574,-0.795,1.471,0.445
3105.686,-0.805,1.470,0.443
3105.796,-0.813,1.470,0.441
3105.908,-0.818,1.470,0.438
3106.019,-0.820,1.469,0.432
3106.130,-0.818,1.468,0.426
3106.241,-0.811,1.469,0.421
3106.352,-0.794,1.471,0.417
3106.463,-0.765,1.474,0.413
3106.575,-0.722,1.477,0.410
3106.685,-0.669,1.477,0.403
3106.797,-0.608,1.472,0.392
3106.908,-0.542,1.471,0.374
3107.019,-0.487,1.476,0.358
3107.130,-0.452,1.480,0.348
3107.241,-0.431,1.480,0.349
3107.352,-0.421,1.484,0.360
3107.464,-0.417,1.485,0.377
3107.575,-0.416,1.483,0.400
3107.686,-0.415,1.479,0.425
3107.797,-0.415,1.477,0.447
3107.908,-0.417,1.477,0.462
3108.019,-0.420,1.478,0.473
3108.130,-0.421,1.479,0.479
3108.241,-0.421,1.481,0.480
3108.352,-0.420,1.481,0.477
3108.463,-0.420,1.481,0.474
3108.575,-0.420,1.481,0.470
3108.686,-0.420,1.479,0.468
3108.796,-0.415,1.480,0.468
3108.908,-0.413,1.482,0.471
3109.019,-0.423,1.483,0.477
3109.130,-0.446,1.483,0.489
3109.241,-0.479,1.481,0.514
3109.352,-0.515,1.479,0.553
3109.463,-0.553,1.481,0.600
3109.574,-0.591,1.484,0.648
3109.685,-0.630,1.484,0.693
3109.796,-0.673,1.491,0.736
3109.908,-0.719,1.492,0.776
3110.019,-0.772,1.485,0.808
3110.130,-0.835,1.475,0.828
3110.240,-0.908,1.468,0.840
3110.352,-0.991,1.482,0.843
3110.463,-1.070,1.492,0.845
3110.575,-1.139,1.494,0.847
3110.686,-1.204,1.496,0.848
3110.796,-1.267,1.491,0.848
3110.907,-1.332,1.483,0.853
3111.018,-1.401,1.474,0.870
3111.129,-1.474,1.481,0.893
3111.241,-1.538,1.488,0.918
3111.352,-1.592,1.495,0.939
3111.463,-1.633,1.493,0.957
3111.574,-1.662,1.496,0.969
3111.685,-1.685,1.501,0.980
3111.796,-1.705,1.498,0.989
3111.907,-1.721,1.494,0.997
3112.019,-1.733,1.490,0.999
3112.129,-1.743,1.483,0.985
3112.241,-1.750,1.482,0.961
3112.352,-1.758,1.485,0.943
3112.464,-1.770,1.484,0.937
3112.574,-1.779,1.480,0.944
3112.685,-1.785,1.476,0.957
3112.796,-1.787,1.475,0.971
3112.907,-1.785,1.476,0.982
3113.019,-1.779,1.477,0.990
3113.130,-1.774,1.483,0.993
3113.241,-1.770,1.485,0.996
3113.352,-1.768,1.482,0.994
3113.463,-1.766,1.480,0.985
3113.574,-1.766,1.480,0.969
3113.686,-1.773,1.479,0.945
3113.796,-1.780,1.479,0.912
3113.907,-1.782,1.480,0.871
3114.019,-1.782,1.479,0.827
3114.130,-1.785,1.482,0.786
3114.241,-1.787,1.478,0.755
3114.352,-1.789,1.480,0.738
3114.463,-1.790,1.486,0.735
3114.574,-1.791,1.491,0.750
3114.685,-1.797,1.495,0.778
3114.796,-1.806,1.497,0.809
3114.907,-1.815,1.493,0.835
3115.019,-1.812,1.491,0.854
3115.129,-1.787,1.499,0.872
3115.241,-1.742,1.507,0.895
3115.352,-1.685,1.510,0.916
3115.463,-1.617,1.506,0.934
3115.574,-1.540,1.499,0.949
3115.685,-1.456,1.499,0.960
3115.796,-1.382,1.494,0.965
3115.907,-1.326,1.498,0.963
3116.019,-1.276,1.498,0.951
3116.130,-1.224,1.491,0.926
3116.241,-1.171,1.484,0.892
3116.352,-1.114,1.473,0.847
3116.463,-1.049,1.467,0.791
3116.574,-0.981,1.480,0.730
3116.685,-0.919,1.486,0.681
3116.797,-0.869,1.492,0.637
3116.908,-0.825,1.493,0.594
3117.019,-0.784,1.490,0.555
3117.130,-0.742,1.484,0.519
3117.241,-0.699,1.479,0.489
3117.352,-0.663,1.484,0.462
3117.464,-0.637,1.485,0.440
3117.574,-0.624,1.486,0.422
3117.685,-0.624,1.484,0.409
3117.797,-0.639,1.483,0.405
3117.908,-0.661,1.481,0.412
3118.019,-0.687,1.481,0.429
3118.130,-0.716,1.482,0.459
3118.241,-0.748,1.485,0.501
3118.352,-0.784,1.489,0.551
3118.463,-0.822,1.491,0.600
3118.574,-0.855,1.490,0.636
3118.685,-0.878,1.488,0.656
3118.796,-0.896,1.486,0.660
3118.906,-0.916,1.484,0.647
3119.019,-0.934,1.479,0.619
3119.129,-0.950,1.479,0.584
3119.241,-0.966,1.479,0.554
3119.352,-0.982,1.478,0.535
3119.463,-0.995,1.479,0.527
3119.574,-1.006,1.481,0.531
3119.686,-1.018,1.486,0.549
3119.796,-1.035,1.489,0.583
3119.907,-1.059,1.488,0.633
3120.019,-1.090,1.480,0.698
3120.129,-1.129,1.468,0.772
3120.241,-1.169,1.463,0.846
3120.352,-1.205,1.481,0.911
3120.463,-1.243,1.494,0.962
3120.574,-1.287,1.492,0.996
3120.686,-1.336,1.488,1.019
3120.796,-1.394,1.480,1.034
3120.908,-1.463,1.479,1.041
3121.019,-1.541,1.494,1.044
3121.130,-1.617,1.496,1.047
3121.241,-1.681,1.494,1.050
3121.352,-1.729,1.491,1.050
3121.463,-1.760,1.489,1.046
3121.574,-1.783,1.491,1.046
3121.686,-1.805,1.490,1.051
3121.796,-1.823,1.488,1.057
3121.907,-1.841,1.478,1.064
3122.019,-1.855,1.471,1.067
3122.130,-1.858,1.472,1.061
3122.241,-1.844,1.473,1.037
3122.352,-1.806,1.478,1.004
3122.463,-1.748,1.481,0.978
3122.574,-1.679,1.485,0.963
3122.685,-1.613,1.494,0.949
3122.796,-1.578,1.507,0.934
3122.907,-1.572,1.519,0.923
3123.019,-1.577,1.527,0.916
3123.130,-1.575,1.525,0.910
3123.241,-1.563,1.504,0.897
3123.352,-1.533,1.488,0.866
3123.463,-1.488,1.482,0.828
3123.574,-1.441,1.475,0.794
3123.685,-1.402,1.468,0.759
3123.796,-1.372,1.464,0.718
3123.907,-1.343,1.472,0.671
3124.019,-1.308,1.481,0.623
3124.130,-1.275,1.472,0.582
3124.241,-1.244,1.468,0.550
3124.352,-1.216,1.468,0.526
3124.463,-1.188,1.472,0.508
3124.574,-1.160,1.480,0.492
3124.685,-1.137,1.478,0.487
3124.796,-1.120,1.480,0.489
3124.907,-1.108,1.478,0.495
3125.019,-1.100,1.472,0.503
3125.130,-1.096,1.469,0.513
3125.241,-1.095,1.469,0.522
3125.352,-1.095,1.469,0.529
3125.463,-1.097,1.469,0.534
3125.574,-1.098,1.468,0.538
3125.685,-1.101,1.468,0.542
3125.796,-1.106,1.469,0.546
3125.907,-1.117,1.470,0.553
3126.018,-1.135,1.471,0.562
3126.129,-1.161,1.470,0.570
3126.241,-1.197,1.469,0.580
3126.352,-1.245,1.471,0.592
3126.463,-1.303,1.472,0.606
3126.574,-1.364,1.472,0.622
3126.685,-1.422,1.482,0.630
3126.796,-1.477,1.495,0.629
3126.907,-1.535,1.494,0.618
3127.019,-1.600,1.486,0.596
3127.130,-1.669,1.477,0.560
3127.241,-1.747,1.478,0.515
3127.352,-1.824,1.484,0.470
3127.463,-1.883,1.483,0.432
3127.574,-1.915,1.480,0.404
3127.686,-1.928,1.481,0.386
3127.797,-1.929,1.483,0.377
3127.908,-1.921,1.487,0.378
3128.019,-1.909,1.486,0.391
3128.130,-1.901,1.486,0.408
3128.241,-1.898,1.487,0.423
3128.352,-1.900,1.483,0.437
3128.463,-1.904,1.478,0.449
3128.574,-1.909,1.475,0.455
3128.686,-1.913,1.476,0.456
3128.796,-1.913,1.476,0.459
3128.908,-1.912,1.477,0.461
3129.019,-1.908,1.480,0.460
3129.130,-1.902,1.481,0.456
3129.241,-1.894,1.482,0.450
3129.352,-1.885,1.483,0.445
3129.463,-1.876,1.483,0.441
3129.574,-1.865,1.481,0.441
3129.685,-1.852,1.476,0.450
3129.796,-1.840,1.474,0.455
3129.907,-1.825,1.475,0.459
3130.019,-1.798,1.478,0.463
3130.129,-1.762,1.480,0.473
3130.241,-1.717,1.484,0.485
3130.352,-1.664,1.485,0.492
3130.463,-1.599,1.481,0.494
3130.574,-1.531,1.476,0.493
3130.686,-1.465,1.475,0.486
3130.796,-1.415,1.478,0.476
3130.907,-1.379,1.479,0.471
3131.019,-1.354,1.477,0.475
3131.130,-1.340,1.481,0.485
3131.241,-1.338,1.482,0.500
3131.352,-1.338,1.483,0.524
3131.463,-1.340,1.486,0.551
3131.574,-1.343,1.489,0.582
3131.685,-1.351,1.492,0.610
3131.797,-1.365,1.486,0.625
3131.908,-1.377,1.484,0.625
3132.019,-1.391,1.484,0.608
3132.130,-1.409,1.483,0.576
3132.241,-1.429,1.486,0.534
3132.352,-1.451,1.486,0.499
3132.463,-1.466,1.486,0.478
3132.574,-1.472,1.486,0.474
3132.686,-1.470,1.489,0.484
3132.797,-1.459,1.494,0.506
3132.908,-1.443,1.496,0.537
3133.019,-1.420,1.496,0.565
3133.130,-1.396,1.497,0.588
3133.241,-1.375,1.494,0.604
3133.352,-1.353,1.493,0.616
3133.463,-1.335,1.492,0.624
3133.574,-1.316,1.486,0.630
3133.685,-1.296,1.487,0.628
3133.796,-1.267,1.488,0.617
3133.908,-1.233,1.486,0.594
3134.019,-1.196,1.481,0.560
3134.130,-1.160,1.480,0.522
3134.241,-1.130,1.477,0.492
3134.352,-1.109,1.476,0.472
3134.463,-1.093,1.472,0.462
3134.574,-1.081,1.470,0.463
3134.686,-1.077,1.471,0.475
3134.797,-1.081,1.474,0.498
3134.908,-1.096,1.478,0.532
3135.019,-1.124,1.478,0.580
3135.130,-1.159,1.481,0.638
3135.241,-1.193,1.480,0.697
3135.352,-1.223,1.479,0.745
3135.463,-1.251,1.489,0.780
3135.574,-1.287,1.490,0.803
3135.685,-1.331,1.485,0.817
3135.797,-1.382,1.482,0.821
3135.908,-1.438,1.479,0.819
3136.019,-1.499,1.481,0.810
3136.130,-1.562,1.485,0.802
3136.241,-1.621,1.487,0.800
3136.352,-1.670,1.489,0.802
3136.464,-1.715,1.490,0.808
3136.574,-1.757,1.489,0.816
3136.686,-1.793,1.491,0.817
3136.796,-1.824,1.498,0.809
3136.907,-1.843,1.498,0.797
3137.019,-1.854,1.498,0.787
3137.130,-1.865,1.501,0.774
3137.241,-1.879,1.505,0.753
3137.352,-1.898,1.507,0.725
3137.463,-1.919,1.512,0.691
3137.574,-1.936,1.517,0.654
3137.686,-1.950,1.516,0.615
3137.796,-1.958,1.507,0.578
3137.907,-1.956,1.499,0.545
3138.021,-1.948,1.496,0.523
3138.130,-1.931,1.495,0.516
3138.241,-1.906,1.494,0.525
3138.352,-1.873,1.491,0.553
3138.463,-1.836,1.481,0.598
3138.574,-1.805,1.474,0.646
3138.685,-1.773,1.476,0.684
3138.796,-1.732,1.486,0.713
3138.907,-1.683,1.489,0.741
3139.019,-1.627,1.494,0.766
3139.130,-1.563,1.497,0.787
3139.241,-1.489,1.497,0.804
3139.352,-1.406,1.494,0.816
3139.463,-1.325,1.492,0.827
3139.574,-1.261,1.494,0.834
3139.685,-1.207,1.500,0.832
3139.796,-1.155,1.499,0.820
3139.907,-1.101,1.493,0.797
3140.019,-1.046,1.484,0.765
3140.130,-0.990,1.471,0.720
3140.241,-0.931,1.473,0.666
3140.352,-0.876,1.481,0.622
3140.463,-0.829,1.489,0.586
3140.574,-0.789,1.491,0.556
3140.686,-0.750,1.488,0.533
3140.797,-0.708,1.487,0.519
3140.908,-0.664,1.488,0.513
3141.019,-0.620,1.493,0.506
3141.130,-0.581,1.493,0.498
3141.241,-0.552,1.491,0.497
3141.352,-0.533,1.495,0.500
3141.463,-0.524,1.498,0.508
3141.575,-0.525,1.505,0.521
3141.686,-0.534,1.509,0.536
3141.797,-0.543,1.512,0.548
3141.908,-0.552,1.512,0.559
3142.019,-0.566,1.514,0.568
3142.130,-0.580,1.512,0.577
3142.241,-0.595,1.501,0.588
3142.352,-0.607,1.495,0.608
3142.464,-0.616,1.496,0.637
3142.574,-0.622,1.496,0.669
3142.686,-0.623,1.494,0.700
3142.797,-0.621,1.487,0.737
3142.908,-0.615,1.480,0.781
3143.019,-0.602,1.482,0.829
3143.130,-0.584,1.486,0.876
3143.241,-0.561,1.492,0.921
3143.352,-0.530,1.498,0.965
3143.463,-0.492,1.503,1.006
3143.574,-0.450,1.502,1.042
3143.686,-0.415,1.497,1.068
3143.797,-0.384,1.500,1.081
3143.908,-0.353,1.501,1.087
3144.019,-0.322,1.499,1.087
3144.130,-0.288,1.498,1.081
3144.241,-0.252,1.493,1.069
3144.352,-0.214,1.492,1.053
3144.464,-0.177,1.501,1.036
3144.575,-0.141,1.502,1.023
3144.686,-0.107,1.498,1.015
3144.796,-0.074,1.495,1.014
3144.908,-0.040,1.493,1.021
3145.019,-0.004,1.490,1.032
3145.130,0.027,1.489,1.045
3145.241,0.058,1.496,1.057
3145.353,0.088,1.499,1.068
3145.463,0.115,1.497,1.070
3145.575,0.129,1.492,1.066
3145.686,0.125,1.490,1.062
3145.797,0.108,1.494,1.060
3145.908,0.079,1.500,1.057
3146.019,0.040,1.507,1.056
3146.130,-0.003,1.514,1.057
3146.241,-0.042,1.518,1.058
3146.353,-0.073,1.519,1.058
3146.464,-0.095,1.519,1.058
3146.575,-0.109,1.519,1.058
3146.686,-0.117,1.519,1.059
3146.796,-0.117,1.517,1.061
3146.908,-0.114,1.518,1.064
3147.019,-0.111,1.520,1.067
3147.130,-0.107,1.521,1.071
3147.241,-0.101,1.521,1.073
3147.353,-0.095,1.521,1.074
3147.464,-0.090,1.521,1.074
3147.575,-0.087,1.520,1.074
3147.686,-0.086,1.520,1.073
3147.797,-0.086,1.520,1.071
3147.908,-0.085,1.520,1.070
3148.019,-0.085,1.520,1.070
3148.130,-0.084,1.519,1.069
3148.242,-0.084,1.519,1.068
3148.352,-0.084,1.520,1.068
3148.464,-0.084,1.519,1.066
3148.575,-0.083,1.520,1.065
3148.686,-0.082,1.519,1.064
3148.797,-0.081,1.519,1.064
3148.908,-0.081,1.518,1.064
3149.019,-0.082,1.518,1.065
3149.131,-0.082,1.516,1.066
3149.241,-0.081,1.513,1.066
3149.353,-0.080,1.512,1.067
3149.463,-0.077,1.509,1.068
3149.574,-0.074,1.505,1.069
3149.686,-0.073,1.499,1.072
3149.796,-0.075,1.496,1.074
3149.907,-0.077,1.495,1.077
3150.019,-0.078,1.493,1.080
3150.130,-0.077,1.493,1.081
3150.241,-0.075,1.494,1.080
3150.352,-0.074,1.496,1.079
3150.464,-0.075,1.494,1.083
3150.574,-0.074,1.495,1.084
3150.686,-0.075,1.496,1.085
3150.796,-0.074,1.498,1.086
3150.908,-0.073,1.504,1.087
3151.019,-0.073,1.515,1.089
3151.130,-0.074,1.525,1.092
3151.241,-0.077,1.533,1.096
3151.352,-0.081,1.536,1.099
3151.463,-0.085,1.539,1.103
3151.574,-0.087,1.541,1.104
3151.685,-0.088,1.540,1.105
3151.797,-0.089,1.541,1.101
3151.909,-0.090,1.540,1.095
3152.019,-0.088,1.537,1.092
3152.130,-0.086,1.538,1.091
3152.241,-0.085,1.538,1.090
3152.352,-0.079,1.533,1.090
3152.464,-0.065,1.527,1.094
3152.574,-0.052,1.523,1.103
3152.686,-0.041,1.518,1.113
3152.796,-0.032,1.513,1.120
3152.908,-0.024,1.510,1.125
3153.019,-0.019,1.508,1.128
3153.130,-0.019,1.507,1.130
3153.241,-0.022,1.509,1.131
3153.352,-0.026,1.510,1.130
3153.466,-0.029,1.512,1.128
3153.574,-0.030,1.511,1.125
3153.686,-0.034,1.511,1.122
3153.796,-0.040,1.512,1.116
3153.907,-0.050,1.513,1.101
3154.019,-0.067,1.512,1.079
3154.130,-0.092,1.509,1.055
3154.241,-0.121,1.506,1.038
3154.352,-0.150,1.503,1.029
3154.463,-0.175,1.505,1.023
3154.574,-0.196,1.509,1.020
3154.685,-0.207,1.509,1.017
3154.796,-0.209,1.507,1.014
3154.908,-0.204,1.506,1.008
3155.019,-0.194,1.504,1.000
3155.129,-0.181,1.502,0.989
3155.240,-0.165,1.500,0.974
3155.352,-0.147,1.497,0.952
3155.463,-0.128,1.493,0.922
3155.573,-0.103,1.491,0.884
3155.685,-0.072,1.496,0.838
3155.796,-0.042,1.497,0.794
3155.907,-0.016,1.500,0.754
3156.018,0.005,1.502,0.721
3156.129,0.021,1.503,0.697
3156.240,0.033,1.502,0.683
3156.352,0.041,1.502,0.676
3156.463,0.047,1.501,0.673
3156.574,0.049,1.501,0.671
3156.685,0.050,1.498,0.670
3156.796,0.051,1.495,0.671
3156.907,0.052,1.494,0.675
3157.019,0.052,1.494,0.678
3157.130,0.051,1.494,0.681
3157.241,0.049,1.493,0.683
3157.352,0.048,1.494,0.684
3157.463,0.050,1.494,0.684
3157.574,0.051,1.493,0.684
3157.685,0.054,1.493,0.685
3157.797,0.057,1.493,0.685
3157.907,0.059,1.494,0.686
3158.019,0.060,1.494,0.686
3158.130,0.060,1.493,0.685
3158.241,0.061,1.492,0.684
3158.352,0.060,1.491,0.684
3158.463,0.059,1.491,0.684
3158.574,0.054,1.490,0.686
3158.685,0.046,1.490,0.686
3158.797,0.031,1.488,0.685
3158.907,0.008,1.488,0.682
3159.018,-0.022,1.487,0.680
3159.129,-0.056,1.487,0.679
3159.240,-0.094,1.490,0.679
3159.352,-0.133,1.492,0.679
3159.462,-0.171,1.493,0.681
3159.573,-0.205,1.492,0.683
3159.685,-0.232,1.492,0.683
3159.795,-0.252,1.492,0.683
3159.907,-0.265,1.493,0.684
3160.019,-0.273,1.492,0.686
3160.129,-0.277,1.490,0.686
3160.240,-0.275,1.491,0.685
3160.352,-0.270,1.491,0.683
3160.462,-0.262,1.495,0.681
3160.574,-0.251,1.502,0.679
3160.685,-0.240,1.503,0.676
3160.795,-0.231,1.502,0.673
3160.908,-0.223,1.502,0.670
3161.018,-0.215,1.500,0.669
3161.129,-0.210,1.501,0.669
3161.240,-0.205,1.501,0.669
3161.352,-0.201,1.500,0.668
3161.462,-0.199,1.499,0.666
3161.574,-0.197,1.499,0.664
3161.685,-0.195,1.499,0.662
3161.796,-0.193,1.498,0.660
3161.907,-0.192,1.498,0.658
3162.018,-0.191,1.497,0.656
3162.129,-0.191,1.497,0.655
3162.241,-0.189,1.496,0.654
3162.352,-0.189,1.496,0.653
3162.462,-0.187,1.497,0.653
3162.574,-0.186,1.498,0.654
3162.685,-0.186,1.498,0.654
3162.796,-0.188,1.499,0.653
3162.907,-0.191,1.499,0.652
3163.019,-0.194,1.501,0.649
3163.129,-0.199,1.501,0.643
3163.240,-0.208,1.500,0.638
3163.352,-0.228,1.496,0.634
3163.463,-0.260,1.492,0.634
3163.574,-0.304,1.485,0.635
3163.685,-0.359,1.479,0.640
3163.796,-0.416,1.479,0.646
3163.907,-0.465,1.479,0.651
3164.017,-0.503,1.480,0.654
3164.128,-0.533,1.479,0.656
3164.240,-0.554,1.478,0.658
3164.352,-0.565,1.479,0.659
3164.463,-0.570,1.482,0.657
3164.573,-0.569,1.483,0.654
3164.685,-0.565,1.489,0.653
3164.796,-0.560,1.493,0.651
3164.907,-0.551,1.493,0.651
3165.019,-0.543,1.495,0.650
3165.130,-0.537,1.496,0.649
3165.241,-0.532,1.496,0.648
3165.352,-0.529,1.496,0.647
3165.463,-0.526,1.496,0.645
3165.573,-0.523,1.498,0.640
3165.685,-0.522,1.497,0.633
3165.796,-0.529,1.495,0.626
3165.907,-0.548,1.493,0.623
3166.018,-0.577,1.491,0.622
3166.129,-0.618,1.487,0.623
3166.240,-0.669,1.485,0.624
3166.352,-0.727,1.485,0.626
3166.463,-0.779,1.479,0.630
3166.574,-0.820,1.480,0.632
3166.685,-0.848,1.479,0.634
3166.796,-0.866,1.478,0.634
3166.907,-0.877,1.479,0.635
3167.018,-0.881,1.479,0.633
3167.129,-0.882,1.479,0.631
3167.240,-0.879,1.478,0.628
3167.352,-0.875,1.479,0.626
3167.463,-0.868,1.481,0.626
3167.574,-0.862,1.482,0.626
3167.685,-0.857,1.483,0.627
3167.796,-0.853,1.483,0.627
3167.907,-0.850,1.483,0.627
3168.018,-0.847,1.484,0.628
3168.129,-0.844,1.484,0.627
3168.241,-0.842,1.483,0.627
3168.352,-0.841,1.483,0.627
3168.463,-0.840,1.483,0.627
3168.574,-0.839,1.482,0.627
3168.685,-0.840,1.482,0.627
3168.796,-0.841,1.481,0.627
3168.907,-0.840,1.482,0.628
3169.018,-0.840,1.484,0.629
3169.129,-0.842,1.485,0.629
3169.240,-0.844,1.486,0.629
3169.352,-0.845,1.486,0.629
3169.463,-0.844,1.486,0.628
3169.573,-0.843,1.486,0.627
3169.685,-0.842,1.486,0.625
3169.796,-0.841,1.486,0.624
3169.907,-0.840,1.486,0.624
3170.018,-0.840,1.487,0.623
3170.129,-0.841,1.487,0.622
3170.240,-0.841,1.487,0.621
3170.352,-0.841,1.488,0.620
3170.462,-0.841,1.488,0.619
3170.573,-0.841,1.488,0.618
3170.685,-0.840,1.488,0.618
3170.795,-0.840,1.489,0.618
3170.907,-0.838,1.489,0.617
3171.018,-0.836,1.489,0.616
3171.129,-0.834,1.489,0.615
3171.240,-0.833,1.489,0.614
3171.351,-0.832,1.490,0.612
3171.462,-0.831,1.490,0.611
3171.574,-0.830,1.490,0.609
3171.685,-0.828,1.490,0.608
3171.796,-0.826,1.490,0.606
3171.907,-0.823,1.490,0.604
3172.018,-0.820,1.491,0.601
3172.129,-0.817,1.491,0.598
3172.240,-0.814,1.492,0.595
3172.352,-0.818,1.494,0.590
3172.462,-0.834,1.495,0.586
3172.573,-0.869,1.495,0.583
3172.685,-0.916,1.490,0.585
3172.796,-0.974,1.485,0.593
3172.907,-1.036,1.484,0.602
3173.018,-1.090,1.485,0.612
3173.129,-1.134,1.490,0.621
3173.240,-1.166,1.490,0.627
3173.352,-1.186,1.490,0.631
3173.463,-1.198,1.489,0.634
3173.573,-1.205,1.488,0.635
3173.685,-1.206,1.487,0.634
3173.796,-1.202,1.486,0.632
3173.907,-1.194,1.484,0.630
3174.019,-1.185,1.485,0.631
3174.129,-1.174,1.485,0.631
3174.240,-1.165,1.486,0.630
3174.351,-1.158,1.486,0.629
3174.462,-1.153,1.486,0.627
3174.574,-1.150,1.487,0.625
3174.685,-1.147,1.488,0.624
3174.796,-1.145,1.490,0.622
3174.907,-1.144,1.490,0.621
3175.018,-1.144,1.490,0.620
3175.129,-1.143,1.491,0.620
3175.240,-1.142,1.491,0.621
3175.352,-1.140,1.490,0.622
3175.463,-1.141,1.490,0.623
3175.574,-1.141,1.489,0.624
3175.685,-1.141,1.489,0.625
3175.796,-1.141,1.489,0.626
3175.907,-1.141,1.490,0.629
3176.019,-1.141,1.492,0.631
3176.129,-1.143,1.494,0.633
3176.241,-1.148,1.494,0.633
3176.352,-1.155,1.496,0.631
3176.463,-1.167,1.495,0.628
3176.574,-1.182,1.494,0.627
3176.685,-1.196,1.492,0.628
3176.796,-1.212,1.493,0.630
3176.907,-1.226,1.493,0.632
3177.019,-1.239,1.494,0.632
3177.130,-1.249,1.494,0.630
3177.241,-1.256,1.494,0.627
3177.352,-1.260,1.494,0.623
3177.463,-1.260,1.494,0.618
3177.574,-1.257,1.494,0.614
3177.685,-1.254,1.495,0.612
3177.796,-1.251,1.495,0.609
3177.907,-1.249,1.494,0.608
3178.018,-1.246,1.494,0.606
3178.130,-1.242,1.493,0.605
3178.241,-1.240,1.493,0.605
3178.352,-1.238,1.493,0.607
3178.463,-1.237,1.494,0.609
3178.574,-1.237,1.494,0.611
3178.685,-1.237,1.493,0.611
3178.796,-1.236,1.493,0.611
3178.907,-1.234,1.493,0.611
3179.019,-1.232,1.494,0.612
3179.129,-1.231,1.495,0.614
3179.240,-1.232,1.494,0.616
3179.352,-1.232,1.494,0.617
3179.463,-1.233,1.495,0.618
3179.574,-1.233,1.495,0.619
3179.685,-1.235,1.494,0.618
3179.796,-1.239,1.492,0.618
3179.907,-1.243,1.487,0.617
3180.019,-1.244,1.484,0.616
3180.129,-1.236,1.482,0.615
3180.241,-1.219,1.480,0.617
3180.352,-1.199,1.478,0.625
3180.463,-1.181,1.471,0.638
3180.574,-1.167,1.470,0.653
3180.685,-1.161,1.468,0.661
3180.796,-1.158,1.468,0.667
3180.907,-1.157,1.468,0.670
3181.018,-1.156,1.468,0.673
3181.129,-1.152,1.468,0.677
3181.241,-1.148,1.469,0.681
3181.352,-1.143,1.469,0.685
3181.463,-1.141,1.469,0.686
3181.574,-1.143,1.467,0.685
3181.685,-1.152,1.464,0.683
3181.796,-1.165,1.462,0.680
3181.907,-1.178,1.460,0.679
3182.018,-1.187,1.459,0.680
3182.129,-1.191,1.459,0.681
3182.241,-1.193,1.460,0.683
3182.352,-1.194,1.460,0.685
3182.463,-1.193,1.461,0.686
3182.574,-1.192,1.461,0.688
3182.685,-1.188,1.461,0.688
3182.796,-1.180,1.460,0.693
3182.907,-1.170,1.462,0.700
3183.019,-1.157,1.463,0.710
3183.130,-1.135,1.465,0.722
3183.241,-1.100,1.467,0.740
3183.352,-1.052,1.468,0.766
3183.463,-0.993,1.472,0.800
3183.574,-0.932,1.475,0.839
3183.685,-0.877,1.477,0.880
3183.796,-0.831,1.481,0.917
3183.908,-0.794,1.487,0.955
3184.019,-0.768,1.492,0.985
3184.130,-0.750,1.494,1.003
3184.283,-0.728,1.496,1.011
3184.394,-0.710,1.502,1.007
3184.505,-0.690,1.515,0.996
3184.616,-0.667,1.525,0.975
3184.728,-0.638,1.533,0.942
3184.839,-0.610,1.531,0.906
3184.950,-0.589,1.528,0.873
3185.061,-0.577,1.527,0.853
3185.172,-0.566,1.523,0.848
3185.283,-0.545,1.521,0.859
3185.394,-0.510,1.518,0.883
3185.505,-0.465,1.519,0.906
3185.617,-0.419,1.522,0.921
3185.728,-0.380,1.531,0.929
3185.839,-0.347,1.536,0.934
3185.950,-0.321,1.540,0.933
3186.061,-0.298,1.546,0.927
3186.173,-0.277,1.547,0.913
3186.283,-0.256,1.545,0.892
3186.394,-0.227,1.539,0.882
3186.505,-0.204,1.532,0.890
3186.616,-0.197,1.521,0.907
3186.727,-0.197,1.514,0.919
3186.839,-0.194,1.512,0.925
3186.950,-0.185,1.507,0.931
3187.061,-0.171,1.502,0.936
3187.172,-0.153,1.498,0.942
3187.283,-0.129,1.495,0.949
3187.394,-0.102,1.497,0.963
3187.505,-0.068,1.498,0.984
3187.616,-0.036,1.497,1.007
3187.727,-0.009,1.497,1.027
3187.838,0.013,1.498,1.044
3187.949,0.031,1.500,1.060
3188.060,0.049,1.500,1.073
3188.172,0.067,1.499,1.084
3188.283,0.087,1.495,1.092
3188.394,0.110,1.494,1.093
3188.505,0.136,1.499,1.091
3188.616,0.163,1.498,1.089
3188.727,0.187,1.496,1.086
3188.838,0.206,1.495,1.083
3188.950,0.221,1.494,1.079
3189.061,0.231,1.494,1.077
3189.171,0.238,1.493,1.076
3189.282,0.241,1.494,1.075
3189.394,0.242,1.493,1.072
3189.505,0.243,1.493,1.069
3189.615,0.245,1.492,1.066
3189.727,0.242,1.492,1.060
3189.838,0.229,1.496,1.053
3189.949,0.203,1.502,1.038
3190.061,0.170,1.508,1.013
3190.172,0.135,1.515,0.979
3190.282,0.101,1.521,0.938
3190.394,0.069,1.523,0.896
3190.505,0.038,1.523,0.859
3190.616,0.010,1.524,0.825
3190.727,-0.012,1.527,0.800
3190.838,-0.026,1.525,0.786
3190.949,-0.032,1.524,0.781
3191.061,-0.035,1.525,0.781
3191.172,-0.040,1.526,0.783
3191.282,-0.043,1.523,0.793
3191.394,-0.039,1.516,0.811
3191.505,-0.029,1.510,0.829
3191.616,-0.013,1.507,0.844
3191.727,0.006,1.505,0.855
3191.838,0.023,1.504,0.866
3191.949,0.037,1.505,0.877
3192.061,0.047,1.506,0.889
3192.172,0.052,1.507,0.901
3192.283,0.054,1.513,0.911
3192.394,0.052,1.528,0.915
3192.505,0.042,1.545,0.912
3192.617,0.028,1.557,0.901
3192.727,0.009,1.565,0.891
3192.839,-0.016,1.569,0.886
3192.949,-0.044,1.569,0.891
3193.061,-0.074,1.566,0.898
3193.172,-0.102,1.556,0.899
3193.283,-0.132,1.544,0.889
3193.394,-0.169,1.532,0.871
3193.506,-0.207,1.525,0.856
3193.617,-0.228,1.523,0.848
3193.728,-0.228,1.525,0.840
3193.839,-0.214,1.524,0.832
3193.950,-0.187,1.524,0.834
3194.061,-0.155,1.523,0.852
3194.172,-0.134,1.520,0.874
3194.283,-0.120,1.519,0.887
3194.394,-0.108,1.519,0.890
3194.505,-0.097,1.518,0.889
3194.617,-0.087,1.517,0.884
3194.728,-0.075,1.511,0.879
3194.839,-0.058,1.509,0.880
3194.949,-0.036,1.508,0.889
3195.061,-0.014,1.504,0.907
3195.172,0.006,1.508,0.930
3195.283,0.026,1.509,0.953
3195.394,0.045,1.507,0.972
3195.505,0.062,1.507,0.985
3195.616,0.077,1.506,0.995
3195.727,0.092,1.506,1.001
3195.838,0.102,1.504,1.003
3195.949,0.102,1.502,0.999
3196.061,0.092,1.500,0.988
3196.172,0.077,1.498,0.973
3196.283,0.062,1.497,0.959
3196.394,0.046,1.490,0.947
3196.505,0.033,1.481,0.937
3196.616,0.024,1.477,0.929
3196.727,0.017,1.474,0.924
3196.839,0.013,1.472,0.919
3196.950,0.010,1.472,0.918
3197.061,0.011,1.476,0.918
3197.172,0.014,1.478,0.921
3197.283,0.017,1.478,0.924
3197.394,0.019,1.479,0.923
3197.505,0.022,1.479,0.922
3197.616,0.025,1.477,0.922
3197.727,0.029,1.477,0.922
3197.839,0.031,1.477,0.924
3197.951,0.033,1.475,0.925
3198.061,0.035,1.473,0.926
3198.172,0.037,1.472,0.927
3198.283,0.040,1.471,0.927
3198.394,0.041,1.470,0.928
3198.505,0.041,1.472,0.930
3198.616,0.044,1.474,0.931
3198.727,0.038,1.471,0.930
3198.838,0.032,1.469,0.929
3198.949,0.029,1.469,0.930
3199.061,0.026,1.468,0.934
3199.172,0.029,1.468,0.932
3199.283,0.026,1.466,0.929
3199.394,0.026,1.465,0.928
3199.505,0.019,1.460,0.931
3199.616,0.026,1.453,0.932
3199.727,0.032,1.448,0.941
3199.836,0.040,1.436,0.947
3199.948,0.044,1.409,0.944
3200.059,0.048,1.352,0.938
3200.170,0.073,1.264,0.932
3200.281,0.100,1.197,0.934
3200.392,0.106,1.183,0.945
3200.504,0.111,1.187,0.950
3200.615,0.119,1.190,0.957
3200.725,0.127,1.194,0.967
3200.837,0.135,1.195,0.975
3200.948,0.140,1.192,0.976
3201.060,0.142,1.188,0.975
3201.171,0.142,1.184,0.973
3201.282,0.143,1.183,0.971
3201.393,0.143,1.184,0.972
3201.504,0.142,1.185,0.978
3201.615,0.143,1.186,0.986
3201.727,0.144,1.186,0.993
3201.837,0.141,1.186,1.004
3201.948,0.138,1.186,1.019
3202.059,0.138,1.187,1.033
3202.171,0.139,1.189,1.044
3202.282,0.145,1.190,1.048
3202.393,0.155,1.190,1.045
3202.504,0.169,1.188,1.039
3202.615,0.185,1.185,1.030
3202.726,0.204,1.185,1.021
3202.838,0.226,1.186,1.015
3202.949,0.250,1.188,1.016
3203.060,0.273,1.189,1.026
3203.171,0.296,1.189,1.040
3203.282,0.317,1.187,1.052
3203.393,0.336,1.188,1.060
3203.504,0.359,1.185,1.064
3203.615,0.391,1.176,1.062
3203.727,0.440,1.163,1.053
3203.838,0.503,1.160,1.035
3203.949,0.563,1.161,1.015
3204.060,0.621,1.158,1.010
3204.171,0.666,1.160,1.006
3204.282,0.715,1.164,0.994
3204.393,0.771,1.166,0.974
3204.505,0.832,1.168,0.955
3204.615,0.898,1.172,0.946
3204.727,0.949,1.180,0.932
3204.839,0.981,1.186,0.919
3204.949,1.008,1.192,0.911
3205.061,1.035,1.194,0.904
3205.172,1.070,1.191,0.892
3205.284,1.110,1.186,0.869
3205.395,1.155,1.187,0.840
3205.506,1.202,1.199,0.810
3205.617,1.247,1.203,0.777
3205.728,1.290,1.204,0.752
3205.839,1.311,1.203,0.736
3205.950,1.323,1.196,0.728
3206.061,1.337,1.188,0.724
3206.173,1.353,1.183,0.719
3206.283,1.374,1.185,0.710
3206.395,1.388,1.187,0.705
3206.506,1.404,1.187,0.703
3206.617,1.423,1.187,0.701
3206.728,1.435,1.187,0.706
3206.839,1.440,1.186,0.711
3206.950,1.440,1.183,0.713
3207.062,1.440,1.183,0.710
3207.173,1.437,1.188,0.703
3207.284,1.425,1.193,0.696
3207.395,1.414,1.193,0.687
3207.506,1.410,1.191,0.680
3207.617,1.403,1.189,0.680
3207.728,1.398,1.186,0.679
3207.840,1.398,1.183,0.675
3207.951,1.395,1.183,0.673
3208.062,1.391,1.185,0.672
3208.173,1.389,1.184,0.671
3208.284,1.390,1.183,0.671
3208.395,1.392,1.182,0.671
3208.506,1.396,1.183,0.671
3208.617,1.401,1.183,0.673
3208.728,1.405,1.182,0.674
3208.840,1.410,1.181,0.675
3208.950,1.418,1.180,0.675
3209.062,1.426,1.179,0.675
3209.173,1.436,1.179,0.675
3209.284,1.445,1.180,0.675
3209.395,1.450,1.180,0.676
3209.506,1.451,1.176,0.674
3209.617,1.452,1.172,0.670
3209.728,1.449,1.173,0.666
3209.840,1.442,1.178,0.663
3209.951,1.433,1.180,0.662
3210.062,1.427,1.180,0.660
3210.173,1.422,1.180,0.657
3210.284,1.419,1.181,0.655
3210.395,1.419,1.181,0.655
3210.507,1.421,1.180,0.657
3210.617,1.424,1.180,0.660
3210.728,1.426,1.179,0.663
3210.840,1.427,1.177,0.666
3210.951,1.427,1.173,0.668
3211.061,1.432,1.171,0.666
3211.173,1.439,1.171,0.665
3211.284,1.443,1.173,0.666
3211.395,1.443,1.174,0.669
3211.506,1.440,1.174,0.671
3211.617,1.438,1.175,0.670
3211.728,1.437,1.174,0.668
3211.840,1.437,1.172,0.665
3211.951,1.438,1.171,0.661
3212.062,1.439,1.171,0.657
3212.173,1.437,1.175,0.655
3212.284,1.433,1.178,0.654
3212.395,1.428,1.179,0.654
3212.507,1.421,1.178,0.655
3212.617,1.413,1.176,0.654
3212.728,1.406,1.176,0.652
3212.839,1.400,1.176,0.651
3212.951,1.398,1.175,0.649
3213.061,1.398,1.174,0.649
3213.173,1.398,1.173,0.652
3213.284,1.398,1.173,0.656
3213.395,1.399,1.174,0.658
3213.506,1.400,1.175,0.660
3213.617,1.400,1.175,0.660
3213.728,1.400,1.176,0.660
3213.840,1.401,1.176,0.659
3213.951,1.402,1.177,0.658
3214.062,1.404,1.177,0.659
3214.173,1.405,1.177,0.659
3214.284,1.407,1.177,0.660
3214.395,1.408,1.177,0.660
3214.507,1.409,1.176,0.660
3214.617,1.414,1.174,0.659
3214.798,1.416,1.175,0.662
3215.151,1.461,0.649,-1.545
3215.253,1.460,0.645,-1.553
3215.354,1.459,0.643,-1.559
3215.466,1.458,0.644,-1.562
3215.580,1.457,0.641,-1.565
3215.691,0.001,0.643,0.000
3215.791,0.001,0.642,0.000
3215.902,0.003,0.646,0.000
3216.015,0.012,0.645,0.000
3216.126,0.019,0.643,0.000
3216.237,0.022,0.645,-0.001
3216.362,0.028,0.641,-0.001
3216.472,0.039,0.635,-0.002
3216.582,0.045,0.629,-0.003
3216.684,0.048,0.627,-0.004
3216.791,0.045,0.632,-0.003
3216.904,0.042,0.636,-0.003
3217.015,0.038,0.642,-0.003
3217.126,0.036,0.644,-0.003
3217.238,0.036,0.643,-0.003
3217.348,0.036,0.642,-0.002
3217.460,0.028,0.642,-0.001
3217.571,0.021,0.648,-0.001
3217.682,0.015,0.652,-0.002
3217.793,0.014,0.654,-0.003
3217.905,0.015,0.656,-0.004
3218.016,0.016,0.656,-0.004
3218.127,0.016,0.656,-0.004
3218.238,0.015,0.658,-0.005
3218.349,0.015,0.658,-0.005
3218.461,0.014,0.652,-0.002
3218.572,0.013,0.653,-0.003
3218.682,0.012,0.655,-0.003
3218.794,0.014,0.658,-0.005
3218.905,0.016,0.660,-0.006
3219.016,0.017,0.657,-0.004
3219.128,0.019,0.656,-0.004
3219.238,0.022,0.655,-0.004
3219.350,0.025,0.654,-0.004
3219.461,0.028,0.653,-0.004
3219.572,0.030,0.654,-0.005
3219.683,0.031,0.653,-0.005
3219.794,0.031,0.656,-0.006
3219.906,0.031,0.658,-0.007
3220.016,0.032,0.658,-0.007
3220.128,0.033,0.658,-0.007
3220.239,0.037,0.661,-0.010
3220.349,0.037,0.667,-0.013
3220.461,0.034,0.669,-0.013
3220.572,0.030,0.673,-0.014
3220.681,0.022,0.671,-0.012
3220.793,0.022,0.672,-0.013
3220.904,0.026,0.673,-0.014
3221.015,0.029,0.675,-0.016
3221.126,0.029,0.678,-0.017
3221.237,0.027,0.679,-0.018
3221.349,0.022,0.677,-0.016
3221.460,0.018,0.674,-0.013
3221.571,0.017,0.669,-0.010
3221.682,0.016,0.658,-0.005
3221.794,0.015,0.638,0.002
3221.905,0.018,0.594,0.002
3222.014,0.012,0.543,-0.023
3222.125,0.021,0.531,-0.036
3222.236,0.031,0.561,-0.013
3222.348,0.021,0.593,0.001
3222.459,0.011,0.611,0.004
3222.570,-0.001,0.618,0.003
3222.682,-0.003,0.623,0.003
3222.793,-0.045,0.430,0.111
3222.904,-0.033,0.412,0.102
3223.015,-0.022,0.391,0.094
3223.127,-0.015,0.377,0.089
3223.238,-0.018,0.379,0.095
3223.349,-0.004,0.382,0.076
3223.460,0.007,0.377,0.050
3223.571,0.007,0.370,0.024
3223.682,0.010,0.369,0.006
3223.793,0.022,0.361,-0.003
3223.905,0.022,0.352,-0.004
3224.015,0.025,0.340,-0.007
3224.126,0.023,0.333,-0.007
3224.238,0.024,0.331,-0.002
3224.349,0.021,0.324,0.011
3224.460,0.021,0.318,0.022
3224.571,0.022,0.324,0.031
3224.682,0.021,0.332,0.037
3224.794,0.025,0.333,0.046
3224.905,0.027,0.334,0.045
3225.015,0.013,0.337,0.044
3225.127,0.018,0.337,0.020
3225.238,0.026,0.337,0.003
3225.349,0.017,0.338,0.011
3225.460,0.019,0.339,0.005
3225.571,0.016,0.339,0.012
3225.682,0.019,0.337,0.009
3225.794,0.014,0.335,0.013
3225.905,0.026,0.330,0.015
3226.016,0.015,0.338,0.006
3226.127,0.027,0.335,-0.001
3226.239,0.026,0.327,0.001
3226.349,0.025,0.332,-0.002
3226.460,0.026,0.332,-0.001
3226.572,0.025,0.333,-0.002
3226.682,0.025,0.337,0.002
3226.794,0.026,0.340,0.007
3226.905,0.034,0.356,0.020
3227.016,0.030,0.406,0.047
3227.127,0.009,0.491,0.069
3227.238,0.003,0.591,0.050
3227.349,-0.009,0.698,0.005
3227.461,-0.008,0.732,-0.053
3227.572,0.007,0.715,-0.064
3227.682,0.020,0.706,-0.072
3227.794,0.026,0.700,-0.078
3227.905,0.028,0.700,-0.080
3228.016,0.031,0.704,-0.080
3228.128,0.034,0.705,-0.085
3228.239,0.036,0.707,-0.088
3228.350,0.041,0.707,-0.088
3228.461,0.045,0.710,-0.088
3228.572,0.045,0.713,-0.090
3228.683,0.057,0.716,-0.086
3228.794,0.066,0.716,-0.080
3228.905,0.071,0.720,-0.074
3229.016,0.078,0.728,-0.070
3229.128,0.086,0.738,-0.070
3229.239,0.082,0.747,-0.069
3229.350,-0.012,0.755,0.007
3229.461,-0.019,0.759,0.013
3229.572,-0.023,0.758,0.019
3229.683,-0.026,0.756,0.019
3229.794,-0.033,0.753,0.019
3229.906,-0.039,0.744,0.019
3230.017,-0.041,0.737,0.029
3230.127,-0.040,0.731,0.034
3230.238,-0.037,0.729,0.032
3230.350,-0.032,0.725,0.026
3230.461,-0.026,0.721,0.014
3230.572,-0.021,0.715,0.003
3230.683,-0.020,0.711,-0.005
3230.792,-0.021,0.710,-0.009
3230.903,-0.022,0.710,-0.011
3231.015,-0.022,0.710,-0.012
3231.126,-0.023,0.712,-0.012
3231.237,-0.023,0.712,-0.011
3231.348,-0.022,0.712,-0.009
3231.460,-0.019,0.711,-0.008
3231.570,-0.018,0.711,-0.008
3231.682,-0.017,0.712,-0.008
3231.793,-0.015,0.714,-0.009
3231.904,-0.015,0.717,-0.011
3232.015,-0.014,0.726,-0.012
3232.126,-0.012,0.740,-0.017
3232.235,-0.011,0.747,-0.023
3232.347,-0.009,0.748,-0.026
3232.459,-0.006,0.745,-0.028
3232.570,-0.004,0.741,-0.028
3232.682,-0.001,0.737,-0.028
3232.793,0.001,0.733,-0.027
3232.904,0.003,0.730,-0.026
3233.015,0.003,0.729,-0.026
3233.126,0.004,0.729,-0.025
3233.238,0.004,0.729,-0.024
3233.348,0.003,0.730,-0.024
3233.460,0.001,0.731,-0.023
3233.570,-0.002,0.732,-0.022
3233.682,-0.005,0.735,-0.021
3233.793,-0.007,0.737,-0.021
3233.904,-0.006,0.738,-0.021
3234.015,-0.005,0.739,-0.022
3234.127,-0.005,0.740,-0.023
3234.238,0.000,0.740,0.000
3234.349,0.001,0.740,-0.001
3234.461,0.001,0.741,0.000
3234.571,0.000,0.741,0.003
3234.683,0.001,0.725,0.017
3234.794,-0.002,0.691,0.032
3234.905,-0.007,0.657,0.039
3235.015,-0.012,0.633,0.034
3235.126,-0.015,0.620,0.025
3235.238,-0.014,0.620,0.012
3235.349,-0.010,0.631,-0.007
3235.460,-0.004,0.651,-0.028
3235.571,0.007,0.673,-0.050
3235.682,0.024,0.694,-0.068
3235.793,0.036,0.703,-0.084
3235.905,0.036,0.711,-0.093
3236.016,0.024,0.719,-0.097
3236.126,0.006,0.729,-0.093
3236.238,-0.015,0.733,-0.089
3236.349,-0.036,0.736,-0.080
3236.460,-0.053,0.737,-0.065
3236.571,-0.063,0.738,-0.047
3236.682,-0.066,0.737,-0.029
3236.794,-0.062,0.736,-0.015
3236.905,-0.050,0.741,-0.005
3237.015,0.000,0.000,0.000
3237.126,0.000,0.000,0.000
3237.238,0.000,0.000,0.000
3237.349,0.000,0.000,0.000
3237.461,0.000,0.000,0.000
3237.571,0.000,0.000,0.000
3237.682,0.000,0.000,0.000
3237.792,0.000,0.000,0.000
3237.903,0.000,0.000,0.000
3238.015,0.000,0.000,0.000
3238.126,0.000,0.000,0.000
3238.237,0.000,0.000,0.000
3238.348,0.000,0.000,0.000
3238.460,0.000,0.000,0.000
3238.571,0.000,0.000,0.000
3238.682,0.000,0.000,0.000
3238.793,0.000,0.000,0.000
3238.904,0.000,0.000,0.000
3239.015,0.000,0.000,0.000
3239.126,0.000,0.000,0.000
3239.237,0.000,0.000,0.000
3239.349,0.000,0.000,0.000
3239.459,0.000,0.000,0.000
3239.571,0.000,0.000,0.000
3239.683,0.000,0.000,0.000
3239.793,0.000,0.000,0.000
3239.904,0.000,0.000,0.000
3240.015,0.000,0.000,0.000
3240.126,0.000,0.000,0.000
3240.238,0.000,0.000,0.000
3240.350,0.000,0.000,0.000
3240.461,0.000,0.000,0.000
3240.571,0.000,0.000,0.000
3240.682,0.000,0.000,0.000
3240.793,0.000,0.000,0.000
3240.905,0.000,0.000,0.000
3241.015,0.000,0.000,0.000
3241.127,0.000,0.000,0.000
3241.238,0.000,0.000,0.000
3241.349,0.000,0.000,0.000
3241.460,0.000,0.000,0.000
3241.572,0.000,0.000,0.000
3241.683,0.000,0.000,0.000
3241.793,0.000,0.000,0.000
3241.905,0.000,0.000,0.000
3242.016,0.000,0.000,0.000
3242.127,0.000,0.000,0.000
3242.238,0.000,0.000,0.000
3242.351,0.000,0.000,0.000
3242.461,0.000,0.000,0.000
3242.571,0.000,0.000,0.000
3242.683,0.000,0.000,0.000
3242.793,0.000,0.000,0.000
3242.905,0.000,0.000,0.000
3243.016,0.000,0.000,0.000
3243.127,0.000,0.000,0.000
3243.239,0.000,0.000,0.000
3243.350,0.000,0.000,0.000
3243.460,0.000,0.000,0.000
3243.571,0.000,0.000,0.000
3243.684,0.000,0.000,0.000
3243.793,0.000,0.000,0.000
3243.906,0.000,0.000,0.000
3244.016,0.000,0.000,0.000
3244.127,0.000,0.000,0.000
3244.238,0.000,0.000,0.000
3244.349,0.000,0.000,0.000
3244.461,0.000,0.000,0.000
3244.572,0.000,0.000,0.000
3244.682,0.000,0.000,0.000
3244.793,0.000,0.000,0.000
3244.905,0.000,0.000,0.000
3245.016,0.000,0.000,0.000
3245.127,0.000,0.000,0.000
3245.238,0.000,0.000,0.000
3245.349,0.000,0.000,0.000
3245.460,0.000,0.000,0.000
3245.571,0.000,0.000,0.000
3245.683,0.000,0.000,0.000
3245.794,0.000,0.000,0.000
3245.905,0.000,0.000,0.000
3246.016,0.000,0.000,0.000
3246.127,0.000,0.000,0.000
3246.238,0.000,0.000,0.000
3246.349,0.000,0.000,0.000
3246.460,0.000,0.000,0.000
3246.571,0.000,0.000,0.000
3246.682,0.000,0.000,0.000
3246.794,0.000,0.000,0.000
3246.905,0.000,0.000,0.000
3247.016,0.000,0.000,0.000
3247.127,0.000,0.000,0.000
3247.238,0.000,0.000,0.000
3247.349,0.000,0.000,0.000
3247.460,0.000,0.000,0.000
3247.571,0.000,0.000,0.000
3247.682,0.000,0.000,0.000
3247.794,0.000,0.000,0.000
3247.904,0.000,0.000,0.000
3248.016,0.000,0.000,0.000
3248.127,0.000,0.000,0.000
3248.238,0.000,0.000,0.000
3248.350,0.000,0.000,0.000
3248.460,0.000,0.000,0.000
3248.571,0.000,0.000,0.000
3248.682,0.000,0.000,0.000
3248.794,0.000,0.000,0.000
3248.905,0.000,0.000,0.000
3249.016,0.000,0.000,0.000
3249.127,0.000,0.000,0.000
3249.238,0.000,0.000,0.000
3249.349,0.000,0.000,0.000
3249.460,0.000,0.000,0.000
3249.571,0.000,0.000,0.000
3249.683,0.000,0.000,0.000
3249.794,0.000,0.000,0.000
3249.905,0.000,0.000,0.000
3250.016,0.000,0.000,0.000
3250.127,0.000,0.000,0.000
3250.238,0.000,0.000,0.000
3250.349,0.000,0.000,0.000
3250.461,0.000,0.000,0.000
3250.572,0.000,0.000,0.000
3250.682,0.000,0.000,0.000
3250.793,0.000,0.000,0.000
3250.905,0.000,0.000,0.000
3251.016,0.000,0.000,0.000
3251.126,0.000,0.000,0.000
3251.237,0.000,0.000,0.000
3251.348,0.000,0.000,0.000
3251.459,0.000,0.000,0.000
3251.571,0.000,0.000,0.000
3251.682,0.000,0.000,0.000
3251.793,0.000,0.000,0.000
3251.905,0.000,0.000,0.000
3252.016,0.000,0.000,0.000
3252.127,0.000,0.000,0.000
3252.238,0.000,0.000,0.000
3252.350,0.000,0.000,0.000
3252.461,0.000,0.000,0.000
3252.572,0.000,0.000,0.000
3252.683,0.000,0.000,0.000
3252.794,0.000,0.000,0.000
3252.905,0.000,0.000,0.000
3253.017,0.000,0.000,0.000
3253.127,0.000,0.000,0.000
3253.238,0.000,0.000,0.000
3253.349,0.000,0.000,0.000
3253.461,0.000,0.000,0.000
3253.572,0.000,0.000,0.000
3253.683,0.000,0.000,0.000
3253.794,0.000,0.000,0.000
3253.905,0.000,0.000,0.000
3254.016,0.000,0.000,0.000
3254.128,0.000,0.000,0.000
3254.239,0.000,0.000,0.000
3254.350,0.000,0.000,0.000
3254.461,0.000,0.000,0.000
3254.572,0.000,0.000,0.000
3254.683,0.000,0.000,0.000
3254.794,0.000,0.000,0.000
3254.905,0.000,0.000,0.000
3255.017,0.000,0.000,0.000
3255.128,0.000,0.000,0.000
3255.239,0.000,0.000,0.000
3255.350,0.000,0.000,0.000
3255.461,0.000,0.000,0.000
3255.573,0.000,0.000,0.000
3255.683,0.000,0.000,0.000
3255.794,0.000,0.000,0.000
3255.906,0.000,0.000,0.000
3256.017,0.000,0.000,0.000
3256.128,0.000,0.000,0.000
3256.239,0.000,0.000,0.000
3256.350,0.000,0.000,0.000
3256.461,0.000,0.000,0.000
3256.573,0.000,0.000,0.000
3256.683,0.000,0.000,0.000
3256.795,0.000,0.000,0.000
3256.906,0.000,0.000,0.000
3257.017,0.000,0.000,0.000
3257.127,0.000,0.000,0.000
3257.239,0.000,0.000,0.000
3257.350,0.000,0.000,0.000
3257.461,0.000,0.000,0.000
3257.572,0.000,0.000,0.000
3257.683,0.000,0.000,0.000
3257.794,0.000,0.000,0.000
3257.905,0.000,0.000,0.000
3258.017,0.000,0.000,0.000
3258.127,0.000,0.000,0.000
3258.239,0.000,0.000,0.000
3258.350,0.000,0.000,0.000
3258.461,0.000,0.000,0.000
3258.572,0.000,0.000,0.000
3258.682,0.000,0.000,0.000
3258.794,0.000,0.000,0.000
3258.905,0.000,0.000,0.000
3259.016,0.000,0.000,0.000
3259.127,0.000,0.000,0.000
3259.239,0.000,0.000,0.000
3259.349,0.000,0.000,0.000
3259.460,0.000,0.000,0.000
3259.571,0.000,0.000,0.000
3259.682,0.000,0.000,0.000
3259.793,0.000,0.000,0.000
3259.905,0.000,0.000,0.000
3260.016,0.000,0.000,0.000
3260.127,0.000,0.000,0.000
3260.238,0.000,0.000,0.000
3260.349,0.000,0.000,0.000
3260.461,0.000,0.000,0.000
3260.572,0.000,0.000,0.000
3260.683,0.000,0.000,0.000
3260.796,0.000,0.000,0.000
3260.904,0.059,0.739,-0.086
3261.015,0.063,0.736,-0.084
3261.125,0.064,0.734,-0.082
3261.236,0.065,0.733,-0.079
3261.349,0.068,0.729,-0.077
3261.460,0.071,0.725,-0.075
3261.571,0.073,0.721,-0.074
3261.682,0.074,0.719,-0.072
3261.794,0.075,0.716,-0.070
3261.905,0.075,0.714,-0.070
3262.016,0.076,0.713,-0.070
3262.127,0.077,0.713,-0.071
3262.238,0.075,0.714,-0.073
3262.349,0.074,0.716,-0.075
3262.460,0.071,0.719,-0.078
3262.572,0.069,0.721,-0.081
3262.683,0.067,0.723,-0.083
3262.794,0.066,0.723,-0.085
3262.904,0.065,0.723,-0.087
3263.005,0.000,0.000,0.000
3263.109,0.000,0.000,0.000
3263.221,0.000,0.000,0.000
3263.333,0.000,0.000,0.000
3263.446,0.000,0.000,0.000
3263.558,0.000,0.000,0.000
3263.669,0.000,0.000,0.000
3263.780,0.000,0.000,0.000
3263.891,0.000,0.000,0.000
3264.001,0.000,0.000,0.000
3264.113,0.000,0.000,0.000
3264.224,0.000,0.000,0.000
3264.335,0.000,0.000,0.000
3264.447,0.000,0.000,0.000
3264.558,0.000,0.000,0.000
3264.669,0.000,0.000,0.000
3264.780,0.000,0.000,0.000
3264.890,0.000,0.000,0.000
3265.002,0.000,0.000,0.000
3265.114,0.000,0.000,0.000
3265.225,0.000,0.000,0.000
3265.336,0.000,0.000,0.000
3265.447,0.000,0.000,0.000
3265.558,0.000,0.000,0.000
3265.669,0.000,0.000,0.000
3265.780,0.000,0.000,0.000
3265.891,0.000,0.000,0.000
3266.002,0.000,0.000,0.000
3266.113,0.000,0.000,0.000
3266.225,0.000,0.000,0.000
3266.335,0.000,0.000,0.000
3266.447,0.000,0.000,0.000
3266.558,0.000,0.000,0.000
3266.669,0.000,0.000,0.000
3266.780,0.000,0.000,0.000
3266.891,0.000,0.000,0.000
3267.002,0.000,0.000,0.000
3267.113,0.000,0.000,0.000
3267.225,0.000,0.000,0.000
3267.336,0.000,0.000,0.000
3267.447,0.000,0.000,0.000
3267.558,0.000,0.000,0.000
3267.669,0.000,0.000,0.000
3267.781,0.000,0.000,0.000
3267.891,0.000,0.000,0.000
3268.002,0.000,0.000,0.000
3268.114,0.000,0.000,0.000
3268.225,0.000,0.000,0.000
3268.335,0.000,0.000,0.000
3268.447,0.000,0.000,0.000
3268.557,0.000,0.000,0.000
3268.668,0.000,0.000,0.000
3268.780,0.000,0.000,0.000
3268.891,0.000,0.000,0.000
3269.002,0.000,0.000,0.000
3269.113,0.000,0.000,0.000
3269.224,0.000,0.000,0.000
3269.335,0.000,0.000,0.000
3269.446,0.000,0.000,0.000
3269.558,0.000,0.000,0.000
3269.669,0.000,0.000,0.000
3269.780,0.000,0.000,0.000
3269.891,0.000,0.000,0.000
3270.002,0.000,0.000,0.000
3270.113,0.000,0.000,0.000
3270.225,0.000,0.000,0.000
3270.335,0.000,0.000,0.000
3270.447,0.000,0.000,0.000
3270.558,0.000,0.000,0.000
3270.669,0.000,0.000,0.000
3270.780,0.000,0.000,0.000
3270.891,0.000,0.000,0.000
3271.002,0.000,0.000,0.000
3271.113,0.000,0.000,0.000
3271.225,0.000,0.000,0.000
3271.335,0.000,0.000,0.000
3271.447,0.000,0.000,0.000
3271.558,0.000,0.000,0.000
3271.669,0.000,0.000,0.000
3271.779,0.000,0.000,0.000
3271.891,0.000,0.000,0.000
3272.002,0.000,0.000,0.000
3272.114,0.000,0.000,0.000
3272.225,0.000,0.000,0.000
3272.336,0.000,0.000,0.000
3272.447,0.000,0.000,0.000
3272.558,0.000,0.000,0.000
3272.669,0.000,0.000,0.000
3272.781,0.000,0.000,0.000
3272.891,0.000,0.000,0.000
3273.003,0.000,0.000,0.000
3273.115,0.000,0.000,0.000
3273.225,0.000,0.000,0.000
3273.336,0.000,0.000,0.000
3273.447,0.000,0.000,0.000
3273.559,0.000,0.000,0.000
3273.669,0.000,0.000,0.000
3273.781,0.000,0.000,0.000
3273.892,0.000,0.000,0.000
3274.003,0.000,0.000,0.000
3274.115,0.000,0.000,0.000
3274.225,0.000,0.000,0.000
3274.336,0.000,0.000,0.000
3274.448,0.000,0.000,0.000
3274.558,0.000,0.000,0.000
3274.670,0.000,0.000,0.000
3274.781,0.000,0.000,0.000
3274.892,0.000,0.000,0.000
3275.003,0.000,0.000,0.000
3275.115,0.000,0.000,0.000
3275.226,0.000,0.000,0.000
3275.336,0.000,0.000,0.000
3275.448,0.000,0.000,0.000
3275.558,0.000,0.000,0.000
3275.669,0.000,0.000,0.000
3275.781,0.000,0.000,0.000
3275.892,0.000,0.000,0.000
3276.003,0.000,0.000,0.000
3276.115,0.000,0.000,0.000
3276.225,0.000,0.000,0.000
3276.337,0.000,0.000,0.000
3276.447,0.000,0.000,0.000
3276.558,0.000,0.000,0.000
3276.669,0.000,0.000,0.000
3276.781,0.000,0.000,0.000
3276.891,0.000,0.000,0.000
3277.003,0.000,0.000,0.000
3277.114,0.000,0.000,0.000
3277.225,0.000,0.000,0.000
3277.336,0.000,0.000,0.000
3277.448,0.000,0.000,0.000
3277.558,0.000,0.000,0.000
3277.669,0.000,0.000,0.000
3277.781,0.000,0.000,0.000
3277.892,0.000,0.000,0.000
3278.003,0.000,0.000,0.000
3278.114,0.000,0.000,0.000
3278.225,0.000,0.000,0.000
3278.336,0.000,0.000,0.000
3278.447,0.000,0.000,0.000
3278.558,0.000,0.000,0.000
3278.669,0.000,0.000,0.000
3278.782,0.000,0.000,0.000
3278.891,0.000,0.000,0.000
3279.003,0.000,0.000,0.000
3279.114,0.000,0.000,0.000
3279.225,0.000,0.000,0.000
3279.336,0.000,0.000,0.000
3279.447,0.000,0.000,0.000
3279.558,0.000,0.000,0.000
3279.669,0.000,0.000,0.000
3279.781,0.000,0.000,0.000
3279.892,0.000,0.000,0.000
3280.003,0.000,0.000,0.000
3280.114,0.000,0.000,0.000
3280.225,0.000,0.000,0.000
3280.336,0.000,0.000,0.000
3280.448,0.000,0.000,0.000
3280.558,0.000,0.000,0.000
3280.670,0.000,0.000,0.000
3280.781,0.000,0.000,0.000
3280.891,0.000,0.000,0.000
3281.002,0.000,0.000,0.000
3281.114,0.000,0.000,0.000
3281.225,0.000,0.000,0.000
3281.335,0.000,0.000,0.000
3281.447,0.000,0.000,0.000
3281.557,0.000,0.000,0.000
3281.669,0.000,0.000,0.000
3281.780,0.000,0.000,0.000
3281.890,0.000,0.000,0.000
3282.002,0.000,0.000,0.000
3282.113,0.000,0.000,0.000
3282.223,0.000,0.000,0.000
3282.334,0.000,0.000,0.000
3282.446,0.000,0.000,0.000
3282.554,0.000,0.000,0.000
3282.664,0.000,0.000,0.000
3282.775,0.000,0.000,0.000
3282.877,0.000,0.000,0.000
3282.985,0.000,0.000,0.000
3283.096,0.000,0.000,0.000
3283.207,0.000,0.000,0.000
3283.317,0.000,0.000,0.000
3283.429,0.000,0.000,0.000
3283.539,0.000,0.000,0.000
3283.640,0.000,0.000,0.000
3283.751,0.000,0.000,0.000
3283.863,0.000,0.000,0.000
3283.974,0.000,0.000,0.000
3284.085,0.000,0.000,0.000
3284.196,0.000,0.000,0.000
3284.307,0.000,0.000,0.000
3284.418,0.000,0.000,0.000
3284.530,0.000,0.000,0.000
3284.640,0.000,0.000,0.000
3284.751,0.000,0.000,0.000
3284.863,0.000,0.000,0.000
3284.974,0.000,0.000,0.000
3285.085,0.000,0.000,0.000
3285.196,0.000,0.000,0.000
3285.307,0.000,0.000,0.000
3285.418,0.000,0.000,0.000
3285.529,0.000,0.000,0.000
3285.640,0.000,0.000,0.000
3285.751,0.000,0.000,0.000
3285.863,0.000,0.000,0.000
3285.967,-0.062,1.484,0.083
3286.069,-0.062,1.483,0.084
3286.181,-0.063,1.483,0.084
3286.291,-0.065,1.482,0.084
3286.400,-0.066,1.480,0.087
3286.501,-0.067,1.476,0.090
3286.614,-0.067,1.464,0.094
3286.724,-0.069,1.447,0.099
3286.834,-0.070,1.439,0.102
3286.946,-0.070,1.438,0.103
3287.057,-0.071,1.438,0.102
3287.168,-0.074,1.439,0.102
3287.280,-0.080,1.438,0.105
3287.390,-0.091,1.436,0.114
3287.502,-0.101,1.420,0.139
3287.613,-0.104,1.403,0.180
3287.724,-0.097,1.376,0.238
3287.835,-0.093,1.311,0.309
3287.946,-0.092,1.190,0.381
3288.057,-0.094,1.044,0.435
3288.167,-0.091,0.903,0.479
3288.279,-0.084,0.790,0.505
3288.391,-0.084,0.728,0.518
3288.502,-0.087,0.698,0.532
3288.613,-0.085,0.694,0.542
3288.724,-0.089,0.695,0.551
3288.835,-0.095,0.705,0.554
3288.946,-0.102,0.767,0.555
3289.056,-0.106,0.884,0.546
3289.166,-0.101,1.031,0.515
3289.281,-0.088,1.180,0.460
3289.390,-0.076,1.306,0.387
3289.502,-0.073,1.388,0.308
3289.613,-0.077,1.436,0.238
3289.724,-0.088,1.455,0.177
3289.834,-0.103,1.463,0.127
3289.946,-0.118,1.473,0.090
3290.058,-0.128,1.482,0.065
3290.168,-0.134,1.482,0.052
3290.280,-0.137,1.480,0.045
3290.403,-0.137,1.480,0.040
3290.516,-0.139,1.478,0.034
3290.625,-0.145,1.470,0.035
3290.750,0.000,0.000,0.000
3290.862,0.000,0.000,0.000
3290.973,0.000,0.000,0.000
3291.084,0.000,0.000,0.000
3291.196,0.000,0.000,0.000
3291.308,0.000,0.000,0.000
3291.418,0.000,0.000,0.000
3291.530,0.000,0.000,0.000
3291.641,0.000,0.000,0.000
3291.752,0.000,0.000,0.000
3291.863,0.000,0.000,0.000
3291.975,0.000,0.000,0.000
3292.085,0.000,0.000,0.000
3292.197,0.000,0.000,0.000
3292.308,0.000,0.000,0.000
3292.418,0.000,0.000,0.000
3292.530,0.000,0.000,0.000
3292.641,0.000,0.000,0.000
3292.752,0.000,0.000,0.000
3292.863,0.000,0.000,0.000
3292.975,0.000,0.000,0.000
3293.086,0.000,0.000,0.000
3293.196,0.000,0.000,0.000
3293.308,0.000,0.000,0.000
3293.419,0.000,0.000,0.000
3293.530,0.000,0.000,0.000
3293.642,0.000,0.000,0.000
3293.753,0.000,0.000,0.000
3293.863,0.000,0.000,0.000
3293.975,0.000,0.000,0.000
3294.086,0.000,0.000,0.000
3294.197,0.000,0.000,0.000
3294.308,0.000,0.000,0.000
3294.419,0.000,0.000,0.000
3294.530,0.000,0.000,0.000
3294.641,0.000,0.000,0.000
3294.752,0.000,0.000,0.000
3294.863,0.000,0.000,0.000
3294.974,0.000,0.000,0.000
3295.085,0.000,0.000,0.000
