Timestamp,X,Y,Z
4.107,0.025,1.285,-0.078
4.214,0.026,1.284,-0.078
4.318,0.027,1.284,-0.078
4.419,0.027,1.284,-0.078
4.530,0.027,1.283,-0.078
4.641,0.027,1.283,-0.078
4.753,0.026,1.282,-0.077
4.863,0.022,1.278,-0.073
4.975,0.015,1.272,-0.068
5.086,0.006,1.268,-0.063
5.197,-0.006,1.264,-0.060
5.308,-0.016,1.262,-0.059
5.419,-0.022,1.261,-0.060
5.531,-0.026,1.260,-0.058
5.642,-0.027,1.260,-0.057
5.753,-0.027,1.262,-0.056
5.864,-0.026,1.263,-0.056
5.976,-0.026,1.262,-0.056
6.087,-0.026,1.262,-0.056
6.199,-0.025,1.262,-0.056
6.310,-0.026,1.262,-0.057
6.421,-0.026,1.262,-0.057
6.531,-0.027,1.262,-0.057
6.643,-0.028,1.262,-0.057
6.754,-0.029,1.262,-0.057
6.865,-0.030,1.262,-0.057
6.977,-0.032,1.262,-0.057
7.088,-0.034,1.263,-0.058
7.199,-0.035,1.263,-0.059
7.310,-0.037,1.263,-0.059
7.421,-0.039,1.264,-0.060
7.533,-0.041,1.264,-0.062
7.643,-0.041,1.264,-0.063
7.754,-0.041,1.264,-0.064
7.866,-0.041,1.264,-0.065
7.977,-0.041,1.264,-0.066
8.088,-0.041,1.265,-0.067
8.199,-0.040,1.265,-0.068
8.311,-0.040,1.265,-0.068
8.422,-0.040,1.265,-0.068
8.532,-0.040,1.264,-0.068
8.644,-0.040,1.264,-0.068
8.755,-0.038,1.266,-0.067
8.867,-0.032,1.270,-0.068
8.978,-0.024,1.276,-0.067
9.089,-0.020,1.279,-0.067
9.200,-0.024,1.281,-0.070
9.311,-0.032,1.283,-0.074
9.422,-0.039,1.283,-0.079
9.534,-0.042,1.283,-0.082
9.644,-0.046,1.284,-0.087
9.756,-0.052,1.285,-0.091
9.867,-0.057,1.286,-0.095
9.978,-0.059,1.287,-0.097
10.089,-0.061,1.284,-0.099
10.201,-0.061,1.283,-0.099
10.311,-0.060,1.283,-0.100
10.423,-0.056,1.282,-0.102
10.534,-0.053,1.281,-0.100
10.645,-0.051,1.279,-0.098
10.756,-0.051,1.278,-0.096
10.867,-0.051,1.278,-0.095
10.979,-0.052,1.277,-0.095
11.090,-0.052,1.277,-0.096
11.201,-0.053,1.278,-0.097
11.312,-0.054,1.278,-0.098
11.423,-0.056,1.278,-0.098
11.534,-0.057,1.278,-0.098
11.646,-0.058,1.277,-0.098
11.757,-0.059,1.276,-0.098
11.868,-0.060,1.276,-0.097
11.979,-0.060,1.274,-0.096
12.089,-0.062,1.274,-0.095
12.201,-0.063,1.275,-0.095
12.312,-0.063,1.274,-0.095
12.423,-0.062,1.272,-0.095
12.535,-0.064,1.271,-0.095
12.646,-0.068,1.271,-0.091
12.757,-0.076,1.271,-0.074
12.868,-0.086,1.270,-0.041
12.979,-0.099,1.273,0.004
13.091,-0.118,1.286,0.053
13.202,-0.139,1.323,0.091
13.314,-0.162,1.388,0.107
13.425,-0.187,1.462,0.113
13.537,-0.208,1.536,0.110
13.647,-0.221,1.586,0.103
13.759,-0.231,1.613,0.105
13.869,-0.242,1.621,0.111
13.981,-0.254,1.621,0.125
14.091,-0.271,1.620,0.147
14.203,-0.284,1.611,0.170
14.313,-0.291,1.593,0.187
14.425,-0.294,1.577,0.200
14.537,-0.291,1.571,0.208
14.648,-0.286,1.570,0.214
14.759,-0.289,1.576,0.221
14.870,-0.293,1.581,0.223
14.982,-0.302,1.584,0.225
15.093,-0.318,1.580,0.227
15.204,-0.334,1.572,0.223
15.315,-0.354,1.566,0.224
15.426,-0.364,1.559,0.228
15.537,-0.372,1.551,0.253
15.648,-0.389,1.535,0.293
15.759,-0.415,1.491,0.333
15.870,-0.435,1.429,0.360
15.981,-0.469,1.347,0.395
16.092,-0.505,1.242,0.440
16.203,-0.536,1.128,0.475
16.314,-0.563,1.019,0.494
16.425,-0.581,0.928,0.502
16.537,-0.594,0.868,0.503
16.648,-0.602,0.843,0.503
16.759,-0.610,0.847,0.506
16.870,-0.611,0.849,0.504
16.981,-0.608,0.846,0.501
17.093,-0.608,0.859,0.496
17.203,-0.610,0.918,0.488
17.315,-0.616,1.030,0.475
17.426,-0.618,1.165,0.457
17.536,-0.604,1.310,0.441
17.647,-0.576,1.444,0.417
17.758,-0.544,1.535,0.384
17.870,-0.511,1.578,0.345
17.981,-0.489,1.601,0.302
18.092,-0.470,1.620,0.266
18.203,-0.456,1.630,0.240
18.314,-0.442,1.635,0.226
18.426,-0.433,1.640,0.223
18.537,-0.423,1.644,0.228
18.648,-0.414,1.644,0.236
18.759,-0.409,1.642,0.246
18.870,-0.408,1.641,0.256
18.981,-0.409,1.642,0.264
19.092,-0.410,1.642,0.270
19.204,-0.411,1.643,0.275
19.315,-0.413,1.642,0.279
19.426,-0.415,1.643,0.282
19.537,-0.418,1.644,0.283
19.648,-0.417,1.646,0.282
19.759,-0.413,1.646,0.282
19.871,-0.408,1.646,0.282
19.981,-0.403,1.646,0.281
20.091,-0.399,1.646,0.282
20.202,-0.395,1.645,0.282
20.314,-0.392,1.645,0.283
20.424,-0.390,1.645,0.283
20.536,-0.388,1.645,0.283
20.647,-0.387,1.645,0.283
20.759,-0.387,1.645,0.283
20.869,-0.389,1.647,0.284
20.979,-0.390,1.648,0.284
21.091,-0.391,1.648,0.284
21.203,-0.391,1.648,0.284
21.313,-0.392,1.648,0.283
21.425,-0.392,1.649,0.283
21.536,-0.392,1.649,0.281
21.647,-0.393,1.648,0.281
21.758,-0.393,1.646,0.280
21.869,-0.001,1.646,0.001
21.981,-0.002,1.645,0.002
22.091,-0.002,1.643,0.005
22.204,-0.001,1.416,0.009
22.315,-0.001,1.411,0.016
22.425,-0.004,1.406,0.025
22.537,-0.009,1.398,0.038
22.648,-0.018,1.387,0.052
22.759,-0.032,1.374,0.068
22.871,-0.048,1.361,0.086
22.982,-0.063,1.350,0.108
23.093,-0.068,1.340,0.134
23.204,-0.061,1.331,0.166
23.315,-0.044,1.322,0.203
23.426,-0.019,1.319,0.243
23.537,0.000,1.317,0.281
23.649,0.008,1.309,0.314
23.759,0.007,1.277,0.342
23.871,-0.002,1.201,0.368
23.981,-0.011,1.080,0.394
24.092,-0.018,0.944,0.418
24.204,-0.021,0.825,0.432
24.315,-0.019,0.738,0.435
24.426,-0.017,0.686,0.434
24.537,-0.015,0.661,0.434
24.648,-0.013,0.651,0.433
24.759,-0.011,0.653,0.427
24.870,-0.013,0.657,0.420
24.982,-0.017,0.656,0.419
25.093,-0.025,0.647,0.421
25.204,-0.033,0.635,0.425
25.315,-0.045,0.630,0.430
25.427,-0.056,0.637,0.433
25.538,-0.063,0.677,0.433
25.649,-0.070,0.767,0.431
25.760,-0.076,0.884,0.419
25.872,-0.078,1.005,0.403
25.982,-0.074,1.118,0.385
26.093,-0.068,1.228,0.357
26.204,-0.060,1.316,0.314
26.315,-0.046,1.361,0.267
26.426,-0.036,1.381,0.229
26.538,-0.035,1.394,0.199
26.649,-0.042,1.400,0.179
26.760,-0.053,1.405,0.163
26.871,-0.064,1.409,0.152
26.982,-0.070,1.409,0.146
27.093,-0.075,1.406,0.145
27.204,-0.085,1.402,0.153
27.315,-0.092,1.395,0.168
27.426,-0.093,1.387,0.187
27.537,-0.093,1.389,0.209
27.648,-0.089,1.390,0.228
27.759,-0.080,1.389,0.245
27.871,-0.068,1.383,0.267
27.982,-0.056,1.370,0.296
28.093,-0.048,1.361,0.322
28.205,-0.043,1.361,0.343
28.316,-0.042,1.358,0.362
28.427,-0.047,1.342,0.385
28.538,-0.057,1.297,0.409
28.649,-0.069,1.211,0.427
28.760,-0.079,1.095,0.443
28.872,-0.087,0.974,0.457
28.982,-0.095,0.868,0.464
29.093,-0.099,0.794,0.469
29.204,-0.102,0.738,0.481
29.316,-0.102,0.698,0.497
29.426,-0.089,0.680,0.504
29.538,-0.075,0.680,0.504
29.649,-0.060,0.673,0.509
29.760,-0.041,0.653,0.517
29.871,-0.028,0.651,0.513
29.982,-0.031,0.654,0.511
30.093,-0.043,0.645,0.516
30.205,-0.054,0.630,0.525
30.315,-0.060,0.621,0.533
30.426,-0.067,0.614,0.548
30.538,-0.070,0.613,0.558
30.649,-0.071,0.614,0.566
30.760,-0.071,0.613,0.569
30.871,-0.072,0.614,0.567
30.982,-0.078,0.621,0.555
31.093,-0.088,0.624,0.543
31.205,-0.097,0.625,0.530
31.315,-0.105,0.627,0.520
31.426,-0.110,0.628,0.512
31.539,-0.114,0.629,0.505
31.649,-0.115,0.632,0.499
31.760,-0.117,0.634,0.494
31.871,-0.121,0.635,0.489
31.982,-0.126,0.638,0.484
32.094,-0.134,0.641,0.478
32.204,-0.143,0.644,0.472
32.315,-0.151,0.646,0.466
32.427,-0.158,0.646,0.461
32.538,-0.165,0.645,0.458
32.649,-0.170,0.639,0.457
32.760,-0.172,0.631,0.459
32.871,-0.173,0.631,0.461
32.982,-0.173,0.631,0.464
33.093,-0.171,0.629,0.467
33.205,-0.169,0.629,0.468
33.315,-0.166,0.628,0.468
33.427,-0.165,0.628,0.466
33.538,-0.165,0.628,0.463
33.648,-0.163,0.630,0.458
33.760,-0.162,0.633,0.452
33.871,-0.162,0.633,0.449
33.982,-0.162,0.633,0.450
34.093,-0.162,0.630,0.453
34.204,-0.160,0.626,0.458
34.316,-0.159,0.626,0.461
34.426,-0.158,0.628,0.463
34.538,-0.156,0.629,0.462
34.648,-0.154,0.629,0.461
34.760,-0.151,0.630,0.459
34.871,-0.150,0.633,0.455
34.982,-0.151,0.633,0.452
35.094,-0.150,0.635,0.452
35.205,-0.151,0.634,0.453
35.316,-0.150,0.631,0.456
35.427,-0.149,0.628,0.458
35.539,-0.146,0.633,0.459
35.649,-0.146,0.655,0.453
35.760,-0.147,0.711,0.442
35.871,-0.152,0.803,0.433
35.983,-0.150,0.919,0.416
36.094,-0.143,1.050,0.388
36.204,-0.134,1.186,0.345
36.315,-0.122,1.300,0.298
36.427,-0.101,1.365,0.263
36.538,-0.085,1.383,0.242
36.649,-0.074,1.395,0.227
36.760,-0.062,1.410,0.213
36.870,-0.051,1.417,0.204
36.982,-0.040,1.419,0.200
37.093,-0.033,1.423,0.199
37.205,-0.030,1.425,0.204
37.315,-0.030,1.422,0.215
37.426,-0.029,1.419,0.228
37.537,-0.025,1.414,0.240
37.648,-0.018,1.410,0.251
37.759,-0.011,1.409,0.258
37.871,0.000,1.406,0.262
37.982,0.016,1.406,0.267
38.093,0.029,1.405,0.267
38.205,0.037,1.402,0.264
38.316,0.042,1.401,0.260
38.427,0.044,1.400,0.257
38.538,0.045,1.402,0.256
38.649,0.042,1.402,0.256
38.760,0.036,1.402,0.257
38.871,0.031,1.403,0.258
38.983,0.025,1.403,0.259
39.094,0.020,1.403,0.261
39.206,0.016,1.400,0.264
39.315,0.013,1.397,0.268
39.427,0.009,1.392,0.273
39.533,0.005,1.388,0.278
39.646,0.004,1.385,0.277
39.758,0.000,1.385,0.276
39.869,-0.009,1.385,0.277
39.979,-0.021,1.389,0.277
40.091,-0.036,1.390,0.276
40.202,-0.046,1.386,0.268
40.313,-0.052,1.385,0.262
40.425,-0.055,1.391,0.265
40.536,-0.053,1.402,0.274
40.647,-0.046,1.408,0.280
40.758,-0.038,1.407,0.282
40.869,-0.033,1.405,0.285
40.981,-0.033,1.423,0.309
41.092,-0.035,1.438,0.341
41.203,-0.039,1.440,0.381
41.315,-0.040,1.431,0.438
41.425,-0.045,1.422,0.515
41.537,-0.057,1.429,0.605
41.647,-0.076,1.448,0.690
41.758,-0.103,1.458,0.754
41.870,-0.136,1.455,0.804
41.981,-0.180,1.453,0.850
42.093,-0.235,1.446,0.896
42.204,-0.298,1.432,0.934
42.315,-0.356,1.435,0.969
42.426,-0.397,1.441,1.007
42.537,-0.429,1.433,1.040
42.648,-0.456,1.423,1.083
42.759,-0.474,1.415,1.145
42.870,-0.485,1.412,1.215
42.982,-0.506,1.410,1.275
43.092,-0.541,1.408,1.324
43.204,-0.582,1.396,1.354
43.315,-0.624,1.379,1.370
43.426,-0.663,1.364,1.385
43.539,-0.694,1.346,1.395
43.651,-0.716,1.336,1.400
43.762,-0.727,1.330,1.403
43.873,-0.724,1.328,1.399
43.984,-0.711,1.338,1.393
44.095,-0.688,1.361,1.379
44.205,-0.659,1.377,1.358
44.315,-0.633,1.382,1.341
44.426,-0.612,1.382,1.330
44.537,-0.610,1.389,1.321
44.648,-0.622,1.403,1.302
44.759,-0.638,1.414,1.276
44.870,-0.662,1.430,1.254
44.981,-0.688,1.458,1.227
45.093,-0.705,1.475,1.202
45.204,-0.720,1.475,1.185
45.315,-0.738,1.471,1.170
45.426,-0.760,1.469,1.163
45.538,-0.778,1.467,1.158
45.649,-0.789,1.467,1.155
45.760,-0.797,1.468,1.157
45.871,-0.803,1.466,1.165
45.982,-0.813,1.465,1.183
46.093,-0.831,1.464,1.206
46.203,-0.863,1.450,1.231
46.314,-0.917,1.437,1.260
46.424,-0.996,1.428,1.293
46.536,-1.083,1.414,1.320
46.647,-1.177,1.415,1.341
46.758,-1.271,1.441,1.361
46.870,-1.357,1.460,1.388
46.981,-1.441,1.448,1.420
47.093,-1.537,1.420,1.455
47.205,-1.642,1.404,1.489
47.315,-1.744,1.410,1.511
47.426,-1.838,1.418,1.519
47.537,-1.933,1.407,1.526
47.648,-2.033,1.386,1.525
47.760,-2.126,1.370,1.522
47.871,-2.212,1.374,1.519
47.983,-2.291,1.396,1.520
48.093,-2.365,1.406,1.528
48.205,-2.442,1.397,1.539
48.316,-2.521,1.378,1.551
48.428,-2.597,1.364,1.569
48.540,-2.666,1.354,1.592
48.650,-2.719,1.366,1.609
48.761,-2.760,1.388,1.625
48.872,-2.794,1.395,1.635
48.984,-2.819,1.395,1.637
49.095,-2.836,1.396,1.638
49.205,-2.849,1.396,1.633
49.317,-2.862,1.396,1.627
49.429,-2.871,1.392,1.617
49.540,-2.879,1.389,1.609
49.651,-2.887,1.387,1.602
49.762,-2.891,1.388,1.597
49.873,-2.893,1.388,1.592
49.984,-2.893,1.385,1.588
50.095,-2.896,1.382,1.587
50.207,-2.902,1.378,1.586
50.317,-2.908,1.376,1.585
50.429,-2.911,1.376,1.583
50.540,-2.910,1.375,1.581
50.651,-2.909,1.376,1.578
50.762,-2.909,1.378,1.578
50.873,-2.913,1.377,1.581
50.985,-2.918,1.376,1.585
51.096,-2.923,1.376,1.588
51.207,-2.927,1.375,1.588
51.318,-2.926,1.373,1.586
51.429,-2.925,1.370,1.583
51.540,-2.933,1.367,1.578
51.652,-2.946,1.361,1.571
51.763,-2.956,1.353,1.558
51.874,-2.962,1.351,1.537
51.985,-2.965,1.349,1.520
52.096,-2.970,1.346,1.510
52.207,-2.977,1.344,1.508
52.319,-2.982,1.341,1.509
52.430,-2.985,1.339,1.507
52.541,-2.989,1.340,1.507
52.652,-2.990,1.337,1.506
52.763,-2.989,1.333,1.503
52.874,-2.988,1.334,1.500
52.986,-2.987,1.334,1.502
53.096,-2.986,1.337,1.509
53.207,-2.985,1.343,1.520
53.319,-2.987,1.345,1.531
53.429,-2.991,1.342,1.542
53.540,-2.996,1.339,1.550
53.652,-3.002,1.337,1.555
53.763,-3.008,1.334,1.557
53.873,-3.013,1.330,1.555
53.985,-3.016,1.326,1.554
54.095,-3.017,1.324,1.558
54.206,-3.017,1.322,1.565
54.318,-3.016,1.322,1.572
54.429,-3.015,1.321,1.577
54.540,-3.015,1.321,1.577
54.651,-3.014,1.320,1.574
54.762,-3.014,1.320,1.573
54.873,-3.015,1.319,1.572
54.985,-3.016,1.319,1.572
55.095,-3.016,1.320,1.572
55.206,-3.015,1.320,1.573
55.318,-3.013,1.321,1.573
55.429,-3.014,1.325,1.574
55.540,-3.015,1.326,1.577
55.651,-3.017,1.327,1.579
55.762,-3.018,1.329,1.582
55.873,-3.017,1.332,1.586
55.984,-3.015,1.332,1.588
56.095,-3.015,1.330,1.585
56.206,-3.013,1.327,1.580
56.317,-3.010,1.324,1.577
56.429,-3.009,1.323,1.574
56.540,-3.007,1.327,1.577
56.651,-3.004,1.329,1.578
56.762,-3.006,1.330,1.579
56.873,-3.015,1.330,1.579
56.984,-3.026,1.331,1.579
57.096,-3.032,1.329,1.576
57.208,-3.039,1.329,1.564
57.318,-3.044,1.328,1.551
57.429,-3.041,1.323,1.544
57.540,-3.031,1.319,1.539
57.651,-3.019,1.318,1.534
57.762,-3.009,1.320,1.532
57.874,-3.003,1.321,1.535
57.985,-3.003,1.320,1.544
58.096,-3.007,1.318,1.556
58.207,-3.012,1.316,1.565
58.318,-3.014,1.314,1.570
58.429,-3.014,1.312,1.569
58.540,-3.014,1.310,1.569
58.651,-3.018,1.308,1.570
58.762,-3.023,1.306,1.573
58.873,-3.027,1.305,1.574
58.984,-3.029,1.304,1.573
59.095,-3.030,1.303,1.573
59.206,-3.030,1.301,1.574
59.318,-3.030,1.301,1.574
59.429,-3.029,1.301,1.574
59.540,-3.029,1.301,1.574
59.651,-3.030,1.301,1.575
59.762,-3.032,1.301,1.576
59.873,-3.032,1.302,1.576
59.984,-3.031,1.301,1.576
60.095,-3.030,1.301,1.575
60.206,-3.029,1.303,1.577
60.317,-3.030,1.304,1.580
60.428,-3.030,1.304,1.583
60.540,-3.029,1.306,1.585
60.651,-3.028,1.306,1.583
60.762,-3.027,1.305,1.581
60.873,-3.027,1.307,1.583
60.984,-3.028,1.309,1.588
61.095,-3.025,1.309,1.594
61.206,-3.024,1.308,1.595
61.318,-3.023,1.309,1.593
61.429,-3.020,1.311,1.591
61.540,-3.018,1.310,1.590
61.651,-3.020,1.308,1.591
61.762,-3.022,1.306,1.593
61.873,-3.023,1.304,1.594
61.984,-3.022,1.304,1.593
62.095,-3.022,1.306,1.589
62.207,-3.022,1.307,1.589
62.352,-3.024,1.306,1.592
62.653,-2.961,1.362,1.798
62.757,0.000,1.365,0.000
62.863,-0.001,1.363,0.001
62.968,-0.002,1.363,0.000
63.078,-0.002,1.357,0.003
63.191,-0.003,1.352,0.004
63.303,-0.001,1.349,0.005
63.414,0.001,1.351,0.005
63.525,0.001,1.359,0.002
63.637,-0.002,1.367,-0.002
63.748,-0.004,1.371,-0.004
63.859,-0.005,1.370,-0.003
63.970,-0.006,1.366,-0.001
64.082,-0.007,1.362,0.001
64.193,-0.007,1.360,0.001
64.304,-0.007,1.359,0.002
64.414,-0.009,1.363,0.000
64.525,-0.010,1.368,-0.003
64.638,-0.010,1.372,-0.005
64.749,-0.008,1.374,-0.006
64.860,-0.008,1.375,-0.006
64.971,-0.007,1.375,-0.006
65.082,-0.008,1.376,-0.007
65.194,-0.009,1.377,-0.008
65.305,-0.008,1.379,-0.009
65.416,-0.009,1.380,-0.010
65.528,-0.009,1.377,-0.008
65.639,0.000,1.374,0.002
65.750,-0.001,1.372,0.003
65.860,-0.001,1.592,0.004
65.973,3.585,1.266,-0.878
66.087,3.586,1.261,-0.874
66.199,3.585,1.258,-0.869
66.310,3.584,1.257,-0.866
66.422,3.581,1.257,-0.862
66.533,3.579,1.257,-0.860
66.646,3.576,1.257,-0.858
66.756,3.572,1.254,-0.853
66.867,3.563,1.250,-0.844
66.978,3.550,1.244,-0.837
67.088,3.541,1.242,-0.835
67.200,3.539,1.245,-0.839
67.312,3.544,1.253,-0.846
67.423,3.548,1.258,-0.852
67.534,3.554,1.258,-0.857
67.645,3.560,1.258,-0.861
67.756,3.565,1.260,-0.863
67.867,3.568,1.262,-0.865
67.979,3.570,1.265,-0.872
68.090,3.571,1.272,-0.881
68.201,3.573,1.283,-0.896
68.312,3.572,1.297,-0.913
68.424,3.568,1.305,-0.927
68.535,3.567,1.304,-0.935
68.647,3.568,1.301,-0.940
68.758,3.570,1.298,-0.942
68.869,3.571,1.298,-0.945
68.981,3.570,1.298,-0.947
69.092,3.570,1.298,-0.950
69.203,3.570,1.298,-0.953
69.314,3.571,1.298,-0.955
69.425,3.573,1.297,-0.957
69.537,3.575,1.295,-0.959
69.648,3.576,1.294,-0.960
69.759,3.577,1.293,-0.960
69.870,3.577,1.291,-0.957
69.981,3.578,1.290,-0.953
70.093,3.577,1.288,-0.950
70.204,3.575,1.288,-0.946
70.314,3.574,1.289,-0.944
70.425,3.574,1.289,-0.944
70.536,3.574,1.288,-0.943
70.648,3.575,1.288,-0.940
70.760,3.576,1.287,-0.937
70.871,3.577,1.287,-0.934
70.981,3.577,1.286,-0.930
71.093,3.579,1.286,-0.927
71.203,3.580,1.286,-0.922
71.314,3.580,1.285,-0.918
71.425,3.579,1.286,-0.914
71.537,3.578,1.287,-0.912
71.648,3.577,1.288,-0.909
71.759,3.575,1.288,-0.906
71.870,3.574,1.288,-0.902
71.978,-0.002,1.287,0.002
72.086,-0.005,1.287,0.003
72.196,-0.007,1.286,0.005
72.307,-0.008,1.428,0.008
72.418,-0.010,1.420,0.015
72.528,-0.011,1.414,0.024
72.639,-0.011,1.408,0.032
72.751,-0.012,1.400,0.041
72.862,-0.012,1.390,0.051
72.974,-0.012,1.383,0.061
73.084,-0.013,1.380,0.072
73.195,-0.012,1.377,0.087
73.306,-0.008,1.375,0.109
73.418,0.004,1.373,0.134
73.529,0.019,1.371,0.163
73.640,0.029,1.361,0.203
73.751,0.029,1.344,0.252
73.862,0.020,1.311,0.315
73.973,0.007,1.238,0.387
74.084,-0.005,1.118,0.461
74.196,-0.016,0.982,0.523
74.307,-0.020,0.857,0.567
74.418,-0.017,0.766,0.586
74.529,-0.014,0.713,0.596
74.641,-0.016,0.692,0.603
74.752,-0.015,0.682,0.607
74.863,-0.010,0.685,0.607
74.975,-0.006,0.684,0.607
75.086,-0.002,0.682,0.606
75.197,-0.002,0.682,0.603
75.308,-0.009,0.685,0.599
75.420,-0.021,0.685,0.595
75.531,-0.034,0.686,0.594
75.642,-0.051,0.704,0.596
75.753,-0.073,0.762,0.600
75.864,-0.086,0.866,0.583
75.976,-0.088,0.995,0.542
76.087,-0.079,1.123,0.482
76.198,-0.056,1.226,0.417
76.309,-0.027,1.290,0.362
76.420,0.002,1.314,0.318
76.532,0.014,1.319,0.291
76.644,0.000,1.305,0.304
76.754,-0.021,1.295,0.347
76.863,-0.024,1.255,0.371
76.974,-0.016,1.178,0.361
77.086,-0.007,1.099,0.339
77.198,0.001,1.042,0.310
77.309,0.007,1.013,0.286
77.421,0.035,1.010,0.254
77.532,0.087,1.016,0.212
77.644,0.150,1.017,0.165
77.755,0.213,1.011,0.116
77.866,0.284,1.009,0.056
77.977,0.372,1.004,-0.028
78.088,0.470,0.988,-0.126
78.201,0.569,0.974,-0.217
78.313,0.650,0.975,-0.298
78.423,0.713,0.986,-0.383
78.534,0.777,0.982,-0.468
78.644,0.848,0.969,-0.560
78.755,0.926,0.955,-0.666
78.866,0.998,0.954,-0.767
78.978,1.042,0.968,-0.861
79.088,1.085,0.962,-0.952
79.200,1.146,0.937,-1.042
79.311,1.207,0.925,-1.113
79.423,1.276,0.936,-1.158
79.535,1.338,0.955,-1.186
79.647,1.385,0.931,-1.211
79.757,1.450,0.844,-1.216
79.868,1.513,0.764,-1.170
79.980,1.557,0.709,-1.131
80.091,1.571,0.664,-1.111
80.201,1.550,0.635,-1.096
80.312,1.513,0.640,-1.093
80.423,1.475,0.666,-1.103
80.534,1.457,0.693,-1.130
80.645,1.457,0.704,-1.158
80.756,1.464,0.704,-1.179
80.867,1.470,0.688,-1.200
80.978,1.471,0.680,-1.222
81.090,1.470,0.678,-1.233
81.201,1.462,0.679,-1.236
81.313,1.442,0.681,-1.243
81.424,1.414,0.674,-1.257
81.534,1.383,0.651,-1.273
81.645,1.358,0.616,-1.288
81.757,1.339,0.578,-1.305
81.868,1.329,0.560,-1.336
81.979,1.331,0.577,-1.394
82.090,1.330,0.598,-1.475
82.202,1.326,0.596,-1.535
82.313,1.338,0.619,-1.563
82.423,1.362,0.636,-1.603
82.533,1.389,0.623,-1.620
82.644,1.402,0.623,-1.625
82.755,1.416,0.619,-1.627
82.867,1.444,0.608,-1.638
82.978,1.470,0.591,-1.648
83.090,1.470,0.591,-1.648
83.201,1.470,0.592,-1.650
83.312,1.467,0.591,-1.648
83.423,1.466,0.590,-1.646
83.534,1.465,0.590,-1.646
83.645,1.466,0.590,-1.646
83.756,1.468,0.590,-1.646
83.868,1.469,0.589,-1.646
83.979,1.468,0.589,-1.646
84.090,1.468,0.589,-1.646
84.200,1.469,0.589,-1.645
84.312,1.469,0.588,-1.644
84.422,1.469,0.588,-1.645
84.532,1.469,0.588,-1.645
84.645,1.470,0.588,-1.645
84.756,1.470,0.588,-1.645
84.867,1.470,0.588,-1.645
84.978,1.471,0.588,-1.644
85.089,1.473,0.587,-1.642
85.201,1.474,0.586,-1.641
85.311,1.474,0.586,-1.641
85.423,1.474,0.586,-1.641
85.534,1.473,0.586,-1.641
85.645,1.473,0.586,-1.641
85.756,1.473,0.586,-1.641
85.867,1.474,0.586,-1.641
85.978,1.473,0.586,-1.641
86.089,1.473,0.586,-1.642
86.200,1.474,0.586,-1.641
86.311,1.474,0.586,-1.642
86.423,1.474,0.586,-1.642
86.534,1.474,0.586,-1.641
86.645,1.474,0.586,-1.641
86.756,1.474,0.585,-1.641
86.867,1.474,0.585,-1.641
86.978,1.474,0.585,-1.641
87.090,1.474,0.585,-1.641
87.200,1.474,0.586,-1.641
87.312,1.474,0.586,-1.641
87.422,1.474,0.586,-1.641
87.534,1.474,0.586,-1.641
87.645,1.474,0.586,-1.641
87.757,1.474,0.586,-1.641
87.868,1.475,0.586,-1.641
87.979,1.475,0.586,-1.641
88.090,1.475,0.586,-1.641
88.200,1.475,0.586,-1.641
88.312,1.474,0.586,-1.641
88.423,1.475,0.585,-1.640
88.534,1.475,0.585,-1.640
88.645,1.475,0.584,-1.639
88.757,1.475,0.584,-1.639
88.867,1.475,0.584,-1.639
88.979,1.475,0.584,-1.639
89.090,1.475,0.585,-1.639
89.201,1.475,0.584,-1.639
89.312,1.476,0.584,-1.638
89.424,1.476,0.584,-1.638
89.534,1.475,0.584,-1.638
89.645,1.475,0.584,-1.638
89.756,1.475,0.584,-1.638
89.868,1.476,0.584,-1.638
89.979,1.475,0.584,-1.638
90.089,1.475,0.584,-1.638
90.201,1.476,0.584,-1.638
90.312,1.476,0.584,-1.638
90.423,1.475,0.584,-1.638
90.535,1.475,0.584,-1.638
90.645,1.475,0.584,-1.638
90.756,1.476,0.584,-1.638
90.868,1.476,0.584,-1.638
90.979,1.476,0.584,-1.638
91.091,1.477,0.584,-1.637
91.201,1.477,0.583,-1.636
91.312,1.476,0.582,-1.635
91.424,1.474,0.583,-1.636
91.535,1.474,0.582,-1.636
91.646,1.475,0.583,-1.633
91.757,1.478,0.581,-1.630
91.869,1.477,0.585,-1.629
91.980,1.476,0.597,-1.627
92.089,1.469,0.622,-1.623
92.201,1.455,0.654,-1.613
92.312,1.439,0.683,-1.601
92.424,1.423,0.702,-1.586
92.535,1.405,0.703,-1.570
92.646,1.386,0.695,-1.557
92.758,1.372,0.690,-1.545
92.868,1.365,0.688,-1.538
92.979,1.364,0.689,-1.534
93.091,1.366,0.693,-1.528
93.201,1.373,0.693,-1.521
93.312,1.381,0.689,-1.519
93.424,1.387,0.685,-1.513
93.535,1.388,0.679,-1.510
93.647,1.389,0.676,-1.514
93.758,1.393,0.678,-1.511
93.869,1.400,0.681,-1.508
93.980,1.407,0.685,-1.508
94.091,1.411,0.693,-1.508
94.203,1.410,0.702,-1.511
94.313,1.406,0.705,-1.513
94.425,1.403,0.703,-1.514
94.535,1.402,0.699,-1.513
94.647,1.404,0.697,-1.514
94.758,1.404,0.699,-1.515
94.869,1.404,0.701,-1.515
94.979,1.403,0.700,-1.515
95.091,1.402,0.699,-1.517
95.202,1.402,0.698,-1.516
95.313,1.401,0.696,-1.514
95.424,1.401,0.695,-1.514
95.535,1.401,0.694,-1.515
95.647,1.401,0.692,-1.515
95.757,1.401,0.690,-1.513
95.869,1.402,0.690,-1.513
95.980,1.401,0.689,-1.515
96.091,1.399,0.687,-1.514
96.202,1.398,0.689,-1.511
96.313,1.398,0.690,-1.510
96.424,1.398,0.688,-1.511
96.535,1.396,0.690,-1.509
96.646,1.396,0.696,-1.508
96.759,1.398,0.697,-1.508
96.868,1.399,0.691,-1.509
96.980,1.398,0.687,-1.509
97.091,1.397,0.686,-1.509
97.202,1.395,0.688,-1.508
97.313,1.394,0.687,-1.509
97.425,1.393,0.686,-1.509
97.535,1.392,0.685,-1.510
97.646,1.392,0.684,-1.509
97.758,1.392,0.685,-1.509
97.869,1.393,0.685,-1.510
97.980,1.393,0.683,-1.509
98.090,1.392,0.681,-1.508
98.202,1.392,0.680,-1.507
98.313,1.392,0.680,-1.508
98.424,1.391,0.680,-1.509
98.535,1.391,0.681,-1.510
98.646,1.391,0.679,-1.510
98.758,1.392,0.676,-1.511
98.868,1.394,0.673,-1.511
98.980,1.395,0.673,-1.510
99.091,1.395,0.674,-1.508
99.202,1.394,0.673,-1.509
99.313,1.394,0.671,-1.510
99.424,1.393,0.673,-1.511
99.535,1.392,0.676,-1.511
99.646,1.390,0.679,-1.511
99.758,1.391,0.680,-1.511
99.868,1.392,0.680,-1.511
99.979,1.394,0.679,-1.512
100.092,1.393,0.678,-1.512
100.202,1.392,0.678,-1.512
100.313,1.391,0.679,-1.512
100.425,1.390,0.678,-1.512
100.535,1.390,0.677,-1.512
100.647,1.390,0.678,-1.511
100.757,1.390,0.679,-1.512
100.869,1.389,0.679,-1.512
100.980,1.388,0.681,-1.513
101.091,1.386,0.684,-1.514
101.202,1.386,0.685,-1.513
101.313,1.386,0.682,-1.513
101.425,1.387,0.681,-1.514
101.534,1.388,0.683,-1.515
101.647,1.389,0.687,-1.518
101.758,1.390,0.689,-1.519
101.868,1.393,0.690,-1.517
101.980,1.397,0.697,-1.511
102.091,1.405,0.711,-1.505
102.203,1.418,0.740,-1.503
102.314,1.440,0.789,-1.513
102.424,1.458,0.848,-1.544
102.536,1.471,0.907,-1.575
102.647,1.483,0.979,-1.601
102.758,1.496,1.052,-1.639
102.869,1.505,1.088,-1.682
102.980,1.511,1.084,-1.708
103.091,1.517,1.072,-1.709
103.203,1.521,1.069,-1.713
103.313,1.524,1.067,-1.728
103.425,1.528,1.065,-1.734
103.534,1.534,1.057,-1.743
103.646,1.537,1.059,-1.749
103.757,1.539,1.060,-1.755
103.868,1.540,1.062,-1.760
103.979,1.535,1.078,-1.756
104.090,1.526,1.117,-1.751
104.201,1.515,1.156,-1.761
104.312,1.509,1.173,-1.781
104.424,1.506,1.174,-1.797
104.533,1.508,1.175,-1.811
104.644,1.511,1.179,-1.825
104.756,1.513,1.185,-1.835
104.867,1.511,1.184,-1.840
104.979,1.510,1.182,-1.842
105.089,1.509,1.184,-1.837
105.200,1.507,1.182,-1.833
105.311,1.506,1.179,-1.829
105.423,1.508,1.175,-1.826
105.534,1.511,1.174,-1.821
105.645,1.516,1.171,-1.817
105.756,1.532,1.149,-1.816
105.867,1.551,1.113,-1.821
105.979,1.561,1.098,-1.824
106.089,1.563,1.095,-1.819
106.201,1.562,1.093,-1.813
106.313,1.564,1.086,-1.811
106.423,1.565,1.077,-1.818
106.534,1.567,1.079,-1.818
106.646,1.569,1.077,-1.823
106.757,1.569,1.077,-1.822
106.868,1.569,1.077,-1.820
106.979,1.569,1.076,-1.818
107.091,1.569,1.076,-1.817
107.201,1.567,1.076,-1.818
107.312,1.566,1.076,-1.819
107.423,1.567,1.073,-1.820
107.534,1.568,1.074,-1.820
107.645,1.566,1.076,-1.819
107.756,1.564,1.080,-1.818
107.868,1.564,1.079,-1.819
107.978,1.565,1.077,-1.820
108.090,1.565,1.077,-1.821
108.201,1.567,1.075,-1.821
108.312,1.568,1.077,-1.819
108.423,1.567,1.079,-1.814
108.534,1.569,1.084,-1.808
108.645,1.571,1.084,-1.806
108.757,1.570,1.073,-1.813
108.867,1.571,1.072,-1.816
108.979,1.571,1.072,-1.820
109.090,1.569,1.071,-1.819
109.201,1.564,1.073,-1.819
109.312,1.560,1.073,-1.817
109.423,1.558,1.071,-1.816
109.534,1.560,1.068,-1.816
109.645,1.564,1.066,-1.815
109.756,1.570,1.061,-1.812
109.868,1.574,1.053,-1.805
109.979,1.577,1.050,-1.801
110.090,1.578,1.049,-1.799
110.201,1.577,1.053,-1.802
110.312,1.582,1.057,-1.808
110.423,1.588,1.062,-1.812
110.533,1.584,1.062,-1.818
110.645,1.580,1.063,-1.823
110.755,1.576,1.066,-1.826
110.867,1.573,1.071,-1.830
110.979,1.575,1.075,-1.834
111.089,1.576,1.078,-1.840
111.200,1.575,1.081,-1.847
111.311,1.573,1.086,-1.854
111.422,1.571,1.091,-1.862
111.533,1.568,1.092,-1.869
111.645,1.567,1.093,-1.873
111.756,1.566,1.093,-1.874
111.867,1.564,1.093,-1.873
111.978,1.564,1.093,-1.872
112.089,1.564,1.092,-1.871
112.199,1.566,1.093,-1.871
112.347,1.566,1.091,-1.870
112.701,1.563,1.085,-1.861
112.805,-0.001,1.084,0.001
112.910,-0.005,1.081,0.004
113.020,0.000,1.079,0.000
113.132,-0.001,1.079,0.001
113.244,-0.003,1.079,0.001
113.356,-0.003,1.080,0.000
113.467,0.000,1.079,0.001
113.579,0.005,1.076,0.003
113.690,0.012,1.077,0.001
113.802,0.019,1.080,-0.003
113.913,0.026,1.083,-0.008
114.025,0.031,1.083,-0.011
114.137,0.035,1.082,-0.011
114.248,0.037,1.081,-0.012
114.360,0.042,1.080,-0.013
114.472,-1.165,1.367,2.039
114.572,-1.162,1.365,2.045
114.684,-1.162,1.364,2.051
114.796,-1.166,1.367,2.054
114.907,-1.177,1.375,2.054
115.019,-1.193,1.382,2.052
115.131,-1.208,1.387,2.049
115.241,-1.222,1.390,2.048
115.353,-1.242,1.392,2.046
115.463,-1.265,1.392,2.044
115.575,-1.286,1.390,2.043
115.686,-1.295,1.394,2.045
115.798,-1.304,1.393,2.046
115.909,-1.309,1.393,2.050
116.020,-1.309,1.390,2.047
116.131,-1.309,1.390,2.044
116.242,-1.309,1.392,2.044
116.353,-1.307,1.393,2.047
116.465,-1.305,1.392,2.048
116.576,-1.303,1.391,2.047
116.687,-1.302,1.391,2.046
116.799,-1.302,1.391,2.045
116.910,-1.301,1.390,2.044
117.024,-1.301,1.391,2.043
117.132,-1.299,1.392,2.040
117.243,-1.298,1.394,2.039
117.354,0.000,0.000,0.000
117.463,0.000,0.000,0.000
117.570,0.000,0.000,0.000
117.682,0.000,0.000,0.000
117.793,0.000,0.000,0.000
117.904,0.000,0.000,0.000
118.016,0.000,0.000,0.000
118.127,0.000,0.000,0.000
118.238,0.000,0.000,0.000
118.349,0.000,0.000,0.000
118.461,0.000,0.000,0.000
118.571,0.000,0.000,0.000
118.683,0.000,0.000,0.000
118.794,0.000,0.000,0.000
118.905,0.000,0.000,0.000
119.016,0.000,0.000,0.000
119.128,0.000,0.000,0.000
119.239,0.000,0.000,0.000
119.351,0.000,0.000,0.000
119.463,0.000,0.000,0.000
119.573,0.000,0.000,0.000
119.684,0.000,0.000,0.000
119.796,0.000,0.000,0.000
119.907,0.000,0.000,0.000
120.018,0.000,0.000,0.000
120.129,0.000,0.000,0.000
120.241,0.000,0.000,0.000
120.352,0.000,0.000,0.000
120.463,0.000,0.000,0.000
120.575,0.000,0.000,0.000
120.686,0.000,0.000,0.000
120.797,0.000,0.000,0.000
120.908,0.000,0.000,0.000
121.020,0.000,0.000,0.000
121.131,0.000,0.000,0.000
121.242,0.000,0.000,0.000
121.353,0.000,0.000,0.000
121.465,0.000,0.000,0.000
121.575,0.000,0.000,0.000
121.687,0.000,0.000,0.000
121.797,0.000,0.000,0.000
121.909,0.000,0.000,0.000
122.020,0.000,0.000,0.000
122.131,0.000,0.000,0.000
122.242,0.000,0.000,0.000
122.354,0.000,0.000,0.000
122.464,0.000,0.000,0.000
122.576,0.000,0.000,0.000
122.687,0.000,0.000,0.000
122.798,0.000,0.000,0.000
122.909,0.000,0.000,0.000
123.020,0.000,0.000,0.000
123.131,0.000,0.000,0.000
123.242,0.000,0.000,0.000
123.354,0.000,0.000,0.000
123.465,0.000,0.000,0.000
123.575,0.000,0.000,0.000
123.687,0.000,0.000,0.000
123.797,0.000,0.000,0.000
123.909,0.000,0.000,0.000
124.020,0.000,0.000,0.000
124.131,0.000,0.000,0.000
124.242,0.000,0.000,0.000
124.354,0.000,0.000,0.000
124.464,0.000,0.000,0.000
124.576,0.000,0.000,0.000
124.687,0.000,0.000,0.000
124.798,0.000,0.000,0.000
124.910,0.000,0.000,0.000
125.020,0.000,0.000,0.000
125.131,0.000,0.000,0.000
125.243,0.000,0.000,0.000
125.354,0.000,0.000,0.000
125.465,0.000,0.000,0.000
125.576,0.000,0.000,0.000
125.687,0.000,0.000,0.000
125.800,0.000,0.000,0.000
125.909,0.000,0.000,0.000
126.020,0.000,0.000,0.000
126.132,0.000,0.000,0.000
126.243,0.000,0.000,0.000
126.354,0.000,0.000,0.000
126.465,0.000,0.000,0.000
126.576,0.000,0.000,0.000
126.687,0.000,0.000,0.000
126.800,0.000,0.000,0.000
126.910,0.000,0.000,0.000
127.020,0.000,0.000,0.000
127.131,0.000,0.000,0.000
127.243,0.000,0.000,0.000
127.354,0.000,0.000,0.000
127.465,0.000,0.000,0.000
127.576,0.000,0.000,0.000
127.687,0.000,0.000,0.000
127.800,0.000,0.000,0.000
127.910,0.000,0.000,0.000
128.021,0.000,0.000,0.000
128.132,0.000,0.000,0.000
128.243,0.000,0.000,0.000
128.355,0.000,0.000,0.000
128.465,0.000,0.000,0.000
128.576,0.000,0.000,0.000
128.689,0.000,0.000,0.000
128.800,0.000,0.000,0.000
128.910,0.000,0.000,0.000
129.021,0.000,0.000,0.000
129.133,0.000,0.000,0.000
129.243,0.000,0.000,0.000
129.355,0.000,0.000,0.000
129.466,0.000,0.000,0.000
129.576,0.000,0.000,0.000
129.687,0.000,0.000,0.000
129.799,0.000,0.000,0.000
129.911,0.000,0.000,0.000
130.021,0.000,0.000,0.000
130.132,0.000,0.000,0.000
130.243,0.000,0.000,0.000
130.355,0.000,0.000,0.000
130.466,0.000,0.000,0.000
130.577,0.000,0.000,0.000
130.687,0.000,0.000,0.000
130.799,0.000,0.000,0.000
130.910,0.000,0.000,0.000
131.021,0.000,0.000,0.000
131.132,0.000,0.000,0.000
131.243,0.000,0.000,0.000
131.355,0.000,0.000,0.000
131.465,0.000,0.000,0.000
131.576,0.000,0.000,0.000
131.688,0.000,0.000,0.000
131.798,0.000,0.000,0.000
131.910,0.000,0.000,0.000
132.021,0.000,0.000,0.000
132.131,0.000,0.000,0.000
132.243,0.000,0.000,0.000
132.355,0.000,0.000,0.000
132.465,0.000,0.000,0.000
132.576,0.000,0.000,0.000
132.688,0.000,0.000,0.000
132.799,0.000,0.000,0.000
132.909,0.000,0.000,0.000
133.021,0.000,0.000,0.000
133.131,0.000,0.000,0.000
133.243,0.000,0.000,0.000
133.355,0.000,0.000,0.000
133.465,0.000,0.000,0.000
133.576,0.000,0.000,0.000
133.688,0.000,0.000,0.000
133.799,0.000,0.000,0.000
133.910,0.000,0.000,0.000
134.021,0.000,0.000,0.000
134.132,0.000,0.000,0.000
134.243,0.000,0.000,0.000
134.356,0.000,0.000,0.000
134.466,0.000,0.000,0.000
134.576,0.000,0.000,0.000
134.688,0.000,0.000,0.000
134.799,0.000,0.000,0.000
134.910,0.000,0.000,0.000
135.020,0.000,0.000,0.000
135.132,0.000,0.000,0.000
135.243,0.000,0.000,0.000
135.355,0.000,0.000,0.000
135.465,0.000,0.000,0.000
135.577,0.000,0.000,0.000
135.687,0.000,0.000,0.000
135.799,0.000,0.000,0.000
135.909,0.000,0.000,0.000
136.020,0.000,0.000,0.000
136.132,0.000,0.000,0.000
136.243,0.000,0.000,0.000
136.354,0.000,0.000,0.000
136.465,0.000,0.000,0.000
136.576,0.000,0.000,0.000
136.688,0.000,0.000,0.000
136.799,0.000,0.000,0.000
136.909,0.000,0.000,0.000
137.021,0.000,0.000,0.000
137.131,0.000,0.000,0.000
137.243,0.000,0.000,0.000
137.355,0.000,0.000,0.000
137.465,0.000,0.000,0.000
137.576,0.000,0.000,0.000
137.687,0.000,0.000,0.000
137.798,0.000,0.000,0.000
137.910,0.000,0.000,0.000
138.021,0.000,0.000,0.000
138.133,0.000,0.000,0.000
138.243,0.000,0.000,0.000
138.355,0.000,0.000,0.000
138.466,0.000,0.000,0.000
138.576,0.000,0.000,0.000
138.687,0.000,0.000,0.000
138.798,0.000,0.000,0.000
138.910,0.000,0.000,0.000
139.021,0.000,0.000,0.000
139.132,0.000,0.000,0.000
139.243,0.000,0.000,0.000
139.354,0.000,0.000,0.000
139.465,0.000,0.000,0.000
139.576,0.000,0.000,0.000
139.688,0.000,0.000,0.000
139.800,0.000,0.000,0.000
139.910,0.000,0.000,0.000
140.021,0.000,0.000,0.000
140.132,0.000,0.000,0.000
140.243,0.000,0.000,0.000
140.354,0.000,0.000,0.000
140.465,0.000,0.000,0.000
140.576,0.000,0.000,0.000
140.687,0.000,0.000,0.000
140.799,0.000,0.000,0.000
140.909,0.000,0.000,0.000
141.021,0.000,0.000,0.000
141.132,0.000,0.000,0.000
141.243,0.000,0.000,0.000
141.354,0.000,0.000,0.000
141.466,0.000,0.000,0.000
141.576,0.000,0.000,0.000
141.688,0.000,0.000,0.000
141.799,0.000,0.000,0.000
141.910,0.000,0.000,0.000
142.022,0.000,0.000,0.000
142.132,0.000,0.000,0.000
142.243,0.000,0.000,0.000
142.354,0.000,0.000,0.000
142.465,0.000,0.000,0.000
142.576,0.000,0.000,0.000
142.688,0.000,0.000,0.000
142.799,0.000,0.000,0.000
142.910,0.000,0.000,0.000
143.022,0.000,0.000,0.000
143.132,0.000,0.000,0.000
143.243,0.000,0.000,0.000
143.355,0.000,0.000,0.000
143.465,0.000,0.000,0.000
143.576,0.000,0.000,0.000
143.688,0.000,0.000,0.000
143.799,0.000,0.000,0.000
143.910,0.000,0.000,0.000
144.021,0.000,0.000,0.000
144.132,0.000,0.000,0.000
144.243,0.000,0.000,0.000
144.354,0.000,0.000,0.000
144.466,0.000,0.000,0.000
144.576,0.000,0.000,0.000
144.687,0.000,0.000,0.000
144.799,0.000,0.000,0.000
144.910,0.000,0.000,0.000
145.021,0.000,0.000,0.000
145.132,0.000,0.000,0.000
145.244,0.000,0.000,0.000
145.354,0.000,0.000,0.000
145.466,0.000,0.000,0.000
145.576,0.000,0.000,0.000
145.688,0.000,0.000,0.000
145.799,0.000,0.000,0.000
145.910,0.000,0.000,0.000
146.019,0.000,0.000,0.000
146.133,0.000,0.000,0.000
146.241,0.000,0.000,0.000
146.352,0.000,0.000,0.000
146.464,0.000,0.000,0.000
146.576,0.000,0.000,0.000
146.687,0.000,0.000,0.000
146.799,0.000,0.000,0.000
146.909,0.000,0.000,0.000
147.020,0.000,0.000,0.000
147.132,0.000,0.000,0.000
147.243,0.000,0.000,0.000
147.354,0.000,0.000,0.000
147.466,0.000,0.000,0.000
147.576,0.000,0.000,0.000
147.688,0.000,0.000,0.000
147.799,0.000,0.000,0.000
147.910,0.000,0.000,0.000
148.020,0.000,0.000,0.000
148.132,0.000,0.000,0.000
148.243,0.000,0.000,0.000
148.354,0.000,0.000,0.000
148.466,0.000,0.000,0.000
148.576,0.000,0.000,0.000
148.687,0.000,0.000,0.000
148.798,0.000,0.000,0.000
148.909,0.000,0.000,0.000
149.020,0.000,0.000,0.000
149.132,0.000,0.000,0.000
149.243,0.000,0.000,0.000
149.354,0.000,0.000,0.000
149.465,0.000,0.000,0.000
149.575,0.000,0.000,0.000
149.687,0.000,0.000,0.000
149.798,0.000,0.000,0.000
149.910,0.000,0.000,0.000
150.020,0.000,0.000,0.000
150.131,0.000,0.000,0.000
150.242,0.000,0.000,0.000
150.354,0.000,0.000,0.000
150.465,0.000,0.000,0.000
150.576,0.000,0.000,0.000
150.687,0.000,0.000,0.000
150.799,0.000,0.000,0.000
150.910,0.000,0.000,0.000
151.020,0.000,0.000,0.000
151.133,0.000,0.000,0.000
151.243,0.000,0.000,0.000
151.354,0.000,0.000,0.000
151.466,0.000,0.000,0.000
151.575,0.000,0.000,0.000
151.688,0.000,0.000,0.000
151.798,0.000,0.000,0.000
151.910,0.000,0.000,0.000
152.020,0.000,0.000,0.000
152.131,0.000,0.000,0.000
152.243,0.000,0.000,0.000
152.357,0.000,0.000,0.000
152.465,0.000,0.000,0.000
152.576,0.000,0.000,0.000
152.687,0.000,0.000,0.000
152.799,0.000,0.000,0.000
152.910,0.000,0.000,0.000
153.021,0.000,0.000,0.000
153.132,0.000,0.000,0.000
153.244,0.000,0.000,0.000
153.354,0.000,0.000,0.000
153.466,0.000,0.000,0.000
153.576,0.000,0.000,0.000
153.688,0.000,0.000,0.000
153.799,0.000,0.000,0.000
153.910,0.000,0.000,0.000
154.021,0.000,0.000,0.000
154.132,0.000,0.000,0.000
154.244,0.000,0.000,0.000
154.355,0.000,0.000,0.000
154.467,0.000,0.000,0.000
154.576,0.000,0.000,0.000
154.688,0.000,0.000,0.000
154.799,0.000,0.000,0.000
154.911,0.000,0.000,0.000
155.022,0.000,0.000,0.000
155.132,0.000,0.000,0.000
155.244,0.000,0.000,0.000
155.355,0.000,0.000,0.000
155.466,0.000,0.000,0.000
155.577,0.000,0.000,0.000
155.688,0.000,0.000,0.000
155.799,0.000,0.000,0.000
155.910,0.000,0.000,0.000
156.022,0.000,0.000,0.000
156.132,0.000,0.000,0.000
156.243,0.000,0.000,0.000
156.355,0.000,0.000,0.000
156.466,0.000,0.000,0.000
156.578,0.000,0.000,0.000
156.688,0.000,0.000,0.000
156.799,0.000,0.000,0.000
156.913,0.000,0.000,0.000
157.023,0.000,0.000,0.000
157.135,0.000,0.000,0.000
157.244,0.000,0.000,0.000
157.355,0.000,0.000,0.000
157.466,0.000,0.000,0.000
157.577,0.000,0.000,0.000
157.688,0.000,0.000,0.000
157.800,0.000,0.000,0.000
157.911,0.000,0.000,0.000
158.022,0.000,0.000,0.000
158.133,0.000,0.000,0.000
158.245,0.000,0.000,0.000
158.355,0.000,0.000,0.000
158.466,0.000,0.000,0.000
158.578,0.000,0.000,0.000
158.688,0.000,0.000,0.000
158.800,0.000,0.000,0.000
158.911,0.000,0.000,0.000
159.022,0.000,0.000,0.000
159.133,0.000,0.000,0.000
159.244,0.000,0.000,0.000
159.355,0.000,0.000,0.000
159.467,0.000,0.000,0.000
159.578,0.000,0.000,0.000
159.688,0.000,0.000,0.000
159.800,0.000,0.000,0.000
159.911,0.000,0.000,0.000
160.022,0.000,0.000,0.000
160.133,0.000,0.000,0.000
160.244,0.000,0.000,0.000
160.355,0.000,0.000,0.000
160.466,0.000,0.000,0.000
160.577,0.000,0.000,0.000
160.689,0.000,0.000,0.000
160.799,0.000,0.000,0.000
160.911,0.000,0.000,0.000
161.022,0.000,0.000,0.000
161.132,0.000,0.000,0.000
161.244,0.000,0.000,0.000
161.357,0.000,0.000,0.000
161.467,0.000,0.000,0.000
161.577,0.000,0.000,0.000
161.689,0.000,0.000,0.000
161.799,0.000,0.000,0.000
161.911,0.000,0.000,0.000
162.022,0.000,0.000,0.000
162.133,0.000,0.000,0.000
162.244,0.000,0.000,0.000
162.355,0.000,0.000,0.000
162.466,0.000,0.000,0.000
162.578,0.000,0.000,0.000
162.688,0.000,0.000,0.000
162.800,0.000,0.000,0.000
162.911,0.000,0.000,0.000
163.022,0.000,0.000,0.000
163.134,0.000,0.000,0.000
163.244,0.000,0.000,0.000
163.355,0.000,0.000,0.000
163.467,0.000,0.000,0.000
163.578,0.000,0.000,0.000
163.688,0.000,0.000,0.000
163.800,0.000,0.000,0.000
163.911,0.000,0.000,0.000
164.022,0.000,0.000,0.000
164.133,0.000,0.000,0.000
164.244,0.000,0.000,0.000
164.355,0.000,0.000,0.000
164.466,0.000,0.000,0.000
164.577,0.000,0.000,0.000
164.688,0.000,0.000,0.000
164.800,0.000,0.000,0.000
164.911,0.000,0.000,0.000
165.022,0.000,0.000,0.000
165.134,0.000,0.000,0.000
165.244,0.000,0.000,0.000
165.355,0.000,0.000,0.000
165.466,0.000,0.000,0.000
165.576,0.000,0.000,0.000
165.687,0.000,0.000,0.000
165.798,0.000,0.000,0.000
165.910,0.000,0.000,0.000
166.021,0.000,0.000,0.000
166.132,0.000,0.000,0.000
166.244,0.000,0.000,0.000
166.354,0.000,0.000,0.000
166.466,0.000,0.000,0.000
166.576,0.000,0.000,0.000
166.688,0.000,0.000,0.000
166.798,0.000,0.000,0.000
166.910,0.000,0.000,0.000
167.021,0.000,0.000,0.000
167.132,0.000,0.000,0.000
167.244,0.000,0.000,0.000
167.355,0.000,0.000,0.000
167.467,0.000,0.000,0.000
167.577,0.000,0.000,0.000
167.688,0.000,0.000,0.000
167.799,0.000,0.000,0.000
167.910,0.000,0.000,0.000
168.022,0.000,0.000,0.000
168.132,0.000,0.000,0.000
168.244,0.000,0.000,0.000
168.355,0.000,0.000,0.000
168.466,0.000,0.000,0.000
168.577,0.000,0.000,0.000
168.688,0.000,0.000,0.000
168.799,0.000,0.000,0.000
168.909,0.000,0.000,0.000
169.020,0.000,0.000,0.000
169.132,0.000,0.000,0.000
169.243,0.000,0.000,0.000
169.355,0.000,0.000,0.000
169.465,0.000,0.000,0.000
169.576,0.000,0.000,0.000
169.688,0.000,0.000,0.000
169.799,0.000,0.000,0.000
169.910,0.000,0.000,0.000
170.023,0.000,0.000,0.000
170.132,0.000,0.000,0.000
170.244,0.000,0.000,0.000
170.355,0.000,0.000,0.000
170.467,0.000,0.000,0.000
170.577,0.000,0.000,0.000
170.688,0.000,0.000,0.000
170.799,0.000,0.000,0.000
170.910,0.000,0.000,0.000
171.022,0.000,0.000,0.000
171.132,0.000,0.000,0.000
171.244,0.000,0.000,0.000
171.355,0.000,0.000,0.000
171.466,0.000,0.000,0.000
171.576,0.000,0.000,0.000
171.688,0.000,0.000,0.000
171.799,0.000,0.000,0.000
171.910,0.000,0.000,0.000
172.023,0.000,0.000,0.000
172.132,0.000,0.000,0.000
172.244,0.000,0.000,0.000
172.356,0.000,0.000,0.000
172.462,0.000,0.000,0.000
172.572,0.000,0.000,0.000
172.685,0.000,0.000,0.000
172.798,0.000,0.000,0.000
172.908,0.000,0.000,0.000
173.020,0.000,0.000,0.000
173.129,0.000,0.000,0.000
173.241,0.000,0.000,0.000
173.352,0.000,0.000,0.000
173.465,0.000,0.000,0.000
173.575,0.000,0.000,0.000
173.675,0.000,0.000,0.000
173.784,0.000,0.000,0.000
173.896,0.000,0.000,0.000
174.008,0.000,0.000,0.000
174.117,0.000,0.000,0.000
174.228,0.000,0.000,0.000
174.340,0.000,0.000,0.000
174.452,0.000,0.000,0.000
174.562,0.000,0.000,0.000
174.673,0.000,0.000,0.000
174.784,0.000,0.000,0.000
174.896,0.000,0.000,0.000
175.007,0.000,0.000,0.000
175.119,0.000,0.000,0.000
175.229,0.000,0.000,0.000
175.329,0.000,0.000,0.000
175.437,0.000,0.000,0.000
175.548,0.000,0.000,0.000
175.660,0.000,0.000,0.000
175.770,0.000,0.000,0.000
175.882,0.000,0.000,0.000
175.993,0.000,0.000,0.000
176.104,0.000,0.000,0.000
176.215,0.000,0.000,0.000
176.327,0.000,0.000,0.000
176.437,0.000,0.000,0.000
176.549,0.000,0.000,0.000
176.660,0.000,0.000,0.000
176.773,0.000,0.000,0.000
176.882,0.000,0.000,0.000
176.994,0.000,0.000,0.000
177.104,0.000,0.000,0.000
177.216,0.000,0.000,0.000
177.326,0.000,0.000,0.000
177.438,0.000,0.000,0.000
177.548,0.000,0.000,0.000
177.660,0.000,0.000,0.000
177.771,0.000,0.000,0.000
177.881,0.000,0.000,0.000
177.992,0.000,0.000,0.000
178.104,0.000,0.000,0.000
178.215,0.000,0.000,0.000
178.326,0.000,0.000,0.000
178.437,-1.335,1.402,2.148
178.545,-1.334,1.400,2.151
178.660,-1.334,1.397,2.154
178.771,-1.329,1.390,2.161
178.881,-1.319,1.376,2.168
178.993,-1.307,1.356,2.178
179.104,-1.292,1.339,2.195
179.214,-1.260,1.332,2.235
179.323,-1.217,1.335,2.287
179.436,-1.167,1.327,2.339
179.548,-1.104,1.318,2.402
179.659,-1.049,1.335,2.466
179.771,-1.016,1.390,2.518
179.882,-1.009,1.471,2.567
179.994,-1.027,1.560,2.615
180.105,-1.060,1.634,2.667
180.216,-1.095,1.681,2.728
180.328,-1.120,1.706,2.788
180.438,-1.130,1.722,2.845
180.549,-1.128,1.734,2.903
180.660,-1.121,1.734,2.971
180.772,-1.108,1.724,3.059
180.883,-1.090,1.708,3.164
180.994,-1.082,1.711,3.274
181.105,-1.097,1.732,3.371
181.216,-1.124,1.736,3.463
181.327,-1.162,1.720,3.566
181.438,-1.216,1.690,3.675
181.550,-1.283,1.674,3.780
181.661,-1.337,1.687,3.867
181.772,-1.374,1.706,3.950
181.883,-1.392,1.710,4.022
181.994,-1.392,1.705,4.093
182.106,-1.380,1.703,4.152
182.218,-1.366,1.709,4.189
182.328,-1.345,1.722,4.203
182.441,-1.325,1.728,4.192
182.552,-1.304,1.723,4.166
182.663,-1.262,1.716,4.133
182.774,-1.225,1.692,4.082
182.885,-1.202,1.650,4.016
182.996,-1.187,1.601,3.941
183.107,-1.170,1.554,3.864
183.218,-1.162,1.509,3.790
183.329,-1.151,1.462,3.717
183.439,-1.138,1.412,3.637
183.551,-1.120,1.359,3.547
183.660,-1.089,1.295,3.439
183.771,-1.027,1.215,3.316
183.883,-0.945,1.139,3.210
183.994,-0.878,1.102,3.135
184.106,-0.838,1.081,3.083
184.218,-0.827,1.061,3.057
184.329,-0.837,1.031,3.032
184.440,-0.865,0.996,2.996
184.552,-0.907,0.969,2.949
184.662,-0.956,0.955,2.899
184.773,-0.995,0.936,2.850
184.884,-1.018,0.913,2.803
184.995,-1.029,0.887,2.762
185.106,-1.030,0.872,2.717
185.218,-1.027,0.863,2.678
185.329,-1.023,0.857,2.653
185.440,-1.015,0.853,2.641
185.552,-1.008,0.847,2.641
185.663,-1.007,0.841,2.641
185.773,-1.016,0.837,2.638
185.884,-1.029,0.834,2.631
185.996,-1.041,0.831,2.625
186.107,-1.048,0.828,2.622
186.218,-1.048,0.828,2.620
186.329,-1.047,0.828,2.621
186.440,-1.050,0.825,2.624
186.552,-1.053,0.824,2.623
186.664,-1.055,0.821,2.620
186.774,-1.056,0.821,2.617
186.885,-1.055,0.819,2.615
186.996,-1.048,0.819,2.613
187.107,-1.044,0.816,2.613
187.219,-1.048,0.808,2.613
187.330,-1.056,0.804,2.609
187.440,-1.066,0.802,2.606
187.552,-1.075,0.805,2.607
187.663,-1.080,0.805,2.612
187.774,-1.080,0.802,2.616
187.885,-1.076,0.799,2.618
187.997,-1.071,0.798,2.621
188.107,-1.072,0.797,2.626
188.218,-1.075,0.794,2.629
188.330,-1.076,0.792,2.627
188.440,-1.074,0.790,2.623
188.552,-1.073,0.789,2.619
188.664,-1.075,0.788,2.616
188.775,-1.077,0.786,2.617
188.885,-1.079,0.784,2.619
188.996,-1.077,0.784,2.619
189.107,-1.076,0.784,2.619
189.219,-1.079,0.783,2.620
189.330,-1.084,0.780,2.619
189.441,-1.085,0.779,2.615
189.552,-1.082,0.776,2.611
189.663,-1.077,0.775,2.608
189.774,-1.071,0.775,2.606
189.885,-1.068,0.778,2.603
189.997,-1.063,0.795,2.602
190.108,-1.045,0.809,2.606
190.219,-1.013,0.803,2.608
190.330,-0.971,0.772,2.593
190.442,-0.941,0.728,2.563
190.553,-0.937,0.681,2.553
190.664,-0.968,0.651,2.555
190.775,-0.985,0.644,2.556
190.887,-0.982,0.682,2.544
190.997,-0.972,0.707,2.555
191.108,-0.963,0.717,2.570
191.219,-0.964,0.723,2.574
191.331,-0.949,0.723,2.576
191.440,-0.927,0.728,2.581
191.551,-0.913,0.726,2.580
191.662,-0.913,0.717,2.579
191.773,-0.918,0.718,2.575
191.884,-0.923,0.723,2.571
191.996,-0.925,0.720,2.563
192.106,-0.926,0.715,2.560
192.218,-0.927,0.717,2.563
192.329,-0.928,0.721,2.564
192.440,-0.922,0.723,2.563
192.551,-0.918,0.726,2.565
192.662,-0.925,0.719,2.572
192.773,-0.929,0.708,2.570
192.885,-0.927,0.708,2.573
192.995,-0.921,0.715,2.575
193.106,-0.914,0.714,2.569
193.218,-0.909,0.706,2.562
193.329,-0.908,0.705,2.560
193.440,-0.911,0.712,2.567
193.552,-0.914,0.715,2.570
193.663,-0.916,0.715,2.571
193.773,-0.920,0.718,2.574
193.884,-0.922,0.720,2.576
193.996,-0.918,0.718,2.574
194.107,-0.915,0.717,2.573
194.218,-0.914,0.717,2.574
194.329,-0.916,0.719,2.577
194.439,-0.917,0.721,2.579
194.551,-0.913,0.717,2.572
194.663,-0.902,0.706,2.556
194.774,-0.897,0.704,2.544
194.885,-0.907,0.704,2.550
194.996,-0.925,0.704,2.554
195.107,-0.943,0.706,2.557
195.218,-0.957,0.710,2.559
195.329,-0.968,0.714,2.562
195.440,-0.974,0.716,2.562
195.551,-0.984,0.718,2.561
195.662,-0.987,0.716,2.563
195.773,-0.980,0.717,2.566
195.884,-0.973,0.718,2.567
195.996,-0.965,0.718,2.563
196.107,-0.967,0.714,2.562
196.218,-0.975,0.716,2.563
196.329,-0.982,0.716,2.560
196.439,-0.995,0.714,2.560
196.551,-0.998,0.718,2.562
196.662,-0.982,0.726,2.570
196.773,-0.971,0.720,2.565
196.884,-0.966,0.714,2.560
196.996,-0.969,0.716,2.561
197.107,-0.970,0.716,2.560
197.218,-0.970,0.717,2.562
197.329,-0.970,0.722,2.564
197.440,-0.978,0.725,2.564
197.551,-0.989,0.728,2.565
197.662,-0.990,0.733,2.568
197.774,-0.992,0.741,2.573
197.884,-0.997,0.743,2.575
197.995,-0.997,0.741,2.575
198.106,-0.995,0.742,2.576
198.218,-0.998,0.743,2.581
198.329,-1.003,0.745,2.585
198.439,-1.008,0.748,2.589
198.551,-1.010,0.748,2.592
198.662,-1.008,0.747,2.593
198.773,-1.005,0.742,2.589
198.884,-0.997,0.730,2.581
198.996,-0.990,0.723,2.576
199.106,-0.988,0.722,2.573
199.218,-0.991,0.722,2.573
199.329,-0.992,0.720,2.571
199.440,-0.990,0.718,2.568
199.551,-0.991,0.720,2.570
199.662,-0.993,0.723,2.572
199.774,-0.993,0.720,2.569
199.885,-0.983,0.723,2.568
199.996,-0.985,0.731,2.569
200.108,-0.994,0.729,2.572
200.219,-0.994,0.725,2.571
200.329,-0.989,0.724,2.570
200.441,-0.988,0.722,2.568
200.551,-0.988,0.721,2.566
200.663,-0.988,0.720,2.566
200.774,-0.991,0.721,2.567
200.885,-0.989,0.723,2.567
200.997,-0.988,0.723,2.565
201.107,-0.988,0.722,2.565
201.218,-0.990,0.724,2.567
201.329,-0.991,0.723,2.567
201.440,-0.990,0.723,2.566
201.551,-0.990,0.724,2.566
201.663,-0.990,0.724,2.566
201.774,-0.989,0.723,2.566
201.885,-0.989,0.722,2.566
201.996,-0.989,0.723,2.565
202.107,-0.990,0.723,2.566
202.218,-0.989,0.722,2.565
202.330,-0.988,0.723,2.565
202.440,-0.989,0.723,2.565
202.551,-0.989,0.725,2.566
202.663,-0.989,0.726,2.567
202.774,-0.988,0.725,2.566
202.885,-0.989,0.725,2.566
202.996,-0.990,0.727,2.568
203.107,-0.989,0.726,2.568
203.219,-0.989,0.725,2.567
203.329,-0.990,0.724,2.567
203.440,-0.991,0.724,2.568
203.552,-0.989,0.722,2.566
203.663,-0.989,0.722,2.565
203.774,-0.991,0.723,2.566
203.885,-0.990,0.723,2.566
203.996,-0.990,0.722,2.565
204.107,-0.990,0.722,2.566
204.218,-0.992,0.723,2.567
204.329,-0.991,0.723,2.567
204.441,-0.991,0.722,2.567
204.552,-0.992,0.721,2.566
204.663,-0.994,0.720,2.567
204.774,-0.993,0.720,2.568
204.885,-0.992,0.721,2.568
204.995,-0.992,0.721,2.567
205.107,-0.993,0.721,2.568
205.218,-0.993,0.722,2.569
205.329,-0.992,0.723,2.568
205.440,-0.993,0.724,2.568
205.551,-0.991,0.724,2.568
205.662,-0.992,0.723,2.568
205.774,-0.992,0.723,2.568
205.884,-0.992,0.723,2.568
205.996,-0.992,0.723,2.568
206.106,-0.992,0.722,2.567
206.218,-0.991,0.721,2.566
206.329,-0.992,0.720,2.565
206.440,-0.992,0.720,2.566
206.550,-0.992,0.719,2.566
206.662,-0.993,0.722,2.568
206.773,-0.994,0.722,2.569
206.884,-0.994,0.722,2.569
206.995,-0.992,0.723,2.568
207.106,-0.992,0.723,2.568
207.217,-0.992,0.723,2.568
207.328,-0.991,0.722,2.567
207.440,-0.991,0.724,2.568
207.551,-0.992,0.724,2.568
207.662,-0.991,0.723,2.567
207.773,-0.992,0.723,2.568
207.884,-0.992,0.723,2.567
207.995,-0.993,0.721,2.567
208.106,-0.993,0.722,2.568
208.218,-0.994,0.721,2.569
208.328,-0.994,0.720,2.569
208.440,-0.995,0.717,2.569
208.550,-0.991,0.717,2.568
208.663,-0.983,0.719,2.568
208.773,-0.981,0.716,2.568
208.884,-0.984,0.714,2.567
208.996,-0.985,0.716,2.567
209.107,-0.985,0.716,2.568
209.217,-0.985,0.716,2.568
209.329,-0.985,0.718,2.569
209.440,-0.985,0.719,2.569
209.551,-0.985,0.718,2.568
209.663,-0.985,0.717,2.567
209.773,-0.984,0.718,2.568
209.884,-0.983,0.720,2.569
209.995,-0.984,0.720,2.569
210.106,-0.983,0.720,2.569
210.217,-0.983,0.719,2.568
210.328,-0.984,0.718,2.568
210.440,-0.984,0.719,2.568
210.551,-0.984,0.719,2.568
210.662,-0.985,0.718,2.568
210.774,-0.985,0.719,2.569
210.884,-0.984,0.719,2.569
210.996,-0.985,0.718,2.569
211.107,-0.984,0.720,2.570
211.218,-0.983,0.719,2.568
211.329,-0.983,0.717,2.566
211.440,-0.985,0.719,2.568
211.551,-0.984,0.719,2.569
211.662,-0.984,0.718,2.567
211.774,-0.982,0.718,2.567
211.884,-0.983,0.717,2.567
211.996,-0.984,0.719,2.568
212.107,-0.983,0.720,2.568
212.218,-0.983,0.719,2.568
212.329,-0.982,0.719,2.568
212.440,-0.983,0.720,2.568
212.549,-0.982,0.720,2.568
212.661,-0.983,0.719,2.567
212.772,-0.983,0.721,2.568
212.884,-0.982,0.720,2.567
212.995,-0.982,0.720,2.567
213.106,-0.982,0.721,2.568
213.217,-0.982,0.720,2.567
213.328,-0.981,0.721,2.567
213.440,-0.982,0.721,2.567
213.550,-0.982,0.719,2.566
213.661,-0.981,0.719,2.566
213.772,-0.981,0.720,2.567
213.883,-0.981,0.720,2.567
213.995,-0.980,0.720,2.566
214.107,-0.981,0.720,2.566
214.217,-0.981,0.721,2.567
214.329,-0.981,0.720,2.567
214.440,-0.980,0.721,2.567
214.551,-0.981,0.720,2.566
214.662,-0.981,0.721,2.567
214.773,-0.981,0.721,2.567
214.884,-0.980,0.721,2.566
214.995,-0.981,0.721,2.566
215.106,-0.981,0.721,2.567
215.218,-0.981,0.721,2.567
215.329,-0.980,0.721,2.567
215.440,-0.980,0.722,2.567
215.551,-0.980,0.722,2.567
215.662,-0.980,0.722,2.567
215.773,-0.980,0.722,2.567
215.884,-0.979,0.721,2.566
215.995,-0.978,0.721,2.566
216.107,-0.978,0.720,2.566
216.217,-0.979,0.721,2.566
216.329,-0.980,0.720,2.566
216.440,-0.979,0.720,2.566
216.550,-0.979,0.721,2.566
216.662,-0.979,0.722,2.567
216.773,-0.978,0.721,2.566
216.884,-0.978,0.722,2.566
216.996,-0.978,0.723,2.567
217.106,-0.978,0.723,2.567
217.218,-0.979,0.723,2.567
217.329,-0.978,0.722,2.566
217.440,-0.979,0.722,2.567
217.551,-0.979,0.722,2.567
217.662,-0.979,0.722,2.567
217.774,-0.979,0.722,2.567
217.885,-0.980,0.721,2.567
217.996,-0.980,0.722,2.567
218.107,-0.980,0.722,2.567
218.218,-0.979,0.722,2.567
218.329,-0.979,0.723,2.567
218.440,-0.979,0.723,2.567
218.551,-0.979,0.723,2.567
218.663,-0.978,0.723,2.567
218.773,-0.979,0.723,2.567
218.885,-0.979,0.723,2.567
218.996,-0.979,0.723,2.567
219.107,-0.979,0.723,2.567
219.218,-0.979,0.723,2.567
219.330,-0.979,0.722,2.566
219.440,-0.978,0.723,2.567
219.552,-0.979,0.723,2.567
219.663,-0.979,0.722,2.567
219.774,-0.980,0.722,2.567
219.885,-0.979,0.722,2.567
219.996,-0.980,0.722,2.567
220.107,-0.980,0.723,2.568
220.218,-0.979,0.722,2.566
220.329,-0.980,0.722,2.567
220.440,-0.979,0.723,2.567
220.552,-0.979,0.722,2.567
220.663,-0.979,0.723,2.567
220.774,-0.979,0.723,2.567
220.885,-0.979,0.723,2.567
220.996,-0.979,0.723,2.567
221.108,-0.979,0.723,2.567
221.218,-0.978,0.723,2.567
221.329,-0.978,0.723,2.567
221.441,-0.979,0.723,2.567
221.552,-0.979,0.723,2.567
221.663,-0.979,0.723,2.567
221.774,-0.980,0.720,2.567
221.885,-0.982,0.716,2.566
221.997,-0.981,0.711,2.563
222.108,-0.979,0.704,2.557
222.219,-0.975,0.699,2.554
222.330,-0.968,0.697,2.554
222.441,-0.963,0.693,2.557
222.552,-0.963,0.689,2.562
222.663,-0.969,0.678,2.568
222.774,-0.981,0.664,2.567
222.886,-0.994,0.661,2.560
222.997,-1.009,0.678,2.553
223.107,-1.025,0.704,2.547
223.219,-1.039,0.734,2.542
223.330,-1.041,0.768,2.529
223.441,-1.037,0.795,2.506
223.552,-1.033,0.820,2.484
223.664,-1.021,0.852,2.471
223.775,-1.004,0.888,2.468
223.886,-0.988,0.913,2.472
223.997,-0.978,0.919,2.484
224.108,-0.971,0.906,2.506
224.219,-0.968,0.877,2.537
224.330,-0.969,0.857,2.572
224.441,-0.971,0.870,2.606
224.552,-0.982,0.939,2.644
224.663,-1.002,1.048,2.683
224.774,-1.032,1.158,2.716
224.886,-1.066,1.258,2.749
224.995,-1.104,1.355,2.780
225.106,-1.132,1.431,2.794
225.218,-1.147,1.467,2.793
225.328,-1.136,1.481,2.811
225.439,-1.111,1.483,2.837
225.550,-1.074,1.476,2.878
225.661,-1.045,1.470,2.932
225.772,-1.028,1.472,2.995
225.884,-1.027,1.465,3.064
225.994,-1.038,1.422,3.146
226.105,-1.053,1.381,3.243
226.217,-1.094,1.388,3.357
226.327,-1.136,1.428,3.454
226.439,-1.176,1.476,3.534
226.550,-1.208,1.531,3.597
226.661,-1.234,1.598,3.652
226.772,-1.258,1.669,3.696
226.884,-1.270,1.699,3.742
226.996,-1.283,1.687,3.804
227.106,-1.298,1.682,3.881
227.218,-1.323,1.693,3.955
227.329,-1.355,1.698,4.021
227.440,-1.395,1.691,4.084
227.552,-1.439,1.679,4.134
227.663,-1.487,1.682,4.183
227.774,-1.529,1.691,4.218
227.885,-1.561,1.698,4.242
227.997,-1.576,1.699,4.269
228.108,-1.580,1.706,4.293
228.218,-1.583,1.715,4.310
228.328,-1.586,1.722,4.318
228.439,-1.590,1.735,4.320
228.549,-1.594,1.751,4.316
228.661,-1.594,1.758,4.310
228.772,-1.592,1.758,4.310
228.883,-1.588,1.756,4.313
228.995,-1.584,1.753,4.317
229.105,-1.582,1.751,4.320
229.216,-1.581,1.750,4.324
229.327,-1.582,1.750,4.328
229.439,-1.583,1.751,4.330
229.549,-1.584,1.751,4.329
229.661,-1.584,1.751,4.327
229.772,-1.584,1.750,4.325
229.883,-1.584,1.749,4.326
229.994,-1.583,1.748,4.327
230.103,0.000,1.747,0.002
230.212,-0.003,1.746,0.005
230.321,-0.007,1.422,0.009
230.433,-0.015,1.407,0.021
230.543,-0.022,1.385,0.039
230.654,-0.028,1.374,0.051
230.765,-0.030,1.371,0.058
230.876,-0.028,1.370,0.056
230.988,-0.026,1.370,0.052
231.099,-0.027,1.369,0.047
231.210,-0.030,1.362,0.046
231.322,-0.036,1.357,0.046
231.433,-0.036,1.354,0.056
231.544,-0.033,1.356,0.074
231.656,-0.032,1.355,0.106
231.767,-0.028,1.351,0.146
231.878,-0.019,1.344,0.194
231.989,-0.012,1.345,0.238
232.100,-0.010,1.348,0.273
232.212,-0.014,1.348,0.297
232.322,-0.030,1.352,0.311
232.433,-0.055,1.356,0.314
232.545,-0.090,1.362,0.309
232.656,-0.135,1.368,0.303
232.768,-0.170,1.369,0.305
232.879,-0.183,1.360,0.311
232.990,-0.176,1.349,0.338
233.102,-0.169,1.336,0.349
233.212,-0.168,1.330,0.346
233.323,-0.173,1.332,0.343
233.434,-0.180,1.335,0.337
233.546,-0.184,1.338,0.332
233.657,-0.183,1.341,0.330
233.769,-0.178,1.342,0.327
233.879,-0.171,1.346,0.319
233.991,-0.162,1.356,0.307
234.102,-0.150,1.372,0.288
234.212,-0.141,1.390,0.269
234.324,-0.128,1.395,0.259
234.436,-0.114,1.394,0.248
234.547,-0.101,1.392,0.235
234.658,-0.091,1.391,0.227
234.769,-0.079,1.389,0.223
234.880,-0.068,1.389,0.224
234.990,-0.057,1.389,0.229
235.102,-0.040,1.391,0.246
235.213,-0.015,1.401,0.289
235.324,-0.001,1.396,0.348
235.436,-0.008,1.365,0.388
235.546,-0.026,1.326,0.405
235.657,-0.055,1.296,0.409
235.769,-0.082,1.271,0.417
235.879,-0.108,1.253,0.433
235.991,-0.120,1.239,0.457
236.102,-0.121,1.228,0.461
236.213,-0.112,1.223,0.452
236.324,-0.108,1.219,0.449
236.436,-0.103,1.215,0.451
236.547,-0.096,1.213,0.454
236.658,-0.099,1.217,0.459
236.769,-0.106,1.226,0.462
236.880,-0.114,1.235,0.461
236.991,-0.119,1.242,0.461
237.102,-0.121,1.245,0.462
237.214,-0.124,1.248,0.468
237.324,-0.128,1.251,0.472
237.436,-0.132,1.254,0.474
237.547,-0.138,1.256,0.475
237.658,-0.142,1.257,0.473
237.769,-0.145,1.261,0.469
237.881,-0.148,1.265,0.469
237.992,-0.148,1.267,0.475
238.103,-0.146,1.270,0.484
238.214,-0.133,1.282,0.498
238.322,-0.100,1.316,0.506
238.434,-0.055,1.346,0.500
238.546,-0.021,1.356,0.480
238.657,-0.009,1.346,0.443
238.768,-0.004,1.317,0.406
238.879,-0.010,1.301,0.367
238.990,-0.031,1.319,0.331
239.102,-0.040,1.358,0.300
239.213,-0.034,1.394,0.270
239.324,-0.025,1.417,0.250
239.436,-0.031,1.426,0.235
239.546,-0.048,1.429,0.221
239.658,-0.066,1.431,0.214
239.769,-0.081,1.439,0.218
239.880,-0.087,1.451,0.231
239.992,-0.097,1.465,0.243
240.103,-0.106,1.472,0.255
240.214,-0.116,1.473,0.261
240.325,-0.121,1.474,0.266
240.437,-0.124,1.476,0.272
240.548,-0.128,1.476,0.280
240.659,-0.131,1.475,0.285
240.770,-0.139,1.480,0.292
240.880,-0.144,1.487,0.309
240.992,-0.151,1.488,0.310
241.103,-0.150,1.484,0.315
241.214,-0.148,1.478,0.324
241.325,-0.149,1.469,0.324
241.438,-0.147,1.466,0.321
241.541,-0.139,1.466,0.318
241.654,-0.130,1.468,0.319
241.765,-0.124,1.469,0.317
241.877,-0.122,1.476,0.315
241.988,-0.117,1.484,0.313
242.099,-0.118,1.495,0.318
242.211,-0.121,1.509,0.335
242.322,-0.120,1.515,0.358
242.433,-0.123,1.508,0.387
242.545,-0.135,1.491,0.414
242.657,-0.150,1.466,0.427
242.767,-0.166,1.442,0.435
242.878,-0.172,1.414,0.427
242.990,-0.164,1.383,0.417
243.100,-0.155,1.349,0.415
243.212,-0.142,1.312,0.410
243.324,-0.131,1.285,0.407
243.434,-0.123,1.262,0.405
243.545,-0.122,1.252,0.396
243.657,-0.126,1.255,0.393
243.768,-0.135,1.259,0.389
243.879,-0.143,1.265,0.388
243.990,-0.148,1.274,0.388
244.101,-0.149,1.279,0.390
244.213,-0.145,1.277,0.390
244.322,-0.143,1.274,0.385
244.434,-0.140,1.275,0.386
244.546,-0.135,1.275,0.390
244.657,-0.135,1.274,0.388
244.768,-0.131,1.274,0.393
244.880,-0.130,1.273,0.389
244.991,-0.129,1.275,0.392
245.102,-0.134,1.286,0.396
245.213,-0.136,1.295,0.397
245.324,-0.134,1.298,0.398
245.436,-0.133,1.300,0.398
245.547,-0.126,1.297,0.399
245.658,-0.126,1.292,0.396
245.769,-0.129,1.291,0.394
245.880,-0.133,1.296,0.392
245.992,-0.135,1.301,0.390
246.104,-0.136,1.301,0.391
246.214,-0.133,1.302,0.392
246.325,-0.126,1.302,0.389
246.436,-0.118,1.297,0.384
246.547,-0.114,1.295,0.381
246.659,-0.113,1.292,0.382
246.770,-0.114,1.291,0.380
246.881,-0.116,1.294,0.380
246.992,-0.119,1.296,0.379
247.104,-0.124,1.298,0.379
247.215,-0.125,1.298,0.378
247.325,-0.123,1.295,0.376
247.436,-0.120,1.293,0.374
247.547,-0.117,1.291,0.372
247.659,-0.116,1.290,0.371
247.770,-0.117,1.288,0.369
247.881,-0.120,1.287,0.368
247.992,-0.120,1.284,0.366
248.103,-0.121,1.282,0.366
248.215,-0.122,1.284,0.364
248.326,-0.114,1.283,0.362
248.437,-0.102,1.281,0.357
248.548,-0.091,1.279,0.350
248.659,-0.082,1.274,0.346
248.770,-0.075,1.263,0.342
248.881,-0.077,1.259,0.338
248.992,-0.072,1.258,0.346
249.104,-0.063,1.257,0.350
249.215,-0.058,1.256,0.352
249.326,-0.061,1.256,0.352
249.437,-0.060,1.255,0.354
249.548,-0.062,1.256,0.355
249.659,-0.063,1.260,0.355
249.770,-0.063,1.261,0.355
249.882,-0.063,1.261,0.355
249.992,-0.062,1.259,0.355
250.104,-0.064,1.259,0.355
250.215,-0.064,1.262,0.357
250.324,-0.064,1.266,0.358
250.436,-0.063,1.268,0.359
250.548,-0.063,1.270,0.361
250.659,-0.063,1.272,0.361
250.770,-0.060,1.272,0.364
250.881,-0.058,1.273,0.364
250.992,-0.056,1.276,0.364
251.103,-0.053,1.276,0.366
251.214,-0.057,1.279,0.368
251.326,-0.058,1.282,0.371
251.437,-0.061,1.288,0.374
251.548,-0.066,1.295,0.374
251.659,-0.067,1.300,0.375
251.771,-0.067,1.300,0.373
251.881,-0.067,1.300,0.372
251.992,-0.068,1.300,0.370
252.104,-0.074,1.301,0.367
252.214,-0.076,1.303,0.366
252.326,-0.079,1.304,0.365
252.437,-0.079,1.306,0.365
252.547,-0.077,1.306,0.365
252.659,-0.077,1.306,0.367
252.770,-0.072,1.305,0.370
252.881,-0.070,1.301,0.369
252.992,-0.072,1.303,0.371
253.104,-0.078,1.309,0.367
253.215,-0.081,1.315,0.368
253.325,-0.084,1.320,0.370
253.437,-0.086,1.324,0.371
253.548,-0.089,1.327,0.372
253.658,-0.099,1.329,0.372
253.770,-0.110,1.329,0.373
253.881,-0.115,1.332,0.370
253.992,-0.111,1.329,0.369
254.103,-0.106,1.323,0.367
254.215,-0.105,1.320,0.367
254.326,-0.103,1.319,0.365
254.437,-0.103,1.319,0.361
254.548,-0.102,1.315,0.359
254.659,-0.102,1.311,0.358
254.769,-0.102,1.309,0.357
254.881,-0.104,1.311,0.358
254.993,-0.105,1.306,0.357
255.103,-0.103,1.302,0.357
255.214,-0.101,1.299,0.356
255.326,-0.104,1.295,0.355
255.437,-0.106,1.297,0.354
255.547,-0.108,1.298,0.355
255.659,-0.111,1.299,0.356
255.770,-0.114,1.302,0.356
255.881,-0.113,1.307,0.357
255.992,-0.107,1.313,0.366
256.103,-0.103,1.320,0.373
256.214,-0.100,1.325,0.383
256.325,-0.097,1.328,0.401
256.436,-0.094,1.325,0.409
256.547,-0.093,1.321,0.409
256.659,-0.097,1.324,0.418
256.770,-0.100,1.321,0.425
256.881,-0.103,1.316,0.423
256.992,-0.111,1.312,0.419
257.104,-0.126,1.308,0.419
257.214,-0.147,1.296,0.412
257.325,-0.165,1.284,0.395
257.440,-0.176,1.278,0.388
257.547,-0.179,1.276,0.385
257.659,-0.176,1.275,0.389
257.770,-0.177,1.268,0.386
257.881,-0.171,1.271,0.387
257.992,-0.161,1.276,0.380
258.103,-0.144,1.290,0.369
258.214,-0.137,1.317,0.362
258.326,-0.133,1.341,0.354
258.437,-0.123,1.360,0.344
258.548,-0.107,1.372,0.335
258.659,-0.100,1.373,0.325
258.771,-0.101,1.368,0.321
258.882,-0.101,1.365,0.317
258.992,-0.101,1.366,0.316
259.104,-0.102,1.372,0.317
259.213,-0.106,1.381,0.318
259.325,-0.112,1.391,0.320
259.437,-0.120,1.399,0.323
259.548,-0.124,1.404,0.326
259.659,-0.126,1.404,0.327
259.770,-0.126,1.403,0.328
259.882,-0.128,1.403,0.327
259.992,-0.134,1.408,0.327
260.104,-0.143,1.420,0.329
260.215,-0.153,1.427,0.330
260.326,-0.163,1.421,0.322
260.437,-0.166,1.412,0.316
260.546,-0.170,1.408,0.313
260.658,-0.169,1.402,0.314
260.770,-0.164,1.399,0.315
260.881,-0.162,1.395,0.313
260.992,-0.159,1.388,0.307
261.103,-0.158,1.386,0.306
261.214,-0.155,1.385,0.305
261.325,-0.153,1.385,0.303
261.436,-0.153,1.383,0.301
261.547,-0.154,1.383,0.301
261.659,-0.158,1.382,0.299
261.770,-0.150,1.380,0.304
261.881,-0.131,1.390,0.312
261.992,-0.098,1.413,0.307
262.104,-0.069,1.432,0.301
262.214,-0.058,1.437,0.296
262.325,-0.057,1.437,0.291
262.436,-0.060,1.438,0.287
262.548,-0.062,1.441,0.285
262.659,-0.064,1.443,0.284
262.770,-0.066,1.445,0.283
262.881,-0.069,1.447,0.282
262.992,-0.074,1.449,0.279
263.102,-0.079,1.448,0.279
263.212,-0.089,1.449,0.281
263.324,-0.103,1.452,0.286
263.437,-0.112,1.447,0.290
263.547,-0.121,1.436,0.298
263.658,-0.131,1.424,0.307
263.770,-0.134,1.413,0.310
263.881,-0.130,1.410,0.315
263.992,-0.131,1.406,0.313
264.104,-0.128,1.403,0.313
264.215,-0.124,1.404,0.313
264.325,-0.121,1.409,0.310
264.437,-0.119,1.415,0.309
264.547,-0.118,1.419,0.307
264.659,-0.118,1.420,0.303
264.771,-0.118,1.423,0.301
264.880,-0.116,1.424,0.296
264.992,-0.117,1.428,0.292
265.103,-0.116,1.428,0.289
265.214,-0.116,1.428,0.288
265.326,-0.116,1.425,0.288
265.433,-0.118,1.424,0.290
265.544,-0.118,1.421,0.290
265.655,-0.117,1.420,0.293
265.766,-0.113,1.420,0.294
265.877,-0.110,1.418,0.293
265.988,-0.110,1.417,0.290
266.099,-0.108,1.417,0.287
266.210,-0.107,1.415,0.284
266.322,-0.104,1.414,0.282
266.431,-0.101,1.414,0.278
266.542,-0.097,1.417,0.275
266.654,-0.093,1.420,0.271
266.766,-0.091,1.423,0.272
266.878,-0.090,1.425,0.273
266.988,-0.086,1.430,0.272
267.098,-0.084,1.437,0.268
267.210,-0.083,1.443,0.261
267.321,-0.079,1.451,0.251
267.433,-0.072,1.460,0.239
267.544,-0.065,1.472,0.230
267.655,-0.058,1.483,0.220
267.767,-0.049,1.492,0.210
267.877,-0.039,1.499,0.203
267.989,-0.031,1.507,0.198
268.100,-0.028,1.509,0.194
268.211,-0.027,1.512,0.193
268.323,-0.026,1.516,0.192
268.434,-0.026,1.516,0.190
268.545,-0.026,1.517,0.185
268.656,-0.028,1.519,0.179
268.768,-0.026,1.524,0.172
268.879,-0.024,1.527,0.166
268.990,-0.025,1.532,0.159
269.101,-0.022,1.536,0.152
269.213,-0.021,1.540,0.146
269.324,-0.021,1.543,0.141
269.433,-0.021,1.545,0.136
269.545,-0.020,1.547,0.130
269.656,-0.021,1.549,0.124
269.767,-0.021,1.552,0.118
269.878,-0.018,1.553,0.115
269.989,-0.014,1.552,0.116
270.101,-0.009,1.553,0.118
270.212,-0.004,1.553,0.120
270.323,0.001,1.554,0.121
270.434,0.005,1.556,0.122
270.545,0.010,1.557,0.123
270.657,0.014,1.558,0.123
270.767,0.016,1.559,0.123
270.879,0.019,1.559,0.125
270.991,0.021,1.560,0.125
271.102,0.021,1.561,0.124
271.213,0.021,1.562,0.122
271.324,0.023,1.561,0.121
271.433,0.023,1.563,0.118
271.544,0.021,1.564,0.117
271.656,0.022,1.564,0.116
271.767,0.023,1.564,0.115
271.879,0.024,1.564,0.115
271.990,0.025,1.565,0.113
272.101,0.023,1.564,0.111
272.212,0.022,1.565,0.110
272.323,0.023,1.550,0.105
272.434,0.028,1.530,0.098
272.546,0.027,1.517,0.089
272.657,0.025,1.508,0.081
272.768,0.022,1.500,0.073
272.879,0.021,1.491,0.067
272.991,0.020,1.484,0.058
273.101,0.021,1.478,0.051
273.213,0.020,1.476,0.046
273.324,0.019,1.476,0.040
273.435,0.017,1.478,0.032
273.546,0.018,1.480,0.026
273.657,0.020,1.481,0.023
273.771,0.023,1.480,0.024
273.880,0.023,1.480,0.024
273.991,0.023,1.480,0.022
274.103,0.023,1.479,0.019
274.214,0.026,1.481,0.018
274.325,0.029,1.484,0.020
274.436,0.027,1.484,0.017
274.548,0.024,1.484,0.014
274.658,0.023,1.486,0.013
274.770,0.024,1.487,0.016
274.881,0.026,1.487,0.020
274.992,0.027,1.488,0.025
275.104,0.026,1.489,0.030
275.214,0.027,1.489,0.034
275.325,0.028,1.488,0.038
275.437,0.029,1.488,0.040
275.548,0.031,1.487,0.041
275.659,0.031,1.487,0.043
275.770,0.031,1.486,0.042
275.881,0.030,1.488,0.039
275.992,0.030,1.488,0.040
276.103,0.032,1.489,0.040
276.214,0.033,1.491,0.041
276.326,0.032,1.495,0.044
276.436,0.030,1.497,0.047
276.547,0.031,1.499,0.052
276.658,0.032,1.504,0.055
276.770,0.034,1.503,0.063
276.880,0.036,1.504,0.067
276.992,0.032,1.507,0.067
277.104,0.031,1.510,0.064
277.214,0.032,1.512,0.064
277.325,0.030,1.519,0.064
277.436,0.027,1.533,0.066
277.547,0.024,1.547,0.065
277.659,0.021,1.556,0.064
277.770,0.018,1.557,0.063
277.881,0.019,1.558,0.062
277.992,0.019,1.559,0.059
278.103,0.021,1.558,0.055
278.214,0.024,1.557,0.052
278.325,0.027,1.558,0.053
278.437,0.029,1.559,0.054
278.548,0.029,1.556,0.054
278.659,0.031,1.556,0.054
278.770,0.032,1.557,0.055
278.881,0.034,1.556,0.056
278.992,0.036,1.557,0.057
279.104,0.035,1.558,0.057
279.214,0.035,1.558,0.059
279.325,0.037,1.557,0.060
279.437,0.038,1.556,0.060
279.547,0.040,1.555,0.060
279.659,0.040,1.555,0.059
279.771,0.040,1.557,0.056
279.881,0.041,1.556,0.054
279.992,0.041,1.557,0.057
280.104,0.041,1.558,0.059
280.214,0.041,1.559,0.063
280.325,0.042,1.561,0.068
280.438,0.042,1.561,0.071
280.548,0.043,1.561,0.074
280.659,0.044,1.561,0.075
280.771,0.046,1.563,0.075
280.881,0.047,1.564,0.076
280.993,0.048,1.564,0.076
281.104,0.048,1.564,0.076
281.215,0.050,1.565,0.077
281.326,0.052,1.565,0.079
281.436,0.055,1.564,0.081
281.548,0.057,1.565,0.084
281.659,0.058,1.565,0.085
281.770,0.058,1.566,0.085
281.881,0.058,1.566,0.085
281.992,0.058,1.567,0.086
282.104,0.058,1.569,0.086
282.215,0.057,1.570,0.086
282.325,0.058,1.571,0.086
282.437,0.062,1.573,0.085
282.547,0.066,1.577,0.085
282.659,0.068,1.578,0.087
282.770,0.066,1.581,0.087
282.881,0.064,1.582,0.087
282.992,0.062,1.582,0.086
283.103,0.061,1.582,0.083
283.215,0.058,1.584,0.081
283.326,0.057,1.585,0.078
283.436,0.055,1.586,0.075
283.547,0.055,1.585,0.070
283.658,0.052,1.584,0.066
283.769,0.049,1.583,0.064
283.880,0.046,1.582,0.063
283.992,0.045,1.579,0.064
284.103,0.042,1.576,0.065
284.215,0.040,1.576,0.067
284.323,0.040,1.574,0.072
284.436,0.040,1.573,0.075
284.548,0.041,1.574,0.074
284.657,0.040,1.574,0.074
284.769,0.039,1.573,0.073
284.879,0.037,1.574,0.071
284.990,0.035,1.574,0.070
285.102,0.032,1.574,0.069
285.213,0.029,1.575,0.069
285.325,0.026,1.576,0.069
285.435,0.023,1.576,0.068
285.547,0.019,1.576,0.067
285.657,0.016,1.577,0.066
285.769,0.012,1.578,0.064
285.880,0.009,1.578,0.062
285.991,0.006,1.578,0.062
286.102,0.004,1.578,0.062
286.213,0.002,1.577,0.062
286.325,0.001,1.576,0.062
286.436,0.001,1.576,0.064
286.546,0.002,1.575,0.064
286.658,0.003,1.575,0.064
286.770,0.003,1.575,0.063
286.879,0.005,1.577,0.064
286.991,0.007,1.578,0.065
287.102,0.010,1.579,0.068
287.214,0.013,1.579,0.072
287.325,0.017,1.578,0.075
287.436,0.021,1.578,0.076
287.547,0.026,1.577,0.076
287.658,0.030,1.576,0.076
287.770,0.032,1.574,0.074
287.881,0.033,1.573,0.072
287.992,0.032,1.573,0.070
288.103,0.030,1.575,0.068
288.214,0.025,1.575,0.065
288.326,0.021,1.576,0.063
288.436,0.016,1.577,0.059
288.547,0.013,1.579,0.057
288.658,0.012,1.581,0.057
288.770,0.011,1.583,0.059
288.881,0.013,1.583,0.061
288.992,0.015,1.581,0.061
289.102,0.016,1.583,0.064
289.213,0.017,1.583,0.066
289.325,0.018,1.584,0.069
289.436,0.018,1.584,0.070
289.547,0.019,1.584,0.070
289.658,0.019,1.585,0.070
289.769,0.020,1.586,0.070
289.880,0.021,1.587,0.069
289.991,0.022,1.588,0.068
290.103,0.023,1.587,0.067
290.213,0.025,1.588,0.066
290.324,0.025,1.588,0.064
290.435,0.026,1.589,0.061
290.547,0.027,1.589,0.059
290.659,0.026,1.590,0.058
290.769,0.022,1.589,0.058
290.881,0.018,1.590,0.058
290.992,0.015,1.590,0.057
291.103,0.015,1.590,0.055
291.214,0.014,1.590,0.052
291.325,0.011,1.590,0.047
291.436,0.007,1.591,0.042
291.548,0.002,1.592,0.036
291.658,-0.004,1.592,0.030
291.770,-0.009,1.593,0.023
291.881,-0.015,1.593,0.016
291.991,-0.019,1.595,0.010
292.103,-0.024,1.594,0.006
292.214,-0.026,1.594,0.004
292.325,-0.028,1.594,0.002
292.437,-0.029,1.595,0.000
292.547,-0.030,1.595,-0.002
292.658,-0.030,1.595,-0.005
292.770,-0.030,1.595,-0.009
292.881,-0.031,1.596,-0.012
292.992,-0.031,1.595,-0.014
293.103,-0.030,1.595,-0.016
293.215,-0.027,1.595,-0.016
293.326,-0.025,1.595,-0.016
293.437,-0.024,1.596,-0.013
293.547,-0.023,1.598,-0.007
293.658,-0.020,1.598,0.007
293.769,-0.008,1.598,0.025
293.880,0.010,1.596,0.038
293.991,0.029,1.596,0.045
294.103,0.041,1.597,0.047
294.214,0.043,1.595,0.046
294.325,0.042,1.593,0.043
294.436,0.039,1.590,0.040
294.548,0.034,1.588,0.038
294.658,0.030,1.589,0.039
294.769,0.027,1.586,0.040
294.880,0.024,1.584,0.039
294.992,0.023,1.583,0.038
295.103,0.022,1.583,0.037
295.213,0.021,1.583,0.036
295.325,0.019,1.583,0.034
295.436,0.018,1.582,0.031
295.547,0.018,1.582,0.029
295.658,0.016,1.582,0.026
295.769,0.014,1.582,0.023
295.880,0.013,1.583,0.021
295.992,0.013,1.583,0.020
296.103,0.013,1.583,0.021
296.214,0.014,1.583,0.023
296.325,0.015,1.583,0.024
296.437,0.016,1.583,0.025
296.548,0.018,1.583,0.025
296.658,0.020,1.584,0.026
296.770,0.021,1.585,0.027
296.880,0.023,1.585,0.029
296.992,0.024,1.585,0.030
297.104,0.026,1.585,0.031
297.212,0.029,1.586,0.031
297.323,0.033,1.586,0.032
297.434,0.038,1.586,0.033
297.544,0.045,1.586,0.035
297.656,0.050,1.587,0.039
297.768,0.053,1.588,0.043
297.878,0.055,1.589,0.044
297.990,0.058,1.589,0.044
298.102,0.058,1.588,0.042
298.213,0.058,1.588,0.041
298.323,0.057,1.588,0.040
298.435,0.056,1.587,0.039
298.546,0.054,1.587,0.039
298.658,0.052,1.586,0.039
298.769,0.051,1.586,0.040
298.880,0.050,1.586,0.041
298.992,0.050,1.586,0.043
299.101,0.049,1.585,0.045
299.211,0.049,1.585,0.047
299.322,0.048,1.585,0.048
299.434,0.048,1.585,0.049
299.545,0.048,1.585,0.050
299.657,0.049,1.586,0.051
299.768,0.049,1.586,0.051
299.879,0.049,1.586,0.051
299.990,0.049,1.587,0.050
300.101,0.049,1.587,0.050
300.212,0.050,1.587,0.049
300.324,0.050,1.587,0.049
300.435,0.001,1.588,0.000
300.546,0.002,1.588,0.001
300.656,0.003,1.589,0.001
300.767,0.004,1.592,0.002
300.879,0.004,1.592,0.002
300.989,0.004,1.592,0.002
301.101,0.004,1.591,0.003
301.212,0.005,1.592,0.003
301.323,0.005,1.592,0.002
301.434,0.005,1.592,0.002
301.545,0.005,1.592,0.002
301.657,0.005,1.592,0.001
301.768,0.004,1.592,0.001
301.879,0.004,1.593,0.001
301.991,0.003,1.593,0.000
302.102,0.002,1.592,0.000
302.213,0.001,1.592,0.000
302.324,0.001,1.592,0.001
302.436,0.001,1.592,0.001
302.546,0.001,1.591,0.002
302.657,0.000,1.591,0.003
302.769,0.000,1.591,0.005
302.880,-0.001,1.590,0.007
302.991,-0.001,1.590,0.009
303.102,-0.001,1.590,0.011
303.213,-0.002,1.590,0.012
303.324,-0.002,1.590,0.012
303.435,-0.003,1.591,0.011
303.546,-0.004,1.593,0.009
303.657,-0.006,1.594,0.009
303.769,-0.007,1.595,0.008
303.880,-0.007,1.595,0.007
303.992,-0.006,1.596,0.007
304.103,0.001,1.596,0.000
304.214,0.002,1.597,-0.001
304.323,0.003,1.597,-0.001
304.434,0.005,1.597,-0.002
304.546,0.006,1.598,-0.001
304.657,0.008,1.597,-0.001
304.770,0.010,1.597,0.000
304.879,0.012,1.597,0.001
304.990,0.012,1.597,0.002
305.102,0.012,1.598,0.003
305.212,0.009,1.599,0.003
305.324,0.005,1.599,0.002
305.436,0.001,1.599,0.002
305.547,-0.005,1.599,0.000
305.657,-0.008,1.599,-0.002
305.768,-0.011,1.599,-0.005
305.880,-0.014,1.599,-0.007
305.991,-0.015,1.599,-0.006
306.101,-0.014,1.598,-0.006
306.212,-0.012,1.596,-0.006
306.323,-0.012,1.596,-0.006
306.435,-0.012,1.595,-0.006
306.545,-0.014,1.595,-0.008
306.656,-0.016,1.594,-0.009
306.767,-0.017,1.594,-0.010
306.879,-0.016,1.594,-0.010
306.990,-0.014,1.594,-0.009
307.101,-0.012,1.594,-0.010
307.212,-0.011,1.595,-0.011
307.323,-0.010,1.596,-0.012
307.434,-0.011,1.596,-0.013
307.546,-0.011,1.595,-0.014
307.658,-0.011,1.595,-0.016
307.768,-0.010,1.595,-0.017
307.879,-0.008,1.594,-0.018
307.990,-0.007,1.593,-0.020
308.101,-0.004,1.592,-0.020
308.212,0.003,1.592,-0.020
308.324,0.009,1.593,-0.019
308.435,0.013,1.593,-0.021
308.546,0.016,1.593,-0.021
308.657,0.017,1.593,-0.020
308.769,0.018,1.596,-0.018
308.879,0.019,1.597,-0.017
308.991,0.020,1.597,-0.018
309.102,0.020,1.597,-0.020
309.213,0.020,1.598,-0.023
309.324,0.020,1.598,-0.024
309.435,0.019,1.597,-0.025
309.546,0.019,1.597,-0.026
309.657,0.020,1.597,-0.027
309.768,0.021,1.596,-0.027
309.880,0.021,1.596,-0.027
309.990,0.020,1.596,-0.027
310.102,0.019,1.596,-0.027
310.213,0.019,1.596,-0.026
310.323,0.017,1.597,-0.026
310.435,0.016,1.598,-0.026
310.544,0.013,1.599,-0.025
310.654,0.012,1.599,-0.024
310.765,0.011,1.598,-0.022
310.877,0.011,1.598,-0.021
310.987,0.011,1.599,-0.019
311.099,0.010,1.599,-0.016
311.211,0.009,1.600,-0.013
311.321,-0.001,1.601,0.003
311.433,-0.003,1.600,0.007
311.544,-0.006,1.600,0.012
311.656,-0.007,1.601,0.016
311.767,-0.009,1.600,0.019
311.878,-0.010,1.599,0.022
311.990,-0.010,1.599,0.026
312.102,-0.011,1.599,0.029
312.212,-0.011,1.598,0.031
312.324,-0.010,1.598,0.033
312.434,-0.010,1.597,0.033
312.545,-0.008,1.596,0.031
312.656,-0.007,1.598,0.029
312.768,-0.006,1.598,0.028
312.879,-0.006,1.598,0.026
312.979,-0.008,1.597,0.025
313.086,-0.012,1.596,0.021
313.196,-0.018,1.596,0.016
313.307,-0.027,1.597,0.010
313.419,-0.035,1.598,0.005
313.530,-0.043,1.600,0.002
313.641,-0.049,1.601,0.002
313.752,-0.054,1.601,0.003
313.863,-0.056,1.601,0.007
313.974,-0.057,1.601,0.010
314.085,-0.058,1.600,0.010
314.197,-0.059,1.600,0.006
314.308,-0.061,1.602,0.001
314.420,-0.066,1.603,0.000
314.532,-0.072,1.605,0.000
314.643,-0.079,1.609,-0.002
314.754,-0.085,1.612,-0.004
314.866,-0.092,1.612,-0.006
314.977,-0.095,1.611,-0.008
315.088,-0.098,1.611,-0.011
315.200,-0.102,1.608,-0.013
315.311,-0.108,1.611,-0.016
315.422,-0.115,1.611,-0.019
315.533,-0.122,1.612,-0.020
315.644,-0.128,1.612,-0.020
315.755,-0.134,1.613,-0.019
315.866,-0.136,1.611,-0.018
315.977,-0.139,1.609,-0.015
316.088,-0.143,1.608,-0.009
316.200,-0.147,1.607,-0.003
316.311,-0.146,1.603,0.004
316.422,-0.140,1.602,0.010
316.533,-0.132,1.601,0.014
316.644,-0.123,1.602,0.016
316.755,-0.112,1.600,0.017
316.867,-0.105,1.602,0.019
316.977,-0.093,1.604,0.025
317.088,-0.075,1.605,0.031
317.201,-0.050,1.605,0.037
317.312,-0.025,1.606,0.036
317.423,-0.009,1.606,0.031
317.533,-0.001,1.607,0.026
317.645,0.002,1.608,0.022
317.756,0.002,1.610,0.022
317.867,0.001,1.609,0.022
317.978,0.001,1.609,0.022
318.090,0.001,1.608,0.021
318.200,0.002,1.608,0.018
318.311,0.001,1.608,0.014
318.422,0.001,1.608,0.010
318.534,0.000,1.608,0.005
318.644,0.000,1.608,0.001
318.756,-0.001,1.609,-0.002
318.867,-0.002,1.609,-0.004
318.978,-0.004,1.609,-0.006
319.089,-0.006,1.609,-0.007
319.199,-0.008,1.609,-0.008
319.308,-0.009,1.608,-0.008
319.420,-0.009,1.607,-0.009
319.531,-0.009,1.607,-0.010
319.642,-0.010,1.607,-0.010
319.753,-0.009,1.607,-0.011
319.865,-0.008,1.606,-0.012
319.976,-0.008,1.606,-0.013
320.087,-0.007,1.606,-0.015
320.199,-0.005,1.606,-0.016
320.309,-0.005,1.607,-0.017
320.420,-0.005,1.607,-0.018
320.532,-0.005,1.608,-0.018
320.643,-0.005,1.608,-0.017
320.754,-0.006,1.608,-0.016
320.865,-0.006,1.608,-0.015
320.977,-0.006,1.608,-0.014
321.088,0.000,1.609,0.000
321.198,0.001,1.609,0.002
321.310,0.002,1.609,0.002
321.420,0.003,1.608,0.003
321.533,0.004,1.608,0.004
321.643,0.007,1.609,0.006
321.754,0.010,1.609,0.009
321.866,0.014,1.608,0.013
321.977,0.016,1.608,0.017
322.087,0.017,1.608,0.021
322.198,0.015,1.607,0.025
322.310,0.011,1.608,0.028
322.421,0.001,1.609,0.031
322.532,-0.007,1.608,0.032
322.644,-0.015,1.608,0.032
322.755,-0.020,1.608,0.032
322.866,-0.023,1.608,0.031
322.977,-0.022,1.608,0.031
323.088,-0.022,1.608,0.030
323.200,-0.022,1.608,0.028
323.310,-0.020,1.608,0.027
323.421,-0.019,1.608,0.026
323.533,-0.018,1.608,0.025
323.644,-0.016,1.609,0.024
323.755,-0.015,1.609,0.023
323.866,-0.015,1.609,0.023
323.977,-0.016,1.609,0.023
324.088,-0.015,1.608,0.024
324.198,-0.014,1.608,0.025
324.310,-0.013,1.608,0.025
324.421,-0.012,1.608,0.026
324.532,-0.010,1.608,0.026
324.644,-0.009,1.608,0.027
324.755,-0.008,1.609,0.027
324.866,-0.007,1.609,0.028
324.978,-0.006,1.609,0.028
325.088,-0.005,1.609,0.030
325.200,-0.006,1.609,0.031
325.311,-0.005,1.609,0.033
325.424,-0.004,1.609,0.034
325.534,-0.004,1.608,0.034
325.644,-0.004,1.608,0.034
325.756,-0.004,1.607,0.034
325.868,-0.005,1.607,0.033
325.978,-0.005,1.607,0.033
326.090,-0.005,1.608,0.033
326.200,-0.004,1.607,0.035
326.311,-0.001,1.608,0.038
326.423,0.001,1.609,0.042
326.534,0.003,1.610,0.047
326.645,0.005,1.608,0.055
326.753,0.006,1.606,0.068
326.865,0.003,1.605,0.082
326.976,-0.005,1.607,0.101
327.088,-0.019,1.604,0.125
327.199,-0.037,1.601,0.152
327.311,-0.057,1.604,0.181
327.420,-0.074,1.606,0.209
327.533,-0.084,1.607,0.233
327.644,-0.089,1.611,0.253
327.754,-0.089,1.611,0.271
327.866,-0.086,1.609,0.285
327.976,-0.078,1.611,0.296
328.088,-0.068,1.611,0.305
328.199,-0.059,1.610,0.312
328.310,-0.052,1.610,0.315
328.421,-0.049,1.611,0.319
328.532,-0.047,1.612,0.324
328.644,-0.048,1.612,0.329
328.755,-0.050,1.610,0.334
328.866,-0.056,1.608,0.338
328.977,-0.062,1.609,0.338
329.089,-0.068,1.610,0.338
329.200,-0.072,1.610,0.338
329.311,-0.073,1.609,0.338
329.422,-0.077,1.609,0.337
329.533,-0.078,1.609,0.336
329.644,-0.077,1.609,0.334
329.755,-0.076,1.610,0.332
329.868,-0.076,1.611,0.329
329.977,-0.076,1.612,0.327
330.088,-0.076,1.613,0.323
330.199,-0.077,1.613,0.321
330.311,-0.077,1.613,0.319
330.423,-0.077,1.613,0.318
330.533,-0.077,1.612,0.317
330.644,-0.078,1.612,0.317
330.755,-0.079,1.612,0.317
330.868,-0.080,1.611,0.317
330.977,-0.080,1.611,0.317
331.089,-0.081,1.610,0.317
331.200,-0.082,1.610,0.319
331.311,-0.083,1.610,0.321
331.422,-0.085,1.610,0.324
331.533,-0.086,1.609,0.327
331.644,-0.088,1.609,0.330
331.756,-0.090,1.608,0.333
331.868,-0.093,1.609,0.337
331.978,-0.094,1.609,0.341
332.089,-0.095,1.610,0.343
332.201,-0.096,1.610,0.343
332.311,-0.096,1.610,0.342
332.423,-0.096,1.610,0.342
332.534,-0.096,1.610,0.341
332.645,-0.097,1.611,0.339
332.757,-0.098,1.611,0.337
332.867,-0.098,1.612,0.337
332.978,-0.098,1.611,0.336
333.090,-0.097,1.611,0.336
333.200,-0.097,1.611,0.335
333.314,-0.096,1.611,0.334
333.422,-0.096,1.611,0.333
333.533,-0.095,1.611,0.333
333.645,-0.094,1.611,0.332
333.745,-0.093,1.611,0.331
333.853,-0.092,1.612,0.330
333.963,-0.092,1.611,0.329
334.075,-0.092,1.611,0.328
334.186,-0.091,1.610,0.328
334.297,-0.091,1.610,0.328
334.409,-0.091,1.610,0.327
334.520,-0.090,1.610,0.327
334.631,-0.090,1.610,0.326
334.742,-0.090,1.610,0.326
334.850,-0.091,1.610,0.326
334.961,-0.091,1.610,0.327
335.072,-0.091,1.610,0.327
335.184,-0.091,1.610,0.327
335.295,-0.091,1.610,0.327
335.408,-0.091,1.610,0.329
335.518,-0.092,1.609,0.329
335.629,-0.092,1.610,0.330
335.740,-0.093,1.610,0.330
335.851,-0.093,1.610,0.330
335.962,-0.093,1.611,0.331
336.074,-0.093,1.611,0.331
336.192,-0.092,1.611,0.331
336.293,-0.092,1.611,0.331
336.405,-0.091,1.612,0.332
336.516,-0.090,1.612,0.331
336.627,-0.090,1.611,0.331
336.737,-0.091,1.612,0.331
336.848,-0.091,1.612,0.331
336.961,0.000,1.612,0.000
337.071,0.001,1.612,0.000
337.182,0.001,1.613,0.001
337.294,0.001,1.616,0.001
337.405,0.001,1.615,0.003
337.516,0.001,1.616,0.005
337.626,0.001,1.615,0.006
337.738,0.001,1.614,0.008
337.850,0.000,1.615,0.011
337.961,-0.002,1.616,0.015
338.072,-0.003,1.616,0.017
338.183,-0.003,1.616,0.020
338.295,-0.004,1.615,0.021
338.406,-0.007,1.614,0.021
338.518,-0.014,1.615,0.020
338.629,-0.021,1.615,0.018
338.740,-0.026,1.615,0.017
338.851,-0.030,1.615,0.015
338.963,-0.032,1.616,0.014
339.073,-0.034,1.616,0.013
339.184,-0.034,1.616,0.011
339.296,-0.034,1.615,0.009
339.411,-0.033,1.616,0.009
339.515,-0.030,1.616,0.008
339.626,-0.025,1.617,0.008
339.738,-0.019,1.618,0.008
339.851,-0.011,1.619,0.008
339.961,-0.003,1.619,0.008
340.072,0.005,1.619,0.006
340.185,0.011,1.619,0.003
340.296,0.014,1.619,-0.001
340.408,0.016,1.619,-0.004
340.518,0.017,1.620,-0.006
340.629,0.016,1.620,-0.006
340.741,0.014,1.619,-0.005
340.851,0.011,1.619,-0.004
340.963,0.009,1.618,-0.004
341.075,0.009,1.618,-0.005
341.187,0.012,1.619,-0.010
341.297,0.019,1.622,-0.016
341.409,0.025,1.623,-0.024
341.521,0.030,1.625,-0.031
341.632,0.033,1.627,-0.037
341.741,0.034,1.628,-0.041
341.853,0.032,1.628,-0.043
341.965,0.029,1.628,-0.041
342.076,0.026,1.628,-0.037
342.187,0.021,1.630,-0.028
342.298,0.014,1.631,-0.014
342.409,0.005,1.631,0.002
342.517,-0.009,1.631,0.016
342.628,-0.026,1.632,0.024
342.739,-0.043,1.632,0.025
342.851,-0.061,1.632,0.020
342.961,-0.077,1.632,0.012
343.073,-0.091,1.633,0.000
343.184,-0.106,1.634,-0.013
343.295,-0.118,1.632,-0.026
343.407,-0.128,1.629,-0.038
343.518,-0.134,1.627,-0.046
343.630,-0.138,1.626,-0.047
343.741,-0.140,1.625,-0.042
343.852,-0.141,1.625,-0.034
343.964,-0.141,1.625,-0.026
344.074,-0.140,1.624,-0.018
344.186,-0.136,1.624,-0.013
344.297,-0.133,1.625,-0.007
344.406,-0.130,1.624,-0.002
344.518,-0.127,1.623,0.002
344.630,-0.126,1.616,0.006
344.740,-0.126,1.600,0.011
344.851,-0.124,1.587,0.015
344.963,-0.117,1.579,0.021
345.073,-0.107,1.573,0.027
345.186,-0.097,1.568,0.034
345.296,-0.087,1.568,0.040
345.407,-0.076,1.570,0.045
345.519,-0.062,1.578,0.048
345.629,-0.046,1.587,0.049
345.741,-0.031,1.600,0.046
345.848,-0.016,1.610,0.040
345.960,-0.006,1.616,0.034
346.072,0.000,1.619,0.028
346.184,0.004,1.619,0.021
346.294,0.005,1.621,0.015
346.406,0.005,1.622,0.009
346.518,0.004,1.622,0.004
346.629,0.000,1.623,0.000
346.740,-0.006,1.625,-0.002
346.851,-0.015,1.627,-0.003
346.962,-0.029,1.628,-0.004
347.073,-0.045,1.629,-0.007
347.185,-0.061,1.629,-0.014
347.295,-0.076,1.629,-0.022
347.407,-0.088,1.629,-0.030
347.518,-0.096,1.630,-0.036
347.629,-0.103,1.629,-0.041
347.740,-0.108,1.629,-0.044
347.852,-0.113,1.628,-0.045
347.963,-0.118,1.627,-0.043
348.074,-0.122,1.626,-0.036
348.185,-0.124,1.625,-0.030
348.297,-0.124,1.625,-0.022
348.405,-0.123,1.625,-0.014
348.517,-0.119,1.625,-0.009
348.628,-0.116,1.626,-0.007
348.739,-0.114,1.626,-0.007
348.851,-0.112,1.625,-0.007
348.961,-0.110,1.626,-0.008
349.073,-0.108,1.627,-0.008
349.184,-0.108,1.627,-0.007
349.295,-0.109,1.627,-0.005
349.406,-0.110,1.627,-0.004
349.517,-0.111,1.626,-0.004
349.628,-0.111,1.626,-0.004
349.740,-0.110,1.626,-0.004
349.851,-0.109,1.626,-0.004
349.962,-0.108,1.625,-0.004
350.075,-0.106,1.624,-0.005
350.185,-0.105,1.623,-0.008
350.296,-0.106,1.621,-0.012
350.407,-0.106,1.619,-0.014
350.519,-0.107,1.618,-0.015
350.630,-0.108,1.617,-0.016
350.741,-0.109,1.617,-0.017
350.852,-0.110,1.617,-0.018
350.963,-0.111,1.617,-0.021
351.074,-0.113,1.617,-0.023
351.186,-0.114,1.618,-0.026
351.298,-0.115,1.618,-0.027
351.408,-0.115,1.618,-0.029
351.519,-0.114,1.618,-0.030
351.630,-0.114,1.618,-0.032
351.742,-0.113,1.618,-0.033
351.853,-0.113,1.618,-0.032
351.964,-0.113,1.618,-0.032
352.075,-0.113,1.618,-0.031
352.186,-0.113,1.617,-0.030
352.294,-0.114,1.617,-0.028
352.406,-0.113,1.617,-0.026
352.518,-0.113,1.616,-0.023
352.629,-0.113,1.616,-0.021
352.740,-0.112,1.616,-0.018
352.852,-0.112,1.616,-0.016
352.963,-0.112,1.616,-0.014
353.074,-0.111,1.616,-0.013
353.185,-0.111,1.616,-0.012
353.296,-0.111,1.617,-0.011
353.407,-0.111,1.617,-0.011
353.519,-0.111,1.616,-0.011
353.629,-0.111,1.616,-0.010
353.741,-0.110,1.614,-0.008
353.852,-0.106,1.611,-0.004
353.964,-0.100,1.607,0.003
354.074,-0.092,1.605,0.008
354.186,-0.082,1.605,0.012
354.297,-0.073,1.604,0.013
354.408,-0.063,1.604,0.012
354.519,-0.054,1.605,0.010
354.630,-0.048,1.606,0.007
354.738,-0.046,1.607,0.004
354.850,-0.049,1.608,-0.001
354.961,-0.053,1.609,-0.007
355.072,-0.061,1.611,-0.012
355.184,-0.070,1.612,-0.017
355.294,-0.079,1.613,-0.021
355.404,-0.088,1.613,-0.024
355.516,-0.096,1.613,-0.027
355.628,-0.104,1.613,-0.030
355.738,-0.110,1.614,-0.033
355.850,-0.117,1.614,-0.035
355.961,-0.123,1.614,-0.037
356.072,-0.127,1.614,-0.038
356.184,-0.130,1.615,-0.038
356.295,-0.133,1.615,-0.038
356.406,-0.135,1.615,-0.037
356.517,-0.136,1.615,-0.035
356.628,-0.136,1.614,-0.033
356.740,-0.135,1.613,-0.031
356.851,-0.133,1.613,-0.030
356.962,-0.130,1.613,-0.028
357.073,-0.128,1.613,-0.028
357.185,-0.126,1.613,-0.029
357.295,-0.123,1.613,-0.031
357.407,-0.120,1.613,-0.031
357.518,-0.117,1.614,-0.032
357.629,-0.114,1.614,-0.033
357.740,-0.110,1.614,-0.033
357.852,-0.106,1.614,-0.033
357.962,-0.103,1.615,-0.034
358.074,-0.100,1.615,-0.035
358.185,-0.098,1.614,-0.039
358.298,-0.098,1.613,-0.045
358.407,-0.095,1.612,-0.048
358.519,-0.092,1.612,-0.048
358.631,-0.091,1.612,-0.049
358.740,-0.092,1.612,-0.048
358.851,-0.094,1.612,-0.049
358.963,-0.096,1.610,-0.049
359.074,-0.096,1.609,-0.049
359.185,-0.095,1.608,-0.049
359.296,-0.095,1.607,-0.048
359.408,-0.094,1.605,-0.046
359.519,-0.095,1.604,-0.045
359.630,-0.096,1.603,-0.046
359.740,-0.097,1.602,-0.048
359.852,-0.096,1.602,-0.050
359.963,-0.095,1.602,-0.051
360.074,-0.093,1.601,-0.052
360.187,-0.092,1.601,-0.052
360.295,-0.092,1.601,-0.052
360.406,-0.092,1.600,-0.053
360.517,-0.091,1.600,-0.055
360.629,-0.090,1.600,-0.056
360.740,-0.089,1.601,-0.059
360.851,-0.089,1.602,-0.061
360.962,-0.089,1.603,-0.062
361.073,-0.090,1.606,-0.062
361.185,-0.090,1.607,-0.061
361.295,-0.088,1.607,-0.060
361.407,-0.085,1.607,-0.059
361.518,-0.083,1.608,-0.060
361.630,-0.080,1.608,-0.062
361.741,-0.078,1.608,-0.064
361.852,-0.078,1.608,-0.064
361.964,-0.079,1.607,-0.063
362.075,-0.081,1.607,-0.063
362.185,-0.081,1.607,-0.063
362.296,-0.081,1.607,-0.063
362.407,-0.082,1.609,-0.066
362.517,-0.082,1.610,-0.069
362.627,-0.082,1.612,-0.072
362.739,-0.082,1.615,-0.072
362.851,-0.081,1.616,-0.070
362.963,-0.080,1.615,-0.068
363.074,-0.078,1.614,-0.065
363.184,-0.076,1.614,-0.061
363.294,-0.073,1.614,-0.059
363.405,-0.071,1.614,-0.056
363.517,-0.070,1.611,-0.055
363.628,-0.069,1.612,-0.052
363.739,-0.070,1.612,-0.049
363.850,-0.073,1.612,-0.045
363.962,-0.075,1.610,-0.039
364.073,-0.077,1.609,-0.033
364.184,-0.079,1.608,-0.032
364.296,-0.080,1.607,-0.032
364.407,-0.081,1.607,-0.028
364.518,-0.084,1.607,-0.027
364.628,-0.086,1.607,-0.028
364.740,-0.088,1.608,-0.029
364.851,-0.090,1.608,-0.031
364.962,-0.091,1.608,-0.032
365.074,-0.094,1.607,-0.033
365.185,-0.096,1.607,-0.034
365.296,-0.097,1.607,-0.034
365.407,-0.096,1.605,-0.036
365.519,-0.095,1.605,-0.040
365.630,-0.094,1.607,-0.041
365.741,-0.095,1.607,-0.041
365.852,-0.096,1.607,-0.042
365.963,-0.097,1.606,-0.044
366.073,-0.096,1.606,-0.045
366.185,-0.095,1.606,-0.046
366.296,-0.093,1.607,-0.045
366.407,-0.091,1.608,-0.042
366.518,-0.091,1.608,-0.039
366.629,-0.091,1.607,-0.036
366.740,-0.091,1.605,-0.034
366.852,-0.090,1.605,-0.033
366.963,-0.088,1.605,-0.032
367.074,-0.087,1.605,-0.032
367.185,-0.086,1.605,-0.032
367.295,-0.085,1.605,-0.031
367.408,-0.084,1.605,-0.030
367.518,-0.083,1.605,-0.030
367.630,-0.080,1.606,-0.029
367.741,-0.074,1.606,-0.027
367.853,-0.067,1.607,-0.025
367.965,-0.060,1.608,-0.022
368.076,-0.050,1.609,-0.019
368.186,-0.041,1.610,-0.017
368.298,-0.029,1.609,-0.018
368.409,-0.018,1.608,-0.022
368.520,-0.010,1.607,-0.030
368.632,-0.003,1.605,-0.039
368.742,0.001,1.604,-0.047
368.854,0.004,1.604,-0.050
368.966,0.004,1.604,-0.049
369.077,0.005,1.604,-0.043
369.188,0.004,1.604,-0.036
369.299,0.004,1.603,-0.030
369.408,0.004,1.600,-0.023
369.520,0.004,1.598,-0.018
369.632,0.005,1.595,-0.016
369.743,0.006,1.593,-0.016
369.854,0.009,1.592,-0.015
369.965,0.012,1.593,-0.013
370.075,0.016,1.592,-0.012
370.187,0.023,1.590,-0.012
370.297,0.028,1.590,-0.010
370.409,0.030,1.591,-0.007
370.521,0.033,1.591,-0.003
370.632,0.037,1.591,0.004
370.742,0.041,1.592,0.013
370.853,0.042,1.594,0.027
370.964,0.033,1.592,0.041
371.074,0.013,1.592,0.052
371.186,-0.009,1.592,0.061
371.297,-0.033,1.590,0.073
371.408,-0.061,1.587,0.087
371.518,-0.097,1.586,0.106
371.630,-0.138,1.587,0.131
371.742,-0.180,1.594,0.161
371.853,-0.218,1.595,0.197
371.965,-0.254,1.594,0.240
372.075,-0.288,1.592,0.287
372.186,-0.320,1.586,0.340
372.298,-0.358,1.592,0.394
372.409,-0.400,1.598,0.442
372.520,-0.450,1.599,0.482
372.631,-0.507,1.594,0.513
372.742,-0.570,1.587,0.537
372.853,-0.638,1.589,0.552
372.965,-0.704,1.597,0.566
373.076,-0.767,1.602,0.584
373.187,-0.825,1.603,0.605
373.298,-0.879,1.597,0.626
373.409,-0.929,1.592,0.647
373.520,-0.975,1.595,0.664
373.631,-1.015,1.597,0.678
373.743,-1.045,1.599,0.685
373.854,-1.068,1.598,0.687
373.965,-1.084,1.595,0.683
374.076,-1.096,1.593,0.677
374.187,-1.105,1.592,0.672
374.298,-1.109,1.589,0.671
374.410,-1.112,1.587,0.670
374.520,-1.113,1.585,0.670
374.632,-1.114,1.585,0.672
374.742,-1.116,1.584,0.674
374.853,-1.120,1.586,0.672
374.964,-1.125,1.586,0.670
375.075,-1.132,1.586,0.667
375.186,-1.137,1.585,0.664
375.298,-1.143,1.585,0.661
375.408,-1.147,1.585,0.658
375.519,-1.149,1.585,0.655
375.631,-1.154,1.587,0.650
375.743,-1.171,1.593,0.637
375.854,-1.198,1.593,0.617
375.965,-1.229,1.587,0.593
376.077,-1.250,1.580,0.572
376.187,-1.254,1.580,0.561
376.299,-1.245,1.587,0.560
376.410,-1.229,1.590,0.564
376.521,-1.211,1.590,0.570
376.632,-1.193,1.592,0.578
376.744,-1.174,1.594,0.586
376.854,-1.161,1.591,0.593
376.965,-1.153,1.577,0.604
377.076,-1.144,1.565,0.617
377.187,-1.138,1.561,0.629
377.299,-1.134,1.558,0.640
377.410,-1.133,1.556,0.647
377.520,-1.129,1.554,0.652
377.632,-1.126,1.557,0.656
377.742,-1.124,1.557,0.659
377.853,-1.124,1.557,0.661
377.965,-1.127,1.560,0.666
378.076,-1.132,1.563,0.671
378.187,-1.138,1.566,0.676
378.299,-1.146,1.570,0.681
378.409,-1.159,1.575,0.685
378.521,-1.177,1.579,0.686
378.632,-1.198,1.581,0.684
378.743,-1.222,1.579,0.679
378.854,-1.254,1.577,0.666
378.965,-1.301,1.571,0.648
379.077,-1.361,1.561,0.623
379.188,-1.421,1.546,0.598
379.298,-1.469,1.528,0.580
379.409,-1.496,1.517,0.568
379.521,-1.500,1.520,0.564
379.632,-1.483,1.533,0.566
379.743,-1.451,1.548,0.575
379.854,-1.411,1.558,0.587
379.966,-1.366,1.565,0.605
380.077,-1.321,1.571,0.626
380.188,-1.280,1.578,0.646
380.299,-1.247,1.581,0.661
380.410,-1.218,1.582,0.669
380.521,-1.194,1.581,0.671
380.633,-1.177,1.581,0.670
380.743,-1.163,1.581,0.666
380.855,-1.155,1.581,0.661
380.966,-1.148,1.583,0.656
381.076,-1.143,1.584,0.652
381.187,-1.139,1.584,0.648
381.298,-1.137,1.585,0.646
381.409,-1.137,1.585,0.645
381.520,-1.140,1.587,0.644
381.631,-1.145,1.587,0.645
381.742,-1.150,1.586,0.646
381.852,-1.155,1.582,0.646
381.964,-1.160,1.576,0.647
382.075,-1.166,1.570,0.648
382.187,-1.171,1.571,0.650
382.298,-1.177,1.564,0.650
382.409,-1.185,1.560,0.651
382.520,-1.192,1.553,0.654
382.631,-1.202,1.536,0.658
382.743,-1.215,1.518,0.661
382.853,-1.229,1.503,0.662
382.965,-1.243,1.492,0.660
383.075,-1.259,1.472,0.654
383.186,-1.278,1.438,0.644
383.297,-1.298,1.397,0.633
383.409,-1.323,1.339,0.620
383.519,-1.348,1.254,0.610
383.631,-1.366,1.150,0.610
383.742,-1.373,1.033,0.614
383.853,-1.371,0.928,0.621
383.964,-1.365,0.863,0.624
384.075,-1.360,0.857,0.626
384.186,-1.355,0.918,0.630
384.297,-1.344,1.021,0.633
384.409,-1.325,1.157,0.638
384.520,-1.286,1.304,0.648
384.631,-1.236,1.425,0.664
384.742,-1.186,1.507,0.679
384.854,-1.144,1.559,0.688
384.965,-1.107,1.590,0.694
385.077,-1.081,1.606,0.695
385.188,-1.068,1.611,0.695
385.298,-1.066,1.611,0.694
385.409,-1.069,1.608,0.692
385.520,-1.073,1.608,0.694
385.631,-1.078,1.608,0.700
385.742,-1.086,1.607,0.707
385.853,-1.091,1.602,0.717
385.965,-1.093,1.599,0.727
386.076,-1.094,1.598,0.734
386.187,-1.095,1.597,0.739
386.298,-1.095,1.597,0.743
386.409,-1.093,1.595,0.743
386.520,-1.092,1.593,0.741
386.632,-1.098,1.595,0.739
386.746,-1.111,1.598,0.737
386.853,-1.130,1.593,0.739
386.964,-1.156,1.588,0.741
387.076,-1.192,1.580,0.740
387.185,-1.240,1.573,0.736
387.297,-1.295,1.558,0.727
387.407,-1.358,1.546,0.712
387.518,-1.419,1.538,0.699
387.629,-1.473,1.527,0.691
387.741,-1.515,1.513,0.686
387.852,-1.546,1.502,0.682
387.963,-1.568,1.494,0.680
388.074,-1.582,1.488,0.680
388.185,-1.586,1.489,0.681
388.296,-1.579,1.495,0.685
388.408,-1.560,1.503,0.688
388.519,-1.530,1.514,0.693
388.630,-1.490,1.525,0.700
388.741,-1.441,1.535,0.710
388.852,-1.385,1.545,0.722
388.964,-1.327,1.554,0.736
389.075,-1.273,1.559,0.746
389.187,-1.228,1.564,0.751
389.298,-1.191,1.569,0.754
389.409,-1.162,1.571,0.754
389.522,-1.141,1.575,0.753
389.631,-1.127,1.581,0.752
389.742,-1.119,1.587,0.749
389.853,-1.113,1.590,0.744
389.965,-1.109,1.590,0.740
390.076,-1.106,1.590,0.735
390.187,-1.103,1.590,0.730
390.298,-1.100,1.591,0.727
390.409,-1.096,1.592,0.725
390.521,-1.093,1.594,0.723
390.631,-1.092,1.594,0.721
390.742,-1.091,1.595,0.721
390.853,-1.090,1.596,0.720
390.965,-1.091,1.597,0.719
391.075,-1.091,1.597,0.718
391.186,-1.091,1.595,0.718
391.298,-1.091,1.594,0.721
391.409,-1.091,1.592,0.724
391.520,-1.092,1.591,0.725
391.631,-1.094,1.590,0.726
391.742,-1.095,1.588,0.725
391.854,-1.096,1.587,0.723
391.965,-1.095,1.587,0.723
392.076,-1.094,1.587,0.721
392.187,-1.093,1.585,0.719
392.298,-1.092,1.585,0.718
392.409,-1.091,1.583,0.716
392.521,-1.090,1.582,0.716
392.632,-1.088,1.582,0.715
392.743,-1.087,1.581,0.715
392.854,-1.087,1.579,0.714
392.966,-1.087,1.580,0.713
393.076,-1.087,1.579,0.711
393.187,-1.087,1.580,0.709
393.298,-1.088,1.580,0.707
393.409,-1.088,1.579,0.705
393.520,-1.088,1.580,0.702
393.631,-1.090,1.580,0.699
393.742,-1.092,1.579,0.698
393.853,-1.093,1.579,0.696
393.965,-1.094,1.579,0.696
394.076,-1.096,1.580,0.697
394.186,-1.098,1.579,0.697
394.297,-1.099,1.579,0.698
394.408,-1.099,1.578,0.699
394.519,-1.099,1.579,0.700
394.631,-1.095,1.577,0.704
394.741,-1.099,1.583,0.704
394.853,-1.096,1.582,0.707
394.963,-1.094,1.582,0.710
395.075,-1.093,1.582,0.713
395.186,-1.092,1.582,0.715
395.298,-1.091,1.581,0.716
395.408,-1.091,1.581,0.716
395.519,-1.091,1.581,0.716
395.631,-1.097,1.583,0.714
395.742,-1.106,1.583,0.712
395.854,-1.118,1.580,0.710
395.965,-1.133,1.574,0.706
396.077,-1.151,1.568,0.706
396.187,-1.172,1.564,0.705
396.298,-1.194,1.559,0.700
396.409,-1.216,1.554,0.696
396.520,-1.242,1.553,0.697
396.630,-1.275,1.547,0.702
396.741,-1.307,1.536,0.710
396.852,-1.344,1.524,0.724
396.964,-1.378,1.512,0.738
397.075,-1.399,1.515,0.744
397.186,-1.399,1.523,0.746
397.296,-1.375,1.530,0.740
397.408,-1.334,1.540,0.727
397.519,-1.286,1.550,0.711
397.630,-1.245,1.561,0.695
397.742,-1.210,1.570,0.682
397.853,-1.179,1.575,0.673
397.965,-1.164,1.580,0.667
398.076,-1.155,1.581,0.667
398.188,-1.149,1.581,0.670
398.298,-1.144,1.581,0.675
398.409,-1.137,1.582,0.680
398.520,-1.132,1.583,0.684
398.632,-1.127,1.583,0.687
398.743,-1.123,1.582,0.690
398.853,-1.121,1.581,0.693
398.965,-1.119,1.580,0.696
399.076,-1.120,1.580,0.697
399.187,-1.121,1.580,0.699
399.299,-1.127,1.579,0.700
399.410,-1.139,1.578,0.702
399.520,-1.157,1.573,0.703
399.631,-1.181,1.569,0.704
399.742,-1.207,1.569,0.703
399.853,-1.231,1.565,0.704
399.964,-1.250,1.562,0.709
400.075,-1.266,1.566,0.713
400.186,-1.276,1.567,0.717
400.297,-1.282,1.568,0.721
400.408,-1.285,1.567,0.724
400.520,-1.285,1.567,0.725
400.632,-1.281,1.567,0.725
400.743,-1.272,1.564,0.722
400.854,-1.260,1.562,0.717
400.965,-1.248,1.564,0.711
401.076,-1.236,1.565,0.705
401.188,-1.227,1.566,0.699
401.298,-1.221,1.566,0.693
401.409,-1.217,1.566,0.688
401.520,-1.215,1.566,0.685
401.631,-1.213,1.566,0.682
401.743,-1.211,1.565,0.681
401.852,-1.208,1.565,0.681
401.964,-1.207,1.566,0.683
402.074,-1.203,1.564,0.685
402.186,-1.202,1.567,0.687
402.297,-1.200,1.566,0.691
402.408,-1.198,1.565,0.694
402.520,-1.197,1.565,0.697
402.630,-1.197,1.565,0.699
402.741,-1.194,1.565,0.701
402.852,-1.196,1.568,0.701
402.964,-1.193,1.566,0.702
403.075,-1.193,1.568,0.703
403.186,-1.191,1.566,0.704
403.297,-1.190,1.567,0.705
403.408,-1.192,1.566,0.706
403.520,-1.201,1.563,0.712
403.630,-1.222,1.559,0.723
403.742,-1.258,1.556,0.741
403.853,-1.314,1.552,0.762
403.963,-1.383,1.547,0.781
404.075,-1.454,1.532,0.795
404.186,-1.514,1.511,0.803
404.297,-1.562,1.487,0.805
404.408,-1.596,1.470,0.809
404.520,-1.610,1.468,0.812
404.631,-1.604,1.477,0.812
404.742,-1.579,1.491,0.806
404.853,-1.541,1.506,0.797
404.964,-1.499,1.513,0.788
405.075,-1.464,1.523,0.776
405.186,-1.427,1.530,0.762
405.297,-1.389,1.535,0.749
405.408,-1.355,1.540,0.736
405.520,-1.322,1.542,0.726
405.631,-1.299,1.546,0.716
405.742,-1.278,1.546,0.707
405.853,-1.263,1.547,0.701
405.964,-1.253,1.548,0.695
406.075,-1.245,1.549,0.691
406.187,-1.239,1.549,0.687
406.296,-1.236,1.551,0.684
406.408,-1.235,1.552,0.681
406.519,-1.233,1.552,0.677
406.630,-1.233,1.552,0.674
406.741,-1.234,1.553,0.671
406.853,-1.234,1.553,0.668
406.963,-1.233,1.554,0.666
407.074,-1.232,1.554,0.664
407.185,-1.232,1.554,0.663
407.297,-1.232,1.555,0.663
407.408,-1.233,1.555,0.664
407.519,-1.236,1.557,0.666
407.631,-1.246,1.560,0.668
407.742,-1.264,1.560,0.669
407.853,-1.295,1.556,0.673
407.962,-1.349,1.551,0.678
408.074,-1.429,1.543,0.685
408.185,-1.533,1.533,0.689
408.297,-1.647,1.526,0.687
408.408,-1.748,1.514,0.682
408.519,-1.829,1.494,0.674
408.631,-1.893,1.473,0.665
408.742,-1.934,1.458,0.658
408.853,-1.952,1.452,0.652
408.962,-1.949,1.454,0.649
409.074,-1.924,1.465,0.647
409.185,-1.880,1.484,0.650
409.297,-1.820,1.506,0.657
409.408,-1.741,1.523,0.661
409.519,-1.653,1.534,0.658
409.630,-1.565,1.534,0.651
409.741,-1.487,1.538,0.640
409.852,-1.425,1.548,0.631
409.964,-1.377,1.556,0.628
410.075,-1.345,1.563,0.626
410.186,-1.322,1.567,0.624
410.297,-1.308,1.573,0.623
410.408,-1.299,1.579,0.625
410.520,-1.292,1.582,0.628
410.631,-1.285,1.581,0.633
410.742,-1.279,1.582,0.641
410.853,-1.276,1.582,0.649
410.964,-1.276,1.580,0.652
411.076,-1.276,1.573,0.653
411.187,-1.278,1.571,0.657
411.298,-1.279,1.568,0.664
411.409,-1.280,1.567,0.673
411.519,-1.278,1.566,0.681
411.631,-1.277,1.566,0.686
411.742,-1.280,1.565,0.684
411.853,-1.287,1.564,0.671
411.964,-1.301,1.563,0.646
412.075,-1.324,1.557,0.612
412.187,-1.352,1.550,0.573
412.298,-1.379,1.537,0.541
412.409,-1.404,1.523,0.518
412.520,-1.426,1.508,0.504
412.631,-1.439,1.497,0.499
412.742,-1.439,1.498,0.502
412.853,-1.426,1.508,0.508
412.964,-1.404,1.523,0.518
413.075,-1.378,1.540,0.529
413.186,-1.353,1.554,0.545
413.298,-1.333,1.565,0.561
413.409,-1.316,1.572,0.576
413.521,-1.300,1.575,0.588
413.631,-1.288,1.578,0.599
413.743,-1.279,1.580,0.608
413.854,-1.271,1.581,0.616
413.965,-1.266,1.581,0.623
414.076,-1.262,1.581,0.629
414.187,-1.260,1.580,0.633
414.299,-1.260,1.580,0.637
414.409,-1.261,1.578,0.639
414.520,-1.262,1.576,0.639
414.631,-1.265,1.574,0.640
414.743,-1.270,1.574,0.642
414.853,-1.277,1.573,0.644
414.964,-1.285,1.573,0.646
415.076,-1.290,1.572,0.648
415.187,-1.292,1.571,0.649
415.298,-1.291,1.569,0.652
415.409,-1.289,1.566,0.654
415.520,-1.287,1.566,0.655
415.632,-1.285,1.565,0.656
415.742,-1.283,1.564,0.656
415.854,-1.284,1.561,0.653
415.966,-1.287,1.559,0.650
416.076,-1.288,1.558,0.644
416.187,-1.287,1.556,0.638
416.298,-1.285,1.555,0.633
416.409,-1.287,1.553,0.630
416.520,-1.291,1.554,0.630
416.632,-1.295,1.554,0.631
416.743,-1.299,1.555,0.633
416.854,-1.301,1.555,0.637
416.965,-1.302,1.556,0.641
417.075,-1.303,1.557,0.647
417.187,-1.305,1.558,0.649
417.298,-1.308,1.558,0.650
417.409,-1.310,1.558,0.652
417.520,-1.312,1.558,0.655
417.632,-1.313,1.559,0.657
417.743,-1.312,1.560,0.658
417.854,-1.310,1.560,0.658
417.965,-1.307,1.561,0.659
418.076,-1.304,1.561,0.659
418.187,-1.302,1.561,0.659
418.299,-1.301,1.561,0.660
418.410,-1.301,1.562,0.660
418.521,-1.300,1.562,0.660
418.635,-1.301,1.563,0.659
418.742,-1.300,1.563,0.659
418.854,-1.301,1.563,0.658
418.965,-1.302,1.563,0.659
419.076,-1.304,1.564,0.659
419.187,-1.310,1.566,0.656
419.299,-1.321,1.567,0.649
419.410,-1.338,1.567,0.634
419.521,-1.363,1.563,0.611
419.632,-1.399,1.561,0.586
419.743,-1.449,1.559,0.564
419.855,-1.509,1.551,0.547
419.966,-1.574,1.538,0.534
420.076,-1.639,1.532,0.521
420.188,-1.685,1.528,0.511
420.299,-1.700,1.526,0.503
420.410,-1.682,1.530,0.502
420.521,-1.635,1.536,0.506
420.632,-1.570,1.543,0.510
420.743,-1.505,1.549,0.512
420.854,-1.451,1.557,0.515
420.965,-1.405,1.564,0.519
421.076,-1.372,1.570,0.529
421.187,-1.351,1.574,0.544
421.299,-1.338,1.575,0.560
421.411,-1.327,1.575,0.574
421.521,-1.321,1.576,0.587
421.632,-1.319,1.576,0.596
421.743,-1.320,1.575,0.602
421.855,-1.324,1.575,0.605
421.966,-1.328,1.574,0.606
422.076,-1.331,1.573,0.607
422.188,-1.333,1.573,0.607
422.299,-1.334,1.572,0.607
422.409,-1.335,1.573,0.606
422.521,-1.333,1.571,0.607
422.633,-1.333,1.572,0.606
422.743,-1.332,1.571,0.608
422.852,-1.331,1.572,0.607
422.964,-1.328,1.571,0.609
423.076,-1.325,1.571,0.609
423.187,-1.323,1.571,0.609
423.298,-1.322,1.570,0.608
423.409,-1.322,1.570,0.607
423.521,-1.321,1.569,0.608
423.631,-1.319,1.568,0.609
423.742,-1.319,1.569,0.608
423.854,-1.318,1.569,0.609
423.964,-1.318,1.569,0.610
424.075,-1.319,1.569,0.611
424.186,-1.321,1.569,0.612
424.297,-1.330,1.567,0.613
424.409,-1.345,1.565,0.614
424.520,-1.365,1.562,0.611
424.631,-1.381,1.558,0.603
424.743,-1.390,1.557,0.590
424.854,-1.391,1.558,0.577
424.965,-1.386,1.558,0.567
425.076,-1.383,1.561,0.560
425.187,-1.376,1.562,0.559
425.299,-1.370,1.563,0.561
425.409,-1.364,1.562,0.565
425.520,-1.358,1.563,0.569
425.631,-1.354,1.563,0.571
425.742,-1.348,1.562,0.576
425.842,-1.345,1.566,0.576
425.950,-1.343,1.565,0.576
426.062,-1.339,1.564,0.577
426.173,-1.337,1.564,0.578
426.285,-1.336,1.563,0.579
426.395,-1.338,1.562,0.580
426.507,-1.340,1.562,0.581
426.617,-1.342,1.562,0.580
426.729,-1.348,1.561,0.578
426.840,-1.362,1.559,0.578
426.951,-1.383,1.554,0.583
427.062,-1.411,1.548,0.592
427.173,-1.447,1.544,0.603
427.284,-1.496,1.539,0.617
427.394,-1.558,1.527,0.636
427.505,-1.632,1.517,0.656
427.617,-1.712,1.509,0.672
427.728,-1.778,1.500,0.679
427.839,-1.823,1.490,0.681
427.950,-1.841,1.485,0.677
428.061,-1.832,1.488,0.667
428.173,-1.795,1.495,0.652
428.284,-1.735,1.501,0.631
428.395,-1.665,1.507,0.613
428.506,-1.596,1.515,0.596
428.618,-1.531,1.518,0.575
428.729,-1.480,1.524,0.556
428.840,-1.440,1.526,0.543
428.951,-1.414,1.530,0.539
429.061,-1.401,1.535,0.540
429.173,-1.394,1.539,0.549
429.285,-1.392,1.542,0.560
429.395,-1.390,1.544,0.572
429.507,-1.390,1.545,0.582
429.618,-1.393,1.546,0.590
429.729,-1.397,1.546,0.595
429.840,-1.398,1.543,0.598
429.951,-1.398,1.541,0.597
430.063,-1.398,1.540,0.595
430.165,-1.397,1.540,0.593
430.269,-1.396,1.542,0.593
430.381,-1.393,1.546,0.595
430.493,-1.387,1.549,0.596
430.604,-1.379,1.550,0.594
430.715,-1.372,1.550,0.594
430.826,-1.367,1.551,0.595
430.938,-1.363,1.552,0.596
431.048,-1.359,1.552,0.599
431.159,-1.357,1.552,0.604
431.271,-1.357,1.553,0.608
431.381,-1.356,1.554,0.609
431.492,-1.356,1.555,0.612
431.604,-1.356,1.558,0.615
431.715,-1.357,1.563,0.615
431.827,-1.358,1.566,0.615
431.937,-1.358,1.565,0.616
432.049,-1.358,1.563,0.617
432.159,-1.357,1.563,0.619
432.270,-1.355,1.563,0.619
432.381,-1.357,1.563,0.620
432.492,-1.358,1.562,0.621
432.604,-1.358,1.563,0.618
432.715,-1.354,1.564,0.609
432.826,-1.354,1.570,0.598
432.937,-1.351,1.566,0.596
433.048,-1.344,1.551,0.603
433.160,-1.334,1.543,0.609
433.270,-1.326,1.540,0.614
433.382,-1.322,1.539,0.616
433.493,-1.322,1.541,0.617
433.604,-1.323,1.542,0.618
433.715,-1.324,1.543,0.615
433.826,-1.327,1.542,0.614
433.937,-1.330,1.544,0.611
434.049,-1.335,1.545,0.608
434.159,-1.342,1.545,0.605
434.271,-1.350,1.545,0.605
434.382,-1.354,1.544,0.605
434.493,-1.358,1.543,0.605
434.604,-1.362,1.542,0.605
434.716,-1.364,1.542,0.606
434.825,-1.365,1.540,0.608
434.936,-1.365,1.539,0.610
435.040,-1.365,1.540,0.611
435.144,-1.366,1.542,0.612
435.256,-1.367,1.543,0.613
435.367,-1.368,1.544,0.614
435.478,-1.369,1.545,0.614
435.591,-1.370,1.546,0.612
435.701,-1.372,1.545,0.612
435.812,-1.374,1.545,0.610
435.923,-1.376,1.544,0.609
436.034,-1.379,1.543,0.608
436.145,-1.381,1.543,0.607
436.255,-1.383,1.543,0.606
436.366,-1.386,1.543,0.606
436.477,-1.388,1.542,0.606
436.589,-1.388,1.542,0.606
436.700,-1.388,1.541,0.606
436.811,-1.386,1.539,0.606
436.923,-1.384,1.538,0.606
437.034,-1.383,1.538,0.606
437.145,-1.381,1.537,0.607
437.256,-1.380,1.537,0.606
437.367,-1.378,1.536,0.604
437.478,-1.377,1.536,0.602
437.589,-1.377,1.535,0.601
437.700,-1.376,1.535,0.600
437.811,-1.376,1.536,0.597
437.922,-1.378,1.537,0.592
438.034,-1.382,1.540,0.583
438.145,-1.386,1.543,0.568
438.257,-1.391,1.546,0.545
438.367,-1.395,1.545,0.519
438.478,-1.403,1.537,0.492
438.590,-1.413,1.521,0.468
438.701,-1.429,1.499,0.442
438.812,-1.454,1.467,0.413
438.924,-1.480,1.428,0.381
439.035,-1.493,1.414,0.359
439.145,-1.488,1.444,0.358
439.257,-1.467,1.488,0.374
439.368,-1.437,1.521,0.398
439.474,-1.409,1.545,0.422
439.587,-1.390,1.557,0.441
439.699,-1.385,1.563,0.448
439.810,-1.397,1.562,0.440
439.921,-1.421,1.546,0.416
440.031,-1.443,1.504,0.384
440.143,-1.457,1.448,0.356
440.255,-1.461,1.395,0.346
440.366,-1.455,1.377,0.348
440.477,-1.447,1.411,0.356
440.588,-1.437,1.464,0.366
440.700,-1.421,1.512,0.380
440.812,-1.403,1.544,0.397
440.922,-1.385,1.564,0.413
441.033,-1.368,1.575,0.429
441.144,-1.355,1.580,0.445
441.255,-1.346,1.582,0.460
441.367,-1.340,1.586,0.473
441.478,-1.336,1.586,0.485
441.589,-1.334,1.586,0.496
441.701,-1.333,1.584,0.504
441.812,-1.333,1.584,0.509
441.923,-1.335,1.583,0.512
442.032,-1.337,1.583,0.514
442.141,-1.338,1.583,0.515
442.252,-1.340,1.582,0.517
442.364,-1.341,1.582,0.519
442.475,-1.342,1.582,0.520
442.587,-1.341,1.581,0.520
442.698,-1.341,1.580,0.520
442.809,-1.341,1.579,0.519
442.921,-1.342,1.578,0.517
443.032,-1.343,1.578,0.515
443.143,-1.344,1.578,0.515
443.255,-1.345,1.577,0.514
443.366,-1.346,1.576,0.514
443.477,-1.348,1.574,0.515
443.588,-1.350,1.572,0.514
443.699,-1.354,1.569,0.513
443.810,-1.363,1.568,0.511
443.922,-1.375,1.566,0.512
444.033,-1.389,1.560,0.520
444.144,-1.406,1.553,0.536
444.255,-1.431,1.547,0.561
444.366,-1.461,1.540,0.589
444.476,-1.497,1.533,0.621
444.588,-1.541,1.528,0.658
444.699,-1.590,1.521,0.697
444.810,-1.638,1.509,0.736
444.921,-1.679,1.487,0.769
445.032,-1.709,1.465,0.795
445.143,-1.726,1.451,0.812
445.254,-1.733,1.445,0.822
445.366,-1.730,1.448,0.822
445.477,-1.720,1.460,0.815
445.587,-1.703,1.473,0.798
445.699,-1.678,1.485,0.772
445.810,-1.645,1.498,0.737
445.922,-1.607,1.510,0.700
446.033,-1.572,1.519,0.672
446.144,-1.546,1.524,0.654
446.256,-1.528,1.525,0.643
446.367,-1.517,1.527,0.636
446.478,-1.510,1.529,0.629
446.590,-1.505,1.530,0.622
446.701,-1.499,1.531,0.618
446.806,-1.494,1.532,0.614
446.919,-1.493,1.532,0.612
447.031,-1.492,1.532,0.609
447.142,-1.492,1.532,0.607
447.254,-1.492,1.533,0.603
447.365,-1.492,1.533,0.601
447.476,-1.490,1.532,0.600
447.587,-1.488,1.531,0.600
447.699,-1.487,1.529,0.601
447.810,-1.486,1.530,0.601
447.922,-1.486,1.529,0.601
448.033,-1.486,1.529,0.600
448.143,-1.486,1.533,0.597
448.255,-1.487,1.543,0.593
448.366,-1.486,1.555,0.588
448.477,-1.486,1.563,0.584
448.589,-1.491,1.568,0.582
448.700,-1.500,1.569,0.581
448.811,-1.511,1.566,0.580
448.922,-1.519,1.568,0.577
449.034,-1.525,1.570,0.576
449.144,-1.529,1.569,0.575
449.256,-1.532,1.566,0.575
449.367,-1.528,1.564,0.572
449.478,-1.516,1.561,0.571
449.592,-1.498,1.558,0.569
449.701,-1.478,1.557,0.568
449.812,-1.457,1.557,0.567
449.922,-1.435,1.556,0.564
450.034,-1.412,1.554,0.563
450.145,-1.387,1.551,0.562
450.256,-1.362,1.548,0.561
450.367,-1.338,1.544,0.562
450.478,-1.316,1.543,0.564
450.589,-1.300,1.544,0.564
450.700,-1.291,1.548,0.560
450.811,-1.286,1.549,0.554
450.922,-1.288,1.547,0.548
451.034,-1.293,1.547,0.544
451.145,-1.300,1.545,0.542
451.256,-1.306,1.544,0.544
451.367,-1.310,1.549,0.548
451.478,-1.311,1.559,0.551
451.590,-1.309,1.569,0.554
451.701,-1.305,1.578,0.557
451.812,-1.300,1.584,0.561
451.924,-1.296,1.587,0.566
452.035,-1.294,1.589,0.572
452.146,-1.291,1.589,0.577
452.257,-1.284,1.584,0.579
452.369,-1.270,1.578,0.578
452.480,-1.254,1.570,0.576
452.590,-1.240,1.563,0.574
452.702,-1.225,1.559,0.568
452.813,-1.206,1.558,0.556
452.924,-1.180,1.553,0.541
453.035,-1.152,1.549,0.522
453.146,-1.120,1.554,0.503
453.257,-1.083,1.565,0.493
453.368,-1.045,1.571,0.491
453.480,-1.007,1.575,0.495
453.590,-0.969,1.577,0.505
453.702,-0.929,1.577,0.521
453.813,-0.889,1.576,0.544
453.924,-0.845,1.579,0.574
454.036,-0.797,1.584,0.608
454.147,-0.746,1.588,0.641
454.258,-0.695,1.586,0.672
454.369,-0.646,1.583,0.698
454.480,-0.596,1.581,0.720
454.591,-0.545,1.579,0.738
454.702,-0.490,1.582,0.752
454.810,-0.440,1.588,0.764
454.922,-0.396,1.587,0.777
455.033,-0.355,1.587,0.793
455.144,-0.313,1.585,0.812
455.253,-0.271,1.581,0.834
455.365,-0.228,1.577,0.858
455.477,-0.185,1.575,0.887
455.588,-0.143,1.577,0.915
455.700,-0.102,1.580,0.942
455.811,-0.061,1.581,0.969
455.922,-0.020,1.576,0.993
456.034,0.018,1.574,1.016
456.145,0.053,1.574,1.035
456.256,0.081,1.572,1.050
456.365,0.096,1.577,1.058
456.477,0.104,1.582,1.064
456.589,0.111,1.584,1.067
456.700,0.107,1.576,1.057
456.811,0.097,1.576,1.040
456.922,0.078,1.578,1.020
457.034,0.059,1.581,0.991
457.145,0.041,1.580,0.957
457.257,0.025,1.577,0.921
457.367,0.012,1.573,0.889
457.478,0.003,1.572,0.862
457.590,-0.004,1.568,0.834
457.701,-0.013,1.563,0.808
457.812,-0.021,1.558,0.786
457.923,-0.028,1.556,0.765
458.034,-0.031,1.556,0.749
458.145,-0.034,1.553,0.739
458.256,-0.034,1.550,0.734
458.369,-0.034,1.550,0.733
458.478,-0.033,1.552,0.737
458.590,-0.029,1.555,0.752
458.701,-0.036,1.550,0.782
458.812,-0.051,1.540,0.818
458.922,-0.075,1.532,0.849
459.033,-0.102,1.527,0.858
459.142,-0.118,1.536,0.845
459.254,-0.120,1.549,0.820
459.364,-0.113,1.563,0.790
459.476,-0.100,1.577,0.768
459.587,-0.086,1.584,0.760
459.699,-0.070,1.592,0.768
459.810,-0.052,1.599,0.783
459.921,-0.038,1.599,0.794
460.031,-0.029,1.599,0.804
460.143,-0.022,1.598,0.810
460.254,-0.017,1.599,0.814
460.365,-0.011,1.600,0.817
460.477,-0.007,1.601,0.820
460.587,-0.006,1.602,0.822
460.698,-0.004,1.602,0.824
460.809,-0.003,1.602,0.825
460.921,-0.004,1.602,0.825
461.032,-0.004,1.602,0.824
461.143,-0.005,1.602,0.824
461.254,-0.005,1.602,0.823
461.366,-0.005,1.601,0.823
461.476,-0.004,1.601,0.824
461.588,-0.002,1.601,0.824
461.699,0.000,1.601,0.824
461.810,0.002,1.600,0.825
461.921,0.005,1.600,0.825
462.032,0.009,1.600,0.825
462.143,0.013,1.600,0.825
462.255,0.016,1.601,0.825
462.366,0.018,1.601,0.824
462.477,0.020,1.601,0.823
462.588,0.020,1.601,0.822
462.700,0.019,1.601,0.821
462.810,0.017,1.601,0.819
462.921,0.016,1.602,0.818
463.033,0.017,1.602,0.818
463.144,0.029,1.604,0.823
463.255,0.051,1.599,0.827
463.367,0.075,1.584,0.822
463.477,0.095,1.563,0.808
463.589,0.104,1.546,0.791
463.701,0.108,1.537,0.775
463.811,0.106,1.524,0.750
463.923,0.105,1.519,0.728
464.034,0.110,1.516,0.709
464.145,0.123,1.511,0.692
464.256,0.141,1.511,0.671
464.368,0.160,1.511,0.646
464.478,0.177,1.510,0.620
464.590,0.188,1.510,0.594
464.701,0.186,1.511,0.573
464.812,0.171,1.513,0.559
464.923,0.139,1.519,0.554
465.034,0.093,1.533,0.561
465.146,0.044,1.545,0.580
465.258,0.000,1.557,0.604
465.368,-0.030,1.562,0.630
465.479,-0.049,1.564,0.653
465.590,-0.061,1.564,0.670
465.702,-0.071,1.564,0.685
465.812,-0.082,1.563,0.693
465.923,-0.090,1.562,0.694
466.034,-0.094,1.562,0.689
466.146,-0.093,1.566,0.681
466.257,-0.089,1.572,0.665
466.368,-0.071,1.574,0.640
466.479,-0.039,1.578,0.612
466.590,-0.004,1.578,0.598
466.702,0.026,1.575,0.601
466.813,0.044,1.573,0.619
466.924,0.048,1.570,0.643
467.035,0.045,1.562,0.669
467.146,0.036,1.559,0.692
467.258,0.029,1.567,0.708
467.368,0.029,1.573,0.720
467.480,0.033,1.574,0.729
467.591,0.037,1.572,0.735
467.702,0.041,1.574,0.736
467.813,0.048,1.585,0.731
467.924,0.054,1.591,0.728
468.036,0.056,1.595,0.730
468.147,0.053,1.593,0.735
468.258,0.048,1.590,0.743
468.369,0.036,1.589,0.753
468.480,0.022,1.588,0.762
468.590,0.011,1.588,0.767
468.701,0.000,1.589,0.771
468.811,-0.007,1.589,0.773
468.923,-0.012,1.589,0.774
469.033,-0.016,1.589,0.776
469.144,-0.020,1.590,0.779
469.257,-0.022,1.589,0.781
469.367,-0.024,1.587,0.782
469.478,-0.026,1.588,0.783
469.589,-0.026,1.587,0.783
469.701,-0.025,1.587,0.783
469.811,-0.023,1.587,0.782
469.922,-0.022,1.590,0.781
470.033,-0.021,1.591,0.778
470.145,-0.019,1.594,0.778
470.256,-0.015,1.597,0.777
470.367,-0.011,1.607,0.781
470.478,-0.009,1.617,0.786
470.589,-0.008,1.623,0.789
470.701,-0.009,1.625,0.791
470.812,-0.008,1.623,0.792
470.923,-0.007,1.620,0.792
471.031,-0.007,1.619,0.790
471.143,-0.006,1.618,0.788
471.254,-0.004,1.617,0.787
471.365,-0.003,1.615,0.787
471.476,-0.004,1.614,0.789
471.588,-0.008,1.610,0.789
471.699,-0.013,1.603,0.790
471.810,-0.017,1.592,0.791
471.921,-0.021,1.582,0.799
472.032,-0.026,1.577,0.814
472.143,-0.036,1.571,0.832
472.255,-0.051,1.570,0.855
472.366,-0.069,1.571,0.881
472.477,-0.085,1.572,0.913
472.587,-0.099,1.574,0.949
472.700,-0.110,1.574,0.991
472.810,-0.117,1.572,1.038
472.921,-0.122,1.567,1.091
473.032,-0.125,1.562,1.151
473.144,-0.125,1.562,1.219
473.255,-0.122,1.575,1.293
473.366,-0.124,1.589,1.365
473.476,-0.127,1.595,1.433
473.588,-0.134,1.597,1.499
473.700,-0.144,1.594,1.567
473.811,-0.161,1.588,1.637
473.922,-0.182,1.583,1.710
474.033,-0.207,1.592,1.790
474.143,-0.227,1.596,1.863
474.255,-0.242,1.600,1.934
474.367,-0.254,1.601,2.003
474.477,-0.263,1.596,2.071
474.588,-0.270,1.590,2.138
474.700,-0.272,1.586,2.207
474.811,-0.272,1.590,2.277
474.922,-0.274,1.594,2.346
475.033,-0.277,1.597,2.412
475.144,-0.283,1.596,2.476
475.255,-0.293,1.592,2.539
475.366,-0.307,1.585,2.601
475.477,-0.325,1.583,2.666
475.589,-0.346,1.592,2.732
475.700,-0.361,1.600,2.795
475.811,-0.371,1.602,2.854
475.922,-0.377,1.603,2.910
476.034,-0.377,1.598,2.965
476.144,-0.373,1.591,3.022
476.255,-0.366,1.583,3.083
476.366,-0.361,1.576,3.145
476.478,-0.358,1.582,3.207
476.588,-0.358,1.590,3.259
476.698,-0.364,1.596,3.300
476.802,-0.374,1.597,3.328
476.916,-0.386,1.596,3.342
477.028,-0.395,1.596,3.344
477.139,-0.399,1.596,3.340
477.251,-0.399,1.599,3.333
477.362,-0.397,1.598,3.324
477.474,-0.393,1.598,3.314
477.585,-0.390,1.598,3.304
477.696,-0.388,1.597,3.297
477.808,-0.387,1.598,3.295
477.919,-0.391,1.600,3.303
478.030,-0.394,1.601,3.322
478.140,-0.393,1.597,3.347
478.252,-0.387,1.591,3.374
478.362,-0.376,1.587,3.396
478.474,-0.364,1.587,3.412
478.585,-0.351,1.588,3.420
478.696,-0.343,1.590,3.420
478.807,-0.338,1.590,3.411
478.918,-0.338,1.590,3.394
479.029,-0.343,1.590,3.376
479.141,-0.350,1.589,3.355
479.251,-0.358,1.590,3.336
479.362,-0.364,1.591,3.321
479.474,-0.364,1.589,3.313
479.585,-0.358,1.588,3.309
479.697,-0.346,1.587,3.307
479.807,-0.331,1.587,3.308
479.918,-0.314,1.586,3.309
480.030,-0.294,1.585,3.313
480.141,-0.278,1.584,3.318
480.252,-0.266,1.584,3.322
480.364,-0.260,1.582,3.326
480.475,-0.257,1.583,3.329
480.585,-0.257,1.582,3.330
480.697,-0.261,1.582,3.329
480.808,-0.266,1.584,3.327
480.920,-0.274,1.585,3.325
481.031,-0.284,1.586,3.322
481.142,-0.295,1.585,3.318
481.256,-0.307,1.585,3.312
481.365,-0.319,1.583,3.304
481.476,-0.329,1.580,3.298
481.587,-0.336,1.578,3.292
481.699,-0.342,1.577,3.287
481.809,-0.346,1.575,3.283
481.921,-0.347,1.574,3.283
482.031,-0.346,1.577,3.284
482.143,-0.344,1.580,3.287
482.255,-0.339,1.582,3.291
482.365,-0.329,1.584,3.297
482.476,-0.315,1.586,3.306
482.588,-0.294,1.587,3.316
482.699,-0.263,1.588,3.329
482.810,-0.229,1.588,3.345
482.921,-0.196,1.587,3.365
483.033,-0.168,1.586,3.386
483.143,-0.141,1.584,3.412
483.254,-0.113,1.581,3.441
483.366,-0.087,1.577,3.477
483.477,-0.062,1.573,3.519
483.588,-0.034,1.571,3.566
483.700,-0.004,1.572,3.615
483.811,0.024,1.571,3.659
483.922,0.052,1.570,3.700
484.034,0.079,1.571,3.738
484.145,0.107,1.568,3.774
484.256,0.138,1.565,3.810
484.367,0.171,1.564,3.844
484.477,0.205,1.572,3.879
484.589,0.238,1.588,3.913
484.700,0.266,1.599,3.946
484.811,0.287,1.602,3.976
484.911,0.302,1.605,4.001
485.020,0.313,1.605,4.031
485.130,0.315,1.602,4.060
485.241,0.307,1.600,4.082
485.352,0.295,1.603,4.098
485.463,0.287,1.602,4.112
485.575,0.285,1.600,4.124
485.685,0.289,1.601,4.138
485.796,0.301,1.601,4.152
485.907,0.320,1.599,4.165
486.019,0.344,1.601,4.179
486.130,0.370,1.602,4.194
486.241,0.394,1.602,4.203
486.353,0.415,1.602,4.207
486.464,0.430,1.602,4.202
486.575,0.441,1.601,4.189
486.687,0.449,1.601,4.171
486.798,0.456,1.602,4.155
486.909,0.462,1.602,4.141
487.020,0.467,1.603,4.129
487.132,0.469,1.603,4.119
487.242,0.471,1.603,4.112
487.353,0.472,1.603,4.106
487.465,0.472,1.604,4.102
487.576,0.471,1.606,4.100
487.687,0.470,1.608,4.099
487.798,0.471,1.613,4.098
487.909,0.477,1.617,4.095
488.020,0.488,1.619,4.092
488.132,0.496,1.619,4.091
488.243,0.499,1.619,4.092
488.354,0.498,1.619,4.091
488.465,0.495,1.618,4.091
488.577,0.489,1.620,4.090
488.688,0.482,1.623,4.091
488.799,0.476,1.627,4.094
488.909,0.466,1.633,4.100
489.021,0.455,1.639,4.110
489.132,0.444,1.641,4.120
489.242,0.429,1.639,4.132
489.354,0.418,1.641,4.148
489.466,0.412,1.643,4.164
489.575,0.409,1.643,4.182
489.686,0.406,1.643,4.199
489.797,0.406,1.642,4.216
489.908,0.407,1.639,4.231
490.019,0.410,1.635,4.244
490.130,0.413,1.636,4.251
490.241,0.415,1.647,4.247
490.352,0.419,1.657,4.235
490.464,0.424,1.664,4.222
490.575,0.430,1.666,4.212
490.686,0.438,1.668,4.205
490.797,0.445,1.669,4.204
490.908,0.449,1.667,4.206
491.019,0.448,1.656,4.214
491.131,0.442,1.640,4.229
491.241,0.440,1.620,4.244
491.353,0.437,1.611,4.251
491.464,0.434,1.608,4.253
491.575,0.431,1.607,4.252
491.686,0.428,1.603,4.251
491.797,0.423,1.598,4.250
491.908,0.421,1.591,4.251
492.019,0.422,1.580,4.253
492.130,0.425,1.566,4.257
492.241,0.430,1.558,4.259
492.353,0.440,1.549,4.263
492.465,0.455,1.544,4.274
492.576,0.474,1.541,4.288
492.687,0.489,1.538,4.309
492.798,0.501,1.534,4.329
492.908,0.504,1.522,4.346
493.020,0.494,1.516,4.359
493.131,0.484,1.512,4.374
493.241,0.473,1.507,4.396
493.352,0.452,1.491,4.423
493.463,0.428,1.465,4.443
493.574,0.408,1.427,4.453
493.685,0.390,1.389,4.460
493.797,0.375,1.371,4.461
493.908,0.360,1.389,4.457
494.020,0.351,1.422,4.449
494.131,0.348,1.448,4.436
494.242,0.351,1.467,4.423
494.353,0.359,1.482,4.413
494.464,0.370,1.494,4.408
494.575,0.372,1.499,4.413
494.687,0.363,1.486,4.426
494.797,0.347,1.466,4.443
494.908,0.327,1.445,4.458
495.019,0.310,1.424,4.469
495.131,0.299,1.404,4.473
495.241,0.300,1.401,4.472
495.353,0.308,1.414,4.465
495.464,0.323,1.431,4.456
495.575,0.344,1.449,4.447
495.686,0.365,1.464,4.439
495.798,0.384,1.476,4.431
495.909,0.398,1.484,4.426
496.022,0.405,1.483,4.426
496.131,0.397,1.471,4.436
496.239,0.380,1.449,4.451
496.350,0.360,1.425,4.465
496.462,0.343,1.404,4.474
496.573,0.332,1.389,4.481
496.684,0.329,1.384,4.485
496.796,0.332,1.394,4.484
496.907,0.338,1.407,4.482
497.017,0.344,1.422,4.477
497.128,0.345,1.443,4.468
497.240,0.341,1.462,4.452
497.351,0.324,1.479,4.435
497.462,0.292,1.491,4.414
497.574,0.244,1.495,4.386
497.685,0.178,1.502,4.356
497.795,0.102,1.510,4.329
497.907,0.023,1.518,4.312
498.020,-0.056,1.516,4.307
498.127,-0.139,1.510,4.313
498.238,-0.227,1.492,4.330
498.349,-0.327,1.473,4.356
498.460,-0.427,1.458,4.385
498.571,-0.509,1.440,4.404
498.682,-0.570,1.422,4.418
498.793,-0.609,1.409,4.430
498.905,-0.631,1.404,4.438
499.016,-0.636,1.407,4.442
499.127,-0.629,1.415,4.444
499.237,-0.616,1.425,4.444
499.348,-0.608,1.434,4.444
499.460,-0.606,1.435,4.447
499.571,-0.609,1.430,4.452
499.683,-0.618,1.424,4.459
499.793,-0.629,1.415,4.468
499.905,-0.639,1.406,4.473
500.016,-0.645,1.401,4.474
500.128,-0.645,1.403,4.470
500.239,-0.639,1.411,4.465
500.350,-0.626,1.419,4.458
500.461,-0.604,1.432,4.447
500.572,-0.575,1.454,4.429
500.683,-0.538,1.479,4.395
500.795,-0.498,1.503,4.344
500.906,-0.452,1.523,4.279
501.017,-0.399,1.540,4.201
501.128,-0.342,1.555,4.114
501.241,-0.296,1.559,4.037
501.352,-0.277,1.561,3.973
501.463,-0.280,1.561,3.923
501.567,-0.306,1.563,3.884
501.680,-0.348,1.561,3.854
501.793,-0.400,1.557,3.826
501.904,-0.459,1.560,3.797
502.016,-0.518,1.567,3.767
502.127,-0.576,1.571,3.737
502.238,-0.637,1.571,3.710
502.347,-0.700,1.560,3.682
502.459,-0.766,1.551,3.653
502.571,-0.835,1.558,3.630
502.682,-0.906,1.568,3.615
502.793,-0.973,1.562,3.613
502.904,-1.035,1.552,3.624
503.015,-1.093,1.541,3.647
503.126,-1.149,1.537,3.680
503.237,-1.206,1.543,3.716
503.348,-1.269,1.548,3.746
503.460,-1.337,1.551,3.777
503.571,-1.413,1.545,3.805
503.682,-1.496,1.541,3.829
503.793,-1.583,1.545,3.852
503.905,-1.661,1.557,3.875
504.015,-1.728,1.567,3.903
504.127,-1.787,1.570,3.938
504.234,-1.844,1.566,3.980
504.348,-1.897,1.561,4.032
504.460,-1.951,1.564,4.093
504.571,-2.004,1.569,4.152
504.682,-2.058,1.568,4.208
504.792,-2.110,1.558,4.267
504.904,-2.163,1.549,4.327
505.016,-2.217,1.546,4.393
505.127,-2.265,1.555,4.461
505.238,-2.298,1.562,4.526
505.349,-2.315,1.566,4.587
505.460,-2.322,1.567,4.645
505.571,-2.322,1.563,4.704
505.685,-2.314,1.559,4.768
505.794,-2.301,1.562,4.837
505.905,-2.290,1.572,4.907
506.005,-2.282,1.581,4.967
506.113,-2.276,1.586,5.036
506.225,-2.270,1.585,5.105
506.337,-2.262,1.579,5.179
506.448,-2.254,1.577,5.260
506.561,-2.246,1.583,5.342
506.671,-2.233,1.597,5.425
506.782,-2.215,1.604,5.503
506.891,-2.194,1.600,5.576
507.003,-2.168,1.595,5.645
507.115,-2.142,1.585,5.711
507.225,-2.111,1.574,5.778
507.337,-2.078,1.576,5.850
507.449,-2.054,1.582,5.921
507.558,-2.037,1.587,5.992
507.670,-2.026,1.585,6.063
507.782,-2.019,1.576,6.134
507.892,-2.014,1.567,6.206
508.004,-2.013,1.565,6.278
508.115,-2.017,1.571,6.348
508.226,-2.025,1.578,6.411
508.337,-2.027,1.578,6.464
508.449,-2.025,1.580,6.509
508.560,-2.019,1.585,6.551
508.671,-2.009,1.583,6.587
508.782,-1.993,1.575,6.620
508.894,-1.968,1.569,6.647
509.005,-1.937,1.570,6.676
509.117,-1.904,1.572,6.704
509.228,-1.873,1.575,6.732
509.339,-1.843,1.577,6.756
509.450,-1.816,1.577,6.778
509.561,-1.790,1.575,6.798
509.672,-1.763,1.573,6.819
509.784,-1.734,1.570,6.839
509.894,-1.702,1.565,6.860
510.005,-1.669,1.560,6.885
510.117,-1.631,1.560,6.913
510.228,-1.589,1.567,6.940
510.339,-1.548,1.569,6.962
510.450,-1.506,1.564,6.975
510.561,-1.466,1.556,6.981
510.672,-1.423,1.545,6.981
510.783,-1.381,1.529,6.973
510.894,-1.336,1.514,6.954
511.005,-1.289,1.500,6.927
511.116,-1.248,1.477,6.902
511.227,-1.210,1.451,6.882
511.339,-1.173,1.426,6.862
511.449,-1.141,1.401,6.844
511.560,-1.122,1.383,6.834
511.672,-1.115,1.382,6.834
511.783,-1.115,1.394,6.844
511.895,-1.120,1.405,6.856
512.004,-1.123,1.404,6.862
512.116,-1.125,1.392,6.857
512.227,-1.125,1.370,6.843
512.338,-1.124,1.346,6.824
512.450,-1.123,1.328,6.806
512.561,-1.122,1.315,6.792
512.672,-1.121,1.309,6.784
512.783,-1.120,1.311,6.781
512.894,-1.120,1.314,6.778
513.005,-1.122,1.314,6.774
513.117,-1.123,1.314,6.770
513.227,-1.125,1.315,6.767
513.339,-1.127,1.317,6.766
513.449,-1.129,1.319,6.765
513.561,-1.129,1.320,6.765
513.672,-1.129,1.321,6.765
513.783,-1.129,1.320,6.765
513.894,-1.128,1.321,6.765
514.006,-1.128,1.324,6.766
514.116,-1.127,1.326,6.768
514.227,-1.126,1.331,6.771
514.339,-1.126,1.338,6.774
514.450,-1.126,1.345,6.779
514.561,-1.127,1.350,6.784
514.672,-1.127,1.352,6.788
514.784,-1.128,1.354,6.791
514.895,-1.129,1.354,6.793
515.006,-1.131,1.352,6.793
515.117,-1.132,1.351,6.793
515.228,-1.134,1.352,6.794
515.340,-1.134,1.352,6.794
515.451,-1.134,1.350,6.792
515.562,-1.135,1.348,6.791
515.672,-1.135,1.348,6.790
515.783,-1.135,1.347,6.788
515.895,-1.133,1.345,6.787
516.006,-1.132,1.342,6.785
516.118,-1.131,1.339,6.784
516.228,-1.130,1.336,6.782
516.339,-1.129,1.335,6.781
516.450,-1.129,1.332,6.779
516.561,-1.129,1.327,6.777
516.672,-1.130,1.322,6.775
516.783,-1.131,1.320,6.774
516.895,-1.132,1.320,6.774
517.006,-1.134,1.320,6.774
517.117,-1.135,1.320,6.774
517.229,-1.137,1.324,6.777
517.339,-1.137,1.342,6.783
517.450,-1.134,1.378,6.794
517.562,-1.119,1.425,6.817
517.672,-1.105,1.467,6.857
517.784,-1.094,1.498,6.905
517.897,-1.081,1.526,6.951
518.006,-1.060,1.547,6.995
518.118,-1.031,1.559,7.038
518.229,-0.996,1.569,7.076
518.340,-0.955,1.582,7.104
518.452,-0.914,1.590,7.122
518.564,-0.873,1.591,7.128
518.674,-0.834,1.594,7.119
518.785,-0.796,1.595,7.105
518.896,-0.756,1.588,7.089
519.007,-0.712,1.583,7.067
519.118,-0.666,1.589,7.041
519.229,-0.622,1.602,7.016
519.340,-0.582,1.606,6.997
519.452,-0.545,1.609,6.981
519.562,-0.512,1.611,6.969
519.672,-0.482,1.611,6.958
519.785,-0.451,1.608,6.952
519.894,-0.419,1.605,6.953
520.006,-0.383,1.605,6.958
520.117,-0.343,1.607,6.964
520.228,-0.303,1.608,6.968
520.336,-0.270,1.607,6.970
520.448,-0.243,1.605,6.972
520.559,-0.217,1.603,6.979
520.671,-0.200,1.603,6.994
520.782,-0.192,1.599,7.016
520.892,-0.201,1.594,7.037
521.004,-0.217,1.592,7.051
521.115,-0.233,1.586,7.065
521.226,-0.246,1.578,7.078
521.338,-0.256,1.575,7.090
521.449,-0.263,1.575,7.100
521.560,-0.266,1.575,7.108
521.673,-0.266,1.574,7.115
521.783,-0.263,1.573,7.118
521.894,-0.258,1.572,7.120
522.006,-0.251,1.571,7.121
522.117,-0.247,1.570,7.125
522.229,-0.247,1.567,7.135
522.340,-0.248,1.566,7.143
522.451,-0.251,1.566,7.146
522.562,-0.250,1.566,7.145
522.673,-0.249,1.568,7.137
522.785,-0.247,1.571,7.123
522.896,-0.244,1.571,7.104
523.007,-0.243,1.571,7.080
523.118,-0.242,1.570,7.054
523.229,-0.239,1.570,7.027
523.341,-0.231,1.571,7.002
523.452,-0.218,1.571,6.974
523.562,-0.201,1.572,6.949
523.673,-0.182,1.572,6.928
523.784,-0.164,1.574,6.903
523.895,-0.145,1.574,6.878
524.006,-0.129,1.574,6.845
524.117,-0.118,1.571,6.804
524.228,-0.115,1.565,6.760
524.340,-0.115,1.575,6.710
524.450,-0.114,1.590,6.658
524.561,-0.109,1.592,6.605
524.672,-0.099,1.593,6.547
524.783,-0.085,1.590,6.485
524.894,-0.066,1.583,6.418
525.006,-0.042,1.582,6.344
525.117,-0.014,1.589,6.267
525.229,0.008,1.599,6.188
525.339,0.022,1.599,6.109
525.451,0.028,1.596,6.030
525.561,0.029,1.590,5.948
525.672,0.026,1.581,5.865
525.783,0.017,1.583,5.779
525.895,0.009,1.588,5.699
526.006,0.001,1.588,5.627
526.117,0.000,1.580,5.565
526.229,0.010,1.571,5.505
526.339,0.033,1.560,5.441
526.451,0.066,1.549,5.372
526.562,0.101,1.545,5.301
526.673,0.130,1.544,5.236
526.784,0.149,1.543,5.183
526.895,0.164,1.538,5.146
527.006,0.176,1.533,5.116
527.117,0.184,1.529,5.091
527.229,0.190,1.523,5.068
527.339,0.192,1.517,5.045
527.450,0.187,1.511,5.020
527.562,0.178,1.504,4.988
527.673,0.157,1.499,4.945
527.783,0.128,1.494,4.889
527.894,0.093,1.490,4.819
528.006,0.057,1.490,4.738
528.117,0.019,1.498,4.660
528.230,-0.018,1.508,4.593
528.340,-0.052,1.510,4.544
528.450,-0.087,1.512,4.510
528.562,-0.125,1.514,4.488
528.673,-0.167,1.518,4.471
528.783,-0.212,1.520,4.453
528.895,-0.259,1.527,4.436
529.005,-0.305,1.529,4.426
529.117,-0.351,1.526,4.426
529.227,-0.398,1.522,4.431
529.339,-0.448,1.516,4.442
529.450,-0.503,1.513,4.459
529.561,-0.559,1.514,4.481
529.672,-0.621,1.523,4.505
529.783,-0.681,1.534,4.526
529.894,-0.741,1.539,4.542
529.994,-0.792,1.540,4.554
530.102,-0.852,1.538,4.566
530.214,-0.919,1.532,4.575
530.325,-0.997,1.528,4.583
530.437,-1.084,1.527,4.587
530.549,-1.169,1.535,4.592
530.659,-1.246,1.540,4.602
530.771,-1.315,1.541,4.618
530.882,-1.381,1.539,4.634
530.993,-1.449,1.532,4.649
531.104,-1.517,1.528,4.663
531.215,-1.587,1.540,4.670
531.327,-1.650,1.554,4.666
531.438,-1.700,1.562,4.649
531.549,-1.739,1.566,4.621
531.660,-1.772,1.565,4.583
531.771,-1.800,1.560,4.534
531.882,-1.821,1.554,4.472
531.990,-1.841,1.561,4.398
532.102,-1.859,1.572,4.322
532.213,-1.877,1.574,4.254
532.325,-1.894,1.570,4.194
532.436,-1.904,1.567,4.137
532.547,-1.910,1.561,4.085
532.658,-1.919,1.560,4.031
532.770,-1.933,1.561,3.980
532.881,-1.950,1.575,3.930
532.992,-1.959,1.584,3.887
533.104,-1.962,1.589,3.852
533.215,-1.959,1.592,3.824
533.325,-1.943,1.590,3.792
533.436,-1.912,1.588,3.754
533.548,-1.879,1.589,3.720
533.658,-1.844,1.597,3.693
533.770,-1.817,1.595,3.671
533.881,-1.798,1.589,3.650
533.992,-1.784,1.590,3.624
534.104,-1.774,1.595,3.592
534.214,-1.766,1.596,3.552
534.326,-1.761,1.600,3.504
534.436,-1.757,1.608,3.455
534.548,-1.753,1.609,3.410
534.658,-1.753,1.613,3.376
534.770,-1.759,1.615,3.351
534.879,-1.773,1.616,3.335
534.990,-1.788,1.617,3.327
535.101,-1.802,1.616,3.321
535.212,-1.815,1.616,3.314
535.323,-1.824,1.614,3.306
535.434,-1.831,1.612,3.295
535.546,-1.837,1.616,3.287
535.657,-1.838,1.618,3.282
535.769,-1.838,1.619,3.279
535.880,-1.837,1.619,3.279
535.990,-1.835,1.617,3.281
536.101,-1.833,1.616,3.281
536.213,-1.832,1.613,3.280
536.324,-1.831,1.614,3.278
536.435,-1.831,1.613,3.277
536.547,-1.827,1.613,3.276
536.658,-1.823,1.612,3.277
536.769,-1.819,1.612,3.277
536.880,-1.816,1.610,3.278
536.991,-1.815,1.609,3.277
537.103,-1.814,1.609,3.276
537.214,-1.814,1.607,3.275
537.325,-1.814,1.607,3.274
537.436,-1.816,1.607,3.273
537.548,-1.818,1.608,3.273
537.658,-1.820,1.608,3.273
537.770,-1.823,1.608,3.274
537.881,-1.826,1.609,3.275
537.991,-1.829,1.609,3.276
538.103,-1.832,1.609,3.277
538.214,-1.834,1.610,3.279
538.325,-1.836,1.610,3.281
538.436,-1.839,1.610,3.285
538.547,-1.842,1.608,3.296
538.658,-1.847,1.601,3.313
538.769,-1.855,1.599,3.339
538.881,-1.871,1.594,3.372
538.991,-1.894,1.590,3.411
539.102,-1.922,1.584,3.457
539.214,-1.949,1.574,3.510
539.325,-1.976,1.561,3.567
539.436,-2.002,1.545,3.632
539.547,-2.024,1.532,3.704
539.658,-2.041,1.528,3.785
539.770,-2.056,1.539,3.872
539.881,-2.076,1.546,3.954
539.992,-2.103,1.544,4.031
540.103,-2.136,1.534,4.108
540.213,-2.173,1.516,4.184
540.325,-2.215,1.504,4.260
540.436,-2.258,1.508,4.338
540.547,-2.289,1.522,4.407
540.658,-2.305,1.526,4.467
540.769,-2.311,1.526,4.519
540.880,-2.310,1.524,4.570
540.992,-2.306,1.518,4.622
541.103,-2.299,1.511,4.682
541.214,-2.283,1.511,4.749
541.325,-2.260,1.523,4.822
541.436,-2.236,1.537,4.894
541.548,-2.212,1.542,4.962
541.658,-2.188,1.542,5.027
541.770,-2.154,1.545,5.087
541.883,-2.114,1.541,5.139
541.993,-2.077,1.537,5.192
542.104,-2.046,1.538,5.247
542.216,-2.017,1.550,5.301
542.325,-1.982,1.552,5.347
542.437,-1.947,1.548,5.382
542.548,-1.913,1.546,5.407
542.659,-1.882,1.535,5.427
542.770,-1.847,1.524,5.444
542.880,-1.814,1.528,5.457
542.991,-1.790,1.531,5.474
543.103,-1.774,1.532,5.492
543.214,-1.766,1.532,5.508
543.325,-1.769,1.535,5.524
543.436,-1.788,1.536,5.539
543.548,-1.821,1.535,5.554
543.658,-1.861,1.527,5.571
543.770,-1.908,1.518,5.585
543.882,-1.955,1.510,5.596
543.992,-1.992,1.513,5.602
544.103,-2.026,1.513,5.602
544.215,-2.060,1.514,5.595
544.325,-2.094,1.514,5.576
544.436,-2.128,1.515,5.545
544.548,-2.170,1.515,5.498
544.659,-2.211,1.513,5.438
544.770,-2.249,1.513,5.381
544.881,-2.282,1.511,5.334
544.992,-2.306,1.507,5.299
545.102,-2.326,1.502,5.270
545.214,-2.342,1.494,5.246
545.325,-2.354,1.487,5.223
545.437,-2.359,1.478,5.200
545.548,-2.361,1.471,5.177
545.658,-2.360,1.473,5.154
545.770,-2.359,1.476,5.135
545.882,-2.363,1.473,5.125
545.991,-2.370,1.468,5.122
546.103,-2.379,1.463,5.124
546.214,-2.386,1.459,5.131
546.325,-2.393,1.456,5.141
546.436,-2.399,1.457,5.152
546.549,-2.403,1.460,5.162
546.658,-2.405,1.464,5.169
546.770,-2.406,1.464,5.172
546.881,-2.405,1.465,5.172
546.992,-2.405,1.465,5.172
547.104,-2.408,1.466,5.171
547.215,-2.411,1.467,5.169
547.325,-2.413,1.470,5.167
547.437,-2.414,1.472,5.169
547.548,-2.411,1.475,5.173
547.660,-2.405,1.477,5.168
547.771,-2.395,1.470,5.150
547.882,-2.381,1.467,5.120
547.992,-2.365,1.462,5.072
548.104,-2.347,1.473,5.007
548.215,-2.328,1.495,4.932
548.326,-2.310,1.512,4.860
548.437,-2.292,1.520,4.800
548.548,-2.276,1.521,4.754
548.659,-2.261,1.521,4.725
548.770,-2.246,1.516,4.702
548.882,-2.230,1.506,4.683
548.993,-2.213,1.498,4.673
549.105,-2.201,1.491,4.670
549.215,-2.193,1.481,4.672
549.326,-2.192,1.467,4.673
549.437,-2.196,1.456,4.674
549.548,-2.204,1.452,4.673
549.659,-2.211,1.456,4.674
549.767,-2.212,1.472,4.682
549.879,-2.212,1.496,4.700
549.990,-2.212,1.517,4.726
550.102,-2.211,1.532,4.760
550.213,-2.209,1.542,4.805
550.324,-2.203,1.550,4.864
550.435,-2.191,1.558,4.938
550.546,-2.173,1.560,5.020
550.658,-2.150,1.565,5.098
550.769,-2.115,1.571,5.169
550.880,-2.073,1.568,5.233
550.992,-2.026,1.560,5.297
551.103,-1.975,1.547,5.357
551.214,-1.915,1.539,5.413
551.325,-1.845,1.553,5.465
551.436,-1.779,1.568,5.510
551.547,-1.717,1.572,5.554
551.658,-1.655,1.569,5.594
551.770,-1.586,1.564,5.634
551.882,-1.511,1.561,5.676
551.993,-1.432,1.561,5.722
552.104,-1.350,1.574,5.773
552.215,-1.279,1.582,5.817
552.326,-1.218,1.581,5.853
552.438,-1.151,1.578,5.876
552.548,-1.079,1.571,5.889
552.659,-0.998,1.566,5.892
552.770,-0.910,1.572,5.887
552.882,-0.821,1.581,5.881
552.993,-0.737,1.586,5.882
553.105,-0.660,1.584,5.888
553.215,-0.584,1.576,5.896
553.326,-0.502,1.566,5.904
553.438,-0.417,1.570,5.903
553.550,-0.337,1.581,5.884
553.660,-0.274,1.582,5.850
553.772,-0.223,1.579,5.810
553.881,-0.181,1.572,5.771
553.992,-0.141,1.562,5.730
554.102,-0.102,1.557,5.688
554.210,-0.065,1.565,5.650
554.321,-0.029,1.568,5.625
554.434,0.006,1.571,5.610
554.545,0.047,1.569,5.603
554.657,0.097,1.559,5.602
554.768,0.149,1.552,5.603
554.878,0.200,1.550,5.605
554.990,0.249,1.547,5.609
555.101,0.288,1.543,5.617
555.213,0.313,1.543,5.627
555.323,0.325,1.541,5.639
555.435,0.327,1.533,5.642
555.545,0.326,1.518,5.634
555.657,0.318,1.477,5.608
555.768,0.313,1.386,5.584
555.880,0.302,1.272,5.563
555.990,0.291,1.139,5.551
556.102,0.281,1.014,5.542
556.213,0.271,0.916,5.535
556.324,0.267,0.841,5.536
556.435,0.272,0.781,5.543
556.546,0.281,0.743,5.551
556.657,0.276,0.727,5.553
556.769,0.261,0.724,5.557
556.878,0.254,0.728,5.574
556.989,0.249,0.744,5.603
557.101,0.241,0.757,5.640
557.212,0.232,0.760,5.672
557.323,0.222,0.750,5.699
557.429,0.211,0.746,5.724
557.542,0.207,0.754,5.748
557.654,0.208,0.764,5.766
557.765,0.212,0.778,5.776
557.877,0.229,0.841,5.773
557.988,0.240,0.953,5.754
558.099,0.260,1.074,5.730
558.210,0.288,1.183,5.717
558.321,0.317,1.278,5.707
558.432,0.351,1.372,5.707
558.544,0.390,1.458,5.714
558.655,0.431,1.525,5.726
558.766,0.465,1.567,5.740
558.877,0.492,1.584,5.750
558.988,0.511,1.593,5.759
559.101,0.521,1.597,5.767
559.212,0.522,1.596,5.774
559.322,0.518,1.596,5.782
559.433,0.513,1.596,5.789
559.545,0.508,1.598,5.794
559.656,0.504,1.602,5.796
559.767,0.502,1.605,5.795
559.878,0.500,1.607,5.792
559.989,0.499,1.607,5.789
560.100,0.500,1.606,5.786
560.212,0.502,1.606,5.783
560.322,0.503,1.606,5.780
560.434,0.504,1.606,5.777
560.546,0.506,1.607,5.773
560.657,0.505,1.608,5.768
560.769,0.504,1.607,5.762
560.879,0.500,1.605,5.757
560.990,0.496,1.604,5.752
561.101,0.490,1.604,5.750
561.212,0.484,1.604,5.749
561.324,0.478,1.602,5.748
561.435,0.471,1.599,5.747
561.546,0.465,1.596,5.746
561.657,0.462,1.594,5.745
561.768,0.460,1.592,5.744
561.880,0.459,1.591,5.744
561.991,0.457,1.590,5.746
562.102,0.454,1.590,5.749
562.213,0.452,1.590,5.753
562.325,0.452,1.590,5.760
562.435,0.451,1.591,5.766
562.546,0.448,1.593,5.777
562.657,0.441,1.596,5.790
562.759,0.439,1.595,5.807
562.866,0.439,1.589,5.831
562.977,0.439,1.588,5.856
563.088,0.437,1.587,5.885
563.200,0.433,1.582,5.923
563.311,0.428,1.576,5.968
563.422,0.423,1.572,6.018
563.533,0.414,1.569,6.065
563.644,0.399,1.565,6.111
563.756,0.381,1.559,6.153
563.867,0.362,1.556,6.193
563.978,0.344,1.553,6.233
564.089,0.323,1.551,6.269
564.200,0.297,1.557,6.302
564.312,0.268,1.565,6.331
564.423,0.236,1.567,6.354
564.535,0.202,1.568,6.369
564.645,0.167,1.572,6.375
564.756,0.139,1.577,6.373
564.867,0.126,1.580,6.368
564.978,0.128,1.580,6.366
565.089,0.145,1.577,6.368
565.200,0.170,1.576,6.373
565.311,0.197,1.580,6.378
565.421,0.224,1.580,6.378
565.532,0.250,1.581,6.373
565.643,0.275,1.584,6.360
565.755,0.300,1.586,6.341
565.866,0.325,1.583,6.317
565.977,0.349,1.578,6.288
566.089,0.373,1.578,6.254
566.200,0.395,1.575,6.220
566.311,0.415,1.571,6.192
566.422,0.431,1.567,6.168
566.533,0.444,1.563,6.150
566.644,0.454,1.559,6.135
566.756,0.463,1.556,6.125
566.867,0.473,1.556,6.119
566.978,0.482,1.556,6.114
567.089,0.490,1.556,6.112
567.200,0.495,1.556,6.111
567.312,0.498,1.557,6.111
567.424,0.500,1.556,6.111
567.533,0.500,1.555,6.110
567.644,0.499,1.556,6.109
567.755,0.498,1.556,6.108
567.866,0.497,1.555,6.107
567.977,0.495,1.556,6.105
568.088,0.492,1.556,6.099
568.200,0.489,1.556,6.088
568.311,0.483,1.557,6.071
568.423,0.473,1.554,6.049
568.534,0.453,1.551,6.024
568.644,0.419,1.545,5.996
568.756,0.370,1.536,5.968
568.868,0.303,1.527,5.940
568.978,0.223,1.529,5.907
569.089,0.138,1.543,5.868
569.200,0.063,1.557,5.823
569.312,-0.002,1.555,5.776
569.422,-0.061,1.548,5.728
569.534,-0.120,1.534,5.677
569.646,-0.178,1.521,5.623
569.755,-0.235,1.519,5.563
569.867,-0.296,1.525,5.503
569.977,-0.348,1.524,5.459
570.089,-0.393,1.522,5.428
570.199,-0.427,1.521,5.409
570.310,-0.452,1.518,5.400
570.421,-0.469,1.518,5.399
570.532,-0.480,1.518,5.407
570.645,-0.491,1.520,5.423
570.756,-0.504,1.528,5.444
570.868,-0.522,1.537,5.468
570.978,-0.542,1.542,5.493
571.089,-0.559,1.544,5.516
571.201,-0.575,1.547,5.537
571.309,-0.593,1.549,5.557
571.421,-0.612,1.551,5.574
571.532,-0.627,1.553,5.589
571.643,-0.640,1.554,5.601
571.755,-0.655,1.555,5.613
571.866,-0.674,1.555,5.627
571.977,-0.700,1.556,5.640
572.088,-0.728,1.552,5.652
572.200,-0.761,1.551,5.658
572.310,-0.796,1.549,5.659
572.422,-0.838,1.543,5.655
572.533,-0.889,1.537,5.643
572.644,-0.946,1.531,5.623
572.756,-1.008,1.535,5.593
572.867,-1.072,1.544,5.562
572.978,-1.135,1.549,5.535
573.089,-1.193,1.548,5.516
573.200,-1.245,1.548,5.499
573.312,-1.287,1.542,5.481
573.423,-1.323,1.535,5.465
573.534,-1.360,1.532,5.456
573.645,-1.403,1.531,5.456
573.755,-1.448,1.543,5.460
573.866,-1.489,1.562,5.469
573.978,-1.526,1.569,5.487
574.089,-1.564,1.571,5.516
574.200,-1.608,1.572,5.555
574.312,-1.657,1.570,5.603
574.423,-1.708,1.564,5.650
574.535,-1.758,1.563,5.690
574.646,-1.806,1.570,5.725
574.757,-1.846,1.580,5.756
574.867,-1.877,1.588,5.781
574.979,-1.901,1.592,5.796
575.090,-1.923,1.593,5.798
575.201,-1.946,1.593,5.788
575.312,-1.968,1.594,5.771
575.423,-1.987,1.593,5.742
575.534,-2.009,1.593,5.701
575.646,-2.035,1.594,5.655
575.757,-2.067,1.593,5.614
575.868,-2.097,1.592,5.582
575.978,-2.125,1.589,5.558
576.089,-2.149,1.587,5.539
576.201,-2.172,1.585,5.521
576.311,-2.194,1.581,5.505
576.423,-2.218,1.576,5.491
576.533,-2.242,1.568,5.475
576.645,-2.266,1.562,5.459
576.756,-2.285,1.565,5.442
576.868,-2.294,1.566,5.430
576.979,-2.293,1.569,5.426
577.089,-2.280,1.574,5.431
577.201,-2.262,1.576,5.443
577.311,-2.246,1.581,5.458
577.423,-2.234,1.584,5.474
577.534,-2.225,1.587,5.494
577.645,-2.221,1.588,5.521
577.756,-2.221,1.593,5.546
577.868,-2.229,1.594,5.565
577.979,-2.240,1.593,5.573
578.090,-2.252,1.591,5.572
578.201,-2.261,1.593,5.569
578.313,-2.271,1.592,5.566
578.423,-2.281,1.593,5.568
578.535,-2.286,1.594,5.572
578.645,-2.287,1.596,5.574
578.757,-2.286,1.598,5.573
578.868,-2.285,1.598,5.570
578.979,-2.284,1.598,5.566
579.090,-2.283,1.596,5.561
579.202,-2.282,1.596,5.556
579.312,-2.283,1.594,5.553
579.423,-2.287,1.593,5.550
579.535,-2.294,1.594,5.548
579.645,-2.301,1.596,5.547
579.757,-2.308,1.598,5.544
579.867,-2.315,1.598,5.540
579.979,-2.322,1.598,5.535
580.090,-2.329,1.599,5.531
580.201,-2.335,1.600,5.529
580.312,-2.340,1.600,5.527
580.423,-2.344,1.603,5.526
580.534,-2.349,1.607,5.526
580.645,-2.354,1.612,5.526
580.756,-2.358,1.616,5.526
580.867,-2.361,1.617,5.526
580.979,-2.364,1.617,5.525
581.090,-2.367,1.618,5.524
581.200,-2.369,1.620,5.522
581.311,-2.371,1.621,5.521
581.422,-2.371,1.622,5.519
581.534,-2.369,1.622,5.518
581.645,-2.363,1.620,5.519
581.756,-2.351,1.619,5.522
581.868,-2.335,1.617,5.531
581.980,-2.319,1.615,5.545
582.090,-2.306,1.613,5.565
582.201,-2.299,1.612,5.591
582.313,-2.299,1.612,5.614
582.424,-2.301,1.611,5.631
582.535,-2.304,1.610,5.643
582.647,-2.306,1.610,5.650
582.757,-2.307,1.609,5.652
582.868,-2.304,1.607,5.648
582.980,-2.301,1.606,5.641
583.091,-2.298,1.605,5.633
583.202,-2.297,1.604,5.627
583.313,-2.299,1.603,5.625
583.424,-2.302,1.602,5.623
583.535,-2.305,1.602,5.623
583.646,-2.307,1.602,5.622
583.757,-2.310,1.602,5.622
583.868,-2.314,1.602,5.623
583.980,-2.316,1.602,5.625
584.090,-2.318,1.603,5.627
584.202,-2.320,1.603,5.628
584.313,-2.321,1.604,5.629
584.424,-2.322,1.604,5.629
584.535,-2.323,1.603,5.629
584.646,-2.325,1.603,5.629
584.757,-2.326,1.603,5.630
584.868,-2.328,1.602,5.631
584.981,-2.330,1.602,5.632
585.090,-2.332,1.602,5.633
585.201,-2.333,1.603,5.634
585.313,-2.332,1.603,5.634
585.424,-2.331,1.602,5.633
585.535,-2.329,1.602,5.630
585.646,-2.326,1.601,5.621
585.757,-2.323,1.600,5.606
585.868,-2.323,1.598,5.585
585.980,-2.326,1.594,5.559
586.090,-2.336,1.588,5.534
586.201,-2.350,1.582,5.515
586.312,-2.367,1.578,5.503
586.423,-2.382,1.578,5.495
586.534,-2.394,1.581,5.490
586.646,-2.403,1.583,5.488
586.757,-2.408,1.586,5.486
586.868,-2.410,1.589,5.483
586.979,-2.411,1.592,5.481
587.090,-2.413,1.594,5.479
587.202,-2.414,1.597,5.478
587.312,-2.416,1.606,5.477
587.424,-2.416,1.612,5.477
587.534,-2.416,1.616,5.478
587.646,-2.415,1.618,5.480
587.757,-2.416,1.620,5.483
587.868,-2.416,1.622,5.485
587.979,-2.416,1.623,5.487
588.090,-2.416,1.624,5.489
588.201,-2.416,1.624,5.490
588.312,-2.415,1.624,5.491
588.423,-2.414,1.624,5.492
588.535,-2.413,1.624,5.493
588.645,-2.412,1.624,5.493
588.757,-2.412,1.623,5.495
588.868,-2.412,1.623,5.497
588.979,-2.413,1.623,5.501
589.090,-2.413,1.624,5.505
589.202,-2.412,1.624,5.509
589.312,-2.411,1.624,5.512
589.424,-2.408,1.624,5.514
589.535,-2.406,1.623,5.514
589.646,-2.403,1.623,5.514
589.757,-2.399,1.622,5.513
589.868,-2.392,1.621,5.512
589.979,-2.382,1.619,5.513
590.090,-2.367,1.620,5.521
590.201,-2.349,1.619,5.535
590.313,-2.334,1.616,5.553
590.423,-2.327,1.610,5.572
590.535,-2.325,1.606,5.587
590.646,-2.327,1.603,5.600
590.757,-2.329,1.601,5.610
590.868,-2.329,1.599,5.617
590.979,-2.327,1.597,5.621
591.091,-2.325,1.596,5.623
591.202,-2.322,1.595,5.623
591.313,-2.319,1.594,5.621
591.424,-2.316,1.594,5.617
591.535,-2.314,1.593,5.612
591.646,-2.312,1.594,5.601
591.757,-2.311,1.593,5.586
591.868,-2.312,1.593,5.572
591.979,-2.314,1.593,5.560
592.091,-2.318,1.591,5.550
592.201,-2.325,1.590,5.542
592.312,-2.332,1.591,5.535
592.424,-2.341,1.590,5.529
592.534,-2.350,1.589,5.525
592.645,-2.359,1.588,5.521
592.757,-2.367,1.588,5.518
592.868,-2.374,1.588,5.515
592.979,-2.381,1.586,5.511
593.090,-2.387,1.582,5.506
593.202,-2.394,1.579,5.499
593.312,-2.400,1.575,5.493
593.423,-2.406,1.573,5.488
593.534,-2.410,1.573,5.485
593.645,-2.408,1.574,5.484
593.757,-2.400,1.576,5.487
593.868,-2.387,1.579,5.492
593.979,-2.372,1.582,5.501
594.090,-2.359,1.585,5.512
594.201,-2.349,1.586,5.524
594.312,-2.342,1.587,5.538
594.424,-2.336,1.589,5.550
594.535,-2.332,1.589,5.560
594.646,-2.330,1.588,5.569
594.757,-2.330,1.588,5.577
594.867,-2.329,1.589,5.583
594.979,-2.328,1.590,5.589
595.090,-2.327,1.590,5.594
595.202,-2.326,1.590,5.597
595.313,-2.325,1.590,5.599
595.424,-2.323,1.591,5.600
595.535,-2.322,1.592,5.601
595.646,-2.321,1.592,5.601
595.757,-2.321,1.593,5.599
595.868,-2.322,1.595,5.591
595.979,-2.324,1.596,5.583
596.090,-2.326,1.597,5.576
596.201,-2.329,1.597,5.569
596.312,-2.333,1.595,5.564
596.424,-2.337,1.595,5.560
596.534,-2.340,1.596,5.556
596.645,-2.342,1.594,5.552
596.757,-2.344,1.593,5.549
596.868,-2.346,1.592,5.545
596.979,-2.348,1.591,5.542
597.090,-2.350,1.592,5.539
597.201,-2.351,1.593,5.535
597.312,-2.353,1.594,5.533
597.423,-2.354,1.594,5.531
597.534,-2.355,1.594,5.531
597.646,-2.356,1.594,5.532
597.757,-2.358,1.595,5.533
597.867,-2.359,1.594,5.535
597.979,-2.361,1.595,5.537
598.090,-2.363,1.596,5.539
598.201,-2.366,1.597,5.539
598.312,-2.370,1.598,5.539
598.424,-2.374,1.598,5.539
598.534,-2.376,1.597,5.539
598.645,-2.376,1.597,5.539
598.757,-2.374,1.598,5.541
598.867,-2.371,1.598,5.542
598.979,-2.367,1.599,5.544
599.090,-2.364,1.600,5.545
599.200,-2.363,1.601,5.544
599.311,-2.363,1.602,5.542
599.422,-2.365,1.602,5.540
599.533,-2.370,1.600,5.539
599.644,-2.381,1.598,5.540
599.756,-2.390,1.599,5.540
599.866,-2.396,1.600,5.540
599.977,-2.398,1.600,5.542
600.089,-2.398,1.601,5.544
600.200,-2.395,1.601,5.547
600.311,-2.392,1.602,5.549
600.422,-2.390,1.601,5.552
600.533,-2.388,1.601,5.553
600.645,-2.387,1.599,5.555
600.756,-2.384,1.599,5.556
600.867,-2.380,1.600,5.553
600.979,-2.377,1.602,5.543
601.089,-2.372,1.603,5.533
601.201,-2.368,1.601,5.525
601.312,-2.362,1.600,5.521
601.423,-2.357,1.597,5.521
601.534,-2.356,1.594,5.522
601.645,-2.356,1.594,5.523
601.757,-2.356,1.596,5.521
601.867,-2.359,1.598,5.518
601.978,-2.366,1.597,5.512
602.089,-2.380,1.587,5.502
602.200,-2.392,1.574,5.490
602.312,-2.399,1.562,5.476
602.423,-2.400,1.553,5.454
602.535,-2.399,1.544,5.424
602.645,-2.397,1.537,5.386
602.757,-2.398,1.531,5.338
602.868,-2.400,1.523,5.282
602.979,-2.404,1.513,5.225
603.090,-2.406,1.504,5.171
603.201,-2.406,1.496,5.120
603.312,-2.401,1.491,5.068
603.423,-2.392,1.482,5.016
603.535,-2.374,1.474,4.960
603.646,-2.352,1.473,4.897
603.757,-2.335,1.475,4.843
603.868,-2.324,1.474,4.799
603.979,-2.320,1.472,4.764
604.090,-2.318,1.470,4.735
604.202,-2.320,1.468,4.706
604.312,-2.325,1.471,4.675
604.424,-2.334,1.480,4.642
604.534,-2.347,1.495,4.610
604.645,-2.363,1.508,4.580
604.757,-2.381,1.522,4.548
604.867,-2.393,1.537,4.514
604.979,-2.398,1.547,4.472
605.090,-2.394,1.553,4.419
605.202,-2.381,1.555,4.355
605.313,-2.361,1.555,4.280
605.424,-2.332,1.562,4.195
605.535,-2.300,1.576,4.106
605.646,-2.275,1.583,4.019
605.757,-2.255,1.585,3.934
605.868,-2.238,1.583,3.852
605.979,-2.225,1.574,3.773
606.090,-2.211,1.577,3.697
606.201,-2.187,1.585,3.630
606.312,-2.155,1.589,3.575
606.424,-2.116,1.590,3.534
606.535,-2.074,1.587,3.507
606.646,-2.033,1.580,3.489
606.757,-1.996,1.586,3.477
606.868,-1.969,1.588,3.469
606.979,-1.946,1.589,3.462
607.091,-1.930,1.591,3.457
607.201,-1.922,1.593,3.451
607.312,-1.919,1.597,3.442
607.424,-1.918,1.600,3.430
607.535,-1.917,1.600,3.418
607.646,-1.914,1.597,3.406
607.757,-1.910,1.596,3.397
607.868,-1.907,1.595,3.389
607.979,-1.902,1.593,3.382
608.090,-1.897,1.593,3.375
608.201,-1.892,1.593,3.369
608.312,-1.887,1.593,3.364
608.424,-1.885,1.594,3.360
608.535,-1.885,1.595,3.358
608.645,-1.884,1.595,3.357
608.757,-1.884,1.596,3.356
608.868,-1.887,1.595,3.355
608.980,-1.890,1.594,3.354
609.090,-1.893,1.594,3.353
609.202,-1.897,1.594,3.351
609.312,-1.900,1.595,3.351
609.424,-1.902,1.595,3.351
609.535,-1.905,1.596,3.351
609.647,-1.906,1.597,3.351
609.757,-1.908,1.597,3.352
609.868,-1.909,1.597,3.354
609.979,-1.910,1.598,3.354
610.090,-1.909,1.599,3.354
610.202,-1.908,1.599,3.353
610.313,-1.908,1.599,3.353
610.423,-1.907,1.599,3.353
610.534,-1.906,1.599,3.353
610.646,-1.906,1.599,3.353
610.757,-1.905,1.598,3.354
610.868,-1.906,1.597,3.355
610.979,-1.906,1.596,3.357
611.091,-1.907,1.595,3.358
611.201,-1.908,1.594,3.359
611.312,-1.908,1.594,3.360
611.423,-1.907,1.593,3.360
611.535,-1.907,1.592,3.361
611.645,-1.907,1.591,3.362
611.757,-1.908,1.590,3.363
611.868,-1.910,1.590,3.363
611.979,-1.912,1.591,3.365
612.090,-1.914,1.592,3.367
612.201,-1.915,1.592,3.368
612.312,-1.915,1.592,3.369
612.424,-1.914,1.593,3.369
612.534,-1.913,1.593,3.368
612.646,-1.912,1.593,3.368
612.757,-1.912,1.592,3.367
612.868,-1.912,1.592,3.366
612.979,-1.913,1.592,3.366
613.090,-1.915,1.592,3.366
613.201,-1.917,1.593,3.366
613.312,-1.919,1.594,3.366
613.424,-1.920,1.594,3.366
613.535,-1.921,1.595,3.365
613.646,-1.921,1.596,3.365
613.757,-1.921,1.596,3.364
613.868,-1.920,1.595,3.363
613.979,-1.919,1.595,3.362
614.090,-1.918,1.595,3.361
614.201,-1.918,1.595,3.360
614.312,-1.918,1.595,3.359
614.423,-1.918,1.595,3.359
614.535,-1.919,1.595,3.359
614.646,-1.920,1.596,3.358
614.757,-1.921,1.597,3.358
614.868,-1.922,1.597,3.358
614.979,-1.922,1.597,3.358
615.090,-1.923,1.597,3.359
615.201,-1.924,1.597,3.359
615.312,-1.924,1.598,3.360
615.423,-1.924,1.597,3.360
615.535,-1.924,1.597,3.360
615.645,-1.924,1.597,3.360
615.756,-1.924,1.597,3.360
615.868,-1.923,1.597,3.361
615.979,-1.923,1.597,3.361
616.090,-1.922,1.597,3.361
616.201,-1.922,1.597,3.361
616.312,-1.921,1.598,3.360
616.423,-1.921,1.598,3.360
616.535,-1.921,1.598,3.360
616.645,-1.920,1.598,3.360
616.757,-1.920,1.598,3.361
616.868,-1.919,1.597,3.361
616.979,-1.918,1.597,3.361
617.090,-1.917,1.597,3.360
617.202,-1.916,1.596,3.360
617.312,-1.915,1.596,3.359
617.424,-1.914,1.596,3.359
617.535,-1.912,1.596,3.358
617.646,-1.911,1.596,3.358
617.757,-1.909,1.595,3.359
617.868,-1.908,1.595,3.359
617.979,-1.907,1.595,3.360
618.090,-1.906,1.595,3.361
618.201,-1.905,1.595,3.362
618.312,-1.903,1.595,3.363
618.424,-1.902,1.596,3.363
618.535,-1.901,1.595,3.364
618.645,-1.900,1.595,3.363
618.757,-1.899,1.595,3.363
618.868,-1.898,1.594,3.363
618.979,-1.898,1.594,3.362
619.090,-1.898,1.594,3.362
619.201,-1.898,1.593,3.362
619.312,-1.898,1.593,3.362
619.423,-1.898,1.593,3.362
619.535,-1.898,1.593,3.362
619.645,-1.898,1.593,3.362
619.757,-1.897,1.593,3.361
619.868,-1.895,1.594,3.358
619.979,-1.888,1.595,3.353
620.090,-1.874,1.596,3.338
620.202,-1.857,1.597,3.312
620.313,-1.841,1.596,3.281
620.424,-1.827,1.594,3.247
620.535,-1.816,1.591,3.212
620.647,-1.807,1.590,3.177
620.758,-1.797,1.592,3.144
620.868,-1.784,1.592,3.112
620.980,-1.765,1.591,3.082
621.091,-1.741,1.591,3.054
621.202,-1.715,1.597,3.027
621.314,-1.692,1.598,3.001
621.424,-1.673,1.595,2.976
621.536,-1.658,1.597,2.953
621.646,-1.647,1.597,2.931
621.757,-1.640,1.596,2.909
621.869,-1.638,1.594,2.891
621.979,-1.635,1.596,2.875
622.091,-1.632,1.597,2.859
622.202,-1.627,1.598,2.846
622.313,-1.623,1.598,2.832
622.424,-1.620,1.599,2.816
622.535,-1.619,1.598,2.801
622.646,-1.620,1.598,2.787
622.757,-1.621,1.598,2.772
622.864,-1.622,1.596,2.759
622.977,-1.623,1.594,2.748
623.087,-1.619,1.593,2.740
623.199,-1.605,1.592,2.737
623.310,-1.584,1.591,2.746
623.421,-1.560,1.593,2.764
623.532,-1.537,1.594,2.787
623.644,-1.514,1.593,2.813
623.755,-1.489,1.588,2.841
623.866,-1.461,1.587,2.870
623.977,-1.434,1.591,2.897
624.089,-1.412,1.594,2.920
624.200,-1.397,1.596,2.940
624.311,-1.389,1.596,2.956
624.423,-1.386,1.597,2.969
624.534,-1.387,1.597,2.977
624.645,-1.389,1.595,2.985
624.757,-1.393,1.594,2.993
624.867,-1.397,1.594,2.997
624.979,-1.401,1.595,3.000
625.090,-1.405,1.595,2.999
625.201,-1.407,1.595,2.997
625.313,-1.409,1.595,2.994
625.423,-1.410,1.595,2.992
625.535,-1.412,1.595,2.990
625.646,-1.415,1.594,2.989
625.756,-1.417,1.595,2.988
625.868,-1.417,1.594,2.987
625.979,-1.415,1.594,2.986
626.090,-1.412,1.594,2.984
626.201,-1.410,1.594,2.983
626.313,-1.409,1.595,2.982
626.423,-1.409,1.595,2.981
626.535,-1.410,1.595,2.982
626.646,-1.411,1.595,2.983
626.756,-1.411,1.595,2.983
626.867,-1.412,1.595,2.983
626.979,-1.414,1.595,2.983
627.089,-1.416,1.595,2.983
627.201,-1.418,1.595,2.983
627.312,-1.419,1.595,2.983
627.423,-1.421,1.595,2.984
627.533,-1.422,1.595,2.984
627.645,-1.424,1.595,2.985
627.757,-1.425,1.596,2.987
627.868,-1.426,1.596,2.988
627.979,-1.427,1.597,2.989
628.090,-1.428,1.596,2.991
628.202,-1.428,1.596,2.992
628.312,-1.429,1.596,2.993
628.423,-1.429,1.596,2.993
628.534,-1.429,1.596,2.994
628.645,-1.427,1.596,2.993
628.757,-1.426,1.596,2.992
628.868,-1.425,1.596,2.991
628.979,-1.424,1.595,2.990
629.090,-1.423,1.595,2.990
629.201,-1.423,1.595,2.989
629.312,-1.423,1.596,2.989
629.423,-1.422,1.596,2.989
629.535,-1.422,1.596,2.989
629.645,-1.421,1.596,2.989
629.757,-1.421,1.596,2.989
629.868,-1.420,1.597,2.990
629.979,-1.419,1.597,2.989
630.090,-1.418,1.597,2.989
630.201,-1.418,1.597,2.989
630.313,-1.419,1.597,2.988
630.423,-1.420,1.597,2.987
630.536,-1.421,1.597,2.984
630.646,-1.421,1.596,2.982
630.758,-1.422,1.596,2.978
630.868,-1.423,1.595,2.974
630.980,-1.422,1.595,2.969
631.091,-1.423,1.595,2.965
631.201,-1.422,1.595,2.962
631.312,-1.419,1.595,2.960
631.424,-1.417,1.595,2.958
631.535,-1.416,1.596,2.957
631.646,-1.415,1.596,2.955
631.757,-1.416,1.596,2.955
631.868,-1.417,1.595,2.956
631.979,-1.418,1.595,2.957
632.091,-1.418,1.595,2.959
632.201,-1.418,1.594,2.962
632.313,-1.419,1.594,2.965
632.423,-1.420,1.594,2.968
632.535,-1.420,1.594,2.971
632.646,-1.420,1.594,2.973
632.757,-1.420,1.595,2.975
632.868,-1.420,1.595,2.977
632.980,-1.421,1.596,2.978
633.090,-1.421,1.596,2.978
633.201,-1.422,1.596,2.979
633.313,-1.422,1.596,2.979
633.424,-1.423,1.596,2.980
633.535,-1.424,1.596,2.980
633.646,-1.425,1.596,2.980
633.757,-1.427,1.596,2.980
633.869,-1.428,1.596,2.980
633.979,-1.430,1.597,2.980
634.091,-1.431,1.597,2.980
634.202,-1.430,1.596,2.979
634.312,-1.429,1.596,2.979
634.424,-1.428,1.596,2.979
634.535,-1.427,1.596,2.979
634.646,-1.425,1.596,2.979
634.757,-1.423,1.596,2.979
634.868,-1.419,1.595,2.978
634.979,-1.414,1.595,2.977
635.090,-1.408,1.595,2.975
635.203,-1.400,1.596,2.973
635.313,-1.391,1.595,2.969
635.424,-1.382,1.595,2.964
635.535,-1.370,1.596,2.959
635.646,-1.359,1.600,2.952
635.757,-1.357,1.602,2.945
635.869,-1.365,1.599,2.940
635.980,-1.387,1.598,2.937
636.091,-1.421,1.593,2.936
636.202,-1.468,1.584,2.935
636.313,-1.527,1.574,2.933
636.424,-1.590,1.571,2.929
636.535,-1.647,1.578,2.927
636.646,-1.691,1.586,2.934
636.757,-1.720,1.586,2.947
636.869,-1.742,1.581,2.972
636.980,-1.761,1.578,3.007
637.091,-1.783,1.577,3.050
637.202,-1.813,1.573,3.100
637.313,-1.854,1.571,3.152
637.424,-1.903,1.571,3.195
637.535,-1.949,1.578,3.228
637.646,-1.990,1.584,3.247
637.756,-2.019,1.588,3.256
637.867,-2.040,1.586,3.255
637.979,-2.054,1.586,3.248
638.089,-2.064,1.587,3.237
638.200,-2.066,1.588,3.223
638.311,-2.066,1.588,3.211
638.422,-2.062,1.592,3.201
638.533,-2.052,1.597,3.193
638.644,-2.038,1.600,3.186
638.755,-2.028,1.597,3.182
638.866,-2.021,1.595,3.184
638.978,-2.016,1.593,3.186
639.090,-2.005,1.593,3.184
639.201,-1.985,1.596,3.172
639.312,-1.957,1.597,3.147
639.424,-1.928,1.595,3.107
639.535,-1.904,1.595,3.066
639.646,-1.886,1.594,3.036
639.757,-1.870,1.592,3.020
639.868,-1.848,1.593,3.018
639.979,-1.817,1.591,3.026
640.090,-1.777,1.589,3.042
640.202,-1.729,1.590,3.063
640.312,-1.684,1.594,3.083
640.423,-1.648,1.596,3.098
640.535,-1.622,1.597,3.108
640.646,-1.605,1.600,3.114
640.757,-1.596,1.601,3.117
640.868,-1.592,1.603,3.119
640.979,-1.591,1.603,3.122
641.090,-1.591,1.601,3.123
641.202,-1.592,1.599,3.126
641.313,-1.592,1.601,3.127
641.424,-1.593,1.601,3.126
641.535,-1.592,1.601,3.125
641.646,-1.591,1.601,3.124
641.757,-1.591,1.601,3.123
641.866,-1.591,1.601,3.123
641.978,-1.590,1.601,3.124
642.088,-1.590,1.601,3.126
642.200,-1.591,1.601,3.127
642.311,-1.591,1.601,3.128
642.422,-1.591,1.601,3.129
642.533,-1.591,1.601,3.130
642.645,-1.590,1.601,3.130
642.755,-1.590,1.601,3.130
642.866,-1.589,1.601,3.130
642.978,-1.590,1.601,3.131
643.089,-1.591,1.601,3.131
643.201,-1.591,1.601,3.131
643.312,-1.592,1.601,3.131
643.423,-1.594,1.601,3.130
643.534,-1.595,1.602,3.130
643.645,-1.596,1.605,3.129
643.756,-1.597,1.616,3.133
643.867,-1.599,1.627,3.137
643.978,-1.601,1.630,3.140
644.089,-1.595,1.629,3.135
644.200,-1.580,1.631,3.118
644.311,-1.557,1.629,3.088
644.422,-1.531,1.622,3.051
644.534,-1.502,1.625,3.016
644.645,-1.479,1.623,2.986
644.756,-1.465,1.621,2.965
644.867,-1.462,1.618,2.953
644.978,-1.468,1.612,2.953
645.089,-1.482,1.603,2.964
645.200,-1.499,1.599,2.981
645.312,-1.516,1.597,3.001
645.423,-1.532,1.593,3.026
645.534,-1.547,1.586,3.051
645.646,-1.560,1.583,3.074
645.757,-1.571,1.583,3.092
645.867,-1.582,1.587,3.105
645.979,-1.591,1.587,3.116
646.090,-1.600,1.586,3.124
646.201,-1.606,1.587,3.131
646.312,-1.613,1.589,3.134
646.423,-1.618,1.590,3.133
646.535,-1.620,1.589,3.132
646.646,-1.619,1.588,3.130
646.756,-1.618,1.588,3.126
646.867,-1.615,1.588,3.121
646.979,-1.612,1.587,3.116
647.090,-1.610,1.587,3.110
647.201,-1.606,1.583,3.106
647.312,-1.600,1.581,3.100
647.423,-1.590,1.582,3.086
647.533,-1.576,1.583,3.064
647.644,-1.559,1.588,3.034
647.756,-1.543,1.598,3.000
647.867,-1.524,1.610,2.964
647.978,-1.505,1.625,2.930
648.089,-1.488,1.633,2.902
648.201,-1.478,1.637,2.882
648.312,-1.473,1.633,2.872
648.423,-1.470,1.625,2.869
648.534,-1.468,1.611,2.876
648.645,-1.467,1.597,2.891
648.756,-1.472,1.591,2.905
648.867,-1.481,1.587,2.916
648.978,-1.490,1.586,2.923
649.089,-1.497,1.587,2.927
649.201,-1.504,1.587,2.927
649.312,-1.511,1.585,2.926
649.423,-1.515,1.578,2.926
649.534,-1.518,1.571,2.922
649.645,-1.520,1.567,2.919
649.756,-1.522,1.565,2.920
649.865,-1.523,1.564,2.921
649.976,-1.525,1.563,2.921
650.088,-1.528,1.562,2.922
650.199,-1.528,1.564,2.922
650.311,-1.528,1.563,2.922
650.421,-1.528,1.564,2.922
650.532,-1.528,1.565,2.921
650.643,-1.528,1.566,2.920
650.754,-1.527,1.564,2.918
650.865,-1.525,1.561,2.916
650.977,-1.521,1.552,2.909
651.088,-1.515,1.540,2.897
651.199,-1.507,1.528,2.879
651.310,-1.491,1.520,2.854
651.421,-1.461,1.500,2.818
651.532,-1.424,1.451,2.782
651.643,-1.385,1.376,2.754
651.754,-1.349,1.280,2.735
651.866,-1.317,1.166,2.721
651.977,-1.300,1.036,2.716
652.088,-1.291,0.911,2.715
652.200,-1.288,0.812,2.715
652.310,-1.289,0.752,2.716
652.421,-1.291,0.752,2.718
652.533,-1.292,0.809,2.724
652.644,-1.298,0.903,2.734
652.755,-1.309,1.022,2.752
652.867,-1.322,1.131,2.773
652.978,-1.329,1.183,2.785
653.089,-1.326,1.169,2.781
653.200,-1.321,1.090,2.766
653.311,-1.313,0.983,2.748
653.422,-1.304,0.884,2.735
653.534,-1.293,0.809,2.729
653.644,-1.285,0.769,2.725
653.756,-1.280,0.770,2.720
653.867,-1.275,0.817,2.715
653.978,-1.275,0.903,2.713
654.089,-1.280,1.015,2.720
654.200,-1.287,1.144,2.740
654.311,-1.299,1.275,2.777
654.422,-1.320,1.383,2.825
654.533,-1.348,1.462,2.872
654.644,-1.377,1.519,2.912
654.756,-1.405,1.552,2.941
654.866,-1.425,1.571,2.959
654.978,-1.439,1.581,2.970
655.088,-1.447,1.586,2.976
655.201,-1.450,1.588,2.981
655.312,-1.448,1.587,2.985
655.422,-1.445,1.585,2.989
655.533,-1.444,1.583,2.992
655.645,-1.445,1.584,2.995
655.755,-1.446,1.585,2.998
655.867,-1.448,1.586,3.001
655.978,-1.447,1.587,3.004
656.089,-1.446,1.587,3.006
656.200,-1.446,1.588,3.008
656.311,-1.446,1.588,3.008
656.422,-1.445,1.589,3.009
656.533,-1.445,1.589,3.009
656.644,-1.445,1.589,3.010
656.755,-1.445,1.588,3.010
656.866,-1.446,1.588,3.011
656.978,-1.447,1.588,3.013
657.089,-1.448,1.588,3.015
657.202,-1.451,1.588,3.016
657.311,-1.453,1.588,3.017
657.422,-1.455,1.588,3.018
657.533,-1.457,1.589,3.018
657.644,-1.458,1.589,3.017
657.756,-1.459,1.589,3.016
657.867,-1.460,1.589,3.014
657.978,-1.460,1.589,3.012
658.089,-1.460,1.589,3.011
658.201,-1.461,1.589,3.011
658.310,-1.463,1.590,3.009
658.422,-1.467,1.590,3.009
658.533,-1.471,1.590,3.009
658.644,-1.472,1.589,3.008
658.755,-1.471,1.587,3.005
658.866,-1.471,1.583,2.998
658.978,-1.465,1.576,2.987
659.089,-1.448,1.558,2.968
659.200,-1.427,1.535,2.949
659.312,-1.398,1.513,2.934
659.422,-1.359,1.486,2.922
659.534,-1.309,1.457,2.914
659.645,-1.251,1.416,2.905
659.756,-1.182,1.336,2.886
659.867,-1.124,1.215,2.861
659.979,-1.082,1.082,2.838
660.090,-1.059,0.948,2.827
660.201,-1.046,0.834,2.819
660.312,-1.042,0.755,2.814
660.424,-1.041,0.729,2.810
660.535,-1.041,0.763,2.804
660.646,-1.044,0.851,2.798
660.758,-1.057,0.974,2.799
660.868,-1.084,1.119,2.807
660.980,-1.124,1.260,2.830
661.090,-1.177,1.379,2.863
661.201,-1.236,1.468,2.897
661.312,-1.291,1.526,2.925
661.422,-1.337,1.555,2.947
661.533,-1.370,1.573,2.962
661.645,-1.392,1.581,2.974
661.756,-1.403,1.583,2.983
661.867,-1.404,1.586,2.991
661.978,-1.403,1.587,2.995
662.089,-1.401,1.588,2.997
662.201,-1.400,1.591,2.998
662.312,-1.399,1.592,2.999
662.423,-1.396,1.592,3.001
662.534,-1.394,1.592,3.003
662.646,-1.391,1.591,3.007
662.756,-1.389,1.590,3.012
662.868,-1.389,1.589,3.016
662.978,-1.390,1.589,3.018
663.090,-1.393,1.589,3.020
663.201,-1.396,1.589,3.022
663.312,-1.399,1.589,3.023
663.423,-1.400,1.590,3.024
663.534,-1.401,1.589,3.025
663.645,-1.402,1.590,3.024
663.756,-1.403,1.590,3.023
663.868,-1.403,1.590,3.022
663.979,-1.403,1.589,3.020
664.090,-1.402,1.583,3.019
664.201,-1.395,1.569,3.013
664.312,-1.382,1.542,2.995
664.423,-1.358,1.519,2.966
664.534,-1.321,1.495,2.934
664.646,-1.272,1.463,2.903
664.757,-1.219,1.431,2.889
664.869,-1.156,1.398,2.890
664.979,-1.078,1.359,2.895
665.090,-0.993,1.294,2.898
665.201,-0.922,1.202,2.898
665.312,-0.864,1.097,2.892
665.424,-0.831,0.983,2.894
665.534,-0.809,0.876,2.897
665.646,-0.799,0.792,2.899
665.757,-0.795,0.750,2.900
665.868,-0.795,0.767,2.901
665.979,-0.801,0.843,2.902
666.090,-0.816,0.959,2.904
666.202,-0.843,1.096,2.912
666.313,-0.883,1.238,2.928
666.424,-0.935,1.359,2.951
666.535,-0.987,1.448,2.973
666.646,-1.038,1.504,2.994
666.757,-1.081,1.541,3.007
666.868,-1.116,1.563,3.014
666.979,-1.143,1.571,3.019
667.090,-1.164,1.574,3.021
667.202,-1.180,1.575,3.021
667.312,-1.190,1.576,3.019
667.423,-1.199,1.577,3.016
667.535,-1.204,1.579,3.014
667.646,-1.210,1.579,3.013
667.757,-1.214,1.578,3.012
667.868,-1.217,1.578,3.011
667.979,-1.219,1.578,3.011
668.090,-1.221,1.579,3.010
668.201,-1.223,1.578,3.010
668.312,-1.224,1.578,3.010
668.424,-1.224,1.577,3.009
668.534,-1.224,1.577,3.009
668.646,-1.225,1.576,3.008
668.757,-1.225,1.576,3.008
668.868,-1.224,1.576,3.007
668.979,-1.225,1.576,3.007
669.091,-1.225,1.576,3.006
669.201,-1.224,1.575,3.005
669.312,-1.221,1.572,3.002
669.424,-1.211,1.564,2.996
669.534,-1.198,1.553,2.987
669.645,-1.183,1.554,2.977
669.757,-1.170,1.553,2.972
669.868,-1.163,1.555,2.968
669.979,-1.158,1.553,2.970
670.090,-1.144,1.545,2.968
670.202,-1.119,1.535,2.962
670.311,-1.080,1.518,2.946
670.423,-1.031,1.480,2.916
670.535,-0.975,1.419,2.874
670.646,-0.919,1.329,2.829
670.757,-0.878,1.214,2.792
670.868,-0.848,1.090,2.768
670.979,-0.833,0.970,2.753
671.089,-0.826,0.870,2.743
671.201,-0.828,0.801,2.740
671.312,-0.834,0.758,2.744
671.423,-0.834,0.753,2.749
671.536,-0.832,0.774,2.752
671.645,-0.832,0.802,2.757
671.756,-0.827,0.856,2.764
671.867,-0.827,0.939,2.775
671.978,-0.836,1.039,2.791
672.089,-0.853,1.146,2.813
672.201,-0.883,1.254,2.837
672.311,-0.919,1.350,2.869
672.423,-0.959,1.427,2.908
672.534,-0.996,1.486,2.947
672.645,-1.030,1.526,2.982
672.756,-1.060,1.551,3.011
672.867,-1.084,1.564,3.033
672.979,-1.104,1.569,3.047
673.090,-1.122,1.571,3.055
673.201,-1.137,1.574,3.056
673.312,-1.150,1.578,3.054
673.423,-1.162,1.579,3.050
673.535,-1.173,1.580,3.047
673.645,-1.184,1.580,3.046
673.756,-1.191,1.580,3.045
673.867,-1.197,1.580,3.044
673.978,-1.201,1.580,3.045
674.090,-1.203,1.579,3.045
674.201,-1.204,1.576,3.044
674.313,-1.204,1.575,3.042
674.423,-1.210,1.584,3.034
674.534,-1.223,1.605,3.024
674.645,-1.237,1.629,3.022
674.756,-1.244,1.639,3.026
674.867,-1.244,1.638,3.021
674.979,-1.243,1.641,3.005
675.090,-1.241,1.648,2.980
675.201,-1.239,1.658,2.945
675.313,-1.237,1.671,2.909
675.424,-1.236,1.674,2.882
675.535,-1.233,1.672,2.869
675.646,-1.224,1.668,2.867
675.757,-1.208,1.654,2.874
675.868,-1.187,1.633,2.888
675.979,-1.164,1.607,2.905
676.090,-1.148,1.592,2.917
676.201,-1.143,1.586,2.925
676.312,-1.143,1.586,2.933
676.423,-1.147,1.585,2.937
676.534,-1.153,1.583,2.941
676.645,-1.159,1.583,2.944
676.756,-1.166,1.581,2.946
676.868,-1.172,1.579,2.948
676.978,-1.180,1.578,2.950
677.090,-1.185,1.577,2.952
677.201,-1.189,1.576,2.953
677.312,-1.192,1.576,2.954
677.423,-1.192,1.575,2.955
677.534,-1.191,1.575,2.955
677.645,-1.190,1.573,2.955
677.757,-1.188,1.571,2.955
677.868,-1.184,1.565,2.955
677.979,-1.177,1.558,2.951
678.091,-1.167,1.545,2.944
678.201,-1.159,1.530,2.938
678.313,-1.154,1.519,2.932
678.423,-1.151,1.508,2.931
678.535,-1.149,1.498,2.934
678.646,-1.147,1.487,2.941
678.757,-1.137,1.479,2.953
678.869,-1.117,1.470,2.965
678.980,-1.086,1.456,2.977
679.090,-1.041,1.436,2.988
679.201,-0.987,1.391,2.994
679.313,-0.947,1.311,2.999
679.424,-0.917,1.217,3.004
679.535,-0.898,1.111,3.006
679.646,-0.889,1.001,3.007
679.758,-0.886,0.900,3.007
679.869,-0.884,0.821,3.004
679.980,-0.886,0.781,2.999
680.091,-0.890,0.802,2.992
680.202,-0.895,0.873,2.989
680.313,-0.906,0.976,2.990
680.424,-0.927,1.105,2.998
680.535,-0.959,1.237,3.014
680.646,-1.001,1.357,3.037
680.757,-1.051,1.448,3.059
680.868,-1.095,1.512,3.075
680.980,-1.133,1.545,3.086
681.090,-1.162,1.561,3.093
681.201,-1.182,1.568,3.096
681.312,-1.194,1.569,3.098
681.424,-1.202,1.567,3.099
681.534,-1.205,1.568,3.099
681.646,-1.207,1.567,3.099
681.757,-1.207,1.565,3.101
681.868,-1.207,1.564,3.103
681.979,-1.207,1.564,3.106
682.090,-1.207,1.563,3.110
682.201,-1.207,1.563,3.113
682.312,-1.208,1.563,3.115
682.424,-1.208,1.564,3.117
682.535,-1.208,1.564,3.118
682.646,-1.208,1.563,3.120
682.756,-1.207,1.563,3.122
682.867,-1.206,1.561,3.123
682.979,-1.203,1.558,3.125
683.090,-1.199,1.554,3.129
683.202,-1.195,1.552,3.132
683.312,-1.192,1.550,3.133
683.423,-1.191,1.549,3.132
683.535,-1.189,1.546,3.130
683.646,-1.182,1.539,3.130
683.756,-1.169,1.527,3.131
683.868,-1.152,1.517,3.134
683.979,-1.128,1.508,3.137
684.090,-1.093,1.495,3.139
684.201,-1.052,1.467,3.139
684.312,-1.011,1.423,3.135
684.424,-0.972,1.367,3.129
684.535,-0.939,1.296,3.121
684.646,-0.912,1.206,3.115
684.757,-0.896,1.100,3.111
684.868,-0.887,0.991,3.111
684.979,-0.890,0.885,3.112
685.091,-0.898,0.799,3.112
685.202,-0.905,0.743,3.110
685.312,-0.911,0.711,3.107
685.424,-0.917,0.704,3.105
685.534,-0.921,0.729,3.102
685.645,-0.926,0.771,3.101
685.757,-0.934,0.826,3.102
685.868,-0.941,0.910,3.101
685.980,-0.956,1.021,3.101
686.090,-0.980,1.151,3.101
686.201,-1.017,1.282,3.102
686.312,-1.057,1.383,3.110
686.423,-1.087,1.440,3.121
686.534,-1.092,1.461,3.128
686.645,-1.078,1.463,3.132
686.757,-1.040,1.442,3.133
686.859,-0.978,1.378,3.132
686.972,-0.911,1.266,3.132
687.085,-0.868,1.123,3.136
687.197,-0.845,0.976,3.144
687.308,-0.836,0.855,3.151
687.420,-0.833,0.778,3.154
687.530,-0.831,0.759,3.156
687.642,-0.829,0.801,3.156
687.753,-0.833,0.873,3.157
687.864,-0.843,0.960,3.159
687.975,-0.858,1.055,3.163
688.086,-0.878,1.159,3.167
688.198,-0.907,1.263,3.170
688.308,-0.940,1.346,3.177
688.420,-0.968,1.401,3.182
688.530,-0.994,1.445,3.184
688.641,-1.018,1.477,3.190
688.753,-1.045,1.501,3.189
688.864,-1.074,1.526,3.177
688.975,-1.109,1.546,3.161
689.087,-1.144,1.562,3.147
689.198,-1.177,1.575,3.138
689.309,-1.204,1.584,3.136
689.420,-1.226,1.590,3.138
689.532,-1.244,1.595,3.143
689.643,-1.259,1.601,3.150
689.754,-1.273,1.604,3.160
689.865,-1.282,1.611,3.169
689.976,-1.286,1.615,3.176
690.088,-1.288,1.622,3.179
690.199,-1.286,1.630,3.177
690.310,-1.283,1.631,3.168
690.421,-1.282,1.630,3.144
690.532,-1.283,1.626,3.108
690.644,-1.281,1.624,3.065
690.755,-1.275,1.632,3.017
690.866,-1.265,1.645,2.968
690.977,-1.256,1.653,2.925
691.088,-1.249,1.653,2.892
691.200,-1.245,1.650,2.873
691.310,-1.242,1.647,2.864
691.422,-1.241,1.646,2.862
691.533,-1.242,1.644,2.869
691.644,-1.246,1.640,2.886
691.756,-1.252,1.634,2.911
691.867,-1.259,1.626,2.943
691.978,-1.262,1.613,2.979
692.089,-1.263,1.602,3.019
692.200,-1.262,1.599,3.057
692.311,-1.266,1.598,3.087
692.421,-1.272,1.593,3.112
692.533,-1.279,1.591,3.130
692.644,-1.285,1.589,3.142
692.755,-1.289,1.590,3.149
692.866,-1.293,1.591,3.151
692.977,-1.296,1.594,3.150
693.088,-1.302,1.597,3.145
693.200,-1.307,1.600,3.144
693.310,-1.314,1.599,3.142
693.422,-1.317,1.609,3.135
693.533,-1.321,1.607,3.135
693.644,-1.324,1.610,3.128
693.755,-1.326,1.613,3.124
693.866,-1.326,1.616,3.119
693.978,-1.324,1.620,3.115
694.088,-1.321,1.625,3.113
694.200,-1.315,1.631,3.112
694.312,-1.309,1.629,3.111
694.423,-1.305,1.624,3.108
694.534,-1.302,1.621,3.101
694.645,-1.303,1.615,3.094
694.757,-1.305,1.612,3.089
694.866,-1.306,1.609,3.082
694.977,-1.308,1.607,3.077
695.088,-1.312,1.600,3.073
695.200,-1.315,1.595,3.068
695.311,-1.318,1.591,3.063
695.422,-1.321,1.587,3.060
695.533,-1.321,1.582,3.057
695.644,-1.322,1.577,3.055
695.755,-1.324,1.576,3.053
695.866,-1.326,1.578,3.047
695.977,-1.328,1.580,3.039
696.088,-1.331,1.578,3.033
696.200,-1.334,1.577,3.026
696.311,-1.337,1.572,3.022
696.422,-1.341,1.566,3.019
696.533,-1.345,1.558,3.018
696.644,-1.349,1.550,3.020
696.755,-1.353,1.545,3.023
696.867,-1.356,1.538,3.025
696.977,-1.359,1.534,3.026
697.089,-1.361,1.530,3.027
697.200,-1.362,1.524,3.024
697.312,-1.363,1.520,3.020
697.423,-1.362,1.517,3.013
697.534,-1.361,1.516,3.006
697.646,-1.359,1.516,2.997
697.756,-1.357,1.517,2.984
697.868,-1.352,1.511,2.972
697.979,-1.339,1.498,2.946
698.090,-1.326,1.474,2.900
698.201,-1.315,1.442,2.835
698.312,-1.302,1.409,2.756
698.423,-1.287,1.375,2.680
698.534,-1.265,1.352,2.605
698.645,-1.234,1.343,2.534
698.757,-1.190,1.340,2.467
698.868,-1.147,1.337,2.404
698.979,-1.106,1.336,2.338
699.090,-1.066,1.337,2.271
699.202,-1.025,1.348,2.201
699.312,-0.990,1.366,2.129
699.424,-0.964,1.373,2.047
699.534,-0.938,1.365,1.951
699.645,-0.910,1.353,1.848
699.756,-0.878,1.349,1.745
699.867,-0.842,1.355,1.647
699.979,-0.800,1.371,1.545
700.090,-0.752,1.373,1.450
700.201,-0.703,1.360,1.362
700.313,-0.658,1.342,1.274
700.423,-0.616,1.328,1.179
700.535,-0.575,1.323,1.084
700.646,-0.544,1.327,0.993
700.757,-0.521,1.324,0.909
700.868,-0.495,1.315,0.823
700.979,-0.460,1.303,0.730
701.091,-0.410,1.297,0.640
701.202,-0.348,1.299,0.551
701.313,-0.281,1.301,0.470
701.424,-0.209,1.294,0.405
701.534,-0.139,1.276,0.341
701.646,-0.076,1.260,0.266
701.756,-0.015,1.255,0.188
701.868,0.040,1.260,0.115
701.979,0.073,1.271,0.042
702.091,0.094,1.283,-0.031
702.202,0.124,1.284,-0.107
702.314,0.165,1.275,-0.177
702.427,0.207,1.274,-0.241
702.538,0.244,1.291,-0.302
702.649,0.262,1.306,-0.359
702.760,0.277,1.314,-0.415
702.871,0.280,1.315,-0.473
702.983,0.270,1.312,-0.538
703.094,0.246,1.314,-0.594
703.205,0.215,1.320,-0.630
703.317,0.192,1.329,-0.648
703.428,0.184,1.332,-0.659
703.539,0.190,1.334,-0.667
703.650,0.212,1.332,-0.675
703.761,0.246,1.328,-0.678
703.872,0.285,1.322,-0.675
703.984,0.324,1.314,-0.662
704.095,0.354,1.307,-0.643
704.206,0.373,1.300,-0.626
704.316,0.381,1.298,-0.616
704.428,0.381,1.294,-0.617
704.539,0.373,1.291,-0.623
704.650,0.368,1.284,-0.637
704.761,0.362,1.272,-0.659
704.872,0.343,1.259,-0.684
704.983,0.309,1.244,-0.708
705.094,0.265,1.228,-0.731
705.204,0.220,1.220,-0.757
705.314,0.175,1.211,-0.789
705.425,0.136,1.205,-0.831
705.536,0.115,1.201,-0.882
705.647,0.125,1.204,-0.944
705.759,0.165,1.221,-1.015
705.870,0.218,1.243,-1.081
705.982,0.272,1.264,-1.136
706.092,0.319,1.276,-1.180
706.203,0.349,1.282,-1.206
706.314,0.367,1.281,-1.221
706.426,0.382,1.286,-1.232
706.537,0.412,1.296,-1.240
706.648,0.454,1.292,-1.246
706.760,0.508,1.272,-1.240
706.870,0.564,1.240,-1.218
706.980,0.624,1.210,-1.185
707.092,0.676,1.203,-1.149
707.204,0.717,1.224,-1.102
707.315,0.762,1.264,-1.054
707.426,0.796,1.303,-1.010
707.537,0.813,1.332,-0.964
707.648,0.826,1.363,-0.920
707.758,0.830,1.382,-0.873
707.869,0.819,1.384,-0.835
707.979,0.789,1.383,-0.788
708.090,0.752,1.384,-0.746
708.201,0.713,1.389,-0.705
708.312,0.657,1.395,-0.664
708.422,0.601,1.402,-0.627
708.533,0.568,1.403,-0.598
708.645,0.552,1.406,-0.581
708.756,0.549,1.408,-0.567
708.867,0.552,1.411,-0.556
708.977,0.554,1.417,-0.543
709.088,0.558,1.420,-0.534
709.200,0.564,1.422,-0.527
709.311,0.571,1.426,-0.521
709.422,0.578,1.429,-0.518
709.532,0.584,1.431,-0.516
709.645,0.589,1.433,-0.514
709.754,0.593,1.436,-0.512
709.864,0.597,1.440,-0.511
709.973,0.599,1.442,-0.509
710.079,0.000,0.000,0.000
710.191,0.000,0.000,0.000
710.303,0.000,0.000,0.000
710.415,0.000,0.000,0.000
710.526,0.000,0.000,0.000
710.639,0.000,0.000,0.000
710.749,0.000,0.000,0.000
710.860,0.000,0.000,0.000
710.972,0.000,0.000,0.000
711.083,0.000,0.000,0.000
711.195,0.000,0.000,0.000
711.306,0.000,0.000,0.000
711.417,0.000,0.000,0.000
711.528,0.000,0.000,0.000
711.640,0.000,0.000,0.000
711.751,0.000,0.000,0.000
711.862,0.000,0.000,0.000
711.974,0.000,0.000,0.000
712.085,0.000,0.000,0.000
712.196,0.000,0.000,0.000
712.307,0.000,0.000,0.000
712.419,0.000,0.000,0.000
712.530,0.000,0.000,0.000
712.640,0.000,0.000,0.000
712.752,0.000,0.000,0.000
712.863,0.000,0.000,0.000
712.974,0.000,0.000,0.000
713.087,0.000,0.000,0.000
713.198,0.000,0.000,0.000
713.310,0.000,0.000,0.000
713.421,0.000,0.000,0.000
713.532,0.000,0.000,0.000
713.643,0.000,0.000,0.000
713.754,0.000,0.000,0.000
713.866,0.000,0.000,0.000
713.976,0.000,0.000,0.000
714.087,0.000,0.000,0.000
714.199,0.000,0.000,0.000
714.311,0.000,0.000,0.000
714.421,0.000,0.000,0.000
714.532,0.000,0.000,0.000
714.644,0.000,0.000,0.000
714.755,0.000,0.000,0.000
714.867,0.000,0.000,0.000
714.978,0.000,0.000,0.000
715.090,0.000,0.000,0.000
715.200,0.000,0.000,0.000
715.312,0.000,0.000,0.000
715.423,0.000,0.000,0.000
715.534,0.000,0.000,0.000
715.646,0.000,0.000,0.000
715.756,0.000,0.000,0.000
715.867,0.000,0.000,0.000
715.979,0.000,0.000,0.000
716.090,0.000,0.000,0.000
716.202,0.000,0.000,0.000
716.313,0.000,0.000,0.000
716.423,0.000,0.000,0.000
716.535,0.000,0.000,0.000
716.646,0.000,0.000,0.000
716.757,0.000,0.000,0.000
716.868,0.000,0.000,0.000
716.980,0.000,0.000,0.000
717.091,0.000,0.000,0.000
717.201,0.000,0.000,0.000
717.312,0.000,0.000,0.000
717.424,0.000,0.000,0.000
717.534,0.000,0.000,0.000
717.645,0.000,0.000,0.000
717.755,0.000,0.000,0.000
717.869,0.471,1.423,-0.480
717.976,0.444,1.406,-0.473
718.086,0.415,1.388,-0.456
718.198,0.381,1.374,-0.426
718.309,0.347,1.358,-0.386
718.421,0.309,1.349,-0.339
718.532,0.276,1.356,-0.298
718.644,0.246,1.368,-0.271
718.755,0.213,1.381,-0.251
718.866,0.177,1.390,-0.239
718.976,0.134,1.396,-0.236
719.087,0.086,1.404,-0.239
719.198,0.042,1.414,-0.243
719.310,0.010,1.419,-0.244
719.421,-0.012,1.423,-0.243
719.533,-0.023,1.431,-0.244
719.639,0.000,0.000,0.000
719.751,0.000,0.000,0.000
719.863,0.000,0.000,0.000
719.976,0.000,0.000,0.000
720.087,0.000,0.000,0.000
720.198,0.000,0.000,0.000
720.298,0.000,0.000,0.000
720.409,0.000,0.000,0.000
720.520,0.000,0.000,0.000
720.631,0.000,0.000,0.000
720.743,0.000,0.000,0.000
720.854,0.000,0.000,0.000
720.965,0.000,0.000,0.000
721.076,0.000,0.000,0.000
721.187,0.000,0.000,0.000
721.299,0.000,0.000,0.000
721.410,0.000,0.000,0.000
721.521,0.000,0.000,0.000
721.699,0.000,0.000,0.000
